Shannon_Entropy
1.3921472236645345
2.404678473063571
2.6227336390297045
1.4854752972273344
2.084962500721156
1.9877733714879842
2.3627402784989338
2.284476351041122
2.1174924611847548
1.8954618442383218
1.5304930567574826
2.440223928941852
2.406666316740689
2.0758692966977272
2.469240782172285
1.8464393446710154
1.8954618442383218
2.072905595320056
2.440223928941852
1.721928094887362
2.155968102145908
2.1995812306460647
2.091423021798393
1.8676338909712125
1.924174352300441
2.2516291673878226
2.155968102145908
1.5304930567574824
2.133937566094917
2.1258145836939115
1.808321139047826
2.2359263506290326
2.378991986900062
2.374556048381884
2.161978179679554
2.374556048381884
2.120952031026403
1.5709505944546687
2.117492461184755
1.8879185026711327
0.0
2.3242764617775693
2.1492553971685
2.188721875540867
2.125814583693911
2.0670314951575843
2.133937566094917
1.8919954870390203
2.2988252450030506
2.1416195253341384
2.1174924611847548
1.5304930567574824
2.4410685859554375
2.5701906367554073
1.061278124459133
2.3854752972273343
0.5435644431995964
2.084962500721156
1.6858157091530304
2.125814583693911
0.9219280948873623
0.9910760598382222
1.9473387961875537
0.9910760598382222
2.7201755214643453
1.9709505944546686
2.395972527337491
2.4055359917792947
2.1234786725698864
2.1820058147602133
2.349734087940844
2.515789584174682
1.5304930567574826
2.581943384843649
2.4232196723355077
1.224394445405986
2.577001089397579
2.4200824632751345
2.23345859334435
1.8389205950315937
2.332914563979398
2.188721875540867
2.481714572986073
0.0
2.1280852788913944
2.5232314287976205
1.5709505944546687
2.161978179679554
2.41896119556797
2.4300365325772657
1.224394445405986
2.1102119482193205
2.5016094970590275
2.125814583693911
0.4689955935892812
2.1820058147602133
2.5226203095310216
0.863120568566631
2.375
2.117492461184755
2.117492461184755
2.1889666101343788
2.2995301445670657
2.4410685859554375
2.188721875540867
0.863120568566631
1.7783283537314114
3.163121260435007
2.474240923542068
0.9852281360342515
2.390863696857044
2.1416195253341384
1.867633890971212
2.6709505944546685
2.6488047613281545
2.0349409139562287
2.0758692966977272
2.2892464285091583
2.4719572949894855
2.05632607578088
2.270942421748537
2.1273877651912745
2.2988252450030506
2.199687794731328
1.4466166676282082
2.5424826938097276
2.311278124459133
2.199687794731328
1.4182958340544896
1.4056390622295665
2.4066663167406888
2.3222928046182876
2.3248629576173565
2.3222928046182876
2.3248629576173565
0.9463729359854419
2.42612074684268
2.439353872167201
2.1258145836939115
0.863120568566631
2.0458416408851736
2.259083097957089
2.167893719107328
1.823067982273661
2.4753420809096056
2.125814583693911
2.2954656791802917
1.7841591278514217
2.270942421748537
2.054585169337799
2.4901705703090866
2.679364400909644
1.8843135277997989
2.6192776648870404
2.075869296697727
2.1920058354921066
2.408694969562842
1.6171895725927152
2.1916116417513787
2.35845859334435
2.179350202453772
2.2578560636920493
1.4911148500551854
2.622778347884266
2.054585169337799
2.6848100275039113
2.3206082735595066
2.068096693865725
2.719508336839199
2.5253456211698713
1.584962500721156
2.2737288290053255
0.4854607607459134
2.815460540067162
1.9655962303576022
2.188721875540867
2.1619781796795534
2.418722908066561
1.7841591278514217
2.6420846845804995
2.1559681021459083
2.199687794731328
2.199687794731328
2.708694969562842
2.084962500721156
2.2930266017029326
2.0670314951575843
2.9953598768171066
1.4854752972273344
2.309119945215237
2.6153196182512763
1.7924812503605778
2.183667077920911
1.8250112108241772
2.18950846755862
1.584962500721156
2.6168787315814135
1.9852281360342516
2.161978179679554
2.3720946377956236
2.075869296697727
1.4353713907745331
2.038159681645953
1.56151018873626
1.2987949406953985
2.049452072789394
1.9362600275315274
2.463458298648303
2.5067022155715133
1.760495029766198
2.063458298648303
2.345719283930527
1.8464393446710154
2.1440239107574226
2.5317598090722466
0.9852281360342515
1.789929075309999
2.023219672335508
1.789929075309999
2.305958492868042
2.357600472626353
2.270942421748537
2.10558726169826
2.610625918002233
1.896240625180289
0.5916727785823275
2.702683189255492
1.8843135277997989
2.3329145639793976
2.3531906713383224
2.199687794731328
2.359879028736861
2.0804820237218404
2.500503832755768
1.8250112108241772
2.334209459448049
2.233946664525226
2.4772170014624826
2.1174924611847548
1.867633890971212
2.331802673624286
2.054585169337799
2.9137995646056805
2.270942421748537
2.3050365325772657
0.863120568566631
2.045841640885174
2.161978179679554
2.1820058147602133
1.9508257945180885
2.3787753681456
1.9591479170272446
2.4300365325772657
1.4854752972273344
1.93012496531497
2.4166666666666665
1.9808259362290785
0.8475846798245739
2.4749525415173124
2.4159220638351666
2.48345859334435
1.9591479170272446
2.279799131837405
2.292481250360578
2.161978179679554
2.206238928653389
1.4466166676282082
2.440223928941852
2.6632908081776594
2.8534219255269497
2.5724312513221195
2.352217001462482
1.5709505944546687
1.4911148500551854
1.8328773369500169
2.117492461184755
2.346042184277248
3.209888638014727
1.8073549220576042
2.3261207468426806
1.8702538164316223
2.3329145639793976
1.8230264907128848
2.665428731993502
2.6767370300521325
2.1174924611847548
2.075869296697727
2.2892464285091583
2.256564762130954
1.5709505944546687
2.5253456211698713
2.4885548621928453
2.116299605701696
2.2389205950315936
2.1339375660949167
2.3622094289306608
1.9877733714879842
1.8676338909712125
2.224601752714581
1.9591479170272448
2.2942740671928616
2.3576004726263524
2.188721875540867
1.4056390622295665
2.049452072789394
1.7758589482446405
2.378783493486176
3.034009618924603
1.9898980954642875
2.199687794731328
2.664456303812389
2.188721875540867
2.2608203181716595
2.1258145836939115
1.9877733714879842
1.9877733714879842
1.9473387961875537
2.5580510765444577
2.199687794731328
2.188721875540867
1.561278124459133
2.15887184844536
2.3082708345352603
2.0758692966977272
2.054585169337799
2.3242764617775697
2.2684727516311214
1.9362600275315274
1.4056390622295665
2.332914563979398
2.054585169337799
2.075869296697727
2.188721875540867
0.8841837197791889
1.789929075309999
1.7709505944546688
2.468225731878655
2.312367939321885
1.8344988021472581
2.2837209487134813
2.5591759275284955
2.7382913285445247
2.199687794731328
2.439353872167201
2.219973094021975
2.199687794731328
2.5943609377704333
1.6258145836939115
2.161978179679554
1.4182958340544896
2.3609640474436815
2.2339466645252255
2.0323032427439522
2.103909910282364
2.5560542104133326
2.7328786893420305
2.117492461184755
2.2577560641285177
2.2892464285091583
0.9456603046006401
2.5546831510507397
2.1209520310264027
2.250233690850864
0.5435644431995964
2.2339979078388272
0.5435644431995964
1.5709505944546687
2.120952031026403
2.35274578087187
1.4949188482339508
2.123219672335508
1.8879185026711327
2.120952031026403
1.823067982273661
1.8464393446710154
0.863120568566631
2.045841640885174
1.6437756649328104
2.507045531367429
1.7841591278514217
2.279799131837405
2.605516191543203
2.1416195253341384
2.6399250826114447
2.258407535969719
1.8464393446710154
2.8022791513608314
1.4885252948977485
2.6595347260784035
2.321127473337187
1.4466166676282082
2.3999403074019576
2.149026099395914
1.9508257945180885
2.6284725229522357
1.6922718656836107
2.1967916319816365
2.4692407821722844
1.9751060324573733
1.0
2.5117374334224665
2.188721875540867
2.8010332553205646
1.0
1.7841591278514217
0.9912642605354288
2.3082708345352603
2.270942421748537
2.4885548621928453
2.2988252450030506
1.5692016899005172
2.270942421748537
2.289246428509158
2.084962500721156
2.4995443056081315
1.8954618442383218
1.4911148500551858
2.4191133005120027
2.3395722619867225
2.0758692966977272
2.469240782172285
1.8464393446710154
1.8954618442383218
1.5304930567574826
2.440223928941852
1.721928094887362
2.3395722619867225
2.0758692966977272
2.469240782172285
1.8464393446710154
1.8954618442383218
1.5304930567574826
2.440223928941852
2.3395722619867225
2.0758692966977272
2.469240782172285
1.8464393446710154
1.8954618442383218
1.5304930567574826
2.440223928941852
2.2988252450030506
2.3395722619867225
2.0758692966977272
2.469240782172285
1.8464393446710154
2.498929563690935
1.8954618442383218
2.327632809290636
2.440223928941852
2.0758692966977272
2.469240782172285
1.8464393446710154
1.8954618442383218
1.5304930567574826
2.440223928941852
2.3395722619867225
2.0758692966977272
2.469240782172285
1.8464393446710154
1.8954618442383218
1.5304930567574826
2.440223928941852
1.721928094887362
2.3395722619867225
2.0758692966977272
2.469240782172285
1.8464393446710154
2.498929563690935
1.8954618442383218
2.327632809290636
2.440223928941852
1.721928094887362
2.406666316740689
2.359879028736861
1.9362600275315274
1.5304930567574824
2.084962500721156
1.3921472236645345
2.48345859334435
2.57733240884972
1.7295739585136223
2.3329145639793976
2.4193819456463714
2.33012496531497
0.39124356362925566
2.1812056673346514
1.4911148500551854
1.4854752972273344
2.6081020701914808
1.7295739585136223
2.209888638014727
2.054585169337799
1.9709505944546688
1.9219280948873623
0.4689955935892812
2.5282129458410014
2.0758692966977272
2.0758692966977272
2.1055872616982603
2.1055872616982603
2.224601752714581
2.217021885879718
2.224601752714581
2.217021885879718
1.8210319581338212
1.8210319581338212
2.2098886380147267
2.2098886380147267
1.3516441151533922
2.4980775466236413
1.3516441151533922
2.4980775466236413
1.823067982273661
2.3329145639793976
1.823067982273661
2.3329145639793976
2.406666316740689
2.359879028736861
1.9362600275315274
1.5304930567574824
2.084962500721156
2.406666316740689
2.359879028736861
1.9362600275315274
1.5304930567574824
2.084962500721156
2.199687794731328
2.199687794731328
2.199687794731328
1.3609640474436813
2.4331958387289765
1.3609640474436813
2.4331958387289765
2.2892464285091583
2.2892464285091583
2.1800365325772657
2.199687794731328
1.874329425616622
2.1735572622751853
2.188721875540867
1.2987949406953985
1.9508257945180885
2.452819531114783
2.075869296697727
1.8230679822736608
1.8676338909712125
2.049452072789394
1.9877733714879842
1.9715936758374515
1.8676338909712125
2.049452072789394
1.9877733714879842
2.08282985618071
2.2318867280513808
2.2389205950315936
2.0930692077718898
2.2051099000738694
1.7219280948873623
1.2776134368191154
3.1260984244818073
2.212503842372268
1.8810947601100747
1.950212064914747
1.99891573303371
2.127986806877675
2.188721875540867
2.103909910282364
1.8879185026711327
2.4138338639736006
2.2988252450030506
2.575588697084778
2.117492461184755
2.2588718484453603
1.6457113704075788
2.8490035006916363
0.863120568566631
2.10845859334435
2.2988527261581813
2.188721875540867
1.823067982273661
2.2254128972590443
2.117492461184755
2.022715823275322
2.5239860659612976
2.161978179679554
2.396782221599798
2.365596230357602
2.3630741894285694
2.256276752027749
2.41896119556797
2.128085278891394
2.5724312513221195
0.0
2.1559681021459074
2.4056390622295662
2.311278124459133
2.332914563979398
2.5157895841746822
1.9219280948873623
2.4834585933443494
2.3107857391187046
2.234753878813055
2.5837465215041644
2.35845859334435
1.650022421648354
2.288019280279689
2.049452072789394
2.3071885761626687
2.084962500721156
2.46820447246606
1.9591479170272448
2.3828560636920493
2.2892464285091583
1.224394445405986
2.406666316740689
2.514250367752241
2.3648017623873074
2.6294817080809567
0.9852281360342515
2.5153510691205123
2.3329145639793976
1.2677702161044204
0.9055872616982603
2.1686216933854743
2.1416195253341384
2.0972444899122604
2.2810361125534233
2.4682044724660606
1.8498687225851778
1.3603059777020794
2.3696966890447024
2.125
2.751610325528167
2.038159681645953
2.563215692534584
2.292481250360578
2.3991303913908
2.186278124459133
2.146782221599798
1.215533232382473
2.332914563979398
2.5227400452149484
2.504693420829141
2.054585169337799
2.0687942075658454
2.1339375660949167
2.3244093931715555
2.188721875540867
2.1416195253341384
2.260820318171659
1.3110022671212271
2.0948567835487384
2.146782221599798
2.422579761842491
1.3609640474436813
0.0
1.8339272176418302
2.30827083453526
1.3709505944546687
2.1619781796795534
2.3787834934861753
2.084962500721156
2.7464645644232903
2.1820058147602133
2.5827936132549505
2.188721875540867
2.4159220638351666
2.224601752714581
2.161978179679554
2.263809173883546
2.663532754804254
2.2750883842138996
2.4390886774122498
2.8110378683422783
2.2988252450030506
2.199687794731328
2.436278124459133
1.3516441151533922
2.382856063692049
2.1339375660949167
2.395998870534841
2.288019280279689
2.6724876891689533
2.483424337840619
2.5268692507157446
2.5282129458410014
2.1258145836939115
2.270942421748537
1.5709505944546684
2.1174924611847548
1.5304930567574826
2.2987949406953985
1.7924812503605778
2.406666316740689
2.4662478973127313
2.054585169337799
2.643314758340638
2.8374058114255174
2.117492461184755
2.1967916319816365
2.1258145836939115
2.2987949406953985
2.315738006876835
2.5580510765444573
2.523986065961298
2.322756958897399
2.3355055565170972
2.9854638906517152
2.324862957617356
1.7229712791784753
2.365596230357602
1.224394445405986
0.0
1.855388542207534
2.1043866573732015
1.9500637564362102
2.415922063835166
2.075074223172834
2.746261437095948
2.1836670779209113
1.9362600275315274
2.23161225581642
1.9887513942845323
2.4863286677871854
2.3151277160800037
1.8230264907128848
1.9362600275315274
2.199687794731328
2.4211274733371866
1.3221793455166666
2.038159681645953
2.054585169337799
2.0670314951575843
1.0
2.3329145639793976
2.4066663167406888
2.282588730501833
2.25
2.022579761842491
2.188721875540867
1.8464393446710154
0.954434002924965
1.8553885422075338
1.6577427265048887
1.7732143550933814
1.295461844238322
2.33012496531497
1.5709505944546687
2.327632809290636
2.4202776983278502
2.608110893491817
2.3144908557451114
1.5219280948873621
1.9591479170272446
2.2333901696636165
2.0458416408851736
0.9709505944546686
2.3716287152428546
1.2957378005380122
1.823067982273661
2.148834854280917
2.103909910282364
2.365596230357602
2.389898095464287
2.2988252450030506
2.2544475789720946
1.207518749639422
1.7924812503605778
1.6627992560224794
1.6163485660751646
1.8904774309701482
1.6854752972273346
2.1822287189138017
2.148834854280917
1.8676338909712125
0.0
2.604162526001659
2.155968102145908
2.4633663427540564
1.7527152789797047
2.3720946377956236
2.161978179679554
2.125814583693911
2.58877918559175
2.375
2.188721875540867
2.378783493486176
2.5935346841684104
2.4633663427540564
1.9219280948873623
2.5701906367554073
2.188721875540867
2.327632809290636
2.3745560483818835
2.0202442071537563
2.117492461184755
2.125814583693911
1.5394847569315018
2.35274578087187
2.217021885879718
1.5
2.4185698503282906
1.7758589482446405
2.327632809290636
2.545999197128142
2.4232196723355077
2.6472103113389793
2.3068905956085186
2.125814583693911
1.8553885422075338
1.5545851693377997
1.9362600275315274
1.2304244196889744
1.34796645396881
2.436414669315459
2.1820058147602133
2.327632809290636
2.256908989558354
1.914341183612352
2.4713514709233393
2.4232196723355077
1.224394445405986
2.544876086303668
1.8452178053170998
2.7527152789797045
2.1280852788913944
2.1258145836939115
2.199687794731328
2.1492553971684996
2.6414460711655217
1.8919954870390203
2.188721875540867
2.574418313907282
2.084962500721156
1.9329145639793979
2.270942421748537
2.5272077403659856
2.270942421748537
2.4633846523503107
2.6030741894285696
2.049452072789394
2.6550505394177746
1.6858157091530304
2.270942421748537
1.8005915111771855
1.863120568566631
2.188721875540867
1.8553885422075338
2.054585169337799
2.3677441766885825
2.1174924611847548
2.054585169337799
2.2389205950315936
1.867633890971212
0.954434002924965
2.7428246923615065
1.061278124459133
2.1429146733542535
2.8054711124955385
1.9709505944546688
2.5306390622295662
2.1619781796795534
1.789929075309999
2.3068905956085186
2.038159681645953
1.561278124459133
2.0458416408851736
1.7709505944546688
2.332914563979398
2.1820058147602133
1.6258145836939115
2.3531906713383224
2.103909910282364
2.20662940295404
2.054585169337799
2.192005835492107
2.5662362455041787
2.365957320949175
1.867633890971212
2.4267169896450365
1.6858157091530304
2.2577560641285177
2.332914563979398
2.2577560641285177
2.188721875540867
2.188721875540867
2.038159681645953
2.084962500721156
1.061278124459133
2.835931554139645
1.2158749624422407
1.3346791410515946
2.36910348037298
2.3528449740496917
2.663532754804254
1.9591479170272446
2.188721875540867
2.1887870678023824
2.8585552118703146
2.6261207468426804
2.3071885761626687
2.064042639445697
1.8676338909712125
2.3627343843337187
3.06818194698418
1.8464393446710154
2.155913095175825
2.1735572622751858
2.161978179679554
2.439268146254097
2.2825887305018333
1.5219280948873621
2.365596230357602
2.2988252450030506
2.1920058354921066
3.1026365462320284
2.6530559073332753
2.699354053171264
2.4092672522514684
2.575588697084778
2.188721875540867
1.9508257945180885
2.8000446184790095
1.6736887464408166
2.7254805569978675
2.188721875540867
2.5220552088742005
2.188721875540867
1.9473387961875537
2.4875555180168556
2.0349409139562287
1.7903093997008197
2.710079167957944
2.2988252450030506
2.4056390622295662
2.188721875540867
2.188721875540867
0.954434002924965
2.396782221599798
2.188721875540867
2.8309276978411986
2.4355205042826666
1.7987343707067043
2.3071885761626687
2.1800365325772657
2.484255144794799
2.5857066974010072
2.149397470347699
2.188721875540867
1.7609640474436812
2.149397470347699
2.1258145836939115
1.8464393446710154
1.4854752972273344
2.7324637247241337
2.4189370883802
2.4583573964968237
1.792481250360578
1.9410969370497069
2.188721875540867
2.5724312513221195
2.5828765043125568
1.9628066316931743
2.6724876891689533
2.5130606498308463
1.841673479476989
2.1055872616982603
2.4225797618424916
2.6531259823611513
1.6143180698290447
2.7136874387933565
2.6923291847781257
3.1150496777656036
2.188721875540867
2.182321322410861
2.270942421748537
2.561211300864365
2.4410685859554375
1.8419171866886992
2.4543745628489164
2.760834632454116
2.3071885761626687
1.6171895725927152
1.402993418443045
2.188721875540867
1.9877733714879842
2.48345859334435
2.5440240964819503
2.188721875540867
2.2577560641285177
2.563866339507544
2.389898095464287
2.321127473337187
2.2389205950315936
1.9219280948873623
2.217021885879718
2.2577560641285177
2.469240782172285
2.1477309221191607
2.3659573209491747
1.5394847569315018
1.061278124459133
2.4924349660447924
2.439353872167201
2.1258145836939115
0.863120568566631
2.378783493486175
2.125814583693911
2.2256051990169436
2.360964047443681
2.0865861558952363
2.660641988942312
1.2776134368191154
1.7273966735744792
2.199687794731328
1.3601488736931509
3.192870516635899
1.3563703988662144
2.1179631753145163
1.9746017527145812
1.9182958340544893
2.2389205950315936
2.1887870678023824
2.4632431204148593
1.9591479170272446
1.5465935642949382
1.5709505944546687
2.0670314951575843
1.0
2.592850131858461
1.4466166676282082
2.438721875540867
1.4355205042826666
2.0461796919474975
2.2062389286533897
2.60845859334435
2.152439983737665
2.075869296697727
1.7609640474436812
2.188721875540867
2.188721875540867
2.0758692966977272
2.460904932167797
2.0922718656836103
1.0
2.94329866977135
1.7841591278514217
2.139353872167201
2.5763523635787307
2.337019353315419
2.1535654389463628
1.823067982273661
1.950212064914747
2.188721875540867
2.5556869591509246
1.882045108136862
1.9591479170272446
2.8033133043725513
2.084962500721156
1.295461844238322
2.2830741894285698
2.413562990986787
2.084962500721156
1.8230679822736608
2.378783493486176
2.5709505944546684
2.339261065733564
3.0779243618231384
2.054585169337799
0.954434002924965
1.924174352300441
2.217021885879718
1.5262349099495225
2.470197042940652
1.7987949406953985
2.4767476871883964
1.991076059838222
1.2901208527411523
1.7709505944546688
2.1162996057016965
2.270942421748537
1.8879185026711327
2.133937566094917
2.0
2.5341591278514217
1.8294732983598407
2.562983608256596
2.463366342754057
2.565957320949175
2.2987949406953985
1.7219280948873623
2.374556048381884
2.146465798504072
2.1339375660949167
2.413132465170739
2.270942421748537
2.188721875540867
2.2389205950315936
1.7709505944546688
2.084962500721156
2.389758003492557
1.9068905956085187
2.054585169337799
2.375
2.263809173883546
1.9362600275315274
2.188721875540867
2.4516084941043093
2.6469633013224234
2.987386625190374
1.3709505944546687
2.1179631753145163
2.3355055565170972
2.349601752714581
1.8919954870390203
2.148834854280917
1.9591479170272446
2.69087626903375
2.406666316740689
2.436278124459133
2.0729055953200564
1.9211854965885544
2.491967413403466
2.217021885879718
2.1619781796795534
2.133937566094917
2.4980775466236413
2.528378262772749
2.2758361633051267
2.2787875981356116
1.224394445405986
2.0
1.9591479170272446
2.541019446207271
3.065967171692948
2.054585169337799
2.4922031072054134
0.9852281360342515
2.161978179679554
1.0
2.396782221599798
2.188721875540867
2.35274578087187
1.3485878960124222
2.365596230357602
1.8542858719872461
2.720128777433188
2.1996877947313282
1.5726236638951638
2.1339375660949167
2.557727778739319
2.0849625007211565
2.586887840995814
1.4355205042826666
1.6737949406953985
2.2261207468426805
0.6343095546405662
2.3787834934861753
0.8658566174572235
1.7295739585136223
2.1258145836939115
2.4305946180235427
2.332914563979398
1.6140054628542202
1.5605187584273001
2.4370658315190226
2.4772170014624826
2.0545851693377997
2.4633663427540564
2.327632809290636
2.661315277401236
2.2806390622295662
0.9980008838722996
1.561278124459133
2.8314018453921723
1.8892464285091581
2.271782221599798
1.8250112108241772
2.440404017720928
1.9997566408674696
1.789929075309999
2.257756064128518
2.382856063692049
1.9591479170272446
0.0
2.2942740671928616
1.5709505944546687
1.9473387961875537
2.7824156286861546
2.3686261817380037
2.331164445867128
1.5304930567574824
1.9362600275315274
2.4237949406953985
1.7695459925589747
2.4225797618424916
1.683240358011977
1.780672129520887
2.605291205226145
1.3250112108241772
0.954434002924965
2.199687794731328
2.038159681645953
2.651502640872873
2.209888638014727
2.380430487800112
1.9508257945180885
2.4066663167406888
2.0662478973127314
2.0524212838293643
3.0980685120588385
2.1179631753145163
2.188721875540867
2.2389205950315936
2.084962500721156
2.3515937233487554
1.4355205042826666
2.188721875540867
1.95006375643621
2.35274578087187
2.049452072789394
2.133937566094917
1.9877733714879842
1.9591479170272446
0.5916727785823275
2.407430022880617
1.7709505944546688
2.0027283226039927
2.256908989558354
2.6755957776053108
1.6858157091530304
2.1440239107574226
2.1735572622751853
2.6098222851438173
2.209888638014727
1.9669171866886992
0.9975025463691153
2.5005478250578475
2.233946664525226
2.1887218755408666
1.6858157091530304
2.389898095464287
2.1609640474436813
2.641249800455479
2.188721875540867
2.037934648348863
2.125814583693911
1.964896616825635
2.102187170949333
2.0993603054723997
2.0758692966977272
2.274397470347699
2.592850131858461
1.0540157730728
1.8616776594855922
2.563865121950854
2.260820318171659
1.3628504699855937
1.9091717851902883
2.188721875540867
1.3921472236645345
2.038159681645953
2.7136874387933565
2.270942421748537
0.8112781244591328
0.8112781244591328
2.776724800062121
1.4854752972273344
1.6171895725927152
2.565445018842856
2.145451399311646
2.5990795706241747
2.7516103255281665
2.2414460711655217
2.2916246995606815
1.3921472236645345
2.3991303913908
1.8676338909712125
2.526280481683624
2.2544475789720946
1.6854752972273346
1.2932019370674834
0.954434002924965
2.382856063692049
1.9219280948873623
2.1735572622751853
2.7136874387933565
2.4193819456463714
2.4079610319175835
2.3523037954930768
1.8250112108241772
1.6858157091530304
0.9852281360342515
2.41896119556797
1.4353713907745331
1.9056390622295662
2.5868878409958143
2.56698758313887
2.7393538721672006
1.8585552118703144
2.4164997849817103
2.270942421748537
2.577819531114783
1.9182958340544893
1.9219280948873623
2.5249449750847117
1.8954618442383218
2.103909910282364
2.1995812306460643
2.188721875540867
2.9393486129540656
2.374556048381884
2.289246428509158
2.2892464285091583
2.2133161604336076
0.0
2.517405811425518
2.188721875540867
2.4056390622295662
2.188721875540867
0.0
2.2577560641285177
2.049452072789394
2.078491674029184
2.3545084932801306
1.6729330318733675
2.5249449750847117
2.748471333066727
2.188721875540867
2.1040437177782714
0.0
2.224601752714581
1.896240625180289
2.103909910282364
2.5577174691301483
2.188721875540867
2.379878829162988
2.5940800818605814
1.5058762556041068
2.533775615611495
1.867633890971212
2.5949066182439386
2.8553885422075336
1.9591479170272448
2.2458389387454223
2.133937566094917
1.5709505944546684
2.1892869761976885
2.180083517610572
2.1025549500369345
2.6377817203140177
1.9219280948873623
2.188721875540867
2.054585169337799
2.0849625007211565
0.9182958340544896
2.5843031793467124
2.548563436032399
2.360964047443681
2.7184499401156104
1.295461844238322
2.130926080730337
2.23345859334435
1.8380267541624737
1.867633890971212
1.9197367178034825
0.9463729359854419
2.479573958513622
1.867633890971212
1.4182958340544896
2.2698157169987727
2.504800382982336
2.1258145836939115
2.5041514963786065
2.0
1.8553885422075338
2.1920058354921066
2.120952031026403
2.2098886380147267
1.6854752972273346
2.161978179679554
2.4650694618158373
2.3329145639793976
1.789929075309999
1.8810947601100747
2.125814583693911
2.440223928941852
1.9219280948873623
1.7743974703476992
2.1273877651912745
2.387918502671133
2.188721875540867
2.3329145639793976
1.4056390622295665
2.2987949406953985
2.1339375660949167
2.199687794731328
1.9219280948873623
2.296636697410334
2.0461796919474975
1.4854752972273344
2.5839259400536587
2.0461796919474975
2.3523479118118216
2.0458416408851736
1.9877733714879842
1.789929075309999
2.196791631981637
1.5465935642949382
2.665957320949175
2.188721875540867
2.3395722619867225
2.73215889136457
2.446616667628208
2.084962500721156
1.565596230357602
1.3221793455166666
2.4466166676282084
1.7534343861887849
2.3329145639793976
2.133937566094917
2.2389205950315936
2.406666316740689
2.2389205950315936
2.4584538292330587
2.3248629576173565
1.9219280948873623
2.406666316740689
2.359879028736861
1.9362600275315274
1.5304930567574824
2.084962500721156
1.6854752972273344
2.6318326080427985
2.2608203181716595
2.41896119556797
2.1280852788913944
2.4828887343025685
2.54515219719895
0.9709505944546686
2.5935220318541274
2.3671114697796742
2.103909910282364
2.6213526136130225
2.298852726158181
2.263809173883546
2.4598133844416337
2.4830067805200744
2.103909910282364
1.584962500721156
1.584962500721156
2.472905595320056
2.0418145155018155
1.823067982273661
2.585475297227334
1.8810947601100747
2.2987949406953985
2.8661219237893887
2.188721875540867
2.4508257945180887
2.454700698427713
2.459813384441633
1.8810947601100745
2.1209520310264036
2.345719283930527
2.199687794731328
2.199687794731328
2.8302250103998587
1.5416892248400094
2.4225797618424916
1.3609640474436813
2.1258145836939115
2.116299605701696
2.462867147080762
2.075869296697727
2.488785591776994
2.117492461184755
2.188721875540867
2.188721875540867
2.4772170014624826
1.4056390622295665
2.146782221599798
1.7055872616982604
2.075869296697727
2.2359263506290326
2.345719283930527
1.8339272176418302
2.188721875540867
2.125814583693911
2.462867147080762
2.375
2.1258145836939115
2.311278124459133
1.896240625180289
2.202819531114783
2.3068905956085186
2.271782221599798
2.378783493486176
1.8879185026711327
1.7709505944546688
1.922023142851573
2.0741647430225756
1.9751060324573733
2.1464657985040723
1.7469152532855432
1.532914563979398
0.0
1.5
2.452819531114783
2.5
2.5827936132549505
2.48345859334435
1.896240625180289
2.3071885761626687
2.199687794731328
0.6500224216483541
2.161978179679554
2.188721875540867
2.589518302689536
2.5943609377704338
1.6140054628542202
2.6803556809237614
1.9220231428515733
1.9219280948873623
2.117492461184755
2.161978179679554
2.177694271103767
2.2806390622295662
2.368018169797748
1.224394445405986
2.365062381295304
2.8178078478288042
2.1258145836939115
1.8751310486364097
1.9362600275315274
2.1619781796795534
0.9852281360342515
1.789929075309999
2.644462784366856
2.404889451733241
2.4156614701917634
2.925289214059754
2.1174924611847548
2.0349409139562287
2.1416195253341384
2.790270257403898
2.0349409139562287
2.1416195253341384
2.3804304878001115
1.9473387961875537
1.789929075309999
2.421825553483072
2.3230469204323274
2.1040437177782714
2.325331460128806
2.9901794754004447
2.0587462305923774
2.5388942151318528
2.1219022493979436
2.495461844238322
2.399397470347699
1.9473387961875537
2.484255144794799
2.3959988705348416
2.103909910282364
2.463366342754057
2.33822191859112
1.8810947601100747
0.5435644431995964
2.2577560641285177
2.418722908066561
1.9182958340544893
1.7219280948873623
2.9288587345650736
2.209888638014727
2.199687794731328
1.8585552118703144
2.4066663167406888
2.217021885879718
2.699823855410188
2.209888638014727
1.8230264907128848
2.8758494743010163
2.3068905956085186
2.4683033079372745
2.1559681021459083
2.404678473063571
2.614369445886757
1.9709505944546686
2.5841837197791886
1.9473387961875537
1.3567796494470397
2.084962500721156
2.2577560641285177
2.6755957776053108
1.9990298316961874
2.9107500420453385
1.224394445405986
2.016875695766564
2.271782221599798
1.1567796494470395
2.4049073493961193
2.33012496531497
2.045841640885174
2.1258145836939115
2.038159681645953
2.422579761842491
1.0
2.2322628970242686
1.3609640474436813
2.57882039287438
2.4748917178498933
2.270942421748537
1.8230264907128848
2.2861404209760474
1.892161150798107
1.780672129520887
2.465069461815837
2.1339375660949167
2.2272170014624826
2.054585169337799
2.155968102145908
1.789929075309999
2.054585169337799
2.188721875540867
1.061278124459133
1.8879185026711327
2.439268146254097
1.384431504340598
2.4594316186372973
1.561278124459133
2.0461796919474975
2.129567987418323
2.1266144718101816
2.2544475789720946
2.322756958897399
2.2661327481842335
2.4086949695628417
2.075869296697727
1.66231881450997
1.4488156357251847
2.1820058147602133
1.9877733714879842
2.125814583693911
2.4623495650177687
2.340649479884821
2.1619781796795534
2.225605199016944
1.5709505944546687
2.271782221599798
2.4973419908730565
2.3935823097180298
3.122764717808251
2.4159220638351666
2.199687794731328
2.2516291673878226
1.061278124459133
1.061278124459133
2.1258145836939115
2.9857403650296335
2.3248629576173565
2.2987949406953985
2.5073801024236353
2.6061376606679536
2.82584593404075
2.1566333532404145
2.0350849518197798
2.1339375660949167
0.6500224216483541
1.8085947862963576
2.6209089148599083
1.9591479170272446
2.188721875540867
2.6158045319402516
2.4300365325772657
2.740183100677781
2.1339375660949167
2.022579761842491
2.161978179679554
2.0349409139562287
2.0922718656836103
2.1258145836939115
2.5583878200436176
1.9732285161344474
2.6153196182512763
1.6854752972273346
2.2202895764172954
0.0
0.9852281360342515
2.436278124459133
2.054585169337799
1.41379956460568
1.4355205042826666
1.5304930567574826
1.6266888497018317
1.7609640474436812
2.3432578733442675
2.5246850668814873
2.574164743022575
2.1819370635467044
2.188721875540867
2.435273644142942
1.9591479170272448
1.9709505944546686
2.460904932167797
1.2406705316766884
2.365596230357602
1.4854752972273344
2.217021885879718
2.5868878409958143
2.3522170014624826
1.4466166676282082
2.622733639029705
2.375
1.584962500721156
2.258633691197924
2.5206267624076384
2.446439344671015
2.4305946180235427
2.602217001462482
2.702940087321047
1.8879185026711327
1.584962500721156
1.5760875253642985
1.5058762556041068
2.6086949695628423
2.276929658423764
1.5709505944546687
1.9219280948873623
2.274397470347699
2.5253456211698713
1.224394445405986
2.130926080730337
2.528212945841002
1.6729330318733675
1.9219280948873623
2.117492461184755
2.5903672786934906
2.2607845582978525
2.3991303913908
2.332914563979398
0.0
2.522620309531022
2.855279393101204
2.6414460711655217
2.075074223172834
0.0
2.188721875540867
1.8828560636920488
2.33012496531497
2.5306390622295662
0.6500224216483541
2.2444745298554536
2.169925001442312
2.199687794731328
2.1258145836939115
2.408345218534724
2.365596230357602
1.8763576394898522
2.786035498760508
2.117492461184755
2.636175003505865
2.1174924611847548
2.040223928941852
2.256908989558354
1.9473387961875537
2.390468570732828
1.8339272176418302
2.054585169337799
2.188721875540867
2.4232196723355077
0.0
1.9877733714879842
2.389898095464287
2.107735252622104
1.789929075309999
2.399397470347699
2.5
0.954434002924965
2.2389205950315936
2.188721875540867
2.5480766631025427
1.8585552118703144
1.5709505944546687
2.2359263506290326
2.218542602257215
2.5423289894137593
2.084962500721156
1.2406705316766884
2.4193819456463714
2.6589934152538057
2.5239860659612976
2.158379489725165
1.0
2.359256433399675
2.4211274733371866
2.603705823036686
2.1887218755408666
2.354550226546896
2.65282575549396
1.8512268158971916
1.4466479595102752
2.523231428797621
2.6274906310814994
2.0545851693377997
2.5282129458410014
2.217944441199822
2.5445313041488333
2.1812056673346514
1.9208400567041235
1.9508257945180885
0.0
1.8230264907128848
2.6067393540153203
0.0
1.9627598117971012
2.477217001462482
2.1961054356564604
2.188721875540867
2.378783493486176
2.1739731346044096
1.970124740700467
2.054585169337799
2.188721875540867
2.1735572622751853
1.061278124459133
1.5304930567574824
1.9362600275315274
1.8919954870390203
2.125814583693911
2.133937566094917
1.6143308351592656
1.823067982273661
1.0529815751302694
2.133937566094917
2.199687794731328
2.2825887305018333
2.199687794731328
1.5545851693377997
2.161978179679554
2.217021885879718
1.8585552118703144
2.1266144718101816
2.2988252450030506
2.125814583693911
2.075869296697727
2.0922718656836103
2.2184136076931384
2.758791160181724
2.125814583693911
2.2825887305018333
2.424835634986198
2.511805132461788
2.8254782343079636
2.735694273223656
2.049452072789394
1.8542858719872461
2.5136459293583706
2.4159220638351666
2.188721875540867
2.351593723348755
2.311278124459133
2.2577560641285177
2.5157895841746822
1.561278124459133
1.9362600275315274
2.038159681645953
2.424835634986198
2.399397470347699
2.199687794731328
1.4833557549816874
2.217021885879718
2.839215333504909
2.23345859334435
2.128085278891394
2.270942421748537
2.8111279338087587
1.7709505944546688
2.523986065961297
2.075869296697727
2.054585169337799
2.6727178574323402
2.6572682296173897
2.2673668341785036
2.5328092225092504
2.4308437684823567
2.74090183463926
2.2544475789720946
2.714651922876369
1.7709505944546688
1.9473387961875537
2.4449270445415845
2.25
2.270942421748537
2.223829217379574
2.648175594806832
1.6505565761847156
2.7209407037125004
1.0
1.4355205042826666
1.9591479170272446
2.3068905956085186
1.295461844238322
1.207518749639422
2.482617092008512
2.260820318171659
2.3242764617775693
2.521782221599798
1.7219280948873623
2.4404040177209283
2.3745560483818835
1.95006375643621
2.697338796187554
2.1774212838293647
2.5766212201074916
2.009503136240296
2.3342564252133498
2.247084753917085
1.5219280948873621
2.2343783242001254
2.1054105870684143
2.1055872616982603
2.4677648376739314
2.064042639445697
2.2892464285091583
1.3609640474436813
2.289246428509158
1.896240625180289
2.389898095464287
2.188721875540867
1.4056390622295665
2.502598068247261
1.8776402831734211
2.199687794731328
2.0349409139562287
2.2280722251069975
2.365596230357602
2.0458416408851736
2.396782221599798
1.9877733714879842
2.270942421748537
2.2988252450030506
1.669180336866731
2.2856005389623073
2.5503407095463877
2.5724312513221195
2.389898095464287
2.1266144718101816
2.2892464285091583
1.9591479170272448
2.117492461184755
1.8810947601100745
2.045841640885174
1.6140054628542204
2.188721875540867
1.9808259362290785
2.4830067805200744
1.8585552118703144
2.125814583693911
2.531453645923478
2.4834585933443494
2.23345859334435
1.9751060324573733
1.780672129520887
1.945530556036326
2.8699100232740657
1.5219280948873621
1.584962500721156
2.3395722619867225
1.8676338909712125
2.9204150930784682
2.4683180659500623
2.084962500721156
2.1619781796795534
1.9772354454083079
2.054585169337799
2.4464393446710155
2.002443082045921
0.9000224216483541
2.1765345275371923
2.5306390622295662
2.580503832755768
1.8843135277997989
2.0545851693377997
2.3699100232740657
1.9591904234199458
2.075869296697727
2.3921472236645345
1.789929075309999
2.1405180562767114
1.789929075309999
2.1405180562767114
2.274397470347699
2.199687794731328
1.789929075309999
1.8843135277997989
2.279799131837405
2.328942282124713
1.5709505944546684
1.8751310486364092
2.084962500721156
2.2892464285091583
2.1774212838293647
2.0207277798007865
2.430832051224084
1.3921472236645345
1.7273966735744792
1.3921472236645345
1.3921472236645345
1.3921472236645345
1.3921472236645345
2.452819531114783
1.5306189948485172
1.4466166676282082
2.1819370635467044
2.6382975702780196
1.5492111247114508
1.789929075309999
1.7609640474436812
2.4703255391900414
2.610063540877072
2.40400975732486
2.0182155146751497
1.4353713907745331
2.217021885879718
2.199687794731328
2.1995812306460647
2.1258145836939115
2.054585169337799
1.9508257945180887
2.4397981900809884
2.128085278891394
2.4577085465241812
1.5726236638951638
2.038159681645953
2.4659573209491747
2.7344518194827176
1.789929075309999
2.460904932167797
2.332914563979398
1.6854752972273346
2.103909910282364
1.5304930567574824
2.3432578733442675
2.4477979600193267
1.9502120649147467
1.3609640474436813
1.8464393446710154
1.789929075309999
1.4784401528810396
2.0708501495695995
2.188721875540867
2.4423944864836833
2.77062906936394
2.992693196767833
2.2309943059178585
2.262824692361507
2.35845859334435
1.9362600275315274
2.4410685859554375
2.3745560483818835
1.9591479170272446
2.0306358203121344
2.766361005653999
2.2988252450030506
2.3329145639793976
1.8919954870390203
2.3454372523105547
1.8250112108241772
1.7924812503605778
2.084962500721156
2.0131324651707385
1.9197367178034825
0.863120568566631
2.2577560641285177
1.9182958340544893
2.430832051224084
2.49860053069482
1.9591904234199458
1.4466166676282082
1.9709505944546686
1.867633890971212
2.8244984515601637
2.529272461418905
2.1416195253341384
2.7527152789797045
2.188721875540867
1.4056390622295665
2.084962500721156
2.117492461184755
1.9219280948873623
2.7808589355000475
1.4591479170272448
1.789929075309999
2.616687224327087
1.867633890971212
2.289246428509158
2.4139119513005474
2.6203255425432155
2.9835143497166805
2.3545084932801306
2.9385400412082454
2.1820058147602133
1.5058231002082845
1.8339272176418302
2.188721875540867
2.389898095464287
2.5249449750847117
2.117492461184755
1.7609640474436812
2.270942421748537
2.6828173151210213
1.9709505944546686
1.7295739585136223
2.199687794731328
2.513645929358371
2.510056460356539
0.8112781244591328
2.103909910282364
2.239097917988786
0.0
2.188721875540867
2.361646052480564
1.9709505944546686
1.8954618442383218
2.2856005389623073
2.1735572622751858
2.474601752714581
2.1609640474436813
1.5709505944546687
2.0741647430225756
2.399397470347699
2.452819531114783
1.9709505944546686
2.4662478973127313
2.199687794731328
0.5032583347756457
2.2988252450030506
0.9852281360342515
2.594081423424793
1.7609640474436812
0.8112781244591328
1.3917601481809734
2.188721875540867
2.6158045319402516
1.8585552118703144
2.188721875540867
2.209556147485661
2.646240625180289
1.6143308351592656
2.41896119556797
2.0202442071537563
2.161978179679554
1.1567796494470395
2.188721875540867
2.084962500721156
2.257856063692049
2.1995812306460647
2.040223928941852
1.4911148500551858
1.5545851693377994
1.9591479170272446
2.1735572622751853
2.4022921890824147
1.8810947601100747
2.161978179679554
2.199687794731328
1.061278124459133
1.7709505944546688
1.5709505944546687
1.6767370300521325
1.4466166676282082
2.415922063835167
2.188721875540867
2.0202442071537563
2.270942421748537
1.789929075309999
2.1258145836939115
2.133937566094917
2.1820058147602133
1.8323895098109495
2.5634606841964276
2.188721875540867
2.363865121950854
2.665957320949175
2.402673613114323
2.7055872616982604
2.0225797618424917
2.41896119556797
1.9211854965885542
0.0
2.2892464285091583
2.279799131837405
2.197159723424149
2.199687794731328
2.1258145836939115
2.1559681021459083
2.038159681645953
2.084962500721156
2.6688388898504303
1.823067982273661
1.584962500721156
2.2577560641285177
1.9591479170272446
2.034709089239382
1.8585552118703144
2.188721875540867
2.3404514287124565
0.0
2.3995372250875984
2.5048003829823355
2.188721875540867
2.199687794731328
1.224394445405986
1.7283333718146277
2.403856189774724
2.1280852788913944
2.563865121950854
2.8320672443525936
2.7431369495004096
2.6212913946422485
2.217021885879718
2.215695143751562
2.064042639445697
2.202819531114783
2.0294069451656007
2.202819531114783
1.4182958340544896
2.1735572622751853
1.4182958340544896
2.1735572622751853
1.4182958340544896
2.1735572622751853
1.6140054628542204
2.1735572622751853
2.0294069451656007
2.202819531114783
2.0294069451656007
2.1735572622751853
1.4182958340544896
2.7217062775743135
1.4182958340544896
2.1735572622751853
2.392277173072062
2.3305576533947314
2.392277173072062
2.6081816167087406
2.392277173072062
2.392277173072062
2.6900616179453087
2.538265568787485
2.6245041956660793
2.038159681645953
1.8118063542168128
2.263809173883546
2.379370261888742
0.954434002924965
2.217021885879718
1.6644977792004614
1.780672129520887
1.867633890971212
2.084962500721156
2.188721875540867
2.1339375660949167
2.2662649802318
2.5946694353352617
1.8262452584026092
2.188721875540867
1.896240625180289
2.188721875540867
2.462349565017769
0.0
2.279799131837405
2.679936085369394
1.4854752972273344
1.896240625180289
1.9591479170272446
1.5166422780956523
2.7829034986587358
2.2312702546075758
2.2479275134435857
2.546846589342404
2.981464856747655
2.288019280279689
0.9910760598382222
2.2892464285091583
2.1339375660949167
1.9713352853069812
1.6729330318733675
1.867633890971212
2.4300365325772657
1.9591479170272446
2.0922718656836103
2.411509198419911
2.8848336354825994
2.270942421748537
2.4237949406953985
2.3318237529915216
1.7709505944546688
2.054585169337799
2.637918502671133
1.4854752972273344
2.1492553971685
1.3485878960124222
2.5261207468426803
2.188721875540867
1.7534343861887849
1.8676338909712125
2.5172018025827265
2.161978179679554
2.372966377227965
2.206238928653389
1.9508257945180885
2.2485731395538666
2.0458416408851736
1.789929075309999
2.542328989413759
2.605091054934494
2.41896119556797
2.188721875540867
1.3567796494470397
2.372094637795624
2.7274994758509155
2.4164997849817103
2.188721875540867
2.054585169337799
2.5306390622295662
2.3248629576173565
1.8828560636920488
1.9709505944546686
1.4591479170272448
2.515789584174682
2.206238928653389
2.147348781633051
2.161978179679554
2.188721875540867
2.099601752714581
1.4355205042826666
2.202819531114783
2.3655962303576024
1.9362600275315274
2.2988252450030506
2.125814583693911
2.4864580716281224
2.1868085945630504
3.0693368142750197
2.3787834934861753
2.0349409139562287
1.9115339911368305
1.3516441151533922
1.8676338909712125
1.5709505944546684
2.3393538721672007
2.4477979600193267
1.7244078178625923
1.6282202760321465
2.0131324651707385
1.224394445405986
2.114713031115756
2.5508395912046127
2.0349409139562287
1.896240625180289
1.789929075309999
1.9362600275315274
1.7382689280764647
1.8322488896002307
0.5489544344250401
2.4982965889303155
2.103909910282364
0.863120568566631
1.9591479170272446
2.802292189082414
2.1416195253341384
2.3003980873087997
2.256564762130954
2.072905595320056
2.054585169337799
2.4300365325772657
2.369696689044702
2.500503832755768
2.117492461184755
2.533020192448045
1.3709505944546687
1.5709505944546687
2.133937566094917
2.327632809290636
2.199687794731328
2.3715335947907836
2.1179631753145163
2.2947720006885386
1.8919954870390203
2.3299574748443264
1.9591479170272446
2.270942421748537
2.849026060062826
2.4300365325772657
1.7219280948873623
2.3921530325775926
2.3592564333996746
2.188721875540867
2.188721875540867
2.3655962303576024
2.217021885879718
2.33012496531497
1.224394445405986
2.415661470191763
2.365596230357602
2.271782221599798
2.3179508276569885
1.6258145836939115
2.440223928941852
2.7333330526810657
1.0892300788425848
0.5916727785823275
2.202819531114783
1.9166422780956522
1.3567796494470397
1.8322488896002305
2.1735572622751853
2.0922718656836103
1.0
2.040223928941852
2.1416195253341384
1.9877733714879842
2.2389205950315936
2.4300365325772657
2.038159681645953
2.1258145836939115
2.257756064128518
2.133937566094917
2.054585169337799
2.274397470347699
2.5232314287976205
1.295461844238322
2.5654483718208256
2.282588730501833
2.399397470347699
2.1887870678023824
2.411509198419911
0.8812908992306927
1.061278124459133
1.8879185026711325
2.054585169337799
2.188721875540867
2.6158045319402516
2.48345859334435
2.406666316740689
2.5051230440172545
2.188721875540867
2.188721875540867
2.406666316740689
2.52473261568954
2.440223928941852
2.592850131858461
2.0438096010281543
1.9508257945180885
2.7720552088742005
2.038159681645953
2.440223928941852
1.7489992230622806
2.188721875540867
2.2969420215486434
2.5712075973838218
2.575011836262629
2.516150648454355
0.0
0.0
0.0
2.3003980873087997
2.5046934208291405
2.382856063692049
1.8676338909712125
2.47834596772504
2.4410685859554375
2.9071418462378227
2.39207883297832
1.584962500721156
2.354550226546896
2.224601752714581
2.214812224859865
2.7979726722030507
2.3522170014624826
1.8073549220576042
2.4477979600193267
1.584962500721156
2.6227783478842652
1.9362600275315274
1.4949188482339508
1.9182958340544896
3.03413059124823
1.4256051990169438
1.6140054628542204
2.39207883297832
1.5510981710072647
2.2806390622295662
1.870253816431622
2.655050539417774
2.199687794731328
2.282588730501833
1.9362600275315274
2.217021885879718
2.4659573209491747
2.4225797618424916
2.270942421748537
1.4911148500551854
2.6103587520460643
2.190984173265412
2.196957186327418
1.8879185026711327
1.4733000295584044
2.439268146254097
0.8343470230852538
2.084962500721156
2.125814583693911
2.332914563979398
2.2825887305018333
2.188721875540867
2.188721875540867
2.256908989558354
0.9852281360342515
2.148834854280917
2.581651954850272
2.279799131837405
1.867633890971212
2.2389205950315936
2.199687794731328
0.9864267287308424
2.8096220466514708
2.2750849518197795
2.495838938745422
2.625374863146037
2.279799131837405
2.1280852788913944
2.546631615393778
2.3749589477025563
2.704986855772667
2.0132790219068077
2.256564762130954
1.950212064914747
1.5545851693377997
1.6171895725927152
2.279799131837405
2.1619781796795534
1.6767370300521325
1.4466166676282082
1.9591479170272448
2.217021885879718
2.188721875540867
0.6500224216483541
3.0129665265669683
2.395998870534841
0.863120568566631
2.1174924611847548
2.2988252450030506
2.3248629576173565
2.084962500721156
2.33901192379001
2.4772170014624826
2.054585169337799
2.217021885879718
2.103909910282364
1.760495029766198
2.125
2.049452072789394
2.30827083453526
2.3248629576173565
1.4854752972273344
2.128085278891394
2.436278124459133
3.3281696855896317
2.2988252450030506
2.339572261986723
2.064042639445697
2.217021885879718
2.422579761842491
0.9219280948873623
2.1737949406953985
1.877387064296613
1.5304930567574826
1.5709505944546684
1.9877733714879842
2.206238928653389
1.0
2.4402239289418524
2.0349409139562287
0.9709505944546686
1.8676338909712125
2.5629218774306404
2.406666316740689
1.781937063546704
2.399397470347699
1.760495029766198
2.4685463540765222
2.4487931850511737
2.1995812306460647
2.516503889409431
2.6546362150986234
2.271782221599798
2.188721875540867
0.0
2.374269898814006
1.6854752972273346
2.224601752714581
2.270942421748537
2.074164743022575
1.867633890971212
1.6854752972273346
2.4677266293116094
2.271782221599798
1.6858157091530304
1.4854752972273344
2.199687794731328
2.4572233719122107
1.9473387961875537
1.584962500721156
0.9910760598382222
2.378783493486175
2.1887870678023824
3.2244590766017893
2.8439681690390657
2.3016094970590273
1.896240625180289
2.1440239107574226
2.815196458469447
2.375
1.9362600275315274
2.263809173883546
2.2577560641285177
2.378991986900062
1.9219280948873623
2.359879028736861
1.9628066316931743
1.676737030052133
2.188721875540867
2.350209029099897
2.3627402784989338
2.4178561135066152
1.4466166676282082
2.1812056673346514
2.498929563690935
2.6464393446710153
2.2584598927441624
0.5435644431995964
2.41896119556797
2.5957484671748796
1.8895782867502309
2.064042639445697
2.6086949695628423
0.0
2.270942421748537
0.9182958340544896
2.1556390622295662
2.4233412768431513
0.9910760598382222
1.823067982273661
0.0
1.9728434744438172
2.4679360295889174
1.656174830439973
2.084962500721156
1.2866926683547546
1.7609640474436812
2.125814583693911
2.1258145836939115
2.3584585933443494
2.075869296697727
0.0
1.9508257945180885
1.6171895725927152
2.4885548621928453
2.565445018842856
2.8427711239150413
2.3003980873087997
2.019240704636849
0.7732283485249176
2.763865121950854
1.4466166676282082
2.779545176033036
2.5531652632461412
2.2516291673878226
2.5996659733039564
1.9591479170272446
2.485475297227334
2.5273518144449936
2.133937566094917
2.301578993436299
1.9709505944546688
2.472905595320056
1.867633890971212
1.8464393446710154
2.2988252450030506
1.8919954870390203
1.867633890971212
1.6767370300521325
2.1339375660949167
1.9211854965885542
2.1996877947313282
1.8230264907128848
1.6894822670191825
2.199687794731328
2.2577174691301485
2.2516144718101816
2.5337712560645573
1.0
0.6500224216483541
2.199687794731328
2.199687794731328
2.510056460356539
2.565445018842856
2.4729055953200563
2.3695710038552735
3.2068769450837005
2.005977711423774
1.9751060324573733
2.125814583693911
2.188721875540867
2.127986806877675
2.196791631981637
1.789929075309999
1.99829757027802
2.3551140003645252
2.374556048381884
1.8339272176418302
2.3082708345352603
1.6171895725927152
2.2516291673878226
2.1258145836939115
2.1800365325772657
2.125814583693911
2.133937566094917
1.584962500721156
2.161978179679554
2.120952031026403
1.7609640474436812
2.2825887305018333
2.311278124459133
1.823067982273661
1.4911148500551858
2.279799131837405
1.584962500721156
1.8638263900908156
2.2322628970242686
2.270942421748537
2.1258145836939115
1.8879185026711327
2.9335799038605614
1.9362600275315274
2.4896023149705013
2.460904932167797
1.8954618442383218
0.9182958340544896
2.084962500721156
2.177694271103767
2.4402239289418524
1.9362600275315274
2.063458298648303
2.18680859456305
2.573299547780996
2.217021885879718
2.3696966890447024
2.2189525276288586
1.6258145836939115
1.6640331805250057
1.860738138021465
2.327632809290636
2.810505175282214
2.2825887305018333
2.513131786553473
2.1174924611847548
2.8792489698826964
2.6061376606679536
2.116299605701696
2.395998870534841
2.077819531114783
2.4650694618158373
3.011344008712305
2.075869296697727
1.746465798504072
1.789929075309999
2.327632809290636
0.863120568566631
1.9007868342468637
2.2868156750835835
2.382856063692049
2.228212945841001
1.789929075309999
2.199687794731328
2.256564762130954
2.4092672522514684
2.251614471810182
2.306890595608519
2.4164997849817107
0.0
2.747102475960114
1.7709505944546688
1.9362600275315274
2.171879780726823
1.061278124459133
2.2748850192268226
0.7642045065086203
0.7732283485249176
2.171360087495807
2.2577560641285177
0.863120568566631
2.4193819456463714
0.863120568566631
1.871602261409798
2.5996659733039564
1.9591479170272448
2.188721875540867
2.125814583693911
2.224394445405986
2.35845859334435
2.1258145836939115
1.914341183612352
2.2272170014624826
2.4687304374117938
0.0
0.0
2.3248629576173565
1.4849113480322524
0.6500224216483541
2.3238933564675994
1.8919954870390203
2.493541090353655
2.4410685859554375
2.1179631753145163
2.917188642118005
2.4982965889303155
2.199687794731328
1.6258145836939115
1.7841591278514217
2.224601752714581
1.295461844238322
2.3715335947907836
2.390455517192677
0.0
2.0349409139562287
2.64446264692423
2.0274893113295236
2.084962500721156
2.6073677344280917
2.188721875540867
2.441068585955438
1.7734668317945952
2.3532946968877244
2.103909910282364
2.4387439204017474
1.8464393446710154
2.3516441151533924
1.0
1.9877733714879842
2.346439344671015
1.5465935642949382
2.1049443190073633
2.3715335947907836
1.5304930567574826
2.188721875540867
2.1209520310264036
2.0670314951575843
1.3921472236645345
2.5785519909913264
1.5709505944546687
2.399397470347699
1.8256810541556123
2.266270436896047
2.161978179679554
2.3830482158337265
0.9182958340544896
2.4232196723355077
1.4466166676282082
2.424835634986198
2.6219280948873624
1.965596230357602
2.688427569821472
2.064042639445697
2.3522170014624826
2.199687794731328
2.446616667628208
2.188721875540867
1.9473387961875537
1.9591479170272446
2.4477979600193263
2.452819531114783
2.4295470687111558
1.7334834339268832
2.1774212838293647
1.789929075309999
2.5403601354413774
2.465069461815837
2.3584585933443494
2.4211274733371866
2.064042639445697
2.740503832755768
1.676737030052133
2.4584538292330596
2.5804820237218404
3.183551804433325
2.125814583693911
1.896240625180289
2.3242764617775693
1.9473387961875537
2.040223928941852
2.1556390622295662
1.4854752972273344
2.271782221599798
1.8496017527145812
2.045841640885174
2.049452072789394
1.9591479170272446
2.199687794731328
2.0458416408851736
2.3677946899553195
1.650022421648354
2.054585169337799
2.054585169337799
1.721928094887362
1.8585552118703144
2.3253314601288055
1.8496017527145814
2.707282064282346
2.701375755906049
2.452819531114783
2.440404017720928
1.823067982273661
1.9591479170272446
2.1690354219421173
1.295461844238322
1.5924914175403326
1.5709505944546684
1.789929075309999
2.084962500721156
1.561278124459133
1.3244602933016414
1.896240625180289
2.3432578733442675
2.542683189255492
1.8585552118703144
1.9927781074599387
2.2987949406953985
2.3695710038552735
2.755123044017255
2.349601752714581
1.7884504573082893
2.2988252450030506
2.4477979600193267
2.3360253406140252
1.6858157091530304
2.2577560641285177
2.8305595508363814
2.603975726610715
2.3706993328423067
2.612152473802108
2.3671006757770066
2.163209593736385
2.5032583347756456
2.90144963262962
2.263809173883546
2.506144066853198
2.054585169337799
2.188721875540867
2.0930692077718898
2.0989295636909353
1.9744667176617656
1.9362600275315274
2.5580510765444573
1.895461844238322
2.054585169337799
2.3898980954642877
2.3248629576173565
2.199687794731328
2.35274578087187
2.3991303913908
2.3655962303576024
2.5575876602558645
2.3745560483818835
2.899062536259512
0.0
2.161978179679554
1.7709505944546688
2.1887218755408666
2.186278124459133
2.181937063546704
1.9879788990352445
2.416666666666667
2.4973633337652386
2.1266144718101816
1.4182958340544896
2.6812645483606103
2.2806390622295662
2.633634682143077
1.6137129703673825
2.368681608963656
2.210161461575296
0.9182958340544896
1.8230264907128848
2.5046934208291405
2.021782221599798
1.6854752972273346
1.8850931455708966
1.8464393446710154
2.396782221599798
2.4834585933443494
2.1258145836939115
2.1258145836939115
2.5274955437916096
1.6143308351592656
2.3208020839342964
2.5440240964819507
2.7732698037311416
2.3353836207645444
2.609781905680102
2.1280852788913944
2.054585169337799
1.823067982273661
1.5058762556041068
2.6531259823611517
0.3809465857053901
1.5
2.0550365325772657
0.863120568566631
1.5709505944546687
1.6171895725927152
2.054585169337799
2.1416195253341384
2.3522170014624826
2.678031708493046
2.319973094021975
2.0049355947431313
2.238875959390825
1.4299111709758698
2.4806821149663847
2.75091413287584
2.217021885879718
1.8262452584026092
2.045841640885174
2.1055872616982603
2.0225797618424917
2.188721875540867
2.655968102145908
2.1258145836939115
2.188721875540867
2.1258145836939115
1.224394445405986
1.8262452584026092
2.60845859334435
2.125814583693911
2.161978179679554
2.378991986900062
2.148834854280917
2.117492461184755
1.5394847569315018
2.469240782172285
2.0545851693377997
2.460904932167797
2.188721875540867
1.8773870642966133
2.484255144794799
2.188721875540867
2.3355055565170972
2.0758692966977272
1.573402452417767
0.5916727785823275
2.1887870678023824
2.784567094075591
2.465076031862108
2.0545851693377997
2.041814515501815
1.7709505944546688
2.263809173883546
2.7406015629507228
2.2577560641285177
2.396782221599798
2.217021885879718
1.7219280948873623
0.8112781244591328
1.6258145836939115
2.271160508189932
1.0
2.5061440668531976
1.914341183612352
1.854285871987246
2.6158045319402516
2.199687794731328
2.074164743022575
2.375
2.3248629576173565
1.9948414446449676
2.1774212838293647
2.30827083453526
2.285694614725999
2.1258145836939115
1.7295739585136223
2.594906618243939
2.1967916319816365
0.9852281360342515
1.9698110652780971
1.5709505944546687
2.365596230357602
1.9709505944546686
2.4251185503571393
2.1258145836939115
2.8024761511814753
1.93012496531497
1.275162982784857
1.6858157091530304
2.4662478973127313
2.188721875540867
1.962806631693174
2.011920928594794
2.054585169337799
2.2280722251069975
2.5253456211698713
2.748700218698984
1.8843135277997989
2.465069461815837
1.896240625180289
1.9591479170272446
0.863120568566631
2.621928094887362
2.649397470347699
2.054585169337799
2.603386675328775
2.2987949406953985
2.084962500721156
1.7609640474436812
2.4193819456463714
2.5306390622295662
1.9473387961875537
2.359879028736861
2.1174924611847548
2.125814583693911
1.8824373408045867
2.365596230357602
2.2806390622295662
2.3248629576173565
2.382856063692049
2.311278124459133
2.103909910282364
1.6858157091530304
2.6864194113487736
1.9877733714879842
2.3244093931715555
2.3942811477133947
2.1258145836939115
2.1079637556972086
1.5304930567574824
2.332914563979398
2.146782221599798
2.1258145836939115
2.4409601660660836
2.503258334775645
1.7609640474436812
2.5352694109407437
1.5304930567574826
1.823067982273661
2.52122509496961
1.6729330318733675
2.1556390622295662
2.3068905956085186
2.5294881142662007
2.262824692361507
1.9219280948873623
2.188721875540867
1.2319817814011402
2.161978179679554
2.1066031370644747
2.732558716732783
1.789929075309999
2.5025980682472606
2.540534109342369
2.084962500721156
0.9182958340544896
2.3787834934861753
1.9591479170272446
2.1055872616982603
2.5306390622295662
0.0
2.5090275125326515
2.6641465961811663
1.749636557720882
2.2543569415088887
2.209888638014727
2.1735572622751853
1.3567796494470397
1.7841591278514217
2.523231428797621
2.6752655491931363
2.195461844238322
1.9219280948873623
0.5032583347756457
1.295461844238322
2.332914563979398
2.444524223628301
2.253553208956351
1.7609640474436812
2.054585169337799
2.1258145836939115
1.870253816431622
0.0
1.5709505944546687
2.2569089895583545
1.9709505944546686
2.2025459616189687
2.1887870678023824
2.365596230357602
2.1258145836939115
1.4056390622295665
2.188721875540867
2.1258145836939115
2.377443751081734
2.146782221599798
1.9362600275315274
2.2359263506290326
2.359879028736861
1.789929075309999
2.5791722720787553
1.8250112108241772
2.270942421748537
2.30827083453526
1.9751060324573735
2.188721875540867
2.1258145836939115
0.863120568566631
2.295465679180292
1.224394445405986
2.188721875540867
1.4355205042826666
2.380430487800112
2.3935823097180293
2.188721875540867
2.556656707462823
2.120952031026403
1.9669171866886992
2.8460505604498376
2.0545851693377997
2.2577560641285177
1.8919954870390203
2.365596230357602
1.0
1.6140054628542202
2.2988252450030506
1.2389012566026305
2.133937566094917
2.133937566094917
2.3220847276178658
2.4237949406953985
2.3244093931715555
2.519079570624174
2.2830741894285698
2.054585169337799
2.6385592597639778
1.867633890971212
2.263809173883546
2.4138338639736006
2.4159220638351666
1.6143308351592656
2.3830003913062843
2.1967916319816365
2.4402239289418515
2.0545851693377997
2.3745560483818835
2.188721875540867
2.209888638014727
2.209888638014727
2.5705981190900795
1.7709505944546688
2.474601752714581
1.7709505944546688
2.6793652793002187
1.9508257945180885
2.4703255391900414
2.1405180562767114
2.3973349103525243
2.040223928941852
2.2988527261581813
1.789929075309999
1.3921472236645345
2.0349409139562287
2.188721875540867
1.7232314287976207
2.125814583693911
2.188721875540867
2.0670314951575843
1.1699698555658615
2.274397470347699
1.9143411836123523
2.584262225315332
2.7419675877797305
2.7729244557748216
2.194118149113065
2.130926080730337
2.406666316740689
2.2806390622295662
2.049452072789394
2.4103330981336
2.0545851693377997
2.3301249653149703
2.064042639445697
2.351593723348755
2.2988252450030506
2.8059197880818156
1.9362600275315274
2.4300365325772657
1.3709505944546687
0.7642045065086203
2.0922718656836103
2.1258145836939115
2.3835616043900343
2.161978179679554
1.9591479170272446
2.8585552118703146
2.054585169337799
2.199687794731328
2.406666316740689
2.007856063692049
2.380430487800112
2.199687794731328
2.3003980873087997
1.965596230357602
2.188721875540867
2.217021885879718
1.9362600275315274
0.5916727785823275
1.561278124459133
0.5916727785823275
2.7841837197791888
0.6500224216483541
2.365596230357602
2.5253456211698713
2.1820058147602133
2.390455517192677
2.1820058147602133
2.183754831923921
2.366079445682285
2.120952031026403
2.350209029099897
1.9591479170272446
2.304923606596762
2.5996659733039564
1.1567796494470395
1.224394445405986
2.365596230357602
1.7709505944546688
1.9473387961875537
2.2684727516311214
2.4685463540765222
2.536608254391499
2.4268193111659015
2.084962500721156
2.349601752714581
1.789929075309999
2.2399351903050047
2.1581047637021826
2.1054105870684143
2.1416195253341384
2.35845859334435
2.609822285143817
2.0458416408851736
1.8294732983598407
2.375
2.8973384774992623
1.4056390622295665
1.7381493331928664
2.4248356349861977
2.6480702569172987
1.9877733714879842
2.2806390622295662
2.0202442071537563
1.789929075309999
2.188721875540867
1.8585552118703144
1.0
2.5255490855036324
1.9219280948873623
2.2527936308491303
1.914341183612352
1.6457113704075788
2.587504346796978
1.3361602543738118
2.6294817080809567
2.074164743022575
1.3921472236645345
2.331802673624286
1.56560173299672
1.8954618442383218
1.780672129520887
1.2406705316766884
2.7061791510257165
2.125814583693911
2.320075382754602
2.3898980954642877
2.3242764617775693
2.0922718656836103
2.3522170014624826
1.8553885422075338
0.8658566174572235
2.1280852788913944
1.9709505944546686
2.591793226077496
2.1735572622751853
2.199687794731328
2.2988252450030506
2.35274578087187
1.5219280948873621
2.2987949406953985
2.2609640474436814
2.117492461184755
1.9219280948873623
2.1258145836939115
2.7806721295208874
2.6153196182512763
2.188721875540867
1.6858157091530304
2.601125010956985
2.339261065733564
0.6500224216483541
1.9362600275315274
2.339572261986723
2.7131243840367336
2.6107482339528834
1.0
2.0989295636909353
1.8464393446710154
2.469240782172285
2.2256051990169436
2.4885548621928453
2.5004147094495113
2.4832156925345843
2.4380546909157212
0.8112781244591328
2.4748917178498933
2.614369445886757
2.6577174691301484
2.084962500721156
2.3898980954642877
2.288019280279689
2.487555518016855
2.2322628970242686
2.5046934208291405
2.3921472236645345
2.199687794731328
1.5709505944546687
2.439005517604766
2.774693951646702
2.2810361125534233
2.215347275584621
1.3310979448748697
2.3353836207645444
2.2806390622295662
1.0
2.2272170014624826
2.0741647430225756
2.390863696857044
2.4752174082884655
2.33012496531497
2.1174924611847548
2.129567987418323
2.4225797618424916
1.7219280948873623
2.567695623347898
2.133937566094917
2.188721875540867
2.199687794731328
2.378783493486176
2.263809173883546
2.1179631753145163
2.054585169337799
2.3787834934861753
2.1416195253341384
2.199687794731328
1.5709505944546684
2.345719283930527
1.9591479170272446
2.188721875540867
1.7295739585136223
2.6897981900809884
1.2406705316766884
2.601868091051551
2.6254412102790026
2.8112314304963326
1.456564762130954
0.8812908992306927
2.6897981900809884
2.4012254643251465
0.5916727785823275
2.1820058147602133
1.9386790169573505
2.084962500721156
2.084962500721156
2.2577560641285177
0.0
2.1920058354921066
1.7709505944546688
2.48345859334435
2.35845859334435
2.3804304878001115
2.8515358426884014
1.9913828082626621
2.6693721485946105
1.584962500721156
2.372094637795624
0.6500224216483541
2.2987949406953985
2.270942421748537
2.220429781138912
2.492203107205413
2.389898095464287
2.0419460322060456
1.950212064914747
1.7219280948873623
2.565445018842856
1.8073549220576042
0.28639695711595625
2.317950827656989
2.263809173883546
2.2577560641285177
2.054585169337799
2.117492461184755
2.35274578087187
1.9219280948873623
2.5232314287976205
1.6258145836939115
2.0930692077718898
2.075869296697727
0.9456603046006401
2.5946694353352617
1.1221136771091087
2.206848248513506
2.1967916319816365
1.8464393446710154
2.107735252622104
1.3516441151533922
1.5709505944546684
2.1353503825268683
0.9910760598382222
2.505123044017255
1.4466166676282082
1.5709505944546687
2.3003980873087997
2.8322628970242687
2.563865121950854
2.4300365325772657
2.155968102145908
2.6660563421790617
0.0
2.353190671338322
2.2499125667627466
2.1820058147602133
2.5025980682472606
2.1920058354921066
2.2825887305018333
2.2322628970242686
2.8443067754867633
2.4056390622295662
2.096822633626531
2.472905595320056
2.6623788844554572
2.492445131143149
2.3305576533947314
2.399627536341357
2.3305576533947314
2.392277173072062
2.3305576533947314
2.4569885365913753
2.575955569410602
2.490132639101286
2.5903672786934906
2.0902465950779754
2.263809173883546
2.4767967526855204
0.954434002924965
2.399397470347699
2.217021885879718
2.5749519590759005
2.453161482525489
2.4954618442383216
1.676737030052133
2.757316940906389
2.3220847276178658
2.861602861813529
2.0550365325772657
1.8024212838293647
1.4466166676282082
1.0
1.7961985262760973
1.6894822670191825
2.188721875540867
2.199687794731328
2.4159220638351666
1.9852281360342516
2.4474015047059146
2.6636894428057927
2.5100564603565387
2.2577560641285177
2.460904932167797
2.7383956146970463
1.721928094887362
2.117492461184755
2.270942421748537
2.3248629576173565
1.9591479170272446
2.35274578087187
0.9852281360342515
2.365596230357602
1.896240625180289
2.396782221599798
3.0952425303426154
1.9746017527145812
1.9274512249645188
2.038159681645953
0.9852281360342515
0.5225593745369408
1.867633890971212
2.3068905956085186
1.5304930567574824
2.569258485661211
1.9751060324573735
2.3564924137968237
1.061278124459133
1.5
2.216917186688699
2.133937566094917
1.7381493331928664
1.5156546557441946
2.389097655573916
1.9508257945180885
0.7424875695421236
0.0
2.103909910282364
2.188721875540867
2.2684727516311214
2.4164997849817103
2.2806390622295662
2.8129030794117043
1.8802408149441479
2.422579761842491
2.075869296697727
2.3718956694089637
1.9362600275315274
1.823067982273661
2.642292189082415
2.515789584174682
2.075869296697727
2.4056390622295662
2.5755886970847777
1.6183941088363927
1.823067982273661
1.9508257945180885
1.7381493331928664
2.133937566094917
2.699082295352821
2.541019446207271
2.3248629576173565
2.1174924611847548
2.128085278891394
2.481714572986073
2.684560814286289
2.289246428509158
2.5592416232246857
2.2816696599988733
1.7841591278514217
2.2516144718101816
2.1174924611847548
2.084962500721156
2.411509198419911
1.7219280948873623
2.1735572622751853
2.4789990674205957
2.188721875540867
2.0534426554859957
2.054585169337799
2.4410685859554375
1.8250112108241772
2.038159681645953
2.4440807559565068
1.2448406699719212
2.0387027575261962
2.2339466645252255
1.4466166676282082
2.1607047528877827
2.4824590687023713
2.7008910609537953
1.3520301017579528
1.7695459925589747
1.7295739585136223
0.7732266742876346
1.7758589482446405
0.5435644431995964
1.7381493331928664
2.655775892805317
2.5218221688567297
2.125814583693911
2.5211274733371867
2.803215692534584
0.0
2.4918638711352497
2.369696689044702
2.188721875540867
2.161978179679554
2.492878689342031
2.1405180562767114
2.3718956694089632
2.1258145836939115
2.1405180562767114
2.3718956694089632
2.1258145836939115
2.188721875540867
2.469240782172285
2.188721875540867
2.4662478973127313
1.8954618442383218
2.049452072789394
0.0
0.0
0.9912642605354287
2.103909910282364
1.9362600275315274
2.2577560641285177
2.103909910282364
1.4466166676282082
2.411509198419911
2.149397470347699
1.9879788990352445
2.7747691103709164
2.6688388898504303
2.3143122207033873
2.895461844238322
1.8419171866886992
2.1887870678023824
1.7841591278514217
0.0
0.0
2.188721875540867
2.3576039891860257
2.565445018842856
2.3522170014624826
2.1258145836939115
2.117492461184755
2.380430487800112
2.3556079021517613
1.789929075309999
1.9591479170272446
2.2577560641285177
2.188721875540867
2.1258145836939115
1.3378828801986753
1.8230264907128848
2.161978179679554
1.5709505944546687
1.9709505944546686
2.054585169337799
2.9953598768171066
1.4854752972273344
1.4182958340544896
1.950212064914747
2.292071752457787
2.6168787315814135
2.086817885722588
1.9214804607802791
2.498077546623641
0.9910760598382222
2.506702215571513
2.1800365325772657
0.9219280948873623
2.064042639445697
2.270942421748537
2.3960360230060216
2.1258145836939115
2.655653347393332
2.4508459973898566
2.5868878409958143
0.9864267287308424
2.2256108145207376
2.0323648030057373
1.9709505944546686
2.0741647430225756
2.4834585933443494
2.753918758180346
2.4772170014624826
1.8879185026711325
2.351644115153392
2.5996659733039564
2.5600289361122233
1.9508257945180885
2.517226962994476
1.5709505944546687
1.584962500721156
2.217021885879718
2.2251852797155727
2.274397470347699
2.399397470347699
2.2892464285091583
0.6500224216483541
2.830602115145806
2.3082708345352603
2.5423289894137593
2.5157895841746822
2.2988252450030506
2.752733436352641
2.270942421748537
2.1954618442383222
1.8919954870390203
2.267117875964918
2.4584538292330587
2.495461844238322
1.867633890971212
1.0
2.3436069348649426
2.7676461209612233
2.2389205950315936
2.6061376606679536
1.7709505944546688
1.8542858719872461
1.7709505944546688
2.188721875540867
1.867633890971212
2.084962500721156
2.188721875540867
2.3898980954642877
2.1800365325772657
2.760964047443681
1.9508257945180885
2.35274578087187
2.1339375660949167
1.4949188482339508
1.0
2.199687794731328
2.1209520310264036
2.077819531114783
2.4516751615432373
2.945920110288862
2.556054210413333
1.780672129520887
2.498929563690935
1.4800836951874476
1.9910760598382224
2.0131324651707385
2.263809173883546
2.188721875540867
1.823067982273661
1.9362600275315274
2.3515937233487554
2.562150327193788
1.6258145836939115
2.320423374953668
2.41896119556797
1.8810947601100747
1.5485806065228545
2.439353872167201
2.084962500721156
2.6126502330422663
2.5868878409958143
2.359879028736861
1.061278124459133
2.0458416408851736
2.209888638014727
1.6858157091530304
2.362873780133517
2.7899290753099995
2.623705563421668
2.382856063692049
2.256564762130954
0.5032583347756457
2.199687794731328
2.199687794731328
2.186278124459133
0.8658566174572235
1.7609640474436812
2.5599980083563523
1.8919954870390203
1.9591479170272446
1.789929075309999
2.199687794731328
1.5219280948873621
0.8453509366224364
2.125814583693911
2.188721875540867
2.4867930213024025
2.133937566094917
2.041814515501815
2.1920058354921066
2.0741647430225756
2.5538676556741233
2.0922718656836103
2.2389205950315936
1.823067982273661
2.054585169337799
2.472905595320056
2.161978179679554
2.1766352793034835
2.3522170014624826
2.289246428509158
2.2810361125534233
2.5634425677041555
1.7381493331928664
2.2125038423722683
2.4705570854766368
1.8585552118703146
2.527607301917491
2.256650413125812
1.7244078178625923
2.498077546623641
2.5157895841746822
2.488785591776994
1.9898980954642875
1.8498687225851778
2.0458416408851736
2.5785519909913264
2.5994839817876882
2.2477309221191604
1.5465935642949382
2.197159723424149
2.0201866968442483
0.0
2.422579761842491
2.045841640885174
2.557727778739319
2.064042639445697
2.084962500721156
2.565445018842856
2.7522484129394535
1.9591479170272446
2.270942421748537
0.5435644431995964
2.2577174691301485
2.149026099395914
1.896240625180289
1.9591479170272448
2.367111469779674
1.8676338909712125
1.6729330318733675
2.384426918808
1.5485806065228545
2.6906993328423066
2.472905595320056
1.9362600275315274
2.1174924611847548
1.5709505944546687
2.415922063835167
2.1607047528877827
1.584962500721156
2.438823199926508
2.6600626560826672
2.4225797618424916
2.406666316740689
2.374556048381884
2.3898980954642877
2.054585169337799
1.789929075309999
1.823067982273661
2.368681608963656
2.3360253406140252
1.9197367178034823
1.3092966682370037
2.2856005389623073
2.103909910282364
2.2577560641285177
2.1295679874183233
2.35274578087187
2.054585169337799
2.270942421748537
2.3248629576173565
1.896240625180289
2.038159681645953
2.133937566094917
2.720128777433187
2.463366342754057
2.2603555297522187
2.6031579868725987
1.9852281360342514
1.957939355321115
1.573402452417767
1.0834189322427712
2.125814583693911
2.3659248732117817
2.1179631753145163
2.8057810670318597
0.9219280948873623
2.202819531114783
2.2251852797155727
2.0989295636909353
2.4391325058537374
2.4885548621928453
1.8810947601100747
1.3921472236645345
2.380430487800112
2.460904932167797
1.780672129520887
2.4219280948873623
0.0
1.6973387961875537
0.0
2.5521796970665482
2.188721875540867
0.9852281360342515
1.9591479170272446
2.0321654021612106
2.451894558927023
2.3301249653149703
2.321928094887362
2.4846970025308774
0.5435644431995964
2.7990790424135286
2.3609640474436815
2.084962500721156
2.8117906991772093
2.289246428509158
2.2988252450030506
2.188721875540867
2.575588697084778
2.23345859334435
2.3695710038552735
1.8464393446710154
0.9182958340544896
2.0747803401861438
2.1580829833572976
1.224394445405986
2.399397470347699
1.9508257945180885
2.271782221599798
2.3457192839305274
2.390468570732828
1.7609640474436812
1.823067982273661
2.2577560641285177
2.1996877947313282
2.1258145836939115
2.2256051990169436
2.3789919869000626
2.3318026736242854
2.117492461184755
2.4994581877843998
2.185475297227334
2.1996877947313282
0.6500224216483541
2.266270436896047
2.188721875540867
2.103909910282364
2.1837548319239213
1.8676338909712122
2.288019280279689
2.049452072789394
2.3071885761626687
2.084962500721156
2.6294121382720883
2.6015998983392117
2.2655833228877333
1.7219280948873623
2.339572261986723
2.2995301445670657
2.460904932167797
2.332914563979398
1.9362600275315274
1.4355205042826666
0.0
1.5709505944546684
1.789929075309999
2.133937566094917
2.4300365325772657
2.133937566094917
2.4300365325772657
1.825605199016944
2.4480830692877875
2.4216470425285626
2.263809173883546
2.054585169337799
2.6105184777961434
1.9749375012019268
2.1920058354921066
1.867633890971212
2.311278124459133
1.9591479170272446
1.224394445405986
2.049452072789394
2.1920058354921066
2.593584550803202
2.6227336390297045
1.7381493331928664
2.125814583693911
2.2536900512118176
1.061278124459133
2.341677055549847
2.192005835492107
1.7743974703476992
2.927694271103767
2.7499025061628966
1.9197367178034825
1.5709505944546687
1.224394445405986
0.41381685030363374
2.5701906367554077
2.199687794731328
2.45887184844536
2.1658942083900237
1.3485878960124222
2.1416195253341384
2.735761283067285
2.408549096875309
2.199687794731328
2.7489400470054295
2.188721875540867
2.5977076234081267
2.559906030466166
2.1287347499440905
2.410423086828028
2.339572261986723
1.6854752972273346
2.084962500721156
1.5569010760354054
2.526280481683624
0.954434002924965
1.789929075309999
2.128085278891394
1.9628150414142902
2.4402239289418515
2.7199643047423914
2.1887218755408666
2.4846987825969653
2.273622566411168
1.6578764348499595
1.561278124459133
1.9182958340544896
2.155968102145908
2.149397470347699
2.35274578087187
2.1416195253341384
2.103909910282364
2.2825887305018333
2.4390055176047665
1.7709505944546688
2.224601752714581
2.311278124459133
2.0349409139562287
2.1416195253341384
2.199687794731328
2.1258145836939115
2.0930692077718898
2.117492461184755
0.954434002924965
2.440404017720928
1.6140054628542204
1.4534909080039504
1.3516441151533922
0.4689955935892812
2.8881545074194093
1.6858157091530304
1.789929075309999
0.4689955935892812
2.7001530166977123
2.7013757559060485
2.199687794731328
2.6100635408770723
2.0550365325772657
2.1967916319816365
1.5
2.0989295636909353
2.188721875540867
1.823067982273661
2.312907291846956
1.8919954870390203
2.1258145836939115
1.5304930567574826
2.610063540877072
2.1179631753145163
2.206238928653389
1.4355205042826666
2.760666827231598
2.229790541106542
1.8230264907128848
1.7709505944546688
2.618656458112658
2.138895308271023
2.5086949695628418
2.2359263506290326
2.2988252450030506
1.9591479170272446
2.206238928653389
2.188721875540867
1.5394847569315018
2.7837353286220776
2.4497456148476355
1.584962500721156
2.075869296697727
1.6737949406953985
1.8892464285091581
0.0
2.1174924611847548
2.104741231478391
2.084962500721156
2.649712035266152
0.8112781244591328
3.0897898113892746
2.289246428509158
2.4225797618424916
2.33012496531497
2.054585169337799
1.823067982273661
1.5510981710072647
1.4182958340544896
0.6500224216483541
2.378783493486176
1.224394445405986
2.689167594355419
2.2577174691301485
2.3068905956085186
1.8464393446710154
2.545999197128142
2.2806390622295662
2.3242764617775693
2.3282129458410012
2.4692407821722844
2.776724800062121
1.8050365325772657
2.5464393446710156
2.199687794731328
1.4355205042826666
1.789929075309999
2.188721875540867
2.4995443056081315
1.991076059838222
0.954434002924965
2.406666316740689
2.359879028736861
2.0131324651707385
2.2359263506290326
2.2825887305018333
2.161978179679554
2.1920058354921066
1.9362600275315274
2.3353836207645444
2.5701906367554073
3.1870485666311508
2.332914563979398
1.6171895725927152
2.48345859334435
1.5510981710072647
1.7004397181410922
2.199687794731328
2.270942421748537
2.1622921890824145
1.867633890971212
2.054585169337799
2.1999793267164867
2.084962500721156
2.1258145836939115
2.5498550315128585
1.0
2.5306390622295662
2.1258145836939115
2.3248629576173565
3.042000661265563
2.585475297227334
1.8542858719872461
2.2806390622295662
2.2577560641285177
2.351593723348755
2.0202442071537563
0.6500224216483541
2.399537225087599
2.1820058147602133
2.585827939143041
2.4568017817750274
2.762232270300504
0.6500224216483541
1.8322488896002307
0.0
1.8954618442383218
2.2389205950315936
2.216521698179525
2.256564762130954
2.6048074635028677
2.7154535460473688
1.061278124459133
1.9182958340544893
2.0550365325772657
1.789929075309999
1.895461844238322
2.408694969562842
2.3144908557451114
2.2806390622295662
1.9591479170272446
2.202819531114783
2.199687794731328
2.3329145639793976
2.3329145639793976
2.305296187814668
1.3346791410515946
2.4650694618158373
2.188721875540867
2.199687794731328
2.422579761842491
2.2062389286533897
2.2389205950315936
2.1280852788913944
2.199687794731328
2.4709505944546684
2.6673123919190136
1.7176228198864123
2.303400780492941
2.126614471810182
2.587504346796978
2.28331032843395
1.676737030052133
2.490468570732828
1.4591479170272448
2.199687794731328
2.233946664525226
2.188721875540867
2.2109736165067546
2.3248629576173565
2.5755886970847777
2.35274578087187
1.5304930567574824
2.2856005389623073
2.225605199016944
2.665428731993503
2.813247766766456
2.3220847276178658
1.789929075309999
1.6113834567195195
2.406666316740689
2.4419235206010987
2.3037016960573484
2.333206219346495
2.437065831519022
2.188721875540867
2.4300365325772657
2.469240782172285
2.289246428509158
2.702904337188607
2.2389205950315936
1.9211854965885542
2.2577560641285177
1.4154372473067622
2.5903672786934906
2.0458416408851736
2.289246428509158
1.836185763892852
1.896240625180289
2.260820318171659
2.704003029572565
1.3143204867061788
2.4225797618424916
1.6171895725927152
1.823067982273661
2.3248629576173565
2.1405180562767114
0.8166890883150209
2.125814583693911
2.5306390622295662
2.406666316740689
2.0202442071537563
2.6654287319935026
2.4225797618424916
2.6701188915748095
2.155913095175825
2.202819531114783
2.463865121950854
2.365555677688868
1.9709505944546686
2.5858279391430417
2.222683189255492
1.9220231428515733
2.4771752334356236
2.5287498600955356
2.498357173612053
2.5239292377227676
2.2051099000738694
2.5427483264461177
2.6949101001896216
2.155968102145908
1.3709505944546687
2.6981203125901447
2.422675468311218
2.436278124459133
1.9473387961875537
2.6282129458410015
2.8871987351738495
2.1416195253341384
1.8676338909712125
2.188721875540867
2.377443751081734
1.9362600275315274
2.188721875540867
2.5157895841746822
1.789929075309999
2.7240212165234152
2.1174924611847548
1.9877733714879842
1.1567796494470395
2.518552950710301
2.289246428509158
1.823067982273661
1.6879430945989
1.9591479170272446
2.274397470347699
2.219973094021975
1.9219280948873623
2.2892464285091583
2.377443751081734
2.7437621626224824
2.188721875540867
2.408549096875309
2.0930692077718898
1.9762822787735768
0.41381685030363374
2.3787834934861753
0.37123232664087563
1.7381493331928661
2.399397470347699
2.084962500721156
2.801002779861118
1.8810947601100747
2.1619781796795534
2.064042639445697
1.224394445405986
2.4729055953200563
2.4225797618424916
2.188721875540867
2.270942421748537
3.164391682794487
2.4584538292330596
1.676737030052133
2.199687794731328
2.657742726504889
2.049452072789394
1.9852281360342516
2.419470570797252
2.049452072789394
2.217021885879718
1.9473387961875537
2.406666316740689
1.8954618442383218
2.188721875540867
2.4728956042605676
2.288019280279689
1.8676338909712122
1.676737030052133
2.6953842685598297
1.6858157091530304
2.7424117317819627
2.505663207600485
1.584962500721156
2.3432578733442675
2.651379549257219
2.288019280279689
2.3935474965388988
2.2167643535345496
2.569773835029478
2.299896391167891
3.044589215542287
2.188721875540867
2.5173429005075705
2.045841640885174
1.867633890971212
2.188721875540867
2.225610814520738
2.5246850668814873
1.9898980954642875
2.054585169337799
3.074164743022576
1.4911148500551858
0.9852281360342515
2.049452072789394
1.0949143184120975
2.4086949695628417
2.120952031026403
2.4322574485535142
2.4300365325772657
1.7841591278514217
2.125
2.548680608917954
2.084962500721156
2.5996659733039564
1.5058762556041068
2.5306390622295662
1.4911148500551854
2.2062389286533897
2.075869296697727
2.117492461184755
0.8453509366224364
2.2062389286533897
2.2719907034140907
2.107833210824613
2.188721875540867
2.586887840995814
1.9219280948873623
0.9852281360342515
2.270942421748537
2.6527021654271747
1.3485878960124222
3.047085133395088
1.617189572592715
1.863120568566631
2.4613201402110088
2.3584585933443494
2.072905595320056
2.4219280948873623
0.3372900666170139
2.4217533721231863
2.383757441416555
2.0930692077718898
2.7296000026291853
2.186278124459133
0.6500224216483541
1.9211796919474975
2.064042639445697
2.4961268547517808
2.463865121950854
2.054585169337799
2.1426643555488485
1.4355205042826666
1.6879430945989
2.23345859334435
2.3695710038552735
2.3607990716237603
0.5665095065529053
0.6500224216483541
2.5967205128476243
1.9591479170272446
2.199687794731328
0.9456603046006401
2.1416195253341384
1.9508257945180885
2.146782221599798
0.5032583347756457
1.9182958340544893
2.399397470347699
2.336025340614025
2.5211274733371867
2.6332062193464947
2.1619781796795534
1.823067982273661
0.5916727785823275
2.199687794731328
1.950212064914747
2.1079637556972086
1.823067982273661
2.1619781796795534
2.049452072789394
2.1174924611847548
2.6166031096732474
1.6183941088363931
2.197159723424149
1.7272486062639207
2.3709505944546687
1.9709505944546688
1.8676338909712125
2.1349699746039406
0.9055872616982603
2.289246428509158
2.4628671470807624
2.279799131837405
2.05632607578088
1.9219280948873623
0.5435644431995964
2.522740045214949
1.9669171866886992
0.0
2.155221528859512
2.811414478010301
1.4056390622295665
2.0922718656836103
2.098579861712074
1.4237949406953985
2.522740045214949
0.0
1.384431504340598
1.8676338909712122
2.133937566094917
2.565445018842856
2.3329145639793976
2.3071885761626687
1.8919954870390203
2.640521962682592
2.2577560641285177
2.5044984515601634
2.332914563979398
2.6978458230844122
1.7263472243434208
2.6657626148832207
2.1209520310264036
2.3068905956085186
2.278753131313862
1.4466166676282082
2.578830073557112
2.1179631753145163
2.9759790194320788
2.077819531114783
2.5198157169987727
2.4232196723355077
1.61078454839968
2.739575037843645
2.1464657985040723
1.8919954870390203
2.1920058354921066
1.9877733714879842
2.274397470347699
2.3696966890447024
2.188721875540867
1.5052408149441479
2.378783493486176
1.9508257945180885
2.273411192621123
2.1787414711188835
2.1763532801141423
2.375
1.867633890971212
1.5
2.5560542104133326
2.372086153649881
2.3522170014624826
2.391423149269947
2.368925079361264
0.5916727785823275
2.038159681645953
2.146465798504072
1.6258145836939115
1.561278124459133
2.4822921890824143
2.399397470347699
2.054585169337799
1.9591479170272446
2.054585169337799
2.440404017720928
2.7126278493438294
1.823067982273661
2.887835395686831
2.0353433020063356
1.0
2.161978179679554
2.7603136973125117
2.4356371288264103
2.349601752714581
2.4588718484453604
2.517226962994476
2.4402239289418515
2.7524876891689534
1.5546097612655665
2.5037016960573486
0.6500224216483541
2.332914563979398
2.103909910282364
2.2448700637104038
1.7219280948873623
2.125814583693911
1.9362600275315274
2.225610814520738
2.5246850668814877
0.9864267287308424
2.054585169337799
1.4949188482339508
2.0670314951575843
2.188721875540867
2.3522170014624826
2.2969371097526867
2.1916116417513787
2.0930692077718898
2.1735572622751853
2.6113947991661646
2.981076011914607
1.9528195311147831
2.7335054737172833
1.5709505944546684
2.5226203095310216
2.1280852788913944
1.6171895725927152
2.35274578087187
2.225605199016944
2.188721875540867
2.4556196065321645
1.3921472236645345
2.48345859334435
2.57733240884972
1.9473387961875537
2.6048074635028677
2.0202442071537563
2.5048003829823355
1.8919954870390203
1.9362600275315274
1.867633890971212
2.4864405016961446
2.049452072789394
1.6171895725927152
1.8676338909712125
2.038159681645953
2.3329145639793976
2.5414460711655216
2.2389205950315936
2.217021885879718
1.9852281360342514
1.295461844238322
2.728884070537636
1.7709505944546688
2.7308553952397814
2.500772335565046
1.7264741182543755
2.130926080730337
2.539058952566241
2.4251185503571393
2.4304570255005586
2.8437655392439294
2.319973094021975
2.6077057303183984
2.054585169337799
1.9508257945180885
2.621928094887362
2.133937566094917
1.867633890971212
2.0419460322060456
0.5435644431995964
1.5709505944546687
1.4353713907745331
2.1258145836939115
2.5046934208291405
2.217021885879718
2.1368005201485647
2.188721875540867
2.641249800455479
2.29348449561955
2.224601752714581
2.576632750224037
2.084962500721156
2.3360253406140252
2.5521796970665487
2.188721875540867
2.038159681645953
1.3709505944546687
2.222683189255492
2.1339375660949167
1.8879185026711327
2.133937566094917
2.3395722619867225
2.0349409139562287
2.311278124459133
2.682024710355254
2.7558269522460908
2.188721875540867
2.084962500721156
1.9852281360342514
2.188721875540867
2.332914563979398
2.188721875540867
1.5709505944546687
1.061278124459133
1.7295739585136223
1.7295739585136223
2.6792617822531843
1.9304066313306079
2.672553582385556
2.405694015085435
2.1405180562767114
2.353759374819711
2.4115091984199104
2.188721875540867
2.1719625552180295
2.3208020839342964
2.2322628970242686
0.0
2.148834854280917
2.372094637795624
0.4394969869215134
2.378991986900062
1.610577243331642
2.378783493486176
2.270942421748537
2.35274578087187
1.9877733714879842
2.188721875540867
2.4047933024618025
1.676737030052133
2.332914563979398
2.374556048381884
2.389898095464287
2.41896119556797
2.2988252450030506
2.3395722619867225
2.0758692966977272
2.469240782172285
1.8464393446710154
1.8954618442383218
1.5304930567574826
2.440223928941852
2.2988252450030506
2.0758692966977272
2.469240782172285
1.8464393446710154
1.8954618442383218
1.5304930567574826
1.9362600275315274
1.721928094887362
2.439353872167201
2.038159681645953
2.413833863973601
0.0
1.9591479170272446
2.3248629576173565
2.359879028736861
2.390863696857044
2.133937566094917
2.291620193427939
2.5928501318584614
2.673785595221648
2.3200753827546015
2.542482693809728
2.209888638014727
1.8810947601100747
1.5919171866886992
2.1559681021459083
2.552832161679204
2.453582957309917
2.049452072789394
2.1820058147602133
2.148834854280917
2.305320651332931
2.188721875540867
2.1258145836939115
2.582059910580257
2.149397470347699
2.440223928941852
2.188721875540867
2.380430487800112
2.1339375660949167
2.7321507672063827
0.9910760598382222
2.2516144718101816
2.188721875540867
2.2892464285091583
2.0202442071537563
2.375
2.1258145836939115
2.038159681645953
2.5414460711655216
2.436278124459133
2.498077546623641
1.8954618442383218
2.609850166028943
2.5600289361122233
2.4703083326692292
1.965596230357602
2.5383105956150063
1.9746017527145812
2.199687794731328
1.8676338909712125
2.345719283930527
2.3395722619867225
2.365596230357602
2.189238255803027
2.5020028999550075
2.4628671470807624
1.669180336866731
2.1209520310264036
1.9197367178034825
2.1995812306460647
1.5726236638951638
2.1209520310264027
2.2987949406953985
2.2339466645252255
2.1920058354921066
1.224394445405986
1.8585552118703144
2.2256051990169436
2.1258145836939115
2.4300365325772657
1.6729330318733675
2.0989295636909353
2.2988252450030506
2.614369445886757
2.311278124459133
1.9877733714879842
2.188721875540867
0.863120568566631
2.054585169337799
1.6691803368667308
2.188721875540867
1.6858157091530304
2.2132982820604443
1.3609640474436813
2.689525383210069
2.0930692077718898
1.6767370300521325
1.8230264907128848
0.0
1.6858157091530304
2.610625918002233
2.1767669742887406
2.021782221599798
2.3523479118118216
2.157549965552206
1.9219280948873623
2.049452072789394
2.533660689688186
2.365596230357602
2.2825887305018333
2.5521796970665487
2.372094637795624
0.0
2.4676013115120567
1.914341183612352
1.9672079175777322
2.396310424640968
2.2670922798659787
1.9219280948873623
2.8888840705376357
2.209888638014727
2.751610325528167
2.2676481992840625
2.6664181508934854
1.9508257945180885
2.1209520310264036
1.3609640474436813
1.8919954870390203
1.4911148500551858
2.117492461184755
2.289432036254818
2.0566416671474372
2.188721875540867
0.6685644431995964
0.9940302114769565
2.6158045319402516
2.565445018842856
1.9877733714879842
2.0524212838293647
2.038159681645953
2.038159681645953
2.067031495157584
2.038159681645953
1.4355205042826666
1.936278124459133
1.5709505944546687
2.452819531114783
1.5709505944546687
2.0634582986483037
2.1995812306460647
2.374556048381884
2.1258145836939115
2.054585169337799
2.1774212838293647
1.9591479170272448
1.9591479170272448
2.2667574842042293
2.5634425677041555
1.8016767850079793
1.7004397181410922
2.199687794731328
2.075869296697727
2.188721875540867
2.049452072789394
1.4355205042826666
2.2712968237546782
2.6780317084930463
1.6854752972273344
2.713101798615083
2.0930692077718898
2.2051099000738694
1.7219280948873623
2.5304930567574826
1.5709505944546684
2.270942421748537
2.539353872167201
2.311278124459133
2.2256051990169436
1.867633890971212
2.0670314951575843
2.3071885761626687
2.270942421748537
2.582031116540498
2.814527264502953
1.9877733714879842
2.415922063835167
2.332914563979398
2.41896119556797
2.2988252450030506
1.5465935642949382
2.292071752457787
2.2510345501401265
1.867633890971212
2.180577823245594
2.049452072789394
1.867633890971212
2.1258145836939115
2.450699332842307
2.2098886380147267
2.4164997849817103
1.5304930567574826
1.9698157824268105
1.965596230357602
2.3244093931715555
1.8412501702815547
2.1887218755408666
1.0
2.4193819456463714
1.9508257945180885
2.0580531366523855
1.8250112108241772
2.4322574485535142
2.038159681645953
2.103909910282364
2.278351811711312
2.161978179679554
1.867633890971212
1.1567796494470395
2.2806390622295662
2.2988252450030506
2.772017968625029
2.1258145836939115
2.281424938596677
1.8676338909712125
2.35274578087187
2.0306390622295662
1.7219280948873623
0.7793498372920851
2.005977711423774
1.7295739585136223
2.133937566094917
2.546631615393778
1.0
0.0
2.1209520310264036
2.742411731781963
1.4355205042826666
2.3248629576173565
2.436278124459133
2.117492461184755
2.6635327548042547
2.3928895665397176
2.425509379502262
2.6756981353679867
2.510268839504009
0.4689955935892812
1.6266144718101818
1.1451104143815827
2.5949066182439386
2.1324373408045867
2.188721875540867
2.4528385678644478
1.823067982273661
2.6261207468426804
2.542328989413759
2.2256108145207376
2.380430487800112
0.9864267287308424
1.9364823836654392
2.0930692077718898
2.30501110789364
2.5637169871277963
2.1055872616982603
2.295465679180292
2.5580510765444577
2.1735572622751853
2.1258145836939115
2.4842551447947994
1.610577243331642
0.6500224216483541
2.4863286677871854
2.3457192839305274
1.8702538164316223
1.8250112108241772
1.789929075309999
2.1209520310264036
2.6379185026711327
0.0
0.7732283485249176
2.4056390622295662
2.0202442071537563
0.5916727785823275
1.5709505944546687
2.436278124459133
2.365596230357602
2.1996877947313282
2.484183719779189
1.9362600275315274
1.9877733714879842
1.8980933736695382
2.406666316740689
2.2577560641285177
1.896240625180289
2.2051099000738694
1.9877733714879842
1.9858736285640903
2.4477979600193267
2.133937566094917
2.790386438124338
2.6759256611773563
1.5304930567574826
2.133937566094917
2.074164743022575
2.206238928653389
1.6258145836939115
2.4885548621928453
2.188721875540867
1.8262452584026092
2.5521796970665482
2.519079570624174
2.363865121950854
2.378783493486175
1.5726236638951638
2.8736287051460168
2.378783493486176
2.1735572622751853
1.224394445405986
2.4232196723355077
0.954434002924965
0.0
2.244904709134232
2.291620193427939
2.1258145836939115
2.10845859334435
2.5860388152612774
1.6266888497018317
0.0
2.6280015034515958
2.205109900073869
2.2806390622295662
2.368626181738004
2.728596194529001
2.5445313041488333
2.476796752685521
2.332914563979398
1.9362600275315274
2.4692407821722844
1.5726236638951638
2.251629167387823
1.9709505944546686
2.450699332842307
2.10845859334435
2.075869296697727
2.1820058147602133
2.188721875540867
1.0
2.2825887305018333
2.4359092416655557
2.1174924611847548
1.295461844238322
0.0
1.8919954870390203
2.3329145639793976
2.378783493486176
2.452819531114783
2.199687794731328
2.270942421748537
2.145136370153053
1.9485599096166806
2.063558608511122
2.3888782243982
2.703425348123667
0.9852281360342515
2.4662478973127313
2.0545851693377997
2.3854738558287614
0.5435644431995964
2.377443751081734
2.316333280562803
1.0
2.6497944620435705
1.8322488896002307
2.474601752714581
2.4289300521347017
2.2892464285091583
2.092271865683611
2.404678473063571
1.9591479170272446
2.305958492868042
1.7758589482446405
2.459813384441633
2.435909241665556
2.199687794731328
1.9591479170272446
1.4854752972273344
2.4806821149663847
2.263809173883546
1.867633890971212
1.9898980954642873
1.9709505944546686
1.9502120649147467
2.161978179679554
1.9852281360342514
1.867633890971212
2.460904932167797
2.205109900073869
2.199687794731328
1.561278124459133
0.0
2.145136370153053
2.4588718484453604
1.7295739585136223
1.9362600275315274
2.332914563979398
2.155968102145908
2.1258145836939115
1.6171895725927152
1.3609640474436813
1.7709505944546688
1.9362600275315274
1.8954618442383218
2.1735572622751853
1.9473387961875537
1.7273966735744795
2.7199643047423914
1.4814263129521534
1.2987949406953985
2.657020448638133
2.188721875540867
2.254021662471596
0.4689955935892812
1.6737949406953985
1.4911148500551858
2.08746284125034
2.424835634986198
1.8954618442383218
2.1416195253341384
2.274397470347699
2.477217001462482
1.922023142851573
1.4466166676282082
0.5916727785823275
1.7709505944546688
2.1464657985040723
1.3516441151533922
2.2510345501401265
2.1258145836939115
1.9362600275315274
1.5
2.188721875540867
2.35845859334435
2.361989053756373
1.9709505944546688
1.3921472236645345
1.8542858719872461
1.7609640474436812
1.9591479170272448
2.1179631753145163
2.188721875540867
0.9852281360342515
2.117492461184755
1.5219280948873621
1.7609640474436812
1.9211854965885542
2.005977711423774
2.1559681021459083
2.117492461184755
1.8676338909712125
2.049452072789394
1.9709505944546686
2.188721875540867
2.392277173072062
2.4875218941739505
2.8110378683422783
2.4830067805200744
2.446616667628208
1.6737949406953985
2.4430741894285695
2.4410685859554375
2.902509238007262
1.8464393446710154
1.9591479170272446
1.896240625180289
1.8552419173638843
2.6334693734577668
2.5477186261552776
2.8159913639249066
2.271782221599798
1.8676338909712125
1.9508257945180885
2.084962500721156
2.6147869792568113
1.8879185026711327
2.2988252450030506
2.4772170014624826
2.6322628970242685
2.6442873963263214
2.615319618251277
2.3787834934861753
2.4767967526855204
2.56610893983748
2.6188190306604167
1.5304930567574824
1.867633890971212
2.117492461184755
2.4225797618424916
1.0
2.1258145836939115
1.8954618442383218
1.7219280948873623
2.084962500721156
1.9508257945180885
2.622733639029705
2.5464393446710156
2.5114932034009665
2.332263854738758
2.4300365325772657
2.2806390622295662
1.9473387961875537
2.377443751081734
1.4056390622295665
2.4898224014032313
1.5709505944546687
2.4073857522090214
2.4389865757567724
1.4355205042826666
2.1339375660949167
2.67483503096275
2.4632431204148593
2.1280852788913944
2.084962500721156
2.1339375660949167
1.4911148500551854
0.4689955935892812
2.472905595320056
2.1416195253341384
1.9473387961875537
1.8810947601100747
1.9362600275315274
2.139261930734825
2.188721875540867
2.148834854280917
1.5304930567574826
1.5
1.1567796494470395
2.1967916319816365
2.3248629576173565
2.3588718484453604
2.120952031026403
2.5532988794957028
2.5261963675754195
2.4989295636909357
2.084962500721156
1.7295739585136223
2.188721875540867
2.2825887305018333
2.3718956694089637
2.547416903060923
2.3248629576173565
1.4949188482339508
2.4225797618424916
2.399397470347699
1.3567796494470397
1.9877733714879842
2.3932696895151087
2.4300365325772657
2.4911148500551854
2.6246803469736477
2.436278124459133
2.199687794731328
2.35845859334435
2.1258145836939115
1.061278124459133
2.583674842093715
2.7493483574945787
2.2256051990169436
2.6676286494293433
2.3196275363413568
1.6879430945989
1.855388542207534
2.3301249653149703
2.2577560641285177
1.8585552118703144
2.2261207468426805
2.599389591616702
2.133937566094917
2.169925001442312
2.612498578301219
1.4056390622295665
2.049452072789394
2.199687794731328
1.9533040442609688
2.0922718656836103
2.6748350309627495
2.0353433020063356
2.527495543791609
2.279799131837405
2.4237949406953985
2.0545851693377997
2.188721875540867
2.2516291673878226
2.337320658596841
1.9301249653149701
2.3718956694089637
2.869299699893522
2.1416195253341384
1.6858157091530304
2.188721875540867
2.270942421748537
2.188721875540867
1.7295739585136223
2.582059910580257
1.9508257945180885
2.3208020839342964
2.893647460433536
1.5709505944546684
2.5521796970665487
1.8062389286533895
1.573402452417767
1.8230679822736608
1.994299475957303
1.9852281360342512
2.54690634141676
2.3248629576173565
0.6500224216483541
2.2577560641285177
1.6171895725927152
2.417537525720176
2.3082708345352603
2.30827083453526
1.867633890971212
2.378783493486176
2.1464393446710157
1.9362600275315274
1.9830841641434374
1.9808259362290785
2.8816321185790725
1.6858157091530304
2.161978179679554
1.4911148500551858
1.7709505944546688
2.084962500721156
1.4466166676282082
2.1967916319816365
2.466352319133067
2.0609640474436812
2.3671114697796742
2.3511228331577607
2.4300365325772657
2.3299574748443264
2.1996877947313282
2.6069367321753214
2.6318927752403054
1.9719547559656372
2.6292492238560343
3.068000925176828
2.5211274733371867
2.1174924611847548
2.4332062193464954
2.181937063546704
2.4056390622295662
2.440223928941852
2.1258145836939115
1.5304930567574826
2.117492461184755
1.6258145836939115
0.0
1.9241743523004413
2.459431618637297
2.4569885365913753
1.9220231428515733
2.208196592277087
1.8542858719872461
1.9362600275315274
2.9875147017345336
2.629388219848583
2.311278124459133
2.125814583693911
2.5435183924115807
2.021782221599798
2.133937566094917
2.188721875540867
2.2988527261581813
2.0349409139562287
2.221928094887362
2.1174924611847548
2.721928094887362
2.15887184844536
2.885390722331039
0.5916727785823275
2.327632809290636
2.117492461184755
2.0419460322060456
1.9728585986276301
2.038159681645953
2.161978179679554
3.072556340029674
1.9926140680171256
1.8464393446710154
2.413911951300547
2.054585169337799
0.0
1.7244078178625923
1.9211854965885542
2.275170354773194
1.3567796494470397
2.1179631753145163
2.0930692077718898
2.2988252450030506
0.0
2.3935823097180293
2.0922718656836103
2.2569089895583545
2.6294817080809567
1.9362600275315274
2.3695710038552735
2.5306390622295662
1.4355205042826666
0.8166890883150209
2.0760234188338194
1.9473387961875537
2.084962500721156
2.7786171318658908
2.049452072789394
2.3854752972273343
1.0957952550009336
2.753411192621123
2.259799223400567
2.647348781633051
2.408694969562842
2.209888638014727
2.145136370153053
2.054585169337799
2.074164743022575
2.599317007252989
2.1416195253341384
2.3082708345352603
1.9362600275315274
1.3516441151533924
2.3787834934861753
1.855388542207534
1.7653094974242587
2.4568017817750274
2.3959988705348416
1.7758589482446405
2.5813152774012362
2.2987949406953985
1.7363918270255536
2.1339375660949167
1.5545851693377994
2.4962108965660144
1.9219280948873623
2.5107604639428946
2.1492553971684996
2.5147119710906907
2.0741647430225756
1.780672129520887
2.473851389610045
2.188721875540867
2.6798066535975913
2.054585169337799
2.427501949976853
1.561278124459133
2.606978018730854
1.9877733714879842
2.0939119513005475
2.481593411214668
2.2272170014624826
1.491013870758994
2.359879028736861
1.9362600275315274
2.1179631753145163
2.395998870534841
1.5510981710072647
2.3863137138648343
1.5304930567574824
2.629249223856034
2.1416195253341384
1.5709505944546684
2.8161100220806197
2.799015670655121
2.2806390622295662
1.7841591278514217
2.6906993328423066
2.117492461184755
2.1773206585968414
0.8343470230852538
2.2272170014624826
2.0930692077718898
1.8919954870390203
2.146782221599798
1.9591479170272446
1.7709505944546688
0.6193821946787638
2.161978179679554
2.9532696895151083
2.2516291673878226
1.6954618442383218
2.406666316740689
2.1258145836939115
2.188721875540867
2.148834854280917
2.8881545074194093
2.33012496531497
0.41381685030363374
2.6370627740183297
2.4995443056081315
2.1464657985040723
2.175646899398185
2.188721875540867
2.091917186688699
2.188721875540867
1.9591479170272446
1.584962500721156
2.594906618243939
2.192005835492107
2.4789990674205957
2.311278124459133
1.7272486062639207
2.43843233544151
2.199687794731328
2.074164743022575
2.7856061300625727
2.5445313041488333
2.3068905956085186
2.2825887305018333
1.8464393446710154
2.2417812580773235
2.3903360647604437
2.084962500721156
2.5384713945991138
2.35845859334435
2.1174924611847548
2.69676517814858
2.1258145836939115
1.789929075309999
1.7841591278514217
2.605091054934494
1.3567796494470397
2.35845859334435
2.6464393446710153
1.2949950747154697
2.212503842372268
0.7219280948873623
1.1841407621868583
1.676737030052133
0.8112781244591328
0.8812908992306927
0.747584679824574
1.4885252948977485
2.7832487868116083
2.585475297227334
2.870253816431622
2.025530007843451
2.5580510765444573
2.286815675083583
2.440404017720928
2.800897441079603
0.9852281360342515
2.542328989413759
2.5664418929347828
2.054585169337799
1.7219280948873623
0.9709505944546686
1.9709505944546686
2.155968102145908
2.3745560483818835
1.9591479170272446
2.270942421748537
1.789929075309999
1.6171895725927152
1.4466166676282082
1.8854019766331376
2.6042990325310833
2.475273234346241
2.3825680832760763
2.1179631753145163
2.5828246923615064
2.117492461184755
2.4066663167406888
2.2098886380147267
2.209888638014727
2.188721875540867
1.922023142851573
2.6131708399302473
1.9362600275315274
2.5176144667350724
2.382856063692049
2.503258334775645
2.3242764617775693
2.188721875540867
1.224394445405986
1.5435644431995963
2.4584538292330587
2.075869296697727
2.9473342106549554
1.061278124459133
2.4729055953200563
1.561278124459133
2.1258145836939115
2.1258145836939115
2.6606732334168424
1.4833557549816874
2.424835634986198
2.064042639445697
2.209432036254818
2.2577560641285177
2.3686261817380037
2.3355055565170972
2.655857683033042
2.3360253406140252
0.8112781244591328
1.867633890971212
1.789929075309999
2.0670314951575843
2.663532754804254
2.7393538721672006
2.9344340657990293
1.9508257945180885
2.1258145836939115
2.1174924611847548
2.5102415025019114
2.2109736165067546
2.117492461184755
2.0202442071537563
2.145136370153053
0.7219280948873623
1.5589385323502771
2.125814583693911
2.2159220638351664
1.8676338909712122
2.372094637795624
1.7263472243434208
1.7841591278514217
2.4724559130730865
0.9709505944546686
2.406666316740689
1.4353713907745331
2.523231428797621
2.4729055953200563
2.311278124459133
1.9877733714879842
0.5916727785823275
2.378783493486175
1.7295739585136223
2.084962500721156
2.378783493486175
1.5709505944546684
2.1258145836939115
1.4911148500551854
1.8585552118703144
2.457654345123309
2.474601752714581
2.255646899398185
2.6985981103597485
1.7841591278514217
2.3082708345352603
1.4591479170272446
2.279799131837405
2.186278124459133
2.8006227785949145
2.133937566094917
0.9852281360342515
2.542482693809727
2.2988252450030506
2.4410685859554375
2.188721875540867
2.4410685859554375
1.9246733686301718
2.5996659733039564
2.6809626228889885
2.5609640474436812
2.6862781244591325
1.8262452584026092
1.9877733714879842
1.7295739585136223
2.460904932167797
2.624726209504296
2.117492461184755
1.7295739585136223
1.9068905956085187
2.344462299865442
2.4056390622295662
2.73400678616438
2.844106544814538
2.125814583693911
2.359879028736861
2.459431618637297
1.0
2.4922031072054134
2.5411601379727022
2.634211491893328
2.3991303913908
2.3258869804139186
2.445249011792689
1.4056390622295665
2.3068905956085186
2.382856063692049
2.164424652422237
2.1079637556972086
2.319973094021975
2.521640636343318
2.7722815120888558
2.3306131281348947
2.3577174691301486
2.5218619553045025
2.721928094887362
2.2988252450030506
1.8230679822736608
1.5394847569315018
2.103909910282364
1.9709505944546686
1.061278124459133
2.406666316740689
2.5052569240551597
1.9951805283708426
2.2485731395538666
2.6966202573293883
1.3516441151533922
1.7004397181410922
2.188721875540867
2.022579761842491
1.9219280948873623
2.130926080730337
2.2577560641285177
1.789929075309999
2.225610814520738
2.3253314601288055
2.188721875540867
2.6930201924480452
2.6538113557486334
2.270942421748537
2.2295739585136225
2.522740045214949
2.7042412793593122
2.4262927116736352
2.1405180562767114
1.8250112108241772
0.7793498372920851
2.0602489763846963
2.2890179898186576
1.6858157091530304
2.1996877947313282
2.2470847539170844
2.1492553971684996
1.9508257945180885
2.054585169337799
2.3329145639793976
1.6171895725927152
1.8676338909712125
2.188721875540867
2.2988252450030506
1.922023142851573
2.378991986900062
1.789929075309999
2.188721875540867
2.181937063546704
2.133937566094917
2.197159723424149
2.75707541331394
2.2892464285091583
2.3893109127928365
2.3516441151533924
1.6854752972273346
2.0922718656836103
2.217021885879718
2.013911156578927
2.339572261986723
1.5510981710072647
2.054585169337799
2.217021885879718
1.5709505944546687
0.0
2.3216534487138065
1.914341183612352
1.8250112108241772
1.188721875540867
2.771373830212464
2.6357643826086803
2.520488213019647
2.0741647430225756
2.5086949695628418
1.7534343861887849
2.435371390774533
0.954434002924965
1.7841591278514217
2.1820058147602133
2.446616667628208
2.408913401140511
2.199687794731328
2.3523037954930768
2.3399229603149934
2.6930201924480452
2.084962500721156
1.8919954870390203
2.471251836004466
2.084962500721156
2.1280852788913944
2.608991140509584
1.9852281360342512
2.367934831921956
2.3630741894285694
2.3457192839305274
2.2464393446710154
2.392147223664534
2.2856005389623073
2.469240782172285
1.9473387961875537
1.9362600275315274
2.474601752714581
2.463366342754057
2.2389205950315936
2.510056460356539
1.6767370300521325
0.0
2.5061440668531976
2.077819531114783
1.867633890971212
2.1992818130163667
2.4683033079372745
0.954434002924965
2.3134597501718237
2.521640636343318
2.1967916319816365
0.954434002924965
2.362575237258259
2.128085278891394
2.049452072789394
2.502598068247261
2.5601029958115844
2.4949008222661653
2.2062389286533897
1.5304930567574826
2.084962500721156
2.332914563979398
0.954434002924965
1.8773870642966133
2.474601752714581
2.564889451733241
2.0202442071537563
1.771782221599798
1.584962500721156
2.1416195253341384
2.0
2.3248629576173565
2.622733639029705
2.5615419333359277
1.8879185026711325
1.9591479170272446
2.378991986900062
2.133937566094917
2.575588697084778
1.8676338909712125
1.5709505944546684
1.4355205042826666
2.406666316740689
2.128085278891394
2.433206219346495
2.054585169337799
2.4466166676282084
0.9182958340544896
1.7295739585136223
2.719508336839199
1.9219280948873623
2.1258145836939115
2.1559130951758245
1.9473387961875537
2.4056390622295662
1.061278124459133
2.950649151788731
1.561278124459133
2.641249800455479
2.3828560636920493
2.4355205042826666
2.2988252450030506
2.2963168308262123
2.103909910282364
2.421901188909337
2.4232196723355077
1.9219280948873623
2.35274578087187
2.256564762130954
1.7709505944546688
2.125814583693911
2.5895183026895365
0.863120568566631
2.311278124459133
2.3395722619867225
1.3921472236645345
1.5304930567574824
1.7273966735744792
1.5304930567574824
1.3921472236645345
1.3921472236645345
2.2892464285091583
2.289246428509158
2.1868085945630504
2.4632431204148593
2.436278124459133
2.378783493486176
2.8974076197009215
2.274397470347699
2.1887218755408666
2.3745560483818835
2.079627536341357
1.9508257945180885
2.103909910282364
1.224394445405986
2.130926080730337
2.3232196723355076
2.341446071165522
2.337906570104942
2.199687794731328
2.6676286494293433
1.9362600275315274
1.4591479170272446
2.279799131837405
1.9182958340544893
1.224394445405986
2.2015101887362594
2.0713451397302376
2.2892464285091583
2.5157895841746822
1.7382689280764647
2.148834854280917
2.5108995654298583
2.075869296697727
1.867633890971212
1.8339272176418302
2.2988252450030506
2.3395722619867225
2.0758692966977272
2.469240782172285
1.8464393446710154
1.8954618442383218
1.5304930567574826
2.440223928941852
1.9362600275315274
2.382856063692049
2.103909910282364
2.48345859334435
1.5510981710072647
2.561848239589024
2.4125957390886295
2.040223928941852
2.3758145836939115
2.3248629576173565
2.303701696057348
2.1280852788913944
2.513060649830846
1.7709505944546688
2.0349409139562287
2.1179631753145163
2.406666316740689
2.359879028736861
1.9362600275315274
2.2892464285091583
1.5304930567574824
2.084962500721156
2.1735572622751853
2.263809173883546
2.33012496531497
2.155968102145908
1.224394445405986
1.0
2.0157404324930677
2.3248629576173565
3.0557913268804704
0.6840384356390417
2.353294696887725
2.257856063692049
1.584962500721156
1.9362600275315274
2.063558608511122
2.0741647430225756
2.4729055953200563
2.188721875540867
2.523231428797621
2.188721875540867
1.5
2.549787381523038
2.2390183299752544
2.389898095464287
2.4729055953200563
1.5709505944546684
2.3395722619867225
2.0758692966977272
2.469240782172285
1.8464393446710154
1.8954618442383218
1.5304930567574826
2.440223928941852
2.3395722619867225
2.0758692966977272
2.469240782172285
1.8464393446710154
1.8954618442383218
2.072905595320056
1.9362600275315274
1.721928094887362
2.084962500721156
2.365596230357602
2.257856063692049
2.199687794731328
1.789929075309999
2.7146519228763695
2.1990861651135254
2.270942421748537
2.7925365557581237
2.897214084366032
1.9362600275315274
2.484255144794799
2.3609640474436815
0.9852281360342515
2.3015004226233424
2.327632809290636
2.387918502671133
1.4466166676282082
2.828999692775928
1.658040253688799
2.049452072789394
1.8879185026711327
2.1774212838293647
2.308694969562842
2.4248356349861977
2.466705409005459
2.6974749995352743
1.8810947601100747
2.270942421748537
2.4047933024618025
2.188721875540867
2.1426643555488485
3.1362434129830605
2.148834854280917
2.072905595320056
2.226120746842681
2.074164743022575
2.2577560641285177
2.6654287319935026
2.5232196723355074
0.0
1.0719280948873624
0.0
2.263809173883546
2.161978179679554
2.1174924611847548
1.9523612813926658
2.35274578087187
2.25
2.7689651523294443
2.5608881552851503
1.561278124459133
2.188721875540867
2.161978179679554
1.9362600275315274
2.188721875540867
2.3935823097180293
1.9751060324573733
2.6247262095042956
1.896240625180289
2.1258145836939115
2.1619781796795534
2.1609640474436813
2.411509198419911
2.1209520310264036
2.270942421748537
1.1897928209501116
2.327892846383611
2.4973419908730565
0.41381685030363374
2.5820239409642762
2.3248629576173565
2.5895183026895356
2.4833796645133197
2.5424826938097276
2.5609915294703107
2.099598313565133
0.954434002924965
2.045841640885174
0.9864267287308424
2.501609497059027
1.4355205042826666
2.390455517192677
2.217021885879718
1.2309595631140104
2.3395722619867225
2.0758692966977272
2.469240782172285
1.8464393446710154
1.8954618442383218
1.5304930567574826
2.084962500721156
2.188721875540867
2.1820058147602133
1.6858157091530304
2.117492461184755
2.395461844238322
0.0
2.274397470347699
2.395461844238322
2.460904932167797
1.721928094887362
2.3715335947907836
1.6729330318733675
2.217021885879718
1.4353713907745331
2.224601752714581
1.9386790169573507
2.4225797618424916
2.803215692534584
2.440223928941852
1.9362600275315274
2.0729055953200564
2.3242764617775697
2.339572261986723
2.125814583693911
2.3745560483818835
1.8676338909712125
2.2478288180260253
2.0796275363413566
2.054585169337799
2.5136459293583706
1.9943029514736248
1.6854752972273346
2.054585169337799
2.4613201402110088
2.892878689342031
2.3841837197791884
2.084962500721156
1.9362600275315274
2.6153196182512763
2.163828967056586
1.3921472236645345
2.3983029951155594
2.3522170014624826
1.5
2.4633663427540564
1.207518749639422
2.0670314951575843
2.4056390622295662
2.2256051990169436
2.422579761842491
1.95006375643621
2.8435095592647963
1.8676338909712125
1.867633890971212
1.0957952550009336
2.2037016960573483
2.67483503096275
2.327632809290636
2.1820058147602133
1.7884504573082893
2.270942421748537
2.5917932260774954
0.0
2.5387148058655686
1.5709505944546687
2.084962500721156
2.3071885761626687
2.3523479118118216
2.08132205902363
1.7219280948873623
2.155968102145908
2.084962500721156
2.561848239589024
0.0
1.822815600352516
2.1050931177929737
0.7642045065086203
2.477217001462482
2.4387439204017474
1.8464393446710154
1.8954618442383218
2.072905595320056
1.9362600275315274
1.721928094887362
2.5459991971281424
1.867633890971212
2.1527217381013255
2.0116298903693024
2.054585169337799
2.161978179679554
1.4854752972273344
2.399397470347699
1.867633890971212
2.4633663427540564
1.7841591278514217
2.1280852788913944
0.9182958340544896
1.188721875540867
2.117492461184755
2.2806390622295662
2.199687794731328
2.1492553971685
1.5304930567574824
1.8954618442383218
1.9986525468781666
1.9591479170272446
2.3068905956085186
2.3248629576173565
2.3962915290459277
2.331802673624286
1.823067982273661
2.3432578733442675
2.188721875540867
2.3248629576173565
1.8423709931771086
2.289246428509158
2.4225797618424916
2.5521796970665482
2.3921472236645345
2.963056135090814
0.863120568566631
2.1887870678023824
2.6258145836939115
2.289246428509158
1.061278124459133
1.0
1.061278124459133
2.2470847539170844
2.2132982820604443
2.084962500721156
1.9473387961875537
1.967207917577732
1.3716407621868583
1.822815600352516
2.065957320949175
2.4875555180168556
2.0202442071537563
1.5304930567574824
2.4300365325772657
2.4410685859554375
2.2988252450030506
2.199687794731328
0.9182958340544896
1.5485806065228545
2.0419460322060456
2.0681287213162984
2.1820058147602133
1.950212064914747
2.7303816178505813
2.0930692077718898
2.378783493486176
2.3248629576173565
1.3921472236645345
2.199687794731328
2.0131324651707385
2.5935346841684104
2.117492461184755
2.125814583693911
1.4913146570363986
2.4477979600193267
2.6265444084587646
2.25
2.5304930567574826
2.7045348998193437
1.9591479170272446
1.8954618442383218
1.9852281360342514
2.35274578087187
2.41896119556797
2.4757163090882544
2.677694271103767
1.8919954870390203
1.9877733714879842
2.3395722619867225
2.0758692966977272
2.469240782172285
1.8464393446710154
1.8954618442383218
1.5304930567574826
1.9362600275315274
1.721928094887362
2.420082463275135
0.9182958340544896
2.6492310708168736
2.406666316740689
2.0758692966977272
2.469240782172285
1.8464393446710154
1.8954618442383218
1.5304930567574826
2.440223928941852
1.721928094887362
1.6774212838293647
1.5058762556041068
2.075869296697727
2.4477979600193267
2.429494520451445
2.3973349103525243
2.2188548967005404
1.8585552118703144
2.188721875540867
1.983084164143437
2.2516144718101816
1.789929075309999
2.6910886562105762
2.6895253832100687
2.155968102145908
1.789929075309999
2.2890179898186576
2.1967916319816365
0.9864267287308424
1.4056390622295665
2.188721875540867
2.3745560483818835
2.125
1.2776134368191154
1.9473387961875537
1.6729055953200562
2.199687794731328
1.9211854965885542
2.1492799881316267
2.4095796305911716
2.217021885879718
2.0461796919474975
2.2577560641285177
2.458688570451097
2.3248629576173565
2.332263854738758
2.1820058147602133
2.6957749987827633
2.395461844238322
1.8423709931771086
2.2806390622295662
3.039737686396518
2.396782221599798
0.9182958340544896
1.584962500721156
2.7791857368800423
0.9463729359854419
2.8729632740824185
2.382856063692049
1.5867707408723835
2.55700273142711
2.4164997849817107
2.5046934208291405
2.1258145836939115
1.4854752972273344
2.365596230357602
1.9362600275315274
0.0
2.066247897312731
2.4662478973127313
2.365596230357602
2.054585169337799
2.3282129458410017
2.212503842372268
2.188721875540867
1.3709505944546687
2.054585169337799
1.2776134368191154
2.054585169337799
2.35274578087187
2.117492461184755
2.2577560641285177
2.188721875540867
2.064042639445697
2.430235385592032
1.3921472236645345
2.23345859334435
2.8131340409769887
2.4508257945180887
2.25
2.383757441416555
2.278351811711312
2.091917186688699
1.867633890971212
2.4732696895151083
2.1258145836939115
2.2997906153230323
2.3065276378733133
2.10558726169826
1.061278124459133
1.9219280948873623
2.923533209849189
1.7534343861887849
1.8585552118703144
2.7010198125815745
2.7974118357975057
2.155913095175825
2.188721875540867
2.075869296697727
2.7646946861307384
1.9843434788584122
1.2419460322060458
1.9224639918491389
2.188721875540867
1.676737030052133
2.3248629576173565
1.9751060324573735
1.7534343861887849
2.274397470347699
1.789929075309999
2.221251836004466
2.7595429473143125
2.2200683022340693
2.311278124459133
2.382856063692049
1.9749375012019268
2.8129616955302104
2.2988252450030506
2.1258145836939115
2.167124282150162
2.6099010850174014
2.670018242953903
2.265599322659785
2.2272170014624826
1.8871903263515846
2.1492553971685
2.436278124459133
0.8658566174572235
2.1416195253341384
2.649794462043571
2.1405180562767114
2.557727778739319
1.9241743523004413
1.9903166968736787
2.6343029514736247
2.188721875540867
2.3720946377956236
2.2747875681191836
2.084962500721156
1.224394445405986
2.263809173883546
2.2577560641285177
1.8004537364931437
1.924174352300441
2.3935823097180293
2.3242764617775697
2.2183641295938012
2.125814583693911
2.217021885879718
2.1559681021459074
2.517201802582726
1.9268680175017439
2.1258145836939115
1.0
2.1333874913165967
2.483308571569599
2.616878731581414
2.4754128972590443
2.375
1.870253816431622
1.789929075309999
2.049452072789394
2.4232196723355077
2.2577560641285177
2.1996877947313282
2.3395722619867225
2.192005835492107
2.271782221599798
2.2987949406953985
2.4662478973127318
2.038159681645953
2.1492553971685
2.0989295636909353
2.1920058354921066
2.365596230357602
1.5219280948873621
2.503539122804025
2.0634582986483037
0.9852281360342515
1.895461844238322
2.188721875540867
2.251614471810182
2.5217411421331746
1.9669171866886992
2.1803373810675706
2.3699016672109163
1.9877733714879842
1.8919954870390203
1.3516441151533922
2.2987949406953985
2.133937566094917
2.4066663167406888
1.9877733714879842
1.4949188482339508
2.005977711423774
2.1812056673346514
0.0
2.1339375660949167
2.753411192621123
2.380430487800112
2.103909910282364
2.2272170014624826
0.863120568566631
2.2569089895583545
3.007847148652575
2.2109736165067546
1.8638263900908159
2.188721875540867
1.9877733714879842
1.5709505944546687
2.2577174691301485
2.289503844422248
2.7979675561566837
1.4466166676282082
2.5102415025019114
1.3709505944546687
2.2806390622295662
1.9669171866886992
2.188721875540867
0.0
2.615922063835167
1.9362600275315274
1.9591479170272446
2.117492461184755
1.6729330318733675
1.9709505944546688
2.7527152789797045
1.4854752972273344
2.1416195253341384
2.1258145836939115
2.389898095464287
3.0785559236087936
2.7232314287976207
2.1887218755408666
2.4066663167406888
1.8676338909712122
1.96981578242681
3.2026216603610886
2.5314536459234778
2.084962500721156
2.1920058354921066
1.8464393446710154
2.188721875540867
1.4315602842833157
2.510056460356539
2.0349409139562287
2.1920058354921066
2.1619781796795534
2.5868878409958143
2.4300365325772653
2.1174924611847548
2.133937566094917
1.6854752972273346
2.584023687015089
2.2272170014624826
0.9852281360342515
2.440223928941852
2.1179631753145163
2.155968102145908
1.9219280948873623
1.9219280948873623
2.7008257945180882
2.5423289894137593
2.3787834934861753
2.395998870534841
2.128085278891394
2.2577560641285177
2.377443751081734
2.0670314951575843
0.9852281360342515
2.6985981103597485
2.103909910282364
2.161978179679554
2.0545851693377997
0.0
2.3248629576173565
2.577819531114783
2.084962500721156
2.0131324651707385
2.4138338639736006
2.256564762130954
2.188721875540867
2.1339375660949167
2.389898095464287
1.2361862832554125
2.3787834934861753
1.6854752972273346
2.763809173883546
2.5785519909913264
2.2894320362548175
1.7709505944546688
2.117492461184755
2.3515937233487554
1.7534343861887849
2.049452072789394
2.188721875540867
2.1820058147602133
1.5510981710072647
2.4305946180235427
2.117492461184755
2.199687794731328
2.054585169337799
2.054585169337799
1.4466166676282082
1.5709505944546687
2.382856063692049
2.6854752972273346
1.9877733714879842
1.789929075309999
2.1774212838293647
2.1258145836939115
2.35845859334435
2.5304930567574826
2.469240782172285
1.7709505944546688
1.561278124459133
1.965596230357602
2.2577560641285177
2.3695710038552735
2.4193819456463714
2.5304930567574826
2.038159681645953
0.9456603046006401
2.621928094887362
2.452819531114783
2.422579761842491
2.1492553971685
1.9219280948873623
2.4662478973127313
1.4051091271048741
2.557727778739319
2.199687794731328
2.4772170014624826
1.3516441151533922
2.4166666666666665
1.7382689280764647
1.061278124459133
2.1406064599010723
1.3446983751597128
2.130926080730337
2.6990199844009086
2.054585169337799
0.0
2.503701696057348
2.199687794731328
2.6424239617719754
2.1416195253341384
2.679374370513198
1.8437519544205019
1.8389205950315934
2.2389205950315936
2.038159681645953
2.1820058147602133
2.125814583693911
2.038159681645953
2.3745560483818835
2.4857025906971497
2.23345859334435
2.4579195645645378
2.666948741091982
1.855388542207534
1.823067982273661
2.4729055953200563
2.3248629576173565
2.2577560641285177
2.188721875540867
2.4466166676282084
1.8565647621309542
2.4980775466236413
2.8032156925345832
2.8038561897747245
2.1339375660949167
2.504693420829141
2.4344177962431743
1.9362600275315274
2.3248629576173565
1.895461844238322
2.23345859334435
1.823067982273661
2.1735572622751853
2.378783493486176
2.2062389286533897
2.542328989413759
0.9864267287308424
1.6922718656836107
2.2577560641285177
1.3516441151533922
2.263809173883546
1.9508257945180885
2.3588718484453604
1.9440097497163569
2.161978179679554
2.188721875540867
1.924174352300441
1.9508257945180887
2.199687794731328
2.199687794731328
2.8091089355442636
2.2806390622295662
1.7363568979772654
1.522915303449671
1.4627552262645034
1.9591479170272448
2.2577560641285177
0.9852281360342515
1.0957952550009336
1.7382689280764647
2.734512381750771
2.392147223664534
0.0
1.4466166676282082
2.713635356533726
2.133937566094917
2.422579761842491
2.2986885704510973
1.9709505944546688
2.490468570732828
2.476175323704608
2.4662478973127313
1.8879185026711327
2.2988252450030506
2.5
2.5239860659612976
2.2856946147259993
1.930080144111599
2.408694969562842
2.4802650829121933
1.95006375643621
1.7219280948873623
1.8676338909712125
1.4056390622295665
2.199687794731328
2.1920058354921066
2.077819531114783
2.1619781796795534
2.5102415025019114
2.357603989186026
2.5496128717735016
1.7295739585136223
2.3332062193464953
1.8892464285091581
2.2389205950315936
2.188721875540867
2.649794462043571
3.1246648195337094
2.161978179679554
2.4531150055728594
2.463366342754057
1.823067982273661
2.260820318171659
1.6854752972273344
2.6531467382894536
1.4854752972273344
1.5709505944546687
2.217021885879718
2.444524223628301
2.406666316740689
1.9362600275315274
1.5304930567574824
2.084962500721156
2.3395722619867225
2.0758692966977272
2.469240782172285
1.8464393446710154
1.8954618442383218
1.5304930567574826
2.440223928941852
2.117492461184755
1.3516441151533922
2.2567796494470396
1.2332570395415439
1.3221793455166666
2.1174924611847548
3.3218810854020187
2.6232196723355075
2.4949188482339513
2.4723996339498586
0.5489544344250401
2.133937566094917
2.4264025411052232
3.134600283125076
1.8919954870390203
2.205109900073869
1.8262452584026092
2.3749589477025568
1.8879185026711325
3.0741647430225756
1.6854752972273346
2.3068905956085186
2.575588697084778
2.270942421748537
2.4300365325772657
2.4410685859554375
1.6171895725927152
2.5046934208291405
2.199687794731328
2.271782221599798
0.5916727785823275
2.440223928941852
2.199687794731328
2.0948567835487384
2.117492461184755
2.655304893628466
2.1995812306460643
2.256564762130954
2.3648621050653817
1.9508257945180885
2.188721875540867
2.155968102145908
1.896240625180289
2.5448760863036677
2.1820058147602133
2.3355055565170972
2.359879028736861
1.4355205042826666
2.399397470347699
1.7709505944546688
0.9141828384352135
2.7907591470963844
2.317950827656989
2.684865828035783
2.0487949406953985
2.188721875540867
0.6402064333604701
2.1735572622751853
0.0
2.390863696857044
1.9362600275315274
1.6858157091530304
2.470950594454669
1.867633890971212
2.3898980954642877
1.5709505944546684
2.1820058147602133
2.393269689515108
2.5306390622295662
2.0634582986483037
2.460904932167797
2.377558622409033
2.256564762130954
2.2857457540097106
2.199687794731328
1.4466166676282082
2.4156614701917634
2.067031495157584
2.347312051491349
2.080500530640267
2.3393538721672007
1.8073549220576042
1.3921472236645345
1.0
2.30827083453526
2.406666316740689
2.303701696057348
1.9211854965885542
1.4355205042826666
1.9508257945180885
2.395998870534841
1.224394445405986
2.4300365325772657
2.4972007752509273
1.823067982273661
2.6793743705131985
2.217021885879718
2.18950846755862
2.375
2.188721875540867
2.5868878409958143
2.827025535001665
2.188721875540867
0.863120568566631
2.1735572622751853
0.8112781244591328
2.365596230357602
2.5868878409958143
2.4086949695628417
1.6494003762381348
1.9220231428515733
1.8810947601100747
2.8180303358642105
1.8954618442383218
2.199687794731328
2.084962500721156
2.424835634986198
2.3395722619867225
2.270942421748537
2.477217001462482
2.054585169337799
1.5
2.4982965889303155
2.5306390622295662
1.5532831835798853
2.8201661225503547
2.279799131837405
2.3248629576173565
2.3395722619867225
1.9182958340544896
2.6337314206421327
3.0372310857023406
2.73215889136457
1.8230264907128848
2.440223928941852
1.8954618442383218
2.839056276541104
2.2464393446710154
2.6078612261419973
2.4100665864959656
2.3991303913908
1.8676338909712125
1.8676338909712125
2.3200753827546015
2.5025980682472606
1.7709505944546688
2.125814583693911
1.9591479170272448
2.1339375660949167
2.188721875540867
0.0
2.188721875540867
2.199687794731328
2.378991986900062
0.0
2.517201802582726
2.3248629576173565
2.131300342505361
0.5916727785823275
2.424835634986198
2.084962500721156
2.33012496531497
2.3667452542142176
1.746435384238893
1.7758589482446405
2.3248629576173565
0.5916727785823275
2.4830067805200744
2.084962500721156
2.217021885879718
2.2892464285091583
2.949275070710713
2.5521796970665487
2.188721875540867
1.8464393446710154
2.452819531114783
2.460904932167797
1.4355205042826666
2.1619781796795534
2.5445313041488338
1.676737030052133
2.199687794731328
2.3248629576173565
1.8585552118703144
2.6416041678685933
2.1619781796795534
2.2322628970242686
2.125814583693911
2.084962500721156
3.088710641914682
0.6500224216483541
2.270942421748537
2.163865121950854
2.181205667334651
0.0
1.2806721295208872
2.2892464285091583
2.199687794731328
1.7924812503605778
1.6140054628542204
2.4782975702780194
2.188721875540867
1.9508257945180885
1.4466166676282082
2.188721875540867
2.3828560636920493
2.212503842372268
2.7867064203152343
1.9877733714879842
0.3095434291503252
2.7614063297218427
1.7723388509380997
2.199687794731328
2.41896119556797
2.359879028736861
1.9182958340544893
2.35274578087187
2.474601752714581
2.3817739156726634
1.2389012566026305
2.694678135295309
2.130926080730337
0.8112781244591328
2.33012496531497
2.4613201402110088
1.9362600275315274
0.5131851787372753
2.33012496531497
1.789929075309999
2.125
1.789929075309999
2.161978179679554
2.0762893592941096
2.256564762130954
2.4692407821722844
0.5435644431995964
1.9657678078192216
2.2806390622295662
2.023219672335508
2.365596230357602
2.513645929358371
2.4300365325772657
2.1479490672869908
1.9508257945180885
2.4875555180168556
2.2577560641285177
1.8676338909712125
1.9591479170272448
2.415922063835167
2.224601752714581
2.0294069451656007
2.4072682296173893
2.1258145836939115
2.133937566094917
2.5261207468426803
2.213498244806041
2.2987949406953985
2.41896119556797
1.8230264907128848
2.510056460356539
2.3131006664157687
2.378783493486176
2.4477979600193267
1.8879185026711325
2.005977711423774
2.270942421748537
2.270942421748537
2.196791631981637
2.4138338639736006
2.161978179679554
2.1452221012171484
2.141821596022348
2.6416041678685938
2.824242143590157
2.3515937233487554
1.9182958340544893
1.5304930567574824
2.1609640474436813
2.1258145836939115
2.3299574748443264
2.1716471811466906
2.5645796342918823
2.2825887305018333
2.6086576788669897
2.270942421748537
2.148834854280917
1.823067982273661
2.054585169337799
2.4056390622295662
2.98529542616039
2.7658110493060666
2.199687794731328
2.399397470347699
1.3516441151533922
1.5726236638951638
2.270942421748537
0.9852281360342515
2.5868878409958143
2.0
2.270942421748537
2.5722539283649266
0.0
1.9508257945180885
1.8954618442383218
2.1258145836939115
2.5136459293583706
2.393269689515108
2.188721875540867
1.4854752972273344
2.188721875540867
2.2988252450030506
1.6854752972273346
2.084962500721156
2.117492461184755
2.125814583693911
2.3427376486136673
2.484255144794799
1.2994705707972523
2.9894657597463925
2.542482693809727
2.216917186688699
2.3395722619867225
2.0758692966977272
2.469240782172285
1.8464393446710154
1.8954618442383218
2.072905595320056
1.9362600275315274
1.721928094887362
2.7480005070735136
2.116299605701696
2.601382162091293
2.3248629576173565
2.2892464285091583
2.365596230357602
2.35845859334435
1.5510981710072647
2.55468315105074
2.750961982762677
1.5546097612655667
1.871602261409798
2.322756958897399
2.0758692966977272
1.8464393446710154
1.8954618442383218
1.7295739585136223
1.9362600275315274
1.721928094887362
2.406666316740689
2.359879028736861
1.9362600275315274
2.2892464285091583
1.5304930567574824
2.084962500721156
2.188721875540867
2.439268146254097
2.35845859334435
1.7676503615477757
2.1047412314783913
1.7961796919474975
2.706037134556307
2.3248629576173565
1.3609640474436813
2.2562740303031243
2.188721875540867
2.210699332842307
1.8085947862963574
2.3834126922307113
2.8183758278451165
2.1607047528877827
2.0192365361682794
1.950212064914747
2.2988252450030506
2.0758692966977272
2.469240782172285
1.8464393446710154
1.8954618442383218
1.5304930567574826
1.9362600275315274
1.721928094887362
1.7924812503605778
2.3242764617775693
2.365596230357602
2.56962148646734
2.48345859334435
2.2577560641285177
2.2608203181716595
2.256564762130954
1.8879185026711325
2.7433083521553945
2.1887870678023824
2.279799131837405
2.224601752714581
2.099601752714581
1.6567796494470395
2.161978179679554
1.8937360091690927
2.2256051990169436
2.1920058354921066
2.434250019028106
1.3609640474436813
2.1887218755408666
2.327632809290636
1.8250112108241772
1.4355205042826666
1.9362600275315274
1.3516441151533924
1.6854752972273346
2.4355205042826666
1.93012496531497
1.561278124459133
2.064042639445697
2.422579761842491
2.405694015085435
2.188721875540867
1.6709505944546688
2.389898095464287
2.435287854641591
1.9709505944546686
1.9877733714879842
2.2988252450030506
2.0419460322060456
2.5253456211698713
2.045841640885174
1.6854752972273346
2.054585169337799
1.823067982273661
2.1607047528877827
2.2892464285091583
2.0349409139562287
2.5414460711655216
2.084962500721156
1.158938532350277
1.4466166676282082
1.561278124459133
2.3360253406140252
2.3395722619867225
2.0758692966977272
2.469240782172285
1.8464393446710154
1.8954618442383218
2.072905595320056
1.721928094887362
2.390954034227023
2.823266338560383
1.867633890971212
2.413833863973601
2.1995812306460647
2.35845859334435
2.565445018842856
2.0634582986483037
2.188721875540867
0.41381685030363374
2.2988252450030506
1.8810947601100747
2.356779649447039
2.188721875540867
2.1559681021459074
2.849076786816804
0.0
2.188721875540867
1.823067982273661
2.4200824632751345
1.3092966682370037
1.41379956460568
0.0
0.7642045065086203
1.5510981710072647
2.526234909949522
2.260820318171659
1.9334975949679492
2.188721875540867
1.711435034456722
2.054585169337799
2.4464124990649547
1.8464393446710154
2.1280852788913944
1.8676338909712125
2.0
2.2109736165067546
2.1800365325772657
2.35274578087187
1.2516291673878228
2.262362377388257
2.233997907838827
2.2988252450030506
2.3702538164316223
2.4193819456463714
1.224394445405986
2.6252336974861117
2.375
2.4613201402110088
1.7709505944546688
1.9329145639793979
2.271782221599798
2.415922063835167
2.4687304374117938
2.8564580163268323
2.3248629576173565
2.69281347575561
2.2176374830432866
2.1258145836939115
1.4716022614097979
2.3068905956085186
2.5521796970665487
2.4248356349861977
2.5634425677041555
2.565445018842856
2.2988252450030506
2.3395722619867225
2.0758692966977272
2.469240782172285
1.8464393446710154
1.8954618442383218
1.5304930567574826
2.440223928941852
2.536608254391499
2.378783493486175
1.8250112108241772
1.5919171866886992
0.0
2.3395722619867225
2.0758692966977272
2.0634582986483037
2.469240782172285
1.8464393446710154
1.8954618442383218
1.5304930567574826
2.440223928941852
2.125814583693911
2.188721875540867
2.1887218755408666
2.584023687015089
2.3718956694089637
2.188721875540867
2.4834585933443494
2.4047933024618025
2.401058322494375
1.9591479170272446
2.4729055953200563
2.064042639445697
2.161978179679554
2.188605019032325
2.279799131837405
1.6143308351592656
2.075869296697727
2.41896119556797
2.52902557364365
2.635002766578379
2.3395722619867225
2.0758692966977272
2.469240782172285
1.8464393446710154
1.8954618442383218
2.072905595320056
1.721928094887362
1.6729330318733675
2.4056390622295662
2.422579761842491
0.5916727785823275
0.863120568566631
2.120952031026403
2.2256051990169436
2.1174924611847548
2.117492461184755
0.9852281360342515
1.9877733714879842
2.125814583693911
2.279799131837405
2.199687794731328
1.760495029766198
2.146465798504072
1.867633890971212
2.2322628970242686
2.054585169337799
2.4300365325772657
0.863120568566631
2.6572682296173897
1.922023142851573
2.7214398352972786
2.0758692966977272
2.2806390622295662
1.9362600275315274
2.4300365325772657
1.780672129520887
2.417770810932337
1.8262452584026092
2.5987001726187984
1.9951805283708426
2.2988252450030506
1.0
1.7709505944546688
1.2001882589854418
2.1258145836939115
1.5304930567574826
1.224394445405986
2.038159681645953
2.2389205950315936
2.8756780158646094
2.3825264723482737
1.896240625180289
2.6654287319935026
1.9362600275315274
2.4237949406953985
2.1416195253341384
2.756866543182522
2.046439344671015
2.0744803505299636
2.1258145836939115
2.41896119556797
2.078491674029184
2.9881081122623816
2.359879028736861
1.3567796494470397
2.161978179679554
2.217021885879718
2.1179631753145163
2.5637169871277954
1.3784188527203236
2.3395722619867225
2.0758692966977272
2.469240782172285
1.8464393446710154
1.8954618442383218
1.5304930567574826
2.440223928941852
1.0
0.863120568566631
2.2953570516174424
2.440404017720928
2.3515937233487554
2.188721875540867
2.1887218755408666
2.298852726158181
2.6660563421790617
2.125814583693911
1.6858157091530304
2.188721875540867
2.319973094021975
2.013132465170739
2.188721875540867
2.1492799881316267
2.7144093452479403
2.1820058147602133
2.230994305917858
1.321606958388347
2.4010583224943756
2.6480702569172987
1.3709505944546687
2.480797137001491
2.573934896284056
2.5839004122974276
1.9877733714879842
2.2988252450030506
1.5
1.8464393446710154
2.592850131858461
1.9508257945180885
2.1258145836939115
2.710070621397605
2.406666316740689
2.413088436425757
0.9182958340544896
2.4460468937324555
1.9591479170272446
1.9219280948873623
1.890983039555024
1.3516441151533922
2.5048003829823355
2.663532754804254
2.128085278891394
2.1258145836939115
2.1895084675586194
2.5433211645258824
2.4300365325772657
2.188721875540867
2.602781697819743
2.256908989558354
2.406666316740689
2.359879028736861
1.9362600275315274
1.5304930567574824
2.084962500721156
2.7321588913645702
2.439005517604766
1.9830841641434374
2.263809173883546
2.4387439204017474
1.8464393446710154
1.8954618442383218
2.072905595320056
1.9362600275315274
1.721928094887362
2.406666316740689
2.359879028736861
1.9362600275315274
2.4410685859554375
1.5304930567574824
2.084962500721156
2.209888638014727
1.6171895725927152
2.353190671338322
2.0545851693377997
2.4961268547517808
2.41896119556797
2.62540511856043
2.497758610551226
2.054585169337799
2.8483739120143685
2.0758692966977272
2.045925424535202
2.406666316740689
2.359879028736861
1.9362600275315274
2.2892464285091583
1.5304930567574824
2.084962500721156
2.8604022619686633
2.084962500721156
2.23698375547452
2.4056390622295662
1.5770501738020193
1.9591479170272446
2.1920058354921066
2.188721875540867
2.365596230357602
2.0670314951575843
1.789929075309999
2.270942421748537
2.084962500721156
2.5550365325772657
2.4772170014624826
2.117492461184755
1.7841591278514217
2.3319805666410693
2.384183719779189
2.2988252450030506
1.7916674843771045
0.8030717273241024
2.252382634930252
0.9864267287308424
1.9086126988727123
2.378783493486176
1.4854752972273344
1.992778107459939
2.1711395066729176
2.188721875540867
0.8658566174572235
2.396782221599798
0.863120568566631
2.133937566094917
2.638297570278019
1.9219280948873623
2.0349409139562287
0.32984607020714635
2.199687794731328
2.133937566094917
2.0524212838293647
2.054585169337799
1.9219280948873623
2.072905595320056
1.5709505944546684
2.125814583693911
2.077819531114783
2.1266144718101816
2.1258145836939115
0.0
1.3609640474436813
2.188721875540867
1.9942994759573032
2.117492461184755
2.199687794731328
2.8364064892770937
2.018310781820059
2.7131243840367345
1.9386790169573507
2.2988252450030506
2.6157246054471703
2.582793613254951
2.3082708345352603
1.9852281360342514
2.2856005389623073
1.6858157091530304
2.2516144718101816
2.270942421748537
2.9451422801451357
1.9362600275315274
2.1812056673346514
2.5
2.054585169337799
2.1258145836939115
2.271782221599798
2.0545851693377997
2.642079563925711
1.676737030052133
2.4191133005120027
2.25
1.9362600275315274
1.3516441151533924
2.395998870534841
2.4659573209491747
2.3071885761626687
2.1258145836939115
1.6729330318733675
2.3395722619867225
2.0758692966977272
2.469240782172285
1.8464393446710154
1.8954618442383218
1.5304930567574826
1.721928094887362
1.823067982273661
1.4355205042826666
2.209888638014727
2.6153196182512763
2.6974749995352743
2.311278124459133
2.4584538292330587
2.263809173883546
2.646240625180289
1.9362600275315274
1.3516441151533924
2.717090774749888
2.5304930567574826
2.33012496531497
2.1258145836939115
2.372094637795624
2.3395722619867225
2.0758692966977272
1.8464393446710154
1.8954618442383218
1.5304930567574826
2.084962500721156
1.3516441151533924
2.1258145836939115
2.2359263506290326
2.7527152789797045
1.8542858719872461
2.320423374953668
3.0283255021937237
1.9877733714879842
1.5709505944546687
2.698769054479949
1.9852281360342514
2.3718956694089632
2.2389205950315936
1.584962500721156
2.2464393446710154
2.258846120761488
2.1238738112583997
2.408694969562842
2.045841640885174
2.084962500721156
1.086943753557998
2.084962500721156
2.188721875540867
1.9362600275315274
1.3516441151533924
2.395998870534841
1.9362600275315274
2.380430487800112
2.0758692966977272
2.469240782172285
1.8464393446710154
1.8954618442383218
1.7295739585136223
2.440223928941852
2.0758692966977272
2.7690301488567273
1.7884504573082896
2.4213152774012365
2.3393585781311126
2.199687794731328
2.072905595320056
1.5916727785823275
2.4300365325772657
2.62025908241042
2.4410685859554375
1.8073549220576042
2.3522170014624826
2.084962500721156
2.3828560636920493
2.3432578733442675
1.5709505944546687
1.295461844238322
2.36902557364365
2.463366342754057
1.7609640474436812
2.197965046876722
2.3711959760363217
2.1622358759201323
0.6402064333604701
2.377443751081734
2.103909910282364
2.625671327604699
1.9591479170272446
0.8812908992306927
2.2302580066874333
2.375
2.787501743690737
2.1843010872284934
2.0836903892064838
2.563716987127796
2.0
2.084962500721156
1.5
2.227217001462482
2.270942421748537
2.0814963295286755
2.1258145836939115
2.217021885879718
1.584962500721156
1.8585552118703144
2.2051099000738694
2.3071885761626687
2.0989295636909353
1.7758589482446405
0.7642045065086203
0.7642045065086203
0.0
1.8250112108241772
1.6729330318733675
2.452819531114783
0.0
2.199687794731328
2.4885548621928453
2.022579761842491
2.582059910580257
1.823067982273661
2.4263406353754373
2.0202442071537563
1.5709505944546684
2.1887870678023824
2.125814583693911
2.2830741894285698
2.125814583693911
1.8676338909712125
2.049452072789394
2.114805144339332
2.5868878409958134
1.9751060324573733
2.063458298648303
2.1619781796795534
2.2806390622295662
2.2806390622295662
2.217021885879718
0.5916727785823275
2.1258145836939115
2.1414460711655217
2.1556390622295662
2.4056390622295662
2.1556390622295662
2.4056390622295662
1.4854752972273344
1.4854752972273344
1.7609640474436812
2.197965046876722
2.3711959760363217
2.1622358759201323
1.7609640474436812
2.197965046876722
2.3711959760363217
2.1622358759201323
2.5282129458410014
2.074164743022575
2.074164743022575
2.188721875540867
2.5306390622295662
2.188721875540867
2.5306390622295662
2.2986806089179543
2.2986806089179543
2.582059910580257
2.2988252450030506
2.075869296697727
2.188721875540867
1.9591479170272446
2.005977711423774
2.1174924611847548
1.3244602933016414
2.3432578733442675
1.9362600275315274
2.385793200164783
2.136057200263827
2.188721875540867
2.440404017720928
2.35845859334435
2.365596230357602
2.1258145836939115
1.9219280948873623
1.9698157824268105
2.3695710038552735
1.896240625180289
2.4022921890824147
2.021782221599798
2.1209520310264036
2.3858918754134004
0.5225593745369408
2.05632607578088
2.125814583693911
1.3516441151533922
2.365596230357602
1.188721875540867
2.4703255391900414
2.2988252450030506
1.823067982273661
2.399397470347699
1.8676338909712125
0.5435644431995964
2.796711005745808
2.270942421748537
2.378783493486176
2.270942421748537
2.1577174691301484
2.2758361633051267
2.1406064599010723
1.311278124459133
2.7153266987718085
2.103909910282364
2.6657769146135104
2.4056390622295662
1.9362600275315274
2.792837797403416
1.561278124459133
0.0
2.684017280829845
2.6873230684749942
2.049452072789394
2.084962500721156
2.58429531609601
0.7642045065086203
2.321812890933273
2.621928094887362
0.0
2.382856063692049
2.708098663501805
2.263809173883546
2.6841837197791887
1.224394445405986
1.650022421648354
2.217021885879718
1.9362600275315274
2.289246428509158
2.199687794731328
2.263809173883546
2.607861226141998
2.2892464285091583
1.1567796494470395
2.56488945173324
2.452819531114783
2.452819531114783
1.5058762556041068
2.4828887343025685
2.1735572622751853
2.199687794731328
1.9473387961875537
1.8542858719872461
2.224576009144925
0.26676498780302604
2.3413152774012365
0.0
1.061278124459133
2.206238928653389
2.515789584174682
1.224394445405986
2.390468570732828
2.188721875540867
2.3204233749536685
2.5032583347756456
2.263809173883546
2.5100564603565387
2.146465798504072
1.8676338909712125
2.049452072789394
2.2222748944744395
2.038159681645953
2.206238928653389
2.188721875540867
2.651046929097081
2.3220847276178658
2.4464124990649547
2.3666871924991266
1.9591479170272446
1.6171895725927152
1.4355205042826666
2.061278124459133
1.5219280948873621
2.188721875540867
2.224601752714581
2.155968102145908
1.9591479170272446
2.5503407095463877
2.2608203181716595
2.3843641434371503
1.8553885422075338
2.503701696057348
2.5165307808611694
1.6729330318733675
2.384183719779189
2.2632373013477065
2.188721875540867
1.867633890971212
2.5517349073164506
2.4300365325772657
2.1179631753145163
2.153291231890481
1.9362600275315274
2.224601752714581
2.3627402784989338
2.5246850668814873
1.0534081504863568
1.867633890971212
0.41381685030363374
2.224601752714581
2.8148133232542225
2.4477979600193267
2.332914563979398
2.0349409139562287
2.4570148112524404
1.0
2.838479086883498
2.2055716462050174
1.9148147454380162
2.7758386473820615
2.174583503614888
2.4885548621928453
2.075869296697727
2.3935474965388988
2.5249449750847117
2.5503407095463886
2.289246428509158
2.199687794731328
2.452819531114783
2.4594316186372973
2.4159220638351666
1.3921472236645345
2.3248629576173565
0.9852281360342515
1.4466166676282082
1.7609640474436812
2.0545851693377997
2.570332619710573
2.074164743022575
1.9362600275315274
2.054585169337799
1.6171895725927152
2.4402239289418524
2.9687474704171417
2.4748917178498937
1.295461844238322
2.120952031026403
2.188721875540867
2.084962500721156
2.038159681645953
2.332914563979398
2.270942421748537
1.224394445405986
2.188721875540867
1.895461844238322
2.384602696255584
2.769889573117192
2.6512963907477656
2.70143323925505
2.65282575549396
2.6873230684749934
2.1967916319816365
1.573402452417767
2.439268146254097
2.289246428509158
2.1416195253341384
2.440223928941852
2.005977711423774
2.422579761842491
2.385256822154024
2.1416195253341384
2.188721875540867
2.069138368194343
2.484255144794799
2.3522170014624826
2.117492461184755
2.8327230088457287
2.038159681645953
2.3248629576173565
2.4588718484453604
2.5261207468426807
2.4980775466236413
0.9182958340544896
2.2322628970242686
2.084962500721156
2.2667574842042293
2.557727778739319
2.3973349103525243
2.128085278891394
2.188721875540867
2.188721875540867
2.5521796970665487
1.7295739585136223
2.016875695766564
2.2825887305018333
2.3395722619867225
1.8676338909712125
2.0349409139562287
2.199687794731328
2.3179508276569885
1.9110928353580845
2.5346939516467017
2.748391459391342
2.3522170014624826
2.2339466645252255
2.188721875540867
2.5157895841746822
2.224601752714581
2.33012496531497
2.1995812306460647
1.855388542207534
1.0957952550009336
2.5521796970665482
1.7709505944546688
2.5887791855917497
2.7303816178505813
1.9473387961875537
1.9211796919474975
2.270942421748537
2.188721875540867
2.148834854280917
2.332914563979398
2.2322628970242686
1.676737030052133
2.4237949406953985
2.0350849518197798
1.9591479170272448
2.4729055953200563
2.3921472236645345
1.789929075309999
2.084962500721156
1.9362600275315274
2.452819531114783
0.5916727785823275
2.4300365325772657
2.263809173883546
2.188721875540867
2.188721875540867
2.3329145639793976
2.321127473337187
1.4320062125405801
0.0
1.3485878960124222
2.374693951646702
2.084962500721156
2.188721875540867
0.5916727785823275
2.188721875540867
1.3609640474436813
1.9591479170272448
2.263809173883546
2.161978179679554
1.965596230357602
2.565445018842856
2.4834585933443494
2.977632397161908
0.0
2.460904932167797
2.188721875540867
2.117492461184755
2.2607845582978525
2.021782221599798
2.475273234346241
2.2051099000738694
2.282588730501833
2.523986065961297
2.5226203095310216
2.0202442071537563
0.863120568566631
2.2988252450030506
1.896240625180289
2.350209029099897
1.6858157091530304
2.155968102145908
2.2440954395801542
2.253553208956351
2.054585169337799
2.048542139499064
2.199687794731328
1.2406705316766884
2.1179631753145163
1.8585552118703144
0.0
2.3068905956085186
1.8262452584026092
2.116299605701696
2.3959988705348416
2.0545851693377997
2.0822784598812127
2.208196592277087
2.4464393446710155
2.78021021125315
2.399397470347699
2.1174924611847548
2.557727778739319
2.0170949781550753
1.6729330318733675
2.4473387961875535
0.9219280948873623
1.867633890971212
2.5028246923615067
2.2856005389623073
1.8676338909712125
2.498077546623641
2.5102415025019114
2.440223928941852
1.9362600275315274
2.125814583693911
2.5048003829823355
3.0542894493306574
1.8810947601100747
2.513493416679643
2.363865121950854
0.9864267287308424
2.3608015840569645
1.6854752972273344
2.199687794731328
2.054585169337799
2.2577560641285177
2.5000000000000004
1.8423709931771084
2.125814583693911
2.169925001442312
0.9182958340544896
2.2892464285091583
2.181937063546704
2.3523479118118216
0.5032583347756457
1.789929075309999
2.1464657985040723
2.365596230357602
2.1559681021459083
1.929309207916729
2.5226203095310216
2.049452072789394
2.1690354219421173
2.5521796970665487
2.188721875540867
2.260820318171659
2.7332062193464948
2.4772170014624826
2.2339466645252255
1.8676338909712125
1.8230264907128848
2.4349054335653717
1.781937063546704
2.5498550315128585
2.3715335947907836
2.2312702546075758
1.789929075309999
2.356274138188494
2.339572261986723
1.9362600275315274
1.7609640474436812
2.0349409139562287
1.9362600275315274
2.5226203095310216
2.1416195253341384
2.6354783923517706
2.382856063692049
2.1162996057016965
2.054585169337799
2.553269689515108
2.1800365325772657
1.7924812503605778
2.3517374334224663
1.95006375643621
2.4842551447947994
1.2494602799216175
1.9219280948873623
2.3828560636920493
1.3567796494470397
2.6199707109276353
2.1342638865876546
2.2256051990169436
2.4264025411052232
2.35845859334435
1.9709505944546686
1.8322488896002305
1.8464393446710154
2.5304930567574826
1.061278124459133
2.054585169337799
2.7173035884653864
2.3248629576173565
2.448815635725185
1.8970885233060786
2.563716987127796
1.9591479170272446
2.1464657985040723
1.4854752972273344
2.270942421748537
2.641249800455479
2.038159681645953
2.6978458230844127
2.6420846845805
2.1820058147602133
2.084962500721156
2.378783493486176
2.717126390731844
1.93012496531497
1.6143308351592656
2.375
2.194266986672329
1.061278124459133
2.5724312513221195
1.823067982273661
2.353759374819711
1.6729330318733675
0.6500224216483541
2.7277806991523845
2.4115091984199104
2.452819531114783
2.3156678763770073
2.5157895841746822
2.35274578087187
2.1545360655058308
1.9182958340544896
2.0741647430225756
2.353190671338322
1.5590407098181929
2.7610276044371003
2.3355055565170972
2.33012496531497
1.6854752972273344
2.408694969562842
1.8230264907128848
1.224394445405986
2.188721875540867
2.446616667628208
2.256564762130954
2.378783493486176
2.3921472236645345
2.3828560636920493
2.1055872616982603
1.4854752972273344
2.188721875540867
2.1174924611847548
1.5709505944546684
2.359879028736861
2.161978179679554
2.4436420209076157
2.188721875540867
1.9591479170272446
1.867633890971212
1.9362600275315274
1.3921472236645345
2.1492553971685
2.48345859334435
1.8676338909712125
2.6126502330422663
1.5
2.523986065961297
1.7709505944546688
1.4854752972273344
2.5239860659612976
2.345163145516575
2.1619781796795534
2.1887218755408666
2.660964047443681
1.0
2.188721875540867
2.064042639445697
1.823067982273661
2.3695710038552735
2.3248629576173565
2.2892464285091583
2.3248629576173565
2.339572261986723
2.1273877651912745
1.5709505944546684
0.863120568566631
2.0922718656836103
2.0274893113295236
2.1686919626151138
2.125814583693911
2.3627402784989338
2.188721875540867
2.339572261986723
2.4825840674218598
2.1258145836939115
2.1920058354921066
2.2942740671928616
2.1887870678023824
2.622905175891721
2.693823039506263
1.8879185026711327
2.169598925952671
2.1174924611847548
2.1258145836939115
2.057328318899993
2.4056390622295662
2.4056390622295662
2.463865121950854
2.063865121950854
2.3704304610786884
1.8542858719872461
2.0418145155018155
1.992778107459939
2.7069278776239933
2.4300365325772657
1.867633890971212
1.7295739585136223
1.3516441151533922
2.1258145836939115
1.5304930567574824
1.867633890971212
2.1258145836939115
2.202819531114783
2.064042639445697
2.339572261986723
2.063458298648303
2.3329145639793976
2.365596230357602
1.6858157091530304
2.148834854280917
2.5868878409958143
2.607861226141997
2.196791631981637
2.188721875540867
2.4138338639736006
2.4202776983278502
2.188721875540867
2.1209520310264036
2.2954656791802917
2.0758692966977272
2.091917186688699
2.0671306883354066
1.8073549220576042
1.2987949406953985
2.188721875540867
2.5304930567574826
2.5990795706241743
1.2987949406953985
2.35274578087187
2.48345859334435
0.6500224216483541
1.7841591278514217
2.365596230357602
2.4662478973127313
2.2856946147259993
1.9362600275315274
2.399397470347699
1.8879185026711327
1.823067982273661
2.1492553971684996
2.5868878409958134
2.4219280948873623
2.2256051990169436
2.0131324651707385
2.005977711423774
2.224601752714581
2.1258145836939115
2.86119255233138
1.8585552118703144
2.260820318171659
1.280672129520887
1.9219280948873623
2.1995812306460647
2.6364632458546655
2.3787834934861753
2.7995515516942553
1.4353713907745331
1.561278124459133
1.5304930567574826
2.7153266987718094
2.045841640885174
2.7464458186982332
2.1820058147602133
3.1087050393934486
2.399397470347699
1.992778107459939
2.199687794731328
2.796217602590056
2.133937566094917
1.5
1.6140054628542204
2.155968102145908
2.1209520310264036
2.2322628970242686
2.4300365325772657
2.1258145836939115
1.867633890971212
1.5
2.3329145639793976
1.8050365325772657
2.063458298648303
2.0150246621385124
2.684006257482367
2.6969650700308394
1.5219280948873621
2.3248629576173565
2.078491674029184
2.199687794731328
2.054585169337799
2.472905595320056
2.3745560483818835
2.146240625180289
2.709275070710713
2.4355205042826666
2.3196275363413563
2.270942421748537
1.4466166676282082
2.0930692077718893
2.855388542207534
1.7841591278514217
1.7709505944546688
2.3695710038552735
2.064042639445697
1.9591479170272448
2.406666316740689
2.5282129458410014
2.263809173883546
2.3588718484453604
0.0
1.863120568566631
2.4767967526855204
1.896240625180289
2.2256051990169436
2.584023687015089
1.224394445405986
2.380430487800112
2.0487949406953985
2.1179631753145163
0.9912642605354288
2.668980145022532
2.58877918559175
2.117492461184755
2.439268146254097
2.7247198033190516
2.10845859334435
0.9864267287308424
2.223219672335508
1.789929075309999
2.120952031026403
2.2806390622295662
2.054585169337799
2.289246428509158
2.3695710038552735
1.6729330318733675
2.188721875540867
2.074164743022575
1.2776134368191154
1.9591479170272446
1.5304930567574824
2.155968102145908
1.9591479170272446
2.049452072789394
2.660374329980682
2.064042639445697
2.202819531114783
2.0294069451656007
2.202819531114783
1.4182958340544896
2.1735572622751853
1.4182958340544896
2.1735572622751853
1.4182958340544896
2.1735572622751853
1.4182958340544896
2.1735572622751853
2.0294069451656007
2.202819531114783
2.0294069451656007
2.1735572622751853
1.4182958340544896
2.1735572622751853
1.4182958340544896
2.1735572622751853
2.392277173072062
2.3305576533947314
2.571655304336096
2.594442616852682
2.4200824632751345
1.9735572622751854
2.263809173883546
2.31030833266923
0.954434002924965
2.217021885879718
2.4613201402110088
2.3515937233487554
2.0545851693377997
2.404447335153047
2.1920058354921066
2.35274578087187
2.6938598340464273
1.9219280948873623
2.4387439204017474
2.490468570732828
1.2554312795575997
1.4355205042826666
2.378783493486176
1.5709505944546687
2.463458298648303
1.224394445405986
1.6858157091530304
2.4193819456463714
2.702940087321047
2.5641893753728273
1.561278124459133
0.863120568566631
2.1040437177782714
2.133937566094917
2.3248629576173565
2.1339375660949167
2.365596230357602
1.9362600275315274
0.5916727785823275
1.9709505944546686
2.452819531114783
1.188721875540867
1.7382689280764647
2.0998625053956435
2.615724605447171
2.33012496531497
1.9877733714879844
2.5521796970665487
2.4056390622295662
0.9219280948873623
1.789929075309999
2.209888638014727
2.188721875540867
1.6767370300521325
2.199687794731328
1.9709505944546688
2.1416195253341384
1.4355205042826666
2.2577560641285177
1.9508257945180885
2.3248629576173565
1.3250112108241772
2.209888638014727
2.5306390622295662
1.867633890971212
1.7219280948873623
2.217021885879718
2.372094637795624
1.3709505944546687
1.4355205042826666
2.1416195253341384
1.3143204867061788
2.3208020839342964
1.9877733714879842
2.3905221638730176
1.7695459925589747
2.6729330318733666
1.3567796494470397
2.25
1.9877733714879842
2.332914563979398
1.8892464285091581
2.133937566094917
2.6105184777961434
2.084962500721156
2.6389205950315935
2.0545851693377997
2.3898980954642877
2.084962500721156
2.23345859334435
2.084962500721156
2.614369445886757
1.5545851693377997
1.8464393446710154
2.5
1.924174352300441
2.188721875540867
2.7720966889958754
2.2988252450030506
2.33012496531497
2.1339375660949167
2.396782221599798
1.676737030052133
2.5232196723355074
2.3248629576173565
2.289246428509158
2.8967951677440036
2.161978179679554
2.5580510765444573
2.1996877947313282
2.0131324651707385
2.188721875540867
1.8262452584026092
2.3921472236645345
2.188721875540867
2.270942421748537
1.7295739585136223
2.332914563979398
2.331802673624286
1.9591479170272446
2.188721875540867
2.0989295636909353
1.9713352853069812
2.270942421748537
1.9877733714879842
1.9219280948873623
2.406647097785926
2.35274578087187
2.4834585933443494
2.3522170014624826
2.428770585643888
2.5637169871277954
1.4466166676282082
2.3301249653149703
2.516027641266231
1.8464393446710154
2.796217602590056
1.9508257945180885
2.8086949695628416
0.0
2.3921472236645345
2.206238928653389
2.4066663167406888
1.9591479170272446
2.6069367321753214
2.120952031026403
2.0291879202351275
2.1658364677319706
2.765745201466867
2.3248629576173565
2.25
2.4864580716281224
2.091917186688699
2.278351811711312
2.091917186688699
2.446439344671015
1.7381493331928664
1.8954618442383218
2.133937566094917
2.116299605701696
2.3650623812953038
2.209888638014727
2.054585169337799
2.6078612261419973
1.5709505944546687
2.2569089895583545
1.7709505944546688
2.188721875540867
1.823067982273661
2.1258145836939115
1.676737030052133
0.0
2.418722908066561
2.5724312513221195
2.084962500721156
2.125814583693911
2.0922718656836103
0.9612366047228759
2.7285240579044836
2.074164743022575
2.188721875540867
2.274397470347699
2.440404017720928
2.484255144794799
2.2389205950315936
0.0
2.2987949406953985
2.103909910282364
2.7527152789797045
1.6854752972273344
2.8419711876544116
2.2062389286533897
2.6261207468426804
2.516055582776814
2.084962500721156
2.2987949406953985
2.1916116417513782
2.5580510765444573
1.5916727785823275
2.751305687203405
2.1339375660949167
2.4159220638351666
2.1492553971684996
2.6100635408770723
2.209888638014727
1.4911148500551854
0.9852281360342515
2.084962500721156
2.224601752714581
1.886088202661124
1.5510981710072647
2.365596230357602
2.550340709546388
2.639405256243525
1.8676338909712125
2.188721875540867
1.9508257945180885
2.133937566094917
1.965596230357602
3.0385808915077086
2.675084951819779
2.0306390622295662
2.0930692077718898
2.3720946377956236
2.634602696255584
1.224394445405986
2.208196592277087
2.5
2.1690354219421173
2.199687794731328
2.188721875540867
1.789929075309999
1.896240625180289
2.133937566094917
2.0989295636909353
2.120952031026403
1.8464393446710154
2.8086949695628416
2.775602858125843
2.28332693768606
1.7609640474436812
2.452819531114783
2.1174924611847548
1.9877733714879842
2.075869296697727
1.9473387961875537
2.278351811711312
1.3921472236645345
1.5058231002082845
1.0
1.9877733714879842
2.3718956694089637
1.4355205042826666
2.3131006664157687
1.8810947601100745
2.125814583693911
2.3068905956085186
2.311278124459133
1.9508257945180885
2.199687794731328
2.4115091984199104
1.8843135277997989
0.863120568566631
0.954434002924965
1.911513245356442
2.0157404324930677
2.5154922063267176
2.084962500721156
2.1735572622751853
2.075869296697727
1.6258145836939115
1.7169171866886992
0.0
2.406666316740689
2.288019280279689
0.8366407419411672
2.1492553971685
2.125814583693911
2.1887218755408666
2.363865121950854
2.793608560891982
2.698887010179901
2.1406064599010723
2.3749589477025563
2.224601752714581
1.867633890971212
2.038159681645953
1.8250112108241772
2.1820058147602133
2.270942421748537
2.411509198419911
2.2825887305018333
2.4305946180235423
2.188721875540867
1.780672129520887
2.389898095464287
2.4772170014624826
2.0989295636909353
2.2892464285091583
1.7709505944546688
2.0670314951575843
2.125814583693911
1.7004397181410922
1.823067982273661
2.199687794731328
2.2942740671928616
2.199687794731328
0.6500224216483541
2.117492461184755
2.3627402784989338
2.4692407821722844
2.3329145639793976
1.6854752972273346
1.561278124459133
2.66829583405449
2.1174924611847548
2.217021885879718
2.224601752714581
2.463366342754057
2.8922633755974188
2.8085435878119105
1.7609640474436812
2.327632809290636
2.270942421748537
1.9877733714879842
2.6688388898504303
2.103909910282364
1.4056390622295665
2.4662478973127313
0.0
2.7336153470132447
1.7709505944546688
2.133937566094917
2.084962500721156
2.217021885879718
2.197159723424149
2.4613201402110088
2.1820058147602133
2.405308142864093
2.276929658423764
2.010801621331162
2.3242764617775697
0.0
1.8585552118703144
1.8322628970242685
1.9591479170272446
2.23345859334435
2.5722539283649266
1.8380267541624737
2.704986855772667
1.9591479170272446
2.3282129458410017
2.3464393446710154
0.0
2.750790317576393
1.9362600275315274
2.038159681645953
1.3567796494470397
1.6729330318733675
0.4689955935892812
2.1836670779209113
2.2389205950315936
2.0294069451656007
1.4911148500551858
2.3248629576173565
1.4299111709758698
2.049452072789394
1.7219280948873623
2.1492553971685
2.074164743022575
1.8854752972273343
2.6164464938567304
2.763313653112509
2.188721875540867
2.054585169337799
2.2081965922770874
2.378783493486176
2.146782221599798
2.188721875540867
2.2825887305018333
2.4569885365913757
1.5726236638951638
1.9877733714879842
2.3208020839342964
0.0
2.53257325750262
2.5414460711655216
2.585475297227334
2.927188793697419
2.561848239589024
1.896240625180289
2.2988252450030506
1.8879185026711325
2.199687794731328
0.9852281360342515
1.9808259362290785
1.8810947601100745
2.278351811711312
2.161978179679554
2.3405038327557683
2.3329145639793976
2.0989295636909353
2.084962500721156
2.125
2.1619781796795534
2.1258145836939115
1.7709505944546688
2.810446901403826
2.2256108145207376
1.9508257945180885
1.9068905956085187
2.1119894860045334
1.9362600275315274
2.125
1.9362600275315274
2.064042639445697
2.1887218755408666
2.224601752714581
1.4355205042826666
2.472905595320056
1.6854752972273346
1.7709505944546688
1.7709505944546688
2.145136370153053
2.57882039287438
1.712935039619369
2.146782221599798
2.225610814520738
1.870253816431622
0.954434002924965
1.7609640474436812
2.4289300521347013
2.188721875540867
2.188721875540867
2.491863871135249
2.2359263506290326
2.133937566094917
1.224394445405986
1.6854752972273344
2.574478415913081
2.424390712584253
1.8423709931771084
1.8716022614097982
2.6199707109276353
2.825715582384555
1.4516607643577668
2.424835634986198
1.584962500721156
2.0381596816459533
2.3804304878001115
2.2256051990169436
2.2825887305018333
1.9709505944546686
2.2806390622295662
2.5227400452149493
2.0193669379142167
2.48702144807822
2.7922753423657825
2.4587037808644103
2.542683189255492
2.3841837197791884
2.689167594355419
1.7987949406953985
2.392147223664534
2.1368005201485647
1.7987949406953985
2.392147223664534
1.8919954870390203
1.8676338909712122
2.446439344671015
2.751610325528167
2.365596230357602
2.5366082543915
2.682024710355254
2.4010583224943756
2.406666316740689
2.054585169337799
2.406666316740689
2.058053136652385
2.4419235206010987
1.7961796919474975
2.1258145836939115
1.0214554656116666
0.9852281360342515
2.117492461184755
0.0
1.855388542207534
1.5465935642949382
2.1258145836939115
1.7633584292311082
2.1967916319816365
2.0670314951575843
1.5
2.019035274338866
1.4466166676282082
2.3261207468426806
2.763865121950854
2.2577560641285177
2.155221528859512
1.9709505944546686
2.465069461815837
2.2750849518197795
2.224394445405986
2.199687794731328
2.4056390622295662
2.1258145836939115
2.1258145836939115
2.48345859334435
2.199687794731328
2.2544475789720946
2.133937566094917
2.565445018842856
2.463366342754057
1.9182958340544893
2.1258145836939115
2.3037016960573484
2.1539101992270626
2.509594013910144
2.3718956694089637
2.9834651896016466
2.406666316740689
1.9591479170272446
1.3516441151533922
2.078491674029184
0.7793498372920851
1.7709505944546688
2.469240782172285
2.39207883297832
2.3395722619867225
1.7295739585136223
1.271782221599798
1.9362600275315274
2.064042639445697
2.452819531114783
1.8879185026711327
2.1295679874183233
1.9237949406953985
1.061278124459133
2.406666316740689
2.1339375660949167
2.4225797618424916
2.1800365325772657
1.650022421648354
2.1174924611847548
1.3516441151533922
1.896240625180289
2.3707993968921874
2.6848100275039113
2.005977711423774
2.2584598927441624
1.896240625180289
2.075869296697727
2.1887218755408666
2.440404017720928
2.35845859334435
2.681625957074392
2.440223928941852
2.6533910211033684
1.5465935642949382
1.9254106352407239
1.5394847569315018
2.186278124459133
2.319973094021975
1.9709505944546686
0.8112781244591328
2.617189572592715
0.863120568566631
2.536310718025272
2.7172273023973528
1.8919954870390203
2.279799131837405
2.887639678912951
0.0
2.199687794731328
1.9307591054571327
2.1258145836939115
2.049452072789394
2.199687794731328
2.125814583693911
2.103909910282364
1.5709505944546684
2.452819531114783
2.628085278891395
1.5
2.3522170014624826
2.0922718656836103
2.1416195253341384
2.365062381295304
2.1920058354921066
2.6382975702780196
2.389898095464287
2.378783493486175
2.064042639445697
2.079866219932571
2.199687794731328
2.125814583693911
2.3068905956085186
2.7559130951758246
2.701657324861974
2.0225797618424917
2.263809173883546
2.4056390622295662
2.243773828551915
1.6163485660751644
1.9208170316998658
2.298852726158181
2.084962500721156
2.681625957074392
1.6854752972273344
1.9016094970590274
2.1174924611847548
1.789929075309999
2.406666316740689
2.1280852788913944
2.2862340072839697
0.9910760598382222
0.0
1.867633890971212
1.823067982273661
2.4300365325772657
2.256564762130954
2.365596230357602
2.395998870534841
2.4701970429406517
2.270942421748537
2.251614471810182
1.6140054628542204
2.599011412296561
1.5709505944546684
2.6308269522460908
2.35274578087187
2.289246428509158
2.3789919869000626
2.199687794731328
2.3395722619867225
2.1258145836939115
2.563716987127796
1.5709505944546687
0.9852281360342515
1.207518749639422
0.7642045065086203
2.563716987127796
2.117492461184755
2.4225797618424916
2.4692407821722844
2.3659573209491747
2.6179781404530442
0.0
2.274397470347699
2.349601752714581
2.563944525001296
1.9508257945180885
2.054585169337799
2.3068905956085186
2.4225797618424916
2.038159681645953
2.0740534157249533
1.5510981710072647
2.125
2.33379987011787
2.8287814831406055
2.4047933024618025
2.188721875540867
2.270942421748537
2.2577560641285177
0.0
2.524576406519577
2.2322628970242686
2.3789919869000626
1.0892300788425848
2.7533967695947146
2.263809173883546
2.3082708345352603
2.5048003829823355
2.0157404324930677
2.188721875540867
2.685475297227334
2.1559681021459074
1.9362600275315274
1.8464393446710154
2.5849625007211556
2.463458298648303
2.0670314951575843
2.125814583693911
2.38027044308602
0.6500224216483541
2.354508493280131
2.35274578087187
2.5
2.399397470347699
2.181937063546704
2.3515937233487554
3.0985257479568604
1.5709505944546687
2.4037842385716446
1.5304930567574826
1.8810947601100747
2.4410685859554375
2.406666316740689
1.7381493331928661
2.161978179679554
2.1258145836939115
2.415922063835167
1.0
2.339572261986723
1.5726236638951638
1.1451104143815827
2.452819531114783
2.724141602214977
1.8919954870390203
2.188721875540867
1.224394445405986
2.469240782172285
2.353190671338322
2.1559681021459074
1.8585552118703144
1.9219280948873623
1.6691803368667308
2.061278124459133
2.2577560641285177
2.5771594944192313
2.5178941476196224
1.3567796494470397
2.096426511156002
1.6854752972273344
2.6416041678685938
1.8464393446710154
2.682024710355254
2.0930692077718898
2.9795739585136225
2.278351811711312
1.7758589482446405
1.3609640474436813
2.1055872616982603
1.6258145836939115
1.0
2.4806821149663847
1.4355205042826666
2.5637169871277963
2.084962500721156
1.9508257945180887
2.1649596952768952
1.7534343861887849
2.5226203095310216
2.1416195253341384
2.904962048576188
2.1774212838293647
1.9508257945180885
1.5919171866886992
2.0545851693377997
1.5304930567574824
2.542328989413759
1.8250112108241772
2.1739731346044096
2.0741647430225756
1.780672129520887
2.0741647430225756
2.6416396727898706
1.8676338909712122
1.8345145529557507
2.120952031026403
2.2062389286533897
2.3253314601288055
2.389898095464287
2.270942421748537
1.9473387961875537
2.474601752714581
1.6854752972273346
2.054585169337799
2.23345859334435
0.0
2.3395722619867225
2.161978179679554
2.377443751081734
2.5726236638951634
2.0349409139562287
1.895461844238322
2.346439344671015
1.853688226483452
2.274397470347699
2.217021885879718
1.8919954870390203
2.1859058356326795
1.6858157091530304
2.6448894517332406
2.335505556517097
2.292481250360578
2.084962500721156
2.263809173883546
1.7924812503605778
2.5464393446710156
2.35274578087187
1.9220231428515733
2.103909910282364
1.9071996707089482
2.559175927528495
1.9508257945180885
2.074164743022575
2.916666666666667
2.146782221599798
2.260820318171659
2.188721875540867
2.3329145639793976
2.133937566094917
2.6416396727898706
2.225610814520738
1.5709505944546687
1.2958363892911637
2.465069461815837
2.4103330981336
2.0464393446710156
1.5510981710072647
1.5219280948873621
2.1815525171888464
2.709728948501483
2.054585169337799
2.188721875540867
1.823067982273661
2.42612074684268
2.075869296697727
2.199687794731328
2.477175233435624
1.8230264907128848
2.7045348998193437
2.263809173883546
2.161978179679554
2.8342953160960103
2.061848989905408
2.113283334294875
2.197159723424149
2.406666316740689
2.2098886380147267
2.188721875540867
2.0131324651707385
2.5048003829823355
2.260820318171659
1.7709505944546688
2.0989295636909353
2.2464393446710154
2.049452072789394
2.4195562985716133
1.4885252948977485
2.350209029099897
2.4211274733371866
2.188721875540867
1.822815600352516
2.224601752714581
2.4767967526855204
2.382856063692049
2.0662478973127314
2.378783493486175
1.8585552118703144
2.5306390622295662
2.4419235206010987
2.8490767868168034
2.2272170014624826
2.2062389286533897
2.3828560636920493
2.8152023999804863
2.289246428509158
1.8464393446710154
2.224601752714581
2.5515148708628836
2.1258145836939115
1.789929075309999
2.5875282962354182
2.1995812306460647
2.35274578087187
2.0148867867278604
2.3876013115120562
1.3685225277282065
1.8339272176418302
2.2577560641285177
1.4854752972273344
2.35845859334435
2.3789919869000626
1.789929075309999
1.6729330318733675
2.185475297227334
2.378991986900062
1.9990298316961876
2.064042639445697
2.585010410269171
1.1567796494470395
2.2414460711655217
2.1416195253341384
2.7813172094432987
1.7381493331928664
1.0
2.472905595320056
1.4182958340544896
1.0
2.217021885879718
2.3329145639793976
2.146465798504072
2.0545851693377997
2.270942421748537
2.4692407821722844
2.5445313041488338
0.5032583347756457
2.0419460322060456
2.4066470977859256
2.256564762130954
2.2389205950315936
1.7709505944546688
2.188721875540867
1.9508257945180885
2.4305946180235427
2.199687794731328
1.5709505944546687
1.4355205042826666
2.0021722231837638
1.5304930567574824
2.440404017720928
1.1488348542809166
1.8828560636920488
0.9852281360342515
2.270942421748537
1.6258145836939115
2.4989339252754323
1.5709505944546684
2.199687794731328
1.9219280948873623
2.1258145836939115
2.57882039287438
1.3699740752745009
2.084962500721156
0.0
2.490635702569952
2.399397470347699
1.5465935642949382
2.1266144718101816
1.8676338909712125
2.557727778739319
2.25
2.161978179679554
2.0922718656836103
2.390863696857044
2.5834651896016467
2.601609497059027
2.146465798504072
2.4430741894285695
1.5709505944546687
2.1416195253341384
2.808811272188932
2.1416195253341384
2.614369445886757
2.4477979600193267
2.2825887305018333
2.074164743022575
2.35274578087187
2.2806390622295662
2.199687794731328
0.9709505944546686
1.4355205042826666
2.199687794731328
1.8676338909712125
2.1708068300952448
1.9362600275315274
1.9362600275315274
2.469240782172285
2.3787834934861753
2.3652199883467633
2.322756958897399
2.5301081092371764
2.291620193427939
1.9877733714879842
1.8676338909712125
2.460904932167797
1.9877733714879842
1.3609640474436813
2.3954344555185245
2.20662940295404
1.7295739585136223
2.522740045214949
2.2577560641285177
2.6792617822531843
2.2414460711655217
0.0
2.4477979600193267
1.0529407605626346
2.1156351273037877
1.5304930567574824
2.133937566094917
2.117492461184755
2.4584538292330587
2.188721875540867
2.054585169337799
2.6488840705376355
2.378783493486176
2.1405180562767114
2.133937566094917
2.437065831519022
2.389898095464287
2.3301249653149703
2.3082708345352603
2.789865782092892
2.643314758340638
2.103909910282364
0.6500224216483541
1.6858157091530304
2.260820318171659
2.0954618442383217
0.9219280948873623
2.188721875540867
2.072905595320056
1.561278124459133
2.6934363291449173
2.614369445886757
2.1920058354921066
2.188721875540867
2.5
2.1996877947313282
2.1820058147602133
2.2737288290053255
2.4086949695628417
2.270942421748537
2.075869296697727
2.0402239289418524
2.396782221599798
2.1258145836939115
2.319973094021975
1.9056390622295665
2.3248629576173565
2.5016094970590275
1.541982284286398
0.5916727785823275
2.271782221599798
2.563716987127796
2.206238928653389
2.188721875540867
2.5996659733039564
2.188721875540867
2.1179631753145163
2.4225797618424916
2.837405811425518
1.3752793655393791
1.9143411836123523
1.768853837616
2.4300365325772657
0.7642045065086203
2.415922063835167
2.064042639445697
2.254447578972094
1.823067982273661
2.5637169871277963
1.3092966682370037
2.450845997389856
2.586887840995814
1.9362600275315274
2.188721875540867
2.038159681645953
2.188721875540867
2.199687794731328
1.5709505944546687
1.9182958340544893
1.3516441151533922
2.072905595320056
2.188721875540867
2.3737359095258586
2.8797322990860357
2.35274578087187
1.8464393446710154
2.2892464285091583
1.9219280948873623
2.2389205950315936
1.6854752972273346
2.424835634986198
2.4164997849817107
2.188721875540867
1.789929075309999
2.0202442071537563
2.2995301445670657
2.1887218755408666
2.1414460711655217
1.8464393446710154
2.1339375660949167
2.0202442071537563
2.4047933024618025
1.5
2.188721875540867
2.5083614955614477
2.5964303691096404
2.1029334343823503
2.452819531114783
2.9858330978148526
2.155968102145908
2.086048612313038
2.3991303913908
2.225610814520738
2.1735572622751858
1.9362600275315274
2.0948567835487384
2.33012496531497
2.39207883297832
2.1492553971685
1.4854752972273344
2.586887840995814
1.9219280948873623
2.251614471810182
1.0
2.541248737855799
2.463366342754057
1.014097655573916
2.1280852788913944
1.8352377453121174
2.2577560641285177
1.061278124459133
2.0922718656836103
1.9219280948873623
1.775523493673489
1.9362600275315274
2.3959988705348416
2.1258145836939115
2.800409726860988
2.067031495157584
1.6854752972273346
2.3248629576173565
2.125814583693911
2.051431724404176
2.117492461184755
1.9877733714879842
2.839215333504909
2.399397470347699
1.7219280948873623
1.9746017527145814
2.0545851693377997
1.823067982273661
1.9751060324573735
2.576621220107491
2.3395722619867225
2.358938532350277
2.054585169337799
1.224394445405986
1.3516441151533922
2.4892147879496163
2.3071885761626687
1.8339272176418302
2.8598809775139524
2.038159681645953
2.5705981190900795
2.2062389286533897
2.666948741091982
2.4588718484453604
2.188721875540867
1.6258145836939115
1.5709505944546687
1.3516441151533922
2.188721875540867
1.7841591278514217
2.133937566094917
2.1179631753145163
2.1055872616982603
2.1619781796795534
1.7219280948873623
2.555913095175825
2.2892464285091583
2.188721875540867
2.117492461184755
2.3991303913908
1.6879430945989
2.411509198419911
2.3071885761626687
3.027350690793627
2.054585169337799
2.2806390622295662
2.044912733238945
2.1820058147602133
2.4115091984199104
2.133937566094917
1.8262452584026092
1.7295739585136223
2.2544475789720946
1.7783283537314114
1.6729330318733675
2.5917932260774954
2.209888638014727
1.8676338909712125
2.565445018842856
2.3921472236645345
2.406666316740689
1.9591479170272446
2.103909910282364
2.216917186688699
0.0
2.054585169337799
2.0458416408851736
2.038159681645953
2.188721875540867
2.5262804816836235
1.224394445405986
2.3928712980591227
1.895461844238322
2.1416195253341384
2.117492461184755
2.404678473063571
1.8542858719872461
2.3432578733442675
2.469394005061754
2.2892464285091583
1.7732143550933814
2.0814963295286755
1.295461844238322
2.2806390622295662
2.188721875540867
2.5638651219508537
2.5282129458410014
2.39207883297832
2.4056390622295662
1.9219280948873623
2.5715206744101833
2.48345859334435
1.4854752972273344
1.561278124459133
2.378783493486175
2.5521796970665487
2.1492553971684996
2.084962500721156
1.207518749639422
2.188721875540867
1.8230679822736608
1.9362600275315274
1.8676338909712125
2.3200753827546015
2.4464393446710155
2.909290593868871
2.155968102145908
2.460964047443681
1.8553885422075338
2.7638091738835464
2.9946490699864445
2.2414460711655217
2.469240782172285
2.9585943210590018
2.218378281790496
2.4047933024618025
2.270942421748537
2.327632809290636
1.3609640474436813
2.332914563979398
1.3108855473118677
1.9362600275315274
2.247084753917085
1.9219280948873623
2.094856783548739
2.352217001462482
2.1820058147602133
1.9362600275315274
2.2492870686521598
2.4771752334356245
2.0303025441303224
2.702904337188607
0.5916727785823275
2.2577560641285177
2.365596230357602
1.9852281360342514
1.9591479170272446
2.161978179679554
1.6258145836939115
2.270942421748537
2.1887218755408666
2.4159220638351666
2.2806390622295662
2.526280481683624
1.2987949406953985
1.7609640474436812
0.9864267287308424
0.9219280948873623
2.7944684148604475
2.374556048381884
1.6858157091530304
2.473269689515108
2.4896556703586477
2.040223928941852
2.2577560641285177
2.365596230357602
2.5048003829823355
1.8339272176418302
2.368547776483758
2.1258145836939115
2.1619781796795534
2.797902689682947
2.463366342754057
2.256564762130954
2.6420846845804995
2.395998870534841
2.556623811079363
2.452819531114783
2.4410685859554375
2.584498451560163
2.1258145836939115
0.9852281360342515
1.9709505944546686
2.332914563979398
2.3898980954642877
2.440223928941852
2.6640763600742634
2.6420846845805
1.9628066316931743
0.863120568566631
1.789929075309999
2.4056390622295662
2.1258145836939115
1.867633890971212
2.0758692966977272
2.5226203095310216
2.075869296697727
0.9182958340544896
2.6400890003852955
2.395998870534841
1.8657646371790226
2.4237949406953985
1.9508257945180885
2.161978179679554
1.8954618442383218
2.125814583693911
2.4591479170272446
1.789929075309999
2.675698135367987
2.377443751081734
1.5
1.9502275857214675
2.256564762130954
0.9912642605354287
1.9591479170272446
1.5304930567574826
2.744852826787264
1.9751060324573733
2.103909910282364
1.5709505944546687
1.8077635764171942
1.9591479170272446
2.4613201402110083
2.084962500721156
2.1995812306460647
2.6143694458867563
1.9219280948873623
2.629275070710713
2.2062389286533897
2.542683189255492
2.588465279604108
2.8736287051460168
1.8352377453121176
0.9182958340544896
0.9709505944546686
2.0349409139562287
2.1295679874183233
1.0
2.732162357481208
2.1416195253341384
2.7324637247241337
2.2942740671928616
2.4692407821722844
2.4085490968753085
1.8585552118703144
2.649397470347699
2.224601752714581
2.4225797618424916
2.565445018842856
1.6049355947431314
2.1084585933443494
2.4219280948873623
1.8062389286533895
2.3789919869000626
1.0
2.677694271103767
2.375
2.41896119556797
2.1179631753145163
2.1416195253341384
2.436278124459133
2.7460028272963153
1.4084631464465764
2.70884236092882
2.6126502330422663
2.455650180579543
2.4056390622295662
2.3576039891860257
1.9883823171609867
3.0357250523665296
2.327632809290636
1.7709505944546688
1.9591479170272446
0.0
1.9219280948873623
1.6729330318733675
2.2806390622295662
0.9852281360342515
2.4387439204017474
2.188721875540867
2.054585169337799
2.1174924611847548
1.789929075309999
2.378783493486176
1.6854752972273344
2.3959988705348416
2.0157404324930677
1.8452178053170998
1.9362600275315274
1.823067982273661
1.4355205042826666
2.4010583224943756
1.823067982273661
2.7527152789797045
2.4193819456463714
1.7709505944546688
2.521640636343318
1.896240625180289
2.084962500721156
2.6873230684749942
1.9182958340544893
2.2322628970242686
1.561278124459133
2.5039975273348487
2.1174924611847548
2.125814583693911
2.0274893113295236
2.5448760863036677
2.279799131837405
2.4387439204017474
2.424835634986198
2.188721875540867
2.548563436032399
0.0
2.3454372523105547
2.1258145836939115
2.39207883297832
1.5546097612655667
2.0545851693377997
2.510056460356539
2.371533594790784
1.9362600275315274
1.780672129520887
2.1619781796795534
2.1258145836939115
1.9591479170272446
2.0930692077718898
1.789929075309999
2.5575876602558645
2.4159220638351666
2.1353503825268683
1.7272486062639207
1.7609640474436812
2.188721875540867
0.5916727785823275
2.270942421748537
2.199687794731328
2.2096909728231857
2.3068905956085186
1.5
2.5577174691301483
1.0
2.2988252450030506
1.3485878960124222
2.2987949406953985
1.9071996707089482
2.2577560641285177
0.0
2.1920058354921066
2.1735572622751853
2.2098886380147267
3.0648275485082848
2.2577560641285177
2.378783493486176
1.9362600275315274
2.4633663427540564
2.2988252450030506
1.7272486062639207
2.406666316740689
2.120952031026403
2.217021885879718
1.867633890971212
2.7324637247241337
2.084962500721156
1.6171895725927152
2.4410685859554375
2.289246428509158
2.075869296697727
1.4833557549816874
2.199687794731328
2.375
2.483006780520075
2.2987949406953985
2.327632809290636
2.311278124459133
2.270942421748537
1.823067982273661
1.9219280948873623
0.5435644431995964
2.049452072789394
2.6232196723355075
2.188721875540867
2.270942421748537
2.644462784366856
2.640824177413254
2.406257391535532
2.4842551447947985
2.0178248580034244
2.408694969562842
1.789929075309999
2.1492553971684996
2.103909910282364
2.399397470347699
2.188721875540867
2.188721875540867
2.188721875540867
2.5498550315128585
0.9864267287308424
2.7273966735744795
2.1820058147602133
2.653146738289453
1.061278124459133
2.125814583693911
1.823067982273661
1.3516441151533922
1.9751060324573733
2.260820318171659
1.5589385323502771
2.2470847539170844
2.4973419908730565
2.2825887305018333
2.125814583693911
2.075869296697727
2.188721875540867
3.0495234595978316
1.561278124459133
0.9182958340544896
2.577957978791808
2.3395722619867225
2.0758692966977272
2.469240782172285
1.7924812503605778
2.41896119556797
2.292481250360578
2.41896119556797
2.3329145639793976
1.789929075309999
1.6854752972273344
1.7758589482446405
2.2988252450030506
1.561278124459133
1.9591479170272448
2.3248629576173565
2.399397470347699
2.1619781796795534
2.406666316740689
2.0758692966977272
2.469240782172285
2.3395722619867225
2.0758692966977272
2.469240782172285
2.406666316740689
2.359879028736861
2.1266144718101816
2.375
2.3395722619867225
1.7609640474436812
2.197965046876722
2.3703089072979235
2.1622358759201323
1.7609640474436812
2.197965046876722
2.3703089072979235
2.1622358759201323
1.7609640474436812
2.197965046876722
2.3711959760363217
2.1622358759201323
2.0758692966977272
2.469240782172285
2.0758692966977272
2.469240782172285
2.3395722619867225
2.0758692966977272
2.469240782172285
2.3395722619867225
2.0758692966977272
2.469240782172285
2.406666316740689
2.359879028736861
2.406666316740689
2.359879028736861
2.3395722619867225
2.0758692966977272
2.469240782172285
2.3395722619867225
2.0758692966977272
2.469240782172285
2.3395722619867225
2.0758692966977272
2.469240782172285
2.3395722619867225
2.0758692966977272
2.469240782172285
2.3395722619867225
2.0758692966977272
2.469240782172285
2.3395722619867225
2.0758692966977272
2.469240782172285
2.3395722619867225
2.0758692966977272
2.469240782172285
2.3395722619867225
2.0758692966977272
2.469240782172285
2.3395722619867225
2.0758692966977272
2.469240782172285
2.2988252450030506
2.3395722619867225
2.0758692966977272
2.469240782172285
2.2988252450030506
2.3395722619867225
2.0758692966977272
2.469240782172285
2.2988252450030506
2.3395722619867225
2.0758692966977272
2.469240782172285
2.1800365325772657
2.188721875540867
1.8464393446710154
2.389898095464287
2.103909910282364
2.474601752714581
2.217021885879718
2.049452072789394
2.4056390622295662
2.3749589477025563
2.33012496531497
1.9508257945180885
2.0021722231837638
2.0566416671474372
1.9591479170272446
2.4703255391900414
2.5521796970665487
2.437065831519022
2.188721875540867
2.3935823097180298
1.8262452584026092
1.6258145836939115
2.1258145836939115
2.103909910282364
2.0758692966977272
0.7219280948873623
2.1824562508413488
2.217021885879718
2.08746284125034
2.218846363733215
2.353810979580011
2.188721875540867
0.5032583347756457
1.9898980954642875
2.161978179679554
2.117492461184755
1.6729330318733675
2.4300365325772657
2.48345859334435
1.8585552118703144
0.9819407868640977
0.9182958340544896
1.3346791410515946
2.1419310844404764
2.084962500721156
2.378783493486175
2.125814583693911
2.4300365325772657
2.188721875540867
2.1339375660949167
1.061278124459133
2.049452072789394
1.0
1.8954618442383218
2.188721875540867
2.787501743690737
2.199687794731328
1.0
2.365596230357602
2.406666316740689
2.359879028736861
2.1258145836939115
2.6337314206421327
2.3522170014624826
1.8230679822736608
2.5239860659612976
2.465347275584621
1.7709505944546688
1.8810947601100747
2.521640636343318
2.224394445405986
2.2577560641285177
2.103909910282364
2.3342564252133498
1.4355205042826666
2.2987949406953985
2.5226203095310216
1.680155966959864
2.054585169337799
2.4164367187082396
1.789929075309999
2.8136250538641665
2.4505375605783746
1.5709505944546684
2.1339375660949167
2.651793902628769
0.9224779949381434
1.9219280948873623
1.3290960425842888
2.3101492315852847
1.6729330318733675
2.188721875540867
1.8954618442383218
2.3068905956085186
2.1258145836939115
2.46820447246606
2.274397470347699
1.561278124459133
2.186278124459133
2.856632718668684
2.3515937233487554
2.472905595320056
2.364284204776705
2.4328173151210217
1.4353713907745331
1.896240625180289
2.124533798139251
2.2799997006516253
2.4056390622295662
1.5219280948873621
2.0499547418625053
2.197159723424149
2.378783493486176
0.0
1.3516441151533922
2.4856936124307727
2.1258145836939115
2.2516291673878226
2.128085278891394
1.9508257945180885
1.789929075309999
2.6040301730294653
2.816340113853408
2.321127473337187
1.9508257945180885
1.896240625180289
2.463458298648303
2.038159681645953
2.557727778739319
0.5916727785823275
1.5709505944546684
2.3071885761626687
2.0545851693377997
2.3248629576173565
1.5333980825294768
1.8810947601100747
2.3667452542142176
2.406666316740689
1.9362600275315274
2.378783493486176
1.822815600352516
1.188721875540867
2.661226256269789
2.546631615393778
1.3921472236645345
2.1820058147602133
1.9709505944546686
2.084962500721156
1.2776134368191154
2.9230741894285694
2.813625053864167
2.3393538721672007
2.1054105870684143
2.1769081691685783
2.271782221599798
1.6526768021893685
2.555269044648117
1.8464393446710154
1.8919954870390203
1.9669171866886992
2.0875766428471136
2.049452072789394
1.9709505944546686
2.7248894517332407
2.339572261986723
2.2389205950315936
2.1619781796795534
2.1967916319816365
2.3787834934861753
1.9709505944546688
2.742411731781963
2.1774212838293647
2.224601752714581
1.896240625180289
1.5709505944546687
1.5304930567574824
2.641249800455479
2.4867930213024025
2.1258145836939115
2.117492461184755
2.260820318171659
2.038159681645953
2.332914563979398
2.270942421748537
1.3235315761100483
1.823067982273661
2.1339375660949167
2.349601752714581
2.4922031072054134
2.6419460322060453
2.4410685859554375
1.5
2.452819531114783
2.5545851693377997
2.5996659733039564
2.685475297227334
2.4760797249768958
2.718789129781929
1.5304930567574824
2.746439344671015
1.7709505944546688
1.9502120649147467
2.099601752714581
2.7609640474436814
2.23345859334435
2.188721875540867
1.7295739585136223
2.63947252694149
2.4193819456463714
2.2062389286533897
0.5435644431995964
1.867633890971212
1.4466166676282082
2.1174924611847548
2.188721875540867
0.9852281360342515
2.054585169337799
2.339572261986723
2.2945679537706276
1.8262452584026092
2.521928094887362
2.1607047528877827
1.3516441151533922
2.145136370153053
3.2362702455060015
2.23345859334435
2.6100635408770723
2.181937063546704
2.1483797611400264
2.2806390622295662
2.836897470347699
1.4182958340544896
2.5825518169307426
2.365596230357602
2.1258145836939115
2.1887218755408666
2.709282221599798
2.535798374391326
2.038159681645953
2.181937063546704
2.7016573248619737
2.408694969562842
2.3242764617775697
2.1920058354921066
2.349601752714581
2.349601752714581
1.8464393446710154
2.499559613660465
2.1920058354921066
1.0
0.0
2.103909910282364
2.4692407821722844
1.9591479170272446
2.6464393446710153
1.9263549524477426
2.4047933024618025
2.188721875540867
2.769829961668455
2.332485891080366
2.4692407821722844
1.918208434154617
2.288019280279689
2.3523479118118216
1.3092966682370037
2.3248629576173565
1.6858157091530304
1.4466166676282082
2.199687794731328
2.183754831923921
1.9219280948873623
1.9219280948873623
2.585475297227334
2.4692407821722844
0.6500224216483541
2.4535775876032386
1.9219280948873623
2.6337314206421327
2.2988527261581813
1.9709505944546688
2.161978179679554
2.270942421748537
2.1735572622751858
1.8464393446710154
2.1464657985040723
2.2569089895583545
2.1258145836939115
2.5445313041488338
2.188721875540867
2.3737359095258586
2.199687794731328
1.4911148500551858
2.005977711423774
2.1258145836939115
2.1868085945630504
2.188721875540867
2.5246850668814873
2.4466166676282084
2.5232196723355074
2.260820318171659
2.4885548621928453
2.7926584359133804
2.5304930567574826
2.084962500721156
2.0225797618424917
2.4387439204017474
2.188721875540867
2.5048003829823355
0.9456603046006401
2.1258145836939115
1.7450972181704334
2.2051099000738694
2.584262225315332
2.1887870678023824
1.823067982273661
2.1174924611847548
2.183667077920911
2.208196592277087
2.41896119556797
2.5235619560570135
2.502598068247261
1.4561334599069256
2.5046934208291405
2.3360253406140252
1.95006375643621
2.215347275584621
2.1258145836939115
2.3244093931715555
1.9219280948873623
1.9182958340544896
1.896240625180289
2.35274578087187
1.895461844238322
2.270942421748537
2.225610814520738
2.551269362922251
1.1567796494470395
1.8585552118703144
2.224601752714581
0.9940302114769565
2.1690354219421173
2.359879028736861
1.9091717851902885
2.57882039287438
2.084962500721156
2.289246428509158
1.4056390622295665
2.380430487800112
1.7609640474436812
2.197965046876722
2.3703089072979235
2.1622358759201323
2.595461844238322
1.9362600275315274
2.8980898459737485
1.867633890971212
2.2577560641285177
1.224394445405986
2.399397470347699
2.7539187581803457
2.7678941476196224
2.188721875540867
1.9591479170272448
2.054585169337799
1.224394445405986
2.229871195093384
2.180337381067571
2.5272077403659856
2.188721875540867
2.11121658843249
1.9591479170272448
2.2856946147259993
2.39207883297832
2.251614471810182
1.4355205042826666
2.446439344671015
2.188721875540867
2.674460868536108
1.7219280948873623
1.9591479170272448
1.7609640474436812
2.2592812662841038
2.035825401788079
1.8822287189138016
2.233678080860252
1.8230264907128848
2.5232196723355074
2.4875555180168556
1.8250112108241772
2.3515937233487554
2.2988252450030506
2.3598063039211006
2.273131523414322
2.6274906310814994
2.457594066441109
1.760495029766198
2.3248629576173565
1.9874687506009632
2.3523479118118216
2.1324373408045867
2.054585169337799
1.823067982273661
1.5709505944546684
2.199687794731328
2.4233412768431513
2.270942421748537
1.7924812503605778
2.0524212838293647
2.225610814520738
1.3921472236645345
2.1339375660949167
2.4219280948873623
2.103909910282364
1.2776134368191154
1.7609640474436812
2.2592812662841038
2.035825401788079
1.8822287189138016
2.233678080860252
2.374556048381884
2.3329145639793976
1.855388542207534
2.1800365325772657
1.8676338909712125
2.3283862904278743
2.5827230088457283
2.5575876602558645
2.188721875540867
1.789929075309999
1.3567796494470397
1.9219280948873623
2.359879028736861
2.458453829233059
2.271782221599798
1.9016094970590272
2.3122891453934695
2.257856063692049
2.1295679874183233
2.4410685859554375
1.3709505944546687
1.8387586809150083
2.133937566094917
3.1590030937416085
2.3709505944546687
1.96981578242681
2.2577560641285177
2.282588730501833
2.206238928653389
0.0
2.6199707109276353
2.389898095464287
2.4772170014624826
1.8423709931771084
1.8073549220576042
2.188721875540867
1.8954618442383218
0.8812908992306927
2.195461844238322
1.9473387961875537
2.1258145836939115
2.506866543182522
2.103909910282364
1.5
2.1339375660949167
1.2304244196889744
2.5464393446710156
2.2806390622295662
2.5605935499637815
2.192005835492107
2.6632908081776594
1.789929075309999
2.1577174691301484
2.6514841173141606
0.0
2.2256051990169436
2.1619781796795534
2.6310519594886106
2.2988252450030506
2.0758692966977272
2.469240782172285
2.1174924611847548
2.390778408174652
2.5304930567574826
1.9362600275315274
2.1887218755408666
2.209888638014727
2.546631615393778
1.9709505944546686
2.359879028736861
1.0
3.0537289082033148
2.4516084941043093
2.2806390622295662
1.5510981710072647
1.9591479170272448
2.5996659733039564
2.612806864645227
1.9877733714879842
1.9877733714879842
2.286815675083583
2.217021885879718
0.863120568566631
2.5638651219508537
2.9844984515601634
1.584962500721156
2.8018796874098557
1.9877733714879842
2.0741647430225756
2.192005835492107
1.5510981710072647
1.9362600275315274
2.375
1.9219280948873623
0.5916727785823275
2.447338796187554
1.584962500721156
2.270942421748537
2.161978179679554
2.260820318171659
2.7614173902752386
2.377443751081734
2.188721875540867
2.219240704636849
2.1619781796795534
2.5386318596503297
2.557727778739319
2.3282129458410017
2.406666316740689
2.504693420829141
2.3301249653149703
1.7735572622751854
1.9877733714879842
2.4305946180235423
2.045841640885174
2.188721875540867
2.1055872616982603
2.5294881142662007
1.7709505944546688
1.6737949406953985
2.218846363733215
2.505663207600485
2.259141984247902
2.1416195253341384
2.188721875540867
2.41896119556797
1.3567796494470397
1.0408520829727552
2.606137660667954
2.539353872167201
2.606154481030798
2.289246428509158
2.533206219346495
1.9961260882215455
2.924637649663676
2.380430487800112
2.6554809364309353
1.922023142851573
2.6246803469736477
2.424835634986198
2.319515776501326
2.5464393446710156
2.6699017366229683
1.5304930567574826
1.965596230357602
2.224601752714581
0.0
1.9709505944546686
2.117492461184755
1.94599774351951
1.867633890971212
1.5709505944546687
2.4159220638351666
2.0890038287775923
1.3221793455166666
1.5
2.1619781796795534
2.5341468438052397
2.502598068247261
2.1258145836939115
2.084962500721156
2.365596230357602
2.049452072789394
2.045841640885174
2.1416195253341384
1.7609640474436812
2.197965046876722
2.3703089072979235
2.1622358759201323
1.6729330318733675
2.257856063692049
1.584962500721156
2.48345859334435
2.1258145836939115
2.146782221599798
1.9591479170272446
2.1735572622751858
2.5521796970665487
2.576281574571681
2.4938187430686094
2.1416195253341384
2.531510777487775
2.8410182496536454
2.5496128717735016
0.5916727785823275
2.271782221599798
0.863120568566631
2.349601752714581
1.8802408149441479
2.1280852788913944
2.351593723348755
2.133937566094917
1.9877733714879842
2.35845859334435
2.7860382754173476
1.992778107459939
1.9362600275315274
2.2359263506290326
1.6457113704075788
1.5744174271404585
2.2256051990169436
2.2256108145207376
2.594195041880603
1.4056390622295665
2.510056460356539
2.3516441151533924
2.188721875540867
2.049452072789394
2.084962500721156
1.807354922057604
2.5895183026895365
2.1735572622751853
1.7609640474436812
2.197965046876722
2.3703089072979235
2.1622358759201323
2.038159681645953
1.0957952550009336
2.084962500721156
1.855388542207534
2.359879028736861
2.5249449750847117
2.0272960238183484
2.397334910352524
2.406666316740689
2.359879028736861
2.4015915682352573
2.077819531114783
2.440223928941852
2.2098886380147267
2.4047933024618025
2.7676439781912037
2.4047933024618025
0.863120568566631
2.199687794731328
2.3395722619867225
2.0758692966977272
2.469240782172285
2.4995443056081315
2.5935346841684104
2.120952031026403
2.4387439204017474
2.7373227798185953
1.7232314287976207
2.5575876602558645
1.9511153304307114
2.7179360295889174
2.324862957617356
2.4225797618424916
2.5806677887885607
1.3516441151533922
2.435371390774533
2.505123044017255
2.1416195253341384
2.3248629576173565
2.4159220638351666
2.117492461184755
1.676737030052133
2.4387439204017474
2.199687794731328
2.412505605412089
2.29597512699001
0.6500224216483541
2.7008257945180887
2.054585169337799
2.1382689280764646
2.689167594355419
2.406666316740689
2.219973094021975
1.9877733714879842
2.6420795639257113
2.1209520310264036
1.924174352300441
2.2256051990169436
2.188721875540867
2.1258145836939115
2.064042639445697
2.322756958897399
2.125814583693911
2.188721875540867
2.4159220638351666
2.217021885879718
1.5709505944546687
2.33012496531497
2.523231428797621
2.5306390622295662
2.3355055565170972
2.224601752714581
1.7609640474436812
2.188721875540867
2.406666316740689
2.0758692966977272
2.469240782172285
2.133937566094917
2.270942421748537
2.2516291673878226
2.477217001462482
2.65887184844536
2.491967413403466
0.9709505944546686
1.7295739585136223
1.4591479170272446
2.5650765423363695
1.7464657985040721
2.2797208524644614
2.1820058147602133
1.789929075309999
2.3037016960573484
2.005977711423774
1.935945569184765
1.1567796494470395
2.117492461184755
1.8565647621309542
2.1887218755408666
2.1280852788913944
2.289246428509158
2.3253314601288055
2.377443751081734
2.188721875540867
2.345719283930527
2.084962500721156
2.636056086195823
1.1567796494470395
2.292071752457787
2.359879028736861
2.4728956042605676
3.0086949695628413
2.0874628412503395
0.9912642605354288
1.9362600275315274
2.3071885761626687
2.399397470347699
2.6247262095042965
2.084962500721156
2.1209520310264036
1.8879185026711327
2.188721875540867
2.599011412296561
2.3787834934861753
2.161978179679554
2.3329145639793976
2.5253456211698713
2.4410685859554375
2.784010874644601
2.5550365325772653
2.6220127943984863
1.9528195311147831
2.3962406251802895
2.1024618969723154
2.3942811477133943
2.5615808003533345
2.0199730940219753
0.0
2.4699285478128576
2.1258145836939115
0.9852281360342515
2.063458298648303
2.6873230684749942
1.584962500721156
2.3516441151533924
2.2806390622295662
1.061278124459133
2.4109059716151027
2.35274578087187
1.7709505944546688
2.4410685859554375
1.9362600275315274
1.4353713907745331
1.6854752972273344
2.084962500721156
2.1258145836939115
2.270942421748537
2.1280852788913944
2.270942421748537
2.1209520310264036
2.858871738195259
2.1887870678023824
2.3809305932934053
1.8810947601100747
2.224394445405986
2.832067244352593
2.631832608042799
1.9749375012019268
1.0957952550009336
2.2825887305018333
2.209888638014727
2.5840236870150894
2.375
1.3346791410515946
2.1258145836939115
2.440223928941852
2.909685696912064
2.4729055953200563
1.9591479170272446
1.3609640474436813
2.469240782172285
2.0
1.8879185026711327
2.188721875540867
2.188721875540867
2.188721875540867
2.188721875540867
2.064042639445697
2.0713451397302376
0.8112781244591328
2.3395722619867225
2.490468570732828
1.914341183612352
1.5709505944546687
2.1967916319816365
1.9508257945180885
1.8464393446710154
1.823067982273661
1.7609640474436812
2.197965046876722
2.3703089072979235
2.161047560977327
2.1697307469222973
2.199687794731328
0.9864267287308424
2.4890407595582644
1.9182958340544893
2.3232196723355076
2.199687794731328
2.084962500721156
2.219973094021975
1.8585552118703144
2.526280481683624
1.789929075309999
2.0985798617120746
2.061278124459133
0.0
1.5219280948873621
2.6100635408770723
0.0
1.5304930567574824
2.1209520310264036
1.4911148500551858
2.3522170014624826
2.5424826938097276
2.188721875540867
1.823067982273661
2.199687794731328
1.789929075309999
2.0419460322060456
1.8062389286533895
1.9362600275315274
2.188721875540867
2.2322628970242686
1.8339272176418302
2.084962500721156
2.4856936124307722
2.199687794731328
2.6220460141423745
2.199687794731328
2.6361750035058655
1.0
1.4345491399952024
1.9329145639793979
2.1258145836939115
2.4634582986483036
1.8339272176418302
2.1055872616982603
1.8628901663471535
1.9362600275315274
2.925256322655195
2.0545851693377997
2.155968102145908
1.870253816431622
2.2256051990169436
1.7609640474436812
2.197965046876722
2.3703089072979235
2.1244648229219454
2.1697307469222973
1.8389205950315937
2.7721854605116723
2.2577560641285177
2.463865121950854
2.3253314601288055
2.2988252450030506
2.0758692966977272
2.469240782172285
2.217021885879718
2.411509198419911
1.1411535278793055
2.584262225315332
1.895461844238322
2.0758692966977272
2.1416195253341384
0.0
2.133937566094917
2.3093170282144424
1.8585552118703144
1.950212064914747
1.854076982553273
2.4387439204017474
2.4219280948873623
2.127986806877675
2.282588730501833
1.9591479170272446
2.5827936132549505
2.2098886380147267
2.136800520148565
1.295461844238322
2.3395722619867225
2.0758692966977272
2.469240782172285
2.278351811711312
1.4353713907745331
2.41896119556797
1.7534343861887849
1.9591479170272446
2.188721875540867
2.021782221599798
2.2414460711655217
2.49491884823395
0.808841873546263
2.4477979600193267
2.054585169337799
1.584962500721156
1.8676338909712125
2.3395722619867225
2.4305946180235427
2.199687794731328
1.224394445405986
2.1258145836939115
2.4922031072054134
2.161978179679554
1.789929075309999
2.406666316740689
2.359879028736861
2.4387439204017474
2.5086949695628418
2.629249223856034
2.2037016960573483
2.375
2.775602858125843
2.4056390622295662
2.57882039287438
2.438986575756772
2.389898095464287
1.8676338909712125
0.6500224216483541
2.406666316740689
2.359879028736861
1.5709505944546687
1.676737030052133
1.5
2.0758692966977272
2.406666316740689
2.359879028736861
2.133937566094917
2.7037016960573483
2.311278124459133
1.5709505944546687
2.1258145836939115
1.9877733714879842
2.1179631753145163
1.896240625180289
2.125814583693911
2.406666316740689
2.359879028736861
2.3395722619867225
2.0758692966977272
2.0930692077718898
2.0758692966977272
2.469240782172285
2.6978458230844122
2.2988252450030506
2.3395722619867225
2.0758692966977272
2.469240782172285
2.020622793286826
2.0922718656836103
0.8112781244591328
2.116684632786671
1.9990298316961876
2.3695710038552735
2.279799131837405
2.133387491316597
2.279799131837405
2.706597659245789
2.474601752714581
1.9713352853069812
1.94770277922009
2.9305843494246893
2.565957320949175
2.622733639029705
1.7609640474436812
2.2928571713087327
1.9772354454083079
2.2616860311139417
2.3395722619867225
2.0758692966977272
2.469240782172285
1.760495029766198
2.3253314601288055
1.789929075309999
2.48345859334435
2.965089512728224
1.9508257945180885
2.3395722619867225
2.0758692966977272
2.0634582986483037
2.469240782172285
1.7609640474436812
2.197965046876722
2.3703089072979235
2.1622358759201323
0.7793498372920851
2.5498550315128585
2.5867866151171586
2.1174924611847548
2.48345859334435
2.406666316740689
2.279799131837405
1.5304930567574824
2.31030833266923
0.954434002924965
2.659832879919518
2.224601752714581
2.4085490968753085
1.5
2.677269211778593
2.3248629576173565
2.283383098229013
2.660673233416842
2.3935823097180293
1.8937666738014507
0.8112781244591328
2.611394799166164
1.7295739585136223
2.123219672335508
2.123219672335508
2.123219672335508
2.362205914663769
2.362205914663769
2.362205914663769
2.362205914663769
2.362205914663769
2.362205914663769
2.3248629576173565
2.3395722619867225
2.182798115178801
2.182798115178801
1.7219280948873623
2.6292492238560343
2.1920058354921066
2.4387439204017474
1.6737949406953985
2.3797144462792175
2.2987949406953985
2.2892464285091583
2.4322574485535142
2.389898095464287
2.005977711423774
1.224394445405986
1.8322488896002305
1.9068905956085187
2.0349409139562287
2.188721875540867
2.063558608511122
1.295461844238322
2.085475297227334
0.9967916319816366
2.3522170014624826
2.1819370635467044
2.1887870678023824
1.9508257945180885
2.6394725269414896
2.452819531114783
1.9523612813926658
2.39207883297832
1.3921472236645345
2.474601752714581
1.896240625180289
2.3050365325772657
1.6854752972273344
2.7295739585136225
2.502598068247261
2.1619781796795534
2.279799131837405
1.9591479170272446
1.867633890971212
2.049452072789394
1.4353713907745331
2.129189243290095
2.668558124936845
2.1887218755408666
2.318144667641655
2.064042639445697
2.5504241080832215
2.3248629576173565
2.362205914663769
2.3991303913908
0.9852281360342515
2.484183719779189
2.5282129458410014
2.2577560641285177
1.4294732983598406
1.7709505944546688
1.4355205042826666
2.240670531676688
0.0
2.422579761842491
2.125
2.188721875540867
2.339572261986723
2.2516291673878226
1.9728585986276301
1.8919954870390203
2.563716987127796
2.475273234346241
1.9852281360342516
1.6171895725927152
2.1887218755408666
2.123219672335508
1.8262452584026092
2.0202442071537563
2.125814583693911
1.1567796494470395
0.0
1.9903166968736787
2.498929563690935
2.3381418470791693
2.1258145836939115
2.188721875540867
2.352217001462482
2.217021885879718
1.9211854965885542
2.1174924611847548
2.0419460322060456
2.556935452977332
1.6854752972273346
2.0930692077718893
1.9751060324573735
1.3221793455166666
2.217021885879718
1.8585552118703144
1.8585552118703146
0.0
2.1179631753145163
1.9877733714879842
1.8005536741835049
1.789929075309999
2.3248629576173565
2.3522170014624826
2.362205914663769
1.061278124459133
2.282588730501833
2.549787381523038
2.181937063546704
2.23698375547452
1.7219280948873623
2.2516144718101816
2.201078735588117
1.9473387961875537
2.526428310992824
2.3749589477025563
1.6854752972273346
2.4875555180168556
2.23345859334435
2.2389205950315936
2.117492461184755
2.35274578087187
2.6337314206421327
2.3071885761626687
2.3942811477133943
1.7295739585136223
2.067901045962884
2.161978179679554
2.424835634986198
2.903807392953189
2.503701696057348
1.8879185026711327
2.038159681645953
2.2856946147259993
2.1258145836939115
2.1735572622751853
2.103909910282364
2.4392681462540966
2.103909910282364
2.117492461184755
2.3329145639793976
1.2516291673878228
2.491967413403466
2.5147119710906907
2.581013401577586
2.1055872616982603
2.117492461184755
1.9232196723355077
1.061278124459133
2.188721875540867
2.5108995654298587
2.225610814520738
2.2806390622295662
2.0861653204555304
2.075869296697727
2.1258145836939115
2.362205914663769
2.5485634360323997
2.288019280279689
2.1416195253341384
0.0
1.867633890971212
2.555913095175825
1.9362600275315276
2.270942421748537
2.433206219346495
1.224394445405986
0.8325668802427404
2.3003980873087997
1.1567796494470395
2.4477979600193267
0.0
0.5435644431995964
1.9508257945180885
1.0
1.8585552118703144
2.133937566094917
1.3699740752745009
2.460904932167797
2.4202776983278502
2.1179631753145163
2.375
1.7758589482446405
2.084962500721156
2.538320189106
1.895461844238322
1.8163401138534079
2.217021885879718
1.3250112108241772
1.965596230357602
2.1339375660949167
2.199687794731328
2.472905595320056
1.9362600275315274
1.3294340029249652
2.214812224859865
2.498077546623641
2.084962500721156
2.188721875540867
2.1339375660949167
1.9898980954642875
2.2969420215486434
2.155913095175825
2.5449880286036994
1.6140054628542204
2.6228872290292125
2.4056390622295662
2.0781758650865774
2.0131324651707385
2.1800365325772657
2.365596230357602
2.498077546623641
2.332914563979398
1.8585552118703144
2.3395722619867225
2.0
1.9508257945180885
0.0
1.9290929654977997
2.10845859334435
1.8464393446710154
2.279799131837405
2.363865121950854
2.3570871115652547
2.5304930567574826
2.3253314601288055
2.199687794731328
2.188721875540867
1.3516441151533922
2.188721875540867
2.188721875540867
2.0985864121084328
2.0732328992520364
2.3898980954642877
2.054585169337799
1.8676338909712125
2.378783493486176
2.117492461184755
2.123219672335508
2.4056390622295662
2.2577560641285177
2.128085278891394
2.4825610489527192
2.1887218755408666
1.7609640474436812
2.546439344671015
2.143780234737159
2.256564762130954
2.3068905956085186
2.345719283930527
1.224394445405986
2.1339375660949167
1.7709505944546688
1.2987949406953985
1.9182958340544893
2.389898095464287
1.9219280948873623
2.463366342754057
2.423935762550598
2.369349704144249
2.6199707109276353
2.4907407603107754
2.719508336839199
2.1258145836939115
2.48345859334435
0.0
2.188721875540867
0.954434002924965
2.3248629576173565
2.107312656140617
2.199687794731328
2.685475297227334
1.9591479170272446
2.359879028736861
1.867633890971212
2.1280852788913944
2.188721875540867
2.188721875540867
1.9877733714879842
2.188721875540867
2.6518349265339176
1.8230264907128848
2.188721875540867
2.3959988705348416
2.4217533721231863
3.1999748045069527
2.7588718484453603
2.1258145836939115
1.8676338909712125
2.0131324651707385
2.5102415025019114
2.6550505394177746
2.586887840995814
2.502598068247261
2.2098886380147267
2.561706277574314
1.8262452584026092
1.9362600275315274
2.1416195253341384
2.458453829233059
1.7381493331928664
2.224601752714581
2.125814583693911
1.990316696873679
2.125814583693911
2.1339375660949167
2.5304930567574826
1.6854752972273346
1.2987949406953985
2.360964047443681
2.188721875540867
1.6143308351592656
0.8112781244591328
0.5032583347756457
2.239097917988786
2.30827083453526
2.084962500721156
1.5465935642949384
2.1258145836939115
2.2510345501401265
2.1266144718101816
2.35845859334435
2.389898095464287
3.0796634830945875
2.4262927116736357
2.4331958387289765
2.278351811711312
2.1887218755408666
0.8112781244591328
2.1920058354921066
2.3068905956085186
2.872605180935881
1.4466166676282082
2.5294881142662007
2.372094637795624
2.181937063546704
1.224394445405986
2.3071885761626687
2.6887727794065053
2.8716719839325964
2.4488156357251847
2.3199730940219747
1.4355205042826666
2.368987565217778
1.823067982273661
2.289246428509158
2.2825887305018333
2.260820318171659
2.523231428797621
2.084962500721156
2.188721875540867
1.8879185026711327
2.48345859334435
2.0157404324930677
0.8812908992306927
1.7841591278514217
2.3745560483818835
2.629219686524097
2.128085278891394
1.914341183612352
1.9362600275315274
2.2389205950315936
2.378991986900062
2.1055872616982603
2.1416195253341384
2.362205914663769
2.3649210651115973
2.084962500721156
2.1559681021459083
2.084962500721156
0.5916727785823275
2.35274578087187
2.2256051990169436
2.217021885879718
1.6767370300521325
2.192005835492107
2.0948567835487384
2.067031495157584
2.188721875540867
2.0349409139562287
2.878928031846024
1.8879185026711327
2.441923520601099
2.2924927886574418
2.2988252450030506
2.188721875540867
2.3598063039211
2.7928416378945076
1.8016094970590273
1.4466166676282082
2.7882879152569275
2.4488156357251847
0.0
2.5521796970665487
2.5032583347756456
2.220068302234069
2.220068302234069
1.949137865273585
2.209888638014727
2.188721875540867
1.295461844238322
2.3248629576173565
2.075869296697727
0.0
2.335505556517097
2.3244093931715555
2.1258145836939115
2.2065442182128785
2.778356316178127
1.9591479170272446
2.395998870534841
2.155968102145908
2.436278124459133
2.116299605701696
2.2584662647321374
2.3804304878001115
1.870253816431622
2.362205914663769
1.4911148500551854
2.4613201402110083
2.4115091984199104
1.8339272176418302
2.332914563979398
2.199687794731328
2.1735572622751853
2.460904932167797
1.8230679822736608
1.9508257945180885
2.1258145836939115
2.3745560483818835
1.6858157091530304
2.3745560483818835
2.8537196970758525
2.0427510853630295
2.0708043794807103
1.3709505944546687
0.9709505944546686
2.5005478250578475
2.623516641218015
1.6854752972273346
2.1174924611847548
2.091917186688699
2.4056390622295662
2.5217411421331746
2.4516084941043093
2.365596230357602
2.1967916319816365
2.270942421748537
2.565445018842856
2.038159681645953
0.0
1.9362600275315274
2.396782221599798
2.4159220638351666
2.1179631753145163
2.6531071683628116
2.1258145836939115
2.054585169337799
3.1384090234243045
1.9182958340544893
2.5396393540109363
1.9220231428515733
1.867633890971212
2.356492413796824
2.0566416671474372
2.7515148217241325
2.257756064128518
2.4066663167406888
2.2577560641285177
2.188721875540867
2.054585169337799
2.188721875540867
1.896240625180289
2.3248629576173565
2.133937566094917
2.2577560641285177
1.2987949406953985
2.464835426734748
2.58877918559175
1.9808259362290785
1.823067982273661
1.8585552118703144
2.6475921473084956
2.3787834934861753
2.117492461184755
2.4164997849817107
2.41896119556797
2.263809173883546
2.1619781796795534
1.0957952550009336
2.2098886380147267
1.9591479170272446
1.1866483258878036
2.363865121950854
2.3395722619867225
2.55887184844536
2.120952031026403
1.863120568566631
0.9182958340544896
2.1209520310264036
2.523231428797621
2.1812056673346514
1.8585552118703144
2.8531890817683436
0.9852281360342515
2.289246428509158
2.6955511564059913
2.3037016960573484
1.8262452584026092
1.9689514568588302
2.049452072789394
2.0517513195494117
2.319973094021975
2.0049355947431313
1.9877733714879842
0.5435644431995964
2.399397470347699
2.6684930703645584
2.6538113557486334
2.502598068247261
2.375
2.0602489763846963
2.199687794731328
2.332914563979398
2.6403360647604437
2.1258145836939115
2.0078560636920493
2.202819531114783
2.1416195253341384
2.0202442071537563
1.6854752972273346
2.188721875540867
2.161978179679554
0.3372900666170139
2.58877918559175
1.7758589482446405
1.914341183612352
2.5306390622295662
0.9709505944546686
2.3709505944546687
2.5827936132549505
2.2892464285091583
2.1619781796795534
2.4828887343025685
1.6691803368667308
2.225610814520738
2.1416195253341384
1.0
2.3804304878001115
2.1258145836939115
2.6030741894285696
1.207518749639422
1.5
1.3567796494470397
1.4949188482339508
2.2569089895583545
2.3871251585103024
1.9473387961875537
2.3935823097180298
2.3522170014624826
2.474601752714581
2.1492553971685
2.577819531114783
2.4726370725937725
2.772096688995876
2.2125038423722683
2.3695710038552735
0.5435644431995964
2.0202442071537563
2.199687794731328
2.435371390774533
1.9591479170272446
2.074164743022575
1.9362600275315274
2.270942421748537
2.2389205950315936
2.0670314951575843
2.3248629576173565
1.9362600275315274
2.0670314951575843
2.279799131837405
2.125814583693911
2.5498550315128585
2.6808518549795144
2.7004397181410917
2.2334585933443494
1.224394445405986
0.0
1.584962500721156
2.199687794731328
2.378783493486176
2.3016094970590273
0.5916727785823275
2.4995443056081315
2.4931325576478596
1.9508257945180885
0.8812908992306927
2.3904555171926765
2.1451104143815822
1.760495029766198
2.1619781796795534
1.3921472236645345
1.8553885422075338
1.9362600275315274
0.0
2.521640636343318
2.143780234737159
2.4138338639736006
1.4355205042826666
2.3787834934861753
2.375
2.3329145639793976
2.1149798205164814
2.6830920776663856
2.147348781633051
2.1258145836939115
1.6113967720782763
2.5200617281825
1.532914563979398
2.2825887305018333
2.382856063692049
2.224601752714581
2.9086174309691613
2.186278124459133
2.063865121950854
2.038159681645953
2.155968102145908
1.5
2.377443751081734
2.1416195253341384
2.199687794731328
2.424835634986198
2.123219672335508
2.260820318171659
2.1887218755408666
1.6140054628542204
2.256908989558354
2.545573263111498
2.3319805666410693
2.459147917027245
2.433206219346495
2.3747148167378977
2.589584410102796
2.648430672575534
2.689310465451947
2.2995301445670657
1.4911148500551858
2.1967916319816365
2.484255144794799
2.271782221599798
1.924174352300441
2.199687794731328
0.5916727785823275
2.389898095464287
2.1258145836939115
2.5521796970665487
2.4300365325772657
2.6792598814981705
2.116299605701696
2.864812441575037
2.1868085945630504
2.0449127332389447
2.362205914663769
1.8585552118703144
2.019973094021975
1.9709505944546688
2.125814583693911
2.4613201402110088
1.7609640474436812
2.054585169337799
1.3346791410515946
2.490870777377577
2.306890595608519
1.823067982273661
1.9699000226227197
2.044872067573547
1.9772354454083079
1.9772354454083079
2.3114274127369834
2.343258838538779
2.127721334388457
2.289246428509158
2.054585169337799
2.103909910282364
2.562600913315173
1.8799649487271108
0.0
2.064042639445697
0.0
2.335505556517097
2.2974533091219693
1.3921472236645345
2.4300365325772657
2.196791631981637
2.279799131837405
2.5346939516467017
1.4466166676282082
1.9219280948873623
2.9184539577019213
1.8919954870390203
2.252878689342031
2.2577560641285177
1.4949188482339508
2.622545904045426
1.8776402831734211
2.1174924611847548
1.823067982273661
1.3567796494470397
2.6612262562697886
2.4663173249106327
2.111095787753339
2.382856063692049
2.365596230357602
1.7219280948873623
2.365596230357602
1.7219280948873623
2.365596230357602
1.7219280948873623
2.365596230357602
1.7219280948873623
2.365596230357602
1.7219280948873623
1.7219280948873623
1.7219280948873623
2.4056390622295662
0.863120568566631
0.0
2.188721875540867
1.8553885422075338
0.0
2.365596230357602
2.422579761842491
1.7609640474436812
1.789929075309999
2.045841640885174
2.139261930734825
1.4355205042826666
2.2339466645252255
2.622683189255492
2.1234786725698864
2.389898095464287
1.1336983823367466
2.2275343340059806
1.894273869771264
0.863120568566631
2.289246428509158
1.4466166676282082
1.2571629874320889
2.054585169337799
1.675822057576696
2.1995812306460643
1.2577148214953864
2.7152088061657302
2.013132465170739
2.202819531114783
1.5709505944546684
2.1607047528877827
2.772253928364927
1.9591479170272446
1.6729330318733675
1.867633890971212
2.8152023999804867
1.5709505944546687
2.199687794731328
2.4274212838293647
2.424835634986198
2.224601752714581
2.245869617795809
2.188721875540867
0.9852281360342515
2.3248629576173565
1.9877733714879842
2.3898980954642877
2.288019280279689
2.3244093931715555
1.6171895725927152
2.1995812306460643
1.5709505944546687
2.0670314951575843
2.256564762130954
0.9910760598382222
1.7609640474436812
1.9699000226227197
2.044872067573547
2.1622358759201323
2.143780234737159
2.9056390622295662
2.224394445405986
2.3217062775743136
1.789929075309999
2.2892464285091583
2.474601752714581
1.7735572622751854
1.061278124459133
1.8419171866886992
2.385473855828762
2.133937566094917
2.6612262562697895
2.2603555297522187
2.460964047443681
2.6464393446710153
2.038159681645953
2.48345859334435
2.2254128972590443
1.919240704636849
2.2577560641285177
1.8638263900908156
1.7709505944546688
1.061278124459133
3.1527241956246543
2.3229823937643954
1.9473387961875537
2.382856063692049
2.054585169337799
2.4115091984199104
2.35274578087187
2.4887855917769937
0.0
2.263809173883546
2.188721875540867
1.8464393446710154
0.863120568566631
1.0
2.0670314951575843
2.6601297526332566
2.205109900073869
2.5868878409958143
0.9463729359854419
1.896240625180289
2.199687794731328
1.7709505944546688
1.795682898351103
2.268472751631122
2.1179631753145163
1.4355205042826666
2.470950594454669
2.3959988705348416
2.6395239902382497
2.146465798504072
1.5219280948873621
2.823747890469122
1.8158547401199892
2.7995843710829598
2.038159681645953
2.5306390622295662
2.155968102145908
2.084962500721156
2.1280852788913944
2.406666316740689
2.2627834289765825
1.914341183612352
2.1280852788913944
1.3516441151533922
2.2987949406953985
1.7924812503605778
2.5232314287976205
2.1398355237062026
2.199687794731328
1.949137865273585
0.5435644431995964
2.440223928941852
2.39207883297832
1.9852281360342512
2.117492461184755
2.3921472236645345
2.23345859334435
1.823067982273661
1.8585552118703144
2.1258145836939115
2.146782221599798
2.372094637795624
2.365596230357602
2.186278124459133
0.9709505944546686
2.054585169337799
2.1258145836939115
2.2806390622295662
2.6281841734477704
0.9182958340544896
1.5795113260786042
2.7477309221191604
2.0306390622295662
1.8810947601100747
2.199687794731328
2.365596230357602
1.7841591278514217
0.863120568566631
1.8175848979715816
2.6161218476258674
2.5322535340397483
2.7279020642197835
2.359647262833489
2.4159250132338888
1.760495029766198
1.8565647621309542
2.618633046516737
2.9134948132129144
2.2987949406953985
2.675084951819779
1.9709505944546688
2.4982965889303155
2.013132465170739
1.8464393446710154
2.0202442071537563
1.6691803368667308
2.1258145836939115
2.1339375660949167
2.339572261986723
1.4854752972273344
1.2870540281187268
2.3355055565170972
2.1339375660949167
2.045841640885174
2.1619781796795534
2.1258145836939115
1.9591479170272446
2.435520504282667
2.4355205042826666
2.102187170949333
1.3609640474436813
2.5106052193123416
2.224601752714581
2.270942421748537
2.146782221599798
1.9237949406953985
1.6767370300521325
2.133937566094917
2.133387491316597
2.2825887305018333
1.7169171866886992
2.2987949406953985
2.3134597501718237
2.084962500721156
2.146465798504072
2.68581570915303
2.074164743022575
2.2988252450030506
1.8638263900908156
2.054585169337799
2.202819531114783
2.440223928941852
1.9709505944546688
2.188721875540867
2.161978179679554
1.8702538164316223
1.914341183612352
2.084962500721156
1.8294732983598407
2.256564762130954
2.049452072789394
2.0221061127398396
1.8585552118703146
2.2051099000738694
2.5560542104133326
1.295461844238322
0.0
2.188721875540867
0.5435644431995964
2.2577560641285177
0.0
2.2892464285091583
1.8879185026711327
2.1920058354921066
1.789929075309999
1.8676338909712125
2.2987949406953985
1.442508097190614
1.7609640474436812
2.2132982820604443
1.4180260055608094
2.2280722251069975
1.9508257945180885
1.7709505944546688
2.1258145836939115
2.469240782172285
2.4729055953200563
2.1820058147602133
2.332914563979398
2.5545851693377997
2.084962500721156
2.084962500721156
2.1258145836939115
2.4886887575100736
2.7662038996727176
2.148931414998902
2.1800365325772657
2.189114471810182
1.8676338909712125
2.4047933024618025
2.4436420209076157
