sp|O32583|THIS_ECOLI	SINGLE	1	8	61	13	3.394e-07	{Q}
sp|O32583|THIS_ECOLI	WHOLE	1	1	66	14	6.311e-07	{Q}
sp|P00363|FRDA_ECOLI	SINGLE	1	6	34	12	6.984e-07	{A}
sp|P00363|FRDA_ECOLI	SINGLE	2	407	431	10	8.426e-06	{A}
sp|P00370|DHE4_ECOLI	SINGLE	1	125	130	5	7.177e-06	{G}
sp|P00370|DHE4_ECOLI	SINGLE	2	403	416	5	8.083e-06	{H}
sp|P00370|DHE4_ECOLI	MULTIPLE	1	167	183	9	3.717e-06	{MG}
sp|P00393|NDH_ECOLI	SINGLE	1	12	17	5	7.177e-06	{G}
sp|P00448|SODM_ECOLI	SINGLE	1	27	32	4	3.242e-06	{H}
sp|P00550|PTM3C_ECOLI	SINGLE	1	65	91	10	4.313e-06	{G}
sp|P00550|PTM3C_ECOLI	MULTIPLE	1	65	108	18	9.570e-09	{GM}
sp|P00579|RPOD_ECOLI	SINGLE	1	189	209	13	6.248e-12	{D}
sp|P00579|RPOD_ECOLI	MULTIPLE	1	188	209	18	1.274e-13	{DE}
sp|P00579|RPOD_ECOLI	MULTIPLE	2	41	56	8	4.659e-06	{IM}
sp|P00579|RPOD_ECOLI	WHOLE	1	1	613	71	1.088e-06	{E}
sp|P00582|DPO1_ECOLI	SINGLE	1	834	865	12	2.379e-06	{A}
sp|P00634|PPB_ECOLI	WHOLE	1	1	471	67	9.715e-07	{A}
sp|P00722|BGAL_ECOLI	SINGLE	1	358	364	4	7.399e-06	{H}
sp|P00722|BGAL_ECOLI	WHOLE	1	1	1024	39	1.267e-07	{W}
sp|P00803|LEP_ECOLI	SINGLE	1	36	42	6	1.498e-06	{A}
sp|P00805|ASPG2_ECOLI	SINGLE	1	329	347	7	8.454e-06	{Q}
sp|P00893|ILVI_ECOLI	MULTIPLE	1	337	361	9	5.996e-06	{WQ}
sp|P00904|TRPGD_ECOLI	SINGLE	1	311	319	6	9.427e-06	{S}
sp|P00904|TRPGD_ECOLI	SINGLE	2	482	493	7	9.586e-06	{A}
sp|P00926|SDHD_ECOLI	SINGLE	1	279	286	6	2.073e-06	{G}
sp|P00936|CYAA_ECOLI	MULTIPLE	1	37	48	8	8.588e-06	{HL}
sp|P00957|SYA_ECOLI	SINGLE	1	840	845	5	7.177e-06	{G}
sp|P00957|SYA_ECOLI	SINGLE	2	850	865	8	9.559e-06	{A}
sp|P00968|CARB_ECOLI	SINGLE	1	175	180	5	7.177e-06	{G}
sp|P02358|RS6_ECOLI	SINGLE	1	130	135	6	7.542e-08	{E}
sp|P02359|RS7_ECOLI	MULTIPLE	1	69	111	18	2.669e-07	{VR}
sp|P02916|MALF_ECOLI	MULTIPLE	1	434	441	7	1.862e-07	{FN}
sp|P02918|PBPA_ECOLI	MULTIPLE	1	693	718	12	8.701e-06	{GR}
sp|P02918|PBPA_ECOLI	MULTIPLE	2	390	421	10	7.691e-06	{QW}
sp|P02919|PBPB_ECOLI	SINGLE	1	791	827	17	4.338e-14	{Q}
sp|P02919|PBPB_ECOLI	SINGLE	2	30	42	9	2.888e-09	{D}
sp|P02919|PBPB_ECOLI	SINGLE	3	381	388	5	7.464e-06	{Q}
sp|P02919|PBPB_ECOLI	MULTIPLE	1	49	64	12	2.054e-08	{KG}
sp|P02920|LACY_ECOLI	SINGLE	1	9	30	11	1.486e-10	{F}
sp|P02920|LACY_ECOLI	SINGLE	2	239	251	6	4.638e-06	{F}
sp|P02920|LACY_ECOLI	SINGLE	3	87	95	5	9.817e-06	{F}
sp|P02920|LACY_ECOLI	WHOLE	1	1	417	56	1.270e-15	{F}
sp|P02921|MELB_ECOLI	SINGLE	1	26	33	5	3.800e-06	{Y}
sp|P02921|MELB_ECOLI	MULTIPLE	1	171	196	14	5.779e-06	{GFI}
sp|P02929|TONB_ECOLI	SINGLE	1	39	124	28	1.161e-16	{P}
sp|P02929|TONB_ECOLI	SINGLE	2	91	105	8	8.760e-07	{K}
sp|P02929|TONB_ECOLI	WHOLE	1	1	239	40	2.295e-12	{P}
sp|P02930|TOLC_ECOLI	WHOLE	1	1	493	44	3.743e-06	{Q}
sp|P02930|TOLC_ECOLI	WHOLE	2	1	493	43	7.267e-06	{N}
sp|P02931|OMPF_ECOLI	WHOLE	1	1	362	49	1.104e-06	{G}
sp|P02942|MCP1_ECOLI	SINGLE	1	495	500	6	2.322e-07	{A}
sp|P02942|MCP1_ECOLI	WHOLE	1	1	551	78	1.825e-07	{A}
sp|P02943|LAMB_ECOLI	MULTIPLE	1	305	349	12	4.999e-08	{MW}
sp|P03004|DNAA_ECOLI	MULTIPLE	1	85	110	14	3.182e-07	{AQ}
sp|P03819|KEFC_ECOLI	MULTIPLE	1	289	314	15	2.584e-07	{IL}
sp|P03819|KEFC_ECOLI	WHOLE	1	1	620	95	3.318e-07	{L}
sp|P03959|KDPA_ECOLI	WHOLE	1	1	557	84	2.528e-06	{L}
sp|P03960|KDPB_ECOLI	SINGLE	1	478	501	10	5.486e-06	{A}
sp|P03960|KDPB_ECOLI	WHOLE	1	1	682	94	4.372e-08	{A}
sp|P03961|KDPC_ECOLI	SINGLE	1	99	114	8	9.559e-06	{A}
sp|P04152|UMUC_ECOLI	SINGLE	1	394	401	5	7.464e-06	{Q}
sp|P04391|OTC1_ECOLI	MULTIPLE	1	7	46	18	6.670e-06	{KL}
sp|P04805|SYE_ECOLI	SINGLE	1	127	132	4	3.242e-06	{H}
sp|P04825|AMPN_ECOLI	SINGLE	1	713	723	7	4.334e-06	{A}
sp|P04982|RBSD_ECOLI	MULTIPLE	1	75	117	14	2.732e-07	{HQ}
sp|P04994|EX7L_ECOLI	SINGLE	1	298	366	20	7.094e-12	{Q}
sp|P04994|EX7L_ECOLI	MULTIPLE	1	265	370	43	4.405e-18	{QR}
sp|P04994|EX7L_ECOLI	WHOLE	1	1	456	47	3.520e-08	{Q}
sp|P05704|MCP3_ECOLI	WHOLE	1	1	546	81	1.545e-08	{A}
sp|P05791|ILVD_ECOLI	MULTIPLE	1	467	488	12	4.122e-06	{VG}
sp|P05791|ILVD_ECOLI	MULTIPLE	2	503	556	20	8.958e-07	{GI}
sp|P05824|RECN_ECOLI	SINGLE	1	324	377	14	4.499e-08	{Q}
sp|P05824|RECN_ECOLI	WHOLE	1	1	553	50	6.479e-07	{Q}
sp|P05825|FEPA_ECOLI	WHOLE	1	1	746	58	7.846e-06	{N}
sp|P06129|BTUB_ECOLI	WHOLE	1	1	614	49	6.124e-07	{Y}
sp|P06136|FTSQ_ECOLI	SINGLE	1	266	276	7	7.889e-08	{Q}
sp|P06149|DLD_ECOLI	SINGLE	1	207	238	11	6.093e-07	{D}
sp|P06149|DLD_ECOLI	MULTIPLE	1	207	238	15	3.083e-09	{DH}
sp|P06609|BTUC_ECOLI	SINGLE	1	16	31	10	1.949e-07	{L}
sp|P06609|BTUC_ECOLI	SINGLE	2	280	301	10	2.130e-06	{A}
sp|P06609|BTUC_ECOLI	WHOLE	1	1	326	69	3.452e-11	{L}
sp|P06710|DPO3X_ECOLI	SINGLE	1	361	406	15	1.273e-09	{P}
sp|P06710|DPO3X_ECOLI	SINGLE	2	388	423	10	1.863e-06	{Q}
sp|P06710|DPO3X_ECOLI	MULTIPLE	1	361	423	26	7.043e-12	{PQ}
sp|P06710|DPO3X_ECOLI	WHOLE	1	1	643	86	4.981e-07	{A}
sp|P06715|GSHR_ECOLI	SINGLE	1	11	16	5	7.177e-06	{G}
sp|P06959|ODP2_ECOLI	SINGLE	1	283	314	20	6.525e-15	{A}
sp|P06959|ODP2_ECOLI	SINGLE	2	77	105	17	3.111e-12	{A}
sp|P06959|ODP2_ECOLI	SINGLE	3	180	204	15	3.754e-11	{A}
sp|P06959|ODP2_ECOLI	WHOLE	1	1	630	96	2.208e-10	{A}
sp|P06972|FHUB_ECOLI	SINGLE	1	194	247	20	2.279e-08	{L}
sp|P06972|FHUB_ECOLI	SINGLE	2	259	298	14	5.873e-06	{L}
sp|P06972|FHUB_ECOLI	WHOLE	1	1	660	124	1.336e-14	{L}
sp|P06972|FHUB_ECOLI	WHOLE	2	1	660	86	1.363e-06	{A}
sp|P06988|HISX_ECOLI	WHOLE	1	1	434	63	9.930e-07	{A}
sp|P06992|RSMA_ECOLI	SINGLE	1	172	203	9	9.864e-06	{P}
sp|P06992|RSMA_ECOLI	MULTIPLE	1	170	209	19	8.802e-09	{PV}
sp|P06993|MALT_ECOLI	SINGLE	1	512	565	12	2.321e-06	{Q}
sp|P06993|MALT_ECOLI	SINGLE	2	371	418	16	2.707e-06	{L}
sp|P06993|MALT_ECOLI	SINGLE	3	604	610	5	2.926e-06	{Q}
sp|P06993|MALT_ECOLI	WHOLE	1	1	901	132	3.707e-08	{L}
sp|P06993|MALT_ECOLI	WHOLE	2	1	901	70	1.352e-06	{Q}
sp|P06996|OMPC_ECOLI	SINGLE	1	172	216	14	6.310e-07	{G}
sp|P06996|OMPC_ECOLI	WHOLE	1	1	367	48	3.491e-06	{G}
sp|P07001|PNTA_ECOLI	MULTIPLE	1	374	386	9	2.492e-06	{AQ}
sp|P07003|POXB_ECOLI	MULTIPLE	1	427	470	15	1.948e-06	{VM}
sp|P07014|SDHB_ECOLI	SINGLE	1	149	159	5	4.398e-07	{C}
sp|P07017|MCP2_ECOLI	SINGLE	1	493	498	6	2.322e-07	{A}
sp|P07017|MCP2_ECOLI	WHOLE	1	1	553	78	2.043e-07	{A}
sp|P07117|PUTP_ECOLI	MULTIPLE	1	372	391	12	2.740e-06	{VA}
sp|P07118|SYV_ECOLI	SINGLE	1	519	524	4	3.242e-06	{M}
sp|P07118|SYV_ECOLI	MULTIPLE	1	511	527	9	6.257e-07	{MI}
sp|P07623|METAS_ECOLI	SINGLE	1	170	176	4	7.399e-06	{H}
sp|P07648|RECC_ECOLI	WHOLE	1	1	1122	154	1.907e-07	{L}
sp|P07649|TRUA_ECOLI	MULTIPLE	1	110	128	9	9.315e-06	{RY}
sp|P07913|TDH_ECOLI	MULTIPLE	1	62	120	19	1.112e-07	{CG}
sp|P08142|ILVB_ECOLI	SINGLE	1	186	211	11	1.562e-06	{A}
sp|P08244|PYRF_ECOLI	SINGLE	1	81	89	7	5.567e-07	{A}
sp|P08312|SYFA_ECOLI	SINGLE	1	55	89	12	6.881e-06	{A}
sp|P08394|RECB_ECOLI	MULTIPLE	1	1105	1134	11	5.636e-07	{HY}
sp|P08394|RECB_ECOLI	WHOLE	1	1	1180	92	2.150e-06	{R}
sp|P08395|SPPA_ECOLI	MULTIPLE	1	5	33	10	1.471e-06	{FW}
sp|P08400|PHOR_ECOLI	SINGLE	1	2	57	18	1.209e-06	{L}
sp|P08400|PHOR_ECOLI	SINGLE	2	45	58	5	1.284e-06	{W}
sp|P08400|PHOR_ECOLI	MULTIPLE	1	2	58	25	1.413e-10	{LW}
sp|P08506|DACC_ECOLI	MULTIPLE	1	12	41	14	1.882e-06	{AF}
sp|P08622|DNAJ_ECOLI	SINGLE	1	77	107	15	2.108e-10	{G}
sp|P08622|DNAJ_ECOLI	MULTIPLE	1	74	107	21	6.583e-13	{GF}
sp|P08622|DNAJ_ECOLI	MULTIPLE	2	157	187	12	8.352e-08	{QC}
sp|P08622|DNAJ_ECOLI	WHOLE	1	1	376	53	1.260e-07	{G}
sp|P08660|AK3_ECOLI	SINGLE	1	343	367	9	9.931e-06	{T}
sp|P08660|AK3_ECOLI	MULTIPLE	1	351	371	13	1.463e-06	{TL}
sp|P08660|AK3_ECOLI	MULTIPLE	2	160	178	12	8.167e-06	{AL}
sp|P08839|PT1_ECOLI	SINGLE	1	63	88	10	2.440e-06	{E}
sp|P08956|T1RK_ECOLI	SINGLE	1	152	173	9	1.497e-07	{Q}
sp|P08956|T1RK_ECOLI	MULTIPLE	1	189	220	15	1.185e-06	{AQ}
sp|P09029|PURK_ECOLI	MULTIPLE	1	121	135	9	7.988e-06	{RG}
sp|P09099|XYLB_ECOLI	MULTIPLE	1	217	242	14	2.611e-06	{GA}
sp|P09169|OMPT_ECOLI	SINGLE	1	274	306	9	6.876e-06	{N}
sp|P09323|PTW3C_ECOLI	SINGLE	1	453	499	16	2.438e-07	{A}
sp|P09323|PTW3C_ECOLI	SINGLE	2	280	309	12	5.598e-06	{L}
sp|P09323|PTW3C_ECOLI	MULTIPLE	1	228	239	8	7.284e-08	{MF}
sp|P09323|PTW3C_ECOLI	WHOLE	1	1	648	91	2.964e-08	{A}
sp|P09348|MOTA_ECOLI	SINGLE	1	142	159	8	7.119e-06	{E}
sp|P09377|RHAS_ECOLI	SINGLE	1	31	48	6	1.529e-06	{H}
sp|P09377|RHAS_ECOLI	SINGLE	2	149	180	13	1.878e-06	{L}
sp|P09377|RHAS_ECOLI	SINGLE	3	122	134	6	8.296e-06	{Q}
sp|P09394|GLPQ_ECOLI	SINGLE	1	1	24	6	9.716e-06	{M}
sp|P09546|PUTA_ECOLI	SINGLE	1	1080	1102	9	7.742e-06	{G}
sp|P09546|PUTA_ECOLI	MULTIPLE	1	1063	1102	18	6.816e-07	{GV}
sp|P09546|PUTA_ECOLI	WHOLE	1	1	1320	166	7.843e-10	{A}
sp|P09831|GLTB_ECOLI	SINGLE	1	1332	1392	18	4.210e-08	{G}
sp|P09831|GLTB_ECOLI	SINGLE	2	149	167	8	1.221e-06	{R}
sp|P09835|UHPB_ECOLI	SINGLE	1	69	156	26	4.210e-08	{L}
sp|P09835|UHPB_ECOLI	SINGLE	2	255	269	9	1.324e-06	{L}
sp|P09835|UHPB_ECOLI	MULTIPLE	1	60	162	37	8.974e-12	{LW}
sp|P09835|UHPB_ECOLI	WHOLE	1	1	500	100	8.455e-14	{L}
sp|P0A698|UVRA_ECOLI	SINGLE	1	905	913	6	5.807e-06	{G}
sp|P0A6B7|ISCS_ECOLI	SINGLE	1	23	29	4	7.399e-06	{M}
sp|P0A6C1|END4_ECOLI	SINGLE	1	6	30	11	9.775e-07	{A}
sp|P0A6F5|CH60_ECOLI	SINGLE	1	533	546	9	3.517e-08	{G}
sp|P0A6F5|CH60_ECOLI	SINGLE	2	538	548	5	1.993e-06	{M}
sp|P0A6F5|CH60_ECOLI	MULTIPLE	1	533	548	14	1.693e-13	{GM}
sp|P0A6F5|CH60_ECOLI	WHOLE	1	1	548	74	1.917e-06	{A}
sp|P0A6H8|CLSA_ECOLI	MULTIPLE	1	212	246	12	2.082e-06	{MR}
sp|P0A6J1|CYSC_ECOLI	SINGLE	1	4	26	6	7.449e-06	{H}
sp|P0A6J3|CYSZ_ECOLI	SINGLE	1	48	77	6	4.532e-06	{W}
sp|P0A6M8|EFG_ECOLI	SINGLE	1	213	247	11	7.276e-06	{E}
sp|P0A6P5|DER_ECOLI	SINGLE	1	170	193	12	6.866e-09	{E}
sp|P0A6P9|ENO_ECOLI	SINGLE	1	108	125	10	1.998e-07	{A}
sp|P0A6T3|GAL1_ECOLI	SINGLE	1	324	338	8	1.486e-06	{G}
sp|P0A6V1|GLGC_ECOLI	MULTIPLE	1	375	388	8	5.617e-07	{RC}
sp|P0A6W3|MRAY_ECOLI	SINGLE	1	98	121	9	9.761e-06	{V}
sp|P0A6Y8|DNAK_ECOLI	SINGLE	1	589	610	9	1.497e-07	{Q}
sp|P0A6Y8|DNAK_ECOLI	MULTIPLE	1	582	621	20	5.225e-09	{QA}
sp|P0A6Z6|NIKR_ECOLI	SINGLE	1	76	92	7	3.651e-08	{H}
sp|P0A700|HYPA_ECOLI	SINGLE	1	38	93	9	2.439e-07	{C}
sp|P0A705|IF2_ECOLI	SINGLE	1	98	154	18	9.680e-09	{E}
sp|P0A705|IF2_ECOLI	SINGLE	2	177	223	15	1.367e-07	{E}
sp|P0A705|IF2_ECOLI	SINGLE	3	103	153	17	1.469e-07	{A}
sp|P0A705|IF2_ECOLI	MULTIPLE	1	98	154	36	3.573e-17	{EA}
sp|P0A705|IF2_ECOLI	MULTIPLE	2	172	223	25	3.905e-11	{ER}
sp|P0A705|IF2_ECOLI	WHOLE	1	1	890	99	8.921e-08	{E}
sp|P0A705|IF2_ECOLI	WHOLE	2	1	890	109	1.313e-06	{A}
sp|P0A707|IF3_ECOLI	SINGLE	1	72	97	10	1.555e-06	{K}
sp|P0A712|KDGT_ECOLI	SINGLE	1	255	294	14	9.207e-07	{A}
sp|P0A712|KDGT_ECOLI	MULTIPLE	1	78	92	10	5.060e-06	{VA}
sp|P0A754|KEFF_ECOLI	MULTIPLE	1	84	120	16	2.445e-08	{GH}
sp|P0A754|KEFF_ECOLI	WHOLE	1	1	176	15	6.842e-06	{H}
sp|P0A761|NANE_ECOLI	SINGLE	1	36	49	8	2.626e-06	{A}
sp|P0A794|PDXJ_ECOLI	SINGLE	1	160	183	10	5.486e-06	{A}
sp|P0A794|PDXJ_ECOLI	WHOLE	1	1	243	40	4.085e-06	{A}
sp|P0A7B1|PPK1_ECOLI	MULTIPLE	1	175	195	10	6.785e-06	{PR}
sp|P0A7B1|PPK1_ECOLI	WHOLE	1	1	688	61	2.133e-06	{R}
sp|P0A7D1|PTH_ECOLI	SINGLE	1	108	116	6	5.807e-06	{G}
sp|P0A7E9|PYRH_ECOLI	MULTIPLE	1	48	91	16	4.150e-07	{GM}
sp|P0A7J3|RL10_ECOLI	WHOLE	1	1	165	33	3.787e-07	{A}
sp|P0A7K2|RL7_ECOLI	SINGLE	1	35	76	15	2.829e-07	{A}
sp|P0A7K2|RL7_ECOLI	WHOLE	1	1	121	28	1.271e-07	{A}
sp|P0A7L0|RL1_ECOLI	SINGLE	1	82	92	7	4.334e-06	{A}
sp|P0A7L3|RL20_ECOLI	SINGLE	1	28	70	11	3.641e-06	{R}
sp|P0A7N9|RL33_ECOLI	MULTIPLE	1	22	38	10	6.521e-06	{KT}
sp|P0A7R1|RL9_ECOLI	SINGLE	1	49	84	12	9.512e-06	{A}
sp|P0A7S9|RS13_ECOLI	SINGLE	1	70	113	12	6.396e-07	{R}
sp|P0A7U3|RS19_ECOLI	SINGLE	1	87	92	5	5.074e-06	{K}
sp|P0A7Y4|RNH_ECOLI	MULTIPLE	1	81	99	9	3.821e-06	{KW}
sp|P0A800|RPOZ_ECOLI	MULTIPLE	1	53	81	14	4.243e-07	{QE}
sp|P0A812|RUVB_ECOLI	SINGLE	1	214	231	8	7.422e-07	{R}
sp|P0A817|METK_ECOLI	SINGLE	1	229	265	12	2.405e-06	{G}
sp|P0A830|DCTA_ECOLI	WHOLE	1	1	428	47	2.112e-07	{I}
sp|P0A836|SUCC_ECOLI	SINGLE	1	336	347	7	2.746e-06	{V}
sp|P0A850|TIG_ECOLI	WHOLE	1	1	432	59	4.194e-08	{E}
sp|P0A858|TPIS_ECOLI	WHOLE	1	1	255	45	1.661e-07	{A}
sp|P0A873|TRMD_ECOLI	MULTIPLE	1	55	63	7	1.233e-06	{GM}
sp|P0A873|TRMD_ECOLI	MULTIPLE	2	244	251	6	1.863e-06	{HQ}
sp|P0A8B2|SMRB_ECOLI	SINGLE	1	123	156	7	6.942e-06	{H}
sp|P0A8B2|SMRB_ECOLI	MULTIPLE	1	119	156	10	9.572e-07	{HC}
sp|P0A8F8|UVRB_ECOLI	SINGLE	1	88	101	6	6.340e-06	{Y}
sp|P0A8G6|NQOR_ECOLI	MULTIPLE	1	114	130	11	8.420e-07	{TG}
sp|P0A8G9|EX7S_ECOLI	SINGLE	1	44	61	7	5.580e-06	{Q}
sp|P0A8H3|ZUPT_ECOLI	MULTIPLE	1	195	214	10	6.557e-06	{AM}
sp|P0A8H6|YIHI_ECOLI	SINGLE	1	151	160	7	4.808e-07	{E}
sp|P0A8H6|YIHI_ECOLI	SINGLE	2	17	38	8	4.458e-06	{R}
sp|P0A8H6|YIHI_ECOLI	MULTIPLE	1	134	161	15	1.169e-07	{ED}
sp|P0A8H6|YIHI_ECOLI	MULTIPLE	2	98	125	17	7.018e-08	{EL}
sp|P0A8I5|TRMB_ECOLI	SINGLE	1	15	29	7	2.514e-06	{R}
sp|P0A8J2|DNAT_ECOLI	MULTIPLE	1	10	51	18	5.611e-06	{AV}
sp|P0A8J8|RHLB_ECOLI	SINGLE	1	398	419	9	3.489e-07	{R}
sp|P0A8M0|SYN_ECOLI	SINGLE	1	3	26	9	9.761e-06	{V}
sp|P0A8M0|SYN_ECOLI	MULTIPLE	1	3	30	14	4.054e-07	{VR}
sp|P0A8N7|EPMA_ECOLI	MULTIPLE	1	256	276	10	4.903e-06	{QR}
sp|P0A8P6|XERC_ECOLI	SINGLE	1	236	249	5	8.083e-06	{H}
sp|P0A8P8|XERD_ECOLI	MULTIPLE	1	289	295	6	4.981e-07	{HQ}
sp|P0A8P8|XERD_ECOLI	WHOLE	1	1	298	51	6.634e-06	{L}
sp|P0A8Q3|FRDD_ECOLI	SINGLE	1	81	93	5	5.312e-06	{H}
sp|P0A8S1|ARGP_ECOLI	MULTIPLE	1	66	81	11	2.656e-06	{LE}
sp|P0A8T7|RPOC_ECOLI	MULTIPLE	1	270	281	8	1.589e-06	{RN}
sp|P0A8W0|NANR_ECOLI	SINGLE	1	34	60	10	3.623e-06	{E}
sp|P0A8W0|NANR_ECOLI	MULTIPLE	1	34	60	14	2.310e-07	{ER}
sp|P0A8X0|DARP_ECOLI	SINGLE	1	7	22	8	7.437e-07	{D}
sp|P0A910|OMPA_ECOLI	SINGLE	1	5	22	9	2.609e-06	{A}
sp|P0A910|OMPA_ECOLI	MULTIPLE	1	196	208	11	7.012e-09	{PA}
sp|P0A912|PAL_ECOLI	SINGLE	1	57	67	6	2.440e-06	{Q}
sp|P0A924|PGPB_ECOLI	SINGLE	1	23	66	8	2.508e-07	{W}
sp|P0A924|PGPB_ECOLI	WHOLE	1	1	254	17	3.111e-07	{W}
sp|P0A964|CHEW_ECOLI	SINGLE	1	64	108	14	4.903e-07	{V}
sp|P0A9A6|FTSZ_ECOLI	SINGLE	1	17	23	6	5.551e-07	{G}
sp|P0A9A6|FTSZ_ECOLI	SINGLE	2	103	111	6	5.807e-06	{G}
sp|P0A9A6|FTSZ_ECOLI	MULTIPLE	1	61	113	25	1.167e-08	{AG}
sp|P0A9A9|FUR_ECOLI	SINGLE	1	86	90	4	1.105e-06	{H}
sp|P0A9E0|ARAC_ECOLI	SINGLE	1	91	110	5	9.090e-06	{W}
sp|P0A9E0|ARAC_ECOLI	MULTIPLE	1	80	110	10	8.966e-08	{WH}
sp|P0A9E5|FNR_ECOLI	MULTIPLE	1	2	30	11	9.445e-07	{CI}
sp|P0A9G6|ACEA_ECOLI	MULTIPLE	1	76	103	13	6.867e-06	{AQ}
sp|P0A9G8|MODE_ECOLI	SINGLE	1	69	75	6	5.551e-07	{G}
sp|P0A9J0|RNG_ECOLI	SINGLE	1	343	349	5	5.528e-06	{I}
sp|P0A9J6|RBSK_ECOLI	SINGLE	1	278	285	6	5.523e-06	{A}
sp|P0A9J6|RBSK_ECOLI	WHOLE	1	1	309	49	1.201e-06	{A}
sp|P0A9K9|SLYD_ECOLI	SINGLE	1	149	179	14	9.981e-16	{H}
sp|P0A9K9|SLYD_ECOLI	SINGLE	2	166	194	14	8.788e-10	{G}
sp|P0A9K9|SLYD_ECOLI	SINGLE	3	167	195	6	5.499e-06	{C}
sp|P0A9K9|SLYD_ECOLI	MULTIPLE	1	149	196	42	1.494e-27	{HGCD}
sp|P0A9K9|SLYD_ECOLI	WHOLE	1	1	196	20	1.283e-08	{H}
sp|P0A9P6|DEAD_ECOLI	SINGLE	1	571	624	19	2.781e-12	{R}
sp|P0A9P6|DEAD_ECOLI	SINGLE	2	447	481	15	1.951e-11	{R}
sp|P0A9P6|DEAD_ECOLI	SINGLE	3	568	611	17	9.950e-10	{G}
sp|P0A9P6|DEAD_ECOLI	SINGLE	4	332	362	10	1.006e-06	{R}
sp|P0A9P6|DEAD_ECOLI	MULTIPLE	1	568	627	39	1.110e-22	{RG}
sp|P0A9P6|DEAD_ECOLI	MULTIPLE	2	441	482	31	2.142e-17	{RDP}
sp|P0A9P6|DEAD_ECOLI	WHOLE	1	1	629	78	2.490e-14	{R}
sp|P0A9Q5|ACCD_ECOLI	SINGLE	1	281	302	8	3.704e-06	{P}
sp|P0A9Q5|ACCD_ECOLI	MULTIPLE	1	281	298	11	4.648e-07	{PV}
sp|P0A9Q7|ADHE_ECOLI	SINGLE	1	37	55	10	3.887e-07	{A}
sp|P0A9Q7|ADHE_ECOLI	MULTIPLE	1	873	891	15	3.367e-10	{KA}
sp|P0A9Q7|ADHE_ECOLI	WHOLE	1	1	891	121	1.706e-09	{A}
sp|P0A9R4|FER_ECOLI	SINGLE	1	42	53	5	7.418e-07	{C}
sp|P0A9S5|GLDA_ECOLI	MULTIPLE	1	251	271	11	1.254e-06	{HA}
sp|P0A9S5|GLDA_ECOLI	WHOLE	1	1	367	57	3.702e-07	{A}
sp|P0A9T0|SERA_ECOLI	SINGLE	1	120	124	5	6.591e-06	{L}
sp|P0A9V1|LPTB_ECOLI	MULTIPLE	1	60	67	8	1.466e-08	{DI}
sp|P0A9W3|ETTA_ECOLI	MULTIPLE	1	168	186	11	9.095e-06	{LR}
sp|P0AA47|PLAP_ECOLI	SINGLE	1	158	178	9	2.683e-06	{V}
sp|P0AA76|DGOT_ECOLI	SINGLE	1	338	344	4	7.399e-06	{M}
sp|P0AA76|DGOT_ECOLI	MULTIPLE	1	161	187	12	3.150e-08	{WI}
sp|P0AA78|EXUT_ECOLI	SINGLE	1	91	122	12	2.379e-06	{A}
sp|P0AA78|EXUT_ECOLI	WHOLE	1	1	432	61	3.358e-06	{A}
sp|P0AA89|DOSC_ECOLI	WHOLE	1	1	460	45	6.956e-06	{I}
sp|P0AA93|YPDA_ECOLI	SINGLE	1	75	132	15	8.359e-08	{I}
sp|P0AA93|YPDA_ECOLI	WHOLE	1	1	565	69	4.928e-12	{I}
sp|P0AAA9|ZRAP_ECOLI	SINGLE	1	120	139	12	5.249e-10	{G}
sp|P0AAA9|ZRAP_ECOLI	SINGLE	2	34	65	9	5.422e-06	{Q}
sp|P0AAA9|ZRAP_ECOLI	MULTIPLE	1	120	139	16	4.413e-14	{GM}
sp|P0AAD6|SDAC_ECOLI	SINGLE	1	307	313	5	5.528e-06	{I}
sp|P0AAD6|SDAC_ECOLI	MULTIPLE	1	370	394	10	3.569e-06	{MI}
sp|P0AAD6|SDAC_ECOLI	WHOLE	1	1	429	48	9.297e-08	{I}
sp|P0AAD6|SDAC_ECOLI	WHOLE	2	1	429	28	2.959e-07	{M}
sp|P0AAE0|CYCA_ECOLI	MULTIPLE	1	424	431	7	9.433e-07	{VF}
sp|P0AAE0|CYCA_ECOLI	MULTIPLE	2	28	49	11	8.998e-06	{GI}
sp|P0AAE0|CYCA_ECOLI	MULTIPLE	3	56	71	11	7.091e-08	{MIF}
sp|P0AAE0|CYCA_ECOLI	WHOLE	1	1	470	39	6.677e-06	{F}
sp|P0AAE8|CADB_ECOLI	SINGLE	1	35	48	7	1.705e-06	{I}
sp|P0AAH4|SAPD_ECOLI	MULTIPLE	1	119	135	9	2.198e-07	{WR}
sp|P0AAI3|FTSH_ECOLI	SINGLE	1	125	130	5	7.177e-06	{G}
sp|P0AAI5|FABF_ECOLI	WHOLE	1	1	413	52	4.265e-06	{G}
sp|P0AAJ3|FDNH_ECOLI	SINGLE	1	133	179	8	7.200e-07	{C}
sp|P0AAJ3|FDNH_ECOLI	WHOLE	1	1	294	17	5.440e-06	{C}
sp|P0AAJ5|FDOH_ECOLI	SINGLE	1	133	179	8	7.200e-07	{C}
sp|P0AAJ5|FDOH_ECOLI	SINGLE	2	286	298	7	5.621e-06	{E}
sp|P0AAM1|CYBH_ECOLI	SINGLE	1	97	111	5	1.898e-06	{W}
sp|P0AAT4|YBDG_ECOLI	SINGLE	1	140	169	9	8.515e-06	{I}
sp|P0AAT4|YBDG_ECOLI	WHOLE	1	1	415	45	5.169e-07	{I}
sp|P0AAZ4|RARA_ECOLI	SINGLE	1	332	360	11	5.474e-06	{A}
sp|P0AAZ4|RARA_ECOLI	WHOLE	1	1	447	63	2.547e-06	{A}
sp|P0AB38|LPOB_ECOLI	SINGLE	1	26	73	16	2.498e-10	{P}
sp|P0AB71|ALF_ECOLI	SINGLE	1	92	111	6	3.056e-06	{H}
sp|P0AB77|KBL_ECOLI	WHOLE	1	1	398	56	8.557e-06	{A}
sp|P0AB83|END3_ECOLI	MULTIPLE	1	175	203	8	7.965e-06	{CH}
sp|P0AB85|APBE_ECOLI	SINGLE	1	138	173	10	1.863e-06	{Q}
sp|P0AB89|PUR8_ECOLI	SINGLE	1	48	80	12	3.445e-06	{A}
sp|P0ABB4|ATPB_ECOLI	SINGLE	1	143	155	7	6.403e-06	{G}
sp|P0ABC7|HFLK_ECOLI	SINGLE	1	7	78	23	1.060e-10	{G}
sp|P0ABC7|HFLK_ECOLI	SINGLE	2	383	397	8	2.783e-06	{S}
sp|P0ABC7|HFLK_ECOLI	MULTIPLE	1	83	94	10	5.791e-08	{AI}
sp|P0ABD8|BCCP_ECOLI	SINGLE	1	35	76	16	4.061e-08	{A}
sp|P0ABD8|BCCP_ECOLI	SINGLE	2	11	28	8	7.119e-06	{E}
sp|P0ABD8|BCCP_ECOLI	MULTIPLE	1	35	76	21	2.181e-09	{AQ}
sp|P0ABE5|C561_ECOLI	SINGLE	1	67	77	6	3.773e-06	{P}
sp|P0ABE5|C561_ECOLI	MULTIPLE	1	151	159	8	8.229e-08	{AH}
sp|P0ABF1|PCNB_ECOLI	SINGLE	1	448	461	9	2.079e-09	{R}
sp|P0ABF1|PCNB_ECOLI	WHOLE	1	1	465	54	1.834e-09	{R}
sp|P0ABF6|CDD_ECOLI	WHOLE	1	1	294	47	1.535e-06	{A}
sp|P0ABG1|CDSA_ECOLI	SINGLE	1	58	73	9	2.749e-06	{L}
sp|P0ABG1|CDSA_ECOLI	WHOLE	1	1	285	50	4.097e-06	{L}
sp|P0ABG4|FTSW_ECOLI	WHOLE	1	1	414	67	2.247e-06	{L}
sp|P0ABH0|FTSA_ECOLI	MULTIPLE	1	101	130	14	6.114e-06	{VE}
sp|P0ABI4|CORA_ECOLI	SINGLE	1	97	120	8	9.294e-06	{R}
sp|P0ABI8|CYOB_ECOLI	SINGLE	1	268	274	4	7.399e-06	{M}
sp|P0ABI8|CYOB_ECOLI	MULTIPLE	1	439	468	12	1.958e-08	{WF}
sp|P0ABI8|CYOB_ECOLI	MULTIPLE	2	593	626	13	7.251e-08	{IW}
sp|P0ABI8|CYOB_ECOLI	WHOLE	1	1	663	58	1.085e-08	{F}
sp|P0ABI8|CYOB_ECOLI	WHOLE	2	1	663	62	8.370e-07	{I}
sp|P0ABI8|CYOB_ECOLI	WHOLE	3	1	663	26	7.838e-06	{W}
sp|P0ABI8|CYOB_ECOLI	WHOLE	4	1	663	33	9.116e-06	{M}
sp|P0ABJ3|CYOC_ECOLI	SINGLE	1	8	19	6	8.689e-08	{H}
sp|P0ABJ9|CYDA_ECOLI	SINGLE	1	104	116	6	4.638e-06	{F}
sp|P0ABN5|DCUA_ECOLI	SINGLE	1	16	31	8	2.775e-06	{G}
sp|P0ABN5|DCUA_ECOLI	SINGLE	2	340	374	12	6.881e-06	{A}
sp|P0ABN5|DCUA_ECOLI	WHOLE	1	1	433	43	7.591e-06	{I}
sp|P0ABN9|DCUB_ECOLI	SINGLE	1	359	385	11	2.429e-06	{A}
sp|P0ABN9|DCUB_ECOLI	WHOLE	1	1	446	50	4.914e-08	{I}
sp|P0ABP3|DCUC_ECOLI	SINGLE	1	410	445	13	1.789e-07	{V}
sp|P0ABP3|DCUC_ECOLI	SINGLE	2	81	85	4	1.105e-06	{M}
sp|P0ABP3|DCUC_ECOLI	SINGLE	3	161	187	11	2.429e-06	{A}
sp|P0ABP3|DCUC_ECOLI	SINGLE	4	248	283	10	5.791e-06	{I}
sp|P0ABP3|DCUC_ECOLI	WHOLE	1	1	461	49	3.121e-07	{I}
sp|P0ABQ0|COABC_ECOLI	SINGLE	1	219	225	6	1.498e-06	{A}
sp|P0ABQ0|COABC_ECOLI	WHOLE	1	1	406	59	1.976e-06	{A}
sp|P0ABU9|TOLQ_ECOLI	SINGLE	1	20	41	8	5.499e-06	{I}
sp|P0ABU9|TOLQ_ECOLI	MULTIPLE	1	6	42	18	4.930e-07	{IL}
sp|P0ABV6|TOLR_ECOLI	SINGLE	1	21	30	7	5.011e-06	{L}
sp|P0AC30|FTSX_ECOLI	SINGLE	1	324	328	5	6.591e-06	{L}
sp|P0AC41|SDHA_ECOLI	SINGLE	1	131	138	6	5.523e-06	{A}
sp|P0AC41|SDHA_ECOLI	SINGLE	2	445	452	5	7.298e-06	{N}
sp|P0AC44|DHSD_ECOLI	SINGLE	1	96	115	10	1.252e-07	{V}
sp|P0AC78|WECA_ECOLI	SINGLE	1	346	359	7	1.408e-06	{R}
sp|P0AC84|GLO2_ECOLI	SINGLE	1	53	58	5	2.890e-08	{H}
sp|P0AC88|GM4D_ECOLI	MULTIPLE	1	236	245	7	4.859e-07	{MQ}
sp|P0AC98|SATP_ECOLI	SINGLE	1	109	135	8	5.684e-06	{F}
sp|P0ACB2|HEM2_ECOLI	SINGLE	1	151	182	13	3.113e-07	{A}
sp|P0ACF4|DBHB_ECOLI	SINGLE	1	11	30	9	7.656e-06	{A}
sp|P0ACF8|HNS_ECOLI	SINGLE	1	20	53	13	8.366e-08	{E}
sp|P0ACG1|STPA_ECOLI	SINGLE	1	27	56	11	1.333e-06	{E}
sp|P0ACG1|STPA_ECOLI	MULTIPLE	1	27	56	15	9.192e-08	{EQ}
sp|P0ACY3|YEAG_ECOLI	MULTIPLE	1	451	469	11	7.262e-07	{QE}
sp|P0AD14|BTSS_ECOLI	SINGLE	1	75	104	12	1.815e-07	{G}
sp|P0AD27|PBGA_ECOLI	SINGLE	1	161	171	6	4.366e-06	{R}
sp|P0AD49|YFIA_ECOLI	SINGLE	1	108	113	5	6.509e-06	{E}
sp|P0AD70|AMPH_ECOLI	SINGLE	1	329	333	5	1.281e-06	{G}
sp|P0ADA1|TESA_ECOLI	MULTIPLE	1	12	31	14	2.967e-06	{ALF}
sp|P0ADA3|NLPD_ECOLI	SINGLE	1	66	98	16	8.394e-14	{Q}
sp|P0ADA3|NLPD_ECOLI	SINGLE	2	228	264	14	1.738e-08	{T}
sp|P0ADA3|NLPD_ECOLI	MULTIPLE	1	55	98	26	1.218e-16	{QP}
sp|P0ADA3|NLPD_ECOLI	MULTIPLE	2	228	259	19	1.409e-09	{TS}
sp|P0ADC1|LPTE_ECOLI	SINGLE	1	174	190	8	2.984e-06	{T}
sp|P0ADG7|IMDH_ECOLI	SINGLE	1	279	294	8	9.559e-06	{A}
sp|P0ADN0|VIAA_ECOLI	SINGLE	1	474	483	6	2.084e-06	{R}
sp|P0ADN0|VIAA_ECOLI	WHOLE	1	1	483	47	2.545e-06	{R}
sp|P0ADY1|PPID_ECOLI	SINGLE	1	244	267	8	4.476e-06	{Q}
sp|P0ADY1|PPID_ECOLI	SINGLE	2	16	26	6	5.152e-06	{I}
sp|P0ADY1|PPID_ECOLI	WHOLE	1	1	623	54	8.881e-07	{Q}
sp|P0ADY3|RL14_ECOLI	MULTIPLE	1	38	69	19	1.296e-07	{IKV}
sp|P0ADZ4|RS15_ECOLI	SINGLE	1	38	51	5	8.083e-06	{H}
sp|P0AE06|ACRA_ECOLI	SINGLE	1	146	167	11	1.977e-07	{A}
sp|P0AE06|ACRA_ECOLI	SINGLE	2	29	36	5	7.464e-06	{Q}
sp|P0AE06|ACRA_ECOLI	MULTIPLE	1	141	163	14	3.974e-08	{AQ}
sp|P0AE16|AMPG_ECOLI	SINGLE	1	438	485	18	9.009e-08	{L}
sp|P0AE16|AMPG_ECOLI	MULTIPLE	1	436	485	25	1.379e-08	{LV}
sp|P0AE16|AMPG_ECOLI	WHOLE	1	1	491	89	3.354e-10	{L}
sp|P0AE24|ARAE_ECOLI	WHOLE	1	1	472	28	1.814e-06	{M}
sp|P0AE82|CPXA_ECOLI	SINGLE	1	159	186	12	2.388e-06	{L}
sp|P0AE82|CPXA_ECOLI	MULTIPLE	1	241	267	14	3.111e-06	{LR}
sp|P0AE85|CPXP_ECOLI	SINGLE	1	152	165	8	1.400e-06	{S}
sp|P0AE88|CPXR_ECOLI	MULTIPLE	1	33	51	13	1.642e-07	{LD}
sp|P0AEC3|ARCB_ECOLI	SINGLE	1	732	739	5	7.464e-06	{Q}
sp|P0AEC3|ARCB_ECOLI	MULTIPLE	1	114	153	18	3.825e-08	{EQ}
sp|P0AEC3|ARCB_ECOLI	MULTIPLE	2	18	46	15	6.113e-06	{VL}
sp|P0AEC5|BARA_ECOLI	MULTIPLE	1	892	905	11	3.115e-07	{EL}
sp|P0AEC5|BARA_ECOLI	WHOLE	1	1	918	126	1.889e-06	{L}
sp|P0AEE3|DEGS_ECOLI	MULTIPLE	1	244	282	17	4.020e-07	{GI}
sp|P0AEE3|DEGS_ECOLI	WHOLE	1	1	355	38	4.639e-06	{I}
sp|P0AEE5|MGLB_ECOLI	WHOLE	1	1	332	49	8.316e-06	{A}
sp|P0AEH1|RSEP_ECOLI	MULTIPLE	1	98	122	17	1.504e-08	{AIF}
sp|P0AEP9|GLCD_ECOLI	SINGLE	1	485	490	4	3.242e-06	{H}
sp|P0AES4|GYRA_ECOLI	SINGLE	1	356	376	8	2.979e-06	{R}
sp|P0AES4|GYRA_ECOLI	SINGLE	2	844	870	9	8.500e-06	{D}
sp|P0AES6|GYRB_ECOLI	SINGLE	1	380	394	7	2.514e-06	{R}
sp|P0AES6|GYRB_ECOLI	MULTIPLE	1	378	394	13	2.886e-09	{RA}
sp|P0AET8|HDHA_ECOLI	MULTIPLE	1	14	48	16	1.514e-06	{IA}
sp|P0AEV1|RSSB_ECOLI	SINGLE	1	214	264	17	1.345e-06	{L}
sp|P0AEV1|RSSB_ECOLI	MULTIPLE	1	214	264	24	6.418e-09	{LQ}
sp|P0AEV1|RSSB_ECOLI	WHOLE	1	1	337	60	3.356e-07	{L}
sp|P0AEX7|LIVH_ECOLI	MULTIPLE	1	25	66	16	1.044e-08	{MI}
sp|P0AEX7|LIVH_ECOLI	MULTIPLE	2	249	266	12	5.058e-08	{GI}
sp|P0AEY5|MDAB_ECOLI	SINGLE	1	59	76	5	5.176e-06	{W}
sp|P0AEY8|MDFA_ECOLI	WHOLE	1	1	410	67	1.627e-06	{L}
sp|P0AF16|MURJ_ECOLI	MULTIPLE	1	445	463	14	1.472e-07	{VML}
sp|P0AF16|MURJ_ECOLI	WHOLE	1	1	511	82	2.988e-07	{L}
sp|P0AF36|ZAPB_ECOLI	MULTIPLE	1	26	56	14	1.153e-06	{EQ}
sp|P0AF52|GHXP_ECOLI	SINGLE	1	314	329	8	9.559e-06	{A}
sp|P0AF52|GHXP_ECOLI	WHOLE	1	1	449	56	2.602e-06	{G}
sp|P0AF90|RRAB_ECOLI	SINGLE	1	122	134	8	8.830e-08	{D}
sp|P0AF90|RRAB_ECOLI	WHOLE	1	1	138	25	2.113e-06	{E}
sp|P0AF90|RRAB_ECOLI	WHOLE	2	1	138	22	5.861e-06	{D}
sp|P0AFA2|NARX_ECOLI	SINGLE	1	557	572	7	4.255e-06	{R}
sp|P0AFA2|NARX_ECOLI	MULTIPLE	1	290	316	10	8.448e-06	{CD}
sp|P0AFA7|NHAB_ECOLI	SINGLE	1	93	132	14	5.873e-06	{L}
sp|P0AFA7|NHAB_ECOLI	WHOLE	1	1	513	83	1.838e-07	{L}
sp|P0AFD1|NUOE_ECOLI	MULTIPLE	1	10	30	10	3.154e-06	{HE}
sp|P0AFD4|NUOH_ECOLI	MULTIPLE	1	252	282	11	1.030e-06	{FM}
sp|P0AFD4|NUOH_ECOLI	WHOLE	1	1	325	30	9.742e-06	{F}
sp|P0AFD6|NUOI_ECOLI	SINGLE	1	60	74	5	2.680e-06	{C}
sp|P0AFD6|NUOI_ECOLI	MULTIPLE	1	91	109	8	3.443e-06	{CF}
sp|P0AFE8|NUOM_ECOLI	SINGLE	1	137	142	5	5.269e-07	{F}
sp|P0AFE8|NUOM_ECOLI	SINGLE	2	469	478	7	5.011e-06	{L}
sp|P0AFE8|NUOM_ECOLI	WHOLE	1	1	509	76	9.485e-06	{L}
sp|P0AFF0|NUON_ECOLI	SINGLE	1	107	142	13	8.491e-06	{L}
sp|P0AFF0|NUON_ECOLI	WHOLE	1	1	485	87	8.525e-10	{L}
sp|P0AFF2|NUPC_ECOLI	SINGLE	1	46	100	12	1.008e-06	{F}
sp|P0AFF2|NUPC_ECOLI	SINGLE	2	166	188	6	7.449e-06	{M}
sp|P0AFF2|NUPC_ECOLI	MULTIPLE	1	250	272	13	7.008e-07	{AI}
sp|P0AFF4|NUPG_ECOLI	SINGLE	1	249	292	11	6.046e-06	{I}
sp|P0AFF4|NUPG_ECOLI	WHOLE	1	1	418	38	1.130e-06	{F}
sp|P0AFG6|ODO2_ECOLI	SINGLE	1	151	173	13	2.138e-09	{A}
sp|P0AFI0|OXC_ECOLI	SINGLE	1	260	271	7	9.586e-06	{A}
sp|P0AFI2|PARC_ECOLI	SINGLE	1	354	365	6	8.314e-06	{R}
sp|P0AFI2|PARC_ECOLI	SINGLE	2	721	744	8	9.294e-06	{R}
sp|P0AFI2|PARC_ECOLI	MULTIPLE	1	354	380	14	3.111e-06	{RL}
sp|P0AFJ7|PITA_ECOLI	SINGLE	1	2	20	10	1.684e-06	{L}
sp|P0AFL3|PPIA_ECOLI	SINGLE	1	7	25	10	3.887e-07	{A}
sp|P0AFR2|DAUA_ECOLI	SINGLE	1	359	384	12	9.194e-07	{L}
sp|P0AFR2|DAUA_ECOLI	SINGLE	2	332	347	8	9.559e-06	{A}
sp|P0AFR2|DAUA_ECOLI	WHOLE	1	1	559	82	8.721e-06	{L}
sp|P0AFU0|YEJB_ECOLI	MULTIPLE	1	173	202	13	4.999e-07	{FI}
sp|P0AFU0|YEJB_ECOLI	WHOLE	1	1	364	38	8.014e-06	{I}
sp|P0AFU4|GLRR_ECOLI	SINGLE	1	8	25	9	9.630e-06	{L}
sp|P0AFX7|RSEA_ECOLI	SINGLE	1	162	216	18	8.020e-12	{Q}
sp|P0AFX7|RSEA_ECOLI	MULTIPLE	1	67	103	17	3.909e-08	{PQW}
sp|P0AFX7|RSEA_ECOLI	WHOLE	1	1	216	32	1.157e-09	{Q}
sp|P0AFY6|SBMA_ECOLI	WHOLE	1	1	406	35	8.484e-06	{F}
sp|P0AFZ3|SSPB_ECOLI	SINGLE	1	134	148	8	3.938e-07	{D}
sp|P0AFZ3|SSPB_ECOLI	MULTIPLE	1	134	154	14	7.510e-10	{DP}
sp|P0AFZ5|SULA_ECOLI	SINGLE	1	42	71	9	3.022e-06	{Q}
sp|P0AFZ5|SULA_ECOLI	SINGLE	2	48	54	6	3.854e-06	{L}
sp|P0AFZ5|SULA_ECOLI	SINGLE	3	10	18	6	9.427e-06	{S}
sp|P0AFZ5|SULA_ECOLI	MULTIPLE	1	47	71	17	5.767e-10	{QL}
sp|P0AG18|PURE_ECOLI	SINGLE	1	124	134	7	4.334e-06	{A}
sp|P0AG67|RS1_ECOLI	SINGLE	1	321	332	7	2.746e-06	{V}
sp|P0AG67|RS1_ECOLI	WHOLE	1	1	557	67	5.610e-07	{V}
sp|P0AG90|SECD_ECOLI	WHOLE	1	1	615	57	2.709e-06	{I}
sp|P0AGA2|SECY_ECOLI	SINGLE	1	219	246	10	5.199e-06	{V}
sp|P0AGA2|SECY_ECOLI	SINGLE	2	178	207	9	8.515e-06	{I}
sp|P0AGA2|SECY_ECOLI	MULTIPLE	1	217	257	22	1.055e-08	{VRF}
sp|P0AGA2|SECY_ECOLI	MULTIPLE	2	293	302	7	2.166e-06	{GW}
sp|P0AGA2|SECY_ECOLI	WHOLE	1	1	443	45	2.790e-06	{I}
sp|P0AGC0|UHPT_ECOLI	SINGLE	1	226	241	8	2.395e-06	{E}
sp|P0AGC0|UHPT_ECOLI	MULTIPLE	1	171	213	16	9.780e-06	{IG}
sp|P0AGC3|SLT_ECOLI	MULTIPLE	1	243	279	16	1.954e-06	{QA}
sp|P0AGD3|SODF_ECOLI	MULTIPLE	1	94	115	12	1.283e-06	{AF}
sp|P0AGD7|SRP54_ECOLI	SINGLE	1	423	446	10	3.492e-11	{M}
sp|P0AGD7|SRP54_ECOLI	MULTIPLE	1	423	446	16	2.082e-12	{MK}
sp|P0AGD7|SRP54_ECOLI	WHOLE	1	1	453	28	8.326e-07	{M}
sp|P0AGE0|SSB_ECOLI	SINGLE	1	107	151	19	1.664e-11	{G}
sp|P0AGE0|SSB_ECOLI	SINGLE	2	131	158	10	1.371e-07	{Q}
sp|P0AGE0|SSB_ECOLI	MULTIPLE	1	114	158	33	9.412e-18	{GQP}
sp|P0AGE0|SSB_ECOLI	WHOLE	1	1	178	29	4.490e-06	{G}
sp|P0AGE4|SSTT_ECOLI	MULTIPLE	1	218	238	15	1.675e-08	{VL}
sp|P0AGE4|SSTT_ECOLI	WHOLE	1	1	414	66	4.275e-06	{L}
sp|P0AGE9|SUCD_ECOLI	MULTIPLE	1	232	270	19	3.386e-07	{AG}
sp|P0AGE9|SUCD_ECOLI	WHOLE	1	1	289	41	2.355e-06	{G}
sp|P0AGF4|XYLE_ECOLI	MULTIPLE	1	131	141	8	3.640e-06	{GI}
sp|P0AGF6|TDCB_ECOLI	MULTIPLE	1	180	207	14	5.468e-07	{IG}
sp|P0AGI1|RBSC_ECOLI	SINGLE	1	81	113	13	4.735e-07	{A}
sp|P0AGI1|RBSC_ECOLI	MULTIPLE	1	263	296	22	1.804e-08	{GLN}
sp|P0AGK1|UBIA_ECOLI	MULTIPLE	1	96	129	17	8.390e-06	{LA}
sp|P0AGK1|UBIA_ECOLI	MULTIPLE	2	26	49	12	1.551e-06	{WL}
sp|P0AGM7|URAA_ECOLI	WHOLE	1	1	429	47	2.253e-07	{I}
sp|P0C018|RL18_ECOLI	SINGLE	1	7	16	6	2.084e-06	{R}
sp|P0C0L7|PROP_ECOLI	SINGLE	1	98	132	11	5.184e-07	{I}
sp|P0C0L7|PROP_ECOLI	SINGLE	2	300	306	5	5.528e-06	{I}
sp|P0C0L7|PROP_ECOLI	WHOLE	1	1	500	48	6.004e-06	{I}
sp|P0C0S1|MSCS_ECOLI	SINGLE	1	162	209	13	3.342e-07	{I}
sp|P0C0S1|MSCS_ECOLI	SINGLE	2	37	48	6	9.795e-06	{I}
sp|P0C0S1|MSCS_ECOLI	WHOLE	1	1	286	32	9.884e-06	{I}
sp|P0C0T5|MEPA_ECOLI	SINGLE	1	227	263	12	6.030e-08	{P}
sp|P0C0T5|MEPA_ECOLI	MULTIPLE	1	5	20	12	5.166e-07	{AL}
sp|P0C0T5|MEPA_ECOLI	MULTIPLE	2	194	215	9	7.550e-06	{HR}
sp|P0C0V0|DEGP_ECOLI	SINGLE	1	97	105	7	1.767e-07	{G}
sp|P0C0V0|DEGP_ECOLI	MULTIPLE	1	72	110	25	3.218e-12	{GQF}
sp|P0C0V0|DEGP_ECOLI	MULTIPLE	2	6	27	15	1.368e-07	{LA}
sp|P0C0V0|DEGP_ECOLI	MULTIPLE	3	381	392	9	5.527e-07	{QS}
sp|P0C0V0|DEGP_ECOLI	MULTIPLE	4	245	268	12	3.526e-06	{IG}
sp|P0C7L2|PAAJ_ECOLI	SINGLE	1	250	288	13	4.111e-06	{A}
sp|P0C7L2|PAAJ_ECOLI	WHOLE	1	1	401	59	1.356e-06	{A}
sp|P0DM85|RDCA_ECOLI	SINGLE	1	709	714	5	8.737e-07	{Q}
sp|P0DM85|RDCA_ECOLI	MULTIPLE	1	16	27	10	1.015e-07	{QL}
sp|P0DM85|RDCA_ECOLI	WHOLE	1	1	742	68	5.490e-09	{Q}
sp|P0DTT0|BIPA_ECOLI	SINGLE	1	586	602	7	6.888e-06	{R}
sp|P0DTV7|SPEFL_ECOLI	MULTIPLE	1	16	31	8	1.473e-06	{FH}
sp|P10121|FTSY_ECOLI	SINGLE	1	19	193	54	1.397e-22	{E}
sp|P10121|FTSY_ECOLI	MULTIPLE	1	17	190	114	3.315e-32	{EAPQ}
sp|P10121|FTSY_ECOLI	WHOLE	1	1	497	79	1.704e-13	{E}
sp|P10408|SECA_ECOLI	SINGLE	1	865	872	7	1.342e-07	{A}
sp|P10408|SECA_ECOLI	MULTIPLE	1	835	856	12	5.351e-07	{EQ}
sp|P10408|SECA_ECOLI	WHOLE	1	1	901	93	4.015e-06	{E}
sp|P10443|DPO3A_ECOLI	MULTIPLE	1	829	850	12	1.078e-06	{IG}
sp|P10903|NARK_ECOLI	WHOLE	1	1	463	45	2.107e-08	{F}
sp|P10905|UGPA_ECOLI	WHOLE	1	1	295	33	5.779e-08	{F}
sp|P11349|NARH_ECOLI	SINGLE	1	217	263	7	8.858e-06	{C}
sp|P11350|NARI_ECOLI	MULTIPLE	1	182	203	12	4.089e-06	{LF}
sp|P11454|ENTF_ECOLI	SINGLE	1	205	216	6	7.194e-06	{P}
sp|P11454|ENTF_ECOLI	MULTIPLE	1	930	963	17	4.797e-07	{LP}
sp|P11454|ENTF_ECOLI	WHOLE	1	1	1293	160	4.407e-09	{A}
sp|P11551|FUCP_ECOLI	MULTIPLE	1	51	75	11	1.590e-06	{FQ}
sp|P11557|DAMX_ECOLI	SINGLE	1	60	85	13	1.605e-09	{E}
sp|P11557|DAMX_ECOLI	SINGLE	2	289	334	16	1.744e-07	{A}
sp|P11557|DAMX_ECOLI	SINGLE	3	182	213	10	5.644e-07	{Q}
sp|P11557|DAMX_ECOLI	SINGLE	4	42	51	6	4.935e-06	{D}
sp|P11557|DAMX_ECOLI	MULTIPLE	1	52	91	22	1.894e-11	{ER}
sp|P11557|DAMX_ECOLI	MULTIPLE	2	268	334	45	4.982e-18	{ATP}
sp|P11557|DAMX_ECOLI	MULTIPLE	3	192	216	13	2.629e-08	{QN}
sp|P11880|MURF_ECOLI	SINGLE	1	284	312	11	5.474e-06	{A}
sp|P11880|MURF_ECOLI	WHOLE	1	1	452	64	1.868e-06	{A}
sp|P12998|BIOF_ECOLI	MULTIPLE	1	9	23	11	1.038e-07	{RA}
sp|P13035|GLPD_ECOLI	MULTIPLE	1	10	26	12	2.387e-07	{GA}
sp|P13036|FECA_ECOLI	MULTIPLE	1	227	248	13	4.788e-07	{GV}
sp|P13039|FES_ECOLI	WHOLE	1	1	400	23	4.785e-08	{W}
sp|P13445|RPOS_ECOLI	SINGLE	1	81	112	10	1.393e-06	{R}
sp|P13458|SBCC_ECOLI	SINGLE	1	721	876	44	1.013e-23	{Q}
sp|P13458|SBCC_ECOLI	SINGLE	2	611	693	23	5.611e-13	{Q}
sp|P13458|SBCC_ECOLI	SINGLE	3	217	279	18	1.011e-10	{Q}
sp|P13458|SBCC_ECOLI	SINGLE	4	417	476	15	2.559e-08	{Q}
sp|P13458|SBCC_ECOLI	SINGLE	5	342	346	5	1.522e-07	{Q}
sp|P13458|SBCC_ECOLI	SINGLE	6	559	582	8	4.476e-06	{Q}
sp|P13458|SBCC_ECOLI	SINGLE	7	371	394	8	4.476e-06	{Q}
sp|P13458|SBCC_ECOLI	WHOLE	1	1	1048	157	3.809e-41	{Q}
sp|P13458|SBCC_ECOLI	WHOLE	2	1	1048	145	2.540e-07	{L}
sp|P13482|TREA_ECOLI	SINGLE	1	504	510	6	5.551e-07	{G}
sp|P13656|CHIA_ECOLI	SINGLE	1	93	101	7	3.139e-07	{S}
sp|P13656|CHIA_ECOLI	SINGLE	2	197	219	9	4.420e-07	{P}
sp|P13656|CHIA_ECOLI	SINGLE	3	307	328	8	3.704e-06	{P}
sp|P13656|CHIA_ECOLI	WHOLE	1	1	897	76	1.685e-08	{N}
sp|P13738|NHAA_ECOLI	SINGLE	1	161	171	6	5.152e-06	{I}
sp|P13738|NHAA_ECOLI	SINGLE	2	16	27	6	9.795e-06	{I}
sp|P13738|NHAA_ECOLI	MULTIPLE	1	127	160	17	8.390e-06	{LA}
sp|P13738|NHAA_ECOLI	WHOLE	1	1	388	64	1.963e-06	{L}
sp|P13738|NHAA_ECOLI	WHOLE	2	1	388	40	6.463e-06	{I}
sp|P14081|SELB_ECOLI	SINGLE	1	472	483	5	3.342e-06	{H}
sp|P14900|MURD_ECOLI	SINGLE	1	273	283	7	4.334e-06	{A}
sp|P15005|MCRB_ECOLI	SINGLE	1	14	21	5	7.464e-06	{Q}
sp|P15029|FECD_ECOLI	WHOLE	1	1	318	67	7.933e-11	{L}
sp|P15030|FECC_ECOLI	SINGLE	1	212	249	15	4.812e-07	{L}
sp|P15030|FECC_ECOLI	SINGLE	2	203	211	6	5.132e-06	{V}
sp|P15030|FECC_ECOLI	WHOLE	1	1	332	67	5.172e-10	{L}
sp|P15034|AMPP_ECOLI	MULTIPLE	1	6	21	9	2.556e-06	{QR}
sp|P15067|GLGX_ECOLI	SINGLE	1	454	476	9	2.263e-07	{N}
sp|P15254|PUR4_ECOLI	WHOLE	1	1	1295	148	1.262e-06	{A}
sp|P15877|DHG_ECOLI	SINGLE	1	55	88	6	9.668e-06	{W}
sp|P15877|DHG_ECOLI	MULTIPLE	1	695	711	11	1.260e-09	{PM}
sp|P15877|DHG_ECOLI	WHOLE	1	1	796	67	1.823e-06	{P}
sp|P15993|AROP_ECOLI	SINGLE	1	205	211	4	7.399e-06	{M}
sp|P15993|AROP_ECOLI	MULTIPLE	1	20	62	18	3.834e-07	{GI}
sp|P16688|PHNJ_ECOLI	MULTIPLE	1	183	200	9	8.524e-07	{MP}
sp|P16869|FHUE_ECOLI	SINGLE	1	72	96	8	6.296e-06	{Q}
sp|P16926|MREC_ECOLI	SINGLE	1	298	364	18	1.003e-09	{P}
sp|P16926|MREC_ECOLI	MULTIPLE	1	302	364	32	1.883e-13	{PA}
sp|P17109|MEND_ECOLI	SINGLE	1	185	217	6	8.081e-06	{W}
sp|P17169|GLMS_ECOLI	SINGLE	1	62	105	9	3.645e-07	{H}
sp|P17443|MURG_ECOLI	WHOLE	1	1	355	54	1.331e-06	{A}
sp|P17888|PRIA_ECOLI	SINGLE	1	436	479	8	4.260e-07	{C}
sp|P17888|PRIA_ECOLI	SINGLE	2	450	465	6	6.895e-07	{H}
sp|P17888|PRIA_ECOLI	MULTIPLE	1	436	483	16	1.141e-11	{CH}
sp|P17952|MURC_ECOLI	SINGLE	1	294	304	7	4.334e-06	{A}
sp|P17952|MURC_ECOLI	SINGLE	2	26	34	6	5.807e-06	{G}
sp|P18200|PGPA_ECOLI	SINGLE	1	92	133	7	2.601e-06	{W}
sp|P18775|DMSA_ECOLI	SINGLE	1	102	130	9	4.981e-06	{R}
sp|P18776|DMSB_ECOLI	WHOLE	1	1	205	16	2.230e-07	{C}
sp|P18956|GGT_ECOLI	MULTIPLE	1	11	31	12	1.297e-06	{PA}
sp|P19319|NARZ_ECOLI	WHOLE	1	1	1246	40	4.933e-06	{W}
sp|P19934|TOLA_ECOLI	SINGLE	1	120	294	94	2.790e-56	{A}
sp|P19934|TOLA_ECOLI	SINGLE	2	209	284	21	3.548e-09	{K}
sp|P19934|TOLA_ECOLI	SINGLE	3	43	47	5	1.281e-06	{G}
sp|P19934|TOLA_ECOLI	SINGLE	4	146	196	14	1.446e-06	{K}
sp|P19934|TOLA_ECOLI	MULTIPLE	1	123	294	133	6.403e-78	{AK}
sp|P19934|TOLA_ECOLI	MULTIPLE	2	299	342	19	4.288e-08	{NG}
sp|P19934|TOLA_ECOLI	MULTIPLE	3	79	136	27	6.471e-12	{EQ}
sp|P19934|TOLA_ECOLI	WHOLE	1	1	421	130	3.837e-43	{A}
sp|P19934|TOLA_ECOLI	WHOLE	2	1	421	66	3.157e-12	{K}
sp|P20083|PARE_ECOLI	MULTIPLE	1	592	605	9	1.334e-07	{DM}
sp|P20966|PTFBC_ECOLI	MULTIPLE	1	430	451	12	2.304e-07	{MA}
sp|P20966|PTFBC_ECOLI	WHOLE	1	1	563	100	1.059e-14	{A}
sp|P21151|FADA_ECOLI	SINGLE	1	167	184	9	2.609e-06	{A}
sp|P21151|FADA_ECOLI	WHOLE	1	1	387	57	1.911e-06	{A}
sp|P21170|SPEA_ECOLI	MULTIPLE	1	547	564	9	8.524e-07	{PM}
sp|P21179|CATE_ECOLI	MULTIPLE	1	456	477	11	7.674e-07	{NP}
sp|P21345|GLTP_ECOLI	MULTIPLE	1	47	71	13	6.818e-07	{IV}
sp|P21345|GLTP_ECOLI	WHOLE	1	1	437	46	8.737e-07	{I}
sp|P21499|RNR_ECOLI	SINGLE	1	736	810	25	1.291e-12	{K}
sp|P21499|RNR_ECOLI	SINGLE	2	779	812	12	4.907e-06	{A}
sp|P21499|RNR_ECOLI	MULTIPLE	1	736	812	41	5.273e-16	{KA}
sp|P21499|RNR_ECOLI	MULTIPLE	2	421	452	14	2.983e-06	{ER}
sp|P21499|RNR_ECOLI	WHOLE	1	1	813	74	8.536e-08	{R}
sp|P21507|SRMB_ECOLI	SINGLE	1	389	431	16	2.144e-09	{K}
sp|P21507|SRMB_ECOLI	MULTIPLE	1	393	431	21	5.383e-11	{KR}
sp|P21513|RNE_ECOLI	SINGLE	1	604	644	16	2.321e-11	{R}
sp|P21513|RNE_ECOLI	SINGLE	2	796	819	12	2.189e-10	{R}
sp|P21513|RNE_ECOLI	SINGLE	3	524	568	15	9.000e-10	{P}
sp|P21513|RNE_ECOLI	SINGLE	4	854	910	18	9.455e-09	{V}
sp|P21513|RNE_ECOLI	SINGLE	5	960	1001	15	2.461e-08	{V}
sp|P21513|RNE_ECOLI	SINGLE	6	540	566	12	2.755e-07	{A}
sp|P21513|RNE_ECOLI	SINGLE	7	676	683	6	3.066e-07	{R}
sp|P21513|RNE_ECOLI	SINGLE	8	939	972	12	7.110e-07	{E}
sp|P21513|RNE_ECOLI	SINGLE	9	689	733	11	2.260e-06	{Q}
sp|P21513|RNE_ECOLI	SINGLE	10	354	391	10	7.605e-06	{R}
sp|P21513|RNE_ECOLI	MULTIPLE	1	527	568	29	2.971e-17	{PA}
sp|P21513|RNE_ECOLI	MULTIPLE	2	852	911	38	2.503e-15	{VEQ}
sp|P21513|RNE_ECOLI	MULTIPLE	3	931	1002	54	1.002e-22	{VEA}
sp|P21513|RNE_ECOLI	MULTIPLE	4	688	757	45	4.010e-14	{QERV}
sp|P21513|RNE_ECOLI	MULTIPLE	5	1040	1055	10	4.336e-07	{AH}
sp|P21513|RNE_ECOLI	WHOLE	1	1	1061	130	2.840e-12	{E}
sp|P21513|RNE_ECOLI	WHOLE	2	1	1061	102	2.557e-11	{R}
sp|P21513|RNE_ECOLI	WHOLE	3	1	1061	86	3.946e-07	{P}
sp|P21513|RNE_ECOLI	WHOLE	4	1	1061	126	1.086e-06	{A}
sp|P21645|LPXD_ECOLI	SINGLE	1	195	243	12	2.930e-06	{I}
sp|P21865|KDPD_ECOLI	SINGLE	1	436	457	9	4.247e-06	{V}
sp|P22188|MURE_ECOLI	SINGLE	1	312	330	10	1.684e-06	{L}
sp|P22188|MURE_ECOLI	SINGLE	2	115	124	6	9.234e-06	{T}
sp|P22188|MURE_ECOLI	WHOLE	1	1	495	66	8.926e-06	{A}
sp|P22255|CYSQ_ECOLI	SINGLE	1	207	218	8	5.097e-07	{A}
sp|P22523|MUKB_ECOLI	SINGLE	1	348	394	15	1.367e-07	{E}
sp|P22523|MUKB_ECOLI	WHOLE	1	1	1486	145	8.629e-16	{R}
sp|P22523|MUKB_ECOLI	WHOLE	2	1	1486	160	2.235e-10	{E}
sp|P22523|MUKB_ECOLI	WHOLE	3	1	1486	114	2.812e-09	{Q}
sp|P22729|LIVM_ECOLI	SINGLE	1	379	408	7	2.869e-06	{M}
sp|P22729|LIVM_ECOLI	MULTIPLE	1	315	352	18	5.024e-08	{FA}
sp|P22729|LIVM_ECOLI	MULTIPLE	2	124	163	25	3.088e-09	{GLY}
sp|P22729|LIVM_ECOLI	WHOLE	1	1	425	69	1.474e-06	{L}
sp|P23367|MUTL_ECOLI	SINGLE	1	366	395	9	5.537e-06	{P}
sp|P23367|MUTL_ECOLI	MULTIPLE	1	364	433	37	5.401e-12	{PQA}
sp|P23485|FECR_ECOLI	SINGLE	1	31	52	9	1.497e-07	{Q}
sp|P23485|FECR_ECOLI	SINGLE	2	86	90	5	6.591e-06	{L}
sp|P23485|FECR_ECOLI	MULTIPLE	1	31	52	13	2.549e-11	{QW}
sp|P23830|PSS_ECOLI	SINGLE	1	432	449	8	7.422e-07	{R}
sp|P23837|PHOQ_ECOLI	MULTIPLE	1	192	218	12	7.102e-06	{WL}
sp|P23862|PRIC_ECOLI	SINGLE	1	107	135	10	5.011e-07	{R}
sp|P23862|PRIC_ECOLI	WHOLE	1	1	175	25	8.207e-07	{R}
sp|P23865|PRC_ECOLI	MULTIPLE	1	326	343	10	4.431e-06	{TR}
sp|P23883|PUUC_ECOLI	WHOLE	1	1	495	67	4.858e-06	{A}
sp|P23886|CYDC_ECOLI	WHOLE	1	1	573	99	5.342e-10	{L}
sp|P23890|CADC_ECOLI	SINGLE	1	109	114	5	6.509e-06	{E}
sp|P23909|MUTS_ECOLI	SINGLE	1	193	199	5	4.800e-06	{R}
sp|P24177|ACRD_ECOLI	SINGLE	1	105	125	8	1.414e-06	{Q}
sp|P24177|ACRD_ECOLI	SINGLE	2	991	1007	8	4.895e-06	{G}
sp|P24182|ACCC_ECOLI	SINGLE	1	162	168	6	5.551e-07	{G}
sp|P24183|FDNG_ECOLI	MULTIPLE	1	424	440	9	3.717e-06	{GM}
sp|P24183|FDNG_ECOLI	MULTIPLE	2	892	906	8	8.481e-06	{HT}
sp|P24188|TRHO_ECOLI	SINGLE	1	267	308	11	4.568e-11	{C}
sp|P24188|TRHO_ECOLI	SINGLE	2	319	325	5	4.800e-06	{R}
sp|P24205|LPXM_ECOLI	MULTIPLE	1	89	104	10	4.336e-07	{MA}
sp|P25437|FRMA_ECOLI	SINGLE	1	55	78	9	9.761e-06	{V}
sp|P25519|HFLX_ECOLI	SINGLE	1	164	192	9	4.981e-06	{R}
sp|P25519|HFLX_ECOLI	MULTIPLE	1	164	192	14	5.088e-08	{RQ}
sp|P25526|GABD_ECOLI	WHOLE	1	1	482	66	3.923e-06	{A}
sp|P25527|GABP_ECOLI	SINGLE	1	89	102	5	1.284e-06	{W}
sp|P25714|YIDC_ECOLI	SINGLE	1	36	42	6	3.730e-07	{T}
sp|P25714|YIDC_ECOLI	SINGLE	2	358	368	6	5.152e-06	{I}
sp|P25714|YIDC_ECOLI	SINGLE	3	21	38	7	5.580e-06	{Q}
sp|P25714|YIDC_ECOLI	MULTIPLE	1	25	42	12	1.769e-08	{TQ}
sp|P25714|YIDC_ECOLI	MULTIPLE	2	471	509	13	2.513e-07	{FM}
sp|P25718|AMY1_ECOLI	SINGLE	1	347	381	7	7.201e-07	{W}
sp|P25737|LYSP_ECOLI	SINGLE	1	100	133	7	5.848e-07	{W}
sp|P25737|LYSP_ECOLI	MULTIPLE	1	162	181	12	2.349e-07	{IV}
sp|P25888|RHLE_ECOLI	SINGLE	1	395	416	12	2.349e-09	{G}
sp|P25888|RHLE_ECOLI	SINGLE	2	443	448	5	1.440e-06	{R}
sp|P25888|RHLE_ECOLI	MULTIPLE	1	390	416	25	2.131e-18	{GQR}
sp|P25888|RHLE_ECOLI	WHOLE	1	1	454	44	5.546e-06	{R}
sp|P25889|PREA_ECOLI	SINGLE	1	373	392	6	5.188e-07	{C}
sp|P26458|APPB_ECOLI	SINGLE	1	316	332	8	9.053e-06	{S}
sp|P26458|APPB_ECOLI	WHOLE	1	1	378	64	8.317e-07	{L}
sp|P26459|APPC_ECOLI	SINGLE	1	104	116	6	4.638e-06	{F}
sp|P26602|UBIC_ECOLI	MULTIPLE	1	138	159	12	8.054e-06	{RL}
sp|P27125|RHAT_ECOLI	SINGLE	1	32	51	5	9.090e-06	{W}
sp|P27125|RHAT_ECOLI	MULTIPLE	1	186	204	11	3.320e-07	{AM}
sp|P27243|WAAL_ECOLI	SINGLE	1	377	411	12	5.377e-08	{I}
sp|P27243|WAAL_ECOLI	SINGLE	2	20	59	11	2.231e-06	{I}
sp|P27243|WAAL_ECOLI	MULTIPLE	1	373	411	21	5.717e-09	{IL}
sp|P27243|WAAL_ECOLI	MULTIPLE	2	244	280	14	2.172e-06	{IN}
sp|P27243|WAAL_ECOLI	WHOLE	1	1	419	56	1.414e-11	{I}
sp|P27249|GLND_ECOLI	MULTIPLE	1	776	792	9	4.429e-06	{PQ}
sp|P27249|GLND_ECOLI	WHOLE	1	1	890	77	3.332e-07	{R}
sp|P27249|GLND_ECOLI	WHOLE	2	1	890	122	2.799e-06	{L}
sp|P27296|DING_ECOLI	SINGLE	1	712	716	5	2.522e-07	{R}
sp|P27296|DING_ECOLI	SINGLE	2	162	182	8	8.833e-06	{D}
sp|P27302|TKT1_ECOLI	WHOLE	1	1	663	89	2.841e-07	{A}
sp|P27303|EMRA_ECOLI	SINGLE	1	23	30	7	4.052e-07	{L}
sp|P27434|RODZ_ECOLI	SINGLE	1	168	197	13	8.070e-09	{T}
sp|P27434|RODZ_ECOLI	MULTIPLE	1	220	254	25	1.466e-11	{ATP}
sp|P27550|ACSA_ECOLI	SINGLE	1	395	414	5	9.090e-06	{W}
sp|P27837|THRP_ECOLI	SINGLE	1	168	201	12	8.745e-07	{G}
sp|P27837|THRP_ECOLI	MULTIPLE	1	161	202	25	7.988e-11	{GIF}
sp|P27837|THRP_ECOLI	WHOLE	1	1	461	46	3.487e-06	{I}
sp|P27838|CYAY_ECOLI	SINGLE	1	22	31	6	4.935e-06	{D}
sp|P27859|TATD_ECOLI	MULTIPLE	1	184	230	20	1.203e-06	{LP}
sp|P28246|BCR_ECOLI	SINGLE	1	86	115	12	1.073e-06	{A}
sp|P28246|BCR_ECOLI	WHOLE	1	1	396	37	8.209e-07	{F}
sp|P28630|HOLA_ECOLI	SINGLE	1	80	110	13	1.228e-06	{L}
sp|P28630|HOLA_ECOLI	SINGLE	2	230	260	12	8.292e-06	{L}
sp|P28630|HOLA_ECOLI	WHOLE	1	1	343	70	1.341e-10	{L}
sp|P29018|CYDD_ECOLI	WHOLE	1	1	588	90	6.541e-07	{L}
sp|P29131|FTSN_ECOLI	SINGLE	1	113	225	36	1.121e-21	{Q}
sp|P29131|FTSN_ECOLI	WHOLE	1	1	319	45	3.562e-12	{Q}
sp|P30015|LHR_ECOLI	SINGLE	1	1280	1303	9	8.312e-07	{R}
sp|P30015|LHR_ECOLI	MULTIPLE	1	1284	1303	13	3.389e-08	{RS}
sp|P30015|LHR_ECOLI	MULTIPLE	2	1082	1106	13	2.141e-06	{RA}
sp|P30015|LHR_ECOLI	WHOLE	1	1	1538	147	2.950e-15	{R}
sp|P30015|LHR_ECOLI	WHOLE	2	1	1538	166	7.494e-06	{A}
sp|P30131|HYPF_ECOLI	SINGLE	1	600	627	12	4.443e-07	{A}
sp|P30131|HYPF_ECOLI	SINGLE	2	475	479	4	1.105e-06	{H}
sp|P30131|HYPF_ECOLI	MULTIPLE	1	475	487	10	2.126e-08	{HA}
sp|P30131|HYPF_ECOLI	MULTIPLE	2	648	678	12	9.549e-06	{WA}
sp|P30139|THIG_ECOLI	WHOLE	1	1	256	42	2.659e-06	{A}
sp|P30178|HCXB_ECOLI	MULTIPLE	1	77	120	18	6.857e-08	{HA}
sp|P30847|BAES_ECOLI	MULTIPLE	1	172	191	15	1.806e-08	{LA}
sp|P30870|GLNE_ECOLI	WHOLE	1	1	946	81	2.658e-07	{R}
sp|P30870|GLNE_ECOLI	WHOLE	2	1	946	127	4.835e-06	{L}
sp|P30958|MFD_ECOLI	SINGLE	1	453	463	6	4.366e-06	{R}
sp|P30958|MFD_ECOLI	SINGLE	2	870	885	7	5.137e-06	{I}
sp|P30958|MFD_ECOLI	WHOLE	1	1	1148	93	4.249e-07	{R}
sp|P31057|PANB_ECOLI	MULTIPLE	1	163	180	12	3.626e-06	{AL}
sp|P31224|ACRB_ECOLI	SINGLE	1	104	125	8	2.126e-06	{Q}
sp|P31224|ACRB_ECOLI	MULTIPLE	1	994	1029	20	1.552e-07	{VGF}
sp|P31466|ADEP_ECOLI	SINGLE	1	299	324	10	6.090e-06	{S}
sp|P31473|RAVA_ECOLI	SINGLE	1	289	352	16	8.911e-09	{Q}
sp|P31473|RAVA_ECOLI	WHOLE	1	1	498	75	7.969e-06	{L}
sp|P31547|METI_ECOLI	SINGLE	1	159	183	10	1.917e-06	{G}
sp|P31547|METI_ECOLI	MULTIPLE	1	159	184	15	4.157e-09	{GY}
sp|P31553|CAIT_ECOLI	SINGLE	1	51	68	5	5.176e-06	{W}
sp|P31553|CAIT_ECOLI	SINGLE	2	316	324	4	5.761e-06	{W}
sp|P31553|CAIT_ECOLI	SINGLE	3	234	245	6	9.795e-06	{I}
sp|P31553|CAIT_ECOLI	MULTIPLE	1	38	70	13	5.781e-07	{WV}
sp|P31553|CAIT_ECOLI	MULTIPLE	2	234	249	9	1.539e-07	{IC}
sp|P31553|CAIT_ECOLI	WHOLE	1	1	504	23	2.316e-06	{W}
sp|P31554|LPTD_ECOLI	WHOLE	1	1	784	58	7.413e-07	{Y}
sp|P31572|CAIB_ECOLI	SINGLE	1	200	225	7	1.012e-06	{M}
sp|P31677|OTSA_ECOLI	MULTIPLE	1	18	47	16	6.024e-07	{GA}
sp|P31806|NNR_ECOLI	SINGLE	1	461	478	9	2.609e-06	{A}
sp|P31806|NNR_ECOLI	WHOLE	1	1	515	68	9.067e-06	{A}
sp|P32129|YIHG_ECOLI	SINGLE	1	9	42	10	3.306e-06	{I}
sp|P32140|SQUS_ECOLI	MULTIPLE	1	337	361	10	2.356e-07	{WY}
sp|P32140|SQUS_ECOLI	WHOLE	1	1	413	21	1.210e-06	{W}
sp|P32143|SQUV_ECOLI	SINGLE	1	41	49	7	5.567e-07	{A}
sp|P32166|MENA_ECOLI	SINGLE	1	232	263	13	1.878e-06	{L}
sp|P32166|MENA_ECOLI	WHOLE	1	1	308	56	3.989e-07	{L}
sp|P32176|FDOG_ECOLI	MULTIPLE	1	424	440	9	3.717e-06	{GM}
sp|P32705|ACTP_ECOLI	SINGLE	1	7	25	9	4.569e-06	{A}
sp|P32705|ACTP_ECOLI	MULTIPLE	1	217	242	10	1.364e-06	{FM}
sp|P32717|LPAKS_ECOLI	SINGLE	1	570	593	8	4.328e-06	{N}
sp|P33015|TSUA_ECOLI	SINGLE	1	70	108	12	4.426e-06	{G}
sp|P33015|TSUA_ECOLI	SINGLE	2	286	307	9	5.048e-06	{G}
sp|P33018|SFGH2_ECOLI	SINGLE	1	35	44	6	1.799e-06	{P}
sp|P33195|GCSP_ECOLI	SINGLE	1	715	725	7	1.412e-06	{G}
sp|P33195|GCSP_ECOLI	SINGLE	2	151	161	7	4.334e-06	{A}
sp|P33195|GCSP_ECOLI	WHOLE	1	1	957	112	6.711e-06	{A}
sp|P33224|AIDB_ECOLI	MULTIPLE	1	459	475	9	4.938e-06	{RQ}
sp|P33225|TORA_ECOLI	SINGLE	1	396	429	13	1.051e-07	{G}
sp|P33607|NUOL_ECOLI	SINGLE	1	534	543	4	9.459e-06	{W}
sp|P33607|NUOL_ECOLI	WHOLE	1	1	613	99	1.664e-08	{L}
sp|P33643|RLUD_ECOLI	MULTIPLE	1	211	245	14	3.250e-08	{HR}
sp|P33650|FEOB_ECOLI	MULTIPLE	1	434	456	13	2.667e-07	{AF}
sp|P33650|FEOB_ECOLI	MULTIPLE	2	642	654	8	2.945e-06	{GM}
sp|P33913|YEJA_ECOLI	MULTIPLE	1	549	587	9	8.336e-06	{WM}
sp|P33913|YEJA_ECOLI	MULTIPLE	2	473	489	9	5.295e-07	{MR}
sp|P33916|YEJF_ECOLI	WHOLE	1	1	529	79	6.544e-06	{L}
sp|P33919|RADD_ECOLI	MULTIPLE	1	422	451	11	1.130e-06	{CR}
sp|P33937|NAPA_ECOLI	SINGLE	1	11	21	9	5.228e-09	{A}
sp|P33937|NAPA_ECOLI	MULTIPLE	1	255	282	13	3.129e-07	{IN}
sp|P36548|AMIA_ECOLI	MULTIPLE	1	40	81	17	5.572e-06	{GK}
sp|P36649|CUEO_ECOLI	SINGLE	1	355	396	14	1.562e-13	{M}
sp|P36649|CUEO_ECOLI	SINGLE	2	381	406	7	1.012e-06	{H}
sp|P36649|CUEO_ECOLI	MULTIPLE	1	355	406	21	1.295e-15	{MH}
sp|P36649|CUEO_ECOLI	WHOLE	1	1	516	29	3.365e-06	{M}
sp|P36655|DSBD_ECOLI	MULTIPLE	1	130	164	13	4.712e-06	{PQ}
sp|P36655|DSBD_ECOLI	MULTIPLE	2	29	45	9	2.140e-06	{FQ}
sp|P36655|DSBD_ECOLI	MULTIPLE	3	324	351	15	3.914e-06	{LG}
sp|P36672|PTTBC_ECOLI	SINGLE	1	405	430	10	2.909e-06	{G}
sp|P36672|PTTBC_ECOLI	SINGLE	2	448	454	5	5.528e-06	{I}
sp|P36672|PTTBC_ECOLI	WHOLE	1	1	473	50	2.777e-07	{I}
sp|P36837|DTPB_ECOLI	SINGLE	1	16	59	11	6.715e-07	{F}
sp|P36837|DTPB_ECOLI	MULTIPLE	1	214	249	18	1.396e-06	{VL}
sp|P36837|DTPB_ECOLI	WHOLE	1	1	489	43	5.956e-07	{F}
sp|P36979|RLMN_ECOLI	MULTIPLE	1	172	195	9	9.761e-06	{MN}
sp|P37001|PAGP_ECOLI	SINGLE	1	85	118	6	9.668e-06	{W}
sp|P37019|CLCA_ECOLI	SINGLE	1	134	159	11	3.004e-07	{G}
sp|P37019|CLCA_ECOLI	SINGLE	2	179	195	9	1.416e-06	{A}
sp|P37019|CLCA_ECOLI	SINGLE	3	285	316	11	3.325e-06	{G}
sp|P37019|CLCA_ECOLI	WHOLE	1	1	473	57	5.752e-06	{G}
sp|P37177|PT1P_ECOLI	MULTIPLE	1	564	581	10	5.646e-06	{ER}
sp|P37177|PT1P_ECOLI	WHOLE	1	1	748	67	5.413e-07	{R}
sp|P37329|MODA_ECOLI	WHOLE	1	1	257	42	2.932e-06	{A}
sp|P37339|LHGD_ECOLI	MULTIPLE	1	6	13	8	3.189e-08	{IG}
sp|P37340|MDTK_ECOLI	SINGLE	1	435	440	4	3.242e-06	{M}
sp|P37349|DHAM_ECOLI	SINGLE	1	347	359	6	8.296e-06	{Q}
sp|P37597|PUNC_ECOLI	SINGLE	1	28	57	11	7.966e-06	{A}
sp|P37617|ZNTA_ECOLI	SINGLE	1	29	35	4	2.185e-06	{C}
sp|P37617|ZNTA_ECOLI	WHOLE	1	1	732	119	2.583e-14	{A}
sp|P37637|MDTF_ECOLI	MULTIPLE	1	1019	1034	10	6.133e-07	{VF}
sp|P37653|BCSA_ECOLI	SINGLE	1	668	695	10	5.199e-06	{V}
sp|P37672|DLGD_ECOLI	SINGLE	1	170	182	5	5.312e-06	{M}
sp|P37686|ADH2_ECOLI	WHOLE	1	1	383	62	2.863e-08	{A}
sp|P37690|ENVC_ECOLI	SINGLE	1	184	225	12	1.273e-07	{Q}
sp|P37690|ENVC_ECOLI	SINGLE	2	241	260	10	7.164e-07	{A}
sp|P37690|ENVC_ECOLI	MULTIPLE	1	157	228	28	4.545e-10	{QE}
sp|P37690|ENVC_ECOLI	MULTIPLE	2	230	270	22	3.201e-10	{AR}
sp|P37690|ENVC_ECOLI	WHOLE	1	1	419	50	1.085e-10	{Q}
sp|P37758|NARU_ECOLI	SINGLE	1	246	262	9	5.304e-06	{L}
sp|P37758|NARU_ECOLI	WHOLE	1	1	462	45	1.959e-08	{F}
sp|P37773|MPL_ECOLI	SINGLE	1	287	304	9	2.609e-06	{A}
sp|P37794|CHBG_ECOLI	SINGLE	1	121	129	5	5.680e-07	{H}
sp|P38036|CAS3_ECOLI	MULTIPLE	1	662	674	8	4.995e-07	{HR}
sp|P38038|CYSJ_ECOLI	SINGLE	1	49	59	7	4.334e-06	{A}
sp|P38054|CUSA_ECOLI	WHOLE	1	1	1047	83	9.000e-06	{I}
sp|P38097|DGCE_ECOLI	SINGLE	1	168	212	17	1.792e-07	{L}
sp|P38097|DGCE_ECOLI	SINGLE	2	233	287	10	2.630e-07	{M}
sp|P38097|DGCE_ECOLI	SINGLE	3	107	146	14	5.873e-06	{L}
sp|P38097|DGCE_ECOLI	MULTIPLE	1	230	287	22	1.248e-07	{ML}
sp|P38097|DGCE_ECOLI	WHOLE	1	1	1105	165	2.765e-10	{L}
sp|P39172|ZNUA_ECOLI	SINGLE	1	10	43	13	7.065e-07	{A}
sp|P39172|ZNUA_ECOLI	SINGLE	2	119	143	7	7.564e-07	{H}
sp|P39172|ZNUA_ECOLI	SINGLE	3	121	126	5	3.011e-06	{D}
sp|P39172|ZNUA_ECOLI	MULTIPLE	1	119	139	14	1.832e-11	{HD}
sp|P39180|AG43_ECOLI	SINGLE	1	424	473	14	1.161e-06	{T}
sp|P39180|AG43_ECOLI	SINGLE	2	499	544	13	2.463e-06	{T}
sp|P39180|AG43_ECOLI	MULTIPLE	1	353	402	20	1.119e-06	{GT}
sp|P39180|AG43_ECOLI	WHOLE	1	1	1039	155	4.344e-21	{G}
sp|P39180|AG43_ECOLI	WHOLE	2	1	1039	115	1.108e-09	{T}
sp|P39180|AG43_ECOLI	WHOLE	3	1	1039	75	6.400e-06	{N}
sp|P39277|YJEH_ECOLI	SINGLE	1	356	406	19	4.529e-08	{L}
sp|P39277|YJEH_ECOLI	WHOLE	1	1	418	71	2.074e-07	{L}
sp|P39286|RSGA_ECOLI	SINGLE	1	119	162	11	6.046e-06	{I}
sp|P39301|ULAA_ECOLI	WHOLE	1	1	465	57	2.596e-10	{I}
sp|P39304|ULAD_ECOLI	MULTIPLE	1	117	125	6	2.727e-06	{WQ}
sp|P39315|QOR2_ECOLI	SINGLE	1	146	179	14	9.015e-08	{A}
sp|P39315|QOR2_ECOLI	WHOLE	1	1	286	49	1.259e-07	{A}
sp|P39344|IDNT_ECOLI	SINGLE	1	268	306	13	2.217e-08	{I}
sp|P39344|IDNT_ECOLI	WHOLE	1	1	439	47	4.267e-07	{I}
sp|P39353|NANY_ECOLI	SINGLE	1	170	176	4	7.399e-06	{H}
sp|P39353|NANY_ECOLI	SINGLE	2	339	350	7	9.586e-06	{A}
sp|P39386|MDTM_ECOLI	SINGLE	1	136	152	7	8.304e-06	{I}
sp|P39396|BTST_ECOLI	MULTIPLE	1	40	57	10	2.379e-06	{YV}
sp|P39396|BTST_ECOLI	WHOLE	1	1	716	64	2.361e-06	{I}
sp|P39400|LGOD_ECOLI	SINGLE	1	92	106	5	2.680e-06	{C}
sp|P39405|FHUF_ECOLI	MULTIPLE	1	230	259	10	9.105e-06	{CR}
sp|P39414|TTDT_ECOLI	SINGLE	1	395	414	9	7.656e-06	{A}
sp|P39414|TTDT_ECOLI	MULTIPLE	1	395	415	12	1.164e-07	{AM}
sp|P39414|TTDT_ECOLI	WHOLE	1	1	487	75	3.762e-06	{L}
sp|P39453|TORS_ECOLI	SINGLE	1	111	143	14	2.876e-11	{Q}
sp|P39453|TORS_ECOLI	WHOLE	1	1	914	86	1.933e-11	{Q}
sp|P39453|TORS_ECOLI	WHOLE	2	1	914	133	4.975e-08	{L}
sp|P39838|RCSD_ECOLI	SINGLE	1	301	324	13	2.920e-08	{L}
sp|P39838|RCSD_ECOLI	SINGLE	2	682	688	6	4.936e-07	{E}
sp|P40874|MTOX_ECOLI	SINGLE	1	34	44	5	1.993e-06	{H}
sp|P41052|MLTB_ECOLI	SINGLE	1	26	34	6	3.938e-06	{T}
sp|P42593|FADH_ECOLI	MULTIPLE	1	189	206	11	5.179e-07	{RV}
sp|P42593|FADH_ECOLI	MULTIPLE	2	235	261	13	7.114e-06	{AI}
sp|P42641|OBG_ECOLI	SINGLE	1	368	380	9	2.888e-09	{D}
sp|P42641|OBG_ECOLI	SINGLE	2	32	43	8	1.405e-07	{G}
sp|P42641|OBG_ECOLI	SINGLE	3	362	385	9	9.882e-06	{E}
sp|P42641|OBG_ECOLI	MULTIPLE	1	362	382	17	8.643e-13	{DE}
sp|P43672|UUP_ECOLI	SINGLE	1	277	299	10	3.843e-08	{R}
sp|P43672|UUP_ECOLI	SINGLE	2	449	482	13	4.137e-06	{L}
sp|P45424|NANQ_ECOLI	MULTIPLE	1	142	149	8	6.641e-08	{VK}
sp|P45425|NANK_ECOLI	SINGLE	1	132	172	14	1.753e-07	{G}
sp|P45425|NANK_ECOLI	MULTIPLE	1	132	173	18	1.351e-09	{GC}
sp|P45425|NANK_ECOLI	WHOLE	1	1	291	49	2.117e-07	{A}
sp|P45464|LPOA_ECOLI	SINGLE	1	292	304	8	1.221e-06	{A}
sp|P45464|LPOA_ECOLI	SINGLE	2	498	529	11	1.751e-06	{T}
sp|P45464|LPOA_ECOLI	MULTIPLE	1	470	533	25	9.620e-08	{TG}
sp|P45464|LPOA_ECOLI	MULTIPLE	2	331	356	15	5.109e-08	{AP}
sp|P45464|LPOA_ECOLI	WHOLE	1	1	678	66	8.853e-10	{Q}
sp|P45464|LPOA_ECOLI	WHOLE	2	1	678	88	1.264e-06	{A}
sp|P45508|YFAL_ECOLI	SINGLE	1	920	952	17	1.297e-14	{P}
sp|P45508|YFAL_ECOLI	MULTIPLE	1	920	948	23	4.194e-18	{PD}
sp|P45508|YFAL_ECOLI	MULTIPLE	2	756	798	18	9.277e-08	{NT}
sp|P45508|YFAL_ECOLI	WHOLE	1	1	1250	155	5.391e-14	{G}
sp|P45508|YFAL_ECOLI	WHOLE	2	1	1250	118	1.214e-08	{D}
sp|P45508|YFAL_ECOLI	WHOLE	3	1	1250	88	3.184e-06	{N}
sp|P45541|FRLC_ECOLI	SINGLE	1	77	102	7	1.012e-06	{M}
sp|P45562|XAPB_ECOLI	SINGLE	1	94	107	5	8.083e-06	{M}
sp|P45562|XAPB_ECOLI	WHOLE	1	1	418	39	4.481e-07	{F}
sp|P45562|XAPB_ECOLI	WHOLE	2	1	418	25	5.247e-06	{M}
sp|P45577|PROQ_ECOLI	SINGLE	1	136	157	8	4.458e-06	{R}
sp|P45577|PROQ_ECOLI	MULTIPLE	1	106	128	13	4.015e-07	{AQ}
sp|P45955|CPOB_ECOLI	SINGLE	1	54	97	14	2.481e-09	{Q}
sp|P45955|CPOB_ECOLI	SINGLE	2	106	151	15	1.058e-06	{A}
sp|P45955|CPOB_ECOLI	MULTIPLE	1	100	151	23	3.773e-07	{AS}
sp|P45955|CPOB_ECOLI	WHOLE	1	1	263	28	8.528e-06	{Q}
sp|P46133|ABGT_ECOLI	SINGLE	1	2	12	7	2.478e-06	{S}
sp|P46133|ABGT_ECOLI	MULTIPLE	1	300	313	8	6.427e-06	{FI}
sp|P46889|FTSK_ECOLI	SINGLE	1	740	816	39	1.684e-32	{Q}
sp|P46889|FTSK_ECOLI	SINGLE	2	382	474	28	1.717e-16	{Q}
sp|P46889|FTSK_ECOLI	SINGLE	3	727	822	27	2.313e-14	{P}
sp|P46889|FTSK_ECOLI	SINGLE	4	336	381	14	1.218e-08	{P}
sp|P46889|FTSK_ECOLI	SINGLE	5	533	570	15	6.148e-08	{A}
sp|P46889|FTSK_ECOLI	SINGLE	6	647	668	9	1.497e-07	{Q}
sp|P46889|FTSK_ECOLI	SINGLE	7	389	428	11	1.331e-06	{P}
sp|P46889|FTSK_ECOLI	SINGLE	8	235	249	7	2.514e-06	{R}
sp|P46889|FTSK_ECOLI	SINGLE	9	458	492	10	2.740e-06	{P}
sp|P46889|FTSK_ECOLI	SINGLE	10	321	335	8	5.187e-06	{A}
sp|P46889|FTSK_ECOLI	SINGLE	11	214	226	7	5.621e-06	{E}
sp|P46889|FTSK_ECOLI	SINGLE	12	689	696	5	7.464e-06	{Q}
sp|P46889|FTSK_ECOLI	SINGLE	13	832	855	8	7.741e-06	{P}
sp|P46889|FTSK_ECOLI	MULTIPLE	1	734	816	63	1.625e-48	{QP}
sp|P46889|FTSK_ECOLI	MULTIPLE	2	361	492	59	3.693e-27	{QP}
sp|P46889|FTSK_ECOLI	MULTIPLE	3	516	571	25	2.390e-09	{AP}
sp|P46889|FTSK_ECOLI	MULTIPLE	4	628	670	19	5.328e-09	{QD}
sp|P46889|FTSK_ECOLI	MULTIPLE	5	208	226	14	8.420e-10	{ED}
sp|P46889|FTSK_ECOLI	MULTIPLE	6	675	696	13	1.988e-07	{QA}
sp|P46889|FTSK_ECOLI	MULTIPLE	7	581	605	12	7.338e-07	{RP}
sp|P46889|FTSK_ECOLI	WHOLE	1	1	1329	132	6.586e-16	{P}
sp|P46889|FTSK_ECOLI	WHOLE	2	1	1329	119	1.188e-13	{Q}
sp|P46889|FTSK_ECOLI	WHOLE	3	1	1329	149	3.106e-06	{A}
sp|P50457|PUUE_ECOLI	MULTIPLE	1	263	299	13	7.501e-06	{GM}
sp|P50457|PUUE_ECOLI	WHOLE	1	1	421	61	1.510e-06	{A}
sp|P52006|NUDI_ECOLI	MULTIPLE	1	31	60	14	6.923e-06	{EG}
sp|P52074|GLCF_ECOLI	MULTIPLE	1	140	169	12	7.428e-06	{PR}
sp|P52101|GLRK_ECOLI	SINGLE	1	133	145	8	1.221e-06	{A}
sp|P52101|GLRK_ECOLI	SINGLE	2	11	29	10	1.684e-06	{L}
sp|P54745|MNGA_ECOLI	SINGLE	1	371	394	10	5.486e-06	{A}
sp|P54745|MNGA_ECOLI	MULTIPLE	1	371	412	20	2.672e-07	{AG}
sp|P54745|MNGA_ECOLI	MULTIPLE	2	613	632	13	3.165e-07	{AG}
sp|P54745|MNGA_ECOLI	WHOLE	1	1	658	90	1.113e-07	{A}
sp|P55734|YGAP_ECOLI	MULTIPLE	1	138	160	12	7.465e-07	{GF}
sp|P60340|TRUB_ECOLI	SINGLE	1	3	9	5	4.800e-06	{R}
sp|P60422|RL2_ECOLI	MULTIPLE	1	253	273	11	3.055e-06	{RK}
sp|P60560|GUAC_ECOLI	SINGLE	1	211	253	14	3.399e-07	{G}
sp|P60752|MSBA_ECOLI	SINGLE	1	98	111	5	8.083e-06	{M}
sp|P60752|MSBA_ECOLI	SINGLE	2	153	182	9	8.515e-06	{I}
sp|P60752|MSBA_ECOLI	MULTIPLE	1	98	111	8	1.084e-06	{MR}
sp|P60785|LEPA_ECOLI	SINGLE	1	561	576	8	1.644e-06	{K}
sp|P60844|AQPZ_ECOLI	WHOLE	1	1	231	35	2.795e-06	{G}
sp|P60955|LGT_ECOLI	WHOLE	1	1	291	28	8.856e-06	{F}
sp|P61320|LOLB_ECOLI	SINGLE	1	38	78	11	8.398e-07	{Q}
sp|P62617|ISPF_ECOLI	MULTIPLE	1	3	25	12	1.994e-06	{GI}
sp|P62707|GPMA_ECOLI	SINGLE	1	237	244	6	5.523e-06	{A}
sp|P63224|GMHA_ECOLI	SINGLE	1	171	186	7	5.137e-06	{I}
sp|P64423|ZNTB_ECOLI	SINGLE	1	285	302	8	8.226e-06	{G}
sp|P64512|MGRB_ECOLI	SINGLE	1	7	13	6	4.891e-07	{V}
sp|P64588|YQJI_ECOLI	SINGLE	1	3	47	12	1.601e-10	{H}
sp|P64588|YQJI_ECOLI	SINGLE	2	8	43	7	1.404e-06	{C}
sp|P64588|YQJI_ECOLI	SINGLE	3	32	61	11	1.614e-06	{G}
sp|P64588|YQJI_ECOLI	MULTIPLE	1	3	61	41	9.506e-21	{HCGR}
sp|P64604|MLAD_ECOLI	MULTIPLE	1	14	29	12	5.166e-07	{AL}
sp|P67444|XANQ_ECOLI	SINGLE	1	379	388	6	2.463e-06	{I}
sp|P67444|XANQ_ECOLI	WHOLE	1	1	466	49	4.212e-07	{I}
sp|P68183|MALG_ECOLI	SINGLE	1	18	22	5	6.591e-06	{L}
sp|P68679|RS21_ECOLI	SINGLE	1	17	69	13	8.254e-07	{R}
sp|P68679|RS21_ECOLI	MULTIPLE	1	17	69	21	5.394e-08	{RK}
sp|P68679|RS21_ECOLI	WHOLE	1	1	71	14	4.915e-06	{R}
sp|P68699|ATPL_ECOLI	MULTIPLE	1	11	33	20	4.098e-11	{MAGI}
sp|P69380|FIEF_ECOLI	MULTIPLE	1	116	139	12	3.105e-06	{IV}
sp|P69423|TATC_ECOLI	SINGLE	1	244	258	8	1.281e-06	{E}
sp|P69681|AMTB_ECOLI	SINGLE	1	282	320	12	4.426e-06	{G}
sp|P69681|AMTB_ECOLI	SINGLE	2	239	263	10	8.426e-06	{A}
sp|P69681|AMTB_ECOLI	WHOLE	1	1	428	60	2.558e-08	{G}
sp|P69739|MBHS_ECOLI	MULTIPLE	1	171	205	15	2.339e-07	{PI}
sp|P69739|MBHS_ECOLI	MULTIPLE	2	334	348	12	2.145e-08	{AV}
sp|P69741|MBHT_ECOLI	SINGLE	1	144	166	10	3.473e-06	{A}
sp|P69741|MBHT_ECOLI	MULTIPLE	1	329	355	15	1.889e-07	{GV}
sp|P69795|PTQB_ECOLI	SINGLE	1	95	105	7	4.334e-06	{A}
sp|P69797|PTNAB_ECOLI	SINGLE	1	137	149	9	5.772e-08	{A}
sp|P69797|PTNAB_ECOLI	MULTIPLE	1	137	155	16	2.335e-12	{AP}
sp|P69801|PTNC_ECOLI	SINGLE	1	68	105	13	2.974e-06	{A}
sp|P69801|PTNC_ECOLI	MULTIPLE	1	66	105	21	1.663e-09	{AI}
sp|P69801|PTNC_ECOLI	WHOLE	1	1	266	32	2.323e-06	{I}
sp|P69805|PTND_ECOLI	SINGLE	1	4	9	5	5.156e-06	{T}
sp|P69831|PTKC_ECOLI	WHOLE	1	1	451	54	1.662e-09	{I}
sp|P69856|NANC_ECOLI	MULTIPLE	1	49	76	10	1.929e-06	{WN}
sp|P69902|FCTA_ECOLI	SINGLE	1	242	252	7	1.412e-06	{G}
sp|P69922|FUCI_ECOLI	MULTIPLE	1	34	71	16	9.983e-08	{AC}
sp|P75691|YAHK_ECOLI	SINGLE	1	173	190	8	8.226e-06	{G}
sp|P75691|YAHK_ECOLI	MULTIPLE	1	55	99	15	1.142e-06	{CV}
sp|P75892|RUTG_ECOLI	WHOLE	1	1	442	56	8.851e-07	{V}
sp|P75892|RUTG_ECOLI	WHOLE	2	1	442	55	3.348e-06	{G}
sp|P75906|PGAB_ECOLI	SINGLE	1	609	626	7	5.580e-06	{Q}
sp|P75908|DGCT_ECOLI	SINGLE	1	86	99	7	1.705e-06	{I}
sp|P75960|NPD_ECOLI	SINGLE	1	4	30	12	1.215e-09	{R}
sp|P76014|DHAL_ECOLI	SINGLE	1	198	203	4	3.242e-06	{M}
sp|P76015|DHAK_ECOLI	SINGLE	1	258	273	7	2.192e-06	{Q}
sp|P76015|DHAK_ECOLI	MULTIPLE	1	122	140	11	2.105e-06	{VD}
sp|P76082|PAAF_ECOLI	MULTIPLE	1	187	226	18	2.238e-07	{QA}
sp|P76082|PAAF_ECOLI	WHOLE	1	1	255	41	5.567e-06	{A}
sp|P76149|SAD_ECOLI	SINGLE	1	247	294	15	1.920e-06	{A}
sp|P76149|SAD_ECOLI	SINGLE	2	216	227	7	9.586e-06	{A}
sp|P76149|SAD_ECOLI	WHOLE	1	1	462	74	2.500e-09	{A}
sp|P76236|CDGI_ECOLI	SINGLE	1	262	287	12	9.194e-07	{L}
sp|P76236|CDGI_ECOLI	MULTIPLE	1	266	287	14	3.765e-09	{LC}
sp|P76236|CDGI_ECOLI	WHOLE	1	1	491	51	3.654e-07	{I}
sp|P76236|CDGI_ECOLI	WHOLE	2	1	491	76	2.770e-06	{L}
sp|P76264|MNTP_ECOLI	MULTIPLE	1	155	181	14	3.091e-07	{IG}
sp|P76339|HPRS_ECOLI	SINGLE	1	159	169	6	5.152e-06	{I}
sp|P76339|HPRS_ECOLI	MULTIPLE	1	79	104	11	7.564e-06	{IN}
sp|P76339|HPRS_ECOLI	WHOLE	1	1	452	45	4.603e-06	{I}
sp|P76343|MSRQ_ECOLI	WHOLE	1	1	211	49	8.136e-10	{L}
sp|P76344|ZINT_ECOLI	SINGLE	1	24	29	4	3.242e-06	{H}
sp|P76346|MTFA_ECOLI	MULTIPLE	1	220	248	11	8.750e-06	{FQ}
sp|P76387|WZC_ECOLI	SINGLE	1	705	715	6	1.095e-06	{Y}
sp|P76399|MDTC_ECOLI	MULTIPLE	1	892	916	13	7.480e-06	{IL}
sp|P76458|ATOD_ECOLI	MULTIPLE	1	18	30	8	2.945e-06	{GM}
sp|P76474|ARNF_ECOLI	SINGLE	1	40	59	10	3.057e-06	{L}
sp|P76474|ARNF_ECOLI	WHOLE	1	1	128	29	2.950e-06	{L}
sp|P76503|FADI_ECOLI	MULTIPLE	1	413	430	12	6.123e-07	{GA}
sp|P76503|FADI_ECOLI	WHOLE	1	1	436	63	1.151e-06	{A}
sp|P76541|EUTL_ECOLI	WHOLE	1	1	219	42	4.070e-08	{A}
sp|P76558|MAO2_ECOLI	SINGLE	1	712	752	12	6.301e-06	{V}
sp|P76562|TMCA_ECOLI	SINGLE	1	591	616	11	7.259e-06	{L}
sp|P76562|TMCA_ECOLI	WHOLE	1	1	671	95	8.004e-06	{L}
sp|P76577|PBPC_ECOLI	WHOLE	1	1	770	67	6.176e-07	{P}
sp|P76577|PBPC_ECOLI	WHOLE	2	1	770	64	8.871e-06	{R}
sp|P76594|LYSAC_ECOLI	WHOLE	1	1	886	119	8.445e-06	{L}
sp|P77044|MHPC_ECOLI	SINGLE	1	138	143	5	7.177e-06	{G}
sp|P77165|PAOA_ECOLI	SINGLE	1	33	57	10	8.426e-06	{A}
sp|P77172|PDEF_ECOLI	SINGLE	1	218	253	15	2.100e-07	{L}
sp|P77172|PDEF_ECOLI	SINGLE	2	93	97	5	2.912e-07	{I}
sp|P77172|PDEF_ECOLI	SINGLE	3	53	58	4	3.242e-06	{M}
sp|P77172|PDEF_ECOLI	WHOLE	1	1	747	106	2.544e-06	{L}
sp|P77173|ZIPA_ECOLI	SINGLE	1	86	188	32	3.884e-18	{P}
sp|P77173|ZIPA_ECOLI	SINGLE	2	89	165	23	9.712e-14	{Q}
sp|P77173|ZIPA_ECOLI	SINGLE	3	49	60	7	9.773e-07	{D}
sp|P77173|ZIPA_ECOLI	SINGLE	4	8	18	6	5.152e-06	{I}
sp|P77173|ZIPA_ECOLI	MULTIPLE	1	86	183	55	6.476e-32	{PQ}
sp|P77173|ZIPA_ECOLI	WHOLE	1	1	328	41	9.408e-09	{P}
sp|P77173|ZIPA_ECOLI	WHOLE	2	1	328	35	7.382e-07	{Q}
sp|P77182|MNMC_ECOLI	SINGLE	1	420	433	7	7.184e-07	{Q}
sp|P77182|MNMC_ECOLI	MULTIPLE	1	420	433	10	8.680e-09	{QY}
sp|P77211|CUSC_ECOLI	SINGLE	1	307	329	10	1.642e-06	{S}
sp|P77211|CUSC_ECOLI	SINGLE	2	286	303	9	2.609e-06	{A}
sp|P77211|CUSC_ECOLI	WHOLE	1	1	457	43	1.321e-06	{Q}
sp|P77212|RCLA_ECOLI	MULTIPLE	1	150	170	13	2.009e-06	{GL}
sp|P77218|EUTD_ECOLI	WHOLE	1	1	338	52	1.455e-06	{A}
sp|P77324|PAOB_ECOLI	WHOLE	1	1	318	49	2.657e-06	{A}
sp|P77364|GLXK2_ECOLI	SINGLE	1	246	254	6	5.807e-06	{G}
sp|P77364|GLXK2_ECOLI	MULTIPLE	1	245	263	13	1.295e-07	{GA}
sp|P77364|GLXK2_ECOLI	WHOLE	1	1	381	58	5.667e-07	{A}
sp|P77364|GLXK2_ECOLI	WHOLE	2	1	381	50	2.071e-06	{G}
sp|P77395|CNOX_ECOLI	SINGLE	1	203	208	5	8.737e-07	{Q}
sp|P77395|CNOX_ECOLI	WHOLE	1	1	284	35	2.472e-08	{Q}
sp|P77399|FADJ_ECOLI	SINGLE	1	312	322	7	1.412e-06	{G}
sp|P77454|GLSA1_ECOLI	SINGLE	1	242	275	11	6.426e-06	{G}
sp|P77455|PAAZ_ECOLI	SINGLE	1	473	486	8	7.429e-07	{G}
sp|P77455|PAAZ_ECOLI	WHOLE	1	1	681	88	1.464e-06	{A}
sp|P77485|CUSS_ECOLI	MULTIPLE	1	133	150	9	1.853e-08	{HM}
sp|P77485|CUSS_ECOLI	MULTIPLE	2	10	32	12	2.368e-06	{FA}
sp|P77489|PAOC_ECOLI	SINGLE	1	239	244	5	7.177e-06	{G}
sp|P77489|PAOC_ECOLI	WHOLE	1	1	732	95	5.243e-07	{A}
sp|P77529|TCYP_ECOLI	WHOLE	1	1	463	55	6.884e-06	{V}
sp|P77567|NHOA_ECOLI	MULTIPLE	1	109	117	8	2.801e-06	{EL}
sp|P77567|NHOA_ECOLI	MULTIPLE	2	161	181	9	2.752e-06	{HQ}
sp|P77589|MHPT_ECOLI	SINGLE	1	7	11	5	1.948e-06	{S}
sp|P77589|MHPT_ECOLI	SINGLE	2	218	242	11	4.612e-06	{L}
sp|P77589|MHPT_ECOLI	WHOLE	1	1	403	70	1.083e-07	{L}
sp|P77589|MHPT_ECOLI	WHOLE	2	1	403	62	1.729e-07	{A}
sp|P77674|ABDH_ECOLI	SINGLE	1	34	53	10	7.164e-07	{A}
sp|P77718|THII_ECOLI	MULTIPLE	1	361	401	18	9.134e-07	{EV}
sp|P77754|SPY_ECOLI	SINGLE	1	6	34	12	6.984e-07	{A}
sp|P77788|NUDG_ECOLI	SINGLE	1	80	98	6	2.187e-06	{H}
sp|P77791|MAA_ECOLI	SINGLE	1	154	172	9	9.646e-07	{V}
sp|P77791|MAA_ECOLI	MULTIPLE	1	73	84	8	7.321e-07	{FN}
sp|P80668|FEAB_ECOLI	MULTIPLE	1	49	91	17	6.663e-06	{RA}
sp|Q06067|ATOS_ECOLI	WHOLE	1	1	608	61	1.018e-07	{I}
sp|Q46806|PHYDA_ECOLI	MULTIPLE	1	116	142	10	7.949e-06	{HI}
sp|Q46821|UACT_ECOLI	WHOLE	1	1	482	49	1.075e-06	{I}
sp|Q46839|GLCA_ECOLI	SINGLE	1	384	403	8	2.396e-06	{I}
sp|Q46839|GLCA_ECOLI	WHOLE	1	1	560	52	6.420e-06	{I}
sp|Q46871|YQJH_ECOLI	SINGLE	1	59	90	9	9.864e-06	{P}
sp|Q46877|NORV_ECOLI	SINGLE	1	112	116	4	1.105e-06	{H}
sp|Q46896|CAS1_ECOLI	SINGLE	1	279	294	7	3.603e-06	{P}
sp|Q46901|CSE1_ECOLI	SINGLE	1	157	169	7	6.403e-06	{G}
sp|Q46925|CSDA_ECOLI	WHOLE	1	1	401	57	5.432e-06	{A}
sp|Q47208|ALLF_ECOLI	MULTIPLE	1	72	104	15	1.909e-06	{QA}
sp|Q47208|ALLF_ECOLI	WHOLE	1	1	555	80	6.137e-08	{A}
sp|Q47319|TAPT_ECOLI	SINGLE	1	10	33	9	8.312e-07	{R}
sp|Q47319|TAPT_ECOLI	MULTIPLE	1	10	43	13	6.869e-08	{RC}
sp|Q47377|ARNE_ECOLI	SINGLE	1	38	58	10	5.299e-06	{L}
sp|Q59385|COPA_ECOLI	SINGLE	1	439	446	6	1.830e-06	{V}
sp|Q59385|COPA_ECOLI	WHOLE	1	1	834	120	6.401e-11	{A}
sp|Q6BF16|DGOA_ECOLI	WHOLE	1	1	205	36	2.732e-06	{A}
sp|P00961|SYGB_ECOLI	SINGLE	1	575	582	7	1.342e-07	{A}
sp|P02413|RL15_ECOLI	SINGLE	1	11	53	17	6.539e-10	{G}
sp|P02413|RL15_ECOLI	WHOLE	1	1	144	26	2.047e-06	{G}
sp|P05719|T1SK_ECOLI	MULTIPLE	1	143	161	13	8.062e-08	{INP}
sp|P06864|BGA2_ECOLI	MULTIPLE	1	428	443	8	4.659e-06	{HI}
sp|P07018|MCP4_ECOLI	SINGLE	1	295	335	14	1.288e-06	{A}
sp|P07018|MCP4_ECOLI	SINGLE	2	462	482	8	1.414e-06	{Q}
sp|P07018|MCP4_ECOLI	WHOLE	1	1	533	80	1.143e-08	{A}
sp|P07018|MCP4_ECOLI	WHOLE	2	1	533	49	5.239e-07	{Q}
sp|P08204|ARAB_ECOLI	SINGLE	1	490	517	11	3.686e-06	{A}
sp|P08204|ARAB_ECOLI	MULTIPLE	1	470	548	33	7.903e-10	{AQC}
sp|P08204|ARAB_ECOLI	WHOLE	1	1	566	79	2.637e-07	{A}
sp|P08722|PTV3B_ECOLI	WHOLE	1	1	625	58	2.211e-06	{I}
sp|P09053|AVTA_ECOLI	SINGLE	1	259	277	8	1.512e-06	{I}
sp|P09184|VSR_ECOLI	SINGLE	1	64	72	5	5.680e-07	{H}
sp|P09549|DEDD_ECOLI	SINGLE	1	99	131	16	2.648e-13	{P}
sp|P09549|DEDD_ECOLI	SINGLE	2	58	92	12	6.881e-06	{A}
sp|P09549|DEDD_ECOLI	MULTIPLE	1	57	92	18	4.611e-08	{AP}
sp|P09549|DEDD_ECOLI	WHOLE	1	1	220	31	3.633e-08	{P}
sp|P09836|UHPC_ECOLI	SINGLE	1	351	359	5	9.817e-06	{F}
sp|P0A6A6|LEUC_ECOLI	SINGLE	1	448	454	6	1.498e-06	{A}
sp|P0A6I9|COAE_ECOLI	SINGLE	1	93	102	6	1.159e-06	{Q}
sp|P0A6L9|HSCB_ECOLI	SINGLE	1	14	59	11	2.843e-06	{Q}
sp|P0A6S3|FLGI_ECOLI	SINGLE	1	48	77	10	7.012e-06	{T}
sp|P0A6S3|FLGI_ECOLI	MULTIPLE	1	38	77	17	2.608e-06	{TG}
sp|P0A6U8|GLGA_ECOLI	MULTIPLE	1	134	149	9	5.562e-06	{HA}
sp|P0A6V8|GLK_ECOLI	MULTIPLE	1	242	287	19	5.578e-08	{FG}
sp|P0A6W9|GSH1_ECOLI	SINGLE	1	477	508	11	2.753e-06	{E}
sp|P0A6Z1|HSCA_ECOLI	SINGLE	1	526	567	14	1.782e-06	{A}
sp|P0A6Z1|HSCA_ECOLI	WHOLE	1	1	616	86	8.604e-08	{A}
sp|P0A7I0|RF1_ECOLI	MULTIPLE	1	60	93	13	2.189e-06	{ME}
sp|P0A7Q1|RL35_ECOLI	SINGLE	1	3	52	14	1.119e-06	{K}
sp|P0A7Y8|RNPA_ECOLI	SINGLE	1	57	76	8	1.937e-06	{R}
sp|P0A843|TATE_ECOLI	MULTIPLE	1	31	60	14	8.759e-06	{DA}
sp|P0A8P1|LFTR_ECOLI	MULTIPLE	1	48	69	10	2.372e-07	{WP}
sp|P0A9D4|CYSE_ECOLI	SINGLE	1	183	223	13	1.235e-06	{G}
sp|P0A9F9|METR_ECOLI	SINGLE	1	20	24	5	2.962e-06	{A}
sp|P0A9L8|P5CR_ECOLI	MULTIPLE	1	51	77	13	7.114e-06	{AI}
sp|P0A9X1|ZNUC_ECOLI	SINGLE	1	230	236	5	9.894e-08	{H}
sp|P0A9X1|ZNUC_ECOLI	MULTIPLE	1	229	250	11	6.010e-08	{HR}
sp|P0A9X1|ZNUC_ECOLI	MULTIPLE	2	172	200	8	7.965e-06	{CH}
sp|P0AA63|YQJA_ECOLI	SINGLE	1	105	121	7	3.651e-08	{H}
sp|P0AA63|YQJA_ECOLI	WHOLE	1	1	220	48	9.743e-09	{L}
sp|P0AA67|RHTA_ECOLI	WHOLE	1	1	295	53	1.113e-06	{L}
sp|P0AA80|GARP_ECOLI	SINGLE	1	91	130	11	2.374e-07	{F}
sp|P0AA80|GARP_ECOLI	MULTIPLE	1	91	124	14	3.825e-09	{FM}
sp|P0AA80|GARP_ECOLI	WHOLE	1	1	444	39	1.866e-06	{F}
sp|P0AAA7|WZXE_ECOLI	WHOLE	1	1	416	70	3.523e-07	{L}
sp|P0AAD2|MTR_ECOLI	MULTIPLE	1	15	28	10	2.610e-07	{GI}
sp|P0AAD4|TYRP_ECOLI	WHOLE	1	1	403	69	2.237e-07	{L}
sp|P0AAG5|MDLB_ECOLI	SINGLE	1	245	270	12	9.194e-07	{L}
sp|P0AAG5|MDLB_ECOLI	SINGLE	2	551	575	8	6.296e-06	{Q}
sp|P0AAG8|MGLA_ECOLI	WHOLE	1	1	506	50	1.850e-06	{I}
sp|P0AAI9|FABD_ECOLI	WHOLE	1	1	309	54	1.611e-08	{A}
sp|P0AAK1|HYCB_ECOLI	SINGLE	1	104	123	8	1.605e-06	{P}
sp|P0AAK1|HYCB_ECOLI	MULTIPLE	1	108	124	13	2.563e-09	{PA}
sp|P0AAK1|HYCB_ECOLI	WHOLE	1	1	203	16	1.956e-07	{C}
sp|P0AAL0|NAPF_ECOLI	MULTIPLE	1	37	79	14	8.495e-08	{CN}
sp|P0AAL0|NAPF_ECOLI	WHOLE	1	1	164	16	1.041e-08	{C}
sp|P0AAL3|NAPG_ECOLI	WHOLE	1	1	231	16	1.062e-06	{C}
sp|P0AAP1|DGCC_ECOLI	SINGLE	1	68	85	6	1.696e-07	{W}
sp|P0AAS3|YBBJ_ECOLI	SINGLE	1	47	74	7	1.409e-07	{W}
sp|P0AB01|ELYC_ECOLI	SINGLE	1	13	30	9	9.630e-06	{L}
sp|P0AB67|PNTB_ECOLI	SINGLE	1	228	232	5	2.962e-06	{A}
sp|P0AB93|ARSB_ECOLI	SINGLE	1	231	235	5	6.591e-06	{L}
sp|P0AB93|ARSB_ECOLI	WHOLE	1	1	429	68	3.811e-06	{L}
sp|P0ABA0|ATPF_ECOLI	WHOLE	1	1	156	31	9.432e-07	{A}
sp|P0ABC3|HFLC_ECOLI	SINGLE	1	6	11	5	1.661e-06	{I}
sp|P0ABC9|BETT_ECOLI	SINGLE	1	315	330	6	7.541e-08	{W}
sp|P0ABC9|BETT_ECOLI	MULTIPLE	1	232	247	10	4.068e-06	{AI}
sp|P0ABF4|EUTM_ECOLI	SINGLE	1	50	63	9	1.489e-07	{A}
sp|P0ABM1|CCMC_ECOLI	SINGLE	1	114	125	5	5.236e-07	{W}
sp|P0ABM1|CCMC_ECOLI	MULTIPLE	1	210	244	16	4.989e-06	{LR}
sp|P0ABM1|CCMC_ECOLI	WHOLE	1	1	245	17	1.886e-07	{W}
sp|P0ABM9|CCMH_ECOLI	SINGLE	1	122	128	5	4.800e-06	{R}
sp|P0ABM9|CCMH_ECOLI	MULTIPLE	1	106	130	12	4.656e-06	{RV}
sp|P0ABQ2|GARR_ECOLI	SINGLE	1	35	54	9	7.656e-06	{A}
sp|P0ABQ2|GARR_ECOLI	WHOLE	1	1	294	45	7.422e-06	{A}
sp|P0AC28|5FCL_ECOLI	SINGLE	1	13	20	5	7.464e-06	{Q}
sp|P0AC28|5FCL_ECOLI	MULTIPLE	1	13	33	9	2.752e-06	{QM}
sp|P0AC51|ZUR_ECOLI	MULTIPLE	1	134	162	9	7.301e-07	{CH}
sp|P0AC94|GNTP_ECOLI	WHOLE	1	1	447	50	5.266e-08	{I}
sp|P0AD03|LETA_ECOLI	SINGLE	1	245	260	7	4.255e-06	{R}
sp|P0AD03|LETA_ECOLI	MULTIPLE	1	216	260	16	7.363e-09	{RC}
sp|P0AD42|PGPC_ECOLI	MULTIPLE	1	27	54	15	9.234e-07	{LI}
sp|P0ADN6|LPTM_ECOLI	SINGLE	1	25	41	7	5.840e-06	{P}
sp|P0ADQ2|FABY_ECOLI	SINGLE	1	145	150	5	5.156e-06	{T}
sp|P0AEB5|YNAI_ECOLI	SINGLE	1	49	98	14	7.614e-08	{I}
sp|P0AEB5|YNAI_ECOLI	SINGLE	2	112	127	7	5.137e-06	{I}
sp|P0AEB5|YNAI_ECOLI	WHOLE	1	1	343	45	2.159e-09	{I}
sp|P0AEG1|DPPC_ECOLI	MULTIPLE	1	90	121	16	5.285e-06	{LV}
sp|P0AEJ0|EMRB_ECOLI	SINGLE	1	503	510	7	4.206e-08	{G}
sp|P0AEJ0|EMRB_ECOLI	SINGLE	2	190	200	6	4.366e-06	{R}
sp|P0AEJ0|EMRB_ECOLI	MULTIPLE	1	457	475	10	1.786e-06	{QI}
sp|P0AEJ0|EMRB_ECOLI	WHOLE	1	1	512	51	1.182e-06	{I}
sp|P0AER8|GLTS_ECOLI	WHOLE	1	1	401	65	2.936e-06	{L}
sp|P0AF01|MODB_ECOLI	MULTIPLE	1	46	68	15	1.076e-07	{LV}
sp|P0AF98|LPTF_ECOLI	SINGLE	1	47	79	14	4.072e-07	{L}
sp|P0AF98|LPTF_ECOLI	MULTIPLE	1	273	289	9	3.258e-06	{MV}
sp|P0AF98|LPTF_ECOLI	MULTIPLE	2	2	25	13	4.182e-06	{LI}
sp|P0AFA9|NIKC_ECOLI	MULTIPLE	1	82	101	13	9.094e-07	{LG}
sp|P0AFA9|NIKC_ECOLI	MULTIPLE	2	13	26	10	1.727e-06	{IL}
sp|P0AFH6|OPPC_ECOLI	SINGLE	1	147	160	6	7.799e-06	{F}
sp|P0AFH6|OPPC_ECOLI	SINGLE	2	201	224	9	9.761e-06	{V}
sp|P0AFK4|POTB_ECOLI	WHOLE	1	1	275	55	2.131e-08	{L}
sp|P0AFK6|POTC_ECOLI	SINGLE	1	20	26	5	5.528e-06	{I}
sp|P0AFK6|POTC_ECOLI	MULTIPLE	1	99	132	14	7.591e-06	{LM}
sp|P0AFL1|POTI_ECOLI	SINGLE	1	72	80	7	5.567e-07	{A}
sp|P0AFL9|PQIA_ECOLI	SINGLE	1	371	398	7	1.744e-06	{M}
sp|P0AFL9|PQIA_ECOLI	SINGLE	2	224	241	5	7.284e-06	{C}
sp|P0AFL9|PQIA_ECOLI	SINGLE	3	4	10	4	7.399e-06	{H}
sp|P0AFQ2|YBHS_ECOLI	MULTIPLE	1	226	247	12	9.114e-07	{LM}
sp|P0AFQ2|YBHS_ECOLI	WHOLE	1	1	377	40	3.349e-06	{I}
sp|P0AFR7|YCJO_ECOLI	SINGLE	1	15	28	9	5.834e-07	{L}
sp|P0AFR9|YDCV_ECOLI	SINGLE	1	103	107	5	6.591e-06	{L}
sp|P0AFR9|YDCV_ECOLI	MULTIPLE	1	67	90	16	8.338e-08	{AL}
sp|P0AFS5|TQSA_ECOLI	SINGLE	1	5	46	12	5.002e-07	{I}
sp|P0AFS5|TQSA_ECOLI	SINGLE	2	136	163	12	2.388e-06	{L}
sp|P0AFS5|TQSA_ECOLI	WHOLE	1	1	344	67	2.289e-09	{L}
sp|P0AFY2|SANA_ECOLI	SINGLE	1	7	23	10	4.299e-07	{L}
sp|P0AFZ7|TRKH_ECOLI	WHOLE	1	1	483	41	2.391e-06	{F}
sp|P0C8J6|GATY_ECOLI	SINGLE	1	74	84	5	1.993e-06	{H}
sp|P10100|RLPA_ECOLI	SINGLE	1	294	355	15	4.097e-08	{Q}
sp|P10100|RLPA_ECOLI	SINGLE	2	243	280	10	6.113e-06	{P}
sp|P10384|FADL_ECOLI	SINGLE	1	189	207	7	8.454e-06	{Q}
sp|P13033|GLPB_ECOLI	MULTIPLE	1	401	419	11	2.321e-06	{QA}
sp|P15032|RECE_ECOLI	SINGLE	1	542	569	10	5.270e-06	{E}
sp|P15078|CSTA_ECOLI	SINGLE	1	654	658	5	1.151e-06	{V}
sp|P15078|CSTA_ECOLI	WHOLE	1	1	701	90	1.486e-06	{A}
sp|P16256|PANF_ECOLI	SINGLE	1	375	415	14	8.097e-06	{L}
sp|P16256|PANF_ECOLI	WHOLE	1	1	483	79	2.233e-07	{L}
sp|P16429|HYCC_ECOLI	SINGLE	1	153	200	16	2.707e-06	{L}
sp|P16429|HYCC_ECOLI	SINGLE	2	221	231	7	4.334e-06	{A}
sp|P16429|HYCC_ECOLI	MULTIPLE	1	297	344	23	1.614e-07	{LG}
sp|P16429|HYCC_ECOLI	WHOLE	1	1	608	103	7.371e-10	{L}
sp|P16429|HYCC_ECOLI	WHOLE	2	1	608	80	2.083e-06	{A}
sp|P16432|HYCF_ECOLI	WHOLE	1	1	180	14	1.269e-06	{C}
sp|P16678|PHNK_ECOLI	MULTIPLE	1	184	202	12	3.396e-06	{LV}
sp|P18392|RSTB_ECOLI	WHOLE	1	1	433	69	2.763e-06	{L}
sp|P19642|PTOCB_ECOLI	SINGLE	1	135	157	8	8.015e-06	{I}
sp|P21169|DCOR_ECOLI	MULTIPLE	1	118	147	11	7.075e-07	{FH}
sp|P22939|ISPA_ECOLI	SINGLE	1	84	93	6	4.935e-06	{D}
sp|P23173|TNAB_ECOLI	WHOLE	1	1	415	47	8.772e-08	{I}
sp|P23173|TNAB_ECOLI	WHOLE	2	1	415	39	3.761e-07	{F}
sp|P23200|MGLC_ECOLI	SINGLE	1	105	148	12	8.622e-07	{I}
sp|P23200|MGLC_ECOLI	SINGLE	2	294	322	9	6.268e-06	{I}
sp|P23200|MGLC_ECOLI	MULTIPLE	1	273	322	30	4.351e-11	{IVG}
sp|P23200|MGLC_ECOLI	WHOLE	1	1	336	39	5.252e-07	{I}
sp|P23482|HYFB_ECOLI	SINGLE	1	533	539	7	5.578e-08	{L}
sp|P23482|HYFB_ECOLI	SINGLE	2	4	34	13	1.228e-06	{L}
sp|P23482|HYFB_ECOLI	SINGLE	3	326	357	13	1.878e-06	{L}
sp|P23482|HYFB_ECOLI	WHOLE	1	1	672	113	1.901e-10	{L}
sp|P23482|HYFB_ECOLI	WHOLE	2	1	672	89	4.948e-07	{A}
sp|P23524|GLXK1_ECOLI	SINGLE	1	132	166	12	1.242e-06	{G}
sp|P23524|GLXK1_ECOLI	MULTIPLE	1	125	166	18	2.521e-07	{GI}
sp|P23524|GLXK1_ECOLI	MULTIPLE	2	246	263	13	4.781e-08	{GA}
sp|P23524|GLXK1_ECOLI	WHOLE	1	1	381	50	2.071e-06	{G}
sp|P23849|TRKG_ECOLI	SINGLE	1	40	50	6	1.352e-06	{F}
sp|P23849|TRKG_ECOLI	SINGLE	2	402	413	6	2.599e-06	{F}
sp|P23849|TRKG_ECOLI	WHOLE	1	1	485	46	3.008e-08	{F}
sp|P23871|HEMH_ECOLI	SINGLE	1	82	89	5	7.464e-06	{Q}
sp|P23876|FEPD_ECOLI	SINGLE	1	16	20	5	6.591e-06	{L}
sp|P23876|FEPD_ECOLI	MULTIPLE	1	65	80	11	2.886e-06	{GL}
sp|P23876|FEPD_ECOLI	WHOLE	1	1	334	63	2.206e-08	{L}
sp|P23876|FEPD_ECOLI	WHOLE	2	1	334	53	4.670e-07	{A}
sp|P23877|FEPG_ECOLI	WHOLE	1	1	330	59	3.604e-07	{L}
sp|P23917|MAK_ECOLI	SINGLE	1	131	156	10	2.909e-06	{G}
sp|P24077|ENTS_ECOLI	SINGLE	1	192	209	8	6.136e-07	{P}
sp|P24077|ENTS_ECOLI	SINGLE	2	190	236	16	1.988e-06	{L}
sp|P24077|ENTS_ECOLI	MULTIPLE	1	190	236	25	1.980e-10	{PL}
sp|P24077|ENTS_ECOLI	WHOLE	1	1	416	85	1.631e-12	{L}
sp|P24180|ACRE_ECOLI	SINGLE	1	145	161	9	1.416e-06	{A}
sp|P24216|FLID_ECOLI	SINGLE	1	55	129	22	4.706e-10	{T}
sp|P24216|FLID_ECOLI	MULTIPLE	1	224	268	18	2.095e-07	{NT}
sp|P24216|FLID_ECOLI	WHOLE	1	1	468	66	3.416e-10	{T}
sp|P24216|FLID_ECOLI	WHOLE	2	1	468	67	4.342e-08	{S}
sp|P24251|CRL_ECOLI	MULTIPLE	1	91	119	15	6.161e-06	{LE}
sp|P24255|RP54_ECOLI	SINGLE	1	3	39	12	2.661e-08	{Q}
sp|P24255|RP54_ECOLI	MULTIPLE	1	3	49	27	1.870e-12	{QL}
sp|P24555|PTRB_ECOLI	MULTIPLE	1	267	301	12	2.082e-06	{RH}
sp|P25396|TEHA_ECOLI	MULTIPLE	1	282	306	11	3.143e-06	{IF}
sp|P25736|END1_ECOLI	SINGLE	1	8	42	12	6.881e-06	{A}
sp|P25798|FLIF_ECOLI	MULTIPLE	1	451	468	11	3.004e-07	{LW}
sp|P25798|FLIF_ECOLI	MULTIPLE	2	302	334	18	2.463e-07	{PNG}
sp|P26218|BGLH_ECOLI	SINGLE	1	49	58	6	9.064e-06	{K}
sp|P26218|BGLH_ECOLI	MULTIPLE	1	35	58	13	1.230e-06	{KE}
sp|P27247|PLSX_ECOLI	MULTIPLE	1	307	334	15	1.318e-07	{QA}
sp|P27247|PLSX_ECOLI	MULTIPLE	2	264	273	8	6.121e-07	{WL}
sp|P27253|SCPA_ECOLI	SINGLE	1	490	526	14	3.095e-07	{A}
sp|P27253|SCPA_ECOLI	WHOLE	1	1	714	88	8.618e-06	{A}
sp|P27254|ARGK_ECOLI	SINGLE	1	267	273	5	2.926e-06	{Q}
sp|P27298|OPDA_ECOLI	SINGLE	1	194	204	7	4.334e-06	{A}
sp|P27298|OPDA_ECOLI	MULTIPLE	1	604	624	11	5.304e-06	{YA}
sp|P27300|LPXK_ECOLI	SINGLE	1	46	82	12	1.933e-06	{V}
sp|P27300|LPXK_ECOLI	MULTIPLE	1	46	88	21	1.428e-08	{VG}
sp|P27896|NARQ_ECOLI	WHOLE	1	1	566	85	2.578e-06	{L}
sp|P28307|CSGA_ECOLI	SINGLE	1	27	36	8	1.465e-08	{G}
sp|P28307|CSGA_ECOLI	MULTIPLE	1	27	54	18	2.076e-11	{GN}
sp|P28307|CSGA_ECOLI	WHOLE	1	1	151	29	1.526e-07	{G}
sp|P28631|HOLB_ECOLI	WHOLE	1	1	334	56	4.722e-06	{L}
sp|P28904|TREC_ECOLI	WHOLE	1	1	551	23	9.515e-06	{W}
sp|P29680|DCUP_ECOLI	MULTIPLE	1	314	330	10	2.873e-07	{HG}
sp|P30845|EPTA_ECOLI	SINGLE	1	493	514	8	2.126e-06	{Q}
sp|P30845|EPTA_ECOLI	SINGLE	2	2	19	9	9.630e-06	{L}
sp|P31135|POTH_ECOLI	WHOLE	1	1	317	54	4.303e-06	{L}
sp|P31434|XYLS_ECOLI	SINGLE	1	587	593	5	9.894e-08	{M}
sp|P31675|SETA_ECOLI	SINGLE	1	1	25	7	7.564e-07	{M}
sp|P31675|SETA_ECOLI	WHOLE	1	1	392	27	1.692e-07	{M}
sp|P31680|DJLA_ECOLI	SINGLE	1	167	198	10	5.644e-07	{Q}
sp|P31680|DJLA_ECOLI	SINGLE	2	177	192	8	2.775e-06	{G}
sp|P31680|DJLA_ECOLI	MULTIPLE	1	176	196	15	1.069e-10	{QG}
sp|P31697|FIMC_ECOLI	SINGLE	1	24	29	4	3.242e-06	{M}
sp|P31801|CHAA_ECOLI	SINGLE	1	203	209	6	1.953e-07	{D}
sp|P31801|CHAA_ECOLI	MULTIPLE	1	201	218	10	1.772e-07	{DH}
sp|P31801|CHAA_ECOLI	WHOLE	1	1	366	61	2.354e-06	{L}
sp|P32141|SQUT_ECOLI	SINGLE	1	17	62	14	5.832e-06	{A}
sp|P32141|SQUT_ECOLI	MULTIPLE	1	17	62	18	1.520e-07	{AM}
sp|P32670|PTFX2_ECOLI	MULTIPLE	1	373	396	12	9.870e-06	{AI}
sp|P32670|PTFX2_ECOLI	MULTIPLE	2	612	632	13	2.009e-06	{LG}
sp|P32715|MDTO_ECOLI	SINGLE	1	327	338	6	7.194e-06	{P}
sp|P32715|MDTO_ECOLI	MULTIPLE	1	327	344	11	1.466e-06	{PA}
sp|P32716|MDTN_ECOLI	SINGLE	1	157	200	16	8.633e-08	{A}
sp|P32716|MDTN_ECOLI	WHOLE	1	1	343	52	2.217e-06	{A}
sp|P33129|HTRE_ECOLI	SINGLE	1	523	563	14	4.793e-07	{S}
sp|P33129|HTRE_ECOLI	WHOLE	1	1	865	68	1.098e-06	{N}
sp|P33129|HTRE_ECOLI	WHOLE	2	1	865	98	3.289e-06	{S}
sp|P33358|MLRA_ECOLI	SINGLE	1	224	234	6	2.440e-06	{Q}
sp|P33361|YEHY_ECOLI	SINGLE	1	10	16	6	3.854e-06	{L}
sp|P33361|YEHY_ECOLI	WHOLE	1	1	385	76	1.171e-10	{L}
sp|P33363|BGLX_ECOLI	SINGLE	1	504	509	5	6.460e-06	{V}
sp|P33591|NIKB_ECOLI	SINGLE	1	285	290	5	6.460e-06	{V}
sp|P33915|YEJE_ECOLI	WHOLE	1	1	341	56	8.544e-06	{L}
sp|P33927|CCMF_ECOLI	SINGLE	1	351	381	13	1.228e-06	{L}
sp|P33927|CCMF_ECOLI	SINGLE	2	229	242	5	1.284e-06	{W}
sp|P33927|CCMF_ECOLI	WHOLE	1	1	647	98	3.684e-07	{L}
sp|P33934|NAPH_ECOLI	MULTIPLE	1	4	29	10	1.795e-06	{WR}
sp|P33941|YOJI_ECOLI	SINGLE	1	48	75	13	2.977e-07	{L}
sp|P33941|YOJI_ECOLI	WHOLE	1	1	547	92	7.457e-09	{L}
sp|P36560|ASR_ECOLI	SINGLE	1	6	60	19	1.458e-08	{A}
sp|P36560|ASR_ECOLI	SINGLE	2	41	87	15	7.150e-08	{K}
sp|P36560|ASR_ECOLI	SINGLE	3	24	43	10	8.176e-08	{T}
sp|P36560|ASR_ECOLI	MULTIPLE	1	18	88	55	1.017e-22	{AKTH}
sp|P36560|ASR_ECOLI	WHOLE	1	1	102	30	1.119e-10	{A}
sp|P36938|PGM_ECOLI	MULTIPLE	1	372	402	15	1.113e-07	{FG}
sp|P37355|MENH_ECOLI	MULTIPLE	1	116	134	10	1.555e-06	{RQ}
sp|P37388|XYLG_ECOLI	WHOLE	1	1	513	57	8.758e-09	{I}
sp|P37621|YHHS_ECOLI	WHOLE	1	1	405	51	5.152e-06	{G}
sp|P37631|RDSA_ECOLI	MULTIPLE	1	382	397	9	3.087e-06	{WA}
sp|P37657|BCSE_ECOLI	SINGLE	1	198	205	5	7.464e-06	{Q}
sp|P37665|YIAD_ECOLI	SINGLE	1	28	78	16	9.063e-08	{G}
sp|P37665|YIAD_ECOLI	MULTIPLE	1	32	78	26	7.006e-11	{GA}
sp|P37669|WECH_ECOLI	WHOLE	1	1	331	37	2.330e-06	{I}
sp|P37675|YIAN_ECOLI	SINGLE	1	140	158	8	1.512e-06	{I}
sp|P37675|YIAN_ECOLI	MULTIPLE	1	140	158	12	1.523e-08	{IP}
sp|P37675|YIAN_ECOLI	WHOLE	1	1	425	45	9.679e-07	{I}
sp|P37675|YIAN_ECOLI	WHOLE	2	1	425	25	6.916e-06	{M}
sp|P37678|SGBH_ECOLI	WHOLE	1	1	220	38	2.240e-06	{A}
sp|P37765|RLUB_ECOLI	SINGLE	1	260	287	9	3.608e-06	{R}
sp|P37765|RLUB_ECOLI	MULTIPLE	1	260	291	18	1.493e-07	{RGN}
sp|P37765|RLUB_ECOLI	WHOLE	1	1	291	38	1.866e-08	{R}
sp|P37902|GLTI_ECOLI	SINGLE	1	7	29	11	3.491e-07	{A}
sp|P38101|EAMB_ECOLI	MULTIPLE	1	70	91	10	9.979e-06	{WA}
sp|P38134|ETK_ECOLI	SINGLE	1	711	722	7	7.074e-08	{Y}
sp|P38684|TORR_ECOLI	SINGLE	1	179	207	9	4.981e-06	{R}
sp|P39300|ULAG_ECOLI	MULTIPLE	1	222	240	8	6.046e-06	{YH}
sp|P39310|YTFB_ECOLI	SINGLE	1	64	127	16	8.911e-09	{Q}
sp|P39310|YTFB_ECOLI	MULTIPLE	1	64	120	26	4.243e-13	{QP}
sp|P39352|NANX_ECOLI	MULTIPLE	1	26	70	16	6.141e-07	{IF}
sp|P39352|NANX_ECOLI	WHOLE	1	1	405	35	8.071e-06	{F}
sp|P39358|YJHG_ECOLI	MULTIPLE	1	222	250	11	8.651e-06	{GC}
sp|P39370|NANS_ECOLI	SINGLE	1	49	98	9	1.129e-06	{H}
sp|P39370|NANS_ECOLI	MULTIPLE	1	49	86	14	8.820e-08	{HP}
sp|P39398|LGOT_ECOLI	MULTIPLE	1	10	26	10	4.494e-06	{SP}
sp|P39398|LGOT_ECOLI	MULTIPLE	2	109	133	9	8.614e-06	{MF}
sp|P39401|OPGB_ECOLI	SINGLE	1	103	107	4	1.105e-06	{H}
sp|P39451|ADHP_ECOLI	SINGLE	1	229	251	10	3.473e-06	{A}
sp|P39451|ADHP_ECOLI	MULTIPLE	1	229	258	19	9.273e-10	{AV}
sp|P39829|GARD_ECOLI	SINGLE	1	94	114	8	2.472e-06	{P}
sp|P39835|GNTT_ECOLI	SINGLE	1	12	16	5	6.591e-06	{L}
sp|P39835|GNTT_ECOLI	MULTIPLE	1	296	310	9	8.829e-06	{GI}
sp|P39835|GNTT_ECOLI	WHOLE	1	1	438	26	3.985e-06	{M}
sp|P39835|GNTT_ECOLI	WHOLE	2	1	438	44	4.622e-06	{I}
sp|P41441|GSPF_ECOLI	WHOLE	1	1	398	68	2.907e-07	{L}
sp|P43329|HRPA_ECOLI	WHOLE	1	1	1300	108	1.836e-08	{R}
sp|P43676|PITB_ECOLI	SINGLE	1	198	205	6	1.373e-06	{K}
sp|P43676|PITB_ECOLI	SINGLE	2	14	20	6	3.854e-06	{L}
sp|P43676|PITB_ECOLI	MULTIPLE	1	185	205	13	2.676e-08	{KR}
sp|P45522|KEFB_ECOLI	SINGLE	1	294	304	7	1.224e-06	{V}
sp|P45522|KEFB_ECOLI	SINGLE	2	543	592	12	2.743e-06	{R}
sp|P45522|KEFB_ECOLI	MULTIPLE	1	549	593	23	2.795e-08	{REQ}
sp|P45522|KEFB_ECOLI	WHOLE	1	1	601	97	2.343e-08	{L}
sp|P45523|FKBA_ECOLI	SINGLE	1	11	54	16	8.633e-08	{A}
sp|P45523|FKBA_ECOLI	WHOLE	1	1	270	37	3.241e-06	{K}
sp|P45579|HCXA_ECOLI	SINGLE	1	239	247	6	5.807e-06	{G}
sp|P45579|HCXA_ECOLI	SINGLE	2	220	227	5	7.464e-06	{Q}
sp|P45758|GSPD_ECOLI	SINGLE	1	512	520	6	9.427e-06	{S}
sp|P46130|YBHC_ECOLI	SINGLE	1	381	414	9	8.950e-06	{N}
sp|P46187|RSEC_ECOLI	MULTIPLE	1	19	37	10	1.135e-06	{CS}
sp|P46474|YHDP_ECOLI	SINGLE	1	1197	1226	11	7.966e-06	{A}
sp|P46474|YHDP_ECOLI	WHOLE	1	1	1266	40	6.962e-06	{W}
sp|P46923|TORZ_ECOLI	SINGLE	1	376	402	10	4.313e-06	{G}
sp|P50466|AER_ECOLI	MULTIPLE	1	286	333	18	5.110e-06	{AQ}
sp|P52097|TILS_ECOLI	MULTIPLE	1	67	84	10	3.850e-06	{QV}
sp|P52600|EMRY_ECOLI	WHOLE	1	1	512	50	2.543e-06	{I}
sp|P52645|YDBH_ECOLI	SINGLE	1	9	40	14	2.583e-07	{L}
sp|P52645|YDBH_ECOLI	WHOLE	1	1	879	127	1.357e-07	{L}
sp|P52645|YDBH_ECOLI	WHOLE	2	1	879	32	3.627e-06	{W}
sp|P52647|YDBK_ECOLI	WHOLE	1	1	1174	133	5.633e-06	{A}
sp|P60293|MUKF_ECOLI	SINGLE	1	329	364	13	1.821e-07	{E}
sp|P61714|RISB_ECOLI	WHOLE	1	1	156	29	7.578e-06	{A}
sp|P62615|ISPE_ECOLI	SINGLE	1	101	107	6	5.551e-07	{G}
sp|P69434|PGAA_ECOLI	SINGLE	1	21	40	9	7.656e-06	{A}
sp|P69811|PTFAH_ECOLI	WHOLE	1	1	376	55	3.410e-06	{A}
sp|P71229|HYFR_ECOLI	SINGLE	1	255	259	5	6.591e-06	{L}
sp|P71229|HYFR_ECOLI	WHOLE	1	1	670	99	9.594e-07	{L}
sp|P75712|ALLP_ECOLI	MULTIPLE	1	231	247	12	2.141e-07	{VA}
sp|P75712|ALLP_ECOLI	WHOLE	1	1	484	48	2.610e-06	{I}
sp|P75780|FIU_ECOLI	MULTIPLE	1	298	328	16	6.157e-08	{TD}
sp|P75780|FIU_ECOLI	WHOLE	1	1	760	83	2.715e-07	{T}
sp|P75783|YBIO_ECOLI	SINGLE	1	25	34	8	8.645e-09	{T}
sp|P75783|YBIO_ECOLI	SINGLE	2	328	372	11	8.540e-07	{F}
sp|P75783|YBIO_ECOLI	SINGLE	3	724	739	7	3.603e-06	{P}
sp|P75783|YBIO_ECOLI	SINGLE	4	76	87	6	7.194e-06	{P}
sp|P75797|GSIB_ECOLI	SINGLE	1	361	373	6	8.296e-06	{Q}
sp|P75800|PDEI_ECOLI	WHOLE	1	1	782	83	5.530e-11	{I}
sp|P75824|HCR_ECOLI	SINGLE	1	273	281	4	7.618e-06	{C}
sp|P75905|PGAC_ECOLI	SINGLE	1	33	40	5	4.541e-06	{F}
sp|P75905|PGAC_ECOLI	MULTIPLE	1	30	62	15	3.933e-09	{FWM}
sp|P75954|YCFS_ECOLI	SINGLE	1	17	28	7	9.586e-06	{A}
sp|P75958|LOLE_ECOLI	MULTIPLE	1	248	276	10	3.472e-06	{YM}
sp|P75987|IRAM_ECOLI	SINGLE	1	4	64	14	1.048e-06	{I}
sp|P75987|IRAM_ECOLI	WHOLE	1	1	107	18	3.818e-06	{I}
sp|P76027|OPPD_ECOLI	SINGLE	1	149	181	7	5.636e-06	{M}
sp|P76027|OPPD_ECOLI	SINGLE	2	286	317	9	9.864e-06	{P}
sp|P76052|ABGB_ECOLI	SINGLE	1	117	124	6	5.523e-06	{A}
sp|P76085|PAAK_ECOLI	SINGLE	1	301	327	9	2.572e-06	{R}
sp|P76091|YNBB_ECOLI	WHOLE	1	1	298	55	3.101e-07	{L}
sp|P76115|PQQU_ECOLI	MULTIPLE	1	172	209	16	5.845e-06	{TG}
sp|P76182|RSXD_ECOLI	SINGLE	1	220	242	6	8.558e-07	{W}
sp|P76190|MEPH_ECOLI	SINGLE	1	42	93	18	8.432e-10	{K}
sp|P76190|MEPH_ECOLI	SINGLE	2	37	73	11	8.424e-06	{T}
sp|P76190|MEPH_ECOLI	MULTIPLE	1	34	93	43	3.434e-18	{KTS}
sp|P76190|MEPH_ECOLI	WHOLE	1	1	271	37	3.524e-06	{K}
sp|P76217|ASTD_ECOLI	SINGLE	1	34	70	13	2.123e-06	{A}
sp|P76217|ASTD_ECOLI	MULTIPLE	1	34	70	19	1.314e-08	{AR}
sp|P76242|NIMT_ECOLI	MULTIPLE	1	46	68	13	5.888e-06	{TL}
sp|P76242|NIMT_ECOLI	WHOLE	1	1	393	70	4.120e-08	{L}
sp|P76242|NIMT_ECOLI	WHOLE	2	1	393	56	6.006e-06	{A}
sp|P76347|YEEJ_ECOLI	SINGLE	1	19	47	11	5.474e-06	{A}
sp|P76347|YEEJ_ECOLI	WHOLE	1	1	2339	271	8.642e-23	{T}
sp|P76347|YEEJ_ECOLI	WHOLE	2	1	2339	170	3.160e-11	{N}
sp|P76347|YEEJ_ECOLI	WHOLE	3	1	2339	207	1.778e-06	{V}
sp|P76347|YEEJ_ECOLI	WHOLE	4	1	2339	240	4.482e-06	{A}
sp|P76347|YEEJ_ECOLI	WHOLE	5	1	2339	222	6.802e-06	{S}
sp|P76350|SHIA_ECOLI	MULTIPLE	1	49	92	17	8.294e-07	{FG}
sp|P76352|YEEO_ECOLI	SINGLE	1	244	264	8	3.680e-06	{I}
sp|P76352|YEEO_ECOLI	SINGLE	2	162	172	6	4.366e-06	{R}
sp|P76352|YEEO_ECOLI	SINGLE	3	498	529	6	6.712e-06	{W}
sp|P76352|YEEO_ECOLI	MULTIPLE	1	482	529	17	6.953e-08	{WV}
sp|P76398|MDTB_ECOLI	SINGLE	1	919	939	9	2.756e-07	{I}
sp|P76423|THIM_ECOLI	SINGLE	1	13	26	5	8.083e-06	{H}
sp|P76423|THIM_ECOLI	MULTIPLE	1	201	212	8	2.100e-06	{CA}
sp|P76423|THIM_ECOLI	WHOLE	1	1	262	45	3.574e-07	{A}
sp|P76425|RCNA_ECOLI	SINGLE	1	121	146	17	1.453e-22	{H}
sp|P76425|RCNA_ECOLI	WHOLE	1	1	274	23	4.220e-08	{H}
sp|P76473|ARNT_ECOLI	MULTIPLE	1	374	409	11	1.707e-06	{WF}
sp|P76473|ARNT_ECOLI	WHOLE	1	1	550	28	2.465e-08	{W}
sp|P76553|EUTG_ECOLI	WHOLE	1	1	395	59	8.451e-07	{A}
sp|P76578|A2MG_ECOLI	MULTIPLE	1	181	198	10	3.786e-06	{NV}
sp|P77129|ALLG_ECOLI	MULTIPLE	1	309	335	15	6.802e-07	{AG}
sp|P77129|ALLG_ECOLI	WHOLE	1	1	419	27	5.984e-07	{M}
sp|P77223|RSXB_ECOLI	SINGLE	1	147	161	5	2.680e-06	{C}
sp|P77223|RSXB_ECOLI	WHOLE	1	1	192	14	2.663e-06	{C}
sp|P77272|PTYBC_ECOLI	MULTIPLE	1	72	118	18	3.637e-06	{AQ}
sp|P77272|PTYBC_ECOLI	WHOLE	1	1	474	58	3.147e-06	{G}
sp|P77304|DTPA_ECOLI	SINGLE	1	490	500	7	4.334e-06	{A}
sp|P77306|YQIK_ECOLI	SINGLE	1	372	438	23	5.419e-10	{A}
sp|P77306|YQIK_ECOLI	SINGLE	2	16	28	7	8.968e-07	{I}
sp|P77306|YQIK_ECOLI	SINGLE	3	215	220	5	1.440e-06	{R}
sp|P77306|YQIK_ECOLI	SINGLE	4	275	327	14	4.201e-06	{E}
sp|P77306|YQIK_ECOLI	MULTIPLE	1	212	236	14	6.523e-08	{RE}
sp|P77306|YQIK_ECOLI	MULTIPLE	2	263	350	42	1.322e-12	{EQR}
sp|P77306|YQIK_ECOLI	WHOLE	1	1	553	78	2.043e-07	{A}
sp|P77307|FETB_ECOLI	SINGLE	1	88	130	11	4.769e-06	{I}
sp|P77307|FETB_ECOLI	WHOLE	1	1	259	33	4.754e-07	{I}
sp|P77338|MSCK_ECOLI	SINGLE	1	145	181	10	2.442e-06	{Q}
sp|P77338|MSCK_ECOLI	SINGLE	2	751	762	6	8.314e-06	{R}
sp|P77338|MSCK_ECOLI	MULTIPLE	1	553	585	18	5.322e-08	{LI}
sp|P77338|MSCK_ECOLI	MULTIPLE	2	768	779	8	7.469e-06	{EP}
sp|P77338|MSCK_ECOLI	WHOLE	1	1	1120	159	1.599e-08	{L}
sp|P77338|MSCK_ECOLI	WHOLE	2	1	1120	84	6.007e-07	{Q}
sp|P77357|ABGA_ECOLI	SINGLE	1	239	267	12	6.984e-07	{A}
sp|P77357|ABGA_ECOLI	WHOLE	1	1	436	66	1.329e-07	{A}
sp|P77359|DJLC_ECOLI	SINGLE	1	431	453	9	6.606e-06	{E}
sp|P77374|YNFE_ECOLI	SINGLE	1	94	122	9	4.981e-06	{R}
sp|P77439|PTFX1_ECOLI	SINGLE	1	363	398	12	9.512e-06	{A}
sp|P77439|PTFX1_ECOLI	MULTIPLE	1	349	398	21	9.662e-08	{AQ}
sp|P77439|PTFX1_ECOLI	MULTIPLE	2	612	629	12	1.634e-06	{LG}
sp|P77570|ANMK_ECOLI	SINGLE	1	53	71	7	8.454e-06	{Q}
sp|P77611|RSXC_ECOLI	SINGLE	1	523	732	65	1.556e-22	{A}
sp|P77611|RSXC_ECOLI	SINGLE	2	441	507	22	3.256e-09	{A}
sp|P77611|RSXC_ECOLI	SINGLE	3	143	162	9	1.955e-06	{G}
sp|P77611|RSXC_ECOLI	MULTIPLE	1	523	734	93	1.235e-30	{AQ}
sp|P77611|RSXC_ECOLI	MULTIPLE	2	444	499	28	1.205e-11	{AR}
sp|P77611|RSXC_ECOLI	WHOLE	1	1	740	129	9.665e-18	{A}
sp|P77619|YFEW_ECOLI	SINGLE	1	355	379	9	9.931e-06	{T}
sp|P77650|HCAD_ECOLI	SINGLE	1	14	20	6	1.498e-06	{A}
sp|P77650|HCAD_ECOLI	MULTIPLE	1	307	317	10	2.496e-08	{PL}
sp|P77716|YCJP_ECOLI	SINGLE	1	79	89	7	1.224e-06	{V}
sp|P77731|ALLA_ECOLI	SINGLE	1	88	93	5	6.460e-06	{V}
sp|P77747|OMPN_ECOLI	SINGLE	1	12	22	7	4.334e-06	{A}
sp|P77747|OMPN_ECOLI	MULTIPLE	1	161	201	18	7.089e-08	{NG}
sp|P77783|YNFF_ECOLI	SINGLE	1	97	125	9	4.981e-06	{R}
sp|Q46800|XDHB_ECOLI	SINGLE	1	40	53	5	8.083e-06	{H}
sp|Q46817|GHXQ_ECOLI	SINGLE	1	212	225	7	1.705e-06	{I}
sp|Q46817|GHXQ_ECOLI	SINGLE	2	320	335	8	9.559e-06	{A}
sp|Q46916|GUDP_ECOLI	WHOLE	1	1	450	45	4.120e-06	{I}
sp|Q47690|MMUM_ECOLI	SINGLE	1	268	273	4	3.242e-06	{H}
sp|Q47690|MMUM_ECOLI	WHOLE	1	1	310	51	2.535e-07	{A}
sp|P03825|GSPB_ECOLI	SINGLE	1	91	138	15	1.859e-07	{E}
sp|P04128|FIMA1_ECOLI	WHOLE	1	1	182	36	1.582e-07	{A}
sp|P04949|FLIC_ECOLI	SINGLE	1	255	284	12	8.819e-08	{T}
sp|P04949|FLIC_ECOLI	SINGLE	2	180	216	13	1.533e-07	{T}
sp|P04949|FLIC_ECOLI	WHOLE	1	1	498	65	9.462e-09	{T}
sp|P04949|FLIC_ECOLI	WHOLE	2	1	498	48	1.588e-07	{N}
sp|P05052|APPY_ECOLI	WHOLE	1	1	249	30	4.459e-06	{I}
sp|P05827|ILVY_ECOLI	SINGLE	1	69	85	7	3.565e-06	{Q}
sp|P07000|PLDB_ECOLI	WHOLE	1	1	340	36	5.496e-06	{R}
sp|P08555|DSDX_ECOLI	MULTIPLE	1	41	84	17	6.602e-08	{MG}
sp|P08555|DSDX_ECOLI	WHOLE	1	1	445	46	1.408e-06	{I}
sp|P08555|DSDX_ECOLI	WHOLE	2	1	445	69	6.735e-06	{L}
sp|P09424|MTLD_ECOLI	SINGLE	1	48	91	14	3.611e-07	{V}
sp|P0A7P5|RL34_ECOLI	SINGLE	1	12	41	10	7.159e-07	{R}
sp|P0A7P5|RL34_ECOLI	WHOLE	1	1	46	11	7.292e-06	{R}
sp|P0A8B5|YBAB_ECOLI	SINGLE	1	13	30	7	5.580e-06	{Q}
sp|P0A8B5|YBAB_ECOLI	MULTIPLE	1	11	25	10	2.932e-09	{QM}
sp|P0AAE2|PROY_ECOLI	SINGLE	1	160	175	8	2.997e-07	{I}
sp|P0AAE2|PROY_ECOLI	SINGLE	2	167	200	11	6.426e-06	{G}
sp|P0AAE2|PROY_ECOLI	MULTIPLE	1	160	200	20	3.705e-09	{IG}
sp|P0AAE2|PROY_ECOLI	MULTIPLE	2	116	144	11	6.471e-06	{WV}
sp|P0AAE2|PROY_ECOLI	WHOLE	1	1	457	52	1.722e-08	{I}
sp|P0AAJ1|YNFG_ECOLI	WHOLE	1	1	205	16	2.230e-07	{C}
sp|P0AAK7|NRFC_ECOLI	WHOLE	1	1	223	16	6.750e-07	{C}
sp|P0ABC0|ATPZ_ECOLI	SINGLE	1	83	114	11	2.713e-06	{V}
sp|P0ABC0|ATPZ_ECOLI	MULTIPLE	1	83	114	21	2.532e-10	{VL}
sp|P0ABD1|YEAV_ECOLI	SINGLE	1	258	266	4	5.761e-06	{W}
sp|P0ABL8|CCMB_ECOLI	SINGLE	1	59	89	13	1.228e-06	{L}
sp|P0ABL8|CCMB_ECOLI	WHOLE	1	1	220	51	4.056e-10	{L}
sp|P0ABM5|CCMD_ECOLI	SINGLE	1	21	40	9	1.640e-06	{V}
sp|P0ABM5|CCMD_ECOLI	MULTIPLE	1	42	66	12	4.966e-07	{RQ}
sp|P0ABP6|DEDA_ECOLI	SINGLE	1	192	208	7	8.304e-06	{I}
sp|P0ABW5|SFMA_ECOLI	SINGLE	1	9	23	8	5.187e-06	{A}
sp|P0ABX5|FLGG_ECOLI	WHOLE	1	1	260	29	2.517e-06	{Q}
sp|P0AC05|FLIP_ECOLI	SINGLE	1	205	211	4	7.399e-06	{M}
sp|P0AC07|FLIQ_ECOLI	SINGLE	1	34	64	11	1.288e-07	{I}
sp|P0AC07|FLIQ_ECOLI	SINGLE	2	1	14	5	8.083e-06	{M}
sp|P0AC07|FLIQ_ECOLI	MULTIPLE	1	17	33	12	1.457e-06	{LA}
sp|P0AC96|GNTU_ECOLI	SINGLE	1	152	156	5	2.962e-06	{A}
sp|P0ACB7|HEMY_ECOLI	SINGLE	1	63	85	9	5.457e-07	{R}
sp|P0ACL9|PDHR_ECOLI	SINGLE	1	235	252	8	7.422e-07	{R}
sp|P0ACR4|YEIE_ECOLI	MULTIPLE	1	260	281	9	7.550e-06	{HR}
sp|P0ACY1|YDJA_ECOLI	MULTIPLE	1	109	124	10	4.336e-07	{MA}
sp|P0ADE8|YGFZ_ECOLI	SINGLE	1	290	295	5	6.460e-06	{V}
sp|P0ADH7|FIME_ECOLI	WHOLE	1	1	198	28	2.384e-07	{R}
sp|P0AE26|ARAH_ECOLI	SINGLE	1	2	17	8	5.165e-06	{S}
sp|P0AE30|ARTM_ECOLI	MULTIPLE	1	16	39	13	4.182e-06	{IL}
sp|P0AE30|ARTM_ECOLI	WHOLE	1	1	222	42	3.411e-06	{L}
sp|P0AED9|DCM_ECOLI	MULTIPLE	1	76	84	7	2.211e-07	{HP}
sp|P0AEP1|GALP_ECOLI	MULTIPLE	1	138	154	8	8.175e-06	{IM}
sp|P0AEQ6|GLNP_ECOLI	WHOLE	1	1	219	30	3.318e-07	{I}
sp|P0AEW1|HYFE_ECOLI	WHOLE	1	1	216	40	9.290e-06	{L}
sp|P0AEW4|CPDA_ECOLI	MULTIPLE	1	158	168	9	1.383e-07	{HL}
sp|P0AF20|NAGC_ECOLI	MULTIPLE	1	223	248	14	1.683e-07	{GI}
sp|P0AF20|NAGC_ECOLI	WHOLE	1	1	406	42	3.662e-06	{I}
sp|P0AF43|YJBB_ECOLI	SINGLE	1	471	486	8	2.408e-07	{R}
sp|P0AF43|YJBB_ECOLI	MULTIPLE	1	128	146	12	3.734e-06	{LG}
sp|P0AF43|YJBB_ECOLI	WHOLE	1	1	543	93	2.558e-09	{L}
sp|P0AFA5|NFRB_ECOLI	SINGLE	1	377	381	5	6.591e-06	{L}
sp|P0AFS1|LSRD_ECOLI	WHOLE	1	1	330	58	7.724e-07	{L}
sp|P0AG14|SOHB_ECOLI	SINGLE	1	69	91	10	4.057e-07	{K}
sp|P0AG14|SOHB_ECOLI	MULTIPLE	1	67	91	21	1.933e-12	{KAQ}
sp|P0AG14|SOHB_ECOLI	MULTIPLE	2	20	28	9	9.031e-09	{AI}
sp|P0AGG8|TLDD_ECOLI	WHOLE	1	1	481	59	2.476e-06	{G}
sp|P0AGH8|PSTC_ECOLI	WHOLE	1	1	319	40	5.241e-08	{I}
sp|P0AGI4|XYLH_ECOLI	SINGLE	1	246	253	7	4.052e-07	{L}
sp|P0AGI4|XYLH_ECOLI	MULTIPLE	1	333	364	13	1.160e-06	{MG}
sp|P0C8K0|KBAZ_ECOLI	MULTIPLE	1	342	357	9	1.509e-06	{RY}
sp|P0CB39|EPTC_ECOLI	MULTIPLE	1	324	359	15	1.168e-06	{QT}
sp|P0CF88|INSI1_ECOLI	SINGLE	1	176	229	13	1.035e-06	{R}
sp|P0CF88|INSI1_ECOLI	SINGLE	2	182	201	6	3.056e-06	{H}
sp|P0CF88|INSI1_ECOLI	MULTIPLE	1	176	233	21	1.178e-10	{RH}
sp|P0CF88|INSI1_ECOLI	WHOLE	1	1	383	47	3.407e-09	{R}
sp|P0CK95|ACFD_ECOLI	SINGLE	1	36	88	23	3.680e-17	{P}
sp|P0CK95|ACFD_ECOLI	MULTIPLE	1	46	86	29	4.719e-19	{PE}
sp|P0CK95|ACFD_ECOLI	MULTIPLE	2	23	33	9	7.607e-07	{GS}
sp|P0CK95|ACFD_ECOLI	WHOLE	1	1	1520	112	2.326e-08	{N}
sp|P10371|HIS4_ECOLI	SINGLE	1	69	112	13	2.350e-06	{V}
sp|P10805|ENVY_ECOLI	SINGLE	1	23	73	12	1.170e-06	{N}
sp|P10805|ENVY_ECOLI	MULTIPLE	1	41	64	12	3.272e-07	{NI}
sp|P11989|BGLG_ECOLI	MULTIPLE	1	8	16	7	4.909e-06	{VN}
sp|P12999|BIOC_ECOLI	SINGLE	1	8	18	7	4.334e-06	{A}
sp|P12999|BIOC_ECOLI	SINGLE	2	222	234	6	8.296e-06	{Q}
sp|P15286|FLK_ECOLI	SINGLE	1	4	14	6	3.773e-06	{P}
sp|P15286|FLK_ECOLI	MULTIPLE	1	4	28	14	6.596e-08	{PG}
sp|P15286|FLK_ECOLI	MULTIPLE	2	289	313	10	2.564e-06	{PM}
sp|P15286|FLK_ECOLI	WHOLE	1	1	331	38	4.259e-08	{Q}
sp|P15639|PUR9_ECOLI	SINGLE	1	487	491	5	2.962e-06	{A}
sp|P15639|PUR9_ECOLI	WHOLE	1	1	529	70	6.594e-06	{A}
sp|P16689|PHNM_ECOLI	MULTIPLE	1	216	241	12	2.256e-06	{HA}
sp|P16701|CYST_ECOLI	SINGLE	1	15	39	11	4.612e-06	{L}
sp|P17334|PTQC_ECOLI	SINGLE	1	149	155	5	5.528e-06	{I}
sp|P17334|PTQC_ECOLI	WHOLE	1	1	452	49	1.770e-07	{I}
sp|P17583|CYNX_ECOLI	SINGLE	1	145	173	7	1.829e-07	{W}
sp|P17583|CYNX_ECOLI	SINGLE	2	134	139	5	7.177e-06	{G}
sp|P17583|CYNX_ECOLI	WHOLE	1	1	384	68	7.766e-08	{L}
sp|P18393|YBDZ_ECOLI	SINGLE	1	21	51	9	4.073e-06	{Q}
sp|P18393|YBDZ_ECOLI	WHOLE	1	1	72	13	9.791e-06	{Q}
sp|P19930|HYAD_ECOLI	SINGLE	1	144	155	7	9.586e-06	{A}
sp|P23842|PDEA_ECOLI	SINGLE	1	226	230	5	6.591e-06	{L}
sp|P23842|PDEA_ECOLI	WHOLE	1	1	729	118	7.878e-10	{L}
sp|P23910|ARAJ_ECOLI	SINGLE	1	226	253	7	1.744e-06	{M}
sp|P23910|ARAJ_ECOLI	MULTIPLE	1	302	352	23	6.116e-07	{GL}
sp|P24174|MANC_ECOLI	SINGLE	1	87	141	17	4.899e-07	{A}
sp|P24174|MANC_ECOLI	SINGLE	2	320	352	11	3.805e-06	{V}
sp|P24174|MANC_ECOLI	SINGLE	3	403	409	4	7.399e-06	{H}
sp|P24181|ACRF_ECOLI	SINGLE	1	104	125	8	2.126e-06	{Q}
sp|P24181|ACRF_ECOLI	MULTIPLE	1	1019	1027	8	1.104e-07	{FV}
sp|P24202|MRR_ECOLI	SINGLE	1	183	204	9	5.048e-06	{G}
sp|P24241|PTIBC_ECOLI	SINGLE	1	361	371	7	4.334e-06	{A}
sp|P24241|PTIBC_ECOLI	WHOLE	1	1	485	47	5.743e-06	{I}
sp|P24241|PTIBC_ECOLI	WHOLE	2	1	485	65	8.711e-06	{A}
sp|P25549|ASLA_ECOLI	MULTIPLE	1	88	111	13	1.814e-06	{GV}
sp|P25744|MDTG_ECOLI	WHOLE	1	1	408	64	9.474e-06	{L}
sp|P25772|LIGB_ECOLI	WHOLE	1	1	560	29	9.637e-09	{W}
sp|P26365|AMIB_ECOLI	SINGLE	1	130	137	8	2.262e-11	{P}
sp|P27126|WAAS_ECOLI	SINGLE	1	21	44	10	6.525e-07	{K}
sp|P27126|WAAS_ECOLI	MULTIPLE	1	62	90	14	5.990e-08	{IN}
sp|P27126|WAAS_ECOLI	WHOLE	1	1	311	43	9.840e-10	{I}
sp|P27127|WAAB_ECOLI	MULTIPLE	1	238	251	7	5.102e-06	{WQ}
sp|P27242|WAAU_ECOLI	MULTIPLE	1	148	167	8	9.477e-06	{YH}
sp|P27242|WAAU_ECOLI	WHOLE	1	1	357	39	2.225e-06	{I}
sp|P27832|WECD_ECOLI	WHOLE	1	1	224	39	1.387e-06	{A}
sp|P27835|WZYE_ECOLI	SINGLE	1	26	61	13	4.609e-10	{F}
sp|P27835|WZYE_ECOLI	SINGLE	2	207	224	8	9.209e-07	{I}
sp|P27835|WZYE_ECOLI	SINGLE	3	131	185	12	1.008e-06	{F}
sp|P27835|WZYE_ECOLI	WHOLE	1	1	450	52	4.261e-12	{F}
sp|P27862|YIGZ_ECOLI	SINGLE	1	89	120	11	3.325e-06	{G}
sp|P28249|ASMA_ECOLI	SINGLE	1	222	248	9	1.131e-06	{Q}
sp|P28249|ASMA_ECOLI	MULTIPLE	1	456	472	8	4.279e-06	{QM}
sp|P28249|ASMA_ECOLI	WHOLE	1	1	617	58	2.684e-08	{Q}
sp|P30130|FIMD_ECOLI	SINGLE	1	654	683	11	1.614e-06	{G}
sp|P30130|FIMD_ECOLI	WHOLE	1	1	878	68	1.786e-06	{N}
sp|P30149|YABI_ECOLI	SINGLE	1	57	88	6	6.712e-06	{W}
sp|P30149|YABI_ECOLI	WHOLE	1	1	254	45	8.904e-06	{L}
sp|P31068|FLIH_ECOLI	SINGLE	1	42	106	18	1.781e-10	{Q}
sp|P31068|FLIH_ECOLI	SINGLE	2	146	153	5	7.464e-06	{Q}
sp|P31068|FLIH_ECOLI	MULTIPLE	1	17	38	12	7.463e-07	{EP}
sp|P31068|FLIH_ECOLI	WHOLE	1	1	228	30	5.439e-08	{Q}
sp|P31122|SOTB_ECOLI	SINGLE	1	178	217	15	1.031e-06	{L}
sp|P31122|SOTB_ECOLI	SINGLE	2	283	292	7	5.011e-06	{L}
sp|P31122|SOTB_ECOLI	SINGLE	3	250	254	5	6.591e-06	{L}
sp|P31125|EAMA_ECOLI	WHOLE	1	1	299	51	7.276e-06	{L}
sp|P31436|SETC_ECOLI	MULTIPLE	1	82	97	10	8.708e-07	{LC}
sp|P31442|EMRD_ECOLI	WHOLE	1	1	394	67	4.140e-07	{L}
sp|P31442|EMRD_ECOLI	WHOLE	2	1	394	26	6.133e-07	{M}
sp|P31452|PTXC_ECOLI	SINGLE	1	140	149	6	2.463e-06	{I}
sp|P31459|DGOK_ECOLI	MULTIPLE	1	163	172	8	9.941e-07	{HL}
sp|P31462|MDTL_ECOLI	SINGLE	1	384	390	4	7.399e-06	{H}
sp|P31462|MDTL_ECOLI	SINGLE	2	30	76	14	7.655e-06	{A}
sp|P31463|YIDZ_ECOLI	SINGLE	1	8	19	8	1.727e-06	{L}
sp|P31549|THIP_ECOLI	SINGLE	1	294	307	9	5.834e-07	{L}
sp|P31549|THIP_ECOLI	SINGLE	2	35	61	6	2.364e-06	{W}
sp|P31549|THIP_ECOLI	SINGLE	3	512	521	7	5.011e-06	{L}
sp|P31549|THIP_ECOLI	MULTIPLE	1	77	105	15	1.447e-06	{RL}
sp|P31549|THIP_ECOLI	WHOLE	1	1	536	103	4.659e-13	{L}
sp|P31600|NFRA_ECOLI	SINGLE	1	550	563	8	2.626e-06	{A}
sp|P31600|NFRA_ECOLI	MULTIPLE	1	498	536	18	1.402e-07	{QA}
sp|P31600|NFRA_ECOLI	WHOLE	1	1	990	129	6.037e-09	{A}
sp|P31600|NFRA_ECOLI	WHOLE	2	1	990	77	4.324e-07	{Q}
sp|P31826|YDDA_ECOLI	WHOLE	1	1	561	84	3.274e-06	{L}
sp|P31828|PQQL_ECOLI	SINGLE	1	573	610	13	1.187e-06	{S}
sp|P31828|PQQL_ECOLI	SINGLE	2	854	876	8	3.119e-06	{Q}
sp|P31828|PQQL_ECOLI	WHOLE	1	1	931	72	1.166e-06	{Q}
sp|P32137|YIHP_ECOLI	WHOLE	1	1	461	41	7.901e-07	{F}
sp|P32152|FRVR_ECOLI	SINGLE	1	82	88	6	3.854e-06	{L}
sp|P32152|FRVR_ECOLI	MULTIPLE	1	398	428	12	8.662e-06	{IN}
sp|P32152|FRVR_ECOLI	WHOLE	1	1	582	54	4.649e-06	{I}
sp|P32672|PTFC2_ECOLI	SINGLE	1	306	333	10	5.199e-06	{V}
sp|P32672|PTFC2_ECOLI	MULTIPLE	1	73	115	26	3.273e-09	{GIA}
sp|P32710|NRFE_ECOLI	SINGLE	1	191	235	10	1.017e-09	{W}
sp|P32710|NRFE_ECOLI	SINGLE	2	104	125	10	8.823e-06	{L}
sp|P32710|NRFE_ECOLI	WHOLE	1	1	552	103	2.875e-12	{L}
sp|P32710|NRFE_ECOLI	WHOLE	2	1	552	25	1.031e-06	{W}
sp|P32711|NRFF_ECOLI	SINGLE	1	19	50	11	5.110e-08	{Q}
sp|P32711|NRFF_ECOLI	SINGLE	2	5	11	6	3.854e-06	{L}
sp|P32711|NRFF_ECOLI	SINGLE	3	103	120	9	9.630e-06	{L}
sp|P32714|MDTP_ECOLI	SINGLE	1	164	181	10	1.998e-07	{A}
sp|P32720|ALSC_ECOLI	SINGLE	1	161	169	5	9.817e-06	{F}
sp|P32720|ALSC_ECOLI	MULTIPLE	1	262	298	18	2.327e-08	{GI}
sp|P32720|ALSC_ECOLI	WHOLE	1	1	326	39	2.494e-07	{I}
sp|P33021|NUPX_ECOLI	SINGLE	1	105	141	10	7.544e-06	{I}
sp|P33021|NUPX_ECOLI	MULTIPLE	1	76	144	21	2.383e-07	{IF}
sp|P33021|NUPX_ECOLI	MULTIPLE	2	244	280	18	1.075e-07	{AI}
sp|P33021|NUPX_ECOLI	WHOLE	1	1	416	42	6.488e-06	{I}
sp|P33021|NUPX_ECOLI	WHOLE	2	1	416	58	7.968e-06	{A}
sp|P33024|PSUT_ECOLI	SINGLE	1	272	283	6	9.795e-06	{I}
sp|P33024|PSUT_ECOLI	MULTIPLE	1	245	292	29	4.255e-10	{IAG}
sp|P33024|PSUT_ECOLI	MULTIPLE	2	76	144	20	1.053e-06	{IF}
sp|P33024|PSUT_ECOLI	WHOLE	1	1	416	48	3.748e-08	{I}
sp|P33024|PSUT_ECOLI	WHOLE	2	1	416	58	7.968e-06	{A}
sp|P33135|FLIR_ECOLI	SINGLE	1	170	204	16	1.709e-08	{L}
sp|P33135|FLIR_ECOLI	MULTIPLE	1	9	26	10	3.451e-06	{WL}
sp|P33135|FLIR_ECOLI	WHOLE	1	1	261	58	1.610e-10	{L}
sp|P33340|YEHA_ECOLI	SINGLE	1	1	15	6	4.406e-07	{M}
sp|P33341|YEHB_ECOLI	SINGLE	1	155	167	6	3.765e-06	{Y}
sp|P33341|YEHB_ECOLI	MULTIPLE	1	452	480	13	1.086e-06	{DN}
sp|P33341|YEHB_ECOLI	WHOLE	1	1	826	63	6.252e-06	{N}
sp|P33369|MDTQ_ECOLI	MULTIPLE	1	74	105	15	1.185e-06	{QA}
sp|P33369|MDTQ_ECOLI	WHOLE	1	1	478	72	4.753e-08	{A}
sp|P33369|MDTQ_ECOLI	WHOLE	2	1	478	42	8.512e-06	{Q}
sp|P33593|NIKD_ECOLI	SINGLE	1	141	153	5	5.312e-06	{M}
sp|P33594|NIKE_ECOLI	SINGLE	1	11	24	5	8.083e-06	{H}
sp|P33595|SGRR_ECOLI	SINGLE	1	170	192	6	7.449e-06	{H}
sp|P36561|COBS_ECOLI	WHOLE	1	1	247	46	1.949e-06	{L}
sp|P36647|PPDD_ECOLI	SINGLE	1	16	27	6	9.795e-06	{I}
sp|P36667|WBBL_ECOLI	SINGLE	1	210	223	5	8.083e-06	{H}
sp|P36771|LRHA_ECOLI	SINGLE	1	29	34	6	2.322e-07	{A}
sp|P36879|YADG_ECOLI	MULTIPLE	1	130	152	10	1.210e-06	{RM}
sp|P37017|YADL_ECOLI	SINGLE	1	74	101	10	3.383e-06	{K}
sp|P37018|YADM_ECOLI	SINGLE	1	46	55	6	1.129e-06	{N}
sp|P37018|YADM_ECOLI	SINGLE	2	84	121	13	1.187e-06	{S}
sp|P37018|YADM_ECOLI	MULTIPLE	1	31	57	15	9.672e-09	{NT}
sp|P37024|HRPB_ECOLI	SINGLE	1	412	441	11	7.966e-06	{A}
sp|P37024|HRPB_ECOLI	WHOLE	1	1	809	128	7.003e-10	{L}
sp|P37127|AEGA_ECOLI	SINGLE	1	16	58	9	2.963e-07	{H}
sp|P37127|AEGA_ECOLI	MULTIPLE	1	12	75	18	1.519e-11	{HC}
sp|P37127|AEGA_ECOLI	WHOLE	1	1	659	28	3.028e-06	{C}
sp|P37147|FXSA_ECOLI	SINGLE	1	83	101	11	1.396e-07	{L}
sp|P37147|FXSA_ECOLI	SINGLE	2	123	133	7	1.412e-06	{G}
sp|P37147|FXSA_ECOLI	SINGLE	3	144	158	7	6.688e-06	{D}
sp|P37180|HYBB_ECOLI	WHOLE	1	1	392	62	9.892e-06	{L}
sp|P37309|ARSR_ECOLI	MULTIPLE	1	4	40	15	2.403e-06	{LC}
sp|P37326|INTS_ECOLI	SINGLE	1	146	176	9	9.088e-06	{R}
sp|P37619|QPTR_ECOLI	WHOLE	1	1	221	25	1.643e-06	{F}
sp|P37645|YHJG_ECOLI	SINGLE	1	636	665	12	1.073e-06	{A}
sp|P37645|YHJG_ECOLI	SINGLE	2	137	153	7	3.459e-06	{N}
sp|P37649|PDEK_ECOLI	MULTIPLE	1	15	35	11	1.811e-06	{VF}
sp|P37649|PDEK_ECOLI	WHOLE	1	1	662	94	7.813e-06	{L}
sp|P37652|BCSB_ECOLI	MULTIPLE	1	746	774	14	8.898e-06	{RL}
sp|P37652|BCSB_ECOLI	MULTIPLE	2	598	618	11	1.971e-06	{ID}
sp|P37662|YHJX_ECOLI	MULTIPLE	1	295	333	16	2.809e-06	{FA}
sp|P37662|YHJX_ECOLI	MULTIPLE	2	343	365	12	1.994e-06	{GI}
sp|P37746|RFBX_ECOLI	WHOLE	1	1	415	52	6.938e-10	{I}
sp|P37746|RFBX_ECOLI	WHOLE	2	1	415	65	8.589e-06	{L}
sp|P37772|YJFF_ECOLI	WHOLE	1	1	331	38	9.342e-07	{I}
sp|P38035|RTCR_ECOLI	WHOLE	1	1	532	51	1.559e-06	{R}
sp|P39196|LPLT_ECOLI	SINGLE	1	166	190	10	8.426e-06	{A}
sp|P39196|LPLT_ECOLI	WHOLE	1	1	397	57	4.053e-06	{A}
sp|P39285|MSCM_ECOLI	SINGLE	1	274	308	11	1.447e-07	{Q}
sp|P39285|MSCM_ECOLI	SINGLE	2	108	151	12	2.222e-07	{Q}
sp|P39285|MSCM_ECOLI	SINGLE	3	719	747	10	5.011e-07	{R}
sp|P39285|MSCM_ECOLI	MULTIPLE	1	749	768	10	1.809e-06	{HE}
sp|P39285|MSCM_ECOLI	MULTIPLE	2	918	959	16	4.296e-06	{TI}
sp|P39285|MSCM_ECOLI	WHOLE	1	1	1107	170	1.859e-11	{L}
sp|P39328|YTFT_ECOLI	SINGLE	1	311	323	7	5.564e-06	{V}
sp|P39362|SGCE_ECOLI	SINGLE	1	175	185	7	4.334e-06	{A}
sp|P39365|SGCC_ECOLI	SINGLE	1	416	427	7	2.746e-06	{V}
sp|P39365|SGCC_ECOLI	SINGLE	2	16	27	6	9.795e-06	{I}
sp|P39365|SGCC_ECOLI	MULTIPLE	1	307	331	13	7.480e-06	{LI}
sp|P39365|SGCC_ECOLI	WHOLE	1	1	437	53	1.502e-09	{I}
sp|P39409|YJJW_ECOLI	SINGLE	1	31	57	7	1.727e-07	{C}
sp|P39410|YJJJ_ECOLI	SINGLE	1	19	66	12	1.736e-06	{R}
sp|P39830|YBAL_ECOLI	SINGLE	1	395	409	8	1.281e-06	{E}
sp|P39830|YBAL_ECOLI	WHOLE	1	1	558	93	9.754e-09	{L}
sp|P39830|YBAL_ECOLI	WHOLE	2	1	558	75	1.962e-06	{A}
sp|P39832|ZNUB_ECOLI	MULTIPLE	1	128	140	9	1.454e-06	{VI}
sp|P39832|ZNUB_ECOLI	WHOLE	1	1	261	47	3.817e-06	{L}
sp|P40876|YCBF_ECOLI	MULTIPLE	1	77	100	13	3.396e-06	{LP}
sp|P41442|GSPG_ECOLI	MULTIPLE	1	15	30	10	1.459e-06	{VI}
sp|P42626|YHAM_ECOLI	SINGLE	1	79	113	14	1.385e-07	{A}
sp|P42626|YHAM_ECOLI	SINGLE	2	34	42	7	5.567e-07	{A}
sp|P42626|YHAM_ECOLI	SINGLE	3	321	337	9	1.416e-06	{A}
sp|P42626|YHAM_ECOLI	MULTIPLE	1	63	114	24	3.805e-08	{AG}
sp|P42626|YHAM_ECOLI	WHOLE	1	1	436	70	5.843e-09	{A}
sp|P42909|PTPB1_ECOLI	MULTIPLE	1	34	44	9	2.279e-07	{VD}
sp|P42915|YRAJ_ECOLI	MULTIPLE	1	610	653	24	1.699e-09	{SYN}
sp|P42915|YRAJ_ECOLI	MULTIPLE	2	471	493	10	4.538e-06	{YN}
sp|P43337|NUDL_ECOLI	MULTIPLE	1	88	124	17	9.637e-08	{VP}
sp|P45423|YHCG_ECOLI	SINGLE	1	255	278	8	9.294e-06	{R}
sp|P45428|DCUD_ECOLI	MULTIPLE	1	347	371	12	5.997e-06	{IG}
sp|P45428|DCUD_ECOLI	WHOLE	1	1	455	29	3.006e-07	{M}
sp|P45428|DCUD_ECOLI	WHOLE	2	1	455	47	1.124e-06	{I}
sp|P45463|TTDR_ECOLI	MULTIPLE	1	133	158	13	4.586e-07	{DI}
sp|P45530|TUSB_ECOLI	SINGLE	1	17	30	8	8.637e-06	{L}
sp|P45539|FRLA_ECOLI	SINGLE	1	156	172	7	8.304e-06	{I}
sp|P45753|HOFM_ECOLI	SINGLE	1	238	243	5	1.270e-06	{P}
sp|P45756|GSPA_ECOLI	SINGLE	1	354	368	8	1.266e-06	{V}
sp|P45762|GSPK_ECOLI	SINGLE	1	72	86	7	1.289e-06	{Q}
sp|P45762|GSPK_ECOLI	MULTIPLE	1	9	25	13	1.151e-07	{LA}
sp|P45762|GSPK_ECOLI	WHOLE	1	1	327	34	1.818e-06	{Q}
sp|P45763|GSPL_ECOLI	SINGLE	1	275	308	12	8.995e-09	{Q}
sp|P45767|YHDX_ECOLI	WHOLE	1	1	393	40	8.603e-06	{I}
sp|P45800|IGAA_ECOLI	MULTIPLE	1	230	245	12	2.262e-07	{LG}
sp|P46481|AAEB_ECOLI	SINGLE	1	71	101	10	1.301e-06	{I}
sp|P46481|AAEB_ECOLI	SINGLE	2	39	54	8	9.559e-06	{A}
sp|P46481|AAEB_ECOLI	MULTIPLE	1	71	109	15	8.322e-09	{IC}
sp|P46837|YHGF_ECOLI	MULTIPLE	1	730	768	16	7.084e-06	{AR}
sp|P46846|GNTX_ECOLI	SINGLE	1	8	54	8	7.200e-07	{C}
sp|P46846|GNTX_ECOLI	MULTIPLE	1	5	76	19	5.354e-08	{CP}
sp|P46888|USPC_ECOLI	SINGLE	1	93	113	6	4.184e-06	{H}
sp|P52043|SCPC_ECOLI	SINGLE	1	451	481	7	3.625e-06	{H}
sp|P52067|FSR_ECOLI	MULTIPLE	1	346	366	12	2.027e-07	{GF}
sp|P52067|FSR_ECOLI	MULTIPLE	2	104	122	13	9.032e-07	{AL}
sp|P52143|YPJA_ECOLI	SINGLE	1	1184	1220	19	3.895e-16	{P}
sp|P52143|YPJA_ECOLI	SINGLE	2	112	158	14	1.126e-06	{G}
sp|P52143|YPJA_ECOLI	SINGLE	3	367	397	9	3.925e-06	{N}
sp|P52143|YPJA_ECOLI	WHOLE	1	1	1526	213	1.624e-24	{G}
sp|P52143|YPJA_ECOLI	WHOLE	2	1	1526	139	2.351e-16	{N}
sp|P52143|YPJA_ECOLI	WHOLE	3	1	1526	167	8.631e-13	{T}
sp|P52613|FLIJ_ECOLI	SINGLE	1	70	118	13	1.004e-07	{Q}
sp|P52614|FLIK_ECOLI	SINGLE	1	328	339	8	5.124e-09	{Q}
sp|P52614|FLIK_ECOLI	WHOLE	1	1	375	36	5.458e-06	{Q}
sp|P60566|FIXA_ECOLI	SINGLE	1	101	111	7	4.334e-06	{A}
sp|P60566|FIXA_ECOLI	MULTIPLE	1	41	59	11	2.321e-06	{AQ}
sp|P60778|TSGA_ECOLI	MULTIPLE	1	136	154	8	7.165e-06	{MF}
sp|P62517|OPGH_ECOLI	SINGLE	1	315	320	6	1.208e-08	{R}
sp|P62517|OPGH_ECOLI	WHOLE	1	1	847	32	1.731e-06	{W}
sp|P64634|HOFN_ECOLI	SINGLE	1	56	96	13	9.596e-09	{Q}
sp|P64634|HOFN_ECOLI	MULTIPLE	1	56	96	21	5.745e-12	{QR}
sp|P64634|HOFN_ECOLI	WHOLE	1	1	179	24	7.435e-07	{Q}
sp|P69367|MDTH_ECOLI	SINGLE	1	332	354	9	7.742e-06	{G}
sp|P69367|MDTH_ECOLI	WHOLE	1	1	402	25	2.736e-06	{M}
sp|P69826|PTMCB_ECOLI	SINGLE	1	66	109	15	6.612e-08	{G}
sp|P69826|PTMCB_ECOLI	MULTIPLE	1	64	109	20	4.046e-10	{GM}
sp|P75715|SFMH_ECOLI	SINGLE	1	291	295	5	2.962e-06	{A}
sp|P75742|DTPD_ECOLI	MULTIPLE	1	209	235	12	7.102e-06	{LW}
sp|P75746|PXPA_ECOLI	WHOLE	1	1	244	43	3.130e-07	{A}
sp|P75757|ZITB_ECOLI	SINGLE	1	308	313	5	2.890e-08	{H}
sp|P75757|ZITB_ECOLI	SINGLE	2	240	284	9	4.457e-07	{H}
sp|P75757|ZITB_ECOLI	MULTIPLE	1	236	284	17	3.153e-07	{HV}
sp|P75757|ZITB_ECOLI	MULTIPLE	2	3	11	8	4.929e-08	{HS}
sp|P75757|ZITB_ECOLI	MULTIPLE	3	45	67	15	3.262e-07	{LA}
sp|P75757|ZITB_ECOLI	WHOLE	1	1	313	25	2.985e-08	{H}
sp|P75777|YBHG_ECOLI	SINGLE	1	111	123	8	1.221e-06	{A}
sp|P75777|YBHG_ECOLI	MULTIPLE	1	111	135	15	1.699e-08	{AQ}
sp|P75777|YBHG_ECOLI	MULTIPLE	2	182	198	12	3.414e-08	{QA}
sp|P75782|RLMF_ECOLI	MULTIPLE	1	192	204	9	3.407e-06	{AR}
sp|P75826|LYSO_ECOLI	SINGLE	1	170	176	6	4.891e-07	{V}
sp|P75826|LYSO_ECOLI	WHOLE	1	1	299	58	2.787e-08	{L}
sp|P75838|YCAO_ECOLI	SINGLE	1	534	549	8	9.559e-06	{A}
sp|P75851|SSUC_ECOLI	MULTIPLE	1	70	97	15	3.914e-06	{GL}
sp|P75855|ELFA_ECOLI	SINGLE	1	86	106	9	1.846e-06	{T}
sp|P75855|ELFA_ECOLI	WHOLE	1	1	179	30	4.713e-07	{T}
sp|P75857|ELFC_ECOLI	MULTIPLE	1	389	407	13	1.205e-08	{GWY}
sp|P75858|ELFG_ECOLI	SINGLE	1	136	163	10	6.265e-06	{G}
sp|P75920|OPGC_ECOLI	WHOLE	1	1	385	35	2.808e-06	{F}
sp|P75925|C56H2_ECOLI	SINGLE	1	74	84	6	3.773e-06	{P}
sp|P75948|THIK_ECOLI	SINGLE	1	140	162	8	6.507e-06	{R}
sp|P75995|PDEG_ECOLI	WHOLE	1	1	507	51	8.962e-07	{I}
sp|P76007|NHAP2_ECOLI	MULTIPLE	1	364	374	8	1.624e-06	{FV}
sp|P76007|NHAP2_ECOLI	WHOLE	1	1	578	92	9.402e-08	{L}
sp|P76017|YCGV_ECOLI	SINGLE	1	621	653	16	2.648e-13	{P}
sp|P76017|YCGV_ECOLI	MULTIPLE	1	619	656	24	1.430e-14	{PT}
sp|P76017|YCGV_ECOLI	MULTIPLE	2	196	221	12	5.606e-06	{NG}
sp|P76017|YCGV_ECOLI	WHOLE	1	1	955	125	3.135e-13	{G}
sp|P76017|YCGV_ECOLI	WHOLE	2	1	955	88	2.614e-11	{N}
sp|P76097|HGLS_ECOLI	MULTIPLE	1	161	186	13	6.608e-07	{QE}
sp|P76128|DDPA_ECOLI	MULTIPLE	1	457	471	9	4.086e-06	{QT}
sp|P76142|LSRB_ECOLI	SINGLE	1	216	232	9	1.416e-06	{A}
sp|P76175|CLCB_ECOLI	SINGLE	1	149	165	9	1.416e-06	{A}
sp|P76175|CLCB_ECOLI	WHOLE	1	1	418	75	1.068e-08	{L}
sp|P76204|YDIV_ECOLI	MULTIPLE	1	182	210	11	9.445e-07	{CI}
sp|P76224|YNJC_ECOLI	SINGLE	1	330	372	18	1.215e-08	{L}
sp|P76224|YNJC_ECOLI	SINGLE	2	240	259	11	2.816e-07	{L}
sp|P76224|YNJC_ECOLI	SINGLE	3	369	399	6	5.536e-06	{W}
sp|P76224|YNJC_ECOLI	MULTIPLE	1	330	395	31	9.694e-14	{LW}
sp|P76224|YNJC_ECOLI	WHOLE	1	1	511	112	3.560e-18	{L}
sp|P76224|YNJC_ECOLI	WHOLE	2	1	511	28	5.322e-09	{W}
sp|P76241|NIMR_ECOLI	SINGLE	1	144	149	5	8.737e-07	{Q}
sp|P76241|NIMR_ECOLI	MULTIPLE	1	97	124	11	3.510e-06	{TC}
sp|P76298|FLHA_ECOLI	SINGLE	1	293	323	12	8.292e-06	{L}
sp|P76298|FLHA_ECOLI	MULTIPLE	1	648	677	15	2.490e-06	{LR}
sp|P76298|FLHA_ECOLI	MULTIPLE	2	601	629	16	1.123e-06	{GL}
sp|P76298|FLHA_ECOLI	MULTIPLE	3	125	141	11	2.576e-07	{IV}
sp|P76298|FLHA_ECOLI	WHOLE	1	1	692	102	7.656e-07	{L}
sp|P76299|FLHB_ECOLI	MULTIPLE	1	70	105	18	2.949e-07	{IL}
sp|P76372|WZZB_ECOLI	SINGLE	1	179	226	13	7.708e-08	{Q}
sp|P76393|YEGI_ECOLI	SINGLE	1	384	411	12	2.388e-06	{L}
sp|P76393|YEGI_ECOLI	MULTIPLE	1	366	411	22	2.927e-08	{LP}
sp|P76461|ATOB_ECOLI	SINGLE	1	226	268	14	2.434e-06	{A}
sp|P76461|ATOB_ECOLI	MULTIPLE	1	96	108	10	1.381e-07	{AQ}
sp|P76461|ATOB_ECOLI	WHOLE	1	1	394	67	1.185e-09	{A}
sp|P76472|ARND_ECOLI	SINGLE	1	100	111	5	3.342e-06	{H}
sp|P76499|YFCP_ECOLI	SINGLE	1	133	150	7	5.415e-06	{N}
sp|P76540|EUTK_ECOLI	SINGLE	1	51	64	8	2.626e-06	{A}
sp|P76552|EUTH_ECOLI	MULTIPLE	1	1	17	10	3.832e-08	{MI}
sp|P76552|EUTH_ECOLI	MULTIPLE	2	28	65	15	2.773e-07	{GM}
sp|P76552|EUTH_ECOLI	WHOLE	1	1	408	33	1.643e-10	{M}
sp|P76655|YQIG_ECOLI	WHOLE	1	1	821	69	9.490e-08	{N}
sp|P77156|YDCU_ECOLI	SINGLE	1	27	52	11	7.259e-06	{L}
sp|P77156|YDCU_ECOLI	MULTIPLE	1	93	134	16	1.105e-06	{AM}
sp|P77179|RSXE_ECOLI	SINGLE	1	19	59	14	8.097e-06	{L}
sp|P77179|RSXE_ECOLI	MULTIPLE	1	22	59	22	2.044e-09	{LT}
sp|P77196|YFCU_ECOLI	SINGLE	1	225	234	6	4.935e-06	{D}
sp|P77228|YDFJ_ECOLI	WHOLE	1	1	427	46	4.698e-07	{I}
sp|P77231|CITG_ECOLI	SINGLE	1	199	219	11	5.369e-07	{L}
sp|P77249|SFMC_ECOLI	MULTIPLE	1	11	40	15	7.826e-07	{IA}
sp|P77268|DDPD_ECOLI	SINGLE	1	287	318	6	9.997e-06	{C}
sp|P77288|YFCV_ECOLI	SINGLE	1	86	97	7	2.025e-06	{T}
sp|P77293|GTRB_ECOLI	MULTIPLE	1	272	291	11	2.739e-06	{IG}
sp|P77293|GTRB_ECOLI	WHOLE	1	1	306	34	6.345e-06	{I}
sp|P77308|DDPB_ECOLI	WHOLE	1	1	340	59	9.519e-07	{L}
sp|P77315|YPHD_ECOLI	MULTIPLE	1	267	299	19	4.524e-08	{GL}
sp|P77315|YPHD_ECOLI	WHOLE	1	1	332	55	7.914e-06	{L}
sp|P77318|YDEN_ECOLI	SINGLE	1	23	30	6	5.523e-06	{A}
sp|P77375|YDHX_ECOLI	SINGLE	1	124	171	8	8.502e-07	{C}
sp|P77375|YDHX_ECOLI	MULTIPLE	1	187	199	8	1.563e-06	{QY}
sp|P77375|YDHX_ECOLI	WHOLE	1	1	222	16	6.358e-07	{C}
sp|P77377|WZXC_ECOLI	WHOLE	1	1	492	79	4.631e-07	{L}
sp|P77400|YBAT_ECOLI	MULTIPLE	1	159	173	10	4.448e-06	{LI}
sp|P77409|YDHU_ECOLI	SINGLE	1	191	203	9	2.295e-07	{L}
sp|P77416|HYFD_ECOLI	WHOLE	1	1	479	78	3.118e-07	{L}
sp|P77432|LSRK_ECOLI	MULTIPLE	1	247	264	12	2.077e-07	{GV}
sp|P77437|HYFF_ECOLI	SINGLE	1	419	436	11	6.471e-08	{L}
sp|P77437|HYFF_ECOLI	SINGLE	2	9	51	16	5.157e-07	{L}
sp|P77437|HYFF_ECOLI	MULTIPLE	1	9	51	20	2.474e-07	{LR}
sp|P77437|HYFF_ECOLI	WHOLE	1	1	526	98	1.007e-11	{L}
sp|P77445|EUTE_ECOLI	SINGLE	1	25	78	16	1.931e-06	{A}
sp|P77445|EUTE_ECOLI	SINGLE	2	434	442	6	3.938e-06	{T}
sp|P77445|EUTE_ECOLI	MULTIPLE	1	367	384	11	5.639e-06	{VA}
sp|P77445|EUTE_ECOLI	WHOLE	1	1	467	70	8.600e-08	{A}
sp|P77463|DDPC_ECOLI	MULTIPLE	1	128	139	8	2.407e-07	{IM}
sp|P77468|SFMD_ECOLI	WHOLE	1	1	867	67	2.246e-06	{N}
sp|P77468|SFMD_ECOLI	WHOLE	2	1	867	92	3.349e-06	{G}
sp|P77473|PDEB_ECOLI	SINGLE	1	156	227	17	5.046e-08	{I}
sp|P77473|PDEB_ECOLI	WHOLE	1	1	516	51	1.496e-06	{I}
sp|P77549|YFCJ_ECOLI	WHOLE	1	1	392	56	3.754e-08	{G}
sp|P77596|YAGF_ECOLI	MULTIPLE	1	222	240	9	6.779e-06	{GC}
sp|P77596|YAGF_ECOLI	WHOLE	1	1	655	73	5.639e-06	{G}
sp|P77672|LSRC_ECOLI	WHOLE	1	1	342	61	2.563e-07	{L}
sp|P77682|GTRA_ECOLI	SINGLE	1	39	58	7	6.448e-06	{F}
sp|P77689|SUFD_ECOLI	SINGLE	1	28	35	5	7.464e-06	{Q}
sp|P77795|YDCT_ECOLI	MULTIPLE	1	156	184	15	9.445e-07	{LQ}
sp|P77858|HYFC_ECOLI	WHOLE	1	1	315	63	2.297e-09	{L}
sp|Q46798|YGER_ECOLI	MULTIPLE	1	89	117	16	1.142e-07	{ST}
sp|Q46801|XDHC_ECOLI	SINGLE	1	44	52	4	7.618e-06	{C}
sp|Q46811|YGFK_ECOLI	SINGLE	1	1018	1024	5	9.894e-08	{H}
sp|Q46811|YGFK_ECOLI	SINGLE	2	898	912	5	2.680e-06	{C}
sp|Q46820|UACF_ECOLI	SINGLE	1	87	129	8	3.541e-07	{C}
sp|Q46820|UACF_ECOLI	MULTIPLE	1	6	25	12	2.854e-08	{CA}
sp|Q46820|UACF_ECOLI	WHOLE	1	1	639	31	6.364e-08	{C}
sp|Q46863|YGIS_ECOLI	MULTIPLE	1	485	506	10	9.341e-06	{QI}
sp|Q46908|YGCR_ECOLI	MULTIPLE	1	35	53	13	9.032e-07	{AL}
sp|Q46911|YGCU_ECOLI	SINGLE	1	438	454	6	1.042e-06	{H}
sp|Q46915|GUDX_ECOLI	MULTIPLE	1	111	135	14	9.935e-06	{AL}
sp|Q46939|YQEF_ECOLI	MULTIPLE	1	253	266	9	1.202e-06	{MA}
sp|Q46939|YQEF_ECOLI	WHOLE	1	1	393	57	3.024e-06	{A}
sp|Q47013|ELAD_ECOLI	WHOLE	1	1	403	37	9.775e-06	{N}
sp|Q47539|TAUC_ECOLI	WHOLE	1	1	275	49	3.303e-06	{L}
sp|Q47689|MMUP_ECOLI	SINGLE	1	97	130	6	9.668e-06	{W}
sp|A5A605|YKFM_ECOLI	SINGLE	1	10	30	8	6.618e-07	{F}
sp|A5A605|YKFM_ECOLI	SINGLE	2	67	111	12	1.118e-06	{I}
sp|A5A624|DINQ_ECOLI	SINGLE	1	9	26	9	9.630e-06	{L}
sp|C1P602|YOAK_ECOLI	MULTIPLE	1	3	24	11	6.566e-07	{IF}
sp|E2JKY7|LPMG_ECOLI	MULTIPLE	1	3	12	7	6.039e-06	{PR}
sp|P03061|LPIV_ECOLI	SINGLE	1	19	28	9	1.910e-10	{V}
sp|P03835|INSG_ECOLI	SINGLE	1	380	386	4	7.399e-06	{M}
sp|P03841|MALM_ECOLI	SINGLE	1	237	247	7	4.334e-06	{A}
sp|P03841|MALM_ECOLI	MULTIPLE	1	227	248	15	1.925e-09	{AP}
sp|P03841|MALM_ECOLI	MULTIPLE	2	47	70	13	1.436e-07	{QT}
sp|P08369|CRED_ECOLI	SINGLE	1	327	343	9	5.304e-06	{L}
sp|P08369|CRED_ECOLI	SINGLE	2	380	405	11	7.259e-06	{L}
sp|P08372|PPDC_ECOLI	SINGLE	1	46	78	9	7.133e-06	{Q}
sp|P09127|HEMX_ECOLI	SINGLE	1	75	120	13	4.442e-08	{Q}
sp|P09127|HEMX_ECOLI	SINGLE	2	366	389	10	5.486e-06	{A}
sp|P09127|HEMX_ECOLI	MULTIPLE	1	366	390	16	2.208e-09	{AP}
sp|P09127|HEMX_ECOLI	WHOLE	1	1	393	38	2.676e-06	{Q}
sp|P09127|HEMX_ECOLI	WHOLE	2	1	393	56	6.006e-06	{A}
sp|P0A8C4|YGFB_ECOLI	SINGLE	1	147	163	8	4.231e-06	{E}
sp|P0A8R7|YCJF_ECOLI	SINGLE	1	124	140	7	6.888e-06	{R}
sp|P0A8U2|YAFD_ECOLI	SINGLE	1	196	227	11	1.402e-07	{R}
sp|P0A8W8|YFBU_ECOLI	MULTIPLE	1	27	60	14	6.932e-06	{RE}
sp|P0A905|SLYB_ECOLI	SINGLE	1	55	101	17	3.235e-09	{G}
sp|P0A905|SLYB_ECOLI	MULTIPLE	1	63	99	22	3.044e-10	{GA}
sp|P0A905|SLYB_ECOLI	WHOLE	1	1	155	26	7.825e-06	{G}
sp|P0A9K3|PHOL_ECOLI	MULTIPLE	1	319	344	15	3.139e-07	{EA}
sp|P0A9U8|YDIO_ECOLI	MULTIPLE	1	217	241	11	2.634e-06	{EM}
sp|P0A9W9|YRDA_ECOLI	MULTIPLE	1	19	52	15	2.654e-06	{VD}
sp|P0AA49|YFDV_ECOLI	SINGLE	1	133	145	7	8.968e-07	{I}
sp|P0AA49|YFDV_ECOLI	SINGLE	2	79	90	6	2.599e-06	{F}
sp|P0AA70|YEDA_ECOLI	SINGLE	1	50	79	15	1.044e-08	{L}
sp|P0AA91|YEAY_ECOLI	SINGLE	1	166	178	7	6.403e-06	{G}
sp|P0AA91|YEAY_ECOLI	MULTIPLE	1	163	179	11	7.534e-09	{GW}
sp|P0AAA3|ECPA_ECOLI	WHOLE	1	1	195	30	2.764e-06	{T}
sp|P0AAA5|YMCE_ECOLI	SINGLE	1	17	25	5	9.817e-06	{F}
sp|P0AAE5|ARCD_ECOLI	WHOLE	1	1	460	79	3.034e-08	{L}
sp|P0AAK4|HYDN_ECOLI	WHOLE	1	1	175	18	5.625e-10	{C}
sp|P0AAL6|YDHY_ECOLI	SINGLE	1	123	193	13	1.028e-10	{C}
sp|P0AAL6|YDHY_ECOLI	SINGLE	2	102	114	7	6.403e-06	{G}
sp|P0AAL6|YDHY_ECOLI	WHOLE	1	1	208	18	8.569e-09	{C}
sp|P0AAQ2|YAJD_ECOLI	SINGLE	1	45	73	7	2.248e-06	{H}
sp|P0AAR5|YBAN_ECOLI	SINGLE	1	4	9	5	1.661e-06	{I}
sp|P0AAR8|YBAV_ECOLI	SINGLE	1	15	54	16	1.805e-08	{A}
sp|P0AAW5|YBHQ_ECOLI	SINGLE	1	24	57	11	5.260e-06	{V}
sp|P0AAX3|YBIJ_ECOLI	SINGLE	1	42	64	10	3.473e-06	{A}
sp|P0AB12|YCCF_ECOLI	SINGLE	1	95	120	9	2.276e-06	{I}
sp|P0AB12|YCCF_ECOLI	MULTIPLE	1	127	146	11	6.499e-06	{RA}
sp|P0AB35|YCFJ_ECOLI	SINGLE	1	73	114	15	3.255e-08	{G}
sp|P0AD17|YOHC_ECOLI	SINGLE	1	27	32	4	3.242e-06	{H}
sp|P0AD30|YFCA_ECOLI	MULTIPLE	1	149	177	13	2.263e-06	{FG}
sp|P0AD44|YFHG_ECOLI	SINGLE	1	144	188	12	2.899e-07	{Q}
sp|P0AD72|LPF_ECOLI	SINGLE	1	6	14	7	4.644e-09	{F}
sp|P0AD72|LPF_ECOLI	WHOLE	1	1	15	7	6.535e-07	{F}
sp|P0AD86|LPT_ECOLI	SINGLE	1	6	16	8	2.973e-08	{T}
sp|P0ADA7|OSMB_ECOLI	SINGLE	1	37	71	13	1.561e-07	{G}
sp|P0ADI9|YHHN_ECOLI	SINGLE	1	33	41	8	4.194e-08	{L}
sp|P0ADI9|YHHN_ECOLI	SINGLE	2	106	118	8	4.077e-06	{L}
sp|P0ADI9|YHHN_ECOLI	WHOLE	1	1	208	43	2.477e-07	{L}
sp|P0ADK4|YIAW_ECOLI	MULTIPLE	1	12	45	15	8.667e-07	{IFH}
sp|P0ADT2|YGIB_ECOLI	SINGLE	1	96	116	8	1.414e-06	{Q}
sp|P0ADT2|YGIB_ECOLI	SINGLE	2	190	195	5	5.156e-06	{T}
sp|P0ADT2|YGIB_ECOLI	SINGLE	3	123	135	5	5.312e-06	{M}
sp|P0ADT2|YGIB_ECOLI	MULTIPLE	1	96	116	14	7.329e-09	{QA}
sp|P0ADT2|YGIB_ECOLI	MULTIPLE	2	123	140	11	4.141e-08	{MG}
sp|P0ADT8|YGIM_ECOLI	SINGLE	1	181	194	8	8.637e-06	{L}
sp|P0ADT8|YGIM_ECOLI	MULTIPLE	1	177	194	14	9.529e-09	{LG}
sp|P0ADX7|YHHA_ECOLI	SINGLE	1	28	94	24	2.736e-16	{Q}
sp|P0ADX7|YHHA_ECOLI	WHOLE	1	1	146	29	5.413e-12	{Q}
sp|P0AE14|AMPE_ECOLI	SINGLE	1	269	273	5	1.151e-06	{V}
sp|P0AE14|AMPE_ECOLI	SINGLE	2	56	80	11	4.612e-06	{L}
sp|P0AE42|YQAE_ECOLI	MULTIPLE	1	6	43	18	8.044e-07	{IL}
sp|P0AE78|CORC_ECOLI	MULTIPLE	1	182	203	13	1.786e-07	{ED}
sp|P0AE78|CORC_ECOLI	WHOLE	1	1	292	36	4.668e-06	{D}
sp|P0AEC0|YOAE_ECOLI	SINGLE	1	48	64	9	5.304e-06	{L}
sp|P0AEC0|YOAE_ECOLI	MULTIPLE	1	127	168	17	2.332e-08	{MV}
sp|P0AEQ1|GLCG_ECOLI	SINGLE	1	119	133	8	5.187e-06	{A}
sp|P0AEQ1|GLCG_ECOLI	MULTIPLE	1	97	118	13	4.788e-07	{VG}
sp|P0AF45|YJBE_ECOLI	SINGLE	1	69	79	9	6.551e-10	{T}
sp|P0AF45|YJBE_ECOLI	SINGLE	2	32	52	10	5.878e-07	{S}
sp|P0AF45|YJBE_ECOLI	SINGLE	3	10	34	11	9.775e-07	{A}
sp|P0AF45|YJBE_ECOLI	MULTIPLE	1	10	53	26	2.257e-11	{SA}
sp|P0AF80|YJFL_ECOLI	MULTIPLE	1	10	31	10	6.207e-06	{FI}
sp|P0AFI9|PERM_ECOLI	WHOLE	1	1	353	58	6.037e-06	{L}
sp|P0AFS7|YDIK_ECOLI	MULTIPLE	1	202	241	20	8.335e-08	{AV}
sp|P0AFS7|YDIK_ECOLI	MULTIPLE	2	309	330	12	1.078e-06	{IG}
sp|P0AFU2|YFBS_ECOLI	SINGLE	1	209	284	20	2.818e-10	{R}
sp|P0AFU2|YFBS_ECOLI	SINGLE	2	527	561	13	1.036e-06	{A}
sp|P0AFU2|YFBS_ECOLI	SINGLE	3	127	150	6	9.716e-06	{M}
sp|P0AFU2|YFBS_ECOLI	WHOLE	1	1	610	36	8.500e-08	{M}
sp|P0AFU2|YFBS_ECOLI	WHOLE	2	1	610	71	8.747e-07	{V}
sp|P0AG71|RMUC_ECOLI	WHOLE	1	1	475	44	1.514e-06	{Q}
sp|P0AGC7|SMP_ECOLI	SINGLE	1	206	214	6	5.178e-06	{E}
sp|P0AGH1|YHHJ_ECOLI	WHOLE	1	1	374	24	2.517e-06	{M}
sp|P0AGJ5|YFIF_ECOLI	MULTIPLE	1	33	52	12	2.349e-07	{GR}
sp|P0AGM0|YHHT_ECOLI	WHOLE	1	1	349	63	1.102e-07	{L}
sp|P0AGM0|YHHT_ECOLI	WHOLE	2	1	349	23	2.597e-06	{M}
sp|P0AGM5|SIRB1_ECOLI	MULTIPLE	1	37	65	16	1.004e-06	{EL}
sp|P0CF53|INSD1_ECOLI	MULTIPLE	1	19	55	15	1.418e-06	{RD}
sp|P0CF53|INSD1_ECOLI	WHOLE	1	1	301	37	1.288e-07	{R}
sp|P0CF54|INSD2_ECOLI	MULTIPLE	1	19	55	15	1.418e-06	{RD}
sp|P0CF54|INSD2_ECOLI	WHOLE	1	1	301	37	1.288e-07	{R}
sp|P0CF55|INSD3_ECOLI	MULTIPLE	1	19	55	15	1.418e-06	{RD}
sp|P0CF55|INSD3_ECOLI	WHOLE	1	1	301	37	1.288e-07	{R}
sp|P0CF56|INSD4_ECOLI	MULTIPLE	1	19	55	15	1.418e-06	{RD}
sp|P0CF56|INSD4_ECOLI	WHOLE	1	1	301	37	1.288e-07	{R}
sp|P0CF57|INSD5_ECOLI	MULTIPLE	1	19	55	15	1.418e-06	{RD}
sp|P0CF57|INSD5_ECOLI	WHOLE	1	1	301	37	1.288e-07	{R}
sp|P0CF58|INSD6_ECOLI	MULTIPLE	1	19	55	15	1.418e-06	{RD}
sp|P0CF58|INSD6_ECOLI	WHOLE	1	1	301	37	1.288e-07	{R}
sp|P0CF79|INSF1_ECOLI	MULTIPLE	1	20	47	12	2.181e-06	{RQ}
sp|P0CF79|INSF1_ECOLI	WHOLE	1	1	288	32	6.566e-06	{R}
sp|P0CF80|INSF2_ECOLI	MULTIPLE	1	20	47	12	2.181e-06	{RQ}
sp|P0CF80|INSF2_ECOLI	WHOLE	1	1	288	32	6.566e-06	{R}
sp|P0CF81|INSF3_ECOLI	MULTIPLE	1	20	47	12	2.181e-06	{RQ}
sp|P0CF81|INSF3_ECOLI	WHOLE	1	1	288	32	6.566e-06	{R}
sp|P0CF82|INSF4_ECOLI	MULTIPLE	1	20	47	12	2.181e-06	{RQ}
sp|P0CF82|INSF4_ECOLI	WHOLE	1	1	288	32	6.566e-06	{R}
sp|P0CF83|INSF5_ECOLI	MULTIPLE	1	20	47	12	2.181e-06	{RQ}
sp|P0CF83|INSF5_ECOLI	WHOLE	1	1	288	32	6.566e-06	{R}
sp|P0CF89|INSI3_ECOLI	SINGLE	1	176	229	13	1.035e-06	{R}
sp|P0CF89|INSI3_ECOLI	SINGLE	2	182	201	6	3.056e-06	{H}
sp|P0CF89|INSI3_ECOLI	MULTIPLE	1	176	233	21	1.178e-10	{RH}
sp|P0CF89|INSI3_ECOLI	WHOLE	1	1	383	47	3.407e-09	{R}
sp|P0CF90|INSI4_ECOLI	SINGLE	1	176	229	13	1.035e-06	{R}
sp|P0CF90|INSI4_ECOLI	SINGLE	2	182	201	6	3.056e-06	{H}
sp|P0CF90|INSI4_ECOLI	MULTIPLE	1	176	233	21	1.178e-10	{RH}
sp|P0CF90|INSI4_ECOLI	WHOLE	1	1	383	47	3.407e-09	{R}
sp|P0DP69|PHNE1_ECOLI	MULTIPLE	1	158	193	12	9.767e-07	{CP}
sp|P0DPO8|YNFT_ECOLI	SINGLE	1	4	28	9	1.565e-06	{I}
sp|P16916|RHSA_ECOLI	SINGLE	1	1235	1264	10	5.696e-07	{P}
sp|P16916|RHSA_ECOLI	SINGLE	2	999	1010	6	8.314e-06	{R}
sp|P16916|RHSA_ECOLI	MULTIPLE	1	999	1033	12	7.063e-07	{RW}
sp|P16916|RHSA_ECOLI	WHOLE	1	1	1377	131	1.160e-13	{R}
sp|P16917|RHSB_ECOLI	SINGLE	1	999	1010	6	8.314e-06	{R}
sp|P16917|RHSB_ECOLI	MULTIPLE	1	999	1033	12	7.063e-07	{RW}
sp|P16917|RHSB_ECOLI	WHOLE	1	1	1411	127	1.005e-11	{R}
sp|P16918|RHSC_ECOLI	SINGLE	1	999	1010	6	8.314e-06	{R}
sp|P16918|RHSC_ECOLI	MULTIPLE	1	999	1033	12	7.063e-07	{RW}
sp|P16918|RHSC_ECOLI	WHOLE	1	1	1397	125	2.047e-11	{R}
sp|P16918|RHSC_ECOLI	WHOLE	2	1	1397	134	5.568e-06	{G}
sp|P16919|RHSD_ECOLI	SINGLE	1	262	276	9	1.682e-07	{S}
sp|P16919|RHSD_ECOLI	SINGLE	2	1010	1021	6	8.314e-06	{R}
sp|P16919|RHSD_ECOLI	WHOLE	1	1	1426	126	3.842e-11	{R}
sp|P16919|RHSD_ECOLI	WHOLE	2	1	1426	135	9.376e-06	{G}
sp|P19932|HYAF_ECOLI	SINGLE	1	119	124	5	1.440e-06	{R}
sp|P21361|YCIG_ECOLI	SINGLE	1	6	57	14	4.138e-06	{G}
sp|P21365|YCIC_ECOLI	WHOLE	1	1	247	45	4.385e-06	{L}
sp|P21503|YCAD_ECOLI	SINGLE	1	10	33	12	3.123e-07	{L}
sp|P21503|YCAD_ECOLI	WHOLE	1	1	382	65	5.850e-07	{L}
sp|P22586|FLIO_ECOLI	SINGLE	1	68	73	5	6.460e-06	{V}
sp|P22586|FLIO_ECOLI	MULTIPLE	1	15	36	12	3.102e-06	{AI}
sp|P23481|HYFA_ECOLI	WHOLE	1	1	205	16	2.230e-07	{C}
sp|P24211|RHSE_ECOLI	SINGLE	1	285	296	6	8.314e-06	{R}
sp|P24211|RHSE_ECOLI	MULTIPLE	1	285	319	12	7.063e-07	{RW}
sp|P25738|MSYB_ECOLI	SINGLE	1	82	123	13	1.344e-06	{E}
sp|P25738|MSYB_ECOLI	WHOLE	1	1	124	24	1.015e-06	{E}
sp|P25743|YCHE_ECOLI	SINGLE	1	5	19	7	6.535e-07	{F}
sp|P25743|YCHE_ECOLI	WHOLE	1	1	215	27	5.985e-06	{I}
sp|P25747|YEIB_ECOLI	SINGLE	1	62	116	18	9.038e-07	{L}
sp|P25747|YEIB_ECOLI	SINGLE	2	138	151	8	8.637e-06	{L}
sp|P25747|YEIB_ECOLI	WHOLE	1	1	385	74	6.730e-10	{L}
sp|P27294|INAA_ECOLI	SINGLE	1	178	183	5	1.440e-06	{R}
sp|P27843|YIGG_ECOLI	SINGLE	1	20	36	7	1.824e-06	{F}
sp|P27843|YIGG_ECOLI	MULTIPLE	1	4	36	17	3.263e-10	{FI}
sp|P27843|YIGG_ECOLI	WHOLE	1	1	126	21	7.534e-07	{I}
sp|P28303|DINF_ECOLI	SINGLE	1	414	442	12	3.698e-06	{L}
sp|P28303|DINF_ECOLI	WHOLE	1	1	459	91	1.642e-12	{L}
sp|P28303|DINF_ECOLI	WHOLE	2	1	459	63	5.735e-06	{A}
sp|P28697|MBIA_ECOLI	SINGLE	1	19	83	23	5.292e-11	{S}
sp|P28697|MBIA_ECOLI	SINGLE	2	105	122	6	2.566e-07	{C}
sp|P28697|MBIA_ECOLI	SINGLE	3	38	62	6	2.187e-06	{C}
sp|P28697|MBIA_ECOLI	MULTIPLE	1	19	83	29	2.300e-14	{SC}
sp|P28697|MBIA_ECOLI	WHOLE	1	1	161	38	4.805e-11	{S}
sp|P28697|MBIA_ECOLI	WHOLE	2	1	161	16	8.010e-09	{C}
sp|P28721|GLTF_ECOLI	SINGLE	1	10	25	8	9.559e-06	{A}
sp|P28722|YHCA_ECOLI	SINGLE	1	190	202	7	4.116e-06	{T}
sp|P30143|YAAJ_ECOLI	SINGLE	1	281	286	6	2.322e-07	{A}
sp|P31064|YEDE_ECOLI	SINGLE	1	110	121	6	9.795e-06	{I}
sp|P31064|YEDE_ECOLI	MULTIPLE	1	104	121	10	1.454e-06	{IR}
sp|P31435|YICJ_ECOLI	SINGLE	1	402	423	8	5.499e-06	{I}
sp|P31435|YICJ_ECOLI	SINGLE	2	441	459	7	8.454e-06	{Q}
sp|P31437|YICL_ECOLI	SINGLE	1	257	283	12	1.503e-06	{L}
sp|P31437|YICL_ECOLI	SINGLE	2	294	305	6	8.314e-06	{R}
sp|P31437|YICL_ECOLI	WHOLE	1	1	307	52	7.299e-06	{L}
sp|P31448|YIDK_ECOLI	SINGLE	1	421	450	9	8.515e-06	{I}
sp|P31448|YIDK_ECOLI	MULTIPLE	1	421	450	12	3.724e-06	{IF}
sp|P31448|YIDK_ECOLI	WHOLE	1	1	571	55	1.298e-06	{I}
sp|P31471|YIEL_ECOLI	SINGLE	1	61	69	6	5.132e-06	{V}
sp|P31679|YAAU_ECOLI	MULTIPLE	1	232	247	9	1.727e-06	{FR}
sp|P31827|YDDB_ECOLI	WHOLE	1	1	790	62	3.094e-06	{N}
sp|P32051|YDEK_ECOLI	SINGLE	1	397	440	13	2.961e-06	{G}
sp|P32051|YDEK_ECOLI	SINGLE	2	295	313	7	8.205e-06	{N}
sp|P32051|YDEK_ECOLI	WHOLE	1	1	1325	206	1.037e-29	{G}
sp|P32051|YDEK_ECOLI	WHOLE	2	1	1325	117	3.401e-13	{N}
sp|P32051|YDEK_ECOLI	WHOLE	3	1	1325	139	8.356e-10	{T}
sp|P32135|YIHN_ECOLI	MULTIPLE	1	257	282	12	9.850e-06	{GI}
sp|P32135|YIHN_ECOLI	WHOLE	1	1	421	37	3.245e-06	{F}
sp|P32674|GRE1_ECOLI	SINGLE	1	175	183	6	4.848e-07	{Q}
sp|P32677|YIJO_ECOLI	SINGLE	1	133	140	5	7.464e-06	{Q}
sp|P32703|YJCE_ECOLI	SINGLE	1	476	523	12	1.736e-06	{R}
sp|P32703|YJCE_ECOLI	SINGLE	2	93	98	5	6.460e-06	{V}
sp|P32703|YJCE_ECOLI	WHOLE	1	1	549	83	2.609e-06	{L}
sp|P32709|NRFD_ECOLI	SINGLE	1	100	170	22	1.756e-07	{L}
sp|P32709|NRFD_ECOLI	SINGLE	2	259	264	4	7.175e-07	{W}
sp|P32709|NRFD_ECOLI	MULTIPLE	1	94	170	27	3.422e-08	{LM}
sp|P32709|NRFD_ECOLI	MULTIPLE	2	255	271	10	1.340e-07	{WG}
sp|P32709|NRFD_ECOLI	WHOLE	1	1	318	60	4.521e-08	{L}
sp|P32712|NRFG_ECOLI	SINGLE	1	33	75	11	1.399e-06	{Q}
sp|P33218|YEBE_ECOLI	SINGLE	1	15	22	7	7.519e-08	{S}
sp|P33235|FLGK_ECOLI	SINGLE	1	493	534	10	8.269e-06	{Q}
sp|P33235|FLGK_ECOLI	MULTIPLE	1	6	25	12	4.625e-07	{NA}
sp|P33235|FLGK_ECOLI	WHOLE	1	1	547	47	4.375e-06	{N}
sp|P33345|YEHF_ECOLI	SINGLE	1	45	51	6	1.498e-06	{A}
sp|P33349|YEHM_ECOLI	SINGLE	1	598	652	16	2.510e-06	{A}
sp|P33349|YEHM_ECOLI	SINGLE	2	257	264	4	3.249e-06	{W}
sp|P33349|YEHM_ECOLI	MULTIPLE	1	498	513	10	6.881e-06	{QL}
sp|P33349|YEHM_ECOLI	WHOLE	1	1	759	106	3.505e-09	{A}
sp|P33349|YEHM_ECOLI	WHOLE	2	1	759	113	1.357e-07	{L}
sp|P33366|YOHD_ECOLI	SINGLE	1	169	176	6	1.830e-06	{V}
sp|P33366|YOHD_ECOLI	MULTIPLE	1	163	179	11	6.280e-09	{VW}
sp|P33554|PPDA_ECOLI	MULTIPLE	1	30	45	9	5.760e-08	{QW}
sp|P33666|YDBA_ECOLI	SINGLE	1	101	139	15	8.743e-11	{P}
sp|P33666|YDBA_ECOLI	SINGLE	2	90	132	13	3.190e-07	{D}
sp|P33666|YDBA_ECOLI	MULTIPLE	1	90	139	31	1.980e-16	{PDH}
sp|P33666|YDBA_ECOLI	MULTIPLE	2	212	265	21	7.502e-08	{NG}
sp|P33666|YDBA_ECOLI	MULTIPLE	3	301	363	34	2.944e-11	{GNT}
sp|P33666|YDBA_ECOLI	WHOLE	1	1	852	117	7.087e-14	{G}
sp|P33666|YDBA_ECOLI	WHOLE	2	1	852	80	7.983e-11	{N}
sp|P33666|YDBA_ECOLI	WHOLE	3	1	852	101	2.964e-10	{T}
sp|P33666|YDBA_ECOLI	WHOLE	4	1	852	87	2.896e-08	{D}
sp|P33924|YEJO_ECOLI	WHOLE	1	1	863	105	1.154e-09	{G}
sp|P33924|YEJO_ECOLI	WHOLE	2	1	863	66	3.633e-06	{N}
sp|P36554|MDTD_ECOLI	SINGLE	1	302	313	5	3.342e-06	{M}
sp|P36554|MDTD_ECOLI	MULTIPLE	1	230	243	10	4.573e-06	{VL}
sp|P36554|MDTD_ECOLI	MULTIPLE	2	388	403	9	3.256e-06	{MS}
sp|P36554|MDTD_ECOLI	WHOLE	1	1	471	78	1.638e-07	{L}
sp|P36554|MDTD_ECOLI	WHOLE	2	1	471	29	5.995e-07	{M}
sp|P36646|HOFC_ECOLI	WHOLE	1	1	400	70	8.137e-08	{L}
sp|P37443|YCAI_ECOLI	SINGLE	1	437	472	7	8.806e-07	{W}
sp|P37443|YCAI_ECOLI	MULTIPLE	1	414	475	23	3.368e-08	{WL}
sp|P37443|YCAI_ECOLI	WHOLE	1	1	754	41	2.616e-12	{W}
sp|P37443|YCAI_ECOLI	WHOLE	2	1	754	108	1.414e-06	{L}
sp|P37626|YHII_ECOLI	SINGLE	1	143	200	20	6.391e-09	{A}
sp|P37626|YHII_ECOLI	MULTIPLE	1	90	127	19	1.253e-08	{AQ}
sp|P37626|YHII_ECOLI	WHOLE	1	1	355	58	5.498e-08	{A}
sp|P37629|YHIL_ECOLI	SINGLE	1	321	359	10	3.920e-06	{N}
sp|P37629|YHIL_ECOLI	SINGLE	2	15	36	6	5.629e-06	{H}
sp|P37630|YHIM_ECOLI	WHOLE	1	1	350	40	5.646e-07	{I}
sp|P37643|YHJE_ECOLI	SINGLE	1	134	145	7	3.165e-06	{G}
sp|P37643|YHJE_ECOLI	MULTIPLE	1	327	374	22	2.741e-08	{LF}
sp|P37650|BCSC_ECOLI	SINGLE	1	610	669	17	1.848e-06	{A}
sp|P37650|BCSC_ECOLI	MULTIPLE	1	252	288	18	5.149e-08	{AQ}
sp|P37650|BCSC_ECOLI	MULTIPLE	2	465	486	13	1.988e-07	{QA}
sp|P37650|BCSC_ECOLI	WHOLE	1	1	1157	144	1.618e-08	{A}
sp|P37650|BCSC_ECOLI	WHOLE	2	1	1157	88	1.960e-07	{Q}
sp|P37659|BCSG_ECOLI	SINGLE	1	168	174	6	3.730e-07	{T}
sp|P37659|BCSG_ECOLI	SINGLE	2	435	440	5	6.460e-06	{V}
sp|P37659|BCSG_ECOLI	MULTIPLE	1	14	72	20	1.291e-06	{LW}
sp|P37660|YHJV_ECOLI	SINGLE	1	258	265	5	4.541e-06	{F}
sp|P37660|YHJV_ECOLI	SINGLE	2	405	421	9	5.304e-06	{L}
sp|P37660|YHJV_ECOLI	SINGLE	3	322	358	10	7.544e-06	{I}
sp|P37660|YHJV_ECOLI	WHOLE	1	1	423	54	1.720e-10	{I}
sp|P37660|YHJV_ECOLI	WHOLE	2	1	423	37	3.594e-06	{F}
sp|P37748|WZY_ECOLI	MULTIPLE	1	338	361	11	4.843e-07	{FY}
sp|P37748|WZY_ECOLI	WHOLE	1	1	388	44	2.068e-07	{I}
sp|P37748|WZY_ECOLI	WHOLE	2	1	388	37	5.115e-07	{F}
sp|P37908|YFJD_ECOLI	SINGLE	1	10	15	5	1.661e-06	{I}
sp|P37908|YFJD_ECOLI	SINGLE	2	139	157	6	2.187e-06	{M}
sp|P37908|YFJD_ECOLI	MULTIPLE	1	131	157	14	2.548e-07	{ML}
sp|P38055|YDJE_ECOLI	SINGLE	1	267	354	21	1.193e-09	{I}
sp|P38055|YDJE_ECOLI	WHOLE	1	1	452	50	7.391e-08	{I}
sp|P39263|YFCC_ECOLI	MULTIPLE	1	287	331	22	4.722e-09	{VWI}
sp|P39282|YJEM_ECOLI	SINGLE	1	439	445	6	4.891e-07	{V}
sp|P39284|YJEO_ECOLI	MULTIPLE	1	64	102	14	6.751e-09	{WF}
sp|P39314|YTFF_ECOLI	WHOLE	1	1	321	56	1.452e-06	{L}
sp|P39336|YJGL_ECOLI	SINGLE	1	187	260	25	2.949e-16	{N}
sp|P39336|YJGL_ECOLI	MULTIPLE	1	185	260	43	1.240e-18	{NL}
sp|P39336|YJGL_ECOLI	MULTIPLE	2	118	139	11	6.255e-06	{TI}
sp|P39336|YJGL_ECOLI	WHOLE	1	1	604	81	2.772e-19	{N}
sp|P39338|YJGN_ECOLI	SINGLE	1	103	111	7	1.656e-06	{L}
sp|P39338|YJGN_ECOLI	SINGLE	2	80	86	5	1.772e-06	{F}
sp|P39338|YJGN_ECOLI	MULTIPLE	1	172	193	12	1.817e-06	{SI}
sp|P39355|YJHE_ECOLI	SINGLE	1	39	49	6	5.152e-06	{I}
sp|P39357|YJHF_ECOLI	SINGLE	1	53	80	10	6.265e-06	{G}
sp|P39357|YJHF_ECOLI	SINGLE	2	12	16	5	6.591e-06	{L}
sp|P39357|YJHF_ECOLI	MULTIPLE	1	3	37	17	1.043e-06	{LI}
sp|P39357|YJHF_ECOLI	WHOLE	1	1	449	53	3.769e-09	{I}
sp|P39379|YJIH_ECOLI	MULTIPLE	1	18	82	24	1.459e-08	{FG}
sp|P39381|YJIJ_ECOLI	WHOLE	1	1	392	76	2.729e-10	{L}
sp|P39389|YJIR_ECOLI	MULTIPLE	1	360	374	8	2.162e-06	{HR}
sp|P39393|YJIV_ECOLI	MULTIPLE	1	258	282	14	1.672e-07	{QA}
sp|P39407|YJJU_ECOLI	MULTIPLE	1	316	331	10	1.180e-06	{PV}
sp|P39834|YGIL_ECOLI	MULTIPLE	1	85	124	17	2.608e-06	{TG}
sp|P39836|YFEH_ECOLI	SINGLE	1	233	248	8	2.368e-06	{V}
sp|P42590|YGJI_ECOLI	SINGLE	1	26	32	5	2.860e-06	{N}
sp|P42590|YGJI_ECOLI	WHOLE	1	1	477	41	1.776e-06	{F}
sp|P42603|YGJV_ECOLI	SINGLE	1	112	128	5	5.347e-06	{C}
sp|P42619|YQJF_ECOLI	MULTIPLE	1	64	86	12	4.774e-07	{FT}
sp|P42906|AGAA_ECOLI	SINGLE	1	45	49	4	3.224e-07	{C}
sp|P43531|YNFM_ECOLI	MULTIPLE	1	315	341	14	1.430e-06	{LF}
sp|P43533|FLGN_ECOLI	SINGLE	1	74	106	9	7.133e-06	{Q}
sp|P43533|FLGN_ECOLI	WHOLE	1	1	138	20	1.755e-06	{Q}
sp|P45394|YRBG_ECOLI	MULTIPLE	1	78	90	9	8.729e-06	{IL}
sp|P45394|YRBG_ECOLI	WHOLE	1	1	325	60	9.746e-08	{L}
sp|P45468|YRAQ_ECOLI	WHOLE	1	1	346	51	5.855e-06	{A}
sp|P45537|YHFK_ECOLI	SINGLE	1	79	129	19	4.529e-08	{L}
sp|P45537|YHFK_ECOLI	SINGLE	2	148	160	5	8.382e-07	{W}
sp|P45537|YHFK_ECOLI	WHOLE	1	1	700	115	5.246e-10	{L}
sp|P45546|YHFT_ECOLI	SINGLE	1	163	173	7	1.224e-06	{V}
sp|P45570|YBCI_ECOLI	MULTIPLE	1	155	170	8	3.140e-08	{WM}
sp|P45757|GSPC_ECOLI	SINGLE	1	19	32	8	7.737e-08	{I}
sp|P45766|YHDW_ECOLI	SINGLE	1	7	30	10	5.486e-06	{A}
sp|P45771|YRDD_ECOLI	WHOLE	1	1	180	16	3.824e-08	{C}
sp|P45848|YCIQ_ECOLI	SINGLE	1	616	630	13	4.378e-14	{G}
sp|P45848|YCIQ_ECOLI	SINGLE	2	368	379	6	8.314e-06	{R}
sp|P46125|YEDI_ECOLI	SINGLE	1	175	197	9	6.525e-06	{V}
sp|P46125|YEDI_ECOLI	MULTIPLE	1	2	21	12	3.753e-06	{LD}
sp|P52133|YFJR_ECOLI	WHOLE	1	1	233	28	5.588e-06	{R}
sp|P52636|YCCM_ECOLI	MULTIPLE	1	6	32	10	2.672e-06	{RW}
sp|P52696|YBHD_ECOLI	MULTIPLE	1	255	274	10	5.002e-06	{IR}
sp|P55140|YGCG_ECOLI	SINGLE	1	264	288	14	6.645e-11	{G}
sp|P55140|YGCG_ECOLI	SINGLE	2	219	243	10	1.501e-08	{F}
sp|P55140|YGCG_ECOLI	SINGLE	3	178	194	8	9.276e-08	{F}
sp|P55140|YGCG_ECOLI	SINGLE	4	165	173	6	9.427e-06	{S}
sp|P55140|YGCG_ECOLI	MULTIPLE	1	254	288	26	8.632e-16	{GS}
sp|P56256|YSAA_ECOLI	WHOLE	1	1	157	19	1.136e-11	{C}
sp|P58041|RZOD_ECOLI	SINGLE	1	32	49	8	6.136e-07	{P}
sp|P58041|RZOD_ECOLI	SINGLE	2	1	12	5	3.342e-06	{M}
sp|P58042|RZOR_ECOLI	SINGLE	1	32	44	8	2.292e-08	{P}
sp|P58042|RZOR_ECOLI	SINGLE	2	1	12	5	3.342e-06	{M}
sp|P60632|YOHJ_ECOLI	SINGLE	1	96	125	11	1.314e-06	{V}
sp|P60632|YOHJ_ECOLI	MULTIPLE	1	26	55	15	2.821e-06	{IL}
sp|P60869|YBJL_ECOLI	SINGLE	1	8	32	11	4.612e-06	{L}
sp|P60869|YBJL_ECOLI	SINGLE	2	66	86	7	9.294e-06	{F}
sp|P60869|YBJL_ECOLI	WHOLE	1	1	561	66	2.733e-06	{G}
sp|P60872|YIDE_ECOLI	SINGLE	1	150	177	7	1.744e-06	{M}
sp|P60872|YIDE_ECOLI	SINGLE	2	18	44	10	4.313e-06	{G}
sp|P60872|YIDE_ECOLI	SINGLE	3	363	370	5	7.464e-06	{Q}
sp|P60872|YIDE_ECOLI	WHOLE	1	1	553	51	9.171e-06	{I}
sp|P60995|LPHI_ECOLI	SINGLE	1	8	14	7	2.340e-12	{H}
sp|P60995|LPHI_ECOLI	WHOLE	1	1	16	7	2.195e-08	{H}
sp|P62522|LPID_ECOLI	MULTIPLE	1	7	20	11	1.090e-08	{VI}
sp|P62723|YEIH_ECOLI	MULTIPLE	1	146	177	18	3.512e-08	{VA}
sp|P63340|YQEG_ECOLI	SINGLE	1	337	372	10	5.791e-06	{I}
sp|P63340|YQEG_ECOLI	WHOLE	1	1	409	49	8.591e-09	{I}
sp|P64429|YPFJ_ECOLI	SINGLE	1	20	37	8	8.226e-06	{G}
sp|P64545|YFGG_ECOLI	SINGLE	1	26	33	5	4.541e-06	{F}
sp|P64548|YFIR_ECOLI	SINGLE	1	7	15	7	1.656e-06	{L}
sp|P64564|YGGT_ECOLI	MULTIPLE	1	71	111	20	1.105e-07	{IL}
sp|P64585|YQJE_ECOLI	MULTIPLE	1	39	71	19	3.239e-07	{LEM}
sp|P64592|YHAI_ECOLI	SINGLE	1	42	66	11	4.612e-06	{L}
sp|P64592|YHAI_ECOLI	MULTIPLE	1	28	71	20	4.580e-07	{LI}
sp|P65290|YFGH_ECOLI	SINGLE	1	73	111	14	8.609e-08	{G}
sp|P65290|YFGH_ECOLI	MULTIPLE	1	69	111	25	3.750e-11	{GA}
sp|P67127|YGDQ_ECOLI	MULTIPLE	1	157	169	8	2.611e-06	{MV}
sp|P67143|YHGN_ECOLI	SINGLE	1	121	179	18	2.761e-06	{L}
sp|P67143|YHGN_ECOLI	SINGLE	2	175	195	6	4.184e-06	{M}
sp|P67143|YHGN_ECOLI	MULTIPLE	1	121	195	27	1.826e-08	{LM}
sp|P67143|YHGN_ECOLI	WHOLE	1	1	197	39	2.442e-06	{L}
sp|P71238|WCAD_ECOLI	WHOLE	1	1	405	46	1.089e-07	{I}
sp|P71238|WCAD_ECOLI	WHOLE	2	1	405	35	8.071e-06	{F}
sp|P71244|WCAM_ECOLI	WHOLE	1	1	464	44	7.317e-07	{N}
sp|P71244|WCAM_ECOLI	WHOLE	2	1	464	47	1.863e-06	{I}
sp|P75697|YAIX_ECOLI	WHOLE	1	1	230	28	7.335e-06	{I}
sp|P75719|RZPD_ECOLI	SINGLE	1	7	16	6	2.463e-06	{I}
sp|P75747|ABRB_ECOLI	WHOLE	1	1	348	63	9.952e-08	{L}
sp|P75750|YBGQ_ECOLI	SINGLE	1	628	640	8	6.465e-07	{S}
sp|P75750|YBGQ_ECOLI	WHOLE	1	1	815	92	7.053e-06	{S}
sp|P75763|YBHI_ECOLI	SINGLE	1	445	474	6	4.532e-06	{W}
sp|P75764|YBHJ_ECOLI	SINGLE	1	140	167	10	6.265e-06	{G}
sp|P75764|YBHJ_ECOLI	MULTIPLE	1	134	167	15	4.811e-08	{GM}
sp|P75767|GNGF_ECOLI	SINGLE	1	16	61	13	5.060e-06	{G}
sp|P75767|GNGF_ECOLI	MULTIPLE	1	16	57	24	2.643e-08	{GSR}
sp|P75770|YBHN_ECOLI	SINGLE	1	23	60	12	2.641e-06	{V}
sp|P75788|YBIR_ECOLI	MULTIPLE	1	172	181	8	6.627e-07	{LC}
sp|P75788|YBIR_ECOLI	WHOLE	1	1	372	74	1.399e-10	{L}
sp|P75828|YBJD_ECOLI	SINGLE	1	229	263	11	3.912e-07	{R}
sp|P75828|YBJD_ECOLI	SINGLE	2	148	169	8	4.458e-06	{R}
sp|P75828|YBJD_ECOLI	WHOLE	1	1	552	64	7.331e-11	{R}
sp|P75835|YCAM_ECOLI	MULTIPLE	1	181	208	15	4.023e-08	{TI}
sp|P75835|YCAM_ECOLI	MULTIPLE	2	23	45	11	7.999e-06	{NV}
sp|P75870|YCCS_ECOLI	MULTIPLE	1	200	238	17	5.581e-06	{RL}
sp|P75870|YCCS_ECOLI	WHOLE	1	1	717	114	3.914e-09	{L}
sp|P75885|GFCA_ECOLI	SINGLE	1	26	52	18	4.829e-16	{T}
sp|P75885|GFCA_ECOLI	SINGLE	2	93	100	6	1.399e-06	{T}
sp|P75885|GFCA_ECOLI	MULTIPLE	1	55	82	19	1.597e-10	{AV}
sp|P75885|GFCA_ECOLI	WHOLE	1	1	101	30	2.621e-13	{T}
sp|P75936|FLGD_ECOLI	SINGLE	1	6	18	7	4.116e-06	{T}
sp|P75936|FLGD_ECOLI	MULTIPLE	1	6	37	17	9.570e-08	{TS}
sp|P75936|FLGD_ECOLI	WHOLE	1	1	231	36	2.367e-07	{T}
sp|P75937|FLGE_ECOLI	WHOLE	1	1	402	48	2.093e-10	{N}
sp|P75955|YCFT_ECOLI	SINGLE	1	79	111	6	8.081e-06	{W}
sp|P75955|YCFT_ECOLI	WHOLE	1	1	357	58	8.359e-06	{L}
sp|P75961|YCFZ_ECOLI	SINGLE	1	7	16	7	5.011e-06	{L}
sp|P76011|YMGE_ECOLI	SINGLE	1	3	20	8	9.209e-07	{I}
sp|P76011|YMGE_ECOLI	SINGLE	2	23	58	12	1.740e-06	{G}
sp|P76072|STFR_ECOLI	SINGLE	1	114	461	132	2.218e-55	{A}
sp|P76072|STFR_ECOLI	SINGLE	2	349	410	21	8.900e-10	{S}
sp|P76072|STFR_ECOLI	SINGLE	3	283	335	17	8.399e-08	{S}
sp|P76072|STFR_ECOLI	SINGLE	4	151	200	16	2.062e-07	{S}
sp|P76072|STFR_ECOLI	SINGLE	5	248	263	9	3.567e-07	{S}
sp|P76072|STFR_ECOLI	SINGLE	6	1060	1094	8	6.620e-07	{H}
sp|P76072|STFR_ECOLI	MULTIPLE	1	117	464	259	1.483e-99	{AST}
sp|P76072|STFR_ECOLI	MULTIPLE	2	1053	1094	18	2.910e-08	{HA}
sp|P76072|STFR_ECOLI	MULTIPLE	3	974	1024	30	1.987e-12	{TSH}
sp|P76072|STFR_ECOLI	WHOLE	1	1	1120	222	2.335e-37	{A}
sp|P76072|STFR_ECOLI	WHOLE	2	1	1120	156	2.489e-15	{S}
sp|P76072|STFR_ECOLI	WHOLE	3	1	1120	106	5.473e-06	{T}
sp|P76090|YNBA_ECOLI	SINGLE	1	33	75	17	8.299e-08	{L}
sp|P76090|YNBA_ECOLI	WHOLE	1	1	201	44	3.408e-08	{L}
sp|P76093|YNBD_ECOLI	SINGLE	1	226	231	4	3.242e-06	{M}
sp|P76093|YNBD_ECOLI	SINGLE	2	235	242	4	3.249e-06	{W}
sp|P76093|YNBD_ECOLI	WHOLE	1	1	430	21	2.239e-06	{W}
sp|P76103|YDCO_ECOLI	SINGLE	1	171	182	6	9.795e-06	{I}
sp|P76103|YDCO_ECOLI	MULTIPLE	1	163	193	20	3.970e-08	{IVA}
sp|P76103|YDCO_ECOLI	WHOLE	1	1	391	64	1.165e-08	{A}
sp|P76116|YNCE_ECOLI	MULTIPLE	1	6	27	14	7.828e-07	{LS}
sp|P76137|YDET_ECOLI	WHOLE	1	1	382	36	7.337e-06	{N}
sp|P76164|YDFW_ECOLI	MULTIPLE	1	34	48	12	8.581e-10	{KP}
sp|P76172|YNFD_ECOLI	MULTIPLE	1	8	22	12	1.557e-07	{AL}
sp|P76180|YDGK_ECOLI	SINGLE	1	13	33	11	5.369e-07	{L}
sp|P76185|YDHJ_ECOLI	MULTIPLE	1	130	151	13	1.988e-07	{QA}
sp|P76186|YDHK_ECOLI	SINGLE	1	409	456	17	5.162e-07	{L}
sp|P76186|YDHK_ECOLI	SINGLE	2	164	168	4	1.105e-06	{M}
sp|P76186|YDHK_ECOLI	SINGLE	3	517	528	6	8.314e-06	{R}
sp|P76186|YDHK_ECOLI	MULTIPLE	1	406	456	24	3.432e-09	{LF}
sp|P76186|YDHK_ECOLI	WHOLE	1	1	670	103	9.973e-08	{L}
sp|P76197|YDIM_ECOLI	MULTIPLE	1	74	111	16	8.062e-07	{FMI}
sp|P76198|YDIN_ECOLI	SINGLE	1	355	398	11	6.046e-06	{I}
sp|P76198|YDIN_ECOLI	WHOLE	1	1	421	42	8.538e-06	{I}
sp|P76219|YDJX_ECOLI	SINGLE	1	50	109	20	1.666e-07	{L}
sp|P76219|YDJX_ECOLI	MULTIPLE	1	50	109	27	6.533e-09	{LI}
sp|P76219|YDJX_ECOLI	WHOLE	1	1	236	49	3.512e-08	{L}
sp|P76221|YDJZ_ECOLI	SINGLE	1	1	5	4	1.105e-06	{M}
sp|P76226|YNJF_ECOLI	SINGLE	1	41	71	12	8.292e-06	{L}
sp|P76226|YNJF_ECOLI	MULTIPLE	1	41	77	17	2.352e-06	{LR}
sp|P76226|YNJF_ECOLI	MULTIPLE	2	170	194	10	2.997e-07	{WF}
sp|P76226|YNJF_ECOLI	WHOLE	1	1	206	40	2.993e-06	{L}
sp|P76230|YDJK_ECOLI	SINGLE	1	430	441	6	9.795e-06	{I}
sp|P76230|YDJK_ECOLI	WHOLE	1	1	459	45	6.642e-06	{I}
sp|P76235|YEAH_ECOLI	SINGLE	1	93	103	8	5.014e-08	{G}
sp|P76235|YEAH_ECOLI	MULTIPLE	1	92	112	15	1.069e-10	{GQ}
sp|P76269|YEBQ_ECOLI	SINGLE	1	239	244	5	6.460e-06	{V}
sp|P76269|YEBQ_ECOLI	WHOLE	1	1	457	74	7.348e-07	{L}
sp|P76323|INTG_ECOLI	SINGLE	1	68	90	8	1.797e-08	{H}
sp|P76356|YOEA_ECOLI	MULTIPLE	1	13	50	17	2.052e-06	{TS}
sp|P76361|YEER_ECOLI	SINGLE	1	8	46	14	4.205e-06	{L}
sp|P76361|YEER_ECOLI	MULTIPLE	1	165	183	11	6.373e-07	{WL}
sp|P76389|YEGH_ECOLI	SINGLE	1	51	62	8	1.727e-06	{L}
sp|P76389|YEGH_ECOLI	SINGLE	2	76	99	8	2.122e-06	{F}
sp|P76417|YEGT_ECOLI	SINGLE	1	211	231	8	6.618e-07	{F}
sp|P76417|YEGT_ECOLI	SINGLE	2	15	28	5	1.284e-06	{W}
sp|P76417|YEGT_ECOLI	WHOLE	1	1	425	44	4.782e-09	{F}
sp|P76460|ATOE_ECOLI	WHOLE	1	1	440	27	1.472e-06	{M}
sp|P76471|YFAZ_ECOLI	SINGLE	1	59	108	14	2.517e-06	{G}
sp|P76471|YFAZ_ECOLI	WHOLE	1	1	180	31	6.836e-07	{G}
sp|P76482|YFBL_ECOLI	MULTIPLE	1	4	21	11	4.289e-08	{IF}
sp|P76520|YFDX_ECOLI	SINGLE	1	30	40	8	1.785e-09	{Q}
sp|P76538|YFEZ_ECOLI	SINGLE	1	17	29	8	4.077e-06	{L}
sp|P76538|YFEZ_ECOLI	MULTIPLE	1	88	111	13	1.713e-07	{LW}
sp|P76538|YFEZ_ECOLI	WHOLE	1	1	149	32	3.155e-06	{L}
sp|P76573|YFGI_ECOLI	SINGLE	1	63	93	14	2.194e-08	{A}
sp|P76573|YFGI_ECOLI	MULTIPLE	1	23	60	17	1.005e-07	{QE}
sp|P76616|YGAQ_ECOLI	SINGLE	1	547	565	7	8.205e-06	{N}
sp|P76616|YGAQ_ECOLI	MULTIPLE	1	533	560	15	6.326e-06	{NIS}
sp|P76616|YGAQ_ECOLI	MULTIPLE	2	693	713	11	5.607e-07	{IN}
sp|P76616|YGAQ_ECOLI	WHOLE	1	1	750	66	2.778e-06	{I}
sp|P76628|YGAY_ECOLI	SINGLE	1	284	289	6	6.064e-07	{L}
sp|P76628|YGAY_ECOLI	MULTIPLE	1	254	271	13	4.781e-08	{GA}
sp|P76628|YGAY_ECOLI	WHOLE	1	1	394	67	4.140e-07	{L}
sp|P76630|YGAZ_ECOLI	MULTIPLE	1	136	152	9	3.352e-06	{WS}
sp|P76639|YGEH_ECOLI	WHOLE	1	1	458	46	2.946e-06	{I}
sp|P76656|YQII_ECOLI	SINGLE	1	313	321	6	9.427e-06	{S}
sp|P76656|YQII_ECOLI	MULTIPLE	1	305	321	11	1.961e-07	{SF}
sp|P76657|YQIJ_ECOLI	MULTIPLE	1	19	88	24	3.010e-07	{LH}
sp|P77031|YQCE_ECOLI	WHOLE	1	1	425	46	4.148e-07	{I}
sp|P77187|YAHF_ECOLI	SINGLE	1	178	233	15	2.052e-06	{G}
sp|P77199|YAIT_ECOLI	MULTIPLE	1	904	919	11	2.250e-08	{DN}
sp|P77199|YAIT_ECOLI	MULTIPLE	2	57	79	10	4.538e-06	{NY}
sp|P77199|YAIT_ECOLI	MULTIPLE	3	703	738	15	1.881e-06	{GN}
sp|P77199|YAIT_ECOLI	WHOLE	1	1	968	106	4.098e-18	{N}
sp|P77199|YAIT_ECOLI	WHOLE	2	1	968	112	2.494e-13	{D}
sp|P77263|ECPE_ECOLI	SINGLE	1	107	129	8	6.507e-06	{R}
sp|P77263|ECPE_ECOLI	MULTIPLE	1	98	129	13	8.406e-07	{RY}
sp|P77309|YNEJ_ECOLI	SINGLE	1	251	266	5	2.719e-06	{W}
sp|P77328|YBBY_ECOLI	SINGLE	1	380	422	16	5.157e-07	{L}
sp|P77328|YBBY_ECOLI	SINGLE	2	15	22	5	4.541e-06	{F}
sp|P77328|YBBY_ECOLI	WHOLE	1	1	433	73	1.925e-07	{L}
sp|P77337|YDIS_ECOLI	SINGLE	1	320	346	11	2.429e-06	{A}
sp|P77337|YDIS_ECOLI	MULTIPLE	1	8	33	14	2.324e-06	{AV}
sp|P77360|YPHC_ECOLI	SINGLE	1	188	192	4	1.105e-06	{M}
sp|P77378|YDIR_ECOLI	SINGLE	1	25	42	7	5.580e-06	{Q}
sp|P77381|DJLB_ECOLI	SINGLE	1	453	470	8	9.209e-07	{I}
sp|P77381|DJLB_ECOLI	SINGLE	2	142	154	7	5.621e-06	{E}
sp|P77389|YDHP_ECOLI	MULTIPLE	1	332	354	14	3.532e-07	{AG}
sp|P77389|YDHP_ECOLI	WHOLE	1	1	389	55	8.848e-06	{A}
sp|P77423|HYFH_ECOLI	SINGLE	1	40	50	5	4.398e-07	{C}
sp|P77423|HYFH_ECOLI	MULTIPLE	1	40	54	11	4.870e-09	{CA}
sp|P77423|HYFH_ECOLI	WHOLE	1	1	181	13	6.942e-06	{C}
sp|P77504|YBBP_ECOLI	SINGLE	1	392	447	20	4.594e-08	{L}
sp|P77504|YBBP_ECOLI	SINGLE	2	244	254	8	6.339e-07	{L}
sp|P77504|YBBP_ECOLI	SINGLE	3	446	478	13	2.814e-06	{L}
sp|P77504|YBBP_ECOLI	SINGLE	4	386	391	5	6.460e-06	{V}
sp|P77504|YBBP_ECOLI	MULTIPLE	1	323	339	8	2.844e-06	{WP}
sp|P77504|YBBP_ECOLI	WHOLE	1	1	804	142	2.949e-14	{L}
sp|P77515|STFQ_ECOLI	SINGLE	1	260	294	8	6.620e-07	{H}
sp|P77515|STFQ_ECOLI	MULTIPLE	1	259	294	16	9.133e-08	{HA}
sp|P77515|STFQ_ECOLI	MULTIPLE	2	161	213	29	5.220e-11	{TSH}
sp|P77539|YDJL_ECOLI	SINGLE	1	92	106	5	2.680e-06	{C}
sp|P77539|YDJL_ECOLI	SINGLE	2	200	235	11	9.658e-06	{V}
sp|P77552|YDHQ_ECOLI	WHOLE	1	1	418	63	7.529e-10	{G}
sp|P77624|ARCM_ECOLI	SINGLE	1	191	196	5	7.177e-06	{G}
sp|P77634|YBCM_ECOLI	SINGLE	1	17	23	4	7.399e-06	{H}
sp|P77717|YBAY_ECOLI	SINGLE	1	7	33	11	2.429e-06	{A}
sp|P77726|YAJR_ECOLI	SINGLE	1	334	374	12	7.794e-06	{G}
sp|P77730|YDCR_ECOLI	SINGLE	1	358	377	8	1.937e-06	{R}
sp|P77779|YBFO_ECOLI	SINGLE	1	341	364	8	7.741e-06	{P}
sp|P77779|YBFO_ECOLI	SINGLE	2	77	88	6	8.314e-06	{R}
sp|P77802|ECPC_ECOLI	SINGLE	1	440	451	7	5.518e-06	{S}
sp|P77802|ECPC_ECOLI	SINGLE	2	167	199	9	6.876e-06	{N}
sp|P77802|ECPC_ECOLI	SINGLE	3	504	524	7	7.349e-06	{Y}
sp|P77802|ECPC_ECOLI	MULTIPLE	1	156	199	20	1.582e-08	{NS}
sp|P77802|ECPC_ECOLI	WHOLE	1	1	841	90	2.951e-06	{G}
sp|Q2EET2|YPFN_ECOLI	SINGLE	1	47	57	7	4.312e-07	{D}
sp|Q2M5U1|YTJA_ECOLI	SINGLE	1	12	31	9	7.656e-06	{A}
sp|Q2M5U1|YTJA_ECOLI	MULTIPLE	1	15	31	13	1.553e-08	{AG}
sp|Q46812|SSNA_ECOLI	MULTIPLE	1	285	300	9	1.461e-07	{NH}
sp|Q46819|YGFS_ECOLI	WHOLE	1	1	162	16	8.762e-09	{C}
sp|Q46844|YGHT_ECOLI	SINGLE	1	92	106	7	2.514e-06	{R}
sp|Q46861|YGIQ_ECOLI	SINGLE	1	245	286	11	2.239e-06	{P}
sp|Q46888|LTND_ECOLI	SINGLE	1	190	202	8	1.221e-06	{A}
sp|Q46888|LTND_ECOLI	WHOLE	1	1	302	53	1.866e-08	{A}
sp|Q46889|OTNK_ECOLI	MULTIPLE	1	314	336	13	4.015e-07	{QA}
sp|Q46892|YGBN_ECOLI	SINGLE	1	6	41	13	8.491e-06	{L}
sp|Q46892|YGBN_ECOLI	MULTIPLE	1	316	337	13	4.788e-07	{VG}
sp|Q46892|YGBN_ECOLI	WHOLE	1	1	454	46	2.345e-06	{I}
sp|Q46909|YGCS_ECOLI	SINGLE	1	279	343	24	1.027e-09	{L}
sp|Q46909|YGCS_ECOLI	MULTIPLE	1	401	416	11	2.639e-06	{LV}
sp|Q46909|YGCS_ECOLI	WHOLE	1	1	445	80	3.407e-09	{L}
sp|Q47154|LAFU_ECOLI	SINGLE	1	113	120	5	7.298e-06	{N}
sp|Q47536|YAIP_ECOLI	SINGLE	1	224	269	11	7.292e-06	{R}
sp|Q47536|YAIP_ECOLI	MULTIPLE	1	224	269	14	4.468e-07	{RW}
sp|Q47688|YKFC_ECOLI	WHOLE	1	1	381	41	9.320e-07	{R}
sp|A5A607|YLCI_ECOLI	MULTIPLE	1	3	16	10	1.615e-07	{RT}
sp|A5A611|YMGI_ECOLI	SINGLE	1	8	57	14	7.614e-08	{I}
sp|A5A611|YMGI_ECOLI	WHOLE	1	1	57	14	4.385e-07	{I}
sp|A5A613|YCIY_ECOLI	SINGLE	1	3	39	12	7.922e-08	{R}
sp|A5A613|YCIY_ECOLI	WHOLE	1	1	57	13	1.973e-06	{R}
sp|P02338|PRTL_ECOLI	SINGLE	1	10	29	8	1.937e-06	{R}
sp|P02338|PRTL_ECOLI	WHOLE	1	1	29	9	4.981e-06	{R}
sp|P08370|YGDB_ECOLI	SINGLE	1	10	24	9	1.324e-06	{L}
sp|P0A8K5|YAEP_ECOLI	SINGLE	1	38	56	9	4.569e-06	{A}
sp|P0A8L5|YCGN_ECOLI	SINGLE	1	29	78	8	1.171e-06	{C}
sp|P0AAL9|YKGJ_ECOLI	SINGLE	1	7	14	4	4.301e-06	{C}
sp|P0AAL9|YKGJ_ECOLI	WHOLE	1	1	109	10	9.505e-06	{C}
sp|P0AAT9|YBEL_ECOLI	MULTIPLE	1	110	150	10	2.022e-06	{HC}
sp|P0AAU5|YBFB_ECOLI	SINGLE	1	50	106	15	6.517e-08	{I}
sp|P0AAU5|YBFB_ECOLI	WHOLE	1	1	108	20	2.470e-07	{I}
sp|P0AAV6|YBGS_ECOLI	SINGLE	1	13	54	15	2.829e-07	{A}
sp|P0AAV6|YBGS_ECOLI	SINGLE	2	52	64	6	8.081e-06	{N}
sp|P0AAV6|YBGS_ECOLI	MULTIPLE	1	18	64	23	6.347e-10	{AN}
sp|P0AAY4|YBJH_ECOLI	SINGLE	1	25	59	14	1.333e-08	{V}
sp|P0AD74|LPF2_ECOLI	SINGLE	1	6	12	5	1.772e-06	{F}
sp|P0ADK0|YIAF_ECOLI	WHOLE	1	1	236	29	3.692e-07	{Q}
sp|P0AFT8|YEIW_ECOLI	SINGLE	1	3	11	4	7.618e-06	{C}
sp|P0DPN0|YAHV_ECOLI	SINGLE	1	11	23	7	8.968e-07	{I}
sp|P0DPO0|YMGM_ECOLI	MULTIPLE	1	28	53	10	1.364e-06	{FH}
sp|P0DPO1|YMIC_ECOLI	MULTIPLE	1	1	27	8	3.591e-06	{WM}
sp|P0DPO3|YNAL_ECOLI	SINGLE	1	10	41	16	1.431e-13	{P}
sp|P0DPO3|YNAL_ECOLI	WHOLE	1	1	57	16	4.170e-09	{P}
sp|P0DPO4|YNAM_ECOLI	SINGLE	1	4	28	9	1.565e-06	{I}
sp|P0DPP6|YQHI_ECOLI	SINGLE	1	16	20	4	9.720e-06	{Y}
sp|P11864|YHAC_ECOLI	MULTIPLE	1	109	142	14	6.622e-07	{NI}
sp|P11864|YHAC_ECOLI	WHOLE	1	1	395	39	1.118e-06	{N}
sp|P11864|YHAC_ECOLI	WHOLE	2	1	395	40	9.632e-06	{I}
sp|P20343|CYSX_ECOLI	MULTIPLE	1	35	69	16	2.013e-07	{TR}
sp|P20343|CYSX_ECOLI	MULTIPLE	2	1	9	6	7.754e-06	{HR}
sp|P27842|YIGF_ECOLI	MULTIPLE	1	76	99	13	4.182e-06	{LI}
sp|P32108|YIBI_ECOLI	MULTIPLE	1	12	45	15	8.667e-07	{IFH}
sp|P32151|YIIG_ECOLI	SINGLE	1	33	66	10	2.053e-06	{P}
sp|P32151|YIIG_ECOLI	MULTIPLE	1	33	66	20	1.889e-10	{PA}
sp|P32680|YJAG_ECOLI	SINGLE	1	138	173	11	9.797e-06	{E}
sp|P32688|YJBG_ECOLI	SINGLE	1	67	99	12	3.445e-06	{A}
sp|P32688|YJBG_ECOLI	MULTIPLE	1	67	106	20	5.225e-09	{AQ}
sp|P32704|YJCF_ECOLI	SINGLE	1	328	345	8	3.354e-07	{N}
sp|P32704|YJCF_ECOLI	WHOLE	1	1	430	51	7.624e-11	{N}
sp|P33346|YEHI_ECOLI	WHOLE	1	1	1210	161	6.337e-07	{L}
sp|P33347|YEHK_ECOLI	MULTIPLE	1	41	81	15	6.205e-06	{RD}
sp|P33352|YEHP_ECOLI	SINGLE	1	163	168	5	1.440e-06	{R}
sp|P33669|YBBD_ECOLI	SINGLE	1	12	21	7	7.299e-08	{I}
sp|P36661|YCCE_ECOLI	SINGLE	1	58	75	8	7.119e-06	{E}
sp|P36682|YACH_ECOLI	SINGLE	1	308	325	9	4.433e-11	{H}
sp|P36682|YACH_ECOLI	SINGLE	2	500	572	19	1.806e-10	{Q}
sp|P36682|YACH_ECOLI	SINGLE	3	302	317	9	3.892e-08	{D}
sp|P36682|YACH_ECOLI	SINGLE	4	453	490	11	3.653e-07	{Q}
sp|P36682|YACH_ECOLI	SINGLE	5	334	368	10	1.350e-06	{N}
sp|P36682|YACH_ECOLI	SINGLE	6	265	276	6	7.194e-06	{P}
sp|P36682|YACH_ECOLI	MULTIPLE	1	302	327	20	8.454e-18	{HD}
sp|P36682|YACH_ECOLI	MULTIPLE	2	474	585	48	3.307e-21	{QR}
sp|P36682|YACH_ECOLI	WHOLE	1	1	617	66	1.861e-11	{Q}
sp|P37052|YCHJ_ECOLI	MULTIPLE	1	138	150	8	1.152e-06	{CK}
sp|P37627|YHIJ_ECOLI	SINGLE	1	103	145	12	1.608e-07	{N}
sp|P37627|YHIJ_ECOLI	MULTIPLE	1	236	271	14	1.487e-06	{NI}
sp|P37627|YHIJ_ECOLI	WHOLE	1	1	540	50	2.920e-07	{N}
sp|P37627|YHIJ_ECOLI	WHOLE	2	1	540	51	4.987e-06	{I}
sp|P37635|YHIS_ECOLI	SINGLE	1	113	156	11	6.046e-06	{I}
sp|P37635|YHIS_ECOLI	MULTIPLE	1	113	156	16	7.793e-07	{IN}
sp|P37691|YIBQ_ECOLI	MULTIPLE	1	248	275	13	1.931e-06	{PK}
sp|P39293|YJFK_ECOLI	SINGLE	1	89	95	5	9.952e-06	{D}
sp|P39295|YJFM_ECOLI	SINGLE	1	152	205	17	1.137e-07	{S}
sp|P39390|YJIS_ECOLI	SINGLE	1	23	50	9	3.608e-06	{R}
sp|P39390|YJIS_ECOLI	MULTIPLE	1	17	50	15	7.576e-08	{RQ}
sp|P42598|YGJQ_ECOLI	MULTIPLE	1	2	27	14	1.741e-06	{LR}
sp|P45545|YHFS_ECOLI	SINGLE	1	60	85	11	1.562e-06	{A}
sp|P45736|YCJD_ECOLI	SINGLE	1	10	39	10	7.159e-07	{R}
sp|P45804|YHGE_ECOLI	SINGLE	1	213	264	17	1.814e-06	{L}
sp|P45804|YHGE_ECOLI	SINGLE	2	143	168	11	7.259e-06	{L}
sp|P45804|YHGE_ECOLI	MULTIPLE	1	347	368	15	4.440e-08	{LV}
sp|P45804|YHGE_ECOLI	WHOLE	1	1	574	102	6.308e-11	{L}
sp|P46144|YEDJ_ECOLI	SINGLE	1	17	29	5	5.312e-06	{H}
sp|P46144|YEDJ_ECOLI	MULTIPLE	1	4	29	11	2.505e-07	{HQ}
sp|P46144|YEDJ_ECOLI	MULTIPLE	2	77	106	17	4.663e-06	{EAR}
sp|P46855|YHHZ_ECOLI	SINGLE	1	260	268	6	1.036e-06	{I}
sp|P46855|YHHZ_ECOLI	WHOLE	1	1	392	37	5.427e-06	{N}
sp|P46879|YQGD_ECOLI	SINGLE	1	35	43	5	9.817e-06	{F}
sp|P46890|YBAE_ECOLI	MULTIPLE	1	186	219	14	7.591e-06	{LH}
sp|P46890|YBAE_ECOLI	WHOLE	1	1	566	84	4.524e-06	{L}
sp|P52124|YFJI_ECOLI	SINGLE	1	442	464	8	8.015e-06	{I}
sp|P52124|YFJI_ECOLI	MULTIPLE	1	290	304	9	1.373e-06	{IN}
sp|P52132|YFJQ_ECOLI	SINGLE	1	71	89	8	1.221e-06	{R}
sp|P52132|YFJQ_ECOLI	WHOLE	1	1	273	31	5.869e-06	{R}
sp|P52134|YPJK_ECOLI	SINGLE	1	4	15	8	1.411e-08	{I}
sp|P52138|YFJW_ECOLI	SINGLE	1	157	184	10	4.480e-07	{I}
sp|P52138|YFJW_ECOLI	SINGLE	2	14	48	9	5.346e-06	{F}
sp|P52138|YFJW_ECOLI	MULTIPLE	1	9	48	15	6.257e-07	{FI}
sp|P52138|YFJW_ECOLI	MULTIPLE	2	118	155	19	6.809e-08	{LN}
sp|P52138|YFJW_ECOLI	WHOLE	1	1	567	67	3.986e-11	{I}
sp|P58095|YPJI_ECOLI	SINGLE	1	7	11	2	2.496e-06	{X}
sp|P64471|YDHI_ECOLI	SINGLE	1	23	34	6	2.599e-06	{F}
sp|P64474|YDHL_ECOLI	MULTIPLE	1	14	36	10	5.504e-07	{CR}
sp|P64485|YEAQ_ECOLI	SINGLE	1	10	61	14	4.138e-06	{G}
sp|P64485|YEAQ_ECOLI	MULTIPLE	1	2	63	32	3.373e-11	{GFI}
sp|P64499|YEBO_ECOLI	SINGLE	1	16	21	5	6.460e-06	{V}
sp|P64542|YPEC_ECOLI	SINGLE	1	50	107	15	5.781e-08	{R}
sp|P64542|YPEC_ECOLI	SINGLE	2	44	77	7	5.848e-07	{W}
sp|P64542|YPEC_ECOLI	MULTIPLE	1	44	107	23	2.316e-12	{RW}
sp|P64622|YHDV_ECOLI	SINGLE	1	51	62	7	9.586e-06	{A}
sp|P75616|YAAX_ECOLI	SINGLE	1	50	97	13	2.240e-11	{H}
sp|P75616|YAAX_ECOLI	SINGLE	2	73	77	5	2.221e-07	{P}
sp|P75616|YAAX_ECOLI	SINGLE	3	46	68	6	8.558e-07	{W}
sp|P75616|YAAX_ECOLI	MULTIPLE	1	69	97	22	4.039e-14	{HPG}
sp|P75616|YAAX_ECOLI	WHOLE	1	1	98	13	2.070e-07	{H}
sp|P75769|YBHM_ECOLI	WHOLE	1	1	237	29	4.689e-06	{I}
sp|P75910|YCDU_ECOLI	SINGLE	1	101	137	14	2.064e-06	{L}
sp|P75910|YCDU_ECOLI	SINGLE	2	218	251	9	4.134e-06	{F}
sp|P75910|YCDU_ECOLI	MULTIPLE	1	302	326	9	8.614e-06	{MF}
sp|P75910|YCDU_ECOLI	WHOLE	1	1	328	34	2.194e-07	{F}
sp|P75910|YCDU_ECOLI	WHOLE	2	1	328	55	5.624e-06	{L}
sp|P75968|YMFE_ECOLI	SINGLE	1	147	204	14	3.424e-08	{F}
sp|P75968|YMFE_ECOLI	MULTIPLE	1	154	204	23	8.648e-12	{FI}
sp|P75988|YCGX_ECOLI	MULTIPLE	1	29	49	12	2.868e-07	{HYI}
sp|P76001|YCGJ_ECOLI	SINGLE	1	1	21	6	4.184e-06	{M}
sp|P76012|YCGY_ECOLI	MULTIPLE	1	54	62	7	3.828e-06	{EF}
sp|P76118|YNCH_ECOLI	SINGLE	1	45	51	4	7.399e-06	{M}
sp|P76122|YDDJ_ECOLI	SINGLE	1	64	89	8	8.418e-06	{N}
sp|P76123|YDDK_ECOLI	SINGLE	1	225	275	13	1.581e-07	{N}
sp|P76123|YDDK_ECOLI	SINGLE	2	217	248	13	1.878e-06	{L}
sp|P76123|YDDK_ECOLI	SINGLE	3	19	48	9	2.912e-06	{N}
sp|P76123|YDDK_ECOLI	MULTIPLE	1	213	282	33	9.549e-12	{NL}
sp|P76123|YDDK_ECOLI	MULTIPLE	2	8	48	14	1.354e-07	{NH}
sp|P76123|YDDK_ECOLI	WHOLE	1	1	318	51	6.952e-16	{N}
sp|P76150|YNEK_ECOLI	SINGLE	1	337	368	9	9.864e-06	{P}
sp|P76150|YNEK_ECOLI	MULTIPLE	1	161	185	10	2.564e-06	{HP}
sp|P76158|RZPQ_ECOLI	WHOLE	1	1	165	30	8.376e-06	{A}
sp|P76162|YDFU_ECOLI	SINGLE	1	287	318	7	4.540e-06	{H}
sp|P76196|YDIL_ECOLI	MULTIPLE	1	65	76	8	1.785e-06	{NI}
sp|P76206|YDIY_ECOLI	MULTIPLE	1	64	81	9	2.225e-06	{TW}
sp|P76227|YNJH_ECOLI	MULTIPLE	1	40	54	8	6.414e-07	{CQ}
sp|P76418|YEGU_ECOLI	WHOLE	1	1	334	53	4.670e-07	{A}
sp|P76481|YFBK_ECOLI	SINGLE	1	22	81	17	3.816e-10	{Q}
sp|P76481|YFBK_ECOLI	SINGLE	2	43	103	20	1.689e-08	{A}
sp|P76481|YFBK_ECOLI	MULTIPLE	1	29	94	34	8.749e-15	{QA}
sp|P76485|YFBO_ECOLI	MULTIPLE	1	98	139	15	3.597e-07	{WE}
sp|P76505|YFDF_ECOLI	SINGLE	1	8	38	9	3.925e-06	{N}
sp|P76505|YFDF_ECOLI	MULTIPLE	1	54	102	17	7.618e-07	{IN}
sp|P76505|YFDF_ECOLI	WHOLE	1	1	352	35	3.142e-06	{N}
sp|P76507|YFDI_ECOLI	SINGLE	1	337	378	11	3.734e-06	{I}
sp|P76507|YFDI_ECOLI	SINGLE	2	66	79	6	6.340e-06	{Y}
sp|P76507|YFDI_ECOLI	MULTIPLE	1	343	373	14	9.784e-08	{IF}
sp|P76507|YFDI_ECOLI	WHOLE	1	1	443	44	1.595e-08	{F}
sp|P76507|YFDI_ECOLI	WHOLE	2	1	443	50	4.003e-08	{I}
sp|P76510|YFDN_ECOLI	WHOLE	1	1	164	23	2.941e-06	{R}
sp|P76515|YFDS_ECOLI	SINGLE	1	73	94	6	6.422e-07	{W}
sp|P76543|YFFL_ECOLI	MULTIPLE	1	71	90	12	1.114e-08	{HE}
sp|P76546|YFFO_ECOLI	SINGLE	1	52	79	7	1.744e-06	{M}
sp|P76546|YFFO_ECOLI	SINGLE	2	112	123	7	9.586e-06	{A}
sp|P76546|YFFO_ECOLI	MULTIPLE	1	52	83	11	9.573e-09	{MW}
sp|P76550|YFFS_ECOLI	SINGLE	1	135	163	10	7.520e-06	{E}
sp|P76550|YFFS_ECOLI	MULTIPLE	1	118	163	23	9.335e-09	{EA}
sp|P76559|YPFG_ECOLI	SINGLE	1	172	194	8	5.413e-06	{P}
sp|P76575|YFGJ_ECOLI	SINGLE	1	5	54	8	1.171e-06	{C}
sp|P76585|YPHG_ECOLI	WHOLE	1	1	1093	124	9.973e-06	{A}
sp|P76612|YPJB_ECOLI	SINGLE	1	225	242	9	1.475e-07	{D}
sp|P76612|YPJB_ECOLI	SINGLE	2	237	261	10	4.038e-06	{S}
sp|P76612|YPJB_ECOLI	MULTIPLE	1	225	261	24	1.498e-09	{DSV}
sp|P76613|YPJC_ECOLI	SINGLE	1	90	102	6	8.081e-06	{N}
sp|P76692|YZGL_ECOLI	MULTIPLE	1	36	67	15	7.586e-06	{LI}
sp|P77136|YQEK_ECOLI	MULTIPLE	1	53	69	11	1.454e-07	{NV}
sp|P77148|YDHS_ECOLI	MULTIPLE	1	508	530	12	5.045e-06	{RA}
sp|P77180|YKGH_ECOLI	MULTIPLE	1	1	35	12	2.553e-06	{IM}
sp|P77221|YAHG_ECOLI	MULTIPLE	1	289	299	8	1.221e-06	{AM}
sp|P77286|YDEU_ECOLI	SINGLE	1	120	143	8	7.741e-06	{P}
sp|P77286|YDEU_ECOLI	WHOLE	1	1	466	62	9.879e-08	{G}
sp|P77286|YDEU_ECOLI	WHOLE	2	1	466	43	1.905e-06	{N}
sp|P77393|YAHL_ECOLI	SINGLE	1	52	82	10	3.767e-06	{D}
sp|P77393|YAHL_ECOLI	MULTIPLE	1	50	82	14	4.823e-07	{DY}
sp|P77427|YBEU_ECOLI	MULTIPLE	1	148	171	10	4.621e-07	{HY}
sp|P77506|YBDJ_ECOLI	SINGLE	1	5	62	20	8.905e-08	{L}
sp|P77506|YBDJ_ECOLI	WHOLE	1	1	82	22	2.480e-06	{L}
sp|P77658|YNAA_ECOLI	SINGLE	1	112	149	13	2.974e-06	{A}
sp|P77658|YNAA_ECOLI	MULTIPLE	1	112	149	20	1.650e-09	{AQ}
sp|P77658|YNAA_ECOLI	WHOLE	1	1	342	52	2.038e-06	{A}
sp|Q2EES0|YNFO_ECOLI	MULTIPLE	1	3	16	10	1.615e-07	{RT}
sp|Q2EEU2|YJHX_ECOLI	SINGLE	1	52	61	6	9.064e-06	{K}
sp|Q2M7M3|YSAB_ECOLI	SINGLE	1	1	13	5	5.312e-06	{M}
sp|Q46787|YGEG_ECOLI	SINGLE	1	90	113	8	1.623e-06	{Y}
sp|Q46941|YQEH_ECOLI	SINGLE	1	4	38	7	1.149e-06	{C}
sp|Q47138|YDFE_ECOLI	MULTIPLE	1	8	38	14	7.020e-06	{AR}
sp|Q47710|YQJK_ECOLI	MULTIPLE	1	7	30	11	2.614e-06	{QR}
sp|Q47710|YQJK_ECOLI	MULTIPLE	2	63	86	9	7.509e-06	{WR}
sp|Q6BEX5|YJDP_ECOLI	SINGLE	1	44	102	19	1.656e-11	{R}
sp|Q6BEX5|YJDP_ECOLI	SINGLE	2	38	84	13	9.761e-07	{D}
sp|Q6BEX5|YJDP_ECOLI	MULTIPLE	1	43	106	51	2.495e-23	{RDQE}
sp|Q6BEX5|YJDP_ECOLI	WHOLE	1	1	109	21	3.934e-08	{R}
sp|Q6BEX5|YJDP_ECOLI	WHOLE	2	1	109	19	6.658e-06	{D}
sp|Q7DFV3|YMGG_ECOLI	SINGLE	1	30	111	26	8.137e-12	{G}
sp|Q7DFV3|YMGG_ECOLI	WHOLE	1	1	114	27	4.294e-09	{G}
