sp|O32583|THIS_ECOLI	66	SINGLE	1	8	61	13	5.578e-08	{Q}	----	6.524
sp|O32583|THIS_ECOLI	66	WHOLE	1	1	66	14	9.508e-08	{Q}
sp|P00363|FRDA_ECOLI	602	SINGLE	1	6	34	12	1.149e-06	{A}	----	5.034
sp|P00370|DHE4_ECOLI	447	MULTIPLE	1	167	183	9	6.269e-06	{MG}	hydrophobic	5.638
sp|P00448|SODM_ECOLI	206	SINGLE	1	27	32	4	4.007e-06	{H}	----	28.986
sp|P00550|PTM3C_ECOLI	637	SINGLE	1	65	91	10	8.761e-06	{G}	----	5.151
sp|P00550|PTM3C_ECOLI	637	MULTIPLE	1	65	108	18	2.554e-08	{GM}	hydrophobic	4.357
sp|P00579|RPOD_ECOLI	613	SINGLE	1	189	209	13	1.084e-11	{D}	----	10.655
sp|P00579|RPOD_ECOLI	613	MULTIPLE	1	188	209	18	3.182e-13	{DE}	negative	6.437
sp|P00579|RPOD_ECOLI	613	WHOLE	1	1	613	71	7.530e-06	{E}
sp|P00582|DPO1_ECOLI	928	SINGLE	1	834	865	12	3.865e-06	{A}	----	4.562
sp|P00634|PPB_ECOLI	471	WHOLE	1	1	471	67	4.315e-06	{A}
sp|P00722|BGAL_ECOLI	1024	SINGLE	1	358	364	4	9.134e-06	{H}	----	24.845
sp|P00722|BGAL_ECOLI	1024	WHOLE	1	1	1024	39	1.103e-08	{W}
sp|P00803|LEP_ECOLI	324	SINGLE	1	36	42	6	1.982e-06	{A}	----	10.428
sp|P00803|LEP_ECOLI	324	SINGLE	2	245	258	6	5.612e-06	{Q}	----	11.614
sp|P00805|ASPG2_ECOLI	348	SINGLE	1	322	347	8	2.729e-06	{Q}	----	8.339
sp|P00893|ILVI_ECOLI	574	MULTIPLE	1	337	361	9	1.874e-06	{WQ}	polar	7.143
sp|P00904|TRPGD_ECOLI	531	SINGLE	1	311	319	6	2.866e-06	{S}	----	11.357
sp|P00904|TRPGD_ECOLI	531	SINGLE	2	191	220	8	8.797e-06	{Q}	----	7.227
sp|P00926|SDHD_ECOLI	442	SINGLE	1	279	286	6	3.332e-06	{G}	----	10.431
sp|P02358|RS6_ECOLI	135	SINGLE	1	130	135	6	1.079e-07	{E}	----	14.493
sp|P02359|RS7_ECOLI	179	MULTIPLE	1	69	111	18	1.043e-06	{RV}	mixed	3.381
sp|P02916|MALF_ECOLI	514	MULTIPLE	1	434	441	7	1.846e-07	{FN}	mixed	10.658
sp|P02918|PBPA_ECOLI	850	MULTIPLE	1	390	421	10	2.187e-06	{QW}	polar	6.200
sp|P02918|PBPA_ECOLI	850	WHOLE	1	1	850	58	4.228e-06	{Q}
sp|P02919|PBPB_ECOLI	844	SINGLE	1	791	827	17	3.269e-15	{Q}	----	12.451
sp|P02919|PBPB_ECOLI	844	SINGLE	2	30	42	9	4.245e-09	{D}	----	11.916
sp|P02919|PBPB_ECOLI	844	SINGLE	3	381	388	5	3.422e-06	{Q}	----	16.938
sp|P02919|PBPB_ECOLI	844	MULTIPLE	1	28	42	13	3.095e-12	{DY}	polar	9.380
sp|P02919|PBPB_ECOLI	844	MULTIPLE	2	49	64	12	2.538e-08	{KG}	hydrophobic	5.747
sp|P02919|PBPB_ECOLI	844	WHOLE	1	1	844	63	1.004e-07	{Q}
sp|P02920|LACY_ECOLI	417	SINGLE	1	9	30	11	2.209e-10	{F}	----	12.315
sp|P02920|LACY_ECOLI	417	SINGLE	2	239	251	6	5.750e-06	{F}	----	11.368
sp|P02920|LACY_ECOLI	417	WHOLE	1	1	417	56	5.956e-15	{F}
sp|P02921|MELB_ECOLI	473	SINGLE	1	26	33	5	2.394e-06	{Y}	----	18.222
sp|P02929|TONB_ECOLI	239	SINGLE	1	39	124	28	6.030e-17	{P}	----	7.156
sp|P02929|TONB_ECOLI	239	SINGLE	2	91	105	8	5.863e-07	{K}	----	9.101
sp|P02929|TONB_ECOLI	239	MULTIPLE	1	56	111	41	5.532e-20	{PKE}	mixed	4.230
sp|P02929|TONB_ECOLI	239	WHOLE	1	1	239	40	1.041e-12	{P}
sp|P02930|TOLC_ECOLI	493	WHOLE	1	1	493	44	6.596e-08	{Q}
sp|P02930|TOLC_ECOLI	493	WHOLE	2	1	493	43	3.051e-06	{N}
sp|P02931|OMPF_ECOLI	362	MULTIPLE	1	245	269	11	6.268e-06	{NT}	small_polar	4.632
sp|P02931|OMPF_ECOLI	362	WHOLE	1	1	362	49	8.934e-06	{G}
sp|P02942|MCP1_ECOLI	551	SINGLE	1	495	500	6	3.085e-07	{A}	----	12.165
sp|P02942|MCP1_ECOLI	551	SINGLE	2	518	521	4	1.854e-06	{Q}	----	27.100
sp|P02942|MCP1_ECOLI	551	WHOLE	1	1	551	78	1.021e-06	{A}
sp|P02943|LAMB_ECOLI	446	MULTIPLE	1	305	349	12	3.495e-08	{WM}	hydrophobic	7.512
sp|P03004|DNAA_ECOLI	467	MULTIPLE	1	85	110	14	2.436e-07	{QA}	mixed	4.521
sp|P03007|DPO3E_ECOLI	243	SINGLE	1	194	197	4	1.854e-06	{Q}	----	27.100
sp|P03023|LACI_ECOLI	360	MULTIPLE	1	223	254	10	8.527e-06	{MQ}	mixed	5.306
sp|P03819|KEFC_ECOLI	620	MULTIPLE	1	289	314	15	7.455e-07	{LI}	aliphatic	3.766
sp|P03819|KEFC_ECOLI	620	WHOLE	1	1	620	95	9.092e-07	{L}
sp|P03959|KDPA_ECOLI	557	WHOLE	1	1	557	84	6.011e-06	{L}
sp|P03960|KDPB_ECOLI	682	SINGLE	1	478	485	6	7.276e-06	{A}	----	9.124
sp|P03960|KDPB_ECOLI	682	WHOLE	1	1	682	94	3.258e-07	{A}
sp|P04152|UMUC_ECOLI	422	SINGLE	1	394	401	5	3.422e-06	{Q}	----	16.938
sp|P04391|OTC1_ECOLI	334	MULTIPLE	1	7	46	18	6.144e-06	{KL}	hydrophobic	2.943
sp|P04805|SYE_ECOLI	471	SINGLE	1	127	132	4	4.007e-06	{H}	----	28.986
sp|P04825|AMPN_ECOLI	870	SINGLE	1	713	723	7	5.938e-06	{A}	----	7.742
sp|P04982|RBSD_ECOLI	139	MULTIPLE	1	75	117	14	1.001e-07	{QH}	polar	5.435
sp|P04994|EX7L_ECOLI	456	SINGLE	1	298	366	20	4.013e-13	{Q}	----	7.855
sp|P04994|EX7L_ECOLI	456	MULTIPLE	1	292	370	34	6.358e-16	{QR}	polar	4.858
sp|P04994|EX7L_ECOLI	456	WHOLE	1	1	456	47	2.911e-10	{Q}
sp|P05041|PABB_ECOLI	453	SINGLE	1	56	76	8	6.682e-06	{T}	----	7.121
sp|P05458|PTRA_ECOLI	962	SINGLE	1	853	867	6	9.008e-06	{Q}	----	10.840
sp|P05704|MCP3_ECOLI	546	WHOLE	1	1	546	81	1.042e-07	{A}
sp|P05791|ILVD_ECOLI	616	MULTIPLE	1	514	556	23	3.488e-07	{GIS}	mixed	2.823
sp|P05804|BGLR_ECOLI	603	MULTIPLE	1	174	237	22	4.311e-06	{VT}	small_hydrophobic	2.737
sp|P05824|RECN_ECOLI	553	SINGLE	1	324	377	14	6.259e-09	{Q}	----	7.026
sp|P05824|RECN_ECOLI	553	MULTIPLE	1	122	142	9	1.390e-06	{HQ}	polar	7.155
sp|P05824|RECN_ECOLI	553	WHOLE	1	1	553	50	6.297e-09	{Q}
sp|P05825|FEPA_ECOLI	746	WHOLE	1	1	746	58	2.766e-06	{N}
sp|P06129|BTUB_ECOLI	614	MULTIPLE	1	521	557	14	9.611e-08	{YQ}	polar	5.314
sp|P06129|BTUB_ECOLI	614	WHOLE	1	1	614	49	4.434e-08	{Y}
sp|P06136|FTSQ_ECOLI	276	SINGLE	1	266	276	7	2.645e-08	{Q}	----	17.246
sp|P06136|FTSQ_ECOLI	276	SINGLE	2	231	235	4	8.928e-06	{Q}	----	21.680
sp|P06149|DLD_ECOLI	571	SINGLE	1	207	238	11	9.348e-07	{D}	----	5.917
sp|P06149|DLD_ECOLI	571	MULTIPLE	1	207	238	15	5.801e-09	{DH}	charged	5.780
sp|P06609|BTUC_ECOLI	326	SINGLE	1	16	31	10	2.458e-07	{L}	----	6.628
sp|P06609|BTUC_ECOLI	326	SINGLE	2	280	301	10	3.254e-06	{A}	----	5.530
sp|P06609|BTUC_ECOLI	326	SINGLE	3	7	11	4	8.928e-06	{Q}	----	21.680
sp|P06609|BTUC_ECOLI	326	MULTIPLE	1	176	194	7	2.320e-06	{MW}	hydrophobic	10.378
sp|P06609|BTUC_ECOLI	326	WHOLE	1	1	326	69	9.872e-11	{L}
sp|P06612|TOP1_ECOLI	865	MULTIPLE	1	28	61	15	1.899e-06	{KS}	polar	3.761
sp|P06710|DPO3X_ECOLI	643	SINGLE	1	361	406	15	8.959e-10	{P}	----	7.167
sp|P06710|DPO3X_ECOLI	643	SINGLE	2	388	423	10	4.476e-07	{Q}	----	7.528
sp|P06710|DPO3X_ECOLI	643	MULTIPLE	1	361	423	26	9.664e-13	{PQ}	mixed	5.008
sp|P06710|DPO3X_ECOLI	643	WHOLE	1	1	643	86	2.921e-06	{A}
sp|P06959|ODP2_ECOLI	630	SINGLE	1	283	314	20	1.600e-14	{A}	----	7.603
sp|P06959|ODP2_ECOLI	630	SINGLE	2	77	105	17	6.621e-12	{A}	----	7.131
sp|P06959|ODP2_ECOLI	630	SINGLE	3	180	204	15	7.327e-11	{A}	----	7.299
sp|P06959|ODP2_ECOLI	630	WHOLE	1	1	630	96	2.290e-09	{A}
sp|P06972|FHUB_ECOLI	660	SINGLE	1	194	247	20	3.426e-08	{L}	----	3.928
sp|P06972|FHUB_ECOLI	660	SINGLE	2	259	298	14	7.769e-06	{L}	----	3.712
sp|P06972|FHUB_ECOLI	660	MULTIPLE	1	259	302	17	1.131e-06	{LW}	hydrophobic	3.584
sp|P06972|FHUB_ECOLI	660	WHOLE	1	1	660	124	7.321e-14	{L}
sp|P06972|FHUB_ECOLI	660	WHOLE	2	1	660	86	7.527e-06	{A}
sp|P06988|HISX_ECOLI	434	WHOLE	1	1	434	63	4.222e-06	{A}
sp|P06992|RSMA_ECOLI	273	SINGLE	1	172	203	9	8.033e-06	{P}	----	6.181
sp|P06992|RSMA_ECOLI	273	MULTIPLE	1	170	209	19	2.065e-08	{PV}	small	4.039
sp|P06993|MALT_ECOLI	901	SINGLE	1	512	565	12	4.506e-07	{Q}	----	6.022
sp|P06993|MALT_ECOLI	901	SINGLE	2	604	610	5	1.333e-06	{Q}	----	19.357
sp|P06993|MALT_ECOLI	901	SINGLE	3	371	418	16	3.705e-06	{L}	----	3.535
sp|P06993|MALT_ECOLI	901	WHOLE	1	1	901	70	4.785e-09	{Q}
sp|P06993|MALT_ECOLI	901	WHOLE	2	1	901	132	1.397e-07	{L}
sp|P06996|OMPC_ECOLI	367	SINGLE	1	179	216	12	7.426e-06	{G}	----	4.392
sp|P07003|POXB_ECOLI	572	MULTIPLE	1	427	470	15	5.257e-06	{VM}	hydrophobic	3.623
sp|P07012|RF2_ECOLI	365	MULTIPLE	1	273	308	15	3.391e-07	{KQ}	polar	4.363
sp|P07014|SDHB_ECOLI	238	SINGLE	1	149	159	5	2.053e-07	{C}	----	33.179
sp|P07017|MCP2_ECOLI	553	SINGLE	1	493	498	6	3.085e-07	{A}	----	12.165
sp|P07017|MCP2_ECOLI	553	WHOLE	1	1	553	78	1.167e-06	{A}
sp|P07117|PUTP_ECOLI	502	MULTIPLE	1	372	391	12	6.003e-06	{VA}	small_hydrophobic	3.889
sp|P07118|SYV_ECOLI	951	SINGLE	1	519	524	4	3.361e-06	{M}	----	30.303
sp|P07118|SYV_ECOLI	951	MULTIPLE	1	50	69	8	8.807e-06	{MQ}	mixed	6.791
sp|P07623|METAS_ECOLI	309	SINGLE	1	170	176	4	9.134e-06	{H}	----	24.845
sp|P07648|RECC_ECOLI	1122	WHOLE	1	1	1122	77	1.336e-07	{Q}
sp|P07648|RECC_ECOLI	1122	WHOLE	2	1	1122	154	7.263e-07	{L}
sp|P07649|TRUA_ECOLI	270	MULTIPLE	1	110	128	9	9.672e-06	{RY}	polar	5.508
sp|P07913|TDH_ECOLI	341	MULTIPLE	1	57	89	16	2.837e-06	{VG}	small_hydrophobic	3.367
sp|P08142|ILVB_ECOLI	562	SINGLE	1	186	211	11	2.470e-06	{A}	----	5.147
sp|P08244|PYRF_ECOLI	245	SINGLE	1	81	89	7	7.690e-07	{A}	----	9.462
sp|P08337|MUTT_ECOLI	129	SINGLE	1	83	104	5	9.372e-06	{W}	----	16.835
sp|P08394|RECB_ECOLI	1180	MULTIPLE	1	1092	1131	20	2.567e-07	{AQY}	mixed	3.259
sp|P08395|SPPA_ECOLI	618	MULTIPLE	1	5	33	10	1.495e-06	{FW}	aromatic	6.374
sp|P08400|PHOR_ECOLI	431	SINGLE	1	45	58	5	7.944e-07	{W}	----	26.455
sp|P08400|PHOR_ECOLI	431	SINGLE	2	2	57	18	1.712e-06	{L}	----	3.409
sp|P08400|PHOR_ECOLI	431	MULTIPLE	1	2	58	25	1.687e-10	{WL}	hydrophobic	4.069
sp|P08506|DACC_ECOLI	400	MULTIPLE	1	12	41	14	3.169e-06	{AF}	hydrophobic	3.800
sp|P08622|DNAJ_ECOLI	376	SINGLE	1	77	107	15	6.462e-10	{G}	----	6.730
sp|P08622|DNAJ_ECOLI	376	MULTIPLE	1	144	200	16	1.272e-08	{QC}	polar	4.366
sp|P08622|DNAJ_ECOLI	376	WHOLE	1	1	376	53	1.326e-06	{G}
sp|P08660|AK3_ECOLI	449	SINGLE	1	343	367	9	3.044e-06	{T}	----	6.729
sp|P08660|AK3_ECOLI	449	MULTIPLE	1	351	371	13	9.092e-07	{TL}	hydrophobic	4.188
sp|P08839|PT1_ECOLI	575	SINGLE	1	63	88	10	4.139e-06	{E}	----	5.574
sp|P08956|T1RK_ECOLI	1170	SINGLE	1	145	197	14	4.814e-09	{Q}	----	7.159
sp|P08956|T1RK_ECOLI	1170	MULTIPLE	1	152	215	27	8.702e-10	{QA}	mixed	3.542
sp|P09029|PURK_ECOLI	355	SINGLE	1	197	205	5	7.416e-06	{Q}	----	15.056
sp|P09152|NARG_ECOLI	1247	WHOLE	1	1	1247	38	3.113e-06	{W}
sp|P09169|OMPT_ECOLI	317	SINGLE	1	274	306	9	5.092e-06	{N}	----	6.572
sp|P09323|PTW3C_ECOLI	648	SINGLE	1	453	499	16	4.573e-07	{A}	----	4.141
sp|P09323|PTW3C_ECOLI	648	SINGLE	2	280	309	12	7.192e-06	{L}	----	4.242
sp|P09323|PTW3C_ECOLI	648	MULTIPLE	1	228	239	8	9.014e-08	{MF}	hydrophobic	10.650
sp|P09323|PTW3C_ECOLI	648	WHOLE	1	1	648	91	2.210e-07	{A}
sp|P09377|RHAS_ECOLI	278	SINGLE	1	31	48	6	2.079e-06	{H}	----	14.493
sp|P09377|RHAS_ECOLI	278	SINGLE	2	149	180	13	2.467e-06	{L}	----	4.308
sp|P09377|RHAS_ECOLI	278	SINGLE	3	122	134	6	3.329e-06	{Q}	----	12.508
sp|P09391|GLPG_ECOLI	276	SINGLE	1	157	159	3	2.460e-06	{W}	----	74.074
sp|P09546|PUTA_ECOLI	1320	MULTIPLE	1	1063	1102	18	2.627e-06	{GV}	small_hydrophobic	3.125
sp|P09546|PUTA_ECOLI	1320	WHOLE	1	1	1320	166	1.714e-08	{A}
sp|P09831|GLTB_ECOLI	1486	SINGLE	1	149	167	8	2.151e-06	{R}	----	8.144
sp|P09831|GLTB_ECOLI	1486	SINGLE	2	1361	1392	11	7.148e-06	{G}	----	4.781
sp|P09835|UHPB_ECOLI	500	SINGLE	1	69	156	26	6.841e-08	{L}	----	3.133
sp|P09835|UHPB_ECOLI	500	SINGLE	2	255	269	9	1.629e-06	{L}	----	6.363
sp|P09835|UHPB_ECOLI	500	MULTIPLE	1	60	162	37	1.144e-11	{LW}	hydrophobic	3.332
sp|P09835|UHPB_ECOLI	500	WHOLE	1	1	500	100	3.589e-13	{L}
sp|P0A698|UVRA_ECOLI	940	SINGLE	1	905	913	6	9.278e-06	{G}	----	9.272
sp|P0A6B7|ISCS_ECOLI	404	SINGLE	1	23	29	4	7.670e-06	{M}	----	25.974
sp|P0A6C1|END4_ECOLI	285	SINGLE	1	6	30	11	1.553e-06	{A}	----	5.353
sp|P0A6D3|AROA_ECOLI	427	MULTIPLE	1	314	330	11	1.482e-06	{AT}	small_hydrophobic	4.768
sp|P0A6D5|YDIB_ECOLI	288	SINGLE	1	243	247	4	8.928e-06	{Q}	----	21.680
sp|P0A6F5|CH60_ECOLI	548	SINGLE	1	533	546	9	7.080e-08	{G}	----	8.941
sp|P0A6F5|CH60_ECOLI	548	SINGLE	2	538	548	5	2.084e-06	{M}	----	20.661
sp|P0A6F5|CH60_ECOLI	548	MULTIPLE	1	533	548	14	4.082e-13	{GM}	hydrophobic	9.318
sp|P0A6F5|CH60_ECOLI	548	WHOLE	1	1	548	74	8.914e-06	{A}
sp|P0A6H5|HSLU_ECOLI	443	MULTIPLE	1	182	211	10	4.484e-06	{MQ}	mixed	5.659
sp|P0A6H8|CLSA_ECOLI	486	SINGLE	1	290	293	4	4.286e-06	{P}	----	21.978
sp|P0A6H8|CLSA_ECOLI	486	MULTIPLE	1	212	246	12	3.684e-06	{MR}	mixed	4.652
sp|P0A6J3|CYSZ_ECOLI	253	SINGLE	1	48	77	6	2.594e-06	{W}	----	14.815
sp|P0A6J3|CYSZ_ECOLI	253	WHOLE	1	1	253	14	9.080e-06	{W}
sp|P0A6M8|EFG_ECOLI	704	SINGLE	1	24	27	4	8.192e-06	{T}	----	18.692
sp|P0A6P5|DER_ECOLI	490	SINGLE	1	170	193	12	1.335e-08	{E}	----	7.246
sp|P0A6P9|ENO_ECOLI	432	SINGLE	1	108	125	10	3.103e-07	{A}	----	6.759
sp|P0A6T3|GAL1_ECOLI	382	SINGLE	1	324	338	8	2.726e-06	{G}	----	7.418
sp|P0A6T5|GCH1_ECOLI	222	SINGLE	1	192	198	5	8.246e-06	{T}	----	13.351
sp|P0A6T5|GCH1_ECOLI	222	SINGLE	2	143	164	7	9.038e-06	{Q}	----	8.623
sp|P0A6V1|GLGC_ECOLI	431	MULTIPLE	1	375	388	8	6.698e-07	{RC}	polar	8.737
sp|P0A6X3|HFQ_ECOLI	102	MULTIPLE	1	69	88	10	1.044e-06	{SH}	polar	6.120
sp|P0A6Y8|DNAK_ECOLI	638	SINGLE	1	589	610	9	3.870e-08	{Q}	----	11.086
sp|P0A6Z6|NIKR_ECOLI	133	SINGLE	1	76	92	7	5.247e-08	{H}	----	17.903
sp|P0A700|HYPA_ECOLI	116	SINGLE	1	38	93	9	6.735e-08	{C}	----	11.731
sp|P0A700|HYPA_ECOLI	116	WHOLE	1	1	116	10	4.403e-06	{C}
sp|P0A705|IF2_ECOLI	890	SINGLE	1	98	154	18	2.400e-08	{E}	----	4.577
sp|P0A705|IF2_ECOLI	890	SINGLE	2	172	212	14	2.835e-07	{E}	----	4.949
sp|P0A705|IF2_ECOLI	890	MULTIPLE	1	98	154	36	1.984e-16	{EA}	mixed	4.177
sp|P0A705|IF2_ECOLI	890	MULTIPLE	2	172	212	23	1.511e-11	{ER}	charged	4.648
sp|P0A705|IF2_ECOLI	890	WHOLE	1	1	890	99	1.110e-06	{E}
sp|P0A705|IF2_ECOLI	890	WHOLE	2	1	890	109	9.008e-06	{A}
sp|P0A707|IF3_ECOLI	180	SINGLE	1	72	97	10	9.652e-07	{K}	----	6.563
sp|P0A712|KDGT_ECOLI	327	SINGLE	1	255	294	14	1.604e-06	{A}	----	4.258
sp|P0A754|KEFF_ECOLI	176	MULTIPLE	1	84	120	16	6.865e-08	{GH}	hydrophobic	4.557
sp|P0A761|NANE_ECOLI	229	SINGLE	1	36	49	8	3.741e-06	{A}	----	6.952
sp|P0A794|PDXJ_ECOLI	243	SINGLE	1	160	183	10	8.312e-06	{A}	----	5.069
sp|P0A7D1|PTH_ECOLI	194	SINGLE	1	108	116	6	9.278e-06	{G}	----	9.272
sp|P0A7D4|PURA_ECOLI	432	SINGLE	1	304	307	4	7.144e-06	{R}	----	19.342
sp|P0A7E9|PYRH_ECOLI	241	MULTIPLE	1	48	91	16	9.625e-07	{GM}	hydrophobic	3.873
sp|P0A7J3|RL10_ECOLI	165	WHOLE	1	1	165	33	1.049e-06	{A}
sp|P0A7K2|RL7_ECOLI	121	SINGLE	1	35	49	9	5.126e-07	{A}	----	7.299
sp|P0A7K2|RL7_ECOLI	121	WHOLE	1	1	121	28	3.257e-07	{A}
sp|P0A7L0|RL1_ECOLI	234	SINGLE	1	82	92	7	5.938e-06	{A}	----	7.742
sp|P0A7L3|RL20_ECOLI	118	SINGLE	1	48	58	6	6.766e-06	{R}	----	10.550
sp|P0A7N9|RL33_ECOLI	55	MULTIPLE	1	22	38	10	2.651e-06	{KT}	polar	5.247
sp|P0A7S9|RS13_ECOLI	118	SINGLE	1	70	113	12	1.407e-06	{R}	----	5.275
sp|P0A7U3|RS19_ECOLI	92	SINGLE	1	87	92	5	3.903e-06	{K}	----	14.221
sp|P0A7X6|RIMM_ECOLI	182	SINGLE	1	45	59	6	9.008e-06	{Q}	----	10.840
sp|P0A7Y4|RNH_ECOLI	155	MULTIPLE	1	81	99	9	2.301e-06	{KW}	polar	6.570
sp|P0A800|RPOZ_ECOLI	91	MULTIPLE	1	53	81	14	3.228e-07	{QE}	glx	4.559
sp|P0A812|RUVB_ECOLI	336	SINGLE	1	214	231	8	1.314e-06	{R}	----	8.597
sp|P0A817|METK_ECOLI	384	SINGLE	1	229	265	12	5.475e-06	{G}	----	4.511
sp|P0A825|GLYA_ECOLI	417	SINGLE	1	224	230	5	8.246e-06	{T}	----	13.351
sp|P0A836|SUCC_ECOLI	388	SINGLE	1	336	347	7	5.518e-06	{V}	----	8.091
sp|P0A850|TIG_ECOLI	432	WHOLE	1	1	432	59	2.873e-07	{E}
sp|P0A858|TPIS_ECOLI	255	WHOLE	1	1	255	45	5.876e-07	{A}
sp|P0A873|TRMD_ECOLI	255	MULTIPLE	1	244	251	6	1.143e-06	{QH}	polar	12.521
sp|P0A8B2|SMRB_ECOLI	183	SINGLE	1	123	156	7	9.772e-06	{H}	----	8.951
sp|P0A8B2|SMRB_ECOLI	183	MULTIPLE	1	119	156	10	7.355e-07	{HC}	polar	7.171
sp|P0A8F8|UVRB_ECOLI	673	SINGLE	1	88	101	6	3.699e-06	{Y}	----	12.495
sp|P0A8G6|NQOR_ECOLI	198	MULTIPLE	1	114	130	11	6.679e-07	{TG}	small_hydrophobic	5.160
sp|P0A8G9|EX7S_ECOLI	80	SINGLE	1	44	61	7	1.960e-06	{Q}	----	10.539
sp|P0A8H3|ZUPT_ECOLI	257	MULTIPLE	1	195	214	10	9.277e-06	{AM}	hydrophobic	4.798
sp|P0A8H6|YIHI_ECOLI	169	SINGLE	1	151	157	6	7.033e-07	{E}	----	12.422
sp|P0A8H6|YIHI_ECOLI	169	SINGLE	2	17	38	8	7.763e-06	{R}	----	7.034
sp|P0A8H6|YIHI_ECOLI	169	MULTIPLE	1	134	161	15	2.334e-07	{ED}	negative	4.215
sp|P0A8I5|TRMB_ECOLI	239	SINGLE	1	15	29	7	4.155e-06	{R}	----	9.026
sp|P0A8J8|RHLB_ECOLI	421	SINGLE	1	398	419	9	6.583e-07	{R}	----	7.913
sp|P0A8M0|SYN_ECOLI	466	MULTIPLE	1	3	30	14	1.253e-06	{VR}	mixed	4.039
sp|P0A8P8|XERD_ECOLI	298	MULTIPLE	1	289	295	6	3.040e-07	{HQ}	polar	14.310
sp|P0A8Q3|FRDD_ECOLI	119	SINGLE	1	81	93	5	6.877e-06	{H}	----	16.722
sp|P0A8S1|ARGP_ECOLI	297	MULTIPLE	1	66	81	11	3.944e-06	{LE}	mixed	4.210
sp|P0A8T7|RPOC_ECOLI	1407	MULTIPLE	1	270	281	8	1.905e-06	{RN}	polar	7.153
sp|P0A8V2|RPOB_ECOLI	1342	MULTIPLE	1	1005	1026	11	3.869e-06	{EQ}	glx	4.721
sp|P0A8W0|NANR_ECOLI	263	SINGLE	1	34	60	10	6.120e-06	{E}	----	5.368
sp|P0A8X0|DARP_ECOLI	183	SINGLE	1	7	22	8	1.035e-06	{D}	----	8.606
sp|P0A910|OMPA_ECOLI	346	SINGLE	1	5	22	9	3.849e-06	{A}	----	6.083
sp|P0A910|OMPA_ECOLI	346	MULTIPLE	1	196	208	11	8.740e-09	{PA}	small	6.626
sp|P0A912|PAL_ECOLI	173	SINGLE	1	57	67	6	9.664e-07	{Q}	----	14.782
sp|P0A924|PGPB_ECOLI	254	SINGLE	1	23	66	8	1.199e-07	{W}	----	13.468
sp|P0A924|PGPB_ECOLI	254	WHOLE	1	1	254	17	8.129e-08	{W}
sp|P0A964|CHEW_ECOLI	167	SINGLE	1	78	108	11	5.189e-06	{V}	----	4.921
sp|P0A9A6|FTSZ_ECOLI	383	SINGLE	1	17	23	6	8.976e-07	{G}	----	11.921
sp|P0A9A6|FTSZ_ECOLI	383	SINGLE	2	330	351	7	9.038e-06	{Q}	----	8.623
sp|P0A9A6|FTSZ_ECOLI	383	SINGLE	3	103	111	6	9.278e-06	{G}	----	9.272
sp|P0A9A9|FUR_ECOLI	148	SINGLE	1	86	90	4	1.367e-06	{H}	----	34.783
sp|P0A9E0|ARAC_ECOLI	292	SINGLE	1	91	110	5	5.670e-06	{W}	----	18.519
sp|P0A9E0|ARAC_ECOLI	292	MULTIPLE	1	80	110	10	8.526e-08	{WH}	polar_aromatic	8.838
sp|P0A9G8|MODE_ECOLI	262	SINGLE	1	69	75	6	8.976e-07	{G}	----	11.921
sp|P0A9J6|RBSK_ECOLI	309	SINGLE	1	278	285	6	7.276e-06	{A}	----	9.124
sp|P0A9J6|RBSK_ECOLI	309	WHOLE	1	1	309	49	4.171e-06	{A}
sp|P0A9K9|SLYD_ECOLI	196	SINGLE	1	149	179	14	2.070e-15	{H}	----	19.635
sp|P0A9K9|SLYD_ECOLI	196	SINGLE	2	166	194	14	2.499e-09	{G}	----	6.714
sp|P0A9K9|SLYD_ECOLI	196	SINGLE	3	167	195	6	2.287e-06	{C}	----	15.102
sp|P0A9K9|SLYD_ECOLI	196	MULTIPLE	1	149	196	37	1.351e-26	{HGC}	hydrophobic	7.098
sp|P0A9K9|SLYD_ECOLI	196	WHOLE	1	1	196	20	3.015e-08	{H}
sp|P0A9P4|TRXB_ECOLI	321	SINGLE	1	45	48	4	8.192e-06	{T}	----	18.692
sp|P0A9P6|DEAD_ECOLI	629	SINGLE	1	571	624	19	1.031e-11	{R}	----	6.806
sp|P0A9P6|DEAD_ECOLI	629	SINGLE	2	447	481	15	5.661e-11	{R}	----	8.290
sp|P0A9P6|DEAD_ECOLI	629	SINGLE	3	568	601	15	3.190e-09	{G}	----	6.136
sp|P0A9P6|DEAD_ECOLI	629	SINGLE	4	332	362	10	1.985e-06	{R}	----	6.239
sp|P0A9P6|DEAD_ECOLI	629	MULTIPLE	1	568	627	39	1.940e-21	{RG}	mixed	5.259
sp|P0A9P6|DEAD_ECOLI	629	MULTIPLE	2	441	482	31	5.643e-17	{RDP}	mixed	4.753
sp|P0A9P6|DEAD_ECOLI	629	WHOLE	1	1	629	78	1.061e-12	{R}
sp|P0A9Q5|ACCD_ECOLI	304	SINGLE	1	281	302	8	3.061e-06	{P}	----	7.992
sp|P0A9Q5|ACCD_ECOLI	304	MULTIPLE	1	281	298	11	7.887e-07	{PV}	small	5.197
sp|P0A9Q7|ADHE_ECOLI	891	SINGLE	1	37	55	10	6.012e-07	{A}	----	6.403
sp|P0A9Q7|ADHE_ECOLI	891	SINGLE	2	875	889	7	9.419e-06	{K}	----	7.964
sp|P0A9Q7|ADHE_ECOLI	891	MULTIPLE	1	873	891	15	3.579e-10	{KA}	hydrophobic	5.607
sp|P0A9Q7|ADHE_ECOLI	891	WHOLE	1	1	891	121	2.151e-08	{A}
sp|P0A9R4|FER_ECOLI	111	SINGLE	1	42	53	5	3.471e-07	{C}	----	30.414
sp|P0A9S5|GLDA_ECOLI	367	MULTIPLE	1	251	271	11	2.027e-06	{HA}	hydrophobic	4.979
sp|P0A9S5|GLDA_ECOLI	367	WHOLE	1	1	367	57	1.528e-06	{A}
sp|P0A9T0|SERA_ECOLI	410	SINGLE	1	120	124	5	7.457e-06	{L}	----	10.604
sp|P0AA41|TRUC_ECOLI	260	SINGLE	1	75	83	5	7.416e-06	{Q}	----	15.056
sp|P0AA47|PLAP_ECOLI	452	SINGLE	1	158	178	9	6.305e-06	{V}	----	5.944
sp|P0AA76|DGOT_ECOLI	430	SINGLE	1	338	344	4	7.670e-06	{M}	----	25.974
sp|P0AA78|EXUT_ECOLI	432	SINGLE	1	91	122	12	3.865e-06	{A}	----	4.562
sp|P0AA93|YPDA_ECOLI	565	SINGLE	1	91	132	12	3.120e-06	{I}	----	4.851
sp|P0AA93|YPDA_ECOLI	565	WHOLE	1	1	565	69	6.893e-09	{I}
sp|P0AAA9|ZRAP_ECOLI	141	SINGLE	1	120	139	12	1.324e-09	{G}	----	8.345
sp|P0AAA9|ZRAP_ECOLI	141	SINGLE	2	34	65	9	1.498e-06	{Q}	----	7.622
sp|P0AAA9|ZRAP_ECOLI	141	MULTIPLE	1	120	139	16	1.193e-13	{GM}	hydrophobic	8.520
sp|P0AAD6|SDAC_ECOLI	429	WHOLE	1	1	429	28	3.526e-07	{M}
sp|P0AAD6|SDAC_ECOLI	429	WHOLE	2	1	429	48	9.959e-06	{I}
sp|P0AAD8|TDCC_ECOLI	443	SINGLE	1	2	20	8	5.477e-06	{S}	----	7.173
sp|P0AAD8|TDCC_ECOLI	443	MULTIPLE	1	216	234	10	3.360e-06	{SF}	mixed	5.300
sp|P0AAE0|CYCA_ECOLI	470	MULTIPLE	1	425	431	7	2.309e-07	{VF}	hydrophobic	8.873
sp|P0AAE0|CYCA_ECOLI	470	MULTIPLE	2	58	74	8	3.204e-06	{MF}	hydrophobic	7.517
sp|P0AAE8|CADB_ECOLI	444	SINGLE	1	35	48	7	5.518e-06	{I}	----	8.489
sp|P0AAH4|SAPD_ECOLI	330	MULTIPLE	1	119	135	9	3.018e-07	{WR}	polar	8.120
sp|P0AAJ3|FDNH_ECOLI	294	SINGLE	1	133	179	8	2.279e-07	{C}	----	12.424
sp|P0AAJ3|FDNH_ECOLI	294	WHOLE	1	1	294	17	7.427e-07	{C}
sp|P0AAJ5|FDOH_ECOLI	300	SINGLE	1	133	179	8	2.279e-07	{C}	----	12.424
sp|P0AAJ5|FDOH_ECOLI	300	SINGLE	2	286	298	7	8.321e-06	{E}	----	7.804
sp|P0AAJ5|FDOH_ECOLI	300	WHOLE	1	1	300	16	4.194e-06	{C}
sp|P0AAM1|CYBH_ECOLI	235	SINGLE	1	97	111	5	1.175e-06	{W}	----	24.691
sp|P0AAZ4|RARA_ECOLI	447	SINGLE	1	332	360	11	8.553e-06	{A}	----	4.614
sp|P0AB38|LPOB_ECOLI	213	SINGLE	1	26	73	16	1.714e-10	{P}	----	7.326
sp|P0AB38|LPOB_ECOLI	213	MULTIPLE	1	23	73	23	2.064e-12	{PQ}	mixed	5.473
sp|P0AB71|ALF_ECOLI	359	SINGLE	1	92	111	6	4.143e-06	{H}	----	13.043
sp|P0AB83|END3_ECOLI	211	MULTIPLE	1	175	203	8	6.442e-06	{CH}	polar	7.517
sp|P0AB85|APBE_ECOLI	351	SINGLE	1	138	173	10	4.476e-07	{Q}	----	7.528
sp|P0AB89|PUR8_ECOLI	456	SINGLE	1	48	80	12	5.574e-06	{A}	----	4.424
sp|P0AB98|ATP6_ECOLI	271	SINGLE	1	231	241	4	9.966e-06	{W}	----	26.936
sp|P0ABC7|HFLK_ECOLI	419	SINGLE	1	7	78	23	5.097e-10	{G}	----	4.443
sp|P0ABC7|HFLK_ECOLI	419	SINGLE	2	383	397	8	5.940e-07	{S}	----	9.086
sp|P0ABD8|BCCP_ECOLI	156	SINGLE	1	35	76	16	7.777e-08	{A}	----	4.634
sp|P0ABD8|BCCP_ECOLI	156	MULTIPLE	1	35	76	21	1.474e-09	{AQ}	mixed	4.198
sp|P0ABE5|C561_ECOLI	176	SINGLE	1	67	77	6	3.248e-06	{P}	----	11.988
sp|P0ABE5|C561_ECOLI	176	MULTIPLE	1	151	159	8	1.208e-07	{AH}	hydrophobic	8.450
sp|P0ABF1|PCNB_ECOLI	465	SINGLE	1	448	461	9	4.051e-09	{R}	----	12.434
sp|P0ABF1|PCNB_ECOLI	465	WHOLE	1	1	465	54	2.195e-08	{R}
sp|P0ABF6|CDD_ECOLI	294	WHOLE	1	1	294	47	5.117e-06	{A}
sp|P0ABG1|CDSA_ECOLI	285	SINGLE	1	58	73	9	3.372e-06	{L}	----	5.965
sp|P0ABG1|CDSA_ECOLI	285	WHOLE	1	1	285	50	7.777e-06	{L}
sp|P0ABG4|FTSW_ECOLI	414	WHOLE	1	1	414	67	4.879e-06	{L}
sp|P0ABI4|CORA_ECOLI	316	SINGLE	1	77	80	4	2.717e-06	{F}	----	24.631
sp|P0ABI8|CYOB_ECOLI	663	SINGLE	1	268	274	4	7.670e-06	{M}	----	25.974
sp|P0ABI8|CYOB_ECOLI	663	SINGLE	2	439	460	5	9.372e-06	{W}	----	16.835
sp|P0ABI8|CYOB_ECOLI	663	MULTIPLE	1	439	468	12	1.998e-08	{WF}	aromatic	7.394
sp|P0ABI8|CYOB_ECOLI	663	MULTIPLE	2	607	626	10	3.448e-07	{WI}	hydrophobic	6.906
sp|P0ABI8|CYOB_ECOLI	663	WHOLE	1	1	663	58	3.676e-08	{F}
sp|P0ABI8|CYOB_ECOLI	663	WHOLE	2	1	663	26	1.468e-06	{W}
sp|P0ABJ3|CYOC_ECOLI	204	SINGLE	1	8	19	6	1.190e-07	{H}	----	21.739
sp|P0ABJ9|CYDA_ECOLI	522	SINGLE	1	104	116	6	5.750e-06	{F}	----	11.368
sp|P0ABK9|NRFA_ECOLI	478	SINGLE	1	18	21	4	2.717e-06	{F}	----	24.631
sp|P0ABN5|DCUA_ECOLI	433	SINGLE	1	16	31	8	5.060e-06	{G}	----	6.954
sp|P0ABN9|DCUB_ECOLI	446	SINGLE	1	359	385	11	3.826e-06	{A}	----	4.956
sp|P0ABN9|DCUB_ECOLI	446	WHOLE	1	1	446	50	6.451e-06	{I}
sp|P0ABP3|DCUC_ECOLI	461	SINGLE	1	410	445	13	5.881e-07	{V}	----	5.008
sp|P0ABP3|DCUC_ECOLI	461	SINGLE	2	81	85	4	1.146e-06	{M}	----	36.364
sp|P0ABP3|DCUC_ECOLI	461	SINGLE	3	161	187	11	3.826e-06	{A}	----	4.956
sp|P0ABQ0|COABC_ECOLI	406	SINGLE	1	219	225	6	1.982e-06	{A}	----	10.428
sp|P0ABQ0|COABC_ECOLI	406	WHOLE	1	1	406	59	7.708e-06	{A}
sp|P0ABS5|DNAG_ECOLI	581	SINGLE	1	107	141	9	3.369e-06	{Q}	----	6.969
sp|P0ABU9|TOLQ_ECOLI	230	MULTIPLE	1	6	42	18	1.621e-06	{IL}	aliphatic	3.175
sp|P0ABV6|TOLR_ECOLI	142	SINGLE	1	21	30	7	5.912e-06	{L}	----	7.423
sp|P0AC30|FTSX_ECOLI	352	SINGLE	1	324	328	5	7.457e-06	{L}	----	10.604
sp|P0AC41|SDHA_ECOLI	588	SINGLE	1	445	452	5	6.070e-06	{N}	----	15.060
sp|P0AC41|SDHA_ECOLI	588	SINGLE	2	131	138	6	7.276e-06	{A}	----	9.124
sp|P0AC44|DHSD_ECOLI	115	SINGLE	1	96	115	10	3.319e-07	{V}	----	6.935
sp|P0AC75|KDTA_ECOLI	425	MULTIPLE	1	402	416	10	2.246e-06	{LQ}	mixed	5.081
sp|P0AC78|WECA_ECOLI	367	SINGLE	1	346	359	7	2.337e-06	{R}	----	9.671
sp|P0AC84|GLO2_ECOLI	251	SINGLE	1	53	58	5	3.773e-08	{H}	----	36.232
sp|P0AC88|GM4D_ECOLI	373	MULTIPLE	1	236	245	7	2.460e-07	{MQ}	mixed	11.885
sp|P0AC98|SATP_ECOLI	188	SINGLE	1	109	135	8	7.457e-06	{F}	----	7.298
sp|P0ACB2|HEM2_ECOLI	324	SINGLE	1	151	182	13	5.325e-07	{A}	----	4.942
sp|P0ACF8|HNS_ECOLI	137	SINGLE	1	20	53	13	1.662e-07	{E}	----	5.541
sp|P0ACG1|STPA_ECOLI	134	SINGLE	1	27	56	11	2.370e-06	{E}	----	5.314
sp|P0ACG1|STPA_ECOLI	134	MULTIPLE	1	27	56	15	6.837e-08	{EQ}	glx	4.721
sp|P0AD14|BTSS_ECOLI	561	SINGLE	1	75	104	12	4.310e-07	{G}	----	5.563
sp|P0AD27|PBGA_ECOLI	586	SINGLE	1	161	171	6	6.766e-06	{R}	----	10.550
sp|P0AD49|YFIA_ECOLI	113	SINGLE	1	108	113	5	8.737e-06	{E}	----	12.077
sp|P0AD70|AMPH_ECOLI	385	SINGLE	1	329	333	5	1.922e-06	{G}	----	13.908
sp|P0ADA1|TESA_ECOLI	208	SINGLE	1	106	119	6	5.612e-06	{Q}	----	11.614
sp|P0ADA3|NLPD_ECOLI	379	SINGLE	1	66	98	16	7.275e-15	{Q}	----	13.140
sp|P0ADA3|NLPD_ECOLI	379	SINGLE	2	228	264	14	2.714e-09	{T}	----	7.072
sp|P0ADA3|NLPD_ECOLI	379	MULTIPLE	1	55	98	26	1.427e-17	{QP}	mixed	7.171
sp|P0ADA3|NLPD_ECOLI	379	MULTIPLE	2	228	259	19	6.588e-11	{TS}	small_polar	5.292
sp|P0ADC1|LPTE_ECOLI	193	SINGLE	1	174	190	8	9.947e-07	{T}	----	8.796
sp|P0ADN0|VIAA_ECOLI	483	SINGLE	1	474	483	6	3.243e-06	{R}	----	11.605
sp|P0ADN0|VIAA_ECOLI	483	MULTIPLE	1	139	161	11	6.629e-06	{EQ}	glx	4.516
sp|P0ADY1|PPID_ECOLI	623	SINGLE	1	244	267	8	1.385e-06	{Q}	----	9.033
sp|P0ADY1|PPID_ECOLI	623	WHOLE	1	1	623	54	6.919e-09	{Q}
sp|P0ADY3|RL14_ECOLI	123	MULTIPLE	1	38	69	19	4.294e-07	{KIV}	hydrophobic	3.132
sp|P0AE06|ACRA_ECOLI	397	SINGLE	1	146	163	10	3.103e-07	{A}	----	6.759
sp|P0AE06|ACRA_ECOLI	397	SINGLE	2	29	36	5	3.422e-06	{Q}	----	16.938
sp|P0AE06|ACRA_ECOLI	397	MULTIPLE	1	136	163	15	9.910e-08	{AQ}	mixed	4.498
sp|P0AE06|ACRA_ECOLI	397	WHOLE	1	1	397	36	6.216e-07	{Q}
sp|P0AE12|AMN_ECOLI	484	SINGLE	1	58	91	11	8.302e-07	{T}	----	6.047
sp|P0AE16|AMPG_ECOLI	491	SINGLE	1	438	485	18	1.302e-07	{L}	----	3.977
sp|P0AE16|AMPG_ECOLI	491	WHOLE	1	1	491	89	1.084e-09	{L}
sp|P0AE24|ARAE_ECOLI	472	MULTIPLE	1	290	317	12	3.017e-06	{FT}	hydrophobic	4.554
sp|P0AE24|ARAE_ECOLI	472	WHOLE	1	1	472	28	2.137e-06	{M}
sp|P0AE82|CPXA_ECOLI	457	SINGLE	1	159	186	12	3.084e-06	{L}	----	4.545
sp|P0AE85|CPXP_ECOLI	166	SINGLE	1	152	165	8	2.945e-07	{S}	----	9.735
sp|P0AE85|CPXP_ECOLI	166	WHOLE	1	1	166	20	2.850e-06	{Q}
sp|P0AE88|CPXR_ECOLI	232	MULTIPLE	1	33	51	13	2.407e-07	{LD}	mixed	4.490
sp|P0AEA8|CYSG_ECOLI	457	SINGLE	1	237	241	4	8.928e-06	{Q}	----	21.680
sp|P0AEC3|ARCB_ECOLI	778	SINGLE	1	732	739	5	3.422e-06	{Q}	----	16.938
sp|P0AEC3|ARCB_ECOLI	778	MULTIPLE	1	114	153	18	2.711e-08	{EQ}	glx	4.249
sp|P0AEC5|BARA_ECOLI	918	MULTIPLE	1	892	905	11	4.695e-07	{EL}	mixed	4.811
sp|P0AEC5|BARA_ECOLI	918	WHOLE	1	1	918	126	5.690e-06	{L}
sp|P0AEP9|GLCD_ECOLI	499	SINGLE	1	485	490	4	4.007e-06	{H}	----	28.986
sp|P0AES4|GYRA_ECOLI	875	SINGLE	1	356	376	8	5.209e-06	{R}	----	7.369
sp|P0AES6|GYRB_ECOLI	804	SINGLE	1	380	394	7	4.155e-06	{R}	----	9.026
sp|P0AES6|GYRB_ECOLI	804	MULTIPLE	1	378	394	13	5.957e-09	{RA}	mixed	5.711
sp|P0AEV1|RSSB_ECOLI	337	SINGLE	1	214	264	17	1.878e-06	{L}	----	3.535
sp|P0AEV1|RSSB_ECOLI	337	MULTIPLE	1	214	264	24	3.485e-09	{LQ}	mixed	3.587
sp|P0AEV1|RSSB_ECOLI	337	WHOLE	1	1	337	60	7.319e-07	{L}
sp|P0AEY5|MDAB_ECOLI	193	SINGLE	1	59	76	5	3.220e-06	{W}	----	20.576
sp|P0AEY8|MDFA_ECOLI	410	WHOLE	1	1	410	67	3.568e-06	{L}
sp|P0AF16|MURJ_ECOLI	511	WHOLE	1	1	511	82	7.655e-07	{L}
sp|P0AF90|RRAB_ECOLI	138	SINGLE	1	122	134	8	1.239e-07	{D}	----	10.592
sp|P0AF90|RRAB_ECOLI	138	WHOLE	1	1	138	25	5.799e-06	{E}
sp|P0AFA2|NARX_ECOLI	598	SINGLE	1	350	384	9	3.369e-06	{Q}	----	6.969
sp|P0AFA2|NARX_ECOLI	598	SINGLE	2	557	572	7	7.004e-06	{R}	----	8.462
sp|P0AFA2|NARX_ECOLI	598	WHOLE	1	1	598	49	1.644e-07	{Q}
sp|P0AFA7|NHAB_ECOLI	513	SINGLE	1	93	132	14	7.769e-06	{L}	----	3.712
sp|P0AFA7|NHAB_ECOLI	513	WHOLE	1	1	513	83	4.812e-07	{L}
sp|P0AFB5|NTRB_ECOLI	349	SINGLE	1	114	127	6	5.612e-06	{Q}	----	11.614
sp|P0AFB8|NTRC_ECOLI	469	SINGLE	1	123	127	4	8.928e-06	{Q}	----	21.680
sp|P0AFD1|NUOE_ECOLI	166	MULTIPLE	1	10	30	10	5.300e-06	{HE}	charged	5.176
sp|P0AFD4|NUOH_ECOLI	325	MULTIPLE	1	252	282	11	1.344e-06	{MF}	hydrophobic	5.668
sp|P0AFD6|NUOI_ECOLI	180	SINGLE	1	60	74	5	1.263e-06	{C}	----	24.331
sp|P0AFD6|NUOI_ECOLI	180	MULTIPLE	1	91	109	8	3.091e-06	{CF}	hydrophobic	7.754
sp|P0AFE8|NUOM_ECOLI	509	SINGLE	1	137	142	5	6.350e-07	{F}	----	20.525
sp|P0AFE8|NUOM_ECOLI	509	SINGLE	2	469	478	7	5.912e-06	{L}	----	7.423
sp|P0AFF0|NUON_ECOLI	485	WHOLE	1	1	485	87	2.686e-09	{L}
sp|P0AFF2|NUPC_ECOLI	400	SINGLE	1	46	100	12	1.481e-06	{F}	----	5.374
sp|P0AFF2|NUPC_ECOLI	400	SINGLE	2	166	188	6	7.841e-06	{M}	----	11.858
sp|P0AFF4|NUPG_ECOLI	418	MULTIPLE	1	230	276	23	9.868e-08	{ISF}	mixed	3.093
sp|P0AFF4|NUPG_ECOLI	418	WHOLE	1	1	418	38	2.611e-06	{F}
sp|P0AFG3|ODO1_ECOLI	933	SINGLE	1	919	923	4	8.928e-06	{Q}	----	21.680
sp|P0AFG6|ODO2_ECOLI	405	SINGLE	1	151	173	13	3.795e-09	{A}	----	6.876
sp|P0AFI2|PARC_ECOLI	752	MULTIPLE	1	354	380	14	5.154e-06	{RL}	mixed	3.551
sp|P0AFJ7|PITA_ECOLI	499	SINGLE	1	2	20	10	2.106e-06	{L}	----	5.581
sp|P0AFL3|PPIA_ECOLI	190	SINGLE	1	7	25	10	6.012e-07	{A}	----	6.403
sp|P0AFL6|PPX_ECOLI	513	SINGLE	1	452	462	6	8.230e-06	{T}	----	10.195
sp|P0AFR2|DAUA_ECOLI	559	SINGLE	1	359	384	12	1.193e-06	{L}	----	4.894
sp|P0AFU0|YEJB_ECOLI	364	MULTIPLE	1	173	202	13	1.889e-06	{FI}	hydrophobic	4.355
sp|P0AFX7|RSEA_ECOLI	216	SINGLE	1	162	216	18	5.767e-13	{Q}	----	8.869
sp|P0AFX7|RSEA_ECOLI	216	MULTIPLE	1	67	103	17	1.039e-08	{QPW}	mixed	4.791
sp|P0AFX7|RSEA_ECOLI	216	WHOLE	1	1	216	32	2.361e-11	{Q}
sp|P0AFY6|SBMA_ECOLI	406	MULTIPLE	1	52	86	15	8.026e-08	{YFW}	aromatic	4.848
sp|P0AFZ3|SSPB_ECOLI	165	SINGLE	1	134	148	8	5.495e-07	{D}	----	9.180
sp|P0AFZ3|SSPB_ECOLI	165	MULTIPLE	1	134	154	14	8.873e-10	{DP}	small	6.435
sp|P0AFZ5|SULA_ECOLI	169	SINGLE	1	42	79	10	7.721e-07	{Q}	----	7.132
sp|P0AFZ5|SULA_ECOLI	169	SINGLE	2	10	18	6	2.866e-06	{S}	----	11.357
sp|P0AFZ5|SULA_ECOLI	169	SINGLE	3	48	54	6	4.458e-06	{L}	----	9.090
sp|P0AFZ5|SULA_ECOLI	169	MULTIPLE	1	47	73	18	1.754e-10	{QL}	mixed	5.081
sp|P0AG18|PURE_ECOLI	169	SINGLE	1	124	134	7	5.938e-06	{A}	----	7.742
sp|P0AG67|RS1_ECOLI	557	SINGLE	1	321	332	7	5.518e-06	{V}	----	8.091
sp|P0AG74|RUSA_ECOLI	120	SINGLE	1	66	69	4	7.144e-06	{R}	----	19.342
sp|P0AGA2|SECY_ECOLI	443	MULTIPLE	1	217	257	22	4.533e-08	{VRF}	mixed	3.264
sp|P0AGA2|SECY_ECOLI	443	MULTIPLE	2	293	302	7	3.041e-06	{GW}	hydrophobic	8.197
sp|P0AGC0|UHPT_ECOLI	463	SINGLE	1	226	241	8	3.732e-06	{E}	----	7.246
sp|P0AGC3|SLT_ECOLI	645	MULTIPLE	1	243	279	16	1.472e-06	{QA}	mixed	3.631
sp|P0AGD3|SODF_ECOLI	193	MULTIPLE	1	94	115	12	2.051e-06	{AF}	hydrophobic	4.442
sp|P0AGD7|SRP54_ECOLI	453	SINGLE	1	423	446	10	3.815e-11	{M}	----	18.939
sp|P0AGD7|SRP54_ECOLI	453	MULTIPLE	1	423	446	16	1.191e-12	{MK}	hydrophobic	8.271
sp|P0AGD7|SRP54_ECOLI	453	WHOLE	1	1	453	28	9.965e-07	{M}
sp|P0AGE0|SSB_ECOLI	178	SINGLE	1	107	151	19	6.644e-11	{G}	----	5.872
sp|P0AGE0|SSB_ECOLI	178	SINGLE	2	131	158	10	3.122e-08	{Q}	----	9.679
sp|P0AGE0|SSB_ECOLI	178	MULTIPLE	1	114	158	33	6.331e-18	{GQP}	mixed	4.753
sp|P0AGE4|SSTT_ECOLI	414	MULTIPLE	1	218	238	15	3.781e-08	{VL}	aliphatic	4.293
sp|P0AGE4|SSTT_ECOLI	414	WHOLE	1	1	414	66	9.022e-06	{L}
sp|P0AGE9|SUCD_ECOLI	289	MULTIPLE	1	232	270	19	8.975e-07	{AG}	tiny_hydrophobic	3.161
sp|P0AGF6|TDCB_ECOLI	329	MULTIPLE	1	180	207	14	2.418e-06	{GI}	hydrophobic	3.823
sp|P0AGI1|RBSC_ECOLI	321	SINGLE	1	81	113	13	8.065e-07	{A}	----	4.792
sp|P0AGI1|RBSC_ECOLI	321	MULTIPLE	1	263	296	22	3.231e-08	{GLN}	mixed	3.115
sp|P0AGK1|UBIA_ECOLI	290	MULTIPLE	1	26	49	12	1.694e-06	{WL}	hydrophobic	4.638
sp|P0AGK8|ISCR_ECOLI	162	MULTIPLE	1	92	104	8	2.372e-06	{GC}	tiny_hydrophobic	7.189
sp|P0C018|RL18_ECOLI	117	SINGLE	1	7	16	6	3.243e-06	{R}	----	11.605
sp|P0C093|SLMA_ECOLI	198	MULTIPLE	1	118	146	12	2.508e-06	{QR}	polar	4.670
sp|P0C0L7|PROP_ECOLI	500	SINGLE	1	98	132	11	2.877e-06	{I}	----	5.336
sp|P0C0S1|MSCS_ECOLI	286	SINGLE	1	162	176	7	9.737e-06	{I}	----	7.923
sp|P0C0T5|MEPA_ECOLI	274	SINGLE	1	227	263	12	4.553e-08	{P}	----	7.128
sp|P0C0T5|MEPA_ECOLI	274	MULTIPLE	1	5	20	12	7.650e-07	{AL}	hydrophobic	4.249
sp|P0C0V0|DEGP_ECOLI	474	SINGLE	1	97	105	7	3.080e-07	{G}	----	10.817
sp|P0C0V0|DEGP_ECOLI	474	MULTIPLE	1	72	110	25	3.576e-12	{GQF}	mixed	4.291
sp|P0C0V0|DEGP_ECOLI	474	MULTIPLE	2	381	392	9	1.086e-07	{QS}	polar	7.845
sp|P0C0V0|DEGP_ECOLI	474	MULTIPLE	3	6	27	15	2.201e-07	{LA}	hydrophobic	3.863
sp|P0C7L2|PAAJ_ECOLI	401	SINGLE	1	250	288	13	6.831e-06	{A}	----	4.055
sp|P0C7L2|PAAJ_ECOLI	401	WHOLE	1	1	401	59	5.375e-06	{A}
sp|P0DM85|RDCA_ECOLI	742	SINGLE	1	709	714	5	3.953e-07	{Q}	----	22.584
sp|P0DM85|RDCA_ECOLI	742	SINGLE	2	133	137	4	8.928e-06	{Q}	----	21.680
sp|P0DM85|RDCA_ECOLI	742	SINGLE	3	450	471	7	9.038e-06	{Q}	----	8.623
sp|P0DM85|RDCA_ECOLI	742	MULTIPLE	1	4	27	14	2.152e-07	{QL}	mixed	4.446
sp|P0DM85|RDCA_ECOLI	742	WHOLE	1	1	742	68	9.324e-12	{Q}
sp|P0DTV7|SPEFL_ECOLI	34	MULTIPLE	1	16	31	8	2.037e-06	{FH}	aromatic	7.862
sp|P10121|FTSY_ECOLI	497	SINGLE	1	19	193	54	2.090e-21	{E}	----	4.472
sp|P10121|FTSY_ECOLI	497	MULTIPLE	1	17	190	114	3.594e-32	{EAPQ}	mixed	2.805
sp|P10121|FTSY_ECOLI	497	WHOLE	1	1	497	79	3.193e-12	{E}
sp|P10408|SECA_ECOLI	901	SINGLE	1	865	872	7	1.862e-07	{A}	----	10.645
sp|P10408|SECA_ECOLI	901	MULTIPLE	1	835	856	12	4.200e-07	{EQ}	glx	5.151
sp|P10903|NARK_ECOLI	463	WHOLE	1	1	463	45	5.929e-08	{F}
sp|P10905|UGPA_ECOLI	295	WHOLE	1	1	295	33	1.328e-07	{F}
sp|P11349|NARH_ECOLI	512	SINGLE	1	217	263	7	3.281e-06	{C}	----	10.871
sp|P11350|NARI_ECOLI	225	MULTIPLE	1	182	203	12	5.514e-06	{LF}	hydrophobic	4.043
sp|P11454|ENTF_ECOLI	1293	SINGLE	1	205	216	6	6.200e-06	{P}	----	10.989
sp|P11454|ENTF_ECOLI	1293	MULTIPLE	1	930	963	17	5.368e-07	{LP}	mixed	3.577
sp|P11454|ENTF_ECOLI	1293	WHOLE	1	1	1293	160	7.862e-08	{A}
sp|P11454|ENTF_ECOLI	1293	WHOLE	2	1	1293	83	6.368e-07	{Q}
sp|P11454|ENTF_ECOLI	1293	WHOLE	3	1	1293	92	9.546e-06	{P}
sp|P11458|NADA_ECOLI	347	SINGLE	1	13	20	5	9.497e-06	{P}	----	13.736
sp|P11551|FUCP_ECOLI	438	MULTIPLE	1	51	75	11	8.728e-07	{QF}	mixed	5.677
sp|P11557|DAMX_ECOLI	428	SINGLE	1	60	85	13	3.299e-09	{E}	----	7.246
sp|P11557|DAMX_ECOLI	428	SINGLE	2	182	213	10	1.320e-07	{Q}	----	8.469
sp|P11557|DAMX_ECOLI	428	SINGLE	3	289	334	16	3.286e-07	{A}	----	4.231
sp|P11557|DAMX_ECOLI	428	SINGLE	4	339	356	8	3.369e-06	{S}	----	7.571
sp|P11557|DAMX_ECOLI	428	SINGLE	5	295	333	11	3.695e-06	{T}	----	5.272
sp|P11557|DAMX_ECOLI	428	SINGLE	6	42	51	6	6.358e-06	{D}	----	10.327
sp|P11557|DAMX_ECOLI	428	MULTIPLE	1	60	91	19	2.328e-10	{ER}	charged	4.919
sp|P11557|DAMX_ECOLI	428	MULTIPLE	2	192	216	13	8.254e-09	{QN}	amide	6.633
sp|P11557|DAMX_ECOLI	428	MULTIPLE	3	268	334	45	1.382e-18	{ATP}	small	3.707
sp|P11557|DAMX_ECOLI	428	MULTIPLE	4	15	34	12	1.620e-07	{RS}	polar	5.435
sp|P11880|MURF_ECOLI	452	SINGLE	1	284	291	6	7.276e-06	{A}	----	9.124
sp|P11880|MURF_ECOLI	452	MULTIPLE	1	212	252	11	8.064e-06	{NW}	polar	4.878
sp|P11880|MURF_ECOLI	452	WHOLE	1	1	452	64	7.741e-06	{A}
sp|P12998|BIOF_ECOLI	384	MULTIPLE	1	9	23	11	1.905e-07	{RA}	mixed	5.477
sp|P13035|GLPD_ECOLI	501	MULTIPLE	1	10	26	12	4.806e-07	{GA}	tiny_hydrophobic	4.581
sp|P13036|FECA_ECOLI	774	MULTIPLE	1	594	636	15	4.291e-06	{TN}	small_polar	3.672
sp|P13036|FECA_ECOLI	774	MULTIPLE	2	227	245	12	1.349e-06	{GV}	small_hydrophobic	4.386
sp|P13039|FES_ECOLI	400	MULTIPLE	1	61	87	9	3.877e-06	{QW}	polar	6.614
sp|P13039|FES_ECOLI	400	WHOLE	1	1	400	23	8.456e-09	{W}
sp|P13445|RPOS_ECOLI	330	SINGLE	1	81	112	10	2.737e-06	{R}	----	6.044
sp|P13458|SBCC_ECOLI	1048	SINGLE	1	721	876	44	1.878e-26	{Q}	----	7.644
sp|P13458|SBCC_ECOLI	1048	SINGLE	2	605	693	24	1.137e-14	{Q}	----	7.308
sp|P13458|SBCC_ECOLI	1048	SINGLE	3	217	279	18	7.670e-12	{Q}	----	7.743
sp|P13458|SBCC_ECOLI	1048	SINGLE	4	417	476	15	3.137e-09	{Q}	----	6.775
sp|P13458|SBCC_ECOLI	1048	SINGLE	5	342	346	5	6.841e-08	{Q}	----	27.100
sp|P13458|SBCC_ECOLI	1048	SINGLE	6	371	394	8	1.385e-06	{Q}	----	9.033
sp|P13458|SBCC_ECOLI	1048	SINGLE	7	559	582	8	1.385e-06	{Q}	----	9.033
sp|P13458|SBCC_ECOLI	1048	WHOLE	1	1	1048	157	1.793e-49	{Q}
sp|P13458|SBCC_ECOLI	1048	WHOLE	2	1	1048	145	9.281e-07	{L}
sp|P13482|TREA_ECOLI	565	SINGLE	1	504	510	6	8.976e-07	{G}	----	11.921
sp|P13656|CHIA_ECOLI	897	SINGLE	1	93	101	7	7.660e-08	{S}	----	13.250
sp|P13656|CHIA_ECOLI	897	SINGLE	2	197	219	9	3.559e-07	{P}	----	8.600
sp|P13656|CHIA_ECOLI	897	SINGLE	3	307	328	8	3.061e-06	{P}	----	7.992
sp|P13656|CHIA_ECOLI	897	WHOLE	1	1	897	76	3.761e-09	{N}
sp|P13656|CHIA_ECOLI	897	WHOLE	2	1	897	31	2.100e-06	{W}
sp|P13738|NHAA_ECOLI	388	WHOLE	1	1	388	64	4.194e-06	{L}
sp|P14081|SELB_ECOLI	614	SINGLE	1	472	483	5	4.331e-06	{H}	----	18.116
sp|P14900|MURD_ECOLI	438	SINGLE	1	273	283	7	5.938e-06	{A}	----	7.742
sp|P15005|MCRB_ECOLI	459	SINGLE	1	14	21	5	3.422e-06	{Q}	----	16.938
sp|P15029|FECD_ECOLI	318	WHOLE	1	1	318	67	2.192e-10	{L}
sp|P15030|FECC_ECOLI	332	SINGLE	1	212	249	15	6.574e-07	{L}	----	4.186
sp|P15030|FECC_ECOLI	332	SINGLE	2	203	211	6	9.427e-06	{V}	----	9.246
sp|P15030|FECC_ECOLI	332	WHOLE	1	1	332	67	1.381e-09	{L}
sp|P15067|GLGX_ECOLI	657	SINGLE	1	454	476	9	1.648e-07	{N}	----	9.429
sp|P15877|DHG_ECOLI	796	SINGLE	1	55	88	6	5.564e-06	{W}	----	13.072
sp|P15877|DHG_ECOLI	796	SINGLE	2	691	715	8	9.002e-06	{P}	----	7.033
sp|P15877|DHG_ECOLI	796	MULTIPLE	1	695	711	11	1.078e-09	{PM}	mixed	9.586
sp|P15877|DHG_ECOLI	796	WHOLE	1	1	796	67	7.967e-07	{P}
sp|P15993|AROP_ECOLI	457	SINGLE	1	205	211	4	7.670e-06	{M}	----	25.974
sp|P16688|PHNJ_ECOLI	281	MULTIPLE	1	183	200	9	7.540e-07	{MP}	mixed	7.407
sp|P16869|FHUE_ECOLI	729	SINGLE	1	72	96	8	1.962e-06	{Q}	----	8.672
sp|P16869|FHUE_ECOLI	729	WHOLE	1	1	729	67	7.467e-06	{T}
sp|P16926|MREC_ECOLI	367	SINGLE	1	298	364	18	6.679e-10	{P}	----	5.905
sp|P16926|MREC_ECOLI	367	MULTIPLE	1	302	364	32	3.317e-13	{PA}	small	3.978
sp|P17109|MEND_ECOLI	556	SINGLE	1	185	217	6	4.645e-06	{W}	----	13.468
sp|P17115|GUTQ_ECOLI	321	SINGLE	1	239	243	4	8.928e-06	{Q}	----	21.680
sp|P17117|NFSA_ECOLI	240	SINGLE	1	38	47	6	6.745e-06	{S}	----	10.221
sp|P17169|GLMS_ECOLI	609	SINGLE	1	62	105	9	5.655e-07	{H}	----	8.893
sp|P17443|MURG_ECOLI	355	WHOLE	1	1	355	54	4.936e-06	{A}
sp|P17888|PRIA_ECOLI	732	SINGLE	1	436	479	8	1.339e-07	{C}	----	13.271
sp|P17888|PRIA_ECOLI	732	SINGLE	2	450	465	6	9.394e-07	{H}	----	16.304
sp|P17888|PRIA_ECOLI	732	MULTIPLE	1	436	483	16	7.382e-12	{CH}	polar	9.083
sp|P17952|MURC_ECOLI	491	SINGLE	1	294	304	7	5.938e-06	{A}	----	7.742
sp|P17952|MURC_ECOLI	491	SINGLE	2	26	34	6	9.278e-06	{G}	----	9.272
sp|P18200|PGPA_ECOLI	172	SINGLE	1	92	133	7	1.370e-06	{W}	----	12.346
sp|P18775|DMSA_ECOLI	814	SINGLE	1	102	130	9	9.141e-06	{R}	----	6.003
sp|P18776|DMSB_ECOLI	205	WHOLE	1	1	205	16	2.896e-08	{C}
sp|P18956|GGT_ECOLI	580	MULTIPLE	1	11	31	12	1.616e-06	{PA}	small	4.475
sp|P19319|NARZ_ECOLI	1246	WHOLE	1	1	1246	40	5.355e-07	{W}
sp|P19934|TOLA_ECOLI	421	SINGLE	1	120	294	94	1.706e-54	{A}	----	6.535
sp|P19934|TOLA_ECOLI	421	SINGLE	2	209	284	21	1.402e-09	{K}	----	4.715
sp|P19934|TOLA_ECOLI	421	SINGLE	3	68	133	14	9.508e-08	{Q}	----	5.749
sp|P19934|TOLA_ECOLI	421	SINGLE	4	146	196	14	7.793e-07	{K}	----	4.684
sp|P19934|TOLA_ECOLI	421	SINGLE	5	43	47	5	1.922e-06	{G}	----	13.908
sp|P19934|TOLA_ECOLI	421	MULTIPLE	1	123	294	133	1.099e-77	{AK}	hydrophobic	5.492
sp|P19934|TOLA_ECOLI	421	MULTIPLE	2	68	136	30	2.244e-12	{QE}	glx	4.106
sp|P19934|TOLA_ECOLI	421	MULTIPLE	3	311	342	16	6.552e-08	{NG}	small	4.409
sp|P19934|TOLA_ECOLI	421	WHOLE	1	1	421	130	5.421e-41	{A}
sp|P19934|TOLA_ECOLI	421	WHOLE	2	1	421	66	3.166e-13	{K}
sp|P20083|PARE_ECOLI	630	MULTIPLE	1	592	605	9	1.790e-07	{MD}	mixed	8.026
sp|P20966|PTFBC_ECOLI	563	WHOLE	1	1	563	100	1.798e-13	{A}
sp|P21151|FADA_ECOLI	387	SINGLE	1	167	184	9	3.849e-06	{A}	----	6.083
sp|P21151|FADA_ECOLI	387	WHOLE	1	1	387	57	7.264e-06	{A}
sp|P21170|SPEA_ECOLI	658	MULTIPLE	1	547	564	9	7.540e-07	{PM}	mixed	7.407
sp|P21179|CATE_ECOLI	753	MULTIPLE	1	456	477	11	5.602e-07	{NP}	small	5.747
sp|P21345|GLTP_ECOLI	437	MULTIPLE	1	47	71	13	3.227e-06	{IV}	aliphatic	3.969
sp|P21499|RNR_ECOLI	813	SINGLE	1	736	810	25	4.046e-13	{K}	----	5.688
sp|P21499|RNR_ECOLI	813	SINGLE	2	779	812	12	7.906e-06	{A}	----	4.294
sp|P21499|RNR_ECOLI	813	MULTIPLE	1	736	812	41	6.124e-16	{KA}	hydrophobic	3.782
sp|P21499|RNR_ECOLI	813	WHOLE	1	1	813	74	1.259e-06	{R}
sp|P21507|SRMB_ECOLI	444	SINGLE	1	389	431	16	1.004e-09	{K}	----	6.350
sp|P21507|SRMB_ECOLI	444	MULTIPLE	1	393	431	21	5.962e-11	{KR}	positive	4.882
sp|P21513|RNE_ECOLI	1061	SINGLE	1	604	644	16	7.123e-11	{R}	----	7.548
sp|P21513|RNE_ECOLI	1061	SINGLE	2	796	819	12	5.215e-10	{R}	----	9.671
sp|P21513|RNE_ECOLI	1061	SINGLE	3	524	568	15	6.326e-10	{P}	----	7.326
sp|P21513|RNE_ECOLI	1061	SINGLE	4	854	910	18	4.647e-08	{V}	----	4.380
sp|P21513|RNE_ECOLI	1061	SINGLE	5	960	1001	15	9.677e-08	{V}	----	4.953
sp|P21513|RNE_ECOLI	1061	SINGLE	6	540	566	12	4.569e-07	{A}	----	5.407
sp|P21513|RNE_ECOLI	1061	SINGLE	7	676	683	6	4.808e-07	{R}	----	14.507
sp|P21513|RNE_ECOLI	1061	SINGLE	8	689	733	11	4.882e-07	{Q}	----	6.625
sp|P21513|RNE_ECOLI	1061	SINGLE	9	939	972	12	1.325e-06	{E}	----	5.115
sp|P21513|RNE_ECOLI	1061	SINGLE	10	645	649	4	8.928e-06	{Q}	----	21.680
sp|P21513|RNE_ECOLI	1061	MULTIPLE	1	527	568	29	5.189e-17	{PA}	small	5.407
sp|P21513|RNE_ECOLI	1061	MULTIPLE	2	852	911	38	6.223e-15	{VEQ}	mixed	3.558
sp|P21513|RNE_ECOLI	1061	MULTIPLE	3	931	1002	54	3.033e-21	{VEA}	mixed	3.359
sp|P21513|RNE_ECOLI	1061	MULTIPLE	4	688	738	28	1.296e-10	{QER}	polar	3.484
sp|P21513|RNE_ECOLI	1061	MULTIPLE	5	1040	1055	10	6.824e-07	{AH}	hydrophobic	5.941
sp|P21513|RNE_ECOLI	1061	WHOLE	1	1	1061	130	1.241e-10	{E}
sp|P21513|RNE_ECOLI	1061	WHOLE	2	1	1061	102	1.343e-09	{R}
sp|P21513|RNE_ECOLI	1061	WHOLE	3	1	1061	86	1.445e-07	{P}
sp|P21513|RNE_ECOLI	1061	WHOLE	4	1	1061	126	8.905e-06	{A}
sp|P21513|RNE_ECOLI	1061	WHOLE	5	1	1061	67	9.921e-06	{Q}
sp|P21865|KDPD_ECOLI	894	SINGLE	1	436	457	9	9.901e-06	{V}	----	5.674
sp|P22188|MURE_ECOLI	495	SINGLE	1	312	330	10	2.106e-06	{L}	----	5.581
sp|P22188|MURE_ECOLI	495	SINGLE	2	115	124	6	3.952e-06	{T}	----	11.215
sp|P22255|CYSQ_ECOLI	246	SINGLE	1	207	218	8	7.321e-07	{A}	----	8.110
sp|P22523|MUKB_ECOLI	1486	SINGLE	1	585	634	12	1.854e-07	{Q}	----	6.504
sp|P22523|MUKB_ECOLI	1486	SINGLE	2	348	394	15	2.918e-07	{E}	----	4.625
sp|P22523|MUKB_ECOLI	1486	SINGLE	3	930	956	8	3.735e-06	{Q}	----	8.030
sp|P22523|MUKB_ECOLI	1486	SINGLE	4	398	418	7	6.399e-06	{Q}	----	9.033
sp|P22523|MUKB_ECOLI	1486	SINGLE	5	860	868	5	7.416e-06	{Q}	----	15.056
sp|P22523|MUKB_ECOLI	1486	WHOLE	1	1	1486	145	2.644e-13	{R}
sp|P22523|MUKB_ECOLI	1486	WHOLE	2	1	1486	114	3.240e-13	{Q}
sp|P22523|MUKB_ECOLI	1486	WHOLE	3	1	1486	160	1.083e-08	{E}
sp|P22729|LIVM_ECOLI	425	SINGLE	1	379	408	7	3.044e-06	{M}	----	10.606
sp|P22729|LIVM_ECOLI	425	MULTIPLE	1	320	352	16	3.364e-07	{FA}	hydrophobic	3.948
sp|P22729|LIVM_ECOLI	425	MULTIPLE	2	124	163	25	5.008e-09	{GYL}	hydrophobic	3.117
sp|P22729|LIVM_ECOLI	425	WHOLE	1	1	425	69	3.278e-06	{L}
sp|P23367|MUTL_ECOLI	615	SINGLE	1	366	395	9	4.497e-06	{P}	----	6.593
sp|P23367|MUTL_ECOLI	615	MULTIPLE	1	364	433	37	2.700e-12	{PQA}	mixed	3.211
sp|P23367|MUTL_ECOLI	615	WHOLE	1	1	615	45	8.201e-06	{Q}
sp|P23485|FECR_ECOLI	317	SINGLE	1	31	52	9	3.870e-08	{Q}	----	11.086
sp|P23485|FECR_ECOLI	317	SINGLE	2	86	90	5	7.457e-06	{L}	----	10.604
sp|P23485|FECR_ECOLI	317	MULTIPLE	1	31	52	13	4.229e-12	{QW}	polar	11.724
sp|P23485|FECR_ECOLI	317	WHOLE	1	1	317	29	5.644e-06	{Q}
sp|P23830|PSS_ECOLI	451	SINGLE	1	432	449	8	1.314e-06	{R}	----	8.597
sp|P23837|PHOQ_ECOLI	486	SINGLE	1	140	144	4	8.928e-06	{Q}	----	21.680
sp|P23862|PRIC_ECOLI	175	SINGLE	1	107	135	10	9.967e-07	{R}	----	6.670
sp|P23862|PRIC_ECOLI	175	WHOLE	1	1	175	25	3.038e-06	{R}
sp|P23865|PRC_ECOLI	682	MULTIPLE	1	326	343	10	2.986e-06	{TR}	polar	5.281
sp|P23886|CYDC_ECOLI	573	WHOLE	1	1	573	99	1.849e-09	{L}
sp|P23890|CADC_ECOLI	512	SINGLE	1	109	114	5	8.737e-06	{E}	----	12.077
sp|P23909|MUTS_ECOLI	853	SINGLE	1	193	199	5	6.975e-06	{R}	----	13.816
sp|P23930|LNT_ECOLI	512	SINGLE	1	466	486	8	6.682e-06	{T}	----	7.121
sp|P24177|ACRD_ECOLI	1037	SINGLE	1	105	125	8	4.290e-07	{Q}	----	10.324
sp|P24177|ACRD_ECOLI	1037	SINGLE	2	991	1007	8	8.871e-06	{G}	----	6.545
sp|P24182|ACCC_ECOLI	449	SINGLE	1	162	168	6	8.976e-07	{G}	----	11.921
sp|P24183|FDNG_ECOLI	1014	MULTIPLE	1	424	440	9	6.269e-06	{MG}	hydrophobic	5.638
sp|P24183|FDNG_ECOLI	1014	MULTIPLE	2	892	906	8	4.324e-06	{TH}	polar	6.972
sp|P24188|TRHO_ECOLI	350	SINGLE	1	267	308	11	8.906e-12	{C}	----	19.117
sp|P24188|TRHO_ECOLI	350	SINGLE	2	319	325	5	6.975e-06	{R}	----	13.816
sp|P24205|LPXM_ECOLI	323	MULTIPLE	1	89	104	10	6.244e-07	{MA}	hydrophobic	5.998
sp|P25519|HFLX_ECOLI	426	SINGLE	1	164	192	9	9.141e-06	{R}	----	6.003
sp|P25519|HFLX_ECOLI	426	MULTIPLE	1	164	192	14	3.543e-08	{RQ}	polar	5.449
sp|P25527|GABP_ECOLI	466	SINGLE	1	89	102	5	7.944e-07	{W}	----	26.455
sp|P25714|YIDC_ECOLI	548	SINGLE	1	36	42	6	1.554e-07	{T}	----	16.021
sp|P25714|YIDC_ECOLI	548	SINGLE	2	21	38	7	1.960e-06	{Q}	----	10.539
sp|P25714|YIDC_ECOLI	548	MULTIPLE	1	25	42	12	3.132e-09	{TQ}	polar	7.375
sp|P25714|YIDC_ECOLI	548	MULTIPLE	2	471	509	13	3.429e-07	{FM}	hydrophobic	5.325
sp|P25714|YIDC_ECOLI	548	WHOLE	1	1	548	42	5.416e-06	{Q}
sp|P25718|AMY1_ECOLI	676	SINGLE	1	347	381	7	3.756e-07	{W}	----	14.815
sp|P25718|AMY1_ECOLI	676	WHOLE	1	1	676	25	6.004e-06	{W}
sp|P25737|LYSP_ECOLI	489	SINGLE	1	100	133	7	3.046e-07	{W}	----	15.251
sp|P25888|RHLE_ECOLI	454	SINGLE	1	395	416	12	5.853e-09	{G}	----	7.586
sp|P25888|RHLE_ECOLI	454	SINGLE	2	443	448	5	2.102e-06	{R}	----	16.119
sp|P25888|RHLE_ECOLI	454	SINGLE	3	388	409	7	9.038e-06	{Q}	----	8.623
sp|P25888|RHLE_ECOLI	454	MULTIPLE	1	390	416	25	3.390e-18	{GQR}	mixed	5.769
sp|P25889|PREA_ECOLI	411	SINGLE	1	373	392	6	2.113e-07	{C}	----	21.898
sp|P26458|APPB_ECOLI	378	SINGLE	1	316	337	9	1.875e-06	{S}	----	6.969
sp|P26458|APPB_ECOLI	378	MULTIPLE	1	316	357	20	6.577e-07	{SL}	mixed	3.112
sp|P26458|APPB_ECOLI	378	WHOLE	1	1	378	64	1.819e-06	{L}
sp|P26459|APPC_ECOLI	514	SINGLE	1	104	116	6	5.750e-06	{F}	----	11.368
sp|P26459|APPC_ECOLI	514	SINGLE	2	505	513	5	7.416e-06	{Q}	----	15.056
sp|P26648|FTSP_ECOLI	470	MULTIPLE	1	109	131	9	8.936e-06	{PM}	mixed	5.797
sp|P27125|RHAT_ECOLI	344	SINGLE	1	32	51	5	5.670e-06	{W}	----	18.519
sp|P27125|RHAT_ECOLI	344	MULTIPLE	1	186	204	11	4.928e-07	{AM}	hydrophobic	5.556
sp|P27243|WAAL_ECOLI	419	SINGLE	1	377	405	11	3.434e-07	{I}	----	6.440
sp|P27243|WAAL_ECOLI	419	MULTIPLE	1	244	280	14	5.666e-06	{NI}	mixed	3.769
sp|P27243|WAAL_ECOLI	419	WHOLE	1	1	419	56	7.526e-09	{I}
sp|P27249|GLND_ECOLI	890	MULTIPLE	1	776	792	9	2.140e-06	{QP}	mixed	6.425
sp|P27249|GLND_ECOLI	890	WHOLE	1	1	890	77	4.637e-06	{R}
sp|P27249|GLND_ECOLI	890	WHOLE	2	1	890	122	8.084e-06	{L}
sp|P27296|DING_ECOLI	716	SINGLE	1	712	716	5	3.694e-07	{R}	----	19.342
sp|P27296|DING_ECOLI	716	MULTIPLE	1	194	205	6	8.413e-06	{YC}	polar	10.417
sp|P27302|TKT1_ECOLI	663	WHOLE	1	1	663	89	1.780e-06	{A}
sp|P27303|EMRA_ECOLI	390	SINGLE	1	23	30	7	4.805e-07	{L}	----	9.279
sp|P27431|ROXA_ECOLI	373	SINGLE	1	283	290	5	9.497e-06	{P}	----	13.736
sp|P27434|RODZ_ECOLI	337	SINGLE	1	168	197	13	1.383e-09	{T}	----	8.100
sp|P27434|RODZ_ECOLI	337	SINGLE	2	112	133	5	9.372e-06	{W}	----	16.835
sp|P27434|RODZ_ECOLI	337	MULTIPLE	1	220	254	25	7.072e-12	{TAP}	small	3.942
sp|P27550|ACSA_ECOLI	652	SINGLE	1	395	414	5	5.670e-06	{W}	----	18.519
sp|P27828|WECB_ECOLI	376	SINGLE	1	96	102	5	8.246e-06	{T}	----	13.351
sp|P27837|THRP_ECOLI	461	SINGLE	1	168	201	12	2.027e-06	{G}	----	4.909
sp|P27837|THRP_ECOLI	461	MULTIPLE	1	168	202	19	5.638e-10	{GF}	hydrophobic	4.825
sp|P27838|CYAY_ECOLI	106	SINGLE	1	22	31	6	6.358e-06	{D}	----	10.327
sp|P27859|TATD_ECOLI	260	MULTIPLE	1	184	230	20	1.361e-06	{LP}	mixed	3.044
sp|P28246|BCR_ECOLI	396	SINGLE	1	86	115	12	1.758e-06	{A}	----	4.866
sp|P28246|BCR_ECOLI	396	WHOLE	1	1	396	37	1.885e-06	{F}
sp|P28306|MLTG_ECOLI	340	SINGLE	1	156	166	4	9.966e-06	{W}	----	26.936
sp|P28630|HOLA_ECOLI	343	SINGLE	1	80	110	13	1.617e-06	{L}	----	4.447
sp|P28630|HOLA_ECOLI	343	WHOLE	1	1	343	70	3.772e-10	{L}
sp|P29018|CYDD_ECOLI	588	WHOLE	1	1	588	90	1.720e-06	{L}
sp|P29131|FTSN_ECOLI	319	SINGLE	1	113	225	36	5.912e-24	{Q}	----	8.634
sp|P29131|FTSN_ECOLI	319	WHOLE	1	1	319	45	1.658e-14	{Q}
sp|P30015|LHR_ECOLI	1538	SINGLE	1	1280	1303	9	1.556e-06	{R}	----	7.253
sp|P30015|LHR_ECOLI	1538	SINGLE	2	116	119	4	7.144e-06	{R}	----	19.342
sp|P30015|LHR_ECOLI	1538	SINGLE	3	859	862	4	8.192e-06	{T}	----	18.692
sp|P30015|LHR_ECOLI	1538	MULTIPLE	1	1284	1303	13	1.237e-08	{RS}	polar	5.888
sp|P30015|LHR_ECOLI	1538	WHOLE	1	1	1538	147	8.485e-13	{R}
sp|P30131|HYPF_ECOLI	750	SINGLE	1	600	627	12	7.339e-07	{A}	----	5.214
sp|P30131|HYPF_ECOLI	750	SINGLE	2	475	479	4	1.367e-06	{H}	----	34.783
sp|P30131|HYPF_ECOLI	750	MULTIPLE	1	475	487	10	3.402e-08	{HA}	hydrophobic	7.312
sp|P30131|HYPF_ECOLI	750	MULTIPLE	2	648	678	17	4.384e-08	{WAQ}	mixed	4.136
sp|P30138|THIF_ECOLI	251	SINGLE	1	85	105	7	6.399e-06	{Q}	----	9.033
sp|P30139|THIG_ECOLI	256	WHOLE	1	1	256	42	8.025e-06	{A}
sp|P30178|HCXB_ECOLI	361	MULTIPLE	1	77	120	18	1.425e-07	{HA}	hydrophobic	3.889
sp|P30847|BAES_ECOLI	467	MULTIPLE	1	169	191	16	5.585e-08	{LA}	hydrophobic	3.941
sp|P30855|EVGS_ECOLI	1197	SINGLE	1	878	897	7	4.429e-06	{Q}	----	9.485
sp|P30870|GLNE_ECOLI	946	WHOLE	1	1	946	81	4.011e-06	{R}
sp|P30958|MFD_ECOLI	1148	SINGLE	1	453	463	6	6.766e-06	{R}	----	10.550
sp|P30958|MFD_ECOLI	1148	MULTIPLE	1	868	885	12	3.691e-08	{IT}	hydrophobic	5.931
sp|P30958|MFD_ECOLI	1148	WHOLE	1	1	1148	93	7.586e-06	{R}
sp|P31057|PANB_ECOLI	264	MULTIPLE	1	163	180	12	5.292e-06	{AL}	hydrophobic	3.777
sp|P31224|ACRB_ECOLI	1049	SINGLE	1	104	125	8	6.493e-07	{Q}	----	9.855
sp|P31224|ACRB_ECOLI	1049	MULTIPLE	1	994	1029	20	5.893e-07	{VFG}	hydrophobic	3.010
sp|P31466|ADEP_ECOLI	445	SINGLE	1	299	324	10	9.801e-07	{S}	----	6.552
sp|P31473|RAVA_ECOLI	498	SINGLE	1	289	352	16	9.496e-10	{Q}	----	6.775
sp|P31473|RAVA_ECOLI	498	WHOLE	1	1	498	42	5.402e-07	{Q}
sp|P31547|METI_ECOLI	217	SINGLE	1	164	183	9	3.796e-06	{G}	----	6.259
sp|P31547|METI_ECOLI	217	MULTIPLE	1	164	184	13	1.812e-08	{GY}	hydrophobic	5.829
sp|P31552|CAIC_ECOLI	517	SINGLE	1	106	133	8	5.037e-06	{Q}	----	7.743
sp|P31553|CAIT_ECOLI	504	SINGLE	1	51	68	5	3.220e-06	{W}	----	20.576
sp|P31553|CAIT_ECOLI	504	SINGLE	2	316	324	4	3.910e-06	{W}	----	32.922
sp|P31553|CAIT_ECOLI	504	MULTIPLE	1	234	249	9	3.782e-07	{IC}	hydrophobic	7.748
sp|P31553|CAIT_ECOLI	504	WHOLE	1	1	504	23	4.791e-07	{W}
sp|P31554|LPTD_ECOLI	784	WHOLE	1	1	784	58	4.006e-08	{Y}
sp|P31572|CAIB_ECOLI	405	SINGLE	1	200	225	7	1.075e-06	{M}	----	12.238
sp|P31677|OTSA_ECOLI	474	MULTIPLE	1	18	47	16	1.412e-06	{GA}	tiny_hydrophobic	3.461
sp|P31806|NNR_ECOLI	515	SINGLE	1	461	478	9	3.849e-06	{A}	----	6.083
sp|P32131|HEMN_ECOLI	457	SINGLE	1	62	71	4	6.810e-06	{C}	----	29.197
sp|P32138|SQASE_ECOLI	678	WHOLE	1	1	678	26	2.165e-06	{W}
sp|P32140|SQUS_ECOLI	413	SINGLE	1	340	361	5	9.372e-06	{W}	----	16.835
sp|P32140|SQUS_ECOLI	413	MULTIPLE	1	326	361	12	5.497e-08	{WY}	polar_aromatic	6.974
sp|P32140|SQUS_ECOLI	413	WHOLE	1	1	413	21	2.661e-07	{W}
sp|P32143|SQUV_ECOLI	298	SINGLE	1	41	49	7	7.690e-07	{A}	----	9.462
sp|P32166|MENA_ECOLI	308	SINGLE	1	232	263	13	2.467e-06	{L}	----	4.308
sp|P32166|MENA_ECOLI	308	WHOLE	1	1	308	56	8.406e-07	{L}
sp|P32171|RHAB_ECOLI	489	SINGLE	1	113	117	4	8.928e-06	{Q}	----	21.680
sp|P32176|FDOG_ECOLI	1015	MULTIPLE	1	424	440	9	6.269e-06	{MG}	hydrophobic	5.638
sp|P32684|RLUF_ECOLI	290	SINGLE	1	244	269	9	9.121e-06	{K}	----	5.907
sp|P32705|ACTP_ECOLI	549	SINGLE	1	7	25	9	6.713e-06	{A}	----	5.763
sp|P32705|ACTP_ECOLI	549	MULTIPLE	1	217	242	10	1.745e-06	{FM}	hydrophobic	6.144
sp|P32717|LPAKS_ECOLI	661	SINGLE	1	570	593	8	3.284e-06	{N}	----	8.032
sp|P33015|TSUA_ECOLI	352	SINGLE	1	286	307	9	9.683e-06	{G}	----	5.690
sp|P33015|TSUA_ECOLI	352	SINGLE	2	76	108	11	9.951e-06	{G}	----	4.636
sp|P33018|SFGH2_ECOLI	278	SINGLE	1	35	44	6	1.547e-06	{P}	----	13.187
sp|P33195|GCSP_ECOLI	957	SINGLE	1	715	725	7	2.432e-06	{G}	----	8.851
sp|P33195|GCSP_ECOLI	957	SINGLE	2	151	161	7	5.938e-06	{A}	----	7.742
sp|P33224|AIDB_ECOLI	541	MULTIPLE	1	459	475	9	3.894e-06	{QR}	polar	5.975
sp|P33225|TORA_ECOLI	848	SINGLE	1	396	429	13	2.658e-07	{G}	----	5.318
sp|P33231|LLDP_ECOLI	551	SINGLE	1	27	30	4	2.717e-06	{F}	----	24.631
sp|P33602|NUOG_ECOLI	908	MULTIPLE	1	151	173	8	6.606e-06	{CY}	polar	7.246
sp|P33607|NUOL_ECOLI	613	SINGLE	1	534	543	4	6.429e-06	{W}	----	29.630
sp|P33607|NUOL_ECOLI	613	WHOLE	1	1	613	99	5.223e-08	{L}
sp|P33643|RLUD_ECOLI	326	MULTIPLE	1	211	245	14	7.654e-08	{HR}	positive	5.355
sp|P33650|FEOB_ECOLI	773	MULTIPLE	1	434	456	13	4.457e-07	{AF}	hydrophobic	4.603
sp|P33913|YEJA_ECOLI	604	MULTIPLE	1	549	587	9	6.416e-06	{WM}	hydrophobic	6.501
sp|P33913|YEJA_ECOLI	604	MULTIPLE	2	473	489	9	8.453e-07	{MR}	mixed	7.183
sp|P33916|YEJF_ECOLI	529	WHOLE	1	1	529	43	1.028e-06	{Q}
sp|P33937|NAPA_ECOLI	828	SINGLE	1	11	21	9	7.938e-09	{A}	----	9.954
sp|P33937|NAPA_ECOLI	828	MULTIPLE	1	255	282	13	8.066e-07	{NI}	mixed	4.624
sp|P36548|AMIA_ECOLI	289	MULTIPLE	1	40	81	17	7.130e-06	{KG}	hydrophobic	3.102
sp|P36649|CUEO_ECOLI	516	SINGLE	1	355	396	14	1.764e-13	{M}	----	15.152
sp|P36649|CUEO_ECOLI	516	SINGLE	2	381	406	7	1.439e-06	{H}	----	11.706
sp|P36649|CUEO_ECOLI	516	MULTIPLE	1	355	406	21	2.404e-15	{MH}	hydrophobic	8.974
sp|P36649|CUEO_ECOLI	516	WHOLE	1	1	516	29	3.957e-06	{M}
sp|P36655|DSBD_ECOLI	565	MULTIPLE	1	130	164	13	1.797e-06	{QP}	mixed	4.508
sp|P36655|DSBD_ECOLI	565	MULTIPLE	2	29	45	9	1.286e-06	{QF}	mixed	6.831
sp|P36655|DSBD_ECOLI	565	WHOLE	1	1	565	43	5.051e-06	{Q}
sp|P36672|PTTBC_ECOLI	473	SINGLE	1	405	430	10	5.944e-06	{G}	----	5.349
sp|P36837|DTPB_ECOLI	489	SINGLE	1	16	59	11	9.650e-07	{F}	----	6.158
sp|P36837|DTPB_ECOLI	489	WHOLE	1	1	489	43	1.484e-06	{F}
sp|P36929|RSMB_ECOLI	429	WHOLE	1	1	429	35	8.223e-06	{Q}
sp|P36979|RLMN_ECOLI	384	MULTIPLE	1	172	195	9	8.204e-06	{MN}	mixed	5.906
sp|P37001|PAGP_ECOLI	186	SINGLE	1	85	118	6	5.564e-06	{W}	----	13.072
sp|P37001|PAGP_ECOLI	186	WHOLE	1	1	186	12	8.577e-06	{W}
sp|P37019|CLCA_ECOLI	473	SINGLE	1	134	159	11	6.697e-07	{G}	----	5.884
sp|P37019|CLCA_ECOLI	473	SINGLE	2	179	195	9	2.097e-06	{A}	----	6.441
sp|P37019|CLCA_ECOLI	473	SINGLE	3	285	316	11	7.148e-06	{G}	----	4.781
sp|P37028|BTUF_ECOLI	266	WHOLE	1	1	266	26	5.208e-06	{Q}
sp|P37177|PT1P_ECOLI	748	WHOLE	1	1	748	67	5.886e-06	{R}
sp|P37313|DPPF_ECOLI	334	SINGLE	1	284	291	5	9.497e-06	{P}	----	13.736
sp|P37329|MODA_ECOLI	257	WHOLE	1	1	257	42	8.804e-06	{A}
sp|P37340|MDTK_ECOLI	457	SINGLE	1	435	440	4	3.361e-06	{M}	----	30.303
sp|P37344|PSPF_ECOLI	325	SINGLE	1	283	302	7	4.429e-06	{Q}	----	9.485
sp|P37349|DHAM_ECOLI	472	SINGLE	1	347	359	6	3.329e-06	{Q}	----	12.508
sp|P37353|MENE_ECOLI	451	MULTIPLE	1	80	106	15	4.345e-07	{LP}	mixed	3.974
sp|P37617|ZNTA_ECOLI	732	SINGLE	1	29	35	4	1.183e-06	{C}	----	41.710
sp|P37617|ZNTA_ECOLI	732	WHOLE	1	1	732	119	5.681e-13	{A}
sp|P37637|MDTF_ECOLI	1037	SINGLE	1	206	241	9	4.327e-06	{Q}	----	6.775
sp|P37637|MDTF_ECOLI	1037	SINGLE	2	104	125	7	9.038e-06	{Q}	----	8.623
sp|P37637|MDTF_ECOLI	1037	MULTIPLE	1	1019	1034	10	1.292e-06	{VF}	hydrophobic	5.546
sp|P37672|DLGD_ECOLI	332	SINGLE	1	170	182	5	5.551e-06	{M}	----	17.483
sp|P37686|ADH2_ECOLI	383	WHOLE	1	1	383	62	1.430e-07	{A}
sp|P37690|ENVC_ECOLI	419	SINGLE	1	143	225	20	1.677e-11	{Q}	----	6.530
sp|P37690|ENVC_ECOLI	419	SINGLE	2	241	260	10	1.104e-06	{A}	----	6.083
sp|P37690|ENVC_ECOLI	419	SINGLE	3	56	60	4	8.928e-06	{Q}	----	21.680
sp|P37690|ENVC_ECOLI	419	MULTIPLE	1	241	264	16	2.487e-09	{AR}	mixed	4.979
sp|P37690|ENVC_ECOLI	419	MULTIPLE	2	101	127	13	3.297e-06	{AQ}	mixed	4.043
sp|P37690|ENVC_ECOLI	419	WHOLE	1	1	419	50	4.274e-13	{Q}
sp|P37758|NARU_ECOLI	462	SINGLE	1	246	262	9	6.490e-06	{L}	----	5.614
sp|P37758|NARU_ECOLI	462	WHOLE	1	1	462	45	5.579e-08	{F}
sp|P37773|MPL_ECOLI	457	SINGLE	1	287	304	9	3.849e-06	{A}	----	6.083
sp|P37794|CHBG_ECOLI	249	SINGLE	1	121	129	5	7.389e-07	{H}	----	24.155
sp|P38036|CAS3_ECOLI	888	MULTIPLE	1	662	674	8	8.464e-07	{HR}	positive	8.238
sp|P38038|CYSJ_ECOLI	599	SINGLE	1	49	59	7	5.938e-06	{A}	----	7.742
sp|P38097|DGCE_ECOLI	1105	SINGLE	1	168	212	17	2.540e-07	{L}	----	4.006
sp|P38097|DGCE_ECOLI	1105	SINGLE	2	233	287	10	2.855e-07	{M}	----	8.264
sp|P38097|DGCE_ECOLI	1105	SINGLE	3	107	146	14	7.769e-06	{L}	----	3.712
sp|P38097|DGCE_ECOLI	1105	WHOLE	1	1	1105	165	1.503e-09	{L}
sp|P38135|FADK_ECOLI	566	SINGLE	1	163	171	5	7.416e-06	{Q}	----	15.056
sp|P39172|ZNUA_ECOLI	310	SINGLE	1	119	143	7	1.077e-06	{H}	----	12.174
sp|P39172|ZNUA_ECOLI	310	SINGLE	2	10	43	13	1.198e-06	{A}	----	4.651
sp|P39172|ZNUA_ECOLI	310	SINGLE	3	121	126	5	3.741e-06	{D}	----	14.343
sp|P39172|ZNUA_ECOLI	310	MULTIPLE	1	119	139	14	3.425e-11	{HD}	charged	8.220
sp|P39180|AG43_ECOLI	1039	SINGLE	1	424	473	14	2.039e-07	{T}	----	5.234
sp|P39180|AG43_ECOLI	1039	SINGLE	2	499	544	13	4.877e-07	{T}	----	5.282
sp|P39180|AG43_ECOLI	1039	MULTIPLE	1	353	385	16	4.472e-07	{TG}	small_hydrophobic	3.866
sp|P39180|AG43_ECOLI	1039	WHOLE	1	1	1039	155	6.105e-18	{G}
sp|P39180|AG43_ECOLI	1039	WHOLE	2	1	1039	115	1.969e-13	{T}
sp|P39180|AG43_ECOLI	1039	WHOLE	3	1	1039	75	1.868e-06	{N}
sp|P39277|YJEH_ECOLI	418	SINGLE	1	365	406	16	4.957e-07	{L}	----	4.040
sp|P39277|YJEH_ECOLI	418	WHOLE	1	1	418	71	4.979e-07	{L}
sp|P39301|ULAA_ECOLI	465	WHOLE	1	1	465	57	1.052e-07	{I}
sp|P39304|ULAD_ECOLI	216	MULTIPLE	1	117	125	6	1.179e-06	{WQ}	polar	13.228
sp|P39315|QOR2_ECOLI	286	SINGLE	1	146	179	14	1.610e-07	{A}	----	5.009
sp|P39315|QOR2_ECOLI	286	WHOLE	1	1	286	49	4.804e-07	{A}
sp|P39344|IDNT_ECOLI	439	SINGLE	1	268	306	13	1.721e-07	{I}	----	5.659
sp|P39353|NANY_ECOLI	372	SINGLE	1	170	176	4	9.134e-06	{H}	----	24.845
sp|P39396|BTST_ECOLI	716	MULTIPLE	1	40	57	10	3.308e-06	{YV}	hydrophobic	5.221
sp|P39400|LGOD_ECOLI	340	SINGLE	1	92	106	5	1.263e-06	{C}	----	24.331
sp|P39406|RSMC_ECOLI	343	MULTIPLE	1	45	58	7	6.162e-06	{HQ}	polar	8.347
sp|P39414|TTDT_ECOLI	487	MULTIPLE	1	395	415	12	1.789e-07	{AM}	hydrophobic	5.484
sp|P39414|TTDT_ECOLI	487	WHOLE	1	1	487	75	8.404e-06	{L}
sp|P39453|TORS_ECOLI	914	SINGLE	1	111	143	14	3.478e-12	{Q}	----	11.497
sp|P39453|TORS_ECOLI	914	WHOLE	1	1	914	86	5.102e-15	{Q}
sp|P39453|TORS_ECOLI	914	WHOLE	2	1	914	133	1.819e-07	{L}
sp|P39838|RCSD_ECOLI	890	SINGLE	1	301	324	13	3.915e-08	{L}	----	5.744
sp|P39838|RCSD_ECOLI	890	SINGLE	2	682	688	6	7.033e-07	{E}	----	12.422
sp|P40874|MTOX_ECOLI	372	SINGLE	1	34	44	5	2.586e-06	{H}	----	19.763
sp|P41052|MLTB_ECOLI	361	SINGLE	1	26	34	6	1.670e-06	{T}	----	12.461
sp|P42593|FADH_ECOLI	672	MULTIPLE	1	189	206	11	1.321e-06	{RV}	mixed	4.936
sp|P42641|OBG_ECOLI	390	SINGLE	1	368	380	9	4.245e-09	{D}	----	11.916
sp|P42641|OBG_ECOLI	390	SINGLE	2	32	43	8	2.623e-07	{G}	----	9.272
sp|P42641|OBG_ECOLI	390	MULTIPLE	1	362	382	17	2.048e-12	{DE}	negative	6.369
sp|P43672|UUP_ECOLI	635	SINGLE	1	277	299	10	7.828e-08	{R}	----	8.410
sp|P43672|UUP_ECOLI	635	SINGLE	2	449	482	13	5.406e-06	{L}	----	4.055
sp|P45424|NANQ_ECOLI	154	MULTIPLE	1	142	149	8	8.515e-08	{VK}	hydrophobic	7.651
sp|P45425|NANK_ECOLI	291	SINGLE	1	132	172	14	4.638e-07	{G}	----	4.749
sp|P45425|NANK_ECOLI	291	MULTIPLE	1	132	173	18	2.514e-09	{GC}	tiny_hydrophobic	5.007
sp|P45425|NANK_ECOLI	291	WHOLE	1	1	291	49	7.921e-07	{A}
sp|P45464|LPOA_ECOLI	678	SINGLE	1	498	529	11	4.179e-07	{T}	----	6.425
sp|P45464|LPOA_ECOLI	678	SINGLE	2	292	304	8	1.747e-06	{A}	----	7.486
sp|P45464|LPOA_ECOLI	678	SINGLE	3	52	56	4	8.928e-06	{Q}	----	21.680
sp|P45464|LPOA_ECOLI	678	MULTIPLE	1	331	356	15	6.732e-08	{AP}	small	4.518
sp|P45464|LPOA_ECOLI	678	WHOLE	1	1	678	66	1.366e-12	{Q}
sp|P45464|LPOA_ECOLI	678	WHOLE	2	1	678	88	7.000e-06	{A}
sp|P45508|YFAL_ECOLI	1250	SINGLE	1	920	952	17	8.504e-15	{P}	----	11.322
sp|P45508|YFAL_ECOLI	1250	MULTIPLE	1	920	948	23	5.559e-18	{PD}	small	7.655
sp|P45508|YFAL_ECOLI	1250	MULTIPLE	2	756	798	18	1.993e-08	{TN}	small_polar	4.406
sp|P45508|YFAL_ECOLI	1250	WHOLE	1	1	1250	155	2.095e-11	{G}
sp|P45508|YFAL_ECOLI	1250	WHOLE	2	1	1250	118	1.081e-07	{D}
sp|P45508|YFAL_ECOLI	1250	WHOLE	3	1	1250	110	1.618e-07	{T}
sp|P45508|YFAL_ECOLI	1250	WHOLE	4	1	1250	88	7.869e-07	{N}
sp|P45508|YFAL_ECOLI	1250	WHOLE	5	1	1250	111	5.240e-06	{S}
sp|P45541|FRLC_ECOLI	276	SINGLE	1	77	102	7	1.075e-06	{M}	----	12.238
sp|P45562|XAPB_ECOLI	418	SINGLE	1	94	107	5	8.446e-06	{M}	----	16.234
sp|P45562|XAPB_ECOLI	418	WHOLE	1	1	418	39	1.077e-06	{F}
sp|P45562|XAPB_ECOLI	418	WHOLE	2	1	418	25	6.089e-06	{M}
sp|P45577|PROQ_ECOLI	232	SINGLE	1	136	157	8	7.763e-06	{R}	----	7.034
sp|P45577|PROQ_ECOLI	232	MULTIPLE	1	106	128	13	3.123e-07	{AQ}	mixed	4.746
sp|P45955|CPOB_ECOLI	263	SINGLE	1	54	97	14	3.229e-10	{Q}	----	8.623
sp|P45955|CPOB_ECOLI	263	SINGLE	2	106	151	15	1.894e-06	{A}	----	3.967
sp|P45955|CPOB_ECOLI	263	MULTIPLE	1	100	151	23	1.148e-07	{AS}	tiny	3.139
sp|P45955|CPOB_ECOLI	263	WHOLE	1	1	263	28	4.645e-07	{Q}
sp|P46133|ABGT_ECOLI	508	SINGLE	1	2	12	7	6.222e-07	{S}	----	10.841
sp|P46889|FTSK_ECOLI	1329	SINGLE	1	740	816	39	4.240e-35	{Q}	----	13.726
sp|P46889|FTSK_ECOLI	1329	SINGLE	2	382	474	28	3.007e-18	{Q}	----	8.159
sp|P46889|FTSK_ECOLI	1329	SINGLE	3	727	822	27	1.250e-14	{P}	----	6.181
sp|P46889|FTSK_ECOLI	1329	SINGLE	4	336	381	14	8.810e-09	{P}	----	6.689
sp|P46889|FTSK_ECOLI	1329	SINGLE	5	628	668	12	1.692e-08	{Q}	----	7.932
sp|P46889|FTSK_ECOLI	1329	SINGLE	6	533	570	15	1.137e-07	{A}	----	4.802
sp|P46889|FTSK_ECOLI	1329	SINGLE	7	389	428	11	1.037e-06	{P}	----	6.044
sp|P46889|FTSK_ECOLI	1329	SINGLE	8	458	492	10	2.179e-06	{P}	----	6.279
sp|P46889|FTSK_ECOLI	1329	SINGLE	9	689	696	5	3.422e-06	{Q}	----	16.938
sp|P46889|FTSK_ECOLI	1329	SINGLE	10	235	249	7	4.155e-06	{R}	----	9.026
sp|P46889|FTSK_ECOLI	1329	SINGLE	11	832	855	8	6.413e-06	{P}	----	7.326
sp|P46889|FTSK_ECOLI	1329	SINGLE	12	321	335	8	7.358e-06	{A}	----	6.488
sp|P46889|FTSK_ECOLI	1329	SINGLE	13	214	226	7	8.321e-06	{E}	----	7.804
sp|P46889|FTSK_ECOLI	1329	MULTIPLE	1	734	816	63	7.400e-51	{QP}	mixed	9.212
sp|P46889|FTSK_ECOLI	1329	MULTIPLE	2	361	492	59	3.712e-29	{QP}	mixed	3.495
sp|P46889|FTSK_ECOLI	1329	MULTIPLE	3	628	670	19	2.752e-09	{QD}	polar	4.651
sp|P46889|FTSK_ECOLI	1329	MULTIPLE	4	516	571	25	3.644e-09	{AP}	small	3.496
sp|P46889|FTSK_ECOLI	1329	MULTIPLE	5	675	696	13	1.541e-07	{QA}	mixed	4.961
sp|P46889|FTSK_ECOLI	1329	MULTIPLE	6	208	226	14	1.692e-09	{ED}	negative	5.797
sp|P46889|FTSK_ECOLI	1329	MULTIPLE	7	581	605	12	9.788e-07	{RP}	mixed	4.938
sp|P46889|FTSK_ECOLI	1329	WHOLE	1	1	1329	119	2.023e-18	{Q}
sp|P46889|FTSK_ECOLI	1329	WHOLE	2	1	1329	132	9.607e-17	{P}
sp|P50457|PUUE_ECOLI	421	SINGLE	1	67	71	4	8.928e-06	{Q}	----	21.680
sp|P50457|PUUE_ECOLI	421	WHOLE	1	1	421	61	6.121e-06	{A}
sp|P52006|NUDI_ECOLI	141	MULTIPLE	1	37	60	13	4.051e-06	{EG}	mixed	3.844
sp|P52101|GLRK_ECOLI	475	SINGLE	1	133	145	8	1.747e-06	{A}	----	7.486
sp|P52101|GLRK_ECOLI	475	SINGLE	2	11	29	10	2.106e-06	{L}	----	5.581
sp|P54745|MNGA_ECOLI	658	SINGLE	1	371	394	10	8.312e-06	{A}	----	5.069
sp|P54745|MNGA_ECOLI	658	MULTIPLE	1	371	412	20	7.377e-07	{AG}	tiny_hydrophobic	3.090
sp|P54745|MNGA_ECOLI	658	WHOLE	1	1	658	90	7.510e-07	{A}
sp|P60340|TRUB_ECOLI	314	SINGLE	1	3	9	5	6.975e-06	{R}	----	13.816
sp|P60422|RL2_ECOLI	273	MULTIPLE	1	253	273	11	3.222e-06	{RK}	positive	4.749
sp|P60560|GUAC_ECOLI	347	SINGLE	1	211	253	14	8.885e-07	{G}	----	4.528
sp|P60716|LIPA_ECOLI	321	SINGLE	1	68	101	6	6.043e-06	{C}	----	12.881
sp|P60752|MSBA_ECOLI	582	SINGLE	1	98	111	5	8.446e-06	{M}	----	16.234
sp|P60785|LEPA_ECOLI	599	SINGLE	1	561	576	8	1.104e-06	{K}	----	8.532
sp|P61320|LOLB_ECOLI	207	SINGLE	1	38	78	11	1.766e-07	{Q}	----	7.271
sp|P62707|GPMA_ECOLI	250	SINGLE	1	237	244	6	7.276e-06	{A}	----	9.124
sp|P63389|YHES_ECOLI	637	WHOLE	1	1	637	48	2.068e-06	{Q}
sp|P64512|MGRB_ECOLI	47	SINGLE	1	7	13	6	9.125e-07	{V}	----	11.888
sp|P64588|YQJI_ECOLI	207	SINGLE	1	3	47	12	2.924e-10	{H}	----	11.594
sp|P64588|YQJI_ECOLI	207	SINGLE	2	8	43	7	5.068e-07	{C}	----	14.193
sp|P64588|YQJI_ECOLI	207	SINGLE	3	32	61	11	3.513e-06	{G}	----	5.100
sp|P64588|YQJI_ECOLI	207	MULTIPLE	1	3	61	41	7.043e-20	{HCGR}	mixed	4.335
sp|P64604|MLAD_ECOLI	183	MULTIPLE	1	14	29	12	7.650e-07	{AL}	hydrophobic	4.249
sp|P66948|BEPA_ECOLI	487	WHOLE	1	1	487	41	7.540e-07	{Q}
sp|P67444|XANQ_ECOLI	466	SINGLE	1	379	388	6	6.878e-06	{I}	----	10.187
sp|P67603|AC4CH_ECOLI	103	SINGLE	1	52	79	9	8.725e-06	{T}	----	6.008
sp|P68183|MALG_ECOLI	296	SINGLE	1	18	22	5	7.457e-06	{L}	----	10.604
sp|P68679|RS21_ECOLI	71	MULTIPLE	1	45	69	12	3.691e-06	{RK}	positive	4.352
sp|P68699|ATPL_ECOLI	79	MULTIPLE	1	11	33	16	5.404e-08	{MAG}	hydrophobic	3.950
sp|P69423|TATC_ECOLI	258	SINGLE	1	244	258	8	2.004e-06	{E}	----	7.729
sp|P69681|AMTB_ECOLI	428	SINGLE	1	282	320	12	9.956e-06	{G}	----	4.279
sp|P69681|AMTB_ECOLI	428	MULTIPLE	1	334	371	13	7.659e-06	{GC}	tiny_hydrophobic	3.997
sp|P69681|AMTB_ECOLI	428	WHOLE	1	1	428	60	3.627e-07	{G}
sp|P69739|MBHS_ECOLI	372	MULTIPLE	1	334	348	12	5.012e-08	{AV}	small_hydrophobic	5.185
sp|P69741|MBHT_ECOLI	372	SINGLE	1	144	166	10	5.283e-06	{A}	----	5.289
sp|P69741|MBHT_ECOLI	372	MULTIPLE	1	329	355	15	6.386e-07	{GV}	small_hydrophobic	3.858
sp|P69795|PTQB_ECOLI	106	SINGLE	1	95	105	7	5.938e-06	{A}	----	7.742
sp|P69797|PTNAB_ECOLI	323	SINGLE	1	137	149	9	8.693e-08	{A}	----	8.422
sp|P69797|PTNAB_ECOLI	323	MULTIPLE	1	137	155	16	3.216e-12	{AP}	small	6.594
sp|P69801|PTNC_ECOLI	266	SINGLE	1	68	105	13	4.962e-06	{A}	----	4.162
sp|P69801|PTNC_ECOLI	266	MULTIPLE	1	66	105	21	1.007e-08	{AI}	hydrophobic	3.721
sp|P69805|PTND_ECOLI	283	SINGLE	1	4	9	5	2.489e-06	{T}	----	15.576
sp|P69831|PTKC_ECOLI	451	WHOLE	1	1	451	54	4.425e-07	{I}
sp|P69853|DMSD_ECOLI	204	MULTIPLE	1	72	91	8	8.916e-06	{WP}	mixed	6.780
sp|P69856|NANC_ECOLI	238	MULTIPLE	1	49	76	10	1.201e-06	{WN}	polar	6.494
sp|P69902|FCTA_ECOLI	416	SINGLE	1	242	252	7	2.432e-06	{G}	----	8.851
sp|P69922|FUCI_ECOLI	591	MULTIPLE	1	34	71	16	1.239e-07	{AC}	tiny_hydrophobic	4.391
sp|P75691|YAHK_ECOLI	349	SINGLE	1	88	107	5	6.084e-06	{C}	----	18.248
sp|P75691|YAHK_ECOLI	349	MULTIPLE	1	55	99	15	2.351e-06	{CV}	small_hydrophobic	3.885
sp|P75906|PGAB_ECOLI	672	SINGLE	1	609	626	7	1.960e-06	{Q}	----	10.539
sp|P75906|PGAB_ECOLI	672	WHOLE	1	1	672	48	7.966e-06	{Q}
sp|P75908|DGCT_ECOLI	452	SINGLE	1	86	99	7	5.518e-06	{I}	----	8.489
sp|P75960|NPD_ECOLI	279	SINGLE	1	4	30	12	2.859e-09	{R}	----	8.597
sp|P76014|DHAL_ECOLI	210	SINGLE	1	198	203	4	3.361e-06	{M}	----	30.303
sp|P76015|DHAK_ECOLI	356	SINGLE	1	258	273	7	7.597e-07	{Q}	----	11.856
sp|P76015|DHAK_ECOLI	356	MULTIPLE	1	122	140	11	4.513e-06	{VD}	small	4.447
sp|P76082|PAAF_ECOLI	255	SINGLE	1	166	170	4	8.928e-06	{Q}	----	21.680
sp|P76149|SAD_ECOLI	462	SINGLE	1	247	294	15	3.408e-06	{A}	----	3.802
sp|P76149|SAD_ECOLI	462	WHOLE	1	1	462	74	1.680e-08	{A}
sp|P76236|CDGI_ECOLI	491	SINGLE	1	262	287	12	1.193e-06	{L}	----	4.894
sp|P76236|CDGI_ECOLI	491	MULTIPLE	1	266	287	14	3.764e-09	{LC}	hydrophobic	5.892
sp|P76236|CDGI_ECOLI	491	WHOLE	1	1	491	76	6.268e-06	{L}
sp|P76278|YEBZ_ECOLI	290	WHOLE	1	1	290	15	9.800e-06	{W}
sp|P76343|MSRQ_ECOLI	211	WHOLE	1	1	211	49	1.809e-09	{L}
sp|P76344|ZINT_ECOLI	216	SINGLE	1	24	29	4	4.007e-06	{H}	----	28.986
sp|P76346|MTFA_ECOLI	265	MULTIPLE	1	220	248	11	4.906e-06	{QF}	mixed	4.894
sp|P76387|WZC_ECOLI	720	SINGLE	1	705	715	6	6.319e-07	{Y}	----	15.902
sp|P76474|ARNF_ECOLI	128	SINGLE	1	40	59	10	3.816e-06	{L}	----	5.302
sp|P76474|ARNF_ECOLI	128	WHOLE	1	1	128	29	4.698e-06	{L}
sp|P76503|FADI_ECOLI	436	MULTIPLE	1	413	430	12	1.220e-06	{GA}	tiny_hydrophobic	4.326
sp|P76503|FADI_ECOLI	436	WHOLE	1	1	436	63	4.861e-06	{A}
sp|P76541|EUTL_ECOLI	219	WHOLE	1	1	219	42	1.429e-07	{A}
sp|P76558|MAO2_ECOLI	759	SINGLE	1	633	646	7	5.397e-06	{S}	----	8.518
sp|P76562|TMCA_ECOLI	671	SINGLE	1	591	616	11	9.170e-06	{L}	----	4.486
sp|P76577|PBPC_ECOLI	770	WHOLE	1	1	770	67	2.616e-07	{P}
sp|P76577|PBPC_ECOLI	770	WHOLE	2	1	770	27	6.779e-06	{W}
sp|P77172|PDEF_ECOLI	747	SINGLE	1	218	230	9	2.837e-07	{L}	----	7.342
sp|P77172|PDEF_ECOLI	747	SINGLE	2	93	97	5	7.089e-07	{I}	----	16.978
sp|P77172|PDEF_ECOLI	747	SINGLE	3	53	58	4	3.361e-06	{M}	----	30.303
sp|P77172|PDEF_ECOLI	747	WHOLE	1	1	747	106	6.893e-06	{L}
sp|P77173|ZIPA_ECOLI	328	SINGLE	1	86	188	32	1.847e-18	{P}	----	6.828
sp|P77173|ZIPA_ECOLI	328	SINGLE	2	89	165	23	3.515e-15	{Q}	----	8.095
sp|P77173|ZIPA_ECOLI	328	SINGLE	3	49	60	7	1.312e-06	{D}	----	10.040
sp|P77173|ZIPA_ECOLI	328	MULTIPLE	1	86	183	55	7.238e-34	{PQ}	mixed	6.811
sp|P77173|ZIPA_ECOLI	328	WHOLE	1	1	328	41	4.647e-09	{P}
sp|P77173|ZIPA_ECOLI	328	WHOLE	2	1	328	35	1.932e-08	{Q}
sp|P77182|MNMC_ECOLI	668	SINGLE	1	420	433	7	2.457e-07	{Q}	----	13.550
sp|P77182|MNMC_ECOLI	668	MULTIPLE	1	420	433	10	2.494e-09	{QY}	polar	10.032
sp|P77182|MNMC_ECOLI	668	WHOLE	1	1	668	48	6.879e-06	{Q}
sp|P77211|CUSC_ECOLI	457	SINGLE	1	307	329	10	2.531e-07	{S}	----	7.407
sp|P77211|CUSC_ECOLI	457	SINGLE	2	286	303	9	3.849e-06	{A}	----	6.083
sp|P77211|CUSC_ECOLI	457	WHOLE	1	1	457	43	2.144e-08	{Q}
sp|P77212|RCLA_ECOLI	441	MULTIPLE	1	150	170	13	3.509e-06	{GL}	hydrophobic	3.725
sp|P77218|EUTD_ECOLI	338	WHOLE	1	1	338	52	5.233e-06	{A}
sp|P77324|PAOB_ECOLI	318	WHOLE	1	1	318	49	8.876e-06	{A}
sp|P77364|GLXK2_ECOLI	381	SINGLE	1	246	254	6	9.278e-06	{G}	----	9.272
sp|P77364|GLXK2_ECOLI	381	MULTIPLE	1	245	263	13	2.747e-07	{GA}	tiny_hydrophobic	4.440
sp|P77364|GLXK2_ECOLI	381	WHOLE	1	1	381	58	2.322e-06	{A}
sp|P77395|CNOX_ECOLI	284	SINGLE	1	177	228	13	3.446e-08	{Q}	----	6.775
sp|P77395|CNOX_ECOLI	284	WHOLE	1	1	284	35	4.818e-10	{Q}
sp|P77399|FADJ_ECOLI	714	SINGLE	1	312	322	7	2.432e-06	{G}	----	8.851
sp|P77454|GLSA1_ECOLI	310	SINGLE	1	134	162	8	6.699e-06	{Q}	----	7.476
sp|P77455|PAAZ_ECOLI	681	SINGLE	1	473	486	8	1.371e-06	{G}	----	7.948
sp|P77455|PAAZ_ECOLI	681	WHOLE	1	1	681	88	8.202e-06	{A}
sp|P77485|CUSS_ECOLI	480	MULTIPLE	1	133	150	9	2.431e-08	{HM}	hydrophobic	11.111
sp|P77489|PAOC_ECOLI	732	WHOLE	1	1	732	95	3.363e-06	{A}
sp|P77510|DPIB_ECOLI	552	SINGLE	1	373	381	5	7.416e-06	{Q}	----	15.056
sp|P77567|NHOA_ECOLI	281	MULTIPLE	1	161	181	9	1.390e-06	{HQ}	polar	7.155
sp|P77567|NHOA_ECOLI	281	MULTIPLE	2	109	117	8	3.808e-06	{EL}	mixed	5.443
sp|P77589|MHPT_ECOLI	403	SINGLE	1	7	11	5	6.969e-07	{S}	----	17.036
sp|P77589|MHPT_ECOLI	403	SINGLE	2	218	242	11	5.841e-06	{L}	----	4.666
sp|P77589|MHPT_ECOLI	403	WHOLE	1	1	403	70	2.618e-07	{L}
sp|P77589|MHPT_ECOLI	403	WHOLE	2	1	403	62	7.942e-07	{A}
sp|P77674|ABDH_ECOLI	474	SINGLE	1	34	53	10	1.104e-06	{A}	----	6.083
sp|P77754|SPY_ECOLI	161	SINGLE	1	6	34	12	1.149e-06	{A}	----	5.034
sp|P77788|NUDG_ECOLI	135	SINGLE	1	80	98	6	2.968e-06	{H}	----	13.730
sp|P77791|MAA_ECOLI	183	SINGLE	1	154	172	9	2.301e-06	{V}	----	6.570
sp|P77791|MAA_ECOLI	183	MULTIPLE	1	73	84	8	7.253e-07	{FN}	mixed	8.120
sp|Q46839|GLCA_ECOLI	560	SINGLE	1	384	403	8	8.807e-06	{I}	----	6.791
sp|Q46871|YQJH_ECOLI	254	SINGLE	1	59	90	9	8.033e-06	{P}	----	6.181
sp|Q46877|NORV_ECOLI	479	SINGLE	1	113	116	4	2.798e-07	{H}	----	43.478
sp|Q46896|CAS1_ECOLI	305	SINGLE	1	279	294	7	3.037e-06	{P}	----	9.615
sp|Q47208|ALLF_ECOLI	555	MULTIPLE	1	72	104	15	1.456e-06	{QA}	mixed	3.817
sp|Q47208|ALLF_ECOLI	555	WHOLE	1	1	555	80	3.835e-07	{A}
sp|Q47319|TAPT_ECOLI	232	SINGLE	1	10	33	9	1.556e-06	{R}	----	7.253
sp|Q47319|TAPT_ECOLI	232	MULTIPLE	1	10	43	13	8.978e-08	{RC}	polar	5.846
sp|Q47377|ARNE_ECOLI	111	SINGLE	1	38	58	10	6.597e-06	{L}	----	5.050
sp|Q57261|TRUD_ECOLI	349	SINGLE	1	310	313	3	9.709e-06	{W}	----	55.556
sp|Q59385|COPA_ECOLI	834	SINGLE	1	439	446	6	3.387e-06	{V}	----	10.402
sp|Q59385|COPA_ECOLI	834	WHOLE	1	1	834	120	9.810e-10	{A}
sp|Q6BF16|DGOA_ECOLI	205	WHOLE	1	1	205	36	7.469e-06	{A}
sp|P00961|SYGB_ECOLI	689	SINGLE	1	575	582	7	1.862e-07	{A}	----	10.645
sp|P02413|RL15_ECOLI	144	SINGLE	1	16	53	16	2.197e-09	{G}	----	5.856
sp|P02413|RL15_ECOLI	144	WHOLE	1	1	144	26	8.302e-06	{G}
sp|P05100|3MG1_ECOLI	187	SINGLE	1	162	181	5	6.084e-06	{C}	----	18.248
sp|P07018|MCP4_ECOLI	533	SINGLE	1	462	482	8	4.290e-07	{Q}	----	10.324
sp|P07018|MCP4_ECOLI	533	SINGLE	2	295	335	14	2.236e-06	{A}	----	4.154
sp|P07018|MCP4_ECOLI	533	MULTIPLE	1	295	352	24	1.370e-07	{AT}	small_hydrophobic	3.049
sp|P07018|MCP4_ECOLI	533	WHOLE	1	1	533	49	5.225e-09	{Q}
sp|P07018|MCP4_ECOLI	533	WHOLE	2	1	533	80	7.669e-08	{A}
sp|P07762|GLGB_ECOLI	728	WHOLE	1	1	728	26	7.218e-06	{W}
sp|P08194|GLPT_ECOLI	452	MULTIPLE	1	380	405	14	5.520e-06	{GA}	tiny_hydrophobic	3.494
sp|P08204|ARAB_ECOLI	566	SINGLE	1	490	517	11	5.784e-06	{A}	----	4.779
sp|P08204|ARAB_ECOLI	566	SINGLE	2	511	548	9	6.949e-06	{Q}	----	6.418
sp|P08204|ARAB_ECOLI	566	MULTIPLE	1	470	548	33	3.100e-10	{AQC}	mixed	3.145
sp|P08204|ARAB_ECOLI	566	WHOLE	1	1	566	79	1.487e-06	{A}
sp|P09053|AVTA_ECOLI	417	SINGLE	1	259	277	8	5.615e-06	{I}	----	7.149
sp|P09184|VSR_ECOLI	156	SINGLE	1	64	72	5	7.389e-07	{H}	----	24.155
sp|P09378|RHAR_ECOLI	282	SINGLE	1	211	238	8	5.037e-06	{Q}	----	7.743
sp|P09549|DEDD_ECOLI	220	SINGLE	1	99	131	16	1.784e-13	{P}	----	10.656
sp|P09549|DEDD_ECOLI	220	MULTIPLE	1	57	92	18	6.328e-08	{AP}	small	3.915
sp|P09549|DEDD_ECOLI	220	WHOLE	1	1	220	31	2.054e-08	{P}
sp|P09836|UHPC_ECOLI	439	WHOLE	1	1	439	19	8.856e-06	{W}
sp|P0A6A6|LEUC_ECOLI	466	SINGLE	1	448	454	6	1.982e-06	{A}	----	10.428
sp|P0A6I9|COAE_ECOLI	206	SINGLE	1	93	102	6	4.561e-07	{Q}	----	16.260
sp|P0A6L9|HSCB_ECOLI	171	SINGLE	1	14	59	11	6.180e-07	{Q}	----	6.480
sp|P0A6S3|FLGI_ECOLI	365	SINGLE	1	48	77	10	1.922e-06	{T}	----	6.231
sp|P0A6S3|FLGI_ECOLI	365	MULTIPLE	1	307	327	10	7.447e-06	{SQ}	polar	4.981
sp|P0A6S3|FLGI_ECOLI	365	WHOLE	1	1	365	33	1.820e-06	{Q}
sp|P0A6V8|GLK_ECOLI	321	MULTIPLE	1	242	287	19	1.552e-07	{FG}	hydrophobic	3.671
sp|P0A6W9|GSH1_ECOLI	518	SINGLE	1	477	508	11	4.852e-06	{E}	----	4.982
sp|P0A6Z1|HSCA_ECOLI	616	SINGLE	1	526	567	14	3.078e-06	{A}	----	4.055
sp|P0A6Z1|HSCA_ECOLI	616	WHOLE	1	1	616	86	5.623e-07	{A}
sp|P0A7I0|RF1_ECOLI	360	MULTIPLE	1	73	97	12	2.414e-06	{QE}	glx	4.533
sp|P0A7Q1|RL35_ECOLI	65	SINGLE	1	3	52	14	6.006e-07	{K}	----	4.778
sp|P0A7Y8|RNPA_ECOLI	119	SINGLE	1	57	76	8	3.400e-06	{R}	----	7.737
sp|P0A8P1|LFTR_ECOLI	234	MULTIPLE	1	48	69	10	1.593e-07	{WP}	mixed	7.704
sp|P0A996|GLPC_ECOLI	396	WHOLE	1	1	396	18	9.511e-06	{C}
sp|P0A9D4|CYSE_ECOLI	273	SINGLE	1	183	223	13	2.993e-06	{G}	----	4.410
sp|P0A9F9|METR_ECOLI	317	SINGLE	1	20	24	5	3.753e-06	{A}	----	12.165
sp|P0A9F9|METR_ECOLI	317	SINGLE	2	61	88	8	5.037e-06	{Q}	----	7.743
sp|P0A9H5|BTUR_ECOLI	196	SINGLE	1	7	11	4	8.928e-06	{Q}	----	21.680
sp|P0A9S3|GATD_ECOLI	346	SINGLE	1	83	103	5	7.876e-06	{C}	----	17.379
sp|P0A9X1|ZNUC_ECOLI	251	SINGLE	1	230	236	5	1.290e-07	{H}	----	31.056
sp|P0A9X1|ZNUC_ECOLI	251	MULTIPLE	1	229	250	11	1.214e-07	{HR}	positive	6.693
sp|P0A9X1|ZNUC_ECOLI	251	MULTIPLE	2	172	200	8	6.442e-06	{CH}	polar	7.517
sp|P0AA63|YQJA_ECOLI	220	SINGLE	1	105	121	7	5.247e-08	{H}	----	17.903
sp|P0AA63|YQJA_ECOLI	220	WHOLE	1	1	220	48	2.057e-08	{L}
sp|P0AA67|RHTA_ECOLI	295	WHOLE	1	1	295	53	2.228e-06	{L}
sp|P0AA80|GARP_ECOLI	444	SINGLE	1	91	130	11	3.433e-07	{F}	----	6.773
sp|P0AA80|GARP_ECOLI	444	MULTIPLE	1	91	124	14	5.422e-09	{FM}	hydrophobic	6.578
sp|P0AA80|GARP_ECOLI	444	WHOLE	1	1	444	39	4.306e-06	{F}
sp|P0AAA7|WZXE_ECOLI	416	WHOLE	1	1	416	70	8.239e-07	{L}
sp|P0AAD2|MTR_ECOLI	414	SINGLE	1	3	9	5	8.246e-06	{T}	----	13.351
sp|P0AAD2|MTR_ECOLI	414	MULTIPLE	1	15	28	10	8.375e-07	{GI}	hydrophobic	5.461
sp|P0AAD4|TYRP_ECOLI	403	WHOLE	1	1	403	69	5.270e-07	{L}
sp|P0AAG5|MDLB_ECOLI	593	SINGLE	1	245	270	12	1.193e-06	{L}	----	4.894
sp|P0AAG5|MDLB_ECOLI	593	SINGLE	2	551	575	8	1.962e-06	{Q}	----	8.672
sp|P0AAI9|FABD_ECOLI	309	WHOLE	1	1	309	54	7.240e-08	{A}
sp|P0AAJ8|HYBA_ECOLI	328	WHOLE	1	1	328	17	3.138e-06	{C}
sp|P0AAK1|HYCB_ECOLI	203	SINGLE	1	104	123	8	1.323e-06	{P}	----	8.791
sp|P0AAK1|HYCB_ECOLI	203	WHOLE	1	1	203	16	2.529e-08	{C}
sp|P0AAL0|NAPF_ECOLI	164	MULTIPLE	1	37	79	14	3.683e-08	{CN}	small_polar	5.898
sp|P0AAL0|NAPF_ECOLI	164	WHOLE	1	1	164	16	1.229e-09	{C}
sp|P0AAL3|NAPG_ECOLI	231	WHOLE	1	1	231	16	1.465e-07	{C}
sp|P0AAP1|DGCC_ECOLI	371	SINGLE	1	68	85	6	9.546e-08	{W}	----	24.691
sp|P0AAS3|YBBJ_ECOLI	152	SINGLE	1	34	74	8	6.731e-08	{W}	----	14.453
sp|P0AB67|PNTB_ECOLI	462	SINGLE	1	228	232	5	3.753e-06	{A}	----	12.165
sp|P0AB93|ARSB_ECOLI	429	SINGLE	1	231	235	5	7.457e-06	{L}	----	10.604
sp|P0AB93|ARSB_ECOLI	429	WHOLE	1	1	429	68	8.188e-06	{L}
sp|P0ABA0|ATPF_ECOLI	156	WHOLE	1	1	156	31	2.444e-06	{A}
sp|P0ABC3|HFLC_ECOLI	334	SINGLE	1	6	11	5	4.003e-06	{I}	----	14.148
sp|P0ABC9|BETT_ECOLI	677	SINGLE	1	315	330	6	4.232e-08	{W}	----	27.778
sp|P0ABF4|EUTM_ECOLI	97	SINGLE	1	50	63	9	2.234e-07	{A}	----	7.821
sp|P0ABM1|CCMC_ECOLI	245	SINGLE	1	114	125	5	3.229e-07	{W}	----	30.864
sp|P0ABM1|CCMC_ECOLI	245	WHOLE	1	1	245	17	4.874e-08	{W}
sp|P0ABM9|CCMH_ECOLI	350	SINGLE	1	122	128	5	6.975e-06	{R}	----	13.816
sp|P0AC28|5FCL_ECOLI	182	SINGLE	1	13	20	5	3.422e-06	{Q}	----	16.938
sp|P0AC28|5FCL_ECOLI	182	MULTIPLE	1	13	33	9	1.210e-06	{QM}	mixed	7.276
sp|P0AC51|ZUR_ECOLI	171	MULTIPLE	1	134	162	9	5.726e-07	{CH}	polar	8.456
sp|P0AC94|GNTP_ECOLI	447	WHOLE	1	1	447	50	6.835e-06	{I}
sp|P0ACQ7|TDCA_ECOLI	312	SINGLE	1	182	188	5	8.246e-06	{T}	----	13.351
sp|P0AD03|LETA_ECOLI	427	SINGLE	1	245	260	7	7.004e-06	{R}	----	8.462
sp|P0AD03|LETA_ECOLI	427	MULTIPLE	1	216	260	16	1.019e-08	{RC}	polar	5.437
sp|P0ADN6|LPTM_ECOLI	67	SINGLE	1	25	41	7	4.929e-06	{P}	----	9.050
sp|P0ADQ2|FABY_ECOLI	329	SINGLE	1	145	150	5	2.489e-06	{T}	----	15.576
sp|P0AEB5|YNAI_ECOLI	343	SINGLE	1	49	92	13	8.119e-07	{I}	----	5.016
sp|P0AEB5|YNAI_ECOLI	343	WHOLE	1	1	343	45	3.144e-07	{I}
sp|P0AEI4|RIMO_ECOLI	441	SINGLE	1	365	369	4	8.928e-06	{Q}	----	21.680
sp|P0AEJ0|EMRB_ECOLI	512	SINGLE	1	503	510	7	7.375e-08	{G}	----	12.170
sp|P0AEJ0|EMRB_ECOLI	512	SINGLE	2	444	471	8	5.037e-06	{Q}	----	7.743
sp|P0AEJ0|EMRB_ECOLI	512	SINGLE	3	190	200	6	6.766e-06	{R}	----	10.550
sp|P0AER8|GLTS_ECOLI	401	WHOLE	1	1	401	65	6.220e-06	{L}
sp|P0AF98|LPTF_ECOLI	366	SINGLE	1	47	79	14	5.483e-07	{L}	----	4.499
sp|P0AFA9|NIKC_ECOLI	277	MULTIPLE	1	82	101	13	1.603e-06	{LG}	hydrophobic	3.911
sp|P0AFH6|OPPC_ECOLI	302	SINGLE	1	147	160	6	9.654e-06	{F}	----	10.556
sp|P0AFK4|POTB_ECOLI	275	WHOLE	1	1	275	55	4.751e-08	{L}
sp|P0AFK6|POTC_ECOLI	264	MULTIPLE	1	99	132	14	9.724e-06	{ML}	hydrophobic	3.541
sp|P0AFL1|POTI_ECOLI	281	SINGLE	1	72	80	7	7.690e-07	{A}	----	9.462
sp|P0AFL9|PQIA_ECOLI	417	SINGLE	1	371	398	7	1.851e-06	{M}	----	11.364
sp|P0AFL9|PQIA_ECOLI	417	SINGLE	2	224	241	5	3.456e-06	{C}	----	20.276
sp|P0AFL9|PQIA_ECOLI	417	SINGLE	3	4	10	4	9.134e-06	{H}	----	24.845
sp|P0AFQ2|YBHS_ECOLI	377	MULTIPLE	1	226	247	12	1.150e-06	{LM}	hydrophobic	4.690
sp|P0AFR7|YCJO_ECOLI	293	SINGLE	1	15	28	9	7.194e-07	{L}	----	6.817
sp|P0AFR9|YDCV_ECOLI	264	SINGLE	1	103	107	5	7.457e-06	{L}	----	10.604
sp|P0AFR9|YDCV_ECOLI	264	MULTIPLE	1	67	90	16	1.380e-07	{AL}	hydrophobic	3.777
sp|P0AFS5|TQSA_ECOLI	344	SINGLE	1	136	163	12	3.084e-06	{L}	----	4.545
sp|P0AFS5|TQSA_ECOLI	344	SINGLE	2	5	46	12	3.120e-06	{I}	----	4.851
sp|P0AFS5|TQSA_ECOLI	344	WHOLE	1	1	344	67	5.936e-09	{L}
sp|P0AFY2|SANA_ECOLI	239	SINGLE	1	7	23	10	5.406e-07	{L}	----	6.238
sp|P0AFZ7|TRKH_ECOLI	483	SINGLE	1	110	116	5	8.246e-06	{T}	----	13.351
sp|P0AFZ7|TRKH_ECOLI	483	WHOLE	1	1	483	41	5.650e-06	{F}
sp|P0AGC5|MLTF_ECOLI	518	SINGLE	1	490	513	9	4.366e-06	{S}	----	6.388
sp|P0C8J6|GATY_ECOLI	284	SINGLE	1	74	84	5	2.586e-06	{H}	----	19.763
sp|P10100|RLPA_ECOLI	362	SINGLE	1	294	355	15	5.090e-09	{Q}	----	6.557
sp|P10100|RLPA_ECOLI	362	SINGLE	2	243	280	10	4.880e-06	{P}	----	5.784
sp|P10100|RLPA_ECOLI	362	MULTIPLE	1	243	280	18	3.483e-09	{PT}	small	4.785
sp|P10100|RLPA_ECOLI	362	WHOLE	1	1	362	32	3.998e-06	{Q}
sp|P10384|FADL_ECOLI	446	SINGLE	1	189	207	7	2.989e-06	{Q}	----	9.984
sp|P13669|MNGR_ECOLI	240	SINGLE	1	112	120	5	7.416e-06	{Q}	----	15.056
sp|P15032|RECE_ECOLI	866	SINGLE	1	542	569	10	8.864e-06	{E}	----	5.176
sp|P15078|CSTA_ECOLI	701	SINGLE	1	654	658	5	1.948e-06	{V}	----	13.870
sp|P15078|CSTA_ECOLI	701	WHOLE	1	1	701	90	8.435e-06	{A}
sp|P16256|PANF_ECOLI	483	WHOLE	1	1	483	79	5.680e-07	{L}
sp|P16429|HYCC_ECOLI	608	SINGLE	1	153	200	16	3.705e-06	{L}	----	3.535
sp|P16429|HYCC_ECOLI	608	SINGLE	2	221	231	7	5.938e-06	{A}	----	7.742
sp|P16429|HYCC_ECOLI	608	WHOLE	1	1	608	103	2.602e-09	{L}
sp|P16432|HYCF_ECOLI	180	WHOLE	1	1	180	14	2.127e-07	{C}
sp|P18392|RSTB_ECOLI	433	WHOLE	1	1	433	69	6.026e-06	{L}
sp|P21169|DCOR_ECOLI	711	MULTIPLE	1	118	147	11	1.079e-06	{FH}	aromatic	5.765
sp|P21189|DPO2_ECOLI	783	SINGLE	1	646	650	4	8.928e-06	{Q}	----	21.680
sp|P22939|ISPA_ECOLI	299	SINGLE	1	84	93	6	6.358e-06	{D}	----	10.327
sp|P23173|TNAB_ECOLI	415	WHOLE	1	1	415	39	9.080e-07	{F}
sp|P23173|TNAB_ECOLI	415	WHOLE	2	1	415	47	8.973e-06	{I}
sp|P23200|MGLC_ECOLI	336	MULTIPLE	1	273	322	34	3.671e-11	{IVGY}	hydrophobic	2.867
sp|P23482|HYFB_ECOLI	672	SINGLE	1	533	539	7	6.631e-08	{L}	----	10.604
sp|P23482|HYFB_ECOLI	672	SINGLE	2	4	34	13	1.617e-06	{L}	----	4.447
sp|P23482|HYFB_ECOLI	672	SINGLE	3	326	357	13	2.467e-06	{L}	----	4.308
sp|P23482|HYFB_ECOLI	672	WHOLE	1	1	672	113	7.572e-10	{L}
sp|P23482|HYFB_ECOLI	672	WHOLE	2	1	672	89	2.979e-06	{A}
sp|P23524|GLXK1_ECOLI	381	SINGLE	1	132	166	12	2.863e-06	{G}	----	4.769
sp|P23524|GLXK1_ECOLI	381	MULTIPLE	1	129	166	17	1.455e-06	{GI}	hydrophobic	3.420
sp|P23524|GLXK1_ECOLI	381	MULTIPLE	2	246	263	13	1.025e-07	{GA}	tiny_hydrophobic	4.687
sp|P23849|TRKG_ECOLI	485	SINGLE	1	40	50	6	1.682e-06	{F}	----	13.435
sp|P23849|TRKG_ECOLI	485	SINGLE	2	402	413	6	3.227e-06	{F}	----	12.315
sp|P23849|TRKG_ECOLI	485	WHOLE	1	1	485	46	8.638e-08	{F}
sp|P23871|HEMH_ECOLI	320	SINGLE	1	82	89	5	3.422e-06	{Q}	----	16.938
sp|P23876|FEPD_ECOLI	334	SINGLE	1	16	20	5	7.457e-06	{L}	----	10.604
sp|P23876|FEPD_ECOLI	334	MULTIPLE	1	65	80	11	4.705e-06	{GL}	hydrophobic	4.137
sp|P23876|FEPD_ECOLI	334	WHOLE	1	1	334	63	5.263e-08	{L}
sp|P23876|FEPD_ECOLI	334	WHOLE	2	1	334	53	1.796e-06	{A}
sp|P23877|FEPG_ECOLI	330	WHOLE	1	1	330	59	7.785e-07	{L}
sp|P23917|MAK_ECOLI	302	SINGLE	1	131	156	10	5.944e-06	{G}	----	5.349
sp|P24077|ENTS_ECOLI	416	SINGLE	1	192	209	8	5.046e-07	{P}	----	9.768
sp|P24077|ENTS_ECOLI	416	SINGLE	2	190	236	16	2.727e-06	{L}	----	3.610
sp|P24077|ENTS_ECOLI	416	MULTIPLE	1	190	236	25	2.345e-10	{PL}	mixed	3.805
sp|P24077|ENTS_ECOLI	416	WHOLE	1	1	416	85	5.752e-12	{L}
sp|P24180|ACRE_ECOLI	385	SINGLE	1	145	161	9	2.097e-06	{A}	----	6.441
sp|P24216|FLID_ECOLI	468	SINGLE	1	49	129	23	2.222e-11	{T}	----	5.307
sp|P24216|FLID_ECOLI	468	SINGLE	2	304	337	11	2.029e-06	{S}	----	5.512
sp|P24216|FLID_ECOLI	468	MULTIPLE	1	29	129	40	1.600e-13	{TS}	small_polar	3.530
sp|P24216|FLID_ECOLI	468	MULTIPLE	2	224	268	18	4.603e-08	{NT}	small_polar	4.211
sp|P24216|FLID_ECOLI	468	WHOLE	1	1	468	66	7.616e-13	{T}
sp|P24216|FLID_ECOLI	468	WHOLE	2	1	468	67	1.418e-11	{S}
sp|P24251|CRL_ECOLI	133	SINGLE	1	54	57	3	9.709e-06	{W}	----	55.556
sp|P24255|RP54_ECOLI	477	SINGLE	1	3	39	12	4.612e-09	{Q}	----	8.789
sp|P24255|RP54_ECOLI	477	MULTIPLE	1	3	49	27	8.957e-13	{QL}	mixed	4.379
sp|P24255|RP54_ECOLI	477	WHOLE	1	1	477	38	6.115e-06	{Q}
sp|P24555|PTRB_ECOLI	686	MULTIPLE	1	267	301	12	4.224e-06	{RH}	positive	4.590
sp|P24555|PTRB_ECOLI	686	WHOLE	1	1	686	48	2.197e-06	{Y}
sp|P25798|FLIF_ECOLI	552	SINGLE	1	487	491	4	8.928e-06	{Q}	----	21.680
sp|P25798|FLIF_ECOLI	552	MULTIPLE	1	315	338	11	5.940e-07	{QN}	amide	5.846
sp|P25798|FLIF_ECOLI	552	MULTIPLE	2	451	468	11	3.272e-07	{LW}	hydrophobic	5.669
sp|P25798|FLIF_ECOLI	552	WHOLE	1	1	552	46	2.355e-07	{Q}
sp|P26218|BGLH_ECOLI	538	SINGLE	1	49	58	6	6.679e-06	{K}	----	10.239
sp|P26218|BGLH_ECOLI	538	MULTIPLE	1	35	58	13	1.322e-06	{KE}	charged	4.245
sp|P27247|PLSX_ECOLI	356	MULTIPLE	1	307	334	15	9.910e-08	{QA}	mixed	4.498
sp|P27247|PLSX_ECOLI	356	MULTIPLE	2	264	273	8	6.533e-07	{WL}	hydrophobic	7.421
sp|P27253|SCPA_ECOLI	714	SINGLE	1	495	526	13	5.325e-07	{A}	----	4.942
sp|P27254|ARGK_ECOLI	331	SINGLE	1	267	273	5	1.333e-06	{Q}	----	19.357
sp|P27298|OPDA_ECOLI	680	SINGLE	1	194	204	7	5.938e-06	{A}	----	7.742
sp|P27298|OPDA_ECOLI	680	MULTIPLE	1	604	624	11	5.484e-06	{YA}	hydrophobic	4.496
sp|P27300|LPXK_ECOLI	328	SINGLE	1	46	82	12	5.630e-06	{V}	----	4.498
sp|P27300|LPXK_ECOLI	328	MULTIPLE	1	46	82	15	2.693e-06	{VQ}	mixed	3.719
sp|P27896|NARQ_ECOLI	566	SINGLE	1	324	338	7	9.524e-06	{S}	----	7.950
sp|P27896|NARQ_ECOLI	566	WHOLE	1	1	566	85	6.249e-06	{L}
sp|P28307|CSGA_ECOLI	151	SINGLE	1	27	36	8	2.768e-08	{G}	----	11.127
sp|P28307|CSGA_ECOLI	151	MULTIPLE	1	27	54	18	3.787e-11	{GN}	small	5.669
sp|P28307|CSGA_ECOLI	151	WHOLE	1	1	151	29	7.700e-07	{G}
sp|P28631|HOLB_ECOLI	334	MULTIPLE	1	50	69	9	2.063e-07	{CQ}	polar	8.893
sp|P28631|HOLB_ECOLI	334	WHOLE	1	1	334	56	9.303e-06	{L}
sp|P28904|TREC_ECOLI	551	WHOLE	1	1	551	23	2.055e-06	{W}
sp|P29680|DCUP_ECOLI	354	MULTIPLE	1	314	330	10	5.733e-07	{HG}	hydrophobic	6.198
sp|P30845|EPTA_ECOLI	547	SINGLE	1	493	514	8	6.493e-07	{Q}	----	9.855
sp|P31058|YADC_ECOLI	412	WHOLE	1	1	412	48	2.835e-07	{T}
sp|P31135|POTH_ECOLI	317	WHOLE	1	1	317	54	8.380e-06	{L}
sp|P31434|XYLS_ECOLI	772	SINGLE	1	587	593	5	1.035e-07	{M}	----	32.468
sp|P31434|XYLS_ECOLI	772	MULTIPLE	1	303	325	9	1.489e-06	{FW}	aromatic	7.233
sp|P31675|SETA_ECOLI	392	SINGLE	1	1	25	7	8.034e-07	{M}	----	12.727
sp|P31675|SETA_ECOLI	392	WHOLE	1	1	392	27	2.009e-07	{M}
sp|P31680|DJLA_ECOLI	271	SINGLE	1	167	198	10	1.320e-07	{Q}	----	8.469
sp|P31680|DJLA_ECOLI	271	SINGLE	2	177	192	8	5.060e-06	{G}	----	6.954
sp|P31680|DJLA_ECOLI	271	MULTIPLE	1	176	196	15	9.634e-11	{QG}	mixed	6.565
sp|P31697|FIMC_ECOLI	241	SINGLE	1	24	29	4	3.361e-06	{M}	----	30.303
sp|P31801|CHAA_ECOLI	366	SINGLE	1	203	209	6	2.536e-07	{D}	----	14.753
sp|P31801|CHAA_ECOLI	366	WHOLE	1	1	366	61	4.900e-06	{L}
sp|P32141|SQUT_ECOLI	292	MULTIPLE	1	17	55	16	5.797e-07	{AM}	hydrophobic	3.937
sp|P32670|PTFX2_ECOLI	833	SINGLE	1	227	232	5	3.936e-06	{S}	----	14.196
sp|P32670|PTFX2_ECOLI	833	SINGLE	2	352	372	7	6.399e-06	{Q}	----	9.033
sp|P32715|MDTO_ECOLI	683	SINGLE	1	327	338	6	6.200e-06	{P}	----	10.989
sp|P32716|MDTN_ECOLI	343	SINGLE	1	157	200	16	1.640e-07	{A}	----	4.424
sp|P32716|MDTN_ECOLI	343	WHOLE	1	1	343	52	7.794e-06	{A}
sp|P32721|ALSA_ECOLI	510	SINGLE	1	425	427	3	2.571e-06	{C}	----	72.993
sp|P33129|HTRE_ECOLI	865	SINGLE	1	523	563	14	3.969e-08	{S}	----	5.817
sp|P33129|HTRE_ECOLI	865	SINGLE	2	650	697	13	2.281e-06	{S}	----	4.614
sp|P33129|HTRE_ECOLI	865	WHOLE	1	1	865	98	3.530e-10	{S}
sp|P33129|HTRE_ECOLI	865	WHOLE	2	1	865	68	3.193e-07	{N}
sp|P33358|MLRA_ECOLI	243	SINGLE	1	224	234	6	9.664e-07	{Q}	----	14.782
sp|P33358|MLRA_ECOLI	243	WHOLE	1	1	243	24	9.650e-06	{Q}
sp|P33361|YEHY_ECOLI	385	SINGLE	1	10	16	6	4.458e-06	{L}	----	9.090
sp|P33361|YEHY_ECOLI	385	WHOLE	1	1	385	76	3.485e-10	{L}
sp|P33927|CCMF_ECOLI	647	SINGLE	1	229	242	5	7.944e-07	{W}	----	26.455
sp|P33927|CCMF_ECOLI	647	SINGLE	2	351	381	13	1.617e-06	{L}	----	4.447
sp|P33927|CCMF_ECOLI	647	WHOLE	1	1	647	98	1.040e-06	{L}
sp|P33927|CCMF_ECOLI	647	WHOLE	2	1	647	25	2.916e-06	{W}
sp|P33941|YOJI_ECOLI	547	SINGLE	1	48	75	13	3.952e-07	{L}	----	4.923
sp|P33941|YOJI_ECOLI	547	WHOLE	1	1	547	92	2.275e-08	{L}
sp|P36560|ASR_ECOLI	102	SINGLE	1	24	43	10	2.048e-08	{T}	----	9.346
sp|P36560|ASR_ECOLI	102	SINGLE	2	6	60	19	3.087e-08	{A}	----	4.203
sp|P36560|ASR_ECOLI	102	SINGLE	3	41	87	15	3.591e-08	{K}	----	5.446
sp|P36560|ASR_ECOLI	102	MULTIPLE	1	18	88	55	2.194e-23	{TAKH}	hydrophobic	3.224
sp|P36560|ASR_ECOLI	102	WHOLE	1	1	102	30	3.438e-10	{A}
sp|P36560|ASR_ECOLI	102	WHOLE	2	1	102	19	5.189e-06	{K}
sp|P36938|PGM_ECOLI	546	MULTIPLE	1	372	402	15	2.605e-07	{FG}	hydrophobic	4.301
sp|P37194|SLP_ECOLI	188	MULTIPLE	1	154	175	8	4.390e-06	{YW}	polar_aromatic	7.607
sp|P37355|MENH_ECOLI	252	MULTIPLE	1	116	134	10	1.195e-06	{QR}	polar	5.940
sp|P37388|XYLG_ECOLI	513	WHOLE	1	1	513	57	2.187e-06	{I}
sp|P37657|BCSE_ECOLI	523	SINGLE	1	198	205	5	3.422e-06	{Q}	----	16.938
sp|P37665|YIAD_ECOLI	219	SINGLE	1	28	78	16	2.687e-07	{G}	----	4.363
sp|P37665|YIAD_ECOLI	219	MULTIPLE	1	32	78	26	2.853e-10	{GA}	tiny_hydrophobic	3.590
sp|P37675|YIAN_ECOLI	425	SINGLE	1	189	191	3	2.460e-06	{W}	----	74.074
sp|P37675|YIAN_ECOLI	425	SINGLE	2	145	158	7	5.518e-06	{I}	----	8.489
sp|P37675|YIAN_ECOLI	425	MULTIPLE	1	145	158	11	4.199e-09	{IP}	mixed	7.526
sp|P37675|YIAN_ECOLI	425	WHOLE	1	1	425	25	7.990e-06	{M}
sp|P37678|SGBH_ECOLI	220	WHOLE	1	1	220	38	6.378e-06	{A}
sp|P37765|RLUB_ECOLI	291	SINGLE	1	260	287	9	6.648e-06	{R}	----	6.217
sp|P37765|RLUB_ECOLI	291	WHOLE	1	1	291	38	1.236e-07	{R}
sp|P37902|GLTI_ECOLI	302	SINGLE	1	7	29	11	5.592e-07	{A}	----	5.818
sp|P38134|ETK_ECOLI	726	SINGLE	1	711	722	7	3.715e-08	{Y}	----	17.007
sp|P38134|ETK_ECOLI	726	SINGLE	2	255	275	7	6.399e-06	{Q}	----	9.033
sp|P38134|ETK_ECOLI	726	MULTIPLE	1	247	275	11	5.474e-06	{QN}	amide	4.838
sp|P38684|TORR_ECOLI	230	SINGLE	1	179	207	9	9.141e-06	{R}	----	6.003
sp|P39300|ULAG_ECOLI	354	SINGLE	1	12	63	7	5.931e-06	{W}	----	9.972
sp|P39300|ULAG_ECOLI	354	MULTIPLE	1	222	240	8	4.589e-06	{YH}	polar_aromatic	7.348
sp|P39310|YTFB_ECOLI	212	SINGLE	1	64	127	16	9.496e-10	{Q}	----	6.775
sp|P39310|YTFB_ECOLI	212	MULTIPLE	1	64	120	26	5.539e-14	{QP}	mixed	5.536
sp|P39310|YTFB_ECOLI	212	WHOLE	1	1	212	24	9.788e-07	{Q}
sp|P39352|NANX_ECOLI	405	MULTIPLE	1	26	70	16	2.857e-06	{IF}	hydrophobic	3.573
sp|P39370|NANS_ECOLI	326	SINGLE	1	49	98	9	1.738e-06	{H}	----	7.826
sp|P39370|NANS_ECOLI	326	MULTIPLE	1	49	86	14	8.820e-08	{HP}	mixed	5.378
sp|P39398|LGOT_ECOLI	453	MULTIPLE	1	10	26	10	1.358e-06	{SP}	small	5.645
sp|P39401|OPGB_ECOLI	763	SINGLE	1	103	107	4	1.367e-06	{H}	----	34.783
sp|P39401|OPGB_ECOLI	763	SINGLE	2	99	102	4	7.144e-06	{R}	----	19.342
sp|P39401|OPGB_ECOLI	763	SINGLE	3	711	714	4	8.192e-06	{T}	----	18.692
sp|P39451|ADHP_ECOLI	336	SINGLE	1	229	251	10	5.283e-06	{A}	----	5.289
sp|P39829|GARD_ECOLI	523	SINGLE	1	94	114	8	2.040e-06	{P}	----	8.373
sp|P39835|GNTT_ECOLI	438	SINGLE	1	12	16	5	7.457e-06	{L}	----	10.604
sp|P39835|GNTT_ECOLI	438	WHOLE	1	1	438	26	4.641e-06	{M}
sp|P41441|GSPF_ECOLI	398	WHOLE	1	1	398	68	6.756e-07	{L}
sp|P43329|HRPA_ECOLI	1300	WHOLE	1	1	1300	108	5.947e-07	{R}
sp|P43676|PITB_ECOLI	499	SINGLE	1	198	205	6	1.005e-06	{K}	----	12.799
sp|P43676|PITB_ECOLI	499	SINGLE	2	14	20	6	4.458e-06	{L}	----	9.090
sp|P45522|KEFB_ECOLI	601	SINGLE	1	294	304	7	2.478e-06	{V}	----	8.826
sp|P45522|KEFB_ECOLI	601	MULTIPLE	1	571	593	17	8.235e-10	{RQE}	polar	4.690
sp|P45522|KEFB_ECOLI	601	WHOLE	1	1	601	97	7.159e-08	{L}
sp|P45523|FKBA_ECOLI	270	SINGLE	1	11	54	16	1.640e-07	{A}	----	4.424
sp|P45523|FKBA_ECOLI	270	WHOLE	1	1	270	37	1.001e-06	{K}
sp|P45579|HCXA_ECOLI	362	SINGLE	1	215	227	6	3.329e-06	{Q}	----	12.508
sp|P45579|HCXA_ECOLI	362	SINGLE	2	239	247	6	9.278e-06	{G}	----	9.272
sp|P45758|GSPD_ECOLI	650	SINGLE	1	512	520	6	2.866e-06	{S}	----	11.357
sp|P45758|GSPD_ECOLI	650	SINGLE	2	613	617	4	8.928e-06	{Q}	----	21.680
sp|P46130|YBHC_ECOLI	427	SINGLE	1	381	414	9	6.637e-06	{N}	----	6.378
sp|P46187|RSEC_ECOLI	159	MULTIPLE	1	19	37	10	1.859e-07	{CS}	tiny_polar	7.270
sp|P46474|YHDP_ECOLI	1266	WHOLE	1	1	1266	40	7.792e-07	{W}
sp|P46923|TORZ_ECOLI	809	SINGLE	1	376	402	10	8.761e-06	{G}	----	5.151
sp|P50466|AER_ECOLI	506	MULTIPLE	1	286	333	18	3.785e-06	{AQ}	mixed	3.149
sp|P52062|HEMW_ECOLI	378	MULTIPLE	1	223	254	11	6.521e-06	{YQ}	polar	4.828
sp|P52600|EMRY_ECOLI	512	MULTIPLE	1	235	259	13	9.535e-07	{IS}	mixed	4.422
sp|P52612|FLII_ECOLI	457	MULTIPLE	1	132	154	11	3.465e-06	{PT}	small	4.831
sp|P52645|YDBH_ECOLI	879	SINGLE	1	9	40	14	3.486e-07	{L}	----	4.639
sp|P52645|YDBH_ECOLI	879	SINGLE	2	153	172	7	4.429e-06	{Q}	----	9.485
sp|P52645|YDBH_ECOLI	879	WHOLE	1	1	879	127	4.626e-07	{L}
sp|P52645|YDBH_ECOLI	879	WHOLE	2	1	879	32	5.133e-07	{W}
sp|P60293|MUKF_ECOLI	440	SINGLE	1	329	364	13	3.586e-07	{E}	----	5.233
sp|P60293|MUKF_ECOLI	440	SINGLE	2	181	184	4	1.854e-06	{Q}	----	27.100
sp|P62615|ISPE_ECOLI	283	SINGLE	1	101	107	6	8.976e-07	{G}	----	11.921
sp|P65643|EUTT_ECOLI	267	SINGLE	1	60	64	4	8.928e-06	{Q}	----	21.680
sp|P71229|HYFR_ECOLI	670	SINGLE	1	324	360	9	5.507e-06	{Q}	----	6.592
sp|P71229|HYFR_ECOLI	670	SINGLE	2	255	259	5	7.457e-06	{L}	----	10.604
sp|P71229|HYFR_ECOLI	670	SINGLE	3	43	50	5	9.497e-06	{P}	----	13.736
sp|P71229|HYFR_ECOLI	670	WHOLE	1	1	670	99	2.601e-06	{L}
sp|P75712|ALLP_ECOLI	484	MULTIPLE	1	231	247	12	4.876e-07	{VA}	small_hydrophobic	4.575
sp|P75780|FIU_ECOLI	760	MULTIPLE	1	298	328	16	2.949e-08	{TD}	small_polar	4.625
sp|P75780|FIU_ECOLI	760	WHOLE	1	1	760	83	6.017e-10	{T}
sp|P75780|FIU_ECOLI	760	WHOLE	2	1	760	57	8.936e-06	{N}
sp|P75783|YBIO_ECOLI	741	SINGLE	1	25	34	8	2.706e-09	{T}	----	14.953
sp|P75783|YBIO_ECOLI	741	SINGLE	2	328	372	11	1.225e-06	{F}	----	6.021
sp|P75783|YBIO_ECOLI	741	SINGLE	3	724	739	7	3.037e-06	{P}	----	9.615
sp|P75783|YBIO_ECOLI	741	SINGLE	4	76	87	6	6.200e-06	{P}	----	10.989
sp|P75797|GSIB_ECOLI	512	SINGLE	1	361	379	7	2.989e-06	{Q}	----	9.984
sp|P75800|PDEI_ECOLI	782	WHOLE	1	1	782	83	1.177e-07	{I}
sp|P75824|HCR_ECOLI	322	SINGLE	1	273	281	4	4.143e-06	{C}	----	32.441
sp|P75843|ICLRG_ECOLI	410	SINGLE	1	154	157	3	9.709e-06	{W}	----	55.556
sp|P75905|PGAC_ECOLI	441	SINGLE	1	33	40	5	5.455e-06	{F}	----	15.394
sp|P75905|PGAC_ECOLI	441	MULTIPLE	1	30	62	15	4.148e-09	{FWM}	hydrophobic	5.973
sp|P75954|YCFS_ECOLI	320	SINGLE	1	137	158	8	9.939e-06	{T}	----	6.797
sp|P75958|LOLE_ECOLI	414	MULTIPLE	1	248	276	10	2.131e-06	{YM}	hydrophobic	6.125
sp|P76027|OPPD_ECOLI	337	SINGLE	1	149	181	7	5.976e-06	{M}	----	9.642
sp|P76027|OPPD_ECOLI	337	SINGLE	2	286	317	9	8.033e-06	{P}	----	6.181
sp|P76027|OPPD_ECOLI	337	MULTIPLE	1	286	317	12	1.235e-07	{PC}	small	6.334
sp|P76052|ABGB_ECOLI	481	SINGLE	1	452	465	6	5.612e-06	{Q}	----	11.614
sp|P76052|ABGB_ECOLI	481	SINGLE	2	117	124	6	7.276e-06	{A}	----	9.124
sp|P76085|PAAK_ECOLI	437	SINGLE	1	301	327	9	4.757e-06	{R}	----	6.447
sp|P76091|YNBB_ECOLI	298	WHOLE	1	1	298	55	6.514e-07	{L}
sp|P76115|PQQU_ECOLI	700	MULTIPLE	1	172	209	16	4.362e-06	{TG}	small_hydrophobic	3.358
sp|P76182|RSXD_ECOLI	352	SINGLE	1	220	242	6	4.850e-07	{W}	----	19.324
sp|P76190|MEPH_ECOLI	271	SINGLE	1	42	93	18	3.636e-10	{K}	----	5.907
sp|P76190|MEPH_ECOLI	271	SINGLE	2	37	73	11	2.104e-06	{T}	----	5.557
sp|P76190|MEPH_ECOLI	271	MULTIPLE	1	34	93	43	1.593e-20	{KTS}	polar	4.196
sp|P76190|MEPH_ECOLI	271	WHOLE	1	1	271	37	1.091e-06	{K}
sp|P76217|ASTD_ECOLI	492	SINGLE	1	34	70	13	3.557e-06	{A}	----	4.274
sp|P76234|YEAE_ECOLI	284	SINGLE	1	184	187	4	1.854e-06	{Q}	----	27.100
sp|P76242|NIMT_ECOLI	393	MULTIPLE	1	46	60	11	5.293e-07	{TL}	hydrophobic	4.962
sp|P76242|NIMT_ECOLI	393	WHOLE	1	1	393	70	1.021e-07	{L}
sp|P76347|YEEJ_ECOLI	2339	SINGLE	1	1989	2032	12	1.996e-06	{T}	----	5.098
sp|P76347|YEEJ_ECOLI	2339	SINGLE	2	1906	1939	10	6.732e-06	{T}	----	5.498
sp|P76347|YEEJ_ECOLI	2339	SINGLE	3	610	619	6	6.745e-06	{S}	----	10.221
sp|P76347|YEEJ_ECOLI	2339	SINGLE	4	19	47	11	8.553e-06	{A}	----	4.614
sp|P76347|YEEJ_ECOLI	2339	SINGLE	5	728	754	8	8.730e-06	{N}	----	7.140
sp|P76347|YEEJ_ECOLI	2339	WHOLE	1	1	2339	271	4.796e-32	{T}
sp|P76347|YEEJ_ECOLI	2339	WHOLE	2	1	2339	222	1.547e-12	{S}
sp|P76347|YEEJ_ECOLI	2339	WHOLE	3	1	2339	170	1.913e-12	{N}
sp|P76350|SHIA_ECOLI	438	MULTIPLE	1	49	92	17	2.026e-06	{FG}	hydrophobic	3.434
sp|P76352|YEEO_ECOLI	547	SINGLE	1	498	529	6	3.853e-06	{W}	----	13.889
sp|P76352|YEEO_ECOLI	547	SINGLE	2	162	172	6	6.766e-06	{R}	----	10.550
sp|P76352|YEEO_ECOLI	547	SINGLE	3	22	42	5	7.876e-06	{C}	----	17.379
sp|P76352|YEEO_ECOLI	547	MULTIPLE	1	482	529	17	1.884e-07	{WV}	hydrophobic	4.137
sp|P76397|MDTA_ECOLI	415	WHOLE	1	1	415	34	9.945e-06	{Q}
sp|P76398|MDTB_ECOLI	1040	SINGLE	1	919	939	9	1.210e-06	{I}	----	7.276
sp|P76398|MDTB_ECOLI	1040	SINGLE	2	565	603	9	8.701e-06	{Q}	----	6.254
sp|P76398|MDTB_ECOLI	1040	MULTIPLE	1	659	682	12	2.584e-07	{QT}	polar	5.531
sp|P76423|THIM_ECOLI	262	WHOLE	1	1	262	45	1.226e-06	{A}
sp|P76425|RCNA_ECOLI	274	SINGLE	1	121	146	17	3.574e-22	{H}	----	28.428
sp|P76425|RCNA_ECOLI	274	WHOLE	1	1	274	23	1.063e-07	{H}
sp|P76473|ARNT_ECOLI	550	MULTIPLE	1	374	409	11	1.738e-06	{WF}	aromatic	5.648
sp|P76473|ARNT_ECOLI	550	WHOLE	1	1	550	28	3.239e-09	{W}
sp|P76553|EUTG_ECOLI	395	WHOLE	1	1	395	59	3.438e-06	{A}
sp|P76578|A2MG_ECOLI	1653	MULTIPLE	1	181	198	10	5.969e-06	{NV}	small	4.890
sp|P76578|A2MG_ECOLI	1653	WHOLE	1	1	1653	97	3.434e-06	{Q}
sp|P77129|ALLG_ECOLI	419	MULTIPLE	1	309	335	15	1.531e-06	{AG}	tiny_hydrophobic	3.605
sp|P77129|ALLG_ECOLI	419	WHOLE	1	1	419	27	7.068e-07	{M}
sp|P77154|KOJP_ECOLI	755	MULTIPLE	1	255	280	9	2.722e-06	{WQ}	polar	6.868
sp|P77154|KOJP_ECOLI	755	WHOLE	1	1	755	52	9.381e-06	{Q}
sp|P77223|RSXB_ECOLI	192	SINGLE	1	147	161	5	1.263e-06	{C}	----	24.331
sp|P77223|RSXB_ECOLI	192	WHOLE	1	1	192	14	4.599e-07	{C}
sp|P77272|PTYBC_ECOLI	474	MULTIPLE	1	72	118	18	2.686e-06	{QA}	mixed	3.216
sp|P77304|DTPA_ECOLI	500	SINGLE	1	490	500	7	5.938e-06	{A}	----	7.742
sp|P77306|YQIK_ECOLI	553	SINGLE	1	372	438	23	1.342e-09	{A}	----	4.176
sp|P77306|YQIK_ECOLI	553	SINGLE	2	215	220	5	2.102e-06	{R}	----	16.119
sp|P77306|YQIK_ECOLI	553	SINGLE	3	16	28	7	2.932e-06	{I}	----	9.142
sp|P77306|YQIK_ECOLI	553	SINGLE	4	275	327	14	8.201e-06	{E}	----	3.828
sp|P77306|YQIK_ECOLI	553	MULTIPLE	1	212	236	14	1.508e-07	{RE}	charged	4.640
sp|P77306|YQIK_ECOLI	553	MULTIPLE	2	263	381	75	1.501e-19	{EQAR}	mixed	2.628
sp|P77306|YQIK_ECOLI	553	WHOLE	1	1	553	78	1.167e-06	{A}
sp|P77307|FETB_ECOLI	259	SINGLE	1	153	157	4	8.928e-06	{Q}	----	21.680
sp|P77338|MSCK_ECOLI	1120	SINGLE	1	145	181	10	5.907e-07	{Q}	----	7.324
sp|P77338|MSCK_ECOLI	1120	SINGLE	2	351	354	4	1.854e-06	{Q}	----	27.100
sp|P77338|MSCK_ECOLI	1120	SINGLE	3	200	235	9	4.327e-06	{Q}	----	6.775
sp|P77338|MSCK_ECOLI	1120	SINGLE	4	425	461	9	5.507e-06	{Q}	----	6.592
sp|P77338|MSCK_ECOLI	1120	MULTIPLE	1	553	585	18	1.850e-07	{LI}	aliphatic	3.560
sp|P77338|MSCK_ECOLI	1120	WHOLE	1	1	1120	84	8.731e-10	{Q}
sp|P77338|MSCK_ECOLI	1120	WHOLE	2	1	1120	159	7.038e-08	{L}
sp|P77357|ABGA_ECOLI	436	SINGLE	1	239	267	12	1.149e-06	{A}	----	5.034
sp|P77357|ABGA_ECOLI	436	WHOLE	1	1	436	66	6.548e-07	{A}
sp|P77359|DJLC_ECOLI	483	SINGLE	1	363	366	3	9.709e-06	{W}	----	55.556
sp|P77374|YNFE_ECOLI	808	SINGLE	1	94	122	9	9.141e-06	{R}	----	6.003
sp|P77439|PTFX1_ECOLI	831	SINGLE	1	349	368	7	4.429e-06	{Q}	----	9.485
sp|P77439|PTFX1_ECOLI	831	MULTIPLE	1	349	370	14	1.340e-08	{QA}	mixed	5.343
sp|P77439|PTFX1_ECOLI	831	WHOLE	1	1	831	56	8.341e-06	{Q}
sp|P77570|ANMK_ECOLI	369	SINGLE	1	46	71	8	2.729e-06	{Q}	----	8.339
sp|P77611|RSXC_ECOLI	740	SINGLE	1	523	732	65	1.852e-21	{A}	----	3.765
sp|P77611|RSXC_ECOLI	740	SINGLE	2	441	507	22	7.660e-09	{A}	----	3.995
sp|P77611|RSXC_ECOLI	740	SINGLE	3	143	162	9	3.796e-06	{G}	----	6.259
sp|P77611|RSXC_ECOLI	740	MULTIPLE	1	523	734	93	2.354e-31	{AQ}	mixed	3.683
sp|P77611|RSXC_ECOLI	740	MULTIPLE	2	444	499	28	4.846e-11	{AR}	mixed	3.734
sp|P77611|RSXC_ECOLI	740	WHOLE	1	1	740	129	3.457e-16	{A}
sp|P77611|RSXC_ECOLI	740	WHOLE	2	1	740	57	1.397e-07	{Q}
sp|P77619|YFEW_ECOLI	434	SINGLE	1	355	379	9	3.044e-06	{T}	----	6.729
sp|P77650|HCAD_ECOLI	400	SINGLE	1	14	20	6	1.982e-06	{A}	----	10.428
sp|P77650|HCAD_ECOLI	400	SINGLE	2	310	317	5	9.497e-06	{P}	----	13.736
sp|P77650|HCAD_ECOLI	400	MULTIPLE	1	307	317	10	2.698e-08	{PL}	mixed	6.503
sp|P77690|ARNB_ECOLI	385	SINGLE	1	271	275	4	8.928e-06	{Q}	----	21.680
sp|P77716|YCJP_ECOLI	280	SINGLE	1	79	89	7	2.478e-06	{V}	----	8.826
sp|P77737|OPPF_ECOLI	334	MULTIPLE	1	256	316	15	1.637e-06	{PC}	small	4.154
sp|P77747|OMPN_ECOLI	377	SINGLE	1	12	22	7	5.938e-06	{A}	----	7.742
sp|P77747|OMPN_ECOLI	377	MULTIPLE	1	161	201	18	1.220e-07	{NG}	small	3.871
sp|P77783|YNFF_ECOLI	807	SINGLE	1	97	125	9	9.141e-06	{R}	----	6.003
sp|Q46817|GHXQ_ECOLI	455	SINGLE	1	212	225	7	5.518e-06	{I}	----	8.489
sp|Q47690|MMUM_ECOLI	310	SINGLE	1	268	273	4	4.007e-06	{H}	----	28.986
sp|Q47690|MMUM_ECOLI	310	WHOLE	1	1	310	51	9.706e-07	{A}
sp|P03825|GSPB_ECOLI	139	SINGLE	1	91	138	15	3.952e-07	{E}	----	4.529
sp|P04128|FIMA1_ECOLI	182	MULTIPLE	1	130	176	25	3.306e-08	{ATN}	small	3.002
sp|P04128|FIMA1_ECOLI	182	WHOLE	1	1	182	36	4.751e-07	{A}
sp|P04949|FLIC_ECOLI	498	SINGLE	1	249	296	15	1.500e-08	{T}	----	5.841
sp|P04949|FLIC_ECOLI	498	SINGLE	2	180	216	13	2.801e-08	{T}	----	6.567
sp|P04949|FLIC_ECOLI	498	MULTIPLE	1	440	448	8	5.404e-08	{NT}	small_polar	9.357
sp|P04949|FLIC_ECOLI	498	WHOLE	1	1	498	65	3.229e-11	{T}
sp|P04949|FLIC_ECOLI	498	WHOLE	2	1	498	48	5.487e-08	{N}
sp|P05827|ILVY_ECOLI	297	SINGLE	1	69	85	7	1.244e-06	{Q}	----	11.159
sp|P06282|CDH_ECOLI	251	SINGLE	1	46	50	4	8.928e-06	{Q}	----	21.680
sp|P08997|MASY_ECOLI	533	SINGLE	1	53	56	4	1.854e-06	{Q}	----	27.100
sp|P0A7P5|RL34_ECOLI	46	SINGLE	1	12	41	10	1.418e-06	{R}	----	6.447
sp|P0A8B5|YBAB_ECOLI	109	SINGLE	1	13	30	7	1.960e-06	{Q}	----	10.539
sp|P0A8B5|YBAB_ECOLI	109	MULTIPLE	1	11	25	10	1.114e-09	{QM}	mixed	11.319
sp|P0A8D0|NRDR_ECOLI	149	SINGLE	1	26	29	4	7.144e-06	{R}	----	19.342
sp|P0A917|OMPX_ECOLI	171	MULTIPLE	1	9	29	12	3.084e-06	{AT}	small_hydrophobic	4.211
sp|P0A9G2|NHAR_ECOLI	301	SINGLE	1	179	186	5	9.497e-06	{P}	----	13.736
sp|P0AAE2|PROY_ECOLI	457	SINGLE	1	160	175	8	1.147e-06	{I}	----	8.489
sp|P0AAE2|PROY_ECOLI	457	MULTIPLE	1	160	200	20	3.045e-08	{IG}	hydrophobic	3.729
sp|P0AAE2|PROY_ECOLI	457	WHOLE	1	1	457	52	2.932e-06	{I}
sp|P0AAJ1|YNFG_ECOLI	205	WHOLE	1	1	205	16	2.896e-08	{C}
sp|P0AAK7|NRFC_ECOLI	223	WHOLE	1	1	223	16	9.127e-08	{C}
sp|P0AB28|YCED_ECOLI	173	MULTIPLE	1	31	50	11	9.119e-06	{VS}	small	4.205
sp|P0ABC0|ATPZ_ECOLI	126	SINGLE	1	88	114	10	8.975e-06	{V}	----	5.137
sp|P0ABC0|ATPZ_ECOLI	126	MULTIPLE	1	83	114	21	7.681e-10	{VL}	aliphatic	3.944
sp|P0ABD1|YEAV_ECOLI	481	SINGLE	1	258	266	4	3.910e-06	{W}	----	32.922
sp|P0ABL5|NAPC_ECOLI	200	SINGLE	1	15	18	3	9.709e-06	{W}	----	55.556
sp|P0ABL8|CCMB_ECOLI	220	SINGLE	1	59	89	13	1.617e-06	{L}	----	4.447
sp|P0ABL8|CCMB_ECOLI	220	WHOLE	1	1	220	51	9.293e-10	{L}
sp|P0ABM5|CCMD_ECOLI	69	SINGLE	1	21	40	9	3.883e-06	{V}	----	6.241
sp|P0ABM5|CCMD_ECOLI	69	MULTIPLE	1	42	66	12	3.643e-07	{QR}	polar	5.418
sp|P0ABW3|YFAE_ECOLI	84	SINGLE	1	72	74	3	2.571e-06	{C}	----	72.993
sp|P0ABW5|SFMA_ECOLI	180	SINGLE	1	9	23	8	7.358e-06	{A}	----	6.488
sp|P0ABW5|SFMA_ECOLI	180	SINGLE	2	111	117	5	8.246e-06	{T}	----	13.351
sp|P0ABX5|FLGG_ECOLI	260	WHOLE	1	1	260	29	1.135e-07	{Q}
sp|P0AC05|FLIP_ECOLI	245	SINGLE	1	205	211	4	7.670e-06	{M}	----	25.974
sp|P0AC07|FLIQ_ECOLI	89	SINGLE	1	34	64	11	7.443e-07	{I}	----	6.024
sp|P0AC07|FLIQ_ECOLI	89	SINGLE	2	1	14	5	8.446e-06	{M}	----	16.234
sp|P0AC07|FLIQ_ECOLI	89	MULTIPLE	1	17	33	12	2.142e-06	{LA}	hydrophobic	3.999
sp|P0AC96|GNTU_ECOLI	446	SINGLE	1	152	156	5	3.753e-06	{A}	----	12.165
sp|P0ACB7|HEMY_ECOLI	398	SINGLE	1	63	85	9	1.026e-06	{R}	----	7.569
sp|P0ACL9|PDHR_ECOLI	254	SINGLE	1	235	252	8	1.314e-06	{R}	----	8.597
sp|P0ACM2|RSPR_ECOLI	228	WHOLE	1	1	228	24	3.393e-06	{Q}
sp|P0ACP5|GNTR_ECOLI	331	SINGLE	1	220	225	5	3.936e-06	{S}	----	14.196
sp|P0ACR2|PUNR_ECOLI	310	SINGLE	1	77	85	5	7.416e-06	{Q}	----	15.056
sp|P0ADH7|FIME_ECOLI	198	WHOLE	1	1	198	28	1.025e-06	{R}
sp|P0AE26|ARAH_ECOLI	328	SINGLE	1	2	17	8	1.118e-06	{S}	----	8.518
sp|P0AE30|ARTM_ECOLI	222	WHOLE	1	1	222	42	6.102e-06	{L}
sp|P0AE39|YPDB_ECOLI	244	SINGLE	1	120	123	4	1.854e-06	{Q}	----	27.100
sp|P0AED9|DCM_ECOLI	472	MULTIPLE	1	76	84	7	2.211e-07	{HP}	mixed	11.354
sp|P0AEW4|CPDA_ECOLI	275	MULTIPLE	1	158	168	9	1.802e-07	{HL}	hydrophobic	6.975
sp|P0AF10|MTLR_ECOLI	195	SINGLE	1	148	155	5	9.497e-06	{P}	----	13.736
sp|P0AF43|YJBB_ECOLI	543	SINGLE	1	471	486	8	4.296e-07	{R}	----	9.671
sp|P0AF43|YJBB_ECOLI	543	MULTIPLE	1	128	146	12	6.271e-06	{LG}	hydrophobic	3.800
sp|P0AF43|YJBB_ECOLI	543	WHOLE	1	1	543	93	8.154e-09	{L}
sp|P0AFA5|NFRB_ECOLI	745	SINGLE	1	377	381	5	7.457e-06	{L}	----	10.604
sp|P0AFA5|NFRB_ECOLI	745	MULTIPLE	1	40	64	12	2.644e-07	{RY}	polar	5.581
sp|P0AFS1|LSRD_ECOLI	330	WHOLE	1	1	330	58	1.622e-06	{L}
sp|P0AG14|SOHB_ECOLI	349	SINGLE	1	69	91	10	2.492e-07	{K}	----	7.419
sp|P0AG14|SOHB_ECOLI	349	MULTIPLE	1	67	91	21	1.013e-12	{KQA}	mixed	4.727
sp|P0AGH8|PSTC_ECOLI	319	WHOLE	1	1	319	40	3.805e-06	{I}
sp|P0AGI4|XYLH_ECOLI	393	SINGLE	1	246	253	7	4.805e-07	{L}	----	9.279
sp|P0AGI4|XYLH_ECOLI	393	MULTIPLE	1	333	364	13	2.354e-06	{MG}	hydrophobic	4.326
sp|P0C8K0|KBAZ_ECOLI	426	MULTIPLE	1	342	357	9	1.569e-06	{YR}	polar	6.541
sp|P0CB39|EPTC_ECOLI	577	MULTIPLE	1	324	359	15	1.675e-07	{QT}	polar	4.609
sp|P0CB39|EPTC_ECOLI	577	MULTIPLE	2	202	208	6	8.470e-07	{YQ}	polar	12.039
sp|P0CF88|INSI1_ECOLI	383	SINGLE	1	182	201	6	4.143e-06	{H}	----	13.043
sp|P0CF88|INSI1_ECOLI	383	MULTIPLE	1	176	207	15	1.902e-09	{HR}	positive	6.275
sp|P0CF88|INSI1_ECOLI	383	WHOLE	1	1	383	47	3.213e-08	{R}
sp|P0CK95|ACFD_ECOLI	1520	SINGLE	1	36	88	23	2.100e-17	{P}	----	9.538
sp|P0CK95|ACFD_ECOLI	1520	MULTIPLE	1	46	86	29	9.315e-19	{PE}	mixed	6.177
sp|P0CK95|ACFD_ECOLI	1520	MULTIPLE	2	23	33	9	4.595e-07	{SG}	tiny	6.265
sp|P0CK95|ACFD_ECOLI	1520	WHOLE	1	1	1520	112	3.573e-09	{N}
sp|P10423|IAP_ECOLI	345	SINGLE	1	63	67	4	8.928e-06	{Q}	----	21.680
sp|P10805|ENVY_ECOLI	253	SINGLE	1	23	73	12	7.932e-07	{N}	----	5.670
sp|P12999|BIOC_ECOLI	251	SINGLE	1	222	234	6	3.329e-06	{Q}	----	12.508
sp|P12999|BIOC_ECOLI	251	SINGLE	2	8	18	7	5.938e-06	{A}	----	7.742
sp|P15286|FLK_ECOLI	331	SINGLE	1	4	14	6	3.248e-06	{P}	----	11.988
sp|P15286|FLK_ECOLI	331	MULTIPLE	1	289	313	10	2.250e-06	{PM}	mixed	5.926
sp|P15286|FLK_ECOLI	331	WHOLE	1	1	331	38	6.892e-10	{Q}
sp|P15639|PUR9_ECOLI	529	SINGLE	1	487	491	5	3.753e-06	{A}	----	12.165
sp|P15977|MALQ_ECOLI	694	SINGLE	1	685	688	4	7.144e-06	{R}	----	19.342
sp|P15977|MALQ_ECOLI	694	SINGLE	2	229	243	6	9.008e-06	{Q}	----	10.840
sp|P16689|PHNM_ECOLI	378	MULTIPLE	1	216	241	12	3.743e-06	{HA}	hydrophobic	4.387
sp|P16701|CYST_ECOLI	277	SINGLE	1	15	39	11	5.841e-06	{L}	----	4.666
sp|P17583|CYNX_ECOLI	384	SINGLE	1	145	173	7	9.458e-08	{W}	----	17.880
sp|P17583|CYNX_ECOLI	384	SINGLE	2	185	188	4	8.192e-06	{T}	----	18.692
sp|P17583|CYNX_ECOLI	384	WHOLE	1	1	384	68	1.870e-07	{L}
sp|P18393|YBDZ_ECOLI	72	SINGLE	1	21	51	9	1.118e-06	{Q}	----	7.868
sp|P18393|YBDZ_ECOLI	72	WHOLE	1	1	72	13	1.814e-06	{Q}
sp|P23842|PDEA_ECOLI	729	SINGLE	1	702	705	4	1.854e-06	{Q}	----	27.100
sp|P23842|PDEA_ECOLI	729	SINGLE	2	226	230	5	7.457e-06	{L}	----	10.604
sp|P23842|PDEA_ECOLI	729	WHOLE	1	1	729	118	3.076e-09	{L}
sp|P23910|ARAJ_ECOLI	394	SINGLE	1	226	253	7	1.851e-06	{M}	----	11.364
sp|P24174|MANC_ECOLI	478	SINGLE	1	87	141	17	9.361e-07	{A}	----	3.760
sp|P24174|MANC_ECOLI	478	SINGLE	2	403	409	4	9.134e-06	{H}	----	24.845
sp|P24174|MANC_ECOLI	478	MULTIPLE	1	277	290	8	1.414e-06	{WS}	polar	7.915
sp|P24181|ACRF_ECOLI	1034	SINGLE	1	104	125	8	6.493e-07	{Q}	----	9.855
sp|P24181|ACRF_ECOLI	1034	MULTIPLE	1	1019	1027	8	2.078e-07	{FV}	hydrophobic	7.887
sp|P24202|MRR_ECOLI	304	SINGLE	1	183	204	9	9.683e-06	{G}	----	5.690
sp|P24241|PTIBC_ECOLI	485	SINGLE	1	361	371	7	5.938e-06	{A}	----	7.742
sp|P25549|ASLA_ECOLI	551	MULTIPLE	1	88	111	13	5.166e-06	{GV}	small_hydrophobic	3.762
sp|P25744|MDTG_ECOLI	408	SINGLE	1	399	402	4	7.144e-06	{R}	----	19.342
sp|P25772|LIGB_ECOLI	560	WHOLE	1	1	560	29	1.191e-09	{W}
sp|P25772|LIGB_ECOLI	560	WHOLE	2	1	560	45	8.103e-07	{Q}
sp|P26365|AMIB_ECOLI	445	SINGLE	1	130	137	8	1.837e-11	{P}	----	21.978
sp|P27126|WAAS_ECOLI	311	SINGLE	1	21	44	10	4.021e-07	{K}	----	7.110
sp|P27126|WAAS_ECOLI	311	WHOLE	1	1	311	43	1.362e-07	{I}
sp|P27127|WAAB_ECOLI	359	MULTIPLE	1	238	251	7	1.974e-06	{WQ}	polar	9.921
sp|P27242|WAAU_ECOLI	357	MULTIPLE	1	148	167	8	7.211e-06	{YH}	polar_aromatic	6.981
sp|P27832|WECD_ECOLI	224	WHOLE	1	1	224	39	4.089e-06	{A}
sp|P27835|WZYE_ECOLI	450	SINGLE	1	26	61	13	7.254e-10	{F}	----	8.894
sp|P27835|WZYE_ECOLI	450	SINGLE	2	131	185	12	1.481e-06	{F}	----	5.374
sp|P27835|WZYE_ECOLI	450	SINGLE	3	207	224	8	3.454e-06	{I}	----	7.546
sp|P27835|WZYE_ECOLI	450	WHOLE	1	1	450	52	1.615e-11	{F}
sp|P27862|YIGZ_ECOLI	204	SINGLE	1	89	120	11	7.148e-06	{G}	----	4.781
sp|P28249|ASMA_ECOLI	617	SINGLE	1	222	248	9	3.021e-07	{Q}	----	9.033
sp|P28249|ASMA_ECOLI	617	MULTIPLE	1	449	472	10	4.213e-07	{QM}	mixed	7.074
sp|P28249|ASMA_ECOLI	617	WHOLE	1	1	617	58	1.056e-10	{Q}
sp|P30130|FIMD_ECOLI	878	SINGLE	1	654	683	11	3.513e-06	{G}	----	5.100
sp|P30130|FIMD_ECOLI	878	MULTIPLE	1	654	700	21	2.396e-09	{GY}	hydrophobic	4.207
sp|P30130|FIMD_ECOLI	878	WHOLE	1	1	878	68	5.287e-07	{N}
sp|P30149|YABI_ECOLI	254	SINGLE	1	57	88	6	3.853e-06	{W}	----	13.889
sp|P30149|YABI_ECOLI	254	SINGLE	2	179	199	5	7.341e-06	{W}	----	17.637
sp|P31068|FLIH_ECOLI	228	SINGLE	1	42	106	18	1.369e-11	{Q}	----	7.505
sp|P31068|FLIH_ECOLI	228	SINGLE	2	146	153	5	3.422e-06	{Q}	----	16.938
sp|P31068|FLIH_ECOLI	228	MULTIPLE	1	17	38	12	9.732e-07	{EP}	mixed	4.764
sp|P31068|FLIH_ECOLI	228	WHOLE	1	1	228	30	1.680e-09	{Q}
sp|P31122|SOTB_ECOLI	396	SINGLE	1	178	205	12	3.084e-06	{L}	----	4.545
sp|P31122|SOTB_ECOLI	396	SINGLE	2	283	292	7	5.912e-06	{L}	----	7.423
sp|P31122|SOTB_ECOLI	396	SINGLE	3	250	254	5	7.457e-06	{L}	----	10.604
sp|P31436|SETC_ECOLI	394	MULTIPLE	1	82	97	10	8.709e-07	{CL}	hydrophobic	5.787
sp|P31442|EMRD_ECOLI	394	WHOLE	1	1	394	26	7.224e-07	{M}
sp|P31442|EMRD_ECOLI	394	WHOLE	2	1	394	67	9.448e-07	{L}
sp|P31452|PTXC_ECOLI	368	SINGLE	1	140	149	6	6.878e-06	{I}	----	10.187
sp|P31459|DGOK_ECOLI	292	MULTIPLE	1	163	172	8	1.257e-06	{HL}	hydrophobic	6.820
sp|P31462|MDTL_ECOLI	391	SINGLE	1	384	390	4	9.134e-06	{H}	----	24.845
sp|P31463|YIDZ_ECOLI	319	SINGLE	1	8	19	8	2.083e-06	{L}	----	7.070
sp|P31549|THIP_ECOLI	536	SINGLE	1	294	307	9	7.194e-07	{L}	----	6.817
sp|P31549|THIP_ECOLI	536	SINGLE	2	35	61	6	1.347e-06	{W}	----	16.461
sp|P31549|THIP_ECOLI	536	SINGLE	3	512	521	7	5.912e-06	{L}	----	7.423
sp|P31549|THIP_ECOLI	536	MULTIPLE	1	77	105	15	2.485e-06	{RL}	mixed	3.543
sp|P31549|THIP_ECOLI	536	WHOLE	1	1	536	103	1.996e-12	{L}
sp|P31600|NFRA_ECOLI	990	SINGLE	1	550	563	8	3.741e-06	{A}	----	6.952
sp|P31600|NFRA_ECOLI	990	MULTIPLE	1	498	536	18	1.011e-07	{QA}	mixed	3.875
sp|P31600|NFRA_ECOLI	990	WHOLE	1	1	990	77	8.650e-10	{Q}
sp|P31600|NFRA_ECOLI	990	WHOLE	2	1	990	129	7.857e-08	{A}
sp|P31826|YDDA_ECOLI	561	WHOLE	1	1	561	84	7.754e-06	{L}
sp|P31826|YDDA_ECOLI	561	WHOLE	2	1	561	22	8.530e-06	{W}
sp|P31828|PQQL_ECOLI	931	SINGLE	1	573	610	13	1.172e-07	{S}	----	5.828
sp|P31828|PQQL_ECOLI	931	SINGLE	2	854	876	8	9.589e-07	{Q}	----	9.426
sp|P31828|PQQL_ECOLI	931	WHOLE	1	1	931	72	3.572e-09	{Q}
sp|P32137|YIHP_ECOLI	461	WHOLE	1	1	461	41	1.908e-06	{F}
sp|P32152|FRVR_ECOLI	582	SINGLE	1	82	88	6	4.458e-06	{L}	----	9.090
sp|P32672|PTFC2_ECOLI	359	MULTIPLE	1	167	192	9	9.498e-06	{MQ}	mixed	5.877
sp|P32672|PTFC2_ECOLI	359	MULTIPLE	2	73	114	19	3.521e-06	{GA}	tiny_hydrophobic	2.936
sp|P32710|NRFE_ECOLI	552	SINGLE	1	191	235	10	3.986e-10	{W}	----	16.461
sp|P32710|NRFE_ECOLI	552	MULTIPLE	1	79	95	10	1.855e-06	{LW}	hydrophobic	5.457
sp|P32710|NRFE_ECOLI	552	WHOLE	1	1	552	103	1.173e-11	{L}
sp|P32710|NRFE_ECOLI	552	WHOLE	2	1	552	25	1.844e-07	{W}
sp|P32711|NRFF_ECOLI	127	SINGLE	1	19	50	11	1.012e-08	{Q}	----	9.316
sp|P32711|NRFF_ECOLI	127	SINGLE	2	5	11	6	4.458e-06	{L}	----	9.090
sp|P32714|MDTP_ECOLI	488	SINGLE	1	164	181	10	3.103e-07	{A}	----	6.759
sp|P32714|MDTP_ECOLI	488	MULTIPLE	1	55	74	8	2.820e-06	{WQ}	polar	7.937
sp|P32714|MDTP_ECOLI	488	WHOLE	1	1	488	38	9.960e-06	{Q}
sp|P33021|NUPX_ECOLI	416	MULTIPLE	1	76	144	21	1.587e-06	{IF}	hydrophobic	3.059
sp|P33021|NUPX_ECOLI	416	MULTIPLE	2	244	280	18	4.827e-07	{AI}	hydrophobic	3.448
sp|P33024|PSUT_ECOLI	416	MULTIPLE	1	245	292	29	4.063e-09	{IAG}	hydrophobic	2.836
sp|P33024|PSUT_ECOLI	416	WHOLE	1	1	416	48	4.580e-06	{I}
sp|P33135|FLIR_ECOLI	261	SINGLE	1	170	204	16	2.418e-08	{L}	----	4.848
sp|P33135|FLIR_ECOLI	261	MULTIPLE	1	9	26	10	3.723e-06	{WL}	hydrophobic	5.154
sp|P33135|FLIR_ECOLI	261	WHOLE	1	1	261	58	4.030e-10	{L}
sp|P33222|YJFC_ECOLI	387	SINGLE	1	175	177	3	2.571e-06	{C}	----	72.993
sp|P33340|YEHA_ECOLI	344	SINGLE	1	1	15	6	4.645e-07	{M}	----	18.182
sp|P33340|YEHA_ECOLI	344	SINGLE	2	139	144	5	3.936e-06	{S}	----	14.196
sp|P33340|YEHA_ECOLI	344	WHOLE	1	1	344	41	8.908e-06	{S}
sp|P33341|YEHB_ECOLI	826	SINGLE	1	155	167	6	2.189e-06	{Y}	----	13.456
sp|P33341|YEHB_ECOLI	826	SINGLE	2	486	533	13	2.281e-06	{S}	----	4.614
sp|P33341|YEHB_ECOLI	826	MULTIPLE	1	486	526	15	6.826e-08	{SW}	polar	5.067
sp|P33341|YEHB_ECOLI	826	MULTIPLE	2	452	480	13	1.202e-06	{ND}	asx	4.501
sp|P33341|YEHB_ECOLI	826	WHOLE	1	1	826	63	2.044e-06	{N}
sp|P33369|MDTQ_ECOLI	478	MULTIPLE	1	74	105	15	9.016e-07	{QA}	mixed	3.936
sp|P33369|MDTQ_ECOLI	478	WHOLE	1	1	478	42	1.897e-07	{Q}
sp|P33369|MDTQ_ECOLI	478	WHOLE	2	1	478	72	2.696e-07	{A}
sp|P33593|NIKD_ECOLI	254	SINGLE	1	141	153	5	5.551e-06	{M}	----	17.483
sp|P34749|HOFQ_ECOLI	412	WHOLE	1	1	412	34	8.609e-06	{Q}
sp|P36561|COBS_ECOLI	247	WHOLE	1	1	247	46	3.645e-06	{L}
sp|P36771|LRHA_ECOLI	312	SINGLE	1	29	34	6	3.085e-07	{A}	----	12.165
sp|P36879|YADG_ECOLI	308	MULTIPLE	1	130	152	10	1.999e-06	{RM}	mixed	5.899
sp|P37017|YADL_ECOLI	201	SINGLE	1	74	101	10	2.113e-06	{K}	----	6.095
sp|P37018|YADM_ECOLI	189	SINGLE	1	84	121	13	1.172e-07	{S}	----	5.828
sp|P37018|YADM_ECOLI	189	SINGLE	2	46	55	6	9.055e-07	{N}	----	14.458
sp|P37018|YADM_ECOLI	189	MULTIPLE	1	31	57	15	2.431e-09	{NT}	small_polar	5.848
sp|P37024|HRPB_ECOLI	809	WHOLE	1	1	809	128	2.901e-09	{L}
sp|P37024|HRPB_ECOLI	809	WHOLE	2	1	809	56	4.027e-06	{Q}
sp|P37127|AEGA_ECOLI	659	SINGLE	1	16	58	9	4.605e-07	{H}	----	9.100
sp|P37127|AEGA_ECOLI	659	MULTIPLE	1	12	75	18	9.409e-12	{HC}	polar	7.663
sp|P37127|AEGA_ECOLI	659	WHOLE	1	1	659	28	1.737e-07	{C}
sp|P37147|FXSA_ECOLI	158	SINGLE	1	83	101	11	1.794e-07	{L}	----	6.139
sp|P37147|FXSA_ECOLI	158	SINGLE	2	123	133	7	2.432e-06	{G}	----	8.851
sp|P37147|FXSA_ECOLI	158	SINGLE	3	144	158	7	8.909e-06	{D}	----	8.032
sp|P37309|ARSR_ECOLI	117	MULTIPLE	1	4	40	15	2.404e-06	{CL}	hydrophobic	3.754
sp|P37619|QPTR_ECOLI	221	WHOLE	1	1	221	25	3.102e-06	{F}
sp|P37645|YHJG_ECOLI	686	SINGLE	1	636	665	12	1.758e-06	{A}	----	4.866
sp|P37645|YHJG_ECOLI	686	SINGLE	2	137	153	7	2.699e-06	{N}	----	9.922
sp|P37648|YHJJ_ECOLI	498	WHOLE	1	1	498	39	6.887e-06	{Q}
sp|P37649|PDEK_ECOLI	662	MULTIPLE	1	15	35	11	3.975e-06	{VF}	hydrophobic	4.648
sp|P37652|BCSB_ECOLI	779	MULTIPLE	1	598	618	11	5.716e-06	{ID}	mixed	4.477
sp|P37652|BCSB_ECOLI	779	WHOLE	1	1	779	62	9.780e-06	{P}
sp|P37662|YHJX_ECOLI	402	MULTIPLE	1	299	318	11	4.946e-06	{FA}	hydrophobic	4.479
sp|P37746|RFBX_ECOLI	415	WHOLE	1	1	415	52	1.814e-07	{I}
sp|P38683|TORT_ECOLI	342	SINGLE	1	87	100	6	5.612e-06	{Q}	----	11.614
sp|P39267|RDCB_ECOLI	292	SINGLE	1	26	55	8	8.797e-06	{Q}	----	7.227
sp|P39285|MSCM_ECOLI	1107	SINGLE	1	274	308	11	2.923e-08	{Q}	----	8.517
sp|P39285|MSCM_ECOLI	1107	SINGLE	2	108	151	12	4.035e-08	{Q}	----	7.391
sp|P39285|MSCM_ECOLI	1107	SINGLE	3	719	747	10	9.967e-07	{R}	----	6.670
sp|P39285|MSCM_ECOLI	1107	MULTIPLE	1	749	768	10	3.057e-06	{HE}	charged	5.435
sp|P39285|MSCM_ECOLI	1107	MULTIPLE	2	918	959	16	4.868e-06	{TI}	hydrophobic	3.389
sp|P39285|MSCM_ECOLI	1107	WHOLE	1	1	1107	170	1.143e-10	{L}
sp|P39285|MSCM_ECOLI	1107	WHOLE	2	1	1107	78	4.062e-08	{Q}
sp|P39362|SGCE_ECOLI	210	SINGLE	1	175	185	7	5.938e-06	{A}	----	7.742
sp|P39365|SGCC_ECOLI	437	SINGLE	1	416	427	7	5.518e-06	{V}	----	8.091
sp|P39365|SGCC_ECOLI	437	WHOLE	1	1	437	53	3.793e-07	{I}
sp|P39409|YJJW_ECOLI	287	SINGLE	1	31	57	7	6.105e-08	{C}	----	18.924
sp|P39409|YJJW_ECOLI	287	WHOLE	1	1	287	16	2.424e-06	{C}
sp|P39410|YJJJ_ECOLI	443	SINGLE	1	19	66	12	3.758e-06	{R}	----	4.836
sp|P39830|YBAL_ECOLI	558	SINGLE	1	395	409	8	2.004e-06	{E}	----	7.729
sp|P39830|YBAL_ECOLI	558	WHOLE	1	1	558	93	2.955e-08	{L}
sp|P39830|YBAL_ECOLI	558	WHOLE	2	1	558	75	9.178e-06	{A}
sp|P39832|ZNUB_ECOLI	261	MULTIPLE	1	128	140	9	4.633e-06	{VI}	aliphatic	5.285
sp|P39832|ZNUB_ECOLI	261	WHOLE	1	1	261	47	7.078e-06	{L}
sp|P40876|YCBF_ECOLI	236	MULTIPLE	1	77	100	13	3.711e-06	{LP}	mixed	3.875
sp|P42596|RLMG_ECOLI	378	SINGLE	1	162	165	4	8.192e-06	{T}	----	18.692
sp|P42626|YHAM_ECOLI	436	SINGLE	1	79	113	14	2.463e-07	{A}	----	4.866
sp|P42626|YHAM_ECOLI	436	SINGLE	2	34	42	7	7.690e-07	{A}	----	9.462
sp|P42626|YHAM_ECOLI	436	SINGLE	3	321	337	9	2.097e-06	{A}	----	6.441
sp|P42626|YHAM_ECOLI	436	WHOLE	1	1	436	70	3.530e-08	{A}
sp|P42640|YHBX_ECOLI	541	SINGLE	1	349	357	5	7.416e-06	{Q}	----	15.056
sp|P42909|PTPB1_ECOLI	158	MULTIPLE	1	34	44	9	4.474e-07	{VD}	small	6.284
sp|P42915|YRAJ_ECOLI	838	MULTIPLE	1	610	653	24	1.204e-10	{SYN}	polar	4.055
sp|P42915|YRAJ_ECOLI	838	MULTIPLE	2	471	493	10	2.571e-06	{YN}	polar	5.736
sp|P42915|YRAJ_ECOLI	838	WHOLE	1	1	838	62	1.671e-07	{Q}
sp|P42915|YRAJ_ECOLI	838	WHOLE	2	1	838	85	4.589e-07	{S}
sp|P43319|YRAK_ECOLI	363	WHOLE	1	1	363	44	2.893e-07	{T}
sp|P43337|NUDL_ECOLI	192	MULTIPLE	1	88	124	17	2.050e-07	{VP}	small	3.907
sp|P45428|DCUD_ECOLI	455	WHOLE	1	1	455	29	3.585e-07	{M}
sp|P45753|HOFM_ECOLI	259	SINGLE	1	238	243	5	1.117e-06	{P}	----	18.315
sp|P45756|GSPA_ECOLI	489	SINGLE	1	354	368	8	2.783e-06	{V}	----	7.397
sp|P45761|GSPJ_ECOLI	195	SINGLE	1	33	52	7	4.429e-06	{Q}	----	9.485
sp|P45761|GSPJ_ECOLI	195	WHOLE	1	1	195	22	2.788e-06	{Q}
sp|P45762|GSPK_ECOLI	327	SINGLE	1	72	86	7	4.437e-07	{Q}	----	12.647
sp|P45762|GSPK_ECOLI	327	MULTIPLE	1	292	318	12	2.244e-06	{QS}	polar	4.649
sp|P45762|GSPK_ECOLI	327	MULTIPLE	2	9	25	13	1.766e-07	{LA}	hydrophobic	4.333
sp|P45762|GSPK_ECOLI	327	WHOLE	1	1	327	34	5.587e-08	{Q}
sp|P45763|GSPL_ECOLI	387	SINGLE	1	275	308	12	1.528e-09	{Q}	----	9.565
sp|P45768|YHDY_ECOLI	367	WHOLE	1	1	367	18	2.881e-06	{W}
sp|P46481|AAEB_ECOLI	655	SINGLE	1	71	89	8	5.615e-06	{I}	----	7.149
sp|P46846|GNTX_ECOLI	227	SINGLE	1	8	54	8	2.279e-07	{C}	----	12.424
sp|P46846|GNTX_ECOLI	227	MULTIPLE	1	5	76	19	2.190e-08	{CP}	small	4.458
sp|P46888|USPC_ECOLI	142	SINGLE	1	93	113	6	5.666e-06	{H}	----	12.422
sp|P52043|SCPC_ECOLI	492	SINGLE	1	451	481	7	5.122e-06	{H}	----	9.818
sp|P52067|FSR_ECOLI	406	MULTIPLE	1	346	366	12	4.127e-07	{FG}	hydrophobic	5.079
sp|P52143|YPJA_ECOLI	1526	SINGLE	1	1184	1220	19	2.429e-16	{P}	----	11.286
sp|P52143|YPJA_ECOLI	1526	SINGLE	2	112	158	14	2.873e-06	{G}	----	4.143
sp|P52143|YPJA_ECOLI	1526	SINGLE	3	367	397	9	2.897e-06	{N}	----	6.996
sp|P52143|YPJA_ECOLI	1526	SINGLE	4	806	816	6	8.230e-06	{T}	----	10.195
sp|P52143|YPJA_ECOLI	1526	MULTIPLE	1	1262	1292	13	1.756e-06	{NT}	small_polar	4.414
sp|P52143|YPJA_ECOLI	1526	WHOLE	1	1	1526	213	1.915e-20	{G}
sp|P52143|YPJA_ECOLI	1526	WHOLE	2	1	1526	167	3.654e-18	{T}
sp|P52143|YPJA_ECOLI	1526	WHOLE	3	1	1526	139	1.236e-17	{N}
sp|P52613|FLIJ_ECOLI	147	SINGLE	1	70	118	13	1.595e-08	{Q}	----	7.190
sp|P52613|FLIJ_ECOLI	147	WHOLE	1	1	147	19	1.776e-06	{Q}
sp|P52614|FLIK_ECOLI	375	SINGLE	1	328	339	8	1.464e-09	{Q}	----	18.067
sp|P52614|FLIK_ECOLI	375	SINGLE	2	241	291	12	2.335e-07	{Q}	----	6.377
sp|P52614|FLIK_ECOLI	375	WHOLE	1	1	375	36	1.653e-07	{Q}
sp|P54746|MNGB_ECOLI	877	SINGLE	1	343	345	3	2.571e-06	{C}	----	72.993
sp|P60566|FIXA_ECOLI	256	SINGLE	1	101	111	7	5.938e-06	{A}	----	7.742
sp|P60566|FIXA_ECOLI	256	MULTIPLE	1	41	59	11	1.874e-06	{QA}	mixed	4.861
sp|P60778|TSGA_ECOLI	393	MULTIPLE	1	136	154	8	8.753e-06	{MF}	hydrophobic	6.726
sp|P62517|OPGH_ECOLI	847	SINGLE	1	315	320	6	1.910e-08	{R}	----	19.342
sp|P62517|OPGH_ECOLI	847	WHOLE	1	1	847	32	2.368e-07	{W}
sp|P64634|HOFN_ECOLI	179	SINGLE	1	56	96	13	1.446e-09	{Q}	----	8.593
sp|P64634|HOFN_ECOLI	179	MULTIPLE	1	56	96	21	3.313e-12	{QR}	polar	5.781
sp|P64634|HOFN_ECOLI	179	WHOLE	1	1	179	24	4.492e-08	{Q}
sp|P69367|MDTH_ECOLI	402	WHOLE	1	1	402	25	3.180e-06	{M}
sp|P69826|PTMCB_ECOLI	462	SINGLE	1	66	92	11	1.049e-06	{G}	----	5.666
sp|P75715|SFMH_ECOLI	327	SINGLE	1	291	295	5	3.753e-06	{A}	----	12.165
sp|P75742|DTPD_ECOLI	493	MULTIPLE	1	209	235	12	7.736e-06	{WL}	hydrophobic	4.123
sp|P75746|PXPA_ECOLI	244	WHOLE	1	1	244	43	1.044e-06	{A}
sp|P75757|ZITB_ECOLI	313	SINGLE	1	308	313	5	3.773e-08	{H}	----	36.232
sp|P75757|ZITB_ECOLI	313	SINGLE	2	240	284	9	6.907e-07	{H}	----	8.696
sp|P75757|ZITB_ECOLI	313	MULTIPLE	1	240	300	17	5.831e-08	{HQ}	polar	4.653
sp|P75757|ZITB_ECOLI	313	MULTIPLE	2	3	11	8	1.641e-08	{HS}	polar	10.880
sp|P75757|ZITB_ECOLI	313	WHOLE	1	1	313	25	8.002e-08	{H}
sp|P75777|YBHG_ECOLI	332	SINGLE	1	111	123	8	1.747e-06	{A}	----	7.486
sp|P75777|YBHG_ECOLI	332	MULTIPLE	1	111	135	15	1.266e-08	{AQ}	mixed	5.038
sp|P75777|YBHG_ECOLI	332	MULTIPLE	2	182	198	12	2.674e-08	{QA}	mixed	5.927
sp|P75782|RLMF_ECOLI	308	MULTIPLE	1	192	204	9	5.567e-06	{AR}	mixed	5.170
sp|P75826|LYSO_ECOLI	299	SINGLE	1	170	176	6	9.125e-07	{V}	----	11.888
sp|P75826|LYSO_ECOLI	299	WHOLE	1	1	299	58	6.325e-08	{L}
sp|P75855|ELFA_ECOLI	179	SINGLE	1	86	106	9	5.456e-07	{T}	----	8.011
sp|P75855|ELFA_ECOLI	179	WHOLE	1	1	179	30	2.167e-08	{T}
sp|P75857|ELFC_ECOLI	866	SINGLE	1	180	198	8	5.477e-06	{S}	----	7.173
sp|P75857|ELFC_ECOLI	866	SINGLE	2	320	351	10	8.280e-06	{S}	----	5.324
sp|P75857|ELFC_ECOLI	866	MULTIPLE	1	389	407	13	1.308e-08	{GWY}	hydrophobic	5.716
sp|P75857|ELFC_ECOLI	866	WHOLE	1	1	866	84	2.785e-06	{S}
sp|P75920|OPGC_ECOLI	385	WHOLE	1	1	385	35	6.068e-06	{F}
sp|P75925|C56H2_ECOLI	188	SINGLE	1	74	84	6	3.248e-06	{P}	----	11.988
sp|P76007|NHAP2_ECOLI	578	SINGLE	1	19	28	6	6.745e-06	{S}	----	10.221
sp|P76007|NHAP2_ECOLI	578	WHOLE	1	1	578	92	2.669e-07	{L}
sp|P76017|YCGV_ECOLI	955	SINGLE	1	621	653	16	1.784e-13	{P}	----	10.656
sp|P76017|YCGV_ECOLI	955	MULTIPLE	1	619	656	24	1.765e-15	{PT}	small	6.380
sp|P76017|YCGV_ECOLI	955	MULTIPLE	2	196	221	12	8.099e-06	{NG}	small	4.070
sp|P76017|YCGV_ECOLI	955	WHOLE	1	1	955	88	4.018e-12	{N}
sp|P76017|YCGV_ECOLI	955	WHOLE	2	1	955	125	5.396e-11	{G}
sp|P76017|YCGV_ECOLI	955	WHOLE	3	1	955	94	4.569e-07	{S}
sp|P76017|YCGV_ECOLI	955	WHOLE	4	1	955	83	6.034e-06	{T}
sp|P76056|INTR_ECOLI	411	MULTIPLE	1	70	112	19	4.042e-08	{TK}	polar	3.942
sp|P76097|HGLS_ECOLI	447	MULTIPLE	1	161	186	13	5.114e-07	{QE}	glx	4.721
sp|P76097|HGLS_ECOLI	447	WHOLE	1	1	447	36	8.193e-06	{Q}
sp|P76128|DDPA_ECOLI	516	MULTIPLE	1	457	471	9	1.143e-06	{QT}	polar	6.637
sp|P76142|LSRB_ECOLI	340	SINGLE	1	216	232	9	2.097e-06	{A}	----	6.441
sp|P76175|CLCB_ECOLI	418	SINGLE	1	149	165	9	2.097e-06	{A}	----	6.441
sp|P76175|CLCB_ECOLI	418	WHOLE	1	1	418	75	2.858e-08	{L}
sp|P76187|YDHF_ECOLI	298	MULTIPLE	1	188	202	10	2.246e-06	{QL}	mixed	5.081
sp|P76204|YDIV_ECOLI	237	MULTIPLE	1	182	201	9	4.107e-06	{CI}	hydrophobic	6.198
sp|P76224|YNJC_ECOLI	511	SINGLE	1	330	372	18	1.778e-08	{L}	----	4.439
sp|P76224|YNJC_ECOLI	511	SINGLE	2	240	259	11	3.612e-07	{L}	----	5.832
sp|P76224|YNJC_ECOLI	511	SINGLE	3	369	399	6	3.173e-06	{W}	----	14.337
sp|P76224|YNJC_ECOLI	511	MULTIPLE	1	330	395	31	1.213e-13	{LW}	hydrophobic	4.357
sp|P76224|YNJC_ECOLI	511	WHOLE	1	1	511	112	2.062e-17	{L}
sp|P76224|YNJC_ECOLI	511	WHOLE	2	1	511	28	6.648e-10	{W}
sp|P76241|NIMR_ECOLI	273	SINGLE	1	144	149	5	3.953e-07	{Q}	----	22.584
sp|P76241|NIMR_ECOLI	273	MULTIPLE	1	97	124	11	8.306e-07	{TC}	small_polar	5.846
sp|P76298|FLHA_ECOLI	692	MULTIPLE	1	601	629	16	2.165e-06	{GL}	hydrophobic	3.320
sp|P76298|FLHA_ECOLI	692	WHOLE	1	1	692	102	2.115e-06	{L}
sp|P76299|FLHB_ECOLI	382	MULTIPLE	1	70	105	18	9.830e-07	{LI}	aliphatic	3.264
sp|P76345|C56H1_ECOLI	176	SINGLE	1	70	77	5	9.497e-06	{P}	----	13.736
sp|P76372|WZZB_ECOLI	326	SINGLE	1	179	226	13	1.217e-08	{Q}	----	7.340
sp|P76372|WZZB_ECOLI	326	WHOLE	1	1	326	31	1.306e-06	{Q}
sp|P76393|YEGI_ECOLI	648	SINGLE	1	384	411	12	3.084e-06	{L}	----	4.545
sp|P76393|YEGI_ECOLI	648	MULTIPLE	1	366	411	22	3.378e-08	{LP}	mixed	3.421
sp|P76461|ATOB_ECOLI	394	MULTIPLE	1	96	108	10	1.123e-07	{AQ}	mixed	6.459
sp|P76461|ATOB_ECOLI	394	WHOLE	1	1	394	67	7.315e-09	{A}
sp|P76472|ARND_ECOLI	296	SINGLE	1	100	111	5	4.331e-06	{H}	----	18.116
sp|P76472|ARND_ECOLI	296	MULTIPLE	1	100	120	8	3.953e-07	{HW}	polar_aromatic	10.437
sp|P76499|YFCP_ECOLI	179	SINGLE	1	133	150	7	4.233e-06	{N}	----	9.371
sp|P76500|YFCQ_ECOLI	162	SINGLE	1	69	90	8	9.939e-06	{T}	----	6.797
sp|P76540|EUTK_ECOLI	166	SINGLE	1	51	64	8	3.741e-06	{A}	----	6.952
sp|P76551|EUTA_ECOLI	467	SINGLE	1	15	18	4	8.192e-06	{T}	----	18.692
sp|P76552|EUTH_ECOLI	408	MULTIPLE	1	28	65	15	6.231e-07	{GM}	hydrophobic	4.204
sp|P76552|EUTH_ECOLI	408	WHOLE	1	1	408	33	2.054e-10	{M}
sp|P76655|YQIG_ECOLI	821	WHOLE	1	1	821	69	2.410e-08	{N}
sp|P76655|YQIG_ECOLI	821	WHOLE	2	1	821	83	6.903e-07	{S}
sp|P77156|YDCU_ECOLI	313	SINGLE	1	27	52	11	9.170e-06	{L}	----	4.486
sp|P77156|YDCU_ECOLI	313	MULTIPLE	1	93	134	16	1.840e-06	{AM}	hydrophobic	3.656
sp|P77179|RSXE_ECOLI	231	SINGLE	1	32	63	10	3.697e-06	{T}	----	5.841
sp|P77179|RSXE_ECOLI	231	MULTIPLE	1	19	59	23	9.075e-10	{TL}	hydrophobic	3.796
sp|P77196|YFCU_ECOLI	881	SINGLE	1	225	234	6	6.358e-06	{D}	----	10.327
sp|P77196|YFCU_ECOLI	881	MULTIPLE	1	851	874	10	8.491e-06	{QP}	mixed	5.057
sp|P77231|CITG_ECOLI	292	SINGLE	1	199	219	11	6.869e-07	{L}	----	5.555
sp|P77268|DDPD_ECOLI	328	SINGLE	1	287	318	6	4.186e-06	{C}	----	13.686
sp|P77288|YFCV_ECOLI	187	SINGLE	1	86	97	7	7.548e-07	{T}	----	10.903
sp|P77288|YFCV_ECOLI	187	WHOLE	1	1	187	26	5.797e-06	{T}
sp|P77308|DDPB_ECOLI	340	WHOLE	1	1	340	59	2.000e-06	{L}
sp|P77315|YPHD_ECOLI	332	MULTIPLE	1	267	299	19	1.000e-07	{GL}	hydrophobic	3.464
sp|P77318|YDEN_ECOLI	560	SINGLE	1	23	30	6	7.276e-06	{A}	----	9.124
sp|P77368|YBCL_ECOLI	183	SINGLE	1	82	85	3	9.709e-06	{W}	----	55.556
sp|P77375|YDHX_ECOLI	222	SINGLE	1	124	171	8	2.697e-07	{C}	----	12.165
sp|P77375|YDHX_ECOLI	222	MULTIPLE	1	187	199	8	5.875e-07	{QY}	polar	8.643
sp|P77375|YDHX_ECOLI	222	WHOLE	1	1	222	16	8.590e-08	{C}
sp|P77377|WZXC_ECOLI	492	WHOLE	1	1	492	79	1.142e-06	{L}
sp|P77409|YDHU_ECOLI	261	SINGLE	1	191	203	9	2.837e-07	{L}	----	7.342
sp|P77416|HYFD_ECOLI	479	WHOLE	1	1	479	78	7.799e-07	{L}
sp|P77437|HYFF_ECOLI	526	SINGLE	1	419	436	11	8.342e-08	{L}	----	6.480
sp|P77437|HYFF_ECOLI	526	SINGLE	2	9	51	16	7.150e-07	{L}	----	3.946
sp|P77437|HYFF_ECOLI	526	MULTIPLE	1	9	51	20	4.933e-07	{LR}	mixed	3.186
sp|P77437|HYFF_ECOLI	526	WHOLE	1	1	526	98	3.816e-11	{L}
sp|P77445|EUTE_ECOLI	467	SINGLE	1	434	442	6	1.670e-06	{T}	----	12.461
sp|P77445|EUTE_ECOLI	467	SINGLE	2	25	78	16	3.520e-06	{A}	----	3.605
sp|P77445|EUTE_ECOLI	467	WHOLE	1	1	467	70	4.564e-07	{A}
sp|P77463|DDPC_ECOLI	298	MULTIPLE	1	128	139	8	6.481e-07	{MI}	hydrophobic	8.241
sp|P77468|SFMD_ECOLI	867	WHOLE	1	1	867	67	6.781e-07	{N}
sp|P77549|YFCJ_ECOLI	392	WHOLE	1	1	392	56	4.655e-07	{G}
sp|P77596|YAGF_ECOLI	655	MULTIPLE	1	222	240	9	9.315e-06	{CG}	tiny_hydrophobic	5.534
sp|P77672|LSRC_ECOLI	342	WHOLE	1	1	342	61	5.668e-07	{L}
sp|P77682|GTRA_ECOLI	120	SINGLE	1	39	58	7	8.224e-06	{F}	----	8.621
sp|P77689|SUFD_ECOLI	423	SINGLE	1	28	35	5	3.422e-06	{Q}	----	16.938
sp|P77744|ABGR_ECOLI	302	WHOLE	1	1	302	29	2.273e-06	{Q}
sp|P77795|YDCT_ECOLI	337	MULTIPLE	1	156	184	15	6.361e-07	{LQ}	mixed	3.942
sp|P77804|YDGA_ECOLI	502	WHOLE	1	1	502	40	3.635e-06	{Q}
sp|P77858|HYFC_ECOLI	315	WHOLE	1	1	315	63	5.752e-09	{L}
sp|P78067|YNJE_ECOLI	435	SINGLE	1	34	38	4	8.928e-06	{Q}	----	21.680
sp|Q46798|YGER_ECOLI	251	SINGLE	1	89	117	10	3.083e-06	{S}	----	5.874
sp|Q46798|YGER_ECOLI	251	MULTIPLE	1	89	117	16	9.112e-09	{ST}	small_polar	4.917
sp|Q46801|XDHC_ECOLI	159	SINGLE	1	44	52	4	4.143e-06	{C}	----	32.441
sp|Q46811|YGFK_ECOLI	1032	SINGLE	1	1018	1024	5	1.290e-07	{H}	----	31.056
sp|Q46811|YGFK_ECOLI	1032	SINGLE	2	898	912	5	1.263e-06	{C}	----	24.331
sp|Q46820|UACF_ECOLI	639	SINGLE	1	87	129	8	1.110e-07	{C}	----	13.580
sp|Q46820|UACF_ECOLI	639	MULTIPLE	1	6	25	12	3.403e-08	{CA}	tiny_hydrophobic	6.257
sp|Q46820|UACF_ECOLI	639	WHOLE	1	1	639	31	2.139e-09	{C}
sp|Q46911|YGCU_ECOLI	484	SINGLE	1	438	454	6	1.418e-06	{H}	----	15.345
sp|Q46939|YQEF_ECOLI	393	MULTIPLE	1	253	266	9	1.672e-06	{MA}	hydrophobic	6.169
sp|Q47013|ELAD_ECOLI	403	WHOLE	1	1	403	37	4.442e-06	{N}
sp|Q47142|HCAT_ECOLI	379	MULTIPLE	1	217	241	13	8.565e-07	{AY}	hydrophobic	4.464
sp|Q47539|TAUC_ECOLI	275	WHOLE	1	1	275	49	6.246e-06	{L}
sp|Q47689|MMUP_ECOLI	467	SINGLE	1	97	130	6	5.564e-06	{W}	----	13.072
sp|A5A605|YKFM_ECOLI	159	SINGLE	1	10	30	8	8.765e-07	{F}	----	9.383
sp|C1P602|YOAK_ECOLI	32	MULTIPLE	1	3	24	11	2.108e-06	{IF}	hydrophobic	5.025
sp|P03061|LPIV_ECOLI	32	SINGLE	1	19	28	9	4.886e-10	{V}	----	12.483
sp|P03835|INSG_ECOLI	442	SINGLE	1	380	386	4	7.670e-06	{M}	----	25.974
sp|P03841|MALM_ECOLI	306	SINGLE	1	237	247	7	5.938e-06	{A}	----	7.742
sp|P03841|MALM_ECOLI	306	MULTIPLE	1	227	248	15	2.567e-09	{AP}	small	5.339
sp|P03841|MALM_ECOLI	306	MULTIPLE	2	47	70	13	2.370e-08	{QT}	polar	5.992
sp|P07021|YFIB_ECOLI	160	SINGLE	1	68	72	4	8.928e-06	{Q}	----	21.680
sp|P08369|CRED_ECOLI	450	SINGLE	1	327	343	9	6.490e-06	{L}	----	5.614
sp|P08369|CRED_ECOLI	450	SINGLE	2	380	405	11	9.170e-06	{L}	----	4.486
sp|P08372|PPDC_ECOLI	107	SINGLE	1	46	78	9	1.984e-06	{Q}	----	7.391
sp|P09127|HEMX_ECOLI	393	SINGLE	1	75	120	13	6.920e-09	{Q}	----	7.659
sp|P09127|HEMX_ECOLI	393	SINGLE	2	366	389	10	8.312e-06	{A}	----	5.069
sp|P09127|HEMX_ECOLI	393	MULTIPLE	1	366	390	16	2.988e-09	{AP}	small	5.012
sp|P09127|HEMX_ECOLI	393	MULTIPLE	2	220	240	12	6.196e-07	{SD}	small_polar	4.892
sp|P09127|HEMX_ECOLI	393	WHOLE	1	1	393	38	6.545e-08	{Q}
sp|P0A8C4|YGFB_ECOLI	192	SINGLE	1	147	163	8	6.563e-06	{E}	----	6.820
sp|P0A8R7|YCJF_ECOLI	353	MULTIPLE	1	85	99	7	3.515e-06	{WQ}	polar	9.259
sp|P0A8U2|YAFD_ECOLI	266	SINGLE	1	196	227	11	2.985e-07	{R}	----	6.649
sp|P0A905|SLYB_ECOLI	155	SINGLE	1	55	101	17	1.072e-08	{G}	----	5.031
sp|P0A905|SLYB_ECOLI	155	MULTIPLE	1	63	99	22	1.030e-09	{GA}	tiny_hydrophobic	3.858
sp|P0A9K3|PHOL_ECOLI	346	MULTIPLE	1	319	344	15	6.282e-07	{EA}	mixed	3.816
sp|P0A9U8|YDIO_ECOLI	383	MULTIPLE	1	217	241	11	4.154e-06	{EM}	mixed	4.835
sp|P0AA49|YFDV_ECOLI	314	SINGLE	1	133	145	7	2.932e-06	{I}	----	9.142
sp|P0AA49|YFDV_ECOLI	314	SINGLE	2	79	90	6	3.227e-06	{F}	----	12.315
sp|P0AA70|YEDA_ECOLI	306	SINGLE	1	50	79	15	1.456e-08	{L}	----	5.302
sp|P0AA91|YEAY_ECOLI	193	MULTIPLE	1	163	179	11	1.276e-08	{GW}	hydrophobic	7.577
sp|P0AAA3|ECPA_ECOLI	195	SINGLE	1	149	175	9	6.255e-06	{T}	----	6.231
sp|P0AAA3|ECPA_ECOLI	195	WHOLE	1	1	195	30	1.466e-07	{T}
sp|P0AAA5|YMCE_ECOLI	76	SINGLE	1	63	65	3	2.571e-06	{C}	----	72.993
sp|P0AAE5|ARCD_ECOLI	460	WHOLE	1	1	460	79	8.197e-08	{L}
sp|P0AAK4|HYDN_ECOLI	175	SINGLE	1	12	32	5	7.876e-06	{C}	----	17.379
sp|P0AAK4|HYDN_ECOLI	175	WHOLE	1	1	175	18	4.963e-11	{C}
sp|P0AAL6|YDHY_ECOLI	208	SINGLE	1	123	193	13	1.564e-11	{C}	----	13.365
sp|P0AAL6|YDHY_ECOLI	208	WHOLE	1	1	208	18	8.179e-10	{C}
sp|P0AAQ2|YAJD_ECOLI	115	SINGLE	1	45	73	7	3.185e-06	{H}	----	10.495
sp|P0AAR5|YBAN_ECOLI	125	SINGLE	1	4	9	5	4.003e-06	{I}	----	14.148
sp|P0AAR8|YBAV_ECOLI	123	SINGLE	1	15	54	16	3.485e-08	{A}	----	4.866
sp|P0AAS0|YLAC_ECOLI	156	SINGLE	1	76	79	4	2.717e-06	{F}	----	24.631
sp|P0AAX3|YBIJ_ECOLI	86	SINGLE	1	42	64	10	5.283e-06	{A}	----	5.289
sp|P0AB12|YCCF_ECOLI	148	SINGLE	1	95	120	9	9.498e-06	{I}	----	5.877
sp|P0AB35|YCFJ_ECOLI	179	SINGLE	1	73	114	15	9.337e-08	{G}	----	4.967
sp|P0AB35|YCFJ_ECOLI	179	MULTIPLE	1	77	117	18	6.522e-08	{GQ}	mixed	4.035
sp|P0AD17|YOHC_ECOLI	195	SINGLE	1	27	32	4	4.007e-06	{H}	----	28.986
sp|P0AD30|YFCA_ECOLI	269	MULTIPLE	1	149	177	13	4.649e-06	{FG}	hydrophobic	3.985
sp|P0AD44|YFHG_ECOLI	237	SINGLE	1	138	187	13	2.076e-08	{Q}	----	7.046
sp|P0AD44|YFHG_ECOLI	237	WHOLE	1	1	237	25	2.100e-06	{Q}
sp|P0AD72|LPF_ECOLI	15	SINGLE	1	6	14	7	6.025e-09	{F}	----	19.157
sp|P0AD72|LPF_ECOLI	15	WHOLE	1	1	15	7	8.399e-07	{F}
sp|P0AD86|LPT_ECOLI	21	SINGLE	1	6	16	8	9.390e-09	{T}	----	13.594
sp|P0AD86|LPT_ECOLI	21	WHOLE	1	1	21	8	6.682e-06	{T}
sp|P0ADA7|OSMB_ECOLI	72	SINGLE	1	37	71	13	3.924e-07	{G}	----	5.166
sp|P0ADF3|LPRH_ECOLI	33	SINGLE	1	3	22	8	8.592e-06	{S}	----	6.814
sp|P0ADI9|YHHN_ECOLI	208	SINGLE	1	33	41	8	5.097e-08	{L}	----	9.426
sp|P0ADI9|YHHN_ECOLI	208	SINGLE	2	106	118	8	4.905e-06	{L}	----	6.526
sp|P0ADI9|YHHN_ECOLI	208	WHOLE	1	1	208	43	4.712e-07	{L}
sp|P0ADT2|YGIB_ECOLI	223	SINGLE	1	96	116	8	4.290e-07	{Q}	----	10.324
sp|P0ADT2|YGIB_ECOLI	223	SINGLE	2	190	195	5	2.489e-06	{T}	----	15.576
sp|P0ADT2|YGIB_ECOLI	223	SINGLE	3	123	135	5	5.551e-06	{M}	----	17.483
sp|P0ADT2|YGIB_ECOLI	223	MULTIPLE	1	96	116	14	5.530e-09	{QA}	mixed	5.598
sp|P0ADT8|YGIM_ECOLI	206	MULTIPLE	1	177	194	14	1.815e-08	{LG}	hydrophobic	4.680
sp|P0ADX7|YHHA_ECOLI	146	SINGLE	1	28	94	24	7.845e-18	{Q}	----	9.708
sp|P0ADX7|YHHA_ECOLI	146	WHOLE	1	1	146	29	1.143e-13	{Q}
sp|P0AE14|AMPE_ECOLI	284	SINGLE	1	269	273	5	1.948e-06	{V}	----	13.870
sp|P0AE14|AMPE_ECOLI	284	SINGLE	2	56	80	11	5.841e-06	{L}	----	4.666
sp|P0AE78|CORC_ECOLI	292	MULTIPLE	1	182	203	13	3.306e-07	{ED}	negative	4.649
sp|P0AEC0|YOAE_ECOLI	518	SINGLE	1	48	64	9	6.490e-06	{L}	----	5.614
sp|P0AEC0|YOAE_ECOLI	518	MULTIPLE	1	127	168	17	7.656e-08	{MV}	hydrophobic	4.301
sp|P0AEQ1|GLCG_ECOLI	134	SINGLE	1	119	133	8	7.358e-06	{A}	----	6.488
sp|P0AEQ1|GLCG_ECOLI	134	MULTIPLE	1	97	115	12	1.349e-06	{VG}	small_hydrophobic	4.386
sp|P0AEX5|KPPR_ECOLI	289	SINGLE	1	18	21	4	8.192e-06	{T}	----	18.692
sp|P0AF45|YJBE_ECOLI	80	SINGLE	1	69	79	9	1.769e-10	{T}	----	15.293
sp|P0AF45|YJBE_ECOLI	80	SINGLE	2	32	52	10	8.807e-08	{S}	----	8.112
sp|P0AF45|YJBE_ECOLI	80	SINGLE	3	10	34	11	1.553e-06	{A}	----	5.353
sp|P0AF45|YJBE_ECOLI	80	MULTIPLE	1	10	53	26	4.979e-12	{SA}	tiny	4.194
sp|P0AFM4|PSIF_ECOLI	106	SINGLE	1	29	43	6	9.008e-06	{Q}	----	10.840
sp|P0AFM4|PSIF_ECOLI	106	SINGLE	2	73	87	6	9.008e-06	{Q}	----	10.840
sp|P0AFS7|YDIK_ECOLI	370	SINGLE	1	148	151	4	8.192e-06	{T}	----	18.692
sp|P0AFS7|YDIK_ECOLI	370	MULTIPLE	1	202	241	20	2.825e-07	{AV}	small_hydrophobic	3.240
sp|P0AFS7|YDIK_ECOLI	370	MULTIPLE	2	268	284	8	5.288e-06	{WT}	polar	7.024
sp|P0AFU2|YFBS_ECOLI	610	SINGLE	1	209	284	20	1.038e-09	{R}	----	5.090
sp|P0AFU2|YFBS_ECOLI	610	SINGLE	2	527	561	13	1.750e-06	{A}	----	4.519
sp|P0AFU2|YFBS_ECOLI	610	WHOLE	1	1	610	36	1.061e-07	{M}
sp|P0AFV0|YIBH_ECOLI	378	WHOLE	1	1	378	32	9.297e-06	{Q}
sp|P0AG71|RMUC_ECOLI	475	WHOLE	1	1	475	44	2.338e-08	{Q}
sp|P0AGC7|SMP_ECOLI	214	SINGLE	1	206	211	5	8.737e-06	{E}	----	12.077
sp|P0AGH1|YHHJ_ECOLI	374	WHOLE	1	1	374	24	2.921e-06	{M}
sp|P0AGJ5|YFIF_ECOLI	345	MULTIPLE	1	33	52	12	5.573e-07	{GR}	mixed	4.854
sp|P0AGM0|YHHT_ECOLI	349	WHOLE	1	1	349	63	2.527e-07	{L}
sp|P0AGM0|YHHT_ECOLI	349	WHOLE	2	1	349	23	2.998e-06	{M}
sp|P0AGM5|SIRB1_ECOLI	269	MULTIPLE	1	37	62	15	1.702e-06	{EL}	mixed	3.533
sp|P0CF40|INSC1_ECOLI	121	SINGLE	1	10	13	4	7.144e-06	{R}	----	19.342
sp|P0CF41|INSC2_ECOLI	121	SINGLE	1	10	13	4	7.144e-06	{R}	----	19.342
sp|P0CF42|INSC3_ECOLI	121	SINGLE	1	10	13	4	7.144e-06	{R}	----	19.342
sp|P0CF43|INSC4_ECOLI	121	SINGLE	1	10	13	4	7.144e-06	{R}	----	19.342
sp|P0CF44|INSC5_ECOLI	121	SINGLE	1	10	13	4	7.144e-06	{R}	----	19.342
sp|P0CF45|INSC6_ECOLI	121	SINGLE	1	10	13	4	7.144e-06	{R}	----	19.342
sp|P0CF53|INSD1_ECOLI	301	MULTIPLE	1	19	55	15	2.946e-06	{RD}	charged	3.692
sp|P0CF53|INSD1_ECOLI	301	WHOLE	1	1	301	37	7.564e-07	{R}
sp|P0CF54|INSD2_ECOLI	301	MULTIPLE	1	19	55	15	2.946e-06	{RD}	charged	3.692
sp|P0CF54|INSD2_ECOLI	301	WHOLE	1	1	301	37	7.564e-07	{R}
sp|P0CF55|INSD3_ECOLI	301	MULTIPLE	1	19	55	15	2.946e-06	{RD}	charged	3.692
sp|P0CF55|INSD3_ECOLI	301	WHOLE	1	1	301	37	7.564e-07	{R}
sp|P0CF56|INSD4_ECOLI	301	MULTIPLE	1	19	55	15	2.946e-06	{RD}	charged	3.692
sp|P0CF56|INSD4_ECOLI	301	WHOLE	1	1	301	37	7.564e-07	{R}
sp|P0CF57|INSD5_ECOLI	301	MULTIPLE	1	19	55	15	2.946e-06	{RD}	charged	3.692
sp|P0CF57|INSD5_ECOLI	301	WHOLE	1	1	301	37	7.564e-07	{R}
sp|P0CF58|INSD6_ECOLI	301	MULTIPLE	1	19	55	15	2.946e-06	{RD}	charged	3.692
sp|P0CF58|INSD6_ECOLI	301	WHOLE	1	1	301	37	7.564e-07	{R}
sp|P0CF66|INSE1_ECOLI	99	SINGLE	1	53	57	4	8.928e-06	{Q}	----	21.680
sp|P0CF67|INSE2_ECOLI	99	SINGLE	1	53	57	4	8.928e-06	{Q}	----	21.680
sp|P0CF68|INSE3_ECOLI	99	SINGLE	1	53	57	4	8.928e-06	{Q}	----	21.680
sp|P0CF69|INSE4_ECOLI	99	SINGLE	1	53	57	4	8.928e-06	{Q}	----	21.680
sp|P0CF70|INSE5_ECOLI	99	SINGLE	1	53	57	4	8.928e-06	{Q}	----	21.680
sp|P0CF79|INSF1_ECOLI	288	MULTIPLE	1	20	47	12	1.613e-06	{RQ}	polar	4.837
sp|P0CF80|INSF2_ECOLI	288	MULTIPLE	1	20	47	12	1.613e-06	{RQ}	polar	4.837
sp|P0CF81|INSF3_ECOLI	288	MULTIPLE	1	20	47	12	1.613e-06	{RQ}	polar	4.837
sp|P0CF82|INSF4_ECOLI	288	MULTIPLE	1	20	47	12	1.613e-06	{RQ}	polar	4.837
sp|P0CF83|INSF5_ECOLI	288	MULTIPLE	1	20	47	12	1.613e-06	{RQ}	polar	4.837
sp|P0CF89|INSI3_ECOLI	383	SINGLE	1	182	201	6	4.143e-06	{H}	----	13.043
sp|P0CF89|INSI3_ECOLI	383	MULTIPLE	1	176	207	15	1.902e-09	{HR}	positive	6.275
sp|P0CF89|INSI3_ECOLI	383	WHOLE	1	1	383	47	3.213e-08	{R}
sp|P0CF90|INSI4_ECOLI	383	SINGLE	1	182	201	6	4.143e-06	{H}	----	13.043
sp|P0CF90|INSI4_ECOLI	383	MULTIPLE	1	176	207	15	1.902e-09	{HR}	positive	6.275
sp|P0CF90|INSI4_ECOLI	383	WHOLE	1	1	383	47	3.213e-08	{R}
sp|P0DP69|PHNE1_ECOLI	206	MULTIPLE	1	158	193	12	5.361e-07	{CP}	small	5.631
sp|P0DPO8|YNFT_ECOLI	37	SINGLE	1	4	28	9	6.599e-06	{I}	----	6.112
sp|P0DPP2|YOAL_ECOLI	52	SINGLE	1	39	52	7	5.397e-06	{S}	----	8.518
sp|P11447|ARLY_ECOLI	457	MULTIPLE	1	443	454	9	7.251e-07	{AQ}	mixed	6.297
sp|P12994|YBHB_ECOLI	158	SINGLE	1	61	64	3	9.709e-06	{W}	----	55.556
sp|P16916|RHSA_ECOLI	1377	SINGLE	1	1235	1264	10	4.502e-07	{P}	----	7.326
sp|P16916|RHSA_ECOLI	1377	MULTIPLE	1	999	1033	12	1.044e-06	{RW}	polar	5.259
sp|P16916|RHSA_ECOLI	1377	WHOLE	1	1	1377	131	1.735e-11	{R}
sp|P16916|RHSA_ECOLI	1377	WHOLE	2	1	1377	114	1.644e-06	{T}
sp|P16917|RHSB_ECOLI	1411	MULTIPLE	1	999	1033	12	1.044e-06	{RW}	polar	5.259
sp|P16917|RHSB_ECOLI	1411	WHOLE	1	1	1411	127	9.614e-10	{R}
sp|P16917|RHSB_ECOLI	1411	WHOLE	2	1	1411	113	7.160e-06	{T}
sp|P16918|RHSC_ECOLI	1397	MULTIPLE	1	999	1033	12	1.044e-06	{RW}	polar	5.259
sp|P16918|RHSC_ECOLI	1397	WHOLE	1	1	1397	125	1.786e-09	{R}
sp|P16918|RHSC_ECOLI	1397	WHOLE	2	1	1397	118	4.547e-07	{T}
sp|P16919|RHSD_ECOLI	1426	SINGLE	1	262	276	9	2.881e-08	{S}	----	10.221
sp|P16919|RHSD_ECOLI	1426	WHOLE	1	1	1426	126	3.171e-09	{R}
sp|P16919|RHSD_ECOLI	1426	WHOLE	2	1	1426	85	5.181e-07	{Y}
sp|P19932|HYAF_ECOLI	285	SINGLE	1	119	124	5	2.102e-06	{R}	----	16.119
sp|P21365|YCIC_ECOLI	247	WHOLE	1	1	247	45	7.973e-06	{L}
sp|P21503|YCAD_ECOLI	382	SINGLE	1	10	33	12	4.074e-07	{L}	----	5.302
sp|P21503|YCAD_ECOLI	382	WHOLE	1	1	382	65	1.302e-06	{L}
sp|P22586|FLIO_ECOLI	121	MULTIPLE	1	15	36	12	8.799e-06	{AI}	hydrophobic	3.866
sp|P23325|ARPA_ECOLI	728	WHOLE	1	1	728	56	5.310e-06	{N}
sp|P23481|HYFA_ECOLI	205	WHOLE	1	1	205	16	2.896e-08	{C}
sp|P24211|RHSE_ECOLI	682	MULTIPLE	1	285	319	12	1.044e-06	{RW}	polar	5.259
sp|P25738|MSYB_ECOLI	124	SINGLE	1	82	123	13	2.579e-06	{E}	----	4.486
sp|P25738|MSYB_ECOLI	124	WHOLE	1	1	124	24	2.770e-06	{E}
sp|P25743|YCHE_ECOLI	215	SINGLE	1	5	19	7	8.399e-07	{F}	----	11.494
sp|P25747|YEIB_ECOLI	385	SINGLE	1	62	116	18	1.283e-06	{L}	----	3.471
sp|P25747|YEIB_ECOLI	385	WHOLE	1	1	385	74	1.901e-09	{L}
sp|P25747|YEIB_ECOLI	385	WHOLE	2	1	385	18	5.449e-06	{W}
sp|P27294|INAA_ECOLI	216	SINGLE	1	178	183	5	2.102e-06	{R}	----	16.119
sp|P27297|BAX_ECOLI	274	SINGLE	1	172	175	4	2.966e-06	{N}	----	24.096
sp|P27297|BAX_ECOLI	274	SINGLE	2	35	63	10	3.083e-06	{S}	----	5.874
sp|P27843|YIGG_ECOLI	126	SINGLE	1	20	36	7	2.336e-06	{F}	----	10.142
sp|P27843|YIGG_ECOLI	126	MULTIPLE	1	4	36	17	2.003e-09	{FI}	hydrophobic	5.177
sp|P28303|DINF_ECOLI	459	SINGLE	1	414	442	12	4.764e-06	{L}	----	4.388
sp|P28303|DINF_ECOLI	459	WHOLE	1	1	459	91	6.124e-12	{L}
sp|P28369|RFH_ECOLI	166	SINGLE	1	129	132	4	1.854e-06	{Q}	----	27.100
sp|P28697|MBIA_ECOLI	161	SINGLE	1	19	83	23	8.539e-13	{S}	----	6.028
sp|P28697|MBIA_ECOLI	161	SINGLE	2	105	122	6	1.040e-07	{C}	----	24.331
sp|P28697|MBIA_ECOLI	161	SINGLE	3	38	62	6	9.010e-07	{C}	----	17.518
sp|P28697|MBIA_ECOLI	161	MULTIPLE	1	19	83	29	1.434e-16	{SC}	tiny_polar	6.162
sp|P28697|MBIA_ECOLI	161	WHOLE	1	1	161	38	1.133e-13	{S}
sp|P28697|MBIA_ECOLI	161	WHOLE	2	1	161	16	9.393e-10	{C}
sp|P28722|YHCA_ECOLI	224	SINGLE	1	190	202	7	1.548e-06	{T}	----	10.065
sp|P30143|YAAJ_ECOLI	476	SINGLE	1	281	286	6	3.085e-07	{A}	----	12.165
sp|P30192|INSZ_ECOLI	299	SINGLE	1	46	49	4	7.144e-06	{R}	----	19.342
sp|P31064|YEDE_ECOLI	401	MULTIPLE	1	104	121	10	4.692e-06	{IR}	mixed	5.023
sp|P31064|YEDE_ECOLI	401	WHOLE	1	1	401	18	9.274e-06	{W}
sp|P31130|YDEI_ECOLI	130	SINGLE	1	31	34	4	4.286e-06	{P}	----	21.978
sp|P31435|YICJ_ECOLI	460	SINGLE	1	441	459	7	2.989e-06	{Q}	----	9.984
sp|P31437|YICL_ECOLI	307	SINGLE	1	257	283	12	1.946e-06	{L}	----	4.713
sp|P31469|CBRC_ECOLI	195	SINGLE	1	31	59	6	2.287e-06	{C}	----	15.102
sp|P31469|CBRC_ECOLI	195	WHOLE	1	1	195	13	3.059e-06	{C}
sp|P31471|YIEL_ECOLI	389	SINGLE	1	306	309	4	8.192e-06	{T}	----	18.692
sp|P31471|YIEL_ECOLI	389	SINGLE	2	61	69	6	9.427e-06	{V}	----	9.246
sp|P31679|YAAU_ECOLI	443	MULTIPLE	1	232	247	9	2.824e-06	{FR}	mixed	6.094
sp|P31827|YDDB_ECOLI	790	MULTIPLE	1	577	607	14	1.757e-06	{TS}	small_polar	4.025
sp|P31827|YDDB_ECOLI	790	WHOLE	1	1	790	62	1.012e-06	{N}
sp|P32051|YDEK_ECOLI	1325	SINGLE	1	295	313	7	6.423e-06	{N}	----	8.878
sp|P32051|YDEK_ECOLI	1325	WHOLE	1	1	1325	206	2.207e-25	{G}
sp|P32051|YDEK_ECOLI	1325	WHOLE	2	1	1325	117	3.040e-14	{N}
sp|P32051|YDEK_ECOLI	1325	WHOLE	3	1	1325	139	4.634e-14	{T}
sp|P32135|YIHN_ECOLI	421	WHOLE	1	1	421	37	7.166e-06	{F}
sp|P32674|GRE1_ECOLI	765	SINGLE	1	175	183	6	1.894e-07	{Q}	----	18.067
sp|P32677|YIJO_ECOLI	283	SINGLE	1	133	140	5	3.422e-06	{Q}	----	16.938
sp|P32703|YJCE_ECOLI	549	SINGLE	1	476	523	12	3.758e-06	{R}	----	4.836
sp|P32703|YJCE_ECOLI	549	WHOLE	1	1	549	83	6.160e-06	{L}
sp|P32709|NRFD_ECOLI	318	SINGLE	1	100	170	22	2.669e-07	{L}	----	3.286
sp|P32709|NRFD_ECOLI	318	SINGLE	2	259	264	4	4.849e-07	{W}	----	49.383
sp|P32709|NRFD_ECOLI	318	MULTIPLE	1	94	170	27	5.343e-08	{LM}	hydrophobic	3.015
sp|P32709|NRFD_ECOLI	318	WHOLE	1	1	318	60	1.033e-07	{L}
sp|P32712|NRFG_ECOLI	198	SINGLE	1	33	75	11	2.983e-07	{Q}	----	6.933
sp|P32712|NRFG_ECOLI	198	WHOLE	1	1	198	23	1.042e-06	{Q}
sp|P33218|YEBE_ECOLI	219	SINGLE	1	15	22	7	1.808e-08	{S}	----	14.906
sp|P33235|FLGK_ECOLI	547	SINGLE	1	493	534	10	2.068e-06	{Q}	----	6.452
sp|P33235|FLGK_ECOLI	547	MULTIPLE	1	6	25	12	5.622e-07	{NA}	small	4.850
sp|P33235|FLGK_ECOLI	547	WHOLE	1	1	547	44	1.025e-06	{Q}
sp|P33235|FLGK_ECOLI	547	WHOLE	2	1	547	47	1.712e-06	{N}
sp|P33345|YEHF_ECOLI	274	SINGLE	1	45	51	6	1.982e-06	{A}	----	10.428
sp|P33345|YEHF_ECOLI	274	MULTIPLE	1	45	62	12	4.534e-07	{AK}	hydrophobic	4.735
sp|P33349|YEHM_ECOLI	759	SINGLE	1	257	264	4	2.202e-06	{W}	----	37.037
sp|P33349|YEHM_ECOLI	759	SINGLE	2	598	642	14	7.512e-06	{A}	----	3.785
sp|P33349|YEHM_ECOLI	759	MULTIPLE	1	498	513	10	5.205e-06	{QL}	mixed	4.764
sp|P33349|YEHM_ECOLI	759	WHOLE	1	1	759	106	3.583e-08	{A}
sp|P33349|YEHM_ECOLI	759	WHOLE	2	1	759	58	1.423e-07	{Q}
sp|P33349|YEHM_ECOLI	759	WHOLE	3	1	759	113	4.327e-07	{L}
sp|P33366|YOHD_ECOLI	192	SINGLE	1	169	176	6	3.387e-06	{V}	----	10.402
sp|P33366|YOHD_ECOLI	192	MULTIPLE	1	163	179	11	1.308e-08	{VW}	hydrophobic	7.559
sp|P33554|PPDA_ECOLI	156	SINGLE	1	31	45	6	9.008e-06	{Q}	----	10.840
sp|P33554|PPDA_ECOLI	156	MULTIPLE	1	30	45	9	1.671e-08	{QW}	polar	11.161
sp|P33666|YDBA_ECOLI	852	SINGLE	1	101	139	15	6.098e-11	{P}	----	8.453
sp|P33666|YDBA_ECOLI	852	SINGLE	2	90	132	13	5.220e-07	{D}	----	5.204
sp|P33666|YDBA_ECOLI	852	MULTIPLE	1	90	139	31	3.479e-16	{PDH}	mixed	4.897
sp|P33666|YDBA_ECOLI	852	MULTIPLE	2	212	248	15	4.826e-07	{NT}	small_polar	4.267
sp|P33666|YDBA_ECOLI	852	MULTIPLE	3	307	346	17	3.735e-08	{NT}	small_polar	4.474
sp|P33666|YDBA_ECOLI	852	WHOLE	1	1	852	101	8.884e-14	{T}
sp|P33666|YDBA_ECOLI	852	WHOLE	2	1	852	117	1.131e-11	{G}
sp|P33666|YDBA_ECOLI	852	WHOLE	3	1	852	80	1.413e-11	{N}
sp|P33666|YDBA_ECOLI	852	WHOLE	4	1	852	87	1.764e-07	{D}
sp|P33924|YEJO_ECOLI	863	WHOLE	1	1	863	105	5.952e-08	{G}
sp|P33924|YEJO_ECOLI	863	WHOLE	2	1	863	66	1.130e-06	{N}
sp|P33924|YEJO_ECOLI	863	WHOLE	3	1	863	78	2.901e-06	{T}
sp|P36554|MDTD_ECOLI	471	SINGLE	1	302	313	5	3.493e-06	{M}	----	18.939
sp|P36554|MDTD_ECOLI	471	MULTIPLE	1	388	403	9	9.215e-07	{SM}	mixed	6.970
sp|P36554|MDTD_ECOLI	471	MULTIPLE	2	230	243	10	7.867e-06	{VL}	aliphatic	4.293
sp|P36554|MDTD_ECOLI	471	WHOLE	1	1	471	78	4.108e-07	{L}
sp|P36554|MDTD_ECOLI	471	WHOLE	2	1	471	29	7.062e-07	{M}
sp|P36645|HOFB_ECOLI	461	SINGLE	1	186	215	8	8.797e-06	{Q}	----	7.227
sp|P36646|HOFC_ECOLI	400	WHOLE	1	1	400	70	1.985e-07	{L}
sp|P37056|YAEF_ECOLI	274	SINGLE	1	73	92	8	8.592e-06	{S}	----	6.814
sp|P37443|YCAI_ECOLI	754	SINGLE	1	437	472	7	4.600e-07	{W}	----	14.403
sp|P37443|YCAI_ECOLI	754	SINGLE	2	573	607	6	6.625e-06	{W}	----	12.698
sp|P37443|YCAI_ECOLI	754	MULTIPLE	1	414	475	23	3.927e-08	{WL}	hydrophobic	3.441
sp|P37443|YCAI_ECOLI	754	WHOLE	1	1	754	41	1.264e-13	{W}
sp|P37443|YCAI_ECOLI	754	WHOLE	2	1	754	108	3.932e-06	{L}
sp|P37626|YHII_ECOLI	355	SINGLE	1	143	200	20	1.407e-08	{A}	----	4.195
sp|P37626|YHII_ECOLI	355	MULTIPLE	1	90	127	19	8.796e-09	{AQ}	mixed	4.198
sp|P37626|YHII_ECOLI	355	WHOLE	1	1	355	58	2.510e-07	{A}
sp|P37629|YHIL_ECOLI	535	SINGLE	1	321	359	10	2.818e-06	{N}	----	6.179
sp|P37629|YHIL_ECOLI	535	SINGLE	2	15	36	6	7.612e-06	{H}	----	11.858
sp|P37629|YHIL_ECOLI	535	WHOLE	1	1	535	45	4.608e-06	{N}
sp|P37643|YHJE_ECOLI	440	SINGLE	1	134	145	7	5.418e-06	{G}	----	8.113
sp|P37650|BCSC_ECOLI	1157	SINGLE	1	621	669	15	4.508e-06	{A}	----	3.724
sp|P37650|BCSC_ECOLI	1157	MULTIPLE	1	252	288	18	3.693e-08	{QA}	mixed	4.085
sp|P37650|BCSC_ECOLI	1157	MULTIPLE	2	465	486	13	1.541e-07	{QA}	mixed	4.961
sp|P37650|BCSC_ECOLI	1157	WHOLE	1	1	1157	88	1.877e-10	{Q}
sp|P37650|BCSC_ECOLI	1157	WHOLE	2	1	1157	144	2.217e-07	{A}
sp|P37659|BCSG_ECOLI	559	SINGLE	1	168	174	6	1.554e-07	{T}	----	16.021
sp|P37659|BCSG_ECOLI	559	MULTIPLE	1	14	72	20	1.468e-06	{LW}	hydrophobic	3.145
sp|P37660|YHJV_ECOLI	423	SINGLE	1	258	265	5	5.455e-06	{F}	----	15.394
sp|P37660|YHJV_ECOLI	423	SINGLE	2	405	421	9	6.490e-06	{L}	----	5.614
sp|P37660|YHJV_ECOLI	423	WHOLE	1	1	423	54	6.046e-08	{I}
sp|P37660|YHJV_ECOLI	423	WHOLE	2	1	423	37	7.923e-06	{F}
sp|P37748|WZY_ECOLI	388	MULTIPLE	1	338	361	11	3.776e-07	{FY}	aromatic	6.119
sp|P37748|WZY_ECOLI	388	WHOLE	1	1	388	37	1.190e-06	{F}
sp|P37908|YFJD_ECOLI	428	SINGLE	1	139	157	6	2.304e-06	{M}	----	14.354
sp|P37908|YFJD_ECOLI	428	SINGLE	2	10	15	5	4.003e-06	{I}	----	14.148
sp|P37908|YFJD_ECOLI	428	MULTIPLE	1	131	157	14	3.329e-07	{ML}	hydrophobic	4.458
sp|P38055|YDJE_ECOLI	452	SINGLE	1	299	354	14	2.742e-06	{I}	----	4.244
sp|P38055|YDJE_ECOLI	452	WHOLE	1	1	452	50	9.093e-06	{I}
sp|P39263|YFCC_ECOLI	506	MULTIPLE	1	287	309	11	8.353e-07	{VW}	hydrophobic	5.587
sp|P39282|YJEM_ECOLI	500	SINGLE	1	439	445	6	9.125e-07	{V}	----	11.888
sp|P39284|YJEO_ECOLI	104	MULTIPLE	1	64	102	14	6.909e-09	{WF}	aromatic	6.635
sp|P39314|YTFF_ECOLI	321	WHOLE	1	1	321	56	2.956e-06	{L}
sp|P39336|YJGL_ECOLI	604	SINGLE	1	187	260	25	1.242e-16	{N}	----	8.141
sp|P39336|YJGL_ECOLI	604	MULTIPLE	1	185	260	43	1.509e-18	{NL}	mixed	4.166
sp|P39336|YJGL_ECOLI	604	WHOLE	1	1	604	81	3.124e-20	{N}
sp|P39338|YJGN_ECOLI	398	SINGLE	1	103	111	7	1.958e-06	{L}	----	8.248
sp|P39338|YJGN_ECOLI	398	SINGLE	2	80	86	5	2.132e-06	{F}	----	17.593
sp|P39338|YJGN_ECOLI	398	MULTIPLE	1	172	193	12	1.295e-06	{SI}	mixed	4.638
sp|P39357|YJHF_ECOLI	449	SINGLE	1	12	16	5	7.457e-06	{L}	----	10.604
sp|P39357|YJHF_ECOLI	449	MULTIPLE	1	418	449	16	2.412e-06	{LT}	hydrophobic	3.383
sp|P39357|YJHF_ECOLI	449	WHOLE	1	1	449	53	8.432e-07	{I}
sp|P39379|YJIH_ECOLI	227	MULTIPLE	1	18	82	24	5.032e-08	{FG}	hydrophobic	3.282
sp|P39381|YJIJ_ECOLI	392	WHOLE	1	1	392	76	7.979e-10	{L}
sp|P39389|YJIR_ECOLI	470	MULTIPLE	1	360	374	8	3.623e-06	{HR}	positive	7.140
sp|P39393|YJIV_ECOLI	906	MULTIPLE	1	258	282	14	1.277e-07	{QA}	mixed	4.702
sp|P39834|YGIL_ECOLI	183	SINGLE	1	87	121	10	8.920e-06	{T}	----	5.340
sp|P39836|YFEH_ECOLI	332	SINGLE	1	233	248	8	5.165e-06	{V}	----	6.935
sp|P39836|YFEH_ECOLI	332	SINGLE	2	317	325	5	7.416e-06	{Q}	----	15.056
sp|P39836|YFEH_ECOLI	332	MULTIPLE	1	114	137	14	5.221e-07	{AS}	tiny	4.140
sp|P42590|YGJI_ECOLI	477	SINGLE	1	26	32	5	2.375e-06	{N}	----	17.212
sp|P42590|YGJI_ECOLI	477	WHOLE	1	1	477	41	4.242e-06	{F}
sp|P42603|YGJV_ECOLI	183	SINGLE	1	112	128	5	2.531e-06	{C}	----	21.468
sp|P42603|YGJV_ECOLI	183	MULTIPLE	1	108	135	9	3.333e-08	{CW}	polar	11.817
sp|P42619|YQJF_ECOLI	130	MULTIPLE	1	64	86	12	2.198e-07	{FT}	hydrophobic	5.545
sp|P42906|AGAA_ECOLI	167	SINGLE	1	46	49	4	3.523e-08	{C}	----	72.993
sp|P43531|YNFM_ECOLI	417	MULTIPLE	1	315	341	14	2.015e-06	{LF}	hydrophobic	3.844
sp|P43533|FLGN_ECOLI	138	SINGLE	1	74	106	9	1.984e-06	{Q}	----	7.391
sp|P43533|FLGN_ECOLI	138	SINGLE	2	24	45	7	9.038e-06	{Q}	----	8.623
sp|P43533|FLGN_ECOLI	138	WHOLE	1	1	138	20	1.574e-07	{Q}
sp|P45394|YRBG_ECOLI	325	WHOLE	1	1	325	60	2.188e-07	{L}
sp|P45420|YHCD_ECOLI	793	WHOLE	1	1	793	82	3.372e-07	{S}
sp|P45537|YHFK_ECOLI	700	SINGLE	1	79	129	19	6.677e-08	{L}	----	3.951
sp|P45537|YHFK_ECOLI	700	SINGLE	2	148	160	5	5.176e-07	{W}	----	28.490
sp|P45537|YHFK_ECOLI	700	WHOLE	1	1	700	115	2.071e-09	{L}
sp|P45546|YHFT_ECOLI	434	SINGLE	1	163	173	7	2.478e-06	{V}	----	8.826
sp|P45570|YBCI_ECOLI	173	MULTIPLE	1	155	170	8	2.431e-08	{WM}	hydrophobic	14.085
sp|P45757|GSPC_ECOLI	271	SINGLE	1	19	32	8	3.022e-07	{I}	----	9.702
sp|P45766|YHDW_ECOLI	341	SINGLE	1	7	30	10	8.312e-06	{A}	----	5.069
sp|P45771|YRDD_ECOLI	180	WHOLE	1	1	180	16	4.683e-09	{C}
sp|P45848|YCIQ_ECOLI	631	SINGLE	1	616	630	13	1.241e-13	{G}	----	12.054
sp|P52052|YGGR_ECOLI	326	SINGLE	1	297	318	7	9.038e-06	{Q}	----	8.623
sp|P52636|YCCM_ECOLI	357	MULTIPLE	1	6	32	10	3.723e-06	{RW}	polar	5.681
sp|P55140|YGCG_ECOLI	290	SINGLE	1	264	288	14	1.936e-10	{G}	----	7.789
sp|P55140|YGCG_ECOLI	290	SINGLE	2	219	243	10	2.136e-08	{F}	----	9.852
sp|P55140|YGCG_ECOLI	290	SINGLE	3	178	194	8	1.236e-07	{F}	----	11.591
sp|P55140|YGCG_ECOLI	290	SINGLE	4	254	287	11	2.029e-06	{S}	----	5.512
sp|P55140|YGCG_ECOLI	290	SINGLE	5	165	173	6	2.866e-06	{S}	----	11.357
sp|P55140|YGCG_ECOLI	290	SINGLE	6	24	28	4	8.928e-06	{Q}	----	21.680
sp|P55140|YGCG_ECOLI	290	MULTIPLE	1	254	288	26	2.072e-16	{GS}	tiny	5.688
sp|P56256|YSAA_ECOLI	157	SINGLE	1	51	70	5	6.084e-06	{C}	----	18.248
sp|P56256|YSAA_ECOLI	157	SINGLE	2	12	32	5	7.876e-06	{C}	----	17.379
sp|P56256|YSAA_ECOLI	157	WHOLE	1	1	157	19	8.225e-13	{C}
sp|P58041|RZOD_ECOLI	60	SINGLE	1	32	49	8	5.046e-07	{P}	----	9.768
sp|P58041|RZOD_ECOLI	60	SINGLE	2	1	12	5	3.493e-06	{M}	----	18.939
sp|P58042|RZOR_ECOLI	61	SINGLE	1	32	44	8	1.873e-08	{P}	----	13.525
sp|P58042|RZOR_ECOLI	61	SINGLE	2	1	12	5	3.493e-06	{M}	----	18.939
sp|P60632|YOHJ_ECOLI	132	SINGLE	1	96	125	11	3.608e-06	{V}	----	5.086
sp|P60632|YOHJ_ECOLI	132	MULTIPLE	1	26	55	15	7.696e-06	{LI}	aliphatic	3.264
sp|P60869|YBJL_ECOLI	561	SINGLE	1	8	32	11	5.841e-06	{L}	----	4.666
sp|P60872|YIDE_ECOLI	553	SINGLE	1	150	177	7	1.851e-06	{M}	----	11.364
sp|P60872|YIDE_ECOLI	553	SINGLE	2	363	370	5	3.422e-06	{Q}	----	16.938
sp|P60872|YIDE_ECOLI	553	SINGLE	3	18	44	10	8.761e-06	{G}	----	5.151
sp|P60995|LPHI_ECOLI	16	SINGLE	1	8	14	7	3.405e-12	{H}	----	43.478
sp|P60995|LPHI_ECOLI	16	WHOLE	1	1	16	7	3.159e-08	{H}
sp|P62522|LPID_ECOLI	32	MULTIPLE	1	7	20	11	4.657e-08	{VI}	aliphatic	5.998
sp|P62723|YEIH_ECOLI	349	MULTIPLE	1	146	171	16	1.026e-07	{VA}	small_hydrophobic	3.988
sp|P63340|YQEG_ECOLI	409	WHOLE	1	1	409	49	1.360e-06	{I}
sp|P64429|YPFJ_ECOLI	287	SINGLE	1	244	248	4	8.928e-06	{Q}	----	21.680
sp|P64429|YPFJ_ECOLI	287	WHOLE	1	1	287	28	2.472e-06	{Q}
sp|P64545|YFGG_ECOLI	63	SINGLE	1	26	33	5	5.455e-06	{F}	----	15.394
sp|P64548|YFIR_ECOLI	172	SINGLE	1	7	15	7	1.958e-06	{L}	----	8.248
sp|P64564|YGGT_ECOLI	188	MULTIPLE	1	87	111	15	3.725e-07	{LI}	aliphatic	3.916
sp|P64585|YQJE_ECOLI	134	MULTIPLE	1	39	71	19	5.712e-07	{LEM}	mixed	3.107
sp|P64592|YHAI_ECOLI	118	SINGLE	1	42	66	11	5.841e-06	{L}	----	4.666
sp|P65290|YFGH_ECOLI	172	SINGLE	1	73	111	14	2.305e-07	{G}	----	4.993
sp|P65290|YFGH_ECOLI	172	MULTIPLE	1	69	111	25	1.482e-10	{GA}	tiny_hydrophobic	3.773
sp|P67143|YHGN_ECOLI	197	SINGLE	1	121	179	18	3.880e-06	{L}	----	3.235
sp|P67143|YHGN_ECOLI	197	SINGLE	2	175	195	6	4.407e-06	{M}	----	12.987
sp|P67143|YHGN_ECOLI	197	MULTIPLE	1	121	195	27	2.864e-08	{LM}	hydrophobic	3.095
sp|P67143|YHGN_ECOLI	197	WHOLE	1	1	197	39	4.288e-06	{L}
sp|P71244|WCAM_ECOLI	464	WHOLE	1	1	464	44	2.822e-07	{N}
sp|P75719|RZPD_ECOLI	153	SINGLE	1	7	16	6	6.878e-06	{I}	----	10.187
sp|P75747|ABRB_ECOLI	348	WHOLE	1	1	348	63	2.286e-07	{L}
sp|P75750|YBGQ_ECOLI	815	SINGLE	1	628	640	8	1.341e-07	{S}	----	10.484
sp|P75750|YBGQ_ECOLI	815	WHOLE	1	1	815	92	1.357e-09	{S}
sp|P75763|YBHI_ECOLI	477	SINGLE	1	445	474	6	2.594e-06	{W}	----	14.815
sp|P75763|YBHI_ECOLI	477	MULTIPLE	1	367	381	9	2.551e-06	{FI}	hydrophobic	6.030
sp|P75770|YBHN_ECOLI	318	SINGLE	1	23	60	12	7.635e-06	{V}	----	4.380
sp|P75788|YBIR_ECOLI	372	WHOLE	1	1	372	74	4.088e-10	{L}
sp|P75828|YBJD_ECOLI	552	SINGLE	1	229	263	11	8.231e-07	{R}	----	6.079
sp|P75828|YBJD_ECOLI	552	SINGLE	2	148	169	8	7.763e-06	{R}	----	7.034
sp|P75828|YBJD_ECOLI	552	WHOLE	1	1	552	64	1.390e-09	{R}
sp|P75867|LONH_ECOLI	586	WHOLE	1	1	586	44	5.531e-06	{Q}
sp|P75870|YCCS_ECOLI	717	MULTIPLE	1	200	238	17	9.859e-06	{RL}	mixed	2.986
sp|P75870|YCCS_ECOLI	717	WHOLE	1	1	717	114	1.427e-08	{L}
sp|P75882|GFCD_ECOLI	698	MULTIPLE	1	500	539	19	7.566e-07	{GYN}	mixed	3.216
sp|P75885|GFCA_ECOLI	101	SINGLE	1	26	52	18	3.684e-17	{T}	----	12.461
sp|P75885|GFCA_ECOLI	101	SINGLE	2	93	100	6	5.882e-07	{T}	----	14.019
sp|P75885|GFCA_ECOLI	101	MULTIPLE	1	55	82	19	5.797e-10	{AV}	small_hydrophobic	4.398
sp|P75885|GFCA_ECOLI	101	WHOLE	1	1	101	30	5.973e-15	{T}
sp|P75936|FLGD_ECOLI	231	SINGLE	1	6	18	7	1.548e-06	{T}	----	10.065
sp|P75936|FLGD_ECOLI	231	SINGLE	2	16	34	8	5.477e-06	{S}	----	7.173
sp|P75936|FLGD_ECOLI	231	MULTIPLE	1	6	37	17	6.717e-09	{TS}	small_polar	4.735
sp|P75936|FLGD_ECOLI	231	WHOLE	1	1	231	36	6.815e-09	{T}
sp|P75937|FLGE_ECOLI	402	SINGLE	1	148	151	4	8.192e-06	{T}	----	18.692
sp|P75937|FLGE_ECOLI	402	WHOLE	1	1	402	48	6.154e-11	{N}
sp|P75937|FLGE_ECOLI	402	WHOLE	2	1	402	43	8.614e-06	{T}
sp|P75955|YCFT_ECOLI	357	SINGLE	1	79	111	6	4.645e-06	{W}	----	13.468
sp|P75961|YCFZ_ECOLI	262	SINGLE	1	7	16	7	5.912e-06	{L}	----	7.423
sp|P75961|YCFZ_ECOLI	262	MULTIPLE	1	152	178	11	3.916e-06	{PQ}	mixed	4.944
sp|P76011|YMGE_ECOLI	84	SINGLE	1	3	20	8	3.454e-06	{I}	----	7.546
sp|P76011|YMGE_ECOLI	84	SINGLE	2	23	58	12	3.986e-06	{G}	----	4.636
sp|P76072|STFR_ECOLI	1120	SINGLE	1	114	461	132	4.702e-53	{A}	----	4.614
sp|P76072|STFR_ECOLI	1120	SINGLE	2	151	263	34	9.659e-16	{S}	----	5.126
sp|P76072|STFR_ECOLI	1120	SINGLE	3	349	410	21	2.135e-11	{S}	----	5.770
sp|P76072|STFR_ECOLI	1120	SINGLE	4	283	335	17	4.269e-09	{S}	----	5.464
sp|P76072|STFR_ECOLI	1120	SINGLE	5	1060	1094	8	9.833e-07	{H}	----	9.938
sp|P76072|STFR_ECOLI	1120	MULTIPLE	1	117	485	270	3.319e-110	{AST}	small	2.387
sp|P76072|STFR_ECOLI	1120	MULTIPLE	2	1053	1094	18	6.114e-08	{HA}	hydrophobic	4.074
sp|P76072|STFR_ECOLI	1120	MULTIPLE	3	974	1024	30	4.604e-14	{TSH}	polar	4.351
sp|P76072|STFR_ECOLI	1120	WHOLE	1	1	1120	222	2.073e-34	{A}
sp|P76072|STFR_ECOLI	1120	WHOLE	2	1	1120	156	2.914e-23	{S}
sp|P76072|STFR_ECOLI	1120	WHOLE	3	1	1120	106	8.329e-09	{T}
sp|P76090|YNBA_ECOLI	201	SINGLE	1	33	75	17	1.182e-07	{L}	----	4.192
sp|P76090|YNBA_ECOLI	201	WHOLE	1	1	201	44	6.780e-08	{L}
sp|P76093|YNBD_ECOLI	430	SINGLE	1	235	242	4	2.202e-06	{W}	----	37.037
sp|P76093|YNBD_ECOLI	430	SINGLE	2	14	17	4	2.717e-06	{F}	----	24.631
sp|P76093|YNBD_ECOLI	430	SINGLE	3	226	231	4	3.361e-06	{M}	----	30.303
sp|P76093|YNBD_ECOLI	430	WHOLE	1	1	430	21	5.031e-07	{W}
sp|P76103|YDCO_ECOLI	391	MULTIPLE	1	163	193	20	2.280e-07	{IVA}	hydrophobic	3.026
sp|P76103|YDCO_ECOLI	391	WHOLE	1	1	391	64	6.236e-08	{A}
sp|P76116|YNCE_ECOLI	353	MULTIPLE	1	6	27	14	3.263e-07	{SL}	mixed	4.159
sp|P76137|YDET_ECOLI	382	WHOLE	1	1	382	36	3.348e-06	{N}
sp|P76164|YDFW_ECOLI	49	SINGLE	1	34	48	7	9.419e-06	{K}	----	7.964
sp|P76164|YDFW_ECOLI	49	MULTIPLE	1	34	48	12	5.299e-10	{KP}	mixed	7.685
sp|P76172|YNFD_ECOLI	101	MULTIPLE	1	8	22	12	2.322e-07	{AL}	hydrophobic	4.533
sp|P76180|YDGK_ECOLI	146	SINGLE	1	13	33	11	6.869e-07	{L}	----	5.555
sp|P76180|YDGK_ECOLI	146	SINGLE	2	2	5	4	8.192e-06	{T}	----	18.692
sp|P76185|YDHJ_ECOLI	285	MULTIPLE	1	130	151	13	1.541e-07	{QA}	mixed	4.961
sp|P76186|YDHK_ECOLI	670	SINGLE	1	165	168	4	2.343e-07	{M}	----	45.455
sp|P76186|YDHK_ECOLI	670	SINGLE	2	409	456	17	7.262e-07	{L}	----	3.756
sp|P76186|YDHK_ECOLI	670	MULTIPLE	1	406	456	24	6.054e-09	{LF}	hydrophobic	3.488
sp|P76186|YDHK_ECOLI	670	WHOLE	1	1	670	103	3.030e-07	{L}
sp|P76219|YDJX_ECOLI	236	SINGLE	1	50	109	20	2.466e-07	{L}	----	3.535
sp|P76219|YDJX_ECOLI	236	WHOLE	1	1	236	49	7.344e-08	{L}
sp|P76221|YDJZ_ECOLI	235	SINGLE	1	1	4	4	2.343e-07	{M}	----	45.455
sp|P76226|YNJF_ECOLI	206	SINGLE	1	173	194	5	9.372e-06	{W}	----	16.835
sp|P76226|YNJF_ECOLI	206	MULTIPLE	1	170	194	10	3.048e-07	{WF}	aromatic	7.394
sp|P76226|YNJF_ECOLI	206	WHOLE	1	1	206	40	5.272e-06	{L}
sp|P76235|YEAH_ECOLI	427	SINGLE	1	93	103	8	9.421e-08	{G}	----	10.115
sp|P76235|YEAH_ECOLI	427	MULTIPLE	1	92	112	15	9.634e-11	{GQ}	mixed	6.565
sp|P76269|YEBQ_ECOLI	457	WHOLE	1	1	457	74	1.724e-06	{L}
sp|P76323|INTG_ECOLI	92	SINGLE	1	68	90	8	2.708e-08	{H}	----	15.123
sp|P76356|YOEA_ECOLI	130	MULTIPLE	1	13	50	17	1.673e-07	{TS}	small_polar	3.987
sp|P76361|YEER_ECOLI	510	MULTIPLE	1	165	183	11	6.933e-07	{WL}	hydrophobic	5.371
sp|P76389|YEGH_ECOLI	527	SINGLE	1	51	62	8	2.083e-06	{L}	----	7.070
sp|P76389|YEGH_ECOLI	527	SINGLE	2	76	99	8	2.798e-06	{F}	----	8.210
sp|P76417|YEGT_ECOLI	425	SINGLE	1	15	28	5	7.944e-07	{W}	----	26.455
sp|P76417|YEGT_ECOLI	425	SINGLE	2	211	231	8	8.765e-07	{F}	----	9.383
sp|P76417|YEGT_ECOLI	425	WHOLE	1	1	425	44	1.381e-08	{F}
sp|P76460|ATOE_ECOLI	440	WHOLE	1	1	440	27	1.730e-06	{M}
sp|P76464|A2MGH_ECOLI	1367	SINGLE	1	61	66	5	3.936e-06	{S}	----	14.196
sp|P76464|A2MGH_ECOLI	1367	SINGLE	2	984	1003	7	4.429e-06	{Q}	----	9.485
sp|P76464|A2MGH_ECOLI	1367	SINGLE	3	1121	1141	5	7.341e-06	{W}	----	17.637
sp|P76464|A2MGH_ECOLI	1367	SINGLE	4	829	843	7	9.524e-06	{S}	----	7.950
sp|P76464|A2MGH_ECOLI	1367	WHOLE	1	1	1367	84	2.716e-06	{Q}
sp|P76471|YFAZ_ECOLI	180	SINGLE	1	59	102	13	7.050e-06	{G}	----	4.109
sp|P76471|YFAZ_ECOLI	180	WHOLE	1	1	180	31	3.446e-06	{G}
sp|P76482|YFBL_ECOLI	323	MULTIPLE	1	4	21	11	1.446e-07	{IF}	hydrophobic	6.142
sp|P76520|YFDX_ECOLI	211	SINGLE	1	30	40	8	5.067e-10	{Q}	----	19.709
sp|P76538|YFEZ_ECOLI	149	SINGLE	1	17	29	8	4.905e-06	{L}	----	6.526
sp|P76538|YFEZ_ECOLI	149	MULTIPLE	1	88	111	13	1.890e-07	{WL}	hydrophobic	5.025
sp|P76538|YFEZ_ECOLI	149	WHOLE	1	1	149	32	5.169e-06	{L}
sp|P76573|YFGI_ECOLI	179	SINGLE	1	63	93	14	3.967e-08	{A}	----	5.494
sp|P76573|YFGI_ECOLI	179	SINGLE	2	23	66	10	3.234e-06	{Q}	----	6.159
sp|P76573|YFGI_ECOLI	179	MULTIPLE	1	17	93	40	5.479e-11	{AQE}	mixed	2.762
sp|P76616|YGAQ_ECOLI	750	SINGLE	1	547	565	7	6.423e-06	{N}	----	8.878
sp|P76616|YGAQ_ECOLI	750	MULTIPLE	1	693	713	11	1.279e-06	{NI}	mixed	5.217
sp|P76628|YGAY_ECOLI	394	SINGLE	1	284	289	6	7.032e-07	{L}	----	10.604
sp|P76628|YGAY_ECOLI	394	MULTIPLE	1	254	271	13	1.025e-07	{GA}	tiny_hydrophobic	4.687
sp|P76628|YGAY_ECOLI	394	WHOLE	1	1	394	67	9.448e-07	{L}
sp|P76630|YGAZ_ECOLI	245	MULTIPLE	1	136	152	9	7.116e-07	{SW}	polar	7.333
sp|P76656|YQII_ECOLI	354	SINGLE	1	313	321	6	2.866e-06	{S}	----	11.357
sp|P76656|YQII_ECOLI	354	MULTIPLE	1	305	321	11	6.116e-08	{SF}	mixed	6.516
sp|P76657|YQIJ_ECOLI	209	MULTIPLE	1	29	88	20	6.932e-06	{LH}	hydrophobic	2.842
sp|P77187|YAHF_ECOLI	515	SINGLE	1	178	233	15	5.411e-06	{G}	----	3.725
sp|P77199|YAIT_ECOLI	968	MULTIPLE	1	904	919	11	2.473e-08	{ND}	asx	6.903
sp|P77199|YAIT_ECOLI	968	MULTIPLE	2	57	79	10	2.571e-06	{NY}	polar	5.736
sp|P77199|YAIT_ECOLI	968	MULTIPLE	3	703	738	15	2.932e-06	{NG}	small	3.674
sp|P77199|YAIT_ECOLI	968	WHOLE	1	1	968	106	3.135e-19	{N}
sp|P77199|YAIT_ECOLI	968	WHOLE	2	1	968	112	3.597e-12	{D}
sp|P77199|YAIT_ECOLI	968	WHOLE	3	1	968	89	3.513e-07	{T}
sp|P77260|YDFI_ECOLI	486	SINGLE	1	64	72	5	7.416e-06	{Q}	----	15.056
sp|P77263|ECPE_ECOLI	236	MULTIPLE	1	98	129	13	8.856e-07	{RY}	polar	4.724
sp|P77309|YNEJ_ECOLI	293	SINGLE	1	251	266	5	1.687e-06	{W}	----	23.148
sp|P77328|YBBY_ECOLI	433	SINGLE	1	380	422	16	7.150e-07	{L}	----	3.946
sp|P77328|YBBY_ECOLI	433	SINGLE	2	15	22	5	5.455e-06	{F}	----	15.394
sp|P77328|YBBY_ECOLI	433	WHOLE	1	1	433	73	4.681e-07	{L}
sp|P77337|YDIS_ECOLI	429	SINGLE	1	320	346	11	3.826e-06	{A}	----	4.956
sp|P77337|YDIS_ECOLI	429	MULTIPLE	1	8	33	14	5.605e-06	{AV}	small_hydrophobic	3.490
sp|P77360|YPHC_ECOLI	353	SINGLE	1	188	192	4	1.146e-06	{M}	----	36.364
sp|P77378|YDIR_ECOLI	312	SINGLE	1	25	42	7	1.960e-06	{Q}	----	10.539
sp|P77381|DJLB_ECOLI	475	SINGLE	1	453	470	8	3.454e-06	{I}	----	7.546
sp|P77381|DJLB_ECOLI	475	SINGLE	2	142	154	7	8.321e-06	{E}	----	7.804
sp|P77389|YDHP_ECOLI	389	MULTIPLE	1	332	354	14	7.717e-07	{AG}	tiny_hydrophobic	3.950
sp|P77423|HYFH_ECOLI	181	SINGLE	1	40	50	5	2.053e-07	{C}	----	33.179
sp|P77423|HYFH_ECOLI	181	MULTIPLE	1	40	54	11	5.754e-09	{CA}	tiny_hydrophobic	7.647
sp|P77423|HYFH_ECOLI	181	WHOLE	1	1	181	13	1.364e-06	{C}
sp|P77504|YBBP_ECOLI	804	SINGLE	1	392	447	20	6.869e-08	{L}	----	3.787
sp|P77504|YBBP_ECOLI	804	SINGLE	2	244	254	8	7.665e-07	{L}	----	7.712
sp|P77504|YBBP_ECOLI	804	SINGLE	3	446	478	13	3.687e-06	{L}	----	4.178
sp|P77504|YBBP_ECOLI	804	MULTIPLE	1	323	339	8	2.065e-06	{WP}	mixed	7.976
sp|P77504|YBBP_ECOLI	804	WHOLE	1	1	804	142	1.836e-13	{L}
sp|P77504|YBBP_ECOLI	804	WHOLE	2	1	804	28	5.311e-06	{W}
sp|P77515|STFQ_ECOLI	320	SINGLE	1	260	294	8	9.833e-07	{H}	----	9.938
sp|P77515|STFQ_ECOLI	320	MULTIPLE	1	259	294	16	1.781e-07	{HA}	hydrophobic	4.225
sp|P77515|STFQ_ECOLI	320	MULTIPLE	2	161	213	29	1.500e-12	{TSH}	polar	4.047
sp|P77539|YDJL_ECOLI	358	SINGLE	1	92	106	5	1.263e-06	{C}	----	24.331
sp|P77552|YDHQ_ECOLI	418	WHOLE	1	1	418	63	1.474e-08	{G}
sp|P77559|YNFL_ECOLI	297	SINGLE	1	31	44	6	5.612e-06	{Q}	----	11.614
sp|P77609|FLXA_ECOLI	110	SINGLE	1	51	78	8	5.037e-06	{Q}	----	7.743
sp|P77634|YBCM_ECOLI	265	SINGLE	1	17	23	4	9.134e-06	{H}	----	24.845
sp|P77694|ECPD_ECOLI	547	WHOLE	1	1	547	55	3.769e-06	{T}
sp|P77717|YBAY_ECOLI	190	SINGLE	1	7	33	11	3.826e-06	{A}	----	4.956
sp|P77730|YDCR_ECOLI	468	SINGLE	1	358	377	8	3.400e-06	{R}	----	7.737
sp|P77779|YBFO_ECOLI	477	SINGLE	1	341	364	8	6.413e-06	{P}	----	7.326
sp|P77802|ECPC_ECOLI	841	SINGLE	1	440	460	9	1.177e-06	{S}	----	7.301
sp|P77802|ECPC_ECOLI	841	SINGLE	2	504	524	7	3.984e-06	{Y}	----	9.718
sp|P77802|ECPC_ECOLI	841	SINGLE	3	167	199	9	5.092e-06	{N}	----	6.572
sp|P77802|ECPC_ECOLI	841	MULTIPLE	1	156	199	20	1.454e-09	{NS}	small_polar	4.536
sp|P77802|ECPC_ECOLI	841	WHOLE	1	1	841	85	5.271e-07	{S}
sp|Q2EET2|YPFN_ECOLI	66	SINGLE	1	47	57	7	5.805e-07	{D}	----	10.953
sp|Q2M5U1|YTJA_ECOLI	53	MULTIPLE	1	15	31	13	3.367e-08	{AG}	tiny_hydrophobic	4.962
sp|Q46812|SSNA_ECOLI	442	MULTIPLE	1	285	300	9	1.386e-07	{NH}	polar	8.721
sp|Q46819|YGFS_ECOLI	162	WHOLE	1	1	162	16	1.028e-09	{C}
sp|Q46844|YGHT_ECOLI	230	SINGLE	1	92	106	7	4.155e-06	{R}	----	9.026
sp|Q46861|YGIQ_ECOLI	739	SINGLE	1	245	286	11	1.749e-06	{P}	----	5.756
sp|Q46888|LTND_ECOLI	302	SINGLE	1	190	202	8	1.747e-06	{A}	----	7.486
sp|Q46888|LTND_ECOLI	302	WHOLE	1	1	302	53	8.209e-08	{A}
sp|Q46889|OTNK_ECOLI	388	MULTIPLE	1	314	336	13	3.123e-07	{QA}	mixed	4.746
sp|Q46892|YGBN_ECOLI	454	MULTIPLE	1	316	337	13	1.405e-06	{VG}	small_hydrophobic	4.104
sp|Q46909|YGCS_ECOLI	445	SINGLE	1	279	343	24	1.674e-09	{L}	----	3.915
sp|Q46909|YGCS_ECOLI	445	WHOLE	1	1	445	80	9.733e-09	{L}
sp|Q47154|LAFU_ECOLI	211	SINGLE	1	113	120	5	6.070e-06	{N}	----	15.060
sp|Q47534|YAIO_ECOLI	257	MULTIPLE	1	127	175	16	4.184e-06	{YS}	polar	3.511
sp|Q47536|YAIP_ECOLI	398	MULTIPLE	1	224	269	14	6.958e-07	{RW}	polar	4.668
sp|Q47688|YKFC_ECOLI	381	WHOLE	1	1	381	41	5.476e-06	{R}
sp|A5A607|YLCI_ECOLI	64	MULTIPLE	1	3	16	10	1.065e-07	{TR}	polar	6.790
sp|A5A611|YMGI_ECOLI	57	SINGLE	1	8	20	7	2.932e-06	{I}	----	9.142
sp|A5A611|YMGI_ECOLI	57	WHOLE	1	1	57	14	3.421e-06	{I}
sp|A5A613|YCIY_ECOLI	57	SINGLE	1	3	39	12	1.792e-07	{R}	----	6.273
sp|A5A613|YCIY_ECOLI	57	WHOLE	1	1	57	13	4.465e-06	{R}
sp|P02338|PRTL_ECOLI	29	SINGLE	1	10	29	8	3.400e-06	{R}	----	7.737
sp|P02338|PRTL_ECOLI	29	WHOLE	1	1	29	9	9.141e-06	{R}
sp|P08370|YGDB_ECOLI	135	SINGLE	1	10	24	9	1.629e-06	{L}	----	6.363
sp|P08370|YGDB_ECOLI	135	MULTIPLE	1	21	53	14	6.463e-07	{SQ}	polar	4.438
sp|P0A8K5|YAEP_ECOLI	66	SINGLE	1	38	56	9	6.713e-06	{A}	----	5.763
sp|P0A8L5|YCGN_ECOLI	153	SINGLE	1	29	78	8	3.733e-07	{C}	----	11.679
sp|P0AAL9|YKGJ_ECOLI	109	SINGLE	1	7	14	4	2.334e-06	{C}	----	36.496
sp|P0AAL9|YKGJ_ECOLI	109	WHOLE	1	1	109	10	2.534e-06	{C}
sp|P0AAT9|YBEL_ECOLI	160	MULTIPLE	1	110	150	10	1.559e-06	{HC}	polar	6.646
sp|P0AAU5|YBFB_ECOLI	108	SINGLE	1	50	86	12	7.080e-07	{I}	----	5.506
sp|P0AAU5|YBFB_ECOLI	108	WHOLE	1	1	108	20	3.548e-06	{I}
sp|P0AAV6|YBGS_ECOLI	126	SINGLE	1	13	54	15	5.146e-07	{A}	----	4.345
sp|P0AAV6|YBGS_ECOLI	126	SINGLE	2	52	64	6	6.516e-06	{N}	----	11.121
sp|P0AAV6|YBGS_ECOLI	126	MULTIPLE	1	18	64	23	9.029e-10	{AN}	small	3.956
sp|P0AAY4|YBJH_ECOLI	94	SINGLE	1	25	59	14	4.944e-08	{V}	----	5.548
sp|P0AB43|YCGL_ECOLI	108	SINGLE	1	85	88	4	4.286e-06	{P}	----	21.978
sp|P0AD74|LPF2_ECOLI	14	SINGLE	1	6	12	5	2.132e-06	{F}	----	17.593
sp|P0ADK0|YIAF_ECOLI	236	SINGLE	1	172	226	12	5.551e-07	{Q}	----	5.913
sp|P0ADK0|YIAF_ECOLI	236	WHOLE	1	1	236	29	1.421e-08	{Q}
sp|P0ADV5|YHBW_ECOLI	335	MULTIPLE	1	256	278	10	5.398e-06	{PQ}	mixed	5.276
sp|P0AFT8|YEIW_ECOLI	84	SINGLE	1	3	11	4	4.143e-06	{C}	----	32.441
sp|P0DPN0|YAHV_ECOLI	24	SINGLE	1	11	23	7	2.932e-06	{I}	----	9.142
sp|P0DPO0|YMGM_ECOLI	67	MULTIPLE	1	28	53	10	2.010e-06	{FH}	aromatic	6.047
sp|P0DPO1|YMIC_ECOLI	31	MULTIPLE	1	1	27	8	2.818e-06	{WM}	hydrophobic	8.346
sp|P0DPO3|YNAL_ECOLI	57	SINGLE	1	10	41	16	9.628e-14	{P}	----	10.989
sp|P0DPO3|YNAL_ECOLI	57	WHOLE	1	1	57	16	2.895e-09	{P}
sp|P0DPO4|YNAM_ECOLI	37	SINGLE	1	4	28	9	6.599e-06	{I}	----	6.112
sp|P0DPP6|YQHI_ECOLI	47	SINGLE	1	16	20	4	6.683e-06	{Y}	----	23.324
sp|P11864|YHAC_ECOLI	395	SINGLE	1	367	389	7	7.834e-06	{Y}	----	8.873
sp|P11864|YHAC_ECOLI	395	WHOLE	1	1	395	39	4.632e-07	{N}
sp|P20343|CYSX_ECOLI	130	SINGLE	1	35	50	7	8.750e-06	{T}	----	8.178
sp|P20343|CYSX_ECOLI	130	MULTIPLE	1	35	69	16	1.106e-07	{TR}	polar	4.345
sp|P31443|YIDF_ECOLI	165	SINGLE	1	97	130	6	6.043e-06	{C}	----	12.881
sp|P31991|YDCD_ECOLI	160	SINGLE	1	130	144	6	5.953e-06	{Y}	----	11.662
sp|P31991|YDCD_ECOLI	160	MULTIPLE	1	116	144	12	4.087e-06	{YK}	polar	4.454
sp|P32128|YIHF_ECOLI	476	MULTIPLE	1	417	435	8	5.615e-06	{MQ}	mixed	7.149
sp|P32151|YIIG_ECOLI	351	SINGLE	1	33	66	10	1.631e-06	{P}	----	6.464
sp|P32151|YIIG_ECOLI	351	MULTIPLE	1	33	66	20	2.734e-10	{PA}	small	4.606
sp|P32160|YIIQ_ECOLI	199	SINGLE	1	16	31	7	8.750e-06	{T}	----	8.178
sp|P32681|YJAH_ECOLI	231	MULTIPLE	1	126	161	14	9.058e-07	{RQ}	polar	4.389
sp|P32688|YJBG_ECOLI	245	SINGLE	1	67	99	12	5.574e-06	{A}	----	4.424
sp|P32688|YJBG_ECOLI	245	MULTIPLE	1	67	106	20	3.599e-09	{AQ}	mixed	4.198
sp|P32690|YJBI_ECOLI	442	WHOLE	1	1	442	39	6.269e-06	{N}
sp|P32704|YJCF_ECOLI	430	SINGLE	1	328	345	8	2.520e-07	{N}	----	10.710
sp|P32704|YJCF_ECOLI	430	WHOLE	1	1	430	51	2.083e-11	{N}
sp|P33346|YEHI_ECOLI	1210	WHOLE	1	1	1210	161	2.394e-06	{L}
sp|P33352|YEHP_ECOLI	378	SINGLE	1	163	168	5	2.102e-06	{R}	----	16.119
sp|P33668|YBBC_ECOLI	122	MULTIPLE	1	4	16	8	7.212e-06	{FS}	mixed	6.197
sp|P33669|YBBD_ECOLI	86	SINGLE	1	12	21	7	2.460e-07	{I}	----	11.885
sp|P36682|YACH_ECOLI	617	SINGLE	1	453	579	31	3.783e-17	{Q}	----	6.615
sp|P36682|YACH_ECOLI	617	SINGLE	2	308	325	9	7.103e-11	{H}	----	21.739
sp|P36682|YACH_ECOLI	617	SINGLE	3	302	317	9	5.676e-08	{D}	----	9.682
sp|P36682|YACH_ECOLI	617	SINGLE	4	334	368	10	9.641e-07	{N}	----	6.885
sp|P36682|YACH_ECOLI	617	SINGLE	5	265	276	6	6.200e-06	{P}	----	10.989
sp|P36682|YACH_ECOLI	617	SINGLE	6	192	233	11	8.001e-06	{T}	----	4.895
sp|P36682|YACH_ECOLI	617	SINGLE	7	394	432	9	8.701e-06	{Q}	----	6.254
sp|P36682|YACH_ECOLI	617	MULTIPLE	1	451	585	58	5.565e-26	{QR}	polar	4.849
sp|P36682|YACH_ECOLI	617	MULTIPLE	2	302	327	20	2.100e-17	{HD}	charged	9.485
sp|P36682|YACH_ECOLI	617	WHOLE	1	1	617	66	1.920e-14	{Q}
sp|P37052|YCHJ_ECOLI	152	MULTIPLE	1	138	150	8	6.603e-07	{CK}	polar	8.512
sp|P37052|YCHJ_ECOLI	152	WHOLE	1	1	152	11	7.896e-06	{C}
sp|P37627|YHIJ_ECOLI	540	SINGLE	1	103	145	12	1.076e-07	{N}	----	6.725
sp|P37627|YHIJ_ECOLI	540	MULTIPLE	1	236	271	14	3.915e-06	{NI}	mixed	3.873
sp|P37627|YHIJ_ECOLI	540	WHOLE	1	1	540	50	1.006e-07	{N}
sp|P37635|YHIS_ECOLI	260	MULTIPLE	1	105	119	8	5.187e-06	{QN}	amide	6.803
sp|P37691|YIBQ_ECOLI	319	MULTIPLE	1	248	275	13	1.214e-06	{PK}	mixed	4.460
sp|P39295|YJFM_ECOLI	212	SINGLE	1	152	205	17	5.865e-09	{S}	----	5.363
sp|P39390|YJIS_ECOLI	54	SINGLE	1	23	33	6	6.766e-06	{R}	----	10.550
sp|P39390|YJIS_ECOLI	54	MULTIPLE	1	17	37	12	2.984e-08	{RQ}	polar	6.450
sp|P45545|YHFS_ECOLI	361	SINGLE	1	60	85	11	2.470e-06	{A}	----	5.147
sp|P45545|YHFS_ECOLI	361	SINGLE	2	128	148	7	6.399e-06	{Q}	----	9.033
sp|P45736|YCJD_ECOLI	117	SINGLE	1	10	39	10	1.418e-06	{R}	----	6.447
sp|P45804|YHGE_ECOLI	574	SINGLE	1	213	264	17	2.526e-06	{L}	----	3.467
sp|P45804|YHGE_ECOLI	574	SINGLE	2	67	101	6	6.625e-06	{W}	----	12.698
sp|P45804|YHGE_ECOLI	574	SINGLE	3	143	168	11	9.170e-06	{L}	----	4.486
sp|P45804|YHGE_ECOLI	574	MULTIPLE	1	347	368	15	9.905e-08	{LV}	aliphatic	4.097
sp|P45804|YHGE_ECOLI	574	WHOLE	1	1	574	102	2.361e-10	{L}
sp|P45804|YHGE_ECOLI	574	WHOLE	2	1	574	23	3.924e-06	{W}
sp|P46144|YEDJ_ECOLI	231	SINGLE	1	17	29	5	6.877e-06	{H}	----	16.722
sp|P46144|YEDJ_ECOLI	231	MULTIPLE	1	4	29	11	1.090e-07	{HQ}	polar	7.063
sp|P46855|YHHZ_ECOLI	392	SINGLE	1	260	268	6	2.923e-06	{I}	----	11.319
sp|P46855|YHHZ_ECOLI	392	WHOLE	1	1	392	37	2.421e-06	{N}
sp|P52132|YFJQ_ECOLI	273	SINGLE	1	71	89	8	2.151e-06	{R}	----	8.144
sp|P52134|YPJK_ECOLI	78	SINGLE	1	4	15	8	5.624e-08	{I}	----	11.319
sp|P52138|YFJW_ECOLI	567	SINGLE	1	157	184	10	2.211e-06	{I}	----	6.064
sp|P52138|YFJW_ECOLI	567	SINGLE	2	14	48	9	7.204e-06	{F}	----	6.334
sp|P52138|YFJW_ECOLI	567	MULTIPLE	1	118	155	19	7.398e-08	{LN}	mixed	3.682
sp|P52138|YFJW_ECOLI	567	WHOLE	1	1	567	67	3.800e-08	{I}
sp|P58095|YPJI_ECOLI	90	SINGLE	1	8	11	2	5.999e-08	{X}	----	5000.000
sp|P64471|YDHI_ECOLI	78	SINGLE	1	23	34	6	3.227e-06	{F}	----	12.315
sp|P64474|YDHL_ECOLI	79	MULTIPLE	1	14	36	10	6.798e-07	{CR}	polar	6.648
sp|P64485|YEAQ_ECOLI	82	MULTIPLE	1	23	63	19	1.660e-08	{GF}	hydrophobic	4.119
sp|P64542|YPEC_ECOLI	108	SINGLE	1	50	107	15	1.529e-07	{R}	----	5.002
sp|P64542|YPEC_ECOLI	108	SINGLE	2	44	77	7	3.046e-07	{W}	----	15.251
sp|P64542|YPEC_ECOLI	108	MULTIPLE	1	44	107	23	4.939e-12	{RW}	polar	5.512
sp|P71297|YAGN_ECOLI	146	SINGLE	1	87	109	9	2.899e-06	{S}	----	6.666
sp|P75616|YAAX_ECOLI	98	SINGLE	1	50	97	13	4.307e-11	{H}	----	11.775
sp|P75616|YAAX_ECOLI	98	SINGLE	2	73	77	5	1.950e-07	{P}	----	21.978
sp|P75616|YAAX_ECOLI	98	SINGLE	3	46	68	6	4.850e-07	{W}	----	19.324
sp|P75616|YAAX_ECOLI	98	MULTIPLE	1	69	97	22	9.451e-14	{HPG}	mixed	5.403
sp|P75616|YAAX_ECOLI	98	WHOLE	1	1	98	13	3.748e-07	{H}
sp|P75910|YCDU_ECOLI	328	SINGLE	1	101	137	14	2.752e-06	{L}	----	4.012
sp|P75910|YCDU_ECOLI	328	SINGLE	2	218	251	9	5.578e-06	{F}	----	6.520
sp|P75910|YCDU_ECOLI	328	MULTIPLE	1	289	305	8	4.400e-07	{YC}	polar	9.804
sp|P75910|YCDU_ECOLI	328	WHOLE	1	1	328	34	4.988e-07	{F}
sp|P75967|YMFD_ECOLI	221	SINGLE	1	153	182	8	5.203e-06	{Y}	----	7.775
sp|P75968|YMFE_ECOLI	234	SINGLE	1	147	204	14	5.414e-08	{F}	----	5.945
sp|P75968|YMFE_ECOLI	234	MULTIPLE	1	154	204	23	9.322e-11	{FI}	hydrophobic	4.532
sp|P76001|YCGJ_ECOLI	122	SINGLE	1	1	21	6	4.407e-06	{M}	----	12.987
sp|P76118|YNCH_ECOLI	70	SINGLE	1	45	51	4	7.670e-06	{M}	----	25.974
sp|P76122|YDDJ_ECOLI	111	SINGLE	1	103	108	5	3.936e-06	{S}	----	14.196
sp|P76122|YDDJ_ECOLI	111	SINGLE	2	64	89	8	6.409e-06	{N}	----	7.414
sp|P76123|YDDK_ECOLI	318	SINGLE	1	225	275	13	1.030e-07	{N}	----	6.142
sp|P76123|YDDK_ECOLI	318	SINGLE	2	19	48	9	2.145e-06	{N}	----	7.229
sp|P76123|YDDK_ECOLI	318	SINGLE	3	217	248	13	2.467e-06	{L}	----	4.308
sp|P76123|YDDK_ECOLI	318	MULTIPLE	1	213	282	33	1.100e-11	{NL}	mixed	3.471
sp|P76123|YDDK_ECOLI	318	MULTIPLE	2	8	48	14	1.256e-07	{NH}	polar	5.294
sp|P76123|YDDK_ECOLI	318	WHOLE	1	1	318	51	1.574e-16	{N}
sp|P76150|YNEK_ECOLI	371	SINGLE	1	337	368	9	8.033e-06	{P}	----	6.181
sp|P76150|YNEK_ECOLI	371	MULTIPLE	1	161	185	10	2.565e-06	{HP}	mixed	5.839
sp|P76162|YDFU_ECOLI	349	SINGLE	1	287	318	7	6.405e-06	{H}	----	9.511
sp|P76206|YDIY_ECOLI	252	MULTIPLE	1	64	81	9	7.086e-07	{TW}	polar	7.463
sp|P76227|YNJH_ECOLI	90	MULTIPLE	1	40	54	8	1.923e-07	{CQ}	polar	10.540
sp|P76396|YEGL_ECOLI	219	SINGLE	1	190	202	7	2.867e-06	{S}	----	9.173
sp|P76418|YEGU_ECOLI	334	WHOLE	1	1	334	53	1.796e-06	{A}
sp|P76463|YFAQ_ECOLI	549	MULTIPLE	1	125	137	7	1.039e-06	{QW}	polar	10.684
sp|P76481|YFBK_ECOLI	575	SINGLE	1	22	81	17	3.352e-11	{Q}	----	7.678
sp|P76481|YFBK_ECOLI	575	SINGLE	2	43	63	11	1.732e-07	{A}	----	6.372
sp|P76481|YFBK_ECOLI	575	SINGLE	3	539	547	5	7.416e-06	{Q}	----	15.056
sp|P76481|YFBK_ECOLI	575	MULTIPLE	1	29	77	27	3.423e-13	{QA}	mixed	4.627
sp|P76481|YFBK_ECOLI	575	WHOLE	1	1	575	45	1.590e-06	{Q}
sp|P76485|YFBO_ECOLI	140	SINGLE	1	103	139	6	9.234e-06	{W}	----	12.012
sp|P76485|YFBO_ECOLI	140	MULTIPLE	1	98	139	15	5.387e-07	{WE}	polar	4.329
sp|P76505|YFDF_ECOLI	352	SINGLE	1	8	38	9	2.897e-06	{N}	----	6.996
sp|P76505|YFDF_ECOLI	352	WHOLE	1	1	352	35	1.418e-06	{N}
sp|P76507|YFDI_ECOLI	443	SINGLE	1	66	79	6	3.699e-06	{Y}	----	12.495
sp|P76507|YFDI_ECOLI	443	MULTIPLE	1	62	79	11	7.233e-08	{YS}	polar	6.571
sp|P76507|YFDI_ECOLI	443	MULTIPLE	2	343	373	14	4.162e-07	{IF}	hydrophobic	4.539
sp|P76507|YFDI_ECOLI	443	WHOLE	1	1	443	44	4.476e-08	{F}
sp|P76507|YFDI_ECOLI	443	WHOLE	2	1	443	36	1.467e-06	{Y}
sp|P76507|YFDI_ECOLI	443	WHOLE	3	1	443	50	5.413e-06	{I}
sp|P76510|YFDN_ECOLI	164	WHOLE	1	1	164	23	9.675e-06	{R}
sp|P76515|YFDS_ECOLI	120	SINGLE	1	73	94	6	3.634e-07	{W}	----	20.202
sp|P76543|YFFL_ECOLI	213	MULTIPLE	1	71	90	12	2.140e-08	{HE}	charged	6.522
sp|P76546|YFFO_ECOLI	138	SINGLE	1	52	79	7	1.851e-06	{M}	----	11.364
sp|P76546|YFFO_ECOLI	138	MULTIPLE	1	52	83	11	6.816e-09	{MW}	hydrophobic	9.683
sp|P76550|YFFS_ECOLI	269	MULTIPLE	1	118	163	23	2.557e-08	{EA}	mixed	3.307
sp|P76559|YPFG_ECOLI	347	SINGLE	1	172	194	8	4.479e-06	{P}	----	7.645
sp|P76575|YFGJ_ECOLI	71	SINGLE	1	5	54	8	3.733e-07	{C}	----	11.679
sp|P76575|YFGJ_ECOLI	71	WHOLE	1	1	71	8	5.536e-06	{C}
sp|P76585|YPHG_ECOLI	1093	WHOLE	1	1	1093	35	2.600e-06	{W}
sp|P76585|YPHG_ECOLI	1093	WHOLE	2	1	1093	70	4.286e-06	{Q}
sp|P76612|YPJB_ECOLI	263	SINGLE	1	225	242	9	2.140e-07	{D}	----	8.606
sp|P76612|YPJB_ECOLI	263	SINGLE	2	237	261	10	6.408e-07	{S}	----	6.814
sp|P76612|YPJB_ECOLI	263	MULTIPLE	1	225	261	24	9.984e-10	{DSV}	small	3.434
sp|P76613|YPJC_ECOLI	160	SINGLE	1	90	102	6	6.516e-06	{N}	----	11.121
sp|P77136|YQEK_ECOLI	141	MULTIPLE	1	53	69	11	2.441e-07	{NV}	small	5.696
sp|P77148|YDHS_ECOLI	534	MULTIPLE	1	508	530	12	9.239e-06	{RA}	mixed	3.896
sp|P77180|YKGH_ECOLI	222	MULTIPLE	1	1	35	12	9.422e-06	{IM}	hydrophobic	4.238
sp|P77216|YBDN_ECOLI	406	MULTIPLE	1	100	125	9	2.722e-06	{WQ}	polar	6.868
sp|P77216|YBDN_ECOLI	406	WHOLE	1	1	406	19	3.041e-06	{W}
sp|P77286|YDEU_ECOLI	466	SINGLE	1	120	143	8	6.413e-06	{P}	----	7.326
sp|P77286|YDEU_ECOLI	466	WHOLE	1	1	466	43	7.596e-07	{N}
sp|P77286|YDEU_ECOLI	466	WHOLE	2	1	466	62	1.325e-06	{G}
sp|P77301|YBAP_ECOLI	264	SINGLE	1	94	151	13	1.367e-07	{Q}	----	6.074
sp|P77393|YAHL_ECOLI	271	SINGLE	1	52	65	7	5.044e-06	{D}	----	8.606
sp|P77393|YAHL_ECOLI	271	MULTIPLE	1	50	65	11	1.128e-08	{DY}	polar	7.440
sp|P77427|YBEU_ECOLI	235	MULTIPLE	1	148	171	10	3.276e-07	{HY}	polar_aromatic	7.272
sp|P77506|YBDJ_ECOLI	82	SINGLE	1	15	62	18	1.302e-07	{L}	----	3.977
sp|P77506|YBDJ_ECOLI	82	WHOLE	1	1	82	22	3.668e-06	{L}
sp|P77658|YNAA_ECOLI	342	SINGLE	1	112	149	13	4.962e-06	{A}	----	4.162
sp|P77658|YNAA_ECOLI	342	MULTIPLE	1	112	149	20	1.130e-09	{AQ}	mixed	4.419
sp|P77658|YNAA_ECOLI	342	WHOLE	1	1	342	52	7.205e-06	{A}
sp|Q2EES0|YNFO_ECOLI	77	MULTIPLE	1	3	16	10	1.065e-07	{TR}	polar	6.790
sp|Q2EEU2|YJHX_ECOLI	85	SINGLE	1	52	61	6	6.679e-06	{K}	----	10.239
sp|Q2M7M3|YSAB_ECOLI	99	SINGLE	1	1	13	5	5.551e-06	{M}	----	17.483
sp|Q46787|YGEG_ECOLI	163	SINGLE	1	90	113	8	8.061e-07	{Y}	----	9.718
sp|Q46809|YQEC_ECOLI	256	SINGLE	1	52	55	4	8.192e-06	{T}	----	18.692
sp|Q46941|YQEH_ECOLI	210	SINGLE	1	4	38	7	4.140e-07	{C}	----	14.599
sp|Q47710|YQJK_ECOLI	99	SINGLE	1	13	21	5	7.416e-06	{Q}	----	15.056
sp|Q47710|YQJK_ECOLI	99	MULTIPLE	1	7	30	11	1.974e-06	{QR}	polar	5.173
sp|Q6BEX5|YJDP_ECOLI	109	SINGLE	1	44	102	19	6.018e-11	{R}	----	6.229
sp|Q6BEX5|YJDP_ECOLI	109	SINGLE	2	38	84	13	1.580e-06	{D}	----	4.761
sp|Q6BEX5|YJDP_ECOLI	109	MULTIPLE	1	43	106	51	5.931e-23	{RDQE}	polar	3.694
sp|Q6BEX5|YJDP_ECOLI	109	WHOLE	1	1	109	21	1.372e-07	{R}
sp|Q7DFV3|YMGG_ECOLI	114	SINGLE	1	30	111	26	4.784e-11	{G}	----	4.410
sp|Q7DFV3|YMGG_ECOLI	114	WHOLE	1	1	114	27	2.275e-08	{G}
