sp|O32583|THIS_ECOLI	SINGLE	1	2	61	14	1.844e-07	{Q}
sp|O32583|THIS_ECOLI	WHOLE	1	1	66	14	6.311e-07	{Q}
sp|P00350|6PGD_ECOLI	SINGLE	1	298	450	28	1.418e-05	{A}
sp|P00350|6PGD_ECOLI	SINGLE	2	119	144	9	2.409e-05	{G}
sp|P00350|6PGD_ECOLI	SINGLE	3	326	453	13	7.923e-04	{Y}
sp|P00350|6PGD_ECOLI	MULTIPLE	1	298	453	41	2.383e-07	{AY}
sp|P00363|FRDA_ECOLI	SINGLE	1	166	465	45	1.795e-07	{G}
sp|P00363|FRDA_ECOLI	SINGLE	2	6	57	17	2.012e-07	{A}
sp|P00363|FRDA_ECOLI	SINGLE	3	407	431	10	8.426e-06	{A}
sp|P00363|FRDA_ECOLI	SINGLE	4	174	283	10	1.255e-04	{M}
sp|P00363|FRDA_ECOLI	SINGLE	5	45	167	10	3.007e-04	{H}
sp|P00363|FRDA_ECOLI	SINGLE	6	127	157	6	9.707e-04	{F}
sp|P00363|FRDA_ECOLI	MULTIPLE	1	42	465	88	2.174e-09	{GMH}
sp|P00363|FRDA_ECOLI	WHOLE	1	1	602	66	2.318e-05	{G}
sp|P00370|DHE4_ECOLI	SINGLE	1	125	241	25	1.289e-07	{G}
sp|P00370|DHE4_ECOLI	SINGLE	2	318	443	26	3.205e-06	{A}
sp|P00370|DHE4_ECOLI	SINGLE	3	402	416	5	1.186e-05	{H}
sp|P00370|DHE4_ECOLI	SINGLE	4	124	252	10	4.332e-04	{M}
sp|P00370|DHE4_ECOLI	MULTIPLE	1	124	241	34	2.790e-10	{GM}
sp|P00370|DHE4_ECOLI	MULTIPLE	2	318	443	32	4.328e-07	{AH}
sp|P00370|DHE4_ECOLI	WHOLE	1	1	447	49	1.957e-04	{G}
sp|P00393|NDH_ECOLI	SINGLE	1	337	418	9	6.525e-05	{M}
sp|P00393|NDH_ECOLI	SINGLE	2	12	29	7	8.425e-05	{G}
sp|P00393|NDH_ECOLI	SINGLE	3	166	182	6	4.943e-04	{G}
sp|P00393|NDH_ECOLI	SINGLE	4	127	172	8	5.825e-04	{N}
sp|P00393|NDH_ECOLI	SINGLE	5	43	75	5	6.305e-04	{H}
sp|P00448|SODM_ECOLI	SINGLE	1	18	32	5	1.186e-05	{H}
sp|P00452|RIR1_ECOLI	SINGLE	1	253	300	11	1.943e-04	{G}
sp|P00452|RIR1_ECOLI	SINGLE	2	736	752	6	1.949e-04	{D}
sp|P00452|RIR1_ECOLI	SINGLE	3	438	493	14	3.136e-04	{L}
sp|P00452|RIR1_ECOLI	SINGLE	4	77	197	13	4.805e-04	{Y}
sp|P00452|RIR1_ECOLI	SINGLE	5	450	474	6	4.915e-04	{N}
sp|P00452|RIR1_ECOLI	SINGLE	6	614	629	6	5.323e-04	{S}
sp|P00452|RIR1_ECOLI	SINGLE	7	65	85	7	6.750e-04	{A}
sp|P00452|RIR1_ECOLI	SINGLE	8	47	70	6	7.779e-04	{I}
sp|P00452|RIR1_ECOLI	MULTIPLE	1	437	493	21	6.360e-06	{LN}
sp|P00452|RIR1_ECOLI	MULTIPLE	2	47	86	14	2.040e-04	{AI}
sp|P00490|PHSM_ECOLI	SINGLE	1	225	446	15	9.202e-05	{H}
sp|P00490|PHSM_ECOLI	SINGLE	2	393	430	10	9.574e-05	{V}
sp|P00490|PHSM_ECOLI	SINGLE	3	685	721	9	2.742e-04	{K}
sp|P00490|PHSM_ECOLI	SINGLE	4	19	477	17	4.279e-04	{W}
sp|P00490|PHSM_ECOLI	SINGLE	5	519	533	5	5.275e-04	{I}
sp|P00490|PHSM_ECOLI	SINGLE	6	112	213	16	7.252e-04	{G}
sp|P00490|PHSM_ECOLI	SINGLE	7	70	124	13	8.523e-04	{L}
sp|P00490|PHSM_ECOLI	MULTIPLE	1	162	438	26	9.525e-06	{HW}
sp|P00490|PHSM_ECOLI	MULTIPLE	2	99	145	17	3.835e-04	{GL}
sp|P00509|AAT_ECOLI	SINGLE	1	213	305	19	6.700e-05	{A}
sp|P00550|PTM3C_ECOLI	SINGLE	1	65	298	40	2.513e-08	{G}
sp|P00550|PTM3C_ECOLI	SINGLE	2	5	286	34	1.123e-06	{I}
sp|P00550|PTM3C_ECOLI	SINGLE	3	1	393	23	1.645e-05	{M}
sp|P00550|PTM3C_ECOLI	SINGLE	4	295	395	19	1.979e-04	{A}
sp|P00550|PTM3C_ECOLI	MULTIPLE	1	5	396	157	7.267e-17	{GIMA}
sp|P00550|PTM3C_ECOLI	WHOLE	1	1	637	54	4.675e-05	{I}
sp|P00550|PTM3C_ECOLI	WHOLE	2	1	637	67	6.422e-05	{G}
sp|P00561|AK1H_ECOLI	SINGLE	1	315	339	6	1.250e-05	{M}
sp|P00561|AK1H_ECOLI	SINGLE	2	12	431	56	3.616e-05	{A}
sp|P00561|AK1H_ECOLI	SINGLE	3	441	476	10	5.887e-05	{V}
sp|P00561|AK1H_ECOLI	SINGLE	4	217	235	4	1.994e-04	{C}
sp|P00561|AK1H_ECOLI	SINGLE	5	707	736	9	2.883e-04	{A}
sp|P00561|AK1H_ECOLI	SINGLE	6	340	365	8	2.967e-04	{S}
sp|P00561|AK1H_ECOLI	SINGLE	7	371	394	7	5.412e-04	{E}
sp|P00561|AK1H_ECOLI	SINGLE	8	689	712	7	5.412e-04	{E}
sp|P00561|AK1H_ECOLI	MULTIPLE	1	12	431	80	3.061e-06	{MAC}
sp|P00561|AK1H_ECOLI	MULTIPLE	2	687	739	19	5.814e-05	{AE}
sp|P00561|AK1H_ECOLI	WHOLE	1	1	820	91	2.010e-04	{A}
sp|P00562|AK2H_ECOLI	SINGLE	1	57	559	74	1.915e-05	{L}
sp|P00562|AK2H_ECOLI	SINGLE	2	92	163	15	2.861e-04	{A}
sp|P00562|AK2H_ECOLI	SINGLE	3	499	672	21	4.397e-04	{D}
sp|P00562|AK2H_ECOLI	SINGLE	4	154	514	31	7.041e-04	{R}
sp|P00562|AK2H_ECOLI	SINGLE	5	65	82	5	7.334e-04	{Q}
sp|P00562|AK2H_ECOLI	MULTIPLE	1	61	668	268	4.978e-11	{LADRQ}
sp|P00562|AK2H_ECOLI	WHOLE	1	1	810	102	2.680e-04	{L}
sp|P00579|RPOD_ECOLI	SINGLE	1	189	209	13	6.248e-12	{D}
sp|P00579|RPOD_ECOLI	SINGLE	2	18	591	69	4.341e-07	{E}
sp|P00579|RPOD_ECOLI	SINGLE	3	363	608	28	1.479e-05	{R}
sp|P00579|RPOD_ECOLI	SINGLE	4	59	81	9	2.916e-05	{A}
sp|P00579|RPOD_ECOLI	SINGLE	5	29	75	11	3.487e-05	{D}
sp|P00579|RPOD_ECOLI	SINGLE	6	435	466	8	1.091e-04	{I}
sp|P00579|RPOD_ECOLI	SINGLE	7	273	507	15	1.669e-04	{M}
sp|P00579|RPOD_ECOLI	SINGLE	8	35	53	6	2.019e-04	{I}
sp|P00579|RPOD_ECOLI	SINGLE	9	47	105	7	2.537e-04	{M}
sp|P00579|RPOD_ECOLI	MULTIPLE	1	33	605	230	4.260e-18	{ERDIM}
sp|P00579|RPOD_ECOLI	MULTIPLE	2	56	81	11	1.621e-05	{AM}
sp|P00579|RPOD_ECOLI	WHOLE	1	1	613	71	1.088e-06	{E}
sp|P00579|RPOD_ECOLI	WHOLE	2	1	613	54	2.837e-04	{D}
sp|P00579|RPOD_ECOLI	WHOLE	3	1	613	46	8.667e-04	{R}
sp|P00582|DPO1_ECOLI	SINGLE	1	834	869	13	1.494e-06	{A}
sp|P00582|DPO1_ECOLI	SINGLE	2	217	616	47	3.671e-05	{E}
sp|P00582|DPO1_ECOLI	SINGLE	3	682	875	22	1.109e-04	{R}
sp|P00582|DPO1_ECOLI	SINGLE	4	201	502	42	1.137e-04	{A}
sp|P00582|DPO1_ECOLI	SINGLE	5	402	646	40	1.414e-04	{L}
sp|P00582|DPO1_ECOLI	MULTIPLE	1	682	875	51	1.361e-07	{AR}
sp|P00582|DPO1_ECOLI	MULTIPLE	2	201	636	157	1.544e-09	{EAL}
sp|P00582|DPO1_ECOLI	WHOLE	1	1	928	99	4.009e-04	{A}
sp|P00634|PPB_ECOLI	SINGLE	1	7	467	67	4.645e-07	{A}
sp|P00634|PPB_ECOLI	SINGLE	2	36	244	28	1.848e-04	{G}
sp|P00634|PPB_ECOLI	SINGLE	3	103	246	19	9.219e-04	{T}
sp|P00634|PPB_ECOLI	MULTIPLE	1	33	458	144	1.036e-10	{AGT}
sp|P00634|PPB_ECOLI	WHOLE	1	1	471	67	9.715e-07	{A}
sp|P00722|BGAL_ECOLI	SINGLE	1	17	1021	39	8.066e-08	{W}
sp|P00722|BGAL_ECOLI	SINGLE	2	65	120	11	3.988e-05	{P}
sp|P00722|BGAL_ECOLI	SINGLE	3	813	842	10	5.151e-05	{A}
sp|P00722|BGAL_ECOLI	SINGLE	4	555	967	35	8.131e-05	{Q}
sp|P00722|BGAL_ECOLI	SINGLE	5	358	469	10	1.447e-04	{H}
sp|P00722|BGAL_ECOLI	SINGLE	6	158	449	27	5.128e-04	{R}
sp|P00722|BGAL_ECOLI	SINGLE	7	973	991	4	6.290e-04	{H}
sp|P00722|BGAL_ECOLI	MULTIPLE	1	14	1021	139	5.145e-09	{WHR}
sp|P00722|BGAL_ECOLI	MULTIPLE	2	617	893	56	4.513e-05	{AQ}
sp|P00722|BGAL_ECOLI	WHOLE	1	1	1024	39	1.267e-07	{W}
sp|P00803|LEP_ECOLI	SINGLE	1	244	258	6	2.215e-05	{Q}
sp|P00803|LEP_ECOLI	SINGLE	2	28	42	7	6.097e-05	{A}
sp|P00803|LEP_ECOLI	SINGLE	3	73	131	10	4.474e-04	{I}
sp|P00804|LSPA_ECOLI	SINGLE	1	10	48	11	4.492e-04	{L}
sp|P00804|LSPA_ECOLI	SINGLE	2	75	105	7	5.531e-04	{I}
sp|P00805|ASPG2_ECOLI	SINGLE	1	329	347	7	8.454e-06	{Q}
sp|P00805|ASPG2_ECOLI	SINGLE	2	49	314	35	3.448e-05	{V}
sp|P00805|ASPG2_ECOLI	SINGLE	3	32	53	7	3.432e-04	{G}
sp|P00805|ASPG2_ECOLI	SINGLE	4	90	335	29	3.907e-04	{T}
sp|P00805|ASPG2_ECOLI	SINGLE	5	8	22	6	5.574e-04	{A}
sp|P00805|ASPG2_ECOLI	MULTIPLE	1	27	335	98	7.539e-08	{VGT}
sp|P00811|AMPC_ECOLI	SINGLE	1	265	283	6	1.006e-04	{Q}
sp|P00811|AMPC_ECOLI	SINGLE	2	109	292	10	3.782e-04	{W}
sp|P00811|AMPC_ECOLI	MULTIPLE	1	109	292	25	4.687e-05	{QW}
sp|P00861|DCDA_ECOLI	SINGLE	1	137	329	16	4.925e-06	{H}
sp|P00861|DCDA_ECOLI	SINGLE	2	122	379	33	1.327e-04	{G}
sp|P00861|DCDA_ECOLI	SINGLE	3	34	289	23	4.949e-04	{Q}
sp|P00861|DCDA_ECOLI	SINGLE	4	28	371	37	8.867e-04	{V}
sp|P00861|DCDA_ECOLI	MULTIPLE	1	112	298	73	4.633e-10	{HGQV}
sp|P00861|DCDA_ECOLI	WHOLE	1	1	420	20	6.608e-04	{H}
sp|P00864|CAPP_ECOLI	SINGLE	1	8	847	117	2.090e-06	{L}
sp|P00864|CAPP_ECOLI	SINGLE	2	580	607	9	4.643e-05	{G}
sp|P00864|CAPP_ECOLI	SINGLE	3	289	354	13	2.146e-04	{E}
sp|P00864|CAPP_ECOLI	SINGLE	4	545	563	7	3.444e-04	{A}
sp|P00864|CAPP_ECOLI	SINGLE	5	717	792	6	8.364e-04	{W}
sp|P00864|CAPP_ECOLI	MULTIPLE	1	19	847	279	6.049e-09	{LEAW}
sp|P00864|CAPP_ECOLI	WHOLE	1	1	883	118	1.126e-05	{L}
sp|P00888|AROF_ECOLI	SINGLE	1	130	146	7	4.133e-04	{L}
sp|P00888|AROF_ECOLI	SINGLE	2	195	220	8	5.129e-04	{A}
sp|P00893|ILVI_ECOLI	SINGLE	1	10	238	33	9.453e-06	{V}
sp|P00893|ILVI_ECOLI	SINGLE	2	326	361	8	1.083e-04	{Q}
sp|P00893|ILVI_ECOLI	SINGLE	3	418	432	6	2.293e-04	{G}
sp|P00893|ILVI_ECOLI	SINGLE	4	256	270	4	2.419e-04	{M}
sp|P00893|ILVI_ECOLI	SINGLE	5	154	177	6	5.903e-04	{P}
sp|P00893|ILVI_ECOLI	SINGLE	6	38	56	4	6.290e-04	{H}
sp|P00893|ILVI_ECOLI	SINGLE	7	535	553	6	8.474e-04	{V}
sp|P00893|ILVI_ECOLI	WHOLE	1	1	574	59	1.631e-04	{V}
sp|P00904|TRPGD_ECOLI	SINGLE	1	89	529	61	6.222e-06	{A}
sp|P00904|TRPGD_ECOLI	SINGLE	2	178	220	10	1.031e-05	{Q}
sp|P00904|TRPGD_ECOLI	SINGLE	3	284	319	10	1.379e-04	{S}
sp|P00904|TRPGD_ECOLI	SINGLE	4	57	122	13	2.579e-04	{G}
sp|P00904|TRPGD_ECOLI	SINGLE	5	378	400	6	4.644e-04	{P}
sp|P00904|TRPGD_ECOLI	SINGLE	6	26	501	22	5.488e-04	{H}
sp|P00904|TRPGD_ECOLI	MULTIPLE	1	56	509	173	1.668e-09	{AQGPH}
sp|P00904|TRPGD_ECOLI	WHOLE	1	1	531	66	6.780e-05	{A}
sp|P00914|PHR_ECOLI	SINGLE	1	272	437	12	7.209e-06	{W}
sp|P00914|PHR_ECOLI	SINGLE	2	78	140	13	1.324e-04	{V}
sp|P00914|PHR_ECOLI	SINGLE	3	19	67	12	2.426e-04	{A}
sp|P00914|PHR_ECOLI	SINGLE	4	211	226	5	4.085e-04	{Q}
sp|P00926|SDHD_ECOLI	SINGLE	1	279	296	8	8.226e-06	{G}
sp|P00926|SDHD_ECOLI	SINGLE	2	298	321	5	1.377e-04	{H}
sp|P00926|SDHD_ECOLI	SINGLE	3	133	150	7	6.140e-04	{L}
sp|P00926|SDHD_ECOLI	SINGLE	4	52	72	7	6.750e-04	{A}
sp|P00926|SDHD_ECOLI	WHOLE	1	1	442	46	7.694e-04	{G}
sp|P00935|METB_ECOLI	SINGLE	1	337	353	8	1.664e-05	{A}
sp|P00935|METB_ECOLI	SINGLE	2	61	333	44	9.610e-05	{L}
sp|P00935|METB_ECOLI	SINGLE	3	141	219	15	1.124e-04	{V}
sp|P00935|METB_ECOLI	SINGLE	4	256	293	7	9.131e-04	{Q}
sp|P00935|METB_ECOLI	MULTIPLE	1	56	333	72	4.102e-06	{LV}
sp|P00936|CYAA_ECOLI	SINGLE	1	3	558	80	2.074e-05	{L}
sp|P00936|CYAA_ECOLI	SINGLE	2	321	403	14	2.993e-05	{R}
sp|P00936|CYAA_ECOLI	SINGLE	3	103	127	8	2.213e-04	{S}
sp|P00936|CYAA_ECOLI	SINGLE	4	566	823	22	3.509e-04	{F}
sp|P00936|CYAA_ECOLI	SINGLE	5	532	546	5	4.135e-04	{P}
sp|P00936|CYAA_ECOLI	SINGLE	6	370	611	22	5.180e-04	{N}
sp|P00936|CYAA_ECOLI	SINGLE	7	784	799	6	5.323e-04	{S}
sp|P00936|CYAA_ECOLI	SINGLE	8	747	778	8	6.680e-04	{E}
sp|P00936|CYAA_ECOLI	SINGLE	9	346	374	4	8.043e-04	{W}
sp|P00936|CYAA_ECOLI	MULTIPLE	1	8	552	160	8.051e-08	{LRPW}
sp|P00936|CYAA_ECOLI	MULTIPLE	2	370	808	57	1.900e-04	{FN}
sp|P00936|CYAA_ECOLI	WHOLE	1	1	848	104	5.331e-04	{L}
sp|P00946|MANA_ECOLI	SINGLE	1	110	205	17	7.855e-04	{A}
sp|P00956|SYI_ECOLI	SINGLE	1	407	534	9	1.156e-04	{W}
sp|P00956|SYI_ECOLI	SINGLE	2	622	896	39	1.276e-04	{A}
sp|P00956|SYI_ECOLI	SINGLE	3	503	536	8	3.747e-04	{D}
sp|P00956|SYI_ECOLI	SINGLE	4	286	373	15	4.460e-04	{G}
sp|P00956|SYI_ECOLI	SINGLE	5	40	78	8	4.479e-04	{I}
sp|P00956|SYI_ECOLI	SINGLE	6	646	660	5	4.635e-04	{R}
sp|P00956|SYI_ECOLI	SINGLE	7	901	924	4	5.044e-04	{C}
sp|P00956|SYI_ECOLI	SINGLE	8	558	723	11	8.169e-04	{M}
sp|P00956|SYI_ECOLI	MULTIPLE	1	567	880	71	6.574e-05	{ARM}
sp|P00957|SYA_ECOLI	SINGLE	1	850	865	8	9.559e-06	{A}
sp|P00957|SYA_ECOLI	SINGLE	2	840	854	7	2.093e-05	{G}
sp|P00957|SYA_ECOLI	SINGLE	3	305	319	6	3.887e-05	{R}
sp|P00957|SYA_ECOLI	SINGLE	4	423	765	47	7.059e-05	{A}
sp|P00957|SYA_ECOLI	SINGLE	5	90	110	6	1.066e-04	{F}
sp|P00957|SYA_ECOLI	SINGLE	6	768	839	14	1.434e-04	{V}
sp|P00957|SYA_ECOLI	SINGLE	7	352	366	5	2.936e-04	{Q}
sp|P00957|SYA_ECOLI	SINGLE	8	503	545	10	3.271e-04	{G}
sp|P00957|SYA_ECOLI	SINGLE	9	741	756	5	4.085e-04	{Q}
sp|P00957|SYA_ECOLI	SINGLE	10	564	581	4	5.076e-04	{H}
sp|P00957|SYA_ECOLI	SINGLE	11	357	438	14	5.471e-04	{E}
sp|P00957|SYA_ECOLI	SINGLE	12	112	212	7	6.839e-04	{W}
sp|P00957|SYA_ECOLI	SINGLE	13	113	152	9	7.051e-04	{E}
sp|P00957|SYA_ECOLI	SINGLE	14	142	157	5	7.294e-04	{I}
sp|P00957|SYA_ECOLI	SINGLE	15	174	205	8	7.569e-04	{G}
sp|P00957|SYA_ECOLI	MULTIPLE	1	840	865	15	3.534e-07	{AG}
sp|P00957|SYA_ECOLI	MULTIPLE	2	439	729	78	4.066e-06	{AGH}
sp|P00957|SYA_ECOLI	MULTIPLE	3	112	214	41	1.131e-06	{WEIG}
sp|P00957|SYA_ECOLI	WHOLE	1	1	876	80	8.534e-04	{G}
sp|P00959|SYM_ECOLI	SINGLE	1	146	162	4	1.265e-04	{C}
sp|P00959|SYM_ECOLI	SINGLE	2	191	351	17	1.437e-04	{F}
sp|P00959|SYM_ECOLI	SINGLE	3	22	99	8	2.559e-04	{H}
sp|P00959|SYM_ECOLI	SINGLE	4	542	556	6	5.574e-04	{A}
sp|P00959|SYM_ECOLI	SINGLE	5	212	229	5	7.334e-04	{Q}
sp|P00959|SYM_ECOLI	SINGLE	6	64	82	5	9.524e-04	{Q}
sp|P00959|SYM_ECOLI	MULTIPLE	1	22	105	16	6.827e-05	{HQ}
sp|P00962|SYQ_ECOLI	SINGLE	1	131	422	28	2.441e-04	{R}
sp|P00962|SYQ_ECOLI	SINGLE	2	25	44	4	7.691e-04	{H}
sp|P00963|ASNA_ECOLI	SINGLE	1	179	272	14	4.832e-04	{D}
sp|P00963|ASNA_ECOLI	SINGLE	2	227	307	17	6.462e-04	{L}
sp|P00963|ASNA_ECOLI	MULTIPLE	1	173	307	37	5.978e-05	{DL}
sp|P00968|CARB_ECOLI	SINGLE	1	621	920	42	1.510e-06	{V}
sp|P00968|CARB_ECOLI	SINGLE	2	7	298	30	7.963e-05	{I}
sp|P00968|CARB_ECOLI	SINGLE	3	803	821	6	1.006e-04	{Q}
sp|P00968|CARB_ECOLI	SINGLE	4	747	769	7	1.612e-04	{D}
sp|P00968|CARB_ECOLI	SINGLE	5	186	219	9	2.025e-04	{E}
sp|P00968|CARB_ECOLI	SINGLE	6	118	160	11	2.901e-04	{A}
sp|P00968|CARB_ECOLI	SINGLE	7	309	327	7	3.444e-04	{A}
sp|P00968|CARB_ECOLI	SINGLE	8	1017	1031	5	4.635e-04	{R}
sp|P00968|CARB_ECOLI	SINGLE	9	163	180	6	6.921e-04	{G}
sp|P00968|CARB_ECOLI	SINGLE	10	651	705	12	7.069e-04	{A}
sp|P00968|CARB_ECOLI	MULTIPLE	1	638	894	67	3.170e-07	{VA}
sp|P00968|CARB_ECOLI	MULTIPLE	2	7	281	111	5.854e-08	{IEAG}
sp|P00968|CARB_ECOLI	WHOLE	1	1	1073	112	4.109e-04	{A}
sp|P00968|CARB_ECOLI	WHOLE	2	1	1073	94	6.840e-04	{V}
sp|P02358|RS6_ECOLI	SINGLE	1	119	135	8	4.231e-06	{E}
sp|P02358|RS6_ECOLI	SINGLE	2	79	113	7	9.843e-04	{R}
sp|P02358|RS6_ECOLI	WHOLE	1	1	135	20	3.016e-04	{E}
sp|P02359|RS7_ECOLI	SINGLE	1	70	160	14	8.163e-05	{R}
sp|P02359|RS7_ECOLI	SINGLE	2	64	94	9	9.408e-05	{V}
sp|P02359|RS7_ECOLI	SINGLE	3	98	174	16	1.914e-04	{A}
sp|P02359|RS7_ECOLI	MULTIPLE	1	69	168	40	7.382e-07	{RVA}
sp|P02359|RS7_ECOLI	WHOLE	1	1	179	19	6.390e-04	{R}
sp|P02916|MALF_ECOLI	SINGLE	1	264	441	19	5.471e-05	{F}
sp|P02916|MALF_ECOLI	SINGLE	2	282	319	10	9.574e-05	{V}
sp|P02916|MALF_ECOLI	SINGLE	3	15	33	8	1.342e-04	{L}
sp|P02916|MALF_ECOLI	SINGLE	4	349	405	7	2.055e-04	{M}
sp|P02916|MALF_ECOLI	SINGLE	5	450	485	9	3.656e-04	{G}
sp|P02916|MALF_ECOLI	SINGLE	6	289	506	35	4.376e-04	{L}
sp|P02916|MALF_ECOLI	SINGLE	7	29	69	7	6.587e-04	{Y}
sp|P02916|MALF_ECOLI	SINGLE	8	487	502	6	8.219e-04	{A}
sp|P02916|MALF_ECOLI	MULTIPLE	1	277	502	87	8.922e-08	{FMLA}
sp|P02916|MALF_ECOLI	MULTIPLE	2	20	69	18	2.285e-05	{LY}
sp|P02916|MALF_ECOLI	WHOLE	1	1	514	68	5.989e-04	{L}
sp|P02918|PBPA_ECOLI	SINGLE	1	693	769	17	7.394e-06	{G}
sp|P02918|PBPA_ECOLI	SINGLE	2	237	668	37	4.383e-05	{Q}
sp|P02918|PBPA_ECOLI	SINGLE	3	104	581	59	1.686e-04	{A}
sp|P02918|PBPA_ECOLI	SINGLE	4	163	316	16	1.769e-04	{Y}
sp|P02918|PBPA_ECOLI	SINGLE	5	783	797	5	4.135e-04	{P}
sp|P02918|PBPA_ECOLI	MULTIPLE	1	104	671	110	2.750e-07	{QA}
sp|P02918|PBPA_ECOLI	WHOLE	1	1	850	58	2.288e-04	{Q}
sp|P02919|PBPB_ECOLI	SINGLE	1	791	827	17	4.338e-14	{Q}
sp|P02919|PBPB_ECOLI	SINGLE	2	28	42	9	1.803e-08	{D}
sp|P02919|PBPB_ECOLI	SINGLE	3	6	571	52	4.109e-06	{R}
sp|P02919|PBPB_ECOLI	SINGLE	4	381	423	10	1.031e-05	{Q}
sp|P02919|PBPB_ECOLI	SINGLE	5	48	62	6	1.570e-04	{K}
sp|P02919|PBPB_ECOLI	SINGLE	6	446	667	33	1.638e-04	{A}
sp|P02919|PBPB_ECOLI	SINGLE	7	50	64	6	2.293e-04	{G}
sp|P02919|PBPB_ECOLI	SINGLE	8	699	721	7	3.101e-04	{T}
sp|P02919|PBPB_ECOLI	SINGLE	9	752	822	11	3.349e-04	{P}
sp|P02919|PBPB_ECOLI	SINGLE	10	224	399	30	3.949e-04	{L}
sp|P02919|PBPB_ECOLI	MULTIPLE	1	132	426	87	1.008e-06	{RQL}
sp|P02919|PBPB_ECOLI	MULTIPLE	2	48	64	12	6.088e-08	{KG}
sp|P02919|PBPB_ECOLI	WHOLE	1	1	844	63	1.310e-05	{Q}
sp|P02919|PBPB_ECOLI	WHOLE	2	1	844	60	6.872e-04	{R}
sp|P02920|LACY_ECOLI	SINGLE	1	9	398	56	6.630e-17	{F}
sp|P02920|LACY_ECOLI	SINGLE	2	54	77	10	2.206e-05	{L}
sp|P02920|LACY_ECOLI	SINGLE	3	22	112	14	1.091e-04	{I}
sp|P02920|LACY_ECOLI	SINGLE	4	177	213	10	3.371e-04	{A}
sp|P02920|LACY_ECOLI	SINGLE	5	275	304	7	4.505e-04	{I}
sp|P02920|LACY_ECOLI	MULTIPLE	1	9	398	89	6.143e-17	{FI}
sp|P02920|LACY_ECOLI	WHOLE	1	1	417	56	1.270e-15	{F}
sp|P02921|MELB_ECOLI	SINGLE	1	281	400	21	2.083e-05	{V}
sp|P02921|MELB_ECOLI	SINGLE	2	150	190	9	2.088e-05	{F}
sp|P02921|MELB_ECOLI	SINGLE	3	256	274	6	4.727e-05	{Y}
sp|P02921|MELB_ECOLI	SINGLE	4	53	445	37	8.187e-05	{I}
sp|P02921|MELB_ECOLI	SINGLE	5	218	344	25	1.333e-04	{L}
sp|P02921|MELB_ECOLI	SINGLE	6	11	33	6	1.508e-04	{Y}
sp|P02921|MELB_ECOLI	SINGLE	7	156	178	7	4.607e-04	{G}
sp|P02921|MELB_ECOLI	SINGLE	8	54	79	4	5.295e-04	{W}
sp|P02921|MELB_ECOLI	MULTIPLE	1	36	448	146	2.901e-10	{VILW}
sp|P02921|MELB_ECOLI	MULTIPLE	2	150	190	16	1.477e-06	{FG}
sp|P02921|MELB_ECOLI	WHOLE	1	1	473	51	1.365e-04	{V}
sp|P02921|MELB_ECOLI	WHOLE	2	1	473	41	1.932e-04	{I}
sp|P02921|MELB_ECOLI	WHOLE	3	1	473	34	2.968e-04	{F}
sp|P02925|RBSB_ECOLI	SINGLE	1	7	273	43	3.296e-06	{A}
sp|P02925|RBSB_ECOLI	SINGLE	2	133	169	9	4.511e-04	{G}
sp|P02925|RBSB_ECOLI	SINGLE	3	37	107	10	6.956e-04	{N}
sp|P02925|RBSB_ECOLI	SINGLE	4	10	294	32	9.284e-04	{V}
sp|P02925|RBSB_ECOLI	MULTIPLE	1	7	294	100	2.457e-08	{AGV}
sp|P02925|RBSB_ECOLI	WHOLE	1	1	296	44	1.841e-05	{A}
sp|P02929|TONB_ECOLI	SINGLE	1	39	130	29	8.973e-17	{P}
sp|P02929|TONB_ECOLI	SINGLE	2	91	105	8	8.760e-07	{K}
sp|P02929|TONB_ECOLI	SINGLE	3	66	90	8	1.099e-04	{E}
sp|P02929|TONB_ECOLI	SINGLE	4	17	117	16	5.275e-04	{V}
sp|P02929|TONB_ECOLI	SINGLE	5	122	169	11	7.579e-04	{A}
sp|P02929|TONB_ECOLI	MULTIPLE	1	63	111	38	4.441e-20	{PKE}
sp|P02929|TONB_ECOLI	WHOLE	1	1	239	40	2.295e-12	{P}
sp|P02930|TOLC_ECOLI	SINGLE	1	21	477	44	5.627e-07	{Q}
sp|P02930|TOLC_ECOLI	SINGLE	2	74	493	40	1.967e-06	{N}
sp|P02930|TOLC_ECOLI	SINGLE	3	275	376	20	2.592e-05	{S}
sp|P02930|TOLC_ECOLI	SINGLE	4	43	480	55	1.768e-04	{A}
sp|P02930|TOLC_ECOLI	SINGLE	5	444	473	7	3.283e-04	{P}
sp|P02930|TOLC_ECOLI	MULTIPLE	1	21	493	144	2.264e-14	{QNA}
sp|P02930|TOLC_ECOLI	WHOLE	1	1	493	44	3.743e-06	{Q}
sp|P02930|TOLC_ECOLI	WHOLE	2	1	493	43	7.267e-06	{N}
sp|P02930|TOLC_ECOLI	WHOLE	3	1	493	57	8.626e-04	{A}
sp|P02931|OMPF_ECOLI	SINGLE	1	30	230	38	3.474e-09	{G}
sp|P02931|OMPF_ECOLI	SINGLE	2	26	335	28	1.442e-05	{Y}
sp|P02931|OMPF_ECOLI	SINGLE	3	21	344	31	2.141e-05	{N}
sp|P02931|OMPF_ECOLI	MULTIPLE	1	26	338	102	1.005e-15	{GYN}
sp|P02931|OMPF_ECOLI	WHOLE	1	1	362	49	1.104e-06	{G}
sp|P02931|OMPF_ECOLI	WHOLE	2	1	362	32	6.824e-05	{N}
sp|P02931|OMPF_ECOLI	WHOLE	3	1	362	29	8.162e-05	{Y}
sp|P02942|MCP1_ECOLI	SINGLE	1	274	542	52	9.090e-10	{A}
sp|P02942|MCP1_ECOLI	SINGLE	2	11	28	8	8.554e-05	{L}
sp|P02942|MCP1_ECOLI	SINGLE	3	361	377	6	1.019e-04	{I}
sp|P02942|MCP1_ECOLI	SINGLE	4	44	521	38	1.474e-04	{Q}
sp|P02942|MCP1_ECOLI	SINGLE	5	196	210	6	2.045e-04	{V}
sp|P02942|MCP1_ECOLI	SINGLE	6	343	541	26	3.164e-04	{V}
sp|P02942|MCP1_ECOLI	MULTIPLE	1	42	542	157	3.571e-12	{AQV}
sp|P02942|MCP1_ECOLI	MULTIPLE	2	343	531	39	9.766e-05	{IV}
sp|P02942|MCP1_ECOLI	WHOLE	1	1	551	78	1.825e-07	{A}
sp|P02942|MCP1_ECOLI	WHOLE	2	1	551	39	9.564e-04	{Q}
sp|P02943|LAMB_ECOLI	SINGLE	1	309	446	12	1.100e-06	{W}
sp|P02943|LAMB_ECOLI	SINGLE	2	294	349	8	2.516e-05	{M}
sp|P02943|LAMB_ECOLI	SINGLE	3	183	424	25	3.609e-05	{N}
sp|P02943|LAMB_ECOLI	SINGLE	4	30	439	48	5.294e-05	{G}
sp|P02943|LAMB_ECOLI	SINGLE	5	11	25	7	6.097e-05	{A}
sp|P02943|LAMB_ECOLI	SINGLE	6	165	182	7	1.415e-04	{S}
sp|P02943|LAMB_ECOLI	MULTIPLE	1	30	446	110	1.554e-10	{WMNG}
sp|P02943|LAMB_ECOLI	WHOLE	1	1	446	19	3.895e-05	{W}
sp|P02943|LAMB_ECOLI	WHOLE	2	1	446	49	1.868e-04	{G}
sp|P03004|DNAA_ECOLI	SINGLE	1	89	110	8	1.455e-04	{A}
sp|P03004|DNAA_ECOLI	SINGLE	2	162	188	8	2.251e-04	{G}
sp|P03004|DNAA_ECOLI	SINGLE	3	270	407	17	2.329e-04	{R}
sp|P03004|DNAA_ECOLI	SINGLE	4	239	254	5	2.574e-04	{F}
sp|P03004|DNAA_ECOLI	SINGLE	5	85	107	6	3.135e-04	{Q}
sp|P03004|DNAA_ECOLI	SINGLE	6	36	348	26	6.599e-04	{N}
sp|P03004|DNAA_ECOLI	SINGLE	7	72	126	9	7.443e-04	{P}
sp|P03004|DNAA_ECOLI	MULTIPLE	1	87	111	17	1.742e-08	{AQP}
sp|P03004|DNAA_ECOLI	MULTIPLE	2	36	407	57	3.642e-05	{RN}
sp|P03007|DPO3E_ECOLI	SINGLE	1	194	208	6	2.215e-05	{Q}
sp|P03018|UVRD_ECOLI	SINGLE	1	15	677	58	5.385e-06	{R}
sp|P03018|UVRD_ECOLI	SINGLE	2	495	643	25	8.239e-06	{E}
sp|P03018|UVRD_ECOLI	SINGLE	3	76	583	40	1.262e-04	{Q}
sp|P03018|UVRD_ECOLI	SINGLE	4	282	301	6	1.341e-04	{N}
sp|P03018|UVRD_ECOLI	SINGLE	5	88	102	4	2.419e-04	{H}
sp|P03018|UVRD_ECOLI	SINGLE	6	449	473	8	3.852e-04	{A}
sp|P03018|UVRD_ECOLI	MULTIPLE	1	69	647	143	4.762e-09	{REQ}
sp|P03018|UVRD_ECOLI	WHOLE	1	1	720	60	1.515e-05	{R}
sp|P03023|LACI_ECOLI	SINGLE	1	27	145	23	3.183e-05	{A}
sp|P03023|LACI_ECOLI	SINGLE	2	223	254	6	5.484e-05	{M}
sp|P03023|LACI_ECOLI	SINGLE	3	4	119	18	3.275e-04	{V}
sp|P03023|LACI_ECOLI	SINGLE	4	291	317	6	7.702e-04	{Q}
sp|P03023|LACI_ECOLI	MULTIPLE	1	9	145	44	6.923e-08	{AV}
sp|P03819|KEFC_ECOLI	SINGLE	1	6	381	75	9.374e-11	{L}
sp|P03819|KEFC_ECOLI	SINGLE	2	115	260	26	4.332e-05	{A}
sp|P03819|KEFC_ECOLI	SINGLE	3	382	398	7	4.869e-05	{E}
sp|P03819|KEFC_ECOLI	SINGLE	4	94	178	9	8.587e-05	{M}
sp|P03819|KEFC_ECOLI	SINGLE	5	496	549	10	1.755e-04	{R}
sp|P03819|KEFC_ECOLI	SINGLE	6	209	343	15	1.961e-04	{F}
sp|P03819|KEFC_ECOLI	SINGLE	7	296	314	6	2.019e-04	{I}
sp|P03819|KEFC_ECOLI	SINGLE	8	7	70	11	2.133e-04	{I}
sp|P03819|KEFC_ECOLI	SINGLE	9	512	615	17	2.618e-04	{E}
sp|P03819|KEFC_ECOLI	SINGLE	10	345	370	8	5.129e-04	{A}
sp|P03819|KEFC_ECOLI	SINGLE	11	188	227	9	6.977e-04	{V}
sp|P03819|KEFC_ECOLI	SINGLE	12	27	109	14	7.376e-04	{G}
sp|P03819|KEFC_ECOLI	MULTIPLE	1	6	378	255	1.968e-26	{LAMFIVG}
sp|P03819|KEFC_ECOLI	MULTIPLE	2	496	615	31	4.955e-06	{RE}
sp|P03819|KEFC_ECOLI	WHOLE	1	1	620	95	3.318e-07	{L}
sp|P03819|KEFC_ECOLI	WHOLE	2	1	620	70	5.401e-04	{A}
sp|P03819|KEFC_ECOLI	WHOLE	3	1	620	26	7.732e-04	{M}
sp|P03959|KDPA_ECOLI	SINGLE	1	216	445	20	1.729e-07	{M}
sp|P03959|KDPA_ECOLI	SINGLE	2	7	103	26	3.388e-07	{L}
sp|P03959|KDPA_ECOLI	SINGLE	3	209	550	41	1.000e-04	{G}
sp|P03959|KDPA_ECOLI	SINGLE	4	289	303	6	2.045e-04	{V}
sp|P03959|KDPA_ECOLI	SINGLE	5	191	212	6	2.422e-04	{Q}
sp|P03959|KDPA_ECOLI	SINGLE	6	235	270	7	3.668e-04	{F}
sp|P03959|KDPA_ECOLI	SINGLE	7	418	515	18	3.748e-04	{A}
sp|P03959|KDPA_ECOLI	MULTIPLE	1	269	518	106	7.419e-12	{MGVA}
sp|P03959|KDPA_ECOLI	WHOLE	1	1	557	84	2.528e-06	{L}
sp|P03959|KDPA_ECOLI	WHOLE	2	1	557	29	1.332e-05	{M}
sp|P03959|KDPA_ECOLI	WHOLE	3	1	557	56	5.581e-04	{G}
sp|P03960|KDPB_ECOLI	SINGLE	1	52	648	90	1.287e-09	{A}
sp|P03960|KDPB_ECOLI	SINGLE	2	38	672	53	7.609e-05	{I}
sp|P03960|KDPB_ECOLI	SINGLE	3	416	442	8	1.953e-04	{V}
sp|P03960|KDPB_ECOLI	SINGLE	4	602	681	18	1.997e-04	{L}
sp|P03960|KDPB_ECOLI	SINGLE	5	221	271	13	4.115e-04	{L}
sp|P03960|KDPB_ECOLI	SINGLE	6	350	403	9	7.753e-04	{R}
sp|P03960|KDPB_ECOLI	MULTIPLE	1	35	672	197	8.099e-13	{AIV}
sp|P03960|KDPB_ECOLI	WHOLE	1	1	682	94	4.372e-08	{A}
sp|P03960|KDPB_ECOLI	WHOLE	2	1	682	53	3.710e-04	{I}
sp|P03961|KDPC_ECOLI	SINGLE	1	99	147	15	2.550e-06	{A}
sp|P03961|KDPC_ECOLI	SINGLE	2	19	84	12	8.742e-04	{G}
sp|P04036|DAPB_ECOLI	SINGLE	1	4	251	40	6.590e-06	{A}
sp|P04036|DAPB_ECOLI	SINGLE	2	12	59	12	4.253e-05	{G}
sp|P04036|DAPB_ECOLI	SINGLE	3	64	78	5	9.005e-04	{D}
sp|P04036|DAPB_ECOLI	MULTIPLE	1	9	251	69	9.564e-09	{AG}
sp|P04036|DAPB_ECOLI	WHOLE	1	1	273	40	5.501e-05	{A}
sp|P04036|DAPB_ECOLI	WHOLE	2	1	273	32	6.671e-04	{G}
sp|P04079|GUAA_ECOLI	SINGLE	1	75	511	49	7.548e-05	{V}
sp|P04079|GUAA_ECOLI	WHOLE	1	1	525	53	4.499e-04	{V}
sp|P04152|UMUC_ECOLI	SINGLE	1	63	286	25	5.341e-05	{R}
sp|P04152|UMUC_ECOLI	SINGLE	2	387	401	5	2.936e-04	{Q}
sp|P04152|UMUC_ECOLI	WHOLE	1	1	422	36	3.436e-04	{R}
sp|P04391|OTC1_ECOLI	SINGLE	1	29	46	7	5.431e-05	{K}
sp|P04391|OTC1_ECOLI	SINGLE	2	10	30	8	2.978e-04	{L}
sp|P04391|OTC1_ECOLI	SINGLE	3	176	206	9	3.743e-04	{A}
sp|P04391|OTC1_ECOLI	MULTIPLE	1	7	46	18	6.670e-06	{KL}
sp|P04395|3MG2_ECOLI	SINGLE	1	20	189	32	2.117e-06	{A}
sp|P04395|3MG2_ECOLI	SINGLE	2	260	277	4	1.222e-04	{W}
sp|P04395|3MG2_ECOLI	WHOLE	1	1	282	40	1.070e-04	{A}
sp|P04425|GSHB_ECOLI	SINGLE	1	228	242	6	2.293e-04	{G}
sp|P04425|GSHB_ECOLI	SINGLE	2	254	309	10	2.951e-04	{I}
sp|P04425|GSHB_ECOLI	SINGLE	3	2	16	5	5.275e-04	{I}
sp|P04693|TYRB_ECOLI	SINGLE	1	48	395	49	2.701e-05	{A}
sp|P04693|TYRB_ECOLI	WHOLE	1	1	397	51	1.703e-04	{A}
sp|P04805|SYE_ECOLI	SINGLE	1	118	132	4	2.419e-04	{H}
sp|P04805|SYE_ECOLI	SINGLE	2	369	414	11	5.269e-04	{A}
sp|P04805|SYE_ECOLI	SINGLE	3	36	166	19	5.299e-04	{E}
sp|P04825|AMPN_ECOLI	SINGLE	1	567	730	31	2.741e-06	{A}
sp|P04825|AMPN_ECOLI	SINGLE	2	12	30	6	3.810e-04	{D}
sp|P04825|AMPN_ECOLI	SINGLE	3	532	869	49	4.532e-04	{L}
sp|P04825|AMPN_ECOLI	SINGLE	4	401	587	18	8.484e-04	{Q}
sp|P04825|AMPN_ECOLI	MULTIPLE	1	531	870	97	5.031e-08	{AL}
sp|P04968|ILVA_ECOLI	SINGLE	1	66	317	42	1.793e-06	{A}
sp|P04968|ILVA_ECOLI	SINGLE	2	260	280	6	6.796e-04	{D}
sp|P04968|ILVA_ECOLI	WHOLE	1	1	514	60	5.509e-04	{A}
sp|P04982|RBSD_ECOLI	SINGLE	1	75	94	5	5.484e-05	{H}
sp|P04982|RBSD_ECOLI	SINGLE	2	90	117	7	1.334e-04	{Q}
sp|P04982|RBSD_ECOLI	MULTIPLE	1	75	117	14	2.732e-07	{HQ}
sp|P04983|RBSA_ECOLI	SINGLE	1	81	100	6	2.742e-04	{I}
sp|P04983|RBSA_ECOLI	SINGLE	2	265	344	14	5.171e-04	{G}
sp|P04983|RBSA_ECOLI	SINGLE	3	9	82	13	7.630e-04	{G}
sp|P04993|RECD_ECOLI	SINGLE	1	196	607	42	2.660e-06	{R}
sp|P04993|RECD_ECOLI	SINGLE	2	24	452	58	1.877e-05	{A}
sp|P04993|RECD_ECOLI	SINGLE	3	3	444	65	5.361e-05	{L}
sp|P04993|RECD_ECOLI	MULTIPLE	1	7	603	201	9.093e-12	{RAL}
sp|P04993|RECD_ECOLI	WHOLE	1	1	608	51	4.707e-05	{R}
sp|P04993|RECD_ECOLI	WHOLE	2	1	608	74	5.189e-05	{A}
sp|P04993|RECD_ECOLI	WHOLE	3	1	608	78	6.411e-04	{L}
sp|P04994|EX7L_ECOLI	SINGLE	1	267	366	25	7.158e-13	{Q}
sp|P04994|EX7L_ECOLI	SINGLE	2	265	385	21	2.427e-07	{R}
sp|P04994|EX7L_ECOLI	SINGLE	3	75	130	11	2.038e-05	{Q}
sp|P04994|EX7L_ECOLI	SINGLE	4	418	454	9	2.742e-04	{K}
sp|P04994|EX7L_ECOLI	SINGLE	5	59	73	5	4.635e-04	{R}
sp|P04994|EX7L_ECOLI	MULTIPLE	1	265	385	47	1.051e-18	{QR}
sp|P04994|EX7L_ECOLI	WHOLE	1	1	456	47	3.520e-08	{Q}
sp|P04994|EX7L_ECOLI	WHOLE	2	1	456	42	2.710e-05	{R}
sp|P04995|EX1_ECOLI	SINGLE	1	424	453	7	2.099e-04	{Q}
sp|P04995|EX1_ECOLI	SINGLE	2	72	86	6	5.574e-04	{A}
sp|P05020|PYRC_ECOLI	SINGLE	1	140	258	9	9.515e-04	{H}
sp|P05041|PABB_ECOLI	SINGLE	1	56	76	8	1.933e-05	{T}
sp|P05041|PABB_ECOLI	SINGLE	2	170	235	12	1.959e-05	{Q}
sp|P05041|PABB_ECOLI	SINGLE	3	317	341	8	1.088e-04	{V}
sp|P05042|FUMC_ECOLI	SINGLE	1	47	299	38	4.899e-05	{A}
sp|P05042|FUMC_ECOLI	SINGLE	2	421	441	8	1.005e-04	{A}
sp|P05042|FUMC_ECOLI	SINGLE	3	343	413	10	6.956e-04	{N}
sp|P05042|FUMC_ECOLI	WHOLE	1	1	467	57	2.721e-04	{A}
sp|P05050|ALKB_ECOLI	SINGLE	1	80	151	11	3.766e-04	{P}
sp|P05050|ALKB_ECOLI	SINGLE	2	6	30	8	3.852e-04	{A}
sp|P05055|PNP_ECOLI	SINGLE	1	502	654	25	1.087e-07	{I}
sp|P05055|PNP_ECOLI	SINGLE	2	31	679	68	3.603e-05	{V}
sp|P05055|PNP_ECOLI	SINGLE	3	312	647	41	6.963e-05	{G}
sp|P05055|PNP_ECOLI	SINGLE	4	692	707	7	9.989e-05	{A}
sp|P05055|PNP_ECOLI	SINGLE	5	241	257	7	1.565e-04	{A}
sp|P05055|PNP_ECOLI	SINGLE	6	66	100	8	1.733e-04	{R}
sp|P05055|PNP_ECOLI	SINGLE	7	429	447	7	2.079e-04	{S}
sp|P05055|PNP_ECOLI	SINGLE	8	169	320	22	2.217e-04	{E}
sp|P05055|PNP_ECOLI	SINGLE	9	21	35	4	2.419e-04	{M}
sp|P05055|PNP_ECOLI	SINGLE	10	306	409	14	3.212e-04	{R}
sp|P05055|PNP_ECOLI	SINGLE	11	441	465	8	3.852e-04	{A}
sp|P05055|PNP_ECOLI	SINGLE	12	194	217	6	3.999e-04	{Q}
sp|P05055|PNP_ECOLI	SINGLE	13	473	492	6	5.140e-04	{D}
sp|P05055|PNP_ECOLI	SINGLE	14	581	620	9	7.051e-04	{E}
sp|P05055|PNP_ECOLI	MULTIPLE	1	306	660	182	2.583e-09	{IGRADE}
sp|P05055|PNP_ECOLI	MULTIPLE	2	16	686	253	6.337e-09	{VAREM}
sp|P05055|PNP_ECOLI	WHOLE	1	1	711	70	1.582e-04	{V}
sp|P05194|AROD_ECOLI	SINGLE	1	15	233	33	1.287e-04	{A}
sp|P05194|AROD_ECOLI	SINGLE	2	132	146	4	2.419e-04	{H}
sp|P05194|AROD_ECOLI	WHOLE	1	1	252	34	6.947e-04	{A}
sp|P05458|PTRA_ECOLI	SINGLE	1	582	952	36	4.345e-06	{Q}
sp|P05458|PTRA_ECOLI	SINGLE	2	63	873	91	1.453e-04	{A}
sp|P05458|PTRA_ECOLI	SINGLE	3	54	74	7	2.204e-04	{V}
sp|P05458|PTRA_ECOLI	SINGLE	4	556	607	9	2.840e-04	{N}
sp|P05458|PTRA_ECOLI	SINGLE	5	385	438	10	5.452e-04	{D}
sp|P05458|PTRA_ECOLI	SINGLE	6	644	663	4	7.691e-04	{M}
sp|P05458|PTRA_ECOLI	MULTIPLE	1	582	957	51	3.906e-07	{QM}
sp|P05458|PTRA_ECOLI	MULTIPLE	2	135	760	153	4.950e-06	{AND}
sp|P05458|PTRA_ECOLI	WHOLE	1	1	962	102	4.109e-04	{A}
sp|P05523|FPG_ECOLI	SINGLE	1	146	162	6	3.418e-04	{K}
sp|P05523|FPG_ECOLI	SINGLE	2	44	221	30	4.717e-04	{L}
sp|P05523|FPG_ECOLI	SINGLE	3	244	267	4	5.044e-04	{C}
sp|P05637|APAH_ECOLI	SINGLE	1	16	108	22	2.040e-05	{L}
sp|P05637|APAH_ECOLI	SINGLE	2	200	216	6	7.586e-05	{P}
sp|P05704|MCP3_ECOLI	SINGLE	1	33	544	80	1.913e-09	{A}
sp|P05704|MCP3_ECOLI	SINGLE	2	15	485	41	1.820e-04	{I}
sp|P05704|MCP3_ECOLI	SINGLE	3	77	273	13	3.136e-04	{M}
sp|P05704|MCP3_ECOLI	SINGLE	4	98	494	32	3.416e-04	{Q}
sp|P05704|MCP3_ECOLI	SINGLE	5	48	287	24	3.458e-04	{R}
sp|P05704|MCP3_ECOLI	SINGLE	6	290	508	29	6.150e-04	{S}
sp|P05704|MCP3_ECOLI	MULTIPLE	1	33	508	238	8.857e-18	{AIMQRS}
sp|P05704|MCP3_ECOLI	WHOLE	1	1	546	81	1.545e-08	{A}
sp|P05791|ILVD_ECOLI	SINGLE	1	420	544	24	1.643e-06	{G}
sp|P05791|ILVD_ECOLI	SINGLE	2	563	607	12	1.048e-04	{A}
sp|P05791|ILVD_ECOLI	SINGLE	3	189	206	4	1.600e-04	{C}
sp|P05791|ILVD_ECOLI	SINGLE	4	538	556	6	2.019e-04	{I}
sp|P05791|ILVD_ECOLI	SINGLE	5	85	204	10	2.488e-04	{M}
sp|P05791|ILVD_ECOLI	SINGLE	6	462	477	6	3.059e-04	{V}
sp|P05791|ILVD_ECOLI	SINGLE	7	254	292	10	5.227e-04	{A}
sp|P05791|ILVD_ECOLI	SINGLE	8	389	403	5	9.005e-04	{D}
sp|P05791|ILVD_ECOLI	MULTIPLE	1	420	556	37	3.851e-07	{GI}
sp|P05791|ILVD_ECOLI	MULTIPLE	2	85	206	17	2.952e-06	{CM}
sp|P05791|ILVD_ECOLI	WHOLE	1	1	616	63	2.008e-04	{G}
sp|P05791|ILVD_ECOLI	WHOLE	2	1	616	70	4.616e-04	{A}
sp|P05793|ILVC_ECOLI	SINGLE	1	189	203	7	6.097e-05	{A}
sp|P05793|ILVC_ECOLI	SINGLE	2	273	317	6	3.701e-04	{M}
sp|P05793|ILVC_ECOLI	SINGLE	3	332	393	12	4.266e-04	{E}
sp|P05793|ILVC_ECOLI	SINGLE	4	18	269	30	7.409e-04	{G}
sp|P05804|BGLR_ECOLI	SINGLE	1	67	276	31	1.060e-05	{V}
sp|P05824|RECN_ECOLI	SINGLE	1	116	377	38	6.789e-11	{Q}
sp|P05824|RECN_ECOLI	SINGLE	2	42	386	57	6.080e-06	{L}
sp|P05824|RECN_ECOLI	SINGLE	3	128	176	7	7.964e-05	{H}
sp|P05824|RECN_ECOLI	SINGLE	4	315	403	9	1.212e-04	{H}
sp|P05824|RECN_ECOLI	SINGLE	5	33	76	11	3.565e-04	{A}
sp|P05824|RECN_ECOLI	SINGLE	6	196	213	6	6.250e-04	{E}
sp|P05824|RECN_ECOLI	MULTIPLE	1	114	378	124	6.596e-19	{QLHE}
sp|P05824|RECN_ECOLI	MULTIPLE	2	49	78	13	2.510e-05	{AR}
sp|P05824|RECN_ECOLI	WHOLE	1	1	553	50	6.479e-07	{Q}
sp|P05824|RECN_ECOLI	WHOLE	2	1	553	76	1.202e-04	{L}
sp|P05825|FEPA_ECOLI	SINGLE	1	76	735	74	4.107e-06	{G}
sp|P05825|FEPA_ECOLI	SINGLE	2	78	743	54	4.884e-06	{N}
sp|P05825|FEPA_ECOLI	SINGLE	3	59	154	14	1.430e-04	{R}
sp|P05825|FEPA_ECOLI	SINGLE	4	286	449	22	3.316e-04	{T}
sp|P05825|FEPA_ECOLI	SINGLE	5	563	600	9	4.757e-04	{V}
sp|P05825|FEPA_ECOLI	SINGLE	6	599	648	10	6.665e-04	{T}
sp|P05825|FEPA_ECOLI	SINGLE	7	488	517	6	6.779e-04	{Y}
sp|P05825|FEPA_ECOLI	SINGLE	8	358	378	6	6.796e-04	{D}
sp|P05825|FEPA_ECOLI	MULTIPLE	1	73	739	217	8.405e-13	{GNTY}
sp|P05825|FEPA_ECOLI	WHOLE	1	1	746	58	7.846e-06	{N}
sp|P05825|FEPA_ECOLI	WHOLE	2	1	746	77	3.920e-05	{G}
sp|P05825|FEPA_ECOLI	WHOLE	3	1	746	66	9.330e-04	{T}
sp|P05852|TSAD_ECOLI	SINGLE	1	61	337	41	3.661e-05	{A}
sp|P05852|TSAD_ECOLI	SINGLE	2	194	328	16	5.152e-04	{R}
sp|P05852|TSAD_ECOLI	SINGLE	3	81	213	19	7.840e-04	{G}
sp|P05852|TSAD_ECOLI	MULTIPLE	1	61	337	87	4.897e-07	{ARG}
sp|P05852|TSAD_ECOLI	WHOLE	1	1	337	45	1.659e-04	{A}
sp|P06129|BTUB_ECOLI	SINGLE	1	169	612	47	2.402e-10	{Y}
sp|P06129|BTUB_ECOLI	SINGLE	2	71	455	52	5.863e-07	{G}
sp|P06129|BTUB_ECOLI	SINGLE	3	459	550	14	3.925e-04	{D}
sp|P06129|BTUB_ECOLI	MULTIPLE	1	138	568	131	3.343e-14	{YGD}
sp|P06129|BTUB_ECOLI	WHOLE	1	1	614	49	6.124e-07	{Y}
sp|P06129|BTUB_ECOLI	WHOLE	2	1	614	63	1.830e-04	{G}
sp|P06134|ADA_ECOLI	SINGLE	1	18	316	46	5.275e-06	{A}
sp|P06134|ADA_ECOLI	SINGLE	2	12	354	33	7.550e-05	{R}
sp|P06134|ADA_ECOLI	SINGLE	3	227	292	11	9.442e-05	{Q}
sp|P06134|ADA_ECOLI	MULTIPLE	1	18	349	99	2.774e-09	{ARQ}
sp|P06134|ADA_ECOLI	WHOLE	1	1	354	49	4.082e-05	{A}
sp|P06134|ADA_ECOLI	WHOLE	2	1	354	33	1.314e-04	{R}
sp|P06136|FTSQ_ECOLI	SINGLE	1	262	276	7	1.289e-06	{Q}
sp|P06136|FTSQ_ECOLI	SINGLE	2	25	62	11	3.551e-04	{L}
sp|P06136|FTSQ_ECOLI	SINGLE	3	90	114	6	5.033e-04	{Q}
sp|P06136|FTSQ_ECOLI	WHOLE	1	1	276	25	2.706e-04	{Q}
sp|P06149|DLD_ECOLI	SINGLE	1	207	248	13	2.357e-07	{D}
sp|P06149|DLD_ECOLI	SINGLE	2	218	533	20	1.891e-05	{H}
sp|P06149|DLD_ECOLI	SINGLE	3	339	373	8	4.379e-05	{F}
sp|P06149|DLD_ECOLI	SINGLE	4	430	446	7	1.565e-04	{A}
sp|P06149|DLD_ECOLI	MULTIPLE	1	218	544	42	2.787e-06	{HF}
sp|P06609|BTUC_ECOLI	SINGLE	1	16	322	67	1.620e-11	{L}
sp|P06609|BTUC_ECOLI	SINGLE	2	280	301	10	2.130e-06	{A}
sp|P06609|BTUC_ECOLI	SINGLE	3	162	241	8	2.391e-05	{W}
sp|P06609|BTUC_ECOLI	SINGLE	4	176	213	6	1.464e-04	{M}
sp|P06609|BTUC_ECOLI	SINGLE	5	62	163	19	2.244e-04	{A}
sp|P06609|BTUC_ECOLI	SINGLE	6	89	110	7	3.432e-04	{G}
sp|P06609|BTUC_ECOLI	MULTIPLE	1	15	325	166	2.314e-22	{LAWMG}
sp|P06609|BTUC_ECOLI	WHOLE	1	1	326	69	3.452e-11	{L}
sp|P06609|BTUC_ECOLI	WHOLE	2	1	326	43	2.818e-04	{A}
sp|P06609|BTUC_ECOLI	WHOLE	3	1	326	14	3.251e-04	{W}
sp|P06612|TOP1_ECOLI	SINGLE	1	599	736	12	2.246e-06	{C}
sp|P06612|TOP1_ECOLI	SINGLE	2	114	833	59	2.735e-05	{R}
sp|P06612|TOP1_ECOLI	SINGLE	3	748	762	6	3.376e-05	{P}
sp|P06612|TOP1_ECOLI	SINGLE	4	45	61	7	3.538e-05	{K}
sp|P06612|TOP1_ECOLI	SINGLE	5	479	809	38	2.594e-04	{E}
sp|P06612|TOP1_ECOLI	SINGLE	6	206	221	6	3.084e-04	{E}
sp|P06612|TOP1_ECOLI	SINGLE	7	305	320	4	3.155e-04	{M}
sp|P06612|TOP1_ECOLI	SINGLE	8	174	205	8	6.615e-04	{V}
sp|P06612|TOP1_ECOLI	MULTIPLE	1	513	764	44	7.037e-07	{CE}
sp|P06612|TOP1_ECOLI	MULTIPLE	2	114	833	145	1.876e-07	{REM}
sp|P06612|TOP1_ECOLI	WHOLE	1	1	865	62	4.842e-04	{R}
sp|P06616|ERA_ECOLI	SINGLE	1	3	259	26	2.670e-04	{I}
sp|P06616|ERA_ECOLI	SINGLE	2	89	129	9	8.358e-04	{V}
sp|P06709|BIRA_ECOLI	SINGLE	1	272	314	9	1.739e-04	{I}
sp|P06709|BIRA_ECOLI	SINGLE	2	17	312	35	3.539e-04	{G}
sp|P06709|BIRA_ECOLI	MULTIPLE	1	11	314	62	3.377e-06	{IG}
sp|P06710|DPO3X_ECOLI	SINGLE	1	361	406	15	1.273e-09	{P}
sp|P06710|DPO3X_ECOLI	SINGLE	2	197	525	59	1.436e-09	{A}
sp|P06710|DPO3X_ECOLI	SINGLE	3	388	423	10	1.863e-06	{Q}
sp|P06710|DPO3X_ECOLI	SINGLE	4	124	357	41	2.633e-05	{L}
sp|P06710|DPO3X_ECOLI	SINGLE	5	64	79	4	9.828e-05	{C}
sp|P06710|DPO3X_ECOLI	SINGLE	6	129	198	8	1.227e-04	{H}
sp|P06710|DPO3X_ECOLI	SINGLE	7	468	512	10	2.780e-04	{K}
sp|P06710|DPO3X_ECOLI	SINGLE	8	240	384	11	2.794e-04	{M}
sp|P06710|DPO3X_ECOLI	MULTIPLE	1	138	535	190	7.754e-17	{PAQLM}
sp|P06710|DPO3X_ECOLI	WHOLE	1	1	643	86	4.981e-07	{A}
sp|P06715|GSHR_ECOLI	SINGLE	1	11	46	9	3.656e-04	{G}
sp|P06715|GSHR_ECOLI	SINGLE	2	8	155	17	6.776e-04	{I}
sp|P06715|GSHR_ECOLI	SINGLE	3	267	338	10	7.724e-04	{N}
sp|P06715|GSHR_ECOLI	MULTIPLE	1	8	159	36	1.242e-05	{GI}
sp|P06721|METC_ECOLI	SINGLE	1	163	177	6	2.045e-04	{V}
sp|P06721|METC_ECOLI	SINGLE	2	266	297	5	5.468e-04	{H}
sp|P06721|METC_ECOLI	SINGLE	3	374	388	5	9.005e-04	{D}
sp|P06722|MUTH_ECOLI	SINGLE	1	146	160	6	2.062e-04	{E}
sp|P06722|MUTH_ECOLI	SINGLE	2	114	209	13	4.794e-04	{R}
sp|P06722|MUTH_ECOLI	SINGLE	3	185	199	6	5.574e-04	{A}
sp|P06722|MUTH_ECOLI	SINGLE	4	7	59	13	5.994e-04	{L}
sp|P06722|MUTH_ECOLI	MULTIPLE	1	126	203	22	2.495e-05	{ER}
sp|P06959|ODP2_ECOLI	SINGLE	1	77	378	73	2.700e-18	{A}
sp|P06959|ODP2_ECOLI	SINGLE	2	108	269	31	4.064e-08	{V}
sp|P06959|ODP2_ECOLI	SINGLE	3	4	447	50	6.114e-05	{E}
sp|P06959|ODP2_ECOLI	SINGLE	4	536	557	7	3.432e-04	{G}
sp|P06959|ODP2_ECOLI	SINGLE	5	55	537	47	6.631e-04	{K}
sp|P06959|ODP2_ECOLI	SINGLE	6	334	358	6	8.417e-04	{R}
sp|P06959|ODP2_ECOLI	MULTIPLE	1	80	347	130	5.520e-24	{AVE}
sp|P06959|ODP2_ECOLI	MULTIPLE	2	334	358	13	7.921e-05	{GKR}
sp|P06959|ODP2_ECOLI	WHOLE	1	1	630	96	2.208e-10	{A}
sp|P06959|ODP2_ECOLI	WHOLE	2	1	630	68	1.550e-05	{V}
sp|P06960|OTC2_ECOLI	SINGLE	1	143	329	13	1.946e-04	{M}
sp|P06960|OTC2_ECOLI	SINGLE	2	31	46	6	2.357e-04	{K}
sp|P06960|OTC2_ECOLI	SINGLE	3	162	262	18	5.326e-04	{A}
sp|P06960|OTC2_ECOLI	MULTIPLE	1	140	330	40	3.390e-06	{MA}
sp|P06961|CCA_ECOLI	SINGLE	1	62	407	33	8.811e-05	{R}
sp|P06961|CCA_ECOLI	SINGLE	2	81	115	8	4.587e-04	{D}
sp|P06961|CCA_ECOLI	SINGLE	3	223	309	8	5.223e-04	{H}
sp|P06961|CCA_ECOLI	MULTIPLE	1	119	364	36	1.258e-05	{RH}
sp|P06961|CCA_ECOLI	WHOLE	1	1	412	36	2.282e-04	{R}
sp|P06971|FHUA_ECOLI	SINGLE	1	17	67	15	4.384e-06	{A}
sp|P06971|FHUA_ECOLI	SINGLE	2	622	638	7	3.611e-05	{T}
sp|P06971|FHUA_ECOLI	SINGLE	3	381	506	19	5.000e-05	{D}
sp|P06971|FHUA_ECOLI	SINGLE	4	291	460	19	1.013e-04	{N}
sp|P06971|FHUA_ECOLI	SINGLE	5	658	677	7	1.789e-04	{G}
sp|P06971|FHUA_ECOLI	SINGLE	6	204	220	6	1.949e-04	{D}
sp|P06971|FHUA_ECOLI	SINGLE	7	223	729	35	2.693e-04	{Y}
sp|P06971|FHUA_ECOLI	SINGLE	8	136	150	5	2.875e-04	{N}
sp|P06971|FHUA_ECOLI	SINGLE	9	460	474	5	2.936e-04	{Q}
sp|P06971|FHUA_ECOLI	SINGLE	10	354	368	6	5.574e-04	{A}
sp|P06971|FHUA_ECOLI	SINGLE	11	556	573	6	6.200e-04	{V}
sp|P06971|FHUA_ECOLI	SINGLE	12	41	74	8	7.507e-04	{T}
sp|P06971|FHUA_ECOLI	MULTIPLE	1	21	74	23	2.446e-07	{AT}
sp|P06971|FHUA_ECOLI	MULTIPLE	2	257	722	142	3.525e-08	{DNYV}
sp|P06972|FHUB_ECOLI	SINGLE	1	7	655	124	3.774e-15	{L}
sp|P06972|FHUB_ECOLI	SINGLE	2	6	598	82	2.388e-07	{A}
sp|P06972|FHUB_ECOLI	SINGLE	3	387	607	19	4.073e-07	{M}
sp|P06972|FHUB_ECOLI	SINGLE	4	69	483	48	6.964e-05	{G}
sp|P06972|FHUB_ECOLI	SINGLE	5	25	544	20	9.501e-05	{W}
sp|P06972|FHUB_ECOLI	SINGLE	6	91	107	6	3.477e-04	{T}
sp|P06972|FHUB_ECOLI	SINGLE	7	510	583	13	4.224e-04	{T}
sp|P06972|FHUB_ECOLI	SINGLE	8	241	257	5	9.825e-04	{I}
sp|P06972|FHUB_ECOLI	MULTIPLE	1	10	648	361	1.392e-36	{LAMGWI}
sp|P06972|FHUB_ECOLI	WHOLE	1	1	660	124	1.336e-14	{L}
sp|P06972|FHUB_ECOLI	WHOLE	2	1	660	86	1.363e-06	{A}
sp|P06972|FHUB_ECOLI	WHOLE	3	1	660	32	1.945e-05	{M}
sp|P06972|FHUB_ECOLI	WHOLE	4	1	660	21	6.800e-04	{W}
sp|P06974|FLIM_ECOLI	SINGLE	1	44	75	9	1.204e-05	{R}
sp|P06974|FLIM_ECOLI	SINGLE	2	190	249	10	1.843e-04	{N}
sp|P06983|HEM3_ECOLI	SINGLE	1	131	277	20	1.868e-05	{R}
sp|P06983|HEM3_ECOLI	SINGLE	2	35	87	11	3.915e-04	{V}
sp|P06988|HISX_ECOLI	SINGLE	1	45	434	60	2.641e-07	{A}
sp|P06988|HISX_ECOLI	SINGLE	2	105	164	10	3.404e-04	{P}
sp|P06988|HISX_ECOLI	WHOLE	1	1	434	63	9.930e-07	{A}
sp|P06992|RSMA_ECOLI	SINGLE	1	172	203	9	9.864e-06	{P}
sp|P06992|RSMA_ECOLI	SINGLE	2	144	209	14	5.558e-05	{V}
sp|P06992|RSMA_ECOLI	MULTIPLE	1	144	209	24	6.039e-08	{PV}
sp|P06993|MALT_ECOLI	SINGLE	1	105	846	116	7.588e-09	{L}
sp|P06993|MALT_ECOLI	SINGLE	2	512	892	42	2.804e-08	{Q}
sp|P06993|MALT_ECOLI	SINGLE	3	120	889	36	1.374e-05	{H}
sp|P06993|MALT_ECOLI	SINGLE	4	337	370	11	3.009e-05	{A}
sp|P06993|MALT_ECOLI	SINGLE	5	627	735	15	5.322e-05	{N}
sp|P06993|MALT_ECOLI	SINGLE	6	317	691	16	1.422e-04	{W}
sp|P06993|MALT_ECOLI	SINGLE	7	702	716	6	2.062e-04	{E}
sp|P06993|MALT_ECOLI	SINGLE	8	291	598	36	2.619e-04	{E}
sp|P06993|MALT_ECOLI	SINGLE	9	574	839	25	6.270e-04	{R}
sp|P06993|MALT_ECOLI	SINGLE	10	70	193	14	6.804e-04	{Q}
sp|P06993|MALT_ECOLI	SINGLE	11	667	682	6	8.219e-04	{A}
sp|P06993|MALT_ECOLI	MULTIPLE	1	69	894	504	2.031e-32	{LQHANWER}
sp|P06993|MALT_ECOLI	WHOLE	1	1	901	132	3.707e-08	{L}
sp|P06993|MALT_ECOLI	WHOLE	2	1	901	70	1.352e-06	{Q}
sp|P06993|MALT_ECOLI	WHOLE	3	1	901	38	6.485e-05	{H}
sp|P06993|MALT_ECOLI	WHOLE	4	1	901	95	6.718e-04	{A}
sp|P06996|OMPC_ECOLI	SINGLE	1	29	245	38	2.852e-08	{G}
sp|P06996|OMPC_ECOLI	SINGLE	2	84	357	28	1.627e-05	{N}
sp|P06996|OMPC_ECOLI	SINGLE	3	25	337	28	1.706e-05	{Y}
sp|P06996|OMPC_ECOLI	SINGLE	4	28	53	7	3.644e-04	{D}
sp|P06996|OMPC_ECOLI	SINGLE	5	66	82	5	5.538e-04	{Q}
sp|P06996|OMPC_ECOLI	SINGLE	6	8	22	6	5.574e-04	{A}
sp|P06996|OMPC_ECOLI	SINGLE	7	311	356	9	6.739e-04	{D}
sp|P06996|OMPC_ECOLI	MULTIPLE	1	25	357	157	2.774e-19	{GNYDQ}
sp|P06996|OMPC_ECOLI	WHOLE	1	1	367	48	3.491e-06	{G}
sp|P06996|OMPC_ECOLI	WHOLE	2	1	367	32	8.677e-05	{N}
sp|P06996|OMPC_ECOLI	WHOLE	3	1	367	29	1.019e-04	{Y}
sp|P06999|PFKB_ECOLI	SINGLE	1	38	66	9	6.287e-05	{G}
sp|P06999|PFKB_ECOLI	SINGLE	2	115	129	6	2.062e-04	{E}
sp|P06999|PFKB_ECOLI	SINGLE	3	45	64	7	4.883e-04	{A}
sp|P06999|PFKB_ECOLI	SINGLE	4	205	259	11	5.375e-04	{V}
sp|P06999|PFKB_ECOLI	MULTIPLE	1	38	66	16	3.286e-07	{GA}
sp|P07001|PNTA_ECOLI	SINGLE	1	17	286	44	1.914e-06	{A}
sp|P07001|PNTA_ECOLI	SINGLE	2	460	493	8	1.702e-04	{I}
sp|P07001|PNTA_ECOLI	SINGLE	3	430	445	6	3.059e-04	{V}
sp|P07001|PNTA_ECOLI	WHOLE	1	1	510	63	1.079e-04	{A}
sp|P07003|POXB_ECOLI	SINGLE	1	53	71	8	4.395e-05	{A}
sp|P07003|POXB_ECOLI	SINGLE	2	393	470	9	4.432e-05	{M}
sp|P07003|POXB_ECOLI	SINGLE	3	149	163	6	2.045e-04	{V}
sp|P07003|POXB_ECOLI	SINGLE	4	446	466	7	2.204e-04	{V}
sp|P07003|POXB_ECOLI	SINGLE	5	80	126	6	4.669e-04	{H}
sp|P07003|POXB_ECOLI	SINGLE	6	284	298	5	5.275e-04	{I}
sp|P07003|POXB_ECOLI	SINGLE	7	142	429	38	5.599e-04	{A}
sp|P07003|POXB_ECOLI	SINGLE	8	328	348	6	6.796e-04	{D}
sp|P07003|POXB_ECOLI	MULTIPLE	1	408	470	17	1.381e-05	{MV}
sp|P07003|POXB_ECOLI	WHOLE	1	1	572	66	4.340e-04	{A}
sp|P07004|PROA_ECOLI	SINGLE	1	286	306	9	1.235e-05	{A}
sp|P07004|PROA_ECOLI	SINGLE	2	8	77	15	2.101e-04	{A}
sp|P07004|PROA_ECOLI	SINGLE	3	80	129	11	2.347e-04	{V}
sp|P07004|PROA_ECOLI	SINGLE	4	310	328	6	3.810e-04	{D}
sp|P07004|PROA_ECOLI	WHOLE	1	1	417	54	9.720e-05	{A}
sp|P07012|RF2_ECOLI	SINGLE	1	32	172	28	8.094e-08	{E}
sp|P07012|RF2_ECOLI	SINGLE	2	282	307	8	1.054e-04	{K}
sp|P07012|RF2_ECOLI	SINGLE	3	227	242	6	1.335e-04	{D}
sp|P07012|RF2_ECOLI	SINGLE	4	273	308	7	6.599e-04	{Q}
sp|P07012|RF2_ECOLI	MULTIPLE	1	273	308	15	1.140e-06	{KQ}
sp|P07012|RF2_ECOLI	WHOLE	1	1	365	40	4.433e-04	{E}
sp|P07013|PRIB_ECOLI	SINGLE	1	26	93	7	5.914e-04	{H}
sp|P07014|SDHB_ECOLI	SINGLE	1	145	159	5	2.680e-06	{C}
sp|P07014|SDHB_ECOLI	SINGLE	2	13	37	7	2.820e-04	{D}
sp|P07017|MCP2_ECOLI	SINGLE	1	85	517	73	3.446e-10	{A}
sp|P07017|MCP2_ECOLI	SINGLE	2	519	539	7	2.883e-05	{P}
sp|P07017|MCP2_ECOLI	SINGLE	3	359	375	6	1.019e-04	{I}
sp|P07017|MCP2_ECOLI	SINGLE	4	127	149	6	1.508e-04	{Y}
sp|P07017|MCP2_ECOLI	SINGLE	5	25	83	13	1.842e-04	{S}
sp|P07017|MCP2_ECOLI	SINGLE	6	295	336	8	3.238e-04	{Q}
sp|P07017|MCP2_ECOLI	SINGLE	7	60	76	4	4.036e-04	{M}
sp|P07017|MCP2_ECOLI	SINGLE	8	464	546	11	6.684e-04	{Q}
sp|P07017|MCP2_ECOLI	SINGLE	9	10	33	8	8.059e-04	{L}
sp|P07017|MCP2_ECOLI	MULTIPLE	1	81	546	109	7.983e-12	{AQ}
sp|P07017|MCP2_ECOLI	MULTIPLE	2	10	79	30	1.771e-06	{SML}
sp|P07017|MCP2_ECOLI	WHOLE	1	1	553	78	2.043e-07	{A}
sp|P07024|USHA_ECOLI	SINGLE	1	31	45	4	2.419e-04	{H}
sp|P07024|USHA_ECOLI	SINGLE	2	14	39	7	6.865e-04	{T}
sp|P07024|USHA_ECOLI	MULTIPLE	1	14	45	11	2.939e-05	{HT}
sp|P07026|SDIA_ECOLI	SINGLE	1	154	178	5	1.683e-04	{M}
sp|P07026|SDIA_ECOLI	SINGLE	2	39	71	7	1.703e-04	{Y}
sp|P07026|SDIA_ECOLI	SINGLE	3	123	168	12	5.376e-04	{L}
sp|P07026|SDIA_ECOLI	SINGLE	4	209	226	5	7.186e-04	{N}
sp|P07026|SDIA_ECOLI	MULTIPLE	1	123	178	18	2.207e-05	{ML}
sp|P07102|PPA_ECOLI	SINGLE	1	188	401	36	1.600e-04	{L}
sp|P07102|PPA_ECOLI	SINGLE	2	367	381	5	2.936e-04	{Q}
sp|P07102|PPA_ECOLI	SINGLE	3	283	351	10	9.983e-04	{P}
sp|P07102|PPA_ECOLI	MULTIPLE	1	188	401	70	1.424e-07	{LQP}
sp|P07102|PPA_ECOLI	WHOLE	1	1	432	58	9.345e-04	{L}
sp|P07117|PUTP_ECOLI	SINGLE	1	3	466	47	1.863e-06	{I}
sp|P07117|PUTP_ECOLI	SINGLE	2	256	494	39	6.445e-06	{A}
sp|P07117|PUTP_ECOLI	SINGLE	3	371	385	7	1.824e-05	{V}
sp|P07117|PUTP_ECOLI	SINGLE	4	253	269	4	4.036e-04	{H}
sp|P07117|PUTP_ECOLI	SINGLE	5	11	484	33	5.878e-04	{F}
sp|P07117|PUTP_ECOLI	SINGLE	6	38	85	10	7.919e-04	{G}
sp|P07117|PUTP_ECOLI	SINGLE	7	399	473	13	8.617e-04	{G}
sp|P07117|PUTP_ECOLI	MULTIPLE	1	9	489	225	1.941e-15	{IAVFG}
sp|P07117|PUTP_ECOLI	WHOLE	1	1	502	47	1.352e-05	{I}
sp|P07117|PUTP_ECOLI	WHOLE	2	1	502	62	1.223e-04	{A}
sp|P07118|SYV_ECOLI	SINGLE	1	505	586	10	1.061e-05	{M}
sp|P07118|SYV_ECOLI	SINGLE	2	416	489	8	1.361e-05	{W}
sp|P07118|SYV_ECOLI	SINGLE	3	786	950	28	5.408e-05	{A}
sp|P07118|SYV_ECOLI	SINGLE	4	886	943	13	5.669e-05	{E}
sp|P07118|SYV_ECOLI	SINGLE	5	206	570	36	3.520e-04	{D}
sp|P07118|SYV_ECOLI	SINGLE	6	38	68	5	4.717e-04	{M}
sp|P07118|SYV_ECOLI	SINGLE	7	92	201	14	5.531e-04	{R}
sp|P07118|SYV_ECOLI	SINGLE	8	336	350	6	5.574e-04	{A}
sp|P07118|SYV_ECOLI	SINGLE	9	511	527	5	9.825e-04	{I}
sp|P07118|SYV_ECOLI	MULTIPLE	1	791	950	48	1.860e-07	{AE}
sp|P07330|CHEB_ECOLI	SINGLE	1	1	81	10	9.510e-06	{M}
sp|P07330|CHEB_ECOLI	SINGLE	2	118	307	29	2.432e-04	{A}
sp|P07330|CHEB_ECOLI	WHOLE	1	1	349	20	7.075e-05	{M}
sp|P07363|CHEA_ECOLI	SINGLE	1	465	637	25	9.152e-05	{V}
sp|P07363|CHEA_ECOLI	SINGLE	2	307	329	5	1.114e-04	{M}
sp|P07363|CHEA_ECOLI	SINGLE	3	99	157	9	7.351e-04	{Q}
sp|P07395|SYFB_ECOLI	SINGLE	1	32	749	76	1.063e-05	{V}
sp|P07395|SYFB_ECOLI	SINGLE	2	346	432	13	1.891e-04	{R}
sp|P07395|SYFB_ECOLI	SINGLE	3	436	464	8	3.334e-04	{E}
sp|P07395|SYFB_ECOLI	SINGLE	4	127	173	9	3.433e-04	{I}
sp|P07395|SYFB_ECOLI	SINGLE	5	770	787	6	6.250e-04	{E}
sp|P07395|SYFB_ECOLI	MULTIPLE	1	31	751	227	1.394e-08	{VREI}
sp|P07395|SYFB_ECOLI	WHOLE	1	1	795	79	5.492e-05	{V}
sp|P07464|THGA_ECOLI	SINGLE	1	91	181	16	1.681e-04	{V}
sp|P07464|THGA_ECOLI	SINGLE	2	132	185	10	2.194e-04	{I}
sp|P07464|THGA_ECOLI	SINGLE	3	1	18	4	5.076e-04	{M}
sp|P07464|THGA_ECOLI	SINGLE	4	75	155	11	5.294e-04	{N}
sp|P07464|THGA_ECOLI	MULTIPLE	1	75	186	44	1.196e-09	{VIN}
sp|P07604|TYRR_ECOLI	SINGLE	1	11	28	8	8.554e-05	{L}
sp|P07604|TYRR_ECOLI	SINGLE	2	25	39	5	5.275e-04	{I}
sp|P07604|TYRR_ECOLI	SINGLE	3	323	347	7	6.967e-04	{V}
sp|P07604|TYRR_ECOLI	SINGLE	4	111	221	13	7.381e-04	{Q}
sp|P07604|TYRR_ECOLI	SINGLE	5	306	502	20	8.006e-04	{R}
sp|P07604|TYRR_ECOLI	MULTIPLE	1	11	41	14	2.516e-05	{LI}
sp|P07604|TYRR_ECOLI	WHOLE	1	1	513	68	5.732e-04	{L}
sp|P07623|METAS_ECOLI	SINGLE	1	170	191	5	8.914e-05	{H}
sp|P07639|AROB_ECOLI	SINGLE	1	37	165	20	1.657e-04	{V}
sp|P07639|AROB_ECOLI	SINGLE	2	21	353	48	5.667e-04	{L}
sp|P07639|AROB_ECOLI	SINGLE	3	214	276	13	7.465e-04	{A}
sp|P07639|AROB_ECOLI	SINGLE	4	94	112	6	9.446e-04	{G}
sp|P07639|AROB_ECOLI	MULTIPLE	1	29	357	145	3.241e-08	{VLAG}
sp|P07648|RECC_ECOLI	SINGLE	1	95	1046	136	1.000e-07	{L}
sp|P07648|RECC_ECOLI	SINGLE	2	614	1121	47	7.242e-07	{Q}
sp|P07648|RECC_ECOLI	SINGLE	3	263	1118	68	1.951e-05	{R}
sp|P07648|RECC_ECOLI	SINGLE	4	250	509	29	1.785e-04	{D}
sp|P07648|RECC_ECOLI	SINGLE	5	145	184	5	2.857e-04	{W}
sp|P07648|RECC_ECOLI	SINGLE	6	1047	1061	5	9.005e-04	{D}
sp|P07648|RECC_ECOLI	SINGLE	7	1	96	8	9.722e-04	{M}
sp|P07648|RECC_ECOLI	MULTIPLE	1	1	1118	442	1.379e-18	{LQRDWM}
sp|P07648|RECC_ECOLI	WHOLE	1	1	1122	154	1.907e-07	{L}
sp|P07648|RECC_ECOLI	WHOLE	2	1	1122	77	2.807e-05	{Q}
sp|P07648|RECC_ECOLI	WHOLE	3	1	1122	82	5.253e-05	{R}
sp|P07649|TRUA_ECOLI	SINGLE	1	225	242	8	2.760e-05	{A}
sp|P07649|TRUA_ECOLI	SINGLE	2	110	128	6	1.731e-04	{R}
sp|P07649|TRUA_ECOLI	SINGLE	3	178	214	9	3.882e-04	{V}
sp|P07649|TRUA_ECOLI	SINGLE	4	251	265	5	4.135e-04	{P}
sp|P07649|TRUA_ECOLI	SINGLE	5	64	217	11	4.540e-04	{H}
sp|P07649|TRUA_ECOLI	MULTIPLE	1	108	186	18	5.063e-06	{RH}
sp|P07658|FDHF_ECOLI	SINGLE	1	114	237	16	6.616e-05	{N}
sp|P07658|FDHF_ECOLI	SINGLE	2	182	234	10	1.881e-04	{I}
sp|P07658|FDHF_ECOLI	SINGLE	3	274	291	7	2.360e-04	{A}
sp|P07658|FDHF_ECOLI	SINGLE	4	235	267	8	8.245e-04	{E}
sp|P07658|FDHF_ECOLI	MULTIPLE	1	114	237	29	1.667e-06	{NI}
sp|P07821|FHUC_ECOLI	SINGLE	1	26	221	32	5.446e-04	{L}
sp|P07822|FHUD_ECOLI	SINGLE	1	232	247	6	1.335e-04	{D}
sp|P07822|FHUD_ECOLI	SINGLE	2	4	92	19	2.709e-04	{L}
sp|P07862|DDLB_ECOLI	SINGLE	1	64	87	8	9.162e-05	{G}
sp|P07913|TDH_ECOLI	SINGLE	1	62	119	14	1.572e-05	{G}
sp|P07913|TDH_ECOLI	SINGLE	2	207	298	10	2.870e-05	{M}
sp|P07913|TDH_ECOLI	SINGLE	3	93	120	5	7.111e-05	{C}
sp|P07913|TDH_ECOLI	SINGLE	4	57	76	7	1.571e-04	{V}
sp|P07913|TDH_ECOLI	SINGLE	5	259	318	10	5.105e-04	{I}
sp|P07913|TDH_ECOLI	MULTIPLE	1	57	120	29	3.906e-09	{GCV}
sp|P07913|TDH_ECOLI	MULTIPLE	2	207	318	21	2.692e-05	{MI}
sp|P07913|TDH_ECOLI	WHOLE	1	1	341	38	6.107e-04	{G}
sp|P08142|ILVB_ECOLI	SINGLE	1	186	211	11	1.562e-06	{A}
sp|P08142|ILVB_ECOLI	SINGLE	2	19	387	37	2.377e-05	{I}
sp|P08142|ILVB_ECOLI	SINGLE	3	242	263	5	8.914e-05	{M}
sp|P08142|ILVB_ECOLI	SINGLE	4	414	428	6	2.293e-04	{G}
sp|P08142|ILVB_ECOLI	SINGLE	5	57	98	10	9.468e-04	{A}
sp|P08142|ILVB_ECOLI	MULTIPLE	1	28	387	96	3.496e-09	{AIM}
sp|P08142|ILVB_ECOLI	WHOLE	1	1	562	71	2.381e-05	{A}
sp|P08142|ILVB_ECOLI	WHOLE	2	1	562	47	1.673e-04	{I}
sp|P08179|PUR3_ECOLI	SINGLE	1	99	137	6	1.692e-04	{H}
sp|P08191|FIMH_ECOLI	SINGLE	1	41	298	34	4.220e-05	{V}
sp|P08191|FIMH_ECOLI	SINGLE	2	156	173	6	7.013e-05	{N}
sp|P08191|FIMH_ECOLI	SINGLE	3	61	296	27	8.810e-04	{T}
sp|P08191|FIMH_ECOLI	MULTIPLE	1	40	298	82	3.316e-09	{VNT}
sp|P08191|FIMH_ECOLI	WHOLE	1	1	300	37	7.907e-05	{V}
sp|P08192|FOLC_ECOLI	SINGLE	1	258	394	26	1.462e-05	{A}
sp|P08192|FOLC_ECOLI	SINGLE	2	142	166	7	6.967e-04	{V}
sp|P08192|FOLC_ECOLI	WHOLE	1	1	422	54	1.283e-04	{A}
sp|P08200|IDH_ECOLI	SINGLE	1	14	413	37	1.139e-04	{I}
sp|P08200|IDH_ECOLI	SINGLE	2	362	380	4	6.290e-04	{M}
sp|P08200|IDH_ECOLI	WHOLE	1	1	416	37	2.318e-04	{I}
sp|P08201|NIRB_ECOLI	SINGLE	1	148	711	68	8.735e-07	{G}
sp|P08201|NIRB_ECOLI	SINGLE	2	425	535	9	6.696e-05	{C}
sp|P08201|NIRB_ECOLI	SINGLE	3	780	796	6	4.457e-04	{E}
sp|P08201|NIRB_ECOLI	SINGLE	4	368	402	10	7.143e-04	{L}
sp|P08201|NIRB_ECOLI	MULTIPLE	1	141	711	86	2.456e-08	{GC}
sp|P08201|NIRB_ECOLI	WHOLE	1	1	847	80	3.674e-04	{G}
sp|P08202|ARAA_ECOLI	SINGLE	1	188	230	10	2.776e-04	{V}
sp|P08202|ARAA_ECOLI	SINGLE	2	17	469	21	6.808e-04	{H}
sp|P08202|ARAA_ECOLI	SINGLE	3	262	375	17	8.846e-04	{G}
sp|P08202|ARAA_ECOLI	MULTIPLE	1	128	375	40	7.753e-05	{HG}
sp|P08203|ARAD_ECOLI	SINGLE	1	29	67	11	2.203e-05	{V}
sp|P08203|ARAD_ECOLI	SINGLE	2	136	154	6	8.541e-04	{E}
sp|P08203|ARAD_ECOLI	SINGLE	3	63	152	14	8.660e-04	{T}
sp|P08244|PYRF_ECOLI	SINGLE	1	81	113	12	3.445e-06	{A}
sp|P08244|PYRF_ECOLI	SINGLE	2	50	74	6	2.966e-04	{F}
sp|P08244|PYRF_ECOLI	SINGLE	3	22	40	6	3.810e-04	{D}
sp|P08244|PYRF_ECOLI	WHOLE	1	1	245	33	8.293e-04	{A}
sp|P08312|SYFA_ECOLI	SINGLE	1	5	89	20	5.360e-06	{A}
sp|P08312|SYFA_ECOLI	SINGLE	2	230	250	6	1.066e-04	{F}
sp|P08312|SYFA_ECOLI	SINGLE	3	138	155	4	5.076e-04	{H}
sp|P08337|MUTT_ECOLI	SINGLE	1	83	104	5	1.498e-05	{W}
sp|P08337|MUTT_ECOLI	SINGLE	2	34	103	15	2.793e-05	{E}
sp|P08337|MUTT_ECOLI	SINGLE	3	6	20	5	5.275e-04	{I}
sp|P08337|MUTT_ECOLI	MULTIPLE	1	41	104	19	2.894e-07	{WE}
sp|P08373|MURB_ECOLI	SINGLE	1	58	72	5	5.275e-04	{I}
sp|P08373|MURB_ECOLI	SINGLE	2	271	288	5	7.334e-04	{Q}
sp|P08394|RECB_ECOLI	SINGLE	1	73	824	69	1.622e-07	{R}
sp|P08394|RECB_ECOLI	SINGLE	2	1076	1140	11	2.457e-05	{Y}
sp|P08394|RECB_ECOLI	SINGLE	3	571	1122	78	4.407e-05	{L}
sp|P08394|RECB_ECOLI	SINGLE	4	8	159	29	7.619e-05	{L}
sp|P08394|RECB_ECOLI	SINGLE	5	431	665	15	1.669e-04	{M}
sp|P08394|RECB_ECOLI	SINGLE	6	835	1112	25	2.991e-04	{Q}
sp|P08394|RECB_ECOLI	SINGLE	7	1119	1134	4	3.155e-04	{H}
sp|P08394|RECB_ECOLI	SINGLE	8	57	368	36	3.284e-04	{E}
sp|P08394|RECB_ECOLI	SINGLE	9	1090	1104	6	5.574e-04	{A}
sp|P08394|RECB_ECOLI	MULTIPLE	1	5	1127	502	1.213e-17	{RLQEA}
sp|P08394|RECB_ECOLI	MULTIPLE	2	1072	1140	17	3.606e-07	{YH}
sp|P08394|RECB_ECOLI	WHOLE	1	1	1180	92	2.150e-06	{R}
sp|P08394|RECB_ECOLI	WHOLE	2	1	1180	144	1.043e-04	{L}
sp|P08395|SPPA_ECOLI	SINGLE	1	223	615	56	6.006e-06	{A}
sp|P08395|SPPA_ECOLI	SINGLE	2	7	33	7	5.588e-05	{F}
sp|P08395|SPPA_ECOLI	SINGLE	3	325	454	19	6.049e-04	{G}
sp|P08395|SPPA_ECOLI	SINGLE	4	561	579	4	6.290e-04	{M}
sp|P08395|SPPA_ECOLI	SINGLE	5	46	96	11	6.534e-04	{S}
sp|P08395|SPPA_ECOLI	MULTIPLE	1	390	411	14	9.374e-07	{AGM}
sp|P08400|PHOR_ECOLI	SINGLE	1	2	274	52	2.351e-07	{L}
sp|P08400|PHOR_ECOLI	SINGLE	2	33	72	7	1.852e-06	{W}
sp|P08400|PHOR_ECOLI	SINGLE	3	52	424	35	7.713e-05	{R}
sp|P08400|PHOR_ECOLI	SINGLE	4	180	283	9	3.767e-04	{M}
sp|P08400|PHOR_ECOLI	SINGLE	5	332	401	7	6.990e-04	{H}
sp|P08400|PHOR_ECOLI	MULTIPLE	1	1	284	75	4.420e-10	{LWM}
sp|P08400|PHOR_ECOLI	MULTIPLE	2	46	424	50	6.584e-06	{RH}
sp|P08400|PHOR_ECOLI	WHOLE	1	1	431	62	1.332e-04	{L}
sp|P08400|PHOR_ECOLI	WHOLE	2	1	431	37	2.628e-04	{R}
sp|P08506|DACC_ECOLI	SINGLE	1	12	58	13	3.705e-05	{A}
sp|P08506|DACC_ECOLI	SINGLE	2	379	399	6	1.066e-04	{F}
sp|P08622|DNAJ_ECOLI	SINGLE	1	70	353	50	1.973e-10	{G}
sp|P08622|DNAJ_ECOLI	SINGLE	2	144	200	8	3.220e-06	{C}
sp|P08622|DNAJ_ECOLI	SINGLE	3	157	187	8	3.521e-05	{Q}
sp|P08622|DNAJ_ECOLI	SINGLE	4	104	118	5	4.635e-04	{R}
sp|P08622|DNAJ_ECOLI	SINGLE	5	84	102	5	6.080e-04	{F}
sp|P08622|DNAJ_ECOLI	MULTIPLE	1	68	353	100	4.189e-13	{GCQR}
sp|P08622|DNAJ_ECOLI	WHOLE	1	1	376	53	1.260e-07	{G}
sp|P08660|AK3_ECOLI	SINGLE	1	343	367	9	9.931e-06	{T}
sp|P08660|AK3_ECOLI	SINGLE	2	298	396	23	1.837e-05	{L}
sp|P08660|AK3_ECOLI	SINGLE	3	15	267	38	4.899e-05	{A}
sp|P08660|AK3_ECOLI	SINGLE	4	28	178	27	3.515e-04	{L}
sp|P08660|AK3_ECOLI	SINGLE	5	53	132	14	4.296e-04	{E}
sp|P08660|AK3_ECOLI	SINGLE	6	131	154	6	6.720e-04	{R}
sp|P08660|AK3_ECOLI	MULTIPLE	1	309	377	27	1.151e-06	{TL}
sp|P08660|AK3_ECOLI	MULTIPLE	2	28	265	109	4.240e-09	{ALER}
sp|P08660|AK3_ECOLI	WHOLE	1	1	449	63	2.242e-04	{L}
sp|P08839|PT1_ECOLI	SINGLE	1	63	125	16	1.580e-06	{E}
sp|P08839|PT1_ECOLI	SINGLE	2	2	537	49	1.631e-05	{I}
sp|P08839|PT1_ECOLI	SINGLE	3	358	403	10	4.429e-05	{R}
sp|P08839|PT1_ECOLI	SINGLE	4	234	431	26	3.004e-04	{E}
sp|P08839|PT1_ECOLI	SINGLE	5	7	443	53	4.679e-04	{A}
sp|P08839|PT1_ECOLI	MULTIPLE	1	2	554	169	6.941e-11	{EIA}
sp|P08839|PT1_ECOLI	MULTIPLE	2	234	431	43	1.090e-05	{RE}
sp|P08839|PT1_ECOLI	WHOLE	1	1	575	51	2.451e-05	{I}
sp|P08839|PT1_ECOLI	WHOLE	2	1	575	60	1.053e-04	{E}
sp|P08956|T1RK_ECOLI	SINGLE	1	145	220	17	1.853e-08	{Q}
sp|P08956|T1RK_ECOLI	SINGLE	2	222	1148	74	7.963e-06	{R}
sp|P08956|T1RK_ECOLI	SINGLE	3	502	1167	62	2.958e-05	{D}
sp|P08956|T1RK_ECOLI	SINGLE	4	137	244	19	4.640e-05	{E}
sp|P08956|T1RK_ECOLI	SINGLE	5	194	215	8	1.455e-04	{A}
sp|P08956|T1RK_ECOLI	SINGLE	6	643	657	5	5.275e-04	{I}
sp|P08956|T1RK_ECOLI	SINGLE	7	790	872	14	6.066e-04	{V}
sp|P08956|T1RK_ECOLI	MULTIPLE	1	152	233	45	2.194e-13	{QEA}
sp|P08956|T1RK_ECOLI	MULTIPLE	2	451	1002	175	1.686e-08	{RDIV}
sp|P08956|T1RK_ECOLI	WHOLE	1	1	1170	84	7.717e-05	{R}
sp|P09029|PURK_ECOLI	SINGLE	1	197	215	6	1.006e-04	{Q}
sp|P09029|PURK_ECOLI	SINGLE	2	209	225	4	4.036e-04	{M}
sp|P09029|PURK_ECOLI	SINGLE	3	121	135	5	4.635e-04	{R}
sp|P09029|PURK_ECOLI	SINGLE	4	124	172	10	9.289e-04	{G}
sp|P09029|PURK_ECOLI	MULTIPLE	1	197	225	10	7.621e-06	{QM}
sp|P09029|PURK_ECOLI	MULTIPLE	2	121	172	16	1.102e-04	{RG}
sp|P09030|EX3_ECOLI	SINGLE	1	168	227	10	4.119e-04	{R}
sp|P09099|XYLB_ECOLI	SINGLE	1	165	436	43	5.221e-06	{A}
sp|P09099|XYLB_ECOLI	SINGLE	2	347	427	15	1.849e-04	{G}
sp|P09099|XYLB_ECOLI	SINGLE	3	228	242	6	2.293e-04	{G}
sp|P09099|XYLB_ECOLI	SINGLE	4	123	291	12	2.750e-04	{M}
sp|P09099|XYLB_ECOLI	SINGLE	5	460	474	5	4.635e-04	{R}
sp|P09099|XYLB_ECOLI	SINGLE	6	20	87	10	5.169e-04	{Q}
sp|P09099|XYLB_ECOLI	MULTIPLE	1	160	429	83	4.547e-09	{AGM}
sp|P09099|XYLB_ECOLI	WHOLE	1	1	484	60	1.380e-04	{A}
sp|P09147|GALE_ECOLI	SINGLE	1	132	202	11	3.349e-04	{P}
sp|P09148|GAL7_ECOLI	SINGLE	1	281	298	4	5.076e-04	{H}
sp|P09148|GAL7_ECOLI	SINGLE	2	6	120	14	6.672e-04	{P}
sp|P09152|NARG_ECOLI	SINGLE	1	348	764	48	7.749e-05	{G}
sp|P09152|NARG_ECOLI	SINGLE	2	306	355	7	9.061e-05	{M}
sp|P09152|NARG_ECOLI	SINGLE	3	32	253	12	1.129e-04	{W}
sp|P09152|NARG_ECOLI	SINGLE	4	107	121	4	2.419e-04	{M}
sp|P09152|NARG_ECOLI	SINGLE	5	949	974	8	5.129e-04	{A}
sp|P09152|NARG_ECOLI	SINGLE	6	79	94	5	5.733e-04	{P}
sp|P09152|NARG_ECOLI	SINGLE	7	448	488	11	6.979e-04	{L}
sp|P09152|NARG_ECOLI	SINGLE	8	7	160	17	7.658e-04	{R}
sp|P09152|NARG_ECOLI	MULTIPLE	1	301	764	66	3.703e-05	{GM}
sp|P09152|NARG_ECOLI	MULTIPLE	2	39	163	20	7.186e-05	{WR}
sp|P09152|NARG_ECOLI	WHOLE	1	1	1247	38	2.400e-05	{W}
sp|P09158|SPEE_ECOLI	SINGLE	1	64	80	5	2.339e-05	{H}
sp|P09158|SPEE_ECOLI	SINGLE	2	221	284	13	8.636e-04	{A}
sp|P09169|OMPT_ECOLI	SINGLE	1	146	315	21	1.542e-06	{Y}
sp|P09169|OMPT_ECOLI	SINGLE	2	249	306	12	4.829e-06	{N}
sp|P09169|OMPT_ECOLI	SINGLE	3	39	222	25	3.085e-04	{G}
sp|P09169|OMPT_ECOLI	SINGLE	4	71	86	5	7.294e-04	{I}
sp|P09169|OMPT_ECOLI	SINGLE	5	64	139	6	8.364e-04	{W}
sp|P09169|OMPT_ECOLI	SINGLE	6	127	145	5	9.333e-04	{N}
sp|P09169|OMPT_ECOLI	MULTIPLE	1	55	306	82	8.030e-11	{YNGW}
sp|P09169|OMPT_ECOLI	WHOLE	1	1	317	26	7.816e-04	{N}
sp|P09323|PTW3C_ECOLI	SINGLE	1	13	543	82	2.140e-09	{A}
sp|P09323|PTW3C_ECOLI	SINGLE	2	123	362	30	1.941e-08	{F}
sp|P09323|PTW3C_ECOLI	SINGLE	3	45	262	33	5.255e-06	{G}
sp|P09323|PTW3C_ECOLI	SINGLE	4	280	309	12	5.598e-06	{L}
sp|P09323|PTW3C_ECOLI	SINGLE	5	228	263	7	1.031e-05	{M}
sp|P09323|PTW3C_ECOLI	SINGLE	6	420	592	27	1.367e-05	{V}
sp|P09323|PTW3C_ECOLI	SINGLE	7	370	387	7	7.448e-05	{E}
sp|P09323|PTW3C_ECOLI	SINGLE	8	10	36	9	3.896e-04	{L}
sp|P09323|PTW3C_ECOLI	SINGLE	9	41	201	18	6.594e-04	{I}
sp|P09323|PTW3C_ECOLI	MULTIPLE	1	38	582	284	1.215e-22	{AFGMVI}
sp|P09323|PTW3C_ECOLI	WHOLE	1	1	648	91	2.964e-08	{A}
sp|P09323|PTW3C_ECOLI	WHOLE	2	1	648	64	4.117e-04	{G}
sp|P09323|PTW3C_ECOLI	WHOLE	3	1	648	42	5.208e-04	{F}
sp|P09323|PTW3C_ECOLI	WHOLE	4	1	648	49	9.407e-04	{I}
sp|P09348|MOTA_ECOLI	SINGLE	1	142	159	8	7.119e-06	{E}
sp|P09348|MOTA_ECOLI	SINGLE	2	6	56	13	1.680e-05	{G}
sp|P09348|MOTA_ECOLI	SINGLE	3	158	205	13	4.683e-05	{A}
sp|P09348|MOTA_ECOLI	SINGLE	4	74	94	5	7.041e-05	{M}
sp|P09348|MOTA_ECOLI	SINGLE	5	2	85	18	3.628e-04	{L}
sp|P09348|MOTA_ECOLI	MULTIPLE	1	2	85	31	1.554e-06	{GL}
sp|P09372|GRPE_ECOLI	SINGLE	1	5	94	20	8.375e-07	{E}
sp|P09372|GRPE_ECOLI	SINGLE	2	57	75	6	1.731e-04	{R}
sp|P09372|GRPE_ECOLI	SINGLE	3	133	170	9	4.757e-04	{V}
sp|P09372|GRPE_ECOLI	MULTIPLE	1	15	81	23	4.442e-07	{ER}
sp|P09372|GRPE_ECOLI	WHOLE	1	1	197	26	2.786e-04	{E}
sp|P09373|PFLB_ECOLI	SINGLE	1	234	523	20	5.682e-06	{M}
sp|P09373|PFLB_ECOLI	SINGLE	2	394	580	22	4.619e-04	{D}
sp|P09373|PFLB_ECOLI	SINGLE	3	614	644	8	6.079e-04	{G}
sp|P09373|PFLB_ECOLI	WHOLE	1	1	760	32	2.147e-04	{M}
sp|P09377|RHAS_ECOLI	SINGLE	1	31	75	9	4.457e-07	{H}
sp|P09377|RHAS_ECOLI	SINGLE	2	79	232	34	8.588e-07	{L}
sp|P09377|RHAS_ECOLI	SINGLE	3	93	134	10	8.269e-06	{Q}
sp|P09377|RHAS_ECOLI	SINGLE	4	202	273	13	2.737e-05	{R}
sp|P09377|RHAS_ECOLI	MULTIPLE	1	98	233	58	3.408e-11	{LQR}
sp|P09377|RHAS_ECOLI	WHOLE	1	1	278	17	1.087e-04	{H}
sp|P09391|GLPG_ECOLI	SINGLE	1	98	241	11	1.020e-05	{W}
sp|P09391|GLPG_ECOLI	SINGLE	2	162	261	18	6.776e-05	{G}
sp|P09391|GLPG_ECOLI	SINGLE	3	127	153	6	4.578e-04	{F}
sp|P09391|GLPG_ECOLI	SINGLE	4	223	237	5	5.275e-04	{I}
sp|P09391|GLPG_ECOLI	SINGLE	5	100	149	6	6.467e-04	{M}
sp|P09391|GLPG_ECOLI	SINGLE	6	250	265	6	8.219e-04	{A}
sp|P09391|GLPG_ECOLI	MULTIPLE	1	157	241	29	4.012e-07	{WGI}
sp|P09391|GLPG_ECOLI	MULTIPLE	2	100	153	13	1.336e-05	{FM}
sp|P09391|GLPG_ECOLI	WHOLE	1	1	276	13	2.236e-04	{W}
sp|P09394|GLPQ_ECOLI	SINGLE	1	1	24	6	9.716e-06	{M}
sp|P09394|GLPQ_ECOLI	SINGLE	2	60	110	12	1.488e-05	{D}
sp|P09394|GLPQ_ECOLI	SINGLE	3	23	59	10	3.371e-04	{A}
sp|P09394|GLPQ_ECOLI	MULTIPLE	1	10	59	17	3.125e-06	{MA}
sp|P09546|PUTA_ECOLI	SINGLE	1	55	1314	162	2.611e-10	{A}
sp|P09546|PUTA_ECOLI	SINGLE	2	1080	1102	9	7.742e-06	{G}
sp|P09546|PUTA_ECOLI	SINGLE	3	282	552	24	7.132e-05	{Y}
sp|P09546|PUTA_ECOLI	SINGLE	4	349	651	47	1.407e-04	{L}
sp|P09546|PUTA_ECOLI	SINGLE	5	1104	1232	25	1.694e-04	{L}
sp|P09546|PUTA_ECOLI	SINGLE	6	1063	1085	7	4.064e-04	{V}
sp|P09546|PUTA_ECOLI	SINGLE	7	423	444	6	4.110e-04	{R}
sp|P09546|PUTA_ECOLI	SINGLE	8	576	832	24	6.143e-04	{P}
sp|P09546|PUTA_ECOLI	SINGLE	9	113	160	8	7.938e-04	{Q}
sp|P09546|PUTA_ECOLI	MULTIPLE	1	50	1316	538	7.208e-19	{ALRPQ}
sp|P09546|PUTA_ECOLI	MULTIPLE	2	1063	1102	18	6.816e-07	{GV}
sp|P09546|PUTA_ECOLI	WHOLE	1	1	1320	166	7.843e-10	{A}
sp|P09546|PUTA_ECOLI	WHOLE	2	1	1320	156	2.290e-04	{L}
sp|P09546|PUTA_ECOLI	WHOLE	3	1	1320	87	6.468e-04	{R}
sp|P09831|GLTB_ECOLI	SINGLE	1	1245	1392	34	1.169e-10	{G}
sp|P09831|GLTB_ECOLI	SINGLE	2	149	167	8	1.221e-06	{R}
sp|P09831|GLTB_ECOLI	SINGLE	3	884	1101	32	1.312e-05	{G}
sp|P09831|GLTB_ECOLI	SINGLE	4	283	341	8	3.676e-05	{M}
sp|P09831|GLTB_ECOLI	SINGLE	5	566	592	8	1.437e-04	{T}
sp|P09831|GLTB_ECOLI	SINGLE	6	265	452	23	2.099e-04	{D}
sp|P09831|GLTB_ECOLI	SINGLE	7	1423	1437	4	2.419e-04	{H}
sp|P09831|GLTB_ECOLI	SINGLE	8	1150	1218	16	3.027e-04	{L}
sp|P09831|GLTB_ECOLI	SINGLE	9	861	879	7	3.444e-04	{A}
sp|P09831|GLTB_ECOLI	SINGLE	10	938	970	7	5.968e-04	{P}
sp|P09831|GLTB_ECOLI	MULTIPLE	1	884	1101	46	1.233e-05	{GP}
sp|P09831|GLTB_ECOLI	MULTIPLE	2	265	452	33	5.222e-06	{MD}
sp|P09831|GLTB_ECOLI	WHOLE	1	1	1486	134	7.314e-05	{G}
sp|P09831|GLTB_ECOLI	WHOLE	2	1	1486	95	9.233e-04	{R}
sp|P09832|GLTD_ECOLI	SINGLE	1	47	108	8	6.078e-06	{C}
sp|P09832|GLTD_ECOLI	SINGLE	2	95	465	46	1.961e-05	{G}
sp|P09832|GLTD_ECOLI	SINGLE	3	283	365	14	6.066e-04	{V}
sp|P09832|GLTD_ECOLI	SINGLE	4	304	336	7	6.899e-04	{R}
sp|P09832|GLTD_ECOLI	SINGLE	5	219	233	5	9.005e-04	{D}
sp|P09832|GLTD_ECOLI	MULTIPLE	1	93	460	109	1.428e-08	{GVR}
sp|P09832|GLTD_ECOLI	WHOLE	1	1	472	49	5.885e-04	{G}
sp|P09835|UHPB_ECOLI	SINGLE	1	25	298	72	1.581e-16	{L}
sp|P09835|UHPB_ECOLI	SINGLE	2	22	248	17	6.441e-08	{W}
sp|P09835|UHPB_ECOLI	SINGLE	3	275	416	20	1.137e-05	{R}
sp|P09835|UHPB_ECOLI	SINGLE	4	453	479	9	3.375e-05	{G}
sp|P09835|UHPB_ECOLI	SINGLE	5	262	463	20	3.379e-04	{Q}
sp|P09835|UHPB_ECOLI	SINGLE	6	5	23	5	6.080e-04	{F}
sp|P09835|UHPB_ECOLI	MULTIPLE	1	22	298	89	3.866e-22	{LW}
sp|P09835|UHPB_ECOLI	MULTIPLE	2	274	444	38	1.444e-07	{RQ}
sp|P09835|UHPB_ECOLI	WHOLE	1	1	500	100	8.455e-14	{L}
sp|P09835|UHPB_ECOLI	WHOLE	2	1	500	19	1.583e-04	{W}
sp|P09980|REP_ECOLI	SINGLE	1	462	651	30	4.042e-06	{E}
sp|P09980|REP_ECOLI	SINGLE	2	426	573	14	4.210e-06	{M}
sp|P09980|REP_ECOLI	SINGLE	3	71	315	40	1.414e-04	{L}
sp|P09980|REP_ECOLI	SINGLE	4	196	652	38	3.920e-04	{R}
sp|P09980|REP_ECOLI	SINGLE	5	299	330	8	6.680e-04	{E}
sp|P09980|REP_ECOLI	MULTIPLE	1	423	653	47	2.223e-08	{EM}
sp|P09980|REP_ECOLI	MULTIPLE	2	71	644	169	9.298e-08	{LRE}
sp|P09980|REP_ECOLI	WHOLE	1	1	673	50	6.965e-04	{R}
sp|P0A698|UVRA_ECOLI	SINGLE	1	905	919	7	2.093e-05	{G}
sp|P0A698|UVRA_ECOLI	SINGLE	2	364	419	11	4.981e-05	{R}
sp|P0A698|UVRA_ECOLI	SINGLE	3	489	747	33	1.419e-04	{G}
sp|P0A698|UVRA_ECOLI	SINGLE	4	740	766	4	7.937e-04	{C}
sp|P0A698|UVRA_ECOLI	SINGLE	5	595	614	6	8.840e-04	{K}
sp|P0A698|UVRA_ECOLI	SINGLE	6	253	280	4	9.111e-04	{C}
sp|P0A698|UVRA_ECOLI	WHOLE	1	1	940	66	5.557e-04	{R}
sp|P0A6A0|UBIB_ECOLI	SINGLE	1	172	218	10	5.356e-05	{R}
sp|P0A6A0|UBIB_ECOLI	SINGLE	2	275	394	15	5.475e-05	{F}
sp|P0A6A0|UBIB_ECOLI	SINGLE	3	17	93	18	1.227e-04	{L}
sp|P0A6A0|UBIB_ECOLI	SINGLE	4	523	542	4	1.878e-04	{W}
sp|P0A6A0|UBIB_ECOLI	SINGLE	5	7	79	11	5.164e-04	{R}
sp|P0A6A0|UBIB_ECOLI	SINGLE	6	225	243	4	6.290e-04	{M}
sp|P0A6A0|UBIB_ECOLI	SINGLE	7	402	425	8	8.059e-04	{L}
sp|P0A6A0|UBIB_ECOLI	MULTIPLE	1	7	93	30	8.638e-07	{LR}
sp|P0A6A3|ACKA_ECOLI	SINGLE	1	162	188	6	3.793e-04	{Y}
sp|P0A6A3|ACKA_ECOLI	SINGLE	2	52	66	6	5.574e-04	{A}
sp|P0A6A3|ACKA_ECOLI	SINGLE	3	38	256	13	7.975e-04	{H}
sp|P0A6A3|ACKA_ECOLI	SINGLE	4	212	376	22	8.131e-04	{G}
sp|P0A6A3|ACKA_ECOLI	MULTIPLE	1	59	194	27	2.462e-04	{AH}
sp|P0A6A8|ACP_ECOLI	SINGLE	1	5	61	14	1.028e-05	{E}
sp|P0A6A8|ACP_ECOLI	WHOLE	1	1	78	14	3.334e-04	{E}
sp|P0A6B4|ALR1_ECOLI	SINGLE	1	184	328	23	5.736e-05	{G}
sp|P0A6B4|ALR1_ECOLI	SINGLE	2	3	111	20	1.934e-04	{A}
sp|P0A6B4|ALR1_ECOLI	SINGLE	3	7	21	5	4.635e-04	{R}
sp|P0A6B4|ALR1_ECOLI	MULTIPLE	1	3	111	30	1.563e-05	{AR}
sp|P0A6B7|ISCS_ECOLI	SINGLE	1	219	276	11	6.904e-05	{R}
sp|P0A6B7|ISCS_ECOLI	SINGLE	2	15	29	4	2.419e-04	{M}
sp|P0A6B7|ISCS_ECOLI	SINGLE	3	204	253	11	2.799e-04	{G}
sp|P0A6B7|ISCS_ECOLI	SINGLE	4	131	176	9	2.920e-04	{I}
sp|P0A6B7|ISCS_ECOLI	SINGLE	5	322	336	6	3.585e-04	{S}
sp|P0A6B7|ISCS_ECOLI	MULTIPLE	1	204	280	24	2.144e-06	{RG}
sp|P0A6C1|END4_ECOLI	SINGLE	1	6	30	11	9.775e-07	{A}
sp|P0A6C1|END4_ECOLI	SINGLE	2	256	272	5	9.825e-04	{I}
sp|P0A6C1|END4_ECOLI	WHOLE	1	1	285	38	4.672e-04	{A}
sp|P0A6C8|ARGB_ECOLI	SINGLE	1	160	174	7	6.097e-05	{A}
sp|P0A6C8|ARGB_ECOLI	SINGLE	2	5	186	31	3.299e-04	{L}
sp|P0A6C8|ARGB_ECOLI	SINGLE	3	79	99	7	6.750e-04	{A}
sp|P0A6C8|ARGB_ECOLI	MULTIPLE	1	5	179	48	1.927e-04	{LA}
sp|P0A6D3|AROA_ECOLI	SINGLE	1	29	182	29	9.530e-05	{L}
sp|P0A6D3|AROA_ECOLI	SINGLE	2	77	299	30	1.081e-04	{G}
sp|P0A6D3|AROA_ECOLI	SINGLE	3	218	232	5	2.936e-04	{Q}
sp|P0A6D3|AROA_ECOLI	SINGLE	4	240	254	6	5.574e-04	{A}
sp|P0A6D3|AROA_ECOLI	SINGLE	5	311	325	6	5.574e-04	{A}
sp|P0A6D3|AROA_ECOLI	MULTIPLE	1	28	290	93	5.924e-06	{LGA}
sp|P0A6D5|YDIB_ECOLI	SINGLE	1	99	147	12	5.259e-05	{G}
sp|P0A6D5|YDIB_ECOLI	SINGLE	2	132	197	14	3.677e-04	{A}
sp|P0A6D5|YDIB_ECOLI	SINGLE	3	243	266	6	3.999e-04	{Q}
sp|P0A6D5|YDIB_ECOLI	MULTIPLE	1	131	147	11	2.821e-06	{GA}
sp|P0A6D7|AROK_ECOLI	SINGLE	1	54	72	7	1.103e-04	{E}
sp|P0A6D7|AROK_ECOLI	SINGLE	2	88	140	9	6.786e-04	{R}
sp|P0A6E1|AROL_ECOLI	SINGLE	1	130	145	6	3.084e-04	{E}
sp|P0A6E1|AROL_ECOLI	SINGLE	2	149	164	5	7.294e-04	{I}
sp|P0A6E1|AROL_ECOLI	SINGLE	3	55	70	6	8.219e-04	{A}
sp|P0A6E4|ASSY_ECOLI	SINGLE	1	93	112	7	1.188e-04	{T}
sp|P0A6E4|ASSY_ECOLI	SINGLE	2	26	89	13	8.636e-04	{A}
sp|P0A6E6|ATPE_ECOLI	SINGLE	1	81	127	12	1.618e-04	{A}
sp|P0A6F1|CARA_ECOLI	SINGLE	1	272	369	10	4.880e-05	{H}
sp|P0A6F1|CARA_ECOLI	SINGLE	2	134	167	9	7.625e-04	{A}
sp|P0A6F3|GLPK_ECOLI	SINGLE	1	226	311	17	3.233e-05	{G}
sp|P0A6F3|GLPK_ECOLI	SINGLE	2	28	145	15	4.894e-04	{I}
sp|P0A6F3|GLPK_ECOLI	SINGLE	3	244	496	34	7.402e-04	{A}
sp|P0A6F3|GLPK_ECOLI	MULTIPLE	1	226	496	66	5.785e-06	{GA}
sp|P0A6F5|CH60_ECOLI	SINGLE	1	532	546	9	8.209e-08	{G}
sp|P0A6F5|CH60_ECOLI	SINGLE	2	71	535	67	6.197e-07	{A}
sp|P0A6F5|CH60_ECOLI	SINGLE	3	488	548	9	6.130e-06	{M}
sp|P0A6F5|CH60_ECOLI	SINGLE	4	6	469	55	7.206e-06	{V}
sp|P0A6F5|CH60_ECOLI	SINGLE	5	156	409	31	3.143e-04	{E}
sp|P0A6F5|CH60_ECOLI	MULTIPLE	1	1	548	260	8.094e-19	{GAMVE}
sp|P0A6F5|CH60_ECOLI	WHOLE	1	1	548	74	1.917e-06	{A}
sp|P0A6F5|CH60_ECOLI	WHOLE	2	1	548	59	8.684e-05	{G}
sp|P0A6F5|CH60_ECOLI	WHOLE	3	1	548	58	8.901e-05	{V}
sp|P0A6G7|CLPP_ECOLI	SINGLE	1	1	167	12	2.480e-04	{M}
sp|P0A6H1|CLPX_ECOLI	SINGLE	1	15	44	5	9.986e-05	{C}
sp|P0A6H1|CLPX_ECOLI	SINGLE	2	354	379	8	5.129e-04	{A}
sp|P0A6H1|CLPX_ECOLI	SINGLE	3	248	271	7	6.071e-04	{G}
sp|P0A6H5|HSLU_ECOLI	SINGLE	1	182	202	5	7.041e-05	{M}
sp|P0A6H5|HSLU_ECOLI	SINGLE	2	145	211	11	1.081e-04	{Q}
sp|P0A6H5|HSLU_ECOLI	SINGLE	3	42	405	42	1.239e-04	{E}
sp|P0A6H5|HSLU_ECOLI	SINGLE	4	209	223	6	1.570e-04	{K}
sp|P0A6H5|HSLU_ECOLI	SINGLE	5	9	420	37	1.954e-04	{I}
sp|P0A6H5|HSLU_ECOLI	SINGLE	6	25	45	6	3.138e-04	{R}
sp|P0A6H5|HSLU_ECOLI	SINGLE	7	409	437	7	7.282e-04	{D}
sp|P0A6H5|HSLU_ECOLI	MULTIPLE	1	145	223	26	1.914e-06	{MQK}
sp|P0A6H5|HSLU_ECOLI	MULTIPLE	2	7	406	107	3.130e-08	{EIR}
sp|P0A6H5|HSLU_ECOLI	WHOLE	1	1	443	38	3.726e-04	{I}
sp|P0A6H5|HSLU_ECOLI	WHOLE	2	1	443	46	5.619e-04	{E}
sp|P0A6H8|CLSA_ECOLI	SINGLE	1	124	272	16	1.701e-07	{M}
sp|P0A6H8|CLSA_ECOLI	SINGLE	2	13	367	33	2.219e-04	{I}
sp|P0A6H8|CLSA_ECOLI	SINGLE	3	170	225	10	2.368e-04	{R}
sp|P0A6H8|CLSA_ECOLI	SINGLE	4	290	318	7	2.640e-04	{P}
sp|P0A6H8|CLSA_ECOLI	SINGLE	5	7	63	14	3.775e-04	{L}
sp|P0A6H8|CLSA_ECOLI	SINGLE	6	388	486	20	3.949e-04	{L}
sp|P0A6H8|CLSA_ECOLI	SINGLE	7	456	477	6	4.110e-04	{R}
sp|P0A6H8|CLSA_ECOLI	MULTIPLE	1	20	375	81	4.006e-09	{MIR}
sp|P0A6H8|CLSA_ECOLI	MULTIPLE	2	402	478	23	1.606e-04	{LR}
sp|P0A6H8|CLSA_ECOLI	WHOLE	1	1	486	24	1.374e-04	{M}
sp|P0A6I0|KCY_ECOLI	SINGLE	1	108	188	15	5.113e-06	{R}
sp|P0A6I0|KCY_ECOLI	SINGLE	2	3	227	34	9.935e-05	{A}
sp|P0A6I0|KCY_ECOLI	SINGLE	3	49	66	4	5.076e-04	{H}
sp|P0A6I0|KCY_ECOLI	MULTIPLE	1	38	199	47	1.668e-06	{RAH}
sp|P0A6I0|KCY_ECOLI	WHOLE	1	1	227	34	1.167e-04	{A}
sp|P0A6I6|COAD_ECOLI	SINGLE	1	115	130	6	5.323e-04	{S}
sp|P0A6I6|COAD_ECOLI	SINGLE	2	100	119	4	7.691e-04	{M}
sp|P0A6I6|COAD_ECOLI	MULTIPLE	1	100	130	10	2.981e-04	{SM}
sp|P0A6J1|CYSC_ECOLI	SINGLE	1	4	26	6	7.449e-06	{H}
sp|P0A6J1|CYSC_ECOLI	SINGLE	2	112	126	5	4.635e-04	{R}
sp|P0A6J1|CYSC_ECOLI	SINGLE	3	176	193	7	6.140e-04	{L}
sp|P0A6J1|CYSC_ECOLI	SINGLE	4	8	132	18	7.619e-04	{V}
sp|P0A6J1|CYSC_ECOLI	MULTIPLE	1	8	132	29	7.237e-05	{RV}
sp|P0A6J3|CYSZ_ECOLI	SINGLE	1	48	177	11	3.918e-06	{W}
sp|P0A6J3|CYSZ_ECOLI	SINGLE	2	34	86	15	4.571e-05	{L}
sp|P0A6J3|CYSZ_ECOLI	SINGLE	3	5	228	20	3.538e-04	{F}
sp|P0A6J3|CYSZ_ECOLI	SINGLE	4	198	251	6	9.624e-04	{M}
sp|P0A6J3|CYSZ_ECOLI	MULTIPLE	1	31	230	69	6.254e-10	{WLFM}
sp|P0A6J3|CYSZ_ECOLI	WHOLE	1	1	253	14	2.576e-05	{W}
sp|P0A6J5|DADA_ECOLI	SINGLE	1	35	57	9	2.916e-05	{A}
sp|P0A6J5|DADA_ECOLI	SINGLE	2	89	108	4	7.691e-04	{M}
sp|P0A6K1|DAPF_ECOLI	SINGLE	1	15	240	29	2.097e-04	{V}
sp|P0A6K1|DAPF_ECOLI	SINGLE	2	210	270	12	4.359e-04	{G}
sp|P0A6K1|DAPF_ECOLI	SINGLE	3	31	209	19	6.390e-04	{R}
sp|P0A6K1|DAPF_ECOLI	SINGLE	4	211	226	6	8.219e-04	{A}
sp|P0A6K1|DAPF_ECOLI	MULTIPLE	1	15	267	99	1.019e-06	{VGRA}
sp|P0A6K1|DAPF_ECOLI	WHOLE	1	1	274	31	9.707e-04	{V}
sp|P0A6K3|DEF_ECOLI	SINGLE	1	22	122	17	1.865e-04	{E}
sp|P0A6K3|DEF_ECOLI	SINGLE	2	28	61	7	9.725e-04	{I}
sp|P0A6K3|DEF_ECOLI	MULTIPLE	1	22	122	28	4.141e-06	{EI}
sp|P0A6K6|DEOB_ECOLI	SINGLE	1	13	228	30	6.256e-05	{G}
sp|P0A6K6|DEOB_ECOLI	SINGLE	2	279	358	13	3.313e-04	{D}
sp|P0A6K6|DEOB_ECOLI	SINGLE	3	322	344	8	5.917e-04	{L}
sp|P0A6K6|DEOB_ECOLI	WHOLE	1	1	407	46	1.538e-04	{G}
sp|P0A6L0|DEOC_ECOLI	SINGLE	1	86	247	31	2.118e-06	{A}
sp|P0A6L0|DEOC_ECOLI	SINGLE	2	46	94	9	4.678e-04	{I}
sp|P0A6L0|DEOC_ECOLI	SINGLE	3	12	26	5	9.005e-04	{D}
sp|P0A6L0|DEOC_ECOLI	MULTIPLE	1	44	247	53	1.678e-07	{AI}
sp|P0A6L0|DEOC_ECOLI	WHOLE	1	1	259	40	1.769e-05	{A}
sp|P0A6L2|DAPA_ECOLI	SINGLE	1	207	229	8	2.057e-04	{A}
sp|P0A6L4|NANA_ECOLI	SINGLE	1	18	37	6	1.375e-04	{Q}
sp|P0A6L4|NANA_ECOLI	SINGLE	2	197	219	7	4.607e-04	{G}
sp|P0A6M2|DSBB_ECOLI	SINGLE	1	16	59	12	3.534e-04	{L}
sp|P0A6M8|EFG_ECOLI	SINGLE	1	203	247	13	3.142e-06	{E}
sp|P0A6M8|EFG_ECOLI	SINGLE	2	503	581	15	1.406e-04	{G}
sp|P0A6M8|EFG_ECOLI	SINGLE	3	93	186	16	2.422e-04	{V}
sp|P0A6M8|EFG_ECOLI	SINGLE	4	24	69	10	3.416e-04	{T}
sp|P0A6M8|EFG_ECOLI	SINGLE	5	280	314	8	4.587e-04	{D}
sp|P0A6M8|EFG_ECOLI	SINGLE	6	317	336	5	7.789e-04	{F}
sp|P0A6N4|EFP_ECOLI	SINGLE	1	161	187	8	1.953e-04	{V}
sp|P0A6P1|EFTS_ECOLI	SINGLE	1	2	175	31	9.128e-06	{A}
sp|P0A6P1|EFTS_ECOLI	SINGLE	2	109	275	25	5.414e-05	{E}
sp|P0A6P1|EFTS_ECOLI	SINGLE	3	56	276	28	3.172e-04	{V}
sp|P0A6P1|EFTS_ECOLI	MULTIPLE	1	2	278	100	1.942e-09	{AEV}
sp|P0A6P1|EFTS_ECOLI	WHOLE	1	1	283	39	2.208e-04	{A}
sp|P0A6P1|EFTS_ECOLI	WHOLE	2	1	283	32	8.565e-04	{E}
sp|P0A6P5|DER_ECOLI	SINGLE	1	170	193	12	6.866e-09	{E}
sp|P0A6P5|DER_ECOLI	SINGLE	2	10	481	39	3.767e-04	{R}
sp|P0A6P5|DER_ECOLI	SINGLE	3	208	427	27	6.197e-04	{V}
sp|P0A6P5|DER_ECOLI	SINGLE	4	27	302	28	8.845e-04	{D}
sp|P0A6P5|DER_ECOLI	MULTIPLE	1	2	481	119	2.454e-06	{RVD}
sp|P0A6P5|DER_ECOLI	WHOLE	1	1	490	39	7.233e-04	{R}
sp|P0A6P9|ENO_ECOLI	SINGLE	1	35	249	40	1.866e-07	{A}
sp|P0A6P9|ENO_ECOLI	SINGLE	2	9	395	44	1.812e-04	{G}
sp|P0A6P9|ENO_ECOLI	SINGLE	3	326	346	6	3.649e-04	{I}
sp|P0A6P9|ENO_ECOLI	SINGLE	4	1	15	5	5.275e-04	{I}
sp|P0A6P9|ENO_ECOLI	SINGLE	5	291	318	7	5.850e-04	{D}
sp|P0A6P9|ENO_ECOLI	MULTIPLE	1	29	390	121	1.169e-10	{AGI}
sp|P0A6P9|ENO_ECOLI	WHOLE	1	1	432	59	1.222e-05	{A}
sp|P0A6P9|ENO_ECOLI	WHOLE	2	1	432	47	2.939e-04	{G}
sp|P0A6Q3|FABA_ECOLI	SINGLE	1	17	116	20	5.967e-06	{G}
sp|P0A6Q3|FABA_ECOLI	SINGLE	2	29	43	4	2.419e-04	{M}
sp|P0A6Q3|FABA_ECOLI	MULTIPLE	1	17	116	26	2.818e-07	{GM}
sp|P0A6Q3|FABA_ECOLI	WHOLE	1	1	172	24	2.725e-04	{G}
sp|P0A6Q6|FABZ_ECOLI	SINGLE	1	21	61	8	1.400e-04	{F}
sp|P0A6R0|FABH_ECOLI	SINGLE	1	45	168	26	2.376e-06	{A}
sp|P0A6R0|FABH_ECOLI	WHOLE	1	1	317	43	1.615e-04	{A}
sp|P0A6R3|FIS_ECOLI	SINGLE	1	65	81	4	4.036e-04	{M}
sp|P0A6R3|FIS_ECOLI	SINGLE	2	19	74	9	5.062e-04	{Q}
sp|P0A6R3|FIS_ECOLI	MULTIPLE	1	19	81	13	1.363e-04	{MQ}
sp|P0A6S5|FTSB_ECOLI	SINGLE	1	4	19	8	3.052e-05	{L}
sp|P0A6S7|GPDA_ECOLI	SINGLE	1	187	286	19	2.077e-05	{G}
sp|P0A6S7|GPDA_ECOLI	SINGLE	2	6	244	36	6.966e-05	{A}
sp|P0A6S7|GPDA_ECOLI	SINGLE	3	226	271	6	4.164e-04	{M}
sp|P0A6S7|GPDA_ECOLI	MULTIPLE	1	6	286	77	2.003e-06	{GAM}
sp|P0A6S7|GPDA_ECOLI	WHOLE	1	1	339	42	9.993e-04	{A}
sp|P0A6T1|G6PI_ECOLI	SINGLE	1	200	217	7	5.542e-05	{T}
sp|P0A6T1|G6PI_ECOLI	SINGLE	2	203	505	25	2.468e-04	{F}
sp|P0A6T1|G6PI_ECOLI	SINGLE	3	20	52	8	3.034e-04	{D}
sp|P0A6T1|G6PI_ECOLI	SINGLE	4	219	249	9	3.743e-04	{A}
sp|P0A6T1|G6PI_ECOLI	SINGLE	5	386	417	5	5.468e-04	{H}
sp|P0A6T1|G6PI_ECOLI	MULTIPLE	1	203	505	37	2.828e-05	{FH}
sp|P0A6T3|GAL1_ECOLI	SINGLE	1	324	338	8	1.486e-06	{G}
sp|P0A6T5|GCH1_ECOLI	SINGLE	1	143	164	7	2.506e-05	{Q}
sp|P0A6T5|GCH1_ECOLI	SINGLE	2	31	99	7	6.437e-04	{M}
sp|P0A6U3|MNMG_ECOLI	SINGLE	1	427	479	11	2.954e-05	{R}
sp|P0A6U3|MNMG_ECOLI	SINGLE	2	434	566	22	3.307e-05	{E}
sp|P0A6U3|MNMG_ECOLI	SINGLE	3	380	408	10	3.725e-05	{A}
sp|P0A6U3|MNMG_ECOLI	SINGLE	4	185	208	7	8.692e-05	{R}
sp|P0A6U3|MNMG_ECOLI	SINGLE	5	13	68	12	1.969e-04	{G}
sp|P0A6U3|MNMG_ECOLI	SINGLE	6	17	111	18	2.589e-04	{A}
sp|P0A6U3|MNMG_ECOLI	SINGLE	7	178	355	19	4.523e-04	{P}
sp|P0A6U3|MNMG_ECOLI	SINGLE	8	125	155	8	5.305e-04	{V}
sp|P0A6U3|MNMG_ECOLI	SINGLE	9	537	562	6	6.261e-04	{Q}
sp|P0A6U3|MNMG_ECOLI	SINGLE	10	93	109	5	8.659e-04	{R}
sp|P0A6U3|MNMG_ECOLI	MULTIPLE	1	424	566	39	8.084e-08	{RE}
sp|P0A6U3|MNMG_ECOLI	MULTIPLE	2	174	355	35	2.407e-05	{RP}
sp|P0A6U3|MNMG_ECOLI	MULTIPLE	3	13	111	39	1.850e-06	{GAR}
sp|P0A6U3|MNMG_ECOLI	WHOLE	1	1	629	47	8.440e-04	{R}
sp|P0A6V1|GLGC_ECOLI	SINGLE	1	334	395	14	2.730e-05	{V}
sp|P0A6V1|GLGC_ECOLI	SINGLE	2	375	431	11	5.875e-05	{R}
sp|P0A6V1|GLGC_ECOLI	SINGLE	3	219	243	7	2.820e-04	{D}
sp|P0A6V1|GLGC_ECOLI	SINGLE	4	192	206	5	4.135e-04	{P}
sp|P0A6V1|GLGC_ECOLI	SINGLE	5	323	364	10	5.095e-04	{S}
sp|P0A6V1|GLGC_ECOLI	MULTIPLE	1	319	423	42	1.610e-07	{VRS}
sp|P0A6W3|MRAY_ECOLI	SINGLE	1	84	308	34	2.588e-06	{V}
sp|P0A6W3|MRAY_ECOLI	SINGLE	2	186	295	18	2.218e-04	{G}
sp|P0A6W3|MRAY_ECOLI	MULTIPLE	1	84	309	60	3.285e-08	{VG}
sp|P0A6W3|MRAY_ECOLI	WHOLE	1	1	360	44	2.468e-05	{V}
sp|P0A6X1|HEM1_ECOLI	SINGLE	1	160	400	39	7.804e-06	{A}
sp|P0A6X1|HEM1_ECOLI	SINGLE	2	210	257	10	8.124e-05	{I}
sp|P0A6X1|HEM1_ECOLI	SINGLE	3	3	118	22	5.100e-04	{L}
sp|P0A6X1|HEM1_ECOLI	MULTIPLE	1	158	400	59	4.157e-07	{AI}
sp|P0A6X1|HEM1_ECOLI	WHOLE	1	1	418	50	8.248e-04	{A}
sp|P0A6X3|HFQ_ECOLI	SINGLE	1	60	98	10	2.756e-04	{S}
sp|P0A6X3|HFQ_ECOLI	SINGLE	2	70	85	4	3.155e-04	{H}
sp|P0A6X3|HFQ_ECOLI	MULTIPLE	1	57	98	15	2.679e-06	{SH}
sp|P0A6X7|IHFA_ECOLI	SINGLE	1	25	42	6	6.250e-04	{E}
sp|P0A6Y5|HSLO_ECOLI	SINGLE	1	193	258	13	2.146e-04	{E}
sp|P0A6Y5|HSLO_ECOLI	SINGLE	2	230	266	5	2.727e-04	{C}
sp|P0A6Y5|HSLO_ECOLI	SINGLE	3	71	85	5	2.875e-04	{N}
sp|P0A6Y5|HSLO_ECOLI	MULTIPLE	1	193	266	18	1.446e-05	{EC}
sp|P0A6Y8|DNAK_ECOLI	SINGLE	1	589	610	9	1.497e-07	{Q}
sp|P0A6Y8|DNAK_ECOLI	SINGLE	2	553	621	17	1.365e-05	{A}
sp|P0A6Y8|DNAK_ECOLI	SINGLE	3	182	636	44	1.472e-04	{D}
sp|P0A6Y8|DNAK_ECOLI	SINGLE	4	300	394	16	2.723e-04	{V}
sp|P0A6Y8|DNAK_ECOLI	SINGLE	5	403	420	6	4.891e-04	{T}
sp|P0A6Y8|DNAK_ECOLI	SINGLE	6	95	178	16	5.045e-04	{A}
sp|P0A6Y8|DNAK_ECOLI	SINGLE	7	4	207	21	7.302e-04	{I}
sp|P0A6Y8|DNAK_ECOLI	SINGLE	8	106	125	6	8.840e-04	{K}
sp|P0A6Y8|DNAK_ECOLI	MULTIPLE	1	559	621	25	2.392e-08	{QA}
sp|P0A6Y8|DNAK_ECOLI	MULTIPLE	2	69	587	125	3.826e-06	{DIK}
sp|P0A6Y8|DNAK_ECOLI	WHOLE	1	1	638	55	4.182e-04	{D}
sp|P0A6Z3|HTPG_ECOLI	SINGLE	1	146	248	20	7.072e-06	{E}
sp|P0A6Z3|HTPG_ECOLI	SINGLE	2	41	544	46	3.502e-04	{D}
sp|P0A6Z3|HTPG_ECOLI	SINGLE	3	595	622	9	5.211e-04	{L}
sp|P0A6Z3|HTPG_ECOLI	WHOLE	1	1	624	60	6.798e-04	{E}
sp|P0A6Z6|NIKR_ECOLI	SINGLE	1	76	92	7	3.651e-08	{H}
sp|P0A6Z6|NIKR_ECOLI	SINGLE	2	22	37	5	6.419e-04	{R}
sp|P0A6Z6|NIKR_ECOLI	WHOLE	1	1	133	12	3.068e-05	{H}
sp|P0A700|HYPA_ECOLI	SINGLE	1	38	93	9	2.439e-07	{C}
sp|P0A700|HYPA_ECOLI	SINGLE	2	58	74	6	4.457e-04	{E}
sp|P0A700|HYPA_ECOLI	SINGLE	3	67	115	8	9.076e-04	{Q}
sp|P0A700|HYPA_ECOLI	WHOLE	1	1	116	10	1.625e-05	{C}
sp|P0A703|HYBF_ECOLI	SINGLE	1	38	92	7	2.512e-05	{C}
sp|P0A703|HYBF_ECOLI	WHOLE	1	1	113	8	4.045e-04	{C}
sp|P0A705|IF2_ECOLI	SINGLE	1	98	248	38	2.890e-13	{E}
sp|P0A705|IF2_ECOLI	SINGLE	2	99	496	69	3.020e-10	{A}
sp|P0A705|IF2_ECOLI	SINGLE	3	63	290	32	4.308e-08	{R}
sp|P0A705|IF2_ECOLI	SINGLE	4	306	879	71	1.002e-07	{V}
sp|P0A705|IF2_ECOLI	SINGLE	5	14	178	20	2.422e-05	{Q}
sp|P0A705|IF2_ECOLI	SINGLE	6	249	638	45	1.156e-04	{G}
sp|P0A705|IF2_ECOLI	SINGLE	7	31	338	35	2.158e-04	{K}
sp|P0A705|IF2_ECOLI	SINGLE	8	325	342	4	5.076e-04	{M}
sp|P0A705|IF2_ECOLI	SINGLE	9	875	889	5	5.275e-04	{I}
sp|P0A705|IF2_ECOLI	MULTIPLE	1	75	860	471	4.818e-28	{EARVGKM}
sp|P0A705|IF2_ECOLI	WHOLE	1	1	890	99	8.921e-08	{E}
sp|P0A705|IF2_ECOLI	WHOLE	2	1	890	109	1.313e-06	{A}
sp|P0A705|IF2_ECOLI	WHOLE	3	1	890	67	9.470e-05	{R}
sp|P0A705|IF2_ECOLI	WHOLE	4	1	890	83	2.470e-04	{V}
sp|P0A707|IF3_ECOLI	SINGLE	1	72	97	10	1.555e-06	{K}
sp|P0A707|IF3_ECOLI	SINGLE	2	18	61	10	3.399e-04	{E}
sp|P0A710|YCIB_ECOLI	SINGLE	1	4	161	18	3.688e-05	{F}
sp|P0A710|YCIB_ECOLI	SINGLE	2	31	60	8	4.209e-04	{V}
sp|P0A710|YCIB_ECOLI	SINGLE	3	15	34	7	4.883e-04	{A}
sp|P0A710|YCIB_ECOLI	SINGLE	4	76	146	6	5.912e-04	{W}
sp|P0A710|YCIB_ECOLI	SINGLE	5	84	164	17	6.462e-04	{L}
sp|P0A710|YCIB_ECOLI	MULTIPLE	1	4	164	69	2.813e-10	{FVWL}
sp|P0A710|YCIB_ECOLI	WHOLE	1	1	179	18	1.706e-04	{F}
sp|P0A712|KDGT_ECOLI	SINGLE	1	255	294	14	9.207e-07	{A}
sp|P0A712|KDGT_ECOLI	SINGLE	2	203	322	18	1.851e-05	{I}
sp|P0A712|KDGT_ECOLI	SINGLE	3	12	264	35	1.914e-05	{G}
sp|P0A712|KDGT_ECOLI	SINGLE	4	166	208	9	3.103e-05	{F}
sp|P0A712|KDGT_ECOLI	SINGLE	5	118	155	6	1.464e-04	{M}
sp|P0A712|KDGT_ECOLI	SINGLE	6	70	88	6	8.474e-04	{V}
sp|P0A712|KDGT_ECOLI	SINGLE	7	83	117	9	9.458e-04	{A}
sp|P0A712|KDGT_ECOLI	MULTIPLE	1	10	326	172	1.414e-16	{AIGFMV}
sp|P0A712|KDGT_ECOLI	WHOLE	1	1	327	32	1.142e-04	{I}
sp|P0A712|KDGT_ECOLI	WHOLE	2	1	327	44	1.640e-04	{A}
sp|P0A712|KDGT_ECOLI	WHOLE	3	1	327	36	9.757e-04	{G}
sp|P0A715|KDSA_ECOLI	SINGLE	1	212	258	12	1.618e-04	{A}
sp|P0A715|KDSA_ECOLI	SINGLE	2	90	200	17	5.342e-04	{V}
sp|P0A717|KPRS_ECOLI	SINGLE	1	32	219	28	2.260e-05	{V}
sp|P0A717|KPRS_ECOLI	SINGLE	2	78	105	8	3.227e-05	{R}
sp|P0A717|KPRS_ECOLI	SINGLE	3	115	224	16	2.693e-04	{D}
sp|P0A717|KPRS_ECOLI	SINGLE	4	232	258	8	6.718e-04	{A}
sp|P0A717|KPRS_ECOLI	MULTIPLE	1	29	224	67	1.910e-09	{VRD}
sp|P0A720|KTHY_ECOLI	SINGLE	1	149	173	7	1.149e-04	{R}
sp|P0A722|LPXA_ECOLI	SINGLE	1	17	206	28	3.871e-05	{G}
sp|P0A722|LPXA_ECOLI	SINGLE	2	2	222	24	1.634e-04	{I}
sp|P0A722|LPXA_ECOLI	SINGLE	3	9	191	12	5.411e-04	{H}
sp|P0A722|LPXA_ECOLI	MULTIPLE	1	9	215	62	8.084e-10	{GIH}
sp|P0A722|LPXA_ECOLI	WHOLE	1	1	262	26	3.513e-04	{I}
sp|P0A725|LPXC_ECOLI	SINGLE	1	147	258	13	3.267e-04	{F}
sp|P0A725|LPXC_ECOLI	SINGLE	2	89	103	5	5.275e-04	{I}
sp|P0A725|LPXC_ECOLI	SINGLE	3	43	246	23	6.158e-04	{D}
sp|P0A725|LPXC_ECOLI	MULTIPLE	1	43	248	38	2.951e-05	{FD}
sp|P0A729|NTPPB_ECOLI	SINGLE	1	115	146	5	5.468e-04	{H}
sp|P0A731|MGSA_ECOLI	SINGLE	1	13	40	5	2.914e-04	{H}
sp|P0A738|MOAC_ECOLI	SINGLE	1	9	66	14	9.257e-05	{A}
sp|P0A742|MSCL_ECOLI	SINGLE	1	3	99	15	6.050e-05	{I}
sp|P0A742|MSCL_ECOLI	SINGLE	2	78	93	5	2.574e-04	{F}
sp|P0A742|MSCL_ECOLI	MULTIPLE	1	3	99	25	5.924e-07	{IF}
sp|P0A742|MSCL_ECOLI	WHOLE	1	1	136	16	7.382e-04	{I}
sp|P0A744|MSRA_ECOLI	SINGLE	1	148	164	8	1.664e-05	{A}
sp|P0A744|MSRA_ECOLI	SINGLE	2	181	198	5	3.959e-04	{Y}
sp|P0A746|MSRB_ECOLI	SINGLE	1	46	118	6	9.686e-04	{C}
sp|P0A749|MURA_ECOLI	SINGLE	1	98	224	20	1.763e-04	{G}
sp|P0A749|MURA_ECOLI	SINGLE	2	181	250	11	4.578e-04	{I}
sp|P0A749|MURA_ECOLI	SINGLE	3	21	35	6	5.574e-04	{A}
sp|P0A749|MURA_ECOLI	MULTIPLE	1	94	250	39	1.771e-06	{GI}
sp|P0A754|KEFF_ECOLI	SINGLE	1	8	175	15	3.943e-06	{H}
sp|P0A754|KEFF_ECOLI	SINGLE	2	85	120	10	7.009e-05	{G}
sp|P0A754|KEFF_ECOLI	SINGLE	3	61	102	5	3.585e-04	{W}
sp|P0A754|KEFF_ECOLI	MULTIPLE	1	84	120	16	2.445e-08	{HG}
sp|P0A754|KEFF_ECOLI	WHOLE	1	1	176	15	6.842e-06	{H}
sp|P0A761|NANE_ECOLI	SINGLE	1	36	63	11	3.686e-06	{A}
sp|P0A761|NANE_ECOLI	SINGLE	2	50	104	10	2.550e-04	{I}
sp|P0A761|NANE_ECOLI	MULTIPLE	1	34	104	28	1.221e-08	{AI}
sp|P0A761|NANE_ECOLI	WHOLE	1	1	229	36	2.976e-05	{A}
sp|P0A769|MNTH_ECOLI	SINGLE	1	13	298	47	7.191e-07	{A}
sp|P0A769|MNTH_ECOLI	SINGLE	2	122	412	50	7.211e-06	{L}
sp|P0A769|MNTH_ECOLI	SINGLE	3	290	406	20	4.447e-05	{V}
sp|P0A769|MNTH_ECOLI	SINGLE	4	27	173	18	2.358e-04	{I}
sp|P0A769|MNTH_ECOLI	SINGLE	5	210	224	4	2.419e-04	{H}
sp|P0A769|MNTH_ECOLI	MULTIPLE	1	13	412	182	1.868e-13	{ALVI}
sp|P0A769|MNTH_ECOLI	WHOLE	1	1	412	60	1.214e-04	{L}
sp|P0A769|MNTH_ECOLI	WHOLE	2	1	412	52	2.229e-04	{A}
sp|P0A776|RPPH_ECOLI	SINGLE	1	24	130	8	1.793e-04	{W}
sp|P0A776|RPPH_ECOLI	SINGLE	2	8	175	19	3.062e-04	{R}
sp|P0A776|RPPH_ECOLI	SINGLE	3	127	155	8	3.301e-04	{V}
sp|P0A776|RPPH_ECOLI	SINGLE	4	19	37	5	9.524e-04	{Q}
sp|P0A776|RPPH_ECOLI	MULTIPLE	1	52	147	29	3.906e-06	{WRV}
sp|P0A776|RPPH_ECOLI	WHOLE	1	1	176	19	5.265e-04	{R}
sp|P0A790|PAND_ECOLI	SINGLE	1	28	87	10	5.105e-04	{I}
sp|P0A790|PAND_ECOLI	SINGLE	2	59	79	7	6.750e-04	{A}
sp|P0A790|PAND_ECOLI	MULTIPLE	1	27	88	22	3.150e-06	{IA}
sp|P0A794|PDXJ_ECOLI	SINGLE	1	119	232	26	4.606e-07	{A}
sp|P0A794|PDXJ_ECOLI	SINGLE	2	47	68	7	4.726e-05	{R}
sp|P0A794|PDXJ_ECOLI	SINGLE	3	14	39	8	5.129e-04	{A}
sp|P0A794|PDXJ_ECOLI	WHOLE	1	1	243	40	4.085e-06	{A}
sp|P0A796|PFKA_ECOLI	SINGLE	1	6	286	37	3.258e-05	{G}
sp|P0A796|PFKA_ECOLI	SINGLE	2	82	301	23	3.602e-04	{I}
sp|P0A796|PFKA_ECOLI	MULTIPLE	1	2	301	65	2.497e-07	{GI}
sp|P0A796|PFKA_ECOLI	WHOLE	1	1	320	38	1.993e-04	{G}
sp|P0A799|PGK_ECOLI	SINGLE	1	130	385	41	6.112e-06	{A}
sp|P0A799|PGK_ECOLI	SINGLE	2	77	112	9	3.141e-04	{V}
sp|P0A799|PGK_ECOLI	SINGLE	3	283	359	11	9.934e-04	{I}
sp|P0A799|PGK_ECOLI	MULTIPLE	1	140	365	54	1.952e-06	{AI}
sp|P0A799|PGK_ECOLI	WHOLE	1	1	387	48	5.037e-04	{A}
sp|P0A7A7|PLSB_ECOLI	SINGLE	1	131	738	55	3.517e-06	{R}
sp|P0A7A7|PLSB_ECOLI	SINGLE	2	187	257	17	2.015e-05	{A}
sp|P0A7A7|PLSB_ECOLI	SINGLE	3	285	328	7	3.967e-05	{H}
sp|P0A7A7|PLSB_ECOLI	SINGLE	4	5	143	18	6.356e-05	{P}
sp|P0A7A7|PLSB_ECOLI	SINGLE	5	11	79	17	9.560e-05	{L}
sp|P0A7A7|PLSB_ECOLI	SINGLE	6	506	526	6	1.796e-04	{N}
sp|P0A7A7|PLSB_ECOLI	SINGLE	7	404	673	16	2.335e-04	{M}
sp|P0A7A7|PLSB_ECOLI	SINGLE	8	313	797	66	3.573e-04	{L}
sp|P0A7A7|PLSB_ECOLI	SINGLE	9	337	383	8	3.626e-04	{F}
sp|P0A7A7|PLSB_ECOLI	SINGLE	10	509	534	8	5.129e-04	{A}
sp|P0A7A7|PLSB_ECOLI	MULTIPLE	1	5	743	251	3.907e-12	{RHPLM}
sp|P0A7A7|PLSB_ECOLI	MULTIPLE	2	506	534	14	1.697e-06	{NA}
sp|P0A7A7|PLSB_ECOLI	WHOLE	1	1	807	63	5.672e-05	{R}
sp|P0A7A7|PLSB_ECOLI	WHOLE	2	1	807	104	1.136e-04	{L}
sp|P0A7A9|IPYR_ECOLI	SINGLE	1	69	90	6	3.601e-04	{P}
sp|P0A7B1|PPK1_ECOLI	SINGLE	1	20	672	61	4.217e-07	{R}
sp|P0A7B1|PPK1_ECOLI	SINGLE	2	225	247	5	1.114e-04	{M}
sp|P0A7B1|PPK1_ECOLI	SINGLE	3	369	387	6	2.019e-04	{I}
sp|P0A7B1|PPK1_ECOLI	SINGLE	4	175	195	6	2.747e-04	{P}
sp|P0A7B1|PPK1_ECOLI	SINGLE	5	570	654	12	6.776e-04	{I}
sp|P0A7B1|PPK1_ECOLI	SINGLE	6	296	313	5	7.186e-04	{N}
sp|P0A7B1|PPK1_ECOLI	SINGLE	7	106	133	6	9.375e-04	{Q}
sp|P0A7B1|PPK1_ECOLI	MULTIPLE	1	30	681	152	7.215e-11	{RIN}
sp|P0A7B1|PPK1_ECOLI	WHOLE	1	1	688	61	2.133e-06	{R}
sp|P0A7B1|PPK1_ECOLI	WHOLE	2	1	688	53	4.442e-04	{I}
sp|P0A7B3|NADK_ECOLI	SINGLE	1	110	139	7	2.099e-04	{Q}
sp|P0A7B3|NADK_ECOLI	SINGLE	2	142	270	16	4.284e-04	{I}
sp|P0A7B3|NADK_ECOLI	SINGLE	3	173	246	14	5.255e-04	{S}
sp|P0A7B3|NADK_ECOLI	SINGLE	4	4	23	4	7.691e-04	{H}
sp|P0A7B3|NADK_ECOLI	MULTIPLE	1	160	252	26	2.085e-05	{IS}
sp|P0A7B5|PROB_ECOLI	SINGLE	1	36	287	39	2.105e-05	{A}
sp|P0A7B5|PROB_ECOLI	SINGLE	2	203	355	23	1.260e-04	{G}
sp|P0A7B5|PROB_ECOLI	SINGLE	3	45	349	29	3.420e-04	{I}
sp|P0A7B5|PROB_ECOLI	SINGLE	4	152	168	7	4.133e-04	{L}
sp|P0A7B5|PROB_ECOLI	SINGLE	5	127	151	6	4.915e-04	{N}
sp|P0A7B5|PROB_ECOLI	SINGLE	6	107	204	14	7.207e-04	{D}
sp|P0A7B5|PROB_ECOLI	MULTIPLE	1	40	358	127	1.983e-09	{AGID}
sp|P0A7B5|PROB_ECOLI	WHOLE	1	1	367	45	8.652e-04	{A}
sp|P0A7B8|HSLV_ECOLI	SINGLE	1	45	156	21	1.023e-04	{A}
sp|P0A7C2|LEXA_ECOLI	SINGLE	1	133	155	7	4.064e-04	{V}
sp|P0A7D1|PTH_ECOLI	SINGLE	1	101	152	13	2.092e-05	{G}
sp|P0A7D1|PTH_ECOLI	SINGLE	2	10	43	9	7.625e-04	{A}
sp|P0A7D4|PURA_ECOLI	SINGLE	1	304	318	6	3.887e-05	{R}
sp|P0A7D4|PURA_ECOLI	SINGLE	2	216	309	17	9.876e-05	{G}
sp|P0A7D4|PURA_ECOLI	SINGLE	3	183	232	10	2.943e-04	{D}
sp|P0A7D4|PURA_ECOLI	SINGLE	4	400	414	5	5.275e-04	{I}
sp|P0A7D4|PURA_ECOLI	WHOLE	1	1	432	46	5.036e-04	{G}
sp|P0A7E1|PYRD_ECOLI	SINGLE	1	138	336	25	1.254e-05	{I}
sp|P0A7E1|PYRD_ECOLI	SINGLE	2	111	143	7	3.754e-04	{N}
sp|P0A7E1|PYRD_ECOLI	SINGLE	3	51	141	15	6.280e-04	{G}
sp|P0A7E1|PYRD_ECOLI	MULTIPLE	1	59	336	59	1.602e-06	{IG}
sp|P0A7E1|PYRD_ECOLI	WHOLE	1	1	336	30	7.129e-04	{I}
sp|P0A7E3|PYRE_ECOLI	SINGLE	1	8	68	10	9.851e-05	{F}
sp|P0A7E3|PYRE_ECOLI	SINGLE	2	127	188	11	1.613e-04	{I}
sp|P0A7E5|PYRG_ECOLI	SINGLE	1	78	105	8	3.227e-05	{R}
sp|P0A7E5|PYRG_ECOLI	SINGLE	2	6	387	36	9.773e-05	{I}
sp|P0A7E5|PYRG_ECOLI	SINGLE	3	130	146	6	4.943e-04	{G}
sp|P0A7E5|PYRG_ECOLI	SINGLE	4	17	31	6	5.574e-04	{A}
sp|P0A7E5|PYRG_ECOLI	SINGLE	5	337	360	7	6.071e-04	{G}
sp|P0A7E5|PYRG_ECOLI	MULTIPLE	1	6	387	72	1.021e-05	{IG}
sp|P0A7E9|PYRH_ECOLI	SINGLE	1	48	80	10	3.136e-05	{G}
sp|P0A7E9|PYRH_ECOLI	SINGLE	2	71	91	5	7.041e-05	{M}
sp|P0A7E9|PYRH_ECOLI	MULTIPLE	1	48	91	16	4.150e-07	{GM}
sp|P0A7F6|SPED_ECOLI	SINGLE	1	20	188	21	6.515e-05	{I}
sp|P0A7F6|SPED_ECOLI	SINGLE	2	97	230	11	1.444e-04	{H}
sp|P0A7F6|SPED_ECOLI	SINGLE	3	177	261	8	4.498e-04	{M}
sp|P0A7F6|SPED_ECOLI	MULTIPLE	1	51	188	25	9.498e-06	{IH}
sp|P0A7F9|QUEA_ECOLI	SINGLE	1	239	268	9	2.883e-04	{A}
sp|P0A7F9|QUEA_ECOLI	SINGLE	2	198	258	12	3.631e-04	{V}
sp|P0A7F9|QUEA_ECOLI	SINGLE	3	28	56	9	6.862e-04	{L}
sp|P0A7F9|QUEA_ECOLI	MULTIPLE	1	195	268	25	1.446e-05	{AV}
sp|P0A7G6|RECA_ECOLI	SINGLE	1	165	203	6	1.692e-04	{M}
sp|P0A7G6|RECA_ECOLI	SINGLE	2	281	323	10	1.898e-04	{K}
sp|P0A7G6|RECA_ECOLI	SINGLE	3	16	302	34	4.052e-04	{G}
sp|P0A7G6|RECA_ECOLI	SINGLE	4	82	180	18	4.230e-04	{A}
sp|P0A7G6|RECA_ECOLI	SINGLE	5	232	248	6	4.421e-04	{V}
sp|P0A7G6|RECA_ECOLI	MULTIPLE	1	10	308	69	2.215e-05	{GA}
sp|P0A7H0|RECF_ECOLI	SINGLE	1	50	319	29	3.011e-05	{R}
sp|P0A7H0|RECF_ECOLI	SINGLE	2	225	239	6	2.062e-04	{E}
sp|P0A7H0|RECF_ECOLI	SINGLE	3	269	320	13	4.981e-04	{L}
sp|P0A7H0|RECF_ECOLI	SINGLE	4	24	146	18	7.993e-04	{G}
sp|P0A7H0|RECF_ECOLI	MULTIPLE	1	28	320	117	6.251e-07	{RELG}
sp|P0A7H0|RECF_ECOLI	WHOLE	1	1	357	32	3.058e-04	{R}
sp|P0A7I4|RF3_ECOLI	SINGLE	1	425	474	13	1.074e-05	{V}
sp|P0A7I4|RF3_ECOLI	SINGLE	2	81	156	12	6.952e-04	{D}
sp|P0A7I7|RIBA_ECOLI	SINGLE	1	143	179	7	7.584e-04	{N}
sp|P0A7J0|RIBB_ECOLI	SINGLE	1	88	117	8	3.126e-04	{T}
sp|P0A7J0|RIBB_ECOLI	SINGLE	2	101	216	20	4.279e-04	{A}
sp|P0A7J0|RIBB_ECOLI	MULTIPLE	1	88	211	35	1.803e-05	{TA}
sp|P0A7J3|RL10_ECOLI	SINGLE	1	91	165	21	1.546e-07	{A}
sp|P0A7J3|RL10_ECOLI	SINGLE	2	42	62	6	3.138e-04	{R}
sp|P0A7J3|RL10_ECOLI	SINGLE	3	12	55	10	3.359e-04	{V}
sp|P0A7J3|RL10_ECOLI	MULTIPLE	1	12	64	18	8.565e-06	{RV}
sp|P0A7J3|RL10_ECOLI	WHOLE	1	1	165	33	3.787e-07	{A}
sp|P0A7J7|RL11_ECOLI	SINGLE	1	81	100	7	1.165e-04	{K}
sp|P0A7K2|RL7_ECOLI	SINGLE	1	11	116	28	6.253e-09	{A}
sp|P0A7K2|RL7_ECOLI	SINGLE	2	12	73	12	4.210e-04	{V}
sp|P0A7K2|RL7_ECOLI	MULTIPLE	1	11	120	44	3.034e-11	{AV}
sp|P0A7K2|RL7_ECOLI	WHOLE	1	1	121	28	1.271e-07	{A}
sp|P0A7K6|RL19_ECOLI	SINGLE	1	26	92	14	6.569e-05	{V}
sp|P0A7K6|RL19_ECOLI	SINGLE	2	51	113	11	1.461e-04	{R}
sp|P0A7K6|RL19_ECOLI	MULTIPLE	1	17	113	28	1.392e-06	{VR}
sp|P0A7L0|RL1_ECOLI	SINGLE	1	76	92	8	1.664e-05	{A}
sp|P0A7L0|RL1_ECOLI	SINGLE	2	39	161	20	8.814e-05	{V}
sp|P0A7L0|RL1_ECOLI	SINGLE	3	154	211	12	1.471e-04	{K}
sp|P0A7L0|RL1_ECOLI	MULTIPLE	1	26	212	70	4.510e-08	{AVK}
sp|P0A7L0|RL1_ECOLI	WHOLE	1	1	234	29	3.593e-04	{V}
sp|P0A7L0|RL1_ECOLI	WHOLE	2	1	234	33	3.997e-04	{A}
sp|P0A7L3|RL20_ECOLI	SINGLE	1	3	70	15	5.276e-07	{R}
sp|P0A7L3|RL20_ECOLI	SINGLE	2	2	118	22	6.929e-05	{A}
sp|P0A7L3|RL20_ECOLI	MULTIPLE	1	2	118	38	1.411e-08	{RA}
sp|P0A7L3|RL20_ECOLI	WHOLE	1	1	118	22	7.857e-05	{A}
sp|P0A7L3|RL20_ECOLI	WHOLE	2	1	118	16	1.198e-04	{R}
sp|P0A7L8|RL27_ECOLI	SINGLE	1	7	54	11	1.943e-04	{G}
sp|P0A7L8|RL27_ECOLI	SINGLE	2	62	78	6	3.418e-04	{K}
sp|P0A7M2|RL28_ECOLI	SINGLE	1	3	74	11	4.610e-04	{R}
sp|P0A7M2|RL28_ECOLI	WHOLE	1	1	78	11	8.838e-04	{R}
sp|P0A7M6|RL29_ECOLI	SINGLE	1	25	45	6	1.841e-04	{Q}
sp|P0A7M9|RL31_ECOLI	SINGLE	1	16	40	4	5.908e-04	{C}
sp|P0A7N9|RL33_ECOLI	SINGLE	1	3	55	12	6.055e-05	{K}
sp|P0A7N9|RL33_ECOLI	WHOLE	1	1	55	12	8.766e-05	{K}
sp|P0A7R1|RL9_ECOLI	SINGLE	1	23	111	21	3.053e-06	{A}
sp|P0A7R1|RL9_ECOLI	SINGLE	2	103	147	12	1.754e-05	{V}
sp|P0A7R1|RL9_ECOLI	MULTIPLE	1	19	148	41	3.137e-07	{AV}
sp|P0A7R1|RL9_ECOLI	WHOLE	1	1	149	24	3.505e-04	{A}
sp|P0A7R1|RL9_ECOLI	WHOLE	2	1	149	20	9.627e-04	{V}
sp|P0A7R5|RS10_ECOLI	SINGLE	1	5	72	11	2.846e-04	{R}
sp|P0A7R9|RS11_ECOLI	SINGLE	1	39	54	6	3.425e-04	{G}
sp|P0A7R9|RS11_ECOLI	SINGLE	2	59	73	6	5.574e-04	{A}
sp|P0A7S3|RS12_ECOLI	SINGLE	1	9	121	15	2.368e-04	{R}
sp|P0A7S3|RS12_ECOLI	WHOLE	1	1	124	15	6.066e-04	{R}
sp|P0A7S9|RS13_ECOLI	SINGLE	1	70	113	12	6.396e-07	{R}
sp|P0A7S9|RS13_ECOLI	SINGLE	2	4	53	9	5.424e-04	{I}
sp|P0A7S9|RS13_ECOLI	WHOLE	1	1	118	15	3.697e-04	{R}
sp|P0A7T3|RS16_ECOLI	SINGLE	1	5	35	7	4.684e-04	{R}
sp|P0A7T7|RS18_ECOLI	SINGLE	1	3	73	12	1.033e-04	{R}
sp|P0A7T7|RS18_ECOLI	WHOLE	1	1	75	12	1.732e-04	{R}
sp|P0A7U3|RS19_ECOLI	SINGLE	1	6	29	7	4.028e-04	{K}
sp|P0A7U7|RS20_ECOLI	SINGLE	1	37	87	14	2.089e-05	{A}
sp|P0A7U7|RS20_ECOLI	SINGLE	2	5	85	14	3.008e-04	{K}
sp|P0A7U7|RS20_ECOLI	MULTIPLE	1	2	87	33	1.514e-08	{AK}
sp|P0A7U7|RS20_ECOLI	WHOLE	1	1	87	19	2.663e-05	{A}
sp|P0A7U7|RS20_ECOLI	WHOLE	2	1	87	14	6.095e-04	{K}
sp|P0A7V0|RS2_ECOLI	SINGLE	1	188	205	6	2.760e-04	{D}
sp|P0A7V3|RS3_ECOLI	SINGLE	1	126	179	11	3.532e-05	{R}
sp|P0A7V3|RS3_ECOLI	SINGLE	2	55	103	9	4.678e-04	{I}
sp|P0A7V8|RS4_ECOLI	SINGLE	1	3	188	22	6.145e-05	{R}
sp|P0A7V8|RS4_ECOLI	SINGLE	2	125	143	6	8.474e-04	{V}
sp|P0A7V8|RS4_ECOLI	MULTIPLE	1	44	155	28	2.451e-05	{RV}
sp|P0A7V8|RS4_ECOLI	WHOLE	1	1	206	22	2.478e-04	{R}
sp|P0A7W1|RS5_ECOLI	SINGLE	1	27	51	8	1.258e-04	{G}
sp|P0A7X3|RS9_ECOLI	SINGLE	1	80	130	12	3.414e-06	{R}
sp|P0A7X3|RS9_ECOLI	SINGLE	2	68	82	6	2.293e-04	{G}
sp|P0A7X3|RS9_ECOLI	WHOLE	1	1	130	19	1.097e-05	{R}
sp|P0A7X6|RIMM_ECOLI	SINGLE	1	45	59	6	2.215e-05	{Q}
sp|P0A7X6|RIMM_ECOLI	SINGLE	2	69	179	15	8.406e-04	{D}
sp|P0A7Y0|RNC_ECOLI	SINGLE	1	59	108	9	4.446e-04	{R}
sp|P0A7Y4|RNH_ECOLI	SINGLE	1	81	120	6	2.521e-05	{W}
sp|P0A7Y4|RNH_ECOLI	SINGLE	2	85	99	6	1.570e-04	{K}
sp|P0A7Y4|RNH_ECOLI	SINGLE	3	11	30	7	1.789e-04	{G}
sp|P0A7Y4|RNH_ECOLI	MULTIPLE	1	81	122	14	1.380e-06	{WK}
sp|P0A7Z0|RPIA_ECOLI	SINGLE	1	21	97	14	3.537e-04	{G}
sp|P0A7Z0|RPIA_ECOLI	SINGLE	2	78	189	14	8.486e-04	{I}
sp|P0A7Z0|RPIA_ECOLI	SINGLE	3	133	218	14	8.508e-04	{V}
sp|P0A7Z0|RPIA_ECOLI	MULTIPLE	1	18	218	68	3.767e-08	{GIV}
sp|P0A7Z4|RPOA_ECOLI	SINGLE	1	162	248	16	1.018e-04	{E}
sp|P0A7Z4|RPOA_ECOLI	SINGLE	2	143	238	13	4.794e-04	{R}
sp|P0A7Z4|RPOA_ECOLI	MULTIPLE	1	143	248	29	2.968e-06	{ER}
sp|P0A7Z4|RPOA_ECOLI	WHOLE	1	1	329	36	7.892e-04	{E}
sp|P0A800|RPOZ_ECOLI	SINGLE	1	41	79	10	1.219e-04	{E}
sp|P0A800|RPOZ_ECOLI	SINGLE	2	62	81	6	1.375e-04	{Q}
sp|P0A800|RPOZ_ECOLI	MULTIPLE	1	53	79	13	1.136e-06	{EQ}
sp|P0A809|RUVA_ECOLI	SINGLE	1	143	202	15	3.508e-05	{A}
sp|P0A812|RUVB_ECOLI	SINGLE	1	214	231	8	7.422e-07	{R}
sp|P0A814|RUVC_ECOLI	SINGLE	1	65	147	18	4.638e-05	{A}
sp|P0A814|RUVC_ECOLI	SINGLE	2	87	126	9	6.977e-04	{V}
sp|P0A814|RUVC_ECOLI	MULTIPLE	1	65	147	28	4.883e-06	{AV}
sp|P0A817|METK_ECOLI	SINGLE	1	229	265	12	2.405e-06	{G}
sp|P0A817|METK_ECOLI	SINGLE	2	275	292	8	2.760e-05	{A}
sp|P0A817|METK_ECOLI	SINGLE	3	326	348	8	5.917e-04	{L}
sp|P0A821|SELA_ECOLI	SINGLE	1	98	165	18	2.691e-06	{A}
sp|P0A821|SELA_ECOLI	SINGLE	2	244	462	40	1.274e-05	{L}
sp|P0A821|SELA_ECOLI	SINGLE	3	6	140	16	5.152e-04	{R}
sp|P0A821|SELA_ECOLI	MULTIPLE	1	14	165	40	2.513e-06	{AR}
sp|P0A821|SELA_ECOLI	WHOLE	1	1	463	68	3.981e-05	{L}
sp|P0A821|SELA_ECOLI	WHOLE	2	1	463	54	9.433e-04	{A}
sp|P0A825|GLYA_ECOLI	SINGLE	1	48	271	31	5.175e-05	{G}
sp|P0A825|GLYA_ECOLI	SINGLE	2	55	70	5	2.180e-04	{Y}
sp|P0A825|GLYA_ECOLI	SINGLE	3	14	36	7	4.101e-04	{E}
sp|P0A825|GLYA_ECOLI	SINGLE	4	123	228	9	4.304e-04	{H}
sp|P0A825|GLYA_ECOLI	SINGLE	5	199	223	7	6.967e-04	{V}
sp|P0A825|GLYA_ECOLI	MULTIPLE	1	55	271	55	1.468e-07	{GYH}
sp|P0A830|DCTA_ECOLI	SINGLE	1	17	262	37	1.361e-09	{I}
sp|P0A830|DCTA_ECOLI	SINGLE	2	132	252	15	6.012e-05	{F}
sp|P0A830|DCTA_ECOLI	SINGLE	3	42	413	42	1.852e-04	{V}
sp|P0A830|DCTA_ECOLI	SINGLE	4	110	146	10	3.371e-04	{A}
sp|P0A830|DCTA_ECOLI	SINGLE	5	20	392	41	5.194e-04	{G}
sp|P0A830|DCTA_ECOLI	MULTIPLE	1	11	399	196	9.805e-18	{IFVAG}
sp|P0A830|DCTA_ECOLI	WHOLE	1	1	428	47	2.112e-07	{I}
sp|P0A832|SSRP_ECOLI	SINGLE	1	119	156	10	6.439e-05	{K}
sp|P0A832|SSRP_ECOLI	SINGLE	2	23	40	6	6.250e-04	{E}
sp|P0A836|SUCC_ECOLI	SINGLE	1	311	347	11	1.285e-05	{V}
sp|P0A836|SUCC_ECOLI	SINGLE	2	257	292	10	7.009e-05	{G}
sp|P0A836|SUCC_ECOLI	SINGLE	3	39	59	7	2.506e-04	{G}
sp|P0A836|SUCC_ECOLI	SINGLE	4	354	384	9	3.743e-04	{A}
sp|P0A836|SUCC_ECOLI	SINGLE	5	304	333	7	4.505e-04	{I}
sp|P0A836|SUCC_ECOLI	SINGLE	6	44	136	15	6.355e-04	{V}
sp|P0A836|SUCC_ECOLI	MULTIPLE	1	304	347	18	4.802e-07	{VI}
sp|P0A836|SUCC_ECOLI	MULTIPLE	2	39	136	27	7.154e-05	{GV}
sp|P0A836|SUCC_ECOLI	WHOLE	1	1	388	43	3.432e-04	{G}
sp|P0A836|SUCC_ECOLI	WHOLE	2	1	388	47	8.773e-04	{A}
sp|P0A840|SURE_ECOLI	SINGLE	1	193	211	6	9.446e-04	{G}
sp|P0A847|TGT_ECOLI	SINGLE	1	302	321	4	2.453e-04	{C}
sp|P0A847|TGT_ECOLI	SINGLE	2	157	367	22	3.385e-04	{R}
sp|P0A847|TGT_ECOLI	SINGLE	3	7	21	5	4.635e-04	{R}
sp|P0A847|TGT_ECOLI	SINGLE	4	75	303	25	5.930e-04	{D}
sp|P0A847|TGT_ECOLI	SINGLE	5	10	259	30	6.581e-04	{G}
sp|P0A847|TGT_ECOLI	MULTIPLE	1	6	321	94	5.019e-07	{CRDG}
sp|P0A850|TIG_ECOLI	SINGLE	1	96	426	55	1.193e-10	{E}
sp|P0A850|TIG_ECOLI	SINGLE	2	170	208	10	1.427e-04	{G}
sp|P0A850|TIG_ECOLI	SINGLE	3	243	366	15	6.066e-04	{R}
sp|P0A850|TIG_ECOLI	SINGLE	4	3	137	19	7.347e-04	{V}
sp|P0A850|TIG_ECOLI	WHOLE	1	1	432	59	4.194e-08	{E}
sp|P0A853|TNAA_ECOLI	SINGLE	1	263	282	5	5.484e-05	{M}
sp|P0A853|TNAA_ECOLI	SINGLE	2	303	325	7	4.607e-04	{G}
sp|P0A853|TNAA_ECOLI	SINGLE	3	355	393	10	5.227e-04	{A}
sp|P0A853|TNAA_ECOLI	SINGLE	4	74	340	21	7.857e-04	{Y}
sp|P0A855|TOLB_ECOLI	SINGLE	1	78	369	26	2.700e-04	{Q}
sp|P0A855|TOLB_ECOLI	SINGLE	2	30	419	43	3.775e-04	{G}
sp|P0A855|TOLB_ECOLI	SINGLE	3	198	405	28	5.852e-04	{S}
sp|P0A855|TOLB_ECOLI	MULTIPLE	1	29	420	109	8.127e-07	{QGS}
sp|P0A858|TPIS_ECOLI	SINGLE	1	31	255	45	3.811e-09	{A}
sp|P0A858|TPIS_ECOLI	SINGLE	2	127	141	6	2.062e-04	{E}
sp|P0A858|TPIS_ECOLI	WHOLE	1	1	255	45	1.661e-07	{A}
sp|P0A870|TALB_ECOLI	SINGLE	1	16	170	25	2.672e-04	{A}
sp|P0A873|TRMD_ECOLI	SINGLE	1	205	220	6	5.920e-05	{R}
sp|P0A873|TRMD_ECOLI	SINGLE	2	68	82	7	6.097e-05	{A}
sp|P0A873|TRMD_ECOLI	SINGLE	3	116	243	19	4.025e-04	{E}
sp|P0A873|TRMD_ECOLI	SINGLE	4	209	237	9	6.862e-04	{L}
sp|P0A873|TRMD_ECOLI	MULTIPLE	1	205	237	16	1.938e-06	{RL}
sp|P0A879|TRPB_ECOLI	SINGLE	1	232	281	14	2.517e-06	{G}
sp|P0A879|TRPB_ECOLI	SINGLE	2	57	72	6	2.398e-04	{T}
sp|P0A879|TRPB_ECOLI	WHOLE	1	1	397	43	5.241e-04	{G}
sp|P0A884|TYSY_ECOLI	SINGLE	1	80	101	4	2.752e-04	{W}
sp|P0A894|RAPZ_ECOLI	SINGLE	1	89	282	22	1.109e-04	{R}
sp|P0A894|RAPZ_ECOLI	SINGLE	2	82	153	16	4.874e-04	{L}
sp|P0A894|RAPZ_ECOLI	MULTIPLE	1	82	282	50	1.544e-05	{RL}
sp|P0A894|RAPZ_ECOLI	WHOLE	1	1	284	27	3.463e-04	{R}
sp|P0A898|YBEY_ECOLI	SINGLE	1	126	155	10	1.055e-05	{E}
sp|P0A898|YBEY_ECOLI	SINGLE	2	107	124	5	3.167e-05	{H}
sp|P0A898|YBEY_ECOLI	WHOLE	1	1	155	23	1.155e-04	{E}
sp|P0A8B2|SMRB_ECOLI	SINGLE	1	123	156	7	6.942e-06	{H}
sp|P0A8D6|YMDB_ECOLI	SINGLE	1	16	137	22	1.269e-04	{A}
sp|P0A8D6|YMDB_ECOLI	SINGLE	2	29	43	6	2.293e-04	{G}
sp|P0A8D6|YMDB_ECOLI	MULTIPLE	1	23	137	35	6.063e-06	{AG}
sp|P0A8E7|YAJQ_ECOLI	SINGLE	1	97	120	8	5.639e-05	{K}
sp|P0A8F8|UVRB_ECOLI	SINGLE	1	170	572	42	1.555e-06	{R}
sp|P0A8F8|UVRB_ECOLI	SINGLE	2	87	101	6	1.017e-05	{Y}
sp|P0A8F8|UVRB_ECOLI	SINGLE	3	198	581	46	2.797e-05	{E}
sp|P0A8F8|UVRB_ECOLI	SINGLE	4	633	664	7	3.177e-04	{Q}
sp|P0A8F8|UVRB_ECOLI	SINGLE	5	316	330	5	4.135e-04	{P}
sp|P0A8F8|UVRB_ECOLI	SINGLE	6	625	644	4	7.691e-04	{M}
sp|P0A8F8|UVRB_ECOLI	MULTIPLE	1	170	581	89	8.568e-10	{RE}
sp|P0A8F8|UVRB_ECOLI	MULTIPLE	2	625	664	11	2.921e-05	{QM}
sp|P0A8F8|UVRB_ECOLI	WHOLE	1	1	673	67	1.641e-04	{E}
sp|P0A8F8|UVRB_ECOLI	WHOLE	2	1	673	52	2.587e-04	{R}
sp|P0A8G0|UVRC_ECOLI	SINGLE	1	528	545	5	3.167e-05	{H}
sp|P0A8G0|UVRC_ECOLI	SINGLE	2	91	449	32	3.348e-04	{R}
sp|P0A8G0|UVRC_ECOLI	SINGLE	3	154	178	4	5.908e-04	{C}
sp|P0A8G0|UVRC_ECOLI	SINGLE	4	236	300	12	6.419e-04	{V}
sp|P0A8G0|UVRC_ECOLI	SINGLE	5	146	243	12	7.838e-04	{Q}
sp|P0A8G0|UVRC_ECOLI	SINGLE	6	313	336	8	8.059e-04	{L}
sp|P0A8G0|UVRC_ECOLI	MULTIPLE	1	139	394	74	1.131e-05	{RQL}
sp|P0A8G6|NQOR_ECOLI	SINGLE	1	75	170	19	1.158e-05	{G}
sp|P0A8G6|NQOR_ECOLI	SINGLE	2	114	130	7	3.611e-05	{T}
sp|P0A8G6|NQOR_ECOLI	SINGLE	3	22	39	6	6.200e-04	{V}
sp|P0A8G6|NQOR_ECOLI	MULTIPLE	1	75	170	33	3.756e-08	{GT}
sp|P0A8G6|NQOR_ECOLI	WHOLE	1	1	198	27	1.788e-04	{G}
sp|P0A8G9|EX7S_ECOLI	SINGLE	1	44	61	7	5.580e-06	{Q}
sp|P0A8G9|EX7S_ECOLI	SINGLE	2	6	40	9	2.548e-04	{E}
sp|P0A8H3|ZUPT_ECOLI	SINGLE	1	5	192	35	2.720e-05	{L}
sp|P0A8H3|ZUPT_ECOLI	SINGLE	2	142	214	17	2.916e-05	{A}
sp|P0A8H3|ZUPT_ECOLI	SINGLE	3	195	244	7	9.061e-05	{M}
sp|P0A8H3|ZUPT_ECOLI	SINGLE	4	44	94	7	1.027e-04	{M}
sp|P0A8H3|ZUPT_ECOLI	SINGLE	5	12	257	30	5.170e-04	{G}
sp|P0A8H3|ZUPT_ECOLI	SINGLE	6	11	59	11	9.006e-04	{A}
sp|P0A8H3|ZUPT_ECOLI	MULTIPLE	1	10	257	118	1.042e-13	{LAMG}
sp|P0A8H3|ZUPT_ECOLI	MULTIPLE	2	40	62	10	2.958e-05	{MA}
sp|P0A8H3|ZUPT_ECOLI	WHOLE	1	1	257	42	9.928e-05	{L}
sp|P0A8H3|ZUPT_ECOLI	WHOLE	2	1	257	15	4.091e-04	{M}
sp|P0A8H3|ZUPT_ECOLI	WHOLE	3	1	257	34	9.430e-04	{A}
sp|P0A8H3|ZUPT_ECOLI	WHOLE	4	1	257	30	9.812e-04	{G}
sp|P0A8H6|YIHI_ECOLI	SINGLE	1	98	160	17	3.036e-07	{E}
sp|P0A8H6|YIHI_ECOLI	SINGLE	2	17	38	8	4.458e-06	{R}
sp|P0A8H6|YIHI_ECOLI	SINGLE	3	130	161	8	2.434e-04	{D}
sp|P0A8H6|YIHI_ECOLI	SINGLE	4	2	90	15	2.490e-04	{K}
sp|P0A8H6|YIHI_ECOLI	SINGLE	5	99	115	7	4.133e-04	{L}
sp|P0A8H6|YIHI_ECOLI	SINGLE	6	61	95	7	8.537e-04	{P}
sp|P0A8H6|YIHI_ECOLI	MULTIPLE	1	98	161	39	6.068e-12	{EDL}
sp|P0A8H6|YIHI_ECOLI	MULTIPLE	2	9	91	32	2.715e-07	{RKP}
sp|P0A8H6|YIHI_ECOLI	WHOLE	1	1	169	22	8.622e-04	{E}
sp|P0A8I5|TRMB_ECOLI	SINGLE	1	15	29	7	2.514e-06	{R}
sp|P0A8I5|TRMB_ECOLI	SINGLE	2	96	228	10	5.438e-04	{H}
sp|P0A8J2|DNAT_ECOLI	SINGLE	1	25	130	23	4.751e-06	{A}
sp|P0A8J2|DNAT_ECOLI	SINGLE	2	5	34	8	4.209e-04	{V}
sp|P0A8J2|DNAT_ECOLI	MULTIPLE	1	5	138	40	1.937e-06	{AV}
sp|P0A8J2|DNAT_ECOLI	WHOLE	1	1	179	26	9.281e-04	{A}
sp|P0A8J8|RHLB_ECOLI	SINGLE	1	398	419	9	3.489e-07	{R}
sp|P0A8J8|RHLB_ECOLI	SINGLE	2	207	254	13	6.787e-06	{E}
sp|P0A8J8|RHLB_ECOLI	SINGLE	3	37	110	15	3.839e-04	{A}
sp|P0A8J8|RHLB_ECOLI	SINGLE	4	112	143	8	7.569e-04	{G}
sp|P0A8L1|SYS_ECOLI	SINGLE	1	34	144	17	5.429e-04	{E}
sp|P0A8L1|SYS_ECOLI	SINGLE	2	368	383	5	6.419e-04	{R}
sp|P0A8M0|SYN_ECOLI	SINGLE	1	3	103	20	5.120e-06	{V}
sp|P0A8M0|SYN_ECOLI	SINGLE	2	151	308	18	3.688e-05	{F}
sp|P0A8M0|SYN_ECOLI	SINGLE	3	236	415	23	8.628e-04	{E}
sp|P0A8M0|SYN_ECOLI	MULTIPLE	1	151	415	50	1.388e-05	{FE}
sp|P0A8M0|SYN_ECOLI	WHOLE	1	1	466	47	8.382e-04	{V}
sp|P0A8M3|SYT_ECOLI	SINGLE	1	73	385	19	5.062e-05	{H}
sp|P0A8M3|SYT_ECOLI	SINGLE	2	181	374	12	8.749e-04	{M}
sp|P0A8M3|SYT_ECOLI	SINGLE	3	568	612	8	9.717e-04	{R}
sp|P0A8M3|SYT_ECOLI	MULTIPLE	1	73	385	33	2.170e-06	{HM}
sp|P0A8N0|MATP_ECOLI	SINGLE	1	69	111	9	1.410e-04	{R}
sp|P0A8N3|SYK1_ECOLI	SINGLE	1	22	270	26	1.105e-04	{R}
sp|P0A8N3|SYK1_ECOLI	SINGLE	2	432	460	8	1.179e-04	{D}
sp|P0A8N3|SYK1_ECOLI	SINGLE	3	197	211	4	2.419e-04	{M}
sp|P0A8N3|SYK1_ECOLI	SINGLE	4	52	67	6	3.084e-04	{E}
sp|P0A8N3|SYK1_ECOLI	SINGLE	5	253	466	27	4.270e-04	{E}
sp|P0A8N3|SYK1_ECOLI	MULTIPLE	1	18	466	94	3.747e-06	{RME}
sp|P0A8N5|SYK2_ECOLI	SINGLE	1	7	270	29	2.026e-05	{R}
sp|P0A8N5|SYK2_ECOLI	SINGLE	2	253	466	29	8.854e-05	{E}
sp|P0A8N5|SYK2_ECOLI	SINGLE	3	197	211	4	2.419e-04	{M}
sp|P0A8N5|SYK2_ECOLI	MULTIPLE	1	1	466	99	1.174e-06	{REM}
sp|P0A8N5|SYK2_ECOLI	WHOLE	1	1	505	41	3.873e-04	{R}
sp|P0A8N7|EPMA_ECOLI	SINGLE	1	69	128	7	2.810e-04	{M}
sp|P0A8N7|EPMA_ECOLI	SINGLE	2	258	281	6	3.999e-04	{Q}
sp|P0A8N7|EPMA_ECOLI	SINGLE	3	256	272	5	8.659e-04	{R}
sp|P0A8N7|EPMA_ECOLI	SINGLE	4	134	195	14	8.805e-04	{L}
sp|P0A8N7|EPMA_ECOLI	MULTIPLE	1	256	276	10	4.903e-06	{QR}
sp|P0A8P6|XERC_ECOLI	SINGLE	1	236	291	9	2.990e-06	{H}
sp|P0A8P6|XERC_ECOLI	SINGLE	2	115	135	7	8.574e-05	{D}
sp|P0A8P6|XERC_ECOLI	SINGLE	3	10	223	22	4.052e-04	{R}
sp|P0A8P6|XERC_ECOLI	SINGLE	4	4	283	42	5.368e-04	{L}
sp|P0A8P6|XERC_ECOLI	MULTIPLE	1	62	214	54	2.176e-06	{DRL}
sp|P0A8P8|XERD_ECOLI	SINGLE	1	225	295	11	3.608e-07	{H}
sp|P0A8P8|XERD_ECOLI	SINGLE	2	5	273	49	1.792e-06	{L}
sp|P0A8P8|XERD_ECOLI	SINGLE	3	30	297	25	6.897e-04	{R}
sp|P0A8P8|XERD_ECOLI	MULTIPLE	1	12	297	90	6.795e-11	{HLR}
sp|P0A8P8|XERD_ECOLI	WHOLE	1	1	298	51	6.634e-06	{L}
sp|P0A8Q0|FRDC_ECOLI	SINGLE	1	69	124	10	2.951e-04	{I}
sp|P0A8Q0|FRDC_ECOLI	SINGLE	2	22	63	7	9.333e-04	{F}
sp|P0A8Q3|FRDD_ECOLI	SINGLE	1	79	93	5	1.186e-05	{H}
sp|P0A8Q3|FRDD_ECOLI	SINGLE	2	34	80	13	1.788e-04	{L}
sp|P0A8R0|RRAA_ECOLI	SINGLE	1	27	150	21	4.538e-05	{G}
sp|P0A8R0|RRAA_ECOLI	SINGLE	2	60	99	9	6.977e-04	{V}
sp|P0A8R0|RRAA_ECOLI	MULTIPLE	1	27	141	34	1.973e-06	{GV}
sp|P0A8S1|ARGP_ECOLI	SINGLE	1	66	123	18	2.113e-06	{L}
sp|P0A8S1|ARGP_ECOLI	SINGLE	2	26	72	8	6.914e-04	{Q}
sp|P0A8S1|ARGP_ECOLI	WHOLE	1	1	297	45	3.008e-04	{L}
sp|P0A8S9|FLHD_ECOLI	SINGLE	1	73	89	5	5.538e-04	{Q}
sp|P0A8T1|PRMA_ECOLI	SINGLE	1	173	201	9	2.189e-04	{A}
sp|P0A8T1|PRMA_ECOLI	SINGLE	2	17	225	24	3.801e-04	{D}
sp|P0A8T1|PRMA_ECOLI	SINGLE	3	95	118	4	3.879e-04	{W}
sp|P0A8T1|PRMA_ECOLI	SINGLE	4	232	259	9	5.211e-04	{L}
sp|P0A8T1|PRMA_ECOLI	SINGLE	5	163	194	7	6.733e-04	{I}
sp|P0A8T1|PRMA_ECOLI	MULTIPLE	1	171	196	14	5.748e-07	{AI}
sp|P0A8T1|PRMA_ECOLI	MULTIPLE	2	17	225	30	9.831e-05	{DW}
sp|P0A8T7|RPOC_ECOLI	SINGLE	1	136	211	17	4.779e-06	{E}
sp|P0A8T7|RPOC_ECOLI	SINGLE	2	250	362	18	5.618e-06	{R}
sp|P0A8T7|RPOC_ECOLI	SINGLE	3	1374	1394	9	1.235e-05	{A}
sp|P0A8T7|RPOC_ECOLI	SINGLE	4	117	491	59	1.781e-05	{L}
sp|P0A8T7|RPOC_ECOLI	SINGLE	5	801	1285	53	7.722e-05	{V}
sp|P0A8T7|RPOC_ECOLI	SINGLE	6	1140	1373	25	1.036e-04	{R}
sp|P0A8T7|RPOC_ECOLI	SINGLE	7	648	666	7	1.103e-04	{E}
sp|P0A8T7|RPOC_ECOLI	SINGLE	8	729	1403	69	1.140e-04	{G}
sp|P0A8T7|RPOC_ECOLI	SINGLE	9	58	88	5	1.171e-04	{C}
sp|P0A8T7|RPOC_ECOLI	SINGLE	10	234	254	6	2.747e-04	{P}
sp|P0A8T7|RPOC_ECOLI	SINGLE	11	578	759	20	4.415e-04	{I}
sp|P0A8T7|RPOC_ECOLI	SINGLE	12	942	970	8	6.512e-04	{S}
sp|P0A8T7|RPOC_ECOLI	SINGLE	13	697	747	6	7.169e-04	{M}
sp|P0A8T7|RPOC_ECOLI	SINGLE	14	908	923	5	7.294e-04	{I}
sp|P0A8T7|RPOC_ECOLI	SINGLE	15	391	791	48	9.880e-04	{A}
sp|P0A8T7|RPOC_ECOLI	MULTIPLE	1	117	483	90	3.574e-06	{EL}
sp|P0A8T7|RPOC_ECOLI	MULTIPLE	2	388	1381	408	1.143e-12	{VRGIA}
sp|P0A8T7|RPOC_ECOLI	WHOLE	1	1	1407	99	4.467e-05	{R}
sp|P0A8V0|RBN_ECOLI	SINGLE	1	158	261	21	3.519e-05	{A}
sp|P0A8V0|RBN_ECOLI	SINGLE	2	45	69	5	1.683e-04	{H}
sp|P0A8V0|RBN_ECOLI	SINGLE	3	33	214	24	5.880e-04	{G}
sp|P0A8V0|RBN_ECOLI	SINGLE	4	85	126	8	7.383e-04	{I}
sp|P0A8V0|RBN_ECOLI	MULTIPLE	1	28	214	46	2.722e-05	{HGI}
sp|P0A8V2|RPOB_ECOLI	SINGLE	1	218	1030	84	1.015e-05	{E}
sp|P0A8V2|RPOB_ECOLI	SINGLE	2	74	557	45	1.208e-05	{R}
sp|P0A8V2|RPOB_ECOLI	SINGLE	3	594	939	42	4.182e-05	{V}
sp|P0A8V2|RPOB_ECOLI	SINGLE	4	423	446	7	2.150e-04	{D}
sp|P0A8V2|RPOB_ECOLI	SINGLE	5	1066	1319	15	3.652e-04	{M}
sp|P0A8V2|RPOB_ECOLI	SINGLE	6	414	435	6	4.771e-04	{I}
sp|P0A8V2|RPOB_ECOLI	SINGLE	7	1022	1078	11	4.925e-04	{K}
sp|P0A8V2|RPOB_ECOLI	MULTIPLE	1	71	1036	377	1.544e-13	{ERVDI}
sp|P0A8V2|RPOB_ECOLI	WHOLE	1	1	1342	122	4.905e-05	{E}
sp|P0A8V2|RPOB_ECOLI	WHOLE	2	1	1342	90	3.458e-04	{R}
sp|P0A8V6|FADR_ECOLI	SINGLE	1	124	142	7	3.444e-04	{A}
sp|P0A8W0|NANR_ECOLI	SINGLE	1	34	60	10	3.623e-06	{E}
sp|P0A8W0|NANR_ECOLI	SINGLE	2	20	97	14	1.481e-05	{R}
sp|P0A8W0|NANR_ECOLI	SINGLE	3	117	253	11	1.741e-04	{H}
sp|P0A8W0|NANR_ECOLI	MULTIPLE	1	20	97	26	1.608e-07	{ER}
sp|P0A8X0|DARP_ECOLI	SINGLE	1	7	22	8	7.437e-07	{D}
sp|P0A8X0|DARP_ECOLI	SINGLE	2	64	153	14	7.264e-05	{R}
sp|P0A8X0|DARP_ECOLI	WHOLE	1	1	183	21	8.064e-04	{D}
sp|P0A8Y1|YJJG_ECOLI	SINGLE	1	7	39	8	2.799e-05	{F}
sp|P0A8Y3|YIHX_ECOLI	SINGLE	1	39	149	10	1.349e-04	{H}
sp|P0A8Y5|YIDA_ECOLI	SINGLE	1	20	34	6	5.574e-04	{A}
sp|P0A903|BAMC_ECOLI	SINGLE	1	119	172	10	7.906e-05	{Q}
sp|P0A903|BAMC_ECOLI	SINGLE	2	184	234	13	9.048e-05	{A}
sp|P0A903|BAMC_ECOLI	SINGLE	3	40	54	6	5.574e-04	{A}
sp|P0A903|BAMC_ECOLI	WHOLE	1	1	344	43	7.652e-04	{A}
sp|P0A910|OMPA_ECOLI	SINGLE	1	5	22	9	2.609e-06	{A}
sp|P0A910|OMPA_ECOLI	SINGLE	2	31	194	27	7.573e-06	{G}
sp|P0A910|OMPA_ECOLI	SINGLE	3	194	208	5	4.135e-04	{P}
sp|P0A910|OMPA_ECOLI	SINGLE	4	193	207	6	5.574e-04	{A}
sp|P0A910|OMPA_ECOLI	MULTIPLE	1	193	208	11	2.630e-07	{PA}
sp|P0A910|OMPA_ECOLI	WHOLE	1	1	346	38	7.796e-04	{G}
sp|P0A912|PAL_ECOLI	SINGLE	1	32	50	8	1.327e-05	{G}
sp|P0A912|PAL_ECOLI	SINGLE	2	53	67	6	2.215e-05	{Q}
sp|P0A912|PAL_ECOLI	SINGLE	3	1	62	7	3.424e-04	{M}
sp|P0A912|PAL_ECOLI	SINGLE	4	25	69	8	5.029e-04	{N}
sp|P0A912|PAL_ECOLI	MULTIPLE	1	30	52	15	9.351e-09	{GMN}
sp|P0A921|PA1_ECOLI	SINGLE	1	211	272	11	1.566e-05	{Y}
sp|P0A921|PA1_ECOLI	SINGLE	2	78	196	8	3.600e-04	{W}
sp|P0A921|PA1_ECOLI	SINGLE	3	106	127	7	5.623e-04	{S}
sp|P0A921|PA1_ECOLI	WHOLE	1	1	289	23	4.111e-04	{Y}
sp|P0A924|PGPB_ECOLI	SINGLE	1	23	228	17	1.592e-08	{W}
sp|P0A924|PGPB_ECOLI	SINGLE	2	172	222	13	4.115e-04	{L}
sp|P0A924|PGPB_ECOLI	SINGLE	3	71	85	6	5.574e-04	{A}
sp|P0A924|PGPB_ECOLI	SINGLE	4	61	79	5	6.080e-04	{F}
sp|P0A924|PGPB_ECOLI	MULTIPLE	1	61	85	11	4.565e-05	{AF}
sp|P0A924|PGPB_ECOLI	WHOLE	1	1	254	17	3.111e-07	{W}
sp|P0A935|MLTA_ECOLI	SINGLE	1	319	365	11	1.604e-04	{G}
sp|P0A935|MLTA_ECOLI	SINGLE	2	30	137	13	5.778e-04	{Q}
sp|P0A935|MLTA_ECOLI	SINGLE	3	45	115	10	6.956e-04	{N}
sp|P0A935|MLTA_ECOLI	SINGLE	4	113	208	11	7.345e-04	{Y}
sp|P0A935|MLTA_ECOLI	MULTIPLE	1	30	208	42	1.799e-05	{QNY}
sp|P0A935|MLTA_ECOLI	WHOLE	1	1	365	41	3.506e-04	{G}
sp|P0A937|BAME_ECOLI	SINGLE	1	52	89	7	9.131e-04	{Q}
sp|P0A940|BAMA_ECOLI	SINGLE	1	454	688	24	7.871e-06	{Y}
sp|P0A940|BAMA_ECOLI	SINGLE	2	52	762	67	1.093e-05	{D}
sp|P0A940|BAMA_ECOLI	SINGLE	3	253	669	49	4.144e-05	{G}
sp|P0A940|BAMA_ECOLI	SINGLE	4	18	483	50	1.742e-04	{V}
sp|P0A940|BAMA_ECOLI	SINGLE	5	338	370	7	6.899e-04	{R}
sp|P0A940|BAMA_ECOLI	MULTIPLE	1	18	708	234	2.131e-12	{YDGV}
sp|P0A940|BAMA_ECOLI	WHOLE	1	1	810	70	8.967e-05	{D}
sp|P0A940|BAMA_ECOLI	WHOLE	2	1	810	75	8.335e-04	{G}
sp|P0A953|FABB_ECOLI	SINGLE	1	8	339	44	5.980e-06	{G}
sp|P0A953|FABB_ECOLI	SINGLE	2	71	369	45	1.123e-05	{A}
sp|P0A953|FABB_ECOLI	SINGLE	3	269	285	4	4.036e-04	{M}
sp|P0A953|FABB_ECOLI	SINGLE	4	375	398	7	4.105e-04	{T}
sp|P0A953|FABB_ECOLI	MULTIPLE	1	68	343	90	4.015e-11	{GAM}
sp|P0A953|FABB_ECOLI	WHOLE	1	1	406	49	2.188e-05	{G}
sp|P0A955|ALKH_ECOLI	SINGLE	1	17	46	10	1.041e-05	{V}
sp|P0A955|ALKH_ECOLI	SINGLE	2	29	211	29	1.322e-04	{A}
sp|P0A955|ALKH_ECOLI	WHOLE	1	1	213	30	6.887e-04	{A}
sp|P0A959|ALAA_ECOLI	SINGLE	1	161	213	11	3.812e-05	{I}
sp|P0A959|ALAA_ECOLI	SINGLE	2	146	160	5	9.005e-04	{D}
sp|P0A962|ASPG1_ECOLI	SINGLE	1	175	219	10	2.952e-05	{P}
sp|P0A962|ASPG1_ECOLI	SINGLE	2	131	159	7	1.636e-04	{N}
sp|P0A962|ASPG1_ECOLI	SINGLE	3	59	83	7	2.820e-04	{D}
sp|P0A962|ASPG1_ECOLI	SINGLE	4	276	297	7	3.432e-04	{G}
sp|P0A964|CHEW_ECOLI	SINGLE	1	58	108	15	4.347e-07	{V}
sp|P0A964|CHEW_ECOLI	SINGLE	2	126	159	10	5.619e-04	{L}
sp|P0A964|CHEW_ECOLI	SINGLE	3	31	73	8	8.623e-04	{I}
sp|P0A964|CHEW_ECOLI	MULTIPLE	1	31	108	27	4.983e-08	{VI}
sp|P0A964|CHEW_ECOLI	WHOLE	1	1	167	22	7.311e-04	{V}
sp|P0A988|DPO3B_ECOLI	SINGLE	1	298	316	7	1.103e-04	{E}
sp|P0A988|DPO3B_ECOLI	SINGLE	2	10	49	12	1.377e-04	{L}
sp|P0A991|ALF1_ECOLI	SINGLE	1	282	320	10	1.427e-04	{G}
sp|P0A991|ALF1_ECOLI	SINGLE	2	81	337	36	2.684e-04	{A}
sp|P0A991|ALF1_ECOLI	MULTIPLE	1	81	331	59	4.481e-05	{GA}
sp|P0A993|F16PA_ECOLI	SINGLE	1	95	175	15	1.482e-04	{V}
sp|P0A993|F16PA_ECOLI	SINGLE	2	87	101	6	2.062e-04	{E}
sp|P0A998|FTNA_ECOLI	SINGLE	1	1	54	6	9.624e-04	{M}
sp|P0A9A6|FTSZ_ECOLI	SINGLE	1	17	111	21	6.805e-07	{G}
sp|P0A9A6|FTSZ_ECOLI	SINGLE	2	70	120	14	2.089e-05	{A}
sp|P0A9A6|FTSZ_ECOLI	SINGLE	3	330	351	7	2.506e-05	{Q}
sp|P0A9A6|FTSZ_ECOLI	SINGLE	4	206	225	5	5.484e-05	{M}
sp|P0A9A6|FTSZ_ECOLI	SINGLE	5	115	131	6	4.421e-04	{V}
sp|P0A9A6|FTSZ_ECOLI	MULTIPLE	1	15	131	57	1.825e-11	{GAV}
sp|P0A9A6|FTSZ_ECOLI	WHOLE	1	1	383	42	4.760e-04	{G}
sp|P0A9A6|FTSZ_ECOLI	WHOLE	2	1	383	47	6.893e-04	{A}
sp|P0A9A9|FUR_ECOLI	SINGLE	1	71	145	10	4.801e-06	{H}
sp|P0A9A9|FUR_ECOLI	WHOLE	1	1	148	12	8.400e-05	{H}
sp|P0A9B2|G3P1_ECOLI	SINGLE	1	250	264	7	6.097e-05	{A}
sp|P0A9B2|G3P1_ECOLI	SINGLE	2	171	185	6	1.598e-04	{T}
sp|P0A9B2|G3P1_ECOLI	SINGLE	3	3	32	7	4.505e-04	{I}
sp|P0A9B2|G3P1_ECOLI	SINGLE	4	58	309	30	5.447e-04	{V}
sp|P0A9B2|G3P1_ECOLI	MULTIPLE	1	58	309	59	3.868e-05	{AV}
sp|P0A9B6|E4PD_ECOLI	SINGLE	1	4	89	12	5.891e-04	{R}
sp|P0A9B6|E4PD_ECOLI	SINGLE	2	3	314	35	5.985e-04	{V}
sp|P0A9B6|E4PD_ECOLI	SINGLE	3	149	245	13	6.782e-04	{I}
sp|P0A9B6|E4PD_ECOLI	MULTIPLE	1	3	304	77	1.131e-05	{RVI}
sp|P0A9C0|GLPA_ECOLI	SINGLE	1	25	525	47	6.531e-06	{R}
sp|P0A9C0|GLPA_ECOLI	SINGLE	2	12	290	30	3.627e-05	{I}
sp|P0A9C0|GLPA_ECOLI	SINGLE	3	18	220	32	7.140e-05	{A}
sp|P0A9C0|GLPA_ECOLI	SINGLE	4	15	57	10	3.271e-04	{G}
sp|P0A9C0|GLPA_ECOLI	SINGLE	5	434	477	5	6.071e-04	{C}
sp|P0A9C0|GLPA_ECOLI	MULTIPLE	1	12	519	198	2.442e-11	{RIAGC}
sp|P0A9C0|GLPA_ECOLI	WHOLE	1	1	542	48	2.145e-05	{R}
sp|P0A9C5|GLN1B_ECOLI	SINGLE	1	127	141	5	1.842e-04	{F}
sp|P0A9C5|GLN1B_ECOLI	SINGLE	2	196	273	8	2.559e-04	{M}
sp|P0A9C5|GLN1B_ECOLI	SINGLE	3	210	272	7	3.767e-04	{H}
sp|P0A9C5|GLN1B_ECOLI	SINGLE	4	403	464	12	4.266e-04	{E}
sp|P0A9C5|GLN1B_ECOLI	SINGLE	5	284	445	25	5.007e-04	{A}
sp|P0A9C5|GLN1B_ECOLI	SINGLE	6	338	360	6	5.293e-04	{R}
sp|P0A9C5|GLN1B_ECOLI	MULTIPLE	1	196	273	15	1.030e-06	{MH}
sp|P0A9C5|GLN1B_ECOLI	MULTIPLE	2	334	378	15	1.993e-04	{AR}
sp|P0A9C9|GLPX_ECOLI	SINGLE	1	20	298	36	6.031e-05	{G}
sp|P0A9C9|GLPX_ECOLI	SINGLE	2	16	223	31	2.349e-04	{A}
sp|P0A9C9|GLPX_ECOLI	SINGLE	3	222	326	14	3.527e-04	{R}
sp|P0A9C9|GLPX_ECOLI	SINGLE	4	42	335	27	8.289e-04	{I}
sp|P0A9C9|GLPX_ECOLI	MULTIPLE	1	16	326	122	1.577e-09	{GARI}
sp|P0A9C9|GLPX_ECOLI	WHOLE	1	1	336	37	8.498e-04	{G}
sp|P0A9D8|DAPD_ECOLI	SINGLE	1	26	264	33	2.204e-05	{V}
sp|P0A9D8|DAPD_ECOLI	SINGLE	2	131	243	19	1.087e-04	{G}
sp|P0A9D8|DAPD_ECOLI	MULTIPLE	1	26	265	59	6.435e-07	{VG}
sp|P0A9D8|DAPD_ECOLI	WHOLE	1	1	274	33	2.607e-04	{V}
sp|P0A9E0|ARAC_ECOLI	SINGLE	1	91	110	5	9.090e-06	{W}
sp|P0A9E0|ARAC_ECOLI	SINGLE	2	80	129	7	9.061e-05	{H}
sp|P0A9E0|ARAC_ECOLI	SINGLE	3	147	161	7	1.659e-04	{L}
sp|P0A9E0|ARAC_ECOLI	MULTIPLE	1	80	129	12	1.751e-07	{WH}
sp|P0A9E5|FNR_ECOLI	SINGLE	1	15	29	4	7.491e-05	{C}
sp|P0A9E5|FNR_ECOLI	SINGLE	2	2	89	14	7.633e-05	{I}
sp|P0A9E5|FNR_ECOLI	SINGLE	3	136	157	5	8.914e-05	{M}
sp|P0A9E5|FNR_ECOLI	SINGLE	4	179	197	6	1.731e-04	{R}
sp|P0A9E5|FNR_ECOLI	MULTIPLE	1	2	89	18	9.981e-06	{CI}
sp|P0A9G4|CUER_ECOLI	SINGLE	1	112	130	4	1.994e-04	{C}
sp|P0A9G6|ACEA_ECOLI	SINGLE	1	46	315	46	3.400e-07	{A}
sp|P0A9G6|ACEA_ECOLI	SINGLE	2	234	249	6	1.335e-04	{D}
sp|P0A9G6|ACEA_ECOLI	SINGLE	3	412	429	6	4.891e-04	{T}
sp|P0A9G6|ACEA_ECOLI	WHOLE	1	1	434	56	8.220e-05	{A}
sp|P0A9G8|MODE_ECOLI	SINGLE	1	68	82	7	2.093e-05	{G}
sp|P0A9G8|MODE_ECOLI	SINGLE	2	83	245	18	1.815e-04	{Q}
sp|P0A9G8|MODE_ECOLI	SINGLE	3	139	153	5	9.005e-04	{D}
sp|P0A9G8|MODE_ECOLI	MULTIPLE	1	83	245	32	7.505e-05	{QD}
sp|P0A9G8|MODE_ECOLI	WHOLE	1	1	262	23	6.624e-04	{Q}
sp|P0A9H3|LDCI_ECOLI	SINGLE	1	569	678	11	2.542e-05	{M}
sp|P0A9H3|LDCI_ECOLI	SINGLE	2	651	671	6	2.747e-04	{P}
sp|P0A9H3|LDCI_ECOLI	SINGLE	3	449	473	4	4.549e-04	{W}
sp|P0A9H3|LDCI_ECOLI	SINGLE	4	533	573	11	6.979e-04	{L}
sp|P0A9H3|LDCI_ECOLI	SINGLE	5	178	194	6	7.634e-04	{S}
sp|P0A9H3|LDCI_ECOLI	MULTIPLE	1	569	678	22	3.593e-06	{MP}
sp|P0A9H3|LDCI_ECOLI	WHOLE	1	1	715	30	3.411e-04	{M}
sp|P0A9H9|CHEZ_ECOLI	SINGLE	1	40	107	16	4.291e-05	{A}
sp|P0A9H9|CHEZ_ECOLI	SINGLE	2	60	204	18	4.325e-05	{Q}
sp|P0A9H9|CHEZ_ECOLI	SINGLE	3	95	120	7	3.644e-04	{D}
sp|P0A9H9|CHEZ_ECOLI	SINGLE	4	136	165	5	4.045e-04	{M}
sp|P0A9H9|CHEZ_ECOLI	MULTIPLE	1	38	210	67	5.797e-09	{AQDM}
sp|P0A9H9|CHEZ_ECOLI	WHOLE	1	1	214	20	6.670e-04	{Q}
sp|P0A9J0|RNG_ECOLI	SINGLE	1	31	439	40	1.116e-05	{R}
sp|P0A9J0|RNG_ECOLI	SINGLE	2	320	349	8	6.716e-05	{I}
sp|P0A9J0|RNG_ECOLI	SINGLE	3	146	285	21	1.873e-04	{E}
sp|P0A9J0|RNG_ECOLI	SINGLE	4	402	421	4	2.453e-04	{C}
sp|P0A9J0|RNG_ECOLI	SINGLE	5	173	187	6	5.574e-04	{A}
sp|P0A9J0|RNG_ECOLI	SINGLE	6	19	41	6	6.136e-04	{I}
sp|P0A9J0|RNG_ECOLI	SINGLE	7	414	487	13	6.335e-04	{V}
sp|P0A9J0|RNG_ECOLI	MULTIPLE	1	13	487	164	1.449e-09	{RIEV}
sp|P0A9J0|RNG_ECOLI	WHOLE	1	1	489	41	2.168e-04	{R}
sp|P0A9J4|PANE_ECOLI	SINGLE	1	93	260	20	1.642e-04	{I}
sp|P0A9J4|PANE_ECOLI	SINGLE	2	250	301	9	5.917e-04	{R}
sp|P0A9J4|PANE_ECOLI	MULTIPLE	1	93	301	39	3.169e-05	{IR}
sp|P0A9J6|RBSK_ECOLI	SINGLE	1	39	291	46	5.108e-08	{A}
sp|P0A9J6|RBSK_ECOLI	SINGLE	2	28	115	15	4.460e-04	{G}
sp|P0A9J6|RBSK_ECOLI	WHOLE	1	1	309	49	1.201e-06	{A}
sp|P0A9J8|CMPDT_ECOLI	SINGLE	1	7	96	22	1.202e-05	{L}
sp|P0A9J8|CMPDT_ECOLI	SINGLE	2	66	127	7	3.424e-04	{H}
sp|P0A9J8|CMPDT_ECOLI	SINGLE	3	44	58	5	4.635e-04	{R}
sp|P0A9J8|CMPDT_ECOLI	SINGLE	4	78	94	5	5.538e-04	{Q}
sp|P0A9J8|CMPDT_ECOLI	SINGLE	5	236	256	7	6.750e-04	{A}
sp|P0A9J8|CMPDT_ECOLI	MULTIPLE	1	7	121	42	6.955e-08	{LHR}
sp|P0A9K7|PHOU_ECOLI	SINGLE	1	26	180	12	1.277e-04	{M}
sp|P0A9K9|SLYD_ECOLI	SINGLE	1	149	179	14	9.981e-16	{H}
sp|P0A9K9|SLYD_ECOLI	SINGLE	2	166	194	14	8.788e-10	{G}
sp|P0A9K9|SLYD_ECOLI	SINGLE	3	3	137	24	4.471e-06	{V}
sp|P0A9K9|SLYD_ECOLI	SINGLE	4	167	195	6	5.499e-06	{C}
sp|P0A9K9|SLYD_ECOLI	MULTIPLE	1	149	196	37	2.982e-27	{HGC}
sp|P0A9K9|SLYD_ECOLI	WHOLE	1	1	196	20	1.283e-08	{H}
sp|P0A9K9|SLYD_ECOLI	WHOLE	2	1	196	29	2.698e-05	{G}
sp|P0A9K9|SLYD_ECOLI	WHOLE	3	1	196	25	5.549e-04	{V}
sp|P0A9L3|FKBB_ECOLI	SINGLE	1	60	76	6	8.712e-05	{R}
sp|P0A9L3|FKBB_ECOLI	SINGLE	2	37	82	11	5.269e-04	{A}
sp|P0A9L3|FKBB_ECOLI	MULTIPLE	1	37	82	17	1.847e-05	{RA}
sp|P0A9M0|LON_ECOLI	SINGLE	1	173	298	13	3.548e-06	{M}
sp|P0A9M0|LON_ECOLI	SINGLE	2	185	274	17	4.567e-05	{E}
sp|P0A9M0|LON_ECOLI	SINGLE	3	211	279	14	5.486e-05	{K}
sp|P0A9M0|LON_ECOLI	SINGLE	4	423	465	9	4.094e-04	{D}
sp|P0A9M0|LON_ECOLI	SINGLE	5	375	396	6	4.110e-04	{R}
sp|P0A9M0|LON_ECOLI	SINGLE	6	572	730	22	5.128e-04	{G}
sp|P0A9M0|LON_ECOLI	SINGLE	7	349	404	11	7.395e-04	{G}
sp|P0A9M0|LON_ECOLI	SINGLE	8	13	31	6	8.474e-04	{V}
sp|P0A9M0|LON_ECOLI	MULTIPLE	1	185	287	43	3.159e-11	{MEK}
sp|P0A9M0|LON_ECOLI	MULTIPLE	2	356	404	16	5.123e-05	{RG}
sp|P0A9M2|HPRT_ECOLI	SINGLE	1	79	103	7	2.820e-04	{D}
sp|P0A9M2|HPRT_ECOLI	SINGLE	2	1	74	7	9.628e-04	{M}
sp|P0A9M8|PTA_ECOLI	SINGLE	1	556	649	19	7.737e-05	{A}
sp|P0A9M8|PTA_ECOLI	SINGLE	2	51	65	6	1.598e-04	{T}
sp|P0A9M8|PTA_ECOLI	SINGLE	3	444	551	17	3.946e-04	{V}
sp|P0A9M8|PTA_ECOLI	SINGLE	4	420	446	8	6.718e-04	{A}
sp|P0A9M8|PTA_ECOLI	SINGLE	5	383	406	6	6.720e-04	{R}
sp|P0A9M8|PTA_ECOLI	SINGLE	6	349	505	21	7.930e-04	{E}
sp|P0A9M8|PTA_ECOLI	MULTIPLE	1	349	551	46	5.518e-05	{VE}
sp|P0A9N4|PFLA_ECOLI	SINGLE	1	13	37	4	5.908e-04	{C}
sp|P0A9N8|NRDG_ECOLI	SINGLE	1	19	33	4	7.491e-05	{C}
sp|P0A9P0|DLDH_ECOLI	SINGLE	1	13	432	49	4.909e-05	{G}
sp|P0A9P0|DLDH_ECOLI	SINGLE	2	9	360	41	1.176e-04	{V}
sp|P0A9P0|DLDH_ECOLI	SINGLE	3	51	442	36	1.565e-04	{I}
sp|P0A9P0|DLDH_ECOLI	SINGLE	4	216	256	9	5.981e-04	{K}
sp|P0A9P0|DLDH_ECOLI	SINGLE	5	322	340	4	6.290e-04	{H}
sp|P0A9P0|DLDH_ECOLI	MULTIPLE	1	5	432	163	6.705e-11	{GVIK}
sp|P0A9P0|DLDH_ECOLI	WHOLE	1	1	474	51	2.271e-04	{G}
sp|P0A9P0|DLDH_ECOLI	WHOLE	2	1	474	39	6.567e-04	{I}
sp|P0A9P4|TRXB_ECOLI	SINGLE	1	14	28	6	5.574e-04	{A}
sp|P0A9P4|TRXB_ECOLI	SINGLE	2	2	303	34	9.096e-04	{G}
sp|P0A9P6|DEAD_ECOLI	SINGLE	1	195	624	69	1.649e-18	{R}
sp|P0A9P6|DEAD_ECOLI	SINGLE	2	568	627	20	7.262e-10	{G}
sp|P0A9P6|DEAD_ECOLI	SINGLE	3	454	497	11	1.823e-05	{D}
sp|P0A9P6|DEAD_ECOLI	SINGLE	4	11	162	28	1.756e-04	{L}
sp|P0A9P6|DEAD_ECOLI	SINGLE	5	346	429	18	3.628e-04	{L}
sp|P0A9P6|DEAD_ECOLI	SINGLE	6	157	610	46	8.761e-04	{E}
sp|P0A9P6|DEAD_ECOLI	MULTIPLE	1	136	429	70	8.267e-05	{LE}
sp|P0A9P6|DEAD_ECOLI	WHOLE	1	1	629	78	2.490e-14	{R}
sp|P0A9Q1|ARCA_ECOLI	SINGLE	1	108	209	15	7.815e-05	{R}
sp|P0A9Q5|ACCD_ECOLI	SINGLE	1	281	302	8	3.704e-06	{P}
sp|P0A9Q5|ACCD_ECOLI	SINGLE	2	111	212	11	1.267e-05	{M}
sp|P0A9Q5|ACCD_ECOLI	SINGLE	3	122	185	14	2.676e-04	{A}
sp|P0A9Q5|ACCD_ECOLI	SINGLE	4	27	49	4	4.271e-04	{C}
sp|P0A9Q5|ACCD_ECOLI	SINGLE	5	80	112	8	5.996e-04	{K}
sp|P0A9Q5|ACCD_ECOLI	MULTIPLE	1	107	212	28	9.302e-07	{MA}
sp|P0A9Q5|ACCD_ECOLI	WHOLE	1	1	304	17	2.927e-04	{M}
sp|P0A9Q7|ADHE_ECOLI	SINGLE	1	2	891	121	1.575e-09	{A}
sp|P0A9Q7|ADHE_ECOLI	SINGLE	2	98	170	14	9.376e-06	{I}
sp|P0A9Q7|ADHE_ECOLI	SINGLE	3	875	889	7	1.330e-05	{K}
sp|P0A9Q7|ADHE_ECOLI	SINGLE	4	212	262	12	6.472e-05	{V}
sp|P0A9Q7|ADHE_ECOLI	SINGLE	5	549	659	10	1.349e-04	{M}
sp|P0A9Q7|ADHE_ECOLI	SINGLE	6	596	616	7	1.671e-04	{T}
sp|P0A9Q7|ADHE_ECOLI	SINGLE	7	723	737	4	2.419e-04	{H}
sp|P0A9Q7|ADHE_ECOLI	SINGLE	8	194	215	7	3.432e-04	{G}
sp|P0A9Q7|ADHE_ECOLI	SINGLE	9	741	756	5	4.001e-04	{N}
sp|P0A9Q7|ADHE_ECOLI	SINGLE	10	403	426	7	6.071e-04	{G}
sp|P0A9Q7|ADHE_ECOLI	SINGLE	11	94	119	7	6.865e-04	{T}
sp|P0A9Q7|ADHE_ECOLI	MULTIPLE	1	7	891	245	6.905e-11	{AIK}
sp|P0A9Q7|ADHE_ECOLI	WHOLE	1	1	891	121	1.706e-09	{A}
sp|P0A9Q9|DHAS_ECOLI	SINGLE	1	312	327	6	2.398e-04	{T}
sp|P0A9Q9|DHAS_ECOLI	SINGLE	2	1	21	4	9.292e-04	{M}
sp|P0A9R4|FER_ECOLI	SINGLE	1	39	53	5	2.680e-06	{C}
sp|P0A9S1|FUCO_ECOLI	SINGLE	1	174	356	32	9.791e-06	{A}
sp|P0A9S1|FUCO_ECOLI	SINGLE	2	226	269	11	8.674e-05	{G}
sp|P0A9S1|FUCO_ECOLI	SINGLE	3	92	224	17	2.096e-04	{I}
sp|P0A9S1|FUCO_ECOLI	SINGLE	4	36	82	10	5.734e-04	{V}
sp|P0A9S1|FUCO_ECOLI	SINGLE	5	79	97	6	9.446e-04	{G}
sp|P0A9S1|FUCO_ECOLI	MULTIPLE	1	79	356	91	5.231e-08	{AGI}
sp|P0A9S1|FUCO_ECOLI	WHOLE	1	1	382	52	3.836e-05	{A}
sp|P0A9S5|GLDA_ECOLI	SINGLE	1	80	355	52	2.251e-09	{A}
sp|P0A9S5|GLDA_ECOLI	SINGLE	2	254	271	5	3.167e-05	{H}
sp|P0A9S5|GLDA_ECOLI	SINGLE	3	65	94	8	4.831e-04	{G}
sp|P0A9S5|GLDA_ECOLI	MULTIPLE	1	78	351	86	8.354e-10	{AHG}
sp|P0A9S5|GLDA_ECOLI	WHOLE	1	1	367	57	3.702e-07	{A}
sp|P0A9S7|LIVG_ECOLI	SINGLE	1	5	216	35	2.695e-04	{L}
sp|P0A9S7|LIVG_ECOLI	SINGLE	2	79	166	12	7.187e-04	{R}
sp|P0A9S7|LIVG_ECOLI	MULTIPLE	1	63	166	30	3.985e-05	{LR}
sp|P0A9T0|SERA_ECOLI	SINGLE	1	145	167	7	4.607e-04	{G}
sp|P0A9T0|SERA_ECOLI	SINGLE	2	248	262	6	5.574e-04	{A}
sp|P0A9V1|LPTB_ECOLI	SINGLE	1	75	150	13	4.840e-05	{R}
sp|P0A9V1|LPTB_ECOLI	SINGLE	2	52	224	20	2.380e-04	{I}
sp|P0A9V1|LPTB_ECOLI	SINGLE	3	112	128	6	4.457e-04	{E}
sp|P0A9V1|LPTB_ECOLI	SINGLE	4	52	66	5	9.005e-04	{D}
sp|P0A9V1|LPTB_ECOLI	MULTIPLE	1	52	209	51	4.712e-08	{RID}
sp|P0A9V8|SQUU_ECOLI	SINGLE	1	2	294	44	1.450e-05	{A}
sp|P0A9V8|SQUU_ECOLI	SINGLE	2	1	298	17	2.360e-04	{M}
sp|P0A9V8|SQUU_ECOLI	MULTIPLE	1	1	298	61	3.460e-08	{AM}
sp|P0A9V8|SQUU_ECOLI	WHOLE	1	1	298	44	2.153e-05	{A}
sp|P0A9V8|SQUU_ECOLI	WHOLE	2	1	298	17	2.360e-04	{M}
sp|P0A9W3|ETTA_ECOLI	SINGLE	1	453	488	12	4.539e-05	{L}
sp|P0A9W3|ETTA_ECOLI	SINGLE	2	349	463	20	4.633e-05	{G}
sp|P0A9W3|ETTA_ECOLI	SINGLE	3	60	310	33	5.720e-05	{E}
sp|P0A9W3|ETTA_ECOLI	SINGLE	4	172	186	7	1.659e-04	{L}
sp|P0A9W3|ETTA_ECOLI	SINGLE	5	517	532	6	3.084e-04	{E}
sp|P0A9W3|ETTA_ECOLI	SINGLE	6	146	336	20	5.602e-04	{R}
sp|P0A9W3|ETTA_ECOLI	MULTIPLE	1	60	338	94	9.749e-08	{ELR}
sp|P0A9X4|MREB_ECOLI	SINGLE	1	132	341	29	8.890e-05	{G}
sp|P0A9X4|MREB_ECOLI	SINGLE	2	26	187	23	2.115e-04	{V}
sp|P0A9X4|MREB_ECOLI	SINGLE	3	125	151	8	6.718e-04	{A}
sp|P0A9X4|MREB_ECOLI	MULTIPLE	1	26	341	104	2.473e-07	{GVA}
sp|P0A9X4|MREB_ECOLI	WHOLE	1	1	347	39	4.606e-04	{G}
sp|P0A9Z1|GLNB_ECOLI	SINGLE	1	61	102	9	1.446e-04	{I}
sp|P0A9Z1|GLNB_ECOLI	WHOLE	1	1	112	14	8.486e-04	{I}
sp|P0AA16|OMPR_ECOLI	SINGLE	1	15	220	26	4.909e-06	{R}
sp|P0AA16|OMPR_ECOLI	WHOLE	1	1	239	26	5.855e-05	{R}
sp|P0AA25|THIO_ECOLI	SINGLE	1	10	27	6	2.760e-04	{D}
sp|P0AA41|TRUC_ECOLI	SINGLE	1	162	220	9	4.641e-06	{H}
sp|P0AA41|TRUC_ECOLI	SINGLE	2	69	83	5	2.936e-04	{Q}
sp|P0AA41|TRUC_ECOLI	SINGLE	3	24	198	19	4.940e-04	{R}
sp|P0AA41|TRUC_ECOLI	MULTIPLE	1	23	220	34	6.822e-07	{HR}
sp|P0AA41|TRUC_ECOLI	WHOLE	1	1	260	15	4.583e-04	{H}
sp|P0AA43|RSUA_ECOLI	SINGLE	1	45	201	11	5.288e-04	{H}
sp|P0AA43|RSUA_ECOLI	SINGLE	2	76	114	8	9.539e-04	{D}
sp|P0AA43|RSUA_ECOLI	MULTIPLE	1	76	143	15	1.330e-04	{HD}
sp|P0AA47|PLAP_ECOLI	SINGLE	1	37	399	34	2.037e-06	{F}
sp|P0AA47|PLAP_ECOLI	SINGLE	2	158	178	9	2.683e-06	{V}
sp|P0AA47|PLAP_ECOLI	SINGLE	3	20	34	4	2.419e-04	{M}
sp|P0AA47|PLAP_ECOLI	SINGLE	4	112	383	27	2.783e-04	{I}
sp|P0AA47|PLAP_ECOLI	SINGLE	5	54	369	41	5.020e-04	{A}
sp|P0AA47|PLAP_ECOLI	MULTIPLE	1	37	383	137	4.958e-12	{FVIA}
sp|P0AA47|PLAP_ECOLI	WHOLE	1	1	452	35	6.820e-05	{F}
sp|P0AA76|DGOT_ECOLI	SINGLE	1	46	379	31	6.397e-06	{F}
sp|P0AA76|DGOT_ECOLI	SINGLE	2	371	400	10	1.251e-05	{G}
sp|P0AA76|DGOT_ECOLI	SINGLE	3	329	344	5	1.688e-05	{M}
sp|P0AA76|DGOT_ECOLI	SINGLE	4	162	187	5	3.525e-05	{W}
sp|P0AA76|DGOT_ECOLI	SINGLE	5	161	186	7	1.782e-04	{I}
sp|P0AA76|DGOT_ECOLI	MULTIPLE	1	46	401	126	2.633e-13	{FGMWI}
sp|P0AA76|DGOT_ECOLI	WHOLE	1	1	430	33	1.214e-04	{F}
sp|P0AA76|DGOT_ECOLI	WHOLE	2	1	430	47	2.678e-04	{G}
sp|P0AA78|EXUT_ECOLI	SINGLE	1	30	180	33	4.516e-08	{A}
sp|P0AA78|EXUT_ECOLI	SINGLE	2	85	293	12	6.539e-05	{W}
sp|P0AA78|EXUT_ECOLI	SINGLE	3	1	330	19	9.808e-05	{M}
sp|P0AA78|EXUT_ECOLI	SINGLE	4	229	294	10	1.888e-04	{F}
sp|P0AA78|EXUT_ECOLI	SINGLE	5	274	412	25	5.057e-04	{L}
sp|P0AA78|EXUT_ECOLI	MULTIPLE	1	79	273	68	1.239e-11	{AWMF}
sp|P0AA78|EXUT_ECOLI	WHOLE	1	1	432	61	3.358e-06	{A}
sp|P0AA78|EXUT_ECOLI	WHOLE	2	1	432	20	9.020e-04	{M}
sp|P0AA84|CLSB_ECOLI	SINGLE	1	93	287	29	5.064e-08	{R}
sp|P0AA84|CLSB_ECOLI	SINGLE	2	374	396	6	4.644e-04	{P}
sp|P0AA84|CLSB_ECOLI	SINGLE	3	51	65	6	5.574e-04	{A}
sp|P0AA84|CLSB_ECOLI	WHOLE	1	1	413	38	6.084e-05	{R}
sp|P0AA89|DOSC_ECOLI	SINGLE	1	23	444	45	8.030e-07	{I}
sp|P0AA89|DOSC_ECOLI	SINGLE	2	254	452	23	6.072e-05	{R}
sp|P0AA89|DOSC_ECOLI	SINGLE	3	165	183	7	1.103e-04	{E}
sp|P0AA89|DOSC_ECOLI	SINGLE	4	19	35	7	1.565e-04	{A}
sp|P0AA89|DOSC_ECOLI	SINGLE	5	247	261	5	2.875e-04	{N}
sp|P0AA89|DOSC_ECOLI	SINGLE	6	125	213	16	3.999e-04	{S}
sp|P0AA89|DOSC_ECOLI	MULTIPLE	1	23	454	120	5.116e-10	{IRE}
sp|P0AA89|DOSC_ECOLI	WHOLE	1	1	460	45	6.956e-06	{I}
sp|P0AA89|DOSC_ECOLI	WHOLE	2	1	460	37	7.735e-04	{R}
sp|P0AA93|YPDA_ECOLI	SINGLE	1	75	550	64	4.243e-13	{I}
sp|P0AA93|YPDA_ECOLI	SINGLE	2	81	145	13	2.218e-04	{G}
sp|P0AA93|YPDA_ECOLI	SINGLE	3	8	57	13	3.377e-04	{L}
sp|P0AA93|YPDA_ECOLI	SINGLE	4	199	213	6	5.574e-04	{A}
sp|P0AA93|YPDA_ECOLI	WHOLE	1	1	565	69	4.928e-12	{I}
sp|P0AA99|DPAA_ECOLI	SINGLE	1	214	232	7	1.092e-04	{V}
sp|P0AA99|DPAA_ECOLI	SINGLE	2	35	204	17	1.787e-04	{Y}
sp|P0AA99|DPAA_ECOLI	SINGLE	3	17	32	6	5.323e-04	{S}
sp|P0AAA9|ZRAP_ECOLI	SINGLE	1	120	139	12	5.249e-10	{G}
sp|P0AAA9|ZRAP_ECOLI	SINGLE	2	34	65	9	5.422e-06	{Q}
sp|P0AAA9|ZRAP_ECOLI	SINGLE	3	1	19	5	4.205e-05	{M}
sp|P0AAA9|ZRAP_ECOLI	SINGLE	4	8	121	20	3.437e-04	{A}
sp|P0AAA9|ZRAP_ECOLI	MULTIPLE	1	1	125	30	3.215e-06	{MA}
sp|P0AAA9|ZRAP_ECOLI	WHOLE	1	1	141	12	5.337e-05	{M}
sp|P0AAB4|UBID_ECOLI	SINGLE	1	28	358	32	5.618e-05	{P}
sp|P0AAB4|UBID_ECOLI	SINGLE	2	402	439	9	1.576e-04	{D}
sp|P0AAB4|UBID_ECOLI	SINGLE	3	217	430	26	8.651e-04	{V}
sp|P0AAC6|YCCA_ECOLI	SINGLE	1	14	213	35	9.237e-05	{L}
sp|P0AAC6|YCCA_ECOLI	SINGLE	2	142	212	12	1.338e-04	{I}
sp|P0AAC6|YCCA_ECOLI	SINGLE	3	46	149	9	3.767e-04	{M}
sp|P0AAC6|YCCA_ECOLI	MULTIPLE	1	14	213	63	4.905e-08	{LIM}
sp|P0AAC6|YCCA_ECOLI	WHOLE	1	1	219	35	4.722e-04	{L}
sp|P0AAC8|ISCA_ECOLI	SINGLE	1	21	37	6	4.943e-04	{G}
sp|P0AAC8|ISCA_ECOLI	SINGLE	2	41	64	7	5.364e-04	{V}
sp|P0AAD6|SDAC_ECOLI	SINGLE	1	34	423	47	1.396e-08	{I}
sp|P0AAD6|SDAC_ECOLI	SINGLE	2	1	415	28	1.546e-07	{M}
sp|P0AAD6|SDAC_ECOLI	SINGLE	3	276	312	10	3.371e-04	{A}
sp|P0AAD6|SDAC_ECOLI	SINGLE	4	28	49	7	3.432e-04	{G}
sp|P0AAD6|SDAC_ECOLI	SINGLE	5	176	213	11	3.551e-04	{L}
sp|P0AAD6|SDAC_ECOLI	SINGLE	6	61	267	18	8.631e-04	{F}
sp|P0AAD6|SDAC_ECOLI	MULTIPLE	1	24	428	101	1.973e-15	{IMF}
sp|P0AAD6|SDAC_ECOLI	WHOLE	1	1	429	48	9.297e-08	{I}
sp|P0AAD6|SDAC_ECOLI	WHOLE	2	1	429	28	2.959e-07	{M}
sp|P0AAD8|TDCC_ECOLI	SINGLE	1	29	332	32	3.435e-07	{F}
sp|P0AAD8|TDCC_ECOLI	SINGLE	2	2	20	8	2.423e-05	{S}
sp|P0AAD8|TDCC_ECOLI	SINGLE	3	33	438	38	7.528e-05	{I}
sp|P0AAD8|TDCC_ECOLI	SINGLE	4	26	213	32	2.757e-04	{L}
sp|P0AAD8|TDCC_ECOLI	SINGLE	5	27	48	7	3.432e-04	{G}
sp|P0AAD8|TDCC_ECOLI	SINGLE	6	259	326	14	4.972e-04	{A}
sp|P0AAD8|TDCC_ECOLI	MULTIPLE	1	26	443	132	8.920e-12	{FIL}
sp|P0AAD8|TDCC_ECOLI	WHOLE	1	1	443	36	2.157e-05	{F}
sp|P0AAD8|TDCC_ECOLI	WHOLE	2	1	443	39	2.009e-04	{I}
sp|P0AAE0|CYCA_ECOLI	SINGLE	1	42	459	39	4.481e-07	{F}
sp|P0AAE0|CYCA_ECOLI	SINGLE	2	112	431	44	1.419e-06	{V}
sp|P0AAE0|CYCA_ECOLI	SINGLE	3	249	267	7	1.944e-05	{I}
sp|P0AAE0|CYCA_ECOLI	SINGLE	4	98	136	6	2.175e-05	{W}
sp|P0AAE0|CYCA_ECOLI	SINGLE	5	28	63	9	4.136e-05	{I}
sp|P0AAE0|CYCA_ECOLI	SINGLE	6	34	53	7	1.789e-04	{G}
sp|P0AAE0|CYCA_ECOLI	SINGLE	7	43	423	20	2.116e-04	{M}
sp|P0AAE0|CYCA_ECOLI	SINGLE	8	305	319	6	3.585e-04	{S}
sp|P0AAE0|CYCA_ECOLI	SINGLE	9	432	458	9	3.896e-04	{L}
sp|P0AAE0|CYCA_ECOLI	SINGLE	10	294	345	12	4.248e-04	{A}
sp|P0AAE0|CYCA_ECOLI	SINGLE	11	133	151	7	8.828e-04	{L}
sp|P0AAE0|CYCA_ECOLI	MULTIPLE	1	56	431	177	2.558e-17	{FVIWMA}
sp|P0AAE0|CYCA_ECOLI	MULTIPLE	2	28	64	17	1.602e-07	{IG}
sp|P0AAE0|CYCA_ECOLI	WHOLE	1	1	470	39	6.677e-06	{F}
sp|P0AAE0|CYCA_ECOLI	WHOLE	2	1	470	51	1.187e-04	{V}
sp|P0AAE8|CADB_ECOLI	SINGLE	1	4	301	47	2.210e-06	{A}
sp|P0AAE8|CADB_ECOLI	SINGLE	2	34	48	7	3.040e-06	{I}
sp|P0AAE8|CADB_ECOLI	SINGLE	3	8	356	41	1.498e-04	{G}
sp|P0AAE8|CADB_ECOLI	SINGLE	4	114	164	11	2.798e-04	{V}
sp|P0AAE8|CADB_ECOLI	SINGLE	5	212	435	14	3.242e-04	{M}
sp|P0AAE8|CADB_ECOLI	SINGLE	6	130	198	6	5.095e-04	{W}
sp|P0AAE8|CADB_ECOLI	SINGLE	7	370	397	4	9.111e-04	{C}
sp|P0AAE8|CADB_ECOLI	MULTIPLE	1	7	421	211	3.653e-17	{AIGVMWC}
sp|P0AAE8|CADB_ECOLI	WHOLE	1	1	444	59	2.597e-05	{A}
sp|P0AAE8|CADB_ECOLI	WHOLE	2	1	444	38	3.876e-04	{I}
sp|P0AAF1|POTE_ECOLI	SINGLE	1	98	374	31	1.324e-05	{I}
sp|P0AAF1|POTE_ECOLI	SINGLE	2	1	87	10	1.777e-05	{M}
sp|P0AAF1|POTE_ECOLI	SINGLE	3	94	394	38	4.059e-05	{V}
sp|P0AAF1|POTE_ECOLI	SINGLE	4	63	168	19	4.642e-05	{G}
sp|P0AAF1|POTE_ECOLI	SINGLE	5	133	201	6	5.095e-04	{W}
sp|P0AAF1|POTE_ECOLI	SINGLE	6	49	266	30	9.655e-04	{A}
sp|P0AAF1|POTE_ECOLI	SINGLE	7	27	43	5	9.825e-04	{I}
sp|P0AAF1|POTE_ECOLI	MULTIPLE	1	35	396	127	1.087e-10	{IVWA}
sp|P0AAF1|POTE_ECOLI	MULTIPLE	2	9	168	52	7.711e-10	{MGI}
sp|P0AAF1|POTE_ECOLI	WHOLE	1	1	439	38	3.178e-04	{I}
sp|P0AAF1|POTE_ECOLI	WHOLE	2	1	439	46	4.591e-04	{V}
sp|P0AAF1|POTE_ECOLI	WHOLE	3	1	439	21	4.776e-04	{M}
sp|P0AAG0|DPPD_ECOLI	SINGLE	1	165	268	19	2.858e-04	{A}
sp|P0AAG0|DPPD_ECOLI	SINGLE	2	195	216	8	4.250e-04	{L}
sp|P0AAG0|DPPD_ECOLI	MULTIPLE	1	165	270	35	2.857e-05	{AL}
sp|P0AAH4|SAPD_ECOLI	SINGLE	1	62	142	15	5.113e-06	{R}
sp|P0AAH4|SAPD_ECOLI	SINGLE	2	117	131	4	5.704e-05	{W}
sp|P0AAH4|SAPD_ECOLI	SINGLE	3	242	309	11	2.313e-04	{P}
sp|P0AAH4|SAPD_ECOLI	MULTIPLE	1	61	142	20	1.013e-07	{RW}
sp|P0AAI3|FTSH_ECOLI	SINGLE	1	600	633	9	1.677e-05	{P}
sp|P0AAI3|FTSH_ECOLI	SINGLE	2	125	290	26	2.557e-05	{G}
sp|P0AAI3|FTSH_ECOLI	SINGLE	3	382	403	5	8.914e-05	{M}
sp|P0AAI3|FTSH_ECOLI	SINGLE	4	341	373	10	1.242e-04	{A}
sp|P0AAI3|FTSH_ECOLI	SINGLE	5	159	173	6	2.062e-04	{E}
sp|P0AAI3|FTSH_ECOLI	SINGLE	6	309	337	7	3.066e-04	{R}
sp|P0AAI3|FTSH_ECOLI	SINGLE	7	414	432	4	6.290e-04	{H}
sp|P0AAI3|FTSH_ECOLI	SINGLE	8	109	141	5	6.305e-04	{M}
sp|P0AAI3|FTSH_ECOLI	MULTIPLE	1	114	290	52	9.123e-07	{GEM}
sp|P0AAI5|FABF_ECOLI	SINGLE	1	161	362	39	9.821e-08	{A}
sp|P0AAI5|FABF_ECOLI	SINGLE	2	78	406	46	9.434e-07	{G}
sp|P0AAI5|FABF_ECOLI	SINGLE	3	62	178	17	4.578e-05	{I}
sp|P0AAI5|FABF_ECOLI	MULTIPLE	1	73	357	106	1.309e-12	{AGI}
sp|P0AAI5|FABF_ECOLI	WHOLE	1	1	413	52	4.265e-06	{G}
sp|P0AAI5|FABF_ECOLI	WHOLE	2	1	413	52	2.348e-04	{A}
sp|P0AAJ3|FDNH_ECOLI	SINGLE	1	39	179	17	1.414e-10	{C}
sp|P0AAJ3|FDNH_ECOLI	SINGLE	2	223	238	4	3.155e-04	{H}
sp|P0AAJ3|FDNH_ECOLI	SINGLE	3	256	270	6	5.574e-04	{A}
sp|P0AAJ3|FDNH_ECOLI	WHOLE	1	1	294	17	5.440e-06	{C}
sp|P0AAJ5|FDOH_ECOLI	SINGLE	1	39	179	16	1.182e-09	{C}
sp|P0AAJ5|FDOH_ECOLI	SINGLE	2	284	298	7	1.843e-05	{E}
sp|P0AAJ5|FDOH_ECOLI	SINGLE	3	223	238	4	3.155e-04	{H}
sp|P0AAJ5|FDOH_ECOLI	SINGLE	4	257	271	6	5.574e-04	{A}
sp|P0AAJ5|FDOH_ECOLI	SINGLE	5	53	70	5	7.186e-04	{N}
sp|P0AAJ5|FDOH_ECOLI	WHOLE	1	1	300	16	2.588e-05	{C}
sp|P0AAM1|CYBH_ECOLI	SINGLE	1	97	111	5	1.898e-06	{W}
sp|P0AAM1|CYBH_ECOLI	SINGLE	2	134	170	8	6.634e-05	{F}
sp|P0AAM1|CYBH_ECOLI	SINGLE	3	29	217	13	2.147e-04	{M}
sp|P0AAM1|CYBH_ECOLI	MULTIPLE	1	21	217	24	2.416e-07	{WM}
sp|P0AAM1|CYBH_ECOLI	WHOLE	1	1	235	14	5.087e-04	{M}
sp|P0AAM1|CYBH_ECOLI	WHOLE	2	1	235	11	6.645e-04	{W}
sp|P0AAM3|HYPC_ECOLI	SINGLE	1	19	58	9	6.977e-04	{V}
sp|P0AAN3|HYPB_ECOLI	SINGLE	1	75	102	7	2.444e-04	{R}
sp|P0AAN3|HYPB_ECOLI	SINGLE	2	254	269	5	7.294e-04	{I}
sp|P0AAP3|FRMR_ECOLI	SINGLE	1	14	73	10	4.119e-04	{R}
sp|P0AAT4|YBDG_ECOLI	SINGLE	1	5	274	36	5.049e-08	{I}
sp|P0AAT4|YBDG_ECOLI	SINGLE	2	58	208	31	1.106e-05	{L}
sp|P0AAT4|YBDG_ECOLI	SINGLE	3	261	350	14	7.264e-05	{R}
sp|P0AAT4|YBDG_ECOLI	SINGLE	4	243	273	9	2.046e-04	{S}
sp|P0AAT4|YBDG_ECOLI	SINGLE	5	225	241	6	3.477e-04	{T}
sp|P0AAT4|YBDG_ECOLI	MULTIPLE	1	28	224	61	7.809e-10	{IL}
sp|P0AAT4|YBDG_ECOLI	WHOLE	1	1	415	45	5.169e-07	{I}
sp|P0AAT6|IOJAP_ECOLI	SINGLE	1	11	39	7	3.632e-04	{I}
sp|P0AAT6|IOJAP_ECOLI	SINGLE	2	8	26	6	3.810e-04	{D}
sp|P0AAT6|IOJAP_ECOLI	MULTIPLE	1	8	39	14	1.253e-06	{ID}
sp|P0AAX8|YBIS_ECOLI	SINGLE	1	28	179	18	1.893e-04	{P}
sp|P0AAX8|YBIS_ECOLI	SINGLE	2	10	24	6	5.574e-04	{A}
sp|P0AAZ4|RARA_ECOLI	SINGLE	1	270	360	25	1.668e-08	{A}
sp|P0AAZ4|RARA_ECOLI	SINGLE	2	92	107	6	5.920e-05	{R}
sp|P0AAZ4|RARA_ECOLI	SINGLE	3	385	416	7	1.394e-04	{Y}
sp|P0AAZ4|RARA_ECOLI	WHOLE	1	1	447	63	2.547e-06	{A}
sp|P0AAZ4|RARA_ECOLI	WHOLE	2	1	447	38	2.657e-04	{R}
sp|P0AB38|LPOB_ECOLI	SINGLE	1	26	73	16	2.498e-10	{P}
sp|P0AB38|LPOB_ECOLI	SINGLE	2	109	132	7	4.521e-05	{N}
sp|P0AB38|LPOB_ECOLI	SINGLE	3	141	155	5	2.936e-04	{Q}
sp|P0AB58|LAPB_ECOLI	SINGLE	1	357	374	4	1.600e-04	{C}
sp|P0AB58|LAPB_ECOLI	SINGLE	2	25	310	26	2.003e-04	{Q}
sp|P0AB58|LAPB_ECOLI	SINGLE	3	191	344	11	4.540e-04	{M}
sp|P0AB58|LAPB_ECOLI	SINGLE	4	119	301	27	6.140e-04	{A}
sp|P0AB58|LAPB_ECOLI	SINGLE	5	21	384	31	7.938e-04	{R}
sp|P0AB58|LAPB_ECOLI	SINGLE	6	2	203	32	8.702e-04	{L}
sp|P0AB58|LAPB_ECOLI	MULTIPLE	1	1	358	158	7.220e-11	{QMARL}
sp|P0AB71|ALF_ECOLI	SINGLE	1	92	111	6	3.056e-06	{H}
sp|P0AB71|ALF_ECOLI	SINGLE	2	148	183	9	3.176e-04	{E}
sp|P0AB71|ALF_ECOLI	SINGLE	3	8	59	11	3.318e-04	{V}
sp|P0AB74|KBAY_ECOLI	SINGLE	1	94	277	26	9.735e-05	{V}
sp|P0AB74|KBAY_ECOLI	SINGLE	2	80	107	5	2.914e-04	{H}
sp|P0AB74|KBAY_ECOLI	MULTIPLE	1	80	277	34	5.534e-05	{VH}
sp|P0AB77|KBL_ECOLI	SINGLE	1	16	386	55	2.313e-06	{A}
sp|P0AB77|KBL_ECOLI	SINGLE	2	216	252	11	1.563e-05	{G}
sp|P0AB77|KBL_ECOLI	MULTIPLE	1	31	374	84	3.742e-07	{AG}
sp|P0AB77|KBL_ECOLI	WHOLE	1	1	398	56	8.557e-06	{A}
sp|P0AB80|ILVE_ECOLI	SINGLE	1	24	62	7	1.778e-05	{H}
sp|P0AB80|ILVE_ECOLI	SINGLE	2	123	161	11	1.172e-04	{A}
sp|P0AB80|ILVE_ECOLI	SINGLE	3	104	302	26	4.252e-04	{G}
sp|P0AB80|ILVE_ECOLI	MULTIPLE	1	104	295	47	8.521e-05	{AG}
sp|P0AB83|END3_ECOLI	SINGLE	1	175	203	5	8.455e-05	{C}
sp|P0AB85|APBE_ECOLI	SINGLE	1	138	173	10	1.863e-06	{Q}
sp|P0AB87|FUCA_ECOLI	SINGLE	1	54	172	11	5.153e-05	{H}
sp|P0AB87|FUCA_ECOLI	SINGLE	2	79	186	20	1.714e-04	{A}
sp|P0AB87|FUCA_ECOLI	SINGLE	3	136	185	13	3.377e-04	{L}
sp|P0AB87|FUCA_ECOLI	MULTIPLE	1	77	172	27	3.848e-07	{HA}
sp|P0AB89|PUR8_ECOLI	SINGLE	1	48	80	12	3.445e-06	{A}
sp|P0AB89|PUR8_ECOLI	SINGLE	2	53	305	25	4.683e-04	{I}
sp|P0AB91|AROG_ECOLI	SINGLE	1	28	42	6	5.574e-04	{A}
sp|P0AB98|ATP6_ECOLI	SINGLE	1	100	229	29	4.046e-06	{L}
sp|P0AB98|ATP6_ECOLI	SINGLE	2	221	261	10	1.984e-05	{I}
sp|P0AB98|ATP6_ECOLI	SINGLE	3	227	241	4	5.704e-05	{W}
sp|P0AB98|ATP6_ECOLI	SINGLE	4	26	256	20	5.088e-04	{F}
sp|P0AB98|ATP6_ECOLI	MULTIPLE	1	38	261	89	1.710e-12	{LIWF}
sp|P0AB98|ATP6_ECOLI	WHOLE	1	1	271	45	4.198e-05	{L}
sp|P0ABB0|ATPA_ECOLI	SINGLE	1	157	205	11	1.784e-05	{I}
sp|P0ABB0|ATPA_ECOLI	SINGLE	2	177	480	44	3.407e-05	{A}
sp|P0ABB0|ATPA_ECOLI	SINGLE	3	29	174	22	1.660e-04	{G}
sp|P0ABB0|ATPA_ECOLI	SINGLE	4	420	444	6	5.033e-04	{Q}
sp|P0ABB0|ATPA_ECOLI	SINGLE	5	271	303	7	6.899e-04	{R}
sp|P0ABB0|ATPA_ECOLI	MULTIPLE	1	37	470	178	7.326e-09	{IAGQR}
sp|P0ABB4|ATPB_ECOLI	SINGLE	1	141	155	7	2.093e-05	{G}
sp|P0ABB4|ATPB_ECOLI	SINGLE	2	7	43	10	7.543e-05	{V}
sp|P0ABB4|ATPB_ECOLI	SINGLE	3	94	128	9	2.548e-04	{E}
sp|P0ABB4|ATPB_ECOLI	SINGLE	4	48	103	11	7.395e-04	{G}
sp|P0ABB4|ATPB_ECOLI	WHOLE	1	1	460	47	6.549e-04	{V}
sp|P0ABB8|ATMA_ECOLI	SINGLE	1	720	736	8	5.235e-05	{L}
sp|P0ABB8|ATMA_ECOLI	SINGLE	2	768	807	8	1.172e-04	{F}
sp|P0ABB8|ATMA_ECOLI	SINGLE	3	110	157	12	1.988e-04	{A}
sp|P0ABB8|ATMA_ECOLI	SINGLE	4	646	669	8	2.843e-04	{A}
sp|P0ABB8|ATMA_ECOLI	SINGLE	5	50	78	8	3.334e-04	{E}
sp|P0ABB8|ATMA_ECOLI	SINGLE	6	643	849	22	3.792e-04	{I}
sp|P0ABB8|ATMA_ECOLI	SINGLE	7	103	199	13	6.782e-04	{I}
sp|P0ABB8|ATMA_ECOLI	MULTIPLE	1	643	853	38	1.188e-05	{FI}
sp|P0ABB8|ATMA_ECOLI	MULTIPLE	2	103	202	29	9.127e-06	{AI}
sp|P0ABB8|ATMA_ECOLI	WHOLE	1	1	898	108	7.851e-04	{L}
sp|P0ABC7|HFLK_ECOLI	SINGLE	1	7	78	23	1.060e-10	{G}
sp|P0ABC7|HFLK_ECOLI	SINGLE	2	383	397	8	2.783e-06	{S}
sp|P0ABC7|HFLK_ECOLI	SINGLE	3	240	318	19	6.475e-06	{A}
sp|P0ABC7|HFLK_ECOLI	SINGLE	4	132	167	10	5.887e-05	{V}
sp|P0ABC7|HFLK_ECOLI	SINGLE	5	219	332	19	9.514e-05	{E}
sp|P0ABC7|HFLK_ECOLI	SINGLE	6	84	103	7	4.883e-04	{A}
sp|P0ABC7|HFLK_ECOLI	SINGLE	7	4	30	6	7.524e-04	{N}
sp|P0ABC7|HFLK_ECOLI	SINGLE	8	158	339	19	7.683e-04	{R}
sp|P0ABC7|HFLK_ECOLI	MULTIPLE	1	240	320	32	1.881e-08	{AE}
sp|P0ABD3|BFR_ECOLI	SINGLE	1	63	95	10	4.368e-04	{L}
sp|P0ABD3|BFR_ECOLI	SINGLE	2	44	137	15	7.167e-04	{E}
sp|P0ABD3|BFR_ECOLI	MULTIPLE	1	37	140	32	5.422e-05	{LE}
sp|P0ABD5|ACCA_ECOLI	SINGLE	1	200	214	7	2.093e-05	{G}
sp|P0ABD5|ACCA_ECOLI	SINGLE	2	42	190	19	6.918e-05	{R}
sp|P0ABD5|ACCA_ECOLI	SINGLE	3	234	295	14	1.915e-04	{A}
sp|P0ABD5|ACCA_ECOLI	SINGLE	4	253	268	5	7.294e-04	{I}
sp|P0ABD5|ACCA_ECOLI	MULTIPLE	1	234	295	20	3.944e-05	{AI}
sp|P0ABD8|BCCP_ECOLI	SINGLE	1	35	76	16	4.061e-08	{A}
sp|P0ABD8|BCCP_ECOLI	SINGLE	2	11	28	8	7.119e-06	{E}
sp|P0ABD8|BCCP_ECOLI	SINGLE	3	44	58	5	2.936e-04	{Q}
sp|P0ABD8|BCCP_ECOLI	SINGLE	4	44	124	8	3.284e-04	{M}
sp|P0ABD8|BCCP_ECOLI	SINGLE	5	37	97	10	3.882e-04	{P}
sp|P0ABD8|BCCP_ECOLI	MULTIPLE	1	35	76	28	8.701e-13	{AQP}
sp|P0ABE5|C561_ECOLI	SINGLE	1	63	77	6	3.376e-05	{P}
sp|P0ABE5|C561_ECOLI	SINGLE	2	53	102	13	3.377e-04	{L}
sp|P0ABE5|C561_ECOLI	SINGLE	3	27	119	8	7.970e-04	{M}
sp|P0ABE5|C561_ECOLI	MULTIPLE	1	53	105	25	9.240e-08	{PLM}
sp|P0ABF1|PCNB_ECOLI	SINGLE	1	4	461	54	1.090e-09	{R}
sp|P0ABF1|PCNB_ECOLI	WHOLE	1	1	465	54	1.834e-09	{R}
sp|P0ABF6|CDD_ECOLI	SINGLE	1	8	282	46	5.678e-07	{A}
sp|P0ABF6|CDD_ECOLI	WHOLE	1	1	294	47	1.535e-06	{A}
sp|P0ABG1|CDSA_ECOLI	SINGLE	1	41	210	14	2.852e-07	{W}
sp|P0ABG1|CDSA_ECOLI	SINGLE	2	58	104	16	1.988e-06	{L}
sp|P0ABG1|CDSA_ECOLI	SINGLE	3	163	259	16	4.270e-04	{G}
sp|P0ABG1|CDSA_ECOLI	SINGLE	4	11	35	7	6.967e-04	{V}
sp|P0ABG1|CDSA_ECOLI	MULTIPLE	1	61	162	31	3.550e-08	{WL}
sp|P0ABG1|CDSA_ECOLI	WHOLE	1	1	285	50	4.097e-06	{L}
sp|P0ABG1|CDSA_ECOLI	WHOLE	2	1	285	14	8.778e-05	{W}
sp|P0ABG4|FTSW_ECOLI	SINGLE	1	3	395	66	7.659e-07	{L}
sp|P0ABG4|FTSW_ECOLI	SINGLE	2	298	354	9	2.833e-04	{F}
sp|P0ABG4|FTSW_ECOLI	SINGLE	3	18	397	34	3.481e-04	{I}
sp|P0ABG4|FTSW_ECOLI	SINGLE	4	184	206	7	4.064e-04	{V}
sp|P0ABG4|FTSW_ECOLI	SINGLE	5	259	282	7	6.071e-04	{G}
sp|P0ABG4|FTSW_ECOLI	SINGLE	6	1	393	19	7.371e-04	{M}
sp|P0ABG4|FTSW_ECOLI	MULTIPLE	1	1	397	180	1.281e-15	{LFIGM}
sp|P0ABG4|FTSW_ECOLI	WHOLE	1	1	414	67	2.247e-06	{L}
sp|P0ABG7|RODA_ECOLI	SINGLE	1	23	359	38	1.421e-06	{I}
sp|P0ABG7|RODA_ECOLI	SINGLE	2	137	349	41	2.862e-06	{L}
sp|P0ABG7|RODA_ECOLI	SINGLE	3	45	63	5	4.205e-05	{M}
sp|P0ABG7|RODA_ECOLI	SINGLE	4	316	339	8	7.912e-05	{V}
sp|P0ABG7|RODA_ECOLI	SINGLE	5	16	33	8	8.554e-05	{L}
sp|P0ABG7|RODA_ECOLI	SINGLE	6	223	354	21	1.095e-04	{G}
sp|P0ABG7|RODA_ECOLI	MULTIPLE	1	20	357	177	6.694e-19	{ILMVG}
sp|P0ABG7|RODA_ECOLI	WHOLE	1	1	370	38	1.141e-05	{I}
sp|P0ABG7|RODA_ECOLI	WHOLE	2	1	370	57	4.169e-05	{L}
sp|P0ABG7|RODA_ECOLI	WHOLE	3	1	370	19	3.782e-04	{M}
sp|P0ABH0|FTSA_ECOLI	SINGLE	1	10	280	40	7.086e-07	{V}
sp|P0ABH0|FTSA_ECOLI	SINGLE	2	329	348	7	4.883e-04	{A}
sp|P0ABH0|FTSA_ECOLI	SINGLE	3	12	50	9	6.699e-04	{G}
sp|P0ABH0|FTSA_ECOLI	MULTIPLE	1	10	282	69	2.804e-08	{VG}
sp|P0ABH0|FTSA_ECOLI	WHOLE	1	1	420	50	1.547e-05	{V}
sp|P0ABH7|CISY_ECOLI	SINGLE	1	113	404	18	6.428e-05	{M}
sp|P0ABH7|CISY_ECOLI	SINGLE	2	242	272	10	7.006e-05	{A}
sp|P0ABH7|CISY_ECOLI	SINGLE	3	111	157	6	4.669e-04	{H}
sp|P0ABH7|CISY_ECOLI	MULTIPLE	1	111	404	32	1.577e-06	{MH}
sp|P0ABH9|CLPA_ECOLI	SINGLE	1	281	358	14	2.018e-05	{I}
sp|P0ABH9|CLPA_ECOLI	SINGLE	2	5	196	26	1.909e-04	{E}
sp|P0ABH9|CLPA_ECOLI	SINGLE	3	191	206	5	6.419e-04	{R}
sp|P0ABH9|CLPA_ECOLI	MULTIPLE	1	5	206	45	3.640e-06	{ER}
sp|P0ABI4|CORA_ECOLI	SINGLE	1	97	120	8	9.294e-06	{R}
sp|P0ABI4|CORA_ECOLI	SINGLE	2	65	80	6	1.920e-05	{F}
sp|P0ABI4|CORA_ECOLI	SINGLE	3	8	182	26	4.478e-05	{E}
sp|P0ABI4|CORA_ECOLI	SINGLE	4	244	258	5	5.275e-04	{I}
sp|P0ABI4|CORA_ECOLI	SINGLE	5	132	240	21	5.430e-04	{L}
sp|P0ABI4|CORA_ECOLI	SINGLE	6	30	85	10	7.235e-04	{D}
sp|P0ABI4|CORA_ECOLI	MULTIPLE	1	7	233	105	2.827e-11	{RELD}
sp|P0ABI8|CYOB_ECOLI	SINGLE	1	93	476	44	2.182e-10	{F}
sp|P0ABI8|CYOB_ECOLI	SINGLE	2	16	654	62	2.510e-07	{I}
sp|P0ABI8|CYOB_ECOLI	SINGLE	3	41	625	26	8.969e-07	{W}
sp|P0ABI8|CYOB_ECOLI	SINGLE	4	60	621	31	2.313e-06	{M}
sp|P0ABI8|CYOB_ECOLI	SINGLE	5	108	162	12	1.368e-04	{V}
sp|P0ABI8|CYOB_ECOLI	SINGLE	6	23	536	53	4.415e-04	{G}
sp|P0ABI8|CYOB_ECOLI	MULTIPLE	1	16	626	231	3.543e-27	{FIWMG}
sp|P0ABI8|CYOB_ECOLI	WHOLE	1	1	663	58	1.085e-08	{F}
sp|P0ABI8|CYOB_ECOLI	WHOLE	2	1	663	62	8.370e-07	{I}
sp|P0ABI8|CYOB_ECOLI	WHOLE	3	1	663	26	7.838e-06	{W}
sp|P0ABI8|CYOB_ECOLI	WHOLE	4	1	663	33	9.116e-06	{M}
sp|P0ABJ1|CYOA_ECOLI	SINGLE	1	282	308	6	2.000e-05	{M}
sp|P0ABJ1|CYOA_ECOLI	SINGLE	2	222	256	10	2.092e-04	{A}
sp|P0ABJ1|CYOA_ECOLI	SINGLE	3	10	52	12	2.831e-04	{L}
sp|P0ABJ1|CYOA_ECOLI	SINGLE	4	67	138	6	6.347e-04	{W}
sp|P0ABJ3|CYOC_ECOLI	SINGLE	1	5	19	6	4.406e-07	{H}
sp|P0ABJ3|CYOC_ECOLI	SINGLE	2	27	140	14	1.130e-04	{F}
sp|P0ABJ6|CYOD_ECOLI	SINGLE	1	1	108	11	2.150e-05	{M}
sp|P0ABJ6|CYOD_ECOLI	SINGLE	2	84	98	5	5.275e-04	{I}
sp|P0ABJ6|CYOD_ECOLI	SINGLE	3	30	93	12	5.598e-04	{V}
sp|P0ABJ6|CYOD_ECOLI	MULTIPLE	1	15	108	34	2.381e-08	{MIV}
sp|P0ABJ6|CYOD_ECOLI	WHOLE	1	1	109	11	2.343e-05	{M}
sp|P0ABJ9|CYDA_ECOLI	SINGLE	1	12	226	25	1.006e-06	{F}
sp|P0ABJ9|CYDA_ECOLI	SINGLE	2	1	245	16	8.159e-05	{M}
sp|P0ABJ9|CYDA_ECOLI	SINGLE	3	214	230	7	1.565e-04	{A}
sp|P0ABJ9|CYDA_ECOLI	SINGLE	4	409	451	5	3.996e-04	{W}
sp|P0ABJ9|CYDA_ECOLI	SINGLE	5	169	193	7	6.967e-04	{V}
sp|P0ABJ9|CYDA_ECOLI	MULTIPLE	1	12	228	39	9.445e-10	{FM}
sp|P0ABJ9|CYDA_ECOLI	WHOLE	1	1	522	40	2.927e-05	{F}
sp|P0ABK2|CYDB_ECOLI	SINGLE	1	310	327	5	3.167e-05	{M}
sp|P0ABK2|CYDB_ECOLI	SINGLE	2	11	360	16	6.711e-05	{W}
sp|P0ABK2|CYDB_ECOLI	SINGLE	3	72	168	13	8.166e-05	{F}
sp|P0ABK2|CYDB_ECOLI	SINGLE	4	67	82	7	9.989e-05	{A}
sp|P0ABK2|CYDB_ECOLI	SINGLE	5	129	348	28	2.968e-04	{V}
sp|P0ABK2|CYDB_ECOLI	SINGLE	6	202	309	19	4.520e-04	{A}
sp|P0ABK2|CYDB_ECOLI	MULTIPLE	1	6	363	133	2.272e-11	{MWFAV}
sp|P0ABK2|CYDB_ECOLI	WHOLE	1	1	379	16	1.595e-04	{W}
sp|P0ABK2|CYDB_ECOLI	WHOLE	2	1	379	19	4.949e-04	{M}
sp|P0ABK5|CYSK_ECOLI	SINGLE	1	175	194	7	1.789e-04	{G}
sp|P0ABK5|CYSK_ECOLI	SINGLE	2	267	281	6	5.574e-04	{A}
sp|P0ABK5|CYSK_ECOLI	SINGLE	3	189	272	12	6.109e-04	{I}
sp|P0ABK5|CYSK_ECOLI	MULTIPLE	1	173	275	29	2.554e-06	{GI}
sp|P0ABK7|CSGB_ECOLI	SINGLE	1	45	150	15	4.068e-05	{Q}
sp|P0ABK7|CSGB_ECOLI	SINGLE	2	15	113	20	5.213e-05	{A}
sp|P0ABK7|CSGB_ECOLI	SINGLE	3	28	125	12	7.549e-04	{N}
sp|P0ABK7|CSGB_ECOLI	MULTIPLE	1	19	145	48	4.661e-09	{QAN}
sp|P0ABK7|CSGB_ECOLI	WHOLE	1	1	151	23	9.294e-04	{A}
sp|P0ABK9|NRFA_ECOLI	SINGLE	1	350	421	17	2.429e-05	{A}
sp|P0ABK9|NRFA_ECOLI	SINGLE	2	264	393	11	1.116e-04	{H}
sp|P0ABK9|NRFA_ECOLI	SINGLE	3	7	21	5	1.842e-04	{F}
sp|P0ABK9|NRFA_ECOLI	SINGLE	4	425	463	8	4.479e-04	{I}
sp|P0ABK9|NRFA_ECOLI	MULTIPLE	1	272	453	53	4.754e-07	{AHI}
sp|P0ABK9|NRFA_ECOLI	WHOLE	1	1	478	57	4.515e-04	{A}
sp|P0ABN1|KDGL_ECOLI	SINGLE	1	37	80	11	7.207e-05	{V}
sp|P0ABN1|KDGL_ECOLI	SINGLE	2	45	115	12	1.338e-04	{I}
sp|P0ABN1|KDGL_ECOLI	SINGLE	3	14	46	9	6.083e-04	{A}
sp|P0ABN1|KDGL_ECOLI	MULTIPLE	1	24	111	41	4.315e-09	{VIA}
sp|P0ABN1|KDGL_ECOLI	WHOLE	1	1	122	15	6.805e-04	{I}
sp|P0ABN5|DCUA_ECOLI	SINGLE	1	7	336	40	1.276e-07	{I}
sp|P0ABN5|DCUA_ECOLI	SINGLE	2	16	31	8	2.775e-06	{G}
sp|P0ABN5|DCUA_ECOLI	SINGLE	3	340	374	12	6.881e-06	{A}
sp|P0ABN5|DCUA_ECOLI	SINGLE	4	404	431	7	7.159e-05	{F}
sp|P0ABN5|DCUA_ECOLI	SINGLE	5	3	427	47	1.362e-04	{V}
sp|P0ABN5|DCUA_ECOLI	SINGLE	6	165	211	12	6.556e-04	{L}
sp|P0ABN5|DCUA_ECOLI	MULTIPLE	1	2	428	145	5.289e-11	{IVL}
sp|P0ABN5|DCUA_ECOLI	WHOLE	1	1	433	43	7.591e-06	{I}
sp|P0ABN5|DCUA_ECOLI	WHOLE	2	1	433	47	2.009e-04	{V}
sp|P0ABN9|DCUB_ECOLI	SINGLE	1	5	438	50	2.128e-08	{I}
sp|P0ABN9|DCUB_ECOLI	SINGLE	2	359	385	11	2.429e-06	{A}
sp|P0ABN9|DCUB_ECOLI	SINGLE	3	17	32	7	3.474e-05	{G}
sp|P0ABN9|DCUB_ECOLI	SINGLE	4	34	162	21	5.977e-05	{V}
sp|P0ABN9|DCUB_ECOLI	SINGLE	5	269	336	8	1.005e-04	{M}
sp|P0ABN9|DCUB_ECOLI	SINGLE	6	378	395	5	3.959e-04	{Y}
sp|P0ABN9|DCUB_ECOLI	SINGLE	7	2	287	42	7.877e-04	{L}
sp|P0ABN9|DCUB_ECOLI	MULTIPLE	1	1	446	248	1.649e-15	{IAGVML}
sp|P0ABN9|DCUB_ECOLI	WHOLE	1	1	446	50	4.914e-08	{I}
sp|P0ABP3|DCUC_ECOLI	SINGLE	1	5	356	43	3.688e-08	{I}
sp|P0ABP3|DCUC_ECOLI	SINGLE	2	410	445	13	1.789e-07	{V}
sp|P0ABP3|DCUC_ECOLI	SINGLE	3	73	152	11	1.211e-06	{M}
sp|P0ABP3|DCUC_ECOLI	SINGLE	4	122	214	22	1.736e-06	{A}
sp|P0ABP3|DCUC_ECOLI	SINGLE	5	11	33	7	4.064e-04	{V}
sp|P0ABP3|DCUC_ECOLI	MULTIPLE	1	1	363	142	1.036e-14	{IMAV}
sp|P0ABP3|DCUC_ECOLI	WHOLE	1	1	461	49	3.121e-07	{I}
sp|P0ABP3|DCUC_ECOLI	WHOLE	2	1	461	25	2.537e-05	{M}
sp|P0ABP3|DCUC_ECOLI	WHOLE	3	1	461	58	1.204e-04	{A}
sp|P0ABP3|DCUC_ECOLI	WHOLE	4	1	461	48	4.142e-04	{V}
sp|P0ABP8|DEOD_ECOLI	SINGLE	1	127	149	8	2.057e-04	{A}
sp|P0ABP8|DEOD_ECOLI	SINGLE	2	199	221	7	3.101e-04	{T}
sp|P0ABP8|DEOD_ECOLI	SINGLE	3	45	66	7	3.432e-04	{G}
sp|P0ABP8|DEOD_ECOLI	SINGLE	4	183	197	6	5.574e-04	{A}
sp|P0ABP8|DEOD_ECOLI	SINGLE	5	123	169	9	7.871e-04	{D}
sp|P0ABP8|DEOD_ECOLI	MULTIPLE	1	125	158	15	9.728e-06	{AD}
sp|P0ABQ0|COABC_ECOLI	SINGLE	1	17	329	55	9.969e-09	{A}
sp|P0ABQ0|COABC_ECOLI	SINGLE	2	379	393	7	1.659e-04	{L}
sp|P0ABQ0|COABC_ECOLI	SINGLE	3	22	36	5	4.635e-04	{R}
sp|P0ABQ0|COABC_ECOLI	SINGLE	4	332	367	7	6.427e-04	{N}
sp|P0ABQ0|COABC_ECOLI	SINGLE	5	231	334	16	7.175e-04	{V}
sp|P0ABQ0|COABC_ECOLI	MULTIPLE	1	17	338	87	1.251e-09	{AV}
sp|P0ABQ0|COABC_ECOLI	WHOLE	1	1	406	59	1.976e-06	{A}
sp|P0ABQ4|DYR_ECOLI	SINGLE	1	116	144	7	7.282e-04	{D}
sp|P0ABR9|MHPB_ECOLI	SINGLE	1	71	97	8	6.718e-04	{A}
sp|P0ABS1|DKSA_ECOLI	SINGLE	1	21	127	19	4.099e-05	{E}
sp|P0ABS1|DKSA_ECOLI	SINGLE	2	41	93	10	1.502e-04	{R}
sp|P0ABS1|DKSA_ECOLI	SINGLE	3	91	105	6	1.570e-04	{K}
sp|P0ABS1|DKSA_ECOLI	SINGLE	4	114	138	4	5.908e-04	{C}
sp|P0ABS1|DKSA_ECOLI	MULTIPLE	1	21	129	32	1.811e-07	{ER}
sp|P0ABS1|DKSA_ECOLI	WHOLE	1	1	151	22	2.028e-04	{E}
sp|P0ABS5|DNAG_ECOLI	SINGLE	1	368	578	43	3.691e-07	{L}
sp|P0ABS5|DNAG_ECOLI	SINGLE	2	107	133	8	1.183e-05	{Q}
sp|P0ABS5|DNAG_ECOLI	SINGLE	3	195	214	7	2.369e-05	{R}
sp|P0ABS5|DNAG_ECOLI	SINGLE	4	548	570	7	4.101e-04	{E}
sp|P0ABS5|DNAG_ECOLI	SINGLE	5	39	64	4	6.870e-04	{C}
sp|P0ABS5|DNAG_ECOLI	MULTIPLE	1	368	578	62	2.313e-07	{LE}
sp|P0ABS5|DNAG_ECOLI	WHOLE	1	1	581	75	6.615e-04	{L}
sp|P0ABT2|DPS_ECOLI	SINGLE	1	141	156	6	1.335e-04	{D}
sp|P0ABU0|MENB_ECOLI	SINGLE	1	70	167	19	1.556e-05	{G}
sp|P0ABU2|YCHF_ECOLI	SINGLE	1	241	263	8	5.701e-05	{E}
sp|P0ABU2|YCHF_ECOLI	SINGLE	2	133	305	26	5.812e-04	{A}
sp|P0ABU2|YCHF_ECOLI	SINGLE	3	33	65	7	5.968e-04	{P}
sp|P0ABU2|YCHF_ECOLI	SINGLE	4	149	167	6	6.596e-04	{K}
sp|P0ABU2|YCHF_ECOLI	MULTIPLE	1	122	305	48	1.157e-05	{EA}
sp|P0ABU7|EXBB_ECOLI	SINGLE	1	168	243	19	3.574e-06	{A}
sp|P0ABU7|EXBB_ECOLI	SINGLE	2	110	128	6	1.731e-04	{R}
sp|P0ABU7|EXBB_ECOLI	SINGLE	3	123	158	9	3.656e-04	{G}
sp|P0ABU7|EXBB_ECOLI	MULTIPLE	1	110	151	14	1.137e-04	{RG}
sp|P0ABU7|EXBB_ECOLI	WHOLE	1	1	244	33	7.784e-04	{A}
sp|P0ABU9|TOLQ_ECOLI	SINGLE	1	20	41	8	5.499e-06	{I}
sp|P0ABU9|TOLQ_ECOLI	SINGLE	2	152	191	13	5.611e-06	{A}
sp|P0ABU9|TOLQ_ECOLI	SINGLE	3	7	24	8	8.554e-05	{L}
sp|P0ABU9|TOLQ_ECOLI	SINGLE	4	193	208	5	4.001e-04	{N}
sp|P0ABU9|TOLQ_ECOLI	SINGLE	5	30	51	7	9.125e-04	{A}
sp|P0ABU9|TOLQ_ECOLI	MULTIPLE	1	6	51	26	3.032e-07	{ILA}
sp|P0ABV2|EXBD_ECOLI	SINGLE	1	49	63	5	4.135e-04	{P}
sp|P0ABV2|EXBD_ECOLI	SINGLE	2	82	121	9	5.089e-04	{T}
sp|P0ABV2|EXBD_ECOLI	SINGLE	3	1	35	5	8.250e-04	{M}
sp|P0ABV6|TOLR_ECOLI	SINGLE	1	19	95	15	8.404e-05	{V}
sp|P0ABV6|TOLR_ECOLI	SINGLE	2	12	30	8	1.342e-04	{L}
sp|P0ABV6|TOLR_ECOLI	SINGLE	3	1	15	5	4.635e-04	{R}
sp|P0ABV6|TOLR_ECOLI	MULTIPLE	1	5	30	12	6.582e-05	{LR}
sp|P0ABY7|FLHC_ECOLI	SINGLE	1	137	160	5	3.280e-05	{C}
sp|P0ABY7|FLHC_ECOLI	SINGLE	2	15	134	22	7.869e-04	{L}
sp|P0ABZ1|FLIG_ECOLI	SINGLE	1	22	173	25	2.010e-04	{A}
sp|P0ABZ1|FLIG_ECOLI	SINGLE	2	52	315	40	5.796e-04	{L}
sp|P0ABZ1|FLIG_ECOLI	SINGLE	3	271	314	8	8.391e-04	{R}
sp|P0ABZ1|FLIG_ECOLI	MULTIPLE	1	21	316	102	2.052e-07	{ALR}
sp|P0ABZ6|SURA_ECOLI	SINGLE	1	47	245	25	1.461e-06	{Q}
sp|P0ABZ6|SURA_ECOLI	SINGLE	2	24	42	8	1.137e-05	{V}
sp|P0ABZ6|SURA_ECOLI	SINGLE	3	102	193	13	1.217e-04	{N}
sp|P0ABZ6|SURA_ECOLI	SINGLE	4	70	314	26	1.321e-04	{I}
sp|P0ABZ6|SURA_ECOLI	SINGLE	5	115	149	8	1.733e-04	{R}
sp|P0ABZ6|SURA_ECOLI	SINGLE	6	71	114	6	3.279e-04	{M}
sp|P0ABZ6|SURA_ECOLI	SINGLE	7	195	225	9	3.743e-04	{A}
sp|P0ABZ6|SURA_ECOLI	SINGLE	8	228	264	9	4.511e-04	{G}
sp|P0ABZ6|SURA_ECOLI	SINGLE	9	311	325	6	5.574e-04	{A}
sp|P0ABZ6|SURA_ECOLI	MULTIPLE	1	67	280	83	4.735e-10	{QNIRM}
sp|P0ABZ6|SURA_ECOLI	WHOLE	1	1	428	34	3.027e-04	{Q}
sp|P0AC00|FRLB_ECOLI	SINGLE	1	9	40	9	1.224e-04	{V}
sp|P0AC00|FRLB_ECOLI	SINGLE	2	318	334	5	2.972e-04	{Y}
sp|P0AC02|BAMD_ECOLI	SINGLE	1	40	72	8	5.674e-05	{Q}
sp|P0AC02|BAMD_ECOLI	SINGLE	2	62	80	5	5.171e-04	{Y}
sp|P0AC02|BAMD_ECOLI	SINGLE	3	154	185	6	9.581e-04	{Y}
sp|P0AC02|BAMD_ECOLI	MULTIPLE	1	36	80	14	6.368e-06	{QY}
sp|P0AC13|DHPS_ECOLI	SINGLE	1	182	240	14	5.379e-04	{L}
sp|P0AC16|FOLB_ECOLI	SINGLE	1	35	106	15	2.861e-04	{A}
sp|P0AC19|FOLX_ECOLI	SINGLE	1	7	38	9	1.509e-05	{I}
sp|P0AC19|FOLX_ECOLI	SINGLE	2	27	71	8	5.029e-04	{N}
sp|P0AC19|FOLX_ECOLI	MULTIPLE	1	7	71	21	1.621e-07	{IN}
sp|P0AC23|FOCA_ECOLI	SINGLE	1	174	219	8	5.761e-06	{M}
sp|P0AC23|FOCA_ECOLI	SINGLE	2	250	264	5	5.275e-04	{I}
sp|P0AC23|FOCA_ECOLI	SINGLE	3	13	27	6	5.574e-04	{A}
sp|P0AC23|FOCA_ECOLI	SINGLE	4	28	61	8	7.507e-04	{T}
sp|P0AC30|FTSX_ECOLI	SINGLE	1	269	328	17	1.479e-05	{L}
sp|P0AC30|FTSX_ECOLI	SINGLE	2	14	31	7	8.425e-05	{G}
sp|P0AC30|FTSX_ECOLI	SINGLE	3	221	244	7	5.364e-04	{V}
sp|P0AC30|FTSX_ECOLI	SINGLE	4	100	135	7	6.599e-04	{Q}
sp|P0AC30|FTSX_ECOLI	SINGLE	5	4	57	9	7.753e-04	{R}
sp|P0AC30|FTSX_ECOLI	MULTIPLE	1	14	32	11	1.234e-06	{GR}
sp|P0AC33|FUMA_ECOLI	SINGLE	1	100	495	48	2.349e-05	{G}
sp|P0AC38|ASPA_ECOLI	SINGLE	1	328	343	7	3.033e-05	{V}
sp|P0AC38|ASPA_ECOLI	SINGLE	2	33	145	15	7.954e-05	{N}
sp|P0AC38|ASPA_ECOLI	SINGLE	3	57	79	8	2.057e-04	{A}
sp|P0AC38|ASPA_ECOLI	WHOLE	1	1	478	36	4.827e-04	{N}
sp|P0AC41|SDHA_ECOLI	SINGLE	1	14	416	54	4.697e-07	{G}
sp|P0AC41|SDHA_ECOLI	SINGLE	2	130	144	7	6.097e-05	{A}
sp|P0AC41|SDHA_ECOLI	SINGLE	3	438	452	5	2.875e-04	{N}
sp|P0AC41|SDHA_ECOLI	SINGLE	4	430	586	18	3.653e-04	{R}
sp|P0AC41|SDHA_ECOLI	SINGLE	5	340	410	13	4.300e-04	{V}
sp|P0AC41|SDHA_ECOLI	MULTIPLE	1	443	578	28	2.163e-05	{NR}
sp|P0AC41|SDHA_ECOLI	WHOLE	1	1	588	59	4.436e-04	{G}
sp|P0AC44|DHSD_ECOLI	SINGLE	1	96	115	10	1.252e-07	{V}
sp|P0AC44|DHSD_ECOLI	SINGLE	2	36	66	7	1.411e-04	{F}
sp|P0AC44|DHSD_ECOLI	SINGLE	3	62	95	10	5.619e-04	{L}
sp|P0AC44|DHSD_ECOLI	WHOLE	1	1	115	19	1.047e-04	{V}
sp|P0AC47|FRDB_ECOLI	SINGLE	1	58	215	11	4.420e-05	{C}
sp|P0AC53|G6PD_ECOLI	SINGLE	1	446	487	5	3.585e-04	{W}
sp|P0AC53|G6PD_ECOLI	SINGLE	2	271	285	5	4.635e-04	{R}
sp|P0AC53|G6PD_ECOLI	SINGLE	3	232	249	4	5.076e-04	{M}
sp|P0AC55|GLNK_ECOLI	SINGLE	1	61	102	8	7.383e-04	{I}
sp|P0AC55|GLNK_ECOLI	SINGLE	2	61	75	5	9.005e-04	{D}
sp|P0AC55|GLNK_ECOLI	MULTIPLE	1	61	102	14	4.639e-05	{ID}
sp|P0AC69|GLRX4_ECOLI	SINGLE	1	34	48	6	5.574e-04	{A}
sp|P0AC75|KDTA_ECOLI	SINGLE	1	20	43	7	8.692e-05	{R}
sp|P0AC75|KDTA_ECOLI	SINGLE	2	2	16	7	1.659e-04	{L}
sp|P0AC75|KDTA_ECOLI	SINGLE	3	139	254	21	1.663e-04	{A}
sp|P0AC75|KDTA_ECOLI	SINGLE	4	106	420	46	5.492e-04	{L}
sp|P0AC75|KDTA_ECOLI	MULTIPLE	1	106	420	83	9.717e-06	{AL}
sp|P0AC75|KDTA_ECOLI	WHOLE	1	1	425	60	2.585e-04	{L}
sp|P0AC78|WECA_ECOLI	SINGLE	1	47	308	32	1.694e-06	{I}
sp|P0AC78|WECA_ECOLI	SINGLE	2	340	359	8	1.937e-06	{R}
sp|P0AC78|WECA_ECOLI	SINGLE	3	14	347	29	3.877e-05	{F}
sp|P0AC78|WECA_ECOLI	SINGLE	4	111	285	13	1.037e-04	{M}
sp|P0AC78|WECA_ECOLI	SINGLE	5	45	224	24	5.081e-04	{G}
sp|P0AC78|WECA_ECOLI	MULTIPLE	1	51	298	87	2.510e-11	{IFMG}
sp|P0AC78|WECA_ECOLI	WHOLE	1	1	367	36	4.585e-05	{I}
sp|P0AC78|WECA_ECOLI	WHOLE	2	1	367	29	1.794e-04	{F}
sp|P0AC84|GLO2_ECOLI	SINGLE	1	44	58	5	1.186e-05	{H}
sp|P0AC84|GLO2_ECOLI	SINGLE	2	116	163	5	8.974e-04	{C}
sp|P0AC88|GM4D_ECOLI	SINGLE	1	152	178	7	4.457e-05	{Y}
sp|P0AC88|GM4D_ECOLI	SINGLE	2	46	61	4	3.155e-04	{H}
sp|P0AC88|GM4D_ECOLI	SINGLE	3	237	269	7	3.857e-04	{Q}
sp|P0AC88|GM4D_ECOLI	SINGLE	4	221	240	4	7.691e-04	{M}
sp|P0AC88|GM4D_ECOLI	SINGLE	5	250	307	11	8.363e-04	{V}
sp|P0AC88|GM4D_ECOLI	MULTIPLE	1	236	269	11	5.414e-06	{QM}
sp|P0AC98|SATP_ECOLI	SINGLE	1	109	135	8	5.684e-06	{F}
sp|P0AC98|SATP_ECOLI	SINGLE	2	6	138	27	4.522e-05	{L}
sp|P0AC98|SATP_ECOLI	SINGLE	3	13	185	26	5.061e-05	{G}
sp|P0AC98|SATP_ECOLI	SINGLE	4	140	165	7	1.782e-04	{I}
sp|P0AC98|SATP_ECOLI	SINGLE	5	37	51	5	5.275e-04	{I}
sp|P0AC98|SATP_ECOLI	SINGLE	6	136	168	9	6.083e-04	{A}
sp|P0AC98|SATP_ECOLI	MULTIPLE	1	10	185	108	2.922e-15	{FLGIA}
sp|P0AC98|SATP_ECOLI	WHOLE	1	1	188	27	7.911e-05	{G}
sp|P0AC98|SATP_ECOLI	WHOLE	2	1	188	18	3.007e-04	{F}
sp|P0AC98|SATP_ECOLI	WHOLE	3	1	188	31	5.545e-04	{L}
sp|P0ACB0|DNAB_ECOLI	SINGLE	1	235	270	6	1.079e-04	{M}
sp|P0ACB0|DNAB_ECOLI	SINGLE	2	271	403	17	1.523e-04	{R}
sp|P0ACB0|DNAB_ECOLI	SINGLE	3	258	446	21	2.869e-04	{I}
sp|P0ACB0|DNAB_ECOLI	SINGLE	4	104	191	16	8.251e-04	{A}
sp|P0ACB0|DNAB_ECOLI	MULTIPLE	1	227	446	33	2.428e-05	{MI}
sp|P0ACB2|HEM2_ECOLI	SINGLE	1	151	182	13	3.113e-07	{A}
sp|P0ACB2|HEM2_ECOLI	SINGLE	2	120	134	4	7.491e-05	{C}
sp|P0ACB2|HEM2_ECOLI	SINGLE	3	4	18	5	4.635e-04	{R}
sp|P0ACB2|HEM2_ECOLI	WHOLE	1	1	324	43	2.500e-04	{A}
sp|P0ACB4|HEMG_ECOLI	SINGLE	1	92	136	9	2.010e-04	{R}
sp|P0ACC1|PRMC_ECOLI	SINGLE	1	150	196	8	6.914e-04	{Q}
sp|P0ACC3|ERPA_ECOLI	SINGLE	1	39	92	12	1.387e-04	{G}
sp|P0ACC7|GLMU_ECOLI	SINGLE	1	14	432	48	8.643e-05	{G}
sp|P0ACC7|GLMU_ECOLI	SINGLE	2	28	57	5	4.045e-04	{H}
sp|P0ACC7|GLMU_ECOLI	MULTIPLE	1	14	432	60	6.374e-05	{GH}
sp|P0ACC7|GLMU_ECOLI	WHOLE	1	1	456	49	2.975e-04	{G}
sp|P0ACD4|ISCU_ECOLI	SINGLE	1	12	26	5	2.875e-04	{N}
sp|P0ACD8|MBHL_ECOLI	SINGLE	1	91	109	6	2.019e-04	{I}
sp|P0ACD8|MBHL_ECOLI	SINGLE	2	145	159	6	3.585e-04	{S}
sp|P0ACE0|MBHM_ECOLI	SINGLE	1	551	566	7	3.033e-05	{V}
sp|P0ACE0|MBHM_ECOLI	SINGLE	2	93	107	4	2.419e-04	{H}
sp|P0ACE7|HINT_ECOLI	SINGLE	1	6	48	11	4.769e-06	{I}
sp|P0ACE7|HINT_ECOLI	SINGLE	2	92	116	5	1.683e-04	{H}
sp|P0ACE7|HINT_ECOLI	WHOLE	1	1	119	16	1.792e-04	{I}
sp|P0ACF0|DBHA_ECOLI	SINGLE	1	11	88	15	6.625e-04	{A}
sp|P0ACF4|DBHB_ECOLI	SINGLE	1	11	88	19	5.332e-06	{A}
sp|P0ACF4|DBHB_ECOLI	WHOLE	1	1	90	19	4.280e-05	{A}
sp|P0ACF8|HNS_ECOLI	SINGLE	1	20	53	13	8.366e-08	{E}
sp|P0ACF8|HNS_ECOLI	WHOLE	1	1	137	19	8.811e-04	{E}
sp|P0ACG1|STPA_ECOLI	SINGLE	1	27	74	14	1.179e-06	{E}
sp|P0ACG1|STPA_ECOLI	SINGLE	2	12	54	8	7.210e-04	{R}
sp|P0ACG1|STPA_ECOLI	MULTIPLE	1	27	56	16	1.894e-08	{ER}
sp|P0ACG8|HSLR_ECOLI	SINGLE	1	10	126	16	1.088e-04	{R}
sp|P0ACG8|HSLR_ECOLI	SINGLE	2	80	96	6	4.457e-04	{E}
sp|P0ACG8|HSLR_ECOLI	MULTIPLE	1	3	126	30	2.562e-05	{RE}
sp|P0ACG8|HSLR_ECOLI	WHOLE	1	1	133	16	4.402e-04	{R}
sp|P0ACJ0|LRP_ECOLI	SINGLE	1	7	54	9	3.282e-04	{R}
sp|P0ACJ8|CRP_ECOLI	SINGLE	1	18	32	4	2.419e-04	{H}
sp|P0ACN4|ALLR_ECOLI	SINGLE	1	48	202	29	1.065e-04	{L}
sp|P0ACN4|ALLR_ECOLI	SINGLE	2	37	55	7	2.079e-04	{S}
sp|P0ACP7|PURR_ECOLI	SINGLE	1	110	261	14	5.689e-06	{M}
sp|P0ACP7|PURR_ECOLI	SINGLE	2	324	341	6	1.244e-04	{R}
sp|P0ACP7|PURR_ECOLI	SINGLE	3	165	199	9	2.937e-04	{G}
sp|P0ACQ4|OXYR_ECOLI	SINGLE	1	32	200	31	9.295e-05	{L}
sp|P0ACQ4|OXYR_ECOLI	SINGLE	2	249	292	9	1.689e-04	{R}
sp|P0ACQ4|OXYR_ECOLI	SINGLE	3	241	277	8	2.182e-04	{P}
sp|P0ACQ4|OXYR_ECOLI	MULTIPLE	1	246	281	14	1.960e-06	{RP}
sp|P0ACQ4|OXYR_ECOLI	WHOLE	1	1	305	44	8.619e-04	{L}
sp|P0ACR9|MPRA_ECOLI	SINGLE	1	85	111	7	1.925e-04	{R}
sp|P0ACR9|MPRA_ECOLI	SINGLE	2	28	162	24	7.409e-04	{L}
sp|P0ACR9|MPRA_ECOLI	MULTIPLE	1	28	162	36	4.563e-05	{RL}
sp|P0ACS2|SOXR_ECOLI	SINGLE	1	59	73	6	4.559e-05	{I}
sp|P0ACS2|SOXR_ECOLI	SINGLE	2	116	130	4	7.491e-05	{C}
sp|P0ACS2|SOXR_ECOLI	SINGLE	3	41	147	14	4.244e-04	{R}
sp|P0ACS9|ACRR_ECOLI	SINGLE	1	61	122	13	1.141e-04	{E}
sp|P0ACV0|LPXL_ECOLI	SINGLE	1	52	289	17	1.719e-05	{M}
sp|P0ACV0|LPXL_ECOLI	SINGLE	2	238	262	7	9.845e-05	{P}
sp|P0ACV0|LPXL_ECOLI	SINGLE	3	39	179	17	2.960e-04	{R}
sp|P0ACV0|LPXL_ECOLI	SINGLE	4	11	49	11	4.492e-04	{L}
sp|P0ACV0|LPXL_ECOLI	SINGLE	5	174	191	6	4.810e-04	{K}
sp|P0ACV0|LPXL_ECOLI	SINGLE	6	17	290	12	6.867e-04	{W}
sp|P0ACV0|LPXL_ECOLI	MULTIPLE	1	15	305	55	9.702e-09	{MRW}
sp|P0ACV0|LPXL_ECOLI	WHOLE	1	1	306	18	1.125e-04	{M}
sp|P0ACV6|MPAA_ECOLI	SINGLE	1	91	105	5	2.875e-04	{N}
sp|P0ACY3|YEAG_ECOLI	SINGLE	1	548	573	7	7.868e-05	{N}
sp|P0ACY3|YEAG_ECOLI	SINGLE	2	283	317	8	8.529e-05	{N}
sp|P0ACY3|YEAG_ECOLI	SINGLE	3	467	519	9	1.257e-04	{Y}
sp|P0ACY3|YEAG_ECOLI	SINGLE	4	12	594	60	1.442e-04	{E}
sp|P0ACY3|YEAG_ECOLI	SINGLE	5	449	463	5	2.936e-04	{Q}
sp|P0ACY3|YEAG_ECOLI	MULTIPLE	1	12	594	92	5.784e-05	{NE}
sp|P0ACY3|YEAG_ECOLI	WHOLE	1	1	644	63	3.613e-04	{E}
sp|P0ACZ4|EVGA_ECOLI	SINGLE	1	4	78	17	9.498e-08	{I}
sp|P0ACZ4|EVGA_ECOLI	WHOLE	1	1	204	25	1.885e-05	{I}
sp|P0AD14|BTSS_ECOLI	SINGLE	1	75	104	12	1.815e-07	{G}
sp|P0AD14|BTSS_ECOLI	SINGLE	2	349	469	17	1.462e-05	{Q}
sp|P0AD14|BTSS_ECOLI	SINGLE	3	1	200	15	2.961e-05	{M}
sp|P0AD14|BTSS_ECOLI	SINGLE	4	143	217	16	1.411e-04	{A}
sp|P0AD14|BTSS_ECOLI	SINGLE	5	6	33	9	5.211e-04	{L}
sp|P0AD14|BTSS_ECOLI	SINGLE	6	20	504	40	5.478e-04	{I}
sp|P0AD14|BTSS_ECOLI	MULTIPLE	1	78	122	18	1.454e-08	{GM}
sp|P0AD14|BTSS_ECOLI	MULTIPLE	2	6	510	105	1.126e-05	{LI}
sp|P0AD27|PBGA_ECOLI	SINGLE	1	157	171	6	3.887e-05	{R}
sp|P0AD27|PBGA_ECOLI	SINGLE	2	24	177	29	9.530e-05	{L}
sp|P0AD27|PBGA_ECOLI	SINGLE	3	22	195	18	1.218e-04	{F}
sp|P0AD27|PBGA_ECOLI	SINGLE	4	379	396	4	1.222e-04	{W}
sp|P0AD27|PBGA_ECOLI	MULTIPLE	1	22	181	58	1.767e-08	{RLF}
sp|P0AD57|ISPB_ECOLI	SINGLE	1	52	107	14	6.237e-05	{A}
sp|P0AD57|ISPB_ECOLI	SINGLE	2	211	230	6	5.140e-04	{D}
sp|P0AD57|ISPB_ECOLI	WHOLE	1	1	323	41	7.388e-04	{A}
sp|P0AD59|IVY_ECOLI	SINGLE	1	1	106	9	4.304e-04	{M}
sp|P0AD59|IVY_ECOLI	SINGLE	2	13	46	9	7.625e-04	{A}
sp|P0AD59|IVY_ECOLI	MULTIPLE	1	9	98	20	3.277e-04	{MA}
sp|P0AD61|KPYK1_ECOLI	SINGLE	1	194	285	15	3.300e-05	{I}
sp|P0AD61|KPYK1_ECOLI	SINGLE	2	17	31	4	2.419e-04	{M}
sp|P0AD61|KPYK1_ECOLI	SINGLE	3	448	469	7	3.023e-04	{V}
sp|P0AD61|KPYK1_ECOLI	SINGLE	4	57	122	12	5.011e-04	{T}
sp|P0AD65|MRDA_ECOLI	SINGLE	1	523	630	21	6.103e-05	{A}
sp|P0AD65|MRDA_ECOLI	SINGLE	2	357	373	4	9.652e-05	{W}
sp|P0AD65|MRDA_ECOLI	SINGLE	3	22	42	8	2.978e-04	{L}
sp|P0AD65|MRDA_ECOLI	SINGLE	4	151	224	10	3.566e-04	{Y}
sp|P0AD65|MRDA_ECOLI	SINGLE	5	8	164	18	3.653e-04	{R}
sp|P0AD65|MRDA_ECOLI	SINGLE	6	59	88	7	4.505e-04	{I}
sp|P0AD65|MRDA_ECOLI	SINGLE	7	95	345	30	5.120e-04	{V}
sp|P0AD65|MRDA_ECOLI	SINGLE	8	96	115	6	5.140e-04	{D}
sp|P0AD65|MRDA_ECOLI	MULTIPLE	1	44	306	102	7.783e-07	{YRIVD}
sp|P0AD68|FTSI_ECOLI	SINGLE	1	384	586	30	2.059e-05	{G}
sp|P0AD68|FTSI_ECOLI	SINGLE	2	249	285	8	1.281e-04	{N}
sp|P0AD68|FTSI_ECOLI	SINGLE	3	25	39	7	1.659e-04	{L}
sp|P0AD68|FTSI_ECOLI	SINGLE	4	244	557	37	1.858e-04	{V}
sp|P0AD68|FTSI_ECOLI	MULTIPLE	1	252	586	75	1.120e-06	{GV}
sp|P0AD70|AMPH_ECOLI	SINGLE	1	298	333	11	1.176e-05	{G}
sp|P0AD70|AMPH_ECOLI	SINGLE	2	171	198	10	2.648e-05	{A}
sp|P0AD70|AMPH_ECOLI	SINGLE	3	266	292	7	1.046e-04	{Q}
sp|P0AD70|AMPH_ECOLI	SINGLE	4	261	340	8	3.026e-04	{M}
sp|P0AD70|AMPH_ECOLI	SINGLE	5	111	159	9	3.205e-04	{P}
sp|P0AD70|AMPH_ECOLI	MULTIPLE	1	261	343	17	1.623e-05	{QM}
sp|P0AD99|BRNQ_ECOLI	SINGLE	1	12	307	45	8.782e-06	{A}
sp|P0AD99|BRNQ_ECOLI	SINGLE	2	22	356	41	4.245e-05	{V}
sp|P0AD99|BRNQ_ECOLI	SINGLE	3	49	413	56	5.306e-05	{L}
sp|P0AD99|BRNQ_ECOLI	SINGLE	4	14	279	32	4.464e-04	{G}
sp|P0AD99|BRNQ_ECOLI	MULTIPLE	1	19	357	172	1.252e-15	{AVLG}
sp|P0AD99|BRNQ_ECOLI	WHOLE	1	1	439	57	6.202e-05	{A}
sp|P0AD99|BRNQ_ECOLI	WHOLE	2	1	439	47	2.662e-04	{V}
sp|P0AD99|BRNQ_ECOLI	WHOLE	3	1	439	61	3.404e-04	{L}
sp|P0ADA1|TESA_ECOLI	SINGLE	1	74	119	10	1.919e-05	{Q}
sp|P0ADA1|TESA_ECOLI	SINGLE	2	24	51	9	1.638e-04	{A}
sp|P0ADA1|TESA_ECOLI	SINGLE	3	12	37	9	2.859e-04	{L}
sp|P0ADA1|TESA_ECOLI	SINGLE	4	4	22	5	6.080e-04	{F}
sp|P0ADA1|TESA_ECOLI	MULTIPLE	1	8	53	24	2.287e-06	{ALF}
sp|P0ADA3|NLPD_ECOLI	SINGLE	1	66	98	16	8.394e-14	{Q}
sp|P0ADA3|NLPD_ECOLI	SINGLE	2	228	264	14	1.738e-08	{T}
sp|P0ADA3|NLPD_ECOLI	SINGLE	3	32	96	14	1.249e-06	{P}
sp|P0ADA3|NLPD_ECOLI	SINGLE	4	266	311	11	1.316e-04	{G}
sp|P0ADA3|NLPD_ECOLI	SINGLE	5	31	48	5	7.186e-04	{N}
sp|P0ADA3|NLPD_ECOLI	MULTIPLE	1	32	98	30	1.292e-14	{QP}
sp|P0ADA3|NLPD_ECOLI	WHOLE	1	1	379	31	3.282e-04	{Q}
sp|P0ADA3|NLPD_ECOLI	WHOLE	2	1	379	40	3.800e-04	{T}
sp|P0ADC1|LPTE_ECOLI	SINGLE	1	174	190	8	2.984e-06	{T}
sp|P0ADE4|TAMA_ECOLI	SINGLE	1	251	456	26	2.742e-04	{T}
sp|P0ADE4|TAMA_ECOLI	SINGLE	2	449	574	19	4.186e-04	{G}
sp|P0ADE4|TAMA_ECOLI	SINGLE	3	286	544	12	4.311e-04	{W}
sp|P0ADE4|TAMA_ECOLI	SINGLE	4	52	66	5	4.635e-04	{R}
sp|P0ADE4|TAMA_ECOLI	MULTIPLE	1	264	549	69	3.670e-06	{TGW}
sp|P0ADG4|SUHB_ECOLI	SINGLE	1	130	245	18	4.152e-04	{G}
sp|P0ADG4|SUHB_ECOLI	SINGLE	2	51	65	5	5.275e-04	{I}
sp|P0ADG7|IMDH_ECOLI	SINGLE	1	216	466	41	6.098e-08	{G}
sp|P0ADG7|IMDH_ECOLI	SINGLE	2	83	335	37	2.151e-06	{V}
sp|P0ADG7|IMDH_ECOLI	SINGLE	3	222	357	27	4.443e-06	{A}
sp|P0ADG7|IMDH_ECOLI	SINGLE	4	77	189	17	6.597e-04	{E}
sp|P0ADG7|IMDH_ECOLI	SINGLE	5	95	113	6	6.706e-04	{T}
sp|P0ADG7|IMDH_ECOLI	SINGLE	6	47	62	6	8.219e-04	{A}
sp|P0ADG7|IMDH_ECOLI	SINGLE	7	299	351	9	8.243e-04	{I}
sp|P0ADG7|IMDH_ECOLI	MULTIPLE	1	80	369	170	2.418e-12	{GVAETI}
sp|P0ADG7|IMDH_ECOLI	WHOLE	1	1	488	52	2.509e-04	{G}
sp|P0ADI4|ENTB_ECOLI	SINGLE	1	227	244	7	2.786e-05	{D}
sp|P0ADL1|NEPI_ECOLI	SINGLE	1	90	386	51	6.063e-06	{L}
sp|P0ADL1|NEPI_ECOLI	SINGLE	2	23	274	24	4.104e-05	{F}
sp|P0ADL1|NEPI_ECOLI	SINGLE	3	6	363	48	9.873e-05	{A}
sp|P0ADL1|NEPI_ECOLI	SINGLE	4	149	367	22	7.628e-04	{I}
sp|P0ADL1|NEPI_ECOLI	SINGLE	5	301	329	4	8.043e-04	{W}
sp|P0ADL1|NEPI_ECOLI	MULTIPLE	1	65	369	140	2.151e-12	{LFAIW}
sp|P0ADL1|NEPI_ECOLI	WHOLE	1	1	396	57	2.230e-04	{L}
sp|P0ADL1|NEPI_ECOLI	WHOLE	2	1	396	50	2.795e-04	{A}
sp|P0ADN0|VIAA_ECOLI	SINGLE	1	41	483	47	2.531e-07	{R}
sp|P0ADN0|VIAA_ECOLI	SINGLE	2	78	257	23	2.770e-06	{Q}
sp|P0ADN0|VIAA_ECOLI	SINGLE	3	2	295	51	4.586e-06	{L}
sp|P0ADN0|VIAA_ECOLI	SINGLE	4	442	465	5	1.377e-04	{H}
sp|P0ADN0|VIAA_ECOLI	SINGLE	5	149	316	24	1.486e-04	{E}
sp|P0ADN0|VIAA_ECOLI	MULTIPLE	1	52	445	161	1.094e-12	{RQLE}
sp|P0ADN0|VIAA_ECOLI	WHOLE	1	1	483	47	2.545e-06	{R}
sp|P0ADN2|MAOP_ECOLI	SINGLE	1	31	75	11	9.038e-05	{E}
sp|P0ADP0|YIGB_ECOLI	SINGLE	1	83	106	9	4.300e-05	{A}
sp|P0ADP0|YIGB_ECOLI	SINGLE	2	2	78	13	5.551e-05	{R}
sp|P0ADP2|YIGI_ECOLI	SINGLE	1	93	116	7	8.692e-05	{R}
sp|P0ADP2|YIGI_ECOLI	SINGLE	2	1	50	6	6.467e-04	{M}
sp|P0ADR8|PPNN_ECOLI	SINGLE	1	212	254	10	3.066e-05	{I}
sp|P0ADR8|PPNN_ECOLI	SINGLE	2	36	180	18	4.086e-05	{N}
sp|P0ADR8|PPNN_ECOLI	SINGLE	3	265	286	8	4.250e-04	{L}
sp|P0ADR8|PPNN_ECOLI	SINGLE	4	1	21	4	9.292e-04	{M}
sp|P0ADS2|ZAPA_ECOLI	SINGLE	1	4	106	14	1.090e-04	{Q}
sp|P0ADS2|ZAPA_ECOLI	WHOLE	1	1	109	14	1.950e-04	{Q}
sp|P0ADV1|LPTA_ECOLI	SINGLE	1	34	181	17	1.701e-04	{Q}
sp|P0ADV1|LPTA_ECOLI	SINGLE	2	137	183	10	3.972e-04	{K}
sp|P0ADV1|LPTA_ECOLI	SINGLE	3	51	74	7	5.364e-04	{V}
sp|P0ADV1|LPTA_ECOLI	MULTIPLE	1	42	183	48	5.701e-07	{QKV}
sp|P0ADV9|LPTC_ECOLI	SINGLE	1	130	155	7	6.865e-04	{T}
sp|P0ADY1|PPID_ECOLI	SINGLE	1	48	275	33	1.177e-09	{Q}
sp|P0ADY1|PPID_ECOLI	SINGLE	2	149	560	57	1.161e-05	{A}
sp|P0ADY1|PPID_ECOLI	SINGLE	3	16	35	7	2.844e-05	{I}
sp|P0ADY1|PPID_ECOLI	SINGLE	4	239	398	20	3.813e-04	{D}
sp|P0ADY1|PPID_ECOLI	SINGLE	5	277	615	36	5.762e-04	{K}
sp|P0ADY1|PPID_ECOLI	SINGLE	6	39	64	6	6.115e-04	{N}
sp|P0ADY1|PPID_ECOLI	MULTIPLE	1	67	623	210	1.391e-13	{QADK}
sp|P0ADY1|PPID_ECOLI	WHOLE	1	1	623	54	8.881e-07	{Q}
sp|P0ADY1|PPID_ECOLI	WHOLE	2	1	623	75	6.576e-05	{A}
sp|P0ADY3|RL14_ECOLI	SINGLE	1	40	67	8	1.846e-04	{K}
sp|P0ADY3|RL14_ECOLI	SINGLE	2	33	47	5	5.275e-04	{I}
sp|P0ADY3|RL14_ECOLI	SINGLE	3	52	69	6	6.200e-04	{V}
sp|P0ADY3|RL14_ECOLI	MULTIPLE	1	38	69	19	1.296e-07	{KIV}
sp|P0ADY7|RL16_ECOLI	SINGLE	1	6	66	12	2.294e-05	{R}
sp|P0ADZ0|RL23_ECOLI	SINGLE	1	53	67	7	1.824e-05	{V}
sp|P0ADZ0|RL23_ECOLI	SINGLE	2	19	88	13	2.397e-04	{K}
sp|P0ADZ0|RL23_ECOLI	MULTIPLE	1	33	68	17	3.661e-07	{VK}
sp|P0ADZ4|RS15_ECOLI	SINGLE	1	53	89	10	5.885e-06	{R}
sp|P0ADZ4|RS15_ECOLI	SINGLE	2	37	51	5	1.186e-05	{H}
sp|P0AE01|TRMJ_ECOLI	SINGLE	1	46	162	21	1.868e-04	{A}
sp|P0AE06|ACRA_ECOLI	SINGLE	1	99	172	21	1.208e-07	{A}
sp|P0AE06|ACRA_ECOLI	SINGLE	2	29	394	36	3.244e-06	{Q}
sp|P0AE06|ACRA_ECOLI	SINGLE	3	308	378	14	1.237e-04	{V}
sp|P0AE06|ACRA_ECOLI	MULTIPLE	1	29	394	115	1.695e-09	{AQV}
sp|P0AE06|ACRA_ECOLI	WHOLE	1	1	397	36	1.771e-05	{Q}
sp|P0AE08|AHPC_ECOLI	SINGLE	1	11	45	8	4.379e-05	{F}
sp|P0AE12|AMN_ECOLI	SINGLE	1	58	91	11	3.416e-06	{T}
sp|P0AE12|AMN_ECOLI	SINGLE	2	349	484	17	1.972e-04	{R}
sp|P0AE16|AMPG_ECOLI	SINGLE	1	17	490	88	1.226e-10	{L}
sp|P0AE16|AMPG_ECOLI	SINGLE	2	86	440	51	1.155e-05	{A}
sp|P0AE16|AMPG_ECOLI	SINGLE	3	164	178	4	5.704e-05	{W}
sp|P0AE16|AMPG_ECOLI	SINGLE	4	252	333	15	2.114e-04	{G}
sp|P0AE16|AMPG_ECOLI	SINGLE	5	51	77	6	4.578e-04	{F}
sp|P0AE16|AMPG_ECOLI	MULTIPLE	1	15	485	236	4.700e-22	{LAWGF}
sp|P0AE16|AMPG_ECOLI	WHOLE	1	1	491	89	3.354e-10	{L}
sp|P0AE16|AMPG_ECOLI	WHOLE	2	1	491	60	1.957e-04	{A}
sp|P0AE18|MAP1_ECOLI	SINGLE	1	3	260	26	2.822e-04	{I}
sp|P0AE18|MAP1_ECOLI	SINGLE	2	83	108	7	3.644e-04	{D}
sp|P0AE18|MAP1_ECOLI	WHOLE	1	1	264	26	3.906e-04	{I}
sp|P0AE24|ARAE_ECOLI	SINGLE	1	1	374	26	2.350e-07	{M}
sp|P0AE24|ARAE_ECOLI	SINGLE	2	207	237	9	9.517e-05	{E}
sp|P0AE24|ARAE_ECOLI	SINGLE	3	34	265	38	1.858e-04	{L}
sp|P0AE24|ARAE_ECOLI	SINGLE	4	398	453	11	4.349e-04	{T}
sp|P0AE24|ARAE_ECOLI	SINGLE	5	28	141	19	8.500e-04	{A}
sp|P0AE24|ARAE_ECOLI	SINGLE	6	291	317	7	8.695e-04	{T}
sp|P0AE24|ARAE_ECOLI	SINGLE	7	203	257	9	8.826e-04	{R}
sp|P0AE24|ARAE_ECOLI	MULTIPLE	1	210	237	13	3.006e-06	{ER}
sp|P0AE24|ARAE_ECOLI	MULTIPLE	2	28	267	68	4.687e-06	{LA}
sp|P0AE24|ARAE_ECOLI	WHOLE	1	1	472	28	1.814e-06	{M}
sp|P0AE67|CHEY_ECOLI	SINGLE	1	74	114	12	3.991e-05	{A}
sp|P0AE82|CPXA_ECOLI	SINGLE	1	159	186	12	2.388e-06	{L}
sp|P0AE82|CPXA_ECOLI	SINGLE	2	15	30	8	3.052e-05	{L}
sp|P0AE82|CPXA_ECOLI	SINGLE	3	69	296	23	3.973e-04	{R}
sp|P0AE82|CPXA_ECOLI	SINGLE	4	333	347	5	4.135e-04	{P}
sp|P0AE82|CPXA_ECOLI	SINGLE	5	376	395	6	5.140e-04	{D}
sp|P0AE82|CPXA_ECOLI	SINGLE	6	289	360	10	7.724e-04	{N}
sp|P0AE82|CPXA_ECOLI	MULTIPLE	1	65	296	60	7.266e-07	{LR}
sp|P0AE82|CPXA_ECOLI	WHOLE	1	1	457	65	1.314e-04	{L}
sp|P0AE85|CPXP_ECOLI	SINGLE	1	38	150	19	3.267e-07	{Q}
sp|P0AE85|CPXP_ECOLI	SINGLE	2	151	165	8	2.783e-06	{S}
sp|P0AE85|CPXP_ECOLI	SINGLE	3	1	140	10	7.914e-04	{M}
sp|P0AE85|CPXP_ECOLI	MULTIPLE	1	38	148	26	7.220e-09	{QM}
sp|P0AE85|CPXP_ECOLI	WHOLE	1	1	166	20	2.636e-05	{Q}
sp|P0AE88|CPXR_ECOLI	SINGLE	1	5	190	37	3.804e-06	{L}
sp|P0AE88|CPXR_ECOLI	SINGLE	2	33	51	6	3.810e-04	{D}
sp|P0AE88|CPXR_ECOLI	SINGLE	3	103	117	5	4.635e-04	{R}
sp|P0AE88|CPXR_ECOLI	MULTIPLE	1	5	198	69	7.863e-08	{LDR}
sp|P0AE88|CPXR_ECOLI	WHOLE	1	1	232	41	2.174e-05	{L}
sp|P0AEA8|CYSG_ECOLI	SINGLE	1	24	109	19	2.256e-05	{A}
sp|P0AEA8|CYSG_ECOLI	SINGLE	2	135	151	8	5.235e-05	{L}
sp|P0AEA8|CYSG_ECOLI	SINGLE	3	216	446	29	4.048e-04	{G}
sp|P0AEA8|CYSG_ECOLI	SINGLE	4	88	309	22	6.384e-04	{R}
sp|P0AEA8|CYSG_ECOLI	SINGLE	5	244	268	7	6.967e-04	{V}
sp|P0AEA8|CYSG_ECOLI	MULTIPLE	1	215	311	37	1.400e-06	{GRV}
sp|P0AEB2|DACA_ECOLI	SINGLE	1	143	157	6	5.574e-04	{A}
sp|P0AEB2|DACA_ECOLI	SINGLE	2	220	237	5	7.186e-04	{N}
sp|P0AEC3|ARCB_ECOLI	SINGLE	1	78	151	16	1.386e-05	{E}
sp|P0AEC3|ARCB_ECOLI	SINGLE	2	32	77	12	2.219e-05	{V}
sp|P0AEC3|ARCB_ECOLI	SINGLE	3	79	153	12	6.985e-05	{Q}
sp|P0AEC3|ARCB_ECOLI	SINGLE	4	6	686	90	1.252e-04	{L}
sp|P0AEC3|ARCB_ECOLI	SINGLE	5	747	766	7	1.586e-04	{E}
sp|P0AEC3|ARCB_ECOLI	SINGLE	6	238	281	9	1.689e-04	{R}
sp|P0AEC3|ARCB_ECOLI	SINGLE	7	725	739	5	2.936e-04	{Q}
sp|P0AEC3|ARCB_ECOLI	SINGLE	8	462	496	9	2.937e-04	{G}
sp|P0AEC3|ARCB_ECOLI	SINGLE	9	1	44	6	3.279e-04	{M}
sp|P0AEC3|ARCB_ECOLI	SINGLE	10	337	648	32	3.663e-04	{D}
sp|P0AEC3|ARCB_ECOLI	SINGLE	11	746	771	4	5.295e-04	{W}
sp|P0AEC3|ARCB_ECOLI	SINGLE	12	350	418	10	5.783e-04	{Q}
sp|P0AEC3|ARCB_ECOLI	SINGLE	13	84	100	5	8.659e-04	{R}
sp|P0AEC3|ARCB_ECOLI	MULTIPLE	1	78	153	35	3.098e-10	{EQR}
sp|P0AEC3|ARCB_ECOLI	MULTIPLE	2	12	77	19	1.619e-06	{VM}
sp|P0AEC3|ARCB_ECOLI	MULTIPLE	3	3	686	177	2.856e-06	{LDQ}
sp|P0AEC3|ARCB_ECOLI	MULTIPLE	4	746	766	10	1.496e-06	{EW}
sp|P0AEC3|ARCB_ECOLI	WHOLE	1	1	778	97	4.796e-04	{L}
sp|P0AEC5|BARA_ECOLI	SINGLE	1	6	903	125	1.044e-06	{L}
sp|P0AEC5|BARA_ECOLI	SINGLE	2	12	526	50	2.948e-06	{I}
sp|P0AEC5|BARA_ECOLI	SINGLE	3	183	254	9	2.361e-05	{M}
sp|P0AEC5|BARA_ECOLI	SINGLE	4	579	764	14	5.100e-05	{M}
sp|P0AEC5|BARA_ECOLI	SINGLE	5	137	153	7	9.321e-05	{S}
sp|P0AEC5|BARA_ECOLI	SINGLE	6	891	905	6	2.062e-04	{E}
sp|P0AEC5|BARA_ECOLI	SINGLE	7	197	224	7	2.444e-04	{R}
sp|P0AEC5|BARA_ECOLI	MULTIPLE	1	6	906	276	5.249e-12	{LIMR}
sp|P0AEC5|BARA_ECOLI	WHOLE	1	1	918	126	1.889e-06	{L}
sp|P0AEC5|BARA_ECOLI	WHOLE	2	1	918	37	1.824e-04	{M}
sp|P0AEC5|BARA_ECOLI	WHOLE	3	1	918	65	9.329e-04	{I}
sp|P0AEC8|DCUS_ECOLI	SINGLE	1	69	488	39	7.278e-05	{I}
sp|P0AEC8|DCUS_ECOLI	SINGLE	2	188	450	41	2.985e-04	{L}
sp|P0AEC8|DCUS_ECOLI	SINGLE	3	21	36	6	3.059e-04	{V}
sp|P0AEC8|DCUS_ECOLI	SINGLE	4	284	347	10	6.801e-04	{R}
sp|P0AEC8|DCUS_ECOLI	SINGLE	5	451	525	13	8.617e-04	{G}
sp|P0AEC8|DCUS_ECOLI	MULTIPLE	1	116	506	119	1.790e-06	{ILG}
sp|P0AEC8|DCUS_ECOLI	WHOLE	1	1	543	45	2.606e-04	{I}
sp|P0AED7|DAPE_ECOLI	SINGLE	1	71	85	5	4.135e-04	{P}
sp|P0AED7|DAPE_ECOLI	SINGLE	2	97	116	7	4.883e-04	{A}
sp|P0AED7|DAPE_ECOLI	SINGLE	3	188	205	4	5.076e-04	{H}
sp|P0AED7|DAPE_ECOLI	SINGLE	4	142	173	8	6.615e-04	{V}
sp|P0AEE3|DEGS_ECOLI	SINGLE	1	76	331	34	1.248e-07	{I}
sp|P0AEE3|DEGS_ECOLI	SINGLE	2	136	297	28	2.075e-06	{G}
sp|P0AEE3|DEGS_ECOLI	SINGLE	3	48	224	19	1.671e-04	{N}
sp|P0AEE3|DEGS_ECOLI	MULTIPLE	1	63	313	87	1.622e-13	{IGN}
sp|P0AEE3|DEGS_ECOLI	WHOLE	1	1	355	38	4.639e-06	{I}
sp|P0AEE5|MGLB_ECOLI	SINGLE	1	10	302	48	6.112e-07	{A}
sp|P0AEE5|MGLB_ECOLI	SINGLE	2	25	324	31	3.920e-04	{D}
sp|P0AEE5|MGLB_ECOLI	SINGLE	3	58	74	5	5.538e-04	{Q}
sp|P0AEE5|MGLB_ECOLI	MULTIPLE	1	19	303	74	6.855e-09	{AD}
sp|P0AEE5|MGLB_ECOLI	WHOLE	1	1	332	49	8.316e-06	{A}
sp|P0AEE8|DMA_ECOLI	SINGLE	1	50	196	17	3.185e-05	{Y}
sp|P0AEE8|DMA_ECOLI	SINGLE	2	146	213	15	1.523e-04	{A}
sp|P0AEE8|DMA_ECOLI	SINGLE	3	94	160	10	2.132e-04	{F}
sp|P0AEE8|DMA_ECOLI	MULTIPLE	1	73	196	43	8.115e-08	{YAF}
sp|P0AEF0|DNAC_ECOLI	SINGLE	1	200	221	5	8.914e-05	{M}
sp|P0AEF0|DNAC_ECOLI	SINGLE	2	1	15	4	2.419e-04	{M}
sp|P0AEF0|DNAC_ECOLI	SINGLE	3	40	63	6	6.720e-04	{R}
sp|P0AEF0|DNAC_ECOLI	WHOLE	1	1	245	14	7.426e-04	{M}
sp|P0AEG4|DSBA_ECOLI	SINGLE	1	41	55	5	1.842e-04	{F}
sp|P0AEG4|DSBA_ECOLI	SINGLE	2	6	20	6	5.574e-04	{A}
sp|P0AEG6|DSBC_ECOLI	SINGLE	1	12	30	7	3.444e-04	{A}
sp|P0AEH1|RSEP_ECOLI	SINGLE	1	98	146	13	5.874e-05	{A}
sp|P0AEH1|RSEP_ECOLI	SINGLE	2	337	450	24	6.294e-05	{L}
sp|P0AEH1|RSEP_ECOLI	SINGLE	3	100	145	9	2.920e-04	{I}
sp|P0AEH1|RSEP_ECOLI	SINGLE	4	31	51	6	3.138e-04	{R}
sp|P0AEH1|RSEP_ECOLI	SINGLE	5	204	323	15	3.415e-04	{P}
sp|P0AEH1|RSEP_ECOLI	SINGLE	6	13	264	30	5.447e-04	{V}
sp|P0AEH1|RSEP_ECOLI	SINGLE	7	155	208	10	5.452e-04	{D}
sp|P0AEH1|RSEP_ECOLI	MULTIPLE	1	98	146	22	2.695e-08	{AI}
sp|P0AEH1|RSEP_ECOLI	MULTIPLE	2	13	265	48	1.100e-04	{RV}
sp|P0AEI1|MIAB_ECOLI	SINGLE	1	93	462	34	1.376e-04	{R}
sp|P0AEI1|MIAB_ECOLI	SINGLE	2	228	307	12	3.993e-04	{I}
sp|P0AEI1|MIAB_ECOLI	MULTIPLE	1	92	462	64	2.546e-06	{RI}
sp|P0AEJ2|ENTC_ECOLI	SINGLE	1	21	39	6	5.773e-05	{F}
sp|P0AEJ2|ENTC_ECOLI	SINGLE	2	54	131	11	4.021e-04	{Q}
sp|P0AEJ2|ENTC_ECOLI	SINGLE	3	86	114	8	6.512e-04	{S}
sp|P0AEJ2|ENTC_ECOLI	MULTIPLE	1	84	114	13	1.461e-05	{QS}
sp|P0AEJ4|ENVZ_ECOLI	SINGLE	1	16	64	14	7.170e-05	{L}
sp|P0AEJ4|ENVZ_ECOLI	SINGLE	2	257	320	13	1.577e-04	{E}
sp|P0AEJ4|ENVZ_ECOLI	SINGLE	3	1	15	5	4.635e-04	{R}
sp|P0AEJ6|EUTB_ECOLI	SINGLE	1	180	360	25	2.441e-04	{G}
sp|P0AEJ6|EUTB_ECOLI	SINGLE	2	59	248	21	3.068e-04	{I}
sp|P0AEJ6|EUTB_ECOLI	SINGLE	3	22	47	8	5.129e-04	{A}
sp|P0AEJ6|EUTB_ECOLI	SINGLE	4	351	437	8	5.223e-04	{M}
sp|P0AEJ6|EUTB_ECOLI	SINGLE	5	11	228	27	5.451e-04	{V}
sp|P0AEJ6|EUTB_ECOLI	SINGLE	6	361	388	4	9.111e-04	{C}
sp|P0AEJ6|EUTB_ECOLI	MULTIPLE	1	116	260	46	2.721e-05	{GIV}
sp|P0AEJ6|EUTB_ECOLI	MULTIPLE	2	359	401	9	2.397e-05	{MC}
sp|P0AEK2|FABG_ECOLI	SINGLE	1	149	228	19	7.825e-06	{A}
sp|P0AEK2|FABG_ECOLI	SINGLE	2	8	44	10	3.371e-04	{A}
sp|P0AEK2|FABG_ECOLI	SINGLE	3	96	126	5	4.717e-04	{M}
sp|P0AEK2|FABG_ECOLI	SINGLE	4	131	160	8	4.831e-04	{G}
sp|P0AEK2|FABG_ECOLI	MULTIPLE	1	137	228	32	6.557e-07	{AG}
sp|P0AEK2|FABG_ECOLI	WHOLE	1	1	244	35	2.100e-04	{A}
sp|P0AEK2|FABG_ECOLI	WHOLE	2	1	244	29	8.994e-04	{G}
sp|P0AEK4|FABI_ECOLI	SINGLE	1	15	255	36	8.186e-05	{A}
sp|P0AEK4|FABI_ECOLI	WHOLE	1	1	262	36	3.762e-04	{A}
sp|P0AEK7|FDNI_ECOLI	SINGLE	1	25	75	12	4.278e-07	{F}
sp|P0AEK7|FDNI_ECOLI	SINGLE	2	154	168	6	4.559e-05	{I}
sp|P0AEK7|FDNI_ECOLI	SINGLE	3	115	183	8	1.112e-04	{M}
sp|P0AEK7|FDNI_ECOLI	SINGLE	4	201	215	6	2.062e-04	{E}
sp|P0AEK7|FDNI_ECOLI	MULTIPLE	1	115	184	20	4.412e-08	{IM}
sp|P0AEK7|FDNI_ECOLI	WHOLE	1	1	217	24	1.256e-04	{I}
sp|P0AEK7|FDNI_ECOLI	WHOLE	2	1	217	13	7.360e-04	{M}
sp|P0AEL0|FDOI_ECOLI	SINGLE	1	23	155	18	3.689e-06	{F}
sp|P0AEL0|FDOI_ECOLI	SINGLE	2	7	178	22	2.954e-05	{I}
sp|P0AEL0|FDOI_ECOLI	SINGLE	3	19	198	10	3.204e-04	{W}
sp|P0AEL0|FDOI_ECOLI	SINGLE	4	96	186	15	5.110e-04	{V}
sp|P0AEL0|FDOI_ECOLI	MULTIPLE	1	16	186	66	6.770e-12	{FIWV}
sp|P0AEL0|FDOI_ECOLI	WHOLE	1	1	211	22	4.831e-04	{I}
sp|P0AEL8|FIMZ_ECOLI	SINGLE	1	7	74	13	1.977e-05	{I}
sp|P0AEL8|FIMZ_ECOLI	SINGLE	2	36	63	7	5.850e-04	{D}
sp|P0AEL8|FIMZ_ECOLI	MULTIPLE	1	7	74	21	2.804e-06	{ID}
sp|P0AEL8|FIMZ_ECOLI	WHOLE	1	1	210	23	1.928e-04	{I}
sp|P0AEM6|FLIA_ECOLI	SINGLE	1	74	98	8	1.301e-05	{R}
sp|P0AEM6|FLIA_ECOLI	SINGLE	2	99	218	20	6.432e-05	{E}
sp|P0AEM6|FLIA_ECOLI	WHOLE	1	1	239	24	3.274e-04	{R}
sp|P0AEM9|TCYJ_ECOLI	SINGLE	1	172	210	9	1.934e-04	{D}
sp|P0AEM9|TCYJ_ECOLI	SINGLE	2	115	151	9	2.742e-04	{K}
sp|P0AEN1|FRE_ECOLI	SINGLE	1	61	136	11	8.947e-04	{I}
sp|P0AEN4|FTSL_ECOLI	SINGLE	1	49	64	6	2.398e-04	{T}
sp|P0AEN4|FTSL_ECOLI	SINGLE	2	32	91	14	6.371e-04	{L}
sp|P0AEP3|GALU_ECOLI	SINGLE	1	86	219	23	1.223e-05	{V}
sp|P0AEP7|GCL_ECOLI	SINGLE	1	2	227	37	9.920e-06	{A}
sp|P0AEP7|GCL_ECOLI	SINGLE	2	117	558	50	5.303e-05	{V}
sp|P0AEP7|GCL_ECOLI	SINGLE	3	40	56	4	4.036e-04	{H}
sp|P0AEP7|GCL_ECOLI	SINGLE	4	155	186	7	4.933e-04	{P}
sp|P0AEP7|GCL_ECOLI	SINGLE	5	18	80	12	5.821e-04	{G}
sp|P0AEP7|GCL_ECOLI	SINGLE	6	1	273	15	7.289e-04	{M}
sp|P0AEP7|GCL_ECOLI	MULTIPLE	1	1	553	232	6.822e-10	{AVHPGM}
sp|P0AEP7|GCL_ECOLI	WHOLE	1	1	593	74	2.494e-05	{A}
sp|P0AEP9|GLCD_ECOLI	SINGLE	1	476	490	5	1.186e-05	{H}
sp|P0AEP9|GLCD_ECOLI	SINGLE	2	86	434	42	7.790e-05	{G}
sp|P0AEP9|GLCD_ECOLI	SINGLE	3	170	238	16	3.027e-04	{L}
sp|P0AEP9|GLCD_ECOLI	SINGLE	4	59	83	7	6.967e-04	{V}
sp|P0AEP9|GLCD_ECOLI	MULTIPLE	1	86	434	84	1.854e-05	{GL}
sp|P0AER0|GLPF_ECOLI	SINGLE	1	30	102	16	1.023e-04	{A}
sp|P0AER0|GLPF_ECOLI	SINGLE	2	170	247	15	1.219e-04	{G}
sp|P0AER0|GLPF_ECOLI	SINGLE	3	15	249	21	2.591e-04	{F}
sp|P0AER0|GLPF_ECOLI	SINGLE	4	159	186	9	5.211e-04	{L}
sp|P0AER0|GLPF_ECOLI	SINGLE	5	9	64	11	7.395e-04	{G}
sp|P0AER0|GLPF_ECOLI	MULTIPLE	1	13	250	84	2.902e-10	{AFG}
sp|P0AER0|GLPF_ECOLI	MULTIPLE	2	159	247	29	4.423e-05	{GL}
sp|P0AES0|GSP_ECOLI	SINGLE	1	300	316	6	8.712e-05	{R}
sp|P0AES0|GSP_ECOLI	SINGLE	2	421	444	4	3.879e-04	{W}
sp|P0AES0|GSP_ECOLI	SINGLE	3	62	89	6	5.597e-04	{F}
sp|P0AES0|GSP_ECOLI	SINGLE	4	270	303	10	5.619e-04	{L}
sp|P0AES2|GUDD_ECOLI	SINGLE	1	48	155	17	4.949e-04	{G}
sp|P0AES2|GUDD_ECOLI	SINGLE	2	182	364	27	6.140e-04	{A}
sp|P0AES2|GUDD_ECOLI	SINGLE	3	300	368	7	6.437e-04	{H}
sp|P0AES2|GUDD_ECOLI	MULTIPLE	1	179	368	35	1.640e-04	{AH}
sp|P0AES4|GYRA_ECOLI	SINGLE	1	155	397	31	9.874e-07	{I}
sp|P0AES4|GYRA_ECOLI	SINGLE	2	226	838	56	2.203e-06	{R}
sp|P0AES4|GYRA_ECOLI	SINGLE	3	637	843	31	8.009e-06	{V}
sp|P0AES4|GYRA_ECOLI	SINGLE	4	373	432	16	8.393e-06	{A}
sp|P0AES4|GYRA_ECOLI	SINGLE	5	844	870	9	8.500e-06	{D}
sp|P0AES4|GYRA_ECOLI	SINGLE	6	459	508	15	2.199e-05	{L}
sp|P0AES4|GYRA_ECOLI	SINGLE	7	189	875	72	2.409e-05	{E}
sp|P0AES4|GYRA_ECOLI	SINGLE	8	715	753	9	6.699e-04	{G}
sp|P0AES4|GYRA_ECOLI	MULTIPLE	1	173	875	305	9.342e-16	{IRVEG}
sp|P0AES4|GYRA_ECOLI	WHOLE	1	1	875	66	1.001e-04	{R}
sp|P0AES4|GYRA_ECOLI	WHOLE	2	1	875	67	1.282e-04	{I}
sp|P0AES4|GYRA_ECOLI	WHOLE	3	1	875	83	1.513e-04	{V}
sp|P0AES4|GYRA_ECOLI	WHOLE	4	1	875	81	3.527e-04	{E}
sp|P0AES6|GYRB_ECOLI	SINGLE	1	380	394	7	2.514e-06	{R}
sp|P0AES6|GYRB_ECOLI	SINGLE	2	665	764	14	2.173e-04	{R}
sp|P0AES6|GYRB_ECOLI	SINGLE	3	378	401	8	2.843e-04	{A}
sp|P0AES6|GYRB_ECOLI	SINGLE	4	157	180	7	4.105e-04	{T}
sp|P0AES6|GYRB_ECOLI	SINGLE	5	578	758	24	4.233e-04	{E}
sp|P0AES6|GYRB_ECOLI	SINGLE	6	75	119	10	4.745e-04	{G}
sp|P0AES6|GYRB_ECOLI	SINGLE	7	560	579	7	4.883e-04	{A}
sp|P0AES6|GYRB_ECOLI	SINGLE	8	37	147	9	5.929e-04	{H}
sp|P0AES6|GYRB_ECOLI	SINGLE	9	40	123	14	6.809e-04	{V}
sp|P0AES6|GYRB_ECOLI	MULTIPLE	1	378	397	14	4.531e-09	{RA}
sp|P0AES6|GYRB_ECOLI	MULTIPLE	2	578	764	42	5.922e-06	{RE}
sp|P0AES6|GYRB_ECOLI	MULTIPLE	3	33	123	34	1.667e-07	{GHV}
sp|P0AES9|HDEA_ECOLI	SINGLE	1	91	108	7	5.431e-05	{K}
sp|P0AET2|HDEB_ECOLI	SINGLE	1	15	34	8	6.750e-05	{A}
sp|P0AET8|HDHA_ECOLI	SINGLE	1	14	236	34	8.435e-05	{A}
sp|P0AET8|HDHA_ECOLI	SINGLE	2	15	29	5	5.275e-04	{I}
sp|P0AET8|HDHA_ECOLI	SINGLE	3	104	123	5	7.789e-04	{F}
sp|P0AET8|HDHA_ECOLI	MULTIPLE	1	14	236	54	1.293e-06	{AI}
sp|P0AET8|HDHA_ECOLI	WHOLE	1	1	255	34	8.364e-04	{A}
sp|P0AEU7|SKP_ECOLI	SINGLE	1	7	25	8	4.395e-05	{A}
sp|P0AEU7|SKP_ECOLI	SINGLE	2	34	103	11	1.592e-04	{Q}
sp|P0AEU7|SKP_ECOLI	SINGLE	3	105	119	5	4.635e-04	{R}
sp|P0AEU7|SKP_ECOLI	SINGLE	4	67	85	6	6.596e-04	{K}
sp|P0AEU7|SKP_ECOLI	MULTIPLE	1	34	103	20	1.697e-05	{QK}
sp|P0AEV1|RSSB_ECOLI	SINGLE	1	22	334	58	1.360e-07	{L}
sp|P0AEV1|RSSB_ECOLI	SINGLE	2	228	322	13	1.741e-04	{Q}
sp|P0AEV1|RSSB_ECOLI	MULTIPLE	1	156	260	36	3.987e-08	{LQ}
sp|P0AEV1|RSSB_ECOLI	WHOLE	1	1	337	60	3.356e-07	{L}
sp|P0AEV9|HYCI_ECOLI	SINGLE	1	37	128	14	1.224e-04	{I}
sp|P0AEV9|HYCI_ECOLI	SINGLE	2	78	92	4	2.419e-04	{M}
sp|P0AEV9|HYCI_ECOLI	MULTIPLE	1	47	128	19	2.899e-06	{IM}
sp|P0AEW9|K1PF_ECOLI	SINGLE	1	172	304	22	4.115e-04	{A}
sp|P0AEX7|LIVH_ECOLI	SINGLE	1	25	266	31	9.045e-07	{I}
sp|P0AEX7|LIVH_ECOLI	SINGLE	2	31	64	7	6.942e-06	{M}
sp|P0AEX7|LIVH_ECOLI	SINGLE	3	220	265	12	2.724e-05	{G}
sp|P0AEX7|LIVH_ECOLI	SINGLE	4	59	273	33	9.235e-05	{A}
sp|P0AEX7|LIVH_ECOLI	MULTIPLE	1	23	273	112	2.345e-16	{IMGA}
sp|P0AEX7|LIVH_ECOLI	WHOLE	1	1	308	33	1.727e-05	{I}
sp|P0AEX7|LIVH_ECOLI	WHOLE	2	1	308	19	4.123e-05	{M}
sp|P0AEX9|MALE_ECOLI	SINGLE	1	77	390	43	1.329e-04	{A}
sp|P0AEX9|MALE_ECOLI	SINGLE	2	27	339	34	5.430e-04	{K}
sp|P0AEX9|MALE_ECOLI	MULTIPLE	1	22	390	83	3.489e-06	{AK}
sp|P0AEX9|MALE_ECOLI	WHOLE	1	1	396	50	2.795e-04	{A}
sp|P0AEY3|MAZG_ECOLI	SINGLE	1	171	251	16	4.320e-05	{E}
sp|P0AEY3|MAZG_ECOLI	SINGLE	2	223	237	5	4.635e-04	{R}
sp|P0AEY3|MAZG_ECOLI	MULTIPLE	1	171	251	23	1.492e-05	{ER}
sp|P0AEY3|MAZG_ECOLI	WHOLE	1	1	263	32	2.726e-04	{E}
sp|P0AEY5|MDAB_ECOLI	SINGLE	1	59	76	5	5.176e-06	{W}
sp|P0AEY5|MDAB_ECOLI	SINGLE	2	22	49	7	5.850e-04	{D}
sp|P0AEY8|MDFA_ECOLI	SINGLE	1	5	399	67	4.529e-07	{L}
sp|P0AEY8|MDFA_ECOLI	SINGLE	2	124	352	36	2.976e-05	{A}
sp|P0AEY8|MDFA_ECOLI	SINGLE	3	93	367	29	6.619e-05	{I}
sp|P0AEY8|MDFA_ECOLI	SINGLE	4	344	358	4	2.419e-04	{M}
sp|P0AEY8|MDFA_ECOLI	SINGLE	5	373	387	5	2.875e-04	{N}
sp|P0AEY8|MDFA_ECOLI	MULTIPLE	1	60	341	115	6.297e-13	{LAI}
sp|P0AEY8|MDFA_ECOLI	WHOLE	1	1	410	67	1.627e-06	{L}
sp|P0AEY8|MDFA_ECOLI	WHOLE	2	1	410	35	6.321e-04	{I}
sp|P0AEZ1|METF_ECOLI	SINGLE	1	226	260	5	8.250e-04	{M}
sp|P0AEZ3|MIND_ECOLI	SINGLE	1	244	259	6	3.084e-04	{E}
sp|P0AF06|MOTB_ECOLI	SINGLE	1	109	259	20	2.729e-05	{R}
sp|P0AF06|MOTB_ECOLI	SINGLE	2	30	44	4	2.419e-04	{M}
sp|P0AF06|MOTB_ECOLI	SINGLE	3	284	307	6	5.903e-04	{P}
sp|P0AF12|MTNN_ECOLI	SINGLE	1	54	215	29	1.552e-05	{A}
sp|P0AF12|MTNN_ECOLI	SINGLE	2	29	157	19	5.527e-04	{G}
sp|P0AF12|MTNN_ECOLI	SINGLE	3	181	198	6	6.200e-04	{V}
sp|P0AF12|MTNN_ECOLI	MULTIPLE	1	49	179	39	3.440e-06	{AG}
sp|P0AF12|MTNN_ECOLI	WHOLE	1	1	232	32	6.736e-04	{A}
sp|P0AF16|MURJ_ECOLI	SINGLE	1	90	499	74	1.033e-08	{L}
sp|P0AF16|MURJ_ECOLI	SINGLE	2	8	192	33	4.799e-06	{A}
sp|P0AF16|MURJ_ECOLI	SINGLE	3	483	497	7	6.097e-05	{A}
sp|P0AF16|MURJ_ECOLI	SINGLE	4	16	182	18	7.378e-05	{F}
sp|P0AF16|MURJ_ECOLI	SINGLE	5	442	482	6	2.231e-04	{M}
sp|P0AF16|MURJ_ECOLI	SINGLE	6	241	297	12	4.812e-04	{S}
sp|P0AF16|MURJ_ECOLI	SINGLE	7	82	112	8	5.305e-04	{V}
sp|P0AF16|MURJ_ECOLI	MULTIPLE	1	1	503	244	2.692e-19	{LAFMV}
sp|P0AF16|MURJ_ECOLI	WHOLE	1	1	511	82	2.988e-07	{L}
sp|P0AF16|MURJ_ECOLI	WHOLE	2	1	511	65	3.964e-05	{A}
sp|P0AF18|NAGA_ECOLI	SINGLE	1	153	288	25	3.536e-05	{A}
sp|P0AF28|NARL_ECOLI	SINGLE	1	187	201	6	1.570e-04	{K}
sp|P0AF28|NARL_ECOLI	SINGLE	2	119	147	9	2.189e-04	{A}
sp|P0AF28|NARL_ECOLI	SINGLE	3	47	171	24	2.546e-04	{L}
sp|P0AF28|NARL_ECOLI	MULTIPLE	1	47	171	37	1.964e-04	{AL}
sp|P0AF32|NARV_ECOLI	SINGLE	1	4	34	7	1.132e-04	{Y}
sp|P0AF32|NARV_ECOLI	SINGLE	2	128	145	6	1.453e-04	{I}
sp|P0AF32|NARV_ECOLI	SINGLE	3	183	215	7	2.116e-04	{F}
sp|P0AF32|NARV_ECOLI	SINGLE	4	94	108	6	2.293e-04	{G}
sp|P0AF32|NARV_ECOLI	SINGLE	5	43	193	11	3.879e-04	{M}
sp|P0AF32|NARV_ECOLI	MULTIPLE	1	43	195	25	5.274e-05	{IM}
sp|P0AF36|ZAPB_ECOLI	SINGLE	1	6	80	16	1.648e-05	{E}
sp|P0AF36|ZAPB_ECOLI	SINGLE	2	16	72	11	2.415e-05	{Q}
sp|P0AF36|ZAPB_ECOLI	MULTIPLE	1	6	80	27	6.450e-09	{EQ}
sp|P0AF36|ZAPB_ECOLI	WHOLE	1	1	81	16	4.320e-05	{E}
sp|P0AF36|ZAPB_ECOLI	WHOLE	2	1	81	11	5.489e-04	{Q}
sp|P0AF52|GHXP_ECOLI	SINGLE	1	9	446	56	1.256e-06	{G}
sp|P0AF52|GHXP_ECOLI	SINGLE	2	25	440	53	1.408e-06	{V}
sp|P0AF52|GHXP_ECOLI	SINGLE	3	314	329	8	9.559e-06	{A}
sp|P0AF52|GHXP_ECOLI	SINGLE	4	124	219	16	1.411e-05	{I}
sp|P0AF52|GHXP_ECOLI	SINGLE	5	66	374	51	1.729e-05	{L}
sp|P0AF52|GHXP_ECOLI	MULTIPLE	1	29	440	250	2.543e-26	{GVAIL}
sp|P0AF52|GHXP_ECOLI	WHOLE	1	1	449	56	2.602e-06	{G}
sp|P0AF52|GHXP_ECOLI	WHOLE	2	1	449	53	1.145e-05	{V}
sp|P0AF52|GHXP_ECOLI	WHOLE	3	1	449	39	2.566e-04	{I}
sp|P0AF52|GHXP_ECOLI	WHOLE	4	1	449	54	5.047e-04	{A}
sp|P0AF52|GHXP_ECOLI	WHOLE	5	1	449	61	5.687e-04	{L}
sp|P0AF61|GHOS_ECOLI	SINGLE	1	76	91	6	1.335e-04	{D}
sp|P0AF61|GHOS_ECOLI	SINGLE	2	13	38	8	2.967e-04	{S}
sp|P0AF90|RRAB_ECOLI	SINGLE	1	24	134	22	1.438e-07	{D}
sp|P0AF90|RRAB_ECOLI	SINGLE	2	5	131	25	4.477e-07	{E}
sp|P0AF90|RRAB_ECOLI	MULTIPLE	1	5	134	47	9.842e-13	{DE}
sp|P0AF90|RRAB_ECOLI	WHOLE	1	1	138	25	2.113e-06	{E}
sp|P0AF90|RRAB_ECOLI	WHOLE	2	1	138	22	5.861e-06	{D}
sp|P0AF93|RIDA_ECOLI	SINGLE	1	44	64	7	6.750e-04	{A}
sp|P0AFA2|NARX_ECOLI	SINGLE	1	2	511	82	2.750e-07	{L}
sp|P0AFA2|NARX_ECOLI	SINGLE	2	38	535	46	9.739e-07	{Q}
sp|P0AFA2|NARX_ECOLI	SINGLE	3	557	572	7	4.255e-06	{R}
sp|P0AFA2|NARX_ECOLI	SINGLE	4	302	316	4	7.491e-05	{C}
sp|P0AFA2|NARX_ECOLI	SINGLE	5	88	462	34	1.734e-04	{R}
sp|P0AFA2|NARX_ECOLI	SINGLE	6	519	534	6	3.059e-04	{V}
sp|P0AFA2|NARX_ECOLI	SINGLE	7	152	168	6	4.421e-04	{V}
sp|P0AFA2|NARX_ECOLI	SINGLE	8	283	310	7	5.850e-04	{D}
sp|P0AFA2|NARX_ECOLI	SINGLE	9	16	228	30	6.887e-04	{A}
sp|P0AFA2|NARX_ECOLI	MULTIPLE	1	14	516	211	6.219e-15	{LQRA}
sp|P0AFA2|NARX_ECOLI	MULTIPLE	2	290	316	10	8.448e-06	{CD}
sp|P0AFA2|NARX_ECOLI	WHOLE	1	1	598	49	1.071e-05	{Q}
sp|P0AFA2|NARX_ECOLI	WHOLE	2	1	598	84	3.050e-05	{L}
sp|P0AFA2|NARX_ECOLI	WHOLE	3	1	598	47	3.290e-04	{R}
sp|P0AFA7|NHAB_ECOLI	SINGLE	1	9	497	82	4.938e-08	{L}
sp|P0AFA7|NHAB_ECOLI	SINGLE	2	150	168	7	1.092e-04	{V}
sp|P0AFA7|NHAB_ECOLI	SINGLE	3	13	407	31	1.280e-04	{F}
sp|P0AFA7|NHAB_ECOLI	SINGLE	4	297	437	18	1.440e-04	{I}
sp|P0AFA7|NHAB_ECOLI	SINGLE	5	281	302	6	2.422e-04	{Q}
sp|P0AFA7|NHAB_ECOLI	SINGLE	6	203	218	4	3.155e-04	{M}
sp|P0AFA7|NHAB_ECOLI	SINGLE	7	24	38	5	5.275e-04	{I}
sp|P0AFA7|NHAB_ECOLI	SINGLE	8	171	185	5	9.005e-04	{D}
sp|P0AFA7|NHAB_ECOLI	SINGLE	9	370	388	5	9.524e-04	{Q}
sp|P0AFA7|NHAB_ECOLI	MULTIPLE	1	23	497	209	2.222e-16	{LVFIM}
sp|P0AFA7|NHAB_ECOLI	WHOLE	1	1	513	83	1.838e-07	{L}
sp|P0AFA7|NHAB_ECOLI	WHOLE	2	1	513	35	5.918e-04	{F}
sp|P0AFB1|NLPI_ECOLI	SINGLE	1	14	288	46	2.960e-05	{L}
sp|P0AFB1|NLPI_ECOLI	SINGLE	2	146	163	6	2.760e-04	{D}
sp|P0AFB1|NLPI_ECOLI	SINGLE	3	101	142	7	7.609e-04	{Y}
sp|P0AFB1|NLPI_ECOLI	MULTIPLE	1	30	292	84	6.920e-08	{LDY}
sp|P0AFB1|NLPI_ECOLI	WHOLE	1	1	294	47	7.187e-05	{L}
sp|P0AFB5|NTRB_ECOLI	SINGLE	1	13	279	47	6.906e-06	{L}
sp|P0AFB5|NTRB_ECOLI	SINGLE	2	113	127	6	2.215e-05	{Q}
sp|P0AFB5|NTRB_ECOLI	SINGLE	3	97	111	4	2.419e-04	{M}
sp|P0AFB5|NTRB_ECOLI	SINGLE	4	88	282	20	7.130e-04	{R}
sp|P0AFB5|NTRB_ECOLI	MULTIPLE	1	11	282	88	1.101e-08	{LQR}
sp|P0AFB5|NTRB_ECOLI	WHOLE	1	1	349	53	1.012e-04	{L}
sp|P0AFB8|NTRC_ECOLI	SINGLE	1	251	331	14	2.276e-05	{R}
sp|P0AFB8|NTRC_ECOLI	SINGLE	2	297	466	30	2.259e-04	{L}
sp|P0AFB8|NTRC_ECOLI	SINGLE	3	118	132	5	2.936e-04	{Q}
sp|P0AFB8|NTRC_ECOLI	SINGLE	4	178	199	7	9.125e-04	{A}
sp|P0AFB8|NTRC_ECOLI	MULTIPLE	1	246	466	59	2.959e-07	{RL}
sp|P0AFB8|NTRC_ECOLI	WHOLE	1	1	469	38	6.046e-04	{R}
sp|P0AFC0|NUDB_ECOLI	SINGLE	1	44	60	6	4.457e-04	{E}
sp|P0AFC0|NUDB_ECOLI	SINGLE	2	117	131	6	5.574e-04	{A}
sp|P0AFC3|NUOA_ECOLI	SINGLE	1	68	108	8	1.400e-04	{F}
sp|P0AFC3|NUOA_ECOLI	SINGLE	2	119	134	5	6.419e-04	{R}
sp|P0AFC7|NUOB_ECOLI	SINGLE	1	180	215	8	2.122e-04	{R}
sp|P0AFC7|NUOB_ECOLI	SINGLE	2	148	162	5	4.135e-04	{P}
sp|P0AFC7|NUOB_ECOLI	SINGLE	3	34	58	6	4.915e-04	{N}
sp|P0AFC7|NUOB_ECOLI	SINGLE	4	39	170	10	5.140e-04	{M}
sp|P0AFD1|NUOE_ECOLI	SINGLE	1	10	30	7	2.224e-04	{E}
sp|P0AFD1|NUOE_ECOLI	SINGLE	2	92	137	5	7.420e-04	{C}
sp|P0AFD4|NUOH_ECOLI	SINGLE	1	31	282	29	1.892e-07	{F}
sp|P0AFD4|NUOH_ECOLI	SINGLE	2	64	298	14	5.087e-04	{M}
sp|P0AFD4|NUOH_ECOLI	MULTIPLE	1	31	300	45	6.518e-10	{FM}
sp|P0AFD4|NUOH_ECOLI	WHOLE	1	1	325	30	9.742e-06	{F}
sp|P0AFD6|NUOI_ECOLI	SINGLE	1	60	109	9	8.888e-08	{C}
sp|P0AFD6|NUOI_ECOLI	SINGLE	2	28	59	7	5.709e-04	{R}
sp|P0AFE0|NUOJ_ECOLI	SINGLE	1	7	131	19	9.281e-06	{I}
sp|P0AFE0|NUOJ_ECOLI	SINGLE	2	58	167	17	4.840e-04	{V}
sp|P0AFE0|NUOJ_ECOLI	MULTIPLE	1	7	158	38	1.521e-06	{IV}
sp|P0AFE4|NUOK_ECOLI	SINGLE	1	4	83	19	6.601e-05	{L}
sp|P0AFE4|NUOK_ECOLI	SINGLE	2	41	78	10	4.217e-04	{A}
sp|P0AFE4|NUOK_ECOLI	MULTIPLE	1	8	83	30	2.103e-06	{LA}
sp|P0AFE4|NUOK_ECOLI	WHOLE	1	1	100	20	4.483e-04	{L}
sp|P0AFE8|NUOM_ECOLI	SINGLE	1	2	486	76	1.766e-06	{L}
sp|P0AFE8|NUOM_ECOLI	SINGLE	2	115	445	32	2.052e-06	{F}
sp|P0AFE8|NUOM_ECOLI	SINGLE	3	69	467	24	7.205e-06	{M}
sp|P0AFE8|NUOM_ECOLI	SINGLE	4	5	157	10	9.032e-05	{W}
sp|P0AFE8|NUOM_ECOLI	SINGLE	5	247	353	20	1.515e-04	{A}
sp|P0AFE8|NUOM_ECOLI	SINGLE	6	7	366	32	5.422e-04	{I}
sp|P0AFE8|NUOM_ECOLI	MULTIPLE	1	1	480	193	3.199e-20	{LFMWI}
sp|P0AFE8|NUOM_ECOLI	WHOLE	1	1	509	76	9.485e-06	{L}
sp|P0AFE8|NUOM_ECOLI	WHOLE	2	1	509	40	1.744e-05	{F}
sp|P0AFE8|NUOM_ECOLI	WHOLE	3	1	509	26	4.686e-05	{M}
sp|P0AFF0|NUON_ECOLI	SINGLE	1	8	484	87	3.750e-10	{L}
sp|P0AFF0|NUON_ECOLI	SINGLE	2	398	416	7	1.092e-04	{V}
sp|P0AFF0|NUON_ECOLI	SINGLE	3	374	388	4	2.419e-04	{M}
sp|P0AFF0|NUON_ECOLI	SINGLE	4	29	461	53	3.855e-04	{A}
sp|P0AFF0|NUON_ECOLI	SINGLE	5	268	282	5	5.275e-04	{I}
sp|P0AFF0|NUON_ECOLI	MULTIPLE	1	8	485	235	1.228e-17	{LVMAI}
sp|P0AFF0|NUON_ECOLI	WHOLE	1	1	485	87	8.525e-10	{L}
sp|P0AFF2|NUPC_ECOLI	SINGLE	1	98	359	33	6.126e-07	{I}
sp|P0AFF2|NUPC_ECOLI	SINGLE	2	46	100	12	1.008e-06	{F}
sp|P0AFF2|NUPC_ECOLI	SINGLE	3	166	188	6	7.449e-06	{M}
sp|P0AFF2|NUPC_ECOLI	SINGLE	4	245	272	9	1.638e-04	{A}
sp|P0AFF2|NUPC_ECOLI	SINGLE	5	5	145	25	6.153e-04	{L}
sp|P0AFF2|NUPC_ECOLI	MULTIPLE	1	28	359	83	4.559e-13	{IFM}
sp|P0AFF2|NUPC_ECOLI	WHOLE	1	1	400	39	2.711e-05	{I}
sp|P0AFF2|NUPC_ECOLI	WHOLE	2	1	400	31	1.569e-04	{F}
sp|P0AFF4|NUPG_ECOLI	SINGLE	1	202	402	26	8.104e-08	{F}
sp|P0AFF4|NUPG_ECOLI	SINGLE	2	40	292	32	8.119e-07	{I}
sp|P0AFF4|NUPG_ECOLI	SINGLE	3	85	401	21	6.221e-06	{M}
sp|P0AFF4|NUPG_ECOLI	MULTIPLE	1	29	402	98	1.708e-16	{FIM}
sp|P0AFF4|NUPG_ECOLI	WHOLE	1	1	418	38	1.130e-06	{F}
sp|P0AFF4|NUPG_ECOLI	WHOLE	2	1	418	24	1.495e-05	{M}
sp|P0AFF4|NUPG_ECOLI	WHOLE	3	1	418	40	3.249e-05	{I}
sp|P0AFF6|NUSA_ECOLI	SINGLE	1	225	485	41	9.614e-06	{A}
sp|P0AFF6|NUSA_ECOLI	SINGLE	2	4	476	55	1.258e-05	{E}
sp|P0AFF6|NUSA_ECOLI	SINGLE	3	46	270	25	5.719e-05	{R}
sp|P0AFF6|NUSA_ECOLI	SINGLE	4	45	341	36	1.328e-04	{V}
sp|P0AFF6|NUSA_ECOLI	SINGLE	5	427	475	10	2.492e-04	{D}
sp|P0AFF6|NUSA_ECOLI	MULTIPLE	1	7	486	230	7.766e-15	{AERVD}
sp|P0AFF6|NUSA_ECOLI	WHOLE	1	1	495	56	2.242e-05	{E}
sp|P0AFF6|NUSA_ECOLI	WHOLE	2	1	495	58	6.042e-04	{A}
sp|P0AFG3|ODO1_ECOLI	SINGLE	1	625	646	5	8.914e-05	{H}
sp|P0AFG3|ODO1_ECOLI	SINGLE	2	831	923	13	1.413e-04	{Q}
sp|P0AFG3|ODO1_ECOLI	SINGLE	3	762	783	6	4.110e-04	{R}
sp|P0AFG3|ODO1_ECOLI	SINGLE	4	212	310	16	5.307e-04	{G}
sp|P0AFG3|ODO1_ECOLI	SINGLE	5	132	214	14	6.153e-04	{E}
sp|P0AFG3|ODO1_ECOLI	SINGLE	6	254	453	25	7.272e-04	{V}
sp|P0AFG3|ODO1_ECOLI	MULTIPLE	1	132	310	41	1.249e-04	{GE}
sp|P0AFG6|ODO2_ECOLI	SINGLE	1	151	173	13	2.138e-09	{A}
sp|P0AFG6|ODO2_ECOLI	SINGLE	2	31	49	7	1.092e-04	{V}
sp|P0AFG6|ODO2_ECOLI	SINGLE	3	174	191	6	1.244e-04	{R}
sp|P0AFG6|ODO2_ECOLI	SINGLE	4	239	287	11	1.958e-04	{V}
sp|P0AFG6|ODO2_ECOLI	SINGLE	5	181	368	12	6.783e-04	{M}
sp|P0AFG8|ODP1_ECOLI	SINGLE	1	659	697	8	7.628e-05	{Y}
sp|P0AFG8|ODP1_ECOLI	SINGLE	2	134	753	65	8.854e-05	{G}
sp|P0AFG8|ODP1_ECOLI	SINGLE	3	368	383	6	2.357e-04	{K}
sp|P0AFG8|ODP1_ECOLI	SINGLE	4	535	567	7	3.857e-04	{Q}
sp|P0AFG8|ODP1_ECOLI	MULTIPLE	1	132	757	131	6.772e-06	{YGQ}
sp|P0AFI0|OXC_ECOLI	SINGLE	1	38	294	45	2.077e-07	{A}
sp|P0AFI0|OXC_ECOLI	SINGLE	2	418	489	16	1.231e-05	{G}
sp|P0AFI0|OXC_ECOLI	SINGLE	3	371	404	7	4.524e-04	{N}
sp|P0AFI0|OXC_ECOLI	SINGLE	4	13	477	38	8.342e-04	{I}
sp|P0AFI0|OXC_ECOLI	SINGLE	5	517	536	6	8.986e-04	{T}
sp|P0AFI0|OXC_ECOLI	WHOLE	1	1	564	66	3.098e-04	{A}
sp|P0AFI2|PARC_ECOLI	SINGLE	1	721	744	8	9.294e-06	{R}
sp|P0AFI2|PARC_ECOLI	SINGLE	2	225	483	29	1.440e-05	{R}
sp|P0AFI2|PARC_ECOLI	SINGLE	3	388	498	20	2.143e-05	{E}
sp|P0AFI2|PARC_ECOLI	SINGLE	4	315	465	29	6.774e-05	{L}
sp|P0AFI2|PARC_ECOLI	SINGLE	5	585	654	7	6.990e-04	{M}
sp|P0AFI2|PARC_ECOLI	MULTIPLE	1	265	465	77	3.170e-09	{REL}
sp|P0AFI2|PARC_ECOLI	WHOLE	1	1	752	56	3.630e-04	{R}
sp|P0AFI2|PARC_ECOLI	WHOLE	2	1	752	30	7.059e-04	{M}
sp|P0AFI5|PBP7_ECOLI	SINGLE	1	287	307	9	1.235e-05	{A}
sp|P0AFI5|PBP7_ECOLI	SINGLE	2	12	43	11	1.598e-05	{A}
sp|P0AFI5|PBP7_ECOLI	SINGLE	3	206	250	8	5.029e-04	{N}
sp|P0AFI5|PBP7_ECOLI	SINGLE	4	196	235	9	5.089e-04	{T}
sp|P0AFI5|PBP7_ECOLI	MULTIPLE	1	196	250	18	5.797e-06	{NT}
sp|P0AFI5|PBP7_ECOLI	WHOLE	1	1	310	41	3.536e-04	{A}
sp|P0AFI7|PDXH_ECOLI	SINGLE	1	11	25	5	4.635e-04	{R}
sp|P0AFJ7|PITA_ECOLI	SINGLE	1	2	20	10	1.684e-06	{L}
sp|P0AFJ7|PITA_ECOLI	SINGLE	2	321	475	13	3.129e-05	{M}
sp|P0AFJ7|PITA_ECOLI	SINGLE	3	185	205	7	1.639e-04	{K}
sp|P0AFJ7|PITA_ECOLI	SINGLE	4	105	267	19	2.987e-04	{I}
sp|P0AFJ7|PITA_ECOLI	SINGLE	5	19	302	38	4.405e-04	{A}
sp|P0AFJ7|PITA_ECOLI	SINGLE	6	395	464	13	4.545e-04	{G}
sp|P0AFJ7|PITA_ECOLI	SINGLE	7	64	257	25	6.402e-04	{G}
sp|P0AFJ7|PITA_ECOLI	SINGLE	8	63	109	12	6.556e-04	{L}
sp|P0AFJ7|PITA_ECOLI	SINGLE	9	48	100	6	8.744e-04	{M}
sp|P0AFJ7|PITA_ECOLI	MULTIPLE	1	1	298	122	5.032e-09	{LAGM}
sp|P0AFJ7|PITA_ECOLI	MULTIPLE	2	66	242	46	1.304e-05	{IL}
sp|P0AFJ7|PITA_ECOLI	WHOLE	1	1	499	23	4.524e-04	{M}
sp|P0AFJ7|PITA_ECOLI	WHOLE	2	1	499	67	4.613e-04	{L}
sp|P0AFL3|PPIA_ECOLI	SINGLE	1	7	25	10	3.887e-07	{A}
sp|P0AFL3|PPIA_ECOLI	SINGLE	2	148	188	10	1.856e-04	{V}
sp|P0AFL6|PPX_ECOLI	SINGLE	1	242	486	43	1.687e-05	{L}
sp|P0AFL6|PPX_ECOLI	SINGLE	2	452	468	7	3.611e-05	{T}
sp|P0AFL6|PPX_ECOLI	SINGLE	3	487	510	8	7.996e-05	{E}
sp|P0AFL6|PPX_ECOLI	SINGLE	4	370	384	4	2.419e-04	{H}
sp|P0AFL6|PPX_ECOLI	SINGLE	5	312	450	16	2.498e-04	{Q}
sp|P0AFL6|PPX_ECOLI	SINGLE	6	288	335	9	3.282e-04	{R}
sp|P0AFL6|PPX_ECOLI	SINGLE	7	109	160	9	7.198e-04	{I}
sp|P0AFL6|PPX_ECOLI	MULTIPLE	1	241	490	94	2.307e-10	{LHQR}
sp|P0AFM2|PROX_ECOLI	SINGLE	1	261	291	10	7.006e-05	{A}
sp|P0AFM2|PROX_ECOLI	SINGLE	2	9	87	14	2.410e-04	{T}
sp|P0AFM2|PROX_ECOLI	SINGLE	3	148	165	6	6.921e-04	{G}
sp|P0AFM6|PSPA_ECOLI	SINGLE	1	20	183	26	1.511e-05	{E}
sp|P0AFM6|PSPA_ECOLI	SINGLE	2	133	174	9	1.172e-04	{R}
sp|P0AFM6|PSPA_ECOLI	MULTIPLE	1	20	183	44	2.201e-08	{ER}
sp|P0AFM6|PSPA_ECOLI	WHOLE	1	1	222	28	3.467e-04	{E}
sp|P0AFP6|YBGI_ECOLI	SINGLE	1	201	216	4	3.155e-04	{H}
sp|P0AFP6|YBGI_ECOLI	SINGLE	2	83	116	10	5.619e-04	{L}
sp|P0AFP6|YBGI_ECOLI	SINGLE	3	26	222	25	7.833e-04	{G}
sp|P0AFP6|YBGI_ECOLI	MULTIPLE	1	26	222	33	1.445e-04	{HG}
sp|P0AFR2|DAUA_ECOLI	SINGLE	1	102	505	70	1.188e-07	{L}
sp|P0AFR2|DAUA_ECOLI	SINGLE	2	36	329	41	3.557e-06	{G}
sp|P0AFR2|DAUA_ECOLI	SINGLE	3	332	347	8	9.559e-06	{A}
sp|P0AFR2|DAUA_ECOLI	SINGLE	4	34	442	41	9.579e-06	{I}
sp|P0AFR2|DAUA_ECOLI	SINGLE	5	450	464	7	1.824e-05	{V}
sp|P0AFR2|DAUA_ECOLI	SINGLE	6	379	445	8	9.063e-05	{M}
sp|P0AFR2|DAUA_ECOLI	SINGLE	7	14	73	14	1.345e-04	{A}
sp|P0AFR2|DAUA_ECOLI	SINGLE	8	440	553	15	2.589e-04	{R}
sp|P0AFR2|DAUA_ECOLI	MULTIPLE	1	33	507	290	5.154e-26	{LGAIVM}
sp|P0AFR2|DAUA_ECOLI	WHOLE	1	1	559	82	8.721e-06	{L}
sp|P0AFR2|DAUA_ECOLI	WHOLE	2	1	559	69	5.893e-05	{A}
sp|P0AFR2|DAUA_ECOLI	WHOLE	3	1	559	48	8.375e-05	{I}
sp|P0AFS3|FOLM_ECOLI	SINGLE	1	43	171	23	1.087e-04	{A}
sp|P0AFS3|FOLM_ECOLI	SINGLE	2	77	149	8	1.635e-04	{H}
sp|P0AFS3|FOLM_ECOLI	MULTIPLE	1	40	171	32	1.262e-06	{AH}
sp|P0AFS9|MEPM_ECOLI	SINGLE	1	151	424	30	1.592e-05	{R}
sp|P0AFS9|MEPM_ECOLI	SINGLE	2	53	97	10	4.087e-04	{E}
sp|P0AFS9|MEPM_ECOLI	SINGLE	3	307	337	8	5.305e-04	{V}
sp|P0AFS9|MEPM_ECOLI	SINGLE	4	91	391	34	8.642e-04	{G}
sp|P0AFS9|MEPM_ECOLI	MULTIPLE	1	147	388	54	6.220e-07	{RG}
sp|P0AFS9|MEPM_ECOLI	WHOLE	1	1	440	38	2.003e-04	{R}
sp|P0AFT2|TCYL_ECOLI	SINGLE	1	100	145	13	2.908e-05	{A}
sp|P0AFT2|TCYL_ECOLI	SINGLE	2	7	45	12	1.062e-04	{L}
sp|P0AFT2|TCYL_ECOLI	SINGLE	3	5	198	21	3.981e-04	{I}
sp|P0AFT2|TCYL_ECOLI	MULTIPLE	1	55	166	31	1.267e-05	{AI}
sp|P0AFU0|YEJB_ECOLI	SINGLE	1	6	190	26	1.157e-06	{I}
sp|P0AFU0|YEJB_ECOLI	SINGLE	2	32	80	13	1.063e-05	{G}
sp|P0AFU0|YEJB_ECOLI	SINGLE	3	95	337	24	2.350e-05	{F}
sp|P0AFU0|YEJB_ECOLI	SINGLE	4	119	344	36	4.267e-04	{L}
sp|P0AFU0|YEJB_ECOLI	MULTIPLE	1	2	346	140	3.185e-11	{IGFL}
sp|P0AFU0|YEJB_ECOLI	WHOLE	1	1	364	38	8.014e-06	{I}
sp|P0AFU0|YEJB_ECOLI	WHOLE	2	1	364	28	3.348e-04	{F}
sp|P0AFU4|GLRR_ECOLI	SINGLE	1	8	25	9	9.630e-06	{L}
sp|P0AFU4|GLRR_ECOLI	SINGLE	2	250	354	15	1.076e-04	{R}
sp|P0AFU4|GLRR_ECOLI	SINGLE	3	59	78	4	7.691e-04	{M}
sp|P0AFU4|GLRR_ECOLI	SINGLE	4	85	421	42	9.028e-04	{A}
sp|P0AFU4|GLRR_ECOLI	MULTIPLE	1	85	425	70	1.295e-05	{RA}
sp|P0AFV4|MEPS_ECOLI	SINGLE	1	62	187	15	7.101e-04	{R}
sp|P0AFW2|RMF_ECOLI	SINGLE	1	3	51	9	3.829e-04	{R}
sp|P0AFW2|RMF_ECOLI	WHOLE	1	1	55	9	8.826e-04	{R}
sp|P0AFX7|RSEA_ECOLI	SINGLE	1	70	216	29	6.445e-12	{Q}
sp|P0AFX7|RSEA_ECOLI	SINGLE	2	67	96	7	3.283e-04	{P}
sp|P0AFX7|RSEA_ECOLI	SINGLE	3	170	185	5	6.419e-04	{R}
sp|P0AFX7|RSEA_ECOLI	WHOLE	1	1	216	32	1.157e-09	{Q}
sp|P0AFX9|RSEB_ECOLI	SINGLE	1	59	184	17	8.054e-05	{R}
sp|P0AFX9|RSEB_ECOLI	SINGLE	2	195	287	17	2.248e-04	{S}
sp|P0AFX9|RSEB_ECOLI	SINGLE	3	207	248	8	5.252e-04	{P}
sp|P0AFX9|RSEB_ECOLI	MULTIPLE	1	207	272	21	1.120e-05	{SP}
sp|P0AFY6|SBMA_ECOLI	SINGLE	1	2	164	21	1.376e-06	{F}
sp|P0AFY6|SBMA_ECOLI	SINGLE	2	19	111	9	9.869e-06	{W}
sp|P0AFY6|SBMA_ECOLI	SINGLE	3	22	248	25	1.001e-04	{I}
sp|P0AFY6|SBMA_ECOLI	SINGLE	4	97	163	13	2.454e-04	{V}
sp|P0AFY6|SBMA_ECOLI	SINGLE	5	309	326	5	3.959e-04	{Y}
sp|P0AFY6|SBMA_ECOLI	MULTIPLE	1	2	250	86	6.458e-12	{FWIV}
sp|P0AFY6|SBMA_ECOLI	WHOLE	1	1	406	35	8.484e-06	{F}
sp|P0AFY6|SBMA_ECOLI	WHOLE	2	1	406	34	9.790e-04	{I}
sp|P0AFY8|SEQA_ECOLI	SINGLE	1	37	123	16	7.328e-04	{A}
sp|P0AFZ3|SSPB_ECOLI	SINGLE	1	134	148	8	3.938e-07	{D}
sp|P0AFZ3|SSPB_ECOLI	SINGLE	2	145	159	6	3.376e-05	{P}
sp|P0AFZ3|SSPB_ECOLI	SINGLE	3	88	109	7	9.125e-04	{A}
sp|P0AFZ3|SSPB_ECOLI	MULTIPLE	1	134	154	14	7.510e-10	{DP}
sp|P0AFZ5|SULA_ECOLI	SINGLE	1	42	93	12	1.526e-06	{Q}
sp|P0AFZ5|SULA_ECOLI	SINGLE	2	48	67	9	2.743e-05	{L}
sp|P0AFZ5|SULA_ECOLI	SINGLE	3	4	18	7	3.582e-05	{S}
sp|P0AFZ5|SULA_ECOLI	MULTIPLE	1	47	85	21	2.605e-09	{QL}
sp|P0AG07|RPE_ECOLI	SINGLE	1	13	30	7	2.360e-04	{A}
sp|P0AG07|RPE_ECOLI	SINGLE	2	159	173	5	4.635e-04	{R}
sp|P0AG07|RPE_ECOLI	SINGLE	3	187	201	6	5.574e-04	{A}
sp|P0AG16|PUR1_ECOLI	SINGLE	1	123	454	34	3.181e-05	{I}
sp|P0AG16|PUR1_ECOLI	SINGLE	2	315	359	10	3.640e-05	{R}
sp|P0AG16|PUR1_ECOLI	SINGLE	3	424	486	12	1.259e-04	{D}
sp|P0AG16|PUR1_ECOLI	SINGLE	4	150	172	8	2.057e-04	{A}
sp|P0AG16|PUR1_ECOLI	SINGLE	5	383	397	6	5.574e-04	{A}
sp|P0AG16|PUR1_ECOLI	MULTIPLE	1	150	449	112	1.147e-08	{IRDA}
sp|P0AG16|PUR1_ECOLI	WHOLE	1	1	505	42	3.598e-04	{I}
sp|P0AG18|PURE_ECOLI	SINGLE	1	120	138	9	4.569e-06	{A}
sp|P0AG18|PURE_ECOLI	SINGLE	2	68	82	6	5.574e-04	{A}
sp|P0AG18|PURE_ECOLI	WHOLE	1	1	169	28	8.114e-05	{A}
sp|P0AG20|RELA_ECOLI	SINGLE	1	555	588	8	7.098e-05	{Q}
sp|P0AG20|RELA_ECOLI	SINGLE	2	89	150	13	1.124e-04	{V}
sp|P0AG20|RELA_ECOLI	SINGLE	3	96	681	48	1.240e-04	{R}
sp|P0AG20|RELA_ECOLI	SINGLE	4	207	437	15	1.395e-04	{H}
sp|P0AG20|RELA_ECOLI	SINGLE	5	454	468	5	2.936e-04	{Q}
sp|P0AG20|RELA_ECOLI	SINGLE	6	347	366	7	4.883e-04	{A}
sp|P0AG20|RELA_ECOLI	SINGLE	7	155	248	15	7.167e-04	{E}
sp|P0AG20|RELA_ECOLI	MULTIPLE	1	89	681	123	2.822e-07	{VRH}
sp|P0AG20|RELA_ECOLI	WHOLE	1	1	744	55	4.754e-04	{R}
sp|P0AG24|SPOT_ECOLI	SINGLE	1	109	290	23	1.577e-05	{R}
sp|P0AG24|SPOT_ECOLI	SINGLE	2	123	695	48	1.398e-04	{I}
sp|P0AG24|SPOT_ECOLI	SINGLE	3	665	701	8	2.577e-04	{R}
sp|P0AG24|SPOT_ECOLI	SINGLE	4	473	529	14	3.775e-04	{L}
sp|P0AG24|SPOT_ECOLI	SINGLE	5	352	367	5	4.085e-04	{Q}
sp|P0AG24|SPOT_ECOLI	SINGLE	6	608	632	7	7.029e-04	{E}
sp|P0AG24|SPOT_ECOLI	SINGLE	7	59	359	16	7.040e-04	{M}
sp|P0AG24|SPOT_ECOLI	MULTIPLE	1	109	691	113	6.259e-08	{RIM}
sp|P0AG24|SPOT_ECOLI	WHOLE	1	1	702	53	3.818e-04	{R}
sp|P0AG24|SPOT_ECOLI	WHOLE	2	1	702	53	6.764e-04	{I}
sp|P0AG30|RHO_ECOLI	SINGLE	1	380	416	6	1.260e-04	{M}
sp|P0AG30|RHO_ECOLI	SINGLE	2	203	289	15	3.206e-04	{V}
sp|P0AG30|RHO_ECOLI	SINGLE	3	117	151	7	5.411e-04	{N}
sp|P0AG30|RHO_ECOLI	SINGLE	4	87	173	12	6.514e-04	{R}
sp|P0AG30|RHO_ECOLI	MULTIPLE	1	87	173	20	6.034e-05	{NR}
sp|P0AG55|RL6_ECOLI	SINGLE	1	4	23	7	1.571e-04	{V}
sp|P0AG59|RS14_ECOLI	SINGLE	1	53	90	10	7.605e-06	{R}
sp|P0AG59|RS14_ECOLI	WHOLE	1	1	101	14	2.397e-04	{R}
sp|P0AG67|RS1_ECOLI	SINGLE	1	24	508	65	1.811e-08	{V}
sp|P0AG67|RS1_ECOLI	SINGLE	2	401	554	27	4.144e-05	{A}
sp|P0AG67|RS1_ECOLI	SINGLE	3	3	557	60	4.230e-05	{E}
sp|P0AG67|RS1_ECOLI	MULTIPLE	1	10	538	124	2.148e-11	{VE}
sp|P0AG67|RS1_ECOLI	WHOLE	1	1	557	67	5.610e-07	{V}
sp|P0AG67|RS1_ECOLI	WHOLE	2	1	557	60	4.656e-05	{E}
sp|P0AG74|RUSA_ECOLI	SINGLE	1	16	69	11	3.532e-05	{R}
sp|P0AG80|UGPB_ECOLI	SINGLE	1	8	372	45	7.835e-04	{A}
sp|P0AG90|SECD_ECOLI	SINGLE	1	393	600	33	2.593e-09	{I}
sp|P0AG90|SECD_ECOLI	SINGLE	2	337	415	12	1.100e-04	{N}
sp|P0AG90|SECD_ECOLI	SINGLE	3	420	514	20	2.318e-04	{L}
sp|P0AG90|SECD_ECOLI	SINGLE	4	34	118	16	5.736e-04	{A}
sp|P0AG90|SECD_ECOLI	SINGLE	5	155	318	18	5.948e-04	{R}
sp|P0AG90|SECD_ECOLI	SINGLE	6	267	294	8	8.667e-04	{A}
sp|P0AG90|SECD_ECOLI	MULTIPLE	1	181	297	31	2.516e-05	{RA}
sp|P0AG90|SECD_ECOLI	WHOLE	1	1	615	57	2.709e-06	{I}
sp|P0AG93|SECF_ECOLI	SINGLE	1	175	236	12	3.555e-05	{I}
sp|P0AG93|SECF_ECOLI	SINGLE	2	241	255	6	1.598e-04	{T}
sp|P0AG93|SECF_ECOLI	SINGLE	3	216	230	5	4.635e-04	{R}
sp|P0AG93|SECF_ECOLI	SINGLE	4	126	178	12	5.061e-04	{A}
sp|P0AG93|SECF_ECOLI	MULTIPLE	1	182	230	15	3.181e-05	{IR}
sp|P0AG93|SECF_ECOLI	WHOLE	1	1	323	29	7.850e-04	{I}
sp|P0AG96|SECE_ECOLI	SINGLE	1	45	75	10	7.006e-05	{A}
sp|P0AG96|SECE_ECOLI	SINGLE	2	20	119	17	1.630e-04	{V}
sp|P0AG96|SECE_ECOLI	SINGLE	3	62	101	9	5.089e-04	{T}
sp|P0AG96|SECE_ECOLI	MULTIPLE	1	20	103	39	6.682e-08	{AVT}
sp|P0AG99|SECG_ECOLI	SINGLE	1	15	49	10	5.422e-05	{G}
sp|P0AG99|SECG_ECOLI	SINGLE	2	72	86	5	2.875e-04	{N}
sp|P0AGA2|SECY_ECOLI	SINGLE	1	27	207	29	1.785e-08	{I}
sp|P0AGA2|SECY_ECOLI	SINGLE	2	219	246	10	5.199e-06	{V}
sp|P0AGA2|SECY_ECOLI	SINGLE	3	154	416	24	7.738e-05	{F}
sp|P0AGA2|SECY_ECOLI	SINGLE	4	391	425	6	9.194e-05	{M}
sp|P0AGA2|SECY_ECOLI	SINGLE	5	239	256	6	1.244e-04	{R}
sp|P0AGA2|SECY_ECOLI	SINGLE	6	6	198	26	2.738e-04	{G}
sp|P0AGA2|SECY_ECOLI	MULTIPLE	1	6	425	133	1.302e-12	{IFMG}
sp|P0AGA2|SECY_ECOLI	MULTIPLE	2	219	257	17	2.841e-07	{VR}
sp|P0AGA2|SECY_ECOLI	WHOLE	1	1	443	45	2.790e-06	{I}
sp|P0AGA2|SECY_ECOLI	WHOLE	2	1	443	32	3.955e-04	{F}
sp|P0AGB0|SERB_ECOLI	SINGLE	1	61	306	36	1.207e-04	{A}
sp|P0AGB0|SERB_ECOLI	SINGLE	2	180	196	7	4.133e-04	{L}
sp|P0AGB0|SERB_ECOLI	MULTIPLE	1	79	288	58	4.257e-05	{AL}
sp|P0AGB3|RPOH_ECOLI	SINGLE	1	179	248	15	4.651e-06	{D}
sp|P0AGB6|RPOE_ECOLI	SINGLE	1	9	50	11	4.601e-05	{V}
sp|P0AGB6|RPOE_ECOLI	SINGLE	2	102	158	12	1.955e-04	{E}
sp|P0AGC0|UHPT_ECOLI	SINGLE	1	61	424	50	5.750e-07	{G}
sp|P0AGC0|UHPT_ECOLI	SINGLE	2	226	241	8	2.395e-06	{E}
sp|P0AGC0|UHPT_ECOLI	SINGLE	3	25	426	34	1.620e-05	{F}
sp|P0AGC0|UHPT_ECOLI	SINGLE	4	295	444	27	2.638e-05	{A}
sp|P0AGC0|UHPT_ECOLI	SINGLE	5	37	457	39	7.622e-05	{I}
sp|P0AGC0|UHPT_ECOLI	SINGLE	6	23	126	10	7.980e-05	{M}
sp|P0AGC0|UHPT_ECOLI	SINGLE	7	113	146	10	8.263e-05	{S}
sp|P0AGC0|UHPT_ECOLI	SINGLE	8	290	370	18	2.329e-04	{L}
sp|P0AGC0|UHPT_ECOLI	MULTIPLE	1	23	442	187	3.188e-15	{GFIML}
sp|P0AGC0|UHPT_ECOLI	WHOLE	1	1	463	52	7.715e-05	{G}
sp|P0AGC0|UHPT_ECOLI	WHOLE	2	1	463	35	1.055e-04	{F}
sp|P0AGC0|UHPT_ECOLI	WHOLE	3	1	463	39	4.435e-04	{I}
sp|P0AGC3|SLT_ECOLI	SINGLE	1	191	270	18	2.819e-05	{A}
sp|P0AGC3|SLT_ECOLI	SINGLE	2	282	361	13	8.221e-05	{R}
sp|P0AGC3|SLT_ECOLI	SINGLE	3	33	567	42	9.711e-05	{Q}
sp|P0AGC3|SLT_ECOLI	SINGLE	4	613	627	5	1.557e-04	{Y}
sp|P0AGC3|SLT_ECOLI	SINGLE	5	227	241	6	1.598e-04	{T}
sp|P0AGC3|SLT_ECOLI	SINGLE	6	115	508	16	2.393e-04	{W}
sp|P0AGC3|SLT_ECOLI	MULTIPLE	1	131	508	95	1.106e-09	{AQW}
sp|P0AGC3|SLT_ECOLI	WHOLE	1	1	645	74	2.711e-04	{A}
sp|P0AGC3|SLT_ECOLI	WHOLE	2	1	645	49	5.095e-04	{R}
sp|P0AGD1|SODC_ECOLI	SINGLE	1	33	170	23	2.693e-05	{G}
sp|P0AGD1|SODC_ECOLI	SINGLE	2	64	109	6	4.164e-04	{H}
sp|P0AGD1|SODC_ECOLI	SINGLE	3	6	20	6	5.574e-04	{A}
sp|P0AGD1|SODC_ECOLI	MULTIPLE	1	33	170	30	2.079e-06	{GH}
sp|P0AGD1|SODC_ECOLI	WHOLE	1	1	173	24	2.955e-04	{G}
sp|P0AGD3|SODF_ECOLI	SINGLE	1	94	115	8	1.455e-04	{A}
sp|P0AGD3|SODF_ECOLI	SINGLE	2	18	32	4	2.419e-04	{H}
sp|P0AGD3|SODF_ECOLI	SINGLE	3	139	155	6	3.477e-04	{T}
sp|P0AGD3|SODF_ECOLI	SINGLE	4	101	119	5	6.080e-04	{F}
sp|P0AGD3|SODF_ECOLI	SINGLE	5	38	84	8	6.717e-04	{N}
sp|P0AGD3|SODF_ECOLI	MULTIPLE	1	94	115	12	1.283e-06	{AF}
sp|P0AGD7|SRP54_ECOLI	SINGLE	1	341	446	20	1.717e-13	{M}
sp|P0AGD7|SRP54_ECOLI	SINGLE	2	27	250	33	6.029e-06	{V}
sp|P0AGD7|SRP54_ECOLI	SINGLE	3	113	131	7	8.069e-05	{K}
sp|P0AGD7|SRP54_ECOLI	SINGLE	4	310	443	20	1.477e-04	{K}
sp|P0AGD7|SRP54_ECOLI	SINGLE	5	8	35	7	2.444e-04	{R}
sp|P0AGD7|SRP54_ECOLI	SINGLE	6	84	259	26	7.362e-04	{A}
sp|P0AGD7|SRP54_ECOLI	MULTIPLE	1	27	259	83	3.741e-08	{VKA}
sp|P0AGD7|SRP54_ECOLI	WHOLE	1	1	453	28	8.326e-07	{M}
sp|P0AGE0|SSB_ECOLI	SINGLE	1	107	151	19	1.664e-11	{G}
sp|P0AGE0|SSB_ECOLI	SINGLE	2	131	158	10	1.371e-07	{Q}
sp|P0AGE0|SSB_ECOLI	SINGLE	3	122	177	10	1.947e-04	{P}
sp|P0AGE0|SSB_ECOLI	MULTIPLE	1	107	169	40	1.081e-17	{GQP}
sp|P0AGE0|SSB_ECOLI	WHOLE	1	1	178	29	4.490e-06	{G}
sp|P0AGE0|SSB_ECOLI	WHOLE	2	1	178	18	4.973e-04	{Q}
sp|P0AGE4|SSTT_ECOLI	SINGLE	1	9	354	61	3.802e-07	{L}
sp|P0AGE4|SSTT_ECOLI	SINGLE	2	220	238	7	1.092e-04	{V}
sp|P0AGE4|SSTT_ECOLI	SINGLE	3	296	411	21	1.663e-04	{A}
sp|P0AGE4|SSTT_ECOLI	SINGLE	4	103	123	7	4.131e-04	{S}
sp|P0AGE4|SSTT_ECOLI	SINGLE	5	33	105	14	9.909e-04	{A}
sp|P0AGE4|SSTT_ECOLI	MULTIPLE	1	13	412	156	2.137e-12	{LVA}
sp|P0AGE4|SSTT_ECOLI	WHOLE	1	1	414	66	4.275e-06	{L}
sp|P0AGE9|SUCD_ECOLI	SINGLE	1	15	257	39	1.949e-07	{G}
sp|P0AGE9|SUCD_ECOLI	SINGLE	2	71	252	25	2.725e-06	{I}
sp|P0AGE9|SUCD_ECOLI	SINGLE	3	214	283	16	6.144e-05	{A}
sp|P0AGE9|SUCD_ECOLI	SINGLE	4	193	224	8	6.680e-04	{E}
sp|P0AGE9|SUCD_ECOLI	MULTIPLE	1	12	257	66	2.761e-11	{GI}
sp|P0AGE9|SUCD_ECOLI	MULTIPLE	2	202	269	23	3.019e-05	{AE}
sp|P0AGE9|SUCD_ECOLI	WHOLE	1	1	289	41	2.355e-06	{G}
sp|P0AGE9|SUCD_ECOLI	WHOLE	2	1	289	30	6.683e-05	{I}
sp|P0AGF2|CSDE_ECOLI	SINGLE	1	13	28	6	2.398e-04	{T}
sp|P0AGF2|CSDE_ECOLI	SINGLE	2	93	143	12	3.545e-04	{A}
sp|P0AGF2|CSDE_ECOLI	SINGLE	3	91	136	12	5.376e-04	{L}
sp|P0AGF2|CSDE_ECOLI	MULTIPLE	1	91	143	24	1.242e-06	{AL}
sp|P0AGF4|XYLE_ECOLI	SINGLE	1	66	354	31	2.894e-05	{I}
sp|P0AGF4|XYLE_ECOLI	SINGLE	2	387	478	8	6.417e-05	{W}
sp|P0AGF4|XYLE_ECOLI	SINGLE	3	402	418	7	1.565e-04	{A}
sp|P0AGF4|XYLE_ECOLI	SINGLE	4	20	369	41	1.584e-04	{G}
sp|P0AGF4|XYLE_ECOLI	SINGLE	5	275	296	7	3.023e-04	{V}
sp|P0AGF4|XYLE_ECOLI	SINGLE	6	202	459	15	4.249e-04	{M}
sp|P0AGF4|XYLE_ECOLI	SINGLE	7	465	481	6	4.457e-04	{E}
sp|P0AGF4|XYLE_ECOLI	SINGLE	8	11	462	32	5.399e-04	{F}
sp|P0AGF4|XYLE_ECOLI	MULTIPLE	1	10	463	173	1.310e-11	{IGVMF}
sp|P0AGF6|TDCB_ECOLI	SINGLE	1	135	206	15	1.599e-06	{I}
sp|P0AGF6|TDCB_ECOLI	SINGLE	2	161	191	8	6.079e-04	{G}
sp|P0AGF6|TDCB_ECOLI	SINGLE	3	78	280	25	8.836e-04	{V}
sp|P0AGF6|TDCB_ECOLI	MULTIPLE	1	77	285	71	1.628e-08	{IGV}
sp|P0AGF6|TDCB_ECOLI	WHOLE	1	1	329	34	2.669e-05	{I}
sp|P0AGG0|THIL_ECOLI	SINGLE	1	21	286	45	2.720e-05	{L}
sp|P0AGG0|THIL_ECOLI	SINGLE	2	14	243	28	5.553e-05	{D}
sp|P0AGG0|THIL_ECOLI	SINGLE	3	62	89	9	1.638e-04	{A}
sp|P0AGG0|THIL_ECOLI	SINGLE	4	120	167	11	1.943e-04	{G}
sp|P0AGG0|THIL_ECOLI	MULTIPLE	1	21	287	130	1.023e-11	{LDAG}
sp|P0AGG0|THIL_ECOLI	WHOLE	1	1	325	34	1.823e-04	{D}
sp|P0AGG0|THIL_ECOLI	WHOLE	2	1	325	48	3.481e-04	{L}
sp|P0AGG2|TESB_ECOLI	SINGLE	1	100	222	16	1.449e-04	{P}
sp|P0AGG2|TESB_ECOLI	SINGLE	2	5	31	9	3.896e-04	{L}
sp|P0AGG2|TESB_ECOLI	SINGLE	3	166	236	7	7.599e-04	{H}
sp|P0AGG2|TESB_ECOLI	MULTIPLE	1	100	238	26	1.879e-06	{PH}
sp|P0AGI1|RBSC_ECOLI	SINGLE	1	81	129	16	4.611e-07	{A}
sp|P0AGI1|RBSC_ECOLI	SINGLE	2	62	296	35	4.076e-06	{G}
sp|P0AGI1|RBSC_ECOLI	SINGLE	3	55	150	17	9.973e-05	{V}
sp|P0AGI1|RBSC_ECOLI	SINGLE	4	24	310	29	1.331e-04	{I}
sp|P0AGI1|RBSC_ECOLI	SINGLE	5	17	315	46	1.925e-04	{L}
sp|P0AGI1|RBSC_ECOLI	MULTIPLE	1	23	316	181	1.601e-20	{AGVIL}
sp|P0AGI1|RBSC_ECOLI	WHOLE	1	1	321	29	7.191e-04	{I}
sp|P0AGI1|RBSC_ECOLI	WHOLE	2	1	321	36	7.279e-04	{G}
sp|P0AGI1|RBSC_ECOLI	WHOLE	3	1	321	46	7.857e-04	{L}
sp|P0AGI1|RBSC_ECOLI	WHOLE	4	1	321	35	9.371e-04	{V}
sp|P0AGJ9|SYY_ECOLI	SINGLE	1	256	277	6	1.409e-04	{F}
sp|P0AGJ9|SYY_ECOLI	SINGLE	2	119	134	5	4.001e-04	{N}
sp|P0AGJ9|SYY_ECOLI	SINGLE	3	281	401	18	5.392e-04	{E}
sp|P0AGK1|UBIA_ECOLI	SINGLE	1	198	229	9	1.509e-05	{I}
sp|P0AGK1|UBIA_ECOLI	SINGLE	2	99	128	11	3.489e-05	{L}
sp|P0AGK1|UBIA_ECOLI	SINGLE	3	30	57	5	5.110e-05	{W}
sp|P0AGK1|UBIA_ECOLI	SINGLE	4	5	36	10	3.353e-04	{L}
sp|P0AGK1|UBIA_ECOLI	SINGLE	5	35	188	24	5.501e-04	{A}
sp|P0AGK1|UBIA_ECOLI	SINGLE	6	38	111	13	6.335e-04	{V}
sp|P0AGK1|UBIA_ECOLI	SINGLE	7	181	195	5	9.005e-04	{D}
sp|P0AGK1|UBIA_ECOLI	MULTIPLE	1	33	131	46	3.297e-07	{LAV}
sp|P0AGK1|UBIA_ECOLI	MULTIPLE	2	5	58	18	5.502e-06	{WL}
sp|P0AGK1|UBIA_ECOLI	WHOLE	1	1	290	45	1.848e-04	{L}
sp|P0AGK1|UBIA_ECOLI	WHOLE	2	1	290	13	3.493e-04	{W}
sp|P0AGK8|ISCR_ECOLI	SINGLE	1	53	101	12	5.259e-05	{G}
sp|P0AGM7|URAA_ECOLI	SINGLE	1	159	409	35	2.517e-08	{I}
sp|P0AGM7|URAA_ECOLI	SINGLE	2	14	263	43	2.701e-05	{L}
sp|P0AGM7|URAA_ECOLI	SINGLE	3	51	401	42	8.769e-05	{G}
sp|P0AGM7|URAA_ECOLI	SINGLE	4	123	149	9	1.207e-04	{A}
sp|P0AGM7|URAA_ECOLI	SINGLE	5	33	418	42	3.748e-04	{V}
sp|P0AGM7|URAA_ECOLI	SINGLE	6	26	120	11	8.949e-04	{F}
sp|P0AGM7|URAA_ECOLI	MULTIPLE	1	25	409	246	3.489e-23	{ILGAVF}
sp|P0AGM7|URAA_ECOLI	WHOLE	1	1	429	47	2.253e-07	{I}
sp|P0AGM7|URAA_ECOLI	WHOLE	2	1	429	62	1.184e-04	{L}
sp|P0C018|RL18_ECOLI	SINGLE	1	7	33	9	2.572e-06	{R}
sp|P0C018|RL18_ECOLI	SINGLE	2	37	113	18	1.657e-05	{A}
sp|P0C018|RL18_ECOLI	WHOLE	1	1	117	22	6.929e-05	{A}
sp|P0C037|PPNP_ECOLI	SINGLE	1	4	26	8	1.165e-04	{S}
sp|P0C054|IBPA_ECOLI	SINGLE	1	21	45	6	4.915e-04	{N}
sp|P0C077|RELE_ECOLI	SINGLE	1	63	78	7	3.033e-05	{V}
sp|P0C093|SLMA_ECOLI	SINGLE	1	9	189	22	4.160e-05	{R}
sp|P0C093|SLMA_ECOLI	SINGLE	2	76	96	8	2.978e-04	{L}
sp|P0C093|SLMA_ECOLI	SINGLE	3	63	77	5	5.275e-04	{I}
sp|P0C093|SLMA_ECOLI	MULTIPLE	1	48	141	39	2.587e-07	{RLI}
sp|P0C093|SLMA_ECOLI	WHOLE	1	1	198	22	1.465e-04	{R}
sp|P0C0K3|SRKA_ECOLI	SINGLE	1	240	267	8	2.582e-04	{E}
sp|P0C0K3|SRKA_ECOLI	SINGLE	2	280	303	4	3.879e-04	{W}
sp|P0C0K3|SRKA_ECOLI	SINGLE	3	40	61	6	4.110e-04	{R}
sp|P0C0K3|SRKA_ECOLI	SINGLE	4	172	187	6	8.219e-04	{A}
sp|P0C0K3|SRKA_ECOLI	SINGLE	5	6	114	12	8.367e-04	{F}
sp|P0C0L2|OSMC_ECOLI	SINGLE	1	54	123	14	6.615e-04	{A}
sp|P0C0L7|PROP_ECOLI	SINGLE	1	98	132	11	5.184e-07	{I}
sp|P0C0L7|PROP_ECOLI	SINGLE	2	39	205	18	7.378e-05	{F}
sp|P0C0L7|PROP_ECOLI	SINGLE	3	33	245	29	1.126e-04	{G}
sp|P0C0L7|PROP_ECOLI	SINGLE	4	277	438	12	1.898e-04	{M}
sp|P0C0L7|PROP_ECOLI	SINGLE	5	208	432	37	2.045e-04	{L}
sp|P0C0L7|PROP_ECOLI	SINGLE	6	275	292	5	3.959e-04	{Y}
sp|P0C0L7|PROP_ECOLI	SINGLE	7	334	459	21	4.901e-04	{A}
sp|P0C0L7|PROP_ECOLI	MULTIPLE	1	77	435	123	1.074e-09	{IGL}
sp|P0C0L7|PROP_ECOLI	MULTIPLE	2	303	453	31	5.253e-05	{MA}
sp|P0C0L7|PROP_ECOLI	WHOLE	1	1	500	48	6.004e-06	{I}
sp|P0C0R7|RLME_ECOLI	SINGLE	1	122	150	5	3.445e-04	{M}
sp|P0C0R7|RLME_ECOLI	SINGLE	2	55	203	21	4.108e-04	{V}
sp|P0C0R7|RLME_ECOLI	SINGLE	3	176	198	6	5.293e-04	{R}
sp|P0C0R7|RLME_ECOLI	MULTIPLE	1	87	165	20	7.252e-06	{MV}
sp|P0C0S1|MSCS_ECOLI	SINGLE	1	31	215	28	1.034e-07	{I}
sp|P0C0S1|MSCS_ECOLI	SINGLE	2	13	120	23	6.529e-06	{A}
sp|P0C0S1|MSCS_ECOLI	SINGLE	3	6	253	30	4.263e-04	{V}
sp|P0C0S1|MSCS_ECOLI	MULTIPLE	1	28	215	74	9.521e-11	{IAV}
sp|P0C0S1|MSCS_ECOLI	WHOLE	1	1	286	32	9.884e-06	{I}
sp|P0C0S1|MSCS_ECOLI	WHOLE	2	1	286	32	9.785e-04	{V}
sp|P0C0T5|MEPA_ECOLI	SINGLE	1	227	263	12	6.030e-08	{P}
sp|P0C0T5|MEPA_ECOLI	SINGLE	2	89	109	8	3.114e-05	{G}
sp|P0C0T5|MEPA_ECOLI	SINGLE	3	5	20	7	9.989e-05	{A}
sp|P0C0T5|MEPA_ECOLI	SINGLE	4	194	215	6	4.110e-04	{R}
sp|P0C0V0|DEGP_ECOLI	SINGLE	1	77	435	50	3.861e-07	{G}
sp|P0C0V0|DEGP_ECOLI	SINGLE	2	73	108	9	1.524e-05	{Q}
sp|P0C0V0|DEGP_ECOLI	SINGLE	3	217	275	11	3.219e-05	{N}
sp|P0C0V0|DEGP_ECOLI	SINGLE	4	6	22	8	5.235e-05	{L}
sp|P0C0V0|DEGP_ECOLI	SINGLE	5	72	94	6	1.831e-04	{F}
sp|P0C0V0|DEGP_ECOLI	SINGLE	6	7	35	9	2.189e-04	{A}
sp|P0C0V0|DEGP_ECOLI	SINGLE	7	373	387	5	2.936e-04	{Q}
sp|P0C0V0|DEGP_ECOLI	SINGLE	8	126	141	6	3.059e-04	{V}
sp|P0C0V0|DEGP_ECOLI	SINGLE	9	248	268	6	3.649e-04	{I}
sp|P0C0V0|DEGP_ECOLI	MULTIPLE	1	71	444	166	8.032e-14	{GQNVI}
sp|P0C0V0|DEGP_ECOLI	MULTIPLE	2	6	27	15	1.368e-07	{LA}
sp|P0C0V0|DEGP_ECOLI	WHOLE	1	1	474	53	7.424e-05	{G}
sp|P0C7L2|PAAJ_ECOLI	SINGLE	1	20	370	56	1.958e-07	{A}
sp|P0C7L2|PAAJ_ECOLI	SINGLE	2	9	393	41	8.995e-04	{G}
sp|P0C7L2|PAAJ_ECOLI	MULTIPLE	1	9	395	99	3.754e-09	{AG}
sp|P0C7L2|PAAJ_ECOLI	WHOLE	1	1	401	59	1.356e-06	{A}
sp|P0CE47|EFTU1_ECOLI	SINGLE	1	144	316	27	1.403e-05	{E}
sp|P0CE47|EFTU1_ECOLI	SINGLE	2	223	394	25	1.147e-04	{G}
sp|P0CE47|EFTU1_ECOLI	SINGLE	3	25	39	6	1.598e-04	{T}
sp|P0CE47|EFTU1_ECOLI	SINGLE	4	67	85	4	6.290e-04	{H}
sp|P0CE47|EFTU1_ECOLI	SINGLE	5	30	108	15	7.543e-04	{A}
sp|P0CE47|EFTU1_ECOLI	SINGLE	6	350	369	4	7.691e-04	{M}
sp|P0CE47|EFTU1_ECOLI	MULTIPLE	1	144	387	59	1.147e-06	{EG}
sp|P0CE47|EFTU1_ECOLI	MULTIPLE	2	25	109	27	1.621e-05	{TA}
sp|P0CE48|EFTU2_ECOLI	SINGLE	1	144	316	27	1.403e-05	{E}
sp|P0CE48|EFTU2_ECOLI	SINGLE	2	223	387	24	1.510e-04	{G}
sp|P0CE48|EFTU2_ECOLI	SINGLE	3	25	39	6	1.598e-04	{T}
sp|P0CE48|EFTU2_ECOLI	SINGLE	4	67	85	4	6.290e-04	{H}
sp|P0CE48|EFTU2_ECOLI	SINGLE	5	30	108	15	7.543e-04	{A}
sp|P0CE48|EFTU2_ECOLI	SINGLE	6	350	369	4	7.691e-04	{M}
sp|P0CE48|EFTU2_ECOLI	MULTIPLE	1	144	387	59	1.147e-06	{EG}
sp|P0CE48|EFTU2_ECOLI	MULTIPLE	2	25	109	27	1.621e-05	{TA}
sp|P0CG19|RNPH_ECOLI	SINGLE	1	170	213	10	3.399e-04	{E}
sp|P0CG19|RNPH_ECOLI	SINGLE	2	68	99	7	5.709e-04	{R}
sp|P0CG19|RNPH_ECOLI	SINGLE	3	135	190	11	6.255e-04	{V}
sp|P0CG19|RNPH_ECOLI	MULTIPLE	1	135	213	23	8.251e-05	{EV}
sp|P0DM85|RDCA_ECOLI	SINGLE	1	231	734	53	2.709e-09	{Q}
sp|P0DM85|RDCA_ECOLI	SINGLE	2	367	433	18	2.147e-06	{A}
sp|P0DM85|RDCA_ECOLI	SINGLE	3	6	550	81	6.104e-06	{L}
sp|P0DM85|RDCA_ECOLI	SINGLE	4	570	592	6	1.831e-04	{F}
sp|P0DM85|RDCA_ECOLI	SINGLE	5	4	25	6	2.422e-04	{Q}
sp|P0DM85|RDCA_ECOLI	SINGLE	6	368	489	10	2.836e-04	{H}
sp|P0DM85|RDCA_ECOLI	SINGLE	7	296	310	5	9.005e-04	{D}
sp|P0DM85|RDCA_ECOLI	MULTIPLE	1	4	736	190	4.612e-13	{QLH}
sp|P0DM85|RDCA_ECOLI	WHOLE	1	1	742	68	5.490e-09	{Q}
sp|P0DM85|RDCA_ECOLI	WHOLE	2	1	742	99	4.945e-05	{L}
sp|P0DMC5|RCSC_ECOLI	SINGLE	1	806	882	14	6.170e-05	{D}
sp|P0DMC5|RCSC_ECOLI	SINGLE	2	210	594	55	3.258e-04	{L}
sp|P0DMC5|RCSC_ECOLI	SINGLE	3	8	401	34	3.953e-04	{R}
sp|P0DMC5|RCSC_ECOLI	SINGLE	4	644	706	12	5.821e-04	{G}
sp|P0DMC5|RCSC_ECOLI	SINGLE	5	412	437	6	6.115e-04	{N}
sp|P0DMC5|RCSC_ECOLI	SINGLE	6	411	450	9	6.977e-04	{V}
sp|P0DMC5|RCSC_ECOLI	MULTIPLE	1	4	596	156	3.609e-07	{LRN}
sp|P0DMC5|RCSC_ECOLI	WHOLE	1	1	949	114	6.434e-04	{L}
sp|P0DMC7|RCSB_ECOLI	SINGLE	1	7	106	15	8.509e-05	{I}
sp|P0DMC7|RCSB_ECOLI	SINGLE	2	109	192	14	4.326e-04	{K}
sp|P0DTT0|BIPA_ECOLI	SINGLE	1	586	602	7	6.888e-06	{R}
sp|P0DTT0|BIPA_ECOLI	SINGLE	2	131	202	14	2.921e-05	{D}
sp|P0DTT0|BIPA_ECOLI	SINGLE	3	85	415	41	3.292e-05	{V}
sp|P0DTT0|BIPA_ECOLI	SINGLE	4	413	525	20	3.626e-05	{G}
sp|P0DTT0|BIPA_ECOLI	SINGLE	5	348	409	12	4.266e-04	{E}
sp|P0DTT0|BIPA_ECOLI	SINGLE	6	329	452	15	6.066e-04	{R}
sp|P0DTT0|BIPA_ECOLI	MULTIPLE	1	85	446	97	6.061e-07	{DVR}
sp|P0DTT0|BIPA_ECOLI	WHOLE	1	1	607	58	8.711e-04	{V}
sp|P0DTT0|BIPA_ECOLI	WHOLE	2	1	607	51	9.884e-04	{D}
sp|P0DTV7|SPEFL_ECOLI	SINGLE	1	17	31	5	1.842e-04	{F}
sp|P0DTV7|SPEFL_ECOLI	SINGLE	2	10	29	4	7.691e-04	{H}
sp|P0DTV7|SPEFL_ECOLI	MULTIPLE	1	16	31	8	1.473e-06	{FH}
sp|P10121|FTSY_ECOLI	SINGLE	1	19	193	54	1.397e-22	{E}
sp|P10121|FTSY_ECOLI	SINGLE	2	41	174	28	1.092e-06	{A}
sp|P10121|FTSY_ECOLI	SINGLE	3	17	57	9	4.546e-05	{Q}
sp|P10121|FTSY_ECOLI	SINGLE	4	28	138	19	6.569e-05	{V}
sp|P10121|FTSY_ECOLI	SINGLE	5	86	115	7	3.283e-04	{P}
sp|P10121|FTSY_ECOLI	MULTIPLE	1	19	188	135	1.289e-40	{EAQVP}
sp|P10121|FTSY_ECOLI	WHOLE	1	1	497	79	1.704e-13	{E}
sp|P10121|FTSY_ECOLI	WHOLE	2	1	497	62	9.390e-05	{A}
sp|P10378|ENTE_ECOLI	SINGLE	1	229	322	18	2.278e-04	{A}
sp|P10408|SECA_ECOLI	SINGLE	1	32	849	92	1.453e-07	{E}
sp|P10408|SECA_ECOLI	SINGLE	2	481	507	10	1.847e-05	{A}
sp|P10408|SECA_ECOLI	SINGLE	3	561	663	16	2.411e-05	{R}
sp|P10408|SECA_ECOLI	SINGLE	4	858	872	7	6.097e-05	{A}
sp|P10408|SECA_ECOLI	SINGLE	5	842	860	6	1.006e-04	{Q}
sp|P10408|SECA_ECOLI	SINGLE	6	590	612	5	1.114e-04	{M}
sp|P10408|SECA_ECOLI	SINGLE	7	214	744	45	1.696e-04	{I}
sp|P10408|SECA_ECOLI	SINGLE	8	758	854	9	2.286e-04	{M}
sp|P10408|SECA_ECOLI	SINGLE	9	8	22	5	4.635e-04	{R}
sp|P10408|SECA_ECOLI	SINGLE	10	640	725	13	6.488e-04	{D}
sp|P10408|SECA_ECOLI	MULTIPLE	1	27	854	234	1.277e-12	{ERMI}
sp|P10408|SECA_ECOLI	MULTIPLE	2	842	873	16	1.746e-07	{AQ}
sp|P10408|SECA_ECOLI	WHOLE	1	1	901	93	4.015e-06	{E}
sp|P10408|SECA_ECOLI	WHOLE	2	1	901	66	2.071e-04	{R}
sp|P10443|DPO3A_ECOLI	SINGLE	1	243	328	18	6.774e-06	{E}
sp|P10443|DPO3A_ECOLI	SINGLE	2	975	1147	23	7.040e-06	{R}
sp|P10443|DPO3A_ECOLI	SINGLE	3	896	921	9	8.726e-05	{A}
sp|P10443|DPO3A_ECOLI	SINGLE	4	49	146	17	1.631e-04	{G}
sp|P10443|DPO3A_ECOLI	SINGLE	5	476	490	6	2.062e-04	{E}
sp|P10443|DPO3A_ECOLI	SINGLE	6	353	367	6	2.293e-04	{G}
sp|P10443|DPO3A_ECOLI	SINGLE	7	831	850	6	2.742e-04	{I}
sp|P10443|DPO3A_ECOLI	SINGLE	8	829	844	6	3.425e-04	{G}
sp|P10443|DPO3A_ECOLI	SINGLE	9	22	40	7	3.444e-04	{A}
sp|P10443|DPO3A_ECOLI	SINGLE	10	201	227	7	4.646e-04	{D}
sp|P10443|DPO3A_ECOLI	SINGLE	11	399	807	20	4.880e-04	{M}
sp|P10443|DPO3A_ECOLI	SINGLE	12	107	324	22	5.109e-04	{R}
sp|P10443|DPO3A_ECOLI	SINGLE	13	705	789	16	5.736e-04	{A}
sp|P10443|DPO3A_ECOLI	SINGLE	14	1020	1095	12	6.952e-04	{D}
sp|P10443|DPO3A_ECOLI	SINGLE	15	76	150	16	7.587e-04	{L}
sp|P10443|DPO3A_ECOLI	SINGLE	16	378	665	29	8.224e-04	{D}
sp|P10443|DPO3A_ECOLI	MULTIPLE	1	118	328	50	1.755e-07	{ER}
sp|P10443|DPO3A_ECOLI	MULTIPLE	2	975	1147	39	1.523e-06	{RD}
sp|P10443|DPO3A_ECOLI	MULTIPLE	3	47	150	35	3.830e-06	{GL}
sp|P10443|DPO3A_ECOLI	MULTIPLE	4	829	850	12	1.078e-06	{IG}
sp|P10443|DPO3A_ECOLI	MULTIPLE	5	366	792	95	6.773e-05	{MAD}
sp|P10443|DPO3A_ECOLI	WHOLE	1	1	1160	78	6.710e-04	{R}
sp|P10902|NADB_ECOLI	SINGLE	1	120	511	37	4.529e-05	{R}
sp|P10902|NADB_ECOLI	SINGLE	2	7	536	26	8.508e-05	{H}
sp|P10902|NADB_ECOLI	MULTIPLE	1	66	514	61	3.086e-07	{RH}
sp|P10902|NADB_ECOLI	WHOLE	1	1	540	26	1.133e-04	{H}
sp|P10903|NARK_ECOLI	SINGLE	1	49	445	44	6.132e-10	{F}
sp|P10903|NARK_ECOLI	SINGLE	2	100	437	43	1.933e-05	{G}
sp|P10903|NARK_ECOLI	SINGLE	3	395	415	8	1.005e-04	{A}
sp|P10903|NARK_ECOLI	SINGLE	4	178	202	7	6.967e-04	{V}
sp|P10903|NARK_ECOLI	MULTIPLE	1	66	448	131	7.656e-14	{FGA}
sp|P10903|NARK_ECOLI	WHOLE	1	1	463	45	2.107e-08	{F}
sp|P10903|NARK_ECOLI	WHOLE	2	1	463	48	6.742e-04	{G}
sp|P10905|UGPA_ECOLI	SINGLE	1	28	231	29	1.851e-09	{F}
sp|P10905|UGPA_ECOLI	SINGLE	2	271	292	8	3.934e-05	{V}
sp|P10905|UGPA_ECOLI	SINGLE	3	116	268	24	5.033e-04	{A}
sp|P10905|UGPA_ECOLI	WHOLE	1	1	295	33	5.779e-08	{F}
sp|P10907|UGPC_ECOLI	SINGLE	1	104	183	14	1.979e-05	{R}
sp|P10907|UGPC_ECOLI	SINGLE	2	35	299	16	1.915e-04	{M}
sp|P10907|UGPC_ECOLI	SINGLE	3	210	316	17	4.470e-04	{G}
sp|P10907|UGPC_ECOLI	MULTIPLE	1	48	316	66	5.874e-07	{RMG}
sp|P10908|UGPQ_ECOLI	SINGLE	1	130	160	9	3.743e-04	{A}
sp|P10908|UGPQ_ECOLI	SINGLE	2	124	225	20	5.737e-04	{L}
sp|P10908|UGPQ_ECOLI	MULTIPLE	1	130	225	33	1.938e-05	{AL}
sp|P11071|ACEK_ECOLI	SINGLE	1	23	572	50	7.852e-06	{R}
sp|P11071|ACEK_ECOLI	SINGLE	2	491	530	9	6.559e-05	{P}
sp|P11071|ACEK_ECOLI	SINGLE	3	11	45	8	8.801e-05	{Q}
sp|P11071|ACEK_ECOLI	SINGLE	4	41	57	4	4.036e-04	{H}
sp|P11071|ACEK_ECOLI	SINGLE	5	96	143	8	4.181e-04	{F}
sp|P11071|ACEK_ECOLI	SINGLE	6	374	440	12	8.462e-04	{E}
sp|P11071|ACEK_ECOLI	MULTIPLE	1	34	578	150	1.265e-09	{RHFE}
sp|P11071|ACEK_ECOLI	WHOLE	1	1	578	51	1.387e-05	{R}
sp|P11349|NARH_ECOLI	SINGLE	1	184	263	11	6.061e-08	{C}
sp|P11349|NARH_ECOLI	SINGLE	2	12	26	4	7.491e-05	{C}
sp|P11349|NARH_ECOLI	SINGLE	3	342	361	6	2.058e-04	{P}
sp|P11350|NARI_ECOLI	SINGLE	1	100	142	13	6.838e-05	{L}
sp|P11350|NARI_ECOLI	SINGLE	2	3	20	5	4.662e-04	{F}
sp|P11350|NARI_ECOLI	SINGLE	3	1	157	11	5.288e-04	{M}
sp|P11350|NARI_ECOLI	MULTIPLE	1	1	157	23	5.586e-05	{FM}
sp|P11454|ENTF_ECOLI	SINGLE	1	9	1260	158	1.457e-09	{A}
sp|P11454|ENTF_ECOLI	SINGLE	2	204	1164	130	2.696e-06	{L}
sp|P11454|ENTF_ECOLI	SINGLE	3	165	1131	76	4.641e-06	{P}
sp|P11454|ENTF_ECOLI	SINGLE	4	185	337	18	2.716e-04	{R}
sp|P11454|ENTF_ECOLI	SINGLE	5	859	1202	29	3.083e-04	{Q}
sp|P11454|ENTF_ECOLI	SINGLE	6	1259	1287	7	3.632e-04	{I}
sp|P11454|ENTF_ECOLI	SINGLE	7	98	464	30	4.012e-04	{Q}
sp|P11454|ENTF_ECOLI	MULTIPLE	1	42	1202	527	8.451e-26	{ALPRQ}
sp|P11454|ENTF_ECOLI	WHOLE	1	1	1293	160	4.407e-09	{A}
sp|P11454|ENTF_ECOLI	WHOLE	2	1	1293	92	2.328e-05	{P}
sp|P11454|ENTF_ECOLI	WHOLE	3	1	1293	160	2.782e-05	{L}
sp|P11454|ENTF_ECOLI	WHOLE	4	1	1293	83	1.178e-04	{Q}
sp|P11458|NADA_ECOLI	SINGLE	1	6	20	6	3.376e-05	{P}
sp|P11458|NADA_ECOLI	SINGLE	2	221	311	18	1.528e-04	{A}
sp|P11458|NADA_ECOLI	SINGLE	3	136	160	7	6.967e-04	{V}
sp|P11458|NADA_ECOLI	WHOLE	1	1	347	43	8.921e-04	{A}
sp|P11551|FUCP_ECOLI	SINGLE	1	28	431	35	7.660e-06	{F}
sp|P11551|FUCP_ECOLI	SINGLE	2	25	427	39	3.171e-05	{I}
sp|P11551|FUCP_ECOLI	SINGLE	3	13	359	47	9.139e-05	{A}
sp|P11551|FUCP_ECOLI	SINGLE	4	30	234	35	1.465e-04	{L}
sp|P11551|FUCP_ECOLI	SINGLE	5	51	67	5	5.538e-04	{Q}
sp|P11551|FUCP_ECOLI	MULTIPLE	1	25	431	177	6.264e-15	{FIAL}
sp|P11551|FUCP_ECOLI	WHOLE	1	1	438	35	3.778e-05	{F}
sp|P11551|FUCP_ECOLI	WHOLE	2	1	438	40	8.425e-05	{I}
sp|P11551|FUCP_ECOLI	WHOLE	3	1	438	54	2.979e-04	{A}
sp|P11553|FUCK_ECOLI	SINGLE	1	302	322	4	2.285e-04	{W}
sp|P11553|FUCK_ECOLI	SINGLE	2	183	382	20	3.001e-04	{Q}
sp|P11553|FUCK_ECOLI	MULTIPLE	1	183	382	26	6.922e-05	{WQ}
sp|P11557|DAMX_ECOLI	SINGLE	1	60	85	13	1.605e-09	{E}
sp|P11557|DAMX_ECOLI	SINGLE	2	129	333	35	3.690e-08	{T}
sp|P11557|DAMX_ECOLI	SINGLE	3	289	334	16	1.744e-07	{A}
sp|P11557|DAMX_ECOLI	SINGLE	4	157	327	25	3.419e-07	{P}
sp|P11557|DAMX_ECOLI	SINGLE	5	151	213	14	3.480e-07	{Q}
sp|P11557|DAMX_ECOLI	SINGLE	6	17	91	16	3.631e-07	{R}
sp|P11557|DAMX_ECOLI	SINGLE	7	339	356	8	1.512e-05	{S}
sp|P11557|DAMX_ECOLI	SINGLE	8	37	51	6	8.836e-05	{D}
sp|P11557|DAMX_ECOLI	SINGLE	9	202	220	6	9.809e-05	{N}
sp|P11557|DAMX_ECOLI	SINGLE	10	357	372	5	4.001e-04	{N}
sp|P11557|DAMX_ECOLI	MULTIPLE	1	16	91	44	6.858e-16	{ERD}
sp|P11557|DAMX_ECOLI	MULTIPLE	2	126	334	118	2.104e-25	{TAPQ}
sp|P11557|DAMX_ECOLI	WHOLE	1	1	428	39	3.673e-05	{P}
sp|P11557|DAMX_ECOLI	WHOLE	2	1	428	44	3.602e-04	{T}
sp|P11667|ARGO_ECOLI	SINGLE	1	67	192	9	1.028e-04	{W}
sp|P11667|ARGO_ECOLI	SINGLE	2	41	174	25	2.982e-04	{L}
sp|P11667|ARGO_ECOLI	SINGLE	3	164	208	11	4.349e-04	{A}
sp|P11667|ARGO_ECOLI	SINGLE	4	31	55	6	9.729e-04	{I}
sp|P11667|ARGO_ECOLI	MULTIPLE	1	37	209	76	1.553e-09	{WLAI}
sp|P11667|ARGO_ECOLI	WHOLE	1	1	211	33	9.111e-04	{L}
sp|P11868|TDCD_ECOLI	SINGLE	1	223	245	5	1.114e-04	{M}
sp|P11868|TDCD_ECOLI	SINGLE	2	287	311	5	1.683e-04	{H}
sp|P11868|TDCD_ECOLI	SINGLE	3	83	108	7	1.782e-04	{I}
sp|P11868|TDCD_ECOLI	SINGLE	4	155	181	6	3.793e-04	{Y}
sp|P11868|TDCD_ECOLI	SINGLE	5	297	390	13	5.096e-04	{I}
sp|P11868|TDCD_ECOLI	SINGLE	6	158	328	23	5.741e-04	{G}
sp|P11868|TDCD_ECOLI	MULTIPLE	1	223	245	10	9.717e-06	{MG}
sp|P11868|TDCD_ECOLI	MULTIPLE	2	287	391	20	3.256e-05	{HI}
sp|P11880|MURF_ECOLI	SINGLE	1	42	445	62	1.880e-07	{A}
sp|P11880|MURF_ECOLI	SINGLE	2	249	268	7	1.188e-04	{T}
sp|P11880|MURF_ECOLI	SINGLE	3	127	336	21	2.077e-04	{N}
sp|P11880|MURF_ECOLI	MULTIPLE	1	86	382	68	1.011e-07	{AN}
sp|P11880|MURF_ECOLI	WHOLE	1	1	452	64	1.868e-06	{A}
sp|P12008|AROC_ECOLI	SINGLE	1	46	60	6	3.887e-05	{R}
sp|P12008|AROC_ECOLI	SINGLE	2	3	325	40	6.189e-05	{G}
sp|P12008|AROC_ECOLI	SINGLE	3	128	146	7	3.444e-04	{A}
sp|P12008|AROC_ECOLI	SINGLE	4	162	266	15	4.849e-04	{D}
sp|P12008|AROC_ECOLI	SINGLE	5	140	338	21	5.423e-04	{I}
sp|P12008|AROC_ECOLI	MULTIPLE	1	3	331	116	1.082e-08	{RGDI}
sp|P12008|AROC_ECOLI	WHOLE	1	1	361	40	5.146e-04	{G}
sp|P12281|MOEA_ECOLI	SINGLE	1	330	355	7	1.498e-04	{R}
sp|P12281|MOEA_ECOLI	SINGLE	2	52	410	41	2.574e-04	{G}
sp|P12281|MOEA_ECOLI	SINGLE	3	125	139	5	4.635e-04	{R}
sp|P12281|MOEA_ECOLI	MULTIPLE	1	60	410	62	1.501e-04	{GR}
sp|P12281|MOEA_ECOLI	WHOLE	1	1	411	43	9.689e-04	{G}
sp|P12282|MOEB_ECOLI	SINGLE	1	193	239	7	6.095e-05	{M}
sp|P12282|MOEB_ECOLI	SINGLE	2	90	154	14	3.143e-04	{A}
sp|P12282|MOEB_ECOLI	SINGLE	3	128	247	8	5.928e-04	{C}
sp|P12282|MOEB_ECOLI	MULTIPLE	1	142	247	15	8.934e-06	{MC}
sp|P12295|UNG_ECOLI	SINGLE	1	134	202	9	1.679e-05	{H}
sp|P12758|UDP_ECOLI	SINGLE	1	184	215	6	5.484e-05	{M}
sp|P12995|BIOA_ECOLI	SINGLE	1	49	222	14	2.520e-05	{M}
sp|P12995|BIOA_ECOLI	SINGLE	2	54	378	46	3.984e-05	{A}
sp|P12995|BIOA_ECOLI	SINGLE	3	277	295	7	8.232e-05	{T}
sp|P12995|BIOA_ECOLI	SINGLE	4	205	247	9	1.739e-04	{I}
sp|P12995|BIOA_ECOLI	SINGLE	5	332	346	5	2.936e-04	{Q}
sp|P12995|BIOA_ECOLI	SINGLE	6	356	388	8	8.166e-04	{V}
sp|P12995|BIOA_ECOLI	MULTIPLE	1	49	378	65	5.712e-08	{MA}
sp|P12995|BIOA_ECOLI	WHOLE	1	1	429	22	1.497e-04	{M}
sp|P12995|BIOA_ECOLI	WHOLE	2	1	429	51	8.444e-04	{A}
sp|P12996|BIOB_ECOLI	SINGLE	1	313	330	6	7.192e-05	{Q}
sp|P12996|BIOB_ECOLI	SINGLE	2	253	278	5	2.039e-04	{M}
sp|P12996|BIOB_ECOLI	SINGLE	3	27	41	5	2.936e-04	{Q}
sp|P12996|BIOB_ECOLI	SINGLE	4	98	129	5	5.468e-04	{M}
sp|P12996|BIOB_ECOLI	SINGLE	5	228	242	5	9.005e-04	{D}
sp|P12998|BIOF_ECOLI	SINGLE	1	9	367	53	3.827e-06	{A}
sp|P12998|BIOF_ECOLI	SINGLE	2	65	81	7	5.515e-05	{G}
sp|P12998|BIOF_ECOLI	SINGLE	3	14	39	7	1.498e-04	{R}
sp|P12998|BIOF_ECOLI	SINGLE	4	208	242	9	2.937e-04	{G}
sp|P12998|BIOF_ECOLI	SINGLE	5	169	196	6	9.375e-04	{Q}
sp|P12998|BIOF_ECOLI	MULTIPLE	1	9	367	135	1.023e-09	{ARGQ}
sp|P12998|BIOF_ECOLI	WHOLE	1	1	384	53	2.320e-05	{A}
sp|P13000|BIOD1_ECOLI	SINGLE	1	19	35	7	1.565e-04	{A}
sp|P13001|BIOH_ECOLI	SINGLE	1	16	221	34	3.224e-04	{L}
sp|P13001|BIOH_ECOLI	SINGLE	2	5	29	4	4.549e-04	{W}
sp|P13001|BIOH_ECOLI	MULTIPLE	1	5	222	42	6.424e-05	{LW}
sp|P13009|METH_ECOLI	SINGLE	1	65	329	44	1.173e-06	{A}
sp|P13009|METH_ECOLI	SINGLE	2	397	604	26	9.405e-06	{I}
sp|P13009|METH_ECOLI	SINGLE	3	1039	1100	15	5.211e-05	{A}
sp|P13009|METH_ECOLI	SINGLE	4	703	867	24	1.117e-04	{V}
sp|P13009|METH_ECOLI	SINGLE	5	1097	1158	12	4.266e-04	{E}
sp|P13009|METH_ECOLI	SINGLE	6	611	694	14	6.906e-04	{E}
sp|P13009|METH_ECOLI	MULTIPLE	1	1044	1158	33	3.193e-05	{AE}
sp|P13009|METH_ECOLI	WHOLE	1	1	1227	136	1.230e-05	{A}
sp|P13009|METH_ECOLI	WHOLE	2	1	1227	105	8.176e-04	{E}
sp|P13029|KATG_ECOLI	SINGLE	1	94	313	34	2.476e-06	{G}
sp|P13029|KATG_ECOLI	SINGLE	2	36	203	12	8.125e-06	{W}
sp|P13029|KATG_ECOLI	SINGLE	3	471	544	17	3.495e-05	{A}
sp|P13029|KATG_ECOLI	SINGLE	4	356	445	14	5.604e-05	{P}
sp|P13029|KATG_ECOLI	SINGLE	5	329	409	11	2.428e-04	{F}
sp|P13029|KATG_ECOLI	SINGLE	6	460	476	6	7.634e-04	{S}
sp|P13029|KATG_ECOLI	MULTIPLE	1	88	302	42	6.164e-08	{GW}
sp|P13029|KATG_ECOLI	MULTIPLE	2	322	445	27	3.830e-06	{PF}
sp|P13029|KATG_ECOLI	WHOLE	1	1	726	22	9.321e-04	{W}
sp|P13035|GLPD_ECOLI	SINGLE	1	10	26	7	5.515e-05	{G}
sp|P13035|GLPD_ECOLI	SINGLE	2	54	177	17	6.647e-05	{R}
sp|P13035|GLPD_ECOLI	SINGLE	3	395	419	7	1.149e-04	{R}
sp|P13035|GLPD_ECOLI	SINGLE	4	16	44	9	2.189e-04	{A}
sp|P13035|GLPD_ECOLI	SINGLE	5	481	495	5	2.936e-04	{Q}
sp|P13035|GLPD_ECOLI	SINGLE	6	307	340	8	3.747e-04	{D}
sp|P13035|GLPD_ECOLI	SINGLE	7	226	289	10	8.378e-04	{I}
sp|P13035|GLPD_ECOLI	MULTIPLE	1	10	40	15	6.293e-06	{GA}
sp|P13036|FECA_ECOLI	SINGLE	1	67	302	34	1.089e-05	{G}
sp|P13036|FECA_ECOLI	SINGLE	2	604	633	9	5.052e-05	{T}
sp|P13036|FECA_ECOLI	SINGLE	3	322	657	28	5.599e-05	{Y}
sp|P13036|FECA_ECOLI	SINGLE	4	509	755	24	1.233e-04	{N}
sp|P13036|FECA_ECOLI	SINGLE	5	227	248	7	3.023e-04	{V}
sp|P13036|FECA_ECOLI	SINGLE	6	349	370	6	4.110e-04	{R}
sp|P13036|FECA_ECOLI	SINGLE	7	25	52	8	8.667e-04	{A}
sp|P13036|FECA_ECOLI	MULTIPLE	1	441	659	60	1.864e-07	{TYN}
sp|P13036|FECA_ECOLI	WHOLE	1	1	774	79	4.696e-05	{G}
sp|P13039|FES_ECOLI	SINGLE	1	11	392	23	2.110e-08	{W}
sp|P13039|FES_ECOLI	SINGLE	2	147	164	6	1.085e-04	{P}
sp|P13039|FES_ECOLI	SINGLE	3	61	82	6	2.422e-04	{Q}
sp|P13039|FES_ECOLI	SINGLE	4	279	387	17	5.479e-04	{G}
sp|P13039|FES_ECOLI	WHOLE	1	1	400	23	4.785e-08	{W}
sp|P13445|RPOS_ECOLI	SINGLE	1	81	314	32	7.842e-08	{R}
sp|P13445|RPOS_ECOLI	SINGLE	2	13	330	41	1.409e-05	{E}
sp|P13445|RPOS_ECOLI	SINGLE	3	203	254	11	9.084e-05	{D}
sp|P13445|RPOS_ECOLI	SINGLE	4	150	171	6	4.771e-04	{I}
sp|P13445|RPOS_ECOLI	MULTIPLE	1	13	330	75	2.954e-10	{RE}
sp|P13445|RPOS_ECOLI	WHOLE	1	1	330	34	1.645e-05	{R}
sp|P13445|RPOS_ECOLI	WHOLE	2	1	330	41	3.181e-05	{E}
sp|P13458|SBCC_ECOLI	SINGLE	1	204	876	142	2.250e-55	{Q}
sp|P13458|SBCC_ECOLI	SINGLE	2	4	1004	143	5.168e-08	{L}
sp|P13458|SBCC_ECOLI	SINGLE	3	259	522	42	5.662e-06	{A}
sp|P13458|SBCC_ECOLI	SINGLE	4	168	724	59	8.018e-05	{E}
sp|P13458|SBCC_ECOLI	SINGLE	5	295	432	11	1.850e-04	{H}
sp|P13458|SBCC_ECOLI	MULTIPLE	1	4	1006	364	3.970e-14	{LAEH}
sp|P13458|SBCC_ECOLI	WHOLE	1	1	1048	157	3.809e-41	{Q}
sp|P13458|SBCC_ECOLI	WHOLE	2	1	1048	145	2.540e-07	{L}
sp|P13458|SBCC_ECOLI	WHOLE	3	1	1048	112	1.951e-04	{A}
sp|P13482|TREA_ECOLI	SINGLE	1	504	523	9	1.955e-06	{G}
sp|P13482|TREA_ECOLI	SINGLE	2	4	149	20	1.197e-05	{P}
sp|P13482|TREA_ECOLI	SINGLE	3	349	425	18	1.657e-05	{A}
sp|P13482|TREA_ECOLI	SINGLE	4	123	478	15	2.512e-04	{W}
sp|P13482|TREA_ECOLI	SINGLE	5	220	261	8	3.238e-04	{Q}
sp|P13482|TREA_ECOLI	SINGLE	6	424	564	19	7.279e-04	{T}
sp|P13482|TREA_ECOLI	MULTIPLE	1	220	564	66	4.245e-05	{WQT}
sp|P13518|CSRD_ECOLI	SINGLE	1	156	542	39	7.329e-06	{R}
sp|P13518|CSRD_ECOLI	SINGLE	2	13	589	80	6.557e-05	{L}
sp|P13518|CSRD_ECOLI	SINGLE	3	4	22	6	6.706e-04	{T}
sp|P13518|CSRD_ECOLI	SINGLE	4	259	450	12	8.037e-04	{M}
sp|P13518|CSRD_ECOLI	MULTIPLE	1	13	589	147	3.421e-09	{RLM}
sp|P13518|CSRD_ECOLI	WHOLE	1	1	646	53	5.965e-05	{R}
sp|P13518|CSRD_ECOLI	WHOLE	2	1	646	83	4.578e-04	{L}
sp|P13656|CHIA_ECOLI	SINGLE	1	29	809	72	1.348e-09	{N}
sp|P13656|CHIA_ECOLI	SINGLE	2	28	584	26	3.675e-07	{W}
sp|P13656|CHIA_ECOLI	SINGLE	3	190	328	22	4.247e-07	{P}
sp|P13656|CHIA_ECOLI	SINGLE	4	89	106	9	1.305e-06	{S}
sp|P13656|CHIA_ECOLI	SINGLE	5	19	671	79	3.858e-05	{A}
sp|P13656|CHIA_ECOLI	MULTIPLE	1	18	675	282	1.907e-22	{NWPSA}
sp|P13656|CHIA_ECOLI	WHOLE	1	1	897	76	1.685e-08	{N}
sp|P13656|CHIA_ECOLI	WHOLE	2	1	897	31	1.311e-05	{W}
sp|P13656|CHIA_ECOLI	WHOLE	3	1	897	99	1.453e-04	{A}
sp|P13738|NHAA_ECOLI	SINGLE	1	42	319	54	7.524e-08	{L}
sp|P13738|NHAA_ECOLI	SINGLE	2	89	202	26	4.606e-07	{A}
sp|P13738|NHAA_ECOLI	SINGLE	3	16	375	40	1.123e-06	{I}
sp|P13738|NHAA_ECOLI	SINGLE	4	186	233	12	3.474e-05	{V}
sp|P13738|NHAA_ECOLI	MULTIPLE	1	16	375	179	9.384e-18	{LAIV}
sp|P13738|NHAA_ECOLI	WHOLE	1	1	388	64	1.963e-06	{L}
sp|P13738|NHAA_ECOLI	WHOLE	2	1	388	40	6.463e-06	{I}
sp|P13738|NHAA_ECOLI	WHOLE	3	1	388	49	3.128e-04	{A}
sp|P14081|SELB_ECOLI	SINGLE	1	116	606	49	8.318e-07	{R}
sp|P14081|SELB_ECOLI	SINGLE	2	469	483	5	1.186e-05	{H}
sp|P14081|SELB_ECOLI	SINGLE	3	275	292	5	3.167e-05	{H}
sp|P14081|SELB_ECOLI	SINGLE	4	70	417	46	1.781e-04	{A}
sp|P14081|SELB_ECOLI	SINGLE	5	299	461	29	2.454e-04	{L}
sp|P14081|SELB_ECOLI	MULTIPLE	1	77	610	199	2.834e-12	{RHAL}
sp|P14081|SELB_ECOLI	WHOLE	1	1	614	53	1.729e-05	{R}
sp|P14175|PROV_ECOLI	SINGLE	1	72	316	24	4.552e-04	{R}
sp|P14176|PROW_ECOLI	SINGLE	1	110	319	29	4.324e-07	{I}
sp|P14176|PROW_ECOLI	SINGLE	2	251	303	8	1.677e-05	{M}
sp|P14176|PROW_ECOLI	SINGLE	3	288	312	9	1.687e-05	{G}
sp|P14176|PROW_ECOLI	SINGLE	4	322	338	6	8.712e-05	{R}
sp|P14176|PROW_ECOLI	SINGLE	5	68	314	32	9.144e-05	{V}
sp|P14176|PROW_ECOLI	SINGLE	6	13	30	7	2.360e-04	{A}
sp|P14176|PROW_ECOLI	SINGLE	7	149	170	8	4.250e-04	{L}
sp|P14176|PROW_ECOLI	SINGLE	8	26	43	6	4.891e-04	{T}
sp|P14176|PROW_ECOLI	SINGLE	9	7	262	24	5.837e-04	{P}
sp|P14176|PROW_ECOLI	SINGLE	10	106	192	16	7.328e-04	{A}
sp|P14176|PROW_ECOLI	MULTIPLE	1	71	320	163	2.488e-19	{IMGVLA}
sp|P14176|PROW_ECOLI	MULTIPLE	2	10	45	17	1.553e-06	{AT}
sp|P14176|PROW_ECOLI	WHOLE	1	1	354	34	1.036e-04	{I}
sp|P14294|TOP3_ECOLI	SINGLE	1	57	636	48	1.003e-04	{R}
sp|P14294|TOP3_ECOLI	SINGLE	2	626	640	6	1.570e-04	{K}
sp|P14294|TOP3_ECOLI	SINGLE	3	192	207	6	3.059e-04	{V}
sp|P14294|TOP3_ECOLI	SINGLE	4	580	613	7	4.647e-04	{Q}
sp|P14294|TOP3_ECOLI	WHOLE	1	1	653	51	2.309e-04	{R}
sp|P14375|ZRAR_ECOLI	SINGLE	1	224	335	18	4.953e-06	{R}
sp|P14375|ZRAR_ECOLI	SINGLE	2	60	200	24	1.590e-04	{A}
sp|P14375|ZRAR_ECOLI	SINGLE	3	1	15	5	9.005e-04	{D}
sp|P14377|ZRAS_ECOLI	SINGLE	1	202	366	32	2.561e-05	{L}
sp|P14377|ZRAS_ECOLI	SINGLE	2	244	291	12	1.988e-04	{A}
sp|P14377|ZRAS_ECOLI	SINGLE	3	20	34	6	2.045e-04	{V}
sp|P14377|ZRAS_ECOLI	SINGLE	4	68	84	4	4.036e-04	{M}
sp|P14377|ZRAS_ECOLI	SINGLE	5	223	238	5	6.419e-04	{R}
sp|P14377|ZRAS_ECOLI	SINGLE	6	373	447	13	8.617e-04	{G}
sp|P14377|ZRAS_ECOLI	MULTIPLE	1	199	371	67	2.113e-07	{LAR}
sp|P14407|FUMB_ECOLI	SINGLE	1	100	487	46	5.495e-05	{G}
sp|P14900|MURD_ECOLI	SINGLE	1	273	288	8	9.559e-06	{A}
sp|P14900|MURD_ECOLI	SINGLE	2	65	88	9	4.300e-05	{A}
sp|P14900|MURD_ECOLI	SINGLE	3	112	141	8	4.831e-04	{G}
sp|P14900|MURD_ECOLI	SINGLE	4	142	164	8	5.917e-04	{L}
sp|P14900|MURD_ECOLI	WHOLE	1	1	438	52	7.911e-04	{A}
sp|P15005|MCRB_ECOLI	SINGLE	1	5	21	6	5.013e-05	{Q}
sp|P15005|MCRB_ECOLI	SINGLE	2	26	148	14	1.711e-04	{Y}
sp|P15005|MCRB_ECOLI	SINGLE	3	144	198	10	2.550e-04	{I}
sp|P15005|MCRB_ECOLI	SINGLE	4	350	367	5	4.662e-04	{F}
sp|P15005|MCRB_ECOLI	MULTIPLE	1	26	198	32	2.290e-05	{YI}
sp|P15028|FECB_ECOLI	SINGLE	1	48	285	38	1.343e-05	{A}
sp|P15028|FECB_ECOLI	SINGLE	2	247	262	6	3.390e-05	{Q}
sp|P15028|FECB_ECOLI	MULTIPLE	1	48	285	57	2.204e-07	{AQ}
sp|P15028|FECB_ECOLI	WHOLE	1	1	300	43	5.069e-05	{A}
sp|P15029|FECD_ECOLI	SINGLE	1	5	314	67	2.522e-11	{L}
sp|P15029|FECD_ECOLI	SINGLE	2	58	150	18	1.996e-04	{A}
sp|P15029|FECD_ECOLI	SINGLE	3	103	136	5	7.231e-04	{M}
sp|P15029|FECD_ECOLI	MULTIPLE	1	1	317	121	2.321e-15	{LAM}
sp|P15029|FECD_ECOLI	WHOLE	1	1	318	67	7.933e-11	{L}
sp|P15029|FECD_ECOLI	WHOLE	2	1	318	40	9.746e-04	{A}
sp|P15030|FECC_ECOLI	SINGLE	1	9	318	66	6.840e-11	{L}
sp|P15030|FECC_ECOLI	SINGLE	2	197	211	7	1.824e-05	{V}
sp|P15030|FECC_ECOLI	SINGLE	3	16	317	44	2.926e-05	{A}
sp|P15030|FECC_ECOLI	SINGLE	4	128	142	6	2.293e-04	{G}
sp|P15030|FECC_ECOLI	MULTIPLE	1	9	320	138	8.005e-16	{LAG}
sp|P15030|FECC_ECOLI	WHOLE	1	1	332	67	5.172e-10	{L}
sp|P15030|FECC_ECOLI	WHOLE	2	1	332	45	1.214e-04	{A}
sp|P15034|AMPP_ECOLI	SINGLE	1	209	223	4	2.419e-04	{H}
sp|P15034|AMPP_ECOLI	SINGLE	2	7	21	5	2.936e-04	{Q}
sp|P15034|AMPP_ECOLI	SINGLE	3	345	362	4	5.076e-04	{H}
sp|P15034|AMPP_ECOLI	SINGLE	4	398	412	5	5.275e-04	{I}
sp|P15034|AMPP_ECOLI	SINGLE	5	172	432	30	9.294e-04	{E}
sp|P15034|AMPP_ECOLI	MULTIPLE	1	171	432	41	9.015e-05	{HE}
sp|P15042|DNLJ_ECOLI	SINGLE	1	253	423	30	4.473e-07	{V}
sp|P15042|DNLJ_ECOLI	SINGLE	2	493	652	28	3.165e-05	{A}
sp|P15042|DNLJ_ECOLI	SINGLE	3	12	447	39	8.719e-05	{R}
sp|P15042|DNLJ_ECOLI	SINGLE	4	408	432	4	5.908e-04	{C}
sp|P15042|DNLJ_ECOLI	MULTIPLE	1	12	451	86	1.528e-07	{VR}
sp|P15042|DNLJ_ECOLI	WHOLE	1	1	671	67	1.468e-04	{V}
sp|P15042|DNLJ_ECOLI	WHOLE	2	1	671	65	3.758e-04	{E}
sp|P15043|RECQ_ECOLI	SINGLE	1	3	524	42	5.850e-05	{Q}
sp|P15043|RECQ_ECOLI	SINGLE	2	101	543	40	6.010e-05	{R}
sp|P15043|RECQ_ECOLI	SINGLE	3	566	596	5	4.717e-04	{M}
sp|P15043|RECQ_ECOLI	SINGLE	4	380	403	4	5.044e-04	{C}
sp|P15043|RECQ_ECOLI	SINGLE	5	55	202	26	5.654e-04	{L}
sp|P15043|RECQ_ECOLI	SINGLE	6	253	268	6	8.219e-04	{A}
sp|P15043|RECQ_ECOLI	MULTIPLE	1	15	543	153	1.911e-07	{QRCL}
sp|P15043|RECQ_ECOLI	WHOLE	1	1	609	43	6.123e-04	{Q}
sp|P15047|ENTA_ECOLI	SINGLE	1	13	155	28	3.973e-06	{A}
sp|P15047|ENTA_ECOLI	SINGLE	2	37	121	13	5.740e-05	{Q}
sp|P15047|ENTA_ECOLI	MULTIPLE	1	20	155	40	4.537e-08	{AQ}
sp|P15047|ENTA_ECOLI	WHOLE	1	1	248	35	2.789e-04	{A}
sp|P15067|GLGX_ECOLI	SINGLE	1	454	476	9	2.263e-07	{N}
sp|P15067|GLGX_ECOLI	SINGLE	2	15	523	29	2.655e-06	{H}
sp|P15067|GLGX_ECOLI	SINGLE	3	50	237	21	1.357e-04	{P}
sp|P15067|GLGX_ECOLI	SINGLE	4	499	513	7	1.659e-04	{L}
sp|P15067|GLGX_ECOLI	SINGLE	5	537	592	6	1.677e-04	{W}
sp|P15067|GLGX_ECOLI	SINGLE	6	333	453	13	6.596e-04	{F}
sp|P15067|GLGX_ECOLI	SINGLE	7	94	141	9	9.147e-04	{D}
sp|P15067|GLGX_ECOLI	MULTIPLE	1	94	147	16	5.026e-05	{PD}
sp|P15067|GLGX_ECOLI	WHOLE	1	1	657	32	1.810e-05	{H}
sp|P15254|PUR4_ECOLI	SINGLE	1	621	1067	71	7.135e-09	{A}
sp|P15254|PUR4_ECOLI	SINGLE	2	307	523	38	2.852e-08	{G}
sp|P15254|PUR4_ECOLI	SINGLE	3	275	298	5	1.377e-04	{H}
sp|P15254|PUR4_ECOLI	SINGLE	4	1091	1105	6	2.293e-04	{G}
sp|P15254|PUR4_ECOLI	SINGLE	5	637	682	10	4.827e-04	{V}
sp|P15254|PUR4_ECOLI	SINGLE	6	526	583	11	8.463e-04	{E}
sp|P15254|PUR4_ECOLI	MULTIPLE	1	616	1070	112	2.371e-09	{AV}
sp|P15254|PUR4_ECOLI	WHOLE	1	1	1295	148	1.262e-06	{A}
sp|P15254|PUR4_ECOLI	WHOLE	2	1	1295	114	4.290e-04	{G}
sp|P15288|PEPD_ECOLI	SINGLE	1	102	252	25	1.427e-05	{G}
sp|P15288|PEPD_ECOLI	SINGLE	2	337	351	6	2.045e-04	{V}
sp|P15288|PEPD_ECOLI	SINGLE	3	256	270	6	5.574e-04	{A}
sp|P15288|PEPD_ECOLI	SINGLE	4	206	324	22	7.077e-04	{L}
sp|P15288|PEPD_ECOLI	MULTIPLE	1	140	254	37	6.552e-06	{GL}
sp|P15640|PUR2_ECOLI	SINGLE	1	14	180	33	5.017e-07	{A}
sp|P15640|PUR2_ECOLI	SINGLE	2	7	391	44	1.636e-04	{G}
sp|P15640|PUR2_ECOLI	MULTIPLE	1	7	403	97	5.432e-08	{AG}
sp|P15640|PUR2_ECOLI	WHOLE	1	1	429	54	1.876e-04	{A}
sp|P15640|PUR2_ECOLI	WHOLE	2	1	429	45	7.446e-04	{G}
sp|P15723|DGTP_ECOLI	SINGLE	1	7	257	29	8.143e-06	{R}
sp|P15723|DGTP_ECOLI	SINGLE	2	474	497	6	1.935e-04	{Y}
sp|P15723|DGTP_ECOLI	SINGLE	3	85	481	57	2.357e-04	{L}
sp|P15723|DGTP_ECOLI	SINGLE	4	288	302	4	2.419e-04	{H}
sp|P15723|DGTP_ECOLI	SINGLE	5	306	327	7	5.623e-04	{S}
sp|P15723|DGTP_ECOLI	MULTIPLE	1	13	481	123	9.785e-09	{RLH}
sp|P15723|DGTP_ECOLI	WHOLE	1	1	505	46	1.585e-05	{R}
sp|P15770|AROE_ECOLI	SINGLE	1	88	141	16	1.419e-05	{L}
sp|P15770|AROE_ECOLI	SINGLE	2	184	208	7	1.370e-04	{I}
sp|P15770|AROE_ECOLI	SINGLE	3	68	84	7	1.565e-04	{A}
sp|P15770|AROE_ECOLI	SINGLE	4	94	133	9	8.070e-04	{G}
sp|P15770|AROE_ECOLI	MULTIPLE	1	88	141	25	1.104e-07	{LG}
sp|P15877|DHG_ECOLI	SINGLE	1	326	715	48	9.791e-10	{P}
sp|P15877|DHG_ECOLI	SINGLE	2	33	110	10	2.445e-07	{W}
sp|P15877|DHG_ECOLI	SINGLE	3	695	711	5	2.339e-05	{M}
sp|P15877|DHG_ECOLI	SINGLE	4	11	73	17	2.896e-05	{L}
sp|P15877|DHG_ECOLI	SINGLE	5	570	783	30	5.319e-05	{G}
sp|P15877|DHG_ECOLI	SINGLE	6	24	39	6	3.425e-04	{G}
sp|P15877|DHG_ECOLI	SINGLE	7	117	170	12	5.996e-04	{A}
sp|P15877|DHG_ECOLI	SINGLE	8	548	566	4	6.290e-04	{M}
sp|P15877|DHG_ECOLI	MULTIPLE	1	325	783	116	6.223e-12	{PMG}
sp|P15877|DHG_ECOLI	MULTIPLE	2	11	113	44	1.128e-09	{WLG}
sp|P15877|DHG_ECOLI	WHOLE	1	1	796	67	1.823e-06	{P}
sp|P15877|DHG_ECOLI	WHOLE	2	1	796	75	5.598e-04	{G}
sp|P15877|DHG_ECOLI	WHOLE	3	1	796	24	6.318e-04	{W}
sp|P15993|AROP_ECOLI	SINGLE	1	4	221	31	3.160e-05	{G}
sp|P15993|AROP_ECOLI	SINGLE	2	57	214	18	3.688e-05	{F}
sp|P15993|AROP_ECOLI	SINGLE	3	70	439	44	4.549e-05	{V}
sp|P15993|AROP_ECOLI	SINGLE	4	20	250	26	5.325e-05	{I}
sp|P15993|AROP_ECOLI	SINGLE	5	87	190	8	1.483e-04	{W}
sp|P15993|AROP_ECOLI	SINGLE	6	246	445	34	1.922e-04	{L}
sp|P15993|AROP_ECOLI	SINGLE	7	197	211	4	2.419e-04	{M}
sp|P15993|AROP_ECOLI	SINGLE	8	363	426	7	4.138e-04	{M}
sp|P15993|AROP_ECOLI	SINGLE	9	24	456	52	6.303e-04	{A}
sp|P15993|AROP_ECOLI	MULTIPLE	1	20	222	85	5.884e-14	{GFIWM}
sp|P15993|AROP_ECOLI	MULTIPLE	2	22	456	168	1.103e-09	{VLMA}
sp|P15993|AROP_ECOLI	WHOLE	1	1	457	38	6.323e-04	{I}
sp|P15993|AROP_ECOLI	WHOLE	2	1	457	46	9.668e-04	{V}
sp|P16384|MIAA_ECOLI	SINGLE	1	7	235	35	6.488e-05	{A}
sp|P16384|MIAA_ECOLI	SINGLE	2	135	220	12	2.506e-04	{Q}
sp|P16384|MIAA_ECOLI	SINGLE	3	68	287	22	5.724e-04	{R}
sp|P16384|MIAA_ECOLI	MULTIPLE	1	64	236	56	3.316e-07	{AQR}
sp|P16384|MIAA_ECOLI	WHOLE	1	1	316	40	8.765e-04	{A}
sp|P16456|SELD_ECOLI	SINGLE	1	96	340	33	5.214e-05	{G}
sp|P16456|SELD_ECOLI	SINGLE	2	64	156	14	1.367e-04	{I}
sp|P16456|SELD_ECOLI	MULTIPLE	1	58	346	58	1.050e-05	{GI}
sp|P16456|SELD_ECOLI	WHOLE	1	1	347	40	2.515e-04	{G}
sp|P16528|ICLR_ECOLI	SINGLE	1	61	231	13	8.303e-05	{H}
sp|P16528|ICLR_ECOLI	SINGLE	2	51	75	6	5.033e-04	{Q}
sp|P16528|ICLR_ECOLI	MULTIPLE	1	51	216	25	5.044e-05	{HQ}
sp|P16659|SYP_ECOLI	SINGLE	1	230	248	8	4.395e-05	{A}
sp|P16659|SYP_ECOLI	SINGLE	2	139	153	5	4.635e-04	{R}
sp|P16659|SYP_ECOLI	SINGLE	3	393	447	11	6.364e-04	{G}
sp|P16659|SYP_ECOLI	SINGLE	4	278	391	17	7.117e-04	{V}
sp|P16687|PHNI_ECOLI	SINGLE	1	284	323	11	1.490e-04	{A}
sp|P16687|PHNI_ECOLI	SINGLE	2	4	89	16	6.493e-04	{A}
sp|P16688|PHNJ_ECOLI	SINGLE	1	76	116	10	1.294e-04	{T}
sp|P16688|PHNJ_ECOLI	SINGLE	2	38	52	6	2.293e-04	{G}
sp|P16688|PHNJ_ECOLI	SINGLE	3	111	240	16	2.671e-04	{P}
sp|P16688|PHNJ_ECOLI	SINGLE	4	183	199	4	4.036e-04	{M}
sp|P16688|PHNJ_ECOLI	SINGLE	5	120	134	5	5.275e-04	{I}
sp|P16688|PHNJ_ECOLI	SINGLE	6	226	270	9	5.739e-04	{D}
sp|P16688|PHNJ_ECOLI	MULTIPLE	1	120	218	27	1.405e-05	{PMI}
sp|P16692|PHNP_ECOLI	SINGLE	1	21	40	4	2.453e-04	{C}
sp|P16692|PHNP_ECOLI	SINGLE	2	58	225	12	2.611e-04	{H}
sp|P16692|PHNP_ECOLI	SINGLE	3	23	37	5	4.635e-04	{R}
sp|P16692|PHNP_ECOLI	SINGLE	4	87	197	14	4.768e-04	{P}
sp|P16692|PHNP_ECOLI	MULTIPLE	1	21	40	9	1.443e-06	{CR}
sp|P16692|PHNP_ECOLI	MULTIPLE	2	58	225	28	7.479e-06	{HP}
sp|P16703|CYSM_ECOLI	SINGLE	1	152	180	9	3.769e-05	{T}
sp|P16703|CYSM_ECOLI	SINGLE	2	78	129	7	1.161e-04	{M}
sp|P16703|CYSM_ECOLI	SINGLE	3	9	302	35	3.158e-04	{G}
sp|P16703|CYSM_ECOLI	SINGLE	4	259	277	7	3.444e-04	{A}
sp|P16703|CYSM_ECOLI	MULTIPLE	1	152	181	15	8.310e-07	{TG}
sp|P16703|CYSM_ECOLI	WHOLE	1	1	303	35	5.228e-04	{G}
sp|P16869|FHUE_ECOLI	SINGLE	1	72	96	8	6.296e-06	{Q}
sp|P16869|FHUE_ECOLI	SINGLE	2	449	726	37	6.632e-06	{T}
sp|P16869|FHUE_ECOLI	SINGLE	3	230	720	43	6.709e-06	{N}
sp|P16869|FHUE_ECOLI	SINGLE	4	22	39	8	2.760e-05	{A}
sp|P16869|FHUE_ECOLI	SINGLE	5	351	403	12	1.156e-04	{G}
sp|P16869|FHUE_ECOLI	SINGLE	6	120	727	39	5.028e-04	{Y}
sp|P16869|FHUE_ECOLI	SINGLE	7	385	434	8	5.493e-04	{F}
sp|P16869|FHUE_ECOLI	SINGLE	8	54	523	42	8.264e-04	{D}
sp|P16869|FHUE_ECOLI	MULTIPLE	1	54	729	291	1.073e-12	{TNGYFD}
sp|P16869|FHUE_ECOLI	WHOLE	1	1	729	52	1.524e-04	{N}
sp|P16869|FHUE_ECOLI	WHOLE	2	1	729	67	3.772e-04	{T}
sp|P16926|MREC_ECOLI	SINGLE	1	298	364	18	1.003e-09	{P}
sp|P16926|MREC_ECOLI	SINGLE	2	120	241	23	2.565e-06	{V}
sp|P16926|MREC_ECOLI	SINGLE	3	315	363	14	1.285e-05	{A}
sp|P16926|MREC_ECOLI	SINGLE	4	59	112	16	1.419e-05	{L}
sp|P16926|MREC_ECOLI	SINGLE	5	293	307	4	2.419e-04	{M}
sp|P16926|MREC_ECOLI	SINGLE	6	13	27	5	5.275e-04	{I}
sp|P16926|MREC_ECOLI	SINGLE	7	65	358	25	6.357e-04	{Q}
sp|P16926|MREC_ECOLI	MULTIPLE	1	302	364	32	1.883e-13	{PA}
sp|P16926|MREC_ECOLI	WHOLE	1	1	367	32	3.198e-04	{P}
sp|P17109|MEND_ECOLI	SINGLE	1	185	345	13	9.209e-07	{W}
sp|P17109|MEND_ECOLI	SINGLE	2	186	552	32	9.382e-05	{Q}
sp|P17109|MEND_ECOLI	SINGLE	3	21	60	6	1.947e-04	{H}
sp|P17109|MEND_ECOLI	SINGLE	4	5	460	56	2.635e-04	{A}
sp|P17109|MEND_ECOLI	SINGLE	5	443	464	8	4.250e-04	{L}
sp|P17109|MEND_ECOLI	SINGLE	6	527	545	6	6.706e-04	{T}
sp|P17109|MEND_ECOLI	MULTIPLE	1	10	552	183	2.447e-09	{WQAL}
sp|P17109|MEND_ECOLI	WHOLE	1	1	556	64	5.467e-04	{A}
sp|P17115|GUTQ_ECOLI	SINGLE	1	149	172	5	1.377e-04	{M}
sp|P17115|GUTQ_ECOLI	SINGLE	2	61	238	28	1.889e-04	{A}
sp|P17115|GUTQ_ECOLI	MULTIPLE	1	61	238	39	1.454e-06	{MA}
sp|P17115|GUTQ_ECOLI	WHOLE	1	1	321	41	6.629e-04	{A}
sp|P17117|NFSA_ECOLI	SINGLE	1	33	47	7	3.582e-05	{S}
sp|P17117|NFSA_ECOLI	SINGLE	2	95	201	23	6.351e-05	{L}
sp|P17117|NFSA_ECOLI	SINGLE	3	5	51	9	3.433e-04	{I}
sp|P17117|NFSA_ECOLI	SINGLE	4	203	225	6	5.293e-04	{R}
sp|P17117|NFSA_ECOLI	MULTIPLE	1	5	51	18	3.514e-06	{SI}
sp|P17169|GLMS_ECOLI	SINGLE	1	62	105	9	3.645e-07	{H}
sp|P17169|GLMS_ECOLI	SINGLE	2	343	530	33	1.320e-04	{L}
sp|P17411|CHBF_ECOLI	SINGLE	1	107	122	6	3.425e-04	{G}
sp|P17411|CHBF_ECOLI	SINGLE	2	336	384	6	5.818e-04	{H}
sp|P17411|CHBF_ECOLI	SINGLE	3	258	337	10	6.492e-04	{Y}
sp|P17411|CHBF_ECOLI	SINGLE	4	186	260	16	7.587e-04	{L}
sp|P17411|CHBF_ECOLI	SINGLE	5	406	424	7	8.828e-04	{L}
sp|P17411|CHBF_ECOLI	SINGLE	6	183	197	5	9.005e-04	{D}
sp|P17411|CHBF_ECOLI	MULTIPLE	1	247	277	12	2.283e-04	{YL}
sp|P17443|MURG_ECOLI	SINGLE	1	72	355	48	2.485e-07	{A}
sp|P17443|MURG_ECOLI	SINGLE	2	3	221	32	1.432e-05	{G}
sp|P17443|MURG_ECOLI	SINGLE	3	173	237	11	8.224e-05	{Q}
sp|P17443|MURG_ECOLI	SINGLE	4	55	80	7	1.782e-04	{I}
sp|P17443|MURG_ECOLI	SINGLE	5	157	188	8	6.615e-04	{V}
sp|P17443|MURG_ECOLI	MULTIPLE	1	3	355	146	1.652e-11	{AGQV}
sp|P17443|MURG_ECOLI	WHOLE	1	1	355	54	1.331e-06	{A}
sp|P17444|BETA_ECOLI	SINGLE	1	80	347	35	5.930e-05	{G}
sp|P17444|BETA_ECOLI	SINGLE	2	342	495	12	1.205e-04	{H}
sp|P17444|BETA_ECOLI	SINGLE	3	507	531	7	1.370e-04	{I}
sp|P17444|BETA_ECOLI	MULTIPLE	1	80	499	64	6.401e-06	{GH}
sp|P17444|BETA_ECOLI	WHOLE	1	1	556	58	2.089e-04	{G}
sp|P17445|BETB_ECOLI	SINGLE	1	68	82	6	3.887e-05	{R}
sp|P17445|BETB_ECOLI	SINGLE	2	30	315	41	7.219e-05	{A}
sp|P17445|BETB_ECOLI	SINGLE	3	344	366	7	4.607e-04	{G}
sp|P17445|BETB_ECOLI	SINGLE	4	196	234	9	6.699e-04	{G}
sp|P17445|BETB_ECOLI	SINGLE	5	258	272	5	9.005e-04	{D}
sp|P17445|BETB_ECOLI	MULTIPLE	1	30	316	66	3.534e-05	{AG}
sp|P17846|CYSI_ECOLI	SINGLE	1	329	414	13	2.208e-04	{I}
sp|P17846|CYSI_ECOLI	SINGLE	2	478	511	9	2.337e-04	{G}
sp|P17846|CYSI_ECOLI	SINGLE	3	63	85	6	5.293e-04	{R}
sp|P17846|CYSI_ECOLI	SINGLE	4	294	345	9	5.917e-04	{R}
sp|P17846|CYSI_ECOLI	SINGLE	5	244	262	6	9.446e-04	{G}
sp|P17846|CYSI_ECOLI	MULTIPLE	1	294	414	25	1.412e-04	{IR}
sp|P17854|CYSH_ECOLI	SINGLE	1	4	101	19	8.663e-04	{L}
sp|P17888|PRIA_ECOLI	SINGLE	1	436	479	8	4.260e-07	{C}
sp|P17888|PRIA_ECOLI	SINGLE	2	450	465	6	6.895e-07	{H}
sp|P17888|PRIA_ECOLI	SINGLE	3	329	702	33	6.067e-05	{Q}
sp|P17888|PRIA_ECOLI	SINGLE	4	264	700	39	9.102e-05	{R}
sp|P17888|PRIA_ECOLI	SINGLE	5	84	623	66	1.052e-04	{A}
sp|P17888|PRIA_ECOLI	SINGLE	6	3	77	14	2.202e-04	{V}
sp|P17888|PRIA_ECOLI	SINGLE	7	354	711	52	3.123e-04	{L}
sp|P17888|PRIA_ECOLI	SINGLE	8	123	154	7	3.177e-04	{Q}
sp|P17888|PRIA_ECOLI	MULTIPLE	1	436	483	16	1.141e-11	{CH}
sp|P17888|PRIA_ECOLI	MULTIPLE	2	96	711	245	5.922e-14	{QRAL}
sp|P17888|PRIA_ECOLI	WHOLE	1	1	732	31	2.437e-04	{H}
sp|P17888|PRIA_ECOLI	WHOLE	2	1	732	93	3.437e-04	{L}
sp|P17888|PRIA_ECOLI	WHOLE	3	1	732	54	5.390e-04	{R}
sp|P17952|MURC_ECOLI	SINGLE	1	288	304	8	1.664e-05	{A}
sp|P17952|MURC_ECOLI	SINGLE	2	26	48	8	6.542e-05	{G}
sp|P17952|MURC_ECOLI	SINGLE	3	79	180	19	2.244e-04	{A}
sp|P17993|UBIG_ECOLI	SINGLE	1	53	68	7	3.474e-05	{G}
sp|P17993|UBIG_ECOLI	SINGLE	2	105	188	14	6.809e-04	{V}
sp|P18196|MINC_ECOLI	SINGLE	1	106	121	6	5.149e-05	{P}
sp|P18196|MINC_ECOLI	SINGLE	2	23	224	29	6.202e-04	{A}
sp|P18200|PGPA_ECOLI	SINGLE	1	92	133	7	2.601e-06	{W}
sp|P18200|PGPA_ECOLI	SINGLE	2	68	170	15	1.180e-04	{I}
sp|P18200|PGPA_ECOLI	SINGLE	3	1	145	11	2.794e-04	{M}
sp|P18200|PGPA_ECOLI	MULTIPLE	1	1	170	40	2.763e-09	{WIM}
sp|P18200|PGPA_ECOLI	WHOLE	1	1	172	11	5.049e-05	{W}
sp|P18335|ARGD_ECOLI	SINGLE	1	2	406	51	2.628e-04	{A}
sp|P18335|ARGD_ECOLI	SINGLE	2	58	281	14	3.242e-04	{H}
sp|P18335|ARGD_ECOLI	SINGLE	3	197	372	24	3.742e-04	{G}
sp|P18335|ARGD_ECOLI	SINGLE	4	312	328	5	5.538e-04	{Q}
sp|P18335|ARGD_ECOLI	MULTIPLE	1	22	401	102	1.803e-07	{AHG}
sp|P18335|ARGD_ECOLI	WHOLE	1	1	406	51	2.768e-04	{A}
sp|P18775|DMSA_ECOLI	SINGLE	1	159	423	38	4.065e-06	{G}
sp|P18775|DMSA_ECOLI	SINGLE	2	102	137	10	4.511e-06	{R}
sp|P18775|DMSA_ECOLI	SINGLE	3	268	566	30	1.181e-04	{I}
sp|P18775|DMSA_ECOLI	SINGLE	4	562	612	11	2.834e-04	{E}
sp|P18775|DMSA_ECOLI	SINGLE	5	84	340	21	5.014e-04	{Y}
sp|P18775|DMSA_ECOLI	SINGLE	6	605	694	12	7.069e-04	{P}
sp|P18775|DMSA_ECOLI	MULTIPLE	1	146	425	77	7.343e-08	{GIY}
sp|P18776|DMSB_ECOLI	SINGLE	1	14	145	16	4.475e-10	{C}
sp|P18776|DMSB_ECOLI	WHOLE	1	1	205	16	2.230e-07	{C}
sp|P18843|NADE_ECOLI	SINGLE	1	213	236	7	2.150e-04	{D}
sp|P18843|NADE_ECOLI	SINGLE	2	4	102	12	8.531e-04	{Q}
sp|P18956|GGT_ECOLI	SINGLE	1	11	90	19	7.825e-06	{A}
sp|P18956|GGT_ECOLI	SINGLE	2	32	85	12	1.143e-04	{V}
sp|P18956|GGT_ECOLI	SINGLE	3	91	106	6	3.425e-04	{G}
sp|P18956|GGT_ECOLI	SINGLE	4	415	484	13	4.545e-04	{G}
sp|P18956|GGT_ECOLI	SINGLE	5	391	416	7	6.865e-04	{T}
sp|P18956|GGT_ECOLI	MULTIPLE	1	10	90	32	1.850e-08	{AV}
sp|P18956|GGT_ECOLI	MULTIPLE	2	391	490	26	1.760e-04	{GT}
sp|P18956|GGT_ECOLI	WHOLE	1	1	580	65	9.196e-04	{A}
sp|P19318|NARY_ECOLI	SINGLE	1	183	262	11	6.061e-08	{C}
sp|P19318|NARY_ECOLI	SINGLE	2	12	26	4	7.491e-05	{C}
sp|P19318|NARY_ECOLI	SINGLE	3	302	386	13	1.187e-04	{P}
sp|P19318|NARY_ECOLI	SINGLE	4	393	416	5	1.377e-04	{M}
sp|P19318|NARY_ECOLI	SINGLE	5	30	66	5	1.980e-04	{W}
sp|P19318|NARY_ECOLI	SINGLE	6	163	177	4	2.419e-04	{M}
sp|P19318|NARY_ECOLI	SINGLE	7	280	310	8	5.357e-04	{E}
sp|P19319|NARZ_ECOLI	SINGLE	1	32	654	24	2.180e-05	{W}
sp|P19319|NARZ_ECOLI	SINGLE	2	1158	1179	5	8.914e-05	{M}
sp|P19319|NARZ_ECOLI	SINGLE	3	537	560	5	1.377e-04	{M}
sp|P19319|NARZ_ECOLI	SINGLE	4	445	477	9	1.574e-04	{V}
sp|P19319|NARZ_ECOLI	SINGLE	5	565	579	6	2.293e-04	{G}
sp|P19319|NARZ_ECOLI	SINGLE	6	79	94	5	5.733e-04	{P}
sp|P19319|NARZ_ECOLI	SINGLE	7	308	356	6	5.818e-04	{M}
sp|P19319|NARZ_ECOLI	SINGLE	8	718	748	8	6.079e-04	{G}
sp|P19319|NARZ_ECOLI	SINGLE	9	7	160	17	7.658e-04	{R}
sp|P19319|NARZ_ECOLI	SINGLE	10	530	549	4	7.691e-04	{H}
sp|P19319|NARZ_ECOLI	MULTIPLE	1	530	560	9	4.304e-06	{MH}
sp|P19319|NARZ_ECOLI	MULTIPLE	2	79	117	13	2.980e-05	{PR}
sp|P19319|NARZ_ECOLI	WHOLE	1	1	1246	40	4.933e-06	{W}
sp|P19624|PDXA_ECOLI	SINGLE	1	53	83	7	4.042e-04	{P}
sp|P19624|PDXA_ECOLI	SINGLE	2	38	186	23	7.855e-04	{A}
sp|P19624|PDXA_ECOLI	SINGLE	3	166	217	6	7.926e-04	{H}
sp|P19624|PDXA_ECOLI	MULTIPLE	1	38	217	47	2.462e-05	{PAH}
sp|P19636|EUTC_ECOLI	SINGLE	1	15	54	12	3.063e-05	{A}
sp|P19636|EUTC_ECOLI	SINGLE	2	63	101	9	6.451e-05	{R}
sp|P19925|ENTD_ECOLI	SINGLE	1	104	200	14	2.109e-04	{I}
sp|P19925|ENTD_ECOLI	SINGLE	2	5	50	6	4.164e-04	{H}
sp|P19926|AGP_ECOLI	SINGLE	1	7	22	7	9.989e-05	{A}
sp|P19926|AGP_ECOLI	SINGLE	2	19	33	5	2.936e-04	{Q}
sp|P19926|AGP_ECOLI	MULTIPLE	1	7	33	12	2.620e-05	{AQ}
sp|P19934|TOLA_ECOLI	SINGLE	1	120	294	94	2.790e-56	{A}
sp|P19934|TOLA_ECOLI	SINGLE	2	75	289	48	5.444e-15	{K}
sp|P19934|TOLA_ECOLI	SINGLE	3	71	230	31	3.133e-08	{E}
sp|P19934|TOLA_ECOLI	SINGLE	4	63	133	15	2.706e-07	{Q}
sp|P19934|TOLA_ECOLI	SINGLE	5	317	339	7	3.347e-05	{N}
sp|P19934|TOLA_ECOLI	SINGLE	6	299	334	10	7.009e-05	{G}
sp|P19934|TOLA_ECOLI	SINGLE	7	43	58	6	3.425e-04	{G}
sp|P19934|TOLA_ECOLI	MULTIPLE	1	68	294	201	1.734e-91	{AKEQ}
sp|P19934|TOLA_ECOLI	MULTIPLE	2	299	342	19	4.288e-08	{NG}
sp|P19934|TOLA_ECOLI	WHOLE	1	1	421	130	3.837e-43	{A}
sp|P19934|TOLA_ECOLI	WHOLE	2	1	421	66	3.157e-12	{K}
sp|P19934|TOLA_ECOLI	WHOLE	3	1	421	45	3.643e-04	{E}
sp|P20083|PARE_ECOLI	SINGLE	1	590	604	6	8.836e-05	{D}
sp|P20083|PARE_ECOLI	SINGLE	2	114	153	10	1.501e-04	{V}
sp|P20083|PARE_ECOLI	SINGLE	3	471	494	7	2.150e-04	{D}
sp|P20083|PARE_ECOLI	SINGLE	4	534	549	6	3.084e-04	{E}
sp|P20083|PARE_ECOLI	SINGLE	5	364	383	7	4.883e-04	{A}
sp|P20083|PARE_ECOLI	SINGLE	6	97	115	6	9.446e-04	{G}
sp|P20966|PTFBC_ECOLI	SINGLE	1	9	563	100	4.250e-15	{A}
sp|P20966|PTFBC_ECOLI	SINGLE	2	225	545	49	3.217e-08	{G}
sp|P20966|PTFBC_ECOLI	SINGLE	3	386	449	9	9.111e-06	{M}
sp|P20966|PTFBC_ECOLI	SINGLE	4	289	375	15	1.707e-05	{I}
sp|P20966|PTFBC_ECOLI	SINGLE	5	332	398	15	6.548e-04	{L}
sp|P20966|PTFBC_ECOLI	MULTIPLE	1	6	563	227	1.459e-24	{AGMI}
sp|P20966|PTFBC_ECOLI	WHOLE	1	1	563	100	1.059e-14	{A}
sp|P20966|PTFBC_ECOLI	WHOLE	2	1	563	64	1.040e-05	{G}
sp|P20966|PTFBC_ECOLI	WHOLE	3	1	563	24	9.136e-04	{M}
sp|P21151|FADA_ECOLI	SINGLE	1	21	313	51	4.373e-08	{A}
sp|P21151|FADA_ECOLI	SINGLE	2	95	164	10	2.560e-06	{M}
sp|P21151|FADA_ECOLI	SINGLE	3	119	133	4	2.419e-04	{H}
sp|P21151|FADA_ECOLI	MULTIPLE	1	27	313	78	3.702e-12	{AMH}
sp|P21151|FADA_ECOLI	WHOLE	1	1	387	57	1.911e-06	{A}
sp|P21151|FADA_ECOLI	WHOLE	2	1	387	21	9.950e-05	{M}
sp|P21156|CYSD_ECOLI	SINGLE	1	136	164	8	4.243e-05	{R}
sp|P21156|CYSD_ECOLI	SINGLE	2	158	199	5	3.585e-04	{W}
sp|P21156|CYSD_ECOLI	MULTIPLE	1	136	199	14	2.773e-05	{RW}
sp|P21165|PEPQ_ECOLI	SINGLE	1	47	133	13	1.492e-04	{P}
sp|P21165|PEPQ_ECOLI	SINGLE	2	298	359	7	3.424e-04	{H}
sp|P21165|PEPQ_ECOLI	SINGLE	3	59	100	5	3.585e-04	{W}
sp|P21165|PEPQ_ECOLI	SINGLE	4	168	290	21	3.603e-04	{A}
sp|P21165|PEPQ_ECOLI	MULTIPLE	1	47	133	18	3.905e-06	{PW}
sp|P21170|SPEA_ECOLI	SINGLE	1	464	634	23	5.411e-05	{D}
sp|P21170|SPEA_ECOLI	SINGLE	2	1	35	6	9.194e-05	{M}
sp|P21170|SPEA_ECOLI	SINGLE	3	611	640	7	2.099e-04	{Q}
sp|P21170|SPEA_ECOLI	SINGLE	4	547	575	5	3.445e-04	{M}
sp|P21170|SPEA_ECOLI	SINGLE	5	544	558	5	4.135e-04	{P}
sp|P21170|SPEA_ECOLI	SINGLE	6	251	273	8	5.917e-04	{L}
sp|P21170|SPEA_ECOLI	SINGLE	7	354	470	9	8.502e-04	{H}
sp|P21170|SPEA_ECOLI	SINGLE	8	301	319	6	9.446e-04	{G}
sp|P21170|SPEA_ECOLI	MULTIPLE	1	455	640	61	4.056e-08	{DQMP}
sp|P21177|FADB_ECOLI	SINGLE	1	160	333	30	2.312e-05	{A}
sp|P21177|FADB_ECOLI	SINGLE	2	393	410	7	7.377e-05	{V}
sp|P21177|FADB_ECOLI	SINGLE	3	171	417	31	8.739e-05	{K}
sp|P21177|FADB_ECOLI	SINGLE	4	496	510	5	1.842e-04	{F}
sp|P21177|FADB_ECOLI	SINGLE	5	695	722	7	2.101e-04	{P}
sp|P21177|FADB_ECOLI	SINGLE	6	603	645	10	2.809e-04	{E}
sp|P21177|FADB_ECOLI	SINGLE	7	111	186	14	3.096e-04	{G}
sp|P21177|FADB_ECOLI	SINGLE	8	320	336	6	4.943e-04	{G}
sp|P21177|FADB_ECOLI	SINGLE	9	2	142	25	6.153e-04	{L}
sp|P21177|FADB_ECOLI	MULTIPLE	1	2	376	166	1.235e-09	{AKGL}
sp|P21177|FADB_ECOLI	WHOLE	1	1	729	82	2.546e-04	{A}
sp|P21179|CATE_ECOLI	SINGLE	1	9	594	53	2.584e-06	{P}
sp|P21179|CATE_ECOLI	SINGLE	2	108	529	37	3.411e-06	{F}
sp|P21179|CATE_ECOLI	SINGLE	3	614	738	24	2.459e-05	{A}
sp|P21179|CATE_ECOLI	SINGLE	4	376	468	13	1.353e-04	{N}
sp|P21179|CATE_ECOLI	SINGLE	5	321	346	8	1.485e-04	{E}
sp|P21179|CATE_ECOLI	SINGLE	6	3	17	4	2.419e-04	{H}
sp|P21179|CATE_ECOLI	MULTIPLE	1	38	537	81	1.468e-08	{PF}
sp|P21179|CATE_ECOLI	WHOLE	1	1	753	59	4.498e-05	{P}
sp|P21338|RNI_ECOLI	SINGLE	1	54	118	11	1.925e-04	{R}
sp|P21338|RNI_ECOLI	SINGLE	2	3	28	8	5.129e-04	{A}
sp|P21345|GLTP_ECOLI	SINGLE	1	47	388	42	4.497e-08	{I}
sp|P21345|GLTP_ECOLI	SINGLE	2	37	407	47	5.739e-06	{V}
sp|P21345|GLTP_ECOLI	SINGLE	3	227	273	14	4.400e-05	{L}
sp|P21345|GLTP_ECOLI	SINGLE	4	165	244	11	2.184e-04	{F}
sp|P21345|GLTP_ECOLI	MULTIPLE	1	36	408	158	1.998e-14	{IVLF}
sp|P21345|GLTP_ECOLI	WHOLE	1	1	437	46	8.737e-07	{I}
sp|P21345|GLTP_ECOLI	WHOLE	2	1	437	49	7.548e-05	{V}
sp|P21369|PNCA_ECOLI	SINGLE	1	54	110	7	2.055e-04	{H}
sp|P21437|GLPX2_ECOLI	SINGLE	1	15	237	33	1.773e-04	{A}
sp|P21437|GLPX2_ECOLI	SINGLE	2	91	119	5	3.445e-04	{M}
sp|P21437|GLPX2_ECOLI	MULTIPLE	1	15	229	42	1.135e-05	{AM}
sp|P21499|RNR_ECOLI	SINGLE	1	736	810	25	1.291e-12	{K}
sp|P21499|RNR_ECOLI	SINGLE	2	9	755	71	2.973e-08	{R}
sp|P21499|RNR_ECOLI	SINGLE	3	779	812	12	4.907e-06	{A}
sp|P21499|RNR_ECOLI	SINGLE	4	8	53	12	2.252e-05	{E}
sp|P21499|RNR_ECOLI	SINGLE	5	408	533	21	4.356e-05	{E}
sp|P21499|RNR_ECOLI	SINGLE	6	142	359	30	5.128e-05	{V}
sp|P21499|RNR_ECOLI	SINGLE	7	262	281	7	6.053e-05	{D}
sp|P21499|RNR_ECOLI	SINGLE	8	624	685	11	4.314e-04	{D}
sp|P21499|RNR_ECOLI	SINGLE	9	638	667	6	8.147e-04	{F}
sp|P21499|RNR_ECOLI	MULTIPLE	1	736	812	41	5.273e-16	{KA}
sp|P21499|RNR_ECOLI	MULTIPLE	2	8	755	138	2.723e-09	{RE}
sp|P21499|RNR_ECOLI	MULTIPLE	3	624	685	18	8.713e-06	{DF}
sp|P21499|RNR_ECOLI	WHOLE	1	1	813	74	8.536e-08	{R}
sp|P21507|SRMB_ECOLI	SINGLE	1	389	431	16	2.144e-09	{K}
sp|P21507|SRMB_ECOLI	SINGLE	2	179	430	30	3.280e-06	{R}
sp|P21507|SRMB_ECOLI	SINGLE	3	29	62	9	7.625e-04	{A}
sp|P21507|SRMB_ECOLI	WHOLE	1	1	444	39	1.233e-04	{R}
sp|P21513|RNE_ECOLI	SINGLE	1	604	819	46	1.177e-17	{R}
sp|P21513|RNE_ECOLI	SINGLE	2	849	1001	42	6.135e-16	{V}
sp|P21513|RNE_ECOLI	SINGLE	3	428	1021	90	6.749e-14	{E}
sp|P21513|RNE_ECOLI	SINGLE	4	475	1059	67	1.672e-11	{P}
sp|P21513|RNE_ECOLI	SINGLE	5	509	1055	83	3.890e-09	{A}
sp|P21513|RNE_ECOLI	SINGLE	6	645	733	19	6.346e-09	{Q}
sp|P21513|RNE_ECOLI	SINGLE	7	332	391	13	3.595e-06	{R}
sp|P21513|RNE_ECOLI	SINGLE	8	699	773	16	1.618e-05	{V}
sp|P21513|RNE_ECOLI	SINGLE	9	207	379	22	3.217e-05	{I}
sp|P21513|RNE_ECOLI	SINGLE	10	377	422	11	2.661e-04	{S}
sp|P21513|RNE_ECOLI	SINGLE	11	1003	1049	6	4.669e-04	{H}
sp|P21513|RNE_ECOLI	MULTIPLE	1	507	1024	378	7.797e-71	{REPAQV}
sp|P21513|RNE_ECOLI	MULTIPLE	2	214	391	43	1.144e-08	{RI}
sp|P21513|RNE_ECOLI	WHOLE	1	1	1061	130	2.840e-12	{E}
sp|P21513|RNE_ECOLI	WHOLE	2	1	1061	102	2.557e-11	{R}
sp|P21513|RNE_ECOLI	WHOLE	3	1	1061	86	3.946e-07	{P}
sp|P21513|RNE_ECOLI	WHOLE	4	1	1061	126	1.086e-06	{A}
sp|P21513|RNE_ECOLI	WHOLE	5	1	1061	96	2.498e-04	{V}
sp|P21513|RNE_ECOLI	WHOLE	6	1	1061	67	5.942e-04	{Q}
sp|P21514|PDEL_ECOLI	SINGLE	1	45	316	29	5.503e-05	{I}
sp|P21514|PDEL_ECOLI	SINGLE	2	96	120	5	1.683e-04	{H}
sp|P21514|PDEL_ECOLI	SINGLE	3	19	36	7	6.140e-04	{L}
sp|P21514|PDEL_ECOLI	MULTIPLE	1	56	305	39	2.069e-06	{IH}
sp|P21599|KPYK2_ECOLI	SINGLE	1	171	441	45	9.037e-07	{A}
sp|P21599|KPYK2_ECOLI	SINGLE	2	286	407	12	1.325e-05	{M}
sp|P21599|KPYK2_ECOLI	SINGLE	3	62	168	19	5.283e-05	{G}
sp|P21599|KPYK2_ECOLI	SINGLE	4	121	152	8	6.615e-04	{V}
sp|P21599|KPYK2_ECOLI	SINGLE	5	460	478	6	6.706e-04	{T}
sp|P21599|KPYK2_ECOLI	SINGLE	6	92	259	20	6.800e-04	{D}
sp|P21599|KPYK2_ECOLI	MULTIPLE	1	171	441	59	5.890e-09	{AM}
sp|P21599|KPYK2_ECOLI	MULTIPLE	2	62	259	67	1.680e-07	{GVD}
sp|P21645|LPXD_ECOLI	SINGLE	1	100	279	28	5.797e-08	{I}
sp|P21645|LPXD_ECOLI	SINGLE	2	113	304	33	3.275e-07	{G}
sp|P21645|LPXD_ECOLI	SINGLE	3	255	292	6	1.464e-04	{M}
sp|P21645|LPXD_ECOLI	SINGLE	4	56	122	14	4.283e-04	{A}
sp|P21645|LPXD_ECOLI	MULTIPLE	1	100	305	63	1.592e-13	{IG}
sp|P21645|LPXD_ECOLI	WHOLE	1	1	341	36	1.053e-05	{I}
sp|P21645|LPXD_ECOLI	WHOLE	2	1	341	38	6.107e-04	{G}
sp|P21693|DBPA_ECOLI	SINGLE	1	31	437	54	5.398e-05	{A}
sp|P21693|DBPA_ECOLI	SINGLE	2	244	258	4	7.491e-05	{C}
sp|P21693|DBPA_ECOLI	SINGLE	3	7	150	27	1.684e-04	{L}
sp|P21693|DBPA_ECOLI	SINGLE	4	153	169	6	1.949e-04	{D}
sp|P21693|DBPA_ECOLI	SINGLE	5	389	416	8	2.943e-04	{G}
sp|P21693|DBPA_ECOLI	MULTIPLE	1	7	437	139	1.085e-06	{ALD}
sp|P21693|DBPA_ECOLI	WHOLE	1	1	457	56	2.763e-04	{A}
sp|P21829|YBHA_ECOLI	SINGLE	1	46	188	14	2.832e-06	{H}
sp|P21829|YBHA_ECOLI	SINGLE	2	233	251	7	3.444e-04	{A}
sp|P21829|YBHA_ECOLI	SINGLE	3	185	213	4	8.043e-04	{W}
sp|P21829|YBHA_ECOLI	WHOLE	1	1	272	15	7.051e-04	{H}
sp|P21865|KDPD_ECOLI	SINGLE	1	188	362	27	6.608e-08	{R}
sp|P21865|KDPD_ECOLI	SINGLE	2	600	786	39	6.665e-07	{L}
sp|P21865|KDPD_ECOLI	SINGLE	3	18	545	72	1.799e-06	{A}
sp|P21865|KDPD_ECOLI	SINGLE	4	397	504	21	4.088e-06	{V}
sp|P21865|KDPD_ECOLI	SINGLE	5	168	186	7	4.166e-05	{D}
sp|P21865|KDPD_ECOLI	SINGLE	6	138	180	11	5.779e-05	{V}
sp|P21865|KDPD_ECOLI	SINGLE	7	794	872	14	4.571e-04	{G}
sp|P21865|KDPD_ECOLI	MULTIPLE	1	18	549	176	9.022e-15	{RAV}
sp|P21865|KDPD_ECOLI	MULTIPLE	2	137	186	20	4.170e-07	{DV}
sp|P21865|KDPD_ECOLI	WHOLE	1	1	894	70	2.344e-05	{R}
sp|P21865|KDPD_ECOLI	WHOLE	2	1	894	102	3.845e-05	{A}
sp|P21865|KDPD_ECOLI	WHOLE	3	1	894	115	6.144e-05	{L}
sp|P21888|SYC_ECOLI	SINGLE	1	312	438	30	2.900e-08	{A}
sp|P21888|SYC_ECOLI	SINGLE	2	88	380	18	6.707e-05	{M}
sp|P21888|SYC_ECOLI	SINGLE	3	138	180	10	8.195e-05	{D}
sp|P21888|SYC_ECOLI	SINGLE	4	206	256	7	1.027e-04	{H}
sp|P21888|SYC_ECOLI	SINGLE	5	184	205	4	2.752e-04	{W}
sp|P21888|SYC_ECOLI	SINGLE	6	67	129	10	7.436e-04	{I}
sp|P21888|SYC_ECOLI	MULTIPLE	1	88	383	57	5.089e-07	{MDH}
sp|P21888|SYC_ECOLI	WHOLE	1	1	461	21	8.442e-04	{M}
sp|P22106|ASNB_ECOLI	SINGLE	1	290	315	5	2.039e-04	{H}
sp|P22106|ASNB_ECOLI	SINGLE	2	330	344	4	2.419e-04	{M}
sp|P22106|ASNB_ECOLI	SINGLE	3	64	199	14	4.574e-04	{Y}
sp|P22188|MURE_ECOLI	SINGLE	1	312	330	10	1.684e-06	{L}
sp|P22188|MURE_ECOLI	SINGLE	2	2	464	64	3.993e-06	{A}
sp|P22188|MURE_ECOLI	SINGLE	3	167	302	12	3.795e-05	{H}
sp|P22188|MURE_ECOLI	SINGLE	4	110	124	6	1.598e-04	{T}
sp|P22188|MURE_ECOLI	MULTIPLE	1	2	468	83	1.130e-07	{AH}
sp|P22188|MURE_ECOLI	WHOLE	1	1	495	66	8.926e-06	{A}
sp|P22255|CYSQ_ECOLI	SINGLE	1	204	218	8	5.187e-06	{A}
sp|P22256|GABT_ECOLI	SINGLE	1	114	380	42	7.407e-06	{A}
sp|P22256|GABT_ECOLI	SINGLE	2	244	300	13	5.723e-05	{G}
sp|P22256|GABT_ECOLI	SINGLE	3	178	205	7	2.899e-04	{I}
sp|P22256|GABT_ECOLI	MULTIPLE	1	111	386	94	3.930e-09	{AGI}
sp|P22256|GABT_ECOLI	WHOLE	1	1	426	54	1.598e-04	{A}
sp|P22259|PCKA_ECOLI	SINGLE	1	203	284	16	6.286e-05	{G}
sp|P22259|PCKA_ECOLI	SINGLE	2	199	231	6	6.556e-05	{M}
sp|P22259|PCKA_ECOLI	SINGLE	3	260	276	6	1.949e-04	{D}
sp|P22259|PCKA_ECOLI	SINGLE	4	448	462	5	5.275e-04	{I}
sp|P22259|PCKA_ECOLI	SINGLE	5	351	536	27	7.723e-04	{A}
sp|P22259|PCKA_ECOLI	MULTIPLE	1	199	284	22	2.857e-06	{GM}
sp|P22333|ADD_ECOLI	SINGLE	1	71	332	40	2.283e-05	{A}
sp|P22333|ADD_ECOLI	WHOLE	1	1	333	42	7.336e-04	{A}
sp|P22523|MUKB_ECOLI	SINGLE	1	96	1425	138	3.357e-17	{R}
sp|P22523|MUKB_ECOLI	SINGLE	2	280	1230	124	1.363e-13	{E}
sp|P22523|MUKB_ECOLI	SINGLE	3	300	1331	97	1.207e-12	{Q}
sp|P22523|MUKB_ECOLI	SINGLE	4	266	498	40	1.471e-06	{A}
sp|P22523|MUKB_ECOLI	SINGLE	5	1198	1255	10	3.909e-04	{I}
sp|P22523|MUKB_ECOLI	SINGLE	6	100	116	6	4.421e-04	{V}
sp|P22523|MUKB_ECOLI	SINGLE	7	22	69	10	4.822e-04	{T}
sp|P22523|MUKB_ECOLI	SINGLE	8	1253	1278	6	6.115e-04	{N}
sp|P22523|MUKB_ECOLI	SINGLE	9	140	636	65	9.594e-04	{L}
sp|P22523|MUKB_ECOLI	MULTIPLE	1	236	1234	548	2.051e-47	{REQAL}
sp|P22523|MUKB_ECOLI	WHOLE	1	1	1486	145	8.629e-16	{R}
sp|P22523|MUKB_ECOLI	WHOLE	2	1	1486	160	2.235e-10	{E}
sp|P22523|MUKB_ECOLI	WHOLE	3	1	1486	114	2.812e-09	{Q}
sp|P22523|MUKB_ECOLI	WHOLE	4	1	1486	177	7.600e-05	{L}
sp|P22525|YCBB_ECOLI	SINGLE	1	24	512	48	8.483e-07	{P}
sp|P22525|YCBB_ECOLI	SINGLE	2	47	131	14	1.335e-05	{Q}
sp|P22525|YCBB_ECOLI	SINGLE	3	13	360	50	1.375e-05	{A}
sp|P22525|YCBB_ECOLI	SINGLE	4	349	573	21	4.892e-04	{N}
sp|P22525|YCBB_ECOLI	SINGLE	5	272	304	8	6.120e-04	{T}
sp|P22525|YCBB_ECOLI	MULTIPLE	1	10	489	136	1.242e-10	{PQA}
sp|P22525|YCBB_ECOLI	WHOLE	1	1	615	50	6.273e-05	{P}
sp|P22564|RIHC_ECOLI	SINGLE	1	16	174	29	1.089e-05	{A}
sp|P22564|RIHC_ECOLI	WHOLE	1	1	304	39	7.916e-04	{A}
sp|P22634|MURI_ECOLI	SINGLE	1	69	115	12	2.787e-05	{V}
sp|P22634|MURI_ECOLI	SINGLE	2	229	263	11	4.044e-05	{A}
sp|P22634|MURI_ECOLI	SINGLE	3	52	171	20	6.449e-04	{A}
sp|P22634|MURI_ECOLI	MULTIPLE	1	72	139	25	2.758e-06	{VA}
sp|P22729|LIVM_ECOLI	SINGLE	1	91	415	59	2.169e-07	{L}
sp|P22729|LIVM_ECOLI	SINGLE	2	16	363	33	2.182e-06	{F}
sp|P22729|LIVM_ECOLI	SINGLE	3	379	408	7	2.869e-06	{M}
sp|P22729|LIVM_ECOLI	SINGLE	4	125	243	22	7.863e-06	{G}
sp|P22729|LIVM_ECOLI	SINGLE	5	18	139	20	7.913e-05	{V}
sp|P22729|LIVM_ECOLI	SINGLE	6	1	24	5	1.377e-04	{M}
sp|P22729|LIVM_ECOLI	SINGLE	7	315	369	13	1.989e-04	{A}
sp|P22729|LIVM_ECOLI	SINGLE	8	281	310	7	3.809e-04	{R}
sp|P22729|LIVM_ECOLI	SINGLE	9	142	160	5	5.171e-04	{Y}
sp|P22729|LIVM_ECOLI	MULTIPLE	1	7	406	253	1.855e-19	{LFMGVAR}
sp|P22729|LIVM_ECOLI	WHOLE	1	1	425	69	1.474e-06	{L}
sp|P22729|LIVM_ECOLI	WHOLE	2	1	425	34	4.656e-05	{F}
sp|P22731|LIVF_ECOLI	SINGLE	1	79	134	10	2.368e-04	{R}
sp|P22731|LIVF_ECOLI	SINGLE	2	171	190	6	2.742e-04	{I}
sp|P22731|LIVF_ECOLI	SINGLE	3	152	168	7	4.133e-04	{L}
sp|P22731|LIVF_ECOLI	SINGLE	4	174	199	6	6.261e-04	{Q}
sp|P22731|LIVF_ECOLI	MULTIPLE	1	171	199	12	3.953e-06	{IQ}
sp|P23003|TRMA_ECOLI	SINGLE	1	227	273	12	1.618e-04	{A}
sp|P23256|MALY_ECOLI	SINGLE	1	250	270	7	4.131e-04	{S}
sp|P23256|MALY_ECOLI	SINGLE	2	149	191	5	5.468e-04	{C}
sp|P23256|MALY_ECOLI	SINGLE	3	14	325	13	6.634e-04	{W}
sp|P23256|MALY_ECOLI	MULTIPLE	1	147	191	7	3.703e-04	{CW}
sp|P23367|MUTL_ECOLI	SINGLE	1	337	426	20	4.368e-09	{P}
sp|P23367|MUTL_ECOLI	SINGLE	2	274	601	34	1.943e-06	{Q}
sp|P23367|MUTL_ECOLI	SINGLE	3	11	582	73	1.386e-05	{A}
sp|P23367|MUTL_ECOLI	SINGLE	4	297	319	5	1.114e-04	{H}
sp|P23367|MUTL_ECOLI	SINGLE	5	41	385	32	1.755e-04	{R}
sp|P23367|MUTL_ECOLI	SINGLE	6	408	612	34	2.960e-04	{L}
sp|P23367|MUTL_ECOLI	SINGLE	7	42	90	9	4.678e-04	{I}
sp|P23367|MUTL_ECOLI	MULTIPLE	1	270	612	167	5.453e-16	{PQAHL}
sp|P23367|MUTL_ECOLI	MULTIPLE	2	157	215	17	2.335e-05	{RI}
sp|P23367|MUTL_ECOLI	WHOLE	1	1	615	75	4.484e-05	{A}
sp|P23367|MUTL_ECOLI	WHOLE	2	1	615	45	2.434e-04	{Q}
sp|P23367|MUTL_ECOLI	WHOLE	3	1	615	46	5.883e-04	{P}
sp|P23485|FECR_ECOLI	SINGLE	1	31	52	9	1.497e-07	{Q}
sp|P23485|FECR_ECOLI	SINGLE	2	36	50	4	5.704e-05	{W}
sp|P23485|FECR_ECOLI	SINGLE	3	9	173	19	2.471e-04	{R}
sp|P23485|FECR_ECOLI	SINGLE	4	91	106	6	3.425e-04	{G}
sp|P23485|FECR_ECOLI	SINGLE	5	292	314	6	6.136e-04	{I}
sp|P23485|FECR_ECOLI	MULTIPLE	1	31	52	13	2.549e-11	{QW}
sp|P23485|FECR_ECOLI	MULTIPLE	2	57	126	20	5.357e-05	{RG}
sp|P23485|FECR_ECOLI	WHOLE	1	1	317	29	8.552e-05	{Q}
sp|P23522|GARL_ECOLI	SINGLE	1	163	235	15	3.315e-04	{A}
sp|P23538|PPSA_ECOLI	SINGLE	1	358	431	12	1.971e-04	{I}
sp|P23538|PPSA_ECOLI	SINGLE	2	107	141	10	2.092e-04	{A}
sp|P23538|PPSA_ECOLI	SINGLE	3	150	490	39	2.307e-04	{V}
sp|P23538|PPSA_ECOLI	SINGLE	4	252	668	35	5.264e-04	{R}
sp|P23538|PPSA_ECOLI	SINGLE	5	273	308	7	6.599e-04	{Q}
sp|P23538|PPSA_ECOLI	SINGLE	6	195	678	22	6.805e-04	{M}
sp|P23538|PPSA_ECOLI	MULTIPLE	1	156	681	147	2.356e-08	{IVRM}
sp|P23721|SERC_ECOLI	SINGLE	1	154	230	12	2.834e-04	{I}
sp|P23827|ECOT_ECOLI	SINGLE	1	7	21	7	6.097e-05	{A}
sp|P23827|ECOT_ECOLI	SINGLE	2	136	161	7	8.914e-04	{V}
sp|P23830|PSS_ECOLI	SINGLE	1	432	449	8	7.422e-07	{R}
sp|P23830|PSS_ECOLI	SINGLE	2	256	450	22	1.739e-04	{I}
sp|P23830|PSS_ECOLI	SINGLE	3	76	223	18	1.843e-04	{R}
sp|P23830|PSS_ECOLI	SINGLE	4	238	407	28	9.553e-04	{L}
sp|P23830|PSS_ECOLI	SINGLE	5	25	236	23	9.924e-04	{D}
sp|P23830|PSS_ECOLI	MULTIPLE	1	238	451	74	2.661e-08	{RIL}
sp|P23830|PSS_ECOLI	MULTIPLE	2	25	236	43	7.715e-06	{RD}
sp|P23830|PSS_ECOLI	WHOLE	1	1	451	40	8.518e-05	{R}
sp|P23836|PHOP_ECOLI	SINGLE	1	22	58	9	1.273e-04	{D}
sp|P23837|PHOQ_ECOLI	SINGLE	1	4	351	60	9.634e-07	{L}
sp|P23837|PHOQ_ECOLI	SINGLE	2	192	216	5	2.890e-05	{W}
sp|P23837|PHOQ_ECOLI	SINGLE	3	222	237	6	3.084e-04	{E}
sp|P23837|PHOQ_ECOLI	SINGLE	4	219	335	15	3.390e-04	{R}
sp|P23837|PHOQ_ECOLI	SINGLE	5	159	212	11	4.599e-04	{V}
sp|P23837|PHOQ_ECOLI	SINGLE	6	125	152	7	5.850e-04	{D}
sp|P23837|PHOQ_ECOLI	MULTIPLE	1	4	360	122	3.960e-08	{LWRV}
sp|P23837|PHOQ_ECOLI	WHOLE	1	1	486	68	1.503e-04	{L}
sp|P23843|OPPA_ECOLI	SINGLE	1	11	31	9	1.235e-05	{A}
sp|P23843|OPPA_ECOLI	SINGLE	2	210	463	24	1.833e-04	{N}
sp|P23843|OPPA_ECOLI	SINGLE	3	509	539	6	8.089e-04	{Y}
sp|P23845|CYSN_ECOLI	SINGLE	1	231	438	28	1.237e-04	{V}
sp|P23862|PRIC_ECOLI	SINGLE	1	107	175	17	1.709e-08	{R}
sp|P23862|PRIC_ECOLI	SINGLE	2	43	92	14	1.645e-05	{A}
sp|P23862|PRIC_ECOLI	SINGLE	3	13	143	15	3.961e-04	{Q}
sp|P23862|PRIC_ECOLI	MULTIPLE	1	13	175	40	3.961e-09	{RQ}
sp|P23862|PRIC_ECOLI	WHOLE	1	1	175	25	8.207e-07	{R}
sp|P23862|PRIC_ECOLI	WHOLE	2	1	175	29	6.207e-05	{A}
sp|P23865|PRC_ECOLI	SINGLE	1	251	446	30	7.212e-06	{V}
sp|P23865|PRC_ECOLI	SINGLE	2	247	540	35	3.158e-04	{G}
sp|P23865|PRC_ECOLI	SINGLE	3	187	201	5	4.635e-04	{R}
sp|P23865|PRC_ECOLI	SINGLE	4	329	343	5	4.635e-04	{R}
sp|P23865|PRC_ECOLI	SINGLE	5	272	382	16	8.616e-04	{K}
sp|P23865|PRC_ECOLI	SINGLE	6	643	657	5	9.005e-04	{D}
sp|P23865|PRC_ECOLI	MULTIPLE	1	265	524	103	1.133e-08	{VGRK}
sp|P23872|AES_ECOLI	SINGLE	1	161	175	6	5.574e-04	{A}
sp|P23872|AES_ECOLI	SINGLE	2	170	295	23	6.553e-04	{L}
sp|P23874|HIPA_ECOLI	SINGLE	1	163	187	7	1.370e-04	{I}
sp|P23874|HIPA_ECOLI	SINGLE	2	229	249	6	3.138e-04	{R}
sp|P23882|FMT_ECOLI	SINGLE	1	30	89	12	3.119e-04	{V}
sp|P23882|FMT_ECOLI	SINGLE	2	65	82	5	7.334e-04	{Q}
sp|P23882|FMT_ECOLI	SINGLE	3	37	71	7	8.537e-04	{P}
sp|P23882|FMT_ECOLI	MULTIPLE	1	30	89	25	8.100e-07	{VQP}
sp|P23883|PUUC_ECOLI	SINGLE	1	7	378	58	2.627e-07	{A}
sp|P23883|PUUC_ECOLI	SINGLE	2	429	443	5	4.635e-04	{R}
sp|P23883|PUUC_ECOLI	SINGLE	3	284	330	8	6.914e-04	{Q}
sp|P23883|PUUC_ECOLI	WHOLE	1	1	495	67	4.858e-06	{A}
sp|P23886|CYDC_ECOLI	SINGLE	1	4	536	96	1.043e-10	{L}
sp|P23886|CYDC_ECOLI	SINGLE	2	190	421	27	2.467e-06	{Q}
sp|P23886|CYDC_ECOLI	SINGLE	3	245	311	16	3.560e-05	{A}
sp|P23886|CYDC_ECOLI	SINGLE	4	123	151	9	5.346e-05	{V}
sp|P23886|CYDC_ECOLI	SINGLE	5	540	571	7	3.177e-04	{Q}
sp|P23886|CYDC_ECOLI	SINGLE	6	463	478	6	3.425e-04	{G}
sp|P23886|CYDC_ECOLI	SINGLE	7	45	75	9	3.743e-04	{A}
sp|P23886|CYDC_ECOLI	MULTIPLE	1	2	573	284	2.989e-17	{LQAGR}
sp|P23886|CYDC_ECOLI	WHOLE	1	1	573	99	5.342e-10	{L}
sp|P23890|CADC_ECOLI	SINGLE	1	120	150	9	7.436e-06	{P}
sp|P23890|CADC_ECOLI	SINGLE	2	44	258	31	1.045e-04	{S}
sp|P23890|CADC_ECOLI	SINGLE	3	156	178	6	1.831e-04	{F}
sp|P23890|CADC_ECOLI	SINGLE	4	264	327	10	3.214e-04	{Q}
sp|P23890|CADC_ECOLI	SINGLE	5	109	125	6	4.457e-04	{E}
sp|P23890|CADC_ECOLI	SINGLE	6	195	491	25	6.840e-04	{N}
sp|P23890|CADC_ECOLI	MULTIPLE	1	118	196	29	3.497e-06	{PSF}
sp|P23890|CADC_ECOLI	MULTIPLE	2	263	421	27	3.081e-04	{QN}
sp|P23893|GSA_ECOLI	SINGLE	1	17	356	44	1.060e-05	{G}
sp|P23893|GSA_ECOLI	SINGLE	2	91	120	6	3.756e-05	{M}
sp|P23893|GSA_ECOLI	SINGLE	3	10	424	52	2.611e-04	{A}
sp|P23893|GSA_ECOLI	SINGLE	4	355	402	8	4.181e-04	{F}
sp|P23893|GSA_ECOLI	SINGLE	5	205	221	5	7.743e-04	{P}
sp|P23893|GSA_ECOLI	MULTIPLE	1	16	409	155	2.624e-10	{GMAFP}
sp|P23893|GSA_ECOLI	WHOLE	1	1	426	46	3.853e-04	{G}
sp|P23893|GSA_ECOLI	WHOLE	2	1	426	52	4.536e-04	{A}
sp|P23894|HTPX_ECOLI	SINGLE	1	83	138	14	6.237e-05	{A}
sp|P23894|HTPX_ECOLI	SINGLE	2	1	274	17	9.217e-05	{M}
sp|P23894|HTPX_ECOLI	SINGLE	3	6	52	12	6.556e-04	{L}
sp|P23894|HTPX_ECOLI	SINGLE	4	137	169	7	8.123e-04	{I}
sp|P23894|HTPX_ECOLI	MULTIPLE	1	1	262	68	1.355e-06	{AMI}
sp|P23894|HTPX_ECOLI	WHOLE	1	1	293	17	1.962e-04	{M}
sp|P23895|EMRE_ECOLI	SINGLE	1	37	101	12	5.695e-05	{I}
sp|P23895|EMRE_ECOLI	WHOLE	1	1	110	15	2.384e-04	{I}
sp|P23908|ARGE_ECOLI	SINGLE	1	179	383	15	3.887e-05	{H}
sp|P23908|ARGE_ECOLI	SINGLE	2	284	309	7	1.284e-04	{P}
sp|P23908|ARGE_ECOLI	SINGLE	3	69	115	10	6.715e-04	{G}
sp|P23908|ARGE_ECOLI	SINGLE	4	82	128	9	7.871e-04	{D}
sp|P23908|ARGE_ECOLI	MULTIPLE	1	162	383	35	2.313e-06	{HP}
sp|P23908|ARGE_ECOLI	MULTIPLE	2	69	128	19	4.267e-05	{GD}
sp|P23909|MUTS_ECOLI	SINGLE	1	154	500	44	3.881e-09	{R}
sp|P23909|MUTS_ECOLI	SINGLE	2	521	558	13	1.641e-05	{L}
sp|P23909|MUTS_ECOLI	SINGLE	3	708	805	19	1.342e-04	{A}
sp|P23909|MUTS_ECOLI	WHOLE	1	1	853	66	5.122e-05	{R}
sp|P23909|MUTS_ECOLI	WHOLE	2	1	853	108	1.626e-04	{L}
sp|P23909|MUTS_ECOLI	WHOLE	3	1	853	91	6.069e-04	{A}
sp|P23930|LNT_ECOLI	SINGLE	1	466	486	8	1.933e-05	{T}
sp|P23930|LNT_ECOLI	SINGLE	2	14	208	36	2.550e-05	{L}
sp|P23930|LNT_ECOLI	SINGLE	3	116	148	5	1.145e-04	{W}
sp|P23930|LNT_ECOLI	SINGLE	4	340	374	8	1.464e-04	{P}
sp|P23930|LNT_ECOLI	SINGLE	5	60	87	8	2.943e-04	{G}
sp|P23930|LNT_ECOLI	MULTIPLE	1	14	208	65	2.847e-08	{LWG}
sp|P23930|LNT_ECOLI	WHOLE	1	1	512	71	1.445e-04	{L}
sp|P24171|DCP_ECOLI	SINGLE	1	17	341	55	3.615e-08	{A}
sp|P24171|DCP_ECOLI	SINGLE	2	595	615	6	8.753e-05	{Y}
sp|P24171|DCP_ECOLI	SINGLE	3	330	515	19	9.583e-05	{F}
sp|P24171|DCP_ECOLI	SINGLE	4	637	664	7	2.444e-04	{R}
sp|P24171|DCP_ECOLI	SINGLE	5	10	355	28	6.765e-04	{Q}
sp|P24171|DCP_ECOLI	SINGLE	6	470	521	6	7.926e-04	{H}
sp|P24171|DCP_ECOLI	MULTIPLE	1	17	343	81	1.789e-10	{AQ}
sp|P24171|DCP_ECOLI	MULTIPLE	2	330	521	28	1.104e-05	{FH}
sp|P24171|DCP_ECOLI	WHOLE	1	1	681	84	1.243e-05	{A}
sp|P24173|WAAC_ECOLI	SINGLE	1	20	270	38	4.150e-05	{A}
sp|P24173|WAAC_ECOLI	SINGLE	2	108	198	9	1.430e-04	{H}
sp|P24173|WAAC_ECOLI	SINGLE	3	236	260	7	6.967e-04	{V}
sp|P24173|WAAC_ECOLI	MULTIPLE	1	16	270	51	7.970e-07	{AH}
sp|P24177|ACRD_ECOLI	SINGLE	1	105	125	8	1.414e-06	{Q}
sp|P24177|ACRD_ECOLI	SINGLE	2	991	1007	8	4.895e-06	{G}
sp|P24177|ACRD_ECOLI	SINGLE	3	325	484	25	2.657e-05	{V}
sp|P24177|ACRD_ECOLI	SINGLE	4	645	706	15	5.211e-05	{A}
sp|P24177|ACRD_ECOLI	SINGLE	5	546	565	8	2.030e-04	{L}
sp|P24177|ACRD_ECOLI	SINGLE	6	79	93	6	3.585e-04	{S}
sp|P24177|ACRD_ECOLI	SINGLE	7	720	762	9	4.094e-04	{D}
sp|P24177|ACRD_ECOLI	SINGLE	8	355	486	10	5.140e-04	{M}
sp|P24177|ACRD_ECOLI	SINGLE	9	576	592	5	5.538e-04	{Q}
sp|P24177|ACRD_ECOLI	SINGLE	10	845	984	25	5.584e-04	{L}
sp|P24177|ACRD_ECOLI	MULTIPLE	1	333	486	34	2.296e-07	{VM}
sp|P24177|ACRD_ECOLI	WHOLE	1	1	1037	40	2.416e-04	{M}
sp|P24177|ACRD_ECOLI	WHOLE	2	1	1037	107	7.200e-04	{A}
sp|P24182|ACCC_ECOLI	SINGLE	1	5	437	43	7.591e-06	{I}
sp|P24182|ACCC_ECOLI	SINGLE	2	160	174	7	2.093e-05	{G}
sp|P24182|ACCC_ECOLI	SINGLE	3	272	286	5	1.842e-04	{F}
sp|P24182|ACCC_ECOLI	SINGLE	4	8	192	28	3.435e-04	{A}
sp|P24182|ACCC_ECOLI	MULTIPLE	1	5	437	130	3.662e-08	{IGA}
sp|P24182|ACCC_ECOLI	WHOLE	1	1	449	43	1.746e-05	{I}
sp|P24183|FDNG_ECOLI	SINGLE	1	497	804	17	4.035e-06	{W}
sp|P24183|FDNG_ECOLI	SINGLE	2	810	869	12	1.516e-05	{P}
sp|P24183|FDNG_ECOLI	SINGLE	3	144	1010	63	2.464e-05	{N}
sp|P24183|FDNG_ECOLI	SINGLE	4	13	272	37	1.694e-04	{A}
sp|P24183|FDNG_ECOLI	SINGLE	5	432	457	8	1.697e-04	{G}
sp|P24183|FDNG_ECOLI	SINGLE	6	422	436	4	2.419e-04	{M}
sp|P24183|FDNG_ECOLI	SINGLE	7	453	469	7	4.133e-04	{L}
sp|P24183|FDNG_ECOLI	SINGLE	8	937	969	8	8.166e-04	{V}
sp|P24183|FDNG_ECOLI	SINGLE	9	623	843	27	8.772e-04	{G}
sp|P24183|FDNG_ECOLI	MULTIPLE	1	144	998	183	2.309e-08	{WNGM}
sp|P24183|FDNG_ECOLI	WHOLE	1	1	1014	68	1.147e-04	{N}
sp|P24186|FOLD_ECOLI	SINGLE	1	15	268	31	3.069e-04	{V}
sp|P24186|FOLD_ECOLI	SINGLE	2	130	144	5	4.635e-04	{R}
sp|P24186|FOLD_ECOLI	SINGLE	3	2	57	12	8.291e-04	{A}
sp|P24186|FOLD_ECOLI	MULTIPLE	1	15	268	48	1.203e-04	{VR}
sp|P24188|TRHO_ECOLI	SINGLE	1	267	308	11	4.568e-11	{C}
sp|P24188|TRHO_ECOLI	SINGLE	2	319	338	7	2.369e-05	{R}
sp|P24188|TRHO_ECOLI	SINGLE	3	100	154	12	3.272e-05	{D}
sp|P24192|HYPD_ECOLI	SINGLE	1	316	343	5	7.111e-05	{C}
sp|P24192|HYPD_ECOLI	SINGLE	2	69	94	4	6.870e-04	{C}
sp|P24192|HYPD_ECOLI	SINGLE	3	142	172	6	9.707e-04	{F}
sp|P24193|HYPE_ECOLI	SINGLE	1	26	301	43	7.445e-06	{A}
sp|P24193|HYPE_ECOLI	SINGLE	2	69	319	32	1.724e-04	{G}
sp|P24193|HYPE_ECOLI	SINGLE	3	164	332	29	4.329e-04	{L}
sp|P24193|HYPE_ECOLI	MULTIPLE	1	39	319	111	1.446e-09	{AGL}
sp|P24193|HYPE_ECOLI	WHOLE	1	1	336	47	4.405e-05	{A}
sp|P24205|LPXM_ECOLI	SINGLE	1	89	160	9	2.361e-05	{M}
sp|P24205|LPXM_ECOLI	SINGLE	2	19	316	31	3.038e-05	{R}
sp|P24205|LPXM_ECOLI	SINGLE	3	26	104	16	2.567e-04	{A}
sp|P24205|LPXM_ECOLI	SINGLE	4	76	131	11	6.332e-04	{E}
sp|P24205|LPXM_ECOLI	MULTIPLE	1	19	281	69	5.551e-07	{MRA}
sp|P24205|LPXM_ECOLI	WHOLE	1	1	323	31	1.229e-04	{R}
sp|P24207|PHEP_ECOLI	SINGLE	1	34	229	31	4.056e-06	{G}
sp|P24207|PHEP_ECOLI	SINGLE	2	345	441	24	4.088e-06	{L}
sp|P24207|PHEP_ECOLI	SINGLE	3	95	208	10	7.692e-06	{W}
sp|P24207|PHEP_ECOLI	SINGLE	4	87	222	16	6.510e-05	{F}
sp|P24207|PHEP_ECOLI	SINGLE	5	246	356	19	6.569e-05	{V}
sp|P24207|PHEP_ECOLI	SINGLE	6	28	258	25	1.296e-04	{I}
sp|P24207|PHEP_ECOLI	SINGLE	7	420	434	4	2.419e-04	{M}
sp|P24207|PHEP_ECOLI	SINGLE	8	275	353	15	3.321e-04	{S}
sp|P24207|PHEP_ECOLI	SINGLE	9	387	401	5	4.635e-04	{R}
sp|P24207|PHEP_ECOLI	MULTIPLE	1	34	230	79	9.496e-15	{GWFI}
sp|P24207|PHEP_ECOLI	MULTIPLE	2	246	450	72	1.806e-09	{LVM}
sp|P24207|PHEP_ECOLI	WHOLE	1	1	458	65	1.389e-04	{L}
sp|P24207|PHEP_ECOLI	WHOLE	2	1	458	32	6.567e-04	{F}
sp|P24215|UXUA_ECOLI	SINGLE	1	254	356	9	3.520e-04	{M}
sp|P24215|UXUA_ECOLI	SINGLE	2	231	245	5	4.135e-04	{P}
sp|P24215|UXUA_ECOLI	SINGLE	3	325	343	6	8.541e-04	{E}
sp|P24224|ACPS_ECOLI	SINGLE	1	49	63	6	5.574e-04	{A}
sp|P24228|DACB_ECOLI	SINGLE	1	15	72	14	9.257e-05	{A}
sp|P24228|DACB_ECOLI	SINGLE	2	454	468	5	4.635e-04	{R}
sp|P24230|RECG_ECOLI	SINGLE	1	355	423	14	1.103e-06	{Q}
sp|P24230|RECG_ECOLI	SINGLE	2	163	265	26	1.147e-06	{L}
sp|P24230|RECG_ECOLI	SINGLE	3	231	368	28	1.974e-06	{A}
sp|P24230|RECG_ECOLI	SINGLE	4	5	57	15	4.571e-05	{L}
sp|P24230|RECG_ECOLI	SINGLE	5	494	510	7	4.869e-05	{E}
sp|P24230|RECG_ECOLI	SINGLE	6	427	469	10	1.946e-04	{T}
sp|P24230|RECG_ECOLI	SINGLE	7	184	206	6	4.644e-04	{P}
sp|P24230|RECG_ECOLI	MULTIPLE	1	238	417	49	2.440e-08	{QA}
sp|P24230|RECG_ECOLI	MULTIPLE	2	163	269	36	1.257e-07	{LP}
sp|P24230|RECG_ECOLI	WHOLE	1	1	693	95	2.577e-05	{L}
sp|P24230|RECG_ECOLI	WHOLE	2	1	693	77	4.881e-04	{A}
sp|P24232|HMP_ECOLI	SINGLE	1	247	305	13	4.001e-04	{A}
sp|P24232|HMP_ECOLI	SINGLE	2	36	70	7	5.411e-04	{N}
sp|P24232|HMP_ECOLI	SINGLE	3	56	82	8	6.718e-04	{A}
sp|P24232|HMP_ECOLI	MULTIPLE	1	44	77	13	7.686e-05	{NA}
sp|P24554|RADA_ECOLI	SINGLE	1	175	409	34	6.540e-06	{V}
sp|P24554|RADA_ECOLI	SINGLE	2	89	107	8	1.327e-05	{G}
sp|P24554|RADA_ECOLI	SINGLE	3	11	28	4	1.600e-04	{C}
sp|P24554|RADA_ECOLI	WHOLE	1	1	460	48	3.912e-04	{V}
sp|P25397|TEHB_ECOLI	SINGLE	1	41	89	9	1.810e-04	{N}
sp|P25437|FRMA_ECOLI	SINGLE	1	49	333	39	9.025e-06	{G}
sp|P25437|FRMA_ECOLI	SINGLE	2	55	78	9	9.761e-06	{V}
sp|P25437|FRMA_ECOLI	SINGLE	3	92	106	4	7.491e-05	{C}
sp|P25437|FRMA_ECOLI	MULTIPLE	1	54	327	79	9.526e-10	{GVC}
sp|P25437|FRMA_ECOLI	WHOLE	1	1	369	43	1.281e-04	{G}
sp|P25437|FRMA_ECOLI	WHOLE	2	1	369	41	2.918e-04	{V}
sp|P25516|ACNA_ECOLI	SINGLE	1	176	291	19	1.520e-04	{G}
sp|P25516|ACNA_ECOLI	SINGLE	2	86	285	27	1.521e-04	{V}
sp|P25516|ACNA_ECOLI	SINGLE	3	691	803	15	2.368e-04	{R}
sp|P25516|ACNA_ECOLI	SINGLE	4	25	50	9	2.859e-04	{L}
sp|P25516|ACNA_ECOLI	SINGLE	5	140	155	6	3.084e-04	{E}
sp|P25516|ACNA_ECOLI	SINGLE	6	661	844	24	6.789e-04	{G}
sp|P25516|ACNA_ECOLI	MULTIPLE	1	93	291	50	2.126e-06	{GV}
sp|P25516|ACNA_ECOLI	MULTIPLE	2	690	826	34	5.889e-06	{RG}
sp|P25519|HFLX_ECOLI	SINGLE	1	90	192	20	7.100e-08	{R}
sp|P25519|HFLX_ECOLI	SINGLE	2	139	156	6	6.921e-04	{G}
sp|P25519|HFLX_ECOLI	SINGLE	3	293	396	16	7.285e-04	{E}
sp|P25519|HFLX_ECOLI	SINGLE	4	173	190	5	7.334e-04	{Q}
sp|P25519|HFLX_ECOLI	MULTIPLE	1	88	192	31	1.930e-09	{RQ}
sp|P25519|HFLX_ECOLI	WHOLE	1	1	426	40	2.681e-05	{R}
sp|P25522|MNME_ECOLI	SINGLE	1	124	248	25	8.444e-06	{A}
sp|P25522|MNME_ECOLI	SINGLE	2	394	409	5	4.085e-04	{Q}
sp|P25522|MNME_ECOLI	SINGLE	3	89	339	25	4.201e-04	{I}
sp|P25522|MNME_ECOLI	SINGLE	4	175	201	7	4.646e-04	{D}
sp|P25522|MNME_ECOLI	SINGLE	5	15	86	13	5.924e-04	{G}
sp|P25522|MNME_ECOLI	MULTIPLE	1	97	339	81	9.512e-09	{AID}
sp|P25522|MNME_ECOLI	WHOLE	1	1	454	54	6.321e-04	{A}
sp|P25524|CODA_ECOLI	SINGLE	1	62	357	18	7.565e-05	{H}
sp|P25524|CODA_ECOLI	SINGLE	2	207	221	5	9.005e-04	{D}
sp|P25526|GABD_ECOLI	SINGLE	1	22	420	62	1.223e-07	{A}
sp|P25526|GABD_ECOLI	SINGLE	2	430	468	10	1.427e-04	{G}
sp|P25526|GABD_ECOLI	SINGLE	3	4	35	7	3.092e-04	{N}
sp|P25526|GABD_ECOLI	WHOLE	1	1	482	66	3.923e-06	{A}
sp|P25527|GABP_ECOLI	SINGLE	1	89	127	7	1.551e-06	{W}
sp|P25527|GABP_ECOLI	SINGLE	2	86	447	38	7.108e-06	{I}
sp|P25527|GABP_ECOLI	SINGLE	3	54	68	4	2.419e-04	{M}
sp|P25527|GABP_ECOLI	SINGLE	4	25	379	46	2.683e-04	{A}
sp|P25527|GABP_ECOLI	SINGLE	5	277	437	28	4.319e-04	{L}
sp|P25527|GABP_ECOLI	SINGLE	6	151	214	9	6.559e-04	{F}
sp|P25527|GABP_ECOLI	SINGLE	7	196	215	4	7.691e-04	{M}
sp|P25527|GABP_ECOLI	SINGLE	8	19	462	45	9.453e-04	{V}
sp|P25527|GABP_ECOLI	MULTIPLE	1	19	457	250	2.529e-19	{WIALFMV}
sp|P25527|GABP_ECOLI	WHOLE	1	1	466	42	7.715e-05	{I}
sp|P25534|UBIH_ECOLI	SINGLE	1	11	200	35	1.250e-06	{A}
sp|P25534|UBIH_ECOLI	SINGLE	2	24	292	17	7.438e-05	{H}
sp|P25534|UBIH_ECOLI	SINGLE	3	199	392	21	2.804e-04	{R}
sp|P25534|UBIH_ECOLI	SINGLE	4	79	194	17	8.571e-04	{V}
sp|P25534|UBIH_ECOLI	MULTIPLE	1	11	392	132	8.295e-10	{AHRV}
sp|P25534|UBIH_ECOLI	WHOLE	1	1	392	53	3.915e-05	{A}
sp|P25535|UBII_ECOLI	SINGLE	1	10	26	7	5.515e-05	{G}
sp|P25535|UBII_ECOLI	SINGLE	2	79	341	16	1.767e-04	{H}
sp|P25535|UBII_ECOLI	SINGLE	3	318	339	6	4.110e-04	{R}
sp|P25535|UBII_ECOLI	SINGLE	4	4	36	8	8.166e-04	{V}
sp|P25535|UBII_ECOLI	SINGLE	5	41	56	6	8.219e-04	{A}
sp|P25535|UBII_ECOLI	SINGLE	6	116	314	28	9.897e-04	{A}
sp|P25535|UBII_ECOLI	MULTIPLE	1	4	31	14	2.508e-06	{GV}
sp|P25535|UBII_ECOLI	MULTIPLE	2	103	320	41	3.365e-05	{HA}
sp|P25536|NTPPA_ECOLI	SINGLE	1	14	43	7	2.099e-04	{Q}
sp|P25536|NTPPA_ECOLI	SINGLE	2	148	165	6	6.921e-04	{G}
sp|P25539|RIBD_ECOLI	SINGLE	1	101	292	22	2.359e-05	{Q}
sp|P25539|RIBD_ECOLI	SINGLE	2	270	342	17	1.924e-04	{L}
sp|P25539|RIBD_ECOLI	SINGLE	3	46	98	12	5.061e-04	{A}
sp|P25539|RIBD_ECOLI	SINGLE	4	43	78	5	9.373e-04	{H}
sp|P25539|RIBD_ECOLI	MULTIPLE	1	101	347	57	1.643e-05	{QL}
sp|P25539|RIBD_ECOLI	MULTIPLE	2	43	98	17	1.651e-05	{AH}
sp|P25552|GPPA_ECOLI	SINGLE	1	233	472	44	4.676e-06	{L}
sp|P25552|GPPA_ECOLI	SINGLE	2	216	484	26	7.991e-05	{Q}
sp|P25552|GPPA_ECOLI	SINGLE	3	309	329	6	3.138e-04	{R}
sp|P25552|GPPA_ECOLI	MULTIPLE	1	216	484	90	1.271e-09	{LQR}
sp|P25552|GPPA_ECOLI	WHOLE	1	1	494	68	2.315e-04	{L}
sp|P25552|GPPA_ECOLI	WHOLE	2	1	494	36	8.879e-04	{Q}
sp|P25553|ALDA_ECOLI	SINGLE	1	22	357	51	2.631e-06	{A}
sp|P25553|ALDA_ECOLI	SINGLE	2	24	195	21	8.300e-05	{I}
sp|P25553|ALDA_ECOLI	SINGLE	3	447	465	7	1.246e-04	{G}
sp|P25553|ALDA_ECOLI	SINGLE	4	192	392	26	3.647e-04	{V}
sp|P25553|ALDA_ECOLI	SINGLE	5	54	134	14	4.851e-04	{E}
sp|P25553|ALDA_ECOLI	MULTIPLE	1	22	359	141	6.715e-11	{AIVE}
sp|P25553|ALDA_ECOLI	WHOLE	1	1	479	59	1.772e-04	{A}
sp|P25665|METE_ECOLI	SINGLE	1	138	363	43	2.304e-06	{L}
sp|P25665|METE_ECOLI	SINGLE	2	340	425	19	2.256e-05	{A}
sp|P25665|METE_ECOLI	SINGLE	3	428	442	6	1.598e-04	{T}
sp|P25665|METE_ECOLI	SINGLE	4	521	715	21	4.237e-04	{I}
sp|P25665|METE_ECOLI	SINGLE	5	381	420	8	4.430e-04	{R}
sp|P25665|METE_ECOLI	SINGLE	6	27	374	14	5.938e-04	{W}
sp|P25665|METE_ECOLI	MULTIPLE	1	27	426	140	3.921e-08	{LARW}
sp|P25665|METE_ECOLI	WHOLE	1	1	753	23	6.783e-04	{W}
sp|P25714|YIDC_ECOLI	SINGLE	1	369	498	16	2.567e-08	{M}
sp|P25714|YIDC_ECOLI	SINGLE	2	21	38	7	5.580e-06	{Q}
sp|P25714|YIDC_ECOLI	SINGLE	3	354	368	6	4.559e-05	{I}
sp|P25714|YIDC_ECOLI	SINGLE	4	122	281	18	1.378e-04	{N}
sp|P25714|YIDC_ECOLI	SINGLE	5	28	42	6	1.598e-04	{T}
sp|P25714|YIDC_ECOLI	SINGLE	6	495	509	5	1.842e-04	{F}
sp|P25714|YIDC_ECOLI	SINGLE	7	332	354	4	3.281e-04	{W}
sp|P25714|YIDC_ECOLI	SINGLE	8	85	129	8	8.310e-04	{P}
sp|P25714|YIDC_ECOLI	MULTIPLE	1	25	42	12	1.769e-08	{QT}
sp|P25714|YIDC_ECOLI	MULTIPLE	2	332	368	12	1.729e-06	{IW}
sp|P25714|YIDC_ECOLI	WHOLE	1	1	548	42	1.539e-04	{Q}
sp|P25718|AMY1_ECOLI	SINGLE	1	347	381	7	7.201e-07	{W}
sp|P25718|AMY1_ECOLI	SINGLE	2	179	618	46	1.929e-05	{D}
sp|P25718|AMY1_ECOLI	SINGLE	3	211	265	12	1.657e-04	{G}
sp|P25718|AMY1_ECOLI	SINGLE	4	528	553	6	6.261e-04	{Q}
sp|P25718|AMY1_ECOLI	SINGLE	5	55	81	6	7.702e-04	{Q}
sp|P25718|AMY1_ECOLI	MULTIPLE	1	179	621	107	1.270e-09	{WDG}
sp|P25718|AMY1_ECOLI	WHOLE	1	1	676	25	2.849e-05	{W}
sp|P25737|LYSP_ECOLI	SINGLE	1	132	470	40	2.537e-07	{I}
sp|P25737|LYSP_ECOLI	SINGLE	2	100	133	7	5.848e-07	{W}
sp|P25737|LYSP_ECOLI	SINGLE	3	28	229	31	7.385e-06	{G}
sp|P25737|LYSP_ECOLI	SINGLE	4	82	483	33	3.668e-05	{F}
sp|P25737|LYSP_ECOLI	SINGLE	5	291	356	14	3.677e-04	{A}
sp|P25737|LYSP_ECOLI	MULTIPLE	1	25	475	194	1.363e-17	{IWGFA}
sp|P25737|LYSP_ECOLI	WHOLE	1	1	489	46	1.468e-05	{I}
sp|P25737|LYSP_ECOLI	WHOLE	2	1	489	53	1.537e-04	{G}
sp|P25737|LYSP_ECOLI	WHOLE	3	1	489	35	2.741e-04	{F}
sp|P25740|WAAG_ECOLI	SINGLE	1	269	365	20	3.899e-05	{A}
sp|P25740|WAAG_ECOLI	SINGLE	2	147	201	9	4.440e-04	{Q}
sp|P25740|WAAG_ECOLI	SINGLE	3	32	79	6	5.219e-04	{H}
sp|P25745|MNMA_ECOLI	SINGLE	1	226	254	9	6.287e-05	{G}
sp|P25745|MNMA_ECOLI	SINGLE	2	51	125	15	4.422e-04	{A}
sp|P25745|MNMA_ECOLI	SINGLE	3	301	320	6	8.986e-04	{T}
sp|P25888|RHLE_ECOLI	SINGLE	1	395	416	12	2.349e-09	{G}
sp|P25888|RHLE_ECOLI	SINGLE	2	66	448	41	1.061e-06	{R}
sp|P25888|RHLE_ECOLI	SINGLE	3	388	409	7	2.506e-05	{Q}
sp|P25888|RHLE_ECOLI	SINGLE	4	57	206	26	6.832e-04	{L}
sp|P25888|RHLE_ECOLI	SINGLE	5	223	276	6	9.624e-04	{H}
sp|P25888|RHLE_ECOLI	MULTIPLE	1	388	416	20	2.204e-13	{GQ}
sp|P25888|RHLE_ECOLI	MULTIPLE	2	62	448	55	2.691e-07	{RH}
sp|P25888|RHLE_ECOLI	WHOLE	1	1	454	44	5.546e-06	{R}
sp|P25889|PREA_ECOLI	SINGLE	1	344	392	10	4.817e-09	{C}
sp|P25889|PREA_ECOLI	SINGLE	2	197	262	12	6.619e-05	{I}
sp|P25889|PREA_ECOLI	SINGLE	3	11	33	4	4.271e-04	{C}
sp|P25889|PREA_ECOLI	SINGLE	4	78	132	11	5.441e-04	{E}
sp|P25889|PREA_ECOLI	SINGLE	5	185	199	6	5.574e-04	{A}
sp|P25889|PREA_ECOLI	SINGLE	6	46	74	6	6.782e-04	{F}
sp|P25889|PREA_ECOLI	SINGLE	7	130	182	6	8.744e-04	{M}
sp|P25889|PREA_ECOLI	MULTIPLE	1	77	184	22	8.776e-05	{EM}
sp|P25889|PREA_ECOLI	WHOLE	1	1	411	18	9.998e-05	{C}
sp|P25894|LOIP_ECOLI	SINGLE	1	95	144	7	9.061e-05	{M}
sp|P25894|LOIP_ECOLI	SINGLE	2	32	160	23	1.087e-04	{A}
sp|P25894|LOIP_ECOLI	SINGLE	3	78	106	7	1.636e-04	{N}
sp|P25894|LOIP_ECOLI	MULTIPLE	1	32	160	41	2.510e-07	{MAN}
sp|P25894|LOIP_ECOLI	WHOLE	1	1	252	35	3.686e-04	{A}
sp|P26458|APPB_ECOLI	SINGLE	1	141	355	46	3.517e-08	{L}
sp|P26458|APPB_ECOLI	SINGLE	2	316	332	8	9.053e-06	{S}
sp|P26458|APPB_ECOLI	SINGLE	3	11	362	17	2.138e-05	{W}
sp|P26458|APPB_ECOLI	SINGLE	4	72	312	23	5.577e-05	{F}
sp|P26458|APPB_ECOLI	SINGLE	5	67	82	7	9.989e-05	{A}
sp|P26458|APPB_ECOLI	MULTIPLE	1	7	356	105	9.666e-14	{LWF}
sp|P26458|APPB_ECOLI	WHOLE	1	1	378	64	8.317e-07	{L}
sp|P26458|APPB_ECOLI	WHOLE	2	1	378	17	4.994e-05	{W}
sp|P26458|APPB_ECOLI	WHOLE	3	1	378	28	5.744e-04	{F}
sp|P26459|APPC_ECOLI	SINGLE	1	12	116	17	5.723e-07	{F}
sp|P26459|APPC_ECOLI	SINGLE	2	36	504	25	3.286e-05	{M}
sp|P26459|APPC_ECOLI	SINGLE	3	421	451	5	8.446e-05	{W}
sp|P26459|APPC_ECOLI	SINGLE	4	399	432	11	1.242e-04	{L}
sp|P26459|APPC_ECOLI	SINGLE	5	494	513	6	1.375e-04	{Q}
sp|P26459|APPC_ECOLI	SINGLE	6	14	33	8	2.030e-04	{L}
sp|P26459|APPC_ECOLI	SINGLE	7	190	384	28	7.453e-04	{A}
sp|P26459|APPC_ECOLI	SINGLE	8	175	193	6	8.474e-04	{V}
sp|P26459|APPC_ECOLI	MULTIPLE	1	1	493	193	3.832e-13	{FMWLA}
sp|P26459|APPC_ECOLI	WHOLE	1	1	514	26	5.284e-05	{M}
sp|P26459|APPC_ECOLI	WHOLE	2	1	514	18	5.461e-04	{W}
sp|P26459|APPC_ECOLI	WHOLE	3	1	514	67	9.000e-04	{L}
sp|P26602|UBIC_ECOLI	SINGLE	1	6	164	32	1.224e-05	{L}
sp|P26602|UBIC_ECOLI	SINGLE	2	127	146	6	2.355e-04	{R}
sp|P26602|UBIC_ECOLI	MULTIPLE	1	6	159	45	4.784e-07	{LR}
sp|P26602|UBIC_ECOLI	WHOLE	1	1	165	32	2.561e-05	{L}
sp|P26616|MAO1_ECOLI	SINGLE	1	155	184	10	1.251e-05	{G}
sp|P26616|MAO1_ECOLI	SINGLE	2	53	482	38	2.202e-04	{I}
sp|P26616|MAO1_ECOLI	SINGLE	3	531	554	6	3.999e-04	{Q}
sp|P26616|MAO1_ECOLI	SINGLE	4	131	146	5	4.001e-04	{N}
sp|P26616|MAO1_ECOLI	SINGLE	5	35	58	7	5.412e-04	{E}
sp|P26616|MAO1_ECOLI	SINGLE	6	275	289	6	5.574e-04	{A}
sp|P26616|MAO1_ECOLI	SINGLE	7	521	547	8	6.718e-04	{A}
sp|P26616|MAO1_ECOLI	SINGLE	8	364	384	6	6.796e-04	{D}
sp|P26616|MAO1_ECOLI	MULTIPLE	1	62	482	62	8.126e-05	{IN}
sp|P26616|MAO1_ECOLI	MULTIPLE	2	521	547	13	4.189e-06	{QA}
sp|P26648|FTSP_ECOLI	SINGLE	1	315	341	10	7.104e-05	{L}
sp|P26648|FTSP_ECOLI	SINGLE	2	22	362	32	9.460e-05	{P}
sp|P26648|FTSP_ECOLI	SINGLE	3	11	28	7	2.360e-04	{A}
sp|P26648|FTSP_ECOLI	SINGLE	4	226	241	5	6.419e-04	{R}
sp|P26648|FTSP_ECOLI	SINGLE	5	369	441	6	6.809e-04	{W}
sp|P26648|FTSP_ECOLI	SINGLE	6	101	120	4	7.691e-04	{M}
sp|P26648|FTSP_ECOLI	MULTIPLE	1	33	354	65	3.592e-06	{PRM}
sp|P26648|FTSP_ECOLI	WHOLE	1	1	470	39	2.222e-04	{P}
sp|P27125|RHAT_ECOLI	SINGLE	1	32	62	6	5.536e-06	{W}
sp|P27125|RHAT_ECOLI	SINGLE	2	80	230	25	1.427e-05	{G}
sp|P27125|RHAT_ECOLI	SINGLE	3	103	121	7	1.944e-05	{I}
sp|P27125|RHAT_ECOLI	SINGLE	4	186	204	8	4.395e-05	{A}
sp|P27125|RHAT_ECOLI	SINGLE	5	82	198	11	4.438e-05	{M}
sp|P27125|RHAT_ECOLI	SINGLE	6	300	338	9	5.782e-04	{V}
sp|P27125|RHAT_ECOLI	MULTIPLE	1	80	234	55	5.977e-12	{GIM}
sp|P27125|RHAT_ECOLI	WHOLE	1	1	344	34	6.167e-05	{I}
sp|P27125|RHAT_ECOLI	WHOLE	2	1	344	19	1.616e-04	{M}
sp|P27125|RHAT_ECOLI	WHOLE	3	1	344	39	3.942e-04	{G}
sp|P27128|WAAO_ECOLI	SINGLE	1	45	267	26	3.027e-05	{I}
sp|P27128|WAAO_ECOLI	SINGLE	2	273	295	4	3.281e-04	{W}
sp|P27128|WAAO_ECOLI	SINGLE	3	291	307	5	5.425e-04	{N}
sp|P27128|WAAO_ECOLI	SINGLE	4	191	205	6	5.574e-04	{A}
sp|P27128|WAAO_ECOLI	SINGLE	5	63	77	5	9.005e-04	{D}
sp|P27128|WAAO_ECOLI	MULTIPLE	1	273	307	9	1.109e-04	{WN}
sp|P27128|WAAO_ECOLI	WHOLE	1	1	339	30	8.112e-04	{I}
sp|P27243|WAAL_ECOLI	SINGLE	1	20	418	56	2.044e-12	{I}
sp|P27243|WAAL_ECOLI	SINGLE	2	55	409	58	7.112e-06	{L}
sp|P27243|WAAL_ECOLI	SINGLE	3	259	280	7	2.433e-05	{N}
sp|P27243|WAAL_ECOLI	SINGLE	4	30	364	26	4.545e-04	{F}
sp|P27243|WAAL_ECOLI	MULTIPLE	1	20	419	171	5.660e-20	{ILNF}
sp|P27243|WAAL_ECOLI	WHOLE	1	1	419	56	1.414e-11	{I}
sp|P27243|WAAL_ECOLI	WHOLE	2	1	419	64	2.077e-05	{L}
sp|P27249|GLND_ECOLI	SINGLE	1	204	879	69	3.021e-09	{R}
sp|P27249|GLND_ECOLI	SINGLE	2	71	699	95	6.077e-07	{L}
sp|P27249|GLND_ECOLI	SINGLE	3	385	690	22	1.063e-06	{H}
sp|P27249|GLND_ECOLI	SINGLE	4	776	791	5	4.085e-04	{Q}
sp|P27249|GLND_ECOLI	SINGLE	5	13	27	5	4.135e-04	{P}
sp|P27249|GLND_ECOLI	MULTIPLE	1	70	884	276	2.438e-19	{RLHQ}
sp|P27249|GLND_ECOLI	WHOLE	1	1	890	77	3.332e-07	{R}
sp|P27249|GLND_ECOLI	WHOLE	2	1	890	122	2.799e-06	{L}
sp|P27249|GLND_ECOLI	WHOLE	3	1	890	38	5.214e-05	{H}
sp|P27250|AHR_ECOLI	SINGLE	1	96	110	4	7.491e-05	{C}
sp|P27250|AHR_ECOLI	SINGLE	2	53	181	21	7.959e-05	{G}
sp|P27250|AHR_ECOLI	SINGLE	3	136	185	9	5.424e-04	{I}
sp|P27250|AHR_ECOLI	MULTIPLE	1	62	185	39	7.254e-08	{CGI}
sp|P27278|NADR_ECOLI	SINGLE	1	374	389	7	3.063e-05	{E}
sp|P27296|DING_ECOLI	SINGLE	1	62	687	91	4.361e-06	{L}
sp|P27296|DING_ECOLI	SINGLE	2	162	182	8	8.833e-06	{D}
sp|P27296|DING_ECOLI	SINGLE	3	115	716	51	3.721e-05	{R}
sp|P27296|DING_ECOLI	SINGLE	4	2	17	7	9.989e-05	{A}
sp|P27296|DING_ECOLI	SINGLE	5	204	372	22	8.622e-04	{E}
sp|P27296|DING_ECOLI	MULTIPLE	1	183	600	136	2.677e-09	{LRE}
sp|P27296|DING_ECOLI	WHOLE	1	1	716	96	5.139e-05	{L}
sp|P27296|DING_ECOLI	WHOLE	2	1	716	55	2.108e-04	{R}
sp|P27302|TKT1_ECOLI	SINGLE	1	221	641	66	3.686e-08	{A}
sp|P27302|TKT1_ECOLI	SINGLE	2	99	195	16	4.270e-04	{G}
sp|P27302|TKT1_ECOLI	SINGLE	3	26	261	14	5.284e-04	{H}
sp|P27302|TKT1_ECOLI	SINGLE	4	121	135	6	5.574e-04	{A}
sp|P27302|TKT1_ECOLI	MULTIPLE	1	65	219	31	8.217e-06	{GH}
sp|P27302|TKT1_ECOLI	WHOLE	1	1	663	89	2.841e-07	{A}
sp|P27303|EMRA_ECOLI	SINGLE	1	114	201	15	4.420e-06	{Q}
sp|P27303|EMRA_ECOLI	SINGLE	2	97	212	22	6.111e-05	{A}
sp|P27303|EMRA_ECOLI	SINGLE	3	23	46	9	1.452e-04	{L}
sp|P27303|EMRA_ECOLI	SINGLE	4	26	40	5	5.275e-04	{I}
sp|P27303|EMRA_ECOLI	MULTIPLE	1	97	212	38	4.015e-09	{QA}
sp|P27303|EMRA_ECOLI	MULTIPLE	2	23	46	14	5.407e-07	{LI}
sp|P27303|EMRA_ECOLI	WHOLE	1	1	390	32	2.577e-04	{Q}
sp|P27306|STHA_ECOLI	SINGLE	1	13	49	11	1.563e-05	{G}
sp|P27306|STHA_ECOLI	SINGLE	2	47	178	11	1.272e-04	{H}
sp|P27306|STHA_ECOLI	SINGLE	3	319	340	8	1.455e-04	{A}
sp|P27306|STHA_ECOLI	SINGLE	4	343	437	14	1.706e-04	{I}
sp|P27306|STHA_ECOLI	WHOLE	1	1	466	21	9.475e-04	{H}
sp|P27431|ROXA_ECOLI	SINGLE	1	155	290	19	1.465e-05	{P}
sp|P27431|ROXA_ECOLI	SINGLE	2	332	362	9	3.743e-04	{A}
sp|P27431|ROXA_ECOLI	SINGLE	3	56	90	5	8.250e-04	{H}
sp|P27431|ROXA_ECOLI	WHOLE	1	1	373	32	4.133e-04	{P}
sp|P27434|RODZ_ECOLI	SINGLE	1	168	197	13	8.070e-09	{T}
sp|P27434|RODZ_ECOLI	SINGLE	2	165	252	16	2.366e-06	{P}
sp|P27434|RODZ_ECOLI	SINGLE	3	175	261	20	7.703e-06	{A}
sp|P27434|RODZ_ECOLI	SINGLE	4	112	133	5	1.498e-05	{W}
sp|P27434|RODZ_ECOLI	SINGLE	5	150	169	7	2.968e-04	{S}
sp|P27434|RODZ_ECOLI	MULTIPLE	1	168	254	55	7.680e-20	{TPA}
sp|P27434|RODZ_ECOLI	WHOLE	1	1	337	46	8.970e-05	{A}
sp|P27434|RODZ_ECOLI	WHOLE	2	1	337	37	2.962e-04	{T}
sp|P27550|ACSA_ECOLI	SINGLE	1	395	414	5	9.090e-06	{W}
sp|P27550|ACSA_ECOLI	SINGLE	2	134	219	15	2.832e-04	{V}
sp|P27550|ACSA_ECOLI	SINGLE	3	266	528	32	3.725e-04	{G}
sp|P27550|ACSA_ECOLI	SINGLE	4	281	318	7	4.150e-04	{Y}
sp|P27550|ACSA_ECOLI	SINGLE	5	143	157	6	5.574e-04	{A}
sp|P27550|ACSA_ECOLI	SINGLE	6	478	497	5	7.789e-04	{F}
sp|P27550|ACSA_ECOLI	MULTIPLE	1	134	219	26	7.768e-05	{VA}
sp|P27550|ACSA_ECOLI	MULTIPLE	2	263	528	46	1.994e-04	{GY}
sp|P27829|WECC_ECOLI	SINGLE	1	305	329	8	3.852e-04	{A}
sp|P27829|WECC_ECOLI	SINGLE	2	389	418	8	4.209e-04	{V}
sp|P27829|WECC_ECOLI	SINGLE	3	29	307	32	6.754e-04	{V}
sp|P27829|WECC_ECOLI	MULTIPLE	1	29	329	66	1.067e-04	{AV}
sp|P27829|WECC_ECOLI	WHOLE	1	1	420	43	9.815e-04	{V}
sp|P27830|RMLB2_ECOLI	SINGLE	1	153	167	6	3.585e-04	{S}
sp|P27830|RMLB2_ECOLI	SINGLE	2	314	338	4	4.549e-04	{W}
sp|P27833|WECE_ECOLI	SINGLE	1	240	274	10	2.092e-04	{A}
sp|P27833|WECE_ECOLI	SINGLE	2	156	190	9	2.937e-04	{G}
sp|P27833|WECE_ECOLI	SINGLE	3	320	337	4	5.076e-04	{H}
sp|P27837|THRP_ECOLI	SINGLE	1	105	444	40	2.737e-07	{I}
sp|P27837|THRP_ECOLI	SINGLE	2	168	201	12	8.745e-07	{G}
sp|P27837|THRP_ECOLI	SINGLE	3	55	202	19	4.393e-06	{F}
sp|P27837|THRP_ECOLI	SINGLE	4	128	142	7	6.097e-05	{A}
sp|P27837|THRP_ECOLI	SINGLE	5	94	125	5	9.861e-05	{W}
sp|P27837|THRP_ECOLI	SINGLE	6	60	101	6	2.547e-04	{M}
sp|P27837|THRP_ECOLI	SINGLE	7	103	377	33	2.767e-04	{V}
sp|P27837|THRP_ECOLI	SINGLE	8	276	341	14	3.677e-04	{A}
sp|P27837|THRP_ECOLI	MULTIPLE	1	48	380	195	4.408e-21	{IGFAWMV}
sp|P27837|THRP_ECOLI	WHOLE	1	1	461	46	3.487e-06	{I}
sp|P27837|THRP_ECOLI	WHOLE	2	1	461	36	4.700e-05	{F}
sp|P27838|CYAY_ECOLI	SINGLE	1	11	31	7	8.574e-05	{D}
sp|P27838|CYAY_ECOLI	SINGLE	2	30	51	6	4.771e-04	{I}
sp|P27838|CYAY_ECOLI	MULTIPLE	1	17	51	13	2.401e-05	{DI}
sp|P27848|YIGL_ECOLI	SINGLE	1	72	109	9	1.576e-04	{D}
sp|P27848|YIGL_ECOLI	SINGLE	2	216	231	4	3.155e-04	{M}
sp|P27859|TATD_ECOLI	SINGLE	1	184	212	10	1.390e-04	{L}
sp|P27859|TATD_ECOLI	SINGLE	2	191	227	8	2.182e-04	{P}
sp|P27859|TATD_ECOLI	SINGLE	3	43	70	6	9.375e-04	{Q}
sp|P27859|TATD_ECOLI	MULTIPLE	1	184	230	20	1.203e-06	{LP}
sp|P28246|BCR_ECOLI	SINGLE	1	182	386	26	1.192e-07	{F}
sp|P28246|BCR_ECOLI	SINGLE	2	86	115	12	1.073e-06	{A}
sp|P28246|BCR_ECOLI	SINGLE	3	1	338	22	5.051e-06	{M}
sp|P28246|BCR_ECOLI	SINGLE	4	154	168	4	5.704e-05	{W}
sp|P28246|BCR_ECOLI	SINGLE	5	309	323	6	2.045e-04	{V}
sp|P28246|BCR_ECOLI	SINGLE	6	11	384	33	5.141e-04	{I}
sp|P28246|BCR_ECOLI	MULTIPLE	1	9	386	101	5.017e-14	{FMWI}
sp|P28246|BCR_ECOLI	WHOLE	1	1	396	37	8.209e-07	{F}
sp|P28246|BCR_ECOLI	WHOLE	2	1	396	23	1.843e-05	{M}
sp|P28246|BCR_ECOLI	WHOLE	3	1	396	52	9.108e-05	{A}
sp|P28248|DCD_ECOLI	SINGLE	1	83	163	17	6.462e-04	{L}
sp|P28248|DCD_ECOLI	SINGLE	2	2	45	8	8.391e-04	{R}
sp|P28305|PABC_ECOLI	SINGLE	1	44	75	7	3.177e-04	{Q}
sp|P28305|PABC_ECOLI	SINGLE	2	174	265	7	5.970e-04	{C}
sp|P28306|MLTG_ECOLI	SINGLE	1	152	166	4	5.704e-05	{W}
sp|P28306|MLTG_ECOLI	SINGLE	2	5	127	25	8.063e-05	{L}
sp|P28306|MLTG_ECOLI	SINGLE	3	283	299	7	1.565e-04	{A}
sp|P28629|ADIA_ECOLI	SINGLE	1	161	232	13	5.924e-04	{G}
sp|P28629|ADIA_ECOLI	SINGLE	2	645	714	10	6.235e-04	{N}
sp|P28629|ADIA_ECOLI	SINGLE	3	226	250	7	6.967e-04	{V}
sp|P28629|ADIA_ECOLI	SINGLE	4	97	130	9	7.625e-04	{A}
sp|P28629|ADIA_ECOLI	SINGLE	5	238	638	19	9.140e-04	{M}
sp|P28630|HOLA_ECOLI	SINGLE	1	4	336	70	3.465e-11	{L}
sp|P28630|HOLA_ECOLI	SINGLE	2	8	318	29	6.229e-05	{Q}
sp|P28630|HOLA_ECOLI	SINGLE	3	228	307	12	3.123e-04	{R}
sp|P28630|HOLA_ECOLI	SINGLE	4	120	184	14	3.143e-04	{A}
sp|P28630|HOLA_ECOLI	MULTIPLE	1	3	331	157	2.814e-17	{LQRA}
sp|P28630|HOLA_ECOLI	WHOLE	1	1	343	70	1.341e-10	{L}
sp|P28630|HOLA_ECOLI	WHOLE	2	1	343	29	2.953e-04	{Q}
sp|P28903|NRDD_ECOLI	SINGLE	1	23	44	9	1.926e-05	{A}
sp|P28903|NRDD_ECOLI	SINGLE	2	644	665	5	2.099e-05	{C}
sp|P28903|NRDD_ECOLI	SINGLE	3	572	645	11	8.127e-05	{Y}
sp|P28903|NRDD_ECOLI	SINGLE	4	79	103	7	1.149e-04	{R}
sp|P28903|NRDD_ECOLI	SINGLE	5	139	162	5	1.377e-04	{H}
sp|P28903|NRDD_ECOLI	SINGLE	6	172	190	4	6.290e-04	{M}
sp|P28903|NRDD_ECOLI	SINGLE	7	49	76	6	9.375e-04	{Q}
sp|P28903|NRDD_ECOLI	MULTIPLE	1	572	665	17	7.703e-06	{CY}
sp|P29018|CYDD_ECOLI	SINGLE	1	9	547	87	1.097e-07	{L}
sp|P29018|CYDD_ECOLI	SINGLE	2	90	531	61	6.644e-06	{A}
sp|P29018|CYDD_ECOLI	SINGLE	3	192	244	11	2.954e-05	{R}
sp|P29018|CYDD_ECOLI	SINGLE	4	195	310	14	1.353e-04	{F}
sp|P29018|CYDD_ECOLI	SINGLE	5	76	105	7	3.809e-04	{R}
sp|P29018|CYDD_ECOLI	SINGLE	6	385	405	7	4.131e-04	{S}
sp|P29018|CYDD_ECOLI	SINGLE	7	19	57	8	4.479e-04	{I}
sp|P29018|CYDD_ECOLI	MULTIPLE	1	28	534	209	1.167e-14	{LARF}
sp|P29018|CYDD_ECOLI	WHOLE	1	1	588	90	6.541e-07	{L}
sp|P29018|CYDD_ECOLI	WHOLE	2	1	588	71	8.808e-05	{A}
sp|P29131|FTSN_ECOLI	SINGLE	1	113	225	36	1.121e-21	{Q}
sp|P29131|FTSN_ECOLI	SINGLE	2	76	238	20	5.573e-05	{P}
sp|P29131|FTSN_ECOLI	SINGLE	3	226	240	7	6.097e-05	{A}
sp|P29131|FTSN_ECOLI	SINGLE	4	4	27	7	8.692e-05	{R}
sp|P29131|FTSN_ECOLI	SINGLE	5	60	147	15	3.668e-04	{E}
sp|P29131|FTSN_ECOLI	SINGLE	6	28	42	6	5.574e-04	{A}
sp|P29131|FTSN_ECOLI	MULTIPLE	1	76	240	39	3.382e-05	{PA}
sp|P29131|FTSN_ECOLI	WHOLE	1	1	319	45	3.562e-12	{Q}
sp|P29131|FTSN_ECOLI	WHOLE	2	1	319	28	8.668e-04	{R}
sp|P29745|PEPT_ECOLI	SINGLE	1	207	221	5	2.875e-04	{N}
sp|P29745|PEPT_ECOLI	SINGLE	2	34	62	9	6.862e-04	{L}
sp|P30011|NADC_ECOLI	SINGLE	1	213	245	9	1.592e-04	{E}
sp|P30011|NADC_ECOLI	SINGLE	2	4	18	5	4.635e-04	{R}
sp|P30011|NADC_ECOLI	SINGLE	3	104	184	17	6.462e-04	{L}
sp|P30011|NADC_ECOLI	SINGLE	4	82	96	5	9.005e-04	{D}
sp|P30014|RNT_ECOLI	SINGLE	1	109	183	17	4.164e-05	{A}
sp|P30014|RNT_ECOLI	WHOLE	1	1	215	31	4.005e-04	{A}
sp|P30015|LHR_ECOLI	SINGLE	1	68	1524	144	3.931e-16	{R}
sp|P30015|LHR_ECOLI	SINGLE	2	749	1523	114	2.196e-07	{L}
sp|P30015|LHR_ECOLI	SINGLE	3	183	1495	149	1.696e-06	{A}
sp|P30015|LHR_ECOLI	SINGLE	4	1057	1072	6	3.390e-05	{Q}
sp|P30015|LHR_ECOLI	SINGLE	5	323	360	10	2.208e-04	{S}
sp|P30015|LHR_ECOLI	SINGLE	6	561	581	7	2.224e-04	{E}
sp|P30015|LHR_ECOLI	SINGLE	7	233	261	8	3.301e-04	{V}
sp|P30015|LHR_ECOLI	SINGLE	8	587	765	20	3.620e-04	{I}
sp|P30015|LHR_ECOLI	SINGLE	9	409	426	6	6.921e-04	{G}
sp|P30015|LHR_ECOLI	MULTIPLE	1	59	1526	482	7.438e-23	{RLA}
sp|P30015|LHR_ECOLI	WHOLE	1	1	1538	147	2.950e-15	{R}
sp|P30015|LHR_ECOLI	WHOLE	2	1	1538	166	7.494e-06	{A}
sp|P30015|LHR_ECOLI	WHOLE	3	1	1538	185	3.597e-05	{L}
sp|P30125|LEU3_ECOLI	SINGLE	1	283	345	16	1.609e-05	{A}
sp|P30125|LEU3_ECOLI	SINGLE	2	169	187	6	1.731e-04	{R}
sp|P30125|LEU3_ECOLI	SINGLE	3	142	156	6	2.293e-04	{G}
sp|P30125|LEU3_ECOLI	SINGLE	4	172	355	20	5.023e-04	{I}
sp|P30125|LEU3_ECOLI	SINGLE	5	56	97	8	5.252e-04	{P}
sp|P30125|LEU3_ECOLI	MULTIPLE	1	172	360	47	2.684e-06	{AI}
sp|P30131|HYPF_ECOLI	SINGLE	1	154	744	83	1.096e-07	{A}
sp|P30131|HYPF_ECOLI	SINGLE	2	54	393	36	3.234e-06	{P}
sp|P30131|HYPF_ECOLI	SINGLE	3	473	487	5	1.186e-05	{H}
sp|P30131|HYPF_ECOLI	SINGLE	4	109	184	8	2.702e-05	{C}
sp|P30131|HYPF_ECOLI	SINGLE	5	493	539	12	3.416e-05	{G}
sp|P30131|HYPF_ECOLI	SINGLE	6	651	666	4	7.491e-05	{W}
sp|P30131|HYPF_ECOLI	SINGLE	7	250	732	67	2.045e-04	{L}
sp|P30131|HYPF_ECOLI	SINGLE	8	353	375	6	5.293e-04	{R}
sp|P30131|HYPF_ECOLI	SINGLE	9	122	173	9	5.917e-04	{R}
sp|P30131|HYPF_ECOLI	MULTIPLE	1	104	725	297	4.075e-17	{APHCWLR}
sp|P30131|HYPF_ECOLI	WHOLE	1	1	750	91	1.110e-05	{A}
sp|P30131|HYPF_ECOLI	WHOLE	2	1	750	24	7.255e-04	{C}
sp|P30138|THIF_ECOLI	SINGLE	1	85	105	7	1.785e-05	{Q}
sp|P30138|THIF_ECOLI	SINGLE	2	35	53	7	1.246e-04	{G}
sp|P30138|THIF_ECOLI	SINGLE	3	14	112	21	1.506e-04	{L}
sp|P30138|THIF_ECOLI	SINGLE	4	3	127	17	3.846e-04	{D}
sp|P30138|THIF_ECOLI	MULTIPLE	1	12	124	49	2.153e-09	{QLD}
sp|P30139|THIG_ECOLI	SINGLE	1	21	256	41	8.191e-07	{A}
sp|P30139|THIG_ECOLI	SINGLE	2	176	214	9	5.782e-04	{V}
sp|P30139|THIG_ECOLI	WHOLE	1	1	256	42	2.659e-06	{A}
sp|P30140|THIH_ECOLI	SINGLE	1	7	309	30	9.241e-05	{R}
sp|P30140|THIH_ECOLI	WHOLE	1	1	377	34	1.898e-04	{R}
sp|P30147|HYI_ECOLI	SINGLE	1	4	36	7	2.116e-04	{F}
sp|P30176|RIBX_ECOLI	SINGLE	1	62	102	9	9.667e-05	{R}
sp|P30176|RIBX_ECOLI	SINGLE	2	132	146	6	2.293e-04	{G}
sp|P30176|RIBX_ECOLI	SINGLE	3	100	121	7	9.125e-04	{A}
sp|P30176|RIBX_ECOLI	MULTIPLE	1	62	121	19	6.811e-05	{RA}
sp|P30177|YBIB_ECOLI	SINGLE	1	75	164	13	2.077e-04	{P}
sp|P30178|HCXB_ECOLI	SINGLE	1	5	154	16	1.862e-07	{H}
sp|P30178|HCXB_ECOLI	SINGLE	2	71	134	17	4.748e-06	{A}
sp|P30178|HCXB_ECOLI	SINGLE	3	324	358	7	5.557e-04	{Q}
sp|P30178|HCXB_ECOLI	SINGLE	4	148	224	11	6.555e-04	{P}
sp|P30178|HCXB_ECOLI	SINGLE	5	136	175	7	6.984e-04	{F}
sp|P30178|HCXB_ECOLI	MULTIPLE	1	30	134	34	2.557e-10	{HA}
sp|P30178|HCXB_ECOLI	MULTIPLE	2	136	231	20	1.106e-04	{PF}
sp|P30178|HCXB_ECOLI	WHOLE	1	1	361	20	1.089e-04	{H}
sp|P30178|HCXB_ECOLI	WHOLE	2	1	361	47	2.135e-04	{A}
sp|P30745|MOAA_ECOLI	SINGLE	1	53	113	12	2.294e-05	{R}
sp|P30745|MOAA_ECOLI	SINGLE	2	171	239	7	6.437e-04	{H}
sp|P30745|MOAA_ECOLI	WHOLE	1	1	329	30	3.431e-04	{R}
sp|P30748|MOAD_ECOLI	SINGLE	1	18	54	10	3.371e-04	{A}
sp|P30750|METN_ECOLI	SINGLE	1	47	196	28	1.414e-04	{L}
sp|P30843|BASR_ECOLI	SINGLE	1	4	163	32	1.390e-05	{L}
sp|P30843|BASR_ECOLI	WHOLE	1	1	222	36	3.118e-04	{L}
sp|P30844|BASS_ECOLI	SINGLE	1	4	261	47	2.802e-06	{L}
sp|P30844|BASS_ECOLI	SINGLE	2	49	63	5	4.635e-04	{R}
sp|P30844|BASS_ECOLI	MULTIPLE	1	4	261	69	3.205e-08	{LR}
sp|P30844|BASS_ECOLI	WHOLE	1	1	363	54	1.451e-04	{L}
sp|P30847|BAES_ECOLI	SINGLE	1	169	366	36	3.490e-05	{L}
sp|P30847|BAES_ECOLI	SINGLE	2	94	132	9	5.332e-05	{P}
sp|P30847|BAES_ECOLI	SINGLE	3	32	418	34	2.945e-04	{R}
sp|P30847|BAES_ECOLI	SINGLE	4	172	191	7	4.883e-04	{A}
sp|P30847|BAES_ECOLI	MULTIPLE	1	121	362	82	5.174e-06	{LRA}
sp|P30847|BAES_ECOLI	WHOLE	1	1	467	38	5.650e-04	{R}
sp|P30850|RNB_ECOLI	SINGLE	1	338	579	29	4.108e-06	{R}
sp|P30850|RNB_ECOLI	SINGLE	2	66	80	7	1.843e-05	{E}
sp|P30850|RNB_ECOLI	SINGLE	3	176	220	10	1.216e-04	{D}
sp|P30850|RNB_ECOLI	SINGLE	4	109	596	60	1.690e-04	{A}
sp|P30850|RNB_ECOLI	SINGLE	5	3	18	5	4.085e-04	{Q}
sp|P30850|RNB_ECOLI	MULTIPLE	1	109	598	102	1.244e-07	{RA}
sp|P30850|RNB_ECOLI	WHOLE	1	1	644	50	2.959e-04	{R}
sp|P30855|EVGS_ECOLI	SINGLE	1	34	703	53	1.125e-05	{N}
sp|P30855|EVGS_ECOLI	SINGLE	2	878	897	7	1.244e-05	{Q}
sp|P30855|EVGS_ECOLI	SINGLE	3	1069	1156	10	1.960e-05	{H}
sp|P30855|EVGS_ECOLI	SINGLE	4	331	963	54	4.052e-05	{I}
sp|P30855|EVGS_ECOLI	SINGLE	5	955	1175	38	7.164e-05	{L}
sp|P30855|EVGS_ECOLI	SINGLE	6	129	184	10	1.947e-04	{P}
sp|P30855|EVGS_ECOLI	SINGLE	7	542	558	7	4.133e-04	{L}
sp|P30855|EVGS_ECOLI	SINGLE	8	1136	1189	9	9.404e-04	{I}
sp|P30855|EVGS_ECOLI	MULTIPLE	1	132	869	109	3.836e-07	{NI}
sp|P30855|EVGS_ECOLI	MULTIPLE	2	953	1189	70	1.504e-07	{HLI}
sp|P30855|EVGS_ECOLI	WHOLE	1	1	1197	89	4.145e-05	{I}
sp|P30855|EVGS_ECOLI	WHOLE	2	1	1197	76	2.381e-04	{N}
sp|P30855|EVGS_ECOLI	WHOLE	3	1	1197	140	5.728e-04	{L}
sp|P30863|DKGB_ECOLI	SINGLE	1	139	249	21	9.019e-05	{A}
sp|P30863|DKGB_ECOLI	SINGLE	2	19	219	22	2.592e-04	{I}
sp|P30863|DKGB_ECOLI	MULTIPLE	1	19	249	53	7.830e-06	{AI}
sp|P30870|GLNE_ECOLI	SINGLE	1	88	936	80	6.588e-09	{R}
sp|P30870|GLNE_ECOLI	SINGLE	2	344	626	54	1.349e-07	{L}
sp|P30870|GLNE_ECOLI	SINGLE	3	680	697	7	8.425e-05	{G}
sp|P30870|GLNE_ECOLI	SINGLE	4	440	454	6	2.062e-04	{E}
sp|P30870|GLNE_ECOLI	SINGLE	5	610	624	5	2.936e-04	{Q}
sp|P30870|GLNE_ECOLI	SINGLE	6	150	166	6	4.943e-04	{G}
sp|P30870|GLNE_ECOLI	SINGLE	7	9	461	34	7.353e-04	{Q}
sp|P30870|GLNE_ECOLI	SINGLE	8	517	667	23	9.294e-04	{A}
sp|P30870|GLNE_ECOLI	MULTIPLE	1	8	937	432	7.834e-19	{RLEQA}
sp|P30870|GLNE_ECOLI	WHOLE	1	1	946	81	2.658e-07	{R}
sp|P30870|GLNE_ECOLI	WHOLE	2	1	946	127	4.835e-06	{L}
sp|P30958|MFD_ECOLI	SINGLE	1	91	1140	89	1.164e-07	{R}
sp|P30958|MFD_ECOLI	SINGLE	2	870	885	7	5.137e-06	{I}
sp|P30958|MFD_ECOLI	SINGLE	3	533	582	13	7.316e-05	{A}
sp|P30958|MFD_ECOLI	SINGLE	4	183	198	6	1.335e-04	{D}
sp|P30958|MFD_ECOLI	SINGLE	5	18	545	72	2.055e-04	{L}
sp|P30958|MFD_ECOLI	SINGLE	6	842	918	8	2.346e-04	{H}
sp|P30958|MFD_ECOLI	SINGLE	7	951	1045	16	2.768e-04	{E}
sp|P30958|MFD_ECOLI	SINGLE	8	893	1125	37	3.857e-04	{L}
sp|P30958|MFD_ECOLI	SINGLE	9	25	39	6	5.574e-04	{A}
sp|P30958|MFD_ECOLI	SINGLE	10	254	317	10	5.648e-04	{P}
sp|P30958|MFD_ECOLI	SINGLE	11	581	599	5	6.080e-04	{F}
sp|P30958|MFD_ECOLI	MULTIPLE	1	17	1119	451	6.867e-14	{RALHE}
sp|P30958|MFD_ECOLI	WHOLE	1	1	1148	93	4.249e-07	{R}
sp|P30958|MFD_ECOLI	WHOLE	2	1	1148	140	1.264e-04	{L}
sp|P31057|PANB_ECOLI	SINGLE	1	63	108	13	2.908e-05	{A}
sp|P31057|PANB_ECOLI	SINGLE	2	107	224	18	5.043e-04	{G}
sp|P31057|PANB_ECOLI	SINGLE	3	163	180	7	6.140e-04	{L}
sp|P31057|PANB_ECOLI	MULTIPLE	1	63	224	44	1.109e-05	{AG}
sp|P31069|KCH_ECOLI	SINGLE	1	14	127	30	7.147e-08	{L}
sp|P31069|KCH_ECOLI	SINGLE	2	28	229	24	1.112e-06	{F}
sp|P31069|KCH_ECOLI	SINGLE	3	22	315	34	2.754e-06	{I}
sp|P31069|KCH_ECOLI	SINGLE	4	278	347	13	8.828e-05	{D}
sp|P31069|KCH_ECOLI	SINGLE	5	237	251	4	2.419e-04	{H}
sp|P31069|KCH_ECOLI	SINGLE	6	230	402	18	3.432e-04	{N}
sp|P31069|KCH_ECOLI	MULTIPLE	1	28	287	95	8.352e-13	{LFI}
sp|P31069|KCH_ECOLI	MULTIPLE	2	230	403	36	9.223e-06	{DN}
sp|P31069|KCH_ECOLI	WHOLE	1	1	417	40	3.095e-05	{I}
sp|P31069|KCH_ECOLI	WHOLE	2	1	417	58	4.388e-04	{L}
sp|P31119|AAS_ECOLI	SINGLE	1	7	280	28	9.082e-05	{R}
sp|P31119|AAS_ECOLI	SINGLE	2	172	285	10	1.664e-04	{M}
sp|P31119|AAS_ECOLI	SINGLE	3	265	301	10	3.371e-04	{A}
sp|P31119|AAS_ECOLI	SINGLE	4	504	611	17	4.949e-04	{G}
sp|P31119|AAS_ECOLI	SINGLE	5	403	478	10	5.726e-04	{F}
sp|P31119|AAS_ECOLI	MULTIPLE	1	171	201	17	2.230e-07	{RMA}
sp|P31120|GLMM_ECOLI	SINGLE	1	61	239	31	1.589e-05	{A}
sp|P31120|GLMM_ECOLI	SINGLE	2	237	345	19	6.766e-05	{G}
sp|P31120|GLMM_ECOLI	SINGLE	3	126	144	7	1.103e-04	{E}
sp|P31120|GLMM_ECOLI	SINGLE	4	235	260	7	3.644e-04	{D}
sp|P31120|GLMM_ECOLI	SINGLE	5	352	368	4	4.036e-04	{M}
sp|P31120|GLMM_ECOLI	MULTIPLE	1	55	368	87	3.088e-07	{AGM}
sp|P31120|GLMM_ECOLI	WHOLE	1	1	445	55	2.531e-04	{A}
sp|P31120|GLMM_ECOLI	WHOLE	2	1	445	48	3.098e-04	{G}
sp|P31129|DGCZ_ECOLI	SINGLE	1	22	102	9	5.931e-05	{H}
sp|P31129|DGCZ_ECOLI	SINGLE	2	110	192	19	1.089e-04	{L}
sp|P31133|POTF_ECOLI	SINGLE	1	234	343	20	2.178e-04	{A}
sp|P31134|POTG_ECOLI	SINGLE	1	64	223	13	4.310e-05	{M}
sp|P31134|POTG_ECOLI	SINGLE	2	192	377	27	4.743e-05	{V}
sp|P31134|POTG_ECOLI	MULTIPLE	1	77	377	47	3.274e-05	{MV}
sp|P31224|ACRB_ECOLI	SINGLE	1	104	125	8	2.126e-06	{Q}
sp|P31224|ACRB_ECOLI	SINGLE	2	324	454	22	2.571e-05	{V}
sp|P31224|ACRB_ECOLI	SINGLE	3	294	311	8	2.760e-05	{A}
sp|P31224|ACRB_ECOLI	SINGLE	4	1003	1029	9	2.861e-05	{V}
sp|P31224|ACRB_ECOLI	SINGLE	5	5	19	6	4.559e-05	{I}
sp|P31224|ACRB_ECOLI	SINGLE	6	994	1010	7	5.515e-05	{G}
sp|P31224|ACRB_ECOLI	SINGLE	7	76	1011	39	6.820e-05	{M}
sp|P31224|ACRB_ECOLI	SINGLE	8	316	682	30	8.225e-05	{F}
sp|P31224|ACRB_ECOLI	SINGLE	9	1019	1033	5	1.842e-04	{F}
sp|P31224|ACRB_ECOLI	SINGLE	10	876	989	22	4.040e-04	{L}
sp|P31224|ACRB_ECOLI	SINGLE	11	234	500	25	9.465e-04	{I}
sp|P31224|ACRB_ECOLI	MULTIPLE	1	57	1033	246	4.363e-10	{VMFI}
sp|P31224|ACRB_ECOLI	MULTIPLE	2	994	1029	20	1.552e-07	{VGF}
sp|P31224|ACRB_ECOLI	WHOLE	1	1	1049	42	8.672e-05	{M}
sp|P31224|ACRB_ECOLI	WHOLE	2	1	1049	97	1.235e-04	{V}
sp|P31460|DGOR_ECOLI	SINGLE	1	108	219	21	1.023e-04	{A}
sp|P31460|DGOR_ECOLI	SINGLE	2	42	71	7	3.809e-04	{R}
sp|P31466|ADEP_ECOLI	SINGLE	1	43	392	46	2.796e-06	{V}
sp|P31466|ADEP_ECOLI	SINGLE	2	299	324	10	6.090e-06	{S}
sp|P31466|ADEP_ECOLI	SINGLE	3	117	211	16	1.237e-05	{I}
sp|P31466|ADEP_ECOLI	SINGLE	4	107	366	36	1.464e-05	{G}
sp|P31466|ADEP_ECOLI	SINGLE	5	1	159	12	1.607e-04	{M}
sp|P31466|ADEP_ECOLI	SINGLE	6	400	442	9	1.739e-04	{I}
sp|P31466|ADEP_ECOLI	SINGLE	7	6	41	9	2.263e-04	{T}
sp|P31466|ADEP_ECOLI	SINGLE	8	36	100	9	7.315e-04	{F}
sp|P31466|ADEP_ECOLI	SINGLE	9	331	349	7	8.828e-04	{L}
sp|P31466|ADEP_ECOLI	MULTIPLE	1	11	369	203	1.104e-19	{VIGMFL}
sp|P31466|ADEP_ECOLI	WHOLE	1	1	445	52	1.759e-05	{V}
sp|P31466|ADEP_ECOLI	WHOLE	2	1	445	49	1.779e-04	{G}
sp|P31466|ADEP_ECOLI	WHOLE	3	1	445	39	2.183e-04	{I}
sp|P31466|ADEP_ECOLI	WHOLE	4	1	445	21	5.605e-04	{M}
sp|P31473|RAVA_ECOLI	SINGLE	1	289	497	31	2.001e-09	{Q}
sp|P31473|RAVA_ECOLI	SINGLE	2	6	485	75	2.243e-06	{L}
sp|P31473|RAVA_ECOLI	MULTIPLE	1	6	497	117	3.314e-10	{QL}
sp|P31473|RAVA_ECOLI	WHOLE	1	1	498	75	7.969e-06	{L}
sp|P31473|RAVA_ECOLI	WHOLE	2	1	498	42	2.131e-05	{Q}
sp|P31545|EFEB_ECOLI	SINGLE	1	108	129	6	3.601e-04	{P}
sp|P31545|EFEB_ECOLI	SINGLE	2	243	307	10	3.634e-04	{Q}
sp|P31545|EFEB_ECOLI	SINGLE	3	23	107	16	5.736e-04	{A}
sp|P31547|METI_ECOLI	SINGLE	1	159	183	10	1.917e-06	{G}
sp|P31547|METI_ECOLI	SINGLE	2	46	120	14	1.287e-05	{I}
sp|P31547|METI_ECOLI	SINGLE	3	10	214	27	2.215e-04	{V}
sp|P31547|METI_ECOLI	SINGLE	4	1	19	4	6.290e-04	{M}
sp|P31547|METI_ECOLI	SINGLE	5	91	169	15	7.543e-04	{A}
sp|P31547|METI_ECOLI	MULTIPLE	1	5	214	81	7.502e-09	{IVMA}
sp|P31547|METI_ECOLI	WHOLE	1	1	217	23	2.995e-04	{I}
sp|P31547|METI_ECOLI	WHOLE	2	1	217	27	5.101e-04	{V}
sp|P31550|THIB_ECOLI	SINGLE	1	232	316	17	1.980e-04	{A}
sp|P31550|THIB_ECOLI	SINGLE	2	52	87	10	8.979e-04	{L}
sp|P31551|CAID_ECOLI	SINGLE	1	50	206	29	8.572e-06	{A}
sp|P31551|CAID_ECOLI	SINGLE	2	54	109	12	1.969e-04	{G}
sp|P31551|CAID_ECOLI	SINGLE	3	32	127	12	2.797e-04	{F}
sp|P31551|CAID_ECOLI	MULTIPLE	1	68	142	35	1.560e-08	{AGF}
sp|P31551|CAID_ECOLI	WHOLE	1	1	261	36	3.523e-04	{A}
sp|P31552|CAIC_ECOLI	SINGLE	1	106	133	8	1.585e-05	{Q}
sp|P31552|CAIC_ECOLI	SINGLE	2	325	463	18	1.211e-04	{I}
sp|P31552|CAIC_ECOLI	SINGLE	3	232	253	8	1.455e-04	{A}
sp|P31552|CAIC_ECOLI	SINGLE	4	471	485	6	2.062e-04	{E}
sp|P31552|CAIC_ECOLI	SINGLE	5	72	507	17	5.223e-04	{C}
sp|P31552|CAIC_ECOLI	MULTIPLE	1	223	253	11	6.182e-05	{AC}
sp|P31553|CAIT_ECOLI	SINGLE	1	225	495	35	1.628e-07	{I}
sp|P31553|CAIT_ECOLI	SINGLE	2	27	409	21	3.745e-07	{W}
sp|P31553|CAIT_ECOLI	SINGLE	3	15	349	31	6.771e-06	{F}
sp|P31553|CAIT_ECOLI	SINGLE	4	283	300	4	5.076e-04	{M}
sp|P31553|CAIT_ECOLI	SINGLE	5	38	61	7	5.364e-04	{V}
sp|P31553|CAIT_ECOLI	MULTIPLE	1	10	495	123	8.195e-15	{IWFM}
sp|P31553|CAIT_ECOLI	WHOLE	1	1	504	23	2.316e-06	{W}
sp|P31553|CAIT_ECOLI	WHOLE	2	1	504	47	1.469e-05	{I}
sp|P31553|CAIT_ECOLI	WHOLE	3	1	504	37	1.209e-04	{F}
sp|P31554|LPTD_ECOLI	SINGLE	1	212	780	52	4.515e-09	{Y}
sp|P31554|LPTD_ECOLI	SINGLE	2	109	782	51	4.652e-05	{N}
sp|P31554|LPTD_ECOLI	SINGLE	3	26	649	58	5.145e-05	{D}
sp|P31554|LPTD_ECOLI	SINGLE	4	597	620	4	3.879e-04	{W}
sp|P31554|LPTD_ECOLI	SINGLE	5	482	499	4	5.076e-04	{M}
sp|P31554|LPTD_ECOLI	SINGLE	6	615	657	8	7.210e-04	{R}
sp|P31554|LPTD_ECOLI	MULTIPLE	1	46	765	229	1.697e-14	{YNDWR}
sp|P31554|LPTD_ECOLI	WHOLE	1	1	784	58	7.413e-07	{Y}
sp|P31554|LPTD_ECOLI	WHOLE	2	1	784	54	2.577e-04	{N}
sp|P31554|LPTD_ECOLI	WHOLE	3	1	784	64	5.939e-04	{D}
sp|P31572|CAIB_ECOLI	SINGLE	1	200	225	7	1.012e-06	{M}
sp|P31572|CAIB_ECOLI	SINGLE	2	129	245	13	3.535e-04	{Y}
sp|P31572|CAIB_ECOLI	SINGLE	3	163	183	7	6.750e-04	{A}
sp|P31658|HCHA_ECOLI	SINGLE	1	265	282	8	2.760e-05	{A}
sp|P31658|HCHA_ECOLI	SINGLE	2	134	213	16	2.956e-04	{A}
sp|P31660|PRPC_ECOLI	SINGLE	1	43	200	13	3.799e-05	{H}
sp|P31660|PRPC_ECOLI	SINGLE	2	303	341	6	1.692e-04	{M}
sp|P31660|PRPC_ECOLI	SINGLE	3	214	237	7	6.071e-04	{G}
sp|P31663|PANC_ECOLI	SINGLE	1	41	57	6	4.421e-04	{V}
sp|P31663|PANC_ECOLI	SINGLE	2	9	23	5	4.635e-04	{R}
sp|P31667|RPNA_ECOLI	SINGLE	1	95	195	9	3.053e-04	{M}
sp|P31677|OTSA_ECOLI	SINGLE	1	22	47	9	2.409e-05	{G}
sp|P31677|OTSA_ECOLI	SINGLE	2	107	201	21	8.387e-05	{L}
sp|P31677|OTSA_ECOLI	SINGLE	3	368	429	14	1.915e-04	{A}
sp|P31677|OTSA_ECOLI	SINGLE	4	18	35	7	2.360e-04	{A}
sp|P31677|OTSA_ECOLI	MULTIPLE	1	18	47	16	6.024e-07	{GA}
sp|P31678|OTSB_ECOLI	SINGLE	1	135	161	7	1.046e-04	{Q}
sp|P31678|OTSB_ECOLI	SINGLE	2	49	186	23	2.839e-04	{A}
sp|P31678|OTSB_ECOLI	MULTIPLE	1	43	186	35	2.583e-05	{QA}
sp|P31806|NNR_ECOLI	SINGLE	1	30	487	66	7.389e-07	{A}
sp|P31806|NNR_ECOLI	SINGLE	2	406	453	13	8.363e-06	{G}
sp|P31806|NNR_ECOLI	SINGLE	3	252	283	9	1.433e-04	{G}
sp|P31806|NNR_ECOLI	MULTIPLE	1	26	487	119	8.061e-11	{AG}
sp|P31806|NNR_ECOLI	WHOLE	1	1	515	68	9.067e-06	{A}
sp|P31806|NNR_ECOLI	WHOLE	2	1	515	53	4.625e-04	{G}
sp|P31979|NUOF_ECOLI	SINGLE	1	34	403	46	1.842e-05	{G}
sp|P31979|NUOF_ECOLI	SINGLE	2	139	153	6	5.574e-04	{A}
sp|P31979|NUOF_ECOLI	WHOLE	1	1	445	48	3.098e-04	{G}
sp|P31992|PPTA_ECOLI	SINGLE	1	25	68	9	2.079e-04	{I}
sp|P31992|PPTA_ECOLI	WHOLE	1	1	77	11	9.934e-04	{I}
sp|P32055|FCL_ECOLI	SINGLE	1	170	242	8	1.635e-04	{H}
sp|P32055|FCL_ECOLI	SINGLE	2	5	55	9	5.138e-04	{R}
sp|P32056|GMM_ECOLI	SINGLE	1	81	109	6	6.782e-04	{F}
sp|P32099|LPLA_ECOLI	SINGLE	1	26	71	9	2.379e-04	{R}
sp|P32099|LPLA_ECOLI	SINGLE	2	311	328	6	6.250e-04	{E}
sp|P32129|YIHG_ECOLI	SINGLE	1	9	42	10	3.306e-06	{I}
sp|P32129|YIHG_ECOLI	SINGLE	2	151	179	8	4.243e-05	{R}
sp|P32129|YIHG_ECOLI	SINGLE	3	4	158	29	1.065e-04	{L}
sp|P32129|YIHG_ECOLI	SINGLE	4	53	142	7	3.505e-04	{W}
sp|P32129|YIHG_ECOLI	MULTIPLE	1	4	158	36	3.663e-06	{LW}
sp|P32129|YIHG_ECOLI	WHOLE	1	1	310	46	4.021e-04	{L}
sp|P32131|HEMN_ECOLI	SINGLE	1	264	353	14	2.549e-05	{Q}
sp|P32131|HEMN_ECOLI	SINGLE	2	57	71	4	7.491e-05	{C}
sp|P32131|HEMN_ECOLI	SINGLE	3	257	419	20	4.772e-04	{D}
sp|P32131|HEMN_ECOLI	SINGLE	4	58	109	6	7.926e-04	{H}
sp|P32131|HEMN_ECOLI	MULTIPLE	1	252	424	37	3.441e-06	{QD}
sp|P32131|HEMN_ECOLI	MULTIPLE	2	57	109	10	2.215e-05	{CH}
sp|P32131|HEMN_ECOLI	WHOLE	1	1	457	36	2.476e-04	{Q}
sp|P32138|SQASE_ECOLI	SINGLE	1	79	668	25	3.129e-06	{W}
sp|P32138|SQASE_ECOLI	SINGLE	2	256	507	30	7.409e-04	{G}
sp|P32138|SQASE_ECOLI	SINGLE	3	394	534	10	8.334e-04	{M}
sp|P32138|SQASE_ECOLI	SINGLE	4	103	121	7	8.828e-04	{L}
sp|P32138|SQASE_ECOLI	MULTIPLE	1	244	550	62	1.151e-07	{WGM}
sp|P32138|SQASE_ECOLI	WHOLE	1	1	678	26	1.113e-05	{W}
sp|P32140|SQUS_ECOLI	SINGLE	1	3	375	21	2.459e-07	{W}
sp|P32140|SQUS_ECOLI	SINGLE	2	140	167	9	3.989e-05	{E}
sp|P32140|SQUS_ECOLI	SINGLE	3	176	260	9	8.587e-05	{H}
sp|P32140|SQUS_ECOLI	SINGLE	4	326	355	7	9.105e-05	{Y}
sp|P32140|SQUS_ECOLI	SINGLE	5	211	234	6	3.904e-04	{N}
sp|P32140|SQUS_ECOLI	MULTIPLE	1	3	386	38	3.179e-08	{WH}
sp|P32140|SQUS_ECOLI	WHOLE	1	1	413	21	1.210e-06	{W}
sp|P32143|SQUV_ECOLI	SINGLE	1	39	53	8	5.187e-06	{A}
sp|P32143|SQUV_ECOLI	SINGLE	2	135	272	23	2.839e-04	{A}
sp|P32143|SQUV_ECOLI	WHOLE	1	1	298	38	9.921e-04	{A}
sp|P32166|MENA_ECOLI	SINGLE	1	13	303	56	6.129e-08	{L}
sp|P32166|MENA_ECOLI	SINGLE	2	198	214	6	4.887e-05	{N}
sp|P32166|MENA_ECOLI	SINGLE	3	268	282	4	2.419e-04	{M}
sp|P32166|MENA_ECOLI	SINGLE	4	28	205	19	8.202e-04	{I}
sp|P32166|MENA_ECOLI	MULTIPLE	1	13	303	76	3.088e-08	{LI}
sp|P32166|MENA_ECOLI	WHOLE	1	1	308	56	3.989e-07	{L}
sp|P32170|RHAA_ECOLI	SINGLE	1	349	376	9	5.211e-04	{L}
sp|P32170|RHAA_ECOLI	SINGLE	2	294	329	8	5.570e-04	{D}
sp|P32171|RHAB_ECOLI	SINGLE	1	91	147	12	4.191e-06	{Q}
sp|P32171|RHAB_ECOLI	SINGLE	2	17	37	6	3.138e-04	{R}
sp|P32171|RHAB_ECOLI	SINGLE	3	328	417	7	5.260e-04	{C}
sp|P32171|RHAB_ECOLI	SINGLE	4	174	220	5	5.997e-04	{W}
sp|P32171|RHAB_ECOLI	SINGLE	5	232	253	7	9.125e-04	{A}
sp|P32176|FDOG_ECOLI	SINGLE	1	497	808	18	1.181e-06	{W}
sp|P32176|FDOG_ECOLI	SINGLE	2	786	870	14	2.988e-05	{P}
sp|P32176|FDOG_ECOLI	SINGLE	3	13	281	39	8.232e-05	{A}
sp|P32176|FDOG_ECOLI	SINGLE	4	410	996	61	1.644e-04	{G}
sp|P32176|FDOG_ECOLI	SINGLE	5	422	436	4	2.419e-04	{M}
sp|P32176|FDOG_ECOLI	MULTIPLE	1	410	985	97	4.895e-07	{WGM}
sp|P32176|FDOG_ECOLI	WHOLE	1	1	1015	92	5.440e-04	{G}
sp|P32176|FDOG_ECOLI	WHOLE	2	1	1015	28	8.916e-04	{W}
sp|P32177|FDHD_ECOLI	SINGLE	1	103	118	6	5.920e-05	{R}
sp|P32177|FDHD_ECOLI	SINGLE	2	37	54	6	6.200e-04	{V}
sp|P32662|GPH_ECOLI	SINGLE	1	22	41	7	4.883e-04	{A}
sp|P32664|NUDC_ECOLI	SINGLE	1	41	87	9	1.356e-04	{Q}
sp|P32664|NUDC_ECOLI	SINGLE	2	98	130	5	1.584e-04	{C}
sp|P32664|NUDC_ECOLI	SINGLE	3	12	55	5	4.441e-04	{W}
sp|P32664|NUDC_ECOLI	SINGLE	4	162	178	6	4.457e-04	{E}
sp|P32664|NUDC_ECOLI	SINGLE	5	127	141	5	5.275e-04	{I}
sp|P32664|NUDC_ECOLI	SINGLE	6	193	237	8	8.310e-04	{P}
sp|P32664|NUDC_ECOLI	MULTIPLE	1	41	60	8	8.075e-06	{QW}
sp|P32684|RLUF_ECOLI	SINGLE	1	244	288	13	1.818e-06	{K}
sp|P32695|DUSA_ECOLI	SINGLE	1	88	102	6	5.574e-04	{A}
sp|P32705|ACTP_ECOLI	SINGLE	1	7	25	9	4.569e-06	{A}
sp|P32705|ACTP_ECOLI	SINGLE	2	192	283	11	4.770e-06	{M}
sp|P32705|ACTP_ECOLI	SINGLE	3	39	541	41	6.197e-06	{F}
sp|P32705|ACTP_ECOLI	SINGLE	4	67	488	51	1.501e-05	{G}
sp|P32705|ACTP_ECOLI	SINGLE	5	319	440	24	1.648e-05	{A}
sp|P32705|ACTP_ECOLI	SINGLE	6	22	511	45	3.067e-05	{I}
sp|P32705|ACTP_ECOLI	SINGLE	7	90	216	25	1.333e-04	{L}
sp|P32705|ACTP_ECOLI	SINGLE	8	156	258	16	6.486e-04	{V}
sp|P32705|ACTP_ECOLI	MULTIPLE	1	4	524	221	3.323e-12	{AILV}
sp|P32705|ACTP_ECOLI	MULTIPLE	2	66	524	166	5.039e-15	{MFGA}
sp|P32705|ACTP_ECOLI	WHOLE	1	1	549	42	2.049e-05	{F}
sp|P32705|ACTP_ECOLI	WHOLE	2	1	549	70	2.089e-05	{A}
sp|P32705|ACTP_ECOLI	WHOLE	3	1	549	58	1.543e-04	{G}
sp|P32705|ACTP_ECOLI	WHOLE	4	1	549	46	1.846e-04	{I}
sp|P32717|LPAKS_ECOLI	SINGLE	1	570	593	8	4.328e-06	{N}
sp|P32717|LPAKS_ECOLI	SINGLE	2	415	434	6	6.498e-05	{Y}
sp|P32717|LPAKS_ECOLI	SINGLE	3	15	36	8	1.455e-04	{A}
sp|P32717|LPAKS_ECOLI	SINGLE	4	55	93	9	1.934e-04	{D}
sp|P32717|LPAKS_ECOLI	SINGLE	5	338	503	18	2.131e-04	{N}
sp|P32717|LPAKS_ECOLI	SINGLE	6	112	277	19	3.702e-04	{I}
sp|P32717|LPAKS_ECOLI	SINGLE	7	308	340	8	6.120e-04	{T}
sp|P32717|LPAKS_ECOLI	SINGLE	8	38	63	6	6.261e-04	{Q}
sp|P32717|LPAKS_ECOLI	SINGLE	9	167	185	4	6.290e-04	{H}
sp|P32717|LPAKS_ECOLI	SINGLE	10	622	640	6	6.596e-04	{K}
sp|P32717|LPAKS_ECOLI	SINGLE	11	333	360	4	7.038e-04	{W}
sp|P32717|LPAKS_ECOLI	MULTIPLE	1	333	509	39	4.179e-07	{YNW}
sp|P32717|LPAKS_ECOLI	MULTIPLE	2	38	93	15	1.926e-04	{DQ}
sp|P32717|LPAKS_ECOLI	WHOLE	1	1	661	48	1.747e-04	{N}
sp|P32719|ALSE_ECOLI	SINGLE	1	156	171	6	3.084e-04	{E}
sp|P33013|DACD_ECOLI	SINGLE	1	160	200	6	2.231e-04	{H}
sp|P33013|DACD_ECOLI	SINGLE	2	74	139	11	7.252e-04	{D}
sp|P33015|TSUA_ECOLI	SINGLE	1	70	108	12	4.426e-06	{G}
sp|P33015|TSUA_ECOLI	SINGLE	2	286	307	9	5.048e-06	{G}
sp|P33015|TSUA_ECOLI	SINGLE	3	316	334	4	1.525e-04	{W}
sp|P33015|TSUA_ECOLI	SINGLE	4	153	168	6	3.059e-04	{V}
sp|P33015|TSUA_ECOLI	SINGLE	5	310	325	4	3.155e-04	{M}
sp|P33015|TSUA_ECOLI	SINGLE	6	265	279	6	5.574e-04	{A}
sp|P33015|TSUA_ECOLI	MULTIPLE	1	310	334	8	1.885e-06	{WM}
sp|P33015|TSUA_ECOLI	WHOLE	1	1	352	42	9.293e-05	{G}
sp|P33018|SFGH2_ECOLI	SINGLE	1	27	44	7	9.109e-06	{P}
sp|P33018|SFGH2_ECOLI	SINGLE	2	202	243	10	9.468e-04	{A}
sp|P33022|RIHB_ECOLI	SINGLE	1	6	147	19	5.313e-05	{I}
sp|P33022|RIHB_ECOLI	SINGLE	2	1	220	13	8.302e-04	{M}
sp|P33022|RIHB_ECOLI	MULTIPLE	1	1	220	35	4.164e-06	{IM}
sp|P33022|RIHB_ECOLI	WHOLE	1	1	313	28	9.840e-04	{I}
sp|P33025|PSUG_ECOLI	SINGLE	1	104	311	32	1.105e-04	{A}
sp|P33025|PSUG_ECOLI	SINGLE	2	124	139	6	3.425e-04	{G}
sp|P33025|PSUG_ECOLI	MULTIPLE	1	104	312	52	2.590e-05	{AG}
sp|P33030|YEIR_ECOLI	SINGLE	1	48	129	20	2.952e-05	{L}
sp|P33030|YEIR_ECOLI	SINGLE	2	180	225	7	5.302e-05	{H}
sp|P33030|YEIR_ECOLI	SINGLE	3	163	177	5	2.936e-04	{Q}
sp|P33030|YEIR_ECOLI	SINGLE	4	40	96	11	8.553e-04	{G}
sp|P33030|YEIR_ECOLI	MULTIPLE	1	40	129	31	7.642e-06	{LG}
sp|P33030|YEIR_ECOLI	WHOLE	1	1	328	49	2.429e-04	{L}
sp|P33195|GCSP_ECOLI	SINGLE	1	13	927	112	9.908e-07	{A}
sp|P33195|GCSP_ECOLI	SINGLE	2	675	725	13	1.680e-05	{G}
sp|P33195|GCSP_ECOLI	SINGLE	3	324	737	23	3.550e-05	{H}
sp|P33195|GCSP_ECOLI	SINGLE	4	488	522	6	9.194e-05	{M}
sp|P33195|GCSP_ECOLI	SINGLE	5	443	471	8	1.179e-04	{D}
sp|P33195|GCSP_ECOLI	SINGLE	6	175	253	14	3.737e-04	{V}
sp|P33195|GCSP_ECOLI	SINGLE	7	25	57	7	3.857e-04	{Q}
sp|P33195|GCSP_ECOLI	SINGLE	8	259	281	7	4.607e-04	{G}
sp|P33195|GCSP_ECOLI	SINGLE	9	524	539	5	5.733e-04	{P}
sp|P33195|GCSP_ECOLI	MULTIPLE	1	13	927	177	1.953e-10	{AHM}
sp|P33195|GCSP_ECOLI	WHOLE	1	1	957	112	6.711e-06	{A}
sp|P33221|PURT_ECOLI	SINGLE	1	192	390	26	3.164e-04	{V}
sp|P33221|PURT_ECOLI	SINGLE	2	367	385	7	3.444e-04	{A}
sp|P33221|PURT_ECOLI	MULTIPLE	1	187	390	48	1.504e-04	{VA}
sp|P33221|PURT_ECOLI	WHOLE	1	1	392	41	8.567e-04	{V}
sp|P33224|AIDB_ECOLI	SINGLE	1	60	483	41	1.145e-05	{R}
sp|P33224|AIDB_ECOLI	SINGLE	2	15	533	74	4.960e-05	{L}
sp|P33224|AIDB_ECOLI	SINGLE	3	172	190	7	1.246e-04	{G}
sp|P33224|AIDB_ECOLI	SINGLE	4	359	381	8	2.057e-04	{A}
sp|P33224|AIDB_ECOLI	SINGLE	5	294	310	4	4.036e-04	{M}
sp|P33224|AIDB_ECOLI	SINGLE	6	104	141	10	4.217e-04	{A}
sp|P33224|AIDB_ECOLI	SINGLE	7	307	325	4	6.290e-04	{H}
sp|P33224|AIDB_ECOLI	SINGLE	8	459	528	10	6.449e-04	{Q}
sp|P33224|AIDB_ECOLI	MULTIPLE	1	20	538	279	5.699e-15	{RLGAMHQ}
sp|P33224|AIDB_ECOLI	WHOLE	1	1	541	45	1.361e-04	{R}
sp|P33224|AIDB_ECOLI	WHOLE	2	1	541	74	1.608e-04	{L}
sp|P33225|TORA_ECOLI	SINGLE	1	396	429	13	1.051e-07	{G}
sp|P33225|TORA_ECOLI	SINGLE	2	99	128	8	5.509e-05	{R}
sp|P33225|TORA_ECOLI	SINGLE	3	449	510	11	1.613e-04	{I}
sp|P33225|TORA_ECOLI	SINGLE	4	37	74	10	4.217e-04	{A}
sp|P33225|TORA_ECOLI	SINGLE	5	740	756	6	4.421e-04	{V}
sp|P33225|TORA_ECOLI	SINGLE	6	215	241	4	6.125e-04	{W}
sp|P33225|TORA_ECOLI	SINGLE	7	558	635	10	6.976e-04	{F}
sp|P33225|TORA_ECOLI	SINGLE	8	669	702	5	7.231e-04	{H}
sp|P33225|TORA_ECOLI	SINGLE	9	425	447	7	7.500e-04	{S}
sp|P33226|TORC_ECOLI	SINGLE	1	23	39	6	1.019e-04	{I}
sp|P33226|TORC_ECOLI	SINGLE	2	36	179	11	2.635e-04	{H}
sp|P33226|TORC_ECOLI	SINGLE	3	48	173	8	8.033e-04	{C}
sp|P33226|TORC_ECOLI	SINGLE	4	283	302	6	8.986e-04	{T}
sp|P33226|TORC_ECOLI	MULTIPLE	1	36	179	19	1.838e-06	{HC}
sp|P33231|LLDP_ECOLI	SINGLE	1	27	467	40	6.523e-07	{F}
sp|P33231|LLDP_ECOLI	SINGLE	2	42	510	67	8.305e-07	{A}
sp|P33231|LLDP_ECOLI	SINGLE	3	80	253	25	1.219e-06	{I}
sp|P33231|LLDP_ECOLI	SINGLE	4	122	232	18	2.473e-04	{G}
sp|P33231|LLDP_ECOLI	SINGLE	5	249	485	37	5.195e-04	{L}
sp|P33231|LLDP_ECOLI	MULTIPLE	1	19	515	257	4.404e-19	{FAIGL}
sp|P33231|LLDP_ECOLI	WHOLE	1	1	551	43	1.054e-05	{F}
sp|P33231|LLDP_ECOLI	WHOLE	2	1	551	71	1.339e-05	{A}
sp|P33231|LLDP_ECOLI	WHOLE	3	1	551	47	1.109e-04	{I}
sp|P33232|LLDD_ECOLI	SINGLE	1	287	396	23	8.891e-06	{A}
sp|P33232|LLDD_ECOLI	SINGLE	2	191	244	6	1.375e-04	{W}
sp|P33232|LLDD_ECOLI	SINGLE	3	74	98	8	3.852e-04	{A}
sp|P33232|LLDD_ECOLI	SINGLE	4	196	343	21	4.884e-04	{G}
sp|P33232|LLDD_ECOLI	SINGLE	5	219	324	15	5.331e-04	{D}
sp|P33232|LLDD_ECOLI	MULTIPLE	1	216	345	50	6.182e-07	{AGD}
sp|P33232|LLDD_ECOLI	WHOLE	1	1	396	54	2.718e-05	{A}
sp|P33371|DUSC_ECOLI	SINGLE	1	88	109	7	3.432e-04	{G}
sp|P33371|DUSC_ECOLI	SINGLE	2	181	230	9	5.424e-04	{I}
sp|P33570|TKT2_ECOLI	SINGLE	1	25	291	18	2.111e-05	{H}
sp|P33570|TKT2_ECOLI	SINGLE	2	254	667	55	4.554e-05	{A}
sp|P33570|TKT2_ECOLI	SINGLE	3	69	86	8	8.554e-05	{L}
sp|P33570|TKT2_ECOLI	SINGLE	4	98	194	17	1.443e-04	{G}
sp|P33570|TKT2_ECOLI	SINGLE	5	120	134	6	5.574e-04	{A}
sp|P33570|TKT2_ECOLI	SINGLE	6	257	323	12	8.462e-04	{E}
sp|P33570|TKT2_ECOLI	MULTIPLE	1	201	509	81	4.927e-06	{HAE}
sp|P33570|TKT2_ECOLI	WHOLE	1	1	667	76	2.739e-04	{A}
sp|P33599|NUOCD_ECOLI	SINGLE	1	485	500	6	5.149e-05	{P}
sp|P33599|NUOCD_ECOLI	SINGLE	2	402	455	11	5.453e-04	{G}
sp|P33599|NUOCD_ECOLI	SINGLE	3	14	475	37	8.314e-04	{R}
sp|P33602|NUOG_ECOLI	SINGLE	1	387	614	46	1.957e-09	{A}
sp|P33602|NUOG_ECOLI	SINGLE	2	23	263	16	1.821e-06	{C}
sp|P33602|NUOG_ECOLI	SINGLE	3	126	456	34	1.746e-05	{R}
sp|P33602|NUOG_ECOLI	SINGLE	4	522	547	8	1.697e-04	{G}
sp|P33602|NUOG_ECOLI	SINGLE	5	155	180	6	3.065e-04	{Y}
sp|P33602|NUOG_ECOLI	SINGLE	6	696	716	6	3.138e-04	{R}
sp|P33602|NUOG_ECOLI	SINGLE	7	99	146	6	5.219e-04	{H}
sp|P33602|NUOG_ECOLI	MULTIPLE	1	99	286	54	1.084e-09	{CRYH}
sp|P33602|NUOG_ECOLI	WHOLE	1	1	908	97	4.262e-04	{A}
sp|P33602|NUOG_ECOLI	WHOLE	2	1	908	63	8.927e-04	{R}
sp|P33607|NUOL_ECOLI	SINGLE	1	79	612	90	9.661e-09	{L}
sp|P33607|NUOL_ECOLI	SINGLE	2	165	422	42	3.227e-06	{A}
sp|P33607|NUOL_ECOLI	SINGLE	3	510	558	7	7.455e-06	{W}
sp|P33607|NUOL_ECOLI	SINGLE	4	68	432	22	1.592e-05	{M}
sp|P33607|NUOL_ECOLI	SINGLE	5	15	437	33	9.133e-05	{F}
sp|P33607|NUOL_ECOLI	SINGLE	6	438	453	4	3.155e-04	{H}
sp|P33607|NUOL_ECOLI	SINGLE	7	14	532	53	5.444e-04	{G}
sp|P33607|NUOL_ECOLI	SINGLE	8	29	503	48	7.366e-04	{V}
sp|P33607|NUOL_ECOLI	MULTIPLE	1	10	612	363	3.502e-29	{LAWMFGV}
sp|P33607|NUOL_ECOLI	WHOLE	1	1	613	99	1.664e-08	{L}
sp|P33607|NUOL_ECOLI	WHOLE	2	1	613	29	6.584e-05	{M}
sp|P33607|NUOL_ECOLI	WHOLE	3	1	613	69	6.104e-04	{A}
sp|P33643|RLUD_ECOLI	SINGLE	1	192	245	10	2.199e-07	{H}
sp|P33643|RLUD_ECOLI	SINGLE	2	157	285	18	3.346e-05	{R}
sp|P33643|RLUD_ECOLI	SINGLE	3	82	96	6	4.559e-05	{I}
sp|P33643|RLUD_ECOLI	SINGLE	4	57	91	9	2.548e-04	{E}
sp|P33643|RLUD_ECOLI	SINGLE	5	246	260	5	4.135e-04	{P}
sp|P33643|RLUD_ECOLI	MULTIPLE	1	188	260	30	1.297e-10	{HRP}
sp|P33643|RLUD_ECOLI	MULTIPLE	2	63	96	16	2.105e-07	{IE}
sp|P33643|RLUD_ECOLI	WHOLE	1	1	326	18	2.337e-04	{H}
sp|P33644|PGEF_ECOLI	SINGLE	1	84	203	24	1.247e-05	{A}
sp|P33644|PGEF_ECOLI	SINGLE	2	100	141	5	4.912e-04	{C}
sp|P33644|PGEF_ECOLI	MULTIPLE	1	84	203	29	1.267e-06	{AC}
sp|P33650|FEOB_ECOLI	SINGLE	1	359	487	15	1.449e-07	{M}
sp|P33650|FEOB_ECOLI	SINGLE	2	54	397	57	5.583e-06	{L}
sp|P33650|FEOB_ECOLI	SINGLE	3	270	628	31	2.454e-05	{F}
sp|P33650|FEOB_ECOLI	SINGLE	4	217	254	11	9.130e-05	{A}
sp|P33650|FEOB_ECOLI	SINGLE	5	434	454	8	1.005e-04	{A}
sp|P33650|FEOB_ECOLI	SINGLE	6	66	561	42	2.652e-04	{I}
sp|P33650|FEOB_ECOLI	SINGLE	7	17	70	11	3.177e-04	{T}
sp|P33650|FEOB_ECOLI	SINGLE	8	743	757	5	4.635e-04	{R}
sp|P33650|FEOB_ECOLI	SINGLE	9	486	585	16	4.758e-04	{V}
sp|P33650|FEOB_ECOLI	SINGLE	10	595	612	6	6.250e-04	{E}
sp|P33650|FEOB_ECOLI	SINGLE	11	523	551	8	6.512e-04	{S}
sp|P33650|FEOB_ECOLI	MULTIPLE	1	76	585	257	7.401e-14	{MLFAIV}
sp|P33650|FEOB_ECOLI	WHOLE	1	1	773	99	1.883e-04	{L}
sp|P33650|FEOB_ECOLI	WHOLE	2	1	773	57	7.477e-04	{I}
sp|P33667|SELU_ECOLI	SINGLE	1	57	189	17	4.788e-05	{Q}
sp|P33667|SELU_ECOLI	SINGLE	2	262	284	5	1.114e-04	{H}
sp|P33667|SELU_ECOLI	SINGLE	3	12	140	22	2.743e-04	{A}
sp|P33667|SELU_ECOLI	SINGLE	4	157	329	29	6.176e-04	{L}
sp|P33667|SELU_ECOLI	SINGLE	5	215	359	20	7.155e-04	{E}
sp|P33667|SELU_ECOLI	SINGLE	6	148	180	8	9.330e-04	{G}
sp|P33667|SELU_ECOLI	MULTIPLE	1	47	331	141	6.796e-08	{QALEG}
sp|P33913|YEJA_ECOLI	SINGLE	1	194	587	19	7.648e-06	{W}
sp|P33913|YEJA_ECOLI	SINGLE	2	9	353	28	1.499e-04	{F}
sp|P33913|YEJA_ECOLI	SINGLE	3	474	489	4	3.155e-04	{M}
sp|P33913|YEJA_ECOLI	SINGLE	4	493	507	6	3.585e-04	{S}
sp|P33913|YEJA_ECOLI	SINGLE	5	473	487	5	4.635e-04	{R}
sp|P33913|YEJA_ECOLI	SINGLE	6	223	532	26	5.806e-04	{N}
sp|P33913|YEJA_ECOLI	SINGLE	7	187	212	6	9.176e-04	{P}
sp|P33913|YEJA_ECOLI	MULTIPLE	1	218	587	45	1.585e-06	{WN}
sp|P33913|YEJA_ECOLI	MULTIPLE	2	473	489	9	5.295e-07	{MR}
sp|P33913|YEJA_ECOLI	WHOLE	1	1	604	20	5.625e-04	{W}
sp|P33916|YEJF_ECOLI	SINGLE	1	339	524	24	1.458e-06	{Q}
sp|P33916|YEJF_ECOLI	SINGLE	2	5	499	76	3.646e-06	{L}
sp|P33916|YEJF_ECOLI	SINGLE	3	248	271	7	7.435e-05	{P}
sp|P33916|YEJF_ECOLI	SINGLE	4	123	164	9	1.172e-04	{R}
sp|P33916|YEJF_ECOLI	SINGLE	5	434	448	5	5.275e-04	{I}
sp|P33916|YEJF_ECOLI	SINGLE	6	354	438	12	5.340e-04	{R}
sp|P33916|YEJF_ECOLI	SINGLE	7	475	494	4	7.691e-04	{H}
sp|P33916|YEJF_ECOLI	MULTIPLE	1	3	528	214	7.711e-15	{QLRIH}
sp|P33916|YEJF_ECOLI	WHOLE	1	1	529	79	6.544e-06	{L}
sp|P33916|YEJF_ECOLI	WHOLE	2	1	529	43	3.935e-05	{Q}
sp|P33919|RADD_ECOLI	SINGLE	1	384	451	8	1.206e-05	{C}
sp|P33919|RADD_ECOLI	SINGLE	2	409	585	22	2.995e-05	{R}
sp|P33919|RADD_ECOLI	SINGLE	3	417	503	14	2.244e-04	{D}
sp|P33919|RADD_ECOLI	SINGLE	4	383	431	8	4.802e-04	{F}
sp|P33919|RADD_ECOLI	SINGLE	5	35	81	11	6.339e-04	{A}
sp|P33919|RADD_ECOLI	MULTIPLE	1	383	579	62	2.324e-08	{CRDF}
sp|P33919|RADD_ECOLI	WHOLE	1	1	586	47	2.153e-04	{R}
sp|P33937|NAPA_ECOLI	SINGLE	1	11	31	11	1.072e-07	{A}
sp|P33937|NAPA_ECOLI	SINGLE	2	732	784	11	2.954e-05	{R}
sp|P33937|NAPA_ECOLI	SINGLE	3	257	281	7	1.370e-04	{I}
sp|P33937|NAPA_ECOLI	SINGLE	4	180	219	6	1.947e-04	{M}
sp|P33937|NAPA_ECOLI	SINGLE	5	46	81	5	2.398e-04	{C}
sp|P33937|NAPA_ECOLI	SINGLE	6	543	564	6	2.422e-04	{Q}
sp|P33937|NAPA_ECOLI	SINGLE	7	229	291	10	2.737e-04	{N}
sp|P33937|NAPA_ECOLI	SINGLE	8	572	632	12	3.680e-04	{E}
sp|P33937|NAPA_ECOLI	SINGLE	9	370	725	14	7.286e-04	{W}
sp|P33937|NAPA_ECOLI	SINGLE	10	22	198	23	8.877e-04	{G}
sp|P33937|NAPA_ECOLI	MULTIPLE	1	255	282	13	3.129e-07	{IN}
sp|P33937|NAPA_ECOLI	MULTIPLE	2	50	198	28	6.336e-05	{MG}
sp|P33937|NAPA_ECOLI	MULTIPLE	3	543	561	7	5.550e-05	{QW}
sp|P35340|AHPF_ECOLI	SINGLE	1	156	504	42	7.790e-05	{G}
sp|P35340|AHPF_ECOLI	SINGLE	2	193	232	11	1.490e-04	{A}
sp|P35340|AHPF_ECOLI	SINGLE	3	149	499	31	7.050e-04	{I}
sp|P35340|AHPF_ECOLI	MULTIPLE	1	149	511	112	6.250e-08	{GAI}
sp|P36548|AMIA_ECOLI	SINGLE	1	54	77	8	9.162e-05	{G}
sp|P36548|AMIA_ECOLI	SINGLE	2	35	56	7	2.255e-04	{K}
sp|P36548|AMIA_ECOLI	SINGLE	3	142	178	10	3.371e-04	{A}
sp|P36548|AMIA_ECOLI	MULTIPLE	1	35	81	18	7.401e-06	{GK}
sp|P36553|HEM6_ECOLI	SINGLE	1	219	239	7	3.384e-05	{R}
sp|P36553|HEM6_ECOLI	SINGLE	2	111	201	13	4.265e-05	{F}
sp|P36553|HEM6_ECOLI	SINGLE	3	41	59	7	1.246e-04	{G}
sp|P36553|HEM6_ECOLI	SINGLE	4	64	106	6	2.895e-04	{H}
sp|P36553|HEM6_ECOLI	SINGLE	5	7	22	5	4.085e-04	{Q}
sp|P36649|CUEO_ECOLI	SINGLE	1	355	396	14	1.562e-13	{M}
sp|P36649|CUEO_ECOLI	SINGLE	2	381	505	16	1.467e-08	{H}
sp|P36649|CUEO_ECOLI	SINGLE	3	53	123	15	4.130e-05	{G}
sp|P36649|CUEO_ECOLI	SINGLE	4	265	341	12	1.766e-04	{P}
sp|P36649|CUEO_ECOLI	SINGLE	5	33	99	12	5.724e-04	{T}
sp|P36649|CUEO_ECOLI	SINGLE	6	392	418	6	7.524e-04	{N}
sp|P36649|CUEO_ECOLI	SINGLE	7	164	201	8	8.027e-04	{D}
sp|P36649|CUEO_ECOLI	SINGLE	8	268	300	8	8.166e-04	{V}
sp|P36649|CUEO_ECOLI	MULTIPLE	1	355	511	37	2.774e-17	{MH}
sp|P36649|CUEO_ECOLI	MULTIPLE	2	41	123	26	6.274e-06	{GT}
sp|P36649|CUEO_ECOLI	MULTIPLE	3	265	341	21	5.307e-05	{PV}
sp|P36649|CUEO_ECOLI	WHOLE	1	1	516	29	3.365e-06	{M}
sp|P36649|CUEO_ECOLI	WHOLE	2	1	516	23	6.805e-04	{H}
sp|P36655|DSBD_ECOLI	SINGLE	1	163	533	65	2.105e-07	{L}
sp|P36655|DSBD_ECOLI	SINGLE	2	130	188	11	6.493e-05	{P}
sp|P36655|DSBD_ECOLI	SINGLE	3	29	283	25	8.610e-05	{Q}
sp|P36655|DSBD_ECOLI	SINGLE	4	284	337	12	1.387e-04	{G}
sp|P36655|DSBD_ECOLI	SINGLE	5	18	41	6	2.346e-04	{F}
sp|P36655|DSBD_ECOLI	SINGLE	6	439	455	6	3.477e-04	{T}
sp|P36655|DSBD_ECOLI	SINGLE	7	109	519	51	3.588e-04	{A}
sp|P36655|DSBD_ECOLI	SINGLE	8	385	412	4	7.038e-04	{W}
sp|P36655|DSBD_ECOLI	MULTIPLE	1	155	479	155	2.154e-12	{LQGAW}
sp|P36655|DSBD_ECOLI	WHOLE	1	1	565	79	5.584e-05	{L}
sp|P36655|DSBD_ECOLI	WHOLE	2	1	565	43	1.523e-04	{Q}
sp|P36672|PTTBC_ECOLI	SINGLE	1	5	472	50	2.067e-07	{I}
sp|P36672|PTTBC_ECOLI	SINGLE	2	405	430	10	2.909e-06	{G}
sp|P36672|PTTBC_ECOLI	SINGLE	3	118	277	29	1.810e-04	{L}
sp|P36672|PTTBC_ECOLI	SINGLE	4	253	271	6	8.474e-04	{V}
sp|P36672|PTTBC_ECOLI	MULTIPLE	1	10	473	194	4.875e-12	{IGLV}
sp|P36672|PTTBC_ECOLI	WHOLE	1	1	473	50	2.777e-07	{I}
sp|P36672|PTTBC_ECOLI	WHOLE	2	1	473	49	6.067e-04	{G}
sp|P36675|ARFA_ECOLI	SINGLE	1	31	57	8	1.406e-04	{K}
sp|P36680|ZAPD_ECOLI	SINGLE	1	6	211	36	7.717e-05	{L}
sp|P36680|ZAPD_ECOLI	SINGLE	2	70	214	17	1.344e-04	{Q}
sp|P36680|ZAPD_ECOLI	MULTIPLE	1	2	214	57	1.440e-07	{LQ}
sp|P36680|ZAPD_ECOLI	WHOLE	1	1	247	39	3.155e-04	{L}
sp|P36680|ZAPD_ECOLI	WHOLE	2	1	247	22	7.039e-04	{Q}
sp|P36683|ACNB_ECOLI	SINGLE	1	10	163	29	5.908e-06	{A}
sp|P36683|ACNB_ECOLI	SINGLE	2	208	583	47	1.342e-05	{G}
sp|P36683|ACNB_ECOLI	SINGLE	3	801	815	7	6.097e-05	{A}
sp|P36683|ACNB_ECOLI	SINGLE	4	661	690	8	1.518e-04	{D}
sp|P36683|ACNB_ECOLI	SINGLE	5	544	714	19	5.219e-04	{I}
sp|P36683|ACNB_ECOLI	SINGLE	6	653	668	6	8.219e-04	{A}
sp|P36683|ACNB_ECOLI	MULTIPLE	1	660	691	16	6.501e-07	{DA}
sp|P36683|ACNB_ECOLI	WHOLE	1	1	865	97	9.869e-05	{A}
sp|P36837|DTPB_ECOLI	SINGLE	1	16	437	42	3.072e-08	{F}
sp|P36837|DTPB_ECOLI	SINGLE	2	62	479	65	1.067e-05	{L}
sp|P36837|DTPB_ECOLI	SINGLE	3	217	249	10	2.622e-05	{V}
sp|P36837|DTPB_ECOLI	SINGLE	4	1	482	25	4.969e-05	{M}
sp|P36837|DTPB_ECOLI	SINGLE	5	29	120	16	2.395e-04	{G}
sp|P36837|DTPB_ECOLI	SINGLE	6	67	332	26	4.344e-04	{I}
sp|P36837|DTPB_ECOLI	SINGLE	7	359	373	6	5.574e-04	{A}
sp|P36837|DTPB_ECOLI	MULTIPLE	1	7	476	299	5.984e-23	{FLVMGIA}
sp|P36837|DTPB_ECOLI	WHOLE	1	1	489	43	5.956e-07	{F}
sp|P36837|DTPB_ECOLI	WHOLE	2	1	489	25	6.299e-05	{M}
sp|P36837|DTPB_ECOLI	WHOLE	3	1	489	69	1.102e-04	{L}
sp|P36929|RSMB_ECOLI	SINGLE	1	4	170	20	2.869e-05	{Q}
sp|P36929|RSMB_ECOLI	SINGLE	2	25	153	25	1.694e-04	{L}
sp|P36929|RSMB_ECOLI	SINGLE	3	330	344	5	4.635e-04	{R}
sp|P36929|RSMB_ECOLI	MULTIPLE	1	4	162	45	4.980e-07	{QL}
sp|P36929|RSMB_ECOLI	WHOLE	1	1	429	35	1.605e-04	{Q}
sp|P36937|KDPF_ECOLI	SINGLE	1	9	23	7	1.659e-04	{L}
sp|P36979|RLMN_ECOLI	SINGLE	1	175	195	5	7.041e-05	{M}
sp|P36979|RLMN_ECOLI	SINGLE	2	118	132	4	7.491e-05	{C}
sp|P36979|RLMN_ECOLI	SINGLE	3	321	373	9	6.786e-04	{R}
sp|P37001|PAGP_ECOLI	SINGLE	1	30	118	10	8.376e-07	{W}
sp|P37001|PAGP_ECOLI	SINGLE	2	77	93	6	4.943e-04	{G}
sp|P37001|PAGP_ECOLI	WHOLE	1	1	186	12	2.190e-05	{W}
sp|P37002|FLUC_ECOLI	SINGLE	1	46	121	12	3.082e-05	{F}
sp|P37002|FLUC_ECOLI	WHOLE	1	1	127	14	3.332e-04	{F}
sp|P37013|NORR_ECOLI	SINGLE	1	301	422	20	1.143e-06	{R}
sp|P37013|NORR_ECOLI	SINGLE	2	28	395	58	1.964e-05	{L}
sp|P37013|NORR_ECOLI	SINGLE	3	40	497	58	1.024e-04	{A}
sp|P37013|NORR_ECOLI	SINGLE	4	17	87	11	4.105e-04	{R}
sp|P37013|NORR_ECOLI	MULTIPLE	1	24	502	166	4.193e-11	{RLA}
sp|P37013|NORR_ECOLI	WHOLE	1	1	504	71	9.400e-05	{L}
sp|P37013|NORR_ECOLI	WHOLE	2	1	504	60	3.561e-04	{A}
sp|P37013|NORR_ECOLI	WHOLE	3	1	504	40	6.615e-04	{R}
sp|P37019|CLCA_ECOLI	SINGLE	1	105	441	52	9.020e-09	{G}
sp|P37019|CLCA_ECOLI	SINGLE	2	179	195	9	1.416e-06	{A}
sp|P37019|CLCA_ECOLI	SINGLE	3	197	268	15	1.599e-06	{I}
sp|P37019|CLCA_ECOLI	SINGLE	4	8	461	67	3.856e-05	{L}
sp|P37019|CLCA_ECOLI	SINGLE	5	14	28	6	3.887e-05	{R}
sp|P37019|CLCA_ECOLI	SINGLE	6	352	469	22	7.857e-05	{A}
sp|P37019|CLCA_ECOLI	SINGLE	7	190	389	18	5.975e-04	{F}
sp|P37019|CLCA_ECOLI	SINGLE	8	34	104	14	7.608e-04	{A}
sp|P37019|CLCA_ECOLI	MULTIPLE	1	33	462	235	1.761e-21	{GILAF}
sp|P37019|CLCA_ECOLI	WHOLE	1	1	473	57	5.752e-06	{G}
sp|P37019|CLCA_ECOLI	WHOLE	2	1	473	67	1.185e-04	{L}
sp|P37019|CLCA_ECOLI	WHOLE	3	1	473	58	2.179e-04	{A}
sp|P37025|THPR_ECOLI	SINGLE	1	66	171	14	3.864e-04	{R}
sp|P37028|BTUF_ECOLI	SINGLE	1	56	264	26	1.107e-06	{Q}
sp|P37028|BTUF_ECOLI	SINGLE	2	2	151	25	1.649e-04	{A}
sp|P37028|BTUF_ECOLI	SINGLE	3	212	252	8	6.286e-04	{I}
sp|P37028|BTUF_ECOLI	MULTIPLE	1	56	264	43	3.356e-07	{QI}
sp|P37028|BTUF_ECOLI	WHOLE	1	1	266	26	6.734e-05	{Q}
sp|P37051|PURU_ECOLI	SINGLE	1	185	235	9	6.260e-04	{I}
sp|P37051|PURU_ECOLI	SINGLE	2	189	239	6	7.169e-04	{H}
sp|P37051|PURU_ECOLI	MULTIPLE	1	185	239	15	3.736e-06	{IH}
sp|P37095|PEPB_ECOLI	SINGLE	1	278	378	23	2.047e-06	{A}
sp|P37095|PEPB_ECOLI	SINGLE	2	66	89	4	3.879e-04	{W}
sp|P37095|PEPB_ECOLI	SINGLE	3	91	112	6	8.827e-04	{D}
sp|P37095|PEPB_ECOLI	WHOLE	1	1	427	56	5.496e-05	{A}
sp|P37128|NUDK_ECOLI	SINGLE	1	76	171	18	3.101e-05	{E}
sp|P37177|PT1P_ECOLI	SINGLE	1	4	745	67	4.086e-07	{R}
sp|P37177|PT1P_ECOLI	SINGLE	2	147	363	38	1.613e-06	{A}
sp|P37177|PT1P_ECOLI	SINGLE	3	117	199	13	4.491e-05	{Q}
sp|P37177|PT1P_ECOLI	SINGLE	4	468	740	17	8.834e-05	{M}
sp|P37177|PT1P_ECOLI	SINGLE	5	2	723	95	1.037e-04	{L}
sp|P37177|PT1P_ECOLI	SINGLE	6	392	478	15	3.256e-04	{E}
sp|P37177|PT1P_ECOLI	SINGLE	7	564	586	7	4.101e-04	{E}
sp|P37177|PT1P_ECOLI	SINGLE	8	513	682	19	4.882e-04	{I}
sp|P37177|PT1P_ECOLI	SINGLE	9	646	733	16	8.251e-04	{A}
sp|P37177|PT1P_ECOLI	MULTIPLE	1	1	745	376	1.593e-17	{RAMLEI}
sp|P37177|PT1P_ECOLI	WHOLE	1	1	748	67	5.413e-07	{R}
sp|P37177|PT1P_ECOLI	WHOLE	2	1	748	97	1.440e-04	{L}
sp|P37188|PTKB_ECOLI	SINGLE	1	5	91	13	2.466e-04	{I}
sp|P37188|PTKB_ECOLI	WHOLE	1	1	94	13	5.096e-04	{I}
sp|P37197|CCP_ECOLI	SINGLE	1	216	232	7	5.515e-05	{G}
sp|P37197|CCP_ECOLI	SINGLE	2	72	90	5	5.171e-04	{Y}
sp|P37197|CCP_ECOLI	SINGLE	3	166	181	5	5.733e-04	{P}
sp|P37306|ALLK_ECOLI	SINGLE	1	7	291	40	1.318e-04	{A}
sp|P37306|ALLK_ECOLI	SINGLE	2	96	130	8	1.464e-04	{P}
sp|P37306|ALLK_ECOLI	SINGLE	3	176	195	7	1.789e-04	{G}
sp|P37306|ALLK_ECOLI	MULTIPLE	1	7	292	87	1.542e-06	{APG}
sp|P37306|ALLK_ECOLI	WHOLE	1	1	297	40	2.914e-04	{A}
sp|P37313|DPPF_ECOLI	SINGLE	1	253	291	9	5.332e-05	{P}
sp|P37313|DPPF_ECOLI	SINGLE	2	82	106	7	6.184e-05	{Q}
sp|P37313|DPPF_ECOLI	SINGLE	3	267	302	8	2.122e-04	{R}
sp|P37313|DPPF_ECOLI	SINGLE	4	182	241	12	3.119e-04	{V}
sp|P37313|DPPF_ECOLI	SINGLE	5	144	235	8	7.465e-04	{M}
sp|P37313|DPPF_ECOLI	MULTIPLE	1	253	305	19	1.413e-07	{PR}
sp|P37313|DPPF_ECOLI	MULTIPLE	2	144	241	21	5.879e-05	{VM}
sp|P37329|MODA_ECOLI	SINGLE	1	2	246	42	8.704e-07	{A}
sp|P37329|MODA_ECOLI	SINGLE	2	193	225	9	1.574e-04	{V}
sp|P37329|MODA_ECOLI	MULTIPLE	1	10	235	63	5.616e-08	{AV}
sp|P37329|MODA_ECOLI	WHOLE	1	1	257	42	2.932e-06	{A}
sp|P37330|MASZ_ECOLI	SINGLE	1	412	518	12	3.522e-06	{M}
sp|P37330|MASZ_ECOLI	SINGLE	2	229	370	17	4.352e-04	{I}
sp|P37330|MASZ_ECOLI	SINGLE	3	550	670	14	5.401e-04	{Q}
sp|P37330|MASZ_ECOLI	SINGLE	4	119	133	6	5.574e-04	{A}
sp|P37339|LHGD_ECOLI	SINGLE	1	374	419	11	5.269e-04	{A}
sp|P37339|LHGD_ECOLI	SINGLE	2	98	128	8	5.357e-04	{E}
sp|P37339|LHGD_ECOLI	SINGLE	3	8	321	35	9.218e-04	{G}
sp|P37340|MDTK_ECOLI	SINGLE	1	8	362	50	2.271e-05	{A}
sp|P37340|MDTK_ECOLI	SINGLE	2	1	440	23	8.440e-05	{M}
sp|P37340|MDTK_ECOLI	SINGLE	3	29	194	24	1.645e-04	{G}
sp|P37340|MDTK_ECOLI	SINGLE	4	238	360	24	2.008e-04	{L}
sp|P37340|MDTK_ECOLI	SINGLE	5	366	451	13	2.208e-04	{I}
sp|P37340|MDTK_ECOLI	SINGLE	6	253	271	6	8.474e-04	{V}
sp|P37340|MDTK_ECOLI	MULTIPLE	1	8	452	258	4.070e-19	{AMGLIV}
sp|P37340|MDTK_ECOLI	WHOLE	1	1	457	23	1.421e-04	{M}
sp|P37340|MDTK_ECOLI	WHOLE	2	1	457	57	1.657e-04	{A}
sp|P37340|MDTK_ECOLI	WHOLE	3	1	457	39	3.529e-04	{I}
sp|P37340|MDTK_ECOLI	WHOLE	4	1	457	61	8.367e-04	{L}
sp|P37344|PSPF_ECOLI	SINGLE	1	283	302	7	1.244e-05	{Q}
sp|P37344|PSPF_ECOLI	SINGLE	2	8	320	49	8.593e-05	{L}
sp|P37344|PSPF_ECOLI	SINGLE	3	91	258	19	3.062e-04	{R}
sp|P37344|PSPF_ECOLI	MULTIPLE	1	8	320	74	1.647e-06	{LR}
sp|P37344|PSPF_ECOLI	WHOLE	1	1	325	49	1.996e-04	{L}
sp|P37349|DHAM_ECOLI	SINGLE	1	33	130	23	1.192e-06	{A}
sp|P37349|DHAM_ECOLI	SINGLE	2	347	366	7	1.244e-05	{Q}
sp|P37349|DHAM_ECOLI	SINGLE	3	75	461	57	1.290e-04	{L}
sp|P37349|DHAM_ECOLI	SINGLE	4	247	265	6	1.511e-04	{P}
sp|P37349|DHAM_ECOLI	SINGLE	5	223	244	7	3.051e-04	{E}
sp|P37349|DHAM_ECOLI	SINGLE	6	24	71	6	5.219e-04	{M}
sp|P37349|DHAM_ECOLI	SINGLE	7	360	374	5	9.005e-04	{D}
sp|P37349|DHAM_ECOLI	MULTIPLE	1	54	438	164	5.524e-09	{ALED}
sp|P37349|DHAM_ECOLI	WHOLE	1	1	472	56	5.552e-04	{A}
sp|P37351|RPIB_ECOLI	SINGLE	1	56	71	7	3.474e-05	{G}
sp|P37353|MENE_ECOLI	SINGLE	1	66	245	37	1.757e-06	{L}
sp|P37353|MENE_ECOLI	SINGLE	2	6	446	17	2.810e-04	{W}
sp|P37353|MENE_ECOLI	SINGLE	3	367	411	10	4.039e-04	{V}
sp|P37353|MENE_ECOLI	SINGLE	4	81	96	5	5.733e-04	{P}
sp|P37353|MENE_ECOLI	MULTIPLE	1	63	245	51	3.386e-07	{LP}
sp|P37353|MENE_ECOLI	MULTIPLE	2	6	424	54	1.625e-04	{WV}
sp|P37353|MENE_ECOLI	WHOLE	1	1	451	17	3.536e-04	{W}
sp|P37353|MENE_ECOLI	WHOLE	2	1	451	60	9.586e-04	{L}
sp|P37595|IAAA_ECOLI	SINGLE	1	4	302	46	5.275e-06	{A}
sp|P37595|IAAA_ECOLI	SINGLE	2	160	315	25	2.451e-05	{G}
sp|P37595|IAAA_ECOLI	MULTIPLE	1	2	319	86	2.322e-09	{AG}
sp|P37595|IAAA_ECOLI	WHOLE	1	1	321	47	1.485e-05	{A}
sp|P37595|IAAA_ECOLI	WHOLE	2	1	321	39	1.086e-04	{G}
sp|P37597|PUNC_ECOLI	SINGLE	1	8	377	63	8.256e-07	{L}
sp|P37597|PUNC_ECOLI	SINGLE	2	21	334	49	1.876e-06	{A}
sp|P37597|PUNC_ECOLI	SINGLE	3	283	316	7	9.725e-04	{I}
sp|P37597|PUNC_ECOLI	MULTIPLE	1	8	377	139	4.167e-12	{LAI}
sp|P37597|PUNC_ECOLI	WHOLE	1	1	403	63	1.207e-05	{L}
sp|P37597|PUNC_ECOLI	WHOLE	2	1	403	54	4.228e-05	{A}
sp|P37610|TAUD_ECOLI	SINGLE	1	31	62	8	4.493e-05	{Q}
sp|P37610|TAUD_ECOLI	SINGLE	2	37	99	7	3.767e-04	{H}
sp|P37610|TAUD_ECOLI	MULTIPLE	1	34	75	12	8.503e-06	{QH}
sp|P37613|PANZ_ECOLI	SINGLE	1	38	75	9	5.213e-05	{R}
sp|P37617|ZNTA_ECOLI	SINGLE	1	60	725	114	2.424e-15	{A}
sp|P37617|ZNTA_ECOLI	SINGLE	2	29	62	6	1.437e-05	{C}
sp|P37617|ZNTA_ECOLI	SINGLE	3	125	729	84	4.374e-05	{L}
sp|P37617|ZNTA_ECOLI	SINGLE	4	540	554	6	2.045e-04	{V}
sp|P37617|ZNTA_ECOLI	SINGLE	5	338	352	5	4.635e-04	{R}
sp|P37617|ZNTA_ECOLI	SINGLE	6	326	358	7	8.123e-04	{I}
sp|P37617|ZNTA_ECOLI	MULTIPLE	1	60	729	248	3.735e-19	{ALI}
sp|P37617|ZNTA_ECOLI	WHOLE	1	1	732	119	2.583e-14	{A}
sp|P37617|ZNTA_ECOLI	WHOLE	2	1	732	91	6.866e-04	{L}
sp|P37624|RBBA_ECOLI	SINGLE	1	724	906	36	6.464e-06	{L}
sp|P37624|RBBA_ECOLI	SINGLE	2	806	836	9	1.140e-05	{I}
sp|P37624|RBBA_ECOLI	SINGLE	3	62	706	55	1.728e-05	{R}
sp|P37624|RBBA_ECOLI	SINGLE	4	237	269	8	5.674e-05	{Q}
sp|P37624|RBBA_ECOLI	SINGLE	5	500	523	8	2.843e-04	{A}
sp|P37624|RBBA_ECOLI	SINGLE	6	566	581	4	3.155e-04	{M}
sp|P37624|RBBA_ECOLI	SINGLE	7	205	279	15	4.422e-04	{A}
sp|P37624|RBBA_ECOLI	SINGLE	8	776	795	5	7.789e-04	{F}
sp|P37624|RBBA_ECOLI	MULTIPLE	1	722	906	69	3.227e-10	{LIF}
sp|P37624|RBBA_ECOLI	MULTIPLE	2	62	706	80	2.604e-07	{RM}
sp|P37624|RBBA_ECOLI	MULTIPLE	3	205	279	23	1.279e-05	{QA}
sp|P37624|RBBA_ECOLI	WHOLE	1	1	911	113	2.463e-04	{L}
sp|P37624|RBBA_ECOLI	WHOLE	2	1	911	35	5.577e-04	{M}
sp|P37634|RLMJ_ECOLI	SINGLE	1	5	19	4	2.419e-04	{H}
sp|P37634|RLMJ_ECOLI	SINGLE	2	102	127	9	2.859e-04	{L}
sp|P37637|MDTF_ECOLI	SINGLE	1	104	259	22	8.910e-07	{Q}
sp|P37637|MDTF_ECOLI	SINGLE	2	992	1008	7	5.515e-05	{G}
sp|P37637|MDTF_ECOLI	SINGLE	3	333	475	19	5.813e-05	{I}
sp|P37637|MDTF_ECOLI	SINGLE	4	105	1027	89	5.853e-05	{V}
sp|P37637|MDTF_ECOLI	SINGLE	5	285	299	7	6.097e-05	{A}
sp|P37637|MDTF_ECOLI	SINGLE	6	829	888	14	1.345e-04	{A}
sp|P37637|MDTF_ECOLI	SINGLE	7	609	623	6	2.293e-04	{G}
sp|P37637|MDTF_ECOLI	SINGLE	8	1019	1034	5	2.574e-04	{F}
sp|P37637|MDTF_ECOLI	SINGLE	9	621	791	18	3.012e-04	{N}
sp|P37637|MDTF_ECOLI	SINGLE	10	516	598	14	3.961e-04	{T}
sp|P37637|MDTF_ECOLI	SINGLE	11	395	842	21	6.052e-04	{M}
sp|P37637|MDTF_ECOLI	SINGLE	12	845	987	25	7.468e-04	{L}
sp|P37637|MDTF_ECOLI	MULTIPLE	1	135	1027	520	6.179e-15	{IVAGFNML}
sp|P37637|MDTF_ECOLI	WHOLE	1	1	1037	115	4.555e-05	{A}
sp|P37637|MDTF_ECOLI	WHOLE	2	1	1037	96	1.279e-04	{V}
sp|P37637|MDTF_ECOLI	WHOLE	3	1	1037	40	2.416e-04	{M}
sp|P37647|KDGK_ECOLI	SINGLE	1	210	256	11	1.339e-04	{V}
sp|P37647|KDGK_ECOLI	SINGLE	2	131	153	8	5.917e-04	{L}
sp|P37647|KDGK_ECOLI	SINGLE	3	181	208	6	9.375e-04	{Q}
sp|P37653|BCSA_ECOLI	SINGLE	1	619	701	19	9.442e-07	{V}
sp|P37653|BCSA_ECOLI	SINGLE	2	6	115	18	3.842e-06	{R}
sp|P37653|BCSA_ECOLI	SINGLE	3	7	309	15	4.706e-05	{W}
sp|P37653|BCSA_ECOLI	SINGLE	4	134	249	24	8.281e-05	{L}
sp|P37653|BCSA_ECOLI	SINGLE	5	355	431	11	1.569e-04	{F}
sp|P37653|BCSA_ECOLI	SINGLE	6	372	386	4	2.419e-04	{M}
sp|P37653|BCSA_ECOLI	SINGLE	7	736	787	9	2.934e-04	{Q}
sp|P37653|BCSA_ECOLI	SINGLE	8	151	165	5	5.275e-04	{I}
sp|P37653|BCSA_ECOLI	SINGLE	9	257	280	6	5.903e-04	{P}
sp|P37653|BCSA_ECOLI	SINGLE	10	532	550	7	8.828e-04	{L}
sp|P37653|BCSA_ECOLI	MULTIPLE	1	16	277	115	1.598e-11	{RWLIP}
sp|P37653|BCSA_ECOLI	MULTIPLE	2	355	431	16	1.060e-05	{FM}
sp|P37653|BCSA_ECOLI	WHOLE	1	1	872	26	4.588e-04	{W}
sp|P37653|BCSA_ECOLI	WHOLE	2	1	872	62	5.699e-04	{R}
sp|P37666|GHRB_ECOLI	SINGLE	1	40	308	37	3.147e-04	{A}
sp|P37672|DLGD_ECOLI	SINGLE	1	168	182	5	1.186e-05	{M}
sp|P37672|DLGD_ECOLI	SINGLE	2	53	284	25	1.382e-04	{I}
sp|P37672|DLGD_ECOLI	MULTIPLE	1	53	285	38	9.517e-07	{MI}
sp|P37677|LYXK_ECOLI	SINGLE	1	363	496	12	3.291e-05	{H}
sp|P37677|LYXK_ECOLI	SINGLE	2	7	443	50	6.619e-05	{G}
sp|P37677|LYXK_ECOLI	SINGLE	3	470	487	5	7.334e-04	{Q}
sp|P37677|LYXK_ECOLI	MULTIPLE	1	7	496	70	2.071e-05	{HG}
sp|P37677|LYXK_ECOLI	WHOLE	1	1	498	51	6.270e-04	{G}
sp|P37685|ALDB_ECOLI	SINGLE	1	277	301	7	3.276e-05	{F}
sp|P37685|ALDB_ECOLI	SINGLE	2	211	483	34	1.733e-04	{G}
sp|P37685|ALDB_ECOLI	SINGLE	3	198	214	7	4.133e-04	{L}
sp|P37685|ALDB_ECOLI	SINGLE	4	321	335	5	4.635e-04	{R}
sp|P37685|ALDB_ECOLI	SINGLE	5	191	228	9	4.757e-04	{V}
sp|P37685|ALDB_ECOLI	SINGLE	6	67	187	20	7.129e-04	{A}
sp|P37685|ALDB_ECOLI	MULTIPLE	1	191	222	16	5.285e-06	{LV}
sp|P37686|ADH2_ECOLI	SINGLE	1	189	382	43	3.224e-10	{A}
sp|P37686|ADH2_ECOLI	SINGLE	2	23	47	5	1.683e-04	{M}
sp|P37686|ADH2_ECOLI	SINGLE	3	133	265	10	5.438e-04	{M}
sp|P37686|ADH2_ECOLI	MULTIPLE	1	127	383	61	9.932e-11	{AM}
sp|P37686|ADH2_ECOLI	WHOLE	1	1	383	62	2.863e-08	{A}
sp|P37689|GPMI_ECOLI	SINGLE	1	92	311	40	3.425e-07	{A}
sp|P37689|GPMI_ECOLI	SINGLE	2	491	505	4	2.419e-04	{M}
sp|P37689|GPMI_ECOLI	SINGLE	3	114	130	4	4.036e-04	{H}
sp|P37689|GPMI_ECOLI	SINGLE	4	405	435	8	5.305e-04	{V}
sp|P37689|GPMI_ECOLI	SINGLE	5	192	301	15	7.699e-04	{D}
sp|P37689|GPMI_ECOLI	SINGLE	6	259	352	11	8.224e-04	{F}
sp|P37689|GPMI_ECOLI	MULTIPLE	1	90	344	80	1.726e-08	{ADF}
sp|P37689|GPMI_ECOLI	WHOLE	1	1	514	65	4.654e-05	{A}
sp|P37690|ENVC_ECOLI	SINGLE	1	39	225	37	8.467e-15	{Q}
sp|P37690|ENVC_ECOLI	SINGLE	2	241	260	10	7.164e-07	{A}
sp|P37690|ENVC_ECOLI	SINGLE	3	289	396	22	1.579e-06	{G}
sp|P37690|ENVC_ECOLI	SINGLE	4	3	319	34	7.368e-06	{R}
sp|P37690|ENVC_ECOLI	SINGLE	5	4	124	23	4.130e-05	{A}
sp|P37690|ENVC_ECOLI	SINGLE	6	72	281	29	6.440e-05	{E}
sp|P37690|ENVC_ECOLI	MULTIPLE	1	8	270	139	5.685e-25	{QRAE}
sp|P37690|ENVC_ECOLI	WHOLE	1	1	419	50	1.085e-10	{Q}
sp|P37690|ENVC_ECOLI	WHOLE	2	1	419	40	1.890e-05	{R}
sp|P37690|ENVC_ECOLI	WHOLE	3	1	419	54	1.088e-04	{A}
sp|P37744|RMLA1_ECOLI	SINGLE	1	59	91	7	3.857e-04	{Q}
sp|P37744|RMLA1_ECOLI	SINGLE	2	31	55	6	9.729e-04	{I}
sp|P37745|RMLC_ECOLI	SINGLE	1	19	35	5	3.504e-04	{F}
sp|P37747|GLF_ECOLI	SINGLE	1	18	130	14	2.673e-04	{N}
sp|P37747|GLF_ECOLI	SINGLE	2	41	358	25	2.937e-04	{Y}
sp|P37747|GLF_ECOLI	MULTIPLE	1	18	362	49	4.430e-05	{NY}
sp|P37747|GLF_ECOLI	WHOLE	1	1	367	27	4.675e-04	{Y}
sp|P37758|NARU_ECOLI	SINGLE	1	47	442	43	1.741e-09	{F}
sp|P37758|NARU_ECOLI	SINGLE	2	246	262	9	5.304e-06	{L}
sp|P37758|NARU_ECOLI	SINGLE	3	98	434	42	3.707e-05	{G}
sp|P37758|NARU_ECOLI	SINGLE	4	135	421	41	7.763e-05	{A}
sp|P37758|NARU_ECOLI	SINGLE	5	96	444	34	8.041e-05	{I}
sp|P37758|NARU_ECOLI	SINGLE	6	176	200	8	1.088e-04	{V}
sp|P37758|NARU_ECOLI	MULTIPLE	1	96	423	150	3.005e-19	{FGAI}
sp|P37758|NARU_ECOLI	WHOLE	1	1	462	45	1.959e-08	{F}
sp|P37769|KDUD_ECOLI	SINGLE	1	174	195	6	2.364e-04	{N}
sp|P37769|KDUD_ECOLI	SINGLE	2	37	153	15	4.494e-04	{I}
sp|P37769|KDUD_ECOLI	SINGLE	3	17	39	7	4.607e-04	{G}
sp|P37769|KDUD_ECOLI	MULTIPLE	1	17	153	31	1.053e-04	{IG}
sp|P37773|MPL_ECOLI	SINGLE	1	287	304	9	2.609e-06	{A}
sp|P37773|MPL_ECOLI	SINGLE	2	134	204	10	3.387e-04	{F}
sp|P37773|MPL_ECOLI	SINGLE	3	110	141	8	7.569e-04	{G}
sp|P37774|TCYN_ECOLI	SINGLE	1	71	241	18	9.336e-04	{R}
sp|P37794|CHBG_ECOLI	SINGLE	1	115	129	5	1.186e-05	{H}
sp|P38036|CAS3_ECOLI	SINGLE	1	11	234	12	1.227e-04	{W}
sp|P38036|CAS3_ECOLI	SINGLE	2	69	162	12	2.314e-04	{F}
sp|P38036|CAS3_ECOLI	SINGLE	3	653	712	7	2.810e-04	{H}
sp|P38036|CAS3_ECOLI	SINGLE	4	531	552	6	3.601e-04	{P}
sp|P38036|CAS3_ECOLI	SINGLE	5	384	426	8	3.806e-04	{Q}
sp|P38036|CAS3_ECOLI	SINGLE	6	603	708	14	3.864e-04	{R}
sp|P38036|CAS3_ECOLI	SINGLE	7	324	361	10	4.217e-04	{A}
sp|P38036|CAS3_ECOLI	SINGLE	8	198	666	63	6.213e-04	{L}
sp|P38036|CAS3_ECOLI	SINGLE	9	837	864	4	7.038e-04	{W}
sp|P38036|CAS3_ECOLI	MULTIPLE	1	41	234	26	1.283e-05	{WF}
sp|P38036|CAS3_ECOLI	MULTIPLE	2	601	712	22	6.301e-06	{HR}
sp|P38036|CAS3_ECOLI	MULTIPLE	3	198	666	94	2.363e-05	{QL}
sp|P38038|CYSJ_ECOLI	SINGLE	1	19	222	36	2.449e-06	{A}
sp|P38038|CYSJ_ECOLI	SINGLE	2	397	412	7	3.033e-05	{V}
sp|P38038|CYSJ_ECOLI	SINGLE	3	134	168	7	3.075e-04	{F}
sp|P38038|CYSJ_ECOLI	SINGLE	4	286	387	20	5.737e-04	{L}
sp|P38038|CYSJ_ECOLI	SINGLE	5	467	496	6	8.147e-04	{F}
sp|P38038|CYSJ_ECOLI	WHOLE	1	1	599	71	1.462e-04	{A}
sp|P38051|MENF_ECOLI	SINGLE	1	194	213	8	6.750e-05	{A}
sp|P38051|MENF_ECOLI	SINGLE	2	47	85	8	1.928e-04	{Q}
sp|P38051|MENF_ECOLI	SINGLE	3	267	317	9	2.536e-04	{Q}
sp|P38051|MENF_ECOLI	SINGLE	4	159	182	7	4.105e-04	{T}
sp|P38051|MENF_ECOLI	SINGLE	5	58	406	31	4.241e-04	{R}
sp|P38051|MENF_ECOLI	SINGLE	6	4	352	50	5.164e-04	{L}
sp|P38051|MENF_ECOLI	MULTIPLE	1	4	402	130	2.022e-07	{ARL}
sp|P38054|CUSA_ECOLI	SINGLE	1	267	1031	67	2.839e-06	{I}
sp|P38054|CUSA_ECOLI	SINGLE	2	36	409	45	2.928e-05	{V}
sp|P38054|CUSA_ECOLI	SINGLE	3	450	577	26	6.034e-05	{L}
sp|P38054|CUSA_ECOLI	SINGLE	4	573	1038	24	7.573e-05	{M}
sp|P38054|CUSA_ECOLI	SINGLE	5	864	915	13	4.981e-04	{L}
sp|P38054|CUSA_ECOLI	SINGLE	6	479	493	6	5.574e-04	{A}
sp|P38054|CUSA_ECOLI	SINGLE	7	691	1034	43	7.652e-04	{A}
sp|P38054|CUSA_ECOLI	MULTIPLE	1	15	1040	435	5.225e-16	{IVLMA}
sp|P38054|CUSA_ECOLI	MULTIPLE	2	690	1040	84	2.314e-04	{LA}
sp|P38054|CUSA_ECOLI	WHOLE	1	1	1047	83	9.000e-06	{I}
sp|P38054|CUSA_ECOLI	WHOLE	2	1	1047	99	5.196e-05	{V}
sp|P38097|DGCE_ECOLI	SINGLE	1	9	278	65	3.369e-13	{L}
sp|P38097|DGCE_ECOLI	SINGLE	2	209	315	14	8.585e-08	{M}
sp|P38097|DGCE_ECOLI	SINGLE	3	47	475	18	7.219e-05	{W}
sp|P38097|DGCE_ECOLI	SINGLE	4	323	362	8	2.305e-04	{Q}
sp|P38097|DGCE_ECOLI	SINGLE	5	682	957	38	2.634e-04	{A}
sp|P38097|DGCE_ECOLI	SINGLE	6	293	594	35	3.585e-04	{E}
sp|P38097|DGCE_ECOLI	SINGLE	7	857	873	4	4.036e-04	{M}
sp|P38097|DGCE_ECOLI	SINGLE	8	620	683	13	4.114e-04	{S}
sp|P38097|DGCE_ECOLI	SINGLE	9	940	956	6	7.634e-04	{S}
sp|P38097|DGCE_ECOLI	MULTIPLE	1	12	287	80	1.235e-15	{LM}
sp|P38097|DGCE_ECOLI	MULTIPLE	2	323	555	51	1.598e-05	{WQE}
sp|P38097|DGCE_ECOLI	MULTIPLE	3	734	886	30	1.515e-04	{AM}
sp|P38097|DGCE_ECOLI	WHOLE	1	1	1105	165	2.765e-10	{L}
sp|P38097|DGCE_ECOLI	WHOLE	2	1	1105	42	2.355e-04	{M}
sp|P38135|FADK_ECOLI	SINGLE	1	111	327	38	4.918e-05	{L}
sp|P38135|FADK_ECOLI	SINGLE	2	152	171	6	1.375e-04	{Q}
sp|P38135|FADK_ECOLI	SINGLE	3	31	87	13	2.850e-04	{A}
sp|P38135|FADK_ECOLI	SINGLE	4	195	217	7	3.101e-04	{T}
sp|P38135|FADK_ECOLI	SINGLE	5	445	477	7	8.123e-04	{I}
sp|P38135|FADK_ECOLI	MULTIPLE	1	148	303	43	3.973e-05	{LT}
sp|P38489|NFSB_ECOLI	SINGLE	1	91	135	10	1.216e-04	{D}
sp|P38489|NFSB_ECOLI	SINGLE	2	51	174	22	1.594e-04	{A}
sp|P38489|NFSB_ECOLI	MULTIPLE	1	58	174	35	1.710e-06	{DA}
sp|P39099|DEGQ_ECOLI	SINGLE	1	165	416	39	4.905e-07	{G}
sp|P39099|DEGQ_ECOLI	SINGLE	2	96	450	35	5.180e-05	{I}
sp|P39099|DEGQ_ECOLI	SINGLE	3	195	229	7	5.411e-04	{N}
sp|P39099|DEGQ_ECOLI	SINGLE	4	4	153	16	5.561e-04	{Q}
sp|P39099|DEGQ_ECOLI	MULTIPLE	1	90	450	103	5.055e-10	{GIN}
sp|P39099|DEGQ_ECOLI	WHOLE	1	1	455	51	9.233e-05	{G}
sp|P39172|ZNUA_ECOLI	SINGLE	1	10	43	13	7.065e-07	{A}
sp|P39172|ZNUA_ECOLI	SINGLE	2	119	143	7	7.564e-07	{H}
sp|P39172|ZNUA_ECOLI	SINGLE	3	121	139	8	3.679e-06	{D}
sp|P39172|ZNUA_ECOLI	MULTIPLE	1	119	139	14	1.832e-11	{HD}
sp|P39176|ERFK_ECOLI	SINGLE	1	25	176	20	2.126e-05	{P}
sp|P39176|ERFK_ECOLI	SINGLE	2	131	154	7	4.105e-04	{T}
sp|P39176|ERFK_ECOLI	SINGLE	3	129	307	19	6.390e-04	{R}
sp|P39176|ERFK_ECOLI	MULTIPLE	1	131	176	20	5.268e-06	{PTR}
sp|P39176|ERFK_ECOLI	WHOLE	1	1	310	28	4.088e-04	{P}
sp|P39177|USPG_ECOLI	SINGLE	1	23	87	8	7.330e-05	{H}
sp|P39177|USPG_ECOLI	WHOLE	1	1	142	10	8.775e-04	{H}
sp|P39180|AG43_ECOLI	SINGLE	1	60	1031	151	2.772e-22	{G}
sp|P39180|AG43_ECOLI	SINGLE	2	62	598	85	2.133e-15	{T}
sp|P39180|AG43_ECOLI	SINGLE	3	64	758	62	5.108e-08	{N}
sp|P39180|AG43_ECOLI	SINGLE	4	12	395	49	3.129e-06	{V}
sp|P39180|AG43_ECOLI	SINGLE	5	689	1025	44	5.526e-05	{S}
sp|P39180|AG43_ECOLI	SINGLE	6	806	821	6	1.335e-04	{D}
sp|P39180|AG43_ECOLI	SINGLE	7	19	53	10	2.092e-04	{A}
sp|P39180|AG43_ECOLI	MULTIPLE	1	12	1038	533	3.420e-42	{GTNVA}
sp|P39180|AG43_ECOLI	WHOLE	1	1	1039	155	4.344e-21	{G}
sp|P39180|AG43_ECOLI	WHOLE	2	1	1039	115	1.108e-09	{T}
sp|P39180|AG43_ECOLI	WHOLE	3	1	1039	75	6.400e-06	{N}
sp|P39180|AG43_ECOLI	WHOLE	4	1	1039	93	4.050e-04	{V}
sp|P39276|DTPC_ECOLI	SINGLE	1	30	359	57	1.620e-06	{L}
sp|P39276|DTPC_ECOLI	SINGLE	2	144	468	49	4.765e-06	{A}
sp|P39276|DTPC_ECOLI	SINGLE	3	64	187	21	4.538e-05	{G}
sp|P39276|DTPC_ECOLI	SINGLE	4	170	473	25	2.588e-04	{F}
sp|P39276|DTPC_ECOLI	SINGLE	5	177	479	17	2.825e-04	{M}
sp|P39276|DTPC_ECOLI	SINGLE	6	241	255	5	5.275e-04	{I}
sp|P39276|DTPC_ECOLI	MULTIPLE	1	22	473	250	1.629e-19	{LAGFMI}
sp|P39276|DTPC_ECOLI	WHOLE	1	1	485	61	8.488e-05	{A}
sp|P39276|DTPC_ECOLI	WHOLE	2	1	485	67	2.269e-04	{L}
sp|P39277|YJEH_ECOLI	SINGLE	1	356	406	19	4.529e-08	{L}
sp|P39277|YJEH_ECOLI	SINGLE	2	28	347	50	1.449e-06	{A}
sp|P39277|YJEH_ECOLI	SINGLE	3	333	354	7	5.655e-05	{I}
sp|P39277|YJEH_ECOLI	SINGLE	4	43	295	12	3.545e-04	{W}
sp|P39277|YJEH_ECOLI	SINGLE	5	4	132	24	3.983e-04	{L}
sp|P39277|YJEH_ECOLI	SINGLE	6	3	140	20	4.985e-04	{G}
sp|P39277|YJEH_ECOLI	SINGLE	7	47	61	5	5.275e-04	{I}
sp|P39277|YJEH_ECOLI	SINGLE	8	151	181	7	5.531e-04	{I}
sp|P39277|YJEH_ECOLI	SINGLE	9	187	217	6	9.707e-04	{F}
sp|P39277|YJEH_ECOLI	MULTIPLE	1	3	362	204	7.491e-19	{AIWLGF}
sp|P39277|YJEH_ECOLI	WHOLE	1	1	418	71	2.074e-07	{L}
sp|P39277|YJEH_ECOLI	WHOLE	2	1	418	56	3.193e-05	{A}
sp|P39286|RSGA_ECOLI	SINGLE	1	119	162	11	6.046e-06	{I}
sp|P39286|RSGA_ECOLI	SINGLE	2	63	82	6	2.355e-04	{R}
sp|P39286|RSGA_ECOLI	SINGLE	3	74	129	11	6.255e-04	{V}
sp|P39286|RSGA_ECOLI	MULTIPLE	1	61	129	20	3.650e-05	{RV}
sp|P39301|ULAA_ECOLI	SINGLE	1	3	438	57	2.244e-11	{I}
sp|P39301|ULAA_ECOLI	SINGLE	2	387	443	9	3.473e-06	{M}
sp|P39301|ULAA_ECOLI	SINGLE	3	190	445	25	1.961e-05	{F}
sp|P39301|ULAA_ECOLI	SINGLE	4	277	465	30	1.014e-04	{A}
sp|P39301|ULAA_ECOLI	SINGLE	5	53	177	10	3.412e-04	{M}
sp|P39301|ULAA_ECOLI	MULTIPLE	1	1	445	116	5.374e-19	{IMF}
sp|P39301|ULAA_ECOLI	WHOLE	1	1	465	57	2.596e-10	{I}
sp|P39301|ULAA_ECOLI	WHOLE	2	1	465	26	1.084e-05	{M}
sp|P39301|ULAA_ECOLI	WHOLE	3	1	465	33	4.356e-04	{F}
sp|P39304|ULAD_ECOLI	SINGLE	1	46	212	27	1.561e-04	{A}
sp|P39304|ULAD_ECOLI	WHOLE	1	1	216	30	8.447e-04	{A}
sp|P39315|QOR2_ECOLI	SINGLE	1	25	251	46	1.695e-09	{A}
sp|P39315|QOR2_ECOLI	SINGLE	2	238	259	6	8.827e-04	{D}
sp|P39315|QOR2_ECOLI	WHOLE	1	1	286	49	1.259e-07	{A}
sp|P39321|TAMB_ECOLI	SINGLE	1	3	589	87	3.300e-06	{L}
sp|P39321|TAMB_ECOLI	SINGLE	2	946	1008	15	7.441e-06	{V}
sp|P39321|TAMB_ECOLI	SINGLE	3	446	1221	82	1.125e-05	{G}
sp|P39321|TAMB_ECOLI	SINGLE	4	451	1069	50	1.132e-05	{N}
sp|P39321|TAMB_ECOLI	SINGLE	5	574	938	31	1.808e-04	{Q}
sp|P39321|TAMB_ECOLI	SINGLE	6	187	210	7	5.412e-04	{E}
sp|P39321|TAMB_ECOLI	SINGLE	7	196	230	7	8.537e-04	{P}
sp|P39321|TAMB_ECOLI	MULTIPLE	1	16	1215	458	4.017e-12	{LGNQP}
sp|P39321|TAMB_ECOLI	WHOLE	1	1	1259	153	8.327e-05	{L}
sp|P39321|TAMB_ECOLI	WHOLE	2	1	1259	114	1.758e-04	{G}
sp|P39321|TAMB_ECOLI	WHOLE	3	1	1259	110	3.403e-04	{V}
sp|P39344|IDNT_ECOLI	SINGLE	1	268	306	13	2.217e-08	{I}
sp|P39344|IDNT_ECOLI	SINGLE	2	113	275	18	5.460e-05	{F}
sp|P39344|IDNT_ECOLI	SINGLE	3	97	149	12	9.512e-05	{V}
sp|P39344|IDNT_ECOLI	SINGLE	4	7	390	50	1.435e-04	{A}
sp|P39344|IDNT_ECOLI	SINGLE	5	53	72	7	1.789e-04	{G}
sp|P39344|IDNT_ECOLI	SINGLE	6	123	232	14	4.376e-04	{P}
sp|P39344|IDNT_ECOLI	SINGLE	7	12	213	33	4.548e-04	{L}
sp|P39344|IDNT_ECOLI	SINGLE	8	4	18	5	5.275e-04	{I}
sp|P39344|IDNT_ECOLI	MULTIPLE	1	3	390	247	6.018e-23	{IFVAGL}
sp|P39344|IDNT_ECOLI	WHOLE	1	1	439	47	4.267e-07	{I}
sp|P39344|IDNT_ECOLI	WHOLE	2	1	439	52	8.275e-04	{A}
sp|P39353|NANY_ECOLI	SINGLE	1	169	183	5	1.186e-05	{H}
sp|P39353|NANY_ECOLI	SINGLE	2	336	350	7	6.097e-05	{A}
sp|P39353|NANY_ECOLI	SINGLE	3	74	164	15	3.153e-04	{K}
sp|P39353|NANY_ECOLI	SINGLE	4	111	300	25	4.825e-04	{G}
sp|P39353|NANY_ECOLI	MULTIPLE	1	111	300	37	2.406e-06	{HG}
sp|P39371|NANM_ECOLI	SINGLE	1	32	348	44	1.886e-06	{G}
sp|P39371|NANM_ECOLI	SINGLE	2	86	336	24	1.550e-04	{N}
sp|P39371|NANM_ECOLI	SINGLE	3	176	192	5	3.504e-04	{F}
sp|P39371|NANM_ECOLI	SINGLE	4	7	81	15	4.422e-04	{A}
sp|P39371|NANM_ECOLI	MULTIPLE	1	85	299	65	4.815e-09	{GNF}
sp|P39371|NANM_ECOLI	WHOLE	1	1	368	44	6.356e-05	{G}
sp|P39371|NANM_ECOLI	WHOLE	2	1	368	29	7.675e-04	{N}
sp|P39377|IADA_ECOLI	SINGLE	1	188	203	6	3.425e-04	{G}
sp|P39377|IADA_ECOLI	SINGLE	2	57	79	7	4.607e-04	{G}
sp|P39386|MDTM_ECOLI	SINGLE	1	136	152	7	8.304e-06	{I}
sp|P39386|MDTM_ECOLI	SINGLE	2	168	407	33	2.388e-05	{V}
sp|P39386|MDTM_ECOLI	SINGLE	3	4	336	29	3.680e-05	{F}
sp|P39386|MDTM_ECOLI	SINGLE	4	292	395	22	1.126e-04	{L}
sp|P39386|MDTM_ECOLI	SINGLE	5	9	272	37	2.250e-04	{A}
sp|P39386|MDTM_ECOLI	SINGLE	6	83	133	10	7.775e-04	{T}
sp|P39386|MDTM_ECOLI	MULTIPLE	1	4	395	162	1.063e-11	{IFLA}
sp|P39386|MDTM_ECOLI	WHOLE	1	1	410	32	1.124e-04	{F}
sp|P39386|MDTM_ECOLI	WHOLE	2	1	410	35	6.321e-04	{I}
sp|P39396|BTST_ECOLI	SINGLE	1	6	679	62	1.384e-06	{I}
sp|P39396|BTST_ECOLI	SINGLE	2	92	570	57	8.224e-06	{G}
sp|P39396|BTST_ECOLI	SINGLE	3	20	507	63	3.398e-05	{A}
sp|P39396|BTST_ECOLI	SINGLE	4	25	302	36	3.758e-05	{V}
sp|P39396|BTST_ECOLI	SINGLE	5	370	421	7	1.161e-04	{M}
sp|P39396|BTST_ECOLI	SINGLE	6	43	57	5	1.557e-04	{Y}
sp|P39396|BTST_ECOLI	SINGLE	7	579	605	8	1.953e-04	{V}
sp|P39396|BTST_ECOLI	SINGLE	8	495	619	24	2.546e-04	{L}
sp|P39396|BTST_ECOLI	SINGLE	9	650	664	5	2.875e-04	{N}
sp|P39396|BTST_ECOLI	SINGLE	10	477	526	8	5.493e-04	{F}
sp|P39396|BTST_ECOLI	MULTIPLE	1	23	620	371	4.708e-25	{IGAVMLF}
sp|P39396|BTST_ECOLI	WHOLE	1	1	716	64	2.361e-06	{I}
sp|P39396|BTST_ECOLI	WHOLE	2	1	716	69	4.958e-04	{G}
sp|P39396|BTST_ECOLI	WHOLE	3	1	716	67	7.004e-04	{V}
sp|P39400|LGOD_ECOLI	SINGLE	1	129	243	27	1.539e-07	{A}
sp|P39400|LGOD_ECOLI	SINGLE	2	92	106	5	2.680e-06	{C}
sp|P39400|LGOD_ECOLI	SINGLE	3	22	181	19	2.388e-04	{I}
sp|P39400|LGOD_ECOLI	SINGLE	4	281	309	5	3.445e-04	{M}
sp|P39405|FHUF_ECOLI	SINGLE	1	244	259	4	9.828e-05	{C}
sp|P39405|FHUF_ECOLI	SINGLE	2	230	249	6	2.355e-04	{R}
sp|P39405|FHUF_ECOLI	SINGLE	3	124	155	5	5.468e-04	{H}
sp|P39405|FHUF_ECOLI	MULTIPLE	1	230	259	10	9.105e-06	{CR}
sp|P39406|RSMC_ECOLI	SINGLE	1	16	78	11	4.936e-04	{D}
sp|P39406|RSMC_ECOLI	SINGLE	2	228	242	6	5.574e-04	{A}
sp|P39411|NCPP_ECOLI	SINGLE	1	50	64	5	4.635e-04	{R}
sp|P39414|TTDT_ECOLI	SINGLE	1	209	487	52	4.601e-07	{L}
sp|P39414|TTDT_ECOLI	SINGLE	2	395	414	9	7.656e-06	{A}
sp|P39414|TTDT_ECOLI	SINGLE	3	194	426	16	4.640e-05	{M}
sp|P39414|TTDT_ECOLI	SINGLE	4	7	362	16	8.085e-05	{W}
sp|P39414|TTDT_ECOLI	SINGLE	5	17	219	23	1.205e-04	{I}
sp|P39414|TTDT_ECOLI	SINGLE	6	39	60	7	3.023e-04	{V}
sp|P39414|TTDT_ECOLI	SINGLE	7	177	191	6	3.585e-04	{S}
sp|P39414|TTDT_ECOLI	SINGLE	8	74	112	7	5.997e-04	{F}
sp|P39414|TTDT_ECOLI	SINGLE	9	440	459	5	6.634e-04	{Y}
sp|P39414|TTDT_ECOLI	MULTIPLE	1	7	487	325	4.659e-20	{LAMWIVSFY}
sp|P39414|TTDT_ECOLI	WHOLE	1	1	487	75	3.762e-06	{L}
sp|P39414|TTDT_ECOLI	WHOLE	2	1	487	18	3.114e-04	{W}
sp|P39414|TTDT_ECOLI	WHOLE	3	1	487	40	5.966e-04	{I}
sp|P39414|TTDT_ECOLI	WHOLE	4	1	487	22	7.313e-04	{M}
sp|P39453|TORS_ECOLI	SINGLE	1	79	316	43	1.889e-15	{Q}
sp|P39453|TORS_ECOLI	SINGLE	2	3	911	133	3.685e-08	{L}
sp|P39453|TORS_ECOLI	SINGLE	3	44	484	60	1.171e-05	{A}
sp|P39453|TORS_ECOLI	SINGLE	4	350	587	25	1.331e-04	{R}
sp|P39453|TORS_ECOLI	SINGLE	5	621	642	7	3.432e-04	{G}
sp|P39453|TORS_ECOLI	MULTIPLE	1	14	890	369	6.910e-25	{QLAR}
sp|P39453|TORS_ECOLI	WHOLE	1	1	914	86	1.933e-11	{Q}
sp|P39453|TORS_ECOLI	WHOLE	2	1	914	133	4.975e-08	{L}
sp|P39453|TORS_ECOLI	WHOLE	3	1	914	102	8.236e-05	{A}
sp|P39838|RCSD_ECOLI	SINGLE	1	301	324	13	2.920e-08	{L}
sp|P39838|RCSD_ECOLI	SINGLE	2	395	460	11	9.442e-05	{Q}
sp|P39838|RCSD_ECOLI	SINGLE	3	352	435	13	1.753e-04	{I}
sp|P39838|RCSD_ECOLI	SINGLE	4	191	414	22	1.931e-04	{N}
sp|P39838|RCSD_ECOLI	SINGLE	5	674	688	6	2.062e-04	{E}
sp|P39838|RCSD_ECOLI	SINGLE	6	500	753	28	2.681e-04	{D}
sp|P39838|RCSD_ECOLI	SINGLE	7	558	572	5	4.635e-04	{R}
sp|P39838|RCSD_ECOLI	SINGLE	8	827	841	6	5.574e-04	{A}
sp|P39838|RCSD_ECOLI	SINGLE	9	14	31	7	6.140e-04	{L}
sp|P39838|RCSD_ECOLI	SINGLE	10	472	499	8	8.667e-04	{A}
sp|P39838|RCSD_ECOLI	MULTIPLE	1	352	469	27	5.770e-06	{QI}
sp|P39838|RCSD_ECOLI	MULTIPLE	2	500	758	46	1.009e-04	{DR}
sp|P39838|RCSD_ECOLI	WHOLE	1	1	890	118	1.578e-05	{L}
sp|P40191|PDXK_ECOLI	SINGLE	1	192	224	10	2.622e-05	{V}
sp|P40191|PDXK_ECOLI	SINGLE	2	19	52	9	2.002e-04	{V}
sp|P40710|NLPE_ECOLI	SINGLE	1	142	156	4	2.419e-04	{M}
sp|P40711|ARFB_ECOLI	SINGLE	1	105	139	9	2.616e-05	{R}
sp|P40711|ARFB_ECOLI	WHOLE	1	1	140	17	2.739e-04	{R}
sp|P40874|MTOX_ECOLI	SINGLE	1	34	52	6	2.187e-06	{H}
sp|P41036|NANT_ECOLI	SINGLE	1	321	422	21	2.240e-06	{G}
sp|P41036|NANT_ECOLI	SINGLE	2	17	436	58	1.046e-05	{A}
sp|P41036|NANT_ECOLI	SINGLE	3	280	467	35	2.720e-05	{L}
sp|P41036|NANT_ECOLI	SINGLE	4	155	170	7	3.033e-05	{V}
sp|P41036|NANT_ECOLI	SINGLE	5	71	127	12	2.328e-04	{G}
sp|P41036|NANT_ECOLI	SINGLE	6	22	406	29	3.707e-04	{F}
sp|P41036|NANT_ECOLI	SINGLE	7	74	122	6	5.818e-04	{M}
sp|P41036|NANT_ECOLI	SINGLE	8	179	194	5	7.294e-04	{I}
sp|P41036|NANT_ECOLI	SINGLE	9	10	367	14	7.664e-04	{W}
sp|P41036|NANT_ECOLI	MULTIPLE	1	17	452	293	3.123e-25	{GALVFMIW}
sp|P41036|NANT_ECOLI	WHOLE	1	1	496	62	9.039e-05	{A}
sp|P41036|NANT_ECOLI	WHOLE	2	1	496	53	2.109e-04	{G}
sp|P41036|NANT_ECOLI	WHOLE	3	1	496	65	9.331e-04	{L}
sp|P41052|MLTB_ECOLI	SINGLE	1	323	344	6	1.158e-04	{Y}
sp|P41052|MLTB_ECOLI	SINGLE	2	20	34	6	1.598e-04	{T}
sp|P41052|MLTB_ECOLI	SINGLE	3	44	84	8	2.740e-04	{Q}
sp|P41052|MLTB_ECOLI	SINGLE	4	215	328	17	8.846e-04	{G}
sp|P41052|MLTB_ECOLI	MULTIPLE	1	215	344	28	9.042e-05	{YG}
sp|P41407|AZOR_ECOLI	SINGLE	1	174	194	8	1.005e-04	{A}
sp|P42588|PAT_ECOLI	SINGLE	1	127	459	43	4.225e-04	{A}
sp|P42588|PAT_ECOLI	SINGLE	2	60	97	9	5.519e-04	{G}
sp|P42588|PAT_ECOLI	SINGLE	3	171	212	7	9.333e-04	{F}
sp|P42588|PAT_ECOLI	MULTIPLE	1	127	451	61	7.039e-05	{AF}
sp|P42588|PAT_ECOLI	WHOLE	1	1	459	54	7.879e-04	{A}
sp|P42593|FADH_ECOLI	SINGLE	1	378	395	8	2.760e-05	{A}
sp|P42593|FADH_ECOLI	SINGLE	2	176	205	8	5.509e-05	{R}
sp|P42593|FADH_ECOLI	SINGLE	3	335	361	5	5.936e-05	{C}
sp|P42593|FADH_ECOLI	SINGLE	4	83	134	7	1.161e-04	{H}
sp|P42593|FADH_ECOLI	SINGLE	5	495	649	23	1.516e-04	{G}
sp|P42593|FADH_ECOLI	SINGLE	6	55	672	50	2.228e-04	{I}
sp|P42593|FADH_ECOLI	SINGLE	7	58	72	6	2.293e-04	{G}
sp|P42593|FADH_ECOLI	SINGLE	8	607	622	6	3.059e-04	{V}
sp|P42593|FADH_ECOLI	SINGLE	9	539	570	7	3.177e-04	{Q}
sp|P42593|FADH_ECOLI	SINGLE	10	229	243	6	5.574e-04	{A}
sp|P42593|FADH_ECOLI	SINGLE	11	292	306	5	9.005e-04	{D}
sp|P42593|FADH_ECOLI	MULTIPLE	1	51	653	247	5.470e-09	{GIVQA}
sp|P42593|FADH_ECOLI	WHOLE	1	1	672	66	3.978e-04	{G}
sp|P42601|ALX_ECOLI	SINGLE	1	8	281	46	2.718e-05	{L}
sp|P42601|ALX_ECOLI	SINGLE	2	123	307	23	3.098e-05	{I}
sp|P42601|ALX_ECOLI	SINGLE	3	55	305	23	9.981e-05	{F}
sp|P42601|ALX_ECOLI	SINGLE	4	44	61	4	1.222e-04	{W}
sp|P42601|ALX_ECOLI	SINGLE	5	14	78	14	3.143e-04	{A}
sp|P42601|ALX_ECOLI	SINGLE	6	4	311	34	8.917e-04	{V}
sp|P42601|ALX_ECOLI	MULTIPLE	1	8	311	173	1.073e-16	{LIFWAV}
sp|P42601|ALX_ECOLI	WHOLE	1	1	321	48	2.694e-04	{L}
sp|P42632|TDCE_ECOLI	SINGLE	1	472	489	7	2.786e-05	{D}
sp|P42632|TDCE_ECOLI	SINGLE	2	163	232	12	8.997e-05	{R}
sp|P42632|TDCE_ECOLI	SINGLE	3	168	184	6	4.943e-04	{G}
sp|P42632|TDCE_ECOLI	SINGLE	4	200	230	8	5.357e-04	{E}
sp|P42632|TDCE_ECOLI	SINGLE	5	315	527	13	6.283e-04	{M}
sp|P42632|TDCE_ECOLI	SINGLE	6	404	418	5	9.005e-04	{D}
sp|P42632|TDCE_ECOLI	SINGLE	7	229	270	10	9.468e-04	{A}
sp|P42632|TDCE_ECOLI	MULTIPLE	1	407	489	19	1.134e-05	{DM}
sp|P42632|TDCE_ECOLI	MULTIPLE	2	163	232	28	8.662e-06	{RGE}
sp|P42641|OBG_ECOLI	SINGLE	1	366	380	9	1.803e-08	{D}
sp|P42641|OBG_ECOLI	SINGLE	2	14	126	25	6.405e-08	{G}
sp|P42641|OBG_ECOLI	SINGLE	3	341	385	13	3.142e-06	{E}
sp|P42641|OBG_ECOLI	SINGLE	4	151	165	7	1.659e-04	{L}
sp|P42641|OBG_ECOLI	SINGLE	5	245	263	6	2.019e-04	{I}
sp|P42641|OBG_ECOLI	MULTIPLE	1	341	385	24	2.275e-11	{DE}
sp|P42641|OBG_ECOLI	WHOLE	1	1	390	38	3.164e-04	{D}
sp|P43341|LPXH_ECOLI	SINGLE	1	186	202	5	2.339e-05	{H}
sp|P43341|LPXH_ECOLI	SINGLE	2	2	65	13	8.636e-04	{A}
sp|P43671|PQIB_ECOLI	SINGLE	1	405	516	16	2.073e-05	{Q}
sp|P43671|PQIB_ECOLI	SINGLE	2	422	505	9	7.824e-05	{M}
sp|P43671|PQIB_ECOLI	SINGLE	3	520	545	7	6.739e-04	{K}
sp|P43671|PQIB_ECOLI	SINGLE	4	112	136	7	7.874e-04	{G}
sp|P43671|PQIB_ECOLI	MULTIPLE	1	416	516	24	1.969e-08	{QM}
sp|P43672|UUP_ECOLI	SINGLE	1	277	299	10	3.843e-08	{R}
sp|P43672|UUP_ECOLI	SINGLE	2	449	492	15	4.008e-06	{L}
sp|P43672|UUP_ECOLI	SINGLE	3	529	620	14	3.250e-05	{Q}
sp|P43672|UUP_ECOLI	SINGLE	4	244	323	16	3.712e-05	{E}
sp|P43672|UUP_ECOLI	SINGLE	5	512	528	7	5.515e-05	{G}
sp|P43672|UUP_ECOLI	SINGLE	6	117	199	19	1.089e-04	{L}
sp|P43672|UUP_ECOLI	SINGLE	7	535	552	7	2.360e-04	{A}
sp|P43672|UUP_ECOLI	SINGLE	8	466	629	23	2.558e-04	{E}
sp|P43672|UUP_ECOLI	MULTIPLE	1	244	323	30	8.465e-10	{RE}
sp|P43672|UUP_ECOLI	MULTIPLE	2	526	617	41	8.312e-09	{QAE}
sp|P43672|UUP_ECOLI	WHOLE	1	1	635	84	1.877e-04	{L}
sp|P43672|UUP_ECOLI	WHOLE	2	1	635	62	4.053e-04	{E}
sp|P45395|KDSD_ECOLI	SINGLE	1	138	197	14	1.345e-04	{A}
sp|P45395|KDSD_ECOLI	SINGLE	2	45	319	16	2.828e-04	{M}
sp|P45395|KDSD_ECOLI	SINGLE	3	301	320	4	7.691e-04	{H}
sp|P45395|KDSD_ECOLI	MULTIPLE	1	45	320	28	2.239e-05	{MH}
sp|P45395|KDSD_ECOLI	WHOLE	1	1	328	17	6.496e-04	{M}
sp|P45424|NANQ_ECOLI	SINGLE	1	134	148	6	2.045e-04	{V}
sp|P45425|NANK_ECOLI	SINGLE	1	132	206	20	4.976e-08	{G}
sp|P45425|NANK_ECOLI	SINGLE	2	14	286	48	7.627e-08	{A}
sp|P45425|NANK_ECOLI	SINGLE	3	72	98	10	7.104e-05	{L}
sp|P45425|NANK_ECOLI	MULTIPLE	1	4	291	123	5.130e-13	{GAL}
sp|P45425|NANK_ECOLI	WHOLE	1	1	291	49	2.117e-07	{A}
sp|P45425|NANK_ECOLI	WHOLE	2	1	291	36	1.336e-04	{G}
sp|P45464|LPOA_ECOLI	SINGLE	1	34	377	45	4.499e-11	{Q}
sp|P45464|LPOA_ECOLI	SINGLE	2	11	356	59	9.361e-09	{A}
sp|P45464|LPOA_ECOLI	SINGLE	3	498	529	11	1.751e-06	{T}
sp|P45464|LPOA_ECOLI	SINGLE	4	390	418	8	2.026e-05	{N}
sp|P45464|LPOA_ECOLI	SINGLE	5	470	499	9	8.387e-05	{G}
sp|P45464|LPOA_ECOLI	SINGLE	6	233	354	16	1.327e-04	{P}
sp|P45464|LPOA_ECOLI	SINGLE	7	553	637	8	4.498e-04	{M}
sp|P45464|LPOA_ECOLI	MULTIPLE	1	11	380	129	2.745e-17	{QAP}
sp|P45464|LPOA_ECOLI	MULTIPLE	2	470	533	25	9.620e-08	{TG}
sp|P45464|LPOA_ECOLI	WHOLE	1	1	678	66	8.853e-10	{Q}
sp|P45464|LPOA_ECOLI	WHOLE	2	1	678	88	1.264e-06	{A}
sp|P45470|YHBO_ECOLI	SINGLE	1	37	56	6	8.840e-04	{K}
sp|P45475|UBIV_ECOLI	SINGLE	1	103	197	8	1.282e-04	{C}
sp|P45508|YFAL_ECOLI	SINGLE	1	76	1124	141	1.425e-15	{G}
sp|P45508|YFAL_ECOLI	SINGLE	2	920	952	17	1.297e-14	{P}
sp|P45508|YFAL_ECOLI	SINGLE	3	149	1202	110	1.797e-10	{D}
sp|P45508|YFAL_ECOLI	SINGLE	4	72	428	43	1.299e-09	{N}
sp|P45508|YFAL_ECOLI	SINGLE	5	662	867	34	1.285e-07	{T}
sp|P45508|YFAL_ECOLI	SINGLE	6	751	909	21	4.021e-06	{N}
sp|P45508|YFAL_ECOLI	SINGLE	7	1071	1160	14	2.549e-05	{Q}
sp|P45508|YFAL_ECOLI	SINGLE	8	373	456	12	2.025e-04	{Q}
sp|P45508|YFAL_ECOLI	SINGLE	9	1069	1089	4	2.285e-04	{W}
sp|P45508|YFAL_ECOLI	SINGLE	10	501	528	8	5.081e-04	{S}
sp|P45508|YFAL_ECOLI	SINGLE	11	719	733	5	5.275e-04	{I}
sp|P45508|YFAL_ECOLI	MULTIPLE	1	102	1102	412	5.437e-39	{GDNT}
sp|P45508|YFAL_ECOLI	MULTIPLE	2	1069	1160	19	9.827e-07	{QW}
sp|P45508|YFAL_ECOLI	WHOLE	1	1	1250	155	5.391e-14	{G}
sp|P45508|YFAL_ECOLI	WHOLE	2	1	1250	118	1.214e-08	{D}
sp|P45508|YFAL_ECOLI	WHOLE	3	1	1250	88	3.184e-06	{N}
sp|P45508|YFAL_ECOLI	WHOLE	4	1	1250	110	6.213e-05	{T}
sp|P45527|UBIU_ECOLI	SINGLE	1	7	125	24	1.082e-05	{A}
sp|P45527|UBIU_ECOLI	SINGLE	2	36	147	10	1.447e-04	{H}
sp|P45527|UBIU_ECOLI	SINGLE	3	135	162	8	2.556e-04	{V}
sp|P45527|UBIU_ECOLI	MULTIPLE	1	7	136	34	9.382e-08	{AH}
sp|P45541|FRLC_ECOLI	SINGLE	1	77	102	7	1.012e-06	{M}
sp|P45541|FRLC_ECOLI	WHOLE	1	1	276	17	1.001e-04	{M}
sp|P45562|XAPB_ECOLI	SINGLE	1	202	402	30	3.059e-10	{F}
sp|P45562|XAPB_ECOLI	SINGLE	2	1	367	25	5.637e-07	{M}
sp|P45562|XAPB_ECOLI	SINGLE	3	152	179	11	1.663e-05	{L}
sp|P45562|XAPB_ECOLI	SINGLE	4	47	61	6	4.559e-05	{I}
sp|P45562|XAPB_ECOLI	SINGLE	5	50	222	27	2.690e-04	{A}
sp|P45562|XAPB_ECOLI	MULTIPLE	1	1	402	64	1.806e-12	{FM}
sp|P45562|XAPB_ECOLI	MULTIPLE	2	50	224	53	6.237e-06	{LA}
sp|P45562|XAPB_ECOLI	WHOLE	1	1	418	39	4.481e-07	{F}
sp|P45562|XAPB_ECOLI	WHOLE	2	1	418	25	5.247e-06	{M}
sp|P45563|XAPA_ECOLI	SINGLE	1	212	234	8	5.640e-05	{V}
sp|P45563|XAPA_ECOLI	SINGLE	2	33	214	25	2.641e-04	{G}
sp|P45568|DXR_ECOLI	SINGLE	1	304	358	15	1.180e-05	{A}
sp|P45568|DXR_ECOLI	SINGLE	2	84	116	11	2.209e-05	{A}
sp|P45568|DXR_ECOLI	SINGLE	3	69	83	5	2.936e-04	{Q}
sp|P45568|DXR_ECOLI	SINGLE	4	201	284	8	4.165e-04	{M}
sp|P45568|DXR_ECOLI	SINGLE	5	20	43	7	5.364e-04	{V}
sp|P45568|DXR_ECOLI	WHOLE	1	1	398	49	5.220e-04	{A}
sp|P45568|DXR_ECOLI	WHOLE	2	1	398	19	8.427e-04	{M}
sp|P45577|PROQ_ECOLI	SINGLE	1	136	157	8	4.458e-06	{R}
sp|P45577|PROQ_ECOLI	SINGLE	2	106	128	9	2.916e-05	{A}
sp|P45577|PROQ_ECOLI	SINGLE	3	135	179	9	1.674e-04	{P}
sp|P45577|PROQ_ECOLI	SINGLE	4	90	175	15	2.876e-04	{E}
sp|P45577|PROQ_ECOLI	SINGLE	5	94	118	6	5.033e-04	{Q}
sp|P45577|PROQ_ECOLI	SINGLE	6	120	170	10	7.593e-04	{K}
sp|P45577|PROQ_ECOLI	MULTIPLE	1	90	176	56	1.235e-13	{RPEQK}
sp|P45748|TSAC_ECOLI	SINGLE	1	90	104	5	4.135e-04	{P}
sp|P45955|CPOB_ECOLI	SINGLE	1	54	97	14	2.481e-09	{Q}
sp|P45955|CPOB_ECOLI	SINGLE	2	106	151	15	1.058e-06	{A}
sp|P45955|CPOB_ECOLI	SINGLE	3	193	258	13	1.334e-04	{K}
sp|P45955|CPOB_ECOLI	SINGLE	4	132	192	10	2.109e-04	{N}
sp|P45955|CPOB_ECOLI	SINGLE	5	2	121	20	2.386e-04	{S}
sp|P45955|CPOB_ECOLI	SINGLE	6	173	210	7	4.150e-04	{Y}
sp|P45955|CPOB_ECOLI	SINGLE	7	14	28	6	5.574e-04	{A}
sp|P45955|CPOB_ECOLI	MULTIPLE	1	2	116	38	7.060e-10	{QS}
sp|P45955|CPOB_ECOLI	MULTIPLE	2	106	210	40	2.448e-08	{ANY}
sp|P45955|CPOB_ECOLI	WHOLE	1	1	263	28	8.528e-06	{Q}
sp|P45955|CPOB_ECOLI	WHOLE	2	1	263	37	2.097e-04	{A}
sp|P45956|CAS2_ECOLI	SINGLE	1	5	35	8	5.305e-04	{V}
sp|P46022|MTGA_ECOLI	SINGLE	1	220	240	6	1.841e-04	{Q}
sp|P46022|MTGA_ECOLI	SINGLE	2	8	50	10	2.776e-04	{V}
sp|P46022|MTGA_ECOLI	SINGLE	3	176	199	8	2.843e-04	{A}
sp|P46022|MTGA_ECOLI	SINGLE	4	27	152	8	5.184e-04	{W}
sp|P46133|ABGT_ECOLI	SINGLE	1	133	436	35	2.219e-06	{I}
sp|P46133|ABGT_ECOLI	SINGLE	2	300	457	20	3.126e-06	{F}
sp|P46133|ABGT_ECOLI	SINGLE	3	89	201	23	1.389e-05	{A}
sp|P46133|ABGT_ECOLI	SINGLE	4	373	497	27	1.509e-05	{L}
sp|P46133|ABGT_ECOLI	SINGLE	5	1	15	7	3.582e-05	{S}
sp|P46133|ABGT_ECOLI	SINGLE	6	336	365	6	3.756e-05	{M}
sp|P46133|ABGT_ECOLI	SINGLE	7	414	505	13	2.564e-04	{P}
sp|P46133|ABGT_ECOLI	SINGLE	8	19	227	27	2.956e-04	{V}
sp|P46133|ABGT_ECOLI	SINGLE	9	68	113	12	5.376e-04	{L}
sp|P46133|ABGT_ECOLI	MULTIPLE	1	26	499	296	1.015e-24	{IFALMPV}
sp|P46133|ABGT_ECOLI	WHOLE	1	1	508	46	3.519e-05	{I}
sp|P46133|ABGT_ECOLI	WHOLE	2	1	508	72	7.214e-05	{L}
sp|P46133|ABGT_ECOLI	WHOLE	3	1	508	36	2.704e-04	{F}
sp|P46136|YDDG_ECOLI	SINGLE	1	8	143	27	6.601e-05	{L}
sp|P46136|YDDG_ECOLI	SINGLE	2	22	36	6	2.293e-04	{G}
sp|P46136|YDDG_ECOLI	SINGLE	3	9	244	24	4.026e-04	{I}
sp|P46136|YDDG_ECOLI	MULTIPLE	1	8	240	85	1.368e-08	{LGI}
sp|P46136|YDDG_ECOLI	WHOLE	1	1	293	45	2.291e-04	{L}
sp|P46139|DGCN_ECOLI	SINGLE	1	49	82	11	3.009e-05	{A}
sp|P46139|DGCN_ECOLI	SINGLE	2	200	219	6	2.355e-04	{R}
sp|P46139|DGCN_ECOLI	SINGLE	3	85	99	5	2.936e-04	{Q}
sp|P46139|DGCN_ECOLI	SINGLE	4	120	175	10	2.951e-04	{I}
sp|P46139|DGCN_ECOLI	SINGLE	5	1	31	5	4.717e-04	{M}
sp|P46139|DGCN_ECOLI	SINGLE	6	106	400	16	5.781e-04	{H}
sp|P46139|DGCN_ECOLI	MULTIPLE	1	134	325	28	1.032e-04	{RH}
sp|P46849|RTCA_ECOLI	SINGLE	1	9	199	28	4.237e-05	{G}
sp|P46849|RTCA_ECOLI	SINGLE	2	166	335	25	6.997e-05	{V}
sp|P46849|RTCA_ECOLI	SINGLE	3	259	303	11	4.349e-04	{A}
sp|P46849|RTCA_ECOLI	MULTIPLE	1	40	303	89	5.224e-07	{GVA}
sp|P46883|AMO_ECOLI	SINGLE	1	548	629	12	1.560e-04	{N}
sp|P46883|AMO_ECOLI	SINGLE	2	69	333	32	3.010e-04	{V}
sp|P46883|AMO_ECOLI	SINGLE	3	312	341	7	3.283e-04	{P}
sp|P46883|AMO_ECOLI	SINGLE	4	390	420	8	6.079e-04	{G}
sp|P46883|AMO_ECOLI	SINGLE	5	95	577	43	7.848e-04	{D}
sp|P46883|AMO_ECOLI	SINGLE	6	712	741	4	9.144e-04	{W}
sp|P46883|AMO_ECOLI	SINGLE	7	185	557	32	9.220e-04	{I}
sp|P46883|AMO_ECOLI	MULTIPLE	1	95	629	117	3.231e-06	{NDI}
sp|P46883|AMO_ECOLI	MULTIPLE	2	69	341	52	4.349e-05	{VP}
sp|P46889|FTSK_ECOLI	SINGLE	1	355	816	93	3.355e-35	{Q}
sp|P46889|FTSK_ECOLI	SINGLE	2	302	855	96	2.116e-28	{P}
sp|P46889|FTSK_ECOLI	SINGLE	3	237	706	76	1.030e-09	{A}
sp|P46889|FTSK_ECOLI	SINGLE	4	235	249	7	2.514e-06	{R}
sp|P46889|FTSK_ECOLI	SINGLE	5	472	525	14	5.303e-06	{E}
sp|P46889|FTSK_ECOLI	SINGLE	6	36	211	12	1.281e-05	{W}
sp|P46889|FTSK_ECOLI	SINGLE	7	984	1128	13	1.582e-05	{M}
sp|P46889|FTSK_ECOLI	SINGLE	8	214	233	8	1.792e-05	{E}
sp|P46889|FTSK_ECOLI	SINGLE	9	208	225	7	2.786e-05	{D}
sp|P46889|FTSK_ECOLI	SINGLE	10	13	42	11	3.489e-05	{L}
sp|P46889|FTSK_ECOLI	SINGLE	11	853	1231	44	7.649e-05	{V}
sp|P46889|FTSK_ECOLI	SINGLE	12	595	629	8	1.733e-04	{R}
sp|P46889|FTSK_ECOLI	SINGLE	13	633	649	6	1.949e-04	{D}
sp|P46889|FTSK_ECOLI	SINGLE	14	78	146	11	4.062e-04	{I}
sp|P46889|FTSK_ECOLI	SINGLE	15	1245	1261	6	4.943e-04	{G}
sp|P46889|FTSK_ECOLI	SINGLE	16	819	846	9	5.211e-04	{L}
sp|P46889|FTSK_ECOLI	SINGLE	17	273	308	8	5.570e-04	{D}
sp|P46889|FTSK_ECOLI	SINGLE	18	380	421	7	7.609e-04	{Y}
sp|P46889|FTSK_ECOLI	MULTIPLE	1	286	816	259	1.447e-64	{QPA}
sp|P46889|FTSK_ECOLI	MULTIPLE	2	13	198	60	8.257e-09	{WLI}
sp|P46889|FTSK_ECOLI	MULTIPLE	3	853	1231	60	2.353e-06	{MV}
sp|P46889|FTSK_ECOLI	MULTIPLE	4	208	226	14	8.420e-10	{ED}
sp|P46889|FTSK_ECOLI	WHOLE	1	1	1329	132	6.586e-16	{P}
sp|P46889|FTSK_ECOLI	WHOLE	2	1	1329	119	1.188e-13	{Q}
sp|P46889|FTSK_ECOLI	WHOLE	3	1	1329	149	3.106e-06	{A}
sp|P46891|COF_ECOLI	SINGLE	1	242	266	5	1.683e-04	{H}
sp|P46891|COF_ECOLI	SINGLE	2	13	204	33	1.918e-04	{L}
sp|P46891|COF_ECOLI	SINGLE	3	208	233	5	2.039e-04	{M}
sp|P46891|COF_ECOLI	SINGLE	4	147	207	6	3.836e-04	{C}
sp|P46891|COF_ECOLI	MULTIPLE	1	13	207	39	6.192e-05	{LC}
sp|P46891|COF_ECOLI	WHOLE	1	1	272	41	5.581e-04	{L}
sp|P46891|COF_ECOLI	WHOLE	2	1	272	15	7.051e-04	{H}
sp|P50456|MLC_ECOLI	SINGLE	1	10	371	36	3.509e-05	{I}
sp|P50456|MLC_ECOLI	SINGLE	2	88	125	11	3.551e-04	{L}
sp|P50456|MLC_ECOLI	SINGLE	3	131	262	10	5.140e-04	{H}
sp|P50456|MLC_ECOLI	MULTIPLE	1	24	359	92	1.057e-07	{ILH}
sp|P50456|MLC_ECOLI	WHOLE	1	1	406	37	1.495e-04	{I}
sp|P50457|PUUE_ECOLI	SINGLE	1	26	418	60	3.407e-07	{A}
sp|P50457|PUUE_ECOLI	SINGLE	2	271	299	9	6.287e-05	{G}
sp|P50457|PUUE_ECOLI	SINGLE	3	64	78	5	2.936e-04	{Q}
sp|P50457|PUUE_ECOLI	SINGLE	4	126	163	9	5.519e-04	{G}
sp|P50457|PUUE_ECOLI	SINGLE	5	253	285	5	6.305e-04	{M}
sp|P50457|PUUE_ECOLI	MULTIPLE	1	46	392	89	1.817e-08	{AG}
sp|P50457|PUUE_ECOLI	WHOLE	1	1	421	61	1.510e-06	{A}
sp|P50465|END8_ECOLI	SINGLE	1	55	203	29	5.366e-05	{L}
sp|P50465|END8_ECOLI	SINGLE	2	238	261	4	5.044e-04	{C}
sp|P50465|END8_ECOLI	SINGLE	3	187	201	6	5.574e-04	{A}
sp|P51981|AEEP_ECOLI	SINGLE	1	84	311	38	5.135e-06	{A}
sp|P51981|AEEP_ECOLI	SINGLE	2	69	321	40	2.644e-04	{L}
sp|P51981|AEEP_ECOLI	MULTIPLE	1	78	312	74	2.475e-08	{AL}
sp|P51981|AEEP_ECOLI	WHOLE	1	1	321	43	2.076e-04	{A}
sp|P52006|NUDI_ECOLI	SINGLE	1	41	60	8	1.792e-05	{E}
sp|P52006|NUDI_ECOLI	SINGLE	2	27	43	6	4.943e-04	{G}
sp|P52006|NUDI_ECOLI	MULTIPLE	1	31	60	14	6.923e-06	{EG}
sp|P52061|IXTPA_ECOLI	SINGLE	1	50	67	7	2.360e-04	{A}
sp|P52073|GLCE_ECOLI	SINGLE	1	93	161	15	2.934e-05	{G}
sp|P52073|GLCE_ECOLI	SINGLE	2	234	248	5	2.936e-04	{Q}
sp|P52073|GLCE_ECOLI	WHOLE	1	1	350	39	5.345e-04	{G}
sp|P52074|GLCF_ECOLI	SINGLE	1	25	85	8	5.380e-06	{C}
sp|P52074|GLCF_ECOLI	SINGLE	2	74	169	16	1.001e-05	{R}
sp|P52074|GLCF_ECOLI	SINGLE	3	187	279	20	2.113e-05	{A}
sp|P52074|GLCF_ECOLI	SINGLE	4	109	183	12	1.383e-04	{P}
sp|P52074|GLCF_ECOLI	SINGLE	5	278	358	17	6.462e-04	{L}
sp|P52074|GLCF_ECOLI	MULTIPLE	1	23	183	43	2.008e-08	{CRP}
sp|P52074|GLCF_ECOLI	WHOLE	1	1	407	17	2.529e-04	{C}
sp|P52095|LDCC_ECOLI	SINGLE	1	417	443	7	1.925e-04	{R}
sp|P52095|LDCC_ECOLI	SINGLE	2	349	678	18	2.675e-04	{M}
sp|P52095|LDCC_ECOLI	SINGLE	3	647	661	5	4.135e-04	{P}
sp|P52095|LDCC_ECOLI	SINGLE	4	449	473	4	4.549e-04	{W}
sp|P52095|LDCC_ECOLI	SINGLE	5	533	679	26	5.132e-04	{L}
sp|P52095|LDCC_ECOLI	MULTIPLE	1	394	679	71	3.955e-05	{MPL}
sp|P52095|LDCC_ECOLI	WHOLE	1	1	713	29	6.475e-04	{M}
sp|P52101|GLRK_ECOLI	SINGLE	1	11	372	61	1.665e-06	{L}
sp|P52101|GLRK_ECOLI	SINGLE	2	131	145	8	5.187e-06	{A}
sp|P52101|GLRK_ECOLI	SINGLE	3	49	269	23	2.632e-04	{R}
sp|P52101|GLRK_ECOLI	SINGLE	4	216	248	9	3.370e-04	{S}
sp|P52101|GLRK_ECOLI	SINGLE	5	88	178	12	4.148e-04	{Q}
sp|P52101|GLRK_ECOLI	SINGLE	6	346	366	4	9.292e-04	{M}
sp|P52101|GLRK_ECOLI	MULTIPLE	1	9	376	196	1.621e-12	{LARSQM}
sp|P52101|GLRK_ECOLI	WHOLE	1	1	475	68	8.185e-05	{L}
sp|P52106|CSGD_ECOLI	SINGLE	1	79	213	17	5.448e-05	{N}
sp|P52106|CSGD_ECOLI	SINGLE	2	13	87	17	2.667e-04	{L}
sp|P52126|ABPB_ECOLI	SINGLE	1	482	556	11	1.247e-04	{F}
sp|P52126|ABPB_ECOLI	SINGLE	2	197	227	8	1.933e-04	{D}
sp|P52126|ABPB_ECOLI	SINGLE	3	394	468	12	2.230e-04	{I}
sp|P52126|ABPB_ECOLI	SINGLE	4	508	522	4	2.419e-04	{M}
sp|P52126|ABPB_ECOLI	SINGLE	5	154	168	5	4.635e-04	{R}
sp|P52126|ABPB_ECOLI	MULTIPLE	1	507	532	9	1.237e-05	{FM}
sp|P52129|RNLA_ECOLI	SINGLE	1	324	341	4	5.076e-04	{M}
sp|P52129|RNLA_ECOLI	SINGLE	2	150	268	22	7.077e-04	{L}
sp|P52643|LDHD_ECOLI	SINGLE	1	136	167	9	1.433e-04	{G}
sp|P52643|LDHD_ECOLI	SINGLE	2	18	32	5	1.842e-04	{F}
sp|P52643|LDHD_ECOLI	SINGLE	3	114	128	5	4.635e-04	{R}
sp|P52643|LDHD_ECOLI	SINGLE	4	265	279	5	9.005e-04	{D}
sp|P54745|MNGA_ECOLI	SINGLE	1	31	645	89	1.060e-08	{A}
sp|P54745|MNGA_ECOLI	SINGLE	2	358	630	43	8.485e-08	{G}
sp|P54745|MNGA_ECOLI	SINGLE	3	306	483	36	3.452e-06	{L}
sp|P54745|MNGA_ECOLI	MULTIPLE	1	44	639	229	3.755e-16	{AGL}
sp|P54745|MNGA_ECOLI	WHOLE	1	1	658	90	1.113e-07	{A}
sp|P54745|MNGA_ECOLI	WHOLE	2	1	658	66	2.436e-04	{G}
sp|P54745|MNGA_ECOLI	WHOLE	3	1	658	85	3.509e-04	{L}
sp|P55135|RLMD_ECOLI	SINGLE	1	87	101	5	2.936e-04	{Q}
sp|P55135|RLMD_ECOLI	SINGLE	2	63	132	11	3.637e-04	{R}
sp|P55135|RLMD_ECOLI	SINGLE	3	165	239	16	7.587e-04	{L}
sp|P55734|YGAP_ECOLI	SINGLE	1	122	160	11	2.672e-05	{G}
sp|P55734|YGAP_ECOLI	SINGLE	2	66	84	7	3.444e-04	{A}
sp|P55734|YGAP_ECOLI	SINGLE	3	139	158	5	7.789e-04	{F}
sp|P55734|YGAP_ECOLI	MULTIPLE	1	122	160	16	6.752e-07	{GF}
sp|P56580|PTHB_ECOLI	SINGLE	1	9	251	35	8.335e-06	{G}
sp|P56580|PTHB_ECOLI	SINGLE	2	4	274	30	2.169e-05	{I}
sp|P56580|PTHB_ECOLI	SINGLE	3	204	230	9	3.896e-04	{L}
sp|P56580|PTHB_ECOLI	SINGLE	4	258	283	8	5.129e-04	{A}
sp|P56580|PTHB_ECOLI	MULTIPLE	1	6	253	62	2.052e-09	{GI}
sp|P56580|PTHB_ECOLI	WHOLE	1	1	319	32	7.437e-05	{I}
sp|P56580|PTHB_ECOLI	WHOLE	2	1	319	39	9.605e-05	{G}
sp|P60061|ADIC_ECOLI	SINGLE	1	210	325	26	6.523e-07	{A}
sp|P60061|ADIC_ECOLI	SINGLE	2	105	240	24	5.073e-06	{V}
sp|P60061|ADIC_ECOLI	SINGLE	3	11	331	40	5.448e-05	{G}
sp|P60061|ADIC_ECOLI	SINGLE	4	13	342	31	2.756e-04	{I}
sp|P60061|ADIC_ECOLI	MULTIPLE	1	10	332	147	1.396e-14	{AVGI}
sp|P60061|ADIC_ECOLI	WHOLE	1	1	445	56	1.499e-04	{A}
sp|P60061|ADIC_ECOLI	WHOLE	2	1	445	46	5.943e-04	{V}
sp|P60061|ADIC_ECOLI	WHOLE	3	1	445	46	8.725e-04	{G}
sp|P60240|RAPA_ECOLI	SINGLE	1	28	599	52	5.318e-06	{R}
sp|P60240|RAPA_ECOLI	SINGLE	2	710	773	12	1.464e-04	{D}
sp|P60240|RAPA_ECOLI	SINGLE	3	848	869	6	2.364e-04	{N}
sp|P60240|RAPA_ECOLI	SINGLE	4	783	845	15	3.402e-04	{L}
sp|P60240|RAPA_ECOLI	SINGLE	5	178	708	54	3.640e-04	{E}
sp|P60240|RAPA_ECOLI	SINGLE	6	157	337	12	4.948e-04	{H}
sp|P60240|RAPA_ECOLI	SINGLE	7	174	386	34	5.649e-04	{L}
sp|P60240|RAPA_ECOLI	SINGLE	8	511	557	11	6.339e-04	{A}
sp|P60240|RAPA_ECOLI	SINGLE	9	893	926	9	7.625e-04	{A}
sp|P60240|RAPA_ECOLI	MULTIPLE	1	72	692	208	2.083e-10	{REHL}
sp|P60240|RAPA_ECOLI	WHOLE	1	1	968	74	2.999e-05	{R}
sp|P60240|RAPA_ECOLI	WHOLE	2	1	968	117	4.626e-04	{L}
sp|P60340|TRUB_ECOLI	SINGLE	1	1	15	5	4.635e-04	{R}
sp|P60340|TRUB_ECOLI	SINGLE	2	232	276	8	8.310e-04	{P}
sp|P60422|RL2_ECOLI	SINGLE	1	41	254	32	9.099e-06	{G}
sp|P60422|RL2_ECOLI	SINGLE	2	43	271	27	1.119e-05	{R}
sp|P60422|RL2_ECOLI	MULTIPLE	1	41	271	59	1.337e-09	{GR}
sp|P60422|RL2_ECOLI	WHOLE	1	1	273	29	3.637e-05	{R}
sp|P60422|RL2_ECOLI	WHOLE	2	1	273	34	1.733e-04	{G}
sp|P60438|RL3_ECOLI	SINGLE	1	5	207	28	8.335e-05	{V}
sp|P60438|RL3_ECOLI	SINGLE	2	66	166	17	2.323e-04	{G}
sp|P60438|RL3_ECOLI	MULTIPLE	1	3	207	54	1.906e-07	{VG}
sp|P60438|RL3_ECOLI	WHOLE	1	1	209	28	1.334e-04	{V}
sp|P60438|RL3_ECOLI	WHOLE	2	1	209	26	8.331e-04	{G}
sp|P60472|UPPS_ECOLI	SINGLE	1	102	125	7	8.692e-05	{R}
sp|P60472|UPPS_ECOLI	SINGLE	2	153	171	6	1.006e-04	{Q}
sp|P60560|GUAC_ECOLI	SINGLE	1	157	311	30	7.991e-08	{G}
sp|P60624|RL24_ECOLI	SINGLE	1	17	47	9	6.514e-05	{K}
sp|P60624|RL24_ECOLI	WHOLE	1	1	104	16	4.387e-04	{K}
sp|P60651|SPEB_ECOLI	SINGLE	1	276	302	9	1.207e-04	{A}
sp|P60651|SPEB_ECOLI	SINGLE	2	191	235	10	1.216e-04	{D}
sp|P60651|SPEB_ECOLI	SINGLE	3	126	163	6	1.464e-04	{H}
sp|P60664|HIS6_ECOLI	SINGLE	1	6	129	15	7.961e-04	{I}
sp|P60664|HIS6_ECOLI	SINGLE	2	12	202	24	8.404e-04	{V}
sp|P60664|HIS6_ECOLI	MULTIPLE	1	6	205	41	7.839e-05	{IV}
sp|P60716|LIPA_ECOLI	SINGLE	1	68	101	6	1.437e-05	{C}
sp|P60716|LIPA_ECOLI	SINGLE	2	9	277	25	7.250e-04	{R}
sp|P60720|LIPB_ECOLI	SINGLE	1	189	205	5	5.425e-04	{N}
sp|P60720|LIPB_ECOLI	SINGLE	2	88	105	7	6.140e-04	{L}
sp|P60723|RL4_ECOLI	SINGLE	1	40	117	11	8.838e-04	{R}
sp|P60752|MSBA_ECOLI	SINGLE	1	44	312	20	1.903e-06	{M}
sp|P60752|MSBA_ECOLI	SINGLE	2	153	182	9	8.515e-06	{I}
sp|P60752|MSBA_ECOLI	SINGLE	3	82	290	31	6.356e-05	{S}
sp|P60752|MSBA_ECOLI	SINGLE	4	34	52	7	8.828e-04	{L}
sp|P60752|MSBA_ECOLI	MULTIPLE	1	72	295	71	2.082e-11	{MIS}
sp|P60752|MSBA_ECOLI	WHOLE	1	1	582	26	3.251e-04	{M}
sp|P60752|MSBA_ECOLI	WHOLE	2	1	582	47	3.345e-04	{I}
sp|P60785|LEPA_ECOLI	SINGLE	1	561	576	8	1.644e-06	{K}
sp|P60785|LEPA_ECOLI	SINGLE	2	4	27	7	1.037e-04	{I}
sp|P60785|LEPA_ECOLI	SINGLE	3	519	537	6	2.019e-04	{I}
sp|P60785|LEPA_ECOLI	SINGLE	4	176	190	5	4.135e-04	{P}
sp|P60785|LEPA_ECOLI	SINGLE	5	82	492	43	6.717e-04	{V}
sp|P60844|AQPZ_ECOLI	SINGLE	1	11	128	25	1.529e-07	{G}
sp|P60844|AQPZ_ECOLI	SINGLE	2	23	201	32	6.261e-06	{A}
sp|P60844|AQPZ_ECOLI	SINGLE	3	80	94	6	2.045e-04	{V}
sp|P60844|AQPZ_ECOLI	SINGLE	4	164	222	10	4.474e-04	{I}
sp|P60844|AQPZ_ECOLI	SINGLE	5	2	62	9	4.656e-04	{F}
sp|P60844|AQPZ_ECOLI	MULTIPLE	1	6	222	125	1.280e-17	{GAVIF}
sp|P60844|AQPZ_ECOLI	WHOLE	1	1	231	35	2.795e-06	{G}
sp|P60844|AQPZ_ECOLI	WHOLE	2	1	231	34	1.601e-04	{A}
sp|P60932|UPPP_ECOLI	SINGLE	1	158	273	15	3.747e-05	{F}
sp|P60932|UPPP_ECOLI	SINGLE	2	224	263	9	9.813e-05	{I}
sp|P60932|UPPP_ECOLI	SINGLE	3	183	205	5	1.114e-04	{M}
sp|P60932|UPPP_ECOLI	SINGLE	4	7	139	25	2.675e-04	{L}
sp|P60932|UPPP_ECOLI	SINGLE	5	14	186	23	6.659e-04	{G}
sp|P60932|UPPP_ECOLI	MULTIPLE	1	29	263	80	7.235e-10	{FIMG}
sp|P60932|UPPP_ECOLI	WHOLE	1	1	273	23	3.120e-04	{F}
sp|P60955|LGT_ECOLI	SINGLE	1	8	252	28	3.452e-07	{F}
sp|P60955|LGT_ECOLI	SINGLE	2	49	154	18	1.413e-04	{G}
sp|P60955|LGT_ECOLI	SINGLE	3	107	276	20	1.911e-04	{I}
sp|P60955|LGT_ECOLI	SINGLE	4	262	278	4	4.036e-04	{M}
sp|P60955|LGT_ECOLI	SINGLE	5	200	216	7	4.133e-04	{L}
sp|P60955|LGT_ECOLI	MULTIPLE	1	6	278	126	3.995e-12	{FGIML}
sp|P60955|LGT_ECOLI	WHOLE	1	1	291	28	8.856e-06	{F}
sp|P61316|LOLA_ECOLI	SINGLE	1	118	201	13	5.072e-05	{Q}
sp|P61316|LOLA_ECOLI	SINGLE	2	12	40	9	1.181e-04	{S}
sp|P61320|LOLB_ECOLI	SINGLE	1	38	78	11	8.398e-07	{Q}
sp|P61320|LOLB_ECOLI	SINGLE	2	3	19	7	4.133e-04	{L}
sp|P61887|RMLA2_ECOLI	SINGLE	1	4	52	9	4.678e-04	{I}
sp|P61887|RMLA2_ECOLI	SINGLE	2	90	152	9	5.866e-04	{F}
sp|P61889|MDH_ECOLI	SINGLE	1	38	254	30	4.722e-05	{V}
sp|P61889|MDH_ECOLI	SINGLE	2	7	282	34	2.096e-04	{G}
sp|P61889|MDH_ECOLI	SINGLE	3	16	32	7	4.133e-04	{L}
sp|P61889|MDH_ECOLI	MULTIPLE	1	38	258	56	4.397e-07	{VG}
sp|P61889|MDH_ECOLI	WHOLE	1	1	312	36	4.563e-04	{G}
sp|P62395|SECM_ECOLI	SINGLE	1	109	126	8	8.554e-05	{L}
sp|P62395|SECM_ECOLI	SINGLE	2	26	46	8	1.005e-04	{A}
sp|P62399|RL5_ECOLI	SINGLE	1	43	59	7	1.565e-04	{A}
sp|P62399|RL5_ECOLI	SINGLE	2	71	150	12	3.123e-04	{R}
sp|P62617|ISPF_ECOLI	SINGLE	1	4	22	7	1.246e-04	{G}
sp|P62617|ISPF_ECOLI	SINGLE	2	39	53	6	5.574e-04	{A}
sp|P62620|ISPG_ECOLI	SINGLE	1	7	303	29	2.284e-04	{I}
sp|P62620|ISPG_ECOLI	SINGLE	2	206	233	8	2.943e-04	{G}
sp|P62620|ISPG_ECOLI	SINGLE	3	17	102	14	8.508e-04	{V}
sp|P62620|ISPG_ECOLI	MULTIPLE	1	7	307	60	6.617e-06	{IV}
sp|P62620|ISPG_ECOLI	WHOLE	1	1	372	32	8.845e-04	{I}
sp|P62623|ISPH_ECOLI	SINGLE	1	15	315	37	8.412e-05	{V}
sp|P62623|ISPH_ECOLI	SINGLE	2	19	70	9	7.198e-04	{I}
sp|P62623|ISPH_ECOLI	SINGLE	3	289	307	6	8.541e-04	{E}
sp|P62623|ISPH_ECOLI	MULTIPLE	1	15	315	86	1.829e-06	{VIE}
sp|P62623|ISPH_ECOLI	WHOLE	1	1	316	37	2.088e-04	{V}
sp|P62707|GPMA_ECOLI	SINGLE	1	233	249	8	1.664e-05	{A}
sp|P63020|NFUA_ECOLI	SINGLE	1	125	151	8	2.251e-04	{G}
sp|P63183|KUP_ECOLI	SINGLE	1	56	409	38	4.359e-06	{I}
sp|P63183|KUP_ECOLI	SINGLE	2	29	600	83	1.102e-05	{L}
sp|P63183|KUP_ECOLI	SINGLE	3	444	612	20	1.240e-04	{R}
sp|P63183|KUP_ECOLI	SINGLE	4	40	71	7	1.735e-04	{F}
sp|P63183|KUP_ECOLI	SINGLE	5	341	355	6	2.045e-04	{V}
sp|P63183|KUP_ECOLI	SINGLE	6	73	571	23	4.524e-04	{M}
sp|P63183|KUP_ECOLI	MULTIPLE	1	101	537	163	3.210e-12	{ILVM}
sp|P63183|KUP_ECOLI	WHOLE	1	1	622	86	4.224e-05	{L}
sp|P63183|KUP_ECOLI	WHOLE	2	1	622	51	1.505e-04	{I}
sp|P63224|GMHA_ECOLI	SINGLE	1	171	186	7	5.137e-06	{I}
sp|P63224|GMHA_ECOLI	SINGLE	2	44	154	18	2.473e-04	{G}
sp|P63224|GMHA_ECOLI	SINGLE	3	13	43	9	3.743e-04	{A}
sp|P63224|GMHA_ECOLI	WHOLE	1	1	192	20	8.228e-04	{I}
sp|P63228|GMHBB_ECOLI	SINGLE	1	73	87	5	9.005e-04	{D}
sp|P63235|GADC_ECOLI	SINGLE	1	92	437	38	2.607e-06	{I}
sp|P63235|GADC_ECOLI	SINGLE	2	201	466	36	1.533e-05	{V}
sp|P63235|GADC_ECOLI	SINGLE	3	18	210	21	1.799e-05	{F}
sp|P63235|GADC_ECOLI	SINGLE	4	42	463	61	1.311e-04	{L}
sp|P63235|GADC_ECOLI	SINGLE	5	133	186	13	1.648e-04	{A}
sp|P63235|GADC_ECOLI	SINGLE	6	215	279	7	4.536e-04	{M}
sp|P63235|GADC_ECOLI	MULTIPLE	1	13	466	251	8.282e-20	{IVFLAM}
sp|P63235|GADC_ECOLI	WHOLE	1	1	511	44	1.403e-04	{I}
sp|P63284|CLPB_ECOLI	SINGLE	1	410	565	28	6.735e-07	{E}
sp|P63284|CLPB_ECOLI	SINGLE	2	144	819	57	1.722e-05	{R}
sp|P63284|CLPB_ECOLI	SINGLE	3	206	312	18	1.586e-04	{G}
sp|P63284|CLPB_ECOLI	SINGLE	4	3	126	24	2.264e-04	{L}
sp|P63284|CLPB_ECOLI	SINGLE	5	818	832	5	2.936e-04	{Q}
sp|P63284|CLPB_ECOLI	SINGLE	6	622	638	4	4.036e-04	{M}
sp|P63284|CLPB_ECOLI	SINGLE	7	114	139	8	5.129e-04	{A}
sp|P63284|CLPB_ECOLI	SINGLE	8	360	378	4	6.290e-04	{H}
sp|P63284|CLPB_ECOLI	SINGLE	9	347	420	11	7.239e-04	{I}
sp|P63284|CLPB_ECOLI	SINGLE	10	11	195	18	7.552e-04	{Q}
sp|P63284|CLPB_ECOLI	SINGLE	11	286	398	19	7.707e-04	{A}
sp|P63284|CLPB_ECOLI	MULTIPLE	1	155	798	186	2.919e-11	{ERMI}
sp|P63284|CLPB_ECOLI	MULTIPLE	2	11	177	61	2.904e-06	{LAQ}
sp|P63284|CLPB_ECOLI	MULTIPLE	3	281	398	25	1.495e-04	{HA}
sp|P63284|CLPB_ECOLI	WHOLE	1	1	857	66	5.810e-05	{R}
sp|P63284|CLPB_ECOLI	WHOLE	2	1	857	83	8.590e-05	{E}
sp|P63386|MLAF_ECOLI	SINGLE	1	75	180	10	9.308e-05	{M}
sp|P63386|MLAF_ECOLI	SINGLE	2	182	208	8	1.953e-04	{V}
sp|P63386|MLAF_ECOLI	SINGLE	3	137	160	8	2.843e-04	{A}
sp|P63386|MLAF_ECOLI	SINGLE	4	23	72	9	5.424e-04	{I}
sp|P63386|MLAF_ECOLI	MULTIPLE	1	87	160	19	6.694e-05	{MA}
sp|P63389|YHES_ECOLI	SINGLE	1	516	635	19	8.270e-07	{Q}
sp|P63389|YHES_ECOLI	SINGLE	2	308	499	37	7.848e-06	{L}
sp|P63389|YHES_ECOLI	SINGLE	3	526	633	20	1.437e-05	{E}
sp|P63389|YHES_ECOLI	SINGLE	4	221	277	11	2.415e-05	{Q}
sp|P63389|YHES_ECOLI	SINGLE	5	158	201	13	8.815e-05	{L}
sp|P63389|YHES_ECOLI	SINGLE	6	338	378	10	2.194e-04	{G}
sp|P63389|YHES_ECOLI	SINGLE	7	200	219	6	2.742e-04	{I}
sp|P63389|YHES_ECOLI	SINGLE	8	495	521	7	4.646e-04	{D}
sp|P63389|YHES_ECOLI	SINGLE	9	89	566	39	4.657e-04	{R}
sp|P63389|YHES_ECOLI	MULTIPLE	1	513	635	40	6.756e-11	{QE}
sp|P63389|YHES_ECOLI	MULTIPLE	2	321	480	49	1.288e-06	{LG}
sp|P63389|YHES_ECOLI	MULTIPLE	3	89	566	72	8.705e-06	{QR}
sp|P63389|YHES_ECOLI	MULTIPLE	4	158	219	22	1.557e-05	{LI}
sp|P63389|YHES_ECOLI	WHOLE	1	1	637	89	2.240e-05	{L}
sp|P63389|YHES_ECOLI	WHOLE	2	1	637	48	8.799e-05	{Q}
sp|P63883|AMIC_ECOLI	SINGLE	1	25	83	14	1.527e-05	{V}
sp|P63883|AMIC_ECOLI	SINGLE	2	334	351	6	4.810e-04	{K}
sp|P63883|AMIC_ECOLI	SINGLE	3	176	205	8	4.831e-04	{G}
sp|P63883|AMIC_ECOLI	SINGLE	4	171	194	6	5.903e-04	{P}
sp|P63883|AMIC_ECOLI	MULTIPLE	1	171	205	14	1.035e-05	{GP}
sp|P64423|ZNTB_ECOLI	SINGLE	1	184	236	12	5.202e-06	{R}
sp|P64423|ZNTB_ECOLI	SINGLE	2	285	302	8	8.226e-06	{G}
sp|P64423|ZNTB_ECOLI	SINGLE	3	98	242	21	3.851e-05	{D}
sp|P64423|ZNTB_ECOLI	SINGLE	4	197	275	9	4.901e-05	{M}
sp|P64423|ZNTB_ECOLI	SINGLE	5	67	122	10	2.368e-04	{R}
sp|P64423|ZNTB_ECOLI	SINGLE	6	36	50	4	2.419e-04	{H}
sp|P64423|ZNTB_ECOLI	SINGLE	7	277	306	6	8.147e-04	{F}
sp|P64423|ZNTB_ECOLI	MULTIPLE	1	98	275	53	6.500e-10	{RDM}
sp|P64423|ZNTB_ECOLI	MULTIPLE	2	282	306	13	2.707e-07	{GF}
sp|P64483|PROXY_ECOLI	SINGLE	1	107	136	6	8.147e-04	{F}
sp|P64512|MGRB_ECOLI	SINGLE	1	7	23	7	4.822e-05	{V}
sp|P64524|CBTA_ECOLI	SINGLE	1	96	110	5	4.635e-04	{R}
sp|P64534|RCNB_ECOLI	SINGLE	1	11	26	7	9.989e-05	{A}
sp|P64588|YQJI_ECOLI	SINGLE	1	3	47	12	1.601e-10	{H}
sp|P64588|YQJI_ECOLI	SINGLE	2	8	43	7	1.404e-06	{C}
sp|P64588|YQJI_ECOLI	SINGLE	3	7	61	15	1.609e-06	{G}
sp|P64588|YQJI_ECOLI	SINGLE	4	117	147	10	1.456e-05	{E}
sp|P64588|YQJI_ECOLI	SINGLE	5	46	64	6	1.731e-04	{R}
sp|P64588|YQJI_ECOLI	SINGLE	6	184	203	6	2.742e-04	{I}
sp|P64588|YQJI_ECOLI	MULTIPLE	1	3	61	41	9.506e-21	{HCGR}
sp|P64588|YQJI_ECOLI	WHOLE	1	1	207	14	1.508e-04	{H}
sp|P64596|DOLP_ECOLI	SINGLE	1	21	35	7	6.097e-05	{A}
sp|P64596|DOLP_ECOLI	SINGLE	2	20	183	22	5.840e-04	{V}
sp|P64596|DOLP_ECOLI	MULTIPLE	1	20	186	44	1.911e-05	{AV}
sp|P64602|MLAB_ECOLI	SINGLE	1	14	95	18	2.710e-04	{L}
sp|P64602|MLAB_ECOLI	WHOLE	1	1	97	19	7.701e-04	{L}
sp|P64604|MLAD_ECOLI	SINGLE	1	15	29	6	5.574e-04	{A}
sp|P64606|MLAE_ECOLI	SINGLE	1	2	107	25	6.383e-06	{L}
sp|P64606|MLAE_ECOLI	SINGLE	2	45	252	28	1.237e-04	{V}
sp|P64606|MLAE_ECOLI	SINGLE	3	121	135	4	2.419e-04	{M}
sp|P64606|MLAE_ECOLI	SINGLE	4	149	215	6	4.370e-04	{W}
sp|P64606|MLAE_ECOLI	SINGLE	5	104	118	6	5.574e-04	{A}
sp|P64606|MLAE_ECOLI	SINGLE	6	166	183	6	6.921e-04	{G}
sp|P64606|MLAE_ECOLI	MULTIPLE	1	43	215	83	2.911e-10	{LVMWG}
sp|P64606|MLAE_ECOLI	WHOLE	1	1	260	41	2.392e-04	{L}
sp|P64612|ZAPE_ECOLI	SINGLE	1	48	370	29	5.247e-04	{R}
sp|P64636|YRFG_ECOLI	SINGLE	1	119	156	6	1.464e-04	{H}
sp|P64636|YRFG_ECOLI	SINGLE	2	9	27	6	3.810e-04	{D}
sp|P64636|YRFG_ECOLI	SINGLE	3	114	140	9	3.896e-04	{L}
sp|P64636|YRFG_ECOLI	SINGLE	4	157	183	8	6.718e-04	{A}
sp|P64636|YRFG_ECOLI	MULTIPLE	1	119	143	12	5.100e-06	{HL}
sp|P65870|QUED_ECOLI	SINGLE	1	16	72	8	2.862e-05	{H}
sp|P66817|DIAA_ECOLI	SINGLE	1	18	132	23	1.844e-05	{A}
sp|P66899|DPAL_ECOLI	SINGLE	1	232	345	19	1.214e-04	{G}
sp|P66948|BEPA_ECOLI	SINGLE	1	357	425	14	1.046e-06	{N}
sp|P66948|BEPA_ECOLI	SINGLE	2	106	469	54	2.747e-06	{A}
sp|P66948|BEPA_ECOLI	SINGLE	3	129	478	35	3.064e-06	{Q}
sp|P66948|BEPA_ECOLI	SINGLE	4	94	110	6	2.852e-05	{F}
sp|P66948|BEPA_ECOLI	SINGLE	5	447	461	6	3.585e-04	{S}
sp|P66948|BEPA_ECOLI	SINGLE	6	11	30	7	4.883e-04	{A}
sp|P66948|BEPA_ECOLI	SINGLE	7	226	477	38	8.181e-04	{L}
sp|P66948|BEPA_ECOLI	SINGLE	8	206	480	25	9.603e-04	{R}
sp|P66948|BEPA_ECOLI	MULTIPLE	1	98	480	196	1.525e-17	{NAQLR}
sp|P66948|BEPA_ECOLI	WHOLE	1	1	487	64	1.804e-05	{A}
sp|P66948|BEPA_ECOLI	WHOLE	2	1	487	41	2.726e-05	{Q}
sp|P67444|XANQ_ECOLI	SINGLE	1	4	445	48	2.197e-07	{I}
sp|P67444|XANQ_ECOLI	SINGLE	2	69	458	52	8.535e-07	{G}
sp|P67444|XANQ_ECOLI	SINGLE	3	26	348	39	8.159e-05	{V}
sp|P67444|XANQ_ECOLI	SINGLE	4	245	259	5	1.842e-04	{F}
sp|P67444|XANQ_ECOLI	SINGLE	5	84	136	12	2.449e-04	{S}
sp|P67444|XANQ_ECOLI	SINGLE	6	331	378	6	5.219e-04	{M}
sp|P67444|XANQ_ECOLI	SINGLE	7	203	227	4	5.908e-04	{C}
sp|P67444|XANQ_ECOLI	MULTIPLE	1	61	428	200	3.964e-20	{IGVFSM}
sp|P67444|XANQ_ECOLI	WHOLE	1	1	466	49	4.212e-07	{I}
sp|P67444|XANQ_ECOLI	WHOLE	2	1	466	55	1.428e-05	{G}
sp|P67603|AC4CH_ECOLI	SINGLE	1	52	67	7	2.265e-05	{T}
sp|P67910|HLDD_ECOLI	SINGLE	1	88	171	12	5.849e-05	{Y}
sp|P67910|HLDD_ECOLI	SINGLE	2	21	55	8	4.587e-04	{D}
sp|P68183|MALG_ECOLI	SINGLE	1	13	289	46	3.519e-05	{L}
sp|P68183|MALG_ECOLI	SINGLE	2	92	271	27	4.848e-04	{A}
sp|P68183|MALG_ECOLI	MULTIPLE	1	11	291	82	1.719e-07	{LA}
sp|P68183|MALG_ECOLI	WHOLE	1	1	296	46	1.553e-04	{L}
sp|P68187|MALK_ECOLI	SINGLE	1	4	337	42	1.928e-05	{V}
sp|P68187|MALK_ECOLI	SINGLE	2	253	331	11	4.472e-04	{Q}
sp|P68187|MALK_ECOLI	SINGLE	3	169	185	5	8.659e-04	{R}
sp|P68187|MALK_ECOLI	MULTIPLE	1	109	277	50	1.994e-06	{VQR}
sp|P68187|MALK_ECOLI	WHOLE	1	1	371	43	9.330e-05	{V}
sp|P68679|RS21_ECOLI	SINGLE	1	17	69	13	8.254e-07	{R}
sp|P68679|RS21_ECOLI	SINGLE	2	40	59	6	8.840e-04	{K}
sp|P68679|RS21_ECOLI	MULTIPLE	1	17	69	21	5.394e-08	{RK}
sp|P68679|RS21_ECOLI	WHOLE	1	1	71	14	4.915e-06	{R}
sp|P68688|GLRX1_ECOLI	SINGLE	1	32	67	7	6.599e-04	{Q}
sp|P68699|ATPL_ECOLI	SINGLE	1	1	17	5	2.339e-05	{M}
sp|P68699|ATPL_ECOLI	SINGLE	2	11	25	7	6.097e-05	{A}
sp|P68699|ATPL_ECOLI	SINGLE	3	18	38	7	2.506e-04	{G}
sp|P68699|ATPL_ECOLI	MULTIPLE	1	11	33	16	2.390e-08	{MAG}
sp|P68699|ATPL_ECOLI	WHOLE	1	1	79	8	2.783e-04	{M}
sp|P68767|AMPA_ECOLI	SINGLE	1	287	306	5	5.484e-05	{M}
sp|P68767|AMPA_ECOLI	SINGLE	2	173	211	11	1.172e-04	{A}
sp|P68767|AMPA_ECOLI	SINGLE	3	224	501	35	1.175e-04	{G}
sp|P68767|AMPA_ECOLI	SINGLE	4	390	404	4	2.419e-04	{H}
sp|P68767|AMPA_ECOLI	SINGLE	5	151	172	6	4.110e-04	{R}
sp|P68767|AMPA_ECOLI	SINGLE	6	373	497	21	4.434e-04	{A}
sp|P68767|AMPA_ECOLI	SINGLE	7	46	75	9	8.903e-04	{L}
sp|P68767|AMPA_ECOLI	MULTIPLE	1	224	501	78	6.799e-07	{MGA}
sp|P69054|DHSC_ECOLI	SINGLE	1	65	94	5	4.045e-04	{M}
sp|P69210|MDTI_ECOLI	SINGLE	1	43	79	12	1.298e-05	{A}
sp|P69210|MDTI_ECOLI	SINGLE	2	12	100	18	7.145e-04	{L}
sp|P69210|MDTI_ECOLI	MULTIPLE	1	9	101	36	3.919e-07	{AL}
sp|P69210|MDTI_ECOLI	WHOLE	1	1	109	20	1.934e-04	{A}
sp|P69212|MDTJ_ECOLI	SINGLE	1	3	102	14	2.865e-04	{I}
sp|P69212|MDTJ_ECOLI	SINGLE	2	36	101	15	5.598e-04	{L}
sp|P69212|MDTJ_ECOLI	MULTIPLE	1	3	102	33	9.805e-07	{IL}
sp|P69228|BAER_ECOLI	SINGLE	1	74	238	20	9.069e-05	{R}
sp|P69228|BAER_ECOLI	SINGLE	2	57	72	7	2.677e-04	{L}
sp|P69228|BAER_ECOLI	SINGLE	3	76	108	7	8.123e-04	{I}
sp|P69228|BAER_ECOLI	MULTIPLE	1	74	239	34	1.424e-05	{RI}
sp|P69228|BAER_ECOLI	WHOLE	1	1	240	23	7.609e-04	{R}
sp|P69380|FIEF_ECOLI	SINGLE	1	12	30	7	3.444e-04	{A}
sp|P69380|FIEF_ECOLI	SINGLE	2	102	130	7	3.632e-04	{I}
sp|P69380|FIEF_ECOLI	SINGLE	3	116	139	7	5.364e-04	{V}
sp|P69380|FIEF_ECOLI	SINGLE	4	22	210	31	6.012e-04	{L}
sp|P69380|FIEF_ECOLI	MULTIPLE	1	8	210	59	7.958e-06	{AL}
sp|P69380|FIEF_ECOLI	MULTIPLE	2	116	132	10	3.140e-06	{IV}
sp|P69411|RCSF_ECOLI	SINGLE	1	23	48	8	1.494e-05	{P}
sp|P69423|TATC_ECOLI	SINGLE	1	244	258	8	1.281e-06	{E}
sp|P69423|TATC_ECOLI	SINGLE	2	68	235	20	7.723e-06	{F}
sp|P69423|TATC_ECOLI	SINGLE	3	10	95	13	2.208e-04	{I}
sp|P69423|TATC_ECOLI	SINGLE	4	27	212	25	2.683e-04	{V}
sp|P69423|TATC_ECOLI	MULTIPLE	1	24	232	64	1.225e-08	{FIV}
sp|P69423|TATC_ECOLI	WHOLE	1	1	258	22	3.509e-04	{F}
sp|P69425|TATB_ECOLI	SINGLE	1	138	171	9	1.677e-05	{P}
sp|P69425|TATB_ECOLI	SINGLE	2	88	162	16	1.411e-04	{A}
sp|P69425|TATB_ECOLI	MULTIPLE	1	98	165	25	2.283e-07	{PA}
sp|P69428|TATA_ECOLI	SINGLE	1	45	85	9	2.852e-04	{D}
sp|P69428|TATA_ECOLI	SINGLE	2	23	86	12	3.696e-04	{K}
sp|P69428|TATA_ECOLI	SINGLE	3	1	15	5	5.275e-04	{I}
sp|P69428|TATA_ECOLI	MULTIPLE	1	23	86	22	1.444e-06	{DK}
sp|P69441|KAD_ECOLI	SINGLE	1	103	148	10	4.827e-04	{V}
sp|P69451|LCFA_ECOLI	SINGLE	1	101	541	50	5.042e-05	{V}
sp|P69451|LCFA_ECOLI	SINGLE	2	226	365	27	1.069e-04	{L}
sp|P69451|LCFA_ECOLI	MULTIPLE	1	101	549	103	1.480e-05	{VL}
sp|P69451|LCFA_ECOLI	WHOLE	1	1	561	59	9.145e-05	{V}
sp|P69681|AMTB_ECOLI	SINGLE	1	171	371	41	8.276e-11	{G}
sp|P69681|AMTB_ECOLI	SINGLE	2	4	316	47	7.915e-06	{A}
sp|P69681|AMTB_ECOLI	SINGLE	3	63	418	43	3.873e-05	{V}
sp|P69681|AMTB_ECOLI	SINGLE	4	37	394	34	1.264e-04	{I}
sp|P69681|AMTB_ECOLI	SINGLE	5	93	107	5	2.875e-04	{N}
sp|P69681|AMTB_ECOLI	SINGLE	6	1	45	6	3.701e-04	{M}
sp|P69681|AMTB_ECOLI	MULTIPLE	1	1	404	205	4.072e-22	{GAVIM}
sp|P69681|AMTB_ECOLI	WHOLE	1	1	428	60	2.558e-08	{G}
sp|P69681|AMTB_ECOLI	WHOLE	2	1	428	55	1.028e-04	{A}
sp|P69681|AMTB_ECOLI	WHOLE	3	1	428	46	2.802e-04	{V}
sp|P69681|AMTB_ECOLI	WHOLE	4	1	428	36	6.903e-04	{I}
sp|P69739|MBHS_ECOLI	SINGLE	1	171	198	8	2.702e-05	{P}
sp|P69739|MBHS_ECOLI	SINGLE	2	147	169	9	2.916e-05	{A}
sp|P69739|MBHS_ECOLI	SINGLE	3	62	297	13	9.958e-05	{C}
sp|P69739|MBHS_ECOLI	SINGLE	4	42	205	20	1.208e-04	{I}
sp|P69739|MBHS_ECOLI	SINGLE	5	331	347	7	1.565e-04	{A}
sp|P69739|MBHS_ECOLI	SINGLE	6	334	348	6	2.045e-04	{V}
sp|P69739|MBHS_ECOLI	MULTIPLE	1	40	205	42	1.989e-07	{PCI}
sp|P69739|MBHS_ECOLI	MULTIPLE	2	331	348	13	4.248e-08	{AV}
sp|P69741|MBHT_ECOLI	SINGLE	1	241	349	22	1.847e-06	{G}
sp|P69741|MBHT_ECOLI	SINGLE	2	144	166	10	3.473e-06	{A}
sp|P69741|MBHT_ECOLI	SINGLE	3	23	40	8	2.760e-05	{A}
sp|P69741|MBHT_ECOLI	SINGLE	4	257	295	6	3.215e-05	{C}
sp|P69741|MBHT_ECOLI	SINGLE	5	196	307	10	1.447e-04	{H}
sp|P69741|MBHT_ECOLI	SINGLE	6	341	355	6	2.045e-04	{V}
sp|P69741|MBHT_ECOLI	SINGLE	7	181	220	8	3.765e-04	{P}
sp|P69741|MBHT_ECOLI	SINGLE	8	121	154	7	9.725e-04	{I}
sp|P69741|MBHT_ECOLI	MULTIPLE	1	225	342	36	1.371e-09	{GCH}
sp|P69741|MBHT_ECOLI	MULTIPLE	2	128	166	17	1.613e-06	{AI}
sp|P69741|MBHT_ECOLI	WHOLE	1	1	372	44	8.017e-05	{G}
sp|P69783|PTGA_ECOLI	SINGLE	1	21	167	19	8.309e-05	{I}
sp|P69783|PTGA_ECOLI	WHOLE	1	1	169	19	4.555e-04	{I}
sp|P69786|PTGCB_ECOLI	SINGLE	1	122	376	34	1.138e-07	{I}
sp|P69786|PTGCB_ECOLI	SINGLE	2	26	457	59	1.222e-05	{A}
sp|P69786|PTGCB_ECOLI	SINGLE	3	132	372	24	2.064e-05	{F}
sp|P69786|PTGCB_ECOLI	SINGLE	4	27	460	49	1.033e-04	{G}
sp|P69786|PTGCB_ECOLI	SINGLE	5	12	100	16	1.306e-04	{V}
sp|P69786|PTGCB_ECOLI	SINGLE	6	427	455	8	3.301e-04	{V}
sp|P69786|PTGCB_ECOLI	MULTIPLE	1	20	460	220	5.024e-19	{IAFGV}
sp|P69786|PTGCB_ECOLI	WHOLE	1	1	477	44	3.285e-05	{I}
sp|P69786|PTGCB_ECOLI	WHOLE	2	1	477	61	5.526e-05	{A}
sp|P69786|PTGCB_ECOLI	WHOLE	3	1	477	50	4.346e-04	{G}
sp|P69791|PTQA_ECOLI	SINGLE	1	31	52	9	1.926e-05	{A}
sp|P69791|PTQA_ECOLI	SINGLE	2	1	98	9	2.457e-04	{M}
sp|P69791|PTQA_ECOLI	MULTIPLE	1	31	64	14	1.733e-06	{AM}
sp|P69791|PTQA_ECOLI	WHOLE	1	1	116	9	8.019e-04	{M}
sp|P69795|PTQB_ECOLI	SINGLE	1	91	105	7	6.097e-05	{A}
sp|P69797|PTNAB_ECOLI	SINGLE	1	137	153	10	9.635e-08	{A}
sp|P69797|PTNAB_ECOLI	SINGLE	2	188	283	20	2.317e-06	{V}
sp|P69797|PTNAB_ECOLI	SINGLE	3	133	158	8	1.494e-05	{P}
sp|P69797|PTNAB_ECOLI	MULTIPLE	1	137	155	16	2.335e-12	{AP}
sp|P69797|PTNAB_ECOLI	WHOLE	1	1	323	38	1.612e-04	{V}
sp|P69801|PTNC_ECOLI	SINGLE	1	3	198	30	2.944e-08	{I}
sp|P69801|PTNC_ECOLI	SINGLE	2	68	159	23	3.732e-07	{A}
sp|P69801|PTNC_ECOLI	SINGLE	3	188	207	5	5.484e-05	{M}
sp|P69801|PTNC_ECOLI	SINGLE	4	151	236	16	8.737e-05	{V}
sp|P69801|PTNC_ECOLI	SINGLE	5	208	222	5	1.842e-04	{F}
sp|P69801|PTNC_ECOLI	MULTIPLE	1	66	198	62	6.253e-13	{IAV}
sp|P69801|PTNC_ECOLI	WHOLE	1	1	266	32	2.323e-06	{I}
sp|P69801|PTNC_ECOLI	WHOLE	2	1	266	40	3.174e-05	{A}
sp|P69805|PTND_ECOLI	SINGLE	1	96	201	21	4.170e-06	{G}
sp|P69805|PTND_ECOLI	SINGLE	2	1	15	6	1.598e-04	{T}
sp|P69805|PTND_ECOLI	SINGLE	3	144	159	7	2.677e-04	{L}
sp|P69805|PTND_ECOLI	SINGLE	4	235	255	8	2.978e-04	{L}
sp|P69805|PTND_ECOLI	MULTIPLE	1	96	203	36	3.607e-06	{GL}
sp|P69831|PTKC_ECOLI	SINGLE	1	9	442	54	4.335e-10	{I}
sp|P69831|PTKC_ECOLI	SINGLE	2	1	268	17	7.129e-05	{M}
sp|P69831|PTKC_ECOLI	SINGLE	3	30	440	47	1.040e-04	{G}
sp|P69831|PTKC_ECOLI	SINGLE	4	381	395	6	5.574e-04	{A}
sp|P69831|PTKC_ECOLI	SINGLE	5	78	348	31	8.289e-04	{V}
sp|P69831|PTKC_ECOLI	MULTIPLE	1	16	433	201	2.164e-18	{IMGAV}
sp|P69831|PTKC_ECOLI	WHOLE	1	1	451	54	1.662e-09	{I}
sp|P69831|PTKC_ECOLI	WHOLE	2	1	451	22	2.829e-04	{M}
sp|P69831|PTKC_ECOLI	WHOLE	3	1	451	48	4.012e-04	{G}
sp|P69853|DMSD_ECOLI	SINGLE	1	42	158	10	9.649e-06	{W}
sp|P69853|DMSD_ECOLI	SINGLE	2	13	35	8	2.057e-04	{A}
sp|P69853|DMSD_ECOLI	WHOLE	1	1	204	11	2.151e-04	{W}
sp|P69856|NANC_ECOLI	SINGLE	1	109	230	16	1.169e-05	{Y}
sp|P69856|NANC_ECOLI	SINGLE	2	49	188	10	4.391e-05	{W}
sp|P69856|NANC_ECOLI	SINGLE	3	51	83	7	3.754e-04	{N}
sp|P69856|NANC_ECOLI	MULTIPLE	1	39	230	45	8.999e-09	{YWN}
sp|P69874|POTA_ECOLI	SINGLE	1	209	376	26	2.272e-05	{E}
sp|P69874|POTA_ECOLI	SINGLE	2	136	154	6	1.006e-04	{Q}
sp|P69874|POTA_ECOLI	SINGLE	3	168	182	7	1.659e-04	{L}
sp|P69874|POTA_ECOLI	SINGLE	4	115	320	21	5.862e-04	{R}
sp|P69874|POTA_ECOLI	SINGLE	5	343	357	5	9.005e-04	{D}
sp|P69874|POTA_ECOLI	MULTIPLE	1	123	376	51	1.743e-05	{ER}
sp|P69902|FCTA_ECOLI	SINGLE	1	233	252	9	1.955e-06	{G}
sp|P69902|FCTA_ECOLI	SINGLE	2	138	166	9	2.189e-04	{A}
sp|P69908|DCEA_ECOLI	SINGLE	1	131	145	4	2.419e-04	{M}
sp|P69908|DCEA_ECOLI	SINGLE	2	225	243	6	3.810e-04	{D}
sp|P69908|DCEA_ECOLI	SINGLE	3	67	173	7	9.482e-04	{W}
sp|P69908|DCEA_ECOLI	MULTIPLE	1	67	194	16	1.536e-05	{MW}
sp|P69910|DCEB_ECOLI	SINGLE	1	131	145	4	2.419e-04	{M}
sp|P69910|DCEB_ECOLI	SINGLE	2	225	243	6	3.810e-04	{D}
sp|P69910|DCEB_ECOLI	SINGLE	3	67	173	7	9.482e-04	{W}
sp|P69910|DCEB_ECOLI	MULTIPLE	1	67	194	16	1.536e-05	{MW}
sp|P69913|CSRA_ECOLI	SINGLE	1	18	42	8	1.088e-04	{V}
sp|P69922|FUCI_ECOLI	SINGLE	1	34	70	12	1.298e-05	{A}
sp|P69922|FUCI_ECOLI	SINGLE	2	49	91	6	5.631e-05	{C}
sp|P69922|FUCI_ECOLI	SINGLE	3	118	170	13	1.358e-04	{A}
sp|P69922|FUCI_ECOLI	SINGLE	4	260	274	4	2.419e-04	{M}
sp|P69922|FUCI_ECOLI	SINGLE	5	140	154	5	9.005e-04	{D}
sp|P69922|FUCI_ECOLI	MULTIPLE	1	36	71	15	2.924e-07	{AC}
sp|P69922|FUCI_ECOLI	MULTIPLE	2	118	170	18	8.155e-05	{AD}
sp|P69924|RIR2_ECOLI	SINGLE	1	73	162	13	3.405e-04	{I}
sp|P69931|HDA_ECOLI	SINGLE	1	7	233	42	5.919e-06	{L}
sp|P69931|HDA_ECOLI	SINGLE	2	177	202	7	1.498e-04	{R}
sp|P69931|HDA_ECOLI	MULTIPLE	1	30	213	53	8.777e-08	{LR}
sp|P69931|HDA_ECOLI	WHOLE	1	1	233	42	1.109e-05	{L}
sp|P69937|GDX_ECOLI	SINGLE	1	38	91	12	5.996e-04	{A}
sp|P75682|YAGE_ECOLI	SINGLE	1	175	199	5	1.683e-04	{H}
sp|P75682|YAGE_ECOLI	SINGLE	2	272	287	5	5.733e-04	{P}
sp|P75682|YAGE_ECOLI	SINGLE	3	40	57	6	6.921e-04	{G}
sp|P75691|YAHK_ECOLI	SINGLE	1	173	190	8	8.226e-06	{G}
sp|P75691|YAHK_ECOLI	SINGLE	2	88	107	5	1.276e-05	{C}
sp|P75691|YAHK_ECOLI	SINGLE	3	194	233	12	3.063e-05	{A}
sp|P75691|YAHK_ECOLI	SINGLE	4	55	90	10	5.887e-05	{V}
sp|P75691|YAHK_ECOLI	SINGLE	5	41	274	15	1.596e-04	{H}
sp|P75691|YAHK_ECOLI	SINGLE	6	283	324	8	7.383e-04	{I}
sp|P75691|YAHK_ECOLI	MULTIPLE	1	81	200	27	3.269e-06	{GH}
sp|P75691|YAHK_ECOLI	MULTIPLE	2	55	99	15	1.142e-06	{CV}
sp|P75804|YLII_ECOLI	SINGLE	1	48	276	34	5.830e-06	{G}
sp|P75804|YLII_ECOLI	SINGLE	2	332	346	5	4.635e-04	{R}
sp|P75804|YLII_ECOLI	SINGLE	3	209	304	7	5.101e-04	{W}
sp|P75804|YLII_ECOLI	MULTIPLE	1	48	292	44	3.470e-07	{GW}
sp|P75804|YLII_ECOLI	WHOLE	1	1	371	42	2.631e-04	{G}
sp|P75809|YBJI_ECOLI	SINGLE	1	226	247	8	1.455e-04	{A}
sp|P75809|YBJI_ECOLI	SINGLE	2	29	50	6	2.422e-04	{Q}
sp|P75820|AMID_ECOLI	SINGLE	1	9	268	37	1.694e-04	{A}
sp|P75820|AMID_ECOLI	SINGLE	2	184	198	5	2.936e-04	{Q}
sp|P75820|AMID_ECOLI	SINGLE	3	75	235	18	3.675e-04	{P}
sp|P75820|AMID_ECOLI	SINGLE	4	142	158	5	9.825e-04	{I}
sp|P75820|AMID_ECOLI	MULTIPLE	1	75	209	56	1.326e-07	{AQPI}
sp|P75820|AMID_ECOLI	WHOLE	1	1	276	37	4.928e-04	{A}
sp|P75823|LTAE_ECOLI	SINGLE	1	15	332	47	1.178e-05	{A}
sp|P75823|LTAE_ECOLI	SINGLE	2	1	21	4	9.292e-04	{M}
sp|P75823|LTAE_ECOLI	MULTIPLE	1	15	332	57	6.178e-06	{AM}
sp|P75823|LTAE_ECOLI	WHOLE	1	1	333	47	3.575e-05	{A}
sp|P75825|HCP_ECOLI	SINGLE	1	40	199	28	3.165e-05	{A}
sp|P75825|HCP_ECOLI	SINGLE	2	380	548	32	4.062e-05	{L}
sp|P75825|HCP_ECOLI	SINGLE	3	187	215	5	3.445e-04	{M}
sp|P75825|HCP_ECOLI	SINGLE	4	3	25	4	4.271e-04	{C}
sp|P75825|HCP_ECOLI	SINGLE	5	145	478	38	4.289e-04	{G}
sp|P75825|HCP_ECOLI	MULTIPLE	1	149	534	92	1.220e-05	{LG}
sp|P75830|MACA_ECOLI	SINGLE	1	37	210	25	1.214e-07	{Q}
sp|P75830|MACA_ECOLI	SINGLE	2	106	232	23	8.614e-05	{A}
sp|P75830|MACA_ECOLI	SINGLE	3	13	28	5	7.294e-04	{I}
sp|P75830|MACA_ECOLI	MULTIPLE	1	47	232	53	1.279e-09	{QA}
sp|P75830|MACA_ECOLI	WHOLE	1	1	371	31	2.344e-04	{Q}
sp|P75831|MACB_ECOLI	SINGLE	1	197	582	52	3.441e-07	{V}
sp|P75831|MACB_ECOLI	SINGLE	2	569	619	16	6.448e-06	{L}
sp|P75831|MACB_ECOLI	SINGLE	3	313	335	7	1.612e-04	{D}
sp|P75831|MACB_ECOLI	SINGLE	4	279	312	8	1.702e-04	{I}
sp|P75831|MACB_ECOLI	SINGLE	5	355	396	8	3.142e-04	{N}
sp|P75831|MACB_ECOLI	SINGLE	6	120	151	7	3.177e-04	{Q}
sp|P75831|MACB_ECOLI	SINGLE	7	326	342	5	5.538e-04	{Q}
sp|P75831|MACB_ECOLI	MULTIPLE	1	319	342	11	5.708e-06	{DQ}
sp|P75831|MACB_ECOLI	WHOLE	1	1	648	66	9.586e-05	{V}
sp|P75849|GLO22_ECOLI	SINGLE	1	56	71	4	3.155e-04	{H}
sp|P75862|ZAPC_ECOLI	SINGLE	1	30	67	7	5.121e-04	{F}
sp|P75862|ZAPC_ECOLI	SINGLE	2	20	38	4	6.290e-04	{M}
sp|P75862|ZAPC_ECOLI	MULTIPLE	1	20	67	11	9.444e-05	{FM}
sp|P75863|YCBX_ECOLI	SINGLE	1	265	281	8	1.664e-05	{A}
sp|P75863|YCBX_ECOLI	SINGLE	2	323	359	6	2.366e-05	{C}
sp|P75863|YCBX_ECOLI	SINGLE	3	285	315	8	3.521e-05	{Q}
sp|P75864|RLMKL_ECOLI	SINGLE	1	122	691	47	1.242e-04	{R}
sp|P75864|RLMKL_ECOLI	SINGLE	2	297	311	5	4.135e-04	{P}
sp|P75864|RLMKL_ECOLI	SINGLE	3	168	278	19	6.249e-04	{A}
sp|P75864|RLMKL_ECOLI	SINGLE	4	316	357	11	8.588e-04	{L}
sp|P75864|RLMKL_ECOLI	MULTIPLE	1	119	675	169	6.693e-07	{RAL}
sp|P75864|RLMKL_ECOLI	WHOLE	1	1	702	52	6.089e-04	{R}
sp|P75876|RLMI_ECOLI	SINGLE	1	209	223	5	4.635e-04	{R}
sp|P75892|RUTG_ECOLI	SINGLE	1	122	393	42	1.161e-07	{V}
sp|P75892|RUTG_ECOLI	SINGLE	2	36	417	53	2.058e-07	{G}
sp|P75892|RUTG_ECOLI	SINGLE	3	1	333	22	4.020e-06	{M}
sp|P75892|RUTG_ECOLI	SINGLE	4	149	423	40	6.390e-05	{A}
sp|P75892|RUTG_ECOLI	SINGLE	5	52	204	19	1.380e-04	{I}
sp|P75892|RUTG_ECOLI	SINGLE	6	197	219	8	5.917e-04	{L}
sp|P75892|RUTG_ECOLI	MULTIPLE	1	19	421	257	2.997e-27	{VGMAIL}
sp|P75892|RUTG_ECOLI	WHOLE	1	1	442	56	8.851e-07	{V}
sp|P75892|RUTG_ECOLI	WHOLE	2	1	442	55	3.348e-06	{G}
sp|P75892|RUTG_ECOLI	WHOLE	3	1	442	23	8.958e-05	{M}
sp|P75892|RUTG_ECOLI	WHOLE	4	1	442	53	5.900e-04	{A}
sp|P75898|RUTA_ECOLI	SINGLE	1	206	286	18	3.337e-05	{A}
sp|P75898|RUTA_ECOLI	SINGLE	2	91	121	10	7.006e-05	{A}
sp|P75906|PGAB_ECOLI	SINGLE	1	585	626	11	1.089e-06	{Q}
sp|P75906|PGAB_ECOLI	SINGLE	2	320	475	20	2.796e-04	{D}
sp|P75906|PGAB_ECOLI	SINGLE	3	303	354	9	2.934e-04	{Q}
sp|P75906|PGAB_ECOLI	SINGLE	4	454	583	22	3.046e-04	{A}
sp|P75906|PGAB_ECOLI	MULTIPLE	1	303	475	33	1.021e-04	{DQ}
sp|P75906|PGAB_ECOLI	WHOLE	1	1	672	48	2.701e-04	{Q}
sp|P75908|DGCT_ECOLI	SINGLE	1	48	406	41	4.238e-07	{I}
sp|P75908|DGCT_ECOLI	SINGLE	2	12	446	49	6.794e-05	{V}
sp|P75908|DGCT_ECOLI	SINGLE	3	51	159	14	7.088e-05	{F}
sp|P75908|DGCT_ECOLI	SINGLE	4	280	298	5	9.333e-04	{N}
sp|P75908|DGCT_ECOLI	MULTIPLE	1	12	448	148	1.093e-12	{IVFN}
sp|P75908|DGCT_ECOLI	WHOLE	1	1	452	43	2.033e-05	{I}
sp|P75908|DGCT_ECOLI	WHOLE	2	1	452	49	1.595e-04	{V}
sp|P75913|GHRA_ECOLI	SINGLE	1	257	274	6	1.085e-04	{P}
sp|P75913|GHRA_ECOLI	SINGLE	2	184	240	14	3.775e-04	{L}
sp|P75913|GHRA_ECOLI	SINGLE	3	14	172	9	5.407e-04	{W}
sp|P75914|YCDX_ECOLI	SINGLE	1	7	164	13	3.799e-05	{H}
sp|P75914|YCDX_ECOLI	SINGLE	2	24	139	16	1.350e-04	{I}
sp|P75914|YCDX_ECOLI	SINGLE	3	98	196	18	4.230e-04	{A}
sp|P75914|YCDX_ECOLI	MULTIPLE	1	7	196	56	1.554e-07	{HIA}
sp|P75914|YCDX_ECOLI	WHOLE	1	1	245	14	7.426e-04	{H}
sp|P75949|NAGZ_ECOLI	SINGLE	1	43	77	9	2.616e-05	{R}
sp|P75949|NAGZ_ECOLI	SINGLE	2	80	146	15	1.288e-04	{A}
sp|P75949|NAGZ_ECOLI	SINGLE	3	125	176	6	7.926e-04	{H}
sp|P75949|NAGZ_ECOLI	MULTIPLE	1	80	176	24	1.636e-05	{AH}
sp|P75957|LOLD_ECOLI	SINGLE	1	51	229	32	1.177e-04	{L}
sp|P75957|LOLD_ECOLI	SINGLE	2	138	222	12	5.340e-04	{R}
sp|P75957|LOLD_ECOLI	SINGLE	3	33	70	9	5.519e-04	{G}
sp|P75957|LOLD_ECOLI	MULTIPLE	1	51	229	46	1.374e-05	{LR}
sp|P75957|LOLD_ECOLI	WHOLE	1	1	233	36	7.158e-04	{L}
sp|P75959|NAGK_ECOLI	SINGLE	1	127	193	16	4.737e-06	{G}
sp|P75959|NAGK_ECOLI	SINGLE	2	268	286	6	1.731e-04	{R}
sp|P75959|NAGK_ECOLI	SINGLE	3	91	117	7	4.646e-04	{D}
sp|P75959|NAGK_ECOLI	SINGLE	4	55	73	6	9.446e-04	{G}
sp|P75959|NAGK_ECOLI	WHOLE	1	1	303	37	1.414e-04	{G}
sp|P75960|NPD_ECOLI	SINGLE	1	4	30	12	1.215e-09	{R}
sp|P75960|NPD_ECOLI	SINGLE	2	192	206	4	2.419e-04	{M}
sp|P75960|NPD_ECOLI	SINGLE	3	135	235	9	3.053e-04	{H}
sp|P75960|NPD_ECOLI	SINGLE	4	155	177	4	4.271e-04	{C}
sp|P75960|NPD_ECOLI	SINGLE	5	89	105	5	5.538e-04	{Q}
sp|P75960|NPD_ECOLI	MULTIPLE	1	145	235	17	1.837e-05	{MHC}
sp|P75990|BLUF_ECOLI	SINGLE	1	170	357	24	1.409e-05	{I}
sp|P75990|BLUF_ECOLI	SINGLE	2	42	320	23	4.142e-04	{F}
sp|P75990|BLUF_ECOLI	MULTIPLE	1	39	357	53	3.556e-06	{IF}
sp|P75990|BLUF_ECOLI	WHOLE	1	1	403	37	1.308e-04	{I}
sp|P76010|YCGR_ECOLI	SINGLE	1	98	126	7	2.640e-04	{P}
sp|P76010|YCGR_ECOLI	SINGLE	2	9	53	12	4.376e-04	{L}
sp|P76014|DHAL_ECOLI	SINGLE	1	189	203	4	2.419e-04	{M}
sp|P76014|DHAL_ECOLI	SINGLE	2	154	179	8	5.129e-04	{A}
sp|P76014|DHAL_ECOLI	SINGLE	3	140	168	8	6.512e-04	{S}
sp|P76014|DHAL_ECOLI	MULTIPLE	1	144	168	13	1.493e-05	{AS}
sp|P76015|DHAK_ECOLI	SINGLE	1	258	273	7	2.192e-06	{Q}
sp|P76015|DHAK_ECOLI	SINGLE	2	44	222	28	1.354e-05	{G}
sp|P76015|DHAK_ECOLI	SINGLE	3	124	138	6	2.045e-04	{V}
sp|P76037|PUUP_ECOLI	SINGLE	1	41	399	36	2.228e-07	{F}
sp|P76037|PUUP_ECOLI	SINGLE	2	132	191	15	3.964e-06	{V}
sp|P76037|PUUP_ECOLI	SINGLE	3	402	441	12	1.377e-04	{L}
sp|P76037|PUUP_ECOLI	SINGLE	4	107	128	8	4.250e-04	{L}
sp|P76037|PUUP_ECOLI	MULTIPLE	1	40	385	77	7.103e-11	{FV}
sp|P76037|PUUP_ECOLI	WHOLE	1	1	461	36	4.700e-05	{F}
sp|P76037|PUUP_ECOLI	WHOLE	2	1	461	51	7.757e-05	{V}
sp|P76038|PUUD_ECOLI	SINGLE	1	134	163	9	7.226e-05	{E}
sp|P76038|PUUD_ECOLI	SINGLE	2	42	90	9	3.205e-04	{P}
sp|P76038|PUUD_ECOLI	SINGLE	3	41	67	9	3.896e-04	{L}
sp|P76038|PUUD_ECOLI	SINGLE	4	99	113	5	5.275e-04	{I}
sp|P76038|PUUD_ECOLI	MULTIPLE	1	41	78	17	3.256e-06	{PL}
sp|P76045|OMPG_ECOLI	SINGLE	1	164	185	7	2.300e-04	{T}
sp|P76045|OMPG_ECOLI	SINGLE	2	35	299	22	3.127e-04	{Y}
sp|P76045|OMPG_ECOLI	SINGLE	3	77	288	24	4.596e-04	{D}
sp|P76045|OMPG_ECOLI	MULTIPLE	1	77	292	55	5.381e-05	{TYD}
sp|P76055|TTCA_ECOLI	SINGLE	1	162	176	4	2.419e-04	{M}
sp|P76055|TTCA_ECOLI	SINGLE	2	86	117	8	6.680e-04	{E}
sp|P76055|TTCA_ECOLI	SINGLE	3	2	19	5	7.334e-04	{Q}
sp|P76082|PAAF_ECOLI	SINGLE	1	21	233	40	1.458e-07	{A}
sp|P76082|PAAF_ECOLI	SINGLE	2	166	226	12	8.648e-06	{Q}
sp|P76082|PAAF_ECOLI	SINGLE	3	13	231	37	1.225e-04	{L}
sp|P76082|PAAF_ECOLI	SINGLE	4	101	140	9	8.070e-04	{G}
sp|P76082|PAAF_ECOLI	MULTIPLE	1	9	233	95	1.079e-12	{AQL}
sp|P76082|PAAF_ECOLI	WHOLE	1	1	255	41	5.567e-06	{A}
sp|P76082|PAAF_ECOLI	WHOLE	2	1	255	39	5.606e-04	{L}
sp|P76084|PAAI_ECOLI	SINGLE	1	60	79	8	6.750e-05	{A}
sp|P76084|PAAI_ECOLI	SINGLE	2	99	119	6	1.841e-04	{Q}
sp|P76104|RLHA_ECOLI	SINGLE	1	14	30	7	1.565e-04	{A}
sp|P76104|RLHA_ECOLI	SINGLE	2	321	362	10	2.278e-04	{V}
sp|P76104|RLHA_ECOLI	SINGLE	3	382	396	4	2.419e-04	{H}
sp|P76104|RLHA_ECOLI	SINGLE	4	19	164	17	5.860e-04	{I}
sp|P76104|RLHA_ECOLI	SINGLE	5	169	196	4	9.111e-04	{C}
sp|P76104|RLHA_ECOLI	MULTIPLE	1	14	196	48	1.051e-05	{AIC}
sp|P76108|YDCS_ECOLI	SINGLE	1	118	370	12	3.545e-04	{W}
sp|P76108|YDCS_ECOLI	SINGLE	2	202	219	5	7.334e-04	{Q}
sp|P76113|CURA_ECOLI	SINGLE	1	71	183	23	9.505e-07	{G}
sp|P76113|CURA_ECOLI	SINGLE	2	68	83	6	3.059e-04	{V}
sp|P76113|CURA_ECOLI	MULTIPLE	1	68	183	39	9.029e-09	{GV}
sp|P76113|CURA_ECOLI	WHOLE	1	1	345	42	6.119e-05	{G}
sp|P76129|DOSP_ECOLI	SINGLE	1	139	799	60	2.916e-06	{I}
sp|P76129|DOSP_ECOLI	SINGLE	2	672	690	4	6.290e-04	{M}
sp|P76129|DOSP_ECOLI	MULTIPLE	1	129	799	80	2.313e-06	{IM}
sp|P76129|DOSP_ECOLI	WHOLE	1	1	799	67	1.039e-05	{I}
sp|P76141|LSRR_ECOLI	SINGLE	1	165	313	26	6.058e-05	{A}
sp|P76141|LSRR_ECOLI	SINGLE	2	92	299	28	1.716e-04	{G}
sp|P76141|LSRR_ECOLI	SINGLE	3	3	314	30	2.339e-04	{I}
sp|P76141|LSRR_ECOLI	SINGLE	4	109	129	4	9.292e-04	{M}
sp|P76141|LSRR_ECOLI	MULTIPLE	1	90	285	75	4.814e-08	{AGIM}
sp|P76141|LSRR_ECOLI	WHOLE	1	1	317	30	2.994e-04	{I}
sp|P76149|SAD_ECOLI	SINGLE	1	6	430	74	6.037e-11	{A}
sp|P76149|SAD_ECOLI	SINGLE	2	43	67	6	8.417e-04	{R}
sp|P76149|SAD_ECOLI	SINGLE	3	146	447	34	9.096e-04	{G}
sp|P76149|SAD_ECOLI	WHOLE	1	1	462	74	2.500e-09	{A}
sp|P76193|YNHG_ECOLI	SINGLE	1	74	175	18	9.114e-07	{P}
sp|P76193|YNHG_ECOLI	WHOLE	1	1	334	33	2.957e-05	{P}
sp|P76194|SUFE_ECOLI	SINGLE	1	45	70	7	8.095e-05	{Q}
sp|P76194|SUFE_ECOLI	SINGLE	2	122	136	6	5.574e-04	{A}
sp|P76216|ASTB_ECOLI	SINGLE	1	226	272	11	3.551e-06	{Q}
sp|P76216|ASTB_ECOLI	SINGLE	2	57	71	5	4.135e-04	{P}
sp|P76216|ASTB_ECOLI	SINGLE	3	304	433	24	4.439e-04	{L}
sp|P76216|ASTB_ECOLI	SINGLE	4	172	201	8	4.831e-04	{G}
sp|P76216|ASTB_ECOLI	SINGLE	5	198	421	22	7.136e-04	{R}
sp|P76216|ASTB_ECOLI	SINGLE	6	103	118	6	8.219e-04	{A}
sp|P76216|ASTB_ECOLI	MULTIPLE	1	205	433	50	3.733e-04	{LR}
sp|P76236|CDGI_ECOLI	SINGLE	1	63	287	50	2.632e-09	{L}
sp|P76236|CDGI_ECOLI	SINGLE	2	2	491	51	3.457e-07	{I}
sp|P76236|CDGI_ECOLI	SINGLE	3	12	368	30	5.169e-05	{F}
sp|P76236|CDGI_ECOLI	MULTIPLE	1	11	424	147	1.498e-17	{LIF}
sp|P76236|CDGI_ECOLI	WHOLE	1	1	491	51	3.654e-07	{I}
sp|P76236|CDGI_ECOLI	WHOLE	2	1	491	76	2.770e-06	{L}
sp|P76236|CDGI_ECOLI	WHOLE	3	1	491	34	5.467e-04	{F}
sp|P76251|DMLA_ECOLI	SINGLE	1	164	183	6	2.355e-04	{R}
sp|P76257|YOAA_ECOLI	SINGLE	1	242	550	54	2.052e-06	{L}
sp|P76257|YOAA_ECOLI	SINGLE	2	229	305	12	8.988e-05	{Q}
sp|P76257|YOAA_ECOLI	SINGLE	3	553	636	13	1.338e-04	{R}
sp|P76257|YOAA_ECOLI	SINGLE	4	526	598	13	1.352e-04	{D}
sp|P76257|YOAA_ECOLI	SINGLE	5	181	207	8	1.953e-04	{V}
sp|P76257|YOAA_ECOLI	SINGLE	6	75	133	14	5.379e-04	{L}
sp|P76257|YOAA_ECOLI	SINGLE	7	455	488	5	7.231e-04	{M}
sp|P76257|YOAA_ECOLI	SINGLE	8	121	281	19	9.828e-04	{D}
sp|P76257|YOAA_ECOLI	MULTIPLE	1	225	601	116	1.862e-08	{LQD}
sp|P76257|YOAA_ECOLI	MULTIPLE	2	141	232	25	4.275e-05	{VD}
sp|P76257|YOAA_ECOLI	WHOLE	1	1	636	87	5.428e-05	{L}
sp|P76264|MNTP_ECOLI	SINGLE	1	133	181	11	1.784e-05	{I}
sp|P76264|MNTP_ECOLI	SINGLE	2	23	188	24	1.645e-04	{G}
sp|P76264|MNTP_ECOLI	SINGLE	3	112	143	9	4.800e-04	{A}
sp|P76264|MNTP_ECOLI	MULTIPLE	1	40	181	39	1.218e-07	{IG}
sp|P76264|MNTP_ECOLI	WHOLE	1	1	188	25	4.169e-04	{G}
sp|P76264|MNTP_ECOLI	WHOLE	2	1	188	20	6.474e-04	{I}
sp|P76272|LETB_ECOLI	SINGLE	1	119	855	79	9.639e-06	{G}
sp|P76272|LETB_ECOLI	SINGLE	2	416	466	12	6.472e-05	{V}
sp|P76272|LETB_ECOLI	SINGLE	3	270	397	24	3.566e-04	{L}
sp|P76272|LETB_ECOLI	SINGLE	4	592	648	12	9.678e-04	{A}
sp|P76272|LETB_ECOLI	MULTIPLE	1	119	837	225	6.591e-09	{GVL}
sp|P76272|LETB_ECOLI	WHOLE	1	1	877	85	1.297e-04	{G}
sp|P76273|RSMF_ECOLI	SINGLE	1	102	235	23	1.879e-04	{A}
sp|P76278|YEBZ_ECOLI	SINGLE	1	6	271	15	1.106e-05	{W}
sp|P76278|YEBZ_ECOLI	SINGLE	2	2	287	48	1.911e-05	{L}
sp|P76278|YEBZ_ECOLI	SINGLE	3	4	23	5	7.789e-04	{F}
sp|P76278|YEBZ_ECOLI	MULTIPLE	1	2	290	79	8.532e-09	{WLF}
sp|P76278|YEBZ_ECOLI	WHOLE	1	1	290	48	2.690e-05	{L}
sp|P76278|YEBZ_ECOLI	WHOLE	2	1	290	15	2.913e-05	{W}
sp|P76316|DCYD_ECOLI	SINGLE	1	59	89	10	7.006e-05	{A}
sp|P76316|DCYD_ECOLI	SINGLE	2	184	232	10	7.955e-04	{V}
sp|P76318|YEDK_ECOLI	SINGLE	1	61	106	6	5.623e-05	{W}
sp|P76330|DGCQ_ECOLI	SINGLE	1	82	557	42	6.601e-05	{R}
sp|P76330|DGCQ_ECOLI	SINGLE	2	13	163	27	3.515e-04	{L}
sp|P76330|DGCQ_ECOLI	SINGLE	3	514	528	6	3.585e-04	{S}
sp|P76330|DGCQ_ECOLI	SINGLE	4	25	47	7	4.064e-04	{V}
sp|P76330|DGCQ_ECOLI	SINGLE	5	426	458	5	6.305e-04	{H}
sp|P76330|DGCQ_ECOLI	MULTIPLE	1	13	558	176	7.249e-08	{RLVH}
sp|P76330|DGCQ_ECOLI	WHOLE	1	1	564	46	1.788e-04	{R}
sp|P76334|DRPB_ECOLI	SINGLE	1	23	41	4	1.525e-04	{W}
sp|P76334|DRPB_ECOLI	SINGLE	2	84	98	5	4.635e-04	{R}
sp|P76339|HPRS_ECOLI	SINGLE	1	79	187	21	6.329e-08	{I}
sp|P76339|HPRS_ECOLI	SINGLE	2	171	356	34	4.950e-05	{L}
sp|P76339|HPRS_ECOLI	SINGLE	3	31	452	35	1.106e-04	{N}
sp|P76339|HPRS_ECOLI	SINGLE	4	4	18	7	1.659e-04	{L}
sp|P76339|HPRS_ECOLI	MULTIPLE	1	79	394	64	1.233e-09	{IN}
sp|P76339|HPRS_ECOLI	WHOLE	1	1	452	45	4.603e-06	{I}
sp|P76339|HPRS_ECOLI	WHOLE	2	1	452	63	2.647e-04	{L}
sp|P76339|HPRS_ECOLI	WHOLE	3	1	452	35	3.621e-04	{N}
sp|P76342|MSRP_ECOLI	SINGLE	1	56	288	26	2.625e-05	{P}
sp|P76342|MSRP_ECOLI	SINGLE	2	28	104	16	1.914e-04	{A}
sp|P76342|MSRP_ECOLI	SINGLE	3	131	145	5	4.635e-04	{R}
sp|P76342|MSRP_ECOLI	MULTIPLE	1	28	293	57	1.627e-05	{PA}
sp|P76343|MSRQ_ECOLI	SINGLE	1	11	201	47	2.359e-10	{L}
sp|P76343|MSRQ_ECOLI	WHOLE	1	1	211	49	8.136e-10	{L}
sp|P76344|ZINT_ECOLI	SINGLE	1	73	160	15	2.207e-04	{K}
sp|P76344|ZINT_ECOLI	SINGLE	2	15	29	4	2.419e-04	{H}
sp|P76344|ZINT_ECOLI	SINGLE	3	96	202	12	5.312e-04	{Y}
sp|P76344|ZINT_ECOLI	MULTIPLE	1	86	161	21	8.201e-06	{KY}
sp|P76346|MTFA_ECOLI	SINGLE	1	23	84	18	5.901e-06	{L}
sp|P76346|MTFA_ECOLI	SINGLE	2	213	241	7	9.066e-05	{F}
sp|P76346|MTFA_ECOLI	SINGLE	3	198	214	7	1.565e-04	{A}
sp|P76346|MTFA_ECOLI	SINGLE	4	110	124	5	2.936e-04	{Q}
sp|P76346|MTFA_ECOLI	SINGLE	5	234	248	5	2.936e-04	{Q}
sp|P76346|MTFA_ECOLI	SINGLE	6	9	56	8	7.938e-04	{Q}
sp|P76346|MTFA_ECOLI	MULTIPLE	1	14	84	26	6.596e-07	{LQ}
sp|P76346|MTFA_ECOLI	MULTIPLE	2	198	244	20	1.147e-05	{FAQ}
sp|P76387|WZC_ECOLI	SINGLE	1	701	715	6	1.017e-05	{Y}
sp|P76387|WZC_ECOLI	SINGLE	2	398	607	23	1.928e-04	{I}
sp|P76387|WZC_ECOLI	SINGLE	3	517	531	4	2.419e-04	{M}
sp|P76387|WZC_ECOLI	SINGLE	4	369	394	6	6.261e-04	{Q}
sp|P76399|MDTC_ECOLI	SINGLE	1	331	543	42	1.186e-06	{L}
sp|P76399|MDTC_ECOLI	SINGLE	2	867	1013	31	6.403e-06	{L}
sp|P76399|MDTC_ECOLI	SINGLE	3	48	88	12	1.780e-05	{S}
sp|P76399|MDTC_ECOLI	SINGLE	4	854	922	13	2.315e-05	{I}
sp|P76399|MDTC_ECOLI	SINGLE	5	281	371	15	2.907e-05	{I}
sp|P76399|MDTC_ECOLI	SINGLE	6	377	956	27	1.438e-04	{M}
sp|P76399|MDTC_ECOLI	SINGLE	7	775	965	28	5.523e-04	{A}
sp|P76399|MDTC_ECOLI	SINGLE	8	101	115	6	5.574e-04	{A}
sp|P76399|MDTC_ECOLI	SINGLE	9	33	56	6	5.903e-04	{P}
sp|P76399|MDTC_ECOLI	SINGLE	10	172	532	39	6.342e-04	{V}
sp|P76399|MDTC_ECOLI	MULTIPLE	1	272	970	254	1.902e-13	{LIMA}
sp|P76399|MDTC_ECOLI	MULTIPLE	2	854	1013	49	4.532e-08	{LI}
sp|P76399|MDTC_ECOLI	MULTIPLE	3	33	88	19	1.041e-05	{SP}
sp|P76399|MDTC_ECOLI	WHOLE	1	1	1025	131	3.069e-05	{L}
sp|P76399|MDTC_ECOLI	WHOLE	2	1	1025	76	1.302e-04	{I}
sp|P76407|YEGS_ECOLI	SINGLE	1	191	207	7	5.515e-05	{G}
sp|P76407|YEGS_ECOLI	SINGLE	2	62	282	25	6.670e-05	{I}
sp|P76407|YEGS_ECOLI	SINGLE	3	46	127	16	3.885e-04	{A}
sp|P76407|YEGS_ECOLI	SINGLE	4	133	151	6	6.706e-04	{T}
sp|P76407|YEGS_ECOLI	MULTIPLE	1	57	264	71	2.259e-07	{GIA}
sp|P76407|YEGS_ECOLI	WHOLE	1	1	299	28	5.217e-04	{I}
sp|P76422|THID_ECOLI	SINGLE	1	249	263	4	2.419e-04	{H}
sp|P76422|THID_ECOLI	SINGLE	2	217	247	9	3.743e-04	{A}
sp|P76440|PRET_ECOLI	SINGLE	1	26	87	8	6.078e-06	{C}
sp|P76440|PRET_ECOLI	SINGLE	2	286	303	6	6.250e-04	{E}
sp|P76445|LPXT_ECOLI	SINGLE	1	172	205	8	1.702e-04	{I}
sp|P76445|LPXT_ECOLI	SINGLE	2	5	134	25	1.906e-04	{L}
sp|P76445|LPXT_ECOLI	SINGLE	3	19	234	20	2.277e-04	{F}
sp|P76445|LPXT_ECOLI	MULTIPLE	1	19	223	37	1.443e-05	{IF}
sp|P76445|LPXT_ECOLI	WHOLE	1	1	237	20	6.849e-04	{F}
sp|P76445|LPXT_ECOLI	WHOLE	2	1	237	36	9.443e-04	{L}
sp|P76458|ATOD_ECOLI	SINGLE	1	13	138	23	6.204e-06	{G}
sp|P76458|ATOD_ECOLI	SINGLE	2	1	27	5	2.447e-04	{M}
sp|P76458|ATOD_ECOLI	SINGLE	3	134	198	15	4.762e-04	{L}
sp|P76458|ATOD_ECOLI	MULTIPLE	1	1	130	29	1.776e-06	{GM}
sp|P76459|ATOA_ECOLI	SINGLE	1	18	131	20	4.099e-05	{G}
sp|P76459|ATOA_ECOLI	SINGLE	2	78	181	9	3.767e-04	{M}
sp|P76459|ATOA_ECOLI	MULTIPLE	1	48	131	21	6.850e-06	{GM}
sp|P76469|RHMA_ECOLI	SINGLE	1	208	235	10	2.648e-05	{A}
sp|P76474|ARNF_ECOLI	SINGLE	1	18	121	27	4.063e-07	{L}
sp|P76474|ARNF_ECOLI	WHOLE	1	1	128	29	2.950e-06	{L}
sp|P76491|5DNU_ECOLI	SINGLE	1	38	169	22	3.731e-04	{A}
sp|P76503|FADI_ECOLI	SINGLE	1	26	435	62	3.101e-07	{A}
sp|P76503|FADI_ECOLI	SINGLE	2	413	428	7	3.474e-05	{G}
sp|P76503|FADI_ECOLI	SINGLE	3	38	147	17	4.840e-04	{V}
sp|P76503|FADI_ECOLI	SINGLE	4	151	166	5	6.419e-04	{R}
sp|P76503|FADI_ECOLI	MULTIPLE	1	26	430	125	7.941e-09	{AGR}
sp|P76503|FADI_ECOLI	WHOLE	1	1	436	63	1.151e-06	{A}
sp|P76535|MURQ_ECOLI	SINGLE	1	61	120	15	5.104e-06	{G}
sp|P76535|MURQ_ECOLI	SINGLE	2	90	242	22	2.371e-04	{V}
sp|P76535|MURQ_ECOLI	SINGLE	3	245	280	10	2.669e-04	{A}
sp|P76535|MURQ_ECOLI	MULTIPLE	1	49	280	86	7.768e-09	{GVA}
sp|P76541|EUTL_ECOLI	SINGLE	1	13	219	41	2.326e-08	{A}
sp|P76541|EUTL_ECOLI	WHOLE	1	1	219	42	4.070e-08	{A}
sp|P76558|MAO2_ECOLI	SINGLE	1	712	752	12	6.301e-06	{V}
sp|P76558|MAO2_ECOLI	SINGLE	2	30	411	53	2.034e-05	{A}
sp|P76558|MAO2_ECOLI	SINGLE	3	632	646	7	3.582e-05	{S}
sp|P76558|MAO2_ECOLI	SINGLE	4	104	553	41	7.398e-05	{I}
sp|P76558|MAO2_ECOLI	SINGLE	5	289	303	5	4.135e-04	{P}
sp|P76558|MAO2_ECOLI	SINGLE	6	73	95	7	4.607e-04	{G}
sp|P76558|MAO2_ECOLI	SINGLE	7	103	117	5	9.005e-04	{D}
sp|P76558|MAO2_ECOLI	SINGLE	8	244	258	5	9.005e-04	{D}
sp|P76558|MAO2_ECOLI	MULTIPLE	1	36	553	138	5.022e-08	{AIP}
sp|P76558|MAO2_ECOLI	WHOLE	1	1	759	87	1.009e-04	{A}
sp|P76558|MAO2_ECOLI	WHOLE	2	1	759	72	3.421e-04	{V}
sp|P76562|TMCA_ECOLI	SINGLE	1	195	269	21	1.546e-07	{A}
sp|P76562|TMCA_ECOLI	SINGLE	2	430	663	29	2.159e-06	{R}
sp|P76562|TMCA_ECOLI	SINGLE	3	563	638	21	2.496e-06	{L}
sp|P76562|TMCA_ECOLI	SINGLE	4	76	91	7	9.989e-05	{A}
sp|P76562|TMCA_ECOLI	SINGLE	5	137	668	41	1.594e-04	{Q}
sp|P76562|TMCA_ECOLI	SINGLE	6	31	169	9	2.106e-04	{W}
sp|P76562|TMCA_ECOLI	SINGLE	7	107	192	12	4.769e-04	{P}
sp|P76562|TMCA_ECOLI	SINGLE	8	563	577	5	9.005e-04	{D}
sp|P76562|TMCA_ECOLI	MULTIPLE	1	42	651	175	1.339e-10	{AQWP}
sp|P76562|TMCA_ECOLI	MULTIPLE	2	430	663	68	1.141e-09	{RL}
sp|P76562|TMCA_ECOLI	WHOLE	1	1	671	95	8.004e-06	{L}
sp|P76562|TMCA_ECOLI	WHOLE	2	1	671	83	1.268e-05	{A}
sp|P76562|TMCA_ECOLI	WHOLE	3	1	671	55	4.605e-05	{R}
sp|P76576|YFGM_ECOLI	SINGLE	1	13	183	33	8.602e-07	{A}
sp|P76576|YFGM_ECOLI	SINGLE	2	96	140	8	5.178e-04	{Q}
sp|P76576|YFGM_ECOLI	MULTIPLE	1	10	183	45	3.992e-07	{AQ}
sp|P76576|YFGM_ECOLI	WHOLE	1	1	206	34	1.807e-05	{A}
sp|P76577|PBPC_ECOLI	SINGLE	1	18	715	65	8.946e-08	{P}
sp|P76577|PBPC_ECOLI	SINGLE	2	43	739	62	1.646e-06	{R}
sp|P76577|PBPC_ECOLI	SINGLE	3	11	727	27	1.048e-05	{W}
sp|P76577|PBPC_ECOLI	SINGLE	4	401	528	24	3.600e-05	{A}
sp|P76577|PBPC_ECOLI	SINGLE	5	175	218	11	3.565e-04	{A}
sp|P76577|PBPC_ECOLI	SINGLE	6	4	477	64	5.108e-04	{L}
sp|P76577|PBPC_ECOLI	SINGLE	7	315	760	47	5.485e-04	{G}
sp|P76577|PBPC_ECOLI	SINGLE	8	14	28	6	5.574e-04	{A}
sp|P76577|PBPC_ECOLI	MULTIPLE	1	8	739	387	2.234e-24	{PRWALG}
sp|P76577|PBPC_ECOLI	WHOLE	1	1	770	67	6.176e-07	{P}
sp|P76577|PBPC_ECOLI	WHOLE	2	1	770	64	8.871e-06	{R}
sp|P76577|PBPC_ECOLI	WHOLE	3	1	770	27	3.349e-05	{W}
sp|P76577|PBPC_ECOLI	WHOLE	4	1	770	96	4.870e-04	{L}
sp|P76594|LYSAC_ECOLI	SINGLE	1	8	582	77	1.669e-06	{A}
sp|P76594|LYSAC_ECOLI	SINGLE	2	6	739	102	8.583e-06	{L}
sp|P76594|LYSAC_ECOLI	SINGLE	3	182	198	6	1.949e-04	{D}
sp|P76594|LYSAC_ECOLI	SINGLE	4	215	290	11	7.171e-04	{R}
sp|P76594|LYSAC_ECOLI	SINGLE	5	543	859	28	7.953e-04	{R}
sp|P76594|LYSAC_ECOLI	SINGLE	6	698	792	15	7.964e-04	{E}
sp|P76594|LYSAC_ECOLI	MULTIPLE	1	26	692	217	4.963e-11	{ALR}
sp|P76594|LYSAC_ECOLI	MULTIPLE	2	579	836	46	5.414e-04	{RE}
sp|P76594|LYSAC_ECOLI	WHOLE	1	1	886	119	8.445e-06	{L}
sp|P76594|LYSAC_ECOLI	WHOLE	2	1	886	95	4.257e-04	{A}
sp|P76594|LYSAC_ECOLI	WHOLE	3	1	886	62	8.079e-04	{R}
sp|P76621|GLAH_ECOLI	SINGLE	1	71	96	10	4.926e-05	{L}
sp|P76621|GLAH_ECOLI	SINGLE	2	294	311	6	1.244e-04	{R}
sp|P76632|CSE2_ECOLI	SINGLE	1	26	145	18	1.280e-05	{R}
sp|P76632|CSE2_ECOLI	WHOLE	1	1	160	19	1.700e-04	{R}
sp|P76658|HLDE_ECOLI	SINGLE	1	271	291	9	1.235e-05	{A}
sp|P76658|HLDE_ECOLI	SINGLE	2	3	455	51	5.068e-05	{V}
sp|P76658|HLDE_ECOLI	SINGLE	3	53	87	10	2.092e-04	{A}
sp|P76658|HLDE_ECOLI	SINGLE	4	198	214	6	4.457e-04	{E}
sp|P76658|HLDE_ECOLI	MULTIPLE	1	36	410	89	4.207e-07	{AV}
sp|P76658|HLDE_ECOLI	WHOLE	1	1	477	51	1.646e-04	{V}
sp|P77044|MHPC_ECOLI	SINGLE	1	32	143	19	9.659e-05	{G}
sp|P77150|PDXY_ECOLI	SINGLE	1	229	244	7	2.677e-04	{L}
sp|P77150|PDXY_ECOLI	SINGLE	2	97	269	23	5.103e-04	{V}
sp|P77150|PDXY_ECOLI	SINGLE	3	11	206	12	9.502e-04	{H}
sp|P77150|PDXY_ECOLI	MULTIPLE	1	147	244	29	2.254e-04	{LV}
sp|P77165|PAOA_ECOLI	SINGLE	1	33	57	10	8.426e-06	{A}
sp|P77165|PAOA_ECOLI	SINGLE	2	99	210	9	7.158e-05	{C}
sp|P77165|PAOA_ECOLI	SINGLE	3	210	224	6	5.574e-04	{A}
sp|P77165|PAOA_ECOLI	SINGLE	4	35	133	15	7.663e-04	{T}
sp|P77172|PDEF_ECOLI	SINGLE	1	17	409	68	1.836e-07	{L}
sp|P77172|PDEF_ECOLI	SINGLE	2	20	145	17	6.964e-06	{F}
sp|P77172|PDEF_ECOLI	SINGLE	3	232	576	21	2.098e-05	{M}
sp|P77172|PDEF_ECOLI	SINGLE	4	8	187	22	5.724e-05	{I}
sp|P77172|PDEF_ECOLI	SINGLE	5	318	349	8	8.975e-05	{R}
sp|P77172|PDEF_ECOLI	SINGLE	6	44	58	4	2.419e-04	{M}
sp|P77172|PDEF_ECOLI	SINGLE	7	592	642	9	2.536e-04	{Q}
sp|P77172|PDEF_ECOLI	SINGLE	8	304	341	9	4.757e-04	{V}
sp|P77172|PDEF_ECOLI	SINGLE	9	261	311	8	4.978e-04	{Y}
sp|P77172|PDEF_ECOLI	SINGLE	10	608	743	16	7.382e-04	{I}
sp|P77172|PDEF_ECOLI	MULTIPLE	1	7	569	247	9.630e-15	{LFMIRY}
sp|P77172|PDEF_ECOLI	MULTIPLE	2	601	743	27	1.664e-04	{QI}
sp|P77172|PDEF_ECOLI	WHOLE	1	1	747	106	2.544e-06	{L}
sp|P77172|PDEF_ECOLI	WHOLE	2	1	747	60	8.063e-05	{I}
sp|P77172|PDEF_ECOLI	WHOLE	3	1	747	30	6.556e-04	{M}
sp|P77173|ZIPA_ECOLI	SINGLE	1	86	188	32	3.884e-18	{P}
sp|P77173|ZIPA_ECOLI	SINGLE	2	89	165	23	9.712e-14	{Q}
sp|P77173|ZIPA_ECOLI	SINGLE	3	46	60	7	6.688e-06	{D}
sp|P77173|ZIPA_ECOLI	SINGLE	4	74	201	24	3.600e-05	{A}
sp|P77173|ZIPA_ECOLI	SINGLE	5	4	18	6	4.559e-05	{I}
sp|P77173|ZIPA_ECOLI	SINGLE	6	29	48	6	2.355e-04	{R}
sp|P77173|ZIPA_ECOLI	SINGLE	7	69	232	11	7.452e-04	{H}
sp|P77173|ZIPA_ECOLI	MULTIPLE	1	86	183	75	9.999e-35	{PQAH}
sp|P77173|ZIPA_ECOLI	MULTIPLE	2	29	60	14	1.068e-06	{DR}
sp|P77173|ZIPA_ECOLI	WHOLE	1	1	328	41	9.408e-09	{P}
sp|P77173|ZIPA_ECOLI	WHOLE	2	1	328	35	7.382e-07	{Q}
sp|P77182|MNMC_ECOLI	SINGLE	1	420	550	21	1.863e-07	{Q}
sp|P77182|MNMC_ECOLI	SINGLE	2	13	103	13	4.265e-05	{F}
sp|P77182|MNMC_ECOLI	SINGLE	3	325	344	6	7.924e-05	{F}
sp|P77182|MNMC_ECOLI	SINGLE	4	174	667	60	2.266e-04	{A}
sp|P77182|MNMC_ECOLI	SINGLE	5	78	130	9	3.381e-04	{Q}
sp|P77182|MNMC_ECOLI	SINGLE	6	117	189	6	6.809e-04	{W}
sp|P77182|MNMC_ECOLI	SINGLE	7	71	444	52	7.709e-04	{L}
sp|P77182|MNMC_ECOLI	MULTIPLE	1	42	451	114	6.239e-08	{FQL}
sp|P77182|MNMC_ECOLI	MULTIPLE	2	108	667	80	3.963e-05	{AW}
sp|P77182|MNMC_ECOLI	WHOLE	1	1	668	48	2.336e-04	{Q}
sp|P77202|DSBG_ECOLI	SINGLE	1	159	173	6	5.574e-04	{A}
sp|P77211|CUSC_ECOLI	SINGLE	1	25	413	41	1.320e-07	{Q}
sp|P77211|CUSC_ECOLI	SINGLE	2	307	329	10	1.642e-06	{S}
sp|P77211|CUSC_ECOLI	SINGLE	3	286	303	9	2.609e-06	{A}
sp|P77211|CUSC_ECOLI	SINGLE	4	40	388	30	1.718e-04	{N}
sp|P77211|CUSC_ECOLI	SINGLE	5	335	357	6	6.136e-04	{I}
sp|P77211|CUSC_ECOLI	MULTIPLE	1	21	416	123	3.377e-13	{QAN}
sp|P77211|CUSC_ECOLI	WHOLE	1	1	457	43	1.321e-06	{Q}
sp|P77211|CUSC_ECOLI	WHOLE	2	1	457	58	9.718e-05	{A}
sp|P77212|RCLA_ECOLI	SINGLE	1	221	238	5	3.167e-05	{H}
sp|P77212|RCLA_ECOLI	SINGLE	2	72	104	8	5.496e-05	{N}
sp|P77212|RCLA_ECOLI	SINGLE	3	8	225	24	1.343e-04	{I}
sp|P77212|RCLA_ECOLI	SINGLE	4	138	170	9	1.840e-04	{G}
sp|P77212|RCLA_ECOLI	SINGLE	5	334	429	8	9.722e-04	{M}
sp|P77212|RCLA_ECOLI	MULTIPLE	1	44	228	31	4.844e-06	{HI}
sp|P77212|RCLA_ECOLI	WHOLE	1	1	441	37	6.255e-04	{I}
sp|P77214|CUSF_ECOLI	SINGLE	1	25	58	5	7.231e-04	{H}
sp|P77215|RHMD_ECOLI	SINGLE	1	15	198	28	2.216e-05	{G}
sp|P77215|RHMD_ECOLI	SINGLE	2	179	225	6	4.669e-04	{M}
sp|P77215|RHMD_ECOLI	MULTIPLE	1	15	225	39	4.736e-06	{GM}
sp|P77218|EUTD_ECOLI	SINGLE	1	10	320	52	1.187e-07	{A}
sp|P77218|EUTD_ECOLI	WHOLE	1	1	338	52	1.455e-06	{A}
sp|P77239|CUSB_ECOLI	SINGLE	1	3	17	6	4.559e-05	{I}
sp|P77239|CUSB_ECOLI	SINGLE	2	87	293	25	6.355e-04	{T}
sp|P77243|PRPD_ECOLI	SINGLE	1	88	406	47	1.273e-05	{A}
sp|P77243|PRPD_ECOLI	SINGLE	2	257	291	7	3.075e-04	{F}
sp|P77243|PRPD_ECOLI	SINGLE	3	430	468	8	3.723e-04	{R}
sp|P77243|PRPD_ECOLI	SINGLE	4	167	183	6	4.421e-04	{V}
sp|P77243|PRPD_ECOLI	SINGLE	5	317	332	5	7.294e-04	{I}
sp|P77243|PRPD_ECOLI	SINGLE	6	98	126	4	8.043e-04	{W}
sp|P77243|PRPD_ECOLI	MULTIPLE	1	88	406	54	7.502e-06	{AW}
sp|P77247|HXPB_ECOLI	SINGLE	1	13	59	9	7.871e-04	{D}
sp|P77256|AKRMG_ECOLI	SINGLE	1	17	31	6	2.293e-04	{G}
sp|P77256|AKRMG_ECOLI	SINGLE	2	4	288	28	2.587e-04	{I}
sp|P77256|AKRMG_ECOLI	WHOLE	1	1	326	29	8.933e-04	{I}
sp|P77258|NEMA_ECOLI	SINGLE	1	14	174	28	3.539e-05	{A}
sp|P77258|NEMA_ECOLI	SINGLE	2	182	199	4	5.076e-04	{H}
sp|P77258|NEMA_ECOLI	SINGLE	3	68	358	34	5.076e-04	{G}
sp|P77258|NEMA_ECOLI	SINGLE	4	92	110	4	6.290e-04	{H}
sp|P77258|NEMA_ECOLI	MULTIPLE	1	13	358	96	7.928e-08	{AGH}
sp|P77258|NEMA_ECOLI	WHOLE	1	1	365	48	1.511e-04	{A}
sp|P77302|DGCM_ECOLI	SINGLE	1	168	304	15	3.144e-07	{H}
sp|P77319|HSCC_ECOLI	SINGLE	1	255	269	7	1.843e-05	{E}
sp|P77319|HSCC_ECOLI	SINGLE	2	136	157	8	1.455e-04	{A}
sp|P77319|HSCC_ECOLI	SINGLE	3	483	546	11	1.680e-04	{R}
sp|P77319|HSCC_ECOLI	SINGLE	4	268	302	10	7.143e-04	{L}
sp|P77324|PAOB_ECOLI	SINGLE	1	235	318	21	1.152e-06	{A}
sp|P77324|PAOB_ECOLI	SINGLE	2	196	221	7	1.284e-04	{P}
sp|P77324|PAOB_ECOLI	SINGLE	3	68	118	9	5.138e-04	{R}
sp|P77324|PAOB_ECOLI	WHOLE	1	1	318	49	2.657e-06	{A}
sp|P77335|HLYE_ECOLI	SINGLE	1	133	168	10	1.379e-04	{S}
sp|P77335|HLYE_ECOLI	SINGLE	2	107	295	25	1.700e-04	{K}
sp|P77335|HLYE_ECOLI	SINGLE	3	177	200	8	2.843e-04	{A}
sp|P77335|HLYE_ECOLI	SINGLE	4	223	260	9	3.449e-04	{T}
sp|P77335|HLYE_ECOLI	MULTIPLE	1	107	295	45	1.102e-04	{KA}
sp|P77348|MPPA_ECOLI	SINGLE	1	386	522	16	2.032e-04	{N}
sp|P77348|MPPA_ECOLI	SINGLE	2	212	226	6	2.045e-04	{V}
sp|P77348|MPPA_ECOLI	SINGLE	3	132	163	9	4.800e-04	{A}
sp|P77348|MPPA_ECOLI	SINGLE	4	86	133	5	6.595e-04	{W}
sp|P77348|MPPA_ECOLI	SINGLE	5	4	20	6	7.634e-04	{S}
sp|P77348|MPPA_ECOLI	MULTIPLE	1	83	163	18	2.739e-04	{AW}
sp|P77364|GLXK2_ECOLI	SINGLE	1	44	337	46	3.894e-08	{G}
sp|P77364|GLXK2_ECOLI	SINGLE	2	16	372	57	1.514e-07	{A}
sp|P77364|GLXK2_ECOLI	SINGLE	3	224	243	6	1.375e-04	{Q}
sp|P77364|GLXK2_ECOLI	SINGLE	4	308	333	8	1.470e-04	{V}
sp|P77364|GLXK2_ECOLI	SINGLE	5	118	133	5	7.294e-04	{I}
sp|P77364|GLXK2_ECOLI	MULTIPLE	1	41	358	150	1.850e-16	{GAVI}
sp|P77364|GLXK2_ECOLI	WHOLE	1	1	381	58	5.667e-07	{A}
sp|P77364|GLXK2_ECOLI	WHOLE	2	1	381	50	2.071e-06	{G}
sp|P77366|PGMB_ECOLI	SINGLE	1	103	197	18	2.589e-04	{A}
sp|P77366|PGMB_ECOLI	SINGLE	2	74	130	14	3.775e-04	{L}
sp|P77366|PGMB_ECOLI	SINGLE	3	159	196	9	5.519e-04	{G}
sp|P77366|PGMB_ECOLI	MULTIPLE	1	72	201	53	6.579e-06	{ALG}
sp|P77395|CNOX_ECOLI	SINGLE	1	15	228	32	9.154e-10	{Q}
sp|P77395|CNOX_ECOLI	SINGLE	2	105	283	35	9.699e-06	{L}
sp|P77395|CNOX_ECOLI	SINGLE	3	49	281	33	3.726e-04	{A}
sp|P77395|CNOX_ECOLI	MULTIPLE	1	14	283	114	7.169e-15	{QLA}
sp|P77395|CNOX_ECOLI	WHOLE	1	1	284	35	2.472e-08	{Q}
sp|P77395|CNOX_ECOLI	WHOLE	2	1	284	46	6.253e-05	{L}
sp|P77398|ARNA_ECOLI	SINGLE	1	348	574	27	1.554e-05	{I}
sp|P77398|ARNA_ECOLI	SINGLE	2	9	379	21	5.688e-05	{H}
sp|P77398|ARNA_ECOLI	SINGLE	3	139	169	9	3.743e-04	{A}
sp|P77398|ARNA_ECOLI	SINGLE	4	303	317	5	4.635e-04	{R}
sp|P77398|ARNA_ECOLI	SINGLE	5	569	586	6	6.250e-04	{E}
sp|P77398|ARNA_ECOLI	SINGLE	6	553	570	5	7.186e-04	{N}
sp|P77398|ARNA_ECOLI	SINGLE	7	144	159	5	7.294e-04	{I}
sp|P77398|ARNA_ECOLI	SINGLE	8	280	307	6	9.375e-04	{Q}
sp|P77398|ARNA_ECOLI	MULTIPLE	1	26	565	107	4.386e-08	{IHR}
sp|P77398|ARNA_ECOLI	MULTIPLE	2	141	159	11	3.731e-06	{AI}
sp|P77398|ARNA_ECOLI	MULTIPLE	3	552	586	13	3.280e-05	{EN}
sp|P77398|ARNA_ECOLI	WHOLE	1	1	660	52	3.104e-04	{I}
sp|P77398|ARNA_ECOLI	WHOLE	2	1	660	27	8.551e-04	{H}
sp|P77399|FADJ_ECOLI	SINGLE	1	308	322	7	2.093e-05	{G}
sp|P77399|FADJ_ECOLI	SINGLE	2	113	228	25	3.090e-05	{L}
sp|P77399|FADJ_ECOLI	SINGLE	3	313	548	25	1.769e-04	{I}
sp|P77399|FADJ_ECOLI	SINGLE	4	60	122	14	2.268e-04	{A}
sp|P77399|FADJ_ECOLI	SINGLE	5	110	151	10	2.689e-04	{G}
sp|P77399|FADJ_ECOLI	SINGLE	6	527	702	24	3.742e-04	{G}
sp|P77399|FADJ_ECOLI	MULTIPLE	1	67	228	67	2.763e-07	{LAG}
sp|P77399|FADJ_ECOLI	MULTIPLE	2	312	702	76	2.080e-06	{IG}
sp|P77399|FADJ_ECOLI	WHOLE	1	1	714	69	4.623e-04	{G}
sp|P77425|ALLC_ECOLI	SINGLE	1	286	324	9	1.934e-04	{D}
sp|P77434|ALAC_ECOLI	SINGLE	1	5	90	15	1.069e-05	{R}
sp|P77434|ALAC_ECOLI	SINGLE	2	373	395	6	5.293e-04	{R}
sp|P77434|ALAC_ECOLI	SINGLE	3	125	237	17	6.493e-04	{V}
sp|P77444|SUFS_ECOLI	SINGLE	1	224	288	13	2.218e-04	{G}
sp|P77444|SUFS_ECOLI	SINGLE	2	191	208	4	5.076e-04	{H}
sp|P77444|SUFS_ECOLI	SINGLE	3	99	115	5	5.425e-04	{N}
sp|P77444|SUFS_ECOLI	SINGLE	4	25	85	13	5.514e-04	{A}
sp|P77444|SUFS_ECOLI	SINGLE	5	366	384	4	6.290e-04	{M}
sp|P77454|GLSA1_ECOLI	SINGLE	1	242	275	11	6.426e-06	{G}
sp|P77454|GLSA1_ECOLI	SINGLE	2	134	162	8	2.094e-05	{Q}
sp|P77454|GLSA1_ECOLI	SINGLE	3	4	214	30	5.970e-04	{A}
sp|P77454|GLSA1_ECOLI	SINGLE	4	8	25	5	7.334e-04	{Q}
sp|P77454|GLSA1_ECOLI	MULTIPLE	1	4	214	47	1.532e-05	{QA}
sp|P77455|PAAZ_ECOLI	SINGLE	1	25	605	83	5.301e-08	{A}
sp|P77455|PAAZ_ECOLI	SINGLE	2	472	486	8	1.486e-06	{G}
sp|P77455|PAAZ_ECOLI	SINGLE	3	303	350	11	1.624e-04	{V}
sp|P77455|PAAZ_ECOLI	SINGLE	4	376	405	7	3.283e-04	{P}
sp|P77455|PAAZ_ECOLI	MULTIPLE	1	25	608	138	1.372e-09	{AG}
sp|P77455|PAAZ_ECOLI	WHOLE	1	1	681	88	1.464e-06	{A}
sp|P77485|CUSS_ECOLI	SINGLE	1	164	286	20	1.983e-06	{I}
sp|P77485|CUSS_ECOLI	SINGLE	2	133	150	5	3.167e-05	{M}
sp|P77485|CUSS_ECOLI	SINGLE	3	6	31	7	4.307e-05	{F}
sp|P77485|CUSS_ECOLI	SINGLE	4	138	210	8	1.635e-04	{H}
sp|P77485|CUSS_ECOLI	SINGLE	5	398	412	6	2.045e-04	{V}
sp|P77485|CUSS_ECOLI	SINGLE	6	426	440	5	4.635e-04	{R}
sp|P77485|CUSS_ECOLI	MULTIPLE	1	138	286	31	4.200e-08	{IH}
sp|P77485|CUSS_ECOLI	WHOLE	1	1	480	39	8.010e-04	{I}
sp|P77488|DXS_ECOLI	SINGLE	1	48	512	52	8.448e-05	{G}
sp|P77488|DXS_ECOLI	SINGLE	2	11	40	10	1.894e-04	{L}
sp|P77488|DXS_ECOLI	SINGLE	3	179	194	5	4.001e-04	{N}
sp|P77488|DXS_ECOLI	SINGLE	4	113	128	6	5.323e-04	{S}
sp|P77488|DXS_ECOLI	SINGLE	5	307	322	6	5.323e-04	{S}
sp|P77488|DXS_ECOLI	SINGLE	6	367	381	6	5.574e-04	{A}
sp|P77488|DXS_ECOLI	WHOLE	1	1	620	60	9.052e-04	{G}
sp|P77489|PAOC_ECOLI	SINGLE	1	35	709	94	2.747e-08	{A}
sp|P77489|PAOC_ECOLI	SINGLE	2	239	697	53	3.408e-05	{G}
sp|P77489|PAOC_ECOLI	SINGLE	3	458	479	7	2.300e-04	{T}
sp|P77489|PAOC_ECOLI	SINGLE	4	625	639	4	2.419e-04	{M}
sp|P77489|PAOC_ECOLI	MULTIPLE	1	33	711	180	2.907e-11	{AGM}
sp|P77489|PAOC_ECOLI	WHOLE	1	1	732	95	5.243e-07	{A}
sp|P77489|PAOC_ECOLI	WHOLE	2	1	732	71	3.669e-04	{G}
sp|P77493|YDJH_ECOLI	SINGLE	1	7	267	29	2.711e-05	{I}
sp|P77493|YDJH_ECOLI	SINGLE	2	246	288	12	6.582e-05	{A}
sp|P77493|YDJH_ECOLI	MULTIPLE	1	7	289	62	7.000e-06	{IA}
sp|P77493|YDJH_ECOLI	WHOLE	1	1	315	30	2.717e-04	{I}
sp|P77510|DPIB_ECOLI	SINGLE	1	10	45	9	6.849e-06	{F}
sp|P77510|DPIB_ECOLI	SINGLE	2	142	212	8	1.355e-04	{M}
sp|P77510|DPIB_ECOLI	SINGLE	3	331	423	13	1.413e-04	{Q}
sp|P77510|DPIB_ECOLI	SINGLE	4	22	335	30	2.583e-04	{I}
sp|P77510|DPIB_ECOLI	SINGLE	5	180	201	8	4.250e-04	{L}
sp|P77510|DPIB_ECOLI	MULTIPLE	1	22	335	42	3.486e-05	{MI}
sp|P77510|DPIB_ECOLI	WHOLE	1	1	552	44	6.120e-04	{I}
sp|P77526|YFCG_ECOLI	SINGLE	1	153	189	5	1.980e-04	{W}
sp|P77529|TCYP_ECOLI	SINGLE	1	10	417	54	3.653e-07	{V}
sp|P77529|TCYP_ECOLI	SINGLE	2	15	282	47	7.609e-06	{L}
sp|P77529|TCYP_ECOLI	SINGLE	3	303	403	19	1.979e-04	{A}
sp|P77529|TCYP_ECOLI	SINGLE	4	377	392	6	3.425e-04	{G}
sp|P77529|TCYP_ECOLI	MULTIPLE	1	10	414	198	1.346e-15	{VLAG}
sp|P77529|TCYP_ECOLI	WHOLE	1	1	463	55	6.884e-06	{V}
sp|P77529|TCYP_ECOLI	WHOLE	2	1	463	68	3.981e-05	{L}
sp|P77541|PRPB_ECOLI	SINGLE	1	9	247	43	1.769e-07	{A}
sp|P77541|PRPB_ECOLI	SINGLE	2	46	60	6	2.293e-04	{G}
sp|P77541|PRPB_ECOLI	SINGLE	3	58	87	7	8.972e-04	{D}
sp|P77541|PRPB_ECOLI	WHOLE	1	1	296	44	1.841e-05	{A}
sp|P77544|YFCF_ECOLI	SINGLE	1	127	149	8	2.057e-04	{A}
sp|P77544|YFCF_ECOLI	SINGLE	2	82	120	8	3.723e-04	{R}
sp|P77555|ALLD_ECOLI	SINGLE	1	19	221	33	3.147e-05	{A}
sp|P77555|ALLD_ECOLI	SINGLE	2	40	262	28	4.928e-04	{G}
sp|P77555|ALLD_ECOLI	SINGLE	3	92	251	11	6.132e-04	{M}
sp|P77555|ALLD_ECOLI	MULTIPLE	1	19	262	74	5.077e-08	{AGM}
sp|P77567|NHOA_ECOLI	SINGLE	1	164	229	11	1.689e-07	{H}
sp|P77567|NHOA_ECOLI	SINGLE	2	153	181	7	1.682e-04	{Q}
sp|P77567|NHOA_ECOLI	SINGLE	3	80	114	10	7.143e-04	{L}
sp|P77567|NHOA_ECOLI	SINGLE	4	64	108	8	9.717e-04	{R}
sp|P77567|NHOA_ECOLI	MULTIPLE	1	78	111	15	1.630e-05	{LR}
sp|P77567|NHOA_ECOLI	WHOLE	1	1	281	18	4.012e-05	{H}
sp|P77581|ASTC_ECOLI	SINGLE	1	45	396	50	1.839e-05	{A}
sp|P77581|ASTC_ECOLI	SINGLE	2	194	370	26	7.296e-05	{G}
sp|P77581|ASTC_ECOLI	MULTIPLE	1	45	396	88	7.186e-08	{AG}
sp|P77581|ASTC_ECOLI	WHOLE	1	1	406	52	1.606e-04	{A}
sp|P77589|MHPT_ECOLI	SINGLE	1	13	365	67	6.553e-09	{L}
sp|P77589|MHPT_ECOLI	SINGLE	2	33	403	61	2.079e-08	{A}
sp|P77589|MHPT_ECOLI	SINGLE	3	18	384	49	1.611e-06	{G}
sp|P77589|MHPT_ECOLI	SINGLE	4	256	290	6	9.194e-05	{M}
sp|P77589|MHPT_ECOLI	SINGLE	5	1	15	6	3.585e-04	{S}
sp|P77589|MHPT_ECOLI	MULTIPLE	1	18	386	194	5.927e-28	{LAGM}
sp|P77589|MHPT_ECOLI	WHOLE	1	1	403	70	1.083e-07	{L}
sp|P77589|MHPT_ECOLI	WHOLE	2	1	403	62	1.729e-07	{A}
sp|P77589|MHPT_ECOLI	WHOLE	3	1	403	49	1.826e-05	{G}
sp|P77589|MHPT_ECOLI	WHOLE	4	1	403	21	1.674e-04	{M}
sp|P77625|HXPA_ECOLI	SINGLE	1	20	185	31	3.516e-06	{A}
sp|P77625|HXPA_ECOLI	WHOLE	1	1	216	31	4.317e-04	{A}
sp|P77649|SELO_ECOLI	SINGLE	1	51	120	17	1.917e-06	{G}
sp|P77649|SELO_ECOLI	SINGLE	2	116	471	35	3.196e-05	{R}
sp|P77649|SELO_ECOLI	SINGLE	3	401	415	5	2.936e-04	{Q}
sp|P77649|SELO_ECOLI	SINGLE	4	175	207	5	6.305e-04	{H}
sp|P77649|SELO_ECOLI	SINGLE	5	453	467	5	9.005e-04	{D}
sp|P77649|SELO_ECOLI	MULTIPLE	1	116	471	77	5.807e-07	{RHD}
sp|P77649|SELO_ECOLI	WHOLE	1	1	478	39	4.657e-04	{R}
sp|P77667|SUFA_ECOLI	SINGLE	1	37	54	6	6.921e-04	{G}
sp|P77671|ALLB_ECOLI	SINGLE	1	323	364	7	2.919e-05	{M}
sp|P77671|ALLB_ECOLI	SINGLE	2	147	341	12	6.580e-05	{C}
sp|P77671|ALLB_ECOLI	SINGLE	3	206	252	10	5.734e-04	{V}
sp|P77671|ALLB_ECOLI	SINGLE	4	27	180	21	7.926e-04	{G}
sp|P77671|ALLB_ECOLI	SINGLE	5	152	166	5	9.005e-04	{D}
sp|P77671|ALLB_ECOLI	MULTIPLE	1	183	272	20	2.006e-05	{CV}
sp|P77671|ALLB_ECOLI	MULTIPLE	2	22	180	36	9.259e-05	{GD}
sp|P77674|ABDH_ECOLI	SINGLE	1	34	194	32	6.411e-07	{A}
sp|P77674|ABDH_ECOLI	SINGLE	2	375	396	7	3.023e-04	{V}
sp|P77674|ABDH_ECOLI	SINGLE	3	195	460	32	4.464e-04	{G}
sp|P77674|ABDH_ECOLI	MULTIPLE	1	195	453	57	2.750e-05	{VG}
sp|P77674|ABDH_ECOLI	WHOLE	1	1	474	58	2.311e-04	{A}
sp|P77718|THII_ECOLI	SINGLE	1	361	399	11	2.234e-05	{E}
sp|P77718|THII_ECOLI	SINGLE	2	4	429	39	9.600e-05	{I}
sp|P77718|THII_ECOLI	SINGLE	3	33	432	45	1.267e-04	{V}
sp|P77718|THII_ECOLI	SINGLE	4	164	219	12	1.969e-04	{G}
sp|P77718|THII_ECOLI	SINGLE	5	19	278	26	2.103e-04	{R}
sp|P77718|THII_ECOLI	MULTIPLE	1	28	405	133	7.556e-07	{EVGR}
sp|P77718|THII_ECOLI	WHOLE	1	1	482	49	5.894e-04	{V}
sp|P77718|THII_ECOLI	WHOLE	2	1	482	39	8.664e-04	{I}
sp|P77748|D2HDH_ECOLI	SINGLE	1	669	683	4	7.491e-05	{C}
sp|P77748|D2HDH_ECOLI	SINGLE	2	212	740	44	1.626e-04	{R}
sp|P77748|D2HDH_ECOLI	SINGLE	3	84	98	6	2.293e-04	{G}
sp|P77748|D2HDH_ECOLI	SINGLE	4	924	941	7	2.360e-04	{A}
sp|P77748|D2HDH_ECOLI	SINGLE	5	4	25	6	2.422e-04	{Q}
sp|P77748|D2HDH_ECOLI	SINGLE	6	99	113	5	5.275e-04	{I}
sp|P77748|D2HDH_ECOLI	SINGLE	7	789	812	7	5.364e-04	{V}
sp|P77748|D2HDH_ECOLI	SINGLE	8	155	187	8	9.330e-04	{G}
sp|P77748|D2HDH_ECOLI	MULTIPLE	1	212	725	56	3.817e-05	{CR}
sp|P77754|SPY_ECOLI	SINGLE	1	6	34	12	6.984e-07	{A}
sp|P77754|SPY_ECOLI	SINGLE	2	37	120	10	1.308e-05	{M}
sp|P77754|SPY_ECOLI	SINGLE	3	61	75	5	2.936e-04	{Q}
sp|P77754|SPY_ECOLI	SINGLE	4	35	155	17	8.118e-04	{K}
sp|P77754|SPY_ECOLI	MULTIPLE	1	35	156	39	1.709e-08	{MQK}
sp|P77754|SPY_ECOLI	WHOLE	1	1	161	12	1.794e-04	{M}
sp|P77754|SPY_ECOLI	WHOLE	2	1	161	25	4.593e-04	{A}
sp|P77766|RNM_ECOLI	SINGLE	1	188	257	9	1.883e-05	{H}
sp|P77766|RNM_ECOLI	SINGLE	2	249	282	5	1.322e-04	{W}
sp|P77766|RNM_ECOLI	SINGLE	3	228	286	10	1.664e-04	{Q}
sp|P77766|RNM_ECOLI	SINGLE	4	111	250	23	3.453e-04	{A}
sp|P77766|RNM_ECOLI	SINGLE	5	102	135	7	4.647e-04	{Q}
sp|P77766|RNM_ECOLI	SINGLE	6	42	91	9	5.424e-04	{I}
sp|P77766|RNM_ECOLI	MULTIPLE	1	101	286	61	5.343e-09	{HWQA}
sp|P77766|RNM_ECOLI	WHOLE	1	1	293	17	1.962e-04	{H}
sp|P77774|BAMB_ECOLI	SINGLE	1	3	17	8	1.681e-05	{L}
sp|P77774|BAMB_ECOLI	SINGLE	2	29	372	41	7.373e-05	{V}
sp|P77774|BAMB_ECOLI	SINGLE	3	220	234	5	2.936e-04	{Q}
sp|P77774|BAMB_ECOLI	SINGLE	4	53	385	37	7.357e-04	{G}
sp|P77774|BAMB_ECOLI	MULTIPLE	1	52	366	72	8.199e-07	{VG}
sp|P77774|BAMB_ECOLI	WHOLE	1	1	392	43	2.805e-04	{V}
sp|P77788|NUDG_ECOLI	SINGLE	1	80	98	6	2.187e-06	{H}
sp|P77788|NUDG_ECOLI	SINGLE	2	115	134	7	4.883e-04	{A}
sp|P77788|NUDG_ECOLI	SINGLE	3	40	65	7	8.993e-04	{E}
sp|P77791|MAA_ECOLI	SINGLE	1	154	172	9	9.646e-07	{V}
sp|P77791|MAA_ECOLI	SINGLE	2	15	34	6	2.355e-04	{R}
sp|P77791|MAA_ECOLI	SINGLE	3	66	84	5	6.080e-04	{F}
sp|P77806|YBDL_ECOLI	SINGLE	1	53	290	38	1.343e-05	{A}
sp|P77806|YBDL_ECOLI	SINGLE	2	9	87	13	2.675e-05	{Q}
sp|P77806|YBDL_ECOLI	MULTIPLE	1	22	283	61	2.440e-07	{AQ}
sp|P77806|YBDL_ECOLI	WHOLE	1	1	386	50	1.614e-04	{A}
sp|P78055|FSAA_ECOLI	SINGLE	1	12	205	34	5.180e-06	{A}
sp|P78055|FSAA_ECOLI	WHOLE	1	1	220	35	2.960e-05	{A}
sp|P78061|PUUA_ECOLI	SINGLE	1	258	322	9	1.034e-05	{M}
sp|P78061|PUUA_ECOLI	SINGLE	2	397	466	14	1.076e-04	{E}
sp|P78061|PUUA_ECOLI	SINGLE	3	262	284	5	1.114e-04	{H}
sp|P78061|PUUA_ECOLI	SINGLE	4	373	388	6	8.219e-04	{A}
sp|P78061|PUUA_ECOLI	MULTIPLE	1	258	322	14	5.633e-07	{MH}
sp|P80645|SSUD_ECOLI	SINGLE	1	293	309	7	5.515e-05	{G}
sp|P80645|SSUD_ECOLI	SINGLE	2	213	321	21	6.984e-05	{A}
sp|P80645|SSUD_ECOLI	SINGLE	3	347	364	6	1.085e-04	{P}
sp|P80645|SSUD_ECOLI	MULTIPLE	1	213	323	33	1.795e-05	{GA}
sp|P80668|FEAB_ECOLI	SINGLE	1	68	89	7	4.726e-05	{R}
sp|P80668|FEAB_ECOLI	SINGLE	2	31	452	55	7.307e-05	{A}
sp|P80668|FEAB_ECOLI	SINGLE	3	385	414	8	4.209e-04	{V}
sp|P80668|FEAB_ECOLI	MULTIPLE	1	38	435	88	8.425e-06	{AV}
sp|Q06065|ATOC_ECOLI	SINGLE	1	260	422	20	1.114e-04	{I}
sp|Q06065|ATOC_ECOLI	SINGLE	2	259	445	21	1.750e-04	{R}
sp|Q06065|ATOC_ECOLI	SINGLE	3	241	261	8	2.978e-04	{L}
sp|Q06065|ATOC_ECOLI	SINGLE	4	54	82	5	3.445e-04	{M}
sp|Q06065|ATOC_ECOLI	SINGLE	5	407	430	7	5.412e-04	{E}
sp|Q06065|ATOC_ECOLI	MULTIPLE	1	259	445	60	3.978e-08	{IRE}
sp|Q06065|ATOC_ECOLI	WHOLE	1	1	461	40	2.252e-04	{I}
sp|Q06067|ATOS_ECOLI	SINGLE	1	7	600	61	4.627e-08	{I}
sp|Q06067|ATOS_ECOLI	SINGLE	2	412	533	17	1.628e-05	{Q}
sp|Q06067|ATOS_ECOLI	SINGLE	3	1	23	5	1.114e-04	{M}
sp|Q06067|ATOS_ECOLI	SINGLE	4	196	214	8	1.342e-04	{L}
sp|Q06067|ATOS_ECOLI	MULTIPLE	1	12	606	170	5.584e-10	{IQL}
sp|Q06067|ATOS_ECOLI	WHOLE	1	1	608	61	1.018e-07	{I}
sp|Q46806|PHYDA_ECOLI	SINGLE	1	187	233	14	7.655e-06	{A}
sp|Q46806|PHYDA_ECOLI	SINGLE	2	59	133	8	1.967e-04	{H}
sp|Q46806|PHYDA_ECOLI	SINGLE	3	128	142	5	5.275e-04	{I}
sp|Q46806|PHYDA_ECOLI	MULTIPLE	1	59	142	18	1.575e-05	{HI}
sp|Q46810|MOCA_ECOLI	SINGLE	1	4	192	23	4.278e-05	{I}
sp|Q46810|MOCA_ECOLI	WHOLE	1	1	192	23	5.399e-05	{I}
sp|Q46821|UACT_ECOLI	SINGLE	1	24	398	47	4.182e-09	{I}
sp|Q46821|UACT_ECOLI	SINGLE	2	41	472	25	9.013e-06	{M}
sp|Q46821|UACT_ECOLI	SINGLE	3	28	377	44	2.082e-05	{G}
sp|Q46821|UACT_ECOLI	SINGLE	4	150	466	38	1.130e-04	{V}
sp|Q46821|UACT_ECOLI	SINGLE	5	25	475	61	6.224e-04	{L}
sp|Q46821|UACT_ECOLI	MULTIPLE	1	24	475	228	4.065e-21	{IMGVL}
sp|Q46821|UACT_ECOLI	WHOLE	1	1	482	49	1.075e-06	{I}
sp|Q46821|UACT_ECOLI	WHOLE	2	1	482	26	1.947e-05	{M}
sp|Q46821|UACT_ECOLI	WHOLE	3	1	482	50	5.385e-04	{G}
sp|Q46822|IDI_ECOLI	SINGLE	1	133	152	6	5.140e-04	{D}
sp|Q46839|GLCA_ECOLI	SINGLE	1	23	420	45	1.662e-07	{I}
sp|Q46839|GLCA_ECOLI	SINGLE	2	27	475	39	2.417e-06	{F}
sp|Q46839|GLCA_ECOLI	SINGLE	3	18	388	53	9.405e-06	{A}
sp|Q46839|GLCA_ECOLI	SINGLE	4	122	196	15	7.824e-05	{G}
sp|Q46839|GLCA_ECOLI	SINGLE	5	1	15	4	2.419e-04	{M}
sp|Q46839|GLCA_ECOLI	MULTIPLE	1	7	463	204	3.739e-19	{IFAGM}
sp|Q46839|GLCA_ECOLI	WHOLE	1	1	560	52	6.420e-06	{I}
sp|Q46839|GLCA_ECOLI	WHOLE	2	1	560	42	3.098e-05	{F}
sp|Q46839|GLCA_ECOLI	WHOLE	3	1	560	68	1.009e-04	{A}
sp|Q46839|GLCA_ECOLI	WHOLE	4	1	560	57	3.916e-04	{G}
sp|Q46851|GPR_ECOLI	SINGLE	1	181	339	29	1.631e-04	{L}
sp|Q46851|GPR_ECOLI	WHOLE	1	1	346	49	7.194e-04	{L}
sp|Q46856|YQHD_ECOLI	SINGLE	1	168	208	11	3.631e-05	{V}
sp|Q46856|YQHD_ECOLI	SINGLE	2	267	281	4	2.419e-04	{H}
sp|Q46856|YQHD_ECOLI	SINGLE	3	105	329	32	4.155e-04	{A}
sp|Q46856|YQHD_ECOLI	SINGLE	4	15	158	20	8.239e-04	{G}
sp|Q46856|YQHD_ECOLI	MULTIPLE	1	15	329	77	1.058e-04	{HAG}
sp|Q46857|DKGA_ECOLI	SINGLE	1	89	105	7	4.133e-04	{L}
sp|Q46857|DKGA_ECOLI	SINGLE	2	141	199	9	7.351e-04	{Q}
sp|Q46857|DKGA_ECOLI	SINGLE	3	107	179	7	8.894e-04	{H}
sp|Q46857|DKGA_ECOLI	MULTIPLE	1	141	182	12	8.503e-06	{QH}
sp|Q46871|YQJH_ECOLI	SINGLE	1	59	90	9	9.864e-06	{P}
sp|Q46871|YQJH_ECOLI	SINGLE	2	6	34	8	4.243e-05	{R}
sp|Q46877|NORV_ECOLI	SINGLE	1	79	116	6	1.464e-04	{H}
sp|Q46877|NORV_ECOLI	SINGLE	2	405	419	6	1.598e-04	{T}
sp|Q46877|NORV_ECOLI	SINGLE	3	315	330	4	3.155e-04	{M}
sp|Q46893|ISPD_ECOLI	SINGLE	1	44	194	24	4.215e-04	{A}
sp|Q46896|CAS1_ECOLI	SINGLE	1	279	294	7	3.603e-06	{P}
sp|Q46896|CAS1_ECOLI	SINGLE	2	182	203	8	1.455e-04	{A}
sp|Q46896|CAS1_ECOLI	SINGLE	3	112	164	10	1.502e-04	{R}
sp|Q46896|CAS1_ECOLI	SINGLE	4	237	256	6	2.355e-04	{R}
sp|Q46896|CAS1_ECOLI	SINGLE	5	46	85	9	6.977e-04	{V}
sp|Q46899|CASC_ECOLI	SINGLE	1	103	330	35	5.964e-05	{A}
sp|Q46899|CASC_ECOLI	SINGLE	2	276	290	4	2.419e-04	{M}
sp|Q46899|CASC_ECOLI	SINGLE	3	35	82	9	3.282e-04	{R}
sp|Q46899|CASC_ECOLI	SINGLE	4	166	182	4	4.036e-04	{M}
sp|Q46899|CASC_ECOLI	SINGLE	5	191	205	5	9.005e-04	{D}
sp|Q46899|CASC_ECOLI	MULTIPLE	1	103	330	44	9.918e-06	{AM}
sp|Q46901|CSE1_ECOLI	SINGLE	1	134	169	11	1.176e-05	{G}
sp|Q46901|CSE1_ECOLI	SINGLE	2	239	253	4	7.491e-05	{C}
sp|Q46901|CSE1_ECOLI	SINGLE	3	321	379	10	1.605e-04	{N}
sp|Q46901|CSE1_ECOLI	SINGLE	4	313	331	6	8.474e-04	{V}
sp|Q46901|CSE1_ECOLI	MULTIPLE	1	313	384	20	3.817e-05	{NV}
sp|Q46920|QUEF_ECOLI	SINGLE	1	206	281	13	4.840e-05	{R}
sp|Q46920|QUEF_ECOLI	SINGLE	2	151	165	5	9.005e-04	{D}
sp|Q46925|CSDA_ECOLI	SINGLE	1	7	395	57	2.231e-06	{A}
sp|Q46925|CSDA_ECOLI	SINGLE	2	167	281	18	3.750e-04	{G}
sp|Q46925|CSDA_ECOLI	WHOLE	1	1	401	57	5.432e-06	{A}
sp|Q46927|TCDA_ECOLI	SINGLE	1	221	265	12	1.048e-04	{A}
sp|Q46927|TCDA_ECOLI	SINGLE	2	102	132	8	5.305e-04	{V}
sp|Q46927|TCDA_ECOLI	SINGLE	3	37	55	6	9.446e-04	{G}
sp|Q46927|TCDA_ECOLI	WHOLE	1	1	268	36	5.517e-04	{A}
sp|Q46938|KDUI_ECOLI	SINGLE	1	48	109	14	3.426e-05	{G}
sp|Q46938|KDUI_ECOLI	SINGLE	2	179	231	7	1.308e-04	{M}
sp|Q46938|KDUI_ECOLI	SINGLE	3	39	53	5	5.275e-04	{I}
sp|Q46938|KDUI_ECOLI	SINGLE	4	196	245	6	6.467e-04	{H}
sp|Q46938|KDUI_ECOLI	SINGLE	5	120	197	13	6.882e-04	{T}
sp|Q46938|KDUI_ECOLI	MULTIPLE	1	45	99	20	1.245e-06	{GI}
sp|Q46938|KDUI_ECOLI	MULTIPLE	2	193	232	11	6.868e-07	{MH}
sp|Q47146|FADE_ECOLI	SINGLE	1	174	512	46	2.083e-06	{G}
sp|Q47146|FADE_ECOLI	SINGLE	2	399	514	17	4.117e-05	{I}
sp|Q47146|FADE_ECOLI	SINGLE	3	4	55	14	1.406e-04	{L}
sp|Q47146|FADE_ECOLI	SINGLE	4	556	767	35	2.695e-04	{L}
sp|Q47146|FADE_ECOLI	SINGLE	5	417	431	6	5.574e-04	{A}
sp|Q47146|FADE_ECOLI	SINGLE	6	50	356	27	7.242e-04	{P}
sp|Q47146|FADE_ECOLI	MULTIPLE	1	192	512	74	2.966e-09	{GI}
sp|Q47149|YAFQ_ECOLI	SINGLE	1	14	30	6	3.418e-04	{K}
sp|Q47150|DINJ_ECOLI	SINGLE	1	68	82	5	9.005e-04	{D}
sp|Q47152|RAYT_ECOLI	SINGLE	1	53	150	8	9.890e-05	{W}
sp|Q47152|RAYT_ECOLI	SINGLE	2	59	138	8	3.026e-04	{H}
sp|Q47152|RAYT_ECOLI	SINGLE	3	5	46	8	6.164e-04	{R}
sp|Q47152|RAYT_ECOLI	MULTIPLE	1	53	138	15	4.514e-07	{WH}
sp|Q47152|RAYT_ECOLI	WHOLE	1	1	165	9	6.964e-04	{W}
sp|Q47155|DPO4_ECOLI	SINGLE	1	214	330	17	3.250e-05	{R}
sp|Q47155|DPO4_ECOLI	SINGLE	2	224	271	10	6.849e-04	{E}
sp|Q47155|DPO4_ECOLI	SINGLE	3	19	96	11	8.838e-04	{R}
sp|Q47155|DPO4_ECOLI	MULTIPLE	1	220	330	28	2.104e-05	{RE}
sp|Q47155|DPO4_ECOLI	WHOLE	1	1	351	32	2.330e-04	{R}
sp|Q47208|ALLF_ECOLI	SINGLE	1	59	500	72	1.975e-09	{A}
sp|Q47208|ALLF_ECOLI	SINGLE	2	167	237	16	1.026e-05	{G}
sp|Q47208|ALLF_ECOLI	SINGLE	3	79	104	7	8.095e-05	{Q}
sp|Q47208|ALLF_ECOLI	SINGLE	4	359	381	7	1.612e-04	{D}
sp|Q47208|ALLF_ECOLI	WHOLE	1	1	555	80	6.137e-08	{A}
sp|Q47319|TAPT_ECOLI	SINGLE	1	10	33	9	8.312e-07	{R}
sp|Q47319|TAPT_ECOLI	SINGLE	2	31	56	5	4.916e-05	{C}
sp|Q47319|TAPT_ECOLI	SINGLE	3	64	157	14	8.900e-05	{P}
sp|Q47319|TAPT_ECOLI	SINGLE	4	174	200	9	1.207e-04	{A}
sp|Q47319|TAPT_ECOLI	MULTIPLE	1	10	56	15	1.099e-07	{RC}
sp|Q47377|ARNE_ECOLI	SINGLE	1	38	58	10	5.299e-06	{L}
sp|Q57261|TRUD_ECOLI	SINGLE	1	197	300	21	3.519e-05	{A}
sp|Q57261|TRUD_ECOLI	SINGLE	2	309	323	4	5.704e-05	{W}
sp|Q57261|TRUD_ECOLI	SINGLE	3	116	299	20	3.594e-04	{R}
sp|Q57261|TRUD_ECOLI	SINGLE	4	239	295	11	7.334e-04	{E}
sp|Q57261|TRUD_ECOLI	MULTIPLE	1	115	300	47	1.272e-06	{AR}
sp|Q59385|COPA_ECOLI	SINGLE	1	34	814	119	2.064e-12	{A}
sp|Q59385|COPA_ECOLI	SINGLE	2	436	450	7	1.824e-05	{V}
sp|Q59385|COPA_ECOLI	SINGLE	3	182	301	11	5.540e-05	{M}
sp|Q59385|COPA_ECOLI	SINGLE	4	415	492	12	3.183e-04	{I}
sp|Q59385|COPA_ECOLI	SINGLE	5	187	276	7	3.505e-04	{W}
sp|Q59385|COPA_ECOLI	MULTIPLE	1	31	814	218	7.550e-16	{AVM}
sp|Q59385|COPA_ECOLI	WHOLE	1	1	834	120	6.401e-11	{A}
sp|Q59385|COPA_ECOLI	WHOLE	2	1	834	78	3.234e-04	{V}
sp|Q6BF16|DGOA_ECOLI	SINGLE	1	21	203	35	5.178e-07	{A}
sp|Q6BF16|DGOA_ECOLI	WHOLE	1	1	205	36	2.732e-06	{A}
sp|Q6BF17|DGOD_ECOLI	SINGLE	1	25	152	19	5.038e-04	{G}
sp|Q6BF17|DGOD_ECOLI	SINGLE	2	159	295	22	6.033e-04	{A}
sp|Q93K97|ADPP_ECOLI	SINGLE	1	100	116	7	4.869e-05	{E}
sp|Q93K97|ADPP_ECOLI	SINGLE	2	21	56	8	2.122e-04	{R}
sp|A5A627|TISB_ECOLI	SINGLE	1	9	28	8	2.030e-04	{L}
sp|A5A627|TISB_ECOLI	WHOLE	1	1	29	9	6.862e-04	{L}
sp|P00547|KHSE_ECOLI	SINGLE	1	185	256	15	2.861e-04	{A}
sp|P00547|KHSE_ECOLI	SINGLE	2	2	38	9	3.882e-04	{V}
sp|P00547|KHSE_ECOLI	SINGLE	3	84	154	7	7.599e-04	{M}
sp|P00816|CYNS_ECOLI	SINGLE	1	15	63	14	1.285e-05	{A}
sp|P00816|CYNS_ECOLI	SINGLE	2	12	80	16	3.027e-04	{L}
sp|P00816|CYNS_ECOLI	MULTIPLE	1	12	75	29	1.037e-07	{AL}
sp|P00887|AROH_ECOLI	SINGLE	1	229	274	6	4.164e-04	{H}
sp|P00887|AROH_ECOLI	SINGLE	2	3	98	13	4.794e-04	{R}
sp|P00887|AROH_ECOLI	SINGLE	3	271	287	5	5.538e-04	{Q}
sp|P00895|TRPE_ECOLI	SINGLE	1	8	134	29	2.516e-06	{L}
sp|P00895|TRPE_ECOLI	SINGLE	2	319	446	19	8.784e-06	{R}
sp|P00895|TRPE_ECOLI	SINGLE	3	413	516	20	1.035e-04	{A}
sp|P00895|TRPE_ECOLI	SINGLE	4	443	460	6	6.921e-04	{G}
sp|P00895|TRPE_ECOLI	SINGLE	5	124	175	8	7.108e-04	{F}
sp|P00895|TRPE_ECOLI	SINGLE	6	224	291	10	8.954e-04	{P}
sp|P00895|TRPE_ECOLI	MULTIPLE	1	316	516	49	2.258e-06	{RA}
sp|P00909|TRPC_ECOLI	SINGLE	1	7	452	59	2.935e-05	{A}
sp|P00909|TRPC_ECOLI	SINGLE	2	382	410	9	6.287e-05	{G}
sp|P00909|TRPC_ECOLI	SINGLE	3	158	172	6	2.062e-04	{E}
sp|P00909|TRPC_ECOLI	SINGLE	4	20	34	5	2.936e-04	{Q}
sp|P00909|TRPC_ECOLI	SINGLE	5	103	124	6	4.771e-04	{I}
sp|P00909|TRPC_ECOLI	SINGLE	6	285	332	10	6.772e-04	{V}
sp|P00909|TRPC_ECOLI	MULTIPLE	1	3	452	125	6.395e-07	{AQV}
sp|P00909|TRPC_ECOLI	WHOLE	1	1	453	59	4.389e-05	{A}
sp|P00934|THRC_ECOLI	SINGLE	1	30	113	11	3.298e-04	{F}
sp|P00934|THRC_ECOLI	SINGLE	2	390	423	10	5.619e-04	{L}
sp|P00934|THRC_ECOLI	SINGLE	3	78	419	43	6.882e-04	{A}
sp|P00934|THRC_ECOLI	MULTIPLE	1	30	419	68	2.417e-04	{FA}
sp|P00944|XYLA_ECOLI	SINGLE	1	86	100	5	1.842e-04	{F}
sp|P00944|XYLA_ECOLI	SINGLE	2	267	281	4	2.419e-04	{H}
sp|P00944|XYLA_ECOLI	SINGLE	3	396	428	7	3.857e-04	{Q}
sp|P00944|XYLA_ECOLI	SINGLE	4	415	435	4	9.292e-04	{H}
sp|P00944|XYLA_ECOLI	MULTIPLE	1	396	428	10	2.691e-05	{QH}
sp|P00961|SYGB_ECOLI	SINGLE	1	19	591	79	4.197e-07	{A}
sp|P00961|SYGB_ECOLI	SINGLE	2	194	275	15	1.725e-04	{E}
sp|P00961|SYGB_ECOLI	SINGLE	3	329	661	34	2.748e-04	{D}
sp|P00961|SYGB_ECOLI	SINGLE	4	398	414	4	4.036e-04	{M}
sp|P00961|SYGB_ECOLI	MULTIPLE	1	19	684	183	1.076e-09	{ADR}
sp|P00961|SYGB_ECOLI	WHOLE	1	1	689	85	1.123e-05	{A}
sp|P02413|RL15_ECOLI	SINGLE	1	11	53	17	6.539e-10	{G}
sp|P02413|RL15_ECOLI	SINGLE	2	18	78	10	4.691e-04	{R}
sp|P02413|RL15_ECOLI	SINGLE	3	97	111	5	5.275e-04	{I}
sp|P02413|RL15_ECOLI	MULTIPLE	1	16	65	25	1.686e-11	{GR}
sp|P02413|RL15_ECOLI	WHOLE	1	1	144	26	2.047e-06	{G}
sp|P02924|ARAF_ECOLI	SINGLE	1	7	209	31	1.564e-04	{A}
sp|P02924|ARAF_ECOLI	SINGLE	2	234	256	7	4.607e-04	{G}
sp|P02924|ARAF_ECOLI	SINGLE	3	106	179	7	9.628e-04	{M}
sp|P02924|ARAF_ECOLI	MULTIPLE	1	1	212	42	8.083e-06	{AM}
sp|P02932|PHOE_ECOLI	SINGLE	1	315	339	7	6.009e-05	{N}
sp|P02932|PHOE_ECOLI	SINGLE	2	52	298	32	1.312e-04	{G}
sp|P02932|PHOE_ECOLI	SINGLE	3	28	341	31	7.789e-04	{D}
sp|P02932|PHOE_ECOLI	MULTIPLE	1	26	341	58	1.635e-06	{ND}
sp|P03014|PINE_ECOLI	SINGLE	1	65	161	15	4.431e-05	{R}
sp|P03014|PINE_ECOLI	WHOLE	1	1	184	20	3.594e-04	{R}
sp|P03024|GALR_ECOLI	SINGLE	1	2	307	41	2.769e-04	{A}
sp|P03024|GALR_ECOLI	SINGLE	2	125	141	4	4.036e-04	{M}
sp|P03024|GALR_ECOLI	SINGLE	3	62	84	7	4.064e-04	{V}
sp|P03024|GALR_ECOLI	MULTIPLE	1	1	307	77	3.601e-05	{AMV}
sp|P03024|GALR_ECOLI	WHOLE	1	1	343	43	7.265e-04	{A}
sp|P03817|MIOC_ECOLI	SINGLE	1	16	34	6	8.541e-04	{E}
sp|P04335|FRSA_ECOLI	SINGLE	1	102	161	14	1.345e-04	{A}
sp|P04335|FRSA_ECOLI	SINGLE	2	47	125	7	1.605e-04	{W}
sp|P04335|FRSA_ECOLI	SINGLE	3	62	87	7	3.644e-04	{D}
sp|P04335|FRSA_ECOLI	SINGLE	4	168	230	7	3.767e-04	{M}
sp|P04335|FRSA_ECOLI	MULTIPLE	1	56	117	14	6.520e-05	{WD}
sp|P04816|LIVK_ECOLI	SINGLE	1	8	167	20	8.728e-05	{I}
sp|P04816|LIVK_ECOLI	SINGLE	2	5	334	44	1.974e-04	{A}
sp|P04816|LIVK_ECOLI	SINGLE	3	32	363	38	3.863e-04	{G}
sp|P04816|LIVK_ECOLI	MULTIPLE	1	5	368	113	3.897e-08	{IAG}
sp|P04816|LIVK_ECOLI	WHOLE	1	1	369	47	3.341e-04	{A}
sp|P04951|KDSB_ECOLI	SINGLE	1	37	158	21	3.252e-04	{A}
sp|P04951|KDSB_ECOLI	SINGLE	2	4	145	20	5.489e-04	{V}
sp|P04951|KDSB_ECOLI	MULTIPLE	1	4	152	42	5.240e-06	{AV}
sp|P05100|3MG1_ECOLI	SINGLE	1	162	181	5	1.276e-05	{C}
sp|P05100|3MG1_ECOLI	SINGLE	2	82	96	5	5.275e-04	{I}
sp|P05459|PDXB_ECOLI	SINGLE	1	103	368	42	2.007e-04	{L}
sp|P05459|PDXB_ECOLI	SINGLE	2	33	94	13	6.430e-04	{A}
sp|P05706|PTHA_ECOLI	SINGLE	1	43	63	4	9.292e-04	{H}
sp|P05707|SRLD_ECOLI	SINGLE	1	16	95	16	2.956e-04	{A}
sp|P05707|SRLD_ECOLI	SINGLE	2	9	163	22	3.699e-04	{G}
sp|P05707|SRLD_ECOLI	SINGLE	3	125	139	5	5.275e-04	{I}
sp|P05707|SRLD_ECOLI	SINGLE	4	164	197	10	5.619e-04	{L}
sp|P05707|SRLD_ECOLI	MULTIPLE	1	5	163	53	1.271e-05	{AGI}
sp|P05719|T1SK_ECOLI	SINGLE	1	144	168	7	1.370e-04	{I}
sp|P05719|T1SK_ECOLI	SINGLE	2	390	459	15	2.101e-04	{A}
sp|P05719|T1SK_ECOLI	SINGLE	3	70	139	14	2.998e-04	{S}
sp|P05719|T1SK_ECOLI	SINGLE	4	100	125	6	3.705e-04	{F}
sp|P05719|T1SK_ECOLI	SINGLE	5	446	463	6	4.810e-04	{K}
sp|P05719|T1SK_ECOLI	SINGLE	6	278	330	13	5.994e-04	{L}
sp|P05719|T1SK_ECOLI	MULTIPLE	1	390	463	23	8.838e-05	{AK}
sp|P05719|T1SK_ECOLI	MULTIPLE	2	70	139	20	3.725e-05	{SF}
sp|P05847|TTDA_ECOLI	SINGLE	1	174	208	9	2.520e-04	{V}
sp|P05847|TTDA_ECOLI	SINGLE	2	1	78	8	2.559e-04	{M}
sp|P06611|BTUD_ECOLI	SINGLE	1	94	226	26	1.125e-04	{L}
sp|P06611|BTUD_ECOLI	SINGLE	2	187	201	4	2.419e-04	{H}
sp|P06611|BTUD_ECOLI	SINGLE	3	57	182	15	2.666e-04	{Q}
sp|P06611|BTUD_ECOLI	SINGLE	4	17	60	10	3.952e-04	{G}
sp|P06611|BTUD_ECOLI	MULTIPLE	1	71	206	47	3.521e-08	{LHQ}
sp|P06611|BTUD_ECOLI	WHOLE	1	1	249	39	3.657e-04	{L}
sp|P06720|AGAL_ECOLI	SINGLE	1	137	160	5	1.377e-04	{M}
sp|P06864|BGA2_ECOLI	SINGLE	1	337	556	17	6.390e-06	{H}
sp|P06864|BGA2_ECOLI	SINGLE	2	21	160	16	9.064e-05	{F}
sp|P06864|BGA2_ECOLI	SINGLE	3	135	429	35	2.341e-04	{V}
sp|P06864|BGA2_ECOLI	SINGLE	4	876	974	13	2.480e-04	{N}
sp|P06864|BGA2_ECOLI	SINGLE	5	452	595	15	2.647e-04	{Y}
sp|P06864|BGA2_ECOLI	SINGLE	6	95	109	5	4.135e-04	{P}
sp|P06864|BGA2_ECOLI	SINGLE	7	805	888	12	6.109e-04	{I}
sp|P06864|BGA2_ECOLI	SINGLE	8	314	356	8	7.210e-04	{R}
sp|P06864|BGA2_ECOLI	SINGLE	9	428	443	5	7.294e-04	{I}
sp|P06864|BGA2_ECOLI	SINGLE	10	518	591	13	7.630e-04	{G}
sp|P06864|BGA2_ECOLI	SINGLE	11	691	716	6	9.176e-04	{P}
sp|P06864|BGA2_ECOLI	MULTIPLE	1	367	583	49	3.480e-07	{HYI}
sp|P06864|BGA2_ECOLI	MULTIPLE	2	21	429	67	5.857e-05	{FV}
sp|P06864|BGA2_ECOLI	MULTIPLE	3	805	963	29	1.747e-04	{NI}
sp|P06864|BGA2_ECOLI	WHOLE	1	1	1030	41	1.136e-04	{H}
sp|P06986|HIS8_ECOLI	SINGLE	1	179	282	21	3.519e-05	{A}
sp|P06989|HIS2_ECOLI	SINGLE	1	176	191	7	2.677e-04	{L}
sp|P07018|MCP4_ECOLI	SINGLE	1	51	509	77	1.505e-10	{A}
sp|P07018|MCP4_ECOLI	SINGLE	2	38	527	48	1.149e-07	{Q}
sp|P07018|MCP4_ECOLI	SINGLE	3	187	248	13	7.090e-06	{I}
sp|P07018|MCP4_ECOLI	SINGLE	4	350	373	7	1.037e-04	{I}
sp|P07018|MCP4_ECOLI	SINGLE	5	85	99	6	1.598e-04	{T}
sp|P07018|MCP4_ECOLI	SINGLE	6	5	23	6	2.019e-04	{I}
sp|P07018|MCP4_ECOLI	SINGLE	7	394	532	20	4.245e-04	{V}
sp|P07018|MCP4_ECOLI	MULTIPLE	1	38	529	160	3.931e-17	{AQI}
sp|P07018|MCP4_ECOLI	WHOLE	1	1	533	80	1.143e-08	{A}
sp|P07018|MCP4_ECOLI	WHOLE	2	1	533	49	5.239e-07	{Q}
sp|P07023|TYRA_ECOLI	SINGLE	1	30	213	24	5.170e-04	{V}
sp|P07109|HISP_ECOLI	SINGLE	1	210	226	4	4.036e-04	{H}
sp|P07364|CHER_ECOLI	SINGLE	1	19	276	27	8.123e-05	{R}
sp|P07364|CHER_ECOLI	WHOLE	1	1	286	27	3.827e-04	{R}
sp|P07650|TYPH_ECOLI	SINGLE	1	161	427	47	9.874e-08	{A}
sp|P07650|TYPH_ECOLI	SINGLE	2	88	122	11	8.749e-06	{G}
sp|P07650|TYPH_ECOLI	SINGLE	3	44	63	5	5.484e-05	{M}
sp|P07650|TYPH_ECOLI	SINGLE	4	7	187	21	1.646e-04	{I}
sp|P07650|TYPH_ECOLI	MULTIPLE	1	1	187	30	1.554e-05	{MI}
sp|P07650|TYPH_ECOLI	WHOLE	1	1	440	56	1.148e-04	{A}
sp|P07762|GLGB_ECOLI	SINGLE	1	487	709	18	1.939e-06	{H}
sp|P07762|GLGB_ECOLI	SINGLE	2	88	628	23	7.138e-06	{W}
sp|P07762|GLGB_ECOLI	SINGLE	3	55	444	34	3.351e-04	{R}
sp|P07762|GLGB_ECOLI	MULTIPLE	1	75	709	102	1.983e-10	{HWR}
sp|P07762|GLGB_ECOLI	WHOLE	1	1	728	26	3.471e-05	{W}
sp|P07762|GLGB_ECOLI	WHOLE	2	1	728	33	5.219e-05	{H}
sp|P07762|GLGB_ECOLI	WHOLE	3	1	728	53	7.720e-04	{R}
sp|P07813|SYL_ECOLI	SINGLE	1	789	859	17	1.779e-06	{V}
sp|P07813|SYL_ECOLI	SINGLE	2	434	654	16	2.520e-05	{M}
sp|P07813|SYL_ECOLI	SINGLE	3	260	296	11	7.039e-05	{A}
sp|P07813|SYL_ECOLI	SINGLE	4	3	33	9	9.517e-05	{E}
sp|P07813|SYL_ECOLI	SINGLE	5	242	257	6	2.398e-04	{T}
sp|P07813|SYL_ECOLI	SINGLE	6	79	223	9	2.853e-04	{W}
sp|P07813|SYL_ECOLI	SINGLE	7	159	179	4	2.981e-04	{C}
sp|P07813|SYL_ECOLI	SINGLE	8	431	471	8	4.460e-04	{P}
sp|P07813|SYL_ECOLI	SINGLE	9	499	527	6	5.635e-04	{Y}
sp|P07813|SYL_ECOLI	MULTIPLE	1	121	191	10	5.405e-05	{WC}
sp|P07813|SYL_ECOLI	WHOLE	1	1	860	34	4.079e-04	{M}
sp|P08178|PUR5_ECOLI	SINGLE	1	13	193	29	6.193e-06	{G}
sp|P08178|PUR5_ECOLI	SINGLE	2	254	282	4	8.043e-04	{W}
sp|P08178|PUR5_ECOLI	WHOLE	1	1	345	39	4.148e-04	{G}
sp|P08189|FIMF_ECOLI	SINGLE	1	137	172	9	2.263e-04	{T}
sp|P08189|FIMF_ECOLI	SINGLE	2	36	148	14	2.673e-04	{N}
sp|P08189|FIMF_ECOLI	SINGLE	3	11	169	24	8.378e-04	{A}
sp|P08189|FIMF_ECOLI	MULTIPLE	1	16	172	55	3.176e-07	{TNA}
sp|P08190|FIMG_ECOLI	SINGLE	1	10	24	7	6.097e-05	{A}
sp|P08190|FIMG_ECOLI	SINGLE	2	20	165	21	1.788e-04	{T}
sp|P08190|FIMG_ECOLI	SINGLE	3	101	157	9	5.750e-04	{Q}
sp|P08190|FIMG_ECOLI	MULTIPLE	1	10	165	54	6.270e-07	{ATQ}
sp|P08190|FIMG_ECOLI	WHOLE	1	1	167	21	9.562e-04	{T}
sp|P08194|GLPT_ECOLI	SINGLE	1	382	423	12	1.019e-05	{G}
sp|P08194|GLPT_ECOLI	SINGLE	2	115	186	8	1.113e-05	{W}
sp|P08194|GLPT_ECOLI	SINGLE	3	31	133	14	3.859e-05	{F}
sp|P08194|GLPT_ECOLI	SINGLE	4	83	435	20	8.193e-05	{M}
sp|P08194|GLPT_ECOLI	SINGLE	5	223	300	11	1.296e-04	{Y}
sp|P08194|GLPT_ECOLI	SINGLE	6	188	206	7	3.444e-04	{A}
sp|P08194|GLPT_ECOLI	SINGLE	7	372	402	9	3.743e-04	{A}
sp|P08194|GLPT_ECOLI	SINGLE	8	59	179	18	6.673e-04	{G}
sp|P08194|GLPT_ECOLI	SINGLE	9	421	436	5	7.294e-04	{I}
sp|P08194|GLPT_ECOLI	SINGLE	10	352	368	5	9.825e-04	{I}
sp|P08194|GLPT_ECOLI	MULTIPLE	1	63	437	143	1.562e-08	{GMYAI}
sp|P08194|GLPT_ECOLI	MULTIPLE	2	28	205	28	2.784e-07	{WF}
sp|P08194|GLPT_ECOLI	WHOLE	1	1	452	33	2.794e-04	{F}
sp|P08194|GLPT_ECOLI	WHOLE	2	1	452	22	2.939e-04	{M}
sp|P08194|GLPT_ECOLI	WHOLE	3	1	452	47	7.070e-04	{G}
sp|P08204|ARAB_ECOLI	SINGLE	1	420	564	32	5.600e-08	{A}
sp|P08204|ARAB_ECOLI	SINGLE	2	511	561	11	8.133e-06	{Q}
sp|P08204|ARAB_ECOLI	SINGLE	3	270	350	16	5.417e-05	{G}
sp|P08204|ARAB_ECOLI	SINGLE	4	155	256	8	1.301e-04	{W}
sp|P08204|ARAB_ECOLI	SINGLE	5	472	489	4	1.600e-04	{C}
sp|P08204|ARAB_ECOLI	SINGLE	6	355	373	5	9.524e-04	{Q}
sp|P08204|ARAB_ECOLI	MULTIPLE	1	432	562	51	6.618e-13	{AQC}
sp|P08204|ARAB_ECOLI	WHOLE	1	1	566	79	2.637e-07	{A}
sp|P08331|CPDB_ECOLI	SINGLE	1	466	543	12	9.743e-05	{N}
sp|P08331|CPDB_ECOLI	SINGLE	2	217	618	52	1.287e-04	{A}
sp|P08331|CPDB_ECOLI	SINGLE	3	196	222	8	1.953e-04	{V}
sp|P08331|CPDB_ECOLI	SINGLE	4	23	508	43	8.795e-04	{D}
sp|P08331|CPDB_ECOLI	MULTIPLE	1	31	618	154	7.967e-08	{NAD}
sp|P08331|CPDB_ECOLI	WHOLE	1	1	647	73	4.390e-04	{A}
sp|P08331|CPDB_ECOLI	WHOLE	2	1	647	54	8.674e-04	{D}
sp|P08368|CREB_ECOLI	SINGLE	1	153	167	7	1.659e-04	{L}
sp|P08368|CREB_ECOLI	SINGLE	2	65	94	10	1.894e-04	{L}
sp|P08368|CREB_ECOLI	SINGLE	3	107	121	5	4.635e-04	{R}
sp|P08401|CREC_ECOLI	SINGLE	1	16	379	48	1.421e-04	{A}
sp|P08401|CREC_ECOLI	SINGLE	2	35	341	28	5.090e-04	{R}
sp|P08401|CREC_ECOLI	SINGLE	3	323	361	9	5.782e-04	{V}
sp|P08401|CREC_ECOLI	MULTIPLE	1	15	371	109	7.705e-08	{ARV}
sp|P08722|PTV3B_ECOLI	SINGLE	1	104	624	53	4.115e-07	{I}
sp|P08722|PTV3B_ECOLI	SINGLE	2	100	451	29	9.262e-05	{F}
sp|P08722|PTV3B_ECOLI	SINGLE	3	48	573	57	9.459e-05	{G}
sp|P08722|PTV3B_ECOLI	SINGLE	4	96	281	33	1.088e-04	{L}
sp|P08722|PTV3B_ECOLI	SINGLE	5	52	77	8	1.470e-04	{V}
sp|P08722|PTV3B_ECOLI	SINGLE	6	458	489	7	4.933e-04	{P}
sp|P08722|PTV3B_ECOLI	SINGLE	7	539	605	11	8.192e-04	{D}
sp|P08722|PTV3B_ECOLI	MULTIPLE	1	94	591	223	1.133e-13	{IFGLP}
sp|P08722|PTV3B_ECOLI	WHOLE	1	1	625	58	2.211e-06	{I}
sp|P08722|PTV3B_ECOLI	WHOLE	2	1	625	63	2.849e-04	{G}
sp|P08957|T1MK_ECOLI	SINGLE	1	186	205	7	6.053e-05	{D}
sp|P08957|T1MK_ECOLI	SINGLE	2	417	434	7	7.448e-05	{E}
sp|P08957|T1MK_ECOLI	SINGLE	3	461	514	10	5.452e-04	{D}
sp|P09053|AVTA_ECOLI	SINGLE	1	213	339	21	8.592e-07	{I}
sp|P09053|AVTA_ECOLI	SINGLE	2	394	415	7	3.051e-04	{E}
sp|P09053|AVTA_ECOLI	SINGLE	3	132	395	24	8.650e-04	{P}
sp|P09053|AVTA_ECOLI	MULTIPLE	1	183	350	38	3.167e-07	{IP}
sp|P09053|AVTA_ECOLI	WHOLE	1	1	417	35	8.224e-04	{I}
sp|P09151|LEU1_ECOLI	SINGLE	1	96	324	27	1.810e-05	{I}
sp|P09151|LEU1_ECOLI	SINGLE	2	62	503	56	1.274e-04	{A}
sp|P09151|LEU1_ECOLI	MULTIPLE	1	61	503	92	7.912e-07	{IA}
sp|P09151|LEU1_ECOLI	WHOLE	1	1	523	61	5.205e-04	{A}
sp|P09184|VSR_ECOLI	SINGLE	1	58	72	5	1.186e-05	{H}
sp|P09184|VSR_ECOLI	SINGLE	2	96	122	7	1.925e-04	{R}
sp|P09378|RHAR_ECOLI	SINGLE	1	211	238	8	1.585e-05	{Q}
sp|P09378|RHAR_ECOLI	SINGLE	2	150	195	12	5.376e-04	{L}
sp|P09549|DEDD_ECOLI	SINGLE	1	99	131	16	2.648e-13	{P}
sp|P09549|DEDD_ECOLI	SINGLE	2	58	92	12	6.881e-06	{A}
sp|P09549|DEDD_ECOLI	SINGLE	3	42	68	7	1.653e-04	{P}
sp|P09549|DEDD_ECOLI	SINGLE	4	108	205	16	2.293e-04	{K}
sp|P09549|DEDD_ECOLI	MULTIPLE	1	39	92	24	5.493e-09	{AP}
sp|P09549|DEDD_ECOLI	WHOLE	1	1	220	31	3.633e-08	{P}
sp|P09551|ARGT_ECOLI	SINGLE	1	33	260	26	2.575e-04	{D}
sp|P09551|ARGT_ECOLI	SINGLE	2	17	235	32	2.669e-04	{A}
sp|P09551|ARGT_ECOLI	MULTIPLE	1	17	254	58	2.005e-06	{DA}
sp|P09833|MODC_ECOLI	SINGLE	1	112	195	23	1.029e-06	{L}
sp|P09833|MODC_ECOLI	SINGLE	2	242	257	4	3.155e-04	{H}
sp|P09833|MODC_ECOLI	SINGLE	3	49	176	15	8.254e-04	{R}
sp|P09833|MODC_ECOLI	MULTIPLE	1	47	202	46	2.750e-07	{LR}
sp|P09833|MODC_ECOLI	WHOLE	1	1	352	54	6.947e-05	{L}
sp|P09836|UHPC_ECOLI	SINGLE	1	119	409	17	1.931e-06	{W}
sp|P09836|UHPC_ECOLI	SINGLE	2	120	439	46	2.777e-05	{A}
sp|P09836|UHPC_ECOLI	SINGLE	3	341	359	6	5.773e-05	{F}
sp|P09836|UHPC_ECOLI	SINGLE	4	60	397	41	7.875e-05	{G}
sp|P09836|UHPC_ECOLI	SINGLE	5	96	110	5	5.275e-04	{I}
sp|P09836|UHPC_ECOLI	SINGLE	6	42	131	11	5.812e-04	{F}
sp|P09836|UHPC_ECOLI	MULTIPLE	1	94	413	120	1.402e-13	{WAFG}
sp|P09836|UHPC_ECOLI	MULTIPLE	2	31	131	22	4.147e-05	{IF}
sp|P09836|UHPC_ECOLI	WHOLE	1	1	439	19	3.178e-05	{W}
sp|P09836|UHPC_ECOLI	WHOLE	2	1	439	57	6.202e-05	{A}
sp|P0A6A6|LEUC_ECOLI	SINGLE	1	132	460	47	2.686e-05	{A}
sp|P0A6A6|LEUC_ECOLI	SINGLE	2	106	231	21	5.705e-05	{G}
sp|P0A6A6|LEUC_ECOLI	SINGLE	3	212	226	4	2.419e-04	{M}
sp|P0A6A6|LEUC_ECOLI	SINGLE	4	13	151	10	7.516e-04	{H}
sp|P0A6A6|LEUC_ECOLI	MULTIPLE	1	111	460	99	1.907e-08	{AGM}
sp|P0A6A6|LEUC_ECOLI	WHOLE	1	1	466	55	6.771e-04	{A}
sp|P0A6C5|ARGA_ECOLI	SINGLE	1	286	347	12	3.555e-05	{I}
sp|P0A6C5|ARGA_ECOLI	SINGLE	2	15	83	8	1.112e-04	{H}
sp|P0A6C5|ARGA_ECOLI	SINGLE	3	249	327	12	2.789e-04	{R}
sp|P0A6C5|ARGA_ECOLI	MULTIPLE	1	249	347	26	1.419e-06	{IR}
sp|P0A6C5|ARGA_ECOLI	WHOLE	1	1	443	37	6.734e-04	{I}
sp|P0A6E9|BIOD2_ECOLI	SINGLE	1	106	142	9	3.882e-04	{V}
sp|P0A6I3|COAA_ECOLI	SINGLE	1	181	234	10	5.452e-04	{D}
sp|P0A6I3|COAA_ECOLI	SINGLE	2	157	229	13	5.574e-04	{V}
sp|P0A6I3|COAA_ECOLI	MULTIPLE	1	152	234	25	6.677e-06	{DV}
sp|P0A6I9|COAE_ECOLI	SINGLE	1	88	102	6	2.215e-05	{Q}
sp|P0A6I9|COAE_ECOLI	SINGLE	2	157	197	12	3.991e-05	{A}
sp|P0A6I9|COAE_ECOLI	SINGLE	3	19	61	12	6.582e-05	{A}
sp|P0A6I9|COAE_ECOLI	SINGLE	4	108	132	8	1.088e-04	{V}
sp|P0A6I9|COAE_ECOLI	WHOLE	1	1	206	30	4.142e-04	{A}
sp|P0A6J8|DDLA_ECOLI	SINGLE	1	266	299	9	7.625e-04	{A}
sp|P0A6L9|HSCB_ECOLI	SINGLE	1	14	59	11	2.843e-06	{Q}
sp|P0A6L9|HSCB_ECOLI	SINGLE	2	94	115	8	3.977e-05	{E}
sp|P0A6L9|HSCB_ECOLI	WHOLE	1	1	171	17	8.178e-04	{Q}
sp|P0A6S3|FLGI_ECOLI	SINGLE	1	18	320	31	6.639e-06	{Q}
sp|P0A6S3|FLGI_ECOLI	SINGLE	2	48	77	10	7.012e-06	{T}
sp|P0A6S3|FLGI_ECOLI	SINGLE	3	30	182	25	1.777e-05	{G}
sp|P0A6S3|FLGI_ECOLI	SINGLE	4	84	332	33	4.805e-05	{V}
sp|P0A6S3|FLGI_ECOLI	SINGLE	5	313	327	6	3.585e-04	{S}
sp|P0A6S3|FLGI_ECOLI	SINGLE	6	158	289	15	4.093e-04	{N}
sp|P0A6S3|FLGI_ECOLI	MULTIPLE	1	26	332	183	1.640e-18	{QTGVSN}
sp|P0A6S3|FLGI_ECOLI	WHOLE	1	1	365	33	3.899e-05	{Q}
sp|P0A6S3|FLGI_ECOLI	WHOLE	2	1	365	39	7.633e-04	{V}
sp|P0A6T9|GCSH_ECOLI	SINGLE	1	41	81	9	8.358e-04	{V}
sp|P0A6U8|GLGA_ECOLI	SINGLE	1	307	327	9	4.358e-05	{L}
sp|P0A6U8|GLGA_ECOLI	SINGLE	2	66	207	12	5.711e-05	{H}
sp|P0A6U8|GLGA_ECOLI	SINGLE	3	316	400	16	9.652e-05	{G}
sp|P0A6U8|GLGA_ECOLI	SINGLE	4	433	453	6	3.138e-04	{R}
sp|P0A6U8|GLGA_ECOLI	SINGLE	5	135	154	7	4.883e-04	{A}
sp|P0A6U8|GLGA_ECOLI	MULTIPLE	1	306	401	35	4.929e-07	{LG}
sp|P0A6U8|GLGA_ECOLI	MULTIPLE	2	134	149	9	5.562e-06	{HA}
sp|P0A6V8|GLK_ECOLI	SINGLE	1	237	287	10	2.080e-05	{F}
sp|P0A6V8|GLK_ECOLI	SINGLE	2	242	263	8	4.570e-05	{G}
sp|P0A6V8|GLK_ECOLI	SINGLE	3	120	159	10	1.776e-04	{G}
sp|P0A6V8|GLK_ECOLI	MULTIPLE	1	242	287	19	5.578e-08	{FG}
sp|P0A6W9|GSH1_ECOLI	SINGLE	1	477	508	11	2.753e-06	{E}
sp|P0A6W9|GSH1_ECOLI	SINGLE	2	79	104	5	2.039e-04	{M}
sp|P0A6W9|GSH1_ECOLI	SINGLE	3	107	274	16	4.447e-04	{Y}
sp|P0A6Z1|HSCA_ECOLI	SINGLE	1	13	597	84	3.617e-08	{A}
sp|P0A6Z1|HSCA_ECOLI	SINGLE	2	194	238	11	1.072e-04	{G}
sp|P0A6Z1|HSCA_ECOLI	SINGLE	3	324	348	8	1.088e-04	{V}
sp|P0A6Z1|HSCA_ECOLI	SINGLE	4	233	282	10	2.943e-04	{D}
sp|P0A6Z1|HSCA_ECOLI	SINGLE	5	47	64	4	5.076e-04	{H}
sp|P0A6Z1|HSCA_ECOLI	MULTIPLE	1	13	607	183	9.797e-11	{AVD}
sp|P0A6Z1|HSCA_ECOLI	WHOLE	1	1	616	86	8.604e-08	{A}
sp|P0A752|NADD_ECOLI	SINGLE	1	14	201	20	3.466e-04	{P}
sp|P0A766|RSXA_ECOLI	SINGLE	1	5	135	28	1.309e-05	{L}
sp|P0A766|RSXA_ECOLI	SINGLE	2	80	98	7	1.092e-04	{V}
sp|P0A766|RSXA_ECOLI	SINGLE	3	54	81	7	2.899e-04	{I}
sp|P0A766|RSXA_ECOLI	SINGLE	4	134	183	12	2.942e-04	{A}
sp|P0A766|RSXA_ECOLI	MULTIPLE	1	5	131	53	3.665e-08	{LVI}
sp|P0A766|RSXA_ECOLI	WHOLE	1	1	193	36	2.053e-05	{L}
sp|P0A780|NUSB_ECOLI	SINGLE	1	46	92	12	6.556e-04	{L}
sp|P0A7A5|PIMT_ECOLI	SINGLE	1	7	137	16	1.301e-04	{Q}
sp|P0A7H3|RECO_ECOLI	SINGLE	1	46	142	22	3.953e-05	{L}
sp|P0A7H3|RECO_ECOLI	SINGLE	2	6	235	23	4.452e-04	{R}
sp|P0A7H3|RECO_ECOLI	MULTIPLE	1	6	229	55	9.398e-06	{LR}
sp|P0A7H3|RECO_ECOLI	WHOLE	1	1	242	23	8.427e-04	{R}
sp|P0A7I0|RF1_ECOLI	SINGLE	1	20	97	13	2.334e-05	{Q}
sp|P0A7I0|RF1_ECOLI	SINGLE	2	34	328	31	2.527e-05	{R}
sp|P0A7I0|RF1_ECOLI	SINGLE	3	10	161	23	8.714e-05	{E}
sp|P0A7I0|RF1_ECOLI	SINGLE	4	63	77	4	2.419e-04	{M}
sp|P0A7I0|RF1_ECOLI	SINGLE	5	268	291	8	2.843e-04	{A}
sp|P0A7I0|RF1_ECOLI	SINGLE	6	154	181	8	2.943e-04	{G}
sp|P0A7I0|RF1_ECOLI	MULTIPLE	1	10	316	115	1.394e-08	{QREA}
sp|P0A7I0|RF1_ECOLI	WHOLE	1	1	360	32	3.495e-04	{R}
sp|P0A7Q1|RL35_ECOLI	SINGLE	1	3	52	14	1.119e-06	{K}
sp|P0A7Q1|RL35_ECOLI	WHOLE	1	1	65	14	2.794e-05	{K}
sp|P0A7Y8|RNPA_ECOLI	SINGLE	1	57	76	8	1.937e-06	{R}
sp|P0A7Y8|RNPA_ECOLI	SINGLE	2	17	32	5	4.085e-04	{Q}
sp|P0A7Y8|RNPA_ECOLI	WHOLE	1	1	119	18	1.145e-05	{R}
sp|P0A805|RRF_ECOLI	SINGLE	1	134	165	9	3.821e-05	{D}
sp|P0A805|RRF_ECOLI	SINGLE	2	109	133	7	1.149e-04	{R}
sp|P0A805|RRF_ECOLI	SINGLE	3	166	180	6	5.574e-04	{A}
sp|P0A843|TATE_ECOLI	SINGLE	1	34	60	8	6.718e-04	{A}
sp|P0A843|TATE_ECOLI	SINGLE	2	43	57	5	9.005e-04	{D}
sp|P0A843|TATE_ECOLI	MULTIPLE	1	31	60	14	8.759e-06	{AD}
sp|P0A877|TRPA_ECOLI	SINGLE	1	43	265	38	3.082e-06	{A}
sp|P0A877|TRPA_ECOLI	SINGLE	2	119	133	6	2.045e-04	{V}
sp|P0A877|TRPA_ECOLI	SINGLE	3	224	245	6	4.771e-04	{I}
sp|P0A877|TRPA_ECOLI	MULTIPLE	1	36	265	57	3.187e-07	{AI}
sp|P0A877|TRPA_ECOLI	WHOLE	1	1	268	40	3.722e-05	{A}
sp|P0A881|TRPR_ECOLI	SINGLE	1	25	43	8	1.342e-04	{L}
sp|P0A8A4|PSRP_ECOLI	SINGLE	1	213	234	7	4.726e-05	{R}
sp|P0A8A4|PSRP_ECOLI	SINGLE	2	12	269	25	6.077e-04	{I}
sp|P0A8A8|RIMP_ECOLI	SINGLE	1	48	135	16	1.143e-04	{V}
sp|P0A8A8|RIMP_ECOLI	SINGLE	2	41	66	7	3.644e-04	{D}
sp|P0A8A8|RIMP_ECOLI	MULTIPLE	1	41	135	26	2.710e-05	{VD}
sp|P0A8F4|URK_ECOLI	SINGLE	1	189	208	6	2.742e-04	{I}
sp|P0A8F4|URK_ECOLI	SINGLE	2	145	159	5	4.635e-04	{R}
sp|P0A8H8|YACG_ECOLI	SINGLE	1	9	32	4	5.044e-04	{C}
sp|P0A8P1|LFTR_ECOLI	SINGLE	1	49	68	4	1.878e-04	{W}
sp|P0A8P1|LFTR_ECOLI	SINGLE	2	14	69	10	1.947e-04	{P}
sp|P0A8P1|LFTR_ECOLI	SINGLE	3	116	130	4	2.419e-04	{H}
sp|P0A8P1|LFTR_ECOLI	MULTIPLE	1	14	69	14	4.552e-06	{WP}
sp|P0A8R9|HDFR_ECOLI	SINGLE	1	106	141	8	1.083e-04	{Q}
sp|P0A8R9|HDFR_ECOLI	SINGLE	2	5	275	43	1.564e-04	{L}
sp|P0A8R9|HDFR_ECOLI	SINGLE	3	14	56	8	7.210e-04	{R}
sp|P0A8R9|HDFR_ECOLI	MULTIPLE	1	104	193	28	8.954e-06	{QL}
sp|P0A8R9|HDFR_ECOLI	WHOLE	1	1	279	43	2.806e-04	{L}
sp|P0A8U6|METJ_ECOLI	SINGLE	1	17	35	6	6.596e-04	{K}
sp|P0A8U6|METJ_ECOLI	SINGLE	2	80	104	7	7.029e-04	{E}
sp|P0A8W2|SLYA_ECOLI	SINGLE	1	40	138	14	2.589e-04	{I}
sp|P0A8W2|SLYA_ECOLI	SINGLE	2	94	139	10	4.883e-04	{E}
sp|P0A8W2|SLYA_ECOLI	SINGLE	3	22	41	4	7.691e-04	{H}
sp|P0A8W2|SLYA_ECOLI	SINGLE	4	31	79	8	9.076e-04	{Q}
sp|P0A8W2|SLYA_ECOLI	MULTIPLE	1	40	139	35	1.296e-06	{IEQ}
sp|P0A8Z3|YBGC_ECOLI	SINGLE	1	13	32	5	6.634e-04	{Y}
sp|P0A8Z3|YBGC_ECOLI	SINGLE	2	25	44	4	7.691e-04	{H}
sp|P0A8Z3|YBGC_ECOLI	MULTIPLE	1	13	44	9	6.395e-05	{YH}
sp|P0A908|MIPA_ECOLI	SINGLE	1	39	219	21	4.098e-06	{Y}
sp|P0A908|MIPA_ECOLI	SINGLE	2	10	67	11	9.857e-04	{G}
sp|P0A908|MIPA_ECOLI	MULTIPLE	1	18	219	45	4.336e-07	{YG}
sp|P0A908|MIPA_ECOLI	WHOLE	1	1	248	22	1.312e-04	{Y}
sp|P0A927|TSX_ECOLI	SINGLE	1	34	284	14	2.366e-05	{W}
sp|P0A927|TSX_ECOLI	SINGLE	2	128	278	18	6.816e-05	{N}
sp|P0A927|TSX_ECOLI	SINGLE	3	64	126	10	1.289e-04	{F}
sp|P0A927|TSX_ECOLI	SINGLE	4	74	291	28	3.529e-04	{G}
sp|P0A927|TSX_ECOLI	SINGLE	5	30	292	21	6.592e-04	{Y}
sp|P0A927|TSX_ECOLI	MULTIPLE	1	18	294	110	3.995e-14	{WNFGY}
sp|P0A927|TSX_ECOLI	WHOLE	1	1	294	14	1.199e-04	{W}
sp|P0A927|TSX_ECOLI	WHOLE	2	1	294	26	2.793e-04	{N}
sp|P0A996|GLPC_ECOLI	SINGLE	1	9	66	8	3.675e-06	{C}
sp|P0A996|GLPC_ECOLI	SINGLE	2	263	325	15	3.402e-04	{L}
sp|P0A996|GLPC_ECOLI	WHOLE	1	1	396	18	6.427e-05	{C}
sp|P0A9C3|GALM_ECOLI	SINGLE	1	314	331	6	1.085e-04	{P}
sp|P0A9C3|GALM_ECOLI	SINGLE	2	111	255	19	2.965e-04	{D}
sp|P0A9D4|CYSE_ECOLI	SINGLE	1	183	223	13	1.235e-06	{G}
sp|P0A9D4|CYSE_ECOLI	SINGLE	2	15	94	17	9.468e-05	{A}
sp|P0A9D4|CYSE_ECOLI	SINGLE	3	229	252	6	5.903e-04	{P}
sp|P0A9D4|CYSE_ECOLI	SINGLE	4	57	220	18	8.059e-04	{I}
sp|P0A9D4|CYSE_ECOLI	MULTIPLE	1	8	222	49	1.913e-05	{AI}
sp|P0A9E2|SOXS_ECOLI	SINGLE	1	40	106	13	1.252e-05	{R}
sp|P0A9E2|SOXS_ECOLI	SINGLE	2	6	24	6	2.019e-04	{I}
sp|P0A9F1|MNTR_ECOLI	SINGLE	1	20	140	19	2.033e-04	{E}
sp|P0A9F1|MNTR_ECOLI	SINGLE	2	3	128	15	7.101e-04	{R}
sp|P0A9F1|MNTR_ECOLI	MULTIPLE	1	20	140	32	2.116e-06	{ER}
sp|P0A9F3|CYSB_ECOLI	SINGLE	1	229	259	8	5.305e-04	{V}
sp|P0A9F9|METR_ECOLI	SINGLE	1	28	136	18	8.513e-07	{Q}
sp|P0A9F9|METR_ECOLI	SINGLE	2	7	264	40	3.816e-04	{L}
sp|P0A9F9|METR_ECOLI	SINGLE	3	10	24	6	5.574e-04	{A}
sp|P0A9H1|MUG_ECOLI	SINGLE	1	43	134	14	3.250e-05	{Q}
sp|P0A9H5|BTUR_ECOLI	SINGLE	1	7	25	6	1.006e-04	{Q}
sp|P0A9H5|BTUR_ECOLI	SINGLE	2	29	72	10	3.952e-04	{G}
sp|P0A9I1|CITE_ECOLI	SINGLE	1	23	265	36	9.598e-05	{A}
sp|P0A9I1|CITE_ECOLI	SINGLE	2	9	300	28	2.441e-04	{R}
sp|P0A9I1|CITE_ECOLI	MULTIPLE	1	4	300	67	8.212e-07	{AR}
sp|P0A9I1|CITE_ECOLI	WHOLE	1	1	302	28	4.012e-04	{R}
sp|P0A9I1|CITE_ECOLI	WHOLE	2	1	302	39	7.070e-04	{A}
sp|P0A9I5|NAPD_ECOLI	SINGLE	1	34	75	10	2.278e-04	{V}
sp|P0A9I5|NAPD_ECOLI	SINGLE	2	49	85	9	3.925e-04	{E}
sp|P0A9I5|NAPD_ECOLI	MULTIPLE	1	33	85	20	3.838e-06	{VE}
sp|P0A9L8|P5CR_ECOLI	SINGLE	1	43	212	31	5.731e-06	{A}
sp|P0A9L8|P5CR_ECOLI	SINGLE	2	6	30	8	1.258e-04	{G}
sp|P0A9L8|P5CR_ECOLI	SINGLE	3	164	260	9	2.286e-04	{M}
sp|P0A9L8|P5CR_ECOLI	SINGLE	4	5	116	15	2.874e-04	{I}
sp|P0A9L8|P5CR_ECOLI	MULTIPLE	1	1	260	73	2.365e-08	{AMI}
sp|P0A9L8|P5CR_ECOLI	WHOLE	1	1	269	38	1.636e-04	{A}
sp|P0A9P9|IDNO_ECOLI	SINGLE	1	12	96	13	1.972e-04	{I}
sp|P0A9P9|IDNO_ECOLI	SINGLE	2	16	33	6	6.921e-04	{G}
sp|P0A9P9|IDNO_ECOLI	MULTIPLE	1	9	96	23	8.306e-05	{IG}
sp|P0A9S3|GATD_ECOLI	SINGLE	1	83	103	5	1.648e-05	{C}
sp|P0A9S3|GATD_ECOLI	SINGLE	2	137	193	10	3.402e-04	{I}
sp|P0A9U1|YBHF_ECOLI	SINGLE	1	33	434	51	4.230e-06	{G}
sp|P0A9U1|YBHF_ECOLI	SINGLE	2	49	252	37	2.936e-05	{L}
sp|P0A9U1|YBHF_ECOLI	MULTIPLE	1	33	434	108	6.126e-09	{GL}
sp|P0A9U1|YBHF_ECOLI	WHOLE	1	1	578	60	1.897e-04	{G}
sp|P0A9U1|YBHF_ECOLI	WHOLE	2	1	578	74	8.621e-04	{L}
sp|P0A9U3|YBIT_ECOLI	SINGLE	1	25	49	9	1.687e-05	{G}
sp|P0A9U3|YBIT_ECOLI	SINGLE	2	447	479	6	6.556e-05	{M}
sp|P0A9U3|YBIT_ECOLI	SINGLE	3	334	369	11	2.151e-04	{L}
sp|P0A9U3|YBIT_ECOLI	SINGLE	4	243	286	11	3.565e-04	{A}
sp|P0A9U3|YBIT_ECOLI	SINGLE	5	77	137	12	3.680e-04	{E}
sp|P0A9X1|ZNUC_ECOLI	SINGLE	1	179	236	10	4.392e-07	{H}
sp|P0A9X1|ZNUC_ECOLI	SINGLE	2	20	194	36	2.332e-06	{L}
sp|P0A9X1|ZNUC_ECOLI	SINGLE	3	229	250	6	4.110e-04	{R}
sp|P0A9X1|ZNUC_ECOLI	WHOLE	1	1	251	42	6.002e-05	{L}
sp|P0AA39|RLUC_ECOLI	SINGLE	1	21	319	33	5.533e-06	{R}
sp|P0AA39|RLUC_ECOLI	SINGLE	2	57	79	7	4.101e-04	{E}
sp|P0AA39|RLUC_ECOLI	SINGLE	3	110	126	6	4.943e-04	{G}
sp|P0AA39|RLUC_ECOLI	WHOLE	1	1	319	33	1.975e-05	{R}
sp|P0AA53|QMCA_ECOLI	SINGLE	1	3	208	26	7.966e-06	{I}
sp|P0AA53|QMCA_ECOLI	SINGLE	2	174	262	19	3.672e-05	{A}
sp|P0AA53|QMCA_ECOLI	SINGLE	3	188	232	11	9.038e-05	{E}
sp|P0AA53|QMCA_ECOLI	SINGLE	4	268	287	7	2.968e-04	{S}
sp|P0AA53|QMCA_ECOLI	MULTIPLE	1	188	244	25	5.748e-08	{AE}
sp|P0AA53|QMCA_ECOLI	WHOLE	1	1	305	31	7.502e-05	{I}
sp|P0AA57|YOBA_ECOLI	SINGLE	1	2	47	12	1.307e-04	{A}
sp|P0AA60|YGHB_ECOLI	SINGLE	1	36	208	35	4.584e-06	{L}
sp|P0AA60|YGHB_ECOLI	SINGLE	2	2	79	15	6.625e-04	{A}
sp|P0AA60|YGHB_ECOLI	MULTIPLE	1	9	208	61	1.124e-06	{LA}
sp|P0AA60|YGHB_ECOLI	WHOLE	1	1	219	37	1.225e-04	{L}
sp|P0AA63|YQJA_ECOLI	SINGLE	1	3	211	48	1.745e-09	{L}
sp|P0AA63|YQJA_ECOLI	SINGLE	2	105	121	7	3.651e-08	{H}
sp|P0AA63|YQJA_ECOLI	MULTIPLE	1	3	211	55	1.306e-09	{LH}
sp|P0AA63|YQJA_ECOLI	WHOLE	1	1	220	48	9.743e-09	{L}
sp|P0AA67|RHTA_ECOLI	SINGLE	1	5	269	51	2.198e-07	{L}
sp|P0AA67|RHTA_ECOLI	SINGLE	2	151	275	25	8.444e-06	{A}
sp|P0AA67|RHTA_ECOLI	MULTIPLE	1	12	275	89	2.476e-11	{LA}
sp|P0AA67|RHTA_ECOLI	WHOLE	1	1	295	53	1.113e-06	{L}
sp|P0AA67|RHTA_ECOLI	WHOLE	2	1	295	39	4.716e-04	{A}
sp|P0AA80|GARP_ECOLI	SINGLE	1	59	273	28	2.326e-08	{F}
sp|P0AA80|GARP_ECOLI	SINGLE	2	380	434	12	1.368e-04	{V}
sp|P0AA80|GARP_ECOLI	SINGLE	3	64	195	9	1.452e-04	{W}
sp|P0AA80|GARP_ECOLI	SINGLE	4	313	356	12	3.534e-04	{L}
sp|P0AA80|GARP_ECOLI	SINGLE	5	105	121	4	4.036e-04	{M}
sp|P0AA80|GARP_ECOLI	SINGLE	6	282	391	17	6.052e-04	{G}
sp|P0AA80|GARP_ECOLI	MULTIPLE	1	55	273	50	1.261e-12	{FWM}
sp|P0AA80|GARP_ECOLI	MULTIPLE	2	278	435	41	6.816e-06	{VG}
sp|P0AA80|GARP_ECOLI	WHOLE	1	1	444	39	1.866e-06	{F}
sp|P0AA86|DSBE_ECOLI	SINGLE	1	14	28	6	5.574e-04	{A}
sp|P0AA86|DSBE_ECOLI	SINGLE	2	130	153	7	6.071e-04	{G}
sp|P0AAA7|WZXE_ECOLI	SINGLE	1	3	411	70	1.885e-07	{L}
sp|P0AAA7|WZXE_ECOLI	SINGLE	2	4	396	54	2.232e-05	{A}
sp|P0AAA7|WZXE_ECOLI	SINGLE	3	19	178	25	3.700e-05	{G}
sp|P0AAA7|WZXE_ECOLI	MULTIPLE	1	3	411	160	1.415e-12	{LAG}
sp|P0AAA7|WZXE_ECOLI	WHOLE	1	1	416	70	3.523e-07	{L}
sp|P0AAA7|WZXE_ECOLI	WHOLE	2	1	416	55	5.135e-05	{A}
sp|P0AAC0|USPE_ECOLI	SINGLE	1	73	260	12	6.783e-04	{H}
sp|P0AAD2|MTR_ECOLI	SINGLE	1	48	410	57	2.509e-05	{L}
sp|P0AAD2|MTR_ECOLI	SINGLE	2	347	369	9	2.916e-05	{A}
sp|P0AAD2|MTR_ECOLI	SINGLE	3	30	407	31	6.093e-05	{F}
sp|P0AAD2|MTR_ECOLI	SINGLE	4	14	28	6	2.293e-04	{G}
sp|P0AAD2|MTR_ECOLI	SINGLE	5	19	113	13	5.614e-04	{I}
sp|P0AAD2|MTR_ECOLI	SINGLE	6	29	61	5	6.305e-04	{M}
sp|P0AAD2|MTR_ECOLI	MULTIPLE	1	19	410	172	8.661e-12	{LAFIM}
sp|P0AAD2|MTR_ECOLI	WHOLE	1	1	414	61	8.051e-05	{L}
sp|P0AAD2|MTR_ECOLI	WHOLE	2	1	414	31	2.724e-04	{F}
sp|P0AAD4|TYRP_ECOLI	SINGLE	1	37	355	61	2.171e-08	{L}
sp|P0AAD4|TYRP_ECOLI	SINGLE	2	127	333	20	1.334e-04	{F}
sp|P0AAD4|TYRP_ECOLI	SINGLE	3	250	348	18	4.230e-04	{A}
sp|P0AAD4|TYRP_ECOLI	SINGLE	4	7	403	43	5.241e-04	{G}
sp|P0AAD4|TYRP_ECOLI	SINGLE	5	124	162	9	5.782e-04	{V}
sp|P0AAD4|TYRP_ECOLI	SINGLE	6	154	240	12	8.243e-04	{I}
sp|P0AAD4|TYRP_ECOLI	MULTIPLE	1	6	399	245	8.260e-21	{LFAGVI}
sp|P0AAD4|TYRP_ECOLI	WHOLE	1	1	403	69	2.237e-07	{L}
sp|P0AAD4|TYRP_ECOLI	WHOLE	2	1	403	43	6.881e-04	{G}
sp|P0AAF3|ARAG_ECOLI	SINGLE	1	86	442	36	2.673e-05	{I}
sp|P0AAF3|ARAG_ECOLI	SINGLE	2	282	311	9	8.387e-05	{G}
sp|P0AAF3|ARAG_ECOLI	SINGLE	3	354	404	9	2.454e-04	{N}
sp|P0AAF3|ARAG_ECOLI	MULTIPLE	1	83	442	70	4.755e-06	{IG}
sp|P0AAF3|ARAG_ECOLI	WHOLE	1	1	504	42	3.532e-04	{I}
sp|P0AAF6|ARTP_ECOLI	SINGLE	1	18	164	27	2.331e-04	{L}
sp|P0AAF6|ARTP_ECOLI	SINGLE	2	176	196	6	3.649e-04	{I}
sp|P0AAG5|MDLB_ECOLI	SINGLE	1	94	196	22	4.910e-07	{V}
sp|P0AAG5|MDLB_ECOLI	SINGLE	2	245	270	12	9.194e-07	{L}
sp|P0AAG5|MDLB_ECOLI	SINGLE	3	551	575	8	6.296e-06	{Q}
sp|P0AAG5|MDLB_ECOLI	SINGLE	4	156	242	9	1.023e-04	{M}
sp|P0AAG5|MDLB_ECOLI	SINGLE	5	28	93	15	1.084e-04	{A}
sp|P0AAG5|MDLB_ECOLI	SINGLE	6	187	253	11	2.505e-04	{R}
sp|P0AAG5|MDLB_ECOLI	SINGLE	7	304	337	7	4.647e-04	{Q}
sp|P0AAG5|MDLB_ECOLI	MULTIPLE	1	121	246	42	7.135e-09	{VMR}
sp|P0AAG5|MDLB_ECOLI	WHOLE	1	1	593	84	2.259e-05	{L}
sp|P0AAG5|MDLB_ECOLI	WHOLE	2	1	593	58	5.346e-04	{V}
sp|P0AAG8|MGLA_ECOLI	SINGLE	1	133	498	44	4.108e-08	{I}
sp|P0AAG8|MGLA_ECOLI	SINGLE	2	328	379	10	5.499e-05	{N}
sp|P0AAG8|MGLA_ECOLI	SINGLE	3	92	245	12	1.205e-04	{M}
sp|P0AAG8|MGLA_ECOLI	SINGLE	4	122	142	6	6.796e-04	{D}
sp|P0AAG8|MGLA_ECOLI	MULTIPLE	1	90	498	62	1.029e-08	{IM}
sp|P0AAG8|MGLA_ECOLI	WHOLE	1	1	506	50	1.850e-06	{I}
sp|P0AAH8|SAPF_ECOLI	SINGLE	1	134	224	9	1.430e-04	{M}
sp|P0AAH8|SAPF_ECOLI	SINGLE	2	86	168	12	4.327e-04	{R}
sp|P0AAH8|SAPF_ECOLI	SINGLE	3	9	24	5	6.419e-04	{R}
sp|P0AAH8|SAPF_ECOLI	MULTIPLE	1	86	232	24	5.477e-05	{MR}
sp|P0AAI9|FABD_ECOLI	SINGLE	1	20	223	43	1.617e-09	{A}
sp|P0AAI9|FABD_ECOLI	SINGLE	2	155	289	21	1.126e-04	{V}
sp|P0AAI9|FABD_ECOLI	SINGLE	3	49	80	7	3.177e-04	{Q}
sp|P0AAI9|FABD_ECOLI	MULTIPLE	1	20	280	75	8.803e-10	{AV}
sp|P0AAI9|FABD_ECOLI	WHOLE	1	1	309	54	1.611e-08	{A}
sp|P0AAJ8|HYBA_ECOLI	SINGLE	1	47	197	16	3.204e-09	{C}
sp|P0AAJ8|HYBA_ECOLI	SINGLE	2	226	251	6	3.065e-04	{Y}
sp|P0AAJ8|HYBA_ECOLI	SINGLE	3	61	103	8	3.694e-04	{N}
sp|P0AAJ8|HYBA_ECOLI	SINGLE	4	9	28	7	4.883e-04	{A}
sp|P0AAJ8|HYBA_ECOLI	SINGLE	5	262	310	12	9.543e-04	{L}
sp|P0AAJ8|HYBA_ECOLI	WHOLE	1	1	328	17	2.125e-05	{C}
sp|P0AAK1|HYCB_ECOLI	SINGLE	1	12	159	16	2.397e-09	{C}
sp|P0AAK1|HYCB_ECOLI	SINGLE	2	104	123	8	1.605e-06	{P}
sp|P0AAK1|HYCB_ECOLI	SINGLE	3	109	124	6	8.219e-04	{A}
sp|P0AAK1|HYCB_ECOLI	MULTIPLE	1	12	160	32	6.084e-10	{CP}
sp|P0AAK1|HYCB_ECOLI	WHOLE	1	1	203	16	1.956e-07	{C}
sp|P0AAL0|NAPF_ECOLI	SINGLE	1	37	151	16	5.595e-11	{C}
sp|P0AAL0|NAPF_ECOLI	SINGLE	2	45	67	6	3.060e-04	{N}
sp|P0AAL0|NAPF_ECOLI	SINGLE	3	7	23	5	8.659e-04	{R}
sp|P0AAL0|NAPF_ECOLI	WHOLE	1	1	164	16	1.041e-08	{C}
sp|P0AAL3|NAPG_ECOLI	SINGLE	1	61	196	16	6.962e-10	{C}
sp|P0AAL3|NAPG_ECOLI	SINGLE	2	3	20	6	1.244e-04	{R}
sp|P0AAL3|NAPG_ECOLI	SINGLE	3	22	94	15	3.315e-04	{A}
sp|P0AAL3|NAPG_ECOLI	WHOLE	1	1	231	16	1.062e-06	{C}
sp|P0AAN9|IRAP_ECOLI	SINGLE	1	16	30	6	2.062e-04	{E}
sp|P0AAN9|IRAP_ECOLI	SINGLE	2	61	75	5	9.005e-04	{D}
sp|P0AAP1|DGCC_ECOLI	SINGLE	1	68	85	6	1.696e-07	{W}
sp|P0AAP1|DGCC_ECOLI	SINGLE	2	111	135	6	1.250e-05	{M}
sp|P0AAP1|DGCC_ECOLI	SINGLE	3	31	45	6	3.887e-05	{R}
sp|P0AAP1|DGCC_ECOLI	SINGLE	4	204	240	9	4.178e-05	{R}
sp|P0AAP1|DGCC_ECOLI	SINGLE	5	121	187	15	6.548e-04	{L}
sp|P0AAP1|DGCC_ECOLI	SINGLE	6	72	165	15	7.062e-04	{V}
sp|P0AAP1|DGCC_ECOLI	SINGLE	7	22	66	8	8.310e-04	{P}
sp|P0AAP1|DGCC_ECOLI	MULTIPLE	1	107	152	16	6.653e-07	{MV}
sp|P0AAP1|DGCC_ECOLI	MULTIPLE	2	22	66	14	3.523e-05	{RP}
sp|P0AAS3|YBBJ_ECOLI	SINGLE	1	47	74	7	1.409e-07	{W}
sp|P0AAS3|YBBJ_ECOLI	SINGLE	2	14	75	16	8.497e-05	{L}
sp|P0AAS3|YBBJ_ECOLI	SINGLE	3	77	115	8	3.723e-04	{R}
sp|P0AAS3|YBBJ_ECOLI	MULTIPLE	1	13	75	25	1.765e-09	{WL}
sp|P0AAS3|YBBJ_ECOLI	WHOLE	1	1	152	10	8.576e-05	{W}
sp|P0AAS5|ALLH_ECOLI	SINGLE	1	46	70	8	1.258e-04	{G}
sp|P0AAS5|ALLH_ECOLI	SINGLE	2	103	254	25	2.010e-04	{A}
sp|P0AAS5|ALLH_ECOLI	SINGLE	3	17	98	12	3.895e-04	{R}
sp|P0AAS5|ALLH_ECOLI	SINGLE	4	7	267	40	4.719e-04	{L}
sp|P0AAS5|ALLH_ECOLI	SINGLE	5	101	134	7	7.165e-04	{P}
sp|P0AAS5|ALLH_ECOLI	MULTIPLE	1	6	271	105	1.311e-07	{GRLP}
sp|P0AAS5|ALLH_ECOLI	WHOLE	1	1	271	40	9.157e-04	{L}
sp|P0AB01|ELYC_ECOLI	SINGLE	1	13	63	17	1.345e-06	{L}
sp|P0AB01|ELYC_ECOLI	SINGLE	2	204	228	7	9.845e-05	{P}
sp|P0AB01|ELYC_ECOLI	SINGLE	3	74	119	8	5.825e-04	{N}
sp|P0AB01|ELYC_ECOLI	SINGLE	4	221	248	4	7.038e-04	{W}
sp|P0AB01|ELYC_ECOLI	MULTIPLE	1	204	248	11	5.663e-05	{PW}
sp|P0AB10|PQIC_ECOLI	SINGLE	1	27	181	17	2.859e-04	{Q}
sp|P0AB10|PQIC_ECOLI	SINGLE	2	30	171	20	5.489e-04	{V}
sp|P0AB10|PQIC_ECOLI	MULTIPLE	1	27	174	36	1.602e-06	{QV}
sp|P0AB18|TUSE_ECOLI	SINGLE	1	5	45	10	1.879e-04	{E}
sp|P0AB24|EFEO_ECOLI	SINGLE	1	119	174	15	1.486e-05	{A}
sp|P0AB24|EFEO_ECOLI	SINGLE	2	9	27	7	3.444e-04	{A}
sp|P0AB24|EFEO_ECOLI	SINGLE	3	192	350	20	3.532e-04	{D}
sp|P0AB24|EFEO_ECOLI	WHOLE	1	1	375	47	4.593e-04	{A}
sp|P0AB67|PNTB_ECOLI	SINGLE	1	367	401	9	8.102e-05	{D}
sp|P0AB67|PNTB_ECOLI	SINGLE	2	57	422	42	1.341e-04	{V}
sp|P0AB67|PNTB_ECOLI	SINGLE	3	11	72	11	1.613e-04	{I}
sp|P0AB67|PNTB_ECOLI	SINGLE	4	3	353	41	1.671e-04	{G}
sp|P0AB67|PNTB_ECOLI	SINGLE	5	287	301	6	2.062e-04	{E}
sp|P0AB67|PNTB_ECOLI	SINGLE	6	8	461	56	2.370e-04	{A}
sp|P0AB67|PNTB_ECOLI	SINGLE	7	155	192	11	3.551e-04	{L}
sp|P0AB67|PNTB_ECOLI	SINGLE	8	41	263	13	9.300e-04	{M}
sp|P0AB67|PNTB_ECOLI	MULTIPLE	1	1	462	255	2.163e-15	{VIGALM}
sp|P0AB67|PNTB_ECOLI	WHOLE	1	1	462	56	3.492e-04	{A}
sp|P0AB67|PNTB_ECOLI	WHOLE	2	1	462	38	7.501e-04	{I}
sp|P0AB93|ARSB_ECOLI	SINGLE	1	68	429	60	3.319e-06	{L}
sp|P0AB93|ARSB_ECOLI	SINGLE	2	103	150	14	9.958e-06	{A}
sp|P0AB93|ARSB_ECOLI	SINGLE	3	9	366	43	4.382e-05	{V}
sp|P0AB93|ARSB_ECOLI	SINGLE	4	17	97	7	1.864e-04	{W}
sp|P0AB93|ARSB_ECOLI	SINGLE	5	7	408	36	2.437e-04	{I}
sp|P0AB93|ARSB_ECOLI	MULTIPLE	1	2	425	215	2.102e-19	{LAVWI}
sp|P0AB93|ARSB_ECOLI	WHOLE	1	1	429	68	3.811e-06	{L}
sp|P0AB93|ARSB_ECOLI	WHOLE	2	1	429	54	1.876e-04	{A}
sp|P0AB93|ARSB_ECOLI	WHOLE	3	1	429	46	2.933e-04	{V}
sp|P0AB93|ARSB_ECOLI	WHOLE	4	1	429	36	7.163e-04	{I}
sp|P0ABA0|ATPF_ECOLI	SINGLE	1	31	144	27	1.276e-07	{A}
sp|P0ABA0|ATPF_ECOLI	SINGLE	2	89	119	9	9.517e-05	{E}
sp|P0ABA0|ATPF_ECOLI	MULTIPLE	1	31	144	44	1.216e-10	{AE}
sp|P0ABA0|ATPF_ECOLI	WHOLE	1	1	156	31	9.432e-07	{A}
sp|P0ABA4|ATPD_ECOLI	SINGLE	1	8	128	24	1.434e-05	{A}
sp|P0ABA4|ATPD_ECOLI	WHOLE	1	1	177	27	3.784e-04	{A}
sp|P0ABA6|ATPG_ECOLI	SINGLE	1	195	217	7	1.612e-04	{D}
sp|P0ABA6|ATPG_ECOLI	SINGLE	2	24	49	5	2.039e-04	{M}
sp|P0ABA6|ATPG_ECOLI	SINGLE	3	236	250	6	5.574e-04	{A}
sp|P0ABC3|HFLC_ECOLI	SINGLE	1	226	272	11	9.064e-06	{R}
sp|P0ABC3|HFLC_ECOLI	SINGLE	2	154	302	27	2.343e-05	{A}
sp|P0ABC3|HFLC_ECOLI	SINGLE	3	5	23	7	1.092e-04	{V}
sp|P0ABC3|HFLC_ECOLI	SINGLE	4	163	278	18	3.332e-04	{E}
sp|P0ABC3|HFLC_ECOLI	SINGLE	5	1	15	5	5.275e-04	{I}
sp|P0ABC3|HFLC_ECOLI	SINGLE	6	121	152	7	5.709e-04	{R}
sp|P0ABC3|HFLC_ECOLI	SINGLE	7	40	172	17	7.486e-04	{D}
sp|P0ABC3|HFLC_ECOLI	SINGLE	8	283	323	7	8.092e-04	{F}
sp|P0ABC3|HFLC_ECOLI	MULTIPLE	1	170	286	52	2.701e-10	{RAE}
sp|P0ABC3|HFLC_ECOLI	MULTIPLE	2	5	23	12	1.061e-07	{VI}
sp|P0ABC3|HFLC_ECOLI	MULTIPLE	3	66	153	23	1.580e-05	{RD}
sp|P0ABC3|HFLC_ECOLI	WHOLE	1	1	334	32	1.015e-04	{R}
sp|P0ABC9|BETT_ECOLI	SINGLE	1	315	330	6	7.541e-08	{W}
sp|P0ABC9|BETT_ECOLI	SINGLE	2	274	491	25	1.290e-06	{F}
sp|P0ABC9|BETT_ECOLI	SINGLE	3	174	247	14	1.101e-05	{I}
sp|P0ABC9|BETT_ECOLI	SINGLE	4	260	290	11	4.910e-05	{L}
sp|P0ABC9|BETT_ECOLI	SINGLE	5	506	541	8	2.122e-04	{R}
sp|P0ABC9|BETT_ECOLI	SINGLE	6	656	670	4	2.419e-04	{H}
sp|P0ABC9|BETT_ECOLI	SINGLE	7	99	159	7	3.105e-04	{M}
sp|P0ABC9|BETT_ECOLI	SINGLE	8	231	245	6	5.574e-04	{A}
sp|P0ABC9|BETT_ECOLI	SINGLE	9	580	605	6	6.261e-04	{Q}
sp|P0ABC9|BETT_ECOLI	SINGLE	10	465	555	8	6.960e-04	{M}
sp|P0ABC9|BETT_ECOLI	SINGLE	11	18	112	11	8.949e-04	{F}
sp|P0ABC9|BETT_ECOLI	MULTIPLE	1	267	535	85	1.055e-09	{WFLM}
sp|P0ABC9|BETT_ECOLI	MULTIPLE	2	174	247	24	6.700e-06	{IA}
sp|P0ABC9|BETT_ECOLI	WHOLE	1	1	677	46	1.257e-04	{F}
sp|P0ABC9|BETT_ECOLI	WHOLE	2	1	677	86	5.134e-04	{L}
sp|P0ABE9|CYNT_ECOLI	SINGLE	1	79	219	26	2.404e-05	{A}
sp|P0ABE9|CYNT_ECOLI	SINGLE	2	96	112	4	1.265e-04	{C}
sp|P0ABE9|CYNT_ECOLI	MULTIPLE	1	79	219	31	4.458e-06	{AC}
sp|P0ABF4|EUTM_ECOLI	SINGLE	1	49	63	9	3.432e-07	{A}
sp|P0ABF8|PGSA_ECOLI	SINGLE	1	30	166	11	6.418e-06	{W}
sp|P0ABF8|PGSA_ECOLI	SINGLE	2	3	65	11	2.527e-05	{F}
sp|P0ABF8|PGSA_ECOLI	SINGLE	3	34	177	26	3.433e-05	{A}
sp|P0ABF8|PGSA_ECOLI	MULTIPLE	1	12	177	49	2.122e-08	{WFA}
sp|P0ABF8|PGSA_ECOLI	WHOLE	1	1	182	11	8.242e-05	{W}
sp|P0ABL1|NRFB_ECOLI	SINGLE	1	49	166	10	1.879e-05	{C}
sp|P0ABL1|NRFB_ECOLI	SINGLE	2	53	145	10	3.143e-05	{H}
sp|P0ABL1|NRFB_ECOLI	SINGLE	3	4	21	7	6.140e-04	{L}
sp|P0ABL1|NRFB_ECOLI	MULTIPLE	1	49	167	21	3.557e-09	{CH}
sp|P0ABL1|NRFB_ECOLI	WHOLE	1	1	188	10	7.423e-04	{C}
sp|P0ABM1|CCMC_ECOLI	SINGLE	1	2	204	16	7.713e-08	{W}
sp|P0ABM1|CCMC_ECOLI	SINGLE	2	63	113	14	2.089e-05	{A}
sp|P0ABM1|CCMC_ECOLI	SINGLE	3	210	227	8	8.554e-05	{L}
sp|P0ABM1|CCMC_ECOLI	SINGLE	4	68	96	5	3.445e-04	{M}
sp|P0ABM1|CCMC_ECOLI	SINGLE	5	220	244	6	8.417e-04	{R}
sp|P0ABM1|CCMC_ECOLI	MULTIPLE	1	63	127	28	1.093e-10	{WAM}
sp|P0ABM1|CCMC_ECOLI	MULTIPLE	2	210	244	16	4.989e-06	{LR}
sp|P0ABM1|CCMC_ECOLI	WHOLE	1	1	245	17	1.886e-07	{W}
sp|P0ABM9|CCMH_ECOLI	SINGLE	1	80	163	18	4.730e-06	{V}
sp|P0ABM9|CCMH_ECOLI	SINGLE	2	167	183	6	5.013e-05	{Q}
sp|P0ABM9|CCMH_ECOLI	SINGLE	3	234	265	10	9.391e-05	{A}
sp|P0ABM9|CCMH_ECOLI	SINGLE	4	22	36	5	2.936e-04	{Q}
sp|P0ABM9|CCMH_ECOLI	SINGLE	5	114	128	5	4.635e-04	{R}
sp|P0ABM9|CCMH_ECOLI	MULTIPLE	1	80	163	25	2.682e-06	{VR}
sp|P0ABQ2|GARR_ECOLI	SINGLE	1	22	288	45	6.024e-07	{A}
sp|P0ABQ2|GARR_ECOLI	SINGLE	2	1	264	15	5.307e-04	{M}
sp|P0ABQ2|GARR_ECOLI	MULTIPLE	1	11	281	58	1.463e-08	{AM}
sp|P0ABQ2|GARR_ECOLI	WHOLE	1	1	294	45	7.422e-06	{A}
sp|P0ABR5|HCAE_ECOLI	SINGLE	1	110	437	14	3.444e-04	{W}
sp|P0ABR5|HCAE_ECOLI	SINGLE	2	109	263	22	3.699e-04	{G}
sp|P0ABR5|HCAE_ECOLI	SINGLE	3	344	364	7	6.750e-04	{A}
sp|P0ABR5|HCAE_ECOLI	MULTIPLE	1	109	437	49	1.560e-05	{WG}
sp|P0ABT5|DUSB_ECOLI	SINGLE	1	120	136	7	4.822e-05	{V}
sp|P0ABT5|DUSB_ECOLI	SINGLE	2	61	237	19	7.689e-04	{I}
sp|P0ABT5|DUSB_ECOLI	SINGLE	3	241	259	7	8.828e-04	{L}
sp|P0ABT8|YIJE_ECOLI	SINGLE	1	44	287	46	1.398e-06	{L}
sp|P0ABT8|YIJE_ECOLI	SINGLE	2	89	264	11	6.168e-05	{W}
sp|P0ABT8|YIJE_ECOLI	SINGLE	3	74	253	29	1.004e-04	{A}
sp|P0ABT8|YIJE_ECOLI	SINGLE	4	28	148	13	6.596e-04	{F}
sp|P0ABT8|YIJE_ECOLI	MULTIPLE	1	38	287	107	4.099e-13	{LWAF}
sp|P0ABT8|YIJE_ECOLI	WHOLE	1	1	301	50	1.741e-05	{L}
sp|P0ABT8|YIJE_ECOLI	WHOLE	2	1	301	13	4.858e-04	{W}
sp|P0ABT8|YIJE_ECOLI	WHOLE	3	1	301	39	6.681e-04	{A}
sp|P0ABU5|ELBB_ECOLI	SINGLE	1	22	139	22	7.857e-05	{A}
sp|P0ABU5|ELBB_ECOLI	WHOLE	1	1	217	30	9.020e-04	{A}
sp|P0AC28|5FCL_ECOLI	SINGLE	1	4	20	6	5.013e-05	{Q}
sp|P0AC28|5FCL_ECOLI	SINGLE	2	41	117	17	3.633e-04	{L}
sp|P0AC28|5FCL_ECOLI	SINGLE	3	17	33	4	4.036e-04	{M}
sp|P0AC28|5FCL_ECOLI	MULTIPLE	1	1	33	11	3.917e-06	{QM}
sp|P0AC51|ZUR_ECOLI	SINGLE	1	88	158	8	1.656e-05	{C}
sp|P0AC51|ZUR_ECOLI	SINGLE	2	77	162	9	9.360e-05	{H}
sp|P0AC51|ZUR_ECOLI	SINGLE	3	24	51	9	5.211e-04	{L}
sp|P0AC51|ZUR_ECOLI	MULTIPLE	1	88	162	16	1.531e-08	{CH}
sp|P0AC86|PHSG_ECOLI	SINGLE	1	698	719	8	3.977e-05	{E}
sp|P0AC86|PHSG_ECOLI	SINGLE	2	120	154	10	5.422e-05	{G}
sp|P0AC86|PHSG_ECOLI	SINGLE	3	42	142	21	1.982e-04	{L}
sp|P0AC86|PHSG_ECOLI	SINGLE	4	301	603	17	2.825e-04	{H}
sp|P0AC86|PHSG_ECOLI	SINGLE	5	549	648	14	2.865e-04	{I}
sp|P0AC86|PHSG_ECOLI	SINGLE	6	50	70	6	3.138e-04	{R}
sp|P0AC86|PHSG_ECOLI	SINGLE	7	421	437	6	4.421e-04	{V}
sp|P0AC86|PHSG_ECOLI	SINGLE	8	389	695	26	5.097e-04	{N}
sp|P0AC86|PHSG_ECOLI	SINGLE	9	736	771	8	5.570e-04	{D}
sp|P0AC86|PHSG_ECOLI	MULTIPLE	1	75	142	26	4.834e-06	{GL}
sp|P0AC86|PHSG_ECOLI	MULTIPLE	2	290	695	111	7.749e-07	{HIVN}
sp|P0AC94|GNTP_ECOLI	SINGLE	1	66	372	42	2.072e-09	{I}
sp|P0AC94|GNTP_ECOLI	SINGLE	2	1	362	23	4.645e-06	{M}
sp|P0AC94|GNTP_ECOLI	SINGLE	3	132	153	9	1.926e-05	{A}
sp|P0AC94|GNTP_ECOLI	SINGLE	4	4	127	25	9.175e-05	{L}
sp|P0AC94|GNTP_ECOLI	SINGLE	5	126	235	15	1.371e-04	{P}
sp|P0AC94|GNTP_ECOLI	SINGLE	6	3	446	48	1.917e-04	{V}
sp|P0AC94|GNTP_ECOLI	MULTIPLE	1	1	447	235	2.972e-22	{IMALV}
sp|P0AC94|GNTP_ECOLI	WHOLE	1	1	447	50	5.266e-08	{I}
sp|P0AC94|GNTP_ECOLI	WHOLE	2	1	447	24	4.122e-05	{M}
sp|P0AC94|GNTP_ECOLI	WHOLE	3	1	447	48	2.209e-04	{V}
sp|P0AC94|GNTP_ECOLI	WHOLE	4	1	447	53	7.406e-04	{A}
sp|P0AC94|GNTP_ECOLI	WHOLE	5	1	447	60	8.004e-04	{L}
sp|P0ACA3|SSPA_ECOLI	SINGLE	1	46	93	9	2.744e-04	{P}
sp|P0ACA7|GSTB_ECOLI	SINGLE	1	70	149	15	8.555e-04	{A}
sp|P0ACI6|ASNC_ECOLI	SINGLE	1	51	150	16	2.347e-05	{I}
sp|P0ACI6|ASNC_ECOLI	WHOLE	1	1	152	19	1.273e-04	{I}
sp|P0ACL5|GLCC_ECOLI	SINGLE	1	146	241	11	7.148e-06	{H}
sp|P0ACL5|GLCC_ECOLI	SINGLE	2	35	76	10	1.945e-05	{R}
sp|P0ACL5|GLCC_ECOLI	SINGLE	3	193	218	6	6.261e-04	{Q}
sp|P0ACL5|GLCC_ECOLI	MULTIPLE	1	146	241	21	6.099e-07	{HQ}
sp|P0ACL5|GLCC_ECOLI	WHOLE	1	1	254	25	3.366e-04	{R}
sp|P0ACL7|LLDR_ECOLI	SINGLE	1	104	120	7	1.565e-04	{A}
sp|P0ACL7|LLDR_ECOLI	SINGLE	2	6	74	11	3.223e-04	{R}
sp|P0ACL7|LLDR_ECOLI	SINGLE	3	151	252	9	3.282e-04	{H}
sp|P0ACM5|GGAR_ECOLI	SINGLE	1	204	227	6	3.999e-04	{Q}
sp|P0ACM5|GGAR_ECOLI	SINGLE	2	105	169	12	6.419e-04	{V}
sp|P0ACM5|GGAR_ECOLI	SINGLE	3	181	197	5	8.659e-04	{R}
sp|P0ACP1|CRA_ECOLI	SINGLE	1	8	333	32	6.656e-05	{R}
sp|P0ACP1|CRA_ECOLI	SINGLE	2	128	143	5	5.733e-04	{P}
sp|P0ACP1|CRA_ECOLI	WHOLE	1	1	334	32	1.015e-04	{R}
sp|P0ACQ0|RBSR_ECOLI	SINGLE	1	305	319	5	2.936e-04	{Q}
sp|P0ACQ0|RBSR_ECOLI	SINGLE	2	31	51	7	6.750e-04	{A}
sp|P0ACQ0|RBSR_ECOLI	SINGLE	3	146	166	6	6.796e-04	{D}
sp|P0ACQ7|TDCA_ECOLI	SINGLE	1	101	123	6	1.831e-04	{F}
sp|P0ACQ7|TDCA_ECOLI	SINGLE	2	182	213	8	4.943e-04	{T}
sp|P0ACQ7|TDCA_ECOLI	SINGLE	3	81	130	6	6.467e-04	{M}
sp|P0ACQ7|TDCA_ECOLI	MULTIPLE	1	81	130	12	2.902e-05	{FM}
sp|P0ACS5|ZNTR_ECOLI	SINGLE	1	6	99	15	7.167e-04	{E}
sp|P0ACS5|ZNTR_ECOLI	SINGLE	2	32	109	11	8.838e-04	{R}
sp|P0ACS5|ZNTR_ECOLI	MULTIPLE	1	3	109	28	1.043e-05	{ER}
sp|P0ACU0|CECR_ECOLI	SINGLE	1	13	94	19	1.129e-05	{A}
sp|P0ACU0|CECR_ECOLI	SINGLE	2	134	170	6	1.260e-04	{H}
sp|P0ACU2|RUTR_ECOLI	SINGLE	1	15	186	26	5.356e-04	{A}
sp|P0ACU2|RUTR_ECOLI	SINGLE	2	41	144	20	7.276e-04	{L}
sp|P0ACU2|RUTR_ECOLI	MULTIPLE	1	15	188	51	2.287e-05	{AL}
sp|P0ACU5|FABR_ECOLI	SINGLE	1	23	219	25	6.640e-06	{R}
sp|P0ACU5|FABR_ECOLI	SINGLE	2	137	187	14	2.089e-05	{A}
sp|P0ACU5|FABR_ECOLI	MULTIPLE	1	23	219	51	2.238e-07	{RA}
sp|P0ACU5|FABR_ECOLI	WHOLE	1	1	234	25	1.036e-04	{R}
sp|P0ACV2|LPXP_ECOLI	SINGLE	1	78	176	12	1.564e-06	{M}
sp|P0ACV2|LPXP_ECOLI	SINGLE	2	15	29	4	5.704e-05	{W}
sp|P0ACV2|LPXP_ECOLI	SINGLE	3	43	183	18	1.027e-04	{R}
sp|P0ACV2|LPXP_ECOLI	MULTIPLE	1	43	183	31	7.092e-09	{MR}
sp|P0ACV2|LPXP_ECOLI	WHOLE	1	1	306	19	3.796e-05	{M}
sp|P0ACV2|LPXP_ECOLI	WHOLE	2	1	306	28	4.853e-04	{R}
sp|P0ACV4|LAPA_ECOLI	SINGLE	1	66	80	5	4.635e-04	{R}
sp|P0ACV4|LAPA_ECOLI	SINGLE	2	4	85	17	7.406e-04	{L}
sp|P0ACV4|LAPA_ECOLI	MULTIPLE	1	4	85	23	4.118e-04	{RL}
sp|P0ACZ8|CUSR_ECOLI	SINGLE	1	3	174	30	2.730e-04	{L}
sp|P0AD03|LETA_ECOLI	SINGLE	1	216	260	12	8.304e-07	{R}
sp|P0AD03|LETA_ECOLI	SINGLE	2	66	414	59	2.160e-06	{L}
sp|P0AD03|LETA_ECOLI	SINGLE	3	274	403	19	1.610e-05	{I}
sp|P0AD03|LETA_ECOLI	SINGLE	4	72	164	9	1.680e-04	{M}
sp|P0AD03|LETA_ECOLI	SINGLE	5	233	266	5	1.828e-04	{C}
sp|P0AD03|LETA_ECOLI	SINGLE	6	31	54	4	5.044e-04	{C}
sp|P0AD03|LETA_ECOLI	MULTIPLE	1	58	414	141	5.040e-13	{RLIMC}
sp|P0AD03|LETA_ECOLI	WHOLE	1	1	427	63	6.176e-05	{L}
sp|P0AD03|LETA_ECOLI	WHOLE	2	1	427	38	1.939e-04	{I}
sp|P0AD42|PGPC_ECOLI	SINGLE	1	27	67	14	8.097e-06	{L}
sp|P0AD42|PGPC_ECOLI	WHOLE	1	1	211	35	2.480e-04	{L}
sp|P0AD96|LIVJ_ECOLI	SINGLE	1	7	329	46	3.445e-05	{A}
sp|P0AD96|LIVJ_ECOLI	WHOLE	1	1	367	49	9.395e-05	{A}
sp|P0ADC3|LOLC_ECOLI	SINGLE	1	319	395	19	4.377e-06	{A}
sp|P0ADC3|LOLC_ECOLI	SINGLE	2	262	315	8	1.925e-05	{M}
sp|P0ADC3|LOLC_ECOLI	SINGLE	3	328	381	14	2.127e-04	{L}
sp|P0ADC3|LOLC_ECOLI	SINGLE	4	85	113	8	3.301e-04	{V}
sp|P0ADC3|LOLC_ECOLI	SINGLE	5	274	375	14	3.486e-04	{I}
sp|P0ADC3|LOLC_ECOLI	SINGLE	6	10	24	5	4.635e-04	{R}
sp|P0ADC3|LOLC_ECOLI	SINGLE	7	222	249	4	7.038e-04	{W}
sp|P0ADC3|LOLC_ECOLI	MULTIPLE	1	269	396	60	2.850e-10	{ALI}
sp|P0ADC3|LOLC_ECOLI	WHOLE	1	1	399	20	3.665e-04	{M}
sp|P0ADC6|LPTG_ECOLI	SINGLE	1	1	140	13	1.096e-05	{M}
sp|P0ADC6|LPTG_ECOLI	SINGLE	2	275	291	4	4.036e-04	{M}
sp|P0ADC6|LPTG_ECOLI	SINGLE	3	73	89	7	4.133e-04	{L}
sp|P0ADC6|LPTG_ECOLI	MULTIPLE	1	20	118	28	2.527e-06	{ML}
sp|P0ADC6|LPTG_ECOLI	WHOLE	1	1	360	19	2.763e-04	{M}
sp|P0ADD2|YJJB_ECOLI	SINGLE	1	1	122	10	2.836e-04	{M}
sp|P0ADD5|YJJP_ECOLI	SINGLE	1	73	95	5	1.114e-04	{H}
sp|P0ADD5|YJJP_ECOLI	SINGLE	2	34	52	7	2.079e-04	{S}
sp|P0ADF6|EDD_ECOLI	SINGLE	1	63	333	18	2.553e-05	{M}
sp|P0ADF6|EDD_ECOLI	SINGLE	2	431	474	11	7.207e-05	{V}
sp|P0ADF6|EDD_ECOLI	SINGLE	3	22	350	44	1.857e-04	{A}
sp|P0ADF6|EDD_ECOLI	SINGLE	4	102	597	53	2.109e-04	{G}
sp|P0ADF6|EDD_ECOLI	SINGLE	5	7	26	6	2.355e-04	{R}
sp|P0ADF6|EDD_ECOLI	MULTIPLE	1	22	598	144	1.035e-07	{MAG}
sp|P0ADF6|EDD_ECOLI	WHOLE	1	1	603	67	9.595e-04	{A}
sp|P0ADN6|LPTM_ECOLI	SINGLE	1	25	41	7	5.840e-06	{P}
sp|P0ADP5|BIOP_ECOLI	SINGLE	1	33	100	18	2.278e-05	{L}
sp|P0ADP5|BIOP_ECOLI	SINGLE	2	175	279	8	1.580e-04	{W}
sp|P0ADP5|BIOP_ECOLI	SINGLE	3	59	73	4	2.419e-04	{M}
sp|P0ADP5|BIOP_ECOLI	SINGLE	4	277	293	5	8.659e-04	{R}
sp|P0ADP5|BIOP_ECOLI	MULTIPLE	1	38	100	21	2.609e-06	{LM}
sp|P0ADP5|BIOP_ECOLI	WHOLE	1	1	299	45	3.439e-04	{L}
sp|P0ADP7|UBIJ_ECOLI	SINGLE	1	110	190	18	3.337e-05	{A}
sp|P0ADQ2|FABY_ECOLI	SINGLE	1	176	201	6	6.261e-04	{Q}
sp|P0ADQ2|FABY_ECOLI	SINGLE	2	145	163	6	6.706e-04	{T}
sp|P0ADR6|RLMM_ECOLI	SINGLE	1	205	297	8	6.899e-05	{W}
sp|P0ADR6|RLMM_ECOLI	SINGLE	2	324	340	5	5.538e-04	{Q}
sp|P0ADV7|MLAC_ECOLI	SINGLE	1	24	203	20	7.903e-05	{Q}
sp|P0ADV7|MLAC_ECOLI	SINGLE	2	67	117	9	9.316e-05	{Y}
sp|P0ADV7|MLAC_ECOLI	SINGLE	3	9	110	19	2.244e-04	{A}
sp|P0ADV7|MLAC_ECOLI	SINGLE	4	121	145	6	7.403e-04	{P}
sp|P0ADV7|MLAC_ECOLI	MULTIPLE	1	14	123	43	3.255e-09	{QYA}
sp|P0ADV7|MLAC_ECOLI	WHOLE	1	1	211	20	5.673e-04	{Q}
sp|P0ADW3|ZAPG_ECOLI	SINGLE	1	37	51	6	2.062e-04	{E}
sp|P0AE76|COBU_ECOLI	SINGLE	1	46	69	5	1.377e-04	{H}
sp|P0AE76|COBU_ECOLI	SINGLE	2	130	178	10	7.955e-04	{V}
sp|P0AE76|COBU_ECOLI	SINGLE	3	90	104	5	9.005e-04	{D}
sp|P0AEA2|CSGG_ECOLI	SINGLE	1	140	162	7	4.607e-04	{G}
sp|P0AEA2|CSGG_ECOLI	SINGLE	2	110	247	16	8.536e-04	{I}
sp|P0AEA2|CSGG_ECOLI	MULTIPLE	1	110	250	31	1.758e-04	{GI}
sp|P0AEA5|CYOE_ECOLI	SINGLE	1	144	274	23	1.359e-04	{A}
sp|P0AEA5|CYOE_ECOLI	SINGLE	2	44	295	31	2.705e-04	{V}
sp|P0AEA5|CYOE_ECOLI	SINGLE	3	14	214	21	6.114e-04	{I}
sp|P0AEA5|CYOE_ECOLI	MULTIPLE	1	14	295	89	2.968e-07	{AVI}
sp|P0AEA5|CYOE_ECOLI	WHOLE	1	1	296	33	8.893e-04	{V}
sp|P0AEB5|YNAI_ECOLI	SINGLE	1	49	127	22	1.926e-11	{I}
sp|P0AEB5|YNAI_ECOLI	SINGLE	2	135	160	9	2.409e-05	{G}
sp|P0AEB5|YNAI_ECOLI	SINGLE	3	6	179	17	3.431e-04	{F}
sp|P0AEB5|YNAI_ECOLI	MULTIPLE	1	6	185	47	7.170e-12	{IF}
sp|P0AEB5|YNAI_ECOLI	WHOLE	1	1	343	45	2.159e-09	{I}
sp|P0AEE1|DCRB_ECOLI	SINGLE	1	106	172	12	2.282e-05	{Q}
sp|P0AEF8|DPPB_ECOLI	SINGLE	1	29	260	18	3.330e-06	{M}
sp|P0AEF8|DPPB_ECOLI	SINGLE	2	88	331	32	7.354e-05	{V}
sp|P0AEF8|DPPB_ECOLI	SINGLE	3	5	318	31	1.229e-04	{I}
sp|P0AEF8|DPPB_ECOLI	SINGLE	4	311	327	7	4.133e-04	{L}
sp|P0AEF8|DPPB_ECOLI	MULTIPLE	1	1	331	132	1.619e-12	{MVIL}
sp|P0AEF8|DPPB_ECOLI	WHOLE	1	1	339	20	4.847e-05	{M}
sp|P0AEF8|DPPB_ECOLI	WHOLE	2	1	339	32	2.091e-04	{I}
sp|P0AEG1|DPPC_ECOLI	SINGLE	1	65	298	43	5.548e-06	{L}
sp|P0AEG1|DPPC_ECOLI	SINGLE	2	4	198	28	4.256e-05	{V}
sp|P0AEG1|DPPC_ECOLI	SINGLE	3	143	244	19	2.244e-04	{A}
sp|P0AEG1|DPPC_ECOLI	SINGLE	4	74	128	11	6.364e-04	{G}
sp|P0AEG1|DPPC_ECOLI	MULTIPLE	1	74	244	92	6.901e-11	{LVAG}
sp|P0AEG1|DPPC_ECOLI	WHOLE	1	1	300	46	2.063e-04	{L}
sp|P0AEH5|ELAB_ECOLI	SINGLE	1	61	75	5	1.557e-04	{Y}
sp|P0AEH5|ELAB_ECOLI	SINGLE	2	7	74	11	9.233e-04	{D}
sp|P0AEH5|ELAB_ECOLI	MULTIPLE	1	7	75	17	1.126e-04	{YD}
sp|P0AEI4|RIMO_ECOLI	SINGLE	1	94	122	6	3.071e-05	{H}
sp|P0AEI4|RIMO_ECOLI	SINGLE	2	293	393	17	1.865e-04	{E}
sp|P0AEI4|RIMO_ECOLI	SINGLE	3	362	376	5	2.936e-04	{Q}
sp|P0AEI4|RIMO_ECOLI	SINGLE	4	4	247	29	6.685e-04	{V}
sp|P0AEI4|RIMO_ECOLI	MULTIPLE	1	13	247	40	1.745e-05	{HV}
sp|P0AEI4|RIMO_ECOLI	MULTIPLE	2	284	393	26	6.225e-05	{EQ}
sp|P0AEI6|NUDJ_ECOLI	SINGLE	1	6	21	6	3.059e-04	{V}
sp|P0AEI6|NUDJ_ECOLI	SINGLE	2	39	55	6	4.457e-04	{E}
sp|P0AEJ0|EMRB_ECOLI	SINGLE	1	14	324	40	2.649e-08	{I}
sp|P0AEJ0|EMRB_ECOLI	SINGLE	2	493	510	8	8.226e-06	{G}
sp|P0AEJ0|EMRB_ECOLI	SINGLE	3	444	471	8	1.585e-05	{Q}
sp|P0AEJ0|EMRB_ECOLI	SINGLE	4	339	379	9	2.088e-05	{F}
sp|P0AEJ0|EMRB_ECOLI	SINGLE	5	186	200	6	3.887e-05	{R}
sp|P0AEJ0|EMRB_ECOLI	SINGLE	6	405	422	7	5.542e-05	{T}
sp|P0AEJ0|EMRB_ECOLI	SINGLE	7	464	487	6	7.779e-04	{I}
sp|P0AEJ0|EMRB_ECOLI	SINGLE	8	53	496	16	7.924e-04	{W}
sp|P0AEJ0|EMRB_ECOLI	SINGLE	9	206	295	18	8.111e-04	{L}
sp|P0AEJ0|EMRB_ECOLI	MULTIPLE	1	14	496	67	1.950e-09	{IW}
sp|P0AEJ0|EMRB_ECOLI	MULTIPLE	2	457	475	10	1.786e-06	{QI}
sp|P0AEJ0|EMRB_ECOLI	WHOLE	1	1	512	51	1.182e-06	{I}
sp|P0AEJ8|EUTN_ECOLI	SINGLE	1	74	91	6	6.200e-04	{V}
sp|P0AER3|GLTJ_ECOLI	SINGLE	1	10	121	14	9.409e-05	{F}
sp|P0AER3|GLTJ_ECOLI	SINGLE	2	5	40	5	1.738e-04	{W}
sp|P0AER3|GLTJ_ECOLI	SINGLE	3	123	224	19	2.244e-04	{A}
sp|P0AER3|GLTJ_ECOLI	SINGLE	4	172	243	7	8.227e-04	{M}
sp|P0AER3|GLTJ_ECOLI	MULTIPLE	1	5	111	20	8.498e-07	{FW}
sp|P0AER3|GLTJ_ECOLI	MULTIPLE	2	123	230	26	1.265e-05	{AM}
sp|P0AER5|GLTK_ECOLI	SINGLE	1	21	86	12	7.337e-04	{V}
sp|P0AER8|GLTS_ECOLI	SINGLE	1	4	310	57	1.606e-07	{L}
sp|P0AER8|GLTS_ECOLI	SINGLE	2	90	177	19	3.182e-06	{G}
sp|P0AER8|GLTS_ECOLI	SINGLE	3	289	395	10	1.005e-04	{M}
sp|P0AER8|GLTS_ECOLI	SINGLE	4	92	106	6	2.045e-04	{V}
sp|P0AER8|GLTS_ECOLI	SINGLE	5	288	359	15	2.861e-04	{A}
sp|P0AER8|GLTS_ECOLI	SINGLE	6	212	233	6	4.771e-04	{I}
sp|P0AER8|GLTS_ECOLI	MULTIPLE	1	7	396	235	2.024e-20	{LGMVAI}
sp|P0AER8|GLTS_ECOLI	WHOLE	1	1	401	65	2.936e-06	{L}
sp|P0AER8|GLTS_ECOLI	WHOLE	2	1	401	20	3.890e-04	{M}
sp|P0AEU0|HISJ_ECOLI	SINGLE	1	133	220	15	4.460e-04	{G}
sp|P0AEU0|HISJ_ECOLI	SINGLE	2	9	23	6	5.574e-04	{A}
sp|P0AEZ7|MLTD_ECOLI	SINGLE	1	257	412	25	8.819e-05	{S}
sp|P0AEZ7|MLTD_ECOLI	SINGLE	2	17	34	5	7.334e-04	{Q}
sp|P0AF01|MODB_ECOLI	SINGLE	1	12	67	17	5.507e-06	{L}
sp|P0AF01|MODB_ECOLI	SINGLE	2	140	222	13	1.562e-04	{I}
sp|P0AF01|MODB_ECOLI	SINGLE	3	24	170	15	4.652e-04	{F}
sp|P0AF01|MODB_ECOLI	MULTIPLE	1	12	164	43	4.608e-07	{LF}
sp|P0AF01|MODB_ECOLI	WHOLE	1	1	229	36	5.351e-04	{L}
sp|P0AF26|NARJ_ECOLI	SINGLE	1	94	164	20	3.101e-06	{L}
sp|P0AF26|NARJ_ECOLI	SINGLE	2	16	224	31	2.537e-04	{A}
sp|P0AF26|NARJ_ECOLI	MULTIPLE	1	16	228	63	2.305e-06	{LA}
sp|P0AF98|LPTF_ECOLI	SINGLE	1	7	79	23	6.696e-08	{L}
sp|P0AF98|LPTF_ECOLI	SINGLE	2	90	145	15	1.486e-05	{A}
sp|P0AF98|LPTF_ECOLI	SINGLE	3	249	303	7	1.649e-04	{M}
sp|P0AF98|LPTF_ECOLI	SINGLE	4	221	260	9	2.357e-04	{D}
sp|P0AF98|LPTF_ECOLI	SINGLE	5	273	289	6	4.421e-04	{V}
sp|P0AF98|LPTF_ECOLI	SINGLE	6	2	43	8	7.383e-04	{I}
sp|P0AF98|LPTF_ECOLI	MULTIPLE	1	2	79	32	4.513e-09	{LI}
sp|P0AF98|LPTF_ECOLI	MULTIPLE	2	273	299	11	6.357e-06	{MV}
sp|P0AF98|LPTF_ECOLI	WHOLE	1	1	366	57	3.131e-05	{L}
sp|P0AFA9|NIKC_ECOLI	SINGLE	1	13	90	20	1.385e-05	{L}
sp|P0AFA9|NIKC_ECOLI	SINGLE	2	68	254	13	1.946e-04	{M}
sp|P0AFA9|NIKC_ECOLI	SINGLE	3	87	101	6	2.293e-04	{G}
sp|P0AFA9|NIKC_ECOLI	MULTIPLE	1	13	271	79	3.763e-07	{LMG}
sp|P0AFA9|NIKC_ECOLI	WHOLE	1	1	277	45	6.880e-05	{L}
sp|P0AFG0|NUSG_ECOLI	SINGLE	1	42	178	21	1.372e-04	{V}
sp|P0AFG0|NUSG_ECOLI	WHOLE	1	1	181	24	4.148e-04	{V}
sp|P0AFH0|OGT_ECOLI	SINGLE	1	60	155	16	3.812e-04	{G}
sp|P0AFH0|OGT_ECOLI	SINGLE	2	112	127	6	8.219e-04	{A}
sp|P0AFH0|OGT_ECOLI	MULTIPLE	1	109	127	10	9.106e-05	{GA}
sp|P0AFH2|OPPB_ECOLI	SINGLE	1	153	304	21	1.429e-05	{I}
sp|P0AFH2|OPPB_ECOLI	SINGLE	2	98	120	8	2.057e-04	{A}
sp|P0AFH2|OPPB_ECOLI	SINGLE	3	191	222	7	5.709e-04	{R}
sp|P0AFH2|OPPB_ECOLI	SINGLE	4	86	151	12	7.337e-04	{V}
sp|P0AFH2|OPPB_ECOLI	SINGLE	5	1	248	14	8.281e-04	{M}
sp|P0AFH2|OPPB_ECOLI	MULTIPLE	1	1	304	45	1.590e-06	{IM}
sp|P0AFH2|OPPB_ECOLI	MULTIPLE	2	86	155	24	1.602e-05	{AV}
sp|P0AFH2|OPPB_ECOLI	WHOLE	1	1	306	31	7.947e-05	{I}
sp|P0AFH6|OPPC_ECOLI	SINGLE	1	95	230	25	1.577e-06	{V}
sp|P0AFH6|OPPC_ECOLI	SINGLE	2	146	160	6	1.249e-05	{F}
sp|P0AFH6|OPPC_ECOLI	SINGLE	3	1	179	13	1.290e-04	{M}
sp|P0AFH6|OPPC_ECOLI	SINGLE	4	93	297	34	2.960e-04	{L}
sp|P0AFH6|OPPC_ECOLI	SINGLE	5	81	131	11	3.333e-04	{G}
sp|P0AFH6|OPPC_ECOLI	SINGLE	6	23	37	5	4.635e-04	{R}
sp|P0AFH6|OPPC_ECOLI	MULTIPLE	1	40	273	100	4.441e-10	{VMLG}
sp|P0AFH6|OPPC_ECOLI	WHOLE	1	1	302	44	7.198e-04	{L}
sp|P0AFJ5|PHOB_ECOLI	SINGLE	1	70	228	19	1.573e-04	{R}
sp|P0AFJ5|PHOB_ECOLI	SINGLE	2	120	167	6	5.219e-04	{M}
sp|P0AFJ5|PHOB_ECOLI	SINGLE	3	9	177	22	8.622e-04	{E}
sp|P0AFJ5|PHOB_ECOLI	MULTIPLE	1	70	177	34	7.597e-07	{RME}
sp|P0AFJ5|PHOB_ECOLI	WHOLE	1	1	229	22	9.287e-04	{R}
sp|P0AFK4|POTB_ECOLI	SINGLE	1	9	274	55	6.603e-09	{L}
sp|P0AFK4|POTB_ECOLI	SINGLE	2	96	252	22	7.357e-06	{I}
sp|P0AFK4|POTB_ECOLI	MULTIPLE	1	9	268	79	9.048e-12	{LI}
sp|P0AFK4|POTB_ECOLI	WHOLE	1	1	275	55	2.131e-08	{L}
sp|P0AFK4|POTB_ECOLI	WHOLE	2	1	275	27	3.263e-04	{I}
sp|P0AFK6|POTC_ECOLI	SINGLE	1	12	26	6	4.559e-05	{I}
sp|P0AFK6|POTC_ECOLI	SINGLE	2	96	245	23	7.016e-05	{V}
sp|P0AFK6|POTC_ECOLI	SINGLE	3	115	132	8	8.554e-05	{L}
sp|P0AFK6|POTC_ECOLI	SINGLE	4	99	120	5	8.914e-05	{M}
sp|P0AFK6|POTC_ECOLI	SINGLE	5	30	154	14	2.860e-04	{F}
sp|P0AFK6|POTC_ECOLI	MULTIPLE	1	49	245	84	2.970e-11	{VLMF}
sp|P0AFK9|POTD_ECOLI	SINGLE	1	30	86	10	4.114e-05	{Y}
sp|P0AFK9|POTD_ECOLI	SINGLE	2	9	23	7	6.097e-05	{A}
sp|P0AFK9|POTD_ECOLI	SINGLE	3	106	328	21	4.403e-04	{N}
sp|P0AFL1|POTI_ECOLI	SINGLE	1	72	87	9	7.229e-07	{A}
sp|P0AFL1|POTI_ECOLI	SINGLE	2	266	280	6	3.887e-05	{R}
sp|P0AFL1|POTI_ECOLI	SINGLE	3	16	250	37	4.492e-04	{L}
sp|P0AFL9|PQIA_ECOLI	SINGLE	1	56	296	46	9.940e-07	{L}
sp|P0AFL9|PQIA_ECOLI	SINGLE	2	265	398	14	1.328e-06	{M}
sp|P0AFL9|PQIA_ECOLI	SINGLE	3	224	241	5	7.284e-06	{C}
sp|P0AFL9|PQIA_ECOLI	SINGLE	4	4	27	5	1.377e-04	{H}
sp|P0AFL9|PQIA_ECOLI	SINGLE	5	2	36	5	2.098e-04	{C}
sp|P0AFL9|PQIA_ECOLI	SINGLE	6	60	188	14	3.882e-04	{F}
sp|P0AFL9|PQIA_ECOLI	SINGLE	7	347	369	7	4.064e-04	{V}
sp|P0AFL9|PQIA_ECOLI	SINGLE	8	186	250	10	7.651e-04	{R}
sp|P0AFL9|PQIA_ECOLI	SINGLE	9	43	58	6	8.219e-04	{A}
sp|P0AFL9|PQIA_ECOLI	MULTIPLE	1	56	400	137	5.982e-12	{LMCFV}
sp|P0AFL9|PQIA_ECOLI	MULTIPLE	2	2	36	10	4.172e-07	{HC}
sp|P0AFL9|PQIA_ECOLI	WHOLE	1	1	417	61	9.708e-05	{L}
sp|P0AFL9|PQIA_ECOLI	WHOLE	2	1	417	21	2.562e-04	{M}
sp|P0AFN2|PSPC_ECOLI	SINGLE	1	89	117	7	3.066e-04	{R}
sp|P0AFN2|PSPC_ECOLI	SINGLE	2	19	42	7	5.364e-04	{V}
sp|P0AFP9|YBHR_ECOLI	SINGLE	1	125	168	9	7.785e-05	{N}
sp|P0AFP9|YBHR_ECOLI	SINGLE	2	180	351	21	8.300e-05	{I}
sp|P0AFP9|YBHR_ECOLI	SINGLE	3	113	145	7	3.857e-04	{Q}
sp|P0AFP9|YBHR_ECOLI	SINGLE	4	5	349	50	4.080e-04	{L}
sp|P0AFP9|YBHR_ECOLI	MULTIPLE	1	113	168	16	1.082e-05	{NQ}
sp|P0AFP9|YBHR_ECOLI	MULTIPLE	2	5	351	83	4.017e-07	{IL}
sp|P0AFP9|YBHR_ECOLI	WHOLE	1	1	368	33	3.989e-04	{I}
sp|P0AFQ2|YBHS_ECOLI	SINGLE	1	216	281	21	2.010e-07	{L}
sp|P0AFQ2|YBHS_ECOLI	SINGLE	2	22	365	39	9.283e-07	{I}
sp|P0AFQ2|YBHS_ECOLI	SINGLE	3	348	362	6	2.045e-04	{V}
sp|P0AFQ2|YBHS_ECOLI	SINGLE	4	37	60	8	8.059e-04	{L}
sp|P0AFQ2|YBHS_ECOLI	MULTIPLE	1	30	370	112	4.479e-08	{LIV}
sp|P0AFQ2|YBHS_ECOLI	WHOLE	1	1	377	40	3.349e-06	{I}
sp|P0AFQ7|YCFH_ECOLI	SINGLE	1	5	24	6	5.140e-04	{D}
sp|P0AFR7|YCJO_ECOLI	SINGLE	1	14	28	9	1.324e-06	{L}
sp|P0AFR7|YCJO_ECOLI	SINGLE	2	97	277	18	1.943e-04	{F}
sp|P0AFR7|YCJO_ECOLI	SINGLE	3	266	280	5	5.275e-04	{I}
sp|P0AFR7|YCJO_ECOLI	MULTIPLE	1	97	280	34	1.866e-05	{FI}
sp|P0AFR7|YCJO_ECOLI	WHOLE	1	1	293	44	4.078e-04	{L}
sp|P0AFR7|YCJO_ECOLI	WHOLE	2	1	293	23	7.650e-04	{F}
sp|P0AFR9|YDCV_ECOLI	SINGLE	1	62	121	18	3.581e-06	{L}
sp|P0AFR9|YDCV_ECOLI	SINGLE	2	29	89	16	1.048e-05	{A}
sp|P0AFR9|YDCV_ECOLI	SINGLE	3	137	152	7	3.033e-05	{V}
sp|P0AFR9|YDCV_ECOLI	SINGLE	4	8	210	20	1.041e-04	{F}
sp|P0AFR9|YDCV_ECOLI	MULTIPLE	1	8	202	82	1.542e-11	{LAF}
sp|P0AFR9|YDCV_ECOLI	WHOLE	1	1	264	44	4.591e-05	{L}
sp|P0AFS5|TQSA_ECOLI	SINGLE	1	8	341	67	6.680e-10	{L}
sp|P0AFS5|TQSA_ECOLI	SINGLE	2	5	46	12	5.002e-07	{I}
sp|P0AFS5|TQSA_ECOLI	SINGLE	3	1	183	14	4.298e-05	{M}
sp|P0AFS5|TQSA_ECOLI	SINGLE	4	177	250	15	3.839e-04	{A}
sp|P0AFS5|TQSA_ECOLI	MULTIPLE	1	1	338	153	1.280e-17	{LIMA}
sp|P0AFS5|TQSA_ECOLI	WHOLE	1	1	344	67	2.289e-09	{L}
sp|P0AFS5|TQSA_ECOLI	WHOLE	2	1	344	36	1.263e-05	{I}
sp|P0AFT5|BTSR_ECOLI	SINGLE	1	177	233	14	3.775e-04	{L}
sp|P0AFW4|RNK_ECOLI	SINGLE	1	4	18	5	5.275e-04	{I}
sp|P0AFY2|SANA_ECOLI	SINGLE	1	7	23	10	4.299e-07	{L}
sp|P0AFY2|SANA_ECOLI	SINGLE	2	34	84	10	1.533e-05	{Y}
sp|P0AFY2|SANA_ECOLI	SINGLE	3	200	227	7	2.101e-04	{P}
sp|P0AFZ7|TRKH_ECOLI	SINGLE	1	39	480	39	1.681e-06	{F}
sp|P0AFZ7|TRKH_ECOLI	SINGLE	2	211	248	9	6.473e-05	{I}
sp|P0AFZ7|TRKH_ECOLI	SINGLE	3	97	116	7	1.188e-04	{T}
sp|P0AFZ7|TRKH_ECOLI	SINGLE	4	12	475	65	1.915e-04	{L}
sp|P0AFZ7|TRKH_ECOLI	SINGLE	5	339	353	6	2.293e-04	{G}
sp|P0AFZ7|TRKH_ECOLI	SINGLE	6	195	219	8	3.852e-04	{A}
sp|P0AFZ7|TRKH_ECOLI	SINGLE	7	6	30	6	9.729e-04	{I}
sp|P0AFZ7|TRKH_ECOLI	MULTIPLE	1	3	476	234	1.163e-14	{FILGA}
sp|P0AFZ7|TRKH_ECOLI	WHOLE	1	1	483	41	2.391e-06	{F}
sp|P0AFZ7|TRKH_ECOLI	WHOLE	2	1	483	65	5.056e-04	{L}
sp|P0AFZ7|TRKH_ECOLI	WHOLE	3	1	483	40	5.111e-04	{I}
sp|P0AG00|WZZE_ECOLI	SINGLE	1	134	248	21	1.477e-04	{A}
sp|P0AG00|WZZE_ECOLI	SINGLE	2	301	322	6	4.110e-04	{R}
sp|P0AG40|RIBF_ECOLI	SINGLE	1	30	304	28	9.614e-05	{R}
sp|P0AG40|RIBF_ECOLI	SINGLE	2	195	275	14	4.782e-04	{V}
sp|P0AG40|RIBF_ECOLI	SINGLE	3	124	251	19	5.038e-04	{G}
sp|P0AG40|RIBF_ECOLI	SINGLE	4	95	157	9	5.866e-04	{F}
sp|P0AG40|RIBF_ECOLI	MULTIPLE	1	71	277	74	1.694e-06	{RVGF}
sp|P0AG40|RIBF_ECOLI	WHOLE	1	1	313	29	3.297e-04	{R}
sp|P0AG44|RL17_ECOLI	SINGLE	1	2	103	17	5.440e-06	{R}
sp|P0AG44|RL17_ECOLI	SINGLE	2	55	126	14	8.695e-04	{A}
sp|P0AG44|RL17_ECOLI	MULTIPLE	1	2	126	35	2.294e-06	{RA}
sp|P0AG44|RL17_ECOLI	WHOLE	1	1	127	18	2.724e-05	{R}
sp|P0AG48|RL21_ECOLI	SINGLE	1	33	75	10	2.776e-04	{V}
sp|P0AG48|RL21_ECOLI	SINGLE	2	76	90	5	4.635e-04	{R}
sp|P0AG76|SBCD_ECOLI	SINGLE	1	339	354	6	5.920e-05	{R}
sp|P0AG76|SBCD_ECOLI	SINGLE	2	329	377	11	1.983e-04	{E}
sp|P0AG76|SBCD_ECOLI	SINGLE	3	112	134	6	4.644e-04	{P}
sp|P0AG76|SBCD_ECOLI	SINGLE	4	292	384	12	5.016e-04	{Q}
sp|P0AG76|SBCD_ECOLI	SINGLE	5	5	256	14	9.545e-04	{H}
sp|P0AG76|SBCD_ECOLI	MULTIPLE	1	292	384	38	3.498e-09	{REQ}
sp|P0AG78|SUBI_ECOLI	SINGLE	1	242	257	6	3.059e-04	{V}
sp|P0AG78|SUBI_ECOLI	SINGLE	2	261	279	5	5.171e-04	{Y}
sp|P0AG78|SUBI_ECOLI	SINGLE	3	247	314	12	6.348e-04	{K}
sp|P0AG78|SUBI_ECOLI	SINGLE	4	212	305	15	7.167e-04	{E}
sp|P0AG78|SUBI_ECOLI	MULTIPLE	1	239	259	10	1.044e-04	{VE}
sp|P0AG78|SUBI_ECOLI	MULTIPLE	2	251	298	15	3.192e-05	{YK}
sp|P0AG82|PSTS_ECOLI	SINGLE	1	53	217	26	2.310e-05	{G}
sp|P0AG82|PSTS_ECOLI	SINGLE	2	9	45	11	7.039e-05	{A}
sp|P0AGC5|MLTF_ECOLI	SINGLE	1	423	454	8	1.707e-05	{Y}
sp|P0AGC5|MLTF_ECOLI	SINGLE	2	490	513	9	2.241e-05	{S}
sp|P0AGC5|MLTF_ECOLI	SINGLE	3	180	285	16	1.785e-04	{D}
sp|P0AGC5|MLTF_ECOLI	SINGLE	4	330	391	7	3.424e-04	{M}
sp|P0AGC5|MLTF_ECOLI	SINGLE	5	380	399	7	4.883e-04	{A}
sp|P0AGC5|MLTF_ECOLI	SINGLE	6	111	139	6	5.635e-04	{Y}
sp|P0AGC5|MLTF_ECOLI	SINGLE	7	4	22	7	8.828e-04	{L}
sp|P0AGG4|THIO2_ECOLI	SINGLE	1	16	58	9	4.094e-04	{D}
sp|P0AGG4|THIO2_ECOLI	SINGLE	2	5	67	6	4.546e-04	{C}
sp|P0AGG4|THIO2_ECOLI	MULTIPLE	1	5	67	15	2.300e-05	{DC}
sp|P0AGH3|SAPB_ECOLI	SINGLE	1	2	304	34	5.180e-06	{I}
sp|P0AGH3|SAPB_ECOLI	SINGLE	2	126	141	8	3.052e-05	{L}
sp|P0AGH3|SAPB_ECOLI	SINGLE	3	40	54	4	5.704e-05	{W}
sp|P0AGH3|SAPB_ECOLI	SINGLE	4	5	19	7	1.659e-04	{L}
sp|P0AGH3|SAPB_ECOLI	SINGLE	5	4	159	16	2.973e-04	{F}
sp|P0AGH3|SAPB_ECOLI	MULTIPLE	1	2	305	109	1.319e-11	{ILWF}
sp|P0AGH3|SAPB_ECOLI	WHOLE	1	1	321	34	1.656e-05	{I}
sp|P0AGH3|SAPB_ECOLI	WHOLE	2	1	321	47	4.654e-04	{L}
sp|P0AGH5|SAPC_ECOLI	SINGLE	1	59	283	42	4.765e-06	{L}
sp|P0AGH5|SAPC_ECOLI	SINGLE	2	95	272	30	3.508e-05	{A}
sp|P0AGH5|SAPC_ECOLI	SINGLE	3	32	125	17	9.876e-05	{G}
sp|P0AGH5|SAPC_ECOLI	MULTIPLE	1	27	272	101	6.805e-10	{LAG}
sp|P0AGH5|SAPC_ECOLI	WHOLE	1	1	296	46	1.553e-04	{L}
sp|P0AGH5|SAPC_ECOLI	WHOLE	2	1	296	38	8.881e-04	{A}
sp|P0AGL5|RATA_ECOLI	SINGLE	1	96	147	8	7.108e-04	{F}
sp|P0AGL7|RSME_ECOLI	SINGLE	1	8	27	4	7.691e-04	{H}
sp|P0AGM9|XANP_ECOLI	SINGLE	1	22	456	67	1.088e-05	{L}
sp|P0AGM9|XANP_ECOLI	SINGLE	2	113	279	14	1.616e-05	{M}
sp|P0AGM9|XANP_ECOLI	SINGLE	3	51	457	37	1.566e-04	{I}
sp|P0AGM9|XANP_ECOLI	SINGLE	4	80	448	42	2.375e-04	{G}
sp|P0AGM9|XANP_ECOLI	SINGLE	5	295	399	17	2.875e-04	{V}
sp|P0AGM9|XANP_ECOLI	SINGLE	6	316	338	6	3.060e-04	{N}
sp|P0AGM9|XANP_ECOLI	SINGLE	7	222	236	6	5.574e-04	{A}
sp|P0AGM9|XANP_ECOLI	MULTIPLE	1	43	457	243	7.622e-19	{LMIGVA}
sp|P0AGM9|XANP_ECOLI	WHOLE	1	1	463	68	3.981e-05	{L}
sp|P0AGM9|XANP_ECOLI	WHOLE	2	1	463	38	7.837e-04	{I}
sp|P0C066|MLTC_ECOLI	SINGLE	1	110	124	6	8.836e-05	{D}
sp|P0C0L9|ISCX_ECOLI	SINGLE	1	17	45	9	1.620e-05	{D}
sp|P0C0L9|ISCX_ECOLI	WHOLE	1	1	66	11	7.252e-04	{D}
sp|P0C0U4|RIMK_ECOLI	SINGLE	1	3	286	28	2.459e-04	{I}
sp|P0C0U4|RIMK_ECOLI	SINGLE	2	154	252	18	4.230e-04	{A}
sp|P0C0U4|RIMK_ECOLI	SINGLE	3	133	198	12	7.337e-04	{V}
sp|P0C0U4|RIMK_ECOLI	MULTIPLE	1	3	290	64	3.243e-06	{IA}
sp|P0C0U4|RIMK_ECOLI	WHOLE	1	1	300	28	5.476e-04	{I}
sp|P0C8J6|GATY_ECOLI	SINGLE	1	70	84	5	1.186e-05	{H}
sp|P0C8J6|GATY_ECOLI	SINGLE	2	150	188	12	2.326e-05	{A}
sp|P0C8J6|GATY_ECOLI	WHOLE	1	1	284	37	7.961e-04	{A}
sp|P0CI31|HCAB_ECOLI	SINGLE	1	31	266	34	2.334e-04	{A}
sp|P0CI31|HCAB_ECOLI	SINGLE	2	13	199	25	3.871e-04	{G}
sp|P0CI31|HCAB_ECOLI	MULTIPLE	1	13	267	65	1.431e-06	{AG}
sp|P0DKB3|MNTS_ECOLI	SINGLE	1	1	29	5	3.445e-04	{M}
sp|P0DMC9|RCSA_ECOLI	SINGLE	1	30	188	21	2.757e-05	{I}
sp|P0DMC9|RCSA_ECOLI	SINGLE	2	165	185	7	1.639e-04	{K}
sp|P0DMC9|RCSA_ECOLI	SINGLE	3	133	162	5	4.045e-04	{M}
sp|P0DMC9|RCSA_ECOLI	MULTIPLE	1	30	188	27	1.430e-05	{IM}
sp|P0DMC9|RCSA_ECOLI	WHOLE	1	1	207	24	6.289e-05	{I}
sp|P10100|RLPA_ECOLI	SINGLE	1	281	362	18	9.857e-09	{Q}
sp|P10100|RLPA_ECOLI	SINGLE	2	195	280	17	3.506e-07	{P}
sp|P10100|RLPA_ECOLI	SINGLE	3	11	361	45	3.753e-04	{A}
sp|P10100|RLPA_ECOLI	SINGLE	4	223	279	11	5.053e-04	{T}
sp|P10100|RLPA_ECOLI	MULTIPLE	1	46	282	81	6.947e-09	{PAT}
sp|P10100|RLPA_ECOLI	WHOLE	1	1	362	32	7.386e-05	{Q}
sp|P10100|RLPA_ECOLI	WHOLE	2	1	362	33	1.257e-04	{P}
sp|P10100|RLPA_ECOLI	WHOLE	3	1	362	45	6.736e-04	{A}
sp|P10346|GLNQ_ECOLI	SINGLE	1	157	189	5	6.305e-04	{M}
sp|P10384|FADL_ECOLI	SINGLE	1	189	207	7	8.454e-06	{Q}
sp|P10384|FADL_ECOLI	SINGLE	2	97	274	21	2.177e-05	{N}
sp|P10384|FADL_ECOLI	SINGLE	3	11	213	32	7.140e-05	{A}
sp|P10384|FADL_ECOLI	SINGLE	4	118	237	20	8.316e-05	{G}
sp|P10384|FADL_ECOLI	SINGLE	5	240	360	13	4.805e-04	{Y}
sp|P10384|FADL_ECOLI	MULTIPLE	1	11	276	92	4.638e-10	{NAG}
sp|P10384|FADL_ECOLI	WHOLE	1	1	446	33	9.953e-04	{N}
sp|P10441|LPXB_ECOLI	SINGLE	1	314	345	11	6.795e-05	{L}
sp|P10441|LPXB_ECOLI	SINGLE	2	264	279	7	9.989e-05	{A}
sp|P10441|LPXB_ECOLI	SINGLE	3	71	85	5	4.635e-04	{R}
sp|P10441|LPXB_ECOLI	SINGLE	4	49	67	6	8.541e-04	{E}
sp|P10441|LPXB_ECOLI	WHOLE	1	1	382	47	6.560e-04	{A}
sp|P10442|RNH2_ECOLI	SINGLE	1	162	183	5	8.914e-05	{H}
sp|P10442|RNH2_ECOLI	SINGLE	2	12	32	7	2.204e-04	{V}
sp|P10442|RNH2_ECOLI	SINGLE	3	26	179	25	2.434e-04	{A}
sp|P10442|RNH2_ECOLI	MULTIPLE	1	26	183	33	2.245e-05	{HA}
sp|P10442|RNH2_ECOLI	WHOLE	1	1	198	28	9.225e-04	{A}
sp|P10906|UGPE_ECOLI	SINGLE	1	73	208	19	1.269e-06	{F}
sp|P10906|UGPE_ECOLI	SINGLE	2	1	268	16	2.155e-04	{M}
sp|P10906|UGPE_ECOLI	SINGLE	3	250	277	8	2.556e-04	{V}
sp|P10906|UGPE_ECOLI	SINGLE	4	2	264	25	7.797e-04	{I}
sp|P10906|UGPE_ECOLI	MULTIPLE	1	1	272	64	2.281e-09	{FMI}
sp|P10906|UGPE_ECOLI	WHOLE	1	1	281	16	3.532e-04	{M}
sp|P10906|UGPE_ECOLI	WHOLE	2	1	281	23	4.535e-04	{F}
sp|P13016|AMPD_ECOLI	SINGLE	1	15	62	9	2.744e-04	{P}
sp|P13033|GLPB_ECOLI	SINGLE	1	12	262	49	2.392e-07	{L}
sp|P13033|GLPB_ECOLI	SINGLE	2	382	398	7	5.515e-05	{G}
sp|P13033|GLPB_ECOLI	SINGLE	3	353	419	11	1.081e-04	{Q}
sp|P13033|GLPB_ECOLI	SINGLE	4	255	269	5	2.936e-04	{Q}
sp|P13033|GLPB_ECOLI	SINGLE	5	69	111	8	3.806e-04	{Q}
sp|P13033|GLPB_ECOLI	SINGLE	6	9	25	6	4.943e-04	{G}
sp|P13033|GLPB_ECOLI	SINGLE	7	401	415	6	5.574e-04	{A}
sp|P13033|GLPB_ECOLI	MULTIPLE	1	12	269	67	4.617e-08	{LQ}
sp|P13033|GLPB_ECOLI	MULTIPLE	2	351	419	32	1.262e-07	{GQA}
sp|P13033|GLPB_ECOLI	WHOLE	1	1	419	59	3.030e-04	{L}
sp|P13669|MNGR_ECOLI	SINGLE	1	36	120	12	2.260e-04	{Q}
sp|P13669|MNGR_ECOLI	SINGLE	2	137	189	6	8.744e-04	{M}
sp|P13857|RIML_ECOLI	SINGLE	1	26	143	14	4.257e-04	{Q}
sp|P15031|FECE_ECOLI	SINGLE	1	3	198	34	1.332e-04	{L}
sp|P15031|FECE_ECOLI	SINGLE	2	72	146	11	6.454e-04	{R}
sp|P15031|FECE_ECOLI	MULTIPLE	1	18	185	44	1.257e-05	{LR}
sp|P15031|FECE_ECOLI	WHOLE	1	1	255	38	9.956e-04	{L}
sp|P15032|RECE_ECOLI	SINGLE	1	330	738	53	8.983e-07	{E}
sp|P15032|RECE_ECOLI	SINGLE	2	773	789	6	2.328e-05	{Y}
sp|P15032|RECE_ECOLI	SINGLE	3	517	531	4	7.491e-05	{C}
sp|P15032|RECE_ECOLI	SINGLE	4	354	646	32	1.303e-04	{D}
sp|P15032|RECE_ECOLI	SINGLE	5	286	636	32	1.546e-04	{P}
sp|P15032|RECE_ECOLI	SINGLE	6	242	256	6	2.293e-04	{G}
sp|P15032|RECE_ECOLI	SINGLE	7	376	549	18	3.859e-04	{Q}
sp|P15032|RECE_ECOLI	MULTIPLE	1	380	626	105	2.050e-12	{ECDPQ}
sp|P15032|RECE_ECOLI	WHOLE	1	1	866	84	7.575e-05	{E}
sp|P15038|HELD_ECOLI	SINGLE	1	11	656	53	5.965e-05	{R}
sp|P15038|HELD_ECOLI	SINGLE	2	311	359	6	8.025e-05	{W}
sp|P15038|HELD_ECOLI	SINGLE	3	155	659	63	8.365e-05	{A}
sp|P15038|HELD_ECOLI	SINGLE	4	105	134	7	2.099e-04	{Q}
sp|P15038|HELD_ECOLI	SINGLE	5	70	87	4	5.076e-04	{H}
sp|P15038|HELD_ECOLI	MULTIPLE	1	68	622	178	8.656e-11	{RWAQH}
sp|P15038|HELD_ECOLI	WHOLE	1	1	684	54	1.273e-04	{R}
sp|P15078|CSTA_ECOLI	SINGLE	1	18	700	90	5.250e-07	{A}
sp|P15078|CSTA_ECOLI	SINGLE	2	111	573	25	2.711e-05	{M}
sp|P15078|CSTA_ECOLI	SINGLE	3	9	416	48	2.916e-05	{V}
sp|P15078|CSTA_ECOLI	SINGLE	4	90	560	54	3.547e-05	{G}
sp|P15078|CSTA_ECOLI	SINGLE	5	477	594	24	1.080e-04	{L}
sp|P15078|CSTA_ECOLI	SINGLE	6	162	234	12	1.734e-04	{I}
sp|P15078|CSTA_ECOLI	SINGLE	7	673	687	5	4.135e-04	{P}
sp|P15078|CSTA_ECOLI	SINGLE	8	198	662	32	8.168e-04	{F}
sp|P15078|CSTA_ECOLI	MULTIPLE	1	12	671	414	3.778e-29	{AMVGLIF}
sp|P15078|CSTA_ECOLI	WHOLE	1	1	701	90	1.486e-06	{A}
sp|P15078|CSTA_ECOLI	WHOLE	2	1	701	70	1.098e-04	{V}
sp|P15078|CSTA_ECOLI	WHOLE	3	1	701	31	1.241e-04	{M}
sp|P16095|SDHL_ECOLI	SINGLE	1	268	416	29	3.089e-06	{A}
sp|P16095|SDHL_ECOLI	SINGLE	2	231	245	5	4.635e-04	{R}
sp|P16095|SDHL_ECOLI	SINGLE	3	11	386	41	5.986e-04	{G}
sp|P16095|SDHL_ECOLI	SINGLE	4	64	87	6	7.779e-04	{I}
sp|P16256|PANF_ECOLI	SINGLE	1	74	464	70	3.371e-08	{L}
sp|P16256|PANF_ECOLI	SINGLE	2	144	393	27	7.684e-05	{I}
sp|P16256|PANF_ECOLI	SINGLE	3	49	440	51	1.287e-04	{A}
sp|P16256|PANF_ECOLI	SINGLE	4	182	315	20	2.695e-04	{V}
sp|P16256|PANF_ECOLI	SINGLE	5	30	294	32	4.203e-04	{G}
sp|P16256|PANF_ECOLI	SINGLE	6	5	21	6	4.421e-04	{V}
sp|P16256|PANF_ECOLI	MULTIPLE	1	44	462	234	2.136e-18	{LIAVG}
sp|P16256|PANF_ECOLI	WHOLE	1	1	483	79	2.233e-07	{L}
sp|P16429|HYCC_ECOLI	SINGLE	1	64	513	87	1.882e-11	{L}
sp|P16429|HYCC_ECOLI	SINGLE	2	32	441	54	7.875e-07	{G}
sp|P16429|HYCC_ECOLI	SINGLE	3	3	561	76	1.140e-06	{A}
sp|P16429|HYCC_ECOLI	SINGLE	4	113	137	5	1.683e-04	{M}
sp|P16429|HYCC_ECOLI	SINGLE	5	365	379	4	2.419e-04	{M}
sp|P16429|HYCC_ECOLI	SINGLE	6	477	514	8	2.635e-04	{P}
sp|P16429|HYCC_ECOLI	SINGLE	7	154	259	7	8.983e-04	{W}
sp|P16429|HYCC_ECOLI	MULTIPLE	1	16	535	254	1.187e-25	{LGAMW}
sp|P16429|HYCC_ECOLI	WHOLE	1	1	608	103	7.371e-10	{L}
sp|P16429|HYCC_ECOLI	WHOLE	2	1	608	80	2.083e-06	{A}
sp|P16429|HYCC_ECOLI	WHOLE	3	1	608	64	8.635e-05	{G}
sp|P16430|HYCD_ECOLI	SINGLE	1	4	305	49	3.692e-05	{L}
sp|P16430|HYCD_ECOLI	SINGLE	2	230	270	10	1.856e-04	{V}
sp|P16430|HYCD_ECOLI	SINGLE	3	25	44	6	2.355e-04	{R}
sp|P16430|HYCD_ECOLI	SINGLE	4	104	122	5	6.080e-04	{F}
sp|P16430|HYCD_ECOLI	SINGLE	5	70	87	6	6.200e-04	{V}
sp|P16430|HYCD_ECOLI	MULTIPLE	1	3	305	99	2.745e-08	{LVF}
sp|P16430|HYCD_ECOLI	WHOLE	1	1	307	49	5.478e-05	{L}
sp|P16431|HYCE_ECOLI	SINGLE	1	107	563	43	1.380e-05	{R}
sp|P16431|HYCE_ECOLI	SINGLE	2	99	194	14	1.111e-04	{P}
sp|P16431|HYCE_ECOLI	SINGLE	3	21	136	19	1.172e-04	{V}
sp|P16431|HYCE_ECOLI	SINGLE	4	291	305	5	1.842e-04	{F}
sp|P16431|HYCE_ECOLI	SINGLE	5	275	290	7	2.677e-04	{L}
sp|P16431|HYCE_ECOLI	SINGLE	6	343	357	5	2.936e-04	{Q}
sp|P16431|HYCE_ECOLI	SINGLE	7	220	538	17	4.873e-04	{M}
sp|P16431|HYCE_ECOLI	MULTIPLE	1	35	551	109	5.351e-07	{RVM}
sp|P16431|HYCE_ECOLI	WHOLE	1	1	569	45	3.689e-04	{R}
sp|P16432|HYCF_ECOLI	SINGLE	1	40	163	14	1.330e-08	{C}
sp|P16432|HYCF_ECOLI	WHOLE	1	1	180	14	1.269e-06	{C}
sp|P16433|HYCG_ECOLI	SINGLE	1	192	209	6	1.244e-04	{R}
sp|P16433|HYCG_ECOLI	SINGLE	2	135	149	5	4.135e-04	{P}
sp|P16676|CYSA_ECOLI	SINGLE	1	53	88	6	1.079e-04	{H}
sp|P16676|CYSA_ECOLI	SINGLE	2	46	355	30	1.344e-04	{R}
sp|P16676|CYSA_ECOLI	SINGLE	3	110	152	11	2.901e-04	{A}
sp|P16676|CYSA_ECOLI	SINGLE	4	120	186	15	6.548e-04	{L}
sp|P16676|CYSA_ECOLI	MULTIPLE	1	46	355	44	3.625e-06	{HR}
sp|P16676|CYSA_ECOLI	MULTIPLE	2	110	182	27	2.455e-05	{AL}
sp|P16676|CYSA_ECOLI	WHOLE	1	1	365	31	8.268e-04	{R}
sp|P16678|PHNK_ECOLI	SINGLE	1	184	217	12	2.412e-05	{L}
sp|P16678|PHNK_ECOLI	SINGLE	2	161	249	16	1.306e-04	{V}
sp|P16678|PHNK_ECOLI	SINGLE	3	67	122	10	2.368e-04	{R}
sp|P16678|PHNK_ECOLI	MULTIPLE	1	176	234	27	3.933e-08	{LV}
sp|P16678|PHNK_ECOLI	WHOLE	1	1	252	38	8.181e-04	{L}
sp|P16679|PHNL_ECOLI	SINGLE	1	74	111	9	4.757e-04	{V}
sp|P16685|PHNG_ECOLI	SINGLE	1	3	136	25	2.763e-05	{A}
sp|P16685|PHNG_ECOLI	WHOLE	1	1	150	26	6.743e-05	{A}
sp|P16691|PHNO_ECOLI	SINGLE	1	31	72	7	2.919e-05	{H}
sp|P16691|PHNO_ECOLI	WHOLE	1	1	144	10	9.708e-04	{H}
sp|P16700|CYSP_ECOLI	SINGLE	1	5	19	7	1.659e-04	{L}
sp|P16700|CYSP_ECOLI	SINGLE	2	267	285	5	5.171e-04	{Y}
sp|P16700|CYSP_ECOLI	SINGLE	3	158	172	6	5.574e-04	{A}
sp|P17315|CIRA_ECOLI	SINGLE	1	8	170	23	2.303e-04	{V}
sp|P17315|CIRA_ECOLI	SINGLE	2	27	268	27	2.803e-04	{D}
sp|P17315|CIRA_ECOLI	SINGLE	3	450	472	7	4.101e-04	{E}
sp|P17315|CIRA_ECOLI	SINGLE	4	157	416	30	4.443e-04	{T}
sp|P17315|CIRA_ECOLI	SINGLE	5	495	574	11	4.782e-04	{N}
sp|P17315|CIRA_ECOLI	SINGLE	6	138	637	51	6.819e-04	{G}
sp|P17315|CIRA_ECOLI	SINGLE	7	637	651	5	9.005e-04	{D}
sp|P17315|CIRA_ECOLI	SINGLE	8	338	621	12	9.174e-04	{W}
sp|P17315|CIRA_ECOLI	MULTIPLE	1	21	645	224	4.463e-08	{VDTGW}
sp|P17410|CHBR_ECOLI	SINGLE	1	20	152	16	5.019e-05	{F}
sp|P17410|CHBR_ECOLI	SINGLE	2	258	274	6	3.418e-04	{K}
sp|P17410|CHBR_ECOLI	WHOLE	1	1	280	23	4.344e-04	{F}
sp|P17446|BETI_ECOLI	SINGLE	1	10	185	19	5.265e-04	{R}
sp|P17802|MUTY_ECOLI	SINGLE	1	192	208	4	1.265e-04	{C}
sp|P18133|PNCB_ECOLI	SINGLE	1	10	34	5	1.683e-04	{H}
sp|P18133|PNCB_ECOLI	SINGLE	2	57	72	5	4.085e-04	{Q}
sp|P18133|PNCB_ECOLI	SINGLE	3	168	182	5	4.635e-04	{R}
sp|P18392|RSTB_ECOLI	SINGLE	1	4	352	63	1.102e-07	{L}
sp|P18392|RSTB_ECOLI	SINGLE	2	385	414	8	4.831e-04	{G}
sp|P18392|RSTB_ECOLI	SINGLE	3	139	155	5	9.825e-04	{I}
sp|P18392|RSTB_ECOLI	WHOLE	1	1	433	69	2.763e-06	{L}
sp|P18777|DMSC_ECOLI	SINGLE	1	27	268	44	5.768e-06	{L}
sp|P18777|DMSC_ECOLI	SINGLE	2	48	201	13	2.937e-05	{M}
sp|P18777|DMSC_ECOLI	SINGLE	3	186	200	6	2.045e-04	{V}
sp|P18777|DMSC_ECOLI	SINGLE	4	121	136	6	3.059e-04	{V}
sp|P18777|DMSC_ECOLI	SINGLE	5	5	241	11	7.087e-04	{W}
sp|P18777|DMSC_ECOLI	MULTIPLE	1	5	264	97	7.862e-12	{LMVW}
sp|P18777|DMSC_ECOLI	WHOLE	1	1	287	18	5.211e-05	{M}
sp|P18777|DMSC_ECOLI	WHOLE	2	1	287	46	7.931e-05	{L}
sp|P19323|FHLA_ECOLI	SINGLE	1	272	691	65	1.234e-05	{L}
sp|P19323|FHLA_ECOLI	SINGLE	2	420	613	23	4.168e-05	{R}
sp|P19323|FHLA_ECOLI	SINGLE	3	160	175	6	3.059e-04	{V}
sp|P19323|FHLA_ECOLI	SINGLE	4	546	560	5	4.135e-04	{P}
sp|P19323|FHLA_ECOLI	SINGLE	5	11	57	8	6.914e-04	{Q}
sp|P19323|FHLA_ECOLI	SINGLE	6	251	655	42	9.042e-04	{E}
sp|P19323|FHLA_ECOLI	MULTIPLE	1	251	684	143	4.449e-10	{LRE}
sp|P19323|FHLA_ECOLI	WHOLE	1	1	692	93	6.063e-05	{L}
sp|P19323|FHLA_ECOLI	WHOLE	2	1	692	52	4.547e-04	{R}
sp|P19642|PTOCB_ECOLI	SINGLE	1	34	216	25	2.995e-06	{I}
sp|P19642|PTOCB_ECOLI	SINGLE	2	333	517	29	6.375e-06	{V}
sp|P19642|PTOCB_ECOLI	SINGLE	3	140	392	36	8.241e-06	{G}
sp|P19642|PTOCB_ECOLI	SINGLE	4	14	422	35	9.854e-06	{F}
sp|P19642|PTOCB_ECOLI	SINGLE	5	500	515	5	4.085e-04	{Q}
sp|P19642|PTOCB_ECOLI	SINGLE	6	11	370	51	5.849e-04	{L}
sp|P19642|PTOCB_ECOLI	MULTIPLE	1	28	393	160	8.800e-16	{IGFL}
sp|P19642|PTOCB_ECOLI	WHOLE	1	1	530	45	1.627e-04	{I}
sp|P19642|PTOCB_ECOLI	WHOLE	2	1	530	56	1.910e-04	{G}
sp|P19642|PTOCB_ECOLI	WHOLE	3	1	530	35	9.721e-04	{F}
sp|P20099|BISC_ECOLI	SINGLE	1	348	367	8	2.065e-05	{G}
sp|P20099|BISC_ECOLI	SINGLE	2	266	312	12	1.618e-04	{A}
sp|P20099|BISC_ECOLI	SINGLE	3	320	346	5	2.447e-04	{M}
sp|P20099|BISC_ECOLI	SINGLE	4	87	627	19	3.910e-04	{W}
sp|P20099|BISC_ECOLI	SINGLE	5	555	643	12	6.429e-04	{P}
sp|P20099|BISC_ECOLI	SINGLE	6	138	162	7	7.874e-04	{G}
sp|P20099|BISC_ECOLI	MULTIPLE	1	197	429	38	1.757e-05	{GW}
sp|P20099|BISC_ECOLI	WHOLE	1	1	777	23	9.659e-04	{W}
sp|P21169|DCOR_ECOLI	SINGLE	1	128	147	6	7.924e-05	{F}
sp|P21169|DCOR_ECOLI	SINGLE	2	123	404	17	1.279e-04	{H}
sp|P21169|DCOR_ECOLI	SINGLE	3	343	357	5	2.936e-04	{Q}
sp|P21169|DCOR_ECOLI	MULTIPLE	1	118	404	39	1.607e-06	{FH}
sp|P21189|DPO2_ECOLI	SINGLE	1	52	755	61	4.245e-06	{R}
sp|P21189|DPO2_ECOLI	SINGLE	2	646	663	5	7.334e-04	{Q}
sp|P21189|DPO2_ECOLI	SINGLE	3	379	447	10	9.983e-04	{P}
sp|P21189|DPO2_ECOLI	WHOLE	1	1	783	63	2.543e-05	{R}
sp|P21517|MALZ_ECOLI	SINGLE	1	541	555	7	1.824e-05	{V}
sp|P21517|MALZ_ECOLI	SINGLE	2	5	501	20	5.342e-05	{W}
sp|P21517|MALZ_ECOLI	SINGLE	3	414	443	7	2.099e-04	{Q}
sp|P21517|MALZ_ECOLI	SINGLE	4	8	138	16	2.896e-04	{P}
sp|P21517|MALZ_ECOLI	SINGLE	5	76	104	7	3.066e-04	{R}
sp|P21517|MALZ_ECOLI	SINGLE	6	209	271	7	3.767e-04	{H}
sp|P21517|MALZ_ECOLI	SINGLE	7	111	492	37	4.091e-04	{D}
sp|P21517|MALZ_ECOLI	SINGLE	8	15	168	16	7.249e-04	{Q}
sp|P21517|MALZ_ECOLI	MULTIPLE	1	5	502	182	3.586e-12	{WQPRHD}
sp|P21517|MALZ_ECOLI	WHOLE	1	1	604	22	9.437e-05	{W}
sp|P21866|KDPE_ECOLI	SINGLE	1	14	222	22	2.987e-04	{R}
sp|P21866|KDPE_ECOLI	WHOLE	1	1	225	22	7.519e-04	{R}
sp|P21889|SYD_ECOLI	SINGLE	1	2	287	32	5.714e-06	{R}
sp|P21889|SYD_ECOLI	SINGLE	2	459	473	7	6.097e-05	{A}
sp|P21889|SYD_ECOLI	SINGLE	3	379	439	11	3.757e-04	{D}
sp|P21889|SYD_ECOLI	SINGLE	4	553	577	8	3.852e-04	{A}
sp|P21889|SYD_ECOLI	SINGLE	5	309	544	29	5.563e-04	{G}
sp|P21889|SYD_ECOLI	MULTIPLE	1	308	534	56	1.748e-05	{AG}
sp|P22524|MUKE_ECOLI	SINGLE	1	140	206	13	1.252e-05	{R}
sp|P22524|MUKE_ECOLI	SINGLE	2	14	165	29	7.619e-05	{L}
sp|P22524|MUKE_ECOLI	SINGLE	3	209	234	8	1.485e-04	{E}
sp|P22524|MUKE_ECOLI	MULTIPLE	1	14	206	51	2.275e-06	{RL}
sp|P22939|ISPA_ECOLI	SINGLE	1	68	291	36	1.887e-05	{A}
sp|P22939|ISPA_ECOLI	SINGLE	2	84	292	26	6.901e-05	{D}
sp|P22939|ISPA_ECOLI	SINGLE	3	220	280	9	9.287e-04	{Q}
sp|P22939|ISPA_ECOLI	MULTIPLE	1	67	292	63	4.762e-09	{AD}
sp|P22939|ISPA_ECOLI	WHOLE	1	1	299	42	9.268e-05	{A}
sp|P23173|TNAB_ECOLI	SINGLE	1	45	400	45	6.696e-09	{I}
sp|P23173|TNAB_ECOLI	SINGLE	2	155	414	30	1.124e-07	{F}
sp|P23173|TNAB_ECOLI	SINGLE	3	287	339	13	5.994e-04	{L}
sp|P23173|TNAB_ECOLI	SINGLE	4	139	298	23	6.929e-04	{S}
sp|P23173|TNAB_ECOLI	MULTIPLE	1	39	414	130	9.568e-15	{IFL}
sp|P23173|TNAB_ECOLI	WHOLE	1	1	415	47	8.772e-08	{I}
sp|P23173|TNAB_ECOLI	WHOLE	2	1	415	39	3.761e-07	{F}
sp|P23200|MGLC_ECOLI	SINGLE	1	18	322	39	4.529e-08	{I}
sp|P23200|MGLC_ECOLI	SINGLE	2	207	307	20	6.950e-06	{G}
sp|P23200|MGLC_ECOLI	SINGLE	3	273	298	9	2.040e-05	{V}
sp|P23200|MGLC_ECOLI	SINGLE	4	155	211	10	5.532e-05	{F}
sp|P23200|MGLC_ECOLI	SINGLE	5	22	46	9	2.059e-04	{L}
sp|P23200|MGLC_ECOLI	MULTIPLE	1	16	327	167	1.438e-16	{IGVFL}
sp|P23200|MGLC_ECOLI	WHOLE	1	1	336	39	5.252e-07	{I}
sp|P23200|MGLC_ECOLI	WHOLE	2	1	336	38	4.751e-04	{G}
sp|P23482|HYFB_ECOLI	SINGLE	1	4	550	99	4.212e-11	{L}
sp|P23482|HYFB_ECOLI	SINGLE	2	77	500	29	7.172e-08	{M}
sp|P23482|HYFB_ECOLI	SINGLE	3	111	577	70	8.600e-08	{A}
sp|P23482|HYFB_ECOLI	SINGLE	4	116	218	16	2.086e-06	{F}
sp|P23482|HYFB_ECOLI	SINGLE	5	553	639	13	1.891e-04	{R}
sp|P23482|HYFB_ECOLI	SINGLE	6	32	51	6	2.742e-04	{I}
sp|P23482|HYFB_ECOLI	SINGLE	7	549	572	4	3.879e-04	{W}
sp|P23482|HYFB_ECOLI	MULTIPLE	1	11	567	286	2.939e-27	{LMAFIW}
sp|P23482|HYFB_ECOLI	WHOLE	1	1	672	113	1.901e-10	{L}
sp|P23482|HYFB_ECOLI	WHOLE	2	1	672	89	4.948e-07	{A}
sp|P23482|HYFB_ECOLI	WHOLE	3	1	672	33	1.185e-05	{M}
sp|P23484|FECI_ECOLI	SINGLE	1	108	137	10	1.894e-04	{L}
sp|P23524|GLXK1_ECOLI	SINGLE	1	44	337	45	1.011e-07	{G}
sp|P23524|GLXK1_ECOLI	SINGLE	2	16	263	36	1.406e-04	{A}
sp|P23524|GLXK1_ECOLI	SINGLE	3	118	375	26	2.822e-04	{I}
sp|P23524|GLXK1_ECOLI	SINGLE	4	304	344	9	8.358e-04	{V}
sp|P23524|GLXK1_ECOLI	MULTIPLE	1	19	376	156	1.882e-13	{GAIV}
sp|P23524|GLXK1_ECOLI	WHOLE	1	1	381	50	2.071e-06	{G}
sp|P23524|GLXK1_ECOLI	WHOLE	2	1	381	49	2.135e-04	{A}
sp|P23524|GLXK1_ECOLI	WHOLE	3	1	381	33	6.845e-04	{I}
sp|P23849|TRKG_ECOLI	SINGLE	1	33	482	45	9.158e-09	{F}
sp|P23849|TRKG_ECOLI	SINGLE	2	44	476	46	6.842e-07	{I}
sp|P23849|TRKG_ECOLI	SINGLE	3	126	382	40	3.553e-04	{L}
sp|P23849|TRKG_ECOLI	MULTIPLE	1	32	482	150	3.969e-15	{FIL}
sp|P23849|TRKG_ECOLI	WHOLE	1	1	485	46	3.008e-08	{F}
sp|P23849|TRKG_ECOLI	WHOLE	2	1	485	46	1.187e-05	{I}
sp|P23869|PPIB_ECOLI	SINGLE	1	122	162	10	1.856e-04	{V}
sp|P23869|PPIB_ECOLI	SINGLE	2	26	109	11	7.101e-04	{N}
sp|P23871|HEMH_ECOLI	SINGLE	1	224	265	6	2.547e-04	{M}
sp|P23871|HEMH_ECOLI	SINGLE	2	75	89	5	2.936e-04	{Q}
sp|P23876|FEPD_ECOLI	SINGLE	1	16	294	60	3.082e-10	{L}
sp|P23876|FEPD_ECOLI	SINGLE	2	6	296	50	8.718e-08	{A}
sp|P23876|FEPD_ECOLI	SINGLE	3	67	168	18	8.737e-05	{G}
sp|P23876|FEPD_ECOLI	SINGLE	4	302	326	7	6.967e-04	{V}
sp|P23876|FEPD_ECOLI	MULTIPLE	1	10	296	139	4.565e-20	{LAG}
sp|P23876|FEPD_ECOLI	WHOLE	1	1	334	63	2.206e-08	{L}
sp|P23876|FEPD_ECOLI	WHOLE	2	1	334	53	4.670e-07	{A}
sp|P23877|FEPG_ECOLI	SINGLE	1	8	323	59	8.309e-08	{L}
sp|P23877|FEPG_ECOLI	SINGLE	2	156	296	29	1.001e-06	{A}
sp|P23877|FEPG_ECOLI	SINGLE	3	44	239	14	8.726e-05	{M}
sp|P23877|FEPG_ECOLI	SINGLE	4	138	152	5	5.275e-04	{I}
sp|P23877|FEPG_ECOLI	MULTIPLE	1	8	324	141	1.269e-15	{LAMI}
sp|P23877|FEPG_ECOLI	WHOLE	1	1	330	59	3.604e-07	{L}
sp|P23877|FEPG_ECOLI	WHOLE	2	1	330	45	1.069e-04	{A}
sp|P23878|FEPC_ECOLI	SINGLE	1	59	73	4	2.419e-04	{H}
sp|P23878|FEPC_ECOLI	SINGLE	2	166	204	11	4.492e-04	{L}
sp|P23917|MAK_ECOLI	SINGLE	1	131	156	10	2.909e-06	{G}
sp|P23917|MAK_ECOLI	SINGLE	2	103	144	12	5.149e-05	{A}
sp|P23917|MAK_ECOLI	SINGLE	3	55	73	6	9.446e-04	{G}
sp|P23917|MAK_ECOLI	MULTIPLE	1	103	156	25	1.859e-08	{GA}
sp|P23917|MAK_ECOLI	WHOLE	1	1	302	39	3.162e-05	{G}
sp|P24077|ENTS_ECOLI	SINGLE	1	7	401	85	8.904e-14	{L}
sp|P24077|ENTS_ECOLI	SINGLE	2	192	209	8	6.136e-07	{P}
sp|P24077|ENTS_ECOLI	SINGLE	3	55	391	47	7.863e-07	{G}
sp|P24077|ENTS_ECOLI	SINGLE	4	124	382	41	8.032e-06	{A}
sp|P24077|ENTS_ECOLI	MULTIPLE	1	7	398	183	1.576e-23	{LGA}
sp|P24077|ENTS_ECOLI	WHOLE	1	1	416	85	1.631e-12	{L}
sp|P24077|ENTS_ECOLI	WHOLE	2	1	416	49	3.919e-05	{G}
sp|P24077|ENTS_ECOLI	WHOLE	3	1	416	51	4.597e-04	{A}
sp|P24169|DCOS_ECOLI	SINGLE	1	351	377	7	1.046e-04	{Q}
sp|P24169|DCOS_ECOLI	SINGLE	2	385	422	6	1.464e-04	{M}
sp|P24169|DCOS_ECOLI	SINGLE	3	536	576	12	1.768e-04	{L}
sp|P24169|DCOS_ECOLI	SINGLE	4	111	155	8	2.692e-04	{F}
sp|P24169|DCOS_ECOLI	SINGLE	5	102	479	19	4.810e-04	{H}
sp|P24169|DCOS_ECOLI	MULTIPLE	1	82	490	47	1.390e-05	{FH}
sp|P24180|ACRE_ECOLI	SINGLE	1	98	177	21	4.936e-07	{A}
sp|P24180|ACRE_ECOLI	SINGLE	2	87	371	25	4.200e-04	{Q}
sp|P24180|ACRE_ECOLI	SINGLE	3	187	204	6	4.891e-04	{T}
sp|P24180|ACRE_ECOLI	SINGLE	4	34	360	36	6.998e-04	{V}
sp|P24180|ACRE_ECOLI	MULTIPLE	1	38	340	84	1.111e-06	{QTV}
sp|P24197|YGID_ECOLI	SINGLE	1	3	254	25	2.130e-04	{P}
sp|P24197|YGID_ECOLI	WHOLE	1	1	271	25	5.778e-04	{P}
sp|P24216|FLID_ECOLI	SINGLE	1	23	458	66	1.702e-11	{T}
sp|P24216|FLID_ECOLI	SINGLE	2	3	337	54	1.671e-08	{S}
sp|P24216|FLID_ECOLI	SINGLE	3	147	283	19	5.511e-06	{N}
sp|P24216|FLID_ECOLI	SINGLE	4	24	233	33	6.008e-05	{A}
sp|P24216|FLID_ECOLI	SINGLE	5	121	169	9	4.678e-04	{I}
sp|P24216|FLID_ECOLI	MULTIPLE	1	2	455	241	7.999e-24	{TSNAI}
sp|P24216|FLID_ECOLI	WHOLE	1	1	468	66	3.416e-10	{T}
sp|P24216|FLID_ECOLI	WHOLE	2	1	468	67	4.342e-08	{S}
sp|P24251|CRL_ECOLI	SINGLE	1	91	109	6	8.541e-04	{E}
sp|P24251|CRL_ECOLI	SINGLE	2	100	118	7	8.828e-04	{L}
sp|P24251|CRL_ECOLI	MULTIPLE	1	91	119	15	6.161e-06	{EL}
sp|P24255|RP54_ECOLI	SINGLE	1	3	39	12	2.661e-08	{Q}
sp|P24255|RP54_ECOLI	SINGLE	2	51	231	26	6.259e-06	{D}
sp|P24255|RP54_ECOLI	SINGLE	3	5	47	14	1.485e-05	{L}
sp|P24255|RP54_ECOLI	SINGLE	4	32	81	12	5.371e-05	{E}
sp|P24255|RP54_ECOLI	SINGLE	5	52	155	17	1.550e-04	{T}
sp|P24255|RP54_ECOLI	SINGLE	6	159	176	6	6.250e-04	{E}
sp|P24255|RP54_ECOLI	MULTIPLE	1	3	49	27	1.870e-12	{QL}
sp|P24255|RP54_ECOLI	MULTIPLE	2	48	215	63	2.244e-09	{DET}
sp|P24255|RP54_ECOLI	WHOLE	1	1	477	38	1.418e-04	{Q}
sp|P24555|PTRB_ECOLI	SINGLE	1	23	622	46	3.508e-06	{Y}
sp|P24555|PTRB_ECOLI	SINGLE	2	7	483	44	1.749e-05	{R}
sp|P24555|PTRB_ECOLI	SINGLE	3	443	539	17	1.443e-04	{G}
sp|P24555|PTRB_ECOLI	SINGLE	4	192	289	9	2.457e-04	{H}
sp|P24555|PTRB_ECOLI	SINGLE	5	33	58	6	6.261e-04	{Q}
sp|P24555|PTRB_ECOLI	MULTIPLE	1	72	483	84	3.979e-09	{YRH}
sp|P24555|PTRB_ECOLI	WHOLE	1	1	686	48	2.151e-05	{Y}
sp|P25396|TEHA_ECOLI	SINGLE	1	159	315	33	3.630e-06	{L}
sp|P25396|TEHA_ECOLI	SINGLE	2	231	306	12	3.082e-05	{F}
sp|P25396|TEHA_ECOLI	SINGLE	3	70	115	10	4.827e-04	{V}
sp|P25396|TEHA_ECOLI	SINGLE	4	289	303	5	5.275e-04	{I}
sp|P25396|TEHA_ECOLI	SINGLE	5	27	52	4	5.295e-04	{W}
sp|P25396|TEHA_ECOLI	SINGLE	6	59	111	8	8.045e-04	{F}
sp|P25396|TEHA_ECOLI	MULTIPLE	1	166	315	46	1.164e-08	{LF}
sp|P25396|TEHA_ECOLI	MULTIPLE	2	66	115	17	5.117e-06	{VF}
sp|P25396|TEHA_ECOLI	WHOLE	1	1	330	53	2.527e-05	{L}
sp|P25396|TEHA_ECOLI	WHOLE	2	1	330	25	7.739e-04	{F}
sp|P25736|END1_ECOLI	SINGLE	1	8	42	12	6.881e-06	{A}
sp|P25736|END1_ECOLI	SINGLE	2	127	149	7	4.607e-04	{G}
sp|P25736|END1_ECOLI	SINGLE	3	55	231	18	4.665e-04	{Q}
sp|P25736|END1_ECOLI	SINGLE	4	159	173	6	5.574e-04	{A}
sp|P25736|END1_ECOLI	MULTIPLE	1	94	150	16	2.151e-04	{GQ}
sp|P25742|WAAQ_ECOLI	SINGLE	1	107	127	5	7.041e-05	{H}
sp|P25746|HFLD_ECOLI	SINGLE	1	62	130	17	9.560e-05	{L}
sp|P25746|HFLD_ECOLI	WHOLE	1	1	213	35	2.929e-04	{L}
sp|P25798|FLIF_ECOLI	SINGLE	1	58	526	44	1.088e-06	{Q}
sp|P25798|FLIF_ECOLI	SINGLE	2	469	544	13	4.840e-05	{R}
sp|P25798|FLIF_ECOLI	SINGLE	3	451	467	8	5.235e-05	{L}
sp|P25798|FLIF_ECOLI	SINGLE	4	315	357	9	6.470e-05	{N}
sp|P25798|FLIF_ECOLI	SINGLE	5	306	329	7	7.435e-05	{P}
sp|P25798|FLIF_ECOLI	SINGLE	6	369	383	6	2.045e-04	{V}
sp|P25798|FLIF_ECOLI	SINGLE	7	28	45	7	2.360e-04	{A}
sp|P25798|FLIF_ECOLI	SINGLE	8	442	468	4	6.125e-04	{W}
sp|P25798|FLIF_ECOLI	MULTIPLE	1	64	549	176	3.346e-09	{QRNPV}
sp|P25798|FLIF_ECOLI	MULTIPLE	2	451	468	11	3.004e-07	{LW}
sp|P25798|FLIF_ECOLI	WHOLE	1	1	552	46	1.260e-05	{Q}
sp|P25906|PDXI_ECOLI	SINGLE	1	170	240	14	7.608e-04	{A}
sp|P26218|BGLH_ECOLI	SINGLE	1	124	266	23	4.658e-05	{G}
sp|P26218|BGLH_ECOLI	SINGLE	2	343	528	19	9.583e-05	{F}
sp|P26218|BGLH_ECOLI	SINGLE	3	39	58	7	1.165e-04	{K}
sp|P26218|BGLH_ECOLI	SINGLE	4	269	339	12	3.826e-04	{D}
sp|P26218|BGLH_ECOLI	SINGLE	5	286	491	20	4.052e-04	{N}
sp|P26218|BGLH_ECOLI	SINGLE	6	26	55	8	4.252e-04	{E}
sp|P26218|BGLH_ECOLI	SINGLE	7	101	150	11	5.523e-04	{S}
sp|P26218|BGLH_ECOLI	SINGLE	8	135	341	10	8.948e-04	{W}
sp|P26218|BGLH_ECOLI	MULTIPLE	1	134	266	28	1.818e-06	{GW}
sp|P26218|BGLH_ECOLI	MULTIPLE	2	320	520	36	4.834e-06	{FN}
sp|P26218|BGLH_ECOLI	MULTIPLE	3	31	58	14	1.669e-06	{KE}
sp|P26646|ACUI_ECOLI	SINGLE	1	49	245	30	1.173e-05	{G}
sp|P26646|ACUI_ECOLI	SINGLE	2	99	309	30	5.970e-04	{A}
sp|P26646|ACUI_ECOLI	SINGLE	3	135	268	19	6.749e-04	{V}
sp|P26646|ACUI_ECOLI	MULTIPLE	1	87	268	70	3.193e-08	{GAV}
sp|P26647|PLSC_ECOLI	SINGLE	1	4	23	6	2.742e-04	{I}
sp|P27129|WAAJ_ECOLI	SINGLE	1	189	312	21	1.702e-05	{K}
sp|P27129|WAAJ_ECOLI	SINGLE	2	113	147	12	3.333e-05	{L}
sp|P27129|WAAJ_ECOLI	SINGLE	3	211	336	14	2.184e-04	{Y}
sp|P27129|WAAJ_ECOLI	SINGLE	4	21	57	7	7.584e-04	{N}
sp|P27129|WAAJ_ECOLI	MULTIPLE	1	185	338	38	7.549e-08	{KY}
sp|P27241|WAAZ_ECOLI	SINGLE	1	4	259	30	7.560e-06	{I}
sp|P27241|WAAZ_ECOLI	SINGLE	2	159	199	5	4.397e-04	{C}
sp|P27241|WAAZ_ECOLI	WHOLE	1	1	283	30	4.653e-05	{I}
sp|P27245|MARR_ECOLI	SINGLE	1	7	143	25	4.118e-04	{L}
sp|P27245|MARR_ECOLI	SINGLE	2	47	111	6	5.351e-04	{C}
sp|P27245|MARR_ECOLI	MULTIPLE	1	14	143	30	2.861e-05	{LC}
sp|P27245|MARR_ECOLI	WHOLE	1	1	144	25	8.209e-04	{L}
sp|P27247|PLSX_ECOLI	SINGLE	1	4	297	48	3.750e-05	{L}
sp|P27247|PLSX_ECOLI	SINGLE	2	307	323	7	1.565e-04	{A}
sp|P27247|PLSX_ECOLI	SINGLE	3	310	330	6	1.841e-04	{Q}
sp|P27247|PLSX_ECOLI	SINGLE	4	23	115	17	5.565e-04	{A}
sp|P27247|PLSX_ECOLI	SINGLE	5	131	246	17	8.571e-04	{V}
sp|P27247|PLSX_ECOLI	MULTIPLE	1	4	301	74	1.374e-05	{LV}
sp|P27247|PLSX_ECOLI	MULTIPLE	2	307	334	15	1.318e-07	{AQ}
sp|P27247|PLSX_ECOLI	WHOLE	1	1	356	52	2.764e-04	{L}
sp|P27248|GCST_ECOLI	SINGLE	1	146	260	21	1.477e-04	{A}
sp|P27248|GCST_ECOLI	SINGLE	2	11	51	6	2.231e-04	{H}
sp|P27248|GCST_ECOLI	SINGLE	3	1	52	6	7.926e-04	{M}
sp|P27248|GCST_ECOLI	SINGLE	4	170	335	22	8.757e-04	{G}
sp|P27248|GCST_ECOLI	MULTIPLE	1	146	338	49	2.488e-05	{AG}
sp|P27248|GCST_ECOLI	MULTIPLE	2	11	52	11	1.163e-06	{HM}
sp|P27253|SCPA_ECOLI	SINGLE	1	490	526	14	3.095e-07	{A}
sp|P27253|SCPA_ECOLI	SINGLE	2	185	488	32	3.139e-05	{I}
sp|P27253|SCPA_ECOLI	SINGLE	3	269	284	5	2.574e-04	{F}
sp|P27253|SCPA_ECOLI	SINGLE	4	138	156	4	6.290e-04	{M}
sp|P27253|SCPA_ECOLI	WHOLE	1	1	714	88	8.618e-06	{A}
sp|P27254|ARGK_ECOLI	SINGLE	1	267	281	6	2.215e-05	{Q}
sp|P27254|ARGK_ECOLI	SINGLE	2	149	168	7	1.571e-04	{V}
sp|P27254|ARGK_ECOLI	SINGLE	3	52	189	21	1.990e-04	{G}
sp|P27254|ARGK_ECOLI	MULTIPLE	1	52	198	36	7.695e-05	{VG}
sp|P27298|OPDA_ECOLI	SINGLE	1	185	204	9	7.656e-06	{A}
sp|P27298|OPDA_ECOLI	SINGLE	2	461	477	5	2.339e-05	{H}
sp|P27298|OPDA_ECOLI	SINGLE	3	547	662	14	1.353e-04	{F}
sp|P27298|OPDA_ECOLI	SINGLE	4	4	24	6	2.747e-04	{P}
sp|P27298|OPDA_ECOLI	SINGLE	5	538	624	16	7.328e-04	{A}
sp|P27298|OPDA_ECOLI	MULTIPLE	1	544	634	25	2.358e-05	{FA}
sp|P27300|LPXK_ECOLI	SINGLE	1	46	290	37	1.018e-06	{V}
sp|P27300|LPXK_ECOLI	SINGLE	2	12	38	10	7.104e-05	{L}
sp|P27300|LPXK_ECOLI	SINGLE	3	52	88	9	4.511e-04	{G}
sp|P27300|LPXK_ECOLI	SINGLE	4	154	187	7	8.271e-04	{R}
sp|P27300|LPXK_ECOLI	MULTIPLE	1	40	283	79	2.063e-08	{VGR}
sp|P27300|LPXK_ECOLI	WHOLE	1	1	328	39	1.104e-04	{V}
sp|P27305|GLUQ_ECOLI	SINGLE	1	76	191	11	4.109e-05	{H}
sp|P27305|GLUQ_ECOLI	SINGLE	2	44	176	17	1.523e-04	{R}
sp|P27305|GLUQ_ECOLI	SINGLE	3	262	282	6	1.841e-04	{Q}
sp|P27305|GLUQ_ECOLI	SINGLE	4	223	255	7	5.968e-04	{P}
sp|P27305|GLUQ_ECOLI	MULTIPLE	1	44	176	27	3.291e-07	{HR}
sp|P27896|NARQ_ECOLI	SINGLE	1	20	479	79	3.034e-08	{L}
sp|P27896|NARQ_ECOLI	SINGLE	2	52	472	38	1.203e-05	{Q}
sp|P27896|NARQ_ECOLI	SINGLE	3	103	130	8	1.533e-05	{N}
sp|P27896|NARQ_ECOLI	SINGLE	4	324	338	7	3.582e-05	{S}
sp|P27896|NARQ_ECOLI	SINGLE	5	510	548	10	1.427e-04	{G}
sp|P27896|NARQ_ECOLI	MULTIPLE	1	20	472	143	5.918e-13	{LQN}
sp|P27896|NARQ_ECOLI	WHOLE	1	1	566	85	2.578e-06	{L}
sp|P27896|NARQ_ECOLI	WHOLE	2	1	566	40	8.629e-04	{Q}
sp|P28304|QOR1_ECOLI	SINGLE	1	81	186	24	1.398e-06	{A}
sp|P28304|QOR1_ECOLI	SINGLE	2	31	47	5	9.825e-04	{I}
sp|P28307|CSGA_ECOLI	SINGLE	1	16	123	27	1.229e-09	{G}
sp|P28307|CSGA_ECOLI	SINGLE	2	31	145	16	2.709e-05	{N}
sp|P28307|CSGA_ECOLI	SINGLE	3	6	20	6	5.574e-04	{A}
sp|P28307|CSGA_ECOLI	MULTIPLE	1	21	145	44	5.351e-13	{GN}
sp|P28307|CSGA_ECOLI	WHOLE	1	1	151	29	1.526e-07	{G}
sp|P28307|CSGA_ECOLI	WHOLE	2	1	151	16	5.676e-04	{N}
sp|P28631|HOLB_ECOLI	SINGLE	1	104	278	33	1.441e-06	{A}
sp|P28631|HOLB_ECOLI	SINGLE	2	119	334	42	1.703e-06	{L}
sp|P28631|HOLB_ECOLI	SINGLE	3	50	65	4	9.828e-05	{C}
sp|P28631|HOLB_ECOLI	SINGLE	4	146	160	5	4.635e-04	{R}
sp|P28631|HOLB_ECOLI	SINGLE	5	238	333	8	9.722e-04	{H}
sp|P28631|HOLB_ECOLI	MULTIPLE	1	117	323	94	9.148e-12	{ALRH}
sp|P28631|HOLB_ECOLI	WHOLE	1	1	334	56	4.722e-06	{L}
sp|P28631|HOLB_ECOLI	WHOLE	2	1	334	43	4.470e-04	{A}
sp|P28632|HOLD_ECOLI	SINGLE	1	101	120	7	4.883e-04	{A}
sp|P28634|TRMO_ECOLI	SINGLE	1	148	162	7	6.097e-05	{A}
sp|P28635|METQ_ECOLI	SINGLE	1	142	168	10	7.104e-05	{L}
sp|P28635|METQ_ECOLI	SINGLE	2	35	70	9	3.141e-04	{V}
sp|P28635|METQ_ECOLI	WHOLE	1	1	271	31	8.289e-04	{V}
sp|P28638|YHDJ_ECOLI	SINGLE	1	17	249	23	7.466e-04	{I}
sp|P28638|YHDJ_ECOLI	SINGLE	2	82	133	6	7.926e-04	{M}
sp|P28638|YHDJ_ECOLI	SINGLE	3	166	221	9	8.454e-04	{P}
sp|P28638|YHDJ_ECOLI	MULTIPLE	1	17	251	45	3.330e-04	{IMP}
sp|P28904|TREC_ECOLI	SINGLE	1	7	548	23	7.363e-06	{W}
sp|P28904|TREC_ECOLI	SINGLE	2	191	225	8	4.587e-04	{D}
sp|P28904|TREC_ECOLI	SINGLE	3	230	324	8	9.106e-04	{H}
sp|P28904|TREC_ECOLI	WHOLE	1	1	551	23	9.515e-06	{W}
sp|P29012|ALR2_ECOLI	SINGLE	1	209	340	20	2.893e-04	{G}
sp|P29208|MENC_ECOLI	SINGLE	1	20	39	6	2.355e-04	{R}
sp|P29208|MENC_ECOLI	SINGLE	2	59	279	32	3.108e-04	{A}
sp|P29208|MENC_ECOLI	SINGLE	3	36	58	7	4.101e-04	{E}
sp|P29208|MENC_ECOLI	MULTIPLE	1	20	58	13	1.746e-04	{RE}
sp|P29680|DCUP_ECOLI	SINGLE	1	317	353	7	1.243e-05	{H}
sp|P29680|DCUP_ECOLI	SINGLE	2	314	328	6	2.293e-04	{G}
sp|P29680|DCUP_ECOLI	MULTIPLE	1	314	346	13	1.746e-06	{HG}
sp|P30126|LEUD_ECOLI	SINGLE	1	30	167	15	2.464e-04	{F}
sp|P30136|THIC_ECOLI	SINGLE	1	97	182	14	4.430e-05	{R}
sp|P30136|THIC_ECOLI	SINGLE	2	520	543	8	2.843e-04	{A}
sp|P30136|THIC_ECOLI	SINGLE	3	157	306	18	2.983e-04	{I}
sp|P30136|THIC_ECOLI	SINGLE	4	431	447	4	4.036e-04	{M}
sp|P30136|THIC_ECOLI	SINGLE	5	583	613	5	4.717e-04	{M}
sp|P30136|THIC_ECOLI	SINGLE	6	217	242	6	6.115e-04	{N}
sp|P30136|THIC_ECOLI	SINGLE	7	366	579	13	6.541e-04	{H}
sp|P30136|THIC_ECOLI	SINGLE	8	161	456	33	9.097e-04	{E}
sp|P30136|THIC_ECOLI	MULTIPLE	1	154	242	29	4.751e-06	{RIN}
sp|P30136|THIC_ECOLI	MULTIPLE	2	161	508	63	1.790e-05	{MHE}
sp|P30137|THIE_ECOLI	SINGLE	1	50	206	30	3.109e-06	{A}
sp|P30137|THIE_ECOLI	SINGLE	2	27	73	9	2.802e-04	{R}
sp|P30137|THIE_ECOLI	SINGLE	3	3	17	5	4.135e-04	{P}
sp|P30137|THIE_ECOLI	MULTIPLE	1	27	200	46	4.369e-07	{AR}
sp|P30137|THIE_ECOLI	WHOLE	1	1	211	31	2.968e-04	{A}
sp|P30744|SDHM_ECOLI	SINGLE	1	240	410	36	3.178e-08	{A}
sp|P30744|SDHM_ECOLI	SINGLE	2	217	245	7	3.066e-04	{R}
sp|P30744|SDHM_ECOLI	SINGLE	3	64	87	6	7.779e-04	{I}
sp|P30845|EPTA_ECOLI	SINGLE	1	2	193	40	5.023e-07	{L}
sp|P30845|EPTA_ECOLI	SINGLE	2	479	514	10	1.863e-06	{Q}
sp|P30845|EPTA_ECOLI	SINGLE	3	192	207	7	5.908e-05	{S}
sp|P30845|EPTA_ECOLI	SINGLE	4	185	437	25	7.160e-05	{N}
sp|P30845|EPTA_ECOLI	SINGLE	5	93	109	6	1.019e-04	{I}
sp|P30845|EPTA_ECOLI	SINGLE	6	401	424	7	4.105e-04	{T}
sp|P30845|EPTA_ECOLI	SINGLE	7	356	532	16	7.548e-04	{Y}
sp|P30845|EPTA_ECOLI	SINGLE	8	329	355	4	7.937e-04	{C}
sp|P30845|EPTA_ECOLI	MULTIPLE	1	2	193	57	1.377e-08	{LI}
sp|P30845|EPTA_ECOLI	MULTIPLE	2	185	423	32	9.101e-06	{NC}
sp|P30845|EPTA_ECOLI	WHOLE	1	1	547	75	1.398e-04	{L}
sp|P30860|ARTJ_ECOLI	SINGLE	1	6	20	6	5.574e-04	{A}
sp|P30871|3PASE_ECOLI	SINGLE	1	192	351	30	4.553e-06	{A}
sp|P30871|3PASE_ECOLI	SINGLE	2	19	382	52	4.438e-04	{L}
sp|P30871|3PASE_ECOLI	SINGLE	3	146	162	6	4.457e-04	{E}
sp|P30871|3PASE_ECOLI	SINGLE	4	13	31	4	6.290e-04	{H}
sp|P30871|3PASE_ECOLI	MULTIPLE	1	87	330	94	6.606e-08	{ALE}
sp|P31058|YADC_ECOLI	SINGLE	1	42	410	45	7.491e-06	{T}
sp|P31058|YADC_ECOLI	SINGLE	2	18	376	31	1.279e-04	{N}
sp|P31058|YADC_ECOLI	SINGLE	3	7	239	21	1.471e-04	{Y}
sp|P31058|YADC_ECOLI	SINGLE	4	66	114	11	2.339e-04	{G}
sp|P31058|YADC_ECOLI	SINGLE	5	212	226	6	3.585e-04	{S}
sp|P31058|YADC_ECOLI	MULTIPLE	1	29	379	161	6.577e-13	{TNYGS}
sp|P31058|YADC_ECOLI	WHOLE	1	1	412	48	1.261e-05	{T}
sp|P31058|YADC_ECOLI	WHOLE	2	1	412	32	5.654e-04	{N}
sp|P31135|POTH_ECOLI	SINGLE	1	18	226	44	1.082e-07	{L}
sp|P31135|POTH_ECOLI	SINGLE	2	33	302	31	8.140e-06	{I}
sp|P31135|POTH_ECOLI	MULTIPLE	1	18	302	84	1.194e-11	{LI}
sp|P31135|POTH_ECOLI	WHOLE	1	1	317	54	4.303e-06	{L}
sp|P31135|POTH_ECOLI	WHOLE	2	1	317	31	1.438e-04	{I}
sp|P31434|XYLS_ECOLI	SINGLE	1	569	615	9	6.558e-07	{M}
sp|P31434|XYLS_ECOLI	SINGLE	2	267	682	20	4.741e-06	{W}
sp|P31434|XYLS_ECOLI	SINGLE	3	496	514	7	1.246e-04	{G}
sp|P31434|XYLS_ECOLI	SINGLE	4	77	211	16	1.730e-04	{N}
sp|P31434|XYLS_ECOLI	SINGLE	5	303	325	6	1.831e-04	{F}
sp|P31434|XYLS_ECOLI	SINGLE	6	637	697	7	3.105e-04	{H}
sp|P31434|XYLS_ECOLI	SINGLE	7	208	232	7	6.967e-04	{V}
sp|P31434|XYLS_ECOLI	MULTIPLE	1	267	697	64	1.255e-07	{WFH}
sp|P31434|XYLS_ECOLI	MULTIPLE	2	77	232	32	1.547e-04	{NV}
sp|P31434|XYLS_ECOLI	WHOLE	1	1	772	25	1.945e-04	{W}
sp|P31441|ADEC_ECOLI	SINGLE	1	33	59	8	2.965e-05	{I}
sp|P31441|ADEC_ECOLI	SINGLE	2	293	331	6	1.692e-04	{H}
sp|P31441|ADEC_ECOLI	SINGLE	3	99	114	6	2.398e-04	{T}
sp|P31441|ADEC_ECOLI	SINGLE	4	60	541	58	3.390e-04	{A}
sp|P31441|ADEC_ECOLI	MULTIPLE	1	60	541	77	1.383e-05	{HA}
sp|P31467|YIEH_ECOLI	SINGLE	1	104	155	6	7.926e-04	{M}
sp|P31675|SETA_ECOLI	SINGLE	1	1	333	27	6.415e-09	{M}
sp|P31675|SETA_ECOLI	SINGLE	2	8	387	52	3.371e-05	{A}
sp|P31675|SETA_ECOLI	SINGLE	3	31	312	43	3.462e-04	{L}
sp|P31675|SETA_ECOLI	MULTIPLE	1	5	387	128	1.963e-11	{MAL}
sp|P31675|SETA_ECOLI	WHOLE	1	1	392	27	1.692e-07	{M}
sp|P31675|SETA_ECOLI	WHOLE	2	1	392	52	7.166e-05	{A}
sp|P31680|DJLA_ECOLI	SINGLE	1	167	198	10	5.644e-07	{Q}
sp|P31680|DJLA_ECOLI	SINGLE	2	177	192	8	2.775e-06	{G}
sp|P31680|DJLA_ECOLI	SINGLE	3	5	30	8	1.697e-04	{G}
sp|P31680|DJLA_ECOLI	SINGLE	4	1	249	15	3.002e-04	{M}
sp|P31680|DJLA_ECOLI	SINGLE	5	37	130	13	3.948e-04	{R}
sp|P31680|DJLA_ECOLI	MULTIPLE	1	176	196	15	1.069e-10	{QG}
sp|P31680|DJLA_ECOLI	MULTIPLE	2	1	249	60	3.149e-06	{GMR}
sp|P31680|DJLA_ECOLI	WHOLE	1	1	271	24	4.684e-04	{Q}
sp|P31680|DJLA_ECOLI	WHOLE	2	1	271	15	6.821e-04	{M}
sp|P31697|FIMC_ECOLI	SINGLE	1	15	29	4	2.419e-04	{M}
sp|P31801|CHAA_ECOLI	SINGLE	1	17	361	61	3.443e-07	{L}
sp|P31801|CHAA_ECOLI	SINGLE	2	193	230	7	1.491e-05	{H}
sp|P31801|CHAA_ECOLI	SINGLE	3	195	209	6	8.836e-05	{D}
sp|P31801|CHAA_ECOLI	SINGLE	4	40	235	21	4.509e-04	{I}
sp|P31801|CHAA_ECOLI	SINGLE	5	160	180	7	6.750e-04	{A}
sp|P31801|CHAA_ECOLI	MULTIPLE	1	17	364	140	1.359e-11	{LHIA}
sp|P31801|CHAA_ECOLI	WHOLE	1	1	366	61	2.354e-06	{L}
sp|P32053|INTA_ECOLI	SINGLE	1	211	295	9	8.587e-05	{M}
sp|P32053|INTA_ECOLI	SINGLE	2	130	150	6	3.649e-04	{I}
sp|P32053|INTA_ECOLI	SINGLE	3	369	383	5	4.635e-04	{R}
sp|P32136|YIHO_ECOLI	SINGLE	1	40	441	37	1.157e-06	{F}
sp|P32136|YIHO_ECOLI	SINGLE	2	54	448	35	3.452e-04	{I}
sp|P32136|YIHO_ECOLI	SINGLE	3	124	140	4	4.036e-04	{M}
sp|P32136|YIHO_ECOLI	SINGLE	4	93	191	18	4.230e-04	{A}
sp|P32136|YIHO_ECOLI	SINGLE	5	111	297	10	7.154e-04	{C}
sp|P32136|YIHO_ECOLI	SINGLE	6	7	317	45	7.303e-04	{L}
sp|P32136|YIHO_ECOLI	MULTIPLE	1	7	445	204	4.704e-14	{FIMACL}
sp|P32136|YIHO_ECOLI	WHOLE	1	1	467	37	2.834e-05	{F}
sp|P32141|SQUT_ECOLI	SINGLE	1	12	90	20	1.653e-06	{A}
sp|P32141|SQUT_ECOLI	SINGLE	2	16	30	4	2.419e-04	{M}
sp|P32141|SQUT_ECOLI	MULTIPLE	1	12	90	25	8.784e-08	{AM}
sp|P32144|CSQR_ECOLI	SINGLE	1	161	242	17	1.283e-04	{A}
sp|P32144|CSQR_ECOLI	SINGLE	2	110	136	5	2.447e-04	{H}
sp|P32669|FSAB_ECOLI	SINGLE	1	110	129	8	6.750e-05	{A}
sp|P32669|FSAB_ECOLI	SINGLE	2	19	104	13	2.208e-04	{I}
sp|P32669|FSAB_ECOLI	WHOLE	1	1	220	32	2.883e-04	{A}
sp|P32670|PTFX2_ECOLI	SINGLE	1	352	372	7	1.785e-05	{Q}
sp|P32670|PTFX2_ECOLI	SINGLE	2	47	824	91	3.912e-05	{A}
sp|P32670|PTFX2_ECOLI	SINGLE	3	51	293	41	6.029e-05	{L}
sp|P32670|PTFX2_ECOLI	SINGLE	4	304	563	28	6.105e-05	{I}
sp|P32670|PTFX2_ECOLI	SINGLE	5	218	232	6	3.585e-04	{S}
sp|P32670|PTFX2_ECOLI	SINGLE	6	568	731	28	5.697e-04	{L}
sp|P32670|PTFX2_ECOLI	SINGLE	7	608	631	7	6.071e-04	{G}
sp|P32670|PTFX2_ECOLI	SINGLE	8	796	811	5	6.419e-04	{R}
sp|P32670|PTFX2_ECOLI	MULTIPLE	1	50	833	330	2.158e-11	{QALIR}
sp|P32670|PTFX2_ECOLI	WHOLE	1	1	833	94	9.922e-05	{A}
sp|P32670|PTFX2_ECOLI	WHOLE	2	1	833	103	4.434e-04	{L}
sp|P32715|MDTO_ECOLI	SINGLE	1	590	627	12	1.748e-05	{A}
sp|P32715|MDTO_ECOLI	SINGLE	2	4	228	40	2.349e-05	{L}
sp|P32715|MDTO_ECOLI	SINGLE	3	411	439	11	2.434e-05	{L}
sp|P32715|MDTO_ECOLI	SINGLE	4	324	338	6	3.376e-05	{P}
sp|P32715|MDTO_ECOLI	SINGLE	5	529	683	18	9.926e-05	{Q}
sp|P32715|MDTO_ECOLI	SINGLE	6	44	112	11	4.062e-04	{I}
sp|P32715|MDTO_ECOLI	SINGLE	7	361	383	4	4.271e-04	{C}
sp|P32715|MDTO_ECOLI	SINGLE	8	525	585	10	4.691e-04	{R}
sp|P32715|MDTO_ECOLI	SINGLE	9	50	142	11	7.558e-04	{F}
sp|P32715|MDTO_ECOLI	MULTIPLE	1	525	683	57	5.283e-09	{AQR}
sp|P32715|MDTO_ECOLI	MULTIPLE	2	4	228	73	8.031e-08	{LIF}
sp|P32715|MDTO_ECOLI	WHOLE	1	1	683	92	5.919e-05	{L}
sp|P32715|MDTO_ECOLI	WHOLE	2	1	683	76	5.015e-04	{A}
sp|P32716|MDTN_ECOLI	SINGLE	1	86	200	31	5.975e-10	{A}
sp|P32716|MDTN_ECOLI	SINGLE	2	18	70	12	9.512e-05	{V}
sp|P32716|MDTN_ECOLI	SINGLE	3	274	299	8	1.697e-04	{G}
sp|P32716|MDTN_ECOLI	WHOLE	1	1	343	52	2.217e-06	{A}
sp|P32718|ALSK_ECOLI	SINGLE	1	140	182	11	6.967e-05	{G}
sp|P32718|ALSK_ECOLI	SINGLE	2	174	188	4	7.491e-05	{C}
sp|P32718|ALSK_ECOLI	SINGLE	3	213	308	17	7.855e-04	{A}
sp|P32718|ALSK_ECOLI	MULTIPLE	1	140	190	16	1.573e-06	{GC}
sp|P32721|ALSA_ECOLI	SINGLE	1	54	211	21	2.520e-05	{I}
sp|P32721|ALSA_ECOLI	SINGLE	2	209	348	17	2.739e-04	{R}
sp|P32721|ALSA_ECOLI	SINGLE	3	289	324	9	3.656e-04	{G}
sp|P32721|ALSA_ECOLI	SINGLE	4	122	253	10	5.140e-04	{M}
sp|P32721|ALSA_ECOLI	SINGLE	5	400	427	4	9.111e-04	{C}
sp|P32721|ALSA_ECOLI	MULTIPLE	1	62	348	62	1.269e-06	{IRM}
sp|P32721|ALSA_ECOLI	WHOLE	1	1	510	45	7.253e-05	{I}
sp|P33012|SBMC_ECOLI	SINGLE	1	13	102	15	4.555e-04	{V}
sp|P33026|SETB_ECOLI	SINGLE	1	13	193	21	6.981e-06	{F}
sp|P33026|SETB_ECOLI	SINGLE	2	126	379	18	1.114e-05	{M}
sp|P33026|SETB_ECOLI	SINGLE	3	255	361	18	1.586e-04	{G}
sp|P33026|SETB_ECOLI	SINGLE	4	84	333	40	2.103e-04	{L}
sp|P33026|SETB_ECOLI	SINGLE	5	224	390	19	3.967e-04	{I}
sp|P33026|SETB_ECOLI	SINGLE	6	122	182	13	5.514e-04	{A}
sp|P33026|SETB_ECOLI	MULTIPLE	1	51	390	187	9.101e-15	{FMGLIA}
sp|P33026|SETB_ECOLI	WHOLE	1	1	393	31	1.178e-04	{F}
sp|P33026|SETB_ECOLI	WHOLE	2	1	393	20	3.066e-04	{M}
sp|P33129|HTRE_ECOLI	SINGLE	1	523	697	41	1.117e-11	{S}
sp|P33129|HTRE_ECOLI	SINGLE	2	44	233	26	1.667e-07	{N}
sp|P33129|HTRE_ECOLI	SINGLE	3	161	651	38	1.787e-05	{Y}
sp|P33129|HTRE_ECOLI	SINGLE	4	801	865	11	8.224e-05	{Q}
sp|P33129|HTRE_ECOLI	SINGLE	5	780	864	13	1.972e-04	{I}
sp|P33129|HTRE_ECOLI	SINGLE	6	802	823	7	3.432e-04	{G}
sp|P33129|HTRE_ECOLI	SINGLE	7	322	350	8	6.512e-04	{S}
sp|P33129|HTRE_ECOLI	MULTIPLE	1	161	697	115	1.277e-12	{SY}
sp|P33129|HTRE_ECOLI	MULTIPLE	2	775	865	36	3.663e-08	{QIG}
sp|P33129|HTRE_ECOLI	WHOLE	1	1	865	68	1.098e-06	{N}
sp|P33129|HTRE_ECOLI	WHOLE	2	1	865	98	3.289e-06	{S}
sp|P33129|HTRE_ECOLI	WHOLE	3	1	865	51	5.592e-04	{Y}
sp|P33229|RALR_ECOLI	SINGLE	1	9	33	5	4.035e-05	{C}
sp|P33358|MLRA_ECOLI	SINGLE	1	78	234	21	3.544e-06	{Q}
sp|P33358|MLRA_ECOLI	SINGLE	2	21	55	8	1.733e-04	{R}
sp|P33358|MLRA_ECOLI	SINGLE	3	170	190	4	2.285e-04	{W}
sp|P33358|MLRA_ECOLI	SINGLE	4	88	213	24	2.851e-04	{L}
sp|P33358|MLRA_ECOLI	MULTIPLE	1	78	234	54	9.322e-10	{QWL}
sp|P33358|MLRA_ECOLI	WHOLE	1	1	243	24	1.042e-04	{Q}
sp|P33359|YEHW_ECOLI	SINGLE	1	13	242	38	6.276e-06	{A}
sp|P33359|YEHW_ECOLI	SINGLE	2	59	226	22	2.081e-05	{I}
sp|P33359|YEHW_ECOLI	SINGLE	3	87	179	15	6.355e-04	{V}
sp|P33359|YEHW_ECOLI	MULTIPLE	1	47	227	75	4.052e-12	{AIV}
sp|P33359|YEHW_ECOLI	WHOLE	1	1	243	38	2.107e-05	{A}
sp|P33359|YEHW_ECOLI	WHOLE	2	1	243	24	5.918e-04	{I}
sp|P33360|YEHX_ECOLI	SINGLE	1	49	281	28	5.588e-06	{R}
sp|P33360|YEHX_ECOLI	SINGLE	2	117	305	32	3.009e-04	{L}
sp|P33360|YEHX_ECOLI	MULTIPLE	1	66	286	60	1.301e-07	{RL}
sp|P33360|YEHX_ECOLI	WHOLE	1	1	308	28	5.314e-04	{R}
sp|P33361|YEHY_ECOLI	SINGLE	1	10	379	76	1.714e-11	{L}
sp|P33361|YEHY_ECOLI	SINGLE	2	11	377	52	1.392e-05	{A}
sp|P33361|YEHY_ECOLI	SINGLE	3	263	366	19	2.713e-05	{V}
sp|P33361|YEHY_ECOLI	SINGLE	4	42	150	9	3.443e-05	{W}
sp|P33361|YEHY_ECOLI	MULTIPLE	1	9	381	174	8.977e-20	{LAVW}
sp|P33361|YEHY_ECOLI	WHOLE	1	1	385	76	1.171e-10	{L}
sp|P33361|YEHY_ECOLI	WHOLE	2	1	385	52	4.650e-05	{A}
sp|P33363|BGLX_ECOLI	SINGLE	1	415	509	17	8.790e-05	{V}
sp|P33363|BGLX_ECOLI	SINGLE	2	609	648	8	9.174e-05	{Y}
sp|P33363|BGLX_ECOLI	SINGLE	3	153	252	9	2.846e-04	{M}
sp|P33590|NIKA_ECOLI	SINGLE	1	10	24	6	5.574e-04	{A}
sp|P33591|NIKB_ECOLI	SINGLE	1	2	119	30	1.601e-07	{L}
sp|P33591|NIKB_ECOLI	SINGLE	2	276	295	7	1.571e-04	{V}
sp|P33591|NIKB_ECOLI	SINGLE	3	193	228	8	2.122e-04	{R}
sp|P33591|NIKB_ECOLI	SINGLE	4	235	255	6	3.649e-04	{I}
sp|P33591|NIKB_ECOLI	SINGLE	5	133	158	6	3.705e-04	{F}
sp|P33591|NIKB_ECOLI	SINGLE	6	1	284	16	3.947e-04	{M}
sp|P33591|NIKB_ECOLI	MULTIPLE	1	6	250	59	1.157e-08	{LM}
sp|P33591|NIKB_ECOLI	WHOLE	1	1	314	52	1.336e-05	{L}
sp|P33915|YEJE_ECOLI	SINGLE	1	25	324	55	3.843e-07	{L}
sp|P33915|YEJE_ECOLI	SINGLE	2	12	215	13	1.169e-05	{W}
sp|P33915|YEJE_ECOLI	SINGLE	3	3	20	6	1.244e-04	{R}
sp|P33915|YEJE_ECOLI	SINGLE	4	124	176	11	4.649e-04	{G}
sp|P33915|YEJE_ECOLI	MULTIPLE	1	21	328	97	5.403e-10	{LWG}
sp|P33915|YEJE_ECOLI	WHOLE	1	1	341	56	8.544e-06	{L}
sp|P33915|YEJE_ECOLI	WHOLE	2	1	341	14	4.935e-04	{W}
sp|P33927|CCMF_ECOLI	SINGLE	1	9	456	84	1.894e-10	{L}
sp|P33927|CCMF_ECOLI	SINGLE	2	211	253	8	2.083e-07	{W}
sp|P33927|CCMF_ECOLI	SINGLE	3	42	330	27	2.058e-05	{F}
sp|P33927|CCMF_ECOLI	SINGLE	4	457	471	7	6.097e-05	{A}
sp|P33927|CCMF_ECOLI	SINGLE	5	50	559	53	2.400e-04	{V}
sp|P33927|CCMF_ECOLI	SINGLE	6	146	175	7	3.283e-04	{P}
sp|P33927|CCMF_ECOLI	SINGLE	7	82	106	4	4.549e-04	{W}
sp|P33927|CCMF_ECOLI	SINGLE	8	409	423	5	4.635e-04	{R}
sp|P33927|CCMF_ECOLI	SINGLE	9	187	362	26	7.362e-04	{A}
sp|P33927|CCMF_ECOLI	MULTIPLE	1	41	496	229	6.662e-22	{LWFAV}
sp|P33927|CCMF_ECOLI	WHOLE	1	1	647	98	3.684e-07	{L}
sp|P33927|CCMF_ECOLI	WHOLE	2	1	647	25	1.425e-05	{W}
sp|P33931|CCMA_ECOLI	SINGLE	1	4	152	27	2.869e-04	{L}
sp|P33931|CCMA_ECOLI	SINGLE	2	68	101	5	7.231e-04	{H}
sp|P33931|CCMA_ECOLI	SINGLE	3	63	187	14	7.337e-04	{Q}
sp|P33931|CCMA_ECOLI	MULTIPLE	1	45	189	45	1.835e-06	{LHQ}
sp|P33934|NAPH_ECOLI	SINGLE	1	197	270	10	2.817e-07	{C}
sp|P33934|NAPH_ECOLI	SINGLE	2	25	190	35	1.793e-06	{L}
sp|P33934|NAPH_ECOLI	SINGLE	3	18	48	5	8.446e-05	{W}
sp|P33934|NAPH_ECOLI	SINGLE	4	4	29	7	1.498e-04	{R}
sp|P33934|NAPH_ECOLI	SINGLE	5	140	274	20	2.961e-04	{V}
sp|P33934|NAPH_ECOLI	SINGLE	6	167	214	10	7.919e-04	{G}
sp|P33934|NAPH_ECOLI	MULTIPLE	1	140	274	30	2.311e-07	{CV}
sp|P33934|NAPH_ECOLI	MULTIPLE	2	4	214	83	7.543e-09	{LWRG}
sp|P33934|NAPH_ECOLI	WHOLE	1	1	287	13	5.928e-04	{C}
sp|P33940|MQO_ECOLI	SINGLE	1	359	373	4	2.419e-04	{M}
sp|P33940|MQO_ECOLI	SINGLE	2	1	61	7	3.105e-04	{M}
sp|P33940|MQO_ECOLI	SINGLE	3	449	463	6	5.574e-04	{A}
sp|P33940|MQO_ECOLI	SINGLE	4	523	538	5	5.733e-04	{P}
sp|P33940|MQO_ECOLI	SINGLE	5	292	339	10	6.772e-04	{V}
sp|P33941|YOJI_ECOLI	SINGLE	1	3	495	88	8.853e-10	{L}
sp|P33941|YOJI_ECOLI	SINGLE	2	88	161	11	7.239e-04	{I}
sp|P33941|YOJI_ECOLI	SINGLE	3	349	389	9	9.654e-04	{G}
sp|P33941|YOJI_ECOLI	WHOLE	1	1	547	92	7.457e-09	{L}
sp|P36560|ASR_ECOLI	SINGLE	1	6	102	30	2.826e-11	{A}
sp|P36560|ASR_ECOLI	SINGLE	2	36	87	16	4.720e-08	{K}
sp|P36560|ASR_ECOLI	SINGLE	3	24	43	10	8.176e-08	{T}
sp|P36560|ASR_ECOLI	SINGLE	4	44	90	8	6.791e-06	{H}
sp|P36560|ASR_ECOLI	SINGLE	5	48	99	9	2.934e-04	{Q}
sp|P36560|ASR_ECOLI	MULTIPLE	1	18	99	69	2.272e-27	{AKTHQ}
sp|P36560|ASR_ECOLI	WHOLE	1	1	102	30	1.119e-10	{A}
sp|P36560|ASR_ECOLI	WHOLE	2	1	102	19	1.074e-05	{K}
sp|P36659|CBPA_ECOLI	SINGLE	1	167	190	9	1.157e-05	{G}
sp|P36659|CBPA_ECOLI	SINGLE	2	60	111	9	2.934e-04	{Q}
sp|P36659|CBPA_ECOLI	SINGLE	3	77	102	6	3.705e-04	{F}
sp|P36659|CBPA_ECOLI	MULTIPLE	1	67	111	14	7.720e-06	{QF}
sp|P36662|TORD_ECOLI	SINGLE	1	16	191	31	1.883e-04	{L}
sp|P36662|TORD_ECOLI	SINGLE	2	6	96	17	4.359e-04	{A}
sp|P36662|TORD_ECOLI	MULTIPLE	1	4	191	57	2.890e-06	{LA}
sp|P36662|TORD_ECOLI	WHOLE	1	1	199	32	6.924e-04	{L}
sp|P36673|TRER_ECOLI	SINGLE	1	175	208	5	7.231e-04	{H}
sp|P36673|TRER_ECOLI	SINGLE	2	290	307	5	7.334e-04	{Q}
sp|P36767|RDGC_ECOLI	SINGLE	1	246	278	9	4.962e-05	{D}
sp|P36767|RDGC_ECOLI	SINGLE	2	1	49	7	7.964e-05	{M}
sp|P36767|RDGC_ECOLI	SINGLE	3	70	108	10	8.124e-05	{K}
sp|P36767|RDGC_ECOLI	SINGLE	4	151	201	13	4.115e-04	{L}
sp|P36938|PGM_ECOLI	SINGLE	1	418	490	17	2.916e-05	{A}
sp|P36938|PGM_ECOLI	SINGLE	2	373	400	7	7.159e-05	{F}
sp|P36938|PGM_ECOLI	SINGLE	3	119	164	9	1.984e-04	{P}
sp|P36938|PGM_ECOLI	SINGLE	4	260	308	10	2.492e-04	{D}
sp|P36938|PGM_ECOLI	SINGLE	5	343	377	9	2.520e-04	{V}
sp|P36938|PGM_ECOLI	SINGLE	6	2	104	19	2.538e-04	{A}
sp|P36938|PGM_ECOLI	SINGLE	7	34	510	51	2.582e-04	{G}
sp|P36938|PGM_ECOLI	SINGLE	8	520	541	7	3.051e-04	{E}
sp|P36938|PGM_ECOLI	SINGLE	9	9	25	5	5.538e-04	{Q}
sp|P36938|PGM_ECOLI	MULTIPLE	1	33	514	111	1.675e-07	{AG}
sp|P36938|PGM_ECOLI	WHOLE	1	1	546	67	8.573e-05	{A}
sp|P36999|RLMA_ECOLI	SINGLE	1	52	250	30	2.396e-04	{A}
sp|P36999|RLMA_ECOLI	SINGLE	2	183	201	4	6.290e-04	{H}
sp|P36999|RLMA_ECOLI	MULTIPLE	1	52	250	37	9.355e-05	{AH}
sp|P37146|RIR4_ECOLI	SINGLE	1	156	172	5	3.504e-04	{F}
sp|P37194|SLP_ECOLI	SINGLE	1	144	170	4	6.125e-04	{W}
sp|P37338|GLAR_ECOLI	SINGLE	1	151	168	6	1.244e-04	{R}
sp|P37338|GLAR_ECOLI	SINGLE	2	80	140	13	5.514e-04	{A}
sp|P37338|GLAR_ECOLI	SINGLE	3	27	207	30	6.108e-04	{L}
sp|P37338|GLAR_ECOLI	MULTIPLE	1	27	207	47	8.556e-06	{RL}
sp|P37355|MENH_ECOLI	SINGLE	1	174	247	18	9.416e-06	{A}
sp|P37355|MENH_ECOLI	SINGLE	2	84	114	9	1.103e-04	{G}
sp|P37355|MENH_ECOLI	SINGLE	3	120	134	5	4.635e-04	{R}
sp|P37355|MENH_ECOLI	SINGLE	4	116	160	8	5.178e-04	{Q}
sp|P37355|MENH_ECOLI	MULTIPLE	1	116	150	12	3.062e-05	{RQ}
sp|P37355|MENH_ECOLI	WHOLE	1	1	252	34	6.947e-04	{A}
sp|P37387|XYLF_ECOLI	SINGLE	1	197	278	19	1.129e-05	{A}
sp|P37387|XYLF_ECOLI	SINGLE	2	64	314	24	1.550e-04	{N}
sp|P37387|XYLF_ECOLI	SINGLE	3	82	99	6	6.200e-04	{V}
sp|P37387|XYLF_ECOLI	MULTIPLE	1	196	232	16	1.912e-06	{AN}
sp|P37388|XYLG_ECOLI	SINGLE	1	53	461	53	1.460e-10	{I}
sp|P37388|XYLG_ECOLI	SINGLE	2	90	188	21	1.506e-04	{L}
sp|P37388|XYLG_ECOLI	SINGLE	3	287	323	9	4.511e-04	{G}
sp|P37388|XYLG_ECOLI	WHOLE	1	1	513	57	8.758e-09	{I}
sp|P37596|NORW_ECOLI	SINGLE	1	121	324	35	1.342e-04	{L}
sp|P37596|NORW_ECOLI	SINGLE	2	52	99	8	7.938e-04	{Q}
sp|P37621|YHHS_ECOLI	SINGLE	1	74	368	45	1.115e-07	{G}
sp|P37621|YHHS_ECOLI	SINGLE	2	10	390	63	2.147e-06	{L}
sp|P37621|YHHS_ECOLI	SINGLE	3	162	383	38	2.769e-06	{A}
sp|P37621|YHHS_ECOLI	SINGLE	4	140	380	30	2.733e-04	{V}
sp|P37621|YHHS_ECOLI	SINGLE	5	234	271	7	5.121e-04	{F}
sp|P37621|YHHS_ECOLI	MULTIPLE	1	9	386	223	2.605e-23	{GLAVF}
sp|P37621|YHHS_ECOLI	WHOLE	1	1	405	51	5.152e-06	{G}
sp|P37621|YHHS_ECOLI	WHOLE	2	1	405	63	1.399e-05	{L}
sp|P37621|YHHS_ECOLI	WHOLE	3	1	405	52	1.522e-04	{A}
sp|P37621|YHHS_ECOLI	WHOLE	4	1	405	42	8.812e-04	{V}
sp|P37631|RDSA_ECOLI	SINGLE	1	374	388	4	5.704e-05	{W}
sp|P37631|RDSA_ECOLI	SINGLE	2	296	315	6	1.375e-04	{Q}
sp|P37631|RDSA_ECOLI	SINGLE	3	10	48	10	1.427e-04	{G}
sp|P37631|RDSA_ECOLI	SINGLE	4	182	321	26	2.504e-04	{L}
sp|P37631|RDSA_ECOLI	SINGLE	5	6	25	7	4.883e-04	{A}
sp|P37631|RDSA_ECOLI	SINGLE	6	383	397	6	5.574e-04	{A}
sp|P37631|RDSA_ECOLI	MULTIPLE	1	382	397	9	3.087e-06	{WA}
sp|P37631|RDSA_ECOLI	MULTIPLE	2	179	321	38	1.562e-05	{QL}
sp|P37631|RDSA_ECOLI	MULTIPLE	3	10	48	16	3.826e-05	{GA}
sp|P37636|MDTE_ECOLI	SINGLE	1	153	357	28	9.787e-05	{V}
sp|P37636|MDTE_ECOLI	SINGLE	2	95	170	16	1.644e-04	{A}
sp|P37636|MDTE_ECOLI	SINGLE	3	85	385	26	4.135e-04	{Q}
sp|P37636|MDTE_ECOLI	SINGLE	4	64	78	5	5.275e-04	{I}
sp|P37636|MDTE_ECOLI	SINGLE	5	253	271	6	6.706e-04	{T}
sp|P37636|MDTE_ECOLI	SINGLE	6	36	68	8	8.166e-04	{V}
sp|P37636|MDTE_ECOLI	SINGLE	7	16	31	6	8.219e-04	{A}
sp|P37636|MDTE_ECOLI	MULTIPLE	1	131	361	71	1.213e-07	{VQT}
sp|P37639|GADX_ECOLI	SINGLE	1	59	201	29	2.548e-05	{L}
sp|P37639|GADX_ECOLI	SINGLE	2	218	239	6	1.158e-04	{Y}
sp|P37639|GADX_ECOLI	SINGLE	3	72	86	4	2.419e-04	{H}
sp|P37639|GADX_ECOLI	SINGLE	4	137	154	5	7.186e-04	{N}
sp|P37639|GADX_ECOLI	MULTIPLE	1	59	205	36	4.146e-06	{LH}
sp|P37651|GUN_ECOLI	SINGLE	1	25	250	14	7.604e-06	{W}
sp|P37651|GUN_ECOLI	SINGLE	2	249	271	5	1.114e-04	{M}
sp|P37651|GUN_ECOLI	WHOLE	1	1	368	16	1.163e-04	{W}
sp|P37657|BCSE_ECOLI	SINGLE	1	107	154	10	2.712e-05	{N}
sp|P37657|BCSE_ECOLI	SINGLE	2	198	213	6	3.390e-05	{Q}
sp|P37657|BCSE_ECOLI	SINGLE	3	82	488	58	2.532e-04	{L}
sp|P37657|BCSE_ECOLI	SINGLE	4	281	311	7	4.684e-04	{R}
sp|P37657|BCSE_ECOLI	MULTIPLE	1	86	477	115	3.423e-08	{NLR}
sp|P37661|EPTB_ECOLI	SINGLE	1	52	215	30	1.234e-04	{L}
sp|P37661|EPTB_ECOLI	SINGLE	2	142	159	6	1.244e-04	{R}
sp|P37661|EPTB_ECOLI	SINGLE	3	99	180	12	4.964e-04	{I}
sp|P37661|EPTB_ECOLI	MULTIPLE	1	62	180	47	1.008e-07	{LRI}
sp|P37664|YIAC_ECOLI	SINGLE	1	91	132	9	5.536e-05	{Q}
sp|P37664|YIAC_ECOLI	SINGLE	2	17	53	5	1.980e-04	{W}
sp|P37665|YIAD_ECOLI	SINGLE	1	28	78	16	9.063e-08	{G}
sp|P37665|YIAD_ECOLI	SINGLE	2	9	72	15	7.588e-05	{A}
sp|P37665|YIAD_ECOLI	MULTIPLE	1	9	78	33	6.088e-11	{GA}
sp|P37665|YIAD_ECOLI	WHOLE	1	1	219	30	7.941e-05	{G}
sp|P37669|WECH_ECOLI	SINGLE	1	5	306	36	7.372e-07	{I}
sp|P37669|WECH_ECOLI	SINGLE	2	57	122	11	3.911e-05	{F}
sp|P37669|WECH_ECOLI	SINGLE	3	77	320	41	6.566e-05	{L}
sp|P37669|WECH_ECOLI	MULTIPLE	1	56	304	86	2.396e-10	{IFL}
sp|P37669|WECH_ECOLI	WHOLE	1	1	331	37	2.330e-06	{I}
sp|P37669|WECH_ECOLI	WHOLE	2	1	331	47	8.389e-04	{L}
sp|P37671|PLAR_ECOLI	SINGLE	1	26	66	11	6.979e-04	{L}
sp|P37671|PLAR_ECOLI	SINGLE	2	100	132	7	8.123e-04	{I}
sp|P37674|YIAM_ECOLI	SINGLE	1	4	25	7	5.655e-05	{I}
sp|P37675|YIAN_ECOLI	SINGLE	1	140	424	36	1.887e-07	{I}
sp|P37675|YIAN_ECOLI	SINGLE	2	32	360	24	2.816e-07	{M}
sp|P37675|YIAN_ECOLI	SINGLE	3	243	411	28	3.175e-06	{V}
sp|P37675|YIAN_ECOLI	SINGLE	4	100	147	14	9.958e-06	{A}
sp|P37675|YIAN_ECOLI	SINGLE	5	189	218	5	7.192e-05	{W}
sp|P37675|YIAN_ECOLI	SINGLE	6	4	421	59	2.860e-04	{L}
sp|P37675|YIAN_ECOLI	SINGLE	7	66	97	8	7.569e-04	{G}
sp|P37675|YIAN_ECOLI	MULTIPLE	1	1	424	266	1.150e-23	{IMVAWLG}
sp|P37675|YIAN_ECOLI	WHOLE	1	1	425	45	9.679e-07	{I}
sp|P37675|YIAN_ECOLI	WHOLE	2	1	425	25	6.916e-06	{M}
sp|P37675|YIAN_ECOLI	WHOLE	3	1	425	59	4.187e-04	{L}
sp|P37676|YIAO_ECOLI	SINGLE	1	253	276	6	3.999e-04	{Q}
sp|P37678|SGBH_ECOLI	SINGLE	1	46	220	34	5.129e-07	{A}
sp|P37678|SGBH_ECOLI	WHOLE	1	1	220	38	2.240e-06	{A}
sp|P37680|SGBE_ECOLI	SINGLE	1	135	155	8	2.706e-05	{E}
sp|P37680|SGBE_ECOLI	SINGLE	2	22	67	11	1.096e-04	{V}
sp|P37692|WAAF_ECOLI	SINGLE	1	1	57	7	2.055e-04	{M}
sp|P37692|WAAF_ECOLI	SINGLE	2	222	285	14	2.676e-04	{A}
sp|P37692|WAAF_ECOLI	SINGLE	3	69	83	5	4.635e-04	{R}
sp|P37759|RMLB1_ECOLI	SINGLE	1	160	174	6	3.585e-04	{S}
sp|P37759|RMLB1_ECOLI	SINGLE	2	57	82	8	5.129e-04	{A}
sp|P37760|RMLD_ECOLI	SINGLE	1	61	258	37	4.564e-07	{A}
sp|P37760|RMLD_ECOLI	WHOLE	1	1	299	43	4.714e-05	{A}
sp|P37765|RLUB_ECOLI	SINGLE	1	11	287	38	4.993e-09	{R}
sp|P37765|RLUB_ECOLI	WHOLE	1	1	291	38	1.866e-08	{R}
sp|P37902|GLTI_ECOLI	SINGLE	1	7	29	11	3.491e-07	{A}
sp|P37902|GLTI_ECOLI	SINGLE	2	78	299	28	1.636e-04	{K}
sp|P38101|EAMB_ECOLI	SINGLE	1	2	19	6	4.891e-04	{T}
sp|P38101|EAMB_ECOLI	SINGLE	2	116	147	8	6.615e-04	{V}
sp|P38101|EAMB_ECOLI	SINGLE	3	5	186	30	6.637e-04	{L}
sp|P38101|EAMB_ECOLI	SINGLE	4	65	91	8	6.718e-04	{A}
sp|P38101|EAMB_ECOLI	MULTIPLE	1	5	191	71	3.682e-06	{VLA}
sp|P38134|ETK_ECOLI	SINGLE	1	57	418	38	3.939e-07	{Q}
sp|P38134|ETK_ECOLI	SINGLE	2	708	722	7	5.122e-07	{Y}
sp|P38134|ETK_ECOLI	SINGLE	3	260	519	26	2.103e-04	{R}
sp|P38134|ETK_ECOLI	SINGLE	4	20	449	59	5.424e-04	{L}
sp|P38134|ETK_ECOLI	MULTIPLE	1	57	396	104	1.583e-08	{QRL}
sp|P38134|ETK_ECOLI	WHOLE	1	1	726	49	7.063e-04	{Q}
sp|P38684|TORR_ECOLI	SINGLE	1	66	207	23	2.418e-07	{R}
sp|P38684|TORR_ECOLI	SINGLE	2	49	215	29	3.599e-04	{L}
sp|P38684|TORR_ECOLI	MULTIPLE	1	49	215	52	7.245e-09	{RL}
sp|P38684|TORR_ECOLI	WHOLE	1	1	230	25	8.011e-05	{R}
sp|P39199|PRMB_ECOLI	SINGLE	1	64	87	7	8.692e-05	{R}
sp|P39199|PRMB_ECOLI	SINGLE	2	147	172	9	8.726e-05	{A}
sp|P39199|PRMB_ECOLI	SINGLE	3	117	188	11	5.785e-04	{I}
sp|P39199|PRMB_ECOLI	SINGLE	4	156	288	17	7.486e-04	{D}
sp|P39199|PRMB_ECOLI	MULTIPLE	1	146	172	12	4.212e-05	{AI}
sp|P39280|EPMB_ECOLI	SINGLE	1	16	339	50	1.039e-04	{L}
sp|P39280|EPMB_ECOLI	SINGLE	2	185	205	6	3.649e-04	{I}
sp|P39280|EPMB_ECOLI	SINGLE	3	98	228	10	4.859e-04	{H}
sp|P39280|EPMB_ECOLI	MULTIPLE	1	16	339	62	1.507e-05	{LH}
sp|P39280|EPMB_ECOLI	WHOLE	1	1	342	51	1.975e-04	{L}
sp|P39288|QUEG_ECOLI	SINGLE	1	193	253	8	5.380e-06	{C}
sp|P39288|QUEG_ECOLI	SINGLE	2	5	183	30	5.149e-04	{L}
sp|P39288|QUEG_ECOLI	SINGLE	3	9	25	5	5.538e-04	{Q}
sp|P39300|ULAG_ECOLI	SINGLE	1	12	63	7	1.110e-05	{W}
sp|P39300|ULAG_ECOLI	SINGLE	2	103	347	28	1.538e-04	{D}
sp|P39300|ULAG_ECOLI	SINGLE	3	125	172	11	1.624e-04	{V}
sp|P39300|ULAG_ECOLI	SINGLE	4	310	353	8	2.304e-04	{F}
sp|P39300|ULAG_ECOLI	SINGLE	5	223	240	4	5.076e-04	{H}
sp|P39300|ULAG_ECOLI	MULTIPLE	1	100	353	54	4.804e-06	{DFH}
sp|P39306|ULAF_ECOLI	SINGLE	1	78	219	12	5.711e-05	{H}
sp|P39306|ULAF_ECOLI	SINGLE	2	38	65	8	2.556e-04	{V}
sp|P39306|ULAF_ECOLI	SINGLE	3	99	117	7	3.444e-04	{A}
sp|P39306|ULAF_ECOLI	SINGLE	4	132	155	7	5.412e-04	{E}
sp|P39310|YTFB_ECOLI	SINGLE	1	64	203	24	7.096e-09	{Q}
sp|P39310|YTFB_ECOLI	SINGLE	2	2	120	20	5.248e-07	{P}
sp|P39310|YTFB_ECOLI	MULTIPLE	1	70	120	24	1.435e-12	{QP}
sp|P39310|YTFB_ECOLI	WHOLE	1	1	212	24	1.297e-05	{Q}
sp|P39310|YTFB_ECOLI	WHOLE	2	1	212	24	4.074e-05	{P}
sp|P39325|YTFQ_ECOLI	SINGLE	1	46	314	33	8.292e-05	{K}
sp|P39325|YTFQ_ECOLI	SINGLE	2	10	103	18	2.278e-04	{A}
sp|P39325|YTFQ_ECOLI	SINGLE	3	54	253	22	2.430e-04	{I}
sp|P39325|YTFQ_ECOLI	SINGLE	4	62	78	5	5.538e-04	{Q}
sp|P39325|YTFQ_ECOLI	SINGLE	5	72	163	15	5.705e-04	{V}
sp|P39325|YTFQ_ECOLI	MULTIPLE	1	39	285	99	1.660e-07	{KAIV}
sp|P39325|YTFQ_ECOLI	WHOLE	1	1	318	34	6.971e-04	{K}
sp|P39333|BDCA_ECOLI	SINGLE	1	20	237	37	4.448e-06	{A}
sp|P39333|BDCA_ECOLI	SINGLE	2	2	236	30	2.554e-04	{G}
sp|P39333|BDCA_ECOLI	SINGLE	3	121	228	9	4.906e-04	{M}
sp|P39333|BDCA_ECOLI	MULTIPLE	1	1	237	78	4.419e-10	{AGM}
sp|P39333|BDCA_ECOLI	WHOLE	1	1	237	38	1.223e-05	{A}
sp|P39333|BDCA_ECOLI	WHOLE	2	1	237	30	2.915e-04	{G}
sp|P39346|IDND_ECOLI	SINGLE	1	262	277	5	1.688e-05	{M}
sp|P39346|IDND_ECOLI	SINGLE	2	142	165	9	4.300e-05	{A}
sp|P39346|IDND_ECOLI	SINGLE	3	93	107	4	7.491e-05	{C}
sp|P39346|IDND_ECOLI	SINGLE	4	3	265	31	5.280e-04	{V}
sp|P39346|IDND_ECOLI	MULTIPLE	1	3	265	41	2.275e-05	{CV}
sp|P39352|NANX_ECOLI	SINGLE	1	18	335	32	8.962e-07	{F}
sp|P39352|NANX_ECOLI	SINGLE	2	34	398	39	3.703e-06	{I}
sp|P39352|NANX_ECOLI	SINGLE	3	261	372	20	3.186e-05	{G}
sp|P39352|NANX_ECOLI	SINGLE	4	70	84	4	2.419e-04	{M}
sp|P39352|NANX_ECOLI	SINGLE	5	176	389	35	3.175e-04	{L}
sp|P39352|NANX_ECOLI	SINGLE	6	66	119	11	5.453e-04	{G}
sp|P39352|NANX_ECOLI	SINGLE	7	250	268	6	6.706e-04	{T}
sp|P39352|NANX_ECOLI	MULTIPLE	1	22	398	174	4.896e-16	{FIGML}
sp|P39352|NANX_ECOLI	WHOLE	1	1	405	35	8.071e-06	{F}
sp|P39352|NANX_ECOLI	WHOLE	2	1	405	39	3.510e-05	{I}
sp|P39352|NANX_ECOLI	WHOLE	3	1	405	44	4.384e-04	{G}
sp|P39358|YJHG_ECOLI	SINGLE	1	76	323	43	4.861e-07	{A}
sp|P39358|YJHG_ECOLI	SINGLE	2	23	584	62	3.159e-05	{G}
sp|P39358|YJHG_ECOLI	SINGLE	3	437	500	12	4.885e-05	{I}
sp|P39358|YJHG_ECOLI	SINGLE	4	404	427	6	3.999e-04	{Q}
sp|P39358|YJHG_ECOLI	SINGLE	5	34	52	4	6.290e-04	{M}
sp|P39358|YJHG_ECOLI	MULTIPLE	1	32	559	169	7.585e-09	{AGIM}
sp|P39358|YJHG_ECOLI	WHOLE	1	1	655	66	2.168e-04	{G}
sp|P39370|NANS_ECOLI	SINGLE	1	38	98	10	7.104e-07	{H}
sp|P39370|NANS_ECOLI	SINGLE	2	29	69	9	8.010e-05	{P}
sp|P39370|NANS_ECOLI	MULTIPLE	1	29	86	19	4.495e-09	{HP}
sp|P39370|NANS_ECOLI	WHOLE	1	1	326	18	2.337e-04	{H}
sp|P39375|IRAD_ECOLI	SINGLE	1	14	46	9	3.370e-04	{S}
sp|P39376|YJIE_ECOLI	SINGLE	1	217	231	6	3.585e-04	{S}
sp|P39376|YJIE_ECOLI	SINGLE	2	61	84	6	3.999e-04	{Q}
sp|P39376|YJIE_ECOLI	SINGLE	3	152	226	10	5.185e-04	{F}
sp|P39376|YJIE_ECOLI	MULTIPLE	1	148	231	22	6.478e-05	{SF}
sp|P39394|SYME_ECOLI	SINGLE	1	83	100	5	7.334e-04	{Q}
sp|P39398|LGOT_ECOLI	SINGLE	1	109	364	21	2.269e-07	{M}
sp|P39398|LGOT_ECOLI	SINGLE	2	328	447	17	6.234e-05	{I}
sp|P39398|LGOT_ECOLI	SINGLE	3	45	112	17	7.935e-05	{L}
sp|P39398|LGOT_ECOLI	SINGLE	4	173	438	37	2.578e-04	{A}
sp|P39398|LGOT_ECOLI	SINGLE	5	73	324	31	3.765e-04	{G}
sp|P39398|LGOT_ECOLI	SINGLE	6	115	133	5	6.080e-04	{F}
sp|P39398|LGOT_ECOLI	SINGLE	7	10	26	5	7.743e-04	{P}
sp|P39398|LGOT_ECOLI	SINGLE	8	334	430	7	8.072e-04	{C}
sp|P39398|LGOT_ECOLI	SINGLE	9	241	257	5	8.659e-04	{R}
sp|P39398|LGOT_ECOLI	SINGLE	10	250	279	4	9.144e-04	{W}
sp|P39398|LGOT_ECOLI	MULTIPLE	1	79	441	177	2.402e-16	{MIAGFCW}
sp|P39398|LGOT_ECOLI	WHOLE	1	1	453	24	4.974e-05	{M}
sp|P39398|LGOT_ECOLI	WHOLE	2	1	453	38	5.392e-04	{I}
sp|P39401|OPGB_ECOLI	SINGLE	1	7	548	40	6.308e-05	{F}
sp|P39401|OPGB_ECOLI	SINGLE	2	4	119	24	8.281e-05	{L}
sp|P39401|OPGB_ECOLI	SINGLE	3	575	593	6	1.006e-04	{Q}
sp|P39401|OPGB_ECOLI	SINGLE	4	711	725	6	1.598e-04	{T}
sp|P39401|OPGB_ECOLI	SINGLE	5	93	107	4	2.419e-04	{H}
sp|P39401|OPGB_ECOLI	SINGLE	6	399	413	5	2.875e-04	{N}
sp|P39401|OPGB_ECOLI	MULTIPLE	1	4	548	131	1.984e-05	{FLN}
sp|P39404|BGLJ_ECOLI	SINGLE	1	67	185	15	4.023e-04	{R}
sp|P39451|ADHP_ECOLI	SINGLE	1	118	257	29	8.627e-07	{A}
sp|P39451|ADHP_ECOLI	SINGLE	2	5	306	39	2.040e-05	{V}
sp|P39451|ADHP_ECOLI	SINGLE	3	46	174	22	2.771e-05	{G}
sp|P39451|ADHP_ECOLI	SINGLE	4	89	103	4	7.491e-05	{C}
sp|P39451|ADHP_ECOLI	SINGLE	5	10	58	6	5.818e-04	{H}
sp|P39451|ADHP_ECOLI	MULTIPLE	1	10	259	112	2.521e-12	{AVGCH}
sp|P39451|ADHP_ECOLI	WHOLE	1	1	336	40	9.019e-05	{V}
sp|P39452|RIR3_ECOLI	SINGLE	1	84	126	8	1.961e-04	{F}
sp|P39452|RIR3_ECOLI	SINGLE	2	87	163	13	6.115e-04	{T}
sp|P39452|RIR3_ECOLI	SINGLE	3	312	693	27	8.062e-04	{Y}
sp|P39452|RIR3_ECOLI	SINGLE	4	373	421	8	8.821e-04	{N}
sp|P39452|RIR3_ECOLI	MULTIPLE	1	84	164	23	2.534e-06	{FT}
sp|P39829|GARD_ECOLI	SINGLE	1	94	114	8	2.472e-06	{P}
sp|P39829|GARD_ECOLI	SINGLE	2	142	341	29	2.681e-05	{V}
sp|P39829|GARD_ECOLI	SINGLE	3	4	86	13	1.562e-04	{I}
sp|P39829|GARD_ECOLI	SINGLE	4	32	445	44	6.572e-04	{G}
sp|P39829|GARD_ECOLI	MULTIPLE	1	24	451	92	5.470e-07	{VG}
sp|P39829|GARD_ECOLI	WHOLE	1	1	523	53	4.182e-04	{V}
sp|P39835|GNTT_ECOLI	SINGLE	1	1	339	23	1.622e-06	{M}
sp|P39835|GNTT_ECOLI	SINGLE	2	5	423	43	3.481e-06	{I}
sp|P39835|GNTT_ECOLI	SINGLE	3	340	370	11	1.138e-05	{A}
sp|P39835|GNTT_ECOLI	SINGLE	4	36	80	12	2.157e-05	{G}
sp|P39835|GNTT_ECOLI	SINGLE	5	12	37	9	2.859e-04	{L}
sp|P39835|GNTT_ECOLI	SINGLE	6	123	262	16	5.807e-04	{P}
sp|P39835|GNTT_ECOLI	SINGLE	7	106	126	5	9.823e-04	{F}
sp|P39835|GNTT_ECOLI	MULTIPLE	1	1	384	241	1.177e-20	{MIAGLPF}
sp|P39835|GNTT_ECOLI	WHOLE	1	1	438	26	3.985e-06	{M}
sp|P39835|GNTT_ECOLI	WHOLE	2	1	438	44	4.622e-06	{I}
sp|P39835|GNTT_ECOLI	WHOLE	3	1	438	46	6.521e-04	{G}
sp|P40120|OPGD_ECOLI	SINGLE	1	105	229	16	2.405e-05	{F}
sp|P40120|OPGD_ECOLI	SINGLE	2	12	38	9	1.207e-04	{A}
sp|P40120|OPGD_ECOLI	SINGLE	3	307	451	9	2.853e-04	{W}
sp|P40120|OPGD_ECOLI	SINGLE	4	319	333	5	2.875e-04	{N}
sp|P40120|OPGD_ECOLI	SINGLE	5	472	499	7	2.899e-04	{I}
sp|P40120|OPGD_ECOLI	SINGLE	6	113	134	6	4.110e-04	{R}
sp|P40120|OPGD_ECOLI	MULTIPLE	1	105	219	26	3.563e-06	{FR}
sp|P40719|QSEC_ECOLI	SINGLE	1	157	361	42	4.279e-07	{L}
sp|P40719|QSEC_ECOLI	SINGLE	2	38	127	15	9.404e-05	{D}
sp|P40719|QSEC_ECOLI	SINGLE	3	7	60	14	2.127e-04	{L}
sp|P40719|QSEC_ECOLI	SINGLE	4	389	442	11	5.453e-04	{G}
sp|P40719|QSEC_ECOLI	WHOLE	1	1	449	65	8.239e-05	{L}
sp|P41441|GSPF_ECOLI	SINGLE	1	29	393	67	2.446e-08	{L}
sp|P41441|GSPF_ECOLI	SINGLE	2	25	55	8	7.069e-05	{R}
sp|P41441|GSPF_ECOLI	SINGLE	3	360	382	6	6.136e-04	{I}
sp|P41441|GSPF_ECOLI	SINGLE	4	327	345	4	6.290e-04	{M}
sp|P41441|GSPF_ECOLI	SINGLE	5	286	312	6	7.524e-04	{N}
sp|P41441|GSPF_ECOLI	MULTIPLE	1	25	393	120	1.880e-10	{LRI}
sp|P41441|GSPF_ECOLI	WHOLE	1	1	398	68	2.907e-07	{L}
sp|P42592|YGJK_ECOLI	SINGLE	1	317	449	12	7.465e-07	{W}
sp|P42592|YGJK_ECOLI	SINGLE	2	124	348	28	2.122e-04	{T}
sp|P42592|YGJK_ECOLI	SINGLE	3	43	57	5	9.005e-04	{D}
sp|P42592|YGJK_ECOLI	WHOLE	1	1	783	24	5.192e-04	{W}
sp|P42604|UXAA_ECOLI	SINGLE	1	116	422	37	1.800e-04	{G}
sp|P42604|UXAA_ECOLI	SINGLE	2	391	405	6	5.574e-04	{A}
sp|P42604|UXAA_ECOLI	SINGLE	3	8	77	14	6.615e-04	{A}
sp|P42615|MZRA_ECOLI	SINGLE	1	8	26	8	1.342e-04	{L}
sp|P42615|MZRA_ECOLI	SINGLE	2	44	62	4	6.290e-04	{H}
sp|P42628|DLST_ECOLI	SINGLE	1	3	428	42	1.118e-05	{I}
sp|P42628|DLST_ECOLI	SINGLE	2	56	238	34	3.592e-05	{L}
sp|P42628|DLST_ECOLI	SINGLE	3	255	314	14	1.345e-04	{A}
sp|P42628|DLST_ECOLI	SINGLE	4	267	281	5	1.842e-04	{F}
sp|P42628|DLST_ECOLI	SINGLE	5	1	422	20	6.949e-04	{M}
sp|P42628|DLST_ECOLI	MULTIPLE	1	31	428	134	1.314e-10	{ILFM}
sp|P42628|DLST_ECOLI	WHOLE	1	1	443	42	2.657e-05	{I}
sp|P43329|HRPA_ECOLI	SINGLE	1	15	957	88	2.066e-09	{R}
sp|P43329|HRPA_ECOLI	SINGLE	2	46	475	42	1.380e-05	{I}
sp|P43329|HRPA_ECOLI	SINGLE	3	979	999	7	1.639e-04	{K}
sp|P43329|HRPA_ECOLI	SINGLE	4	1232	1246	5	2.936e-04	{Q}
sp|P43329|HRPA_ECOLI	SINGLE	5	827	1108	43	3.462e-04	{L}
sp|P43329|HRPA_ECOLI	SINGLE	6	956	1010	10	6.294e-04	{D}
sp|P43329|HRPA_ECOLI	SINGLE	7	1190	1207	6	6.921e-04	{G}
sp|P43329|HRPA_ECOLI	MULTIPLE	1	15	949	153	7.826e-11	{RI}
sp|P43329|HRPA_ECOLI	MULTIPLE	2	827	1108	69	2.180e-05	{KL}
sp|P43329|HRPA_ECOLI	WHOLE	1	1	1300	108	1.836e-08	{R}
sp|P43674|YCAL_ECOLI	SINGLE	1	9	186	32	5.573e-06	{A}
sp|P43674|YCAL_ECOLI	SINGLE	2	99	123	5	1.683e-04	{M}
sp|P43674|YCAL_ECOLI	SINGLE	3	86	126	8	2.658e-04	{N}
sp|P43674|YCAL_ECOLI	MULTIPLE	1	9	186	54	2.300e-08	{AMN}
sp|P43674|YCAL_ECOLI	WHOLE	1	1	254	36	2.178e-04	{A}
sp|P43676|PITB_ECOLI	SINGLE	1	2	24	10	1.417e-05	{L}
sp|P43676|PITB_ECOLI	SINGLE	2	185	205	8	1.889e-05	{K}
sp|P43676|PITB_ECOLI	SINGLE	3	321	475	13	3.129e-05	{M}
sp|P43676|PITB_ECOLI	SINGLE	4	66	177	23	1.263e-04	{L}
sp|P43676|PITB_ECOLI	SINGLE	5	178	211	8	1.404e-04	{R}
sp|P43676|PITB_ECOLI	SINGLE	6	19	58	11	1.490e-04	{A}
sp|P43676|PITB_ECOLI	SINGLE	7	105	215	15	2.620e-04	{I}
sp|P43676|PITB_ECOLI	SINGLE	8	278	292	5	4.135e-04	{P}
sp|P43676|PITB_ECOLI	SINGLE	9	395	464	13	4.545e-04	{G}
sp|P43676|PITB_ECOLI	SINGLE	10	48	100	6	8.744e-04	{M}
sp|P43676|PITB_ECOLI	SINGLE	11	22	63	7	9.333e-04	{F}
sp|P43676|PITB_ECOLI	MULTIPLE	1	185	205	13	2.676e-08	{KR}
sp|P43676|PITB_ECOLI	MULTIPLE	2	395	442	15	7.791e-06	{MG}
sp|P43676|PITB_ECOLI	MULTIPLE	3	66	174	38	1.243e-06	{LIM}
sp|P43676|PITB_ECOLI	MULTIPLE	4	19	63	18	1.070e-06	{AF}
sp|P43676|PITB_ECOLI	WHOLE	1	1	499	24	1.965e-04	{M}
sp|P45522|KEFB_ECOLI	SINGLE	1	7	380	76	2.900e-11	{L}
sp|P45522|KEFB_ECOLI	SINGLE	2	294	308	8	1.266e-06	{V}
sp|P45522|KEFB_ECOLI	SINGLE	3	497	592	17	2.369e-06	{R}
sp|P45522|KEFB_ECOLI	SINGLE	4	107	587	25	4.851e-05	{M}
sp|P45522|KEFB_ECOLI	SINGLE	5	92	131	11	1.490e-04	{A}
sp|P45522|KEFB_ECOLI	SINGLE	6	488	563	8	2.146e-04	{H}
sp|P45522|KEFB_ECOLI	SINGLE	7	28	48	7	2.506e-04	{G}
sp|P45522|KEFB_ECOLI	SINGLE	8	574	590	6	4.457e-04	{E}
sp|P45522|KEFB_ECOLI	SINGLE	9	16	41	8	5.129e-04	{A}
sp|P45522|KEFB_ECOLI	SINGLE	10	6	350	26	6.751e-04	{F}
sp|P45522|KEFB_ECOLI	MULTIPLE	1	6	564	312	2.381e-21	{LVMAGF}
sp|P45522|KEFB_ECOLI	MULTIPLE	2	488	592	36	3.564e-08	{RHE}
sp|P45522|KEFB_ECOLI	WHOLE	1	1	601	97	2.343e-08	{L}
sp|P45522|KEFB_ECOLI	WHOLE	2	1	601	27	2.381e-04	{M}
sp|P45523|FKBA_ECOLI	SINGLE	1	11	54	16	8.633e-08	{A}
sp|P45523|FKBA_ECOLI	SINGLE	2	30	270	35	1.608e-06	{K}
sp|P45523|FKBA_ECOLI	SINGLE	3	220	258	8	3.160e-04	{P}
sp|P45523|FKBA_ECOLI	SINGLE	4	140	232	15	7.787e-04	{G}
sp|P45523|FKBA_ECOLI	MULTIPLE	1	11	270	74	6.843e-10	{AK}
sp|P45523|FKBA_ECOLI	MULTIPLE	2	156	235	21	1.114e-04	{PG}
sp|P45523|FKBA_ECOLI	WHOLE	1	1	270	37	3.241e-06	{K}
sp|P45523|FKBA_ECOLI	WHOLE	2	1	270	39	8.893e-05	{A}
sp|P45532|TUSD_ECOLI	SINGLE	1	4	118	20	3.835e-04	{A}
sp|P45543|FRLD_ECOLI	SINGLE	1	100	260	29	1.378e-05	{A}
sp|P45543|FRLD_ECOLI	SINGLE	2	49	171	17	3.211e-04	{D}
sp|P45543|FRLD_ECOLI	SINGLE	3	69	85	4	4.036e-04	{H}
sp|P45543|FRLD_ECOLI	MULTIPLE	1	49	252	58	1.293e-06	{ADH}
sp|P45543|FRLD_ECOLI	WHOLE	1	1	261	35	6.599e-04	{A}
sp|P45548|PHP_ECOLI	SINGLE	1	40	70	6	4.555e-05	{M}
sp|P45548|PHP_ECOLI	SINGLE	2	100	138	9	5.844e-04	{E}
sp|P45548|PHP_ECOLI	SINGLE	3	109	142	7	9.725e-04	{I}
sp|P45548|PHP_ECOLI	MULTIPLE	1	100	142	16	8.491e-06	{EI}
sp|P45578|LUXS_ECOLI	SINGLE	1	115	140	7	8.095e-05	{Q}
sp|P45579|HCXA_ECOLI	SINGLE	1	213	227	6	2.215e-05	{Q}
sp|P45579|HCXA_ECOLI	SINGLE	2	37	258	35	3.534e-05	{A}
sp|P45579|HCXA_ECOLI	SINGLE	3	233	247	6	2.293e-04	{G}
sp|P45579|HCXA_ECOLI	MULTIPLE	1	33	262	71	3.764e-06	{QAG}
sp|P45579|HCXA_ECOLI	WHOLE	1	1	362	46	3.948e-04	{A}
sp|P45758|GSPD_ECOLI	SINGLE	1	361	480	17	1.240e-05	{N}
sp|P45758|GSPD_ECOLI	SINGLE	2	90	569	52	1.077e-04	{V}
sp|P45758|GSPD_ECOLI	SINGLE	3	574	618	9	2.010e-04	{R}
sp|P45758|GSPD_ECOLI	SINGLE	4	166	251	13	2.208e-04	{I}
sp|P45758|GSPD_ECOLI	SINGLE	5	506	520	6	3.585e-04	{S}
sp|P45758|GSPD_ECOLI	SINGLE	6	472	542	12	9.470e-04	{T}
sp|P45758|GSPD_ECOLI	MULTIPLE	1	90	544	144	4.170e-07	{NVIT}
sp|P45799|NUDE_ECOLI	SINGLE	1	18	47	7	3.809e-04	{R}
sp|P46130|YBHC_ECOLI	SINGLE	1	205	414	31	2.023e-09	{N}
sp|P46130|YBHC_ECOLI	SINGLE	2	26	177	19	6.538e-05	{P}
sp|P46130|YBHC_ECOLI	SINGLE	3	10	104	18	2.589e-04	{A}
sp|P46130|YBHC_ECOLI	SINGLE	4	120	156	9	4.511e-04	{G}
sp|P46130|YBHC_ECOLI	SINGLE	5	223	358	19	7.979e-04	{V}
sp|P46130|YBHC_ECOLI	MULTIPLE	1	10	178	59	5.920e-07	{PAG}
sp|P46130|YBHC_ECOLI	WHOLE	1	1	427	36	6.691e-05	{N}
sp|P46187|RSEC_ECOLI	SINGLE	1	74	99	10	4.926e-05	{L}
sp|P46187|RSEC_ECOLI	SINGLE	2	20	35	4	9.828e-05	{C}
sp|P46187|RSEC_ECOLI	SINGLE	3	109	123	6	2.293e-04	{G}
sp|P46474|YHDP_ECOLI	SINGLE	1	459	965	45	3.048e-06	{N}
sp|P46474|YHDP_ECOLI	SINGLE	2	36	511	22	3.086e-06	{W}
sp|P46474|YHDP_ECOLI	SINGLE	3	4	923	123	7.697e-06	{L}
sp|P46474|YHDP_ECOLI	SINGLE	4	1197	1226	11	7.966e-06	{A}
sp|P46474|YHDP_ECOLI	SINGLE	5	1138	1152	5	1.842e-04	{F}
sp|P46474|YHDP_ECOLI	SINGLE	6	127	668	49	2.995e-04	{D}
sp|P46474|YHDP_ECOLI	SINGLE	7	1186	1237	11	3.318e-04	{V}
sp|P46474|YHDP_ECOLI	SINGLE	8	183	680	52	3.825e-04	{G}
sp|P46474|YHDP_ECOLI	SINGLE	9	864	878	5	4.135e-04	{P}
sp|P46474|YHDP_ECOLI	SINGLE	10	1132	1179	9	9.147e-04	{D}
sp|P46474|YHDP_ECOLI	MULTIPLE	1	90	887	356	1.504e-14	{NWLDGP}
sp|P46474|YHDP_ECOLI	MULTIPLE	2	1197	1229	19	8.739e-09	{AV}
sp|P46474|YHDP_ECOLI	MULTIPLE	3	1140	1179	13	4.039e-05	{FD}
sp|P46474|YHDP_ECOLI	WHOLE	1	1	1266	40	6.962e-06	{W}
sp|P46474|YHDP_ECOLI	WHOLE	2	1	1266	151	1.869e-04	{L}
sp|P46474|YHDP_ECOLI	WHOLE	3	1	1266	110	7.332e-04	{G}
sp|P46923|TORZ_ECOLI	SINGLE	1	352	464	22	3.384e-06	{G}
sp|P46923|TORZ_ECOLI	SINGLE	2	321	809	61	1.064e-04	{A}
sp|P46923|TORZ_ECOLI	SINGLE	3	15	31	7	1.565e-04	{A}
sp|P46923|TORZ_ECOLI	SINGLE	4	271	603	18	2.962e-04	{M}
sp|P46923|TORZ_ECOLI	SINGLE	5	182	211	8	4.209e-04	{V}
sp|P46923|TORZ_ECOLI	MULTIPLE	1	350	464	28	4.292e-07	{GM}
sp|P46923|TORZ_ECOLI	WHOLE	1	1	809	90	2.007e-04	{A}
sp|P50466|AER_ECOLI	SINGLE	1	297	428	29	2.452e-07	{A}
sp|P50466|AER_ECOLI	SINGLE	2	8	36	8	2.444e-04	{T}
sp|P50466|AER_ECOLI	SINGLE	3	286	308	6	3.135e-04	{Q}
sp|P50466|AER_ECOLI	SINGLE	4	86	166	12	3.487e-04	{R}
sp|P50466|AER_ECOLI	SINGLE	5	273	355	14	3.961e-04	{T}
sp|P50466|AER_ECOLI	SINGLE	6	338	367	7	4.505e-04	{I}
sp|P50466|AER_ECOLI	SINGLE	7	153	199	12	6.556e-04	{L}
sp|P50466|AER_ECOLI	SINGLE	8	419	456	7	9.131e-04	{Q}
sp|P50466|AER_ECOLI	MULTIPLE	1	285	457	78	1.616e-10	{AQTI}
sp|P50466|AER_ECOLI	WHOLE	1	1	506	63	8.913e-05	{A}
sp|P51020|HOA_ECOLI	SINGLE	1	33	306	44	2.787e-06	{A}
sp|P51020|HOA_ECOLI	SINGLE	2	131	174	7	3.967e-05	{M}
sp|P51020|HOA_ECOLI	SINGLE	3	18	200	12	5.411e-04	{H}
sp|P51020|HOA_ECOLI	MULTIPLE	1	17	261	63	3.762e-09	{AMH}
sp|P51020|HOA_ECOLI	WHOLE	1	1	337	46	8.970e-05	{A}
sp|P52005|TORY_ECOLI	SINGLE	1	31	206	13	1.095e-04	{H}
sp|P52005|TORY_ECOLI	SINGLE	2	108	339	34	1.730e-04	{A}
sp|P52005|TORY_ECOLI	SINGLE	3	9	25	7	4.133e-04	{L}
sp|P52005|TORY_ECOLI	SINGLE	4	39	164	8	8.033e-04	{C}
sp|P52005|TORY_ECOLI	MULTIPLE	1	26	339	65	1.470e-06	{HAC}
sp|P52045|SCPB_ECOLI	SINGLE	1	11	209	22	2.278e-04	{I}
sp|P52045|SCPB_ECOLI	SINGLE	2	183	252	13	3.803e-04	{E}
sp|P52062|HEMW_ECOLI	SINGLE	1	277	324	9	3.282e-04	{R}
sp|P52062|HEMW_ECOLI	SINGLE	2	151	228	17	4.217e-04	{L}
sp|P52062|HEMW_ECOLI	SINGLE	3	233	260	6	4.644e-04	{Y}
sp|P52062|HEMW_ECOLI	SINGLE	4	309	327	5	6.080e-04	{F}
sp|P52062|HEMW_ECOLI	SINGLE	5	188	212	6	7.403e-04	{P}
sp|P52062|HEMW_ECOLI	SINGLE	6	223	249	6	7.702e-04	{Q}
sp|P52062|HEMW_ECOLI	SINGLE	7	36	50	5	9.005e-04	{D}
sp|P52062|HEMW_ECOLI	MULTIPLE	1	273	327	16	9.208e-06	{RF}
sp|P52062|HEMW_ECOLI	MULTIPLE	2	155	217	21	5.027e-05	{LP}
sp|P52062|HEMW_ECOLI	MULTIPLE	3	233	249	8	2.106e-05	{YQ}
sp|P52094|HISQ_ECOLI	SINGLE	1	21	103	13	1.562e-04	{I}
sp|P52094|HISQ_ECOLI	SINGLE	2	102	143	8	1.661e-04	{F}
sp|P52094|HISQ_ECOLI	SINGLE	3	10	76	16	2.156e-04	{L}
sp|P52094|HISQ_ECOLI	SINGLE	4	4	155	22	2.861e-04	{G}
sp|P52094|HISQ_ECOLI	MULTIPLE	1	4	155	50	4.803e-08	{IFG}
sp|P52097|TILS_ECOLI	SINGLE	1	150	302	21	1.042e-05	{R}
sp|P52097|TILS_ECOLI	SINGLE	2	69	99	8	3.521e-05	{Q}
sp|P52097|TILS_ECOLI	SINGLE	3	206	289	18	5.436e-05	{A}
sp|P52097|TILS_ECOLI	SINGLE	4	308	326	4	1.525e-04	{W}
sp|P52097|TILS_ECOLI	SINGLE	5	3	403	58	1.786e-04	{L}
sp|P52097|TILS_ECOLI	SINGLE	6	48	63	4	3.155e-04	{H}
sp|P52097|TILS_ECOLI	MULTIPLE	1	91	302	87	1.598e-10	{RAL}
sp|P52097|TILS_ECOLI	WHOLE	1	1	432	34	3.525e-04	{Q}
sp|P52097|TILS_ECOLI	WHOLE	2	1	432	36	5.080e-04	{R}
sp|P52097|TILS_ECOLI	WHOLE	3	1	432	59	5.991e-04	{L}
sp|P52599|EMRK_ECOLI	SINGLE	1	165	205	12	3.991e-05	{A}
sp|P52599|EMRK_ECOLI	SINGLE	2	95	109	5	2.875e-04	{N}
sp|P52599|EMRK_ECOLI	SINGLE	3	107	131	6	5.033e-04	{Q}
sp|P52599|EMRK_ECOLI	SINGLE	4	367	381	5	5.275e-04	{I}
sp|P52599|EMRK_ECOLI	SINGLE	5	215	316	16	5.863e-04	{V}
sp|P52599|EMRK_ECOLI	MULTIPLE	1	95	137	12	1.612e-04	{NQ}
sp|P52600|EMRY_ECOLI	SINGLE	1	152	369	30	3.012e-07	{I}
sp|P52600|EMRY_ECOLI	SINGLE	2	76	346	50	9.937e-07	{L}
sp|P52600|EMRY_ECOLI	SINGLE	3	343	409	13	1.470e-06	{F}
sp|P52600|EMRY_ECOLI	SINGLE	4	390	480	18	5.561e-05	{S}
sp|P52600|EMRY_ECOLI	SINGLE	5	89	103	6	3.585e-04	{S}
sp|P52600|EMRY_ECOLI	SINGLE	6	4	60	11	5.053e-04	{T}
sp|P52600|EMRY_ECOLI	SINGLE	7	235	271	9	8.059e-04	{S}
sp|P52600|EMRY_ECOLI	MULTIPLE	1	83	480	169	3.049e-14	{ILFS}
sp|P52600|EMRY_ECOLI	WHOLE	1	1	512	50	2.543e-06	{I}
sp|P52600|EMRY_ECOLI	WHOLE	2	1	512	71	1.445e-04	{L}
sp|P52612|FLII_ECOLI	SINGLE	1	29	320	39	1.541e-05	{G}
sp|P52612|FLII_ECOLI	SINGLE	2	226	386	28	3.539e-05	{A}
sp|P52612|FLII_ECOLI	SINGLE	3	111	154	9	1.405e-04	{P}
sp|P52612|FLII_ECOLI	SINGLE	4	4	402	35	2.541e-04	{R}
sp|P52612|FLII_ECOLI	SINGLE	5	55	86	8	6.680e-04	{E}
sp|P52612|FLII_ECOLI	MULTIPLE	1	23	378	134	2.765e-09	{GAPR}
sp|P52612|FLII_ECOLI	WHOLE	1	1	457	37	7.053e-04	{R}
sp|P52612|FLII_ECOLI	WHOLE	2	1	457	47	8.659e-04	{G}
sp|P52645|YDBH_ECOLI	SINGLE	1	2	427	76	1.106e-08	{L}
sp|P52645|YDBH_ECOLI	SINGLE	2	29	857	32	1.137e-06	{W}
sp|P52645|YDBH_ECOLI	SINGLE	3	104	172	13	6.094e-06	{Q}
sp|P52645|YDBH_ECOLI	SINGLE	4	264	652	49	7.526e-06	{G}
sp|P52645|YDBH_ECOLI	SINGLE	5	718	867	17	1.885e-04	{N}
sp|P52645|YDBH_ECOLI	SINGLE	6	187	220	7	7.165e-04	{P}
sp|P52645|YDBH_ECOLI	MULTIPLE	1	9	866	337	4.154e-17	{LWQGP}
sp|P52645|YDBH_ECOLI	WHOLE	1	1	879	127	1.357e-07	{L}
sp|P52645|YDBH_ECOLI	WHOLE	2	1	879	32	3.627e-06	{W}
sp|P52645|YDBH_ECOLI	WHOLE	3	1	879	80	9.370e-04	{G}
sp|P52647|YDBK_ECOLI	SINGLE	1	9	719	90	2.555e-06	{A}
sp|P52647|YDBK_ECOLI	SINGLE	2	689	755	8	1.082e-05	{C}
sp|P52647|YDBK_ECOLI	SINGLE	3	616	718	15	6.660e-05	{P}
sp|P52647|YDBK_ECOLI	SINGLE	4	959	973	6	2.293e-04	{G}
sp|P52647|YDBK_ECOLI	MULTIPLE	1	9	719	135	2.279e-07	{AP}
sp|P52647|YDBK_ECOLI	WHOLE	1	1	1174	133	5.633e-06	{A}
sp|P52697|6PGL_ECOLI	SINGLE	1	31	202	27	1.233e-05	{V}
sp|P52697|6PGL_ECOLI	WHOLE	1	1	331	40	6.682e-05	{V}
sp|P55798|PRP1_ECOLI	SINGLE	1	14	200	15	1.386e-05	{H}
sp|P55798|PRP1_ECOLI	SINGLE	2	16	184	10	1.979e-04	{W}
sp|P55798|PRP1_ECOLI	SINGLE	3	83	98	4	3.155e-04	{M}
sp|P55798|PRP1_ECOLI	SINGLE	4	60	123	10	3.214e-04	{Q}
sp|P55798|PRP1_ECOLI	MULTIPLE	1	3	200	43	1.137e-09	{HWQ}
sp|P55798|PRP1_ECOLI	WHOLE	1	1	218	15	7.589e-05	{H}
sp|P55798|PRP1_ECOLI	WHOLE	2	1	218	20	8.246e-04	{Q}
sp|P55799|PRP2_ECOLI	SINGLE	1	12	35	5	1.377e-04	{H}
sp|P55799|PRP2_ECOLI	SINGLE	2	124	138	5	5.275e-04	{I}
sp|P58034|YMGF_ECOLI	SINGLE	1	22	65	13	8.815e-05	{L}
sp|P58034|YMGF_ECOLI	SINGLE	2	14	30	6	1.019e-04	{I}
sp|P58034|YMGF_ECOLI	MULTIPLE	1	12	65	22	1.198e-06	{LI}
sp|P60293|MUKF_ECOLI	SINGLE	1	329	364	13	1.821e-07	{E}
sp|P60293|MUKF_ECOLI	SINGLE	2	169	345	24	3.388e-05	{D}
sp|P60293|MUKF_ECOLI	SINGLE	3	175	191	6	5.013e-05	{Q}
sp|P60293|MUKF_ECOLI	SINGLE	4	16	407	35	1.876e-04	{R}
sp|P60293|MUKF_ECOLI	SINGLE	5	206	234	9	6.862e-04	{L}
sp|P60293|MUKF_ECOLI	MULTIPLE	1	24	408	142	3.838e-09	{DQRL}
sp|P60390|RSMH_ECOLI	SINGLE	1	22	310	30	4.122e-05	{R}
sp|P60390|RSMH_ECOLI	SINGLE	2	21	98	12	3.183e-04	{I}
sp|P60390|RSMH_ECOLI	SINGLE	3	55	129	12	6.211e-04	{D}
sp|P60390|RSMH_ECOLI	SINGLE	4	136	190	12	7.069e-04	{A}
sp|P60390|RSMH_ECOLI	SINGLE	5	25	49	7	7.874e-04	{G}
sp|P60390|RSMH_ECOLI	MULTIPLE	1	15	313	106	3.687e-06	{RIAG}
sp|P60390|RSMH_ECOLI	WHOLE	1	1	313	30	1.572e-04	{R}
sp|P60546|KGUA_ECOLI	SINGLE	1	182	196	5	4.635e-04	{R}
sp|P60546|KGUA_ECOLI	SINGLE	2	133	149	5	8.659e-04	{R}
sp|P60584|CAIA_ECOLI	SINGLE	1	245	332	18	9.985e-05	{A}
sp|P60584|CAIA_ECOLI	SINGLE	2	344	358	5	4.635e-04	{R}
sp|P60584|CAIA_ECOLI	SINGLE	3	61	151	15	6.280e-04	{G}
sp|P60757|HIS1_ECOLI	SINGLE	1	6	105	14	2.173e-04	{R}
sp|P60757|HIS1_ECOLI	SINGLE	2	49	68	6	5.140e-04	{D}
sp|P60757|HIS1_ECOLI	SINGLE	3	230	298	7	6.437e-04	{M}
sp|P60757|HIS1_ECOLI	MULTIPLE	1	3	105	25	2.654e-05	{RD}
sp|P60782|PLSY_ECOLI	SINGLE	1	29	143	22	4.516e-06	{G}
sp|P60782|PLSY_ECOLI	SINGLE	2	71	193	9	8.603e-05	{W}
sp|P60782|PLSY_ECOLI	MULTIPLE	1	37	157	28	2.559e-07	{GW}
sp|P60906|SYH_ECOLI	SINGLE	1	277	308	9	1.433e-04	{G}
sp|P60906|SYH_ECOLI	SINGLE	2	299	417	21	2.342e-04	{A}
sp|P60906|SYH_ECOLI	SINGLE	3	383	399	6	4.421e-04	{V}
sp|P60906|SYH_ECOLI	MULTIPLE	1	277	417	58	2.970e-08	{GAV}
sp|P61517|CAN_ECOLI	SINGLE	1	63	219	12	1.433e-04	{H}
sp|P61517|CAN_ECOLI	SINGLE	2	62	90	8	3.301e-04	{V}
sp|P61714|RISB_ECOLI	SINGLE	1	6	156	29	4.016e-06	{A}
sp|P61714|RISB_ECOLI	WHOLE	1	1	156	29	7.578e-06	{A}
sp|P61949|FLAV_ECOLI	SINGLE	1	29	147	18	7.376e-05	{D}
sp|P62601|TREF_ECOLI	SINGLE	1	93	442	36	1.011e-05	{R}
sp|P62601|TREF_ECOLI	SINGLE	2	516	547	10	2.341e-05	{G}
sp|P62601|TREF_ECOLI	SINGLE	3	13	45	10	2.656e-05	{E}
sp|P62601|TREF_ECOLI	SINGLE	4	114	493	16	1.641e-04	{W}
sp|P62601|TREF_ECOLI	SINGLE	5	9	165	18	2.756e-04	{P}
sp|P62601|TREF_ECOLI	SINGLE	6	319	438	20	6.449e-04	{A}
sp|P62601|TREF_ECOLI	SINGLE	7	285	299	5	9.005e-04	{D}
sp|P62601|TREF_ECOLI	MULTIPLE	1	74	493	88	3.955e-08	{RWD}
sp|P62615|ISPE_ECOLI	SINGLE	1	162	195	9	1.677e-05	{P}
sp|P62615|ISPE_ECOLI	SINGLE	2	82	107	9	2.409e-05	{G}
sp|P63177|RLMB_ECOLI	SINGLE	1	111	146	11	5.368e-05	{A}
sp|P63201|GADW_ECOLI	SINGLE	1	25	203	31	2.507e-04	{L}
sp|P63201|GADW_ECOLI	SINGLE	2	97	138	10	5.095e-04	{S}
sp|P63201|GADW_ECOLI	MULTIPLE	1	24	203	52	1.076e-05	{LS}
sp|P64426|DIGH_ECOLI	SINGLE	1	32	46	6	3.376e-05	{P}
sp|P64426|DIGH_ECOLI	SINGLE	2	60	388	14	3.544e-04	{W}
sp|P64506|YEBY_ECOLI	SINGLE	1	7	21	6	5.574e-04	{A}
sp|P64550|ALAE_ECOLI	SINGLE	1	12	147	20	3.238e-04	{V}
sp|P64550|ALAE_ECOLI	WHOLE	1	1	149	20	9.627e-04	{V}
sp|P64578|HIGB_ECOLI	SINGLE	1	7	56	10	6.508e-04	{K}
sp|P64581|YQJD_ECOLI	SINGLE	1	16	41	8	2.967e-04	{S}
sp|P64581|YQJD_ECOLI	SINGLE	2	58	72	6	5.574e-04	{A}
sp|P64581|YQJD_ECOLI	SINGLE	3	4	35	8	6.680e-04	{E}
sp|P64581|YQJD_ECOLI	MULTIPLE	1	13	37	13	5.358e-06	{SE}
sp|P64646|GHOT_ECOLI	SINGLE	1	7	25	7	1.944e-05	{I}
sp|P65643|EUTT_ECOLI	SINGLE	1	172	193	5	8.914e-05	{H}
sp|P65643|EUTT_ECOLI	SINGLE	2	50	64	5	2.936e-04	{Q}
sp|P65643|EUTT_ECOLI	SINGLE	3	110	203	19	5.300e-04	{L}
sp|P65643|EUTT_ECOLI	MULTIPLE	1	116	203	23	6.607e-05	{HL}
sp|P67080|PLPHP_ECOLI	SINGLE	1	143	228	17	2.272e-04	{A}
sp|P67080|PLPHP_ECOLI	SINGLE	2	5	49	11	4.349e-04	{A}
sp|P67697|HICB_ECOLI	SINGLE	1	32	46	6	5.574e-04	{A}
sp|P67701|HIGA_ECOLI	SINGLE	1	34	52	8	1.342e-04	{L}
sp|P67701|HIGA_ECOLI	SINGLE	2	55	82	8	8.667e-04	{A}
sp|P68066|GRCA_ECOLI	SINGLE	1	43	77	10	4.547e-05	{V}
sp|P68066|GRCA_ECOLI	SINGLE	2	25	91	12	8.462e-04	{E}
sp|P68066|GRCA_ECOLI	MULTIPLE	1	40	84	19	9.429e-07	{VE}
sp|P68567|RSMJ_ECOLI	SINGLE	1	53	86	10	4.148e-05	{G}
sp|P69432|PGAD_ECOLI	SINGLE	1	80	124	10	1.570e-05	{Q}
sp|P69432|PGAD_ECOLI	SINGLE	2	29	58	6	8.147e-04	{F}
sp|P69434|PGAA_ECOLI	SINGLE	1	15	262	46	2.789e-08	{A}
sp|P69434|PGAA_ECOLI	SINGLE	2	555	784	14	9.225e-06	{W}
sp|P69434|PGAA_ECOLI	SINGLE	3	67	138	13	9.791e-06	{Q}
sp|P69434|PGAA_ECOLI	SINGLE	4	576	659	12	4.807e-04	{R}
sp|P69434|PGAA_ECOLI	SINGLE	5	557	573	6	4.943e-04	{G}
sp|P69434|PGAA_ECOLI	SINGLE	6	490	514	7	6.967e-04	{V}
sp|P69434|PGAA_ECOLI	SINGLE	7	373	399	7	8.695e-04	{T}
sp|P69434|PGAA_ECOLI	MULTIPLE	1	21	262	66	1.131e-10	{AQ}
sp|P69434|PGAA_ECOLI	WHOLE	1	1	807	27	6.977e-05	{W}
sp|P69434|PGAA_ECOLI	WHOLE	2	1	807	88	3.961e-04	{A}
sp|P69488|CUTA_ECOLI	SINGLE	1	18	40	9	2.916e-05	{A}
sp|P69506|YTFE_ECOLI	SINGLE	1	121	156	7	1.031e-05	{M}
sp|P69506|YTFE_ECOLI	SINGLE	2	45	168	19	2.751e-04	{E}
sp|P69506|YTFE_ECOLI	SINGLE	3	78	129	6	7.926e-04	{H}
sp|P69506|YTFE_ECOLI	MULTIPLE	1	45	172	27	8.554e-06	{EH}
sp|P69811|PTFAH_ECOLI	SINGLE	1	15	376	55	1.117e-06	{A}
sp|P69811|PTFAH_ECOLI	SINGLE	2	107	275	34	6.921e-06	{L}
sp|P69811|PTFAH_ECOLI	SINGLE	3	225	284	12	7.841e-05	{D}
sp|P69811|PTFAH_ECOLI	MULTIPLE	1	123	288	77	8.676e-12	{ALD}
sp|P69811|PTFAH_ECOLI	WHOLE	1	1	376	55	3.410e-06	{A}
sp|P69822|ULAB_ECOLI	SINGLE	1	50	64	5	5.275e-04	{I}
sp|P69822|ULAB_ECOLI	SINGLE	2	1	21	4	9.292e-04	{M}
sp|P69828|PTKA_ECOLI	SINGLE	1	107	122	5	4.085e-04	{Q}
sp|P71229|HYFR_ECOLI	SINGLE	1	119	612	82	7.585e-08	{L}
sp|P71229|HYFR_ECOLI	SINGLE	2	461	667	29	1.810e-07	{R}
sp|P71229|HYFR_ECOLI	SINGLE	3	324	360	9	1.927e-05	{Q}
sp|P71229|HYFR_ECOLI	SINGLE	4	207	221	4	7.491e-05	{C}
sp|P71229|HYFR_ECOLI	SINGLE	5	32	302	16	2.431e-04	{H}
sp|P71229|HYFR_ECOLI	SINGLE	6	36	50	5	4.135e-04	{P}
sp|P71229|HYFR_ECOLI	SINGLE	7	512	526	5	4.135e-04	{P}
sp|P71229|HYFR_ECOLI	SINGLE	8	150	176	7	4.646e-04	{D}
sp|P71229|HYFR_ECOLI	MULTIPLE	1	24	670	210	3.554e-13	{LRQH}
sp|P71229|HYFR_ECOLI	WHOLE	1	1	670	99	9.594e-07	{L}
sp|P71229|HYFR_ECOLI	WHOLE	2	1	670	53	1.362e-04	{R}
sp|P71241|WCAJ_ECOLI	SINGLE	1	223	302	18	1.997e-04	{L}
sp|P71241|WCAJ_ECOLI	SINGLE	2	36	385	39	3.705e-04	{V}
sp|P71241|WCAJ_ECOLI	SINGLE	3	33	56	8	8.059e-04	{L}
sp|P71241|WCAJ_ECOLI	MULTIPLE	1	33	378	84	9.946e-06	{LV}
sp|P75712|ALLP_ECOLI	SINGLE	1	54	388	43	8.975e-09	{I}
sp|P75712|ALLP_ECOLI	SINGLE	2	81	226	28	2.522e-07	{G}
sp|P75712|ALLP_ECOLI	SINGLE	3	30	312	26	3.726e-05	{F}
sp|P75712|ALLP_ECOLI	SINGLE	4	235	341	21	5.346e-05	{A}
sp|P75712|ALLP_ECOLI	SINGLE	5	105	167	16	1.034e-04	{L}
sp|P75712|ALLP_ECOLI	SINGLE	6	231	245	6	2.045e-04	{V}
sp|P75712|ALLP_ECOLI	SINGLE	7	383	399	4	4.036e-04	{M}
sp|P75712|ALLP_ECOLI	MULTIPLE	1	47	399	237	4.705e-23	{IGFALVM}
sp|P75712|ALLP_ECOLI	WHOLE	1	1	484	48	2.610e-06	{I}
sp|P75712|ALLP_ECOLI	WHOLE	2	1	484	53	1.213e-04	{G}
sp|P75712|ALLP_ECOLI	WHOLE	3	1	484	35	2.283e-04	{F}
sp|P75713|ALLE_ECOLI	SINGLE	1	70	244	26	6.090e-05	{G}
sp|P75713|ALLE_ECOLI	SINGLE	2	108	251	14	7.794e-04	{Y}
sp|P75713|ALLE_ECOLI	MULTIPLE	1	70	251	41	9.826e-07	{GY}
sp|P75713|ALLE_ECOLI	WHOLE	1	1	261	32	3.294e-04	{G}
sp|P75726|CILA_ECOLI	SINGLE	1	490	508	8	1.137e-05	{V}
sp|P75726|CILA_ECOLI	SINGLE	2	3	37	7	5.557e-04	{Q}
sp|P75728|UBIF_ECOLI	SINGLE	1	12	28	7	5.515e-05	{G}
sp|P75728|UBIF_ECOLI	SINGLE	2	19	388	50	6.156e-05	{A}
sp|P75728|UBIF_ECOLI	SINGLE	3	336	372	6	1.260e-04	{M}
sp|P75728|UBIF_ECOLI	SINGLE	4	170	246	11	3.610e-04	{Q}
sp|P75728|UBIF_ECOLI	SINGLE	5	100	150	13	4.115e-04	{L}
sp|P75728|UBIF_ECOLI	MULTIPLE	1	15	391	134	4.859e-08	{AMQL}
sp|P75728|UBIF_ECOLI	WHOLE	1	1	391	51	1.210e-04	{A}
sp|P75780|FIU_ECOLI	SINGLE	1	257	506	42	3.013e-09	{T}
sp|P75780|FIU_ECOLI	SINGLE	2	90	567	43	3.511e-06	{N}
sp|P75780|FIU_ECOLI	SINGLE	3	100	712	70	3.895e-06	{G}
sp|P75780|FIU_ECOLI	SINGLE	4	299	320	7	1.188e-04	{D}
sp|P75780|FIU_ECOLI	MULTIPLE	1	85	703	232	4.565e-17	{TNGD}
sp|P75780|FIU_ECOLI	WHOLE	1	1	760	83	2.715e-07	{T}
sp|P75780|FIU_ECOLI	WHOLE	2	1	760	57	2.381e-05	{N}
sp|P75780|FIU_ECOLI	WHOLE	3	1	760	76	1.076e-04	{G}
sp|P75783|YBIO_ECOLI	SINGLE	1	187	672	51	2.695e-07	{I}
sp|P75783|YBIO_ECOLI	SINGLE	2	138	549	69	4.972e-07	{L}
sp|P75783|YBIO_ECOLI	SINGLE	3	328	372	11	8.540e-07	{F}
sp|P75783|YBIO_ECOLI	SINGLE	4	20	34	8	8.976e-07	{T}
sp|P75783|YBIO_ECOLI	SINGLE	5	724	739	7	3.603e-06	{P}
sp|P75783|YBIO_ECOLI	SINGLE	6	73	87	6	3.376e-05	{P}
sp|P75783|YBIO_ECOLI	SINGLE	7	221	244	6	2.346e-04	{F}
sp|P75783|YBIO_ECOLI	SINGLE	8	153	481	14	3.544e-04	{W}
sp|P75783|YBIO_ECOLI	MULTIPLE	1	180	563	144	1.463e-16	{ILFW}
sp|P75783|YBIO_ECOLI	WHOLE	1	1	741	59	1.126e-04	{I}
sp|P75783|YBIO_ECOLI	WHOLE	2	1	741	96	1.596e-04	{L}
sp|P75783|YBIO_ECOLI	WHOLE	3	1	741	46	7.259e-04	{F}
sp|P75796|GSIA_ECOLI	SINGLE	1	63	242	15	8.911e-06	{M}
sp|P75796|GSIA_ECOLI	SINGLE	2	82	593	47	1.098e-05	{R}
sp|P75796|GSIA_ECOLI	SINGLE	3	381	545	20	1.304e-04	{I}
sp|P75796|GSIA_ECOLI	SINGLE	4	24	304	26	1.545e-04	{Q}
sp|P75796|GSIA_ECOLI	SINGLE	5	307	343	9	3.882e-04	{V}
sp|P75796|GSIA_ECOLI	SINGLE	6	260	301	8	5.252e-04	{P}
sp|P75796|GSIA_ECOLI	MULTIPLE	1	20	551	186	4.520e-11	{MRIQV}
sp|P75796|GSIA_ECOLI	WHOLE	1	1	623	52	4.662e-05	{R}
sp|P75796|GSIA_ECOLI	WHOLE	2	1	623	43	9.075e-04	{Q}
sp|P75797|GSIB_ECOLI	SINGLE	1	2	467	64	4.841e-06	{A}
sp|P75797|GSIB_ECOLI	SINGLE	2	361	379	7	8.454e-06	{Q}
sp|P75797|GSIB_ECOLI	SINGLE	3	140	344	22	1.676e-04	{P}
sp|P75797|GSIB_ECOLI	MULTIPLE	1	106	390	63	2.392e-06	{AP}
sp|P75797|GSIB_ECOLI	WHOLE	1	1	512	66	2.415e-05	{A}
sp|P75800|PDEI_ECOLI	SINGLE	1	225	738	65	4.308e-12	{I}
sp|P75800|PDEI_ECOLI	SINGLE	2	105	281	20	5.950e-05	{N}
sp|P75800|PDEI_ECOLI	SINGLE	3	8	30	7	7.728e-05	{I}
sp|P75800|PDEI_ECOLI	SINGLE	4	424	449	4	6.870e-04	{C}
sp|P75800|PDEI_ECOLI	MULTIPLE	1	115	738	117	1.064e-13	{IN}
sp|P75800|PDEI_ECOLI	WHOLE	1	1	782	83	5.530e-11	{I}
sp|P75801|DGCI_ECOLI	SINGLE	1	132	338	20	1.334e-04	{F}
sp|P75801|DGCI_ECOLI	SINGLE	2	153	169	7	4.133e-04	{L}
sp|P75801|DGCI_ECOLI	SINGLE	3	82	145	9	5.118e-04	{Y}
sp|P75801|DGCI_ECOLI	SINGLE	4	286	364	13	7.519e-04	{K}
sp|P75801|DGCI_ECOLI	MULTIPLE	1	90	368	97	2.819e-06	{FLYK}
sp|P75806|YBJG_ECOLI	SINGLE	1	22	195	11	5.587e-05	{W}
sp|P75806|YBJG_ECOLI	SINGLE	2	2	162	29	2.003e-04	{L}
sp|P75806|YBJG_ECOLI	SINGLE	3	76	120	6	3.701e-04	{H}
sp|P75806|YBJG_ECOLI	SINGLE	4	69	116	8	4.181e-04	{F}
sp|P75806|YBJG_ECOLI	MULTIPLE	1	2	189	61	6.726e-08	{WLHF}
sp|P75806|YBJG_ECOLI	WHOLE	1	1	198	11	1.678e-04	{W}
sp|P75806|YBJG_ECOLI	WHOLE	2	1	198	32	6.401e-04	{L}
sp|P75824|HCR_ECOLI	SINGLE	1	273	313	6	4.290e-05	{C}
sp|P75824|HCR_ECOLI	SINGLE	2	142	292	21	4.846e-04	{V}
sp|P75824|HCR_ECOLI	SINGLE	3	77	112	8	5.570e-04	{D}
sp|P75824|HCR_ECOLI	SINGLE	4	222	250	6	6.782e-04	{F}
sp|P75824|HCR_ECOLI	MULTIPLE	1	142	292	29	4.678e-04	{VF}
sp|P75843|ICLRG_ECOLI	SINGLE	1	12	345	34	2.080e-05	{R}
sp|P75843|ICLRG_ECOLI	SINGLE	2	259	280	9	6.698e-05	{L}
sp|P75843|ICLRG_ECOLI	SINGLE	3	71	404	15	1.317e-04	{W}
sp|P75843|ICLRG_ECOLI	SINGLE	4	87	163	8	2.346e-04	{H}
sp|P75843|ICLRG_ECOLI	MULTIPLE	1	3	404	119	1.595e-09	{RLWH}
sp|P75843|ICLRG_ECOLI	WHOLE	1	1	410	37	1.065e-04	{R}
sp|P75843|ICLRG_ECOLI	WHOLE	2	1	410	15	9.661e-04	{W}
sp|P75869|SXY_ECOLI	SINGLE	1	6	82	10	4.848e-04	{Y}
sp|P75869|SXY_ECOLI	SINGLE	2	88	171	17	9.619e-04	{L}
sp|P75895|RUTD_ECOLI	SINGLE	1	58	223	31	3.516e-06	{A}
sp|P75895|RUTD_ECOLI	SINGLE	2	116	198	12	4.327e-04	{R}
sp|P75895|RUTD_ECOLI	MULTIPLE	1	64	223	42	1.563e-06	{AR}
sp|P75895|RUTD_ECOLI	WHOLE	1	1	266	39	6.575e-05	{A}
sp|P75897|RUTB_ECOLI	SINGLE	1	139	226	12	1.266e-04	{F}
sp|P75897|RUTB_ECOLI	SINGLE	2	49	63	6	5.574e-04	{A}
sp|P75905|PGAC_ECOLI	SINGLE	1	2	404	42	3.066e-06	{I}
sp|P75905|PGAC_ECOLI	SINGLE	2	248	431	13	3.947e-06	{W}
sp|P75905|PGAC_ECOLI	SINGLE	3	96	174	18	2.371e-05	{A}
sp|P75905|PGAC_ECOLI	SINGLE	4	8	40	8	2.799e-05	{F}
sp|P75905|PGAC_ECOLI	SINGLE	5	37	62	5	3.525e-05	{W}
sp|P75905|PGAC_ECOLI	SINGLE	6	30	44	4	2.419e-04	{M}
sp|P75905|PGAC_ECOLI	SINGLE	7	263	422	27	8.160e-04	{L}
sp|P75905|PGAC_ECOLI	MULTIPLE	1	2	406	82	1.473e-09	{IWF}
sp|P75905|PGAC_ECOLI	MULTIPLE	2	30	62	9	1.899e-06	{WM}
sp|P75905|PGAC_ECOLI	WHOLE	1	1	441	43	1.160e-05	{I}
sp|P75905|PGAC_ECOLI	WHOLE	2	1	441	18	1.001e-04	{W}
sp|P75915|YCDY_ECOLI	SINGLE	1	7	51	12	4.376e-04	{L}
sp|P75915|YCDY_ECOLI	SINGLE	2	121	138	6	6.250e-04	{E}
sp|P75919|CLSC_ECOLI	SINGLE	1	34	462	39	6.334e-05	{R}
sp|P75919|CLSC_ECOLI	SINGLE	2	60	116	15	1.096e-04	{L}
sp|P75919|CLSC_ECOLI	SINGLE	3	424	471	5	6.595e-04	{W}
sp|P75919|CLSC_ECOLI	MULTIPLE	1	59	473	98	4.185e-06	{RLW}
sp|P75919|CLSC_ECOLI	WHOLE	1	1	473	40	2.110e-04	{R}
sp|P75952|COMR_ECOLI	SINGLE	1	23	105	18	4.638e-05	{A}
sp|P75952|COMR_ECOLI	SINGLE	2	142	156	5	2.936e-04	{Q}
sp|P75952|COMR_ECOLI	SINGLE	3	88	176	7	4.932e-04	{C}
sp|P75954|YCFS_ECOLI	SINGLE	1	137	158	8	2.850e-05	{T}
sp|P75954|YCFS_ECOLI	SINGLE	2	14	28	7	6.097e-05	{A}
sp|P75954|YCFS_ECOLI	SINGLE	3	25	183	19	1.159e-04	{P}
sp|P75954|YCFS_ECOLI	MULTIPLE	1	17	178	39	2.240e-05	{AP}
sp|P75958|LOLE_ECOLI	SINGLE	1	26	368	36	1.189e-05	{I}
sp|P75958|LOLE_ECOLI	SINGLE	2	305	393	20	9.600e-05	{L}
sp|P75958|LOLE_ECOLI	SINGLE	3	248	262	5	1.557e-04	{Y}
sp|P75958|LOLE_ECOLI	SINGLE	4	114	213	13	2.842e-04	{Q}
sp|P75958|LOLE_ECOLI	SINGLE	5	261	276	4	3.155e-04	{M}
sp|P75958|LOLE_ECOLI	SINGLE	6	5	19	5	4.635e-04	{R}
sp|P75958|LOLE_ECOLI	SINGLE	7	23	341	36	4.657e-04	{V}
sp|P75958|LOLE_ECOLI	MULTIPLE	1	22	368	84	4.230e-08	{IMV}
sp|P75958|LOLE_ECOLI	WHOLE	1	1	414	38	1.094e-04	{I}
sp|P75966|RLUE_ECOLI	SINGLE	1	17	196	21	1.055e-04	{R}
sp|P75966|RLUE_ECOLI	SINGLE	2	135	164	7	3.283e-04	{P}
sp|P75966|RLUE_ECOLI	MULTIPLE	1	17	196	36	8.047e-06	{RP}
sp|P75966|RLUE_ECOLI	WHOLE	1	1	217	23	2.054e-04	{R}
sp|P75987|IRAM_ECOLI	SINGLE	1	4	64	14	1.048e-06	{I}
sp|P75987|IRAM_ECOLI	SINGLE	2	81	102	4	3.587e-04	{C}
sp|P75987|IRAM_ECOLI	WHOLE	1	1	107	18	3.818e-06	{I}
sp|P75989|BLUR_ECOLI	SINGLE	1	12	223	24	5.911e-05	{R}
sp|P75989|BLUR_ECOLI	SINGLE	2	170	190	4	2.285e-04	{W}
sp|P75989|BLUR_ECOLI	MULTIPLE	1	12	231	33	2.131e-06	{RW}
sp|P75989|BLUR_ECOLI	WHOLE	1	1	243	24	4.091e-04	{R}
sp|P75993|ARIR_ECOLI	SINGLE	1	38	52	5	2.875e-04	{N}
sp|P76016|DHAR_ECOLI	SINGLE	1	54	568	75	2.322e-05	{L}
sp|P76016|DHAR_ECOLI	SINGLE	2	38	273	36	5.437e-05	{A}
sp|P76016|DHAR_ECOLI	SINGLE	3	222	343	16	5.773e-05	{Q}
sp|P76016|DHAR_ECOLI	SINGLE	4	335	638	28	4.423e-04	{R}
sp|P76016|DHAR_ECOLI	MULTIPLE	1	48	638	223	2.007e-10	{LAQR}
sp|P76016|DHAR_ECOLI	WHOLE	1	1	639	72	4.890e-04	{A}
sp|P76016|DHAR_ECOLI	WHOLE	2	1	639	82	4.982e-04	{L}
sp|P76027|OPPD_ECOLI	SINGLE	1	108	181	13	6.859e-09	{M}
sp|P76027|OPPD_ECOLI	SINGLE	2	260	332	14	5.159e-06	{P}
sp|P76027|OPPD_ECOLI	SINGLE	3	49	87	10	1.427e-04	{G}
sp|P76027|OPPD_ECOLI	WHOLE	1	1	337	21	1.508e-05	{M}
sp|P76041|GGAP_ECOLI	SINGLE	1	484	531	10	2.712e-05	{N}
sp|P76041|GGAP_ECOLI	SINGLE	2	21	533	26	5.159e-05	{H}
sp|P76041|GGAP_ECOLI	SINGLE	3	251	269	6	2.019e-04	{I}
sp|P76041|GGAP_ECOLI	SINGLE	4	58	155	12	3.358e-04	{F}
sp|P76041|GGAP_ECOLI	SINGLE	5	393	506	14	7.719e-04	{R}
sp|P76041|GGAP_ECOLI	SINGLE	6	406	558	17	9.555e-04	{I}
sp|P76041|GGAP_ECOLI	MULTIPLE	1	58	548	112	3.390e-06	{NHIF}
sp|P76041|GGAP_ECOLI	WHOLE	1	1	559	26	1.872e-04	{H}
sp|P76042|YCJN_ECOLI	SINGLE	1	227	262	6	1.079e-04	{M}
sp|P76042|YCJN_ECOLI	SINGLE	2	392	407	6	3.059e-04	{V}
sp|P76043|YCJQ_ECOLI	SINGLE	1	150	164	7	1.824e-05	{V}
sp|P76043|YCJQ_ECOLI	SINGLE	2	73	269	27	1.652e-04	{G}
sp|P76043|YCJQ_ECOLI	SINGLE	3	137	284	23	7.204e-04	{A}
sp|P76043|YCJQ_ECOLI	SINGLE	4	169	231	10	7.436e-04	{I}
sp|P76043|YCJQ_ECOLI	MULTIPLE	1	149	265	58	2.345e-08	{VGAI}
sp|P76044|YCJR_ECOLI	SINGLE	1	173	222	7	9.061e-05	{H}
sp|P76044|YCJR_ECOLI	SINGLE	2	10	30	5	9.823e-04	{F}
sp|P76052|ABGB_ECOLI	SINGLE	1	40	439	60	6.042e-07	{A}
sp|P76052|ABGB_ECOLI	SINGLE	2	70	151	18	4.444e-06	{G}
sp|P76052|ABGB_ECOLI	SINGLE	3	451	465	6	2.215e-05	{Q}
sp|P76052|ABGB_ECOLI	SINGLE	4	465	479	5	4.135e-04	{P}
sp|P76052|ABGB_ECOLI	SINGLE	5	9	28	6	5.140e-04	{D}
sp|P76052|ABGB_ECOLI	SINGLE	6	340	356	5	5.425e-04	{N}
sp|P76052|ABGB_ECOLI	MULTIPLE	1	40	443	119	6.603e-08	{AGN}
sp|P76052|ABGB_ECOLI	MULTIPLE	2	451	479	11	1.988e-05	{QP}
sp|P76052|ABGB_ECOLI	WHOLE	1	1	481	63	2.278e-05	{A}
sp|P76062|RACR_ECOLI	SINGLE	1	17	54	9	3.371e-04	{K}
sp|P76077|PAAA_ECOLI	SINGLE	1	159	181	6	3.135e-04	{Q}
sp|P76079|PAAC_ECOLI	SINGLE	1	4	82	18	1.705e-04	{L}
sp|P76079|PAAC_ECOLI	SINGLE	2	29	215	28	4.046e-04	{A}
sp|P76079|PAAC_ECOLI	MULTIPLE	1	4	208	57	4.024e-05	{LA}
sp|P76081|PAAE_ECOLI	SINGLE	1	295	309	4	7.491e-05	{C}
sp|P76081|PAAE_ECOLI	SINGLE	2	90	180	12	4.148e-04	{Q}
sp|P76081|PAAE_ECOLI	SINGLE	3	35	89	9	8.826e-04	{R}
sp|P76083|PAAH_ECOLI	SINGLE	1	9	434	59	8.217e-06	{A}
sp|P76083|PAAH_ECOLI	SINGLE	2	149	359	29	6.804e-05	{V}
sp|P76083|PAAH_ECOLI	MULTIPLE	1	5	434	103	3.930e-08	{AV}
sp|P76083|PAAH_ECOLI	WHOLE	1	1	475	60	8.667e-05	{A}
sp|P76085|PAAK_ECOLI	SINGLE	1	301	327	9	2.572e-06	{R}
sp|P76085|PAAK_ECOLI	SINGLE	2	125	164	11	3.440e-05	{G}
sp|P76085|PAAK_ECOLI	SINGLE	3	353	398	6	4.164e-04	{H}
sp|P76086|PAAX_ECOLI	SINGLE	1	22	251	42	8.138e-06	{L}
sp|P76086|PAAX_ECOLI	SINGLE	2	55	100	10	4.429e-05	{R}
sp|P76086|PAAX_ECOLI	SINGLE	3	18	32	6	3.585e-04	{S}
sp|P76086|PAAX_ECOLI	SINGLE	4	137	184	11	7.579e-04	{A}
sp|P76086|PAAX_ECOLI	MULTIPLE	1	22	251	60	5.385e-07	{LR}
sp|P76086|PAAX_ECOLI	WHOLE	1	1	316	49	1.070e-04	{L}
sp|P76091|YNBB_ECOLI	SINGLE	1	2	241	50	2.321e-08	{L}
sp|P76091|YNBB_ECOLI	SINGLE	2	63	147	12	9.147e-05	{F}
sp|P76091|YNBB_ECOLI	SINGLE	3	188	274	16	1.266e-04	{G}
sp|P76091|YNBB_ECOLI	SINGLE	4	25	154	9	1.297e-04	{W}
sp|P76091|YNBB_ECOLI	SINGLE	5	14	293	28	1.980e-04	{I}
sp|P76091|YNBB_ECOLI	MULTIPLE	1	9	293	141	2.409e-17	{LFGWI}
sp|P76091|YNBB_ECOLI	WHOLE	1	1	298	55	3.101e-07	{L}
sp|P76091|YNBB_ECOLI	WHOLE	2	1	298	28	4.970e-04	{I}
sp|P76112|MNAT_ECOLI	SINGLE	1	6	49	12	8.341e-05	{A}
sp|P76112|MNAT_ECOLI	SINGLE	2	79	131	7	1.308e-04	{H}
sp|P76115|PQQU_ECOLI	SINGLE	1	70	692	71	3.647e-06	{G}
sp|P76115|PQQU_ECOLI	SINGLE	2	184	207	8	5.767e-05	{T}
sp|P76115|PQQU_ECOLI	SINGLE	3	357	374	6	7.013e-05	{N}
sp|P76115|PQQU_ECOLI	SINGLE	4	6	50	11	8.919e-05	{V}
sp|P76115|PQQU_ECOLI	SINGLE	5	73	87	5	2.936e-04	{Q}
sp|P76115|PQQU_ECOLI	SINGLE	6	604	689	11	2.991e-04	{Y}
sp|P76115|PQQU_ECOLI	SINGLE	7	295	314	4	7.691e-04	{M}
sp|P76115|PQQU_ECOLI	SINGLE	8	262	334	10	8.847e-04	{Q}
sp|P76115|PQQU_ECOLI	MULTIPLE	1	70	694	148	9.933e-10	{GNY}
sp|P76115|PQQU_ECOLI	MULTIPLE	2	262	334	14	1.710e-04	{MQ}
sp|P76115|PQQU_ECOLI	WHOLE	1	1	700	72	7.115e-05	{G}
sp|P76136|SAFA_ECOLI	SINGLE	1	10	60	10	1.364e-04	{I}
sp|P76136|SAFA_ECOLI	WHOLE	1	1	65	10	9.412e-04	{I}
sp|P76143|LSRF_ECOLI	SINGLE	1	2	16	6	8.836e-05	{D}
sp|P76143|LSRF_ECOLI	SINGLE	2	164	266	9	3.520e-04	{M}
sp|P76143|LSRF_ECOLI	SINGLE	3	108	140	9	6.083e-04	{A}
sp|P76145|TAM_ECOLI	SINGLE	1	207	236	7	2.099e-04	{Q}
sp|P76147|DGCF_ECOLI	SINGLE	1	45	102	12	2.273e-04	{V}
sp|P76147|DGCF_ECOLI	SINGLE	2	41	135	13	5.614e-04	{I}
sp|P76147|DGCF_ECOLI	MULTIPLE	1	41	135	27	3.617e-06	{VI}
sp|P76182|RSXD_ECOLI	SINGLE	1	220	242	6	8.558e-07	{W}
sp|P76182|RSXD_ECOLI	SINGLE	2	22	85	19	2.325e-06	{L}
sp|P76182|RSXD_ECOLI	SINGLE	3	148	162	5	5.275e-04	{I}
sp|P76182|RSXD_ECOLI	WHOLE	1	1	352	53	1.237e-04	{L}
sp|P76190|MEPH_ECOLI	SINGLE	1	42	147	30	9.647e-13	{K}
sp|P76190|MEPH_ECOLI	SINGLE	2	10	109	20	2.254e-06	{T}
sp|P76190|MEPH_ECOLI	SINGLE	3	65	85	8	5.617e-05	{S}
sp|P76190|MEPH_ECOLI	SINGLE	4	25	144	22	1.001e-04	{A}
sp|P76190|MEPH_ECOLI	MULTIPLE	1	25	144	87	1.239e-24	{KTSA}
sp|P76190|MEPH_ECOLI	WHOLE	1	1	271	37	3.524e-06	{K}
sp|P76190|MEPH_ECOLI	WHOLE	2	1	271	30	8.221e-04	{T}
sp|P76192|YDHV_ECOLI	SINGLE	1	4	381	47	1.524e-05	{G}
sp|P76192|YDHV_ECOLI	SINGLE	2	621	654	8	3.747e-04	{D}
sp|P76192|YDHV_ECOLI	SINGLE	3	650	666	4	4.036e-04	{M}
sp|P76192|YDHV_ECOLI	SINGLE	4	116	134	6	6.596e-04	{K}
sp|P76192|YDHV_ECOLI	SINGLE	5	374	469	11	7.345e-04	{Y}
sp|P76192|YDHV_ECOLI	SINGLE	6	352	373	6	8.827e-04	{D}
sp|P76192|YDHV_ECOLI	MULTIPLE	1	617	669	15	6.274e-06	{DM}
sp|P76213|CHO_ECOLI	SINGLE	1	3	214	28	9.330e-07	{R}
sp|P76213|CHO_ECOLI	SINGLE	2	180	194	4	7.491e-05	{C}
sp|P76213|CHO_ECOLI	SINGLE	3	92	175	18	3.628e-04	{L}
sp|P76213|CHO_ECOLI	SINGLE	4	218	244	4	6.125e-04	{W}
sp|P76213|CHO_ECOLI	MULTIPLE	1	3	217	69	8.367e-10	{RCL}
sp|P76213|CHO_ECOLI	WHOLE	1	1	295	30	5.878e-05	{R}
sp|P76215|ASTE_ECOLI	SINGLE	1	178	234	12	9.678e-04	{A}
sp|P76217|ASTD_ECOLI	SINGLE	1	34	111	21	3.145e-07	{A}
sp|P76217|ASTD_ECOLI	SINGLE	2	117	449	40	1.139e-04	{G}
sp|P76217|ASTD_ECOLI	SINGLE	3	185	336	17	2.301e-04	{Q}
sp|P76217|ASTD_ECOLI	SINGLE	4	44	67	6	6.720e-04	{R}
sp|P76217|ASTD_ECOLI	SINGLE	5	159	358	32	7.489e-04	{L}
sp|P76217|ASTD_ECOLI	SINGLE	6	124	191	10	8.954e-04	{P}
sp|P76217|ASTD_ECOLI	MULTIPLE	1	34	106	28	1.944e-08	{AR}
sp|P76217|ASTD_ECOLI	MULTIPLE	2	124	361	99	5.900e-09	{GQLP}
sp|P76217|ASTD_ECOLI	WHOLE	1	1	492	64	2.410e-05	{A}
sp|P76234|YEAE_ECOLI	SINGLE	1	192	280	20	1.092e-05	{A}
sp|P76234|YEAE_ECOLI	SINGLE	2	150	187	8	1.601e-04	{Q}
sp|P76234|YEAE_ECOLI	WHOLE	1	1	284	39	2.364e-04	{A}
sp|P76237|DGCJ_ECOLI	SINGLE	1	189	465	32	5.279e-06	{I}
sp|P76237|DGCJ_ECOLI	SINGLE	2	156	175	6	6.498e-05	{Y}
sp|P76237|DGCJ_ECOLI	SINGLE	3	30	133	19	2.858e-04	{A}
sp|P76237|DGCJ_ECOLI	SINGLE	4	222	405	30	7.819e-04	{L}
sp|P76237|DGCJ_ECOLI	MULTIPLE	1	222	446	58	1.628e-06	{IL}
sp|P76242|NIMT_ECOLI	SINGLE	1	15	384	69	8.258e-09	{L}
sp|P76242|NIMT_ECOLI	SINGLE	2	17	349	52	9.446e-07	{A}
sp|P76242|NIMT_ECOLI	SINGLE	3	24	56	10	1.782e-05	{T}
sp|P76242|NIMT_ECOLI	SINGLE	4	106	387	36	7.430e-05	{G}
sp|P76242|NIMT_ECOLI	SINGLE	5	166	233	6	4.722e-04	{W}
sp|P76242|NIMT_ECOLI	MULTIPLE	1	15	387	174	1.634e-19	{LAGW}
sp|P76242|NIMT_ECOLI	WHOLE	1	1	393	70	4.120e-08	{L}
sp|P76242|NIMT_ECOLI	WHOLE	2	1	393	56	6.006e-06	{A}
sp|P76242|NIMT_ECOLI	WHOLE	3	1	393	42	7.528e-04	{G}
sp|P76245|DGCP_ECOLI	SINGLE	1	184	266	11	6.449e-04	{N}
sp|P76245|DGCP_ECOLI	SINGLE	2	29	62	5	7.231e-04	{M}
sp|P76249|LEUE_ECOLI	SINGLE	1	133	177	9	4.503e-05	{F}
sp|P76249|LEUE_ECOLI	WHOLE	1	1	212	19	4.594e-04	{F}
sp|P76250|DMLR_ECOLI	SINGLE	1	129	151	7	1.612e-04	{D}
sp|P76250|DMLR_ECOLI	SINGLE	2	11	166	17	8.739e-04	{R}
sp|P76250|DMLR_ECOLI	SINGLE	3	178	231	6	9.624e-04	{H}
sp|P76256|TSAB_ECOLI	SINGLE	1	62	84	8	6.542e-05	{G}
sp|P76256|TSAB_ECOLI	SINGLE	2	103	170	6	4.722e-04	{W}
sp|P76256|TSAB_ECOLI	SINGLE	3	121	151	8	5.357e-04	{E}
sp|P76256|TSAB_ECOLI	MULTIPLE	1	121	170	14	2.023e-05	{WE}
sp|P76290|CMOA_ECOLI	SINGLE	1	78	123	10	5.602e-05	{I}
sp|P76291|CMOB_ECOLI	SINGLE	1	156	227	17	1.627e-04	{L}
sp|P76291|CMOB_ECOLI	SINGLE	2	89	111	4	3.281e-04	{W}
sp|P76291|CMOB_ECOLI	SINGLE	3	26	41	5	4.085e-04	{Q}
sp|P76340|HPRR_ECOLI	SINGLE	1	28	96	12	2.952e-04	{D}
sp|P76340|HPRR_ECOLI	SINGLE	2	165	179	5	5.275e-04	{I}
sp|P76340|HPRR_ECOLI	SINGLE	3	67	196	15	9.595e-04	{R}
sp|P76340|HPRR_ECOLI	MULTIPLE	1	28	201	35	5.473e-05	{DR}
sp|P76347|YEEJ_ECOLI	SINGLE	1	415	2221	243	2.215e-29	{T}
sp|P76347|YEEJ_ECOLI	SINGLE	2	631	1576	93	2.252e-13	{N}
sp|P76347|YEEJ_ECOLI	SINGLE	3	396	2089	177	2.483e-10	{V}
sp|P76347|YEEJ_ECOLI	SINGLE	4	1588	2323	91	2.185e-07	{S}
sp|P76347|YEEJ_ECOLI	SINGLE	5	719	1867	132	3.165e-06	{A}
sp|P76347|YEEJ_ECOLI	SINGLE	6	19	47	11	5.474e-06	{A}
sp|P76347|YEEJ_ECOLI	SINGLE	7	149	299	10	8.144e-05	{W}
sp|P76347|YEEJ_ECOLI	SINGLE	8	1303	1328	8	2.967e-04	{S}
sp|P76347|YEEJ_ECOLI	SINGLE	9	512	531	7	2.968e-04	{S}
sp|P76347|YEEJ_ECOLI	SINGLE	10	1851	2295	48	3.098e-04	{G}
sp|P76347|YEEJ_ECOLI	SINGLE	11	178	235	9	3.222e-04	{F}
sp|P76347|YEEJ_ECOLI	SINGLE	12	605	619	6	3.585e-04	{S}
sp|P76347|YEEJ_ECOLI	SINGLE	13	17	153	15	6.173e-04	{Q}
sp|P76347|YEEJ_ECOLI	SINGLE	14	349	376	6	9.375e-04	{Q}
sp|P76347|YEEJ_ECOLI	MULTIPLE	1	420	2310	1111	7.891e-70	{TNVSAG}
sp|P76347|YEEJ_ECOLI	MULTIPLE	2	17	157	40	1.294e-07	{AQ}
sp|P76347|YEEJ_ECOLI	MULTIPLE	3	185	235	11	5.886e-05	{WF}
sp|P76347|YEEJ_ECOLI	WHOLE	1	1	2339	271	8.642e-23	{T}
sp|P76347|YEEJ_ECOLI	WHOLE	2	1	2339	170	3.160e-11	{N}
sp|P76347|YEEJ_ECOLI	WHOLE	3	1	2339	207	1.778e-06	{V}
sp|P76347|YEEJ_ECOLI	WHOLE	4	1	2339	240	4.482e-06	{A}
sp|P76347|YEEJ_ECOLI	WHOLE	5	1	2339	222	6.802e-06	{S}
sp|P76350|SHIA_ECOLI	SINGLE	1	28	407	34	5.278e-06	{F}
sp|P76350|SHIA_ECOLI	SINGLE	2	71	179	20	2.161e-05	{G}
sp|P76350|SHIA_ECOLI	SINGLE	3	245	301	15	1.096e-04	{L}
sp|P76350|SHIA_ECOLI	SINGLE	4	380	394	6	2.293e-04	{G}
sp|P76350|SHIA_ECOLI	SINGLE	5	90	104	4	2.419e-04	{M}
sp|P76350|SHIA_ECOLI	MULTIPLE	1	25	409	140	4.120e-11	{FGLM}
sp|P76350|SHIA_ECOLI	WHOLE	1	1	438	34	8.050e-05	{F}
sp|P76352|YEEO_ECOLI	SINGLE	1	406	529	13	4.629e-08	{W}
sp|P76352|YEEO_ECOLI	SINGLE	2	228	399	27	8.113e-08	{I}
sp|P76352|YEEO_ECOLI	SINGLE	3	22	42	5	1.648e-05	{C}
sp|P76352|YEEO_ECOLI	SINGLE	4	158	172	6	3.887e-05	{R}
sp|P76352|YEEO_ECOLI	SINGLE	5	232	392	25	4.097e-05	{G}
sp|P76352|YEEO_ECOLI	SINGLE	6	486	503	7	7.377e-05	{V}
sp|P76352|YEEO_ECOLI	SINGLE	7	474	507	6	7.789e-05	{M}
sp|P76352|YEEO_ECOLI	SINGLE	8	17	57	8	1.400e-04	{F}
sp|P76352|YEEO_ECOLI	SINGLE	9	2	418	60	1.636e-04	{L}
sp|P76352|YEEO_ECOLI	SINGLE	10	126	473	46	1.781e-04	{A}
sp|P76352|YEEO_ECOLI	MULTIPLE	1	425	523	35	1.305e-11	{WVM}
sp|P76352|YEEO_ECOLI	MULTIPLE	2	228	399	52	2.945e-11	{IG}
sp|P76352|YEEO_ECOLI	MULTIPLE	3	17	57	13	1.555e-07	{CF}
sp|P76352|YEEO_ECOLI	MULTIPLE	4	58	427	97	2.647e-06	{LA}
sp|P76352|YEEO_ECOLI	WHOLE	1	1	547	20	1.785e-04	{W}
sp|P76352|YEEO_ECOLI	WHOLE	2	1	547	44	5.206e-04	{I}
sp|P76373|UDG_ECOLI	SINGLE	1	3	334	34	3.181e-05	{I}
sp|P76373|UDG_ECOLI	SINGLE	2	97	121	8	1.088e-04	{V}
sp|P76373|UDG_ECOLI	WHOLE	1	1	388	36	1.298e-04	{I}
sp|P76395|PRP3_ECOLI	SINGLE	1	23	37	5	2.936e-04	{Q}
sp|P76397|MDTA_ECOLI	SINGLE	1	18	189	34	3.407e-07	{A}
sp|P76397|MDTA_ECOLI	SINGLE	2	42	252	25	4.073e-06	{Q}
sp|P76397|MDTA_ECOLI	SINGLE	3	202	391	27	6.722e-05	{V}
sp|P76397|MDTA_ECOLI	MULTIPLE	1	39	192	48	2.865e-10	{AQ}
sp|P76397|MDTA_ECOLI	WHOLE	1	1	415	54	8.662e-05	{A}
sp|P76397|MDTA_ECOLI	WHOLE	2	1	415	34	1.803e-04	{Q}
sp|P76397|MDTA_ECOLI	WHOLE	3	1	415	43	7.973e-04	{V}
sp|P76398|MDTB_ECOLI	SINGLE	1	565	712	23	9.051e-08	{Q}
sp|P76398|MDTB_ECOLI	SINGLE	2	879	939	15	1.703e-07	{I}
sp|P76398|MDTB_ECOLI	SINGLE	3	351	482	22	4.213e-07	{I}
sp|P76398|MDTB_ECOLI	SINGLE	4	313	1027	103	1.789e-06	{L}
sp|P76398|MDTB_ECOLI	SINGLE	5	129	147	7	1.375e-05	{P}
sp|P76398|MDTB_ECOLI	SINGLE	6	79	315	23	1.790e-04	{Q}
sp|P76398|MDTB_ECOLI	SINGLE	7	22	530	61	2.817e-04	{A}
sp|P76398|MDTB_ECOLI	SINGLE	8	84	98	6	3.585e-04	{S}
sp|P76398|MDTB_ECOLI	SINGLE	9	987	1003	6	4.943e-04	{G}
sp|P76398|MDTB_ECOLI	SINGLE	10	149	166	4	5.076e-04	{M}
sp|P76398|MDTB_ECOLI	SINGLE	11	21	415	42	5.682e-04	{V}
sp|P76398|MDTB_ECOLI	SINGLE	12	631	738	15	6.429e-04	{D}
sp|P76398|MDTB_ECOLI	MULTIPLE	1	565	738	42	2.752e-08	{QD}
sp|P76398|MDTB_ECOLI	MULTIPLE	2	21	1027	500	4.231e-22	{ILQAMV}
sp|P76398|MDTB_ECOLI	WHOLE	1	1	1040	82	1.208e-05	{I}
sp|P76398|MDTB_ECOLI	WHOLE	2	1	1040	132	3.917e-05	{L}
sp|P76398|MDTB_ECOLI	WHOLE	3	1	1040	107	7.779e-04	{A}
sp|P76398|MDTB_ECOLI	WHOLE	4	1	1040	91	8.271e-04	{V}
sp|P76403|TRHP_ECOLI	SINGLE	1	143	162	7	1.586e-04	{E}
sp|P76403|TRHP_ECOLI	SINGLE	2	39	53	5	2.875e-04	{N}
sp|P76403|TRHP_ECOLI	SINGLE	3	334	354	5	8.379e-04	{Y}
sp|P76423|THIM_ECOLI	SINGLE	1	38	237	40	2.581e-08	{A}
sp|P76423|THIM_ECOLI	SINGLE	2	12	26	5	1.186e-05	{H}
sp|P76423|THIM_ECOLI	SINGLE	3	201	225	4	5.908e-04	{C}
sp|P76423|THIM_ECOLI	SINGLE	4	136	200	12	7.660e-04	{G}
sp|P76423|THIM_ECOLI	MULTIPLE	1	38	237	45	2.178e-08	{AC}
sp|P76423|THIM_ECOLI	WHOLE	1	1	262	45	3.574e-07	{A}
sp|P76425|RCNA_ECOLI	SINGLE	1	121	146	17	1.453e-22	{H}
sp|P76425|RCNA_ECOLI	SINGLE	2	89	116	5	5.110e-05	{W}
sp|P76425|RCNA_ECOLI	SINGLE	3	42	99	11	8.845e-05	{I}
sp|P76425|RCNA_ECOLI	SINGLE	4	176	221	13	1.425e-04	{L}
sp|P76425|RCNA_ECOLI	MULTIPLE	1	42	116	17	3.384e-06	{WI}
sp|P76425|RCNA_ECOLI	WHOLE	1	1	274	23	4.220e-08	{H}
sp|P76473|ARNT_ECOLI	SINGLE	1	28	407	26	1.920e-10	{W}
sp|P76473|ARNT_ECOLI	SINGLE	2	7	342	54	2.121e-05	{L}
sp|P76473|ARNT_ECOLI	SINGLE	3	59	438	31	6.671e-05	{F}
sp|P76473|ARNT_ECOLI	SINGLE	4	344	358	5	5.275e-04	{I}
sp|P76473|ARNT_ECOLI	MULTIPLE	1	48	438	56	2.816e-11	{WF}
sp|P76473|ARNT_ECOLI	WHOLE	1	1	550	28	2.465e-08	{W}
sp|P76473|ARNT_ECOLI	WHOLE	2	1	550	73	3.922e-04	{L}
sp|P76524|YPDF_ECOLI	SINGLE	1	83	99	5	5.538e-04	{Q}
sp|P76524|YPDF_ECOLI	SINGLE	2	139	280	22	9.446e-04	{A}
sp|P76536|YFEX_ECOLI	SINGLE	1	15	58	12	8.341e-05	{A}
sp|P76536|YFEX_ECOLI	SINGLE	2	115	212	17	1.304e-04	{E}
sp|P76536|YFEX_ECOLI	SINGLE	3	69	85	6	4.943e-04	{G}
sp|P76553|EUTG_ECOLI	SINGLE	1	97	394	52	3.022e-08	{A}
sp|P76553|EUTG_ECOLI	SINGLE	2	261	312	7	1.161e-04	{M}
sp|P76553|EUTG_ECOLI	SINGLE	3	154	168	6	1.598e-04	{T}
sp|P76553|EUTG_ECOLI	SINGLE	4	281	295	4	2.419e-04	{H}
sp|P76553|EUTG_ECOLI	SINGLE	5	85	107	4	4.271e-04	{C}
sp|P76553|EUTG_ECOLI	SINGLE	6	311	333	6	5.293e-04	{R}
sp|P76553|EUTG_ECOLI	MULTIPLE	1	182	312	45	3.111e-11	{AMH}
sp|P76553|EUTG_ECOLI	WHOLE	1	1	395	59	8.451e-07	{A}
sp|P76578|A2MG_ECOLI	SINGLE	1	1039	1580	84	8.943e-07	{L}
sp|P76578|A2MG_ECOLI	SINGLE	2	1406	1638	25	2.123e-05	{Q}
sp|P76578|A2MG_ECOLI	SINGLE	3	1298	1366	16	5.148e-05	{A}
sp|P76578|A2MG_ECOLI	SINGLE	4	352	373	9	6.698e-05	{L}
sp|P76578|A2MG_ECOLI	SINGLE	5	920	958	10	1.427e-04	{G}
sp|P76578|A2MG_ECOLI	SINGLE	6	678	818	9	2.330e-04	{W}
sp|P76578|A2MG_ECOLI	SINGLE	7	7	48	11	2.343e-04	{A}
sp|P76578|A2MG_ECOLI	SINGLE	8	181	202	7	3.023e-04	{V}
sp|P76578|A2MG_ECOLI	SINGLE	9	1599	1636	9	4.757e-04	{V}
sp|P76578|A2MG_ECOLI	SINGLE	10	308	343	7	6.599e-04	{Q}
sp|P76578|A2MG_ECOLI	SINGLE	11	892	910	6	8.474e-04	{V}
sp|P76578|A2MG_ECOLI	SINGLE	12	67	85	7	8.828e-04	{L}
sp|P76578|A2MG_ECOLI	SINGLE	13	755	1197	35	9.174e-04	{P}
sp|P76578|A2MG_ECOLI	MULTIPLE	1	1051	1586	179	3.864e-11	{LQA}
sp|P76578|A2MG_ECOLI	MULTIPLE	2	769	1197	75	3.952e-05	{GP}
sp|P76578|A2MG_ECOLI	WHOLE	1	1	1653	200	1.443e-05	{L}
sp|P76578|A2MG_ECOLI	WHOLE	2	1	1653	97	5.800e-04	{Q}
sp|P76641|GUAD_ECOLI	SINGLE	1	156	170	4	2.419e-04	{M}
sp|P76641|GUAD_ECOLI	SINGLE	2	58	279	14	2.978e-04	{H}
sp|P76641|GUAD_ECOLI	MULTIPLE	1	82	279	21	1.115e-04	{MH}
sp|P76773|OMPL_ECOLI	SINGLE	1	26	220	23	9.430e-06	{N}
sp|P76773|OMPL_ECOLI	SINGLE	2	23	228	18	5.587e-04	{Y}
sp|P76773|OMPL_ECOLI	MULTIPLE	1	23	220	40	4.292e-08	{NY}
sp|P76773|OMPL_ECOLI	WHOLE	1	1	230	24	4.318e-05	{N}
sp|P77129|ALLG_ECOLI	SINGLE	1	49	349	25	1.406e-08	{M}
sp|P77129|ALLG_ECOLI	SINGLE	2	6	413	56	1.686e-05	{A}
sp|P77129|ALLG_ECOLI	SINGLE	3	244	396	24	4.846e-05	{G}
sp|P77129|ALLG_ECOLI	MULTIPLE	1	1	419	128	8.781e-13	{MAG}
sp|P77129|ALLG_ECOLI	WHOLE	1	1	419	27	5.984e-07	{M}
sp|P77129|ALLG_ECOLI	WHOLE	2	1	419	56	3.402e-05	{A}
sp|P77129|ALLG_ECOLI	WHOLE	3	1	419	45	4.829e-04	{G}
sp|P77154|KOJP_ECOLI	SINGLE	1	156	295	20	2.192e-06	{Q}
sp|P77154|KOJP_ECOLI	SINGLE	2	234	452	13	2.410e-05	{W}
sp|P77154|KOJP_ECOLI	SINGLE	3	243	668	56	5.182e-05	{A}
sp|P77154|KOJP_ECOLI	SINGLE	4	191	205	4	7.491e-05	{C}
sp|P77154|KOJP_ECOLI	SINGLE	5	686	708	6	3.135e-04	{Q}
sp|P77154|KOJP_ECOLI	MULTIPLE	1	154	668	116	1.570e-08	{QWA}
sp|P77154|KOJP_ECOLI	WHOLE	1	1	755	52	3.599e-04	{Q}
sp|P77161|GLXR_ECOLI	SINGLE	1	111	165	13	3.891e-05	{G}
sp|P77161|GLXR_ECOLI	SINGLE	2	177	292	20	4.279e-04	{A}
sp|P77171|YDCI_ECOLI	SINGLE	1	6	198	34	1.003e-04	{L}
sp|P77171|YDCI_ECOLI	SINGLE	2	119	133	5	2.936e-04	{Q}
sp|P77171|YDCI_ECOLI	MULTIPLE	1	6	198	48	9.636e-06	{LQ}
sp|P77223|RSXB_ECOLI	SINGLE	1	49	161	14	4.007e-09	{C}
sp|P77223|RSXB_ECOLI	WHOLE	1	1	192	14	2.663e-06	{C}
sp|P77245|MURR_ECOLI	SINGLE	1	19	61	8	3.806e-04	{Q}
sp|P77245|MURR_ECOLI	SINGLE	2	30	50	7	4.131e-04	{S}
sp|P77245|MURR_ECOLI	SINGLE	3	126	140	5	5.275e-04	{I}
sp|P77245|MURR_ECOLI	MULTIPLE	1	30	50	11	5.002e-06	{QS}
sp|P77257|LSRA_ECOLI	SINGLE	1	86	369	53	3.497e-07	{L}
sp|P77257|LSRA_ECOLI	SINGLE	2	276	339	13	1.900e-04	{G}
sp|P77257|LSRA_ECOLI	SINGLE	3	193	236	9	2.079e-04	{I}
sp|P77257|LSRA_ECOLI	SINGLE	4	146	506	31	7.041e-04	{R}
sp|P77257|LSRA_ECOLI	MULTIPLE	1	124	459	131	2.126e-08	{LGIR}
sp|P77257|LSRA_ECOLI	WHOLE	1	1	511	76	1.065e-05	{L}
sp|P77272|PTYBC_ECOLI	SINGLE	1	18	467	58	6.559e-07	{G}
sp|P77272|PTYBC_ECOLI	SINGLE	2	72	455	57	1.513e-06	{A}
sp|P77272|PTYBC_ECOLI	SINGLE	3	254	434	34	2.892e-05	{L}
sp|P77272|PTYBC_ECOLI	SINGLE	4	113	336	22	5.261e-05	{F}
sp|P77272|PTYBC_ECOLI	SINGLE	5	89	112	6	3.999e-04	{Q}
sp|P77272|PTYBC_ECOLI	SINGLE	6	245	291	6	4.669e-04	{M}
sp|P77272|PTYBC_ECOLI	SINGLE	7	223	275	9	8.243e-04	{I}
sp|P77272|PTYBC_ECOLI	MULTIPLE	1	67	435	217	2.029e-21	{GALFMI}
sp|P77272|PTYBC_ECOLI	WHOLE	1	1	474	58	3.147e-06	{G}
sp|P77272|PTYBC_ECOLI	WHOLE	2	1	474	59	1.386e-04	{A}
sp|P77272|PTYBC_ECOLI	WHOLE	3	1	474	65	3.266e-04	{L}
sp|P77285|RSXG_ECOLI	SINGLE	1	13	203	30	1.214e-04	{A}
sp|P77285|RSXG_ECOLI	SINGLE	2	154	168	5	9.005e-04	{D}
sp|P77285|RSXG_ECOLI	WHOLE	1	1	206	30	4.142e-04	{A}
sp|P77295|YGAV_ECOLI	SINGLE	1	5	20	7	9.989e-05	{A}
sp|P77300|XYNR_ECOLI	SINGLE	1	121	252	23	1.517e-04	{A}
sp|P77300|XYNR_ECOLI	SINGLE	2	11	49	11	4.492e-04	{L}
sp|P77304|DTPA_ECOLI	SINGLE	1	44	485	26	4.647e-06	{M}
sp|P77304|DTPA_ECOLI	SINGLE	2	95	500	56	1.475e-05	{A}
sp|P77304|DTPA_ECOLI	SINGLE	3	192	399	25	2.579e-05	{I}
sp|P77304|DTPA_ECOLI	SINGLE	4	72	127	12	1.969e-04	{G}
sp|P77304|DTPA_ECOLI	SINGLE	5	254	302	8	4.802e-04	{F}
sp|P77304|DTPA_ECOLI	MULTIPLE	1	35	500	196	2.732e-15	{MAIGF}
sp|P77304|DTPA_ECOLI	WHOLE	1	1	500	27	1.392e-05	{M}
sp|P77304|DTPA_ECOLI	WHOLE	2	1	500	63	6.558e-05	{A}
sp|P77304|DTPA_ECOLI	WHOLE	3	1	500	41	5.424e-04	{I}
sp|P77306|YQIK_ECOLI	SINGLE	1	336	438	33	1.023e-12	{A}
sp|P77306|YQIK_ECOLI	SINGLE	2	152	430	48	5.098e-10	{E}
sp|P77306|YQIK_ECOLI	SINGLE	3	215	316	20	6.006e-08	{R}
sp|P77306|YQIK_ECOLI	SINGLE	4	247	387	22	1.571e-07	{Q}
sp|P77306|YQIK_ECOLI	SINGLE	5	14	28	7	3.040e-06	{I}
sp|P77306|YQIK_ECOLI	SINGLE	6	483	501	8	1.327e-05	{G}
sp|P77306|YQIK_ECOLI	SINGLE	7	95	109	7	1.824e-05	{V}
sp|P77306|YQIK_ECOLI	SINGLE	8	159	199	8	2.658e-04	{N}
sp|P77306|YQIK_ECOLI	SINGLE	9	463	479	5	9.825e-04	{I}
sp|P77306|YQIK_ECOLI	MULTIPLE	1	211	422	130	6.434e-32	{AERQ}
sp|P77306|YQIK_ECOLI	WHOLE	1	1	553	78	2.043e-07	{A}
sp|P77306|YQIK_ECOLI	WHOLE	2	1	553	62	1.178e-05	{E}
sp|P77306|YQIK_ECOLI	WHOLE	3	1	553	40	5.833e-04	{Q}
sp|P77307|FETB_ECOLI	SINGLE	1	22	235	32	1.853e-08	{I}
sp|P77307|FETB_ECOLI	SINGLE	2	147	168	6	2.422e-04	{Q}
sp|P77307|FETB_ECOLI	SINGLE	3	11	71	14	7.507e-04	{L}
sp|P77307|FETB_ECOLI	WHOLE	1	1	259	33	4.754e-07	{I}
sp|P77333|PGRR_ECOLI	SINGLE	1	204	218	6	3.887e-05	{R}
sp|P77333|PGRR_ECOLI	SINGLE	2	19	56	9	5.213e-05	{R}
sp|P77333|PGRR_ECOLI	SINGLE	3	96	259	20	1.208e-04	{I}
sp|P77333|PGRR_ECOLI	SINGLE	4	7	34	8	8.667e-04	{A}
sp|P77333|PGRR_ECOLI	MULTIPLE	1	91	260	36	3.951e-06	{RI}
sp|P77333|PGRR_ECOLI	WHOLE	1	1	299	29	1.631e-04	{R}
sp|P77334|PDER_ECOLI	SINGLE	1	22	502	43	4.278e-05	{R}
sp|P77334|PDER_ECOLI	SINGLE	2	503	613	14	2.337e-04	{Q}
sp|P77334|PDER_ECOLI	SINGLE	3	238	281	8	4.321e-04	{N}
sp|P77334|PDER_ECOLI	SINGLE	4	3	69	12	5.724e-04	{T}
sp|P77334|PDER_ECOLI	WHOLE	1	1	661	51	2.971e-04	{R}
sp|P77338|MSCK_ECOLI	SINGLE	1	48	461	62	2.298e-17	{Q}
sp|P77338|MSCK_ECOLI	SINGLE	2	25	941	144	1.153e-10	{L}
sp|P77338|MSCK_ECOLI	SINGLE	3	464	914	23	3.761e-07	{W}
sp|P77338|MSCK_ECOLI	SINGLE	4	438	1005	55	1.146e-06	{I}
sp|P77338|MSCK_ECOLI	SINGLE	5	744	762	7	1.618e-05	{R}
sp|P77338|MSCK_ECOLI	SINGLE	6	4	23	6	7.924e-05	{F}
sp|P77338|MSCK_ECOLI	SINGLE	7	284	468	20	1.065e-04	{N}
sp|P77338|MSCK_ECOLI	SINGLE	8	951	1001	11	1.915e-04	{T}
sp|P77338|MSCK_ECOLI	SINGLE	9	944	1080	17	2.145e-04	{R}
sp|P77338|MSCK_ECOLI	SINGLE	10	40	82	9	4.094e-04	{D}
sp|P77338|MSCK_ECOLI	SINGLE	11	768	784	6	4.457e-04	{E}
sp|P77338|MSCK_ECOLI	MULTIPLE	1	47	928	243	5.410e-22	{QLW}
sp|P77338|MSCK_ECOLI	MULTIPLE	2	944	1080	33	6.964e-06	{TR}
sp|P77338|MSCK_ECOLI	WHOLE	1	1	1120	159	1.599e-08	{L}
sp|P77338|MSCK_ECOLI	WHOLE	2	1	1120	84	6.007e-07	{Q}
sp|P77357|ABGA_ECOLI	SINGLE	1	78	427	61	2.369e-09	{A}
sp|P77357|ABGA_ECOLI	SINGLE	2	309	399	14	2.878e-05	{Q}
sp|P77357|ABGA_ECOLI	SINGLE	3	130	269	12	4.999e-05	{H}
sp|P77357|ABGA_ECOLI	SINGLE	4	93	336	32	1.060e-04	{G}
sp|P77357|ABGA_ECOLI	SINGLE	5	193	219	8	1.953e-04	{V}
sp|P77357|ABGA_ECOLI	MULTIPLE	1	80	420	166	4.744e-17	{AQHGV}
sp|P77357|ABGA_ECOLI	WHOLE	1	1	436	66	1.329e-07	{A}
sp|P77359|DJLC_ECOLI	SINGLE	1	431	453	9	6.606e-06	{E}
sp|P77359|DJLC_ECOLI	SINGLE	2	47	72	8	1.485e-04	{E}
sp|P77359|DJLC_ECOLI	SINGLE	3	93	366	13	2.092e-04	{W}
sp|P77359|DJLC_ECOLI	SINGLE	4	458	478	6	3.649e-04	{I}
sp|P77359|DJLC_ECOLI	SINGLE	5	5	19	5	5.275e-04	{I}
sp|P77359|DJLC_ECOLI	SINGLE	6	24	430	56	6.643e-04	{L}
sp|P77359|DJLC_ECOLI	MULTIPLE	1	24	453	107	2.670e-07	{EL}
sp|P77359|DJLC_ECOLI	WHOLE	1	1	483	53	7.269e-05	{E}
sp|P77374|YNFE_ECOLI	SINGLE	1	94	129	10	4.511e-06	{R}
sp|P77374|YNFE_ECOLI	SINGLE	2	349	559	26	1.204e-05	{I}
sp|P77374|YNFE_ECOLI	SINGLE	3	20	47	9	1.638e-04	{A}
sp|P77374|YNFE_ECOLI	SINGLE	4	160	222	13	3.532e-04	{S}
sp|P77379|RCLR_ECOLI	SINGLE	1	4	231	35	9.140e-04	{L}
sp|P77397|MHPA_ECOLI	SINGLE	1	271	289	6	1.731e-04	{R}
sp|P77397|MHPA_ECOLI	SINGLE	2	459	483	6	5.033e-04	{Q}
sp|P77397|MHPA_ECOLI	SINGLE	3	187	264	11	7.275e-04	{P}
sp|P77439|PTFX1_ECOLI	SINGLE	1	303	398	24	2.123e-07	{A}
sp|P77439|PTFX1_ECOLI	SINGLE	2	100	316	40	1.033e-05	{L}
sp|P77439|PTFX1_ECOLI	SINGLE	3	349	368	7	1.244e-05	{Q}
sp|P77439|PTFX1_ECOLI	SINGLE	4	614	632	8	1.342e-04	{L}
sp|P77439|PTFX1_ECOLI	SINGLE	5	652	733	15	1.725e-04	{E}
sp|P77439|PTFX1_ECOLI	SINGLE	6	438	560	16	2.574e-04	{I}
sp|P77439|PTFX1_ECOLI	SINGLE	7	605	628	7	6.071e-04	{G}
sp|P77439|PTFX1_ECOLI	MULTIPLE	1	303	398	33	1.057e-08	{AQ}
sp|P77439|PTFX1_ECOLI	MULTIPLE	2	612	629	12	1.634e-06	{LG}
sp|P77439|PTFX1_ECOLI	WHOLE	1	1	831	104	2.947e-04	{L}
sp|P77439|PTFX1_ECOLI	WHOLE	2	1	831	56	3.738e-04	{Q}
sp|P77467|PAAG_ECOLI	SINGLE	1	105	202	20	4.514e-05	{A}
sp|P77467|PAAG_ECOLI	SINGLE	2	55	167	17	8.082e-04	{G}
sp|P77467|PAAG_ECOLI	MULTIPLE	1	105	162	23	1.817e-06	{AG}
sp|P77475|YQAB_ECOLI	SINGLE	1	122	141	5	5.484e-05	{H}
sp|P77475|YQAB_ECOLI	SINGLE	2	42	182	24	1.590e-04	{A}
sp|P77475|YQAB_ECOLI	MULTIPLE	1	42	182	31	1.396e-05	{HA}
sp|P77481|YCJV_ECOLI	SINGLE	1	49	240	14	7.065e-05	{M}
sp|P77481|YCJV_ECOLI	SINGLE	2	186	203	6	4.891e-04	{T}
sp|P77481|YCJV_ECOLI	WHOLE	1	1	360	18	6.889e-04	{M}
sp|P77503|YCJS_ECOLI	SINGLE	1	165	187	7	4.607e-04	{G}
sp|P77522|SUFB_ECOLI	SINGLE	1	77	91	5	1.557e-04	{Y}
sp|P77522|SUFB_ECOLI	SINGLE	2	362	377	5	7.294e-04	{I}
sp|P77522|SUFB_ECOLI	SINGLE	3	40	72	8	8.245e-04	{E}
sp|P77570|ANMK_ECOLI	SINGLE	1	46	87	10	8.269e-06	{Q}
sp|P77570|ANMK_ECOLI	SINGLE	2	95	362	33	2.541e-04	{G}
sp|P77570|ANMK_ECOLI	WHOLE	1	1	369	40	7.519e-04	{G}
sp|P77580|ACDH_ECOLI	SINGLE	1	45	316	45	9.967e-07	{A}
sp|P77580|ACDH_ECOLI	SINGLE	2	112	149	10	9.574e-05	{V}
sp|P77580|ACDH_ECOLI	SINGLE	3	1	65	7	4.536e-04	{M}
sp|P77580|ACDH_ECOLI	SINGLE	4	8	22	5	5.275e-04	{I}
sp|P77580|ACDH_ECOLI	MULTIPLE	1	31	309	84	7.120e-09	{AVM}
sp|P77580|ACDH_ECOLI	WHOLE	1	1	316	47	1.007e-05	{A}
sp|P77585|YPDE_ECOLI	SINGLE	1	281	307	8	2.251e-04	{G}
sp|P77585|YPDE_ECOLI	SINGLE	2	23	179	18	3.653e-04	{R}
sp|P77585|YPDE_ECOLI	SINGLE	3	169	186	7	6.140e-04	{L}
sp|P77608|MHPD_ECOLI	SINGLE	1	10	40	10	7.006e-05	{A}
sp|P77608|MHPD_ECOLI	SINGLE	2	42	76	7	5.557e-04	{Q}
sp|P77608|MHPD_ECOLI	SINGLE	3	207	263	12	9.678e-04	{A}
sp|P77611|RSXC_ECOLI	SINGLE	1	441	732	88	6.102e-29	{A}
sp|P77611|RSXC_ECOLI	SINGLE	2	372	734	42	7.208e-09	{Q}
sp|P77611|RSXC_ECOLI	SINGLE	3	377	426	8	1.171e-06	{C}
sp|P77611|RSXC_ECOLI	SINGLE	4	143	162	9	1.955e-06	{G}
sp|P77611|RSXC_ECOLI	SINGLE	5	437	697	30	6.442e-06	{R}
sp|P77611|RSXC_ECOLI	SINGLE	6	439	710	35	5.459e-05	{E}
sp|P77611|RSXC_ECOLI	SINGLE	7	165	239	13	5.604e-05	{I}
sp|P77611|RSXC_ECOLI	MULTIPLE	1	437	706	172	6.894e-45	{AQRE}
sp|P77611|RSXC_ECOLI	WHOLE	1	1	740	129	9.665e-18	{A}
sp|P77611|RSXC_ECOLI	WHOLE	2	1	740	57	1.355e-05	{Q}
sp|P77611|RSXC_ECOLI	WHOLE	3	1	740	55	4.289e-04	{R}
sp|P77615|YCJW_ECOLI	SINGLE	1	147	163	6	4.421e-04	{V}
sp|P77619|YFEW_ECOLI	SINGLE	1	330	379	13	6.648e-06	{T}
sp|P77619|YFEW_ECOLI	SINGLE	2	292	321	9	8.387e-05	{G}
sp|P77626|SUTR_ECOLI	SINGLE	1	157	174	4	5.076e-04	{H}
sp|P77626|SUTR_ECOLI	SINGLE	2	62	95	7	7.165e-04	{P}
sp|P77650|HCAD_ECOLI	SINGLE	1	107	305	33	2.137e-05	{A}
sp|P77650|HCAD_ECOLI	SINGLE	2	303	317	5	4.135e-04	{P}
sp|P77650|HCAD_ECOLI	SINGLE	3	6	20	6	5.574e-04	{A}
sp|P77650|HCAD_ECOLI	SINGLE	4	113	202	12	8.688e-04	{R}
sp|P77650|HCAD_ECOLI	MULTIPLE	1	107	305	49	1.690e-06	{AR}
sp|P77690|ARNB_ECOLI	SINGLE	1	120	198	14	2.333e-05	{I}
sp|P77690|ARNB_ECOLI	SINGLE	2	2	333	46	6.443e-05	{A}
sp|P77690|ARNB_ECOLI	SINGLE	3	269	283	5	2.936e-04	{Q}
sp|P77690|ARNB_ECOLI	MULTIPLE	1	130	198	26	1.138e-07	{IA}
sp|P77690|ARNB_ECOLI	WHOLE	1	1	385	50	1.522e-04	{A}
sp|P77704|YDJI_ECOLI	SINGLE	1	64	101	6	1.464e-04	{M}
sp|P77704|YDJI_ECOLI	SINGLE	2	211	229	6	2.019e-04	{I}
sp|P77704|YDJI_ECOLI	SINGLE	3	190	204	6	2.045e-04	{V}
sp|P77704|YDJI_ECOLI	SINGLE	4	79	95	4	4.036e-04	{H}
sp|P77704|YDJI_ECOLI	MULTIPLE	1	63	101	11	5.207e-07	{MH}
sp|P77716|YCJP_ECOLI	SINGLE	1	13	237	24	6.884e-06	{F}
sp|P77716|YCJP_ECOLI	SINGLE	2	71	89	8	1.137e-05	{V}
sp|P77716|YCJP_ECOLI	SINGLE	3	108	261	12	1.205e-04	{M}
sp|P77716|YCJP_ECOLI	SINGLE	4	123	200	12	3.183e-04	{I}
sp|P77716|YCJP_ECOLI	MULTIPLE	1	11	248	60	4.373e-10	{FMI}
sp|P77716|YCJP_ECOLI	WHOLE	1	1	280	25	7.884e-05	{F}
sp|P77716|YCJP_ECOLI	WHOLE	2	1	280	16	3.409e-04	{M}
sp|P77733|FOCB_ECOLI	SINGLE	1	73	209	10	6.499e-05	{C}
sp|P77733|FOCB_ECOLI	SINGLE	2	13	28	7	9.989e-05	{A}
sp|P77733|FOCB_ECOLI	SINGLE	3	37	194	12	1.519e-04	{M}
sp|P77733|FOCB_ECOLI	SINGLE	4	201	249	8	4.802e-04	{F}
sp|P77733|FOCB_ECOLI	SINGLE	5	191	222	7	6.733e-04	{I}
sp|P77733|FOCB_ECOLI	MULTIPLE	1	37	194	21	4.947e-07	{CM}
sp|P77733|FOCB_ECOLI	MULTIPLE	2	195	230	12	3.092e-05	{FI}
sp|P77733|FOCB_ECOLI	WHOLE	1	1	282	15	9.875e-04	{M}
sp|P77735|YAJO_ECOLI	SINGLE	1	72	115	9	1.689e-04	{R}
sp|P77735|YAJO_ECOLI	SINGLE	2	163	183	6	1.841e-04	{Q}
sp|P77735|YAJO_ECOLI	SINGLE	3	192	312	18	5.392e-04	{E}
sp|P77737|OPPF_ECOLI	SINGLE	1	256	316	12	1.799e-05	{P}
sp|P77737|OPPF_ECOLI	SINGLE	2	197	211	5	2.936e-04	{Q}
sp|P77737|OPPF_ECOLI	SINGLE	3	173	187	5	5.275e-04	{I}
sp|P77737|OPPF_ECOLI	SINGLE	4	223	258	5	9.373e-04	{H}
sp|P77743|PRPR_ECOLI	SINGLE	1	384	501	27	5.141e-06	{L}
sp|P77743|PRPR_ECOLI	SINGLE	2	183	525	34	3.468e-05	{R}
sp|P77743|PRPR_ECOLI	SINGLE	3	297	321	8	1.258e-04	{G}
sp|P77743|PRPR_ECOLI	SINGLE	4	49	318	38	1.755e-04	{A}
sp|P77743|PRPR_ECOLI	SINGLE	5	342	363	7	3.023e-04	{V}
sp|P77743|PRPR_ECOLI	SINGLE	6	466	497	7	4.933e-04	{P}
sp|P77743|PRPR_ECOLI	MULTIPLE	1	54	526	157	3.716e-09	{LRA}
sp|P77743|PRPR_ECOLI	WHOLE	1	1	528	43	2.782e-04	{R}
sp|P77743|PRPR_ECOLI	WHOLE	2	1	528	69	7.404e-04	{L}
sp|P77747|OMPN_ECOLI	SINGLE	1	29	215	30	4.288e-06	{G}
sp|P77747|OMPN_ECOLI	SINGLE	2	68	280	25	4.439e-06	{N}
sp|P77747|OMPN_ECOLI	SINGLE	3	7	22	8	9.559e-06	{A}
sp|P77747|OMPN_ECOLI	SINGLE	4	28	367	37	4.823e-05	{D}
sp|P77747|OMPN_ECOLI	SINGLE	5	25	375	27	2.476e-04	{Y}
sp|P77747|OMPN_ECOLI	SINGLE	6	214	332	20	5.833e-04	{A}
sp|P77747|OMPN_ECOLI	MULTIPLE	1	25	372	172	2.279e-17	{GNDYA}
sp|P77747|OMPN_ECOLI	WHOLE	1	1	377	33	6.459e-05	{N}
sp|P77747|OMPN_ECOLI	WHOLE	2	1	377	43	1.969e-04	{G}
sp|P77747|OMPN_ECOLI	WHOLE	3	1	377	37	3.259e-04	{D}
sp|P77747|OMPN_ECOLI	WHOLE	4	1	377	27	6.759e-04	{Y}
sp|P77756|QUEC_ECOLI	SINGLE	1	188	203	4	9.828e-05	{C}
sp|P77757|ARNC_ECOLI	SINGLE	1	271	285	5	1.842e-04	{F}
sp|P77757|ARNC_ECOLI	SINGLE	2	4	298	29	2.054e-04	{I}
sp|P77757|ARNC_ECOLI	SINGLE	3	128	216	13	2.360e-04	{R}
sp|P77757|ARNC_ECOLI	SINGLE	4	217	259	12	2.831e-04	{L}
sp|P77757|ARNC_ECOLI	SINGLE	5	169	202	5	7.231e-04	{H}
sp|P77757|ARNC_ECOLI	MULTIPLE	1	128	205	25	1.603e-06	{IRH}
sp|P77757|ARNC_ECOLI	WHOLE	1	1	322	30	3.805e-04	{I}
sp|P77783|YNFF_ECOLI	SINGLE	1	97	148	12	4.227e-06	{R}
sp|P77783|YNFF_ECOLI	SINGLE	2	398	417	7	1.789e-04	{G}
sp|P77783|YNFF_ECOLI	SINGLE	3	145	230	11	8.552e-04	{N}
sp|P77790|DDPX_ECOLI	SINGLE	1	58	87	7	2.099e-04	{Q}
sp|P78285|LYSD_ECOLI	SINGLE	1	7	21	7	6.097e-05	{A}
sp|P78285|LYSD_ECOLI	SINGLE	2	14	63	11	2.799e-04	{G}
sp|P80644|SSUE_ECOLI	SINGLE	1	19	185	31	7.518e-05	{L}
sp|P80644|SSUE_ECOLI	WHOLE	1	1	191	32	3.586e-04	{L}
sp|Q46799|XDHA_ECOLI	SINGLE	1	5	550	69	3.029e-05	{A}
sp|Q46799|XDHA_ECOLI	SINGLE	2	481	499	7	1.092e-04	{V}
sp|Q46799|XDHA_ECOLI	SINGLE	3	160	180	6	1.841e-04	{Q}
sp|Q46799|XDHA_ECOLI	SINGLE	4	325	340	5	2.180e-04	{Y}
sp|Q46799|XDHA_ECOLI	SINGLE	5	234	477	31	2.239e-04	{G}
sp|Q46799|XDHA_ECOLI	SINGLE	6	640	654	6	2.293e-04	{G}
sp|Q46799|XDHA_ECOLI	SINGLE	7	717	731	6	5.574e-04	{A}
sp|Q46799|XDHA_ECOLI	SINGLE	8	673	715	8	6.151e-04	{P}
sp|Q46799|XDHA_ECOLI	SINGLE	9	380	432	9	6.786e-04	{R}
sp|Q46799|XDHA_ECOLI	SINGLE	10	649	683	5	8.250e-04	{M}
sp|Q46799|XDHA_ECOLI	MULTIPLE	1	2	544	194	6.790e-08	{AVGR}
sp|Q46799|XDHA_ECOLI	MULTIPLE	2	647	668	9	4.796e-05	{GM}
sp|Q46799|XDHA_ECOLI	WHOLE	1	1	752	86	1.182e-04	{A}
sp|Q46800|XDHB_ECOLI	SINGLE	1	39	53	5	1.186e-05	{H}
sp|Q46800|XDHB_ECOLI	SINGLE	2	5	287	41	5.779e-05	{A}
sp|Q46800|XDHB_ECOLI	SINGLE	3	138	202	7	4.536e-04	{H}
sp|Q46800|XDHB_ECOLI	MULTIPLE	1	5	287	57	1.584e-07	{HA}
sp|Q46800|XDHB_ECOLI	WHOLE	1	1	292	41	1.106e-04	{A}
sp|Q46800|XDHB_ECOLI	WHOLE	2	1	292	16	5.221e-04	{H}
sp|Q46817|GHXQ_ECOLI	SINGLE	1	211	225	7	3.040e-06	{I}
sp|Q46817|GHXQ_ECOLI	SINGLE	2	54	347	40	8.084e-06	{G}
sp|Q46817|GHXQ_ECOLI	SINGLE	3	320	335	8	9.559e-06	{A}
sp|Q46817|GHXQ_ECOLI	SINGLE	4	72	386	50	5.358e-05	{L}
sp|Q46817|GHXQ_ECOLI	SINGLE	5	31	446	47	8.579e-05	{V}
sp|Q46817|GHXQ_ECOLI	SINGLE	6	126	175	9	5.424e-04	{I}
sp|Q46817|GHXQ_ECOLI	MULTIPLE	1	35	447	243	4.803e-23	{IGALV}
sp|Q46817|GHXQ_ECOLI	WHOLE	1	1	455	53	2.746e-05	{G}
sp|Q46817|GHXQ_ECOLI	WHOLE	2	1	455	57	1.490e-04	{A}
sp|Q46817|GHXQ_ECOLI	WHOLE	3	1	455	40	1.755e-04	{I}
sp|Q46817|GHXQ_ECOLI	WHOLE	4	1	455	62	4.894e-04	{L}
sp|Q46817|GHXQ_ECOLI	WHOLE	5	1	455	47	5.381e-04	{V}
sp|Q46829|BGLA_ECOLI	SINGLE	1	60	446	33	9.046e-06	{Y}
sp|Q46829|BGLA_ECOLI	SINGLE	2	15	46	10	2.341e-05	{G}
sp|Q46829|BGLA_ECOLI	SINGLE	3	69	192	14	2.640e-04	{F}
sp|Q46829|BGLA_ECOLI	SINGLE	4	236	264	5	3.445e-04	{M}
sp|Q46829|BGLA_ECOLI	MULTIPLE	1	60	446	71	1.384e-07	{YFM}
sp|Q46829|BGLA_ECOLI	WHOLE	1	1	479	34	2.021e-04	{Y}
sp|Q46855|YQHC_ECOLI	SINGLE	1	28	216	33	1.451e-04	{L}
sp|Q46855|YQHC_ECOLI	SINGLE	2	269	283	4	2.419e-04	{M}
sp|Q46855|YQHC_ECOLI	SINGLE	3	15	39	7	5.249e-04	{K}
sp|Q46855|YQHC_ECOLI	SINGLE	4	68	82	5	5.275e-04	{I}
sp|Q46855|YQHC_ECOLI	MULTIPLE	1	25	219	49	1.810e-05	{LI}
sp|Q46916|GUDP_ECOLI	SINGLE	1	61	195	20	2.688e-07	{F}
sp|Q46916|GUDP_ECOLI	SINGLE	2	21	442	45	8.030e-07	{I}
sp|Q46916|GUDP_ECOLI	SINGLE	3	34	422	51	1.717e-06	{G}
sp|Q46916|GUDP_ECOLI	SINGLE	4	332	356	6	1.250e-05	{M}
sp|Q46916|GUDP_ECOLI	SINGLE	5	66	370	13	5.450e-04	{W}
sp|Q46916|GUDP_ECOLI	MULTIPLE	1	41	422	154	7.284e-22	{FIGMW}
sp|Q46916|GUDP_ECOLI	WHOLE	1	1	450	45	4.120e-06	{I}
sp|Q46916|GUDP_ECOLI	WHOLE	2	1	450	53	2.083e-05	{G}
sp|Q46916|GUDP_ECOLI	WHOLE	3	1	450	35	6.272e-05	{F}
sp|Q47140|HCAF_ECOLI	SINGLE	1	30	154	19	6.275e-06	{R}
sp|Q47140|HCAF_ECOLI	WHOLE	1	1	172	20	1.554e-04	{R}
sp|Q47141|HCAR_ECOLI	SINGLE	1	165	262	16	3.825e-04	{V}
sp|Q47141|HCAR_ECOLI	SINGLE	2	56	82	8	6.718e-04	{A}
sp|Q47157|YAFO_ECOLI	SINGLE	1	19	46	7	5.850e-04	{D}
sp|Q47538|TAUB_ECOLI	SINGLE	1	2	215	38	3.686e-05	{L}
sp|Q47538|TAUB_ECOLI	SINGLE	2	12	138	20	1.763e-04	{G}
sp|Q47538|TAUB_ECOLI	SINGLE	3	54	181	15	3.130e-04	{Q}
sp|Q47538|TAUB_ECOLI	SINGLE	4	208	251	8	8.391e-04	{R}
sp|Q47538|TAUB_ECOLI	MULTIPLE	1	12	215	75	1.796e-08	{LGQ}
sp|Q47538|TAUB_ECOLI	WHOLE	1	1	255	39	5.606e-04	{L}
sp|Q47690|MMUM_ECOLI	SINGLE	1	22	308	50	5.666e-08	{A}
sp|Q47690|MMUM_ECOLI	SINGLE	2	241	273	7	5.636e-06	{H}
sp|Q47690|MMUM_ECOLI	SINGLE	3	157	250	20	2.014e-04	{L}
sp|Q47690|MMUM_ECOLI	MULTIPLE	1	17	308	101	2.649e-10	{AHL}
sp|Q47690|MMUM_ECOLI	WHOLE	1	1	310	51	2.535e-07	{A}
sp|O32528|YPDI_ECOLI	SINGLE	1	66	80	6	3.376e-05	{P}
sp|O32528|YPDI_ECOLI	SINGLE	2	36	50	6	1.598e-04	{T}
sp|O52982|YFJS_ECOLI	SINGLE	1	22	51	8	1.518e-04	{D}
sp|P00960|SYGA_ECOLI	SINGLE	1	121	136	4	7.491e-05	{W}
sp|P03030|LYSR_ECOLI	SINGLE	1	21	210	34	7.464e-05	{L}
sp|P03030|LYSR_ECOLI	SINGLE	2	37	92	10	2.368e-04	{R}
sp|P03030|LYSR_ECOLI	SINGLE	3	216	269	11	4.599e-04	{V}
sp|P03030|LYSR_ECOLI	MULTIPLE	1	27	210	48	6.152e-06	{LR}
sp|P03030|LYSR_ECOLI	WHOLE	1	1	311	46	4.279e-04	{L}
sp|P03813|YGEA_ECOLI	SINGLE	1	65	226	25	5.007e-04	{A}
sp|P03825|GSPB_ECOLI	SINGLE	1	91	138	15	1.859e-07	{E}
sp|P03825|GSPB_ECOLI	WHOLE	1	1	139	21	1.701e-04	{E}
sp|P04128|FIMA1_ECOLI	SINGLE	1	7	175	36	2.328e-08	{A}
sp|P04128|FIMA1_ECOLI	SINGLE	2	130	167	9	3.449e-04	{T}
sp|P04128|FIMA1_ECOLI	SINGLE	3	28	60	8	8.166e-04	{V}
sp|P04128|FIMA1_ECOLI	MULTIPLE	1	5	179	75	1.366e-11	{ATV}
sp|P04128|FIMA1_ECOLI	WHOLE	1	1	182	36	1.582e-07	{A}
sp|P04846|NLPA_ECOLI	SINGLE	1	143	169	10	7.104e-05	{L}
sp|P04949|FLIC_ECOLI	SINGLE	1	155	408	49	1.071e-12	{T}
sp|P04949|FLIC_ECOLI	SINGLE	2	6	486	48	5.878e-08	{N}
sp|P04949|FLIC_ECOLI	SINGLE	3	185	485	43	5.438e-05	{A}
sp|P04949|FLIC_ECOLI	SINGLE	4	472	497	7	8.095e-05	{Q}
sp|P04949|FLIC_ECOLI	SINGLE	5	214	405	27	1.107e-04	{G}
sp|P04949|FLIC_ECOLI	SINGLE	6	23	40	7	1.415e-04	{S}
sp|P04949|FLIC_ECOLI	SINGLE	7	108	460	36	1.971e-04	{D}
sp|P04949|FLIC_ECOLI	SINGLE	8	41	81	10	7.827e-04	{A}
sp|P04949|FLIC_ECOLI	MULTIPLE	1	39	463	235	2.316e-26	{TNAGD}
sp|P04949|FLIC_ECOLI	WHOLE	1	1	498	65	9.462e-09	{T}
sp|P04949|FLIC_ECOLI	WHOLE	2	1	498	48	1.588e-07	{N}
sp|P04949|FLIC_ECOLI	WHOLE	3	1	498	59	4.363e-04	{A}
sp|P05052|APPY_ECOLI	SINGLE	1	10	248	30	1.994e-06	{I}
sp|P05052|APPY_ECOLI	SINGLE	2	191	233	7	8.745e-04	{Y}
sp|P05052|APPY_ECOLI	WHOLE	1	1	249	30	4.459e-06	{I}
sp|P05827|ILVY_ECOLI	SINGLE	1	69	85	7	3.565e-06	{Q}
sp|P05827|ILVY_ECOLI	SINGLE	2	129	172	11	3.565e-04	{A}
sp|P05827|ILVY_ECOLI	SINGLE	3	197	211	5	4.635e-04	{R}
sp|P05827|ILVY_ECOLI	SINGLE	4	166	258	15	6.355e-04	{V}
sp|P05827|ILVY_ECOLI	MULTIPLE	1	129	258	34	1.617e-04	{AV}
sp|P06282|CDH_ECOLI	SINGLE	1	122	236	15	2.837e-04	{R}
sp|P06282|CDH_ECOLI	SINGLE	2	44	120	11	6.555e-04	{P}
sp|P06846|EBGR_ECOLI	SINGLE	1	65	272	27	3.287e-06	{I}
sp|P06846|EBGR_ECOLI	WHOLE	1	1	327	32	1.142e-04	{I}
sp|P06966|DICA_ECOLI	SINGLE	1	73	87	5	4.135e-04	{P}
sp|P06966|DICA_ECOLI	SINGLE	2	10	24	5	4.635e-04	{R}
sp|P07000|PLDB_ECOLI	SINGLE	1	28	296	32	1.646e-06	{R}
sp|P07000|PLDB_ECOLI	SINGLE	2	52	329	16	3.168e-04	{H}
sp|P07000|PLDB_ECOLI	MULTIPLE	1	28	336	51	6.427e-09	{RH}
sp|P07000|PLDB_ECOLI	WHOLE	1	1	340	36	5.496e-06	{R}
sp|P07654|PSTA_ECOLI	SINGLE	1	1	68	9	1.493e-05	{M}
sp|P07654|PSTA_ECOLI	SINGLE	2	14	28	6	3.887e-05	{R}
sp|P07654|PSTA_ECOLI	SINGLE	3	46	284	26	9.051e-05	{I}
sp|P07654|PSTA_ECOLI	SINGLE	4	76	112	9	4.511e-04	{G}
sp|P07654|PSTA_ECOLI	SINGLE	5	25	285	40	4.719e-04	{L}
sp|P07654|PSTA_ECOLI	SINGLE	6	2	270	36	5.879e-04	{A}
sp|P07654|PSTA_ECOLI	MULTIPLE	1	1	60	15	9.171e-06	{MR}
sp|P07654|PSTA_ECOLI	MULTIPLE	2	10	286	124	4.104e-09	{IGLA}
sp|P07654|PSTA_ECOLI	WHOLE	1	1	296	17	2.193e-04	{M}
sp|P07654|PSTA_ECOLI	WHOLE	2	1	296	38	8.881e-04	{A}
sp|P07654|PSTA_ECOLI	WHOLE	3	1	296	27	9.069e-04	{I}
sp|P08550|CVPA_ECOLI	SINGLE	1	14	158	17	4.156e-05	{F}
sp|P08550|CVPA_ECOLI	SINGLE	2	122	157	10	1.379e-04	{S}
sp|P08550|CVPA_ECOLI	SINGLE	3	64	84	6	3.649e-04	{I}
sp|P08550|CVPA_ECOLI	SINGLE	4	2	113	17	5.883e-04	{V}
sp|P08550|CVPA_ECOLI	MULTIPLE	1	2	158	68	3.848e-09	{FSIV}
sp|P08550|CVPA_ECOLI	WHOLE	1	1	162	17	1.543e-04	{F}
sp|P08555|DSDX_ECOLI	SINGLE	1	11	353	61	2.830e-07	{L}
sp|P08555|DSDX_ECOLI	SINGLE	2	5	399	43	8.047e-07	{I}
sp|P08555|DSDX_ECOLI	SINGLE	3	43	374	20	3.677e-05	{M}
sp|P08555|DSDX_ECOLI	SINGLE	4	101	123	8	5.640e-05	{V}
sp|P08555|DSDX_ECOLI	SINGLE	5	41	90	12	6.461e-05	{G}
sp|P08555|DSDX_ECOLI	SINGLE	6	314	394	17	1.103e-04	{A}
sp|P08555|DSDX_ECOLI	SINGLE	7	25	39	5	1.842e-04	{F}
sp|P08555|DSDX_ECOLI	MULTIPLE	1	11	400	258	1.575e-23	{LIMVGAF}
sp|P08555|DSDX_ECOLI	WHOLE	1	1	445	46	1.408e-06	{I}
sp|P08555|DSDX_ECOLI	WHOLE	2	1	445	69	6.735e-06	{L}
sp|P08555|DSDX_ECOLI	WHOLE	3	1	445	21	5.605e-04	{M}
sp|P08997|MASY_ECOLI	SINGLE	1	42	56	5	2.936e-04	{Q}
sp|P08997|MASY_ECOLI	SINGLE	2	2	41	9	5.089e-04	{T}
sp|P09126|HEM4_ECOLI	SINGLE	1	38	74	9	1.927e-05	{Q}
sp|P09126|HEM4_ECOLI	SINGLE	2	15	245	37	3.304e-04	{L}
sp|P09126|HEM4_ECOLI	MULTIPLE	1	15	246	58	1.174e-06	{QL}
sp|P09126|HEM4_ECOLI	WHOLE	1	1	246	38	5.411e-04	{L}
sp|P09155|RND_ECOLI	SINGLE	1	41	370	54	1.315e-05	{L}
sp|P09155|RND_ECOLI	SINGLE	2	184	249	12	5.072e-05	{R}
sp|P09155|RND_ECOLI	SINGLE	3	116	245	8	6.318e-04	{W}
sp|P09155|RND_ECOLI	MULTIPLE	1	41	370	88	6.793e-08	{LRW}
sp|P09155|RND_ECOLI	WHOLE	1	1	375	57	5.882e-05	{L}
sp|P09424|MTLD_ECOLI	SINGLE	1	32	91	17	1.390e-07	{V}
sp|P09424|MTLD_ECOLI	SINGLE	2	329	380	14	2.635e-05	{A}
sp|P09424|MTLD_ECOLI	SINGLE	3	7	24	6	6.921e-04	{G}
sp|P09424|MTLD_ECOLI	WHOLE	1	1	382	47	6.560e-04	{A}
sp|P0A6G3|PNCC_ECOLI	SINGLE	1	16	153	25	4.483e-05	{A}
sp|P0A6G3|PNCC_ECOLI	SINGLE	2	128	147	6	2.355e-04	{R}
sp|P0A6G3|PNCC_ECOLI	SINGLE	3	148	163	5	4.085e-04	{Q}
sp|P0A6G3|PNCC_ECOLI	MULTIPLE	1	16	153	35	2.184e-05	{AR}
sp|P0A6G3|PNCC_ECOLI	WHOLE	1	1	165	25	6.431e-04	{A}
sp|P0A6G5|CITX_ECOLI	SINGLE	1	67	107	11	1.876e-04	{A}
sp|P0A6G5|CITX_ECOLI	SINGLE	2	2	36	5	8.250e-04	{H}
sp|P0A6S0|FLGH_ECOLI	SINGLE	1	48	228	20	8.016e-05	{N}
sp|P0A6S0|FLGH_ECOLI	SINGLE	2	26	71	9	1.984e-04	{P}
sp|P0A6S0|FLGH_ECOLI	SINGLE	3	150	164	6	2.045e-04	{V}
sp|P0A6S0|FLGH_ECOLI	SINGLE	4	83	97	6	3.585e-04	{S}
sp|P0A6S0|FLGH_ECOLI	SINGLE	5	115	137	7	4.607e-04	{G}
sp|P0A6S0|FLGH_ECOLI	MULTIPLE	1	85	211	58	1.295e-07	{NVSG}
sp|P0A6S0|FLGH_ECOLI	WHOLE	1	1	232	21	7.056e-04	{N}
sp|P0A6W0|GLSA2_ECOLI	SINGLE	1	242	265	7	6.071e-04	{G}
sp|P0A6W5|GREA_ECOLI	SINGLE	1	12	66	11	5.441e-04	{E}
sp|P0A6W5|GREA_ECOLI	SINGLE	2	31	51	7	6.750e-04	{A}
sp|P0A6W5|GREA_ECOLI	MULTIPLE	1	28	53	13	1.508e-05	{EA}
sp|P0A7A2|GPMB_ECOLI	SINGLE	1	58	181	17	6.647e-05	{R}
sp|P0A7A2|GPMB_ECOLI	SINGLE	2	48	75	7	2.899e-04	{I}
sp|P0A7A2|GPMB_ECOLI	SINGLE	3	13	38	6	6.261e-04	{Q}
sp|P0A7A2|GPMB_ECOLI	MULTIPLE	1	42	181	30	1.776e-05	{RI}
sp|P0A7A2|GPMB_ECOLI	WHOLE	1	1	215	22	4.289e-04	{R}
sp|P0A7C6|PEPE_ECOLI	SINGLE	1	3	28	9	2.859e-04	{L}
sp|P0A7C6|PEPE_ECOLI	SINGLE	2	56	85	8	4.209e-04	{V}
sp|P0A7H6|RECR_ECOLI	SINGLE	1	57	84	5	7.111e-05	{C}
sp|P0A7P5|RL34_ECOLI	SINGLE	1	12	41	10	7.159e-07	{R}
sp|P0A7P5|RL34_ECOLI	WHOLE	1	1	46	11	7.292e-06	{R}
sp|P0A823|SFSA_ECOLI	SINGLE	1	25	70	10	3.416e-04	{T}
sp|P0A823|SFSA_ECOLI	SINGLE	2	95	109	6	3.585e-04	{S}
sp|P0A867|TALA_ECOLI	SINGLE	1	257	274	6	1.085e-04	{P}
sp|P0A867|TALA_ECOLI	SINGLE	2	182	217	7	2.965e-04	{Y}
sp|P0A8B5|YBAB_ECOLI	SINGLE	1	13	30	7	5.580e-06	{Q}
sp|P0A8B5|YBAB_ECOLI	SINGLE	2	1	24	5	1.377e-04	{M}
sp|P0A8B5|YBAB_ECOLI	MULTIPLE	1	11	25	10	2.932e-09	{QM}
sp|P0A8B5|YBAB_ECOLI	WHOLE	1	1	109	9	5.237e-04	{M}
sp|P0A8C8|YIDD_ECOLI	SINGLE	1	65	79	6	3.376e-05	{P}
sp|P0A8C8|YIDD_ECOLI	WHOLE	1	1	85	12	4.317e-04	{P}
sp|P0A8D0|NRDR_ECOLI	SINGLE	1	17	77	11	1.094e-04	{R}
sp|P0A8G3|UXAC_ECOLI	SINGLE	1	360	380	7	2.506e-04	{G}
sp|P0A8G3|UXAC_ECOLI	SINGLE	2	362	409	6	5.219e-04	{M}
sp|P0A8G3|UXAC_ECOLI	SINGLE	3	8	255	26	8.260e-04	{D}
sp|P0A8G3|UXAC_ECOLI	MULTIPLE	1	360	409	16	2.819e-06	{GM}
sp|P0A8I3|YAAA_ECOLI	SINGLE	1	177	210	10	2.305e-05	{K}
sp|P0A8P3|FETP_ECOLI	SINGLE	1	13	88	13	8.176e-04	{E}
sp|P0A8S5|USPB_ECOLI	SINGLE	1	70	88	7	1.618e-05	{R}
sp|P0A8U0|SYDP_ECOLI	SINGLE	1	98	181	18	3.628e-04	{L}
sp|P0A8Z0|YCIA_ECOLI	SINGLE	1	54	99	13	4.028e-06	{V}
sp|P0A901|BLC_ECOLI	SINGLE	1	4	18	6	5.574e-04	{A}
sp|P0A915|OMPW_ECOLI	SINGLE	1	17	160	22	1.370e-04	{G}
sp|P0A915|OMPW_ECOLI	SINGLE	2	35	103	13	2.146e-04	{T}
sp|P0A915|OMPW_ECOLI	SINGLE	3	7	34	8	8.667e-04	{A}
sp|P0A915|OMPW_ECOLI	MULTIPLE	1	5	143	55	1.802e-07	{GTA}
sp|P0A917|OMPX_ECOLI	SINGLE	1	51	132	13	9.779e-06	{Y}
sp|P0A917|OMPX_ECOLI	SINGLE	2	5	24	8	6.750e-05	{A}
sp|P0A917|OMPX_ECOLI	SINGLE	3	30	135	17	4.019e-04	{G}
sp|P0A917|OMPX_ECOLI	MULTIPLE	1	30	135	31	5.013e-08	{YG}
sp|P0A917|OMPX_ECOLI	WHOLE	1	1	171	16	5.345e-04	{Y}
sp|P0A930|WZA_ECOLI	SINGLE	1	1	32	6	5.484e-05	{M}
sp|P0A930|WZA_ECOLI	SINGLE	2	33	47	5	9.005e-04	{D}
sp|P0A9E9|YEIL_ECOLI	SINGLE	1	94	206	25	1.980e-05	{L}
sp|P0A9E9|YEIL_ECOLI	WHOLE	1	1	219	34	8.820e-04	{L}
sp|P0A9F6|GCVA_ECOLI	SINGLE	1	224	294	15	2.459e-04	{A}
sp|P0A9F6|GCVA_ECOLI	SINGLE	2	5	192	32	2.757e-04	{L}
sp|P0A9F6|GCVA_ECOLI	SINGLE	3	124	142	6	3.810e-04	{D}
sp|P0A9F6|GCVA_ECOLI	SINGLE	4	10	36	8	6.718e-04	{A}
sp|P0A9F6|GCVA_ECOLI	MULTIPLE	1	5	195	52	1.370e-04	{LA}
sp|P0A9G2|NHAR_ECOLI	SINGLE	1	179	197	6	1.511e-04	{P}
sp|P0A9G2|NHAR_ECOLI	SINGLE	2	191	205	5	4.635e-04	{R}
sp|P0A9G2|NHAR_ECOLI	SINGLE	3	227	253	8	6.718e-04	{A}
sp|P0A9G2|NHAR_ECOLI	MULTIPLE	1	179	200	10	1.126e-05	{PR}
sp|P0A9I3|GCVR_ECOLI	SINGLE	1	114	164	13	9.048e-05	{A}
sp|P0A9N0|PTSO_ECOLI	SINGLE	1	25	74	10	9.405e-04	{E}
sp|P0A9U6|PUUR_ECOLI	SINGLE	1	124	177	9	9.404e-04	{I}
sp|P0AA73|YHBE_ECOLI	SINGLE	1	10	285	50	1.678e-06	{L}
sp|P0AA73|YHBE_ECOLI	SINGLE	2	235	250	7	9.989e-05	{A}
sp|P0AA73|YHBE_ECOLI	SINGLE	3	103	180	14	3.285e-04	{V}
sp|P0AA73|YHBE_ECOLI	SINGLE	4	258	274	5	3.504e-04	{F}
sp|P0AA73|YHBE_ECOLI	SINGLE	5	112	141	5	4.045e-04	{M}
sp|P0AA73|YHBE_ECOLI	MULTIPLE	1	10	295	140	3.094e-12	{LAVFM}
sp|P0AA73|YHBE_ECOLI	WHOLE	1	1	321	51	4.506e-05	{L}
sp|P0AA82|CODB_ECOLI	SINGLE	1	10	337	45	1.991e-06	{G}
sp|P0AA82|CODB_ECOLI	SINGLE	2	114	415	46	6.789e-06	{A}
sp|P0AA82|CODB_ECOLI	SINGLE	3	21	328	51	1.591e-05	{L}
sp|P0AA82|CODB_ECOLI	SINGLE	4	106	230	21	3.803e-05	{V}
sp|P0AA82|CODB_ECOLI	SINGLE	5	25	242	20	2.551e-04	{F}
sp|P0AA82|CODB_ECOLI	MULTIPLE	1	19	393	217	2.642e-21	{GALVF}
sp|P0AA82|CODB_ECOLI	WHOLE	1	1	419	50	2.438e-05	{G}
sp|P0AA82|CODB_ECOLI	WHOLE	2	1	419	60	1.840e-04	{L}
sp|P0AA82|CODB_ECOLI	WHOLE	3	1	419	52	3.206e-04	{A}
sp|P0AAB2|WZB_ECOLI	SINGLE	1	66	136	11	4.105e-04	{R}
sp|P0AAB2|WZB_ECOLI	SINGLE	2	82	102	4	9.292e-04	{M}
sp|P0AAB2|WZB_ECOLI	MULTIPLE	1	66	136	15	7.128e-05	{RM}
sp|P0AAB6|GALF_ECOLI	SINGLE	1	24	52	7	3.632e-04	{I}
sp|P0AAB6|GALF_ECOLI	SINGLE	2	254	270	4	4.036e-04	{M}
sp|P0AAB6|GALF_ECOLI	SINGLE	3	1	36	5	9.373e-04	{M}
sp|P0AAB6|GALF_ECOLI	MULTIPLE	1	8	52	12	4.209e-05	{IM}
sp|P0AAB8|USPD_ECOLI	SINGLE	1	63	83	7	1.639e-04	{K}
sp|P0AAE2|PROY_ECOLI	SINGLE	1	16	441	52	1.697e-09	{I}
sp|P0AAE2|PROY_ECOLI	SINGLE	2	167	223	15	2.600e-06	{G}
sp|P0AAE2|PROY_ECOLI	SINGLE	3	97	445	29	8.047e-05	{F}
sp|P0AAE2|PROY_ECOLI	SINGLE	4	93	198	8	1.683e-04	{W}
sp|P0AAE2|PROY_ECOLI	SINGLE	5	1	374	20	1.684e-04	{M}
sp|P0AAE2|PROY_ECOLI	SINGLE	6	102	144	10	2.776e-04	{V}
sp|P0AAE2|PROY_ECOLI	MULTIPLE	1	16	445	204	1.272e-22	{IGFWMV}
sp|P0AAE2|PROY_ECOLI	WHOLE	1	1	457	52	1.722e-08	{I}
sp|P0AAE2|PROY_ECOLI	WHOLE	2	1	457	32	6.363e-04	{F}
sp|P0AAE2|PROY_ECOLI	WHOLE	3	1	457	21	7.634e-04	{M}
sp|P0AAE2|PROY_ECOLI	WHOLE	4	1	457	47	8.659e-04	{G}
sp|P0AAG3|GLTL_ECOLI	SINGLE	1	153	209	9	3.473e-06	{M}
sp|P0AAG3|GLTL_ECOLI	SINGLE	2	24	65	10	2.278e-04	{V}
sp|P0AAG3|GLTL_ECOLI	SINGLE	3	217	234	6	2.760e-04	{D}
sp|P0AAI1|SSUB_ECOLI	SINGLE	1	6	238	43	4.990e-06	{L}
sp|P0AAI1|SSUB_ECOLI	SINGLE	2	112	146	11	4.044e-05	{A}
sp|P0AAI1|SSUB_ECOLI	SINGLE	3	221	252	8	8.975e-05	{R}
sp|P0AAI1|SSUB_ECOLI	MULTIPLE	1	4	252	94	4.878e-09	{LAR}
sp|P0AAI1|SSUB_ECOLI	WHOLE	1	1	255	44	2.061e-05	{L}
sp|P0AAJ1|YNFG_ECOLI	SINGLE	1	14	145	16	4.475e-10	{C}
sp|P0AAJ1|YNFG_ECOLI	WHOLE	1	1	205	16	2.230e-07	{C}
sp|P0AAK7|NRFC_ECOLI	SINGLE	1	46	172	16	2.516e-10	{C}
sp|P0AAK7|NRFC_ECOLI	WHOLE	1	1	223	16	6.750e-07	{C}
sp|P0AAR0|TOMB_ECOLI	SINGLE	1	28	70	8	3.694e-04	{N}
sp|P0AAS7|YBCJ_ECOLI	SINGLE	1	39	69	8	5.305e-04	{V}
sp|P0AAV4|PXPB_ECOLI	SINGLE	1	134	212	13	5.651e-05	{P}
sp|P0AAV4|PXPB_ECOLI	SINGLE	2	161	185	8	1.258e-04	{G}
sp|P0AAV4|PXPB_ECOLI	SINGLE	3	75	89	6	2.062e-04	{E}
sp|P0AAV4|PXPB_ECOLI	SINGLE	4	92	127	9	3.141e-04	{V}
sp|P0AAV4|PXPB_ECOLI	MULTIPLE	1	131	216	26	1.299e-06	{PG}
sp|P0AAV4|PXPB_ECOLI	WHOLE	1	1	218	21	8.542e-04	{P}
sp|P0AB28|YCED_ECOLI	SINGLE	1	97	157	15	5.005e-06	{E}
sp|P0AB28|YCED_ECOLI	SINGLE	2	31	45	6	2.045e-04	{V}
sp|P0ABC0|ATPZ_ECOLI	SINGLE	1	83	114	11	2.713e-06	{V}
sp|P0ABC0|ATPZ_ECOLI	SINGLE	2	14	31	8	8.554e-05	{L}
sp|P0ABC0|ATPZ_ECOLI	SINGLE	3	84	117	11	1.242e-04	{L}
sp|P0ABC0|ATPZ_ECOLI	SINGLE	4	29	81	8	8.045e-04	{F}
sp|P0ABC0|ATPZ_ECOLI	SINGLE	5	58	99	10	9.468e-04	{A}
sp|P0ABC0|ATPZ_ECOLI	MULTIPLE	1	83	114	21	2.532e-10	{VL}
sp|P0ABC0|ATPZ_ECOLI	MULTIPLE	2	29	101	21	4.820e-05	{FA}
sp|P0ABC0|ATPZ_ECOLI	WHOLE	1	1	126	22	1.412e-05	{V}
sp|P0ABC0|ATPZ_ECOLI	WHOLE	2	1	126	23	6.553e-04	{L}
sp|P0ABD1|YEAV_ECOLI	SINGLE	1	34	302	14	4.883e-05	{W}
sp|P0ABD1|YEAV_ECOLI	SINGLE	2	3	431	60	3.212e-04	{L}
sp|P0ABD1|YEAV_ECOLI	SINGLE	3	217	232	5	7.294e-04	{I}
sp|P0ABD1|YEAV_ECOLI	SINGLE	4	76	316	20	8.266e-04	{F}
sp|P0ABD1|YEAV_ECOLI	SINGLE	5	7	355	38	8.985e-04	{G}
sp|P0ABD1|YEAV_ECOLI	MULTIPLE	1	3	431	176	7.926e-12	{WLIFG}
sp|P0ABD1|YEAV_ECOLI	WHOLE	1	1	481	64	7.175e-04	{L}
sp|P0ABH4|MRED_ECOLI	SINGLE	1	14	112	25	1.788e-06	{L}
sp|P0ABH4|MRED_ECOLI	SINGLE	2	106	143	11	1.691e-05	{V}
sp|P0ABH4|MRED_ECOLI	SINGLE	3	10	147	10	3.905e-05	{W}
sp|P0ABH4|MRED_ECOLI	MULTIPLE	1	10	151	59	5.816e-12	{LVW}
sp|P0ABH4|MRED_ECOLI	WHOLE	1	1	162	10	1.423e-04	{W}
sp|P0ABH4|MRED_ECOLI	WHOLE	2	1	162	29	2.222e-04	{L}
sp|P0ABH4|MRED_ECOLI	WHOLE	3	1	162	22	5.009e-04	{V}
sp|P0ABL5|NAPC_ECOLI	SINGLE	1	33	47	6	2.293e-04	{G}
sp|P0ABL5|NAPC_ECOLI	SINGLE	2	15	41	4	6.125e-04	{W}
sp|P0ABL5|NAPC_ECOLI	SINGLE	3	57	182	8	8.033e-04	{C}
sp|P0ABL5|NAPC_ECOLI	MULTIPLE	1	15	47	11	3.039e-05	{GW}
sp|P0ABL8|CCMB_ECOLI	SINGLE	1	25	206	48	1.184e-11	{L}
sp|P0ABL8|CCMB_ECOLI	SINGLE	2	176	214	13	4.111e-06	{A}
sp|P0ABL8|CCMB_ECOLI	SINGLE	3	136	158	7	4.607e-04	{G}
sp|P0ABL8|CCMB_ECOLI	SINGLE	4	83	129	6	4.669e-04	{M}
sp|P0ABL8|CCMB_ECOLI	MULTIPLE	1	19	215	84	3.102e-14	{LAM}
sp|P0ABL8|CCMB_ECOLI	WHOLE	1	1	220	51	4.056e-10	{L}
sp|P0ABM5|CCMD_ECOLI	SINGLE	1	21	40	9	1.640e-06	{V}
sp|P0ABM5|CCMD_ECOLI	SINGLE	2	44	61	6	1.244e-04	{R}
sp|P0ABM5|CCMD_ECOLI	SINGLE	3	5	20	5	2.574e-04	{F}
sp|P0ABM5|CCMD_ECOLI	SINGLE	4	52	66	5	2.936e-04	{Q}
sp|P0ABM5|CCMD_ECOLI	MULTIPLE	1	42	66	12	4.966e-07	{RQ}
sp|P0ABP6|DEDA_ECOLI	SINGLE	1	192	208	7	8.304e-06	{I}
sp|P0ABP6|DEDA_ECOLI	SINGLE	2	96	178	11	2.983e-04	{F}
sp|P0ABP6|DEDA_ECOLI	SINGLE	3	3	79	17	3.633e-04	{L}
sp|P0ABP6|DEDA_ECOLI	WHOLE	1	1	219	22	7.628e-04	{I}
sp|P0ABW3|YFAE_ECOLI	SINGLE	1	37	74	6	2.764e-05	{C}
sp|P0ABW3|YFAE_ECOLI	WHOLE	1	1	84	7	3.508e-04	{C}
sp|P0ABW5|SFMA_ECOLI	SINGLE	1	9	23	8	5.187e-06	{A}
sp|P0ABW5|SFMA_ECOLI	SINGLE	2	86	108	9	2.916e-05	{A}
sp|P0ABW5|SFMA_ECOLI	SINGLE	3	38	149	14	2.445e-04	{N}
sp|P0ABW5|SFMA_ECOLI	SINGLE	4	111	127	6	3.477e-04	{T}
sp|P0ABW5|SFMA_ECOLI	MULTIPLE	1	63	129	29	1.573e-06	{ANT}
sp|P0ABW5|SFMA_ECOLI	WHOLE	1	1	180	30	4.297e-05	{A}
sp|P0ABW9|FLGB_ECOLI	SINGLE	1	12	135	15	2.256e-04	{Q}
sp|P0ABW9|FLGB_ECOLI	SINGLE	2	7	83	15	5.807e-04	{A}
sp|P0ABW9|FLGB_ECOLI	MULTIPLE	1	7	126	31	2.090e-05	{QA}
sp|P0ABW9|FLGB_ECOLI	WHOLE	1	1	138	15	6.641e-04	{Q}
sp|P0ABX2|FLGC_ECOLI	SINGLE	1	47	122	15	7.228e-05	{V}
sp|P0ABX2|FLGC_ECOLI	SINGLE	2	10	87	16	2.219e-04	{A}
sp|P0ABX2|FLGC_ECOLI	SINGLE	3	93	126	5	7.231e-04	{M}
sp|P0ABX2|FLGC_ECOLI	MULTIPLE	1	10	126	40	1.589e-06	{VAM}
sp|P0ABX5|FLGG_ECOLI	SINGLE	1	15	259	29	7.856e-07	{Q}
sp|P0ABX5|FLGG_ECOLI	SINGLE	2	18	32	5	2.875e-04	{N}
sp|P0ABX5|FLGG_ECOLI	SINGLE	3	65	217	22	3.116e-04	{G}
sp|P0ABX5|FLGG_ECOLI	MULTIPLE	1	11	259	73	8.333e-09	{QNG}
sp|P0ABX5|FLGG_ECOLI	WHOLE	1	1	260	29	2.517e-06	{Q}
sp|P0ABX8|FLIL_ECOLI	SINGLE	1	25	46	7	9.125e-04	{A}
sp|P0ABY2|FLIT_ECOLI	SINGLE	1	12	117	13	4.878e-04	{Q}
sp|P0AC05|FLIP_ECOLI	SINGLE	1	4	239	42	1.496e-05	{L}
sp|P0AC05|FLIP_ECOLI	SINGLE	2	205	224	5	5.484e-05	{M}
sp|P0AC05|FLIP_ECOLI	SINGLE	3	185	200	6	6.935e-05	{I}
sp|P0AC05|FLIP_ECOLI	SINGLE	4	48	69	6	4.771e-04	{I}
sp|P0AC05|FLIP_ECOLI	SINGLE	5	9	220	21	6.141e-04	{P}
sp|P0AC05|FLIP_ECOLI	MULTIPLE	1	1	235	94	1.752e-11	{LMIP}
sp|P0AC05|FLIP_ECOLI	WHOLE	1	1	245	42	3.522e-05	{L}
sp|P0AC07|FLIQ_ECOLI	SINGLE	1	34	64	11	1.288e-07	{I}
sp|P0AC07|FLIQ_ECOLI	SINGLE	2	1	15	5	1.186e-05	{M}
sp|P0AC07|FLIQ_ECOLI	SINGLE	3	18	33	7	2.677e-04	{L}
sp|P0AC07|FLIQ_ECOLI	SINGLE	4	13	28	6	8.219e-04	{A}
sp|P0AC07|FLIQ_ECOLI	MULTIPLE	1	7	22	9	5.562e-06	{MA}
sp|P0AC07|FLIQ_ECOLI	WHOLE	1	1	89	13	3.069e-04	{I}
sp|P0AC26|NIRC_ECOLI	SINGLE	1	102	246	10	5.861e-05	{W}
sp|P0AC26|NIRC_ECOLI	SINGLE	2	10	36	9	1.207e-04	{A}
sp|P0AC26|NIRC_ECOLI	SINGLE	3	142	267	22	1.989e-04	{A}
sp|P0AC26|NIRC_ECOLI	SINGLE	4	26	128	17	2.914e-04	{G}
sp|P0AC26|NIRC_ECOLI	MULTIPLE	1	26	268	70	1.838e-07	{WAG}
sp|P0AC26|NIRC_ECOLI	WHOLE	1	1	268	37	2.946e-04	{A}
sp|P0AC35|TTDB_ECOLI	SINGLE	1	136	150	6	2.062e-04	{E}
sp|P0AC35|TTDB_ECOLI	SINGLE	2	95	112	6	6.921e-04	{G}
sp|P0AC59|GLRX2_ECOLI	SINGLE	1	136	184	12	9.543e-04	{L}
sp|P0AC96|GNTU_ECOLI	SINGLE	1	24	417	56	6.444e-06	{A}
sp|P0AC96|GNTU_ECOLI	SINGLE	2	38	438	50	8.098e-06	{G}
sp|P0AC96|GNTU_ECOLI	SINGLE	3	1	439	25	1.166e-05	{M}
sp|P0AC96|GNTU_ECOLI	SINGLE	4	4	242	41	4.206e-05	{L}
sp|P0AC96|GNTU_ECOLI	SINGLE	5	179	395	25	5.034e-05	{I}
sp|P0AC96|GNTU_ECOLI	SINGLE	6	412	432	7	1.671e-04	{T}
sp|P0AC96|GNTU_ECOLI	MULTIPLE	1	4	441	228	1.111e-20	{AGMLI}
sp|P0AC96|GNTU_ECOLI	WHOLE	1	1	446	25	1.503e-05	{M}
sp|P0AC96|GNTU_ECOLI	WHOLE	2	1	446	59	2.935e-05	{A}
sp|P0AC96|GNTU_ECOLI	WHOLE	3	1	446	51	5.801e-05	{G}
sp|P0AC96|GNTU_ECOLI	WHOLE	4	1	446	61	4.893e-04	{L}
sp|P0ACB7|HEMY_ECOLI	SINGLE	1	63	85	9	5.457e-07	{R}
sp|P0ACB7|HEMY_ECOLI	SINGLE	2	108	148	12	3.991e-05	{A}
sp|P0ACB7|HEMY_ECOLI	SINGLE	3	347	382	11	5.368e-05	{A}
sp|P0ACB7|HEMY_ECOLI	SINGLE	4	87	357	25	2.096e-04	{Q}
sp|P0ACB7|HEMY_ECOLI	SINGLE	5	12	65	10	2.194e-04	{I}
sp|P0ACB7|HEMY_ECOLI	SINGLE	6	277	296	6	5.140e-04	{D}
sp|P0ACB7|HEMY_ECOLI	MULTIPLE	1	84	370	64	6.131e-07	{AQ}
sp|P0ACB7|HEMY_ECOLI	WHOLE	1	1	398	34	4.652e-04	{R}
sp|P0ACB7|HEMY_ECOLI	WHOLE	2	1	398	48	8.593e-04	{A}
sp|P0ACC9|WCAB_ECOLI	SINGLE	1	133	160	9	3.942e-05	{V}
sp|P0ACC9|WCAB_ECOLI	SINGLE	2	50	127	12	3.183e-04	{I}
sp|P0ACC9|WCAB_ECOLI	SINGLE	3	87	138	11	3.946e-04	{G}
sp|P0ACC9|WCAB_ECOLI	MULTIPLE	1	95	160	23	4.249e-06	{VG}
sp|P0ACD2|WCAF_ECOLI	SINGLE	1	137	179	11	5.779e-05	{V}
sp|P0ACD2|WCAF_ECOLI	SINGLE	2	24	42	4	1.525e-04	{W}
sp|P0ACD2|WCAF_ECOLI	SINGLE	3	97	117	4	9.292e-04	{H}
sp|P0ACH8|MELR_ECOLI	SINGLE	1	284	298	5	2.936e-04	{Q}
sp|P0ACH8|MELR_ECOLI	SINGLE	2	36	118	8	3.848e-04	{H}
sp|P0ACH8|MELR_ECOLI	SINGLE	3	128	151	6	3.999e-04	{Q}
sp|P0ACH8|MELR_ECOLI	SINGLE	4	225	243	4	6.290e-04	{M}
sp|P0ACI0|ROB_ECOLI	SINGLE	1	55	119	11	1.925e-04	{R}
sp|P0ACI3|XYLR_ECOLI	SINGLE	1	38	77	10	4.301e-05	{D}
sp|P0ACJ5|DECR_ECOLI	SINGLE	1	9	69	16	6.943e-05	{L}
sp|P0ACK2|AGAR_ECOLI	SINGLE	1	234	249	6	6.935e-05	{I}
sp|P0ACK2|AGAR_ECOLI	SINGLE	2	19	33	5	2.936e-04	{Q}
sp|P0ACK2|AGAR_ECOLI	SINGLE	3	162	176	5	2.936e-04	{Q}
sp|P0ACK5|DEOR_ECOLI	SINGLE	1	97	170	10	4.677e-04	{F}
sp|P0ACK8|FUCR_ECOLI	SINGLE	1	52	79	5	2.914e-04	{H}
sp|P0ACK8|FUCR_ECOLI	SINGLE	2	35	230	21	4.509e-04	{I}
sp|P0ACK8|FUCR_ECOLI	MULTIPLE	1	48	230	29	2.618e-05	{HI}
sp|P0ACL0|GLPR_ECOLI	SINGLE	1	112	127	6	3.304e-05	{N}
sp|P0ACL0|GLPR_ECOLI	SINGLE	2	81	196	15	4.127e-04	{I}
sp|P0ACL0|GLPR_ECOLI	SINGLE	3	141	179	9	6.699e-04	{G}
sp|P0ACL0|GLPR_ECOLI	SINGLE	4	202	241	9	6.977e-04	{V}
sp|P0ACL0|GLPR_ECOLI	MULTIPLE	1	137	172	14	1.936e-05	{IG}
sp|P0ACL2|EXUR_ECOLI	SINGLE	1	76	155	13	3.056e-05	{Q}
sp|P0ACL2|EXUR_ECOLI	SINGLE	2	172	217	6	4.164e-04	{H}
sp|P0ACL2|EXUR_ECOLI	SINGLE	3	44	73	8	4.209e-04	{V}
sp|P0ACL2|EXUR_ECOLI	SINGLE	4	182	196	5	9.005e-04	{D}
sp|P0ACL2|EXUR_ECOLI	MULTIPLE	1	180	208	10	3.344e-05	{HD}
sp|P0ACL9|PDHR_ECOLI	SINGLE	1	235	252	8	7.422e-07	{R}
sp|P0ACL9|PDHR_ECOLI	SINGLE	2	16	250	31	8.608e-05	{E}
sp|P0ACL9|PDHR_ECOLI	SINGLE	3	19	197	32	1.177e-04	{L}
sp|P0ACL9|PDHR_ECOLI	SINGLE	4	106	161	12	8.291e-04	{A}
sp|P0ACL9|PDHR_ECOLI	MULTIPLE	1	16	252	95	3.058e-12	{REL}
sp|P0ACL9|PDHR_ECOLI	WHOLE	1	1	254	28	2.586e-05	{R}
sp|P0ACL9|PDHR_ECOLI	WHOLE	2	1	254	31	3.143e-04	{E}
sp|P0ACL9|PDHR_ECOLI	WHOLE	3	1	254	38	9.332e-04	{L}
sp|P0ACM2|RSPR_ECOLI	SINGLE	1	6	219	24	1.508e-05	{Q}
sp|P0ACM2|RSPR_ECOLI	SINGLE	2	19	100	12	3.895e-04	{R}
sp|P0ACM2|RSPR_ECOLI	SINGLE	3	130	197	11	9.233e-04	{D}
sp|P0ACM2|RSPR_ECOLI	MULTIPLE	1	6	219	45	6.414e-08	{QR}
sp|P0ACM2|RSPR_ECOLI	WHOLE	1	1	228	24	4.039e-05	{Q}
sp|P0ACN7|CYTR_ECOLI	SINGLE	1	70	124	11	5.410e-05	{I}
sp|P0ACN7|CYTR_ECOLI	SINGLE	2	2	20	6	6.596e-04	{K}
sp|P0ACP5|GNTR_ECOLI	SINGLE	1	211	225	6	3.585e-04	{S}
sp|P0ACP5|GNTR_ECOLI	SINGLE	2	286	310	6	8.417e-04	{R}
sp|P0ACR0|ALLS_ECOLI	SINGLE	1	6	59	11	3.177e-04	{T}
sp|P0ACR2|PUNR_ECOLI	SINGLE	1	77	93	6	5.013e-05	{Q}
sp|P0ACR2|PUNR_ECOLI	SINGLE	2	43	298	13	1.109e-04	{W}
sp|P0ACR2|PUNR_ECOLI	SINGLE	3	15	218	22	2.182e-04	{R}
sp|P0ACR2|PUNR_ECOLI	SINGLE	4	286	304	6	8.541e-04	{E}
sp|P0ACR2|PUNR_ECOLI	MULTIPLE	1	51	224	26	2.358e-05	{WR}
sp|P0ACR2|PUNR_ECOLI	WHOLE	1	1	310	14	2.015e-04	{W}
sp|P0ACR4|YEIE_ECOLI	SINGLE	1	260	281	6	4.110e-04	{R}
sp|P0ACR4|YEIE_ECOLI	SINGLE	2	27	74	12	7.936e-04	{L}
sp|P0ACR4|YEIE_ECOLI	SINGLE	3	80	154	11	8.064e-04	{I}
sp|P0ACS7|RPIR_ECOLI	SINGLE	1	218	237	6	2.742e-04	{I}
sp|P0ACS7|RPIR_ECOLI	SINGLE	2	191	208	6	6.200e-04	{V}
sp|P0ACT2|ENVR_ECOLI	SINGLE	1	57	150	14	4.107e-05	{Q}
sp|P0ACT2|ENVR_ECOLI	WHOLE	1	1	220	20	9.137e-04	{Q}
sp|P0ACT6|UIDR_ECOLI	SINGLE	1	109	137	5	3.445e-04	{M}
sp|P0ACT6|UIDR_ECOLI	SINGLE	2	16	91	11	8.947e-04	{I}
sp|P0ACT6|UIDR_ECOLI	WHOLE	1	1	196	12	9.502e-04	{M}
sp|P0ACY1|YDJA_ECOLI	SINGLE	1	60	124	15	9.090e-05	{A}
sp|P0ACY1|YDJA_ECOLI	SINGLE	2	106	120	4	2.419e-04	{M}
sp|P0ACY1|YDJA_ECOLI	MULTIPLE	1	66	124	18	8.849e-06	{AM}
sp|P0ACZ2|ETP_ECOLI	SINGLE	1	49	98	13	7.316e-05	{A}
sp|P0ADD7|YJJQ_ECOLI	SINGLE	1	37	210	24	9.417e-04	{S}
sp|P0ADE8|YGFZ_ECOLI	SINGLE	1	279	295	7	4.822e-05	{V}
sp|P0ADE8|YGFZ_ECOLI	SINGLE	2	13	261	36	1.515e-04	{A}
sp|P0ADE8|YGFZ_ECOLI	SINGLE	3	4	18	5	4.135e-04	{P}
sp|P0ADH5|FIMB_ECOLI	SINGLE	1	15	172	12	1.519e-04	{H}
sp|P0ADH5|FIMB_ECOLI	SINGLE	2	168	196	7	3.066e-04	{R}
sp|P0ADH5|FIMB_ECOLI	MULTIPLE	1	15	197	30	7.138e-06	{HR}
sp|P0ADH5|FIMB_ECOLI	WHOLE	1	1	200	13	3.594e-04	{H}
sp|P0ADH7|FIME_ECOLI	SINGLE	1	27	195	26	1.199e-07	{R}
sp|P0ADH7|FIME_ECOLI	SINGLE	2	134	167	5	7.231e-04	{H}
sp|P0ADH7|FIME_ECOLI	MULTIPLE	1	37	185	32	7.484e-09	{RH}
sp|P0ADH7|FIME_ECOLI	WHOLE	1	1	198	28	2.384e-07	{R}
sp|P0ADI0|PINR_ECOLI	SINGLE	1	3	186	20	3.594e-04	{R}
sp|P0ADI0|PINR_ECOLI	WHOLE	1	1	196	20	7.564e-04	{R}
sp|P0ADQ7|YGAM_ECOLI	SINGLE	1	39	102	15	7.588e-05	{A}
sp|P0ADQ7|YGAM_ECOLI	SINGLE	2	58	85	7	2.444e-04	{R}
sp|P0ADQ7|YGAM_ECOLI	SINGLE	3	9	26	6	2.760e-04	{D}
sp|P0ADQ7|YGAM_ECOLI	MULTIPLE	1	39	95	22	5.263e-07	{AR}
sp|P0ADT5|YGIC_ECOLI	SINGLE	1	2	331	38	2.456e-04	{E}
sp|P0ADT5|YGIC_ECOLI	SINGLE	2	19	38	5	6.634e-04	{Y}
sp|P0ADT5|YGIC_ECOLI	SINGLE	3	91	284	31	8.962e-04	{L}
sp|P0ADT5|YGIC_ECOLI	MULTIPLE	1	40	290	62	6.781e-05	{EL}
sp|P0ADU5|YGIW_ECOLI	SINGLE	1	5	21	7	1.565e-04	{A}
sp|P0ADU5|YGIW_ECOLI	SINGLE	2	24	44	7	2.506e-04	{G}
sp|P0ADU5|YGIW_ECOLI	SINGLE	3	57	121	11	6.399e-04	{D}
sp|P0ADW6|YHCC_ECOLI	SINGLE	1	58	107	9	2.183e-04	{Q}
sp|P0ADW6|YHCC_ECOLI	SINGLE	2	11	44	9	2.337e-04	{G}
sp|P0ADX9|RSMD_ECOLI	SINGLE	1	48	115	14	4.972e-04	{A}
sp|P0ADX9|RSMD_ECOLI	SINGLE	2	136	161	7	8.993e-04	{E}
sp|P0AE26|ARAH_ECOLI	SINGLE	1	124	316	27	8.074e-07	{I}
sp|P0AE26|ARAH_ECOLI	SINGLE	2	2	17	8	5.165e-06	{S}
sp|P0AE26|ARAH_ECOLI	SINGLE	3	53	287	32	5.424e-05	{G}
sp|P0AE26|ARAH_ECOLI	SINGLE	4	16	48	7	2.116e-04	{F}
sp|P0AE26|ARAH_ECOLI	SINGLE	5	51	68	4	5.076e-04	{M}
sp|P0AE26|ARAH_ECOLI	MULTIPLE	1	49	310	72	2.420e-09	{IGM}
sp|P0AE26|ARAH_ECOLI	WHOLE	1	1	328	35	1.097e-05	{I}
sp|P0AE26|ARAH_ECOLI	WHOLE	2	1	328	37	5.736e-04	{G}
sp|P0AE30|ARTM_ECOLI	SINGLE	1	5	100	25	9.867e-07	{L}
sp|P0AE30|ARTM_ECOLI	SINGLE	2	22	36	5	5.275e-04	{I}
sp|P0AE30|ARTM_ECOLI	MULTIPLE	1	5	100	34	1.074e-07	{LI}
sp|P0AE30|ARTM_ECOLI	WHOLE	1	1	222	42	3.411e-06	{L}
sp|P0AE34|ARTQ_ECOLI	SINGLE	1	50	189	28	4.381e-05	{L}
sp|P0AE34|ARTQ_ECOLI	SINGLE	2	8	49	12	5.149e-05	{A}
sp|P0AE34|ARTQ_ECOLI	SINGLE	3	222	236	5	4.635e-04	{R}
sp|P0AE34|ARTQ_ECOLI	WHOLE	1	1	238	38	2.996e-04	{L}
sp|P0AE37|ASTA_ECOLI	SINGLE	1	145	202	10	6.425e-05	{F}
sp|P0AE37|ASTA_ECOLI	SINGLE	2	236	336	13	7.588e-04	{R}
sp|P0AE39|YPDB_ECOLI	SINGLE	1	104	123	6	1.375e-04	{Q}
sp|P0AE39|YPDB_ECOLI	SINGLE	2	4	155	17	8.937e-04	{I}
sp|P0AE39|YPDB_ECOLI	MULTIPLE	1	4	155	29	8.481e-05	{QI}
sp|P0AE45|PAEA_ECOLI	SINGLE	1	57	165	14	7.088e-05	{F}
sp|P0AE45|PAEA_ECOLI	SINGLE	2	5	425	39	7.622e-05	{I}
sp|P0AE45|PAEA_ECOLI	SINGLE	3	81	107	8	3.912e-04	{S}
sp|P0AE45|PAEA_ECOLI	MULTIPLE	1	5	425	65	4.050e-06	{FI}
sp|P0AE45|PAEA_ECOLI	WHOLE	1	1	447	39	2.361e-04	{I}
sp|P0AE95|CSGE_ECOLI	SINGLE	1	83	100	5	4.662e-04	{F}
sp|P0AE98|CSGF_ECOLI	SINGLE	1	28	134	16	1.117e-05	{N}
sp|P0AE98|CSGF_ECOLI	WHOLE	1	1	138	16	2.197e-04	{N}
sp|P0AEB0|CYSW_ECOLI	SINGLE	1	22	276	46	4.535e-06	{L}
sp|P0AEB0|CYSW_ECOLI	SINGLE	2	150	168	7	1.092e-04	{V}
sp|P0AEB0|CYSW_ECOLI	MULTIPLE	1	28	276	72	5.578e-08	{LV}
sp|P0AEB0|CYSW_ECOLI	WHOLE	1	1	291	47	5.679e-05	{L}
sp|P0AED9|DCM_ECOLI	SINGLE	1	44	168	14	5.814e-07	{H}
sp|P0AED9|DCM_ECOLI	SINGLE	2	246	267	7	1.188e-04	{D}
sp|P0AED9|DCM_ECOLI	SINGLE	3	276	472	22	1.365e-04	{R}
sp|P0AED9|DCM_ECOLI	SINGLE	4	94	108	6	2.293e-04	{G}
sp|P0AED9|DCM_ECOLI	SINGLE	5	322	368	8	2.867e-04	{Y}
sp|P0AED9|DCM_ECOLI	SINGLE	6	370	391	6	8.827e-04	{D}
sp|P0AEK0|EXOX_ECOLI	SINGLE	1	4	68	11	2.441e-04	{I}
sp|P0AEL6|FEPB_ECOLI	SINGLE	1	62	294	38	8.381e-06	{A}
sp|P0AEL6|FEPB_ECOLI	SINGLE	2	3	18	8	3.052e-05	{L}
sp|P0AEL6|FEPB_ECOLI	SINGLE	3	25	291	25	1.692e-04	{Q}
sp|P0AEL6|FEPB_ECOLI	MULTIPLE	1	22	294	67	8.356e-09	{AQ}
sp|P0AEL6|FEPB_ECOLI	WHOLE	1	1	318	46	2.396e-05	{A}
sp|P0AEL6|FEPB_ECOLI	WHOLE	2	1	318	26	8.642e-04	{Q}
sp|P0AEM4|FLGM_ECOLI	SINGLE	1	14	42	9	3.769e-05	{T}
sp|P0AEP1|GALP_ECOLI	SINGLE	1	327	364	7	1.491e-05	{M}
sp|P0AEP1|GALP_ECOLI	SINGLE	2	133	186	11	4.552e-05	{I}
sp|P0AEP1|GALP_ECOLI	SINGLE	3	196	229	8	1.404e-04	{R}
sp|P0AEP1|GALP_ECOLI	SINGLE	4	75	457	54	4.792e-04	{L}
sp|P0AEP1|GALP_ECOLI	MULTIPLE	1	14	457	111	3.511e-08	{MLF}
sp|P0AEP1|GALP_ECOLI	WHOLE	1	1	464	23	1.720e-04	{M}
sp|P0AEQ3|GLNH_ECOLI	SINGLE	1	25	153	19	2.467e-04	{K}
sp|P0AEQ3|GLNH_ECOLI	SINGLE	2	10	34	8	3.852e-04	{A}
sp|P0AEQ3|GLNH_ECOLI	SINGLE	3	114	136	7	4.064e-04	{V}
sp|P0AEQ3|GLNH_ECOLI	SINGLE	4	24	179	19	6.929e-04	{D}
sp|P0AEQ3|GLNH_ECOLI	MULTIPLE	1	15	154	67	1.669e-08	{KAVD}
sp|P0AEQ3|GLNH_ECOLI	WHOLE	1	1	248	29	4.206e-04	{K}
sp|P0AEQ6|GLNP_ECOLI	SINGLE	1	8	218	30	1.498e-07	{I}
sp|P0AEQ6|GLNP_ECOLI	SINGLE	2	29	48	7	1.789e-04	{G}
sp|P0AEQ6|GLNP_ECOLI	WHOLE	1	1	219	30	3.318e-07	{I}
sp|P0AEU3|HISM_ECOLI	SINGLE	1	108	207	19	1.745e-04	{A}
sp|P0AEU3|HISM_ECOLI	SINGLE	2	2	218	23	2.995e-04	{I}
sp|P0AEU3|HISM_ECOLI	MULTIPLE	1	24	213	43	6.486e-05	{AI}
sp|P0AEU3|HISM_ECOLI	WHOLE	1	1	238	23	9.712e-04	{I}
sp|P0AEW1|HYFE_ECOLI	SINGLE	1	10	176	35	2.059e-06	{L}
sp|P0AEW1|HYFE_ECOLI	SINGLE	2	46	131	17	2.272e-04	{A}
sp|P0AEW1|HYFE_ECOLI	SINGLE	3	1	15	4	2.419e-04	{M}
sp|P0AEW1|HYFE_ECOLI	MULTIPLE	1	10	173	63	5.754e-09	{LAM}
sp|P0AEW1|HYFE_ECOLI	WHOLE	1	1	216	40	9.290e-06	{L}
sp|P0AEW4|CPDA_ECOLI	SINGLE	1	24	259	18	4.189e-06	{H}
sp|P0AEW4|CPDA_ECOLI	SINGLE	2	125	218	22	2.419e-05	{L}
sp|P0AEW4|CPDA_ECOLI	SINGLE	3	220	270	10	7.775e-04	{T}
sp|P0AEW4|CPDA_ECOLI	MULTIPLE	1	125	200	25	4.183e-07	{HL}
sp|P0AEW4|CPDA_ECOLI	WHOLE	1	1	275	18	3.068e-05	{H}
sp|P0AEX3|KGTP_ECOLI	SINGLE	1	36	53	6	4.110e-05	{F}
sp|P0AEX3|KGTP_ECOLI	SINGLE	2	190	416	34	1.167e-04	{A}
sp|P0AEX3|KGTP_ECOLI	SINGLE	3	97	423	48	3.943e-04	{L}
sp|P0AEX3|KGTP_ECOLI	SINGLE	4	67	172	17	4.019e-04	{G}
sp|P0AEX3|KGTP_ECOLI	SINGLE	5	247	430	12	5.671e-04	{M}
sp|P0AEX3|KGTP_ECOLI	MULTIPLE	1	62	432	154	2.014e-11	{ALGM}
sp|P0AEX3|KGTP_ECOLI	WHOLE	1	1	432	51	9.665e-04	{A}
sp|P0AF08|APBC_ECOLI	SINGLE	1	26	60	6	9.194e-05	{H}
sp|P0AF08|APBC_ECOLI	SINGLE	2	154	223	8	1.227e-04	{M}
sp|P0AF08|APBC_ECOLI	SINGLE	3	240	280	10	1.856e-04	{V}
sp|P0AF08|APBC_ECOLI	SINGLE	4	125	144	7	4.883e-04	{A}
sp|P0AF10|MTLR_ECOLI	SINGLE	1	137	155	6	1.511e-04	{P}
sp|P0AF10|MTLR_ECOLI	SINGLE	2	33	120	19	2.341e-04	{L}
sp|P0AF20|NAGC_ECOLI	SINGLE	1	27	359	39	4.219e-07	{I}
sp|P0AF20|NAGC_ECOLI	SINGLE	2	223	263	11	4.389e-05	{G}
sp|P0AF20|NAGC_ECOLI	SINGLE	3	6	68	10	2.835e-04	{Q}
sp|P0AF20|NAGC_ECOLI	SINGLE	4	257	301	5	6.721e-04	{C}
sp|P0AF20|NAGC_ECOLI	MULTIPLE	1	27	359	47	3.754e-07	{IC}
sp|P0AF20|NAGC_ECOLI	WHOLE	1	1	406	42	3.662e-06	{I}
sp|P0AF40|YIJD_ECOLI	SINGLE	1	11	77	15	6.548e-04	{L}
sp|P0AF43|YJBB_ECOLI	SINGLE	1	2	522	92	6.688e-10	{L}
sp|P0AF43|YJBB_ECOLI	SINGLE	2	471	486	8	2.408e-07	{R}
sp|P0AF43|YJBB_ECOLI	SINGLE	3	175	239	17	5.925e-06	{A}
sp|P0AF43|YJBB_ECOLI	SINGLE	4	391	406	7	3.063e-05	{E}
sp|P0AF43|YJBB_ECOLI	SINGLE	5	112	214	15	1.180e-04	{I}
sp|P0AF43|YJBB_ECOLI	SINGLE	6	11	91	15	1.482e-04	{V}
sp|P0AF43|YJBB_ECOLI	SINGLE	7	343	357	4	2.419e-04	{M}
sp|P0AF43|YJBB_ECOLI	SINGLE	8	478	509	5	5.468e-04	{H}
sp|P0AF43|YJBB_ECOLI	SINGLE	9	115	138	7	6.071e-04	{G}
sp|P0AF43|YJBB_ECOLI	MULTIPLE	1	1	513	273	7.938e-17	{LRAIVM}
sp|P0AF43|YJBB_ECOLI	WHOLE	1	1	543	93	2.558e-09	{L}
sp|P0AF96|TABA_ECOLI	SINGLE	1	107	145	9	5.782e-04	{V}
sp|P0AFA5|NFRB_ECOLI	SINGLE	1	348	730	65	6.386e-07	{L}
sp|P0AFA5|NFRB_ECOLI	SINGLE	2	43	61	7	1.618e-05	{R}
sp|P0AFA5|NFRB_ECOLI	SINGLE	3	599	632	9	2.041e-05	{R}
sp|P0AFA5|NFRB_ECOLI	SINGLE	4	154	449	27	3.063e-05	{F}
sp|P0AFA5|NFRB_ECOLI	SINGLE	5	330	470	10	4.656e-05	{W}
sp|P0AFA5|NFRB_ECOLI	SINGLE	6	640	660	6	1.841e-04	{Q}
sp|P0AFA5|NFRB_ECOLI	SINGLE	7	530	570	10	7.827e-04	{A}
sp|P0AFA5|NFRB_ECOLI	MULTIPLE	1	348	726	130	1.559e-11	{LRWQ}
sp|P0AFA5|NFRB_ECOLI	WHOLE	1	1	745	54	7.664e-04	{R}
sp|P0AFJ1|YJDM_ECOLI	SINGLE	1	62	110	11	1.296e-04	{K}
sp|P0AFJ1|YJDM_ECOLI	SINGLE	2	6	26	4	2.981e-04	{C}
sp|P0AFK0|PMBA_ECOLI	SINGLE	1	88	151	17	4.748e-06	{A}
sp|P0AFK0|PMBA_ECOLI	SINGLE	2	338	400	14	4.112e-05	{G}
sp|P0AFK2|PNUC_ECOLI	SINGLE	1	49	78	8	1.330e-05	{F}
sp|P0AFK2|PNUC_ECOLI	SINGLE	2	140	177	7	1.491e-05	{M}
sp|P0AFK2|PNUC_ECOLI	SINGLE	3	9	226	26	2.083e-05	{I}
sp|P0AFK2|PNUC_ECOLI	SINGLE	4	115	204	17	4.484e-05	{V}
sp|P0AFK2|PNUC_ECOLI	SINGLE	5	85	112	4	7.038e-04	{W}
sp|P0AFK2|PNUC_ECOLI	MULTIPLE	1	3	217	72	1.304e-09	{FIVW}
sp|P0AFK2|PNUC_ECOLI	WHOLE	1	1	239	26	9.051e-05	{I}
sp|P0AFR4|YCIO_ECOLI	SINGLE	1	184	202	6	8.474e-04	{V}
sp|P0AFS1|LSRD_ECOLI	SINGLE	1	9	301	55	1.799e-07	{L}
sp|P0AFS1|LSRD_ECOLI	SINGLE	2	17	118	16	2.990e-05	{I}
sp|P0AFS1|LSRD_ECOLI	SINGLE	3	59	307	34	3.176e-05	{G}
sp|P0AFS1|LSRD_ECOLI	SINGLE	4	200	272	15	3.315e-04	{A}
sp|P0AFS1|LSRD_ECOLI	SINGLE	5	288	310	7	4.064e-04	{V}
sp|P0AFS1|LSRD_ECOLI	MULTIPLE	1	9	307	183	2.464e-20	{LIGAV}
sp|P0AFS1|LSRD_ECOLI	WHOLE	1	1	330	58	7.724e-07	{L}
sp|P0AFS1|LSRD_ECOLI	WHOLE	2	1	330	30	5.492e-04	{I}
sp|P0AFS1|LSRD_ECOLI	WHOLE	3	1	330	37	6.340e-04	{G}
sp|P0AFV2|YHID_ECOLI	SINGLE	1	17	122	19	4.642e-05	{G}
sp|P0AFV2|YHID_ECOLI	SINGLE	2	6	120	15	3.772e-04	{I}
sp|P0AFV2|YHID_ECOLI	SINGLE	3	127	203	16	9.994e-04	{L}
sp|P0AFV2|YHID_ECOLI	MULTIPLE	1	6	122	34	1.759e-07	{GI}
sp|P0AG14|SOHB_ECOLI	SINGLE	1	69	91	10	4.057e-07	{K}
sp|P0AG14|SOHB_ECOLI	SINGLE	2	238	253	7	3.063e-05	{E}
sp|P0AG14|SOHB_ECOLI	SINGLE	3	12	205	30	1.577e-04	{A}
sp|P0AG14|SOHB_ECOLI	SINGLE	4	308	343	8	2.122e-04	{R}
sp|P0AG14|SOHB_ECOLI	SINGLE	5	67	81	5	2.936e-04	{Q}
sp|P0AG14|SOHB_ECOLI	SINGLE	6	14	28	5	5.275e-04	{I}
sp|P0AG14|SOHB_ECOLI	MULTIPLE	1	67	91	21	1.933e-12	{KAQ}
sp|P0AG34|RHTB_ECOLI	SINGLE	1	14	188	20	2.745e-04	{I}
sp|P0AG34|RHTB_ECOLI	SINGLE	2	132	146	5	2.936e-04	{Q}
sp|P0AG34|RHTB_ECOLI	MULTIPLE	1	43	176	27	5.701e-05	{IQ}
sp|P0AG38|RHTC_ECOLI	SINGLE	1	1	89	11	3.461e-06	{M}
sp|P0AG38|RHTC_ECOLI	SINGLE	2	57	123	15	6.548e-04	{L}
sp|P0AG84|YGHA_ECOLI	SINGLE	1	64	235	29	4.584e-05	{A}
sp|P0AG84|YGHA_ECOLI	SINGLE	2	237	253	6	5.013e-05	{Q}
sp|P0AGG8|TLDD_ECOLI	SINGLE	1	195	479	46	1.523e-08	{G}
sp|P0AGG8|TLDD_ECOLI	SINGLE	2	141	309	26	2.452e-05	{V}
sp|P0AGG8|TLDD_ECOLI	SINGLE	3	223	245	9	2.916e-05	{A}
sp|P0AGG8|TLDD_ECOLI	SINGLE	4	333	368	6	1.079e-04	{M}
sp|P0AGG8|TLDD_ECOLI	MULTIPLE	1	141	479	98	8.524e-11	{GVM}
sp|P0AGG8|TLDD_ECOLI	WHOLE	1	1	481	59	2.476e-06	{G}
sp|P0AGH8|PSTC_ECOLI	SINGLE	1	17	249	35	3.776e-09	{I}
sp|P0AGH8|PSTC_ECOLI	SINGLE	2	226	240	6	2.293e-04	{G}
sp|P0AGH8|PSTC_ECOLI	SINGLE	3	22	119	20	3.470e-04	{L}
sp|P0AGH8|PSTC_ECOLI	SINGLE	4	180	310	10	4.859e-04	{M}
sp|P0AGH8|PSTC_ECOLI	MULTIPLE	1	12	312	122	4.527e-12	{IGLM}
sp|P0AGH8|PSTC_ECOLI	WHOLE	1	1	319	40	5.241e-08	{I}
sp|P0AGI4|XYLH_ECOLI	SINGLE	1	88	350	40	5.561e-07	{G}
sp|P0AGI4|XYLH_ECOLI	SINGLE	2	349	364	5	1.688e-05	{M}
sp|P0AGI4|XYLH_ECOLI	SINGLE	3	234	253	9	2.743e-05	{L}
sp|P0AGI4|XYLH_ECOLI	SINGLE	4	259	355	20	3.899e-05	{A}
sp|P0AGI4|XYLH_ECOLI	SINGLE	5	104	130	5	4.261e-05	{W}
sp|P0AGI4|XYLH_ECOLI	SINGLE	6	33	332	31	5.636e-05	{I}
sp|P0AGI4|XYLH_ECOLI	SINGLE	7	105	123	8	1.342e-04	{L}
sp|P0AGI4|XYLH_ECOLI	MULTIPLE	1	32	364	192	1.036e-21	{GMLAWI}
sp|P0AGI4|XYLH_ECOLI	WHOLE	1	1	393	48	1.956e-05	{G}
sp|P0AGI4|XYLH_ECOLI	WHOLE	2	1	393	49	4.064e-04	{A}
sp|P0AGI4|XYLH_ECOLI	WHOLE	3	1	393	34	5.959e-04	{I}
sp|P0AGI4|XYLH_ECOLI	WHOLE	4	1	393	19	7.371e-04	{M}
sp|P0AGI8|TRKA_ECOLI	SINGLE	1	96	444	36	1.697e-05	{I}
sp|P0AGI8|TRKA_ECOLI	SINGLE	2	313	327	4	2.419e-04	{M}
sp|P0AGI8|TRKA_ECOLI	SINGLE	3	326	419	16	2.422e-04	{V}
sp|P0AGI8|TRKA_ECOLI	SINGLE	4	61	385	42	4.743e-04	{A}
sp|P0AGI8|TRKA_ECOLI	MULTIPLE	1	63	435	116	1.618e-08	{IVA}
sp|P0AGI8|TRKA_ECOLI	WHOLE	1	1	458	40	1.988e-04	{I}
sp|P0AGJ2|TRMH_ECOLI	SINGLE	1	28	97	7	6.990e-04	{H}
sp|P0AGK4|YHBY_ECOLI	SINGLE	1	31	69	9	5.844e-04	{E}
sp|P0C8J8|GATZ_ECOLI	SINGLE	1	6	313	43	8.897e-05	{A}
sp|P0C8J8|GATZ_ECOLI	SINGLE	2	325	352	6	4.644e-04	{Y}
sp|P0C8K0|KBAZ_ECOLI	SINGLE	1	13	312	45	1.218e-05	{A}
sp|P0C8K0|KBAZ_ECOLI	SINGLE	2	341	355	5	4.635e-04	{R}
sp|P0C8K0|KBAZ_ECOLI	SINGLE	3	330	357	6	4.644e-04	{Y}
sp|P0C8K0|KBAZ_ECOLI	MULTIPLE	1	327	357	12	3.989e-06	{RY}
sp|P0C8K0|KBAZ_ECOLI	WHOLE	1	1	426	52	4.536e-04	{A}
sp|P0CB39|EPTC_ECOLI	SINGLE	1	171	481	31	9.987e-06	{N}
sp|P0CB39|EPTC_ECOLI	SINGLE	2	293	359	11	1.081e-04	{Q}
sp|P0CB39|EPTC_ECOLI	SINGLE	3	88	570	35	1.169e-04	{Y}
sp|P0CB39|EPTC_ECOLI	SINGLE	4	34	74	9	1.195e-04	{I}
sp|P0CB39|EPTC_ECOLI	SINGLE	5	261	366	17	1.935e-04	{T}
sp|P0CB39|EPTC_ECOLI	SINGLE	6	314	353	6	1.947e-04	{M}
sp|P0CB39|EPTC_ECOLI	SINGLE	7	11	313	46	2.539e-04	{L}
sp|P0CB39|EPTC_ECOLI	SINGLE	8	71	85	6	5.574e-04	{A}
sp|P0CB39|EPTC_ECOLI	MULTIPLE	1	274	359	44	3.516e-10	{NQYTM}
sp|P0CB39|EPTC_ECOLI	WHOLE	1	1	577	38	3.688e-04	{Y}
sp|P0CE44|UIDB_ECOLI	SINGLE	1	38	357	41	1.570e-05	{V}
sp|P0CE44|UIDB_ECOLI	SINGLE	2	377	455	13	9.543e-05	{I}
sp|P0CE44|UIDB_ECOLI	SINGLE	3	19	64	12	1.307e-04	{A}
sp|P0CE44|UIDB_ECOLI	SINGLE	4	22	97	11	1.398e-04	{F}
sp|P0CE44|UIDB_ECOLI	SINGLE	5	217	326	22	2.495e-04	{L}
sp|P0CE44|UIDB_ECOLI	MULTIPLE	1	18	345	146	1.496e-11	{VAFL}
sp|P0CE44|UIDB_ECOLI	WHOLE	1	1	457	50	1.141e-04	{V}
sp|P0CF88|INSI1_ECOLI	SINGLE	1	42	264	37	3.817e-11	{R}
sp|P0CF88|INSI1_ECOLI	SINGLE	2	182	201	6	3.056e-06	{H}
sp|P0CF88|INSI1_ECOLI	SINGLE	3	124	139	7	2.677e-04	{L}
sp|P0CF88|INSI1_ECOLI	MULTIPLE	1	50	264	47	1.629e-12	{RH}
sp|P0CF88|INSI1_ECOLI	WHOLE	1	1	383	47	3.407e-09	{R}
sp|P0CK95|ACFD_ECOLI	SINGLE	1	36	88	23	3.680e-17	{P}
sp|P0CK95|ACFD_ECOLI	SINGLE	2	170	1470	105	6.645e-10	{N}
sp|P0CK95|ACFD_ECOLI	SINGLE	3	35	137	18	4.365e-05	{T}
sp|P0CK95|ACFD_ECOLI	SINGLE	4	277	345	14	1.127e-04	{G}
sp|P0CK95|ACFD_ECOLI	SINGLE	5	139	203	14	1.377e-04	{S}
sp|P0CK95|ACFD_ECOLI	SINGLE	6	23	43	7	2.506e-04	{G}
sp|P0CK95|ACFD_ECOLI	SINGLE	7	57	85	8	3.334e-04	{E}
sp|P0CK95|ACFD_ECOLI	SINGLE	8	1008	1037	5	4.045e-04	{M}
sp|P0CK95|ACFD_ECOLI	SINGLE	9	29	44	6	5.323e-04	{S}
sp|P0CK95|ACFD_ECOLI	SINGLE	10	798	864	12	5.571e-04	{K}
sp|P0CK95|ACFD_ECOLI	SINGLE	11	766	1028	21	6.592e-04	{Y}
sp|P0CK95|ACFD_ECOLI	SINGLE	12	588	847	27	7.733e-04	{D}
sp|P0CK95|ACFD_ECOLI	SINGLE	13	229	248	6	8.986e-04	{T}
sp|P0CK95|ACFD_ECOLI	MULTIPLE	1	46	86	29	4.719e-19	{PE}
sp|P0CK95|ACFD_ECOLI	MULTIPLE	2	19	137	34	2.733e-06	{TG}
sp|P0CK95|ACFD_ECOLI	MULTIPLE	3	588	1028	63	2.016e-04	{YD}
sp|P0CK95|ACFD_ECOLI	WHOLE	1	1	1520	112	2.326e-08	{N}
sp|P0DP21|YJIP_ECOLI	SINGLE	1	2	23	7	2.300e-04	{T}
sp|P0DP70|PHNE2_ECOLI	SINGLE	1	73	90	6	6.921e-04	{G}
sp|P0DP89|ILVGP_ECOLI	SINGLE	1	50	320	42	1.054e-05	{A}
sp|P0DP89|ILVGP_ECOLI	SINGLE	2	15	81	13	2.987e-04	{G}
sp|P0DP89|ILVGP_ECOLI	MULTIPLE	1	10	320	77	6.065e-07	{AG}
sp|P0DP89|ILVGP_ECOLI	WHOLE	1	1	327	47	2.323e-05	{A}
sp|P0DXX6|XTPA_ECOLI	SINGLE	1	11	53	8	7.210e-04	{R}
sp|P10371|HIS4_ECOLI	SINGLE	1	69	224	28	6.540e-07	{V}
sp|P10371|HIS4_ECOLI	SINGLE	2	203	231	8	3.794e-04	{G}
sp|P10371|HIS4_ECOLI	MULTIPLE	1	69	225	49	2.213e-09	{VG}
sp|P10371|HIS4_ECOLI	WHOLE	1	1	245	33	3.542e-05	{V}
sp|P10423|IAP_ECOLI	SINGLE	1	318	332	5	4.635e-04	{R}
sp|P10423|IAP_ECOLI	SINGLE	2	184	311	14	8.751e-04	{N}
sp|P10805|ENVY_ECOLI	SINGLE	1	23	73	12	1.170e-06	{N}
sp|P11072|LIT_ECOLI	SINGLE	1	155	169	4	2.419e-04	{H}
sp|P11072|LIT_ECOLI	SINGLE	2	87	132	10	3.333e-04	{K}
sp|P11446|ARGC_ECOLI	SINGLE	1	248	262	5	2.936e-04	{Q}
sp|P11446|ARGC_ECOLI	SINGLE	2	79	328	34	6.120e-04	{A}
sp|P11446|ARGC_ECOLI	SINGLE	3	212	231	4	7.691e-04	{H}
sp|P11446|ARGC_ECOLI	MULTIPLE	1	79	331	59	4.481e-05	{QAH}
sp|P11875|SYR_ECOLI	SINGLE	1	5	527	63	2.062e-04	{A}
sp|P11875|SYR_ECOLI	SINGLE	2	174	208	9	2.548e-04	{E}
sp|P11875|SYR_ECOLI	SINGLE	3	311	336	6	3.065e-04	{Y}
sp|P11875|SYR_ECOLI	MULTIPLE	1	9	513	102	7.338e-05	{AE}
sp|P11875|SYR_ECOLI	WHOLE	1	1	577	66	5.372e-04	{A}
sp|P11988|BGLB_ECOLI	SINGLE	1	311	325	5	2.875e-04	{N}
sp|P11988|BGLB_ECOLI	SINGLE	2	148	214	7	5.422e-04	{H}
sp|P11988|BGLB_ECOLI	SINGLE	3	368	434	11	8.192e-04	{D}
sp|P11989|BGLG_ECOLI	SINGLE	1	84	256	21	1.531e-05	{Q}
sp|P11989|BGLG_ECOLI	SINGLE	2	247	271	7	1.370e-04	{I}
sp|P11989|BGLG_ECOLI	SINGLE	3	159	183	5	1.683e-04	{M}
sp|P11989|BGLG_ECOLI	SINGLE	4	12	26	6	2.045e-04	{V}
sp|P11989|BGLG_ECOLI	SINGLE	5	52	217	29	3.274e-04	{L}
sp|P11989|BGLG_ECOLI	MULTIPLE	1	57	271	79	2.285e-08	{QIML}
sp|P11989|BGLG_ECOLI	WHOLE	1	1	278	25	2.991e-04	{Q}
sp|P11989|BGLG_ECOLI	WHOLE	2	1	278	26	7.877e-04	{I}
sp|P12999|BIOC_ECOLI	SINGLE	1	8	36	11	5.474e-06	{A}
sp|P12999|BIOC_ECOLI	SINGLE	2	220	234	6	2.215e-05	{Q}
sp|P12999|BIOC_ECOLI	SINGLE	3	19	210	13	2.479e-04	{H}
sp|P12999|BIOC_ECOLI	MULTIPLE	1	2	210	44	1.037e-06	{AH}
sp|P12999|BIOC_ECOLI	WHOLE	1	1	251	14	9.212e-04	{H}
sp|P13024|FDHE_ECOLI	SINGLE	1	190	258	8	1.343e-05	{C}
sp|P13024|FDHE_ECOLI	SINGLE	2	57	181	22	1.782e-04	{A}
sp|P13024|FDHE_ECOLI	SINGLE	3	140	154	6	3.585e-04	{S}
sp|P13024|FDHE_ECOLI	SINGLE	4	244	286	9	4.094e-04	{D}
sp|P13024|FDHE_ECOLI	SINGLE	5	28	42	5	4.635e-04	{R}
sp|P13024|FDHE_ECOLI	SINGLE	6	25	144	22	7.869e-04	{L}
sp|P13024|FDHE_ECOLI	MULTIPLE	1	25	181	49	5.530e-06	{AL}
sp|P15082|SRLR_ECOLI	SINGLE	1	145	170	6	3.705e-04	{F}
sp|P15286|FLK_ECOLI	SINGLE	1	3	293	37	4.502e-09	{Q}
sp|P15286|FLK_ECOLI	SINGLE	2	37	329	52	1.973e-06	{L}
sp|P15286|FLK_ECOLI	SINGLE	3	4	21	7	9.109e-06	{P}
sp|P15286|FLK_ECOLI	SINGLE	4	287	301	5	4.135e-04	{P}
sp|P15286|FLK_ECOLI	SINGLE	5	292	309	4	5.076e-04	{M}
sp|P15286|FLK_ECOLI	SINGLE	6	7	25	6	9.446e-04	{G}
sp|P15286|FLK_ECOLI	MULTIPLE	1	3	329	118	9.547e-15	{QLP}
sp|P15286|FLK_ECOLI	MULTIPLE	2	287	313	10	5.743e-06	{PM}
sp|P15286|FLK_ECOLI	WHOLE	1	1	331	38	4.259e-08	{Q}
sp|P15286|FLK_ECOLI	WHOLE	2	1	331	54	1.426e-05	{L}
sp|P15639|PUR9_ECOLI	SINGLE	1	137	518	59	2.876e-07	{A}
sp|P15639|PUR9_ECOLI	WHOLE	1	1	529	70	6.594e-06	{A}
sp|P15977|MALQ_ECOLI	SINGLE	1	208	458	16	1.260e-06	{W}
sp|P15977|MALQ_ECOLI	SINGLE	2	229	363	18	1.707e-05	{Q}
sp|P15977|MALQ_ECOLI	SINGLE	3	402	420	6	1.511e-04	{P}
sp|P15977|MALQ_ECOLI	SINGLE	4	549	641	20	1.750e-04	{L}
sp|P15977|MALQ_ECOLI	SINGLE	5	49	70	7	3.023e-04	{V}
sp|P15977|MALQ_ECOLI	SINGLE	6	244	303	13	4.708e-04	{A}
sp|P15977|MALQ_ECOLI	MULTIPLE	1	238	363	42	1.092e-08	{WQA}
sp|P15977|MALQ_ECOLI	WHOLE	1	1	694	22	5.471e-04	{W}
sp|P16525|TUS_ECOLI	SINGLE	1	27	182	14	7.598e-06	{H}
sp|P16525|TUS_ECOLI	WHOLE	1	1	309	17	3.480e-04	{H}
sp|P16677|PHNC_ECOLI	SINGLE	1	129	170	9	5.536e-05	{Q}
sp|P16677|PHNC_ECOLI	SINGLE	2	69	85	6	8.712e-05	{R}
sp|P16677|PHNC_ECOLI	SINGLE	3	15	29	4	2.419e-04	{H}
sp|P16682|PHND_ECOLI	SINGLE	1	126	204	14	5.424e-06	{N}
sp|P16682|PHND_ECOLI	SINGLE	2	207	261	11	3.629e-04	{K}
sp|P16682|PHND_ECOLI	WHOLE	1	1	338	27	9.149e-04	{N}
sp|P16689|PHNM_ECOLI	SINGLE	1	202	338	26	1.462e-05	{A}
sp|P16689|PHNM_ECOLI	SINGLE	2	55	369	18	1.574e-04	{H}
sp|P16689|PHNM_ECOLI	SINGLE	3	169	209	8	2.740e-04	{Q}
sp|P16689|PHNM_ECOLI	SINGLE	4	178	196	5	5.171e-04	{Y}
sp|P16689|PHNM_ECOLI	MULTIPLE	1	191	242	22	7.323e-07	{AHQ}
sp|P16690|PHNN_ECOLI	SINGLE	1	126	149	7	8.692e-05	{R}
sp|P16701|CYST_ECOLI	SINGLE	1	15	39	11	4.612e-06	{L}
sp|P16701|CYST_ECOLI	SINGLE	2	161	175	6	2.062e-04	{E}
sp|P16701|CYST_ECOLI	SINGLE	3	34	255	32	3.342e-04	{A}
sp|P16701|CYST_ECOLI	SINGLE	4	68	270	18	7.020e-04	{F}
sp|P16701|CYST_ECOLI	MULTIPLE	1	10	270	95	3.946e-09	{LAF}
sp|P16701|CYST_ECOLI	WHOLE	1	1	277	43	2.437e-04	{L}
sp|P17334|PTQC_ECOLI	SINGLE	1	149	387	35	7.283e-09	{I}
sp|P17334|PTQC_ECOLI	SINGLE	2	98	449	50	1.839e-05	{A}
sp|P17334|PTQC_ECOLI	SINGLE	3	78	92	6	2.293e-04	{G}
sp|P17334|PTQC_ECOLI	SINGLE	4	335	393	10	2.975e-04	{P}
sp|P17334|PTQC_ECOLI	SINGLE	5	45	61	5	3.504e-04	{F}
sp|P17334|PTQC_ECOLI	MULTIPLE	1	93	449	91	3.771e-11	{IA}
sp|P17334|PTQC_ECOLI	WHOLE	1	1	452	49	1.770e-07	{I}
sp|P17334|PTQC_ECOLI	WHOLE	2	1	452	56	2.156e-04	{A}
sp|P17583|CYNX_ECOLI	SINGLE	1	2	309	60	1.417e-08	{L}
sp|P17583|CYNX_ECOLI	SINGLE	2	145	173	7	1.829e-07	{W}
sp|P17583|CYNX_ECOLI	SINGLE	3	29	336	44	4.555e-05	{A}
sp|P17583|CYNX_ECOLI	SINGLE	4	125	139	6	2.293e-04	{G}
sp|P17583|CYNX_ECOLI	SINGLE	5	185	200	6	2.398e-04	{T}
sp|P17583|CYNX_ECOLI	SINGLE	6	240	291	6	7.926e-04	{M}
sp|P17583|CYNX_ECOLI	MULTIPLE	1	1	338	170	2.170e-19	{LWAGM}
sp|P17583|CYNX_ECOLI	WHOLE	1	1	384	68	7.766e-08	{L}
sp|P17583|CYNX_ECOLI	WHOLE	2	1	384	16	1.829e-04	{W}
sp|P17583|CYNX_ECOLI	WHOLE	3	1	384	48	4.321e-04	{A}
sp|P18393|YBDZ_ECOLI	SINGLE	1	21	72	12	1.526e-06	{Q}
sp|P18393|YBDZ_ECOLI	WHOLE	1	1	72	13	9.791e-06	{Q}
sp|P18811|MALI_ECOLI	SINGLE	1	2	341	45	1.993e-04	{A}
sp|P18811|MALI_ECOLI	SINGLE	2	29	131	17	2.914e-04	{G}
sp|P18811|MALI_ECOLI	SINGLE	3	288	305	6	4.891e-04	{T}
sp|P18811|MALI_ECOLI	MULTIPLE	1	13	315	70	1.898e-05	{AG}
sp|P18811|MALI_ECOLI	WHOLE	1	1	342	45	2.241e-04	{A}
sp|P19317|NARW_ECOLI	SINGLE	1	4	162	36	2.267e-07	{L}
sp|P19317|NARW_ECOLI	SINGLE	2	159	173	6	3.585e-04	{S}
sp|P19317|NARW_ECOLI	WHOLE	1	1	231	38	1.710e-04	{L}
sp|P19769|INSK_ECOLI	SINGLE	1	46	120	12	1.732e-04	{R}
sp|P19930|HYAD_ECOLI	SINGLE	1	138	155	8	2.760e-05	{A}
sp|P19930|HYAD_ECOLI	SINGLE	2	49	153	21	3.345e-04	{L}
sp|P19930|HYAD_ECOLI	MULTIPLE	1	49	155	39	7.858e-07	{AL}
sp|P21367|YCAC_ECOLI	SINGLE	1	64	85	6	3.601e-04	{P}
sp|P21367|YCAC_ECOLI	SINGLE	2	113	136	7	5.364e-04	{V}
sp|P21420|NMPC_ECOLI	SINGLE	1	54	209	26	8.764e-06	{G}
sp|P21420|NMPC_ECOLI	SINGLE	2	7	24	8	2.760e-05	{A}
sp|P21420|NMPC_ECOLI	SINGLE	3	30	355	34	1.918e-04	{D}
sp|P21420|NMPC_ECOLI	SINGLE	4	46	289	21	4.118e-04	{F}
sp|P21420|NMPC_ECOLI	SINGLE	5	27	335	24	4.405e-04	{Y}
sp|P21420|NMPC_ECOLI	SINGLE	6	139	156	6	4.891e-04	{T}
sp|P21420|NMPC_ECOLI	MULTIPLE	1	45	346	134	2.936e-12	{GDFYT}
sp|P21515|ACPH_ECOLI	SINGLE	1	46	190	19	4.856e-05	{R}
sp|P21515|ACPH_ECOLI	SINGLE	2	4	22	7	8.828e-04	{L}
sp|P21515|ACPH_ECOLI	SINGLE	3	157	171	5	9.005e-04	{D}
sp|P21515|ACPH_ECOLI	MULTIPLE	1	46	183	31	1.667e-05	{RD}
sp|P21515|ACPH_ECOLI	WHOLE	1	1	193	20	6.334e-04	{R}
sp|P21893|RECJ_ECOLI	SINGLE	1	198	530	53	3.183e-05	{L}
sp|P21893|RECJ_ECOLI	SINGLE	2	8	43	8	2.122e-04	{R}
sp|P21893|RECJ_ECOLI	SINGLE	3	356	532	24	4.049e-04	{G}
sp|P21893|RECJ_ECOLI	SINGLE	4	125	324	29	5.351e-04	{A}
sp|P21893|RECJ_ECOLI	SINGLE	5	143	162	4	7.691e-04	{H}
sp|P21893|RECJ_ECOLI	MULTIPLE	1	125	534	156	1.762e-08	{LGAH}
sp|P21893|RECJ_ECOLI	WHOLE	1	1	577	78	1.608e-04	{L}
sp|P23839|YICC_ECOLI	SINGLE	1	12	287	38	6.597e-06	{E}
sp|P23839|YICC_ECOLI	SINGLE	2	3	67	13	8.939e-06	{R}
sp|P23839|YICC_ECOLI	SINGLE	3	117	133	7	1.565e-04	{A}
sp|P23839|YICC_ECOLI	MULTIPLE	1	10	287	63	3.181e-08	{ER}
sp|P23839|YICC_ECOLI	WHOLE	1	1	287	38	1.550e-05	{E}
sp|P23839|YICC_ECOLI	WHOLE	2	1	287	26	8.266e-04	{R}
sp|P23841|XAPR_ECOLI	SINGLE	1	3	153	21	8.560e-06	{R}
sp|P23841|XAPR_ECOLI	SINGLE	2	108	139	6	5.484e-05	{M}
sp|P23841|XAPR_ECOLI	SINGLE	3	214	238	7	6.967e-04	{V}
sp|P23841|XAPR_ECOLI	MULTIPLE	1	1	154	31	5.914e-08	{RM}
sp|P23841|XAPR_ECOLI	WHOLE	1	1	294	16	5.579e-04	{M}
sp|P23841|XAPR_ECOLI	WHOLE	2	1	294	27	5.640e-04	{R}
sp|P23842|PDEA_ECOLI	SINGLE	1	16	585	103	1.951e-11	{L}
sp|P23842|PDEA_ECOLI	SINGLE	2	2	301	30	2.122e-06	{F}
sp|P23842|PDEA_ECOLI	SINGLE	3	702	717	6	3.390e-05	{Q}
sp|P23842|PDEA_ECOLI	SINGLE	4	589	683	15	4.772e-05	{I}
sp|P23842|PDEA_ECOLI	SINGLE	5	8	58	10	1.364e-04	{I}
sp|P23842|PDEA_ECOLI	SINGLE	6	46	127	7	2.009e-04	{W}
sp|P23842|PDEA_ECOLI	MULTIPLE	1	7	585	157	2.504e-15	{LFW}
sp|P23842|PDEA_ECOLI	WHOLE	1	1	729	118	7.878e-10	{L}
sp|P23842|PDEA_ECOLI	WHOLE	2	1	729	45	8.751e-04	{F}
sp|P23910|ARAJ_ECOLI	SINGLE	1	226	253	7	1.744e-06	{M}
sp|P23910|ARAJ_ECOLI	SINGLE	2	154	304	19	5.845e-06	{F}
sp|P23910|ARAJ_ECOLI	SINGLE	3	243	374	28	1.510e-05	{L}
sp|P23910|ARAJ_ECOLI	SINGLE	4	320	351	10	2.341e-05	{G}
sp|P23910|ARAJ_ECOLI	SINGLE	5	296	390	19	8.936e-05	{A}
sp|P23910|ARAJ_ECOLI	SINGLE	6	11	147	20	4.565e-04	{G}
sp|P23910|ARAJ_ECOLI	MULTIPLE	1	203	376	103	5.939e-16	{MFLGA}
sp|P23910|ARAJ_ECOLI	WHOLE	1	1	394	22	4.735e-05	{M}
sp|P23910|ARAJ_ECOLI	WHOLE	2	1	394	57	1.978e-04	{L}
sp|P23910|ARAJ_ECOLI	WHOLE	3	1	394	44	2.586e-04	{G}
sp|P23910|ARAJ_ECOLI	WHOLE	4	1	394	49	4.271e-04	{A}
sp|P23910|ARAJ_ECOLI	WHOLE	5	1	394	29	5.178e-04	{F}
sp|P24174|MANC_ECOLI	SINGLE	1	87	141	17	4.899e-07	{A}
sp|P24174|MANC_ECOLI	SINGLE	2	257	419	29	5.088e-07	{V}
sp|P24174|MANC_ECOLI	SINGLE	3	361	409	7	7.964e-05	{H}
sp|P24174|MANC_ECOLI	MULTIPLE	1	257	419	39	3.260e-09	{VH}
sp|P24174|MANC_ECOLI	WHOLE	1	1	478	52	9.832e-05	{V}
sp|P24175|MANB_ECOLI	SINGLE	1	14	327	37	2.702e-04	{G}
sp|P24175|MANB_ECOLI	SINGLE	2	244	260	5	3.504e-04	{F}
sp|P24175|MANB_ECOLI	SINGLE	3	209	223	5	4.135e-04	{P}
sp|P24175|MANB_ECOLI	SINGLE	4	227	255	7	7.282e-04	{D}
sp|P24175|MANB_ECOLI	MULTIPLE	1	11	327	63	2.994e-05	{GD}
sp|P24181|ACRF_ECOLI	SINGLE	1	104	125	8	2.126e-06	{Q}
sp|P24181|ACRF_ECOLI	SINGLE	2	32	1027	100	5.411e-06	{V}
sp|P24181|ACRF_ECOLI	SINGLE	3	321	1010	32	4.284e-05	{M}
sp|P24181|ACRF_ECOLI	SINGLE	4	993	1009	7	5.515e-05	{G}
sp|P24181|ACRF_ECOLI	SINGLE	5	286	311	9	8.726e-05	{A}
sp|P24181|ACRF_ECOLI	SINGLE	6	1018	1032	5	1.842e-04	{F}
sp|P24181|ACRF_ECOLI	SINGLE	7	12	54	11	2.901e-04	{A}
sp|P24181|ACRF_ECOLI	SINGLE	8	316	681	28	3.623e-04	{F}
sp|P24181|ACRF_ECOLI	SINGLE	9	885	988	20	7.276e-04	{L}
sp|P24181|ACRF_ECOLI	MULTIPLE	1	11	1027	492	6.944e-16	{VMGAFL}
sp|P24181|ACRF_ECOLI	WHOLE	1	1	1034	101	1.391e-05	{V}
sp|P24181|ACRF_ECOLI	WHOLE	2	1	1034	40	2.300e-04	{M}
sp|P24181|ACRF_ECOLI	WHOLE	3	1	1034	108	4.791e-04	{A}
sp|P24200|MCRA_ECOLI	SINGLE	1	52	68	6	4.421e-04	{V}
sp|P24200|MCRA_ECOLI	SINGLE	2	207	251	5	6.721e-04	{C}
sp|P24202|MRR_ECOLI	SINGLE	1	183	204	9	5.048e-06	{G}
sp|P24202|MRR_ECOLI	SINGLE	2	119	209	16	2.974e-05	{D}
sp|P24202|MRR_ECOLI	SINGLE	3	18	36	8	4.395e-05	{A}
sp|P24218|INTD_ECOLI	SINGLE	1	20	296	40	3.767e-07	{K}
sp|P24218|INTD_ECOLI	SINGLE	2	10	340	15	1.200e-04	{W}
sp|P24218|INTD_ECOLI	SINGLE	3	5	317	30	1.572e-04	{R}
sp|P24218|INTD_ECOLI	SINGLE	4	266	377	9	6.301e-04	{H}
sp|P24218|INTD_ECOLI	MULTIPLE	1	5	323	84	1.035e-11	{KWR}
sp|P24218|INTD_ECOLI	WHOLE	1	1	387	43	8.318e-05	{K}
sp|P24218|INTD_ECOLI	WHOLE	2	1	387	33	5.623e-04	{R}
sp|P24218|INTD_ECOLI	WHOLE	3	1	387	15	5.649e-04	{W}
sp|P24240|ASCB_ECOLI	SINGLE	1	53	196	16	1.245e-04	{F}
sp|P24240|ASCB_ECOLI	SINGLE	2	321	336	5	4.001e-04	{N}
sp|P24241|PTIBC_ECOLI	SINGLE	1	13	398	44	1.801e-07	{I}
sp|P24241|PTIBC_ECOLI	SINGLE	2	166	468	49	6.889e-07	{A}
sp|P24241|PTIBC_ECOLI	SINGLE	3	114	440	19	8.756e-05	{M}
sp|P24241|PTIBC_ECOLI	SINGLE	4	1	15	6	5.574e-04	{A}
sp|P24241|PTIBC_ECOLI	MULTIPLE	1	102	443	107	1.312e-14	{IAM}
sp|P24241|PTIBC_ECOLI	WHOLE	1	1	485	47	5.743e-06	{I}
sp|P24241|PTIBC_ECOLI	WHOLE	2	1	485	65	8.711e-06	{A}
sp|P24241|PTIBC_ECOLI	WHOLE	3	1	485	22	6.812e-04	{M}
sp|P24242|ASCG_ECOLI	SINGLE	1	170	287	21	2.094e-04	{A}
sp|P24242|ASCG_ECOLI	SINGLE	2	273	307	8	2.097e-04	{I}
sp|P24242|ASCG_ECOLI	SINGLE	3	121	144	6	7.779e-04	{I}
sp|P24242|ASCG_ECOLI	MULTIPLE	1	170	307	35	2.723e-05	{AI}
sp|P24244|APPX_ECOLI	SINGLE	1	4	28	9	2.059e-04	{L}
sp|P24244|APPX_ECOLI	WHOLE	1	1	30	9	8.903e-04	{L}
sp|P25549|ASLA_ECOLI	SINGLE	1	13	33	9	1.235e-05	{A}
sp|P25549|ASLA_ECOLI	SINGLE	2	97	111	6	2.293e-04	{G}
sp|P25549|ASLA_ECOLI	SINGLE	3	69	85	6	3.418e-04	{K}
sp|P25549|ASLA_ECOLI	SINGLE	4	88	110	7	4.064e-04	{V}
sp|P25549|ASLA_ECOLI	SINGLE	5	122	137	6	5.323e-04	{S}
sp|P25549|ASLA_ECOLI	SINGLE	6	205	290	13	6.488e-04	{D}
sp|P25549|ASLA_ECOLI	MULTIPLE	1	88	111	13	1.814e-06	{GV}
sp|P25741|WAAP_ECOLI	SINGLE	1	137	262	17	8.054e-05	{R}
sp|P25741|WAAP_ECOLI	SINGLE	2	154	171	4	5.076e-04	{H}
sp|P25741|WAAP_ECOLI	MULTIPLE	1	137	262	22	3.973e-05	{RH}
sp|P25741|WAAP_ECOLI	WHOLE	1	1	265	26	2.769e-04	{R}
sp|P25744|MDTG_ECOLI	SINGLE	1	16	336	60	6.302e-08	{L}
sp|P25744|MDTG_ECOLI	SINGLE	2	75	170	18	3.973e-05	{G}
sp|P25744|MDTG_ECOLI	SINGLE	3	175	197	6	1.831e-04	{F}
sp|P25744|MDTG_ECOLI	SINGLE	4	86	101	4	3.155e-04	{M}
sp|P25744|MDTG_ECOLI	SINGLE	5	230	303	11	7.239e-04	{I}
sp|P25744|MDTG_ECOLI	MULTIPLE	1	21	336	144	4.496e-13	{LGFMI}
sp|P25744|MDTG_ECOLI	WHOLE	1	1	408	64	9.474e-06	{L}
sp|P25748|GALS_ECOLI	SINGLE	1	7	92	17	2.494e-05	{V}
sp|P25748|GALS_ECOLI	SINGLE	2	8	345	48	2.610e-05	{A}
sp|P25748|GALS_ECOLI	SINGLE	3	261	277	6	1.019e-04	{I}
sp|P25748|GALS_ECOLI	SINGLE	4	135	248	9	7.116e-04	{M}
sp|P25748|GALS_ECOLI	MULTIPLE	1	1	338	112	2.040e-07	{VAIM}
sp|P25748|GALS_ECOLI	WHOLE	1	1	346	48	4.539e-05	{A}
sp|P25772|LIGB_ECOLI	SINGLE	1	4	549	29	5.692e-09	{W}
sp|P25772|LIGB_ECOLI	SINGLE	2	15	554	45	1.542e-05	{Q}
sp|P25772|LIGB_ECOLI	SINGLE	3	254	351	18	3.997e-05	{V}
sp|P25772|LIGB_ECOLI	SINGLE	4	83	113	5	4.717e-04	{M}
sp|P25772|LIGB_ECOLI	MULTIPLE	1	4	554	74	1.917e-11	{WQ}
sp|P25772|LIGB_ECOLI	WHOLE	1	1	560	29	9.637e-09	{W}
sp|P25772|LIGB_ECOLI	WHOLE	2	1	560	45	3.497e-05	{Q}
sp|P25960|LEP4_ECOLI	SINGLE	1	4	220	40	1.033e-05	{L}
sp|P25960|LEP4_ECOLI	SINGLE	2	139	171	5	1.145e-04	{W}
sp|P25960|LEP4_ECOLI	SINGLE	3	62	79	7	2.360e-04	{A}
sp|P25960|LEP4_ECOLI	SINGLE	4	130	187	12	2.741e-04	{G}
sp|P25960|LEP4_ECOLI	MULTIPLE	1	57	189	64	6.252e-09	{LWAG}
sp|P25960|LEP4_ECOLI	WHOLE	1	1	225	40	2.349e-05	{L}
sp|P26266|FEPE_ECOLI	SINGLE	1	84	338	29	6.338e-04	{K}
sp|P26365|AMIB_ECOLI	SINGLE	1	130	160	12	6.120e-09	{P}
sp|P26365|AMIB_ECOLI	SINGLE	2	198	212	7	2.093e-05	{G}
sp|P26365|AMIB_ECOLI	SINGLE	3	99	153	12	1.368e-04	{V}
sp|P26365|AMIB_ECOLI	SINGLE	4	428	442	6	1.598e-04	{T}
sp|P26365|AMIB_ECOLI	SINGLE	5	192	222	7	5.531e-04	{I}
sp|P26365|AMIB_ECOLI	SINGLE	6	163	188	7	6.865e-04	{T}
sp|P26365|AMIB_ECOLI	MULTIPLE	1	121	153	19	1.257e-10	{PV}
sp|P26365|AMIB_ECOLI	MULTIPLE	2	189	222	15	1.582e-06	{GI}
sp|P26612|AMY2_ECOLI	SINGLE	1	57	206	22	2.147e-05	{D}
sp|P26612|AMY2_ECOLI	SINGLE	2	138	267	8	6.318e-04	{W}
sp|P26612|AMY2_ECOLI	MULTIPLE	1	57	248	31	8.650e-06	{DW}
sp|P26612|AMY2_ECOLI	WHOLE	1	1	495	44	7.312e-04	{D}
sp|P27111|CYNR_ECOLI	SINGLE	1	155	268	23	1.638e-04	{L}
sp|P27111|CYNR_ECOLI	SINGLE	2	11	291	39	1.932e-04	{A}
sp|P27111|CYNR_ECOLI	SINGLE	3	172	214	6	2.895e-04	{H}
sp|P27111|CYNR_ECOLI	MULTIPLE	1	10	287	91	3.399e-08	{LAH}
sp|P27111|CYNR_ECOLI	WHOLE	1	1	299	39	5.967e-04	{A}
sp|P27126|WAAS_ECOLI	SINGLE	1	3	268	40	3.120e-10	{I}
sp|P27126|WAAS_ECOLI	SINGLE	2	21	44	10	6.525e-07	{K}
sp|P27126|WAAS_ECOLI	SINGLE	3	28	253	27	1.394e-06	{N}
sp|P27126|WAAS_ECOLI	MULTIPLE	1	15	253	92	3.229e-18	{IKN}
sp|P27126|WAAS_ECOLI	WHOLE	1	1	311	43	9.840e-10	{I}
sp|P27126|WAAS_ECOLI	WHOLE	2	1	311	29	5.777e-05	{N}
sp|P27126|WAAS_ECOLI	WHOLE	3	1	311	35	2.552e-04	{K}
sp|P27127|WAAB_ECOLI	SINGLE	1	3	355	37	9.492e-06	{I}
sp|P27127|WAAB_ECOLI	SINGLE	2	117	135	4	6.290e-04	{H}
sp|P27127|WAAB_ECOLI	MULTIPLE	1	3	355	49	3.492e-06	{IH}
sp|P27127|WAAB_ECOLI	WHOLE	1	1	359	37	1.351e-05	{I}
sp|P27240|WAAY_ECOLI	SINGLE	1	119	205	15	1.707e-05	{I}
sp|P27240|WAAY_ECOLI	SINGLE	2	17	34	6	7.013e-05	{N}
sp|P27240|WAAY_ECOLI	SINGLE	3	174	232	11	8.080e-05	{R}
sp|P27240|WAAY_ECOLI	SINGLE	4	124	138	5	9.005e-04	{D}
sp|P27240|WAAY_ECOLI	MULTIPLE	1	119	225	36	1.270e-06	{IRD}
sp|P27240|WAAY_ECOLI	WHOLE	1	1	232	23	7.097e-04	{I}
sp|P27242|WAAU_ECOLI	SINGLE	1	14	339	38	6.519e-07	{I}
sp|P27242|WAAU_ECOLI	SINGLE	2	142	157	5	2.180e-04	{Y}
sp|P27242|WAAU_ECOLI	SINGLE	3	110	324	14	2.188e-04	{H}
sp|P27242|WAAU_ECOLI	SINGLE	4	15	89	11	2.787e-04	{N}
sp|P27242|WAAU_ECOLI	SINGLE	5	6	282	22	8.376e-04	{F}
sp|P27242|WAAU_ECOLI	MULTIPLE	1	6	329	76	1.001e-10	{IHF}
sp|P27242|WAAU_ECOLI	WHOLE	1	1	357	39	2.225e-06	{I}
sp|P27832|WECD_ECOLI	SINGLE	1	15	219	38	3.991e-07	{A}
sp|P27832|WECD_ECOLI	WHOLE	1	1	224	39	1.387e-06	{A}
sp|P27835|WZYE_ECOLI	SINGLE	1	6	416	51	4.727e-13	{F}
sp|P27835|WZYE_ECOLI	SINGLE	2	207	224	8	9.209e-07	{I}
sp|P27835|WZYE_ECOLI	SINGLE	3	3	435	64	5.232e-05	{L}
sp|P27835|WZYE_ECOLI	SINGLE	4	92	110	6	1.731e-04	{R}
sp|P27835|WZYE_ECOLI	SINGLE	5	223	366	9	2.709e-04	{W}
sp|P27835|WZYE_ECOLI	MULTIPLE	1	3	430	129	1.249e-16	{FLW}
sp|P27835|WZYE_ECOLI	WHOLE	1	1	450	52	4.261e-12	{F}
sp|P27835|WZYE_ECOLI	WHOLE	2	1	450	65	8.749e-05	{L}
sp|P27836|WECG_ECOLI	SINGLE	1	220	239	6	2.355e-04	{R}
sp|P27836|WECG_ECOLI	SINGLE	2	213	238	9	2.859e-04	{L}
sp|P27836|WECG_ECOLI	MULTIPLE	1	213	239	15	4.385e-07	{RL}
sp|P27862|YIGZ_ECOLI	SINGLE	1	68	120	15	9.694e-07	{G}
sp|P27862|YIGZ_ECOLI	SINGLE	2	176	190	6	5.574e-04	{A}
sp|P27862|YIGZ_ECOLI	SINGLE	3	34	60	8	6.718e-04	{A}
sp|P28249|ASMA_ECOLI	SINGLE	1	38	587	58	4.751e-10	{Q}
sp|P28249|ASMA_ECOLI	SINGLE	2	5	99	22	2.863e-05	{L}
sp|P28249|ASMA_ECOLI	SINGLE	3	124	215	15	1.201e-04	{D}
sp|P28249|ASMA_ECOLI	SINGLE	4	455	469	4	2.419e-04	{M}
sp|P28249|ASMA_ECOLI	SINGLE	5	292	307	5	4.001e-04	{N}
sp|P28249|ASMA_ECOLI	WHOLE	1	1	617	58	2.684e-08	{Q}
sp|P30128|GREB_ECOLI	SINGLE	1	42	63	6	4.110e-04	{R}
sp|P30130|FIMD_ECOLI	SINGLE	1	69	806	62	3.763e-07	{N}
sp|P30130|FIMD_ECOLI	SINGLE	2	654	711	16	6.249e-07	{G}
sp|P30130|FIMD_ECOLI	SINGLE	3	463	695	22	5.549e-05	{Y}
sp|P30130|FIMD_ECOLI	SINGLE	4	603	624	8	8.192e-05	{S}
sp|P30130|FIMD_ECOLI	SINGLE	5	171	435	33	2.105e-04	{G}
sp|P30130|FIMD_ECOLI	SINGLE	6	33	62	9	2.883e-04	{A}
sp|P30130|FIMD_ECOLI	SINGLE	7	858	872	5	2.936e-04	{Q}
sp|P30130|FIMD_ECOLI	SINGLE	8	225	239	6	3.585e-04	{S}
sp|P30130|FIMD_ECOLI	SINGLE	9	697	794	16	3.825e-04	{V}
sp|P30130|FIMD_ECOLI	SINGLE	10	220	249	4	9.144e-04	{W}
sp|P30130|FIMD_ECOLI	MULTIPLE	1	178	707	204	3.467e-15	{NGYSW}
sp|P30130|FIMD_ECOLI	WHOLE	1	1	878	68	1.786e-06	{N}
sp|P30130|FIMD_ECOLI	WHOLE	2	1	878	84	2.003e-04	{G}
sp|P30149|YABI_ECOLI	SINGLE	1	57	219	13	1.057e-06	{W}
sp|P30149|YABI_ECOLI	SINGLE	2	4	240	44	3.393e-06	{L}
sp|P30149|YABI_ECOLI	SINGLE	3	121	158	8	2.635e-04	{P}
sp|P30149|YABI_ECOLI	SINGLE	4	229	252	7	5.364e-04	{V}
sp|P30149|YABI_ECOLI	SINGLE	5	33	70	9	5.519e-04	{G}
sp|P30149|YABI_ECOLI	SINGLE	6	82	100	6	6.596e-04	{K}
sp|P30149|YABI_ECOLI	MULTIPLE	1	22	223	73	8.254e-11	{WLG}
sp|P30149|YABI_ECOLI	WHOLE	1	1	254	45	8.904e-06	{L}
sp|P30149|YABI_ECOLI	WHOLE	2	1	254	13	1.033e-04	{W}
sp|P30235|PSUK_ECOLI	SINGLE	1	159	174	6	3.059e-04	{V}
sp|P30235|PSUK_ECOLI	SINGLE	2	14	187	17	9.334e-04	{N}
sp|P30859|ARTI_ECOLI	SINGLE	1	7	29	8	2.057e-04	{A}
sp|P31060|MODF_ECOLI	SINGLE	1	4	456	70	6.502e-06	{L}
sp|P31060|MODF_ECOLI	SINGLE	2	257	284	7	1.297e-04	{N}
sp|P31060|MODF_ECOLI	SINGLE	3	5	241	23	1.790e-04	{Q}
sp|P31060|MODF_ECOLI	SINGLE	4	369	383	5	2.936e-04	{Q}
sp|P31060|MODF_ECOLI	MULTIPLE	1	4	456	106	4.863e-09	{LQ}
sp|P31060|MODF_ECOLI	WHOLE	1	1	490	73	1.456e-05	{L}
sp|P31060|MODF_ECOLI	WHOLE	2	1	490	36	7.857e-04	{Q}
sp|P31068|FLIH_ECOLI	SINGLE	1	42	153	26	1.588e-12	{Q}
sp|P31068|FLIH_ECOLI	SINGLE	2	27	41	7	1.843e-05	{E}
sp|P31068|FLIH_ECOLI	SINGLE	3	55	83	8	3.794e-04	{G}
sp|P31068|FLIH_ECOLI	SINGLE	4	6	28	6	4.644e-04	{P}
sp|P31068|FLIH_ECOLI	MULTIPLE	1	17	38	12	7.463e-07	{EP}
sp|P31068|FLIH_ECOLI	WHOLE	1	1	228	30	5.439e-08	{Q}
sp|P31122|SOTB_ECOLI	SINGLE	1	139	304	37	2.352e-07	{L}
sp|P31122|SOTB_ECOLI	SINGLE	2	82	383	33	1.177e-05	{I}
sp|P31122|SOTB_ECOLI	SINGLE	3	112	376	41	1.365e-05	{A}
sp|P31122|SOTB_ECOLI	SINGLE	4	255	269	6	2.293e-04	{G}
sp|P31122|SOTB_ECOLI	SINGLE	5	45	71	5	2.447e-04	{M}
sp|P31122|SOTB_ECOLI	SINGLE	6	6	111	17	3.195e-04	{V}
sp|P31122|SOTB_ECOLI	MULTIPLE	1	10	383	210	4.771e-17	{LIAGV}
sp|P31122|SOTB_ECOLI	WHOLE	1	1	396	60	4.364e-05	{L}
sp|P31122|SOTB_ECOLI	WHOLE	2	1	396	37	9.446e-05	{I}
sp|P31122|SOTB_ECOLI	WHOLE	3	1	396	50	2.795e-04	{A}
sp|P31125|EAMA_ECOLI	SINGLE	1	8	289	51	1.417e-06	{L}
sp|P31125|EAMA_ECOLI	SINGLE	2	40	108	13	2.067e-06	{F}
sp|P31125|EAMA_ECOLI	SINGLE	3	7	25	8	1.137e-05	{V}
sp|P31125|EAMA_ECOLI	SINGLE	4	160	231	12	1.525e-04	{I}
sp|P31125|EAMA_ECOLI	SINGLE	5	71	156	16	6.493e-04	{A}
sp|P31125|EAMA_ECOLI	SINGLE	6	30	218	12	7.077e-04	{M}
sp|P31125|EAMA_ECOLI	MULTIPLE	1	7	289	168	9.906e-18	{LFVIAM}
sp|P31125|EAMA_ECOLI	WHOLE	1	1	299	51	7.276e-06	{L}
sp|P31125|EAMA_ECOLI	WHOLE	2	1	299	23	9.789e-04	{F}
sp|P31126|YDEE_ECOLI	SINGLE	1	245	264	8	1.772e-05	{V}
sp|P31126|YDEE_ECOLI	SINGLE	2	21	384	34	1.686e-04	{I}
sp|P31126|YDEE_ECOLI	SINGLE	3	59	225	17	2.176e-04	{F}
sp|P31126|YDEE_ECOLI	SINGLE	4	3	381	54	3.821e-04	{L}
sp|P31126|YDEE_ECOLI	MULTIPLE	1	12	379	143	4.305e-10	{VIFL}
sp|P31126|YDEE_ECOLI	WHOLE	1	1	395	55	5.660e-04	{L}
sp|P31126|YDEE_ECOLI	WHOLE	2	1	395	34	6.446e-04	{I}
sp|P31436|SETC_ECOLI	SINGLE	1	228	385	16	3.736e-07	{M}
sp|P31436|SETC_ECOLI	SINGLE	2	238	394	24	6.492e-07	{I}
sp|P31436|SETC_ECOLI	SINGLE	3	12	334	52	2.777e-05	{L}
sp|P31436|SETC_ECOLI	SINGLE	4	19	192	18	1.218e-04	{F}
sp|P31436|SETC_ECOLI	SINGLE	5	16	31	6	8.219e-04	{A}
sp|P31436|SETC_ECOLI	MULTIPLE	1	11	391	183	7.181e-17	{MILFA}
sp|P31436|SETC_ECOLI	WHOLE	1	1	394	23	1.709e-05	{M}
sp|P31436|SETC_ECOLI	WHOLE	2	1	394	39	1.976e-05	{I}
sp|P31436|SETC_ECOLI	WHOLE	3	1	394	58	1.165e-04	{L}
sp|P31440|ADEQ_ECOLI	SINGLE	1	73	338	38	4.429e-06	{G}
sp|P31440|ADEQ_ECOLI	SINGLE	2	34	283	30	4.811e-06	{I}
sp|P31440|ADEQ_ECOLI	SINGLE	3	167	432	37	6.620e-06	{V}
sp|P31440|ADEQ_ECOLI	SINGLE	4	40	409	31	4.201e-05	{F}
sp|P31440|ADEQ_ECOLI	SINGLE	5	27	42	6	2.398e-04	{T}
sp|P31440|ADEQ_ECOLI	SINGLE	6	37	415	19	4.949e-04	{M}
sp|P31440|ADEQ_ECOLI	MULTIPLE	1	34	432	181	1.217e-20	{GIVFM}
sp|P31440|ADEQ_ECOLI	WHOLE	1	1	444	51	3.163e-05	{V}
sp|P31440|ADEQ_ECOLI	WHOLE	2	1	444	40	1.099e-04	{I}
sp|P31440|ADEQ_ECOLI	WHOLE	3	1	444	33	2.079e-04	{F}
sp|P31440|ADEQ_ECOLI	WHOLE	4	1	444	47	5.032e-04	{G}
sp|P31442|EMRD_ECOLI	SINGLE	1	9	383	67	6.844e-08	{L}
sp|P31442|EMRD_ECOLI	SINGLE	2	1	387	26	4.422e-07	{M}
sp|P31442|EMRD_ECOLI	SINGLE	3	249	330	12	6.490e-05	{F}
sp|P31442|EMRD_ECOLI	SINGLE	4	205	373	25	8.772e-05	{G}
sp|P31442|EMRD_ECOLI	SINGLE	5	261	300	5	2.857e-04	{W}
sp|P31442|EMRD_ECOLI	MULTIPLE	1	9	383	141	2.019e-16	{LMGW}
sp|P31442|EMRD_ECOLI	WHOLE	1	1	394	67	4.140e-07	{L}
sp|P31442|EMRD_ECOLI	WHOLE	2	1	394	26	6.133e-07	{M}
sp|P31442|EMRD_ECOLI	WHOLE	3	1	394	42	7.850e-04	{G}
sp|P31452|PTXC_ECOLI	SINGLE	1	133	149	7	8.304e-06	{I}
sp|P31452|PTXC_ECOLI	SINGLE	2	8	339	30	1.440e-05	{F}
sp|P31452|PTXC_ECOLI	SINGLE	3	9	365	41	2.318e-04	{G}
sp|P31452|PTXC_ECOLI	MULTIPLE	1	5	367	104	7.903e-11	{IFG}
sp|P31452|PTXC_ECOLI	WHOLE	1	1	368	31	3.820e-05	{F}
sp|P31452|PTXC_ECOLI	WHOLE	2	1	368	41	4.078e-04	{G}
sp|P31452|PTXC_ECOLI	WHOLE	3	1	368	32	7.560e-04	{I}
sp|P31459|DGOK_ECOLI	SINGLE	1	232	291	15	3.508e-05	{A}
sp|P31459|DGOK_ECOLI	SINGLE	2	163	229	15	6.548e-04	{L}
sp|P31462|MDTL_ECOLI	SINGLE	1	30	114	20	5.360e-06	{A}
sp|P31462|MDTL_ECOLI	SINGLE	2	151	172	5	8.914e-05	{M}
sp|P31462|MDTL_ECOLI	SINGLE	3	5	371	55	1.077e-04	{L}
sp|P31462|MDTL_ECOLI	SINGLE	4	376	390	4	2.419e-04	{H}
sp|P31462|MDTL_ECOLI	SINGLE	5	343	372	7	4.505e-04	{I}
sp|P31462|MDTL_ECOLI	SINGLE	6	44	320	22	8.376e-04	{F}
sp|P31462|MDTL_ECOLI	MULTIPLE	1	9	376	158	5.442e-13	{ALIF}
sp|P31462|MDTL_ECOLI	WHOLE	1	1	391	53	3.666e-05	{A}
sp|P31462|MDTL_ECOLI	WHOLE	2	1	391	55	4.565e-04	{L}
sp|P31463|YIDZ_ECOLI	SINGLE	1	8	293	50	4.524e-06	{L}
sp|P31463|YIDZ_ECOLI	SINGLE	2	68	111	7	3.967e-05	{M}
sp|P31463|YIDZ_ECOLI	MULTIPLE	1	8	293	60	1.193e-06	{LM}
sp|P31463|YIDZ_ECOLI	WHOLE	1	1	319	52	2.020e-05	{L}
sp|P31474|HSRA_ECOLI	SINGLE	1	285	448	15	2.952e-06	{M}
sp|P31474|HSRA_ECOLI	SINGLE	2	167	363	26	3.630e-06	{I}
sp|P31474|HSRA_ECOLI	SINGLE	3	25	364	57	3.977e-06	{L}
sp|P31474|HSRA_ECOLI	SINGLE	4	16	38	8	2.057e-04	{A}
sp|P31474|HSRA_ECOLI	SINGLE	5	423	453	8	3.952e-04	{T}
sp|P31474|HSRA_ECOLI	SINGLE	6	1	117	9	8.502e-04	{M}
sp|P31474|HSRA_ECOLI	MULTIPLE	1	9	453	217	1.961e-16	{MILAT}
sp|P31474|HSRA_ECOLI	WHOLE	1	1	475	26	1.550e-05	{M}
sp|P31474|HSRA_ECOLI	WHOLE	2	1	475	42	1.142e-04	{I}
sp|P31474|HSRA_ECOLI	WHOLE	3	1	475	67	1.346e-04	{L}
sp|P31548|THIQ_ECOLI	SINGLE	1	2	184	32	1.734e-04	{L}
sp|P31548|THIQ_ECOLI	SINGLE	2	106	179	10	9.803e-04	{Q}
sp|P31548|THIQ_ECOLI	MULTIPLE	1	2	184	45	2.296e-05	{LQ}
sp|P31548|THIQ_ECOLI	WHOLE	1	1	232	36	6.663e-04	{L}
sp|P31549|THIP_ECOLI	SINGLE	1	65	528	96	3.085e-14	{L}
sp|P31549|THIP_ECOLI	SINGLE	2	35	61	6	2.364e-06	{W}
sp|P31549|THIP_ECOLI	SINGLE	3	350	381	6	5.484e-05	{M}
sp|P31549|THIP_ECOLI	SINGLE	4	79	94	6	5.920e-05	{R}
sp|P31549|THIP_ECOLI	SINGLE	5	19	469	56	2.028e-04	{A}
sp|P31549|THIP_ECOLI	SINGLE	6	183	211	6	6.782e-04	{F}
sp|P31549|THIP_ECOLI	MULTIPLE	1	63	472	176	1.910e-17	{LMRA}
sp|P31549|THIP_ECOLI	WHOLE	1	1	536	103	4.659e-13	{L}
sp|P31574|FIXB_ECOLI	SINGLE	1	24	312	45	4.839e-06	{A}
sp|P31574|FIXB_ECOLI	WHOLE	1	1	313	45	3.310e-05	{A}
sp|P31600|NFRA_ECOLI	SINGLE	1	115	703	97	2.402e-12	{A}
sp|P31600|NFRA_ECOLI	SINGLE	2	140	935	71	7.818e-09	{Q}
sp|P31600|NFRA_ECOLI	SINGLE	3	15	503	78	6.994e-07	{L}
sp|P31600|NFRA_ECOLI	SINGLE	4	351	829	40	2.670e-04	{R}
sp|P31600|NFRA_ECOLI	SINGLE	5	870	955	7	2.672e-04	{W}
sp|P31600|NFRA_ECOLI	SINGLE	6	925	940	6	3.425e-04	{G}
sp|P31600|NFRA_ECOLI	SINGLE	7	453	584	8	6.959e-04	{W}
sp|P31600|NFRA_ECOLI	SINGLE	8	545	981	33	7.364e-04	{N}
sp|P31600|NFRA_ECOLI	MULTIPLE	1	158	795	301	5.012e-26	{AQLRW}
sp|P31600|NFRA_ECOLI	MULTIPLE	2	535	990	48	3.030e-05	{WN}
sp|P31600|NFRA_ECOLI	WHOLE	1	1	990	129	6.037e-09	{A}
sp|P31600|NFRA_ECOLI	WHOLE	2	1	990	77	4.324e-07	{Q}
sp|P31600|NFRA_ECOLI	WHOLE	3	1	990	70	3.495e-04	{R}
sp|P31600|NFRA_ECOLI	WHOLE	4	1	990	120	3.752e-04	{L}
sp|P31665|RPNC_ECOLI	SINGLE	1	9	110	10	6.794e-05	{H}
sp|P31665|RPNC_ECOLI	SINGLE	2	69	285	15	7.223e-05	{M}
sp|P31665|RPNC_ECOLI	SINGLE	3	175	197	9	9.992e-05	{L}
sp|P31665|RPNC_ECOLI	SINGLE	4	168	270	14	1.090e-04	{Q}
sp|P31665|RPNC_ECOLI	MULTIPLE	1	17	244	58	7.053e-07	{HML}
sp|P31665|RPNC_ECOLI	WHOLE	1	1	300	17	2.539e-04	{M}
sp|P31802|NARP_ECOLI	SINGLE	1	13	112	16	9.198e-05	{D}
sp|P31802|NARP_ECOLI	SINGLE	2	140	164	7	7.029e-04	{E}
sp|P31825|TRMN6_ECOLI	SINGLE	1	84	139	11	2.038e-05	{Q}
sp|P31825|TRMN6_ECOLI	SINGLE	2	38	85	11	7.579e-04	{A}
sp|P31826|YDDA_ECOLI	SINGLE	1	8	533	82	9.326e-07	{L}
sp|P31826|YDDA_ECOLI	SINGLE	2	51	115	8	5.211e-06	{W}
sp|P31826|YDDA_ECOLI	SINGLE	3	2	203	24	4.339e-05	{I}
sp|P31826|YDDA_ECOLI	SINGLE	4	110	127	5	3.959e-04	{Y}
sp|P31826|YDDA_ECOLI	SINGLE	5	476	530	9	8.826e-04	{R}
sp|P31826|YDDA_ECOLI	MULTIPLE	1	2	528	147	3.237e-13	{LWI}
sp|P31826|YDDA_ECOLI	WHOLE	1	1	561	84	3.274e-06	{L}
sp|P31826|YDDA_ECOLI	WHOLE	2	1	561	22	3.429e-05	{W}
sp|P31826|YDDA_ECOLI	WHOLE	3	1	561	48	8.893e-05	{I}
sp|P31828|PQQL_ECOLI	SINGLE	1	125	915	67	1.243e-07	{Q}
sp|P31828|PQQL_ECOLI	SINGLE	2	573	610	13	1.187e-06	{S}
sp|P31828|PQQL_ECOLI	SINGLE	3	334	803	62	2.094e-05	{A}
sp|P31828|PQQL_ECOLI	SINGLE	4	8	24	8	5.235e-05	{L}
sp|P31828|PQQL_ECOLI	SINGLE	5	223	642	35	1.017e-04	{N}
sp|P31828|PQQL_ECOLI	SINGLE	6	51	84	5	7.231e-04	{H}
sp|P31828|PQQL_ECOLI	MULTIPLE	1	132	915	207	6.749e-13	{QAN}
sp|P31828|PQQL_ECOLI	WHOLE	1	1	931	72	1.166e-06	{Q}
sp|P31828|PQQL_ECOLI	WHOLE	2	1	931	61	3.904e-04	{N}
sp|P32137|YIHP_ECOLI	SINGLE	1	59	393	37	1.380e-08	{F}
sp|P32137|YIHP_ECOLI	SINGLE	2	121	143	5	1.114e-04	{M}
sp|P32137|YIHP_ECOLI	SINGLE	3	23	402	44	1.252e-04	{G}
sp|P32137|YIHP_ECOLI	SINGLE	4	12	50	11	4.492e-04	{L}
sp|P32137|YIHP_ECOLI	MULTIPLE	1	12	398	146	7.393e-13	{FMGL}
sp|P32137|YIHP_ECOLI	WHOLE	1	1	461	41	7.901e-07	{F}
sp|P32152|FRVR_ECOLI	SINGLE	1	192	566	45	3.095e-08	{I}
sp|P32152|FRVR_ECOLI	SINGLE	2	2	406	68	5.420e-07	{L}
sp|P32152|FRVR_ECOLI	SINGLE	3	240	257	6	7.192e-05	{Q}
sp|P32152|FRVR_ECOLI	SINGLE	4	18	515	39	9.306e-04	{R}
sp|P32152|FRVR_ECOLI	SINGLE	5	400	418	5	9.333e-04	{N}
sp|P32152|FRVR_ECOLI	MULTIPLE	1	2	566	243	1.288e-15	{ILQRN}
sp|P32152|FRVR_ECOLI	WHOLE	1	1	582	54	4.649e-06	{I}
sp|P32152|FRVR_ECOLI	WHOLE	2	1	582	80	8.455e-05	{L}
sp|P32154|PTFLB_ECOLI	SINGLE	1	306	409	23	3.425e-06	{A}
sp|P32154|PTFLB_ECOLI	SINGLE	2	159	332	19	4.068e-05	{F}
sp|P32154|PTFLB_ECOLI	SINGLE	3	211	296	19	1.741e-04	{L}
sp|P32154|PTFLB_ECOLI	SINGLE	4	35	452	46	2.649e-04	{G}
sp|P32154|PTFLB_ECOLI	SINGLE	5	403	461	10	4.474e-04	{I}
sp|P32154|PTFLB_ECOLI	SINGLE	6	194	239	11	5.269e-04	{A}
sp|P32154|PTFLB_ECOLI	SINGLE	7	129	319	12	7.704e-04	{M}
sp|P32154|PTFLB_ECOLI	MULTIPLE	1	57	468	230	9.491e-19	{AFLGIM}
sp|P32154|PTFLB_ECOLI	WHOLE	1	1	483	64	1.403e-05	{A}
sp|P32155|PTFLA_ECOLI	SINGLE	1	129	144	5	4.085e-04	{Q}
sp|P32155|PTFLA_ECOLI	SINGLE	2	113	127	5	5.275e-04	{I}
sp|P32672|PTFC2_ECOLI	SINGLE	1	29	323	43	6.922e-07	{G}
sp|P32672|PTFC2_ECOLI	SINGLE	2	19	333	44	9.391e-07	{V}
sp|P32672|PTFC2_ECOLI	SINGLE	3	108	149	11	3.734e-06	{I}
sp|P32672|PTFC2_ECOLI	SINGLE	4	150	204	8	2.204e-05	{M}
sp|P32672|PTFC2_ECOLI	SINGLE	5	44	328	42	3.307e-05	{A}
sp|P32672|PTFC2_ECOLI	SINGLE	6	341	355	5	9.005e-04	{D}
sp|P32672|PTFC2_ECOLI	MULTIPLE	1	16	333	176	1.452e-24	{GVIMA}
sp|P32672|PTFC2_ECOLI	WHOLE	1	1	359	45	1.126e-05	{V}
sp|P32672|PTFC2_ECOLI	WHOLE	2	1	359	45	1.838e-05	{G}
sp|P32672|PTFC2_ECOLI	WHOLE	3	1	359	44	9.709e-04	{A}
sp|P32672|PTFC2_ECOLI	WHOLE	4	1	359	31	9.784e-04	{I}
sp|P32675|PFLC_ECOLI	SINGLE	1	47	86	7	2.939e-06	{C}
sp|P32675|PFLC_ECOLI	SINGLE	2	162	257	21	9.743e-05	{L}
sp|P32675|PFLC_ECOLI	SINGLE	3	8	143	16	5.555e-04	{R}
sp|P32696|PSPG_ECOLI	SINGLE	1	2	53	15	3.609e-05	{L}
sp|P32696|PSPG_ECOLI	SINGLE	2	1	44	6	3.279e-04	{M}
sp|P32696|PSPG_ECOLI	MULTIPLE	1	1	53	21	1.006e-07	{LM}
sp|P32701|PDEC_ECOLI	SINGLE	1	224	477	29	1.678e-05	{I}
sp|P32701|PDEC_ECOLI	SINGLE	2	243	286	14	1.977e-05	{L}
sp|P32701|PDEC_ECOLI	SINGLE	3	90	153	11	2.121e-05	{Y}
sp|P32701|PDEC_ECOLI	SINGLE	4	455	470	4	3.155e-04	{H}
sp|P32701|PDEC_ECOLI	SINGLE	5	15	29	5	5.275e-04	{I}
sp|P32701|PDEC_ECOLI	SINGLE	6	9	55	12	6.556e-04	{L}
sp|P32701|PDEC_ECOLI	MULTIPLE	1	235	474	70	2.490e-07	{ILH}
sp|P32701|PDEC_ECOLI	MULTIPLE	2	15	32	10	4.104e-05	{IL}
sp|P32701|PDEC_ECOLI	WHOLE	1	1	528	44	2.653e-04	{I}
sp|P32710|NRFE_ECOLI	SINGLE	1	2	412	91	2.164e-15	{L}
sp|P32710|NRFE_ECOLI	SINGLE	2	191	235	10	1.017e-09	{W}
sp|P32710|NRFE_ECOLI	SINGLE	3	386	422	11	1.285e-05	{V}
sp|P32710|NRFE_ECOLI	SINGLE	4	64	95	5	9.861e-05	{W}
sp|P32710|NRFE_ECOLI	SINGLE	5	129	157	7	2.640e-04	{P}
sp|P32710|NRFE_ECOLI	SINGLE	6	525	547	7	4.607e-04	{G}
sp|P32710|NRFE_ECOLI	SINGLE	7	472	487	5	6.419e-04	{R}
sp|P32710|NRFE_ECOLI	SINGLE	8	169	203	9	9.458e-04	{A}
sp|P32710|NRFE_ECOLI	MULTIPLE	1	2	415	159	1.781e-21	{LWA}
sp|P32710|NRFE_ECOLI	WHOLE	1	1	552	103	2.875e-12	{L}
sp|P32710|NRFE_ECOLI	WHOLE	2	1	552	25	1.031e-06	{W}
sp|P32711|NRFF_ECOLI	SINGLE	1	19	50	11	5.110e-08	{Q}
sp|P32711|NRFF_ECOLI	SINGLE	2	103	120	9	9.630e-06	{L}
sp|P32714|MDTP_ECOLI	SINGLE	1	84	323	43	1.988e-07	{A}
sp|P32714|MDTP_ECOLI	SINGLE	2	35	117	13	4.491e-05	{Q}
sp|P32714|MDTP_ECOLI	SINGLE	3	325	364	8	1.172e-04	{F}
sp|P32714|MDTP_ECOLI	SINGLE	4	368	464	14	1.592e-04	{R}
sp|P32714|MDTP_ECOLI	SINGLE	5	6	207	34	2.291e-04	{L}
sp|P32714|MDTP_ECOLI	MULTIPLE	1	5	324	122	3.950e-12	{AQL}
sp|P32714|MDTP_ECOLI	WHOLE	1	1	488	65	1.066e-05	{A}
sp|P32714|MDTP_ECOLI	WHOLE	2	1	488	38	2.173e-04	{Q}
sp|P32714|MDTP_ECOLI	WHOLE	3	1	488	65	6.490e-04	{L}
sp|P32720|ALSC_ECOLI	SINGLE	1	31	324	39	1.708e-08	{I}
sp|P32720|ALSC_ECOLI	SINGLE	2	67	312	38	7.049e-07	{G}
sp|P32720|ALSC_ECOLI	SINGLE	3	3	280	28	3.876e-06	{F}
sp|P32720|ALSC_ECOLI	SINGLE	4	235	265	9	3.743e-04	{A}
sp|P32720|ALSC_ECOLI	MULTIPLE	1	17	315	105	3.869e-17	{IGF}
sp|P32720|ALSC_ECOLI	WHOLE	1	1	326	39	2.494e-07	{I}
sp|P32720|ALSC_ECOLI	WHOLE	2	1	326	41	3.705e-05	{G}
sp|P32720|ALSC_ECOLI	WHOLE	3	1	326	28	6.123e-05	{F}
sp|P33014|TSUB_ECOLI	SINGLE	1	20	67	11	7.579e-04	{A}
sp|P33021|NUPX_ECOLI	SINGLE	1	176	416	44	8.534e-08	{A}
sp|P33021|NUPX_ECOLI	SINGLE	2	96	280	28	1.034e-07	{I}
sp|P33021|NUPX_ECOLI	SINGLE	3	3	66	13	1.554e-04	{V}
sp|P33021|NUPX_ECOLI	SINGLE	4	76	107	7	1.735e-04	{F}
sp|P33021|NUPX_ECOLI	SINGLE	5	33	374	40	1.912e-04	{G}
sp|P33021|NUPX_ECOLI	MULTIPLE	1	33	416	167	1.442e-18	{AIFG}
sp|P33021|NUPX_ECOLI	WHOLE	1	1	416	42	6.488e-06	{I}
sp|P33021|NUPX_ECOLI	WHOLE	2	1	416	58	7.968e-06	{A}
sp|P33021|NUPX_ECOLI	WHOLE	3	1	416	44	7.164e-04	{G}
sp|P33024|PSUT_ECOLI	SINGLE	1	96	387	39	1.420e-08	{I}
sp|P33024|PSUT_ECOLI	SINGLE	2	176	416	41	1.397e-06	{A}
sp|P33024|PSUT_ECOLI	SINGLE	3	76	376	26	9.716e-05	{F}
sp|P33024|PSUT_ECOLI	SINGLE	4	33	374	40	1.912e-04	{G}
sp|P33024|PSUT_ECOLI	SINGLE	5	168	208	6	2.231e-04	{M}
sp|P33024|PSUT_ECOLI	MULTIPLE	1	33	416	187	9.235e-23	{IAFGM}
sp|P33024|PSUT_ECOLI	WHOLE	1	1	416	48	3.748e-08	{I}
sp|P33024|PSUT_ECOLI	WHOLE	2	1	416	58	7.968e-06	{A}
sp|P33024|PSUT_ECOLI	WHOLE	3	1	416	30	5.786e-04	{F}
sp|P33024|PSUT_ECOLI	WHOLE	4	1	416	44	7.164e-04	{G}
sp|P33128|YADV_ECOLI	SINGLE	1	20	42	7	7.500e-04	{S}
sp|P33135|FLIR_ECOLI	SINGLE	1	132	260	38	4.542e-11	{L}
sp|P33135|FLIR_ECOLI	SINGLE	2	52	248	19	1.941e-04	{F}
sp|P33135|FLIR_ECOLI	SINGLE	3	10	26	7	4.133e-04	{L}
sp|P33135|FLIR_ECOLI	MULTIPLE	1	66	251	62	8.565e-13	{LF}
sp|P33135|FLIR_ECOLI	WHOLE	1	1	261	58	1.610e-10	{L}
sp|P33136|OPGG_ECOLI	SINGLE	1	1	15	4	2.419e-04	{M}
sp|P33136|OPGG_ECOLI	SINGLE	2	259	293	7	5.411e-04	{N}
sp|P33136|OPGG_ECOLI	SINGLE	3	180	375	20	5.684e-04	{P}
sp|P33136|OPGG_ECOLI	SINGLE	4	316	330	5	9.005e-04	{D}
sp|P33136|OPGG_ECOLI	MULTIPLE	1	258	307	15	1.665e-05	{NP}
sp|P33222|YJFC_ECOLI	SINGLE	1	175	193	4	1.994e-04	{C}
sp|P33222|YJFC_ECOLI	SINGLE	2	11	376	36	3.678e-04	{D}
sp|P33222|YJFC_ECOLI	SINGLE	3	84	285	10	7.505e-04	{W}
sp|P33222|YJFC_ECOLI	MULTIPLE	1	175	193	8	2.306e-05	{CD}
sp|P33222|YJFC_ECOLI	WHOLE	1	1	387	36	9.119e-04	{D}
sp|P33230|RCBA_ECOLI	SINGLE	1	23	50	8	1.846e-04	{K}
sp|P33234|ADIY_ECOLI	SINGLE	1	127	230	19	1.038e-04	{S}
sp|P33234|ADIY_ECOLI	SINGLE	2	33	52	6	1.341e-04	{N}
sp|P33234|ADIY_ECOLI	SINGLE	3	106	208	9	3.520e-04	{M}
sp|P33234|ADIY_ECOLI	MULTIPLE	1	105	230	30	1.057e-06	{SM}
sp|P33340|YEHA_ECOLI	SINGLE	1	1	15	6	4.406e-07	{M}
sp|P33340|YEHA_ECOLI	SINGLE	2	51	297	29	8.458e-07	{N}
sp|P33340|YEHA_ECOLI	SINGLE	3	97	148	13	4.880e-05	{S}
sp|P33340|YEHA_ECOLI	SINGLE	4	41	336	34	2.271e-04	{T}
sp|P33340|YEHA_ECOLI	MULTIPLE	1	41	330	101	1.529e-12	{NST}
sp|P33340|YEHA_ECOLI	WHOLE	1	1	344	32	2.732e-05	{N}
sp|P33340|YEHA_ECOLI	WHOLE	2	1	344	41	5.294e-04	{S}
sp|P33341|YEHB_ECOLI	SINGLE	1	146	798	56	6.857e-07	{N}
sp|P33341|YEHB_ECOLI	SINGLE	2	153	167	6	1.017e-05	{Y}
sp|P33341|YEHB_ECOLI	SINGLE	3	486	658	29	1.193e-05	{S}
sp|P33341|YEHB_ECOLI	SINGLE	4	322	542	21	7.294e-05	{Y}
sp|P33341|YEHB_ECOLI	SINGLE	5	447	480	8	3.747e-04	{D}
sp|P33341|YEHB_ECOLI	MULTIPLE	1	161	734	148	2.894e-11	{NYS}
sp|P33341|YEHB_ECOLI	WHOLE	1	1	826	63	6.252e-06	{N}
sp|P33341|YEHB_ECOLI	WHOLE	2	1	826	48	9.909e-04	{Y}
sp|P33342|YEHC_ECOLI	SINGLE	1	109	233	20	3.431e-07	{N}
sp|P33342|YEHC_ECOLI	SINGLE	2	77	131	10	1.677e-04	{P}
sp|P33342|YEHC_ECOLI	SINGLE	3	4	239	24	4.026e-04	{I}
sp|P33342|YEHC_ECOLI	MULTIPLE	1	4	239	49	4.000e-08	{NI}
sp|P33342|YEHC_ECOLI	WHOLE	1	1	239	25	2.963e-05	{N}
sp|P33342|YEHC_ECOLI	WHOLE	2	1	239	24	4.764e-04	{I}
sp|P33362|YEHZ_ECOLI	SINGLE	1	124	295	32	2.716e-06	{A}
sp|P33362|YEHZ_ECOLI	SINGLE	2	188	278	12	4.148e-04	{Q}
sp|P33362|YEHZ_ECOLI	MULTIPLE	1	124	300	47	1.006e-07	{AQ}
sp|P33362|YEHZ_ECOLI	WHOLE	1	1	305	43	7.238e-05	{A}
sp|P33369|MDTQ_ECOLI	SINGLE	1	9	452	70	1.213e-08	{A}
sp|P33369|MDTQ_ECOLI	SINGLE	2	30	467	42	1.076e-06	{Q}
sp|P33369|MDTQ_ECOLI	MULTIPLE	1	9	471	114	8.346e-14	{AQ}
sp|P33369|MDTQ_ECOLI	WHOLE	1	1	478	72	4.753e-08	{A}
sp|P33369|MDTQ_ECOLI	WHOLE	2	1	478	42	8.512e-06	{Q}
sp|P33593|NIKD_ECOLI	SINGLE	1	139	153	5	1.186e-05	{M}
sp|P33593|NIKD_ECOLI	SINGLE	2	47	131	17	1.980e-04	{A}
sp|P33593|NIKD_ECOLI	SINGLE	3	29	68	9	8.070e-04	{G}
sp|P33593|NIKD_ECOLI	MULTIPLE	1	29	131	30	6.040e-05	{AG}
sp|P33593|NIKD_ECOLI	WHOLE	1	1	254	34	7.868e-04	{A}
sp|P33594|NIKE_ECOLI	SINGLE	1	119	214	23	1.099e-05	{L}
sp|P33594|NIKE_ECOLI	SINGLE	2	10	24	5	1.186e-05	{H}
sp|P33594|NIKE_ECOLI	SINGLE	3	46	263	23	2.189e-04	{R}
sp|P33594|NIKE_ECOLI	MULTIPLE	1	43	263	58	6.587e-07	{LR}
sp|P33594|NIKE_ECOLI	WHOLE	1	1	268	41	4.250e-04	{L}
sp|P33595|SGRR_ECOLI	SINGLE	1	37	156	20	8.788e-07	{R}
sp|P33595|SGRR_ECOLI	SINGLE	2	170	192	6	7.449e-06	{H}
sp|P33595|SGRR_ECOLI	SINGLE	3	172	545	17	4.401e-05	{W}
sp|P33595|SGRR_ECOLI	SINGLE	4	77	95	6	1.006e-04	{Q}
sp|P33595|SGRR_ECOLI	SINGLE	5	26	258	39	1.020e-04	{L}
sp|P33595|SGRR_ECOLI	SINGLE	6	319	333	6	2.062e-04	{E}
sp|P33595|SGRR_ECOLI	SINGLE	7	7	22	5	4.085e-04	{Q}
sp|P33595|SGRR_ECOLI	MULTIPLE	1	26	253	78	4.814e-09	{RQL}
sp|P33595|SGRR_ECOLI	MULTIPLE	2	170	545	37	5.446e-08	{HW}
sp|P33595|SGRR_ECOLI	WHOLE	1	1	551	20	1.931e-04	{W}
sp|P33595|SGRR_ECOLI	WHOLE	2	1	551	72	6.150e-04	{L}
sp|P33595|SGRR_ECOLI	WHOLE	3	1	551	24	7.172e-04	{H}
sp|P33596|RECX_ECOLI	SINGLE	1	7	127	19	3.907e-06	{R}
sp|P33596|RECX_ECOLI	WHOLE	1	1	166	22	1.140e-05	{R}
sp|P33920|NDPA_ECOLI	SINGLE	1	232	270	11	2.234e-05	{E}
sp|P33920|NDPA_ECOLI	SINGLE	2	197	235	8	1.928e-04	{Q}
sp|P33920|NDPA_ECOLI	SINGLE	3	18	75	11	8.463e-04	{E}
sp|P33920|NDPA_ECOLI	MULTIPLE	1	203	270	20	1.650e-05	{EQ}
sp|P34749|HOFQ_ECOLI	SINGLE	1	3	349	32	3.490e-05	{Q}
sp|P34749|HOFQ_ECOLI	SINGLE	2	24	75	12	7.869e-05	{V}
sp|P34749|HOFQ_ECOLI	SINGLE	3	8	270	41	2.985e-04	{L}
sp|P34749|HOFQ_ECOLI	SINGLE	4	95	142	11	7.579e-04	{A}
sp|P34749|HOFQ_ECOLI	MULTIPLE	1	6	352	149	6.413e-10	{QVLA}
sp|P34749|HOFQ_ECOLI	WHOLE	1	1	412	34	1.591e-04	{Q}
sp|P36547|EUTR_ECOLI	SINGLE	1	10	63	7	1.471e-04	{H}
sp|P36547|EUTR_ECOLI	SINGLE	2	213	227	4	2.419e-04	{M}
sp|P36547|EUTR_ECOLI	SINGLE	3	239	299	10	4.691e-04	{R}
sp|P36561|COBS_ECOLI	SINGLE	1	39	247	42	7.190e-07	{L}
sp|P36561|COBS_ECOLI	SINGLE	2	140	154	7	6.097e-05	{A}
sp|P36561|COBS_ECOLI	SINGLE	3	24	238	28	2.858e-04	{G}
sp|P36561|COBS_ECOLI	SINGLE	4	94	108	5	4.635e-04	{R}
sp|P36561|COBS_ECOLI	MULTIPLE	1	39	247	108	9.393e-13	{LAGR}
sp|P36561|COBS_ECOLI	WHOLE	1	1	247	46	1.949e-06	{L}
sp|P36562|COBT_ECOLI	SINGLE	1	62	344	43	1.351e-05	{A}
sp|P36562|COBT_ECOLI	SINGLE	2	28	265	31	1.485e-04	{G}
sp|P36562|COBT_ECOLI	SINGLE	3	58	261	26	4.503e-04	{V}
sp|P36562|COBT_ECOLI	MULTIPLE	1	33	344	109	4.411e-09	{AGV}
sp|P36562|COBT_ECOLI	WHOLE	1	1	359	49	5.670e-05	{A}
sp|P36647|PPDD_ECOLI	SINGLE	1	10	27	7	1.292e-05	{I}
sp|P36667|WBBL_ECOLI	SINGLE	1	209	223	5	1.186e-05	{H}
sp|P36667|WBBL_ECOLI	SINGLE	2	113	262	17	6.268e-05	{F}
sp|P36667|WBBL_ECOLI	SINGLE	3	81	98	6	2.760e-04	{D}
sp|P36667|WBBL_ECOLI	SINGLE	4	49	111	9	4.571e-04	{Y}
sp|P36667|WBBL_ECOLI	SINGLE	5	226	257	7	5.709e-04	{R}
sp|P36667|WBBL_ECOLI	SINGLE	6	4	103	13	8.882e-04	{I}
sp|P36667|WBBL_ECOLI	MULTIPLE	1	110	263	39	2.455e-07	{HFR}
sp|P36667|WBBL_ECOLI	MULTIPLE	2	3	111	37	1.336e-07	{DYI}
sp|P36771|LRHA_ECOLI	SINGLE	1	20	34	8	5.187e-06	{A}
sp|P36771|LRHA_ECOLI	SINGLE	2	186	299	15	2.004e-04	{P}
sp|P36771|LRHA_ECOLI	SINGLE	3	37	51	5	2.936e-04	{Q}
sp|P36771|LRHA_ECOLI	SINGLE	4	11	266	40	3.300e-04	{L}
sp|P36771|LRHA_ECOLI	MULTIPLE	1	49	270	51	8.350e-05	{PL}
sp|P36879|YADG_ECOLI	SINGLE	1	130	149	6	2.355e-04	{R}
sp|P36879|YADG_ECOLI	SINGLE	2	121	299	31	2.507e-04	{L}
sp|P36879|YADG_ECOLI	SINGLE	3	136	152	4	4.036e-04	{M}
sp|P36879|YADG_ECOLI	MULTIPLE	1	121	299	52	6.124e-06	{RLM}
sp|P37016|YADK_ECOLI	SINGLE	1	122	189	15	6.219e-05	{S}
sp|P37016|YADK_ECOLI	SINGLE	2	46	76	8	6.079e-04	{G}
sp|P37017|YADL_ECOLI	SINGLE	1	74	101	10	3.383e-06	{K}
sp|P37017|YADL_ECOLI	SINGLE	2	30	199	25	3.496e-05	{T}
sp|P37017|YADL_ECOLI	SINGLE	3	103	164	15	5.211e-05	{A}
sp|P37017|YADL_ECOLI	SINGLE	4	128	185	12	2.273e-04	{V}
sp|P37017|YADL_ECOLI	SINGLE	5	12	26	6	3.585e-04	{S}
sp|P37017|YADL_ECOLI	SINGLE	6	51	65	5	9.005e-04	{D}
sp|P37017|YADL_ECOLI	MULTIPLE	1	28	199	70	9.036e-10	{TAV}
sp|P37017|YADL_ECOLI	WHOLE	1	1	201	26	1.910e-04	{T}
sp|P37018|YADM_ECOLI	SINGLE	1	84	121	13	1.187e-06	{S}
sp|P37018|YADM_ECOLI	SINGLE	2	40	55	7	2.126e-06	{N}
sp|P37018|YADM_ECOLI	SINGLE	3	24	136	19	4.682e-05	{T}
sp|P37018|YADM_ECOLI	MULTIPLE	1	24	141	31	8.055e-07	{NT}
sp|P37018|YADM_ECOLI	WHOLE	1	1	189	25	1.780e-04	{T}
sp|P37024|HRPB_ECOLI	SINGLE	1	4	703	121	8.166e-12	{L}
sp|P37024|HRPB_ECOLI	SINGLE	2	57	804	65	2.022e-06	{R}
sp|P37024|HRPB_ECOLI	SINGLE	3	315	551	40	2.238e-06	{A}
sp|P37024|HRPB_ECOLI	SINGLE	4	131	610	42	9.324e-06	{Q}
sp|P37024|HRPB_ECOLI	MULTIPLE	1	7	768	332	1.343e-25	{LRAQ}
sp|P37024|HRPB_ECOLI	WHOLE	1	1	809	128	7.003e-10	{L}
sp|P37024|HRPB_ECOLI	WHOLE	2	1	809	65	2.067e-05	{R}
sp|P37024|HRPB_ECOLI	WHOLE	3	1	809	92	9.100e-05	{A}
sp|P37024|HRPB_ECOLI	WHOLE	4	1	809	56	2.068e-04	{Q}
sp|P37047|CDAR_ECOLI	SINGLE	1	17	357	36	5.845e-06	{R}
sp|P37047|CDAR_ECOLI	SINGLE	2	289	381	23	6.392e-06	{L}
sp|P37047|CDAR_ECOLI	SINGLE	3	108	122	4	2.419e-04	{M}
sp|P37047|CDAR_ECOLI	SINGLE	4	47	216	29	4.747e-04	{L}
sp|P37047|CDAR_ECOLI	SINGLE	5	14	44	7	5.531e-04	{I}
sp|P37047|CDAR_ECOLI	SINGLE	6	33	96	12	6.690e-04	{G}
sp|P37047|CDAR_ECOLI	SINGLE	7	85	151	12	8.462e-04	{E}
sp|P37047|CDAR_ECOLI	MULTIPLE	1	29	385	104	3.419e-10	{RLM}
sp|P37047|CDAR_ECOLI	MULTIPLE	2	42	216	48	2.893e-05	{LE}
sp|P37047|CDAR_ECOLI	MULTIPLE	3	21	96	22	2.317e-05	{IG}
sp|P37047|CDAR_ECOLI	WHOLE	1	1	385	38	1.459e-05	{R}
sp|P37047|CDAR_ECOLI	WHOLE	2	1	385	56	1.947e-04	{L}
sp|P37049|YAEI_ECOLI	SINGLE	1	7	118	13	3.267e-04	{F}
sp|P37049|YAEI_ECOLI	SINGLE	2	174	226	9	5.708e-04	{P}
sp|P37050|YADN_ECOLI	SINGLE	1	90	145	11	1.955e-05	{N}
sp|P37050|YADN_ECOLI	SINGLE	2	177	192	6	2.398e-04	{T}
sp|P37127|AEGA_ECOLI	SINGLE	1	12	289	23	2.009e-10	{C}
sp|P37127|AEGA_ECOLI	SINGLE	2	16	58	9	2.963e-07	{H}
sp|P37127|AEGA_ECOLI	SINGLE	3	544	560	6	8.712e-05	{R}
sp|P37127|AEGA_ECOLI	SINGLE	4	110	224	21	1.477e-04	{A}
sp|P37127|AEGA_ECOLI	SINGLE	5	276	652	42	3.559e-04	{G}
sp|P37127|AEGA_ECOLI	MULTIPLE	1	12	295	41	2.261e-13	{CH}
sp|P37127|AEGA_ECOLI	MULTIPLE	2	276	652	69	2.571e-05	{RG}
sp|P37127|AEGA_ECOLI	WHOLE	1	1	659	28	3.028e-06	{C}
sp|P37127|AEGA_ECOLI	WHOLE	2	1	659	27	8.348e-04	{H}
sp|P37147|FXSA_ECOLI	SINGLE	1	83	101	11	1.396e-07	{L}
sp|P37147|FXSA_ECOLI	SINGLE	2	123	138	8	2.775e-06	{G}
sp|P37147|FXSA_ECOLI	SINGLE	3	144	158	7	6.688e-06	{D}
sp|P37147|FXSA_ECOLI	SINGLE	4	7	21	6	4.559e-05	{I}
sp|P37147|FXSA_ECOLI	SINGLE	5	23	47	7	6.967e-04	{V}
sp|P37180|HYBB_ECOLI	SINGLE	1	23	379	61	1.067e-06	{L}
sp|P37180|HYBB_ECOLI	SINGLE	2	20	358	29	4.976e-05	{F}
sp|P37180|HYBB_ECOLI	SINGLE	3	354	375	7	5.655e-05	{I}
sp|P37180|HYBB_ECOLI	SINGLE	4	38	69	9	1.433e-04	{G}
sp|P37180|HYBB_ECOLI	SINGLE	5	12	31	6	2.742e-04	{I}
sp|P37180|HYBB_ECOLI	SINGLE	6	138	220	8	3.848e-04	{M}
sp|P37180|HYBB_ECOLI	SINGLE	7	51	74	4	3.879e-04	{W}
sp|P37180|HYBB_ECOLI	MULTIPLE	1	18	376	174	3.671e-16	{LFIGMW}
sp|P37180|HYBB_ECOLI	WHOLE	1	1	392	62	9.892e-06	{L}
sp|P37180|HYBB_ECOLI	WHOLE	2	1	392	29	4.828e-04	{F}
sp|P37195|DCTR_ECOLI	SINGLE	1	4	172	22	2.276e-05	{I}
sp|P37195|DCTR_ECOLI	WHOLE	1	1	176	22	4.136e-05	{I}
sp|P37309|ARSR_ECOLI	SINGLE	1	4	61	18	2.113e-06	{L}
sp|P37326|INTS_ECOLI	SINGLE	1	146	176	9	9.088e-06	{R}
sp|P37326|INTS_ECOLI	SINGLE	2	5	105	18	3.236e-05	{K}
sp|P37326|INTS_ECOLI	SINGLE	3	124	145	6	4.771e-04	{I}
sp|P37619|QPTR_ECOLI	SINGLE	1	4	194	25	1.126e-07	{F}
sp|P37619|QPTR_ECOLI	SINGLE	2	100	120	7	6.750e-04	{A}
sp|P37619|QPTR_ECOLI	SINGLE	3	71	86	5	7.294e-04	{I}
sp|P37619|QPTR_ECOLI	MULTIPLE	1	46	172	47	2.063e-08	{FAI}
sp|P37619|QPTR_ECOLI	WHOLE	1	1	221	25	1.643e-06	{F}
sp|P37623|ACPT_ECOLI	SINGLE	1	16	66	10	8.872e-05	{P}
sp|P37623|ACPT_ECOLI	SINGLE	2	146	164	7	2.079e-04	{S}
sp|P37623|ACPT_ECOLI	SINGLE	3	101	148	5	6.595e-04	{W}
sp|P37623|ACPT_ECOLI	SINGLE	4	22	38	5	8.659e-04	{R}
sp|P37623|ACPT_ECOLI	MULTIPLE	1	16	66	15	3.875e-05	{PR}
sp|P37645|YHJG_ECOLI	SINGLE	1	192	558	51	3.215e-07	{G}
sp|P37645|YHJG_ECOLI	SINGLE	2	636	665	12	1.073e-06	{A}
sp|P37645|YHJG_ECOLI	SINGLE	3	137	153	7	3.459e-06	{N}
sp|P37645|YHJG_ECOLI	SINGLE	4	504	593	15	5.529e-06	{N}
sp|P37645|YHJG_ECOLI	SINGLE	5	147	416	31	6.912e-05	{D}
sp|P37645|YHJG_ECOLI	SINGLE	6	60	75	4	7.491e-05	{W}
sp|P37645|YHJG_ECOLI	SINGLE	7	376	391	6	2.357e-04	{K}
sp|P37645|YHJG_ECOLI	SINGLE	8	7	26	6	2.742e-04	{I}
sp|P37645|YHJG_ECOLI	SINGLE	9	74	126	9	5.708e-04	{P}
sp|P37645|YHJG_ECOLI	SINGLE	10	567	601	9	9.458e-04	{A}
sp|P37645|YHJG_ECOLI	MULTIPLE	1	147	560	126	1.015e-09	{GDK}
sp|P37645|YHJG_ECOLI	MULTIPLE	2	69	126	14	7.005e-06	{WP}
sp|P37645|YHJG_ECOLI	WHOLE	1	1	686	66	6.347e-04	{G}
sp|P37648|YHJJ_ECOLI	SINGLE	1	23	103	13	3.478e-05	{Q}
sp|P37648|YHJJ_ECOLI	SINGLE	2	400	469	12	3.542e-05	{Q}
sp|P37648|YHJJ_ECOLI	SINGLE	3	338	352	5	2.875e-04	{N}
sp|P37648|YHJJ_ECOLI	SINGLE	4	292	450	28	3.566e-04	{L}
sp|P37648|YHJJ_ECOLI	SINGLE	5	279	307	4	8.043e-04	{W}
sp|P37648|YHJJ_ECOLI	MULTIPLE	1	292	469	46	5.144e-06	{QL}
sp|P37648|YHJJ_ECOLI	WHOLE	1	1	498	39	1.658e-04	{Q}
sp|P37649|PDEK_ECOLI	SINGLE	1	113	616	79	1.147e-06	{L}
sp|P37649|PDEK_ECOLI	SINGLE	2	205	451	25	5.319e-05	{Q}
sp|P37649|PDEK_ECOLI	SINGLE	3	219	618	21	1.522e-04	{M}
sp|P37649|PDEK_ECOLI	SINGLE	4	15	29	6	2.045e-04	{V}
sp|P37649|PDEK_ECOLI	SINGLE	5	162	653	40	7.046e-04	{I}
sp|P37649|PDEK_ECOLI	SINGLE	6	102	135	7	7.165e-04	{P}
sp|P37649|PDEK_ECOLI	MULTIPLE	1	134	619	170	9.567e-14	{LQMI}
sp|P37649|PDEK_ECOLI	WHOLE	1	1	662	94	7.813e-06	{L}
sp|P37649|PDEK_ECOLI	WHOLE	2	1	662	50	8.548e-04	{I}
sp|P37649|PDEK_ECOLI	WHOLE	3	1	662	27	8.972e-04	{M}
sp|P37652|BCSB_ECOLI	SINGLE	1	19	642	57	8.842e-07	{P}
sp|P37652|BCSB_ECOLI	SINGLE	2	589	618	8	1.518e-04	{D}
sp|P37652|BCSB_ECOLI	SINGLE	3	746	766	8	2.978e-04	{L}
sp|P37652|BCSB_ECOLI	SINGLE	4	24	66	8	3.806e-04	{Q}
sp|P37652|BCSB_ECOLI	SINGLE	5	759	773	5	4.635e-04	{R}
sp|P37652|BCSB_ECOLI	SINGLE	6	10	41	9	4.800e-04	{A}
sp|P37652|BCSB_ECOLI	SINGLE	7	593	607	5	5.275e-04	{I}
sp|P37652|BCSB_ECOLI	SINGLE	8	39	370	36	8.919e-04	{V}
sp|P37652|BCSB_ECOLI	MULTIPLE	1	19	642	145	1.098e-07	{PQV}
sp|P37652|BCSB_ECOLI	MULTIPLE	2	589	618	14	4.825e-07	{DI}
sp|P37652|BCSB_ECOLI	MULTIPLE	3	746	774	14	8.898e-06	{LR}
sp|P37652|BCSB_ECOLI	WHOLE	1	1	779	62	2.029e-05	{P}
sp|P37662|YHJX_ECOLI	SINGLE	1	299	374	13	6.174e-06	{F}
sp|P37662|YHJX_ECOLI	SINGLE	2	259	387	18	4.773e-05	{I}
sp|P37662|YHJX_ECOLI	SINGLE	3	12	177	31	6.730e-05	{L}
sp|P37662|YHJX_ECOLI	SINGLE	4	295	315	8	1.005e-04	{A}
sp|P37662|YHJX_ECOLI	SINGLE	5	343	365	7	4.607e-04	{G}
sp|P37662|YHJX_ECOLI	SINGLE	6	53	150	16	4.760e-04	{G}
sp|P37662|YHJX_ECOLI	SINGLE	7	211	228	4	5.076e-04	{M}
sp|P37662|YHJX_ECOLI	MULTIPLE	1	271	378	41	8.214e-09	{FIG}
sp|P37662|YHJX_ECOLI	MULTIPLE	2	12	177	52	3.043e-07	{LG}
sp|P37662|YHJX_ECOLI	WHOLE	1	1	402	58	1.897e-04	{L}
sp|P37679|SGBU_ECOLI	SINGLE	1	78	110	9	1.576e-05	{R}
sp|P37679|SGBU_ECOLI	SINGLE	2	133	151	7	3.444e-04	{A}
sp|P37679|SGBU_ECOLI	SINGLE	3	166	190	4	4.549e-04	{W}
sp|P37746|RFBX_ECOLI	SINGLE	1	84	390	48	1.493e-12	{I}
sp|P37746|RFBX_ECOLI	SINGLE	2	260	413	34	8.588e-07	{L}
sp|P37746|RFBX_ECOLI	SINGLE	3	249	265	5	5.425e-04	{N}
sp|P37746|RFBX_ECOLI	MULTIPLE	1	89	413	101	3.125e-15	{IL}
sp|P37746|RFBX_ECOLI	WHOLE	1	1	415	52	6.938e-10	{I}
sp|P37746|RFBX_ECOLI	WHOLE	2	1	415	65	8.589e-06	{L}
sp|P37749|WBBI_ECOLI	SINGLE	1	68	89	6	1.409e-04	{F}
sp|P37749|WBBI_ECOLI	SINGLE	2	269	310	9	1.446e-04	{I}
sp|P37750|WBBJ_ECOLI	SINGLE	1	133	178	12	2.219e-05	{V}
sp|P37750|WBBJ_ECOLI	SINGLE	2	8	41	8	1.404e-04	{R}
sp|P37750|WBBJ_ECOLI	SINGLE	3	33	183	18	3.226e-04	{I}
sp|P37750|WBBJ_ECOLI	MULTIPLE	1	33	183	37	3.328e-06	{VI}
sp|P37757|YDDE_ECOLI	SINGLE	1	238	254	4	4.036e-04	{H}
sp|P37757|YDDE_ECOLI	SINGLE	2	192	263	13	5.924e-04	{G}
sp|P37757|YDDE_ECOLI	MULTIPLE	1	192	263	17	9.860e-05	{HG}
sp|P37766|YDIF_ECOLI	SINGLE	1	302	401	21	1.614e-06	{G}
sp|P37766|YDIF_ECOLI	SINGLE	2	40	518	44	3.602e-05	{I}
sp|P37766|YDIF_ECOLI	SINGLE	3	203	252	11	2.347e-04	{V}
sp|P37766|YDIF_ECOLI	MULTIPLE	1	65	488	87	4.285e-08	{GI}
sp|P37766|YDIF_ECOLI	WHOLE	1	1	531	46	9.364e-05	{I}
sp|P37766|YDIF_ECOLI	WHOLE	2	1	531	54	5.462e-04	{G}
sp|P37772|YJFF_ECOLI	SINGLE	1	2	305	37	3.230e-07	{I}
sp|P37772|YJFF_ECOLI	SINGLE	2	46	276	35	2.795e-06	{G}
sp|P37772|YJFF_ECOLI	SINGLE	3	15	126	14	9.409e-05	{F}
sp|P37772|YJFF_ECOLI	SINGLE	4	6	314	45	6.476e-04	{L}
sp|P37772|YJFF_ECOLI	MULTIPLE	1	6	311	142	8.745e-17	{IGFL}
sp|P37772|YJFF_ECOLI	WHOLE	1	1	331	38	9.342e-07	{I}
sp|P37772|YJFF_ECOLI	WHOLE	2	1	331	41	5.114e-05	{G}
sp|P37906|PUUB_ECOLI	SINGLE	1	34	71	10	1.137e-04	{G}
sp|P37906|PUUB_ECOLI	SINGLE	2	86	100	4	2.419e-04	{M}
sp|P37906|PUUB_ECOLI	SINGLE	3	60	423	32	4.151e-04	{R}
sp|P37906|PUUB_ECOLI	SINGLE	4	276	304	6	5.635e-04	{Y}
sp|P37906|PUUB_ECOLI	MULTIPLE	1	34	425	98	1.439e-07	{GRY}
sp|P38035|RTCR_ECOLI	SINGLE	1	19	517	50	5.836e-07	{R}
sp|P38035|RTCR_ECOLI	SINGLE	2	69	106	9	4.808e-04	{E}
sp|P38035|RTCR_ECOLI	WHOLE	1	1	532	51	1.559e-06	{R}
sp|P38052|SFMF_ECOLI	SINGLE	1	86	164	15	7.543e-04	{A}
sp|P38521|YGGL_ECOLI	SINGLE	1	17	101	15	2.547e-04	{E}
sp|P38683|TORT_ECOLI	SINGLE	1	86	100	6	2.215e-05	{Q}
sp|P38683|TORT_ECOLI	SINGLE	2	4	23	9	2.743e-05	{L}
sp|P38683|TORT_ECOLI	SINGLE	3	225	239	6	5.574e-04	{A}
sp|P39160|UXUB_ECOLI	SINGLE	1	18	44	6	2.000e-05	{H}
sp|P39160|UXUB_ECOLI	SINGLE	2	114	485	48	2.260e-04	{A}
sp|P39160|UXUB_ECOLI	SINGLE	3	289	341	6	8.744e-04	{M}
sp|P39160|UXUB_ECOLI	MULTIPLE	1	114	485	60	7.437e-05	{AM}
sp|P39163|CHAC_ECOLI	SINGLE	1	10	39	9	2.883e-04	{A}
sp|P39173|YEAD_ECOLI	SINGLE	1	95	164	7	6.990e-04	{H}
sp|P39196|LPLT_ECOLI	SINGLE	1	18	190	34	3.908e-07	{A}
sp|P39196|LPLT_ECOLI	SINGLE	2	60	380	41	2.647e-05	{G}
sp|P39196|LPLT_ECOLI	SINGLE	3	25	364	53	5.376e-05	{L}
sp|P39196|LPLT_ECOLI	SINGLE	4	24	103	11	2.184e-04	{F}
sp|P39196|LPLT_ECOLI	SINGLE	5	223	373	21	4.846e-04	{V}
sp|P39196|LPLT_ECOLI	SINGLE	6	361	392	7	6.733e-04	{I}
sp|P39196|LPLT_ECOLI	MULTIPLE	1	18	390	237	6.183e-22	{AGLFVI}
sp|P39196|LPLT_ECOLI	WHOLE	1	1	397	57	4.053e-06	{A}
sp|P39196|LPLT_ECOLI	WHOLE	2	1	397	57	2.357e-04	{L}
sp|P39196|LPLT_ECOLI	WHOLE	3	1	397	43	5.241e-04	{G}
sp|P39206|CAIE_ECOLI	SINGLE	1	27	110	18	6.291e-06	{G}
sp|P39206|CAIE_ECOLI	SINGLE	2	26	114	13	3.069e-04	{I}
sp|P39206|CAIE_ECOLI	SINGLE	3	12	35	7	5.364e-04	{V}
sp|P39206|CAIE_ECOLI	MULTIPLE	1	26	114	31	6.153e-09	{GI}
sp|P39265|ALSB_ECOLI	SINGLE	1	125	277	30	1.830e-06	{A}
sp|P39265|ALSB_ECOLI	SINGLE	2	126	177	11	3.946e-04	{G}
sp|P39265|ALSB_ECOLI	MULTIPLE	1	125	279	49	3.195e-08	{AG}
sp|P39265|ALSB_ECOLI	WHOLE	1	1	311	43	1.091e-04	{A}
sp|P39267|RDCB_ECOLI	SINGLE	1	26	149	18	5.392e-06	{Q}
sp|P39267|RDCB_ECOLI	SINGLE	2	44	98	16	1.817e-05	{L}
sp|P39267|RDCB_ECOLI	SINGLE	3	122	262	10	4.656e-05	{W}
sp|P39267|RDCB_ECOLI	MULTIPLE	1	21	267	72	6.818e-09	{QLW}
sp|P39267|RDCB_ECOLI	WHOLE	1	1	292	44	3.823e-04	{L}
sp|P39267|RDCB_ECOLI	WHOLE	2	1	292	25	5.817e-04	{Q}
sp|P39285|MSCM_ECOLI	SINGLE	1	27	395	57	1.028e-16	{Q}
sp|P39285|MSCM_ECOLI	SINGLE	2	138	929	139	8.781e-14	{L}
sp|P39285|MSCM_ECOLI	SINGLE	3	762	1072	40	2.649e-08	{I}
sp|P39285|MSCM_ECOLI	SINGLE	4	719	747	10	5.011e-07	{R}
sp|P39285|MSCM_ECOLI	SINGLE	5	59	598	48	1.968e-05	{R}
sp|P39285|MSCM_ECOLI	SINGLE	6	1051	1070	5	5.484e-05	{H}
sp|P39285|MSCM_ECOLI	SINGLE	7	597	616	5	5.484e-05	{M}
sp|P39285|MSCM_ECOLI	SINGLE	8	10	325	44	7.996e-05	{A}
sp|P39285|MSCM_ECOLI	SINGLE	9	939	958	7	1.188e-04	{T}
sp|P39285|MSCM_ECOLI	SINGLE	10	678	699	8	1.455e-04	{A}
sp|P39285|MSCM_ECOLI	SINGLE	11	749	768	7	1.586e-04	{E}
sp|P39285|MSCM_ECOLI	SINGLE	12	885	914	8	4.831e-04	{G}
sp|P39285|MSCM_ECOLI	SINGLE	13	516	588	6	6.809e-04	{W}
sp|P39285|MSCM_ECOLI	SINGLE	14	736	755	4	7.691e-04	{H}
sp|P39285|MSCM_ECOLI	MULTIPLE	1	8	1065	512	6.160e-27	{QLIRAW}
sp|P39285|MSCM_ECOLI	MULTIPLE	2	749	766	9	6.006e-06	{EH}
sp|P39285|MSCM_ECOLI	WHOLE	1	1	1107	170	1.859e-11	{L}
sp|P39285|MSCM_ECOLI	WHOLE	2	1	1107	78	1.123e-05	{Q}
sp|P39285|MSCM_ECOLI	WHOLE	3	1	1107	78	2.073e-04	{R}
sp|P39297|BSMA_ECOLI	SINGLE	1	69	83	7	6.097e-05	{A}
sp|P39297|BSMA_ECOLI	SINGLE	2	28	42	5	4.135e-04	{P}
sp|P39297|BSMA_ECOLI	SINGLE	3	79	96	6	6.200e-04	{V}
sp|P39297|BSMA_ECOLI	SINGLE	4	29	54	6	6.261e-04	{Q}
sp|P39297|BSMA_ECOLI	MULTIPLE	1	70	91	12	1.033e-05	{AV}
sp|P39297|BSMA_ECOLI	MULTIPLE	2	28	54	11	9.048e-06	{PQ}
sp|P39298|YJFP_ECOLI	SINGLE	1	47	177	22	3.367e-04	{A}
sp|P39298|YJFP_ECOLI	SINGLE	2	181	221	11	6.979e-04	{L}
sp|P39305|ULAE_ECOLI	SINGLE	1	257	284	10	2.648e-05	{A}
sp|P39305|ULAE_ECOLI	SINGLE	2	46	135	14	7.264e-05	{R}
sp|P39305|ULAE_ECOLI	SINGLE	3	208	230	7	4.064e-04	{V}
sp|P39305|ULAE_ECOLI	SINGLE	4	144	162	4	6.290e-04	{M}
sp|P39328|YTFT_ECOLI	SINGLE	1	57	332	34	6.968e-07	{I}
sp|P39328|YTFT_ECOLI	SINGLE	2	25	301	49	4.028e-06	{L}
sp|P39328|YTFT_ECOLI	SINGLE	3	63	267	35	6.793e-06	{A}
sp|P39328|YTFT_ECOLI	SINGLE	4	309	323	7	1.824e-05	{V}
sp|P39328|YTFT_ECOLI	SINGLE	5	72	303	31	9.607e-05	{G}
sp|P39328|YTFT_ECOLI	MULTIPLE	1	57	303	138	2.252e-19	{ILAG}
sp|P39328|YTFT_ECOLI	WHOLE	1	1	341	34	5.247e-05	{I}
sp|P39328|YTFT_ECOLI	WHOLE	2	1	341	53	5.775e-05	{L}
sp|P39334|BDCR_ECOLI	SINGLE	1	17	190	27	2.940e-04	{A}
sp|P39343|IDNR_ECOLI	SINGLE	1	149	305	13	3.566e-05	{M}
sp|P39343|IDNR_ECOLI	SINGLE	2	6	143	18	1.110e-04	{I}
sp|P39343|IDNR_ECOLI	WHOLE	1	1	332	30	6.010e-04	{I}
sp|P39343|IDNR_ECOLI	WHOLE	2	1	332	17	7.351e-04	{M}
sp|P39347|INTB_ECOLI	SINGLE	1	14	380	35	5.704e-05	{R}
sp|P39347|INTB_ECOLI	SINGLE	2	246	359	10	1.664e-04	{H}
sp|P39347|INTB_ECOLI	SINGLE	3	59	86	8	1.846e-04	{K}
sp|P39347|INTB_ECOLI	SINGLE	4	184	284	13	9.695e-04	{I}
sp|P39347|INTB_ECOLI	MULTIPLE	1	2	380	51	3.181e-06	{RH}
sp|P39347|INTB_ECOLI	WHOLE	1	1	396	35	2.233e-04	{R}
sp|P39362|SGCE_ECOLI	SINGLE	1	168	185	8	2.760e-05	{A}
sp|P39365|SGCC_ECOLI	SINGLE	1	5	422	53	3.176e-10	{I}
sp|P39365|SGCC_ECOLI	SINGLE	2	413	427	7	1.824e-05	{V}
sp|P39365|SGCC_ECOLI	SINGLE	3	9	421	48	6.244e-05	{G}
sp|P39365|SGCC_ECOLI	SINGLE	4	1	409	21	2.015e-04	{M}
sp|P39365|SGCC_ECOLI	SINGLE	5	307	331	9	2.059e-04	{L}
sp|P39365|SGCC_ECOLI	SINGLE	6	12	363	40	2.223e-04	{V}
sp|P39365|SGCC_ECOLI	MULTIPLE	1	5	430	219	1.209e-21	{IVGML}
sp|P39365|SGCC_ECOLI	WHOLE	1	1	437	53	1.502e-09	{I}
sp|P39365|SGCC_ECOLI	WHOLE	2	1	437	48	1.370e-04	{V}
sp|P39365|SGCC_ECOLI	WHOLE	3	1	437	48	2.130e-04	{G}
sp|P39365|SGCC_ECOLI	WHOLE	4	1	437	21	4.521e-04	{M}
sp|P39399|LGOR_ECOLI	SINGLE	1	206	242	7	4.347e-04	{F}
sp|P39399|LGOR_ECOLI	SINGLE	2	9	304	16	5.963e-04	{H}
sp|P39399|LGOR_ECOLI	SINGLE	3	160	221	14	8.805e-04	{L}
sp|P39399|LGOR_ECOLI	MULTIPLE	1	91	243	44	9.467e-06	{FHL}
sp|P39399|LGOR_ECOLI	WHOLE	1	1	304	16	7.760e-04	{H}
sp|P39408|YJJV_ECOLI	SINGLE	1	23	62	11	1.490e-04	{A}
sp|P39408|YJJV_ECOLI	SINGLE	2	133	157	5	1.683e-04	{H}
sp|P39408|YJJV_ECOLI	SINGLE	3	50	150	20	5.077e-04	{L}
sp|P39408|YJJV_ECOLI	MULTIPLE	1	50	150	26	3.148e-05	{HL}
sp|P39409|YJJW_ECOLI	SINGLE	1	5	86	13	6.601e-10	{C}
sp|P39409|YJJW_ECOLI	SINGLE	2	65	131	12	8.356e-04	{V}
sp|P39409|YJJW_ECOLI	WHOLE	1	1	287	16	1.542e-05	{C}
sp|P39410|YJJJ_ECOLI	SINGLE	1	13	66	13	1.035e-06	{R}
sp|P39410|YJJJ_ECOLI	SINGLE	2	65	167	8	1.389e-04	{W}
sp|P39410|YJJJ_ECOLI	SINGLE	3	165	327	17	4.948e-04	{Q}
sp|P39410|YJJJ_ECOLI	MULTIPLE	1	13	167	27	9.918e-07	{RW}
sp|P39830|YBAL_ECOLI	SINGLE	1	15	487	89	4.776e-11	{L}
sp|P39830|YBAL_ECOLI	SINGLE	2	39	529	70	5.377e-07	{A}
sp|P39830|YBAL_ECOLI	SINGLE	3	395	409	8	1.281e-06	{E}
sp|P39830|YBAL_ECOLI	SINGLE	4	227	349	16	1.976e-05	{F}
sp|P39830|YBAL_ECOLI	SINGLE	5	161	215	7	1.649e-04	{M}
sp|P39830|YBAL_ECOLI	SINGLE	6	448	462	5	4.635e-04	{R}
sp|P39830|YBAL_ECOLI	SINGLE	7	188	202	5	5.275e-04	{I}
sp|P39830|YBAL_ECOLI	MULTIPLE	1	15	504	235	5.201e-21	{LAFMI}
sp|P39830|YBAL_ECOLI	WHOLE	1	1	558	93	9.754e-09	{L}
sp|P39830|YBAL_ECOLI	WHOLE	2	1	558	75	1.962e-06	{A}
sp|P39832|ZNUB_ECOLI	SINGLE	1	4	196	41	2.177e-07	{L}
sp|P39832|ZNUB_ECOLI	SINGLE	2	99	244	23	4.685e-05	{V}
sp|P39832|ZNUB_ECOLI	SINGLE	3	128	198	11	5.159e-04	{I}
sp|P39832|ZNUB_ECOLI	MULTIPLE	1	43	198	70	6.114e-12	{LVI}
sp|P39832|ZNUB_ECOLI	WHOLE	1	1	261	47	3.817e-06	{L}
sp|P39832|ZNUB_ECOLI	WHOLE	2	1	261	30	9.096e-04	{V}
sp|P39902|SPRT_ECOLI	SINGLE	1	112	154	10	2.413e-05	{R}
sp|P39902|SPRT_ECOLI	SINGLE	2	78	157	8	3.026e-04	{H}
sp|P39902|SPRT_ECOLI	MULTIPLE	1	78	157	19	1.485e-06	{RH}
sp|P39902|SPRT_ECOLI	WHOLE	1	1	165	18	6.354e-04	{R}
sp|P40876|YCBF_ECOLI	SINGLE	1	80	100	8	2.978e-04	{L}
sp|P40876|YCBF_ECOLI	SINGLE	2	8	24	7	4.133e-04	{L}
sp|P40876|YCBF_ECOLI	SINGLE	3	77	91	5	4.135e-04	{P}
sp|P40876|YCBF_ECOLI	MULTIPLE	1	77	100	13	3.396e-06	{LP}
sp|P41442|GSPG_ECOLI	SINGLE	1	16	30	6	2.045e-04	{V}
sp|P41443|GSPH_ECOLI	SINGLE	1	36	58	8	2.057e-04	{A}
sp|P42596|RLMG_ECOLI	SINGLE	1	309	348	6	1.947e-04	{H}
sp|P42596|RLMG_ECOLI	SINGLE	2	149	165	6	3.477e-04	{T}
sp|P42596|RLMG_ECOLI	SINGLE	3	175	364	19	3.892e-04	{N}
sp|P42596|RLMG_ECOLI	MULTIPLE	1	175	364	28	2.715e-05	{HN}
sp|P42624|YHAK_ECOLI	SINGLE	1	162	196	7	8.489e-06	{H}
sp|P42624|YHAK_ECOLI	SINGLE	2	116	158	8	3.806e-04	{Q}
sp|P42626|YHAM_ECOLI	SINGLE	1	34	416	66	9.035e-10	{A}
sp|P42626|YHAM_ECOLI	SINGLE	2	63	92	9	8.387e-05	{G}
sp|P42626|YHAM_ECOLI	SINGLE	3	260	431	13	8.783e-05	{M}
sp|P42626|YHAM_ECOLI	SINGLE	4	348	379	9	2.642e-04	{S}
sp|P42626|YHAM_ECOLI	SINGLE	5	245	273	8	6.512e-04	{S}
sp|P42626|YHAM_ECOLI	MULTIPLE	1	34	420	115	7.194e-11	{AGM}
sp|P42626|YHAM_ECOLI	WHOLE	1	1	436	70	5.843e-09	{A}
sp|P42630|TDCG_ECOLI	SINGLE	1	268	416	31	3.426e-07	{A}
sp|P42630|TDCG_ECOLI	SINGLE	2	11	360	39	5.345e-04	{G}
sp|P42640|YHBX_ECOLI	SINGLE	1	4	193	20	4.342e-05	{F}
sp|P42640|YHBX_ECOLI	SINGLE	2	349	389	9	4.546e-05	{Q}
sp|P42640|YHBX_ECOLI	SINGLE	3	16	155	27	1.069e-04	{L}
sp|P42640|YHBX_ECOLI	SINGLE	4	469	483	5	2.875e-04	{N}
sp|P42640|YHBX_ECOLI	MULTIPLE	1	4	195	50	7.075e-07	{FL}
sp|P42904|PTPB2_ECOLI	SINGLE	1	18	151	21	1.013e-04	{V}
sp|P42904|PTPB2_ECOLI	WHOLE	1	1	157	22	3.337e-04	{V}
sp|P42905|PTPC2_ECOLI	SINGLE	1	90	106	7	4.822e-05	{V}
sp|P42905|PTPC2_ECOLI	SINGLE	2	5	66	15	2.855e-04	{L}
sp|P42905|PTPC2_ECOLI	SINGLE	3	12	97	15	3.507e-04	{G}
sp|P42905|PTPC2_ECOLI	MULTIPLE	1	33	100	24	2.090e-06	{VG}
sp|P42907|AGAS_ECOLI	SINGLE	1	8	350	45	2.383e-04	{A}
sp|P42907|AGAS_ECOLI	SINGLE	2	56	71	5	7.294e-04	{I}
sp|P42907|AGAS_ECOLI	SINGLE	3	161	180	4	7.691e-04	{M}
sp|P42907|AGAS_ECOLI	MULTIPLE	1	8	350	66	1.816e-04	{AI}
sp|P42907|AGAS_ECOLI	WHOLE	1	1	384	47	7.227e-04	{A}
sp|P42909|PTPB1_ECOLI	SINGLE	1	16	40	8	1.088e-04	{V}
sp|P42909|PTPB1_ECOLI	SINGLE	2	45	85	8	6.286e-04	{I}
sp|P42910|PTPC1_ECOLI	SINGLE	1	125	176	14	2.635e-05	{A}
sp|P42910|PTPC1_ECOLI	SINGLE	2	6	64	15	1.635e-04	{L}
sp|P42910|PTPC1_ECOLI	SINGLE	3	103	241	15	2.650e-04	{F}
sp|P42910|PTPC1_ECOLI	SINGLE	4	41	100	12	3.750e-04	{G}
sp|P42910|PTPC1_ECOLI	MULTIPLE	1	113	241	36	3.438e-07	{AF}
sp|P42910|PTPC1_ECOLI	MULTIPLE	2	6	106	34	5.126e-06	{LG}
sp|P42910|PTPC1_ECOLI	WHOLE	1	1	267	36	5.190e-04	{A}
sp|P42911|PTPD_ECOLI	SINGLE	1	91	203	16	1.003e-04	{I}
sp|P42911|PTPD_ECOLI	SINGLE	2	99	146	8	4.181e-04	{F}
sp|P42911|PTPD_ECOLI	MULTIPLE	1	99	203	24	8.656e-06	{IF}
sp|P42911|PTPD_ECOLI	WHOLE	1	1	263	26	3.704e-04	{I}
sp|P42912|AGAI_ECOLI	SINGLE	1	12	212	34	2.099e-04	{L}
sp|P42912|AGAI_ECOLI	SINGLE	2	142	163	7	3.432e-04	{G}
sp|P42912|AGAI_ECOLI	SINGLE	3	72	117	8	5.997e-04	{Q}
sp|P42912|AGAI_ECOLI	SINGLE	4	115	132	6	6.250e-04	{E}
sp|P42912|AGAI_ECOLI	MULTIPLE	1	12	212	66	6.922e-06	{LQE}
sp|P42912|AGAI_ECOLI	WHOLE	1	1	251	38	7.633e-04	{L}
sp|P42913|YRAH_ECOLI	SINGLE	1	8	22	7	6.097e-05	{A}
sp|P42913|YRAH_ECOLI	SINGLE	2	55	162	14	1.697e-04	{N}
sp|P42915|YRAJ_ECOLI	SINGLE	1	186	776	53	3.653e-07	{N}
sp|P42915|YRAJ_ECOLI	SINGLE	2	310	711	36	1.320e-06	{Y}
sp|P42915|YRAJ_ECOLI	SINGLE	3	224	649	58	1.474e-06	{S}
sp|P42915|YRAJ_ECOLI	SINGLE	4	405	428	9	1.157e-05	{G}
sp|P42915|YRAJ_ECOLI	SINGLE	5	58	836	59	1.546e-05	{Q}
sp|P42915|YRAJ_ECOLI	SINGLE	6	67	91	7	5.249e-04	{K}
sp|P42915|YRAJ_ECOLI	SINGLE	7	165	228	10	6.801e-04	{R}
sp|P42915|YRAJ_ECOLI	MULTIPLE	1	186	694	261	1.171e-21	{NYSGQR}
sp|P42915|YRAJ_ECOLI	WHOLE	1	1	838	62	1.934e-05	{Q}
sp|P42915|YRAJ_ECOLI	WHOLE	2	1	838	60	5.160e-05	{N}
sp|P42915|YRAJ_ECOLI	WHOLE	3	1	838	85	3.655e-04	{S}
sp|P42915|YRAJ_ECOLI	WHOLE	4	1	838	50	4.928e-04	{Y}
sp|P43319|YRAK_ECOLI	SINGLE	1	30	183	28	2.067e-07	{T}
sp|P43319|YRAK_ECOLI	SINGLE	2	146	354	28	1.848e-04	{G}
sp|P43319|YRAK_ECOLI	SINGLE	3	14	73	13	2.182e-04	{S}
sp|P43319|YRAK_ECOLI	MULTIPLE	1	14	183	48	1.819e-07	{TS}
sp|P43319|YRAK_ECOLI	WHOLE	1	1	363	44	1.070e-05	{T}
sp|P43337|NUDL_ECOLI	SINGLE	1	95	116	8	3.934e-05	{V}
sp|P43337|NUDL_ECOLI	SINGLE	2	59	94	11	5.368e-05	{A}
sp|P43337|NUDL_ECOLI	SINGLE	3	91	124	8	1.185e-04	{P}
sp|P43337|NUDL_ECOLI	SINGLE	4	4	56	9	6.786e-04	{R}
sp|P43337|NUDL_ECOLI	MULTIPLE	1	88	124	17	9.637e-08	{VP}
sp|P45423|YHCG_ECOLI	SINGLE	1	255	278	8	9.294e-06	{R}
sp|P45423|YHCG_ECOLI	SINGLE	2	218	233	6	3.084e-04	{E}
sp|P45423|YHCG_ECOLI	SINGLE	3	215	273	9	3.653e-04	{F}
sp|P45423|YHCG_ECOLI	SINGLE	4	27	91	10	7.651e-04	{R}
sp|P45423|YHCG_ECOLI	SINGLE	5	66	368	44	7.661e-04	{L}
sp|P45423|YHCG_ECOLI	SINGLE	6	172	209	7	9.131e-04	{Q}
sp|P45423|YHCG_ECOLI	MULTIPLE	1	215	235	13	2.251e-05	{EFL}
sp|P45428|DCUD_ECOLI	SINGLE	1	1	447	29	2.106e-07	{M}
sp|P45428|DCUD_ECOLI	SINGLE	2	4	451	47	7.405e-07	{I}
sp|P45428|DCUD_ECOLI	SINGLE	3	274	445	29	1.529e-06	{V}
sp|P45428|DCUD_ECOLI	SINGLE	4	242	281	13	3.005e-05	{L}
sp|P45428|DCUD_ECOLI	SINGLE	5	358	440	16	4.435e-04	{A}
sp|P45428|DCUD_ECOLI	SINGLE	6	308	352	10	4.745e-04	{G}
sp|P45428|DCUD_ECOLI	SINGLE	7	286	313	6	5.597e-04	{F}
sp|P45428|DCUD_ECOLI	MULTIPLE	1	1	451	237	8.364e-20	{MIVAGF}
sp|P45428|DCUD_ECOLI	WHOLE	1	1	455	29	3.006e-07	{M}
sp|P45428|DCUD_ECOLI	WHOLE	2	1	455	47	1.124e-06	{I}
sp|P45428|DCUD_ECOLI	WHOLE	3	1	455	52	3.068e-05	{V}
sp|P45463|TTDR_ECOLI	SINGLE	1	133	155	7	1.612e-04	{D}
sp|P45463|TTDR_ECOLI	SINGLE	2	90	168	12	3.571e-04	{I}
sp|P45463|TTDR_ECOLI	MULTIPLE	1	133	151	10	5.498e-06	{DI}
sp|P45530|TUSB_ECOLI	SINGLE	1	16	30	8	1.681e-05	{L}
sp|P45530|TUSB_ECOLI	SINGLE	2	62	77	5	7.294e-04	{I}
sp|P45539|FRLA_ECOLI	SINGLE	1	107	424	37	9.351e-07	{I}
sp|P45539|FRLA_ECOLI	SINGLE	2	14	203	31	4.876e-05	{A}
sp|P45539|FRLA_ECOLI	SINGLE	3	232	248	8	5.235e-05	{L}
sp|P45539|FRLA_ECOLI	SINGLE	4	316	369	9	1.887e-04	{F}
sp|P45539|FRLA_ECOLI	SINGLE	5	15	62	10	6.772e-04	{V}
sp|P45539|FRLA_ECOLI	MULTIPLE	1	10	435	176	1.558e-12	{IALF}
sp|P45539|FRLA_ECOLI	WHOLE	1	1	445	42	2.934e-05	{I}
sp|P45539|FRLA_ECOLI	WHOLE	2	1	445	54	4.187e-04	{A}
sp|P45544|FRLR_ECOLI	SINGLE	1	10	34	6	5.033e-04	{Q}
sp|P45565|AIS_ECOLI	SINGLE	1	18	32	6	5.574e-04	{A}
sp|P45750|HOFP_ECOLI	SINGLE	1	75	122	10	4.822e-04	{T}
sp|P45751|HOFO_ECOLI	SINGLE	1	7	23	4	9.652e-05	{W}
sp|P45751|HOFO_ECOLI	SINGLE	2	15	140	24	2.851e-04	{L}
sp|P45751|HOFO_ECOLI	SINGLE	3	37	52	4	3.155e-04	{H}
sp|P45751|HOFO_ECOLI	MULTIPLE	1	7	144	37	5.478e-06	{WLH}
sp|P45753|HOFM_ECOLI	SINGLE	1	229	243	6	3.376e-05	{P}
sp|P45753|HOFM_ECOLI	SINGLE	2	180	194	4	5.704e-05	{W}
sp|P45753|HOFM_ECOLI	SINGLE	3	129	258	21	7.219e-04	{A}
sp|P45756|GSPA_ECOLI	SINGLE	1	354	368	8	1.266e-06	{V}
sp|P45756|GSPA_ECOLI	SINGLE	2	4	235	27	1.403e-05	{R}
sp|P45756|GSPA_ECOLI	SINGLE	3	11	464	19	4.857e-05	{W}
sp|P45756|GSPA_ECOLI	SINGLE	4	88	208	24	1.576e-04	{L}
sp|P45756|GSPA_ECOLI	SINGLE	5	102	172	11	5.159e-04	{I}
sp|P45756|GSPA_ECOLI	SINGLE	6	397	415	6	8.541e-04	{E}
sp|P45756|GSPA_ECOLI	SINGLE	7	266	307	9	9.949e-04	{V}
sp|P45756|GSPA_ECOLI	MULTIPLE	1	4	440	171	8.141e-09	{RWLIV}
sp|P45756|GSPA_ECOLI	WHOLE	1	1	489	19	1.234e-04	{W}
sp|P45759|GSPE_ECOLI	SINGLE	1	109	192	16	2.497e-06	{I}
sp|P45759|GSPE_ECOLI	SINGLE	2	41	82	10	8.269e-06	{Q}
sp|P45759|GSPE_ECOLI	SINGLE	3	139	210	13	2.737e-05	{R}
sp|P45759|GSPE_ECOLI	SINGLE	4	384	403	6	1.375e-04	{Q}
sp|P45759|GSPE_ECOLI	SINGLE	5	209	224	7	2.677e-04	{L}
sp|P45759|GSPE_ECOLI	MULTIPLE	1	109	210	31	4.005e-09	{IR}
sp|P45759|GSPE_ECOLI	WHOLE	1	1	493	40	7.345e-04	{I}
sp|P45760|GSPI_ECOLI	SINGLE	1	91	110	7	1.188e-04	{T}
sp|P45760|GSPI_ECOLI	SINGLE	2	1	40	6	1.947e-04	{M}
sp|P45761|GSPJ_ECOLI	SINGLE	1	33	188	20	1.094e-05	{Q}
sp|P45761|GSPJ_ECOLI	SINGLE	2	10	178	28	8.792e-04	{L}
sp|P45761|GSPJ_ECOLI	MULTIPLE	1	5	188	50	4.686e-07	{QL}
sp|P45761|GSPJ_ECOLI	WHOLE	1	1	195	22	2.973e-05	{Q}
sp|P45762|GSPK_ECOLI	SINGLE	1	34	101	15	1.498e-07	{Q}
sp|P45762|GSPK_ECOLI	SINGLE	2	9	23	7	1.659e-04	{L}
sp|P45762|GSPK_ECOLI	SINGLE	3	65	165	15	3.259e-04	{D}
sp|P45762|GSPK_ECOLI	WHOLE	1	1	327	34	1.818e-06	{Q}
sp|P45763|GSPL_ECOLI	SINGLE	1	275	308	12	8.995e-09	{Q}
sp|P45763|GSPL_ECOLI	SINGLE	2	315	331	8	5.235e-05	{L}
sp|P45763|GSPL_ECOLI	SINGLE	3	34	88	14	2.591e-04	{L}
sp|P45763|GSPL_ECOLI	SINGLE	4	4	30	8	3.912e-04	{S}
sp|P45763|GSPL_ECOLI	SINGLE	5	82	173	7	3.988e-04	{W}
sp|P45763|GSPL_ECOLI	MULTIPLE	1	34	177	32	2.863e-05	{LW}
sp|P45763|GSPL_ECOLI	WHOLE	1	1	387	30	8.667e-04	{Q}
sp|P45763|GSPL_ECOLI	WHOLE	2	1	387	53	9.496e-04	{L}
sp|P45767|YHDX_ECOLI	SINGLE	1	67	390	37	1.436e-06	{I}
sp|P45767|YHDX_ECOLI	SINGLE	2	88	268	35	1.230e-05	{L}
sp|P45767|YHDX_ECOLI	SINGLE	3	14	202	20	4.046e-05	{F}
sp|P45767|YHDX_ECOLI	SINGLE	4	29	44	6	3.059e-04	{V}
sp|P45767|YHDX_ECOLI	SINGLE	5	220	295	15	5.068e-04	{A}
sp|P45767|YHDX_ECOLI	MULTIPLE	1	19	391	188	2.386e-13	{ILFVA}
sp|P45767|YHDX_ECOLI	WHOLE	1	1	393	40	8.603e-06	{I}
sp|P45767|YHDX_ECOLI	WHOLE	2	1	393	55	5.089e-04	{L}
sp|P45768|YHDY_ECOLI	SINGLE	1	23	176	14	8.560e-08	{W}
sp|P45768|YHDY_ECOLI	SINGLE	2	100	309	26	1.110e-05	{I}
sp|P45768|YHDY_ECOLI	SINGLE	3	102	314	36	1.469e-04	{L}
sp|P45768|YHDY_ECOLI	SINGLE	4	14	35	7	5.623e-04	{S}
sp|P45768|YHDY_ECOLI	MULTIPLE	1	28	314	90	1.338e-11	{WIL}
sp|P45768|YHDY_ECOLI	WHOLE	1	1	367	18	1.037e-05	{W}
sp|P45768|YHDY_ECOLI	WHOLE	2	1	367	32	7.252e-04	{I}
sp|P45769|YHDZ_ECOLI	SINGLE	1	164	220	8	2.862e-05	{M}
sp|P45800|IGAA_ECOLI	SINGLE	1	8	550	78	2.639e-05	{L}
sp|P45800|IGAA_ECOLI	SINGLE	2	177	194	7	7.448e-05	{E}
sp|P45800|IGAA_ECOLI	SINGLE	3	652	666	7	1.659e-04	{L}
sp|P45800|IGAA_ECOLI	SINGLE	4	212	226	5	1.842e-04	{F}
sp|P45800|IGAA_ECOLI	SINGLE	5	485	503	6	3.810e-04	{D}
sp|P45800|IGAA_ECOLI	SINGLE	6	672	686	5	4.635e-04	{R}
sp|P45800|IGAA_ECOLI	SINGLE	7	278	310	7	8.123e-04	{I}
sp|P45800|IGAA_ECOLI	MULTIPLE	1	203	368	55	1.280e-06	{LFI}
sp|P45800|IGAA_ECOLI	WHOLE	1	1	711	94	9.528e-05	{L}
sp|P46068|DSDC_ECOLI	SINGLE	1	166	282	10	2.044e-04	{H}
sp|P46118|HEXR_ECOLI	SINGLE	1	133	153	5	9.823e-04	{F}
sp|P46481|AAEB_ECOLI	SINGLE	1	63	161	21	1.109e-08	{I}
sp|P46481|AAEB_ECOLI	SINGLE	2	39	54	8	9.559e-06	{A}
sp|P46481|AAEB_ECOLI	SINGLE	3	589	609	7	3.384e-05	{R}
sp|P46481|AAEB_ECOLI	SINGLE	4	412	564	30	3.569e-05	{L}
sp|P46481|AAEB_ECOLI	SINGLE	5	334	350	7	4.869e-05	{E}
sp|P46481|AAEB_ECOLI	SINGLE	6	212	237	7	1.498e-04	{R}
sp|P46481|AAEB_ECOLI	SINGLE	7	359	377	4	1.525e-04	{W}
sp|P46481|AAEB_ECOLI	SINGLE	8	243	378	20	1.859e-04	{T}
sp|P46481|AAEB_ECOLI	SINGLE	9	384	402	4	6.290e-04	{M}
sp|P46481|AAEB_ECOLI	SINGLE	10	49	81	8	9.330e-04	{G}
sp|P46481|AAEB_ECOLI	MULTIPLE	1	43	81	17	8.755e-06	{AG}
sp|P46481|AAEB_ECOLI	MULTIPLE	2	243	378	26	9.286e-06	{WT}
sp|P46481|AAEB_ECOLI	WHOLE	1	1	655	56	2.855e-05	{I}
sp|P46481|AAEB_ECOLI	WHOLE	2	1	655	49	6.668e-04	{R}
sp|P46482|AAEA_ECOLI	SINGLE	1	60	142	14	1.015e-05	{Q}
sp|P46482|AAEA_ECOLI	SINGLE	2	15	285	32	4.312e-04	{V}
sp|P46837|YHGF_ECOLI	SINGLE	1	118	586	63	1.091e-05	{A}
sp|P46837|YHGF_ECOLI	SINGLE	2	340	708	45	2.149e-05	{V}
sp|P46837|YHGF_ECOLI	SINGLE	3	745	768	9	4.300e-05	{A}
sp|P46837|YHGF_ECOLI	SINGLE	4	712	751	9	7.925e-05	{R}
sp|P46837|YHGF_ECOLI	SINGLE	5	39	70	7	5.709e-04	{R}
sp|P46837|YHGF_ECOLI	SINGLE	6	518	535	5	7.334e-04	{Q}
sp|P46837|YHGF_ECOLI	MULTIPLE	1	299	510	59	1.487e-07	{AV}
sp|P46837|YHGF_ECOLI	MULTIPLE	2	712	768	20	8.737e-06	{AR}
sp|P46837|YHGF_ECOLI	WHOLE	1	1	773	89	7.641e-05	{A}
sp|P46846|GNTX_ECOLI	SINGLE	1	8	54	8	7.200e-07	{C}
sp|P46846|GNTX_ECOLI	SINGLE	2	85	188	18	1.720e-06	{R}
sp|P46846|GNTX_ECOLI	SINGLE	3	38	76	9	5.332e-05	{P}
sp|P46846|GNTX_ECOLI	SINGLE	4	93	112	8	2.030e-04	{L}
sp|P46846|GNTX_ECOLI	SINGLE	5	122	149	4	7.038e-04	{W}
sp|P46846|GNTX_ECOLI	MULTIPLE	1	5	76	19	5.354e-08	{CP}
sp|P46846|GNTX_ECOLI	MULTIPLE	2	85	183	39	5.739e-09	{RLW}
sp|P46846|GNTX_ECOLI	WHOLE	1	1	227	25	6.556e-05	{R}
sp|P46846|GNTX_ECOLI	WHOLE	2	1	227	12	2.553e-04	{C}
sp|P46846|GNTX_ECOLI	WHOLE	3	1	227	36	4.605e-04	{L}
sp|P46854|AAAT_ECOLI	SINGLE	1	131	157	6	3.793e-04	{Y}
sp|P46854|AAAT_ECOLI	SINGLE	2	73	115	8	7.210e-04	{R}
sp|P46859|GNTK_ECOLI	SINGLE	1	6	43	6	1.464e-04	{H}
sp|P46888|USPC_ECOLI	SINGLE	1	93	113	6	4.184e-06	{H}
sp|P52037|YGFF_ECOLI	SINGLE	1	131	216	15	3.507e-04	{G}
sp|P52037|YGFF_ECOLI	SINGLE	2	2	87	16	6.493e-04	{A}
sp|P52043|SCPC_ECOLI	SINGLE	1	413	481	10	2.246e-06	{H}
sp|P52043|SCPC_ECOLI	SINGLE	2	10	83	17	3.495e-05	{A}
sp|P52043|SCPC_ECOLI	SINGLE	3	122	446	32	1.030e-04	{I}
sp|P52043|SCPC_ECOLI	SINGLE	4	301	315	6	3.585e-04	{S}
sp|P52043|SCPC_ECOLI	MULTIPLE	1	301	344	15	9.882e-05	{IS}
sp|P52043|SCPC_ECOLI	WHOLE	1	1	492	40	7.046e-04	{I}
sp|P52067|FSR_ECOLI	SINGLE	1	27	399	59	1.536e-05	{L}
sp|P52067|FSR_ECOLI	SINGLE	2	346	371	9	2.409e-05	{G}
sp|P52067|FSR_ECOLI	SINGLE	3	171	397	25	1.001e-04	{I}
sp|P52067|FSR_ECOLI	SINGLE	4	239	253	5	1.557e-04	{Y}
sp|P52067|FSR_ECOLI	SINGLE	5	96	178	15	2.409e-04	{G}
sp|P52067|FSR_ECOLI	SINGLE	6	237	360	14	2.640e-04	{F}
sp|P52067|FSR_ECOLI	SINGLE	7	108	203	18	2.936e-04	{A}
sp|P52067|FSR_ECOLI	MULTIPLE	1	24	399	199	1.548e-16	{LGIFA}
sp|P52067|FSR_ECOLI	WHOLE	1	1	406	59	1.426e-04	{L}
sp|P52067|FSR_ECOLI	WHOLE	2	1	406	34	9.790e-04	{I}
sp|P52076|QSEB_ECOLI	SINGLE	1	50	178	25	1.694e-04	{L}
sp|P52076|QSEB_ECOLI	SINGLE	2	60	207	18	1.843e-04	{R}
sp|P52076|QSEB_ECOLI	SINGLE	3	193	210	4	5.076e-04	{H}
sp|P52076|QSEB_ECOLI	MULTIPLE	1	50	201	44	8.292e-07	{LR}
sp|P52086|COBC_ECOLI	SINGLE	1	8	170	11	7.094e-04	{H}
sp|P52102|YFHL_ECOLI	SINGLE	1	9	54	8	6.072e-07	{C}
sp|P52102|YFHL_ECOLI	WHOLE	1	1	86	8	6.472e-05	{C}
sp|P52108|RSTA_ECOLI	SINGLE	1	42	214	34	1.139e-05	{L}
sp|P52108|RSTA_ECOLI	WHOLE	1	1	239	37	6.009e-04	{L}
sp|P52127|ABPA_ECOLI	SINGLE	1	414	460	12	6.159e-06	{D}
sp|P52127|ABPA_ECOLI	SINGLE	2	35	448	38	1.094e-04	{I}
sp|P52127|ABPA_ECOLI	SINGLE	3	206	277	11	4.610e-04	{R}
sp|P52127|ABPA_ECOLI	SINGLE	4	32	245	24	5.209e-04	{D}
sp|P52127|ABPA_ECOLI	SINGLE	5	455	516	9	5.233e-04	{F}
sp|P52127|ABPA_ECOLI	SINGLE	6	338	357	4	7.691e-04	{H}
sp|P52127|ABPA_ECOLI	MULTIPLE	1	25	461	134	6.043e-12	{DIRH}
sp|P52127|ABPA_ECOLI	WHOLE	1	1	538	52	4.499e-05	{D}
sp|P52143|YPJA_ECOLI	SINGLE	1	27	1521	213	1.214e-25	{G}
sp|P52143|YPJA_ECOLI	SINGLE	2	34	1477	136	3.543e-17	{N}
sp|P52143|YPJA_ECOLI	SINGLE	3	100	1307	152	1.354e-16	{T}
sp|P52143|YPJA_ECOLI	SINGLE	4	1184	1220	19	3.895e-16	{P}
sp|P52143|YPJA_ECOLI	SINGLE	5	18	703	60	8.627e-06	{I}
sp|P52143|YPJA_ECOLI	SINGLE	6	959	988	9	2.883e-04	{A}
sp|P52143|YPJA_ECOLI	SINGLE	7	1493	1514	7	5.623e-04	{S}
sp|P52143|YPJA_ECOLI	SINGLE	8	1127	1213	13	7.198e-04	{D}
sp|P52143|YPJA_ECOLI	MULTIPLE	1	32	1523	516	1.638e-59	{GNT}
sp|P52143|YPJA_ECOLI	WHOLE	1	1	1526	213	1.624e-24	{G}
sp|P52143|YPJA_ECOLI	WHOLE	2	1	1526	139	2.351e-16	{N}
sp|P52143|YPJA_ECOLI	WHOLE	3	1	1526	167	8.631e-13	{T}
sp|P52613|FLIJ_ECOLI	SINGLE	1	70	118	13	1.004e-07	{Q}
sp|P52613|FLIJ_ECOLI	SINGLE	2	47	68	6	2.364e-04	{N}
sp|P52613|FLIJ_ECOLI	WHOLE	1	1	147	19	1.579e-05	{Q}
sp|P52614|FLIK_ECOLI	SINGLE	1	241	339	23	2.889e-11	{Q}
sp|P52614|FLIK_ECOLI	SINGLE	2	9	225	35	1.501e-07	{T}
sp|P52614|FLIK_ECOLI	SINGLE	3	139	234	18	3.659e-07	{P}
sp|P52614|FLIK_ECOLI	SINGLE	4	5	233	35	6.488e-05	{A}
sp|P52614|FLIK_ECOLI	MULTIPLE	1	5	234	97	1.449e-16	{TPA}
sp|P52614|FLIK_ECOLI	WHOLE	1	1	375	36	5.458e-06	{Q}
sp|P52614|FLIK_ECOLI	WHOLE	2	1	375	33	2.282e-04	{P}
sp|P52614|FLIK_ECOLI	WHOLE	3	1	375	40	3.133e-04	{T}
sp|P52614|FLIK_ECOLI	WHOLE	4	1	375	47	4.593e-04	{A}
sp|P52627|FLIZ_ECOLI	SINGLE	1	83	97	5	1.842e-04	{F}
sp|P54746|MNGB_ECOLI	SINGLE	1	703	745	13	6.838e-05	{L}
sp|P54746|MNGB_ECOLI	SINGLE	2	502	533	8	2.434e-04	{D}
sp|P54746|MNGB_ECOLI	SINGLE	3	230	565	31	3.652e-04	{I}
sp|P54746|MNGB_ECOLI	SINGLE	4	321	350	5	4.045e-04	{H}
sp|P54746|MNGB_ECOLI	SINGLE	5	587	604	6	6.200e-04	{V}
sp|P54746|MNGB_ECOLI	SINGLE	6	238	741	40	6.615e-04	{R}
sp|P54746|MNGB_ECOLI	SINGLE	7	600	614	5	9.005e-04	{D}
sp|P54746|MNGB_ECOLI	MULTIPLE	1	290	618	94	2.174e-07	{DIHR}
sp|P54746|MNGB_ECOLI	MULTIPLE	2	587	614	11	1.882e-04	{VD}
sp|P56258|WECF_ECOLI	SINGLE	1	22	163	17	3.211e-05	{F}
sp|P56258|WECF_ECOLI	SINGLE	2	226	253	8	2.582e-04	{E}
sp|P56258|WECF_ECOLI	SINGLE	3	237	283	12	6.556e-04	{L}
sp|P56258|WECF_ECOLI	MULTIPLE	1	237	261	13	2.358e-05	{EL}
sp|P56579|PTHC_ECOLI	SINGLE	1	122	151	10	1.894e-04	{L}
sp|P56579|PTHC_ECOLI	SINGLE	2	2	53	9	7.198e-04	{I}
sp|P60566|FIXA_ECOLI	SINGLE	1	17	249	39	3.564e-06	{A}
sp|P60566|FIXA_ECOLI	SINGLE	2	36	129	12	5.497e-04	{Q}
sp|P60566|FIXA_ECOLI	MULTIPLE	1	14	249	59	2.951e-08	{AQ}
sp|P60566|FIXA_ECOLI	WHOLE	1	1	256	39	2.954e-05	{A}
sp|P60778|TSGA_ECOLI	SINGLE	1	38	380	33	1.612e-06	{F}
sp|P60778|TSGA_ECOLI	SINGLE	2	29	150	12	1.325e-05	{M}
sp|P60778|TSGA_ECOLI	SINGLE	3	312	348	9	2.806e-04	{T}
sp|P60778|TSGA_ECOLI	SINGLE	4	52	98	12	6.556e-04	{L}
sp|P60778|TSGA_ECOLI	SINGLE	5	238	258	4	9.292e-04	{M}
sp|P60778|TSGA_ECOLI	MULTIPLE	1	29	380	100	1.525e-10	{FML}
sp|P60778|TSGA_ECOLI	WHOLE	1	1	393	34	1.038e-05	{F}
sp|P60778|TSGA_ECOLI	WHOLE	2	1	393	21	1.214e-04	{M}
sp|P62517|OPGH_ECOLI	SINGLE	1	315	334	9	1.299e-07	{R}
sp|P62517|OPGH_ECOLI	SINGLE	2	40	713	30	1.423e-07	{W}
sp|P62517|OPGH_ECOLI	SINGLE	3	469	693	45	3.508e-07	{L}
sp|P62517|OPGH_ECOLI	SINGLE	4	86	138	11	2.954e-05	{R}
sp|P62517|OPGH_ECOLI	SINGLE	5	498	756	24	6.165e-05	{F}
sp|P62517|OPGH_ECOLI	SINGLE	6	703	840	17	2.329e-04	{R}
sp|P62517|OPGH_ECOLI	SINGLE	7	611	639	8	3.301e-04	{V}
sp|P62517|OPGH_ECOLI	SINGLE	8	10	41	9	4.800e-04	{A}
sp|P62517|OPGH_ECOLI	SINGLE	9	758	777	7	4.883e-04	{A}
sp|P62517|OPGH_ECOLI	SINGLE	10	141	220	17	5.630e-04	{L}
sp|P62517|OPGH_ECOLI	SINGLE	11	171	189	4	6.290e-04	{M}
sp|P62517|OPGH_ECOLI	MULTIPLE	1	99	826	303	1.422e-15	{RWLFVM}
sp|P62517|OPGH_ECOLI	WHOLE	1	1	847	32	1.731e-06	{W}
sp|P62517|OPGH_ECOLI	WHOLE	2	1	847	64	1.166e-04	{R}
sp|P62517|OPGH_ECOLI	WHOLE	3	1	847	105	3.659e-04	{L}
sp|P63204|GADE_ECOLI	SINGLE	1	25	171	21	8.649e-06	{I}
sp|P63204|GADE_ECOLI	SINGLE	2	19	159	22	3.856e-05	{K}
sp|P63204|GADE_ECOLI	MULTIPLE	1	25	159	40	2.978e-09	{IK}
sp|P63204|GADE_ECOLI	WHOLE	1	1	175	22	3.815e-05	{I}
sp|P63204|GADE_ECOLI	WHOLE	2	1	175	23	3.178e-04	{K}
sp|P64448|YNBE_ECOLI	SINGLE	1	30	44	6	4.559e-05	{I}
sp|P64599|UBIT_ECOLI	SINGLE	1	132	159	5	2.914e-04	{M}
sp|P64599|UBIT_ECOLI	SINGLE	2	2	151	27	3.183e-04	{L}
sp|P64599|UBIT_ECOLI	MULTIPLE	1	1	159	34	1.186e-04	{ML}
sp|P64634|HOFN_ECOLI	SINGLE	1	56	168	22	2.633e-09	{Q}
sp|P64634|HOFN_ECOLI	SINGLE	2	11	93	14	2.993e-05	{R}
sp|P64634|HOFN_ECOLI	SINGLE	3	19	141	26	3.078e-05	{L}
sp|P64634|HOFN_ECOLI	MULTIPLE	1	54	93	27	1.088e-11	{QRL}
sp|P64634|HOFN_ECOLI	WHOLE	1	1	179	24	7.435e-07	{Q}
sp|P64634|HOFN_ECOLI	WHOLE	2	1	179	30	5.149e-04	{L}
sp|P64638|FEOC_ECOLI	SINGLE	1	56	70	4	7.491e-05	{C}
sp|P65556|YFCD_ECOLI	SINGLE	1	79	180	18	6.876e-05	{E}
sp|P65556|YFCD_ECOLI	WHOLE	1	1	180	25	1.702e-04	{E}
sp|P67087|RSMI_ECOLI	SINGLE	1	244	267	9	4.300e-05	{A}
sp|P67087|RSMI_ECOLI	SINGLE	2	24	265	38	4.045e-04	{L}
sp|P67087|RSMI_ECOLI	SINGLE	3	160	240	14	4.851e-04	{E}
sp|P67087|RSMI_ECOLI	SINGLE	4	3	85	11	6.684e-04	{Q}
sp|P67087|RSMI_ECOLI	MULTIPLE	1	24	268	96	1.928e-08	{ALE}
sp|P67087|RSMI_ECOLI	WHOLE	1	1	286	38	4.978e-04	{A}
sp|P67660|YHAJ_ECOLI	SINGLE	1	80	151	15	2.861e-04	{A}
sp|P67660|YHAJ_ECOLI	SINGLE	2	2	28	8	6.718e-04	{A}
sp|P67660|YHAJ_ECOLI	SINGLE	3	5	289	26	7.532e-04	{R}
sp|P67660|YHAJ_ECOLI	MULTIPLE	1	2	289	61	1.646e-05	{AR}
sp|P69367|MDTH_ECOLI	SINGLE	1	1	293	22	5.262e-07	{M}
sp|P69367|MDTH_ECOLI	SINGLE	2	332	354	9	7.742e-06	{G}
sp|P69367|MDTH_ECOLI	SINGLE	3	101	398	50	1.348e-05	{L}
sp|P69367|MDTH_ECOLI	SINGLE	4	42	113	14	1.773e-04	{G}
sp|P69367|MDTH_ECOLI	SINGLE	5	14	180	16	6.021e-04	{F}
sp|P69367|MDTH_ECOLI	SINGLE	6	194	209	5	6.419e-04	{R}
sp|P69367|MDTH_ECOLI	MULTIPLE	1	10	388	148	2.265e-14	{MLGF}
sp|P69367|MDTH_ECOLI	WHOLE	1	1	402	25	2.736e-06	{M}
sp|P69367|MDTH_ECOLI	WHOLE	2	1	402	60	6.493e-05	{L}
sp|P69808|PTFB1_ECOLI	SINGLE	1	38	103	12	6.619e-05	{I}
sp|P69808|PTFB1_ECOLI	SINGLE	2	7	32	9	8.726e-05	{A}
sp|P69808|PTFB1_ECOLI	SINGLE	3	26	106	14	4.851e-04	{E}
sp|P69808|PTFB1_ECOLI	MULTIPLE	1	26	106	26	4.610e-07	{IE}
sp|P69816|PTFB2_ECOLI	SINGLE	1	6	30	9	6.191e-05	{A}
sp|P69816|PTFB2_ECOLI	WHOLE	1	1	106	19	3.607e-04	{A}
sp|P69826|PTMCB_ECOLI	SINGLE	1	14	323	48	2.825e-08	{G}
sp|P69826|PTMCB_ECOLI	SINGLE	2	22	275	29	1.678e-05	{I}
sp|P69826|PTMCB_ECOLI	SINGLE	3	56	386	20	3.540e-05	{M}
sp|P69826|PTMCB_ECOLI	SINGLE	4	350	423	15	3.839e-04	{A}
sp|P69826|PTMCB_ECOLI	MULTIPLE	1	14	418	154	2.394e-14	{GIMA}
sp|P69826|PTMCB_ECOLI	WHOLE	1	1	462	55	1.130e-05	{G}
sp|P69826|PTMCB_ECOLI	WHOLE	2	1	462	40	2.321e-04	{I}
sp|P69826|PTMCB_ECOLI	WHOLE	3	1	462	22	3.823e-04	{M}
sp|P71298|INTF_ECOLI	SINGLE	1	24	441	37	1.520e-04	{R}
sp|P71298|INTF_ECOLI	WHOLE	1	1	466	38	5.437e-04	{R}
sp|P71301|ECPR_ECOLI	SINGLE	1	43	168	16	3.340e-04	{I}
sp|P75683|YAGG_ECOLI	SINGLE	1	21	331	28	2.804e-05	{F}
sp|P75683|YAGG_ECOLI	SINGLE	2	379	414	10	5.887e-05	{V}
sp|P75683|YAGG_ECOLI	SINGLE	3	444	458	7	6.097e-05	{A}
sp|P75683|YAGG_ECOLI	SINGLE	4	29	428	57	2.803e-04	{L}
sp|P75683|YAGG_ECOLI	SINGLE	5	298	325	7	2.899e-04	{I}
sp|P75683|YAGG_ECOLI	MULTIPLE	1	28	428	113	1.888e-07	{FLI}
sp|P75683|YAGG_ECOLI	WHOLE	1	1	460	32	6.930e-04	{F}
sp|P75685|RCLC_ECOLI	SINGLE	1	102	167	16	1.808e-04	{L}
sp|P75715|SFMH_ECOLI	SINGLE	1	208	301	18	2.278e-04	{A}
sp|P75715|SFMH_ECOLI	SINGLE	2	69	95	6	3.793e-04	{Y}
sp|P75715|SFMH_ECOLI	SINGLE	3	46	187	20	5.489e-04	{V}
sp|P75715|SFMH_ECOLI	SINGLE	4	90	159	7	6.990e-04	{M}
sp|P75715|SFMH_ECOLI	MULTIPLE	1	46	187	37	5.114e-06	{YVM}
sp|P75733|CHIP_ECOLI	SINGLE	1	120	447	29	1.525e-05	{Y}
sp|P75733|CHIP_ECOLI	SINGLE	2	37	456	42	1.022e-04	{D}
sp|P75733|CHIP_ECOLI	SINGLE	3	12	422	53	1.216e-04	{A}
sp|P75733|CHIP_ECOLI	SINGLE	4	48	390	14	5.215e-04	{W}
sp|P75733|CHIP_ECOLI	MULTIPLE	1	30	422	131	1.812e-12	{YDAW}
sp|P75733|CHIP_ECOLI	WHOLE	1	1	468	33	2.739e-04	{Y}
sp|P75733|CHIP_ECOLI	WHOLE	2	1	468	42	7.743e-04	{D}
sp|P75736|YBFF_ECOLI	SINGLE	1	66	147	17	1.283e-04	{A}
sp|P75736|YBFF_ECOLI	SINGLE	2	171	194	4	3.879e-04	{W}
sp|P75736|YBFF_ECOLI	SINGLE	3	30	125	14	5.922e-04	{D}
sp|P75736|YBFF_ECOLI	SINGLE	4	4	63	9	8.023e-04	{N}
sp|P75736|YBFF_ECOLI	MULTIPLE	1	36	147	32	1.226e-05	{AD}
sp|P75742|DTPD_ECOLI	SINGLE	1	12	59	9	5.764e-05	{Y}
sp|P75742|DTPD_ECOLI	SINGLE	2	31	279	41	1.006e-04	{L}
sp|P75742|DTPD_ECOLI	SINGLE	3	275	327	9	1.637e-04	{F}
sp|P75742|DTPD_ECOLI	SINGLE	4	65	197	20	3.167e-04	{G}
sp|P75742|DTPD_ECOLI	SINGLE	5	213	235	4	3.281e-04	{W}
sp|P75742|DTPD_ECOLI	SINGLE	6	394	462	11	4.062e-04	{I}
sp|P75742|DTPD_ECOLI	SINGLE	7	145	490	43	8.470e-04	{A}
sp|P75742|DTPD_ECOLI	SINGLE	8	303	419	9	8.502e-04	{M}
sp|P75742|DTPD_ECOLI	MULTIPLE	1	26	491	213	1.391e-11	{YLGWAM}
sp|P75742|DTPD_ECOLI	WHOLE	1	1	493	66	5.294e-04	{L}
sp|P75745|PXPC_ECOLI	SINGLE	1	8	179	26	4.603e-05	{G}
sp|P75745|PXPC_ECOLI	SINGLE	2	190	301	15	7.552e-05	{Q}
sp|P75745|PXPC_ECOLI	SINGLE	3	80	222	16	9.214e-04	{R}
sp|P75745|PXPC_ECOLI	MULTIPLE	1	6	232	50	2.211e-06	{GR}
sp|P75746|PXPA_ECOLI	SINGLE	1	7	244	43	1.575e-07	{A}
sp|P75746|PXPA_ECOLI	WHOLE	1	1	244	43	3.130e-07	{A}
sp|P75757|ZITB_ECOLI	SINGLE	1	240	313	16	4.879e-12	{H}
sp|P75757|ZITB_ECOLI	SINGLE	2	21	225	39	6.315e-06	{L}
sp|P75757|ZITB_ECOLI	SINGLE	3	171	191	7	4.055e-05	{I}
sp|P75757|ZITB_ECOLI	SINGLE	4	236	259	8	7.912e-05	{V}
sp|P75757|ZITB_ECOLI	SINGLE	5	1	15	4	2.419e-04	{H}
sp|P75757|ZITB_ECOLI	SINGLE	6	46	174	22	2.743e-04	{A}
sp|P75757|ZITB_ECOLI	SINGLE	7	96	110	5	5.275e-04	{I}
sp|P75757|ZITB_ECOLI	MULTIPLE	1	45	205	70	6.236e-10	{LIA}
sp|P75757|ZITB_ECOLI	WHOLE	1	1	313	25	2.985e-08	{H}
sp|P75757|ZITB_ECOLI	WHOLE	2	1	313	45	8.235e-04	{L}
sp|P75777|YBHG_ECOLI	SINGLE	1	86	203	20	1.434e-07	{Q}
sp|P75777|YBHG_ECOLI	SINGLE	2	83	198	27	1.848e-07	{A}
sp|P75777|YBHG_ECOLI	SINGLE	3	5	19	7	1.824e-05	{V}
sp|P75777|YBHG_ECOLI	MULTIPLE	1	83	198	46	4.906e-14	{QA}
sp|P75777|YBHG_ECOLI	WHOLE	1	1	332	28	3.770e-04	{Q}
sp|P75777|YBHG_ECOLI	WHOLE	2	1	332	42	6.964e-04	{A}
sp|P75782|RLMF_ECOLI	SINGLE	1	133	149	7	9.321e-05	{S}
sp|P75782|RLMF_ECOLI	SINGLE	2	39	197	26	1.690e-04	{A}
sp|P75782|RLMF_ECOLI	SINGLE	3	101	173	11	6.471e-04	{I}
sp|P75782|RLMF_ECOLI	MULTIPLE	1	133	149	9	4.944e-05	{SI}
sp|P75785|OPGE_ECOLI	SINGLE	1	25	57	12	1.719e-05	{L}
sp|P75785|OPGE_ECOLI	SINGLE	2	16	523	39	3.478e-05	{F}
sp|P75785|OPGE_ECOLI	SINGLE	3	147	222	14	2.520e-04	{V}
sp|P75785|OPGE_ECOLI	SINGLE	4	280	448	18	2.765e-04	{Q}
sp|P75785|OPGE_ECOLI	SINGLE	5	483	505	6	6.136e-04	{I}
sp|P75785|OPGE_ECOLI	WHOLE	1	1	527	39	7.116e-05	{F}
sp|P75794|PFLE_ECOLI	SINGLE	1	25	100	9	3.320e-06	{C}
sp|P75794|PFLE_ECOLI	SINGLE	2	141	240	18	4.752e-04	{A}
sp|P75794|PFLE_ECOLI	SINGLE	3	244	262	4	6.290e-04	{H}
sp|P75798|GSIC_ECOLI	SINGLE	1	19	294	34	1.458e-04	{V}
sp|P75798|GSIC_ECOLI	SINGLE	2	81	235	11	4.780e-04	{M}
sp|P75798|GSIC_ECOLI	SINGLE	3	180	194	6	5.574e-04	{A}
sp|P75798|GSIC_ECOLI	SINGLE	4	100	170	6	5.912e-04	{W}
sp|P75798|GSIC_ECOLI	SINGLE	5	46	64	5	9.524e-04	{Q}
sp|P75798|GSIC_ECOLI	MULTIPLE	1	72	235	58	5.713e-08	{VMAW}
sp|P75798|GSIC_ECOLI	WHOLE	1	1	306	35	4.354e-04	{V}
sp|P75799|GSID_ECOLI	SINGLE	1	48	235	24	1.409e-05	{I}
sp|P75799|GSID_ECOLI	SINGLE	2	40	285	36	1.207e-04	{A}
sp|P75799|GSID_ECOLI	SINGLE	3	2	36	8	1.733e-04	{R}
sp|P75799|GSID_ECOLI	MULTIPLE	1	40	279	61	5.156e-08	{IA}
sp|P75799|GSID_ECOLI	WHOLE	1	1	303	39	7.481e-04	{A}
sp|P75811|RCDA_ECOLI	SINGLE	1	122	136	5	2.936e-04	{Q}
sp|P75817|RLMC_ECOLI	SINGLE	1	150	297	16	4.837e-04	{Q}
sp|P75817|RLMC_ECOLI	SINGLE	2	262	276	6	5.574e-04	{A}
sp|P75817|RLMC_ECOLI	MULTIPLE	1	149	297	35	5.275e-05	{QA}
sp|P75826|LYSO_ECOLI	SINGLE	1	5	293	58	8.153e-09	{L}
sp|P75826|LYSO_ECOLI	SINGLE	2	7	294	32	1.132e-05	{I}
sp|P75826|LYSO_ECOLI	SINGLE	3	162	176	7	1.824e-05	{V}
sp|P75826|LYSO_ECOLI	MULTIPLE	1	5	294	90	9.819e-14	{LI}
sp|P75826|LYSO_ECOLI	WHOLE	1	1	299	58	2.787e-08	{L}
sp|P75826|LYSO_ECOLI	WHOLE	2	1	299	32	2.309e-05	{I}
sp|P75838|YCAO_ECOLI	SINGLE	1	534	585	16	1.117e-06	{A}
sp|P75838|YCAO_ECOLI	SINGLE	2	242	363	14	2.251e-04	{F}
sp|P75838|YCAO_ECOLI	SINGLE	3	399	525	24	3.192e-04	{L}
sp|P75838|YCAO_ECOLI	SINGLE	4	191	517	37	3.922e-04	{E}
sp|P75838|YCAO_ECOLI	SINGLE	5	164	190	6	7.524e-04	{N}
sp|P75838|YCAO_ECOLI	SINGLE	6	299	345	9	7.871e-04	{D}
sp|P75838|YCAO_ECOLI	MULTIPLE	1	238	447	58	6.942e-06	{FED}
sp|P75851|SSUC_ECOLI	SINGLE	1	64	229	23	5.639e-06	{I}
sp|P75851|SSUC_ECOLI	SINGLE	2	9	250	44	5.768e-06	{L}
sp|P75851|SSUC_ECOLI	SINGLE	3	8	67	7	2.842e-05	{W}
sp|P75851|SSUC_ECOLI	SINGLE	4	72	93	7	3.432e-04	{G}
sp|P75851|SSUC_ECOLI	MULTIPLE	1	8	252	105	3.481e-13	{ILWG}
sp|P75851|SSUC_ECOLI	WHOLE	1	1	263	45	2.077e-05	{L}
sp|P75851|SSUC_ECOLI	WHOLE	2	1	263	13	1.430e-04	{W}
sp|P75851|SSUC_ECOLI	WHOLE	3	1	263	25	7.797e-04	{I}
sp|P75853|SSUA_ECOLI	SINGLE	1	91	289	33	2.137e-05	{A}
sp|P75853|SSUA_ECOLI	SINGLE	2	285	318	7	4.647e-04	{Q}
sp|P75853|SSUA_ECOLI	MULTIPLE	1	91	318	51	6.427e-06	{AQ}
sp|P75853|SSUA_ECOLI	WHOLE	1	1	319	42	3.341e-04	{A}
sp|P75855|ELFA_ECOLI	SINGLE	1	7	172	30	9.092e-08	{T}
sp|P75855|ELFA_ECOLI	SINGLE	2	107	121	6	5.574e-04	{A}
sp|P75855|ELFA_ECOLI	SINGLE	3	5	77	13	5.574e-04	{V}
sp|P75855|ELFA_ECOLI	MULTIPLE	1	5	172	70	2.736e-10	{TAV}
sp|P75855|ELFA_ECOLI	WHOLE	1	1	179	30	4.713e-07	{T}
sp|P75857|ELFC_ECOLI	SINGLE	1	180	351	31	1.411e-06	{S}
sp|P75857|ELFC_ECOLI	SINGLE	2	305	682	34	2.266e-06	{Y}
sp|P75857|ELFC_ECOLI	SINGLE	3	390	422	10	3.136e-05	{G}
sp|P75857|ELFC_ECOLI	SINGLE	4	515	554	9	3.709e-05	{Q}
sp|P75857|ELFC_ECOLI	SINGLE	5	582	778	21	8.959e-05	{N}
sp|P75857|ELFC_ECOLI	SINGLE	6	19	44	6	3.705e-04	{F}
sp|P75857|ELFC_ECOLI	SINGLE	7	478	496	6	3.810e-04	{D}
sp|P75857|ELFC_ECOLI	SINGLE	8	202	217	5	4.001e-04	{N}
sp|P75857|ELFC_ECOLI	SINGLE	9	252	279	7	5.850e-04	{D}
sp|P75857|ELFC_ECOLI	SINGLE	10	650	827	26	8.592e-04	{A}
sp|P75857|ELFC_ECOLI	MULTIPLE	1	178	740	272	1.496e-16	{SYGQND}
sp|P75858|ELFG_ECOLI	SINGLE	1	136	163	10	6.265e-06	{G}
sp|P75901|EFEU_ECOLI	SINGLE	1	124	262	17	2.458e-05	{F}
sp|P75901|EFEU_ECOLI	SINGLE	2	104	276	29	5.079e-05	{A}
sp|P75901|EFEU_ECOLI	SINGLE	3	75	105	9	9.408e-05	{V}
sp|P75901|EFEU_ECOLI	MULTIPLE	1	118	272	43	3.432e-08	{FA}
sp|P75901|EFEU_ECOLI	WHOLE	1	1	276	23	3.599e-04	{F}
sp|P75901|EFEU_ECOLI	WHOLE	2	1	276	37	4.928e-04	{A}
sp|P75920|OPGC_ECOLI	SINGLE	1	51	369	33	3.381e-07	{F}
sp|P75920|OPGC_ECOLI	SINGLE	2	12	368	56	2.986e-05	{L}
sp|P75920|OPGC_ECOLI	SINGLE	3	346	362	6	1.019e-04	{I}
sp|P75920|OPGC_ECOLI	SINGLE	4	18	155	9	1.999e-04	{W}
sp|P75920|OPGC_ECOLI	SINGLE	5	182	204	6	6.136e-04	{I}
sp|P75920|OPGC_ECOLI	MULTIPLE	1	11	369	134	2.327e-15	{FLIW}
sp|P75920|OPGC_ECOLI	WHOLE	1	1	385	35	2.808e-06	{F}
sp|P75920|OPGC_ECOLI	WHOLE	2	1	385	56	1.947e-04	{L}
sp|P75925|C56H2_ECOLI	SINGLE	1	70	84	6	3.376e-05	{P}
sp|P75925|C56H2_ECOLI	SINGLE	2	129	143	7	6.097e-05	{A}
sp|P75938|FLGF_ECOLI	SINGLE	1	4	43	11	1.490e-04	{A}
sp|P75938|FLGF_ECOLI	SINGLE	2	217	231	4	2.419e-04	{M}
sp|P75938|FLGF_ECOLI	SINGLE	3	86	177	15	7.001e-04	{G}
sp|P75938|FLGF_ECOLI	WHOLE	1	1	251	35	3.436e-04	{A}
sp|P75942|FLGJ_ECOLI	SINGLE	1	43	98	9	2.990e-06	{M}
sp|P75942|FLGJ_ECOLI	SINGLE	2	76	188	17	5.980e-06	{Q}
sp|P75942|FLGJ_ECOLI	SINGLE	3	257	278	9	1.926e-05	{A}
sp|P75942|FLGJ_ECOLI	SINGLE	4	100	117	6	1.085e-04	{P}
sp|P75942|FLGJ_ECOLI	SINGLE	5	9	31	8	2.057e-04	{A}
sp|P75942|FLGJ_ECOLI	MULTIPLE	1	35	188	41	6.087e-08	{MQP}
sp|P75948|THIK_ECOLI	SINGLE	1	140	162	8	6.507e-06	{R}
sp|P75948|THIK_ECOLI	SINGLE	2	121	267	11	1.234e-05	{W}
sp|P75948|THIK_ECOLI	SINGLE	3	62	184	25	8.063e-05	{L}
sp|P75948|THIK_ECOLI	SINGLE	4	2	165	18	4.528e-04	{P}
sp|P75948|THIK_ECOLI	MULTIPLE	1	62	271	69	2.038e-10	{RWL}
sp|P75948|THIK_ECOLI	WHOLE	1	1	274	27	2.045e-04	{R}
sp|P75948|THIK_ECOLI	WHOLE	2	1	274	12	6.867e-04	{W}
sp|P75969|INTE_ECOLI	SINGLE	1	4	366	36	2.127e-05	{R}
sp|P75969|INTE_ECOLI	SINGLE	2	343	358	5	4.085e-04	{Q}
sp|P75969|INTE_ECOLI	SINGLE	3	46	60	6	5.574e-04	{A}
sp|P75969|INTE_ECOLI	MULTIPLE	1	46	318	62	1.565e-06	{RA}
sp|P75969|INTE_ECOLI	WHOLE	1	1	375	36	4.036e-05	{R}
sp|P75995|PDEG_ECOLI	SINGLE	1	6	496	51	3.654e-07	{I}
sp|P75995|PDEG_ECOLI	SINGLE	2	469	489	6	8.753e-05	{Y}
sp|P75995|PDEG_ECOLI	SINGLE	3	30	63	10	1.622e-04	{A}
sp|P75995|PDEG_ECOLI	SINGLE	4	202	243	8	1.661e-04	{F}
sp|P75995|PDEG_ECOLI	WHOLE	1	1	507	51	8.962e-07	{I}
sp|P76002|PLIG_ECOLI	SINGLE	1	40	55	5	2.180e-04	{Y}
sp|P76007|NHAP2_ECOLI	SINGLE	1	9	383	72	1.166e-09	{L}
sp|P76007|NHAP2_ECOLI	SINGLE	2	6	348	40	3.416e-07	{I}
sp|P76007|NHAP2_ECOLI	SINGLE	3	42	273	34	7.662e-06	{G}
sp|P76007|NHAP2_ECOLI	SINGLE	4	311	370	11	1.585e-05	{F}
sp|P76007|NHAP2_ECOLI	SINGLE	5	14	28	7	3.582e-05	{S}
sp|P76007|NHAP2_ECOLI	SINGLE	6	367	404	10	9.574e-05	{V}
sp|P76007|NHAP2_ECOLI	SINGLE	7	558	577	7	1.586e-04	{E}
sp|P76007|NHAP2_ECOLI	MULTIPLE	1	6	380	180	9.315e-23	{LIGF}
sp|P76007|NHAP2_ECOLI	WHOLE	1	1	578	92	9.402e-08	{L}
sp|P76007|NHAP2_ECOLI	WHOLE	2	1	578	48	1.682e-04	{I}
sp|P76007|NHAP2_ECOLI	WHOLE	3	1	578	58	4.835e-04	{G}
sp|P76017|YCGV_ECOLI	SINGLE	1	31	950	123	1.115e-13	{G}
sp|P76017|YCGV_ECOLI	SINGLE	2	621	653	16	2.648e-13	{P}
sp|P76017|YCGV_ECOLI	SINGLE	3	56	948	85	1.124e-11	{N}
sp|P76017|YCGV_ECOLI	SINGLE	4	49	656	69	6.296e-07	{T}
sp|P76017|YCGV_ECOLI	SINGLE	5	20	186	24	1.936e-06	{I}
sp|P76017|YCGV_ECOLI	SINGLE	6	304	594	40	3.834e-05	{S}
sp|P76017|YCGV_ECOLI	SINGLE	7	663	951	24	1.786e-04	{Y}
sp|P76017|YCGV_ECOLI	SINGLE	8	276	436	26	2.041e-04	{A}
sp|P76017|YCGV_ECOLI	MULTIPLE	1	49	940	375	2.015e-31	{GNTS}
sp|P76017|YCGV_ECOLI	WHOLE	1	1	955	125	3.135e-13	{G}
sp|P76017|YCGV_ECOLI	WHOLE	2	1	955	88	2.614e-11	{N}
sp|P76017|YCGV_ECOLI	WHOLE	3	1	955	83	4.824e-04	{T}
sp|P76017|YCGV_ECOLI	WHOLE	4	1	955	94	4.880e-04	{S}
sp|P76046|YCJX_ECOLI	SINGLE	1	4	160	28	2.931e-04	{L}
sp|P76046|YCJX_ECOLI	SINGLE	2	3	119	15	3.390e-04	{R}
sp|P76046|YCJX_ECOLI	SINGLE	3	181	195	6	5.574e-04	{A}
sp|P76046|YCJX_ECOLI	SINGLE	4	282	363	11	6.057e-04	{Q}
sp|P76046|YCJX_ECOLI	SINGLE	5	138	239	7	7.236e-04	{W}
sp|P76046|YCJX_ECOLI	MULTIPLE	1	3	164	45	2.076e-06	{LR}
sp|P76046|YCJX_ECOLI	WHOLE	1	1	465	62	7.880e-04	{L}
sp|P76056|INTR_ECOLI	SINGLE	1	70	112	11	3.860e-05	{T}
sp|P76056|INTR_ECOLI	SINGLE	2	11	27	6	8.712e-05	{R}
sp|P76056|INTR_ECOLI	SINGLE	3	115	131	6	1.019e-04	{I}
sp|P76056|INTR_ECOLI	SINGLE	4	379	405	5	2.447e-04	{M}
sp|P76056|INTR_ECOLI	SINGLE	5	295	358	10	6.801e-04	{R}
sp|P76056|INTR_ECOLI	WHOLE	1	1	411	34	7.683e-04	{R}
sp|P76064|YDAT_ECOLI	SINGLE	1	99	125	9	1.207e-04	{A}
sp|P76064|YDAT_ECOLI	SINGLE	2	13	27	6	5.574e-04	{A}
sp|P76064|YDAT_ECOLI	SINGLE	3	83	98	5	6.419e-04	{R}
sp|P76080|PAAD_ECOLI	SINGLE	1	117	164	7	1.020e-05	{C}
sp|P76080|PAAD_ECOLI	SINGLE	2	9	128	15	3.415e-04	{P}
sp|P76080|PAAD_ECOLI	SINGLE	3	31	97	12	5.724e-04	{T}
sp|P76080|PAAD_ECOLI	SINGLE	4	115	134	4	7.691e-04	{H}
sp|P76080|PAAD_ECOLI	MULTIPLE	1	115	164	11	1.871e-06	{CH}
sp|P76080|PAAD_ECOLI	MULTIPLE	2	6	128	28	7.122e-05	{PT}
sp|P76097|HGLS_ECOLI	SINGLE	1	62	443	37	2.711e-05	{R}
sp|P76097|HGLS_ECOLI	SINGLE	2	143	434	28	5.157e-05	{Q}
sp|P76097|HGLS_ECOLI	SINGLE	3	134	207	14	1.945e-04	{E}
sp|P76097|HGLS_ECOLI	SINGLE	4	13	28	5	4.085e-04	{Q}
sp|P76097|HGLS_ECOLI	SINGLE	5	191	224	5	7.231e-04	{H}
sp|P76097|HGLS_ECOLI	MULTIPLE	1	59	443	117	6.528e-10	{RQEH}
sp|P76097|HGLS_ECOLI	WHOLE	1	1	447	36	1.675e-04	{Q}
sp|P76097|HGLS_ECOLI	WHOLE	2	1	447	38	2.657e-04	{R}
sp|P76102|INSQ_ECOLI	SINGLE	1	3	352	33	1.078e-04	{R}
sp|P76102|INSQ_ECOLI	SINGLE	2	5	399	33	1.575e-04	{Q}
sp|P76102|INSQ_ECOLI	SINGLE	3	206	234	8	2.392e-04	{K}
sp|P76102|INSQ_ECOLI	SINGLE	4	334	356	4	4.271e-04	{C}
sp|P76102|INSQ_ECOLI	SINGLE	5	360	379	7	4.883e-04	{A}
sp|P76102|INSQ_ECOLI	MULTIPLE	1	2	392	109	2.042e-08	{RQKC}
sp|P76102|INSQ_ECOLI	WHOLE	1	1	402	33	2.112e-04	{Q}
sp|P76102|INSQ_ECOLI	WHOLE	2	1	402	35	2.884e-04	{R}
sp|P76114|MCBR_ECOLI	SINGLE	1	12	192	33	6.546e-05	{L}
sp|P76114|MCBR_ECOLI	SINGLE	2	107	130	6	3.999e-04	{Q}
sp|P76114|MCBR_ECOLI	MULTIPLE	1	12	192	45	1.747e-05	{LQ}
sp|P76114|MCBR_ECOLI	WHOLE	1	1	221	35	5.500e-04	{L}
sp|P76128|DDPA_ECOLI	SINGLE	1	460	489	7	2.099e-04	{Q}
sp|P76128|DDPA_ECOLI	SINGLE	2	30	107	13	2.597e-04	{D}
sp|P76128|DDPA_ECOLI	SINGLE	3	165	512	29	3.426e-04	{N}
sp|P76142|LSRB_ECOLI	SINGLE	1	216	232	9	1.416e-06	{A}
sp|P76142|LSRB_ECOLI	SINGLE	2	38	57	7	1.789e-04	{G}
sp|P76142|LSRB_ECOLI	SINGLE	3	240	309	13	3.751e-04	{V}
sp|P76142|LSRB_ECOLI	SINGLE	4	10	31	7	9.125e-04	{A}
sp|P76159|LYSQ_ECOLI	SINGLE	1	126	164	8	3.723e-04	{R}
sp|P76159|LYSQ_ECOLI	SINGLE	2	109	172	6	4.935e-04	{C}
sp|P76159|LYSQ_ECOLI	SINGLE	3	9	23	6	5.574e-04	{A}
sp|P76159|LYSQ_ECOLI	MULTIPLE	1	126	164	11	1.914e-05	{RC}
sp|P76168|INTQ_ECOLI	SINGLE	1	166	331	19	2.658e-04	{R}
sp|P76168|INTQ_ECOLI	SINGLE	2	132	154	6	3.060e-04	{N}
sp|P76173|YNFH_ECOLI	SINGLE	1	50	274	39	4.978e-05	{L}
sp|P76173|YNFH_ECOLI	SINGLE	2	165	193	9	2.189e-04	{A}
sp|P76173|YNFH_ECOLI	SINGLE	3	5	144	9	2.217e-04	{W}
sp|P76173|YNFH_ECOLI	SINGLE	4	2	114	17	8.082e-04	{G}
sp|P76173|YNFH_ECOLI	MULTIPLE	1	2	263	108	5.004e-09	{LAWG}
sp|P76173|YNFH_ECOLI	WHOLE	1	1	284	42	6.953e-04	{L}
sp|P76175|CLCB_ECOLI	SINGLE	1	5	391	74	8.476e-10	{L}
sp|P76175|CLCB_ECOLI	SINGLE	2	8	193	36	2.718e-07	{A}
sp|P76175|CLCB_ECOLI	SINGLE	3	228	358	21	9.847e-05	{G}
sp|P76175|CLCB_ECOLI	MULTIPLE	1	5	393	168	1.202e-17	{LAG}
sp|P76175|CLCB_ECOLI	WHOLE	1	1	418	75	1.068e-08	{L}
sp|P76175|CLCB_ECOLI	WHOLE	2	1	418	57	1.722e-05	{A}
sp|P76187|YDHF_ECOLI	SINGLE	1	41	154	10	1.664e-04	{H}
sp|P76187|YDHF_ECOLI	SINGLE	2	114	258	26	4.218e-04	{L}
sp|P76187|YDHF_ECOLI	MULTIPLE	1	114	199	23	4.572e-05	{HL}
sp|P76204|YDIV_ECOLI	SINGLE	1	60	144	21	1.568e-05	{L}
sp|P76204|YDIV_ECOLI	SINGLE	2	169	210	10	2.475e-05	{I}
sp|P76224|YNJC_ECOLI	SINGLE	1	5	498	111	7.419e-19	{L}
sp|P76224|YNJC_ECOLI	SINGLE	2	80	502	26	1.794e-09	{W}
sp|P76224|YNJC_ECOLI	SINGLE	3	2	112	23	1.034e-05	{A}
sp|P76224|YNJC_ECOLI	SINGLE	4	260	274	5	4.635e-04	{R}
sp|P76224|YNJC_ECOLI	SINGLE	5	185	199	6	5.574e-04	{A}
sp|P76224|YNJC_ECOLI	MULTIPLE	1	2	502	205	2.187e-31	{LWA}
sp|P76224|YNJC_ECOLI	WHOLE	1	1	511	112	3.560e-18	{L}
sp|P76224|YNJC_ECOLI	WHOLE	2	1	511	28	5.322e-09	{W}
sp|P76224|YNJC_ECOLI	WHOLE	3	1	511	66	2.277e-05	{A}
sp|P76241|NIMR_ECOLI	SINGLE	1	135	149	6	2.215e-05	{Q}
sp|P76241|NIMR_ECOLI	SINGLE	2	3	48	7	5.302e-05	{H}
sp|P76241|NIMR_ECOLI	SINGLE	3	97	131	9	1.810e-04	{T}
sp|P76241|NIMR_ECOLI	SINGLE	4	87	111	4	5.908e-04	{C}
sp|P76241|NIMR_ECOLI	MULTIPLE	1	97	124	11	3.510e-06	{TC}
sp|P76254|CNTB_ECOLI	SINGLE	1	115	172	8	3.248e-05	{H}
sp|P76254|CNTB_ECOLI	SINGLE	2	268	309	6	4.925e-05	{C}
sp|P76254|CNTB_ECOLI	SINGLE	3	151	298	21	3.846e-04	{E}
sp|P76254|CNTB_ECOLI	MULTIPLE	1	130	298	32	1.380e-05	{HE}
sp|P76261|PDED_ECOLI	SINGLE	1	57	304	46	2.173e-06	{L}
sp|P76261|PDED_ECOLI	SINGLE	2	501	530	8	4.623e-05	{P}
sp|P76261|PDED_ECOLI	SINGLE	3	298	469	20	2.210e-04	{I}
sp|P76261|PDED_ECOLI	MULTIPLE	1	57	471	95	5.233e-07	{LI}
sp|P76261|PDED_ECOLI	WHOLE	1	1	532	72	2.542e-04	{L}
sp|P76268|KDGR_ECOLI	SINGLE	1	159	204	11	1.111e-04	{E}
sp|P76268|KDGR_ECOLI	SINGLE	2	82	250	18	8.219e-04	{R}
sp|P76268|KDGR_ECOLI	MULTIPLE	1	131	207	21	6.235e-05	{ER}
sp|P76270|MSRC_ECOLI	SINGLE	1	67	128	12	4.210e-04	{V}
sp|P76298|FLHA_ECOLI	SINGLE	1	602	677	23	1.504e-07	{L}
sp|P76298|FLHA_ECOLI	SINGLE	2	4	88	24	3.357e-07	{L}
sp|P76298|FLHA_ECOLI	SINGLE	3	293	323	12	8.292e-06	{L}
sp|P76298|FLHA_ECOLI	SINGLE	4	100	460	46	1.022e-05	{G}
sp|P76298|FLHA_ECOLI	SINGLE	5	21	267	28	2.583e-05	{I}
sp|P76298|FLHA_ECOLI	SINGLE	6	1	422	23	4.673e-05	{M}
sp|P76298|FLHA_ECOLI	SINGLE	7	110	375	33	1.575e-04	{V}
sp|P76298|FLHA_ECOLI	SINGLE	8	42	138	12	3.065e-04	{F}
sp|P76298|FLHA_ECOLI	SINGLE	9	473	518	8	5.997e-04	{Q}
sp|P76298|FLHA_ECOLI	MULTIPLE	1	29	88	25	3.307e-08	{LF}
sp|P76298|FLHA_ECOLI	MULTIPLE	2	4	430	198	6.201e-14	{LGIMV}
sp|P76298|FLHA_ECOLI	WHOLE	1	1	692	102	7.656e-07	{L}
sp|P76299|FLHB_ECOLI	SINGLE	1	32	198	35	2.059e-06	{L}
sp|P76299|FLHB_ECOLI	SINGLE	2	170	256	10	1.777e-05	{M}
sp|P76299|FLHB_ECOLI	SINGLE	3	220	254	9	2.616e-05	{R}
sp|P76299|FLHB_ECOLI	SINGLE	4	70	85	6	6.935e-05	{I}
sp|P76299|FLHB_ECOLI	SINGLE	5	249	344	19	1.025e-04	{A}
sp|P76299|FLHB_ECOLI	MULTIPLE	1	32	221	64	2.299e-09	{LMI}
sp|P76299|FLHB_ECOLI	MULTIPLE	2	242	325	25	1.832e-05	{RA}
sp|P76329|MPGP_ECOLI	SINGLE	1	69	100	7	6.733e-04	{I}
sp|P76329|MPGP_ECOLI	SINGLE	2	8	68	14	7.507e-04	{L}
sp|P76345|C56H1_ECOLI	SINGLE	1	63	77	5	4.135e-04	{P}
sp|P76345|C56H1_ECOLI	SINGLE	2	142	156	6	5.574e-04	{A}
sp|P76372|WZZB_ECOLI	SINGLE	1	128	226	21	1.187e-09	{Q}
sp|P76372|WZZB_ECOLI	SINGLE	2	18	70	11	3.812e-05	{I}
sp|P76372|WZZB_ECOLI	WHOLE	1	1	326	31	2.600e-05	{Q}
sp|P76393|YEGI_ECOLI	SINGLE	1	384	411	12	2.388e-06	{L}
sp|P76393|YEGI_ECOLI	SINGLE	2	366	385	7	2.016e-05	{P}
sp|P76393|YEGI_ECOLI	SINGLE	3	274	643	51	3.293e-05	{A}
sp|P76393|YEGI_ECOLI	SINGLE	4	78	242	13	5.843e-05	{H}
sp|P76393|YEGI_ECOLI	SINGLE	5	445	632	22	7.160e-05	{R}
sp|P76393|YEGI_ECOLI	SINGLE	6	394	430	8	3.110e-04	{I}
sp|P76393|YEGI_ECOLI	SINGLE	7	12	27	6	3.425e-04	{G}
sp|P76393|YEGI_ECOLI	SINGLE	8	255	269	5	4.135e-04	{P}
sp|P76393|YEGI_ECOLI	SINGLE	9	56	75	7	4.883e-04	{A}
sp|P76393|YEGI_ECOLI	SINGLE	10	79	95	6	4.943e-04	{G}
sp|P76393|YEGI_ECOLI	SINGLE	11	134	158	7	6.967e-04	{V}
sp|P76393|YEGI_ECOLI	MULTIPLE	1	366	430	34	1.119e-09	{LPI}
sp|P76393|YEGI_ECOLI	MULTIPLE	2	274	647	80	7.688e-07	{AR}
sp|P76393|YEGI_ECOLI	MULTIPLE	3	78	226	43	1.092e-05	{HGV}
sp|P76393|YEGI_ECOLI	WHOLE	1	1	648	72	6.764e-04	{A}
sp|P76446|PDEN_ECOLI	SINGLE	1	12	469	61	8.763e-04	{L}
sp|P76461|ATOB_ECOLI	SINGLE	1	9	376	66	1.701e-10	{A}
sp|P76461|ATOB_ECOLI	SINGLE	2	54	385	41	5.445e-05	{G}
sp|P76461|ATOB_ECOLI	MULTIPLE	1	9	387	111	6.409e-14	{AG}
sp|P76461|ATOB_ECOLI	WHOLE	1	1	394	67	1.185e-09	{A}
sp|P76461|ATOB_ECOLI	WHOLE	2	1	394	44	2.586e-04	{G}
sp|P76472|ARND_ECOLI	SINGLE	1	88	111	6	9.716e-06	{H}
sp|P76472|ARND_ECOLI	SINGLE	2	50	120	7	8.303e-05	{W}
sp|P76472|ARND_ECOLI	SINGLE	3	66	164	18	4.230e-04	{A}
sp|P76472|ARND_ECOLI	MULTIPLE	1	88	115	15	6.296e-08	{HWA}
sp|P76498|YFCO_ECOLI	SINGLE	1	50	180	20	7.035e-04	{S}
sp|P76498|YFCO_ECOLI	SINGLE	2	77	101	6	7.403e-04	{P}
sp|P76498|YFCO_ECOLI	MULTIPLE	1	73	164	25	3.411e-05	{SP}
sp|P76499|YFCP_ECOLI	SINGLE	1	133	150	7	5.415e-06	{N}
sp|P76499|YFCP_ECOLI	SINGLE	2	46	98	11	3.915e-04	{V}
sp|P76500|YFCQ_ECOLI	SINGLE	1	69	90	8	2.850e-05	{T}
sp|P76501|YFCR_ECOLI	SINGLE	1	58	138	15	1.462e-06	{N}
sp|P76506|MLAA_ECOLI	SINGLE	1	110	168	13	8.248e-05	{G}
sp|P76540|EUTK_ECOLI	SINGLE	1	15	64	15	3.358e-06	{A}
sp|P76540|EUTK_ECOLI	WHOLE	1	1	166	26	3.218e-04	{A}
sp|P76542|INTZ_ECOLI	SINGLE	1	44	378	36	3.996e-06	{R}
sp|P76542|INTZ_ECOLI	SINGLE	2	69	393	44	1.448e-04	{A}
sp|P76542|INTZ_ECOLI	MULTIPLE	1	44	387	80	2.306e-08	{RA}
sp|P76542|INTZ_ECOLI	WHOLE	1	1	402	36	1.480e-04	{R}
sp|P76542|INTZ_ECOLI	WHOLE	2	1	402	49	6.352e-04	{A}
sp|P76551|EUTA_ECOLI	SINGLE	1	320	430	23	1.107e-04	{L}
sp|P76551|EUTA_ECOLI	SINGLE	2	115	266	23	1.148e-04	{G}
sp|P76551|EUTA_ECOLI	SINGLE	3	78	416	44	3.360e-04	{A}
sp|P76551|EUTA_ECOLI	SINGLE	4	371	460	15	4.555e-04	{V}
sp|P76551|EUTA_ECOLI	SINGLE	5	239	466	22	6.538e-04	{P}
sp|P76551|EUTA_ECOLI	MULTIPLE	1	103	466	152	9.555e-09	{LAVP}
sp|P76552|EUTH_ECOLI	SINGLE	1	1	390	33	5.165e-11	{M}
sp|P76552|EUTH_ECOLI	SINGLE	2	28	185	29	4.028e-07	{G}
sp|P76552|EUTH_ECOLI	SINGLE	3	126	280	24	5.144e-07	{I}
sp|P76552|EUTH_ECOLI	SINGLE	4	315	406	20	1.800e-05	{A}
sp|P76552|EUTH_ECOLI	SINGLE	5	3	23	6	3.649e-04	{I}
sp|P76552|EUTH_ECOLI	SINGLE	6	310	326	5	5.425e-04	{N}
sp|P76552|EUTH_ECOLI	SINGLE	7	13	52	7	6.984e-04	{F}
sp|P76552|EUTH_ECOLI	SINGLE	8	58	309	38	8.181e-04	{L}
sp|P76552|EUTH_ECOLI	MULTIPLE	1	6	391	238	2.539e-27	{MGIAFL}
sp|P76552|EUTH_ECOLI	WHOLE	1	1	408	33	1.643e-10	{M}
sp|P76552|EUTH_ECOLI	WHOLE	2	1	408	40	1.951e-05	{I}
sp|P76552|EUTH_ECOLI	WHOLE	3	1	408	49	2.469e-05	{G}
sp|P76552|EUTH_ECOLI	WHOLE	4	1	408	52	1.799e-04	{A}
sp|P76555|EUTQ_ECOLI	SINGLE	1	118	160	10	3.271e-04	{G}
sp|P76561|YPFH_ECOLI	SINGLE	1	102	177	16	1.644e-04	{A}
sp|P76655|YQIG_ECOLI	SINGLE	1	4	717	64	2.732e-08	{N}
sp|P76655|YQIG_ECOLI	SINGLE	2	355	703	53	1.521e-07	{S}
sp|P76655|YQIG_ECOLI	SINGLE	3	429	514	12	7.324e-05	{Y}
sp|P76655|YQIG_ECOLI	SINGLE	4	40	363	28	2.637e-04	{Q}
sp|P76655|YQIG_ECOLI	SINGLE	5	241	256	6	5.323e-04	{S}
sp|P76655|YQIG_ECOLI	MULTIPLE	1	161	641	139	1.546e-14	{NSY}
sp|P76655|YQIG_ECOLI	WHOLE	1	1	821	69	9.490e-08	{N}
sp|P76655|YQIG_ECOLI	WHOLE	2	1	821	83	4.555e-04	{S}
sp|P76909|YNJD_ECOLI	SINGLE	1	61	168	23	7.310e-05	{L}
sp|P76909|YNJD_ECOLI	SINGLE	2	100	154	12	7.069e-04	{A}
sp|P76909|YNJD_ECOLI	MULTIPLE	1	81	157	31	8.911e-07	{LA}
sp|P76909|YNJD_ECOLI	WHOLE	1	1	217	35	4.036e-04	{L}
sp|P77156|YDCU_ECOLI	SINGLE	1	27	221	39	1.908e-06	{L}
sp|P77156|YDCU_ECOLI	SINGLE	2	73	153	17	1.103e-04	{A}
sp|P77156|YDCU_ECOLI	SINGLE	3	20	310	25	1.387e-04	{F}
sp|P77156|YDCU_ECOLI	SINGLE	4	108	132	5	1.683e-04	{M}
sp|P77156|YDCU_ECOLI	MULTIPLE	1	20	313	122	1.261e-12	{LAFM}
sp|P77156|YDCU_ECOLI	WHOLE	1	1	313	52	1.227e-05	{L}
sp|P77156|YDCU_ECOLI	WHOLE	2	1	313	25	3.856e-04	{F}
sp|P77170|PINQ_ECOLI	SINGLE	1	125	186	10	5.326e-04	{R}
sp|P77179|RSXE_ECOLI	SINGLE	1	19	59	14	8.097e-06	{L}
sp|P77179|RSXE_ECOLI	SINGLE	2	32	63	10	1.324e-05	{T}
sp|P77179|RSXE_ECOLI	SINGLE	3	67	110	10	3.772e-05	{I}
sp|P77179|RSXE_ECOLI	SINGLE	4	115	222	19	4.520e-04	{A}
sp|P77179|RSXE_ECOLI	MULTIPLE	1	22	59	22	2.044e-09	{LT}
sp|P77183|PAOD_ECOLI	SINGLE	1	38	116	16	3.995e-05	{G}
sp|P77183|PAOD_ECOLI	SINGLE	2	189	215	9	1.207e-04	{A}
sp|P77183|PAOD_ECOLI	SINGLE	3	111	267	27	6.229e-04	{L}
sp|P77196|YFCU_ECOLI	SINGLE	1	510	656	19	2.400e-06	{Y}
sp|P77196|YFCU_ECOLI	SINGLE	2	168	819	74	2.766e-06	{G}
sp|P77196|YFCU_ECOLI	SINGLE	3	828	874	10	4.354e-05	{P}
sp|P77196|YFCU_ECOLI	SINGLE	4	158	283	19	5.000e-05	{D}
sp|P77196|YFCU_ECOLI	SINGLE	5	156	247	8	6.417e-05	{W}
sp|P77196|YFCU_ECOLI	SINGLE	6	694	877	25	2.296e-04	{V}
sp|P77196|YFCU_ECOLI	SINGLE	7	487	584	9	2.457e-04	{M}
sp|P77196|YFCU_ECOLI	SINGLE	8	505	737	22	3.218e-04	{N}
sp|P77196|YFCU_ECOLI	SINGLE	9	453	662	29	3.276e-04	{S}
sp|P77196|YFCU_ECOLI	MULTIPLE	1	154	819	304	1.612e-15	{YGDWMNS}
sp|P77196|YFCU_ECOLI	MULTIPLE	2	694	877	40	1.580e-05	{PV}
sp|P77196|YFCU_ECOLI	WHOLE	1	1	881	74	1.338e-04	{D}
sp|P77196|YFCU_ECOLI	WHOLE	2	1	881	85	1.458e-04	{G}
sp|P77196|YFCU_ECOLI	WHOLE	3	1	881	51	7.953e-04	{Y}
sp|P77213|GCS2_ECOLI	SINGLE	1	71	135	11	8.224e-05	{Q}
sp|P77213|GCS2_ECOLI	SINGLE	2	90	335	15	2.655e-04	{H}
sp|P77213|GCS2_ECOLI	WHOLE	1	1	372	18	9.667e-04	{H}
sp|P77228|YDFJ_ECOLI	SINGLE	1	43	391	44	1.045e-08	{I}
sp|P77228|YDFJ_ECOLI	SINGLE	2	1	396	24	6.388e-06	{M}
sp|P77228|YDFJ_ECOLI	SINGLE	3	33	138	19	4.642e-05	{G}
sp|P77228|YDFJ_ECOLI	SINGLE	4	3	268	22	5.135e-04	{F}
sp|P77228|YDFJ_ECOLI	MULTIPLE	1	9	391	132	1.462e-15	{IMGF}
sp|P77228|YDFJ_ECOLI	WHOLE	1	1	427	46	4.698e-07	{I}
sp|P77228|YDFJ_ECOLI	WHOLE	2	1	427	24	2.073e-05	{M}
sp|P77231|CITG_ECOLI	SINGLE	1	199	219	11	5.369e-07	{L}
sp|P77231|CITG_ECOLI	WHOLE	1	1	292	48	3.183e-05	{L}
sp|P77249|SFMC_ECOLI	SINGLE	1	5	35	8	8.605e-05	{I}
sp|P77249|SFMC_ECOLI	SINGLE	2	19	44	9	8.726e-05	{A}
sp|P77249|SFMC_ECOLI	MULTIPLE	1	11	40	15	7.826e-07	{IA}
sp|P77265|MDLA_ECOLI	SINGLE	1	144	314	16	1.059e-06	{M}
sp|P77265|MDLA_ECOLI	SINGLE	2	22	79	14	1.246e-05	{V}
sp|P77265|MDLA_ECOLI	SINGLE	3	509	554	6	4.164e-04	{H}
sp|P77265|MDLA_ECOLI	SINGLE	4	2	17	5	6.419e-04	{R}
sp|P77265|MDLA_ECOLI	SINGLE	5	74	126	9	6.786e-04	{R}
sp|P77265|MDLA_ECOLI	WHOLE	1	1	590	25	7.988e-04	{M}
sp|P77268|DDPD_ECOLI	SINGLE	1	287	318	6	9.997e-06	{C}
sp|P77268|DDPD_ECOLI	SINGLE	2	82	131	10	9.171e-05	{R}
sp|P77268|DDPD_ECOLI	SINGLE	3	96	166	8	1.355e-04	{M}
sp|P77268|DDPD_ECOLI	SINGLE	4	248	284	8	2.182e-04	{P}
sp|P77268|DDPD_ECOLI	SINGLE	5	246	263	4	5.076e-04	{H}
sp|P77268|DDPD_ECOLI	SINGLE	6	189	244	11	6.255e-04	{V}
sp|P77268|DDPD_ECOLI	MULTIPLE	1	82	166	21	2.178e-07	{RM}
sp|P77268|DDPD_ECOLI	MULTIPLE	2	246	284	13	9.385e-07	{PH}
sp|P77269|YPHF_ECOLI	SINGLE	1	47	304	31	3.930e-04	{V}
sp|P77288|YFCV_ECOLI	SINGLE	1	69	114	13	2.463e-06	{T}
sp|P77288|YFCV_ECOLI	SINGLE	2	8	26	8	4.395e-05	{A}
sp|P77288|YFCV_ECOLI	SINGLE	3	142	161	6	8.840e-04	{K}
sp|P77288|YFCV_ECOLI	WHOLE	1	1	187	26	6.284e-05	{T}
sp|P77293|GTRB_ECOLI	SINGLE	1	3	301	34	3.928e-06	{I}
sp|P77293|GTRB_ECOLI	SINGLE	2	12	35	8	7.996e-05	{E}
sp|P77293|GTRB_ECOLI	SINGLE	3	272	287	6	3.425e-04	{G}
sp|P77293|GTRB_ECOLI	WHOLE	1	1	306	34	6.345e-06	{I}
sp|P77308|DDPB_ECOLI	SINGLE	1	57	279	47	4.078e-08	{L}
sp|P77308|DDPB_ECOLI	SINGLE	2	305	323	8	1.137e-05	{V}
sp|P77308|DDPB_ECOLI	WHOLE	1	1	340	59	9.519e-07	{L}
sp|P77315|YPHD_ECOLI	SINGLE	1	94	298	41	1.081e-06	{L}
sp|P77315|YPHD_ECOLI	SINGLE	2	81	317	36	1.221e-06	{V}
sp|P77315|YPHD_ECOLI	SINGLE	3	115	299	30	3.458e-06	{G}
sp|P77315|YPHD_ECOLI	SINGLE	4	24	79	11	6.400e-05	{I}
sp|P77315|YPHD_ECOLI	SINGLE	5	234	263	9	2.883e-04	{A}
sp|P77315|YPHD_ECOLI	SINGLE	6	186	203	5	4.662e-04	{F}
sp|P77315|YPHD_ECOLI	MULTIPLE	1	81	323	157	2.146e-22	{LVGAF}
sp|P77315|YPHD_ECOLI	WHOLE	1	1	332	55	7.914e-06	{L}
sp|P77315|YPHD_ECOLI	WHOLE	2	1	332	42	1.688e-05	{V}
sp|P77315|YPHD_ECOLI	WHOLE	3	1	332	37	7.006e-04	{G}
sp|P77318|YDEN_ECOLI	SINGLE	1	19	37	8	4.395e-05	{A}
sp|P77318|YDEN_ECOLI	SINGLE	2	451	551	13	2.994e-04	{N}
sp|P77318|YDEN_ECOLI	SINGLE	3	176	504	25	4.649e-04	{Y}
sp|P77318|YDEN_ECOLI	SINGLE	4	379	455	6	8.931e-04	{W}
sp|P77318|YDEN_ECOLI	MULTIPLE	1	173	551	63	5.984e-06	{NYW}
sp|P77329|HYFG_ECOLI	SINGLE	1	102	551	44	4.511e-06	{R}
sp|P77329|HYFG_ECOLI	SINGLE	2	105	196	14	7.095e-05	{P}
sp|P77329|HYFG_ECOLI	SINGLE	3	293	307	5	1.842e-04	{F}
sp|P77329|HYFG_ECOLI	SINGLE	4	277	292	7	2.677e-04	{L}
sp|P77329|HYFG_ECOLI	SINGLE	5	51	79	6	5.635e-04	{Y}
sp|P77329|HYFG_ECOLI	SINGLE	6	406	459	8	9.074e-04	{F}
sp|P77329|HYFG_ECOLI	WHOLE	1	1	555	47	6.979e-05	{R}
sp|P77365|YAFY_ECOLI	SINGLE	1	22	51	8	1.518e-04	{D}
sp|P77368|YBCL_ECOLI	SINGLE	1	43	133	17	6.622e-05	{G}
sp|P77368|YBCL_ECOLI	SINGLE	2	3	111	17	2.674e-04	{T}
sp|P77368|YBCL_ECOLI	MULTIPLE	1	25	127	31	2.267e-06	{GT}
sp|P77375|YDHX_ECOLI	SINGLE	1	46	171	16	2.232e-10	{C}
sp|P77375|YDHX_ECOLI	SINGLE	2	185	199	5	2.936e-04	{Q}
sp|P77375|YDHX_ECOLI	WHOLE	1	1	222	16	6.358e-07	{C}
sp|P77377|WZXC_ECOLI	SINGLE	1	24	471	76	8.807e-08	{L}
sp|P77377|WZXC_ECOLI	SINGLE	2	8	415	42	4.119e-06	{I}
sp|P77377|WZXC_ECOLI	SINGLE	3	85	475	49	5.039e-06	{V}
sp|P77377|WZXC_ECOLI	SINGLE	4	353	367	5	1.842e-04	{F}
sp|P77377|WZXC_ECOLI	MULTIPLE	1	16	475	201	1.333e-19	{LIVF}
sp|P77377|WZXC_ECOLI	WHOLE	1	1	492	79	4.631e-07	{L}
sp|P77377|WZXC_ECOLI	WHOLE	2	1	492	45	3.340e-05	{I}
sp|P77377|WZXC_ECOLI	WHOLE	3	1	492	54	6.148e-05	{V}
sp|P77390|CITC_ECOLI	SINGLE	1	49	64	5	7.294e-04	{I}
sp|P77400|YBAT_ECOLI	SINGLE	1	85	418	59	5.359e-07	{L}
sp|P77400|YBAT_ECOLI	SINGLE	2	25	299	46	5.678e-07	{A}
sp|P77400|YBAT_ECOLI	SINGLE	3	131	419	32	1.211e-05	{I}
sp|P77400|YBAT_ECOLI	SINGLE	4	6	88	17	2.034e-05	{G}
sp|P77400|YBAT_ECOLI	SINGLE	5	3	17	5	2.875e-04	{N}
sp|P77400|YBAT_ECOLI	SINGLE	6	219	393	23	5.923e-04	{V}
sp|P77400|YBAT_ECOLI	SINGLE	7	1	424	20	7.342e-04	{M}
sp|P77400|YBAT_ECOLI	MULTIPLE	1	13	424	255	2.638e-24	{LAIGVM}
sp|P77400|YBAT_ECOLI	WHOLE	1	1	430	66	1.385e-05	{L}
sp|P77400|YBAT_ECOLI	WHOLE	2	1	430	56	6.557e-05	{A}
sp|P77400|YBAT_ECOLI	WHOLE	3	1	430	39	1.149e-04	{I}
sp|P77400|YBAT_ECOLI	WHOLE	4	1	430	20	8.578e-04	{M}
sp|P77409|YDHU_ECOLI	SINGLE	1	189	203	9	1.324e-06	{L}
sp|P77409|YDHU_ECOLI	SINGLE	2	30	127	22	4.635e-05	{L}
sp|P77409|YDHU_ECOLI	SINGLE	3	221	235	5	1.842e-04	{F}
sp|P77409|YDHU_ECOLI	SINGLE	4	5	20	5	4.085e-04	{Q}
sp|P77409|YDHU_ECOLI	SINGLE	5	139	154	5	6.419e-04	{R}
sp|P77409|YDHU_ECOLI	WHOLE	1	1	261	41	2.575e-04	{L}
sp|P77416|HYFD_ECOLI	SINGLE	1	4	419	72	8.438e-08	{L}
sp|P77416|HYFD_ECOLI	SINGLE	2	389	403	6	1.249e-05	{F}
sp|P77416|HYFD_ECOLI	SINGLE	3	55	92	11	1.691e-05	{V}
sp|P77416|HYFD_ECOLI	SINGLE	4	161	260	20	6.006e-05	{A}
sp|P77416|HYFD_ECOLI	SINGLE	5	226	311	8	4.847e-04	{M}
sp|P77416|HYFD_ECOLI	SINGLE	6	256	271	5	7.294e-04	{I}
sp|P77416|HYFD_ECOLI	MULTIPLE	1	1	421	190	3.580e-14	{LFAMI}
sp|P77416|HYFD_ECOLI	WHOLE	1	1	479	78	3.118e-07	{L}
sp|P77416|HYFD_ECOLI	WHOLE	2	1	479	57	4.723e-04	{A}
sp|P77432|LSRK_ECOLI	SINGLE	1	247	305	14	1.527e-05	{V}
sp|P77432|LSRK_ECOLI	SINGLE	2	240	274	10	5.422e-05	{G}
sp|P77432|LSRK_ECOLI	SINGLE	3	16	475	59	6.519e-05	{A}
sp|P77432|LSRK_ECOLI	SINGLE	4	143	261	22	7.077e-04	{L}
sp|P77432|LSRK_ECOLI	MULTIPLE	1	179	283	47	1.891e-07	{VGL}
sp|P77432|LSRK_ECOLI	WHOLE	1	1	530	62	4.422e-04	{A}
sp|P77437|HYFF_ECOLI	SINGLE	1	9	473	94	2.301e-13	{L}
sp|P77437|HYFF_ECOLI	SINGLE	2	376	475	10	5.772e-05	{M}
sp|P77437|HYFF_ECOLI	SINGLE	3	61	96	9	3.656e-04	{G}
sp|P77437|HYFF_ECOLI	SINGLE	4	270	291	6	4.771e-04	{I}
sp|P77437|HYFF_ECOLI	SINGLE	5	64	407	26	6.481e-04	{F}
sp|P77437|HYFF_ECOLI	SINGLE	6	323	396	13	7.630e-04	{G}
sp|P77437|HYFF_ECOLI	MULTIPLE	1	6	476	216	4.793e-19	{LMIFG}
sp|P77437|HYFF_ECOLI	WHOLE	1	1	526	98	1.007e-11	{L}
sp|P77445|EUTE_ECOLI	SINGLE	1	25	410	66	1.243e-09	{A}
sp|P77445|EUTE_ECOLI	SINGLE	2	434	451	8	5.037e-06	{T}
sp|P77445|EUTE_ECOLI	SINGLE	3	9	384	47	8.056e-06	{V}
sp|P77445|EUTE_ECOLI	SINGLE	4	420	445	8	1.697e-04	{G}
sp|P77445|EUTE_ECOLI	SINGLE	5	292	306	5	2.936e-04	{Q}
sp|P77445|EUTE_ECOLI	MULTIPLE	1	25	384	106	8.368e-14	{AV}
sp|P77445|EUTE_ECOLI	MULTIPLE	2	425	447	14	7.777e-08	{TG}
sp|P77445|EUTE_ECOLI	WHOLE	1	1	467	70	8.600e-08	{A}
sp|P77445|EUTE_ECOLI	WHOLE	2	1	467	53	3.128e-05	{V}
sp|P77463|DDPC_ECOLI	SINGLE	1	147	275	24	4.082e-05	{A}
sp|P77463|DDPC_ECOLI	SINGLE	2	1	160	12	1.696e-04	{M}
sp|P77463|DDPC_ECOLI	SINGLE	3	108	123	6	3.425e-04	{G}
sp|P77463|DDPC_ECOLI	SINGLE	4	97	235	17	3.440e-04	{I}
sp|P77463|DDPC_ECOLI	SINGLE	5	23	237	35	3.442e-04	{L}
sp|P77463|DDPC_ECOLI	MULTIPLE	1	37	239	91	6.130e-11	{AMIL}
sp|P77463|DDPC_ECOLI	WHOLE	1	1	298	38	9.921e-04	{A}
sp|P77468|SFMD_ECOLI	SINGLE	1	40	774	65	3.592e-08	{N}
sp|P77468|SFMD_ECOLI	SINGLE	2	188	835	80	4.507e-08	{G}
sp|P77468|SFMD_ECOLI	SINGLE	3	467	492	7	3.431e-05	{Y}
sp|P77468|SFMD_ECOLI	SINGLE	4	521	571	13	3.945e-05	{S}
sp|P77468|SFMD_ECOLI	SINGLE	5	362	384	6	1.831e-04	{F}
sp|P77468|SFMD_ECOLI	SINGLE	6	210	237	4	7.038e-04	{W}
sp|P77468|SFMD_ECOLI	MULTIPLE	1	183	729	238	1.797e-16	{NGYSFW}
sp|P77468|SFMD_ECOLI	WHOLE	1	1	867	67	2.246e-06	{N}
sp|P77468|SFMD_ECOLI	WHOLE	2	1	867	92	3.349e-06	{G}
sp|P77473|PDEB_ECOLI	SINGLE	1	140	462	42	9.080e-09	{I}
sp|P77473|PDEB_ECOLI	SINGLE	2	422	450	7	7.282e-04	{D}
sp|P77473|PDEB_ECOLI	SINGLE	3	247	265	7	8.828e-04	{L}
sp|P77473|PDEB_ECOLI	WHOLE	1	1	516	51	1.496e-06	{I}
sp|P77509|YPHE_ECOLI	SINGLE	1	139	269	22	2.571e-05	{V}
sp|P77509|YPHE_ECOLI	SINGLE	2	8	29	7	3.023e-04	{V}
sp|P77509|YPHE_ECOLI	SINGLE	3	125	156	7	3.177e-04	{Q}
sp|P77509|YPHE_ECOLI	SINGLE	4	288	356	13	3.967e-04	{G}
sp|P77509|YPHE_ECOLI	WHOLE	1	1	503	54	1.040e-04	{V}
sp|P77549|YFCJ_ECOLI	SINGLE	1	47	381	54	1.039e-09	{G}
sp|P77549|YFCJ_ECOLI	SINGLE	2	56	378	50	1.883e-06	{A}
sp|P77549|YFCJ_ECOLI	SINGLE	3	26	323	48	5.157e-05	{L}
sp|P77549|YFCJ_ECOLI	SINGLE	4	186	335	23	7.016e-05	{V}
sp|P77549|YFCJ_ECOLI	SINGLE	5	232	276	8	2.692e-04	{F}
sp|P77549|YFCJ_ECOLI	SINGLE	6	136	303	9	7.858e-04	{W}
sp|P77549|YFCJ_ECOLI	MULTIPLE	1	31	381	223	1.229e-26	{GALVFW}
sp|P77549|YFCJ_ECOLI	WHOLE	1	1	392	56	3.754e-08	{G}
sp|P77549|YFCJ_ECOLI	WHOLE	2	1	392	54	2.090e-05	{A}
sp|P77549|YFCJ_ECOLI	WHOLE	3	1	392	56	2.945e-04	{L}
sp|P77549|YFCJ_ECOLI	WHOLE	4	1	392	41	8.567e-04	{V}
sp|P77561|YDEP_ECOLI	SINGLE	1	422	611	31	4.876e-05	{A}
sp|P77561|YDEP_ECOLI	SINGLE	2	663	710	9	3.282e-04	{R}
sp|P77561|YDEP_ECOLI	SINGLE	3	366	464	16	5.307e-04	{G}
sp|P77561|YDEP_ECOLI	SINGLE	4	344	358	6	5.574e-04	{A}
sp|P77579|PTFC1_ECOLI	SINGLE	1	233	394	30	5.840e-06	{A}
sp|P77579|PTFC1_ECOLI	SINGLE	2	43	350	34	7.236e-06	{I}
sp|P77579|PTFC1_ECOLI	SINGLE	3	85	132	10	1.200e-05	{F}
sp|P77579|PTFC1_ECOLI	SINGLE	4	358	373	4	7.491e-05	{W}
sp|P77579|PTFC1_ECOLI	SINGLE	5	40	404	19	3.240e-04	{M}
sp|P77579|PTFC1_ECOLI	SINGLE	6	2	20	7	3.444e-04	{A}
sp|P77579|PTFC1_ECOLI	SINGLE	7	220	263	10	3.952e-04	{G}
sp|P77579|PTFC1_ECOLI	SINGLE	8	103	135	8	9.330e-04	{G}
sp|P77579|PTFC1_ECOLI	MULTIPLE	1	40	405	178	6.159e-19	{AIFWMG}
sp|P77579|PTFC1_ECOLI	WHOLE	1	1	415	55	4.841e-05	{A}
sp|P77579|PTFC1_ECOLI	WHOLE	2	1	415	39	5.738e-05	{I}
sp|P77579|PTFC1_ECOLI	WHOLE	3	1	415	20	5.767e-04	{M}
sp|P77596|YAGF_ECOLI	SINGLE	1	23	559	65	1.288e-06	{G}
sp|P77596|YAGF_ECOLI	SINGLE	2	98	323	39	1.719e-06	{A}
sp|P77596|YAGF_ECOLI	SINGLE	3	136	154	6	1.731e-04	{R}
sp|P77596|YAGF_ECOLI	SINGLE	4	397	411	5	4.635e-04	{R}
sp|P77596|YAGF_ECOLI	SINGLE	5	460	477	6	6.200e-04	{V}
sp|P77596|YAGF_ECOLI	SINGLE	6	34	52	4	6.290e-04	{M}
sp|P77596|YAGF_ECOLI	MULTIPLE	1	13	559	131	1.444e-09	{GA}
sp|P77596|YAGF_ECOLI	WHOLE	1	1	655	73	5.639e-06	{G}
sp|P77596|YAGF_ECOLI	WHOLE	2	1	655	75	2.590e-04	{A}
sp|P77599|YFCS_ECOLI	SINGLE	1	4	27	9	1.452e-04	{L}
sp|P77599|YFCS_ECOLI	SINGLE	2	55	230	20	1.524e-04	{P}
sp|P77622|DDPF_ECOLI	SINGLE	1	60	229	18	2.961e-04	{Q}
sp|P77622|DDPF_ECOLI	SINGLE	2	75	155	12	3.487e-04	{R}
sp|P77622|DDPF_ECOLI	SINGLE	3	290	306	5	8.659e-04	{R}
sp|P77622|DDPF_ECOLI	MULTIPLE	1	60	229	32	3.884e-05	{QR}
sp|P77668|HYFI_ECOLI	SINGLE	1	188	248	13	4.350e-06	{R}
sp|P77668|HYFI_ECOLI	SINGLE	2	133	185	10	1.230e-04	{P}
sp|P77668|HYFI_ECOLI	SINGLE	3	109	127	7	1.246e-04	{G}
sp|P77672|LSRC_ECOLI	SINGLE	1	14	177	40	6.047e-09	{L}
sp|P77672|LSRC_ECOLI	SINGLE	2	68	268	31	6.701e-06	{G}
sp|P77672|LSRC_ECOLI	SINGLE	3	306	322	6	8.712e-05	{R}
sp|P77672|LSRC_ECOLI	SINGLE	4	75	342	37	2.946e-04	{A}
sp|P77672|LSRC_ECOLI	SINGLE	5	115	292	19	8.202e-04	{I}
sp|P77672|LSRC_ECOLI	MULTIPLE	1	44	301	140	3.825e-18	{LGAI}
sp|P77672|LSRC_ECOLI	WHOLE	1	1	342	61	2.563e-07	{L}
sp|P77682|GTRA_ECOLI	SINGLE	1	39	58	7	6.448e-06	{F}
sp|P77682|GTRA_ECOLI	SINGLE	2	21	46	7	8.914e-04	{V}
sp|P77682|GTRA_ECOLI	MULTIPLE	1	21	58	15	2.229e-06	{FV}
sp|P77682|GTRA_ECOLI	WHOLE	1	1	120	14	1.905e-04	{F}
sp|P77689|SUFD_ECOLI	SINGLE	1	128	255	15	1.305e-07	{H}
sp|P77689|SUFD_ECOLI	SINGLE	2	12	35	7	4.653e-05	{Q}
sp|P77689|SUFD_ECOLI	SINGLE	3	193	334	17	9.985e-05	{N}
sp|P77689|SUFD_ECOLI	SINGLE	4	371	387	5	5.538e-04	{Q}
sp|P77689|SUFD_ECOLI	SINGLE	5	120	241	20	7.862e-04	{A}
sp|P77689|SUFD_ECOLI	MULTIPLE	1	156	334	34	1.155e-08	{HN}
sp|P77689|SUFD_ECOLI	WHOLE	1	1	423	23	4.842e-05	{H}
sp|P77744|ABGR_ECOLI	SINGLE	1	4	220	24	1.878e-05	{Q}
sp|P77744|ABGR_ECOLI	WHOLE	1	1	302	29	3.806e-05	{Q}
sp|P77768|RPNB_ECOLI	SINGLE	1	89	103	4	2.419e-04	{M}
sp|P77768|RPNB_ECOLI	SINGLE	2	231	269	9	5.844e-04	{E}
sp|P77795|YDCT_ECOLI	SINGLE	1	156	184	11	2.434e-05	{L}
sp|P77795|YDCT_ECOLI	SINGLE	2	110	182	10	8.847e-04	{Q}
sp|P77795|YDCT_ECOLI	MULTIPLE	1	116	184	24	4.709e-06	{LQ}
sp|P77804|YDGA_ECOLI	SINGLE	1	275	502	26	5.282e-06	{Q}
sp|P77804|YDGA_ECOLI	SINGLE	2	3	17	6	2.045e-04	{V}
sp|P77804|YDGA_ECOLI	SINGLE	3	144	158	6	3.585e-04	{S}
sp|P77804|YDGA_ECOLI	WHOLE	1	1	502	40	1.015e-04	{Q}
sp|P77858|HYFC_ECOLI	SINGLE	1	70	315	55	3.631e-10	{L}
sp|P77858|HYFC_ECOLI	SINGLE	2	33	52	6	2.355e-04	{R}
sp|P77858|HYFC_ECOLI	SINGLE	3	115	130	5	2.574e-04	{F}
sp|P77858|HYFC_ECOLI	SINGLE	4	71	88	4	5.076e-04	{M}
sp|P77858|HYFC_ECOLI	MULTIPLE	1	70	315	82	1.088e-12	{LFM}
sp|P77858|HYFC_ECOLI	WHOLE	1	1	315	63	2.297e-09	{L}
sp|P78067|YNJE_ECOLI	SINGLE	1	22	416	18	2.637e-05	{W}
sp|P78067|YNJE_ECOLI	SINGLE	2	9	27	8	4.395e-05	{A}
sp|P78067|YNJE_ECOLI	SINGLE	3	267	290	6	5.903e-04	{P}
sp|P78067|YNJE_ECOLI	MULTIPLE	1	9	416	64	1.421e-05	{WA}
sp|P78067|YNJE_ECOLI	WHOLE	1	1	435	18	8.518e-05	{W}
sp|Q2EEQ2|RL362_ECOLI	SINGLE	1	21	45	7	5.249e-04	{K}
sp|Q46798|YGER_ECOLI	SINGLE	1	27	117	19	1.659e-05	{S}
sp|Q46798|YGER_ECOLI	SINGLE	2	34	108	14	1.403e-04	{T}
sp|Q46798|YGER_ECOLI	SINGLE	3	143	177	9	2.937e-04	{G}
sp|Q46798|YGER_ECOLI	MULTIPLE	1	27	117	33	2.508e-08	{ST}
sp|Q46801|XDHC_ECOLI	SINGLE	1	44	155	10	1.199e-05	{C}
sp|Q46801|XDHC_ECOLI	WHOLE	1	1	159	11	4.661e-05	{C}
sp|Q46802|UACR_ECOLI	SINGLE	1	104	451	36	1.598e-05	{I}
sp|Q46802|UACR_ECOLI	SINGLE	2	218	268	7	1.027e-04	{H}
sp|Q46802|UACR_ECOLI	SINGLE	3	173	196	7	5.364e-04	{V}
sp|Q46802|UACR_ECOLI	SINGLE	4	84	109	4	6.870e-04	{C}
sp|Q46802|UACR_ECOLI	SINGLE	5	369	520	26	8.217e-04	{L}
sp|Q46802|UACR_ECOLI	MULTIPLE	1	104	462	50	2.587e-06	{IH}
sp|Q46802|UACR_ECOLI	WHOLE	1	1	592	46	7.800e-04	{I}
sp|Q46803|YGEW_ECOLI	SINGLE	1	279	360	14	5.471e-04	{E}
sp|Q46811|YGFK_ECOLI	SINGLE	1	898	948	9	1.062e-07	{C}
sp|Q46811|YGFK_ECOLI	SINGLE	2	852	1010	21	4.021e-06	{N}
sp|Q46811|YGFK_ECOLI	SINGLE	3	1010	1024	5	1.186e-05	{H}
sp|Q46811|YGFK_ECOLI	SINGLE	4	186	429	39	2.510e-04	{L}
sp|Q46811|YGFK_ECOLI	SINGLE	5	455	511	6	2.674e-04	{C}
sp|Q46811|YGFK_ECOLI	SINGLE	6	20	34	5	2.936e-04	{Q}
sp|Q46811|YGFK_ECOLI	SINGLE	7	554	572	7	3.444e-04	{A}
sp|Q46811|YGFK_ECOLI	SINGLE	8	695	766	11	4.610e-04	{R}
sp|Q46811|YGFK_ECOLI	SINGLE	9	716	733	6	6.250e-04	{E}
sp|Q46811|YGFK_ECOLI	SINGLE	10	592	607	5	7.294e-04	{I}
sp|Q46811|YGFK_ECOLI	MULTIPLE	1	852	1013	32	1.289e-09	{CN}
sp|Q46811|YGFK_ECOLI	MULTIPLE	2	695	772	23	7.731e-06	{RE}
sp|Q46814|XDHD_ECOLI	SINGLE	1	554	922	47	8.437e-06	{G}
sp|Q46814|XDHD_ECOLI	SINGLE	2	210	435	16	3.262e-05	{H}
sp|Q46814|XDHD_ECOLI	SINGLE	3	44	375	45	1.214e-04	{A}
sp|Q46814|XDHD_ECOLI	SINGLE	4	268	322	12	1.368e-04	{V}
sp|Q46814|XDHD_ECOLI	SINGLE	5	581	686	15	1.608e-04	{I}
sp|Q46814|XDHD_ECOLI	SINGLE	6	344	379	8	2.564e-04	{I}
sp|Q46814|XDHD_ECOLI	SINGLE	7	920	934	6	5.574e-04	{A}
sp|Q46814|XDHD_ECOLI	SINGLE	8	278	295	6	6.250e-04	{E}
sp|Q46814|XDHD_ECOLI	MULTIPLE	1	554	937	125	3.784e-10	{GIA}
sp|Q46814|XDHD_ECOLI	MULTIPLE	2	44	437	132	1.017e-08	{HAVI}
sp|Q46814|XDHD_ECOLI	WHOLE	1	1	956	103	2.417e-04	{A}
sp|Q46814|XDHD_ECOLI	WHOLE	2	1	956	70	3.005e-04	{I}
sp|Q46820|UACF_ECOLI	SINGLE	1	12	272	26	2.130e-13	{C}
sp|Q46820|UACF_ECOLI	SINGLE	2	6	25	8	6.750e-05	{A}
sp|Q46820|UACF_ECOLI	SINGLE	3	317	623	37	1.800e-04	{G}
sp|Q46820|UACF_ECOLI	SINGLE	4	605	627	8	2.057e-04	{A}
sp|Q46820|UACF_ECOLI	SINGLE	5	468	545	12	2.482e-04	{R}
sp|Q46820|UACF_ECOLI	SINGLE	6	16	58	6	2.895e-04	{H}
sp|Q46820|UACF_ECOLI	MULTIPLE	1	6	72	20	4.220e-06	{AH}
sp|Q46820|UACF_ECOLI	MULTIPLE	2	314	628	91	1.061e-05	{GAR}
sp|Q46820|UACF_ECOLI	WHOLE	1	1	639	31	6.364e-08	{C}
sp|Q46820|UACF_ECOLI	WHOLE	2	1	639	71	7.187e-04	{A}
sp|Q46824|YGFX_ECOLI	SINGLE	1	4	121	10	1.040e-05	{W}
sp|Q46824|YGFX_ECOLI	SINGLE	2	55	135	14	2.276e-05	{R}
sp|Q46824|YGFX_ECOLI	SINGLE	3	17	48	11	6.795e-05	{L}
sp|Q46824|YGFX_ECOLI	MULTIPLE	1	3	129	48	5.914e-10	{WRL}
sp|Q46824|YGFX_ECOLI	WHOLE	1	1	135	10	3.252e-05	{W}
sp|Q46824|YGFX_ECOLI	WHOLE	2	1	135	16	5.152e-04	{R}
sp|Q46836|PPPA_ECOLI	SINGLE	1	104	268	33	1.044e-05	{L}
sp|Q46836|PPPA_ECOLI	SINGLE	2	120	166	6	6.350e-05	{W}
sp|Q46836|PPPA_ECOLI	MULTIPLE	1	104	268	41	1.353e-07	{LW}
sp|Q46836|PPPA_ECOLI	WHOLE	1	1	269	43	1.340e-04	{L}
sp|Q46863|YGIS_ECOLI	SINGLE	1	127	150	9	4.300e-05	{A}
sp|Q46863|YGIS_ECOLI	SINGLE	2	463	503	8	2.740e-04	{Q}
sp|Q46863|YGIS_ECOLI	SINGLE	3	330	347	6	4.891e-04	{T}
sp|Q46863|YGIS_ECOLI	SINGLE	4	496	521	6	9.176e-04	{P}
sp|Q46863|YGIS_ECOLI	SINGLE	5	490	506	5	9.825e-04	{I}
sp|Q46863|YGIS_ECOLI	MULTIPLE	1	485	506	13	9.589e-07	{QPI}
sp|Q46890|OTNC_ECOLI	SINGLE	1	172	186	6	2.062e-04	{E}
sp|Q46890|OTNC_ECOLI	SINGLE	2	35	61	9	3.896e-04	{L}
sp|Q46891|OTNI_ECOLI	SINGLE	1	22	134	21	1.159e-04	{A}
sp|Q46891|OTNI_ECOLI	SINGLE	2	4	36	7	2.116e-04	{F}
sp|Q46891|OTNI_ECOLI	MULTIPLE	1	4	134	33	1.015e-05	{AF}
sp|Q46908|YGCR_ECOLI	SINGLE	1	6	109	22	1.129e-05	{A}
sp|Q46908|YGCR_ECOLI	SINGLE	2	35	97	16	1.034e-04	{L}
sp|Q46908|YGCR_ECOLI	SINGLE	3	112	258	17	1.571e-04	{Q}
sp|Q46908|YGCR_ECOLI	SINGLE	4	165	231	11	2.505e-04	{R}
sp|Q46908|YGCR_ECOLI	MULTIPLE	1	4	109	41	6.839e-08	{AL}
sp|Q46908|YGCR_ECOLI	MULTIPLE	2	106	258	32	4.659e-06	{QR}
sp|Q46908|YGCR_ECOLI	WHOLE	1	1	259	38	7.841e-05	{A}
sp|Q46911|YGCU_ECOLI	SINGLE	1	438	454	6	1.042e-06	{H}
sp|Q46911|YGCU_ECOLI	SINGLE	2	8	482	44	3.037e-05	{I}
sp|Q46911|YGCU_ECOLI	WHOLE	1	1	484	44	4.558e-05	{I}
sp|Q46915|GUDX_ECOLI	SINGLE	1	115	135	8	2.978e-04	{L}
sp|Q46915|GUDX_ECOLI	SINGLE	2	92	118	8	6.718e-04	{A}
sp|Q46915|GUDX_ECOLI	MULTIPLE	1	107	127	13	4.662e-06	{LA}
sp|Q46939|YQEF_ECOLI	SINGLE	1	20	323	50	3.285e-07	{A}
sp|Q46939|YQEF_ECOLI	SINGLE	2	341	384	10	3.952e-04	{G}
sp|Q46939|YQEF_ECOLI	WHOLE	1	1	393	57	3.024e-06	{A}
sp|Q47005|NAC_ECOLI	SINGLE	1	21	282	37	1.955e-04	{A}
sp|Q47005|NAC_ECOLI	SINGLE	2	20	92	11	2.293e-04	{Q}
sp|Q47005|NAC_ECOLI	SINGLE	3	241	293	11	9.003e-04	{S}
sp|Q47005|NAC_ECOLI	MULTIPLE	1	17	293	83	7.384e-06	{AQS}
sp|Q47013|ELAD_ECOLI	SINGLE	1	147	294	23	8.352e-08	{N}
sp|Q47013|ELAD_ECOLI	SINGLE	2	31	153	23	4.756e-04	{L}
sp|Q47013|ELAD_ECOLI	WHOLE	1	1	403	37	9.775e-06	{N}
sp|Q47083|CBL_ECOLI	SINGLE	1	88	102	6	1.598e-04	{T}
sp|Q47083|CBL_ECOLI	SINGLE	2	162	176	4	2.419e-04	{H}
sp|Q47083|CBL_ECOLI	SINGLE	3	40	295	39	6.008e-04	{L}
sp|Q47129|FEAR_ECOLI	SINGLE	1	181	301	17	4.927e-05	{R}
sp|Q47129|FEAR_ECOLI	SINGLE	2	10	199	21	5.822e-05	{Q}
sp|Q47129|FEAR_ECOLI	SINGLE	3	99	184	18	4.800e-04	{L}
sp|Q47129|FEAR_ECOLI	SINGLE	4	271	289	5	6.080e-04	{F}
sp|Q47129|FEAR_ECOLI	MULTIPLE	1	76	250	58	1.117e-06	{RQL}
sp|Q47142|HCAT_ECOLI	SINGLE	1	31	175	33	6.066e-07	{L}
sp|Q47142|HCAT_ECOLI	SINGLE	2	47	368	46	3.211e-05	{A}
sp|Q47142|HCAT_ECOLI	SINGLE	3	8	292	14	8.778e-05	{W}
sp|Q47142|HCAT_ECOLI	SINGLE	4	12	26	5	1.842e-04	{F}
sp|Q47142|HCAT_ECOLI	MULTIPLE	1	8	371	143	2.261e-13	{LAWF}
sp|Q47142|HCAT_ECOLI	WHOLE	1	1	379	58	4.336e-05	{L}
sp|Q47142|HCAT_ECOLI	WHOLE	2	1	379	15	4.636e-04	{W}
sp|Q47142|HCAT_ECOLI	WHOLE	3	1	379	47	5.640e-04	{A}
sp|Q47151|YAFL_ECOLI	SINGLE	1	2	35	10	8.263e-05	{S}
sp|Q47151|YAFL_ECOLI	SINGLE	2	39	241	22	2.042e-04	{R}
sp|Q47151|YAFL_ECOLI	SINGLE	3	31	202	12	3.203e-04	{H}
sp|Q47151|YAFL_ECOLI	SINGLE	4	40	84	8	5.178e-04	{Q}
sp|Q47151|YAFL_ECOLI	MULTIPLE	1	39	241	47	7.908e-07	{RHQ}
sp|Q47156|YAFN_ECOLI	SINGLE	1	65	79	5	4.635e-04	{R}
sp|Q47156|YAFN_ECOLI	SINGLE	2	80	94	5	9.005e-04	{D}
sp|Q47537|TAUA_ECOLI	SINGLE	1	11	87	19	4.377e-06	{A}
sp|Q47537|TAUA_ECOLI	SINGLE	2	23	319	33	9.352e-04	{V}
sp|Q47537|TAUA_ECOLI	MULTIPLE	1	11	319	77	3.238e-07	{AV}
sp|Q47537|TAUA_ECOLI	WHOLE	1	1	320	45	5.465e-05	{A}
sp|Q47539|TAUC_ECOLI	SINGLE	1	4	267	49	1.057e-06	{L}
sp|Q47539|TAUC_ECOLI	SINGLE	2	152	253	20	7.920e-05	{A}
sp|Q47539|TAUC_ECOLI	SINGLE	3	87	252	20	1.410e-04	{I}
sp|Q47539|TAUC_ECOLI	SINGLE	4	16	39	4	3.879e-04	{W}
sp|Q47539|TAUC_ECOLI	SINGLE	5	49	132	12	3.881e-04	{P}
sp|Q47539|TAUC_ECOLI	MULTIPLE	1	14	263	125	1.495e-13	{LAIWP}
sp|Q47539|TAUC_ECOLI	WHOLE	1	1	275	49	3.303e-06	{L}
sp|Q47622|SAPA_ECOLI	SINGLE	1	402	416	6	2.045e-04	{V}
sp|Q47622|SAPA_ECOLI	SINGLE	2	98	153	9	2.483e-04	{F}
sp|Q47622|SAPA_ECOLI	SINGLE	3	298	354	13	2.850e-04	{A}
sp|Q47622|SAPA_ECOLI	SINGLE	4	130	144	5	2.875e-04	{N}
sp|Q47622|SAPA_ECOLI	SINGLE	5	243	525	42	6.517e-04	{L}
sp|Q47622|SAPA_ECOLI	SINGLE	6	68	292	22	7.519e-04	{R}
sp|Q47622|SAPA_ECOLI	SINGLE	7	205	232	6	9.375e-04	{Q}
sp|Q47622|SAPA_ECOLI	MULTIPLE	1	98	156	16	1.192e-05	{FN}
sp|Q47622|SAPA_ECOLI	MULTIPLE	2	259	515	72	3.958e-06	{AL}
sp|Q47622|SAPA_ECOLI	MULTIPLE	3	97	288	31	6.733e-04	{RQ}
sp|Q47689|MMUP_ECOLI	SINGLE	1	137	299	24	1.267e-06	{I}
sp|Q47689|MMUP_ECOLI	SINGLE	2	111	293	22	2.462e-06	{F}
sp|Q47689|MMUP_ECOLI	SINGLE	3	97	130	6	9.668e-06	{W}
sp|Q47689|MMUP_ECOLI	SINGLE	4	58	424	45	1.895e-05	{V}
sp|Q47689|MMUP_ECOLI	SINGLE	5	45	466	54	1.283e-04	{A}
sp|Q47689|MMUP_ECOLI	SINGLE	6	25	228	27	2.816e-04	{G}
sp|Q47689|MMUP_ECOLI	MULTIPLE	1	25	451	219	4.560e-18	{IFWVAG}
sp|Q47689|MMUP_ECOLI	WHOLE	1	1	467	35	1.225e-04	{F}
sp|Q47689|MMUP_ECOLI	WHOLE	2	1	467	48	5.301e-04	{V}
sp|Q47689|MMUP_ECOLI	WHOLE	3	1	467	55	7.082e-04	{A}
sp|Q47706|UIDC_ECOLI	SINGLE	1	50	402	45	1.236e-05	{G}
sp|Q47706|UIDC_ECOLI	SINGLE	2	6	31	9	8.726e-05	{A}
sp|Q47706|UIDC_ECOLI	SINGLE	3	162	181	4	1.878e-04	{W}
sp|Q47706|UIDC_ECOLI	SINGLE	4	70	85	5	2.180e-04	{Y}
sp|Q47706|UIDC_ECOLI	MULTIPLE	1	50	408	78	5.411e-08	{GWY}
sp|Q47706|UIDC_ECOLI	WHOLE	1	1	421	47	1.734e-04	{G}
sp|Q57083|PERR_ECOLI	SINGLE	1	262	277	5	1.688e-05	{H}
sp|Q57083|PERR_ECOLI	SINGLE	2	3	293	48	2.923e-05	{L}
sp|Q57083|PERR_ECOLI	SINGLE	3	5	28	9	4.300e-05	{A}
sp|Q57083|PERR_ECOLI	SINGLE	4	150	171	6	3.601e-04	{P}
sp|Q57083|PERR_ECOLI	MULTIPLE	1	3	293	102	5.303e-06	{HLAP}
sp|Q57083|PERR_ECOLI	WHOLE	1	1	297	48	4.768e-05	{L}
sp|Q6BEX0|YTFR_ECOLI	SINGLE	1	306	498	24	2.143e-05	{I}
sp|Q6BEX0|YTFR_ECOLI	SINGLE	2	109	478	35	6.641e-05	{R}
sp|Q6BEX0|YTFR_ECOLI	SINGLE	3	364	409	8	5.997e-04	{Q}
sp|Q6BEX0|YTFR_ECOLI	SINGLE	4	412	465	13	7.168e-04	{L}
sp|Q6BEX0|YTFR_ECOLI	MULTIPLE	1	105	498	120	1.239e-08	{IRL}
sp|Q6BEX0|YTFR_ECOLI	WHOLE	1	1	500	40	9.382e-04	{I}
sp|Q6BEX0|YTFR_ECOLI	WHOLE	2	1	500	39	9.912e-04	{R}
sp|A0A385XJE6|INH21_ECOLI	SINGLE	1	28	177	11	3.675e-04	{M}
sp|A0A385XJE6|INH21_ECOLI	SINGLE	2	165	211	6	4.669e-04	{H}
sp|A0A385XJE6|INH21_ECOLI	MULTIPLE	1	60	201	18	3.604e-05	{MH}
sp|A0A385XJL4|INSB9_ECOLI	SINGLE	1	120	141	6	4.110e-04	{R}
sp|A0A385XJL4|INSB9_ECOLI	SINGLE	2	115	165	6	7.169e-04	{H}
sp|A0A385XJL4|INSB9_ECOLI	MULTIPLE	1	109	165	13	9.338e-05	{RH}
sp|A5A605|YKFM_ECOLI	SINGLE	1	10	64	13	1.357e-07	{F}
sp|A5A605|YKFM_ECOLI	SINGLE	2	39	111	16	3.595e-07	{I}
sp|A5A605|YKFM_ECOLI	SINGLE	3	120	147	7	1.297e-04	{N}
sp|A5A605|YKFM_ECOLI	MULTIPLE	1	10	114	34	9.105e-12	{FI}
sp|A5A605|YKFM_ECOLI	WHOLE	1	1	159	21	2.757e-05	{I}
sp|A5A605|YKFM_ECOLI	WHOLE	2	1	159	18	3.995e-05	{F}
sp|A5A615|YNCL_ECOLI	SINGLE	1	13	30	5	4.662e-04	{F}
sp|A5A624|DINQ_ECOLI	SINGLE	1	9	26	9	9.630e-06	{L}
sp|A5A624|DINQ_ECOLI	WHOLE	1	1	27	9	3.896e-04	{L}
sp|A5A630|YTCA_ECOLI	SINGLE	1	18	74	11	7.538e-05	{I}
sp|C1P601|RZOQ_ECOLI	SINGLE	1	25	60	9	2.734e-05	{P}
sp|C1P601|RZOQ_ECOLI	SINGLE	2	6	20	7	1.659e-04	{L}
sp|C1P602|YOAK_ECOLI	SINGLE	1	7	23	5	3.504e-04	{F}
sp|C1P602|YOAK_ECOLI	SINGLE	2	3	24	6	4.771e-04	{I}
sp|C1P602|YOAK_ECOLI	MULTIPLE	1	3	24	11	6.566e-07	{FI}
sp|C1P609|YOHP_ECOLI	SINGLE	1	1	15	5	5.275e-04	{I}
sp|C1P611|SHOB_ECOLI	SINGLE	1	8	22	6	4.559e-05	{I}
sp|P03061|LPIV_ECOLI	SINGLE	1	14	28	9	6.835e-08	{V}
sp|P03061|LPIV_ECOLI	WHOLE	1	1	32	9	1.224e-04	{V}
sp|P03835|INSG_ECOLI	SINGLE	1	292	406	12	7.331e-06	{M}
sp|P03835|INSG_ECOLI	SINGLE	2	7	412	58	2.390e-04	{L}
sp|P03835|INSG_ECOLI	SINGLE	3	12	427	36	2.697e-04	{R}
sp|P03835|INSG_ECOLI	MULTIPLE	1	7	422	114	2.486e-09	{MLR}
sp|P03835|INSG_ECOLI	WHOLE	1	1	442	22	2.202e-04	{M}
sp|P03835|INSG_ECOLI	WHOLE	2	1	442	36	7.340e-04	{R}
sp|P03841|MALM_ECOLI	SINGLE	1	227	247	9	1.235e-05	{A}
sp|P03841|MALM_ECOLI	SINGLE	2	47	70	7	4.653e-05	{Q}
sp|P03841|MALM_ECOLI	SINGLE	3	21	254	25	7.150e-05	{P}
sp|P03841|MALM_ECOLI	SINGLE	4	50	66	6	3.477e-04	{T}
sp|P03841|MALM_ECOLI	SINGLE	5	212	226	6	3.585e-04	{S}
sp|P03841|MALM_ECOLI	MULTIPLE	1	32	248	62	2.162e-07	{QPT}
sp|P08245|YCIH_ECOLI	SINGLE	1	62	104	10	1.898e-04	{K}
sp|P08369|CRED_ECOLI	SINGLE	1	301	414	30	7.147e-08	{L}
sp|P08369|CRED_ECOLI	SINGLE	2	148	215	14	9.620e-05	{G}
sp|P08369|CRED_ECOLI	SINGLE	3	231	313	11	2.983e-04	{F}
sp|P08369|CRED_ECOLI	SINGLE	4	352	366	5	5.275e-04	{I}
sp|P08369|CRED_ECOLI	WHOLE	1	1	450	63	2.375e-04	{L}
sp|P08371|PPDB_ECOLI	SINGLE	1	10	53	12	3.534e-04	{L}
sp|P08372|PPDC_ECOLI	SINGLE	1	46	78	9	7.133e-06	{Q}
sp|P08372|PPDC_ECOLI	SINGLE	2	17	38	5	8.914e-05	{M}
sp|P08372|PPDC_ECOLI	WHOLE	1	1	107	13	5.321e-04	{Q}
sp|P08390|USG_ECOLI	SINGLE	1	8	86	17	8.091e-05	{A}
sp|P08390|USG_ECOLI	SINGLE	2	106	129	7	5.364e-04	{V}
sp|P09127|HEMX_ECOLI	SINGLE	1	60	120	16	4.225e-09	{Q}
sp|P09127|HEMX_ECOLI	SINGLE	2	36	170	29	3.992e-07	{A}
sp|P09127|HEMX_ECOLI	SINGLE	3	366	389	10	5.486e-06	{A}
sp|P09127|HEMX_ECOLI	SINGLE	4	152	231	15	2.418e-05	{D}
sp|P09127|HEMX_ECOLI	SINGLE	5	223	240	7	1.415e-04	{S}
sp|P09127|HEMX_ECOLI	SINGLE	6	376	390	5	4.135e-04	{P}
sp|P09127|HEMX_ECOLI	SINGLE	7	261	303	8	7.210e-04	{R}
sp|P09127|HEMX_ECOLI	MULTIPLE	1	41	170	46	5.492e-12	{QA}
sp|P09127|HEMX_ECOLI	MULTIPLE	2	366	390	16	2.208e-09	{AP}
sp|P09127|HEMX_ECOLI	MULTIPLE	3	151	240	30	2.843e-07	{DS}
sp|P09127|HEMX_ECOLI	WHOLE	1	1	393	38	2.676e-06	{Q}
sp|P09127|HEMX_ECOLI	WHOLE	2	1	393	56	6.006e-06	{A}
sp|P09153|TFAE_ECOLI	SINGLE	1	126	148	9	2.916e-05	{A}
sp|P09153|TFAE_ECOLI	SINGLE	2	164	188	7	5.349e-04	{T}
sp|P0A772|NRDI_ECOLI	SINGLE	1	16	131	15	3.108e-04	{R}
sp|P0A772|NRDI_ECOLI	SINGLE	2	50	102	11	4.649e-04	{G}
sp|P0A772|NRDI_ECOLI	MULTIPLE	1	50	102	18	1.012e-05	{RG}
sp|P0A7C8|PSIE_ECOLI	SINGLE	1	16	35	9	2.743e-05	{L}
sp|P0A7C8|PSIE_ECOLI	SINGLE	2	65	89	7	3.276e-05	{F}
sp|P0A7C8|PSIE_ECOLI	SINGLE	3	92	123	8	1.091e-04	{I}
sp|P0A7C8|PSIE_ECOLI	WHOLE	1	1	136	26	1.601e-04	{L}
sp|P0A8A0|YEBC_ECOLI	SINGLE	1	146	228	14	1.378e-04	{D}
sp|P0A8A0|YEBC_ECOLI	SINGLE	2	2	213	32	1.540e-04	{A}
sp|P0A8A0|YEBC_ECOLI	SINGLE	3	73	94	7	3.432e-04	{G}
sp|P0A8A0|YEBC_ECOLI	MULTIPLE	1	35	210	65	9.287e-08	{DAG}
sp|P0A8A0|YEBC_ECOLI	WHOLE	1	1	246	34	4.705e-04	{A}
sp|P0A8A2|YEEN_ECOLI	SINGLE	1	149	223	16	1.648e-05	{E}
sp|P0A8A2|YEEN_ECOLI	SINGLE	2	73	91	7	1.246e-04	{G}
sp|P0A8A2|YEEN_ECOLI	SINGLE	3	211	227	6	1.949e-04	{D}
sp|P0A8A2|YEEN_ECOLI	SINGLE	4	4	72	13	2.082e-04	{K}
sp|P0A8A2|YEEN_ECOLI	MULTIPLE	1	143	227	27	1.002e-06	{ED}
sp|P0A8C4|YGFB_ECOLI	SINGLE	1	147	163	8	4.231e-06	{E}
sp|P0A8C4|YGFB_ECOLI	SINGLE	2	77	150	14	3.979e-05	{D}
sp|P0A8C4|YGFB_ECOLI	SINGLE	3	1	71	7	7.599e-04	{M}
sp|P0A8D3|YAII_ECOLI	SINGLE	1	74	89	7	9.989e-05	{A}
sp|P0A8D3|YAII_ECOLI	SINGLE	2	20	151	17	1.400e-04	{R}
sp|P0A8D3|YAII_ECOLI	MULTIPLE	1	20	151	36	3.190e-06	{AR}
sp|P0A8D3|YAII_ECOLI	WHOLE	1	1	152	17	6.680e-04	{R}
sp|P0A8J4|YBED_ECOLI	SINGLE	1	19	35	6	4.421e-04	{V}
sp|P0A8K8|YIHY_ECOLI	SINGLE	1	147	196	15	2.199e-05	{L}
sp|P0A8K8|YIHY_ECOLI	SINGLE	2	55	79	7	3.276e-05	{F}
sp|P0A8K8|YIHY_ECOLI	SINGLE	3	69	268	22	2.430e-04	{I}
sp|P0A8K8|YIHY_ECOLI	SINGLE	4	128	259	8	6.959e-04	{W}
sp|P0A8K8|YIHY_ECOLI	SINGLE	5	16	50	10	7.143e-04	{L}
sp|P0A8K8|YIHY_ECOLI	MULTIPLE	1	109	272	55	7.343e-09	{LIW}
sp|P0A8K8|YIHY_ECOLI	WHOLE	1	1	290	44	3.336e-04	{L}
sp|P0A8L7|YCIU_ECOLI	SINGLE	1	2	87	15	5.619e-05	{D}
sp|P0A8L7|YCIU_ECOLI	WHOLE	1	1	109	16	2.438e-04	{D}
sp|P0A8R7|YCJF_ECOLI	SINGLE	1	124	140	7	6.888e-06	{R}
sp|P0A8R7|YCJF_ECOLI	SINGLE	2	25	312	43	2.030e-05	{A}
sp|P0A8R7|YCJF_ECOLI	SINGLE	3	73	117	11	1.072e-04	{G}
sp|P0A8R7|YCJF_ECOLI	SINGLE	4	89	127	5	2.538e-04	{W}
sp|P0A8R7|YCJF_ECOLI	SINGLE	5	19	202	19	2.820e-04	{Q}
sp|P0A8R7|YCJF_ECOLI	SINGLE	6	236	264	9	6.862e-04	{L}
sp|P0A8R7|YCJF_ECOLI	MULTIPLE	1	24	309	155	2.408e-12	{RAGWQL}
sp|P0A8R7|YCJF_ECOLI	WHOLE	1	1	353	31	5.049e-04	{R}
sp|P0A8T5|FLIE_ECOLI	SINGLE	1	72	102	6	4.555e-05	{M}
sp|P0A8T5|FLIE_ECOLI	SINGLE	2	5	103	13	2.587e-04	{Q}
sp|P0A8T5|FLIE_ECOLI	SINGLE	3	16	56	10	7.827e-04	{A}
sp|P0A8T5|FLIE_ECOLI	MULTIPLE	1	1	103	36	1.007e-07	{MQA}
sp|P0A8T5|FLIE_ECOLI	WHOLE	1	1	104	13	4.099e-04	{Q}
sp|P0A8U2|YAFD_ECOLI	SINGLE	1	196	227	11	1.402e-07	{R}
sp|P0A8U2|YAFD_ECOLI	SINGLE	2	15	37	6	4.644e-04	{P}
sp|P0A8W8|YFBU_ECOLI	SINGLE	1	1	20	5	5.484e-05	{M}
sp|P0A8W8|YFBU_ECOLI	SINGLE	2	28	49	6	4.110e-04	{R}
sp|P0A8W8|YFBU_ECOLI	WHOLE	1	1	164	11	7.452e-04	{M}
sp|P0A8X2|YCEI_ECOLI	SINGLE	1	51	135	15	1.569e-04	{T}
sp|P0A8X2|YCEI_ECOLI	SINGLE	2	35	61	6	4.578e-04	{F}
sp|P0A8X2|YCEI_ECOLI	SINGLE	3	142	159	6	6.921e-04	{G}
sp|P0A8X2|YCEI_ECOLI	MULTIPLE	1	51	131	20	8.766e-05	{TF}
sp|P0A8X4|YCCT_ECOLI	SINGLE	1	9	133	23	5.907e-04	{L}
sp|P0A8Z7|YQIA_ECOLI	SINGLE	1	58	72	6	2.293e-04	{G}
sp|P0A8Z7|YQIA_ECOLI	SINGLE	2	30	44	5	4.135e-04	{P}
sp|P0A905|SLYB_ECOLI	SINGLE	1	55	101	17	3.235e-09	{G}
sp|P0A905|SLYB_ECOLI	SINGLE	2	5	152	25	7.162e-06	{V}
sp|P0A905|SLYB_ECOLI	SINGLE	3	87	105	7	3.444e-04	{A}
sp|P0A905|SLYB_ECOLI	MULTIPLE	1	5	152	51	2.110e-11	{GV}
sp|P0A905|SLYB_ECOLI	WHOLE	1	1	155	26	7.825e-06	{G}
sp|P0A905|SLYB_ECOLI	WHOLE	2	1	155	25	1.571e-05	{V}
sp|P0A9A2|FTNB_ECOLI	SINGLE	1	47	61	4	2.419e-04	{M}
sp|P0A9K1|PHOH_ECOLI	SINGLE	1	103	120	7	1.073e-05	{R}
sp|P0A9K1|PHOH_ECOLI	SINGLE	2	171	190	7	4.883e-04	{A}
sp|P0A9K1|PHOH_ECOLI	WHOLE	1	1	354	31	5.271e-04	{R}
sp|P0A9K3|PHOL_ECOLI	SINGLE	1	321	344	8	7.996e-05	{E}
sp|P0A9K3|PHOL_ECOLI	SINGLE	2	314	336	8	2.057e-04	{A}
sp|P0A9K3|PHOL_ECOLI	SINGLE	3	3	297	28	4.308e-04	{I}
sp|P0A9K3|PHOL_ECOLI	MULTIPLE	1	319	344	15	3.139e-07	{EA}
sp|P0A9T6|YBAQ_ECOLI	SINGLE	1	81	107	8	1.973e-04	{E}
sp|P0A9T6|YBAQ_ECOLI	SINGLE	2	15	34	8	2.030e-04	{L}
sp|P0A9T8|YBBA_ECOLI	SINGLE	1	23	224	36	5.237e-05	{L}
sp|P0A9T8|YBBA_ECOLI	SINGLE	2	17	71	11	6.364e-04	{G}
sp|P0A9T8|YBBA_ECOLI	MULTIPLE	1	17	224	59	1.892e-06	{LG}
sp|P0A9T8|YBBA_ECOLI	WHOLE	1	1	228	37	2.611e-04	{L}
sp|P0A9U8|YDIO_ECOLI	SINGLE	1	246	333	18	9.985e-05	{A}
sp|P0A9U8|YDIO_ECOLI	SINGLE	2	205	337	11	1.352e-04	{M}
sp|P0A9U8|YDIO_ECOLI	SINGLE	3	345	359	5	4.635e-04	{R}
sp|P0A9U8|YDIO_ECOLI	SINGLE	4	108	157	10	6.665e-04	{T}
sp|P0A9U8|YDIO_ECOLI	SINGLE	5	217	241	7	7.029e-04	{E}
sp|P0A9U8|YDIO_ECOLI	MULTIPLE	1	223	337	28	4.931e-06	{AM}
sp|P0A9U8|YDIO_ECOLI	WHOLE	1	1	383	19	5.562e-04	{M}
sp|P0A9V5|YIAG_ECOLI	SINGLE	1	22	36	6	1.598e-04	{T}
sp|P0A9W9|YRDA_ECOLI	SINGLE	1	26	52	8	1.953e-04	{V}
sp|P0A9W9|YRDA_ECOLI	SINGLE	2	22	36	5	9.005e-04	{D}
sp|P0A9W9|YRDA_ECOLI	MULTIPLE	1	19	52	15	2.654e-06	{VD}
sp|P0AA49|YFDV_ECOLI	SINGLE	1	131	145	7	3.040e-06	{I}
sp|P0AA49|YFDV_ECOLI	SINGLE	2	76	90	6	1.249e-05	{F}
sp|P0AA49|YFDV_ECOLI	SINGLE	3	33	293	40	2.099e-05	{A}
sp|P0AA49|YFDV_ECOLI	SINGLE	4	236	268	11	9.253e-05	{L}
sp|P0AA49|YFDV_ECOLI	SINGLE	5	175	190	6	3.059e-04	{V}
sp|P0AA49|YFDV_ECOLI	MULTIPLE	1	39	278	113	4.338e-10	{IALV}
sp|P0AA49|YFDV_ECOLI	WHOLE	1	1	314	41	4.474e-04	{A}
sp|P0AA70|YEDA_ECOLI	SINGLE	1	50	79	15	1.044e-08	{L}
sp|P0AA70|YEDA_ECOLI	SINGLE	2	119	234	17	4.117e-05	{I}
sp|P0AA70|YEDA_ECOLI	SINGLE	3	178	197	5	5.484e-05	{M}
sp|P0AA70|YEDA_ECOLI	SINGLE	4	248	299	12	7.869e-05	{V}
sp|P0AA70|YEDA_ECOLI	SINGLE	5	128	222	17	1.124e-04	{G}
sp|P0AA70|YEDA_ECOLI	SINGLE	6	81	106	8	1.470e-04	{V}
sp|P0AA70|YEDA_ECOLI	SINGLE	7	180	253	15	3.839e-04	{A}
sp|P0AA70|YEDA_ECOLI	MULTIPLE	1	128	246	58	4.021e-11	{IMGA}
sp|P0AA70|YEDA_ECOLI	WHOLE	1	1	306	51	1.344e-05	{L}
sp|P0AA91|YEAY_ECOLI	SINGLE	1	166	183	8	8.226e-06	{G}
sp|P0AA91|YEAY_ECOLI	SINGLE	2	163	179	4	9.652e-05	{W}
sp|P0AA91|YEAY_ECOLI	SINGLE	3	156	184	7	2.640e-04	{P}
sp|P0AA91|YEAY_ECOLI	SINGLE	4	38	69	7	3.177e-04	{Q}
sp|P0AA91|YEAY_ECOLI	MULTIPLE	1	156	184	19	5.468e-11	{GWP}
sp|P0AA91|YEAY_ECOLI	WHOLE	1	1	193	26	2.738e-04	{G}
sp|P0AAA1|YAGU_ECOLI	SINGLE	1	98	123	8	1.470e-04	{V}
sp|P0AAA1|YAGU_ECOLI	SINGLE	2	70	176	12	7.165e-04	{F}
sp|P0AAA1|YAGU_ECOLI	MULTIPLE	1	109	124	8	7.316e-05	{VF}
sp|P0AAA3|ECPA_ECOLI	SINGLE	1	12	194	30	7.518e-07	{T}
sp|P0AAA3|ECPA_ECOLI	SINGLE	2	20	37	8	2.760e-05	{A}
sp|P0AAA3|ECPA_ECOLI	MULTIPLE	1	20	175	46	3.040e-07	{TA}
sp|P0AAA3|ECPA_ECOLI	WHOLE	1	1	195	30	2.764e-06	{T}
sp|P0AAA5|YMCE_ECOLI	SINGLE	1	11	25	5	1.842e-04	{F}
sp|P0AAC4|YBHL_ECOLI	SINGLE	1	32	227	35	6.255e-05	{L}
sp|P0AAC4|YBHL_ECOLI	SINGLE	2	1	192	13	2.479e-04	{M}
sp|P0AAC4|YBHL_ECOLI	SINGLE	3	33	47	6	5.574e-04	{A}
sp|P0AAC4|YBHL_ECOLI	MULTIPLE	1	15	227	73	9.152e-08	{LMA}
sp|P0AAC4|YBHL_ECOLI	WHOLE	1	1	234	14	4.876e-04	{M}
sp|P0AAC4|YBHL_ECOLI	WHOLE	2	1	234	36	7.671e-04	{L}
sp|P0AAE5|ARCD_ECOLI	SINGLE	1	5	448	78	1.419e-08	{L}
sp|P0AAE5|ARCD_ECOLI	SINGLE	2	194	256	14	3.282e-05	{V}
sp|P0AAE5|ARCD_ECOLI	SINGLE	3	9	332	46	3.705e-05	{A}
sp|P0AAE5|ARCD_ECOLI	SINGLE	4	263	277	4	2.419e-04	{M}
sp|P0AAE5|ARCD_ECOLI	MULTIPLE	1	5	459	196	3.953e-16	{LVAM}
sp|P0AAE5|ARCD_ECOLI	WHOLE	1	1	460	79	3.034e-08	{L}
sp|P0AAE5|ARCD_ECOLI	WHOLE	2	1	460	56	3.162e-04	{A}
sp|P0AAK4|HYDN_ECOLI	SINGLE	1	12	154	18	2.010e-11	{C}
sp|P0AAK4|HYDN_ECOLI	SINGLE	2	96	111	6	3.059e-04	{V}
sp|P0AAK4|HYDN_ECOLI	WHOLE	1	1	175	18	5.625e-10	{C}
sp|P0AAL6|YDHY_ECOLI	SINGLE	1	68	193	17	2.346e-11	{C}
sp|P0AAL6|YDHY_ECOLI	SINGLE	2	100	114	7	2.093e-05	{G}
sp|P0AAL6|YDHY_ECOLI	SINGLE	3	8	39	11	6.795e-05	{L}
sp|P0AAL6|YDHY_ECOLI	WHOLE	1	1	208	18	8.569e-09	{C}
sp|P0AAN1|HYBE_ECOLI	SINGLE	1	103	119	7	9.321e-05	{S}
sp|P0AAP5|IPRA_ECOLI	SINGLE	1	47	172	16	3.340e-04	{I}
sp|P0AAQ2|YAJD_ECOLI	SINGLE	1	45	73	7	2.248e-06	{H}
sp|P0AAR5|YBAN_ECOLI	SINGLE	1	37	113	7	1.372e-04	{W}
sp|P0AAR5|YBAN_ECOLI	SINGLE	2	79	109	10	2.539e-04	{L}
sp|P0AAR5|YBAN_ECOLI	SINGLE	3	1	15	5	5.275e-04	{I}
sp|P0AAR5|YBAN_ECOLI	MULTIPLE	1	49	113	19	2.413e-05	{WL}
sp|P0AAR5|YBAN_ECOLI	WHOLE	1	1	125	8	4.934e-04	{W}
sp|P0AAR8|YBAV_ECOLI	SINGLE	1	15	86	22	1.429e-08	{A}
sp|P0AAR8|YBAV_ECOLI	WHOLE	1	1	123	24	1.882e-05	{A}
sp|P0AAS0|YLAC_ECOLI	SINGLE	1	27	79	10	2.931e-05	{F}
sp|P0AAU7|YBFE_ECOLI	SINGLE	1	18	52	9	2.616e-05	{R}
sp|P0AAU7|YBFE_ECOLI	SINGLE	2	54	82	8	3.334e-04	{E}
sp|P0AAU7|YBFE_ECOLI	WHOLE	1	1	97	13	5.277e-04	{R}
sp|P0AAW5|YBHQ_ECOLI	SINGLE	1	24	57	11	5.260e-06	{V}
sp|P0AAW5|YBHQ_ECOLI	SINGLE	2	20	128	24	3.058e-05	{L}
sp|P0AAW5|YBHQ_ECOLI	MULTIPLE	1	20	128	41	1.665e-08	{VL}
sp|P0AAW5|YBHQ_ECOLI	WHOLE	1	1	136	20	3.238e-04	{V}
sp|P0AAW5|YBHQ_ECOLI	WHOLE	2	1	136	25	3.704e-04	{L}
sp|P0AAX3|YBIJ_ECOLI	SINGLE	1	9	64	17	6.482e-07	{A}
sp|P0AAX3|YBIJ_ECOLI	WHOLE	1	1	86	19	2.256e-05	{A}
sp|P0AAY1|BSSR_ECOLI	SINGLE	1	41	91	7	1.027e-04	{H}
sp|P0AAY1|BSSR_ECOLI	SINGLE	2	69	83	6	5.574e-04	{A}
sp|P0AAY1|BSSR_ECOLI	MULTIPLE	1	63	83	9	8.429e-05	{HA}
sp|P0AAZ0|YBJO_ECOLI	SINGLE	1	65	149	19	1.495e-04	{L}
sp|P0AAZ0|YBJO_ECOLI	SINGLE	2	63	109	5	5.997e-04	{W}
sp|P0AAZ0|YBJO_ECOLI	MULTIPLE	1	63	149	24	6.859e-06	{LW}
sp|P0AAZ0|YBJO_ECOLI	WHOLE	1	1	162	27	9.702e-04	{L}
sp|P0AB12|YCCF_ECOLI	SINGLE	1	95	120	9	2.276e-06	{I}
sp|P0AB12|YCCF_ECOLI	SINGLE	2	5	92	19	2.341e-04	{L}
sp|P0AB12|YCCF_ECOLI	SINGLE	3	127	146	6	2.355e-04	{R}
sp|P0AB12|YCCF_ECOLI	SINGLE	4	113	143	9	3.743e-04	{A}
sp|P0AB12|YCCF_ECOLI	MULTIPLE	1	95	143	20	7.155e-07	{IA}
sp|P0AB14|YCCJ_ECOLI	SINGLE	1	23	49	8	1.973e-04	{E}
sp|P0AB26|YCEB_ECOLI	SINGLE	1	91	114	7	4.028e-04	{K}
sp|P0AB26|YCEB_ECOLI	SINGLE	2	124	150	6	7.702e-04	{Q}
sp|P0AB35|YCFJ_ECOLI	SINGLE	1	73	114	15	3.255e-08	{G}
sp|P0AB35|YCFJ_ECOLI	SINGLE	2	13	100	16	1.143e-04	{V}
sp|P0AB35|YCFJ_ECOLI	SINGLE	3	7	23	7	1.565e-04	{A}
sp|P0AB35|YCFJ_ECOLI	SINGLE	4	111	127	5	5.538e-04	{Q}
sp|P0AB35|YCFJ_ECOLI	MULTIPLE	1	7	102	29	3.298e-05	{VA}
sp|P0AB35|YCFJ_ECOLI	WHOLE	1	1	179	25	2.076e-04	{G}
sp|P0AB49|YCHH_ECOLI	SINGLE	1	72	90	7	1.618e-05	{R}
sp|P0AB49|YCHH_ECOLI	SINGLE	2	11	25	6	2.045e-04	{V}
sp|P0AB55|YCII_ECOLI	SINGLE	1	69	83	7	6.097e-05	{A}
sp|P0ABY4|FLAW_ECOLI	SINGLE	1	37	74	8	8.027e-04	{D}
sp|P0AC73|EBGC_ECOLI	SINGLE	1	65	100	7	2.965e-04	{Y}
sp|P0ACM9|YIHL_ECOLI	SINGLE	1	204	234	7	5.531e-04	{I}
sp|P0ACR7|YFER_ECOLI	SINGLE	1	66	81	7	2.677e-04	{L}
sp|P0ACR7|YFER_ECOLI	SINGLE	2	176	246	14	7.608e-04	{A}
sp|P0ACR7|YFER_ECOLI	SINGLE	3	64	221	16	9.340e-04	{Q}
sp|P0ACU7|YJDC_ECOLI	SINGLE	1	58	84	6	7.702e-04	{Q}
sp|P0ACX0|YDGC_ECOLI	SINGLE	1	28	67	9	9.813e-05	{I}
sp|P0ACX0|YDGC_ECOLI	SINGLE	2	64	107	5	4.441e-04	{W}
sp|P0ACX0|YDGC_ECOLI	MULTIPLE	1	28	108	18	2.397e-06	{IW}
sp|P0ACX0|YDGC_ECOLI	WHOLE	1	1	111	15	2.620e-04	{I}
sp|P0ACY6|YEAL_ECOLI	SINGLE	1	28	66	10	1.245e-05	{I}
sp|P0ACY6|YEAL_ECOLI	SINGLE	2	87	145	13	6.695e-05	{V}
sp|P0ACY6|YEAL_ECOLI	SINGLE	3	92	146	12	1.657e-04	{G}
sp|P0ACY6|YEAL_ECOLI	SINGLE	4	6	143	25	4.558e-04	{L}
sp|P0ACY6|YEAL_ECOLI	MULTIPLE	1	6	144	42	5.507e-07	{IL}
sp|P0ACY6|YEAL_ECOLI	MULTIPLE	2	91	146	24	3.272e-08	{VG}
sp|P0ACY6|YEAL_ECOLI	WHOLE	1	1	148	17	6.776e-04	{I}
sp|P0ACY6|YEAL_ECOLI	WHOLE	2	1	148	20	8.925e-04	{V}
sp|P0ACY9|YEBG_ECOLI	SINGLE	1	25	39	5	9.005e-04	{D}
sp|P0AD12|YEEZ_ECOLI	SINGLE	1	56	70	6	8.836e-05	{D}
sp|P0AD12|YEEZ_ECOLI	SINGLE	2	161	184	7	6.071e-04	{G}
sp|P0AD17|YOHC_ECOLI	SINGLE	1	117	187	20	3.101e-06	{L}
sp|P0AD17|YOHC_ECOLI	SINGLE	2	3	32	6	3.756e-05	{H}
sp|P0AD17|YOHC_ECOLI	WHOLE	1	1	195	31	9.672e-04	{L}
sp|P0AD19|YOHK_ECOLI	SINGLE	1	84	156	13	4.218e-05	{I}
sp|P0AD19|YOHK_ECOLI	SINGLE	2	69	207	24	1.289e-04	{A}
sp|P0AD19|YOHK_ECOLI	SINGLE	3	9	81	16	5.665e-04	{L}
sp|P0AD19|YOHK_ECOLI	MULTIPLE	1	84	194	33	1.348e-06	{IA}
sp|P0AD19|YOHK_ECOLI	WHOLE	1	1	231	24	3.017e-04	{I}
sp|P0AD19|YOHK_ECOLI	WHOLE	2	1	231	32	6.293e-04	{A}
sp|P0AD24|YEJL_ECOLI	SINGLE	1	50	64	6	5.574e-04	{A}
sp|P0AD30|YFCA_ECOLI	SINGLE	1	16	234	30	7.941e-05	{G}
sp|P0AD30|YFCA_ECOLI	SINGLE	2	7	266	42	1.262e-04	{L}
sp|P0AD30|YFCA_ECOLI	SINGLE	3	154	177	6	2.346e-04	{F}
sp|P0AD30|YFCA_ECOLI	SINGLE	4	162	191	9	2.883e-04	{A}
sp|P0AD30|YFCA_ECOLI	SINGLE	5	42	61	7	4.883e-04	{A}
sp|P0AD30|YFCA_ECOLI	MULTIPLE	1	13	237	110	6.055e-12	{GLFA}
sp|P0AD30|YFCA_ECOLI	WHOLE	1	1	269	42	2.505e-04	{L}
sp|P0AD30|YFCA_ECOLI	WHOLE	2	1	269	32	5.313e-04	{G}
sp|P0AD35|YFDO_ECOLI	SINGLE	1	6	81	6	8.364e-04	{W}
sp|P0AD44|YFHG_ECOLI	SINGLE	1	88	187	20	8.331e-09	{Q}
sp|P0AD44|YFHG_ECOLI	SINGLE	2	8	24	8	5.235e-05	{L}
sp|P0AD44|YFHG_ECOLI	WHOLE	1	1	237	25	2.787e-05	{Q}
sp|P0AD47|YPHA_ECOLI	SINGLE	1	36	64	6	3.071e-05	{M}
sp|P0AD47|YPHA_ECOLI	SINGLE	2	19	135	15	4.494e-04	{I}
sp|P0AD47|YPHA_ECOLI	SINGLE	3	7	87	10	9.229e-04	{F}
sp|P0AD47|YPHA_ECOLI	MULTIPLE	1	19	129	32	1.651e-07	{MIF}
sp|P0AD72|LPF_ECOLI	SINGLE	1	1	15	7	6.535e-07	{F}
sp|P0AD72|LPF_ECOLI	WHOLE	1	1	15	7	6.535e-07	{F}
sp|P0AD83|LPPY_ECOLI	SINGLE	1	21	38	5	4.662e-04	{F}
sp|P0AD86|LPT_ECOLI	SINGLE	1	2	16	8	8.976e-07	{T}
sp|P0AD86|LPT_ECOLI	WHOLE	1	1	21	8	1.933e-05	{T}
sp|P0ADA5|YAJG_ECOLI	SINGLE	1	98	167	11	1.532e-04	{N}
sp|P0ADA5|YAJG_ECOLI	SINGLE	2	124	165	10	9.468e-04	{A}
sp|P0ADA5|YAJG_ECOLI	MULTIPLE	1	112	165	19	7.978e-06	{NA}
sp|P0ADA7|OSMB_ECOLI	SINGLE	1	37	71	13	1.561e-07	{G}
sp|P0ADA7|OSMB_ECOLI	SINGLE	2	10	46	10	3.371e-04	{A}
sp|P0ADA7|OSMB_ECOLI	MULTIPLE	1	35	61	16	8.631e-08	{GA}
sp|P0ADA7|OSMB_ECOLI	WHOLE	1	1	72	13	5.924e-04	{G}
sp|P0ADE2|YTFK_ECOLI	SINGLE	1	14	47	8	7.356e-04	{K}
sp|P0ADF3|LPRH_ECOLI	SINGLE	1	3	22	8	3.747e-05	{S}
sp|P0ADF3|LPRH_ECOLI	WHOLE	1	1	33	9	3.370e-04	{S}
sp|P0ADI7|YECD_ECOLI	SINGLE	1	24	92	14	5.747e-04	{A}
sp|P0ADI7|YECD_ECOLI	SINGLE	2	97	184	12	9.081e-04	{I}
sp|P0ADI9|YHHN_ECOLI	SINGLE	1	33	118	29	2.458e-10	{L}
sp|P0ADI9|YHHN_ECOLI	SINGLE	2	3	175	11	5.305e-05	{W}
sp|P0ADI9|YHHN_ECOLI	SINGLE	3	83	200	14	1.609e-04	{F}
sp|P0ADI9|YHHN_ECOLI	SINGLE	4	183	197	6	5.574e-04	{A}
sp|P0ADI9|YHHN_ECOLI	MULTIPLE	1	30	176	57	4.535e-13	{LWF}
sp|P0ADI9|YHHN_ECOLI	WHOLE	1	1	208	43	2.477e-07	{L}
sp|P0ADI9|YHHN_ECOLI	WHOLE	2	1	208	11	2.521e-04	{W}
sp|P0ADJ5|BCSF_ECOLI	SINGLE	1	26	59	9	2.041e-05	{R}
sp|P0ADJ5|BCSF_ECOLI	SINGLE	2	3	17	6	4.559e-05	{I}
sp|P0ADJ8|YIAA_ECOLI	SINGLE	1	89	115	9	3.896e-04	{L}
sp|P0ADK4|YIAW_ECOLI	SINGLE	1	12	32	7	4.055e-05	{I}
sp|P0ADK4|YIAW_ECOLI	SINGLE	2	49	75	5	4.261e-05	{W}
sp|P0ADK4|YIAW_ECOLI	SINGLE	3	2	19	5	4.662e-04	{F}
sp|P0ADK4|YIAW_ECOLI	SINGLE	4	26	56	5	4.717e-04	{H}
sp|P0ADK4|YIAW_ECOLI	MULTIPLE	1	12	45	15	8.667e-07	{IFH}
sp|P0ADK6|YIBA_ECOLI	SINGLE	1	60	274	26	1.651e-05	{I}
sp|P0ADK6|YIBA_ECOLI	SINGLE	2	90	190	14	8.466e-05	{N}
sp|P0ADK6|YIBA_ECOLI	SINGLE	3	170	275	15	5.331e-04	{D}
sp|P0ADK6|YIBA_ECOLI	MULTIPLE	1	65	275	64	4.786e-09	{IND}
sp|P0ADK6|YIBA_ECOLI	WHOLE	1	1	280	27	4.225e-04	{I}
sp|P0ADK8|YIBL_ECOLI	SINGLE	1	59	89	9	6.514e-05	{K}
sp|P0ADK8|YIBL_ECOLI	SINGLE	2	68	112	6	3.701e-04	{M}
sp|P0ADK8|YIBL_ECOLI	SINGLE	3	37	54	6	6.250e-04	{E}
sp|P0ADK8|YIBL_ECOLI	MULTIPLE	1	66	89	10	9.634e-06	{KM}
sp|P0ADL6|YIDG_ECOLI	SINGLE	1	49	63	5	5.275e-04	{I}
sp|P0ADM0|YIDH_ECOLI	SINGLE	1	54	100	15	9.808e-06	{L}
sp|P0ADM0|YIDH_ECOLI	WHOLE	1	1	115	24	7.228e-05	{L}
sp|P0ADM4|YIDQ_ECOLI	SINGLE	1	1	68	7	5.914e-04	{M}
sp|P0ADM4|YIDQ_ECOLI	SINGLE	2	14	37	7	6.071e-04	{G}
sp|P0ADM4|YIDQ_ECOLI	MULTIPLE	1	10	53	13	5.733e-05	{MG}
sp|P0ADQ5|YIIE_ECOLI	SINGLE	1	17	55	8	3.723e-04	{R}
sp|P0ADR0|YQAA_ECOLI	SINGLE	1	5	104	23	2.164e-05	{L}
sp|P0ADR0|YQAA_ECOLI	SINGLE	2	73	141	7	6.935e-05	{W}
sp|P0ADR0|YQAA_ECOLI	SINGLE	3	2	17	6	5.323e-04	{S}
sp|P0ADR0|YQAA_ECOLI	MULTIPLE	1	2	121	44	5.508e-07	{LWS}
sp|P0ADR0|YQAA_ECOLI	WHOLE	1	1	142	26	3.096e-04	{L}
sp|P0ADR2|YGDD_ECOLI	SINGLE	1	76	97	8	4.250e-04	{L}
sp|P0ADR2|YGDD_ECOLI	SINGLE	2	5	23	5	6.080e-04	{F}
sp|P0ADS6|YGGE_ECOLI	SINGLE	1	7	70	17	4.748e-06	{A}
sp|P0ADS6|YGGE_ECOLI	SINGLE	2	212	246	8	8.801e-05	{Q}
sp|P0ADS6|YGGE_ECOLI	WHOLE	1	1	246	39	1.239e-05	{A}
sp|P0ADT2|YGIB_ECOLI	SINGLE	1	96	116	8	1.414e-06	{Q}
sp|P0ADT2|YGIB_ECOLI	SINGLE	2	10	189	33	2.676e-06	{A}
sp|P0ADT2|YGIB_ECOLI	SINGLE	3	121	135	5	1.186e-05	{M}
sp|P0ADT2|YGIB_ECOLI	SINGLE	4	176	195	8	1.276e-05	{T}
sp|P0ADT2|YGIB_ECOLI	SINGLE	5	126	140	6	2.293e-04	{G}
sp|P0ADT2|YGIB_ECOLI	MULTIPLE	1	96	116	14	7.329e-09	{QA}
sp|P0ADT2|YGIB_ECOLI	MULTIPLE	2	119	140	12	5.622e-08	{MG}
sp|P0ADT2|YGIB_ECOLI	WHOLE	1	1	223	35	3.871e-05	{A}
sp|P0ADT8|YGIM_ECOLI	SINGLE	1	180	194	8	1.681e-05	{L}
sp|P0ADT8|YGIM_ECOLI	SINGLE	2	174	188	6	2.293e-04	{G}
sp|P0ADT8|YGIM_ECOLI	SINGLE	3	118	172	9	4.440e-04	{Q}
sp|P0ADT8|YGIM_ECOLI	MULTIPLE	1	174	194	14	2.159e-07	{LG}
sp|P0ADX7|YHHA_ECOLI	SINGLE	1	28	94	24	2.736e-16	{Q}
sp|P0ADX7|YHHA_ECOLI	SINGLE	2	21	130	18	9.120e-07	{N}
sp|P0ADX7|YHHA_ECOLI	SINGLE	3	85	140	9	8.454e-04	{P}
sp|P0ADX7|YHHA_ECOLI	MULTIPLE	1	18	140	60	2.566e-21	{QNP}
sp|P0ADX7|YHHA_ECOLI	WHOLE	1	1	146	29	5.413e-12	{Q}
sp|P0ADX7|YHHA_ECOLI	WHOLE	2	1	146	18	4.459e-05	{N}
sp|P0AE14|AMPE_ECOLI	SINGLE	1	3	80	21	3.876e-06	{L}
sp|P0AE14|AMPE_ECOLI	SINGLE	2	250	273	8	7.912e-05	{V}
sp|P0AE14|AMPE_ECOLI	SINGLE	3	138	174	5	1.980e-04	{W}
sp|P0AE14|AMPE_ECOLI	SINGLE	4	192	207	6	3.059e-04	{V}
sp|P0AE14|AMPE_ECOLI	WHOLE	1	1	284	47	3.211e-05	{L}
sp|P0AE28|AROM_ECOLI	SINGLE	1	178	224	13	1.788e-04	{L}
sp|P0AE28|AROM_ECOLI	SINGLE	2	123	144	7	3.023e-04	{V}
sp|P0AE28|AROM_ECOLI	WHOLE	1	1	225	35	7.391e-04	{L}
sp|P0AE42|YQAE_ECOLI	SINGLE	1	6	43	9	6.473e-05	{I}
sp|P0AE42|YQAE_ECOLI	WHOLE	1	1	52	9	7.198e-04	{I}
sp|P0AE63|CHAB_ECOLI	SINGLE	1	34	70	8	6.711e-04	{D}
sp|P0AE74|CITT_ECOLI	SINGLE	1	73	438	56	5.673e-05	{L}
sp|P0AE74|CITT_ECOLI	SINGLE	2	45	68	7	1.037e-04	{I}
sp|P0AE74|CITT_ECOLI	SINGLE	3	233	363	9	1.369e-04	{W}
sp|P0AE74|CITT_ECOLI	SINGLE	4	194	208	4	2.419e-04	{M}
sp|P0AE74|CITT_ECOLI	SINGLE	5	22	240	20	2.694e-04	{F}
sp|P0AE74|CITT_ECOLI	SINGLE	6	18	48	5	4.717e-04	{M}
sp|P0AE74|CITT_ECOLI	SINGLE	7	154	185	7	4.933e-04	{P}
sp|P0AE74|CITT_ECOLI	SINGLE	8	409	482	11	7.239e-04	{I}
sp|P0AE74|CITT_ECOLI	SINGLE	9	413	468	11	7.395e-04	{G}
sp|P0AE74|CITT_ECOLI	MULTIPLE	1	8	486	240	4.399e-15	{LWMFPIG}
sp|P0AE74|CITT_ECOLI	MULTIPLE	2	18	68	13	3.427e-05	{IM}
sp|P0AE74|CITT_ECOLI	WHOLE	1	1	487	67	2.546e-04	{L}
sp|P0AE74|CITT_ECOLI	WHOLE	2	1	487	41	3.371e-04	{I}
sp|P0AE74|CITT_ECOLI	WHOLE	3	1	487	17	7.922e-04	{W}
sp|P0AE78|CORC_ECOLI	SINGLE	1	3	291	36	3.721e-06	{D}
sp|P0AE78|CORC_ECOLI	SINGLE	2	182	199	7	7.448e-05	{E}
sp|P0AE78|CORC_ECOLI	SINGLE	3	41	281	25	2.388e-04	{I}
sp|P0AE78|CORC_ECOLI	SINGLE	4	57	165	9	5.237e-04	{M}
sp|P0AE78|CORC_ECOLI	SINGLE	5	2	24	7	7.500e-04	{S}
sp|P0AE78|CORC_ECOLI	MULTIPLE	1	41	284	89	1.194e-10	{DEIM}
sp|P0AE78|CORC_ECOLI	WHOLE	1	1	292	36	4.668e-06	{D}
sp|P0AEB7|YOAB_ECOLI	SINGLE	1	33	89	13	2.850e-04	{A}
sp|P0AEC0|YOAE_ECOLI	SINGLE	1	127	187	16	9.809e-07	{V}
sp|P0AEC0|YOAE_ECOLI	SINGLE	2	13	109	25	1.209e-06	{L}
sp|P0AEC0|YOAE_ECOLI	SINGLE	3	196	507	33	2.215e-05	{I}
sp|P0AEC0|YOAE_ECOLI	SINGLE	4	150	168	5	4.205e-05	{M}
sp|P0AEC0|YOAE_ECOLI	SINGLE	5	424	463	10	4.301e-05	{D}
sp|P0AEC0|YOAE_ECOLI	SINGLE	6	76	99	6	2.346e-04	{F}
sp|P0AEC0|YOAE_ECOLI	SINGLE	7	232	260	7	3.066e-04	{R}
sp|P0AEC0|YOAE_ECOLI	SINGLE	8	348	508	22	4.622e-04	{V}
sp|P0AEC0|YOAE_ECOLI	MULTIPLE	1	127	187	21	1.616e-08	{VM}
sp|P0AEC0|YOAE_ECOLI	MULTIPLE	2	13	109	32	2.772e-07	{LF}
sp|P0AEC0|YOAE_ECOLI	MULTIPLE	3	222	508	101	6.763e-08	{IDRV}
sp|P0AEC0|YOAE_ECOLI	WHOLE	1	1	518	46	5.332e-05	{I}
sp|P0AEC0|YOAE_ECOLI	WHOLE	2	1	518	69	4.706e-04	{L}
sp|P0AEC0|YOAE_ECOLI	WHOLE	3	1	518	51	8.802e-04	{V}
sp|P0AEH3|ELAA_ECOLI	SINGLE	1	38	71	9	6.374e-05	{D}
sp|P0AEH8|YJIG_ECOLI	SINGLE	1	68	94	10	1.847e-05	{A}
sp|P0AEH8|YJIG_ECOLI	SINGLE	2	1	110	9	5.579e-04	{M}
sp|P0AEQ1|GLCG_ECOLI	SINGLE	1	119	133	8	5.187e-06	{A}
sp|P0AEQ1|GLCG_ECOLI	SINGLE	2	12	66	14	5.077e-05	{A}
sp|P0AEQ1|GLCG_ECOLI	SINGLE	3	99	113	6	2.045e-04	{V}
sp|P0AEQ1|GLCG_ECOLI	SINGLE	4	97	118	7	3.432e-04	{G}
sp|P0AEQ1|GLCG_ECOLI	MULTIPLE	1	97	118	13	4.788e-07	{VG}
sp|P0AEQ1|GLCG_ECOLI	WHOLE	1	1	134	25	2.763e-05	{A}
sp|P0AET5|HDED_ECOLI	SINGLE	1	4	173	22	2.485e-05	{I}
sp|P0AET5|HDED_ECOLI	SINGLE	2	12	186	18	1.304e-04	{F}
sp|P0AET5|HDED_ECOLI	MULTIPLE	1	4	186	40	4.960e-08	{IF}
sp|P0AET5|HDED_ECOLI	WHOLE	1	1	190	22	1.222e-04	{I}
sp|P0AET5|HDED_ECOLI	WHOLE	2	1	190	18	3.393e-04	{F}
sp|P0AEX5|KPPR_ECOLI	SINGLE	1	136	157	8	3.934e-05	{V}
sp|P0AEX5|KPPR_ECOLI	SINGLE	2	106	123	6	1.085e-04	{P}
sp|P0AEX5|KPPR_ECOLI	SINGLE	3	267	283	4	4.036e-04	{M}
sp|P0AEY1|MARC_ECOLI	SINGLE	1	71	217	20	2.757e-05	{I}
sp|P0AEY1|MARC_ECOLI	SINGLE	2	2	31	11	3.489e-05	{L}
sp|P0AEY1|MARC_ECOLI	SINGLE	3	35	204	12	2.895e-04	{M}
sp|P0AEY1|MARC_ECOLI	MULTIPLE	1	46	217	32	3.592e-07	{IM}
sp|P0AEY1|MARC_ECOLI	WHOLE	1	1	221	22	8.501e-04	{I}
sp|P0AEY1|MARC_ECOLI	WHOLE	2	1	221	13	8.622e-04	{M}
sp|P0AF45|YJBE_ECOLI	SINGLE	1	61	79	10	4.358e-08	{T}
sp|P0AF45|YJBE_ECOLI	SINGLE	2	10	60	17	1.469e-07	{A}
sp|P0AF45|YJBE_ECOLI	SINGLE	3	32	52	10	5.878e-07	{S}
sp|P0AF45|YJBE_ECOLI	SINGLE	4	55	70	6	3.425e-04	{G}
sp|P0AF45|YJBE_ECOLI	MULTIPLE	1	61	79	15	9.403e-11	{TG}
sp|P0AF45|YJBE_ECOLI	MULTIPLE	2	10	60	29	6.074e-12	{AS}
sp|P0AF45|YJBE_ECOLI	WHOLE	1	1	80	17	9.468e-05	{A}
sp|P0AF45|YJBE_ECOLI	WHOLE	2	1	80	14	2.739e-04	{T}
sp|P0AF54|YJCH_ECOLI	SINGLE	1	28	83	12	1.245e-05	{I}
sp|P0AF54|YJCH_ECOLI	WHOLE	1	1	104	14	4.211e-04	{I}
sp|P0AF78|YJFJ_ECOLI	SINGLE	1	38	224	32	1.510e-05	{A}
sp|P0AF78|YJFJ_ECOLI	SINGLE	2	130	230	15	2.331e-05	{Q}
sp|P0AF78|YJFJ_ECOLI	SINGLE	3	19	146	20	1.527e-04	{E}
sp|P0AF78|YJFJ_ECOLI	SINGLE	4	158	172	6	3.585e-04	{S}
sp|P0AF78|YJFJ_ECOLI	MULTIPLE	1	124	192	27	9.648e-09	{AQ}
sp|P0AF78|YJFJ_ECOLI	WHOLE	1	1	232	33	3.473e-04	{A}
sp|P0AF80|YJFL_ECOLI	SINGLE	1	46	128	17	1.487e-04	{A}
sp|P0AF80|YJFL_ECOLI	SINGLE	2	16	105	13	3.405e-04	{I}
sp|P0AF80|YJFL_ECOLI	SINGLE	3	10	26	5	3.504e-04	{F}
sp|P0AF80|YJFL_ECOLI	MULTIPLE	1	9	128	44	7.568e-08	{AIF}
sp|P0AF82|YJFN_ECOLI	SINGLE	1	15	29	6	5.574e-04	{A}
sp|P0AFH8|OSMY_ECOLI	SINGLE	1	63	194	22	2.890e-05	{V}
sp|P0AFH8|OSMY_ECOLI	WHOLE	1	1	201	26	3.647e-04	{V}
sp|P0AFI9|PERM_ECOLI	SINGLE	1	21	337	56	9.877e-07	{L}
sp|P0AFI9|PERM_ECOLI	SINGLE	2	148	317	28	3.553e-06	{V}
sp|P0AFI9|PERM_ECOLI	SINGLE	3	103	144	7	2.919e-05	{M}
sp|P0AFI9|PERM_ECOLI	SINGLE	4	231	330	13	1.104e-04	{F}
sp|P0AFI9|PERM_ECOLI	SINGLE	5	19	350	31	3.036e-04	{I}
sp|P0AFI9|PERM_ECOLI	SINGLE	6	73	88	6	3.059e-04	{V}
sp|P0AFI9|PERM_ECOLI	MULTIPLE	1	19	342	161	7.495e-19	{LVMFI}
sp|P0AFI9|PERM_ECOLI	WHOLE	1	1	353	58	6.037e-06	{L}
sp|P0AFI9|PERM_ECOLI	WHOLE	2	1	353	41	1.243e-04	{V}
sp|P0AFI9|PERM_ECOLI	WHOLE	3	1	353	31	7.678e-04	{I}
sp|P0AFM4|PSIF_ECOLI	SINGLE	1	29	87	12	6.071e-06	{Q}
sp|P0AFN6|YADH_ECOLI	SINGLE	1	39	240	23	3.664e-06	{F}
sp|P0AFN6|YADH_ECOLI	SINGLE	2	97	238	24	1.053e-05	{V}
sp|P0AFN6|YADH_ECOLI	SINGLE	3	144	204	16	6.943e-05	{L}
sp|P0AFN6|YADH_ECOLI	SINGLE	4	1	69	8	1.112e-04	{M}
sp|P0AFN6|YADH_ECOLI	SINGLE	5	12	127	16	1.350e-04	{I}
sp|P0AFN6|YADH_ECOLI	SINGLE	6	107	121	6	2.293e-04	{G}
sp|P0AFN6|YADH_ECOLI	MULTIPLE	1	20	238	121	9.283e-14	{FVLIG}
sp|P0AFN6|YADH_ECOLI	WHOLE	1	1	256	24	5.187e-05	{F}
sp|P0AFN6|YADH_ECOLI	WHOLE	2	1	256	31	3.473e-04	{V}
sp|P0AFP0|YADS_ECOLI	SINGLE	1	3	136	25	1.197e-06	{V}
sp|P0AFP0|YADS_ECOLI	SINGLE	2	118	159	10	2.475e-05	{I}
sp|P0AFP0|YADS_ECOLI	SINGLE	3	97	131	9	2.937e-04	{G}
sp|P0AFP0|YADS_ECOLI	MULTIPLE	1	8	160	60	4.650e-10	{VIG}
sp|P0AFP0|YADS_ECOLI	WHOLE	1	1	207	29	4.902e-05	{V}
sp|P0AFP4|YBBO_ECOLI	SINGLE	1	158	172	6	5.574e-04	{A}
sp|P0AFP4|YBBO_ECOLI	SINGLE	2	99	148	6	6.467e-04	{M}
sp|P0AFR0|RSSA_ECOLI	SINGLE	1	221	237	7	3.611e-05	{T}
sp|P0AFR0|RSSA_ECOLI	SINGLE	2	4	42	8	4.479e-04	{I}
sp|P0AFR0|RSSA_ECOLI	SINGLE	3	271	285	6	5.574e-04	{A}
sp|P0AFR0|RSSA_ECOLI	SINGLE	4	7	47	9	9.654e-04	{G}
sp|P0AFR0|RSSA_ECOLI	MULTIPLE	1	4	47	17	2.926e-06	{IG}
sp|P0AFS7|YDIK_ECOLI	SINGLE	1	14	340	57	1.220e-06	{L}
sp|P0AFS7|YDIK_ECOLI	SINGLE	2	2	348	43	2.194e-05	{V}
sp|P0AFS7|YDIK_ECOLI	SINGLE	3	346	366	8	2.706e-05	{E}
sp|P0AFS7|YDIK_ECOLI	SINGLE	4	13	329	33	2.983e-05	{I}
sp|P0AFS7|YDIK_ECOLI	SINGLE	5	192	226	11	4.044e-05	{A}
sp|P0AFS7|YDIK_ECOLI	SINGLE	6	268	284	4	9.652e-05	{W}
sp|P0AFS7|YDIK_ECOLI	SINGLE	7	92	330	31	1.592e-04	{G}
sp|P0AFS7|YDIK_ECOLI	MULTIPLE	1	10	345	215	1.520e-24	{LVIAWG}
sp|P0AFS7|YDIK_ECOLI	WHOLE	1	1	370	59	1.222e-05	{L}
sp|P0AFS7|YDIK_ECOLI	WHOLE	2	1	370	43	8.831e-05	{V}
sp|P0AFS7|YDIK_ECOLI	WHOLE	3	1	370	35	1.112e-04	{I}
sp|P0AFU2|YFBS_ECOLI	SINGLE	1	209	284	20	2.818e-10	{R}
sp|P0AFU2|YFBS_ECOLI	SINGLE	2	79	606	34	2.504e-08	{M}
sp|P0AFU2|YFBS_ECOLI	SINGLE	3	8	602	71	3.707e-07	{V}
sp|P0AFU2|YFBS_ECOLI	SINGLE	4	527	561	13	1.036e-06	{A}
sp|P0AFU2|YFBS_ECOLI	SINGLE	5	487	504	7	8.425e-05	{G}
sp|P0AFU2|YFBS_ECOLI	SINGLE	6	5	537	74	1.076e-04	{L}
sp|P0AFU2|YFBS_ECOLI	SINGLE	7	437	473	8	3.110e-04	{I}
sp|P0AFU2|YFBS_ECOLI	MULTIPLE	1	1	607	279	3.295e-18	{MVGLI}
sp|P0AFU2|YFBS_ECOLI	WHOLE	1	1	610	36	8.500e-08	{M}
sp|P0AFU2|YFBS_ECOLI	WHOLE	2	1	610	71	8.747e-07	{V}
sp|P0AFU2|YFBS_ECOLI	WHOLE	3	1	610	78	6.968e-04	{L}
sp|P0AFV0|YIBH_ECOLI	SINGLE	1	58	313	30	6.386e-07	{Q}
sp|P0AFV0|YIBH_ECOLI	SINGLE	2	322	341	6	5.140e-04	{D}
sp|P0AFV0|YIBH_ECOLI	SINGLE	3	6	363	39	5.504e-04	{V}
sp|P0AFV0|YIBH_ECOLI	MULTIPLE	1	58	324	58	1.127e-07	{QV}
sp|P0AFV0|YIBH_ECOLI	WHOLE	1	1	378	32	1.548e-04	{Q}
sp|P0AFZ1|SSEB_ECOLI	SINGLE	1	3	198	30	7.420e-06	{E}
sp|P0AFZ1|SSEB_ECOLI	SINGLE	2	119	258	20	1.381e-05	{I}
sp|P0AFZ1|SSEB_ECOLI	MULTIPLE	1	7	242	52	1.457e-06	{EI}
sp|P0AFZ1|SSEB_ECOLI	WHOLE	1	1	258	34	4.342e-05	{E}
sp|P0AG71|RMUC_ECOLI	SINGLE	1	26	473	44	3.329e-07	{Q}
sp|P0AG71|RMUC_ECOLI	SINGLE	2	59	475	41	7.870e-06	{R}
sp|P0AG71|RMUC_ECOLI	SINGLE	3	33	232	28	6.685e-05	{E}
sp|P0AG71|RMUC_ECOLI	SINGLE	4	293	358	16	1.808e-04	{L}
sp|P0AG71|RMUC_ECOLI	SINGLE	5	9	48	10	6.421e-04	{A}
sp|P0AG71|RMUC_ECOLI	MULTIPLE	1	26	475	131	2.161e-13	{QRE}
sp|P0AG71|RMUC_ECOLI	WHOLE	1	1	475	44	1.514e-06	{Q}
sp|P0AG71|RMUC_ECOLI	WHOLE	2	1	475	42	6.441e-05	{R}
sp|P0AGC7|SMP_ECOLI	SINGLE	1	165	184	9	2.743e-05	{L}
sp|P0AGC7|SMP_ECOLI	SINGLE	2	145	162	6	4.891e-04	{T}
sp|P0AGC7|SMP_ECOLI	SINGLE	3	28	44	5	5.538e-04	{Q}
sp|P0AGC7|SMP_ECOLI	WHOLE	1	1	214	34	6.096e-04	{L}
sp|P0AGH1|YHHJ_ECOLI	SINGLE	1	165	322	16	3.736e-07	{M}
sp|P0AGH1|YHHJ_ECOLI	SINGLE	2	287	301	8	1.681e-05	{L}
sp|P0AGH1|YHHJ_ECOLI	SINGLE	3	231	250	8	1.772e-05	{V}
sp|P0AGH1|YHHJ_ECOLI	SINGLE	4	100	185	12	2.407e-04	{N}
sp|P0AGH1|YHHJ_ECOLI	SINGLE	5	52	370	30	3.298e-04	{I}
sp|P0AGH1|YHHJ_ECOLI	MULTIPLE	1	158	298	66	2.198e-10	{MLVI}
sp|P0AGH1|YHHJ_ECOLI	WHOLE	1	1	374	24	2.517e-06	{M}
sp|P0AGH1|YHHJ_ECOLI	WHOLE	2	1	374	33	5.141e-04	{I}
sp|P0AGJ5|YFIF_ECOLI	SINGLE	1	18	151	21	1.318e-06	{R}
sp|P0AGJ5|YFIF_ECOLI	SINGLE	2	33	47	7	2.093e-05	{G}
sp|P0AGJ5|YFIF_ECOLI	SINGLE	3	20	85	11	7.252e-04	{D}
sp|P0AGJ5|YFIF_ECOLI	MULTIPLE	1	18	151	33	1.222e-06	{RD}
sp|P0AGM0|YHHT_ECOLI	SINGLE	1	14	338	62	1.851e-08	{L}
sp|P0AGM0|YHHT_ECOLI	SINGLE	2	72	325	21	2.004e-07	{M}
sp|P0AGM0|YHHT_ECOLI	SINGLE	3	21	320	40	8.022e-06	{V}
sp|P0AGM0|YHHT_ECOLI	SINGLE	4	13	74	10	6.581e-04	{I}
sp|P0AGM0|YHHT_ECOLI	MULTIPLE	1	11	338	147	7.801e-19	{LMVI}
sp|P0AGM0|YHHT_ECOLI	WHOLE	1	1	349	63	1.102e-07	{L}
sp|P0AGM0|YHHT_ECOLI	WHOLE	2	1	349	23	2.597e-06	{M}
sp|P0AGM0|YHHT_ECOLI	WHOLE	3	1	349	40	1.894e-04	{V}
sp|P0AGM2|YICG_ECOLI	SINGLE	1	59	179	23	2.224e-06	{V}
sp|P0AGM2|YICG_ECOLI	SINGLE	2	178	195	7	6.140e-04	{L}
sp|P0AGM2|YICG_ECOLI	SINGLE	3	33	117	12	6.776e-04	{I}
sp|P0AGM2|YICG_ECOLI	SINGLE	4	13	40	8	8.667e-04	{A}
sp|P0AGM2|YICG_ECOLI	MULTIPLE	1	9	179	65	5.926e-09	{VIA}
sp|P0AGM2|YICG_ECOLI	WHOLE	1	1	205	27	2.215e-04	{V}
sp|P0AGM5|SIRB1_ECOLI	SINGLE	1	38	208	36	1.353e-06	{L}
sp|P0AGM5|SIRB1_ECOLI	SINGLE	2	37	60	7	5.412e-04	{E}
sp|P0AGM5|SIRB1_ECOLI	SINGLE	3	130	252	18	6.477e-04	{E}
sp|P0AGM5|SIRB1_ECOLI	SINGLE	4	250	266	5	9.825e-04	{I}
sp|P0AGM5|SIRB1_ECOLI	MULTIPLE	1	37	247	64	4.394e-08	{LE}
sp|P0AGM5|SIRB1_ECOLI	WHOLE	1	1	269	44	6.972e-05	{L}
sp|P0CB62|YMIA_ECOLI	SINGLE	1	23	45	4	3.281e-04	{W}
sp|P0CE49|INSH1_ECOLI	SINGLE	1	28	177	11	3.675e-04	{M}
sp|P0CE49|INSH1_ECOLI	SINGLE	2	165	211	6	4.669e-04	{H}
sp|P0CE49|INSH1_ECOLI	MULTIPLE	1	60	201	18	3.604e-05	{MH}
sp|P0CE50|INSH2_ECOLI	SINGLE	1	28	177	11	3.675e-04	{M}
sp|P0CE50|INSH2_ECOLI	SINGLE	2	165	211	6	4.669e-04	{H}
sp|P0CE50|INSH2_ECOLI	MULTIPLE	1	60	201	18	3.604e-05	{MH}
sp|P0CE51|INSH3_ECOLI	SINGLE	1	28	177	11	3.675e-04	{M}
sp|P0CE51|INSH3_ECOLI	SINGLE	2	165	211	6	4.669e-04	{H}
sp|P0CE51|INSH3_ECOLI	MULTIPLE	1	60	201	18	3.604e-05	{MH}
sp|P0CE52|INSH4_ECOLI	SINGLE	1	28	177	11	3.675e-04	{M}
sp|P0CE52|INSH4_ECOLI	SINGLE	2	165	211	6	4.669e-04	{H}
sp|P0CE52|INSH4_ECOLI	MULTIPLE	1	60	201	18	3.604e-05	{MH}
sp|P0CE53|INSH6_ECOLI	SINGLE	1	28	177	11	3.675e-04	{M}
sp|P0CE53|INSH6_ECOLI	SINGLE	2	165	211	6	4.669e-04	{H}
sp|P0CE53|INSH6_ECOLI	SINGLE	3	247	298	10	8.819e-04	{K}
sp|P0CE53|INSH6_ECOLI	MULTIPLE	1	60	201	18	3.604e-05	{MH}
sp|P0CE54|INSH7_ECOLI	SINGLE	1	28	177	11	3.675e-04	{M}
sp|P0CE54|INSH7_ECOLI	SINGLE	2	165	211	6	4.669e-04	{H}
sp|P0CE54|INSH7_ECOLI	MULTIPLE	1	60	201	18	3.604e-05	{MH}
sp|P0CE55|INSH8_ECOLI	SINGLE	1	28	177	11	3.675e-04	{M}
sp|P0CE55|INSH8_ECOLI	SINGLE	2	165	211	6	4.669e-04	{H}
sp|P0CE55|INSH8_ECOLI	MULTIPLE	1	60	201	18	3.604e-05	{MH}
sp|P0CE56|INSH9_ECOLI	SINGLE	1	28	177	11	3.675e-04	{M}
sp|P0CE56|INSH9_ECOLI	SINGLE	2	165	211	6	4.669e-04	{H}
sp|P0CE56|INSH9_ECOLI	MULTIPLE	1	60	201	18	3.604e-05	{MH}
sp|P0CE57|INH10_ECOLI	SINGLE	1	28	177	11	3.675e-04	{M}
sp|P0CE57|INH10_ECOLI	SINGLE	2	165	211	6	4.669e-04	{H}
sp|P0CE57|INH10_ECOLI	MULTIPLE	1	60	201	18	3.604e-05	{MH}
sp|P0CE58|INH11_ECOLI	SINGLE	1	28	177	11	3.675e-04	{M}
sp|P0CE58|INH11_ECOLI	SINGLE	2	165	211	6	4.669e-04	{H}
sp|P0CE58|INH11_ECOLI	MULTIPLE	1	60	201	18	3.604e-05	{MH}
sp|P0CF25|INSB1_ECOLI	SINGLE	1	120	141	6	4.110e-04	{R}
sp|P0CF25|INSB1_ECOLI	SINGLE	2	115	165	6	7.169e-04	{H}
sp|P0CF25|INSB1_ECOLI	MULTIPLE	1	109	165	13	9.338e-05	{RH}
sp|P0CF26|INSB2_ECOLI	SINGLE	1	55	141	13	1.891e-04	{R}
sp|P0CF26|INSB2_ECOLI	SINGLE	2	2	24	6	4.644e-04	{P}
sp|P0CF26|INSB2_ECOLI	SINGLE	3	115	165	6	7.169e-04	{H}
sp|P0CF26|INSB2_ECOLI	MULTIPLE	1	55	165	20	5.473e-05	{RH}
sp|P0CF27|INSB3_ECOLI	SINGLE	1	55	141	13	1.891e-04	{R}
sp|P0CF27|INSB3_ECOLI	SINGLE	2	2	24	6	4.644e-04	{P}
sp|P0CF27|INSB3_ECOLI	SINGLE	3	115	165	6	7.169e-04	{H}
sp|P0CF27|INSB3_ECOLI	MULTIPLE	1	55	165	20	5.473e-05	{RH}
sp|P0CF28|INSB5_ECOLI	SINGLE	1	120	141	6	4.110e-04	{R}
sp|P0CF28|INSB5_ECOLI	SINGLE	2	115	165	6	7.169e-04	{H}
sp|P0CF28|INSB5_ECOLI	MULTIPLE	1	109	165	13	9.338e-05	{RH}
sp|P0CF29|INSB6_ECOLI	SINGLE	1	120	141	6	4.110e-04	{R}
sp|P0CF29|INSB6_ECOLI	SINGLE	2	115	165	6	7.169e-04	{H}
sp|P0CF29|INSB6_ECOLI	MULTIPLE	1	109	165	13	9.338e-05	{RH}
sp|P0CF40|INSC1_ECOLI	SINGLE	1	60	76	7	1.565e-04	{A}
sp|P0CF40|INSC1_ECOLI	SINGLE	2	16	84	10	5.783e-04	{Q}
sp|P0CF40|INSC1_ECOLI	MULTIPLE	1	16	84	21	3.289e-05	{AQ}
sp|P0CF41|INSC2_ECOLI	SINGLE	1	60	76	7	1.565e-04	{A}
sp|P0CF41|INSC2_ECOLI	SINGLE	2	16	84	10	5.783e-04	{Q}
sp|P0CF41|INSC2_ECOLI	MULTIPLE	1	16	84	21	3.289e-05	{AQ}
sp|P0CF42|INSC3_ECOLI	SINGLE	1	60	76	7	1.565e-04	{A}
sp|P0CF42|INSC3_ECOLI	SINGLE	2	16	84	10	5.783e-04	{Q}
sp|P0CF42|INSC3_ECOLI	MULTIPLE	1	16	84	21	3.289e-05	{AQ}
sp|P0CF43|INSC4_ECOLI	SINGLE	1	60	76	7	1.565e-04	{A}
sp|P0CF43|INSC4_ECOLI	SINGLE	2	16	84	10	5.783e-04	{Q}
sp|P0CF43|INSC4_ECOLI	MULTIPLE	1	16	84	21	3.289e-05	{AQ}
sp|P0CF44|INSC5_ECOLI	SINGLE	1	60	76	7	1.565e-04	{A}
sp|P0CF44|INSC5_ECOLI	SINGLE	2	16	84	10	5.783e-04	{Q}
sp|P0CF44|INSC5_ECOLI	MULTIPLE	1	16	84	21	3.289e-05	{AQ}
sp|P0CF45|INSC6_ECOLI	SINGLE	1	60	76	7	1.565e-04	{A}
sp|P0CF45|INSC6_ECOLI	SINGLE	2	16	84	10	5.783e-04	{Q}
sp|P0CF45|INSC6_ECOLI	MULTIPLE	1	16	84	21	3.289e-05	{AQ}
sp|P0CF53|INSD1_ECOLI	SINGLE	1	5	155	25	4.929e-08	{R}
sp|P0CF53|INSD1_ECOLI	SINGLE	2	130	153	5	3.280e-05	{C}
sp|P0CF53|INSD1_ECOLI	SINGLE	3	36	51	6	1.335e-04	{D}
sp|P0CF53|INSD1_ECOLI	MULTIPLE	1	5	155	31	5.311e-09	{RC}
sp|P0CF53|INSD1_ECOLI	WHOLE	1	1	301	37	1.288e-07	{R}
sp|P0CF54|INSD2_ECOLI	SINGLE	1	5	155	25	4.929e-08	{R}
sp|P0CF54|INSD2_ECOLI	SINGLE	2	130	153	5	3.280e-05	{C}
sp|P0CF54|INSD2_ECOLI	SINGLE	3	36	51	6	1.335e-04	{D}
sp|P0CF54|INSD2_ECOLI	MULTIPLE	1	5	155	31	5.311e-09	{RC}
sp|P0CF54|INSD2_ECOLI	WHOLE	1	1	301	37	1.288e-07	{R}
sp|P0CF55|INSD3_ECOLI	SINGLE	1	5	155	25	4.929e-08	{R}
sp|P0CF55|INSD3_ECOLI	SINGLE	2	130	153	5	3.280e-05	{C}
sp|P0CF55|INSD3_ECOLI	SINGLE	3	36	51	6	1.335e-04	{D}
sp|P0CF55|INSD3_ECOLI	MULTIPLE	1	5	155	31	5.311e-09	{RC}
sp|P0CF55|INSD3_ECOLI	WHOLE	1	1	301	37	1.288e-07	{R}
sp|P0CF56|INSD4_ECOLI	SINGLE	1	5	155	25	4.929e-08	{R}
sp|P0CF56|INSD4_ECOLI	SINGLE	2	130	153	5	3.280e-05	{C}
sp|P0CF56|INSD4_ECOLI	SINGLE	3	36	51	6	1.335e-04	{D}
sp|P0CF56|INSD4_ECOLI	MULTIPLE	1	5	155	31	5.311e-09	{RC}
sp|P0CF56|INSD4_ECOLI	WHOLE	1	1	301	37	1.288e-07	{R}
sp|P0CF57|INSD5_ECOLI	SINGLE	1	5	155	25	4.929e-08	{R}
sp|P0CF57|INSD5_ECOLI	SINGLE	2	130	153	5	3.280e-05	{C}
sp|P0CF57|INSD5_ECOLI	SINGLE	3	36	51	6	1.335e-04	{D}
sp|P0CF57|INSD5_ECOLI	MULTIPLE	1	5	155	31	5.311e-09	{RC}
sp|P0CF57|INSD5_ECOLI	WHOLE	1	1	301	37	1.288e-07	{R}
sp|P0CF58|INSD6_ECOLI	SINGLE	1	5	155	25	4.929e-08	{R}
sp|P0CF58|INSD6_ECOLI	SINGLE	2	130	153	5	3.280e-05	{C}
sp|P0CF58|INSD6_ECOLI	SINGLE	3	36	51	6	1.335e-04	{D}
sp|P0CF58|INSD6_ECOLI	MULTIPLE	1	5	155	31	5.311e-09	{RC}
sp|P0CF58|INSD6_ECOLI	WHOLE	1	1	301	37	1.288e-07	{R}
sp|P0CF60|INSD8_ECOLI	SINGLE	1	47	70	5	3.280e-05	{C}
sp|P0CF60|INSD8_ECOLI	SINGLE	2	8	214	22	2.642e-04	{R}
sp|P0CF60|INSD8_ECOLI	WHOLE	1	1	218	22	5.109e-04	{R}
sp|P0CF66|INSE1_ECOLI	SINGLE	1	43	57	5	2.936e-04	{Q}
sp|P0CF66|INSE1_ECOLI	SINGLE	2	61	83	7	4.101e-04	{E}
sp|P0CF67|INSE2_ECOLI	SINGLE	1	43	57	5	2.936e-04	{Q}
sp|P0CF67|INSE2_ECOLI	SINGLE	2	61	83	7	4.101e-04	{E}
sp|P0CF68|INSE3_ECOLI	SINGLE	1	43	57	5	2.936e-04	{Q}
sp|P0CF68|INSE3_ECOLI	SINGLE	2	61	83	7	4.101e-04	{E}
sp|P0CF69|INSE4_ECOLI	SINGLE	1	43	57	5	2.936e-04	{Q}
sp|P0CF69|INSE4_ECOLI	SINGLE	2	61	83	7	4.101e-04	{E}
sp|P0CF70|INSE5_ECOLI	SINGLE	1	43	57	5	2.936e-04	{Q}
sp|P0CF70|INSE5_ECOLI	SINGLE	2	61	83	7	4.101e-04	{E}
sp|P0CF79|INSF1_ECOLI	SINGLE	1	20	270	32	3.759e-07	{R}
sp|P0CF79|INSF1_ECOLI	SINGLE	2	223	274	6	1.626e-04	{C}
sp|P0CF79|INSF1_ECOLI	MULTIPLE	1	19	274	43	4.743e-09	{RC}
sp|P0CF79|INSF1_ECOLI	WHOLE	1	1	288	32	6.566e-06	{R}
sp|P0CF80|INSF2_ECOLI	SINGLE	1	20	270	32	3.759e-07	{R}
sp|P0CF80|INSF2_ECOLI	SINGLE	2	223	274	6	1.626e-04	{C}
sp|P0CF80|INSF2_ECOLI	MULTIPLE	1	19	274	43	4.743e-09	{RC}
sp|P0CF80|INSF2_ECOLI	WHOLE	1	1	288	32	6.566e-06	{R}
sp|P0CF81|INSF3_ECOLI	SINGLE	1	20	270	32	3.759e-07	{R}
sp|P0CF81|INSF3_ECOLI	SINGLE	2	223	274	6	1.626e-04	{C}
sp|P0CF81|INSF3_ECOLI	MULTIPLE	1	19	274	43	4.743e-09	{RC}
sp|P0CF81|INSF3_ECOLI	WHOLE	1	1	288	32	6.566e-06	{R}
sp|P0CF82|INSF4_ECOLI	SINGLE	1	20	270	32	3.759e-07	{R}
sp|P0CF82|INSF4_ECOLI	SINGLE	2	223	274	6	1.626e-04	{C}
sp|P0CF82|INSF4_ECOLI	MULTIPLE	1	19	274	43	4.743e-09	{RC}
sp|P0CF82|INSF4_ECOLI	WHOLE	1	1	288	32	6.566e-06	{R}
sp|P0CF83|INSF5_ECOLI	SINGLE	1	20	270	32	3.759e-07	{R}
sp|P0CF83|INSF5_ECOLI	SINGLE	2	223	274	6	1.626e-04	{C}
sp|P0CF83|INSF5_ECOLI	MULTIPLE	1	19	274	43	4.743e-09	{RC}
sp|P0CF83|INSF5_ECOLI	WHOLE	1	1	288	32	6.566e-06	{R}
sp|P0CF86|YFJU_ECOLI	SINGLE	1	31	83	11	3.812e-05	{I}
sp|P0CF86|YFJU_ECOLI	SINGLE	2	3	33	7	2.524e-04	{N}
sp|P0CF86|YFJU_ECOLI	MULTIPLE	1	3	91	23	3.170e-06	{IN}
sp|P0CF86|YFJU_ECOLI	WHOLE	1	1	104	14	4.211e-04	{I}
sp|P0CF89|INSI3_ECOLI	SINGLE	1	42	264	37	3.817e-11	{R}
sp|P0CF89|INSI3_ECOLI	SINGLE	2	182	201	6	3.056e-06	{H}
sp|P0CF89|INSI3_ECOLI	SINGLE	3	124	139	7	2.677e-04	{L}
sp|P0CF89|INSI3_ECOLI	MULTIPLE	1	50	264	47	1.629e-12	{RH}
sp|P0CF89|INSI3_ECOLI	WHOLE	1	1	383	47	3.407e-09	{R}
sp|P0CF90|INSI4_ECOLI	SINGLE	1	42	264	37	3.817e-11	{R}
sp|P0CF90|INSI4_ECOLI	SINGLE	2	182	201	6	3.056e-06	{H}
sp|P0CF90|INSI4_ECOLI	SINGLE	3	124	139	7	2.677e-04	{L}
sp|P0CF90|INSI4_ECOLI	MULTIPLE	1	50	264	47	1.629e-12	{RH}
sp|P0CF90|INSI4_ECOLI	WHOLE	1	1	383	47	3.407e-09	{R}
sp|P0CF91|INSL1_ECOLI	SINGLE	1	26	272	30	2.210e-06	{R}
sp|P0CF91|INSL1_ECOLI	SINGLE	2	10	346	47	4.726e-05	{A}
sp|P0CF91|INSL1_ECOLI	SINGLE	3	246	348	21	2.590e-04	{L}
sp|P0CF91|INSL1_ECOLI	MULTIPLE	1	10	348	127	2.549e-11	{RAL}
sp|P0CF91|INSL1_ECOLI	WHOLE	1	1	370	35	6.641e-05	{R}
sp|P0CF91|INSL1_ECOLI	WHOLE	2	1	370	48	2.018e-04	{A}
sp|P0CF92|INSL2_ECOLI	SINGLE	1	26	272	30	2.210e-06	{R}
sp|P0CF92|INSL2_ECOLI	SINGLE	2	10	346	47	4.726e-05	{A}
sp|P0CF92|INSL2_ECOLI	SINGLE	3	246	348	21	2.590e-04	{L}
sp|P0CF92|INSL2_ECOLI	MULTIPLE	1	10	348	127	2.549e-11	{RAL}
sp|P0CF92|INSL2_ECOLI	WHOLE	1	1	370	35	6.641e-05	{R}
sp|P0CF92|INSL2_ECOLI	WHOLE	2	1	370	48	2.018e-04	{A}
sp|P0CF93|INSL3_ECOLI	SINGLE	1	26	272	30	2.210e-06	{R}
sp|P0CF93|INSL3_ECOLI	SINGLE	2	10	346	47	4.726e-05	{A}
sp|P0CF93|INSL3_ECOLI	SINGLE	3	246	348	21	2.590e-04	{L}
sp|P0CF93|INSL3_ECOLI	MULTIPLE	1	10	348	127	2.549e-11	{RAL}
sp|P0CF93|INSL3_ECOLI	WHOLE	1	1	370	35	6.641e-05	{R}
sp|P0CF93|INSL3_ECOLI	WHOLE	2	1	370	48	2.018e-04	{A}
sp|P0DP22|YJIQ_ECOLI	SINGLE	1	56	99	12	3.534e-04	{L}
sp|P0DP22|YJIQ_ECOLI	SINGLE	2	38	54	6	4.421e-04	{V}
sp|P0DP22|YJIQ_ECOLI	SINGLE	3	115	145	7	4.684e-04	{R}
sp|P0DP63|YBEH_ECOLI	SINGLE	1	4	50	13	3.705e-05	{A}
sp|P0DP64|YBEM_ECOLI	SINGLE	1	17	159	25	7.912e-05	{A}
sp|P0DP64|YBEM_ECOLI	WHOLE	1	1	187	27	8.324e-04	{A}
sp|P0DP69|PHNE1_ECOLI	SINGLE	1	165	193	8	3.557e-05	{P}
sp|P0DP69|PHNE1_ECOLI	SINGLE	2	158	172	4	7.491e-05	{C}
sp|P0DP69|PHNE1_ECOLI	SINGLE	3	2	26	7	9.845e-05	{P}
sp|P0DP69|PHNE1_ECOLI	SINGLE	4	30	185	10	1.055e-04	{W}
sp|P0DP69|PHNE1_ECOLI	SINGLE	5	88	155	12	9.490e-04	{V}
sp|P0DP69|PHNE1_ECOLI	MULTIPLE	1	158	193	12	9.767e-07	{PC}
sp|P0DP69|PHNE1_ECOLI	MULTIPLE	2	36	159	24	2.829e-05	{WV}
sp|P0DP69|PHNE1_ECOLI	WHOLE	1	1	206	22	1.788e-04	{P}
sp|P0DP69|PHNE1_ECOLI	WHOLE	2	1	206	10	8.635e-04	{W}
sp|P0DPC7|RSED_ECOLI	SINGLE	1	17	32	7	2.677e-04	{L}
sp|P0DPO8|YNFT_ECOLI	SINGLE	1	4	28	9	1.565e-06	{I}
sp|P0DPO8|YNFT_ECOLI	WHOLE	1	1	37	9	5.196e-05	{I}
sp|P0DPP2|YOAL_ECOLI	SINGLE	1	38	52	7	3.582e-05	{S}
sp|P0DQD7|GNDA_ECOLI	SINGLE	1	20	50	8	5.305e-04	{V}
sp|P0DQD7|GNDA_ECOLI	SINGLE	2	7	43	9	8.059e-04	{S}
sp|P0DQD7|GNDA_ECOLI	MULTIPLE	1	16	46	14	1.777e-05	{VS}
sp|P0DUM3|TIMP_ECOLI	SINGLE	1	21	36	6	3.304e-05	{N}
sp|P11286|YIAB_ECOLI	SINGLE	1	10	83	17	2.272e-04	{L}
sp|P11286|YIAB_ECOLI	SINGLE	2	66	97	7	6.733e-04	{I}
sp|P11290|YIBD_ECOLI	SINGLE	1	140	344	26	4.501e-06	{R}
sp|P11290|YIBD_ECOLI	SINGLE	2	124	167	5	4.441e-04	{W}
sp|P11290|YIBD_ECOLI	SINGLE	3	207	269	9	4.571e-04	{Y}
sp|P11290|YIBD_ECOLI	SINGLE	4	27	41	5	5.275e-04	{I}
sp|P11290|YIBD_ECOLI	MULTIPLE	1	124	344	36	1.079e-07	{RW}
sp|P11290|YIBD_ECOLI	WHOLE	1	1	344	31	3.397e-04	{R}
sp|P11291|YZCX_ECOLI	SINGLE	1	102	131	9	1.565e-04	{S}
sp|P11291|YZCX_ECOLI	SINGLE	2	3	97	17	7.024e-04	{A}
sp|P11447|ARLY_ECOLI	SINGLE	1	44	346	46	2.539e-04	{L}
sp|P11447|ARLY_ECOLI	SINGLE	2	306	321	4	3.155e-04	{M}
sp|P11447|ARLY_ECOLI	SINGLE	3	131	454	42	4.472e-04	{A}
sp|P11447|ARLY_ECOLI	SINGLE	4	10	161	16	6.364e-04	{Q}
sp|P11447|ARLY_ECOLI	MULTIPLE	1	10	376	127	4.937e-07	{LMAQ}
sp|P11447|ARLY_ECOLI	WHOLE	1	1	457	54	7.267e-04	{A}
sp|P11663|FUME_ECOLI	SINGLE	1	154	168	6	1.598e-04	{T}
sp|P11663|FUME_ECOLI	SINGLE	2	7	114	15	6.429e-04	{D}
sp|P11866|TDCR_ECOLI	SINGLE	1	4	71	10	2.402e-04	{F}
sp|P11866|TDCR_ECOLI	WHOLE	1	1	72	10	3.777e-04	{F}
sp|P12994|YBHB_ECOLI	SINGLE	1	7	54	9	9.147e-04	{D}
sp|P12994|YBHB_ECOLI	SINGLE	2	79	111	8	9.330e-04	{G}
sp|P15006|MCRC_ECOLI	SINGLE	1	6	342	31	3.824e-04	{I}
sp|P15006|MCRC_ECOLI	SINGLE	2	38	60	8	5.917e-04	{L}
sp|P15006|MCRC_ECOLI	MULTIPLE	1	6	347	73	7.866e-05	{IL}
sp|P15006|MCRC_ECOLI	WHOLE	1	1	348	31	6.224e-04	{I}
sp|P16684|PHNF_ECOLI	SINGLE	1	26	216	24	1.162e-05	{R}
sp|P16684|PHNF_ECOLI	SINGLE	2	15	97	11	6.684e-04	{Q}
sp|P16684|PHNF_ECOLI	MULTIPLE	1	13	216	41	7.704e-07	{RQ}
sp|P16684|PHNF_ECOLI	WHOLE	1	1	241	26	6.682e-05	{R}
sp|P16916|RHSA_ECOLI	SINGLE	1	103	1117	112	4.101e-16	{R}
sp|P16916|RHSA_ECOLI	SINGLE	2	210	1069	92	1.725e-07	{T}
sp|P16916|RHSA_ECOLI	SINGLE	3	1235	1264	10	5.696e-07	{P}
sp|P16916|RHSA_ECOLI	SINGLE	4	678	977	22	7.729e-07	{H}
sp|P16916|RHSA_ECOLI	SINGLE	5	280	1234	65	2.644e-06	{Y}
sp|P16916|RHSA_ECOLI	SINGLE	6	31	205	22	1.759e-05	{P}
sp|P16916|RHSA_ECOLI	SINGLE	7	3	152	24	3.562e-05	{G}
sp|P16916|RHSA_ECOLI	SINGLE	8	1270	1356	15	6.425e-05	{D}
sp|P16916|RHSA_ECOLI	SINGLE	9	1181	1195	5	2.936e-04	{Q}
sp|P16916|RHSA_ECOLI	SINGLE	10	1006	1029	4	3.879e-04	{W}
sp|P16916|RHSA_ECOLI	SINGLE	11	52	212	28	4.319e-04	{L}
sp|P16916|RHSA_ECOLI	SINGLE	12	327	728	38	5.347e-04	{D}
sp|P16916|RHSA_ECOLI	SINGLE	13	140	188	5	7.234e-04	{W}
sp|P16916|RHSA_ECOLI	SINGLE	14	900	925	6	9.176e-04	{P}
sp|P16916|RHSA_ECOLI	MULTIPLE	1	326	1072	311	1.105e-31	{RTHYD}
sp|P16916|RHSA_ECOLI	MULTIPLE	2	16	205	78	1.784e-09	{PGLW}
sp|P16916|RHSA_ECOLI	WHOLE	1	1	1377	131	1.160e-13	{R}
sp|P16916|RHSA_ECOLI	WHOLE	2	1	1377	114	3.714e-04	{T}
sp|P16916|RHSA_ECOLI	WHOLE	3	1	1377	118	8.292e-04	{G}
sp|P16916|RHSA_ECOLI	WHOLE	4	1	1377	101	9.497e-04	{D}
sp|P16917|RHSB_ECOLI	SINGLE	1	103	1117	112	4.101e-16	{R}
sp|P16917|RHSB_ECOLI	SINGLE	2	210	1069	91	3.095e-07	{T}
sp|P16917|RHSB_ECOLI	SINGLE	3	678	977	22	7.729e-07	{H}
sp|P16917|RHSB_ECOLI	SINGLE	4	280	1234	65	2.644e-06	{Y}
sp|P16917|RHSB_ECOLI	SINGLE	5	31	205	22	1.759e-05	{P}
sp|P16917|RHSB_ECOLI	SINGLE	6	3	152	24	3.562e-05	{G}
sp|P16917|RHSB_ECOLI	SINGLE	7	1181	1195	5	2.936e-04	{Q}
sp|P16917|RHSB_ECOLI	SINGLE	8	1006	1029	4	3.879e-04	{W}
sp|P16917|RHSB_ECOLI	SINGLE	9	52	212	28	4.319e-04	{L}
sp|P16917|RHSB_ECOLI	SINGLE	10	327	728	38	5.347e-04	{D}
sp|P16917|RHSB_ECOLI	SINGLE	11	140	188	5	7.234e-04	{W}
sp|P16917|RHSB_ECOLI	MULTIPLE	1	326	1072	310	2.707e-31	{RTHYD}
sp|P16917|RHSB_ECOLI	MULTIPLE	2	16	205	78	1.784e-09	{PGLW}
sp|P16917|RHSB_ECOLI	WHOLE	1	1	1411	127	1.005e-11	{R}
sp|P16917|RHSB_ECOLI	WHOLE	2	1	1411	131	2.791e-05	{G}
sp|P16917|RHSB_ECOLI	WHOLE	3	1	1411	78	2.363e-04	{Y}
sp|P16917|RHSB_ECOLI	WHOLE	4	1	1411	50	3.249e-04	{H}
sp|P16918|RHSC_ECOLI	SINGLE	1	76	1117	110	1.374e-14	{R}
sp|P16918|RHSC_ECOLI	SINGLE	2	210	1077	95	4.131e-08	{T}
sp|P16918|RHSC_ECOLI	SINGLE	3	678	773	13	1.626e-07	{H}
sp|P16918|RHSC_ECOLI	SINGLE	4	280	1289	68	2.318e-06	{Y}
sp|P16918|RHSC_ECOLI	SINGLE	5	1260	1309	14	2.517e-06	{G}
sp|P16918|RHSC_ECOLI	SINGLE	6	3	692	75	9.909e-06	{G}
sp|P16918|RHSC_ECOLI	SINGLE	7	31	205	22	1.759e-05	{P}
sp|P16918|RHSC_ECOLI	SINGLE	8	1281	1380	8	1.811e-04	{C}
sp|P16918|RHSC_ECOLI	SINGLE	9	963	977	4	2.419e-04	{H}
sp|P16918|RHSC_ECOLI	SINGLE	10	1181	1195	5	2.936e-04	{Q}
sp|P16918|RHSC_ECOLI	SINGLE	11	1006	1029	4	3.879e-04	{W}
sp|P16918|RHSC_ECOLI	SINGLE	12	52	212	28	4.319e-04	{L}
sp|P16918|RHSC_ECOLI	SINGLE	13	140	188	5	7.234e-04	{W}
sp|P16918|RHSC_ECOLI	MULTIPLE	1	206	1036	356	2.596e-29	{RTHYGW}
sp|P16918|RHSC_ECOLI	MULTIPLE	2	48	212	54	1.415e-08	{PLW}
sp|P16918|RHSC_ECOLI	WHOLE	1	1	1397	125	2.047e-11	{R}
sp|P16918|RHSC_ECOLI	WHOLE	2	1	1397	134	5.568e-06	{G}
sp|P16918|RHSC_ECOLI	WHOLE	3	1	1397	118	1.580e-04	{T}
sp|P16918|RHSC_ECOLI	WHOLE	4	1	1397	76	4.075e-04	{Y}
sp|P16918|RHSC_ECOLI	WHOLE	5	1	1397	48	7.062e-04	{H}
sp|P16919|RHSD_ECOLI	SINGLE	1	76	1162	111	9.025e-14	{R}
sp|P16919|RHSD_ECOLI	SINGLE	2	306	1245	69	1.091e-07	{Y}
sp|P16919|RHSD_ECOLI	SINGLE	3	262	276	9	1.682e-07	{S}
sp|P16919|RHSD_ECOLI	SINGLE	4	3	894	98	4.064e-07	{G}
sp|P16919|RHSD_ECOLI	SINGLE	5	31	205	24	1.777e-06	{P}
sp|P16919|RHSD_ECOLI	SINGLE	6	210	1072	86	5.798e-06	{T}
sp|P16919|RHSD_ECOLI	SINGLE	7	976	994	5	4.205e-05	{H}
sp|P16919|RHSD_ECOLI	SINGLE	8	1071	1210	22	7.032e-05	{E}
sp|P16919|RHSD_ECOLI	SINGLE	9	1017	1040	4	3.879e-04	{W}
sp|P16919|RHSD_ECOLI	SINGLE	10	865	981	16	5.204e-04	{D}
sp|P16919|RHSD_ECOLI	SINGLE	11	711	777	7	5.422e-04	{H}
sp|P16919|RHSD_ECOLI	SINGLE	12	904	936	7	5.968e-04	{P}
sp|P16919|RHSD_ECOLI	SINGLE	13	140	188	5	7.234e-04	{W}
sp|P16919|RHSD_ECOLI	MULTIPLE	1	3	1246	632	1.550e-29	{RYGPTHWD}
sp|P16919|RHSD_ECOLI	WHOLE	1	1	1426	126	3.842e-11	{R}
sp|P16919|RHSD_ECOLI	WHOLE	2	1	1426	135	9.376e-06	{G}
sp|P16919|RHSD_ECOLI	WHOLE	3	1	1426	85	1.407e-05	{Y}
sp|P18390|YJJA_ECOLI	SINGLE	1	12	36	9	6.191e-05	{A}
sp|P18390|YJJA_ECOLI	SINGLE	2	41	137	13	2.040e-04	{N}
sp|P18390|YJJA_ECOLI	SINGLE	3	16	68	12	2.449e-04	{S}
sp|P18390|YJJA_ECOLI	MULTIPLE	1	12	69	24	9.135e-07	{AS}
sp|P19932|HYAF_ECOLI	SINGLE	1	52	206	31	1.850e-05	{L}
sp|P19932|HYAF_ECOLI	SINGLE	2	110	124	5	4.635e-04	{R}
sp|P19932|HYAF_ECOLI	SINGLE	3	152	194	8	6.151e-04	{P}
sp|P19932|HYAF_ECOLI	MULTIPLE	1	52	209	54	1.558e-06	{LRP}
sp|P19932|HYAF_ECOLI	WHOLE	1	1	285	44	2.359e-04	{L}
sp|P21361|YCIG_ECOLI	SINGLE	1	6	57	14	4.138e-06	{G}
sp|P21361|YCIG_ECOLI	WHOLE	1	1	59	14	1.925e-05	{G}
sp|P21362|YCIF_ECOLI	SINGLE	1	49	143	19	7.602e-06	{E}
sp|P21362|YCIF_ECOLI	SINGLE	2	100	133	10	1.622e-04	{A}
sp|P21362|YCIF_ECOLI	MULTIPLE	1	43	145	34	9.481e-07	{EA}
sp|P21362|YCIF_ECOLI	WHOLE	1	1	166	23	3.010e-04	{E}
sp|P21365|YCIC_ECOLI	SINGLE	1	24	244	45	2.103e-07	{L}
sp|P21365|YCIC_ECOLI	SINGLE	2	91	156	14	2.799e-06	{I}
sp|P21365|YCIC_ECOLI	SINGLE	3	145	187	7	3.410e-05	{M}
sp|P21365|YCIC_ECOLI	SINGLE	4	66	80	5	2.936e-04	{Q}
sp|P21365|YCIC_ECOLI	SINGLE	5	81	223	23	4.601e-04	{A}
sp|P21365|YCIC_ECOLI	MULTIPLE	1	21	245	104	2.999e-13	{LIMA}
sp|P21365|YCIC_ECOLI	WHOLE	1	1	247	45	4.385e-06	{L}
sp|P21503|YCAD_ECOLI	SINGLE	1	10	369	65	7.083e-08	{L}
sp|P21503|YCAD_ECOLI	SINGLE	2	281	310	10	5.151e-05	{A}
sp|P21503|YCAD_ECOLI	SINGLE	3	91	367	17	1.044e-04	{M}
sp|P21503|YCAD_ECOLI	SINGLE	4	95	112	4	1.222e-04	{W}
sp|P21503|YCAD_ECOLI	SINGLE	5	44	263	28	4.047e-04	{G}
sp|P21503|YCAD_ECOLI	MULTIPLE	1	9	369	128	5.766e-13	{LMWG}
sp|P21503|YCAD_ECOLI	WHOLE	1	1	382	65	5.850e-07	{L}
sp|P21503|YCAD_ECOLI	WHOLE	2	1	382	20	2.187e-04	{M}
sp|P22586|FLIO_ECOLI	SINGLE	1	68	82	7	1.824e-05	{V}
sp|P22586|FLIO_ECOLI	SINGLE	2	11	36	9	8.726e-05	{A}
sp|P22787|YIFB_ECOLI	SINGLE	1	308	496	21	2.006e-04	{R}
sp|P22787|YIFB_ECOLI	SINGLE	2	195	222	8	2.943e-04	{G}
sp|P22787|YIFB_ECOLI	SINGLE	3	69	505	61	3.061e-04	{L}
sp|P22787|YIFB_ECOLI	SINGLE	4	265	399	16	3.988e-04	{P}
sp|P22787|YIFB_ECOLI	SINGLE	5	280	296	6	4.943e-04	{G}
sp|P22787|YIFB_ECOLI	MULTIPLE	1	167	393	90	7.183e-07	{RLPG}
sp|P22787|YIFB_ECOLI	WHOLE	1	1	506	66	9.569e-04	{L}
sp|P23325|ARPA_ECOLI	SINGLE	1	13	636	52	3.482e-06	{N}
sp|P23325|ARPA_ECOLI	SINGLE	2	320	616	51	6.063e-06	{L}
sp|P23325|ARPA_ECOLI	SINGLE	3	220	374	12	1.277e-04	{M}
sp|P23325|ARPA_ECOLI	SINGLE	4	594	702	13	2.542e-04	{F}
sp|P23325|ARPA_ECOLI	SINGLE	5	350	364	5	2.936e-04	{Q}
sp|P23325|ARPA_ECOLI	MULTIPLE	1	13	626	149	1.049e-08	{NLM}
sp|P23325|ARPA_ECOLI	WHOLE	1	1	728	56	1.449e-05	{N}
sp|P23481|HYFA_ECOLI	SINGLE	1	12	162	16	3.204e-09	{C}
sp|P23481|HYFA_ECOLI	WHOLE	1	1	205	16	2.230e-07	{C}
sp|P23840|DIND_ECOLI	SINGLE	1	93	263	20	3.970e-05	{Q}
sp|P23840|DIND_ECOLI	SINGLE	2	149	163	6	5.574e-04	{A}
sp|P24178|YFFB_ECOLI	SINGLE	1	57	74	6	4.891e-04	{T}
sp|P24178|YFFB_ECOLI	SINGLE	2	74	88	6	5.574e-04	{A}
sp|P24178|YFFB_ECOLI	MULTIPLE	1	53	88	14	1.574e-04	{TA}
sp|P24211|RHSE_ECOLI	SINGLE	1	96	512	48	1.738e-08	{R}
sp|P24211|RHSE_ECOLI	SINGLE	2	430	495	9	1.172e-05	{H}
sp|P24211|RHSE_ECOLI	SINGLE	3	251	269	5	4.205e-05	{H}
sp|P24211|RHSE_ECOLI	SINGLE	4	346	485	22	7.032e-05	{E}
sp|P24211|RHSE_ECOLI	SINGLE	5	321	340	7	1.188e-04	{T}
sp|P24211|RHSE_ECOLI	SINGLE	6	10	52	6	2.895e-04	{H}
sp|P24211|RHSE_ECOLI	SINGLE	7	292	315	4	3.879e-04	{W}
sp|P24211|RHSE_ECOLI	SINGLE	8	140	256	16	5.204e-04	{D}
sp|P24211|RHSE_ECOLI	SINGLE	9	179	211	7	5.968e-04	{P}
sp|P24211|RHSE_ECOLI	SINGLE	10	438	663	28	5.975e-04	{G}
sp|P24211|RHSE_ECOLI	MULTIPLE	1	96	502	76	3.788e-11	{RHW}
sp|P24211|RHSE_ECOLI	MULTIPLE	2	179	252	24	4.144e-06	{HDP}
sp|P24211|RHSE_ECOLI	WHOLE	1	1	682	57	2.128e-05	{R}
sp|P24211|RHSE_ECOLI	WHOLE	2	1	682	29	3.451e-04	{H}
sp|P25531|YICR_ECOLI	SINGLE	1	7	59	14	1.735e-04	{L}
sp|P25531|YICR_ECOLI	SINGLE	2	155	208	10	2.194e-04	{I}
sp|P25531|YICR_ECOLI	SINGLE	3	132	173	6	2.547e-04	{H}
sp|P25531|YICR_ECOLI	SINGLE	4	88	157	11	3.637e-04	{R}
sp|P25531|YICR_ECOLI	SINGLE	5	97	121	7	7.029e-04	{E}
sp|P25531|YICR_ECOLI	MULTIPLE	1	83	212	49	1.221e-07	{IHRE}
sp|P25550|ASLB_ECOLI	SINGLE	1	122	405	18	4.578e-05	{H}
sp|P25550|ASLB_ECOLI	SINGLE	2	338	352	4	7.491e-05	{C}
sp|P25550|ASLB_ECOLI	SINGLE	3	304	338	8	8.801e-05	{Q}
sp|P25550|ASLB_ECOLI	MULTIPLE	1	116	405	29	1.633e-06	{HC}
sp|P25550|ASLB_ECOLI	WHOLE	1	1	411	21	2.143e-04	{H}
sp|P25738|MSYB_ECOLI	SINGLE	1	52	123	19	9.319e-08	{E}
sp|P25738|MSYB_ECOLI	WHOLE	1	1	124	24	1.015e-06	{E}
sp|P25743|YCHE_ECOLI	SINGLE	1	5	19	7	6.535e-07	{F}
sp|P25743|YCHE_ECOLI	SINGLE	2	16	209	26	2.765e-06	{I}
sp|P25743|YCHE_ECOLI	MULTIPLE	1	2	210	45	1.275e-08	{FI}
sp|P25743|YCHE_ECOLI	WHOLE	1	1	215	27	5.985e-06	{I}
sp|P25747|YEIB_ECOLI	SINGLE	1	16	373	73	5.848e-11	{L}
sp|P25747|YEIB_ECOLI	SINGLE	2	38	368	18	2.651e-06	{W}
sp|P25747|YEIB_ECOLI	SINGLE	3	70	241	24	2.725e-04	{G}
sp|P25747|YEIB_ECOLI	MULTIPLE	1	16	373	124	1.613e-15	{LWG}
sp|P25747|YEIB_ECOLI	WHOLE	1	1	385	74	6.730e-10	{L}
sp|P25747|YEIB_ECOLI	WHOLE	2	1	385	18	1.911e-05	{W}
sp|P26608|FLIS_ECOLI	SINGLE	1	8	52	8	5.178e-04	{Q}
sp|P27294|INAA_ECOLI	SINGLE	1	178	192	6	3.887e-05	{R}
sp|P27294|INAA_ECOLI	SINGLE	2	67	92	7	8.914e-04	{V}
sp|P27297|BAX_ECOLI	SINGLE	1	35	63	10	1.834e-05	{S}
sp|P27297|BAX_ECOLI	SINGLE	2	28	253	27	4.618e-04	{K}
sp|P27297|BAX_ECOLI	SINGLE	3	172	188	5	5.425e-04	{N}
sp|P27297|BAX_ECOLI	MULTIPLE	1	35	254	67	1.464e-06	{SKN}
sp|P27375|YJAZ_ECOLI	SINGLE	1	13	106	10	3.441e-05	{H}
sp|P27375|YJAZ_ECOLI	SINGLE	2	137	160	7	4.028e-04	{K}
sp|P27843|YIGG_ECOLI	SINGLE	1	4	107	21	2.730e-08	{I}
sp|P27843|YIGG_ECOLI	SINGLE	2	20	36	7	1.824e-06	{F}
sp|P27843|YIGG_ECOLI	MULTIPLE	1	4	113	36	1.615e-12	{IF}
sp|P27843|YIGG_ECOLI	WHOLE	1	1	126	21	7.534e-07	{I}
sp|P27843|YIGG_ECOLI	WHOLE	2	1	126	15	9.385e-05	{F}
sp|P27844|RARD_ECOLI	SINGLE	1	63	256	35	5.117e-05	{L}
sp|P27844|RARD_ECOLI	SINGLE	2	19	221	23	1.205e-04	{I}
sp|P27844|RARD_ECOLI	SINGLE	3	18	283	23	2.215e-04	{F}
sp|P27844|RARD_ECOLI	MULTIPLE	1	11	283	91	5.862e-10	{LIF}
sp|P27844|RARD_ECOLI	WHOLE	1	1	296	23	8.664e-04	{F}
sp|P27844|RARD_ECOLI	WHOLE	2	1	296	27	9.069e-04	{I}
sp|P28303|DINF_ECOLI	SINGLE	1	12	442	91	4.073e-14	{L}
sp|P28303|DINF_ECOLI	SINGLE	2	67	458	58	1.378e-06	{A}
sp|P28303|DINF_ECOLI	SINGLE	3	421	455	5	1.519e-04	{W}
sp|P28303|DINF_ECOLI	SINGLE	4	173	205	8	8.166e-04	{V}
sp|P28303|DINF_ECOLI	MULTIPLE	1	28	446	192	1.489e-20	{LAWV}
sp|P28303|DINF_ECOLI	WHOLE	1	1	459	91	1.642e-12	{L}
sp|P28303|DINF_ECOLI	WHOLE	2	1	459	63	5.735e-06	{A}
sp|P28369|RFH_ECOLI	SINGLE	1	129	148	6	1.375e-04	{Q}
sp|P28369|RFH_ECOLI	SINGLE	2	142	156	5	4.635e-04	{R}
sp|P28369|RFH_ECOLI	SINGLE	3	26	53	4	7.038e-04	{W}
sp|P28369|RFH_ECOLI	MULTIPLE	1	129	156	11	1.534e-05	{QR}
sp|P28697|MBIA_ECOLI	SINGLE	1	19	158	36	1.125e-11	{S}
sp|P28697|MBIA_ECOLI	SINGLE	2	38	122	13	1.042e-09	{C}
sp|P28697|MBIA_ECOLI	MULTIPLE	1	19	161	51	6.446e-19	{SC}
sp|P28697|MBIA_ECOLI	WHOLE	1	1	161	38	4.805e-11	{S}
sp|P28697|MBIA_ECOLI	WHOLE	2	1	161	16	8.010e-09	{C}
sp|P28721|GLTF_ECOLI	SINGLE	1	10	25	8	9.559e-06	{A}
sp|P28721|GLTF_ECOLI	SINGLE	2	8	248	31	5.994e-05	{T}
sp|P28721|GLTF_ECOLI	SINGLE	3	126	155	8	4.831e-04	{G}
sp|P28721|GLTF_ECOLI	MULTIPLE	1	8	236	80	2.165e-07	{ATG}
sp|P28721|GLTF_ECOLI	WHOLE	1	1	254	31	1.484e-04	{T}
sp|P28722|YHCA_ECOLI	SINGLE	1	167	202	11	6.311e-06	{T}
sp|P28722|YHCA_ECOLI	SINGLE	2	6	20	6	1.598e-04	{T}
sp|P28722|YHCA_ECOLI	SINGLE	3	81	96	5	4.085e-04	{Q}
sp|P28722|YHCA_ECOLI	WHOLE	1	1	224	27	4.261e-04	{T}
sp|P28912|YHHI_ECOLI	SINGLE	1	10	343	37	2.848e-06	{I}
sp|P28912|YHHI_ECOLI	WHOLE	1	1	378	37	3.859e-05	{I}
sp|P28916|YBFD_ECOLI	SINGLE	1	10	184	25	1.352e-06	{I}
sp|P28916|YBFD_ECOLI	SINGLE	2	144	228	15	1.517e-04	{K}
sp|P28916|YBFD_ECOLI	SINGLE	3	54	136	8	3.848e-04	{H}
sp|P28916|YBFD_ECOLI	MULTIPLE	1	4	230	63	4.180e-09	{IKH}
sp|P28916|YBFD_ECOLI	WHOLE	1	1	253	28	3.885e-05	{I}
sp|P28917|YDCC_ECOLI	SINGLE	1	10	184	24	4.317e-06	{I}
sp|P28917|YDCC_ECOLI	WHOLE	1	1	378	36	8.051e-05	{I}
sp|P29217|YCEH_ECOLI	SINGLE	1	65	162	13	5.782e-04	{R}
sp|P29217|YCEH_ECOLI	SINGLE	2	45	201	21	7.930e-04	{E}
sp|P29217|YCEH_ECOLI	MULTIPLE	1	44	205	37	1.326e-05	{RE}
sp|P29744|FLGL_ECOLI	SINGLE	1	187	228	13	1.011e-05	{A}
sp|P29744|FLGL_ECOLI	SINGLE	2	6	91	14	1.525e-05	{Q}
sp|P29744|FLGL_ECOLI	SINGLE	3	1	30	6	3.756e-05	{M}
sp|P29744|FLGL_ECOLI	MULTIPLE	1	1	91	20	1.025e-06	{QM}
sp|P29744|FLGL_ECOLI	WHOLE	1	1	317	27	4.047e-04	{Q}
sp|P30143|YAAJ_ECOLI	SINGLE	1	69	294	39	1.719e-06	{A}
sp|P30143|YAAJ_ECOLI	SINGLE	2	4	188	21	9.652e-06	{F}
sp|P30143|YAAJ_ECOLI	SINGLE	3	152	437	32	9.884e-06	{I}
sp|P30143|YAAJ_ECOLI	SINGLE	4	14	348	41	6.556e-05	{G}
sp|P30143|YAAJ_ECOLI	SINGLE	5	95	419	18	2.255e-04	{M}
sp|P30143|YAAJ_ECOLI	SINGLE	6	367	382	5	4.001e-04	{N}
sp|P30143|YAAJ_ECOLI	MULTIPLE	1	4	427	186	1.025e-16	{AFIGM}
sp|P30143|YAAJ_ECOLI	WHOLE	1	1	476	34	3.293e-04	{F}
sp|P30143|YAAJ_ECOLI	WHOLE	2	1	476	56	6.541e-04	{A}
sp|P30143|YAAJ_ECOLI	WHOLE	3	1	476	39	6.973e-04	{I}
sp|P30192|INSZ_ECOLI	SINGLE	1	46	117	12	1.179e-04	{R}
sp|P30192|INSZ_ECOLI	SINGLE	2	257	288	7	5.709e-04	{R}
sp|P30192|INSZ_ECOLI	SINGLE	3	14	29	5	5.733e-04	{P}
sp|P30192|INSZ_ECOLI	SINGLE	4	166	232	15	6.548e-04	{L}
sp|P30852|SMF_ECOLI	SINGLE	1	317	374	13	5.584e-05	{V}
sp|P30852|SMF_ECOLI	SINGLE	2	251	336	13	1.332e-04	{P}
sp|P30852|SMF_ECOLI	SINGLE	3	355	369	5	4.635e-04	{R}
sp|P30852|SMF_ECOLI	SINGLE	4	94	269	23	8.280e-04	{G}
sp|P30852|SMF_ECOLI	MULTIPLE	1	291	339	17	9.518e-06	{VP}
sp|P30864|YAFC_ECOLI	SINGLE	1	52	175	16	2.082e-04	{R}
sp|P30864|YAFC_ECOLI	SINGLE	2	61	86	7	8.993e-04	{E}
sp|P30864|YAFC_ECOLI	MULTIPLE	1	52	164	26	1.833e-04	{RE}
sp|P30979|YBEF_ECOLI	SINGLE	1	22	313	30	7.963e-05	{I}
sp|P30979|YBEF_ECOLI	WHOLE	1	1	317	31	1.438e-04	{I}
sp|P31061|NOHA_ECOLI	SINGLE	1	52	85	10	3.518e-05	{E}
sp|P31061|NOHA_ECOLI	SINGLE	2	48	188	17	2.960e-04	{R}
sp|P31061|NOHA_ECOLI	MULTIPLE	1	48	181	34	2.803e-06	{ER}
sp|P31064|YEDE_ECOLI	SINGLE	1	25	333	44	9.726e-07	{G}
sp|P31064|YEDE_ECOLI	SINGLE	2	6	246	25	7.283e-06	{F}
sp|P31064|YEDE_ECOLI	SINGLE	3	3	384	18	1.733e-05	{W}
sp|P31064|YEDE_ECOLI	SINGLE	4	12	302	31	3.278e-05	{I}
sp|P31064|YEDE_ECOLI	SINGLE	5	82	285	15	3.691e-05	{M}
sp|P31064|YEDE_ECOLI	SINGLE	6	357	380	9	1.452e-04	{L}
sp|P31064|YEDE_ECOLI	SINGLE	7	93	163	15	2.459e-04	{A}
sp|P31064|YEDE_ECOLI	SINGLE	8	199	234	10	8.979e-04	{L}
sp|P31064|YEDE_ECOLI	MULTIPLE	1	9	384	235	2.495e-25	{GFWIMAL}
sp|P31064|YEDE_ECOLI	WHOLE	1	1	401	48	3.162e-05	{G}
sp|P31064|YEDE_ECOLI	WHOLE	2	1	401	18	3.184e-05	{W}
sp|P31064|YEDE_ECOLI	WHOLE	3	1	401	33	3.505e-05	{F}
sp|P31064|YEDE_ECOLI	WHOLE	4	1	401	37	1.195e-04	{I}
sp|P31064|YEDE_ECOLI	WHOLE	5	1	401	19	9.140e-04	{M}
sp|P31064|YEDE_ECOLI	WHOLE	6	1	401	48	9.880e-04	{A}
sp|P31131|YDEJ_ECOLI	SINGLE	1	115	129	7	2.093e-05	{G}
sp|P31131|YDEJ_ECOLI	SINGLE	2	156	172	8	5.235e-05	{L}
sp|P31131|YDEJ_ECOLI	SINGLE	3	23	165	25	7.912e-05	{A}
sp|P31131|YDEJ_ECOLI	MULTIPLE	1	38	163	36	1.995e-05	{GA}
sp|P31433|YICH_ECOLI	SINGLE	1	7	26	9	2.743e-05	{L}
sp|P31433|YICH_ECOLI	SINGLE	2	331	426	8	8.595e-05	{W}
sp|P31433|YICH_ECOLI	SINGLE	3	480	550	11	1.805e-04	{Q}
sp|P31435|YICJ_ECOLI	SINGLE	1	402	423	8	5.499e-06	{I}
sp|P31435|YICJ_ECOLI	SINGLE	2	1	343	22	6.317e-06	{M}
sp|P31435|YICJ_ECOLI	SINGLE	3	441	459	7	8.454e-06	{Q}
sp|P31435|YICJ_ECOLI	SINGLE	4	350	389	10	1.776e-04	{G}
sp|P31435|YICJ_ECOLI	SINGLE	5	311	326	5	2.574e-04	{F}
sp|P31435|YICJ_ECOLI	SINGLE	6	25	51	6	4.578e-04	{F}
sp|P31435|YICJ_ECOLI	SINGLE	7	225	383	9	5.407e-04	{W}
sp|P31435|YICJ_ECOLI	MULTIPLE	1	16	384	61	5.215e-09	{MFW}
sp|P31435|YICJ_ECOLI	WHOLE	1	1	460	24	6.219e-05	{M}
sp|P31437|YICL_ECOLI	SINGLE	1	39	288	49	2.122e-07	{L}
sp|P31437|YICL_ECOLI	SINGLE	2	291	305	6	3.887e-05	{R}
sp|P31437|YICL_ECOLI	SINGLE	3	156	170	7	6.097e-05	{A}
sp|P31437|YICL_ECOLI	SINGLE	4	45	300	26	2.520e-04	{I}
sp|P31437|YICL_ECOLI	SINGLE	5	38	233	18	4.793e-04	{F}
sp|P31437|YICL_ECOLI	MULTIPLE	1	38	289	93	7.442e-13	{LIF}
sp|P31437|YICL_ECOLI	WHOLE	1	1	307	52	7.299e-06	{L}
sp|P31437|YICL_ECOLI	WHOLE	2	1	307	28	7.564e-04	{I}
sp|P31446|YIDI_ECOLI	SINGLE	1	3	139	20	1.007e-05	{I}
sp|P31446|YIDI_ECOLI	SINGLE	2	97	128	9	1.433e-04	{G}
sp|P31446|YIDI_ECOLI	SINGLE	3	113	142	6	8.147e-04	{F}
sp|P31446|YIDI_ECOLI	MULTIPLE	1	2	146	52	1.004e-09	{IGF}
sp|P31446|YIDI_ECOLI	WHOLE	1	1	149	20	3.330e-05	{I}
sp|P31447|YIDJ_ECOLI	SINGLE	1	104	480	41	2.119e-05	{D}
sp|P31447|YIDJ_ECOLI	SINGLE	2	404	477	13	3.666e-05	{R}
sp|P31447|YIDJ_ECOLI	SINGLE	3	94	292	13	3.437e-04	{H}
sp|P31447|YIDJ_ECOLI	MULTIPLE	1	102	480	84	6.860e-08	{DRH}
sp|P31447|YIDJ_ECOLI	WHOLE	1	1	497	44	7.841e-04	{D}
sp|P31448|YIDK_ECOLI	SINGLE	1	87	549	52	2.614e-08	{I}
sp|P31448|YIDK_ECOLI	SINGLE	2	332	563	25	3.830e-06	{F}
sp|P31448|YIDK_ECOLI	SINGLE	3	37	325	49	1.233e-05	{L}
sp|P31448|YIDK_ECOLI	SINGLE	4	171	250	16	4.661e-05	{G}
sp|P31448|YIDK_ECOLI	MULTIPLE	1	86	529	183	8.065e-15	{IFLG}
sp|P31448|YIDK_ECOLI	WHOLE	1	1	571	55	1.298e-06	{I}
sp|P31448|YIDK_ECOLI	WHOLE	2	1	571	40	1.689e-04	{F}
sp|P31449|YIDL_ECOLI	SINGLE	1	261	275	6	1.249e-05	{F}
sp|P31449|YIDL_ECOLI	SINGLE	2	18	190	22	3.217e-05	{I}
sp|P31449|YIDL_ECOLI	SINGLE	3	217	245	9	6.862e-04	{L}
sp|P31450|GLVG_ECOLI	SINGLE	1	104	125	8	4.570e-05	{G}
sp|P31450|GLVG_ECOLI	SINGLE	2	157	210	9	7.753e-04	{R}
sp|P31453|YIDP_ECOLI	SINGLE	1	97	119	6	6.136e-04	{I}
sp|P31456|CBRA_ECOLI	SINGLE	1	181	277	13	8.166e-05	{F}
sp|P31468|CBRB_ECOLI	SINGLE	1	21	146	19	1.037e-05	{I}
sp|P31468|CBRB_ECOLI	SINGLE	2	12	61	13	3.377e-04	{L}
sp|P31468|CBRB_ECOLI	MULTIPLE	1	8	146	42	5.507e-07	{IL}
sp|P31468|CBRB_ECOLI	WHOLE	1	1	155	20	5.711e-05	{I}
sp|P31469|CBRC_ECOLI	SINGLE	1	31	185	13	1.299e-06	{C}
sp|P31469|CBRC_ECOLI	SINGLE	2	80	109	9	7.226e-05	{E}
sp|P31469|CBRC_ECOLI	WHOLE	1	1	195	13	1.504e-05	{C}
sp|P31470|YIEK_ECOLI	SINGLE	1	224	238	6	5.574e-04	{A}
sp|P31470|YIEK_ECOLI	SINGLE	2	44	63	5	6.634e-04	{Y}
sp|P31471|YIEL_ECOLI	SINGLE	1	6	31	10	1.262e-05	{A}
sp|P31471|YIEL_ECOLI	SINGLE	2	36	69	10	3.474e-05	{V}
sp|P31471|YIEL_ECOLI	SINGLE	3	27	242	21	7.658e-04	{P}
sp|P31475|YIEP_ECOLI	SINGLE	1	118	143	8	5.129e-04	{A}
sp|P31666|YADE_ECOLI	SINGLE	1	132	333	22	1.912e-04	{R}
sp|P31666|YADE_ECOLI	SINGLE	2	15	65	12	3.545e-04	{A}
sp|P31679|YAAU_ECOLI	SINGLE	1	76	416	35	2.386e-05	{I}
sp|P31679|YAAU_ECOLI	SINGLE	2	85	442	21	3.511e-05	{M}
sp|P31679|YAAU_ECOLI	SINGLE	3	217	265	9	8.901e-05	{F}
sp|P31679|YAAU_ECOLI	SINGLE	4	23	443	46	3.060e-04	{G}
sp|P31679|YAAU_ECOLI	SINGLE	5	272	328	14	3.775e-04	{L}
sp|P31679|YAAU_ECOLI	SINGLE	6	151	174	4	3.879e-04	{W}
sp|P31679|YAAU_ECOLI	SINGLE	7	20	72	13	5.994e-04	{L}
sp|P31679|YAAU_ECOLI	SINGLE	8	95	119	7	6.967e-04	{V}
sp|P31679|YAAU_ECOLI	SINGLE	9	208	226	6	8.541e-04	{E}
sp|P31679|YAAU_ECOLI	MULTIPLE	1	19	429	228	6.097e-18	{IMFGLWV}
sp|P31679|YAAU_ECOLI	WHOLE	1	1	443	23	9.260e-05	{M}
sp|P31679|YAAU_ECOLI	WHOLE	2	1	443	40	1.051e-04	{I}
sp|P31679|YAAU_ECOLI	WHOLE	3	1	443	46	8.042e-04	{G}
sp|P31808|YCIK_ECOLI	SINGLE	1	131	147	7	4.133e-04	{L}
sp|P31808|YCIK_ECOLI	SINGLE	2	51	185	15	5.357e-04	{Q}
sp|P31808|YCIK_ECOLI	MULTIPLE	1	80	140	19	2.069e-04	{LQ}
sp|P31827|YDDB_ECOLI	SINGLE	1	44	692	57	2.633e-07	{N}
sp|P31827|YDDB_ECOLI	SINGLE	2	102	723	44	3.450e-05	{Y}
sp|P31827|YDDB_ECOLI	SINGLE	3	582	601	7	1.188e-04	{T}
sp|P31827|YDDB_ECOLI	SINGLE	4	51	317	35	2.448e-04	{S}
sp|P31827|YDDB_ECOLI	SINGLE	5	141	363	25	4.151e-04	{D}
sp|P31827|YDDB_ECOLI	SINGLE	6	273	387	17	4.869e-04	{T}
sp|P31827|YDDB_ECOLI	SINGLE	7	764	781	6	4.891e-04	{T}
sp|P31827|YDDB_ECOLI	MULTIPLE	1	44	725	277	6.089e-15	{NYTSD}
sp|P31827|YDDB_ECOLI	WHOLE	1	1	790	62	3.094e-06	{N}
sp|P31827|YDDB_ECOLI	WHOLE	2	1	790	48	4.334e-04	{Y}
sp|P32051|YDEK_ECOLI	SINGLE	1	86	1321	201	1.256e-31	{G}
sp|P32051|YDEK_ECOLI	SINGLE	2	68	1315	114	7.552e-14	{N}
sp|P32051|YDEK_ECOLI	SINGLE	3	12	1274	136	2.482e-10	{T}
sp|P32051|YDEK_ECOLI	SINGLE	4	646	661	7	9.989e-05	{A}
sp|P32051|YDEK_ECOLI	SINGLE	5	191	581	34	5.497e-04	{I}
sp|P32051|YDEK_ECOLI	SINGLE	6	682	703	6	8.827e-04	{D}
sp|P32051|YDEK_ECOLI	SINGLE	7	67	81	5	9.005e-04	{D}
sp|P32051|YDEK_ECOLI	SINGLE	8	172	639	47	9.079e-04	{V}
sp|P32051|YDEK_ECOLI	MULTIPLE	1	23	1322	459	5.117e-56	{GNT}
sp|P32051|YDEK_ECOLI	MULTIPLE	2	201	593	71	3.030e-05	{IV}
sp|P32051|YDEK_ECOLI	WHOLE	1	1	1325	206	1.037e-29	{G}
sp|P32051|YDEK_ECOLI	WHOLE	2	1	1325	117	3.401e-13	{N}
sp|P32051|YDEK_ECOLI	WHOLE	3	1	1325	139	8.356e-10	{T}
sp|P32057|WCAI_ECOLI	SINGLE	1	143	157	6	2.293e-04	{G}
sp|P32135|YIHN_ECOLI	SINGLE	1	30	396	36	3.727e-07	{F}
sp|P32135|YIHN_ECOLI	SINGLE	2	171	390	28	3.228e-06	{I}
sp|P32135|YIHN_ECOLI	SINGLE	3	333	364	9	4.800e-04	{A}
sp|P32135|YIHN_ECOLI	MULTIPLE	1	30	396	70	5.065e-10	{FI}
sp|P32135|YIHN_ECOLI	WHOLE	1	1	421	37	3.245e-06	{F}
sp|P32135|YIHN_ECOLI	WHOLE	2	1	421	36	5.293e-04	{I}
sp|P32139|YIHR_ECOLI	SINGLE	1	15	241	14	3.674e-04	{H}
sp|P32139|YIHR_ECOLI	SINGLE	2	243	268	6	6.261e-04	{Q}
sp|P32153|FRVX_ECOLI	SINGLE	1	41	302	33	1.733e-04	{G}
sp|P32674|GRE1_ECOLI	SINGLE	1	175	190	7	2.192e-06	{Q}
sp|P32674|GRE1_ECOLI	SINGLE	2	164	709	74	2.074e-04	{L}
sp|P32674|GRE1_ECOLI	SINGLE	3	609	657	11	2.339e-04	{G}
sp|P32674|GRE1_ECOLI	SINGLE	4	4	122	15	4.023e-04	{R}
sp|P32674|GRE1_ECOLI	SINGLE	5	706	730	6	5.033e-04	{Q}
sp|P32674|GRE1_ECOLI	MULTIPLE	1	164	735	155	1.340e-05	{LGQ}
sp|P32677|YIJO_ECOLI	SINGLE	1	77	168	17	3.368e-07	{Q}
sp|P32677|YIJO_ECOLI	SINGLE	2	254	269	5	6.419e-04	{R}
sp|P32687|YJBF_ECOLI	SINGLE	1	38	87	10	4.052e-05	{Q}
sp|P32689|YJBH_ECOLI	SINGLE	1	517	537	8	3.114e-05	{G}
sp|P32689|YJBH_ECOLI	SINGLE	2	469	518	10	3.901e-05	{N}
sp|P32689|YJBH_ECOLI	SINGLE	3	19	648	44	4.617e-05	{Y}
sp|P32689|YJBH_ECOLI	SINGLE	4	289	323	8	8.801e-05	{Q}
sp|P32689|YJBH_ECOLI	SINGLE	5	126	165	10	1.776e-04	{G}
sp|P32689|YJBH_ECOLI	SINGLE	6	601	681	15	1.849e-04	{G}
sp|P32689|YJBH_ECOLI	SINGLE	7	345	365	6	3.649e-04	{I}
sp|P32689|YJBH_ECOLI	SINGLE	8	225	285	9	9.005e-04	{N}
sp|P32689|YJBH_ECOLI	MULTIPLE	1	148	557	125	8.779e-09	{GYQN}
sp|P32689|YJBH_ECOLI	WHOLE	1	1	698	45	1.992e-04	{Y}
sp|P32689|YJBH_ECOLI	WHOLE	2	1	698	66	9.227e-04	{G}
sp|P32703|YJCE_ECOLI	SINGLE	1	8	544	83	1.120e-06	{L}
sp|P32703|YJCE_ECOLI	SINGLE	2	476	523	12	1.736e-06	{R}
sp|P32703|YJCE_ECOLI	SINGLE	3	93	108	7	3.033e-05	{V}
sp|P32703|YJCE_ECOLI	SINGLE	4	145	351	15	4.330e-05	{M}
sp|P32703|YJCE_ECOLI	SINGLE	5	434	547	19	9.514e-05	{E}
sp|P32703|YJCE_ECOLI	SINGLE	6	4	410	32	9.949e-05	{F}
sp|P32703|YJCE_ECOLI	SINGLE	7	3	478	42	1.169e-04	{I}
sp|P32703|YJCE_ECOLI	SINGLE	8	438	459	8	1.455e-04	{A}
sp|P32703|YJCE_ECOLI	SINGLE	9	133	215	15	2.409e-04	{G}
sp|P32703|YJCE_ECOLI	SINGLE	10	116	276	25	4.593e-04	{A}
sp|P32703|YJCE_ECOLI	SINGLE	11	256	270	5	4.635e-04	{R}
sp|P32703|YJCE_ECOLI	MULTIPLE	1	3	545	358	3.462e-21	{LRVMFIAG}
sp|P32703|YJCE_ECOLI	WHOLE	1	1	549	83	2.609e-06	{L}
sp|P32703|YJCE_ECOLI	WHOLE	2	1	549	44	5.658e-04	{I}
sp|P32709|NRFD_ECOLI	SINGLE	1	22	186	41	2.236e-09	{L}
sp|P32709|NRFD_ECOLI	SINGLE	2	259	281	5	1.886e-05	{W}
sp|P32709|NRFD_ECOLI	SINGLE	3	85	105	5	7.041e-05	{M}
sp|P32709|NRFD_ECOLI	SINGLE	4	238	271	9	2.337e-04	{G}
sp|P32709|NRFD_ECOLI	MULTIPLE	1	22	186	47	1.252e-09	{LM}
sp|P32709|NRFD_ECOLI	MULTIPLE	2	238	271	13	1.046e-06	{WG}
sp|P32709|NRFD_ECOLI	WHOLE	1	1	318	60	4.521e-08	{L}
sp|P32712|NRFG_ECOLI	SINGLE	1	33	128	17	6.230e-07	{Q}
sp|P32712|NRFG_ECOLI	SINGLE	2	95	163	17	1.365e-05	{A}
sp|P32712|NRFG_ECOLI	SINGLE	3	82	119	7	4.150e-04	{Y}
sp|P32712|NRFG_ECOLI	MULTIPLE	1	33	163	52	4.379e-11	{QAY}
sp|P32712|NRFG_ECOLI	WHOLE	1	1	198	23	1.284e-05	{Q}
sp|P33011|YEEA_ECOLI	SINGLE	1	78	350	50	1.226e-06	{L}
sp|P33011|YEEA_ECOLI	SINGLE	2	12	249	24	4.507e-04	{I}
sp|P33011|YEEA_ECOLI	MULTIPLE	1	28	346	80	8.620e-08	{LI}
sp|P33011|YEEA_ECOLI	WHOLE	1	1	352	57	1.078e-05	{L}
sp|P33020|YEII_ECOLI	SINGLE	1	103	208	21	3.780e-04	{L}
sp|P33020|YEII_ECOLI	SINGLE	2	8	76	11	4.062e-04	{I}
sp|P33020|YEII_ECOLI	SINGLE	3	327	341	6	5.574e-04	{A}
sp|P33029|YEIQ_ECOLI	SINGLE	1	11	39	6	3.071e-05	{H}
sp|P33029|YEIQ_ECOLI	SINGLE	2	464	480	6	5.013e-05	{Q}
sp|P33029|YEIQ_ECOLI	SINGLE	3	194	284	15	5.110e-04	{V}
sp|P33218|YEBE_ECOLI	SINGLE	1	8	22	8	2.783e-06	{S}
sp|P33218|YEBE_ECOLI	SINGLE	2	5	62	15	1.343e-04	{L}
sp|P33218|YEBE_ECOLI	SINGLE	3	34	70	9	4.511e-04	{G}
sp|P33218|YEBE_ECOLI	SINGLE	4	35	195	25	4.593e-04	{A}
sp|P33218|YEBE_ECOLI	MULTIPLE	1	8	66	33	4.004e-08	{SLG}
sp|P33235|FLGK_ECOLI	SINGLE	1	6	545	47	3.198e-06	{N}
sp|P33235|FLGK_ECOLI	SINGLE	2	493	534	10	8.269e-06	{Q}
sp|P33235|FLGK_ECOLI	SINGLE	3	37	243	24	8.830e-06	{Q}
sp|P33235|FLGK_ECOLI	SINGLE	4	8	491	61	8.152e-05	{A}
sp|P33235|FLGK_ECOLI	SINGLE	5	48	62	6	2.293e-04	{G}
sp|P33235|FLGK_ECOLI	SINGLE	6	350	412	12	3.291e-04	{T}
sp|P33235|FLGK_ECOLI	SINGLE	7	82	105	7	9.823e-04	{S}
sp|P33235|FLGK_ECOLI	MULTIPLE	1	6	542	250	1.788e-16	{NQATS}
sp|P33235|FLGK_ECOLI	WHOLE	1	1	547	47	4.375e-06	{N}
sp|P33235|FLGK_ECOLI	WHOLE	2	1	547	44	4.084e-05	{Q}
sp|P33235|FLGK_ECOLI	WHOLE	3	1	547	66	1.458e-04	{A}
sp|P33345|YEHF_ECOLI	SINGLE	1	238	262	8	1.598e-05	{I}
sp|P33345|YEHF_ECOLI	SINGLE	2	43	57	7	6.097e-05	{A}
sp|P33345|YEHF_ECOLI	SINGLE	3	7	243	22	4.234e-04	{Q}
sp|P33345|YEHF_ECOLI	SINGLE	4	30	69	9	4.976e-04	{K}
sp|P33345|YEHF_ECOLI	MULTIPLE	1	45	62	12	4.325e-07	{AK}
sp|P33348|YEHL_ECOLI	SINGLE	1	13	357	47	8.032e-05	{A}
sp|P33348|YEHL_ECOLI	SINGLE	2	332	360	7	3.066e-04	{R}
sp|P33348|YEHL_ECOLI	MULTIPLE	1	10	360	74	3.092e-06	{AR}
sp|P33348|YEHL_ECOLI	WHOLE	1	1	362	47	2.260e-04	{A}
sp|P33349|YEHM_ECOLI	SINGLE	1	50	749	103	3.634e-10	{A}
sp|P33349|YEHM_ECOLI	SINGLE	2	222	751	93	7.582e-10	{L}
sp|P33349|YEHM_ECOLI	SINGLE	3	52	752	57	3.032e-06	{Q}
sp|P33349|YEHM_ECOLI	SINGLE	4	569	758	16	4.047e-06	{H}
sp|P33349|YEHM_ECOLI	SINGLE	5	74	264	12	2.818e-05	{W}
sp|P33349|YEHM_ECOLI	SINGLE	6	333	375	9	1.172e-04	{P}
sp|P33349|YEHM_ECOLI	SINGLE	7	112	144	8	3.034e-04	{D}
sp|P33349|YEHM_ECOLI	MULTIPLE	1	47	754	357	4.829e-31	{ALQHWP}
sp|P33349|YEHM_ECOLI	WHOLE	1	1	759	106	3.505e-09	{A}
sp|P33349|YEHM_ECOLI	WHOLE	2	1	759	113	1.357e-07	{L}
sp|P33349|YEHM_ECOLI	WHOLE	3	1	759	58	1.409e-05	{Q}
sp|P33353|YEHQ_ECOLI	SINGLE	1	79	462	36	6.355e-05	{R}
sp|P33353|YEHQ_ECOLI	SINGLE	2	15	593	70	9.252e-05	{A}
sp|P33353|YEHQ_ECOLI	SINGLE	3	98	112	6	2.062e-04	{E}
sp|P33353|YEHQ_ECOLI	SINGLE	4	70	174	8	2.506e-04	{C}
sp|P33353|YEHQ_ECOLI	SINGLE	5	567	581	5	4.135e-04	{P}
sp|P33353|YEHQ_ECOLI	SINGLE	6	415	599	31	4.292e-04	{L}
sp|P33353|YEHQ_ECOLI	SINGLE	7	223	239	5	5.538e-04	{Q}
sp|P33353|YEHQ_ECOLI	SINGLE	8	586	613	6	9.375e-04	{Q}
sp|P33353|YEHQ_ECOLI	MULTIPLE	1	46	614	234	2.253e-12	{RACLQ}
sp|P33353|YEHQ_ECOLI	WHOLE	1	1	614	72	1.761e-04	{A}
sp|P33354|YEHR_ECOLI	SINGLE	1	26	153	19	2.238e-04	{K}
sp|P33354|YEHR_ECOLI	WHOLE	1	1	153	21	3.151e-04	{K}
sp|P33366|YOHD_ECOLI	SINGLE	1	162	176	7	1.824e-05	{V}
sp|P33366|YOHD_ECOLI	SINGLE	2	152	179	5	5.110e-05	{W}
sp|P33366|YOHD_ECOLI	SINGLE	3	11	68	12	2.741e-04	{G}
sp|P33366|YOHD_ECOLI	SINGLE	4	3	180	30	4.717e-04	{L}
sp|P33366|YOHD_ECOLI	SINGLE	5	64	106	8	7.210e-04	{R}
sp|P33366|YOHD_ECOLI	MULTIPLE	1	163	179	11	6.280e-09	{VW}
sp|P33366|YOHD_ECOLI	MULTIPLE	2	3	184	63	4.402e-06	{GLR}
sp|P33368|YOHF_ECOLI	SINGLE	1	150	187	11	9.130e-05	{A}
sp|P33554|PPDA_ECOLI	SINGLE	1	30	141	10	6.593e-06	{W}
sp|P33554|PPDA_ECOLI	SINGLE	2	31	45	6	2.215e-05	{Q}
sp|P33554|PPDA_ECOLI	WHOLE	1	1	156	10	1.055e-04	{W}
sp|P33634|YFIE_ECOLI	SINGLE	1	53	209	20	4.668e-05	{R}
sp|P33634|YFIE_ECOLI	SINGLE	2	189	232	9	2.079e-04	{I}
sp|P33634|YFIE_ECOLI	SINGLE	3	23	46	6	3.999e-04	{Q}
sp|P33666|YDBA_ECOLI	SINGLE	1	200	821	107	1.584e-19	{G}
sp|P33666|YDBA_ECOLI	SINGLE	2	143	759	73	1.043e-14	{N}
sp|P33666|YDBA_ECOLI	SINGLE	3	90	492	58	3.213e-11	{D}
sp|P33666|YDBA_ECOLI	SINGLE	4	101	139	15	8.743e-11	{P}
sp|P33666|YDBA_ECOLI	SINGLE	5	25	852	100	1.327e-10	{T}
sp|P33666|YDBA_ECOLI	SINGLE	6	545	788	34	1.410e-05	{V}
sp|P33666|YDBA_ECOLI	SINGLE	7	244	587	34	6.167e-05	{I}
sp|P33666|YDBA_ECOLI	MULTIPLE	1	108	782	447	8.528e-65	{GNDTVI}
sp|P33666|YDBA_ECOLI	WHOLE	1	1	852	117	7.087e-14	{G}
sp|P33666|YDBA_ECOLI	WHOLE	2	1	852	80	7.983e-11	{N}
sp|P33666|YDBA_ECOLI	WHOLE	3	1	852	101	2.964e-10	{T}
sp|P33666|YDBA_ECOLI	WHOLE	4	1	852	87	2.896e-08	{D}
sp|P33924|YEJO_ECOLI	SINGLE	1	35	858	104	1.878e-10	{G}
sp|P33924|YEJO_ECOLI	SINGLE	2	55	814	64	2.324e-07	{N}
sp|P33924|YEJO_ECOLI	SINGLE	3	395	629	35	9.774e-07	{T}
sp|P33924|YEJO_ECOLI	SINGLE	4	342	412	13	4.300e-04	{V}
sp|P33924|YEJO_ECOLI	MULTIPLE	1	50	862	311	5.451e-21	{GNTV}
sp|P33924|YEJO_ECOLI	WHOLE	1	1	863	105	1.154e-09	{G}
sp|P33924|YEJO_ECOLI	WHOLE	2	1	863	66	3.633e-06	{N}
sp|P33924|YEJO_ECOLI	WHOLE	3	1	863	78	2.409e-04	{T}
sp|P34209|YDCF_ECOLI	SINGLE	1	3	119	17	4.578e-05	{I}
sp|P34209|YDCF_ECOLI	SINGLE	2	73	114	6	2.547e-04	{H}
sp|P34209|YDCF_ECOLI	MULTIPLE	1	14	119	22	3.457e-06	{IH}
sp|P36554|MDTD_ECOLI	SINGLE	1	84	415	66	1.285e-09	{L}
sp|P36554|MDTD_ECOLI	SINGLE	2	1	439	29	1.462e-07	{M}
sp|P36554|MDTD_ECOLI	SINGLE	3	165	179	6	4.559e-05	{I}
sp|P36554|MDTD_ECOLI	SINGLE	4	88	312	30	1.254e-04	{G}
sp|P36554|MDTD_ECOLI	SINGLE	5	317	331	6	2.045e-04	{V}
sp|P36554|MDTD_ECOLI	SINGLE	6	253	297	8	2.692e-04	{F}
sp|P36554|MDTD_ECOLI	SINGLE	7	388	403	6	5.323e-04	{S}
sp|P36554|MDTD_ECOLI	SINGLE	8	50	74	7	6.967e-04	{V}
sp|P36554|MDTD_ECOLI	MULTIPLE	1	33	417	198	1.207e-21	{LMGVF}
sp|P36554|MDTD_ECOLI	WHOLE	1	1	471	78	1.638e-07	{L}
sp|P36554|MDTD_ECOLI	WHOLE	2	1	471	29	5.995e-07	{M}
sp|P36645|HOFB_ECOLI	SINGLE	1	186	215	8	2.731e-05	{Q}
sp|P36645|HOFB_ECOLI	SINGLE	2	365	383	6	1.511e-04	{P}
sp|P36645|HOFB_ECOLI	SINGLE	3	57	95	8	1.928e-04	{Q}
sp|P36645|HOFB_ECOLI	SINGLE	4	16	30	6	2.045e-04	{V}
sp|P36645|HOFB_ECOLI	SINGLE	5	84	354	42	2.898e-04	{L}
sp|P36645|HOFB_ECOLI	SINGLE	6	244	303	10	5.105e-04	{I}
sp|P36645|HOFB_ECOLI	SINGLE	7	357	390	5	7.231e-04	{H}
sp|P36645|HOFB_ECOLI	MULTIPLE	1	67	354	68	1.387e-06	{QL}
sp|P36645|HOFB_ECOLI	MULTIPLE	2	356	390	12	1.741e-06	{PH}
sp|P36645|HOFB_ECOLI	WHOLE	1	1	461	34	9.742e-04	{Q}
sp|P36646|HOFC_ECOLI	SINGLE	1	23	392	69	8.258e-09	{L}
sp|P36646|HOFC_ECOLI	SINGLE	2	36	154	15	1.460e-04	{Q}
sp|P36646|HOFC_ECOLI	MULTIPLE	1	30	371	91	6.844e-11	{LQ}
sp|P36646|HOFC_ECOLI	WHOLE	1	1	400	70	8.137e-08	{L}
sp|P36928|YEGD_ECOLI	SINGLE	1	121	173	10	6.734e-05	{Q}
sp|P36928|YEGD_ECOLI	SINGLE	2	225	423	34	1.757e-04	{L}
sp|P36928|YEGD_ECOLI	SINGLE	3	155	277	19	3.135e-04	{G}
sp|P36928|YEGD_ECOLI	SINGLE	4	307	339	7	6.899e-04	{R}
sp|P36928|YEGD_ECOLI	MULTIPLE	1	225	423	49	2.412e-05	{LR}
sp|P36943|EAEH_ECOLI	SINGLE	1	19	104	17	2.272e-04	{A}
sp|P37005|LAST_ECOLI	SINGLE	1	8	22	7	6.097e-05	{A}
sp|P37005|LAST_ECOLI	SINGLE	2	94	219	25	1.180e-04	{L}
sp|P37005|LAST_ECOLI	SINGLE	3	146	175	7	2.099e-04	{Q}
sp|P37005|LAST_ECOLI	MULTIPLE	1	119	209	28	1.118e-05	{LQ}
sp|P37007|YAGA_ECOLI	SINGLE	1	10	304	33	4.209e-06	{R}
sp|P37007|YAGA_ECOLI	SINGLE	2	67	178	12	5.609e-06	{H}
sp|P37007|YAGA_ECOLI	MULTIPLE	1	31	287	46	2.640e-09	{RH}
sp|P37007|YAGA_ECOLI	WHOLE	1	1	384	36	6.355e-05	{R}
sp|P37008|YAGB_ECOLI	SINGLE	1	28	112	8	4.498e-04	{H}
sp|P37014|RPNE_ECOLI	SINGLE	1	159	195	8	3.110e-04	{I}
sp|P37014|RPNE_ECOLI	SINGLE	2	171	251	12	3.487e-04	{R}
sp|P37014|RPNE_ECOLI	SINGLE	3	230	282	11	3.964e-04	{E}
sp|P37014|RPNE_ECOLI	MULTIPLE	1	159	283	42	9.421e-07	{IRE}
sp|P37056|YAEF_ECOLI	SINGLE	1	73	92	8	3.747e-05	{S}
sp|P37325|YBCH_ECOLI	SINGLE	1	27	124	16	3.835e-06	{Q}
sp|P37325|YBCH_ECOLI	SINGLE	2	79	270	30	1.323e-04	{A}
sp|P37327|YFDC_ECOLI	SINGLE	1	12	53	12	8.375e-06	{E}
sp|P37327|YFDC_ECOLI	SINGLE	2	6	280	29	6.619e-05	{I}
sp|P37327|YFDC_ECOLI	SINGLE	3	38	219	13	1.510e-04	{M}
sp|P37327|YFDC_ECOLI	SINGLE	4	56	76	7	6.750e-04	{A}
sp|P37327|YFDC_ECOLI	MULTIPLE	1	1	284	45	2.517e-07	{IM}
sp|P37327|YFDC_ECOLI	WHOLE	1	1	310	30	2.113e-04	{I}
sp|P37327|YFDC_ECOLI	WHOLE	2	1	310	16	9.363e-04	{M}
sp|P37342|YJJI_ECOLI	SINGLE	1	336	361	8	5.129e-04	{A}
sp|P37342|YJJI_ECOLI	SINGLE	2	10	26	5	5.538e-04	{Q}
sp|P37342|YJJI_ECOLI	SINGLE	3	277	293	5	5.538e-04	{Q}
sp|P37342|YJJI_ECOLI	SINGLE	4	87	126	11	5.625e-04	{L}
sp|P37342|YJJI_ECOLI	SINGLE	5	462	513	9	5.917e-04	{R}
sp|P37342|YJJI_ECOLI	SINGLE	6	267	317	8	6.260e-04	{F}
sp|P37342|YJJI_ECOLI	SINGLE	7	229	246	6	6.921e-04	{G}
sp|P37342|YJJI_ECOLI	MULTIPLE	1	277	301	9	9.037e-05	{QF}
sp|P37440|UCPA_ECOLI	SINGLE	1	97	111	6	8.836e-05	{D}
sp|P37440|UCPA_ECOLI	SINGLE	2	58	76	7	3.444e-04	{A}
sp|P37440|UCPA_ECOLI	SINGLE	3	128	146	4	6.290e-04	{M}
sp|P37440|UCPA_ECOLI	SINGLE	4	148	235	16	8.251e-04	{A}
sp|P37443|YCAI_ECOLI	SINGLE	1	254	746	37	2.119e-15	{W}
sp|P37443|YCAI_ECOLI	SINGLE	2	17	582	94	9.696e-09	{L}
sp|P37443|YCAI_ECOLI	SINGLE	3	544	587	8	4.089e-06	{H}
sp|P37443|YCAI_ECOLI	SINGLE	4	3	419	40	3.095e-05	{I}
sp|P37443|YCAI_ECOLI	SINGLE	5	644	745	14	9.856e-05	{Q}
sp|P37443|YCAI_ECOLI	SINGLE	6	121	189	11	1.404e-04	{Q}
sp|P37443|YCAI_ECOLI	SINGLE	7	73	99	8	1.437e-04	{T}
sp|P37443|YCAI_ECOLI	SINGLE	8	222	336	21	1.477e-04	{A}
sp|P37443|YCAI_ECOLI	MULTIPLE	1	10	588	281	3.529e-21	{WLHIQA}
sp|P37443|YCAI_ECOLI	WHOLE	1	1	754	41	2.616e-12	{W}
sp|P37443|YCAI_ECOLI	WHOLE	2	1	754	108	1.414e-06	{L}
sp|P37443|YCAI_ECOLI	WHOLE	3	1	754	56	7.110e-04	{I}
sp|P37443|YCAI_ECOLI	WHOLE	4	1	754	50	9.067e-04	{Q}
sp|P37626|YHII_ECOLI	SINGLE	1	90	207	34	1.286e-11	{A}
sp|P37626|YHII_ECOLI	SINGLE	2	84	152	13	6.094e-06	{Q}
sp|P37626|YHII_ECOLI	SINGLE	3	10	25	4	7.491e-05	{W}
sp|P37626|YHII_ECOLI	SINGLE	4	111	225	16	8.920e-05	{R}
sp|P37626|YHII_ECOLI	MULTIPLE	1	81	227	72	3.313e-19	{AQR}
sp|P37626|YHII_ECOLI	WHOLE	1	1	355	58	5.498e-08	{A}
sp|P37626|YHII_ECOLI	WHOLE	2	1	355	31	5.490e-04	{R}
sp|P37629|YHIL_ECOLI	SINGLE	1	15	76	10	8.286e-07	{H}
sp|P37629|YHIL_ECOLI	SINGLE	2	321	359	10	3.920e-06	{N}
sp|P37629|YHIL_ECOLI	SINGLE	3	235	499	16	1.915e-04	{H}
sp|P37629|YHIL_ECOLI	SINGLE	4	90	156	11	3.167e-04	{I}
sp|P37629|YHIL_ECOLI	SINGLE	5	160	199	7	6.984e-04	{F}
sp|P37629|YHIL_ECOLI	SINGLE	6	41	55	5	9.005e-04	{D}
sp|P37629|YHIL_ECOLI	MULTIPLE	1	15	76	19	1.031e-07	{HD}
sp|P37629|YHIL_ECOLI	MULTIPLE	2	262	459	34	1.402e-07	{NH}
sp|P37629|YHIL_ECOLI	WHOLE	1	1	535	45	1.118e-05	{N}
sp|P37629|YHIL_ECOLI	WHOLE	2	1	535	28	1.696e-05	{H}
sp|P37630|YHIM_ECOLI	SINGLE	1	3	294	37	1.210e-07	{I}
sp|P37630|YHIM_ECOLI	SINGLE	2	200	302	8	2.208e-04	{C}
sp|P37630|YHIM_ECOLI	SINGLE	3	154	309	28	2.654e-04	{L}
sp|P37630|YHIM_ECOLI	MULTIPLE	1	3	309	93	7.224e-11	{ICL}
sp|P37630|YHIM_ECOLI	WHOLE	1	1	350	40	5.646e-07	{I}
sp|P37640|YHJB_ECOLI	SINGLE	1	2	71	10	6.449e-04	{Q}
sp|P37641|YHJC_ECOLI	SINGLE	1	243	282	9	7.925e-05	{R}
sp|P37641|YHJC_ECOLI	SINGLE	2	106	125	8	2.030e-04	{L}
sp|P37641|YHJC_ECOLI	SINGLE	3	36	50	5	2.936e-04	{Q}
sp|P37642|YHJD_ECOLI	SINGLE	1	187	278	16	8.246e-06	{I}
sp|P37642|YHJD_ECOLI	SINGLE	2	239	315	12	3.512e-05	{F}
sp|P37642|YHJD_ECOLI	SINGLE	3	250	264	5	4.635e-04	{R}
sp|P37642|YHJD_ECOLI	SINGLE	4	152	250	7	6.096e-04	{W}
sp|P37642|YHJD_ECOLI	SINGLE	5	118	136	6	6.706e-04	{T}
sp|P37642|YHJD_ECOLI	MULTIPLE	1	150	320	41	1.517e-07	{IFW}
sp|P37642|YHJD_ECOLI	WHOLE	1	1	337	31	3.824e-04	{I}
sp|P37643|YHJE_ECOLI	SINGLE	1	97	431	60	2.752e-07	{L}
sp|P37643|YHJE_ECOLI	SINGLE	2	35	385	34	9.904e-07	{F}
sp|P37643|YHJE_ECOLI	SINGLE	3	80	145	15	1.706e-05	{G}
sp|P37643|YHJE_ECOLI	SINGLE	4	257	304	7	6.979e-05	{M}
sp|P37643|YHJE_ECOLI	SINGLE	5	200	307	18	1.385e-04	{V}
sp|P37643|YHJE_ECOLI	SINGLE	6	26	177	25	2.010e-04	{A}
sp|P37643|YHJE_ECOLI	SINGLE	7	241	276	9	2.263e-04	{T}
sp|P37643|YHJE_ECOLI	SINGLE	8	390	428	10	5.227e-04	{A}
sp|P37643|YHJE_ECOLI	SINGLE	9	227	245	6	6.596e-04	{K}
sp|P37643|YHJE_ECOLI	MULTIPLE	1	23	374	230	2.731e-18	{LFGMVAT}
sp|P37643|YHJE_ECOLI	WHOLE	1	1	440	66	2.730e-05	{L}
sp|P37643|YHJE_ECOLI	WHOLE	2	1	440	34	8.733e-05	{F}
sp|P37643|YHJE_ECOLI	WHOLE	3	1	440	53	5.392e-04	{A}
sp|P37650|BCSC_ECOLI	SINGLE	1	115	740	110	1.169e-15	{A}
sp|P37650|BCSC_ECOLI	SINGLE	2	28	729	70	1.063e-10	{Q}
sp|P37650|BCSC_ECOLI	SINGLE	3	844	1157	18	1.289e-06	{W}
sp|P37650|BCSC_ECOLI	SINGLE	4	794	1023	34	6.396e-06	{G}
sp|P37650|BCSC_ECOLI	SINGLE	5	750	903	23	1.076e-05	{D}
sp|P37650|BCSC_ECOLI	SINGLE	6	369	780	39	2.793e-05	{R}
sp|P37650|BCSC_ECOLI	SINGLE	7	744	758	6	1.598e-04	{T}
sp|P37650|BCSC_ECOLI	SINGLE	8	987	1030	8	1.813e-04	{Y}
sp|P37650|BCSC_ECOLI	SINGLE	9	321	382	10	2.406e-04	{N}
sp|P37650|BCSC_ECOLI	SINGLE	10	991	1005	5	2.875e-04	{N}
sp|P37650|BCSC_ECOLI	SINGLE	11	795	1091	36	7.798e-04	{S}
sp|P37650|BCSC_ECOLI	MULTIPLE	1	23	782	254	1.602e-28	{AQR}
sp|P37650|BCSC_ECOLI	MULTIPLE	2	791	1057	123	8.319e-14	{WGDNS}
sp|P37650|BCSC_ECOLI	WHOLE	1	1	1157	144	1.618e-08	{A}
sp|P37650|BCSC_ECOLI	WHOLE	2	1	1157	88	1.960e-07	{Q}
sp|P37650|BCSC_ECOLI	WHOLE	3	1	1157	81	1.980e-04	{R}
sp|P37655|BCSQP_ECOLI	SINGLE	1	48	183	19	5.284e-06	{Q}
sp|P37655|BCSQP_ECOLI	SINGLE	2	14	234	37	1.460e-04	{L}
sp|P37655|BCSQP_ECOLI	SINGLE	3	126	159	5	7.231e-04	{H}
sp|P37655|BCSQP_ECOLI	SINGLE	4	196	217	7	9.125e-04	{A}
sp|P37655|BCSQP_ECOLI	MULTIPLE	1	46	192	50	2.399e-08	{QLH}
sp|P37655|BCSQP_ECOLI	WHOLE	1	1	242	37	7.414e-04	{L}
sp|P37659|BCSG_ECOLI	SINGLE	1	15	162	12	2.271e-06	{W}
sp|P37659|BCSG_ECOLI	SINGLE	2	168	185	8	5.037e-06	{T}
sp|P37659|BCSG_ECOLI	SINGLE	3	178	218	12	3.991e-05	{A}
sp|P37659|BCSG_ECOLI	SINGLE	4	29	161	27	4.522e-05	{L}
sp|P37659|BCSG_ECOLI	SINGLE	5	435	555	19	1.996e-04	{V}
sp|P37659|BCSG_ECOLI	SINGLE	6	201	215	5	2.875e-04	{N}
sp|P37659|BCSG_ECOLI	SINGLE	7	26	425	30	3.232e-04	{F}
sp|P37659|BCSG_ECOLI	MULTIPLE	1	14	162	41	6.605e-09	{WL}
sp|P37659|BCSG_ECOLI	MULTIPLE	2	168	218	29	7.976e-10	{TAN}
sp|P37660|YHJV_ECOLI	SINGLE	1	27	422	54	1.487e-11	{I}
sp|P37660|YHJV_ECOLI	SINGLE	2	96	401	34	4.368e-08	{F}
sp|P37660|YHJV_ECOLI	SINGLE	3	405	421	9	5.304e-06	{L}
sp|P37660|YHJV_ECOLI	SINGLE	4	162	176	6	2.045e-04	{V}
sp|P37660|YHJV_ECOLI	MULTIPLE	1	47	389	82	5.637e-17	{IF}
sp|P37660|YHJV_ECOLI	WHOLE	1	1	423	54	1.720e-10	{I}
sp|P37660|YHJV_ECOLI	WHOLE	2	1	423	37	3.594e-06	{F}
sp|P37663|YHJY_ECOLI	SINGLE	1	116	132	7	3.611e-05	{T}
sp|P37663|YHJY_ECOLI	SINGLE	2	184	219	8	1.049e-04	{N}
sp|P37673|YIAL_ECOLI	SINGLE	1	40	145	17	1.301e-05	{I}
sp|P37673|YIAL_ECOLI	WHOLE	1	1	155	20	5.711e-05	{I}
sp|P37681|YIAT_ECOLI	SINGLE	1	162	203	8	1.304e-04	{Y}
sp|P37681|YIAT_ECOLI	SINGLE	2	88	104	6	1.949e-04	{D}
sp|P37681|YIAT_ECOLI	SINGLE	3	9	31	8	2.057e-04	{A}
sp|P37681|YIAT_ECOLI	SINGLE	4	174	188	6	3.585e-04	{S}
sp|P37681|YIAT_ECOLI	MULTIPLE	1	162	198	15	2.946e-06	{YS}
sp|P37682|YIAU_ECOLI	SINGLE	1	257	318	11	5.334e-05	{Q}
sp|P37682|YIAU_ECOLI	SINGLE	2	100	124	7	1.370e-04	{I}
sp|P37683|YIAV_ECOLI	SINGLE	1	132	266	18	1.707e-05	{Q}
sp|P37683|YIAV_ECOLI	SINGLE	2	61	77	7	4.822e-05	{V}
sp|P37683|YIAV_ECOLI	SINGLE	3	101	348	37	6.846e-05	{A}
sp|P37683|YIAV_ECOLI	SINGLE	4	5	85	12	4.452e-04	{I}
sp|P37683|YIAV_ECOLI	MULTIPLE	1	100	348	60	8.928e-08	{QA}
sp|P37683|YIAV_ECOLI	MULTIPLE	2	5	77	21	3.218e-05	{VI}
sp|P37748|WZY_ECOLI	SINGLE	1	2	387	44	1.801e-07	{I}
sp|P37748|WZY_ECOLI	SINGLE	2	144	381	28	1.929e-07	{F}
sp|P37748|WZY_ECOLI	SINGLE	3	202	357	17	6.559e-05	{Y}
sp|P37748|WZY_ECOLI	SINGLE	4	36	80	13	1.125e-04	{L}
sp|P37748|WZY_ECOLI	SINGLE	5	195	223	8	3.301e-04	{V}
sp|P37748|WZY_ECOLI	SINGLE	6	263	367	17	8.708e-04	{S}
sp|P37748|WZY_ECOLI	MULTIPLE	1	2	382	226	1.873e-21	{IFYLVS}
sp|P37748|WZY_ECOLI	WHOLE	1	1	388	44	2.068e-07	{I}
sp|P37748|WZY_ECOLI	WHOLE	2	1	388	37	5.115e-07	{F}
sp|P37748|WZY_ECOLI	WHOLE	3	1	388	27	9.892e-04	{Y}
sp|P37751|WBBK_ECOLI	SINGLE	1	23	343	41	5.700e-06	{K}
sp|P37751|WBBK_ECOLI	SINGLE	2	118	276	20	8.033e-05	{I}
sp|P37751|WBBK_ECOLI	SINGLE	3	13	367	29	1.061e-04	{F}
sp|P37751|WBBK_ECOLI	MULTIPLE	1	19	351	96	5.654e-11	{KIF}
sp|P37751|WBBK_ECOLI	WHOLE	1	1	372	42	7.068e-05	{K}
sp|P37751|WBBK_ECOLI	WHOLE	2	1	372	29	2.209e-04	{F}
sp|P37767|YFHH_ECOLI	SINGLE	1	142	247	20	1.336e-04	{A}
sp|P37767|YFHH_ECOLI	SINGLE	2	4	281	42	4.706e-04	{L}
sp|P37767|YFHH_ECOLI	MULTIPLE	1	14	267	74	6.624e-07	{AL}
sp|P37767|YFHH_ECOLI	WHOLE	1	1	282	42	6.123e-04	{L}
sp|P37767|YFHH_ECOLI	WHOLE	2	1	282	37	7.094e-04	{A}
sp|P37903|USPF_ECOLI	SINGLE	1	99	120	6	4.771e-04	{I}
sp|P37908|YFJD_ECOLI	SINGLE	1	139	157	6	2.187e-06	{M}
sp|P37908|YFJD_ECOLI	SINGLE	2	4	19	7	5.137e-06	{I}
sp|P37908|YFJD_ECOLI	SINGLE	3	55	153	21	1.506e-04	{L}
sp|P37908|YFJD_ECOLI	SINGLE	4	35	61	7	1.925e-04	{R}
sp|P37908|YFJD_ECOLI	SINGLE	5	63	403	32	2.303e-04	{I}
sp|P37908|YFJD_ECOLI	SINGLE	6	94	111	6	6.200e-04	{V}
sp|P37908|YFJD_ECOLI	SINGLE	7	293	426	19	6.749e-04	{V}
sp|P37908|YFJD_ECOLI	SINGLE	8	191	247	10	8.286e-04	{D}
sp|P37908|YFJD_ECOLI	MULTIPLE	1	52	422	142	1.006e-07	{LIVD}
sp|P37908|YFJD_ECOLI	WHOLE	1	1	428	40	5.298e-05	{I}
sp|P37908|YFJD_ECOLI	WHOLE	2	1	428	20	8.138e-04	{M}
sp|P37909|YBGD_ECOLI	SINGLE	1	100	123	7	4.105e-04	{T}
sp|P38055|YDJE_ECOLI	SINGLE	1	267	360	22	7.244e-10	{I}
sp|P38055|YDJE_ECOLI	SINGLE	2	19	197	23	4.790e-07	{F}
sp|P38055|YDJE_ECOLI	SINGLE	3	69	212	22	1.370e-04	{G}
sp|P38055|YDJE_ECOLI	SINGLE	4	110	129	4	7.691e-04	{M}
sp|P38055|YDJE_ECOLI	SINGLE	5	391	432	9	9.949e-04	{V}
sp|P38055|YDJE_ECOLI	MULTIPLE	1	19	212	56	1.348e-09	{FGM}
sp|P38055|YDJE_ECOLI	WHOLE	1	1	452	50	7.391e-08	{I}
sp|P38055|YDJE_ECOLI	WHOLE	2	1	452	36	3.214e-05	{F}
sp|P38104|RSPA_ECOLI	SINGLE	1	201	215	4	2.419e-04	{H}
sp|P38105|RSPB_ECOLI	SINGLE	1	56	191	25	1.577e-06	{V}
sp|P38105|RSPB_ECOLI	SINGLE	2	89	103	4	7.491e-05	{C}
sp|P38105|RSPB_ECOLI	SINGLE	3	172	307	18	9.249e-05	{I}
sp|P38105|RSPB_ECOLI	MULTIPLE	1	64	191	28	7.776e-07	{VC}
sp|P38105|RSPB_ECOLI	WHOLE	1	1	339	31	4.194e-04	{I}
sp|P38392|SIEB_ECOLI	SINGLE	1	38	67	7	1.137e-04	{F}
sp|P38392|SIEB_ECOLI	SINGLE	2	24	127	14	4.211e-04	{I}
sp|P38392|SIEB_ECOLI	MULTIPLE	1	24	127	24	7.320e-06	{FI}
sp|P39161|UXUR_ECOLI	SINGLE	1	238	256	6	3.810e-04	{D}
sp|P39161|UXUR_ECOLI	SINGLE	2	172	197	4	5.295e-04	{W}
sp|P39161|UXUR_ECOLI	SINGLE	3	205	219	6	5.574e-04	{A}
sp|P39165|YCHO_ECOLI	SINGLE	1	23	341	31	1.608e-05	{N}
sp|P39165|YCHO_ECOLI	SINGLE	2	81	437	31	1.256e-04	{Q}
sp|P39165|YCHO_ECOLI	SINGLE	3	105	214	8	2.153e-04	{W}
sp|P39165|YCHO_ECOLI	MULTIPLE	1	23	442	82	3.394e-09	{NQW}
sp|P39165|YCHO_ECOLI	WHOLE	1	1	464	37	1.527e-04	{N}
sp|P39263|YFCC_ECOLI	SINGLE	1	112	328	29	8.399e-07	{I}
sp|P39263|YFCC_ECOLI	SINGLE	2	164	497	44	4.178e-06	{V}
sp|P39263|YFCC_ECOLI	SINGLE	3	23	453	35	2.770e-05	{F}
sp|P39263|YFCC_ECOLI	SINGLE	4	86	168	16	7.271e-05	{G}
sp|P39263|YFCC_ECOLI	SINGLE	5	287	309	4	3.281e-04	{W}
sp|P39263|YFCC_ECOLI	SINGLE	6	337	353	4	4.036e-04	{M}
sp|P39263|YFCC_ECOLI	SINGLE	7	343	430	16	8.251e-04	{A}
sp|P39263|YFCC_ECOLI	SINGLE	8	20	60	9	8.358e-04	{V}
sp|P39263|YFCC_ECOLI	MULTIPLE	1	109	423	184	7.744e-20	{IVFGWMA}
sp|P39263|YFCC_ECOLI	WHOLE	1	1	506	57	2.087e-05	{V}
sp|P39263|YFCC_ECOLI	WHOLE	2	1	506	37	1.312e-04	{F}
sp|P39263|YFCC_ECOLI	WHOLE	3	1	506	43	2.116e-04	{I}
sp|P39264|FIMI_ECOLI	SINGLE	1	67	109	10	2.776e-04	{V}
sp|P39270|YJDF_ECOLI	SINGLE	1	5	72	18	2.278e-05	{L}
sp|P39270|YJDF_ECOLI	WHOLE	1	1	209	35	2.086e-04	{L}
sp|P39282|YJEM_ECOLI	SINGLE	1	439	458	9	1.640e-06	{V}
sp|P39282|YJEM_ECOLI	SINGLE	2	18	476	40	1.693e-06	{F}
sp|P39282|YJEM_ECOLI	SINGLE	3	1	481	27	7.169e-06	{M}
sp|P39282|YJEM_ECOLI	SINGLE	4	170	184	8	1.681e-05	{L}
sp|P39282|YJEM_ECOLI	SINGLE	5	5	259	27	1.049e-04	{I}
sp|P39282|YJEM_ECOLI	SINGLE	6	133	148	6	3.059e-04	{V}
sp|P39282|YJEM_ECOLI	SINGLE	7	74	141	6	4.722e-04	{W}
sp|P39282|YJEM_ECOLI	SINGLE	8	257	410	26	9.815e-04	{L}
sp|P39282|YJEM_ECOLI	MULTIPLE	1	5	483	215	3.051e-15	{VFMIWL}
sp|P39282|YJEM_ECOLI	WHOLE	1	1	500	40	1.195e-05	{F}
sp|P39282|YJEM_ECOLI	WHOLE	2	1	500	27	1.392e-05	{M}
sp|P39284|YJEO_ECOLI	SINGLE	1	64	102	9	1.368e-05	{F}
sp|P39284|YJEO_ECOLI	SINGLE	2	12	94	8	3.105e-05	{W}
sp|P39284|YJEO_ECOLI	MULTIPLE	1	6	102	20	1.684e-07	{FW}
sp|P39284|YJEO_ECOLI	WHOLE	1	1	104	8	1.483e-04	{W}
sp|P39284|YJEO_ECOLI	WHOLE	2	1	104	12	5.626e-04	{F}
sp|P39314|YTFF_ECOLI	SINGLE	1	6	298	55	1.799e-07	{L}
sp|P39314|YTFF_ECOLI	SINGLE	2	153	252	8	1.135e-04	{W}
sp|P39314|YTFF_ECOLI	SINGLE	3	48	62	5	4.635e-04	{R}
sp|P39314|YTFF_ECOLI	SINGLE	4	1	73	7	8.894e-04	{M}
sp|P39314|YTFF_ECOLI	MULTIPLE	1	1	298	80	5.307e-11	{LWM}
sp|P39314|YTFF_ECOLI	WHOLE	1	1	321	56	1.452e-06	{L}
sp|P39336|YJGL_ECOLI	SINGLE	1	168	587	67	3.420e-20	{N}
sp|P39336|YJGL_ECOLI	SINGLE	2	185	323	31	1.980e-06	{L}
sp|P39336|YJGL_ECOLI	SINGLE	3	190	256	11	1.081e-04	{Q}
sp|P39336|YJGL_ECOLI	SINGLE	4	304	602	30	1.181e-04	{I}
sp|P39336|YJGL_ECOLI	SINGLE	5	318	396	13	2.938e-04	{D}
sp|P39336|YJGL_ECOLI	SINGLE	6	118	139	6	4.771e-04	{I}
sp|P39336|YJGL_ECOLI	SINGLE	7	8	106	12	8.218e-04	{N}
sp|P39336|YJGL_ECOLI	MULTIPLE	1	185	323	42	1.749e-07	{LQ}
sp|P39336|YJGL_ECOLI	MULTIPLE	2	325	545	44	1.348e-05	{ID}
sp|P39336|YJGL_ECOLI	WHOLE	1	1	604	81	2.772e-19	{N}
sp|P39336|YJGL_ECOLI	WHOLE	2	1	604	47	6.782e-04	{I}
sp|P39337|YJGM_ECOLI	SINGLE	1	68	82	6	2.293e-04	{G}
sp|P39338|YJGN_ECOLI	SINGLE	1	65	249	22	2.928e-06	{F}
sp|P39338|YJGN_ECOLI	SINGLE	2	1	353	22	9.723e-06	{M}
sp|P39338|YJGN_ECOLI	SINGLE	3	151	290	20	1.381e-05	{I}
sp|P39338|YJGN_ECOLI	SINGLE	4	97	111	8	1.681e-05	{L}
sp|P39338|YJGN_ECOLI	SINGLE	5	172	211	10	3.408e-04	{S}
sp|P39338|YJGN_ECOLI	SINGLE	6	297	372	16	8.709e-04	{L}
sp|P39338|YJGN_ECOLI	MULTIPLE	1	25	290	104	8.186e-13	{FMIL}
sp|P39338|YJGN_ECOLI	WHOLE	1	1	398	23	1.988e-05	{M}
sp|P39338|YJGN_ECOLI	WHOLE	2	1	398	31	1.447e-04	{F}
sp|P39338|YJGN_ECOLI	WHOLE	3	1	398	35	3.910e-04	{I}
sp|P39338|YJGN_ECOLI	WHOLE	4	1	398	55	6.623e-04	{L}
sp|P39349|YJGX_ECOLI	SINGLE	1	26	100	12	1.732e-04	{R}
sp|P39349|YJGX_ECOLI	SINGLE	2	57	81	7	5.349e-04	{T}
sp|P39349|YJGX_ECOLI	SINGLE	3	5	59	11	5.375e-04	{V}
sp|P39349|YJGX_ECOLI	MULTIPLE	1	19	81	24	5.777e-05	{RTV}
sp|P39355|YJHE_ECOLI	SINGLE	1	8	49	10	2.475e-05	{I}
sp|P39355|YJHE_ECOLI	WHOLE	1	1	82	12	4.964e-04	{I}
sp|P39356|YJHU_ECOLI	SINGLE	1	291	306	6	3.425e-04	{G}
sp|P39356|YJHU_ECOLI	SINGLE	2	33	268	29	4.085e-04	{V}
sp|P39356|YJHU_ECOLI	SINGLE	3	155	190	9	6.572e-04	{S}
sp|P39357|YJHF_ECOLI	SINGLE	1	4	442	53	1.753e-09	{I}
sp|P39357|YJHF_ECOLI	SINGLE	2	53	341	40	5.452e-06	{G}
sp|P39357|YJHF_ECOLI	SINGLE	3	12	449	67	1.345e-05	{L}
sp|P39357|YJHF_ECOLI	SINGLE	4	350	396	11	6.339e-04	{A}
sp|P39357|YJHF_ECOLI	SINGLE	5	136	160	6	7.403e-04	{P}
sp|P39357|YJHF_ECOLI	MULTIPLE	1	3	449	215	1.492e-18	{IGLA}
sp|P39357|YJHF_ECOLI	WHOLE	1	1	449	53	3.769e-09	{I}
sp|P39357|YJHF_ECOLI	WHOLE	2	1	449	68	1.599e-05	{L}
sp|P39357|YJHF_ECOLI	WHOLE	3	1	449	49	2.153e-04	{G}
sp|P39360|YJHI_ECOLI	SINGLE	1	30	185	28	2.654e-04	{L}
sp|P39361|SGCR_ECOLI	SINGLE	1	59	73	6	8.836e-05	{D}
sp|P39361|SGCR_ECOLI	SINGLE	2	123	242	16	1.966e-04	{I}
sp|P39361|SGCR_ECOLI	SINGLE	3	99	135	5	2.727e-04	{C}
sp|P39361|SGCR_ECOLI	SINGLE	4	3	26	6	3.999e-04	{Q}
sp|P39361|SGCR_ECOLI	MULTIPLE	1	86	259	27	1.681e-05	{IC}
sp|P39366|SGCX_ECOLI	SINGLE	1	115	323	22	4.275e-04	{I}
sp|P39366|SGCX_ECOLI	SINGLE	2	126	247	16	8.001e-04	{D}
sp|P39366|SGCX_ECOLI	SINGLE	3	34	88	9	8.826e-04	{R}
sp|P39366|SGCX_ECOLI	MULTIPLE	1	115	323	39	1.445e-04	{ID}
sp|P39367|YJHP_ECOLI	SINGLE	1	95	127	10	1.242e-04	{A}
sp|P39367|YJHP_ECOLI	SINGLE	2	29	178	21	5.757e-04	{G}
sp|P39367|YJHP_ECOLI	MULTIPLE	1	95	122	14	7.934e-06	{AG}
sp|P39368|YJHQ_ECOLI	SINGLE	1	126	146	6	2.747e-04	{P}
sp|P39368|YJHQ_ECOLI	SINGLE	2	93	138	10	5.662e-04	{G}
sp|P39368|YJHQ_ECOLI	MULTIPLE	1	84	146	18	1.059e-04	{PG}
sp|P39379|YJIH_ECOLI	SINGLE	1	25	82	11	1.141e-05	{F}
sp|P39379|YJIH_ECOLI	SINGLE	2	5	105	19	2.386e-05	{G}
sp|P39379|YJIH_ECOLI	SINGLE	3	81	135	14	2.591e-04	{L}
sp|P39379|YJIH_ECOLI	SINGLE	4	181	211	8	5.305e-04	{V}
sp|P39379|YJIH_ECOLI	MULTIPLE	1	21	82	23	2.598e-08	{FG}
sp|P39379|YJIH_ECOLI	WHOLE	1	1	227	28	6.361e-04	{G}
sp|P39381|YJIJ_ECOLI	SINGLE	1	17	387	76	1.955e-11	{L}
sp|P39381|YJIJ_ECOLI	SINGLE	2	361	377	8	1.664e-05	{A}
sp|P39381|YJIJ_ECOLI	SINGLE	3	20	42	5	1.114e-04	{M}
sp|P39381|YJIJ_ECOLI	SINGLE	4	212	271	6	2.436e-04	{W}
sp|P39381|YJIJ_ECOLI	SINGLE	5	19	369	40	3.108e-04	{G}
sp|P39381|YJIJ_ECOLI	SINGLE	6	11	84	10	4.677e-04	{F}
sp|P39381|YJIJ_ECOLI	SINGLE	7	56	293	33	5.272e-04	{A}
sp|P39381|YJIJ_ECOLI	MULTIPLE	1	11	378	206	6.812e-23	{LAMWGF}
sp|P39381|YJIJ_ECOLI	WHOLE	1	1	392	76	2.729e-10	{L}
sp|P39382|YJIK_ECOLI	SINGLE	1	5	143	22	1.016e-06	{I}
sp|P39382|YJIK_ECOLI	WHOLE	1	1	286	28	2.728e-04	{I}
sp|P39383|YJIL_ECOLI	SINGLE	1	164	245	17	1.283e-04	{A}
sp|P39383|YJIL_ECOLI	SINGLE	2	12	60	11	1.332e-04	{T}
sp|P39383|YJIL_ECOLI	SINGLE	3	96	120	7	2.820e-04	{D}
sp|P39384|YJIM_ECOLI	SINGLE	1	225	241	5	8.659e-04	{R}
sp|P39389|YJIR_ECOLI	SINGLE	1	58	85	8	2.702e-05	{P}
sp|P39389|YJIR_ECOLI	SINGLE	2	381	446	7	8.073e-05	{C}
sp|P39389|YJIR_ECOLI	SINGLE	3	34	93	10	1.910e-04	{Q}
sp|P39389|YJIR_ECOLI	SINGLE	4	363	384	6	4.110e-04	{R}
sp|P39389|YJIR_ECOLI	SINGLE	5	181	212	5	5.468e-04	{M}
sp|P39389|YJIR_ECOLI	SINGLE	6	171	444	26	6.504e-04	{I}
sp|P39389|YJIR_ECOLI	MULTIPLE	1	44	93	17	7.308e-07	{PQ}
sp|P39389|YJIR_ECOLI	MULTIPLE	2	171	446	58	1.402e-06	{CRI}
sp|P39393|YJIV_ECOLI	SINGLE	1	226	282	16	4.150e-06	{A}
sp|P39393|YJIV_ECOLI	SINGLE	2	177	208	9	1.204e-05	{R}
sp|P39393|YJIV_ECOLI	SINGLE	3	258	274	6	5.013e-05	{Q}
sp|P39393|YJIV_ECOLI	SINGLE	4	100	115	6	6.935e-05	{I}
sp|P39393|YJIV_ECOLI	SINGLE	5	9	24	4	9.828e-05	{C}
sp|P39393|YJIV_ECOLI	SINGLE	6	781	874	12	2.314e-04	{F}
sp|P39393|YJIV_ECOLI	SINGLE	7	42	69	8	2.582e-04	{E}
sp|P39393|YJIV_ECOLI	SINGLE	8	771	871	15	3.259e-04	{D}
sp|P39393|YJIV_ECOLI	SINGLE	9	123	178	11	7.395e-04	{G}
sp|P39393|YJIV_ECOLI	MULTIPLE	1	219	282	26	7.166e-09	{AQ}
sp|P39393|YJIV_ECOLI	MULTIPLE	2	778	874	26	5.818e-07	{FD}
sp|P39407|YJJU_ECOLI	SINGLE	1	256	349	14	8.900e-05	{P}
sp|P39407|YJJU_ECOLI	SINGLE	2	316	340	7	6.967e-04	{V}
sp|P39407|YJJU_ECOLI	MULTIPLE	1	310	328	9	7.597e-05	{PV}
sp|P39834|YGIL_ECOLI	SINGLE	1	87	148	14	1.670e-05	{T}
sp|P39836|YFEH_ECOLI	SINGLE	1	207	248	13	1.321e-06	{V}
sp|P39836|YFEH_ECOLI	SINGLE	2	23	47	7	3.276e-05	{F}
sp|P39836|YFEH_ECOLI	SINGLE	3	301	325	7	6.184e-05	{Q}
sp|P39836|YFEH_ECOLI	SINGLE	4	138	180	13	6.838e-05	{L}
sp|P39836|YFEH_ECOLI	SINGLE	5	110	135	9	8.726e-05	{A}
sp|P39836|YFEH_ECOLI	SINGLE	6	291	305	4	2.419e-04	{M}
sp|P39836|YFEH_ECOLI	SINGLE	7	184	226	5	3.996e-04	{W}
sp|P39836|YFEH_ECOLI	SINGLE	8	65	89	4	4.549e-04	{W}
sp|P39836|YFEH_ECOLI	MULTIPLE	1	184	248	19	3.692e-07	{VW}
sp|P39836|YFEH_ECOLI	MULTIPLE	2	291	325	11	7.381e-06	{QM}
sp|P41039|YBII_ECOLI	SINGLE	1	39	63	4	5.908e-04	{C}
sp|P42589|YGJH_ECOLI	SINGLE	1	16	65	11	2.347e-04	{V}
sp|P42590|YGJI_ECOLI	SINGLE	1	12	449	41	2.188e-07	{F}
sp|P42590|YGJI_ECOLI	SINGLE	2	310	468	22	8.970e-06	{I}
sp|P42590|YGJI_ECOLI	SINGLE	3	215	269	13	3.140e-05	{V}
sp|P42590|YGJI_ECOLI	SINGLE	4	273	412	12	4.999e-05	{M}
sp|P42590|YGJI_ECOLI	SINGLE	5	159	175	8	5.235e-05	{L}
sp|P42590|YGJI_ECOLI	SINGLE	6	18	32	5	2.875e-04	{N}
sp|P42590|YGJI_ECOLI	SINGLE	7	388	404	5	8.659e-04	{R}
sp|P42590|YGJI_ECOLI	MULTIPLE	1	19	449	141	9.925e-15	{FIVM}
sp|P42590|YGJI_ECOLI	WHOLE	1	1	477	41	1.776e-06	{F}
sp|P42590|YGJI_ECOLI	WHOLE	2	1	477	44	3.285e-05	{I}
sp|P42597|UTPP_ECOLI	SINGLE	1	121	147	5	2.447e-04	{H}
sp|P42599|YGJR_ECOLI	SINGLE	1	96	110	6	5.574e-04	{A}
sp|P42599|YGJR_ECOLI	SINGLE	2	256	274	5	9.524e-04	{Q}
sp|P42603|YGJV_ECOLI	SINGLE	1	112	128	5	5.347e-06	{C}
sp|P42603|YGJV_ECOLI	SINGLE	2	13	167	18	4.334e-04	{I}
sp|P42603|YGJV_ECOLI	SINGLE	3	108	135	4	7.038e-04	{W}
sp|P42603|YGJV_ECOLI	MULTIPLE	1	108	135	9	9.769e-08	{CW}
sp|P42616|YQJC_ECOLI	SINGLE	1	72	116	11	5.826e-05	{K}
sp|P42616|YQJC_ECOLI	SINGLE	2	25	93	10	5.783e-04	{Q}
sp|P42616|YQJC_ECOLI	MULTIPLE	1	25	116	26	1.356e-06	{KQ}
sp|P42619|YQJF_ECOLI	SINGLE	1	46	109	11	2.932e-05	{F}
sp|P42619|YQJF_ECOLI	SINGLE	2	48	112	16	1.508e-04	{L}
sp|P42619|YQJF_ECOLI	SINGLE	3	68	82	6	1.598e-04	{T}
sp|P42619|YQJF_ECOLI	SINGLE	4	24	65	10	2.689e-04	{G}
sp|P42619|YQJF_ECOLI	MULTIPLE	1	56	86	25	2.715e-10	{FLTG}
sp|P42906|AGAA_ECOLI	SINGLE	1	35	49	4	7.491e-05	{C}
sp|P42906|AGAA_ECOLI	SINGLE	2	2	39	6	1.464e-04	{H}
sp|P42906|AGAA_ECOLI	SINGLE	3	1	128	10	4.076e-04	{M}
sp|P42906|AGAA_ECOLI	SINGLE	4	65	94	8	4.831e-04	{G}
sp|P42906|AGAA_ECOLI	MULTIPLE	1	1	136	43	3.848e-09	{CHMG}
sp|P43340|YCAK_ECOLI	SINGLE	1	12	27	4	3.155e-04	{H}
sp|P43531|YNFM_ECOLI	SINGLE	1	39	335	53	1.361e-06	{L}
sp|P43531|YNFM_ECOLI	SINGLE	2	157	341	21	9.652e-06	{F}
sp|P43531|YNFM_ECOLI	SINGLE	3	83	333	16	1.065e-04	{M}
sp|P43531|YNFM_ECOLI	SINGLE	4	63	375	40	1.677e-04	{S}
sp|P43531|YNFM_ECOLI	SINGLE	5	126	394	33	2.711e-04	{G}
sp|P43531|YNFM_ECOLI	SINGLE	6	190	204	6	5.574e-04	{A}
sp|P43531|YNFM_ECOLI	SINGLE	7	215	238	6	6.720e-04	{R}
sp|P43531|YNFM_ECOLI	MULTIPLE	1	39	384	209	5.489e-19	{LFMSGA}
sp|P43531|YNFM_ECOLI	WHOLE	1	1	417	63	3.220e-05	{L}
sp|P43531|YNFM_ECOLI	WHOLE	2	1	417	30	5.999e-04	{F}
sp|P43533|FLGN_ECOLI	SINGLE	1	24	125	19	6.303e-08	{Q}
sp|P43533|FLGN_ECOLI	WHOLE	1	1	138	20	1.755e-06	{Q}
sp|P45394|YRBG_ECOLI	SINGLE	1	2	183	41	4.207e-08	{L}
sp|P45394|YRBG_ECOLI	SINGLE	2	181	285	17	1.151e-05	{I}
sp|P45394|YRBG_ECOLI	SINGLE	3	28	84	10	3.402e-04	{I}
sp|P45394|YRBG_ECOLI	MULTIPLE	1	2	289	84	2.136e-11	{LI}
sp|P45394|YRBG_ECOLI	WHOLE	1	1	325	60	9.746e-08	{L}
sp|P45394|YRBG_ECOLI	WHOLE	2	1	325	32	1.030e-04	{I}
sp|P45420|YHCD_ECOLI	SINGLE	1	158	611	62	6.217e-07	{S}
sp|P45420|YHCD_ECOLI	SINGLE	2	67	753	55	5.891e-06	{N}
sp|P45420|YHCD_ECOLI	SINGLE	3	110	139	7	4.505e-04	{I}
sp|P45420|YHCD_ECOLI	SINGLE	4	196	220	7	5.349e-04	{T}
sp|P45420|YHCD_ECOLI	SINGLE	5	688	705	6	6.921e-04	{G}
sp|P45420|YHCD_ECOLI	SINGLE	6	342	782	40	8.202e-04	{D}
sp|P45420|YHCD_ECOLI	MULTIPLE	1	167	761	259	6.917e-13	{SNTGD}
sp|P45420|YHCD_ECOLI	WHOLE	1	1	793	57	7.003e-05	{N}
sp|P45420|YHCD_ECOLI	WHOLE	2	1	793	82	2.673e-04	{S}
sp|P45465|YRAN_ECOLI	SINGLE	1	7	109	15	8.722e-05	{R}
sp|P45468|YRAQ_ECOLI	SINGLE	1	9	333	50	2.238e-06	{A}
sp|P45468|YRAQ_ECOLI	SINGLE	2	15	263	15	5.160e-06	{W}
sp|P45468|YRAQ_ECOLI	SINGLE	3	123	331	15	4.801e-05	{M}
sp|P45468|YRAQ_ECOLI	SINGLE	4	67	345	43	2.806e-04	{L}
sp|P45468|YRAQ_ECOLI	SINGLE	5	155	285	19	5.208e-04	{V}
sp|P45468|YRAQ_ECOLI	MULTIPLE	1	9	345	163	7.122e-17	{AWMLV}
sp|P45468|YRAQ_ECOLI	WHOLE	1	1	346	51	5.855e-06	{A}
sp|P45468|YRAQ_ECOLI	WHOLE	2	1	346	16	5.900e-05	{W}
sp|P45524|YHET_ECOLI	SINGLE	1	281	296	5	5.733e-04	{P}
sp|P45524|YHET_ECOLI	SINGLE	2	71	318	14	8.281e-04	{H}
sp|P45524|YHET_ECOLI	SINGLE	3	145	277	21	9.508e-04	{A}
sp|P45524|YHET_ECOLI	MULTIPLE	1	90	285	34	5.584e-04	{HA}
sp|P45537|YHFK_ECOLI	SINGLE	1	19	536	99	1.754e-12	{L}
sp|P45537|YHFK_ECOLI	SINGLE	2	136	160	6	1.457e-06	{W}
sp|P45537|YHFK_ECOLI	SINGLE	3	204	257	10	7.906e-05	{Q}
sp|P45537|YHFK_ECOLI	SINGLE	4	652	687	6	1.079e-04	{H}
sp|P45537|YHFK_ECOLI	SINGLE	5	262	373	15	2.152e-04	{R}
sp|P45537|YHFK_ECOLI	SINGLE	6	511	664	17	2.664e-04	{Q}
sp|P45537|YHFK_ECOLI	SINGLE	7	486	500	5	5.275e-04	{I}
sp|P45537|YHFK_ECOLI	SINGLE	8	442	475	8	7.507e-04	{T}
sp|P45537|YHFK_ECOLI	MULTIPLE	1	19	536	113	1.040e-13	{LW}
sp|P45537|YHFK_ECOLI	MULTIPLE	2	511	687	30	9.845e-07	{HQ}
sp|P45537|YHFK_ECOLI	WHOLE	1	1	700	115	5.246e-10	{L}
sp|P45546|YHFT_ECOLI	SINGLE	1	70	133	20	5.299e-07	{L}
sp|P45546|YHFT_ECOLI	SINGLE	2	233	414	32	8.776e-06	{A}
sp|P45546|YHFT_ECOLI	SINGLE	3	159	173	7	1.824e-05	{V}
sp|P45546|YHFT_ECOLI	SINGLE	4	5	255	28	3.391e-05	{I}
sp|P45546|YHFT_ECOLI	SINGLE	5	302	336	9	2.520e-04	{V}
sp|P45546|YHFT_ECOLI	MULTIPLE	1	3	258	67	1.658e-07	{LI}
sp|P45546|YHFT_ECOLI	MULTIPLE	2	233	415	54	6.236e-08	{AV}
sp|P45546|YHFT_ECOLI	WHOLE	1	1	434	39	1.370e-04	{I}
sp|P45546|YHFT_ECOLI	WHOLE	2	1	434	46	3.686e-04	{V}
sp|P45546|YHFT_ECOLI	WHOLE	3	1	434	60	4.199e-04	{L}
sp|P45546|YHFT_ECOLI	WHOLE	4	1	434	52	6.608e-04	{A}
sp|P45549|YHFW_ECOLI	SINGLE	1	107	382	37	1.464e-05	{V}
sp|P45549|YHFW_ECOLI	SINGLE	2	336	350	4	2.419e-04	{H}
sp|P45549|YHFW_ECOLI	SINGLE	3	37	57	8	2.978e-04	{L}
sp|P45549|YHFW_ECOLI	SINGLE	4	5	23	6	8.474e-04	{V}
sp|P45549|YHFW_ECOLI	WHOLE	1	1	408	44	3.400e-04	{V}
sp|P45566|YHDT_ECOLI	SINGLE	1	16	32	7	4.133e-04	{L}
sp|P45570|YBCI_ECOLI	SINGLE	1	81	170	10	9.280e-07	{W}
sp|P45570|YBCI_ECOLI	SINGLE	2	45	92	9	7.561e-05	{F}
sp|P45570|YBCI_ECOLI	SINGLE	3	153	167	4	2.419e-04	{M}
sp|P45570|YBCI_ECOLI	SINGLE	4	86	103	7	6.140e-04	{L}
sp|P45570|YBCI_ECOLI	MULTIPLE	1	45	170	22	8.252e-07	{WF}
sp|P45570|YBCI_ECOLI	WHOLE	1	1	173	10	2.368e-04	{W}
sp|P45581|STFP_ECOLI	SINGLE	1	118	133	6	6.935e-05	{I}
sp|P45581|STFP_ECOLI	SINGLE	2	103	195	18	1.996e-04	{A}
sp|P45581|STFP_ECOLI	SINGLE	3	152	166	6	2.045e-04	{V}
sp|P45581|STFP_ECOLI	SINGLE	4	82	149	13	3.448e-04	{G}
sp|P45581|STFP_ECOLI	SINGLE	5	58	75	7	6.140e-04	{L}
sp|P45581|STFP_ECOLI	SINGLE	6	27	41	5	9.005e-04	{D}
sp|P45581|STFP_ECOLI	MULTIPLE	1	82	183	51	1.085e-07	{IAVG}
sp|P45757|GSPC_ECOLI	SINGLE	1	19	49	11	1.288e-07	{I}
sp|P45757|GSPC_ECOLI	SINGLE	2	12	121	16	1.576e-05	{N}
sp|P45757|GSPC_ECOLI	SINGLE	3	190	234	12	4.376e-04	{L}
sp|P45757|GSPC_ECOLI	MULTIPLE	1	12	110	29	1.006e-08	{IN}
sp|P45757|GSPC_ECOLI	WHOLE	1	1	271	25	1.966e-04	{N}
sp|P45757|GSPC_ECOLI	WHOLE	2	1	271	26	5.611e-04	{I}
sp|P45766|YHDW_ECOLI	SINGLE	1	7	30	10	5.486e-06	{A}
sp|P45766|YHDW_ECOLI	SINGLE	2	251	331	12	1.390e-04	{N}
sp|P45766|YHDW_ECOLI	SINGLE	3	77	176	15	8.445e-04	{T}
sp|P45771|YRDD_ECOLI	SINGLE	1	15	173	16	6.708e-09	{C}
sp|P45771|YRDD_ECOLI	WHOLE	1	1	180	16	3.824e-08	{C}
sp|P45848|YCIQ_ECOLI	SINGLE	1	616	630	13	4.378e-14	{G}
sp|P45848|YCIQ_ECOLI	SINGLE	2	368	387	7	2.369e-05	{R}
sp|P45848|YCIQ_ECOLI	SINGLE	3	218	468	41	1.183e-04	{L}
sp|P45848|YCIQ_ECOLI	SINGLE	4	476	510	7	2.482e-04	{Y}
sp|P45848|YCIQ_ECOLI	SINGLE	5	160	516	28	2.518e-04	{F}
sp|P45848|YCIQ_ECOLI	SINGLE	6	536	552	5	8.659e-04	{R}
sp|P45848|YCIQ_ECOLI	MULTIPLE	1	167	516	75	5.369e-06	{LF}
sp|P46119|YBJC_ECOLI	SINGLE	1	7	75	17	9.560e-05	{L}
sp|P46122|YAJI_ECOLI	SINGLE	1	22	179	19	4.178e-05	{Q}
sp|P46122|YAJI_ECOLI	WHOLE	1	1	179	19	2.029e-04	{Q}
sp|P46125|YEDI_ECOLI	SINGLE	1	175	197	9	6.525e-06	{V}
sp|P46125|YEDI_ECOLI	SINGLE	2	69	289	27	9.757e-06	{I}
sp|P46125|YEDI_ECOLI	SINGLE	3	2	242	43	1.140e-05	{L}
sp|P46125|YEDI_ECOLI	SINGLE	4	247	261	4	2.419e-04	{H}
sp|P46125|YEDI_ECOLI	SINGLE	5	180	302	18	7.993e-04	{G}
sp|P46125|YEDI_ECOLI	MULTIPLE	1	2	297	140	9.578e-14	{VILG}
sp|P46125|YEDI_ECOLI	WHOLE	1	1	305	49	4.693e-05	{L}
sp|P46125|YEDI_ECOLI	WHOLE	2	1	305	29	3.420e-04	{I}
sp|P46141|YGBE_ECOLI	SINGLE	1	32	61	7	1.137e-04	{F}
sp|P46478|AAEX_ECOLI	SINGLE	1	4	66	10	1.289e-04	{F}
sp|P46478|AAEX_ECOLI	WHOLE	1	1	67	10	2.132e-04	{F}
sp|P46853|YHHX_ECOLI	SINGLE	1	18	78	8	4.671e-05	{H}
sp|P51024|YAIL_ECOLI	SINGLE	1	12	74	13	8.269e-05	{K}
sp|P51024|YAIL_ECOLI	SINGLE	2	162	176	6	8.836e-05	{D}
sp|P51024|YAIL_ECOLI	SINGLE	3	49	75	7	1.046e-04	{Q}
sp|P51024|YAIL_ECOLI	SINGLE	4	77	151	12	2.230e-04	{I}
sp|P51024|YAIL_ECOLI	SINGLE	5	13	159	24	2.901e-04	{A}
sp|P51024|YAIL_ECOLI	MULTIPLE	1	19	148	48	2.986e-07	{KQA}
sp|P51024|YAIL_ECOLI	WHOLE	1	1	179	26	9.281e-04	{A}
sp|P52044|YGFI_ECOLI	SINGLE	1	3	146	19	6.360e-05	{I}
sp|P52044|YGFI_ECOLI	SINGLE	2	183	199	5	5.538e-04	{Q}
sp|P52044|YGFI_ECOLI	WHOLE	1	1	298	28	4.970e-04	{I}
sp|P52052|YGGR_ECOLI	SINGLE	1	47	280	44	2.440e-06	{L}
sp|P52052|YGGR_ECOLI	SINGLE	2	297	318	7	2.506e-05	{Q}
sp|P52052|YGGR_ECOLI	WHOLE	1	1	326	50	1.197e-04	{L}
sp|P52107|CSGC_ECOLI	SINGLE	1	13	102	12	3.767e-04	{Q}
sp|P52131|YFJP_ECOLI	SINGLE	1	189	282	16	2.422e-04	{V}
sp|P52133|YFJR_ECOLI	SINGLE	1	6	157	24	2.181e-07	{R}
sp|P52133|YFJR_ECOLI	SINGLE	2	108	122	5	4.135e-04	{P}
sp|P52133|YFJR_ECOLI	WHOLE	1	1	233	28	5.588e-06	{R}
sp|P52598|YGBI_ECOLI	SINGLE	1	73	87	6	5.574e-04	{A}
sp|P52636|YCCM_ECOLI	SINGLE	1	223	288	10	9.401e-08	{C}
sp|P52636|YCCM_ECOLI	SINGLE	2	76	171	24	3.384e-06	{L}
sp|P52636|YCCM_ECOLI	SINGLE	3	9	53	6	4.963e-05	{W}
sp|P52636|YCCM_ECOLI	SINGLE	4	172	200	5	3.445e-04	{M}
sp|P52696|YBHD_ECOLI	SINGLE	1	116	154	9	2.900e-05	{N}
sp|P52696|YBHD_ECOLI	SINGLE	2	255	272	6	1.453e-04	{I}
sp|P55138|YGCE_ECOLI	SINGLE	1	359	415	10	1.204e-04	{N}
sp|P55138|YGCE_ECOLI	SINGLE	2	164	388	14	3.382e-04	{M}
sp|P55138|YGCE_ECOLI	SINGLE	3	38	52	5	9.005e-04	{D}
sp|P55140|YGCG_ECOLI	SINGLE	1	178	243	19	4.735e-12	{F}
sp|P55140|YGCG_ECOLI	SINGLE	2	264	288	14	6.645e-11	{G}
sp|P55140|YGCG_ECOLI	SINGLE	3	254	281	10	1.295e-05	{S}
sp|P55140|YGCG_ECOLI	SINGLE	4	156	173	7	1.415e-04	{S}
sp|P55140|YGCG_ECOLI	SINGLE	5	18	39	6	2.422e-04	{Q}
sp|P55140|YGCG_ECOLI	SINGLE	6	201	247	5	8.170e-04	{C}
sp|P55140|YGCG_ECOLI	MULTIPLE	1	178	247	24	1.585e-13	{FC}
sp|P55140|YGCG_ECOLI	MULTIPLE	2	254	288	26	8.632e-16	{GS}
sp|P55140|YGCG_ECOLI	WHOLE	1	1	290	27	2.178e-05	{F}
sp|P56256|YSAA_ECOLI	SINGLE	1	12	141	19	3.807e-13	{C}
sp|P56256|YSAA_ECOLI	WHOLE	1	1	157	19	1.136e-11	{C}
sp|P56262|DLHH_ECOLI	SINGLE	1	218	251	11	3.009e-05	{A}
sp|P56614|YMDF_ECOLI	SINGLE	1	6	53	12	4.253e-05	{G}
sp|P56614|YMDF_ECOLI	WHOLE	1	1	57	12	2.328e-04	{G}
sp|P57998|INSB4_ECOLI	SINGLE	1	55	141	13	1.891e-04	{R}
sp|P57998|INSB4_ECOLI	SINGLE	2	2	24	6	4.644e-04	{P}
sp|P58041|RZOD_ECOLI	SINGLE	1	32	49	8	6.136e-07	{P}
sp|P58041|RZOD_ECOLI	SINGLE	2	1	15	5	1.186e-05	{M}
sp|P58041|RZOD_ECOLI	WHOLE	1	1	60	10	3.404e-04	{P}
sp|P58042|RZOR_ECOLI	SINGLE	1	32	49	9	3.340e-08	{P}
sp|P58042|RZOR_ECOLI	SINGLE	2	1	15	5	1.186e-05	{M}
sp|P58042|RZOR_ECOLI	WHOLE	1	1	61	11	8.815e-05	{P}
sp|P60632|YOHJ_ECOLI	SINGLE	1	96	125	11	1.314e-06	{V}
sp|P60632|YOHJ_ECOLI	SINGLE	2	7	45	9	8.000e-05	{I}
sp|P60632|YOHJ_ECOLI	WHOLE	1	1	132	19	5.682e-04	{V}
sp|P60869|YBJL_ECOLI	SINGLE	1	8	189	42	1.430e-08	{L}
sp|P60869|YBJL_ECOLI	SINGLE	2	24	561	65	1.381e-06	{G}
sp|P60869|YBJL_ECOLI	SINGLE	3	395	519	13	3.263e-06	{M}
sp|P60869|YBJL_ECOLI	SINGLE	4	386	452	12	8.537e-06	{F}
sp|P60869|YBJL_ECOLI	SINGLE	5	66	86	7	9.294e-06	{F}
sp|P60869|YBJL_ECOLI	SINGLE	6	198	370	20	1.675e-04	{R}
sp|P60869|YBJL_ECOLI	SINGLE	7	181	195	5	2.936e-04	{Q}
sp|P60869|YBJL_ECOLI	SINGLE	8	335	553	23	3.385e-04	{I}
sp|P60869|YBJL_ECOLI	SINGLE	9	503	549	11	6.339e-04	{A}
sp|P60869|YBJL_ECOLI	MULTIPLE	1	6	561	290	1.336e-17	{LGMFIA}
sp|P60869|YBJL_ECOLI	WHOLE	1	1	561	66	2.733e-06	{G}
sp|P60869|YBJL_ECOLI	WHOLE	2	1	561	81	1.641e-05	{L}
sp|P60869|YBJL_ECOLI	WHOLE	3	1	561	24	8.911e-04	{M}
sp|P60872|YIDE_ECOLI	SINGLE	1	18	502	61	7.758e-07	{G}
sp|P60872|YIDE_ECOLI	SINGLE	2	150	177	7	1.744e-06	{M}
sp|P60872|YIDE_ECOLI	SINGLE	3	4	483	48	2.073e-06	{I}
sp|P60872|YIDE_ECOLI	SINGLE	4	6	548	81	5.364e-06	{L}
sp|P60872|YIDE_ECOLI	SINGLE	5	487	504	5	3.167e-05	{M}
sp|P60872|YIDE_ECOLI	SINGLE	6	8	391	45	5.286e-05	{V}
sp|P60872|YIDE_ECOLI	SINGLE	7	356	370	5	2.936e-04	{Q}
sp|P60872|YIDE_ECOLI	SINGLE	8	509	528	7	4.883e-04	{A}
sp|P60872|YIDE_ECOLI	MULTIPLE	1	4	548	266	9.732e-22	{GMILV}
sp|P60872|YIDE_ECOLI	WHOLE	1	1	553	51	9.171e-06	{I}
sp|P60872|YIDE_ECOLI	WHOLE	2	1	553	81	1.001e-05	{L}
sp|P60872|YIDE_ECOLI	WHOLE	3	1	553	63	1.121e-05	{G}
sp|P60872|YIDE_ECOLI	WHOLE	4	1	553	55	4.978e-04	{V}
sp|P60995|LPHI_ECOLI	SINGLE	1	1	15	7	1.262e-08	{H}
sp|P60995|LPHI_ECOLI	WHOLE	1	1	16	7	2.195e-08	{H}
sp|P62522|LPID_ECOLI	SINGLE	1	3	17	6	2.045e-04	{V}
sp|P62522|LPID_ECOLI	SINGLE	2	6	20	5	5.275e-04	{I}
sp|P62522|LPID_ECOLI	MULTIPLE	1	3	20	11	5.867e-07	{VI}
sp|P62723|YEIH_ECOLI	SINGLE	1	139	339	34	1.092e-05	{A}
sp|P62723|YEIH_ECOLI	SINGLE	2	155	176	8	3.934e-05	{V}
sp|P62723|YEIH_ECOLI	SINGLE	3	4	276	29	5.857e-05	{I}
sp|P62723|YEIH_ECOLI	SINGLE	4	282	333	14	1.406e-04	{L}
sp|P62723|YEIH_ECOLI	SINGLE	5	19	145	19	4.603e-04	{G}
sp|P62723|YEIH_ECOLI	SINGLE	6	47	136	18	8.111e-04	{L}
sp|P62723|YEIH_ECOLI	MULTIPLE	1	17	340	182	4.782e-15	{AVILG}
sp|P62723|YEIH_ECOLI	WHOLE	1	1	349	33	1.667e-04	{I}
sp|P62723|YEIH_ECOLI	WHOLE	2	1	349	46	1.889e-04	{A}
sp|P63264|CBPM_ECOLI	SINGLE	1	21	40	7	1.586e-04	{E}
sp|P63340|YQEG_ECOLI	SINGLE	1	62	400	46	4.967e-10	{I}
sp|P63340|YQEG_ECOLI	SINGLE	2	112	180	16	3.027e-04	{L}
sp|P63340|YQEG_ECOLI	SINGLE	3	142	250	12	8.367e-04	{F}
sp|P63340|YQEG_ECOLI	SINGLE	4	292	325	8	9.985e-04	{V}
sp|P63340|YQEG_ECOLI	MULTIPLE	1	61	408	101	3.972e-11	{IFV}
sp|P63340|YQEG_ECOLI	WHOLE	1	1	409	49	8.591e-09	{I}
sp|P64429|YPFJ_ECOLI	SINGLE	1	61	263	26	6.448e-07	{Q}
sp|P64429|YPFJ_ECOLI	SINGLE	2	20	60	12	7.794e-06	{G}
sp|P64429|YPFJ_ECOLI	SINGLE	3	136	158	7	1.612e-04	{D}
sp|P64429|YPFJ_ECOLI	SINGLE	4	2	16	5	4.635e-04	{R}
sp|P64429|YPFJ_ECOLI	WHOLE	1	1	287	28	3.877e-05	{Q}
sp|P64429|YPFJ_ECOLI	WHOLE	2	1	287	36	1.035e-04	{G}
sp|P64432|YPJD_ECOLI	SINGLE	1	6	201	38	5.260e-06	{L}
sp|P64432|YPJD_ECOLI	SINGLE	2	217	239	4	3.281e-04	{W}
sp|P64432|YPJD_ECOLI	SINGLE	3	35	262	23	5.700e-04	{I}
sp|P64432|YPJD_ECOLI	MULTIPLE	1	6	262	68	8.855e-08	{LI}
sp|P64432|YPJD_ECOLI	WHOLE	1	1	263	44	4.216e-05	{L}
sp|P64439|YBJM_ECOLI	SINGLE	1	14	117	16	2.371e-06	{F}
sp|P64439|YBJM_ECOLI	WHOLE	1	1	125	16	2.405e-05	{F}
sp|P64442|YCEO_ECOLI	SINGLE	1	5	40	12	4.539e-05	{L}
sp|P64442|YCEO_ECOLI	WHOLE	1	1	46	12	5.376e-04	{L}
sp|P64455|YDCY_ECOLI	SINGLE	1	53	67	4	2.419e-04	{H}
sp|P64481|YDJM_ECOLI	SINGLE	1	31	174	9	2.709e-04	{W}
sp|P64496|YOAG_ECOLI	SINGLE	1	5	28	7	4.105e-04	{T}
sp|P64496|YOAG_ECOLI	SINGLE	2	8	46	9	5.782e-04	{V}
sp|P64496|YOAG_ECOLI	MULTIPLE	1	5	46	17	4.914e-06	{TV}
sp|P64515|YECN_ECOLI	SINGLE	1	61	122	8	5.246e-05	{M}
sp|P64515|YECN_ECOLI	SINGLE	2	44	58	5	5.275e-04	{I}
sp|P64515|YECN_ECOLI	SINGLE	3	99	124	4	5.295e-04	{W}
sp|P64515|YECN_ECOLI	SINGLE	4	85	101	5	8.659e-04	{R}
sp|P64515|YECN_ECOLI	MULTIPLE	1	61	124	13	4.276e-07	{MW}
sp|P64515|YECN_ECOLI	WHOLE	1	1	131	11	1.192e-04	{M}
sp|P64545|YFGG_ECOLI	SINGLE	1	13	33	6	1.066e-04	{F}
sp|P64545|YFGG_ECOLI	SINGLE	2	5	19	5	4.635e-04	{R}
sp|P64545|YFGG_ECOLI	MULTIPLE	1	10	33	11	1.652e-06	{FR}
sp|P64548|YFIR_ECOLI	SINGLE	1	7	21	8	1.681e-05	{L}
sp|P64564|YGGT_ECOLI	SINGLE	1	47	165	20	1.183e-06	{I}
sp|P64564|YGGT_ECOLI	SINGLE	2	66	188	28	3.891e-06	{L}
sp|P64564|YGGT_ECOLI	SINGLE	3	4	21	7	6.140e-04	{L}
sp|P64564|YGGT_ECOLI	MULTIPLE	1	66	165	39	5.954e-10	{IL}
sp|P64564|YGGT_ECOLI	WHOLE	1	1	188	36	1.169e-05	{L}
sp|P64564|YGGT_ECOLI	WHOLE	2	1	188	22	1.057e-04	{I}
sp|P64572|YGHR_ECOLI	SINGLE	1	180	222	9	1.739e-04	{I}
sp|P64572|YGHR_ECOLI	SINGLE	2	53	193	17	2.960e-04	{R}
sp|P64585|YQJE_ECOLI	SINGLE	1	33	127	25	8.056e-07	{L}
sp|P64585|YQJE_ECOLI	SINGLE	2	25	85	7	3.105e-04	{M}
sp|P64585|YQJE_ECOLI	SINGLE	3	27	43	6	4.457e-04	{E}
sp|P64585|YQJE_ECOLI	MULTIPLE	1	47	97	21	4.608e-08	{LM}
sp|P64585|YQJE_ECOLI	WHOLE	1	1	134	26	1.268e-04	{L}
sp|P64590|YHAH_ECOLI	SINGLE	1	67	95	5	6.082e-05	{W}
sp|P64590|YHAH_ECOLI	SINGLE	2	85	99	5	5.275e-04	{I}
sp|P64590|YHAH_ECOLI	MULTIPLE	1	54	99	13	3.586e-06	{WI}
sp|P64590|YHAH_ECOLI	WHOLE	1	1	121	8	4.002e-04	{W}
sp|P64592|YHAI_ECOLI	SINGLE	1	42	95	17	3.214e-06	{L}
sp|P64592|YHAI_ECOLI	SINGLE	2	29	43	6	4.559e-05	{I}
sp|P64592|YHAI_ECOLI	SINGLE	3	84	98	5	1.842e-04	{F}
sp|P64592|YHAI_ECOLI	MULTIPLE	1	26	98	33	6.304e-08	{LIF}
sp|P64614|YHCN_ECOLI	SINGLE	1	20	36	7	1.565e-04	{A}
sp|P64614|YHCN_ECOLI	WHOLE	1	1	87	16	7.328e-04	{A}
sp|P65290|YFGH_ECOLI	SINGLE	1	73	111	14	8.609e-08	{G}
sp|P65290|YFGH_ECOLI	SINGLE	2	126	166	11	2.410e-05	{T}
sp|P65290|YFGH_ECOLI	SINGLE	3	12	110	19	1.532e-04	{A}
sp|P65294|YGDR_ECOLI	SINGLE	1	23	65	9	4.094e-04	{D}
sp|P65807|YGEY_ECOLI	SINGLE	1	63	237	27	2.385e-05	{G}
sp|P65807|YGEY_ECOLI	SINGLE	2	351	368	6	6.921e-04	{G}
sp|P67127|YGDQ_ECOLI	SINGLE	1	13	99	22	6.852e-06	{L}
sp|P67127|YGDQ_ECOLI	SINGLE	2	23	230	25	2.579e-05	{I}
sp|P67127|YGDQ_ECOLI	SINGLE	3	102	116	6	2.062e-04	{E}
sp|P67127|YGDQ_ECOLI	SINGLE	4	155	169	4	2.419e-04	{M}
sp|P67127|YGDQ_ECOLI	SINGLE	5	38	68	9	3.743e-04	{A}
sp|P67127|YGDQ_ECOLI	SINGLE	6	170	220	8	6.260e-04	{F}
sp|P67127|YGDQ_ECOLI	MULTIPLE	1	11	230	109	8.285e-12	{LIMAF}
sp|P67127|YGDQ_ECOLI	WHOLE	1	1	237	26	7.954e-05	{I}
sp|P67127|YGDQ_ECOLI	WHOLE	2	1	237	39	1.433e-04	{L}
sp|P67143|YHGN_ECOLI	SINGLE	1	10	179	38	1.530e-07	{L}
sp|P67143|YHGN_ECOLI	SINGLE	2	175	195	6	4.184e-06	{M}
sp|P67143|YHGN_ECOLI	SINGLE	3	74	88	6	4.559e-05	{I}
sp|P67143|YHGN_ECOLI	MULTIPLE	1	10	195	71	4.794e-13	{LMI}
sp|P67143|YHGN_ECOLI	WHOLE	1	1	197	39	2.442e-06	{L}
sp|P67143|YHGN_ECOLI	WHOLE	2	1	197	14	9.189e-05	{M}
sp|P67143|YHGN_ECOLI	WHOLE	3	1	197	21	4.799e-04	{I}
sp|P67153|YQFA_ECOLI	SINGLE	1	34	171	31	1.693e-06	{L}
sp|P67153|YQFA_ECOLI	SINGLE	2	154	186	9	1.574e-04	{V}
sp|P67153|YQFA_ECOLI	MULTIPLE	1	27	186	50	4.138e-07	{LV}
sp|P67153|YQFA_ECOLI	WHOLE	1	1	219	38	5.943e-05	{L}
sp|P67244|YQHA_ECOLI	SINGLE	1	15	70	16	2.311e-05	{L}
sp|P67244|YQHA_ECOLI	WHOLE	1	1	164	28	5.697e-04	{L}
sp|P67601|YOBD_ECOLI	SINGLE	1	3	111	18	4.965e-06	{I}
sp|P67601|YOBD_ECOLI	SINGLE	2	82	101	6	7.924e-05	{F}
sp|P67601|YOBD_ECOLI	SINGLE	3	6	79	16	6.573e-04	{L}
sp|P67601|YOBD_ECOLI	SINGLE	4	28	44	5	8.659e-04	{R}
sp|P67601|YOBD_ECOLI	MULTIPLE	1	6	101	41	1.323e-08	{IFL}
sp|P67601|YOBD_ECOLI	WHOLE	1	1	152	21	1.429e-05	{I}
sp|P67729|YFEO_ECOLI	SINGLE	1	81	355	45	1.334e-06	{A}
sp|P67729|YFEO_ECOLI	SINGLE	2	2	398	64	4.080e-06	{L}
sp|P67729|YFEO_ECOLI	SINGLE	3	83	101	7	1.375e-05	{P}
sp|P67729|YFEO_ECOLI	SINGLE	4	262	276	7	2.093e-05	{G}
sp|P67729|YFEO_ECOLI	SINGLE	5	306	378	15	4.526e-05	{V}
sp|P67729|YFEO_ECOLI	SINGLE	6	19	274	28	4.726e-05	{I}
sp|P67729|YFEO_ECOLI	SINGLE	7	218	405	14	5.694e-05	{M}
sp|P67729|YFEO_ECOLI	SINGLE	8	47	118	13	5.924e-04	{G}
sp|P67729|YFEO_ECOLI	MULTIPLE	1	9	406	279	4.951e-30	{ALPGVIM}
sp|P67729|YFEO_ECOLI	WHOLE	1	1	418	64	1.934e-05	{L}
sp|P67729|YFEO_ECOLI	WHOLE	2	1	418	56	3.193e-05	{A}
sp|P67729|YFEO_ECOLI	WHOLE	3	1	418	20	6.255e-04	{M}
sp|P67826|CUTC_ECOLI	SINGLE	1	111	236	22	1.989e-04	{A}
sp|P67826|CUTC_ECOLI	SINGLE	2	7	28	4	3.587e-04	{C}
sp|P68644|FIXC_ECOLI	SINGLE	1	320	334	7	6.097e-05	{A}
sp|P68644|FIXC_ECOLI	SINGLE	2	131	185	12	1.368e-04	{V}
sp|P68644|FIXC_ECOLI	SINGLE	3	204	224	7	2.506e-04	{G}
sp|P68644|FIXC_ECOLI	SINGLE	4	288	375	8	5.615e-04	{M}
sp|P68644|FIXC_ECOLI	SINGLE	5	242	261	4	7.691e-04	{H}
sp|P68644|FIXC_ECOLI	SINGLE	6	8	29	7	9.125e-04	{A}
sp|P68644|FIXC_ECOLI	MULTIPLE	1	317	335	9	3.272e-05	{AM}
sp|P68644|FIXC_ECOLI	WHOLE	1	1	428	45	7.140e-04	{G}
sp|P68646|FIXX_ECOLI	SINGLE	1	5	27	7	4.064e-04	{V}
sp|P68646|FIXX_ECOLI	SINGLE	2	43	69	4	7.937e-04	{C}
sp|P68661|YBCO_ECOLI	SINGLE	1	13	76	6	4.935e-04	{C}
sp|P71237|WCAC_ECOLI	SINGLE	1	143	159	4	1.265e-04	{C}
sp|P71237|WCAC_ECOLI	SINGLE	2	99	136	6	1.464e-04	{H}
sp|P71237|WCAC_ECOLI	SINGLE	3	13	43	8	6.079e-04	{G}
sp|P71238|WCAD_ECOLI	SINGLE	1	5	403	46	7.107e-08	{I}
sp|P71238|WCAD_ECOLI	SINGLE	2	31	395	35	8.806e-07	{F}
sp|P71238|WCAD_ECOLI	SINGLE	3	11	47	13	1.189e-05	{L}
sp|P71238|WCAD_ECOLI	SINGLE	4	142	157	6	5.323e-04	{S}
sp|P71238|WCAD_ECOLI	MULTIPLE	1	5	403	138	1.495e-15	{IFL}
sp|P71238|WCAD_ECOLI	WHOLE	1	1	405	46	1.089e-07	{I}
sp|P71238|WCAD_ECOLI	WHOLE	2	1	405	35	8.071e-06	{F}
sp|P71238|WCAD_ECOLI	WHOLE	3	1	405	57	3.716e-04	{L}
sp|P71239|WCAE_ECOLI	SINGLE	1	44	112	10	5.590e-04	{N}
sp|P71242|WCAK_ECOLI	SINGLE	1	108	174	10	2.132e-04	{F}
sp|P71243|WCAL_ECOLI	SINGLE	1	57	269	26	8.785e-06	{R}
sp|P71243|WCAL_ECOLI	SINGLE	2	5	30	6	3.705e-04	{F}
sp|P71243|WCAL_ECOLI	SINGLE	3	141	155	5	5.275e-04	{I}
sp|P71243|WCAL_ECOLI	MULTIPLE	1	57	272	43	2.754e-06	{RI}
sp|P71244|WCAM_ECOLI	SINGLE	1	140	355	33	6.687e-09	{I}
sp|P71244|WCAM_ECOLI	SINGLE	2	146	456	37	2.277e-08	{N}
sp|P71244|WCAM_ECOLI	SINGLE	3	73	144	16	1.231e-05	{G}
sp|P71244|WCAM_ECOLI	SINGLE	4	371	417	6	4.669e-04	{M}
sp|P71244|WCAM_ECOLI	MULTIPLE	1	140	456	76	6.189e-15	{IN}
sp|P71244|WCAM_ECOLI	WHOLE	1	1	464	44	7.317e-07	{N}
sp|P71244|WCAM_ECOLI	WHOLE	2	1	464	47	1.863e-06	{I}
sp|P75678|YKFA_ECOLI	SINGLE	1	189	282	18	2.293e-05	{V}
sp|P75678|YKFA_ECOLI	SINGLE	2	11	31	6	1.841e-04	{Q}
sp|P75680|INSO1_ECOLI	SINGLE	1	85	100	4	3.155e-04	{H}
sp|P75681|AFUB_ECOLI	SINGLE	1	27	106	14	2.688e-05	{I}
sp|P75681|AFUB_ECOLI	SINGLE	2	12	43	10	3.353e-04	{L}
sp|P75681|AFUB_ECOLI	MULTIPLE	1	4	106	31	1.531e-05	{IL}
sp|P75681|AFUB_ECOLI	WHOLE	1	1	120	15	5.778e-04	{I}
sp|P75693|YAHN_ECOLI	SINGLE	1	49	74	8	1.697e-04	{G}
sp|P75693|YAHN_ECOLI	SINGLE	2	1	15	4	2.419e-04	{M}
sp|P75693|YAHN_ECOLI	SINGLE	3	188	202	5	4.635e-04	{R}
sp|P75693|YAHN_ECOLI	SINGLE	4	27	149	13	7.614e-04	{F}
sp|P75697|YAIX_ECOLI	SINGLE	1	51	198	24	2.203e-07	{I}
sp|P75697|YAIX_ECOLI	SINGLE	2	17	31	5	4.135e-04	{P}
sp|P75697|YAIX_ECOLI	WHOLE	1	1	230	28	7.335e-06	{I}
sp|P75719|RZPD_ECOLI	SINGLE	1	30	123	22	2.090e-06	{A}
sp|P75719|RZPD_ECOLI	SINGLE	2	2	16	6	4.559e-05	{I}
sp|P75719|RZPD_ECOLI	SINGLE	3	27	133	14	4.244e-04	{R}
sp|P75719|RZPD_ECOLI	MULTIPLE	1	27	133	36	1.191e-08	{AR}
sp|P75719|RZPD_ECOLI	WHOLE	1	1	153	25	2.212e-04	{A}
sp|P75734|CHIQ_ECOLI	SINGLE	1	62	90	8	2.094e-05	{Q}
sp|P75734|CHIQ_ECOLI	WHOLE	1	1	108	13	5.778e-04	{Q}
sp|P75741|YBFL_ECOLI	SINGLE	1	10	184	24	4.317e-06	{I}
sp|P75741|YBFL_ECOLI	SINGLE	2	144	213	12	8.156e-04	{K}
sp|P75741|YBFL_ECOLI	WHOLE	1	1	378	36	8.051e-05	{I}
sp|P75747|ABRB_ECOLI	SINGLE	1	4	270	55	7.548e-09	{L}
sp|P75747|ABRB_ECOLI	SINGLE	2	22	348	49	5.587e-06	{A}
sp|P75747|ABRB_ECOLI	SINGLE	3	1	320	20	2.246e-05	{M}
sp|P75747|ABRB_ECOLI	SINGLE	4	35	339	29	3.420e-04	{I}
sp|P75747|ABRB_ECOLI	SINGLE	5	139	196	11	8.363e-04	{V}
sp|P75747|ABRB_ECOLI	MULTIPLE	1	8	336	157	1.010e-20	{LAMI}
sp|P75747|ABRB_ECOLI	WHOLE	1	1	348	63	9.952e-08	{L}
sp|P75747|ABRB_ECOLI	WHOLE	2	1	348	49	2.701e-05	{A}
sp|P75747|ABRB_ECOLI	WHOLE	3	1	348	20	6.812e-05	{M}
sp|P75748|YBGO_ECOLI	SINGLE	1	7	24	8	8.554e-05	{L}
sp|P75748|YBGO_ECOLI	SINGLE	2	82	107	6	3.065e-04	{Y}
sp|P75748|YBGO_ECOLI	SINGLE	3	116	152	8	3.110e-04	{I}
sp|P75748|YBGO_ECOLI	SINGLE	4	70	86	5	5.425e-04	{N}
sp|P75748|YBGO_ECOLI	MULTIPLE	1	67	107	13	1.042e-05	{YN}
sp|P75749|YBGP_ECOLI	SINGLE	1	148	162	5	2.936e-04	{Q}
sp|P75750|YBGQ_ECOLI	SINGLE	1	165	664	68	2.315e-07	{S}
sp|P75750|YBGQ_ECOLI	SINGLE	2	135	149	4	5.704e-05	{W}
sp|P75750|YBGQ_ECOLI	SINGLE	3	25	745	53	6.843e-05	{N}
sp|P75750|YBGQ_ECOLI	SINGLE	4	387	601	24	5.532e-04	{D}
sp|P75750|YBGQ_ECOLI	SINGLE	5	1	33	5	6.305e-04	{M}
sp|P75750|YBGQ_ECOLI	MULTIPLE	1	56	708	180	7.955e-12	{SND}
sp|P75750|YBGQ_ECOLI	WHOLE	1	1	815	92	7.053e-06	{S}
sp|P75750|YBGQ_ECOLI	WHOLE	2	1	815	55	3.640e-04	{N}
sp|P75763|YBHI_ECOLI	SINGLE	1	445	474	6	4.532e-06	{W}
sp|P75763|YBHI_ECOLI	SINGLE	2	345	381	9	8.698e-06	{F}
sp|P75763|YBHI_ECOLI	SINGLE	3	180	306	12	1.965e-05	{M}
sp|P75763|YBHI_ECOLI	SINGLE	4	10	388	37	4.060e-05	{I}
sp|P75763|YBHI_ECOLI	SINGLE	5	6	414	60	1.009e-04	{L}
sp|P75763|YBHI_ECOLI	SINGLE	6	44	68	8	1.088e-04	{V}
sp|P75763|YBHI_ECOLI	SINGLE	7	420	438	7	1.246e-04	{G}
sp|P75763|YBHI_ECOLI	SINGLE	8	277	465	24	7.341e-04	{V}
sp|P75763|YBHI_ECOLI	SINGLE	9	78	146	12	7.405e-04	{T}
sp|P75763|YBHI_ECOLI	MULTIPLE	1	6	465	171	1.369e-12	{MILV}
sp|P75763|YBHI_ECOLI	WHOLE	1	1	477	42	1.224e-04	{I}
sp|P75763|YBHI_ECOLI	WHOLE	2	1	477	67	1.483e-04	{L}
sp|P75764|YBHJ_ECOLI	SINGLE	1	100	167	16	5.785e-06	{G}
sp|P75764|YBHJ_ECOLI	SINGLE	2	460	474	7	6.097e-05	{A}
sp|P75764|YBHJ_ECOLI	SINGLE	3	185	242	12	2.273e-04	{V}
sp|P75764|YBHJ_ECOLI	SINGLE	4	130	144	4	2.419e-04	{M}
sp|P75764|YBHJ_ECOLI	SINGLE	5	16	31	6	3.084e-04	{E}
sp|P75764|YBHJ_ECOLI	MULTIPLE	1	100	167	21	1.720e-07	{GM}
sp|P75764|YBHJ_ECOLI	WHOLE	1	1	753	71	7.061e-04	{G}
sp|P75767|GNGF_ECOLI	SINGLE	1	16	97	18	4.444e-06	{G}
sp|P75767|GNGF_ECOLI	SINGLE	2	247	275	9	5.346e-05	{V}
sp|P75767|GNGF_ECOLI	SINGLE	3	91	240	28	1.414e-04	{L}
sp|P75767|GNGF_ECOLI	SINGLE	4	115	281	19	3.967e-04	{I}
sp|P75767|GNGF_ECOLI	MULTIPLE	1	91	281	48	2.154e-05	{LI}
sp|P75767|GNGF_ECOLI	WHOLE	1	1	302	44	7.198e-04	{L}
sp|P75770|YBHN_ECOLI	SINGLE	1	23	60	12	2.641e-06	{V}
sp|P75770|YBHN_ECOLI	SINGLE	2	51	310	47	3.440e-06	{L}
sp|P75770|YBHN_ECOLI	SINGLE	3	123	298	23	1.438e-05	{I}
sp|P75770|YBHN_ECOLI	SINGLE	4	8	224	11	3.547e-04	{W}
sp|P75770|YBHN_ECOLI	MULTIPLE	1	8	303	123	3.514e-14	{VLIW}
sp|P75770|YBHN_ECOLI	WHOLE	1	1	318	52	1.863e-05	{L}
sp|P75770|YBHN_ECOLI	WHOLE	2	1	318	30	3.149e-04	{I}
sp|P75779|YBIX_ECOLI	SINGLE	1	12	66	9	4.440e-04	{Q}
sp|P75788|YBIR_ECOLI	SINGLE	1	3	369	74	7.421e-11	{L}
sp|P75788|YBIR_ECOLI	SINGLE	2	149	357	11	2.618e-04	{W}
sp|P75788|YBIR_ECOLI	SINGLE	3	5	31	6	4.578e-04	{F}
sp|P75788|YBIR_ECOLI	SINGLE	4	66	80	5	4.635e-04	{R}
sp|P75788|YBIR_ECOLI	SINGLE	5	227	319	15	6.355e-04	{V}
sp|P75788|YBIR_ECOLI	MULTIPLE	1	3	369	141	1.748e-14	{LWFV}
sp|P75788|YBIR_ECOLI	WHOLE	1	1	372	74	1.399e-10	{L}
sp|P75793|GRE2_ECOLI	SINGLE	1	16	69	7	1.471e-04	{H}
sp|P75793|GRE2_ECOLI	SINGLE	2	649	720	14	1.773e-04	{G}
sp|P75793|GRE2_ECOLI	SINGLE	3	256	276	6	1.841e-04	{Q}
sp|P75793|GRE2_ECOLI	SINGLE	4	633	658	6	3.065e-04	{Y}
sp|P75793|GRE2_ECOLI	SINGLE	5	175	248	13	6.421e-04	{E}
sp|P75793|GRE2_ECOLI	SINGLE	6	583	609	6	7.702e-04	{Q}
sp|P75793|GRE2_ECOLI	SINGLE	7	418	442	6	9.729e-04	{I}
sp|P75810|YBJJ_ECOLI	SINGLE	1	50	366	47	1.395e-07	{G}
sp|P75810|YBJJ_ECOLI	SINGLE	2	107	398	43	2.777e-05	{A}
sp|P75810|YBJJ_ECOLI	SINGLE	3	1	159	12	1.607e-04	{M}
sp|P75810|YBJJ_ECOLI	SINGLE	4	172	190	6	2.019e-04	{I}
sp|P75810|YBJJ_ECOLI	SINGLE	5	349	380	10	3.353e-04	{L}
sp|P75810|YBJJ_ECOLI	SINGLE	6	281	388	17	3.946e-04	{V}
sp|P75810|YBJJ_ECOLI	SINGLE	7	94	110	7	4.133e-04	{L}
sp|P75810|YBJJ_ECOLI	MULTIPLE	1	16	389	228	9.470e-21	{GAMILV}
sp|P75810|YBJJ_ECOLI	WHOLE	1	1	402	48	3.351e-05	{G}
sp|P75810|YBJJ_ECOLI	WHOLE	2	1	402	52	1.287e-04	{A}
sp|P75818|YBJP_ECOLI	SINGLE	1	127	143	5	5.538e-04	{Q}
sp|P75828|YBJD_ECOLI	SINGLE	1	70	550	60	1.546e-11	{R}
sp|P75828|YBJD_ECOLI	SINGLE	2	266	330	20	6.951e-07	{L}
sp|P75828|YBJD_ECOLI	SINGLE	3	38	52	7	1.659e-04	{L}
sp|P75828|YBJD_ECOLI	SINGLE	4	72	88	4	4.036e-04	{H}
sp|P75828|YBJD_ECOLI	MULTIPLE	1	70	550	80	3.728e-13	{RH}
sp|P75828|YBJD_ECOLI	WHOLE	1	1	552	64	7.331e-11	{R}
sp|P75828|YBJD_ECOLI	WHOLE	2	1	552	73	4.262e-04	{L}
sp|P75835|YCAM_ECOLI	SINGLE	1	143	293	14	5.279e-06	{M}
sp|P75835|YCAM_ECOLI	SINGLE	2	177	207	9	6.675e-05	{T}
sp|P75835|YCAM_ECOLI	SINGLE	3	347	386	12	1.377e-04	{L}
sp|P75835|YCAM_ECOLI	SINGLE	4	389	466	11	1.755e-04	{F}
sp|P75835|YCAM_ECOLI	SINGLE	5	181	208	7	2.899e-04	{I}
sp|P75835|YCAM_ECOLI	SINGLE	6	23	45	7	4.064e-04	{V}
sp|P75835|YCAM_ECOLI	SINGLE	7	12	144	8	7.278e-04	{W}
sp|P75835|YCAM_ECOLI	MULTIPLE	1	181	208	15	4.023e-08	{TI}
sp|P75835|YCAM_ECOLI	MULTIPLE	2	12	145	23	2.385e-04	{VW}
sp|P75835|YCAM_ECOLI	WHOLE	1	1	476	23	2.431e-04	{M}
sp|P75859|YCBU_ECOLI	SINGLE	1	123	139	6	5.013e-05	{Q}
sp|P75859|YCBU_ECOLI	SINGLE	2	81	119	9	6.699e-04	{G}
sp|P75867|LONH_ECOLI	SINGLE	1	209	443	32	3.818e-05	{E}
sp|P75867|LONH_ECOLI	SINGLE	2	19	567	44	4.494e-05	{Q}
sp|P75867|LONH_ECOLI	SINGLE	3	396	410	4	2.419e-04	{M}
sp|P75867|LONH_ECOLI	SINGLE	4	335	502	19	4.251e-04	{I}
sp|P75867|LONH_ECOLI	SINGLE	5	154	171	7	6.140e-04	{L}
sp|P75867|LONH_ECOLI	MULTIPLE	1	205	502	93	1.093e-08	{EQMI}
sp|P75867|LONH_ECOLI	WHOLE	1	1	586	44	1.665e-04	{Q}
sp|P75870|YCCS_ECOLI	SINGLE	1	2	517	91	8.834e-10	{L}
sp|P75870|YCCS_ECOLI	SINGLE	2	224	319	16	1.001e-05	{R}
sp|P75870|YCCS_ECOLI	SINGLE	3	239	436	15	2.646e-05	{H}
sp|P75870|YCCS_ECOLI	SINGLE	4	537	581	10	3.640e-05	{R}
sp|P75870|YCCS_ECOLI	SINGLE	5	275	299	7	6.184e-05	{Q}
sp|P75870|YCCS_ECOLI	SINGLE	6	669	711	9	6.697e-05	{Q}
sp|P75870|YCCS_ECOLI	SINGLE	7	407	453	9	3.433e-04	{I}
sp|P75870|YCCS_ECOLI	SINGLE	8	11	34	4	3.879e-04	{W}
sp|P75870|YCCS_ECOLI	MULTIPLE	1	53	471	174	2.585e-13	{LRHQI}
sp|P75870|YCCS_ECOLI	WHOLE	1	1	717	114	3.914e-09	{L}
sp|P75870|YCCS_ECOLI	WHOLE	2	1	717	54	3.478e-04	{R}
sp|P75874|YCCU_ECOLI	SINGLE	1	82	116	10	2.092e-04	{A}
sp|P75882|GFCD_ECOLI	SINGLE	1	60	602	39	6.400e-05	{Y}
sp|P75882|GFCD_ECOLI	SINGLE	2	519	539	7	2.506e-04	{G}
sp|P75882|GFCD_ECOLI	SINGLE	3	389	404	5	4.085e-04	{Q}
sp|P75882|GFCD_ECOLI	SINGLE	4	282	296	5	4.135e-04	{P}
sp|P75882|GFCD_ECOLI	SINGLE	5	503	520	5	7.186e-04	{N}
sp|P75882|GFCD_ECOLI	SINGLE	6	56	277	19	7.690e-04	{F}
sp|P75882|GFCD_ECOLI	MULTIPLE	1	54	602	149	2.612e-07	{YGNF}
sp|P75882|GFCD_ECOLI	WHOLE	1	1	698	45	1.992e-04	{Y}
sp|P75883|GFCC_ECOLI	SINGLE	1	69	98	10	5.151e-05	{A}
sp|P75883|GFCC_ECOLI	SINGLE	2	12	246	29	3.840e-04	{V}
sp|P75883|GFCC_ECOLI	WHOLE	1	1	248	29	8.424e-04	{V}
sp|P75884|GFCB_ECOLI	SINGLE	1	20	79	10	1.910e-04	{Q}
sp|P75884|GFCB_ECOLI	SINGLE	2	81	114	7	4.524e-04	{N}
sp|P75885|GFCA_ECOLI	SINGLE	1	26	52	18	4.829e-16	{T}
sp|P75885|GFCA_ECOLI	SINGLE	2	7	82	20	8.664e-07	{A}
sp|P75885|GFCA_ECOLI	SINGLE	3	55	80	9	2.040e-05	{V}
sp|P75885|GFCA_ECOLI	SINGLE	4	28	89	13	1.378e-04	{G}
sp|P75885|GFCA_ECOLI	MULTIPLE	1	18	82	59	4.932e-27	{TAVG}
sp|P75885|GFCA_ECOLI	WHOLE	1	1	101	30	2.621e-13	{T}
sp|P75885|GFCA_ECOLI	WHOLE	2	1	101	20	6.905e-05	{A}
sp|P75916|YCDZ_ECOLI	SINGLE	1	12	142	20	2.625e-04	{G}
sp|P75916|YCDZ_ECOLI	SINGLE	2	3	17	5	5.275e-04	{I}
sp|P75916|YCDZ_ECOLI	SINGLE	3	4	145	25	6.794e-04	{L}
sp|P75916|YCDZ_ECOLI	SINGLE	4	31	153	20	8.632e-04	{A}
sp|P75916|YCDZ_ECOLI	MULTIPLE	1	3	150	80	5.239e-11	{GILA}
sp|P75917|YMDA_ECOLI	SINGLE	1	2	18	5	3.504e-04	{F}
sp|P75931|YCEM_ECOLI	SINGLE	1	15	140	22	1.989e-04	{A}
sp|P75931|YCEM_ECOLI	SINGLE	2	56	81	8	2.967e-04	{S}
sp|P75931|YCEM_ECOLI	SINGLE	3	83	188	21	3.780e-04	{L}
sp|P75931|YCEM_ECOLI	SINGLE	4	278	294	5	5.538e-04	{Q}
sp|P75931|YCEM_ECOLI	SINGLE	5	67	92	7	8.914e-04	{V}
sp|P75931|YCEM_ECOLI	MULTIPLE	1	54	92	21	7.885e-06	{ASV}
sp|P75933|FLGA_ECOLI	SINGLE	1	191	209	7	1.092e-04	{V}
sp|P75933|FLGA_ECOLI	SINGLE	2	179	195	7	1.565e-04	{A}
sp|P75933|FLGA_ECOLI	SINGLE	3	66	96	7	2.524e-04	{N}
sp|P75933|FLGA_ECOLI	SINGLE	4	1	15	5	5.275e-04	{I}
sp|P75933|FLGA_ECOLI	SINGLE	5	149	166	5	7.334e-04	{Q}
sp|P75933|FLGA_ECOLI	MULTIPLE	1	179	211	15	1.414e-05	{VA}
sp|P75936|FLGD_ECOLI	SINGLE	1	6	223	36	5.643e-08	{T}
sp|P75936|FLGD_ECOLI	SINGLE	2	16	34	8	2.423e-05	{S}
sp|P75936|FLGD_ECOLI	SINGLE	3	69	220	23	1.148e-04	{G}
sp|P75936|FLGD_ECOLI	MULTIPLE	1	6	223	84	1.590e-10	{TSG}
sp|P75936|FLGD_ECOLI	WHOLE	1	1	231	36	2.367e-07	{T}
sp|P75937|FLGE_ECOLI	SINGLE	1	11	400	48	7.557e-11	{N}
sp|P75937|FLGE_ECOLI	SINGLE	2	58	356	37	3.076e-05	{T}
sp|P75937|FLGE_ECOLI	SINGLE	3	378	393	5	4.085e-04	{Q}
sp|P75937|FLGE_ECOLI	SINGLE	4	21	358	38	5.263e-04	{G}
sp|P75937|FLGE_ECOLI	MULTIPLE	1	9	400	154	6.318e-16	{NTQG}
sp|P75937|FLGE_ECOLI	WHOLE	1	1	402	48	2.093e-10	{N}
sp|P75937|FLGE_ECOLI	WHOLE	2	1	402	43	1.917e-04	{T}
sp|P75955|YCFT_ECOLI	SINGLE	1	94	349	48	1.002e-06	{L}
sp|P75955|YCFT_ECOLI	SINGLE	2	79	111	6	8.081e-06	{W}
sp|P75955|YCFT_ECOLI	SINGLE	3	50	64	5	1.842e-04	{F}
sp|P75955|YCFT_ECOLI	MULTIPLE	1	79	349	61	9.620e-09	{LW}
sp|P75955|YCFT_ECOLI	WHOLE	1	1	357	58	8.359e-06	{L}
sp|P75955|YCFT_ECOLI	WHOLE	2	1	357	14	7.464e-04	{W}
sp|P75961|YCFZ_ECOLI	SINGLE	1	7	23	8	5.235e-05	{L}
sp|P75961|YCFZ_ECOLI	SINGLE	2	161	178	6	1.085e-04	{P}
sp|P75961|YCFZ_ECOLI	SINGLE	3	186	212	6	4.578e-04	{F}
sp|P75961|YCFZ_ECOLI	SINGLE	4	96	156	14	7.507e-04	{L}
sp|P75961|YCFZ_ECOLI	SINGLE	5	5	253	24	8.080e-04	{I}
sp|P75961|YCFZ_ECOLI	MULTIPLE	1	5	258	63	2.385e-06	{LI}
sp|P75961|YCFZ_ECOLI	WHOLE	1	1	262	39	8.939e-04	{L}
sp|P75962|YMFA_ECOLI	SINGLE	1	39	55	4	4.036e-04	{H}
sp|P75962|YMFA_ECOLI	SINGLE	2	123	137	5	5.275e-04	{I}
sp|P75971|YMFH_ECOLI	SINGLE	1	17	31	5	4.135e-04	{P}
sp|P75974|COHE_ECOLI	SINGLE	1	198	212	5	5.275e-04	{I}
sp|P75981|JAYE_ECOLI	SINGLE	1	39	139	16	6.535e-04	{G}
sp|P76000|YCGI_ECOLI	SINGLE	1	84	98	5	2.875e-04	{N}
sp|P76000|YCGI_ECOLI	SINGLE	2	7	104	13	5.782e-04	{R}
sp|P76000|YCGI_ECOLI	MULTIPLE	1	2	104	23	2.962e-05	{NR}
sp|P76011|YMGE_ECOLI	SINGLE	1	3	20	8	9.209e-07	{I}
sp|P76011|YMGE_ECOLI	SINGLE	2	23	58	12	1.740e-06	{G}
sp|P76011|YMGE_ECOLI	WHOLE	1	1	84	14	4.619e-05	{I}
sp|P76011|YMGE_ECOLI	WHOLE	2	1	84	16	8.379e-05	{G}
sp|P76034|YCIT_ECOLI	SINGLE	1	3	17	5	2.936e-04	{Q}
sp|P76049|YCJY_ECOLI	SINGLE	1	1	15	5	2.875e-04	{N}
sp|P76049|YCJY_ECOLI	SINGLE	2	205	240	7	2.965e-04	{Y}
sp|P76049|YCJY_ECOLI	SINGLE	3	113	299	28	4.046e-04	{A}
sp|P76049|YCJY_ECOLI	SINGLE	4	88	147	10	5.105e-04	{I}
sp|P76049|YCJY_ECOLI	MULTIPLE	1	87	299	64	4.038e-07	{YAI}
sp|P76063|YDAS_ECOLI	SINGLE	1	40	74	7	9.843e-04	{R}
sp|P76071|INSH5_ECOLI	SINGLE	1	28	177	11	3.675e-04	{M}
sp|P76071|INSH5_ECOLI	SINGLE	2	165	211	6	4.669e-04	{H}
sp|P76071|INSH5_ECOLI	SINGLE	3	247	298	10	8.819e-04	{K}
sp|P76071|INSH5_ECOLI	MULTIPLE	1	60	201	18	3.604e-05	{MH}
sp|P76072|STFR_ECOLI	SINGLE	1	114	461	132	2.218e-55	{A}
sp|P76072|STFR_ECOLI	SINGLE	2	130	437	83	3.584e-26	{S}
sp|P76072|STFR_ECOLI	SINGLE	3	975	1094	15	5.575e-08	{H}
sp|P76072|STFR_ECOLI	SINGLE	4	175	485	42	1.234e-06	{T}
sp|P76072|STFR_ECOLI	SINGLE	5	900	918	7	1.375e-05	{P}
sp|P76072|STFR_ECOLI	SINGLE	6	532	1102	64	1.580e-05	{G}
sp|P76072|STFR_ECOLI	SINGLE	7	976	1097	20	4.349e-05	{T}
sp|P76072|STFR_ECOLI	SINGLE	8	1099	1114	5	4.001e-04	{N}
sp|P76072|STFR_ECOLI	MULTIPLE	1	117	485	270	9.610e-101	{AST}
sp|P76072|STFR_ECOLI	MULTIPLE	2	975	1097	35	5.895e-11	{HT}
sp|P76072|STFR_ECOLI	MULTIPLE	3	532	1114	100	1.899e-06	{GN}
sp|P76072|STFR_ECOLI	WHOLE	1	1	1120	222	2.335e-37	{A}
sp|P76072|STFR_ECOLI	WHOLE	2	1	1120	156	2.489e-15	{S}
sp|P76072|STFR_ECOLI	WHOLE	3	1	1120	106	5.473e-06	{T}
sp|P76090|YNBA_ECOLI	SINGLE	1	3	196	44	1.153e-08	{L}
sp|P76090|YNBA_ECOLI	SINGLE	2	158	185	5	5.110e-05	{W}
sp|P76090|YNBA_ECOLI	MULTIPLE	1	9	196	49	1.815e-09	{LW}
sp|P76090|YNBA_ECOLI	WHOLE	1	1	201	44	3.408e-08	{L}
sp|P76092|YNBC_ECOLI	SINGLE	1	88	121	10	3.474e-05	{V}
sp|P76092|YNBC_ECOLI	SINGLE	2	37	51	4	2.419e-04	{H}
sp|P76092|YNBC_ECOLI	SINGLE	3	41	462	36	3.436e-04	{R}
sp|P76092|YNBC_ECOLI	SINGLE	4	398	431	9	7.625e-04	{A}
sp|P76092|YNBC_ECOLI	MULTIPLE	1	19	462	99	7.064e-06	{HRA}
sp|P76092|YNBC_ECOLI	WHOLE	1	1	585	45	6.250e-04	{R}
sp|P76093|YNBD_ECOLI	SINGLE	1	43	291	18	4.613e-08	{W}
sp|P76093|YNBD_ECOLI	SINGLE	2	14	123	15	2.030e-05	{F}
sp|P76093|YNBD_ECOLI	SINGLE	3	2	392	60	3.087e-05	{L}
sp|P76093|YNBD_ECOLI	SINGLE	4	251	268	7	8.425e-05	{G}
sp|P76093|YNBD_ECOLI	SINGLE	5	217	231	4	2.419e-04	{M}
sp|P76093|YNBD_ECOLI	MULTIPLE	1	1	392	93	1.778e-09	{WLM}
sp|P76093|YNBD_ECOLI	WHOLE	1	1	430	21	2.239e-06	{W}
sp|P76093|YNBD_ECOLI	WHOLE	2	1	430	63	7.446e-05	{L}
sp|P76100|YDCK_ECOLI	SINGLE	1	29	283	30	7.023e-06	{I}
sp|P76100|YDCK_ECOLI	SINGLE	2	234	310	16	2.260e-05	{V}
sp|P76100|YDCK_ECOLI	SINGLE	3	116	304	14	6.009e-05	{H}
sp|P76100|YDCK_ECOLI	MULTIPLE	1	24	311	79	3.048e-10	{IVH}
sp|P76100|YDCK_ECOLI	WHOLE	1	1	326	32	1.086e-04	{I}
sp|P76103|YDCO_ECOLI	SINGLE	1	13	357	61	1.358e-09	{A}
sp|P76103|YDCO_ECOLI	SINGLE	2	50	159	25	1.237e-05	{L}
sp|P76103|YDCO_ECOLI	SINGLE	3	168	182	6	4.559e-05	{I}
sp|P76103|YDCO_ECOLI	SINGLE	4	179	197	7	1.092e-04	{V}
sp|P76103|YDCO_ECOLI	SINGLE	5	359	376	6	6.921e-04	{G}
sp|P76103|YDCO_ECOLI	MULTIPLE	1	11	377	215	2.690e-20	{ALIVG}
sp|P76103|YDCO_ECOLI	WHOLE	1	1	391	64	1.165e-08	{A}
sp|P76103|YDCO_ECOLI	WHOLE	2	1	391	56	2.773e-04	{L}
sp|P76116|YNCE_ECOLI	SINGLE	1	3	21	8	1.342e-04	{L}
sp|P76116|YNCE_ECOLI	SINGLE	2	8	27	7	2.968e-04	{S}
sp|P76116|YNCE_ECOLI	SINGLE	3	78	213	19	4.809e-04	{T}
sp|P76116|YNCE_ECOLI	MULTIPLE	1	6	27	14	7.828e-07	{LS}
sp|P76119|YNCI_ECOLI	SINGLE	1	3	184	22	6.711e-05	{I}
sp|P76119|YNCI_ECOLI	SINGLE	2	111	209	16	2.569e-04	{K}
sp|P76119|YNCI_ECOLI	MULTIPLE	1	16	188	39	7.719e-06	{IK}
sp|P76119|YNCI_ECOLI	WHOLE	1	1	248	24	7.662e-04	{I}
sp|P76134|YDEM_ECOLI	SINGLE	1	10	259	24	3.638e-05	{F}
sp|P76134|YDEM_ECOLI	SINGLE	2	314	328	4	7.491e-05	{C}
sp|P76134|YDEM_ECOLI	SINGLE	3	355	382	5	2.914e-04	{M}
sp|P76134|YDEM_ECOLI	SINGLE	4	89	385	26	3.218e-04	{N}
sp|P76134|YDEM_ECOLI	MULTIPLE	1	88	300	37	7.298e-06	{FN}
sp|P76137|YDET_ECOLI	SINGLE	1	71	185	18	1.743e-06	{N}
sp|P76137|YDET_ECOLI	SINGLE	2	28	202	31	2.033e-06	{S}
sp|P76137|YDET_ECOLI	SINGLE	3	133	219	19	2.675e-06	{G}
sp|P76137|YDET_ECOLI	SINGLE	4	16	65	9	2.183e-04	{Q}
sp|P76137|YDET_ECOLI	SINGLE	5	172	199	6	4.644e-04	{Y}
sp|P76137|YDET_ECOLI	MULTIPLE	1	14	204	102	1.117e-15	{NSGQY}
sp|P76137|YDET_ECOLI	WHOLE	1	1	382	36	7.337e-06	{N}
sp|P76137|YDET_ECOLI	WHOLE	2	1	382	41	7.877e-04	{G}
sp|P76146|YNEE_ECOLI	SINGLE	1	21	283	44	4.216e-05	{L}
sp|P76146|YNEE_ECOLI	SINGLE	2	159	295	17	2.934e-04	{I}
sp|P76146|YNEE_ECOLI	SINGLE	3	32	70	7	5.997e-04	{F}
sp|P76146|YNEE_ECOLI	SINGLE	4	71	172	13	8.276e-04	{R}
sp|P76146|YNEE_ECOLI	MULTIPLE	1	27	283	99	6.516e-09	{LIFR}
sp|P76146|YNEE_ECOLI	WHOLE	1	1	304	47	1.511e-04	{L}
sp|P76146|YNEE_ECOLI	WHOLE	2	1	304	28	6.601e-04	{I}
sp|P76161|REQ2_ECOLI	SINGLE	1	113	190	8	3.259e-05	{C}
sp|P76161|REQ2_ECOLI	SINGLE	2	175	205	7	4.684e-04	{R}
sp|P76161|REQ2_ECOLI	MULTIPLE	1	105	205	21	1.076e-06	{CR}
sp|P76164|YDFW_ECOLI	SINGLE	1	34	48	7	1.330e-05	{K}
sp|P76164|YDFW_ECOLI	SINGLE	2	16	45	7	3.283e-04	{P}
sp|P76164|YDFW_ECOLI	MULTIPLE	1	15	48	16	1.029e-07	{KP}
sp|P76164|YDFW_ECOLI	WHOLE	1	1	49	10	5.548e-04	{K}
sp|P76169|YNFA_ECOLI	SINGLE	1	6	51	14	3.402e-05	{L}
sp|P76169|YNFA_ECOLI	SINGLE	2	23	105	7	2.165e-04	{W}
sp|P76169|YNFA_ECOLI	MULTIPLE	1	6	99	27	8.508e-07	{LW}
sp|P76169|YNFA_ECOLI	WHOLE	1	1	108	21	4.816e-04	{L}
sp|P76169|YNFA_ECOLI	WHOLE	2	1	108	7	9.986e-04	{W}
sp|P76170|YNFB_ECOLI	SINGLE	1	5	22	7	6.140e-04	{L}
sp|P76172|YNFD_ECOLI	SINGLE	1	8	22	7	6.097e-05	{A}
sp|P76176|YDGD_ECOLI	SINGLE	1	138	162	7	9.845e-05	{P}
sp|P76176|YDGD_ECOLI	SINGLE	2	169	185	7	1.565e-04	{A}
sp|P76180|YDGK_ECOLI	SINGLE	1	13	33	11	5.369e-07	{L}
sp|P76180|YDGK_ECOLI	SINGLE	2	2	76	14	1.403e-04	{T}
sp|P76180|YDGK_ECOLI	MULTIPLE	1	2	76	32	1.178e-08	{LT}
sp|P76180|YDGK_ECOLI	WHOLE	1	1	146	27	2.096e-04	{L}
sp|P76185|YDHJ_ECOLI	SINGLE	1	83	156	18	9.416e-06	{A}
sp|P76185|YDHJ_ECOLI	SINGLE	2	20	34	4	5.704e-05	{W}
sp|P76185|YDHJ_ECOLI	SINGLE	3	132	151	6	1.375e-04	{Q}
sp|P76185|YDHJ_ECOLI	SINGLE	4	245	274	8	4.209e-04	{V}
sp|P76185|YDHJ_ECOLI	SINGLE	5	59	127	10	5.590e-04	{N}
sp|P76185|YDHJ_ECOLI	MULTIPLE	1	63	151	39	9.466e-10	{AQN}
sp|P76186|YDHK_ECOLI	SINGLE	1	8	659	102	5.019e-08	{L}
sp|P76186|YDHK_ECOLI	SINGLE	2	16	404	57	2.231e-06	{A}
sp|P76186|YDHK_ECOLI	SINGLE	3	511	651	21	2.976e-06	{R}
sp|P76186|YDHK_ECOLI	SINGLE	4	224	352	18	3.346e-05	{R}
sp|P76186|YDHK_ECOLI	SINGLE	5	422	489	11	5.155e-05	{F}
sp|P76186|YDHK_ECOLI	SINGLE	6	6	588	22	5.912e-05	{W}
sp|P76186|YDHK_ECOLI	SINGLE	7	165	186	5	8.914e-05	{M}
sp|P76186|YDHK_ECOLI	MULTIPLE	1	1	662	276	4.410e-20	{LARWM}
sp|P76186|YDHK_ECOLI	WHOLE	1	1	670	103	9.973e-08	{L}
sp|P76186|YDHK_ECOLI	WHOLE	2	1	670	81	3.252e-05	{A}
sp|P76186|YDHK_ECOLI	WHOLE	3	1	670	23	1.522e-04	{W}
sp|P76197|YDIM_ECOLI	SINGLE	1	61	382	32	1.164e-06	{F}
sp|P76197|YDIM_ECOLI	SINGLE	2	46	383	38	1.523e-06	{I}
sp|P76197|YDIM_ECOLI	SINGLE	3	10	65	14	3.136e-04	{L}
sp|P76197|YDIM_ECOLI	SINGLE	4	213	253	7	6.587e-04	{Y}
sp|P76197|YDIM_ECOLI	SINGLE	5	1	245	14	7.426e-04	{M}
sp|P76197|YDIM_ECOLI	MULTIPLE	1	5	385	158	2.339e-14	{FILYM}
sp|P76197|YDIM_ECOLI	WHOLE	1	1	404	34	1.781e-05	{F}
sp|P76197|YDIM_ECOLI	WHOLE	2	1	404	38	6.849e-05	{I}
sp|P76198|YDIN_ECOLI	SINGLE	1	12	398	41	2.675e-06	{I}
sp|P76198|YDIN_ECOLI	SINGLE	2	7	410	34	1.781e-05	{F}
sp|P76198|YDIN_ECOLI	SINGLE	3	83	347	18	1.921e-05	{M}
sp|P76198|YDIN_ECOLI	SINGLE	4	240	318	16	2.567e-04	{A}
sp|P76198|YDIN_ECOLI	SINGLE	5	211	234	7	5.364e-04	{V}
sp|P76198|YDIN_ECOLI	MULTIPLE	1	7	405	128	7.021e-13	{IFMV}
sp|P76198|YDIN_ECOLI	WHOLE	1	1	421	42	8.538e-06	{I}
sp|P76198|YDIN_ECOLI	WHOLE	2	1	421	34	3.902e-05	{F}
sp|P76198|YDIN_ECOLI	WHOLE	3	1	421	20	6.769e-04	{M}
sp|P76201|YDIQ_ECOLI	SINGLE	1	87	104	7	2.360e-04	{A}
sp|P76201|YDIQ_ECOLI	SINGLE	2	105	242	17	3.181e-04	{I}
sp|P76201|YDIQ_ECOLI	SINGLE	3	127	182	11	6.255e-04	{V}
sp|P76201|YDIQ_ECOLI	SINGLE	4	57	137	17	6.462e-04	{L}
sp|P76201|YDIQ_ECOLI	SINGLE	5	29	56	8	8.667e-04	{A}
sp|P76201|YDIQ_ECOLI	MULTIPLE	1	87	113	13	1.498e-04	{AL}
sp|P76201|YDIQ_ECOLI	MULTIPLE	2	105	234	30	7.601e-05	{IV}
sp|P76219|YDJX_ECOLI	SINGLE	1	8	212	47	2.685e-09	{L}
sp|P76219|YDJX_ECOLI	SINGLE	2	13	205	24	2.143e-05	{I}
sp|P76219|YDJX_ECOLI	SINGLE	3	7	55	8	4.802e-04	{F}
sp|P76219|YDJX_ECOLI	MULTIPLE	1	7	212	87	4.889e-16	{LIF}
sp|P76219|YDJX_ECOLI	WHOLE	1	1	236	49	3.512e-08	{L}
sp|P76219|YDJX_ECOLI	WHOLE	2	1	236	24	4.026e-04	{I}
sp|P76221|YDJZ_ECOLI	SINGLE	1	36	221	22	3.194e-06	{F}
sp|P76221|YDJZ_ECOLI	SINGLE	2	22	117	21	1.033e-05	{A}
sp|P76221|YDJZ_ECOLI	SINGLE	3	1	23	5	1.114e-04	{M}
sp|P76221|YDJZ_ECOLI	SINGLE	4	16	30	7	1.659e-04	{L}
sp|P76221|YDJZ_ECOLI	MULTIPLE	1	1	223	91	1.896e-09	{FAML}
sp|P76221|YDJZ_ECOLI	WHOLE	1	1	235	23	3.867e-05	{F}
sp|P76226|YNJF_ECOLI	SINGLE	1	2	169	36	8.835e-07	{L}
sp|P76226|YNJF_ECOLI	SINGLE	2	83	190	16	3.869e-06	{F}
sp|P76226|YNJF_ECOLI	SINGLE	3	173	194	5	1.498e-05	{W}
sp|P76226|YNJF_ECOLI	SINGLE	4	103	134	10	9.391e-05	{A}
sp|P76226|YNJF_ECOLI	MULTIPLE	1	31	186	79	9.816e-15	{LFWA}
sp|P76226|YNJF_ECOLI	WHOLE	1	1	206	40	2.993e-06	{L}
sp|P76226|YNJF_ECOLI	WHOLE	2	1	206	18	8.192e-04	{F}
sp|P76228|YNJI_ECOLI	SINGLE	1	220	252	10	6.285e-05	{S}
sp|P76228|YNJI_ECOLI	SINGLE	2	261	284	7	5.412e-04	{E}
sp|P76228|YNJI_ECOLI	SINGLE	3	240	338	7	6.096e-04	{W}
sp|P76228|YNJI_ECOLI	MULTIPLE	1	240	338	18	5.214e-04	{EW}
sp|P76230|YDJK_ECOLI	SINGLE	1	80	453	41	1.174e-06	{I}
sp|P76230|YDJK_ECOLI	SINGLE	2	54	68	6	1.598e-04	{T}
sp|P76230|YDJK_ECOLI	SINGLE	3	276	368	9	1.680e-04	{M}
sp|P76230|YDJK_ECOLI	SINGLE	4	148	208	6	2.661e-04	{W}
sp|P76230|YDJK_ECOLI	SINGLE	5	70	86	6	4.943e-04	{G}
sp|P76230|YDJK_ECOLI	SINGLE	6	335	362	9	5.211e-04	{L}
sp|P76230|YDJK_ECOLI	SINGLE	7	221	456	28	8.208e-04	{V}
sp|P76230|YDJK_ECOLI	SINGLE	8	373	437	13	9.948e-04	{A}
sp|P76230|YDJK_ECOLI	MULTIPLE	1	69	457	223	5.616e-14	{IMWGLVA}
sp|P76230|YDJK_ECOLI	WHOLE	1	1	459	45	6.642e-06	{I}
sp|P76235|YEAH_ECOLI	SINGLE	1	93	111	10	8.177e-08	{G}
sp|P76235|YEAH_ECOLI	SINGLE	2	84	144	11	4.586e-05	{Q}
sp|P76235|YEAH_ECOLI	SINGLE	3	187	224	10	9.694e-05	{E}
sp|P76235|YEAH_ECOLI	SINGLE	4	7	242	25	1.174e-04	{R}
sp|P76235|YEAH_ECOLI	SINGLE	5	65	81	4	4.036e-04	{H}
sp|P76235|YEAH_ECOLI	SINGLE	6	251	268	4	5.076e-04	{M}
sp|P76235|YEAH_ECOLI	MULTIPLE	1	92	112	15	1.069e-10	{GQ}
sp|P76235|YEAH_ECOLI	MULTIPLE	2	7	242	46	8.149e-05	{ER}
sp|P76235|YEAH_ECOLI	WHOLE	1	1	427	35	7.640e-04	{R}
sp|P76269|YEBQ_ECOLI	SINGLE	1	68	354	57	1.570e-08	{L}
sp|P76269|YEBQ_ECOLI	SINGLE	2	18	182	22	1.585e-05	{I}
sp|P76269|YEBQ_ECOLI	SINGLE	3	28	443	54	9.186e-05	{A}
sp|P76269|YEBQ_ECOLI	SINGLE	4	239	262	7	5.364e-04	{V}
sp|P76269|YEBQ_ECOLI	SINGLE	5	395	412	6	6.921e-04	{G}
sp|P76269|YEBQ_ECOLI	MULTIPLE	1	16	443	201	4.019e-16	{LIAG}
sp|P76269|YEBQ_ECOLI	WHOLE	1	1	457	74	7.348e-07	{L}
sp|P76269|YEBQ_ECOLI	WHOLE	2	1	457	57	1.657e-04	{A}
sp|P76269|YEBQ_ECOLI	WHOLE	3	1	457	39	3.529e-04	{I}
sp|P76323|INTG_ECOLI	SINGLE	1	68	90	8	1.797e-08	{H}
sp|P76323|INTG_ECOLI	WHOLE	1	1	92	9	1.552e-04	{H}
sp|P76335|YEDS_ECOLI	SINGLE	1	29	161	25	1.512e-06	{G}
sp|P76335|YEDS_ECOLI	SINGLE	2	7	22	7	9.989e-05	{A}
sp|P76335|YEDS_ECOLI	SINGLE	3	142	157	5	4.001e-04	{N}
sp|P76335|YEDS_ECOLI	MULTIPLE	1	26	161	37	8.251e-08	{GN}
sp|P76335|YEDS_ECOLI	WHOLE	1	1	161	26	1.520e-05	{G}
sp|P76356|YOEA_ECOLI	SINGLE	1	95	130	9	3.320e-05	{R}
sp|P76356|YOEA_ECOLI	SINGLE	2	5	108	15	1.309e-04	{I}
sp|P76356|YOEA_ECOLI	SINGLE	3	25	45	7	1.671e-04	{T}
sp|P76356|YOEA_ECOLI	SINGLE	4	13	55	10	6.159e-04	{S}
sp|P76356|YOEA_ECOLI	MULTIPLE	1	5	109	41	3.751e-07	{ITS}
sp|P76359|YEEP_ECOLI	SINGLE	1	206	230	8	1.088e-04	{V}
sp|P76359|YEEP_ECOLI	SINGLE	2	24	228	21	5.525e-04	{R}
sp|P76359|YEEP_ECOLI	SINGLE	3	87	122	7	6.599e-04	{Q}
sp|P76359|YEEP_ECOLI	MULTIPLE	1	20	230	45	1.103e-05	{VR}
sp|P76361|YEER_ECOLI	SINGLE	1	2	307	57	1.441e-07	{L}
sp|P76361|YEER_ECOLI	SINGLE	2	4	132	19	1.445e-05	{I}
sp|P76361|YEER_ECOLI	SINGLE	3	137	151	4	7.491e-05	{C}
sp|P76361|YEER_ECOLI	SINGLE	4	167	261	8	7.994e-05	{W}
sp|P76361|YEER_ECOLI	SINGLE	5	254	299	9	1.108e-04	{N}
sp|P76361|YEER_ECOLI	SINGLE	6	325	348	5	1.377e-04	{H}
sp|P76361|YEER_ECOLI	SINGLE	7	333	367	5	2.098e-04	{C}
sp|P76361|YEER_ECOLI	SINGLE	8	406	480	13	8.617e-04	{G}
sp|P76361|YEER_ECOLI	SINGLE	9	297	311	5	9.005e-04	{D}
sp|P76361|YEER_ECOLI	MULTIPLE	1	2	294	91	1.847e-11	{LIW}
sp|P76361|YEER_ECOLI	MULTIPLE	2	325	367	10	3.201e-06	{HC}
sp|P76361|YEER_ECOLI	WHOLE	1	1	510	68	4.978e-04	{L}
sp|P76369|YEEY_ECOLI	SINGLE	1	270	285	4	7.491e-05	{W}
sp|P76389|YEGH_ECOLI	SINGLE	1	13	388	64	6.947e-07	{L}
sp|P76389|YEGH_ECOLI	SINGLE	2	76	99	8	2.122e-06	{F}
sp|P76389|YEGH_ECOLI	SINGLE	3	128	162	10	4.547e-05	{V}
sp|P76389|YEGH_ECOLI	SINGLE	4	4	33	8	6.716e-05	{I}
sp|P76389|YEGH_ECOLI	SINGLE	5	150	170	5	7.041e-05	{M}
sp|P76389|YEGH_ECOLI	SINGLE	6	235	395	19	1.833e-04	{R}
sp|P76389|YEGH_ECOLI	MULTIPLE	1	13	392	186	5.967e-13	{LFVIMR}
sp|P76389|YEGH_ECOLI	WHOLE	1	1	527	77	1.692e-05	{L}
sp|P76417|YEGT_ECOLI	SINGLE	1	9	400	44	4.161e-10	{F}
sp|P76417|YEGT_ECOLI	SINGLE	2	14	28	5	1.898e-06	{W}
sp|P76417|YEGT_ECOLI	SINGLE	3	286	324	9	1.029e-05	{Y}
sp|P76417|YEGT_ECOLI	SINGLE	4	360	397	6	1.464e-04	{M}
sp|P76417|YEGT_ECOLI	SINGLE	5	71	309	38	3.234e-04	{L}
sp|P76417|YEGT_ECOLI	SINGLE	6	389	417	7	3.632e-04	{I}
sp|P76417|YEGT_ECOLI	SINGLE	7	44	118	15	4.422e-04	{A}
sp|P76417|YEGT_ECOLI	MULTIPLE	1	5	410	198	1.957e-16	{FWMLIA}
sp|P76417|YEGT_ECOLI	WHOLE	1	1	425	44	4.782e-09	{F}
sp|P76417|YEGT_ECOLI	WHOLE	2	1	425	20	7.538e-04	{M}
sp|P76419|YEGV_ECOLI	SINGLE	1	187	296	21	7.936e-05	{A}
sp|P76419|YEGV_ECOLI	SINGLE	2	266	305	10	1.776e-04	{G}
sp|P76419|YEGV_ECOLI	MULTIPLE	1	187	308	35	2.331e-05	{AG}
sp|P76419|YEGV_ECOLI	WHOLE	1	1	321	41	6.629e-04	{A}
sp|P76421|YEGX_ECOLI	SINGLE	1	214	234	4	2.285e-04	{W}
sp|P76421|YEGX_ECOLI	SINGLE	2	195	220	6	3.065e-04	{Y}
sp|P76421|YEGX_ECOLI	SINGLE	3	21	99	12	3.571e-04	{I}
sp|P76421|YEGX_ECOLI	SINGLE	4	167	191	7	5.249e-04	{K}
sp|P76421|YEGX_ECOLI	MULTIPLE	1	195	234	10	2.716e-05	{WY}
sp|P76460|ATOE_ECOLI	SINGLE	1	1	419	27	5.984e-07	{M}
sp|P76460|ATOE_ECOLI	SINGLE	2	172	435	28	7.850e-05	{I}
sp|P76460|ATOE_ECOLI	SINGLE	3	374	411	11	9.130e-05	{A}
sp|P76460|ATOE_ECOLI	SINGLE	4	8	440	33	1.366e-04	{F}
sp|P76460|ATOE_ECOLI	SINGLE	5	73	91	7	3.444e-04	{A}
sp|P76460|ATOE_ECOLI	SINGLE	6	95	131	9	3.882e-04	{V}
sp|P76460|ATOE_ECOLI	SINGLE	7	17	38	8	4.250e-04	{L}
sp|P76460|ATOE_ECOLI	SINGLE	8	97	185	15	5.007e-04	{G}
sp|P76460|ATOE_ECOLI	SINGLE	9	290	304	6	5.574e-04	{A}
sp|P76460|ATOE_ECOLI	SINGLE	10	159	236	11	7.275e-04	{P}
sp|P76460|ATOE_ECOLI	MULTIPLE	1	1	440	265	4.892e-19	{MIAFLGP}
sp|P76460|ATOE_ECOLI	WHOLE	1	1	440	27	1.472e-06	{M}
sp|P76460|ATOE_ECOLI	WHOLE	2	1	440	33	1.791e-04	{F}
sp|P76460|ATOE_ECOLI	WHOLE	3	1	440	38	3.313e-04	{I}
sp|P76464|A2MGH_ECOLI	SINGLE	1	950	1166	25	6.570e-06	{Q}
sp|P76464|A2MGH_ECOLI	SINGLE	2	1083	1331	40	7.251e-06	{A}
sp|P76464|A2MGH_ECOLI	SINGLE	3	107	233	18	7.482e-06	{Q}
sp|P76464|A2MGH_ECOLI	SINGLE	4	1121	1141	5	1.175e-05	{W}
sp|P76464|A2MGH_ECOLI	SINGLE	5	829	843	7	3.582e-05	{S}
sp|P76464|A2MGH_ECOLI	SINGLE	6	852	866	6	3.887e-05	{R}
sp|P76464|A2MGH_ECOLI	SINGLE	7	8	66	13	1.842e-04	{S}
sp|P76464|A2MGH_ECOLI	SINGLE	8	72	153	12	3.895e-04	{R}
sp|P76464|A2MGH_ECOLI	SINGLE	9	161	235	11	5.292e-04	{P}
sp|P76464|A2MGH_ECOLI	SINGLE	10	509	618	18	5.658e-04	{S}
sp|P76464|A2MGH_ECOLI	SINGLE	11	208	327	18	6.083e-04	{G}
sp|P76464|A2MGH_ECOLI	SINGLE	12	240	271	8	6.615e-04	{V}
sp|P76464|A2MGH_ECOLI	MULTIPLE	1	950	1331	94	4.040e-09	{QAW}
sp|P76464|A2MGH_ECOLI	MULTIPLE	2	72	235	48	1.306e-07	{QRP}
sp|P76464|A2MGH_ECOLI	MULTIPLE	3	236	300	20	1.155e-04	{GV}
sp|P76464|A2MGH_ECOLI	WHOLE	1	1	1367	84	3.551e-04	{Q}
sp|P76470|RHMT_ECOLI	SINGLE	1	52	405	52	5.329e-06	{A}
sp|P76470|RHMT_ECOLI	SINGLE	2	5	415	62	3.810e-05	{L}
sp|P76470|RHMT_ECOLI	SINGLE	3	20	206	19	1.026e-04	{F}
sp|P76470|RHMT_ECOLI	SINGLE	4	143	190	10	7.919e-04	{G}
sp|P76470|RHMT_ECOLI	MULTIPLE	1	20	405	179	1.671e-15	{ALFG}
sp|P76470|RHMT_ECOLI	WHOLE	1	1	429	59	1.003e-05	{A}
sp|P76470|RHMT_ECOLI	WHOLE	2	1	429	62	1.184e-04	{L}
sp|P76470|RHMT_ECOLI	WHOLE	3	1	429	30	8.978e-04	{F}
sp|P76471|YFAZ_ECOLI	SINGLE	1	26	115	22	5.944e-08	{G}
sp|P76471|YFAZ_ECOLI	SINGLE	2	85	154	10	2.291e-04	{Y}
sp|P76471|YFAZ_ECOLI	MULTIPLE	1	26	162	38	8.655e-09	{GY}
sp|P76471|YFAZ_ECOLI	WHOLE	1	1	180	31	6.836e-07	{G}
sp|P76482|YFBL_ECOLI	SINGLE	1	4	20	6	1.019e-04	{I}
sp|P76482|YFBL_ECOLI	SINGLE	2	6	21	5	2.574e-04	{F}
sp|P76482|YFBL_ECOLI	SINGLE	3	199	218	5	6.634e-04	{Y}
sp|P76482|YFBL_ECOLI	MULTIPLE	1	4	21	11	4.289e-08	{IF}
sp|P76509|YFDM_ECOLI	SINGLE	1	55	83	9	2.189e-04	{A}
sp|P76520|YFDX_ECOLI	SINGLE	1	26	40	8	5.833e-08	{Q}
sp|P76520|YFDX_ECOLI	SINGLE	2	7	197	34	3.696e-06	{A}
sp|P76520|YFDX_ECOLI	SINGLE	3	129	146	6	4.810e-04	{K}
sp|P76520|YFDX_ECOLI	MULTIPLE	1	2	197	53	7.684e-07	{AK}
sp|P76520|YFDX_ECOLI	WHOLE	1	1	211	35	1.257e-05	{A}
sp|P76538|YFEZ_ECOLI	SINGLE	1	17	140	32	4.445e-08	{L}
sp|P76538|YFEZ_ECOLI	SINGLE	2	24	133	8	2.153e-04	{W}
sp|P76538|YFEZ_ECOLI	MULTIPLE	1	17	140	40	6.041e-11	{LW}
sp|P76538|YFEZ_ECOLI	WHOLE	1	1	149	32	3.155e-06	{L}
sp|P76539|YPEA_ECOLI	SINGLE	1	52	82	9	1.103e-04	{G}
sp|P76539|YPEA_ECOLI	SINGLE	2	42	58	6	4.421e-04	{V}
sp|P76539|YPEA_ECOLI	MULTIPLE	1	47	74	13	1.550e-05	{GV}
sp|P76569|YFGD_ECOLI	SINGLE	1	20	83	15	4.035e-04	{L}
sp|P76573|YFGI_ECOLI	SINGLE	1	63	93	14	2.194e-08	{A}
sp|P76573|YFGI_ECOLI	SINGLE	2	23	66	10	1.276e-05	{Q}
sp|P76573|YFGI_ECOLI	SINGLE	3	31	171	21	2.057e-04	{E}
sp|P76573|YFGI_ECOLI	SINGLE	4	71	138	12	6.348e-04	{K}
sp|P76573|YFGI_ECOLI	MULTIPLE	1	28	151	72	3.135e-15	{AQEK}
sp|P76573|YFGI_ECOLI	WHOLE	1	1	179	30	3.887e-05	{A}
sp|P76584|YPHB_ECOLI	SINGLE	1	233	250	6	4.110e-05	{F}
sp|P76584|YPHB_ECOLI	SINGLE	2	156	216	11	4.586e-05	{Q}
sp|P76584|YPHB_ECOLI	SINGLE	3	142	275	17	1.251e-04	{P}
sp|P76584|YPHB_ECOLI	SINGLE	4	80	121	6	2.547e-04	{H}
sp|P76584|YPHB_ECOLI	SINGLE	5	64	206	9	2.584e-04	{W}
sp|P76584|YPHB_ECOLI	SINGLE	6	123	145	7	3.101e-04	{T}
sp|P76584|YPHB_ECOLI	MULTIPLE	1	142	247	27	3.238e-06	{FPW}
sp|P76616|YGAQ_ECOLI	SINGLE	1	4	730	66	1.044e-06	{I}
sp|P76616|YGAQ_ECOLI	SINGLE	2	547	729	23	3.382e-06	{N}
sp|P76616|YGAQ_ECOLI	SINGLE	3	10	46	8	1.281e-04	{N}
sp|P76616|YGAQ_ECOLI	SINGLE	4	454	468	5	2.875e-04	{N}
sp|P76616|YGAQ_ECOLI	SINGLE	5	295	474	23	4.620e-04	{K}
sp|P76616|YGAQ_ECOLI	MULTIPLE	1	4	730	120	2.278e-10	{IN}
sp|P76616|YGAQ_ECOLI	MULTIPLE	2	295	478	35	2.036e-04	{NK}
sp|P76616|YGAQ_ECOLI	WHOLE	1	1	750	66	2.778e-06	{I}
sp|P76616|YGAQ_ECOLI	WHOLE	2	1	750	55	5.557e-05	{N}
sp|P76628|YGAY_ECOLI	SINGLE	1	8	313	61	4.556e-09	{L}
sp|P76628|YGAY_ECOLI	SINGLE	2	11	393	54	1.130e-05	{A}
sp|P76628|YGAY_ECOLI	SINGLE	3	248	274	9	3.375e-05	{G}
sp|P76628|YGAY_ECOLI	SINGLE	4	360	384	4	4.549e-04	{W}
sp|P76628|YGAY_ECOLI	SINGLE	5	72	102	5	4.717e-04	{M}
sp|P76628|YGAY_ECOLI	MULTIPLE	1	11	386	182	2.026e-18	{LAGWM}
sp|P76628|YGAY_ECOLI	WHOLE	1	1	394	67	4.140e-07	{L}
sp|P76628|YGAY_ECOLI	WHOLE	2	1	394	54	2.378e-05	{A}
sp|P76630|YGAZ_ECOLI	SINGLE	1	33	241	33	5.485e-05	{A}
sp|P76630|YGAZ_ECOLI	SINGLE	2	136	152	4	9.652e-05	{W}
sp|P76630|YGAZ_ECOLI	SINGLE	3	34	53	5	7.789e-04	{F}
sp|P76630|YGAZ_ECOLI	MULTIPLE	1	33	241	57	3.536e-08	{AWF}
sp|P76630|YGAZ_ECOLI	WHOLE	1	1	245	35	2.253e-04	{A}
sp|P76633|YGCW_ECOLI	SINGLE	1	137	151	5	5.275e-04	{I}
sp|P76633|YGCW_ECOLI	SINGLE	2	29	43	6	5.574e-04	{A}
sp|P76639|YGEH_ECOLI	SINGLE	1	22	455	46	7.282e-07	{I}
sp|P76639|YGEH_ECOLI	SINGLE	2	111	229	16	4.077e-05	{N}
sp|P76639|YGEH_ECOLI	SINGLE	3	300	327	9	5.211e-04	{L}
sp|P76639|YGEH_ECOLI	WHOLE	1	1	458	46	2.946e-06	{I}
sp|P76656|YQII_ECOLI	SINGLE	1	307	321	7	3.582e-05	{S}
sp|P76656|YQII_ECOLI	SINGLE	2	267	326	9	4.131e-04	{F}
sp|P76656|YQII_ECOLI	SINGLE	3	131	148	6	6.921e-04	{G}
sp|P76656|YQII_ECOLI	MULTIPLE	1	267	331	20	1.177e-05	{SF}
sp|P76657|YQIJ_ECOLI	SINGLE	1	19	109	22	1.439e-05	{L}
sp|P76657|YQIJ_ECOLI	SINGLE	2	15	190	21	1.133e-04	{I}
sp|P76657|YQIJ_ECOLI	SINGLE	3	33	59	5	2.447e-04	{H}
sp|P76657|YQIJ_ECOLI	MULTIPLE	1	12	193	61	6.467e-09	{LIH}
sp|P76657|YQIJ_ECOLI	WHOLE	1	1	209	23	1.803e-04	{I}
sp|P76657|YQIJ_ECOLI	WHOLE	2	1	209	33	7.860e-04	{L}
sp|P77031|YQCE_ECOLI	SINGLE	1	10	374	44	3.807e-08	{I}
sp|P77031|YQCE_ECOLI	SINGLE	2	36	156	12	1.218e-05	{M}
sp|P77031|YQCE_ECOLI	SINGLE	3	296	327	11	6.795e-05	{L}
sp|P77031|YQCE_ECOLI	SINGLE	4	386	400	4	2.419e-04	{M}
sp|P77031|YQCE_ECOLI	SINGLE	5	189	203	5	2.875e-04	{N}
sp|P77031|YQCE_ECOLI	MULTIPLE	1	10	374	62	1.221e-10	{IM}
sp|P77031|YQCE_ECOLI	WHOLE	1	1	425	46	4.148e-07	{I}
sp|P77031|YQCE_ECOLI	WHOLE	2	1	425	24	1.931e-05	{M}
sp|P77169|YAGJ_ECOLI	SINGLE	1	45	120	13	8.176e-04	{E}
sp|P77181|PAAY_ECOLI	SINGLE	1	12	121	18	1.734e-04	{V}
sp|P77181|PAAY_ECOLI	SINGLE	2	27	116	16	1.866e-04	{G}
sp|P77181|PAAY_ECOLI	MULTIPLE	1	8	121	35	5.510e-07	{VG}
sp|P77187|YAHF_ECOLI	SINGLE	1	163	233	18	5.024e-07	{G}
sp|P77188|ECPB_ECOLI	SINGLE	1	27	47	8	5.617e-05	{S}
sp|P77188|ECPB_ECOLI	SINGLE	2	116	179	14	2.676e-04	{A}
sp|P77188|ECPB_ECOLI	SINGLE	3	5	85	17	6.462e-04	{L}
sp|P77188|ECPB_ECOLI	MULTIPLE	1	5	85	31	1.384e-06	{SL}
sp|P77199|YAIT_ECOLI	SINGLE	1	26	819	97	7.166e-20	{N}
sp|P77199|YAIT_ECOLI	SINGLE	2	31	957	112	1.498e-14	{D}
sp|P77199|YAIT_ECOLI	SINGLE	3	18	522	60	7.254e-07	{T}
sp|P77199|YAIT_ECOLI	SINGLE	4	694	952	37	5.785e-06	{G}
sp|P77199|YAIT_ECOLI	SINGLE	5	778	903	15	6.384e-05	{Y}
sp|P77199|YAIT_ECOLI	SINGLE	6	30	177	16	1.140e-04	{Y}
sp|P77199|YAIT_ECOLI	SINGLE	7	204	480	36	2.399e-04	{S}
sp|P77199|YAIT_ECOLI	SINGLE	8	14	28	6	5.574e-04	{A}
sp|P77199|YAIT_ECOLI	SINGLE	9	601	654	12	5.996e-04	{A}
sp|P77199|YAIT_ECOLI	SINGLE	10	394	608	26	9.203e-04	{V}
sp|P77199|YAIT_ECOLI	MULTIPLE	1	29	964	615	3.969e-56	{NDTGYSV}
sp|P77199|YAIT_ECOLI	WHOLE	1	1	968	106	4.098e-18	{N}
sp|P77199|YAIT_ECOLI	WHOLE	2	1	968	112	2.494e-13	{D}
sp|P77199|YAIT_ECOLI	WHOLE	3	1	968	95	3.988e-05	{G}
sp|P77199|YAIT_ECOLI	WHOLE	4	1	968	89	6.326e-05	{T}
sp|P77199|YAIT_ECOLI	WHOLE	5	1	968	58	1.946e-04	{Y}
sp|P77234|YBEQ_ECOLI	SINGLE	1	85	283	36	1.378e-06	{A}
sp|P77234|YBEQ_ECOLI	SINGLE	2	29	303	26	1.305e-05	{Y}
sp|P77234|YBEQ_ECOLI	SINGLE	3	161	261	13	3.121e-04	{Q}
sp|P77234|YBEQ_ECOLI	SINGLE	4	88	279	10	5.182e-04	{W}
sp|P77234|YBEQ_ECOLI	MULTIPLE	1	49	286	92	5.513e-15	{AYQW}
sp|P77234|YBEQ_ECOLI	WHOLE	1	1	325	44	1.448e-04	{A}
sp|P77234|YBEQ_ECOLI	WHOLE	2	1	325	26	1.787e-04	{Y}
sp|P77252|YKGE_ECOLI	SINGLE	1	92	106	6	5.574e-04	{A}
sp|P77260|YDFI_ECOLI	SINGLE	1	78	281	29	3.809e-05	{V}
sp|P77260|YDFI_ECOLI	SINGLE	2	301	325	6	2.450e-04	{Y}
sp|P77260|YDFI_ECOLI	SINGLE	3	58	72	5	2.936e-04	{Q}
sp|P77260|YDFI_ECOLI	SINGLE	4	8	481	56	6.061e-04	{A}
sp|P77260|YDFI_ECOLI	MULTIPLE	1	8	485	101	1.427e-05	{VA}
sp|P77263|ECPE_ECOLI	SINGLE	1	107	129	8	6.507e-06	{R}
sp|P77263|ECPE_ECOLI	SINGLE	2	135	155	8	2.677e-05	{V}
sp|P77263|ECPE_ECOLI	SINGLE	3	98	114	5	2.972e-04	{Y}
sp|P77263|ECPE_ECOLI	MULTIPLE	1	98	129	13	8.406e-07	{RY}
sp|P77277|EUTJ_ECOLI	SINGLE	1	41	78	11	1.691e-05	{V}
sp|P77277|EUTJ_ECOLI	SINGLE	2	140	236	16	4.270e-04	{G}
sp|P77277|EUTJ_ECOLI	SINGLE	3	35	70	8	5.570e-04	{D}
sp|P77277|EUTJ_ECOLI	MULTIPLE	1	34	78	20	5.330e-08	{VD}
sp|P77280|YDJJ_ECOLI	SINGLE	1	95	109	4	7.491e-05	{C}
sp|P77280|YDJJ_ECOLI	SINGLE	2	172	345	20	2.556e-04	{I}
sp|P77280|YDJJ_ECOLI	SINGLE	3	149	254	19	3.607e-04	{A}
sp|P77280|YDJJ_ECOLI	SINGLE	4	143	162	4	7.691e-04	{M}
sp|P77280|YDJJ_ECOLI	MULTIPLE	1	143	345	53	1.356e-05	{IAM}
sp|P77294|YDER_ECOLI	SINGLE	1	12	103	16	1.162e-04	{T}
sp|P77294|YDER_ECOLI	WHOLE	1	1	167	21	9.562e-04	{T}
sp|P77309|YNEJ_ECOLI	SINGLE	1	251	266	5	2.719e-06	{W}
sp|P77309|YNEJ_ECOLI	SINGLE	2	9	23	6	5.574e-04	{A}
sp|P77309|YNEJ_ECOLI	SINGLE	3	197	246	6	6.467e-04	{H}
sp|P77316|YBDR_ECOLI	SINGLE	1	355	380	9	2.064e-05	{E}
sp|P77316|YBDR_ECOLI	SINGLE	2	39	350	39	6.195e-05	{G}
sp|P77316|YBDR_ECOLI	SINGLE	3	90	104	4	7.491e-05	{C}
sp|P77316|YBDR_ECOLI	SINGLE	4	102	269	27	1.714e-04	{A}
sp|P77316|YBDR_ECOLI	SINGLE	5	313	329	5	3.504e-04	{F}
sp|P77316|YBDR_ECOLI	SINGLE	6	7	60	6	9.624e-04	{H}
sp|P77316|YBDR_ECOLI	MULTIPLE	1	102	312	56	1.913e-06	{GA}
sp|P77316|YBDR_ECOLI	WHOLE	1	1	412	46	1.981e-04	{G}
sp|P77328|YBBY_ECOLI	SINGLE	1	32	426	71	2.321e-08	{L}
sp|P77328|YBBY_ECOLI	SINGLE	2	2	389	36	1.320e-06	{F}
sp|P77328|YBBY_ECOLI	SINGLE	3	65	273	29	8.198e-05	{G}
sp|P77328|YBBY_ECOLI	SINGLE	4	207	228	4	2.752e-04	{W}
sp|P77328|YBBY_ECOLI	SINGLE	5	50	69	7	4.883e-04	{A}
sp|P77328|YBBY_ECOLI	SINGLE	6	135	154	4	7.691e-04	{M}
sp|P77328|YBBY_ECOLI	MULTIPLE	1	11	426	156	2.293e-13	{LFGM}
sp|P77328|YBBY_ECOLI	WHOLE	1	1	433	73	1.925e-07	{L}
sp|P77328|YBBY_ECOLI	WHOLE	2	1	433	36	1.365e-05	{F}
sp|P77330|BORD_ECOLI	SINGLE	1	8	87	13	8.660e-04	{T}
sp|P77337|YDIS_ECOLI	SINGLE	1	320	346	11	2.429e-06	{A}
sp|P77337|YDIS_ECOLI	SINGLE	2	358	407	8	1.085e-05	{M}
sp|P77337|YDIS_ECOLI	SINGLE	3	122	316	29	2.465e-05	{G}
sp|P77337|YDIS_ECOLI	SINGLE	4	10	188	25	1.533e-04	{V}
sp|P77337|YDIS_ECOLI	SINGLE	5	8	27	7	4.883e-04	{A}
sp|P77337|YDIS_ECOLI	MULTIPLE	1	8	316	104	7.591e-08	{GVA}
sp|P77337|YDIS_ECOLI	WHOLE	1	1	429	20	8.355e-04	{M}
sp|P77354|YAFU_ECOLI	SINGLE	1	19	38	7	4.883e-04	{A}
sp|P77360|YPHC_ECOLI	SINGLE	1	65	277	36	1.551e-07	{G}
sp|P77360|YPHC_ECOLI	SINGLE	2	188	221	7	6.942e-06	{M}
sp|P77360|YPHC_ECOLI	SINGLE	3	73	114	6	4.925e-05	{C}
sp|P77360|YPHC_ECOLI	SINGLE	4	45	96	6	7.926e-04	{H}
sp|P77360|YPHC_ECOLI	MULTIPLE	1	65	256	55	1.744e-09	{GMCH}
sp|P77360|YPHC_ECOLI	WHOLE	1	1	353	44	2.536e-05	{G}
sp|P77376|YDGJ_ECOLI	SINGLE	1	256	290	9	2.548e-04	{E}
sp|P77376|YDGJ_ECOLI	SINGLE	2	150	164	5	4.635e-04	{R}
sp|P77378|YDIR_ECOLI	SINGLE	1	25	42	7	5.580e-06	{Q}
sp|P77378|YDIR_ECOLI	SINGLE	2	18	222	35	6.793e-06	{A}
sp|P77378|YDIR_ECOLI	MULTIPLE	1	24	222	48	1.413e-06	{QA}
sp|P77378|YDIR_ECOLI	WHOLE	1	1	312	41	3.977e-04	{A}
sp|P77381|DJLB_ECOLI	SINGLE	1	453	470	8	9.209e-07	{I}
sp|P77381|DJLB_ECOLI	SINGLE	2	47	154	20	1.437e-05	{E}
sp|P77381|DJLB_ECOLI	SINGLE	3	434	448	6	3.376e-05	{P}
sp|P77381|DJLB_ECOLI	SINGLE	4	74	420	53	8.833e-05	{L}
sp|P77381|DJLB_ECOLI	SINGLE	5	255	302	8	3.311e-04	{Y}
sp|P77381|DJLB_ECOLI	MULTIPLE	1	42	420	112	7.340e-07	{ELY}
sp|P77381|DJLB_ECOLI	WHOLE	1	1	475	63	8.276e-04	{L}
sp|P77389|YDHP_ECOLI	SINGLE	1	9	377	54	4.061e-06	{A}
sp|P77389|YDHP_ECOLI	SINGLE	2	1	316	20	1.891e-05	{M}
sp|P77389|YDHP_ECOLI	SINGLE	3	13	367	43	5.711e-05	{G}
sp|P77389|YDHP_ECOLI	SINGLE	4	59	286	39	6.567e-05	{L}
sp|P77389|YDHP_ECOLI	SINGLE	5	116	386	33	2.166e-04	{V}
sp|P77389|YDHP_ECOLI	MULTIPLE	1	7	377	210	4.187e-22	{AMGLV}
sp|P77389|YDHP_ECOLI	WHOLE	1	1	389	55	8.848e-06	{A}
sp|P77389|YDHP_ECOLI	WHOLE	2	1	389	22	3.965e-05	{M}
sp|P77389|YDHP_ECOLI	WHOLE	3	1	389	43	3.604e-04	{G}
sp|P77389|YDHP_ECOLI	WHOLE	4	1	389	54	6.622e-04	{L}
sp|P77396|YPDC_ECOLI	SINGLE	1	16	163	32	2.729e-06	{L}
sp|P77402|YDIP_ECOLI	SINGLE	1	155	228	10	3.566e-04	{Y}
sp|P77414|WCAA_ECOLI	SINGLE	1	219	241	7	3.042e-04	{K}
sp|P77414|WCAA_ECOLI	SINGLE	2	7	92	12	7.465e-04	{I}
sp|P77423|HYFH_ECOLI	SINGLE	1	40	85	9	4.169e-08	{C}
sp|P77423|HYFH_ECOLI	SINGLE	2	139	153	5	2.936e-04	{Q}
sp|P77423|HYFH_ECOLI	SINGLE	3	40	54	6	5.574e-04	{A}
sp|P77423|HYFH_ECOLI	WHOLE	1	1	181	13	6.942e-06	{C}
sp|P77433|YKGG_ECOLI	SINGLE	1	38	52	5	2.936e-04	{Q}
sp|P77433|YKGG_ECOLI	SINGLE	2	197	228	7	6.733e-04	{I}
sp|P77495|PRPE_ECOLI	SINGLE	1	520	541	8	3.934e-05	{V}
sp|P77495|PRPE_ECOLI	SINGLE	2	119	166	12	1.988e-04	{A}
sp|P77495|PRPE_ECOLI	SINGLE	3	242	534	34	5.675e-04	{G}
sp|P77495|PRPE_ECOLI	SINGLE	4	285	479	10	5.821e-04	{W}
sp|P77495|PRPE_ECOLI	MULTIPLE	1	242	541	78	9.956e-08	{VGW}
sp|P77504|YBBP_ECOLI	SINGLE	1	244	478	67	1.974e-17	{L}
sp|P77504|YBBP_ECOLI	SINGLE	2	367	391	9	1.426e-05	{V}
sp|P77504|YBBP_ECOLI	SINGLE	3	5	787	28	1.790e-05	{W}
sp|P77504|YBBP_ECOLI	SINGLE	4	322	336	5	4.135e-04	{P}
sp|P77504|YBBP_ECOLI	SINGLE	5	631	709	11	4.472e-04	{Q}
sp|P77504|YBBP_ECOLI	SINGLE	6	531	565	7	5.411e-04	{N}
sp|P77504|YBBP_ECOLI	SINGLE	7	248	262	6	5.574e-04	{A}
sp|P77504|YBBP_ECOLI	SINGLE	8	742	756	6	5.574e-04	{A}
sp|P77504|YBBP_ECOLI	SINGLE	9	15	32	7	6.140e-04	{L}
sp|P77504|YBBP_ECOLI	MULTIPLE	1	244	478	120	4.287e-20	{LVA}
sp|P77504|YBBP_ECOLI	MULTIPLE	2	5	798	170	8.258e-19	{WL}
sp|P77504|YBBP_ECOLI	WHOLE	1	1	804	142	2.949e-14	{L}
sp|P77504|YBBP_ECOLI	WHOLE	2	1	804	28	2.792e-05	{W}
sp|P77515|STFQ_ECOLI	SINGLE	1	147	270	26	5.246e-07	{S}
sp|P77515|STFQ_ECOLI	SINGLE	2	260	294	8	6.620e-07	{H}
sp|P77515|STFQ_ECOLI	SINGLE	3	163	297	23	6.827e-06	{T}
sp|P77515|STFQ_ECOLI	SINGLE	4	12	302	39	1.428e-05	{G}
sp|P77515|STFQ_ECOLI	SINGLE	5	86	105	7	2.016e-05	{P}
sp|P77515|STFQ_ECOLI	SINGLE	6	57	320	37	2.250e-04	{A}
sp|P77515|STFQ_ECOLI	SINGLE	7	299	314	5	4.001e-04	{N}
sp|P77515|STFQ_ECOLI	SINGLE	8	194	210	4	4.036e-04	{H}
sp|P77515|STFQ_ECOLI	MULTIPLE	1	161	297	63	3.848e-17	{SHT}
sp|P77515|STFQ_ECOLI	MULTIPLE	2	12	304	95	1.736e-11	{GAH}
sp|P77515|STFQ_ECOLI	WHOLE	1	1	320	39	1.025e-04	{G}
sp|P77515|STFQ_ECOLI	WHOLE	2	1	320	36	2.281e-04	{T}
sp|P77515|STFQ_ECOLI	WHOLE	3	1	320	42	3.551e-04	{A}
sp|P77515|STFQ_ECOLI	WHOLE	4	1	320	17	5.038e-04	{H}
sp|P77519|YDDL_ECOLI	SINGLE	1	28	53	7	3.644e-04	{D}
sp|P77519|YDDL_ECOLI	SINGLE	2	7	22	6	8.219e-04	{A}
sp|P77528|PEAD_ECOLI	SINGLE	1	10	24	6	5.574e-04	{A}
sp|P77536|YKGF_ECOLI	SINGLE	1	312	372	8	5.380e-06	{C}
sp|P77536|YKGF_ECOLI	SINGLE	2	329	351	8	6.542e-05	{G}
sp|P77536|YKGF_ECOLI	SINGLE	3	390	427	10	4.217e-04	{A}
sp|P77536|YKGF_ECOLI	SINGLE	4	13	401	33	6.100e-04	{R}
sp|P77536|YKGF_ECOLI	SINGLE	5	152	170	4	6.290e-04	{H}
sp|P77536|YKGF_ECOLI	MULTIPLE	1	312	372	17	4.471e-06	{CG}
sp|P77536|YKGF_ECOLI	MULTIPLE	2	13	387	46	7.587e-05	{RH}
sp|P77538|YFHR_ECOLI	SINGLE	1	157	257	14	3.157e-04	{I}
sp|P77538|YFHR_ECOLI	SINGLE	2	5	29	7	6.967e-04	{V}
sp|P77539|YDJL_ECOLI	SINGLE	1	178	235	15	2.536e-06	{V}
sp|P77539|YDJL_ECOLI	SINGLE	2	92	106	5	2.680e-06	{C}
sp|P77539|YDJL_ECOLI	SINGLE	3	8	279	33	3.257e-04	{G}
sp|P77539|YDJL_ECOLI	SINGLE	4	70	94	7	6.967e-04	{V}
sp|P77539|YDJL_ECOLI	SINGLE	5	133	351	22	7.628e-04	{I}
sp|P77539|YDJL_ECOLI	MULTIPLE	1	8	351	102	5.340e-08	{VGI}
sp|P77551|RZPR_ECOLI	SINGLE	1	7	68	16	1.302e-05	{A}
sp|P77551|RZPR_ECOLI	SINGLE	2	82	96	5	2.936e-04	{Q}
sp|P77551|RZPR_ECOLI	SINGLE	3	28	78	9	5.138e-04	{R}
sp|P77551|RZPR_ECOLI	MULTIPLE	1	2	78	27	2.805e-07	{AR}
sp|P77551|RZPR_ECOLI	WHOLE	1	1	99	18	4.230e-04	{A}
sp|P77552|YDHQ_ECOLI	SINGLE	1	12	337	56	4.676e-11	{G}
sp|P77552|YDHQ_ECOLI	WHOLE	1	1	418	63	7.529e-10	{G}
sp|P77554|YAHJ_ECOLI	SINGLE	1	20	36	7	1.565e-04	{A}
sp|P77559|YNFL_ECOLI	SINGLE	1	30	44	6	2.215e-05	{Q}
sp|P77559|YNFL_ECOLI	SINGLE	2	13	84	15	2.861e-04	{A}
sp|P77559|YNFL_ECOLI	SINGLE	3	6	133	16	2.939e-04	{R}
sp|P77559|YNFL_ECOLI	SINGLE	4	160	176	4	4.036e-04	{H}
sp|P77559|YNFL_ECOLI	MULTIPLE	1	22	108	35	1.722e-07	{QAR}
sp|P77562|YAIW_ECOLI	SINGLE	1	222	259	10	4.217e-04	{A}
sp|P77569|MHPR_ECOLI	SINGLE	1	45	222	23	1.112e-05	{R}
sp|P77569|MHPR_ECOLI	SINGLE	2	15	189	33	3.424e-05	{L}
sp|P77569|MHPR_ECOLI	SINGLE	3	104	120	6	4.421e-04	{V}
sp|P77569|MHPR_ECOLI	MULTIPLE	1	13	222	59	4.647e-08	{RL}
sp|P77569|MHPR_ECOLI	WHOLE	1	1	277	29	4.672e-05	{R}
sp|P77588|YDEQ_ECOLI	SINGLE	1	163	177	6	2.158e-05	{N}
sp|P77588|YDEQ_ECOLI	SINGLE	2	2	298	35	3.751e-04	{G}
sp|P77588|YDEQ_ECOLI	MULTIPLE	1	20	291	53	1.237e-05	{NG}
sp|P77588|YDEQ_ECOLI	WHOLE	1	1	304	35	5.515e-04	{G}
sp|P77601|YKGA_ECOLI	SINGLE	1	46	78	8	1.128e-04	{R}
sp|P77601|YKGA_ECOLI	SINGLE	2	185	237	11	2.697e-04	{T}
sp|P77601|YKGA_ECOLI	SINGLE	3	93	193	12	4.367e-04	{F}
sp|P77609|FLXA_ECOLI	SINGLE	1	51	78	8	1.585e-05	{Q}
sp|P77609|FLXA_ECOLI	SINGLE	2	81	97	6	3.418e-04	{K}
sp|P77610|ANSP_ECOLI	SINGLE	1	361	381	8	2.677e-05	{V}
sp|P77610|ANSP_ECOLI	SINGLE	2	25	337	40	3.210e-05	{G}
sp|P77610|ANSP_ECOLI	SINGLE	3	73	442	31	4.201e-05	{F}
sp|P77610|ANSP_ECOLI	SINGLE	4	425	439	7	1.659e-04	{L}
sp|P77610|ANSP_ECOLI	SINGLE	5	482	496	6	2.062e-04	{E}
sp|P77610|ANSP_ECOLI	SINGLE	6	332	346	4	2.419e-04	{M}
sp|P77610|ANSP_ECOLI	SINGLE	7	112	172	6	2.661e-04	{W}
sp|P77610|ANSP_ECOLI	SINGLE	8	124	311	25	3.122e-04	{V}
sp|P77610|ANSP_ECOLI	SINGLE	9	13	151	23	3.131e-04	{A}
sp|P77610|ANSP_ECOLI	SINGLE	10	48	86	11	4.492e-04	{L}
sp|P77610|ANSP_ECOLI	SINGLE	11	449	463	5	5.275e-04	{I}
sp|P77610|ANSP_ECOLI	MULTIPLE	1	13	442	206	1.411e-13	{VFLMWA}
sp|P77610|ANSP_ECOLI	MULTIPLE	2	41	312	95	6.977e-07	{GVL}
sp|P77610|ANSP_ECOLI	WHOLE	1	1	499	34	7.066e-04	{F}
sp|P77616|YQIH_ECOLI	SINGLE	1	163	246	12	1.944e-04	{N}
sp|P77616|YQIH_ECOLI	SINGLE	2	9	35	7	2.287e-04	{I}
sp|P77624|ARCM_ECOLI	SINGLE	1	186	205	7	1.789e-04	{G}
sp|P77624|ARCM_ECOLI	SINGLE	2	173	314	17	4.352e-04	{I}
sp|P77624|ARCM_ECOLI	MULTIPLE	1	173	314	32	9.033e-05	{GI}
sp|P77634|YBCM_ECOLI	SINGLE	1	138	172	11	1.645e-04	{L}
sp|P77634|YBCM_ECOLI	SINGLE	2	9	23	4	2.419e-04	{H}
sp|P77634|YBCM_ECOLI	SINGLE	3	243	264	6	4.110e-04	{R}
sp|P77694|ECPD_ECOLI	SINGLE	1	253	406	27	1.025e-05	{S}
sp|P77694|ECPD_ECOLI	SINGLE	2	43	373	31	3.153e-05	{N}
sp|P77694|ECPD_ECOLI	SINGLE	3	8	506	53	5.325e-05	{T}
sp|P77694|ECPD_ECOLI	SINGLE	4	329	356	7	7.159e-05	{F}
sp|P77694|ECPD_ECOLI	SINGLE	5	155	178	5	1.377e-04	{M}
sp|P77694|ECPD_ECOLI	SINGLE	6	472	524	10	4.704e-04	{D}
sp|P77694|ECPD_ECOLI	SINGLE	7	373	387	5	5.275e-04	{I}
sp|P77694|ECPD_ECOLI	MULTIPLE	1	88	420	132	5.738e-11	{SNTFM}
sp|P77694|ECPD_ECOLI	WHOLE	1	1	547	55	1.485e-04	{T}
sp|P77695|GNSB_ECOLI	SINGLE	1	7	31	8	7.779e-05	{K}
sp|P77698|YBCK_ECOLI	SINGLE	1	98	506	42	4.353e-06	{I}
sp|P77698|YBCK_ECOLI	SINGLE	2	332	346	5	4.635e-04	{R}
sp|P77698|YBCK_ECOLI	WHOLE	1	1	508	47	1.775e-05	{I}
sp|P77699|TFAD_ECOLI	SINGLE	1	82	158	15	8.543e-05	{E}
sp|P77700|YAHB_ECOLI	SINGLE	1	82	241	21	3.017e-05	{I}
sp|P77700|YAHB_ECOLI	SINGLE	2	6	131	18	5.101e-04	{T}
sp|P77700|YAHB_ECOLI	SINGLE	3	233	303	10	7.194e-04	{Q}
sp|P77700|YAHB_ECOLI	MULTIPLE	1	32	209	40	6.783e-06	{IT}
sp|P77700|YAHB_ECOLI	WHOLE	1	1	310	29	4.358e-04	{I}
sp|P77713|YAGH_ECOLI	SINGLE	1	6	362	34	4.610e-05	{P}
sp|P77713|YAGH_ECOLI	SINGLE	2	33	494	19	6.029e-05	{W}
sp|P77713|YAGH_ECOLI	SINGLE	3	132	255	11	7.399e-05	{H}
sp|P77713|YAGH_ECOLI	SINGLE	4	502	523	7	3.432e-04	{G}
sp|P77713|YAGH_ECOLI	SINGLE	5	273	308	9	3.656e-04	{G}
sp|P77713|YAGH_ECOLI	SINGLE	6	442	456	5	4.135e-04	{P}
sp|P77713|YAGH_ECOLI	SINGLE	7	166	185	6	8.986e-04	{T}
sp|P77713|YAGH_ECOLI	MULTIPLE	1	33	463	111	2.166e-09	{PWHG}
sp|P77713|YAGH_ECOLI	WHOLE	1	1	536	19	3.506e-04	{W}
sp|P77713|YAGH_ECOLI	WHOLE	2	1	536	42	4.009e-04	{P}
sp|P77714|YDIT_ECOLI	SINGLE	1	61	75	4	7.491e-05	{C}
sp|P77714|YDIT_ECOLI	SINGLE	2	19	39	4	9.292e-04	{H}
sp|P77717|YBAY_ECOLI	SINGLE	1	7	33	11	2.429e-06	{A}
sp|P77717|YBAY_ECOLI	SINGLE	2	132	176	10	2.850e-04	{T}
sp|P77717|YBAY_ECOLI	SINGLE	3	50	184	20	2.961e-04	{V}
sp|P77717|YBAY_ECOLI	SINGLE	4	29	187	18	3.190e-04	{P}
sp|P77717|YBAY_ECOLI	SINGLE	5	41	58	5	7.334e-04	{Q}
sp|P77717|YBAY_ECOLI	MULTIPLE	1	7	189	64	1.546e-09	{APQ}
sp|P77717|YBAY_ECOLI	MULTIPLE	2	50	188	36	1.177e-05	{TV}
sp|P77717|YBAY_ECOLI	WHOLE	1	1	190	30	1.111e-04	{A}
sp|P77721|YDJF_ECOLI	SINGLE	1	107	121	7	1.659e-04	{L}
sp|P77726|YAJR_ECOLI	SINGLE	1	50	183	21	2.044e-06	{I}
sp|P77726|YAJR_ECOLI	SINGLE	2	334	374	12	7.794e-06	{G}
sp|P77726|YAJR_ECOLI	SINGLE	3	264	314	13	1.348e-05	{V}
sp|P77726|YAJR_ECOLI	SINGLE	4	86	122	11	7.039e-05	{A}
sp|P77726|YAJR_ECOLI	SINGLE	5	9	114	18	1.413e-04	{G}
sp|P77726|YAJR_ECOLI	SINGLE	6	1	40	6	1.947e-04	{M}
sp|P77726|YAJR_ECOLI	SINGLE	7	416	430	6	2.062e-04	{E}
sp|P77726|YAJR_ECOLI	MULTIPLE	1	39	175	60	4.717e-11	{IAG}
sp|P77726|YAJR_ECOLI	WHOLE	1	1	454	39	3.115e-04	{I}
sp|P77726|YAJR_ECOLI	WHOLE	2	1	454	54	6.321e-04	{A}
sp|P77730|YDCR_ECOLI	SINGLE	1	358	377	8	1.937e-06	{R}
sp|P77730|YDCR_ECOLI	SINGLE	2	177	419	43	1.390e-05	{L}
sp|P77730|YDCR_ECOLI	SINGLE	3	60	119	10	3.404e-04	{P}
sp|P77730|YDCR_ECOLI	SINGLE	4	5	69	10	3.634e-04	{Q}
sp|P77730|YDCR_ECOLI	MULTIPLE	1	5	129	26	2.850e-05	{PQ}
sp|P77732|RHMR_ECOLI	SINGLE	1	44	103	17	1.479e-05	{L}
sp|P77732|RHMR_ECOLI	SINGLE	2	14	37	7	1.037e-04	{I}
sp|P77732|RHMR_ECOLI	SINGLE	3	119	138	7	2.968e-04	{S}
sp|P77732|RHMR_ECOLI	SINGLE	4	148	175	6	9.375e-04	{Q}
sp|P77739|KT3K_ECOLI	SINGLE	1	108	278	21	1.292e-05	{Q}
sp|P77739|KT3K_ECOLI	SINGLE	2	185	254	11	2.964e-04	{P}
sp|P77739|KT3K_ECOLI	SINGLE	3	11	28	6	6.250e-04	{E}
sp|P77739|KT3K_ECOLI	MULTIPLE	1	108	278	35	2.213e-06	{QP}
sp|P77739|KT3K_ECOLI	WHOLE	1	1	286	24	9.295e-04	{Q}
sp|P77746|YBDO_ECOLI	SINGLE	1	17	277	32	1.566e-06	{I}
sp|P77746|YBDO_ECOLI	WHOLE	1	1	300	33	1.035e-05	{I}
sp|P77779|YBFO_ECOLI	SINGLE	1	341	452	21	4.181e-08	{P}
sp|P77779|YBFO_ECOLI	SINGLE	2	6	150	24	8.994e-08	{R}
sp|P77779|YBFO_ECOLI	SINGLE	3	274	441	19	1.584e-05	{Y}
sp|P77779|YBFO_ECOLI	SINGLE	4	41	55	4	2.419e-04	{H}
sp|P77779|YBFO_ECOLI	SINGLE	5	259	273	5	2.936e-04	{Q}
sp|P77779|YBFO_ECOLI	SINGLE	6	13	72	9	3.204e-04	{Y}
sp|P77779|YBFO_ECOLI	SINGLE	7	84	107	4	3.879e-04	{W}
sp|P77779|YBFO_ECOLI	MULTIPLE	1	259	452	61	6.803e-12	{PYQ}
sp|P77779|YBFO_ECOLI	MULTIPLE	2	2	126	43	8.523e-11	{RHYW}
sp|P77779|YBFO_ECOLI	WHOLE	1	1	477	41	1.324e-04	{R}
sp|P77779|YBFO_ECOLI	WHOLE	2	1	477	39	2.893e-04	{P}
sp|P77779|YBFO_ECOLI	WHOLE	3	1	477	33	3.685e-04	{Y}
sp|P77789|YDES_ECOLI	SINGLE	1	19	79	12	8.787e-04	{S}
sp|P77802|ECPC_ECOLI	SINGLE	1	212	693	64	6.826e-08	{G}
sp|P77802|ECPC_ECOLI	SINGLE	2	431	779	37	3.911e-07	{N}
sp|P77802|ECPC_ECOLI	SINGLE	3	440	460	9	6.304e-06	{S}
sp|P77802|ECPC_ECOLI	SINGLE	4	167	199	9	6.876e-06	{N}
sp|P77802|ECPC_ECOLI	SINGLE	5	504	524	7	7.349e-06	{Y}
sp|P77802|ECPC_ECOLI	SINGLE	6	13	142	18	1.031e-05	{Q}
sp|P77802|ECPC_ECOLI	SINGLE	7	122	143	9	6.698e-05	{L}
sp|P77802|ECPC_ECOLI	SINGLE	8	156	283	22	8.052e-05	{S}
sp|P77802|ECPC_ECOLI	SINGLE	9	6	22	5	3.504e-04	{F}
sp|P77802|ECPC_ECOLI	SINGLE	10	364	405	5	3.585e-04	{W}
sp|P77802|ECPC_ECOLI	MULTIPLE	1	156	736	230	1.659e-18	{GNSYW}
sp|P77802|ECPC_ECOLI	MULTIPLE	2	3	143	46	5.341e-06	{QLF}
sp|P77802|ECPC_ECOLI	WHOLE	1	1	841	90	2.951e-06	{G}
sp|P77802|ECPC_ECOLI	WHOLE	2	1	841	61	3.262e-05	{N}
sp|P77802|ECPC_ECOLI	WHOLE	3	1	841	85	4.031e-04	{S}
sp|P77808|CINAL_ECOLI	SINGLE	1	166	293	23	8.047e-04	{L}
sp|Q2EET2|YPFN_ECOLI	SINGLE	1	47	62	8	7.437e-07	{D}
sp|Q2EET2|YPFN_ECOLI	SINGLE	2	25	66	10	1.553e-04	{K}
sp|Q2EET2|YPFN_ECOLI	MULTIPLE	1	25	66	20	8.146e-09	{DK}
sp|Q2EET2|YPFN_ECOLI	WHOLE	1	1	66	11	7.252e-04	{D}
sp|Q2M5U1|YTJA_ECOLI	SINGLE	1	12	31	9	7.656e-06	{A}
sp|Q46755|SIRB2_ECOLI	SINGLE	1	83	119	9	5.196e-05	{I}
sp|Q46755|SIRB2_ECOLI	SINGLE	2	7	129	24	2.008e-04	{L}
sp|Q46755|SIRB2_ECOLI	MULTIPLE	1	7	129	38	9.941e-07	{IL}
sp|Q46755|SIRB2_ECOLI	WHOLE	1	1	130	24	4.439e-04	{L}
sp|Q46790|PBL_ECOLI	SINGLE	1	11	112	15	1.059e-04	{I}
sp|Q46790|PBL_ECOLI	SINGLE	2	8	23	5	2.574e-04	{F}
sp|Q46790|PBL_ECOLI	SINGLE	3	26	138	14	2.673e-04	{N}
sp|Q46790|PBL_ECOLI	MULTIPLE	1	16	115	26	6.856e-07	{IN}
sp|Q46795|YGEO_ECOLI	SINGLE	1	1	15	5	2.875e-04	{N}
sp|Q46797|YGEQ_ECOLI	SINGLE	1	85	118	9	1.434e-04	{T}
sp|Q46807|ARCL_ECOLI	SINGLE	1	159	194	9	3.141e-04	{V}
sp|Q46807|ARCL_ECOLI	SINGLE	2	188	203	6	3.425e-04	{G}
sp|Q46807|ARCL_ECOLI	SINGLE	3	204	296	17	5.565e-04	{A}
sp|Q46807|ARCL_ECOLI	MULTIPLE	1	174	194	11	1.713e-05	{VG}
sp|Q46812|SSNA_ECOLI	SINGLE	1	196	300	11	1.660e-05	{H}
sp|Q46812|SSNA_ECOLI	SINGLE	2	286	306	6	1.796e-04	{N}
sp|Q46812|SSNA_ECOLI	SINGLE	3	319	360	7	9.333e-04	{F}
sp|Q46819|YGFS_ECOLI	SINGLE	1	12	133	16	1.377e-10	{C}
sp|Q46819|YGFS_ECOLI	SINGLE	2	77	152	11	3.231e-04	{Q}
sp|Q46819|YGFS_ECOLI	SINGLE	3	139	153	5	4.635e-04	{R}
sp|Q46819|YGFS_ECOLI	MULTIPLE	1	77	153	19	3.442e-05	{QR}
sp|Q46819|YGFS_ECOLI	WHOLE	1	1	162	16	8.762e-09	{C}
sp|Q46832|YGHD_ECOLI	SINGLE	1	58	73	5	4.085e-04	{Q}
sp|Q46833|YGHE_ECOLI	SINGLE	1	33	50	4	1.600e-04	{C}
sp|Q46833|YGHE_ECOLI	SINGLE	2	162	271	13	6.813e-04	{Q}
sp|Q46834|YGHF_ECOLI	SINGLE	1	94	114	6	1.841e-04	{Q}
sp|Q46834|YGHF_ECOLI	SINGLE	2	73	224	22	2.173e-04	{V}
sp|Q46834|YGHF_ECOLI	SINGLE	3	194	229	10	2.669e-04	{A}
sp|Q46834|YGHF_ECOLI	MULTIPLE	1	72	229	55	6.757e-07	{QVA}
sp|Q46835|YGHG_ECOLI	SINGLE	1	64	130	15	9.533e-06	{T}
sp|Q46840|YGHO_ECOLI	SINGLE	1	1	15	4	2.419e-04	{M}
sp|Q46840|YGHO_ECOLI	SINGLE	2	35	49	5	4.135e-04	{P}
sp|Q46840|YGHO_ECOLI	SINGLE	3	33	390	32	4.978e-04	{I}
sp|Q46840|YGHO_ECOLI	SINGLE	4	307	384	11	8.838e-04	{R}
sp|Q46840|YGHO_ECOLI	MULTIPLE	1	33	384	74	1.863e-04	{PIR}
sp|Q46840|YGHO_ECOLI	WHOLE	1	1	390	33	9.700e-04	{I}
sp|Q46841|YGHQ_ECOLI	SINGLE	1	183	252	7	7.585e-05	{W}
sp|Q46841|YGHQ_ECOLI	SINGLE	2	4	296	25	1.537e-04	{F}
sp|Q46841|YGHQ_ECOLI	SINGLE	3	136	289	25	2.434e-04	{A}
sp|Q46841|YGHQ_ECOLI	MULTIPLE	1	2	289	73	1.505e-08	{WFA}
sp|Q46841|YGHQ_ECOLI	WHOLE	1	1	355	26	9.798e-04	{F}
sp|Q46844|YGHT_ECOLI	SINGLE	1	92	106	7	2.514e-06	{R}
sp|Q46861|YGIQ_ECOLI	SINGLE	1	245	371	20	1.472e-06	{P}
sp|Q46861|YGIQ_ECOLI	SINGLE	2	68	739	58	7.751e-06	{R}
sp|Q46861|YGIQ_ECOLI	SINGLE	3	370	418	10	9.703e-05	{I}
sp|Q46861|YGIQ_ECOLI	SINGLE	4	386	464	7	2.438e-04	{C}
sp|Q46861|YGIQ_ECOLI	SINGLE	5	38	263	25	4.973e-04	{D}
sp|Q46861|YGIQ_ECOLI	SINGLE	6	265	304	9	4.976e-04	{K}
sp|Q46861|YGIQ_ECOLI	SINGLE	7	694	720	7	8.695e-04	{T}
sp|Q46861|YGIQ_ECOLI	MULTIPLE	1	76	739	110	3.286e-09	{PR}
sp|Q46861|YGIQ_ECOLI	MULTIPLE	2	370	464	19	8.097e-06	{IC}
sp|Q46861|YGIQ_ECOLI	WHOLE	1	1	739	59	2.779e-05	{P}
sp|Q46861|YGIQ_ECOLI	WHOLE	2	1	739	60	2.988e-05	{R}
sp|Q46867|YGIZ_ECOLI	SINGLE	1	62	108	9	6.394e-05	{F}
sp|Q46867|YGIZ_ECOLI	SINGLE	2	85	103	4	1.525e-04	{W}
sp|Q46867|YGIZ_ECOLI	SINGLE	3	6	72	11	3.167e-04	{I}
sp|Q46867|YGIZ_ECOLI	MULTIPLE	1	6	108	32	5.432e-09	{FWI}
sp|Q46867|YGIZ_ECOLI	WHOLE	1	1	110	13	2.766e-04	{F}
sp|Q46888|LTND_ECOLI	SINGLE	1	21	202	41	4.853e-10	{A}
sp|Q46888|LTND_ECOLI	SINGLE	2	69	251	24	4.804e-04	{V}
sp|Q46888|LTND_ECOLI	SINGLE	3	4	20	6	4.943e-04	{G}
sp|Q46888|LTND_ECOLI	MULTIPLE	1	41	217	59	1.055e-10	{AV}
sp|Q46888|LTND_ECOLI	WHOLE	1	1	302	53	1.866e-08	{A}
sp|Q46889|OTNK_ECOLI	SINGLE	1	212	350	29	7.419e-07	{A}
sp|Q46889|OTNK_ECOLI	SINGLE	2	62	78	6	5.013e-05	{Q}
sp|Q46889|OTNK_ECOLI	SINGLE	3	176	343	18	2.581e-04	{Q}
sp|Q46889|OTNK_ECOLI	SINGLE	4	221	257	9	4.511e-04	{G}
sp|Q46889|OTNK_ECOLI	MULTIPLE	1	171	350	52	1.076e-09	{AQ}
sp|Q46889|OTNK_ECOLI	WHOLE	1	1	388	50	1.803e-04	{A}
sp|Q46892|YGBN_ECOLI	SINGLE	1	4	251	32	5.276e-07	{I}
sp|Q46892|YGBN_ECOLI	SINGLE	2	44	84	12	7.794e-06	{G}
sp|Q46892|YGBN_ECOLI	SINGLE	3	10	406	56	7.976e-06	{A}
sp|Q46892|YGBN_ECOLI	SINGLE	4	6	41	13	8.491e-06	{L}
sp|Q46892|YGBN_ECOLI	SINGLE	5	260	445	35	2.179e-05	{L}
sp|Q46892|YGBN_ECOLI	SINGLE	6	110	132	6	1.831e-04	{F}
sp|Q46892|YGBN_ECOLI	SINGLE	7	316	336	7	2.204e-04	{V}
sp|Q46892|YGBN_ECOLI	SINGLE	8	431	447	6	3.477e-04	{T}
sp|Q46892|YGBN_ECOLI	SINGLE	9	140	164	6	7.403e-04	{P}
sp|Q46892|YGBN_ECOLI	MULTIPLE	1	6	446	285	3.494e-26	{IGALVP}
sp|Q46892|YGBN_ECOLI	WHOLE	1	1	454	46	2.345e-06	{I}
sp|Q46892|YGBN_ECOLI	WHOLE	2	1	454	68	2.219e-05	{L}
sp|Q46892|YGBN_ECOLI	WHOLE	3	1	454	58	8.184e-05	{A}
sp|Q46892|YGBN_ECOLI	WHOLE	4	1	454	50	1.554e-04	{G}
sp|Q46904|YGCN_ECOLI	SINGLE	1	21	423	62	2.204e-05	{L}
sp|Q46904|YGCN_ECOLI	SINGLE	2	352	410	6	2.225e-04	{W}
sp|Q46904|YGCN_ECOLI	SINGLE	3	397	411	4	2.419e-04	{H}
sp|Q46904|YGCN_ECOLI	SINGLE	4	111	200	15	4.625e-04	{E}
sp|Q46904|YGCN_ECOLI	SINGLE	5	1	15	5	5.275e-04	{I}
sp|Q46904|YGCN_ECOLI	MULTIPLE	1	28	423	86	3.637e-07	{LWH}
sp|Q46904|YGCN_ECOLI	WHOLE	1	1	423	62	8.240e-05	{L}
sp|Q46905|YGCO_ECOLI	SINGLE	1	50	64	4	7.491e-05	{C}
sp|Q46906|YGCP_ECOLI	SINGLE	1	26	154	18	4.773e-05	{I}
sp|Q46906|YGCP_ECOLI	WHOLE	1	1	191	20	7.750e-04	{I}
sp|Q46907|YGCQ_ECOLI	SINGLE	1	171	278	20	1.407e-05	{V}
sp|Q46907|YGCQ_ECOLI	SINGLE	2	4	262	39	3.776e-05	{A}
sp|Q46907|YGCQ_ECOLI	SINGLE	3	175	240	12	8.742e-04	{G}
sp|Q46907|YGCQ_ECOLI	MULTIPLE	1	4	283	74	4.808e-08	{VA}
sp|Q46907|YGCQ_ECOLI	WHOLE	1	1	286	41	7.219e-05	{A}
sp|Q46907|YGCQ_ECOLI	WHOLE	2	1	286	33	5.230e-04	{V}
sp|Q46909|YGCS_ECOLI	SINGLE	1	64	429	73	1.628e-10	{L}
sp|Q46909|YGCS_ECOLI	SINGLE	2	87	103	6	2.852e-05	{F}
sp|Q46909|YGCS_ECOLI	SINGLE	3	212	236	5	1.683e-04	{H}
sp|Q46909|YGCS_ECOLI	SINGLE	4	26	163	21	1.990e-04	{G}
sp|Q46909|YGCS_ECOLI	SINGLE	5	152	269	8	3.410e-04	{W}
sp|Q46909|YGCS_ECOLI	SINGLE	6	38	119	12	4.964e-04	{I}
sp|Q46909|YGCS_ECOLI	MULTIPLE	1	23	420	192	2.253e-17	{LFHGWI}
sp|Q46909|YGCS_ECOLI	WHOLE	1	1	445	80	3.407e-09	{L}
sp|Q46942|YQEI_ECOLI	SINGLE	1	105	267	20	1.920e-05	{N}
sp|Q46942|YQEI_ECOLI	SINGLE	2	75	165	14	1.091e-04	{I}
sp|Q46942|YQEI_ECOLI	SINGLE	3	90	156	7	5.422e-04	{H}
sp|Q46942|YQEI_ECOLI	MULTIPLE	1	69	257	50	6.366e-09	{NIH}
sp|Q46942|YQEI_ECOLI	WHOLE	1	1	269	26	7.454e-05	{N}
sp|Q47147|YAFJ_ECOLI	SINGLE	1	21	45	9	1.687e-05	{G}
sp|Q47147|YAFJ_ECOLI	SINGLE	2	217	236	6	8.986e-04	{T}
sp|Q47153|LFHA_ECOLI	SINGLE	1	87	390	31	7.098e-05	{I}
sp|Q47153|LFHA_ECOLI	SINGLE	2	393	578	33	1.088e-04	{L}
sp|Q47153|LFHA_ECOLI	SINGLE	3	22	142	22	1.127e-04	{A}
sp|Q47153|LFHA_ECOLI	SINGLE	4	480	494	5	2.875e-04	{N}
sp|Q47153|LFHA_ECOLI	SINGLE	5	495	527	7	3.857e-04	{Q}
sp|Q47153|LFHA_ECOLI	SINGLE	6	220	237	6	4.891e-04	{T}
sp|Q47153|LFHA_ECOLI	SINGLE	7	212	242	8	5.357e-04	{E}
sp|Q47153|LFHA_ECOLI	MULTIPLE	1	22	381	77	1.771e-06	{IA}
sp|Q47153|LFHA_ECOLI	MULTIPLE	2	476	494	10	5.068e-05	{LN}
sp|Q47153|LFHA_ECOLI	MULTIPLE	3	212	237	13	3.978e-06	{TE}
sp|Q47153|LFHA_ECOLI	WHOLE	1	1	579	74	8.988e-04	{L}
sp|Q47154|LAFU_ECOLI	SINGLE	1	183	208	7	8.095e-05	{Q}
sp|Q47154|LAFU_ECOLI	SINGLE	2	9	24	6	2.357e-04	{K}
sp|Q47154|LAFU_ECOLI	SINGLE	3	106	120	5	2.875e-04	{N}
sp|Q47154|LAFU_ECOLI	SINGLE	4	138	153	4	3.155e-04	{M}
sp|Q47158|YAFP_ECOLI	SINGLE	1	5	43	8	1.928e-04	{Q}
sp|Q47158|YAFP_ECOLI	SINGLE	2	4	78	11	8.064e-04	{I}
sp|Q47158|YAFP_ECOLI	MULTIPLE	1	4	78	21	2.205e-06	{QI}
sp|Q47274|REQ1_ECOLI	SINGLE	1	42	56	4	7.491e-05	{C}
sp|Q47274|REQ1_ECOLI	SINGLE	2	51	119	7	6.437e-04	{M}
sp|Q47274|REQ1_ECOLI	MULTIPLE	1	42	119	13	5.795e-06	{CM}
sp|Q47534|YAIO_ECOLI	SINGLE	1	127	208	13	9.779e-06	{Y}
sp|Q47534|YAIO_ECOLI	SINGLE	2	69	241	23	2.837e-04	{T}
sp|Q47534|YAIO_ECOLI	SINGLE	3	8	26	7	3.444e-04	{A}
sp|Q47534|YAIO_ECOLI	MULTIPLE	1	121	206	25	4.709e-07	{YT}
sp|Q47534|YAIO_ECOLI	WHOLE	1	1	257	29	7.415e-04	{T}
sp|Q47536|YAIP_ECOLI	SINGLE	1	224	269	11	7.292e-06	{R}
sp|Q47536|YAIP_ECOLI	SINGLE	2	281	345	13	1.816e-04	{V}
sp|Q47536|YAIP_ECOLI	SINGLE	3	216	352	9	1.898e-04	{W}
sp|Q47536|YAIP_ECOLI	SINGLE	4	267	328	9	5.233e-04	{F}
sp|Q47536|YAIP_ECOLI	MULTIPLE	1	245	269	10	1.179e-06	{RW}
sp|Q47536|YAIP_ECOLI	MULTIPLE	2	267	345	22	8.908e-06	{VF}
sp|Q47679|YAFV_ECOLI	SINGLE	1	49	82	10	1.622e-04	{A}
sp|Q47679|YAFV_ECOLI	SINGLE	2	218	236	7	3.444e-04	{A}
sp|Q47679|YAFV_ECOLI	SINGLE	3	131	173	5	3.996e-04	{W}
sp|Q47679|YAFV_ECOLI	SINGLE	4	103	119	4	4.036e-04	{H}
sp|Q47684|YAFW_ECOLI	SINGLE	1	66	80	4	2.419e-04	{H}
sp|Q47685|YKFG_ECOLI	SINGLE	1	29	109	9	5.931e-05	{H}
sp|Q47685|YKFG_ECOLI	SINGLE	2	16	60	9	2.010e-04	{R}
sp|Q47685|YKFG_ECOLI	MULTIPLE	1	16	109	21	1.245e-06	{HR}
sp|Q47685|YKFG_ECOLI	WHOLE	1	1	158	11	5.568e-04	{H}
sp|Q47688|YKFC_ECOLI	SINGLE	1	8	359	40	3.249e-07	{R}
sp|Q47688|YKFC_ECOLI	SINGLE	2	253	273	4	2.285e-04	{W}
sp|Q47688|YKFC_ECOLI	MULTIPLE	1	8	348	48	1.042e-07	{RW}
sp|Q47688|YKFC_ECOLI	WHOLE	1	1	381	41	9.320e-07	{R}
sp|Q47718|INSO2_ECOLI	SINGLE	1	17	88	12	1.179e-04	{R}
sp|Q47718|INSO2_ECOLI	SINGLE	2	113	162	5	7.919e-04	{W}
sp|Q47718|INSO2_ECOLI	WHOLE	1	1	198	20	8.474e-04	{R}
sp|Q79E92|YKGN_ECOLI	SINGLE	1	89	106	4	1.600e-04	{C}
sp|A5A607|YLCI_ECOLI	SINGLE	1	6	54	9	3.829e-04	{R}
sp|A5A611|YMGI_ECOLI	SINGLE	1	8	57	14	7.614e-08	{I}
sp|A5A611|YMGI_ECOLI	WHOLE	1	1	57	14	4.385e-07	{I}
sp|A5A612|YMGJ_ECOLI	SINGLE	1	3	34	7	5.709e-04	{R}
sp|A5A613|YCIY_ECOLI	SINGLE	1	3	39	12	7.922e-08	{R}
sp|A5A613|YCIY_ECOLI	WHOLE	1	1	57	13	1.973e-06	{R}
sp|A5A617|YDGU_ECOLI	SINGLE	1	6	20	5	5.275e-04	{I}
sp|A5A619|YOJO_ECOLI	SINGLE	1	35	54	6	2.742e-04	{I}
sp|A5A625|YIBV_ECOLI	SINGLE	1	2	43	12	5.149e-05	{A}
sp|A5A625|YIBV_ECOLI	SINGLE	2	76	109	8	7.356e-04	{K}
sp|A8DYQ1|YTHA_ECOLI	SINGLE	1	5	35	7	1.411e-04	{F}
sp|A8DYQ1|YTHA_ECOLI	WHOLE	1	1	41	7	8.092e-04	{F}
sp|C1P5Z9|YMIB_ECOLI	SINGLE	1	14	29	5	2.574e-04	{F}
sp|C1P612|YQCG_ECOLI	SINGLE	1	10	28	5	6.080e-04	{F}
sp|P02338|PRTL_ECOLI	SINGLE	1	10	29	8	1.937e-06	{R}
sp|P02338|PRTL_ECOLI	WHOLE	1	1	29	9	4.981e-06	{R}
sp|P08370|YGDB_ECOLI	SINGLE	1	10	24	9	1.324e-06	{L}
sp|P08370|YGDB_ECOLI	SINGLE	2	25	80	11	2.038e-05	{Q}
sp|P08370|YGDB_ECOLI	SINGLE	3	28	44	6	7.634e-04	{S}
sp|P08370|YGDB_ECOLI	MULTIPLE	1	25	73	18	3.401e-06	{QS}
sp|P09154|YMFS_ECOLI	SINGLE	1	94	117	8	8.059e-04	{L}
sp|P09996|YIDB_ECOLI	SINGLE	1	20	113	12	5.497e-04	{Q}
sp|P09996|YIDB_ECOLI	SINGLE	2	2	83	14	6.567e-04	{G}
sp|P09996|YIDB_ECOLI	SINGLE	3	35	130	19	6.815e-04	{L}
sp|P09996|YIDB_ECOLI	MULTIPLE	1	29	130	43	2.421e-07	{QGL}
sp|P0A828|SMG_ECOLI	SINGLE	1	10	153	23	3.879e-05	{E}
sp|P0A828|SMG_ECOLI	SINGLE	2	44	131	19	2.341e-04	{L}
sp|P0A828|SMG_ECOLI	MULTIPLE	1	5	156	50	7.608e-08	{EL}
sp|P0A828|SMG_ECOLI	WHOLE	1	1	157	23	1.391e-04	{E}
sp|P0A828|SMG_ECOLI	WHOLE	2	1	157	27	6.229e-04	{L}
sp|P0A8E5|YACL_ECOLI	SINGLE	1	22	104	17	1.593e-05	{E}
sp|P0A8E5|YACL_ECOLI	WHOLE	1	1	120	18	4.908e-04	{E}
sp|P0A8K5|YAEP_ECOLI	SINGLE	1	38	56	9	4.569e-06	{A}
sp|P0A8L5|YCGN_ECOLI	SINGLE	1	29	78	8	1.171e-06	{C}
sp|P0A8L5|YCGN_ECOLI	WHOLE	1	1	153	9	6.708e-04	{C}
sp|P0A8R4|SLYX_ECOLI	SINGLE	1	7	37	8	5.357e-04	{E}
sp|P0AA97|YAEQ_ECOLI	SINGLE	1	111	125	5	2.936e-04	{Q}
sp|P0AA97|YAEQ_ECOLI	SINGLE	2	47	177	8	6.638e-04	{W}
sp|P0AA97|YAEQ_ECOLI	MULTIPLE	1	113	132	8	8.075e-06	{QW}
sp|P0AAL9|YKGJ_ECOLI	SINGLE	1	7	97	10	1.914e-06	{C}
sp|P0AAL9|YKGJ_ECOLI	WHOLE	1	1	109	10	9.505e-06	{C}
sp|P0AAN5|YAIA_ECOLI	SINGLE	1	2	45	8	7.168e-04	{P}
sp|P0AAQ6|YBAA_ECOLI	SINGLE	1	86	106	5	7.041e-05	{M}
sp|P0AAQ6|YBAA_ECOLI	SINGLE	2	10	27	7	2.360e-04	{A}
sp|P0AAQ6|YBAA_ECOLI	SINGLE	3	61	77	6	4.457e-04	{E}
sp|P0AAT9|YBEL_ECOLI	SINGLE	1	10	103	18	2.338e-05	{E}
sp|P0AAT9|YBEL_ECOLI	SINGLE	2	9	57	10	7.704e-05	{R}
sp|P0AAT9|YBEL_ECOLI	SINGLE	3	110	133	5	1.377e-04	{H}
sp|P0AAT9|YBEL_ECOLI	SINGLE	4	127	148	4	3.587e-04	{C}
sp|P0AAT9|YBEL_ECOLI	MULTIPLE	1	9	103	30	7.465e-08	{ER}
sp|P0AAT9|YBEL_ECOLI	MULTIPLE	2	110	150	10	2.022e-06	{HC}
sp|P0AAT9|YBEL_ECOLI	WHOLE	1	1	160	22	4.348e-04	{E}
sp|P0AAU5|YBFB_ECOLI	SINGLE	1	50	106	15	6.517e-08	{I}
sp|P0AAU5|YBFB_ECOLI	SINGLE	2	13	30	8	8.554e-05	{L}
sp|P0AAU5|YBFB_ECOLI	WHOLE	1	1	108	20	2.470e-07	{I}
sp|P0AAV6|YBGS_ECOLI	SINGLE	1	13	54	15	2.829e-07	{A}
sp|P0AAV6|YBGS_ECOLI	SINGLE	2	32	115	15	2.329e-06	{N}
sp|P0AAV6|YBGS_ECOLI	MULTIPLE	1	29	64	18	2.935e-08	{AN}
sp|P0AAV6|YBGS_ECOLI	WHOLE	1	1	126	15	2.546e-04	{N}
sp|P0AAV8|YBHH_ECOLI	SINGLE	1	39	53	6	2.293e-04	{G}
sp|P0AAV8|YBHH_ECOLI	SINGLE	2	34	310	27	3.620e-04	{I}
sp|P0AAV8|YBHH_ECOLI	SINGLE	3	73	199	18	9.050e-04	{V}
sp|P0AAV8|YBHH_ECOLI	MULTIPLE	1	34	310	81	1.775e-06	{GIV}
sp|P0AAW1|YBHP_ECOLI	SINGLE	1	54	252	15	2.799e-05	{H}
sp|P0AAW1|YBHP_ECOLI	WHOLE	1	1	253	16	1.164e-04	{H}
sp|P0AAY4|YBJH_ECOLI	SINGLE	1	25	59	14	1.333e-08	{V}
sp|P0AAY4|YBJH_ECOLI	SINGLE	2	75	94	5	5.484e-05	{H}
sp|P0AAY4|YBJH_ECOLI	SINGLE	3	39	71	8	9.503e-05	{P}
sp|P0AAY4|YBJH_ECOLI	SINGLE	4	1	21	4	9.292e-04	{M}
sp|P0AAY4|YBJH_ECOLI	MULTIPLE	1	25	73	24	4.570e-11	{VP}
sp|P0AAY4|YBJH_ECOLI	WHOLE	1	1	94	18	2.293e-05	{V}
sp|P0AB03|YCBJ_ECOLI	SINGLE	1	110	295	11	9.930e-05	{W}
sp|P0AB03|YCBJ_ECOLI	SINGLE	2	46	283	24	3.093e-04	{R}
sp|P0AB03|YCBJ_ECOLI	SINGLE	3	155	296	26	3.096e-04	{L}
sp|P0AB03|YCBJ_ECOLI	MULTIPLE	1	55	296	69	1.079e-07	{WRL}
sp|P0AB03|YCBJ_ECOLI	WHOLE	1	1	297	13	4.321e-04	{W}
sp|P0AB46|YMGD_ECOLI	SINGLE	1	37	63	8	6.718e-04	{A}
sp|P0ACV8|YMJA_ECOLI	SINGLE	1	15	81	14	6.674e-05	{E}
sp|P0ACV8|YMJA_ECOLI	WHOLE	1	1	81	14	4.851e-04	{E}
sp|P0ACW0|YDAF_ECOLI	SINGLE	1	23	39	7	3.611e-05	{T}
sp|P0ACW2|YDBJ_ECOLI	SINGLE	1	3	82	17	9.468e-05	{A}
sp|P0ACW2|YDBJ_ECOLI	WHOLE	1	1	88	17	2.970e-04	{A}
sp|P0ACW8|YDFA_ECOLI	SINGLE	1	23	37	6	1.598e-04	{T}
sp|P0AD05|YECA_ECOLI	SINGLE	1	46	166	21	2.410e-05	{E}
sp|P0AD05|YECA_ECOLI	SINGLE	2	205	219	4	7.491e-05	{C}
sp|P0AD05|YECA_ECOLI	WHOLE	1	1	221	28	3.244e-04	{E}
sp|P0AD07|YECF_ECOLI	SINGLE	1	25	45	5	7.041e-05	{M}
sp|P0AD10|YECJ_ECOLI	SINGLE	1	12	37	8	1.470e-04	{V}
sp|P0AD10|YECJ_ECOLI	SINGLE	2	55	70	6	8.219e-04	{A}
sp|P0AD21|YEJG_ECOLI	SINGLE	1	72	95	4	5.044e-04	{C}
sp|P0AD33|YFCZ_ECOLI	SINGLE	1	4	26	5	2.640e-05	{C}
sp|P0AD33|YFCZ_ECOLI	WHOLE	1	1	94	7	6.745e-04	{C}
sp|P0AD37|YFEC_ECOLI	SINGLE	1	67	108	11	8.588e-04	{L}
sp|P0AD53|YGAC_ECOLI	SINGLE	1	8	22	6	2.045e-04	{V}
sp|P0AD74|LPF2_ECOLI	WHOLE	1	1	14	5	1.278e-04	{F}
sp|P0ADK0|YIAF_ECOLI	SINGLE	1	59	236	27	1.271e-08	{Q}
sp|P0ADK0|YIAF_ECOLI	SINGLE	2	122	234	20	3.081e-04	{A}
sp|P0ADK0|YIAF_ECOLI	MULTIPLE	1	57	236	51	3.127e-09	{QA}
sp|P0ADK0|YIAF_ECOLI	WHOLE	1	1	236	29	3.692e-07	{Q}
sp|P0ADL3|YICN_ECOLI	SINGLE	1	11	46	9	3.141e-04	{V}
sp|P0ADL3|YICN_ECOLI	SINGLE	2	70	141	10	7.986e-04	{Q}
sp|P0ADM6|YIDX_ECOLI	SINGLE	1	119	181	9	4.571e-04	{Y}
sp|P0ADM6|YIDX_ECOLI	SINGLE	2	22	57	9	6.572e-04	{S}
sp|P0ADP9|YIHD_ECOLI	SINGLE	1	39	75	8	6.711e-04	{D}
sp|P0ADS9|YGGN_ECOLI	SINGLE	1	23	215	21	7.217e-05	{Q}
sp|P0ADS9|YGGN_ECOLI	SINGLE	2	1	16	4	3.155e-04	{M}
sp|P0ADS9|YGGN_ECOLI	SINGLE	3	6	20	6	5.574e-04	{A}
sp|P0ADS9|YGGN_ECOLI	MULTIPLE	1	1	20	10	6.557e-06	{MA}
sp|P0ADU7|YQIB_ECOLI	SINGLE	1	48	64	6	3.477e-04	{T}
sp|P0ADU7|YQIB_ECOLI	SINGLE	2	1	17	4	4.036e-04	{M}
sp|P0ADV5|YHBW_ECOLI	SINGLE	1	243	278	8	1.083e-04	{Q}
sp|P0ADV5|YHBW_ECOLI	SINGLE	2	131	150	6	5.140e-04	{D}
sp|P0ADV5|YHBW_ECOLI	SINGLE	3	151	166	5	5.733e-04	{P}
sp|P0ADW8|YHEV_ECOLI	SINGLE	1	13	38	4	6.870e-04	{C}
sp|P0ADX1|YHFA_ECOLI	SINGLE	1	25	42	4	5.076e-04	{M}
sp|P0ADX5|YHFG_ECOLI	SINGLE	1	11	26	5	6.419e-04	{R}
sp|P0AF34|YIIR_ECOLI	SINGLE	1	6	99	10	1.382e-06	{W}
sp|P0AF34|YIIR_ECOLI	WHOLE	1	1	146	10	6.200e-05	{W}
sp|P0AF48|YJBQ_ECOLI	SINGLE	1	37	51	7	1.659e-04	{L}
sp|P0AF48|YJBQ_ECOLI	SINGLE	2	39	125	8	5.223e-04	{H}
sp|P0AF56|YJCO_ECOLI	SINGLE	1	15	165	29	4.016e-06	{A}
sp|P0AF56|YJCO_ECOLI	WHOLE	1	1	229	33	2.793e-04	{A}
sp|P0AF70|YJEI_ECOLI	SINGLE	1	8	96	16	1.647e-04	{G}
sp|P0AF70|YJEI_ECOLI	SINGLE	2	91	106	6	5.323e-04	{S}
sp|P0AF70|YJEI_ECOLI	MULTIPLE	1	18	100	27	7.850e-06	{GS}
sp|P0AF73|YJET_ECOLI	SINGLE	1	7	22	7	2.677e-04	{L}
sp|P0AF76|YJFI_ECOLI	SINGLE	1	30	62	8	1.369e-04	{I}
sp|P0AFT8|YEIW_ECOLI	SINGLE	1	3	64	8	6.078e-06	{C}
sp|P0AFT8|YEIW_ECOLI	SINGLE	2	14	32	6	1.511e-04	{P}
sp|P0AFT8|YEIW_ECOLI	MULTIPLE	1	3	54	16	5.747e-08	{CP}
sp|P0AFT8|YEIW_ECOLI	WHOLE	1	1	84	8	5.496e-05	{C}
sp|P0DN74|YTIA_ECOLI	SINGLE	1	41	76	5	2.398e-04	{C}
sp|P0DPC8|YMCF_ECOLI	SINGLE	1	9	37	5	8.455e-05	{C}
sp|P0DPC9|YNFQ_ECOLI	SINGLE	1	9	37	5	8.455e-05	{C}
sp|P0DPM8|YKGS_ECOLI	SINGLE	1	1	21	4	9.292e-04	{M}
sp|P0DPN0|YAHV_ECOLI	SINGLE	1	4	23	8	2.396e-06	{I}
sp|P0DPN0|YAHV_ECOLI	WHOLE	1	1	24	8	1.143e-05	{I}
sp|P0DPN3|YLCJ_ECOLI	SINGLE	1	3	34	10	3.353e-04	{L}
sp|P0DPN3|YLCJ_ECOLI	WHOLE	1	1	49	12	9.543e-04	{L}
sp|P0DPN4|YLDA_ECOLI	SINGLE	1	4	18	5	5.275e-04	{I}
sp|P0DPN9|YMGL_ECOLI	SINGLE	1	14	31	5	7.186e-04	{N}
sp|P0DPO0|YMGM_ECOLI	SINGLE	1	28	46	6	5.773e-05	{F}
sp|P0DPO0|YMGM_ECOLI	SINGLE	2	8	22	6	5.574e-04	{A}
sp|P0DPO0|YMGM_ECOLI	SINGLE	3	34	53	4	7.691e-04	{H}
sp|P0DPO0|YMGM_ECOLI	MULTIPLE	1	28	53	10	1.364e-06	{FH}
sp|P0DPO1|YMIC_ECOLI	SINGLE	1	9	27	4	1.525e-04	{W}
sp|P0DPO1|YMIC_ECOLI	SINGLE	2	1	19	4	6.290e-04	{M}
sp|P0DPO1|YMIC_ECOLI	MULTIPLE	1	1	27	8	3.591e-06	{WM}
sp|P0DPO2|YMJE_ECOLI	SINGLE	1	2	29	8	2.702e-05	{P}
sp|P0DPO2|YMJE_ECOLI	SINGLE	2	33	47	5	4.635e-04	{R}
sp|P0DPO2|YMJE_ECOLI	WHOLE	1	1	54	9	6.530e-04	{P}
sp|P0DPO3|YNAL_ECOLI	SINGLE	1	10	41	16	1.431e-13	{P}
sp|P0DPO3|YNAL_ECOLI	SINGLE	2	41	55	5	4.635e-04	{R}
sp|P0DPO3|YNAL_ECOLI	WHOLE	1	1	57	16	4.170e-09	{P}
sp|P0DPO4|YNAM_ECOLI	SINGLE	1	4	28	9	1.565e-06	{I}
sp|P0DPO4|YNAM_ECOLI	WHOLE	1	1	37	9	5.196e-05	{I}
sp|P0DPO5|YNCO_ECOLI	SINGLE	1	45	60	5	1.688e-05	{H}
sp|P0DPO5|YNCO_ECOLI	SINGLE	2	19	33	5	1.842e-04	{F}
sp|P0DPP5|YQFI_ECOLI	SINGLE	1	3	27	7	5.249e-04	{K}
sp|P0DPP5|YQFI_ECOLI	WHOLE	1	1	27	7	8.537e-04	{K}
sp|P0DSF0|YMID_ECOLI	SINGLE	1	17	38	6	1.158e-04	{Y}
sp|P0DSF1|YNAN_ECOLI	SINGLE	1	1	15	5	4.635e-04	{R}
sp|P0DSF1|YNAN_ECOLI	WHOLE	1	1	15	5	4.635e-04	{R}
sp|P0DSF4|YNFU_ECOLI	SINGLE	1	17	44	5	7.111e-05	{C}
sp|P0DSG2|YQGG_ECOLI	SINGLE	1	4	31	4	9.111e-04	{C}
sp|P0DSH4|YIBY_ECOLI	SINGLE	1	1	20	4	7.691e-04	{M}
sp|P0DUW2|YNHH_ECOLI	SINGLE	1	12	39	6	2.490e-05	{H}
sp|P0DUW2|YNHH_ECOLI	SINGLE	2	4	48	8	9.717e-04	{R}
sp|P0DUW2|YNHH_ECOLI	MULTIPLE	1	4	41	13	8.151e-07	{HR}
sp|P0DUW2|YNHH_ECOLI	WHOLE	1	1	64	7	4.138e-04	{H}
sp|P11289|YFIL_ECOLI	SINGLE	1	32	59	8	9.041e-05	{D}
sp|P11864|YHAC_ECOLI	SINGLE	1	39	312	35	2.108e-07	{I}
sp|P11864|YHAC_ECOLI	SINGLE	2	9	374	38	4.612e-07	{N}
sp|P11864|YHAC_ECOLI	SINGLE	3	367	389	7	1.435e-05	{Y}
sp|P11864|YHAC_ECOLI	SINGLE	4	228	383	25	1.793e-05	{E}
sp|P11864|YHAC_ECOLI	SINGLE	5	149	170	7	1.188e-04	{D}
sp|P11864|YHAC_ECOLI	MULTIPLE	1	7	376	136	4.253e-12	{INED}
sp|P11864|YHAC_ECOLI	WHOLE	1	1	395	39	1.118e-06	{N}
sp|P11864|YHAC_ECOLI	WHOLE	2	1	395	40	9.632e-06	{I}
sp|P11865|YHAB_ECOLI	SINGLE	1	6	102	15	6.050e-05	{I}
sp|P11865|YHAB_ECOLI	SINGLE	2	117	138	4	3.587e-04	{C}
sp|P11865|YHAB_ECOLI	SINGLE	3	22	54	7	3.754e-04	{N}
sp|P11865|YHAB_ECOLI	SINGLE	4	8	24	4	4.036e-04	{H}
sp|P11865|YHAB_ECOLI	MULTIPLE	1	6	102	30	1.581e-07	{INH}
sp|P11865|YHAB_ECOLI	WHOLE	1	1	179	20	3.620e-04	{I}
sp|P17994|YFAA_ECOLI	SINGLE	1	366	438	13	1.139e-05	{Q}
sp|P17994|YFAA_ECOLI	SINGLE	2	23	161	29	1.496e-05	{L}
sp|P17994|YFAA_ECOLI	SINGLE	3	166	182	6	7.634e-04	{S}
sp|P19768|INSJ_ECOLI	SINGLE	1	142	157	5	6.419e-04	{R}
sp|P20343|CYSX_ECOLI	SINGLE	1	2	97	18	5.236e-07	{R}
sp|P20343|CYSX_ECOLI	SINGLE	2	35	50	7	2.265e-05	{T}
sp|P20343|CYSX_ECOLI	SINGLE	3	4	96	9	1.680e-04	{H}
sp|P20343|CYSX_ECOLI	SINGLE	4	74	107	5	1.828e-04	{C}
sp|P20343|CYSX_ECOLI	SINGLE	5	14	98	11	7.802e-04	{N}
sp|P20343|CYSX_ECOLI	MULTIPLE	1	2	109	56	1.971e-14	{RTHCN}
sp|P20343|CYSX_ECOLI	WHOLE	1	1	130	18	3.700e-05	{R}
sp|P21363|YCIE_ECOLI	SINGLE	1	32	157	17	1.120e-04	{I}
sp|P21418|YDFC_ECOLI	SINGLE	1	28	65	11	9.130e-05	{A}
sp|P23305|YIGA_ECOLI	SINGLE	1	68	228	33	6.241e-06	{L}
sp|P23305|YIGA_ECOLI	SINGLE	2	33	155	17	6.025e-05	{R}
sp|P23305|YIGA_ECOLI	MULTIPLE	1	85	175	32	2.362e-07	{LR}
sp|P23305|YIGA_ECOLI	WHOLE	1	1	235	38	2.373e-04	{L}
sp|P24238|YEBB_ECOLI	SINGLE	1	66	102	8	2.577e-04	{R}
sp|P24238|YEBB_ECOLI	SINGLE	2	155	176	4	2.752e-04	{W}
sp|P24238|YEBB_ECOLI	SINGLE	3	3	42	8	5.322e-04	{I}
sp|P24238|YEBB_ECOLI	SINGLE	4	109	159	8	6.260e-04	{F}
sp|P24238|YEBB_ECOLI	MULTIPLE	1	109	165	11	1.634e-04	{WF}
sp|P24252|YBGA_ECOLI	SINGLE	1	18	106	10	2.161e-05	{H}
sp|P24252|YBGA_ECOLI	WHOLE	1	1	169	12	2.750e-04	{H}
sp|P25666|HTRL_ECOLI	SINGLE	1	51	92	9	1.446e-04	{I}
sp|P25728|YGBA_ECOLI	SINGLE	1	48	64	4	1.265e-04	{C}
sp|P25728|YGBA_ECOLI	SINGLE	2	55	115	10	3.882e-04	{P}
sp|P25728|YGBA_ECOLI	MULTIPLE	1	48	115	14	5.420e-05	{CP}
sp|P25907|YDBD_ECOLI	SINGLE	1	55	231	21	2.004e-05	{N}
sp|P25907|YDBD_ECOLI	SINGLE	2	247	749	73	3.254e-05	{L}
sp|P25907|YDBD_ECOLI	SINGLE	3	83	166	14	4.619e-05	{I}
sp|P25907|YDBD_ECOLI	SINGLE	4	179	584	20	4.478e-04	{M}
sp|P25907|YDBD_ECOLI	SINGLE	5	365	669	31	5.047e-04	{D}
sp|P25907|YDBD_ECOLI	MULTIPLE	1	54	231	41	2.481e-08	{NI}
sp|P25907|YDBD_ECOLI	MULTIPLE	2	195	749	143	4.396e-08	{LMD}
sp|P25907|YDBD_ECOLI	WHOLE	1	1	768	53	2.792e-04	{N}
sp|P25907|YDBD_ECOLI	WHOLE	2	1	768	97	3.236e-04	{L}
sp|P27840|YIGE_ECOLI	SINGLE	1	5	28	9	1.452e-04	{L}
sp|P27840|YIGE_ECOLI	SINGLE	2	66	139	13	7.630e-04	{G}
sp|P27842|YIGF_ECOLI	SINGLE	1	19	67	9	8.901e-05	{F}
sp|P27842|YIGF_ECOLI	SINGLE	2	66	91	9	2.859e-04	{L}
sp|P27842|YIGF_ECOLI	SINGLE	3	52	99	9	4.017e-04	{I}
sp|P27842|YIGF_ECOLI	MULTIPLE	1	19	99	19	4.682e-05	{FI}
sp|P28911|YHHH_ECOLI	SINGLE	1	99	120	6	4.771e-04	{I}
sp|P28911|YHHH_ECOLI	SINGLE	2	79	96	6	6.250e-04	{E}
sp|P28915|YBFC_ECOLI	SINGLE	1	6	43	8	8.073e-05	{F}
sp|P29009|YDFB_ECOLI	SINGLE	1	8	23	7	3.063e-05	{E}
sp|P29009|YDFB_ECOLI	SINGLE	2	26	40	6	3.585e-04	{S}
sp|P29010|YDFD_ECOLI	SINGLE	1	6	25	7	1.571e-04	{V}
sp|P29013|YCGB_ECOLI	SINGLE	1	374	400	7	5.588e-05	{F}
sp|P29013|YCGB_ECOLI	SINGLE	2	159	260	18	6.876e-05	{E}
sp|P29013|YCGB_ECOLI	SINGLE	3	395	480	13	1.690e-04	{R}
sp|P29013|YCGB_ECOLI	SINGLE	4	28	335	25	1.878e-04	{Y}
sp|P29013|YCGB_ECOLI	SINGLE	5	154	266	14	7.126e-04	{R}
sp|P29013|YCGB_ECOLI	SINGLE	6	5	33	7	7.282e-04	{D}
sp|P29013|YCGB_ECOLI	SINGLE	7	409	446	7	8.898e-04	{N}
sp|P29013|YCGB_ECOLI	MULTIPLE	1	149	235	31	1.259e-06	{EYR}
sp|P29013|YCGB_ECOLI	MULTIPLE	2	395	471	20	9.709e-06	{RN}
sp|P30866|YAFE_ECOLI	SINGLE	1	13	39	9	1.207e-04	{A}
sp|P31062|NOHD_ECOLI	SINGLE	1	52	85	10	3.518e-05	{E}
sp|P31121|MARB_ECOLI	SINGLE	1	20	38	7	1.092e-04	{V}
sp|P31121|MARB_ECOLI	SINGLE	2	7	21	6	5.574e-04	{A}
sp|P31121|MARB_ECOLI	MULTIPLE	1	7	38	14	4.486e-05	{VA}
sp|P31443|YIDF_ECOLI	SINGLE	1	97	130	6	1.437e-05	{C}
sp|P31443|YIDF_ECOLI	SINGLE	2	144	163	5	5.484e-05	{M}
sp|P31455|YIDR_ECOLI	SINGLE	1	59	382	22	2.633e-06	{H}
sp|P31455|YIDR_ECOLI	SINGLE	2	128	306	20	1.891e-04	{P}
sp|P31455|YIDR_ECOLI	SINGLE	3	38	199	23	2.115e-04	{V}
sp|P31455|YIDR_ECOLI	MULTIPLE	1	38	395	87	8.819e-09	{HPV}
sp|P31455|YIDR_ECOLI	WHOLE	1	1	415	23	3.670e-05	{H}
sp|P31991|YDCD_ECOLI	SINGLE	1	27	150	18	5.072e-06	{N}
sp|P31991|YDCD_ECOLI	SINGLE	2	130	144	6	1.017e-05	{Y}
sp|P31991|YDCD_ECOLI	SINGLE	3	4	104	16	2.646e-05	{I}
sp|P31991|YDCD_ECOLI	MULTIPLE	1	4	150	49	1.401e-10	{NYI}
sp|P31991|YDCD_ECOLI	WHOLE	1	1	160	18	1.378e-04	{N}
sp|P31991|YDCD_ECOLI	WHOLE	2	1	160	19	2.388e-04	{I}
sp|P32106|YIBG_ECOLI	SINGLE	1	132	150	7	8.069e-05	{K}
sp|P32106|YIBG_ECOLI	SINGLE	2	72	128	10	1.204e-04	{N}
sp|P32106|YIBG_ECOLI	SINGLE	3	30	46	4	4.036e-04	{M}
sp|P32106|YIBG_ECOLI	SINGLE	4	38	118	10	7.107e-04	{Y}
sp|P32106|YIBG_ECOLI	MULTIPLE	1	64	126	17	5.602e-06	{NY}
sp|P32108|YIBI_ECOLI	SINGLE	1	12	32	7	4.055e-05	{I}
sp|P32108|YIBI_ECOLI	SINGLE	2	49	75	5	4.261e-05	{W}
sp|P32108|YIBI_ECOLI	SINGLE	3	2	19	5	4.662e-04	{F}
sp|P32108|YIBI_ECOLI	SINGLE	4	26	56	5	4.717e-04	{H}
sp|P32108|YIBI_ECOLI	MULTIPLE	1	12	45	15	8.667e-07	{IFH}
sp|P32109|YIBJ_ECOLI	SINGLE	1	101	139	8	7.628e-05	{Y}
sp|P32128|YIHF_ECOLI	SINGLE	1	35	175	16	9.818e-05	{F}
sp|P32128|YIHF_ECOLI	SINGLE	2	58	458	31	7.168e-04	{N}
sp|P32128|YIHF_ECOLI	MULTIPLE	1	35	474	59	6.878e-05	{FN}
sp|P32151|YIIG_ECOLI	SINGLE	1	33	66	10	2.053e-06	{P}
sp|P32151|YIIG_ECOLI	SINGLE	2	35	58	9	4.300e-05	{A}
sp|P32151|YIIG_ECOLI	MULTIPLE	1	33	66	20	1.889e-10	{PA}
sp|P32160|YIIQ_ECOLI	SINGLE	1	16	31	7	2.265e-05	{T}
sp|P32160|YIIQ_ECOLI	SINGLE	2	115	129	6	5.574e-04	{A}
sp|P32162|YIIS_ECOLI	SINGLE	1	50	64	6	5.574e-04	{A}
sp|P32167|YIIX_ECOLI	SINGLE	1	99	161	10	2.835e-04	{Q}
sp|P32680|YJAG_ECOLI	SINGLE	1	111	187	17	5.740e-06	{E}
sp|P32680|YJAG_ECOLI	WHOLE	1	1	196	25	5.663e-04	{E}
sp|P32681|YJAH_ECOLI	SINGLE	1	53	195	19	4.036e-05	{R}
sp|P32681|YJAH_ECOLI	SINGLE	2	118	193	12	7.921e-05	{Q}
sp|P32681|YJAH_ECOLI	SINGLE	3	12	28	7	4.133e-04	{L}
sp|P32681|YJAH_ECOLI	MULTIPLE	1	105	161	19	2.923e-07	{RQ}
sp|P32685|YJBD_ECOLI	SINGLE	1	43	71	9	3.677e-05	{K}
sp|P32688|YJBG_ECOLI	SINGLE	1	67	99	12	3.445e-06	{A}
sp|P32688|YJBG_ECOLI	SINGLE	2	130	163	8	1.185e-04	{P}
sp|P32688|YJBG_ECOLI	SINGLE	3	74	113	8	2.305e-04	{Q}
sp|P32688|YJBG_ECOLI	MULTIPLE	1	67	106	20	5.225e-09	{AQ}
sp|P32690|YJBI_ECOLI	SINGLE	1	169	361	27	8.074e-07	{I}
sp|P32690|YJBI_ECOLI	SINGLE	2	61	392	35	8.767e-07	{N}
sp|P32690|YJBI_ECOLI	SINGLE	3	32	363	30	1.440e-05	{F}
sp|P32690|YJBI_ECOLI	SINGLE	4	13	388	39	8.354e-05	{D}
sp|P32690|YJBI_ECOLI	SINGLE	5	6	125	9	1.199e-04	{C}
sp|P32690|YJBI_ECOLI	MULTIPLE	1	4	368	152	1.119e-20	{INFDC}
sp|P32690|YJBI_ECOLI	WHOLE	1	1	442	39	1.397e-05	{N}
sp|P32690|YJBI_ECOLI	WHOLE	2	1	442	42	2.531e-05	{I}
sp|P32690|YJBI_ECOLI	WHOLE	3	1	442	34	9.430e-05	{F}
sp|P32693|YJBL_ECOLI	SINGLE	1	37	71	9	3.263e-05	{I}
sp|P32693|YJBL_ECOLI	SINGLE	2	13	43	7	2.524e-04	{N}
sp|P32693|YJBL_ECOLI	MULTIPLE	1	13	74	18	6.258e-06	{IN}
sp|P32693|YJBL_ECOLI	WHOLE	1	1	84	12	6.109e-04	{I}
sp|P32694|YJBM_ECOLI	SINGLE	1	8	26	7	4.166e-05	{D}
sp|P32694|YJBM_ECOLI	SINGLE	2	105	120	6	5.323e-04	{S}
sp|P32694|YJBM_ECOLI	WHOLE	1	1	235	25	8.337e-04	{D}
sp|P32700|YJCB_ECOLI	SINGLE	1	1	90	8	6.489e-04	{M}
sp|P32700|YJCB_ECOLI	WHOLE	1	1	93	8	7.970e-04	{M}
sp|P32704|YJCF_ECOLI	SINGLE	1	4	386	50	3.770e-12	{N}
sp|P32704|YJCF_ECOLI	SINGLE	2	29	122	18	1.222e-05	{K}
sp|P32704|YJCF_ECOLI	SINGLE	3	62	212	19	1.169e-04	{I}
sp|P32704|YJCF_ECOLI	SINGLE	4	169	364	19	1.829e-04	{F}
sp|P32704|YJCF_ECOLI	SINGLE	5	184	426	14	6.901e-04	{M}
sp|P32704|YJCF_ECOLI	SINGLE	6	374	389	5	7.294e-04	{I}
sp|P32704|YJCF_ECOLI	MULTIPLE	1	1	426	132	2.416e-16	{NIFM}
sp|P32704|YJCF_ECOLI	WHOLE	1	1	430	51	7.624e-11	{N}
sp|P32704|YJCF_ECOLI	WHOLE	2	1	430	36	7.449e-04	{I}
sp|P33227|STFE_ECOLI	SINGLE	1	21	35	6	3.376e-05	{P}
sp|P33346|YEHI_ECOLI	SINGLE	1	275	1041	115	7.613e-08	{L}
sp|P33346|YEHI_ECOLI	SINGLE	2	350	471	19	3.101e-06	{P}
sp|P33346|YEHI_ECOLI	SINGLE	3	375	848	21	9.445e-06	{W}
sp|P33346|YEHI_ECOLI	SINGLE	4	367	967	46	8.480e-05	{Q}
sp|P33346|YEHI_ECOLI	SINGLE	5	803	828	9	8.726e-05	{A}
sp|P33346|YEHI_ECOLI	SINGLE	6	270	291	8	1.455e-04	{A}
sp|P33346|YEHI_ECOLI	SINGLE	7	146	160	5	1.557e-04	{Y}
sp|P33346|YEHI_ECOLI	SINGLE	8	882	1183	29	1.908e-04	{R}
sp|P33346|YEHI_ECOLI	SINGLE	9	101	115	5	2.936e-04	{Q}
sp|P33346|YEHI_ECOLI	SINGLE	10	224	335	9	6.301e-04	{H}
sp|P33346|YEHI_ECOLI	SINGLE	11	928	948	5	9.823e-04	{F}
sp|P33346|YEHI_ECOLI	MULTIPLE	1	270	1074	412	1.107e-22	{LPWQARH}
sp|P33346|YEHI_ECOLI	WHOLE	1	1	1210	161	6.337e-07	{L}
sp|P33346|YEHI_ECOLI	WHOLE	2	1	1210	32	8.158e-04	{W}
sp|P33347|YEHK_ECOLI	SINGLE	1	41	56	6	5.920e-05	{R}
sp|P33347|YEHK_ECOLI	SINGLE	2	55	76	6	8.827e-04	{D}
sp|P33347|YEHK_ECOLI	MULTIPLE	1	41	81	15	6.205e-06	{RD}
sp|P33352|YEHP_ECOLI	SINGLE	1	11	210	26	2.903e-06	{R}
sp|P33352|YEHP_ECOLI	SINGLE	2	335	373	10	5.227e-04	{A}
sp|P33352|YEHP_ECOLI	SINGLE	3	47	64	6	6.921e-04	{G}
sp|P33352|YEHP_ECOLI	SINGLE	4	218	331	17	7.117e-04	{V}
sp|P33352|YEHP_ECOLI	SINGLE	5	4	133	23	9.813e-04	{L}
sp|P33352|YEHP_ECOLI	MULTIPLE	1	4	210	54	1.815e-06	{RL}
sp|P33669|YBBD_ECOLI	SINGLE	1	12	27	8	2.997e-07	{I}
sp|P33669|YBBD_ECOLI	SINGLE	2	29	46	5	3.959e-04	{Y}
sp|P33669|YBBD_ECOLI	SINGLE	3	56	85	6	8.147e-04	{F}
sp|P33669|YBBD_ECOLI	WHOLE	1	1	86	14	5.965e-05	{I}
sp|P36661|YCCE_ECOLI	SINGLE	1	58	75	8	7.119e-06	{E}
sp|P36661|YCCE_ECOLI	SINGLE	2	4	414	36	3.226e-05	{N}
sp|P36661|YCCE_ECOLI	SINGLE	3	88	191	15	1.309e-04	{I}
sp|P36661|YCCE_ECOLI	SINGLE	4	345	369	8	2.213e-04	{S}
sp|P36661|YCCE_ECOLI	SINGLE	5	151	184	8	3.747e-04	{D}
sp|P36661|YCCE_ECOLI	SINGLE	6	291	317	6	4.578e-04	{F}
sp|P36661|YCCE_ECOLI	SINGLE	7	376	416	7	6.587e-04	{Y}
sp|P36661|YCCE_ECOLI	MULTIPLE	1	4	418	148	3.659e-10	{NIDFY}
sp|P36661|YCCE_ECOLI	WHOLE	1	1	418	36	4.464e-05	{N}
sp|P36677|YHDN_ECOLI	SINGLE	1	31	116	19	1.741e-04	{L}
sp|P36677|YHDN_ECOLI	WHOLE	1	1	122	22	9.685e-04	{L}
sp|P36682|YACH_ECOLI	SINGLE	1	394	584	41	1.578e-17	{Q}
sp|P36682|YACH_ECOLI	SINGLE	2	400	617	39	1.086e-12	{R}
sp|P36682|YACH_ECOLI	SINGLE	3	308	325	9	4.433e-11	{H}
sp|P36682|YACH_ECOLI	SINGLE	4	302	317	9	3.892e-08	{D}
sp|P36682|YACH_ECOLI	SINGLE	5	329	368	11	6.142e-07	{N}
sp|P36682|YACH_ECOLI	SINGLE	6	205	276	15	8.292e-07	{P}
sp|P36682|YACH_ECOLI	SINGLE	7	77	194	18	2.686e-06	{Q}
sp|P36682|YACH_ECOLI	SINGLE	8	13	148	26	1.283e-05	{A}
sp|P36682|YACH_ECOLI	SINGLE	9	34	291	35	1.874e-05	{V}
sp|P36682|YACH_ECOLI	SINGLE	10	185	233	12	2.788e-05	{T}
sp|P36682|YACH_ECOLI	SINGLE	11	406	431	8	5.129e-04	{A}
sp|P36682|YACH_ECOLI	MULTIPLE	1	400	617	80	1.120e-28	{QR}
sp|P36682|YACH_ECOLI	MULTIPLE	2	302	327	20	8.454e-18	{HD}
sp|P36682|YACH_ECOLI	MULTIPLE	3	33	282	85	1.057e-10	{PVT}
sp|P36682|YACH_ECOLI	MULTIPLE	4	13	184	48	1.455e-08	{QA}
sp|P36682|YACH_ECOLI	WHOLE	1	1	617	66	1.861e-11	{Q}
sp|P36682|YACH_ECOLI	WHOLE	2	1	617	48	3.569e-04	{R}
sp|P37003|YBFG_ECOLI	SINGLE	1	55	123	13	3.967e-04	{G}
sp|P37003|YBFG_ECOLI	SINGLE	2	135	204	6	5.484e-04	{W}
sp|P37052|YCHJ_ECOLI	SINGLE	1	5	150	11	2.180e-05	{C}
sp|P37052|YCHJ_ECOLI	SINGLE	2	57	71	6	5.574e-04	{A}
sp|P37052|YCHJ_ECOLI	WHOLE	1	1	152	11	3.137e-05	{C}
sp|P37348|YECE_ECOLI	SINGLE	1	148	180	7	6.899e-04	{R}
sp|P37348|YECE_ECOLI	SINGLE	2	208	225	5	7.334e-04	{Q}
sp|P37348|YECE_ECOLI	SINGLE	3	58	137	10	8.443e-04	{F}
sp|P37614|YHHL_ECOLI	SINGLE	1	2	55	14	2.127e-04	{L}
sp|P37615|YHHM_ECOLI	SINGLE	1	25	93	10	5.783e-04	{Q}
sp|P37627|YHIJ_ECOLI	SINGLE	1	103	341	33	3.456e-09	{N}
sp|P37627|YHIJ_ECOLI	SINGLE	2	37	430	44	3.118e-07	{I}
sp|P37627|YHIJ_ECOLI	SINGLE	3	5	30	8	1.078e-04	{T}
sp|P37627|YHIJ_ECOLI	SINGLE	4	469	484	6	3.425e-04	{G}
sp|P37627|YHIJ_ECOLI	SINGLE	5	64	82	5	9.524e-04	{Q}
sp|P37627|YHIJ_ECOLI	MULTIPLE	1	37	420	81	1.195e-12	{NI}
sp|P37627|YHIJ_ECOLI	WHOLE	1	1	540	50	2.920e-07	{N}
sp|P37627|YHIJ_ECOLI	WHOLE	2	1	540	51	4.987e-06	{I}
sp|P37635|YHIS_ECOLI	SINGLE	1	95	156	14	1.287e-06	{I}
sp|P37635|YHIS_ECOLI	SINGLE	2	43	116	13	1.324e-05	{Q}
sp|P37635|YHIS_ECOLI	SINGLE	3	11	247	25	2.594e-05	{N}
sp|P37635|YHIS_ECOLI	SINGLE	4	6	110	17	1.735e-04	{T}
sp|P37635|YHIS_ECOLI	SINGLE	5	208	243	7	3.668e-04	{F}
sp|P37635|YHIS_ECOLI	MULTIPLE	1	3	222	91	1.340e-13	{IQNT}
sp|P37635|YHIS_ECOLI	WHOLE	1	1	260	29	2.536e-05	{I}
sp|P37635|YHIS_ECOLI	WHOLE	2	1	260	25	1.074e-04	{N}
sp|P37691|YIBQ_ECOLI	SINGLE	1	210	275	13	8.147e-06	{P}
sp|P37691|YIBQ_ECOLI	SINGLE	2	124	139	4	3.155e-04	{M}
sp|P37691|YIBQ_ECOLI	SINGLE	3	60	78	4	6.290e-04	{H}
sp|P38394|YDAE_ECOLI	SINGLE	1	3	20	6	4.810e-04	{K}
sp|P39220|YABP_ECOLI	SINGLE	1	61	113	11	1.142e-05	{N}
sp|P39220|YABP_ECOLI	SINGLE	2	1	33	6	6.556e-05	{M}
sp|P39220|YABP_ECOLI	SINGLE	3	198	213	6	2.398e-04	{T}
sp|P39221|YABQ_ECOLI	SINGLE	1	8	22	5	5.275e-04	{I}
sp|P39221|YABQ_ECOLI	SINGLE	2	16	41	7	6.739e-04	{K}
sp|P39221|YABQ_ECOLI	MULTIPLE	1	12	36	11	2.728e-05	{IK}
sp|P39279|YJEJ_ECOLI	SINGLE	1	22	166	26	4.218e-04	{L}
sp|P39293|YJFK_ECOLI	SINGLE	1	22	48	10	7.104e-05	{L}
sp|P39293|YJFK_ECOLI	SINGLE	2	102	199	17	1.304e-04	{E}
sp|P39293|YJFK_ECOLI	SINGLE	3	77	95	6	3.810e-04	{D}
sp|P39295|YJFM_ECOLI	SINGLE	1	152	205	17	1.137e-07	{S}
sp|P39295|YJFM_ECOLI	SINGLE	2	58	85	9	1.183e-05	{D}
sp|P39295|YJFM_ECOLI	SINGLE	3	153	212	13	9.832e-05	{G}
sp|P39295|YJFM_ECOLI	SINGLE	4	82	122	8	2.658e-04	{N}
sp|P39295|YJFM_ECOLI	SINGLE	5	3	34	7	5.709e-04	{R}
sp|P39295|YJFM_ECOLI	MULTIPLE	1	152	212	30	3.939e-11	{SG}
sp|P39295|YJFM_ECOLI	MULTIPLE	2	58	122	20	2.032e-06	{DN}
sp|P39309|YTFA_ECOLI	SINGLE	1	2	74	7	8.894e-04	{H}
sp|P39317|YTFI_ECOLI	SINGLE	1	111	223	17	2.968e-05	{I}
sp|P39317|YTFI_ECOLI	SINGLE	2	280	296	6	3.418e-04	{K}
sp|P39317|YTFI_ECOLI	SINGLE	3	8	33	6	6.115e-04	{N}
sp|P39317|YTFI_ECOLI	SINGLE	4	10	129	13	6.118e-04	{F}
sp|P39317|YTFI_ECOLI	MULTIPLE	1	5	230	40	1.094e-05	{IF}
sp|P39317|YTFI_ECOLI	WHOLE	1	1	312	28	9.418e-04	{I}
sp|P39342|YJGR_ECOLI	SINGLE	1	115	154	13	3.005e-05	{L}
sp|P39342|YJGR_ECOLI	SINGLE	2	447	469	8	6.542e-05	{G}
sp|P39342|YJGR_ECOLI	SINGLE	3	322	352	9	3.743e-04	{A}
sp|P39342|YJGR_ECOLI	SINGLE	4	223	280	14	4.519e-04	{L}
sp|P39351|YJGZ_ECOLI	SINGLE	1	15	95	12	3.487e-04	{R}
sp|P39354|YJHD_ECOLI	SINGLE	1	56	70	5	4.135e-04	{P}
sp|P39364|SGCQ_ECOLI	SINGLE	1	205	263	11	9.612e-04	{V}
sp|P39374|YJIC_ECOLI	SINGLE	1	164	242	12	3.571e-04	{I}
sp|P39385|YJIN_ECOLI	SINGLE	1	42	60	8	4.395e-05	{A}
sp|P39385|YJIN_ECOLI	SINGLE	2	63	397	33	4.937e-05	{R}
sp|P39385|YJIN_ECOLI	SINGLE	3	4	423	61	1.165e-04	{L}
sp|P39385|YJIN_ECOLI	SINGLE	4	67	84	6	1.453e-04	{I}
sp|P39385|YJIN_ECOLI	MULTIPLE	1	4	423	139	4.528e-08	{ALI}
sp|P39385|YJIN_ECOLI	WHOLE	1	1	426	61	1.659e-04	{L}
sp|P39385|YJIN_ECOLI	WHOLE	2	1	426	36	4.034e-04	{R}
sp|P39390|YJIS_ECOLI	SINGLE	1	23	50	9	3.608e-06	{R}
sp|P39390|YJIS_ECOLI	SINGLE	2	17	37	6	1.841e-04	{Q}
sp|P39390|YJIS_ECOLI	MULTIPLE	1	17	50	15	7.576e-08	{RQ}
sp|P39390|YJIS_ECOLI	WHOLE	1	1	54	10	1.755e-04	{R}
sp|P39391|YJIT_ECOLI	SINGLE	1	77	101	4	5.908e-04	{C}
sp|P42591|YGJJ_ECOLI	SINGLE	1	52	132	20	1.925e-07	{G}
sp|P42591|YGJJ_ECOLI	SINGLE	2	205	224	6	6.498e-05	{Y}
sp|P42591|YGJJ_ECOLI	SINGLE	3	87	151	6	3.728e-04	{W}
sp|P42591|YGJJ_ECOLI	SINGLE	4	6	30	8	3.852e-04	{A}
sp|P42591|YGJJ_ECOLI	SINGLE	5	313	354	7	9.333e-04	{F}
sp|P42591|YGJJ_ECOLI	MULTIPLE	1	52	152	27	1.792e-08	{GW}
sp|P42591|YGJJ_ECOLI	WHOLE	1	1	356	41	2.198e-04	{G}
sp|P42591|YGJJ_ECOLI	WHOLE	2	1	356	27	3.043e-04	{Y}
sp|P42598|YGJQ_ECOLI	SINGLE	1	8	27	8	2.030e-04	{L}
sp|P42598|YGJQ_ECOLI	SINGLE	2	3	17	5	4.635e-04	{R}
sp|P42598|YGJQ_ECOLI	SINGLE	3	148	172	6	9.729e-04	{I}
sp|P42598|YGJQ_ECOLI	MULTIPLE	1	2	27	14	1.741e-06	{LR}
sp|P42625|YHAL_ECOLI	SINGLE	1	3	18	6	2.357e-04	{K}
sp|P42625|YHAL_ECOLI	SINGLE	2	30	51	7	3.051e-04	{E}
sp|P43667|YGAH_ECOLI	SINGLE	1	6	26	8	2.978e-04	{L}
sp|P45421|YHCE_ECOLI	SINGLE	1	72	136	13	2.942e-06	{N}
sp|P45422|YHCF_ECOLI	SINGLE	1	59	203	23	2.149e-05	{T}
sp|P45422|YHCF_ECOLI	SINGLE	2	97	126	9	8.387e-05	{G}
sp|P45422|YHCF_ECOLI	SINGLE	3	9	36	9	1.638e-04	{A}
sp|P45422|YHCF_ECOLI	MULTIPLE	1	59	203	39	2.736e-06	{TG}
sp|P45469|YRAR_ECOLI	SINGLE	1	25	50	6	9.176e-04	{P}
sp|P45545|YHFS_ECOLI	SINGLE	1	60	85	11	1.562e-06	{A}
sp|P45545|YHFS_ECOLI	SINGLE	2	128	148	7	1.785e-05	{Q}
sp|P45545|YHFS_ECOLI	SINGLE	3	95	293	28	5.991e-05	{V}
sp|P45545|YHFS_ECOLI	SINGLE	4	154	309	26	1.256e-04	{A}
sp|P45545|YHFS_ECOLI	MULTIPLE	1	125	291	62	1.056e-08	{QVA}
sp|P45545|YHFS_ECOLI	WHOLE	1	1	361	46	3.748e-04	{A}
sp|P45550|YHFX_ECOLI	SINGLE	1	149	245	20	3.043e-04	{L}
sp|P45550|YHFX_ECOLI	SINGLE	2	342	364	7	4.064e-04	{V}
sp|P45550|YHFX_ECOLI	SINGLE	3	82	152	13	4.300e-04	{V}
sp|P45551|YHFY_ECOLI	SINGLE	1	22	54	6	6.556e-05	{M}
sp|P45551|YHFY_ECOLI	SINGLE	2	65	112	12	7.936e-04	{L}
sp|P45552|YHFZ_ECOLI	SINGLE	1	182	293	17	5.883e-04	{V}
sp|P45564|YFEN_ECOLI	SINGLE	1	72	248	20	9.896e-06	{Y}
sp|P45564|YFEN_ECOLI	SINGLE	2	55	151	14	1.992e-05	{F}
sp|P45564|YFEN_ECOLI	SINGLE	3	56	212	25	2.720e-05	{G}
sp|P45564|YFEN_ECOLI	SINGLE	4	65	219	17	2.720e-04	{N}
sp|P45564|YFEN_ECOLI	SINGLE	5	145	218	6	7.311e-04	{W}
sp|P45564|YFEN_ECOLI	MULTIPLE	1	55	254	94	9.704e-18	{YFGNW}
sp|P45564|YFEN_ECOLI	WHOLE	1	1	254	22	1.806e-04	{Y}
sp|P45564|YFEN_ECOLI	WHOLE	2	1	254	22	2.874e-04	{F}
sp|P45564|YFEN_ECOLI	WHOLE	3	1	254	30	8.301e-04	{G}
sp|P45736|YCJD_ECOLI	SINGLE	1	10	39	10	7.159e-07	{R}
sp|P45736|YCJD_ECOLI	WHOLE	1	1	117	16	1.088e-04	{R}
sp|P45795|YRDB_ECOLI	SINGLE	1	62	76	6	2.062e-04	{E}
sp|P45804|YHGE_ECOLI	SINGLE	1	19	373	79	1.011e-13	{L}
sp|P45804|YHGE_ECOLI	SINGLE	2	12	340	20	1.416e-07	{W}
sp|P45804|YHGE_ECOLI	SINGLE	3	292	372	19	6.395e-07	{V}
sp|P45804|YHGE_ECOLI	SINGLE	4	166	184	6	5.773e-05	{F}
sp|P45804|YHGE_ECOLI	SINGLE	5	419	529	16	2.968e-04	{D}
sp|P45804|YHGE_ECOLI	SINGLE	6	539	556	6	4.810e-04	{K}
sp|P45804|YHGE_ECOLI	MULTIPLE	1	19	373	152	1.894e-20	{LWVF}
sp|P45804|YHGE_ECOLI	WHOLE	1	1	574	102	6.308e-11	{L}
sp|P45804|YHGE_ECOLI	WHOLE	2	1	574	23	1.732e-05	{W}
sp|P46126|YFIM_ECOLI	SINGLE	1	74	102	5	6.082e-05	{W}
sp|P46126|YFIM_ECOLI	SINGLE	2	8	84	16	7.593e-05	{S}
sp|P46126|YFIM_ECOLI	MULTIPLE	1	8	102	23	3.779e-06	{WS}
sp|P46142|YGGM_ECOLI	SINGLE	1	179	290	16	2.073e-05	{Q}
sp|P46142|YGGM_ECOLI	SINGLE	2	32	323	35	8.267e-05	{K}
sp|P46142|YGGM_ECOLI	SINGLE	3	175	189	6	5.574e-04	{A}
sp|P46142|YGGM_ECOLI	MULTIPLE	1	32	327	61	1.375e-07	{QK}
sp|P46142|YGGM_ECOLI	WHOLE	1	1	335	38	1.303e-04	{K}
sp|P46142|YGGM_ECOLI	WHOLE	2	1	335	27	8.632e-04	{Q}
sp|P46144|YEDJ_ECOLI	SINGLE	1	23	230	35	9.283e-06	{A}
sp|P46144|YEDJ_ECOLI	SINGLE	2	15	29	5	1.186e-05	{H}
sp|P46144|YEDJ_ECOLI	SINGLE	3	79	98	7	1.586e-04	{E}
sp|P46144|YEDJ_ECOLI	SINGLE	4	4	21	5	7.334e-04	{Q}
sp|P46144|YEDJ_ECOLI	SINGLE	5	70	86	5	8.659e-04	{R}
sp|P46144|YEDJ_ECOLI	MULTIPLE	1	4	230	68	8.243e-10	{AHQ}
sp|P46144|YEDJ_ECOLI	MULTIPLE	2	70	98	12	2.903e-05	{ER}
sp|P46144|YEDJ_ECOLI	WHOLE	1	1	231	36	3.545e-05	{A}
sp|P46144|YEDJ_ECOLI	WHOLE	2	1	231	15	1.395e-04	{H}
sp|P46855|YHHZ_ECOLI	SINGLE	1	46	354	34	4.790e-07	{N}
sp|P46855|YHHZ_ECOLI	SINGLE	2	39	268	29	2.647e-06	{I}
sp|P46855|YHHZ_ECOLI	SINGLE	3	40	95	9	2.483e-04	{F}
sp|P46855|YHHZ_ECOLI	SINGLE	4	180	210	8	6.079e-04	{G}
sp|P46855|YHHZ_ECOLI	MULTIPLE	1	39	387	92	2.065e-11	{NIF}
sp|P46855|YHHZ_ECOLI	WHOLE	1	1	392	37	5.427e-06	{N}
sp|P46855|YHHZ_ECOLI	WHOLE	2	1	392	39	1.777e-05	{I}
sp|P46856|YRHA_ECOLI	SINGLE	1	39	108	11	1.532e-04	{N}
sp|P46856|YRHA_ECOLI	SINGLE	2	1	15	4	2.419e-04	{M}
sp|P46879|YQGD_ECOLI	SINGLE	1	35	57	6	1.831e-04	{F}
sp|P46887|YECH_ECOLI	SINGLE	1	23	58	10	2.669e-04	{A}
sp|P46890|YBAE_ECOLI	SINGLE	1	171	493	24	2.033e-07	{H}
sp|P46890|YBAE_ECOLI	SINGLE	2	3	530	82	1.066e-06	{L}
sp|P46890|YBAE_ECOLI	SINGLE	3	9	150	19	9.786e-06	{Q}
sp|P46890|YBAE_ECOLI	SINGLE	4	121	140	6	2.058e-04	{P}
sp|P46890|YBAE_ECOLI	SINGLE	5	2	359	31	6.232e-04	{R}
sp|P46890|YBAE_ECOLI	MULTIPLE	1	2	505	210	2.420e-16	{HLQPR}
sp|P46890|YBAE_ECOLI	WHOLE	1	1	566	84	4.524e-06	{L}
sp|P46890|YBAE_ECOLI	WHOLE	2	1	566	27	9.814e-05	{H}
sp|P46890|YBAE_ECOLI	WHOLE	3	1	566	40	8.629e-04	{Q}
sp|P52048|YGGP_ECOLI	SINGLE	1	103	166	11	2.121e-05	{Y}
sp|P52048|YGGP_ECOLI	SINGLE	2	67	199	21	1.213e-04	{G}
sp|P52048|YGGP_ECOLI	SINGLE	3	205	271	13	2.454e-04	{V}
sp|P52048|YGGP_ECOLI	SINGLE	4	286	301	5	2.574e-04	{F}
sp|P52048|YGGP_ECOLI	MULTIPLE	1	67	199	34	3.885e-07	{YG}
sp|P52060|YGGU_ECOLI	SINGLE	1	79	95	6	1.019e-04	{I}
sp|P52096|YAER_ECOLI	SINGLE	1	57	71	5	4.135e-04	{P}
sp|P52123|YFJH_ECOLI	SINGLE	1	138	197	10	8.571e-05	{F}
sp|P52123|YFJH_ECOLI	SINGLE	2	51	124	14	1.945e-04	{E}
sp|P52123|YFJH_ECOLI	SINGLE	3	205	222	6	4.810e-04	{K}
sp|P52123|YFJH_ECOLI	SINGLE	4	238	275	7	8.898e-04	{N}
sp|P52124|YFJI_ECOLI	SINGLE	1	179	464	34	1.522e-06	{I}
sp|P52124|YFJI_ECOLI	SINGLE	2	267	302	7	6.427e-04	{N}
sp|P52124|YFJI_ECOLI	MULTIPLE	1	179	464	54	2.165e-07	{IN}
sp|P52124|YFJI_ECOLI	WHOLE	1	1	469	44	2.265e-05	{I}
sp|P52125|YFJJ_ECOLI	SINGLE	1	70	84	6	1.570e-04	{K}
sp|P52125|YFJJ_ECOLI	SINGLE	2	96	187	11	5.233e-04	{Y}
sp|P52125|YFJJ_ECOLI	SINGLE	3	75	123	6	5.818e-04	{H}
sp|P52125|YFJJ_ECOLI	MULTIPLE	1	70	111	13	1.977e-05	{KH}
sp|P52128|YFJM_ECOLI	SINGLE	1	12	26	6	3.585e-04	{S}
sp|P52132|YFJQ_ECOLI	SINGLE	1	3	89	18	1.147e-07	{R}
sp|P52132|YFJQ_ECOLI	SINGLE	2	231	253	7	4.607e-04	{G}
sp|P52132|YFJQ_ECOLI	WHOLE	1	1	273	31	5.869e-06	{R}
sp|P52134|YPJK_ECOLI	SINGLE	1	1	15	8	1.576e-07	{I}
sp|P52134|YPJK_ECOLI	SINGLE	2	27	49	9	2.916e-05	{A}
sp|P52134|YPJK_ECOLI	SINGLE	3	54	71	7	7.377e-05	{V}
sp|P52138|YFJW_ECOLI	SINGLE	1	9	553	67	7.305e-12	{I}
sp|P52138|YFJW_ECOLI	SINGLE	2	3	88	14	5.011e-06	{F}
sp|P52138|YFJW_ECOLI	SINGLE	3	97	154	17	9.154e-06	{L}
sp|P52138|YFJW_ECOLI	SINGLE	4	273	558	35	5.592e-05	{K}
sp|P52138|YFJW_ECOLI	SINGLE	5	334	423	13	9.787e-05	{N}
sp|P52138|YFJW_ECOLI	SINGLE	6	119	133	5	2.875e-04	{N}
sp|P52138|YFJW_ECOLI	SINGLE	7	451	487	9	8.059e-04	{S}
sp|P52138|YFJW_ECOLI	MULTIPLE	1	12	559	297	5.521e-19	{IFLKNS}
sp|P52138|YFJW_ECOLI	WHOLE	1	1	567	67	3.986e-11	{I}
sp|P52644|HSLJ_ECOLI	SINGLE	1	60	92	6	6.556e-05	{M}
sp|P52644|HSLJ_ECOLI	WHOLE	1	1	140	10	7.914e-04	{M}
sp|P54901|CSIE_ECOLI	SINGLE	1	56	300	32	2.203e-07	{R}
sp|P54901|CSIE_ECOLI	SINGLE	2	5	411	65	4.702e-06	{L}
sp|P54901|CSIE_ECOLI	SINGLE	3	130	269	16	2.694e-04	{Q}
sp|P54901|CSIE_ECOLI	SINGLE	4	383	403	6	2.747e-04	{P}
sp|P54901|CSIE_ECOLI	SINGLE	5	202	223	6	3.601e-04	{P}
sp|P54901|CSIE_ECOLI	MULTIPLE	1	56	365	107	5.327e-12	{RLQ}
sp|P54901|CSIE_ECOLI	WHOLE	1	1	426	66	1.042e-05	{L}
sp|P54901|CSIE_ECOLI	WHOLE	2	1	426	38	1.102e-04	{R}
sp|P55914|YJJZ_ECOLI	SINGLE	1	2	75	19	2.177e-05	{L}
sp|P55914|YJJZ_ECOLI	SINGLE	2	23	73	7	1.027e-04	{M}
sp|P55914|YJJZ_ECOLI	MULTIPLE	1	1	75	27	1.826e-08	{LM}
sp|P55914|YJJZ_ECOLI	WHOLE	1	1	78	19	4.634e-05	{L}
sp|P55914|YJJZ_ECOLI	WHOLE	2	1	78	8	2.559e-04	{M}
sp|P56259|YIFN_ECOLI	SINGLE	1	105	119	5	4.635e-04	{R}
sp|P56259|YIFN_ECOLI	SINGLE	2	134	148	5	5.275e-04	{I}
sp|P56259|YIFN_ECOLI	SINGLE	3	90	106	5	5.538e-04	{Q}
sp|P56259|YIFN_ECOLI	MULTIPLE	1	90	124	12	3.062e-05	{RQ}
sp|P58033|YPJJ_ECOLI	SINGLE	1	2	63	11	1.267e-04	{R}
sp|P58033|YPJJ_ECOLI	WHOLE	1	1	66	11	2.199e-04	{R}
sp|P58094|YCIX_ECOLI	SINGLE	1	35	55	6	1.841e-04	{Q}
sp|P58094|YCIX_ECOLI	WHOLE	1	1	55	9	4.440e-04	{Q}
sp|P58095|YPJI_ECOLI	SINGLE	1	1	15	2	2.608e-05	{X}
sp|P58095|YPJI_ECOLI	WHOLE	1	1	90	2	9.590e-04	{X}
sp|P62066|YCEQ_ECOLI	SINGLE	1	34	105	7	1.386e-04	{C}
sp|P62066|YCEQ_ECOLI	WHOLE	1	1	106	8	2.667e-04	{C}
sp|P62768|YAEH_ECOLI	SINGLE	1	31	55	7	5.249e-04	{K}
sp|P64459|YNCJ_ECOLI	SINGLE	1	24	41	4	5.076e-04	{H}
sp|P64471|YDHI_ECOLI	SINGLE	1	17	34	7	2.867e-06	{F}
sp|P64474|YDHL_ECOLI	SINGLE	1	15	63	11	1.374e-05	{R}
sp|P64474|YDHL_ECOLI	SINGLE	2	14	29	4	9.828e-05	{C}
sp|P64474|YDHL_ECOLI	MULTIPLE	1	14	63	16	4.030e-08	{RC}
sp|P64474|YDHL_ECOLI	WHOLE	1	1	79	11	9.782e-04	{R}
sp|P64476|YDIH_ECOLI	SINGLE	1	28	44	7	4.133e-04	{L}
sp|P64479|YDIZ_ECOLI	SINGLE	1	12	87	14	1.610e-04	{T}
sp|P64485|YEAQ_ECOLI	SINGLE	1	10	61	14	4.138e-06	{G}
sp|P64485|YEAQ_ECOLI	SINGLE	2	3	80	13	8.380e-05	{I}
sp|P64485|YEAQ_ECOLI	SINGLE	3	49	63	5	1.842e-04	{F}
sp|P64485|YEAQ_ECOLI	SINGLE	4	38	73	9	3.141e-04	{V}
sp|P64485|YEAQ_ECOLI	MULTIPLE	1	2	76	46	1.996e-13	{GIFV}
sp|P64485|YEAQ_ECOLI	WHOLE	1	1	82	16	6.286e-05	{G}
sp|P64485|YEAQ_ECOLI	WHOLE	2	1	82	13	1.385e-04	{I}
sp|P64493|YOAF_ECOLI	SINGLE	1	20	36	6	7.586e-05	{P}
sp|P64499|YEBO_ECOLI	SINGLE	1	4	21	8	7.040e-06	{V}
sp|P64499|YEBO_ECOLI	SINGLE	2	22	63	11	8.588e-04	{L}
sp|P64536|YEIS_ECOLI	SINGLE	1	6	20	6	1.249e-05	{F}
sp|P64536|YEIS_ECOLI	SINGLE	2	62	76	5	5.275e-04	{I}
sp|P64536|YEIS_ECOLI	WHOLE	1	1	79	10	7.683e-04	{F}
sp|P64542|YPEC_ECOLI	SINGLE	1	50	107	15	5.781e-08	{R}
sp|P64542|YPEC_ECOLI	SINGLE	2	44	91	8	5.029e-07	{W}
sp|P64542|YPEC_ECOLI	SINGLE	3	39	108	9	1.883e-05	{H}
sp|P64542|YPEC_ECOLI	SINGLE	4	7	21	7	6.097e-05	{A}
sp|P64542|YPEC_ECOLI	MULTIPLE	1	37	108	33	4.413e-17	{RWH}
sp|P64542|YPEC_ECOLI	WHOLE	1	1	108	17	1.163e-05	{R}
sp|P64542|YPEC_ECOLI	WHOLE	2	1	108	8	1.905e-04	{W}
sp|P64542|YPEC_ECOLI	WHOLE	3	1	108	9	4.906e-04	{H}
sp|P64557|YGFM_ECOLI	SINGLE	1	116	149	10	5.619e-04	{L}
sp|P64557|YGFM_ECOLI	SINGLE	2	25	258	32	7.682e-04	{A}
sp|P64557|YGFM_ECOLI	SINGLE	3	65	98	7	8.271e-04	{R}
sp|P64557|YGFM_ECOLI	MULTIPLE	1	63	222	58	1.186e-05	{LAR}
sp|P64570|YQGC_ECOLI	SINGLE	1	34	48	5	4.135e-04	{P}
sp|P64610|YRBL_ECOLI	SINGLE	1	14	65	9	5.917e-04	{R}
sp|P64616|YHCO_ECOLI	SINGLE	1	7	45	9	1.934e-04	{D}
sp|P64616|YHCO_ECOLI	SINGLE	2	52	81	8	4.252e-04	{E}
sp|P64619|YHDU_ECOLI	SINGLE	1	38	54	5	5.425e-04	{N}
sp|P64622|YHDV_ECOLI	SINGLE	1	48	62	7	6.097e-05	{A}
sp|P64624|YHEO_ECOLI	SINGLE	1	179	196	6	7.013e-05	{N}
sp|P64624|YHEO_ECOLI	SINGLE	2	13	27	5	9.005e-04	{D}
sp|P64631|YHFU_ECOLI	SINGLE	1	62	91	7	4.505e-04	{I}
sp|P64631|YHFU_ECOLI	SINGLE	2	51	65	6	5.574e-04	{A}
sp|P64631|YHFU_ECOLI	MULTIPLE	1	49	92	18	2.407e-06	{IA}
sp|P67338|YOAH_ECOLI	SINGLE	1	12	32	6	1.841e-04	{Q}
sp|P67762|YHBP_ECOLI	SINGLE	1	87	109	6	5.293e-04	{R}
sp|P71296|YAGM_ECOLI	SINGLE	1	66	275	26	1.110e-05	{I}
sp|P71296|YAGM_ECOLI	SINGLE	2	227	269	11	5.779e-05	{V}
sp|P71296|YAGM_ECOLI	WHOLE	1	1	284	28	2.459e-04	{I}
sp|P71297|YAGN_ECOLI	SINGLE	1	87	109	9	1.509e-05	{S}
sp|P71311|YAIS_ECOLI	SINGLE	1	19	116	14	2.339e-04	{I}
sp|P71311|YAIS_ECOLI	SINGLE	2	66	131	7	4.965e-04	{H}
sp|P71311|YAIS_ECOLI	MULTIPLE	1	19	131	22	9.852e-06	{IH}
sp|P75616|YAAX_ECOLI	SINGLE	1	50	97	13	2.240e-11	{H}
sp|P75616|YAAX_ECOLI	SINGLE	2	46	68	6	8.558e-07	{W}
sp|P75616|YAAX_ECOLI	SINGLE	3	73	93	7	2.883e-05	{P}
sp|P75616|YAAX_ECOLI	SINGLE	4	10	24	6	5.574e-04	{A}
sp|P75616|YAAX_ECOLI	SINGLE	5	37	94	11	9.857e-04	{G}
sp|P75616|YAAX_ECOLI	MULTIPLE	1	43	97	36	2.618e-17	{HWPG}
sp|P75616|YAAX_ECOLI	WHOLE	1	1	98	13	2.070e-07	{H}
sp|P75617|YAAW_ECOLI	SINGLE	1	6	196	36	1.645e-05	{L}
sp|P75617|YAAW_ECOLI	SINGLE	2	187	206	8	2.065e-05	{G}
sp|P75617|YAAW_ECOLI	SINGLE	3	107	150	10	3.399e-04	{E}
sp|P75617|YAAW_ECOLI	MULTIPLE	1	11	191	51	8.088e-06	{LE}
sp|P75617|YAAW_ECOLI	WHOLE	1	1	237	39	1.433e-04	{L}
sp|P75672|YAFS_ECOLI	SINGLE	1	82	213	26	1.000e-04	{L}
sp|P75672|YAFS_ECOLI	SINGLE	2	172	192	4	9.292e-04	{H}
sp|P75672|YAFS_ECOLI	MULTIPLE	1	82	213	33	6.290e-06	{LH}
sp|P75675|YKFJ_ECOLI	SINGLE	1	69	83	5	4.635e-04	{R}
sp|P75675|YKFJ_ECOLI	SINGLE	2	48	85	9	5.519e-04	{G}
sp|P75675|YKFJ_ECOLI	MULTIPLE	1	55	85	14	2.165e-06	{RG}
sp|P75676|YAFX_ECOLI	SINGLE	1	99	146	12	1.988e-04	{A}
sp|P75676|YAFX_ECOLI	SINGLE	2	117	145	5	3.445e-04	{H}
sp|P75676|YAFX_ECOLI	MULTIPLE	1	99	146	17	1.664e-06	{AH}
sp|P75692|YAHM_ECOLI	SINGLE	1	5	26	8	4.250e-04	{L}
sp|P75704|YKIA_ECOLI	SINGLE	1	22	72	14	1.132e-04	{L}
sp|P75711|YBBV_ECOLI	SINGLE	1	21	91	11	5.159e-04	{I}
sp|P75717|EXOD_ECOLI	SINGLE	1	1	71	7	7.599e-04	{M}
sp|P75769|YBHM_ECOLI	SINGLE	1	19	176	25	2.025e-07	{I}
sp|P75769|YBHM_ECOLI	SINGLE	2	93	109	6	4.421e-04	{V}
sp|P75769|YBHM_ECOLI	SINGLE	3	62	209	26	5.654e-04	{L}
sp|P75769|YBHM_ECOLI	SINGLE	4	116	168	6	8.744e-04	{M}
sp|P75769|YBHM_ECOLI	MULTIPLE	1	19	186	61	1.965e-10	{ILM}
sp|P75769|YBHM_ECOLI	WHOLE	1	1	237	29	4.689e-06	{I}
sp|P75791|YBIU_ECOLI	SINGLE	1	144	159	5	4.085e-04	{Q}
sp|P75791|YBIU_ECOLI	SINGLE	2	20	38	5	9.524e-04	{Q}
sp|P75821|YBJS_ECOLI	SINGLE	1	111	213	11	1.387e-05	{H}
sp|P75829|YBJX_ECOLI	SINGLE	1	29	156	29	2.950e-06	{L}
sp|P75829|YBJX_ECOLI	SINGLE	2	40	122	14	2.993e-05	{R}
sp|P75829|YBJX_ECOLI	SINGLE	3	23	37	6	3.585e-04	{S}
sp|P75829|YBJX_ECOLI	SINGLE	4	286	329	8	8.391e-04	{R}
sp|P75829|YBJX_ECOLI	MULTIPLE	1	26	141	53	2.398e-09	{LRS}
sp|P75829|YBJX_ECOLI	WHOLE	1	1	330	30	3.599e-04	{R}
sp|P75839|YCAP_ECOLI	SINGLE	1	19	153	26	1.426e-04	{L}
sp|P75839|YCAP_ECOLI	SINGLE	2	4	36	7	2.116e-04	{F}
sp|P75839|YCAP_ECOLI	SINGLE	3	180	215	5	2.398e-04	{C}
sp|P75839|YCAP_ECOLI	MULTIPLE	1	4	153	40	4.317e-06	{LF}
sp|P75910|YCDU_ECOLI	SINGLE	1	90	298	46	1.451e-08	{L}
sp|P75910|YCDU_ECOLI	SINGLE	2	8	326	34	1.159e-07	{F}
sp|P75910|YCDU_ECOLI	SINGLE	3	289	304	5	2.180e-04	{Y}
sp|P75910|YCDU_ECOLI	SINGLE	4	2	28	7	2.287e-04	{I}
sp|P75910|YCDU_ECOLI	SINGLE	5	256	323	6	4.722e-04	{W}
sp|P75910|YCDU_ECOLI	SINGLE	6	63	87	7	5.249e-04	{K}
sp|P75910|YCDU_ECOLI	SINGLE	7	146	176	8	5.305e-04	{V}
sp|P75910|YCDU_ECOLI	SINGLE	8	293	317	4	5.908e-04	{C}
sp|P75910|YCDU_ECOLI	MULTIPLE	1	17	309	166	2.707e-19	{LFYIWVC}
sp|P75910|YCDU_ECOLI	WHOLE	1	1	328	34	2.194e-07	{F}
sp|P75910|YCDU_ECOLI	WHOLE	2	1	328	55	5.624e-06	{L}
sp|P75910|YCDU_ECOLI	WHOLE	3	1	328	29	9.707e-04	{I}
sp|P75946|YCFL_ECOLI	SINGLE	1	32	62	9	2.046e-04	{S}
sp|P75967|YMFD_ECOLI	SINGLE	1	153	182	8	1.026e-05	{Y}
sp|P75967|YMFD_ECOLI	SINGLE	2	78	137	11	1.203e-04	{I}
sp|P75967|YMFD_ECOLI	SINGLE	3	176	217	10	5.095e-04	{S}
sp|P75967|YMFD_ECOLI	MULTIPLE	1	153	217	21	2.591e-06	{YS}
sp|P75968|YMFE_ECOLI	SINGLE	1	147	204	14	3.424e-08	{F}
sp|P75968|YMFE_ECOLI	SINGLE	2	28	233	27	2.752e-06	{I}
sp|P75968|YMFE_ECOLI	MULTIPLE	1	23	233	48	6.775e-10	{FI}
sp|P75968|YMFE_ECOLI	WHOLE	1	1	234	27	2.605e-05	{I}
sp|P75968|YMFE_ECOLI	WHOLE	2	1	234	22	9.658e-05	{F}
sp|P75972|YMFI_ECOLI	SINGLE	1	41	87	5	8.170e-04	{C}
sp|P75976|YMFL_ECOLI	SINGLE	1	18	81	14	2.676e-04	{A}
sp|P75977|YMFM_ECOLI	SINGLE	1	76	110	10	1.073e-04	{S}
sp|P75979|YMFR_ECOLI	SINGLE	1	4	18	7	1.659e-04	{L}
sp|P75980|BEEE_ECOLI	SINGLE	1	106	153	5	8.974e-04	{C}
sp|P75982|YMFQ_ECOLI	SINGLE	1	126	182	6	2.674e-04	{C}
sp|P75982|YMFQ_ECOLI	SINGLE	2	38	86	9	3.829e-04	{R}
sp|P75982|YMFQ_ECOLI	SINGLE	3	115	157	9	8.661e-04	{T}
sp|P75982|YMFQ_ECOLI	MULTIPLE	1	115	186	17	2.280e-05	{CT}
sp|P75988|YCGX_ECOLI	SINGLE	1	32	47	5	7.294e-04	{I}
sp|P75994|YMGC_ECOLI	SINGLE	1	34	74	8	6.286e-04	{I}
sp|P76001|YCGJ_ECOLI	SINGLE	1	1	21	6	4.184e-06	{M}
sp|P76023|YCHS_ECOLI	SINGLE	1	65	88	7	8.692e-05	{R}
sp|P76035|YCIW_ECOLI	SINGLE	1	233	254	9	6.698e-05	{L}
sp|P76035|YCIW_ECOLI	SINGLE	2	162	177	6	6.935e-05	{I}
sp|P76035|YCIW_ECOLI	SINGLE	3	73	91	6	6.706e-04	{T}
sp|P76065|YDAU_ECOLI	SINGLE	1	172	194	6	4.644e-04	{P}
sp|P76066|YDAW_ECOLI	SINGLE	1	72	113	10	1.593e-04	{T}
sp|P76066|YDAW_ECOLI	SINGLE	2	146	160	6	3.585e-04	{S}
sp|P76069|YDAY_ECOLI	SINGLE	1	89	113	6	5.033e-04	{Q}
sp|P76118|YNCH_ECOLI	SINGLE	1	32	51	5	5.484e-05	{M}
sp|P76122|YDDJ_ECOLI	SINGLE	1	64	89	8	8.418e-06	{N}
sp|P76123|YDDK_ECOLI	SINGLE	1	9	302	51	2.525e-17	{N}
sp|P76123|YDDK_ECOLI	SINGLE	2	217	248	13	1.878e-06	{L}
sp|P76123|YDDK_ECOLI	SINGLE	3	8	25	4	5.076e-04	{H}
sp|P76123|YDDK_ECOLI	MULTIPLE	1	5	293	111	6.275e-21	{NLH}
sp|P76123|YDDK_ECOLI	WHOLE	1	1	318	51	6.952e-16	{N}
sp|P76123|YDDK_ECOLI	WHOLE	2	1	318	51	3.585e-05	{L}
sp|P76148|YNEG_ECOLI	SINGLE	1	10	27	6	1.244e-04	{R}
sp|P76150|YNEK_ECOLI	SINGLE	1	43	306	28	8.448e-06	{N}
sp|P76150|YNEK_ECOLI	SINGLE	2	337	368	9	9.864e-06	{P}
sp|P76150|YNEK_ECOLI	SINGLE	3	191	314	24	2.264e-04	{L}
sp|P76150|YNEK_ECOLI	SINGLE	4	171	185	4	2.419e-04	{H}
sp|P76150|YNEK_ECOLI	SINGLE	5	161	181	6	2.747e-04	{P}
sp|P76150|YNEK_ECOLI	SINGLE	6	60	297	21	3.038e-04	{F}
sp|P76150|YNEK_ECOLI	SINGLE	7	7	237	23	6.715e-04	{I}
sp|P76150|YNEK_ECOLI	MULTIPLE	1	7	311	145	6.307e-12	{NLHPFI}
sp|P76150|YNEK_ECOLI	WHOLE	1	1	371	32	1.044e-04	{N}
sp|P76155|TFAQ_ECOLI	SINGLE	1	89	165	15	8.543e-05	{E}
sp|P76155|TFAQ_ECOLI	SINGLE	2	33	51	6	1.511e-04	{P}
sp|P76156|YDFO_ECOLI	SINGLE	1	20	38	5	5.171e-04	{Y}
sp|P76158|RZPQ_ECOLI	SINGLE	1	31	147	30	3.944e-09	{A}
sp|P76158|RZPQ_ECOLI	WHOLE	1	1	165	30	8.376e-06	{A}
sp|P76160|YDFR_ECOLI	SINGLE	1	8	23	6	3.059e-04	{V}
sp|P76160|YDFR_ECOLI	SINGLE	2	82	100	4	6.290e-04	{H}
sp|P76162|YDFU_ECOLI	SINGLE	1	287	318	7	4.540e-06	{H}
sp|P76162|YDFU_ECOLI	SINGLE	2	7	65	10	2.975e-04	{P}
sp|P76162|YDFU_ECOLI	SINGLE	3	89	120	5	5.468e-04	{H}
sp|P76162|YDFU_ECOLI	SINGLE	4	280	298	6	9.446e-04	{G}
sp|P76163|YDFV_ECOLI	SINGLE	1	18	32	6	2.045e-04	{V}
sp|P76163|YDFV_ECOLI	SINGLE	2	75	95	7	4.131e-04	{S}
sp|P76163|YDFV_ECOLI	SINGLE	3	55	73	4	6.290e-04	{H}
sp|P76177|YDGH_ECOLI	SINGLE	1	9	218	38	7.291e-07	{A}
sp|P76177|YDGH_ECOLI	SINGLE	2	34	126	16	2.150e-04	{V}
sp|P76177|YDGH_ECOLI	MULTIPLE	1	9	218	61	1.824e-08	{AV}
sp|P76177|YDGH_ECOLI	WHOLE	1	1	314	46	1.771e-05	{A}
sp|P76205|ARPB_ECOLI	SINGLE	1	6	123	17	5.090e-05	{I}
sp|P76205|ARPB_ECOLI	WHOLE	1	1	157	18	5.000e-04	{I}
sp|P76206|YDIY_ECOLI	SINGLE	1	58	76	7	8.232e-05	{T}
sp|P76206|YDIY_ECOLI	SINGLE	2	55	95	10	4.183e-04	{S}
sp|P76206|YDIY_ECOLI	SINGLE	3	98	180	10	8.537e-04	{Y}
sp|P76206|YDIY_ECOLI	MULTIPLE	1	55	95	18	1.449e-06	{TS}
sp|P76208|YNIB_ECOLI	SINGLE	1	37	85	9	1.810e-04	{N}
sp|P76208|YNIB_ECOLI	SINGLE	2	36	61	5	2.039e-04	{M}
sp|P76208|YNIB_ECOLI	SINGLE	3	53	177	14	2.860e-04	{F}
sp|P76208|YNIB_ECOLI	SINGLE	4	9	30	6	4.771e-04	{I}
sp|P76208|YNIB_ECOLI	SINGLE	5	117	140	7	5.412e-04	{E}
sp|P76208|YNIB_ECOLI	MULTIPLE	1	36	87	15	5.712e-07	{NM}
sp|P76208|YNIB_ECOLI	WHOLE	1	1	178	19	8.202e-04	{I}
sp|P76210|YDJO_ECOLI	SINGLE	1	91	176	16	3.420e-06	{I}
sp|P76210|YDJO_ECOLI	SINGLE	2	53	184	16	1.348e-04	{N}
sp|P76210|YDJO_ECOLI	MULTIPLE	1	49	184	35	1.320e-08	{IN}
sp|P76210|YDJO_ECOLI	WHOLE	1	1	267	28	9.397e-05	{I}
sp|P76222|YNJA_ECOLI	SINGLE	1	116	171	13	2.388e-04	{A}
sp|P76223|YNJB_ECOLI	SINGLE	1	122	369	32	1.681e-07	{P}
sp|P76223|YNJB_ECOLI	SINGLE	2	305	333	10	3.725e-05	{A}
sp|P76223|YNJB_ECOLI	SINGLE	3	71	86	7	9.989e-05	{A}
sp|P76223|YNJB_ECOLI	SINGLE	4	6	148	9	2.584e-04	{W}
sp|P76223|YNJB_ECOLI	MULTIPLE	1	132	369	62	7.443e-09	{PA}
sp|P76223|YNJB_ECOLI	WHOLE	1	1	388	48	5.293e-04	{A}
sp|P76223|YNJB_ECOLI	WHOLE	2	1	388	32	7.511e-04	{P}
sp|P76227|YNJH_ECOLI	SINGLE	1	40	54	5	2.936e-04	{Q}
sp|P76231|YEAC_ECOLI	SINGLE	1	1	88	8	5.615e-04	{M}
sp|P76231|YEAC_ECOLI	SINGLE	2	37	74	7	9.131e-04	{Q}
sp|P76231|YEAC_ECOLI	MULTIPLE	1	10	74	14	4.836e-05	{MQ}
sp|P76231|YEAC_ECOLI	WHOLE	1	1	90	8	6.489e-04	{M}
sp|P76280|YOBB_ECOLI	SINGLE	1	39	69	10	2.539e-04	{L}
sp|P76296|YECT_ECOLI	SINGLE	1	20	45	8	5.095e-05	{D}
sp|P76322|YEDM_ECOLI	SINGLE	1	91	105	5	5.275e-04	{I}
sp|P76349|YEEL_ECOLI	SINGLE	1	86	174	9	1.212e-04	{M}
sp|P76349|YEEL_ECOLI	SINGLE	2	24	66	9	1.739e-04	{I}
sp|P76396|YEGL_ECOLI	SINGLE	1	188	202	7	3.582e-05	{S}
sp|P76406|YEGR_ECOLI	SINGLE	1	1	15	5	5.275e-04	{I}
sp|P76418|YEGU_ECOLI	SINGLE	1	50	333	49	1.016e-07	{A}
sp|P76418|YEGU_ECOLI	WHOLE	1	1	334	53	4.670e-07	{A}
sp|P76463|YFAQ_ECOLI	SINGLE	1	217	420	29	1.739e-05	{T}
sp|P76463|YFAQ_ECOLI	SINGLE	2	9	70	16	8.497e-05	{L}
sp|P76463|YFAQ_ECOLI	SINGLE	3	328	463	23	2.312e-04	{A}
sp|P76463|YFAQ_ECOLI	SINGLE	4	3	223	11	4.100e-04	{W}
sp|P76463|YFAQ_ECOLI	SINGLE	5	25	133	13	6.288e-04	{Q}
sp|P76463|YFAQ_ECOLI	SINGLE	6	82	109	4	9.111e-04	{C}
sp|P76463|YFAQ_ECOLI	MULTIPLE	1	3	431	85	1.233e-06	{TWQ}
sp|P76463|YFAQ_ECOLI	WHOLE	1	1	549	52	7.287e-04	{T}
sp|P76466|YFAT_ECOLI	SINGLE	1	39	147	16	1.487e-05	{Q}
sp|P76481|YFBK_ECOLI	SINGLE	1	22	81	17	3.816e-10	{Q}
sp|P76481|YFBK_ECOLI	SINGLE	2	43	103	20	1.689e-08	{A}
sp|P76481|YFBK_ECOLI	SINGLE	3	146	190	9	1.674e-04	{P}
sp|P76481|YFBK_ECOLI	SINGLE	4	458	494	9	2.742e-04	{K}
sp|P76481|YFBK_ECOLI	SINGLE	5	288	311	7	6.071e-04	{G}
sp|P76481|YFBK_ECOLI	SINGLE	6	156	333	19	8.202e-04	{I}
sp|P76481|YFBK_ECOLI	MULTIPLE	1	29	94	34	8.749e-15	{QA}
sp|P76481|YFBK_ECOLI	WHOLE	1	1	575	45	6.242e-05	{Q}
sp|P76485|YFBO_ECOLI	SINGLE	1	103	139	6	1.597e-05	{W}
sp|P76485|YFBO_ECOLI	SINGLE	2	98	127	9	7.226e-05	{E}
sp|P76485|YFBO_ECOLI	SINGLE	3	12	45	7	4.524e-04	{N}
sp|P76485|YFBO_ECOLI	MULTIPLE	1	98	139	15	3.597e-07	{WE}
sp|P76486|YFBP_ECOLI	SINGLE	1	152	166	7	6.097e-05	{A}
sp|P76486|YFBP_ECOLI	SINGLE	2	5	24	6	2.058e-04	{P}
sp|P76505|YFDF_ECOLI	SINGLE	1	8	126	21	3.256e-08	{N}
sp|P76505|YFDF_ECOLI	SINGLE	2	43	149	19	9.286e-07	{I}
sp|P76505|YFDF_ECOLI	SINGLE	3	62	206	21	3.851e-05	{D}
sp|P76505|YFDF_ECOLI	SINGLE	4	262	278	5	8.659e-04	{R}
sp|P76505|YFDF_ECOLI	MULTIPLE	1	5	218	75	1.140e-13	{NID}
sp|P76505|YFDF_ECOLI	WHOLE	1	1	352	35	3.142e-06	{N}
sp|P76505|YFDF_ECOLI	WHOLE	2	1	352	35	4.418e-05	{I}
sp|P76507|YFDI_ECOLI	SINGLE	1	82	426	41	2.911e-10	{F}
sp|P76507|YFDI_ECOLI	SINGLE	2	5	432	50	1.373e-08	{I}
sp|P76507|YFDI_ECOLI	SINGLE	3	48	257	26	9.670e-08	{Y}
sp|P76507|YFDI_ECOLI	SINGLE	4	50	192	25	7.468e-04	{L}
sp|P76507|YFDI_ECOLI	MULTIPLE	1	10	432	129	2.443e-22	{FIY}
sp|P76507|YFDI_ECOLI	WHOLE	1	1	443	44	1.595e-08	{F}
sp|P76507|YFDI_ECOLI	WHOLE	2	1	443	50	4.003e-08	{I}
sp|P76507|YFDI_ECOLI	WHOLE	3	1	443	36	1.050e-05	{Y}
sp|P76508|YFDL_ECOLI	SINGLE	1	25	58	10	5.619e-04	{L}
sp|P76510|YFDN_ECOLI	SINGLE	1	33	148	23	5.256e-09	{R}
sp|P76510|YFDN_ECOLI	WHOLE	1	1	164	23	2.941e-06	{R}
sp|P76513|YFDQ_ECOLI	SINGLE	1	150	164	7	6.097e-05	{A}
sp|P76513|YFDQ_ECOLI	SINGLE	2	10	29	6	2.742e-04	{I}
sp|P76515|YFDS_ECOLI	SINGLE	1	73	94	6	6.422e-07	{W}
sp|P76516|YFDT_ECOLI	SINGLE	1	8	53	12	2.252e-05	{E}
sp|P76516|YFDT_ECOLI	SINGLE	2	16	64	9	3.829e-04	{R}
sp|P76516|YFDT_ECOLI	MULTIPLE	1	8	64	21	3.652e-07	{ER}
sp|P76521|YFDY_ECOLI	SINGLE	1	13	29	6	4.421e-04	{V}
sp|P76521|YFDY_ECOLI	SINGLE	2	1	74	7	9.628e-04	{M}
sp|P76537|YFEY_ECOLI	SINGLE	1	1	21	5	7.041e-05	{M}
sp|P76537|YFEY_ECOLI	SINGLE	2	62	144	13	4.684e-04	{D}
sp|P76537|YFEY_ECOLI	SINGLE	3	19	42	7	9.823e-04	{S}
sp|P76537|YFEY_ECOLI	MULTIPLE	1	1	42	13	6.452e-05	{MS}
sp|P76543|YFFL_ECOLI	SINGLE	1	75	89	5	1.186e-05	{H}
sp|P76543|YFFL_ECOLI	SINGLE	2	30	132	18	7.783e-05	{E}
sp|P76543|YFFL_ECOLI	SINGLE	3	50	70	6	1.796e-04	{N}
sp|P76543|YFFL_ECOLI	SINGLE	4	99	198	13	6.942e-04	{R}
sp|P76543|YFFL_ECOLI	MULTIPLE	1	71	95	13	2.777e-08	{HE}
sp|P76544|YFFM_ECOLI	SINGLE	1	20	35	7	2.677e-04	{L}
sp|P76544|YFFM_ECOLI	SINGLE	2	8	77	6	7.828e-04	{C}
sp|P76544|YFFM_ECOLI	MULTIPLE	1	8	77	18	2.431e-04	{LC}
sp|P76546|YFFO_ECOLI	SINGLE	1	52	79	7	1.744e-06	{M}
sp|P76546|YFFO_ECOLI	SINGLE	2	109	123	7	6.097e-05	{A}
sp|P76546|YFFO_ECOLI	SINGLE	3	65	83	4	1.525e-04	{W}
sp|P76546|YFFO_ECOLI	MULTIPLE	1	52	83	11	9.573e-09	{MW}
sp|P76547|YFFP_ECOLI	SINGLE	1	170	187	6	2.760e-04	{D}
sp|P76550|YFFS_ECOLI	SINGLE	1	95	163	17	1.195e-06	{E}
sp|P76550|YFFS_ECOLI	SINGLE	2	105	152	13	4.683e-05	{A}
sp|P76550|YFFS_ECOLI	SINGLE	3	236	254	7	8.069e-05	{K}
sp|P76550|YFFS_ECOLI	SINGLE	4	13	252	29	7.098e-04	{G}
sp|P76550|YFFS_ECOLI	MULTIPLE	1	99	163	30	6.639e-10	{EA}
sp|P76550|YFFS_ECOLI	MULTIPLE	2	12	254	53	3.411e-05	{KG}
sp|P76550|YFFS_ECOLI	WHOLE	1	1	269	32	3.921e-04	{E}
sp|P76559|YPFG_ECOLI	SINGLE	1	172	194	8	5.413e-06	{P}
sp|P76559|YPFG_ECOLI	SINGLE	2	200	324	16	2.271e-04	{R}
sp|P76559|YPFG_ECOLI	SINGLE	3	36	50	5	2.875e-04	{N}
sp|P76575|YFGJ_ECOLI	SINGLE	1	5	54	8	1.171e-06	{C}
sp|P76575|YFGJ_ECOLI	WHOLE	1	1	71	8	1.656e-05	{C}
sp|P76585|YPHG_ECOLI	SINGLE	1	384	1079	97	1.647e-08	{A}
sp|P76585|YPHG_ECOLI	SINGLE	2	889	1039	21	1.922e-06	{Q}
sp|P76585|YPHG_ECOLI	SINGLE	3	575	929	59	3.630e-06	{L}
sp|P76585|YPHG_ECOLI	SINGLE	4	58	1008	33	6.628e-06	{W}
sp|P76585|YPHG_ECOLI	SINGLE	5	533	553	6	1.841e-04	{Q}
sp|P76585|YPHG_ECOLI	SINGLE	6	81	293	14	2.000e-04	{H}
sp|P76585|YPHG_ECOLI	SINGLE	7	230	260	6	8.089e-04	{Y}
sp|P76585|YPHG_ECOLI	MULTIPLE	1	393	1080	285	1.338e-18	{AQLR}
sp|P76585|YPHG_ECOLI	MULTIPLE	2	52	1010	126	1.697e-08	{WQH}
sp|P76585|YPHG_ECOLI	WHOLE	1	1	1093	124	9.973e-06	{A}
sp|P76585|YPHG_ECOLI	WHOLE	2	1	1093	35	1.860e-05	{W}
sp|P76585|YPHG_ECOLI	WHOLE	3	1	1093	70	3.466e-04	{Q}
sp|P76586|YPHH_ECOLI	SINGLE	1	314	356	8	3.694e-04	{N}
sp|P76586|YPHH_ECOLI	SINGLE	2	130	148	4	6.290e-04	{H}
sp|P76586|YPHH_ECOLI	SINGLE	3	274	345	6	6.347e-04	{W}
sp|P76586|YPHH_ECOLI	SINGLE	4	370	396	6	7.702e-04	{Q}
sp|P76586|YPHH_ECOLI	MULTIPLE	1	298	347	12	1.817e-05	{NW}
sp|P76612|YPJB_ECOLI	SINGLE	1	225	242	9	1.475e-07	{D}
sp|P76612|YPJB_ECOLI	SINGLE	2	237	261	10	4.038e-06	{S}
sp|P76612|YPJB_ECOLI	SINGLE	3	34	183	18	1.881e-05	{F}
sp|P76612|YPJB_ECOLI	SINGLE	4	159	213	9	4.300e-04	{N}
sp|P76612|YPJB_ECOLI	MULTIPLE	1	225	261	19	1.574e-08	{DS}
sp|P76612|YPJB_ECOLI	MULTIPLE	2	34	213	36	3.627e-07	{FN}
sp|P76612|YPJB_ECOLI	WHOLE	1	1	263	22	4.462e-04	{F}
sp|P76613|YPJC_ECOLI	SINGLE	1	90	148	13	9.445e-07	{N}
sp|P76613|YPJC_ECOLI	SINGLE	2	4	26	7	7.500e-04	{S}
sp|P76613|YPJC_ECOLI	WHOLE	1	1	160	19	4.647e-05	{N}
sp|P76692|YZGL_ECOLI	SINGLE	1	18	57	9	9.813e-05	{I}
sp|P76692|YZGL_ECOLI	SINGLE	2	53	67	7	1.659e-04	{L}
sp|P76692|YZGL_ECOLI	MULTIPLE	1	18	67	21	1.155e-06	{IL}
sp|P77136|YQEK_ECOLI	SINGLE	1	35	129	16	2.407e-06	{N}
sp|P77136|YQEK_ECOLI	SINGLE	2	45	117	15	1.401e-04	{S}
sp|P77136|YQEK_ECOLI	SINGLE	3	53	67	6	2.045e-04	{V}
sp|P77136|YQEK_ECOLI	MULTIPLE	1	49	124	38	1.864e-10	{NSV}
sp|P77136|YQEK_ECOLI	WHOLE	1	1	141	17	9.172e-05	{N}
sp|P77147|YDHT_ECOLI	SINGLE	1	117	158	12	2.312e-05	{S}
sp|P77147|YDHT_ECOLI	SINGLE	2	110	256	21	4.483e-04	{G}
sp|P77147|YDHT_ECOLI	SINGLE	3	102	116	6	5.574e-04	{A}
sp|P77147|YDHT_ECOLI	SINGLE	4	11	58	5	6.595e-04	{W}
sp|P77147|YDHT_ECOLI	MULTIPLE	1	119	230	36	4.108e-07	{SG}
sp|P77148|YDHS_ECOLI	SINGLE	1	283	530	25	2.404e-04	{R}
sp|P77148|YDHS_ECOLI	SINGLE	2	74	136	10	2.835e-04	{Q}
sp|P77148|YDHS_ECOLI	SINGLE	3	345	372	5	2.914e-04	{H}
sp|P77148|YDHS_ECOLI	SINGLE	4	508	527	7	4.883e-04	{A}
sp|P77162|YKFB_ECOLI	SINGLE	1	73	91	6	3.810e-04	{D}
sp|P77163|TFAR_ECOLI	SINGLE	1	89	165	15	8.543e-05	{E}
sp|P77163|TFAR_ECOLI	SINGLE	2	33	51	6	1.511e-04	{P}
sp|P77174|YBDM_ECOLI	SINGLE	1	134	150	6	8.712e-05	{R}
sp|P77174|YBDM_ECOLI	SINGLE	2	53	67	5	2.875e-04	{N}
sp|P77180|YKGH_ECOLI	SINGLE	1	5	202	27	1.313e-06	{I}
sp|P77180|YKGH_ECOLI	SINGLE	2	76	92	6	3.477e-04	{T}
sp|P77180|YKGH_ECOLI	WHOLE	1	1	222	27	1.055e-05	{I}
sp|P77206|YAFZ_ECOLI	SINGLE	1	3	89	17	5.867e-07	{R}
sp|P77206|YAFZ_ECOLI	SINGLE	2	231	253	7	4.607e-04	{G}
sp|P77206|YAFZ_ECOLI	WHOLE	1	1	273	30	1.487e-05	{R}
sp|P77216|YBDN_ECOLI	SINGLE	1	65	399	18	3.114e-06	{W}
sp|P77216|YBDN_ECOLI	SINGLE	2	133	154	7	1.310e-05	{F}
sp|P77216|YBDN_ECOLI	SINGLE	3	287	302	4	3.155e-04	{H}
sp|P77216|YBDN_ECOLI	SINGLE	4	100	156	9	5.750e-04	{Q}
sp|P77216|YBDN_ECOLI	MULTIPLE	1	100	156	16	7.697e-06	{FQ}
sp|P77216|YBDN_ECOLI	WHOLE	1	1	406	19	1.144e-05	{W}
sp|P77219|YAHC_ECOLI	SINGLE	1	3	152	25	1.274e-05	{G}
sp|P77219|YAHC_ECOLI	SINGLE	2	39	125	13	2.668e-05	{F}
sp|P77219|YAHC_ECOLI	SINGLE	3	18	131	8	2.722e-04	{W}
sp|P77219|YAHC_ECOLI	MULTIPLE	1	8	152	46	2.381e-10	{GFW}
sp|P77219|YAHC_ECOLI	WHOLE	1	1	165	26	2.310e-05	{G}
sp|P77221|YAHG_ECOLI	SINGLE	1	93	311	17	6.026e-06	{M}
sp|P77221|YAHG_ECOLI	SINGLE	2	315	450	23	2.137e-05	{G}
sp|P77221|YAHG_ECOLI	SINGLE	3	49	139	18	1.528e-04	{A}
sp|P77221|YAHG_ECOLI	SINGLE	4	53	463	37	1.870e-04	{I}
sp|P77221|YAHG_ECOLI	SINGLE	5	3	85	11	6.684e-04	{Q}
sp|P77221|YAHG_ECOLI	MULTIPLE	1	49	463	111	2.076e-10	{MAI}
sp|P77221|YAHG_ECOLI	WHOLE	1	1	472	25	3.631e-05	{M}
sp|P77221|YAHG_ECOLI	WHOLE	2	1	472	39	6.127e-04	{I}
sp|P77221|YAHG_ECOLI	WHOLE	3	1	472	48	9.587e-04	{G}
sp|P77286|YDEU_ECOLI	SINGLE	1	5	461	62	5.022e-08	{G}
sp|P77286|YDEU_ECOLI	SINGLE	2	2	443	43	5.049e-07	{N}
sp|P77286|YDEU_ECOLI	SINGLE	3	120	143	8	7.741e-06	{P}
sp|P77286|YDEU_ECOLI	SINGLE	4	139	326	27	2.792e-04	{S}
sp|P77286|YDEU_ECOLI	SINGLE	5	161	193	5	6.305e-04	{H}
sp|P77286|YDEU_ECOLI	MULTIPLE	1	2	461	105	1.546e-13	{GN}
sp|P77286|YDEU_ECOLI	MULTIPLE	2	147	326	33	8.514e-05	{SH}
sp|P77286|YDEU_ECOLI	WHOLE	1	1	466	62	9.879e-08	{G}
sp|P77286|YDEU_ECOLI	WHOLE	2	1	466	43	1.905e-06	{N}
sp|P77296|YBET_ECOLI	SINGLE	1	67	171	12	4.515e-04	{Y}
sp|P77296|YBET_ECOLI	SINGLE	2	6	20	5	5.275e-04	{I}
sp|P77297|YAHE_ECOLI	SINGLE	1	234	259	8	2.195e-05	{I}
sp|P77297|YAHE_ECOLI	SINGLE	2	58	119	8	5.246e-05	{H}
sp|P77297|YAHE_ECOLI	SINGLE	3	13	36	6	3.999e-04	{Q}
sp|P77301|YBAP_ECOLI	SINGLE	1	94	170	15	7.999e-07	{Q}
sp|P77301|YBAP_ECOLI	SINGLE	2	3	263	42	1.368e-04	{L}
sp|P77301|YBAP_ECOLI	SINGLE	3	31	45	4	2.419e-04	{H}
sp|P77301|YBAP_ECOLI	MULTIPLE	1	94	195	36	1.724e-08	{QL}
sp|P77301|YBAP_ECOLI	WHOLE	1	1	264	42	1.728e-04	{L}
sp|P77339|YAFT_ECOLI	SINGLE	1	5	19	4	7.491e-05	{C}
sp|P77339|YAFT_ECOLI	SINGLE	2	123	141	6	9.809e-05	{N}
sp|P77393|YAHL_ECOLI	SINGLE	1	52	133	18	3.878e-07	{D}
sp|P77393|YAHL_ECOLI	SINGLE	2	205	232	10	1.003e-04	{L}
sp|P77427|YBEU_ECOLI	SINGLE	1	148	171	6	1.935e-04	{Y}
sp|P77427|YBEU_ECOLI	SINGLE	2	146	160	4	2.419e-04	{H}
sp|P77427|YBEU_ECOLI	SINGLE	3	76	172	7	5.421e-04	{W}
sp|P77427|YBEU_ECOLI	MULTIPLE	1	146	171	10	1.107e-06	{YH}
sp|P77460|YBCY_ECOLI	SINGLE	1	16	101	9	9.360e-05	{H}
sp|P77460|YBCY_ECOLI	WHOLE	1	1	194	12	8.749e-04	{H}
sp|P77506|YBDJ_ECOLI	SINGLE	1	5	62	20	8.905e-08	{L}
sp|P77506|YBDJ_ECOLI	WHOLE	1	1	82	22	2.480e-06	{L}
sp|P77546|YDAV_ECOLI	SINGLE	1	196	224	6	3.071e-05	{M}
sp|P77546|YDAV_ECOLI	SINGLE	2	12	69	10	3.145e-04	{R}
sp|P77546|YDAV_ECOLI	SINGLE	3	35	89	9	4.440e-04	{Q}
sp|P77546|YDAV_ECOLI	MULTIPLE	1	12	89	20	1.224e-05	{RQ}
sp|P77564|YDHW_ECOLI	SINGLE	1	42	175	24	7.389e-05	{A}
sp|P77564|YDHW_ECOLI	SINGLE	2	89	201	13	2.560e-04	{Y}
sp|P77564|YDHW_ECOLI	MULTIPLE	1	42	201	40	1.253e-06	{AY}
sp|P77607|YAGL_ECOLI	SINGLE	1	173	214	11	2.976e-05	{K}
sp|P77607|YAGL_ECOLI	SINGLE	2	35	231	22	1.988e-04	{I}
sp|P77607|YAGL_ECOLI	WHOLE	1	1	232	24	3.204e-04	{I}
sp|P77627|YBER_ECOLI	SINGLE	1	154	222	11	4.292e-05	{Y}
sp|P77627|YBER_ECOLI	SINGLE	2	76	172	7	5.421e-04	{W}
sp|P77627|YBER_ECOLI	SINGLE	3	50	189	16	7.454e-04	{R}
sp|P77627|YBER_ECOLI	SINGLE	4	38	52	5	9.005e-04	{D}
sp|P77627|YBER_ECOLI	MULTIPLE	1	45	222	55	1.507e-07	{YWRD}
sp|P77656|YFDK_ECOLI	SINGLE	1	46	68	6	4.644e-04	{P}
sp|P77657|YAGK_ECOLI	SINGLE	1	65	90	8	1.790e-05	{R}
sp|P77657|YAGK_ECOLI	SINGLE	2	116	130	5	9.005e-04	{D}
sp|P77658|YNAA_ECOLI	SINGLE	1	113	316	26	7.066e-07	{Q}
sp|P77658|YNAA_ECOLI	SINGLE	2	2	238	41	9.139e-07	{A}
sp|P77658|YNAA_ECOLI	SINGLE	3	241	332	11	4.770e-06	{M}
sp|P77658|YNAA_ECOLI	SINGLE	4	92	262	25	7.847e-05	{E}
sp|P77658|YNAA_ECOLI	MULTIPLE	1	112	238	58	2.560e-12	{QAE}
sp|P77658|YNAA_ECOLI	WHOLE	1	1	342	52	2.038e-06	{A}
sp|P77658|YNAA_ECOLI	WHOLE	2	1	342	28	5.756e-04	{Q}
sp|P77688|YLBG_ECOLI	SINGLE	1	36	67	7	5.709e-04	{R}
sp|P77736|YAHD_ECOLI	SINGLE	1	25	113	7	4.932e-04	{C}
sp|P77736|YAHD_ECOLI	SINGLE	2	73	196	23	5.312e-04	{L}
sp|P77736|YAHD_ECOLI	MULTIPLE	1	25	196	35	9.652e-05	{CL}
sp|P77759|YLBH_ECOLI	SINGLE	1	36	81	9	4.090e-05	{Y}
sp|P77775|YFCH_ECOLI	SINGLE	1	171	192	8	4.570e-05	{G}
sp|P77775|YFCH_ECOLI	SINGLE	2	123	146	7	5.412e-04	{E}
sp|P78271|YFES_ECOLI	SINGLE	1	144	204	8	4.671e-05	{M}
sp|P78271|YFES_ECOLI	SINGLE	2	2	70	13	2.082e-04	{K}
sp|Q2EEQ3|YAHH_ECOLI	SINGLE	1	20	103	16	5.045e-04	{A}
sp|Q2EEQ3|YAHH_ECOLI	WHOLE	1	1	106	18	9.165e-04	{A}
sp|Q2EES0|YNFO_ECOLI	SINGLE	1	6	75	11	3.637e-04	{R}
sp|Q2EES0|YNFO_ECOLI	WHOLE	1	1	77	11	7.974e-04	{R}
sp|Q2EEU2|YJHX_ECOLI	SINGLE	1	47	61	6	1.570e-04	{K}
sp|Q2M7M3|YSAB_ECOLI	SINGLE	1	1	15	5	1.186e-05	{M}
sp|Q2M7M3|YSAB_ECOLI	SINGLE	2	64	93	6	8.147e-04	{F}
sp|Q46786|YGEF_ECOLI	SINGLE	1	61	86	8	2.195e-05	{I}
sp|Q46786|YGEF_ECOLI	SINGLE	2	5	32	7	1.297e-04	{N}
sp|Q46786|YGEF_ECOLI	WHOLE	1	1	148	16	4.618e-04	{N}
sp|Q46787|YGEG_ECOLI	SINGLE	1	44	113	15	3.846e-08	{Y}
sp|Q46787|YGEG_ECOLI	WHOLE	1	1	163	17	1.102e-04	{Y}
sp|Q46789|YGEI_ECOLI	SINGLE	1	3	18	5	4.001e-04	{N}
sp|Q46793|YGEN_ECOLI	SINGLE	1	5	133	20	4.117e-06	{I}
sp|Q46793|YGEN_ECOLI	SINGLE	2	160	182	7	1.809e-05	{F}
sp|Q46793|YGEN_ECOLI	SINGLE	3	3	140	20	2.155e-04	{K}
sp|Q46793|YGEN_ECOLI	MULTIPLE	1	3	140	40	5.896e-09	{IK}
sp|Q46793|YGEN_ECOLI	WHOLE	1	1	235	25	1.666e-04	{I}
sp|Q46796|YGEP_ECOLI	SINGLE	1	5	58	13	7.168e-04	{L}
sp|Q46808|YQEB_ECOLI	SINGLE	1	388	518	23	1.177e-05	{G}
sp|Q46808|YQEB_ECOLI	SINGLE	2	78	399	45	6.262e-05	{A}
sp|Q46808|YQEB_ECOLI	SINGLE	3	42	112	13	5.203e-04	{G}
sp|Q46808|YQEB_ECOLI	MULTIPLE	1	75	522	104	2.579e-07	{GA}
sp|Q46808|YQEB_ECOLI	WHOLE	1	1	541	65	1.805e-04	{A}
sp|Q46808|YQEB_ECOLI	WHOLE	2	1	541	55	4.901e-04	{G}
sp|Q46809|YQEC_ECOLI	SINGLE	1	217	233	5	5.538e-04	{Q}
sp|Q46831|YQGA_ECOLI	SINGLE	1	13	226	39	1.683e-05	{L}
sp|Q46831|YQGA_ECOLI	SINGLE	2	103	167	12	5.695e-05	{I}
sp|Q46831|YQGA_ECOLI	SINGLE	3	54	235	28	2.675e-04	{A}
sp|Q46831|YQGA_ECOLI	MULTIPLE	1	7	235	93	1.096e-10	{LIA}
sp|Q46831|YQGA_ECOLI	WHOLE	1	1	235	39	1.213e-04	{L}
sp|Q46831|YQGA_ECOLI	WHOLE	2	1	235	32	8.204e-04	{A}
sp|Q46831|YQGA_ECOLI	WHOLE	3	1	235	23	8.321e-04	{I}
sp|Q46858|YQHG_ECOLI	SINGLE	1	78	118	10	5.373e-05	{D}
sp|Q46919|YQCC_ECOLI	SINGLE	1	72	108	10	3.371e-04	{A}
sp|Q46941|YQEH_ECOLI	SINGLE	1	4	38	7	1.149e-06	{C}
sp|Q46943|YQEJ_ECOLI	SINGLE	1	34	106	10	8.559e-04	{N}
sp|Q46943|YQEJ_ECOLI	SINGLE	2	111	125	5	9.005e-04	{D}
sp|Q47138|YDFE_ECOLI	SINGLE	1	8	55	13	4.683e-05	{A}
sp|Q47138|YDFE_ECOLI	SINGLE	2	259	287	5	8.455e-05	{C}
sp|Q47138|YDFE_ECOLI	SINGLE	3	102	163	7	3.424e-04	{M}
sp|Q47138|YDFE_ECOLI	SINGLE	4	193	297	14	3.527e-04	{R}
sp|Q47138|YDFE_ECOLI	SINGLE	5	13	205	25	4.598e-04	{E}
sp|Q47138|YDFE_ECOLI	MULTIPLE	1	8	205	50	1.925e-05	{AE}
sp|Q47138|YDFE_ECOLI	MULTIPLE	2	193	297	19	2.530e-05	{CR}
sp|Q47270|NINE_ECOLI	SINGLE	1	7	22	5	6.419e-04	{R}
sp|Q47272|YLCG_ECOLI	SINGLE	1	12	32	6	3.138e-04	{R}
sp|Q47710|YQJK_ECOLI	SINGLE	1	32	85	7	1.426e-05	{W}
sp|Q47710|YQJK_ECOLI	SINGLE	2	7	86	14	1.979e-05	{R}
sp|Q47710|YQJK_ECOLI	SINGLE	3	7	21	5	2.936e-04	{Q}
sp|Q47710|YQJK_ECOLI	MULTIPLE	1	7	86	21	1.259e-08	{WR}
sp|Q47710|YQJK_ECOLI	WHOLE	1	1	99	15	5.596e-05	{R}
sp|Q47710|YQJK_ECOLI	WHOLE	2	1	99	7	6.096e-04	{W}
sp|Q6BEX5|YJDP_ECOLI	SINGLE	1	44	102	19	1.656e-11	{R}
sp|Q6BEX5|YJDP_ECOLI	SINGLE	2	23	105	19	9.417e-08	{D}
sp|Q6BEX5|YJDP_ECOLI	SINGLE	3	67	95	7	1.682e-04	{Q}
sp|Q6BEX5|YJDP_ECOLI	SINGLE	4	92	106	6	2.062e-04	{E}
sp|Q6BEX5|YJDP_ECOLI	SINGLE	5	22	36	5	5.275e-04	{I}
sp|Q6BEX5|YJDP_ECOLI	MULTIPLE	1	43	106	51	2.495e-23	{RDQE}
sp|Q6BEX5|YJDP_ECOLI	WHOLE	1	1	109	21	3.934e-08	{R}
sp|Q6BEX5|YJDP_ECOLI	WHOLE	2	1	109	19	6.658e-06	{D}
sp|Q7DFV3|YMGG_ECOLI	SINGLE	1	30	111	26	8.137e-12	{G}
sp|Q7DFV3|YMGG_ECOLI	SINGLE	2	52	83	9	4.800e-04	{A}
sp|Q7DFV3|YMGG_ECOLI	MULTIPLE	1	30	111	40	1.533e-13	{GA}
sp|Q7DFV3|YMGG_ECOLI	WHOLE	1	1	114	27	4.294e-09	{G}
sp|Q9XB42|YKFH_ECOLI	SINGLE	1	7	60	9	7.753e-04	{R}
sp|Q9Z3A0|YJGW_ECOLI	SINGLE	1	55	89	5	8.250e-04	{M}
sp|Q9Z3A0|YJGW_ECOLI	SINGLE	2	43	62	6	8.986e-04	{T}
sp|Q9Z3A0|YJGW_ECOLI	MULTIPLE	1	43	94	15	1.241e-05	{MT}
