Shannon_Entropy
3.0306390622295662
3.798533209849189
2.7527152789797045
3.30827083453526
2.9182958340544896
3.889270305306783
2.8937276703874564
2.8553885422075336
3.7159321855150296
3.0269868333592873
3.5424812503605785
3.4549868557726673
3.655045546825805
3.7843684875968613
3.881076880026371
4.022075149884437
2.498929563690935
2.889549430862088
2.9852281360342516
2.377443751081734
2.8731406795131336
3.3371753411230776
3.7959145219518393
3.1395722619867223
4.0593927438050175
3.3927474104487847
3.7140379074167633
3.9638096525384383
3.5424812503605785
3.653756708287001
3.576617644908665
2.889549430862088
3.471006908400293
3.7189680195050956
4.0025931408562085
2.984234164652489
3.8397309831962234
4.011068827697277
3.5383105956150054
3.0220552088742005
4.007636479305162
4.007287913408003
2.8522170014624826
3.155565013329718
3.854331304635881
3.993696217546208
3.44075983254009
4.070805724381095
2.8553885422075336
4.034539182642978
3.4759093770885316
4.099029653217911
2.521640636343318
3.873277668313036
3.8474349882635113
3.8236217878274545
3.534219021180341
1.584962500721156
3.0709505944546684
3.9857808213564594
3.182005814760214
3.207707064470474
3.842370993177109
3.2359263506290334
0.9182958340544896
4.064146094125564
3.6424896731661263
3.9021748142117274
3.5888915612782486
3.8040063852515473
2.8553885422075336
1.0
3.8248629576173565
3.2359263506290334
4.141105590449127
3.1898980954642875
2.8553885422075336
3.521640636343319
3.521640636343319
3.6464393446710153
3.127986806877675
2.8553885422075336
3.9406310006001206
3.6826487250313256
0.0
3.337175341123077
3.418295834054489
2.9182958340544896
3.334679141051595
3.0565647621309537
3.572469458770136
3.452819531114783
3.8430101595548547
3.188721875540867
3.3927474104487847
3.202819531114783
3.3735572622751855
3.900153016697712
3.381580488309164
3.5434651896016462
3.6572682296173897
3.521640636343319
3.057476076289932
0.9055872616982603
3.1371421977877048
3.2402239289418517
3.197159723424149
3.5585186130489057
3.521640636343319
3.546439344671015
3.0220552088742
3.74095326040484
3.4316235658474303
3.5
3.292770193936991
3.784941827437642
3.6978458230844113
3.3680424225727155
3.536886723742166
3.238901256602631
3.7544418457133446
3.085055102756477
3.446439344671015
3.0414460711655216
3.5814447879326115
3.5032583347756456
3.975196894286036
3.6784391908277176
3.6784526172453997
3.647742678581274
2.7534343861887844
3.3787834934861767
3.3735572622751855
3.195295934496216
2.8553885422075336
3.658993415253805
3.323231428797621
3.348436818791725
3.4472624994412104
3.323231428797621
3.392747410448785
3.084962500721156
3.3787834934861767
3.350209029099897
3.238901256602631
3.2516291673878226
3.139572261986723
3.238901256602631
3.5325732575026194
3.0850551027564768
3.215841172683753
3.521640636343319
3.4685766296878655
4.119655159495249
4.101202445739505
3.614438730983426
3.7856896901783905
3.8896964611035756
4.094629049565266
2.6667051125096535
2.40056537243482
2.824765129981916
3.238901256602631
3.350209029099897
3.2516291673878226
3.378783493486176
3.5383105956150054
3.594465636961452
3.896291529045928
3.3927474104487847
3.346439344671015
3.5
3.9850045845498667
3.7916116644269757
3.849223912390625
3.5385623360756293
3.602316558505553
2.8553885422075336
2.8553885422075336
3.616348566075164
3.0441104177484006
3.1971597234241487
3.6536606896881847
3.446439344671015
3.463280517810811
3.4992275417233567
3.534219021180341
2.950212064914747
3.5068905956085183
1.9473387961875537
3.734521664779752
3.977567157116928
4.009458901888653
4.015165512246686
3.5032583347756456
3.378783493486176
3.6507086885128905
3.238901256602631
3.763965742824082
3.0269868333592873
3.095795255000934
3.553090083530327
3.992209908432696
3.6572682296173893
3.238901256602631
3.7425895018519184
3.0220552088742
3.6069367321753214
3.384183719779189
3.4548223999466066
3.317640005966217
3.4548223999466066
3.51602764126623
3.077819531114783
3.5
3.7395722619867224
3.7377451654565217
3.620571577105421
3.0269868333592873
3.764735178725505
3.1853735923368953
3.182005814760214
3.6304126608739984
3.9317008194635625
3.4540407967346805
2.573557262275185
3.6335059949783677
3.850926572126644
3.5068905956085183
3.4594705707972517
3.384183719779189
3.039148671903071
4.006985135476339
3.507048827786958
2.692380602454975
3.1556390622295662
3.0708470936225174
2.8553885422075336
3.189898095464287
3.4830741894285686
3.5976789295139424
3.175123135113461
3.6931902739466813
3.91829583405449
2.7516291673878226
3.175123135113461
2.973557262275185
3.189898095464287
3.8519883906136068
3.7024715122197467
3.350209029099897
3.006238928653389
3.75
3.32323142879762
3.75
3.661226256269789
3.538896214227932
3.897587036123537
2.5220552088742005
3.942103883424012
3.5
3.2516291673878226
3.2639334294856344
3.5766176449086653
3.1728107335198636
3.1517988525068454
3.791127939003702
3.202819531114783
3.808694969562841
3.8584410790057557
3.5726236638951634
2.8729055953200557
2.950212064914747
3.085055102756477
3.3927474104487847
3.327819531114783
3.594465636961452
2.873140679513133
3.238901256602631
3.3841837197791884
1.6258145836939115
2.584962500721156
3.292770193936991
4.014438730983426
3.3371753411230776
3.039148671903071
3.7238002537032724
3.378783493486176
3.658993415253805
3.283326937686059
2.950212064914748
3.8978016382087795
3.916607904809985
2.873140679513133
3.638147696204827
3.5585186130489057
3.728502115742625
3.640223928941852
4.043544614839371
3.334679141051595
3.3176400059662168
3.4713544870139277
3.189898095464287
3.7321588913645694
3.821928094887362
3.373557262275185
3.3927474104487847
3.039148671903071
3.672905595320056
3.182005814760214
3.8282375018429557
3.5160276412662306
3.5688748577050156
3.446439344671015
3.077819531114783
3.824533406881911
3.484183719779189
3.715957320949174
1.0
2.8553885422075336
3.340776554548052
3.084962500721156
3.375814583693912
3.251629167387823
3.4992275471326932
2.873140679513133
4.119113670336753
4.029452044030914
3.418295834054489
3.7216117239699003
3.503258334775645
3.8398227820087545
3.125
3.884742290054037
3.538310595615006
3.632557040147423
3.8924235715982154
3.8701751356640517
3.699780313829365
1.7471671973069338
3.33681032692179
3.481714572986072
3.855388542207534
3.521928094887362
3.8589572866686432
3.918160403188223
3.182005814760214
3.27458721045215
2.85845859334435
3.59524460448036
2.8150724101159437
3.7841837197791888
3.0565647621309533
3.6163485660751635
3.09306920777189
3.039148671903071
2.9842341646524884
3.4086949695628412
3.051601636871704
3.1018812234760182
3.3348486136508466
2.688721875540867
3.0269868333592873
2.950212064914747
3.1961547809328676
2.8282129458410017
3.4713544870139286
3.2402239289418517
3.8074451769552415
3.1556390622295662
3.350209029099897
3.836600340868551
3.084962500721156
3.188721875540867
3.0220552088742
3.521640636343319
3.5219280948873624
3.903621592939314
3.8846306629015896
0.49715018363696706
3.4182958340544896
2.918295834054489
3.1068905956085184
3.418295834054489
3.940759832540089
0.9917601481809735
0.409633443977211
1.532914563979398
1.271782221599798
3.5351745656359026
3.558518613048906
3.446439344671015
3.8347238828951915
3.337175341123077
3.2009102795095283
3.9176854026749828
3.085055102756477
3.6226079828175326
2.8073904508767225
3.5464393446710156
3.106890595608519
3.53641423712223
2.845350936622437
3.5535088547976783
3.625
3.1746742319786425
3.381580488309164
3.454822399946607
3.334679141051595
3.506890595608519
3.885828069136431
3.1713731502314886
3.8211589405473565
3.833371693654795
3.8634751926837936
3.6761085007312415
3.5110854081804264
3.5932696895151075
3.182005814760214
3.2810361125534233
3.605388542207534
3.1555650133297184
3.1898980954642866
3.327819531114783
2.8553885422075336
3.4565647621309536
4.143112009869463
3.461725074756386
3.536758681457
3.5068905956085183
3.4685766296878655
3.0306390622295662
3.180832987205441
3.680089353694807
3.751479777640285
3.567040216926579
3.2516291673878226
2.792481250360578
2.950212064914748
3.690116517593666
4.092808364703286
3.180832987205441
3.6258145836939115
3.2608281712244547
3.858315680798383
3.663532754804254
3.9238561897747237
3.8634651896016465
3.708132064658602
3.6682958340544896
3.43162356584743
3.6572682296173897
3.7777471629109445
3.9022160294716155
2.721928094887362
2.921928094887362
3.146348489042373
3.2610276044371003
3.246403948341226
3.243300368538957
2.594694926704174
3.083380038462504
3.189898095464288
3.6168746059562227
3.378783493486176
3.973499794636316
3.9890220554547264
3.638252707130774
4.077832939608982
3.866433150225384
3.3660913291191923
3.8248629576173574
3.381580488309164
4.052120880994365
3.635234743489788
3.7887549139935026
2.5495234595978316
3.689058215261919
3.5071499995644975
3.943739034658971
3.922107289308712
2.6556390622295662
2.906151942156556
3.3248629576173574
2.866247897312731
2.8962915290459286
3.2033650875091753
3.826874881864637
3.202819531114783
3.180832987205441
3.2516291673878226
3.5780011510322707
3.6225797618424913
3.530493056757482
3.350209029099897
3.4701755214643453
3.3990795706241737
4.041429028353823
3.09306920777189
3.378783493486176
3.572623663895163
4.092993669446822
3.53850987421411
2.7773627950641693
3.6015152803175132
4.001562771295196
3.0269868333592873
0.8180959929710641
0.7732283485249176
0.6685644431995964
3.368042422572715
3.842718564849674
3.3816201079487347
3.1018812234760182
2.873140679513133
3.3927474104487847
3.8212963336848604
1.6258145836939115
1.914341183612352
2.0461796919474975
3.3371753411230776
3.238901256602631
0.8166890883150209
3.0220552088742
3.418295834054489
3.2359263506290334
3.238901256602631
2.918295834054489
3.8022512774028616
2.872905595320056
3.446439344671015
0.8475846798245739
1.7004397181410922
3.0849625007211556
2.0930692077718898
3.3248629576173574
3.2516291673878226
3.8279097821439705
2.8256426911189423
2.9655839357277807
2.694781460584273
2.860635294003514
3.034526148956974
3.2359263506290334
3.3735572622751855
3.1018812234760182
3.3263604079526936
3.251629167387823
3.41041725276052
1.022420703848328
3.375
3.690260390968384
3.5013978254341036
3.0414460711655216
3.471354487013928
3.3248629576173574
3.0849625007211556
3.1307179879273748
2.688721875540867
3.7121931183607577
3.691428031846024
3.952806477336872
3.182005814760214
2.6258145836939115
1.158938532350277
3.238901256602631
1.7448425317532439
3.2516291673878226
3.3927474104487847
3.2516291673878226
2.6887218755408666
3.8087681985670545
3.6464393446710153
3.317640005966217
3.085055102756477
3.182005814760214
3.5417435206018593
2.889549430862088
3.770942421748537
3.762818395221641
3.155221528859512
3.936212985692654
3.456564762130954
3.4841837197791885
3.2961483747476237
3.4841837197791885
3.25
3.182005814760214
3.5351745656359026
3.188721875540867
3.5841837197791886
3.1692486956952335
3.4548223999466066
3.057476076289932
3.378783493486176
4.035805877806669
3.0220552088742005
3.0385623360756298
3.292770193936991
3.3660913291191923
3.824252831282987
4.033105184580204
4.063416839879138
4.201440588628424
3.2321018048454127
4.138180379116325
3.593269689515108
3.9265511640557156
3.2359263506290334
3.653660689688185
3.763313653112508
3.070847093622518
3.9934506813359874
3.551595655674384
3.461320140211008
3.3921472236645345
4.008693643845289
3.2359263506290334
3.7254805569978675
3.5
4.070703937733185
1.0
3.0269868333592873
3.373557262275185
3.238901256602631
3.0850551027564768
3.039148671903071
3.334679141051595
3.334679141051595
2.25
4.018609748592774
0.6402064333604701
1.280019973431558
3.2195282822995477
3.2608281712244542
2.873140679513133
3.1279868068776753
2.793345194191516
3.4992275471326932
3.2516291673878226
3.5068905956085183
3.2359263506290334
3.521640636343319
3.2516291673878226
3.431623565847431
3.381580488309164
3.5
3.3680424225727155
3.2655833228877325
2.8423709931771093
2.751629167387823
2.6612262562697895
3.4138338639736006
3.0220552088742
3.5
3.91829583405449
3.378783493486176
2.096162096193216
2.2369837554745207
2.40056537243482
1.8322488896002305
2.1174924611847548
2.2087659000636384
0.5974547231656377
0.7798118369647672
3.3371753411230776
3.0269868333592873
2.950212064914747
3.0220552088742
3.0062389286533895
3.2516291673878226
3.364733720491344
3.7015976801102295
3.7887549139935026
3.4992275417233567
2.0
3.732444601324706
3.6887218755408675
2.973557262275185
3.182005814760214
2.873140679513133
2.855388542207534
3.7538669012688164
3.5063272643018997
3.106890595608518
2.73345859334435
3.6947396630551754
3.699470570797251
3.576617644908665
3.9396257864032207
3.7943360657504512
3.3248629576173574
3.732158891364569
3.8475051439868984
4.020060284071712
2.9182958340544896
3.29287868934203
0.0
3.8831078359943145
3.452819531114783
3.534219021180341
3.9357276594930424
3.2359263506290326
3.795088586397733
3.7381493331928657
3.507048827786958
3.9512723801129095
3.9723064058771302
3.327819531114783
2.950212064914748
3.8856507056554372
3.657575159678482
3.1590795706241743
3.4072682296173897
3.729446194905257
2.9450386975402445
3.5519705475093923
3.0306390622295662
2.927451224964519
3.238901256602631
3.4056390622295662
3.686419411348773
3.182005814760214
3.642371448743902
3.507380102423635
2.950212064914747
3.5592333872023847
3.0269868333592873
2.4508257945180882
3.8409468956574977
3.024397470347699
2.1258145836939115
2.9559130951758243
3.399079570624174
3.7849418274376423
3.058813890331201
3.0220552088742
3.5
3.213513256009071
3.418295834054489
3.7810760119146067
2.984234164652489
3.681880802803402
2.8150724101159437
3.8937197834992356
3.721928094887362
3.4104172527605203
3.327819531114783
3.175123135113461
3.327819531114783
3.337175341123077
2.739572261986723
3.584160077184328
3.182005814760214
4.094217946543679
3.9465208304336565
3.2359263506290334
3.0850551027564768
3.039148671903071
3.0849625007211556
3.4316235658474303
2.895423870280316
3.689703732199547
3.742996373129916
3.3834651896016465
3.633038535110096
3.5988781801233425
3.468576629687865
3.8734673730375815
3.1709505944546685
3.8230679822736606
3.2639334294856344
3.5836169753972325
3.594465636961452
3.5110854081804264
3.2359263506290334
3.006238928653389
3.3927474104487847
3.182005814760214
3.826874881864637
3.3263604079526936
4.195786415753451
3.0849625007211556
3.7113148583552356
3.973660689688185
3.327819531114783
2.89740761970092
3.2359263506290334
3.628928031846024
3.440636352673266
3.3735572622751846
3.5464393446710156
3.2402239289418517
3.4474015047059146
3.503258334775645
3.182005814760214
3.3371753411230776
2.7192945256669794
1.5983490981282338
1.3716407621868583
3.0269868333592873
3.2516291673878226
3.29989639116789
4.087257676333164
3.601063896544828
3.7705877251148108
3.80827083453526
3.2033650875091753
3.381580488309164
3.484183719779189
4.01220181261322
3.8015935110056294
3.7820896423727435
3.1307179879273748
3.7114515012916294
3.6094963344256965
1.1401156785146092
3.182005814760214
3.337175341123077
3.085055102756477
3.5865692464606247
0.8166890883150209
2.9312089489103235
3.4830741894285686
3.3342094594480485
3.337175341123077
2.8553885422075336
3.3680424225727155
3.4086949695628417
3.625
3.7030407100708653
3.366091329119192
3.238901256602631
3.6901165175936654
3.3927474104487847
3.3263604079526936
3.425118550357139
2.8423709931771084
3.188721875540867
3.180832987205441
2.9633816209927053
3.1279868068776753
3.7588670992335307
3.3735572622751855
3.373557262275185
3.6887218755408675
3.3927474104487847
3.8380398168981555
3.43162356584743
3.373557262275185
3.8731406795131327
3.8230679822736606
3.784941827437642
3.5434651896016462
3.5092750707107125
3.965832250293527
1.0
4.141589758563082
3.327819531114783
3.859726457207222
3.813660689688185
3.744535256850675
3.8731406795131327
2.6184569571471745
2.4609640474436816
3.4980685120588384
2.688721875540867
3.7052290027422967
3.4464393446710155
3.1358218241480356
3.9912634151022552
4.171649777897272
3.8373261452560077
3.7849418274376423
3.3660913291191927
3.7671834678914604
4.039705394345331
3.838342081737123
3.6818808028034016
3.8176899157499977
4.104867392434925
3.4869723279557774
3.461320140211008
3.9317198784922938
3.483005030268013
4.047055675509122
3.8951509201400127
3.4632805178108104
3.8225797618424915
3.189898095464287
3.197159723424149
3.744798560330712
4.0767735592652565
3.3086949695628416
3.471836681600695
3.9206972750008644
3.501397825434103
2.71929452566698
3.1436084313603834
3.151473363314105
2.9748499800782082
3.691619768623795
3.5841837197791886
3.3521355399069055
3.5434651896016467
3.8879239773897933
3.7076851016082752
3.7278098080841553
3.30827083453526
3.8758494743010163
3.4970558484728045
1.5783898247235197
3.625
2.7534343861887853
3.6841837197791882
3.238901256602631
4.032303242743954
3.6537567082870006
3.3735572622751846
3.4613201402110083
3.66829583405449
3.6412498004554785
3.3680424225727155
3.921029621737614
3.263933429485634
2.9834585933443494
3.3082708345352603
4.037868124734552
3.378783493486176
3.5304930567574826
3.681880802803402
3.084962500721156
3.6385304691242912
3.463280517810811
3.5535088547976788
3.084962500721156
3.4992275417233567
3.4745049881054295
3.627763553007399
1.2977968115985956
3.2516291673878226
3.0062389286533895
3.661226256269789
3.238901256602631
3.2359263506290326
3.378783493486176
1.7474130395316416
1.760495029766198
0.2974722489192896
1.626688849701832
0.7793498372920851
2.6986604604011157
3.7720552088742005
3.0849625007211556
1.3713054016517379
3.169925001442312
3.4685766296878655
3.2516291673878226
3.9428621651554665
3.0930692077718893
3.584962500721156
3.625
3.4613201402110083
2.8150724101159437
3.950672298799889
3.039148671903071
3.32323142879762
3.521640636343319
3.5908201005000873
3.3927474104487847
3.2516291673878226
2.9232314287976204
1.384431504340598
3.375
3.6841837197791887
3.896439344671015
2.396240625180289
3.237405811425517
3.518369978719459
3.039148671903071
3.5724312513221195
3.182005814760214
2.9312089489103235
3.572469458770136
3.9442910217715745
3.5726236638951634
3.1916116417513782
3.7238741646236546
3.084962500721156
3.508536226074461
3.468169717304463
2.9232314287976204
3.507380102423635
3.855903343507145
2.747167197306934
3.564540477736988
2.931208948910323
3.327819531114783
3.189898095464287
3.8728945319066965
2.9232314287976204
3.6464393446710153
3.6566692645830736
2.0329440206159575
3.4685766296878655
3.378783493486176
2.702819531114783
3.5511911744656968
3.084962500721156
2.8729055953200557
4.144524822714646
1.0
3.697877266450896
3.5110854081804272
3.68948496137145
1.3709505944546687
3.368042422572715
0.0
3.6901165175936654
3.458618129281216
3.779841472475992
3.5137718616878675
3.6234651896016468
3.5574319619297032
3.1466825840759682
3.8460517423779885
3.840863524765607
3.5031449409815765
3.68282552422005
3.78017915789576
3.5585186130489057
3.8625995403480298
3.8389613181241034
3.188721875540867
3.743108387614145
3.7139996492719107
2.7534343861887853
2.952819531114783
3.8640591895934944
3.792837797403416
3.2810361125534233
3.548363771623642
3.375
3.6504547254190594
3.516915257020528
3.1751231351134614
3.327819531114783
3.473377116305887
3.8199096757414432
3.4578671314725846
2.9219280948873623
3.981602740151687
3.4246598369451866
2.6235166412180155
3.236857303422074
3.637849424351334
3.6920650165506874
3.3787834934861767
3.202819531114783
3.6430741894285688
3.3397701521009973
2.5654483718208256
3.070847093622518
3.2810361125534233
3.3787834934861767
3.7722168932909717
3.203701696057348
3.6959670014624826
3.4369587782755753
3.807256140736618
3.6864297039809353
3.5010497291079394
3.188721875540867
2.899397470347699
3.871966358819927
3.808884070537635
3.715199876515856
3.318030335864211
3.7873261452560074
3.3005590923909534
3.070847093622518
3.5832439765798516
3.457867131472585
3.3199025797939585
3.0286393118385755
3.7996066373125443
2.8553885422075336
3.182005814760214
3.749090758326514
4.005881842761869
3.0104340890333376
3.2684930703645576
3.5528988492392517
3.802910079649727
3.5878587982995085
3.5470851333950875
3.7303377974034158
3.601677741345217
3.25
2.9841837197791885
3.661932872373583
3.6887218755408675
4.001379173984211
3.182005814760214
3.180832987205441
2.584962500721156
3.762310736133871
3.5722539283649266
3.695501148817395
3.594465636961452
0.6437936616217652
3.375
3.0849625007211556
3.5385098742141103
3.734521664779752
3.182005814760214
3.7887549139935026
3.7841837197791888
3.1961547809328676
3.690296503327815
3.6971597234241482
3.3116357394949607
3.43971065015136
2.872905595320056
3.8674128261197933
3.753434386188785
3.447401504705915
3.188721875540867
1.9086126988727123
3.0269868333592873
1.6691803368667308
1.9531249576806295
2.1334970134640976
2.092929954505591
1.0389205950315936
3.3263604079526936
3.797902689682947
3.139572261986723
3.189898095464287
3.7442393049484353
3.82790978214397
3.347425798346511
3.8235555902380574
3.4104172527605203
3.6749627725862
3.418295834054489
3.5944656369614525
3.517894147619623
3.531941205546659
4.074291667567676
3.8926871649903414
3.372920503656105
3.802701693642799
3.5645404777369882
0.7732283485249176
1.8919954870390203
1.7841591278514217
2.225605199016944
1.7273966735744792
2.251629167387823
2.188721875540867
2.263809173883546
2.374556048381884
2.5220552088742005
2.1280852788913944
2.374556048381884
2.251629167387823
2.335505556517097
1.4652556501132248
3.30827083453526
2.9689185639620974
2.6612262562697895
3.755913095175825
2.8553885422075336
3.4594316186372964
3.636842188131012
3.189898095464287
3.6259791299831017
3.7647351787255046
3.1416354077249595
3.658313203934565
3.4632805178108104
3.5585186130489057
3.3176400059662163
3.826561782503199
4.024275953792286
4.044977849277165
3.986805081520116
3.2089873002587996
3.6339740759971577
3.662821676438474
3.939305388136664
3.766688805724416
3.9933822627791433
3.8349625007211565
3.837494050529242
2.9312089489103235
3.240223928941852
3.188721875540867
3.625
3.521928094887362
3.45852501923415
1.1063137138648347
3.2210972500579564
3.3564924137968233
3.629219686524096
3.603856189774724
3.238901256602631
2.777776811456787
3.1556390622295662
3.25
3.418295834054489
3.2516291673878226
4.032303242743954
3.5585186130489057
3.4613201402110083
3.30827083453526
3.056564762130954
2.9312089489103235
3.4992275471326932
4.056881383245934
3.238901256602631
3.3232314287976203
3.238901256602631
3.8924866505712017
3.5160276412662292
3.3921472236645345
4.015311532225102
3.381580488309164
3.1841837197791887
3.392147223664534
3.177566232096525
3.378783493486176
3.3248629576173574
3.546439344671015
3.373557262275185
3.822717804806415
3.6168746059562227
3.5724312513221195
3.239097917988786
3.48582592784901
2.2841591278514217
3.5383105956150054
2.9232314287976204
2.8662478973127308
3.5902950048632554
3.572469458770136
3.501397825434103
3.4072682296173893
3.5304930567574826
3.3728786893420306
3.779528989293003
3.3927474104487847
3.0062389286533895
3.721928094887362
4.022428055927886
4.083573191486818
3.8909358322106518
3.7744551302868974
2.706890595608519
3.381580488309164
3.584183719779189
3.0062389286533895
3.6617460807270463
3.0994839817876887
2.9056390622295662
2.6098501660289424
3.467720100474499
3.5178160905596987
3.337175341123077
3.350209029099897
3.442862165155466
2.8553885422075336
3.7843684875968613
3.6302753548819773
3.410232940673185
4.220928060262287
3.5724312513221195
3.8628148954723547
3.383465189601647
3.8013201709561892
4.084327673480014
3.479079570624174
2.918295834054489
3.950063756436209
4.069703838010888
3.0311161724560187
3.8123730343184357
3.606015279620733
4.028790881964119
2.610577243331642
2.8553885422075336
3.2402239289418517
3.2516291673878226
3.0849625007211556
1.8327230088457283
2.5654483718208256
2.688721875540867
3.960940690113308
3.8035088547976788
2.1464657985040723
2.9182958340544896
3.016875695766564
3.4642346527265664
3.5068905956085183
3.2516291673878226
3.056564762130954
3.2359263506290334
3.8195064044088136
3.501397825434103
3.630985019785137
3.1898980954642875
2.4256635129082222
3.1556390622295662
3.2516291673878226
3.793994696465053
2.5654483718208256
3.621928094887362
3.522711955680758
3.7407713918234875
3.4086949695628417
4.036896358183061
3.182005814760214
2.188721875540867
3.481562134407102
3.106890595608519
3.640223928941851
3.6357831963307286
3.180832987205441
3.1556390622295662
3.4613201402110083
3.238901256602631
3.452819531114783
3.5225715891363594
4.0260298517012805
4.013809285695775
3.972024162154152
4.053097973630986
3.734521664779752
4.0529371627582185
3.9804441095181637
2.8553885422075336
3.440759832540089
2.8553885422075336
3.418295834054489
3.238901256602631
0.7732283485249176
2.952819531114783
3.9822892374933265
3.9311275426950276
3.745111786682391
1.584962500721156
2.973557262275185
3.2516291673878226
3.5110854081804264
2.9709505944546684
3.418295834054489
3.0220552088742005
3.0269868333592873
3.180832987205441
3.0565647621309537
3.4765540196866045
4.0433370526326025
3.8527277834538585
3.870673231120868
4.104024444972033
3.5
2.835237745312118
3.8588029144615943
3.0269868333592873
2.768853837616
3.722079047066322
3.636842188131012
3.9268549481878945
3.5883543471732335
3.0850551027564768
0.7732283485249176
3.5
3.085055102756477
3.125
3.2464393446710154
3.8547875761536163
2.524397470347699
3.408549096875308
3.1484930703645584
3.621175542919471
2.873140679513133
3.6820058147602137
3.990586380385236
3.765319531114783
3.8634651896016456
3.1971597234241487
3.3787834934861767
3.2390979179887864
3.7395350185781484
3.521640636343319
3.0269868333592873
1.0
2.5550365325772657
4.096800535572151
3.9990795706241737
4.033146779638069
3.850858406793271
3.1300965864753056
3.3082708345352603
3.91829583405449
3.636842188131012
3.5424812503605785
3.7848977027564086
3.5032583347756456
3.689703732199547
3.8252517372886503
3.7871439606981383
3.7192945256669785
3.8035088547976788
3.7256507561120933
3.880179922675737
2.8423709931771093
3.810081020521731
3.5932696895151075
3.238901256602631
1.0
0.8795064608120066
3.418295834054489
3.454986855772667
3.5724312513221195
3.6635327548042538
3.657289952363989
3.7291832003123275
3.430457025500558
3.4528786893420307
3.3927474104487847
3.521640636343319
3.5479069076840855
3.084962500721156
3.3248629576173574
3.169925001442312
3.182005814760214
3.854181017385495
3.32323142879762
3.5796021324441805
3.7843684875968617
3.4613201402110083
3.4992275471326932
3.726474118254375
3.4407598325400897
3.6040317545551486
3.639079570624174
3.2516291673878226
2.7534343861887853
4.0378382197838825
4.090099557965345
4.07027456630276
4.04363785115567
3.642371448743902
3.7409532604048397
3.8282375018429557
3.5883543471732335
3.4713544870139286
3.7887549139935026
3.8731406795131327
3.6339740759971577
3.783465189601646
3.6211755429194716
3.32323142879762
3.9225895736416696
3.818588646061331
3.0574760762899316
3.2359263506290326
3.506890595608518
3.5743577621291283
3.0306390622295662
3.3927474104487847
3.322179345516666
3.077819531114783
3.9292292966721747
3.3211043305784886
3.0269868333592873
1.8389205950315937
3.0062389286533895
3.2516291673878226
3.4817145729860717
3.182005814760214
3.584183719779189
3.6989980066177184
2.9852281360342525
3.594465636961452
3.039148671903071
3.452819531114783
3.6069367321753205
3.743377462774617
3.501397825434103
4.01226471450379
3.653660689688185
3.6020625374548216
3.471354487013929
3.2927701939369904
2.931208948910323
2.918295834054489
3.084962500721156
3.251629167387823
3.085055102756477
3.09306920777189
3.202819531114783
3.2516291673878226
1.188721875540867
3.7834651896016465
2.7272170014624826
3.085055102756477
3.4547012441673464
3.266332639970623
3.239097917988786
3.9333404410681148
2.905764584655453
3.3037016960573484
3.688968181382679
2.918295834054489
2.8731406795131336
2.8073549220576046
3.8675769461761953
2.973557262275185
3.133290911299865
3.0220552088742005
3.639408423097839
3.25
3.031116172456019
3.763358429231108
3.806141766909978
3.327819531114783
3.8136606896881853
3.9106126584424814
3.855068296194697
3.7034651896016464
3.947125038779822
3.2516291673878226
3.8460797877378807
3.6211755429194716
3.1841837197791887
3.3082708345352603
4.0126991878517995
3.506890595608518
3.3927474104487847
2.9450386975402445
3.9479885853641634
3.9039635128328305
2.4193819456463714
1.5
3.392747410448785
4.12724894524286
4.164422452625599
3.056564762130954
3.71937582241537
3.7950885863977324
3.0565647621309537
3.0849625007211556
3.327819531114783
3.238901256602631
2.338595409754459
3.625
3.8561962982193805
3.6838561897747235
3.8731406795131322
3.9075354380025638
3.3841837197791884
2.873140679513133
3.4992275471326932
3.5944656369614525
3.893660689688185
3.8035088547976788
3.182005814760214
3.0269868333592873
3.2516291673878226
3.251629167387823
3.4548223999466066
3.188721875540867
2.5073801024236357
3.189898095464288
3.4548223999466066
2.931208948910323
3.084962500721156
4.065889090448336
2.918295834054489
2.8553885422075336
2.8553885422075336
3.084962500721156
3.6402239289418516
1.5058762556041068
0.39124356362925566
3.6245186549588984
3.1018812234760187
4.045532487079214
3.7289721408610004
3.555533151426996
3.6421498816369033
3.4332696895151082
3.153107168362811
3.7858673024119973
3.484183719779189
3.6335059949783672
3.4906015629507228
3.1898980954642875
3.4701755214643453
3.606936732175321
3.0269868333592873
3.2464393446710154
3.5101762259314633
3.5368867237421666
1.6952344606079588
3.1887218755408675
3.581076011914607
3.7216117239699003
3.180832987205441
3.3787834934861767
2.931208948910323
3.189898095464288
3.584962500721156
3.2516291673878226
3.260828171224455
1.1941737342569119
3.999183522035174
3.431138011869055
3.084962500721156
1.584962500721156
3.4548223999466066
3.024397470347699
3.2516291673878226
3.788754913993503
3.9371026354753624
3.424955744609935
3.8162027888111862
3.790111627659181
3.763410102913459
3.8756556358878647
3.799427721099322
2.6464393446710153
2.054585169337799
1.6894822670191825
3.9259265776147134
3.456564762130953
2.688721875540867
3.0850551027564768
3.3816201079487347
3.27280432733462
3.8487556102340736
3.207707064470474
3.9281620530640127
3.238901256602631
3.3232314287976203
2.8553885422075336
3.6810987973215856
3.327819531114783
3.7741680956644306
3.039148671903071
3.202819531114783
3.3815804883091634
3.039148671903072
3.985780821356459
3.9169449391797717
3.940389016708283
3.2927701939369904
2.524397470347699
3.7050540796780402
2.9232314287976204
3.621928094887362
3.680397844186098
4.066429664591581
3.189898095464287
3.773557262275185
3.039148671903071
3.182005814760214
3.0849625007211556
3.238901256602631
3.6537567082870006
3.303701696057348
3.672997271796528
3.09306920777189
3.9770551794627513
4.085440244789457
3.5615947670885157
3.7605181775563765
3.8100810205217313
3.3816201079487347
1.0892300788425848
1.2366407419411674
3.0850551027564768
3.512479270691232
2.873140679513133
2.950212064914747
1.3663146570363986
1.3731999597495852
1.1981174211304033
3.8374656259801387
3.7244612452819026
3.6211755429194716
3.006238928653389
3.1307179879273748
3.6271705659633486
3.5804621997271013
3.944974092849855
3.7821222241453065
3.774426151548691
3.182005814760214
3.5368867237421666
4.068592881410609
3.286895754518763
3.238901256602631
3.8074451769552415
3.6375375112660526
3.0565647621309537
3.6753108689123644
2.835237745312118
3.039148671903071
3.844384532235916
2.918295834054489
3.084962500721156
3.435698780751651
3.182005814760214
3.777518266288633
3.4182958340544896
3.625
3.6711499390701863
3.6402239289418516
3.2927701939369904
3.676390632579627
3.3371753411230776
3.2709505944546686
3.327819531114783
3.299896391167892
3.9093680639438855
3.588354347173234
3.4864405016961446
1.4237949406953985
1.5744174271404583
1.7004397181410922
1.6140054628542204
3.0
3.8072673368255145
3.2464393446710154
3.182005814760214
2.9232314287976204
3.3787834934861767
3.8936606896881845
3.7823759381413686
3.0986885704510967
3.4992275417233567
3.2866294867861954
2.6455933144511468
3.613924656136659
3.5225715891363594
3.474380085195674
3.726737473412386
3.83265723401834
2.6235166412180155
3.2516291673878226
3.1952959344962157
3.521640636343319
3.592870516635898
3.0220552088742005
3.8718956694089623
3.6841837197791887
3.640223928941851
2.688721875540867
3.5
2.952819531114783
3.6521305573183827
3.777747162910945
3.968979207152324
3.4314134569803287
2.8731406795131336
3.7641062971773542
3.84901909766383
3.974727625600826
2.0
3.0269868333592873
3.5535088547976783
3.2037016960573483
3.610577243331642
3.7232314287976203
1.8336056789417416
3.6914477577351503
3.9423667769793953
3.5032583347756456
2.8553885422075336
3.1971597234241487
3.5804621997271013
3.4841837197791885
3.7758543814495704
3.4056390622295662
3.327819531114783
3.085055102756477
3.4058222502856896
2.8537431471998325
2.787046982878107
2.617396099018282
2.542482693809728
2.043653707535809
4.003006167057509
1.584962500721156
3.96488945173324
3.0269868333592873
3.9373261452560073
3.7483286603655737
3.960749041309991
3.3841837197791884
3.9694624586302347
3.911336426298622
3.641249800455479
3.589275070710713
3.689703732199547
3.8968371591293045
3.797902689682946
4.011493724278765
3.3927474104487847
3.2402239289418513
3.9182958340544896
3.6536606896881847
3.9153115322251013
4.075372536140748
3.265583322887733
3.2806390622295662
3.1898980954642866
3.8096240937404087
3.951204526723039
4.0720609253740685
2.584962500721156
3.633974075997158
3.2402239289418517
3.881901595932633
3.7201755214643457
3.6763025393195954
3.5654483718208247
3.918453957701921
3.9681390622295662
3.992421973553845
3.461320140211008
2.8729055953200557
3.978410804082233
3.854285871987246
3.3927474104487847
3.884183719779189
1.573402452417767
0.9984861651076344
3.4548223999466066
3.0130709291038453
3.521928094887362
3.1820058147602133
3.1556390622295662
3.238901256602631
3.0062389286533895
3.6464393446710153
3.9307917564631847
1.4182958340544896
3.240223928941852
3.468576629687865
3.9255471067267758
3.0269868333592873
2.751629167387823
3.6635327548042538
0.6193821946787638
3.0220552088742
3.327819531114783
2.584962500721156
3.375
3.418295834054489
1.0389205950315936
1.5058762556041068
1.188721875540867
3.8579467088778876
3.8122417152535784
3.2810361125534233
3.960888380818833
3.5724312513221195
3.189898095464287
3.417837797403416
3.2359263506290326
3.3525355215351578
3.070847093622518
3.5585186130489057
3.180832987205441
3.027169118440618
3.7166308917868656
3.6639097655573916
3.169925001442312
3.772449620842178
3.146286370662105
3.4332696895151087
3.689901581992151
3.5803496830785564
3.770942421748537
3.491443355765328
3.584962500721156
3.375
3.0957952550009344
3.7495742419887397
4.038873585546249
3.8547337021248507
3.266332639970623
3.530493056757482
3.5
3.9810385876469896
3.4104172527605203
3.3735572622751855
3.5068905956085183
3.6234651896016463
3.761768795973194
3.418295834054489
3.546439344671015
3.816689006421526
3.2149099901199842
3.176110251517254
3.317311741792061
3.084962500721156
2.6612262562697895
2.9258530145612824
3.0062389286533895
2.7527152789797045
3.4604180636454753
3.505882000171576
2.584962500721156
2.873140679513133
3.5375665013464546
3.363286923996055
3.0269868333592873
3.1556390622295662
3.182005814760214
3.347770644111047
2.8553885422075336
3.3086949695628416
1.207518749639422
0.8343470230852538
3.0269868333592873
3.238901256602631
4.088201374847407
3.327819531114783
3.1414460711655217
3.679651478921062
3.4842746207110586
3.621678533260929
1.207518749639422
3.454822399946607
3.006238928653389
3.2195282822995477
3.4030741894285694
3.3787834934861767
3.4701755214643453
3.30827083453526
3.0269868333592873
2.873140679513133
3.5225715891363594
3.6000013823071955
2.353533948577482
3.375
3.734521664779752
3.9896510408756938
1.584962500721156
2.918295834054489
3.653756708287001
3.039148671903071
2.8423709931771093
3.613608500731241
3.4613201402110083
3.4992275417233567
3.749366857203431
3.80871969734407
3.9799523240769537
3.7166308917868656
3.189898095464287
3.7806390622295662
0.0
3.33702427542495
3.51734290050757
3.5630741894285687
2.657554342863736
3.3927474104487847
4.121362513316019
3.803508854797679
4.060574474528749
3.1555650133297175
3.8136486808631163
3.624518654958899
3.978333581185264
3.8512274809529563
3.0849625007211556
2.8423709931771084
2.98345859334435
3.4992275417233567
2.9232314287976204
3.6978458230844122
3.2516291673878226
3.125
3.8999433125951875
3.8128148954723544
3.978846168850305
1.0389205950315936
1.2332247882202196
4.071930227167689
3.0565647621309537
3.9292292966721747
3.084962500721156
3.2037016960573483
1.9182958340544893
3.238901256602631
3.6069367321753214
2.827819531114783
3.0220552088742
3.0837651410695504
3.4428621651554656
3.761660630010439
3.8158543814495705
4.047089758538763
3.625
3.2402239289418513
2.148834854280917
2.1800365325772657
1.7273966735744792
2.148834854280917
2.251629167387823
2.263809173883546
2.145136370153053
2.4662478973127313
2.038159681645953
2.084962500721156
2.1258145836939115
2.251629167387823
1.6258145836939115
3.6143694458867563
3.238901256602631
1.4182958340544896
3.9411787894883488
3.1018812234760182
3.3993974703476995
3.4565647621309536
2.9852281360342516
3.1480613309725807
3.782122224145306
3.182005814760214
3.787095154834476
3.106890595608519
3.1820058147602133
3.741155855638065
4.062305474194333
3.6521305573183827
3.1395722619867223
3.923231428797621
3.83317591193676
2.5027361715940035
3.182005814760214
3.0220552088742
4.0992164455482705
3.546439344671015
2.931208948910323
3.25
3.7116021642433514
4.012188403968662
3.3787834934861767
3.0220552088742005
3.8940006161317253
3.1555650133297184
3.1556390622295662
2.931208948910323
3.2402239289418517
3.862948816520146
3.381580488309164
3.238901256602631
3.530493056757482
3.9021748142117274
3.9469712573875664
3.592563517383931
2.807354922057604
4.008949077395064
3.8537016960573474
0.0
2.9450386975402445
3.1307179879273743
3.218445151964801
3.6997827134360644
3.558518613048906
3.5321417136529494
2.8553885422075336
3.375
3.5865692464606247
3.603856189774724
3.375
3.7962176025900556
3.576617644908665
3.3660913291191914
3.0220552088742005
3.9153115322251018
3.8865457417179536
3.180832987205441
3.7941049456316014
2.9852281360342525
3.850151478973755
3.5614063297218426
3.852727783453858
3.7627335525736805
3.3787834934861767
3.9093680639438846
2.9151959937952423
3.459491160199154
3.327819531114783
3.6619328723735824
3.182005814760214
3.9639016083767395
2.792481250360578
3.238901256602631
3.8333417354781294
3.423533209849189
3.292770193936991
3.1775662320965257
2.952819531114783
2.4508257945180882
3.4014228908019635
3.9410349387409
3.28778371994107
3.5351745656359026
3.537400003298785
3.918549426367401
4.2192253605004
4.094225139453799
2.0
3.789898095464287
3.509275070710713
3.006238928653389
3.593657665390962
3.039148671903071
3.732751315869233
2.8553885422075336
3.4594316186372964
3.3918926446809317
2.8731406795131336
3.3239348962840563
3.824533406881911
3.6479820815528057
3.6188966173317105
2.4116022179746714
2.5229374808254907
1.207518749639422
3.057476076289932
3.2516291673878226
3.9153115322251018
3.53850987421411
3.499227541723357
3.498731294942883
3.877116938952261
3.3927474104487847
2.7773627950641697
3.174674231978642
3.4718707289929887
2.9312089489103235
3.077819531114783
3.2516291673878226
3.6689869584530603
3.8199976296493294
3.3086949695628416
3.541884074955132
3.9597820027274047
2.732914563979398
2.688721875540867
3.79997938504983
3.418295834054489
2.8731406795131336
3.2610439833372844
2.584962500721156
3.182005814760214
2.7806390622295662
2.918295834054489
3.09306920777189
3.5724694587701364
3.3232314287976203
3.6537567082870006
3.039148671903071
3.32323142879762
3.689703732199547
3.3564924137968246
3.189898095464287
3.32323142879762
3.6902603909683838
3.6909338059596863
3.3735572622751846
3.4316235658474303
3.41041725276052
3.1018812234760182
3.3927474104487847
2.2790795706241744
3.782122224145306
3.337175341123077
3.734829508503261
3.721460719895813
3.084962500721156
3.128085278891395
3.628362120776618
3.7539274689630973
3.2417292966721747
2.3331752942320656
3.463280517810811
3.6919944077496454
3.889122892960005
3.332095398660169
3.101881223476018
2.9735572622751856
3.6841837197791882
3.378783493486176
3.4273334938982645
3.182005814760214
3.09306920777189
3.0220552088742005
3.5585186130489053
3.5883543471732335
3.146286370662105
3.128085278891395
1.2366407419411674
3.373557262275185
3.8785848023501845
2.8553885422075336
3.7216117239699007
3.438721875540867
3.2359263506290334
2.952819531114783
3.5219280948873624
3.6402239289418516
3.349275070710713
3.1898980954642875
3.418295834054489
3.039148671903071
3.188721875540867
3.521640636343319
2.789898095464287
3.3248629576173574
3.0306390622295662
3.077819531114783
3.4613201402110083
4.011980078706449
3.182005814760214
2.321928094887362
2.8553885422075336
3.6000013823071946
3.4377410887931847
2.5219280948873624
1.584962500721156
3.2402239289418517
4.151565008745368
3.627763553007399
3.9224718779332495
3.238901256602631
3.71937582241537
3.0105709342684834
4.117785385903933
3.863094551420764
3.796960730356964
3.3787834934861767
3.356492413796824
3.7534343861887853
2.8553885422075336
2.931720687981078
3.0860486238704343
3.182005814760214
2.954003642329854
3.3168178546396643
3.494739663055176
3.399520253698094
3.1692486956952335
3.689703732199547
3.5318910367903116
3.010570934268483
3.414441303694973
3.943465189601646
3.636842188131012
3.7336606896881848
3.260828171224455
3.4701755214643453
3.6842599054599776
3.2137897068139574
3.7301504269573296
2.8962915290459277
3.606936732175322
3.995807243727061
3.2813734094119904
3.9109920462193797
3.7201755214643453
3.9377519554085865
3.8643982375555304
3.4594316186372973
3.5434651896016467
3.9118453150261954
3.711561231030681
3.816340113853407
3.889474197093909
3.9265940835382227
3.397214084366032
3.4428621651554656
2.7806390622295662
3.6902603909683838
3.7754758472091443
3.3232314287976203
3.8251484751188527
3.7871439606981383
3.2516291673878226
4.024381614760291
3.6722542525286
3.6335059949783677
3.3248629576173574
3.7887549139935026
3.051601636871704
3.09306920777189
3.3927474104487847
2.8553885422075336
3.5414460711655216
3.795088586397733
2.3355055565170972
1.756623811079363
1.5637456280748154
0.39124356362925566
3.238901256602631
3.968612472800228
4.198304647274586
3.6887218755408675
3.69075453077327
4.165331272510027
3.3927474104487847
3.9891429276770065
4.003526421360541
3.899291500076359
4.142040632989801
4.213335186579704
2.0
3.7748395917476723
3.4548223999466066
3.5724312513221195
3.32323142879762
3.788754913993503
3.375
3.4613201402110083
1.2958363892911637
3.507380102423635
2.744842531753244
2.8453509366224368
1.584962500721156
3.09306920777189
3.5739348962840563
3.125
3.9917292966721747
3.288320189106
3.7963682966687506
3.378783493486176
3.0849625007211556
3.969207287858009
3.350209029099897
3.686419411348773
3.6800893536948074
3.8573068568981284
3.185830910437532
3.6211755429194716
2.873140679513133
2.8584585933443494
3.182005814760214
3.334209459448048
3.8505440762754257
3.5766176449086653
3.2608281712244547
2.660129752633257
3.337175341123077
3.4072682296173897
3.378783493486176
3.935747046190201
3.2359263506290334
3.337175341123077
3.182005814760214
3.2516291673878226
3.452819531114783
3.452819531114783
3.1556390622295662
3.350209029099897
3.327819531114783
3.2810361125534233
2.495602923729013
3.375
3.182005814760214
3.378783493486176
3.1018812234760182
3.6168746059562227
3.3927474104487847
3.6171845234969617
3.7508572575069863
3.643111233202008
3.821158940547356
3.182005814760214
3.1659573209491745
3.350209029099897
3.327819531114783
3.0220552088742
3.2689289124151832
3.5368867237421666
3.6504103051739905
3.371653522439334
3.4677201004745006
3.903516549585324
3.3927474104487847
3.454822399946607
2.9995812306460645
3.463280517810811
3.6536606896881847
3.1843434508995965
3.7484930703645576
3.9164246291310207
3.7275475789483923
3.964813279814492
3.1180782093497093
3.6130541857977945
3.588354347173234
3.1395722619867223
3.085055102756477
2.7395722619867224
3.5132696895151074
3.5804621997271013
3.60693673217532
3.5417435206018593
3.128085278891395
3.182005814760214
2.8553885422075336
3.9544291782964525
1.8942252286541448
1.6451407133456024
1.6893917467430877
1.3520301017579528
1.4519076150714065
3.7919245392005068
3.5654483718208247
3.9581915779475634
4.212768008861374
1.757119342556164
2.0707895262723337
1.0
3.085055102756477
3.5032583347756456
3.1158340921632197
3.9098869175147386
3.887583507725602
3.6572682296173893
2.9182958340544896
3.8252517372886503
3.641543445405335
3.4104172527605203
3.8980685120588388
3.9262723741395074
2.5220552088742
4.061558109755493
3.5434651896016467
3.9378993096280652
3.0269868333592873
3.077819531114783
3.521640636343319
2.792481250360578
3.0220552088742
3.6416041678685933
3.10845859334435
3.327819531114783
3.863386886424055
2.0
3.7154560610774214
3.2516291673878226
3.896291529045928
3.5883543471732335
3.903107168362811
3.653756708287001
3.795088586397732
3.6897037321995474
3.8975481736066993
3.594465636961452
2.3658926908659366
3.1556390622295662
3.1018812234760182
3.5931390622295662
3.3688840705376357
3.4182958340544896
3.4906015629507228
3.427333493898264
3.4992275471326932
4.049260324129714
3.6313883471435844
4.038212103128096
3.9805555919522386
3.820888851350188
0.6685644431995964
3.512460773112119
3.292770193936991
3.039148671903071
3.7834651896016456
3.820888851350188
3.2089873002587996
3.8761028839181493
3.221097250057956
1.7334834339268832
3.0286393118385755
3.418295834054489
0.6098403047164004
1.650022421648354
0.8166890883150209
1.4727104486905522
1.7998284071716093
1.7394145536740284
1.798172977115095
1.8178546740092199
1.664892830866236
1.8045283543506978
1.9669171866886992
1.4716022614097979
2.051361789187549
1.7004397181410922
2.2577174691301485
2.111587295377526
1.7987949406953985
1.8079045751188838
1.9302671868732086
1.9447167900528528
1.6143308351592656
3.6368421881310113
2.8553885422075336
3.2359263506290326
2.7534343861887853
1.0219280948873624
3.3248629576173574
3.0849625007211556
3.777518266288633
3.378783493486176
3.452819531114783
3.625
3.3927474104487847
3.0130709291038453
3.810587006728703
1.0
2.7192945256669794
2.610063540877072
3.8533117396041177
2.7516291673878226
3.9464633840824312
3.1775662320965243
2.751629167387823
3.1068905956085184
2.7534343861887853
3.3248629576173574
3.133380719055401
1.2866926683547546
3.238901256602631
3.700254090344865
3.720175521464345
2.872905595320056
3.084962500721156
3.5836169753972325
3.735687824737577
3.6683332481376536
3.5
3.319773835029478
3.3224870291627164
3.8573068568981284
3.0269868333592873
3.1056721842714325
3.3660913291191914
3.384183719779189
3.3532696895151086
3.452819531114783
3.6761906261418296
3.858957286668643
3.00623892865339
3.327819531114783
3.377443751081734
2.2841591278514217
3.7622673906514943
3.694177320667443
3.5839506212866996
3.373557262275185
3.381580488309164
4.091026920090056
2.9255233690064277
3.628928031846024
3.5086949695628418
2.751629167387823
2.8553885422075336
3.5614063297218426
3.631401845392172
3.084962500721156
3.5068905956085183
3.5068905956085183
2.4591479170272446
0.988180837004676
3.085055102756477
3.9497135527282423
3.0220552088742
3.8753912146823875
3.7050540796780407
2.75
3.6595365985012456
4.090234012145145
3.508621780036165
3.6734165853054446
1.584962500721156
3.9966083958837584
4.160611590163751
2.8962915290459286
3.926176638042321
4.0547097838534985
3.74095326040484
2.950212064914747
3.1916116417513782
3.8730087268145765
3.3248629576173574
3.7192945256669785
2.952819531114783
3.7427947876775964
3.180832987205441
3.368042422572715
3.646439344671015
3.446439344671015
3.3248629576173574
3.910818766650533
3.8539241877462653
2.7806390622295662
3.960462747200944
3.3841837197791884
3.92063800382053
4.137614246621165
3.99698653848558
3.327819531114783
4.173567482394827
3.181366328891458
4.061885904028834
1.1917601481809734
2.0709505944546684
3.0850551027564768
3.534219021180341
4.059975393459197
0.9182958340544896
3.039148671903071
3.0220552088742005
3.2516291673878226
3.350209029099897
4.021640636343318
3.6887218755408675
3.7193506851941653
3.180832987205441
3.2516291673878226
3.4548223999466066
3.0
3.625807235905091
3.770942421748537
3.5220552088742005
3.350209029099897
3.6644977792004623
3.4332062193464945
3.27280432733462
3.2806390622295662
4.059313726842909
1.0
3.6168746059562227
3.3274847819558424
3.2516291673878226
3.9381860755600533
3.1556390622295662
3.085055102756477
3.5883543471732335
4.133535530056953
2.973557262275185
3.506890595608519
3.3927474104487847
3.2516291673878226
2.8962915290459277
4.002643205799669
3.6897037321995474
3.4613201402110083
3.1971597234241487
3.9812588233538255
4.188091592861041
3.189898095464287
3.085055102756477
2.7773627950641693
3.5
3.625
3.4613201402110083
3.0850551027564768
3.625
3.2516291673878226
0.8166890883150209
3.2639334294856344
3.8693312611115185
3.2359263506290334
3.0565647621309537
3.463280517810811
3.366091329119191
2.9842341646524884
3.469544356972731
2.8553885422075336
3.9057645846554525
2.840223928941852
3.8299574748443255
3.5383105956150054
2.9995812306460645
3.327819531114783
3.6211755429194716
3.5068905956085183
3.6168746059562227
3.6165330442444006
3.327819531114783
3.373557262275185
2.9852281360342516
3.5724312513221195
3.7407713918234875
3.7417292966721747
3.613337314045307
3.0849625007211556
1.207518749639422
3.8431390622295662
3.425118550357139
3.5465935642949384
3.7550576199383072
3.9113467067662784
2.197159723424149
1.584962500721156
3.928641949679559
3.9590022684862416
3.7377451654565212
3.321104330578489
3.5175594295963433
3.2806390622295662
3.5121884039686604
3.4992275417233563
3.8634651896016456
2.8553885422075336
3.414441303694973
3.7526004683557055
3.5739348962840563
3.863826390090815
3.2516291673878226
3.414441303694973
4.1801784052030895
1.5589385323502774
1.207518749639422
3.884155094595805
3.625
3.5068905956085183
3.75
3.375
3.7238002537032724
3.8602378009872917
3.1393538721672005
3.5068905956085183
3.772055208874201
3.8787599204576466
3.881855447776747
3.522055208874201
3.2516291673878226
3.189898095464287
3.7834651896016465
4.09467204462618
3.4659573209491743
3.276323975484884
4.063537095690241
3.8451349885033643
2.058117008486823
3.782660886067774
3.9108187666505323
4.049195319638024
3.084962500721156
4.209670656473585
2.321928094887362
2.918295834054489
3.546593564294939
3.5160276412662306
3.770942421748537
3.2516291673878226
3.459491160199153
3.795088586397733
3.6074753914554893
4.053508854797679
3.2806390622295662
3.140361163698484
3.0441104177484006
4.1376573863626955
3.584183719779189
3.155221528859512
3.4548223999466066
2.8225797618424915
3.2368489059491368
2.71929452566698
2.8729055953200557
2.8402239289418523
2.005977711423774
3.322179345516666
3.831401845392172
3.904612787387537
4.139874017681601
3.919381945646371
3.3061706517091873
3.0849625007211556
3.381580488309164
2.8553885422075336
3.238901256602631
3.534219021180341
2.9842341646524893
3.2720552088742005
3.681880802803402
1.2577148214953864
1.0529815751302694
1.0892300788425848
4.019767639099689
3.3927474104487847
3.521928094887362
3.182005814760214
3.452819531114783
3.182005814760214
2.952819531114783
3.553290528833766
3.2359263506290334
4.033212124641217
2.9182958340544896
3.039148671903071
3.720798372486508
1.9211796919474975
3.3251674951199597
3.856030409981801
3.2516291673878226
3.039148671903072
3.606015279620733
3.525939943986514
2.899397470347699
3.726474118254376
3.180832987205441
2.9735572622751856
4.052334019060556
2.918295834054489
3.689703732199547
0.0
3.0220552088742005
2.353533948577482
2.950212064914747
3.5
3.2810361125534233
3.4613201402110083
3.2359263506290326
3.4399364703978077
3.46818194698418
3.804582217613529
3.4634651896016466
2.8553885422075336
3.182005814760214
3.085055102756477
3.2359263506290326
3.584183719779188
3.5585186130489053
3.7118435602361175
3.625
0.9780155566622414
3.512036591715321
3.9569197615639244
3.4251185503571393
3.866216676557283
3.246439344671016
3.9841270050410476
3.76996110164977
3.708228500802583
3.8980685120588383
4.14360893969734
3.941133113230245
3.3248629576173574
3.642371448743902
4.089838515435821
3.7351307411369206
4.015226372756951
3.981086258826414
2.8255059710789405
3.0435978148078107
2.8423709931771093
2.8287814831406055
3.5068905956085183
3.689703732199547
3.521640636343319
3.5726236638951634
2.7773627950641693
3.4056390622295662
3.4992275417233567
3.725650756112093
3.606936732175321
3.4251185503571393
3.7671834678914604
3.5724694587701364
1.2806721295208872
1.3244602933016414
3.3927474104487847
3.238901256602631
3.625
3.350209029099897
3.675310868912364
3.2927701939369904
3.4585250192341506
2.7773627950641693
3.258688570451097
3.929502483601211
3.169925001442312
3.0269868333592873
2.9139770731827523
2.0
2.406666316740689
2.2825887305018333
3.446439344671015
4.017406146902588
2.8962915290459277
3.286629486786195
1.0
3.3927474104487847
3.4548223999466066
3.3927474104487847
3.0565647621309537
1.1451104143815827
3.327819531114783
3.0269868333592873
3.238901256602631
3.6452830147930797
3.32323142879762
3.238901256602631
3.488525294897748
3.454822399946607
3.475874973030598
3.333979058585681
2.918295834054489
3.536886723742166
3.4472624994412104
3.131282484597587
3.831401845392172
3.727275206424607
3.337175341123077
1.9898980954642875
1.0949143184120975
3.182005814760214
3.2516291673878226
2.952819531114783
3.327819531114783
2.873140679513133
3.8150039985359516
3.8035088547976788
3.6047039677121826
2.6612262562697895
3.4219280948873623
3.180832987205441
2.610577243331642
3.8820451081368628
3.4594316186372964
3.292770193936991
3.180832987205441
3.573660689688186
2.8073549220576037
3.8391081341821707
3.0609640474436812
2.93299930663729
2.584962500721156
3.9374448765408534
3.719294525666979
3.581444787932611
3.616348566075163
3.8631874400108606
3.327819531114783
3.2516291673878226
2.7773627950641697
4.020380945806021
3.851528041583485
3.7904018279906913
3.8536826821969474
3.482092175603911
3.7758909872049666
3.4547012441673464
3.8010094195590343
3.4767386887016647
3.77230097332573
4.031208838985416
1.5
4.067184699882387
3.8497854678028616
3.9603760896145648
3.9377519554085865
3.9499196870382005
4.039184304720323
2.6535442970305683
3.800296312542779
3.6069367321753205
2.7773627950641693
3.839328126933222
3.438627220688601
4.054261108829831
3.955504603267742
3.1132833342948745
3.609130446836354
4.067059736162455
3.6621347189822235
3.6762356371640705
3.4074355167595254
3.1182751607709758
3.3371753411230776
3.5815332542082627
2.952819531114783
2.9086949695628417
3.9474370404802976
3.3908054820769826
0.7345299214394703
3.2977968115985945
3.3248629576173574
3.6537567082870006
3.202819531114783
3.630412660873998
3.3927474104487847
3.4219280948873623
3.3232314287976203
2.8553885422075336
3.6280852788913944
4.134246454963927
3.5068905956085183
3.740601562950723
3.180832987205441
3.2516291673878226
3.8219280948873617
3.2516291673878226
3.889049535914169
3.9360966816210827
3.392147223664534
3.824252831282987
3.908027254349905
3.8566470769887635
4.004886164091842
3.8367625894465602
3.708966082694624
3.98741420224194
3.249460279921617
3.876692911840635
3.2639334294856344
3.4116022179746714
4.095743536171975
4.095770074758755
4.003701696057348
3.901146220800411
3.601170346791708
4.092373907008476
3.9769394275551666
3.337175341123077
3.726737473412386
3.7883413396567494
3.327484781955842
3.3787834934861767
3.5841837197791886
3.926011120987121
2.8553885422075336
3.5535088547976783
3.2414460711655217
3.375
2.8553885422075336
3.334679141051595
2.9852281360342516
3.3787834934861767
3.0850551027564768
3.641249800455478
3.6841837197791887
2.984234164652489
3.7216117239699007
3.6168746059562227
3.3086949695628416
3.7166308917868656
2.623516641218015
3.4193819456463714
3.418295834054489
4.028490680178816
3.4613201402110083
3.2516291673878226
2.8553885422075336
3.3927474104487847
1.7841591278514217
2.3050365325772657
1.965596230357602
1.7841591278514217
2.355388542207534
3.926267647853161
2.4996981431844145
3.1916116417513782
3.486350943518784
3.637537511266051
3.574164743022575
3.4548223999466066
3.306020262209256
3.0849625007211556
0.8795064608120066
3.452819531114783
3.286629486786195
3.419381945646371
1.0975378398419535
3.3927474104487847
3.6402239289418516
3.91555328506335
3.308694969562842
3.1916116417513782
3.884858891889047
3.202819531114783
2.9232314287976213
3.616348566075164
1.584962500721156
3.0850551027564768
1.4932133643654213
2.7559113286549377
3.427333493898264
3.6635327548042533
3.627542017127577
3.753928031846024
3.266332639970623
3.43162356584743
3.4039894464852614
3.6572682296173897
2.8150724101159437
3.7979026896829464
3.65041030517399
3.767958277719177
1.390856298386412
3.534324941644826
3.689891668750007
3.381580488309164
3.4841837197791885
2.931208948910323
3.2516291673878226
3.826874881864637
3.327819531114783
3.277613436819116
3.2516291673878226
3.319079570624174
3.463280517810811
3.8054982305663323
1.188721875540867
3.1018812234760182
2.8731406795131336
3.0269868333592873
3.2927701939369904
3.077819531114783
3.4548223999466066
3.084962500721156
3.1068905956085184
3.127986806877675
3.246439344671016
4.035491854602273
3.095795255000934
1.9219280948873623
3.374548236208473
4.072424141197958
4.0022680844408445
2.2516291673878226
3.401210641914682
3.039148671903071
3.830546608638305
3.1556390622295662
2.8150724101159437
3.7435390154255046
3.6732696895151076
3.9093680639438846
3.7950885863977324
1.5509367889994214
3.6402239289418516
3.4104172527605203
2.9232314287976204
3.41041725276052
2.9691853463113307
3.297902689682947
3.4371932086075945
3.250807235905091
3.854424768649358
3.7192945256669785
3.9811740942453335
0.0
2.625814583693911
3.7454064259382482
3.506890595608518
1.6303395021688691
1.790492223970158
1.78324743853251
1.865857031668058
3.5039824091702334
2.858278308418045
3.3086949695628425
3.636842188131012
2.8553885422075336
2.8553885422075336
2.8150724101159437
3.327819531114783
3.2359263506290334
3.2841837197791888
3.9864405016961446
3.452819531114783
2.617492461184755
2.9312089489103235
3.9025182662886326
3.7398775745709463
2.8553885422075336
3.5225715891363594
3.084962500721156
3.0269868333592873
3.521640636343319
3.506890595608519
3.2927701939369904
3.085055102756477
2.5492553971685
2.792481250360578
2.5
1.5
3.1556390622295662
3.5465935642949384
2.5654483718208256
3.0565647621309537
3.926317998470961
3.863465189601646
2.8553885422075336
1.6820708027473965
2.335472065091239
2.4508257945180882
3.2402239289418517
3.0269868333592873
3.4548223999466066
3.4992275471326932
2.3553885422075336
3.5220552088742005
3.6234651896016463
3.3680424225727155
3.6841837197791887
3.2210972500579564
2.8553885422075336
3.95771564703613
3.721928094887362
3.2516291673878226
4.000178508728185
3.3464393446710154
3.566468890752879
3.2866294867861954
3.503258334775645
3.521640636343319
3.7216117239699007
3.521640636343319
3.3927474104487847
2.6384600665861564
3.5230825046900915
2.7773627950641693
3.026277013101236
3.501629167387823
3.5
2.8962915290459286
2.8402239289418514
3.1556390622295662
3.308751351247166
3.8332696895151077
3.4548223999466066
3.2516291673878226
3.7720552088742005
3.0269868333592873
3.4072682296173893
3.736006946447657
3.5280643115840493
3.1898980954642875
3.3603059777020796
3.506890595608518
3.240223928941852
3.5724312513221195
3.486448667168353
2.8962915290459277
3.5944825065194195
4.06146711410905
3.9728040976759496
1.584962500721156
3.65041030517399
4.017954709643945
3.3660913291191914
3.522711955680758
3.6682958340544896
2.7773627950641693
3.810036446185643
2.6556390622295662
3.739572261986723
3.392147223664534
3.9509521314928393
3.5841837197791886
3.572623663895163
4.038655296727865
3.6289280318460246
3.6424896731661263
3.219528282299548
3.506890595608519
3.3927474104487847
3.4116022179746714
2.6535442970305683
3.8508584067932707
3.3660913291191914
3.874742885621711
3.7998963911678914
3.5506551812150384
3.084962500721156
3.6901165175936654
3.96956318528823
3.7950885863977324
3.2729055953200556
3.7489948035250964
3.3927474104487847
3.689703732199547
3.7887650546629357
3.2516291673878226
3.8798956700565066
3.446439344671015
4.147781812925609
3.7834651896016465
4.011509217474681
3.3248629576173574
3.675310868912364
3.0849625007211556
4.066615216738451
3.146286370662105
3.323231428797621
2.969389419529156
3.638147696204827
2.7534343861887853
3.5110854081804272
3.6635327548042538
3.820888851350188
3.175123135113461
3.146286370662105
3.488764974387061
4.038572245168218
3.958694969562841
3.6339740759971573
3.0269868333592873
3.408694969562842
3.1395722619867223
3.188721875540867
3.2402239289418517
1.4689955935892813
3.373557262275185
3.8013774524295485
2.7516291673878226
3.350209029099897
3.474380085195674
3.077819531114783
3.4565647621309536
3.3444569352411984
3.521640636343319
3.5238561897747243
3.334679141051595
3.694548827786958
3.6437426320025086
3.516430906016466
3.5342190211803413
3.755574237863743
3.2195282822995477
3.139572261986723
0.9933927290103626
3.084962500721156
3.5032583347756456
3.202819531114783
3.2516291673878226
3.239097917988786
2.684017280829845
3.6897037321995465
2.939829017466402
3.1555650133297184
3.374108801820158
3.327819531114783
3.7516291673878235
2.952819531114783
3.384183719779189
1.4885252948977485
3.418295834054489
3.188721875540867
3.0220552088742
3.6211755429194716
3.3787834934861767
3.039148671903071
2.2295739585136225
0.7732283485249176
1.207518749639422
3.321928094887362
3.085055102756477
3.0565647621309537
3.539572261986723
3.4632805178108104
2.952819531114783
3.4705696783955076
3.9768640120089356
3.2267309150571264
3.7534343861887844
3.8093975283838026
3.8373261452560077
3.125
2.889549430862088
4.035856758326928
3.51602764126623
3.613608500731241
3.5645404777369887
1.0389205950315936
3.0565647621309546
3.642149881636903
1.4345491399952024
2.873140679513133
3.390805482076982
3.578677786503616
3.238901256602631
3.0849625007211556
3.590571081259866
3.146286370662105
3.239097917988786
0.9912642605354288
2.8729055953200557
3.5068905956085183
3.4464393446710155
3.65041030517399
3.326360407952694
2.688721875540867
3.189898095464288
2.8150724101159437
3.4548223999466066
3.98555573008451
3.5766176449086653
3.3735572622751846
3.5
3.3248629576173574
2.950212064914747
3.202819531114783
3.039148671903071
3.0269868333592873
3.378783493486176
3.917626443873359
3.534219021180341
2.751629167387823
3.2516291673878226
3.7359263506290326
3.349275070710713
3.077819531114783
3.4963701768382975
3.8876821873866114
3.901188249902867
3.3308381614319833
3.182005814760214
3.4632805178108104
3.6424896731661263
3.6211755429194716
3.546439344671015
3.6841837197791887
3.7483286603655737
3.6572682296173893
3.9406755348833213
3.725650756112093
3.7182377194067677
3.086048612313038
3.6572682296173897
3.4316235658474303
4.033404875638391
3.8394073285181998
3.2903216092483056
3.510241502501911
3.5745412384214883
3.5509331340510513
3.8192426060396802
3.9819845111787067
3.4613201402110083
3.658313203934565
3.09306920777189
3.4613201402110083
3.3086949695628416
2.751629167387823
4.209311840626323
2.0
1.2475562489182659
3.085055102756477
3.484183719779189
3.3735572622751855
3.5192475629608078
3.813502264433443
3.6732696895151076
4.100586210384032
4.072993733283697
3.5282424844314786
3.9533467034610115
3.9289004684877704
4.08634674903848
3.756870409880446
4.058301696172978
3.5220552088742005
3.6572682296173897
3.1728107335198645
3.8627370020580423
3.0269868333592873
3.175123135113461
3.2639334294856344
0.6500224216483541
3.085055102756477
3.09306920777189
3.350209029099897
3.085055102756477
3.488525294897748
3.418295834054489
2.7329145639793975
3.5804621997271013
3.606936732175321
3.481714572986072
3.546439344671015
2.610577243331642
3.0849625007211556
3.4387218755408675
3.0220552088742
3.238901256602631
3.418295834054489
3.767958277719177
3.7262046313924566
3.796217602590055
1.584962500721156
3.085055102756477
3.332095398660169
3.5883543471732335
3.521640636343319
2.9182958340544896
2.751629167387823
3.238901256602631
3.5739348962840563
3.840574126310959
2.8150724101159437
1.573402452417767
1.7843371980653047
3.521640636343319
2.4387439204017474
2.7898980954642876
3.602910079649727
3.1556390622295662
2.573557262275185
2.918295834054489
3.5841837197791886
2.751629167387823
3.5724694587701364
3.827819531114783
0.8683927290103626
3.1898980954642875
3.7887549139935026
3.9032080616476805
4.0502943613370945
3.238901256602631
3.452819531114783
3.0306390622295662
3.534219021180341
3.5944656369614516
3.869770463892098
3.4548223999466066
3.88823478393834
3.3927474104487847
2.970950594454669
1.842439849984381
2.321928094887362
3.533881588815122
3.7333813240167206
3.0849625007211556
3.7262046313924566
3.7873261452560083
3.6435772625452394
3.580544471749636
3.381620107948735
3.7181390622295662
3.7855568643177118
3.4972997175517158
3.8972997175517152
3.8312074084807737
4.033131016517647
3.929524288199184
4.101160441780511
3.5497340879408434
3.5039280318460246
4.027913127562166
3.452819531114783
2.974937501201927
3.2359263506290334
3.326360407952693
4.047092646764375
4.057575159678481
4.023981820580905
3.9292292966721747
3.8736374400701115
3.3273399000835084
3.8872143980165865
3.422577995321604
3.9597600340384314
3.5585186130489053
3.8150039985359516
3.6537567082870006
3.189898095464287
3.175123135113461
3.0220552088742
3.5
3.378783493486176
3.315456061077422
3.5391486719030705
3.2516291673878226
3.084962500721156
4.018944364364012
2.9182958340544896
2.688721875540867
3.878068268345524
3.7426028126917945
3.426367488473226
3.5836169753972325
3.841365905552329
3.5804621997271013
3.2927701939369904
3.6539967386657093
3.6764409086968683
3.4594316186372973
4.009134590379753
3.816254790665393
3.916062191173308
4.2195632863067685
3.9800535908899537
4.11747072075028
3.6283621207766186
3.188721875540867
3.534219021180341
3.238901256602631
3.5928261189809247
3.576617644908665
3.402910079649727
3.1898980954642875
3.937751955408586
2.0670314951575843
2.5220552088742005
3.621175542919471
4.015212434638444
3.8746697102453482
3.5804621997271013
3.6194825163502897
2.931208948910323
3.327819531114783
3.569548827786958
2.625814583693911
3.0220552088742
3.550340709546388
3.46328051781081
3.7673757978160416
3.1898980954642875
3.625
3.077819531114783
3.1751231351134614
2.855388542207534
3.384183719779189
3.32323142879762
2.5654483718208256
3.641249800455478
3.238901256602631
3.3787834934861767
1.7221230673051187
1.7073529468973212
1.869657201480973
3.238901256602631
3.452819531114783
3.2516291673878226
1.0762286483558203
3.378783493486176
3.693345218892491
3.0269868333592873
1.6794293668139548
1.3346791410515946
3.2359263506290334
3.5414460711655216
2.9689185639620974
3.6537567082870015
3.34585198933826
3.378783493486176
3.0220552088742
2.7773627950641693
3.6835423624332306
3.0286393118385755
2.9852281360342516
3.6168746059562227
3.8524975771042
4.201122847189514
3.0269868333592873
3.27280432733462
4.090886555052437
3.8250171427456063
3.36030597770208
3.414441303694973
3.487300847078025
3.531941205546659
3.483005030268013
3.5132696895151074
3.5746693838258508
3.752715278979704
3.887383821365072
1.584962500721156
3.6872334743191013
3.414441303694973
3.787143960698138
2.899397470347699
3.7871439606981383
3.238901256602631
3.3735572622751855
3.085055102756477
3.97249398760531
2.7773627950641693
3.4992275471326932
3.9482158317732625
3.660169450009578
3.297902689682947
3.700035218819104
3.904426059957648
2.688721875540867
3.327339900083509
3.1556390622295662
3.7463546680179634
3.873140679513132
3.9229950525791284
3.6732696895151076
3.9763149493607637
3.671405583442497
2.872905595320056
3.5949054612278935
3.300559092390954
3.4548223999466066
3.384183719779189
3.558518613048906
3.202819531114783
3.8610763357318585
3.905113994826407
0.8166890883150209
3.238901256602631
3.0565647621309546
3.6902603909683838
3.2877837199410704
3.202819531114783
2.952819531114783
3.8039361934330853
2.9182958340544896
3.4251185503571397
3.460616467646623
3.5068905956085183
3.331384270480247
3.905005029967606
3.5739348962840563
3.636842188131012
3.101508755867878
3.891753703408316
3.5465935642949384
3.7887549139935026
3.881727678869736
3.238901256602631
3.3680424225727155
3.3927474104487847
3.471354487013929
3.202819531114783
3.7254805569978675
4.0609391045524
2.6416041678685933
3.977747162910944
3.5765873702606727
2.0
3.812681545742699
3.7712344609669812
3.921731745892543
2.950212064914747
3.4594911601991534
3.5585186130489057
3.0269868333592873
3.3815804883091634
3.6402239289418516
2.8729055953200557
3.189898095464287
4.0978173916636615
2.950212064914747
3.2037016960573483
3.056237710413472
3.9743764774291286
3.796101304896711
3.0269868333592873
3.1174924611847556
2.9708400131019843
2.4237949406953985
2.982529748820608
2.688721875540867
3.964010302682326
3.9335839477440806
3.1551058613699734
2.6612262562697895
4.038889396048543
3.386379789226035
2.446428310992824
3.1047744096459016
4.06795646683953
3.373557262275185
3.5841837197791886
3.188721875540867
3.5
3.0220552088742
3.327819531114783
3.350209029099897
3.084962500721156
3.9022354187801773
3.6412498004554785
3.0220552088742
3.2810361125534233
3.0220552088742
3.2516291673878226
2.6756981353679867
3.8848588918890474
3.9577006726884587
2.835237745312118
2.827819531114783
3.189898095464287
2.8423709931771084
3.1751231351134614
2.5654483718208256
0.9123163027543337
0.8180959929710641
1.7385703452690409
2.1009691413687235
3.7267374734123866
3.6163485660751635
3.4548223999466066
3.327819531114783
3.9484203222468373
3.739732707200968
3.496104175266961
3.8762453816226476
3.3927474104487847
3.0269868333592873
3.672905595320056
3.1556390622295662
3.3908054820769817
2.952819531114783
3.337175341123077
3.6537567082870006
3.3908054820769817
3.039148671903071
3.3519530742463752
3.182005814760214
4.103607371045343
3.7986348529568392
3.576617644908665
3.810416487559717
3.175123135113461
3.084962500721156
3.763358429231108
2.688721875540867
3.039148671903071
3.085055102756477
1.5545851693377994
3.8541632888566606
3.6990278753194064
2.918295834054489
3.327819531114783
3.7950885863977324
3.4565647621309536
3.2810361125534233
3.4885252948977477
3.975355731370322
4.063749485074332
3.4613201402110083
3.0220552088742005
1.2949950747154697
3.2516291673878226
3.5351745656359026
3.5535088547976783
3.238901256602631
3.506890595608518
3.32323142879762
3.2195282822995477
3.378211620950336
3.8558656947524796
3.706020304618668
3.7201755214643453
3.620936064750772
3.238901256602631
3.602316558505553
2.9139770731827523
3.4428621651554656
3.3431390622295662
3.551488456988035
3.2464393446710154
3.196154780932867
3.1416354077249595
3.180832987205441
2.9312089489103235
3.4992275471326932
3.09306920777189
3.506890595608518
3.521640636343319
3.452819531114783
3.452819531114783
3.824862957617357
3.084962500721156
4.004292499803757
1.5
3.7378201980421593
2.873140679513133
3.378783493486176
3.084962500721156
2.5220552088742005
3.7754758472091443
3.084962500721156
3.3538840030187487
2.495602923729013
3.8101442437149684
3.928265043159906
1.0
3.8411714310520324
3.5068905956085183
3.663532754804254
3.8659532049655256
3.7372853115732663
3.990017217489901
3.3232314287976203
3.8546293488142527
3.539148671903071
3.897286773175079
3.2359263506290334
3.4613201402110083
3.7201755214643453
3.350209029099897
3.53641423712223
3.7256507561120933
3.084962500721156
3.550340709546388
3.8380398168981555
3.6302753548819773
3.586248827916981
3.9565585763654503
3.238901256602631
3.321104330578489
3.8769039247209496
4.182680460917972
3.521640636343319
3.182005814760214
3.182005814760214
3.375
3.4992275471326932
3.0269868333592873
3.6644977792004623
3.25
3.0849625007211556
3.326360407952693
3.084962500721156
3.378783493486176
3.821029937749275
3.4182958340544896
3.5225715891363594
4.047581419626101
3.5944825065194204
3.5585186130489053
4.139282981434712
3.827554659468925
3.6509757498088042
3.546593564294939
3.10845859334435
3.5931390622295662
3.767183467891461
3.935935796218897
3.024397470347699
3.2359263506290326
3.2195282822995477
3.1813663288914587
3.71440934524794
3.513784724225434
3.327819531114783
3.606326745647786
3.636842188131012
3.0269868333592873
3.2359263506290334
3.686419411348773
3.202819531114783
3.817793182194525
3.8820451081368628
3.928265043159906
1.584962500721156
3.8261471051392135
3.9467789029364626
3.482127206733829
3.039148671903071
3.09306920777189
3.182005814760214
3.3487989122024966
3.3532696895151073
3.182005814760214
2.8553885422075336
3.2468985656196963
3.0849625007211556
3.925926577614713
3.3444569352411984
2.8073549220576046
3.084962500721156
3.8009320901283776
1.4716022614097979
3.702471512219747
3.552584246172162
3.5766176449086653
3.5932696895151075
3.43538510198928
3.689901581992151
2.221251836004466
3.2883201891060003
3.601945806133561
2.918295834054489
3.3735572622751855
3.084962500721156
3.41041725276052
3.322179345516666
3.2888840705376357
3.6163485660751635
3.2516291673878226
3.5
3.801377452429548
3.5328786893420303
3.3787834934861767
3.0220552088742005
3.546439344671015
3.418295834054489
3.182005814760214
3.2516291673878226
3.5465935642949384
2.8553885422075336
3.43162356584743
3.5724312513221195
3.084962500721156
0.9055872616982603
0.6500224216483541
3.3921472236645345
3.880179922675737
3.721928094887362
1.3787834934861753
3.2743627447176515
3.8213062490179226
3.918453957701921
3.03856233607563
3.594465636961452
3.5503407095463877
3.5178160905596987
2.4137995646056805
3.521640636343319
4.0381455831954325
3.957295873840569
3.452819531114783
3.1395722619867223
2.7773627950641693
3.5026831892554915
3.655045546825804
3.1279868068776753
3.584962500721156
1.2086489509530647
3.334679141051595
3.452819531114783
3.5492553971685
3.9766912610488987
3.624379701651112
3.6612262562697886
3.4817145729860726
3.7639657428240816
3.623196978804342
3.3990795706241745
2.6556390622295662
2.8553885422075336
3.174674231978642
3.4903270734449907
3.0220552088742
2.702819531114783
3.375
3.0849625007211556
3.2516291673878226
3.346439344671015
2.918295834054489
3.4535307898447942
3.0849625007211556
3.180832987205441
3.43162356584743
3.4632805178108104
3.745406425938248
3.6575751596784816
3.7336606896881848
4.045407257659669
4.104062656474773
4.020584292286618
1.584962500721156
3.337175341123077
3.4565647621309536
2.751629167387823
3.1556390622295662
3.327819531114783
3.625
3.0708470936225174
4.049584339675527
3.0574760762899316
3.771719423101182
3.472905595320056
3.9274041942278384
2.5993895916167014
3.711080496244278
3.9900305409812415
2.5220552088742005
1.5
2.923231428797621
3.197159723424149
3.4056390622295662
3.526234909949522
3.2841837197791888
3.782122224145306
3.178728908203315
3.53850987421411
3.7336606896881848
4.048322062549221
2.0
3.084962500721156
3.0850551027564768
3.581733794087383
3.9702126150146797
3.0957952550009344
2.0
3.9255699753331403
3.3044704851734634
3.8881492782505247
3.8252517372886503
2.197159723424149
2.9219280948873623
3.7941049456316014
2.8553885422075336
4.0129420962692155
3.629219686524097
2.9219280948873623
3.127986806877675
3.783465189601646
3.463280517810811
2.8553885422075336
4.045821138263918
3.969329273294229
3.792376622970445
3.5092750707107125
2.0
4.013111135723805
3.3263604079526936
3.536886723742166
3.7292601295112355
3.5263039714678293
3.0850551027564768
3.5503407095463877
3.6211755429194716
3.9794309732940762
4.071854365656767
4.044847727732968
3.9282724481041473
3.9213560841616912
3.936803299349307
2.7898980954642876
3.822532752357147
2.8553885422075336
3.3927474104487847
3.521640636343319
4.1627478767126265
3.3981141762058726
0.0
3.350209029099897
3.5086949695628418
3.7639657428240816
3.624680346973647
3.0220552088742
3.039148671903071
3.9988018367653257
3.5434651896016467
3.0306390622295662
3.2516291673878226
3.1037016960573482
3.7950885863977324
3.621928094887362
3.8300107733231896
3.6084585933443494
3.4193819456463714
3.3832726727387743
2.950212064914748
3.3263604079526936
3.521640636343319
3.5841837197791886
3.452819531114783
3.5736606896881855
3.2516291673878226
3.4182958340544896
2.751629167387823
3.2953570516174415
3.926272374139508
3.2368573034220747
3.4138338639736006
3.452819531114783
3.521640636343319
3.323231428797621
3.3086949695628416
3.0849625007211556
3.281760186948012
3.7216117239699003
0.8524051786494786
2.965583935727781
3.0220552088742005
3.4642346527265664
3.3962915290459277
3.59448250651942
2.7806390622295662
3.5585186130489057
3.772055208874201
3.5121884039686613
3.712488548614689
3.7974676329840045
3.2086949695628415
2.9852281360342516
3.71440934524794
3.0849625007211556
3.536886723742167
1.207518749639422
3.708132064658602
0.6685644431995964
2.8553885422075336
4.020627290898382
3.5732292102102203
3.349275070710713
2.4956029237290123
3.7996963885214825
3.3197738350294785
4.086482341158523
3.4182958340544896
2.0
3.3342094594480476
3.925957664266689
3.266332639970623
3.084962500721156
2.5495234595978316
3.6314783907408072
3.879290202489547
3.2924812503605785
3.077819531114783
3.5841837197791886
3.350209029099897
3.238901256602631
3.056564762130954
1.8830741894285696
1.9508257945180885
2.406666316740689
1.6893917467430877
2.038159681645953
3.363286923996055
3.6539967386657093
3.378783493486176
3.0269868333592873
3.240223928941852
3.5464393446710156
3.536886723742166
3.2516291673878226
2.948557875009137
3.326360407952693
3.3421926300902185
3.182005814760214
3.60341234326019
3.991250361522368
3.4273334938982645
3.207502910482177
2.9409727759970052
1.584962500721156
3.1556390622295662
2.8566930414234326
1.5
3.006238928653389
3.114589262293244
3.731636328448893
3.7254805569978675
3.1158340921632197
3.457867131472585
2.81393372101732
2.5261207468426807
2.2841591278514217
3.085055102756477
2.188721875540867
3.566468890752879
3.530493056757482
3.4261085007312415
3.360250246633719
3.1916116417513782
3.96672406201322
4.055669276477922
4.1788383078291265
2.6565647621309543
1.7743974703476992
3.189898095464287
3.5944656369614516
3.3927474104487847
2.9735572622751847
3.912818244506912
3.5841837197791886
3.238901256602631
4.101265468618873
4.113737467578146
3.452819531114783
2.950212064914747
3.30827083453526
2.610577243331642
3.958261940052071
3.7409532604048397
3.9291893525980757
1.5
2.270942421748537
1.2994705707972523
3.084962500721156
3.106890595608518
2.6258145836939115
3.348517632685595
3.2402239289418517
3.0220552088742
3.6234651896016468
3.778423503030126
4.023141320466082
3.5
3.8401998765158556
3.3927474104487847
3.6818808028034025
3.667913944000622
3.2516291673878226
4.172205286906152
3.501397825434103
1.3520301017579528
3.012479890745558
3.0269868333592873
3.461320140211008
2.649397470347699
3.240223928941852
3.8355536612250907
3.584183719779189
3.7238183828937528
4.020581971775347
3.5434651896016476
3.09306920777189
3.2516291673878226
3.5724312513221195
3.5246658435655847
3.9362578896252307
1.5219280948873621
2.335505556517097
2.084962500721156
2.4662478973127313
2.8978493842644673
1.9211796919474975
2.5130606498308463
2.584962500721156
3.4039894464852614
3.0269868333592873
3.456564762130954
3.855388542207534
3.5032583347756456
3.3927474104487847
3.8136606896881853
3.3371753411230776
3.378783493486176
3.6143694458867563
3.3787834934861767
3.82790978214397
3.6635327548042538
2.6258145836939115
3.697845823084412
3.971826253964931
3.180832987205441
2.8150724101159437
3.7737934878245247
4.158830776093013
3.760017277849653
3.888764974387061
3.8956095225272724
3.771437029461126
3.085055102756477
3.1288840705376355
3.2516291673878226
3.169925001442312
1.5
2.389898095464287
3.0220552088742005
3.5225715891363594
3.09306920777189
3.408549096875308
3.039148671903071
3.38009433628333
3.452819531114783
3.09306920777189
3.0105709342684834
3.627763553007399
3.511080496244278
3.290321609248305
3.0220552088742005
3.555533151426996
3.0219280948873624
3.506890595608518
3.6234651896016463
3.5585186130489057
3.2516291673878226
3.594465636961452
2.9232314287976204
3.441171431052032
3.484183719779189
3.3519530742463752
3.821373812679182
3.6074753914554893
3.886465723990671
3.8872143980165865
3.830182698156026
3.0849625007211556
2.054585169337799
3.7639413803488413
2.865576855207248
3.084962500721156
3.239097917988786
2.973557262275185
3.7285021157426255
3.292770193936991
3.1307179879273743
3.3248629576173574
3.8230679822736606
1.2472698656300507
1.1941737342569119
1.3250112108241772
3.0849625007211556
2.8553885422075336
3.327819531114783
3.2516291673878226
3.106890595608518
2.682588730501833
3.853308011580245
3.754163427768882
3.300559092390953
4.010570934268483
3.51602764126623
3.952819531114783
3.45404079673468
3.6537567082870006
3.373557262275185
3.378783493486176
3.461320140211008
3.6069367321753205
3.558518613048906
3.744203568311812
3.787301737252941
3.181366328891458
3.3371753411230776
3.137918502671133
4.01673557728311
3.5614063297218426
1.584962500721156
4.049389150503179
3.3263604079526936
3.6354309073173963
3.2466342381206563
3.5562012808079033
3.8143502550827955
3.8246334374754207
3.865100735905616
2.725480556997868
3.6822301285133086
4.084686931418722
2.0
2.7808864614762663
2.7773627950641693
4.000161086438469
1.584962500721156
3.0269868333592873
3.3464393446710154
3.378783493486176
3.1555650133297184
3.8936606896881845
3.189898095464287
3.32323142879762
4.166140693172127
3.959987920756132
3.129259586281069
3.045107849576279
2.0
3.484183719779189
3.3660913291191914
3.26804882875796
3.323231428797621
3.5724312513221195
2.9139770731827523
2.974937501201927
2.9735572622751856
3.4193819456463714
3.7826237831150373
2.8073549220576037
3.454822399946607
3.6471600746327595
3.4992275471326932
3.5697738350294785
3.308694969562842
3.5342190211803413
3.327819531114783
3.2516291673878226
3.0849625007211556
3.6430741894285688
3.30827083453526
3.2927701939369904
3.521640636343319
3.577819531114783
2.952819531114783
2.9852281360342516
3.299896391167891
3.521640636343319
3.521640636343319
3.680325370057891
3.678164401224056
3.239097917988786
3.6401203555763306
2.625814583693911
3.323231428797621
3.788754913993502
3.238901256602631
2.873140679513133
3.27280432733462
2.970513117900866
3.467669446527785
3.4713544870139286
3.188721875540867
3.0306390622295662
3.5401740441351706
3.843856189774724
3.642371448743902
2.8731406795131336
3.4137995646056805
3.2927701939369904
3.884155094595805
2.7773627950641693
2.7272170014624826
3.7390591895934944
3.3927474104487847
3.238901256602631
3.6818808028034025
3.3918926446809308
3.378783493486176
1.994299475957303
2.0191534613250357
2.1258145836939115
2.084962500721156
2.8453509366224368
1.6894822670191825
3.740601562950723
1.780672129520887
3.084962500721156
3.765319531114783
2.918295834054489
4.025382601667946
3.6133373140453067
3.084962500721156
1.5
1.9782211053900531
3.286629486786195
3.1464393446710153
3.9595185491030405
3.7909532161601076
2.7534343861887853
2.9735572622751847
3.928265043159906
2.321928094887362
3.878783493486175
4.071671696634273
3.0936606896881855
3.56199961153114
3.3927474104487847
3.9061983328100944
3.706746291362779
3.8973327382581346
1.5
3.239097917988786
3.8967178198445422
3.60341234326019
3.331508947916409
3.7256657733561944
3.569702316978284
3.2516291673878226
3.576617644908665
3.8820451081368628
3.414441303694973
3.3159777164562594
3.788226800853571
3.808970607228538
3.507380102423635
3.6732696895151076
1.7129371546454388
3.521640636343319
3.3787834934861767
3.418295834054489
1.9822402969866841
3.9057370022255187
3.16823289333881
3.9687338082882495
1.0
3.0086949695628418
3.578632566336437
3.890319531114783
3.471354487013929
3.2028281036529487
2.950212064914747
3.084962500721156
3.5590795706241742
3.337175341123077
3.7256507561120933
3.661932872373583
3.966782203647055
3.5032583347756456
3.7775511192086584
3.7489948035250955
3.039148671903071
3.814366512489959
3.3927474104487847
3.0062389286533895
3.897046969557784
4.1463970805304395
3.5385098742141103
3.9957445677247474
3.4472624994412104
3.180832987205441
3.625
3.7454064259382482
3.556656707462823
2.8731406795131336
4.21340657203748
1.9219280948873623
3.334679141051595
3.9442064496589517
3.2639334294856344
3.2195282822995477
3.3927474104487847
3.175123135113461
3.572431251322119
3.8465976604420784
4.150995363469202
4.100027233979716
1.584962500721156
1.1400677626718572
3.1068905956085184
3.182005814760214
3.1018812234760182
3.2516291673878226
3.6402239289418516
3.46328051781081
2.85845859334435
3.8702840769781583
3.419381945646371
3.9001530166977125
2.0
3.419381945646371
3.5883543471732335
3.708132064658602
3.32323142879762
3.2733494559629497
3.446439344671015
3.5032583347756456
3.084962500721156
3.3232314287976203
3.4251185503571393
3.5883543471732335
2.9182958340544896
3.842370993177108
2.950212064914747
3.454822399946607
3.5465935642949384
2.4591479170272446
3.9668301290433843
3.7474130395316396
3.9353986674667634
4.105916766824306
1.9219280948873623
3.084962500721156
3.25
2.939829017466402
3.5364142371222296
3.5841837197791886
3.075580067807177
3.884653744936846
3.7639657428240816
1.3382689280764646
3.493660689688185
3.3787834934861767
3.471354487013928
3.2108606430179933
3.5651204074720737
3.452819531114783
3.4841837197791894
3.5672534608576196
3.2516291673878226
1.584962500721156
3.2516291673878226
3.4713544870139286
3.551428065028506
3.0334733796060913
2.9978033459510147
2.467720100474499
2.751629167387823
2.4996981431844145
3.493344863722962
3.543942707918268
4.049199728247507
2.8553885422075336
3.6266781970562953
3.7000144837039
3.5095239594751635
3.182005814760214
1.9219280948873623
3.375
3.422510892865799
2.950212064914747
3.9563580149100237
3.663532754804254
3.83639201106023
3.6801653312174274
3.750807235905091
4.0296005505866335
3.0957952550009344
3.877114737896613
4.1013213293266375
3.536886723742167
2.8553885422075336
3.0269868333592873
3.6897037321995474
3.9544000339349195
3.4821272067338294
3.6133373140453067
3.6424896731661263
3.7192945256669794
3.7419707617515594
3.32323142879762
2.880637667099479
2.3373099413886695
1.9669741574771331
2.331164445867128
2.176372890435935
1.887351814444994
3.888055811769677
3.028639311838575
3.7462118631735737
3.5572958738405696
3.6237299242670007
3.8735680972519937
3.584962500721156
3.30827083453526
3.850937210714388
3.182005814760214
3.1395722619867223
3.3927474104487847
3.536886723742167
2.918295834054489
2.984234164652489
3.039148671903071
3.757048827786958
3.4316235658474303
3.641446071165521
3.324092480429718
2.9329993066372895
3.8988754359625033
3.427333493898264
3.202819531114783
3.5830465926978796
3.193269689515108
3.636842188131012
4.028895582682534
3.9589721051718456
2.873140679513133
3.7559473344585417
2.9548982571697784
4.098143912934355
3.5562012808079038
3.7381447582160074
3.6298430976225453
3.59448250651942
3.8728544496132837
3.9188679318992428
3.936907272339675
3.384183719779189
3.468576629687865
3.238901256602631
3.5511911744656968
3.655045546825804
3.5585186130489057
3.770942421748537
3.180832987205441
3.922107289308712
3.2927701939369904
4.05245556342449
2.845350936622437
3.4334468630332973
3.4472624994412104
1.1964209471916636
3.30827083453526
2.8553885422075336
2.625814583693911
3.0021722231837633
3.3841837197791884
3.3927474104487847
3.0220552088742005
3.277613436819115
3.16823289333881
3.0574760762899316
3.155221528859512
1.2957378005380122
1.945530556036326
2.188721875540867
3.077819531114783
3.2402239289418517
2.4182958340544896
3.929886939737236
2.321928094887362
3.1898980954642875
3.452819531114783
3.195295934496216
3.6423714487439014
3.3921472236645345
2.8553885422075336
3.454822399946607
3.0220552088742
3.506890595608519
3.182005814760214
3.5841837197791886
2.835237745312118
3.5836169753972325
3.4701755214643453
3.4182958340544896
3.238901256602631
1.1451104143815827
3.146286370662105
2.6612262562697895
2.5220552088742005
3.8218881955261783
2.437065831519022
3.9551212689542368
3.903382348763399
3.6492812724886265
2.950212064914747
0.9912642605354288
3.8252517372886503
3.658313203934565
3.6682958340544896
3.3927474104487847
3.8252517372886503
3.2086949695628415
3.555533151426996
1.2896085583481507
2.9232314287976204
3.2159220638351664
3.238901256602631
3.797902689682947
3.452819531114783
3.2516291673878226
3.0053148568942785
3.6313883471435844
3.084962500721156
3.1068905956085184
3.323231428797621
3.085055102756477
2.8225797618424915
3.084962500721156
3.039148671903071
3.202819531114783
3.572623663895163
3.337175341123077
3.4117518537749354
3.8481986274684097
3.8230679822736593
2.792481250360578
2.6612262562697895
1.8325367990269028
3.14163540772496
0.863120568566631
1.2957378005380122
1.7413007886570153
1.2957378005380122
1.450467463408549
3.260828171224455
3.2516291673878226
2.9424955222917832
3.8868867611354374
3.105388542207534
3.1307179879273743
3.452819531114783
3.8567336908607324
3.7409532604048397
3.895108089918138
3.66829583405449
3.869571403440118
3.1556390622295662
3.697845823084412
3.8150610122030697
3.039148671903071
3.577819531114783
3.625
3.7638561897747236
2.688721875540867
3.6168746059562227
3.30827083453526
3.350209029099897
2.8150724101159437
3.30827083453526
3.1701348924281936
3.616348566075164
3.3787834934861767
2.8729055953200553
4.100840893340804
4.102667959245174
3.722985527866661
1.0
2.858340926824233
3.346439344671015
3.1556390622295662
3.503539122804025
3.452819531114783
3.4316235658474303
3.691994407749645
2.625814583693911
3.8445446226065902
3.697845823084412
3.7034651896016464
3.0021722231837638
3.7950885863977324
3.5883543471732335
3.5726236638951634
3.7532696895151076
3.795088586397732
3.788754913993503
3.588354347173234
3.5630741894285687
3.240223928941852
2.751629167387823
3.7887549139935026
3.2639334294856344
3.5316788180622902
3.9868605123795877
4.063259282776892
3.2806390622295662
2.9258530145612824
3.704349428956052
3.9261064923326208
4.0679015542111
3.2267309150571264
3.8502090290998967
3.1068905956085184
3.238901256602631
3.866977196801592
1.0
3.7377451654565217
1.186278124459133
1.5058762556041068
3.6143694458867563
2.8553885422075336
3.084962500721156
2.8962915290459286
3.907734270742486
3.4182958340544896
3.182005814760214
0.9055872616982603
3.0269868333592873
3.7313063904313077
3.673269689515108
3.6753108689123644
3.8951509201400127
3.5836169753972325
3.9702201182149017
3.425647570345889
3.588710641914682
3.700093307816549
2.584962500721156
3.039148671903072
3.650013373778756
3.9347253962039654
3.6074753914554893
2.838566847267297
4.004762001112587
2.6384600665861564
3.9605215201652544
3.3841837197791884
3.869983960238491
3.5090356337908917
3.8646983261669603
3.509275070710713
2.9139770731827523
3.4039894464852614
3.5424812503605785
0.5608251769947302
3.2359263506290334
3.5883543471732335
3.6902603909683838
3.9972325074343265
2.688721875540867
3.843130087895781
3.4713544870139286
3.7254805569978675
3.4992275471326932
3.182005814760214
3.3735572622751846
3.5841837197791886
3.7201755214643453
3.538310595615005
2.5654483718208256
3.8113521303070392
3.6531071683628116
3.039148671903071
3.932149191587158
3.701597680110229
3.675310868912364
3.084962500721156
3.32323142879762
3.3787271036564657
3.578824303832517
3.6289280318460246
3.1916116417513782
3.941070998324786
3.6901165175936654
2.60845859334435
4.069190194112841
3.990573626073117
4.128389261071736
4.129881024169164
2.9852281360342516
3.418295834054489
2.889549430862088
3.077819531114783
3.3564924137968233
3.471354487013929
3.243300368538957
4.138459348788347
4.018427019529031
3.576617644908665
2.9339545780481746
2.6031579868726
3.9070511485863797
3.8418225690400694
3.640319531114783
3.5724312513221195
3.721928094887362
2.9709505944546684
3.175123135113461
3.3921472236645345
3.69594722638747
3.0306390622295662
2.822579761842491
3.8776302254866573
2.0713451397302376
2.918295834054489
3.973782274164611
3.3787834934861767
2.984234164652489
3.902671574768706
3.841386449888559
3.9760182722003794
2.355388542207534
3.3563124048043655
3.43162356584743
3.7015976801102295
3.177566232096525
3.8788364650105707
3.236744989587037
3.7889795546590994
3.180832987205441
3.8572980330613182
3.2575004135020675
3.7414516279199077
3.350209029099897
3.9072127334446303
3.8569625517980546
3.734521664779752
3.182005814760214
3.3921472236645345
3.1556390622295662
3.4039894464852614
3.375
2.688721875540867
3.6745291645528657
3.6437763910523575
3.5434651896016462
3.4906015629507228
3.2368573034220733
3.7671513264310645
4.039292314862676
3.526129815595918
4.176239450437773
4.08605299311535
3.8490557627228177
3.9754059374662827
3.8501531386557373
1.2494602799216175
3.3908054820769813
3.238901256602631
3.085055102756477
3.197159723424149
3.4273334938982645
4.111153777543379
3.403989446485262
3.8954347171530768
2.9109922530150456
3.180832987205441
3.917420904274473
3.8456631498513816
3.09306920777189
3.521640636343319
3.2841837197791883
3.737213813234872
3.771836800621631
3.894187062603806
3.095795255000934
3.2841837197791888
3.0565647621309537
3.7975930694795585
3.4992275471326932
3.602418960470406
3.9915465546508067
4.090991736804428
3.1158340921632197
2.7068905956085185
3.327819531114783
3.5670402169265785
2.792481250360578
3.9483943455364026
3.418295834054489
4.001727857559624
3.5
3.521640636343319
2.4996981431844145
3.373557262275185
3.125
0.9055872616982603
3.09306920777189
3.8219280948873617
2.625814583693911
3.378783493486176
3.2516291673878226
2.8553885422075336
2.8962915290459286
3.378783493486176
3.238901256602631
3.084962500721156
3.5
2.8163075192246447
3.103701696057348
3.5351745656359026
3.8365916681089787
3.6635327548042538
3.4314134569803287
0.6402064333604701
1.0389205950315936
4.066496289926798
3.4182958340544896
3.874753237957486
0.9444885341662053
3.039148671903071
3.0220552088742
3.753269689515107
3.4292750707107134
3.4992275417233563
2.8553885422075336
1.058277043226334
3.569773835029478
3.521640636343319
3.4225108928657995
3.5654483718208247
3.418295834054489
3.767183467891461
3.327819531114783
3.7474130395316396
2.873140679513133
3.7045348998193433
3.1556390622295662
3.1916116417513782
3.546439344671015
3.6280852788913944
3.3082708345352603
3.852421151644845
3.0071964896856174
3.2516291673878226
3.724224431455982
3.9066219825263993
3.251629167387823
3.0269868333592873
3.2321018048454135
3.753269689515107
2.6887218755408666
2.923231428797621
3.238901256602631
3.417837797403416
4.0586260767989835
3.2195282822995477
2.7534343861887853
3.9164792584285033
3.8924866505712012
3.7606205443099605
3.850893888640383
3.1158340921632193
3.3248629576173574
3.3735572622751855
3.5465935642949384
3.4613201402110083
2.7534343861887853
2.925853014561282
3.2402239289418517
3.3927474104487847
3.452819531114783
3.6069367321753214
3.9814678722160557
3.381580488309164
3.7105815793661217
1.584962500721156
3.7580406810932363
3.3595757447134247
3.8639203484838642
0.0
3.8301826981560265
3.9595607108527116
3.5585186130489053
2.8962915290459277
2.8553885422075336
3.7834651896016465
3.858313442577852
3.5726236638951634
3.106890595608519
3.419690574049697
3.7843684875968617
3.534219021180341
3.084962500721156
3.9315016760304564
3.170543891762937
3.841096866085959
3.5434651896016467
4.091566111751364
3.327819531114783
3.5225715891363594
3.7368234064105232
3.771437029461126
3.5599000019230833
3.9290468883682923
3.7821222241453065
3.9186472168712587
3.865701817696286
2.8553885422075336
3.6168746059562227
3.181366328891458
2.858118463097969
3.238901256602631
3.084962500721156
3.4565647621309536
3.039148671903071
3.375
3.202819531114783
3.238901256602631
3.128085278891395
2.9037016960573476
3.2608281712244547
3.0503018554349817
3.399079570624174
4.107523812833569
3.077819531114783
3.3787834934861767
0.9463729359854419
1.0
1.1738942928386324
1.181899057917561
3.1961547809328676
2.8150724101159437
1.1451104143815827
3.521640636343319
1.0954312795575998
1.9301249653149701
3.3927474104487847
3.977567157116928
3.621928094887362
3.5434651896016467
4.035002193138209
3.1556390622295662
3.0220552088742
3.8741092618361126
0.9463729359854419
3.506890595608518
3.1018812234760182
3.2359263506290334
3.588354347173234
3.189898095464288
3.2806390622295662
3.106890595608519
3.09306920777189
3.4695443569727304
3.039148671903071
3.8035088547976788
1.584962500721156
3.782122224145306
4.027820454771232
3.8218881955261783
3.831401845392172
3.8323602965782406
3.7004397181410926
1.5510981710072647
3.653756708287
3.4399364703978073
3.9794594465930873
3.772055208874201
3.350209029099897
2.9450386975402445
3.9708537908203616
3.0220552088742
3.2402239289418517
3.260828171224455
3.452819531114783
3.6897037321995474
2.873140679513133
3.6275420171275767
2.8553885422075336
3.0269868333592873
2.8073549220576037
3.4251185503571393
3.923231428797621
3.976960779377616
3.817297284430925
3.6990278753194064
3.238901256602631
3.446439344671015
3.9456362538007217
3.4992275471326932
3.0062389286533895
3.446439344671015
3.925410635240724
3.5766176449086653
3.7576122464141988
3.1820058147602133
3.9927544902092937
3.5537631144722455
3.084962500721156
4.078862352223011
3.5160276412662306
3.98319563424773
3.577819531114783
2.6644977792004614
3.650066098070403
3.4713544870139286
2.918295834054489
1.3372449392958772
1.2638091738835462
3.805553487918121
1.0949143184120975
3.4906015629507228
3.189898095464287
3.630412660873998
2.8553885422075336
3.319079570624174
3.64357726254524
1.584962500721156
3.373557262275185
3.077819531114783
3.182005814760214
3.9275671571169277
3.4817145729860726
3.6762356371640705
3.2210972500579564
3.935955649986687
3.905003027615696
1.584962500721156
3.5590795706241733
4.043181323296859
3.8796169867957406
3.3190433922623757
3.9023039608559698
3.4104172527605203
3.238901256602631
3.3273399000835084
3.881832665522081
3.5071499995644975
3.25
3.521640636343319
1.384431504340598
3.182005814760214
2.8152023999804863
3.4713544870139286
3.6095785206782574
3.990009704040741
3.375
3.384183719779189
3.613337314045307
3.016875695766564
3.041625614369223
4.012877693160268
1.0
3.085055102756477
3.6841837197791887
3.5160276412662292
3.381580488309164
3.753269689515107
3.690260390968384
3.7201755214643453
3.810081020521731
3.5739348962840563
3.708132064658602
3.0849625007211556
2.688721875540867
3.8073549220576055
3.675310868912364
4.036335137078634
3.6014097655573916
3.6753108689123644
3.5841837197791886
3.3787834934861767
2.9182958340544896
3.292770193936991
2.5995812306460646
4.05398988305302
3.1898980954642875
3.778640339187871
3.597701005889715
2.835237745312118
3.0449127332389447
3.481714572986073
3.743220250848072
3.82932324298533
3.6234651896016463
3.1898980954642866
3.180832987205441
3.501397825434103
0.8166890883150209
3.6647070055147104
3.378783493486176
3.8494680512328023
3.327819531114783
3.136379330350756
3.8758494743010155
2.855388542207534
3.2402239289418517
3.4193819456463714
3.5585186130489053
3.577819531114783
3.95010765204493
3.452819531114783
3.0306390622295662
3.221097250057956
2.6258145836939115
1.0408520829727552
1.3250112108241772
1.295461844238322
3.203701696057348
3.2516291673878226
3.296148374747623
3.7267374734123866
3.3927474104487847
3.4841837197791885
3.2368573034220733
4.070281151670137
3.521640636343319
3.1395722619867223
3.7871439606981383
3.905777941754806
3.7015285315325546
2.918295834054489
3.180832987205441
3.708048150071232
3.588354347173234
2.8581184630979695
3.3638561897747246
3.4464393446710155
3.708966082694623
3.0775726382817683
3.0269868333592873
3.3320953986601696
3.5216406363433177
3.563247423975141
3.5670402169265785
3.497155802575668
2.973557262275185
3.6553362295323457
3.702471512219747
4.099431667950824
3.2516291673878226
3.796217602590055
3.7080933915774974
3.4569744267451346
3.238901256602631
3.630412660873997
3.3232314287976203
1.0892300788425848
3.8653481156610803
3.3927474104487847
3.5848554466303097
3.8430833559368964
3.418295834054489
3.2516291673878226
3.2390979179887864
3.4219280948873623
3.0220552088742
3.3194782582710403
3.1018812234760182
3.958668200662406
2.140183873596826
2.931208948910323
3.016875695766564
3.820888851350188
3.531941205546659
3.2516291673878226
2.8553885422075336
3.6423714487439023
3.3787834934861767
2.584962500721156
4.0420795382838435
1.5
3.797902689682947
2.7528553052032323
3.219528282299548
3.09306920777189
3.2692750707107137
3.0463811129458835
4.026524569128321
1.0
3.3263604079526936
3.1751231351134614
3.3082708345352603
2.625814583693911
3.5585186130489057
3.077819531114783
3.056564762130954
3.640223928941851
3.578056483244308
2.8150724101159437
3.2516291673878226
3.240223928941852
3.3680424225727155
3.418295834054489
3.7821222241453065
3.5121884039686613
3.3971352028310107
3.964371158840359
2.952819531114783
3.2368573034220742
3.6150610122030695
3.356492413796824
3.1952959344962166
3.454822399946607
4.077818020030058
1.9219280948873623
3.52164063634332
3.2516291673878226
3.0849625007211556
3.085055102756477
3.4841837197791885
3.4548223999466066
3.219470570797252
3.0
3.189898095464287
3.653756708287001
3.3005590923909534
3.4613201402110083
3.4182958340544896
3.665400719733289
3.3082708345352603
3.4316235658474303
1.0
3.383465189601646
3.170134892428194
3.454822399946607
4.012678367318303
3.0
3.1556390622295662
3.418295834054489
1.9211854965885544
3.892407118592875
3.1395722619867223
3.4029342381953898
3.476023612793809
3.970772169155139
3.0269868333592873
3.419381945646371
3.881076880026371
3.9232517969803373
4.012906240046098
2.8218881955261788
2.926646479830902
3.8334434433592635
3.9459836392296155
1.584962500721156
3.725916088924304
3.546593564294939
3.2516291673878226
2.9852281360342516
3.6264137472020304
3.868814435510419
3.189898095464287
3.6842599054599776
3.446439344671015
3.5883543471732335
3.463280517810811
3.735015641798042
3.327819531114783
3.8872143980165865
3.5724312513221195
3.2568665431825226
3.8037016960573475
2.0
1.3520301017579528
3.155221528859512
3.682409460063677
2.918295834054489
4.023981820580905
3.859163477399323
3.4694193178118753
1.207518749639422
3.418295834054489
3.373557262275185
3.077819531114783
3.3908054820769813
3.6143694458867563
3.8877511264657665
3.5
3.506890595608519
3.5514280650285066
3.572469458770136
2.873140679513133
2.950212064914747
2.873140679513133
3.3927474104487847
3.182005814760214
3.5630741894285696
3.783465189601646
3.3263604079526936
3.3787271036564657
3.2195282822995477
3.7254805569978675
3.202819531114783
3.3248629576173574
3.4565647621309536
3.7381493331928657
3.9783335811852645
1.0408520829727552
1.2769608633389127
3.323231428797621
3.127986806877675
3.683856189774724
3.7638561897747236
3.4709331072506786
3.141619208183979
3.927346416098754
3.7321588913645694
2.8553885422075336
2.699513850319966
3.238901256602631
3.5944656369614516
3.2195282822995477
3.8258781384496925
3.5632474239751413
3.4634651896016466
3.2516291673878226
3.0104340890333376
3.1748858687242363
3.665882745561474
3.4632805178108104
4.030069671072397
3.265583322887733
3.6424896731661263
3.6284451594312284
3.6537567082870006
3.6537567082870006
2.950212064914748
2.8150724101159437
3.953041378459236
3.732444601324706
3.9155803954675137
3.605664398238481
3.327819531114783
3.2402239289418517
3.616348566075164
2.792481250360578
3.127986806877675
3.4273334938982645
3.584962500721156
3.5068905956085192
3.09306920777189
3.0306390622295662
3.3927474104487847
3.4841837197791885
3.6818808028034016
3.3248629576173574
1.9219280948873623
4.06234385931434
1.584962500721156
2.751629167387823
3.010434089033337
3.4387218755408675
3.189898095464287
3.378783493486176
2.6258145836939115
3.9109521314928397
2.5220552088742005
3.788986957321777
3.4541684103574046
2.9852281360342525
3.547159342835935
3.463280517810811
3.4817145729860717
3.375
3.9258113539585167
3.2927701939369904
3.529020206048536
4.122330598335966
1.584962500721156
3.3927474104487847
2.9139770731827523
3.5465935642949384
3.5351745656359026
3.6492812724886265
3.8438561897747237
3.0062389286533895
4.088057953628444
3.182005814760214
3.51602764126623
3.625
3.728502115742625
2.98345859334435
2.923231428797621
4.155761408868675
3.8035088547976788
4.126441577715048
3.202819531114783
0.9182958340544896
3.077819531114783
3.916126946588283
2.9367000321675474
1.0
2.9056390622295662
3.2219280948873625
3.5726236638951634
3.1555650133297184
3.8801799226757367
3.6060152796207334
3.2961483747476232
3.564735178725505
3.240223928941852
4.191032199554063
3.968642655794603
3.831401845392172
4.159669145872803
3.908841355918162
2.973557262275185
2.7534343861887853
3.321928094887362
3.661932872373583
3.3815804883091634
3.0269868333592873
3.5464393446710156
3.1307179879273748
3.2359263506290334
3.6412498004554785
0.9463729359854419
3.189898095464287
3.3248629576173574
3.039148671903071
2.9329993066372895
3.809847847935103
0.0
3.4613201402110083
4.011411723741874
3.085055102756477
3.3232314287976203
3.447401504705915
3.4174831499269747
3.202819531114783
3.0269868333592873
3.1556390622295662
3.770942421748537
3.0850551027564768
3.326360407952693
3.5562012808079038
3.3248629576173574
3.782122224145306
2.952819531114783
3.7777471629109445
2.753434386188785
3.658618590401651
1.301240785481462
2.6258145836939115
2.688721875540867
3.8279097821439705
3.1068905956085184
3.7841837197791888
3.9241805435267714
3.8312762533752505
3.2516291673878226
3.452819531114783
0.7732283485249176
4.012258452365148
3.3056450063529996
3.886966405512079
3.917626443873359
3.484183719779189
3.7775182662886326
3.4399364703978077
3.8882347839383393
3.907734270742486
3.659799224314526
3.857199882911009
3.263933429485634
3.25
3.454822399946607
3.3816201079487347
3.6841837197791887
3.1462863706621045
3.056564762130954
3.084962500721156
3.5739348962840563
3.8275671571169276
3.651428382642454
3.3414460711655214
1.2475562489182659
3.0337781050851125
3.096458515159111
3.084962500721156
3.7622673906514943
3.7201755214643453
1.0389205950315936
3.3735572622751855
3.5535088547976788
3.860869749551866
2.0
3.690260390968384
2.6022170014624826
2.7773627950641693
3.238901256602631
3.0849625007211556
3.6069367321753205
3.868202668193665
2.422579761842491
3.452819531114783
3.7256507561120937
3.928265043159906
0.9182958340544896
3.456564762130954
2.7192945256669794
3.7264741182543752
2.7192945256669794
3.2359263506290334
3.814793283575974
3.180832987205441
3.2808180775673814
3.9373261452560078
3.9343813435048056
1.0
2.8553885422075336
3.6644977792004623
4.001689519050982
3.0
3.30827083453526
4.006943017089973
1.0
3.077819531114783
3.686037555403327
3.7845276964165557
2.8910611120726526
3.938654716746413
3.6817276788697364
3.6235087968145354
3.769339513868294
3.991391016558089
3.991535017598714
3.708132064658602
3.4613201402110083
2.8553885422075336
3.127986806877675
2.7516291673878226
3.6751047187865997
3.1556390622295662
3.9361359001641913
3.917481250360578
3.5368867237421666
3.6055161915432032
3.238901256602631
3.327819531114783
3.2841837197791888
3.0220552088742
2.950212064914747
2.702819531114783
3.672691911464447
3.239097917988786
3.010570934268483
3.4992275417233567
2.688721875540867
2.6895253832100683
4.147781812925607
3.182005814760214
3.6168746059562227
3.0306390622295662
3.463710641914682
3.711036338342836
3.9120989785316502
3.09306920777189
2.625814583693911
3.454168410357404
3.27280432733462
4.085516125319535
2.0
3.725650756112093
3.9522284417290816
3.1307179879273748
3.5766176449086653
3.2516291673878226
4.102761295816869
3.1751231351134614
3.32323142879762
3.926034494443056
3.337175341123077
3.7950885863977324
3.521640636343319
3.9345980775971685
3.6304126608739975
3.2402239289418517
3.8980685120588383
3.511085408180427
3.2516291673878226
3.9651451195042426
3.558518613048906
3.935867932606747
2.6535442970305687
3.039148671903071
3.623465189601646
3.431623565847431
3.584962500721156
2.8553885422075336
3.7198523585646033
3.6711499390701863
3.7024715122197467
3.641126767019874
4.089695161302113
3.7216117239699003
3.8046139504777443
3.577819531114783
4.009956717055545
3.3841837197791884
3.5944656369614516
3.442862165155466
3.665612885943363
3.5525842461721626
3.5839506212867
3.8164826208814384
2.584962500721156
3.2913928761709625
3.6163485660751644
3.6074753914554893
3.039148671903071
3.085055102756477
3.6464393446710153
3.5160276412662297
1.1929993566060646
3.4548223999466066
2.751629167387823
1.2344977967946407
3.5766176449086653
3.238901256602631
3.337175341123077
3.5464393446710147
3.521640636343319
3.594465636961452
3.039148671903071
3.751629167387823
3.0849625007211556
2.873140679513133
3.623465189601646
3.625
3.6897037321995474
1.1941737342569119
2.3382324967087738
3.182005814760214
3.0220552088742
3.3204780224153003
3.616601684782745
3.584962500721156
3.943942707918268
4.087496761102215
3.53641423712223
2.873140679513133
3.7979026896829464
3.3232314287976203
3.373557262275185
2.8218881955261788
3.2927701939369904
3.0849625007211556
3.3927474104487847
4.027717354647761
3.0565647621309537
3.238901256602631
3.75
3.084962500721156
4.09512958282627
3.3660913291191923
2.0
3.3021390820667533
3.4477426785812733
3.753434386188785
3.7962176025900556
3.8840294370814625
3.503997527334848
3.3927474104487847
3.644413829577611
2.918295834054489
3.0850551027564768
3.188721875540867
2.9852281360342516
2.9182958340544896
3.263933429485634
3.0849625007211556
3.7336606896881848
3.353269689515108
3.7821222241453056
3.09306920777189
3.349692968957871
2.8553885422075336
2.918295834054489
3.1464393446710153
3.084962500721156
3.6536606896881856
3.572469458770136
3.334679141051595
3.8740691021493263
4.082359365391823
3.9226799244444988
3.699337068847133
3.2195282822995477
3.5282424844314786
3.929306930122182
3.7821222241453065
4.028946391954607
3.7843684875968617
3.9018668828462753
3.6841837197791887
3.902174814211728
4.014003341820223
3.704511459715549
3.095795255000934
2.1464657985040723
1.1451104143815827
3.7034651896016464
3.7259160889243037
3.084962500721156
4.056020968057881
3.9182523518230763
3.7167050132179815
3.748336660409954
4.021821234767887
3.2402239289418526
3.8212266049160206
3.9221125189250827
3.5013978254341027
3.625
3.2246792177558294
3.777570499130444
3.6249773109679033
3.828245391210751
3.857212616207185
3.9921117889005813
3.3716535224393334
2.873140679513133
3.426367488473226
3.378783493486176
2.606238928653389
2.872905595320056
2.950212064914747
3.2359263506290334
3.272769892034794
3.6464393446710153
3.3027227528624894
3.2577560641285177
4.059031531823535
3.190238651106873
3.4548223999466066
3.506890595608519
3.471354487013929
3.3927474104487847
3.3927474104487847
4.053565105828504
1.6691803368667308
1.584962500721156
3.6514789228933084
4.0105709342684825
3.4182958340544896
3.882021446536749
2.688721875540867
3.0849625007211556
3.904315949407467
3.7015976801102295
3.039148671903071
2.8553885422075336
3.0220552088742
3.764735178725505
3.7409821015340743
3.5905710812598666
3.7383583064968113
3.559653944975737
3.9773401641481403
3.238901256602631
3.077819531114783
2.8225797618424915
3.14163540772496
2.625814583693911
3.3735572622751855
3.8123472283837065
3.4713544870139286
2.9139770731827523
1.584962500721156
3.0306390622295662
3.189898095464287
3.084962500721156
3.2927701939369904
3.0220552088742
3.0220552088742
3.4316235658474303
3.5839506212866996
3.3927474104487847
3.521640636343319
3.536886723742167
3.3787834934861767
3.2729055953200556
3.392747410448785
2.9852281360342516
3.6753108689123644
1.0
0.9912642605354288
3.471354487013929
3.2516291673878226
1.321606958388347
2.9842341646524884
2.794653473544342
3.7795506379913197
2.8073549220576046
3.689703732199547
3.3239348962840563
3.6682958340544896
2.8402239289418523
3.085055102756477
3.6746702095890935
3.1556390622295662
3.9355861440029924
3.8619845111787066
3.655736455573759
3.616348566075164
3.0286393118385755
3.5068905956085183
3.6536606896881856
3.6536606896881856
3.4225108928657995
3.2639334294856344
4.0203809458060205
3.0849625007211556
3.9080272543499044
3.813660689688185
3.837021057278366
3.0850551027564768
3.5564401201118785
2.6235166412180155
3.238901256602631
3.3086949695628416
3.5160276412662306
3.188721875540867
3.617370428733459
3.9959065984842446
3.723800253703272
3.8116388635644123
3.7671834678914604
2.855953642864355
3.792376622970445
3.8513704973007585
3.905088825135491
2.939829017466402
3.7130173225395335
3.698061760293505
3.5225715891363594
3.452819531114783
3.459491160199153
2.6235166412180155
3.077819531114783
3.5654483718208247
3.605337797403416
3.3060202622092563
3.9175242461603683
3.721928094887362
3.3680424225727155
3.2516291673878226
3.3735572622751846
3.0850551027564768
2.3553885422075336
3.084962500721156
3.572469458770136
2.8731406795131336
3.1496734471867414
3.4472624994412104
3.5724312513221195
3.7579254136901956
3.426367731817137
4.036057177812536
3.1556390622295662
3.7259160889243037
3.6524360555090367
3.497743468515028
3.368042422572715
3.839633002652143
3.6386801870576266
4.078896882459434
1.9219280948873623
3.202819531114783
2.950212064914748
2.5654483718208256
2.7744019192887706
2.4182958340544896
1.1400677626718572
0.8795064608120066
1.3520301017579528
0.9912642605354288
2.1596275363413566
1.746435384238893
1.576065823799483
2.378783493486176
2.918295834054489
3.0900327766014795
3.0220552088742005
3.702078406900581
3.673139880431714
3.204986855772667
3.790738571192495
3.913217192848119
3.942056721908068
3.901607694243578
3.6596842963426033
3.6443968350543035
3.506301357807638
3.8923598241049335
3.768719794037501
3.2681819469841797
3.6640928804975537
3.8133045856458154
3.7908733252720976
3.7844813452425075
3.6228197795706434
3.731864765695632
3.761881526735986
3.814314087289694
3.324986069618565
3.452819531114783
3.3735601011441534
3.825144780020462
3.7977295402899998
3.810185025859003
3.5743298884475894
3.842126281884719
3.841404177818039
3.968109257630997
4.062351265872231
1.4913146570363986
0.45502065977946415
3.323231428797621
3.084962500721156
2.8553885422075336
3.9032080616476805
3.6980365549475103
2.873140679513133
3.414441303694973
3.3342094594480476
4.0213252303285865
4.029625632908584
3.327819531114783
3.675299974773243
3.182005814760214
3.6280852788913944
3.5428377974034158
3.319773835029478
3.9011462208004106
2.7192945256669794
3.90941969215558
2.751629167387823
2.873140679513133
3.521640636343319
3.625
3.8972031514247374
3.5094340176647694
3.6205715771054217
4.033220509350587
3.086048612313038
2.8225797618424915
3.2884093770885316
3.3248629576173574
3.6529783582881152
3.6946560645723063
4.113244637517002
0.0
3.5841837197791886
3.5944656369614516
3.4841837197791885
3.375
3.240223928941852
3.3248629576173574
3.418295834054489
3.4548223999466066
3.5219280948873624
2.292481250360578
3.084962500721156
2.7898980954642876
3.3035088547976783
3.6421498816369033
3.182005814760214
3.1898980954642875
3.535174565635903
2.8553885422075336
3.337175341123077
3.5351745656359026
3.53641423712223
3.32323142879762
2.873140679513133
3.640223928941851
3.6464393446710153
3.554229296672175
2.6612262562697895
3.8508584067932707
3.2516291673878226
3.9045884843691434
2.8423709931771093
3.740601562950723
3.084962500721156
3.0269868333592873
3.7983512260625827
0.7907669479360189
3.2516291673878226
3.0220552088742
3.6168746059562227
2.9232314287976204
3.9885713692677904
3.085055102756477
3.3371753411230776
3.3862661425265324
3.039148671903071
3.4292750707107125
1.4394969869215133
1.722266311943983
3.341446071165522
3.327819531114783
2.8553885422075336
3.8796640049025934
3.9343121146311706
3.7539274689630973
2.9689185639620974
3.6732696895151076
3.3680424225727155
3.238901256602631
2.8423709931771093
3.1751231351134614
3.4565647621309536
3.84745871817416
3.0588138903312014
3.4387218755408675
3.6960491338350683
3.0269868333592873
4.017268118104294
3.0220552088742
2.7192945256669794
3.501629167387823
3.7254805569978675
3.621928094887362
3.5032583347756456
3.9483465138316327
3.530963873657757
3.692279682039657
3.350209029099897
3.180832987205441
3.421928094887362
3.8665871058289594
3.788754913993502
3.084962500721156
2.625814583693911
2.7516291673878226
3.446439344671015
3.4428621651554656
3.292770193936991
3.96463875721284
2.8423709931771093
3.046439344671015
3.0269868333592873
3.582088894387079
3.6300623580780274
3.2516291673878226
3.513202452298429
2.3553885422075336
3.638246475940331
3.881005488054637
3.893711697274249
4.0316308671489125
1.225235779471061
3.8855362564888187
3.238901256602631
3.182005814760214
3.419381945646371
2.005977711423774
2.1530029176621426
3.084962500721156
0.0
3.7201755214643457
3.7198523585646033
3.8052130019367807
2.8731406795131336
3.3371753411230776
2.353533948577482
3.640223928941852
3.0220552088742005
3.323231428797621
4.0105709342684825
3.594465636961452
3.6644977792004623
3.2927701939369904
3.006238928653389
2.8957996395747783
2.6211443633393547
3.6216432709657926
3.0306390622295662
2.751629167387823
2.9182958340544896
2.8423709931771093
3.006238928653389
2.8729055953200557
3.9991345506869664
3.128085278891395
4.116694676185862
3.373557262275185
3.860368312631825
2.751629167387823
3.0220552088742005
3.6424896731661267
3.850926572126644
3.3232314287976203
3.7242068338389056
3.1556390622295662
2.6612262562697895
2.6235166412180155
3.9331695057515157
3.5421176810056703
3.2728043273346206
3.182005814760214
3.6180782093497097
3.433269689515108
3.25
3.8665871058289594
2.9689185639620974
3.825326019447654
3.521640636343319
3.9274177219375592
4.097285568348656
4.111050322672434
4.208600467522441
3.4906015629507228
2.8962915290459286
4.140558078958497
3.725440849823789
3.984913951302307
0.0
3.788754913993503
3.7417292966721747
4.192055692805896
3.189898095464287
3.7827523253286763
4.079114588671671
4.113745183685722
3.99568326291473
3.778975353508521
3.7889135372273
4.016375074376892
3.772055208874201
3.373557262275185
3.3927474104487847
3.572469458770136
3.0306390622295662
3.127986806877675
3.6168746059562227
2.9312089489103235
3.890441563190539
3.609668477419888
3.573660689688185
3.6529101653027003
0.3095434291503252
0.0
3.0269868333592873
3.4219280948873623
3.4225779953216033
3.0220552088742
3.6143694458867563
3.950212064914747
3.1898980954642875
3.2806390622295662
3.4072682296173893
3.5493969955178373
3.876432706267626
2.8218881955261788
3.521640636343319
3.0220552088742
3.4885252948977477
3.4858259278490094
3.41041725276052
3.3908054820769813
3.049452072789394
3.5724694587701364
3.0220552088742005
4.050502392875025
3.748328660365573
3.8219280948873617
3.4642346527265664
4.1510226364528595
3.589898095464288
3.9032080616476805
3.4548223999466066
2.606238928653389
3.0849625007211556
3.337175341123077
2.6158045319402516
3.246439344671016
3.653756708287001
3.0220552088742005
3.3927474104487847
3.0849625007211556
2.8150724101159437
3.1555650133297184
3.039148671903071
3.4548223999466066
4.0674909192234
3.177566232096525
4.045390208731666
3.9890605743522074
3.386842188131012
3.702102766622618
3.461320140211008
2.751629167387823
3.689891668750007
3.5724312513221195
3.8774437510817337
3.238901256602631
3.9117890110921683
3.6234651896016463
3.421928094887362
3.2866294867861954
1.5058762556041068
3.7014422826874447
3.2810361125534233
3.292770193936991
4.042765052098031
0.7742433029172697
3.09306920777189
3.2806390622295662
3.85619629821938
3.180832987205441
3.469576746316393
3.882116294013033
1.584962500721156
3.2355775937789732
3.9118453150261954
3.8541632888566597
3.7693395138682937
2.8978493842644677
3.2210972500579573
2.6258145836939115
3.8958543814495705
3.2977968115985945
3.2841837197791888
3.3263604079526936
3.6053885422075345
3.378783493486176
3.2607845582978525
3.327819531114783
3.7382186359289507
3.3834651896016465
3.463465189601646
3.085055102756477
3.2841837197791883
3.4594316186372964
3.7483286603655737
3.5766176449086653
3.6421498816369033
3.546439344671015
3.4500288754484654
3.633505994978368
3.9093680639438846
3.2402239289418517
3.827567157116928
3.8188364877541034
3.9701608421343284
3.711080496244278
3.0220552088742
3.3371753411230776
3.5
3.3082708345352603
3.5032583347756456
3.188721875540867
3.327819531114783
3.5892750707107126
3.6001908764824524
3.108694969562842
3.5464393446710156
3.854285871987246
3.6302753548819773
3.1751231351134614
3.3371753411230776
3.4387218755408675
3.564338937154248
3.4992275417233567
3.221413066465936
3.592826118980924
3.8961746300696407
3.1751231351134614
3.9710949655412744
3.5724312513221195
3.3219280948873617
3.4713544870139286
3.180832987205441
3.8140156038557316
3.8561962982193805
3.172810733519864
3.0220552088742
3.0565647621309537
3.2359263506290334
3.2516291673878226
3.7962176025900556
3.9476572041174145
3.128085278891395
3.4547012441673464
4.032956708171771
3.337175341123077
4.059665669990653
3.4357554339416274
3.577819531114783
3.4613201402110083
3.7622298649839663
2.98345859334435
2.6292492238560343
2.688721875540867
2.606238928653389
2.952819531114783
2.732914563979398
1.7295739585136223
2.8553885422075336
2.8962915290459277
3.807435516759525
3.7160160623359078
3.8404025467025056
3.084962500721156
2.561278124459133
3.6901204074720737
3.926361763437646
1.4182958340544896
2.689246428509158
3.087929346985106
2.944741565632261
3.463280517810811
3.2516291673878226
4.136191333820405
1.584962500721156
3.675310868912364
3.4613201402110083
3.6933452188924916
3.939437798233894
3.5739348962840563
3.784829508503261
3.0269868333592873
3.1659573209491745
3.6897037321995474
3.327819531114783
3.7534343861887853
3.3927474104487847
3.576617644908665
3.427333493898265
3.4039894464852614
3.09306920777189
3.3921472236645345
3.7950885863977324
3.3464393446710154
3.2866294867861954
3.2810361125534233
3.6304126608739984
3.661932872373583
3.5110854081804264
1.8919954870390203
2.005977711423774
1.2344977967946407
0.9933927290103626
1.6729055953200562
2.6854688732402385
3.189529631552713
3.0988035792308293
3.8252517372886503
2.3519214953077285
2.5185529507103013
2.784010874644601
2.8063636489614465
2.9329993066372895
2.745497220662044
1.780672129520887
2.134236375815561
3.229021194717129
2.8000446184790095
3.3371753411230776
3.5368867237421666
3.7855610028241506
3.8332696895151073
3.3248629576173565
3.8956388075276664
3.414441303694973
4.017470907792047
3.4251185503571393
3.377747162910945
2.8073549220576046
3.207686112873937
3.2210972500579573
2.8954238702803163
4.000432302535624
3.5068905956085183
3.0269868333592873
3.625
3.7709424217485377
3.570782286537524
3.965830108261739
3.885828069136431
3.350209029099897
3.127986806877675
3.607735252622104
3.6133373140453067
3.7972288880242133
4.018062299555616
4.031101961375559
3.967479863405539
4.032398590790198
3.334679141051595
3.511085408180426
3.3248629576173574
3.485228136034251
3.3660913291191914
3.085055102756477
3.084962500721156
3.4472624994412104
3.2037016960573483
2.682588730501833
3.906738732447637
2.6612262562697895
3.5434651896016462
3.6168746059562227
3.1751231351134614
3.2516291673878226
3.2888840705376357
3.7254805569978675
2.6535442970305683
1.0949143184120975
3.7256507561120924
3.2195282822995477
3.886842188131012
2.692380602454975
1.870253816431622
3.202819531114783
3.788341339656749
3.447401504705915
3.882048827786958
3.7652541383950524
3.463280517810811
3.084962500721156
2.8221819586428727
3.8281611323388303
3.7614063297218423
3.239097917988786
3.5141594451455145
3.2516291673878226
3.7887549139935026
3.0849625007211556
3.697845823084412
3.180832987205441
3.4992275471326932
3.085055102756477
3.587858798299509
4.033133583087721
4.103981820580904
3.1395722619867223
3.55592698363834
3.3248629576173574
2.8553885422075336
1.3355055565170972
1.207518749639422
1.079439161649138
0.7345299214394703
2.873140679513133
3.0269868333592873
3.3927474104487847
3.4548223999466066
3.334679141051595
3.8143719431796272
3.4613201402110083
3.6553362295323457
3.1552215288595122
3.414441303694973
3.401210641914682
3.0849625007211556
3.326360407952693
3.733660689688185
3.175123135113461
3.6945488277869583
3.084962500721156
3.084962500721156
3.327819531114783
3.584962500721156
3.8710109506896804
3.861499231009296
0.0
3.4241743523004415
3.5434651896016467
3.7020361356068596
3.523492814072091
3.8040063852515473
3.9396342702566387
3.9302485220424668
3.881740429312186
3.5160561904937064
3.8248819147728588
3.828908207476121
3.7774949600991867
3.7859022304977787
3.7885558594446493
3.8085538796076155
3.821144254308299
3.9905073777892004
1.5
0.6685644431995964
3.845350936622436
3.181366328891458
3.6716109151498215
3.880179922675737
3.691994407749645
3.0286393118385755
3.909256168518585
2.8423709931771093
3.8593511749737415
3.503258334775645
3.8585047142937867
3.708067005121211
3.96396670739271
3.695248053964722
3.756795811071915
3.8946463634201822
3.488525294897748
3.1132696895151084
3.155221528859512
3.8211396747618123
3.877022298252203
3.796217602590056
3.8314018453921714
3.189898095464287
1.0
3.4830741894285686
3.09306920777189
3.0306390622295662
3.756795811071915
3.238901256602631
3.8488846166291197
3.558518613048906
3.0269868333592873
3.7454064259382482
3.605388542207534
3.8140156038557316
3.4356987807516512
4.0810819008720545
4.100525903660425
4.064266212165244
1.5
2.8731406795131336
3.0220552088742
3.189898095464287
3.0269868333592873
3.2402239289418517
3.4613201402110083
3.3232314287976203
3.5132696895151074
2.792481250360578
3.5932696895151075
3.943465189601646
3.546439344671015
4.077427545399773
3.0269868333592873
3.86836705415663
3.2402239289418513
3.2516291673878226
3.197159723424149
3.2806390622295662
2.4508257945180882
3.2516291673878226
3.8423709931771084
3.738682032286191
1.4182958340544896
2.5849625007211565
3.8150724101159423
3.0220552088742
3.350209029099897
3.506890595608518
2.873140679513133
3.6619328723735824
4.025361709178203
3.582332871750514
3.5063672253535003
3.54595859334435
3.9956162116618503
3.8980685120588383
3.7520784069005813
3.016875695766564
3.267601311512056
3.3535339485774815
1.0211191885631823
3.3248629576173574
3.53641423712223
3.0269868333592873
3.2195282822995477
2.8731406795131336
3.6504103051739905
3.7556266947226717
3.4795613933676726
3.7433774627746166
3.6676180155340217
3.689703732199547
4.007277414582602
3.1018812234760182
3.0849625007211556
3.058813890331201
3.6914280318460246
3.6841837197791887
2.8553885422075336
3.6385725360212406
3.202819531114783
3.3232314287976203
3.555533151426996
3.615817594675933
3.350209029099897
3.0269868333592873
3.1068905956085184
3.238901256602631
4.0667842134731025
3.238901256602631
3.3735572622751846
3.238901256602631
3.0269868333592873
3.418295834054489
3.893290075587516
2.8553885422075336
3.2039873917587576
3.754441845713344
3.238901256602631
3.2810361125534233
3.5068905956085183
3.024397470347699
2.6258145836939115
3.5598435699625344
3.7000144837038995
3.4594316186372964
3.368042422572716
3.623465189601646
3.615817594675933
2.353533948577482
2.6213526136130225
3.8062389286533893
3.3037016960573484
4.0384989358879295
1.0
1.9523612813926658
2.2256051990169436
2.251629167387823
2.6825887305018328
1.419556298571613
3.2516291673878226
3.2359263506290326
3.813206528961766
3.0269868333592873
3.6304126608739975
3.0269868333592873
3.2402239289418517
3.764735178725505
3.427333493898265
3.5219280948873624
3.5110854081804277
3.286629486786195
3.441446071165522
3.783465189601647
3.2720552088742005
3.1464393446710153
3.265583322887733
3.4058222502856896
3.7264741182543752
3.2464393446710154
3.375
1.207518749639422
2.9182958340544896
3.539148671903071
3.2516291673878226
3.454168410357404
3.182005814760214
2.7107770844150676
3.4316235658474303
3.620571577105421
3.907475874483084
3.43162356584743
4.020392779208223
3.471354487013929
3.169925001442312
3.536886723742167
3.8656040021098583
3.4821272067338294
3.0220552088742005
3.039148671903071
3.300559092390954
3.733660689688185
3.893205687488945
3.7887549139935026
3.985164791547722
3.9436633896398567
3.2516291673878226
3.796217602590055
3.2195282822995477
3.8134606841964276
2.8150724101159437
3.746439344671015
3.6053377974034158
3.056564762130954
4.027169118440619
3.676440908696869
3.1180782093497093
3.8745707444869675
3.5282424844314786
3.9775671571169275
3.8143719431796272
3.1556390622295662
3.506890595608518
3.0269868333592873
3.3232314287976203
3.809397528383803
3.1018812234760187
3.572431251322119
3.521640636343319
1.6258145836939115
2.1280852788913944
2.251629167387823
1.6087001655198914
0.9933927290103626
3.0130709291038453
2.9852281360342525
3.3735572622751855
3.5465935642949384
3.572469458770136
2.71929452566698
3.3248629576173574
3.8042083440139693
3.6225797618424918
3.7149112214500137
3.2195282822995477
3.626413747202031
3.180832987205441
3.0269868333592873
2.8423709931771084
3.0269868333592873
3.326360407952694
3.9884684065209726
3.5175594295963433
3.705152233310934
2.8662478973127308
2.973557262275185
3.5
3.6835423624332306
3.422683189255492
3.698068512058838
3.625
3.6211755429194716
3.5465935642949384
3.3787834934861767
2.8553885422075336
3.418295834054489
3.6723452571233444
3.084962500721156
3.180832987205441
2.8423709931771093
3.9363663551860752
3.7024715122197467
3.4086949695628417
3.09306920777189
2.688721875540867
3.4138338639736006
3.9645580388459933
3.6537567082870015
3.4387218755408675
3.6143694458867563
2.8962915290459286
3.7159321855150296
3.573660689688185
3.6301203477506627
3.6332696895151075
3.5020910891467785
3.696957186327418
3.5931390622295662
3.857311715651907
3.736888038638783
3.732444601324706
2.792481250360578
3.337175341123077
4.047937870702999
1.584962500721156
3.5817475629608073
3.095795255000934
4.156520218428401
3.605783942202239
3.815069454058951
3.43162356584743
3.0565647621309546
3.5503407095463877
3.4072682296173897
3.188721875540867
3.3660913291191914
3.3464393446710154
2.3278084503292495
3.2044479607083503
3.084962500721156
3.7904903797667546
4.053706017045754
3.9864618037186506
3.855388542207534
2.584962500721156
3.3711045993081323
3.80482635670808
3.5724694587701364
3.679687439279554
3.4186885704510965
3.661932872373583
3.6543717451670714
3.3532696895151077
3.51602764126623
3.717896012970049
3.3680424225727155
3.9872178475009488
3.349692968957871
3.7673289301797643
3.1808329872054406
3.0220552088742
3.238901256602631
2.584962500721156
3.039148671903071
3.221097250057957
2.8553885422075336
3.78017915789576
3.182005814760214
3.8221819586428727
3.391061112072652
3.980788553370563
3.894289105768383
3.7442035683118124
3.987705078500404
3.5891741152517933
3.0269868333592873
3.461320140211008
3.2927701939369904
3.953565664946427
3.658313203934565
3.6887218755408675
3.9661579077065303
3.7310212915688243
3.9869168492585074
3.202819531114783
2.406666316740689
3.8591931736496754
3.029452044030914
3.7087564079173165
4.082176145752263
0.9182958340544896
3.1307179879273743
3.077819531114783
3.521640636343319
3.883075324227177
4.070950594454668
3.180832987205441
3.182005814760214
3.4182958340544896
3.903170871497087
3.5932696895151084
3.9868022978450317
3.0850551027564768
3.084962500721156
3.4841837197791885
3.2359263506290334
2.792481250360578
3.2813734094119904
4.119973878581283
3.446439344671015
3.6387759824991286
3.4713544870139295
3.238901256602631
3.576617644908665
3.32323142879762
3.240223928941852
3.039148671903071
3.327819531114783
4.139094071497905
3.1395722619867223
3.9862158749538272
0.9182958340544896
3.0220552088742005
3.456564762130954
3.334679141051595
3.732158891364569
3.895150920140013
3.930270372293455
3.039148671903071
3.5342190211803413
3.332095398660169
3.930270372293455
3.463465189601647
3.3371753411230776
3.238901256602631
1.383866329597683
3.53641423712223
3.1820058147602133
3.344456935241198
3.4399364703978077
3.70183033451221
4.01055966178607
3.454822399946607
2.5654483718208256
3.6660437688735716
3.5342190211803413
3.8914953898924622
3.1339375660949167
2.9953598768171066
2.8385668472672974
2.449311833026446
3.1244996115311405
2.4749525415173124
1.9751060324573733
3.1784065901594256
1.9274512249645188
1.0
3.577819531114783
2.8553885422075336
3.4992275471326932
3.3082708345352603
1.4607210985246075
2.931208948910323
3.084962500721156
3.3056450063529996
3.3735572622751855
1.1451104143815827
2.8073549220576046
3.60747539145549
2.8073549220576046
3.180832987205441
3.507048827786958
4.062069267379023
3.6514789228933084
3.621928094887362
2.9852281360342525
2.8073904508767225
3.238901256602631
3.377443751081734
3.308624337556454
3.5434651896016462
3.5282424844314786
2.9991695476615083
2.827819531114783
3.4845713234195452
3.1262145965695027
3.2359263506290334
3.1971597234241487
3.2516291673878226
3.3927474104487847
3.265583322887733
2.873140679513133
3.0849625007211556
3.5424812503605785
3.3832726727387747
3.625
3.6897037321995474
2.873140679513133
3.6163485660751644
4.050295968491981
1.584962500721156
1.158938532350277
3.09003277660148
3.506890595608518
4.007977116745714
3.1018812234760182
3.825363111270895
3.899929728560629
3.989294032721511
3.7185077804617443
3.41041725276052
3.3248629576173574
3.7302896912181245
2.6258145836939115
3.5766176449086644
3.6764409086968683
1.0
3.0269868333592873
3.4039894464852614
3.3496929689578705
2.8962915290459286
4.174114187923829
4.064527949251202
3.67623563716407
4.175104814123528
3.378783493486176
4.1048750561065965
3.978746511634291
3.0062389286533895
3.2195282822995477
3.663532754804254
3.182005814760214
3.7834651896016456
3.5841837197791886
3.2516291673878226
3.084962500721156
3.1971597234241487
3.6980685120588386
3.778939019326244
3.9139873674807357
3.8470609511910867
3.5804621997271013
3.084962500721156
3.418295834054489
3.373557262275185
3.7939427079182684
3.180832987205441
3.0220552088742
2.8861220933947838
3.5944825065194204
3.4582678680998415
4.08659402571029
3.25
3.521640636343319
3.9354458560507637
3.8299661500102378
3.5724312513221195
2.9852281360342516
3.6835423624332306
3.923231428797621
3.8239348962840567
3.635472323633178
3.43162356584743
3.6635327548042538
2.9852281360342525
3.6841837197791887
2.199687794731328
2.757546188808839
2.846439344671015
2.6894566102925794
2.4729055953200563
2.6894566102925794
2.624726209504296
3.039148671903071
2.584962500721156
3.6022170014624826
3.7201755214643453
3.202819531114783
3.3248629576173574
3.52257158913636
3.8843577701102405
3.546439344671015
3.446439344671015
3.856564762130954
2.188721875540867
3.0220552088742
2.8150724101159437
3.7381493331928652
3.039148671903071
3.069773835029478
2.9232314287976204
3.3263604079526936
2.353533948577482
3.0565647621309533
3.1395722619867223
3.070950594454669
3.418295834054489
3.238901256602631
3.2516291673878226
3.5766176449086644
3.0565647621309537
3.3927474104487847
3.858694969562841
2.9312089489103235
3.384183719779189
3.208884070537636
2.7773627950641693
3.801881698144788
3.3685225277282056
3.080500530640267
2.8553885422075336
3.5032583347756456
3.7106700303242204
3.085055102756477
3.057476076289932
3.573183790982011
2.8073549220576046
3.893942707918268
3.5766176449086657
3.0220552088742
0.9059282160429991
3.0220552088742005
3.546439344671015
2.9689185639620974
2.973557262275185
3.8937164971987053
2.8962915290459277
2.8553885422075336
1.0892300788425848
3.550655181215038
3.693942707918268
2.8729055953200557
3.084962500721156
3.189898095464287
3.378783493486176
2.900367474221032
1.584962500721156
3.9819602417996967
3.238901256602631
3.8730355529866927
3.4556501805795428
3.779528989293003
3.180832987205441
3.536886723742166
3.4387218755408675
3.4677201004745006
3.481714572986072
4.086607557157051
3.6617706541480497
3.545110724573925
3.375010235956028
3.552104414881782
3.6053377974034158
4.093092557170146
3.403989446485262
3.785561002824151
3.4711775447859194
2.2841591278514217
2.7806390622295662
3.1348486136508464
2.495602923729013
3.2359263506290334
3.09306920777189
3.5434651896016467
3.5790611335129814
2.952819531114783
3.40582225028569
3.3248629576173574
2.8150724101159437
3.0220552088742
3.238901256602631
3.4992275471326932
2.682588730501833
3.4472624994412104
3.555269044648117
3.2692750707107128
3.6430741894285683
2.341509530963287
0.6988272185521962
4.103740084079275
3.2359263506290334
2.606238928653389
3.4859175795054953
3.5724312513221195
3.842857292808496
2.0
2.833663121159437
2.8397755396455078
2.514097655573916
2.365596230357602
2.468303307937274
3.327819531114783
2.8553885422075336
2.8553885422075336
3.3921472236645345
3.457867131472585
3.4130854229411542
3.661166503080561
2.663532754804255
3.9593372129773075
3.182005814760214
3.62139973971853
3.2692750707107123
3.497155802575668
3.180832987205441
3.239097917988786
3.0565647621309537
3.403989446485262
2.873140679513133
4.0913464569898155
2.2516291673878226
3.6678377974034158
2.827819531114783
3.188721875540867
3.819114154689793
4.050013373778755
0.8166890883150209
3.0062389286533895
1.965596230357602
2.355388542207534
2.2684727516311214
1.9715107774877754
2.2256051990169436
1.6258145836939115
1.1595547523787308
2.9109922530150456
3.8837521492737896
3.09306920777189
3.824024822459916
3.576617644908665
3.873939569169702
2.8553885422075336
3.1751231351134614
2.270942421748537
3.439947923858384
4.044856390132293
1.0
3.039148671903071
3.373557262275185
3.180832987205441
3.2402239289418517
3.6163485660751635
3.084962500721156
3.6887218755408675
3.5841837197791886
3.337175341123077
2.8553885422075336
3.125
3.5775339437608964
3.7041774174654374
3.827106196154404
3.6635327548042533
3.777362795064169
3.5304930567574826
3.5585186130489057
3.238901256602631
3.831401845392172
3.9861879650463043
3.0220552088742005
3.202819531114783
3.5766176449086657
3.5368867237421666
4.019183120291044
4.007562510597698
4.033369020804086
0.9463729359854419
3.238901256602631
3.8620746190299693
3.4428621651554656
2.8423709931771084
3.1018812234760182
4.06782836582007
3.5898980954642865
3.6980685120588386
3.7532696895151076
3.573660689688185
2.5654483718208256
3.238901256602631
1.5589385323502774
2.8962915290459277
2.7272170014624826
0.6998428398862386
1.2917601481809735
3.381580488309164
3.484183719779189
3.605388542207534
3.471354487013929
3.9434651896016457
3.7887549139935017
1.4182958340544896
2.9182958340544896
3.452819531114783
3.0269868333592873
3.606936732175321
3.413088436425757
3.1395722619867223
3.024397470347699
3.8861465882499098
3.3248629576173574
3.5068905956085183
3.8035859995396146
3.8871259450329623
2.8150724101159437
3.452819531114783
3.7080481500712317
3.999861811516424
3.5743577621291283
2.688721875540867
3.2927701939369904
3.701129650809446
3.1238561897747243
3.7390108803163367
3.1898980954642875
3.846966030568652
3.9057645846554525
3.8185886460613307
3.664019802226558
3.4817145729860726
3.561406329721843
3.327819531114783
3.039148671903071
3.3248629576173574
3.6753108689123644
3.3087513512471665
1.8073549220576042
3.8214419452073276
3.732308225332477
2.9842341646524884
3.546439344671015
3.3464393446710154
3.565163281888615
3.901864636725754
3.587858798299509
3.377443751081734
3.6694110020153436
3.6424896731661263
3.9068905956085187
3.0574760762899316
3.675310868912364
3.9798384587341307
3.1307179879273743
2.5566567074628237
3.2680488287579594
3.2806390622295662
4.0079428955813805
3.672905595320056
2.75
3.350209029099897
3.8719896965612057
1.5275070675902451
3.4632805178108104
3.4992275417233567
3.2927701939369904
4.093069207771889
3.202819531114783
3.3176400059662177
4.084353046144759
3.9021335876717944
3.238901256602631
3.5736606896881855
3.1813663288914587
3.846068888383868
3.7201755214643453
3.039148671903071
3.077819531114783
2.7719023720385585
3.86420291165057
3.950987125440962
1.584962500721156
3.0269868333592873
3.546439344671015
3.643074189428569
3.3787834934861767
3.180832987205441
3.5032583347756456
2.1679003562928596
1.9219280948873623
3.86833648283393
1.0
2.8553885422075336
3.2516291673878226
3.2464393446710154
3.5
3.2608281712244542
2.4056390622295662
3.8365916681089787
3.546439344671015
3.039148671903071
3.9167693361230733
4.214438967289645
4.218498033575631
3.956271900379875
4.0105909541024385
3.189898095464287
3.1971597234241487
3.5160276412662306
3.390805482076982
3.3927474104487847
3.139572261986723
3.6897734534452113
2.9463875191311275
3.4292750707107125
3.543465189601647
3.9792801429668048
3.3190795706241745
3.3660913291191914
3.4241743523004415
3.672287961313921
3.6047039677121826
2.9689185639620974
3.1556390622295662
3.4548223999466066
3.2402239289418513
3.039148671903071
3.819244738933759
3.764735178725505
3.128085278891395
3.2516291673878226
3.9578525390977015
3.793027960137546
3.9663320760274288
2.3522170014624826
3.056564762130954
3.4548223999466066
3.3190795706241736
2.5220552088742005
3.1462863706621045
3.594465636961451
3.2002886706435767
2.8499136653909374
3.624518654958899
3.242672286354167
3.3164280318460246
2.939829017466402
3.4548223999466066
3.039148671903071
3.378783493486176
3.75
3.2728043273346197
3.559079570624174
3.3232314287976203
2.610577243331642
1.648238712995888
4.140500310829066
3.60341234326019
3.6978458230844122
4.057555831676769
3.976097376068262
3.8728526787841497
4.010570934268483
4.110826981536855
3.8385111524840863
3.454986855772667
3.471354487013928
3.0220552088742005
3.969605349690841
4.012240894011409
0.9182958340544896
3.831401845392172
3.3248629576173565
3.3735572622751855
3.6521305573183827
3.880988593705418
3.0850551027564768
3.0269868333592873
3.4031071683628116
3.8656347242972333
3.373557262275185
3.3927474104487847
3.238901256602631
3.570782286537524
3.6168746059562227
3.3263604079526936
2.6235166412180155
2.610577243331642
3.189898095464287
2.918295834054489
3.937851926730565
3.7000144837038995
3.1018812234760182
3.182005814760214
3.085055102756477
3.7381493331928666
3.6289280318460246
1.584962500721156
2.8553885422075336
3.5220552088742005
3.8035088547976788
3.584183719779189
3.6381476962048276
2.8150724101159437
0.0
3.010570934268484
1.8542858719872461
3.375
3.471354487013929
3.378783493486176
3.8814893607725276
3.4565647621309536
3.3248629576173574
3.7089660826946234
3.503258334775645
3.182005814760214
3.32323142879762
4.028022767382862
3.7567373021647446
2.873140679513133
3.5841837197791886
3.3927474104487847
3.754441845713344
3.2359263506290334
3.2359263506290334
3.653756708287001
3.43162356584743
3.2516291673878226
3.403989446485262
3.419381945646371
3.3927474104487847
3.446439344671015
3.056564762130954
3.175123135113461
2.688721875540867
3.958694969562841
3.721928094887362
3.5883543471732335
3.1971597234241487
3.452819531114783
3.2359263506290326
3.965956718992366
3.5463989657527035
3.689901581992151
3.172810733519864
3.2195282822995477
3.1841837197791887
3.4869672063643606
3.708093391577498
3.378783493486176
3.321928094887362
3.140361163698484
3.024397470347699
3.6163485660751635
3.039148671903071
3.085055102756477
3.334679141051595
3.378783493486176
3.180832987205441
2.952819531114783
0.9463729359854419
3.3787834934861767
3.5421176810056703
3.5739348962840563
3.1018812234760182
3.5395722619867223
3.8488846166291197
3.012479890745558
3.5944656369614516
3.745406425938248
3.4273334938982645
2.2841591278514217
3.373557262275185
2.447683386476169
2.2753571210585783
2.321928094887362
3.0269868333592873
4.054343732046333
3.8364890424205127
3.772055208874201
3.501397825434103
3.6054867419231797
3.0269868333592873
3.4500288754484654
2.7192945256669794
3.197159723424149
3.5843031793467124
4.009046225043307
3.528242484431479
3.3927474104487847
3.9677201004744993
3.3519530742463752
3.6211755429194716
3.4058222502856896
3.240223928941852
2.952819531114783
3.4316235658474303
3.7916384314599574
2.6644977792004614
3.6553362295323453
3.4661007200723906
3.5027361715940035
3.9969259885517556
3.403989446485262
3.6897037321995474
3.350209029099897
3.3787834934861767
3.733660689688185
3.031441213175651
1.5766212201074912
2.839957427811111
0.9182958340544896
3.2516291673878226
2.41379956460568
3.5878587982995085
1.0
3.0220552088742
3.534219021180341
3.7727427711778643
3.25
4.133829912669922
4.082418652243203
3.620571577105421
3.4617878424355712
4.13167881806229
3.821226604916021
3.219528282299548
3.9265716511782744
3.991999275524906
2.9852281360342516
2.8423709931771093
2.66122625626979
3.084962500721156
4.172103949028049
4.101307115534989
0.9182958340544896
2.727217001462482
2.792481250360578
2.8453509366224368
2.321928094887362
2.918295834054489
3.481714572986072
3.521640636343319
3.4474015047059146
3.7898980954642876
3.378783493486176
3.8428572928084965
1.379877637552799
3.5440274896488506
3.213513256009071
3.4992275471326932
3.4056390622295662
2.625814583693911
3.219528282299548
3.772338850938099
3.3735572622751855
3.2927701939369904
3.3263604079526936
2.9852281360342516
3.30827083453526
3.0220552088742
3.0130709291038453
3.2414460711655213
3.4251185503571393
2.905764584655453
4.02153190517284
0.8112781244591328
2.918295834054489
3.0269868333592873
3.2516291673878226
3.327819531114783
3.6572682296173897
2.9852281360342516
3.6978458230844122
3.188721875540867
2.8423709931771093
3.718128820706467
3.155565013329718
3.296148374747623
3.238901256602631
3.5898980954642865
1.612197222702993
3.6692750707107127
3.2841837197791888
3.051601636871704
2.8553885422075336
3.248365046750904
3.595431783803264
3.7607845582978516
3.452819531114783
3.1692486956952335
3.501397825434103
3.642371448743902
3.039148671903071
0.6685644431995964
3.5944656369614516
4.11583409216322
3.0306390622295662
3.4314134569803287
3.7621987351738495
3.8252517372886508
3.4072682296173893
3.5535088547976788
2.586887840995814
2.353533948577482
4.081655574948604
3.375
3.888964459601009
3.484183719779189
2.8423709931771093
3.4565647621309536
3.675310868912364
3.7622673906514947
3.546439344671015
3.292770193936991
3.5841837197791886
3.0269868333592873
3.5726236638951634
2.952819531114783
2.685156992380316
2.749934347003759
3.4677201004745006
3.606936732175321
3.7962176025900556
3.0269868333592873
3.8438561897747237
3.546439344671015
3.0849625007211556
3.844320529942616
4.222859622518694
4.00505034296239
0.9182958340544896
3.024397470347699
2.8553885422075336
3.350209029099897
3.572623663895164
3.175123135113461
3.32323142879762
2.6612262562697895
3.3927474104487847
3.6732696895151076
3.2639334294856344
2.8553885422075336
3.863465189601646
3.452819531114783
2.8553885422075336
3.300559092390953
3.246439344671015
3.418295834054489
3.5
3.013070929103845
3.373557262275185
3.4992275471326932
2.8553885422075336
3.039148671903071
3.327339900083509
3.8647579641324836
3.932999306637289
3.889696461103576
2.5503407095463886
3.4072682296173897
3.9287082576520436
1.384431504340598
3.5724312513221195
2.918295834054489
3.0565647621309537
3.3371753411230776
3.490601562950723
3.6761906261418296
3.7561983328100945
3.4642346527265664
3.4428621651554656
3.811460547566394
3.7492750707107123
3.3709505944546683
2.918295834054489
3.8349625007211565
3.308751351247166
3.824252831282987
3.5665500050762664
3.085055102756477
4.046262584863327
3.878847680619359
2.8423709931771084
2.8553885422075336
3.5110854081804264
2.688721875540867
3.6818808028034016
3.8441065448145375
3.346439344671016
3.55592698363834
3.1898980954642875
2.556656707462823
3.716878855141923
2.7272170014624826
3.3232314287976203
3.382738989563496
3.7275475789483914
3.8166029120872365
3.820478414761672
2.8731406795131336
2.8553885422075336
3.9245505556893376
3.101881223476018
3.0565647621309537
0.0
2.8731406795131336
3.0220552088742
2.918295834054489
3.0269868333592873
3.8887649743870614
2.7773627950641693
3.584183719779189
3.447401504705915
3.5836169753972325
3.7534343861887844
3.2402239289418517
3.2516291673878226
3.3918926446809317
3.4992275471326932
4.076659106966513
3.4583730154906545
3.4866245652238135
3.2806390622295662
3.0708470936225174
3.09306920777189
3.740448236729262
3.0565647621309537
1.584962500721156
3.182005814760214
3.488525294897748
3.5932696895151075
2.9708400131019843
3.5068905956085183
3.837414381008718
3.323074189428569
3.7442035683118124
3.783465189601646
2.8553885422075336
1.0
3.6818808028034016
3.739572261986723
3.9988018367653253
3.0269868333592873
3.418295834054489
3.32323142879762
3.2402239289418517
3.6841837197791887
3.621928094887362
3.91379956460568
3.886842188131012
3.8731406795131327
3.5766176449086653
3.893660689688185
3.2359263506290334
3.950391997083975
3.97074500578877
3.522055208874201
3.1395722619867223
3.375
3.189898095464287
3.085055102756477
3.3927474104487847
3.381580488309164
4.211051310282838
2.0
1.1702295713931186
0.9364906645276918
0.8112781244591328
3.8315374470641768
3.9504760390214626
2.9307999993022587
3.4072682296173897
3.843960103136801
3.2210972500579573
3.847792592354953
3.086048612313038
3.8829036389672074
3.4992275471326932
3.386266142526533
4.153915192269988
2.984234164652489
3.840455317249795
3.5220552088742005
4.063255599127253
3.7998737308598
4.122020580918909
3.762267390651494
3.895382391322659
3.0545851693377997
3.445450687495648
3.1422429757855985
3.077819531114783
2.9579443708412803
3.6685555298738364
3.521640636343319
3.2810361125534233
3.391126767019874
3.6213738597585015
3.6647070055147104
3.5128693347340114
3.4248169942583933
3.4632805178108113
3.3918926446809317
3.4541684103574046
3.085055102756477
2.908694969562842
3.692970081814267
3.102258412694598
3.5956436374512015
3.507380102423635
3.0849625007211556
3.0850551027564768
4.001629167387823
3.334679141051595
3.0957952550009344
4.078133783904581
3.707295995798595
2.0
4.0131291167594725
1.584962500721156
3.4316235658474303
3.4613201402110083
2.6384600665861564
3.5841837197791886
3.0269868333592873
3.3087513512471665
3.663532754804254
3.0062389286533895
2.963215692534584
3.0761031709967224
2.4863286677871854
3.327819531114783
3.5430913064595515
3.0269868333592873
3.5465935642949384
3.4992275471326932
3.6820058147602137
3.7334585933443494
3.8894187592035747
2.0
2.5849625007211556
2.8553885422075336
2.8522170014624826
3.2516291673878226
3.7682529934295435
3.6375375112660517
2.950212064914748
3.3832726727387747
3.572623663895164
3.765311532225101
3.4632805178108104
3.1820058147602133
3.155221528859512
3.0071964896856174
3.6689869584530608
3.7302896912181245
3.655045546825804
3.7970421653407156
3.5804621997271013
3.978688570451096
3.801180342241303
3.7889097655573916
1.584962500721156
3.3232314287976203
3.3908054820769817
2.5073801024236357
2.8150724101159437
2.5654483718208256
3.5821122386998074
2.8553885422075336
3.3446983751597124
3.5160276412662306
3.418295834054489
3.0306390622295662
3.0220552088742
3.4273334938982645
3.25
2.749902506162896
3.6660648490140444
3.180832987205441
4.003103226093707
3.760017277849653
3.3841837197791884
3.9473990546653193
3.238901256602631
3.503258334775645
2.8553885422075336
3.0306390622295662
3.0416256143692233
3.056020968057881
3.841855149474861
2.584962500721156
3.1464393446710157
4.141619208183979
3.0269868333592873
3.350209029099897
3.5575772716083085
3.077819531114783
3.146286370662105
3.872905595320056
3.5891741152517938
3.332095398660169
2.59669233977181
2.058813890331201
3.2516291673878226
3.501397825434103
2.9312089489103235
2.8962915290459277
2.950212064914747
3.7762374396188703
3.620936064750772
3.6795255398086413
3.32323142879762
2.8553885422075336
3.4992275471326932
2.292481250360578
3.8406012799207954
3.9155532850633503
3.732988757977851
0.0
3.039148671903071
3.418295834054489
3.689703732199547
3.5
3.5739348962840563
3.4992275471326932
2.950212064914748
2.8073549220576046
3.043817445504339
3.0748757755837683
4.17969537866175
4.213095640787369
4.058116905718326
4.06850751599008
4.076950210642056
1.584962500721156
2.688721875540867
3.373557262275185
4.0023627033499425
2.8553885422075336
2.873140679513133
3.084962500721156
3.933358566273247
3.7887549139935026
3.2195282822995477
3.2402239289418517
3.4057645846554525
3.8345573759877944
3.946039829247813
1.584962500721156
3.3248629576173574
2.8962915290459277
3.5263039714678293
3.2368573034220742
3.4992275417233567
3.1145892622932436
3.7639657428240816
3.128085278891395
3.323231428797621
3.506890595608518
3.60693673217532
3.0849625007211556
3.454822399946607
3.690260390968384
3.884155094595805
3.1751231351134614
3.323231428797621
3.32323142879762
3.7483286603655737
3.125
3.3082708345352603
3.039148671903071
3.238901256602631
3.7336606896881848
3.9741557663826526
3.2359263506290326
3.2729055953200556
2.9735572622751856
3.337175341123077
3.7425895018519184
3.9946266199263483
3.3248629576173565
3.5
2.4996981431844145
3.182005814760214
3.219528282299548
3.2516291673878226
3.7452977716683105
2.9139770731827523
3.8040063852515473
3.0849625007211556
3.128085278891395
3.636842188131012
3.6127873857380566
3.5542292966721747
2.923231428797621
0.9463729359854419
3.077819531114783
2.8962915290459277
3.4182958340544896
3.2516291673878226
3.182005814760214
3.2516291673878226
3.975418017913832
3.615171310247296
3.6464393446710153
3.2359263506290326
2.8553885422075336
3.4992275417233567
3.2516291673878226
3.2810361125534233
3.149673447186741
3.3232314287976203
3.334679141051595
3.653756708287001
3.4086949695628417
3.9592115690383967
2.918295834054489
3.186193802439824
3.6335059949783677
3.501397825434103
3.3667292966721747
3.3603059777020796
3.2516291673878226
3.5739348962840563
4.1893667977725375
1.5
3.0850551027564768
2.5654483718208256
3.2516291673878226
2.9398290174664017
4.020473440520106
3.7973773682434633
3.827819531114783
3.2516291673878226
3.522711955680758
3.086048612313038
3.09306920777189
3.7671834678914604
3.501397825434103
3.418295834054489
3.238901256602631
2.835237745312118
3.5
3.286629486786195
4.061744860860353
3.3248629576173574
3.2516291673878226
3.41041725276052
3.5724312513221195
3.43162356584743
3.182005814760214
3.546439344671015
3.084962500721156
3.2866294867861954
3.6758711054575395
3.25
3.8846006626923595
3.8431390622295662
2.8662478973127308
1.0892300788425848
3.3921472236645345
3.0269868333592873
3.4873008763572906
3.7080481500712326
2.241825315020717
3.5724312513221195
3.188721875540867
3.085055102756477
2.8662478973127308
2.876853130799308
3.471354487013929
2.7395722619867224
3.0086949695628418
3.574557514131931
3.418295834054489
3.7442035683118124
3.6790513649329677
3.9825613797448023
2.0
4.0023125916046824
4.025066232686111
3.8209505944546676
3.041446071165522
3.452819531114783
3.501629167387823
3.281036112553423
3.8550840717083874
3.953442061461334
3.644152096415609
3.239097917988786
3.899331873986661
3.9883167106100124
4.183538702327863
4.075181195070127
2.256564762130954
3.4864405016961446
3.8100784700246697
3.788514626389248
3.695189306297717
3.8149582451891515
3.7367139203414976
3.7117938049761485
3.7059117979226253
3.680080300208258
3.719655740350955
3.2359263506290334
2.8553885422075336
3.606936732175322
3.2402239289418517
3.84317957611869
3.516027641266231
3.4472624994412104
3.039148671903071
3.4841837197791885
3.9345710010613426
4.061651967933732
3.323231428797621
3.7357612830672853
3.9196968670414294
2.918295834054489
3.8940006161317253
3.6094963344256965
3.739572261986723
3.743982153814128
2.8962915290459277
1.8024212838293647
3.0269868333592873
2.931208948910323
4.044390338934764
3.0849625007211556
3.1916116417513782
3.3248629576173574
3.88614658824991
2.9182958340544896
3.8355536612250907
3.2516291673878226
3.692279682039657
3.006238928653389
3.3496929689578705
3.1701348924281927
4.035276898293954
3.9133567059307888
3.572623663895164
2.7898980954642876
2.7773627950641693
3.546593564294939
3.463280517810811
3.5535088547976788
3.2516291673878226
3.0220552088742
2.9842341646524884
3.238901256602631
3.5630741894285696
3.4182958340544896
3.821928094887362
3.378783493486176
3.1898980954642866
3.30827083453526
3.461320140211008
3.344698375159713
3.657385276650178
3.337175341123077
3.7962176025900556
3.6368421881310122
3.2639334294856344
3.238901256602631
3.09306920777189
3.546439344671015
3.182005814760214
3.640223928941851
3.5726236638951634
3.7549662178020875
3.653660689688185
3.189898095464287
3.736006946447656
3.721928094887362
2.720582776146013
3.2516291673878226
3.2359263506290334
3.077819531114783
3.4316235658474303
3.5647351787255057
3.7849418274376423
3.0104340890333376
3.3263604079526936
3.546439344671015
3.683856189774724
3.09306920777189
3.350209029099897
3.3232314287976203
3.560011530389629
3.5110854081804264
3.368042422572715
3.136965638730212
3.689901581992151
3.555533151426996
2.954003642329854
2.931208948910323
3.7356660681024443
3.5071499995644975
3.5611431414174883
2.952819531114783
3.0709505944546684
3.8685477764837573
3.039148671903071
3.006238928653389
3.1464393446710153
3.7112850672042903
3.906102499243671
3.7377451654565217
3.589898095464287
3.486448667168353
2.751629167387823
3.702819531114783
2.2256051990169436
1.337290066617014
3.180832987205441
3.125
3.6289280318460246
2.281424938596677
2.3594777826895115
2.1174924611847548
3.2810361125534233
3.378783493486176
3.886482817171227
2.0
3.334679141051595
1.0389205950315936
0.7907669479360189
2.7534343861887853
3.202819531114783
3.7799517087817334
3.858802914461594
1.5058762556041068
3.4613201402110083
3.6978458230844122
3.573934896284056
3.292770193936991
3.4713544870139286
3.916607904809985
2.9312089489103235
3.5434651896016462
3.847742678581274
3.41041725276052
3.777175960125156
3.182005814760214
3.373557262275185
3.084962500721156
3.5585186130489053
3.175123135113461
3.5
3.5032583347756456
3.854733702124851
3.680165331217427
3.4548223999466066
4.159512790303453
2.1684656711105887
1.5744174271404585
2.0059777114237742
1.9508257945180885
1.809200032697812
1.822815600352516
1.6258145836939115
3.176028595382332
3.7492757427454237
3.128085278891395
3.7015976801102295
3.558518613048906
3.378783493486176
3.5465942457551543
3.9756995160203816
3.2516291673878226
2.751629167387823
3.189898095464288
3.521640636343319
3.734521664779752
3.238901256602631
3.373557262275185
2.8553885422075336
4.0781116820683625
3.384183719779189
3.09306920777189
3.3464393446710154
3.3787834934861767
3.8924866505712012
3.3248629576173574
3.6469666682736497
3.60548674192318
3.6897037321995474
2.792481250360578
3.0850551027564768
3.7647351787255054
3.1068905956085184
3.3087513512471665
3.5585186130489053
3.3248629576173574
3.202819531114783
3.454822399946607
2.792481250360578
3.0220552088742
3.327819531114783
3.353269689515108
3.6052067078749133
3.4613201402110083
3.077819531114783
3.1898980954642875
1.2419460322060458
1.2997367636952522
3.378928031846024
3.442862165155465
3.3320953986601696
3.989901292070872
1.5
1.4891353321499974
3.084962500721156
3.1572682296173897
2.8150724101159437
3.625
3.2516291673878226
3.0849625007211556
4.138394163383256
2.8423709931771093
3.2810361125534233
4.072163285060458
3.375
3.824082127037421
3.4086949695628417
3.6423714487439023
3.909368063943885
3.7040639459662983
3.8755785553329005
3.327819531114783
3.238901256602631
4.045053166814973
1.3342094594480487
3.180832987205441
2.99285605016046
3.563307235905091
3.4701755214643453
3.2516291673878226
3.4316235658474303
2.873140679513133
3.8820451081368628
4.048482374065923
3.084962500721156
4.163088537820707
3.925175272680264
3.7655095287310965
3.0105709342684834
2.8553885422075336
4.131882292987856
3.970836815018715
3.3716535224393334
4.0795904862280485
4.1431105103507795
2.2516291673878226
3.2290301730294653
2.321928094887362
2.873140679513133
3.0220552088742
3.2639334294856344
2.6612262562697895
1.2433003685389576
1.2366407419411674
1.042344321483692
3.1395722619867223
2.8553885422075336
3.3837930573985116
3.4677201004744997
3.0269868333592873
2.873140679513133
3.4613201402110083
3.8785848023501845
3.572431251322119
2.286449725266051
2.133937566094917
1.0
3.457867131472585
4.038618176633231
2.8553885422075336
3.431401845392172
3.546439344671015
3.2195282822995477
3.630985019785137
3.67623563716407
3.605388542207534
2.9219280948873623
4.05616887865581
2.688721875540867
4.152942050880844
3.446439344671015
3.0849625007211556
4.0161476645494405
3.0269868333592873
4.04786720315269
2.842370993177109
3.983444824068004
3.8393151975502953
2.842370993177109
4.137614582722476
2.9834585933443494
4.076667723525968
3.424174352300441
3.770942421748537
4.0058099267617004
3.327819531114783
3.680089353694808
3.3248629576173565
3.323231428797621
4.103618140432612
1.8423709931771084
3.9400726873486547
2.9312089489103235
3.3349625007211565
3.4316235658474303
2.688721875540867
3.6335059949783672
4.0357387648365375
2.584962500721156
2.6635327548042547
3.0558392436106088
4.063861868833498
3.7757771860263873
3.89783318920432
2.9109922530150456
3.882045108136863
3.5503407095463877
4.057937065224321
3.9594750313699527
3.3680424225727155
1.0
3.1556390622295662
3.188721875540867
3.238901256602631
3.577819531114783
3.392147223664534
3.3927474104487847
3.084962500721156
3.338804369244613
2.8553885422075336
3.5754928342008934
3.5777832044311557
0.0
3.930791756463185
3.3927474104487847
3.722342054030722
3.819548827786958
3.832496774928406
3.3231428049945433
3.0849625007211556
3.7066890141011597
3.6464393446710153
3.419381945646371
2.8553885422075336
2.918295834054489
3.625
2.8731406795131336
3.452819531114783
3.5736606896881855
2.8150724101159437
3.471354487013929
2.974937501201927
3.577819531114783
1.7534343861887849
1.8423709931771084
2.063202513215852
0.41381685030363374
2.2388282594642006
2.872905595320056
2.8731406795131336
3.6631688359178116
4.003074050493078
3.43971065015136
3.395716181280675
3.8539634370813545
3.8643340317924073
3.501397825434103
3.6869275076818293
3.891277644636516
2.6612262562697895
2.8423709931771093
3.7050540796780407
3.4685766296878655
3.3735572622751855
3.546439344671015
3.0
3.993562996982768
4.087979491312166
1.7924812503605778
4.066578293713025
3.948765268419458
3.8059081255623153
3.6619328723735824
3.5758396667352437
3.189898095464287
3.6402016205540892
3.936061682346581
2.0
3.0220552088742005
3.7179457342494597
3.589682329353878
2.952256596124317
3.155636587711996
3.783668910724286
4.00055507003764
3.761281864111667
3.616348566075164
3.381580488309164
3.8946629635410304
3.418295834054489
3.85589760504325
3.925036629432122
3.6476499415217827
3.787301737252941
3.683856189774724
3.6818808028034016
3.534219021180341
3.967840973145382
3.1556390622295662
3.4565647621309536
2.8553885422075336
3.3787834934861767
3.751629167387823
3.550340709546387
3.3082708345352603
3.584962500721156
3.555533151426996
3.813660689688185
3.6234651896016463
2.7516291673878226
3.456564762130953
3.5068905956085183
3.901530575517148
3.871653522439333
3.454822399946607
2.923231428797621
3.2927701939369904
3.411602217974671
3.0850551027564768
3.572469458770136
2.792481250360578
1.7518834359763853
3.838039816898156
3.3232314287976203
3.182005814760214
1.2410106928656974
4.093576839096998
2.2516291673878226
3.149673447186741
3.8187195090910993
3.6335059949783677
3.644306775486763
3.2810361125534233
3.8422804071431447
4.115956821248588
4.171994365292262
4.052842751569269
4.149132232725227
1.8629613523404251
1.6774212838293647
3.350209029099897
3.463280517810811
3.419381945646371
3.104368092237504
3.2608281712244547
1.584962500721156
3.4992275471326932
3.572469458770136
3.238901256602631
3.2516291673878226
2.8553885422075336
4.021173133659467
3.4316235658474303
3.09306920777189
4.062932101254916
3.772055208874201
3.963119345888566
4.12700851554634
3.9981811171666557
3.2516291673878226
3.001629167387823
2.8862248477955834
3.2608281712244547
3.0931390622295662
3.2057000654415853
3.0565647621309537
2.6258145836939115
3.0852426615627153
2.692380602454975
3.175123135113461
3.0850551027564768
3.327819531114783
3.180832987205441
3.3931271734483177
3.4701755214643453
3.0269868333592873
3.203701696057348
1.257162987432089
3.6668832665355913
3.463465189601647
3.806198332810095
3.965145119504241
3.871267626493468
3.572623663895164
3.0269868333592873
3.6493596484061492
3.9430077421104124
3.7614063297218423
3.8322592354623923
3.647742678581274
0.8180959929710641
2.4996981431844145
3.0849625007211556
3.625
3.6143694458867563
3.378783493486176
4.2008094087056325
1.014097655573916
1.0408520829727552
3.4116022179746714
3.3787834934861767
3.2810361125534233
3.3027227528624894
3.2359263506290326
3.238901256602631
3.40582225028569
3.950560516993188
3.7030407100708653
3.681880802803402
3.7622673906514943
2.8553885422075336
3.8136606896881853
3.9578189625213898
3.446439344671015
3.337175341123077
3.6074753914554893
3.300559092390953
3.182005814760214
3.8425302326942807
1.584962500721156
2.827819531114783
4.036131430813236
4.100685879853294
4.119754216063958
3.0269868333592873
3.8100810205217313
1.0
3.84059832231342
3.810317237572778
3.691428031846024
3.207707064470474
3.182005814760214
3.2639334294856344
3.7792395439368502
4.137384637813647
4.12474192974257
4.01157332647055
3.939576451251581
3.606936732175322
3.503258334775645
3.4548223999466066
4.002953842315816
3.6619328723735824
3.8515603410261567
3.9188774140965683
3.655045546825804
3.4218984152770844
3.8580039847776257
3.628362120776618
3.745563549126101
3.135891110799899
3.7642805693589407
3.9435492290154492
3.7052290027422967
3.0849625007211556
3.7673026074865903
3.8628148954723547
3.9846051310476733
4.05083326048955
3.292770193936991
2.9834585933443494
3.4251185503571397
3.0220552088742
3.38009433628333
3.146286370662105
2.9182958340544896
3.3927474104487847
3.3787834934861767
3.3632869239960543
2.6411209338130157
3.4594911601991534
2.923231428797621
3.620936064750772
3.392147223664534
3.202819531114783
2.6258145836939115
3.238901256602631
3.2359263506290334
3.783465189601647
3.9499846966573604
3.8180540661116513
1.2516291673878228
3.182005814760214
3.118078209349709
3.9948521901207354
3.942410658853142
3.4565647621309536
3.4677201004744997
3.350209029099897
3.327819531114783
3.2728043273346206
3.9564050694324306
3.584303179346712
3.188721875540867
2.82584593404075
3.8936622325104544
3.7198523585646037
3.807990743197167
3.8488846166291197
3.4548223999466066
4.015751985576536
3.5160276412662292
3.601515280317513
3.526129815595918
3.321928094887362
3.430457025500558
3.4472624994412104
3.41041725276052
3.5086949695628418
3.085055102756477
3.383465189601647
3.456564762130954
3.6168746059562227
3.4193819456463714
3.7622673906514943
3.893660689688185
3.2610439833372844
3.419381945646371
3.8934750668837887
3.914360015421662
3.146286370662105
3.676440908696869
3.9752465649968873
3.7375938092058307
3.425677665701257
3.546439344671015
3.9431987747869317
3.048203119936417
3.269275070710713
3.718453957701921
3.846523795181322
3.4783459677250406
3.7230741894285684
3.6644977792004623
3.794653473544342
3.690260390968384
3.43162356584743
3.9812868075187047
2.625814583693911
2.792481250360578
3.2924812503605785
3.8508584067932707
3.215841172683753
2.873140679513133
3.609383763272785
3.772055208874201
2.8553885422075336
3.8401568604088583
2.952819531114783
2.4416298737872246
4.096399702938867
1.5
3.296148374747623
3.239097917988786
3.4548223999466066
2.8553885422075336
3.3232314287976203
3.8248629576173565
3.4713544870139286
3.8561746300696402
3.681880802803402
3.5766176449086657
3.546593564294939
3.521640636343319
3.0850551027564768
3.334679141051595
3.907734270742486
3.32323142879762
3.1751231351134614
4.015319531114783
3.323231428797621
3.392147223664534
1.771176140139163
2.725480556997868
1.584962500721156
3.616348566075164
3.737752979218586
2.71929452566698
3.7417292966721747
3.4713544870139286
3.599665973303956
4.0009421668859675
2.7192945256669794
3.7633584292311077
3.1395722619867223
3.922279574570894
3.859011820444236
3.5213856638172953
3.507127352180222
4.005423686736063
3.5068905956085183
2.353533948577482
3.085055102756477
3.3263604079526927
4.200224076194069
2.0
3.521640636343319
3.454822399946607
3.1898980954642875
3.418295834054489
2.973557262275185
3.04749473973594
4.009600369274395
0.0
3.594465636961452
3.039148671903071
3.5068905956085183
3.182005814760214
3.32323142879762
3.180832987205441
2.2817796898244813
2.927451224964519
3.1499171973648545
3.2572232001941637
3.2372534209233543
3.271830784090637
3.2483341156163763
3.0726542099556955
3.280604366359409
3.211490490053793
3.1971597234241487
2.8150724101159437
1.0
3.898743658160724
3.9368566824965328
3.7662243269046343
3.827819531114783
3.590017217489903
3.454986855772667
0.7219280948873623
3.085055102756477
2.8855130303998817
4.094476907828695
3.3800943362833302
3.2321018048454135
1.1660870601063933
3.46328051781081
3.378783493486176
3.0306390622295662
2.952819531114783
3.5724312513221195
3.7223356217860406
1.584962500721156
3.0849625007211556
3.337175341123077
3.824252831282987
3.534219021180341
3.4936606896881854
3.2841837197791888
3.7192945256669785
4.048937164990341
3.403989446485261
3.9399798208203736
3.6887218755408675
3.521640636343319
3.9023115759170297
3.084962500721156
3.5766176449086653
3.1158340921632197
3.733660689688185
3.180832987205441
3.0220552088742
3.5766176449086644
3.5465935642949384
3.6168746059562227
3.1416192081839784
3.2810361125534233
3.084962500721156
3.8365916681089787
2.6235166412180155
3.6841837197791887
3.48582592784901
3.189898095464287
3.771666846631181
3.773557262275185
3.521640636343319
3.6158175946759328
3.5465935642949384
3.521640636343319
2.792481250360578
2.8731406795131336
3.40582225028569
3.0306390622295662
3.0220552088742005
2.688721875540867
3.8561962982193805
3.1068905956085184
3.594465636961452
3.366091329119192
3.350209029099897
3.6171707660188788
3.1018812234760182
2.688721875540867
3.4182958340544896
2.625814583693911
3.09306920777189
3.327819531114783
3.375
3.189898095464287
3.587858798299509
3.378783493486176
3.9321380397593733
3.1556390622295662
3.6303160579639626
3.888535812301758
3.5535088547976788
3.0957952550009344
3.298647438314914
3.7785020735761097
3.463280517810811
4.037903479014993
3.382048827786958
3.959979207702604
2.6887218755408666
3.605388542207534
3.2359263506290334
3.2195282822995477
3.7292585791605624
3.6168746059562227
3.8063315089526903
2.955913095175825
3.699027875319407
3.2516291673878226
3.3660913291191914
3.3248629576173574
3.337175341123077
2.9852281360342525
3.9226507603340366
3.236857303422074
2.8553885422075336
3.6385304691242917
3.6143694458867563
3.202819531114783
2.952819531114783
3.189898095464287
3.411751853774936
3.6887218755408675
3.605388542207534
3.4685766296878655
3.0269868333592873
3.1556390622295662
2.873140679513133
2.9852281360342516
2.2841591278514217
4.047600513748594
1.0
3.422577995321604
3.5465935642949384
3.3927474104487847
3.5780011510322702
3.371653522439334
2.952819531114783
3.826554445272548
3.4906015629507228
3.5566567074628233
3.7178504651264324
3.5724312513221195
1.7647495407945395
1.9312952802328744
2.0
3.260828171224455
3.438721875540867
3.8129452762598794
3.521640636343319
3.6897037321995474
3.7845276964165557
3.6572682296173897
4.133601534109116
4.1199090218281595
3.626857810525982
3.650375123254019
4.032566617378963
3.2516291673878226
3.677139104850461
2.8962915290459277
3.5878587982995085
3.5766176449086653
3.9746702095890933
3.506890595608518
3.902118869228455
3.6572682296173893
3.5590795706241733
3.831627106617802
2.9139770731827523
0.0
4.175175938523957
3.6732696895151076
3.970572742583693
3.9207776755803345
2.939829017466402
3.180832987205441
2.8150724101159437
3.9667599744832165
3.3263604079526936
3.7483286603655737
3.8349625007211565
3.4613201402110083
3.5032583347756456
3.659799224314526
3.697845823084412
3.6168746059562227
3.6283621207766186
3.1464393446710153
3.006238928653389
2.827819531114783
3.4235332098491895
3.9703267976212957
3.1307179879273748
3.2359263506290334
3.559079570624174
3.837699649354262
3.378783493486176
3.1813663288914587
3.421928094887362
3.80871969734407
3.753269689515107
3.350209029099897
3.8635917534181603
3.712398409943369
4.096781326863569
3.366091329119191
3.702454961905911
3.4992275417233567
3.7541634277688813
3.7950885863977324
3.642489673166126
3.238901256602631
3.344456935241198
3.5
3.772055208874201
3.8502656078395985
4.063852856725991
2.321928094887362
3.5503407095463886
3.627763553007399
2.0
3.2806390622295662
3.7794721140655008
2.8962915290459286
3.693223349810918
3.221097250057957
3.350209029099897
3.1898980954642875
3.180832987205441
3.8204898092850628
4.044846067271668
3.7067475629608078
3.182005814760214
2.960964047443681
4.02259336614426
3.9464085040475223
3.921754508341216
2.6235166412180155
1.4607210985246075
3.266332639970623
3.010570934268483
2.625814583693911
3.8404025467025056
3.09306920777189
3.189898095464287
3.506890595608518
3.7024715122197467
3.8495044796049216
3.403701696057348
3.511080496244278
3.085055102756477
3.182005814760214
2.411602217974672
3.625
3.155221528859512
0.7732283485249176
3.0269868333592873
3.391892644680932
2.9182958340544896
2.7192945256669794
3.9395040169195665
3.521640636343319
3.5342190211803413
3.918050784894819
3.0220552088742005
3.039148671903071
3.2516291673878226
3.2516291673878226
3.1068905956085184
2.7192945256669794
2.923231428797621
3.6234651896016463
3.3787834934861767
3.180832987205441
3.6402239289418516
3.238901256602631
3.0849625007211556
2.9182958340544896
3.8817276788697366
3.3927474104487847
3.238901256602631
3.506890595608518
3.238901256602631
4.086667170804933
3.8676705684543333
2.996624141510993
3.665882745561475
1.584962500721156
3.6889681813826787
3.5
3.5664280318460246
3.454822399946607
3.848564031273784
3.25
3.182005814760214
3.6682958340544896
3.920734037920602
3.9317633601774165
3.9521735600709245
3.7303236725287547
2.974937501201927
3.833530549172473
3.793658065485436
3.7867680382426037
3.7491833779272308
3.6716184548894506
3.7796517859943943
3.3230741894285694
3.7626427509795684
3.7935424402104805
3.6867430314766083
3.8382355927010154
3.6037733263038016
3.7711703225873174
3.813189715971093
3.7765800839129264
3.8043072733903838
3.8384288197587404
3.8253762841433154
3.7380276176143377
3.950882146126989
4.070677416807239
2.321928094887362
3.378783493486176
3.347480094756062
3.288689533468388
3.4407566314063014
1.386274093895968
1.207518749639422
0.8683927290103626
3.6678377974034158
3.238901256602631
3.0269868333592873
3.202819531114783
3.7685547780590207
3.6402239289418516
3.189898095464287
3.653756708287001
2.9946731527067856
3.1751231351134614
3.5724312513221195
3.7532696895151076
3.7483286603655737
3.7289721408610004
3.7987086650055444
3.7771907045562214
3.2806390622295662
3.610577243331642
3.0269868333592873
3.6168746059562227
3.5
3.189898095464287
3.0269868333592873
3.3244998138788864
3.202819531114783
3.1068905956085184
3.640223928941852
3.630412660873998
3.125
3.25
3.990017217489902
3.40582225028569
3.522711955680758
3.0849625007211556
3.4641534765420046
3.1556390622295662
3.3232314287976203
2.495602923729013
3.8561962982193805
3.8391081341821702
3.959094371350331
3.9242876137534295
3.9686990179704518
3.9718342797116004
4.114968596129332
3.8738784344259667
3.8788607179108237
3.8876173760119066
3.625
3.802991202999011
3.826345396518651
3.7083911959183897
3.5949054612278935
3.176110251517254
3.139572261986723
3.978557087686021
3.456564762130953
3.039148671903071
2.973557262275185
3.219528282299548
4.053522176013817
3.006238928653389
3.2195282822995477
2.873140679513133
3.715780585409385
3.8963677385553988
4.02157790269474
4.058645048103536
1.9219280948873623
3.375
2.8553885422075336
0.9055872616982603
1.7841591278514217
1.5922637463645595
1.5372952641634292
3.3735572622751846
3.479079570624174
3.620325542543215
3.327819531114783
3.195295934496216
1.4067691411940566
1.4885252948977485
1.4885252948977485
0.7653636126766978
3.7321588913645694
3.1279868068776753
0.5689955935892812
3.2516291673878226
1.4182958340544896
3.084962500721156
3.5330516047849017
4.059622154353608
3.506890595608519
3.858631352480949
4.130437571876006
2.9232314287976204
4.162536689181351
3.9747438180534704
3.613337314045307
3.2639334294856344
4.081208426922887
4.043544614839371
3.459431618637297
3.936462675191489
3.9167726829654894
3.3564924137968237
3.7507603251519113
3.056641996592141
3.3348683589017414
3.4701157715233975
3.449085391595696
1.780672129520887
3.655216653305873
3.337175341123077
3.3035088547976783
3.470135468392373
3.202819531114783
3.5942273436666343
2.960964047443681
3.03856233607563
3.1945612961791805
3.73015042695733
2.794653473544342
3.430457025500558
3.531094205407111
3.570659041013948
3.5998421498828037
3.60693673217532
3.708132064658602
3.0269868333592873
1.0
3.9087006820348593
3.039148671903071
3.5841837197791886
3.337175341123077
3.6143694458867563
3.8972236166207708
3.9129939668651232
3.292770193936991
3.7483286603655737
3.706535989537582
3.2195282822995477
3.186704345910024
3.503258334775645
3.1924178467769684
2.2841591278514217
3.378783493486176
3.181366328891459
3.452819531114783
3.5519705475093923
3.378783493486176
3.6841837197791887
3.8731406795131327
3.855388542207534
3.0849625007211556
2.8553885422075336
3.7381493331928652
3.471354487013929
3.536886723742166
3.792379797569936
3.7802136112186626
3.2808316980989
3.671405583442497
3.6897037321995465
3.527518266288633
4.011249664582494
3.5110854081804264
3.446439344671015
3.7043494289560517
3.625
3.188721875540867
3.5351745656359026
3.09306920777189
3.7690410727815125
3.351953074246375
3.561607392201214
3.493753424479499
4.021567096976578
3.6165330442444006
3.825979129983102
3.125
4.055648863372104
2.688721875540867
3.5726236638951634
3.5
3.1689869584530608
3.0574760762899316
3.3035088547976783
3.721928094887362
3.732988757977851
3.32323142879762
3.327819531114783
3.682005814760213
3.25
3.0269868333592873
3.92880260927073
3.382568083276076
3.708132064658602
3.4992275471326932
3.9790978911348045
3.3444569352411984
3.0269868333592873
2.8553885422075336
3.180832987205441
3.0220552088742
3.9129311949793895
3.6234651896016463
3.904592064578512
3.2359263506290334
3.8732358263763285
3.2402239289418517
3.9148418871837416
2.9852281360342516
3.2158411726837532
3.988632217915384
3.7682343824873583
3.1307179879273748
3.4613201402110083
3.7720552088742005
3.085055102756477
2.820589856666546
4.215699092434738
1.7924812503605778
3.4182958340544896
3.233173564825374
3.978787979911235
3.558953210005306
3.238901256602631
3.202819531114783
3.106890595608518
3.558518613048906
3.8006137404764777
3.8077635764171944
3.202819531114783
2.973557262275185
3.3248629576173574
3.481714572986072
3.3927474104487847
3.5766176449086657
2.7534343861887853
3.5132696895151083
3.5599000019230838
2.656564762130954
3.773486011187058
3.4613201402110083
3.68354236243323
3.5724312513221195
3.2077070644704744
3.954057858916302
1.0
3.699337068847133
3.6168746059562227
2.9852281360342516
3.896630789797572
3.27280432733462
2.923231428797621
3.1751231351134614
3.1898980954642875
3.5766176449086653
3.673269689515108
3.5944656369614516
4.005599750871133
2.7068905956085185
2.792481250360578
2.984234164652489
3.551488456988035
3.1751231351134614
2.889549430862088
3.452819531114783
3.006238928653389
2.584962500721156
3.2516291673878226
3.9643955295262856
3.521640636343319
2.3708314012774996
1.584962500721156
3.5800503514647373
3.182005814760214
2.827819531114783
3.180832987205441
2.8962915290459277
3.7324900608502434
3.6537567082870006
3.25
2.952819531114783
3.721928094887362
3.188721875540867
3.2516291673878226
3.0306390622295662
3.7639657428240816
3.3067830495217643
3.5739348962840567
3.852727783453858
3.725480556997868
3.039148671903071
3.1395722619867223
3.4104172527605203
3.2516291673878226
2.625814583693911
3.0849625007211556
3.625
2.9852281360342516
3.2195282822995477
3.0269868333592873
3.6835423624332306
2.931208948910323
3.5
3.7849418274376427
3.2516291673878226
3.373557262275185
3.2516291673878226
3.2374058114255178
3.303701696057348
3.641249800455478
3.8894608760283615
3.8966266730551826
3.983981820580904
3.676440908696869
2.48345859334435
3.366091329119192
3.6424896731661263
2.7773627950641693
3.27280432733462
3.580050351464737
1.3420192178195207
3.039148671903071
3.202819531114783
2.7773627950641693
3.471354487013929
3.7285021157426255
3.1556390622295662
3.437377559238517
3.765398264203234
3.7150182662886326
3.3908054820769813
3.538310595615006
3.593269689515107
2.9948115448078756
3.3927474104487847
3.4992275471326932
3.3921472236645345
3.6069367321753214
3.2359263506290334
3.506890595608518
3.2516291673878226
0.8475846798245739
0.6998428398862386
0.925234754309238
3.838039816898156
3.0130709291038453
3.0269868333592873
3.725480556997868
3.617809684374455
3.3787834934861767
3.066615216738451
4.017970621291191
3.1555650133297184
3.4414280318460246
3.2516291673878226
3.0269868333592873
3.182005814760214
4.082457527985769
4.1264824373789395
3.6450389252459128
3.915670196299951
3.7144093452479403
3.123778124459133
3.5328786893420308
3.911677526401466
3.058813890331201
3.713035597032137
3.6573852766501784
3.6714055834424966
3.5385098742141103
3.8297381180118126
3.337175341123077
3.561096840836648
3.605388542207534
3.636842188131012
3.800016051511261
3.8401773185792636
2.94770277922009
1.584962500721156
3.1125853906355423
3.796960730356964
3.441084980573949
4.0629869826615375
4.048419777351373
3.378783493486176
4.148356599605276
3.97334610847426
3.863465189601646
3.778423503030126
3.882045108136863
3.8643185690317465
3.828630796865429
4.027906523069749
3.0849625007211556
1.0
3.1556390622295662
3.5219280948873624
2.9689185639620974
3.777570499130444
4.013226505885624
4.184250404386513
3.733660689688185
3.084962500721156
3.8733591627040656
4.070559620396664
1.0
4.194351632547569
4.11964133957851
3.9669878964006435
2.872905595320056
3.202819531114783
4.099966153132352
3.78336536363971
3.936895604686684
4.051069770466924
3.8253497335364988
3.9312677970876573
0.9182958340544896
3.6601297526332566
3.2359263506290334
3.0105709342684834
3.25
3.5777471629109447
1.584962500721156
3.4677201004745006
2.792481250360578
3.2516291673878226
3.3414460711655214
3.084962500721156
3.565448371820825
3.084962500721156
3.6133373140453076
4.178076466151545
3.321928094887362
1.0
3.2516291673878226
3.6521305573183827
3.221097250057957
2.8962915290459277
3.6978458230844113
3.2516291673878226
3.5736606896881846
2.8553885422075336
0.8112781244591328
3.4992275417233567
1.775523493673489
1.2916919971380594
3.2516291673878226
3.3248629576173574
3.506890595608518
3.056564762130954
3.5464393446710156
3.4992275471326932
3.7232314287976207
3.5817475629608073
3.6450389252459123
3.327819531114783
3.7544418457133446
3.565448371820825
1.149660363146287
0.8166890883150209
3.2729055953200556
3.084962500721156
1.3361602543738118
3.8365916681089787
3.251629167387823
3.327819531114783
3.881180614438056
3.800986587021962
3.83194690779642
3.221928094887362
2.875
3.4428621651554656
3.182005814760214
3.9053077763737454
2.751629167387823
3.8441065448145375
3.74197076175156
3.7647351787255046
3.951357939798607
3.3841837197791884
3.9586593527809866
3.128085278891395
4.015624600372712
3.9400726873486547
3.7160160623359073
3.7544418457133455
3.51602764126623
2.8423709931771093
3.125
3.2516291673878226
3.234366979778612
2.9182958340544896
2.923231428797621
3.484183719779189
3.108694969562842
3.572469458770136
3.8290037311070533
3.7419627890379075
3.858315680798383
3.6914280318460246
3.238901256602631
3.323231428797621
1.9211854965885544
3.084962500721156
3.3716535224393334
0.0
3.1046337135905295
4.129099103881256
4.0812453376221045
4.137161140604462
3.238901256602631
1.0
3.676440908696869
3.0930692077718898
3.5766176449086653
4.121127835479874
3.8391081341821707
3.7918304538301464
0.0
2.64202723982642
1.0
4.079608018851271
3.469576746316394
3.7465301052467734
3.403107168362811
3.794195852747862
3.64696666827365
3.6266350341147917
3.4407598325400897
3.2516291673878226
3.125
3.9102439045469075
3.450114447425909
2.918295834054489
3.0792258015191023
3.0220552088742
3.6835423624332306
3.4277409762329363
3.902098567703139
3.43162356584743
3.4182958340544896
3.0269868333592873
3.676440908696869
3.2537085772098973
3.3632869239960543
3.681727678869736
3.9857808213564594
3.733660689688185
3.572623663895164
3.3386885704510965
3.6978458230844113
3.9189869584530594
3.452819531114783
3.4613201402110083
3.4841837197791885
3.0269868333592873
3.60341234326019
3.419381945646371
3.342370993177109
3.9368273084015937
3.004259269976503
3.09306920777189
3.327819531114783
3.163074189428569
3.550340709546387
2.973557262275185
3.0269868333592873
3.5883543471732335
2.822181958642873
3.378783493486176
2.4182958340544896
3.780394654123194
2.6644977792004614
3.9011186833530114
3.6022170014624826
4.165261200865492
3.630985019785137
2.0
2.9852281360342516
3.09306920777189
3.8841550945958048
2.952819531114783
3.3820214465367484
3.4031071683628116
0.0
3.180832987205441
3.221097250057957
3.6732696895151076
1.4182958340544896
3.292770193936991
3.3927474104487847
3.2516291673878226
3.605388542207534
3.418295834054489
2.688721875540867
2.873140679513133
3.418295834054489
3.6061983328100946
3.204986855772667
3.09306920777189
3.739572261986723
3.6105092934584886
3.7409532604048397
3.239097917988786
3.0220552088742
3.0269868333592873
3.9040098347359096
3.3680424225727155
3.6424896731661263
3.2516291673878226
3.738608500731241
3.1898980954642875
3.721928094887362
2.918295834054489
3.6818808028034016
3.5724312513221195
3.5630741894285696
3.9057048015566522
3.7386820322861913
3.3376777797008614
3.096161187118111
3.3232314287976203
3.084962500721156
3.0269868333592873
3.521640636343319
3.5
4.005994576920414
3.9720526695206404
2.792481250360578
3.417063897750553
3.994004065616087
3.991712753554415
2.9139770731827523
3.084962500721156
3.2210972500579564
3.391126767019874
3.8471282101364253
3.5465935642949384
3.09306920777189
3.3787834934861767
3.085055102756477
3.5585186130489053
3.327819531114783
3.890319531114783
3.5068905956085183
3.9384044260046442
3.572623663895163
3.915944696403075
3.7600172778496526
3.542762444701823
3.459147917027245
3.511085408180427
3.2254128972590443
3.8580700030263455
3.398250817604555
3.741139720220783
3.813381103538469
3.0220552088742
2.658680662942251
3.493660689688185
1.0
1.4911148500551854
3.454822399946607
3.3927474104487847
3.7950885863977324
2.9852281360342516
3.6804791201576297
4.096609540666926
3.8633923676590776
3.7362434129830597
4.13402143409701
1.0
3.4472624994412104
3.6143694458867563
3.4864405016961446
3.6820861928883817
3.2883201891060003
3.9683403313485464
3.084962500721156
2.5492553971685
3.095795255000934
3.0220552088742
3.4100993267336737
3.2516291673878226
2.8582783084180448
1.5628066316931741
4.105080134353098
3.8382426910248455
3.6304126608739975
3.929156757520823
3.463280517810811
3.5883543471732335
3.636842188131012
3.6424896731661263
3.697845823084412
3.913269689515107
3.6539967386657093
3.636842188131012
3.813660689688185
3.4992275471326932
3.621175542919471
3.6749160000010233
1.0
3.32323142879762
2.7806390622295662
3.780591322803325
3.8063072069332966
3.99820295808199
3.512814895472355
4.099272704501353
2.321928094887362
4.039188682843215
3.813660689688185
3.9320489773735328
3.860236170608188
3.4039894464852614
3.2359263506290334
2.663532754804255
3.09306920777189
3.2516291673878226
3.5841837197791886
3.006238928653389
3.828237501842956
3.9510424692539496
4.11789417273351
3.9399376995542674
4.14479559817929
3.6552215288595113
3.4640835117703754
4.174611408862625
4.107581843643258
1.9219280948873623
3.8208888513501886
3.25
3.4182958340544896
3.0850551027564768
3.546439344671015
3.202819531114783
3.09003277660148
3.9095404560200513
3.8268748818646365
2.8731406795131336
1.2567796494470396
1.1451104143815827
1.2577148214953864
1.4345491399952024
1.0389205950315936
3.74095326040484
3.0850551027564768
3.32323142879762
3.840402546702505
3.2776134368191165
2.2295739585136225
0.5304060778306042
0.48217919020227284
1.5739889616503064
3.9734045166608882
3.7777324761126243
3.513269689515108
3.121928094887362
3.2841837197791888
3.077819531114783
2.7516291673878226
3.741155855638065
3.33681032692179
2.8423709931771093
0.7732283485249176
2.4508257945180882
3.2516291673878226
3.7588670992335302
2.855904922469693
3.7851437116306252
3.5848683589017414
3.986442655325143
3.721928094887362
3.6060152796207334
3.736868553169099
3.9638148851441652
3.814486032422165
3.6980685120588386
3.5281658735933163
2.918295834054489
3.0269868333592873
3.3660913291191927
3.4833336307213787
3.457425813763051
3.605388542207534
3.9359357962188977
3.802910079649727
3.2464393446710154
2.9219280948873623
1.0
3.521640636343319
3.1068905956085184
3.7264741182543752
3.308751351247167
3.4464393446710155
3.3927474104487847
3.689703732199547
2.950212064914747
3.1751231351134614
3.327819531114783
3.373557262275185
3.5368867237421666
2.8553885422075336
2.9232314287976213
3.8984128483640523
3.2516291673878226
3.0099865470109872
3.7336606896881848
3.521640636343319
3.609496334425696
3.3735572622751855
3.9625590215011925
3.8504128972590443
3.384183719779189
4.014872950388422
3.09306920777189
3.6144387309834265
3.715932185515029
3.3735572622751855
2.8962915290459277
3.0269868333592873
3.488525294897748
3.3060202622092563
3.2516291673878226
3.146286370662105
2.827819531114783
3.09306920777189
3.0849625007211556
2.9232314287976204
4.005648257844494
4.0985326662894535
1.9219280948873623
4.180805680917153
2.0
3.238901256602631
3.0220552088742
3.530493056757482
3.536886723742166
3.350209029099897
3.9681390622295662
3.6823323262263004
3.534219021180341
3.463280517810811
3.9134007456613777
3.7160160623359078
3.238901256602631
3.481714572986072
0.9055872616982603
2.0717350271381694
2.084962500721156
3.572623663895163
3.657385276650178
3.7903123628943725
4.010434089033337
3.180832987205441
2.751629167387823
3.6784391908277176
3.3564924137968233
2.858118463097969
3.6781644012240564
3.667928472292448
3.9225895736416696
2.0
4.144981968133504
1.584962500721156
1.650022421648354
2.8895494308620884
4.203317519974111
4.108424268037129
1.5
3.7803946541231945
3.323231428797621
4.024024420865021
2.9852281360342525
4.029879223724476
3.625
2.94770277922009
2.885613780545883
1.584962500721156
2.063558608511122
2.224394445405986
2.2093669113041887
2.1732203729713637
2.3598063039211
2.217021885879718
2.10845859334435
2.3808789290862364
2.4982736721451424
2.523120335893197
2.480736714922622
2.528942579130062
2.3658848280839693
2.4897332812566724
2.531318412706855
2.4577478788031604
2.440251218626855
2.161978179679554
2.2841591278514217
2.792481250360578
3.36030597770208
3.6314783907408072
3.4548223999466066
3.7170218858797184
3.238901256602631
3.7201755214643453
2.8962915290459277
3.2841837197791888
3.5944656369614525
3.6464393446710153
3.5132696895151074
3.6279019674474933
3.5625678829016882
3.4713544870139286
3.4695767463163936
2.9689185639620974
2.8729055953200557
3.9839323918683722
4.000067800706231
2.481714572986073
4.033043490737519
1.5219280948873621
3.9113039463085966
3.452819531114783
4.046439344671015
3.4992275471326932
3.6163485660751635
3.7488254209225516
3.8136606896881853
3.810081020521731
3.8854254231587326
3.7080481500712317
3.8950335332688466
1.584962500721156
2.688721875540867
3.0220552088742
0.9933927290103626
2.9182958340544896
2.950212064914747
3.1018812234760182
3.327819531114783
3.0220552088742005
3.3371753411230776
3.6381476962048276
3.2195282822995477
2.9312089489103235
3.5766176449086653
3.5
2.8729055953200557
3.1105780147890165
3.3841837197791884
3.546439344671015
3.512036591715321
3.30827083453526
3.084962500721156
2.918295834054489
3.4555315308842243
3.605337797403416
3.378783493486176
3.503258334775645
1.5517374334224663
1.760495029766198
1.3244602933016414
3.7870428120319044
3.327819531114783
2.6062389286533896
1.4345491399952024
1.2916919971380596
3.180832987205441
3.746238082185231
3.188721875540867
3.988608500731241
3.7089660826946234
3.195295934496216
3.4713544870139286
3.576617644908665
3.6304126608739984
1.207518749639422
3.5364142371222296
3.2516291673878226
3.6060152796207325
2.584962500721156
3.202819531114783
3.2516291673878226
3.6368421881310122
3.056564762130954
3.4565647621309536
2.9852281360342525
3.642371448743902
3.2639334294856344
3.736169590506797
3.652130557318382
3.508621780036166
3.350209029099897
3.350209029099897
3.43162356584743
3.5383105956150054
3.6691190288962066
3.452819531114783
3.384183719779189
2.996624141510993
3.662075278693608
3.2402239289418517
3.8467986708545854
2.9232314287976204
3.631388347143585
3.373557262275185
3.056564762130954
3.689703732199547
4.019567810884913
4.040619928520052
1.9219280948873623
3.238901256602631
3.2516291673878226
3.6167292966721747
2.9182958340544896
3.0565647621309537
3.5239255824775912
3.3660913291191923
3.378783493486176
3.8488846166291197
3.182005814760214
3.7561804996312773
3.4661007200723906
3.625
3.837125989868465
3.3680424225727155
3.323231428797621
3.2359263506290334
3.7254805569978675
3.084962500721156
2.816340113853408
3.42990833509616
3.9740447730335218
3.9510112260182946
2.6535442970305687
3.653383231894439
3.7454064259382482
3.039148671903071
3.180832987205441
3.9815686847875367
3.8559049224696933
3.661226256269789
3.2516291673878226
3.5780011510322707
3.7150182662886326
3.952947125856424
3.471426106446759
3.494680368408909
2.321928094887362
2.584962500721156
3.835309327351486
3.10845859334435
4.065644874304613
3.238901256602631
3.2608281712244542
3.0220552088742
3.1898980954642866
1.4345491399952024
3.7985874355998037
4.007300627089057
3.327484781955842
4.181383618272528
3.4548223999466066
2.327819531114783
2.6652679845658147
2.669607028323697
2.221251836004466
2.470313004282785
2.4614723592185066
2.350483422008204
2.4464956049788023
2.671114001819714
2.421315277401236
2.599884003016544
2.443099510251967
2.537938762767706
2.4533670737917723
2.1596275363413566
2.491415878740668
2.511450427956977
2.5259188396019607
2.1906025754782643
2.4561289731765372
2.2669925657273944
2.321380556483453
2.595081788359878
2.506144066853198
2.353533948577482
2.532159997469598
2.5207825741134635
2.33012496531497
2.0349409139562287
2.5495234595978324
2.338070428933648
2.4251791379595713
2.627782420024953
2.33012496531497
2.164579634291882
1.9591479170272446
2.166603109673247
2.6064648567476554
2.647592147308496
2.424656872364069
2.5902577392029182
2.4119477221071834
2.5789927121981124
2.5262933583009115
2.2535532089563515
2.305002685397901
2.2856005389623073
2.142397592529679
3.5841837197791886
1.261135103184123
2.931208948910323
3.866729296672175
3.039148671903071
3.7950885863977324
3.8804563734806248
3.896291529045928
3.6537567082870006
3.5766176449086657
3.901188249902867
3.693345218892491
3.8266153858952863
4.106196320800217
1.0
3.4992275471326932
3.202819531114783
3.3735572622751855
3.3735572622751855
3.689703732199547
3.238901256602631
3.3248629576173574
2.7516291673878226
3.182005814760214
3.5585186130489057
3.9121138909722295
3.7622673906514947
3.3927474104487847
3.625
3.4613201402110083
1.1451104143815827
3.0849625007211556
0.6193821946787638
1.6653418275568057
1.5138897065993269
1.4885252948977485
1.3562162791272803
1.5805889658540375
1.9508257945180885
1.493335574399261
1.383866329597683
1.188721875540867
1.2776134368191154
1.4345608142862893
3.395638807527667
3.7897418787916313
1.0
2.8553885422075336
2.8423709931771093
3.0269868333592873
2.7933451941915166
2.822181958642873
3.085055102756477
3.4613201402110083
3.7045348998193433
3.039148671903071
3.3815804883091634
3.6168746059562227
3.418295834054489
3.2359263506290334
3.6105772433316417
3.196154780932867
3.2359263506290334
3.375
3.9690016298759936
3.084962500721156
4.092251599999248
3.7504647066537014
3.5350662373137696
2.950212064914747
1.6143308351592656
3.745406425938248
2.8553885422075336
2.091917186688699
2.1416195253341384
3.266332639970623
3.767183467891461
3.3787834934861767
2.873140679513133
3.640223928941851
3.8881492782505247
4.005688471260509
3.391892644680931
3.337175341123077
2.8553885422075336
3.332429281549888
3.378783493486176
3.3927474104487847
2.90844792474399
3.5900182662886326
3.084962500721156
3.238901256602631
3.6385304691242917
3.483074931433275
3.5013978254341036
3.868453957701921
3.605388542207534
3.6644977792004623
2.699513850319966
3.648511114409896
1.4932133643654213
2.8553885422075336
3.5804621997271013
4.000514653349184
3.6571925329241433
3.9723064058771302
3.5219280948873624
0.8112781244591328
3.007196489685618
3.202819531114783
2.9232314287976204
3.182005814760214
3.6537567082870006
3.82306798227366
3.392147223664534
2.7516291673878226
2.1416195253341384
2.75
3.521640636343319
0.9912642605354288
3.4745049881054295
3.6277635530073993
3.5766176449086657
3.4104172527605203
3.944210332414288
3.9764499732851233
3.6644977792004623
3.09306920777189
1.5058762556041068
3.756795811071915
3.189898095464287
3.522055208874201
3.7489948035250955
3.7030407100708653
3.521640636343319
3.085055102756477
3.8142317281637372
3.0574760762899316
3.175123135113461
3.9681390622295662
3.8787912611280673
3.573148794348867
3.0823281368584294
1.9830007956365687
2.4182958340544896
1.8589880265453405
2.0
3.327819531114783
4.082067386399956
3.3908054820769813
3.8691964294706995
4.020209311622987
4.153628681925048
3.6761906261418305
3.3787271036564652
2.822181958642873
2.688721875540867
3.5587521726061424
3.1718190456767728
3.366091329119191
3.4753596468552774
2.5220552088742005
3.084962500721156
3.653756708287001
3.7254805569978675
3.8136606896881853
3.1898980954642875
3.2359263506290334
3.454822399946607
3.924248764919165
1.5
4.078896882459434
3.6572682296173897
3.4685766296878655
3.180832987205441
4.031623032511564
3.687939049324636
3.9403510429286888
3.2516291673878226
4.055452129953819
3.452819531114783
2.865576855207248
3.5892750707107126
3.6464393446710153
3.8738784344259667
3.760017277849653
3.8143719431796272
3.006238928653389
3.9025182662886326
3.8983035119995315
2.8553885422075336
2.6644977792004614
4.01083542472023
3.9150832969047644
3.672404562203418
3.2946635862096043
3.8725738836114343
3.085055102756477
2.7773627950641693
3.452819531114783
3.25
3.6414460711655217
3.2195282822995477
1.2309595631140104
3.4906015629507228
3.5465935642949384
3.418295834054489
3.189898095464287
3.447401504705915
3.4713544870139286
3.446439344671015
3.4316235658474303
3.334209459448049
3.8100810205217313
3.8561962982193805
3.594465636961452
3.7622673906514947
2.0165268787469417
3.3680424225727155
3.1416354077249595
3.812824650692156
2.510056460356539
3.3680424225727155
3.1751231351134614
2.4416298737872246
3.180832987205441
3.30827083453526
3.4992275417233567
3.6732696895151076
3.754532719265504
3.3927474104487847
3.25
2.8073904508767225
3.6635327548042538
3.0269868333592873
3.3248629576173574
3.6280852788913944
2.9852281360342525
1.1451104143815827
3.085055102756477
2.925853014561283
3.4039894464852614
3.327819531114783
4.057119282485189
3.2359263506290334
3.6500133737787555
4.070227950235626
3.350209029099897
2.984234164652489
3.6424896731661263
3.740601562950723
3.665882745561475
3.180832987205441
3.867506274190488
3.684188274986052
3.5788243038325174
3.7647351787255046
3.6820058147602137
2.6540969647593884
2.8102489763846954
2.8959526990254383
2.845621055042401
2.90175306238507
2.5804365179575353
2.940158659869791
2.6394052562435246
2.9018648495097406
1.0
1.207518749639422
3.238901256602631
3.3927474104487847
3.521640636343319
2.952819531114783
4.131733116144289
4.151976682099351
4.041854539189422
3.5585186130489066
3.9921988418478795
3.6792292966721747
3.4414280318460246
3.6167292966721747
4.0277227551547945
3.431623565847431
3.4495701653254027
3.5330516047849017
3.6820861928883812
3.934177320667443
3.772055208874201
3.418295834054489
3.3908054820769813
3.7490907583265143
3.8589572866686432
3.3086949695628425
3.439422471233667
3.5970851333950877
3.715783629896563
3.831401845392172
3.7020784069005814
3.9609228555507716
3.913088436425758
3.2889484945416596
4.065361182475247
3.733020192448045
3.511085408180426
3.7230741894285684
3.085055102756477
3.9485579975023932
3.858233004668685
3.42972101283893
3.375
3.5736606896881855
2.3248629576173565
3.973638575315426
3.6143694458867563
3.931028327249917
3.6153644984029283
3.0220552088742005
3.1018812234760182
3.6695767463163937
2.950212064914747
2.9852281360342516
3.327819531114783
3.3232314287976203
3.0220552088742
3.0220552088742005
3.4104172527605203
3.6302753548819773
3.718900066816073
4.140567510086854
3.1751231351134614
3.085055102756477
3.039148671903071
3.495574960495609
4.073648899320328
3.4548223999466066
3.4548223999466066
3.941400338454544
3.837525666626763
2.8553885422075336
3.238901256602631
3.9042111223910507
3.6069367321753205
3.4387218755408675
3.7671834678914604
3.675310868912364
3.563074189428569
3.539148671903071
3.636842188131012
3.594465636961452
3.2359263506290334
4.058778426816056
3.6421498816369033
1.0
3.2810361125534233
3.76334248827185
3.621928094887362
3.452819531114783
3.381580488309164
3.6978458230844122
3.378783493486176
3.4677201004745006
2.950212064914748
3.675310868912364
0.0
4.065636722902419
2.321928094887362
4.056082946649071
4.011354583485701
0.0
2.521640636343318
2.199687794731328
2.6612262562697895
2.7773627950641693
2.699513850319966
2.6556390622295662
3.7486135551678705
3.5695488277869583
3.4613201402110088
3.6464393446710153
3.6818808028034016
3.8100810205217313
3.125
2.9182958340544896
3.2516291673878226
3.238901256602631
3.6234651896016468
3.57380851290449
3.623465189601646
3.3927474104487847
2.9424955222917837
3.238901256602631
3.51602764126623
3.188721875540867
3.378783493486176
2.931208948910323
3.5
3.5
3.2195282822995477
1.5654483718208252
3.9669878964006435
2.931208948910323
3.67963291462472
3.4677201004745006
3.4406363526732666
3.6234651896016468
3.80620867939357
4.028490680178816
2.7068905956085185
3.4182958340544896
3.180832987205441
3.2402239289418526
3.204986855772667
3.4711586184179364
3.572469458770136
3.7855269910563125
3.4031071683628116
3.6392586431208533
3.7144093452479408
3.307751647240615
3.6496734471867405
3.843795932845685
3.0220552088742
3.6692750707107127
3.7777471629109445
3.6536606896881847
3.7232314287976207
3.663532754804254
4.066570217497532
4.073207944597
3.2516291673878226
3.6211755429194716
3.4548223999466066
3.373557262275185
3.637667794255363
3.643374013290255
3.513269689515108
3.546439344671015
3.6653231585115424
3.6500133737787563
3.2359263506290334
3.6143694458867563
3.2359263506290326
3.452819531114783
3.8162327553287323
2.4591479170272446
2.8553885422075336
2.5566567074628237
3.2516291673878226
2.696199049814856
3.6253358944096523
3.223465189601647
3.521640636343319
3.3680424225727155
4.079376456233207
4.133294982641221
3.084962500721156
2.9852281360342516
3.7483286603655737
3.350209029099897
3.2866294867861954
3.3816201079487347
3.327819531114783
3.6464393446710153
3.5616073922012146
3.0850551027564768
3.433269689515108
3.64696666827365
3.3927474104487847
3.4292750707107125
3.9121793845927444
3.5535088547976783
3.957500552920125
3.6335059949783677
3.0220552088742005
3.917466449307934
3.5434651896016462
3.7962176025900556
3.240223928941852
2.8731406795131336
3.2639334294856344
2.623516641218015
3.5600115303896285
3.7843437452721784
3.5724312513221195
3.80253409103669
3.625
3.683796945555042
3.449669372467261
3.3274847819558424
1.7381493331928664
1.4913146570363986
1.8830741894285699
2.355388542207534
3.0269868333592873
2.789898095464287
3.5878587982995085
3.202819531114783
3.2574258137630507
3.8040054948273525
2.4591479170272446
3.9211921316328424
3.928265043159906
1.9219280948873623
3.5724312513221195
3.084962500721156
3.085055102756477
3.182005814760214
4.098722958694711
3.1395722619867223
1.584962500721156
3.00623892865339
3.039148671903071
3.642371448743902
3.368042422572715
2.5492553971685004
2.875
3.785867302411998
3.4193819456463714
1.4604846813131116
2.387478264267917
2.0
3.1594815340285662
2.0
3.0850551027564768
3.558518613048906
3.2927701939369904
3.3735572622751855
3.266332639970623
2.345851989338261
3.735281416219837
3.41041725276052
3.188721875540867
3.7239914172969595
3.452819531114783
3.6178096843744543
3.2516291673878226
3.803078447433318
1.584962500721156
3.0849625007211556
2.7773627950641693
3.381580488309164
3.2903216092483056
3.1158340921632193
3.5225715891363594
2.8553885422075336
3.605388542207534
3.7148697866030838
3.725650756112093
3.4613201402110083
3.6622838019512773
3.0220552088742005
3.246439344671015
3.546439344671015
3.572469458770136
3.1556390622295662
3.155221528859512
2.7806390622295662
3.36030597770208
3.3735572622751855
3.572469458770136
3.418295834054489
3.719349267862323
3.470175521464345
2.9468374992530824
3.8212963336848618
3.9776538632759504
3.3927474104487847
0.0
4.02450750549922
3.110786835516743
3.418295834054489
3.0269868333592873
3.8035088547976783
3.0220552088742005
3.3927474104487847
3.0849625007211556
3.667913944000622
3.378783493486176
3.238901256602631
3.2927701939369904
2.8258459340407494
3.3273399000835084
3.605388542207534
3.2516291673878226
3.084962500721156
3.6166986969730437
3.721928094887362
2.9852281360342516
2.875
3.378783493486176
2.5220552088742005
3.2516291673878226
3.5
3.174885868724236
3.817889632937108
3.5388962142279325
4.021704462063677
3.6144387309834265
3.555533151426996
3.971302302288371
3.9708400131019848
3.2927701939369904
2.807354922057604
3.725871146123144
3.4072682296173893
1.207518749639422
3.077819531114783
1.1451104143815827
3.8492239123906256
2.792481250360578
3.620952031026404
3.9200962973696627
3.2516291673878226
3.891995487039019
2.8073549220576046
2.871450879658866
3.330554168248023
3.73215889136457
2.78845045730829
3.261043983337284
3.039148671903071
3.546439344671015
3.7479716777550935
3.566428031846024
2.952819531114783
3.1086949695628414
3.7532696895151076
3.5
3.2390979179887864
2.9708400131019848
3.565957320949174
3.3908054820769817
3.1464393446710153
3.606936732175321
3.2516291673878226
3.3927474104487847
2.8553885422075336
2.8073549220576046
2.9182958340544896
0.7345299214394703
3.3680424225727155
3.2402239289418517
3.623516641218015
3.9232314287976204
3.8441065448145375
3.1556390622295662
2.9708400131019843
3.7414516279199086
3.5843031793467115
2.5220552088742005
3.1898980954642875
3.5585186130489057
3.175123135113461
3.772055208874201
3.858631352480949
3.3450739957852544
3.474380085195674
3.583747655359677
3.521640636343319
3.553887682660803
3.8312038814490936
3.935398667466763
3.4030741894285694
3.101881223476018
3.2866294867861954
3.5035391228040247
3.1674925305971167
4.105393060195719
3.961588732234843
3.2806390622295662
2.845350936622437
1.0
2.751629167387823
2.125814583693911
3.418295834054489
2.7898980954642876
3.202819531114783
1.9182958340544893
3.337175341123077
3.3927474104487847
3.7588670992335302
3.238901256602631
3.521640636343319
3.3439980213257896
3.2516291673878226
3.647160074632759
3.989778500580689
3.8588029144615943
3.5736606896881855
3.7821222241453056
3.3248629576173574
3.378783493486176
3.953565664946427
3.9386547167464134
3.182005814760214
3.7845276964165557
3.919381945646371
3.9966646907449164
3.864597311556764
3.4642346527265664
3.64696666827365
3.7821222241453056
2.573557262275185
4.118077745717642
4.042362922091194
3.413088436425757
3.5940879961000465
3.990586380385236
3.2516291673878226
3.923231428797621
3.9677486960363963
3.8488846166291193
3.7181390622295662
3.3519530742463757
3.5434651896016467
4.177914871775567
3.7638561897747236
4.110007791250048
3.1751231351134614
3.6887218755408675
3.863826390090815
3.3758145836939115
3.7623107361338706
3.883959070731377
4.045757678862821
3.9346609061575015
3.1368637096073186
3.64397499713828
3.3841837197791884
3.906586467869525
2.7534343861887853
3.375
3.6069367321753205
2.8453509366224368
3.824082127037421
3.418295834054489
2.845350936622437
4.062568271476588
3.189898095464288
3.128085278891395
3.25
3.8543909974795922
3.892057671094283
4.013041446157795
2.8453509366224368
3.733857072047373
3.9232603248627793
3.439936470397807
3.992870516635899
4.121134025425562
3.7821222241453056
3.039148671903071
3.9275717489329454
3.2195282822995477
3.103701696057348
3.694883094890903
3.4783459677250397
3.2516291673878226
3.419381945646371
3.6835423624332306
4.177138951124933
3.8994096746591413
4.0443243699851035
3.9315267986999918
1.0
4.0082090807298725
3.0850551027564768
3.640223928941851
3.2516291673878226
3.3927474104487847
3.2359263506290334
3.182005814760214
2.855388542207534
4.165751505921674
2.9182958340544896
3.177566232096525
3.7841837197791888
3.2359263506290334
3.2359263506290334
2.6258145836939115
3.8868421881310122
3.903208061647681
3.8073549220576046
1.542027782122493
3.6354309073173963
3.6514789228933084
3.559079570624174
3.653660689688185
3.551191174465697
3.558518613048906
3.522055208874201
2.8962915290459286
3.7201755214643453
3.8430833559368964
3.9150510184657685
3.668648207736953
1.5
3.983431135527782
3.620643950595272
3.7896910284984617
3.6424896731661263
3.2516291673878226
3.251629167387823
3.056564762130954
3.308694969562842
3.7489948035250964
3.7576856586254093
4.011683581162165
3.5351872312412156
3.355388542207534
3.2608281712244547
4.009857550604722
4.1125207841842775
3.3927474104487847
3.690449308974533
3.9885210323234337
3.9885156876217263
3.737745165456522
3.7830140032660022
2.792481250360578
4.081319783478721
1.0
3.4316235658474303
3.0220552088742
3.2516291673878226
3.202819531114783
3.7201755214643453
3.084962500721156
3.521640636343319
3.8365916681089787
2.835237745312118
3.3401998765158556
2.197159723424149
3.0220552088742005
0.6998428398862386
3.084962500721156
3.0565647621309533
3.30827083453526
4.031703416984329
4.107250462008506
4.088008684036937
3.1523912776298664
3.611837395039661
3.125
3.509275070710713
3.884183719779189
3.5385098742141103
4.05009507844424
3.085055102756477
2.7744019192887706
3.748994803525096
3.006238928653389
3.2402239289418517
0.9910760598382222
3.6289280318460246
3.106890595608519
2.4116022179746714
1.6621072833109878
3.2516291673878226
3.452819531114783
3.962288369070769
3.503258334775645
3.1898980954642866
3.0269868333592873
4.0574902007723885
3.7692475629608078
2.9139770731827523
3.4182958340544896
3.7821709414508415
2.688721875540867
2.6612262562697895
3.238901256602631
3.077819531114783
3.238901256602631
3.576617644908665
3.0220552088742005
3.6835423624332306
1.4345491399952024
2.5849625007211556
3.9917292966721747
4.130268890262464
4.0754394158800045
1.584962500721156
0.9402859586706311
3.1813663288914587
3.418295834054489
3.5465935642949384
3.2810361125534233
2.6258145836939115
3.155221528859512
2.9056390622295662
3.238901256602631
3.1971597234241487
2.625814583693911
3.6368421881310122
3.286895754518763
3.024397470347699
2.6612262562697895
3.1556390622295662
3.7048719247997597
2.699513850319966
3.579925461200055
3.7754522173662752
3.202819531114783
3.8290243972119797
2.918295834054489
3.774878781314242
3.9222872090496064
3.706882233758147
3.9430511395773156
3.4841837197791885
3.3560771078664606
3.5263039714678293
3.913955993962595
3.4118369244081435
3.55113500984728
3.4629559637734384
3.81639350529433
3.6627198871488464
3.45404079673468
3.683998380850323
3.7153197097853456
3.8312545985198887
3.751497621217819
3.233997907838827
3.756140253475138
3.7427127825470397
3.5513350400529635
3.7641532582085375
3.78832223823185
3.702160661211102
3.763311167241165
3.586232982027775
3.6972807999835666
3.576903760540094
3.7736150260472394
3.7276852500309317
3.5840759200230683
3.750971133574635
3.7351756869293458
3.6013062232214916
3.9214369309722974
3.7371115585849206
3.7781607346477726
3.61002920438717
3.976471982078791
2.845350936622437
2.7272170014624826
4.053934534696605
1.584962500721156
2.8150724101159437
3.7216117239699003
3.175123135113461
3.521640636343319
3.182005814760214
3.2516291673878226
3.4039894464852614
3.039148671903071
3.6887218755408675
3.521640636343319
3.594465636961452
3.4642346527265664
3.202819531114783
3.4992275471326932
2.751629167387823
3.5800503514647364
3.0220552088742
3.7553764039610473
3.8868421881310122
3.678212945841001
3.856564762130954
3.876838815934793
3.7024715122197467
3.2516291673878226
2.8553885422075336
3.337175341123077
2.931208948910323
3.8719663588199267
3.0269868333592873
3.632048827786958
2.7516291673878226
3.3735572622751855
3.0565647621309537
3.6668832665355913
3.5849625007211565
3.871928094887362
4.052616432384421
3.6296155609847767
3.3867629640363295
2.0
3.0220552088742
2.625814583693911
3.127986806877675
2.6612262562697895
2.584962500721156
3.703465189601646
2.984234164652489
3.2841837197791883
2.623516641218015
4.016880439881881
1.584962500721156
0.6402064333604701
3.800272213594564
3.3981141762058726
1.0408520829727552
3.202819531114783
3.084962500721156
3.292770193936991
3.3927474104487847
3.336038815261278
3.682887293816641
3.189898095464287
3.746291941736342
3.728502115742625
3.3414460711655214
3.5362434129830604
3.8000446184790087
3.7638091738835464
2.8553885422075336
3.5585186130489057
3.792166407852619
2.7898980954642876
3.344456935241198
3.760421209521994
3.221097250057956
3.584962500721157
3.3637132757501895
3.5777471629109443
3.4406363526732666
3.7264741182543752
3.149397470347699
3.4039894464852614
3.3386885704510965
3.4613201402110083
3.238901256602631
3.238901256602631
2.751629167387823
3.2402239289418517
2.952819531114783
3.8185886460613307
3.046439344671015
3.373557262275185
3.1464393446710153
3.2359263506290334
1.7187828921272557
3.9691091619670438
3.841446071165521
1.5
4.177782926433428
1.584962500721156
3.392747410448785
3.2608281712244547
3.6841837197791887
4.016656985779902
4.025606199717564
3.4701755214643453
4.161836013033245
3.3787834934861767
4.0797910367327095
2.706890595608519
3.538310595615006
3.323231428797621
3.794653473544342
1.584962500721156
1.8498687225851778
1.6258145836939115
2.9182958340544896
3.6897037321995465
3.7682529934295435
3.4841837197791885
3.327819531114783
2.8553885422075336
3.784941827437642
3.09306920777189
3.8027531416013636
3.9949591241965576
3.121928094887362
2.7321588913645707
3.638035615409514
4.097249598457553
3.238901256602631
3.842896608419107
3.885631795573671
3.7385275151242476
3.084962500721156
2.899397470347699
3.7539280318460246
3.786901483285094
3.5035391228040247
4.036529385087593
1.0
3.155221528859512
3.408053132659754
3.1898980954642875
3.40307418942857
3.6682958340544896
3.896314906757364
3.430457025500558
3.192417846776969
3.774947654706526
3.5703119922995383
2.040223928941852
4.074487018812736
4.0987318227428435
3.661864865376061
3.3082708345352603
3.202819531114783
3.936480560560456
3.602355817433075
4.022694017577566
4.065774159072201
3.9368630449519535
3.7232314287976207
3.484183719779189
3.3927474104487847
3.175123135113461
3.2195282822995477
3.8810054880546376
2.66122625626979
3.6178096843744547
3.197159723424149
2.6660563421790617
3.873871437641659
3.3816201079487347
2.845350936622437
1.584962500721156
2.625814583693911
3.2810361125534233
3.337175341123077
3.2359263506290334
3.4528786893420302
2.792481250360578
3.27280432733462
2.8073549220576046
3.006238928653389
3.2810361125534233
3.4472624994412104
3.1555650133297184
3.180832987205441
3.084962500721156
3.00623892865339
3.378727103656466
3.09306920777189
3.5092750707107125
4.053123878763656
3.209867121904035
3.323231428797621
3.1018812234760182
2.792481250360578
3.760017277849653
2.6246803469736477
2.125814583693911
3.4548223999466066
2.3787834934861753
2.7516291673878226
3.266332639970623
3.3908054820769817
3.058813890331201
3.0062389286533895
4.02543835470853
3.7043494289560517
3.084962500721156
2.918295834054489
2.5995812306460646
3.039148671903071
3.6818808028034016
3.189898095464287
3.25
3.7638091738835464
3.106890595608518
3.601125010956985
1.207518749639422
3.4613201402110083
2.263809173883546
2.0202442071537563
3.5726236638951634
2.873140679513133
3.146286370662105
2.9823345430436734
0.9182958340544896
3.327819531114783
3.203701696057348
3.392747410448785
3.288884070537636
3.403989446485262
3.6572934563961277
3.625
3.5585186130489057
3.09306920777189
3.2729055953200556
3.327819531114783
3.3735572622751846
3.4713544870139286
3.847420120052173
2.9182958340544896
2.9852281360342516
3.4565647621309536
3.0849625007211556
2.918295834054489
3.657385276650178
3.180832987205441
3.623465189601646
2.7534343861887853
3.4075452578128926
3.8852998147737834
3.0269868333592873
3.703823484281863
3.4980685120588384
3.95441392415736
3.2359263506290326
3.5777471629109447
3.8115104748128994
3.52257158913636
3.337175341123077
3.456564762130954
3.286895754518763
3.4713544870139286
1.2958363892911637
3.327819531114783
3.8841550945958048
3.7544418457133446
3.8771950598301035
3.584012370211935
4.06520454913313
3.9836169853962584
3.9160730160985024
3.1307179879273743
4.013466899229245
4.161346482868423
4.103107160017417
3.4387218755408675
3.485228136034252
3.8186336911979226
3.4928827102889057
3.3716535224393334
3.5110854081804264
3.6347327573454256
3.6796498699968354
3.901173042478499
3.643858465805545
3.38379305739851
3.4118394835727806
3.129051150733861
3.185767163463943
1.584962500721156
3.006238928653389
3.606015279620734
4.017846724567877
1.0
3.202819531114783
3.2806390622295662
2.8423709931771084
3.106890595608519
3.7034651896016464
3.6715815881262834
3.3371753411230776
1.2639334294856335
3.454822399946607
3.327819531114783
2.2295739585136225
3.4056390622295662
3.838952198382924
3.288678408771471
3.6635327548042538
3.30827083453526
3.9374703981560084
3.016875695766564
3.764444104841913
3.0269868333592873
3.441446071165522
3.4992275417233576
3.3927474104487847
3.657363460196823
3.6820058147602137
3.321104330578489
4.017837559712096
3.180832987205441
3.446439344671015
3.990160848556717
4.2027902913317
3.8928647666912815
4.200705154374893
2.60845859334435
3.971732013324142
3.968976015311406
3.586887840995814
3.965311532225101
3.8825207553360674
3.039148671903071
3.6381299740771222
3.6398369309893503
3.039148671903071
2.6235166412180155
3.3308381614319837
3.5342190211803413
3.8693312611115185
3.542328989413759
3.239097917988786
3.4056390622295662
3.5944656369614516
1.584962500721156
3.1018812234760182
3.7201755214643453
2.2256051990169436
1.8751310486364097
3.3371753411230776
3.0
3.690260390968384
2.827819531114783
3.378783493486176
3.4565647621309536
3.43162356584743
3.687179297884551
1.3361602543738118
3.300559092390954
3.419381945646371
4.0000320965058656
3.6545182769796
3.42990833509616
2.6986604604011157
2.918295834054489
3.748328660365574
3.8230679822736597
2.9056390622295662
3.0269868333592873
3.1841837197791887
3.528242484431479
3.3787834934861767
3.51602764126623
3.442862165155466
4.097521807193077
3.327819531114783
4.060646464963364
4.080815437385789
2.931208948910323
0.9933927290103626
0.9637459942073318
3.2516291673878226
3.09306920777189
3.5
3.09306920777189
3.5841837197791886
3.8477426785812736
3.2516291673878226
2.7534343861887853
3.2402239289418513
3.292770193936991
3.180832987205441
2.950212064914747
3.3931271734483177
3.630275354881978
3.7301504269573296
3.667928472292448
3.4992275417233567
3.7259160889243037
3.7646504614277885
3.521605564018487
3.3481855497865967
3.777518266288633
3.6635327548042547
3.418295834054489
3.8031817941388857
4.019653295532276
3.221928094887362
2.900051698999542
3.7019567086855787
3.589898095464287
3.38769610532642
2.015646899398185
3.807763576417195
1.207518749639422
1.1451104143815827
3.2516291673878226
3.238901256602631
2.8962915290459277
2.8553885422075336
4.000331753662846
1.584962500721156
3.024397470347699
3.3841837197791893
3.753269689515107
3.7717093214801847
3.506890595608519
3.239097917988786
3.084962500721156
3.6168591109613786
3.973670413753776
3.7979026896829464
3.263933429485634
3.381580488309164
3.177566232096525
3.056564762130954
3.9665084662541665
2.9735572622751847
3.6234651896016463
3.802342869602356
3.661166503080562
3.810359092949446
3.4193819456463714
3.458101309624525
2.774397470347699
3.7534343861887844
3.6412498004554785
3.856651173624828
3.7898980954642876
3.350209029099897
3.673269689515108
3.753269689515108
3.869284780811174
3.375
1.2806721295208872
1.188721875540867
1.5569010760354054
3.3232314287976203
2.8729055953200557
3.0220552088742
1.780672129520887
3.6053885422075345
1.2577148214953864
2.98345859334435
3.0416256143692224
1.8571921968261633
2.2516144718101816
1.7466412004020626
1.467372394891326
2.1149798205164814
2.242572530766071
2.1704869929498654
1.5185828356009567
3.5357276594930416
3.3660913291191914
3.5766176449086653
3.0269868333592873
3.323231428797621
3.558518613048906
2.9139770731827523
3.180832987205441
3.238901256602631
3.6537567082870006
3.5
3.419381945646371
3.182005814760214
3.0269868333592873
3.459147917027245
3.219470570797252
3.3231428049945433
3.5654483718208247
3.8371256496420134
3.908333878971269
3.6978458230844113
3.6382527071307735
4.053133646567948
3.7254805569978675
3.764735178725505
4.148977363317945
1.0
3.4182958340544896
2.9312089489103235
3.890148753012802
3.3735572622751855
4.169890964400096
3.990749124440062
4.16419149906752
4.098262749244251
3.5724312513221195
3.430457025500558
3.96323917988218
3.2727698920347934
3.9835839380502027
3.5932696895151075
4.08879000132708
3.969771952769756
3.4548223999466066
3.4399364703978077
4.077398700363134
1.0
3.09306920777189
3.9638875398191975
3.6827347174280884
3.077819531114783
3.149397470347699
3.084962500721156
3.72503576724777
3.085055102756477
3.350209029099897
3.341446071165522
3.2516291673878226
2.5654483718208256
3.0385623360756298
3.4613201402110083
3.2806390622295662
3.7489948035250964
1.9508257945180885
1.5744174271404585
1.9128876215181603
1.9508257945180885
1.7381493331928664
2.147077673396552
2.4922031072054134
2.2062389286533897
2.355388542207534
2.5220552088742005
2.5521796970665482
1.936278124459133
2.0082286560414615
1.6258145836939115
2.251629167387823
2.317349075195873
2.363865121950854
2.2256051990169436
2.521640636343318
1.9508257945180885
2.216521698179525
1.965596230357602
2.229871195093384
2.4237949406953985
3.689703732199547
3.690260390968384
3.577819531114783
3.238901256602631
3.513202452298429
3.4713544870139286
3.5766176449086657
3.9050030276156957
3.5788023624917784
3.3371753411230776
3.612691579564174
3.761445788918473
3.039148671903071
3.4316235658474303
2.8731406795131336
3.6024189604704064
3.180832987205441
3.085055102756477
3.0565647621309533
3.2516291673878226
3.5068905956085183
3.5585186130489057
3.846439344671015
3.095795255000934
1.0389205950315936
3.3955116210150402
3.993727760560015
3.6252416103322687
3.6635327548042538
3.4906015629507228
2.792481250360578
3.0849625007211556
3.106890595608519
2.8553885422075336
3.0849625007211556
3.1556390622295662
3.182005814760214
3.180832987205441
3.188721875540867
1.6143308351592656
1.6493974703476992
4.03702160618408
3.788341339656749
3.5883543471732335
3.084962500721156
3.0269868333592873
3.180832987205441
2.8962915290459286
3.6729055953200556
3.2516291673878226
3.084962500721156
3.5368867237421666
3.471354487013929
3.169925001442312
3.0220552088742
3.7972288880242133
0.0
2.4193819456463714
0.9182958340544896
3.418295834054489
3.2806390622295662
3.7395722619867224
3.834962500721157
3.5068905956085192
3.6234651896016463
3.2402239289418517
3.238901256602631
3.3927474104487847
3.546439344671015
3.754163427768882
3.5500976868678835
3.73624341298306
3.0269868333592873
3.807763576417195
3.51602764126623
3.1068905956085184
3.5090356337908912
3.0269868333592873
3.601125010956985
4.017930907952341
4.019170590225907
3.784829508503261
3.9802399214293906
3.8729811401955647
3.6256828354468493
3.7406015629507228
3.3248629576173574
3.625
3.509973731897617
3.323231428797621
3.238901256602631
3.6692750707107122
3.6753108689123644
2.617492461184755
3.5183699787194587
3.5110854081804277
3.084962500721156
2.6612262562697895
3.5736606896881855
3.7887549139935026
2.8150724101159437
3.4039894464852614
3.679395106517186
3.5680843243447145
1.0
3.2841837197791888
3.1403611636984845
3.1808329872054406
2.6887218755408666
2.939829017466402
3.4464393446710155
3.6011703467917076
2.66122625626979
3.5013978254341036
3.8731406795131327
3.8653481156610803
3.6619328723735833
3.3927474104487847
3.8744262441625494
2.973557262275185
4.189739482580096
2.0
3.41829583405449
3.777175960125155
2.0182155146751497
2.263809173883546
2.0641893753728278
2.3257855129374603
2.6258145836939115
3.4992275417233563
3.0269868333592873
3.418295834054489
3.521640636343319
3.671405583442497
3.259904984511606
3.2402239289418513
2.918295834054489
1.1050139971135322
1.1451104143815827
0.8841837197791889
3.4852281360342516
1.0949143184120975
1.4182958340544896
3.2729055953200556
3.3660913291191923
3.3735572622751846
3.6304126608739984
3.5032583347756456
3.357106794118264
3.9152246641690596
3.8424973352360503
3.3716535224393334
3.718453957701921
3.8244966743986573
2.8553885422075336
3.6521147627546076
2.751629167387823
3.3660913291191914
3.511085408180426
3.286895754518763
3.734521664779752
3.018688570451097
3.0220552088742
3.6309850197851365
3.2655833228877325
3.501397825434103
3.521928094887362
2.9852281360342525
3.0849625007211556
3.3735572622751855
2.973557262275185
3.2402239289418517
3.084962500721156
3.8573068568981284
2.75
3.2639334294856344
2.751629167387823
2.8553885422075336
3.606936732175321
2.625814583693911
3.431623565847431
3.4235332098491895
3.905010782000347
3.3921472236645345
3.5766176449086653
3.7267374734123866
3.056564762130954
3.9274831337601444
3.8619835130356095
3.9590012126403504
3.3927474104487847
3.085055102756477
3.7814029883485962
3.931241826474586
4.076518242671684
3.4387218755408675
3.6978458230844122
3.5724312513221195
3.1808329872054406
3.688721875540867
3.5465935642949384
3.741962789037908
2.7192945256669794
3.974290652123294
3.8695767463163935
3.30827083453526
3.1018812234760182
3.874069102149326
1.4619564375185408
1.822815600352516
3.238901256602631
3.392147223664534
3.0269868333592873
3.337175341123077
3.673416585305444
3.8678344382577357
1.0
3.9571050236875847
2.9689185639620974
3.238901256602631
2.584962500721156
3.8537016960573474
3.238901256602631
3.883273444355448
3.5841837197791886
3.4273334938982645
3.3232314287976212
2.9258530145612824
3.7561983328100945
3.9435492290154492
1.584962500721156
3.4701755214643453
3.6919944077496454
2.0
3.9678700373051603
3.2390979179887864
3.6518340308183177
3.368042422572716
3.5337712560645564
3.239097917988786
2.827819531114783
3.613580877270118
3.783465189601646
3.572623663895163
3.6897037321995474
3.189898095464287
3.6339740759971577
3.7406015629507228
3.25
3.534219021180341
3.3263604079526936
3.8966266730551826
3.7671709230250294
3.32323142879762
2.973557262275185
3.8665871058289594
3.6572682296173893
3.350209029099897
3.573934896284056
3.546593564294939
3.751479777640285
4.026129815595919
3.1307179879273748
3.0062389286533895
3.6143694458867563
2.9312089489103235
3.723231428797621
3.0220552088742005
3.3274847819558424
3.6219280948873624
3.898412848364052
3.375
3.323231428797621
3.039148671903071
3.0269868333592873
3.056564762130954
3.589275070710712
3.103701696057348
3.651478922893308
3.959885888733871
3.962602895538226
3.5
3.3371753411230776
3.7921664078526196
1.0389205950315936
1.5465935642949382
0.2964316317875232
1.3699740752745009
0.9912642605354288
3.182005814760214
2.931208948910323
3.675310868912364
3.533771256064556
3.6163485660751635
2.9852281360342525
2.7556182514282694
2.0
2.4138338639736006
3.6799325417205866
3.039148671903071
0.0
3.128085278891395
3.378783493486176
3.6292196865240958
3.6537567082870006
3.418295834054489
3.82790978214397
3.7181390622295662
3.182005814760214
3.729000584832351
3.938868737581364
3.529696439528413
3.2806390622295662
2.835237745312118
3.3787834934861767
3.4973814891375143
0.8841837197791889
3.25
3.238901256602631
3.3927474104487847
3.4117518537749354
3.8496034342199223
3.966584605574101
3.3263604079526927
1.584962500721156
2.873140679513133
4.04255508784047
3.366091329119192
3.8029243689079664
3.7934791533293195
3.841768645039583
4.0255876816321505
1.584962500721156
3.2516291673878226
3.464234652726567
3.180832987205441
3.238901256602631
3.327819531114783
3.1555650133297184
3.238901256602631
3.7631764309558786
3.3908054820769817
2.891851946382239
3.446439344671015
3.431623565847431
3.6168746059562227
3.4548223999466066
2.873140679513133
3.704038649026763
3.7004397181410926
3.681880802803402
3.2709505944546686
2.973557262275185
3.334679141051595
3.238901256602631
3.0016094970590275
3.8355225315130954
1.584962500721156
1.5055919968905507
3.286895754518763
3.5944825065194204
3.2516291673878226
3.814693951646701
4.059398196772174
3.546439344671015
3.0441104177484006
3.9583560664192112
2.0922718656836103
3.7201755214643453
2.8962915290459286
3.5
2.9834585933443494
3.616348566075164
3.4148657099397464
3.0269868333592873
3.337175341123077
3.536886723742167
3.084962500721156
3.408694969562842
3.238901256602631
3.323231428797621
2.8553885422075336
3.408053132659755
3.182005814760214
3.5110854081804272
3.858957286668643
3.9065704878156495
3.182005814760214
3.0860486123130375
3.501397825434103
3.1556390622295662
3.9955627270639877
3.0837651410695504
3.947318471924168
3.867625114222511
1.595461844238322
1.9746017527145814
1.760495029766198
2.6258145836939115
3.1556390622295662
3.6914280318460246
3.0269868333592873
3.693282052561953
3.418295834054489
3.408549096875308
3.4992275417233563
3.238901256602631
3.8820451081368628
2.8553885422075336
2.9852281360342525
3.6963448378051793
3.9158619636705994
3.8430833559368964
3.7400290123690243
3.8700143595985903
3.4130884364257574
3.3927474104487847
3.1898980954642866
4.00414535344436
3.6479262141544395
1.584962500721156
3.2516291673878226
3.923913935938015
3.7164736505901748
3.783981820580905
2.74894004700543
3.6644977792004623
1.5919171866886992
2.4014473774842418
3.6136085007312415
3.0269868333592873
2.873140679513133
2.625814583693911
2.792481250360578
3.8330709070912787
3.452819531114783
3.5841837197791886
3.5872819975581436
3.7080481500712326
3.6887218755408675
3.3414460711655214
4.135661958130438
3.323231428797621
3.799642175814981
3.5383105956150054
3.3232314287976203
3.4387218755408675
3.572431251322119
3.3990795706241737
3.039148671903072
2.8962915290459277
2.7773627950641693
3.1898980954642866
3.4500288754484654
3.509275070710713
3.327819531114783
2.7777768114567865
3.6300623580780274
2.7773627950641693
3.5995812306460646
3.2608281712244547
2.495602923729013
3.4399364703978073
3.6168746059562227
3.0269868333592873
3.36030597770208
3.814371943179627
3.642699721460569
3.6339740759971573
3.601170346791708
3.850948973561642
4.065526528402599
3.3371753411230767
0.9182958340544896
3.2402239289418517
3.36030597770208
3.6143694458867563
3.5883543471732335
3.4713544870139286
3.821928094887362
3.454822399946607
3.8078452649165775
3.2359263506290334
3.6053885422075336
3.3841837197791884
3.373557262275185
3.3263604079526936
3.3660913291191914
3.663532754804254
3.2608281712244547
3.5841837197791886
2.899397470347699
3.4565647621309536
3.085055102756477
3.521640636343319
3.945464952495108
3.375
3.7262046313924566
3.781889364432285
3.8996772894761453
3.1751231351134614
2.873140679513133
3.8398820646044
3.559079570624174
2.8553885422075336
2.1800365325772657
2.918295834054489
3.238901256602631
3.414441303694973
3.6841837197791887
3.2810361125534233
3.9268435244501645
3.006238928653389
1.584962500721156
3.1820058147602133
4.0700393617237856
3.2516291673878226
3.3787834934861767
3.4548223999466066
3.1182751607709758
3.6819661183085977
3.2359263506290334
3.188721875540867
3.378783493486176
2.263809173883546
2.251629167387823
2.335505556517097
2.8553885422075345
2.4466166676282084
2.789865782092892
1.8322488896002305
2.251629167387823
1.8553885422075338
2.0191534613250357
2.1416195253341384
3.452819531114783
3.378783493486176
3.0306390622295662
3.521640636343319
2.8553885422075336
3.0220552088742005
3.09306920777189
2.8729055953200557
2.815922063835166
0.5328350630342233
1.4966407621868583
1.386274093895968
3.0220552088742005
3.438721875540867
3.5841837197791886
3.7904811168500663
3.6980685120588386
3.0
2.9708400131019848
3.864738293873281
3.6423714487439014
3.72717401544771
3.2498209138136516
2.789898095464287
3.7614063297218427
3.266332639970623
3.7714370294611266
3.5231187328827467
3.7254805569978675
3.2516291673878226
2.449311833026446
3.0220552088742005
3.6234651896016463
2.7773627950641693
3.7409532604048397
3.007196489685618
3.694548827786958
3.356492413796824
3.7622673906514943
3.479079570624174
3.3921472236645345
3.6644977792004623
3.327819531114783
2.9735572622751847
2.910992253015046
3.5068905956085183
3.084962500721156
3.246439344671015
3.3927474104487847
3.688198571839507
3.9330031503619827
3.895638807527667
3.980470226111198
3.8469336523320066
3.741729296672175
3.2464393446710154
4.023877513754255
3.4548223999466066
3.932338453364249
2.8150724101159437
3.334679141051595
3.378783493486176
3.4885252948977485
3.625
3.594465636961452
3.7000933078165485
3.526210641914682
3.2810361125534233
3.67619062614183
4.115981309552893
1.0
4.072356397603701
0.0
3.7518082570516773
3.5259399439865136
4.036330045364776
2.7192945256669794
3.084962500721156
4.035273502696889
3.489246428509158
3.6835423624332306
3.796960730356964
3.454822399946607
3.2359263506290334
2.617492461184755
2.2877837199410704
3.1212675160995724
2.8603207778330444
3.203987391758758
3.2927701939369904
2.969389419529156
3.2037016960573483
2.4116022179746714
3.180832987205441
2.60845859334435
3.039148671903071
3.3263604079526936
3.648070256917299
3.900363192914777
3.833229279961592
3.5739348962840563
3.337175341123077
3.671405583442497
2.688721875540867
3.32323142879762
3.1552215288595113
3.5724312513221195
3.7916116644269757
3.6234651896016468
3.2806390622295662
3.2359263506290334
3.106890595608519
3.180832987205441
3.180832987205441
3.139572261986723
3.9790978911348045
3.534219021180341
3.3232314287976203
3.238901256602631
3.4077612383550604
3.8325950745091326
4.05185212219549
3.2516291673878226
3.0062389286533895
3.7950885863977324
3.0849625007211556
3.471354487013929
4.014460876028361
3.8361755284078773
3.3940993036047837
3.527322799209288
3.5
3.93555026456617
4.028022767382862
3.2810361125534233
4.039148671903071
3.5841837197791886
3.7917165780324047
3.471354487013929
3.535174565635903
3.6732696895151076
2.9312089489103235
3.9410349387408994
2.0
2.9464393446710155
3.893660689688185
3.503982409170234
3.334679141051595
3.5434651896016467
3.751629167387823
3.7532696895151076
3.8035088547976788
3.2903216092483056
3.146286370662105
2.6455933144511468
3.597558387024489
3.7192945256669794
3.378727103656466
3.741155855638065
3.9186692203758273
3.180832987205441
3.735281416219837
3.0269868333592873
3.2516291673878226
3.239097917988786
3.671405583442497
2.6062389286533896
3.6280729963885094
3.636842188131012
3.378783493486176
4.001245719617404
3.679525539808641
3.1556390622295662
1.3727069617019705
3.050301855434982
3.4548223999466066
3.2841837197791888
3.6537567082870006
3.452819531114783
3.4841837197791885
3.084962500721156
3.6402239289418516
3.8035088547976788
2.721928094887362
2.7806390622295662
2.7528553052032323
2.732914563979398
2.1179631753145163
3.182005814760214
3.3680424225727155
3.8726125980142245
3.5068905956085183
1.2366407419411674
4.052367229770182
3.4058222502856896
3.1068905956085184
3.3927474104487847
2.8962915290459277
3.4800836951874485
3.3697456190742825
3.9365587708636554
3.8404553172497944
3.708381540607399
3.581444787932611
3.0220552088742005
3.323231428797621
1.2363864108712896
3.084962500721156
3.4613201402110083
3.3735572622751846
3.09306920777189
3.7628183952216414
2.974937501201927
2.7773627950641697
3.43162356584743
3.7067475629608078
3.721928094887362
3.454822399946607
3.8148619634646734
0.0
3.538310595615005
3.085055102756477
3.2516291673878226
4.076028731598817
2.5654483718208256
3.5967635880619486
3.6729055953200564
3.852727783453858
3.9455169881596808
2.9282129458410013
3.905554620403893
3.7622673906514947
3.084962500721156
3.2516291673878226
2.7395722619867224
3.169925001442312
3.0220552088742
3.188721875540867
3.240223928941852
2.8150724101159437
3.149673447186741
3.688968181382679
2.7719023720385585
3.3841837197791884
0.747584679824574
3.3448114526146204
2.952819531114783
3.373557262275185
3.327819531114783
2.918295834054489
3.675871105457539
3.7040386490267627
3.368042422572715
3.8524468463099497
3.238901256602631
3.327819531114783
3.521640636343319
3.501397825434103
3.9952847824575164
3.9011882499028676
3.0269868333592873
3.337175341123077
3.373557262275185
3.463280517810811
3.62807299638851
0.6610547526158855
1.1401156785146092
3.4182958340544896
3.375
3.5068905956085183
0.6998428398862386
3.139572261986723
3.188721875540867
3.4292750707107125
3.2516291673878226
3.326360407952694
3.0269868333592873
3.1018812234760182
3.2359263506290334
3.085055102756477
4.155132734426204
3.039148671903071
3.2924812503605785
3.5777471629109447
3.754532719265504
3.4613201402110083
3.6254809913813384
3.6901165175936654
3.7483286603655737
3.7651520643473284
4.075086837621567
3.0220552088742
3.8208018219708704
3.41041725276052
3.7820896423727435
3.456564762130954
3.9261025951678414
2.625814583693911
3.028356203673923
3.034494963093136
4.059326984959434
3.9653592815529533
4.131580818527969
3.901220883615284
2.0
3.6163485660751635
3.796217602590056
3.5739348962840563
2.931208948910323
3.3535339485774815
4.0735730332634725
4.0098690625285185
3.550340709546388
3.8221819586428722
2.0
3.375
3.149673447186741
3.2810361125534233
3.5766176449086653
2.6235166412180155
3.1158340921632197
2.6235166412180155
3.121928094887362
3.25
3.8180091127771028
3.5032583347756456
3.2516291673878226
3.5145450044807234
3.4992275417233567
3.826874423686988
3.8983163283017843
4.075385338743006
1.584962500721156
3.710183598612517
2.873140679513133
3.1307179879273743
3.1751231351134614
3.2692750707107123
3.4548223999466066
3.238901256602631
3.4906015629507228
3.155565013329719
3.2516291673878226
3.2195282822995477
3.6553362295323453
3.236857303422074
2.9182958340544896
3.2516291673878226
3.0850551027564768
4.115601562950723
2.8662478973127308
1.994299475957303
2.466247897312731
2.1920058354921066
1.896240625180289
2.0461796919474975
3.3660913291191914
3.0269868333592873
3.0269868333592873
1.158938532350277
3.719294525666979
3.238901256602631
1.7695459925589747
0.9463729359854419
1.207518749639422
1.8073549220576042
1.3753539413991087
3.5
3.7264097655573916
1.4966963645051812
2.018310781820059
1.947562303690023
0.9463729359854419
1.4256051990169438
3.861495504764096
4.030493056757482
3.0086949695628418
3.495574960495609
3.493196836380346
3.5654483718208247
0.9912642605354287
3.180832987205441
3.0269868333592873
3.4578671314725846
3.189898095464287
2.8638263900908156
3.3927474104487847
2.521640636343318
3.375
3.0220552088742005
3.5883543471732335
3.452819531114783
3.177566232096525
3.2841837197791888
3.392747410448785
2.7192945256669794
3.238901256602631
3.3656365760772866
3.350209029099897
2.8553885422075336
3.7685824788135225
2.952819531114783
3.4280729963885097
3.174674231978642
3.572623663895164
3.1898980954642875
3.4086949695628417
1.7841591278514217
1.8074903617642404
0.7732283485249176
4.064292357874879
1.0
3.745406425938248
3.521640636343319
3.594465636961452
3.722438500530197
0.9182958340544896
3.584303179346712
3.6304126608739975
3.0269868333592873
3.782122224145306
3.3927474104487847
2.3553885422075336
3.0062389286533895
3.543465189601646
3.239079570624174
3.864463426550391
3.5355820479705753
3.2321018048454135
3.266332639970623
3.933682115543281
0.9182958340544896
3.373557262275185
3.82899018844596
2.8553885422075336
3.1219280948873624
4.020195977027867
3.859310333368974
3.865809722121541
3.9052831433437087
4.045723012508062
3.0503018554349812
3.1605167673412735
2.8820148599948676
2.0
3.0269868333592873
4.07661886488887
1.5
2.9339545780481746
3.573197968128535
3.7841837197791888
3.625
3.6234651896016463
3.8230679822736593
3.0269868333592873
2.872905595320056
3.4414460711655215
3.6304126608739975
3.084962500721156
4.120234450580944
3.155565013329719
4.091201677957189
3.0269868333592873
3.8359323467345354
4.07110785139841
4.042837797403417
3.419381945646371
2.9749375012019272
4.145435742642438
4.002643205799669
3.3439980213257896
4.069228222634968
3.0269868333592873
3.40582225028569
3.9983481507474825
3.9951537943949784
2.9842341646524884
3.653660689688185
3.8570165880026566
3.4130884364257574
3.8729055953200557
3.30827083453526
3.8645783739023822
3.2359263506290334
2.8731406795131336
3.572431251322119
3.327819531114783
3.6143694458867563
3.180832987205441
3.084962500721156
4.143465100200077
3.2776134368191165
1.9508257945180885
2.6601297526332575
1.7273344666381947
2.5492553971684995
2.396310424640968
1.9508257945180885
1.9749375012019268
3.180832987205441
4.0621259898684645
3.9251732369569954
4.087567554701195
4.091219024407167
4.007486187391512
4.074098955228173
3.0071964896856174
3.2806390622295662
3.308694969562842
3.3927474104487847
3.53624341298306
3.393595372453711
3.9182523518230763
3.5464393446710156
3.566468890752879
3.30827083453526
3.506890595608518
3.108694969562842
2.8150724101159437
3.1068905956085184
3.086048612313038
1.4505644329032337
3.817640005966218
3.4182958340544896
3.0220552088742005
3.0269868333592873
3.4613201402110083
2.8423709931771093
3.125
3.521640636343319
3.085055102756477
3.5035391228040247
3.7119641935047056
2.8423709931771084
3.239097917988786
3.1279868068776753
3.7732143550933817
3.25
3.5780011510322707
3.584962500721156
3.2841837197791888
2.584962500721156
3.039148671903071
3.4632805178108104
3.2516291673878226
3.2927701939369904
1.3709505944546687
3.3371753411230776
3.6292196865240967
2.8150724101159437
3.0849625007211556
3.7285021157426255
3.4428621651554656
2.8423709931771084
3.0306390622295662
3.452819531114783
3.843795932845685
3.0220552088742
3.433269689515108
3.8419821985693594
3.2359263506290334
2.7773627950641693
3.197159723424149
3.66305581701104
3.7007690988403974
3.3927474104487847
3.525031528830647
3.9457277754848232
3.529696439528413
3.880794959555807
3.4402239289418524
2.9140163035068447
3.452819531114783
3.5220552088742005
3.085055102756477
3.350209029099897
2.7321588913645702
3.0269868333592873
3.6069367321753214
3.373557262275185
1.584962500721156
2.751629167387823
3.3371753411230776
2.873140679513133
3.2729055953200556
3.3927474104487847
3.0269868333592873
2.8073549220576046
3.2195282822995477
3.69594722638747
2.8423709931771093
3.5465935642949384
3.567040216926579
3.2359263506290334
4.083341831388547
1.584962500721156
2.973557262275185
3.056564762130954
2.873140679513133
3.4992275471326932
3.5944656369614516
3.182005814760214
3.7216117239699007
3.3685225277282056
3.077819531114783
3.286629486786195
3.41041725276052
3.09306920777189
3.4613201402110083
3.1307179879273748
3.3927474104487847
3.6820058147602146
3.513269689515108
3.688721875540867
3.555269044648117
2.9182958340544896
3.0220552088742
3.4474015047059146
3.5599000019230838
3.4039894464852614
3.4193819456463714
3.6521305573183827
3.546880788794847
4.016419491501165
3.869180366685181
3.411751853774935
3.969953178202336
3.825303558204348
3.702102766622618
3.781278678838251
3.9511981853245293
3.1971597234241487
3.0220552088742005
3.8275798846423363
2.8731406795131336
3.3084075162333457
3.1761102515172546
3.202819531114783
3.0269868333592873
2.9780948881692613
2.8626110591903333
2.6312929881819
2.9151512344992474
3.782122224145306
1.188721875540867
3.625
3.624379701651113
2.8954238702803154
3.694548827786958
2.251629167387823
2.128085278891394
2.084962500721156
2.1258145836939115
1.7841591278514217
2.4662478973127318
2.251629167387823
2.251629167387823
2.4662478973127313
2.2256051990169436
2.251629167387823
2.335505556517097
1.8751310486364097
2.3395722619867225
3.3927474104487847
3.5724312513221195
3.0841837197791886
3.203987391758757
3.1068905956085184
3.814034626199931
3.1005595233091627
3.742840865453534
3.531941205546659
3.1288840705376355
3.125
3.4641534765420046
2.751629167387823
3.004886164091843
2.751629167387823
3.820888851350188
3.8742111670937516
3.366091329119192
3.3709505944546683
3.521640636343319
3.378783493486176
3.3248629576173574
3.2516291673878226
3.2402239289418517
2.287783719941071
3.084962500721156
2.873140679513133
3.2776134368191165
3.5132696895151074
3.7902628437099706
3.813132012699673
3.2389211020256887
3.70505407967804
3.006238928653389
3.844384532235916
3.0220552088742
3.418295834054489
3.9139770731827506
2.918295834054489
3.270942421748537
3.327484781955842
3.429275070710713
1.0
3.75
2.625814583693911
3.0269868333592873
2.918295834054489
3.0220552088742005
3.334679141051595
3.641249800455478
3.0220552088742
3.9232517969803373
3.3735572622751855
3.5220552088742005
3.512188403968661
4.22299551696574
3.2516291673878226
3.636842188131012
3.743377462774617
3.5068905956085183
3.9943271994438176
3.135821824148036
3.605388542207534
3.2089873002588
3.386266142526532
4.006720834246032
1.207518749639422
3.964053198538904
3.879502554801029
3.5383201891060003
3.503258334775645
3.8639975854429722
1.5216406363433184
3.1395722619867223
3.636842188131012
2.7777768114567865
3.437436632688363
3.392147223664534
3.09306920777189
3.8789013023159327
3.824533406881911
3.2267309150571264
3.768554778059021
3.5325149907995885
3.2639334294856344
2.8553885422075336
0.988180837004676
2.8150724101159437
2.974937501201927
3.452819531114783
3.646439344671015
3.640223928941851
3.4039894464852614
3.625
4.071549145088824
3.940954208733656
3.5178941476196224
3.9229950525791284
2.725480556997868
1.0
1.0408520829727552
3.292770193936991
1.6266144718101818
3.756795811071915
3.673269689515107
3.6455933144511463
3.139572261986723
2.968884070537635
2.8553885422075336
3.5883543471732335
2.9182958340544896
2.688721875540867
3.084962500721156
3.513269689515108
3.463280517810811
3.245447224305563
3.944548827786958
3.754163427768881
3.188721875540867
2.0
3.2841837197791888
2.931208948910323
3.646439344671015
3.4399364703978077
3.9280327588176287
3.332918760802451
2.923231428797621
3.180832987205441
3.085055102756477
4.063987166579916
3.4104172527605203
3.6902603909683838
3.2720552088742005
3.625
3.02228695549263
3.2568665431825226
3.9274504702128503
3.4138338639736006
3.4885252948977477
3.650881379939832
3.629219686524096
3.0062389286533895
3.3082708345352603
3.452819531114783
2.950212064914747
2.955266706605043
2.9219280948873623
3.4677201004744997
3.378783493486176
3.4273334938982645
3.1158340921632197
3.7534343861887853
3.7622673906514943
3.7125863930545138
3.084962500721156
2.899397470347699
3.567756060170558
3.0849625007211556
3.974937501201926
2.8073549220576037
3.4019495387197356
3.2516291673878226
3.3248629576173574
3.303465189601647
3.2389211020256887
3.7974676329840045
3.3927474104487847
3.3464393446710154
3.8163401138534074
3.125
3.3908054820769813
2.8553885422075336
3.2414460711655217
3.238901256602631
2.9312089489103235
2.9219280948873623
1.0
3.686280045756848
3.877799342623474
2.235823350808028
1.8815920750246047
3.238901256602631
3.084962500721156
3.7709424217485377
3.4992275471326932
3.7232314287976203
2.939829017466402
4.116572191109245
3.084962500721156
3.3248629576173574
3.5585186130489057
3.6936253718179604
3.915580395467514
3.350209029099897
3.381580488309164
3.0464393446710156
4.080393693700263
3.1971597234241487
3.7874399955623685
3.3841837197791884
3.8531890817683436
3.8951934314688765
2.9324325173814767
2.9219280948873623
3.3927474104487847
3.6001908764824524
3.039148671903071
2.840223928941852
2.9689185639620974
3.4713544870139277
3.1916116417513782
3.1393538721672005
3.327875464645661
3.414441303694973
3.2210972500579564
3.2516291673878226
3.5316788180622907
3.106890595608519
3.0220552088742005
2.872905595320056
3.754163427768882
3.2359263506290334
2.8073549220576046
3.4219280948873623
3.6536606896881856
3.4613201402110083
3.373557262275186
3.523856189774724
2.927451224964519
3.180832987205441
3.30827083453526
3.681880802803402
2.9559130951758243
3.5724312513221195
3.8252517372886508
3.521928094887362
3.636842188131012
3.084962500721156
3.447401504705915
3.180832987205441
3.699513850319966
3.680089353694807
3.511085408180427
3.337175341123077
3.7950885863977324
3.5110276044371007
1.9182958340544896
3.2402239289418517
3.6938134887428644
3.8924637537482623
3.8380398168981555
3.740141798693808
3.760421209521994
3.8488846166291193
3.128085278891395
2.353533948577482
3.2848838333757935
2.960964047443681
3.6897037321995465
3.2359263506290334
3.9467199263762547
3.9890220554547264
3.8691964294707004
3.7541634277688813
3.7622673906514943
3.7849418274376423
3.99140680767616
3.7544418457133446
3.468576629687865
3.7409532604048397
3.5383105956150063
3.1018812234760182
3.4182958340544896
3.621175542919471
3.134533360132514
3.0269868333592873
3.730807591090692
3.760014975824317
2.6464393446710153
1.584962500721156
3.182005814760214
3.267601311512056
3.314709012294349
3.5403936274469157
3.555533151426996
3.9770645006693854
2.8553885422075336
3.84850221841846
3.7223945125615794
2.8553885422075336
4.097659715956934
4.087616116890789
3.889682978742128
2.6464393446710153
3.933489643290944
3.9439816780244548
4.055194084925101
4.113885921425658
3.084962500721156
3.7361746300696406
3.6820058147602137
3.0574760762899316
3.239097917988786
3.3927474104487847
3.263933429485634
2.8553885422075336
3.1556390622295662
3.6312867722513533
3.632557040147423
4.088496769913078
3.3680424225727155
3.5280643115840493
3.6835423624332306
3.9306242600370074
4.032060340195708
3.4072682296173893
3.966058372789792
4.002107096286599
3.8164913097263398
3.9165311783734698
0.0
1.0
3.430993699132887
3.4594316186372973
3.5632474239751413
3.0269868333592873
3.5841837197791886
3.378783493486176
3.8614992310092955
3.4144413036949723
3.73702427542495
4.024541747811488
3.4971558025756684
3.2390979179887864
4.008092439910541
3.3082708345352603
3.8011085007312415
3.9061983328100944
1.5
4.08091416399123
3.4548223999466066
3.418295834054489
2.8073549220576046
3.0130709291038453
2.3553885422075336
3.8332696895151077
3.681880802803402
3.378783493486176
3.180832987205441
3.180832987205441
3.368042422572715
1.3599924922184878
1.638253359471275
2.021782221599798
3.697845823084412
3.5726236638951634
3.2516291673878226
3.189898095464287
3.655045546825804
3.9434651896016466
3.5841837197791886
3.5367421382794713
4.069535246373356
3.8093859771362735
3.676390632579627
3.4056390622295662
3.60341234326019
3.5
3.901114717840514
2.835237745312118
3.1736606896881856
3.4316235658474294
3.182005814760214
2.873140679513133
3.564540477736988
3.753269689515108
3.085055102756477
2.7329145639793984
3.9985294750452085
2.952819531114783
4.08542292854692
3.868664553793222
3.646439344671015
3.9292292966721747
3.182005814760214
3.390805482076982
2.8553885422075336
3.9632632390102116
3.6890298628777405
3.9174724432198134
3.6537567082870006
3.794195852747862
3.6211755429194716
3.182005814760214
2.9852281360342525
3.887214398016587
3.7045348998193433
3.2516291673878226
3.5954317838032637
3.988525294897748
3.5577277787393187
3.677724072072494
3.7544418457133446
3.669480211692214
3.7055900670219692
3.573660689688185
3.182005814760214
4.085014758454712
2.6556390622295662
2.923231428797621
3.3248629576173574
3.4251185503571397
3.182005814760214
3.3532696895151077
2.2516291673878226
3.3927474104487847
3.09306920777189
3.039148671903071
3.039148671903071
3.9516182253511984
3.6402239289418516
3.628085278891394
2.984234164652489
3.3927474104487847
3.9312089489103226
3.721928094887362
3.940759832540089
3.3927474104487847
3.0220552088742
3.32323142879762
3.521640636343319
3.3927474104487847
3.506890595608518
3.327819531114783
3.6467987293229776
2.5654483718208256
3.180832987205441
3.85619629821938
3.0220552088742005
2.6384600665861555
2.8729055953200566
3.180832987205441
3.9586980789076205
3.3927474104487847
3.694211918783428
3.238901256602631
2.6688388898504303
4.034925642500895
1.584962500721156
3.180832987205441
3.2359263506290334
3.824252831282987
3.447401504705915
3.149229761516282
3.56610893983748
0.9255982359100635
2.8729055953200557
2.973557262275185
3.327819531114783
3.1898980954642875
3.4501144474259093
2.040223928941852
2.4817062775743137
2.8423709931771093
2.3553885422075336
2.3553885422075336
3.756795811071915
3.6143694458867563
3.7943961718223056
2.103909910282364
3.5368867237421666
3.661932872373583
3.6204730398267775
3.421928094887362
3.5724312513221195
3.728993469662792
3.5395454741006134
3.3371753411230776
3.673269689515108
3.7034651896016464
3.7849418274376423
3.8136606896881853
3.8416376503435483
3.7720552088742005
3.3927474104487847
3.378783493486176
3.2806390622295667
3.5282400390422275
3.947274916961332
4.043057694064253
3.1307179879273748
3.7136017872101617
3.125
3.9956163676456398
3.825303558204348
3.7007025735178853
1.584962500721156
0.6998428398862386
0.9463729359854419
4.2147110834627695
1.5
3.4302252658009036
3.456564762130954
3.6542637259970228
3.5492553971684995
2.0349409139562287
3.845663149851382
3.3263604079526936
3.512495928849319
3.613924656136659
2.8962915290459277
2.625814583693911
3.3232314287976203
4.177839377539481
4.1122876187380495
3.506890595608518
1.6688388898504305
3.084962500721156
3.202819531114783
4.008106552720481
2.0
1.1400677626718572
2.8553885422075336
3.1068905956085184
3.006238928653389
3.3927474104487847
4.120707417785408
3.3005590923909534
3.663870978469273
3.2998963911678914
2.852217001462482
3.667928472292448
3.481714572986072
3.0269868333592873
3.8951509201400127
3.0062389286533895
3.0168756957665637
2.9735572622751847
3.3371753411230776
3.9603202553942918
3.3206588342592753
3.734521664779752
2.9709505944546684
2.4387439204017474
1.515336213432141
3.0849625007211556
2.8553885422075336
3.484183719779188
3.1084585933443494
3.521640636343319
3.2516291673878226
3.085055102756477
3.506890595608518
3.754163427768881
3.558518613048906
3.7408168096948766
3.1659573209491745
3.958723077060468
3.535174565635903
3.6234651896016463
2.8962915290459277
3.724919540261289
3.3735572622751855
3.75
3.531941205546659
3.024397470347699
3.5992390860926546
2.8731406795131336
3.392747410448785
3.9224734155316097
3.3787834934861767
3.2402239289418517
2.950212064914747
3.6978458230844122
3.657575159678481
3.694739663055176
3.6424896731661267
3.689534758412825
3.463280517810811
3.25
3.128085278891395
3.6211755429194716
3.454986855772667
3.9796109673555935
3.4841837197791885
2.827819531114783
3.7541634277688813
3.2516291673878226
3.106890595608519
3.40582225028569
3.8349601817372214
4.206380912506338
1.3709505944546687
3.5574319619297037
3.8825207553360666
3.6168746059562227
1.0
3.5503407095463886
2.355388542207534
3.2359263506290334
3.5836169753972325
3.03856233607563
3.764735178725505
3.506890595608518
3.674548134858935
3.601125010956985
3.0851882401057087
4.062045847693367
3.9830297992726016
1.0
3.4922946966653132
3.772055208874201
3.1751231351134614
3.0849625007211556
2.5220552088742005
3.8537905332750944
2.9708400131019843
2.918295834054489
3.82790978214397
3.3371753411230776
3.182005814760214
3.6692750707107127
3.499227541723357
3.5726236638951634
3.4841837197791885
1.2086489509530647
0.9141828384352135
3.625814583693912
3.350209029099897
3.084962500721156
3.452819531114783
3.7249195402612894
3.5975583870244887
3.9966308482846764
3.974647975817024
3.9232314287976204
2.699513850319966
4.049630171178897
3.998524591128188
4.010139847743527
3.7582890779432683
3.677214126823423
3.987722452588142
3.3223055913793496
3.463280517810811
3.080500530640267
3.584183719779189
3.0269868333592873
2.792586226369731
3.2516291673878226
3.521640636343319
3.6814858646235926
3.0269868333592873
3.9359357962188977
3.51602764126623
2.918295834054489
3.7803946541231945
3.5220552088742005
3.5724312513221195
3.4548223999466066
3.3787834934861767
2.9182958340544896
3.522711955680758
3.59448250651942
3.5068905956085183
3.661932872373583
2.792481250360578
3.303701696057348
3.799979385049829
3.5224963070861737
3.8820930918571053
1.0
3.9755948961749423
2.7534343861887853
3.8906034238207496
3.7712770526581068
4.041861823003854
2.0
3.6368421881310122
2.9232314287976204
3.9556473400039347
1.7518834359763853
2.3977896371457224
1.9508257945180885
2.355388542207534
2.148834854280917
2.1280852788913944
2.355388542207534
1.9211796919474975
2.5220552088742005
2.5220552088742005
2.397334910352524
2.139795093787977
2.3329145639793976
2.084962500721156
1.2326602568158205
2.9255233690064273
3.463280517810811
2.9994996115311405
1.7295739585136223
3.0849625007211556
3.5263039714678293
3.7029722432931096
3.3248629576173565
3.0220552088742
3.2402239289418517
3.5465935642949384
3.084962500721156
3.5726236638951643
3.483074931433275
3.6820058147602133
4.064718647016088
3.4992275471326932
3.403989446485261
3.2516291673878226
3.2516291673878226
3.5766176449086653
3.711844050692273
3.0220552088742005
2.792481250360578
3.5032583347756456
3.2516291673878226
3.501397825434103
3.889049535914169
3.5068905956085183
3.2516291673878226
3.417837797403416
3.09306920777189
3.182005814760214
3.855288436533599
3.5068905956085183
3.558953210005306
3.831401845392172
3.930225265800904
3.3082708345352603
2.9339545780481746
3.501397825434103
3.3927474104487847
3.180832987205441
3.4039894464852614
3.139572261986723
3.373557262275185
3.8820451081368628
3.221928094887362
3.106890595608518
3.321104330578489
3.9284019485796744
3.770586316406279
2.6688388898504303
3.203365087509175
3.7534343861887858
3.3927474104487847
3.479079570624174
3.3496929689578705
3.182005814760214
3.085055102756477
3.375
3.277613436819116
2.7773627950641697
3.3927474104487847
3.546439344671015
2.7192945256669794
1.5216406363433184
2.218437210664321
2.130926080730337
2.0989295636909353
2.584962500721156
3.238901256602631
3.2359263506290334
3.506890595608518
3.9433594148069626
3.47729034199242
3.8731406795131322
3.8471282101364253
3.6653100283182436
3.6556390622295662
3.910624573224477
3.0062389286533895
3.5905848121450132
3.182005814760214
3.9039862837570865
2.9708400131019848
2.9182958340544896
3.538310595615005
3.238901256602631
3.597558387024489
1.3968114093900867
2.5
3.298852726158181
3.9845792784474057
3.838343091584561
3.752600468355706
2.984234164652489
3.615673616842665
4.129229769524366
4.095150213325179
3.9012982838771406
3.8659488493578915
4.0670815664001285
0.0
3.8848588918890474
2.7773627950641697
3.555533151426996
3.6069367321753205
3.5351745656359026
3.5841837197791886
3.418295834054489
3.433269689515108
3.8325268703310726
3.2368573034220742
2.950212064914747
4.014887016376773
3.887594254433918
3.767183467891461
3.772055208874201
2.549523459597832
3.3604704330568524
2.7314310535916824
3.2195282822995477
3.7429364496525146
3.121928094887362
1.0
3.238901256602631
3.603239171570973
4.070217172733699
1.0
3.3787834934861767
3.332095398660169
3.189898095464287
3.750861688010103
3.188721875540867
3.4992275471326932
2.852217001462482
3.4039894464852614
3.7668755365260087
3.5068905956085183
3.084962500721156
3.6841837197791882
3.6841837197791887
3.033269689515108
4.042433003725894
3.182005814760214
3.286629486786195
2.9232314287976204
2.751629167387823
3.6709585933443494
3.6078013405251657
3.636842188131012
3.6100635408770723
3.9235332098491886
3.039148671903071
3.6892464285091577
3.6168746059562227
2.8553885422075336
3.292481250360578
3.7201755214643453
3.419381945646371
2.7534343861887853
2.931208948910323
3.4632805178108104
3.6368421881310122
3.572469458770136
3.4613201402110083
3.085055102756477
3.5535088547976788
2.7773627950641693
3.779951708781732
3.60341234326019
3.4632805178108104
3.8684539577019215
3.373557262275185
3.0849625007211556
3.4548223999466066
4.057735246015271
3.3660913291191914
3.084962500721156
3.452819531114783
4.196123646393729
1.775523493673489
3.2866294867861945
3.3927474104487847
3.681880802803401
2.999581230646064
3.3232314287976203
3.125
0.41381685030363374
3.182005814760214
3.694548827786958
3.452819531114783
2.421332232515685
2.2988527261581813
2.3333333333333335
2.1967916319816365
3.6168746059562227
3.8214419452073267
3.4138338639736006
3.8100810205217313
3.189898095464287
3.182005814760214
3.494680368408909
3.2743627447176515
3.5777471629109443
3.5611431414174888
3.3414460711655214
3.2516291673878226
3.636842188131012
3.419381945646371
3.6094963344256965
3.501629167387823
3.844384532235916
3.2728043273346206
3.75
3.513784724225435
3.189898095464288
3.5585186130489057
1.1451104143815827
3.5670402169265785
3.879223864213444
3.534219021180341
3.3921472236645345
3.180832987205441
3.378783493486176
3.6038561897747234
3.935282019318763
3.672998175619357
3.5137847242254345
3.785561002824151
2.7321588913645707
3.8588029144615943
3.238901256602631
3.719720107900456
3.9225451982698933
3.8125161748786205
3.0220552088742
2.6825887305018328
3.182005814760214
3.0269868333592873
3.2810361125534233
3.334679141051595
3.3927474104487847
3.2359263506290334
3.3927474104487847
3.584183719779189
3.0574760762899316
2.873140679513133
3.2516291673878226
3.708132064658602
3.4992275417233563
3.734521664779752
3.881005488054637
3.381580488309164
4.030940695481958
3.5068905956085183
0.9933927290103626
3.2195282822995477
3.0414460711655216
3.246439344671015
3.684183719779189
3.9155792582731412
4.018004864281617
3.7362434129830597
4.0152456883041765
1.584962500721156
3.4316235658474303
3.323231428797621
3.0269868333592873
3.701990792786118
3.0
3.9726673938091266
4.0169170783634325
3.3248629576173574
3.381620107948735
3.4634651896016466
3.2516291673878226
3.2516291673878226
3.4474015047059154
3.6143694458867563
3.433269689515108
4.024798582426195
1.1400677626718572
3.2359263506290334
3.32323142879762
3.182005814760214
3.327819531114783
2.6644977792004614
3.9450411816405184
3.0220552088742
3.6709585933443494
3.170134892428193
3.1916116417513782
3.0
3.551191174465697
3.546439344671015
3.6094963344256965
3.615957320949174
3.555533151426996
3.2368573034220742
3.373557262275185
3.6430741894285688
3.8091631398531076
3.127986806877675
3.9163493513868803
2.2359263506290326
3.99325657450539
3.390759147096384
3.8787912611280673
4.214389158198061
3.580709582593748
3.2732395865119255
3.548394345536403
4.101165924274874
4.066148857846024
3.471354487013928
3.7051469811582196
3.9094857267452126
3.782122224145306
3.6496734471867405
3.086048612313038
3.8957852243843965
3.7360069464476564
3.0850551027564768
3.5892750707107126
3.936891797757288
3.5800503514647373
4.041831535183548
3.2359263506290334
4.210755406227488
4.039511398687031
2.251629167387823
4.066955588789138
0.9182958340544896
1.8386000933933164
3.506890595608518
3.128085278891395
3.085055102756477
3.503258334775645
3.3248629576173565
3.738218635928951
3.3735572622751855
3.238901256602631
2.9852281360342516
1.8753156176197312
3.373557262275185
3.146286370662105
3.084962500721156
3.337175341123077
3.2516291673878226
3.4031071683628116
3.2516291673878226
3.2516291673878226
3.809397528383803
3.0849625007211556
2.751629167387823
3.337175341123077
3.139572261986723
2.8553885422075336
1.5
3.2516291673878226
3.0306390622295662
3.521640636343319
3.2709505944546686
3.8431390622295662
3.378783493486176
0.8112781244591328
3.546593564294939
3.0269868333592873
3.702819531114783
3.7229074943218796
3.0269868333592873
2.931208948910323
3.930244970565836
3.8401568604088583
3.135821824148036
3.7938339913245502
3.182005814760214
3.604031754555149
3.6539967386657093
3.2464393446710154
3.8091631398531076
3.308751351247166
3.6441521185161223
3.5726236638951625
3.7334585933443494
3.564735178725505
3.521928094887362
3.515259592204367
3.5514280650285057
3.031116172456019
3.085055102756477
2.692380602454975
2.8553885422075336
3.0850551027564768
3.175123135113461
3.2195282822995477
3.350209029099897
3.625
3.484183719779189
3.3800943362833302
2.9182958340544896
2.9689185639620974
3.084962500721156
3.1820058147602133
3.182005814760214
3.4548223999466066
2.8553885422075336
3.0565647621309537
2.725480556997868
3.3232314287976203
3.3027227528624894
2.519472791492095
2.6307959226389217
3.982616099952071
3.5184311274397686
3.885708889869152
2.6612262562697895
3.3958248894290484
3.8975050388326804
3.7843684875968613
3.783666028691723
3.937064349482069
3.8012402782738
3.260828171224455
3.246439344671015
2.8553885422075336
3.084962500721156
3.620571577105421
3.7871439606981383
3.7559130951758246
2.939829017466402
3.9726599708650383
1.2080393967554763
1.2319817814011402
3.5351745656359026
3.4316235658474303
3.6993370688471336
3.5068905956085183
4.089964313039014
3.8103172375727774
3.9033210195438075
3.039148671903071
3.5110276044371003
3.4992275417233563
3.0957952550009344
4.0283376668349415
3.802724662664154
3.0269868333592873
2.872905595320056
3.9935978327336024
2.332914563979398
2.803164451163692
0.9182958340544896
3.933682115543281
1.5
2.822181958642873
3.3263604079526936
3.189898095464287
3.3248629576173574
1.1451104143815827
4.095895250187073
3.1555650133297184
1.7924812503605778
3.569773835029478
3.9161269465882835
2.8553885422075336
3.3735572622751855
2.449311833026446
3.617809684374455
2.751629167387823
3.2516291673878226
3.175123135113461
2.8553885422075336
3.350209029099897
3.71937582241537
3.43162356584743
3.787042812031905
3.536886723742167
3.9750705203641816
3.938073922647892
3.950063756436209
3.636842188131012
2.9708400131019843
2.973557262275185
3.9780575047886515
3.555533151426996
3.4685766296878655
3.039148671903071
2.610577243331642
1.8322488896002305
3.5220552088742005
2.7516291673878226
3.3787271036564657
3.084962500721156
3.1841837197791887
3.039148671903071
2.8423709931771093
3.1556390622295662
3.0220552088742005
3.1068905956085184
3.794653473544342
3.8802510855608423
3.006238928653389
2.6031579868726
2.8553885422075336
3.461320140211008
3.6424896731661263
3.085055102756477
2.9852281360342525
3.390805482076981
3.3086949695628416
3.8042292966721747
3.757048827786958
3.1556390622295662
3.843942707918268
3.238901256602631
3.0453010864917958
3.6753108689123644
3.820888851350188
2.8731406795131336
3.5141594451455145
3.327819531114783
3.4613201402110083
3.189898095464287
3.0269868333592873
2.9928560501604604
4.034272107321939
2.9689185639620974
3.0565647621309537
3.611768795973194
3.5944656369614516
3.1556390622295662
3.1555650133297184
0.6193821946787638
3.3464393446710154
3.381580488309164
2.5654483718208256
3.6266781970562953
2.6986604604011157
2.855388542207534
3.9401025819858737
4.011329722113589
4.129237136980621
4.070241731914604
3.3005590923909534
3.875557929879917
3.660169450009578
3.6692750707107122
4.060522067004008
2.702819531114783
4.169060831449603
3.136863709607318
3.452819531114783
3.5883543471732335
3.4906015629507228
3.503982409170234
3.5422426164197365
3.6168746059562227
3.5841837197791886
3.5
3.7409532604048397
3.8561962982193805
3.5219280948873624
3.869331261111519
3.7024715122197467
4.065334747925089
2.6644977792004614
3.3056450063529996
4.0551581962755145
3.2733494559629497
1.5
3.9619084105659375
3.801984386600875
3.7178504651264324
3.8443540151658633
3.932138039759373
3.9333751431391573
3.7754522173662757
3.0220552088742
3.8869486405103983
2.8962915290459286
3.189898095464287
3.418295834054489
3.182005814760214
1.0949143184120975
3.3492750707107124
4.085993134632099
3.327819531114783
3.945145747312241
3.0385623360756298
3.7887650546629352
3.381580488309164
3.1395722619867223
3.9182939672683075
3.182005814760214
3.368042422572715
3.303701696057348
3.43601192903618
3.7378201980421593
2.7414460711655217
3.4800836951874485
3.6644977792004623
3.1820058147602133
3.0269868333592873
3.03856233607563
0.6402064333604701
1.207518749639422
3.182005814760214
3.2733494559629492
3.839128402679534
3.180832987205441
3.641249800455478
3.084962500721156
3.5766176449086653
3.678439190827718
3.238901256602631
2.077819531114783
3.219528282299548
3.0565647621309537
4.134373587245975
3.521640636343319
3.4841837197791885
0.6402064333604701
2.6258145836939115
1.4182958340544896
1.0408520829727552
3.452819531114783
3.32323142879762
3.4694193178118753
4.189372945615524
1.8423709931771084
0.7742433029172697
0.8904916402194913
3.3735572622751855
3.884653744936846
3.6919349258715566
4.045621540815141
3.188721875540867
3.8118441013102036
3.084962500721156
3.7855610028241515
3.8391081341821707
3.7526370181546294
3.32323142879762
3.6105772433316425
3.2195282822995477
3.9483116938993144
3.0306390622295662
3.2195282822995477
3.6753108689123644
3.7417292966721747
3.3680424225727155
3.182005814760214
3.366091329119192
3.7004397181410926
3.238901256602631
3.189898095464287
2.625814583693911
3.0220552088742005
2.4416298737872246
3.5368867237421666
3.427333493898264
3.392747410448785
2.8553885422075336
3.084962500721156
3.53641423712223
3.800734050736491
3.8217746321466497
3.381580488309164
3.9971196997497356
3.0220552088742
3.4256776657012566
3.9575592599615637
3.2516291673878226
2.8553885422075336
2.688721875540867
3.582610300148535
3.593269689515108
3.2516291673878226
3.3232314287976203
3.292770193936991
3.7737934878245247
3.7974676329840045
3.771437029461126
1.3244602933016414
1.158938532350277
2.792481250360578
3.6060152796207334
2.9852281360342525
2.8553885422075336
2.9312089489103235
2.8731406795131336
3.188721875540867
3.0306390622295662
3.2049868557726673
3.801009419559034
3.6565647621309543
3.734521664779752
3.4841837197791885
3.085055102756477
3.085055102756477
2.699513850319966
3.623465189601647
3.521640636343319
4.087929346985106
3.977113750080091
1.584962500721156
3.084962500721156
3.125
3.664976724291508
3.6835423624332306
3.0589840894454263
2.8553885422075336
3.378783493486176
3.348798912202497
3.2806390622295662
3.180832987205441
3.5220552088742005
3.4039894464852614
3.555044694365735
2.974937501201927
3.6980685120588386
3.323231428797621
3.598369003512378
3.189898095464287
3.180832987205441
3.016875695766564
3.8732212966872726
3.4841837197791885
2.7534343861887853
3.96151649661389
3.6234651896016468
3.3211043305784886
3.4800836951874485
3.6753108689123644
3.4861116155156315
4.005538320167068
3.9895037920577257
3.521640636343319
4.050766174277569
3.0850551027564768
3.734521664779752
4.208382016771448
3.657385276650178
3.6789347039237965
3.0178941476196224
3.8748951313456454
2.584962500721156
3.9151463675385028
3.979754426432917
4.00482280838536
3.238901256602631
3.2359263506290334
3.6835423624332306
3.3444569352411984
3.8820451081368628
3.7045348998193433
3.572623663895163
3.189898095464287
3.7419132665220416
3.277613436819116
3.3660913291191923
3.4857808213564594
3.189898095464287
3.1018812234760182
3.077819531114783
3.319773835029478
3.681880802803401
3.350209029099897
3.691994407749645
2.8962915290459277
2.8553885422075336
3.308694969562842
3.788754913993502
3.4565647621309536
3.89112240817581
3.9385886140654676
2.725480556997868
0.9182958340544896
2.9232314287976204
3.2655833228877325
3.7826237831150373
2.9689185639620974
3.2359263506290334
3.3908054820769817
3.182005814760214
3.1279868068776753
1.2577148214953864
3.3667292966721747
3.7504647066537014
1.2332247882202196
1.0892300788425848
3.819910079062259
3.3464393446710154
3.0775726382817687
3.7160160623359078
2.0713451397302376
2.251629167387823
1.875
1.6258145836939115
1.822815600352516
1.9160563421790617
2.584962500721156
1.896240625180289
2.5492553971684995
1.4913146570363986
1.650022421648354
1.5510981710072647
1.5216406363433184
3.7544418457133446
3.2195282822995477
3.725650756112093
2.7516291673878226
3.6763906325796274
3.5160276412662306
3.5841837197791886
3.555269044648117
3.084962500721156
3.3248629576173574
3.0220552088742
2.950212064914747
3.3816201079487347
2.918295834054489
3.1808329872054406
3.8801862384162926
3.4072682296173897
3.598369003512378
3.189898095464287
3.3241767435304803
3.7199025797939584
3.4713544870139286
3.1898980954642866
3.125
3.3263604079526945
2.6031579868726
2.900051698999542
3.7677339034102206
3.584303179346712
3.085055102756477
3.8771080500105497
3.9415736522202476
3.7216117239699007
3.172810733519864
3.463465189601646
3.497055848472804
3.721460719895813
2.8553885422075336
3.2212518360044666
3.5585186130489057
3.1464393446710153
2.8665871058289594
3.182005814760214
3.1728107335198645
2.7345123817507715
3.6304126608739975
3.2841837197791888
3.59448250651942
3.546439344671015
3.0306390622295662
3.0565647621309537
2.8553885422075336
3.5068905956085183
3.0850551027564768
3.3273399000835093
3.1898980954642866
3.7639657428240816
3.6277635530073993
3.9379776144143084
2.9852281360342516
3.9736606896881854
3.2516291673878226
3.761445788918474
3.239097917988786
3.8035088547976788
3.085055102756477
3.084962500721156
3.085055102756477
3.9705730958116834
3.179669461918707
3.1395722619867223
3.4251185503571393
3.4100993267336737
3.498731294942883
3.576617644908665
3.0
3.5944656369614525
3.323231428797621
2.9312089489103235
3.89488785913632
3.9328215073546753
3.882083453780459
3.515935265575764
3.2946635862096048
3.5827199159935694
3.498235849570533
3.7040386490267627
3.8145873631004186
3.661932872373583
3.760017277849653
2.794788541104806
3.2516291673878226
2.9689185639620974
3.182005814760214
3.1614063297218427
3.5856375894367076
3.426616045880947
3.6053885422075345
2.8553885422075336
2.5849625007211556
3.920878068450758
3.742589501851919
3.1751231351134614
3.5294432011616292
3.2359263506290326
3.0269868333592873
2.8553885422075336
2.98345859334435
3.0565647621309537
3.1018812234760182
2.8553885422075336
3.006238928653389
2.872905595320056
3.2516291673878226
3.101125010956985
3.932999306637289
3.326360407952694
3.986292160090769
3.95378942426271
2.0
4.0703350160008895
1.0
2.7558181288361965
2.574164743022575
2.6051792182893676
1.0
3.5465935642949384
3.180832987205441
2.8522170014624826
4.065494555520917
1.584962500721156
3.182005814760214
3.337175341123077
1.9903166968736787
2.0178941476196224
2.103909910282364
2.072905595320056
2.25947825866309
3.265612885943363
3.8659573209491738
3.4058222502856896
3.3248629576173574
3.2516291673878226
3.561607392201215
3.6178096843744543
3.7406015629507228
3.8550263153051287
3.8348513488234195
3.27280432733462
2.452819531114783
3.375
3.742939300050614
3.801802142056672
3.9773651503982066
3.736174630069641
3.633827132029816
2.9056390622295662
4.094512344947068
3.573660689688185
3.182005814760214
2.8553885422075336
3.689891668750007
3.1751231351134614
3.4613201402110083
3.381580488309164
3.6732696895151076
3.4548223999466066
3.5
3.721928094887362
2.9312089489103235
3.327819531114783
3.4677201004745006
3.3927474104487847
3.7407713918234875
3.6163485660751635
3.471354487013928
3.7043494289560512
2.7516291673878226
3.8259247327071337
3.8561962982193805
3.7081320646586025
4.025930027099076
3.642774150698465
1.2924108984132547
3.327819531114783
1.4182958340544896
3.481714572986072
4.1814301531839195
4.027606067159149
1.5
3.251629167387823
3.4778979100530574
3.3908054820769817
3.4464393446710155
3.182005814760214
3.337175341123077
3.202819531114783
3.757048827786958
3.2639334294856344
3.5220552088742005
2.918295834054489
2.752715278979705
3.3232314287976203
3.418295834054489
3.824888793287065
2.9689185639620974
3.039148671903071
3.538310595615005
3.2806390622295662
2.918295834054489
3.3787834934861767
3.238901256602631
3.0849625007211556
3.452819531114783
3.4548223999466066
3.4677201004744997
3.536886723742167
3.418295834054489
3.6835423624332306
3.676390632579627
3.3927474104487847
2.584962500721156
3.779780045430953
2.222191575506678
1.0
1.6879430945989
1.0892300788425848
2.065765216362195
3.5739348962840563
3.7772108456065907
3.3263604079526936
3.146286370662105
3.454822399946607
3.945464952495108
4.034729168199047
3.8443845322359165
3.5763523635787307
3.667928472292448
3.2195282822995477
3.614369445886757
3.572431251322119
3.6924178467769697
3.4316235658474303
3.180832987205441
3.327819531114783
4.054229296672174
3.584183719779189
3.923251796980338
3.640223928941851
3.1556390622295662
3.3037016960573484
4.135863096137366
3.688721875540867
4.010335515470339
3.5039280318460246
3.3190795706241745
3.202819531114783
3.377278130987436
3.251629167387823
3.300559092390954
3.155221528859512
3.961294557965098
3.778305516512272
3.541743520601859
2.411602217974672
3.3787834934861767
3.106890595608518
3.711080496244278
3.977567157116928
3.32323142879762
3.8456631498513816
3.2610439833372844
3.5232314287976205
1.9253845973796335
2.1473301057314447
2.885513030399882
3.878177688726993
3.6550455468258045
3.53850987421411
3.7489400470054295
3.7663326399706225
3.3927474104487847
3.182005814760214
3.084962500721156
3.182005814760214
3.661226256269789
1.5510981710072647
3.3921472236645345
3.197159723424149
3.8245203227516438
3.8425302326942807
1.584962500721156
3.8699522190263145
2.6612262562697895
2.5849625007211565
3.97406513463775
1.584962500721156
3.2927701939369904
2.984234164652489
2.8150724101159437
3.8990476458881584
3.913977709517584
3.3005590923909534
3.461320140211008
3.033333118765216
3.7071562309216133
2.950212064914747
2.4056390622295662
2.237471551388415
2.218846363733215
2.1645859607294664
2.1429212114234706
2.2461887569909456
2.274230602064885
2.4355205042826666
2.100121949942237
3.245687474717769
3.820826203430656
1.584962500721156
3.350209029099897
3.1692486956952335
3.5110854081804264
3.68354236243323
3.767183467891461
2.8553885422075336
3.6959472263874704
2.8553885422075336
3.8225797618424915
3.460754662766713
3.593657665390962
1.584962500721156
1.0892300788425848
3.084962500721156
2.625814583693911
3.4039894464852614
2.251629167387823
3.782122224145306
2.9450386975402445
3.7039818205809047
2.8962915290459286
3.6537567082870006
3.1556390622295662
3.9345817398007874
4.084732972105678
3.327819531114783
3.4565647621309536
3.0849625007211556
3.2516291673878226
3.781076011914607
3.952302977662386
3.6572682296173897
3.917626443873359
3.5883543471732335
3.36030597770208
3.188721875540867
3.9753729733858982
3.0849625007211556
3.240223928941852
3.471354487013929
2.9312089489103235
3.0850551027564768
3.0849625007211556
3.625
3.323231428797621
2.5220552088742005
3.0849625007211556
2.875
3.084962500721156
2.8150724101159437
3.170134892428193
2.6535442970305683
2.9339545780481746
2.8603207778330435
2.6845608142862893
3.2224856118239797
3.0889823441305104
2.7534343861887853
2.148834854280917
3.1711897584983717
2.9109922530150456
2.5220552088742005
3.2390979179887864
3.9277732479336396
3.9309650795434137
3.7216117239699
4.000914285704388
3.3263604079526936
3.632048827786958
3.157872114061108
3.788770554901975
3.0269868333592873
3.1462863706621045
2.792481250360578
3.9223155300387713
3.600001382307195
3.0220552088742
3.6800165240059797
3.393127173448318
2.8414460711655214
3.4219280948873623
3.3320953986601687
3.6163485660751635
3.930427393332439
3.6168746059562227
3.334679141051595
3.180832987205441
3.630985019785137
3.2359263506290334
3.7201755214643453
3.551595655674384
3.5926369484687153
3.5739348962840563
3.3927474104487847
3.25
3.180832987205441
2.9312089489103235
3.446439344671015
3.172810733519865
3.350209029099897
3.085055102756477
3.0220552088742005
3.53850987421411
3.908764674807145
3.0269868333592873
3.5110854081804272
2.9084479247439905
3.4632805178108104
3.238901256602631
2.5566567074628233
3.546439344671015
3.058813890331201
3.180832987205441
3.4143648309908268
3.6163485660751635
3.085055102756477
2.9182958340544896
3.25
3.2516291673878226
3.5132696895151074
3.128085278891395
3.381580488309164
3.6572682296173897
1.0
3.5766176449086653
3.327819531114783
3.176110251517254
3.061391877002456
2.8536118308201166
3.0775726382817687
1.5219280948873621
4.0696023487733255
3.238901256602631
3.2359263506290334
3.2516291673878226
3.863521032323434
3.7622673906514943
3.754441845713345
3.7622673906514947
3.782122224145306
3.9451102869848236
3.326360407952694
3.797902689682947
3.754163427768881
3.748328660365574
3.0269868333592873
3.748778905366474
3.350209029099897
2.0
3.238901256602631
2.2841591278514217
3.084962500721156
3.7442035683118124
3.0900327766014795
2.7719023720385585
2.952819531114783
3.4072682296173893
3.077819531114783
4.000343826634994
3.54595859334435
3.7957828707628507
3.718484951590094
3.9077342707424854
3.3446983751597124
3.25
3.2359263506290334
3.9263697910138067
2.4591479170272446
3.6910224889293244
3.238901256602631
3.5032583347756456
3.2464393446710154
2.950212064914747
3.238901256602631
3.9817145729860726
2.9852281360342525
3.6163485660751635
3.139572261986723
3.558518613048906
3.0269868333592873
3.334679141051595
3.1307179879273743
2.4237949406953985
3.180832987205441
2.8453509366224368
2.0
2.9312089489103235
3.787042812031905
3.821311940104173
3.884795487373134
3.3927474104487847
3.3862661425265324
4.078494146449324
3.7539564625707698
3.8148938885475623
3.7881893689739323
1.0
4.070096267887097
3.4841837197791885
3.378783493486176
3.0269868333592873
3.7216117239699003
1.9749375012019268
2.5220552088742005
2.815922063835166
1.7633584292311082
2.406666316740689
2.218437210664321
3.084962500721156
3.625
0.9957274520849255
1.4809824636890605
1.236160254373812
3.202819531114783
3.0220552088742005
2.7773627950641693
2.8553885422075336
3.522055208874201
3.419381945646371
3.174674231978642
4.151606407014168
3.5110804962442774
3.2359263506290334
3.7843684875968617
2.8553885422075336
3.7622673906514947
3.972177292580769
3.9287731473741747
4.038790698150917
3.8393151975502953
1.5
3.243300368538957
2.9842341646524884
0.7732283485249176
3.2516291673878226
3.238901256602631
3.3446983751597124
3.2359263506290334
3.4632805178108104
3.471354487013929
3.5724312513221195
3.8430091665568344
3.3230741894285694
3.384183719779189
3.4565647621309536
3.327819531114783
2.751629167387823
3.2639334294856344
3.7254805569978675
3.0849625007211556
3.381620107948735
3.346439344671015
3.189898095464287
2.699513850319966
3.238901256602631
3.694739663055176
3.327339900083509
3.238901256602631
3.327819531114783
3.32323142879762
2.8731406795131336
3.506890595608518
3.9683775683384583
3.708048150071232
2.4137995646056805
3.0062389286533895
3.8561962982193805
2.6612262562697895
3.563074189428569
3.452819531114783
3.8166890064215266
3.771672984944936
2.5654483718208256
3.2368573034220742
3.4817145729860717
3.681880802803402
2.355388542207534
2.8522170014624826
3.569532239061022
4.016541406655651
3.9026831892554914
3.660067081137339
3.6339740759971577
3.532573257502619
3.622062390594133
3.337175341123077
3.43162356584743
3.561748047693657
3.139572261986723
3.639408423097839
3.309685696912064
3.155565013329719
3.3680424225727155
3.215841172683753
3.43162356584743
3.077819531114783
2.9689185639620974
2.5216406363433186
1.9219280948873623
1.0226297788901695
0.5304060778306042
0.8519325792170331
2.649397470347699
2.125814583693911
1.8380267541624737
1.9074617171274164
2.6464393446710153
3.910224752504408
0.0
3.564735178725505
3.7454064259382482
3.238901256602631
3.383272672738775
3.119910023274066
3.9843813884654753
3.175123135113461
3.1307179879273743
3.2608281712244547
3.5599000019230833
4.024082117023431
3.381620107948735
3.889122892960005
3.501397825434103
3.661226256269789
3.125
3.3444569352411984
3.202819531114783
4.095779068449653
3.0565647621309537
3.106890595608519
1.0
4.207702290865852
2.0
4.221790231025081
2.0
3.8477426785812736
3.2321018048454135
3.484183719779189
3.8282074508281383
3.4613201402110083
2.9852281360342525
2.952819531114783
3.303701696057348
3.452819531114783
3.820950594454668
3.9400726873486547
3.169925001442312
3.182005814760214
3.084962500721156
3.5351745656359026
3.208694969562842
3.25
0.8553529129344397
2.129650117271745
3.378783493486176
3.157018072568188
2.931208948910323
2.3329145639793976
3.584492688760863
4.0073675729477465
3.044110417748401
3.800924599552322
3.438721875540867
1.5510981710072647
3.3927474104487847
3.006238928653389
3.1867043459100244
2.8423709931771093
3.5351745656359026
4.005063553576608
3.4182958340544896
3.9764097655573916
3.5
3.418295834054489
3.897587036123537
3.4182958340544896
3.863465189601646
3.546593564294939
3.521640636343319
3.189898095464287
3.721928094887362
3.6168746059562227
3.533771256064556
3.452819531114783
3.5766176449086653
3.7256507561120933
4.152914564272725
3.169925001442312
3.337175341123077
3.5
3.085055102756477
3.5068905956085183
3.3263604079526936
3.6143694458867563
3.640223928941851
3.8185886460613307
3.006238928653389
3.084962500721156
3.9232517969803373
3.3735572622751846
3.5535088547976783
1.896240625180289
2.931208948910323
3.0849625007211556
3.5086949695628418
3.8268748818646365
3.8861465882499093
3.127986806877675
3.077819531114783
3.452819531114783
3.084962500721156
2.625814583693911
3.670642544469059
3.044110417748401
3.4970558484728045
3.573660689688185
2.702904337188607
3.395461844238321
3.9839323918683722
3.697845823084412
3.6690889434870058
3.6793951065171866
3.1898980954642875
3.327819531114783
3.202819531114783
2.751629167387823
3.653756708287
3.238901256602631
3.569773835029478
3.1705438917629367
1.0389205950315936
2.3553885422075336
3.5966838917579285
3.5225715891363594
3.5843031793467124
3.356312404804365
3.597558387024489
3.792376622970445
3.786343444809967
3.4414280318460246
3.6921563525657906
3.6553362295323453
2.90844792474399
3.189898095464287
3.9355123964112506
3.2608281712244542
3.085055102756477
2.950212064914747
3.3918309455325977
3.2998963911678905
2.221251836004466
3.2516291673878226
3.4642346527265664
3.327819531114783
3.106890595608518
3.0130709291038453
3.238901256602631
2.688721875540867
2.688721875540867
2.751629167387823
3.615817594675933
3.772545871587553
3.239097917988786
4.027035636374254
3.101881223476018
3.767960035444222
3.327819531114783
3.7919245392005068
3.748994803525096
3.978867189992916
3.0269868333592873
3.3927474104487847
3.534219021180341
3.4634651896016466
3.621175542919471
3.238901256602631
3.5697738350294785
3.4086949695628417
3.373557262275185
2.8553885422075336
0.9833557549816874
2.739572261986723
3.959186380626857
3.6899015819921512
1.5
3.0849625007211556
3.1158340921632197
3.9161972750048912
3.5464393446710156
3.521640636343319
1.2309595631140104
3.572469458770136
3.734521664779752
3.2516291673878226
2.9182958340544896
2.827819531114783
3.503258334775645
3.665310028318243
2.8073549220576046
2.9219280948873623
3.0441104177484006
3.8507775016307306
3.468151318418953
3.614911221450014
4.019143808983936
3.6556390622295662
3.721654089032874
3.830182698156026
2.764329952193565
2.6699017366229683
2.918295834054489
3.039148671903071
0.3815804883091629
0.45502065977946415
2.863115258385132
1.5
2.688721875540867
3.5766176449086657
3.22467921775583
3.563074189428569
3.750807235905091
3.384183719779189
3.182005814760214
3.869576746316394
3.452819531114783
3.418295834054489
2.7272170014624826
3.5160276412662306
3.6089322589026365
3.323231428797621
3.2147016226376035
3.9543989407194244
3.7356660681024443
3.538314768807483
3.7907311250715545
3.8980685120588383
3.182005814760214
3.88614658824991
3.327819531114783
3.576617644908665
3.52257158913636
3.265583322887733
4.012597732604639
3.084962500721156
3.7004397181410926
3.3232314287976203
3.9270225293736143
3.8553885422075345
3.085055102756477
3.850309749862355
3.7287244452691404
3.628351141951583
3.703465189601647
2.7052290027422967
4.0973047315887925
4.063738642080298
4.172427914450048
3.602910079649727
3.6536606896881856
3.2402239289418517
3.0269868333592873
4.167428509265129
4.131348322775579
3.5232314287976205
3.3680424225727155
4.03797672762569
3.9251732369569954
3.688721875540867
3.733660689688185
3.2516291673878226
4.00532302989454
3.9063823375872966
3.355388542207534
3.554289307439603
3.58353525230907
3.084962500721156
3.9251623772370103
3.0849625007211556
3.8480471909383067
4.087159892548946
3.555533151426996
3.708132064658602
3.599581230646064
3.4086949695628417
2.872905595320056
3.856389898603918
3.8918519463822396
4.030564083368252
3.6268578105259817
3.9223155300387713
4.181808612608877
3.739572261986723
3.9608785854500947
4.045696209642038
3.452819531114783
3.7159321855150296
3.623516641218015
3.4565647621309536
2.8553885422075336
2.8150724101159437
3.623516641218015
3.5282424844314786
3.286895754518763
3.327819531114783
3.039148671903071
3.8956388075276664
3.2359263506290334
3.6537567082870006
3.690260390968384
2.6565647621309543
2.918295834054489
3.392147223664534
4.089970025464171
2.6887218755408666
2.4225797618424916
1.2419460322060458
4.090482031015542
1.9219280948873623
3.058813890331201
3.039148671903071
3.418295834054489
3.084962500721156
3.9261766380423215
3.238901256602631
3.0269868333592873
3.5032583347756456
3.8488846166291197
3.787755564901557
3.2810361125534233
3.392747410448785
3.1751231351134614
3.0849625007211556
3.2806390622295662
2.873140679513133
3.803701696057348
2.625814583693911
3.6786467453731158
3.643374013290255
3.189898095464287
3.2359263506290334
3.757048827786958
3.692095411492566
2.9312089489103235
3.6898916687500076
3.0306390622295662
3.446439344671015
3.511085408180427
3.238901256602631
1.6893917467430877
3.4193819456463714
3.6899015819921512
2.98345859334435
3.2776134368191165
3.3921472236645345
3.3086949695628416
3.182005814760214
3.2806390622295662
3.506890595608518
3.6835423624332306
2.9540036423298544
3.32323142879762
3.906890595608518
2.792481250360578
3.6959472263874713
3.7714370294611266
2.575588697084778
2.3329145639793976
2.732914563979398
3.2319461881351823
3.8776144498957823
2.946439344671015
4.013100489123308
3.767894147619623
3.202819531114783
3.657076248673244
3.80871969734407
3.2946635862096043
3.384183719779189
3.182005814760214
3.7229074943218796
3.558518613048906
2.945038697540245
4.000696636455095
3.8278475418785787
3.8768977881342916
3.884155094595805
3.4800836951874485
3.7750705203641814
3.621653522439334
4.010253624766174
3.6425790261639808
3.40582225028569
3.1958468151117168
3.830546608638305
3.515319531114783
3.9590570816697497
3.6513213433631355
3.6653100283182436
3.575006390962247
4.061070392064899
3.0220552088742
3.0397376863965184
3.4457611647474393
3.3735572622751855
3.5654483718208247
3.3087513512471665
3.6540264870403787
3.479561393367672
3.127986806877675
3.189898095464287
3.046439344671015
3.0269868333592873
3.2195282822995477
3.355388542207534
3.942878771941908
3.238901256602631
2.918295834054489
3.641249800455478
3.967415438478526
3.9954547462273267
4.016875695766563
3.125
3.039148671903071
3.459431618637297
3.3660913291191914
3.9353986674667634
3.657385276650178
2.725480556997868
3.99168599552142
2.968918563962097
3.323231428797621
3.3927474104487847
3.188721875540867
3.327819531114783
3.384183719779189
3.675310868912364
3.3927474104487847
3.292770193936991
3.619470570797251
3.8143719431796277
3.2709505944546686
3.6572682296173897
3.418295834054489
3.506890595608518
3.621175542919471
3.419381945646371
3.6536606896881856
3.733660689688185
3.530493056757482
1.9441041805421106
3.2516291673878226
3.3927474104487847
3.4992275417233563
3.4039894464852614
3.7232314287976207
4.015061012203069
3.572469458770136
3.7639657428240816
3.6136085007312415
2.725480556997868
1.584962500721156
3.182005814760214
3.084962500721156
3.757048827786958
3.184183719779189
3.79450775393848
3.8787593220041034
3.189898095464287
3.584303179346712
4.157216687339839
3.2195282822995477
3.4316235658474303
2.8150724101159437
3.238901256602631
2.9182958340544896
3.09306920777189
3.180832987205441
4.11852886304885
3.8996738967715503
3.8967772192599215
3.9505605169931886
3.842216900031168
3.797659945622185
3.7498677622562893
3.986850588296475
2.873140679513133
0.9141828384352135
3.9025182662886326
3.039148671903071
3.0269868333592873
3.836081907815205
3.418295834054489
3.1464393446710153
3.740601562950723
3.378783493486176
3.8731406795131327
3.2516291673878226
3.878477512988118
3.373557262275185
3.538310595615006
3.084962500721156
3.875
3.621175542919471
3.9500637564362093
3.9065704878156504
3.5766176449086657
2.7192945256669794
3.3248629576173574
3.4086949695628417
3.2195282822995477
3.3086949695628416
2.617492461184755
3.039148671903071
2.3515937233487554
3.508333519303422
3.6234651896016468
3.479079570624174
3.605388542207534
3.3716535224393334
3.3716535224393334
4.153386182221324
3.039148671903071
2.7321588913645702
4.01253725760345
3.238901256602631
3.810081020521731
3.327819531114783
3.6368421881310122
3.463280517810811
3.2402239289418517
2.8150724101159437
3.378783493486176
2.73345859334435
3.642371448743902
3.189898095464287
3.1820058147602133
3.3711045993081328
3.4841837197791885
2.584962500721156
3.3921472236645345
3.2953570516174424
3.6168746059562227
3.0849625007211556
3.182005814760214
3.7685547780590207
3.5068905956085183
3.708966082694623
3.2359263506290334
3.180832987205441
3.1808329872054406
3.7216117239699
3.127986806877675
2.6384600665861564
3.419381945646371
3.5780564832443074
3.0565647621309537
3.640223928941852
3.3116357394949603
3.344456935241198
2.732914563979398
3.9953502875256306
3.4500288754484654
3.7963154224243705
3.7454064259382482
3.6075365904066787
3.1916116417513782
3.625
3.6980685120588386
3.6184247212545237
3.7043494289560517
3.334679141051595
2.8423709931771093
3.182005814760214
3.6368421881310122
2.617492461184755
3.1462863706621045
3.2516291673878226
3.266332639970623
2.873140679513133
2.606238928653389
2.744842531753244
3.0220552088742
3.265583322887733
3.5492553971685
4.066054103445146
2.0
3.039148671903072
3.7338570720473725
2.8553885422075336
3.848249906801916
3.8725034189830145
3.6786025431380853
3.4414460711655215
0.37123232664087563
0.74959525725948
0.8343470230852538
3.8634411185847854
3.0849625007211556
3.3248629576173574
2.7898980954642876
3.8816273520374094
3.6887218755408675
3.0220552088742
3.095795255000934
3.1751231351134614
3.5019527617206205
3.5724694587701364
4.062104286826622
0.583584486987073
3.0269868333592873
3.470933107250678
3.582242711700113
3.2266976899842086
3.91211389097223
3.463710641914682
4.0080169788941395
4.050003714048505
2.0
3.0441104177484006
3.690296503327815
3.9417785892082677
3.077819531114783
3.991613830218483
4.036112846796209
3.446601502956935
3.6085343159088796
2.7035593239513576
3.728693410304915
3.123342180683407
3.0773960049873894
1.0
4.0625816023634
3.3735572622751846
3.86116901579596
3.9736606896881845
3.9484339852164414
3.7950885863977324
3.8375811886185063
3.7192945256669785
3.1018812234760182
0.954434002924965
0.8166890883150209
3.4276942711037672
3.506890595608518
3.0849625007211556
3.378783493486176
3.1751231351134614
3.3087513512471665
3.663532754804254
4.209756460051437
2.0
1.9508257945180885
2.2256051990169436
2.251629167387823
1.8322488896002305
2.4466166676282084
2.35274578087187
1.9327229249500353
2.130926080730337
3.3248629576173574
3.378783493486176
2.4116022179746714
3.754441845713344
3.905764584655452
2.5220552088742005
3.9392600328109277
3.614369445886757
3.1898980954642866
3.5860486123130375
3.780470187252587
3.5160276412662297
3.4314134569803283
3.4632805178108104
4.1167603689827965
3.2390979179887864
3.024397470347699
3.5898980954642874
3.344456935241198
3.584962500721156
3.1395722619867223
3.182005814760214
3.879863320480495
3.9345774384145513
2.873140679513133
3.4193819456463714
3.0062389286533895
3.327819531114783
3.4548223999466066
3.1898980954642875
3.25
2.8962915290459277
3.9353986674667634
3.174674231978642
3.186704345910024
3.521928094887362
3.3087513512471665
3.1018812234760182
3.0220552088742
3.2195282822995472
3.7216117239699007
3.481714572986072
3.6572682296173897
3.8453509366224345
3.334209459448048
4.159918101015238
3.9161269465882835
2.873140679513133
3.1037016960573482
3.238901256602631
3.4039894464852614
3.953966575625832
3.4072682296173893
2.8423709931771093
3.238901256602631
3.238901256602631
3.182005814760214
1.6258145836939115
3.373557262275185
3.94770277922009
3.9600293683462695
3.995215143661988
3.3248629576173574
3.125
4.034261343940389
3.982251719224838
3.643074189428569
2.7773627950641693
3.762818395221641
3.772747456984629
3.188721875540867
2.9852281360342525
3.765398264203234
3.246403948341226
3.3263604079526927
3.0849625007211556
3.6133373140453067
3.337175341123077
2.584962500721156
3.25
3.419381945646371
3.7381493331928657
3.536886723742167
3.5822826002907195
3.8484226636198593
3.09306920777189
2.9182958340544896
3.2516291673878226
2.873140679513133
2.8553885422075336
3.508621780036165
3.523564686198047
3.403074189428569
3.9915033005200837
4.118094881530018
3.9636364900154115
3.521453820927089
3.6933452188924916
3.919930949054011
2.923231428797621
2.9139770731827523
0.0
3.783852393135614
3.78280638688745
3.8022095684100705
3.013070929103845
3.452819531114783
3.5428377974034158
3.7744551302868974
3.880315437336812
3.8897379316519896
3.6887218755408675
2.398302995115559
2.677663517538485
3.9382783059790603
3.7888995178284444
3.4025182662886326
3.9770262225321553
3.601227480952956
2.321928094887362
4.081100477433387
3.900624519991931
3.984632869020245
4.074094070475557
2.4448459334824313
1.0
3.5841837197791886
3.323231428797621
3.8252517372886503
3.7647351787255046
3.375
3.4102329406731844
3.612057900560499
3.5068905956085183
2.923231428797621
3.085055102756477
3.621175542919471
3.414441303694973
3.3816201079487347
3.5068905956085183
3.609090414588857
3.7377451654565217
3.681880802803401
3.084962500721156
3.238901256602631
3.327819531114783
3.3273399000835084
3.5
3.039148671903071
3.438721875540867
3.9031449409815755
3.7709103354256372
3.3927474104487847
3.955073129258471
0.8683927290103626
3.4548223999466066
3.0220552088742
3.925136005759534
3.711080496244278
3.5110854081804272
1.5
2.9182958340544896
2.7773627950641697
3.7053843967150137
3.584183719779189
3.5
3.5
3.039148671903071
3.685917579505496
3.0503018554349812
3.6504103051739905
3.300559092390954
4.013340441068115
3.4632805178108104
3.180832987205441
0.0
3.7275475789483914
3.153571738477581
1.224910589518158
0.48217919020227284
3.238901256602631
3.5689227604432094
3.837066209881521
3.8999183421769037
3.568127529055962
3.695501148817395
3.182005814760214
3.625
3.963248097126201
2.9995812306460645
3.521640636343319
2.584962500721156
2.8729055953200557
4.0671651897778585
3.085055102756477
3.7381493331928657
4.048729125105945
4.095968631579971
3.7144093452479403
2.8638263900908156
3.8268642957330035
3.659536598501246
3.9021748142117274
3.9523029776623857
3.9615072960094766
1.2577148214953864
3.3921472236645345
3.0220552088742005
3.3908054820769817
2.7773627950641697
3.4399364703978073
3.4634651896016457
3.3927474104487847
3.9681390622295662
3.32323142879762
3.202819531114783
2.8073549220576046
3.57173502713817
3.91555328506335
3.738608500731241
3.8169081009410273
3.594482506519421
3.452819531114783
3.327819531114783
3.7409532604048397
3.7544418457133446
3.730337797403416
3.4983471493992457
3.106890595608519
2.9709505944546684
3.6729055953200556
3.292179873667252
4.132192121571194
3.076103170996721
3.2695767463163934
3.753242276910199
0.9182958340544896
4.003963447006999
2.584962500721156
3.240223928941852
3.125
3.5
3.967720100474499
3.452819531114783
3.5160276412662297
3.4613201402110083
3.7887549139935026
3.5
3.6464393446710153
3.3927474104487847
3.4251185503571393
3.182005814760214
4.101881223476018
3.2516291673878226
3.88400137064028
3.182005814760214
3.5766176449086657
3.754163427768881
3.6978458230844122
3.7192945256669785
3.609668477419888
3.640223928941851
3.7816870830264415
3.189898095464287
3.6292196865240958
3.7483286603655737
3.7294461949052566
3.767183467891461
3.9370927129710718
3.7962176025900556
3.5465935642949384
2.873140679513133
4.074622146950257
3.801807766696845
4.123508018081116
1.5219280948873621
1.8166422780956524
3.3496929689578705
2.5495234595978324
4.0671651897778585
3.4992275471326932
3.8444032237081394
3.8489838055702243
3.6234651896016468
2.8150724101159437
3.657678496822671
3.584303179346712
3.5068905956085183
3.03856233607563
3.4251185503571393
3.8103820282127496
3.0849625007211556
3.368522527728206
3.775475847209144
3.263933429485634
3.1464393446710153
3.4841837197791885
2.9182958340544896
3.7638561897747236
3.3680424225727155
3.238901256602631
3.327819531114783
3.238901256602631
3.5035391228040247
3.7532696895151076
3.506890595608519
3.188721875540867
3.1916116417513782
3.872177640334511
3.4992275417233563
3.125
3.452819531114783
2.8553885422075336
3.4632805178108104
3.887846576053957
3.3975819111823533
3.7834651896016465
3.378783493486176
3.085055102756477
3.5434651896016467
3.7081320646586025
3.6619328723735824
3.2639334294856344
3.419381945646371
3.3005590923909534
3.9050274459352625
3.810081020521731
3.3908054820769817
3.507380102423635
3.605388542207534
3.4992275471326932
3.6572682296173893
3.782122224145306
3.606936732175321
1.207518749639422
3.8624472828239003
3.5013978254341027
3.88200290778818
3.6817276788697364
4.030674683703699
4.148536118672228
4.068864126924291
2.845350936622437
3.09306920777189
3.039148671903071
3.1898980954642866
2.9693894195291564
0.0
3.300559092390954
4.163997449086287
3.8778234105136202
3.3232314287976203
3.43162356584743
2.931208948910323
3.4565647621309536
3.4548223999466066
4.092277569034366
3.5032583347756456
3.6800893536948074
3.876355517954656
2.8962915290459277
3.6644977792004623
3.2659573209491746
2.5849625007211556
3.25
3.0269868333592873
3.418295834054489
3.40582225028569
3.373557262275185
3.6402239289418516
3.671527784112274
3.5385098742141095
3.4992275417233567
3.8074355167595253
3.1116368707098774
3.8365916681089787
3.084962500721156
1.2366407419411674
3.003701696057348
4.071771732601097
3.105672184271433
3.1813663288914587
3.2359263506290326
2.8962915290459286
3.6818808028034016
3.2927701939369904
2.792481250360578
3.5724312513221195
3.180832987205441
3.546439344671015
3.084962500721156
3.3248629576173574
3.238901256602631
3.0269868333592873
3.521928094887362
3.614369445886757
3.909159858636275
3.664669267217111
3.327819531114783
2.6258145836939115
3.8757315032041877
3.7695197706888193
3.6158175946759328
3.3841837197791884
3.029452044030914
2.7192945256669794
3.4864486671683537
4.014438730983426
3.827819531114783
3.419381945646371
3.2608281712244547
0.0
3.746439344671015
0.9912642605354288
3.6349899593310995
3.471354487013929
3.1068905956085184
3.9721605756037195
3.9637244012223998
4.101696073132673
3.0220552088742
3.910595916770139
4.005233746756022
3.5862300139413703
3.321323501517743
2.9182958340544896
3.397581911182353
3.5841837197791886
3.238901256602631
3.375
3.710581579366122
3.698206150469663
3.506890595608519
3.084962500721156
3.3927474104487847
3.2516291673878226
3.3918926446809317
3.7294461949052566
3.789981760155014
3.1813663288914587
3.056564762130954
3.039148671903071
3.039148671903071
4.104759724278031
3.137918502671133
2.8150724101159437
3.5132696895151074
3.2516291673878226
3.689703732199547
3.4565647621309536
2.6031579868726
2.7966138511441434
2.1258145836939115
2.6887126808090414
2.436278124459133
2.5978959646793407
2.4193819456463714
2.2089873002587996
3.518453957701921
4.008884070537635
3.6873261452560078
3.7826237831150373
3.7442035683118124
3.6375375112660513
1.0
3.3980898459737485
3.531941205546659
3.847060951191087
3.534219021180341
3.5766176449086653
3.707976439385299
4.027496621046048
2.7045348998193437
1.0892300788425848
3.106890595608519
3.4841837197791885
3.7254805569978675
3.588354347173234
3.0220552088742005
3.3248629576173565
3.6980685120588386
3.1395722619867223
3.7211626593694147
3.1761102515172546
3.4219280948873623
3.2568665431825226
3.0269868333592873
3.5898980954642865
3.0565647621309533
3.1898980954642866
3.3927474104487847
3.7216117239699003
3.5944825065194195
2.918295834054489
2.8553885422075336
3.180832987205441
3.546439344671015
3.665323158511542
3.3787834934861767
3.375
3.8444135405729085
3.375814583693912
3.71937582241537
3.66829583405449
3.734521664779752
3.246439344671016
3.7201755214643453
3.4144413036949723
3.4885252948977477
3.4701755214643453
3.085055102756477
3.09306920777189
3.6245186549588997
3.67095859334435
3.188721875540867
3.1377226960166995
3.816174630069641
3.8488758160644614
3.175123135113461
3.8582713697997284
3.594652553807886
1.9182958340544893
2.5216406363433186
3.5766176449086653
3.350209029099897
3.5511911744656968
3.3603059777020796
3.327819531114783
3.350209029099897
3.8706361293934375
3.8565647621309544
3.82958947746524
3.180832987205441
4.019143808983936
3.182005814760214
3.238901256602631
3.625
3.931208948910322
3.772055208874201
3.8438561897747237
3.846240480995667
3.959078832641418
3.7406015629507228
3.893660689688185
3.733660689688185
2.8731406795131336
4.043189729654138
1.0
3.2516291673878226
3.375
2.7873200754264227
0.6998578570269279
3.5068905956085183
3.2210972500579573
2.663532754804255
3.437436632688363
3.3414460711655214
3.238901256602631
3.0220552088742
4.001629167387823
3.0850551027564768
3.3735572622751855
1.584962500721156
3.4488840705376353
3.57059811909008
3.1018812234760182
3.084962500721156
3.3082708345352603
2.688721875540867
3.8230679822736606
3.452819531114783
3.5726236638951634
3.0269868333592873
2.8962915290459277
3.188721875540867
3.9094857267452126
3.4594911601991534
2.9139770731827523
2.0
3.9500637564362093
3.9483943455364026
3.4632805178108104
3.3082708345352603
3.418295834054489
3.1395722619867223
2.8553885422075336
0.8166890883150209
3.3248629576173574
3.240223928941852
1.014097655573916
3.5464393446710156
3.511080496244278
3.084962500721156
3.5
3.3927474104487847
3.327819531114783
3.239097917988786
3.8441065448145375
2.8962915290459286
3.567040216926579
3.679395106517186
3.902116946066404
3.1158340921632197
2.876853130799308
3.8312038814490936
3.6818808028034016
3.182005814760214
3.572469458770136
3.5220552088742005
3.5585186130489057
3.673269689515108
3.690762865369607
3.572469458770136
3.9696073391174043
2.7192945256669794
3.2639334294856344
3.735281416219837
3.40582225028569
3.286629486786195
3.2359263506290326
3.1916116417513782
3.2091479170272446
3.840664534530376
0.9182958340544896
2.9689185639620974
2.8150724101159437
3.341446071165522
3.085055102756477
3.6732696895151076
3.084962500721156
2.9852281360342525
3.5841837197791886
3.4548223999466066
3.414441303694973
2.6062389286533896
3.536886723742167
3.085055102756477
3.454822399946607
3.25
3.933687790344329
3.8423709931771084
3.238901256602631
3.5137847242254345
3.3927474104487847
2.8553885422075336
3.3660913291191914
3.139572261986723
3.625
3.039148671903071
3.3055827189670937
3.384183719779189
3.0269868333592873
3.189898095464287
3.189898095464287
3.7843684875968617
2.9852281360342525
3.337175341123077
3.0269868333592873
3.0220552088742
3.8154688138555835
3.3056450063529996
2.879506460812007
4.017813536270789
1.584962500721156
3.611978658966205
3.8188148071238333
3.106890595608518
3.0220552088742
3.512495928849319
2.0570659011218133
2.2568660631091184
2.4131532266749596
2.0
2.941446071165522
3.7887549139935026
3.930016000570996
4.063202513215852
4.168110721159468
3.7865692464606244
3.872049488456949
3.546439344671015
3.6074753914554893
3.8573068568981284
3.6424896731661263
4.0154729548329
3.8924637537482623
3.7593620671709997
3.515670167358303
4.009575854895843
2.8553885422075336
3.8820451081368628
0.5907239186406502
2.4116022179746714
0.5896261811873141
0.7345299214394703
1.0892300788425848
3.7622673906514947
2.5220552088742005
4.143271729840719
4.002395116457727
3.9614199906337015
3.5434651896016467
3.856847366507422
3.9430125597858843
4.038807858258727
1.584962500721156
3.752149583635327
3.327819531114783
3.8597690287582718
3.2729055953200556
3.2903216092483056
3.4817145729860726
3.4556501805795428
3.6280729963885094
2.866247897312731
4.13096446191153
3.085055102756477
3.9886154796003748
3.9544840183905117
3.530493056757482
4.078374757106206
3.6536606896881856
2.794653473544342
3.6859011827698436
4.0473414961440035
3.039148671903071
3.532573257502619
3.8923731855445416
3.7216117239699003
2.918295834054489
3.0220552088742
3.1751231351134614
3.2516291673878226
2.8423709931771084
3.989649928869136
2.7773627950641693
3.403989446485261
3.5068905956085183
3.4104172527605203
3.52257158913636
3.59448250651942
3.378783493486176
3.0220552088742
3.4104172527605203
3.238901256602631
3.2516291673878226
3.440759832540089
3.5492553971684995
2.6404035712091347
2.611321362277316
2.728210384271767
2.623516641218015
3.76334248827185
3.5705981190900795
3.0565647621309537
2.8553885422075336
3.5368867237421666
2.952819531114783
3.679395106517186
3.876352740963972
3.381620107948735
3.6168746059562227
3.3190795706241736
2.873140679513133
3.6681819469841797
3.337175341123077
3.3927474104487847
3.567024803419185
3.606015279620733
3.889331600755621
3.6455933144511463
2.8073549220576046
3.890148753012802
3.5219280948873624
3.8087196973440705
3.4634651896016466
3.0269868333592873
3.125
3.3927474104487847
3.4357554339416274
3.3248629576173574
3.182005814760214
3.332095398660169
3.6143694458867563
2.9689185639620974
3.4528786893420307
3.7534343861887844
3.4464393446710155
3.6539967386657093
3.0849625007211556
3.7080481500712317
3.753434386188785
3.327819531114783
3.006238928653389
3.378783493486176
3.2516291673878226
3.084962500721156
3.080500530640267
3.139572261986723
2.8553885422075336
3.521640636343319
3.2390979179887864
3.2195282822995477
2.9928560501604604
3.0220552088742005
3.728502115742626
3.128085278891395
3.565448371820825
3.219528282299548
3.1552215288595122
3.6163485660751635
3.805496793698874
3.770942421748537
3.5464393446710156
3.125
3.446439344671015
3.077819531114783
1.0892300788425848
0.9463729359854419
1.2327992399574297
3.175123135113461
3.856870720856423
3.085055102756477
3.375
3.084962500721156
3.6168746059562227
2.8553885422075336
3.189898095464287
3.25
2.549523459597832
3.6349899593310995
3.087496761102214
2.984234164652489
3.292770193936991
3.0269868333592873
3.0494520727893937
2.963215692534584
3.753269689515107
3.3342094594480476
4.0935030120381235
3.9451303641846924
1.0
2.2359263506290326
2.251629167387823
3.7954211631219184
3.7219751747165812
3.4219280948873623
3.327819531114783
3.3642702093230787
3.182005814760214
3.3787834934861767
3.196154780932867
3.8436683475054605
3.788754913993502
3.8665871058289594
3.8847954873731334
3.1692486956952335
3.3787834934861767
3.381580488309164
3.6421498816369033
3.613337314045307
3.830546608638305
3.202819531114783
3.0269868333592873
3.2359263506290334
3.815735346915334
3.9779346350407367
2.751629167387823
3.5535088547976783
3.263933429485634
3.351953074246375
3.239097917988786
3.0306390622295662
3.9431383009621594
2.5220552088742005
3.7889097655573916
3.8404025467025056
3.9542473996920804
3.8029100796497266
3.4316235658474294
3.1368637096073173
4.000846519771479
3.09306920777189
3.6430741894285688
3.2817276788697365
2.974937501201927
4.073338067911436
1.0
3.188721875540867
3.1464393446710153
3.456564762130954
4.015957262708911
3.3082708345352603
3.895638807527667
3.327819531114783
3.1158340921632197
3.1775662320965257
3.0269868333592873
3.8116249490005267
3.6933452188924916
3.4399364703978077
3.613337314045307
3.675310868912364
3.3519530742463752
3.87577558114263
2.987090041620335
3.5766176449086653
4.036403411511633
4.204139964193038
3.572623663895164
3.952142719590385
2.9139770731827523
4.19703777531972
4.238239317786748
3.926049881536109
3.841968739372796
3.864958489669849
4.03452760802388
4.07149812368246
4.218680071240587
3.964708010014617
4.147894169823851
3.974657535671754
3.5019527617206205
3.070847093622518
3.215841172683753
3.5175594295963433
3.09306920777189
3.7321588913645694
2.8729055953200557
3.2359263506290334
3.75
3.7211903442066503
3.246439344671015
3.6798814182820925
3.024397470347699
3.4144413036949723
3.789350619621991
3.546593564294939
3.09306920777189
2.9689185639620974
4.167490406078609
2.5654483718208256
4.08102879066198
4.096439344671015
4.112992250998006
3.14163540772496
4.0615335881733285
2.696199049814856
2.956533256694844
1.75
3.0850551027564768
3.4387218755408675
3.215841172683753
3.9225895736416696
3.7720552088742005
3.640223928941851
3.373557262275185
3.621175542919471
3.5068905956085192
3.6539967386657093
3.6897037321995465
3.039148671903071
4.0649455209832475
1.584962500721156
3.7425895018519184
3.1307179879273748
3.7004397181410917
3.246439344671015
3.2359263506290334
2.4772170014624826
3.238901256602631
2.8073549220576046
2.565196012445572
1.207518749639422
3.828237501842955
3.17876612482443
4.08075978651647
3.589898095464287
3.9669899252500462
3.323231428797621
3.182005814760214
3.2368573034220742
3.3502090290998967
3.202819531114783
3.2359263506290334
3.0849625007211556
3.260828171224455
3.2589809036792223
3.3273399000835084
3.3176400059662168
3.319079570624174
1.1401156785146092
0.9905957377152721
3.327819531114783
3.6292196865240958
3.238901256602631
3.238901256602631
3.291562502003212
3.501397825434103
3.801119012209957
4.028127971111128
3.827567157116928
2.8729055953200557
3.4410849805739487
3.334679141051595
3.8526761974263777
3.321928094887362
3.084962500721156
3.621175542919471
3.2927701939369904
2.584962500721156
2.8553885422075336
3.6619328723735824
3.7381493331928657
3.9193819456463705
3.6194705707972514
3.8820451081368628
3.4632805178108104
3.375
3.2516291673878226
3.6168746059562227
3.9371154408547673
3.7775671571169283
3.830546608638305
3.864878709413096
3.490601562950723
3.182005814760214
3.7381493331928652
3.084962500721156
3.09306920777189
3.753928031846024
3.4548223999466066
3.3841837197791893
3.5368867237421666
3.384183719779189
4.014954050421875
3.627763553007399
3.7000933078165494
3.1751231351134614
2.8553885422075336
3.9788500812712253
3.8708670450865164
3.2608281712244547
3.418295834054489
3.8964924766316833
3.950987125440962
1.584962500721156
1.705616568529474
0.7538275145266042
1.1451104143815827
0.9944663403237342
0.8166890883150209
3.3927474104487847
1.1400677626718572
2.688721875540867
2.8073904508767225
3.0220552088742
3.6168746059562227
2.973557262275185
3.625
2.8962915290459277
2.721928094887362
3.9642026012856535
2.75
3.4565647621309536
3.851823225551767
3.4251185503571393
4.05550132205091
2.8731406795131336
3.3446983751597124
3.188721875540867
3.921721231045239
3.749941238143319
3.628362120776618
4.111313800763494
4.164313438884765
1.584962500721156
3.0269868333592873
3.454822399946607
3.5944656369614525
2.9182958340544896
3.2946635862096048
3.5932696895151075
3.2841837197791888
3.6537567082870006
3.3660913291191914
3.8497439512490796
3.824862957617357
3.189898095464288
3.702819531114783
2.7898980954642876
3.2516291673878226
2.873140679513133
2.6258145836939115
3.513269689515108
3.6299105314398092
3.332095398660169
3.7483943455364033
3.806739771365559
2.0
3.350209029099897
3.635713162616261
4.019876678613265
4.126883960749847
3.489246428509158
3.999791337904489
3.452819531114783
3.589275070710713
3.8136606896881853
3.8893148462565192
3.72253828657766
3.518369978719459
3.7993991783421355
3.894222280811761
4.008326569846478
3.204447960708351
2.952819531114783
3.8659573209491738
3.913589767252086
3.9587291457598943
3.4058222502856896
3.2928416378945085
2.9182958340544896
2.7773627950641693
4.011985551367277
4.058680424062206
4.091300536559359
3.683448849228878
3.378727103656466
1.584962500721156
1.6340649724200549
3.606936732175321
3.3889641047193417
3.6729972717965285
3.6801653312174274
3.6466183754484
3.821464169380175
3.6287043499044227
3.6211755429194716
3.5068905956085183
3.4251185503571397
2.8962915290459286
3.2841837197791888
2.7773627950641693
3.341446071165522
2.516422246691349
2.1040437177782714
2.074164743022575
1.0
3.337175341123077
3.1556390622295662
3.180832987205441
3.94671897038199
3.98221790615312
3.8651991968878647
2.789898095464287
3.327819531114783
3.5944825065194204
3.375
2.6258145836939115
3.2903216092483056
3.950070140898859
3.4613201402110083
3.708132064658602
3.5160276412662297
3.8143719431796272
4.163897357994418
3.182005814760214
3.180832987205441
1.6805563732659934
3.0565647621309537
3.1395722619867223
1.668513756658104
1.9877733714879842
3.7866402574265554
2.931208948910323
3.348798912202497
3.856564762130954
3.8428572928084965
3.5717158839138494
3.323934896284056
3.0850551027564768
1.5058762556041068
4.026360459931185
3.454822399946607
3.084962500721156
3.2359263506290326
3.9032080616476805
3.9109521314928397
3.4273334938982645
3.2390979179887864
3.7401420620067394
3.419381945646371
3.381620107948735
3.323231428797621
3.0053148568942794
3.5188931678473483
1.3699740752745009
3.139572261986723
3.039148671903071
3.446439344671016
2.9974058114255175
3.6151767752395094
3.819909675741442
2.9995812306460645
3.350209029099897
3.7263655546862067
3.303701696057348
3.180832987205441
3.5530900835303276
3.610577243331642
2.7192945256669794
3.454822399946607
3.2359263506290334
3.9283265960658795
2.9312089489103235
2.974937501201927
3.2639334294856344
2.8073549220576037
2.9995812306460645
3.0565647621309537
3.5724694587701364
3.799078845001152
3.0220552088742005
2.835237745312118
3.9074901916959464
2.863094551420763
0.0
3.4466166676282075
3.9545388822568817
3.768964816412474
2.9312089489103235
3.5503407095463877
3.7256507561120933
3.2639334294856344
4.097756251028447
3.355388542207534
3.8143719431796277
3.7091479170272446
3.238901256602631
1.584962500721156
0.9933927290103626
3.89430422026193
3.747413039531641
3.7962176025900556
4.142516784003561
3.3600115303896287
1.584962500721156
2.941446071165522
3.0849625007211556
3.7189532820450215
3.5511911744656968
3.0565647621309546
3.7777768114567865
3.0269868333592873
3.5
3.3921472236645345
4.001219712307641
3.7062726398839643
3.8282375018429557
2.8553885422075336
3.039148671903071
3.704038649026763
3.607475391455489
3.0850551027564768
3.682224790523238
3.933340441068115
4.042437356184844
2.556656707462823
3.6635327548042533
3.5739348962840563
2.9182958340544896
3.2359263506290334
2.952819531114783
3.2359263506290334
3.584183719779189
3.8787912611280673
4.040807617151698
3.4859175795054953
3.693345218892491
3.452819531114783
3.039148671903071
3.0269868333592873
1.186278124459133
3.039148671903071
3.4387218755408675
2.8962915290459277
3.3342094594480485
3.182005814760214
3.7034651896016464
3.536886723742167
2.5220552088742005
3.0220552088742
3.189898095464287
4.095489821103371
3.0850551027564768
4.123009861993715
3.3005590923909534
3.238901256602631
2.7334585933443494
3.100916685694772
3.238901256602631
3.101881223476018
3.521928094887362
3.2195282822995477
3.667928472292448
3.945110286984823
3.839079570624174
3.9795913763792754
2.9689185639620974
3.3816201079487347
3.846358673187887
3.039148671903071
3.0220552088742005
3.3927474104487847
3.788279689230366
3.788754913993502
3.3061706517091873
3.202819531114783
3.152391277629867
3.6038561897747234
3.238901256602631
3.32323142879762
3.0220552088742
2.8423709931771093
3.1009166856947723
3.326360407952694
3.844200622377808
3.239097917988786
4.04067891737188
3.334679141051595
3.0994839817876882
3.878068268345524
3.1556390622295662
3.8582200578365025
3.830237069048826
3.30827083453526
4.006985761116156
3.024397470347699
3.7222935434181106
3.642371448743902
3.3035088547976783
3.653756708287001
2.905764584655453
3.074875775583769
3.327819531114783
3.689703732199547
3.768233007237829
3.7821222241453065
2.251629167387823
3.4696704873718613
3.1898980954642875
3.413088436425757
3.6902603909683838
3.426367488473226
3.799873730859799
3.2483650467509038
4.093152427133309
3.3787834934861767
3.7887549139935026
3.832332871750514
2.8553885422075336
0.0
1.1451104143815827
3.2516291673878226
2.7329145639793975
1.4294732983598406
4.067175710079926
3.905982458849184
3.3248629576173565
1.0
3.798003753434875
3.8400832519721115
0.0
3.9130884364257574
3.3190795706241736
3.0269868333592873
3.6424896731661267
3.882045108136863
3.943465189601646
3.6835423624332306
3.7336606896881843
3.337175341123077
3.413088436425757
3.913977073182751
3.8100810205217304
3.2359263506290334
3.8250705203641813
1.584962500721156
2.9735572622751856
3.5337712560645564
2.6612262562697895
4.012097195949162
0.0
3.5763531433262643
3.7626330263909633
3.598663315970397
2.893173940966429
1.0
2.8553885422075336
2.688721875540867
3.9086949695628412
3.5544425746945736
3.337175341123077
3.9140190533400934
3.238901256602631
3.373557262275185
3.4387218755408675
3.203701696057348
3.084962500721156
3.386842188131012
3.4713544870139286
3.9093680639438846
2.973557262275185
4.084044659145359
3.03856233607563
3.691428031846024
3.2516291673878226
2.8150724101159437
3.4634651896016466
3.6625732651509115
3.935578878462729
3.876241860460979
3.5282424844314786
2.939829017466402
3.48582592784901
3.125
3.085055102756477
3.8115104748128994
3.689703732199547
3.0220552088742005
3.182005814760214
3.4144413036949723
3.838439140909497
3.5383105956150054
2.950212064914747
2.625814583693911
2.688721875540867
3.927728496991401
3.189898095464287
2.8218881955261783
4.064400801847471
1.584962500721156
2.952819531114783
3.0850551027564768
3.2359263506290326
3.146286370662105
3.572469458770136
3.546439344671015
3.581286772251354
3.2639334294856344
1.311278124459133
3.640223928941852
3.7950885863977324
3.25
3.2321018048454127
3.782122224145306
3.8810054880546376
2.7773627950641693
3.4565647621309536
3.266332639970623
3.039148671903071
2.9312089489103235
3.6168746059562227
3.7622673906514943
3.6644977792004623
3.452819531114783
3.0220552088742
3.2639334294856344
3.663870978469273
3.8282375018429557
3.260828171224455
3.959211569038397
3.189898095464287
1.2577148214953864
3.146286370662105
2.8423709931771093
3.003701696057348
2.8553885422075336
2.9182958340544896
3.337175341123077
3.188721875540867
0.7345299214394703
1.4182958340544896
0.9933927290103626
3.602910079649727
2.584962500721156
3.36030597770208
3.457425813763051
3.4817145729860726
3.9061983328100944
3.1462863706621045
3.381580488309164
3.0269868333592873
3.538310595615005
3.239097917988786
3.0269868333592873
3.7080481500712326
3.627763553007399
1.4373770511116049
3.8252517372886508
3.7030407100708658
2.8553885422075336
3.077819531114783
2.8731406795131336
2.7773627950641693
3.323231428797621
3.182005814760214
3.418295834054489
3.6168746059562227
3.3816201079487347
3.403074189428569
3.6457113704075788
3.636842188131012
3.2655833228877333
3.5766176449086653
3.77850207357611
3.155221528859512
3.378783493486176
3.42620961398098
3.5547099237657727
3.2680488287579594
3.9511943630832222
3.6074753914554893
3.9352056352642535
2.212503842372268
1.9852281360342516
1.2957378005380122
2.918295834054489
3.373557262275185
3.4992275417233567
3.25
3.238901256602631
3.1898980954642875
3.6105772433316417
3.4992275471326932
3.9191403594995746
3.238901256602631
3.558518613048906
3.418295834054489
3.3371753411230776
3.0269868333592873
3.8865457417179528
3.8559266994775943
3.3914525464040963
3.397306709878264
3.60341234326019
3.475909377088532
3.348798912202497
3.767380261157216
2.9689185639620974
2.9056390622295662
2.8553885422075336
3.2516291673878226
1.0
3.9927087708004674
3.1414460711655217
2.8464393446710154
1.584962500721156
3.4696704873718613
2.8159220638351665
3.0269868333592873
3.818958676196751
3.685654976234253
3.739572261986723
3.6887218755408675
3.238901256602631
3.039148671903071
2.8553885422075336
3.6778037855463257
2.8553885422075336
3.7811056387164776
3.4661007200723906
3.9200962973696627
3.408694969562842
3.003701696057348
3.5356886045666718
3.6066338100379283
3.3230741894285694
3.641604167868593
3.765330239032075
3.770942421748537
3.6049224895866128
3.4273334938982645
3.615817594675933
3.375
4.116340449951387
3.9501552653643404
3.488525294897748
3.594117891631185
3.182005814760214
3.095795255000934
3.753269689515107
3.1416192081839784
2.9928560501604604
3.3248629576173574
4.022098307720395
3.924105084016486
1.584962500721156
1.1542221846835221
3.2402239289418517
3.1556390622295662
3.594465636961452
3.2516291673878226
2.8665871058289594
1.186278124459133
3.3248629576173574
3.6143694458867563
3.2810361125534233
3.459147917027245
1.5566567074628228
3.238901256602631
3.2402239289418517
3.2359263506290334
3.044110417748401
3.4472624994412104
2.6098501660289424
2.5566567074628237
2.5232314287976205
3.4980685120588384
3.5633198582510346
3.4824637247241337
3.6600681778327115
3.483006621318137
3.385937878352376
3.5761108766479532
3.399079570624174
3.5039758778023926
2.3553885422075336
3.3179688596721895
3.174693951646702
3.566034715202465
3.378783493486176
3.536231003227369
3.513919154070478
3.643515336693067
3.203987391758757
3.494048882815449
3.596808378586669
3.578066625724992
3.2516291673878226
3.459147917027245
3.5593770829262863
3.5474796281032157
3.4469520398046956
3.6409623803520734
3.420554630318644
3.4472624994412104
3.506629840686119
3.509275070710713
3.687939049324636
3.128085278891395
3.09306920777189
3.438307235905091
3.182005814760214
3.613924656136659
3.3197738350294785
4.070843919155634
1.0
3.452819531114783
3.630412660873998
3.503258334775645
3.323231428797621
2.9182958340544896
3.7043494289560526
3.9468027316527183
3.6732696895151076
3.68354236243323
3.189898095464287
3.4613201402110088
3.3927474104487847
3.09306920777189
3.5841837197791886
3.8214419452073267
3.719294525666979
3.378783493486176
3.09306920777189
3.418295834054489
3.350209029099897
3.7887549139935017
3.5068905956085183
3.182005814760214
3.084962500721156
1.186278124459133
3.2516291673878226
3.5724312513221195
3.0269868333592873
3.8946410859343388
2.9312089489103235
2.9182958340544896
3.9217212310452396
3.5032583347756456
3.861983513035609
2.8073549220576037
3.730337797403416
1.6143308351592656
2.8553885422075336
4.066743968345306
3.8671677123292327
3.8724420389425696
3.799876085498172
3.5766176449086657
3.084962500721156
2.6235166412180155
3.503539122804024
4.037757263773508
3.077819531114783
3.084962500721156
3.8726213444412125
3.431401845392172
3.3735572622751855
3.573660689688185
3.2402239289418517
3.2414460711655217
2.6235166412180155
3.378783493486176
3.327819531114783
3.670481828623267
2.792481250360578
3.5739348962840563
4.1229280938861175
3.864898830691495
3.327819531114783
2.9852281360342516
3.4992275471326932
1.2987949406953985
1.2475562489182659
3.006238928653389
3.915354578819945
3.8030006965535725
1.584962500721156
2.9852281360342516
3.0269868333592873
3.625
3.696320976527964
3.5
3.708132064658602
3.506890595608518
3.967286484571817
3.8702768973020594
3.4252368134396662
3.79997938504983
3.4137995646056796
3.6943856825877632
2.954986855772667
3.350209029099897
3.006238928653389
3.085055102756477
3.838065167353181
2.0
3.0269868333592873
3.1462863706621045
3.2464393446710154
3.55592698363834
3.3680424225727155
3.5465935642949384
3.0269868333592873
3.2961483747476232
2.792481250360578
3.166835415339844
3.150575714291883
3.327819531114783
4.046628409371985
4.08159196721451
2.9056390622295662
1.584962500721156
3.2577560641285177
3.2195282822995477
2.939829017466402
3.221097250057957
3.4464393446710155
4.066287222228043
3.9738998088987048
0.0
2.950212064914747
3.2359263506290326
2.8150724101159437
4.015320765223661
2.0
3.5535088547976783
1.5589385323502774
3.481661512101756
3.399079570624174
1.1595547523787308
3.8973433214447466
3.446439344671015
3.601743956189447
3.848207687055909
2.9749375012019263
3.472445544178841
3.182005814760214
1.1981174211304033
3.875008185571583
1.5
2.8962915290459286
3.461320140211008
3.6211755429194716
3.8073549220576055
3.8252517372886508
3.7216117239699007
3.106890595608518
3.5736606896881855
3.503258334775645
3.863465189601646
2.663532754804255
3.3908054820769813
3.0792258015191023
3.663532754804254
3.2728043273346206
3.5132696895151074
3.495311513012887
2.9834585933443494
3.6732696895151076
3.240223928941852
4.028490680178816
3.698068512058838
3.2608281712244556
3.0850551027564768
3.0220552088742
3.0306390622295662
3.2516291673878226
3.794167132567807
3.25
3.0849625007211556
3.5110854081804272
3.676390632579627
3.0269868333592873
3.6143694458867563
3.9233659245349726
4.127057419789224
3.8841550945958057
3.915879055403402
2.918295834054489
2.9182958340544896
3.536886723742167
3.039148671903071
3.4613201402110083
3.3787834934861767
2.751629167387823
2.4116022179746714
3.4841837197791885
3.566108939837481
3.373557262275185
3.2359263506290334
3.4841837197791885
3.4771752334356236
3.375
2.7773627950641697
3.09306920777189
2.8662478973127308
3.9240244208650203
3.327819531114783
3.414441303694973
3.6457113704075788
3.5068905956085192
3.820694501162621
3.726689078888781
4.131630663353241
3.686419411348773
3.180832987205441
3.788341339656749
4.076207076031594
3.0220552088742
3.292770193936991
3.7653115322251014
3.7622673906514947
3.1038166708766464
3.9124448485036756
3.671405583442496
3.2840531648766382
4.095661021884091
3.327819531114783
4.0829197110588815
3.615673616842665
4.11253622869819
4.114717591012849
3.0168756957665637
3.180832987205441
3.5039824091702343
4.142995579941501
3.950672298799889
4.087572009369555
3.1105780147890156
3.292770193936991
4.126664172019898
3.698068512058838
4.028404228747304
3.5834012221831086
3.5739348962840563
3.6388304629471726
3.564540741814107
4.071671696634273
3.204986855772667
3.2359263506290334
2.7773627950641693
3.855590499066146
4.026751897400914
3.228072996388509
4.064033354612631
2.952819531114783
2.8962915290459277
3.9108879176269222
4.113341570445301
3.955538303252881
4.01617463006964
4.14111331003926
3.83932783473376
3.3248629576173574
3.7681769890054184
3.8638263900908147
3.5019527617206205
3.9613168385772424
3.8532359131272917
3.3248629576173574
1.584962500721156
3.860757258733302
4.050874103896645
3.710040004151103
3.5351745656359026
3.921526382294594
3.53257325750262
3.6841837197791882
3.471354487013929
2.973557262275185
2.8553885422075336
3.2402239289418517
3.5464393446710156
3.761445788918474
3.3263604079526936
4.035134314233857
3.6695767463163937
4.17969537866175
4.12453581871197
4.213636263080832
1.5
3.0269868333592873
3.2516291673878226
3.7310588712234676
4.0702122973394514
3.9951403269145263
4.050423711397003
3.4745049881054295
3.998762065326836
4.003086219029957
3.697032323758937
3.510176225931463
3.1748858687242363
3.7356660681024443
4.026878251513037
3.6998490002539657
3.418295834054489
3.6053885422075345
3.337175341123077
3.238901256602631
2.5220552088742005
3.0849625007211556
2.688721875540867
3.180832987205441
3.292770193936991
3.3274847819558424
3.974937501201926
4.014438730983427
3.948247364502187
3.9410349387408994
2.0
3.0850551027564768
3.3735572622751846
3.373557262275185
4.017894147619623
2.931208948910323
3.640223928941851
3.202819531114783
3.6841837197791887
3.189898095464288
3.7216117239699003
3.7887549139935026
3.8796640049025934
0.830774222099454
0.9402859586706311
1.1143764080944845
3.039148671903071
4.060913661896352
0.0
3.188721875540867
3.239097917988786
3.0565647621309537
3.188721875540867
3.2516291673878226
3.202819531114783
3.8042292966721747
3.056564762130954
3.546439344671015
3.521640636343319
4.0083338789712695
3.651169736606907
2.0042859090703917
2.584962500721156
3.0130709291038453
3.0849625007211556
3.923833864951764
3.930129777362591
3.6727562296099023
3.997499850841633
3.9907054736852343
3.1556390622295662
3.9712891405657733
4.030529125529358
2.0
3.155221528859512
1.0389205950315936
3.189898095464287
3.3927474104487847
3.708048150071232
3.0849625007211556
3.240223928941852
3.2516291673878226
2.606238928653389
3.027169118440619
3.521640636343319
3.403989446485262
3.418295834054489
3.821928094887362
3.32323142879762
3.2359263506290334
3.1068905956085184
3.084962500721156
1.4108478748063633
3.039148671903071
3.454822399946607
3.326360407952693
4.1162646156680225
3.4414460711655215
3.006238928653389
3.2516291673878226
3.944548827786958
4.000562807890522
3.84198219856936
2.8729055953200553
3.9579403464411533
2.8522170014624826
3.4901937947335147
3.3927474104487847
2.9182958340544896
3.8261504319610564
3.350209029099897
3.182005814760214
3.0269868333592873
1.1451104143815827
1.2916919971380596
1.207518749639422
1.2577148214953864
1.5916727785823275
1.442508097190614
3.43162356584743
3.752260204523717
3.09306920777189
2.8553885422075336
3.238901256602631
3.3927474104487847
4.066340563438217
3.474380085195674
3.266332639970623
2.8225797618424915
3.4906015629507228
2.688721875540867
3.5395722619867227
3.6761085007312415
3.64696666827365
3.7189532820450215
3.605337797403416
3.408694969562842
2.840223928941852
3.1496734471867414
3.6195592706113664
3.6542553132150295
3.051601636871704
3.685567202024124
3.739572261986723
3.169925001442312
3.016875695766564
3.736006946447657
3.5124792706912316
3.501397825434103
3.655961827631013
3.0269868333592873
3.530493056757482
3.820888851350188
3.479079570624174
3.570782286537524
3.569702316978284
1.207518749639422
1.5465935642949382
2.6399520907241154
3.1556390622295662
2.751750173148284
2.524397470347699
2.688721875540867
2.355388542207534
3.084962500721156
0.9760206482366149
3.503258334775645
3.736006946447657
2.8150724101159437
2.9689185639620974
1.0408520829727552
2.8731406795131336
3.180832987205441
3.2359263506290334
3.418295834054489
3.4219280948873623
3.266332639970623
3.640223928941852
3.4594911601991534
3.609496334425696
2.8073549220576046
3.32323142879762
3.334679141051595
3.0220552088742005
3.180832987205441
3.714113720467497
1.584962500721156
2.872905595320056
3.787301737252941
1.0
3.8561983328100946
2.7773627950641693
3.084962500721156
3.327819531114783
3.4273334938982645
3.106890595608518
4.064286939174393
1.0
3.1813663288914578
3.051601636871704
3.8327586512417886
3.3735572622751855
3.6168746059562227
3.4435137534498526
3.9221125189250836
3.692279682039657
3.5840759200230687
3.68354236243323
1.0
4.096562083645507
3.429275070710713
3.560517342400527
2.0
3.6801653312174274
3.7842897528558
4.0867525795722655
3.822917646930711
3.803078447433318
1.9219280948873623
3.4613201402110083
3.606238928653389
3.9891762057441666
1.5
3.3371753411230776
3.392747410448785
3.0220552088742005
3.084962500721156
3.955311316634012
4.060322524573141
3.5661089398374806
3.418295834054489
4.115111014195706
3.5465935642949384
3.646243650042768
3.8574221168384875
3.733918244628447
3.704174957534977
3.521640636343319
3.265583322887733
3.951829906296461
3.378783493486176
2.9312089489103235
3.9919647017034836
3.327819531114783
3.4144413036949723
3.6395225199945047
4.2292854017196575
3.0269868333592873
3.624379701651112
3.4387218755408675
4.109814766753659
3.3248629576173574
4.017987794761141
3.077819531114783
3.182005814760214
3.427333493898265
3.127986806877675
2.8962915290459277
3.0220552088742005
2.8962915290459277
3.767375797816042
3.3927474104487847
2.8423709931771093
3.509275070710713
3.3464393446710154
3.7752492519793988
3.5090356337908912
3.5611431414174888
3.4790795706241737
3.719294525666979
3.1556390622295662
3.865576855207248
4.093418984916933
3.9623655235553725
4.024062857112918
3.2639334294856344
3.1751231351134614
3.5
3.3005590923909534
3.422577995321604
3.7622673906514947
3.180832987205441
3.378783493486176
3.4316235658474303
3.263933429485634
3.630412660873998
3.6537567082870006
3.337175341123077
2.8553885422075336
2.9852281360342525
3.084962500721156
3.5263039714678293
4.167616885274966
3.9908538124300756
3.3248629576173574
1.0892300788425848
4.011601061606062
2.8962915290459286
3.3060161836191058
3.623465189601646
2.5654483718208256
3.2639334294856344
3.1841837197791887
3.5676145660496594
3.327819531114783
3.7570488277869583
3.6119388842136435
3.378783493486176
3.1368637096073178
3.96463875721284
3.6430741894285688
3.189898095464287
3.7178504651264324
3.0849625007211556
3.5192475629608078
3.990586380385236
3.085055102756477
4.055709582593748
3.3176004964014654
3.957665418588859
4.054514522655979
2.866247897312731
3.3248629576173574
3.25
3.4548223999466066
3.182005814760214
2.875
3.2195282822995477
3.3292367488368466
3.068994401830491
2.895423870280316
3.052374032331587
3.0697251603588867
3.5068905956085183
3.189898095464287
3.141619208183979
2.866247897312731
3.426616045880947
3.4992275471326932
3.7173358371354923
3.8076208754003225
3.240223928941852
3.188721875540867
3.4906015629507228
3.614369445886757
3.6976032411247153
3.969607339117404
3.6424896731661263
3.4086949695628417
3.644190557420919
3.350209029099897
3.4548223999466066
3.957294029027326
2.9852281360342516
3.6692750707107122
3.039148671903071
4.04228009763489
3.7154535460473683
3.327819531114783
3.501397825434103
3.337175341123077
3.03856233607563
4.1867074993037345
4.014357827994779
3.6536606896881847
3.9767373094731675
3.238901256602631
3.7860524320912443
3.101508755867878
3.7216117239699007
3.5364142371222305
3.5058820001715754
3.628220276032146
3.5337712560645556
3.463280517810811
3.2639334294856344
3.4992275471326932
3.564735178725505
3.8035088547976788
3.2359263506290334
3.813063416819414
1.0389205950315936
2.259141984247902
2.357549851266366
1.836591668108979
1.584962500721156
2.792481250360578
3.9501068833870843
3.317640005966217
4.18225715267331
2.0
3.182005814760214
3.0269868333592873
3.221097250057957
3.4852281360342516
4.0631449409815765
3.74245945251819
3.8264139659818546
3.8456631498513816
3.802910079649727
3.189898095464287
3.9674147892794664
3.6835423624332306
3.6335059949783677
3.1728107335198645
3.461320140211008
2.8553885422075336
3.41379956460568
4.085991138213566
2.9139770731827523
3.946103029800086
2.0
3.900046437497392
2.75
1.9182958340544893
3.721928094887362
2.7219280948873625
3.5883543471732335
4.092237701827797
4.027048733342128
3.182005814760214
1.5
4.116520390783108
3.0574760762899316
4.079376252403202
2.66122625626979
3.9898154610155325
3.604031754555149
2.4591479170272446
4.123511679683243
4.148043694850275
1.9182958340544896
3.8194101502925317
3.9418840749551323
3.238901256602631
0.0
3.7865221495303647
4.0559581516151235
3.6553362295323457
4.070861505025196
3.6841837197791887
3.875070520364181
3.6897037321995465
3.3464393446710154
3.9590943713503313
3.378783493486176
3.3660913291191914
3.182005814760214
3.381620107948735
3.0220552088742005
3.5232314287976205
3.09306920777189
3.0220552088742
0.951994081908783
3.4632805178108104
3.7020361356068596
3.084962500721156
1.0562347841557007
1.108750978356054
0.998689844084022
1.1001788792823468
2.686278124459133
2.8962915290459277
3.5780011510322702
2.625814583693911
3.09306920777189
4.036040925839782
1.2577148214953864
3.4632805178108104
1.207518749639422
2.699513850319966
3.2810361125534233
4.132481466909276
3.566550005076266
3.84819862746841
3.4251185503571393
2.2516291673878226
3.5110854081804272
3.4536956853545315
3.88614658824991
3.708132064658602
3.598689764415767
3.7429310654137673
3.747603027810015
2.521640636343318
3.830277542259298
3.556656707462823
3.821520773344194
3.6944540106783688
3.824252831282987
3.292770193936991
2.9242735454782633
3.017439592489755
3.989778500580689
1.584962500721156
3.106890595608518
0.8683927290103626
1.0408520829727552
0.0
3.0830741894285696
3.180832987205441
3.640223928941851
3.6168746059562227
3.2402239289418517
3.128085278891395
3.7198523585646037
3.393740931562742
2.973557262275185
3.620214616820317
3.0850551027564768
3.4262096139809803
3.039148671903071
3.240223928941852
3.452819531114783
2.617492461184755
3.1692486956952335
3.632192121571194
3.8711781263822154
3.757048827786958
3.2946635862096048
2.725480556997868
0.9182958340544896
3.9857553604610656
1.0
3.5068905956085183
0.2761954276479391
4.046347534742066
3.640953458091162
3.6189237381886397
3.9334939821644284
3.321928094887362
3.202819531114783
3.509275070710713
3.555533151426996
3.188721875540867
4.08956386350711
3.342370993177109
3.6069367321753214
4.001083358695134
3.7425063238933975
3.8269570806484228
1.9219280948873623
3.180832987205441
3.368042422572715
3.6572682296173897
3.125
3.647742678581274
3.6245186549588984
3.419381945646371
3.6335059949783672
3.881727678869736
3.182005814760214
3.8625508211386914
3.5417435206018593
3.4613201402110083
2.7773627950641693
3.7887549139935026
2.873140679513133
3.182005814760214
3.139572261986723
3.006238928653389
2.9232314287976204
3.640223928941851
3.2368573034220742
3.4332696895151082
3.392147223664534
3.567040216926579
3.3660913291191923
3.085055102756477
3.25
3.2575004135020675
3.419381945646371
2.7806390622295662
3.572623663895163
3.694548827786958
3.452819531114783
3.6040317545551486
3.056564762130954
3.3401998765158556
3.556656707462823
3.507149999564497
3.006238928653389
3.4039894464852614
3.203701696057348
3.708048150071232
3.6168746059562227
3.175123135113461
3.7962176025900556
3.2639334294856344
3.286895754518763
3.2639334294856344
3.419381945646371
3.7294461949052566
3.3927474104487847
3.3927474104487847
3.180832987205441
3.5932696895151084
2.8553885422075336
3.3034651896016465
3.039148671903071
3.378783493486176
3.534219021180341
3.180832987205441
3.084962500721156
3.6178096843744543
3.2195282822995477
3.0850551027564768
3.607017709595356
3.943745751746656
3.661932872373582
3.5194716085213607
3.593657665390962
3.286629486786195
3.378783493486176
3.1898980954642875
3.3248629576173574
3.6818808028034016
1.188721875540867
2.918295834054489
3.821356722055469
3.8282375018429557
3.0130709291038453
2.984234164652489
3.2359263506290334
3.125
3.481714572986072
3.085055102756477
3.240223928941852
3.78531915698418
3.9209604877949844
3.5121884039686613
3.25
2.8451442836760013
3.8787912611280673
3.5092750707107125
3.4548223999466066
2.7192945256669794
3.584962500721156
1.6463136587255378
2.5566567074628237
3.7830140032660013
3.334679141051595
3.767183467891461
3.4992275471326932
3.4605295324716314
3.189898095464287
2.923231428797621
3.3927474104487847
3.835612557678308
3.4182958340544896
3.584962500721156
3.6537567082870006
3.953152587415111
3.679732565308962
3.5383105956150054
3.5395722619867227
2.1258145836939115
3.463465189601647
3.2516291673878226
3.180832987205441
4.058208073322318
3.4014228908019635
3.299896391167891
3.74894004700543
3.6536606896881856
3.3232314287976203
3.2516291673878226
3.084962500721156
3.4263674884732263
3.5368867237421666
2.7516291673878226
3.182005814760214
3.326360407952693
3.050301855434982
3.5724312513221195
3.0269868333592873
3.546439344671015
3.2359263506290334
3.2464393446710154
3.2516291673878226
3.6316501552834284
3.9180194076306383
3.9091598586362752
3.668384446476143
4.060303602030242
3.4859175795054957
4.028281314544828
2.0
2.8962915290459277
3.8824736246372256
4.145085825142714
3.630985019785137
3.493591409799299
4.062305474194334
2.7274972248524723
3.653756708287001
3.66829583405449
3.732158891364569
3.9567845255408174
3.3320953986601696
3.80491184032502
3.189898095464287
3.2359263506290334
3.2516291673878226
3.350209029099897
2.688721875540867
3.2516291673878226
3.2402239289418517
3.039353872167201
3.4464393446710155
3.6301203477506623
3.583616975397233
3.337175341123077
3.586738372078382
3.9962229297425793
3.775070520364181
3.5472605338703915
3.4642346527265664
4.116825978012781
3.902679737686644
3.6971597234241482
3.3464393446710154
3.8312762533752505
3.454986855772667
4.078474481146589
3.7935451893704855
4.126001084268102
3.4613201402110083
3.9144093452479405
3.202819531114783
3.3927474104487847
3.238901256602631
3.463280517810811
3.8731406795131327
3.378783493486176
3.841209532843154
3.7887549139935026
3.452819531114783
2.725480556997868
2.0
3.753434386188785
4.056932522195594
1.584962500721156
2.873140679513133
3.927975300790612
3.815164013567098
3.7541634277688813
3.8314018453921714
3.3362434129830603
2.610577243331642
3.25
3.2359263506290326
2.7773627950641693
3.7938922759968237
3.975070520364181
3.8589572866686432
3.733660689688185
3.4713544870139286
4.13616223817944
3.3371753411230776
3.996275156374203
2.952819531114783
2.8150724101159437
1.0
3.901754427398839
3.2359263506290334
3.125
3.4039894464852614
3.5440979071061225
3.5073801024236353
4.060528420741854
3.671149939070186
2.8073904508767225
2.9852281360342516
2.8553885422075336
3.3521355399069055
3.197159723424149
3.3787834934861767
3.4182958340544896
1.207518749639422
3.8063978738012305
1.965596230357602
2.374556048381884
2.355388542207534
2.358938532350277
2.107735252622104
1.9653059184883495
2.751629167387823
1.7924812503605778
2.1339375660949167
3.086048612313038
3.3927474104487847
2.7516291673878226
3.419381945646371
3.0503018554349817
3.039148671903071
3.182005814760214
3.452819531114783
4.064444228257801
1.086312840741288
3.71937582241537
2.625814583693911
3.4182958340544896
2.918295834054489
3.6168746059562227
3.57026318348897
3.9384964492986376
3.719294525666979
3.959266917046282
3.452819531114783
1.3346791410515946
3.238901256602631
3.3371753411230776
3.323231428797621
3.905725856260161
3.4864405016961446
2.872905595320056
3.632048827786958
3.9247998038820784
3.327819531114783
3.9829213398601384
3.1462863706621045
3.68354236243323
3.642371448743902
3.675217408288465
3.2267309150571264
3.2359263506290326
2.9182958340544896
3.5724312513221195
3.663532754804254
3.553123297652078
3.403989446485262
3.0696133354521735
3.1924178467769693
3.584962500721156
2.9182958340544896
2.9852281360342516
3.754441845713344
3.2402239289418517
3.584303179346712
3.1692486956952335
3.3532696895151077
3.98319563424773
3.6069559677688803
3.4117518537749354
3.240528260216712
3.46818194698418
3.8688581181447983
1.584962500721156
2.374556048381884
2.6016094970590276
2.7351008982538754
2.6748350309627495
2.7695314274204135
2.6008964233396186
2.2841591278514217
2.708694969562842
3.5090356337908912
3.7726095206097554
3.3005590923909534
3.970295689516504
3.734521664779752
3.4565647621309536
3.521640636343319
2.93299930663729
3.085055102756477
3.8446002180181487
1.5
3.3927474104487847
3.7080481500712326
3.2321018048454135
3.3248629576173574
3.4056390622295662
3.084962500721156
3.32323142879762
2.9689185639620974
3.378783493486176
3.0220552088742005
3.5
2.789898095464287
3.4992275471326932
2.688721875540867
4.0178094255228745
3.964735178725505
3.3927474104487847
3.9830072301048833
3.5836169753972325
3.5537631144722446
3.6320527396219857
3.4594705707972513
2.0
3.7045348998193433
3.8035088547976788
3.833371693654795
3.589898095464287
3.4841837197791885
3.621928094887362
3.9335300790527157
3.7683171311487866
3.9899868939197343
3.384183719779189
3.7933313582255996
3.2464393446710154
2.9312089489103235
2.950212064914747
2.869143654774311
3.880594698263936
3.506890595608518
3.208694969562842
3.6093203810937244
3.927516152798945
3.836192481723144
2.4137995646056805
3.056564762130954
3.6168746059562227
3.8349625007211565
3.816428031846024
3.5
3.2516291673878226
3.084962500721156
3.522055208874201
3.844106544814537
4.077695330355388
3.641604167868593
2.7068905956085185
3.1395722619867223
2.682588730501833
3.9142149083365423
2.9928560501604604
3.2866294867861945
2.625814583693911
2.794468414860447
3.854285871987246
3.1049034313963215
3.6728736574150385
3.1377226960166995
3.375
3.6706013151169143
3.6321921215711934
3.9643955295262856
3.9011462208004115
3.3086949695628416
3.4058222502856905
3.421928094887362
3.0220552088742
3.106890595608519
3.4464393446710155
3.8382426910248455
3.7362801326109922
3.6635327548042538
3.3815804883091634
3.675310868912364
2.5566567074628237
2.8553885422075336
3.25
3.521640636343319
3.4992275471326932
3.238901256602631
1.7004397181410922
3.4316235658474303
3.9035239700887416
3.175123135113461
3.1556390622295662
3.610577243331642
3.4613201402110083
3.857016588002657
3.1751231351134614
3.0105709342684834
2.5495234595978324
2.9078550230687448
3.1556390622295662
3.1898980954642866
3.139572261986723
0.0
3.084962500721156
3.039148671903071
3.1556390622295662
3.2729055953200556
2.927451224964519
3.474380085195674
3.3005590923909534
4.093156759106996
3.689822782008755
3.5841837197791886
3.2414460711655217
2.702904337188607
4.032956708171771
3.2564291375854406
3.414441303694973
2.82584593404075
3.9406976799969415
3.375
3.578001151032271
3.9414112774413756
1.584962500721156
3.180832987205441
3.421928094887362
2.9056390622295662
2.355388542207534
2.952819531114783
3.498068512058838
3.87672924817726
3.7189680195050956
3.2878662772365086
3.610577243331642
3.4235332098491895
3.782122224145306
3.326360407952694
3.4387218755408675
3.786762964036329
3.452819531114783
3.0071964896856174
3.666064849014044
3.6234651896016463
3.7201755214643453
3.771437029461126
3.584962500721156
3.057476076289932
3.894740916901472
3.1307179879273743
3.838039816898156
3.6415434454053344
3.7119764409053673
3.613608500731241
3.1307179879273748
2.6258145836939115
3.2359263506290334
3.7500417494084224
3.826615385895286
3.300559092390953
3.349122917508015
3.7356660681024443
2.950212064914747
3.521640636343319
3.0269868333592873
3.375
3.621928094887362
3.7224385005301968
4.012188403968661
3.182005814760214
3.8980685120588388
0.0
2.8731406795131336
2.7192945256669794
3.74532156572748
3.751629167387823
3.4039894464852614
3.6258145836939115
3.8441717599976717
2.8553885422075336
3.3841837197791884
3.821928094887362
3.625
3.30827083453526
3.7294461949052566
3.381580488309164
3.893662232510454
3.2359263506290334
1.0
3.2927701939369904
3.679626731448923
3.531198032323435
3.6153612582968924
0.8030717273241024
0.3372900666170139
3.5096856969120642
3.6693865592573567
3.238901256602631
3.1556390622295662
3.8606698055853372
3.8250171427456072
2.8553885422075336
3.675310868912364
3.561406329721843
3.8401998765158556
3.937737479059303
4.059357013045212
1.0
3.8040063852515473
3.7871439606981383
3.683856189774724
3.182005814760214
3.506890595608519
3.681880802803402
3.7516291673878235
3.452819531114783
3.3787834934861767
3.490601562950723
3.182005814760214
3.7294461949052566
3.4613201402110083
2.973557262275185
2.9182958340544896
4.0601456398153495
3.1556390622295662
3.689901581992151
4.139578387230264
3.551428065028506
3.5724312513221195
3.303701696057348
4.144486390291913
4.16004390915282
4.078006500775093
3.772609520609756
3.500283688055054
3.7671834678914604
4.004476833901341
0.9463729359854419
3.373557262275185
3.7216117239699007
3.077819531114783
3.5383105956150054
3.3716535224393334
3.521640636343319
4.00799441649887
3.3248629576173574
3.605388542207534
3.5849625007211565
3.8589515686893248
3.292770193936991
4.087700688141324
2.885103877330987
3.913786430761477
3.7541634277688813
4.0054890048118645
1.584962500721156
3.0311161724560187
3.6572682296173897
3.7080481500712326
2.9735572622751847
3.7088908482118885
3.588354347173234
3.30167366468188
3.8507157788450175
3.4219280948873623
3.0622732397771517
3.481714572986072
3.30827083453526
3.0220552088742
3.3248629576173574
3.0062389286533895
3.3660913291191914
3.182005814760214
3.3882870712362663
3.964388171700434
3.0269868333592873
3.6899015819921512
2.865576855207248
3.882814277103395
2.9182958340544896
1.2806721295208872
3.084962500721156
2.8553885422075336
3.3232314287976203
3.0269868333592873
3.057476076289932
3.1556390622295662
3.822885352281293
3.5632474239751413
3.488525294897748
3.6192509128388286
3.00531485689428
3.197159723424149
3.0220552088742005
3.3908054820769813
2.9312089489103235
3.084962500721156
3.772703618446691
3.7633584292311077
3.4613201402110083
3.814371943179627
3.9232314287976204
3.692279682039657
3.674674231978643
3.536886723742167
3.260828171224455
1.2494602799216175
3.319773835029478
3.083587370023807
3.868051015926778
3.821311940104173
3.6791250054740834
3.973700296182998
3.6225797618424918
1.584962500721156
3.7227942501741405
3.2927701939369904
3.854794906742941
3.546880788794847
3.978266505166421
3.1713731502314886
3.539148671903071
3.189898095464288
3.180832987205441
3.8263881412853658
3.8084217090907027
3.7232314287976207
3.2639334294856344
3.628085278891394
3.5585186130489053
3.677139104850461
3.587858798299509
3.0220552088742
2.827819531114783
3.0269868333592873
2.688721875540867
3.403989446485261
2.8402239289418523
2.7773627950641693
2.7806390622295662
3.7201755214643453
3.32323142879762
3.4548223999466066
3.951982052138818
3.188721875540867
3.1808329872054406
3.5883543471732335
3.7281057209397916
3.2608281712244547
3.461320140211008
2.9182958340544896
3.106890595608518
4.116269156295105
4.092073717559818
2.321928094887362
3.4613201402110083
3.5788023624917784
2.918295834054489
2.858278308418045
3.2195282822995477
3.3918926446809317
3.8570415290690545
3.7148697866030833
3.672905595320056
3.7821222241453056
3.9104404952185816
3.4314134569803287
3.3927474104487847
3.459147917027245
3.816856686124956
3.9994581877843993
3.8263453965186502
3.3376777797008614
1.584962500721156
3.0130709291038453
3.3519530742463752
4.072376775495455
2.307031672552926
3.077819531114783
2.751629167387823
3.334679141051595
3.2414460711655213
4.041277399432949
3.2516291673878226
2.8150724101159437
3.202819531114783
3.1776942711037672
3.521640636343319
3.582553499887157
3.488525294897748
3.8801799226757367
3.8588029144615943
2.8910611120726526
3.791073306496961
3.4841837197791885
3.240223928941852
3.9594862378055042
3.3521355399069055
3.836219957876417
3.773504130742206
3.889779079905774
0.5235878925732217
2.872905595320056
1.8919954870390203
1.870253816431622
3.140361163698484
3.803226566714246
2.8150724101159437
3.2927701939369904
3.0062389286533895
1.0408520829727552
0.7732283485249176
2.751629167387823
3.756795811071915
3.0269868333592873
3.182005814760214
2.584962500721156
2.353533948577482
3.3232314287976203
3.426367488473226
3.6023165585055525
2.873140679513133
3.784897702756409
3.504123773197531
3.188721875540867
3.974536289433514
3.9753578130089355
0.0
3.375
3.2359263506290334
3.202819531114783
3.0220552088742005
4.018171939471838
3.188721875540867
2.610577243331642
3.702471512219747
3.702819531114783
1.0
3.630412660873998
2.8553885422075336
3.655045546825804
3.1961547809328668
3.6607546627667134
3.663532754804254
3.5383201891060008
1.9864267287308424
3.25
3.3927474104487847
3.803078447433318
2.321928094887362
3.5724312513221195
3.690296503327815
3.238901256602631
3.375
3.6163485660751635
4.097587072786592
3.1995812306460647
3.8012809644479764
3.699803186777188
3.4316235658474303
2.8553885422075336
3.9032534436985373
3.788754913993502
3.378783493486176
3.2402239289418517
3.265319531114783
3.1018812234760182
3.4058222502856896
3.946039829247813
2.0
2.873140679513133
3.5905710812598666
3.085055102756477
3.6234651896016463
2.9834585933443494
3.4864405016961446
0.0
3.6841837197791882
3.734521664779752
3.341446071165522
2.8150724101159437
3.0441104177484006
2.8553885422075336
3.760017277849653
2.321928094887362
3.202819531114783
3.180832987205441
3.5777471629109447
3.5448806813171196
3.6707381969730632
3.176110251517254
3.493415261511253
3.8083044247034943
1.0
3.32323142879762
3.2359263506290334
3.2608281712244547
3.616348566075163
3.1556390622295662
2.8729055953200566
3.5368867237421666
3.0957952550009344
3.8477426785812736
3.4565647621309536
3.3927474104487847
3.146439344671015
3.3787834934861767
3.2516291673878226
3.4251185503571384
3.3464393446710154
1.0389205950315936
3.9356498918388865
3.7622673906514947
3.990009704040741
3.6995138503199656
3.392147223664534
3.5659573209491744
3.8023007872903682
3.6211755429194716
3.9377519554085865
3.7699121996421168
3.605388542207534
3.782122224145306
3.8391847834261106
1.584962500721156
3.332918760802451
2.8423709931771084
3.7003669748170993
3.708132064658602
3.146286370662105
3.6521147627546076
3.5760107890421007
3.690260390968384
3.079225801519103
3.25
3.8646983261669603
3.832810736843128
3.9696073391174043
3.938654716746413
3.9531525874151106
3.0269868333592873
3.6782129458410004
4.055160377879215
4.110120242909945
4.030499814256865
3.984955940252426
3.9704845712152497
3.2583552074758138
3.1898980954642875
2.950212064914747
4.003819446102057
3.756795811071915
2.789898095464287
3.8729607398712274
3.7635585991342375
0.0
4.131690170131419
2.730467373953645
3.414441303694973
4.036334296830903
0.9182958340544896
3.0027306496358537
3.1708346163499623
3.208884070537635
3.606936732175321
2.915151234499248
3.5464393446710156
3.530493056757482
3.521928094887362
3.8250705203641813
3.8136606896881853
3.4613201402110083
3.182005814760214
2.8423709931771093
3.0220552088742005
2.8955056206115373
3.6133373140453067
3.6978458230844122
3.708132064658602
3.32323142879762
3.1464393446710153
3.838640175840677
3.997202056132808
3.189898095464287
3.1556390622295662
4.000951874233959
1.5682541681891073
3.188721875540867
3.146286370662105
3.6978458230844122
3.363286923996055
3.3735572622751855
3.808768198567055
3.0849625007211556
3.6841837197791887
3.6292196865240967
3.594465636961452
3.6572682296173897
3.039148671903071
3.602588858694238
3.9784108040822326
3.260828171224455
3.1775662320965252
3.378783493486176
3.337175341123077
3.750861688010103
4.0251327245427015
4.047085133395088
3.6802557931123943
3.685917579505496
3.830936574458049
2.0
3.0269868333592873
3.0463811129458835
3.8404025467025056
3.202819531114783
3.736006946447657
1.3382689280764646
3.5220552088742005
3.039148671903071
3.375
3.7483286603655737
3.2806390622295662
2.706890595608519
3.327819531114783
2.732914563979398
2.755123044017255
3.182005814760214
3.7593620671709997
3.381580488309164
4.006295260412338
3.2195282822995477
3.5041206053780476
4.055699523474115
3.4030741894285694
3.2733494559629497
3.4182958340544896
3.798987726958643
3.546439344671015
3.890319531114783
3.754163427768882
3.6283621207766186
2.6612262562697895
3.8484226636198593
3.73012046687276
3.507380102423635
3.2390979179887864
3.9109571179871767
3.8363327375504577
3.9398290174664017
3.1556390622295662
3.1841837197791887
3.9610590056187522
3.2516291673878226
3.572431251322119
3.084962500721156
3.4548223999466066
3.5726236638951634
3.48582592784901
3.4072682296173897
3.7735572622751845
3.7534343861887853
2.8553885422075336
2.53414684380524
2.3301249653149703
2.199687794731328
2.074164743022575
4.0864943686086965
2.0
3.6037016960573474
3.9224377286818597
3.759190504228864
3.7821222241453065
3.1158340921632197
3.620936064750772
3.0220552088742005
3.323231428797621
3.538310595615005
3.4548223999466066
3.7004397181410926
3.0269868333592873
3.2359263506290334
3.2516291673878226
3.7201755214643453
3.0849625007211556
2.7773627950641693
3.375
2.584962500721156
3.238901256602631
3.76429908806447
3.6818808028034016
3.7541634277688813
3.7950885863977324
3.782122224145306
3.8035088547976788
3.1395722619867223
3.5160276412662297
3.4316235658474303
3.8841550945958048
3.2516291673878226
3.991321217399862
3.5841837197791886
3.8396807176929073
1.584962500721156
2.8731406795131336
3.3908054820769813
3.522055208874201
3.613337314045307
3.4464393446710155
3.2516291673878226
3.5465935642949384
3.5110854081804264
3.584183719779189
3.7516291673878235
3.4414460711655215
3.390805482076982
3.5383105956150054
3.459431618637297
4.209644865748568
2.0
2.835237745312118
3.180832987205441
3.873235826376328
3.6168746059562227
3.7552795084260575
3.2883201891060003
3.459431618637297
3.4841837197791885
3.447401504705915
3.0565647621309537
3.6841837197791887
3.6572682296173897
2.6644977792004614
3.6841837197791887
2.8553885422075336
2.954986855772667
2.8553885422075336
3.521640636343319
2.873140679513133
3.5124792706912316
3.0269868333592873
3.4841837197791885
4.040336627956066
2.3990822476898996
3.0220552088742005
2.8073549220576037
3.452819531114783
2.751629167387823
3.576617644908665
3.754441845713344
3.884183719779189
3.2359263506290326
1.483831706844689
3.3371753411230776
3.6644977792004623
2.974937501201927
2.918295834054489
3.327819531114783
2.654255313215029
3.108694969562842
3.784941827437642
3.459147917027245
3.5325732575026194
3.084962500721156
3.3921472236645345
2.8895494308620884
2.931208948910323
2.873140679513133
3.4548223999466066
3.772055208874201
1.207518749639422
3.768554778059021
0.6784070909375675
1.5220552088742005
1.6049355947431312
2.8423709931771084
3.471354487013928
3.4970558484728045
3.327819531114783
3.1395722619867232
3.084962500721156
2.984234164652489
3.4677201004744993
2.873140679513133
3.623465189601646
3.3273399000835084
3.7929044863203765
3.180832987205441
3.8843728207539816
3.779528989293003
3.3091638133836807
4.015212434638444
2.321928094887362
3.8339621080817397
3.5
3.456564762130953
3.084962500721156
3.6536606896881856
3.3082708345352603
3.084962500721156
3.25
2.7898980954642867
3.8035088547976788
3.5
2.8150724101159437
3.721968373318216
3.934596653883523
3.9141860072022188
3.7685547780590207
3.6753108689123644
3.6711868039463837
3.326360407952694
3.5818285888587442
3.452819531114783
1.875
1.5694452621548822
1.7244193583486018
3.7931869927298494
3.8962915290459272
3.0565647621309533
3.2516291673878226
3.5566567074628224
3.506890595608518
3.006238928653389
3.2402239289418517
3.2359263506290326
3.2033650875091753
3.0441104177484006
2.5654483718208256
3.039148671903071
2.751629167387823
3.0849625007211556
3.8488846166291197
3.182005814760214
3.6452830147930797
3.2903216092483056
3.32323142879762
3.039148671903071
3.9455007015706705
3.7404155298816324
3.7774774616020825
3.2806390622295662
3.5032583347756456
3.889042576411809
3.0269868333592873
3.0
3.2516291673878226
2.6258145836939115
2.9738169697185035
3.6211755429194716
3.4565647621309536
3.5535088547976788
2.835237745312118
3.3927474104487847
3.6644977792004623
3.572431251322119
3.039148671903071
3.1952959344962157
3.327819531114783
3.751629167387823
3.25
3.4314134569803287
3.327819531114783
3.106890595608518
2.6887218755408666
3.2359263506290326
3.691428031846024
3.3371753411230776
3.4397106501513606
1.584962500721156
3.188721875540867
3.676440908696869
3.9947641270344936
3.350209029099897
3.6897037321995465
2.931208948910323
3.7201755214643453
3.5944825065194204
3.849223912390625
2.699513850319966
3.373557262275185
3.4906015629507228
2.1258145836939115
1.4182958340544896
2.42976458886514
2.5495234595978324
2.310622125672475
3.577819531114783
3.3005590923909525
3.86063100060012
4.037567002698551
3.379470570797251
3.526129815595918
3.676440908696869
3.2639334294856344
3.2728043273346197
3.6926965183679465
3.371653522439334
3.795855909956762
3.907734270742486
3.3758145836939115
3.4266160458809476
2.8553885422075336
2.952819531114783
3.7830140032660013
3.681880802803401
3.6732696895151076
3.5539879615995313
3.7742305016943636
3.79997938504983
3.6248806498697426
2.9852281360342516
3.8128246506921566
3.6572682296173893
3.8655768552072476
4.047212717680749
3.4992275417233567
3.9139770731827515
3.418295834054489
3.2516291673878226
3.6075365904066783
3.101881223476018
3.6339740759971573
3.238901256602631
3.25
2.4116022179746714
3.596683891757928
3.9714691434669263
3.238901256602631
3.3349625007211565
3.8615571983092187
3.3921472236645345
3.3787834934861767
4.0129420962692155
3.7034651896016464
3.5849625007211565
3.4039894464852614
3.2516291673878226
3.077819531114783
2.9735572622751847
3.7022931633124205
3.0708470936225174
3.4462220539692967
3.664009139167992
4.022997913347903
2.0
2.918295834054489
2.8232196723355076
3.572469458770136
3.7639657428240816
3.9815549793578726
3.418295834054489
2.5622921890824144
2.660641339081467
2.4996981431844145
2.4173206585968416
2.7725288392956537
2.7550548814902096
2.805486884150601
3.869331261111518
2.751629167387823
3.373557262275185
3.414441303694973
3.621175542919471
3.182005814760214
1.2100285140347624
1.7695459925589747
2.789898095464287
3.366091329119192
2.287783719941071
2.687323068474994
2.808694969562842
2.927451224964519
2.606238928653389
3.1307179879273748
2.872905595320056
3.30827083453526
3.5068905956085192
3.884600662692359
3.4548223999466066
3.546439344671015
3.418295834054489
3.861983513035609
3.88043567506845
3.7004397181410926
3.084962500721156
3.5068905956085183
3.9970835809578693
3.0849625007211556
2.8553885422075336
3.0062389286533895
3.180832987205441
2.6995138503199656
3.614369445886757
3.943547896056204
3.530493056757482
3.606015279620733
4.053344535412121
3.9927087708004674
3.4548223999466066
3.4251185503571393
3.327819531114783
3.577819531114783
3.454986855772667
3.3927474104487847
3.6292196865240958
3.756795811071915
3.5640278171674895
2.792481250360578
1.49692754611459
3.852676197426378
3.3248629576173574
3.4332696895151087
3.589898095464287
3.230396411099389
3.572469458770136
4.112630162212929
3.4056390622295667
3.499227541723357
2.0
3.614369445886757
3.6143694458867563
3.3232314287976203
3.238901256602631
3.5110854081804272
3.386842188131012
3.729446194905257
3.623516641218015
2.923231428797621
3.6622838019512773
3.202819531114783
2.7773627950641693
3.238901256602631
2.827819531114783
3.4992275417233567
3.327819531114783
3.5160276412662306
3.3464393446710154
3.481661512101756
3.09306920777189
2.9852281360342525
3.4548223999466066
2.4508257945180882
3.8641982977690223
2.8553885422075336
3.327819531114783
2.9232314287976204
3.484183719779189
3.8279097821439705
3.818836487754104
2.6455933144511468
1.192250860234642
0.5689955935892812
3.7181390622295662
3.3660913291191923
3.327819531114783
3.238901256602631
3.2806390622295662
3.174693951646702
2.923231428797621
3.4400701165495122
2.8731406795131336
3.084962500721156
3.2516291673878226
3.661932872373583
2.952819531114783
3.5996537339472034
3.7254805569978675
3.664019802226558
3.720269715325199
3.53624341298306
3.7409532604048397
3.9880525411940555
3.801108500731241
3.2037016960573483
3.2516291673878226
3.2516291673878226
4.13257084601443
3.260828171224456
3.327339900083509
3.3263604079526936
3.521640636343319
3.6644977792004623
3.2608281712244547
3.0269868333592873
3.1158340921632197
3.1751231351134614
3.375
0.8180959929710641
3.463280517810811
1.7055872616982601
1.7633584292311082
2.355388542207534
2.216521698179525
2.358938532350277
2.355388542207534
3.5944825065194204
3.084962500721156
3.640829040836849
3.4557980220350073
3.25
3.703465189601646
3.4399364703978077
3.465018266288633
3.4685766296878655
3.516928302492796
3.180832987205441
3.7232314287976207
3.4474015047059146
3.814223813709981
3.5766176449086657
3.139572261986723
3.4745049881054295
3.5160276412662297
2.950212064914747
3.299896391167891
3.4613201402110083
3.555533151426996
3.5535088547976788
3.106890595608519
3.3787834934861767
3.7843684875968617
2.866247897312731
3.189898095464287
3.3087513512471665
3.375
3.3927474104487847
3.8013774524295485
3.026986833359287
2.8553885422075336
3.085055102756477
2.9689185639620974
2.8553885422075336
3.852586773081461
2.969389419529156
3.676440908696869
3.2516291673878226
3.813206528961766
3.180832987205441
3.2359263506290334
3.3401998765158556
4.217161006957207
3.711680890437426
3.957321989453213
4.214718719146545
2.0
3.8873498154969774
3.7224385005301968
1.0
3.1395722619867232
2.7806390622295662
3.2927701939369904
3.6314018453921717
4.112376749721739
3.5944825065194204
3.610577243331642
1.584962500721156
3.238901256602631
3.373557262275186
3.7317461816973854
3.371653522439334
3.9502120649147465
3.693618393936459
3.9607379067204946
3.7834651896016465
3.2516291673878226
3.84152726285211
3.833692182344298
3.374418313907282
3.8023035129024714
2.0
3.4613201402110088
3.0062389286533895
3.0220552088742005
2.873140679513133
3.7405198931769967
3.7950885863977324
2.827819531114783
3.0269868333592873
3.0220552088742
3.378783493486176
3.2359263506290334
3.5724312513221195
3.1867043459100244
3.4613201402110083
3.0269868333592873
3.0220552088742
3.589898095464287
3.703144940981576
3.939020871502711
3.0957952550009344
3.655045546825804
4.158659712448833
4.041206751102175
3.708132064658602
3.955413118513165
3.327819531114783
3.787326145256008
4.019190628870843
3.8746821423186586
3.8559266994775947
3.985110524123532
1.0
3.2516291673878226
3.3825680832760767
3.182005814760214
2.8553885422075336
3.260828171224455
4.074894599278573
3.5514621540398004
2.0
4.037139140047083
4.160199677613435
4.201784751018512
4.077647465675996
3.9232314287976204
4.036867851726318
3.6339740759971577
4.0459221445496665
1.584962500721156
3.7666404471085677
3.6163485660751635
3.36030597770208
3.796960730356964
3.3716535224393334
3.732158891364569
3.7720552088742005
3.675310868912364
4.027525460370792
3.652518266288633
3.6729972717965285
3.8561983328100946
3.336038815261278
3.8428780212066234
4.036738005789825
3.546593564294939
3.2195282822995477
3.91379956460568
3.0269868333592873
3.2389012566026314
3.925405392539033
3.6841837197791887
4.107017709595356
3.139572261986723
3.950063756436209
1.086312840741288
1.0529407605626346
3.4992275471326932
3.584962500721156
1.7055872616982601
3.8230679822736606
3.3660913291191923
3.0850551027564768
3.7527243339694962
2.66122625626979
3.721928094887362
2.625814583693911
3.188721875540867
3.2516291673878226
3.767894147619623
2.5220552088742005
3.6277635530073993
3.985100134536712
3.2516291673878226
3.7140402685290668
3.32323142879762
3.8937164971987057
3.202819531114783
3.762310736133871
3.056564762130954
3.366091329119191
3.699337068847133
3.6270941213836965
3.7198523585646037
3.503258334775645
3.0269868333592873
3.2720552088742005
2.918295834054489
3.7806390622295662
3.9565442352077045
3.084962500721156
2.8553885422075336
3.7586949695628413
3.767183467891461
3.2927701939369904
3.202819531114783
3.4548223999466066
3.588354347173234
3.180832987205441
3.2729055953200556
3.9243621055993345
3.6722879613139203
3.6914280318460246
2.311278124459133
2.7773627950641693
3.630412660873998
3.2516291673878226
3.2414460711655213
3.5841837197791886
3.3688840705376353
3.5766176449086653
2.873140679513133
3.0269868333592873
3.1395722619867223
3.2886784087714713
3.32323142879762
3.506890595608519
2.8962915290459277
3.378783493486176
3.1808329872054406
3.7483286603655737
3.725588129810024
3.202819531114783
3.2658813699600984
3.9569455045944784
3.2516291673878226
3.892864766691281
3.327819531114783
3.2227885811475985
3.7643400727516183
3.752637018154629
2.899397470347699
3.760017277849653
3.9281752624851056
4.024652318106758
2.8638263900908156
3.8989355271578914
4.020855120471211
3.4104172527605203
3.9787461594607274
3.2359263506290326
3.084962500721156
3.6464393446710153
3.7841837197791888
2.9852281360342516
3.7360069464476573
3.239097917988786
3.403107168362811
3.686419411348773
2.8553885422075336
3.576617644908665
3.4992275417233563
3.51602764126623
3.572431251322119
3.346439344671015
2.8962915290459277
3.728502115742625
3.1751231351134614
2.792481250360578
3.6168746059562227
3.640223928941851
3.8634651896016456
3.8589572866686432
3.25
3.2359263506290334
3.606936732175321
3.734521664779752
3.572469458770136
3.2516291673878226
2.3299574748443264
3.4397106501513606
3.350209029099897
3.829081540788489
1.584962500721156
3.4632805178108104
3.203701696057348
4.067292747613296
2.7414460711655217
2.7192945256669794
4.112691579564173
0.0
3.5
3.3927474104487847
3.5394705707972514
3.0849625007211556
3.640223928941851
3.942463780169687
3.997138493057672
4.035886421249859
3.8426804454548367
4.012994495486799
3.452819531114783
3.923713870694672
2.441923520601099
2.625814583693911
3.421928094887362
3.615171310247296
3.7736843762620227
3.716732087977215
3.926644727101004
3.6764409086968683
3.106890595608518
4.046924353638693
4.004344446367528
3.9213948512707537
2.9852281360342516
3.907665351945351
3.88353860035797
3.9814678722160552
3.5383105956150054
3.0565647621309537
1.6879430945989
1.1451104143815827
3.7377451654565217
3.7201755214643453
3.240223928941852
3.1971597234241487
3.3660913291191927
2.5566567074628237
3.077819531114783
3.777362795064169
3.763965742824081
2.663532754804255
3.594465636961452
3.4594316186372973
3.350209029099897
3.5503407095463877
3.1751231351134614
3.745406425938248
1.188721875540867
3.5227119556807582
4.0310840311672695
1.584962500721156
3.7953710165710888
3.1751231351134614
3.5002836880550534
3.239097917988786
3.189898095464288
2.422579761842491
3.43162356584743
3.3787834934861767
3.350209029099897
3.334679141051595
3.3248629576173574
3.0269868333592873
3.5068905956085183
3.6901165175936654
3.3502090290998976
3.6536606896881847
3.503701696057348
3.5766176449086653
3.084962500721156
3.127986806877675
2.251629167387823
3.551120133663054
3.506890595608519
3.240223928941852
3.084962500721156
2.866247897312731
3.202819531114783
3.446439344671015
3.6537567082870006
3.7661699178357217
3.2810361125534233
3.296148374747623
3.922573883611434
3.3841837197791884
3.778662342334101
3.6504103051739905
3.0220552088742
3.9701755214643453
3.202819531114783
3.2516291673878226
3.317640005966217
3.0269868333592873
3.1068905956085184
3.8252517372886503
3.594465636961452
1.4345491399952024
1.5503407095463881
3.373557262275185
3.4841837197791885
3.841107013300811
3.418295834054489
3.4273334938982645
4.089309698633965
3.779528989293003
3.2406015629507228
3.0849625007211556
3.3232314287976203
4.112249350342464
1.419035274338866
3.523564686198047
3.0994364124846885
2.660129752633257
3.182005814760214
1.5510314918869876
3.238901256602631
3.977754703507099
3.093069207771891
3.6349899593311
3.0849625007211556
3.9214526792219
3.085055102756477
3.2319461881351823
3.675310868912364
3.3232314287976203
3.182005814760214
3.7974676329840045
3.2516291673878226
3.139572261986723
3.484684315278137
3.146286370662105
3.8150610122030697
3.9891114682308952
3.9302252658009036
3.7043494289560517
3.25
3.4713544870139286
2.8731406795131336
3.378783493486176
3.468576629687865
2.918295834054489
3.084962500721156
0.9055872616982603
3.837866115419937
3.1728107335198645
3.7544418457133446
3.4695443569727313
3.182005814760214
3.7774444381599674
3.6133373140453067
3.5383201891060003
3.9003768064247852
3.8900892339739777
3.6858629894699373
3.5654483718208247
3.521640636343319
3.463280517810811
3.3711045993081328
3.873871437641659
3.2359263506290326
4.028484624860438
3.085055102756477
2.950212064914748
4.135611673424671
3.9694159856349613
2.9219280948873623
1.0
3.0849625007211556
2.777776811456787
3.471354487013928
3.2402239289418517
3.6243797016511126
3.71937582241537
3.084962500721156
3.261842390463366
3.51602764126623
3.182005814760214
3.0062389286533895
3.2810361125534233
4.081076880026371
3.506890595608518
3.6818808028034016
3.521640636343319
3.827854076188646
3.664911221450014
3.760017277849653
3.3787834934861767
3.09306920777189
3.182005814760214
3.238901256602631
2.9659573209491747
3.350209029099897
3.5102272455791415
1.5
3.4192509128388284
4.055351276483659
3.983765620897062
4.10700885278099
3.6465266557624116
3.6349899593311
3.9281244852357995
1.584962500721156
3.4800836951874485
3.8187183321635785
3.495461808734148
3.7993107591983
3.202819531114783
2.918295834054489
3.8515862886170362
3.891673441871428
4.009797897738578
4.163292105166642
0.9182958340544896
2.944741565632261
2.8974076197009215
2.8731406795131336
2.8731406795131336
2.7345123817507715
2.827819531114783
4.154172450712308
2.8553885422075336
3.8343047653353453
3.763292105166642
3.5535088547976788
2.7464393446710154
3.0104340890333376
3.4500288754484654
3.5804621997271013
3.8188705959931353
3.6814858646235926
3.9677686410953994
3.1826831892554917
2.8553885422075336
1.198183947911799
3.4225779953216042
3.6504103051739905
3.3248629576173574
3.6512851552462813
3.3263604079526936
3.6261827871710364
3.755057619938307
3.950085933152504
2.9312089489103235
3.2516291673878226
3.6074753914554893
3.6484318362032018
3.765319531114783
3.740315565986995
3.630412660873998
3.9139770731827515
3.452819531114783
3.8808920477690365
3.40582225028569
3.8380398168981555
2.984234164652489
3.91211389097223
3.6619328723735824
3.5585186130489057
3.125
3.4701755214643453
3.824533406881911
3.1898980954642875
3.630412660873998
3.079442694155571
1.8230936889603302
2.79714030750189
1.0
3.803226566714246
3.816428031846024
3.334679141051595
2.744842531753244
3.7417292966721747
3.597558387024489
3.238901256602631
2.9559130951758243
3.239097917988786
3.9698461024565455
2.8553885422075336
3.95805954283763
3.3787834934861767
3.657385276650178
3.658900271039245
3.5944656369614516
3.822526555556414
3.238901256602631
3.323231428797621
3.3927474104487847
3.238901256602631
3.065957320949175
1.994299475957303
2.625814583693911
3.8542227440216
3.6980685120588386
1.4936606896881859
2.873140679513133
3.238901256602631
4.019020576108617
1.4779744637854844
1.0949143184120975
1.768853837616
0.41381685030363374
2.099601752714581
2.0741647430225756
1.3709505944546687
1.6954618442383218
3.327819531114783
0.9933927290103626
3.576617644908665
3.521640636343319
3.7292231345469684
3.0269868333592873
3.534219021180341
2.776724800062121
3.3787834934861767
3.40582225028569
3.4548223999466066
3.006238928653389
3.0220552088742
3.536886723742167
3.979685980952818
3.5383105956150054
2.8553885422075336
3.4030741894285694
3.0269868333592873
3.5883543471732335
3.2359263506290326
3.452819531114783
3.892856662748456
2.873140679513133
3.9500637564362093
2.8553885422075336
3.4136606896881854
1.856564762130954
2.573557262275185
2.2498711329263923
3.084962500721156
3.0269868333592873
3.3787834934861767
0.9463729359854419
3.742081379226142
3.8042292966721747
3.4565647621309536
2.792481250360578
2.744842531753244
3.7010606153279957
3.7550576199383063
2.9708400131019848
3.893339630974666
3.9359357962188977
3.5261298155959175
3.64357726254524
3.189898095464287
3.308751351247166
3.8488846166291197
3.884155094595805
3.521640636343319
3.0220552088742005
3.6424346494648048
3.676440908696869
3.4029342381953893
3.5485579975023924
3.3927474104487847
3.1751231351134614
3.9969077787485965
3.8274554708857464
4.101862641867168
3.5500976868678835
3.0220552088742
3.4846843152781375
3.9927087708004674
3.346439344671015
2.792481250360578
2.6389205950315935
3.5068905956085183
3.039148671903071
3.9357276594930415
3.084962500721156
3.459491160199153
3.327819531114783
3.8593587859541674
3.838804369244613
3.327819531114783
1.584962500721156
2.8962915290459277
3.084962500721156
4.126438551199932
4.100212212626704
3.906432072043321
3.765319531114783
3.373557262275185
3.743377462774617
3.2806390622295662
3.7080481500712326
3.9451318349306903
3.9209339103550787
2.8423709931771093
1.9637003815258751
2.4056390622295662
3.30827083453526
3.9542407847241368
3.8501150451482062
3.8397755396455073
3.772055208874201
4.064468304875446
2.9182958340544896
3.4357554339416274
3.9368630449519544
2.4416298737872246
3.615957320949174
3.1018812234760182
3.085055102756477
3.783014003266001
3.8118597626451756
3.348152531290259
3.625
3.2359263506290326
4.135234743489788
2.794653473544342
3.2475767369558097
3.4868846325059937
3.507380102423635
3.4613201402110088
3.292770193936991
3.0220552088742005
3.4695443569727304
3.463465189601647
3.176110251517254
2.8553885422075336
3.6105772433316425
3.366091329119192
3.2728043273346206
3.555533151426996
2.931208948910323
3.643074189428569
3.6070106193991474
3.0269868333592864
3.6257284757259116
3.8526555965581872
3.495574960495609
2.656629481830561
2.6622301466508205
3.6841837197791887
3.5535088547976783
3.2946635862096043
2.9219280948873623
3.538310595615006
3.7256507561120924
2.921652379773267
2.6998594471019968
3.850775953397134
3.7636467706769263
3.981273804428358
3.6572682296173897
3.9774407818866533
0.0
3.546439344671015
2.792481250360578
3.5739348962840563
3.146286370662105
3.175123135113461
3.5841837197791886
3.180832987205441
3.2516291673878226
3.0849625007211556
3.6023165585055525
3.7256507561120933
3.232101804845414
2.6258145836939115
4.0894159987416385
4.047125188360718
3.238901256602631
3.0574760762899316
3.085055102756477
2.7516291673878226
3.452819531114783
2.8553885422075336
2.873140679513133
3.039148671903071
3.180832987205441
3.2516291673878226
3.2516291673878226
3.2402239289418517
3.5350662373137696
3.6841837197791887
3.5766176449086653
3.4677201004745006
2.952819531114783
3.5554141844097327
2.873140679513133
3.238901256602631
2.063202513215852
3.09306920777189
3.2810361125534233
3.202819531114783
3.180832987205441
3.7950885863977324
3.3921472236645345
3.625
3.175123135113461
3.6835423624332306
3.5032583347756456
3.530493056757482
3.8514097655573916
3.375
4.06890311416584
3.3535339485774815
3.8667292966721747
2.688721875540867
3.9876274622721506
3.588354347173234
3.202819531114783
3.7754758472091443
3.6065654206712336
4.054873395496575
3.4677201004745006
3.9154242623620825
2.4863286677871854
0.6193821946787638
3.7508616880101027
3.875
3.085055102756477
3.2516291673878226
3.0850551027564768
3.8665871058289594
3.621175542919471
3.898115273942663
3.4251185503571393
3.0849625007211556
3.1377226960166995
3.824024822459916
3.821311940104173
0.6052912052261445
3.456564762130953
3.5503407095463877
3.4548223999466066
3.4316235658474303
3.5585186130489057
3.4039894464852614
3.2885023057715044
3.897490400618925
3.7771037481386167
3.605337797403416
3.239097917988786
3.651210641914682
2.751629167387823
2.8553885422075336
3.3248629576173574
1.7004397181410922
1.4885252948977485
1.6578764348499595
2.918295834054489
3.085055102756477
3.169372148594611
2.78845045730829
3.1751231351134614
2.8073549220576037
3.1898980954642875
3.7622673906514947
3.326360407952694
3.1018812234760182
3.7360069464476573
3.1751231351134614
3.8774437510817337
3.202819531114783
3.378783493486176
1.0408520829727552
3.0849625007211556
4.043419617403769
3.830086238022219
3.660169450009578
1.584962500721156
3.9949080155513688
3.572623663895164
3.433269689515108
3.363286923996055
3.935586144002992
3.6314783907408072
3.883337460421007
3.521640636343319
4.062247342535011
3.0220552088742005
3.182005814760214
2.4579195645645373
2.189010909298125
2.2877837199410704
1.8892464285091581
2.267117875964918
2.406647097785926
2.919902579793958
2.974937501201927
2.288019280279689
2.1492799881316267
2.422579761842491
2.792481250360578
3.454822399946607
3.2516291673878226
3.53287868934203
3.189898095464287
3.125
2.8553885422075336
2.751629167387823
3.7254805569978675
3.084962500721156
3.084962500721156
3.2359263506290334
3.950063756436209
3.2516291673878226
3.5465935642949384
3.09306920777189
3.2866294867861945
3.139572261986723
3.2516291673878226
3.0220552088742
3.454822399946607
4.1252470072463785
3.898179493894496
4.009977743946784
1.584962500721156
3.8250705203641813
4.099457804467788
4.218155296187847
4.108223442700195
0.0
0.8997437586982626
3.2610276044371003
2.625814583693911
3.3841837197791884
4.02017787617662
2.0
3.6143694458867563
4.210695248944514
3.4474015047059154
4.063282816864997
3.6407071509859774
3.869770463892098
3.3660913291191914
3.077819531114783
3.530493056757482
3.7483286603655737
3.6388301270322074
3.5766176449086657
2.9548982571697784
0.8030717273241024
1.2516291673878228
3.75
3.1164085657700444
3.572431251322119
1.186278124459133
1.1941737342569119
3.5342190211803413
3.327819531114783
3.6514789228933084
4.002736171594003
3.925455339106605
2.7321588913645702
3.702819531114783
3.056564762130954
3.572469458770136
4.063347346742435
3.546439344671015
3.425118550357139
3.7849418274376423
3.9518644407586634
3.5110276044371003
3.9056483506469326
3.0269868333592873
3.2905139058909842
3.207707064470474
2.6835423624332306
2.5025980682472606
2.8423709931771093
3.086048612313038
2.8553885422075336
3.311080496244278
3.4938558261020782
3.546439344671015
3.3921472236645345
3.039148671903071
2.9852281360342525
2.8855130303998817
2.8150724101159437
3.3728408024272363
3.5099939521565577
2.8655768552072485
3.346439344671015
2.345851989338261
3.5758396667352437
3.3446983751597124
3.9225895736416696
3.5836169753972325
3.3787834934861767
3.4594911601991525
3.536886723742167
3.628928031846024
0.6998428398862386
2.8073549220576037
2.889549430862088
3.572469458770136
3.180832987205441
2.873140679513133
4.082040393083127
3.8559507839429035
3.91555328506335
3.337175341123077
3.2927701939369904
3.7510307038727513
3.615817594675933
3.831401845392172
3.0220552088742
3.964994255614755
3.2516291673878226
3.0849625007211556
3.0269868333592873
3.7192945256669785
3.2639334294856344
2.6235166412180155
3.558518613048906
3.5645404777369887
3.1087032036378974
3.7550947056365804
3.175123135113461
3.180832987205441
3.4548223999466066
3.5724312513221195
3.368042422572715
3.1068905956085184
3.5110854081804264
3.0062389286533895
3.855388542207534
3.239097917988786
2.827819531114783
3.6044782849464054
3.5800503514647373
3.182005814760214
3.965071937166603
3.7686295786420683
3.3388043692446137
3.7381493331928657
3.880251085560842
3.2516291673878226
3.2195282822995477
3.990705473685234
1.207518749639422
0.9444885341662053
3.238901256602631
3.182005814760214
3.0850551027564768
3.4273334938982645
3.521640636343319
2.4591479170272446
3.4464393446710155
3.6158175946759337
3.327819531114783
3.182005814760214
0.0
2.865576855207248
3.30827083453526
1.3709505944546687
3.7354408540953488
3.8488846166291197
3.7572985961468186
3.7468422480983823
3.96881858698966
3.029452044030914
3.166812680413122
3.121928094887362
1.0
4.018109425276749
3.55592698363834
1.0
3.817454610009673
3.418295834054489
3.924180543526771
3.401363669197544
3.1898980954642875
3.606936732175321
3.5246850668814873
3.180832987205441
3.5465935642949384
2.7719023720385585
3.8646983261669603
3.419381945646371
0.8166890883150209
1.5055213905049434
3.0565647621309537
3.373557262275185
3.1068905956085184
3.735015641798042
3.6838561897747235
3.7803946541231945
3.916579706419834
3.4677201004745006
3.951928884610839
4.171592761694105
1.0
3.043010734149562
3.522711955680758
3.4037016960573485
3.5881641487116807
4.016727547861005
4.049608100609453
3.1961547809328668
4.056087711500155
1.5
3.7534343861887853
4.0833047358391035
2.8150724101159437
3.3841837197791884
4.005803398344303
1.0
3.3927474104487847
3.46328051781081
3.203701696057348
3.484183719779189
3.0269868333592873
2.4591479170272446
3.6901165175936654
3.369331261111518
3.1841837197791887
3.1365816826634814
3.5068905956085183
3.431401845392172
3.2810361125534233
3.139572261986723
2.573557262275185
3.1464393446710157
3.396782221599798
3.7841837197791888
3.813063416819414
3.8582200578365025
2.827819531114783
3.0269868333592873
3.572431251322119
3.4983471493992453
3.180832987205441
3.521928094887362
3.327484781955842
3.5035391228040247
3.521928094887362
3.7086733536293117
3.308751351247166
3.8691229358493056
3.1018812234760182
3.625
3.175123135113461
3.531941205546659
3.3680424225727155
3.464234652726567
3.4548223999466066
2.7192945256669794
3.3787834934861767
1.207518749639422
4.084134623353999
3.260828171224455
3.6143694458867563
3.3232314287976203
3.7360069464476573
3.5160276412662297
3.2680488287579585
3.457216569852465
3.373557262275185
3.810317237572777
3.4316235658474303
4.048841867652072
0.0
3.2516291673878226
3.703174221176446
3.9753316518605937
3.6069367321753205
3.9617691537531585
3.085055102756477
3.3927474104487847
2.73345859334435
3.452819531114783
3.6897037321995474
3.893660689688185
3.5160276412662297
3.7887549139935026
3.6537567082870006
3.188721875540867
3.3248629576173574
3.4251185503571393
3.2806390622295662
3.2389012566026314
3.2402239289418517
2.918295834054489
2.584962500721156
3.5585186130489057
3.2406015629507228
2.8553885422075336
3.810081020521731
3.5068905956085183
2.9182958340544896
3.2402239289418517
3.238901256602631
3.672905595320056
0.74959525725948
2.610577243331642
3.719902579793958
3.261043983337284
3.6464393446710153
3.292770193936991
3.589898095464287
3.1751231351134614
3.676108500731241
3.5895313089284633
3.4072682296173893
3.180832987205441
2.8731406795131336
3.2098671219040353
3.558518613048906
3.337175341123077
3.6978458230844122
3.0220552088742
3.031116172456019
3.615456346929777
2.5220552088742
2.6258145836939115
3.25
3.506890595608519
3.4992275471326932
3.6835423624332306
4.2154238676395135
3.9408245684444005
3.0792258015191023
3.548688113203415
3.2516291673878226
2.950212064914747
3.381580488309164
3.8646983261669603
3.3553885422075345
3.4407598325400897
3.7806390622295662
3.5235646861980467
3.086048612313038
2.918295834054489
2.9312089489103235
3.2516291673878226
3.772573883611434
3.7409532604048397
3.555533151426996
4.002227974236664
2.6644977792004614
3.609496334425696
3.5806787032913716
0.5916727785823275
2.9398290174664026
3.4632805178108104
3.25
3.25
3.5
3.319773835029478
3.403989446485262
3.240223928941852
2.8451442836760017
3.986449058394038
1.0
3.7950885863977324
2.9414460711655215
4.019587445107
3.3735572622751855
4.0109870065864195
3.6644977792004623
3.5330516047849017
1.5016144718101818
3.8698339813460625
3.106890595608519
3.7303377974034158
2.577819531114783
3.189898095464287
3.202819531114783
2.9735572622751856
2.6709505944546685
3.0269868333592873
2.8553885422075336
3.2516291673878226
3.0269868333592873
1.4182958340544896
3.7045348998193437
3.9716456700103984
3.7837254411418493
3.513269689515108
3.3035088547976788
3.9036365952925833
3.5465935642949384
3.577819531114783
3.4182958340544896
3.238901256602631
3.1307179879273748
3.5035391228040247
3.716570323111605
3.337175341123077
3.0220552088742005
3.606936732175321
3.1971597234241487
3.3082708345352603
3.8010768800263715
3.6884618358495835
3.689891668750008
3.930270372293455
3.7962176025900556
3.9256815965753606
3.728502115742625
3.8529284750433663
2.699513850319966
3.589898095464287
1.271782221599798
2.8553885422075336
0.9886994082884974
0.9182958340544896
1.3605273114437082
3.039148671903071
3.781934637304816
2.8553885422075336
3.2037016960573483
3.605337797403416
2.7773627950641693
3.811460547566394
3.3834651896016465
3.378783493486176
2.8073549220576037
3.414441303694973
3.2033650875091753
3.238901256602631
3.1207505427313436
3.3035088547976783
3.2655833228877325
3.6129029253628673
2.9948115448078756
3.0494520727893932
3.5585186130489057
3.127986806877675
3.1018812234760182
3.188721875540867
3.418295834054489
3.2516291673878226
3.739572261986723
3.60488945173324
3.6280729963885086
0.0
3.3232314287976203
2.9182958340544896
4.073781627189653
3.993899097748708
3.9379672996748
3.681880802803402
3.0269868333592873
3.6524474880231264
3.530493056757482
3.2464393446710154
3.452819531114783
3.2464393446710154
3.771437029461126
3.3927474104487847
3.9889795546590996
3.239097917988786
2.7806390622295662
3.1084585933443494
4.084822001763704
3.734521664779752
3.555533151426996
4.0469961498259535
3.4776015519734123
3.3908054820769813
3.787513534800231
3.039148671903071
3.8297381180118126
3.8947396630551756
3.415508956174906
2.6556390622295662
2.5220552088742005
3.853189081768344
4.038951759404284
3.805503673094859
3.8399449216574078
3.952797096036269
3.208694969562842
3.9716842408460655
1.494193430493157
2.202819531114783
3.59388468254456
3.2390979179887864
3.1820058147602133
3.2516291673878226
3.9146892241642446
3.5743577621291283
3.6572682296173897
3.085055102756477
4.072617836090307
1.584962500721156
3.502385810850278
2.607861226141997
2.468040382995485
2.2295739585136225
2.167124282150162
3.911239658478711
3.674723006411675
3.3371753411230776
3.039148671903071
3.59448250651942
3.084183719779189
3.7155505132463684
3.71201888248042
3.7466170542367663
3.7201287774331866
3.584183719779188
4.061250124678171
2.0
1.6506336751226685
3.3082708345352603
3.039148671903071
3.182005814760214
3.3232314287976203
2.3991303913908
1.5916727785823275
3.1900616179453087
3.7336606896881857
3.605388542207534
3.5841837197791886
3.6292196865240958
3.663532754804254
3.7254805569978675
3.2359263506290334
3.456564762130954
3.4039894464852614
3.6504103051739905
3.202819531114783
3.5949054612278935
4.059502450934161
2.872905595320056
2.920596937187078
3.30827083453526
4.018840518292727
3.5546589842454184
4.107329889386529
4.171533185208437
2.0
3.139572261986723
2.8423709931771084
3.189898095464287
3.621175542919471
3.3464393446710154
3.4613201402110083
2.873140679513133
3.9515535841814056
3.616348566075164
2.7898980954642876
3.6550455468258045
3.238901256602631
3.202819531114783
3.7406015629507228
1.2516291673878228
3.3927474104487847
3.4193819456463714
3.4219280948873623
3.0957952550009344
2.950212064914748
2.9398290174664026
3.437577002092304
3.2516291673878226
3.085055102756477
2.9232314287976204
3.471354487013928
3.084962500721156
2.625814583693911
3.1751231351134614
3.5736606896881846
3.4182958340544896
3.836600340868551
3.3908054820769817
3.2454472243055625
3.703425348123667
3.4332696895151082
3.039148671903071
1.0
3.418295834054489
3.0850551027564768
3.1808329872054406
3.4992275417233563
3.0269868333592873
3.5841837197791886
3.506890595608518
3.869331261111518
3.861476859389222
3.3735572622751855
2.9735572622751856
3.125
3.2516291673878226
3.3248629576173574
3.0220552088742
3.238901256602631
3.3263604079526936
2.6235166412180155
3.4548223999466066
3.238901256602631
3.084962500721156
3.3190795706241745
3.5883543471732335
3.3787834934861767
3.6069367321753205
3.898394512343238
3.452819531114783
3.25
3.735281416219837
3.373557262275185
2.7192945256669794
0.8166890883150209
0.6998578570269279
3.0220552088742
3.0850551027564768
3.375
2.9686657819177587
2.6612262562697895
3.5465935642949384
2.9312089489103235
2.918295834054489
0.4021791902022728
3.3927474104487847
2.1054105870684143
2.2569089895583545
1.9508257945180885
3.452819531114783
3.3787834934861767
3.7690410727815125
2.692380602454975
3.5599000019230838
3.7880523304839615
3.7655833228877333
3.6619328723735824
3.9075926912224617
3.169925001442312
3.8622064107194647
3.202819531114783
3.7332651150865837
3.9863855063752167
2.94770277922009
1.3709505944546687
1.207518749639422
1.192250860234642
0.8166890883150209
2.71929452566698
3.43162356584743
3.390805482076982
3.0220552088742005
3.755723057670167
2.584962500721156
3.1018812234760182
3.25
3.501629167387823
3.182005814760214
3.3263604079526936
3.0269868333592873
3.189898095464287
3.3038331020407408
3.9121138909722304
3.084962500721156
3.5724312513221195
2.0
3.469808812612568
3.3263604079526927
3.5736606896881855
3.7197394337704703
3.2516291673878226
3.500283688055054
3.887214398016586
3.2359263506290334
3.433269689515107
3.765319531114783
3.077819531114783
3.37287868934203
3.695020634116611
3.2402239289418517
3.446439344671015
2.688721875540867
3.0850203724367806
1.0
4.052240099395039
3.204986855772667
4.182858476480759
2.0
3.238901256602631
4.013491974618341
1.3520301017579528
3.0269868333592873
2.623516641218015
3.5937863204943654
3.6820058147602146
3.414441303694973
3.694548827786958
3.424659836945186
3.6074753914554893
3.3342094594480485
3.5415301730294653
3.488525294897748
3.9978623034839886
1.198183947911799
3.084962500721156
3.0565647621309537
2.8731406795131336
1.4182958340544896
2.789898095464287
3.572469458770136
3.3927474104487847
3.8659986132745807
3.903382348763399
3.468576629687865
3.9192576128616676
3.821928094887362
3.869331261111518
3.884155094595805
3.6536606896881856
3.6536606896881856
3.3927474104487847
3.893660689688185
1.188721875540867
3.4548223999466066
4.050035515652292
1.5
4.041010577489154
3.0449127332389456
2.751629167387823
3.2359263506290334
3.378783493486176
3.8143719431796277
3.180832987205441
3.2359263506290334
3.084962500721156
3.4086949695628417
3.6143694458867563
3.334679141051595
3.521640636343319
3.039148671903071
3.084962500721156
3.056564762130954
3.384183719779189
3.3735572622751846
3.180832987205441
3.4030741894285694
3.039148671903071
3.386266142526533
3.4790795706241737
0.6685644431995964
3.3521355399069055
3.40582225028569
2.6644977792004614
3.732751315869233
2.4300365325772657
4.041929702916657
2.610577243331642
3.0931390622295662
2.3553885422075336
2.7534343861887853
2.6887218755408666
3.792837797403416
3.350209029099897
4.053310916765462
3.7596222255210066
3.6423714487439023
2.0740870445590347
3.3927474104487847
3.8365916681089787
3.3787834934861767
3.951904040953793
4.094238304473178
3.6467987293229776
3.0792258015191023
3.9091598586362752
3.6444138295776107
3.6105772433316425
1.1451104143815827
3.5944656369614516
3.5724312513221195
3.6069367321753205
3.46328051781081
3.392147223664534
1.5055213905049434
1.5016144718101818
3.780394654123194
2.6986604604011157
2.8553885422075336
3.7671834678914604
3.421928094887362
3.6163485660751635
3.2639334294856344
3.427333493898265
3.2927701939369904
3.9139770731827515
3.763856189774724
3.446439344671015
3.82306798227366
3.3918926446809317
3.821928094887362
3.7201755214643457
3.7709424217485377
2.6535442970305683
2.952819531114783
3.419381945646371
3.9238561897747237
3.189898095464287
2.8553885422075336
1.3520301017579528
2.556656707462823
3.180832987205441
3.2195282822995477
3.2639334294856344
3.651478922893308
3.238901256602631
3.5296964395284136
3.5464393446710156
3.401515280317513
3.764735178725505
3.452618633321612
3.45852501923415
3.7709424217485377
3.393740931562742
2.751629167387823
3.5585186130489057
3.603856189774724
2.8218881955261783
3.8746697102453487
3.620936064750772
3.9121138909722295
3.673269689515108
3.624379701651112
1.7924812503605778
2.931208948910323
3.084962500721156
3.663532754804254
3.6902603909683838
3.0849625007211556
2.950212064914747
3.0269868333592873
3.7481319010417393
3.5391486719030705
3.0269868333592873
3.9101792788836396
3.1555650133297184
3.7201755214643453
3.182005814760214
3.741744485170487
3.238901256602631
3.3927474104487847
3.3656365760772857
2.4508257945180887
3.337175341123077
3.501397825434103
3.337175341123077
2.6258145836939115
3.2359263506290334
2.345851989338261
3.5724312513221195
3.084962500721156
3.7720552088742005
3.5219280948873624
3.27280432733462
3.1898980954642866
3.186704345910025
3.25
3.0306390622295662
3.202819531114783
3.7277633026170425
3.6572682296173897
3.077819531114783
3.734521664779752
3.897587036123537
3.8110378683422774
3.084962500721156
3.85403201250217
3.7744019192887706
3.419381945646371
4.030292672878691
3.942759691073454
3.4993981823473783
3.2903216092483056
3.7439821538141276
3.5436126819241975
3.7294461949052566
3.6348888221036773
4.051821770808046
4.012885558028492
3.962305391867878
3.7962176025900556
3.323231428797621
3.9677201004744993
3.5724312513221195
3.4817145729860726
3.238901256602631
3.0849625007211556
3.182005814760214
3.182005814760214
3.4992275471326932
3.0269868333592873
2.9182958340544896
3.6841837197791887
3.326360407952694
3.8553885422075345
3.0565647621309533
3.189898095464287
3.471354487013929
3.3927474104487847
2.8553885422075336
3.921928094887362
2.4591479170272446
3.2359263506290334
3.7080933915774974
3.780459532842442
4.204247321194437
3.861846264279887
3.337175341123077
3.625
3.3232314287976203
3.7453215657274797
2.7773627950641693
3.66886522597654
3.9359775693704613
3.9643969065891036
3.7146469211675224
3.7723388509380995
3.9191735802139167
4.091247877515256
4.156466111165825
3.781076011914607
3.039148671903071
4.104031723706177
4.000678082703906
3.9609628329572604
3.175123135113461
3.9232517969803373
3.706353711597133
3.5132696895151083
3.0269868333592873
4.057816199717656
3.4723248916786296
3.829081540788489
3.3660913291191914
3.028639311838575
3.5766176449086657
2.8731406795131336
3.772055208874201
3.6168746059562227
3.3787834934861767
3.3927474104487847
3.2516291673878226
3.788754913993503
3.2516291673878226
3.481714572986073
3.4548223999466066
3.3927474104487847
3.48212720673383
3.2516291673878226
3.9861879650463043
3.246439344671015
3.522711955680758
3.197159723424149
1.134969974603941
2.9450386975402445
3.621928094887362
3.7015535841814056
3.0269868333592873
3.7034651896016464
3.4273334938982645
3.418295834054489
3.4992275471326932
0.8030717273241024
3.202819531114783
2.950212064914747
2.927451224964519
3.392747410448785
2.4508257945180882
3.016875695766564
3.180832987205441
3.6887218755408675
3.4182958340544896
3.6168746059562227
3.146286370662105
3.483005030268013
2.9182958340544896
2.751629167387823
2.8553885422075336
3.09306920777189
3.8323328717505145
3.3232314287976203
3.577819531114783
3.3927474104487847
3.2359263506290334
3.4613201402110083
3.6069367321753205
2.9232314287976204
3.0220552088742
2.9312089489103235
3.0
3.30827083453526
2.9852281360342525
3.263603705626787
3.039148671903071
3.0503018554349812
3.7849418274376423
3.1971597234241487
3.1751231351134614
3.521640636343319
3.077819531114783
3.569773835029478
3.9745049881054295
4.083622900350774
3.506890595608519
3.431623565847431
3.7310588712234676
4.162191594031565
3.3834651896016465
4.084183719779189
3.737932271547934
3.0849625007211556
3.1841837197791887
3.393127173448318
3.5503407095463877
3.060453936300351
3.744851555223572
3.8001821971347023
3.5617480476936567
3.74894004700543
3.084962500721156
3.8404025467025056
3.3244998138788864
4.048528059751061
2.4591479170272446
2.584962500721156
3.323231428797621
2.8553885422075336
3.962103165155795
3.876838815934793
4.076452001581581
2.8731406795131336
3.6211755429194716
3.5225715891363594
2.5849625007211556
3.4548223999466066
2.9735572622751847
3.8293047042009936
4.098957799183444
3.8162842812296134
4.093327748250582
0.0
2.75
3.413312431036334
2.589378365299265
2.539353872167201
3.4613201402110083
2.7773627950641693
3.64357726254524
3.602910079649727
4.079898617588551
2.9708400131019843
3.202819531114783
3.4565647621309536
3.5280643115840493
3.3660913291191923
3.0269868333592873
3.558518613048906
3.3660913291191923
3.6168746059562227
3.2402239289418517
3.956374492848753
3.3787834934861767
3.084962500721156
3.572431251322119
4.031796573810052
4.004137992434355
3.8350894215132008
1.584962500721156
3.182005814760214
3.373557262275185
2.9258530145612824
2.9312089489103235
2.873140679513133
3.4280729963885093
3.419381945646371
3.30827083453526
3.419381945646371
3.381580488309164
3.512188403968661
3.2086949695628415
3.2402239289418526
3.2402239289418517
3.323231428797621
2.625814583693911
3.5585186130489057
3.452819531114783
3.238901256602631
3.0220552088742005
1.584962500721156
3.2359263506290334
4.066768660439112
3.8656661325917208
3.6234651896016468
3.6572682296173897
3.8465237951813216
3.8065232906618003
3.8122003949101484
3.503258334775645
2.5
1.5
3.6225797618424913
3.706120633089117
3.384183719779189
3.397581911182353
4.14883638134807
4.018011380406843
3.3248629576173574
3.6947396630551763
3.5368867237421666
4.060354401045928
4.044273525529226
4.211132425663012
2.0
3.5068905956085183
3.086048612313038
3.616348566075163
3.5086949695628418
3.52257158913636
3.1555650133297175
3.7254805569978675
3.0269868333592873
3.87127238011291
3.240528260216712
2.072905595320056
3.7865221495303647
3.6945884966423406
3.7483943455364033
3.4273334938982645
3.5905710812598666
3.1898980954642866
3.8731406795131327
3.4316235658474303
2.873140679513133
3.5908201005000877
3.3787834934861767
3.452819531114783
3.263933429485634
3.6151713102472964
3.0220552088742
3.641604167868593
4.123163506274621
3.1279868068776753
3.085055102756477
2.918295834054489
0.37123232664087563
1.206908425151817
1.7838593436779768
1.2958363892911637
0.0
3.967292602918499
3.869331261111518
3.3787834934861767
3.0269868333592873
2.9689185639620974
3.5
2.7773627950641693
3.1462863706621045
3.708132064658602
3.9647351787255047
3.694385682587763
3.8947396630551756
3.702819531114783
3.772231902352191
3.690296503327815
3.418295834054489
3.486448667168353
3.837581188618506
3.489246428509158
3.6151713102472964
3.695020634116611
3.7417292966721747
3.350209029099897
3.3632869239960543
3.831168431885022
3.3841837197791884
3.238901256602631
3.7810212072824165
3.6034123432601906
3.480721944688849
4.092530597177253
3.7489948035250964
3.838473875958935
3.6619328723735824
3.327819531114783
2.4182958340544896
3.182005814760214
3.788315506383026
2.855388542207534
3.238901256602631
2.688721875540867
2.9852281360342525
3.6163485660751635
3.0220552088742
3.327819531114783
3.5724312513221195
3.334679141051595
1.9508257945180885
2.9182958340544896
3.418295834054489
3.0
3.0269868333592873
2.688721875540867
3.2359263506290326
1.3520301017579528
2.71929452566698
3.085055102756477
4.019340109998462
3.668384446476143
2.0
3.7871439606981383
2.537835735984666
3.1376669263452235
3.189898095464287
2.8553885422075336
3.039148671903071
3.8097267670323394
3.2636037056267875
3.203701696057348
3.928265043159906
2.0
4.127718282522962
4.150012019945829
0.7653636126766978
2.835237745312118
3.2608281712244547
3.4565647621309536
3.7645110546718903
3.381580488309164
2.950212064914747
3.799532472281447
3.0220552088742
3.719294525666979
3.0220552088742005
3.5585186130489057
3.077819531114783
3.667928472292448
3.62154301885448
3.598369003512378
3.7216117239699003
3.447401504705915
2.6892464285091577
3.4617878424355717
3.788754913993502
3.039148671903071
3.6845608142862893
3.8419674805347275
3.4641534765420032
3.6314783907408077
3.751629167387823
3.180832987205441
3.558518613048906
3.7974676329840045
3.061482186720775
3.2516291673878226
3.2516291673878226
3.5
3.0062389286533895
3.621175542919471
3.642371448743902
3.471354487013929
3.9058417349048713
3.569773835029478
3.594465636961452
3.8909202871421664
3.5766176449086653
3.914718486144933
3.689703732199547
3.499227541723357
3.957067386399956
3.216315569066642
3.0849625007211556
3.6947396630551754
3.80871969734407
3.208694969562842
3.1898980954642875
3.6074753914554893
3.8143719431796277
3.800292136239285
2.7534343861887853
4.071767711078595
0.9182958340544896
3.085055102756477
3.752600468355706
3.085055102756477
3.8997842697005116
3.578626767019874
3.655045546825804
3.7201755214643453
3.618154554062566
3.9974317871465956
1.584962500721156
3.454822399946607
2.8553885422075336
3.375
3.2359263506290334
3.803808864454372
3.6897037321995465
3.9260849244186646
3.25
3.521640636343319
3.9354458560507637
3.5899128212788325
3.7911579458024263
3.597558387024489
3.384183719779189
1.0
3.0062389286533895
3.3927474104487847
3.0837651410695512
3.2158411726837532
3.452819531114783
3.820694501162622
3.0565647621309537
3.715932185515029
3.180832987205441
3.0306390622295662
2.719294525666979
4.057555831676768
3.0306390622295662
3.916833823616224
3.378783493486176
3.202819531114783
3.2729055953200556
3.697845823084412
3.8936606896881845
3.9262723741395082
3.7256507561120933
2.923231428797621
3.3927474104487847
3.887300574331323
2.688721875540867
2.8553885422075336
2.950212064914747
3.556656707462823
3.0021722231837638
3.6635327548042538
3.0269868333592873
3.366091329119192
3.377278130987436
3.606238928653389
3.429275070710713
3.6339740759971577
2.8731406795131336
3.2639334294856344
3.5039975273348474
3.718128820706467
3.692279682039657
1.0408520829727552
1.188721875540867
3.25
3.689891668750008
2.8962915290459286
3.2516291673878226
3.2841837197791888
3.408549096875308
3.2359263506290334
2.9312089489103235
2.584962500721156
3.689703732199547
3.4677201004745006
3.028639311838575
3.084962500721156
3.039148671903071
3.895512835516972
3.546638908291164
3.4072682296173897
3.0850551027564768
3.416607904809986
3.9085490968753085
3.389819142645923
3.084962500721156
3.084962500721156
2.8553885422075336
3.418295834054489
3.084962500721156
2.822181958642873
2.727217001462482
3.4037016960573485
4.027567157116929
3.292770193936991
3.5368867237421666
3.7365208866425896
3.5724312513221195
2.873140679513133
3.53178360539198
3.7639657428240816
3.553090083530327
3.821311940104173
3.9126995411533643
3.4072682296173897
3.2359263506290334
3.3735572622751855
3.59448250651942
3.8949049539587413
3.6167824279229963
3.594905461227894
3.6950206341166107
3.0269868333592873
4.091218903237444
4.0556846785061875
3.5035391228040242
3.419381945646371
2.923231428797621
3.2608281712244547
3.446439344671015
3.344698375159712
3.182005814760214
3.327819531114783
3.753433217682653
3.0269868333592873
3.576617644908665
2.9182958340544896
3.3927474104487847
2.688721875540867
3.4399364703978077
3.4992275417233567
3.2195282822995477
3.3787834934861767
3.7803138616507836
3.327819531114783
3.9494890193195094
2.251629167387823
3.0220552088742005
3.6556390622295662
3.8881492782505247
3.822799613783995
3.982301653644321
2.997405811425518
3.180832987205441
3.6947396630551754
3.4594316186372973
3.085055102756477
3.7941274217702947
3.7777471629109445
3.7199699641872193
3.1395722619867223
3.7352814162198364
3.4450955327144217
3.993048304015534
3.4591336068373453
3.434215165910625
3.7178504651264324
3.4613201402110083
3.327819531114783
3.3320953986601696
3.418295834054489
3.36030597770208
2.7534343861887853
3.5487903009904653
3.3973683589017414
3.0220552088742
2.0
3.6987599990604423
3.6308041416063297
1.584962500721156
3.4928786893420303
3.7114515012916294
2.7329145639793975
4.0684210940655055
3.2402239289418517
3.0062389286533895
3.419381945646371
3.5068905956085183
3.8208888513501886
3.653756708287001
3.3232314287976203
3.8230679822736606
3.629219686524096
3.7849418274376423
3.141619208183979
3.6163485660751635
3.2516291673878226
3.3927474104487847
3.5736606896881855
0.9737837298712214
1.0408520829727552
2.751629167387823
2.815922063835166
4.060562039396594
1.6137129703673825
1.0529815751302694
3.0
0.9182958340544896
4.212224665454031
1.584962500721156
3.039148671903071
2.687926505771088
1.584962500721156
3.0220552088742
2.9053077763737463
1.7832474385325099
3.7197394337704703
3.7148697866030833
3.7636467706769263
3.9961985587491666
3.6464393446710153
3.738218635928951
3.338804369244613
3.4139097655573916
4.147873149789841
3.7726095206097554
3.91555328506335
3.8674205916072277
4.016901735387537
3.945447923533872
3.503744360099792
4.223769164934505
3.6854756152275194
4.063994955876362
3.5330516047849017
0.0
3.2089873002588
4.032556729789491
2.0
3.1898980954642875
3.006238928653389
3.749776078279119
3.3263604079526936
3.319773835029478
3.118078209349709
3.139572261986723
3.408053132659756
3.4999093404636357
3.3414460711655214
3.616348566075163
2.8553885422075336
3.085055102756477
3.8205898566665453
3.953152587415111
3.938496449298638
3.260828171224455
3.238901256602631
3.2359263506290334
3.663532754804254
3.4039894464852614
3.6069367321753205
3.238901256602631
3.2516291673878226
2.8423709931771093
0.951994081908783
1.4108478748063633
3.238901256602631
3.0849625007211556
3.471354487013928
3.555913095175825
3.350585762871112
3.8345573759877944
3.189898095464287
3.290321609248305
3.4548223999466066
3.0306390622295662
4.048672233859606
3.1018812234760182
3.882048827786958
4.015988130424407
2.8553885422075336
3.182005814760214
2.8553885422075336
1.4885252948977485
3.128085278891395
3.0220552088742
2.9559130951758243
3.3248629576173574
3.738218635928951
3.8695767463163935
3.8843017566985325
3.10845859334435
3.384183719779189
3.5912289607390258
2.973557262275186
3.9580595428376286
3.629843097622545
2.688721875540867
2.9056390622295662
3.180832987205441
3.6521147627546076
3.146286370662105
3.5900182662886326
3.3221793455166666
2.950212064914747
3.3927474104487847
2.584962500721156
3.3469818624420005
3.4632805178108104
3.345073995785254
3.024397470347699
3.521640636343319
2.9182958340544896
2.918295834054489
3.142079563925711
3.127986806877675
3.7843684875968617
1.4577174691301484
3.4772170014624826
1.0476747992754052
3.6841837197791887
3.461320140211008
3.182005814760214
3.5219280948873624
3.238901256602631
3.962595625124531
3.976033054793902
1.584962500721156
3.5
3.514545004480724
3.863180711403107
3.560517342400527
2.965583935727781
3.928265043159906
1.584962500721156
3.2516291673878226
3.0
3.239097917988786
3.546593564294939
3.697845823084412
3.414441303694973
3.7409532604048397
3.6402239289418516
3.3908054820769813
3.9412536602989308
3.934715652956373
3.9039252722991025
3.6075422625636486
3.82284414502581
3.750749916435479
2.8665871058289594
3.763843630618969
3.4481666127138806
3.6537376670288926
3.3154107252426988
3.7179865681339916
3.7913088949750198
3.2875070482676585
3.815328570341107
3.53392734937356
3.4502019189757376
3.8289806165785443
3.568568493134271
3.7673310682980756
3.776153966494666
2.751629167387823
3.7778324548581446
3.6191369715825115
3.784042905874457
3.442862165155466
3.701763414525657
3.9200415777507582
3.779528545668376
3.478670650299986
4.101483465091775
1.9219280948873623
3.7154535460473683
3.085055102756477
0.9182958340544896
2.8767319142675967
2.9933711492658768
4.106594497942673
4.132857349490077
4.105731320376947
3.238901256602631
3.958089882186526
2.8553885422075336
3.4613201402110083
3.189898095464287
2.8553885422075336
3.457867131472585
3.0924973352360507
3.1952959344962166
3.175123135113461
3.1556390622295662
3.5585186130489053
3.182005814760214
3.034159127851422
3.51602764126623
3.106890595608519
3.239097917988786
3.09306920777189
2.9182958340544896
3.2516291673878226
3.640223928941851
3.180832987205441
3.456564762130954
2.918295834054489
3.796217602590056
3.0220552088742
3.378783493486176
3.4841837197791885
3.5465935642949384
3.4613201402110083
3.375
3.327819531114783
0.9463729359854419
2.9346751557332835
3.0444138295776115
2.2359263506290326
3.484183719779189
3.2516291673878226
3.734521664779752
3.4058222502856896
3.3927474104487847
3.366091329119192
3.7464393446710154
3.378783493486176
3.5013978254341027
3.6402239289418516
3.628085278891395
2.8553885422075336
3.6250776708543127
3.532573257502619
3.8431390622295662
3.558518613048906
3.0604539363003513
3.797793140203065
3.890752639270095
2.918295834054489
3.239097917988786
2.9182958340544896
1.1401156785146092
0.9141828384352135
3.922922609267362
3.925070520364181
3.6143694458867563
4.008095830509568
3.0220552088742
3.5766176449086653
3.0168756957665637
3.7806390622295662
3.09306920777189
3.3232314287976203
3.5
3.810928306279287
3.5068905956085183
3.182005814760214
3.3082708345352603
3.824396153226177
3.8208018219708704
3.00623892865339
3.5415301730294653
3.513269689515108
3.463280517810811
3.09306920777189
3.155221528859512
3.3371753411230776
3.3927474104487847
3.384183719779189
3.292770193936991
3.291562502003212
2.789898095464287
2.688721875540867
1.2677702161044204
1.1628720819225884
3.698068512058838
3.4992275471326932
3.368042422572716
3.53257325750262
3.125
3.051601636871704
3.2977968115985945
3.2866294867861954
3.88614658824991
3.740601562950723
3.5497340879408434
3.6925035614687864
3.719739433770471
3.188721875540867
2.2841591278514217
3.6732696895151076
3.854222744021599
3.572469458770136
3.5841837197791886
3.6887218755408675
3.5956292983369256
3.6680410889471395
2.9655839357277802
3.0220552088742
3.039148671903071
3.8654633039469646
0.0
1.5919171866886992
2.389898095464287
3.2516291673878226
3.378783493486176
3.2516291673878226
3.5
3.572469458770136
3.561897618169773
3.648431836203202
3.039148671903071
2.815922063835166
3.064969661782226
2.8729055953200557
3.8337108809750777
3.945791059456682
3.5585186130489057
3.66385834637606
3.7429422774309176
3.7983512260625822
1.0
3.403989446485262
3.182005814760214
3.6178096843744556
3.5841837197791886
3.675310868912364
3.6168746059562227
3.182005814760214
3.5726236638951634
3.238901256602631
3.1464957609623605
2.8709505944546683
2.918295834054489
3.561607392201214
3.521640636343319
3.839390290260858
3.8629488165201464
3.182005814760214
3.0269868333592873
3.5062222843139805
3.270942421748537
3.9777471629109447
3.3263604079526936
3.5585186130489053
3.881608123428811
2.845350936622437
3.5068905956085183
2.973557262275185
3.81954493199813
3.378783493486176
2.9574155538036484
2.0
3.576617644908665
3.2516291673878226
2.5654483718208256
3.418295834054489
3.617634357396307
3.5035391228040247
3.5849625007211565
3.3231428049945437
3.5736606896881855
4.133826692449114
4.194839415181254
3.6023165585055525
4.031522111930802
3.9144681103641625
3.240223928941852
3.039148671903071
3.671405583442497
3.2806390622295662
3.2359263506290334
4.0025931408562085
3.4992275417233567
3.6786858759973375
2.9852281360342525
2.751629167387823
2.873140679513133
3.7849418274376423
3.189898095464287
2.9852281360342525
3.2516291673878226
3.1018812234760182
1.0
2.9659573209491747
3.0841837197791886
3.301636641270607
2.918295834054489
3.2776134368191157
3.175123135113461
2.8553885422075336
3.155221528859512
2.5220552088742005
3.95905708166975
3.3082708345352603
2.835237745312118
2.873140679513133
3.2359263506290334
3.106890595608518
3.0220552088742
3.2464393446710154
3.7830140032660013
3.3735572622751846
3.378783493486176
3.546439344671015
3.452819531114783
3.5110804962442774
3.561096840836648
3.7216117239698994
3.182005814760214
3.139572261986723
3.7504647066537014
3.6424896731661267
3.084962500721156
3.501397825434103
3.733368244170433
3.182005814760214
3.251629167387823
3.327819531114783
3.3787834934861767
3.6507649569492395
3.057476076289932
2.9339545780481746
3.0086949695628418
1.894107906185688
3.534219021180341
3.572469458770136
3.8254973305971234
3.930539500408212
4.016931926525684
1.4256051990169438
3.366091329119192
3.6375903597214685
3.1692486956952335
3.0306390622295662
3.7943360657504512
3.1555650133297184
3.8261471051392135
3.719739433770471
3.0220552088742
4.0077429145253145
3.3927474104487847
3.973512753576009
3.25
3.1969571863274178
2.8073549220576046
3.292770193936991
3.43162356584743
3.6692750707107122
3.628362120776618
2.9803419725690827
2.6312929881819
2.4591479170272446
3.6178561135066154
3.334679141051595
3.1395722619867223
3.6424896731661263
3.4565647621309536
3.746291941736342
3.419381945646371
3.841489113338458
3.877404576510614
3.5
3.5843031793467115
3.9511943630832222
1.0
3.6698325574854476
3.341446071165522
3.851773502709612
3.419250912838829
3.625
3.928265043159906
1.9219280948873623
2.688721875540867
3.0269868333592873
3.965814434556675
2.8553885422075336
1.3520301017579528
3.1751231351134614
1.584962500721156
1.7004397181410922
1.134969974603941
4.047718683764712
3.4297417753631363
3.897849986899739
1.0
3.1751231351134614
3.901449181656169
3.546439344671015
3.5804621997271013
2.803701696057348
3.481714572986073
3.4548223999466066
3.2568665431825226
3.0269868333592873
3.9925150316573266
3.773549906489724
4.037519239130045
2.7806390622295662
3.084962500721156
3.7600172778496526
3.8000446184790087
3.881338176756436
3.9441169108417555
3.4435137534498526
3.3927474104487847
3.9203966878443537
3.127986806877675
3.8517796108314117
3.7373261452560076
3.9467272655620227
3.881518290490327
4.042780612068242
3.296148374747623
2.7773627950641693
3.0269868333592873
3.6841837197791887
2.9689185639620974
3.521640636343319
3.521640636343319
3.733660689688185
3.298695445166413
3.373557262275185
3.2516291673878226
3.2575004135020675
3.327819531114783
3.8980685120588383
3.6455933144511468
3.9724444170949926
3.197159723424149
3.845871285471606
4.097852494230784
4.112215474260259
4.02400364524988
3.384183719779189
2.9219280948873623
1.9219280948873623
3.076103170996721
3.1751231351134614
3.317640005966217
2.8553885422075336
3.5536561740496975
4.054460088368497
1.0
2.7013757559060485
3.3921472236645345
3.0220552088742005
3.5739348962840563
3.7617978103444116
3.039148671903071
3.485228136034251
3.6841837197791887
3.180832987205441
3.9402545228664216
3.5086949695628418
3.346439344671015
3.266332639970623
2.0
3.733660689688185
3.2359263506290334
3.8852464442131995
3.740771391823488
3.8845063940455247
2.5492553971684995
3.6864194113487727
2.0
3.0269868333592873
3.506890595608519
2.9689185639620974
3.5599000019230838
3.375
3.1898980954642875
3.553701696057348
3.9115110220603264
3.8278304835959145
3.972163460365541
3.2516291673878226
3.4632805178108104
3.2406015629507228
3.5167725417616347
3.6521305573183827
3.663532754804254
1.780672129520887
3.3086949695628416
3.923269868985367
2.8134439635656663
2.5306390622295662
3.202819531114783
3.452819531114783
3.236857303422074
3.084962500721156
2.439268146254097
2.5570027314271098
1.6143308351592656
0.8865408928220899
3.181366328891458
3.2516291673878226
3.2516291673878226
3.084962500721156
3.378783493486176
4.066254681239142
3.1556390622295662
3.6635327548042538
3.375
3.3248629576173565
2.8731406795131336
2.7534343861887853
3.284183719779189
3.7201755214643457
3.2946635862096048
3.080500530640267
3.9892750707107125
3.4632805178108104
3.278061465832831
3.511080496244278
3.71401215437137
1.2638091738835462
3.391892644680931
3.752171880940404
3.378783493486176
3.5086949695628418
3.039148671903071
3.238901256602631
2.8553885422075336
3.177566232096525
3.2806390622295662
2.8553885422075336
2.9689185639620974
3.238901256602631
3.077819531114783
3.024397470347699
2.5654483718208256
2.9852281360342516
2.41896119556797
2.774397470347699
3.4548223999466066
3.189898095464287
3.9331695057515157
3.266332639970623
3.5
3.2516291673878226
2.7516291673878226
3.736006946447657
3.6644977792004623
3.641249800455478
3.91211389097223
3.927090625094532
2.931208948910323
3.0269868333592873
2.918295834054489
3.1556390622295662
3.139572261986723
3.0269868333592873
3.7004397181410913
2.8553885422075336
3.0220552088742005
3.246439344671016
3.25
3.753269689515107
3.1492297615162825
3.501629167387823
3.7614063297218427
3.46954435697273
3.653660689688185
4.212866401780125
2.807354922057604
3.68354236243323
2.952819531114783
3.32323142879762
3.484183719779189
3.4548223999466066
3.0792258015191023
3.764735178725505
3.9407598325400897
3.1279868068776753
3.6537567082870015
3.0849625007211556
3.0269868333592873
3.7489948035250955
3.8962915290459277
3.2359263506290334
3.9032080616476805
3.0269868333592873
3.319079570624174
3.6168746059562227
3.734521664779752
3.47834596772504
3.4251185503571393
2.8553885422075336
2.873140679513133
2.98345859334435
2.8221819586428727
3.783465189601646
3.5944656369614516
3.1395722619867223
3.238901256602631
3.447401504705915
3.633974075997158
3.9395040169195656
3.606936732175321
3.390805482076981
3.5549537379029332
4.056167947085469
4.070016176449626
2.321928094887362
1.5589385323502771
3.2903216092483056
3.378783493486176
2.148834854280917
2.9637459942073314
3.8246917797522237
3.9459836392296155
1.584962500721156
4.001822825622231
2.9182958340544896
2.7534343861887853
4.133992718237018
3.8786135023302775
3.779028122021188
3.189898095464287
1.0
3.3927474104487847
2.067031495157584
3.25
3.0220552088742
3.5555331514269963
3.6753108689123644
3.1158340921632193
3.797902689682947
3.3927474104487847
3.738904980798565
3.36030597770208
3.0086949695628418
3.0503018554349812
3.739877574570946
3.084962500721156
3.8428572928084965
3.0220552088742
3.2516291673878226
3.452819531114783
2.5220552088742
0.9612366047228759
2.918295834054489
3.3263604079526936
4.191290162321207
0.9182958340544896
3.238901256602631
3.6001908764824524
3.454822399946607
3.860291307063722
3.661746080727046
3.508452846853521
3.0220552088742
3.039148671903071
3.392147223664534
3.3735572622751846
1.2366407419411674
3.4878776195549297
3.202819531114783
3.084962500721156
3.182005814760214
3.182005814760214
3.606936732175321
3.628085278891394
3.189898095464287
2.9000516989995426
3.616139720220783
3.3248629576173574
2.8225797618424915
3.8380398168981555
2.9232314287976204
3.0220552088742
3.4472624994412104
3.1068905956085184
3.231946188135182
2.927451224964519
3.238901256602631
2.6887218755408666
2.8553885422075336
1.0408520829727552
1.1867043459100246
1.3913192087475392
2.9339545780481746
3.8004834718261398
3.8314018453921723
3.775475847209144
3.793435813560339
3.8252517372886508
2.8553885422075336
2.6157246054471703
2.984234164652489
3.8404025467025056
3.5
3.180832987205441
3.5132696895151074
3.3927474104487847
3.8125584407219595
3.5306390622295662
3.4906015629507228
3.417837797403416
3.811454950775991
3.468576629687865
3.6612262562697886
3.523492814072091
2.822181958642873
4.021157438338909
2.7773627950641697
3.056564762130954
3.0220552088742
2.7086949695628415
3.648693304676033
3.675310868912364
3.857016588002657
3.139572261986723
3.7192945256669785
4.182788564026314
3.875791220626006
3.1556390622295662
3.9407598325400897
3.903860206708995
3.7829788939136195
3.8820930918571057
4.2077029693977135
2.0
3.6612262562697886
3.4856890902212383
2.958542981880303
2.858118463097969
3.189898095464287
2.7773627950641693
3.5599000019230833
2.656564762130954
3.3087513512471656
3.8046093201096998
3.0306390622295662
3.6234651896016463
3.6368421881310122
3.803078447433318
3.1339587919360854
2.933353098567974
2.469670487371862
3.0901998765158556
3.7148697866030833
3.125
2.751629167387823
3.689901581992151
3.180832987205441
3.188721875540867
3.838039816898156
3.446439344671015
2.584962500721156
2.625
3.2312702546075758
3.6753108689123644
3.3619378549621057
3.7456207689994705
3.32323142879762
3.378783493486176
3.189898095464287
3.7294461949052566
3.8749976482006856
3.344456935241198
3.6023165585055525
3.6749160000010233
3.2359263506290334
3.0286393118385755
3.056564762130954
3.582659958587386
3.334209459448049
3.843942707918268
3.2961483747476232
3.2516291673878226
3.6897037321995474
3.348798912202497
3.4685766296878655
3.7409821015340743
3.4251185503571393
3.9134007456613777
3.4698319498831416
3.4548223999466066
3.5883543471732335
3.265583322887733
3.924671853544688
3.720128777433187
3.4992275471326932
3.2195282822995477
3.5841837197791886
3.7603136973125113
3.6368938042626997
4.063812948877853
3.8671677123292327
3.9123697847366006
3.789896609060177
3.636842188131012
3.3735572622751855
3.039148671903071
3.690260390968384
2.7471671973069336
3.3735572622751855
3.774024420865021
3.521640636343319
3.9283451128155487
3.260828171224455
3.3464393446710154
3.238901256602631
3.5230825046900915
3.0269868333592873
3.0850551027564768
2.7192945256669794
3.180832987205441
3.084962500721156
3.1556390622295662
3.238901256602631
3.5225715891363594
3.7483286603655737
3.5068905956085192
3.09306920777189
3.1898980954642875
3.381580488309164
3.039148671903071
1.5128876215181604
3.180832987205441
3.964735178725505
3.375
3.202819531114783
3.261043983337284
3.4316235658474303
3.778629303714973
3.843795932845685
3.6094963344256965
3.733066137258035
3.3709505944546683
1.5837579847456593
3.9079593331913216
2.8553885422075336
3.175123135113461
3.74245945251819
2.9852281360342525
2.9182958340544896
3.039148671903071
3.865897223166142
2.918295834054489
3.238901256602631
3.640223928941851
3.4292750707107125
2.6556390622295662
3.056564762130954
3.7971248018614583
3.6561983328100944
2.584962500721156
3.5725738836114345
3.2195282822995477
2.2516291673878226
3.0220552088742005
3.4585193710958055
2.1709505944546685
2.0
3.30827083453526
3.3248629576173565
3.1037016960573482
3.6158175946759328
3.625
3.29989639116789
3.292770193936991
3.538310595615006
3.9232517969803364
3.2639334294856344
1.3779630390761746
3.3248629576173565
4.093584055048815
3.8428572928084965
2.8962915290459286
3.1395722619867223
3.587858798299509
3.8711153651692727
3.61120441892766
4.124968109139694
3.039148671903071
2.682588730501833
2.8553885422075336
2.599581230646064
4.1672392496421145
1.0
2.0989295636909353
2.584962500721156
3.727217001462482
3.9847872735162566
2.321928094887362
3.9193819456463705
3.651210641914682
2.9219280948873623
1.584962500721156
4.040343104191981
3.9346436553586575
2.8453509366224368
4.004416061283036
2.0
2.999581230646064
3.446439344671015
3.2883201891060003
3.6424896731661263
4.110702037162344
3.840544519124035
4.010029204387171
4.001190322088393
3.0
2.3458519893382603
3.2658813699600984
4.012584859143617
2.8962915290459277
3.1898980954642875
3.5585186130489057
4.091277125508507
4.042280305862821
3.0306390622295662
4.0660427704342235
2.842370993177109
3.976188181986456
3.828781483140606
2.4591479170272446
4.071436266592191
3.509275070710713
1.584962500721156
3.5039280318460246
3.9006858798532935
3.0269868333592873
1.9219280948873623
3.418295834054489
3.550918231304915
2.9139770731827523
1.0
4.102111806624401
3.6752229822751823
1.3244602933016414
3.624542086229661
3.155565013329718
3.6217370983317076
3.2841837197791888
3.30827083453526
3.1556390622295662
3.6897037321995474
1.5
3.418295834054489
1.7534343861887849
2.6213526136130225
3.621928094887362
3.616348566075164
3.350209029099897
2.321928094887362
3.25
2.9870900416203345
3.6644977792004623
3.7287244452691404
1.0
3.392747410448785
3.772055208874201
3.646439344671015
3.180832987205441
1.4299111709758698
3.292770193936991
3.51218840396866
3.2729055953200556
3.7806390622295662
3.6753108689123644
3.6692750707107127
3.506890595608519
3.2359263506290334
3.4357554339416274
3.8910927401917776
1.626688849701832
3.2516291673878226
3.3660913291191914
3.1813663288914587
1.9508257945180885
1.1216407621868583
1.0408520829727552
0.7732283485249176
2.389239200801743
2.0415555405406085
3.327819531114783
2.9735572622751856
3.321104330578489
3.8972997175517152
3.7034651896016464
3.1395722619867223
3.3231428049945433
4.036132812298171
2.918295834054489
3.5417435206018593
3.472905595320056
3.202819531114783
3.537546408422564
3.656564762130954
3.5886638158036734
3.6435772625452394
3.914431583219592
3.4474015047059146
3.0269868333592873
3.0
3.3535339485774815
3.9723064058771302
3.266332639970623
3.3660913291191923
3.663532754804254
3.4316235658474303
3.0269868333592873
3.251629167387823
3.039148671903071
3.0849625007211556
3.084962500721156
3.085055102756477
3.484684315278138
3.703465189601646
3.527518266288633
3.5941178916311847
3.8400724342635786
3.7871439606981383
3.238901256602631
4.037422346978481
3.4961041752669613
3.303701696057348
2.9139770731827523
4.012543801102126
3.6395225199945047
3.636842188131012
3.2806390622295662
3.377278130987436
3.084962500721156
3.980092103440967
1.584962500721156
3.403989446485262
3.8532336828793627
2.921928094887362
1.584962500721156
3.572431251322119
3.7889993754931015
3.923260324862779
3.587858798299508
3.543895178995428
3.4276942711037672
2.688721875540867
3.3927474104487847
3.6734165853054446
3.7483943455364024
3.414441303694973
2.6612262562697895
3.4613201402110083
3.603856189774724
3.4399364703978073
2.8553885422075336
3.2483650467509038
3.238901256602631
3.421928094887362
3.663532754804254
3.6978458230844122
3.824252831282987
2.8955056206115373
3.039148671903071
3.084962500721156
3.4273334938982645
3.584183719779189
3.1971597234241487
3.6978458230844122
3.8035088547976783
3.7849418274376423
3.720175521464345
3.522711955680758
3.4632805178108104
3.6901165175936654
3.3248629576173574
3.182005814760214
3.180832987205441
3.572469458770136
3.6818808028034016
3.882239522542883
3.327819531114783
3.3927474104487847
3.754441845713344
3.630412660873998
3.378783493486176
3.471354487013929
3.6168746059562227
3.084962500721156
3.180832987205441
3.843380912258979
3.8441065448145375
3.0306390622295662
3.180832987205441
3.9517584399462655
3.2516291673878226
2.9312089489103235
3.4613201402110083
3.46610072007239
3.4844404472605603
3.935482971907948
3.409863956163416
3.2359263506290334
3.7681850766741767
4.102686251421883
3.1996877947313274
3.8114549507759907
3.1958468151117168
1.584962500721156
3.442862165155466
3.879616986795741
3.2608281712244547
3.752600468355706
2.792481250360578
2.739572261986723
3.5745575141319303
3.1395722619867223
3.481714572986072
3.7034651896016464
4.12576623839074
3.928414007174855
3.5132696895151083
4.050233514733456
4.014213190733109
4.025256072855769
3.904482282211645
3.238901256602631
3.827737421686624
2.6892464285091586
3.4892262334648487
2.969687734793672
3.1018812234760182
3.591740746916813
3.4056390622295662
2.495602923729013
3.331613322489972
3.7204980659944047
3.4104172527605203
3.3688840705376357
3.468001869937714
3.039148671903071
3.189898095464287
3.54375863824685
3.4745049881054295
3.5434214960675314
3.5562576177764074
3.5039824091702343
1.0892300788425848
3.6040317545551486
3.40582225028569
3.5465935642949384
3.202819531114783
3.6284336390185454
3.830182698156027
3.6635327548042538
1.0
3.180832987205441
3.524308468644405
3.09306920777189
3.381580488309164
3.642149881636903
1.930080144111599
1.760495029766198
2.263809173883546
3.6841808118008985
3.8062043245257384
2.9232314287976204
3.992336099823361
2.8423709931771084
2.8729055953200557
3.238901256602631
3.452819531114783
3.3371753411230776
3.5465935642949384
4.063276901190174
1.0
3.784108514986839
3.182005814760214
3.238901256602631
3.394297211388667
3.5966838917579285
3.917691195261888
3.8645783739023827
3.640223928941851
3.0220552088742
3.238901256602631
3.6402239289418516
0.7732283485249176
3.9048541066775275
3.6444138295776116
2.8150724101159437
1.1451104143815827
1.2866926683547546
3.085055102756477
3.3248629576173574
3.6553362295323457
3.751479777640285
3.0306390622295662
3.2368573034220742
3.5434651896016467
3.419381945646371
2.8553885422075336
3.2516291673878226
3.5417435206018593
3.3248629576173574
3.6008814107608185
3.5766176449086653
3.281036112553423
3.5623587458929635
3.2728043273346206
3.6980617602935046
3.9078647014295798
3.7264741182543752
4.073118998674245
3.085055102756477
3.5519705475093923
3.239097917988786
3.2516291673878226
2.931208948910323
3.169925001442312
3.013070929103845
3.238901256602631
3.0269868333592873
3.188721875540867
3.4992275471326932
3.1556390622295662
2.9182958340544896
0.9912642605354288
4.056564762130954
1.4182958340544896
2.952819531114783
3.373557262275185
2.663532754804255
0.9182958340544896
3.381580488309164
1.1432524757851013
0.0
3.189898095464288
3.5013978254341027
2.85845859334435
4.032337110060655
3.6993370688471336
2.0
4.028916799425565
1.0
3.8810891229221354
3.915698831943696
3.9578794908226667
3.6905682207630544
3.0850551027564768
3.3423709931771084
2.2335169794023564
2.643390663721141
2.666025586351284
3.350209029099897
3.3274847819558424
3.7947885411048046
3.3927474104487847
3.0220552088742
3.452819531114783
3.501397825434103
3.452819531114783
3.3660913291191914
3.182005814760214
3.084962500721156
3.2359263506290334
3.471354487013929
3.63441457351055
3.43162356584743
2.931208948910323
2.8553885422075336
2.974937501201927
3.5841837197791886
0.0
4.043015851304492
1.0
3.9780663662402693
3.511085408180427
3.9118589054145056
3.8330709070912787
2.751629167387823
3.5841837197791886
3.791218512787837
3.1728107335198645
3.807976707200401
3.7561983328100945
3.7709424217485368
3.9410849805739487
3.587858798299509
3.883337460421007
3.6537567082870006
3.11583409216322
3.277613436819115
3.2516291673878226
3.590198080293823
3.350209029099897
1.4716022614097979
2.777776811456786
3.740601562950723
3.9620315910594455
4.050877288655721
3.327819531114783
3.5224963070861737
3.379470570797251
3.881727678869736
3.202819531114783
3.084962500721156
3.175123135113461
3.5319412055466586
3.381580488309164
3.952819531114783
3.762310736133871
3.2402239289418517
3.3232314287976203
3.291392876170962
3.625
3.6565647621309543
3.5394705707972514
2.7516291673878226
3.381580488309164
3.9232517969803373
3.9966343661444306
3.36030597770208
3.5766176449086653
3.6709688919510652
3.605388542207534
2.623516641218015
3.03856233607563
3.155565013329718
3.182005814760214
3.077819531114783
4.08096074945861
4.144616535145518
3.0574760762899316
3.5535088547976788
3.337175341123077
3.2390979179887864
1.7464657985040721
3.288502305771505
3.9510439705632447
2.8423709931771093
3.7254805569978675
3.94854891077871
2.918295834054489
3.039148671903071
3.4613201402110083
3.176110251517254
3.384183719779189
3.2927701939369904
3.180832987205441
3.4266160458809476
3.418295834054489
3.511085408180427
3.6016777413452163
3.3232314287976203
3.3693933134492036
2.8553885422075336
3.8110804962442772
3.5035391228040242
3.699151744928387
3.6354309073173963
3.521640636343319
2.5849625007211565
2.774397470347699
3.22467921775583
3.182005814760214
3.0269868333592873
3.084962500721156
3.0850551027564768
3.767183467891461
3.5726236638951634
3.4104172527605203
3.3927474104487847
3.5944656369614516
3.408694969562842
3.337175341123077
2.751629167387823
3.0
3.084962500721156
3.4864486671683537
3.317640005966217
3.675310868912364
3.0565647621309537
3.7931869927298494
3.529696439528413
3.180832987205441
0.0
3.0220552088742
3.5766176449086653
3.9934988160646787
0.0
3.923365924534973
2.9464393446710155
3.818684103891234
2.8553885422075336
1.5
2.7192945256669794
3.7082577086340227
3.5841837197791886
2.9219280948873623
4.0047779040672875
1.5
3.7318597626451755
3.3576439260128503
3.9823912388922063
3.917626443873359
3.6133373140453067
4.0988855099901915
3.8524468463099493
0.0
3.0
4.175502786277022
3.991152801222674
3.842090118128758
3.8908054820769817
2.0
4.055872382909117
1.584962500721156
2.751629167387823
3.642371448743902
3.452819531114783
2.9852281360342525
3.617861029749889
2.5654483718208256
3.820489809285063
3.2516291673878226
4.157473480311312
4.18171383447924
4.124937073220456
2.4056390622295662
2.0
0.7416847557897408
0.996118213778296
3.09306920777189
3.4251185503571393
3.4632805178108104
3.572431251322119
3.373557262275185
3.731746181697386
2.682588730501833
3.202819531114783
3.5645404777369882
3.4182958340544896
4.146778780293767
1.584962500721156
4.055837623121317
4.084614735517469
3.5176723896144892
1.584962500721156
2.1773134810141723
3.581076011914607
3.8974819189666365
3.95180372200333
3.2210972500579564
3.1184104338705723
3.624379701651112
4.190552604017273
3.5355820479705757
3.039148671903071
3.895638807527667
3.0792453930625077
3.577819531114783
3.565448371820825
3.5356747474501944
2.8423709931771093
3.182005814760214
3.582945001645598
3.452819531114783
2.94770277922009
1.5
3.197159723424149
4.1159761346068
3.715932185515029
3.859880977513952
3.2728043273346197
3.4474015047059146
2.9852281360342525
4.102497306818266
2.8553885422075336
3.1996877947313274
3.739815461015533
3.685659843878877
3.249460279921617
3.5966751007605073
3.3274847819558424
3.5397635896673325
2.9689185639620974
3.54595859334435
3.9377531072418526
3.967872136084545
2.8423709931771084
3.378783493486176
3.5
3.638147696204827
3.155221528859512
3.3841837197791884
3.3248629576173574
3.734521664779752
3.1699250014423117
3.086048612313038
3.41041725276052
1.1451104143815827
3.3735572622751855
3.238901256602631
3.057476076289932
2.4834585933443494
3.3927474104487847
3.2610439833372844
3.969771952769756
3.905764584655452
3.902371402305611
3.5772174080402555
3.463465189601646
1.584962500721156
3.128085278891395
2.7773627950641693
3.084962500721156
3.3927474104487847
3.767501223676887
3.795088586397733
3.189898095464287
4.023277697104406
3.202819531114783
3.182005814760214
3.2359263506290334
3.717850465126433
3.379470570797252
3.3711045993081328
3.0708470936225174
3.450167313472171
3.180832987205441
3.2359263506290334
3.9681390622295662
3.7126616915430057
3.392747410448785
3.6818808028034016
4.029096152360618
3.691428031846024
3.084962500721156
3.418295834054489
3.924552174871899
2.66122625626979
2.7534343861887853
2.8553885422075336
3.8595570697442274
3.7195306386405664
3.4816615121017565
3.7386085007312415
3.3735572622751855
3.4859175795054953
2.869737972729375
3.0849625007211556
3.7250705203641807
3.950987125440962
1.584962500721156
3.2516291673878226
3.039148671903071
3.240528260216712
3.323231428797621
3.506890595608518
3.684183719779189
2.584962500721156
3.039148671903071
3.039148671903071
3.3927474104487847
3.006238928653389
3.7321588913645694
3.2840014480990933
3.2744019192887706
2.974937501201927
3.501397825434103
2.98345859334435
3.239097917988786
3.440070116549512
3.9752062472126126
3.1556390622295662
3.0269868333592873
3.3564924137968237
3.6897037321995465
2.355388542207534
3.039148671903071
2.688721875540867
3.4399364703978073
3.7636467706769263
4.071581588126284
2.390863696857044
3.135493559973879
0.9182958340544896
3.238901256602631
3.4219280948873623
3.9791395299448324
3.914422366685879
3.2359263506290334
3.8514097655573916
3.337175341123077
3.7544418457133446
3.627763553007399
3.1630741894285688
3.321104330578489
3.817951821912948
3.7889097655573916
3.8431390622295667
3.155565013329718
3.7224385005301968
3.5814447879326115
3.984469354075157
3.950488804308609
3.981904873786283
4.046651324643073
0.0
4.175256753812712
2.0
3.6143694458867563
2.8731406795131336
3.414441303694973
3.601227480952956
3.189898095464287
3.039148671903071
3.2608281712244542
3.772368358901741
2.931208948910323
3.238901256602631
3.2516291673878226
3.0269868333592873
4.212010229963591
2.0
3.384183719779189
2.855388542207534
3.5841837197791886
1.7720744553985661
1.3862740938959681
3.2810361125534233
3.5766176449086657
3.738682032286191
3.2516291673878226
3.0269868333592873
3.734521664779752
3.534848613650846
3.7841837197791888
3.6521147627546076
3.8431390622295662
3.9035239700887407
3.6897037321995474
3.4613201402110083
3.238901256602631
3.418295834054489
3.780394654123195
3.576617644908665
3.4613201402110083
3.4841837197791885
2.6612262562697895
2.8729055953200557
3.740601562950723
2.6235166412180155
3.7622673906514947
3.3342094594480485
3.327819531114783
3.077819531114783
3.238901256602631
3.4193819456463714
3.7709103354256372
3.7773627950641684
3.856297888280895
3.344251091350174
2.521640636343318
3.2402239289418517
3.6878166577818927
3.8822601519106237
1.584962500721156
3.53850987421411
3.2359263506290334
3.337677779700861
3.3927474104487847
1.2389012566026305
3.2402239289418513
3.238901256602631
3.0
3.2516291673878226
3.281036112553423
3.8962915290459277
1.207518749639422
3.2927701939369904
3.065957320949175
3.876838815934793
3.646439344671015
2.8729055953200557
3.3927474104487847
3.452819531114783
3.1751231351134614
3.4613201402110083
3.7261981000246145
3.9209378720695267
3.5739348962840563
3.503258334775645
3.4636442593031775
3.337175341123077
3.418295834054489
3.998232282211645
3.7140554259211087
3.9368890743148333
3.921444040902356
3.0393538721672004
3.6464393446710153
3.756795811071915
3.0220552088742
2.931208948910323
2.78845045730829
3.874748555216676
3.5585186130489057
3.5736606896881846
2.8962915290459277
2.855388542207534
2.9344340657990293
2.7773627950641684
2.7534343861887853
2.469670487371862
2.920596937187078
2.681625957074392
2.908694969562842
3.21652095028804
3.031579168349365
2.840265565194928
3.096063959168546
2.9297051020907934
3.08211960356939
2.825845934040749
3.2402483960116117
2.33012496531497
3.2218194811298053
3.077819531114783
3.1590795706241743
2.9638096525384383
2.6455933144511468
3.3201600053268887
3.098870523901816
3.203579690504072
3.2745040600685535
3.0960639591685455
2.8150724101159437
3.1775238440376317
3.393296350290486
2.9928560501604604
2.8159220638351665
3.0823281368584294
2.278351811711312
2.9852281360342516
2.822181958642873
2.7806390622295662
2.8073549220576046
3.327819531114783
3.609496334425696
3.0269868333592873
3.337175341123077
3.9285431016804355
2.9852281360342525
3.8546293488142527
3.238901256602631
3.5424812503605785
3.5032583347756456
3.720128777433186
4.210290980548024
2.0
3.9522164294636286
4.033513500647142
3.32323142879762
3.82790978214397
3.926272374139508
3.392747410448785
3.174885868724236
2.9312089489103235
2.751629167387823
3.3921472236645345
3.762396266357392
3.748994803525096
3.7735572622751854
3.202819531114783
3.8086949695628416
3.4852281360342516
4.18933410324512
1.584962500721156
4.148542926340705
3.8276063407246457
3.984348757255301
3.7201755214643453
3.867997406388214
4.050151353755844
2.584962500721156
3.9574945643764097
3.517593238793311
3.6163485660751635
2.8553885422075336
3.630062358078027
2.8553885422075336
3.5
2.8150724101159437
2.207780484304962
4.003566185958841
4.106978575505417
1.5
0.8439491244805034
1.4182958340544896
3.4983471493992453
3.263933429485634
3.5356747474501944
3.6647170014624826
3.0306390622295662
3.03856233607563
3.7181390622295662
3.817640005966217
3.1692486956952335
2.918295834054489
3.5
3.391892644680931
3.52257158913636
3.614369445886757
3.6841837197791887
3.8278475418785787
3.8667292966721747
3.5
3.09306920777189
2.950212064914747
3.3388043692446137
3.373557262275185
3.277613436819116
3.5
1.207518749639422
3.508621780036166
4.027525460370792
3.840540288357312
3.373557262275185
3.484183719779189
3.4817145729860726
3.2961483747476232
3.4314134569803287
3.8588893219978853
3.10845859334435
3.084962500721156
3.366091329119191
2.9638096525384383
2.8150724101159437
3.82790978214397
3.269275070710713
3.219528282299548
2.5220552088742005
3.700254090344865
3.8453509366224354
3.7155939849794692
3.869331261111519
3.0503018554349817
3.2076861128739376
3.09306920777189
2.9450386975402445
3.3927474104487847
3.4548223999466066
3.4316235658474303
2.1920058354921066
2.251629167387823
2.263809173883546
1.8322488896002305
2.374556048381884
2.263809173883546
3.084962500721156
3.964538076551422
3.7861456150243633
3.6954020128885072
3.7427544902092933
3.9773496334291125
3.8633150404375796
3.522055208874201
3.9901224821855723
3.4649112214500137
1.0
3.0269868333592873
3.0220552088742
3.366091329119192
3.2795521154442158
3.084962500721156
3.699810460910167
4.040657777542166
3.84933242648219
3.7534343861887853
3.4454708534068343
3.5562012808079033
3.6103898895526747
3.5227119556807582
3.5434651896016467
3.787143960698139
3.5804621997271013
3.734521664779752
3.8846537449368466
3.5777471629109443
2.9182958340544896
2.9182958340544896
2.5073801024236353
3.6838561897747235
3.391892644680931
3.182005814760214
2.9705730958116843
3.8444138295776114
3.700254090344865
4.063036851590982
3.006238928653389
2.873140679513133
3.6029100796497273
3.6423714487439023
3.708132064658602
3.366091329119192
3.4104172527605203
3.2516291673878226
3.418295834054489
3.1556390622295662
3.189898095464288
3.378783493486176
3.4116022179746714
1.5058762556041068
3.605388542207534
3.770586316406279
2.8150724101159437
3.40582225028569
3.202819531114783
2.950212064914747
3.397581911182353
3.5739348962840563
3.486440501696145
3.378783493486176
3.705496089460615
3.5136459293583706
2.321928094887362
4.017145049472475
3.3525842461721624
3.8781261146139956
3.2195282822995477
3.7373261452560076
2.447966499549277
3.112275348473199
2.6565647621309543
2.0
3.832465218191343
3.584962500721156
3.039148671903071
3.70130035317568
3.136842188131012
2.9312089489103235
0.8795064608120066
1.5628066316931741
2.9232314287976204
3.197159723424149
3.5585186130489057
3.721928094887362
3.762828946063731
3.2359263506290334
3.0306390622295662
3.8612792912647467
3.2359263506290334
3.5566567074628237
3.636842188131012
3.1279868068776753
2.8731406795131336
3.438721875540867
2.4182958340544896
3.621928094887362
3.041446071165522
2.95380637316011
3.2402239289418517
3.348798912202497
3.337175341123077
3.2359263506290334
2.7274972248524723
3.418295834054489
3.1751231351134614
3.536886723742167
4.075023869307127
3.5035391228040247
3.3320953986601696
3.0269868333592873
3.3248629576173574
3.238901256602631
3.128085278891395
3.161362316948649
3.2437357573361987
3.2639334294856344
3.833488822941622
3.952973815923293
3.0269868333592873
3.922998558613553
4.073100935253921
2.8731406795131336
3.4464393446710155
4.046580655376752
3.2924812503605785
4.07938778668816
3.9939057825682673
0.0
3.9362422548345486
3.4695767463163936
3.238901256602631
3.576617644908665
3.7722987650588196
3.672287961313921
2.0
3.2516291673878226
3.350209029099897
0.9530138853315971
3.197159723424149
3.127986806877675
3.4928827102889057
3.3226269664946875
3.857260394000672
3.9164813583774225
4.142683832996066
2.345719283930527
3.521640636343319
3.373557262275185
3.6304126608739984
3.323231428797621
4.015911198560372
1.3709505944546687
3.32323142879762
3.82790978214397
1.3143204867061788
3.0420006612655635
3.056564762130954
2.751629167387823
3.2516291673878226
3.106890595608519
3.8661622473804056
3.834829508503261
3.6423714487439027
4.046762009425715
0.0
1.4182958340544896
1.573402452417767
3.4613201402110083
3.7600172778496526
2.751629167387823
3.084962500721156
3.735281416219837
3.2516291673878226
0.9933927290103626
3.378783493486176
3.810081020521731
3.447401504705915
2.5654483718208256
3.9292292966721747
3.753424276559887
3.7030407100708658
3.695501148817395
2.8332062193464953
0.8683927290103626
2.8553885422075336
3.373557262275185
3.5766176449086657
4.030041670814299
3.5068905956085183
4.165563053483078
3.2516291673878226
3.621928094887362
3.202819531114783
2.5497873815230374
2.287783719941071
2.4516084941043093
3.9008115971866943
3.125
3.189898095464287
3.4185886460613313
3.468576629687865
3.501397825434103
3.337175341123077
3.2516291673878226
3.8301826981560265
3.663532754804254
3.9723064058771302
3.2608281712244547
3.039148671903072
0.7345299214394703
2.74894004700543
2.9056390622295662
3.833396911739715
3.962103165155795
3.763358429231108
3.182005814760214
0.9912642605354288
2.931208948910323
2.873140679513133
2.701388510726432
3.9148306052829707
3.095795255000934
3.6150610122030695
3.617634357396307
3.9242182676808737
3.596683891757928
2.5220552088742005
3.6339740759971577
1.584962500721156
3.993112465387199
3.9442298706911805
3.467451694591552
1.584962500721156
3.535934231094091
2.974937501201927
3.2655833228877325
1.4345491399952024
1.4182958340544896
3.82639528674881
1.584962500721156
2.6258145836939115
2.7192945256669794
3.797902689682947
3.854285871987246
3.3787834934861767
3.8521687236032816
3.084962500721156
3.375
3.366091329119192
4.113172736114331
3.375
4.012022028623251
2.7534343861887853
0.0
3.452819531114783
3.4548223999466066
2.873140679513133
3.0269868333592873
3.538310595615006
3.606015279620733
3.736006946447657
3.5511911744656968
3.8657789598652683
3.783465189601646
3.7848977027564086
3.4713544870139277
3.8100810205217313
3.6094963344256965
3.555533151426996
4.0867795512316585
3.2597019551294295
3.1018812234760182
3.09306920777189
4.066461929335322
3.260828171224455
3.671405583442497
3.9786544790834877
4.128605847948536
1.0
3.0130709291038453
4.02459985143605
3.9440995116941604
3.8448050582927715
3.4565647621309536
2.973557262275185
3.202819531114783
3.5892015347092845
3.2924812503605785
3.7709424217485377
4.000321629365921
2.9182958340544896
3.6901120337170696
3.8045851693377997
3.084962500721156
3.1808329872054406
3.327819531114783
3.2516291673878226
3.511085408180426
3.9988018367653257
3.2806390622295662
3.0565647621309537
3.084962500721156
3.238901256602631
2.7898980954642876
3.337175341123077
2.8962915290459286
3.536886723742166
3.3927474104487847
2.7192945256669794
2.8553885422075336
3.327819531114783
3.2610439833372844
2.6455933144511468
3.4541684103574046
2.4996981431844145
3.642371448743902
3.640223928941852
3.3927474104487847
4.012070558136007
3.085055102756477
3.53641423712223
2.2890179898186576
3.8404025467025056
3.084962500721156
3.8565647621309536
3.039148671903071
3.006238928653389
3.837125649642014
3.788341339656749
2.0191534613250357
2.649397470347699
2.5868878409958143
2.0989295636909353
2.358938532350277
2.148834854280917
1.8885105964272466
1.7841591278514217
1.994299475957303
3.542837797403416
3.8754523514050088
3.084962500721156
2.8638263900908156
3.0849625007211556
3.681727678869736
3.636999055699652
3.7834651896016465
2.900051698999542
3.1958468151117168
3.429275070710713
4.053241045915103
3.590018266288633
3.175123135113461
3.084962500721156
3.7071562309216133
3.867423137102649
3.189898095464287
2.8553885422075336
4.001071017491117
3.625592237345044
3.0056785904566765
3.923471071533122
3.9691656387402396
3.925070520364181
3.0957952550009336
3.2903216092483056
3.7201755214643453
3.182005814760214
3.452819531114783
3.251629167387823
2.9182958340544896
3.4454708534068343
3.11583409216322
3.5669732859595604
3.2516291673878226
4.036556818163726
4.044084203599106
3.182005814760214
3.085055102756477
3.170543891762937
2.98345859334435
3.323231428797621
3.5739348962840563
3.4817145729860726
3.0565647621309537
2.7516291673878226
3.8542858719872455
3.6753108689123644
3.5465935642949384
3.958803055517086
3.8849853336428604
3.327819531114783
3.186704345910024
3.901828211042222
1.0
3.6119498434695583
3.452819531114783
3.9615866351234246
3.4653164181584657
3.804582217613529
3.850571945454581
2.66122625626979
3.553090083530328
2.5220552088742005
3.6335059949783677
3.2464393446710154
3.702308061382248
3.3371753411230776
3.263933429485634
3.6818808028034016
3.6591272437437317
3.4193819456463714
2.1920058354921066
1.8783135434447005
3.6644977792004623
3.897203151424737
4.013783990230682
3.7398775745709454
2.992856050160461
4.037864498625294
2.0
2.9182958340544896
2.663532754804255
1.584962500721156
3.897920489672224
3.7186851741155724
1.584962500721156
2.5654483718208256
3.6304126608739975
3.8441065448145375
3.633974075997158
2.719294525666979
2.789898095464287
3.573660689688186
3.753269689515107
3.381580488309164
3.3787834934861767
3.546439344671015
2.910992253015046
3.4039894464852614
3.238901256602631
3.346439344671015
3.774923080521556
3.463280517810811
3.771318774382538
3.861983513035609
3.418295834054489
4.144643172475927
4.021939112930933
4.051394627288987
3.960376089614565
4.125756938002254
3.319773835029478
3.708132064658602
3.039148671903071
3.180832987205441
3.2402239289418517
3.384183719779189
3.484183719779189
3.708966082694623
3.2516291673878226
4.100665607857539
3.9947641270344936
4.152913754621455
4.042837797403416
4.161949011553111
3.136863709607318
3.2516291673878226
3.2516291673878226
3.658234151258402
3.854285871987246
3.8704682662935626
3.9134007456613777
3.963590820407827
3.6734165853054446
3.9681390622295662
3.8757315032041877
3.238901256602631
4.1413184531167655
3.5
2.9232314287976204
2.8553885422075336
3.3735572622751855
3.1713731502314886
3.7445377522609933
3.6287043499044223
3.695353149863718
3.4650182662886326
3.677139104850461
4.040807617151698
3.643412209221872
3.451309989710664
3.68878681139948
3.750292659616669
3.4262096139809795
3.9018668828462757
3.6838561897747235
2.85845859334435
3.9810167964663474
3.6229524183974138
3.9721012015414594
3.9614080811157075
3.0775726382817687
3.197159723424149
3.68501996208382
3.0837651410695517
3.754830446090324
3.3816201079487347
3.0503018554349817
2.0
3.327819531114783
3.6053885422075336
3.5535088547976783
3.125
3.146286370662105
3.675310868912364
3.373557262275185
3.970422410781626
3.418295834054489
3.221928094887362
3.3921472236645345
3.4182958340544896
3.240223928941852
3.378783493486176
4.113391971135907
4.153473029342887
4.174481169246956
2.0
4.121338103712632
3.9573868882835543
4.078655340947486
4.021929748678696
3.7080030435786817
1.3787834934861753
2.321928094887362
3.5841837197791886
3.378783493486176
2.656564762130954
3.5137847242254345
1.9807176505096367
1.971747257128181
2.2312702546075758
1.0
3.4613201402110083
3.3087513512471665
3.355388542207534
3.2678941476196224
3.7962176025900556
3.16829583405449
3.447262499441211
3.238901256602631
3.8206945011626217
3.952819531114783
3.373557262275186
3.9689185639620965
2.0119209285947934
0.6075575039285437
3.959300998831871
3.9180684582015908
3.5351745656359026
3.8332696895151077
3.4713544870139286
3.6572682296173897
3.503701696057348
3.180832987205441
3.3927474104487847
3.326360407952693
3.084962500721156
0.0
3.2359263506290334
3.323231428797621
2.688721875540867
1.3355055565170972
3.5
3.3232314287976203
3.175123135113461
3.8681697173044625
3.188721875540867
3.251629167387823
3.6234651896016463
3.2195282822995477
4.00335153276428
4.006720834246031
4.008055320037075
4.211210672320924
2.950212064914747
3.4548223999466066
3.4182958340544896
2.918295834054489
3.378783493486176
3.2516291673878226
2.9151959937952427
3.418295834054489
3.9868103370275945
3.0269868333592873
3.7178591076579637
3.326360407952693
3.6168746059562227
2.927451224964519
3.3371753411230776
3.3927474104487847
4.037903479014992
1.118275160770976
3.899542333772523
1.5219280948873621
3.91211389097223
2.950212064914747
3.78017915789576
2.610577243331642
3.9352049386415504
3.6725535823855564
3.7191067726838933
3.2402239289418517
2.860320777833044
3.2402239289418517
2.8150724101159437
3.6758711054575395
3.578001151032271
3.8049118403250195
3.9958386096436596
3.2516291673878226
4.014635803423207
3.6995138503199656
3.3927474104487847
3.337175341123077
3.3735572622751855
3.080500530640267
3.1307179879273748
3.4316235658474303
3.44075983254009
3.238901256602631
3.1898980954642866
3.96228836907077
3.7983512260625822
1.134969974603941
3.9597093117583606
3.5465935642949384
3.9705824494328454
3.857202986636764
3.5394705707972514
3.4713544870139286
3.125
2.917405811425518
3.7775511192086584
3.9410349387408994
0.9182958340544896
3.4182958340544896
1.0
4.023981820580904
3.0220552088742
3.3927474104487847
3.085055102756477
3.8107699742909067
3.784941827437642
3.6572682296173897
3.796217602590056
3.546439344671015
3.182005814760214
2.94770277922009
2.0
4.169062015353275
1.5
2.651839805041122
1.584962500721156
3.125
3.723136650502167
3.1556390622295662
3.6887218755408675
3.0062389286533895
3.0565647621309537
3.5068905956085183
3.4130884364257574
3.263933429485634
3.419381945646371
3.663532754804254
2.9476013115120567
3.0269868333592873
3.2516291673878226
4.067161078355537
1.0
2.9852281360342525
2.8423709931771093
3.501397825434103
3.429275070710713
3.8671352508786603
1.5
0.6998428398862386
3.501397825434103
3.209147917027245
0.9933927290103626
0.9933927290103626
3.2402239289418517
3.3263604079526927
3.689703732199547
3.6818808028034016
3.816466559480707
3.830154625359279
3.6230242271029556
3.8684036692536283
3.2516291673878226
3.9089548220906427
3.2516291673878226
3.861073358713991
2.103909910282364
3.9001530166977116
3.039148671903071
3.0849625007211556
3.2516291673878226
3.740286166641563
3.219528282299548
3.285917579505496
3.5465935642949384
3.209147917027245
3.9898980954642873
3.2575004135020675
3.2536606896881857
3.4140395130266334
3.246439344671016
3.703465189601647
3.9538063731601114
3.484183719779189
1.1674367232867007
3.5121884039686617
3.3371753411230776
3.657864935944735
2.918295834054489
3.9045920645785115
3.3118441013102036
2.71929452566698
4.014425683876683
3.573660689688185
3.5766176449086657
4.015319531114783
2.9182958340544896
3.7699157907364484
3.5790611335129814
3.3735572622751855
3.127986806877675
3.180832987205441
3.6143694458867563
3.4548223999466066
3.418295834054489
3.6143694458867563
2.950212064914747
3.410232940673185
3.0
3.653756708287001
2.8423709931771093
2.9956029237290123
3.726413965636962
3.6498443843497057
1.0892300788425848
3.106890595608519
3.661801091561244
3.077819531114783
3.7381493331928652
3.337175341123077
2.9852281360342516
3.6883797325346426
3.750292659616669
3.513269689515108
3.646039033895927
3.0220552088742
3.238901256602631
3.823394792874038
3.3927474104487847
2.656564762130954
3.9626438509468507
2.8582783084180448
3.7975930694795585
3.827819531114783
3.82306798227366
3.7197912862239577
3.8100810205217304
3.4677201004745006
2.9995812306460645
3.4617878424355717
3.664497779200461
3.085055102756477
3.3082708345352603
3.4122128979858113
3.2402239289418526
3.1395722619867223
2.9056390622295662
3.4817145729860726
3.182005814760214
3.0849625007211556
2.923231428797621
3.0220552088742
3.0220552088742
3.3927474104487847
0.8166890883150209
3.92979547122589
4.082955658637484
3.6213458631567086
0.0
3.180832987205441
3.7360069464476573
3.2516291673878226
3.0062389286533895
3.238901256602631
3.4316235658474303
3.378783493486176
3.3735572622751855
0.8166890883150209
3.7817536555801703
2.816307519224645
3.6652574196118852
1.584962500721156
0.5032583347756457
3.456564762130953
3.3927474104487847
3.084962500721156
3.182005814760214
3.896439344671015
3.182928370080317
0.9463729359854419
2.7773627950641693
2.606238928653389
2.5654483718208256
3.8813049938224666
3.93059251180506
3.084962500721156
3.821311940104173
2.7773627950641693
3.139572261986723
3.9369332162007433
2.7321588913645702
3.149397470347699
3.3502090290998967
3.414441303694973
2.6464393446710153
1.584962500721156
3.642371448743902
2.952819531114783
2.950212064914747
3.4992275471326932
4.119831509322804
3.573934896284056
4.137530670356554
4.041336376912015
3.188721875540867
4.015432859943169
3.4039894464852614
3.2359263506290334
3.0220552088742
2.6455933144511468
3.238901256602631
3.6897037321995465
3.197159723424149
3.085055102756477
3.1813663288914587
3.3211043305784895
3.0565647621309537
3.373557262275185
3.454822399946607
3.8732358263763285
3.09306920777189
3.077819531114783
3.0
3.221097250057957
3.0269868333592873
3.7887549139935026
2.918295834054489
3.689703732199547
1.0
3.996033278746759
3.3719702810820817
1.0
3.7999793850498294
3.202819531114783
3.898132720390291
3.837931410513421
3.6693360192553452
3.6959472263874704
3.5250609624543467
3.337175341123077
4.084474922241231
4.08290949255898
3.4266160458809476
3.5413363769120147
2.6612262562697895
2.9339545780481746
3.726474118254375
3.6208024705428556
3.4031071683628116
3.2516291673878226
3.893772691849263
3.7355072643372886
3.4661007200723906
3.5585186130489057
3.238901256602631
3.833070907091279
3.2359263506290334
3.8634651896016465
4.0729969314679435
1.9219280948873623
3.1820058147602133
3.381580488309164
2.8553885422075336
3.4058222502856896
3.084962500721156
3.556656707462823
3.2359263506290334
3.378783493486176
3.0659573209491744
3.0220552088742005
3.8100810205217313
3.085055102756477
3.506890595608518
1.1451104143815827
3.75
3.530493056757482
3.2810361125534233
3.2359263506290334
3.521640636343319
3.558518613048906
3.381580488309164
3.452819531114783
3.616348566075164
3.7256507561120933
3.452819531114783
3.084962500721156
3.3735572622751855
3.521640636343319
3.7622673906514947
3.573229210210221
3.8924071185928746
3.189898095464287
3.5121884039686613
3.334679141051595
3.128085278891395
3.0565647621309533
3.438721875540867
3.0269868333592873
3.2516291673878226
3.663532754804254
3.5160276412662297
3.43162356584743
3.326360407952694
3.334209459448049
3.3735572622751855
3.5724312513221195
2.7773627950641693
3.5766176449086653
3.4713544870139286
3.7849418274376423
3.621928094887362
3.5464393446710156
3.238901256602631
3.930270372293455
3.0306390622295662
3.0565647621309537
3.588354347173234
0.9141828384352135
3.7868360721210523
3.688672459586503
3.474380085195674
3.300559092390953
3.1775662320965252
3.869331261111518
3.7177589486597395
2.6644977792004614
3.5073801024236353
3.5068905956085183
3.263933429485634
3.8618133616398373
3.0220552088742
3.250957398707728
3.283326937686059
3.438721875540867
3.7193758224153695
3.0220552088742
3.7398775745709463
3.7417292966721747
3.8428966084191076
3.2516291673878226
3.826874881864637
3.3841837197791884
3.334679141051595
0.7075696535050607
3.525939943986514
3.403989446485262
3.4632805178108104
3.3660913291191914
3.521640636343319
2.918295834054489
3.3927474104487847
3.4098064238396275
3.292770193936991
3.3446983751597124
3.8277610199768533
3.1728107335198636
3.763646770676926
3.375
3.6168746059562227
3.398114176205872
3.5178160905596987
3.418295834054489
3.5090356337908912
2.9689185639620974
3.6698084515817024
3.4613201402110083
2.968918563962097
3.3927474104487847
3.0900327766014795
3.5479069076840855
3.670850501025457
3.6689869584530608
3.7936340267262203
3.202819531114783
2.7329145639793975
3.315332372230756
3.6133373140453067
3.544527989977505
3.084962500721156
3.4992275471326932
3.844665497172282
3.668558765259282
2.0
4.14307397062501
1.584962500721156
3.701129650809446
3.6818808028034025
3.584962500721156
3.3232314287976203
3.378783493486176
3.653756708287001
3.7841837197791888
3.1307179879273748
3.9523029776623857
3.334209459448049
3.2516291673878226
2.3158243335257076
3.127986806877675
3.9315957679011704
3.698068512058839
3.0130709291038453
3.5434651896016467
4.053519393699604
1.0
3.6211755429194716
3.5585186130489057
3.53641423712223
2.8225797618424915
3.084962500721156
3.8221404796852165
3.065957320949175
3.323231428797621
3.493660689688185
3.039148671903071
2.6612262562697895
3.006238928653389
2.822579761842491
2.8731406795131336
2.8218881955261788
3.121928094887362
3.2168345321007514
1.6493974703476992
2.839353872167201
3.7539564625707698
2.875
3.5132696895151083
3.5599000019230838
2.0
3.6902603909683833
3.938177320852283
4.075688627933298
3.605388542207534
2.934434065799029
2.792481250360578
3.697845823084412
4.057476076289931
3.7532696895151076
3.2359263506290334
3.640223928941851
3.373557262275185
3.2729055953200556
3.675310868912364
3.375
3.721928094887362
3.452819531114783
2.6235166412180155
3.4992275471326932
3.7198523585646033
3.721928094887362
3.6841837197791882
3.188721875540867
3.981112632195753
3.6347327573454256
4.066148337050638
3.488525294897748
3.3816201079487347
2.8553885422075336
3.798894941894525
3.0957952550009344
1.0
3.461320140211008
3.6368421881310122
3.5585186130489057
3.056564762130954
3.679687439279554
4.114444403045144
3.6292196865240958
2.8423709931771093
3.4548223999466066
2.688721875540867
3.9242876137534295
3.3927474104487847
3.7017135242954993
2.94770277922009
1.584962500721156
3.4613201402110083
3.2841591278514217
3.0269868333592873
3.521640636343319
3.971781406074027
2.6644977792004614
3.3232314287976203
2.952819531114783
3.5466316153937774
3.260828171224455
3.4613201402110083
3.688721875540867
3.366091329119192
0.5225593745369408
1.0892300788425848
1.2916919971380596
3.2195282822995477
3.8833591601106487
3.602588858694238
3.106890595608518
3.6818808028034016
4.159605540596768
2.584962500721156
4.027158825548253
1.5628066316931741
3.9962766649982058
3.6105772433316434
3.1775662320965252
4.033174829309585
2.931208948910323
1.0
2.931208948910323
3.189898095464287
3.180832987205441
3.456564762130953
3.170543891762937
3.503982409170235
3.5101762259314633
3.456564762130953
3.085055102756477
3.410232940673184
3.805496793698874
3.5317836053919796
3.2359263506290326
3.337175341123077
2.8073549220576037
3.5
3.342370993177109
2.625814583693911
3.856474653799415
3.470175521464345
2.6612262562697895
3.2516291673878226
2.889549430862088
2.584962500721156
3.238901256602631
2.702904337188607
3.5766176449086653
3.447401504705915
3.902174814211727
3.7887549139935026
3.5930692077718893
1.188721875540867
3.5316788180622902
3.8944464184057184
3.8521604484791507
3.6421498816369033
3.8302370690488257
3.3685225277282056
2.7192945256669794
3.661932872373583
3.2866294867861954
3.6168746059562222
3.1808329872054406
3.6053885422075345
3.2806390622295662
2.727217001462482
3.1556390622295662
2.8150724101159437
1.4394969869215133
4.06268672722799
3.4701755214643453
4.009106303366138
4.0369586878947965
2.8221819586428722
3.7841837197791888
4.015503843585811
3.779191468831157
3.636398233210797
3.794421359911619
3.5968919324675706
3.5764883340281215
3.6014097655573916
3.146286370662105
3.7419627890379075
3.5464393446710156
3.429275070710713
3.2516291673878226
3.1916116417513782
3.3735572622751846
3.286333136600771
3.827819531114783
3.3680424225727155
3.127986806877675
3.188721875540867
3.8646983261669603
2.8423709931771084
3.5554141844097327
3.4039894464852622
3.4548223999466066
0.0
3.663532754804254
3.448302165932481
3.8485704614966356
3.3836745295357287
3.039148671903071
3.238901256602631
3.378783493486176
3.7034651896016464
4.021234996191252
3.6729055953200564
2.6535442970305683
3.6536606896881856
3.452819531114783
0.0
3.3735572622751846
3.67095859334435
3.7409821015340743
3.327819531114783
4.068466847729799
2.0
3.2516291673878226
2.8073904508767225
3.5039824091702343
3.4817145729860726
3.09306920777189
3.6539967386657093
3.43162356584743
2.873140679513133
3.1898980954642866
3.6887218755408675
3.6339740759971586
3.180832987205441
3.513784724225434
3.7239321590506322
3.5780011510322707
2.872905595320056
2.5820599105802575
3.8100810205217313
3.9343813435048056
3.785928932256879
3.7703137652691345
2.0
3.606238928653389
3.657192532924143
3.9232314287976204
3.6469666682736497
1.650022421648354
3.3232314287976203
3.621928094887362
3.238901256602631
3.7052572725689066
3.4941600223597766
3.1018812234760182
1.173185867971725
0.6193821946787638
3.784877494615251
3.946439344671015
3.3273399000835084
1.1401156785146092
3.822704063387217
3.73185783960038
3.3244998138788864
3.6394084230978394
2.9735572622751847
1.0
0.954434002924965
3.4565647621309536
3.6227385611392355
3.378783493486176
3.086048612313038
3.621175542919471
3.6938134887428644
3.735687824737577
3.9556557337177005
3.572469458770136
3.077819531114783
3.106890595608519
3.1556390622295662
3.7737934878245247
3.180832987205441
3.6069367321753205
2.8553885422075336
3.238901256602631
2.584962500721156
3.941964199317895
3.3086949695628425
3.3927474104487847
3.180832987205441
3.056564762130954
3.511080496244278
3.7848977027564086
3.7720552088742005
4.003655053293037
2.6062389286533896
3.1556390622295662
3.373557262275185
3.6841837197791887
3.0269868333592873
3.456564762130954
3.5
3.084962500721156
3.2516291673878226
3.969001629875993
3.419381945646371
3.3232314287976203
2.751629167387823
2.4116022179746714
3.7642990880644707
3.084962500721156
2.8553885422075336
3.2606800644508414
3.182005814760214
3.8412142632351842
3.4713544870139286
3.8895890322259987
4.0111667426463224
3.327819531114783
3.9261464772957972
3.378783493486176
3.621175542919471
3.2089873002588
3.51602764126623
3.039148671903071
3.7462380821852306
3.317640005966217
2.954003642329854
3.7802136112186626
3.5110804962442783
3.904592064578512
3.5519705475093923
3.767375797816041
3.6105772433316417
3.5535088547976788
3.6034123432601906
3.5388962142279325
3.240223928941852
3.182005814760214
3.4642346527265664
3.0565647621309537
3.867254920832041
2.968918563962097
3.7666404471085673
3.0269868333592873
3.3927474104487847
3.2728043273346197
3.0220552088742
3.326060190440407
3.701597680110229
3.694548827786958
3.0220552088742
3.350209029099897
3.536077831151868
3.5032583347756456
3.7040386490267627
3.4472624994412104
4.058363111809056
3.0449127332389447
3.655961827631012
2.9852281360342525
3.8848588918890474
3.5535088547976783
3.5440875916968477
3.797902689682947
3.086048612313038
3.093069207771891
3.7950885863977324
3.7563632121365096
3.796217602590056
3.7907068418616703
3.719294525666979
3.2516291673878226
3.189529631552713
3.7166308917868656
2.8553885422075336
3.8013201709561892
3.1898980954642875
3.3927474104487847
3.0269868333592873
2.8553885422075336
3.0849625007211556
3.794653473544342
2.815922063835166
3.189898095464287
3.0849625007211556
2.295461844238322
2.2469113240052834
2.2221915755066783
1.1929993566060646
3.084962500721156
3.238901256602631
3.2359263506290326
2.9735572622751856
3.5465935642949384
3.5630741894285687
3.906706864464899
1.5
3.3248629576173574
4.060133246234799
3.4841837197791885
3.3862661425265332
3.753574344294177
4.040010484864807
3.327819531114783
3.7289721408610004
2.8553885422075336
3.182005814760214
3.3248629576173574
3.03856233607563
3.7821222241453065
3.334679141051595
3.0306390622295662
3.056564762130954
3.1464393446710153
3.3735572622751846
3.084962500721156
3.6424896731661263
3.5841837197791886
3.5944656369614516
3.572431251322119
3.0269868333592873
3.485689090221239
3.0269868333592873
4.172181068592219
3.538310595615006
3.5160276412662297
3.703465189601646
3.7963154224243696
3.378783493486176
3.6151713102472964
3.661932872373583
2.7255298598074167
3.327819531114783
2.3685225277282065
2.0
3.446439344671015
3.125
3.1556390622295662
3.0062389286533895
3.155221528859512
3.039148671903071
1.8434132525695666
1.9508257945180885
3.501397825434103
3.5110854081804277
2.8453509366224368
3.849140229233046
3.71937582241537
3.895638807527667
3.4472624994412104
3.1813663288914587
3.182005814760214
3.7806390622295662
3.6980685120588386
2.6166013523378564
3.9315016760304564
3.6133373140453067
3.0269868333592873
3.843010159554855
4.158523482097866
3.8140346261999314
3.6975182433473623
4.173331661726192
4.056414449343913
4.032497319569703
1.0
3.4548223999466066
2.7527152789797045
3.7983512260625822
3.843942707918268
3.7381493331928657
3.521640636343319
3.2516291673878226
2.8150724101159437
3.2359263506290334
3.3232314287976203
3.238901256602631
3.4464393446710155
2.8662478973127308
1.7892241053474929
4.12137352943603
3.9828554712500015
4.159364218294971
3.2516291673878226
3.378783493486176
3.0062389286533895
3.007196489685618
3.09306920777189
3.2359263506290334
3.9061983328100944
4.016612699322493
1.584962500721156
3.238901256602631
3.0306390622295662
3.3232314287976203
3.238901256602631
0.49715018363696706
0.9886994082884974
1.220728902106009
3.0220552088742
4.010383096578171
2.9312089489103235
3.3632869239960543
3.3232314287976203
3.4922031072054125
3.9380738947378657
3.415922063835167
3.7843684875968617
3.5110854081804272
3.373557262275185
3.447401504705915
3.039148671903072
3.0269868333592873
3.1813663288914587
3.0850551027564768
3.9257832811917748
3.5761664299193354
3.3027227528624894
3.1898980954642866
3.982504554535751
2.481714572986073
0.0
3.5898486648129992
3.3082708345352603
3.3263604079526936
3.636842188131012
3.810359092949446
3.2516291673878226
2.734502864455962
1.271782221599798
3.1464393446710153
3.0286393118385755
2.9312089489103235
3.5465935642949384
3.2516291673878226
3.9019486883987518
3.594465636961452
3.2359263506290334
3.7192945256669785
3.9563454737695167
2.732914563979398
3.2346970025308774
4.027722755154794
3.2267309150571273
3.4273334938982645
3.843856189774724
3.8962915290459277
3.5
3.5555331514269954
2.931208948910323
3.7841837197791888
3.605388542207534
3.4182958340544896
3.784941827437642
2.6612262562697895
3.3787834934861767
3.463280517810811
3.189898095464287
3.327819531114783
3.719294525666979
3.94770277922009
3.446439344671015
3.5766176449086653
0.8475846798245739
2.688721875540867
3.084962500721156
2.610577243331642
3.498756593279648
3.419381945646371
3.375
3.6635327548042538
2.7773627950641693
3.6023165585055525
3.640223928941852
3.418295834054489
3.652130557318382
3.419381945646371
2.7773627950641693
3.5225715891363594
3.274397470347699
2.7534343861887853
3.6029100796497264
4.022393930329911
3.6012274809529563
3.2888840705376357
3.6193621604231208
3.444413829577611
2.9056390622295662
3.625
3.09847432796395
3.046439344671015
0.0
3.9085490968753094
2.866247897312731
3.6633220924817342
4.096056127920574
2.5216406363433186
4.088023437582979
3.0998755537622285
3.5465935642949384
2.7773627950641697
3.421928094887362
4.054199544382886
1.0
4.211464512083675
3.941094877841409
3.887923977389793
3.8693312611115185
3.7192945256669785
3.661932872373583
3.8781261146139965
3.867997406388214
1.584962500721156
3.4841837197791885
3.3927474104487847
3.3248629576173574
3.521640636343319
3.452819531114783
3.2516291673878226
0.9933927290103626
3.821928094887362
3.321928094887362
3.4613201402110083
3.991215710201985
3.7622673906514943
3.188721875540867
2.835237745312118
2.8553885422075336
3.5
2.8423709931771093
3.6753108689123644
3.53257325750262
1.584962500721156
2.492614068017126
2.3812456678219798
2.540850923884292
1.5
3.2516291673878226
2.258830073557111
3.0499526852153807
3.001196592496627
2.9735572622751856
3.49949961153114
3.375
4.00545961261383
2.7534343861887853
3.613283334294874
3.6542637259970228
2.9182958340544896
3.636842188131012
3.6835423624332306
3.9614683569181244
2.8073549220576046
2.8553885422075336
3.414441303694973
3.446439344671015
3.09306920777189
3.6219280948873624
3.056564762130954
3.0850551027564768
3.0071964896856174
3.844987017735993
3.8456631498513816
2.9312089489103235
2.142079563925711
1.875
2.197159723424149
1.584962500721156
2.7192945256669794
2.955913095175825
3.3927474104487847
3.084962500721156
3.0269868333592873
2.9852281360342516
3.084962500721156
2.292481250360578
3.636842188131012
3.756795811071915
3.7464393446710154
3.6714055834424966
3.8063142585777707
3.039148671903071
2.7773627950641693
3.5465935642949384
3.534219021180341
3.4182958340544896
3.327819531114783
3.1018812234760182
1.1411535278793055
3.2866294867861945
3.2516291673878226
1.4182958340544896
3.085055102756477
3.286629486786195
2.71929452566698
3.2195282822995477
3.3927474104487847
3.933375143139157
4.011599882092371
2.8453509366224368
1.584962500721156
3.829246482620734
3.8143719431796272
3.006238928653389
3.4182958340544896
3.8546314531131225
3.7100573303878073
3.865142250383774
3.180832987205441
3.4381669888865596
2.765957320949175
3.182005814760214
2.521640636343318
3.180832987205441
3.6069367321753205
3.7201755214643453
3.4613201402110083
3.503258334775645
2.688721875540867
3.4182958340544896
2.873140679513133
0.9912642605354288
3.4634651896016466
3.7773627950641684
3.418295834054489
3.265957320949175
3.459147917027245
3.6909298762342884
3.197159723424149
3.084962500721156
3.4973814891375143
3.807763576417195
3.350209029099897
3.189898095464288
3.7469249580352098
3.8129452762598794
0.9182958340544896
1.207518749639422
3.521640636343319
3.0220552088742005
2.449311833026446
3.4713544870139286
3.7890207577372466
3.627986806877674
3.1692486956952335
3.586248827916981
3.4795613933676726
3.238901256602631
3.9312089489103226
3.0269868333592873
3.3211043305784886
3.180832987205441
3.9756754958643197
3.0850551027564768
2.918295834054489
3.0849625007211556
2.8464393446710154
3.667837797403416
3.7970204317138028
3.6531071683628116
3.6489559041599926
3.7806390622295662
3.350209029099897
4.120009179694757
4.147520029653294
4.1437042139753055
3.8947345349913776
3.972638721469997
3.750168180153636
4.080447904759706
3.898967211609164
3.805647196367973
3.912752083264195
3.732281022231195
3.7617509351824814
4.03550099538632
2.0
3.305645006352999
3.316817854639665
4.0723814310563275
3.7871439606981387
4.029504373897079
1.0
3.2927701939369904
3.2806390622295662
4.011599882092371
2.835237745312118
3.4116022179746714
3.6514789228933084
3.807435516759525
3.9513912699425857
3.8399438554516543
4.059366976532125
2.6393535955425893
2.792481250360578
3.979798612852202
3.877888357765193
3.077819531114783
3.555533151426996
2.940676218814983
3.6211755429194716
3.4117518537749354
3.997269893582679
3.810614796877143
3.9659573209491743
3.938073039279336
3.9427888273199097
3.846862647556205
4.0717397332028185
3.782122224145306
3.056564762130954
3.4677201004745006
2.8553885422075336
2.950212064914747
3.6094963344256965
3.5590795706241742
3.648844751062227
3.4316235658474303
3.413088436425757
3.605388542207534
3.327819531114783
3.499227541723357
4.018884391699703
3.7806390622295667
3.6841837197791887
3.100916685694772
3.058813890331201
4.096439344671015
3.9259265776147134
3.840120514060872
3.927651686307029
3.8848588918890474
3.2516291673878226
2.8731406795131336
3.6841837197791887
3.7216117239699007
3.6339740759971577
3.1751231351134614
3.8459380172806843
2.792481250360578
3.5739348962840563
3.378783493486176
3.8841550945958048
3.2729055953200556
3.2961483747476232
3.610577243331642
3.1898980954642875
3.8854423157904963
3.8564746537994146
4.018692169175343
0.0
3.4594911601991534
3.7647351787255046
3.443513753449852
3.0837651410695512
2.507127352180222
3.108694969562842
3.998988552770763
3.363856189774724
3.682005814760214
2.7773627950641693
2.872905595320056
3.8443609377704338
3.91220586568335
1.584962500721156
3.824533406881911
3.039148671903071
3.2516291673878226
3.085055102756477
3.777518266288633
3.1556390622295662
2.8553885422075336
3.1961287382465757
3.5219280948873624
3.1462863706621045
3.2806390622295662
3.7254805569978675
3.3927474104487847
3.299896391167891
3.506890595608519
2.751629167387823
3.752282542163143
3.5932696895151075
3.2390979179887864
3.3464393446710154
3.373557262275185
3.7843684875968617
4.119025655293034
3.5
3.4072682296173893
2.927451224964519
3.0220552088742
3.180832987205441
3.5280643115840493
3.60378548154746
3.6159573209491738
3.260828171224455
3.4117518537749354
3.4594316186372964
3.128085278891395
3.2516291673878226
3.2516291673878226
3.327819531114783
3.2516291673878226
2.4464393446710155
1.584962500721156
3.2516291673878226
3.106890595608519
3.9345304886308483
2.923231428797621
3.0565647621309537
3.7754758472091443
3.238901256602631
3.4992275471326932
3.6245186549588984
2.939829017466402
3.7052290027422963
3.392747410448785
3.6542553132150286
3.3232314287976203
3.4613201402110083
1.1488348542809166
0.9912642605354288
3.4072682296173893
3.901946959251369
3.6309850197851365
3.4345608142862893
3.661932872373583
3.9191976613638038
2.8584585933443494
3.5032583347756456
2.8962915290459277
3.8416376503435483
3.189898095464288
3.2516291673878226
3.726474118254375
2.905764584655453
3.577819531114783
3.692279682039657
3.0220552088742005
2.8423709931771093
3.410232940673185
3.351953074246375
3.334962500721156
3.0220552088742
3.878928031846024
3.7883413396567494
3.5440875916968477
3.9794594465930873
3.7526004683557055
2.5654483718208256
3.286790198827112
3.2655833228877325
3.6763906325796274
3.6859175795054955
2.923231428797621
3.7685547780590207
3.4089334320843303
2.774397470347699
3.2195282822995477
3.905003027615696
3.139353872167201
3.6638737297417134
3.6722542525286
2.688721875540867
3.7689396187172166
3.6430741894285688
2.905764584655453
3.180832987205441
3.6205715771054217
3.6898916687500076
2.4182958340544896
3.8212963336848613
3.7652056030731087
3.514545004480724
3.375814583693912
3.4435423971431804
3.526210641914682
3.4685766296878655
3.676440908696869
2.5654483718208256
3.3971352028310107
3.8100810205217313
3.202819531114783
3.534219021180341
3.5019527617206205
3.106890595608518
3.7483943455364033
3.09306920777189
3.6795792460151597
3.202819531114783
3.640223928941851
0.8343470230852538
3.1015087558678784
3.334679141051595
3.605388542207534
3.5554141844097327
3.0220552088742
3.00623892865339
3.6211755429194716
3.0
3.0269868333592873
3.0220552088742
3.2359263506290334
3.215841172683752
3.180832987205441
3.418295834054489
3.6533754599297747
2.682588730501833
3.09306920777189
4.170380791309279
2.8962915290459277
4.043337052632603
3.5883543471732335
3.9736606896881845
3.2841837197791888
3.6211755429194716
3.6635327548042538
3.521928094887362
3.8553885422075345
3.4548223999466066
3.546439344671015
3.461320140211008
3.7216117239699003
3.2402239289418517
3.797902689682947
3.378783493486176
3.238901256602631
3.2402239289418517
3.3464393446710154
3.8542858719872455
3.2402239289418517
3.084962500721156
3.188721875540867
3.5585186130489057
3.51602764126623
3.526129815595918
4.064395234288111
3.764735178725505
3.3248629576173574
3.367492461184755
3.9739482954259966
2.0
3.327819531114783
3.375
3.7323082253324764
3.051601636871704
3.2516291673878226
3.788754913993502
3.6841837197791887
3.5766176449086657
3.101881223476018
3.4428621651554656
2.87088951562963
3.2359263506290326
3.319521298379637
3.2841837197791888
3.973494358125025
3.9259265776147134
3.6866243545546276
3.613337314045307
3.0306390622295662
3.653756708287001
3.4754717705458065
0.9182958340544896
4.0730194186955835
4.016731875454895
3.740771391823488
2.845350936622437
3.796217602590055
2.8962915290459286
3.826874881864637
4.052245136420698
2.8553885422075336
3.3787834934861767
3.084962500721156
3.40582225028569
3.1556390622295662
3.6504103051739905
3.4039894464852614
3.202819531114783
3.3464393446710154
3.2516291673878226
3.2359263506290334
2.7192945256669794
3.5
3.5944656369614516
3.1808329872054406
3.188721875540867
3.1462863706621045
3.8035088547976788
3.9161269465882835
3.180832987205441
3.6698921041969883
3.084962500721156
3.892677930444138
3.795042772369205
2.7192945256669794
3.0306390622295662
3.708132064658602
3.4613201402110083
2.625814583693911
2.8150724101159437
3.332095398660169
2.918295834054489
3.3273399000835084
3.182005814760214
3.175123135113461
3.943942707918268
2.584962500721156
3.239097917988786
2.9852281360342516
3.084962500721156
2.873140679513133
3.30827083453526
2.8731406795131336
3.5355820479705753
3.5368867237421666
2.688721875540867
2.5654483718208256
2.8962915290459277
3.61506101220307
3.817297284430925
3.8957149348842655
3.180832987205441
3.530493056757482
3.4992275471326932
2.6612262562697895
3.7360069464476573
3.4556501805795423
3.2195282822995477
3.2927701939369904
3.2009102795095283
3.4574323563047087
2.9995812306460645
3.5282424844314786
3.1748858687242363
3.43971065015136
2.9182958340544896
2.8073549220576037
3.564735178725505
3.418295834054489
3.976864012008935
3.450212064914747
3.9518868465060555
3.418295834054489
2.9182958340544896
1.9852281360342512
3.6553362295323453
3.5068905956085183
3.167492530597117
3.484183719779189
3.784941827437642
3.43162356584743
3.9282188975397836
3.773557262275185
3.084962500721156
3.2402239289418517
1.584962500721156
3.5892750707107126
3.051601636871704
2.873140679513133
3.4585250192341497
2.1416195253341384
3.221097250057957
3.943421094065506
3.6594236279337933
1.584962500721156
3.32323142879762
4.211764946365215
2.0
0.9055872616982603
3.188721875540867
3.806238928653389
3.7004397181410917
2.495602923729013
3.5849625007211565
3.8143719431796272
3.3680424225727155
3.0269868333592873
2.355388542207534
3.1898980954642875
2.984234164652489
3.2359263506290326
3.611631325662362
3.3082708345352603
3.4594705707972513
3.0269868333592873
3.653756708287001
3.4992275471326932
3.45852501923415
3.9111214399584227
3.4316235658474303
3.5167725417616342
1.0
2.713687438793356
3.7373261452560076
3.8297417753631358
4.020930095731774
3.3887342131939455
4.089310682277493
3.3735572622751855
3.182005814760214
3.7324446013247066
3.3816201079487347
3.9275671571169277
3.1898980954642875
3.86105234925443
3.6525182662886326
3.4613201402110083
4.106133558588252
3.483005030268013
3.3263604079526936
3.8766296879927182
3.0269868333592873
3.1464393446710153
3.3348683589017414
2.8553885422075336
3.7614063297218427
3.2390979179887864
3.447401504705915
3.2680488287579594
3.4830741894285695
3.103701696057348
3.536886723742167
3.341446071165522
3.2195282822995477
3.8077635764171944
3.2359263506290334
3.7950885863977324
3.180832987205441
3.576617644908665
3.0849625007211556
2.1535654389463628
2.355388542207534
2.2825887305018333
2.355388542207534
2.2256051990169436
1.5197284615795614
3.4182958340544896
1.1451104143815827
0.6395563653739031
3.182005814760214
3.084962500721156
3.3464393446710154
2.751629167387823
3.182005814760214
3.484183719779189
3.384183719779189
3.4130884364257565
3.2195282822995477
3.673269689515107
3.1556390622295662
3.41041725276052
3.323231428797621
3.419381945646371
3.4548223999466066
3.0849625007211556
3.8252517372886508
3.6753108689123644
3.5724312513221195
3.882244998328857
1.584962500721156
3.501224042654462
2.8553885422075336
3.640223928941851
2.9182958340544896
3.1751231351134614
3.4104172527605203
3.327819531114783
3.811708429929526
3.53641423712223
3.9741726753806295
3.951370958097179
3.3660913291191914
3.3376777797008614
3.221097250057957
3.47834596772504
3.8404025467025056
3.6254809913813384
3.8245334068819106
3.4464393446710155
3.5942010785101344
3.82306798227366
3.5225715891363594
3.2639334294856344
2.688721875540867
3.4273334938982645
3.202819531114783
2.9689185639620974
3.5381673518043026
3.2359263506290334
3.263933429485634
2.586887840995814
3.09306920777189
3.149397470347699
2.973557262275185
3.775475847209144
3.446439344671015
3.5892750707107135
2.9229681772968434
3.100412897259045
3.124789745319761
3.5464393446710147
3.3005590923909534
3.653756708287
3.1808329872054406
4.014565752370217
0.0
3.9122725791761246
3.661932872373583
3.975397241837579
2.0
1.207518749639422
3.503258334775645
3.681880802803401
3.3232314287976203
3.721928094887362
3.2516291673878226
3.3519530742463752
3.277613436819116
3.238901256602631
2.8553885422075336
1.297626229780677
3.778241833459186
3.484183719779189
3.5465935642949384
3.08232813685843
3.702819531114783
3.584183719779188
2.610577243331642
3.796894919507588
3.513269689515108
3.605388542207534
3.616139720220783
3.821759674244168
3.8928954940919853
3.682734717428089
1.6577427265048887
3.139572261986723
3.084962500721156
3.265583322887734
2.5654483718208256
3.0565647621309537
3.4992275471326932
3.45852501923415
3.2516291673878226
3.350209029099897
3.327819531114783
3.521640636343319
3.4134093770885316
3.572469458770136
3.606936732175321
2.9182958340544896
3.125
3.456564762130953
3.7709424217485377
3.3660913291191923
3.1898980954642875
3.3927474104487847
3.97177247424283
2.9182958340544896
3.0269868333592873
3.3837930573985107
3.7068742633934932
3.8868421881310122
3.609001163844645
3.895021423309124
3.4776015519734123
3.2813734094119904
3.0220552088742
4.013111135723804
3.796217602590055
3.912376920080626
3.587858798299509
3.7693570466312285
3.175123135113461
3.25
3.25
3.8242528312829864
3.4613201402110083
3.546593564294939
3.6573852766501784
3.900687142150473
3.2927701939369904
3.1009166856947727
3.261043983337284
3.8849276676374194
4.018734868382362
3.189898095464287
3.5
3.5348486136508463
3.203701696057348
3.051601636871704
3.0269868333592873
0.7907669479360189
3.180832987205441
3.8239348962840563
1.8339272176418302
0.8166890883150209
3.125
2.873140679513133
1.825605199016944
3.177566232096525
3.8431390622295662
3.9651615222728362
3.7199643047423914
4.0764087305875405
3.471354487013929
3.832810736843129
2.952819531114783
3.6304126608739984
2.606238928653389
3.0849625007211556
3.546593564294939
3.2806390622295662
3.84187812363928
3.6897037321995474
3.1751231351134614
3.1307179879273748
3.4193819456463714
3.3787834934861767
3.7565845012578714
3.605337797403416
3.6234651896016463
3.675310868912364
3.767183467891461
3.572469458770136
2.8553885422075336
3.620571577105421
3.501397825434103
3.0220552088742
0.9798687566511528
3.463280517810811
3.419381945646371
3.1898980954642866
3.189898095464287
3.077819531114783
3.084962500721156
2.8218881955261788
3.792837797403416
3.668384446476143
3.597558387024489
3.503539122804024
3.4644254682245865
3.1279868068776753
3.633974075997158
3.4399364703978073
3.6635327548042547
3.418295834054489
3.478670650299986
2.751629167387823
3.728502115742625
3.693813488742864
3.4316235658474303
3.6283621207766186
3.189898095464287
3.127986806877675
3.4182958340544896
3.1898980954642866
3.856198332810095
2.7516291673878226
3.572623663895164
3.084962500721156
3.266332639970623
3.3927474104487847
3.0105709342684834
3.97765386327595
3.6749160000010233
3.084962500721156
3.0269868333592873
3.238901256602631
3.5939280274987513
0.0
3.238901256602631
1.584962500721156
3.419381945646371
3.0849625007211556
3.708132064658602
3.384183719779189
3.47834596772504
2.6031579868726
1.0
1.221694907636328
3.6971597234241487
3.408694969562842
3.5220552088742005
3.4472624994412104
3.6837421818302887
3.697730538353718
3.6978458230844122
2.889549430862088
3.366091329119191
3.452819531114783
3.625
3.203365087509175
3.8061336992426074
3.2866294867861954
3.239097917988786
3.2516291673878226
3.933682115543281
1.584962500721156
4.080843076453769
4.129247710950022
3.182005814760214
2.8153337792923416
3.924490268213415
4.00194003305466
3.1368421881310122
4.01642146083277
2.0
3.381580488309164
3.182005814760214
3.238901256602631
4.084962500721156
3.7821222241453056
3.084962500721156
3.182005814760214
3.292770193936991
3.2359263506290326
3.7081320646586016
2.9852281360342516
3.189898095464287
3.2516291673878226
1.3520301017579528
2.5492553971685
3.3082708345352603
3.5
3.2516291673878226
2.984234164652489
3.481714572986072
1.5589385323502774
4.012820371215515
2.0
2.7773627950641693
2.725480556997868
2.0
3.3921472236645345
3.2359263506290334
3.350209029099897
2.66122625626979
3.4182958340544896
3.3735572622751855
3.8143719431796272
3.180832987205441
1.5510981710072647
1.4519076150714065
3.0220552088742005
3.403701696057348
0.6143694458867568
3.337175341123077
3.4005788397313514
3.89992972856063
3.620571577105421
3.189898095464287
3.5068905956085183
3.7583675178775104
3.8100810205217317
3.182005814760214
3.4852281360342516
3.8714749217369016
3.1556390622295662
3.535582047970575
3.3908054820769813
3.3005590923909534
3.6897037321995465
3.6168746059562227
3.2516291673878226
3.760421209521994
2.7773627950641693
3.640223928941852
2.688721875540867
3.2402239289418517
2.918295834054489
2.8402239289418523
3.2135132560090707
3.084962500721156
3.378783493486176
3.452819531114783
3.4992275471326932
3.4992275471326932
1.207518749639422
1.207518749639422
3.1675410304273313
2.6612262562697895
2.66122625626979
3.1143029514736247
2.856639425106074
3.024876933788957
3.2114946274418146
3.085055102756477
3.0898896034900454
3.5823769602501314
3.5715172382890272
3.6427741506984646
3.238901256602631
3.1898980954642875
3.2366172017257147
3.0565647621309537
3.213513256009071
3.084962500721156
3.555533151426996
3.898068512058838
4.061758532781615
3.180832987205441
3.5261298155959184
4.13800348821918
3.238901256602631
2.665957320949175
3.238901256602631
3.459431618637298
3.6732696895151076
3.2639334294856344
3.6753108689123644
3.4992275471326932
3.452819531114783
3.25
4.097245222717922
3.9385690237356368
4.017699231704144
2.0
3.570782286537524
3.084962500721156
3.182005814760214
3.443856189774724
3.2516291673878226
3.5351745656359026
3.2516291673878226
3.3918926446809317
3.4713544870139286
3.8887649743870605
4.013176017331164
2.9852281360342516
3.3787834934861767
3.5599000019230838
3.323231428797621
3.846539762611725
3.385867302411998
3.9301706074566125
3.509275070710713
2.822181958642873
3.238901256602631
3.594465636961452
3.299896391167891
3.7544418457133446
3.3660913291191914
3.6712723801129106
3.675310868912364
3.084962500721156
3.663532754804254
4.108694969562841
3.819548827786958
3.685588016574086
3.085055102756477
4.125315268213136
3.8229645549475624
4.0440046925689765
3.754163427768881
4.216816395495824
3.507380102423635
4.027348950086954
1.5
3.3787834934861767
3.8868421881310122
3.30827083453526
3.0306390622295662
3.5777471629109447
3.5434651896016462
3.642371448743902
3.182005814760214
3.6887218755408675
3.800483471826139
2.792481250360578
3.3927474104487847
3.483074931433275
4.0731675618573435
3.8977721862747843
3.3190795706241736
4.037240028030529
4.0920148504938245
3.833378366181266
3.803689087292435
4.064940393468124
2.0
2.8553885422075336
2.688721875540867
3.702952293573538
3.266332639970623
1.540807219790588
3.039148671903071
2.918295834054489
3.484183719779189
3.6841837197791887
3.663532754804254
3.447401504705915
2.8553885422075336
3.30827083453526
3.6971597234241482
3.4613201402110083
3.590018266288633
3.8221819586428727
3.7256507561120933
3.381580488309164
3.7278098080841553
2.5495234595978316
3.7198523585646033
2.688721875540867
2.6258145836939115
2.75707541331394
3.155221528859512
2.8553885422075336
3.7871439606981383
3.0306390622295662
3.5724312513221195
3.418295834054489
3.3735572622751855
3.8521687236032816
2.8073549220576037
3.6835423624332306
3.189898095464287
3.657192532924143
3.7642990880644707
2.8731406795131336
0.8166890883150209
3.084962500721156
3.238901256602631
3.0220552088742
1.6691803368667308
4.020755309228459
1.590468570732828
0.39124356362925566
3.238901256602631
2.751629167387823
2.5220552088742005
3.481661512101756
3.9591414240867557
2.872905595320056
3.894646363420181
3.615171310247296
3.6234651896016463
3.2359263506290326
3.077819531114783
3.4685766296878655
3.8337863204943656
3.8463189626846357
3.5342190211803413
2.971962854481335
3.9999304641821185
3.808208073322317
2.8553885422075336
3.0396330438946317
3.6539967386657093
3.2359263506290334
3.8365916681089787
3.2516291673878226
3.4642346527265664
3.893660689688185
3.430457025500558
3.2359263506290334
3.5503407095463877
3.6195592706113664
3.998652546878167
3.637537511266052
0.6500224216483541
3.7874500044818036
3.91602720519852
3.905725856260161
3.9466765821885206
3.715932185515029
3.1971597234241487
3.880794959555807
3.456564762130954
3.7258132319401502
3.863826390090815
3.3632869239960543
4.104506347132432
2.6995138503199656
2.973557262275185
3.5892750707107126
3.493671110078571
1.584962500721156
4.086767001201183
2.321928094887362
3.7266988631353013
3.346439344671015
2.9735572622751856
3.96818194698418
1.584962500721156
3.5465935642949384
3.2516291673878226
3.9089548220906423
3.9292292966721747
4.095692859860722
2.0
3.182005814760214
3.937287766436083
3.5
3.8156047322327638
3.930609649595924
4.026360459931185
3.5225631916634224
4.1355425536777455
3.5160276412662306
3.182005814760214
3.958544379187732
3.9335969737738576
3.3927474104487847
2.984234164652489
4.06636625343785
3.4992275417233563
3.337175341123077
2.751629167387823
2.910440495218581
3.5739348962840563
3.7928035696433184
3.1808329872054406
3.813660689688185
3.350209029099897
2.8553885422075336
3.861499231009296
3.855388542207534
0.8058576010107721
2.584962500721156
3.9402712518281033
2.8553885422075336
3.426367488473226
3.6575751596784816
3.7671834678914604
3.9720241621541517
3.668728288980287
3.77850207357611
4.098020156207336
1.584962500721156
4.094613095586378
3.9819912380759037
3.1555650133297184
3.6430741894285688
3.8185886460613303
4.1661915531052545
4.143507920959959
0.9182958340544896
3.7504647066537014
3.4454708534068343
3.0269868333592873
4.053831627244474
4.075444122101132
3.0220552088742
3.9109922530150456
3.7105801614272758
3.039148671903071
3.327819531114783
2.9053077763737463
3.125
3.182005814760214
3.30827083453526
3.2639334294856344
2.8553885422075336
3.272905595320056
3.8695767463163935
3.493660689688185
2.6258145836939115
1.4345608142862891
3.238901256602631
3.182005814760214
2.9232314287976204
3.0220552088742005
3.484183719779189
3.180832987205441
1.134969974603941
3.2516291673878226
3.2639334294856344
3.4548223999466066
2.918295834054489
3.8026990615553258
2.946387519131128
3.039148671903071
2.396240625180289
3.3464393446710154
4.057855952009974
1.1401156785146092
2.8553885422075336
3.146286370662105
2.845350936622437
3.4273334938982645
3.2516291673878226
2.8553885422075336
2.5220552088742005
3.128085278891395
3.6289280318460246
3.3532696895151077
3.593269689515108
3.208694969562842
3.469576746316394
3.646439344671015
2.5220552088742005
3.7580692555740693
3.013070929103845
2.155968102145908
3.128928031846024
3.09306920777189
3.228721929429923
3.182005814760214
2.315824333525708
3.7198596981784986
3.016875695766564
3.5261298155959175
3.106890595608519
3.997199870207905
2.9852281360342516
3.8794804601768815
2.688193167698758
4.017548781606813
3.411751853774935
0.9182958340544896
3.189898095464287
3.5465935642949384
2.706890595608519
1.1451104143815827
1.5678183759027002
1.1451104143815827
3.506890595608518
2.792481250360578
3.189898095464287
3.726698863135301
3.691428031846024
3.7303377974034158
3.4474015047059146
3.350209029099897
3.447401504705915
3.121928094887362
1.0
3.188721875540867
3.238901256602631
3.0849625007211556
2.751629167387823
3.452819531114783
3.6711499390701863
3.41041725276052
3.246439344671016
3.506890595608518
3.9056390622295667
3.125
3.503258334775645
3.6219280948873624
3.751629167387823
3.9395722619867226
3.8208888513501886
3.375
3.8720838732529215
3.825251737288651
3.6841837197791887
3.8868421881310122
3.7254805569978675
2.8553885422075336
3.5160276412662306
1.9167384147044506
1.5
4.056165876303121
3.25
1.5
3.5878587982995085
2.950212064914747
4.149045029247972
3.366091329119192
2.8931414145797074
3.481714572986073
3.7522602045237172
3.732914563979398
3.418295834054489
3.6479820815528057
3.635234743489788
3.6112044189276595
3.689703732199547
3.689703732199547
3.619470570797251
3.9678617577018853
3.879948585642879
3.918971341715515
3.182005814760214
3.9182084341546157
3.028212945841001
2.481714572986073
3.3927474104487847
3.763856189774724
3.0220552088742
3.1018812234760182
3.5342190211803413
3.5954541576680263
3.576617644908665
4.009930033250096
2.8729055953200553
3.077819531114783
3.6709505944546676
3.506890595608518
3.5465935642949384
3.350209029099897
3.327819531114783
3.9883583064968113
3.1751231351134614
3.6292196865240958
3.5132696895151083
2.59490661824394
0.8112781244591328
1.0681873374585056
3.3927474104487847
3.511085408180427
3.0306390622295662
2.8553885422075336
4.058083862768188
1.9219280948873623
2.872905595320056
3.521640636343319
3.7034651896016464
3.2359263506290334
3.452819531114783
3.543465189601647
3.384183719779189
3.2195282822995477
3.084962500721156
3.9788640881880966
3.2810361125534233
3.1158340921632197
3.4427737550273956
2.94770277922009
3.172810733519864
3.5630741894285687
2.872905595320056
1.8919954870390203
3.6143694458867563
3.6644977792004623
3.2516291673878226
3.189898095464287
3.327819531114783
3.085055102756477
3.0269868333592873
3.546439344671015
3.6758919641656593
4.152193935584139
3.327819531114783
3.861499231009296
3.5293835808868543
3.853701696057348
3.987285570086751
3.884653744936846
3.5599000019230838
4.089236881874668
3.652130557318382
3.98693516932957
3.1578721140611075
3.2402239289418526
3.498125039188073
3.23551924563821
3.5444467036895486
3.2729055953200556
3.2033650875091753
3.6528388132816714
3.4251185503571393
3.39969584168404
3.0220552088742005
3.3882146791674765
3.3945884966423403
3.4632805178108113
3.2927701939369904
2.625814583693911
2.918295834054489
3.6853188716463436
3.344758272123789
3.5083665989932538
3.189898095464287
3.0565647621309537
3.2195282822995477
2.9182958340544896
3.4316235658474303
3.521928094887362
3.2195282822995477
3.7843684875968617
1.0408520829727552
2.9182958340544896
3.0220552088742005
3.0850551027564768
3.5179720354812916
3.327819531114783
3.9630978181192034
3.039148671903071
3.2195282822995477
2.9870900416203345
3.5777471629109447
3.6209360647507713
2.792481250360578
3.375
3.337175341123077
3.1692486956952335
2.9398290174664026
3.0269868333592873
0.9933927290103626
3.1158340921632193
2.950212064914748
3.4713544870139286
2.221251836004466
3.189898095464287
2.984234164652489
3.0269868333592873
3.182005814760214
2.8962915290459277
3.9011476315793785
3.6908762690337498
3.0130709291038453
3.6225797618424913
3.8006976575322584
3.5178160905596982
3.9978619771218686
2.899397470347699
3.4632805178108104
3.5562012808079033
3.7583675178775104
3.936691261048898
4.011347786605449
3.847761811553585
3.286629486786195
3.1158340921632193
3.2390795706241744
3.77850207357611
3.2359263506290334
2.5220552088742
3.7834651896016465
3.0269868333592873
3.3564924137968246
3.9506145650021605
3.1464393446710153
3.085055102756477
3.3908054820769813
3.748328660365574
2.8073549220576037
3.172810733519864
4.119089475886525
4.053944493657718
4.021821234767888
4.077719825331504
3.5145450044807234
3.8365916681089787
3.9945374071862476
3.7183093602234183
3.689703732199547
3.527322799209288
3.8588014100009325
3.8780682683455234
3.773608886454542
3.8143719431796272
3.1307179879273748
3.1898980954642875
3.3231428049945433
3.300559092390954
3.2946635862096043
3.8793316497985697
3.378783493486176
3.521732698884723
3.794104945631601
3.501397825434103
3.676440908696869
3.0385623360756298
3.5350662373137696
3.7297250895022676
3.2728043273346197
3.4548223999466066
3.125
3.6464393446710153
3.180832987205441
4.12313096071753
1.584962500721156
3.0269868333592873
2.931208948910323
3.572469458770136
1.0
4.057537820786461
3.378783493486176
3.422873529509504
0.0
3.6582040569510337
3.470763759037454
3.4457781191418455
4.136434503663121
3.9380570416706613
4.098342764805967
4.0293997756693605
3.0761031709967224
3.6304119091758063
2.7841837197791888
2.4173273656832297
3.3890348869643794
3.7843684875968617
3.5068905956085183
4.213069863891744
4.1031249866054225
1.5
3.501397825434103
2.9109922530150456
3.8036034172412294
3.6314018453921717
3.7996066373125443
4.083944174570251
2.321928094887362
3.348569293908896
3.7202406294475803
3.010570934268483
3.675310868912364
3.753434386188785
3.4219280948873623
3.3086949695628425
3.4677201004745006
3.6211755429194716
3.673269689515108
2.9182958340544896
3.8928566627484553
3.5944656369614516
3.182005814760214
3.4548223999466066
1.8810947601100745
3.506890595608519
3.3660913291191914
4.088779347361362
3.267894147619623
3.647160074632759
3.912592252990062
3.9658891821509856
3.7445036067281343
3.3027227528624894
3.9361359001641905
3.323231428797621
3.2516291673878226
3.533344921547774
2.8453509366224368
1.0
3.752765081260573
2.6612262562697895
3.896137213706949
3.180832987205441
3.666383529688387
3.4864486671683537
3.5766176449086653
3.521640636343319
3.127986806877675
3.2516291673878226
3.182005814760214
3.689703732199547
3.7080481500712317
3.594465636961452
0.9886150377275045
3.661932872373583
3.5434651896016467
0.7345299214394703
2.8402239289418523
3.2516291673878226
3.3927474104487847
3.27280432733462
3.0269868333592873
1.0389205950315936
1.0892300788425848
2.8150724101159437
3.2878637808880318
2.931208948910323
0.8128426794703056
1.1400677626718572
0.6583514224564075
2.688721875540867
3.323231428797621
3.6841837197791887
3.454822399946607
3.2806390622295662
3.653660689688185
1.584962500721156
3.915272891543347
3.691428031846024
3.498731294942883
4.000276507543657
3.815242857238036
4.100285312931304
3.1462863706621045
3.797094157960223
3.53641423712223
3.363286923996055
3.303701696057348
3.0849625007211556
3.1555650133297175
3.1018812234760182
3.49670775214664
3.6732696895151076
3.2359263506290334
3.572623663895163
3.939803618245075
2.0
3.2359263506290334
1.5744174271404585
1.9508257945180885
2.1920058354921066
2.130926080730337
2.1054105870684143
3.763313653112509
3.2516291673878226
3.373557262275185
2.8553885422075336
3.5192475629608073
3.624518654958899
3.8836138225350023
3.7050540796780407
3.4992275417233567
3.3787834934861767
3.039148671903071
3.689703732199547
3.056564762130954
3.2195282822995477
3.530493056757482
3.5032583347756456
3.7646504614277876
3.9261748790056115
3.2390979179887864
3.6125783047810343
3.657192532924143
3.4613201402110083
3.7931869927298494
3.25
3.108694969562842
3.378783493486176
3.2464393446710154
3.5878587982995085
3.4800836951874485
3.146286370662105
4.044372608624559
3.719294525666979
3.377278130987436
3.4556501805795428
3.8692996998935216
2.918295834054489
3.5368867237421666
3.1898980954642866
2.4225797618424916
3.4472624994412104
3.783465189601646
3.355388542207534
3.656564762130954
3.7201755214643453
3.3841837197791884
3.4613201402110083
3.459147917027245
3.7150182662886326
3.6582341512584025
3.521640636343319
3.4642346527265664
3.6521305573183827
3.2359263506290334
2.8423709931771084
3.857016588002657
4.085045838809595
3.3927474104487847
3.697845823084412
3.0220552088742
3.642149881636903
3.8248629576173556
3.5673340089046133
3.3097189833244363
3.118078209349709
3.9057645846554525
3.2374058114255173
3.879339936772491
1.584962500721156
2.380048144472902
1.584962500721156
3.039148671903071
2.7516291673878226
3.1692486956952335
3.248365046750904
2.8453509366224368
2.7528553052032323
3.8708062589028263
3.536886723742166
3.721928094887362
3.2210972500579564
3.326021101231096
3.7878237383024262
3.8653642211959878
2.950212064914747
3.3680424225727155
3.5849625007211565
3.675310868912364
3.1898980954642875
3.378783493486176
3.720175521464345
3.4251185503571393
3.6241717609419575
3.7336606896881848
3.7709424217485377
3.3787834934861767
3.9489599580145223
3.182005814760214
2.7773627950641693
2.199687794731328
2.751629167387823
3.1559251330025777
2.8834310202012166
3.5026722734023394
3.0255077915109707
2.5220552088742005
3.0393538721672004
2.4182958340544896
2.2841591278514217
2.599581230646065
3.3248629576173574
2.821928094887362
4.061874917411342
2.0
1.53012496531497
3.687260493838272
3.812386899321948
1.0892300788425848
1.4182958340544896
4.209954951249356
2.321928094887362
3.2359263506290326
3.461320140211008
3.5841837197791895
2.918295834054489
3.238901256602631
1.584962500721156
2.66122625626979
3.5724312513221195
3.392147223664534
3.6732696895151076
2.8423709931771093
2.237397409783102
3.452819531114783
3.384183719779189
3.084962500721156
3.6234651896016463
2.792481250360578
3.084962500721156
3.2729055953200556
3.0850551027564768
3.506890595608518
3.2806390622295662
3.2516291673878226
2.8553885422075336
3.5944656369614516
3.327819531114783
3.419381945646371
2.952819531114783
2.751629167387823
3.625
3.930416151740999
3.892896608419107
3.381580488309164
4.19261878292425
2.0
2.9996453391409057
2.8333208226910545
1.7743974703476992
3.1820058147602133
1.188721875540867
1.0529815751302694
3.5724312513221195
3.1898980954642866
3.393127173448318
3.6572682296173893
3.3248629576173574
3.5465935642949384
3.782122224145306
3.2946635862096043
3.180832987205441
3.521640636343319
3.4613201402110083
2.9182958340544896
3.084962500721156
2.816307519224645
3.2639334294856344
3.5883543471732335
3.2405282602167116
3.769539980677032
3.9201088981706183
3.239079570624175
3.869331261111518
3.732444601324706
3.0850551027564768
3.8173816071724334
2.7516291673878226
3.238901256602631
2.8553885422075336
2.8150724101159437
3.238901256602631
3.2516291673878226
3.5726236638951634
3.6168746059562227
3.676440908696869
1.6113834567195195
3.7735120801047013
3.3248629576173574
3.2639334294856344
2.0
2.792481250360578
4.06053784235931
3.725269507754867
1.0
4.074194100477455
1.5
0.6685644431995964
2.9182958340544896
3.039148671903071
3.3927474104487847
3.418295834054489
2.8451442836760017
3.09306920777189
2.75
3.8425302326942807
2.0
3.1556390622295662
2.5220552088742005
3.0849625007211556
2.8705933969268127
3.0924973352360503
3.9679606253229647
3.7682529934295435
3.279881418282092
3.722907494321879
3.238901256602631
3.085055102756477
3.2810361125534233
2.9182958340544896
3.4086949695628417
3.170543891762937
3.4193819456463714
3.155221528859512
3.630985019785137
4.121911287229118
3.182005814760214
3.375
3.106890595608519
3.2516291673878226
3.238901256602631
3.536886723742167
3.463280517810811
3.962288369070769
2.8553885422075336
3.2321018048454135
3.5086949695628418
3.7902182029670923
2.8962915290459277
3.98319563424773
3.8558537775172157
3.456564762130954
3.4548223999466066
3.056564762130954
3.3787834934861767
3.016875695766564
3.723074189428569
3.609668477419888
3.7841837197791888
3.7201755214643453
3.350209029099897
3.959491160199153
2.85845859334435
2.8423709931771093
3.09306920777189
3.788754913993503
3.754163427768882
3.5944656369614525
3.7647351787255046
3.43162356584743
3.292770193936991
3.8634651896016456
3.861984511178707
3.6069367321753205
3.5220552088742005
3.4841837197791885
3.8252517372886508
3.7628921423310424
3.733340441068115
4.108991397178979
4.218239110862547
4.055554896613759
2.321928094887362
3.5724312513221195
3.931849478679326
4.034684521827287
3.2516291673878226
3.8588029144615943
3.125
3.085055102756477
3.1761102515172537
3.665310028318243
3.238901256602631
4.144702415369331
4.041792852987103
3.4556501805795423
3.837074314078342
3.611108892870049
3.976600888397066
4.0470639904919565
3.188721875540867
3.567040216926579
3.503997527334848
3.5
3.6143694458867563
3.051601636871704
2.6258145836939115
3.1845608142862893
3.286629486786195
3.588354347173234
3.0269868333592873
3.4464393446710155
3.3787834934861767
3.8636498861198447
3.2516291673878226
3.0220552088742
2.9182958340544896
3.2359263506290334
3.1158340921632193
3.239097917988786
2.688721875540867
1.2344977967946407
1.5916727785823275
3.403989446485261
3.378783493486176
3.0220552088742
3.521640636343319
3.106890595608518
3.8100810205217304
3.4086949695628417
3.920331391668873
3.6997803138293652
3.4182958340544896
0.8274087988556427
3.0849625007211556
3.1368637096073178
2.950212064914747
3.121928094887362
3.3735572622751846
3.0850551027564768
2.8962915290459277
3.6143694458867563
3.2406015629507228
3.4992275471326932
3.6582341512584025
3.5599000019230833
3.2516291673878226
3.953920312215141
3.0306390622295662
3.3376777797008614
3.624518654958899
3.526191880831817
3.368042422572715
3.6234651896016468
4.006064352083839
3.8488846166291197
3.5585186130489057
3.169925001442312
3.6416041678685924
3.503258334775645
3.039148671903071
3.536886723742167
3.188721875540867
2.8150724101159437
3.9595547464614635
3.5707822865375234
3.6841837197791887
4.083558265937715
3.6211755429194716
3.039148671903071
3.5841837197791886
3.9413864477402236
3.3248629576173574
3.188721875540867
2.3659573209491747
2.8962915290459286
3.3248629576173574
3.1556390622295662
3.7639657428240816
3.5068905956085183
3.572623663895164
3.5
3.7849418274376423
3.471354487013929
3.323231428797621
3.641064625617391
3.8785465565514468
3.4992275471326932
2.873140679513133
3.006238928653389
3.3464393446710154
4.056236378711058
2.8855130303998817
2.9232314287976204
3.8975870361235367
2.9312089489103235
3.2946635862096043
3.5351745656359026
3.6402239289418516
3.653756708287001
3.2728043273346197
3.961120914643665
3.084962500721156
4.067292747613297
1.1849511213351782
2.4164997849817103
1.8350287858219634
3.6550455468258045
3.7770685554562005
3.056564762130954
3.594465636961452
3.5630741894285696
3.6818808028034016
3.7887549139935017
3.8035088547976783
3.708048150071232
3.419381945646371
3.7201755214643453
3.326360407952694
3.084962500721156
1.5510981710072647
2.751629167387823
3.3248629576173574
3.2389012566026314
3.077819531114783
3.541743520601859
3.2810361125534233
3.3232314287976203
3.3239348962840563
3.572431251322119
3.5585186130489057
3.5
0.8929427417665807
3.966733735016133
3.443513753449853
3.182005814760214
3.403989446485262
3.4548223999466066
3.5434651896016467
3.733660689688185
3.80871969734407
3.4399364703978073
3.7622673906514943
3.7399931363474668
3.4992275471326932
3.5849625007211565
2.4361795103227517
2.6258145836939115
2.8309859983141283
3.8731406795131322
3.039148671903071
3.175123135113461
2.9003637560528492
0.8683927290103626
3.6820058147602133
2.6612262562697895
3.2402239289418517
3.0957952550009344
2.2295739585136225
3.2359263506290334
3.199513850319966
4.03002586887409
3.0130709291038453
3.5724312513221195
3.560974488340005
3.5
4.100254090344865
3.7150182662886326
3.7615427954779377
4.019090619540282
3.202819531114783
3.6971597234241487
3.6143694458867563
3.418295834054489
3.292770193936991
3.583616975397233
0.9055872616982603
3.884155094595805
2.8731406795131336
0.5916727785823275
3.238901256602631
3.337175341123077
3.202819531114783
3.2359263506290334
1.186278124459133
2.751629167387823
2.263809173883546
1.9508257945180885
2.157851252927636
1.6794293668139548
2.475273234346241
2.218437210664321
1.6893917467430877
1.6258145836939115
1.7233083338141042
1.650022421648354
2.2591419842479015
3.084962500721156
3.0269868333592873
3.809362574749175
3.5228688252530573
2.889549430862088
1.5589385323502771
4.09545796047415
4.107071897213392
3.992547655218516
3.6835423624332306
3.6978458230844122
3.446439344671015
3.4464393446710155
3.521640636343319
3.7635585991342366
3.408549096875308
3.085055102756477
3.1751231351134614
3.663532754804254
3.5585186130489057
3.683856189774724
3.180832987205441
3.699513850319966
3.623465189601646
3.3927474104487847
2.7773627950641693
3.377278130987436
2.688721875540867
3.8645783739023827
3.327819531114783
3.778164504565317
2.7534343861887853
2.8731406795131336
3.180832987205441
2.9312089489103235
3.036132985253591
3.3464393446710154
3.3680424225727155
3.8966266730551826
3.6143694458867563
2.469670487371862
3.5540904880970303
3.6980685120588386
3.74197076175156
3.056564762130954
2.610577243331642
2.855388542207534
4.096712172168982
3.375
3.530493056757482
2.9312089489103235
1.0994839817876882
3.177566232096525
3.9107613129176
3.5739348962840563
4.018759266128164
3.334679141051595
3.1084585933443494
3.04642419731627
3.8423709931771084
3.7593525449170384
3.920113504927928
3.203701696057348
3.627763553007399
3.1820058147602133
3.4594911601991534
3.084962500721156
3.44783203991969
3.7818184609812464
4.037240830463292
2.8221819586428727
3.695947824611213
3.585897733285482
3.6413212426224244
3.2195282822995477
3.615073913843516
3.323231428797621
3.1307179879273743
3.816428031846024
3.4219280948873623
3.943185902975499
3.790927399774442
3.9726916864904043
2.146782221599798
3.5259399439865136
3.0016094970590275
3.182005814760214
3.0849625007211556
3.039148671903071
3.1556390622295662
3.2639334294856344
3.753434386188785
3.238901256602631
3.501397825434103
3.621175542919471
3.5086949695628418
3.238901256602631
3.189898095464287
3.5724312513221195
3.0269868333592873
3.1395722619867223
3.7034651896016464
3.4613201402110083
3.6542553132150286
3.238901256602631
3.286629486786195
4.110491896313142
3.5875986337223496
3.969620657892326
3.039148671903071
3.334679141051595
3.2359263506290334
3.7994060562724172
3.7787945423448996
3.5397170014624826
2.8464393446710154
3.9412607396956094
3.3931271734483177
3.6887218755408675
3.2795521154442158
2.35274578087187
3.0220552088742
3.663230277431231
4.064099541331474
3.085055102756477
4.0351093273372065
3.084962500721156
3.4086949695628417
3.3918926446809317
3.563740516388645
3.6990391128844586
3.9445424280136607
3.6572682296173893
3.8443845322359156
3.497381489137515
2.0
2.969389419529156
3.3735572622751846
4.0641904005733585
1.0
3.4225779953216042
3.7080933915774974
2.7192945256669794
3.2810361125534233
2.5849625007211556
3.4992275471326932
4.177286081901
3.793180846757967
1.5
3.6339740759971577
3.4613201402110083
3.9628754497290175
3.6978458230844113
3.6644977792004623
3.6841837197791887
3.2516291673878226
3.375
3.643074189428569
3.080500530640267
2.8150724101159437
2.9182958340544896
3.5
2.9852281360342516
3.187601311512056
3.4182958340544896
2.8553885422075336
1.2730096548354992
2.8553885422075336
3.526210641914682
4.092097920610005
4.087267134216007
4.05435420425395
2.5216406363433186
2.321928094887362
3.080500530640267
4.088749096619189
2.721928094887362
1.584962500721156
3.039148671903071
3.30827083453526
3.9292292966721747
3.106890595608519
2.739572261986723
3.452819531114783
3.9087646748071454
3.5724694587701364
3.4992275471326932
3.039148671903071
2.523231428797621
2.610577243331642
3.1307179879273743
3.535582047970575
3.919299444744299
1.5510981710072647
2.696199049814856
3.8136606896881844
2.873140679513133
3.796217602590056
3.6168746059562227
3.8656015629507228
3.4316235658474303
2.8553885422075336
2.8221819586428727
3.926305340763151
3.0850551027564768
3.418295834054489
3.1820058147602133
3.4072682296173897
3.1916116417513782
3.317640005966217
3.4548223999466066
3.414441303694973
3.4086949695628417
3.189898095464287
3.977804815904364
2.4508257945180882
1.384431504340598
3.3735572622751855
3.039148671903071
3.3660913291191923
3.3787834934861767
3.7950885863977324
3.7081320646586025
3.447401504705915
3.6464393446710153
3.7821222241453056
3.546439344671015
3.4817145729860717
2.8218881955261783
3.6741483458704285
3.403989446485261
2.602217001462482
3.672905595320056
3.894739663055176
3.238901256602631
3.0269868333592873
3.6841837197791887
3.8962915290459286
3.039148671903071
3.039148671903072
3.240223928941852
3.2516291673878226
3.663532754804254
3.0220552088742005
3.077819531114783
3.2516291673878226
3.5800503514647364
3.5777471629109443
3.572469458770136
3.3564924137968237
3.348798912202497
3.5068905956085183
3.572469458770136
3.2516291673878226
0.6500224216483541
0.9567657083663144
2.2841591278514217
1.3250112108241772
1.0834189322427712
3.084962500721156
3.2806390622295662
2.584962500721156
2.4137995646056805
2.721928094887362
1.584962500721156
3.6280852788913944
3.9863132258974776
1.584962500721156
1.2639334294856335
2.918295834054489
3.7821222241453065
3.965199876515855
2.4116022179746714
3.48582592784901
3.53641423712223
3.5767488332981845
3.6424896731661263
4.220943977001328
4.010550784675568
1.584962500721156
3.0269868333592873
3.8412993911601836
3.857662556862432
3.789898095464287
3.4565647621309536
3.203701696057348
3.1279868068776753
3.829239931817578
3.4030741894285694
3.909886917514739
3.8678583082175235
3.6619328723735824
3.327484781955842
4.027282828055494
3.8179385449128183
3.7198523585646037
2.918295834054489
3.0849625007211556
3.5
2.7534343861887853
3.4058222502856905
3.847379682368541
3.006238928653389
3.027169118440619
3.055108151238868
2.260820318171659
3.879664004902593
2.873140679513133
2.625814583693911
3.085055102756477
3.139572261986723
3.0565647621309533
3.3248629576173574
3.516027641266231
3.628085278891394
3.418295834054489
2.618201243639485
2.6918316386036762
2.684017280829845
2.5654483718208256
2.663532754804255
2.617833879517448
2.9232196723355077
2.4885548621928453
2.9834585933443494
3.4642346527265664
2.7192945256669794
3.084962500721156
3.4613201402110083
3.0463811129458835
3.521640636343319
2.931208948910323
3.7709424217485368
3.3735572622751846
3.4316235658474303
2.8423709931771084
2.9232314287976204
3.2402239289418517
1.4516607643577668
1.0408520829727552
3.2516291673878226
3.6897037321995474
3.2390979179887864
4.053508854797679
3.9184450520282565
3.7950885863977324
3.221928094887362
1.384251455535313
1.7720744553985661
3.49083465709228
3.8488846166291193
3.5113061459995176
3.8199852609135294
3.7362801326109927
3.740601562950723
2.8553885422075336
3.086048612313038
3.189898095464287
3.7034651896016464
2.7742433029172693
3.373557262275185
3.736006946447657
3.6477426785812734
3.640223928941852
2.4508257945180882
3.2516291673878226
3.9487652684194576
3.0220552088742005
3.056564762130954
2.8553885422075336
2.0856520344248595
3.2464393446710154
3.084962500721156
3.6168746059562227
3.084962500721156
3.5724312513221195
2.931208948910323
3.182005814760214
3.238901256602631
3.240223928941852
3.59448250651942
3.084962500721156
3.1189237381886397
3.0269868333592873
3.534475839925245
3.6580903855123763
3.997606652820951
3.5726236638951634
3.6801653312174274
3.3787834934861767
4.03067781712466
2.8655768552072476
3.8460883712040994
3.628072996388509
3.7419707617515594
3.452819531114783
3.2810361125534233
3.327819531114783
2.931208948910323
3.2368573034220742
3.5
3.1751231351134614
2.8731406795131336
3.180832987205441
0.8030717273241024
3.3232314287976203
3.452819531114783
3.661461337808929
3.98882195700319
4.016934840077536
4.119594852362765
1.0
3.313307235905091
3.9494730535541165
3.7216117239699003
3.470950594454668
3.4414280318460246
3.506890595608519
2.8553885422075336
4.1755196301762165
3.856724683131227
3.9339011339466037
3.7147853570427776
3.2477426785812735
3.3918926446809317
3.254693951646701
3.6810987973215856
3.346439344671015
3.085055102756477
3.9779200494660656
4.054236528104462
3.572469458770136
4.116161713453679
3.6551351222687627
3.8509407983195767
3.8014211185750537
1.584962500721156
3.5290292506892533
3.5434272078674343
3.494591286337655
3.1602337990347382
2.4081068867420488
3.2702442071537554
2.273131523414322
1.271782221599798
1.876654497859216
1.6408431274387494
1.6317056888227985
3.0062389286533895
3.337175341123077
3.1898980954642875
3.4713544870139277
1.2674438038072335
1.3520301017579528
0.8166890883150209
2.952819531114783
3.2516291673878226
1.3216069583883467
2.8895494308620884
3.3371753411230776
3.2402239289418517
3.7336606896881848
2.984234164652489
3.3263604079526936
3.6168746059562227
3.2516291673878226
3.125
3.6537567082870006
3.7841837197791888
4.021713866437609
3.189898095464287
3.0269868333592873
3.939829017466402
2.7773627950641693
3.0269868333592873
3.3060202622092554
2.7719023720385585
4.075510964389252
3.8611440963393693
3.907751647240615
3.203701696057348
3.2866294867861954
3.782122224145306
3.446439344671015
3.1464393446710157
3.702471512219747
2.996641328663725
2.647592147308496
3.0269868333592873
3.136863709607318
1.954434002924965
1.867633890971212
3.0269868333592873
3.085055102756477
3.8847776520297486
3.876748696955802
3.5110854081804264
3.238901256602631
3.027169118440619
1.584962500721156
3.667928472292448
3.83555366122509
3.06085546879145
3.988952946816207
3.804353468599193
3.238901256602631
3.3927474104487847
3.3735572622751855
3.7897314410580436
3.5220552088742005
3.861548697684421
3.937326145256008
3.6168746059562227
3.2195282822995477
3.350209029099897
3.077819531114783
3.6023165585055525
1.9877733714879842
3.572469458770136
3.4992275471326932
2.8423709931771093
3.292770193936991
3.2516291673878226
3.418295834054489
0.6998428398862386
1.0892300788425848
1.0892300788425848
3.332095398660169
3.844802400279799
3.901774604086491
3.2610439833372844
3.0
4.1097794857892564
2.74894004700543
2.9182958340544896
3.6168746059562227
3.9209153373406602
3.6346191314877925
3.378783493486176
3.85129514069178
3.858957286668643
3.663532754804254
3.692652256004788
3.584183719779188
3.039148671903071
3.5654483718208243
3.703465189601646
3.644106550888951
3.699470570797251
3.0269868333592873
3.375
3.238901256602631
1.936278124459133
3.3735572622751855
0.9055872616982603
3.6565647621309543
3.7034651896016464
3.6133373140453067
2.556656707462823
2.789898095464287
3.1464393446710153
3.4992275417233567
3.4992275417233563
4.089781950065051
3.984919968468757
3.5144056807984563
3.719294525666979
3.516928302492796
2.8731406795131336
2.8962915290459277
3.0849625007211556
3.0850551027564768
2.696199049814856
3.1556390622295662
3.988715603598929
3.9774223140940093
3.842979053401626
2.0
3.0574760762899316
2.6258145836939115
2.950212064914747
1.0949143184120975
3.907840118897244
4.075984971899086
1.5219280948873621
3.7287244452691404
3.3248629576173574
3.6572682296173893
3.748328660365573
2.918295834054489
3.5841837197791886
3.378783493486176
3.471354487013929
3.182005814760214
2.9735572622751847
0.0
3.8640189941427394
3.0957952550009344
1.0
3.821928094887362
3.5766176449086657
3.2359263506290334
1.036839086074006
3.919769836256636
3.729719477245814
3.3248629576173574
3.056564762130954
3.3371753411230776
3.7246756038383895
3.40582225028569
3.266332639970623
2.7773627950641693
2.9182958340544896
3.4548223999466066
4.150483499089934
3.182005814760214
4.184857988096696
4.0743640372953065
3.2359263506290334
3.182005814760214
0.7732283485249176
3.414441303694973
2.7534343861887853
3.0306390622295662
3.0130709291038453
3.675310868912364
3.821928094887362
1.207518749639422
3.7318551686326527
4.007181627015988
3.3232314287976212
3.493344863722962
3.2806390622295662
3.7359263506290326
3.170134892428194
3.25
3.5585186130489053
3.2776134368191165
3.546439344671015
3.5086949695628418
3.106890595608519
0.7732283485249176
3.084962500721156
3.181244317680756
3.239097917988786
3.0565647621309537
2.610577243331642
3.350209029099897
3.7849418274376423
3.125
3.378783493486176
3.920106529020159
3.8565647621309536
3.666057936862881
3.9236174616432273
3.6901204074720737
3.629663483094587
3.0849625007211556
3.189898095464287
3.5719864615720214
2.984234164652489
3.351953074246375
1.271782221599798
3.0565647621309537
3.764735178725505
3.0269868333592873
3.378783493486176
2.9312089489103235
3.7869945994439105
2.499698143184414
3.751629167387823
3.928265043159906
4.131437386975421
3.8152023999804867
3.900153016697712
3.6430741894285688
3.7264741182543752
3.5766176449086657
3.8990726692459234
3.856564762130954
3.7720552088742005
3.838039816898156
3.7834651896016465
3.708966082694623
3.7996956202468914
4.207046706116285
2.0
3.2516291673878226
3.3787834934861767
1.0
0.9852281360342515
1.4966407621868583
4.01120441892766
3.0269868333592873
3.039148671903071
3.457867131472585
4.039367296983822
2.0
2.974937501201927
3.514044469850428
3.4276942711037672
3.4548223999466066
3.180832987205441
3.1692486956952335
3.624379701651112
3.6978458230844122
3.663532754804254
3.9347934869320547
3.721345768793426
3.824639670942832
3.797812156528825
4.002652421817519
3.176110251517254
3.273269689515108
3.40582225028569
3.5585186130489057
3.243300368538957
3.323231428797621
3.572431251322119
2.974937501201927
2.950212064914747
4.0914656397467075
3.7084449997615017
1.9219280948873623
3.511085408180427
3.317405811425517
2.9232314287976213
3.511085408180426
3.5562012808079033
2.8150724101159437
4.009711653655021
3.238901256602631
4.086652364069291
3.8035088547976788
3.30827083453526
3.327819531114783
3.8029100796497266
4.102442711489596
3.9593924214738268
3.9873274760758832
3.6841837197791887
3.03856233607563
3.2368573034220742
2.873140679513133
3.3231428049945433
3.1018812234760182
2.9852281360342516
3.378783493486176
3.3082708345352603
2.918295834054489
3.9121138909722304
2.952819531114783
2.9735572622751856
1.3244602933016414
3.572469458770136
3.0220552088742005
3.085055102756477
3.381580488309164
3.7570488277869583
3.8301826981560265
1.1446348670201616
3.240223928941852
2.688721875540867
3.169925001442312
3.085055102756477
3.7601728994939396
2.469670487371862
3.8143719431796277
3.5319412055466586
3.6520273587434233
3.303701696057348
3.327339900083509
3.536886723742167
3.6105772433316425
3.4992275471326932
2.699513850319966
3.8204364547360568
2.873140679513133
3.665882745561475
3.609668477419888
3.039148671903071
3.4548223999466066
3.3248629576173574
3.6168746059562227
3.2608281712244547
2.950212064914747
3.5585186130489057
3.792481250360578
3.5068905956085183
3.106890595608519
3.6168746059562227
3.381580488309164
3.378783493486176
3.4464393446710155
3.553090083530327
3.2516291673878226
3.434714862426219
3.6339740759971573
3.8074355167595253
3.745363542688304
3.4399364703978077
2.751629167387823
0.3238144752669867
2.889549430862088
3.4532503422262035
3.576617644908665
3.5434651896016467
3.0220552088742
3.6280729963885086
3.8399659477084884
3.106890595608519
3.861725074756386
3.2158411726837524
3.9155067838565927
3.3927474104487847
3.7696410859343388
3.7034651896016464
3.621928094887362
3.7821222241453065
3.4138338639736006
3.32323142879762
3.807445176955242
3.584962500721156
3.7080481500712317
3.4613201402110083
3.0130709291038453
3.4613201402110083
3.813660689688185
3.6539967386657093
3.5841837197791886
3.708048150071232
3.616348566075163
3.625
3.983264553383013
2.2516291673878226
3.4613201402110083
3.0849625007211556
3.084962500721156
3.039148671903071
3.0849625007211556
3.0220552088742
3.572469458770136
4.04160277650915
4.031748969174696
2.5220552088742005
4.083705756609403
3.6054867419231797
4.074821453902622
4.061155810436069
1.5
3.41041725276052
3.2516291673878226
3.2359263506290334
3.3927474104487847
3.572469458770136
2.8553885422075336
3.085055102756477
3.6219280948873624
3.0269868333592873
3.7216117239699
3.039148671903071
3.261842390463366
2.585475297227334
3.187601311512056
3.936741989541992
2.873140679513133
3.3841837197791884
3.375
3.189898095464287
3.0849625007211556
3.1416192081839784
3.884183719779189
1.8230264907128848
3.2913928761709625
3.0574760762899316
3.864327314352583
3.413088436425757
2.8729055953200557
3.0708470936225174
3.5464393446710147
3.8818326655220816
3.5351745656359035
3.8042292966721747
4.1455608785885705
4.127030919126379
3.7534343861887858
4.046895515637757
3.506890595608519
3.9407598325400897
3.796960730356964
2.8453509366224368
3.9971433491871555
2.8553885422075336
3.7464393446710154
2.9852281360342516
1.6894822670191825
3.182005814760214
3.326360407952694
3.323231428797621
3.2359263506290334
3.538310595615006
3.323231428797621
3.821928094887362
3.6897037321995474
3.7014729877508317
3.327819531114783
2.9852281360342525
3.8332696895151073
3.4713544870139286
3.4273334938982645
3.202819531114783
3.840018266288633
3.7845276964165553
3.8775671571169283
2.952819531114783
3.5766176449086653
3.6234651896016463
3.7089660826946234
3.9449283054115356
3.9009513042981245
3.5068905956085183
3.0220552088742
3.368522527728205
3.5086949695628418
3.734521664779752
3.3525842461721624
3.5944656369614525
3.724845376071784
3.8471282101364253
3.831203881449093
3.8620656526452004
3.6837834090041004
3.09306920777189
3.5035232175542546
1.9591479170272446
3.8399576338294743
3.7950885863977324
3.6765067747360973
3.5912289607390258
3.463465189601647
3.792376622970445
3.327819531114783
3.8456631498513816
3.155221528859512
3.7841837197791888
3.719294525666979
3.8712201897033274
3.479079570624174
3.3232314287976203
3.506890595608518
2.7516291673878226
2.8553885422075336
3.5883543471732335
0.9141828384352135
3.3342094594480476
3.501397825434103
3.6561983328100944
3.522711955680758
3.573525662575414
3.8292399318175785
3.804032212374686
3.0565647621309537
3.679687439279554
3.8531915229170703
3.6335059949783677
3.897026568560039
3.30827083453526
3.7178504651264324
4.040880225795224
3.461320140211008
3.4182958340544896
3.452819531114783
3.182005814760214
3.590571081259867
3.1556390622295662
3.221097250057956
4.085055102756477
3.0269868333592873
3.377278130987436
3.202545961618968
2.872905595320056
3.987917978418856
3.501397825434103
2.555913095175825
3.922166258829671
3.0220552088742
3.8062389286533893
2.0635699777427265
3.8923868993219477
0.0
3.4639266056880564
3.708132064658602
2.688721875540867
2.827819531114783
0.0
3.0220552088742
3.6898916687500076
3.239097917988786
3.538310595615005
3.989898095464287
3.566428031846024
3.5068905956085183
3.6011250109569843
3.375
3.084962500721156
3.8565647621309536
3.642489673166126
3.5766176449086653
3.866974276389725
3.6635327548042538
3.7848658715261645
3.777177190700764
3.7419845111787073
3.641249800455479
3.782122224145306
3.3087513512471665
2.5735572622751848
4.098585782631212
2.0
3.0220552088742005
4.066992649453609
2.0
2.7887549139935035
3.5724312513221195
3.327819531114783
3.3232314287976203
3.546439344671015
3.3248629576173565
3.734521664779752
2.8553885422075336
3.3735572622751846
3.40582225028569
3.215841172683753
3.5035391228040242
3.8244966743986586
3.8962915290459272
1.584962500721156
2.760666827231598
2.549787381523038
2.649397470347699
3.303701696057348
3.8569230427807564
3.182005814760214
3.4086949695628417
3.291392876170963
1.437181403208764
3.251629167387823
3.351953074246375
4.048800632354234
3.7468422480983827
3.180832987205441
2.8553885422075336
3.2998963911678905
3.9705370625730185
1.584962500721156
3.633974075997158
3.323231428797621
3.146286370662105
3.1892750707107123
3.4182958340544896
3.9323131124857413
3.2729055953200556
3.8264658909811926
3.8865085958184387
2.584962500721156
3.9682119744148827
3.3927474104487847
3.8941773206674433
3.3735572622751855
3.468576629687865
3.697845823084412
3.4399364703978073
3.7409532604048397
3.5944656369614516
3.67034572866728
3.3134606841964276
4.008354495884067
1.584962500721156
4.108541106651874
3.5535088547976783
3.7593620671709997
2.0
0.7732283485249176
2.8150724101159437
3.677214126823423
3.6255918602852315
3.146286370662105
3.572431251322119
3.7744261515486905
3.633974075997158
3.7983512260625827
3.5883543471732335
4.035838308028061
3.7831005214095463
1.5
3.1012817383546425
2.0
3.4632805178108104
3.2516291673878226
3.1307179879273743
3.2444138295776113
3.188721875540867
4.049741990893844
3.5841837197791886
3.5777471629109447
3.349692968957871
3.41041725276052
3.677100755700004
3.381580488309164
1.584962500721156
3.3841837197791884
3.189898095464288
3.538310595615006
3.327819531114783
3.6837421818302887
3.180832987205441
3.5368867237421666
3.180832987205441
3.418295834054489
3.350209029099897
3.1692486956952335
3.627579716629469
3.521640636343319
3.084962500721156
2.8553885422075336
3.084962500721156
3.521640636343319
2.6800365325772657
3.238901256602631
3.384183719779189
2.792481250360578
1.186278124459133
3.41041725276052
3.349692968957871
3.7166308917868656
3.0385623360756298
3.578677786503616
3.558518613048906
2.654255313215029
3.9503910402649454
3.61506101220307
3.928016135870534
3.5368867237421666
2.7777768114567865
3.4033013852822602
3.5766176449086653
3.616348566075164
3.6524474880231264
3.2402239289418517
2.835237745312118
3.2516291673878226
3.5724312513221195
3.5726236638951634
3.2575004135020675
3.3082708345352603
3.8962915290459277
3.085055102756477
3.180832987205441
3.039148671903071
3.6572682296173897
3.0062389286533895
3.2406015629507228
3.5220552088742005
3.386842188131012
3.238901256602631
3.0850551027564768
3.833399384622468
3.7357815441167
3.8568707208564224
3.6689869584530608
3.6667639434915698
3.6565647621309543
3.463280517810811
3.4065033556239617
3.3908054820769813
2.9852281360342516
3.378783493486176
3.337175341123077
3.9121138909722304
3.506890595608518
1.3244602933016414
3.077819531114783
2.6612262562697895
2.625814583693911
3.808533102073525
3.007196489685618
3.468576629687865
3.909368063943885
3.5391486719030705
3.202819531114783
3.4441009888701273
3.781230285518311
4.036726853840693
0.9182958340544896
4.083320956340277
3.989826558206961
3.4444138295776114
3.7838820811631746
1.584962500721156
2.6535442970305683
3.202819531114783
3.9674948347092704
2.8453509366224368
4.0065338336348715
3.8541889884881186
2.0
3.2516291673878226
2.71929452566698
2.8553885422075336
0.0
2.682588730501833
4.036277317191877
3.3006116352630026
4.155853288169982
2.9205969371870784
4.114679037690425
2.984234164652489
2.931208948910323
2.873140679513133
2.0021722231837638
3.202819531114783
3.2516291673878226
3.630412660873999
3.488525294897748
2.873140679513133
3.534219021180341
3.4613201402110083
2.688721875540867
3.189898095464287
3.5
3.4058222502856896
3.214701622637604
3.8227801730294657
3.350209029099897
3.9748605961854437
3.9343813435048056
2.0
3.182005814760214
3.5
3.0383201891060003
3.975070520364181
3.7806390622295662
3.9309726645643224
3.182005814760214
3.570659041013948
2.7192945256669794
2.8073549220576037
3.3787834934861767
3.3787834934861767
3.503258334775645
3.440759832540089
3.0306390622295662
3.891167373648189
2.752715278979705
3.628928031846024
3.8704368172100367
3.2516291673878226
3.8956265685290674
3.7544418457133446
2.9735572622751856
3.756795811071915
3.902534039909618
4.09085371074875
4.097110168003932
3.926857588858677
2.873140679513133
3.6094963344256965
3.9597861817023006
1.584962500721156
3.4548223999466066
3.327819531114783
3.65041030517399
3.708132064658602
3.321928094887362
3.375
3.8873261452560075
3.3787834934861767
3.4613201402110083
3.5090356337908912
3.1056721842714325
3.377443751081734
3.180832987205441
3.650160231405393
3.2841837197791883
3.534219021180341
2.952819531114783
3.2516291673878226
3.189898095464287
3.0269868333592873
3.5585186130489057
3.3921472236645345
2.660129752633257
3.9502120649147465
3.418295834054489
3.182005814760214
3.826874881864636
3.640223928941851
2.8553885422075336
3.869331261111518
3.2866294867861954
3.5617480476936567
3.2135132560090702
3.3011884394999553
3.176028595382332
2.945038697540245
3.8242528312829864
3.584183719779189
2.827819531114783
3.039148671903071
3.1898980954642866
3.719294525666979
3.6514789228933084
3.0306390622295662
1.186557197758657
1.528309526130752
1.7534343861887849
1.534533383606256
3.1708346163499623
3.768717686683888
3.691428031846024
2.835237745312118
3.7628183952216414
3.182005814760214
3.9166918815610243
3.182005814760214
3.4332696895151082
3.4273334938982645
3.6775671571169286
3.931134971542113
3.623516641218015
1.390856298386412
3.456564762130954
1.0529815751302694
3.625
2.9312089489103235
3.7209546076907425
3.8938570720473726
3.5724312513221195
3.7848596625343673
3.7264741182543757
3.4830050302680133
3.7184461883162117
2.6601297526332566
3.9777599899603713
3.7216117239698994
3.3564924137968237
3.3263604079526936
3.0850551027564768
3.4273334938982645
2.625814583693911
3.546593564294939
3.373557262275185
2.872905595320056
3.392747410448785
3.594465636961452
3.0849625007211556
3.378783493486176
3.3660913291191923
3.80871969734407
1.5058762556041068
3.7843684875968617
3.3248629576173565
4.027736023434043
1.584962500721156
3.0
3.3927474104487847
3.912972440023066
3.588354347173233
3.3464393446710154
3.697845823084412
3.0306390622295662
3.4182958340544896
4.204890626486356
3.7089660826946225
3.6801653312174274
3.9764097655573916
3.4992275417233567
2.610577243331642
3.2195282822995477
4.078331873267974
3.5
4.069531818727322
4.0073027409588855
3.4995370780482857
3.483659164397963
3.238901256602631
2.4977968115985956
0.8166890883150209
1.5569010760354054
1.0389205950315936
1.6143308351592656
3.0220552088742
3.4565647621309536
3.452819531114783
3.7178960129700496
3.837449067534837
3.3248629576173574
2.858118463097969
3.1556390622295662
3.506890595608519
3.375
4.104281809855787
3.9039346050486343
2.9852281360342516
3.7192945256669785
3.751629167387823
3.6464393446710153
3.923231428797621
3.820694501162622
3.8583132039345647
3.875843912453058
3.7950885863977324
3.3927474104487847
3.0306390622295662
3.7294461949052566
3.7622673906514947
3.4713544870139286
2.8553885422075336
3.418295834054489
3.584962500721156
3.683856189774724
3.100916685694772
3.4565647621309536
3.5724312513221195
3.4039894464852614
3.763358429231108
3.084962500721156
3.180832987205441
1.4182958340544896
1.3244602933016414
3.6020784069005813
3.0565647621309537
3.2608281712244547
3.807354922057604
1.450467463408549
1.4885252948977485
1.3328204045850196
2.873140679513133
3.6412498004554785
3.616348566075163
3.086048612313038
2.5559130951758244
3.0220552088742
3.5342190211803413
3.619470570797251
3.641543445405335
3.2806390622295662
3.6901165175936654
3.918852353126395
3.636006945330954
3.356492413796824
3.0220552088742
3.506890595608518
3.7962176025900556
3.09306920777189
2.999581230646064
2.9312089489103235
3.7336606896881848
3.32323142879762
3.327339900083509
3.5132696895151074
3.327819531114783
3.418295834054489
3.392747410448785
2.663532754804255
3.625
3.0269868333592873
3.483005030268013
3.78017915789576
3.238901256602631
3.238901256602631
3.8235555902380574
3.377278130987436
3.2575004135020675
3.9044260599576486
3.5417435206018597
2.8553885422075336
3.689703732199547
3.8553885422075345
3.6430741894285688
3.7360069464476564
2.353533948577482
3.9721634603655405
3.452819531114783
3.2516291673878226
3.5368867237421666
3.0269868333592873
1.6758220575766962
3.239097917988786
3.375
3.799642175814981
3.5726236638951634
3.2516291673878226
3.2195282822995477
3.785749959980461
3.503258334775645
2.6535442970305683
3.641543445405335
3.452819531114783
1.584962500721156
3.3248629576173574
3.039148671903071
3.2516291673878226
2.6258145836939115
3.327819531114783
3.530493056757482
3.8561962982193805
3.008694969562842
3.606238928653389
3.378783493486176
3.6424896731661263
2.8553885422075336
3.4056390622295662
3.6163485660751635
3.633974075997158
3.6898916687500076
3.238901256602631
3.182005814760214
3.8305466086383047
4.095779068449654
3.322179345516666
3.5350662373137696
3.334679141051595
3.238901256602631
1.584962500721156
2.8150724101159437
2.6258145836939115
3.147303737388372
3.109275070710713
3.2608281712244547
3.0269868333592873
3.085055102756477
2.952819531114783
3.084962500721156
3.826874881864637
3.5841837197791886
3.6644977792004623
3.3787834934861767
3.625
3.5068905956085183
4.044465783327299
2.0
3.182005814760214
3.6901165175936654
4.188244975213401
1.584962500721156
3.4100993267336737
3.856657342430255
3.9024092329502267
2.7068905956085185
3.5292426042069382
3.30827083453526
2.8073549220576046
3.0269868333592873
3.2608281712244542
2.873140679513133
3.2732696895151077
2.9689185639620974
3.3232314287976203
3.368042422572715
3.3927474104487847
3.182005814760214
3.6205686677880062
3.6753108689123644
0.8166890883150209
3.4992275471326932
3.2639334294856344
3.2359263506290334
3.4251185503571393
3.640223928941852
3.996439344671015
3.524092480429718
3.30827083453526
2.25
3.5160276412662306
3.0269868333592873
2.950212064914747
3.584962500721156
3.180832987205441
3.5
2.8553885422075336
3.0269868333592873
3.238901256602631
2.918295834054489
3.418295834054489
3.1808329872054406
3.0849625007211556
3.6205715771054217
3.746439344671015
4.004364184708142
3.597558387024489
4.082852916009317
3.3248629576173574
3.182005814760214
3.238901256602631
3.3927474104487847
3.7004397181410926
3.202819531114783
2.8553885422075336
3.6192509128388286
2.5550365325772657
2.4508257945180882
2.3876318396998255
2.5766879194247676
2.5874478309447104
3.1068905956085193
3.0850551027564768
3.7201287774331866
2.8731406795131336
2.899397470347699
3.378783493486176
3.308694969562842
3.024397470347699
3.5585186130489057
3.4316235658474303
4.0866373950884665
3.5465935642949384
2.792481250360578
3.4548223999466066
3.5724694587701364
3.581076011914607
3.419381945646371
3.2516291673878226
2.037942565745993
3.101609497059027
3.4251185503571393
3.240223928941852
3.421928094887362
3.085055102756477
3.2953570516174415
3.7784235030301265
3.668986958453061
3.588710641914682
2.5435183924115807
2.155968102145908
2.6998594471019968
1.0
0.9780155566622414
3.189898095464287
3.366091329119191
3.0220552088742
3.7148697866030833
3.326360407952693
3.2210972500579578
3.2516291673878226
3.2516291673878226
3.5465935642949384
3.5841837197791886
3.373557262275185
3.0220552088742
3.182005814760214
3.180832987205441
3.327819531114783
0.9274479232123118
1.4178844927288374
2.2807876549494517
2.188121617016518
3.64451989094087
3.9661778558545193
4.047630710497169
1.0
4.0491241091652785
1.0
3.8781191580998806
3.6143694458867563
3.243735757336199
3.9794594465930873
3.7150182662886326
2.9834585933443494
2.688721875540867
3.8185886460613307
3.2516291673878226
3.6143694458867563
3.085055102756477
3.5160276412662306
3.446439344671015
3.5434651896016467
3.9634786115638354
3.3371753411230776
3.913809814244949
3.928265043159906
1.584962500721156
0.8180959929710641
1.4932133643654213
0.8795064608120066
1.1191194231256714
2.9182958340544896
3.5589596082995802
3.0220552088742
3.5304930567574826
3.9892253442836862
4.119731884888524
3.419381945646371
2.950212064914747
3.3927474104487847
3.238901256602631
3.41041725276052
3.430943823222256
3.686419411348773
3.642434649464805
3.719375822415369
3.633974075997158
3.463280517810811
3.7632432303768706
3.266332639970623
3.881832665522081
3.8514097655573916
3.5368867237421666
2.863865121950854
3.039148671903071
3.236857303422074
2.9852281360342525
3.454986855772667
3.7249195402612902
3.536886723742167
3.7705863164062796
3.534219021180341
3.4992275471326932
3.503258334775645
4.089676646802375
3.375
3.2516291673878226
4.153375459929775
3.3908054820769813
3.403989446485262
3.600921675209631
3.260828171224455
3.180832987205441
3.326360407952693
3.1556390622295662
3.793545189370486
3.6168746059562227
3.292770193936991
3.243300368538957
2.353533948577482
1.3520301017579528
1.207518749639422
3.4613201402110083
3.697845823084412
3.180832987205441
3.2841837197791883
2.551514870862883
2.7773627950641697
3.5841837197791886
2.606238928653389
3.978249347574414
3.9001530166977116
3.006238928653389
3.5898980954642865
3.238901256602631
3.654263725997023
2.688721875540867
2.125814583693911
2.918295834054489
3.084962500721156
1.4604846813131116
1.642315971664345
3.0220552088742005
3.350209029099897
3.604165919063143
3.1898980954642875
3.2927701939369904
3.817951769535897
1.1451104143815827
3.410099326733674
3.910818766650534
3.879273682740194
4.076285648529639
3.239097917988786
3.917672389614488
3.200910279509528
1.0
3.7419627890379075
3.702471512219747
3.446439344671015
2.6644977792004614
3.2639334294856344
3.911845315026195
3.7201755214643453
3.3492553971685
3.8488846166291197
2.699513850319966
3.0269868333592873
3.1279868068776753
3.7717362803999803
3.7442035683118124
3.968152048037769
3.7721800112652457
3.6289280318460246
1.0
3.6753108689123644
3.5585186130489057
3.95822916866988
3.593269689515108
2.910992253015046
3.6105772433316417
3.787301737252941
3.7192945256669785
3.7544418457133446
3.3927474104487847
3.721928094887362
3.084962500721156
2.98345859334435
3.7720552088742005
3.128085278891395
3.0849356170636044
3.645729451711977
3.5500976868678835
3.444548827786958
3.880725524981252
3.73624341298306
3.4438561897747233
3.3837930573985107
3.833490514447416
4.121580635823323
3.299896391167891
3.7671944191199684
3.4087385128172416
3.7820561507278656
3.7569263239975883
3.754441845713346
3.8633150404375804
3.8215038882302585
3.760014975824317
4.106262538423904
3.7178504651264324
2.751629167387823
2.984234164652489
3.5605173424005265
3.8105782981492897
3.6388301270322074
3.826905930181629
3.876241860460979
3.5883543471732335
3.057476076289932
3.0849625007211556
3.888779943823598
3.0269868333592873
3.9087111098294542
3.709279881929488
3.5144093452479406
3.366091329119192
3.0849625007211556
3.7879346136060414
3.375
3.0220552088742
2.9414460711655215
3.337175341123077
3.3248629576173565
3.697845823084412
2.9219280948873623
3.938353008623913
3.4765540196866045
3.9949467502972347
3.2359263506290334
3.3371753411230776
3.4086949695628417
3.59448250651942
3.9250366294321224
2.9312089489103235
3.30827083453526
3.513269689515108
3.74095326040484
3.5841837197791886
3.418295834054489
3.6168746059562227
3.7919245392005063
3.414441303694973
3.708132064658602
3.6539967386657097
3.392147223664534
1.9219280948873623
2.5216406363433186
4.135511647546909
3.874008706393474
3.6094963344256965
3.880227163773775
3.879807299737752
3.327819531114783
4.138382246744674
3.895423870280315
3.845760379210159
3.8882347839383398
3.670178668613762
4.073010803663119
2.0
3.09306920777189
2.7806390622295662
3.2359263506290334
3.084962500721156
3.373557262275185
2.6258145836939115
3.2516291673878226
3.2639334294856344
3.3248629576173574
2.7192945256669794
3.4332696895151082
3.632192121571194
3.1751231351134614
3.337175341123077
2.8073549220576046
3.188721875540867
2.918295834054489
3.1018812234760182
2.793345194191516
2.7534343861887853
3.238901256602631
3.2516291673878226
3.625
3.084962500721156
3.25
4.012940415971608
4.023796760555215
1.584962500721156
3.375
3.9002708419385668
3.182005814760214
3.667928472292448
3.3248629576173574
3.4578671314725846
3.260828171224455
2.206238928653389
2.950212064914747
3.373557262275185
3.546398965752703
3.2927701939369904
3.0269868333592873
3.2927701939369904
3.655045546825804
2.8553885422075336
3.180832987205441
3.0220552088742
2.931208948910323
3.521640636343319
3.8635067968220906
1.7004397181410922
1.3520301017579528
1.186278124459133
1.5744174271404585
2.716019349301063
1.8843135277997989
3.714646921167522
3.327819531114783
3.681880802803402
2.9182958340544896
3.551191174465696
3.2516291673878226
3.0565647621309537
3.5110854081804272
3.8033866753287735
3.056564762130954
3.6729972717965285
3.7336606896881848
3.323231428797621
3.039148671903071
2.8962915290459277
2.4996981431844145
2.8553885422075336
3.5724312513221195
3.3735572622751855
3.481714572986073
3.182005814760214
3.375
3.180832987205441
3.378783493486176
2.9056390622295662
3.418295834054489
3.189898095464287
2.688721875540867
3.180832987205441
3.418295834054489
3.625
3.189898095464288
3.350209029099897
3.640223928941852
2.835237745312118
3.1898980954642866
3.469544356972731
3.569702316978284
3.0269868333592873
3.6402239289418516
3.5766176449086653
2.8553885422075336
3.1808329872054406
3.182005814760214
2.8423709931771093
1.9898980954642875
2.8729055953200557
2.688721875540867
3.039148671903071
2.873140679513133
0.0
3.079079570624174
3.748778905366474
3.7160405657809505
1.9219280948873623
4.057937065224321
3.1841837197791887
3.4428621651554656
3.757048827786958
4.010769406756627
2.0
4.096242393001905
3.777764861425628
2.4056390622295662
3.5441033076242405
3.5615194518776545
3.9167760402523855
3.418295834054489
3.8517301725438498
1.584962500721156
3.0849625007211565
4.129846792685351
0.0
3.139572261986723
3.0269868333592873
3.180832987205441
3.238901256602631
3.7615641815278638
3.5983690035123788
3.657289952363989
4.175471765421852
4.067245826222945
3.954402141861766
3.804952556602638
3.6684539577019217
0.9182958340544896
3.2402239289418517
3.9155803954675146
3.3927474104487847
3.5
3.75
2.584962500721156
2.8522170014624826
3.4565647621309536
1.0
4.1741670193787055
4.182818068201327
1.584962500721156
0.0
1.584962500721156
3.0850551027564768
3.728246938010952
3.3927474104487847
3.8279097821439705
2.835237745312118
3.9011462208004106
3.4548223999466066
3.718846363733215
3.5841837197791886
3.0269868333592873
3.2516291673878226
3.2195282822995477
1.1451104143815827
3.127986806877675
3.173660689688186
1.584962500721156
3.0220552088742005
3.327819531114783
3.5220552088742005
3.1751231351134614
2.873140679513133
3.796960730356964
3.0269868333592873
3.75
3.291624699560681
3.5724312513221195
3.189898095464287
3.240223928941852
3.3056450063529996
3.9700867738621435
3.6841837197791887
3.4182958340544896
3.887685079486173
3.7822516820372316
3.849285899557598
3.9056390622295662
3.534219021180341
3.9970092612858954
3.6314018453921717
2.3227569588973984
3.0062389286533895
3.642371448743902
3.238901256602631
3.974937501201926
2.577819531114783
3.6914280318460246
3.4713544870139286
3.170134892428193
3.7024715122197467
2.7534343861887853
3.4548223999466066
3.5724312513221195
3.378783493486176
3.8868421881310122
3.601227480952956
3.084962500721156
3.418295834054489
2.2841591278514217
3.9180684582015908
3.949893976670376
3.6053885422075345
3.7487340530666224
3.8410968660859592
3.149673447186741
3.6764409086968683
3.488525294897748
3.6841837197791887
3.084962500721156
3.823981820580904
3.484183719779189
3.3248629576173574
3.5892750707107126
3.039148671903071
3.764735178725505
3.3371753411230776
2.751629167387823
3.686419411348773
3.4996981431844136
3.6234651896016463
3.6887218755408675
3.881005488054637
3.202819531114783
4.124140126778019
3.776429462833346
3.2806390622295662
4.0534140591352505
1.0
3.182005814760214
3.611491369574374
2.9641534765420037
3.381580488309164
2.789898095464287
3.4613201402110083
3.085055102756477
3.8684263774431606
3.5535088547976788
2.196791631981637
3.633974075997158
3.4029342381953898
2.688721875540867
3.203987391758757
3.4947396630551757
3.7216117239699003
3.2075761659299387
3.1329440449809582
3.4116022179746714
3.7483943455364037
2.4182958340544896
3.4907985678339277
3.3832726727387747
3.327819531114783
3.427333493898264
3.4613201402110083
2.7516291673878226
3.3232314287976203
3.3248629576173574
3.511085408180427
3.300559092390953
2.8453509366224368
3.2402239289418513
3.572469458770136
3.7930146491356957
3.8686437969208827
3.464425468224586
2.9182958340544896
3.9897963596337642
3.337175341123077
3.702819531114783
3.2728043273346197
1.4911148500551854
4.179916231859948
1.9219280948873623
3.456564762130953
2.7489400470054295
2.7534343861887853
3.8275546594689245
3.3735572622751855
3.9873274760758832
3.326360407952693
3.2089873002588005
3.4031071683628116
3.704534899819343
2.9735572622751847
3.182005814760214
2.796613851144144
2.9910830434825426
2.133937566094917
3.077819531114783
2.4159220638351666
4.054152164100176
1.584962500721156
4.139279803428569
3.9942204724377657
3.9677201004744993
3.9272839235058026
3.846239676434588
3.947915401331911
3.8567717729434197
3.901750062028892
3.6753108689123644
3.6304126608739984
3.398250817604555
3.6709688919510652
3.2810361125534233
3.6037016960573474
3.6284451594312284
3.748994803525097
3.776682477667821
4.0481850244701185
3.5110854081804272
3.5002836880550534
3.6235621526717217
3.2195282822995477
2.7556160070298414
4.1149153364608
3.7570754133139395
0.9182958340544896
3.4314134569803287
3.039148671903071
3.5843031793467115
3.402910079649727
2.950212064914747
3.6695767463163937
3.9395722619867226
3.452819531114783
3.5895313089284633
3.084962500721156
3.378783493486176
2.663532754804255
2.321928094887362
4.0546744110677215
1.4885252948977485
2.0
3.4072682296173897
2.950212064914748
3.4548223999466066
2.9852281360342525
3.3841837197791884
3.077819531114783
3.350209029099897
3.413660689688185
3.193269689515108
3.6546180229024685
3.799876085498173
3.503258334775645
2.7744019192887706
3.5465935642949376
3.0269868333592873
3.5724312513221195
1.3709505944546687
3.6143694458867563
3.727547578948392
2.950212064914747
3.4472624994412104
1.400924277228159
1.5306390622295665
3.6464393446710153
3.3908054820769817
3.0574760762899316
3.25
3.5724312513221195
3.681727678869737
3.1898980954642875
3.684829508503261
2.992856050160461
3.577819531114783
3.1952959344962166
2.969731566544131
3.180832987205441
3.35764392601285
3.180832987205441
3.0220552088742
4.166387305928652
3.2516291673878226
3.084962500721156
3.30827083453526
3.718441033455766
3.375
3.787042812031905
4.008884070537635
3.511085408180427
3.4316235658474294
3.7216117239699
3.180832987205441
3.373557262275185
3.077819531114783
3.32323142879762
3.006238928653389
3.6897037321995474
2.8553885422075336
3.7675833523614384
3.875088205735622
1.0434356963218767
3.0850551027564768
2.9852281360342516
3.286629486786195
3.3248629576173574
3.4548223999466066
3.1652032965682597
1.173185867971725
1.4299111709758698
3.806518293761101
3.900256906341462
3.327819531114783
3.8909689751417527
3.570782286537524
3.327819531114783
3.897011801085883
3.676108500731241
3.48973793165199
4.00580495992166
3.0220552088742005
3.127986806877675
3.039148671903071
3.0269868333592873
3.236186283255413
1.4345491399952024
2.965583935727781
3.8918330161904735
3.628072996388509
3.530963873657757
3.883174674072394
3.4613201402110083
3.577819531114783
2.8553885422075336
3.240223928941852
3.8230679822736593
2.816307519224645
3.352135539906906
3.621928094887362
3.251909215768585
3.6792292966721747
3.3787834934861767
3.095795255000934
4.006360154104474
2.0
3.2359263506290334
3.8252517372886503
3.0269868333592873
1.0
3.1808329872054406
4.007751647240616
3.5464393446710156
3.3735572622751855
3.576617644908665
3.4713544870139286
3.7831056408120567
3.926336615782746
3.9288573383390903
3.392147223664534
3.8124087430971523
3.6897037321995474
3.7950885863977324
3.6887218755408675
3.373557262275185
3.7178504651264324
3.8646983261669603
3.721928094887362
2.840223928941852
3.2195282822995477
2.98345859334435
3.59689193246757
3.3927474104487847
2.8150724101159437
3.446439344671015
3.7256507561120933
2.974937501201927
4.0509526268954055
1.0
3.503258334775645
3.6841837197791887
3.2516291673878226
0.5304060778306042
0.9274479232123118
0.6685644431995964
1.0746314749738703
3.958674678706658
4.099414469623759
2.321928094887362
3.3934290883117235
3.9703074992934857
3.9897884684755662
4.118543105923002
2.9182958340544896
3.3263604079526936
4.0093183899651725
3.6014097655573916
3.4104172527605203
3.673287712141802
3.908007566920859
2.5220552088742005
2.950212064914748
3.7267374734123866
3.6168746059562227
3.8995498595452474
3.4613201402110083
3.238901256602631
3.2516291673878226
3.673269689515108
3.7962176025900556
3.953262669088581
3.1395722619867223
3.039148671903071
3.1898980954642866
3.197159723424149
3.625
3.4992275417233567
3.3263604079526936
2.66122625626979
3.0850551027564768
3.3735572622751855
3.327819531114783
4.051154843423257
4.103484151612444
2.9174058114255175
3.218445151964801
1.584962500721156
3.006238928653389
3.182005814760214
3.125
2.6384600665861564
2.8150724101159437
3.0761031709967224
2.952819531114783
3.189898095464287
3.1018812234760182
3.5843031793467115
3.2195282822995477
3.085055102756477
3.431623565847431
3.753269689515108
3.0269868333592873
3.2405282602167116
3.25
3.219528282299548
3.4357554339416274
3.1464393446710153
3.9898980954642878
3.7362801326109922
3.5
2.9182958340544896
2.984234164652489
3.855388542207534
2.9139770731827523
1.584962500721156
3.3248629576173574
3.6902603909683838
3.773557262275185
3.686869696109744
3.494739663055176
3.5068905956085183
0.9182958340544896
4.177246111780499
3.584962500721156
2.5216406363433186
3.846380134945876
1.4652556501132248
3.41041725276052
3.419381945646371
3.221928094887362
3.506890595608518
3.418295834054489
3.4613201402110083
2.751629167387823
3.772055208874201
3.242490607332676
3.7398775745709463
3.821029937749275
3.355388542207534
3.2810361125534233
3.8976211518983623
1.2577148214953864
0.6793652793002186
0.6052912052261445
3.2516291673878226
3.219528282299548
3.469544356972731
3.551428065028506
3.828469284210505
3.625
3.499227541723357
3.2810361125534233
3.525567892012784
3.085055102756477
3.2135132560090707
3.1728107335198636
3.0220552088742
3.7497286607426745
3.3211043305784886
3.5110854081804264
3.685941955015713
2.815922063835166
3.1018812234760182
3.1084585933443494
3.2195282822995477
3.09306920777189
3.189898095464287
2.3329145639793976
3.2639334294856344
3.6572682296173897
3.5368867237421666
3.289359362967738
3.7635585991342375
3.0
3.351953074246375
4.120162568263436
3.5068905956085183
3.511085408180427
3.7154560610774223
3.9861879650463043
3.378783493486176
4.017837559712096
3.507380102423635
3.6537567082870006
3.7636467706769263
2.8553885422075336
3.1174924611847556
3.6280729963885094
3.521928094887362
3.3908054820769817
2.8962915290459286
3.5144093452479406
3.2599049845116066
3.7013248836234007
3.779528989293003
3.589275070710713
3.7622673906514947
3.6539967386657097
3.2516291673878226
3.7526004683557055
3.292590665086006
3.039148671903071
3.4536723994375547
2.827819531114783
3.752584246172162
3.7539280318460246
3.373557262275185
3.5002836880550534
3.849223912390625
3.381580488309164
3.0849625007211556
3.75
1.5566567074628228
3.039148671903071
3.1995138503199656
3.3927474104487847
3.616348566075164
3.688721875540867
3.471354487013928
3.334679141051595
3.0565647621309537
4.008056339745007
2.9312089489103235
2.8553885422075336
0.0
4.006152416874296
4.124287761820255
2.4193819456463714
1.584962500721156
3.238901256602631
4.0563954906863415
3.8642100363071674
3.923036738314264
3.7256507561120933
3.4251185503571397
3.963678424286388
3.375
3.8332696895151073
3.854453173231987
3.5
3.675310868912364
3.754163427768881
3.2390979179887864
3.741962789037908
3.712319091186708
3.918168720067652
3.1395722619867232
3.9457189155889387
3.7974676329840045
3.6441065508889516
3.7180063669455548
3.176110251517254
3.499069243598024
3.5063272643019
3.6796498699968345
1.0
4.097250045104292
3.7286435422804933
0.9182958340544896
1.0762976257251988
4.080878245360953
3.3232314287976203
3.5766176449086653
3.182005814760214
3.902534039909618
4.082914470974313
3.3841837197791884
4.03002586887409
4.034484014796548
1.584962500721156
2.8729055953200557
2.873140679513133
3.572469458770136
3.3232314287976203
3.8023428696023553
3.327819531114783
3.4852281360342516
3.321104330578489
3.9659364107907327
3.6435772625452394
3.182005814760214
3.188721875540867
3.708132064658602
3.640223928941852
3.0849625007211556
3.919243633532326
3.6539967386657093
3.581444787932611
3.944040887472221
3.7720552088742005
3.708132064658602
3.7720552088742005
3.736006946447657
3.708132064658602
2.6644977792004614
2.0
3.8682713021511446
3.9231340538198753
3.5585186130489057
4.111461144614807
3.09306920777189
3.6421498816369033
2.4355205042826666
3.584160077184328
1.584962500721156
2.3228552906960527
3.3248629576173574
3.4745049881054295
3.182005814760214
3.085055102756477
3.182005814760214
3.215841172683753
3.2516291673878226
3.418295834054489
3.672997271796528
3.182005814760214
3.3232314287976203
3.998098996850684
3.604031754555149
3.4299083350961603
2.6612262562697895
3.266332639970623
3.4613201402110083
3.6368421881310122
3.2516291673878226
3.32323142879762
3.085055102756477
1.2699207259892868
3.039148671903071
0.8841837197791889
3.1808329872054415
3.7604212095219944
3.197159723424149
2.617492461184755
3.630412660873998
3.8471282101364253
3.3159777164562594
3.6995138503199656
2.792481250360578
1.6140054628542204
3.782089642372744
3.725916088924304
3.378161294108481
2.8453509366224368
3.994094172065374
2.8962915290459286
3.6094963344256956
3.392147223664534
3.425118550357139
3.8166513633240267
3.536886723742167
3.006238928653389
3.039148671903071
2.8553885422075336
3.969652659391852
3.2359263506290326
3.542481250360578
3.27280432733462
3.3927474104487847
3.392747410448785
2.939829017466402
3.3927474104487847
3.8114475886267
3.739877574570946
3.3087513512471665
3.039148671903071
3.323231428797621
3.1307179879273748
3.9308813799398323
3.375
3.3037016960573484
3.0269868333592873
3.3787834934861767
3.189898095464287
3.4039894464852614
3.2516291673878226
3.5
3.403989446485262
3.125
3.4474015047059137
3.2516291673878226
3.182005814760214
1.1917601481809734
4.051556432914475
1.584962500721156
3.7254805569978675
2.9182958340544896
3.653756708287001
3.572469458770136
3.30827083453526
3.7950885863977324
3.5058820001715754
3.2088840705376347
3.356492413796824
3.5413363769120147
3.43162356584743
3.641249800455478
3.8492858995575974
4.0392960692735995
3.7430099857503474
3.9811442171256997
1.584962500721156
3.336038815261278
3.0269868333592873
2.9852281360342516
3.202819531114783
3.721928094887362
3.7386085007312415
3.482588730501833
3.084962500721156
3.0850551027564768
3.642371448743902
3.2359263506290334
3.9859338646404074
2.0
3.30827083453526
2.6535442970305683
3.5068905956085183
2.855388542207534
3.337175341123077
3.182005814760214
3.139572261986723
2.751629167387823
3.200288670643577
3.2806390622295662
3.3263604079526936
3.721504215115485
3.9417750133724256
3.8257484978456295
3.1555650133297184
3.6094963344256965
3.3927474104487847
2.8962915290459286
3.239097917988786
3.8659488493578924
3.375
3.5806068345373325
4.03143092658763
4.056477140369728
2.0
3.521640636343319
3.7285021157426255
3.5219280948873624
3.800292136239285
3.4031071683628116
3.6818808028034016
3.745406425938248
3.6234651896016463
3.413660689688186
3.51602764126623
1.4182958340544896
3.182005814760214
3.511085408180427
3.754441845713344
3.1535717384775817
3.039148671903071
2.8423709931771093
3.4031071683628116
3.584962500721156
3.084962500721156
3.077819531114783
2.927451224964519
3.6168746059562227
2.950212064914747
3.840540288357312
3.719961722426749
0.0
3.4713544870139286
3.4565647621309536
3.9322111294693483
3.00623892865339
1.188721875540867
3.180832987205441
3.44075983254009
3.1898980954642875
3.327819531114783
3.572623663895163
1.510964047443681
1.8024212838293647
3.0220552088742005
3.5585186130489057
3.084962500721156
3.321928094887362
1.0892300788425848
3.43162356584743
3.376352363578731
3.3564924137968233
3.9510630579004697
3.2516291673878226
4.017569724378662
1.584962500721156
3.149397470347699
2.789898095464287
3.6339740759971577
3.522055208874201
2.927451224964519
3.3206588342592753
3.6881854071716815
3.6732696895151076
2.8553885422075336
3.5219280948873624
2.8855130303998817
3.1556390622295662
3.8136606896881844
3.0306390622295662
3.0220552088742
3.32323142879762
3.490601562950723
2.873140679513133
3.9104404952185825
3.2359263506290326
3.7232314287976203
3.5931390622295662
3.9870900416203336
1.0663355526659644
3.238901256602631
3.2343669797786125
3.25
3.699513850319966
3.521928094887362
3.7544418457133446
3.6283621207766186
3.1158340921632197
3.4030741894285685
3.373557262275185
3.564735178725505
3.4642346527265664
3.202819531114783
3.6407071509859774
2.161978179679554
3.039148671903071
1.5435644431995963
3.1898980954642875
2.952819531114783
3.760017277849653
4.193688466999309
3.950063756436209
3.916786893540479
3.7858330978148533
3.6302753548819773
3.887682187386611
4.111020677662575
3.9562715303638467
2.603267747574236
2.6441270678188005
1.5
3.040071227223175
3.43601192903618
3.2195282822995477
1.0
4.120300687410274
3.238901256602631
3.9196430295752895
3.350209029099897
3.2516291673878226
3.25
3.627300962773219
3.8557026648178505
4.0736566575083435
3.5132696895151074
3.4613201402110083
3.780394654123194
3.9987280573706054
3.375
3.299896391167891
3.084962500721156
3.0850551027564768
3.913977073182751
3.378783493486176
3.182005814760214
3.6572682296173893
3.642489673166126
3.334679141051595
3.6572682296173897
3.5
3.3667292966721747
3.8074451769552415
3.5465935642949384
3.890747968339605
4.042437356184845
4.006189738095211
3.625814583693912
4.107123129101125
3.790082293057006
4.083230398462825
3.463280517810811
1.311278124459133
2.7773627950641697
0.8795064608120066
3.758592489772477
1.254999237609217
2.889549430862088
1.2901208527411523
3.2195282822995477
2.895423870280316
3.3232314287976203
2.952819531114783
3.5132696895151074
3.182005814760214
3.1068905956085184
3.323231428797621
2.952819531114783
3.7254805569978675
0.6998428398862386
3.238901256602631
3.057476076289932
3.085055102756477
2.8150724101159437
3.0220552088742
3.180832987205441
3.8366003408685505
3.085055102756477
3.4817145729860712
3.522571589136359
3.8962915290459272
3.25
3.375
3.3248629576173574
3.743982153814127
2.816307519224645
3.5366280064980296
2.984234164652489
3.1068905956085184
3.0220552088742
3.202819531114783
3.373557262275185
3.3868421881310122
3.850937210714388
3.722438500530197
2.9312089489103235
2.8073549220576037
3.2516291673878226
3.146286370662105
3.6887218755408675
3.3263604079526936
3.6841837197791882
3.2810361125534233
3.3406502889476104
4.012504217189429
3.182005814760214
3.6635327548042538
2.3553885422075336
1.0529815751302694
2.699513850319966
1.7633584292311082
1.6143308351592656
3.238901256602631
3.473030279390306
3.9382587611376065
3.868220250848072
3.745406425938248
3.084962500721156
3.4058222502856896
3.5374000032987847
2.7534343861887853
4.094070380966409
3.381580488309164
2.90194695925137
3.468576629687865
3.351953074246375
3.3027227528624894
3.4548223999466066
3.2927701939369904
3.3263604079526936
3.1652032965682597
3.512698939124626
3.3082708345352603
3.721123128281478
3.619250912838829
3.559900001923084
3.767183467891461
1.0
3.501397825434103
2.7321588913645702
3.139572261986723
3.6978458230844113
3.890687941457206
3.9402382055768146
3.875847957056024
3.085055102756477
3.7639657428240816
3.1395722619867223
3.697845823084412
3.6644977792004623
1.0
3.3927474104487847
3.7280210217650063
3.437028685021602
0.9182958340544896
3.1556390622295662
3.456564762130954
3.419381945646371
3.0137576782928113
3.9486679987394626
3.9608344444292296
4.118634695017871
1.584962500721156
2.950212064914748
3.584962500721156
3.0775726382817696
2.5654483718208256
3.4219280948873623
2.83429531609601
3.53641423712223
3.4800836951874485
4.105181680050604
3.798990799258895
3.558953210005306
3.8378811112020177
2.0
1.6916978312622124
1.7961796919474975
1.4655953001626643
3.1961547809328668
3.8670108484048944
3.7201755214643453
3.6798066535975913
2.8553885422075336
4.020543296865819
3.534219021180341
3.238901256602631
3.454822399946607
3.456564762130954
3.182005814760214
2.751629167387823
3.621175542919471
3.7178960129700496
3.418295834054489
3.3248629576173574
3.337175341123077
3.378783493486176
1.0408520829727552
4.136294213362663
3.378783493486176
3.697845823084412
0.0
3.9891101725138394
3.5766176449086653
3.4273334938982645
3.337175341123077
3.2516291673878226
3.935398667466763
2.8553885422075336
3.7849418274376423
3.968090800138857
3.7201755214643453
3.9446665107724335
3.767183467891461
3.2516291673878226
3.1395722619867223
3.121928094887362
1.0
3.6635327548042538
3.563074189428569
3.197159723424149
3.0860486123130375
3.977697535763423
3.5086949695628418
3.952748349196229
3.7198523585646037
3.8586949695628414
3.82080182197087
3.8774437510817337
3.182005814760214
3.377278130987436
3.375
3.6990494398494507
3.393127173448318
3.613337314045307
3.9768017461108442
3.8384577604446286
3.8535845905107498
2.0
2.889549430862088
3.039148671903071
3.7534343861887858
3.0220552088742
3.952216429463629
3.546439344671015
3.2516291673878226
3.3496929689578705
3.6234651896016468
3.182005814760214
2.950212064914747
3.084962500721156
1.584962500721156
4.0427814105405195
3.392147223664534
3.7691600945530004
3.856301203233091
3.7193758224153703
3.5
3.695501148817395
3.9387218755408675
3.661226256269789
3.6342999889399255
3.4565647621309536
0.6500224216483541
3.5220552088742005
3.180832987205441
3.4613201402110083
3.1555650133297184
3.748328660365574
3.1898980954642875
3.920914521951839
2.8553885422075336
3.3735572622751855
3.5585186130489057
3.539873973444698
3.653660689688185
2.5735572622751857
2.721928094887362
1.0
3.6841837197791887
2.896240625180289
3.1414460711655217
3.6841837197791887
3.2406667788138512
3.721928094887362
3.1751231351134614
3.180832987205441
1.7633584292311082
3.084962500721156
3.238901256602631
3.139572261986723
3.418295834054489
3.0565647621309546
3.57655825517136
3.522055208874201
3.4556501805795423
3.6168746059562227
2.950212064914747
3.1898980954642875
3.8513144980628264
3.708132064658602
3.866115523245908
3.657289952363989
3.534219021180341
3.625
3.1751231351134614
1.1994602933016414
3.3263604079526936
3.085055102756477
3.815347753641175
3.149397470347699
3.3787834934861767
3.6820058147602137
3.5865692464606247
3.4072682296173897
3.625
3.3787834934861767
3.3232314287976203
3.039148671903071
0.9912642605354288
3.6368421881310122
3.0178941476196224
2.984234164652489
2.8150724101159437
3.9944611254484235
2.872905595320056
3.97596214652875
3.774168907631991
3.740601562950723
1.0
3.982856663324784
3.5465935642949384
3.378783493486176
3.6158175946759337
3.621928094887362
3.2359263506290334
1.8498687225851778
2.076942600994562
2.1699409770097886
3.6682958340544896
3.725070520364181
3.867670568454333
3.6922796820396573
3.815955446412808
3.5342190211803413
3.9139770731827515
3.534219021180341
3.039148671903071
3.8415935110056294
4.012226343540124
4.000287453672063
3.96733558443648
4.0537865086317195
4.1026988313047115
2.9182958340544896
3.511085408180426
3.9828554712500024
4.115311676554851
3.9791029988010265
3.748734053066622
3.350209029099897
3.5
3.4777847249797347
3.997386548672159
1.0
3.697845823084412
3.0104340890333368
2.8150724101159437
3.1761102515172537
3.792803569643319
3.688968181382679
3.8431390622295662
3.642371448743902
1.584962500721156
3.180832987205441
3.506890595608519
3.5383105956150054
3.865979129983102
3.6455933144511463
3.884795487373134
1.584962500721156
2.918295834054489
3.352538280186185
3.155221528859512
3.427333493898264
3.723074189428569
2.774397470347699
3.8076621411767526
2.6062389286533896
3.085055102756477
3.0850551027564768
3.454822399946607
3.6818808028034016
0.0
2.4996981431844145
3.0220552088742
2.6612262562697895
2.563716987127796
0.47563396876036557
2.895423870280316
3.7369879306358205
4.079428702378533
3.11583409216322
3.7336606896881848
3.5892750707107126
3.084962500721156
3.2516291673878226
3.170950594454668
3.085055102756477
3.0850551027564768
3.147303737388372
3.7570488277869583
3.811454950775991
3.2195282822995477
2.8553885422075336
3.0269868333592873
3.2516291673878226
3.188721875540867
3.8561962982193805
3.182005814760214
3.202819531114783
3.510086003110254
3.108694969562842
1.3605273114437084
2.950212064914747
3.3660913291191923
3.077819531114783
3.056564762130954
3.2516291673878226
3.3263604079526936
3.378783493486176
1.4182958340544896
3.521640636343319
3.2927701939369904
3.4776015519734123
3.6163485660751635
3.4377410887931843
3.2071429613024955
3.91947571181033
3.327819531114783
3.8586949695628414
3.127986806877675
2.9139770731827523
3.3841837197791884
3.4357554339416274
3.7484257521042577
3.943144940981576
3.512479270691232
3.964825216702835
3.334679141051595
3.6115854318374296
3.8143719431796277
3.7764925545842507
3.558369100581103
3.629219686524096
3.2390795706241744
3.203701696057348
3.385174447128411
3.8035088547976788
2.6556390622295662
3.327819531114783
3.084962500721156
1.6805563732659934
3.327819531114783
3.5364142371222305
3.6996130434977887
2.0
3.9458341242844006
3.3263604079526936
4.074643373867067
3.8810054880546376
3.9299738457933895
3.2049868557726664
3.1556390622295662
3.788341339656749
3.976089123491039
3.0053148568942794
3.567040216926579
3.5824554315901764
4.047573414683001
2.9056390622295662
3.616601684782745
3.840018266288633
3.931529525582581
2.8553885422075336
3.182005814760214
3.202819531114783
4.045052948665986
1.0
3.0565647621309533
1.5306390622295665
1.2916919971380596
3.189898095464287
3.552584246172162
3.5073801024236353
3.5348486136508463
3.7406015629507228
3.425677665701257
3.3927474104487847
3.039148671903071
3.4565647621309536
4.124782347451961
2.973557262275185
3.6402239289418516
3.772055208874201
3.238901256602631
3.6375375112660513
2.9312089489103235
4.050613740476478
2.873140679513133
3.9195803645864666
3.661226256269789
3.673269689515107
3.8324465164966006
3.5841837197791886
3.828303151469823
2.8221819586428727
3.521640636343319
3.427333493898264
3.486972327955777
4.045657030448637
3.7181390622295662
3.238901256602631
3.5464393446710156
2.8553885422075336
3.0269868333592873
2.6612262562697895
3.5
3.602910079649727
3.7181390622295662
2.8553885422075336
3.240223928941852
2.968918563962097
3.039148671903071
1.3709121449234947
3.350209029099897
3.3735572622751855
3.5035391228040242
3.5
3.1414460711655217
2.9312089489103235
3.576617644908665
2.9056390622295662
3.8325950745091326
3.6143694458867563
3.768160432593963
3.180832987205441
3.2402239289418517
3.0416256143692224
3.0849625007211556
3.1556390622295662
3.546593564294939
3.378783493486176
3.251629167387823
2.918295834054489
3.551108500731241
3.430457025500558
3.513784724225434
3.8140156038557316
3.4983471493992453
3.6619328723735824
3.155565013329719
3.1395722619867223
3.182005814760214
2.974937501201927
0.8166890883150209
3.09306920777189
3.136379330350756
4.097265424004039
2.6612262562697895
3.48582592784901
3.952649991353737
3.189898095464288
3.5883543471732335
0.6402064333604701
3.98587320077595
3.888397322928446
3.824862957617357
3.6536606896881856
3.182005814760214
3.8431975222626193
3.3735572622751846
3.125
3.039148671903071
3.752260204523717
3.835445371531092
4.015841327362445
3.624518654958899
3.2195282822995477
3.3519530742463752
3.3263604079526936
3.125
3.327819531114783
2.6258145836939115
3.831401845392172
3.197159723424149
3.5908201005000877
3.958229168669879
3.1746742319786425
3.6612262562697886
1.1386865525783176
3.67329142575363
3.7395722619867224
3.5780011510322707
3.739815461015533
3.9638148851441652
3.737745165456522
3.189898095464287
3.182005814760214
3.3660913291191927
3.4713544870139286
2.827819531114783
3.5736606896881846
3.3232314287976203
4.141535646680801
1.584962500721156
1.1553903011877322
4.146194496776879
4.063122827165197
0.9182958340544896
1.1873868015167897
2.7773627950641693
3.877922411734034
2.968918563962097
2.9232314287976204
3.182005814760214
3.238901256602631
3.3680424225727146
3.6875685226869956
4.058692099585605
3.352584246172162
3.465050463485557
3.990009704040741
3.7408168096948766
2.8553885422075336
3.9989699626620316
2.98345859334435
3.6234651896016468
1.0
3.337175341123077
3.8100810205217317
3.835267490253025
3.3908054820769813
3.554922200799821
3.8013774524295485
3.084962500721156
3.3787834934861767
3.521640636343319
3.375
3.6537567082870006
3.2516291673878226
3.6753108689123644
3.2359263506290334
3.4613201402110083
3.5160276412662297
3.740601562950723
2.8962915290459277
3.8074451769552415
3.584012370211935
3.2729055953200556
3.435747430972444
3.689891668750007
3.6133373140453067
3.188721875540867
3.6572682296173897
3.546593564294939
3.3927474104487847
3.125
1.1451104143815827
3.0220552088742005
3.0792258015191027
3.7912185127878373
3.2639334294856344
2.873140679513133
3.4086949695628417
3.0994839817876882
3.8014714773504585
3.4939096216213974
3.0220552088742
3.9738845128567077
3.82556081382069
3.2516291673878226
3.910440495218582
3.350209029099897
3.260828171224455
3.386842188131012
2.751629167387823
3.2516291673878226
3.503258334775645
2.8073549220576046
3.2195282822995477
3.239097917988786
3.5654483718208247
3.106890595608519
3.286333136600771
3.572431251322119
3.337175341123077
3.292770193936991
3.427333493898265
2.699513850319966
3.0220552088742005
3.0849625007211556
3.2359263506290326
3.101881223476018
3.560276338368035
2.9735572622751856
3.419381945646371
3.6619328723735824
3.3535339485774815
3.675698135367987
3.5804621997271013
3.181366328891459
3.0220552088742
3.2806390622295662
0.8166890883150209
3.0286393118385755
3.538310595615005
3.238901256602631
3.665428731993503
3.1556390622295662
3.1808329872054406
3.2321018048454135
3.813405735099443
3.690116517593666
3.5395722619867227
3.8525035614687866
3.189898095464287
3.238901256602631
2.625814583693911
3.215841172683753
3.7264741182543752
3.5026204074720737
3.680165331217427
3.5766176449086653
3.1971597234241487
3.6933452188924916
3.7275475789483923
3.754275977610511
3.8035088547976788
3.5944656369614525
3.2195282822995477
2.8962915290459277
3.3564924137968233
3.3735572622751846
3.6818808028034016
3.4992275471326932
3.2359263506290334
3.3464393446710154
3.53641423712223
3.238901256602631
3.0220552088742
3.7929059878062295
2.606238928653389
2.2877837199410704
3.3841837197791884
3.084962500721156
3.7254805569978675
2.9000516989995426
3.0220552088742
3.2359263506290326
2.664497779200461
3.7192945256669785
3.3518232255517657
2.8150724101159437
2.0741647430225756
3.3232314287976203
3.6732696895151085
3.9154007197332894
3.2516291673878226
3.6695767463163937
3.6069367321753214
3.5
3.238901256602631
3.740601562950723
3.4817145729860726
3.5804621997271013
3.2516291673878226
1.0
2.6612262562697895
3.0269868333592873
3.5110854081804272
3.708954822090642
3.912272579176125
4.016027641266231
2.9852281360342516
3.4178561135066152
3.6461406280978115
3.30827083453526
4.048238796400448
4.043542840928773
3.5975583870244896
4.210974323842798
2.0
3.326360407952693
3.8430101595548547
3.7627335525736805
3.7086949695628415
3.084962500721156
3.2709505944546686
3.3810760119146073
3.2516291673878226
3.872115722017706
3.0694254121192963
3.238901256602631
3.886508595818439
3.7561983328100945
4.088229508256374
3.3232314287976203
3.6256828354468493
3.30827083453526
3.381580488309164
3.9380738947378653
3.238901256602631
3.6565647621309543
3.350209029099897
4.014030722373947
1.4182958340544896
3.930270372293455
2.75
2.4182958340544896
3.5632474239751413
3.373557262275185
3.180832987205441
3.2516291673878226
3.039148671903071
3.3990795706241745
3.2841837197791883
3.3248629576173565
3.0849625007211556
3.1464393446710153
2.5220552088742005
2.8423709931771093
3.8063701301561794
3.182005814760214
2.495602923729013
3.10845859334435
1.4182958340544896
1.2326602568158205
1.0408520829727552
3.1552215288595122
3.8430101595548547
2.9708400131019843
3.4548223999466066
3.6143694458867563
2.792481250360578
2.9689185639620974
2.8731406795131336
3.418295834054489
3.7841837197791888
3.202819531114783
3.3927474104487847
3.7622673906514943
3.418295834054489
3.32323142879762
3.128085278891395
4.083014560897442
3.2516291673878226
3.793186992729849
3.4677201004745006
3.378783493486176
3.25
3.0220552088742005
3.182005814760214
3.5822826002907195
3.75
3.456564762130954
3.471354487013929
3.6879422599509497
3.454168410357404
4.122506068476665
3.7591419842479024
3.3342094594480485
1.6589797521242051
3.039148671903071
3.189898095464287
0.8166890883150209
3.238901256602631
3.0269868333592873
2.9182958340544896
2.680851854979514
2.918295834054489
3.506890595608518
3.708132064658602
3.6514789228933084
3.503258334775645
3.327819531114783
3.3086949695628416
2.840223928941852
2.984234164652489
3.3248629576173574
3.6521305573183827
3.738218635928951
3.4992275471326932
3.5342586850550655
3.9439818205809045
3.6652574196118852
3.7080030435786817
3.239097917988786
3.690260390968384
3.849223912390625
3.5944656369614525
2.9852281360342516
3.188721875540867
0.9055872616982603
1.9877733714879842
0.6437936616217652
2.952819531114783
2.9852281360342525
3.41041725276052
4.068085905784973
3.6572899523639886
3.8400182662886326
3.630985019785137
3.2610439833372844
3.689534758412825
3.327819531114783
3.0850551027564768
2.7806390622295662
0.7345299214394703
4.140492805979306
3.46438968421155
1.584962500721156
3.454986855772667
3.4613201402110083
3.558953210005306
3.4565647621309536
3.337175341123077
2.950212064914747
3.3320953986601696
3.2516291673878226
1.8838984168406274
3.5654483718208247
3.7671834678914604
3.0306390622295662
3.661932872373583
3.7254805569978675
2.8423709931771093
3.2402239289418517
2.577819531114783
2.8553885422075336
4.153062297660665
3.238901256602631
3.169925001442312
3.43162356584743
3.541743520601859
3.630412660873998
3.5841837197791886
3.8100810205217313
3.534219021180341
3.782122224145306
3.6612262562697886
3.584962500721156
3.9465774930570885
3.452819531114783
4.10649821218188
3.2516291673878226
3.0269868333592873
3.0269868333592873
2.9232314287976204
3.5644001617116228
3.958523668469099
3.8456631498513816
3.547159342835936
1.584962500721156
2.8553885422075336
3.608887398727526
3.606015279620733
4.100723574772715
2.952819531114783
3.8185886460613307
3.3832569368834324
2.688721875540867
2.950212064914747
3.767183467891461
3.8307259014503225
3.8279097821439705
3.375
3.5068905956085183
2.8553885422075336
2.8553885422075336
3.7639657428240816
3.3735572622751846
1.936278124459133
2.5424826938097276
0.9463729359854419
3.7607845582978516
3.1018812234760182
3.7136017872101617
3.084962500721156
3.819244738933759
2.688721875540867
3.7360783523877865
3.085055102756477
3.3248629576173574
3.4677201004745006
3.188721875540867
3.419381945646371
3.7470329441720898
3.75
3.350209029099897
3.3927474104487847
3.605388542207534
3.3371753411230776
3.323231428797621
3.8996738967715503
3.378775368145599
3.43162356584743
3.106890595608518
3.887682187386611
3.240223928941852
1.584962500721156
3.323231428797621
3.0849625007211556
3.2368573034220742
3.698746484310978
3.8865085958184387
3.5325732575026194
3.2359263506290334
3.98897589581649
2.9182958340544896
3.521640636343319
3.375
3.5379578842735038
3.337175341123077
3.5739348962840563
3.0449127332389443
3.681880802803401
3.5074674616655255
2.625814583693911
3.2516291673878226
3.182005814760214
2.221251836004466
2.4613201402110083
2.606238928653389
3.887291640288964
3.4992275417233563
3.642434649464805
2.789898095464287
2.9852281360342525
3.8966251710544886
2.873140679513133
2.66122625626979
3.3908054820769813
3.807435906459381
3.7254805569978675
3.642371448743902
3.7197394337704703
3.5071273521802224
2.688721875540867
3.599581230646064
2.8553885422075336
3.583616975397233
3.0656415586658095
3.3248629576173574
3.8665820189450377
3.556440120111879
1.584962500721156
3.603856189774724
3.8443845322359156
3.366091329119192
3.4387218755408675
3.2927701939369904
3.9795769833761017
3.077819531114783
3.9405674706085665
3.3787834934861767
1.5
4.033875758150566
0.0
3.6589113212980844
3.4685766296878655
2.8221819586428727
3.4153002335325406
1.584962500721156
3.2639334294856344
3.146286370662105
4.020122960058874
2.8731406795131336
3.32323142879762
3.4992275471326932
2.8553885422075336
3.3908054820769813
3.8492239123906256
3.681880802803402
3.7622673906514943
3.349275070710713
3.5219280948873624
3.084962500721156
3.084962500721156
3.189898095464287
3.188721875540867
3.2516291673878226
3.75
3.4565647621309536
3.334209459448049
3.71401215437137
3.286629486786195
3.8819977029226185
3.4072682296173897
3.1945884966423406
3.219528282299548
3.9647691116936716
3.378783493486176
4.085606546805272
0.0
3.8252517372886503
3.58640143630342
3.0761031709967215
3.719658289928745
3.0168756957665637
4.079114588671671
2.9852281360342516
2.751629167387823
3.815124788974779
3.363286923996055
3.202819531114783
3.3660913291191914
1.0408520829727552
3.728502115742625
4.0113897188567575
3.3868421881310113
3.0220552088742
3.7898980954642876
2.0
1.9603743317247249
3.182005814760214
3.182005814760214
3.8470851333950873
1.188721875540867
3.5351745656359026
3.534219021180341
3.6143694458867563
3.3144093452479404
3.0634651896016463
3.1018812234760182
3.5616073922012146
3.5736606896881855
3.407761238355061
3.0269868333592873
3.558518613048906
3.6464393446710153
2.8150724101159437
2.855388542207534
3.6234651896016463
2.5220552088742
3.6163485660751635
3.373557262275185
3.180832987205441
3.084962500721156
3.4316235658474303
3.414441303694973
3.180832987205441
3.180832987205441
3.5160276412662297
3.6074753914554893
3.6375375112660517
3.7321588913645685
3.108694969562842
3.7081320646586016
3.4898227820087553
3.9279100202366646
2.98345859334435
3.234697002530877
3.754920459409159
3.501952761720621
0.0
3.1395722619867223
3.243074189428569
3.2927701939369904
3.30827083453526
3.6914280318460246
2.7773627950641693
3.6457219690598275
3.7606205443099605
2.9511430177077878
3.452819531114783
2.8553885422075336
3.2516291673878226
2.688721875540867
3.5068905956085183
3.0269868333592873
3.745406425938248
3.625
3.910813622394219
1.0
3.9658660107511743
3.681459423040152
0.0
3.37639561516815
3.671348971886049
3.7024715122197467
3.8459603799570807
3.403989446485262
3.8421092253954887
1.0
3.16823289333881
2.4137995646056805
2.3016094970590273
3.7692089771537782
2.7192945256669794
3.837948040623007
3.853560406952654
3.525679385962487
2.179945131143149
3.3927474104487847
3.084962500721156
3.8898227820087548
3.9696073391174043
2.8553885422075336
3.76334248827185
3.332095398660169
2.872905595320056
1.5739889616503064
2.660129752633257
2.873140679513133
3.2527152789797045
3.7192945256669785
3.337175341123077
3.189898095464287
3.690116517593666
3.5883543471732335
3.381580488309164
2.8553885422075336
3.506890595608518
3.2516291673878226
3.7983512260625822
3.0269868333592873
3.463280517810811
3.2203372407945308
3.5530900835303267
3.4992275471326932
3.534219021180341
3.6464393446710153
3.386266142526533
3.327819531114783
3.521640636343319
3.182005814760214
3.51602764126623
3.463280517810811
3.93376110767885
3.7933220966862184
3.0269868333592873
3.7739825024522204
2.5
3.942341780282283
3.913044694251358
3.852676197426378
4.060540359473555
0.9182958340544896
2.8150724101159437
1.5589385323502774
0.6685644431995964
1.0
2.0597783175211304
2.234163638220772
2.327252618141332
2.3181987848261887
3.4474015047059146
3.4474015047059146
2.8522170014624826
3.592702924553191
4.05756251960883
4.0050635535766075
3.446439344671015
3.5068905956085183
3.863100428563434
2.9312089489103235
3.5
3.824862957617358
0.0
3.60743550218997
3.7314228403952368
2.9312089489103235
4.042020329292729
3.799065129780165
3.2195282822995477
3.8082708345352594
3.457867131472585
3.7277628437099706
2.8638263900908156
3.3868421881310113
3.3232314287976203
3.5908201005000877
3.039148671903071
3.556656707462823
2.9450386975402445
3.468576629687865
0.9182958340544896
3.2359263506290334
3.46328051781081
2.789898095464287
3.4695443569727304
3.0849625007211556
3.177566232096525
3.8833374604210067
3.085055102756477
4.015319531114783
3.6309027722082283
3.1555650133297184
2.48345859334435
3.6841837197791887
3.238901256602631
2.774397470347699
3.708767963940176
3.584183719779189
3.8360819078152044
3.4961036972432766
3.5944656369614516
3.0565647621309537
3.501693812988762
3.9963331074505217
3.8395317373613156
3.8382187509411336
3.3969841806735968
2.8553885422075336
3.2195282822995477
3.5878587982995085
3.3564924137968233
3.7089660826946225
3.378783493486176
3.7897170014624826
3.7216117239699003
3.7983512260625822
3.605388542207534
3.6168746059562227
3.5647351787255053
1.3520301017579528
3.136863709607318
3.763646770676926
3.775475847209144
3.232101804845413
3.523082504690092
3.923676471269732
3.480083695187448
2.0
3.6793951065171866
3.7442035683118124
3.0269868333592873
3.7004397181410917
3.0220552088742005
2.931208948910323
3.039148671903071
3.260828171224455
3.09306920777189
2.9559130951758243
3.8087196973440705
3.8150724101159423
3.3450739957852544
3.6673146153696132
3.629562649406877
3.433269689515108
3.4182958340544896
3.32323142879762
2.8731406795131336
3.509275070710713
3.5585186130489057
2.8073549220576046
3.1068905956085184
3.3082708345352603
3.077819531114783
3.452819531114783
2.9852281360342516
3.127986806877675
3.414441303694973
2.835237745312118
2.8662478973127308
2.8423709931771093
3.0220552088742005
1.7233083338141042
1.573402452417767
3.6437763910523584
3.8550263153051287
3.139572261986723
3.3735572622751855
3.73215889136457
3.384183719779189
3.6635327548042547
3.182005814760214
3.182005814760214
3.811460547566394
3.520512835516972
4.020661613460147
3.7192945256669785
3.239079570624174
2.931208948910323
3.2232715659654496
2.610577243331642
3.692169689069452
3.1279868068776753
3.414441303694973
1.0
4.03740119765411
3.056564762130954
2.8553885422075336
3.084962500721156
3.219528282299548
3.2516291673878226
3.5766176449086653
2.918295834054489
3.5766176449086653
3.3927474104487847
2.918295834054489
3.7159321855150296
3.4266160458809476
3.3248629576173565
3.384183719779189
2.923231428797621
3.6326809567934992
3.4332696895151082
3.8649780123799276
3.7534343861887844
3.7447850008445385
4.005010908417918
3.0269868333592873
2.5220552088742005
3.3908054820769813
2.8150724101159437
3.30827083453526
2.4236479824533514
3.9200335496559915
4.013514701969307
3.570782286537524
1.0
3.5337712560645564
2.8582783084180448
3.53641423712223
3.350209029099897
3.5970851333950877
3.8043344609220293
3.128085278891395
3.039148671903071
3.1751231351134614
3.9651533651611732
3.79595859334435
2.3071885761626687
2.3360253406140252
2.3329145639793976
1.4166856206042056
1.0389205950315936
1.5628066316931741
0.5665095065529053
3.8731814730339087
3.403989446485262
3.0220552088742
3.3320953986601696
3.5035391228040242
3.215841172683753
3.6679150731341212
3.6314018453921713
3.2639334294856344
3.499227541723357
3.238901256602631
2.7045348998193433
3.7950885863977324
3.4387218755408675
2.8553885422075336
3.7510307038727513
3.391892644680931
3.703559323951357
3.4713544870139286
3.2516291673878226
3.2390979179887864
3.192380602454975
3.7431630849593502
3.6635327548042533
3.016875695766564
3.337175341123077
3.9525940437756195
3.647869792568111
3.689703732199547
3.5160276412662297
3.651285155246281
3.5724312513221195
3.4058222502856896
2.827819531114783
3.0269868333592873
3.463280517810811
3.594087996100047
2.950212064914747
3.1280852788913944
2.751629167387823
3.34399802132579
3.0130709291038453
2.8731406795131336
3.6729055953200556
3.8365916681089787
3.1556390622295662
3.7483286603655737
3.418295834054489
3.3927474104487847
2.4416298737872246
3.36030597770208
3.9047316857434797
3.0269868333592873
3.230396411099389
3.6659573209491745
4.116868585642403
3.9580595428376286
3.888600766726142
3.9187671050561175
3.45852501923415
3.8995037073113346
3.2733494559629497
2.952819531114783
3.434931382138819
0.8112781244591328
3.732158891364569
3.2516291673878226
3.2516291673878226
3.25
3.0269868333592873
3.6168746059562227
3.4632805178108104
3.481714572986073
3.2639334294856344
3.189898095464287
3.0849625007211556
3.4992275417233563
3.725480556997868
3.922545198269893
3.0269868333592873
3.349692968957871
3.8980685120588383
3.319773835029478
3.238901256602631
2.8899168453199877
3.0269868333592873
3.4548223999466066
3.0062389286533895
3.32323142879762
3.1018812234760182
3.084962500721156
3.016875695766564
4.0048022841106405
2.8423709931771093
3.741155855638065
3.419381945646371
3.843856189774723
4.220897259239467
3.727809808084155
3.6732956427813725
0.9182958340544896
3.677803785546326
3.6427741506984646
3.3927474104487847
3.841364989319454
2.98345859334435
3.1845608142862893
2.725480556997868
1.584962500721156
3.189898095464287
3.084962500721156
3.0220552088742005
2.0
3.5220552088742005
3.238901256602631
3.039148671903071
3.238901256602631
2.584962500721156
3.0269868333592873
0.747584679824574
3.135821824148036
3.9949304275450053
3.381580488309164
3.155565013329719
3.4992275471326932
3.621928094887362
3.403989446485262
3.2368489059491363
3.800770162347772
3.240223928941852
3.6233394655083666
3.881227004301479
3.5227119556807582
3.1307179879273748
2.789898095464287
3.4316235658474294
1.0
3.5814447879326106
3.9279647123134964
3.8586949695628414
3.7806390622295662
3.8716535224393334
3.9601985726423217
3.2516291673878226
4.071384608810276
2.918295834054489
3.5424812503605785
3.327819531114783
2.918295834054489
2.9182958340544896
3.2516291673878226
1.9749375012019268
2.1619781796795534
2.4662478973127313
2.0989295636909353
2.396310424640968
2.355388542207534
2.038159681645953
2.815922063835166
2.751629167387823
1.7295739585136223
1.1660870601063933
3.6595365985012456
3.1279868068776753
3.1009166856947723
2.5220552088742005
3.189898095464287
3.0860486123130375
3.787143960698138
3.572469458770136
3.621175542919471
3.2359263506290334
3.085055102756477
2.7773627950641693
0.5907239186406502
3.7201755214643453
2.6887218755408666
2.1960313986910935
3.202819531114783
3.5843740301165767
3.4413322335296606
3.300559092390953
2.6612262562697895
3.1556390622295662
3.8654633039469646
1.0
3.621928094887362
1.0408520829727552
3.125
3.0269868333592873
3.9772316070383704
3.707783968332438
3.3680424225727155
3.0220552088742005
3.7635585991342366
3.935546689086911
3.182005814760214
2.950212064914748
3.760250246633719
3.6235087968145354
3.6158175946759337
3.5330516047849017
3.1746742319786416
3.3371753411230776
3.3816201079487347
3.546593564294939
3.0269868333592873
2.6258145836939115
3.2516291673878226
3.6732696895151076
2.9852281360342525
3.6959472263874704
2.7329145639793975
3.4477426785812737
3.5132696895151074
3.238901256602631
2.8553885422075336
1.6742939480062113
3.8301826981560265
3.5068905956085183
3.5535088547976788
3.6729972717965285
3.392147223664534
3.594905461227893
2.8553885422075336
3.5836169753972325
3.509275070710713
3.419381945646371
3.4992275417233567
3.618515200684084
3.189898095464287
3.995631093350493
3.861983513035609
3.89430422026193
3.7287738137136777
3.653756708287001
3.7043029317756164
1.0
3.6136085007312415
3.8477426785812736
3.95127238011291
3.546439344671015
2.918295834054489
3.226730915057127
3.4138338639736006
3.3232314287976203
1.1595547523787308
3.0849625007211556
4.007767709969387
3.9260498815361093
1.584962500721156
3.006238928653389
2.9182958340544896
3.32323142879762
3.0269868333592873
3.588354347173234
3.2359263506290334
2.918295834054489
3.0220552088742005
3.106890595608519
3.334679141051595
3.944013370474404
3.5708265958156886
3.697845823084411
3.3248629576173574
3.6168746059562227
3.7819689845675906
3.5928705166358985
2.696199049814856
3.1164085657700444
3.5068905956085183
3.6643235194957304
4.043765198527235
4.191945417430291
3.0269868333592873
3.6168746059562227
3.4713544870139286
2.8553885422075336
4.012967325898433
2.8453509366224368
2.913977073182752
3.202819531114783
3.286629486786195
2.6464393446710153
2.0
2.8073549220576046
4.0907604999710285
3.5738085129044896
3.9606327203902905
4.046471946805395
0.0
3.6810524963627587
3.0269868333592873
3.3787834934861767
3.0269868333592873
3.606936732175321
3.9364884760311325
3.9054093155295013
3.79997938504983
2.66122625626979
4.131023376544249
3.0269868333592873
4.124276652886639
3.8892599726880652
4.026750741451607
3.908877036242434
3.9927087708004674
4.148847061959826
2.688721875540867
2.8073549220576037
3.8984990378748865
3.9328743603470446
3.8945619211272393
3.928212945841001
2.0
3.8650664225842415
3.552584246172162
3.6553362295323457
3.0269868333592873
3.0957952550009344
3.484183719779189
3.1555650133297184
3.795437620159956
3.077819531114783
3.180832987205441
3.188721875540867
3.1556390622295662
3.0849625007211556
3.169925001442312
3.454822399946607
3.681880802803402
3.53257325750262
3.0269868333592873
3.4357554339416274
3.238901256602631
3.327819531114783
3.735926350629033
3.446439344671015
3.553763114472245
3.3927474104487847
2.8150724101159437
3.5726236638951634
3.41041725276052
3.368522527728206
3.471354487013929
3.182005814760214
3.2195282822995477
3.509275070710713
3.09306920777189
3.189898095464287
3.3660913291191923
3.2359263506290334
3.0269868333592873
3.3221793455166666
2.8553885422075336
3.039148671903071
2.6612262562697895
3.188721875540867
3.3446983751597124
3.577819531114783
4.0054597245100325
3.2516291673878226
3.084962500721156
3.6640198022265573
3.5701752191294
0.8166890883150209
0.9798687566511528
3.327819531114783
3.0849625007211556
3.886587923287753
3.501397825434103
3.6536606896881847
4.094045825436949
4.057339610754022
3.189898095464288
3.9905486146568747
3.92880260927073
3.59448250651942
3.1053885422075345
3.5664280318460246
3.952481006802994
3.4400701165495122
3.9027735760502384
3.6887218755408675
4.072804871472636
2.840223928941852
2.931208948910323
3.70133821877992
3.5568645578905813
3.4992275471326932
3.8275671571169276
3.527322799209288
2.8453509366224368
3.9229985586135525
3.900153016697712
1.584962500721156
3.6335059949783677
3.782122224145306
3.401210641914682
3.378783493486176
3.644399142779292
3.791135067438109
3.7852434116632736
3.5408611301011645
3.7577826971858346
3.887997327690612
2.967064753975466
3.240415529881632
4.034839217469795
3.786454322982772
2.8974076197009206
3.039148671903071
1.0
3.9938038618967613
2.2841591278514217
3.308694969562842
4.103469400964228
3.684183719779189
3.763558599134237
2.9735572622751847
3.8701395695159424
3.454986855772667
2.942683189255492
3.9021314490010583
1.515789584174682
1.2776134368191154
1.7732143550933817
1.9182958340544893
0.7793498372920851
3.9129471514331904
3.943879314367565
3.6097364248849875
3.1182751607709753
3.6798400952234056
3.486793634279469
3.7797808812646645
3.8353719141793747
3.785834086206479
3.7675790960379305
3.766792580765644
2.7192945256669794
3.8065143727864195
3.8015460865772224
3.8135921332931875
3.1959472263874704
3.822430109092709
3.0030741894285695
3.6675876031689865
3.9662727397931996
3.5051093258636477
3.7089162147672288
2.9312089489103235
2.886842188131012
3.77403627212177
3.276454509869113
3.7200974318761877
3.837319739916597
3.2240472714981188
3.5587515856193934
3.9351046653901656
4.126144547164524
3.935106557290755
2.94770277922009
2.0
3.182005814760214
3.4594911601991525
3.09306920777189
3.125
2.6235166412180155
3.2516291673878226
2.8553885422075336
3.0850551027564768
3.3273399000835084
3.1077516472406157
3.1068905956085184
3.9757036226088265
3.2398947777165885
4.130072196515089
3.4039894464852614
2.9182958340544896
2.7806390622295662
3.0269868333592873
3.170134892428194
2.9708400131019848
3.6835423624332306
3.7865221495303643
3.5073801024236353
3.323231428797621
3.3287951420674813
3.5385098742141103
3.6178096843744547
3.202819531114783
3.5736606896881855
4.0033761057025385
3.521640636343319
3.41041725276052
4.010881379939832
3.456564762130953
3.1414460711655217
3.614369445886757
3.938073894737866
2.0
4.057476076289931
3.4548223999466066
2.8962915290459277
3.084962500721156
3.375
3.188721875540867
4.03130869804984
3.188721875540867
3.1556390622295662
3.574357762129128
2.4137995646056805
2.7534343861887853
3.106890595608518
2.4591479170272446
3.0220552088742
3.2516291673878226
3.765405955160466
3.6395982887330343
3.6898079871327485
3.085055102756477
3.287866277236508
3.7166308917868656
3.2195282822995477
4.056054210413333
3.0385623360756298
1.207518749639422
1.2433003685389579
1.5058762556041068
3.6339740759971577
3.09306920777189
3.536886723742166
3.630985019785137
3.180832987205441
3.906890595608518
3.736286231168866
2.952819531114783
3.319079570624175
3.182005814760214
3.7024715122197467
1.591972794985673
0.9463729359854419
3.6086949695628414
2.8553885422075336
2.8962915290459277
3.373557262275185
3.188721875540867
3.452819531114783
3.4992275471326932
3.7754522173662757
3.182005814760214
3.715932185515029
3.0269868333592873
3.051601636871704
3.4144413036949723
3.085055102756477
3.238901256602631
3.551595655674384
3.0269868333592873
2.739572261986723
3.7887549139935026
3.006238928653389
2.751629167387823
3.725650756112093
3.6133373140453067
3.2516291673878226
3.2516291673878226
3.1556390622295662
3.373557262275185
2.8731406795131336
3.488525294897748
3.679985565859236
2.8150724101159437
3.621175542919471
2.5220552088742005
4.000114029315204
3.1496734471867414
3.1416192081839784
3.8360819078152044
3.180832987205441
3.2608281712244547
3.6619328723735824
2.931208948910323
3.846821531058703
4.0145197831815125
3.8820451081368628
3.5035391228040247
3.5316788180622902
3.9534835090895415
3.09306920777189
3.0269868333592873
3.968889376480633
3.6692750707107127
3.572431251322119
2.584962500721156
3.327819531114783
3.239097917988786
2.4772170014624826
3.2437357573361987
3.0269868333592873
3.3927474104487847
3.7814105324174987
3.1464393446710153
3.624379701651112
3.715493449274706
3.836290132118578
4.155898408377504
3.998586767368804
2.0
1.9086126988727123
2.141787664262568
2.0307694628758397
2.551911649107129
2.434874569014525
2.792481250360578
2.45191190610997
2.4502552626961838
2.519641379881064
2.394907267801244
2.7740734418232007
1.5485806065228545
3.084962500721156
3.0269868333592873
2.199687794731328
3.8145873631004172
3.176110251517254
3.659536598501246
3.469544356972731
4.0367437654495175
0.0
2.8150724101159437
3.0269868333592873
2.8553885422075336
3.2516291673878226
3.039148671903071
2.584962500721156
3.498068512058838
2.8553885422075336
3.3908054820769813
2.8553885422075336
3.521640636343319
3.418295834054489
1.4411535278793055
3.779528989293003
3.577297422512953
4.020755309228459
3.663532754804254
2.835237745312118
4.001727857559624
3.0306390622295662
3.9567464012721185
3.418295834054489
3.772055208874201
3.454822399946607
3.4641534765420032
3.817297284430925
2.873140679513133
3.413088436425757
3.189898095464287
3.605388542207534
3.6339740759971577
3.6292196865240967
3.4399364703978073
3.6163485660751635
2.8553885422075336
3.9578525390977015
1.207518749639422
3.4548223999466066
3.180832987205441
3.085055102756477
3.251629167387823
3.506890595608518
3.820888851350188
3.7673757978160416
2.8423709931771093
3.337175341123077
0.9000224216483541
2.5220552088742005
2.0419460322060456
2.1800365325772657
1.822815600352516
2.5220552088742
0.9676289320199485
3.3800943362833307
3.708132064658602
3.25
3.510086003110254
3.604031754555149
3.0849625007211556
0.7345299214394703
3.2402239289418517
3.366091329119192
2.852217001462482
3.5100860031102536
3.2195282822995477
3.8114605475663934
3.7647351787255046
3.169372148594611
3.8306021151458065
3.0220552088742
3.169925001442312
3.5421176810056703
3.4713544870139286
3.9864391208937797
3.0220552088742
2.8553885422075336
3.521640636343319
2.8553885422075336
2.6644977792004614
3.1898980954642875
3.180832987205441
2.7773627950641693
3.25
2.873140679513133
3.4316235658474303
2.6635327548042547
3.2608281712244547
2.8731406795131336
2.8073549220576037
3.219528282299548
3.106890595608519
3.640223928941851
2.6887218755408666
3.139572261986723
3.630985019785137
3.219528282299548
3.334679141051595
3.2516291673878226
3.2402239289418526
3.4548223999466066
1.0389205950315936
3.084962500721156
2.7898980954642876
3.7858673024119973
2.8731406795131336
3.7050540796780407
2.321928094887362
3.3248629576173565
3.3855130303998813
3.2810361125534233
3.9056390622295662
3.003701696057348
3.7216117239699003
2.9852281360342516
3.5731487943488665
3.5544425746945727
3.738286317074398
3.675116166696448
3.6168746059562227
3.4992275471326932
4.080471076767665
1.584962500721156
3.452819531114783
1.9473387961875537
3.2402239289418513
2.7395722619867224
2.840223928941852
3.577819531114783
3.5599000019230838
1.2577148214953864
3.3787834934861767
3.3908054820769817
3.696750708451978
2.7534343861887853
3.2639334294856344
3.7395722619867224
3.8995024009921573
3.286629486786195
2.5220552088742005
3.4316235658474294
3.086048612313038
3.3816201079487347
3.9575350906277285
4.040502853913659
4.070026393977752
3.299896391167891
4.111889250056877
2.0
3.8940145435576827
3.7266988631353013
3.9136568829268237
3.546593564294938
3.202819531114783
3.1495660886620658
3.7736843762620222
3.946039829247813
0.9182958340544896
3.43162356584743
3.533051604784901
3.0441104177484006
2.8974076197009206
2.9852281360342516
3.856676956759446
3.7636467706769263
0.7732283485249176
2.6535442970305683
3.0220552088742
3.5724312513221195
4.023768466918744
1.584962500721156
3.6688652259765395
4.178744445580968
1.5
3.625
3.6375375112660517
3.9127084623659445
3.479079570624174
3.6244141752138224
3.850209029099897
3.630412660873998
3.09306920777189
0.8112781244591328
3.6300623580780274
3.188721875540867
2.8553885422075336
2.3158243335257076
2.950212064914747
3.2732696895151077
3.1279868068776753
3.5739348962840563
3.368042422572715
3.378783493486176
3.5280643115840493
2.8553885422075336
3.745406425938248
2.931208948910323
2.8423709931771093
2.7068905956085185
3.1898980954642866
3.327819531114783
2.840223928941852
3.0
3.4464393446710155
3.084962500721156
1.543751954420502
2.688721875540867
3.0841837197791886
3.238901256602631
3.4072682296173897
2.9312089489103235
3.2516291673878226
3.5137847242254345
3.641249800455479
3.530493056757482
3.942438726128142
1.2389012566026305
3.584962500721156
3.640223928941851
3.8077635764171944
3.2516291673878226
3.627763553007399
3.7254805569978675
3.7198523585646037
4.116076731283934
4.077473287911916
3.934082423124092
1.5
2.7272170014624826
3.3787834934861767
3.378783493486176
3.7821222241453065
3.4817145729860726
3.7806390622295667
3.703465189601647
3.695020634116611
3.558487290632109
3.138461673453999
3.213513256009071
3.365347107294938
0.9182958340544896
1.0408520829727552
4.135828751666987
3.4578671314725846
3.5
3.841299391160183
3.8431390622295662
3.238901256602631
3.9279361183501917
3.7582890779432674
3.0850551027564768
1.0408520829727552
3.383272672738775
3.750063309494035
3.495918839641985
3.016875695766564
2.591322384930189
2.9852281360342516
3.5068905956085183
3.3927474104487847
3.2516291673878226
3.3927474104487847
3.4435137534498526
3.9522039293264695
3.5585186130489057
3.6887218755408675
4.23477472746692
1.584962500721156
2.033700029622102
3.657868096041212
3.182005814760214
2.8553885422075336
3.3735572622751855
3.4713544870139277
3.180832987205441
3.101881223476018
3.3927474104487847
3.3927474104487847
3.084962500721156
3.013070929103845
3.0220552088742
2.918295834054489
3.6537567082870006
3.5841837197791886
3.3735572622751855
1.573402452417767
1.2475562489182659
2.7216227854342443
1.8751310486364097
2.0191534613250357
1.5216406363433184
2.0989295636909353
2.108493070364559
1.9852281360342514
2.1556390622295662
2.0
3.8553885422075345
2.873140679513133
3.734521664779752
3.431623565847431
3.0269868333592873
3.084962500721156
2.840223928941852
3.238901256602631
3.25
3.337175341123077
3.521928094887362
3.238901256602631
3.3232314287976203
2.9689185639620974
3.7544418457133446
4.008694969562842
3.958229168669879
3.6412498004554785
3.7639657428240816
3.238901256602631
3.418295834054489
3.0850551027564768
3.521640636343319
3.43162356584743
3.653756708287001
3.4567475629608078
3.602078406900581
3.2953710165710888
3.572469458770136
3.6168746059562227
3.4992275471326932
3.200910279509528
3.031116172456019
2.9689185639620974
3.378783493486176
3.3660913291191914
2.7534343861887853
3.4292750707107125
3.593269689515108
3.6798416196662824
3.9668113311783957
3.5685710988938517
3.938828112632245
2.9056390622295662
3.419250912838829
3.375
3.939159663158893
2.8553885422075336
3.3260211012310954
3.809397528383803
4.07542802494758
3.739206798770101
3.666224121421451
3.7685547780590207
3.493660689688185
3.5814447879326106
3.6452830147930797
3.534219021180341
1.1401156785146092
1.2806721295208872
3.09306920777189
3.315977716456259
3.6163485660751635
3.5068905956085183
3.5724312513221195
3.10845859334435
3.8423709931771084
2.9056390622295662
2.8553885422075336
2.2841591278514217
3.2402239289418517
3.6542637259970228
3.9134007456613773
2.923231428797621
3.411602217974671
3.1841837197791887
3.7843684875968613
3.2516291673878226
3.5160276412662297
3.337175341123077
3.7189532820450215
3.375
3.7539280318460246
3.5944656369614525
3.7534343861887853
3.7034651896016464
3.73215889136457
3.8684539577019215
2.251629167387823
1.8919954870390203
1.870253816431622
2.084962500721156
2.0989295636909353
2.263809173883546
2.406666316740689
2.4275019499768535
1.822815600352516
1.863120568566631
1.8423709931771088
2.1824562508413488
3.188721875540867
3.9917292966721747
3.080500530640267
3.5929555588543405
0.9182958340544896
3.9163493513868817
3.2516291673878226
1.0
3.5175594295963433
3.732988757977851
3.5368867237421666
3.965077584342486
2.0
3.6254566878924495
1.584962500721156
3.08232813685843
2.9559130951758243
3.546439344671015
3.25
3.189898095464287
2.973557262275185
3.5383105956150054
3.3758145836939115
3.202819531114783
3.0849625007211556
3.2359263506290334
3.8924071185928755
3.0269868333592873
3.3921472236645345
4.0775671571169285
1.0
2.7516291673878226
3.7865221495303643
2.6535442970305683
3.754915043417642
3.8431390622295662
3.6094963344256965
3.4464393446710155
3.3758145836939115
3.3921472236645345
3.323231428797621
3.8788190272588485
3.641543445405335
3.6959472263874695
4.097585130678667
3.2158411726837524
2.7516291673878226
3.689703732199547
3.0850551027564768
3.128085278891395
3.175123135113461
3.3735572622751846
3.9610614544134912
3.085055102756477
4.069528555058955
2.8731406795131336
4.118198830865045
1.584962500721156
3.8591931736496754
4.17606511223661
1.9219280948873623
4.109028550752546
4.008152622326086
4.13227971955952
1.584962500721156
2.8150724101159437
3.378783493486176
3.2516291673878226
3.569773835029478
3.085055102756477
3.3248629576173574
3.238901256602631
3.572469458770136
2.913977073182752
2.950212064914748
3.448884070537635
2.8553885422075336
3.188721875540867
3.238901256602631
3.039148671903071
3.0849625007211565
2.8553885422075336
2.71929452566698
1.7947367178034825
2.8423709931771093
3.175123135113461
0.6500224216483541
1.198183947911799
1.2192407046368487
2.8522170014624826
3.0850551027564768
3.5110854081804264
3.051601636871704
3.9292292966721747
3.956995287947002
3.982747700017353
3.4613201402110083
3.039148671903071
3.5342190211803413
3.5068665431825226
3.7740154307302873
3.847434988263511
1.584962500721156
2.521640636343318
3.8239348962840563
1.6258145836939115
3.1556390622295662
3.5068905956085183
3.039148671903071
3.1496734471867414
3.481714572986073
3.5585186130489057
3.403989446485262
3.9033880462692694
3.6304126608739975
2.7516291673878226
3.039148671903071
0.9933927290103626
1.5693078231812962
3.986118303843944
3.7725738836114346
3.9961985587491657
3.0220552088742
2.9852281360342516
3.6163485660751635
3.5032583347756456
3.039148671903071
3.4906015629507228
2.929546297898866
3.3487570080449465
2.610577243331642
3.5261298155959175
3.676440908696869
4.0110578421162
3.442708405588672
3.349965423573798
3.127986806877675
3.8288329869946245
4.0765758050457315
3.5220552088742005
3.5465935642949384
3.640223928941851
3.7081320646586016
3.327819531114783
3.2516291673878226
3.452819531114783
0.0
3.5219280948873624
3.418295834054489
2.9182958340544896
3.824862957617356
1.145235779471061
2.5226203095310216
3.5383105956150054
3.182005814760214
3.512188403968661
3.7322847225330142
4.0807355324338825
2.9339545780481746
3.106890595608519
2.950212064914747
3.621175542919471
3.077819531114783
3.1898980954642875
3.7811470208191236
3.676440908696869
3.5928705166358985
3.4676694465277857
3.75
3.238901256602631
3.0269868333592873
3.7773627950641684
3.182005814760214
3.381580488309164
2.2359263506290326
3.9585443791877313
3.8484226636198593
3.7931102325604864
3.860379370831397
3.9030559073332753
3.7034651896016464
4.046580655376751
3.4841837197791885
3.767183467891461
3.802910079649727
3.616348566075164
3.8349625007211565
3.8441065448145375
3.7483286603655737
3.7832458813398415
3.182005814760214
3.9790978911348036
2.952819531114783
3.238901256602631
2.918295834054489
3.874844994024245
3.564735178725505
3.4058222502856896
3.85586569475248
3.4567475629608073
3.2195282822995477
4.077715447225513
3.2516291673878226
4.085963199759725
3.3777471629109446
4.019855557758915
3.681727678869736
3.0
3.6933452188924916
3.7381493331928657
3.202819531114783
2.8962915290459286
3.0588138903312014
2.6657769146135104
2.2609768596329824
3.039148671903072
3.0602390122344425
1.5306189948485172
1.9709505944546686
1.0
3.8796640049025934
3.6729055953200564
3.521640636343319
3.238901256602631
4.201380758585423
3.521928094887362
3.106890595608518
2.931208948910323
3.862477551798035
3.2466342381206568
3.2610439833372844
3.1068905956085184
3.9189337705717238
3.0220552088742
3.378783493486176
2.7773627950641693
0.7732283485249176
0.8166890883150209
3.8336582000231596
3.67882010626266
4.085882914624721
3.2359263506290334
2.827819531114783
3.7123190911867083
3.6143694458867563
3.327819531114783
3.0220552088742
3.039148671903071
3.202819531114783
3.3688840705376353
3.337175341123077
3.7004397181410926
4.046056007056473
3.73185783960038
3.673269689515108
2.9035130461074465
3.629806767182345
3.639684178832784
3.6959826160741334
3.238901256602631
3.4182958340544896
2.6535442970305683
0.8166890883150209
1.207518749639422
3.4841837197791885
1.675143246409987
2.0922718656836103
2.2062389286533897
2.5220552088742005
3.346439344671015
3.6572682296173897
3.0220552088742
3.41041725276052
2.7773627950641697
3.09306920777189
3.43162356584743
3.7201755214643453
3.3371753411230776
3.5225715891363594
3.5724312513221195
3.6887218755408675
3.4316235658474303
3.1898980954642875
3.238901256602631
3.189898095464287
3.3263604079526927
3.6168746059562227
3.481714572986073
2.7777768114567865
3.827914616255573
3.6143694458867563
3.8731406795131322
3.09306920777189
3.378783493486176
3.558518613048906
3.689703732199547
3.3248629576173574
3.810081020521731
3.3735572622751846
3.6335059949783672
3.829986855772667
3.7254805569978675
3.1556390622295662
3.6354309073173963
3.2516291673878226
4.144413829577611
0.0
2.8729055953200557
3.5842119038246643
3.957306092419714
2.807354922057604
3.7080933915774974
3.2810361125534233
3.5883543471732335
1.584962500721156
3.4992275471326932
4.030493056757482
3.6841837197791887
3.742589501851919
3.8136606896881853
3.4817145729860726
3.6841837197791887
3.8920576710942836
3.584303179346712
3.690260390968384
3.8652855683382192
3.690260390968384
3.403107168362811
3.334209459448049
3.337175341123077
2.9182958340544896
0.0
3.2680488287579594
2.5849625007211565
2.5654483718208256
4.017857885835364
3.698305336235498
3.7806390622295662
3.4613201402110083
2.7272170014624826
3.7178504651264324
3.5039824091702343
2.9689185639620974
3.740154462285571
3.40582225028569
2.851227480952956
3.3177751506062116
3.0269868333592873
2.688721875540867
3.6563803804727697
3.5956699868317625
3.633000831157993
2.822579761842491
3.2368573034220733
3.9431168022160006
3.0220552088742
3.576617644908665
3.546593564294939
3.0220552088742
2.7773627950641697
3.2516291673878226
3.202819531114783
3.4701755214643453
3.3346791410515944
2.8073549220576046
3.6682958340544896
3.454822399946607
3.5304930567574826
1.650022421648354
2.8150724101159437
3.659536598501246
3.5739348962840563
3.0220552088742005
3.239097917988786
3.776256532842951
3.323934896284056
2.5420573336406824
2.752481370113981
1.584962500721156
3.0998755537622285
2.851701393794366
2.5654483718208256
2.4056390622295662
3.2516291673878226
3.337175341123077
3.8732358263763285
4.1232336645977625
2.918295834054489
3.499227547132693
3.3371753411230776
3.819114154689793
3.0269868333592873
3.4632805178108104
3.739815461015533
3.691994407749645
3.6037660925680455
3.238901256602631
3.617861029749889
3.899542333772522
2.918295834054489
3.2516291673878226
3.085055102756477
3.3087513512471665
3.994429141101805
3.446439344671015
3.708132064658602
3.630985019785137
3.4812031259014447
3.567040216926579
1.9219280948873623
4.0543754696863825
3.5566567074628233
3.6234651896016463
3.1556390622295662
3.2359263506290334
3.464578373902383
3.2516291673878226
3.5942010785101344
3.625
3.955311316634012
3.4620376832377557
3.9308247139601713
3.7024715122197467
3.3320953986601696
3.5898486648129992
3.7231879407504183
2.9689185639620974
2.725480556997868
1.584962500721156
3.480337797403416
3.794152906623399
3.3232314287976203
3.4585663756578335
3.934026932018077
3.9246253633843526
3.8336631211594367
3.5724312513221195
3.238901256602631
3.0220552088742
3.1898980954642875
3.337175341123077
3.0849625007211556
1.022420703848328
0.37123232664087563
3.056564762130954
3.0220552088742005
2.4137995646056805
3.6752174082884657
3.9134007456613773
3.418295834054489
3.125
3.605388542207534
3.2516291673878226
3.9779852678469205
3.6211755429194716
3.077819531114783
3.2195282822995472
3.421928094887362
2.8553885422075336
3.2610439833372844
3.2639334294856344
3.9139770731827515
3.327819531114783
3.373557262275185
3.3248629576173574
2.969389419529156
1.1451104143815827
3.1018812234760182
2.739572261986723
3.653756708287001
2.860320777833044
3.2414460711655217
3.558518613048906
3.189898095464287
3.5417435206018593
3.8013774524295485
3.6168746059562227
3.2359263506290334
3.188721875540867
3.238901256602631
3.521640636343319
3.5766176449086653
3.1395722619867223
3.456564762130954
3.378783493486176
3.4713544870139286
3.039148671903071
3.628160643938302
3.3082774773777084
1.7924812503605778
3.578852815882239
3.5488532934465553
3.141791380114953
2.0
3.6143694458867563
3.452819531114783
3.5219280948873624
3.576617644908665
3.1556390622295662
3.189898095464287
3.077819531114783
3.689703732199547
3.721928094887362
3.801131857013943
3.9444971166966623
3.9592235727568115
3.4777847249797347
3.366091329119191
3.5930692077718898
3.0957952550009344
2.866247897312731
2.8553885422075336
3.5724312513221195
3.7321588913645702
3.8614848545749316
3.8820451081368628
3.534219021180341
3.0565647621309537
3.2516291673878226
3.3680424225727155
3.292770193936991
3.6619328723735824
3.0062389286533895
3.0849625007211556
3.084962500721156
3.484684315278138
3.09306920777189
3.2359263506290334
3.6163485660751635
3.785979129983102
3.8667292966721747
3.4039894464852614
3.2402239289418526
3.084962500721156
3.4548223999466066
3.52257158913636
3.767183467891461
3.5724312513221195
3.3927474104487847
3.6435772625452394
3.202819531114783
3.5368867237421666
3.2402239289418517
3.375
3.6424896731661263
3.921029621737614
3.084962500721156
3.085055102756477
3.9199025797939586
3.619559270611367
3.238901256602631
3.446439344671015
3.9817112202360585
3.640223928941852
3.5535088547976783
3.3688840705376353
2.866247897312731
3.6168746059562227
3.950681315845286
4.037935103842074
1.0
4.072617836090307
2.0
3.3787834934861767
3.039148671903071
3.1556390622295662
2.918295834054489
3.698068512058838
3.292770193936991
2.721928094887362
1.584962500721156
3.182005814760214
3.2516291673878226
2.918295834054489
3.3927474104487847
3.536886723742166
3.625
3.2359263506290334
3.327819531114783
3.51602764126623
2.8553885422075336
3.106890595608519
2.8553885422075336
2.584962500721156
3.0565647621309537
3.2321018048454135
4.031849636551945
2.8402239289418527
3.3927474104487847
3.0574760762899316
3.647742678581274
3.7898980954642876
3.9081392737590455
3.106890595608519
3.773557262275185
2.8150724101159437
1.640223928941852
1.2987949406953985
0.951994081908783
1.573402452417767
3.952819531114783
3.327819531114783
3.503258334775645
2.7192945256669794
3.506890595608519
3.3735572622751846
3.6329616153745437
3.286629486786195
3.5502668851770927
3.12836354064889
3.4585250192341497
0.8166890883150209
3.2389012566026314
2.692380602454975
3.6836195126826494
2.999581230646064
3.51602764126623
3.8150039985359516
2.7272170014624826
3.566468890752879
3.2359263506290334
3.3564924137968233
4.061844101310204
3.848249906801916
3.9292144551992183
3.521640636343319
3.777107632211383
3.493660689688185
3.182005814760214
3.378783493486176
3.6835423624332306
3.5883543471732335
2.688721875540867
3.3921472236645345
3.084962500721156
3.6136085007312415
3.7483286603655737
2.792481250360578
3.056564762130954
3.6069367321753205
3.672905595320056
2.8729055953200566
3.1464393446710153
3.238901256602631
2.7773627950641693
3.7454064259382482
3.238901256602631
3.8997345490994046
3.6572682296173897
3.621928094887362
3.7622673906514947
3.511080496244278
3.4992275471326932
3.5726236638951634
3.584183719779188
3.337175341123077
3.51602764126623
3.521640636343319
3.5440979071061216
3.7744551302868965
1.6894822670191825
2.0898869908358315
1.584962500721156
3.427333493898264
2.9852281360342516
3.1820058147602133
4.0829239069768075
3.327819531114783
2.549787381523038
2.194550797197908
4.018056190153321
2.952819531114783
3.653660689688185
3.8368327958656425
3.731526196489424
3.5092750707107125
3.503258334775645
3.084962500721156
3.8561962982193805
3.2516291673878226
3.503258334775645
3.555533151426996
3.5739348962840563
3.6753108689123644
3.6841837197791887
3.5464393446710156
3.238901256602631
3.2359263506290326
3.7865221495303647
3.295357051617442
3.2810361125534233
2.6258145836939115
3.747439360470672
3.5048003829823355
3.7256507561120933
2.955868599998946
3.1751231351134614
3.2359263506290334
2.7192945256669794
3.6753108689123635
3.4841837197791885
3.3263604079526936
3.327819531114783
3.2516291673878226
3.8206945011626217
3.0849625007211556
3.471354487013929
3.5599000019230833
3.605388542207534
3.594465636961452
3.796217602590056
3.5585186130489057
3.9227467401706644
3.4316235658474303
3.128085278891395
3.688968181382679
3.820462349067279
3.5383105956150054
3.337175341123077
3.3248629576173574
2.9521016432404705
3.694656064572306
3.950987125440962
1.584962500721156
2.4508257945180882
3.1841837197791887
3.418295834054489
3.569773835029478
3.923365924534973
3.292770193936991
3.6635327548042547
3.767183467891461
1.175332288524994
3.1158340921632197
3.0062389286533895
3.9509745525187356
3.736006946447657
4.031377357218938
3.6325570401474234
4.030678954138622
2.2516291673878226
3.3248629576173574
3.740771391823488
3.6550455468258045
3.4632805178108104
3.2927701939369904
3.714646921167521
3.381580488309164
2.950212064914747
3.4992275417233567
2.9852281360342516
3.4182958340544896
3.238901256602631
2.872905595320056
3.7294461949052566
3.9134007456613773
3.471354487013929
3.6034123432601906
3.5
3.1841837197791887
1.0408520829727552
3.418295834054489
3.5220552088742005
3.249460279921617
3.309718983324437
3.418295834054489
3.1219280948873624
1.0
3.6034123432601906
3.5068905956085183
3.3414460711655214
4.016283580676733
3.9171559625209493
3.778334735606062
3.4992275471326932
4.098347350382244
3.319079570624174
4.045172393136557
3.7849418274376423
2.8152023999804863
3.8428572928084965
2.6258145836939115
3.0130709291038453
3.77850207357611
1.207518749639422
3.530493056757482
3.327819531114783
3.4182958340544896
3.1971597234241487
3.7232314287976207
2.8073549220576037
3.4273334938982645
3.788754913993502
3.5424812503605785
2.952819531114783
3.2841837197791888
4.0759436865637015
3.239097917988786
3.4193819456463714
3.180832987205441
3.8221275944231214
3.5566567074628233
3.2359263506290334
3.5391486719030705
3.550655181215038
3.788754913993502
2.9312089489103235
3.006238928653389
2.8731406795131336
3.386842188131012
3.6980685120588386
3.3927474104487847
3.616348566075163
3.4086949695628417
3.4632805178108113
3.0220552088742005
2.688721875540867
2.8962915290459286
3.2516291673878226
3.373557262275185
3.452819531114783
3.534475839925245
2.8402239289418523
2.984234164652489
3.4685766296878655
1.584962500721156
2.5220552088742005
3.810928306279287
2.8962915290459286
3.783465189601646
3.085055102756477
3.1056721842714325
3.8631786974088858
3.53641423712223
3.940619613900853
3.9922099084326965
2.918295834054489
4.026124747876447
4.085032719353638
1.584962500721156
3.1068905956085184
3.4193819456463714
3.3927474104487847
3.7567958110719153
3.4251185503571393
3.7201755214643453
2.8553885422075336
3.188721875540867
3.0220552088742005
2.71929452566698
3.7216117239699007
3.2359263506290326
3.2806390622295662
3.4841837197791885
3.169925001442312
3.5
3.09306920777189
3.7201755214643453
3.546593564294939
3.350209029099897
3.584942002919619
3.8688290543090473
3.9498293044211703
3.886842188131012
4.014944243238746
3.750163680889756
3.985655023862204
2.8962915290459286
3.202819531114783
3.4414460711655215
3.4992275471326932
3.1556390622295662
3.2359263506290334
3.7360069464476573
3.418295834054489
3.4387218755408675
3.1916116417513782
3.6897037321995474
3.182005814760214
3.0220552088742
3.1692486956952335
3.0220552088742
3.039148671903071
3.6644977792004623
2.467720100474499
1.5510981710072647
3.6168746059562227
2.8584585933443494
2.8553885422075336
3.3931271734483177
3.52257158913636
3.366091329119192
3.446439344671015
3.5585186130489053
2.8962915290459277
3.563247423975141
3.60747539145549
3.521640636343319
3.4136606896881854
3.202819531114783
3.2402239289418517
3.253521511921337
3.0269868333592873
3.659536598501246
4.152249613181067
4.011971749974625
3.7413407239719767
3.791879432707956
3.424327859895888
4.064387708863733
3.9120302093549704
4.104290343091342
3.2946635862096043
2.9182958340544896
3.8553885422075336
2.744842531753244
3.4111941148904066
2.8553885422075336
3.43162356584743
3.2927701939369904
2.805958492868042
2.8150724101159437
3.3177751506062116
3.454168410357404
2.889549430862088
3.177566232096525
3.375012744522809
3.768439582865051
3.4685766296878655
3.4298553597483914
3.3464393446710154
3.2961483747476237
3.291562502003212
2.688721875540867
3.1182751607709758
3.573029150320259
3.276108478543875
3.3758145836939115
0.0
0.9055872616982603
3.4316235658474303
3.2806390622295662
2.9182958340544896
2.952819531114783
2.7898980954642876
3.146286370662105
3.924494073930651
3.3927474104487847
3.6176619912593946
3.085055102756477
3.711844050692273
3.7504355005135817
3.375
3.155565013329719
3.2402239289418517
2.8553885422075336
3.748394345536403
3.582918760802451
3.7130477796125505
1.2532975784630431
2.8423709931771093
3.0849625007211556
3.084962500721156
2.2998963911678914
3.583616975397233
3.839531737361316
3.6026931700048035
3.1898980954642875
3.9545129164509216
3.763646770676926
3.6166701029247292
3.5932696895151075
3.5263039714678293
3.5883025819228043
3.634989959331099
3.3027227528624894
3.6168746059562227
3.3735572622751855
3.432595074509133
4.0172924266466286
3.7220548254617127
3.472905595320056
3.2402239289418517
3.6289280318460246
3.5383105956150054
3.2359263506290334
3.213513256009071
3.7201755214643453
3.6672862047789634
3.1358218241480356
3.9563147505269245
3.4992275417233567
3.695854381449571
3.8948447325506397
1.3716407621868583
2.677944185348817
3.130195065382081
2.584962500721156
3.1279868068776753
3.734521664779752
3.4594316186372964
3.6902603909683833
2.9852281360342516
3.6753108689123644
3.7849418274376423
3.7467441996306783
3.2810361125534233
3.484183719779189
3.642434649464805
2.9450386975402445
3.2359263506290334
3.685948592591421
3.958229168669879
3.522055208874201
3.083074189428569
3.842857292808497
3.625
3.7544418457133446
3.3248629576173574
3.1018812234760187
3.327819531114783
3.419381945646371
2.6892464285091577
3.6209360647507713
3.7666404471085677
3.6835423624332306
2.984234164652489
3.6807566314063016
4.069562217358159
2.339572261986723
2.751629167387823
3.851755139222018
3.334209459448049
3.6023165585055534
3.3263604079526936
3.6695767463163933
2.7516291673878226
3.4632805178108104
3.1971597234241487
2.355388542207534
3.085055102756477
3.577819531114783
3.680089353694808
3.337175341123077
2.855388542207534
3.3927474104487847
3.2516291673878226
3.4039894464852614
3.238901256602631
3.1556390622295662
3.572623663895164
4.086821192885167
3.522055208874201
3.925091745995889
3.09306920777189
2.8553885422075336
3.5724312513221195
3.1751231351134614
2.8729055953200557
3.8199096757414415
3.378783493486176
3.373557262275185
3.763358429231108
4.167896517797226
3.238901256602631
3.327819531114783
3.2516291673878226
3.1952959344962166
3.0062389286533895
3.463465189601646
2.969389419529156
3.5238963865818054
3.818595196011019
3.003112542159204
3.6727393216935025
3.4632805178108113
2.4464393446710155
1.0
3.430457025500558
3.8627370020580423
4.120428808069411
3.607542262563648
3.657575159678481
3.546439344671015
3.32110433057849
3.6644977792004623
3.3787834934861767
3.239097917988786
3.613608500731241
3.530493056757482
3.521928094887362
3.240223928941852
3.3371753411230776
3.7004397181410917
3.694548827786958
3.53641423712223
3.943138300962159
4.048562798396013
3.077819531114783
3.202819531114783
3.4193819456463714
3.4182958340544896
2.9852281360342516
3.3787834934861767
3.5032583347756456
3.94770277922009
3.5652607008287176
3.8314711343307324
3.6841837197791887
3.4277409762329363
3.9085137227821
3.6339567840784865
3.3927474104487847
3.4548223999466066
3.8789280318460246
3.1556390622295662
3.3519530742463752
2.3355055565170972
3.977567157116928
3.6066338100379283
3.880179922675737
3.327819531114783
3.6978458230844113
3.084962500721156
2.7192945256669794
2.7192945256669794
3.960169795714034
3.5997909217833044
4.116778276461473
3.9203854708585424
3.91010193727173
3.7398775745709454
4.0417966670367225
1.5
3.689703732199547
3.8807421468445558
3.6870339462963626
2.889549430862088
3.5238561897747243
3.838191512675908
3.332095398660169
2.973557262275185
2.7045348998193437
2.855388542207534
3.6887218755408675
3.9486221782478688
2.0
3.901693029669982
3.7282129458410007
3.5975790033896278
3.8667763646918494
3.433269689515108
2.8423709931771093
3.300559092390953
3.2402239289418513
4.1095333994254455
3.2659573209491746
3.3685225277282056
3.863091395478186
3.856763865585576
0.0
4.051550027395083
4.088343807048884
4.009368817932956
3.8489838055702243
3.221097250057957
3.821373812679182
3.7198523585646033
3.697845823084412
3.760017277849653
3.4713544870139286
3.754163427768882
3.661226256269789
3.6970851333950874
1.584962500721156
3.990586380385236
3.419381945646371
3.189898095464287
3.6470851333950876
3.430457025500558
3.5368867237421666
2.217021885879718
1.9211854965885542
1.8920728440062398
1.9055872616982603
1.8634886515883278
1.959738296140192
1.936517744294342
1.4247346189316263
1.800528208090405
3.6070177095953557
3.0086949695628418
3.958255365330944
3.988144771641998
3.6168746059562227
3.7837834090041005
3.6572899523639886
3.4713544870139286
3.4794913173588227
3.8940006161317253
2.8423709931771093
1.2332247882202196
2.161810290737603
2.5654483718208256
3.202819531114783
3.077819531114783
3.180832987205441
3.327819531114783
3.327819531114783
2.952819531114783
3.182005814760214
3.084962500721156
3.136863709607318
3.4841837197791885
2.660129752633257
3.392747410448785
2.918295834054489
3.577819531114783
3.5883543471732335
0.8166890883150209
3.189898095464287
1.0408520829727552
2.355388542207534
0.8166890883150209
1.5693078231812958
3.7862800457568477
3.5070488277869583
2.9689185639620974
3.373557262275185
3.0269868333592873
2.788450457308289
3.7943360657504517
3.521640636343319
1.1216407621868583
2.9056390622295662
1.207518749639422
3.85619629821938
3.0105996649587876
3.381580488309164
3.240223928941852
3.2810361125534233
3.368042422572715
3.175123135113461
3.463465189601646
3.100916685694772
3.6163485660751635
2.850886452262346
3.334209459448049
3.446439344671015
3.2866294867861945
2.9312089489103235
3.25
3.3660913291191923
3.625814583693912
3.5585186130489057
3.6978458230844113
2.606238928653389
3.2927701939369904
3.671405583442497
3.1018812234760182
3.2195282822995477
3.708132064658602
3.3927474104487847
3.3787834934861767
3.378783493486176
2.688721875540867
1.5628066316931741
3.373557262275185
3.471354487013928
2.9056390622295662
3.039148671903071
3.085055102756477
3.4392600328109277
3.5944656369614516
3.782122224145306
1.0
3.0130709291038453
3.4713544870139286
3.189898095464288
3.8090367443832864
3.452819531114783
3.7671834678914604
3.375
3.3519530742463752
3.3927474104487847
3.3248629576173574
2.8150724101159437
3.1416354077249595
4.02001598888279
2.921323415022558
3.1009166856947723
3.3274847819558424
3.7089660826946234
3.1395722619867223
3.9115789289422445
2.918295834054489
3.180832987205441
3.039148671903071
3.006238928653389
3.3735572622751855
3.4632805178108104
3.350209029099897
3.0850551027564768
3.3086949695628416
4.037844793048881
3.373557262275185
3.9026797376866433
3.6796874392795544
3.375
2.292481250360578
3.4632805178108104
3.9590120481429834
2.8553885422075336
2.789898095464287
3.2516291673878226
3.6133373140453067
3.572469458770136
3.4662478973127313
3.3927474104487847
3.418295834054489
3.5368867237421666
3.6841837197791887
3.0269868333592873
1.3346791410515946
1.3917601481809734
2.3624027051936283
1.5
2.6264384687410063
3.3816201079487347
2.931208948910323
3.796894919507588
3.6619328723735824
3.09306920777189
0.7732283485249176
2.816114271680368
3.4328173151210217
0.8166890883150209
3.09306920777189
2.918295834054489
3.2516291673878226
3.0062389286533895
3.085055102756477
2.8150724101159437
3.734521664779752
3.480577429698036
3.5654483718208256
3.381580488309164
3.5931390622295662
3.471354487013929
3.5316788180622907
3.085055102756477
2.931208948910323
3.346439344671015
3.725650756112093
3.6430741894285696
1.0408520829727552
3.4474015047059146
3.30827083453526
2.6565647621309543
1.4108478748063633
3.689891668750008
3.452819531114783
4.1104355005135815
0.9463729359854419
0.8180959929710641
2.63296337995357
1.400924277228159
0.6052912052261445
3.3239348962840563
2.355388542207534
3.7118373950396606
3.616601684782745
3.9214974820450146
1.584962500721156
1.6258145836939115
3.2639334294856344
2.8423709931771084
3.086048612313038
3.0220552088742
3.125
3.463280517810811
3.3927474104487847
3.139572261986723
2.8553885422075336
1.56151018873626
2.6062389286533896
3.3248629576173574
3.317640005966217
3.7439821538141276
3.0269868333592873
1.6143308351592656
3.284183719779189
3.4841837197791885
3.975070520364181
1.0
3.2720552088742005
3.4316235658474303
3.5464393446710156
3.0441104177484006
3.0130709291038453
3.829115106190033
3.3832726727387747
2.918295834054489
2.845350936622437
1.5
3.59448250651942
3.663532754804254
3.2516291673878226
2.6258145836939115
3.4994996115311405
3.6368421881310122
3.2516291673878226
3.4841837197791885
3.2608281712244547
4.092544641905067
3.78934199465175
2.546439344671015
3.218445151964801
1.584962500721156
3.180832987205441
2.918295834054489
3.7841837197791883
2.822579761842491
2.7516291673878226
3.378783493486176
3.378783493486176
3.7950885863977324
3.0849625007211556
3.5849625007211565
3.984562227372856
3.084962500721156
3.2389012566026314
2.950212064914748
3.661226256269789
0.9182958340544896
3.2927701939369904
3.139572261986723
3.373557262275185
3.238901256602631
1.6894822670191825
1.0
3.2516291673878226
3.213513256009071
3.697845823084412
3.1368637096073173
3.057476076289932
3.6750705203641814
3.602101180612388
2.794653473544342
3.5
3.8529951860662424
3.7508089005222462
3.4548223999466066
3.5368867237421666
0.9463729359854419
3.966733735016133
3.5585186130489057
3.3248629576173574
3.9939194568245022
4.104567537666562
2.4996981431844145
3.0220552088742
1.0892300788425848
3.2402239289418517
1.3520301017579528
1.207518749639422
3.559079570624174
2.8522170014624826
3.587858798299509
3.447401504705915
3.086048612313038
3.4992275417233567
3.1329145639793974
3.980784071032888
3.7883413396567494
3.5802439555451895
3.77850207357611
2.610577243331642
3.8861465882499093
3.771437029461126
3.1555650133297184
3.640223928941851
3.7647351787255046
3.3931271734483177
3.0588138903312014
3.378783493486176
3.625
3.375
2.467720100474499
3.6897037321995465
3.2516291673878226
3.418295834054489
3.6635327548042538
2.873140679513133
3.5
3.606048095418328
3.606876945083701
2.9182958340544896
3.758592489772477
3.6234651896016463
2.688721875540867
3.084962500721156
3.2516291673878226
3.2359263506290326
3.566468890752879
3.321104330578489
3.2516291673878226
4.044931142093075
3.5766176449086657
2.321928094887362
3.6641693139996687
3.682005814760214
2.0
3.03856233607563
3.127986806877675
3.856474653799415
2.973557262275185
3.8694544452775483
1.0
3.5766176449086653
2.751629167387823
3.673269689515108
3.556656707462823
3.9562733121050786
3.6556390622295662
0.0
1.2532975784630431
1.3520301017579528
3.0565647621309533
3.2359263506290326
3.1395722619867223
3.3086949695628416
3.189898095464287
3.084962500721156
4.067084423395087
3.292770193936991
3.4992275417233563
3.5680843243447145
3.762933616770434
3.40582225028569
3.189898095464287
3.6069367321753205
3.5841837197791886
3.2866294867861954
3.5220552088742005
3.3918926446809317
3.9659364107907322
3.454822399946607
3.831401845392172
3.958371371475034
2.660129752633257
2.3850346233581954
3.16575821796406
2.8402239289418523
1.5
3.9923638599809865
4.058752343011653
1.0
4.061527222123971
1.584962500721156
2.6258145836939115
2.950212064914747
3.0220552088742
1.1182751607709762
1.207518749639422
3.077819531114783
3.238901256602631
3.625
2.623516641218015
3.0849625007211556
3.5883543471732335
3.6141259504575087
3.656564762130954
3.4072682296173897
3.7150182662886326
3.796217602590055
4.1137949090261
3.564735178725505
3.180832987205441
3.238901256602631
3.238901256602631
3.689703732199547
3.894693951646701
3.378783493486176
2.8553885422075336
1.6143308351592656
0.8475846798245739
0.951994081908783
3.3927474104487847
2.584962500721156
3.2359263506290334
1.0219280948873624
3.0220552088742
3.139572261986723
3.044110417748401
2.789898095464287
3.085055102756477
3.446439344671015
3.41041725276052
3.616348566075164
3.3248629576173574
4.078129722984083
3.392747410448785
3.5035391228040247
3.6335059949783677
3.429275070710713
3.3176400059662177
3.5585186130489057
3.6751047187865997
3.594465636961452
2.969389419529156
3.6143694458867563
2.873140679513133
2.692380602454975
3.0565647621309546
3.684183719779189
3.3086949695628416
3.3927474104487847
3.8332696895151073
3.5090356337908912
3.7291587728406537
1.0
3.8653642211959878
3.0269868333592873
3.8667292966721747
3.621928094887362
3.88614658824991
3.9078830452570226
3.238901256602631
3.7427308737169422
3.5841837197791886
3.5434651896016467
3.897340537795402
3.8401568604088583
3.733660689688185
3.327819531114783
3.4613201402110083
3.418295834054489
3.7671834678914604
2.7192945256669794
4.077535481858534
1.584962500721156
4.059214335384417
3.7912004648059185
3.8458224846333477
1.584962500721156
2.5306390622295662
2.9773370419211695
2.9146055828605464
2.8782116209503354
3.446439344671015
3.6157246054471703
3.6464393446710153
3.7941049456316014
3.077819531114783
4.018960098642798
1.0
2.623516641218015
3.039148671903071
3.240223928941852
3.86528641393758
3.9852431629963667
3.9293688179329576
3.0823281368584294
2.965957320949175
3.182005814760214
3.642149881636903
3.5441104177484
3.5857119226073744
3.238901256602631
3.0849625007211556
3.9522284417290825
3.6798066535975913
3.501629167387823
3.6887218755408675
3.943806643595539
2.0
3.189898095464287
3.484183719779189
3.0269868333592873
3.00623892865339
2.931208948910323
3.3927474104487847
3.0306390622295662
2.9852281360342516
3.375
3.196154780932867
2.950212064914747
3.236440501696144
2.8553885422075336
3.0269868333592873
2.855388542207534
4.04105986455311
3.6193401682061075
3.4401204074720737
2.5495234595978316
3.733368244170433
3.006238928653389
3.6644977792004623
3.378783493486176
3.4548223999466066
0.5115779700152473
3.67697162068806
3.5395722619867227
3.79127238011291
3.7672785001148905
3.739572261986723
3.238901256602631
3.125
3.446439344671015
3.4273334938982645
3.189898095464287
3.471354487013929
3.636842188131012
3.3787834934861767
3.384183719779189
3.7216117239699003
1.198192411043098
3.392747410448785
3.180832987205441
3.2516291673878226
3.077819531114783
3.9861879650463043
3.6725535823855555
3.217021885879718
3.930021061201048
3.822921603115641
2.8553885422075336
2.4182958340544896
2.4996981431844145
3.4316235658474303
3.506890595608519
3.7560901896609145
3.3918926446809317
3.667913944000622
3.4841837197791885
3.1751231351134614
3.4316235658474303
1.0389205950315936
0.8888857761841272
2.7773627950641697
3.530493056757482
3.5654483718208247
3.498731294942883
3.0930692077718893
3.657289952363989
3.128085278891395
3.5585186130489053
3.378783493486176
3.039148671903071
3.572623663895164
3.7201755214643457
2.8553885422075336
3.521640636343319
2.688721875540867
4.076091673248217
3.392747410448785
2.0
4.038306278960451
1.0
3.3921472236645345
3.139572261986723
3.327819531114783
2.8789854851194736
3.641249800455479
2.751629167387823
2.0131324651707385
3.9454649524951084
3.6428296592411913
3.6841837197791887
3.5068905956085183
3.084962500721156
3.286629486786195
3.2359263506290334
3.3908054820769817
3.8796640049025934
2.9689185639620974
3.197159723424149
3.1898980954642866
3.3660913291191923
3.8035088547976783
1.086312840741288
1.2389012566026305
1.1170949925429108
1.129522930292096
3.5383201891060003
3.6841837197791887
3.7454064259382482
3.925410635240724
3.776262589899541
3.0849625007211556
3.4332696895151082
3.2841837197791888
3.6753108689123644
3.73215889136457
3.720175521464345
3.32323142879762
3.934394189184568
2.0
2.951143017707788
3.5
4.045980358012783
3.2359263506290326
3.555533151426996
3.2810361125534233
3.5669732859595604
3.9776538632759495
3.3086949695628416
3.507380102423635
3.084962500721156
3.4316235658474294
4.128422010038777
3.4642346527265664
3.6521147627546076
3.7950885863977324
3.935398667466763
3.8054016427312143
3.3232314287976203
4.150261662675673
4.167224615625231
3.0850551027564768
3.606936732175321
3.3676609624077924
3.4613201402110083
3.084962500721156
2.71929452566698
3.524543763316298
3.760017277849653
3.456564762130954
2.7773627950641693
3.2516291673878226
3.5465935642949384
2.8150724101159437
3.5068905956085183
3.188721875540867
3.418295834054489
1.154173392945927
3.506890595608518
3.3927474104487847
3.630985019785137
3.070847093622517
3.4137995646056805
3.7201755214643453
2.688721875540867
3.7649333199119157
3.6800893536948074
3.3825680832760763
3.6575751596784816
3.6660648490140444
2.931208948910323
3.202819531114783
3.0269868333592873
3.614369445886757
3.4830741894285686
3.2359263506290326
3.625
3.1971597234241487
3.084962500721156
3.2516291673878226
2.8731406795131336
3.2359263506290326
2.8731406795131336
3.859890016477585
3.2806390622295662
3.182005814760214
3.7089660826946234
3.0286393118385755
3.51602764126623
2.889549430862088
2.7808589355000475
1.584962500721156
3.467720100474499
3.860379370831397
0.0
3.2516291673878226
3.3927474104487847
3.543465189601646
3.3464393446710154
3.084962500721156
3.0850551027564768
3.337175341123077
3.3232314287976203
3.1462863706621045
3.3735572622751855
3.7783298921984505
3.239097917988786
3.1751231351134614
3.522711955680758
3.8553386357970143
2.8423709931771084
2.9875970593303562
3.4251185503571393
3.7092750707107127
3.371104599308133
2.321928094887362
3.180832987205441
2.7516291673878226
3.928265043159906
1.584962500721156
2.7516291673878226
3.0306390622295662
2.4116022179746714
3.9760827384091137
4.001444733496893
3.503258334775645
1.584962500721156
3.8438561897747237
3.7612306947067027
3.5646852674027705
3.2608281712244547
3.987235119903598
1.0
3.9154979187568237
4.08261000890589
2.251629167387823
3.084962500721156
3.182005814760214
3.471354487013929
3.734521664779752
3.7709424217485368
3.501629167387823
4.004023645937704
3.9656545976526765
3.2195282822995477
4.069295825153401
1.188721875540867
1.2639334294856335
3.3990795706241745
3.4556501805795423
3.3211043305784895
3.503258334775645
2.8731406795131336
3.182005814760214
2.950212064914747
0.5916727785823275
1.0
3.378783493486176
3.182005814760214
3.4632805178108113
3.1307179879273748
3.4548223999466066
3.922589573641669
3.077819531114783
2.923231428797621
3.155221528859512
3.4273334938982645
2.3553885422075336
3.375
3.68354236243323
3.521640636343319
3.8553885422075345
3.084962500721156
2.5654483718208256
2.8150724101159437
3.3927474104487847
3.2516291673878226
3.4399364703978073
2.8150724101159437
1.2419460322060458
3.334679141051595
2.0758692966977272
2.1892197705381395
2.436278124459133
2.6601297526332575
2.4244984515601633
2.3000220479763986
2.355388542207534
2.5521796970665482
2.8553885422075336
0.4310167689753772
1.4932133643654213
0.6685644431995964
0.9933927290103626
1.186278124459133
0.7195563653739032
0.9299729696498297
0.8569957178540346
1.6627992560224794
0.45502065977946415
3.521640636343319
3.182005814760214
2.9398290174664026
3.501397825434103
2.816307519224645
3.572623663895163
3.373557262275185
3.597558387024489
3.7201755214643453
3.5406858798532936
3.503258334775645
3.9753316518605937
3.739877574570946
2.816340113853408
3.950103110068885
3.4841837197791885
3.1018812234760187
3.327819531114783
3.0269868333592873
2.792481250360578
3.6025907331285274
3.844232898763192
3.8009210987506115
3.495320923032279
3.25
3.382568083276076
3.3927474104487847
3.8415272628521104
3.3787834934861767
3.4039894464852614
0.8166890883150209
2.688721875540867
2.873140679513133
3.431623565847431
3.1808329872054415
2.499698143184414
3.5535088547976783
3.573660689688185
2.725480556997868
1.584962500721156
3.999060388025389
3.571986461572022
2.0
3.501397825434103
3.809880745939573
2.9182958340544896
2.355388542207534
3.9343813435048056
1.0
3.7181390622295662
3.1018812234760182
3.543942707918268
3.959305178823485
4.001235706186496
3.6352462020806984
3.9704638216885826
3.180832987205441
2.8402239289418527
3.764735178725505
3.4875629610861876
1.3709505944546687
3.240528260216712
3.8035088547976788
2.8464393446710154
0.0
3.9723064058771302
3.8579436276579857
2.8423709931771093
3.189898095464287
3.327819531114783
3.506890595608518
2.8553885422075336
3.4316235658474303
2.9139770731827523
3.6105772433316425
3.5554141844097327
3.5121884039686604
3.2575004135020675
3.725104217943958
3.1556390622295662
3.5975583870244887
3.5724312513221195
3.4987312949428833
2.918295834054489
1.456564762130954
1.1451104143815827
3.327819531114783
3.503258334775645
3.0306390622295662
3.836081907815205
2.7773627950641697
3.8924071185928746
2.9182958340544896
2.899397470347699
3.182005814760214
1.5510981710072647
3.7488254209225524
3.610577243331642
3.595494632114046
3.3233641945259924
3.8179435847618697
1.584962500721156
3.521640636343319
3.381620107948735
2.8553885422075336
3.5068905956085192
4.009798135707355
3.7862800457568473
3.3371753411230776
3.641249800455478
3.381580488309164
3.350209029099897
3.5724312513221195
3.8524975771042
3.5766176449086653
3.039148671903071
3.3232314287976203
3.2516291673878226
2.8553885422075336
3.09306920777189
3.386636567306727
3.74095326040484
2.7773627950641693
3.452819531114783
3.189898095464287
3.8667292966721747
3.785911893654434
3.338688570451096
3.6312929881819005
2.835237745312118
3.3414460711655214
3.2538013905715872
3.3927249051134325
3.046439344671015
3.0130709291038453
3.7406015629507228
3.625
2.931208948910323
3.4316235658474303
3.2516291673878226
3.3816201079487347
3.180832987205441
3.09306920777189
3.2516291673878226
3.6644977792004623
3.7887549139935026
3.3232314287976203
3.7216117239699003
3.077819531114783
3.546593564294939
2.8553885422075336
3.7364405016961455
1.628445159431229
3.1037016960573482
3.736006946447657
3.8208888513501886
3.845350936622436
3.777518266288633
3.767183467891461
3.630412660873998
3.8369589098021653
3.5726236638951634
3.7622673906514947
3.623465189601646
3.5090356337908912
3.472905595320056
2.689246428509158
3.511085408180426
3.9347962245267643
2.0
3.5068905956085183
1.3250112108241772
2.9182958340544896
3.43162356584743
3.4594911601991534
3.084962500721156
3.576617644908665
3.4594705707972513
3.851002074701684
3.9687586544621913
2.0
3.803078447433318
1.584962500721156
3.378783493486176
3.6302753548819777
3.375
3.5841837197791886
3.0269868333592873
3.0269868333592873
3.7216117239699
3.039148671903071
3.7216117239699
3.5724312513221195
3.182005814760214
3.2946635862096043
3.9605882588862493
2.4182958340544896
2.751629167387823
3.0269868333592873
4.086068185072386
2.0
3.593269689515108
3.6732696895151076
3.056564762130954
3.384183719779189
3.708858442330835
3.471354487013929
3.084962500721156
4.15096689400411
3.762310736133871
3.616348566075164
2.8731406795131336
4.002519749722643
3.8617824756364443
3.327819531114783
3.118078209349709
3.431623565847431
3.189898095464287
2.584962500721156
1.3563429881688325
3.546439344671015
3.953565664946427
3.0565647621309537
3.581076011914607
1.584962500721156
3.334679141051595
3.180832987205441
2.751629167387823
1.4885252948977485
1.1867043459100246
3.440070116549512
3.202819531114783
3.4039894464852614
3.53624341298306
3.2516291673878226
1.1941737342569119
0.951994081908783
1.1848225451324987
2.8225797618424915
3.4830050302680133
3.790660664882285
3.180832987205441
3.509275070710712
1.650022421648354
0.7732283485249176
3.0220552088742
3.9783335811852645
3.375
3.418295834054489
2.872905595320056
2.2841591278514217
3.3868421881310122
3.337175341123077
3.281036112553423
3.323231428797621
3.7146469211675215
3.431399532224378
3.453530789844794
3.4556501805795423
3.702471512219747
3.6619328723735824
3.5068905956085183
3.7576856586254093
3.3921472236645345
2.6612262562697895
3.4062389286533894
3.4634651896016466
3.327819531114783
3.501397825434103
2.270942421748537
2.751629167387823
3.039148671903071
3.0220552088742
3.9233102343529676
3.8282375018429553
2.725480556997868
2.2359263506290326
3.238901256602631
2.3872041781863285
1.6640554954035385
1.842737648613667
2.2086051443027332
2.321928094887362
3.3787834934861767
3.721460719895813
3.4992275417233563
3.609405663432678
2.8423709931771093
3.782600586163138
3.718242691024846
3.584962500721157
3.6472047757927233
3.6625732651509115
1.584962500721156
3.378783493486176
4.0022680844408445
3.4613201402110083
3.2359263506290334
3.2516291673878226
2.7068905956085185
3.1808329872054406
3.3841837197791884
2.688721875540867
3.238901256602631
3.7382561566151358
3.586890264002433
3.337175341123077
3.6682958340544896
3.03856233607563
3.7201755214643453
3.736006946447657
3.746439344671015
3.084962500721156
2.873140679513133
3.3248629576173574
3.039148671903071
2.8553885422075336
3.7091479170272454
3.43162356584743
3.736006946447657
3.8868421881310122
3.3921472236645345
3.189898095464287
2.688721875540867
2.8553885422075336
0.9912642605354288
0.8343470230852537
0.7345299214394703
3.03856233607563
4.0036558093461245
3.5705981190900795
3.2927701939369904
3.764735178725505
3.511085408180427
2.2841591278514217
3.460616467646623
2.692380602454975
3.350209029099897
3.5032583347756456
3.621928094887362
1.0
4.074310901340951
2.481714572986073
1.0
3.419381945646371
3.745406425938248
3.7192945256669785
3.266332639970623
3.3248629576173574
3.3927474104487847
3.4713544870139286
3.3232314287976203
3.085055102756477
3.381580488309164
3.733660689688185
3.5068905956085183
3.84339066372114
3.869270297089941
3.2526204074720737
3.7336606896881848
1.8879185026711327
2.789929075309999
2.472905595320056
3.210632306639855
3.059257394657949
3.128415121693211
3.093747627004424
3.0834332074006223
3.0432589752556205
3.057033898458585
3.052007011838047
3.238901256602631
3.378783493486176
2.973557262275185
3.32323142879762
3.188721875540867
2.9182958340544896
3.591461824327553
3.1556390622295662
3.7198523585646037
3.456564762130954
3.1898980954642875
3.0220552088742
3.2516291673878226
4.076839605127306
3.2516291673878226
2.9056390622295662
2.8962915290459277
3.09306920777189
3.6168746059562227
3.085055102756477
2.9312089489103235
3.4658255021937237
3.292770193936991
3.75
3.189898095464287
3.085055102756477
2.8423709931771093
3.5
3.2267309150571264
3.6930246381211482
3.155221528859512
2.8731406795131336
3.8652864139375804
3.6887218755408675
3.713135410980912
3.6798814182820925
3.0053148568942785
3.4956029237290127
3.189898095464288
3.6820058147602133
3.0220552088742
3.7671834678914604
3.2639334294856344
3.077819531114783
2.899397470347699
3.758486969102432
3.6069367321753205
3.614330392422089
3.5395722619867227
2.8553885422075336
2.751629167387823
3.5220552088742005
3.4548223999466066
3.4273334938982645
3.2044479607083507
3.418295834054489
3.501397825434103
0.49715018363696706
3.378783493486176
3.0957952550009336
2.7865766899407327
3.854346190293339
3.5375665013464546
3.3232314287976203
2.8553885422075336
3.2018754409405963
3.764735178725505
3.2390795706241744
0.8795064608120066
3.797537327699892
3.708966082694624
3.327819531114783
3.246439344671015
3.5383201891060003
3.7843684875968617
4.011638675090227
3.6428296592411913
2.918295834054489
3.3232314287976203
2.873140679513133
1.7295739585136223
2.6258145836939115
3.5039975273348474
3.939829017466402
3.610389889552675
1.9219280948873623
4.071201679779856
3.605253823084545
3.9550667566692304
3.9930622595639846
3.9723938424903724
2.0
3.506890595608518
3.584303179346712
3.656564762130954
3.3800943362833302
3.327819531114783
3.3815804883091634
3.44075983254009
3.9268338226894035
3.40582225028569
3.6349899593310995
3.5724312513221195
3.5724312513221195
3.8345672899181618
2.321928094887362
3.889049535914169
3.943257002355308
3.3656365760772866
3.5306390622295662
3.730289691218124
3.809313575415984
3.815845817436789
3.7628089672517775
1.584962500721156
3.5465935642949384
4.130649559499172
3.1556390622295662
3.751629167387823
3.4992275471326932
3.4971558025756684
3.522711955680758
3.6902603909683838
3.763460684196427
3.6537567082870006
3.534219021180341
3.419381945646371
3.4713544870139286
3.6143694458867563
3.127986806877675
2.7806390622295662
3.40623892865339
3.365160637047126
3.8589572866686432
3.7360069464476573
2.321928094887362
3.459868358901741
3.793024272076775
2.8978493842644677
3.8188627346822774
3.3774932680909977
3.845658017555989
3.5780011510322707
3.743683843477002
2.9312089489103235
3.7974165797919075
3.09003277660148
3.2402239289418517
3.125
3.8264658909811926
3.790121211776855
1.584962500721156
3.5
3.6764409086968683
1.4488156357251847
3.169925001442312
3.3248629576173565
3.188721875540867
3.6168746059562227
0.8995676323871853
3.308751351247166
3.3464393446710154
3.702819531114783
3.2655833228877325
3.366091329119192
3.3927474104487847
3.197159723424149
2.2037201229354646
2.332914563979398
3.73215889136457
3.0849625007211556
3.7254805569978675
3.6454576979282933
3.481714572986072
3.248365046750904
3.6753108689123644
3.4116022179746714
3.0837651410695517
3.4864405016961446
2.8553885422075336
1.0408520829727552
3.084962500721156
3.006238928653389
3.563074189428569
3.708132064658602
3.463280517810811
2.8962915290459277
3.3371753411230776
0.8166890883150209
0.8166890883150209
3.077819531114783
1.4838317068446891
3.3787834934861767
3.292770193936991
3.1464393446710153
3.3735572622751846
3.7958248894290483
3.189898095464287
3.208987300258799
3.5032583347756456
3.640953458091162
3.569773835029478
2.4696704873718613
3.594465636961452
1.9877733714879842
3.266332639970623
3.4642346527265664
3.3834651896016465
3.6287043499044223
3.327819531114783
3.5
2.8584585933443494
3.337175341123077
2.7068905956085185
3.484183719779189
3.09306920777189
2.8553885422075336
3.238901256602631
4.082187723098864
2.6635327548042547
3.499227541723357
3.1414460711655217
3.661226256269789
3.2516291673878226
3.2402239289418517
3.692279682039657
0.9182958340544896
3.5394705707972514
3.9857808213564594
1.0
3.453626767019874
3.82306798227366
3.420667709983954
2.0
3.182005814760214
3.006238928653389
3.6320527396219853
3.7259160889243037
3.3908054820769813
3.5282424844314786
3.394552096489374
3.3248629576173574
2.719294525666979
3.0220552088742005
3.7287244452691404
3.6313883471435844
3.521640636343319
3.0957952550009344
3.2037016960573483
3.8970961953941865
3.0408363127228015
2.827819531114783
2.1674519239004577
2.35274578087187
3.546593564294939
2.9232314287976204
3.202819531114783
3.0269868333592873
3.652130557318382
2.8553885422075336
3.239097917988786
3.2806390622295662
3.870687690821315
4.060748875878059
2.0
2.8553885422075336
4.068617028658004
3.2961483747476232
1.584962500721156
4.034069046170634
1.4366664819166872
1.8919954870390203
1.7360411676599226
3.576617644908665
3.2946635862096048
2.125814583693911
3.4613201402110083
3.6753108689123644
3.0849625007211556
3.2516291673878226
3.796217602590056
3.084962500721156
3.366091329119192
2.9312089489103235
3.202819531114783
3.337175341123077
3.2516291673878226
3.056564762130954
3.4885252948977477
3.7125863930545133
3.872905595320056
3.925705631015388
3.572431251322119
3.084962500721156
3.8114545996175107
3.486440501696145
1.584962500721156
3.1464393446710153
2.9182958340544896
3.454822399946607
3.204447960708351
3.260828171224455
3.375
3.286790198827112
3.569212420735637
4.005946357375307
3.617861029749889
3.7880523304839624
3.155565013329718
3.6143694458867563
3.521640636343319
3.0220552088742
3.373557262275185
3.3735572622751855
3.858410409884314
3.7249039292120627
3.4841837197791885
3.106890595608519
3.0565647621309546
3.5645404777369887
3.675310868912364
3.10845859334435
3.5931390622295662
3.2692750707107128
2.044358910666127
3.646439344671015
4.071206639567496
2.0
3.0708470936225174
2.8073549220576046
3.6395982887330334
3.8695767463163935
3.7080030435786813
3.7406015629507228
3.9999515544853823
2.94770277922009
2.0
3.972204130566555
3.0220552088742
3.09306920777189
3.2961483747476232
3.6619328723735824
2.788450457308289
3.572469458770136
3.4841837197791885
3.5
3.6572682296173897
3.084962500721156
3.8556852041890344
3.1279868068776753
3.535174565635903
3.567040216926579
3.568084324344714
3.7635585991342366
3.0269868333592873
3.753269689515107
3.8639818205809044
3.5726236638951634
3.418295834054489
2.8553885422075336
3.8924866505712017
3.6412498004554785
4.013931337418649
3.6168746059562227
3.899677289476146
3.2359263506290326
3.5883543471732335
3.5841837197791886
3.621175542919471
3.8294399382553754
3.6763906325796274
3.633974075997158
3.5739348962840563
3.8788162714458654
1.0
3.9379639394536956
3.5175594295963433
2.8553885422075336
3.490601562950723
3.8847776520297486
3.879879526205028
3.8184539577019216
1.584962500721156
3.9059244270435447
3.8804563734806248
3.511085408180427
3.180832987205441
4.186164614058701
1.584962500721156
3.5368867237421666
3.327819531114783
3.5219280948873624
2.952819531114783
3.1971597234241487
2.8150724101159437
3.221097250057957
3.605388542207534
3.9239744245111656
3.080500530640267
3.3248629576173574
3.534219021180341
3.085055102756477
3.9900172174899016
3.692095411492566
3.4852281360342516
3.8747485552166756
3.521640636343319
3.2201755214643453
3.441446071165522
3.8294773023240487
3.0957952550009344
1.0
3.7821237993064862
3.961129742192819
1.5
3.572469458770136
3.2728043273346206
3.039148671903071
2.8962915290459277
2.8731406795131336
3.659536598501246
3.121928094887362
1.584962500721156
3.1542221846835217
2.7516291673878226
3.925173236956996
2.9182958340544896
2.8221819586428727
3.1018812234760182
4.006486216743616
2.0
3.6887218755408675
3.9837680694030926
3.9944383510247694
4.1088960379483455
4.118659346091888
3.189898095464287
3.106890595608519
2.7516291673878226
3.057476076289932
3.1728107335198636
3.686329697673922
3.139715632739883
3.375
2.606238928653389
2.6258145836939115
3.784527696416556
3.0269868333592873
3.4316235658474303
3.2516291673878226
2.827819531114783
3.7378201980421597
3.590018266288633
2.5492553971685
0.9141828384352135
3.1808329872054415
2.4996981431844145
3.711080496244278
3.8947396630551756
3.613337314045307
3.1552215288595113
3.327819531114783
3.639598288733034
3.36030597770208
3.621928094887362
2.6556390622295662
3.75095213149284
3.503258334775645
3.2494602799216175
3.2866294867861945
3.0269868333592873
0.9933927290103626
2.931208948910323
3.517816090559699
2.8423709931771084
3.8470529239099753
3.9649433308288944
2.889549430862088
3.9524373546416722
0.0
2.688721875540867
3.5417435206018593
3.7627335525736805
2.771902372038559
3.8909842070561704
3.4116022179746714
3.4634651896016466
3.8565199593497628
3.567040216926579
3.327819531114783
3.0269868333592873
2.792481250360578
3.3921472236645345
3.1898980954642875
3.4116022179746714
3.085055102756477
3.770942421748537
3.92973742089034
2.8731406795131336
3.373557262275186
3.5739348962840563
3.6258145836939115
2.973557262275185
2.8553885422075336
3.238901256602631
3.334679141051595
3.4251185503571393
2.6892464285091577
4.034602882319016
3.84978462476442
3.5592723142952623
3.900319430638476
3.419381945646371
3.693223349810918
3.4642346527265664
3.8747485552166756
3.240223928941852
2.9219280948873623
1.0
4.157552063678322
2.688721875540867
3.4936711100785716
3.6871833897514183
1.0
3.8796486203632066
3.936281575271072
4.006307169993833
4.016766175366076
4.124845116013654
1.0
3.3232314287976203
3.006238928653389
3.382568083276076
3.350209029099897
3.5944656369614516
3.039148671903071
2.8218881955261788
3.452819531114783
3.579103649628449
4.027097205568252
3.91863405314514
1.584962500721156
2.8553885422075336
3.084962500721156
3.3927474104487847
3.0849625007211556
3.826874881864637
3.2680488287579594
3.748994803525096
3.7034651896016464
3.546439344671015
3.521640636343319
3.41041725276052
3.239097917988786
2.466247897312731
1.870253816431622
2.251629167387823
1.573402452417767
2.353533948577482
2.355388542207534
2.3050365325772657
3.736440501696145
2.8962915290459277
3.6729972717965285
1.4915560089120212
3.951143017707789
3.006238928653389
3.7904068731546525
3.5724312513221195
3.327819531114783
3.721928094887362
2.872905595320056
3.3660913291191923
3.7887549139935026
3.32323142879762
3.7348295085032617
3.5176723896144884
3.4549868557726673
3.5780011510322702
3.3787834934861767
3.1898980954642875
3.1556390622295662
3.788341339656749
3.861499231009296
3.0
2.952819531114783
3.350209029099897
3.0849625007211556
3.084962500721156
3.4992275471326932
0.8795064608120066
1.3752580686696534
3.299896391167891
3.0994364124846885
3.4834918465000615
2.6535442970305683
3.4086949695628417
3.461320140211008
3.238901256602631
3.3680424225727155
3.0220552088742005
3.189898095464287
4.022000516883152
3.9483943455364026
4.017375797816042
3.085055102756477
4.106949132758152
3.323231428797621
2.895423870280316
3.106890595608519
3.4713544870139286
3.721928094887362
3.189898095464287
3.4072682296173897
3.084962500721156
2.918295834054489
2.9852281360342516
3.2008257945180887
3.1971597234241487
3.1971597234241487
3.6133373140453067
3.464234652726567
3.189898095464288
3.910759408479959
3.299896391167891
1.584962500721156
3.6644977792004623
2.950212064914747
3.2659573209491746
3.572623663895163
3.5068905956085183
3.5348486136508463
3.6887218755408675
3.4987781244591325
3.83833836330094
3.7962176025900556
3.3278754646456608
3.731636328448893
1.5628066316931741
3.09306920777189
2.8962915290459286
3.3056450063529996
3.6143694458867563
3.7636467706769263
1.9219280948873623
3.3440601221518182
3.189898095464287
3.085055102756477
3.943406108087419
1.0
3.788754913993502
3.7700292137855684
3.7587832720244174
3.921754508341216
2.8553885422075336
3.796690972131738
3.79092086471219
3.7337998802844425
3.1552215288595122
3.0269868333592873
3.781818460981246
3.221097250057957
3.733660689688185
3.381580488309164
3.554124145638314
3.378783493486176
3.5766176449086657
3.4613201402110083
3.6412498004554785
3.8586949695628414
3.834737503098343
3.7489371489449574
3.697808707044463
3.381580488309164
3.810426738573901
3.373557262275185
3.7526204074720737
4.043942707918268
3.5160276412662297
3.66829583405449
3.5766176449086657
1.6893917467430877
1.0
3.0220552088742005
2.963856189774724
2.9538063731601105
3.0587462305923774
2.6258145836939115
3.5355858771739626
3.97699231338986
1.584962500721156
2.688721875540867
2.6258145836939115
3.238901256602631
3.8817228803751935
3.764460876028361
4.044762368549845
2.968918563962097
3.6023165585055525
3.2516291673878226
3.831401845392172
3.584012370211935
3.3603059777020805
3.326360407952694
3.4532359131272914
3.4713544870139286
3.9697315665441306
3.6995944450218876
3.4663035624631706
3.5585186130489053
3.9515231881291992
3.6913733704593192
3.3005590923909542
1.584962500721156
3.4387218755408675
3.4225779953216042
3.1464393446710157
3.2516291673878226
3.819909675741442
3.819244738933759
3.128085278891395
3.139572261986723
2.9450386975402445
3.8388685765610924
3.861725074756386
1.584962500721156
3.521640636343319
0.8683927290103626
1.7224945678306305
2.984234164652489
3.5766176449086657
3.125
3.25
3.197159723424149
3.4556501805795428
2.4996981431844145
3.660169450009578
3.2516291673878226
3.8990153763391904
3.6421498816369033
3.085055102756477
2.8073549220576046
3.1898980954642875
3.5068905956085183
3.859877306649582
3.723231428797621
3.4992275471326932
3.337175341123077
3.057476076289932
3.7544418457133446
3.392747410448785
3.8908336882322194
1.0
3.3248629576173574
3.506890595608518
3.375
3.469576746316394
3.456564762130954
3.521605564018487
3.721819491904971
2.8553885422075336
3.3918926446809317
3.5766176449086653
3.106890595608518
3.0220552088742005
2.9232314287976204
3.0269868333592873
3.634989959331099
3.546439344671015
2.8150724101159437
3.642371448743902
0.9055872616982603
3.3787834934861767
2.931208948910323
3.182005814760214
2.353533948577482
2.984234164652489
3.2927701939369904
3.2927701939369904
3.327819531114783
3.7623107361338706
2.0
3.4613201402110083
3.173533209849189
3.0220552088742
3.600866417102918
3.465018266288633
3.0860486123130375
3.6312929881819005
3.6993830427587824
3.770026751857785
3.22467921775583
2.0
1.1451104143815827
2.899162065118786
2.041814515501815
2.057924310831006
1.0
2.8553885422075336
3.1279868068776753
3.323231428797621
3.5766176449086653
3.485228136034251
3.8825207553360674
3.721460719895813
3.572623663895163
4.052090973607395
3.697845823084412
4.043672496761891
4.1317876163411205
4.199564839696838
3.9808736574924692
2.75
1.5
2.8553885422075336
2.7534343861887853
3.0269868333592873
3.373557262275185
3.418295834054489
2.6078612261419973
3.2678941476196224
4.014345107503651
4.074535814767059
4.06443912225339
2.8731406795131336
3.2359263506290334
3.5368867237421666
3.251629167387823
3.697845823084412
3.09306920777189
3.446439344671015
3.675310868912364
3.605388542207534
3.1556390622295662
3.418295834054489
3.337175341123077
3.438721875540867
3.446439344671015
3.1898980954642875
3.4182958340544896
2.973557262275185
2.8729055953200557
2.7659573209491746
3.8700035889898636
3.2639334294856344
3.0220552088742
3.1556390622295662
3.5160276412662297
3.650124895003159
3.6769081691685774
3.288884070537635
4.0640886909365035
3.0849625007211556
3.0220552088742
3.8786225291212206
3.3087513512471665
3.039148671903071
2.8402239289418523
3.238901256602631
2.8731406795131336
3.3787834934861767
2.973557262275185
2.6892464285091577
3.238901256602631
2.8962915290459277
3.084962500721156
3.419381945646371
3.2608281712244556
2.5503407095463886
3.30827083453526
3.909700202007468
4.057014489171839
2.8553885422075336
2.8731406795131336
3.675310868912364
3.73624341298306
3.2201755214643453
3.6292196865240958
3.337175341123077
3.21506101220307
4.011585431837429
3.418295834054489
3.3927474104487847
3.0269868333592873
2.98345859334435
2.688721875540867
3.6280852788913944
3.125
3.534258685055066
3.452819531114783
2.9182958340544896
3.084962500721156
3.796217602590056
3.48582592784901
3.3446983751597124
3.8453509366224354
3.077819531114783
