Shannon_Entropy
3.0306390622295662
3.727567157116928
2.7527152789797045
3.30827083453526
2.9182958340544896
3.8251422503837738
2.8937276703874564
3.7159321855150296
3.084962500721156
3.522711955680758
3.5599000019230833
3.337175341123077
3.881076880026371
3.708132064658602
3.784941827437642
2.498929563690935
2.377443751081734
2.688721875540867
3.3371753411230776
3.806127542695028
3.128085278891395
3.0849625007211556
3.5225715891363594
3.4182958340544896
3.479079570624174
3.1556390622295662
3.5039975273348474
3.6841837197791887
3.327819531114783
2.927451224964519
3.471006908400293
2.7516291673878226
3.636842188131012
3.539470570797251
3.127986806877675
3.8397309831962234
3.0220552088742
3.8189378900165245
3.546439344671015
3.021928094887362
3.507149999564497
3.996384316038506
2.71929452566698
3.127986806877675
3.832949440895037
4.010029204387171
3.44075983254009
4.073207944597001
2.663532754804255
4.034539182642978
3.4759093770885316
4.129946989939514
3.350209029099897
2.521640636343318
3.5045846079930962
3.6066338100379283
3.8780682683455234
3.8267974322426443
3.51602764126623
1.584962500721156
3.2720552088742005
3.9684490031423745
3.1395722619867223
3.0837651410695512
3.8441065448145375
3.085055102756477
4.075613502871872
3.6424896731661263
3.7321588913645694
2.967064753975466
2.7272170014624826
3.70203613560686
2.8553885422075336
0.0
3.8100810205217317
3.2359263506290334
4.125070520364181
3.182005814760214
2.8553885422075336
3.418295834054489
3.128085278891395
2.873140679513133
3.9406310006001206
3.702655596558187
0.0
2.9182958340544896
3.418295834054489
2.873140679513133
3.452819531114783
3.4565647621309536
3.6753108689123644
3.3927474104487847
3.09306920777189
3.238901256602631
3.9651998765158556
3.5434651896016462
3.640223928941851
3.6644977792004623
3.056564762130954
2.950212064914747
2.792481250360578
3.09306920777189
3.0306390622295662
3.2927701939369904
3.3927474104487847
3.5
3.5841837197791886
3.74095326040484
3.5
3.1556390622295662
3.576617644908665
3.3787834934861767
3.084962500721156
3.41041725276052
3.085055102756477
3.4548223999466066
3.0414460711655216
3.556656707462823
3.5032583347756456
3.975196894286036
3.717850465126432
3.618555224999016
3.6763906325796274
2.8553885422075336
3.418295834054489
3.378783493486176
3.195295934496216
3.6709688919510652
3.1820058147602133
3.170134892428193
3.182005814760214
3.323231428797621
3.238901256602631
3.139572261986723
3.481714572986072
4.11539923342801
4.035129339462847
3.7856896901783905
3.8896964611035756
4.094629049565266
2.642363735802371
2.7800345043655006
3.084962500721156
3.4613201402110083
3.6069367321753214
3.640223928941852
3.346439344671015
3.5
3.8931464666388975
3.4137995646056796
3.6416041678685933
3.4556501805795423
3.4472624994412104
3.2516291673878226
2.8553885422075336
3.1841837197791887
3.326360407952694
3.337175341123077
3.378783493486176
3.1556390622295662
3.3005590923909534
3.125
3.625
3.885442315790497
3.978410804082232
3.8787912611280677
3.09306920777189
3.5032583347756456
2.7534343861887853
3.443856189774724
3.2516291673878226
3.7483286603655737
3.439936470397808
3.9711601764699327
3.663532754804254
2.8423709931771084
3.2210972500579573
3.375
3.327819531114783
2.950212064914748
2.71929452566698
3.5
3.4316235658474303
3.514545004480724
3.375
3.8042292966721747
3.157872114061108
3.3232314287976203
3.381580488309164
3.8846982052299044
3.3414460711655214
2.521640636343318
3.53641423712223
3.833269689515107
3.221928094887362
3.384183719779189
3.039148671903071
4.006985135476339
3.2680488287579594
2.8553885422075336
2.8150724101159437
2.8553885422075336
3.4830741894285686
3.7144093452479403
2.3553885422075336
3.175123135113461
3.6931902739466813
3.914866303883101
3.175123135113461
2.8073549220576046
3.189898095464287
3.8519883906136068
3.7024715122197467
3.084962500721156
3.182005814760214
3.6402239289418516
3.4992275471326932
3.444413829577611
3.897587036123537
3.9757719103444216
3.378783493486176
3.240223928941852
3.6168746059562227
3.239097917988786
3.1517988525068454
3.7627335525736805
3.202819531114783
3.717896012970049
3.847118988424445
3.5585186130489053
2.8729055953200557
2.950212064914747
3.084962500721156
2.8553885422075336
3.238901256602631
1.5744174271404585
2.584962500721156
3.180832987205441
4.014438730983426
3.3371753411230776
3.7238002537032724
3.238901256602631
3.621928094887362
3.2913928761709625
2.8553885422075336
3.8945036434949296
3.879664004902593
2.6887218755408666
3.594465636961451
3.337175341123077
3.4594316186372973
3.2516291673878226
4.0439427079182675
3.180832987205441
3.3176400059662168
3.4713544870139277
3.180832987205441
3.7321588913645694
3.821928094887362
3.2359263506290334
3.2516291673878226
2.8731406795131336
3.672905595320056
3.180832987205441
3.625814583693912
3.5160276412662306
3.5688748577050156
3.2359263506290326
2.9852281360342516
3.084962500721156
3.7308075910906924
1.0
2.8553885422075336
3.340776554548052
3.084962500721156
3.108694969562842
3.084962500721156
2.8553885422075336
4.119113670336753
4.014357827994779
3.6835423624332306
3.7950885863977324
3.4316235658474303
3.8398227820087545
3.125
3.884742290054037
3.538310595615006
3.544880681317119
3.2402239289418517
3.722573883611435
3.8685889388105164
3.6942119187834286
1.5
3.3248629576173574
3.481714572986072
3.7254805569978675
3.2402239289418517
3.8589572866686432
3.909256168518585
2.5820599105802575
3.5766176449086653
3.5986897644157665
2.8150724101159437
3.68354236243323
3.039148671903071
3.6163485660751635
2.8662478973127308
3.077819531114783
2.8582783084180448
2.931208948910323
3.1961547809328676
3.202819531114783
3.7830140032660013
3.039148671903071
3.350209029099897
3.8391081341821707
3.521640636343319
3.4613201402110083
3.900550812884994
3.8846306629015896
0.49715018363696706
2.918295834054489
3.940759832540089
0.7642045065086203
0.5974547231656377
0.8166890883150209
1.532914563979398
1.272905595320056
3.1898980954642875
3.4613201402110083
3.418295834054489
2.8150724101159437
2.688721875540867
3.6673146153696132
3.0269868333592873
3.085055102756477
3.514073475001908
3.1416192081839784
3.43162356584743
3.106890595608519
3.4138338639736006
2.8553885422075336
3.509275070710713
3.521640636343319
3.609090414588857
3.381580488309164
3.454822399946607
3.334679141051595
3.506890595608519
3.802910079649727
2.8638263900908156
3.472905595320056
3.2516291673878226
3.9057645846554525
3.734521664779752
3.7322867671009603
3.677139104850461
3.5032583347756456
3.605388542207534
3.0
3.605388542207534
3.1555650133297184
3.1898980954642866
3.327819531114783
3.180832987205441
4.148948236554561
3.461725074756386
3.536758681457
3.378783493486176
3.368042422572715
3.0220552088742005
3.5739348962840563
3.7559130951758246
3.550340709546387
3.2516291673878226
2.7773627950641693
3.690116517593666
4.092808364703286
3.4086949695628417
3.6424896731661263
3.8248629576173565
3.636842188131012
3.6412498004554785
3.506890595608518
3.503258334775645
3.5944656369614525
3.567040216926579
3.6424896731661263
3.6572682296173897
3.7777471629109445
3.9022160294716155
2.721928094887362
2.921928094887362
3.107601311512056
3.142064672977998
3.039148671903071
3.2464393446710154
2.594694926704174
3.0700300148904587
3.182005814760214
3.506890595608519
3.2516291673878226
4.004631211674777
4.001076880026372
3.610063540877072
3.8825207553360666
4.023471592049353
3.8565647621309536
3.3921472236645345
3.8248629576173574
3.381580488309164
3.4841837197791885
4.0317685655801885
3.6061563243186
3.7841837197791888
2.5495234595978316
3.6514789228933084
3.5071499995644975
3.9579403464411533
3.1813663288914587
3.8074355167595257
2.353533948577482
2.90842551469494
3.180832987205441
2.835237745312118
3.27280432733462
3.7841837197791883
3.039148671903071
3.2516291673878226
3.5780011510322707
3.6455933144511463
3.2806390622295662
3.375
3.5225715891363594
3.468576629687865
3.613337314045307
3.881227004301479
2.931208948910323
3.418295834054489
3.5724312513221195
3.75
3.4548223999466066
3.53850987421411
2.7773627950641693
3.531941205546659
3.997826757294372
2.918295834054489
0.5689955935892812
0.8166890883150209
0.951994081908783
3.368042422572715
3.8817131197358576
3.1018812234760182
2.873140679513133
3.2516291673878226
3.146286370662105
1.9508257945180885
1.822815600352516
3.327819531114783
1.1451104143815827
2.918295834054489
3.531941205546659
2.71929452566698
3.350209029099897
1.0834189322427712
3.378783493486176
2.8256426911189423
2.9655839357277807
2.289246428509158
2.6825887305018328
2.834385301139217
2.7744019192887706
3.0850551027564768
3.378783493486176
3.1018812234760182
3.334679141051595
0.8683927290103626
3.690260390968384
3.260828171224455
3.0414460711655216
3.471354487013928
3.180832987205441
3.0849625007211556
3.086048612313038
2.688721875540867
3.7297250895022667
3.6679284722924486
3.610063540877072
3.8810871765540207
3.0220552088742005
2.6550505394177746
1.158938532350277
3.238901256602631
3.2516291673878226
3.7837254411418493
3.536886723742167
3.196154780932867
3.09306920777189
3.182005814760214
3.5417435206018593
2.899397470347699
3.782122224145306
3.7378201980421597
3.9803377974034166
3.4677201004745006
3.471354487013929
3.2961483747476237
3.180832987205441
3.106890595608519
3.238901256602631
3.3735572622751846
3.461320140211008
3.149397470347699
3.4548223999466066
3.238901256602631
4.035805877806669
3.0220552088742005
3.0385623360756298
3.3248629576173574
3.827819531114783
4.033105184580204
4.043473608545701
4.188370067430898
4.0769294037628505
3.375
4.103597733701693
4.02804248065788
3.2321018048454127
0.0
4.142419046260804
3.593269689515108
3.8642247325745416
3.2359263506290334
3.653660689688185
3.7372138132348725
3.070847093622518
3.981255053450038
3.4428621651554656
3.327819531114783
3.3248629576173574
2.984234164652489
3.9025182662886326
3.27280432733462
3.0850551027564768
4.0782722696078375
3.196154780932867
3.373557262275185
3.0849625007211556
3.039148671903071
2.1735572622751853
3.9852062138553865
3.390805482076981
0.6685644431995964
1.280019973431558
3.202819531114783
3.1018812234760182
2.827819531114783
3.2516291673878226
3.5068905956085183
3.521640636343319
3.2516291673878226
3.419381945646371
3.240223928941852
3.2359263506290334
2.688721875540867
3.149397470347699
3.5
3.91829583405449
3.238901256602631
2.096162096193216
2.1938311332103213
2.3308442812140955
2.0459740737368928
2.281639993840156
0.420026001688088
0.5660834921220874
3.2402239289418517
2.7773627950641697
2.8731406795131336
3.364733720491344
3.7198523585646033
3.784941827437642
3.189898095464287
3.6897037321995465
3.6978458230844122
2.950212064914748
3.2516291673878226
3.0220552088742
3.5731834229238078
3.5261918808318176
3.106890595608518
2.73345859334435
3.708966082694623
3.699470570797251
3.43162356584743
3.938983384176198
3.8079767072004
3.8279097821439705
3.8635455698681236
3.7711585282379145
3.97049086403844
3.3444569352411984
3.849052701399442
3.5068905956085183
3.534219021180341
3.9377519554085865
3.238901256602631
3.795088586397733
2.873140679513133
3.2776134368191165
3.4677201004744993
3.5035391228040247
3.1898980954642875
3.5883543471732335
2.5849625007211556
3.8856507056554372
3.703465189601646
3.1590795706241743
3.729446194905257
2.5220552088742005
3.2903216092483056
3.039148671903071
2.5220552088742005
3.084962500721156
3.4056390622295662
3.584012370211935
3.182005814760214
3.636842188131012
3.4548223999466066
3.4588087989604177
2.8553885422075336
3.81294268129249
3.0220552088742
2.98345859334435
3.399079570624174
3.5724312513221195
3.101881223476018
3.0220552088742
3.5
2.939829017466402
3.7810760119146067
3.681880802803402
2.625814583693911
3.2610276044371007
3.795126022436572
3.6143694458867563
3.4104172527605203
3.32323142879762
3.175123135113461
3.327819531114783
3.327819531114783
2.7192945256669794
3.5616073922012146
4.094217946543679
3.936494994012813
3.2359263506290334
3.0850551027564768
3.4316235658474303
2.8729055953200557
3.697845823084412
2.8665871058289594
3.503258334775645
3.332095398660169
3.419381945646371
3.292770193936991
3.5988781801233425
3.4474015047059154
3.9038433692876557
3.1813663288914587
3.8230679822736606
2.9312089489103235
3.5836169753972325
3.5841837197791886
3.3921472236645345
3.238901256602631
2.8731406795131336
3.238901256602631
3.75
3.1971597234241487
4.195786415753451
3.7113148583552356
3.882045108136863
3.327819531114783
2.89740761970092
3.238901256602631
3.5883543471732335
3.4634651896016466
3.0849625007211556
3.5464393446710156
3.2516291673878226
3.43162356584743
3.503258334775645
3.182005814760214
2.7516291673878226
1.5983490981282338
1.2366407419411674
3.1775662320965243
4.005609699806475
3.208694969562842
3.5643967647320833
3.7705877251148108
3.7636467706769263
3.2267309150571264
3.106890595608519
3.392147223664534
4.010108332885094
3.7183093602234183
3.750292659616668
2.8423709931771093
3.644306775486763
3.589275070710712
1.4182958340544896
3.0269868333592873
3.5865692464606247
0.8166890883150209
2.9312089489103235
3.459491160199153
3.056564762130954
3.375
3.263933429485634
3.085055102756477
3.6402239289418516
3.6792292966721747
3.350209029099897
3.4565647621309536
3.337175341123077
3.3232314287976203
3.188721875540867
2.9633816209927053
3.006238928653389
3.7144093452479408
3.7720552088742005
3.378783493486176
3.8380398168981555
3.2516291673878226
3.43162356584743
3.2359263506290334
3.8731406795131327
3.2516291673878226
3.721928094887362
3.784941827437642
3.555533151426996
3.503258334775645
3.949087952417309
0.0
4.056016931895912
3.3908054820769813
3.327819531114783
3.859726457207222
3.813660689688185
3.744535256850675
3.8936606896881845
2.466699977838188
2.3248629576173565
3.495574960495609
3.602316558505553
3.419381945646371
3.6778611377971524
3.6143694458867563
4.045239685277583
3.9032080616476805
3.8328107368431286
3.6644977792004623
3.327819531114783
3.4817145729860726
3.238901256602631
3.7722213842278793
3.7189532820450215
4.0559581516151235
3.750292659616668
3.689406011665226
3.2946635862096048
4.057364021183293
3.4275001863219163
3.461320140211008
3.837096391418378
3.1018812234760182
2.8553885422075336
3.671405583442497
3.85416328885666
3.346439344671015
3.8225797618424915
3.189898095464287
3.057476076289932
3.75129557507525
3.926272374139508
3.3248629576173574
3.7072959957985936
3.375
3.386636567306728
3.7563475966021262
3.6645544613389456
3.182005814760214
3.5585186130489057
3.1421372556057254
3.143861730414839
2.966896180613383
3.527841087271813
3.350209029099897
3.3521355399069055
3.350209029099897
3.861998700042801
3.391201429374546
3.323231428797621
3.7166308917868656
3.0306390622295662
3.5002836880550534
3.3414460711655214
1.5783898247235197
3.6644977792004623
2.5654483718208256
4.032303242743954
3.6537567082870006
3.3735572622751846
3.4613201402110083
3.4594316186372973
3.1813663288914587
3.3735572622751855
3.4144413036949723
3.4992275471326932
3.40582225028569
2.9834585933443494
3.3082708345352603
4.040697419104721
3.238901256602631
3.0849625007211556
3.41041725276052
3.6835423624332306
2.918295834054489
3.463280517810811
3.3815804883091634
3.084962500721156
3.0269868333592873
3.4745049881054295
3.006238928653389
3.189898095464287
0.8343470230852538
3.202819531114783
3.0849625007211556
3.084962500721156
1.7474130395316416
0.2974722489192896
1.5058762556041068
2.7272170014624826
3.5841837197791886
3.0849625007211556
0.863120568566631
3.169925001442312
3.481714572986073
3.916741983468353
3.584962500721156
3.3927474104487847
3.084962500721156
2.8150724101159437
3.807445176955242
2.873140679513133
3.238901256602631
3.3927474104487847
3.5647351787255053
3.4182958340544896
3.2516291673878226
2.918295834054489
1.384431504340598
1.0408520829727552
3.2359263506290326
3.6841837197791887
3.7199025797939584
2.396240625180289
3.237405811425517
3.518369978719459
3.039148671903071
3.5
3.182005814760214
3.5931390622295662
3.952504888555799
3.4632805178108104
3.1555650133297184
3.7539280318460246
3.508536226074461
3.468169717304463
2.9232314287976204
3.52257158913636
3.8518613960653245
2.7719023720385585
3.564540477736988
2.9196905740496963
3.780357669009909
3.239079570624174
3.084962500721156
3.6566692645830736
1.871569948038403
3.4685766296878655
3.584183719779189
2.656564762130954
3.5680843243447145
2.8423709931771093
4.142463767139969
0.0
3.6723196323823664
3.5110854081804272
3.367536532577266
0.0
3.368042422572715
0.0
3.4388846821254075
3.779841472475992
3.5137718616878675
3.605388542207534
3.473268745155234
3.1466825840759682
3.8460517423779885
3.840863524765607
3.6000257765635593
3.6537805408039823
3.78017915789576
3.536886723742166
3.2516291673878226
3.8325790363027785
3.818014033640628
3.188721875540867
3.6963116361327324
3.7139996492719107
2.7534343861887853
2.952819531114783
3.8640591895934944
3.708093391577498
3.2810361125534233
3.068030335864211
3.3685225277282056
3.375
3.6504547254190594
3.511127205874543
2.449311833026446
3.1751231351134614
3.3735572622751855
3.468890506694709
3.8199096757414432
3.4578671314725846
2.9749375012019272
3.988191177575343
3.453206816311403
3.236857303422074
3.401210641914682
3.5329371319802285
3.699899196096459
3.238901256602631
3.6430741894285688
3.215948773066412
2.5220552088742005
3.070847093622518
3.2810361125534233
3.3787834934861767
3.7722168932909717
3.2321018048454135
3.679809741851978
3.4369587782755753
3.7678162173762515
3.75166400170078
3.657398959755869
3.044110417748401
3.4217111967326588
2.899397470347699
3.885826825457272
3.808884070537635
3.598878180123342
3.7873261452560074
3.039148671903071
3.127986806877675
3.617177717369157
3.51602764126623
3.3662180665468817
3.0286393118385755
3.725994614628301
3.238901256602631
3.7436838434770014
3.4548223999466066
3.847128210136425
3.0104340890333376
2.908694969562842
3.4477740935954087
3.3423709931771084
3.501397825434103
3.3927474104487847
3.085055102756477
3.4005788397313514
3.695020634116611
3.613608500731241
3.381580488309164
2.9841837197791885
3.671405583442497
3.6887218755408675
4.04340946738682
2.584962500721156
3.7671834678914604
3.5722539283649266
3.7843684875968617
3.5841837197791886
0.6437936616217652
3.373557262275186
3.580050351464737
3.182005814760214
3.7887549139935026
3.7841837197791888
3.0659573209491744
3.7015976801102295
3.7071562309216137
3.43971065015136
2.8423709931771084
3.9056390622295662
3.2485528924206135
3.753434386188785
3.447401504705915
3.0269868333592873
1.6691803368667308
1.9568009718188861
1.7947367178034825
2.2516291673878226
2.005977711423774
1.8429078545765154
1.0389205950315936
3.189898095464287
3.782122224145306
2.8553885422075336
3.189898095464287
3.7442393049484353
3.879664004902593
3.314718016821339
3.8235555902380574
3.7163394137363324
3.0220552088742005
3.5944656369614525
3.321928094887362
4.074291667567676
3.894472789205117
3.2618423904633667
3.577819531114783
3.498068512058839
0.7732283485249176
2.084962500721156
1.8919954870390203
1.9015064025015063
2.263809173883546
2.1280852788913944
1.2638091738835462
3.1395722619867223
2.688721875540867
3.7841837197791883
3.3248629576173574
1.207518749639422
3.6211755429194716
3.6216535224393334
3.676440908696868
3.0130709291038453
3.563307235905091
2.8553885422075336
3.2516291673878226
3.2037016960573483
3.826561782503199
3.9745278690160797
4.017065451976041
4.0363135962848204
3.8163401138534074
3.8643749998479078
3.3371753411230776
3.08232813685843
3.613337314045307
3.6750705203641814
3.6127831192425552
3.522711955680758
3.6122239513681262
3.7544418457133446
3.887855297518403
3.463280517810811
2.9182958340544896
1.1063137138648347
3.1018812234760187
3.2516291673878226
3.588354347173234
3.567040216926579
3.2516291673878226
2.4996981431844145
3.1395722619867223
3.25
3.418295834054489
4.032303242743954
3.327819531114783
3.5068905956085183
3.334679141051595
3.056564762130954
2.9312089489103235
3.5
3.93501653131312
2.835237745312118
3.3232314287976203
3.911306145999517
3.403989446485261
3.459431618637297
4.015311532225102
3.0503018554349812
3.1464393446710153
3.0306390622295662
3.378783493486176
3.452819531114783
3.546439344671015
3.238901256602631
3.766169917835722
3.6168746059562227
3.5724312513221195
3.077819531114783
3.419381945646371
3.5383105956150054
2.8553885422075336
3.3898227820087548
3.452819531114783
3.501397825434103
3.337175341123077
3.188721875540867
3.661932872373583
3.084962500721156
3.085055102756477
3.880794959555807
4.084712834731096
3.8793014012735574
3.7972288880242138
3.039148671903071
3.651378958998672
3.0604539363003513
3.536608254391499
3.456564762130954
3.327819531114783
3.337175341123077
2.952819531114783
2.8553885422075336
3.789898095464287
3.6302753548819773
3.408053132659755
3.3927474104487847
4.113269689515107
3.8404025467025056
3.219528282299548
3.797228888024213
4.0861422929894715
3.479079570624174
3.9701755214643457
4.0391149820650885
3.8093267337193337
2.8729055953200557
3.606015279620733
4.020636453869288
2.625814583693911
3.238901256602631
1.8429078545765154
2.682588730501833
3.949206255043326
3.8492239123906247
2.1464657985040723
3.016875695766564
2.617492461184755
3.5068905956085183
3.2516291673878226
3.039148671903071
3.085055102756477
3.3487989122024966
3.32323142879762
3.630985019785137
3.039148671903071
2.4167153927330816
3.182005814760214
3.309685696912064
3.238901256602631
2.6258145836939115
3.621928094887362
3.452819531114783
3.7534343861887844
3.327819531114783
4.026379520362197
3.529696439528413
3.106890595608519
3.521640636343319
3.5039824091702343
2.610577243331642
3.1395722619867223
3.4992275471326932
3.32323142879762
3.5225715891363594
4.0260298517012805
3.9786562946972817
3.883396642827369
4.047376803956119
3.734521664779752
4.0529371627582185
3.9842531550036644
3.202819531114783
3.084962500721156
0.7732283485249176
2.8731406795131336
3.9822892374933265
3.970950594454668
3.534938462659352
2.918295834054489
3.5110854081804264
2.872905595320056
2.873140679513133
3.4765540196866045
4.013070929103845
3.8527277834538585
3.881961979614906
4.096811173096517
2.931208948910323
3.8588029144615943
3.0269868333592873
2.8402239289418523
2.469670487371862
3.778688570451096
3.636842188131012
3.7201755214643453
3.3342094594480476
3.5883543471732335
3.0849625007211556
1.0892300788425848
3.5
2.918295834054489
3.106890595608518
3.221097250057956
3.861374880802966
2.378783493486176
3.2913928761709625
3.1484930703645584
3.616348566075164
2.873140679513133
3.5841837197791886
3.9873274760758832
3.039148671903071
3.0849625007211556
3.5724312513221195
3.202819531114783
3.3927474104487847
3.189898095464288
3.6259303090680364
3.0269868333592873
3.4695767463163936
3.7777768114567865
3.5519705475093923
3.2516291673878226
3.989898095464287
3.497155802575668
4.0152769650874465
3.8750705203641815
3.1300965864753056
3.3082708345352603
3.2402239289418517
3.446439344671015
3.555533151426996
3.5160276412662297
3.6901165175936654
3.6978458230844113
3.6818808028034016
3.754441845713344
3.605388542207534
3.8035088547976788
3.721928094887362
3.879664004902593
3.810081020521731
3.5932696895151075
0.6143694458867568
3.4314134569803283
3.238901256602631
3.6339740759971577
3.573525662575415
3.381620107948735
3.459147917027245
2.873140679513133
3.3927474104487847
3.0269868333592873
3.3248629576173574
3.0286393118385755
3.0220552088742005
3.8128194198666883
3.3248629576173574
3.573229210210221
3.616348566075164
3.084962500721156
3.5
3.2841837197791888
3.4578671314725846
3.6023165585055525
3.2659573209491746
2.7534343861887853
4.0378382197838825
4.09016718302685
4.07027456630276
4.056486596422511
3.6902603909683838
3.7409532604048397
3.8441065448145375
3.3921472236645345
3.4992275471326932
3.6841837197791887
3.914866303883101
3.605388542207534
3.708132064658602
3.653756708287001
3.452819531114783
3.039148671903071
3.7382186359289507
3.238901256602631
3.5804621997271013
2.8962915290459277
3.181366328891458
2.9232314287976204
3.9312089489103226
3.2639334294856344
3.0269868333592873
1.8024212838293647
3.4565647621309536
3.182005814760214
3.6163485660751635
3.671712602697017
3.621928094887362
3.3248629576173574
3.6368421881310122
3.6467987293229776
3.4817145729860717
4.01226471450379
3.6094963344256965
3.202819531114783
3.0220552088742
3.471354487013929
3.006238928653389
3.3927474104487847
3.772055208874201
2.5492553971685
3.085055102756477
3.006238928653389
2.7534343861887853
3.1307179879273743
3.5035391228040247
3.0220552088742
3.3037016960573484
3.688968181382679
2.688721875540867
2.984234164652489
3.890747968339605
3.0269868333592873
3.0210687638074787
3.4219280948873623
2.4591479170272446
3.25
2.8855130303998817
3.446439344671015
3.7883201891060003
3.4713544870139286
3.8136606896881853
3.896667435728994
3.821762280476044
3.7034651896016464
3.9645808237855067
3.7857499599804614
3.378783493486176
3.8489111700052194
3.239097917988786
3.165957320949175
3.006238928653389
4.0126991878517995
3.2516291673878226
2.9477027792200903
3.943739034658971
3.916163493289301
2.6464393446710157
0.9182958340544896
4.120790974006679
4.141420635553857
3.056564762130954
3.71937582241537
3.7216117239699003
3.0849625007211556
3.3232314287976203
3.2516291673878226
1.9591479170272446
3.640223928941851
3.8561962982193805
3.5670402169265785
3.558518613048906
3.907453306989608
3.653660689688185
3.2516291673878226
3.4841837197791885
3.697845823084412
3.8136606896881853
3.251629167387823
3.039148671903071
3.2516291673878226
2.931208948910323
4.048114894938302
3.084962500721156
3.6402239289418516
1.584962500721156
0.41381685030363374
3.6732696895151076
3.1068905956085184
4.057246932082875
3.5800503514647373
3.7398775745709463
3.5383105956150054
3.577819531114783
3.4332696895151082
3.2108606430179933
3.3660913291191914
2.950212064914747
3.484183719779189
3.5225715891363594
3.3908054820769813
2.873140679513133
3.4701755214643453
3.5841837197791886
3.0269868333592873
3.2464393446710154
3.2405282602167116
3.546593564294939
1.6278521631615999
3.207707064470474
3.555414184409733
3.4992275471326932
3.180832987205441
3.3787834934861767
2.931208948910323
3.189898095464288
3.2516291673878226
3.0
1.1981174211304033
3.989647220399992
3.4322911029218033
3.084962500721156
1.584962500721156
3.182005814760214
3.024397470347699
3.788754913993503
3.953768459151762
3.889268351611765
3.462414584697267
3.8153277622795065
3.766046273172704
3.7559708662399247
3.2776134368191165
3.758231958483523
3.5843876888359683
2.8729055953200553
3.5646852674027705
3.6167070029978414
3.763410102913459
3.8404181311861647
3.7729257380554144
3.802856278655118
3.794735786182559
2.4193819456463714
2.054585169337799
3.9259265776147134
3.456564762130953
3.0850551027564768
3.2655833228877325
3.27280432733462
3.8240168768495404
3.9281620530640127
3.182005814760214
2.8553885422075336
3.689561096343497
3.378783493486176
3.7715212080680507
3.085055102756477
3.039148671903071
3.125
3.9681390622295662
3.9128666854490457
3.7105815793661217
3.8739425812689867
3.2927701939369904
2.524397470347699
3.6734165853054446
2.9852281360342525
3.621928094887362
3.6618835510468304
4.070891589744692
3.6644977792004623
3.084962500721156
3.238901256602631
3.6464393446710153
3.1916116417513782
3.5804621997271013
2.9312089489103235
3.9988332554850174
4.014181145009476
4.038674286519452
3.5615947670885157
3.775849141813628
3.7432389967792195
3.3816201079487347
1.0892300788425848
3.2359263506290334
3.5325732575026194
1.3663146570363986
1.1981174211304033
1.3727069617019705
3.8374656259801387
3.7087679639401747
3.663532754804254
3.1395722619867223
3.6271705659633486
3.5585186130489057
3.848805252013559
3.7671834678914604
3.7642990880644702
3.419381945646371
4.072229709344449
3.149397470347699
3.631401845392172
3.6375375112660526
3.0565647621309537
3.381580488309164
3.8692702970899413
3.09306920777189
3.435698780751651
3.2516291673878226
3.796960730356964
3.3735572622751855
3.6402239289418516
3.1898980954642875
3.569773835029478
3.189898095464287
3.266332639970623
3.0850551027564768
3.8100810205217304
3.238901256602631
2.973557262275185
1.4237949406953985
1.3250112108241772
3.728736418430215
2.625814583693911
3.182005814760214
2.875
3.3787834934861767
3.8936606896881845
3.7823759381413686
2.889549430862088
3.5368867237421666
3.501397825434103
3.615817594675933
3.5766176449086653
3.4980685120588384
3.726737473412386
3.814736465672574
2.584962500721156
3.1952959344962157
3.584962500721156
3.505861737991006
3.7324446013247066
3.681880802803402
3.3927474104487847
3.5
2.952819531114783
3.6612262562697886
3.777747162910945
3.968979207152324
3.3464393446710154
3.7834959231633984
3.8239818205809044
3.9896076456656
1.584962500721156
3.0220552088742
3.0269868333592873
3.1761102515172546
3.419381945646371
3.7024715122197467
3.6798066535975913
3.5032583347756456
3.5804621997271013
3.4992275471326932
3.375814583693911
3.4565647621309536
3.327819531114783
3.084962500721156
2.8537431471998325
2.715874962442241
2.617396099018282
2.6644977792004614
2.074164743022575
3.9572376850160835
3.5655236900567133
1.584962500721156
3.9864405016961446
3.9373261452560073
3.41041725276052
3.661932872373583
3.843083355936897
3.3841837197791884
3.900278598164468
3.7974676329840045
3.8960957975882184
3.6539967386657093
3.403989446485262
3.689703732199547
3.8968371591293045
3.782122224145306
3.7962176025900556
3.772055208874201
3.7784235030301256
3.3927474104487847
3.2402239289418513
3.82790978214397
3.368042422572715
3.8397755396455078
3.991173461043485
3.181366328891458
3.3232314287976203
3.238901256602631
3.8096240937404087
3.9675268811071858
4.0720609253740685
2.0
3.568084324344714
3.5342190211803413
3.6978458230844113
3.182005814760214
3.024397470347699
3.4906015629507228
3.4399364703978077
3.7254805569978675
3.992421973553845
3.4548223999466066
2.688721875540867
3.9763522367378235
3.843856189774724
3.2516291673878226
3.3927474104487847
1.2806721295208872
0.8630653023129399
3.039148671903071
3.40582225028569
3.1820058147602133
3.039148671903071
3.2516291673878226
3.6464393446710153
3.9275717489329454
3.180832987205441
3.4474015047059146
3.717896012970049
3.6163485660751635
2.751629167387823
3.5585186130489053
0.6193821946787638
3.1808329872054406
1.0389205950315936
3.3927474104487847
1.207518749639422
1.1401156785146092
3.9077148025974378
3.8122417152535784
3.2810361125534233
3.2943360657504512
3.672905595320056
3.625
3.085055102756477
3.46610072007239
3.251841113795077
3.065957320949175
3.085055102756477
3.4548223999466066
3.251629167387823
3.0086949695628418
3.694739663055176
3.6069367321753205
3.169925001442312
3.772449620842178
3.202819531114783
3.4332696895151087
3.708048150071232
3.151363669197544
3.2780614658328315
3.770942421748537
3.0220552088742
3.491443355765328
3.584962500721156
3.085055102756477
3.0220552088742
3.7495742419887397
3.2402239289418517
3.7024715122197462
3.796520969058686
3.10845859334435
3.530493056757482
3.9427588656149166
3.0220552088742005
3.238901256602631
3.5068905956085183
3.636842188131012
3.761768795973194
3.546439344671015
3.7593620671709997
3.25
3.239097917988786
3.317311741792061
3.084962500721156
2.6612262562697895
2.9258530145612824
2.499698143184415
3.4604180636454753
3.5002836880550534
2.918295834054489
3.5069204342859512
3.341446071165522
3.0269868333592873
3.1556390622295662
3.0269868333592873
3.368297988043044
3.2806390622295662
2.8553885422075336
4.093997157919558
3.1414460711655217
3.646963301322424
2.584962500721156
3.453626767019874
3.5039280318460246
3.373557262275185
2.9852281360342525
3.182005814760214
3.3086949695628425
3.084962500721156
3.4594316186372973
3.30827083453526
3.084962500721156
2.873140679513133
3.5086949695628418
2.885103877330987
2.292481250360578
3.3927474104487847
3.9896510408756938
1.584962500721156
3.6841837197791887
2.8553885422075336
2.873140679513133
3.5878587982995094
3.7464033171030486
3.8518232255517666
3.9057503408688135
3.4235332098491895
3.3787834934861767
3.8001821971347023
3.33702427542495
3.54595859334435
3.5630741894285687
2.6550143836438265
4.121362513316019
3.6402239289418516
4.057855988582063
3.197159723424149
3.8259600381612375
3.624518654958899
3.821928094887362
3.725650756112093
2.98345859334435
3.4992275417233567
2.625814583693911
3.689703732199547
3.125
3.4039894464852614
3.6339740759971577
3.627763553007399
4.016283580676733
1.0389205950315936
0.7793498372920851
4.0510073036073475
3.546593564294939
2.8962915290459277
3.953565664946427
3.0269868333592873
3.03856233607563
3.238901256602631
2.827819531114783
3.0220552088742
3.0837651410695504
3.3841837197791884
3.761660630010439
3.805624070358184
4.047089758538763
3.625
3.2402239289418513
2.148834854280917
1.689391746743088
2.7661506484543557
2.251629167387823
2.084962500721156
2.7539187581803457
1.6258145836939115
3.3735572622751846
3.189898095464287
3.7254805569978675
3.0
3.077819531114783
3.2536606896881857
3.1437778012308515
3.2516291673878226
2.8553885422075336
3.787095154834476
3.106890595608519
3.0269868333592873
3.619250912838829
3.8365916681089787
3.6612262562697886
3.182005814760214
3.8404025467025056
3.8395317373613156
2.5073801024236353
3.0220552088742005
3.0220552088742
3.987326145256008
3.2927701939369904
2.8553885422075336
2.751629167387823
2.7773627950641693
3.441084980573949
3.734521664779752
3.6168746059562227
3.0220552088742005
3.9053077763737467
2.873140679513133
2.7516291673878226
3.884653744936846
3.25
3.238901256602631
3.530493056757482
3.7950885863977324
3.9579927879214245
3.592563517383931
2.807354922057604
4.009744584277753
3.175123135113461
3.5724312513221195
2.8221819586428722
3.2108606430179933
3.6997827134360644
3.373557262275185
3.0849625007211556
3.318453957701921
3.4401204074720737
3.375
3.5865692464606247
3.6753108689123644
3.375
3.7962176025900556
3.4072682296173897
3.2359263506290326
3.327819531114783
3.883172708844138
3.0220552088742005
3.7941049456316014
2.8150724101159437
3.8265544452725484
3.0044754677619863
3.323231428797621
3.3825680832760763
3.4947396630551757
3.852727783453858
3.7378201980421597
3.3787834934861767
3.863465189601646
2.9151959937952423
3.459491160199154
3.327819531114783
3.6619328723735824
3.182005814760214
3.9623649593002592
3.846247366880587
3.4685766296878655
3.327819531114783
3.13624341298306
2.9559130951758243
3.9411702754413276
3.1746939516467014
3.5351745656359026
3.537400003298785
3.918549426367401
4.217768422950864
3.8637839704892096
4.098431105306276
1.584962500721156
3.7024715122197467
3.084962500721156
2.918295834054489
3.006238928653389
3.605337797403416
2.873140679513133
2.873140679513133
3.0849625007211556
3.4594316186372964
3.3918926446809317
2.8553885422075336
3.2946635862096048
3.9134007456613777
3.6479820815528057
3.5039280318460246
2.4591479170272446
2.522700291198829
2.5528321616792033
1.207518749639422
3.006238928653389
3.896439344671015
3.43971065015136
3.4955749604956083
3.8631354307595953
3.1464393446710153
3.495220397841579
2.9689185639620974
3.6763906325796265
3.829732674298455
3.3086949695628416
3.5471824030141694
3.836291699495947
3.8029100796497266
3.2321018048454135
3.182005814760214
2.789898095464287
2.9182958340544896
3.452819531114783
3.238901256602631
3.642149881636903
3.039148671903071
3.3787834934861767
3.5766176449086653
3.3680424225727155
3.3248629576173574
3.1898980954642875
3.1692486956952335
3.2806390622295662
3.3787834934861767
3.41041725276052
3.1018812234760182
2.296316830826212
3.7201755214643453
3.327819531114783
3.7447850008445385
3.6428296592411913
3.128085278891395
3.5356747474501944
3.7539274689630973
3.236617201725714
2.3532946968877244
3.175123135113461
3.6695767463163933
3.889122892960005
3.1751231351134614
2.952819531114783
3.681880802803402
3.546439344671015
3.5739348962840567
3.189898095464287
2.8962915290459286
3.084962500721156
1.2366407419411674
3.085055102756477
3.895423870280316
2.251629167387823
2.8553885422075336
3.6143694458867563
3.438721875540867
3.085055102756477
2.9735572622751856
3.2810361125534233
3.3841837197791884
3.2516291673878226
3.5465935642949384
3.039148671903071
3.2516291673878226
2.789898095464287
3.180832987205441
3.0306390622295662
3.7148697866030833
3.7871439606981383
3.4632805178108104
3.182005814760214
1.584962500721156
3.5055875858619334
3.512479270691232
4.14357451534865
3.602910079649727
3.9185027715390595
3.8143719431796272
2.8665871058289594
4.117785385903933
2.8150724101159437
3.5930692077718893
3.8143719431796272
3.3787834934861767
3.356492413796824
3.327819531114783
2.984183719779189
2.9232314287976204
2.8282129458410012
3.2575004135020675
3.4116022179746714
3.4224849616954724
3.5841837197791886
3.5306834622783287
3.299896391167891
3.879664004902593
3.6211755429194716
3.446439344671015
3.1279868068776753
3.5736606896881846
3.6011703467917076
3.100068930662753
3.730007750317493
2.8962915290459277
3.5772002197177506
3.995807243727061
3.3027227528624894
3.644413829577611
3.8910800599236666
3.7321588913645694
3.373557262275185
3.84024462736817
3.4992275417233567
3.5434651896016467
3.9377519554085865
3.039148671903071
3.0306390622295662
3.633974075997158
3.863465189601646
3.0269868333592873
3.3927474104487847
3.6841837197791887
3.2359263506290334
3.9167019963811422
3.397214084366032
3.4992275417233563
2.7898980954642867
3.5
3.7159321855150296
3.3232314287976203
3.8414473125268014
3.3248629576173574
3.7362801326109927
4.018081793978685
3.6722542525286
3.5585186130489057
3.180832987205441
3.821928094887362
3.188721875540867
3.3927474104487847
2.8553885422075336
3.5414460711655216
3.180832987205441
2.3071885761626687
1.756623811079363
1.5031094585104663
0.6685644431995964
3.2516291673878226
3.6457113704075788
3.712018882480419
3.938482505592091
4.172473339860881
3.6887218755408675
3.438307235905091
4.1470552088742005
3.3735572622751855
3.823498236506883
3.577819531114783
3.5849625007211565
3.6936069140344396
3.3346791410515944
3.6644977792004623
2.7534343861887853
3.9294258209612645
3.8026555965581874
4.061414520312848
3.106890595608519
4.105997505288224
3.8753912146823875
4.075607502524777
3.4548223999466066
4.188341847052996
4.037685907051679
3.32323142879762
3.039148671903071
3.5724312513221195
3.3787834934861767
3.681880802803402
1.2958363892911637
3.4414460711655215
2.6062389286533896
2.8453509366224368
1.584962500721156
3.085055102756477
3.588354347173233
2.973557262275185
3.820888851350188
3.232101804845413
3.7963682966687506
3.6619328723735824
3.723231428797621
3.350209029099897
3.4428621651554656
3.7256507561120937
3.337175341123077
3.1479578728872353
3.641249800455479
2.8584585933443494
2.8553885422075336
3.334209459448048
3.7126986600847065
3.3841837197791884
3.661226256269789
3.4072682296173897
3.2516291673878226
3.935747046190201
3.2359263506290334
3.182005814760214
3.32323142879762
3.4565647621309536
3.452819531114783
2.9852281360342516
3.378783493486176
3.2639334294856344
2.495602923729013
3.2359263506290334
3.180832987205441
3.378783493486176
3.6168746059562227
3.6057564123107273
3.808142554975878
3.6164036521031773
3.752260204523717
3.238901256602631
2.918295834054489
2.8553885422075336
3.0220552088742
3.2689289124151832
3.5383105956150054
3.463280517810811
3.257500413502067
3.4677201004745006
3.894693951646701
3.2516291673878226
2.835237745312118
3.446439344671015
3.6682958340544896
3.1813663288914587
3.795580929639266
3.9096743265455456
3.731746181697385
3.7047012441673464
3.7125863930545138
3.1158340921632197
3.503701696057348
3.588354347173234
3.2806390622295662
2.556656707462823
3.2998963911678905
3.4585250192341497
3.4992275417233563
3.5535088547976788
3.180832987205441
2.8553885422075336
3.9367419895419924
3.2776134368191165
1.815693189708237
1.3520301017579528
1.4519076150714065
3.6838561897747235
3.4387218755408675
3.620571577105421
3.452819531114783
4.180085849707868
3.438627220688601
3.7359263506290326
4.152877354191285
1.8184431634939007
2.0707895262723337
3.084962500721156
3.006238928653389
3.732988757977851
3.2516291673878226
3.238901256602631
3.039148671903071
2.9182958340544896
3.855388542207534
3.641543445405335
3.2729055953200556
3.8962915290459277
3.9262723741395074
4.019321287014682
3.8578969873097346
3.0220552088742
3.251629167387823
2.9689185639620974
3.3735572622751846
3.863386886424055
1.584962500721156
3.7154560610774214
3.6635327548042538
3.5883543471732335
3.8875835077256022
3.653756708287001
3.7950885863977324
3.6897037321995474
3.8975481736066993
3.5726236638951634
1.5
3.1556390622295662
2.8553885422075336
3.350209029099897
3.3086949695628425
3.3248629576173574
3.446439344671015
3.5
4.052389003080352
3.6442475629608078
4.029685097886746
3.977167258499523
3.378783493486176
0.9933927290103626
3.487562961086188
3.1898980954642875
3.202819531114783
3.7962176025900556
3.721928094887362
3.246439344671015
3.831361313803898
3.2927701939369904
1.5157895841746822
3.0286393118385755
0.6098403047164004
1.456564762130954
1.4859595066724702
1.7456509501625344
1.810398943345524
1.7406267351807347
1.664892830866236
1.8396157953547092
1.7688026428183943
1.7004397181410922
1.4237949406953985
2.1633347891038204
2.220814936893612
1.9460614874522244
1.7987949406953985
1.7433726580786888
1.8396220261277634
1.887546959063572
1.7987949406953985
3.6211755429194716
3.085055102756477
1.0219280948873624
3.418295834054489
3.1395722619867223
3.2516291673878226
3.0220552088742
3.039148671903071
3.806757494382033
0.0
2.7516291673878226
2.610063540877072
3.8359765391330014
2.7516291673878226
3.9464633840824312
3.2414460711655217
2.751629167387823
3.203701696057348
1.5435644431995963
3.722569548410142
3.708132064658602
2.8962915290459277
3.2516291673878226
3.039148671903071
3.735687824737577
3.6314072231363386
3.52164063634332
3.319079570624175
3.175123135113461
3.872905595320056
3.0269868333592873
3.1056721842714325
3.3660913291191914
3.4039894464852614
2.625814583693911
3.3532696895151086
3.452819531114783
3.7166308917868656
3.7516291673878235
3.00623892865339
3.378783493486176
3.7622673906514943
3.641703436223274
3.651210641914682
3.3787834934861767
3.25
4.00799441649887
2.699513850319966
3.60341234326019
3.5086949695628418
3.5614063297218426
3.631401845392172
3.378783493486176
2.4591479170272446
0.988180837004676
3.084962500721156
3.965596230357602
3.798533209849189
3.7050540796780407
3.587858798299508
3.3927474104487847
3.327484781955842
3.319079570624174
2.9219280948873623
1.0
3.1272103113389793
4.078280202765122
2.4416298737872246
4.076161728500684
4.078065078317783
3.4029100796497267
2.8962915290459286
3.421622923150522
3.8488846166291197
4.0322539597804266
3.7321588913645694
2.692380602454975
3.263933429485634
3.5664880607776364
3.652518266288633
3.7336606896881848
3.039148671903071
3.6679719283418084
3.180832987205441
3.09306920777189
3.6390795706241734
3.446439344671015
3.180832987205441
3.521640636343319
3.36030597770208
3.8539241877462653
2.7806390622295662
3.960462747200944
3.127986806877675
3.90768502106766
4.011620183437738
4.063219950645567
3.99698653848558
3.327819531114783
4.178524964792489
3.181366328891458
3.8029960780614824
4.061110386808337
1.0975378398419535
1.5577277787393193
2.918295834054489
3.534219021180341
4.059975393459197
0.9182958340544896
3.0849625007211556
3.0220552088742005
3.337175341123077
4.021640636343318
3.708132064658602
3.085055102756477
3.2810361125534233
3.4548223999466066
3.085055102756477
3.6280729963885094
3.782122224145307
3.4273334938982645
3.5465935642949384
3.4188897183629865
2.939829017466402
3.139572261986723
4.059313726842909
3.5068905956085183
3.3274847819558424
3.9336813762152554
2.8150724101159437
3.4817145729860717
4.115131647392289
2.8073549220576037
3.418295834054489
3.881593511005629
3.5944656369614525
3.4548223999466066
3.1971597234241487
3.9812588233538255
4.0909860955192325
4.190090715930343
3.238901256602631
2.9182958340544896
3.640223928941851
3.506890595608518
3.7254805569978675
1.0892300788425848
3.2639334294856344
3.7256507561120933
3.2359263506290334
3.463280517810811
3.484183719779189
3.469544356972731
2.8553885422075336
3.8732358263763285
3.2608281712244547
3.3232314287976203
3.3086949695628425
3.180832987205441
3.327819531114783
3.238901256602631
3.8848588918890474
3.2608281712244547
3.3927474104487847
3.572469458770136
3.5110854081804264
3.7198523585646037
3.613337314045307
1.207518749639422
3.8729055953200557
3.084962500721156
3.7550576199383072
3.9267648922803033
3.9484090177530744
3.959412980695836
3.7898980954642876
3.106890595608518
3.522055208874201
3.4790795706241737
3.3660913291191914
3.8868421881310122
3.3660913291191923
3.522055208874201
3.5739348962840563
3.863826390090815
3.4251185503571393
4.177092380014061
1.207518749639422
3.936260027531526
3.238901256602631
3.521640636343319
3.2402239289418517
3.715018266288633
3.852676197426378
3.2210972500579564
3.5068905956085183
3.772055208874201
3.874493471306036
3.946697388157826
3.522055208874201
3.788341339656749
3.7560901896609136
3.606936732175321
3.551191174465697
3.2202880337396325
4.053241045915102
3.8451349885033643
1.0949143184120975
3.788954782817886
3.9108187666505323
4.0469961498259535
4.209670656473585
1.584962500721156
2.918295834054489
3.039148671903071
3.4273334938982645
3.9374703981560097
3.4474015047059154
3.4677201004745006
3.182005814760214
3.0086949695628418
3.0441104177484006
3.4841837197791885
3.988608500731241
3.350209029099897
1.4182958340544896
3.4548223999466066
2.8225797618424915
3.2368489059491368
2.71929452566698
3.0306390622295662
2.8731406795131336
3.322179345516666
3.534219021180341
3.925582777656032
4.170833093242402
3.8561962982193805
2.6887218755408666
3.25
3.378783493486176
3.534219021180341
3.0
3.2720552088742005
3.681880802803402
1.2577148214953864
1.0529815751302694
1.0892300788425848
4.021083995985374
1.6143308351592656
3.3927474104487847
3.2639334294856344
3.192413018607227
3.2813734094119904
3.8504932673238823
3.1158340921632193
4.01221255803676
2.9182958340544896
3.0269868333592873
3.720798372486508
1.9301249653149701
2.774397470347699
2.7925862263697305
3.8527457808718695
2.8553885422075336
3.6133373140453067
3.525939943986514
3.373557262275185
3.180832987205441
3.03914867190307
4.053853029148863
3.689703732199547
3.09306920777189
3.572431251322119
3.2639334294856344
3.4613201402110083
3.2359263506290326
3.4219280948873623
3.0708470936225174
3.7110804962442776
3.4634651896016466
2.8553885422075336
3.5766176449086653
3.576617644908665
3.735281416219837
3.6402239289418516
0.8683927290103626
3.1556390622295662
3.2044479607083516
3.9569197615639244
3.4251185503571393
3.866216676557283
3.189898095464287
3.9239507373407694
3.762818395221641
3.7401417986938075
3.8962915290459286
4.079744343208118
3.30827083453526
3.9419641993178947
3.8527277834538585
4.0968585391567425
3.813660689688185
3.737610594628491
3.3082708345352603
4.034549877943523
3.825091253943213
3.5016291673878226
2.8255059710789405
2.9834651896016466
3.1068905956085184
2.9182958340544896
2.855904922469693
3.689703732199547
3.5
3.463280517810811
3.2402239289418517
2.8553885422075336
3.4992275417233567
3.725650756112093
3.606936732175321
3.0269868333592873
3.1820058147602133
3.625
1.573402452417767
1.5510981710072647
3.378783493486176
3.25
3.5464393446710156
3.327819531114783
3.225412897259045
2.584962500721156
3.746291941736342
3.2195282822995477
3.084962500721156
2.9139770731827523
1.584962500721156
2.358938532350277
2.355388542207534
3.326360407952693
4.0220303682275915
3.30827083453526
1.0
3.2359263506290334
3.0220552088742
1.0892300788425848
3.189898095464287
2.8553885422075336
3.5623054741943334
3.6835423624332306
3.4634651896016466
3.327819531114783
3.475874973030598
3.29287868934203
3.536886723742166
3.0220552088742005
3.131282484597587
3.831401845392172
3.679301604033173
3.0565647621309537
2.064042639445697
1.1401156785146092
3.182005814760214
3.323231428797621
2.8731406795131336
3.3735572622751846
3.6014097655573916
3.4219280948873623
2.610577243331642
3.8208888513501886
3.511085408180426
3.292770193936991
3.0220552088742
3.6619328723735824
2.8731406795131336
3.847742678581274
3.180832987205441
3.85845859334435
3.719294525666979
2.8150724101159437
3.616348566075163
2.931208948910323
3.6679284722924486
3.039148671903071
3.8553885422075345
3.740771391823488
3.855403259955502
3.7970751159646334
3.208694969562842
3.788370777936405
3.719813209122391
2.9398290174664026
3.9108898983547116
3.482092175603911
3.761038989803463
3.352135539906906
3.8141424713978815
3.4767386887016647
3.7754709085709814
4.031780803982673
1.5
4.04583344144878
3.8370662098815216
3.9509745525187356
3.9377519554085865
3.4817145729860717
3.624726209504296
3.5160276412662297
4.05315831813488
2.751629167387823
3.6820058147602137
3.577747162910945
3.653756708287001
2.751629167387823
3.587858798299509
3.438627220688601
4.055036636214219
3.974647975817024
3.1132833342948745
3.3022584126945977
4.067465619724554
3.5465942457551543
3.7024260409909386
3.4074355167595254
2.9450386975402445
3.375
3.5742685455046925
2.939829017466402
2.8655768552072476
3.7679851535360127
3.6053885422075345
3.3841837197791884
0.6998428398862386
2.9870900416203345
3.180832987205441
3.5766176449086653
3.481714572986073
3.630412660873998
3.3927474104487847
3.263933429485634
3.327819531114783
3.0269868333592873
3.6763906325796265
4.134246454963927
3.6537567082870006
3.797902689682947
3.7950885863977324
3.755370070237811
3.1068905956085184
3.824252831282987
3.5086949695628418
3.238901256602631
3.8849458303577458
4.004886164091842
3.8605687521135112
3.717850465126432
3.8444744190348703
3.9944383510247703
3.249460279921617
3.876692911840635
3.2639334294856344
3.30827083453526
3.039148671903071
3.6835423624332306
3.880144161264372
4.059152560199534
3.7264741182543757
3.901146220800411
3.615171310247296
3.633974075997158
3.867607187701539
3.965483004803846
3.980826791571263
3.202819531114783
3.740601562950723
3.625
3.327484781955842
3.238901256602631
3.238901256602631
3.9053994498316547
3.5342190211803413
3.375
2.8553885422075336
3.3927474104487847
3.521928094887362
3.5766176449086653
3.8219280948873617
3.084962500721156
2.8553885422075336
3.728502115742625
3.9790978911348045
3.4613201402110083
1.7841591278514217
2.128085278891394
1.965596230357602
1.7841591278514217
3.743359711799222
3.874969353280121
3.1692486956952335
2.3248629576173565
3.6047039677121826
3.615817594675933
3.574164743022575
3.3735572622751846
3.306020262209256
0.9141828384352135
3.452819531114783
1.0975378398419535
3.2516291673878226
3.5465935642949384
3.6012274809529563
3.3082708345352603
3.856564762130954
2.9232314287976213
3.6168746059562227
3.0849625007211556
1.4932133643654213
2.7037016960573483
3.337175341123077
3.6635327548042533
3.627542017127577
3.753928031846024
3.2806390622295662
2.8553885422075336
3.384183719779189
3.7192945256669785
3.7091479170272454
3.642371448743902
3.525939943986514
1.1964209471916636
3.708048150071232
3.4565647621309536
3.4713544870139286
3.1898980954642875
3.204986855772667
3.484183719779189
3.838039816898156
1.188721875540867
3.1395722619867223
3.0565647621309537
3.2359263506290334
2.7773627950641697
3.1556390622295662
3.2806390622295662
3.969568296793496
3.452819531114783
3.095795255000934
1.9219280948873623
2.8962915290459286
4.005063553576607
4.0022680844408445
2.2516291673878226
3.401210641914682
3.125
3.8428572928084965
1.419556298571613
3.1464393446710153
2.8150724101159437
3.663532754804254
3.7004397181410926
3.452819531114783
1.4112050925821995
1.1401156785146092
1.5510981710072647
3.521640636343319
3.3248629576173574
2.5654483718208256
2.950771349598965
2.4193819456463714
3.297902689682947
3.031116172456019
3.2532590215739536
3.854424768649358
3.7201755214643453
3.9736807422451057
0.0
3.736006946447657
1.6384959928705063
1.8736162483142753
1.6541881272613423
1.865857031668058
3.09306920777189
2.9109922530150456
3.1552215288595122
3.182005814760214
2.8553885422075336
3.2359263506290334
3.926084924418665
3.182005814760214
2.6535442970305683
3.75
3.378783493486176
3.546439344671015
3.5225715891363594
3.521640636343319
3.0849625007211556
2.5492553971685
2.5
1.5
3.182005814760214
2.8962915290459286
3.6385304691242912
3.7588670992335307
3.625
1.5440240964819507
2.335472065091239
3.452819531114783
3.5
3.534219021180341
3.636842188131012
3.3680424225727155
3.7534343861887844
3.09306920777189
3.76062054430996
3.820888851350188
3.6038561897747243
3.8778710855943266
3.3464393446710154
3.4594911601991534
3.2368573034220742
3.4992275471326932
3.0849625007211556
3.7216117239699007
3.521640636343319
3.2516291673878226
3.410232940673185
3.026277013101236
3.5849625007211565
3.238901256602631
2.663532754804255
2.8962915290459286
3.238901256602631
3.308751351247166
3.8332696895151077
3.5
3.238901256602631
3.0269868333592873
3.3908054820769817
3.7192945256669785
3.6464393446710153
3.4058222502856896
3.418295834054489
3.48582592784901
2.873140679513133
3.522055208874201
4.056473652474705
3.9728040976759496
1.0
3.5566567074628233
3.90693341121127
3.572623663895163
3.3660913291191914
3.522711955680758
3.6412498004554785
2.751629167387823
3.79628341648475
2.4996981431844145
3.739572261986723
3.392147223664534
3.887256723419408
3.5841837197791886
3.572623663895163
3.5261298155959175
3.997991521689618
3.337175341123077
2.9312089489103235
3.6464393446710153
3.202819531114783
3.4136606896881854
2.835237745312118
3.4817145729860717
3.452819531114783
3.8682403204822884
3.5936576653909618
3.5483943455364026
3.6901165175936654
3.9963843160385055
3.6978458230844113
3.2729055953200556
3.7489948035250964
3.3927474104487847
3.689703732199547
3.778794542344899
3.373557262275185
3.681624056826426
3.30827083453526
3.7841837197791888
3.6424896731661267
3.378783493486176
3.82306798227366
3.974536289433514
2.9852281360342525
3.3248629576173574
3.546439344671015
3.0849625007211556
3.9166079048099856
3.0
3.084962500721156
2.969389419529156
3.4225779953216042
2.7898980954642876
3.2359263506290326
3.546439344671015
3.625
3.139572261986723
3.146286370662105
3.488764974387061
3.642371448743902
3.8235555902380574
3.958694969562841
3.53641423712223
3.4613201402110083
3.182005814760214
3.2402239289418517
1.4689955935892813
3.819548827786958
3.202819531114783
3.5878587982995085
3.077819531114783
3.180832987205441
3.3444569352411984
3.640223928941852
3.534219021180341
3.7113148583552356
3.526191880831817
3.531678818062291
3.4992275417233563
2.950212064914747
3.2927701939369904
3.2195282822995477
3.139572261986723
1.0975378398419535
3.3815804883091634
3.0269868333592873
3.2516291673878226
2.9735572622751847
2.7806390622295662
3.175123135113461
2.363865121950854
3.0220552088742
3.3232314287976203
3.7950885863977324
2.9735572622751847
3.2608281712244542
1.188721875540867
3.188721875540867
3.4992275417233567
0.7732283485249176
1.207518749639422
3.169925001442312
3.188721875540867
3.057476076289932
3.4642346527265664
3.4464393446710155
3.236857303422074
3.4705696783955076
3.533771256064557
3.838804369244613
3.2267309150571264
3.661932872373583
3.753434386188785
3.836600340868551
3.2516291673878226
2.923231428797621
4.035856758326928
3.816054620318223
3.5645404777369887
1.0389205950315936
3.572469458770136
3.2368573034220742
3.6313883471435844
3.238901256602631
3.0849625007211556
3.590571081259866
3.146286370662105
3.2195282822995477
0.9463729359854419
2.8423709931771093
3.2516291673878226
3.419381945646371
3.6424896731661263
3.1751231351134614
3.292770193936991
2.955913095175825
3.4548223999466066
3.824533406881911
3.643074189428569
3.2516291673878226
3.4992275471326932
3.3248629576173574
2.950212064914747
3.189898095464287
2.873140679513133
3.0220552088742
3.522571589136359
3.1841837197791887
2.7534343861887853
3.3716535224393334
2.7773627950641697
3.4963701768382975
3.8876821873866114
3.901188249902867
3.3308381614319833
3.0269868333592873
2.918295834054489
3.4632805178108104
3.6424896731661263
3.546439344671015
3.5368867237421666
3.6841837197791887
3.6841837197791887
3.4273334938982645
3.933075286220004
3.721928094887362
3.7717093214801847
2.625814583693911
3.7544418457133446
3.4316235658474303
3.350209029099897
3.8947396630551765
3.0269868333592873
3.506890595608518
3.661932872373583
3.3841837197791884
3.5448806813171196
3.5643610044241814
3.5509331340510513
3.8288871703716754
3.9819845111787067
3.5908201005000873
3.3086949695628416
4.209311840626323
1.584962500721156
1.2958363892911637
3.366091329119191
3.2359263506290326
3.433269689515108
3.182005814760214
3.437193208607594
3.6572682296173897
4.092097920610005
4.066726864435826
3.5282424844314786
3.9473990546653197
3.653756708287001
3.628928031846024
4.08634674903848
3.5680843243447136
3.510879636921937
4.09115261947929
3.555533151426996
3.446439344671015
3.195295934496216
3.8627370020580423
3.0849625007211556
3.1556390622295662
3.2390979179887864
1.186278124459133
3.3232314287976203
3.559079570624174
3.606936732175321
3.2927701939369904
3.0849625007211556
1.6258145836939115
3.489415736636332
3.7381493331928657
3.796217602590055
1.584962500721156
3.308694969562842
3.5883543471732335
3.3927474104487847
2.751629167387823
3.2516291673878226
3.572623663895163
3.586569246460625
3.1158340921632197
1.573402452417767
1.7209480533797532
2.472905595320056
2.8731406795131336
3.5780011510322707
2.9852281360342516
2.5654483718208256
3.1898980954642866
3.640223928941851
3.7381493331928652
0.9055872616982603
3.2359263506290334
3.7887549139935026
3.851823225551766
4.018520896348226
3.2516291673878226
3.32323142879762
2.8729055953200557
3.0286393118385755
3.5944656369614516
3.2009102795095283
3.8980685120588383
3.88823478393834
3.2516291673878226
3.031116172456019
1.842439849984381
2.0
2.7559130951758246
3.610577243331642
2.523231428797621
3.602316558505553
3.0849625007211556
3.5328786893420303
3.7873261452560083
3.6435772625452394
3.0168756957665637
3.340199876515856
3.2195282822995477
3.7181390622295662
3.711602164243351
3.5148191426459237
3.8645783739023822
3.5724312513221195
3.7201755214643453
3.8834114592524385
3.96956318528823
3.9402982414122714
4.104053428749647
3.5966838917579285
3.5039280318460246
3.9836145300941257
3.452819531114783
2.974937501201927
3.238901256602631
3.1556390622295662
3.8820214465367484
3.3927474104487847
4.028946391954608
4.02800359999573
3.831401845392172
3.8828142771033956
2.5220552088742
3.070847093622517
3.877567157116928
3.422577995321604
3.9597600340384314
3.5766176449086644
3.3841837197791884
3.427333493898265
3.6464393446710153
3.189898095464287
3.0306390622295662
3.238901256602631
3.3482071965997537
3.375
3.0957952550009344
3.2516291673878226
3.9250705203641814
2.860320777833044
3.546593564294939
3.4548223999466066
3.6510673639977074
3.180832987205441
3.2610439833372844
3.9068905956085187
2.9852281360342516
3.663532754804254
3.2927701939369904
3.6412498004554785
3.6550455468258045
3.4594316186372973
3.990705473685234
2.9232314287976204
3.760014975824317
3.893060021002668
4.179347221149333
3.8553885422075345
3.616348566075164
3.5724312513221195
4.020543520369997
3.418295834054489
3.735687824737577
4.034313323055127
3.188721875540867
3.0269868333592873
2.9312089489103235
3.375
3.42660944325423
2.8731406795131336
3.9353986674667634
2.103909910282364
3.6069367321753205
3.8117624183983927
3.881005488054637
3.5383201891060003
3.6194825163502897
3.327819531114783
3.5124792706912316
3.0220552088742
3.4399364703978077
2.9689185639620974
3.8136606896881853
3.2359263506290326
3.6644977792004623
2.931208948910323
3.0565647621309537
2.855388542207534
3.0269868333592873
3.3921472236645345
3.2516291673878226
1.207518749639422
1.7215568632571525
1.6762825200152929
1.869657201480973
3.2516291673878226
1.2031786837787726
3.326360407952694
0.8166890883150209
3.2359263506290334
3.5414460711655216
3.5368867237421666
3.1952959344962157
3.378783493486176
3.0269868333592873
3.625
3.7492750707107128
4.202019084114196
3.27280432733462
3.6304126608739975
4.040829328896073
3.546439344671015
3.82974387090041
2.9559130951758243
2.8553885422075336
3.4852281360342516
3.556656707462823
3.48582592784901
2.7534343861887853
3.594117891631185
3.76429908806447
3.887383821365072
1.0
2.8218881955261783
3.4585250192341497
3.414441303694973
3.8365916681089787
3.238901256602631
3.3735572622751855
3.890319531114783
3.452819531114783
3.375
3.9482158317732625
3.665323158511543
3.297902689682947
3.414441303694973
2.9139770731827523
3.8738714376416588
3.327339900083509
3.1751231351134614
3.1841837197791887
3.6497576889681995
3.238901256602631
3.0849625007211556
3.9497820013537948
3.5724312513221195
3.9770229001544455
3.671405583442497
3.5949054612278935
3.300559092390954
3.4548223999466066
3.2195282822995477
3.521640636343319
3.202819531114783
3.8610763357318585
3.7841177856075423
3.923395255982499
3.2359263506290334
0.0
0.8166890883150209
3.6211755429194716
3.2877837199410704
2.952819531114783
3.7998963911678914
3.503258334775645
3.170134892428194
3.238901256602631
3.450702993218473
3.9129311949793895
3.5739348962840563
3.594465636961452
3.065957320949175
3.1898980954642875
3.8208888513501886
3.8248629576173565
3.084962500721156
3.2402239289418517
4.0609391045524
2.6416041678685933
3.836465956408321
3.327819531114783
3.5765873702606727
1.584962500721156
3.7603826520482295
3.7453188259231696
3.551989480571042
3.963931805855771
3.0269868333592873
3.4332696895151074
3.6168746059562227
3.0269868333592873
3.521640636343319
2.8423709931771093
4.056661698894282
3.7183093602234183
3.2608281712244547
3.056237710413472
3.9514786505846886
3.803840245300684
3.084962500721156
3.1333807190554004
2.9995812306460645
1.9508257945180885
3.046944521229672
4.084935009439321
3.3610538315307474
3.065083811109969
4.088538740742275
3.1264045394372566
2.4591479170272446
3.952029579031012
3.2083942101587835
3.39938001616622
2.446428310992824
3.0416256143692224
3.6805666874447005
4.0053504317459225
3.378783493486176
3.5068905956085183
3.323231428797621
3.323231428797621
3.238901256602631
2.702819531114783
3.4182958340544896
3.243300368538957
3.928770953493289
2.872905595320056
3.238901256602631
0.9123163027543337
0.8180959929710641
1.7385703452690409
2.003287733204534
3.7417292966721747
3.7849418274376423
3.4565647621309536
3.1898980954642866
3.9484203222468373
3.5908201005000877
3.481567779599674
3.155565013329719
3.32323142879762
3.895550028655463
3.2516291673878226
3.0269868333592873
3.6504103051739905
3.182005814760214
3.3908054820769817
2.939829017466402
3.2359263506290334
3.32323142879762
3.266332639970623
3.0269868333592873
2.873140679513133
3.0220552088742
4.080151725036888
3.828796068516699
3.452819531114783
3.437193208607594
3.653423531882554
3.202819531114783
3.7834651896016465
1.5545851693377994
3.7754758472091443
3.6990278753194064
3.182005814760214
3.4565647621309536
3.0269868333592873
3.3834651896016465
3.9309288054300557
4.0775671571169285
3.3248629576173574
3.323231428797621
1.2567796494470393
3.084962500721156
3.5160276412662306
3.506890595608518
2.8962915290459286
3.5670402169265785
3.7192945256669785
3.693902085446844
3.7201755214643453
3.5975583870244896
3.238901256602631
3.589275070710712
3.5511911744656968
3.005314856894279
2.923231428797621
3.578001151032271
2.984234164652489
3.1659573209491745
3.180832987205441
3.09306920777189
3.32323142879762
3.4565647621309536
3.844106544814537
3.084962500721156
3.9969553402214393
1.5
3.7671834678914604
3.084962500721156
3.777518266288633
3.084962500721156
3.446601502956935
3.7983512260625822
3.928265043159906
0.0
3.8411714310520324
3.3927474104487847
3.663532754804254
3.8268748818646365
3.3371753411230776
3.5841837197791886
3.597558387024489
3.735863096137366
3.990017217489901
3.3232314287976203
3.327819531114783
3.860568752113511
3.513784724225435
3.761565761707161
2.8731406795131336
3.85370061296303
3.189898095464287
3.823393567922348
3.337175341123077
3.195295934496217
3.550340709546388
3.8380398168981555
3.615265044851479
3.560011530389629
3.9565585763654503
3.0220552088742005
3.875258689452959
4.18127399365353
3.3927474104487847
3.238901256602631
3.0269868333592873
3.5
3.0849625007211556
3.30827083453526
3.084962500721156
3.378783493486176
3.7294461949052566
3.697845823084412
3.546593564294939
3.5225715891363594
3.9623316685246652
3.539717001462482
3.840402546702505
3.6375375112660517
3.584183719779189
4.142438074204471
3.8537016960573474
3.249460279921618
3.2728043273346206
3.546593564294939
3.128085278891395
3.606238928653389
3.7720552088742005
3.909368063943885
3.024397470347699
3.350209029099897
3.5843031793467124
3.4632805178108104
3.4086949695628417
3.182005814760214
3.606326745647786
3.675310868912364
3.0269868333592873
3.2359263506290334
3.238901256602631
3.7801995296917332
3.8820451081368628
3.928265043159906
1.0
3.872541658009627
2.8962915290459277
3.6057569024370317
3.9701517760303857
3.249460279921617
3.039148671903071
3.09306920777189
3.3487989122024966
3.3532696895151073
2.8553885422075336
3.1307179879273748
3.8143719431796277
3.084962500721156
2.7773627950641697
3.76376176969324
1.5216406363433184
3.732308225332476
3.5566567074628233
3.4548223999466066
3.605388542207534
3.401880939130112
3.7264741182543757
3.2608281712244556
3.523387113525376
3.2359263506290326
3.378783493486176
3.296148374747623
3.323934896284056
3.6163485660751635
2.984234164652489
3.8208888513501886
3.6980685120588386
3.5424812503605785
3.2516291673878226
2.8553885422075336
3.375
3.454822399946607
0.9055872616982603
1.4966407621868583
3.4548223999466066
3.182005814760214
3.28778371994107
2.7534343861887853
3.7080933915774974
3.577819531114783
3.630412660873998
3.03856233607563
3.594465636961452
3.584183719779189
3.503701696057348
2.353533948577482
3.521640636343319
3.8100810205217313
3.919891290601422
3.957295873840569
3.8443845322359156
3.413088436425757
3.546439344671015
3.1279868068776753
3.594465636961451
1.2086489509530647
3.3248629576173574
3.4745049881054295
3.9766912610488987
3.601125010956985
3.6732696895151076
3.4992275417233567
3.7639657428240816
3.2359263506290334
3.53285093356605
3.3990795706241745
2.6556390622295662
3.108694969562842
3.3496929689578705
2.699513850319966
3.326360407952693
3.5726236638951634
3.4273334938982645
3.5883543471732335
3.7264741182543752
3.501397825434103
3.5160276412662297
4.026430880918397
3.752111064180436
4.064804895964784
3.9574373426749734
4.090614842101423
4.020107087514159
4.020584292286618
1.0
3.238901256602631
3.3248629576173574
3.1556390622295662
3.2359263506290334
3.506890595608518
2.688721875540867
3.961908410565937
3.950103110068885
3.056564762130954
3.771719423101182
3.378727103656466
3.9762515788919717
3.652003287103536
2.5993895916167014
3.711080496244278
3.9993561825159545
2.5220552088742005
1.584962500721156
2.923231428797621
3.1555650133297184
3.4565647621309536
3.526234909949522
3.2841837197791888
3.782122224145306
3.117492461184755
3.5599000019230833
3.7336606896881848
4.048322062549221
1.0
3.084962500721156
2.9182958340544896
3.581733794087383
3.559079570624174
3.0306390622295662
3.0957952550009344
2.0
2.2577560641285177
3.9887156035989295
3.323074189428569
3.715453546047368
3.978787979911235
2.121928094887362
2.725480556997868
3.0037016960573477
3.0269868333592873
4.011573326470551
3.525070520364181
2.725480556997868
3.0900327766014795
3.6143694458867563
3.2402239289418517
2.8553885422075336
4.069227036462693
3.0574760762899316
3.936160058411703
3.4771752334356236
3.403107168362811
1.0
4.013111135723805
3.3082708345352603
3.536886723742166
3.5617480476936563
3.084962500721156
3.597558387024489
2.918295834054489
3.5503407095463877
3.4058222502856896
3.1068905956085184
3.1000689306627525
3.373557262275185
3.9907054736852334
4.044847727732968
3.9282724481041473
3.9213560841616912
3.936803299349307
2.7898980954642876
3.822532752357147
2.8553885422075336
3.2516291673878226
4.1627478767126265
3.4166079048099856
3.2195282822995477
3.391892644680931
3.7483286603655737
3.2359263506290334
3.7336606896881848
3.7254805569978675
3.09003277660148
3.0708470936225174
3.378783493486176
3.621928094887362
3.7979026896829464
2.792481250360578
3.6084585933443494
3.418295834054489
3.215841172683752
3.039148671903072
3.36030597770208
3.384183719779189
3.820888851350188
3.246439344671015
3.4138338639736006
3.188721875540867
3.182005814760214
3.1813663288914587
3.281760186948012
3.6168746059562227
0.8524051786494786
2.774397470347699
3.3519530742463752
3.16823289333881
2.78845045730829
2.7806390622295662
3.182005814760214
3.7834651896016465
3.555533151426996
3.712488548614689
3.7089660826946225
3.2086949695628415
3.0269868333592873
3.6243797016511117
3.4548223999466066
2.855388542207534
0.6685644431995964
3.084962500721156
4.025182731701779
3.4314018453921715
3.226730915057127
2.4416298737872246
3.7461173896640028
3.203365087509175
3.838456377350588
4.086669543704644
3.277613436819116
1.0
3.056564762130954
3.8787834934861753
3.1898980954642875
3.1556390622295662
3.658313203934565
3.8464893849224473
3.2946635862096043
2.8962915290459277
3.6143694458867563
3.3232314287976203
3.2516291673878226
1.5744174271404585
1.8830741894285696
1.6893917467430877
2.251629167387823
2.084962500721156
3.3414460711655214
3.6412498004554785
3.238901256602631
3.5368867237421666
3.238901256602631
3.375
3.3609159186445456
3.182005814760214
3.0574760762899316
2.8731406795131336
4.000478315729428
3.4086949695628417
3.1187252682400715
2.9409727759970052
1.584962500721156
3.182005814760214
2.8566930414234326
1.584962500721156
3.114589262293244
3.498068512058838
3.625
3.1158340921632197
3.457867131472585
2.81393372101732
2.5261207468426807
2.188721875540867
3.5395722619867223
3.180832987205441
3.3940502466255755
3.0905047777798638
3.051601636871704
3.962101534326592
4.055669276477922
4.1788383078291265
2.610577243331642
1.896240625180289
2.8553885422075336
3.3502090290998976
3.3927474104487847
2.6887218755408666
3.9091598586362752
3.461320140211008
3.084962500721156
3.9316656999650887
4.010559661786069
4.083555755337557
3.8732358263763285
3.506890595608519
2.8553885422075336
3.3371753411230776
3.726425206048351
3.7321588913645694
3.9291893525980757
1.584962500721156
1.086312840741288
2.950212064914748
2.872905595320056
2.9182958340544896
3.778423503030126
4.013070929103845
3.5
3.7052290027422963
3.2516291673878226
3.625
3.577819531114783
4.119271757088079
1.0408520829727552
1.207518749639422
3.141619208183979
3.461320140211008
2.625814583693911
3.8355536612250907
3.5032583347756456
3.7663326399706225
4.008816371491236
3.3086949695628416
3.452819531114783
3.301804026733389
3.4790263946509166
3.916436718708239
3.5041303693269894
1.5
2.335505556517097
2.374556048381884
2.2256051990169436
2.355388542207534
2.374556048381884
1.8919954870390203
2.5220552088742005
2.7527152789797045
3.43162356584743
2.8553885422075336
3.521640636343319
3.7887549139935026
3.5032583347756456
3.3927474104487847
3.82790978214397
3.202819531114783
3.503258334775645
3.32323142879762
3.3263604079526936
2.6258145836939115
3.584183719779189
3.98149993819704
3.7258711461231435
3.8275671571169285
4.069234881978942
3.8502090290998967
3.672553582385556
3.8705937549443976
3.8832241826723735
3.7868489791180653
3.642371448743902
3.085055102756477
2.94770277922009
3.408694969562842
3.180832987205441
3.408549096875308
3.039148671903071
3.3787271036564657
3.180832987205441
2.931208948910323
3.0105709342684834
3.6764409086968683
3.4830050302680133
3.4858259278490102
3.0220552088742005
3.084962500721156
3.5739348962840563
3.0219280948873624
3.09306920777189
3.6897037321995465
3.484183719779189
2.950212064914747
2.688721875540867
3.4609734506396355
3.484183719779189
3.3519530742463752
3.8387334705266967
3.6074753914554893
3.9066595334263887
3.8872143980165865
3.827847541878579
3.770942421748537
2.7068905956085185
3.6412498004554785
3.1307179879273743
3.3248629576173574
3.8219280948873617
1.2655590033282207
0.6500224216483541
2.8553885422075336
3.3735572622751855
3.2516291673878226
2.950212064914747
2.682588730501833
3.855135596764292
3.7381493331928657
3.077819531114783
3.992708770800467
3.403989446485262
3.625
3.506890595608519
3.5132696895151074
3.7294461949052566
3.6143694458867563
3.337175341123077
3.6537567082870006
3.501397825434103
3.238901256602631
3.4548223999466066
3.690260390968384
3.0441104177484006
3.084962500721156
4.041060551862741
3.5614063297218426
1.0
4.0078768629806145
3.3263604079526936
3.6287043499044223
3.2466342381206563
3.5562012808079033
3.7653513135992274
3.636842188131012
3.7925370482278247
3.870279073085044
2.725480556997868
3.6822301285133086
4.084686931418722
1.584962500721156
2.7805163753786766
3.609906076863645
3.9450851170938064
3.7267374734123866
1.584962500721156
3.2806390622295662
2.8553885422075336
3.849223912390625
4.166140693172127
3.959987920756132
3.129259586281069
3.045107849576279
2.321928094887362
3.484183719779189
3.239097917988786
3.3005590923909534
3.323231428797621
3.4565647621309536
2.974937501201927
2.8073549220576037
3.4193819456463714
3.7606205443099605
3.452819531114783
3.5330516047849017
3.240223928941852
3.5697738350294785
3.350209029099897
3.5342190211803413
3.3232314287976203
3.2516291673878226
3.6430741894285688
3.0565647621309537
3.006238928653389
3.4228735295095043
3.559079570624174
3.569773835029478
2.625814583693911
3.3248629576173574
3.681880802803401
3.2516291673878226
2.8553885422075336
3.0105709342684834
2.7045348998193433
2.9056390622295662
3.127986806877675
3.503258334775645
3.481714572986072
3.3371753411230776
3.4137995646056805
2.8553885422075336
3.327819531114783
3.7622673906514943
2.584962500721156
2.5492553971684995
3.746211863173574
3.3927474104487847
3.180832987205441
3.327819531114783
3.292770193936991
1.822815600352516
2.2988252450030506
2.5654483718208256
2.084962500721156
1.6493974703476992
3.3735572622751846
2.625814583693911
3.327819531114783
4.010241344834731
3.3232314287976203
3.084962500721156
1.5
1.988783441913061
3.0269868333592873
2.974937501201927
3.928927008724845
3.5771071618852486
3.739305388136664
3.1462863706621045
2.565448371820826
3.928265043159906
2.321928094887362
3.791924539200507
3.8268748818646365
3.5739348962840563
2.6022170014624826
3.471177544785919
3.2516291673878226
3.925926577614713
3.0220552088742
3.373557262275185
3.499987298572778
3.7148697866030838
3.5884430556394236
3.942257208238417
3.4816615121017556
3.3700920147903335
3.734217897889656
3.5013978254341036
3.8820451081368628
3.182005814760214
3.3221793455166666
3.5841837197791886
3.6430741894285688
3.7034651896016464
3.8112314304963317
3.6278543813946045
3.555533151426996
3.6887218755408675
1.158938532350277
1.634081789642123
3.5465935642949384
3.375
1.9822402969866841
3.768621187974925
3.340199876515856
3.16823289333881
3.961941655889474
1.0
3.0086949695628418
3.578632566336437
3.8565647621309544
3.4548223999466066
3.2028281036529487
3.569773835029478
3.327819531114783
3.7256507561120933
3.6714055834424966
3.3735572622751855
3.94434948734907
3.2516291673878226
3.4613201402110083
3.6835423624332306
3.6464393446710153
3.5736606896881855
3.323231428797621
3.905066846386975
3.689703732199547
3.788341339656749
3.3232314287976203
3.9957445677247474
3.3927474104487847
3.6234651896016468
3.556656707462823
4.211028522876948
1.9219280948873623
3.188721875540867
3.975141464932592
3.25
3.2195282822995477
3.202819531114783
3.6168746059562227
3.825980899437334
4.146664492734217
4.089911221450014
1.0975378398419535
3.1068905956085184
3.0269868333592873
2.688721875540867
3.238901256602631
3.6402239289418516
3.46328051781081
2.85845859334435
3.9056390622295662
3.1898980954642875
3.9001530166977125
1.584962500721156
3.419381945646371
3.5883543471732335
3.3660913291191923
3.3927474104487847
2.918295834054489
3.3263604079526936
3.506890595608518
3.1808329872054406
3.5110854081804264
3.6168746059562227
3.327819531114783
3.5465935642949384
3.97421580605548
3.5280643115840493
3.9582291686698796
4.105916766824306
1.5
2.939829017466402
3.5739348962840563
3.32323142879762
3.2025459616189678
3.606936732175321
3.546593564294939
3.777362795064169
3.517559429596343
3.2516291673878226
3.471354487013928
3.3086949695628416
3.6689869584530608
3.530493056757482
3.6313883471435844
2.7192945256669794
3.5
3.3841837197791884
2.4956029237290123
3.0519325792170338
2.874460503609813
3.114589262293244
3.586569246460625
3.7820896423727435
3.9941472221179755
2.8553885422075336
3.6266781970562953
3.627763553007399
3.288320189106
3.182005814760214
1.5
3.373557262275185
3.4594705707972513
2.950212064914747
3.954442574694572
3.238901256602631
3.8122096138120862
3.5535088547976788
3.761406329721842
3.9926469792598085
3.692095411492566
3.8647511894575723
3.825969629886448
4.105192314017127
3.327819531114783
3.238901256602631
3.7622673906514947
3.813660689688185
3.8665115388963534
3.399079570624174
3.6133373140453067
3.5766176449086653
3.7192945256669794
3.085055102756477
3.587858798299509
3.32323142879762
2.880637667099479
2.3231611673921604
1.9573809996513076
1.8679653582397104
1.9042250239883554
1.188721875540867
3.8562138556367858
3.028639311838575
3.755431641053729
3.493415261511253
3.6659573209491745
3.7186851741155724
3.175123135113461
3.350209029099897
3.0849625007211556
3.238901256602631
3.418295834054489
3.0062389286533895
2.873140679513133
3.757048827786958
3.175123135113461
3.561830912480873
3.3082774773777084
2.6825887305018328
3.7771584416912267
3.202819531114783
3.5782129458410012
3.066615216738451
3.384183719779189
3.9825174686824485
3.6818808028034016
3.955504603267742
3.7559473344585417
2.9795739585136225
4.1089701527429945
3.4556501805795428
3.7439016388608906
3.674723006411675
3.106890595608519
3.879236567914017
3.572431251322119
3.6854724382315878
3.2608281712244556
3.1898980954642875
3.3414460711655214
3.8136606896881853
3.5464393446710156
3.7962176025900556
3.2516291673878226
3.7216117239699
3.8615156264429285
2.9312089489103235
3.3248629576173574
3.1395722619867223
4.037620776358249
2.792481250360578
3.401210641914682
3.4251185503571393
2.8553885422075336
2.8729055953200557
3.337175341123077
3.2841837197791888
3.208694969562842
3.0306390622295662
3.0130709291038453
1.2957378005380122
1.7295739585136223
3.238901256602631
2.4182958340544896
3.929886939737236
2.0
3.32323142879762
3.327819531114783
3.084962500721156
3.5836169753972325
3.4992275417233567
1.1451104143815827
3.1898980954642875
3.6211755429194716
2.5366082543914996
3.188721875540867
3.879664004902594
3.917626443873359
3.2639334294856344
3.3086949695628416
2.8892464285091584
3.5732292102102208
3.8659986132745807
3.3927474104487847
3.8553885422075345
3.1813663288914587
3.461320140211008
2.7534343861887853
3.2159220638351664
3.084962500721156
3.375
3.2516291673878226
3.0053148568942785
3.628928031846024
3.084962500721156
3.2402239289418513
3.3248629576173574
2.8553885422075336
3.202819531114783
3.572623663895163
3.337175341123077
3.4116022179746714
3.829239931817578
3.6901165175936654
2.4591479170272446
1.8230234010940805
2.625814583693911
0.863120568566631
1.1221136771091087
1.2806721295208872
1.786080697230572
1.3250112108241772
1.2309595631140104
3.1279868068776753
2.9037016960573485
3.8868867611354374
2.9705730958116847
3.1307179879273743
3.452819531114783
3.4549868557726673
3.903183519154235
3.7201755214643453
3.8953778333119873
3.40582225028569
3.4039894464852614
3.885517262365075
3.1018812234760182
3.697845823084412
3.8518232255517666
3.0269868333592873
3.3927474104487847
3.521640636343319
3.7516291673878235
3.084962500721156
3.327819531114783
3.6168746059562227
3.419381945646371
3.30827083453526
3.136863709607318
3.616348566075164
3.3787834934861767
2.8729055953200553
4.100840893340804
4.109046679212979
3.752715278979704
2.5503407095463886
1.0
2.6459238412834907
2.8995489541992527
3.197159723424149
3.0269868333592873
3.4251185503571393
2.8150724101159437
3.691994407749645
3.6424896731661263
3.6074753914554893
3.5766176449086653
3.7034651896016464
3.0130709291038453
3.788754913993502
3.5883543471732335
3.5726236638951634
3.7849418274376423
3.845350936622435
3.788754913993503
3.572623663895164
3.5424812503605785
3.2359263506290334
3.6897037321995474
3.2639334294856344
3.5316788180622902
3.2516291673878226
3.9413115399611507
4.063259282776892
2.625814583693911
2.9258530145612824
3.09306920777189
3.932369234773417
4.004555369515117
3.2267309150571264
3.8471282101364253
2.7773627950641693
3.866977196801592
1.584962500721156
1.1451104143815827
3.375
1.186278124459133
1.207518749639422
2.8159220638351665
3.897587036123537
3.180832987205441
0.8683927290103626
3.7556719216101953
3.7439821538141276
3.6368421881310122
3.895638807527667
3.5878587982995085
3.1898980954642866
3.961829978342556
3.4051718888847455
3.588710641914682
3.700093307816549
2.584962500721156
3.039148671903072
3.650013373778756
3.960260364745236
3.6074753914554893
2.855388542207534
3.8894583991099196
2.4416298737872246
2.584962500721156
3.966336536480205
3.3841837197791884
3.8713379270094337
3.4102329406731844
3.8646983261669603
3.541336376912015
3.43162356584743
0.5608251769947302
2.9182958340544896
3.555533151426996
3.584962500721156
3.4548223999466066
3.25
3.9247972291550823
3.0220552088742
3.893942707918268
3.375
3.5
3.238901256602631
3.3787834934861767
3.521640636343319
3.52257158913636
2.6258145836939115
3.6816240568264265
3.2402239289418517
3.644413829577611
3.701597680110229
3.3787834934861767
2.8553885422075336
2.663532754804255
3.303701696057348
3.426694786471964
3.5110804962442774
3.106890595608519
3.943835117665182
3.7166308917868656
4.0692119268197375
3.986660098996487
4.1277363495557005
4.134297287453976
2.8553885422075336
3.418295834054489
2.950212064914748
3.2195282822995477
3.3564924137968233
3.471354487013929
3.2841837197791888
4.140704830956399
3.0551081512388674
3.432865360105257
4.06343114363446
3.576617644908665
2.9339545780481746
3.384183719779189
3.8644984515601624
3.843269157529738
3.640319531114783
3.454822399946607
3.7216117239699003
2.8150724101159437
3.0306390622295662
3.375
3.559079570624174
3.0269868333592873
3.905554620403893
2.4508257945180882
3.2892464285091574
2.9450386975402445
3.2516291673878226
3.9030364996670346
3.820689112585729
4.023567439569856
3.313307235905091
3.43162356584743
3.7000144837038995
3.177566232096525
3.8249853201920403
3.0159220638351667
3.7889795546590994
3.180832987205441
3.838039816898156
2.1833830982290134
3.2575004135020675
3.7414516279199077
3.337175341123077
3.9171901678340992
3.8569625517980546
3.418295834054489
2.8553885422075336
3.2359263506290334
3.0269868333592873
3.260828171224455
3.375
3.6745291645528657
3.6644977792004614
3.5739348962840563
3.4906015629507228
3.5383201891060003
3.6182928848791622
3.672905595320056
3.9307917564631847
3.238901256602631
3.182005814760214
2.688721875540867
3.8279097821439705
3.979220752535256
4.0987225827136955
3.8591203727208137
3.9806722226938454
3.5058820001715754
1.0219280948873624
3.368042422572715
3.085055102756477
4.111153777543379
3.447262499441211
3.7294461949052566
3.5599000019230838
2.952819531114783
3.180832987205441
3.679395106517186
3.546439344671015
3.09306920777189
3.5465935642949384
3.249460279921618
3.6553362295323457
3.787075090349032
3.9083773152114882
2.984234164652489
3.786320754264236
3.375
3.569514287144602
3.9915465546508067
4.09265810376448
2.939829017466402
3.3248629576173574
3.5503407095463877
3.9502120649147465
3.955311316634012
3.238901256602631
3.521640636343319
2.4996981431844145
3.182005814760214
3.0850551027564768
3.378783493486176
3.180832987205441
2.7192945256669794
3.2516291673878226
3.238901256602631
3.238901256602631
2.5654483718208256
3.1363793303507563
3.5351745656359026
3.521640636343319
3.689703732199547
3.196154780932867
1.1635402011210707
1.0389205950315936
4.04040071973329
3.5500976868678835
3.5650795150307193
0.8683927290103626
3.039148671903071
3.675310868912364
3.403107168362811
3.384183719779189
1.058277043226334
3.2390979179887864
3.36488945173324
3.323231428797621
3.182005814760214
3.6053885422075345
3.189898095464287
3.7474130395316396
3.6133373140453067
2.8423709931771093
3.2639334294856344
3.522571589136359
3.5319412055466586
3.326360407952694
3.7841837197791888
3.238901256602631
3.077819531114783
3.750490379766755
3.6024189604704056
3.565448371820825
3.0220552088742
3.753269689515107
2.923231428797621
3.483005030268013
4.0586260767989835
3.056564762130954
2.7534343861887853
3.939348612954067
3.8924866505712012
3.5875986337223496
3.871746640405279
3.1158340921632193
3.334679141051595
3.3735572622751855
3.5465935642949384
3.1898980954642875
2.3553885422075336
2.925853014561282
3.09306920777189
3.3927474104487847
3.452819531114783
3.4992275417233567
3.266332639970623
3.7159321855150296
3.7527243339694962
1.9219280948873623
3.7904903797667546
3.4467308825521523
3.8680603080298033
0.0
3.8301826981560265
2.931208948910323
3.772055208874201
3.565448371820825
3.9673885334477976
3.5464393446710156
2.9312089489103235
3.7834651896016465
3.836047762460484
3.446439344671015
3.106890595608519
3.419690574049697
3.7843684875968617
3.534219021180341
3.9315016760304564
3.1701348924281936
3.832595074509133
3.5434651896016467
4.091566111751364
3.189898095464287
3.5225715891363594
3.7509526828868505
3.753434386188785
3.5599000019230833
3.9290468883682923
3.7821222241453065
3.9186472168712587
3.865701817696286
3.0849625007211556
3.084962500721156
3.3248629576173574
3.039148671903071
2.9182958340544896
3.2516291673878226
3.0220552088742005
2.860320777833044
3.2810361125534233
2.7773627950641693
3.399079570624174
4.14792069643375
0.8683927290103626
1.0
1.1738942928386324
1.3885308110207435
2.9258530145612824
2.6612262562697895
0.8166890883150209
3.2516291673878226
1.149660363146287
3.3927474104487847
3.5032583347756456
3.4685766296878655
4.048788637907314
3.454822399946607
3.6211755429194716
3.09306920777189
0.9463729359854419
3.521640636343319
3.077819531114783
3.2359263506290334
3.588354347173234
3.084962500721156
3.09306920777189
3.0220552088742
3.8035088547976788
3.0220552088742
3.6572682296173897
3.711080496244278
3.922502380149523
3.85416328885666
3.9292292966721747
3.8323602965782406
3.584962500721156
3.4399364703978073
3.9794594465930873
3.7622673906514947
3.375
2.9450386975402445
3.993605392586308
3.488525294897748
3.6841837197791887
2.873140679513133
3.4980685120588384
2.584962500721156
3.4399364703978073
3.923231428797621
3.9293199533924965
3.765319531114783
3.6990278753194064
3.0849625007211556
3.4613201402110083
2.4508257945180882
3.9809266994775947
3.2720552088742005
3.375
3.085055102756477
3.9139097655573916
3.5766176449086653
3.3787834934861767
3.4464393446710155
3.1820058147602133
3.7504165289495206
3.3087513512471665
3.5537631144722455
3.625
3.64979446204357
3.4464393446710155
3.953565664946427
3.4565647621309536
2.7192945256669794
3.401515280317513
3.350209029099897
1.2638091738835462
3.858957286668643
3.5160276412662306
3.2516291673878226
2.8553885422075336
3.36030597770208
3.084962500721156
2.9219280948873623
1.584962500721156
3.3927474104487847
2.8962915290459277
3.323231428797621
3.9539684039196077
3.4613201402110083
3.6762356371640705
3.2210972500579564
3.935955649986687
3.905003027615696
1.584962500721156
3.5590795706241733
4.050147279309247
3.787782031835939
3.0574760762899316
3.9023039608559698
3.4056390622295662
3.3815804883091634
3.863608500731241
3.439936470397808
3.3232314287976203
3.3927474104487847
1.384431504340598
3.0269868333592873
2.800044618479009
3.4713544870139286
3.635360333894423
3.9166079048099856
3.375
3.2608281712244547
3.4906015629507228
3.016875695766564
3.041625614369223
3.997033334758063
3.570782286537524
0.0
3.085055102756477
3.681880802803401
3.350209029099897
3.7532696895151076
3.7409532604048397
3.7409532604048397
3.7720552088742005
3.613337314045307
3.708132064658602
3.584962500721156
3.6897037321995474
3.350209029099897
3.7148697866030833
3.3735572622751855
3.5368867237421666
3.238901256602631
3.292770193936991
2.221251836004466
4.032666276601609
3.1898980954642875
3.6304126608739984
3.471354487013928
3.0337940209922127
3.2806390622295662
2.9708400131019848
3.499227541723357
3.716213787977466
3.825303558204348
3.6234651896016463
3.1898980954642866
3.2516291673878226
3.3232314287976203
1.1451104143815827
3.699027875319407
3.6038338715253473
3.327819531114783
3.136379330350756
3.8537006129630296
3.584183719779189
3.3248629576173574
3.8847776520297486
3.456564762130954
3.039148671903071
1.2916919971380596
3.239097917988786
3.270950594454668
3.454822399946607
3.41041725276052
3.471354487013928
3.2368573034220733
3.895638807527667
3.912030209354971
3.6901165175936654
3.539470570797252
3.4613201402110083
3.7015285315325546
2.918295834054489
3.0220552088742
3.708048150071232
3.5726236638951634
2.93299930663729
3.3638561897747246
3.403989446485262
3.683856189774724
3.0269868333592873
2.8553885422075336
3.239097917988786
3.5841837197791886
3.3927474104487847
3.497155802575668
3.6424896731661263
3.702471512219747
4.099431667950824
4.05804321939305
3.4569744267451346
3.084962500721156
3.7254805569978675
3.1820058147602133
1.0389205950315936
3.841096866085959
3.2516291673878226
3.426209613980979
3.8645783739023827
2.751629167387823
2.973557262275185
3.315666409095676
2.952819531114783
3.958668200662406
2.1161061132910324
2.8665871058289594
3.238901256602631
3.433269689515108
3.2516291673878226
2.8553885422075336
3.5342190211803413
4.026634767079932
3.797902689682947
3.013660689688185
3.366091329119192
3.085055102756477
3.2883201891060003
3.103701696057348
4.026869784568165
0.0
3.202819531114783
3.5585186130489057
3.077819531114783
3.3927474104487847
3.5630741894285696
2.8150724101159437
3.085055102756477
3.384183719779189
3.418295834054489
3.7821222241453065
3.4858259278490094
3.3973683589017414
3.8367625894465602
2.952819531114783
3.208694969562842
3.7264097655573916
3.3680424225727155
3.182005814760214
4.077818020030058
1.584962500721156
3.4841837197791885
3.4548223999466066
3.219470570797252
2.840223928941852
3.189898095464287
2.8553885422075336
3.2810361125534233
3.4613201402110083
3.4182958340544896
3.4136606896881854
3.0306390622295662
3.2927701939369904
0.0
3.3496929689578705
3.170134892428194
3.327819531114783
3.9626436894771357
2.973557262275185
2.9232314287976204
3.039148671903071
1.5510981710072647
3.892407118592875
3.1395722619867223
3.4130884364257565
3.449311833026445
3.873871437641659
3.189898095464287
3.327819531114783
3.6225797618424913
3.91211389097223
3.9822945149478275
2.926646479830902
3.8264093326488746
3.972573883611434
1.0
3.702819531114783
3.546593564294939
2.9852281360342516
3.626678197056295
3.2516291673878226
3.641604167868593
3.0269868333592873
3.1659573209491745
3.3263604079526936
3.4548223999466066
3.4841837197791885
3.6897037321995465
3.521640636343319
3.3735572622751855
3.642371448743902
3.4548223999466066
3.1775662320965252
3.43162356584743
1.3520301017579528
3.155221528859512
3.386842188131012
3.386566013642845
2.918295834054489
4.0025931408562085
3.819297840829478
3.5875986337223496
3.4886085007312415
2.7773627950641693
2.688721875540867
3.6168746059562227
3.719720107900456
3.149673447186741
3.5068905956085183
3.378783493486176
3.5514280650285066
3.452819531114783
2.873140679513133
2.931208948910323
2.873140679513133
3.378783493486176
3.814260032810928
3.3263604079526936
3.4846843152781375
3.1971597234241487
3.7254805569978675
3.056564762130954
3.605388542207534
3.4565647621309536
3.5424812503605785
3.636842188131012
1.1401156785146092
1.1522290399012944
2.952819531114783
3.700439718141092
3.684183719779189
3.332914563979398
2.7550576199383072
3.9144892678070025
3.7321588913645694
3.238901256602631
3.5944656369614516
3.056564762130954
3.820099262187416
3.5614063297218426
3.3464393446710154
3.238901256602631
3.0086949695628418
3.065957320949175
3.330750178437043
3.4632805178108104
4.030069671072397
3.4273334938982645
3.5931390622295662
2.7773627950641693
2.792481250360578
1.8919954870390203
3.3927474104487847
3.572623663895164
3.501397825434103
3.3371753411230776
3.6143694458867563
3.3371753411230776
3.6312929881819
3.4992275471326932
3.2608281712244547
3.413088436425757
3.4841837197791885
3.452819531114783
1.9219280948873623
3.951651442653167
3.4273334938982645
3.0850551027564768
3.236857303422074
3.4219280948873623
2.0
3.0086949695628418
3.2841837197791888
3.0269868333592873
3.3927474104487847
3.697845823084412
3.4182958340544896
3.8009085823316155
3.3834651896016465
2.9689185639620974
3.5338715184432794
3.446439344671015
3.4817145729860717
3.4992275471326932
3.9307917564631856
3.555533151426996
3.5518480975263906
2.6887218755408666
4.127200796534532
1.0
3.418295834054489
3.5351745656359026
3.668453957701921
3.8868421881310122
4.0114053812047095
3.968392961955946
3.4800836951874485
3.640223928941851
3.6898916687500076
2.98345859334435
2.896291529045928
4.116709987201866
4.012117124283385
3.5417435206018597
3.182005814760214
4.135547763010162
3.056564762130954
1.0
3.139572261986723
3.8268748818646365
2.9419094127103356
1.0
3.195295934496216
3.5726236638951634
2.7773627950641697
3.7841837197791888
3.6060152796207334
3.3086949695628416
3.539148671903071
3.240223928941852
3.94819181601377
4.163879771371285
3.968642655794603
3.7454064259382482
4.160105063031963
3.908841355918162
2.873140679513133
3.084962500721156
3.5883543471732335
3.188721875540867
2.8423709931771093
3.2359263506290334
3.621928094887362
0.9912642605354288
3.039148671903071
2.9329993066372895
3.809847847935103
3.3371753411230776
3.957939355321115
2.9689185639620974
3.25
3.240223928941852
3.0269868333592873
3.2359263506290334
3.770942421748537
3.2195282822995477
3.429275070710713
3.6635327548042547
3.767375797816042
2.8150724101159437
3.577819531114783
2.9852281360342516
1.198183947911799
3.8279097821439705
3.8365916681089787
3.943289445392767
3.743982153814128
0.7345299214394703
3.8848588918890474
3.7867638653385884
3.265583322887733
3.8717341473801428
3.9225895736416696
3.2516291673878226
3.60693673217532
3.4219280948873623
3.8873803454010725
3.8573068568981284
3.6687282889802875
3.8317890110921686
3.106890595608518
3.25
3.454822399946607
3.418295834054489
3.2841837197791888
3.6841837197791887
2.8073549220576046
3.4548223999466066
3.5739348962840563
3.7474130395316414
3.68488945173324
3.3027227528624894
1.2532975784630431
3.029275070710713
3.003082850088434
3.046439344671015
3.0849625007211556
3.784941827437642
3.392747410448785
1.0389205950315936
3.238901256602631
3.5280643115840493
3.860869749551866
1.584962500721156
3.690260390968384
2.584962500721156
3.0849625007211556
3.4992275417233563
3.8735217201418397
2.4137995646056805
3.452819531114783
3.7256507561120937
3.928265043159906
1.5
3.7264741182543752
3.2359263506290334
3.891513539122206
3.3395722619867225
3.917626443873359
3.9343813435048056
1.0
2.8553885422075336
4.001689519050982
3.039148671903071
3.202819531114783
4.006943017089973
1.0
3.7178600629969263
3.829239931817578
2.863826390090816
3.9251732369569954
3.719294525666979
3.4642346527265664
3.0220552088742
3.0337781364463408
3.508621780036165
3.3716535224393334
3.1068905956085184
3.8586885704510965
3.7419627890379075
3.419381945646371
3.238901256602631
3.4435137534498526
3.857896987309735
3.2234651896016464
3.6841837197791887
3.4056390622295662
3.457796811598594
3.2841837197791888
2.7773627950641697
2.7773627950641693
3.68354236243323
3.2927701939369904
2.7806390622295662
3.4841837197791885
2.6895253832100683
4.147781812925607
3.5705981190900795
3.056564762130954
3.463710641914682
3.711036338342836
3.9342841083618056
3.4992275471326932
3.2364405016961446
3.27280432733462
4.086583524996686
2.0
3.2516291673878226
3.511085408180427
3.6115854318374305
3.006238928653389
3.4613201402110083
4.102761295816869
3.408694969562842
3.238901256602631
3.902534039909618
3.337175341123077
3.7950885863977324
3.521640636343319
3.9345980775971685
3.732158891364569
3.2359263506290334
3.893660689688185
3.3735572622751846
3.039148671903071
3.5585186130489057
2.974937501201927
3.6143694458867563
3.935867932606747
3.0269868333592873
3.323231428797621
3.6980685120588386
3.2195282822995477
3.567040216926579
3.5777471629109447
3.961456516849333
3.238901256602631
3.5
3.6143694458867563
3.2608281712244547
4.004624576915272
3.3660913291191923
3.5944656369614516
3.4992275417233567
3.6370624995963414
3.5688748577050156
3.55592698363834
3.8066656999650883
2.584962500721156
2.996624141510993
3.084962500721156
3.512188403968661
3.039148671903071
3.6464393446710153
3.5160276412662297
0.9274479232123118
1.2344977967946407
3.337175341123077
3.2359263506290334
3.085055102756477
3.431623565847431
3.521640636343319
3.594465636961452
3.039148671903071
3.751629167387823
3.2359263506290334
2.9339545780481746
3.623465189601646
3.5068905956085183
3.6978458230844122
2.327724930767593
3.189898095464287
3.0220552088742
3.1555650133297184
3.616601684782745
3.936891797757288
3.7841837197791888
3.784897702756409
3.513269689515108
3.3927474104487847
3.238901256602631
3.3248629576173574
3.373557262275185
3.039148671903071
3.3927474104487847
3.9250166784064584
3.6644977792004623
4.097219501609015
3.4841837197791885
2.0
3.3248629576173556
3.4174831499269738
3.753434386188785
3.783465189601646
3.2516291673878226
3.64792699496543
3.4992275471326932
3.486624565223814
3.673269689515108
3.188721875540867
2.9852281360342516
3.5724312513221195
3.403107168362811
3.576617644908665
3.09306920777189
3.3816201079487347
3.1464393446710153
3.5535088547976783
3.572469458770136
3.3034651896016465
3.8740691021493263
4.09112164459655
3.9226799244444988
3.48582592784901
3.25
3.6424896731661263
3.9176649241468646
3.889474197093909
3.7821222241453065
4.028946391954607
3.689703732199548
3.90102055996273
3.8035088547976783
3.813660689688185
3.8561962982193805
3.7483286603655737
3.7623107361338706
3.084962500721156
0.8166890883150209
3.188721875540867
3.189898095464287
3.8820451081368628
3.202819531114783
3.724194566205557
3.507048827786958
3.9937726611515227
3.8011085007312415
3.651478922893309
3.5013978254341027
3.625
3.2246792177558294
3.7043685420744485
3.640813360210515
3.850998614191715
3.865832444749773
3.8709684207768453
3.9275107490647287
3.226730915057127
2.8423709931771093
3.2402239289418513
3.5068905956085183
2.7806390622295662
2.842370993177109
2.918295834054489
3.0775726382817687
3.6464393446710153
2.9312089489103235
3.273269689515108
3.988422927939322
3.48582592784901
3.0734111926211223
3.4548223999466066
3.506890595608519
3.484183719779189
3.456564762130954
4.053565105828504
1.6691803368667308
1.584962500721156
3.6514789228933084
3.7409532604048397
2.8553885422075336
3.902679737686644
3.0849625007211556
3.904315949407467
3.702819531114783
3.056564762130954
3.7360069464476564
3.7409821015340743
3.0086949695628418
3.521640636343319
3.7383583064968113
3.559653944975737
3.9773401641481403
3.378783493486176
3.1307179879273748
3.8123472283837065
3.3787834934861767
2.9139770731827523
1.584962500721156
3.0220552088742
3.175123135113461
3.593657665390962
3.323231428797621
3.3927474104487847
3.128085278891395
3.6978458230844122
0.0
0.9912642605354288
3.471354487013929
0.8166890883150209
2.9842341646524884
2.794653473544342
3.7522575398393334
2.4182958340544896
3.681880802803402
2.7773627950641693
2.918295834054489
2.7773627950641697
3.501397825434103
3.085055102756477
3.8565647621309544
3.4464393446710155
3.8619845111787066
3.5932696895151075
3.418295834054489
3.418295834054489
3.0286393118385755
3.5
3.534219021180341
3.6211755429194716
3.4225108928657995
2.9735572622751856
3.6887218755408675
3.9040098347359096
3.9080272543499044
3.813660689688185
3.8087100219819727
3.039148671903071
3.5254865293236417
3.2516291673878226
3.2516291673878226
3.3086949695628416
3.5068905956085192
2.3248629576173565
3.5068665431825226
3.952819531114783
3.723800253703272
3.8116388635644123
3.754163427768882
2.855953642864355
3.568084324344714
3.8065266037312937
3.895888892282716
2.939829017466402
3.5865692464606242
3.667913944000622
3.452819531114783
3.459491160199153
3.106890595608519
3.5654483718208247
3.605337797403416
3.3060202622092563
3.9260498815361093
3.616348566075163
3.3927474104487847
3.3735572622751846
3.084962500721156
3.238901256602631
2.8731406795131336
3.1692486956952335
3.4632805178108104
3.721928094887362
3.2346970025308774
2.8553885422075336
3.586569246460625
4.060036618091182
2.8522170014624826
3.1556390622295662
3.702819531114783
3.6368938042627
3.5008483798826786
3.039148671903071
3.6337234274756387
3.73231578867122
3.622738290835035
4.078896882459434
1.584962500721156
3.189898095464287
2.5220552088742005
2.7744019192887706
0.39124356362925566
0.6402064333604701
1.4182958340544896
0.9912642605354288
1.6691803368667308
1.72309133682589
1.5903480599801685
2.161978179679554
3.0588138903312014
3.747413039531641
3.7486135551678705
3.2033650875091753
3.790738571192495
3.913217192848119
3.904576522094093
3.852732780610843
3.7045114597155484
3.7538706948259497
3.8330666347818427
3.8800891044115247
3.6596842963426033
3.6443968350543035
3.530416151741
3.8779975515870126
3.763011048781436
3.2681819469841797
3.6677403516479847
3.8116260919271943
3.734974362550423
3.243300368538957
3.8047216029817226
3.6228197795706434
3.4801670842458123
3.575662118720903
3.272055208874201
3.068644778887443
3.6893634003076574
3.8008436575681808
3.79798479502427
3.324986069618565
3.2876878900165245
3.8386351596726183
3.668062789248445
3.772115494644889
3.7956639406736796
3.8719554571129704
3.8053609634240115
3.8109927413286666
3.3911553627984237
2.9708400131019848
3.822771601690575
3.456860392763327
3.5075927379299805
3.842684240784437
3.841404177818039
3.7883798863298
4.01741045389649
3.883504372664019
3.769628751450219
4.0563154641015835
1.2638091738835462
0.6610547526158855
3.180832987205441
3.824533406881911
3.610577243331642
3.414441303694973
3.308751351247166
4.025781417474413
4.02855515905458
3.1414460711655217
2.952819531114783
3.084962500721156
3.6280852788913944
3.250077875020996
3.319773835029478
3.9011462208004106
3.905545208404806
2.8553885422075336
2.610577243331642
3.777362795064169
3.4165301730294657
3.2158411726837532
3.188721875540867
4.034780256760255
3.086048612313038
2.8910611120726526
3.0220552088742005
3.228493070364558
3.1898980954642866
3.2464393446710154
2.9450386975402445
4.046381112945885
4.063552324007766
0.0
3.452819531114783
3.697845823084412
3.0220552088742
3.375
3.240223928941852
3.180832987205441
3.3248629576173574
3.535174565635903
2.8553885422075336
3.337175341123077
3.5351745656359026
3.53641423712223
3.180832987205441
2.8553885422075336
3.2516291673878226
3.180832987205441
3.1916116417513782
3.085055102756477
2.625814583693911
3.8586949695628414
3.876981588730381
2.66122625626979
3.5766176449086653
2.8553885422075336
3.7969607303569646
1.4885252948977485
0.5489544344250401
3.180832987205441
3.640223928941851
2.9852281360342516
3.621928094887362
3.516027641266231
2.9182958340544896
3.238901256602631
3.303701696057348
3.039148671903071
3.1018812234760182
1.4394969869215133
1.4294732983598406
3.039148671903071
3.8801799226757376
3.8766310348086046
3.4316235658474303
3.4992275417233567
2.792481250360578
3.085055102756477
3.3680424225727155
3.006238928653389
3.4565647621309536
3.84745871817416
3.0588138903312014
3.4992275417233563
3.74197076175156
4.017268118104294
2.8962915290459277
3.3685225277282056
3.625
3.6143694458867563
3.5032583347756456
3.932874360347045
3.3908054820769813
3.692279682039657
3.182005814760214
3.421928094887362
3.7034651896016464
3.784941827437642
3.3927474104487847
3.2608281712244547
3.3927474104487847
3.9788640881880966
3.039148671903071
3.0220552088742
3.582088894387079
3.6300623580780274
3.0130709291038453
3.6216718842411786
3.8997141947882312
3.903678707401387
3.8230679822736597
4.048175214298296
0.7907669479360189
3.8672981863379725
3.0220552088742005
2.0314536459234778
2.9139770731827523
0.0
3.630412660873998
3.7395722619867224
2.9709505944546684
3.2516291673878226
3.2516291673878226
3.0306390622295662
3.3927474104487847
3.9647351787255047
3.4841837197791885
2.8957996395747783
2.6211443633393547
3.57684728167365
3.1279868068776753
2.873140679513133
2.751629167387823
2.8423709931771093
2.8150724101159437
3.939473569273383
3.180832987205441
4.079165469223777
3.238901256602631
3.860368312631825
3.180832987205441
3.6887218755408675
3.197159723424149
3.3371753411230776
3.3232314287976203
3.09306920777189
3.5013978254341027
3.4906015629507228
2.6612262562697895
2.9109922530150456
3.9331695057515157
3.5421176810056703
3.1395722619867223
3.182005814760214
3.3496929689578705
3.433269689515108
3.09306920777189
3.8700035889898636
3.0269868333592873
3.2359263506290334
2.873140679513133
3.521640636343319
3.9064821276821995
4.053483658506065
3.9881447716419984
3.819415666206439
4.208600467522441
3.4906015629507228
2.792481250360578
4.143197691106341
3.725440849823789
3.9857471415235164
3.8471282101364253
3.7417292966721747
4.198134625020498
3.182005814760214
3.327819531114783
3.4225779953216033
4.089116202290456
3.9676454365488794
3.613337314045307
3.4565647621309536
3.6085129682901456
3.7201755214643453
3.0062389286533895
3.8137043311857792
3.7889135372273
3.9823448446164615
3.681880802803402
3.373557262275185
3.32323142879762
3.1751231351134614
2.950212064914747
3.4532503422262035
3.609668477419888
3.573660689688185
3.62033615997084
0.3095434291503252
0.0
2.8553885422075336
3.2639334294856344
3.3211043305784886
3.4992275471326932
3.683856189774724
3.0220552088742005
2.9689185639620974
3.077819531114783
3.486510713198842
3.8753377716625614
2.7777768114567865
3.3927474104487847
3.2044479607083503
3.4858259278490094
3.41041725276052
3.4039894464852614
3.049452072789394
3.5724694587701364
2.984234164652489
4.038454526215642
3.748328660365573
3.7950885863977324
3.5160276412662297
3.9529179322010988
4.017592448325988
3.5325732575026194
3.9788640881880966
3.182005814760214
2.6703397002311067
3.589898095464287
3.418295834054489
2.8423709931771093
2.873140679513133
3.0269868333592873
4.0674909192234
3.7962176025900556
3.956172302949341
3.6841837197791887
3.8542079850973376
3.8371475009584053
3.447401504705915
3.638252707130774
3.373557262275186
3.189898095464287
3.6168746059562227
3.7998737308598
3.238901256602631
3.695020634116611
3.378783493486176
3.27280432733462
3.2639334294856344
3.732988757977851
3.2810361125534233
3.182005814760214
4.042765052098031
0.747584679824574
3.09306920777189
3.323231428797621
3.32323142879762
3.2516291673878226
3.00623892865339
3.87913066322314
1.584962500721156
3.0220552088742
3.7381493331928657
3.337175341123077
3.873812589567827
3.7453635426883034
3.2195282822995477
2.6258145836939115
3.871850856028317
3.3603880779263124
3.326360407952693
3.0220552088742005
3.452819531114783
3.286895754518763
3.327819531114783
3.2359263506290334
3.3221793455166666
3.2655833228877325
2.9182958340544896
3.1555650133297184
3.4841837197791885
3.182005814760214
3.576617644908665
3.5
3.5304930567574826
3.1288840705376355
3.633505994978368
3.327819531114783
3.8248629576173565
3.6711499390701863
3.8188364877541034
3.9701608421343284
3.535174565635903
3.327819531114783
3.084962500721156
3.337175341123077
3.5304930567574826
3.484183719779189
3.4345608142862893
3.108694969562842
3.5766176449086653
3.8063822994065504
3.625
3.0130709291038453
3.6975442669856666
3.5398227820087547
3.5368867237421666
2.6455933144511468
3.592826118980924
3.8635210323234332
3.1751231351134614
3.9710949655412744
3.5724312513221195
3.350209029099897
3.084962500721156
3.0220552088742
3.2639334294856344
3.326360407952694
3.91829583405449
3.2037016960573483
3.783465189601646
3.9431799308918283
3.4547012441673464
4.041636755037581
3.085055102756477
4.049530993751539
3.427333493898265
3.4677201004745006
3.4548223999466066
3.6069367321753214
3.5892750707107117
2.688721875540867
2.6031579868726
2.918295834054489
2.8553885422075336
3.0957952550009344
3.3921472236645345
3.7442035683118124
3.8518232255517666
2.502736171594004
3.5944656369614516
3.374845838132357
2.918295834054489
2.689246428509158
2.251629167387823
3.087929346985106
2.944741565632261
3.240223928941852
4.148366250945699
3.7469903423986457
1.0
3.675310868912364
3.454822399946607
3.5630741894285687
3.945110286984823
3.468576629687865
3.7294461949052566
3.1659573209491745
3.6897037321995474
3.327819531114783
3.7639657428240816
3.2516291673878226
3.5766176449086653
3.2866294867861954
3.4039894464852614
3.09306920777189
3.2639334294856344
3.7950885863977324
3.1307179879273743
3.4058222502856896
3.3248629576173574
3.661932872373583
3.323231428797621
1.4373770511116046
0.7732283485249176
1.7130788426267936
2.720582776146013
3.189529631552713
3.148235755209042
2.729514702217604
3.09306920777189
2.351921495307729
2.3553885422075336
2.692380602454975
2.8063636489614465
2.7601128325826902
2.1091662641308924
3.283326937686059
2.8218881955261783
3.039148671903071
3.781076011914607
3.7622673906514943
3.3248629576173565
3.077819531114783
3.6074753914554893
4.018917710787208
3.0306390622295662
2.688721875540867
3.0269868333592873
3.175123135113461
2.4508257945180882
3.847128210136425
2.873140679513133
3.5
3.570782286537524
3.238901256602631
3.5
3.885828069136431
3.350209029099897
3.085055102756477
3.615028542394059
3.6133373140453067
3.790751249556438
3.68354236243323
3.941340563438217
3.830546608638305
3.378544559247537
3.967479863405539
3.9412932735967843
3.2402239289418517
3.188721875540867
3.5073801024236353
3.3660913291191914
3.334209459448049
2.221251836004466
2.6384600665861564
3.8988021471889165
3.3564924137968233
3.5
3.1751231351134614
3.2516291673878226
3.3274847819558424
2.7516291673878226
3.6163485660751626
3.2195282822995477
3.886842188131012
2.692380602454975
1.6143308351592656
3.180832987205441
3.8833374604210062
3.463280517810811
3.8729055953200557
3.3816201079487347
3.5032583347756456
3.4464393446710155
3.6403999716663606
3.797467632984005
3.4148657099397464
3.8208888513501886
3.697845823084412
3.085055102756477
3.6163485660751626
4.025919654142018
3.708048150071232
3.4713544870139286
3.0574760762899316
3.381620107948735
3.2516291673878226
2.8553885422075336
0.7793498372920851
1.207518749639422
1.079439161649138
0.6998428398862386
3.5585186130489057
3.334679141051595
3.8143719431796272
3.4565647621309536
3.5814447879326115
3.4251185503571393
3.046381112945884
3.326360407952693
3.821928094887362
3.039148671903071
3.5225715891363594
3.905307776373745
3.903208061647681
3.3204780224153003
3.5434651896016467
3.693149802473811
3.437132212342207
3.8040063852515473
3.9400198342943504
3.9306260235252015
3.8821191684852634
2.495602923729013
3.530411043518327
3.822892694425456
3.8082457226830324
3.337726497006397
3.7855842278980405
3.784604016881903
3.8194147112987733
3.7885558594446493
3.7846945976407187
3.266431544481696
3.6394570665454324
3.8717915785152686
3.8016924304138087
3.3371753411230776
3.789402489793255
3.4863186086602207
3.6342501792433834
3.8085458074767122
4.03922110707339
3.0
1.5
0.6685644431995964
3.87577558114263
3.1556390622295662
3.6945488277869583
3.572431251322119
3.4771752334356236
3.0850551027564768
3.9225895736416696
2.8423709931771093
3.652447488023126
3.490601562950723
3.443513753449852
2.688721875540867
3.7532124083846194
3.621175542919471
3.0503018554349817
3.624312581321539
3.3190795706241736
3.871379278161679
3.5220552088742005
3.0104340890333376
3.155221528859512
3.8326074631437748
3.9600423216970175
3.5227119556807582
3.8136606896881853
3.6536606896881856
3.189898095464287
3.4783459677250397
3.7024715122197467
3.238901256602631
3.8488846166291197
3.558518613048906
3.0269868333592873
3.7454064259382482
3.60693673217532
3.810317237572778
2.7806390622295662
3.8035088547976788
3.584962500721156
4.0136468602941235
4.095162147089169
4.053733422918558
3.2516291673878226
3.0220552088742005
3.2516291673878226
3.182005814760214
2.792481250360578
3.5766176449086657
2.8553885422075336
3.419381945646371
3.991698346081499
3.89139256273523
3.0849625007211556
3.238901256602631
3.2806390622295662
3.378783493486176
3.623465189601646
1.4182958340544896
3.8239348962840563
3.084962500721156
3.521640636343319
3.6887218755408675
3.9917292966721747
3.5224592753013226
3.521732698884723
3.54595859334435
3.321928094887362
3.967495188771521
3.5780564832443083
3.9308813799398323
3.7404482367292617
3.267601311512056
3.27280432733462
3.324092480429717
0.8886865525783176
3.4332696895151074
3.202819531114783
3.6504103051739905
3.7427308737169427
3.6647070055147104
3.6653231585115424
3.612329475634333
3.6841837197791887
4.0259009631702325
3.5110854081804264
3.0849625007211556
3.1952959344962157
3.698068512058838
3.6841837197791887
3.6385725360212406
3.202819531114783
3.0269868333592873
3.4474015047059146
3.6105772433316417
3.182005814760214
4.081727678869736
3.3735572622751846
3.2516291673878226
3.3675365325772657
3.843010159554855
2.8553885422075336
3.195846815111717
3.6835423624332306
3.238901256602631
2.71929452566698
3.3927474104487847
3.024397470347699
3.219528282299548
2.649397470347699
3.676108500731241
3.4594316186372964
3.263933429485634
3.636842188131012
3.7089660826946225
2.5941178916311856
3.6902603909683833
4.032687770580846
3.427500186321916
1.0
1.968873874720721
2.2256051990169436
2.038159681645953
1.6691803368667308
3.8164280318460246
3.0220552088742
3.25
3.5726236638951634
3.326360407952694
3.5219280948873624
3.503258334775645
3.1552215288595113
3.441446071165522
3.3927474104487847
3.1952959344962166
3.689703732199547
2.9450386975402445
3.265583322887733
3.5219280948873624
3.7264741182543752
3.197159723424149
3.2402239289418517
1.207518749639422
3.202819531114783
3.332095398660169
3.2359263506290334
3.350209029099897
3.182005814760214
3.2655833228877333
2.889549430862088
3.620571577105421
3.824473053554116
2.9852281360342516
3.688721875540867
3.9221445998387283
3.6464393446710153
3.866393581147724
3.4556501805795428
3.672997271796528
3.708132064658602
3.6234651896016463
3.838039816898156
3.7887549139935026
3.8515603410261576
3.9946885988266376
3.2516291673878226
2.321928094887362
3.5726236638951634
3.583616975397233
3.813660689688185
3.2195282822995477
3.8134606841964276
2.8150724101159437
3.746439344671015
3.6504103051739905
3.0269868333592873
3.8427185648496742
3.676440908696869
3.1709505944546685
3.901363669197544
3.5282424844314786
3.9772086288967645
3.8248629576173565
3.039148671903071
3.5724312513221195
3.8125
3.8332696895151073
3.419381945646371
1.612197222702993
0.7345299214394703
3.0306390622295662
3.3735572622751855
2.9312089489103235
3.572469458770136
2.71929452566698
3.4598683589017414
3.607010619399147
3.652130557318382
3.7149112214500137
3.2195282822995477
3.215841172683753
3.0220552088742
2.8423709931771084
3.238901256602631
3.0565647621309537
3.9791169042379733
3.567040216926579
3.627763553007399
2.617492461184755
3.6835423624332306
3.196199998970891
3.6572682296173893
3.521640636343319
3.2516291673878226
3.418295834054489
3.377278130987436
3.2402239289418517
3.0220552088742
2.66122625626979
3.830546608638305
3.2516291673878226
3.3371753411230776
3.4086949695628417
3.085055102756477
3.2359263506290334
3.9134007456613773
3.6537567082870015
3.4992275417233567
3.6143694458867563
2.7192945256669794
3.6959472263874704
3.43162356584743
3.4864486671683537
3.3263604079526927
3.3825680832760763
3.113473374724167
3.182005814760214
3.704368542074449
3.6066338100379283
3.862054179782644
3.084962500721156
3.566468890752879
3.73624341298306
3.056564762130954
3.799079570624174
3.9968052388337907
1.584962500721156
3.5817475629608073
3.095795255000934
3.7409532604048397
3.4613201402110083
3.605783942202239
3.815069454058951
3.292770193936991
3.039148671903071
3.182005814760214
3.5132696895151074
3.188721875540867
3.3918926446809317
2.3278084503292495
3.32323142879762
3.7904903797667546
3.6135068178774343
4.002198559309873
3.9924228973089644
3.418295834054489
2.584962500721156
3.3637132757501895
3.149673447186741
3.0269868333592873
2.9708400131019843
3.5932696895151075
3.576617644908665
3.3211043305784895
3.40582225028569
3.384183719779189
3.2516291673878226
3.9696073391174043
2.7806390622295662
2.8553885422075336
3.7483286603655737
2.311278124459133
3.0220552088742
3.2516291673878226
2.8553885422075336
3.197159723424149
3.8164280318460246
3.182005814760214
3.8242528312829864
3.0761031709967215
3.039148671903071
3.824862957617356
3.3443609377704338
3.5397170014624826
3.704349428956052
3.2195282822995477
2.8962915290459277
3.8484784677073645
3.6335059949783672
3.0220552088742005
3.2516291673878226
3.9647351787255047
3.221928094887362
3.6887218755408675
3.6163485660751635
3.0849625007211556
3.039148671903071
3.5585186130489057
2.873140679513133
3.3927474104487847
3.8385863726512914
3.308694969562842
3.567040216926579
3.838901699581733
3.526129815595918
0.9182958340544896
3.3918926446809317
2.950212064914747
3.521640636343319
3.746238082185231
4.026619294188054
3.180832987205441
3.182005814760214
3.4182958340544896
3.140361163698484
3.7932414153559617
3.558518613048906
3.9898342145510544
2.918295834054489
3.084962500721156
3.2516291673878226
2.792481250360578
3.3248629576173574
3.327819531114783
3.2516291673878226
3.999079570624174
3.4316235658474303
3.6475995783256527
3.4713544870139295
3.2516291673878226
3.2516291673878226
3.0062389286533895
3.202819531114783
4.137306652395992
3.182005814760214
3.9862158749538272
1.0
3.4677201004744997
3.732158891364569
3.895150920140013
3.844106544814537
3.0269868333592873
3.202819531114783
3.208694969562842
3.8553885422075345
3.438721875540867
3.2402239289418517
1.267931645520725
3.0220552088742005
3.5892750707107126
3.1808329872054406
3.4790795706241737
3.4613201402110083
2.4508257945180882
3.5971215053609567
3.456564762130953
4.006573937300012
3.454822399946607
2.5654483718208256
3.6660437688735716
3.5342190211803413
3.8914953898924622
2.8665871058289594
2.9037016960573485
2.8218881955261788
2.4116022179746714
2.6312929881819005
2.8553885422075336
2.155968102145908
2.0458416408851736
3.1939175351443456
3.3927474104487847
3.5
3.3082708345352603
3.085055102756477
3.0086949695628418
1.1451104143815827
1.5510981710072647
3.6158175946759337
2.625814583693911
3.182005814760214
3.990017217489902
3.4182958340544896
3.377443751081734
3.0097239659129595
2.649397470347699
3.2639334294856344
2.7773627950641693
2.8402239289418523
3.3680424225727146
3.154222184683522
3.238901256602631
3.27280432733462
3.5424812503605785
3.1692486956952335
3.6897037321995474
3.0269868333592873
3.6163485660751644
3.948532401412372
3.8183875419314712
3.9665833349359043
4.031912145278083
1.584962500721156
3.1556390622295662
3.3787834934861767
3.819958605523099
2.8159220638351665
3.0269868333592873
3.8204950052994864
3.9288188800851525
3.843380912258979
3.6793951065171857
3.628619462217116
3.188721875540867
3.0220552088742
3.572623663895163
3.0269868333592873
3.6635327548042538
3.3204780224153
2.8962915290459286
3.4992275471326932
4.120663603600284
4.020485391409523
3.2848894517332403
3.5655957039963786
4.175104814123528
3.3927474104487847
4.107027090737628
3.9790129930483404
3.084962500721156
3.2195282822995477
3.663532754804254
3.189898095464287
3.8731406795131322
3.5841837197791886
3.084962500721156
3.175123135113461
3.7264741182543752
3.8464403968887964
3.788341339656749
3.6695767463163937
3.8110072154632926
3.5892750707107126
3.238901256602631
3.3927474104487847
3.084962500721156
3.7939427079182684
3.0220552088742
3.003701696057348
3.6234651896016468
3.3082708345352603
3.798533209849189
3.6339740759971577
3.106890595608519
3.521640636343319
3.9354458560507637
3.25
3.3248629576173574
2.9852281360342516
3.6835423624332306
3.923231428797621
3.653756708287001
3.6867731061219904
3.43162356584743
3.6635327548042538
3.0269868333592873
3.5724312513221195
2.74894004700543
2.895423870280316
2.715527812793128
2.6946078184022975
2.467720100474499
3.085055102756477
3.594465636961452
3.6211755429194716
3.2359263506290334
3.418295834054489
3.41041725276052
3.8593767097141667
3.4548223999466066
3.446439344671015
3.484183719779189
3.0220552088742
3.7080481500712326
3.056564762130954
2.353533948577482
3.0565647621309533
2.792481250360578
3.085055102756477
3.418295834054489
3.5724312513221195
2.873140679513133
3.238901256602631
3.189898095464287
3.375
3.2402239289418517
3.2639334294856344
2.8553885422075336
3.238901256602631
3.326360407952693
3.419381945646371
3.051601636871704
2.584962500721156
3.4992275471326932
3.576961437244538
3.0220552088742005
3.573183790982011
2.6887218755408666
3.9040098347359096
3.5724312513221195
0.8904916402194913
3.0220552088742005
2.792481250360578
2.8073549220576046
3.8828142771033947
2.688721875540867
1.0892300788425848
3.4116022179746706
3.676440908696869
3.378783493486176
2.610292577907353
3.1404107151534753
1.584962500721156
3.9901933119470567
3.238901256602631
3.6814594230401525
3.393740931562742
3.2608281712244542
3.7974165797919075
3.2516291673878226
3.0269868333592873
3.4992275417233563
4.086607557157051
3.613899826748855
3.4633896850763297
3.375010235956028
3.537946676728563
3.6442475629608078
4.031559351786214
3.6763906325796265
3.785561002824151
3.308694969562842
2.584962500721156
3.137778545714527
2.625814583693911
3.334679141051595
3.084962500721156
3.25
3.539470570797252
3.2810361125534233
3.2806390622295662
3.2402239289418517
2.355388542207534
3.41041725276052
3.0220552088742005
3.4276942711037672
3.204447960708351
3.6572682296173897
2.2062389286533897
2.3391987375125605
0.7195563653739032
4.104944529174836
3.456974426745135
3.572469458770136
3.842857292808496
2.854693951646702
2.8397755396455078
2.514097655573916
2.2877837199410704
2.4477979600193267
3.182005814760214
3.4565647621309536
3.3535339485774815
3.381076011914607
3.657192532924143
2.663532754804255
3.949653854525305
3.182005814760214
3.630564115298123
3.3035088547976788
3.6859175795054955
3.263933429485634
3.2359263506290334
4.086551940470712
1.9219280948873623
3.577747162910945
2.827819531114783
3.8325950745091326
4.057476076289932
3.039148671903071
1.727396673574479
1.9715107774877754
2.440251218626855
1.8322488896002307
0.6193821946787638
2.75
3.8020779189883926
3.5878587982995085
3.452819531114783
3.720269715325199
2.9852281360342516
3.1751231351134614
2.9852281360342516
3.1841837197791887
3.993461353115226
3.7483943455364037
1.0
3.2359263506290326
3.1395722619867223
3.084962500721156
3.373557262275185
3.238901256602631
3.3927474104487847
3.6753108689123644
3.039148671903071
3.546439344671015
2.950212064914747
3.5775339437608964
3.7041774174654374
3.827106196154404
3.689703732199547
3.6682958340544896
3.5724312513221195
3.327819531114783
3.378783493486176
3.772055208874201
3.9021748142117274
3.202819531114783
3.5724312513221195
3.6464393446710153
4.019183120291044
4.014392459445162
4.033369020804086
0.9463729359854419
3.7885762157304317
3.4428621651554656
2.8423709931771084
3.1556390622295662
4.06782836582007
3.4677201004745006
3.676440908696869
3.6168746059562227
3.6635327548042538
1.3520301017579528
3.534219021180341
2.7272170014624826
0.7345299214394703
1.1219280948873622
2.9312089489103235
3.3232314287976203
3.5585186130489053
3.0849625007211556
1.4182958340544896
3.378783493486176
3.6899015819921512
3.4273334938982645
2.9689185639620974
3.9590570816697506
3.2516291673878226
3.5068905956085183
3.777773576050238
3.6186652900079572
3.46328051781081
3.452819531114783
3.7080481500712317
4.000432302535624
3.5743577621291283
2.688721875540867
3.1556390622295662
3.701129650809446
3.001629167387823
3.43162356584743
3.1898980954642875
3.6895347584128255
3.890319531114783
3.375
3.4548223999466066
3.63441457351055
3.4992275417233567
3.5661089398374806
3.0269868333592873
2.8553885422075336
3.4992275471326932
3.0503018554349812
1.8073549220576042
3.8214419452073276
3.777362795064168
2.8731406795131336
3.4613201402110083
3.221097250057957
3.503795003513747
3.59448250651942
3.7112850672042894
3.337175341123077
3.377443751081734
3.6993575430519043
3.538310595615005
3.8924637537482623
3.0574760762899316
3.675310868912364
3.98348116174144
3.10845859334435
2.353533948577482
3.2089873002587996
3.1395722619867223
3.990009704040741
3.655045546825804
2.789898095464287
3.2195282822995477
3.8653642211959873
1.483226196970911
3.446439344671015
3.2806390622295662
3.75
3.189898095464287
3.2913928761709625
4.084353046144759
3.738608500731241
3.7591351559391426
3.0849625007211556
3.584962500721156
3.0441104177484006
3.841585104374317
3.7201755214643453
3.0269868333592873
2.8553885422075336
2.827819531114783
3.86420291165057
3.950987125440962
1.0
3.182005814760214
3.43162356584743
3.5726236638951634
3.381580488309164
2.1632371016618914
1.5
3.8686017221107036
1.584962500721156
3.2608281712244542
2.339572261986723
3.625
3.419381945646371
3.337175341123077
3.8495044796049216
4.20338152647298
3.715957320949174
4.2252432498438885
3.956271900379875
3.9816080755856893
3.202819531114783
3.2841837197791883
3.077819531114783
3.7291587728406537
2.789898095464287
2.751629167387823
3.2866294867861954
3.973007424987793
3.2883201891060003
2.6535442970305683
3.5912289607390253
3.6300623580780274
2.9689185639620974
3.039148671903071
3.4864405016961446
3.25
3.027169118440619
3.2516291673878226
3.767375797816042
3.8610385209916935
3.7356878247375773
3.9245068744457434
2.3522170014624826
3.4399364703978073
2.9735572622751847
3.2390979179887864
3.2720552088742005
2.8738204403641174
3.624518654958899
3.3837930573985116
3.2163155690666425
2.5654483718208256
3.180832987205441
3.378783493486176
3.337175341123077
3.182005814760214
2.5654483718208256
1.648238712995888
4.140328435313431
3.6504103051739905
3.5841837197791886
4.06227043705173
3.976097376068262
3.8728526787841497
3.726474118254375
3.653756708287001
3.459431618637298
3.3927474104487847
3.8385111524840863
3.454986855772667
3.350209029099897
3.969605349690841
4.031022273659598
1.0
3.736006946447657
3.3248629576173565
2.9182958340544896
3.538310595615006
3.858524020794802
3.0850551027564768
3.2516291673878226
3.7919542716943213
3.373557262275185
3.3927474104487847
3.5428377974034158
3.238901256602631
2.8553885422075336
3.0269868333592873
3.9409388047608402
3.7000144837038995
3.180832987205441
3.7381493331928666
3.60341234326019
3.5220552088742005
3.7950885863977324
3.584183719779189
3.5337712560645564
2.8150724101159437
3.0574760762899316
1.4182958340544896
3.2359263506290334
3.471354487013929
3.378783493486176
3.8814893607725276
3.4565647621309536
3.3263604079526936
3.503258334775645
3.182005814760214
3.182005814760214
3.4251185503571393
3.521640636343319
3.747606618768417
3.5841837197791886
3.4182958340544896
3.784941827437642
3.0850551027564768
2.9182958340544896
3.7254805569978675
3.3841837197791884
2.8150724101159437
2.8553885422075336
3.9708400131019848
3.6168746059562227
3.1751231351134614
3.506890595608518
3.947657204117415
3.4992275417233567
3.4314134569803287
3.195295934496216
3.2195282822995477
3.0503018554349817
3.4966241415109924
3.736006946447657
3.3005590923909525
3.1056721842714325
2.950212064914747
3.721928094887362
2.7773627950641693
1.0408520829727552
0.9463729359854419
3.0849625007211556
3.2680488287579594
3.5555331514269954
2.9852281360342516
3.5395722619867223
3.856564762130954
3.0396330438946313
3.5841837197791886
3.661932872373583
3.327819531114783
2.5012064224986057
2.285760521145638
2.321928094887362
4.03383910398286
3.584183719779189
3.6043749482596925
3.689703732199547
3.4039894464852614
3.3908054820769817
3.369331261111518
3.0062389286533895
3.4357554339416274
4.014837314509737
2.8553885422075336
3.856196298219381
3.3005590923909534
3.5944656369614516
3.327819531114783
3.2359263506290326
2.9232314287976204
3.182005814760214
3.6812516747100656
3.995297954338623
3.689703732199547
3.3921472236645345
3.5766176449086653
3.3787834934861767
3.733660689688185
3.037948244588953
1.5766212201074912
2.839957427811111
1.0
2.4182958340544896
3.5878587982995085
2.792481250360578
3.026986833359287
3.7808589355000475
2.9312089489103235
4.138366161077889
4.100125630503573
3.563307235905091
3.4617878424355712
4.13167881806229
3.8444138295776114
3.202819531114783
3.9265716511782744
3.9967215254690096
2.8553885422075336
2.8423709931771093
2.688721875540867
3.501397825434103
3.864918704467278
4.186128162896211
4.101307115534989
1.5
2.5492553971685
2.725480556997868
2.0
2.918295834054489
3.4104172527605203
3.2516291673878226
3.4474015047059146
3.8248629576173565
3.238901256602631
3.80871969734407
1.379877637552799
3.4066424893856784
3.127986806877675
3.0220552088742
3.152391277629867
3.4992275471326932
3.378783493486176
3.2927701939369904
3.1496734471867414
2.9056390622295662
3.754163427768881
3.814371943179627
0.9182958340544896
2.918295834054489
3.0269868333592873
3.2516291673878226
3.1898980954642875
3.555533151426996
2.8150724101159437
3.721928094887362
2.4591479170272446
3.718128820706467
3.1898980954642866
3.2709505944546686
3.334679141051595
1.5306390622295665
3.4771752334356236
3.2608281712244547
3.1395722619867232
3.039148671903071
3.558518613048906
3.7370242754249494
3.056564762130954
3.6537567082870006
3.642371448743902
0.6998428398862386
3.5944656369614516
4.134468568039293
3.006238928653389
3.4428621651554656
3.6764659725018163
3.8136606896881857
3.4072682296173893
3.5535088547976788
2.4056390622295662
2.4508257945180882
4.075516467736388
3.375
3.8887859753181417
3.378783493486176
2.8553885422075336
3.4565647621309536
3.6887218755408675
3.5
3.546439344671015
3.5841837197791886
3.6537567082870006
3.5841837197791886
2.5220552088742005
2.6491842399045815
2.749934347003759
3.4677201004745006
3.6069367321753214
3.783465189601646
3.7841837197791888
3.546439344671015
3.7951260224365715
4.222859622518694
4.00505034296239
1.0
2.8662478973127308
3.4713544870139286
2.918295834054489
2.9852281360342525
3.6424896731661263
3.663532754804254
3.454822399946607
3.260828171224455
3.5
2.9559130951758243
3.238901256602631
3.5
2.8553885422075336
2.8731406795131336
3.30827083453526
3.8647579641324836
3.9497340879408434
3.9362422548345486
2.584962500721156
3.4771752334356236
3.918549426367401
1.384431504340598
3.456564762130953
3.0565647621309537
3.27280432733462
3.7264741182543752
3.7628183952216414
3.4642346527265664
3.422577995321604
3.8431390622295662
3.7492750707107123
3.2483650467509038
2.918295834054489
3.506890595608519
3.2841837197791888
3.824533406881911
3.2709505944546686
3.0086949695628418
4.011038519745425
2.8423709931771084
3.499227547132693
3.5724312513221195
3.8441065448145375
3.326360407952694
3.55592698363834
2.932096688995875
3.2359263506290334
2.6235166412180155
2.6258145836939115
3.337175341123077
3.7020784069005814
2.9182958340544896
3.80827083453526
3.056564762130954
2.8553885422075336
3.8947409169014717
2.952819531114783
2.688721875540867
3.882520755336066
2.584962500721156
3.5766176449086653
3.332095398660169
3.5878587982995085
3.3027227528624894
3.4992275471326932
3.481714572986073
4.032303242743953
3.1182751607709753
3.447401504705914
3.323231428797621
3.080500530640267
2.931208948910323
3.7317461816973854
3.0565647621309537
1.584962500721156
3.180832987205441
3.0220552088742
3.2359263506290326
3.03856233607563
3.5068905956085183
3.7015976801102295
3.3443609377704338
3.6764409086968692
3.572623663895163
3.6818808028034016
3.753434386188785
3.943942707918268
3.238901256602631
3.2516291673878226
3.32323142879762
3.689703732199547
3.5110854081804272
3.182005814760214
3.893660689688185
3.8731406795131327
3.5766176449086653
3.5068905956085183
3.373557262275185
3.897587036123537
3.6635327548042533
3.9244523616297293
3.039148671903071
3.084962500721156
4.211051310282838
2.0
1.1656062405705747
1.2389012566026305
0.8269021090582096
0.8524051786494786
3.8315374470641768
3.933682053535639
2.8993343777397067
3.4072682296173897
3.355388542207534
3.584962500721156
3.8238816375185882
3.378783493486176
3.6537567082870006
3.521640636343319
3.439936470397808
4.156715983698663
3.0565647621309537
2.984234164652489
3.8383977993262324
3.5342190211803413
4.052053555163804
3.7189532820450215
4.121586034451746
3.788052330483961
3.895382391322659
3.083587370023807
3.306020262209256
3.4226401423632016
3.1422429757855985
3.1395722619867223
2.909567094075591
3.6900489647858317
3.521640636343319
3.2810361125534233
3.475471770545807
3.567083406214136
3.6647070055147104
3.4145398046305795
3.4350343141722917
3.4713544870139295
3.419381945646371
3.488525294897748
2.918295834054489
3.016875695766564
3.6928642898333357
3.08611623701536
3.5956436374512015
3.490601562950723
0.7732283485249176
3.0850551027564768
3.916126946588284
4.078133783904581
3.6146006942794235
2.0
4.002894753879087
1.584962500721156
3.1556390622295662
3.4713544870139286
3.0220552088742005
3.188721875540867
3.6537567082870015
2.66122625626979
2.963215692534584
3.0761031709967224
2.4237949406953985
3.5423718976041765
3.418295834054489
3.3927474104487847
3.4713544870139286
2.952819531114783
3.238901256602631
3.8894187592035747
2.0
2.8522170014624826
3.2516291673878226
3.5875986337223496
3.6375375112660517
3.3800943362833302
3.558518613048906
3.740154462285571
3.4632805178108104
3.1820058147602133
3.1307179879273748
2.923231428797621
3.6902603909683838
3.7302896912181245
3.642371448743902
3.7148697866030838
3.5804621997271013
3.9932202508480725
3.7639413803488413
3.703465189601646
2.5220552088742
2.8553885422075336
2.699513850319966
3.1105780147890156
3.337175341123077
2.873140679513133
3.0220552088742
3.128085278891395
3.09306920777189
1.8073549220576042
3.604031754555149
3.180832987205441
4.023981820580905
3.672905595320056
2.8553885422075336
3.3841837197791884
3.9251087971292766
3.238901256602631
2.8553885422075336
2.8731406795131336
2.9450386975402445
2.863865121950854
3.753297431183515
4.143541333622538
3.0269868333592873
3.202819531114783
3.5575772716083085
3.128085278891395
3.189898095464287
3.788341339656749
3.564297543918765
3.208694969562842
2.615124748714922
3.4565647621309536
2.751629167387823
3.7896769543252065
3.620936064750772
3.694781460584273
3.32323142879762
3.4613201402110083
3.712880922885003
3.182005814760214
3.606936732175321
3.6167292966721747
3.640223928941851
3.689703732199547
3.238901256602631
3.182005814760214
2.8553885422075336
2.8731406795131336
3.0174511485382376
3.0693402797809903
4.17969537866175
4.213095640787369
4.058116905718326
3.9640253354080444
4.034314847967061
4.076950210642056
1.5
3.2359263506290334
4.001865511285216
2.8553885422075336
3.084962500721156
3.930105325979735
3.7887549139935026
3.202819531114783
2.9312089489103235
3.314718016821339
3.8345573759877944
3.950987125440962
1.584962500721156
3.2516291673878226
3.53850987421411
3.2709505944546686
3.1145892622932436
3.506890595608519
3.180832987205441
3.521640636343319
3.60693673217532
3.454822399946607
3.663532754804254
3.873140679513132
3.1751231351134614
3.323231428797621
3.3248629576173574
3.7483286603655737
3.1556390622295662
3.751629167387823
3.9855654644463705
2.7773627950641693
3.4701755214643453
3.577819531114783
3.8488846166291197
3.0220552088742
3.0269868333592873
2.9182958340544896
3.7583928385987746
3.8264658909811926
3.180832987205441
3.292770193936991
3.5856375894367076
3.3825680832760763
1.186278124459133
3.039148671903072
3.4182958340544896
3.2516291673878226
3.182005814760214
3.6150610122030695
3.3248629576173574
3.3232314287976203
3.188721875540867
3.653756708287001
3.286629486786195
3.952368167875317
3.0621509636621727
3.60341234326019
3.501397825434103
3.3940502466255755
3.3685225277282056
3.5739348962840563
4.191240537647705
1.0
2.5654483718208256
2.952819531114783
4.020473440520106
3.811828379790224
3.827819531114783
3.2516291673878226
3.522711955680758
2.9056390622295662
3.0565647621309537
3.783465189601646
3.381580488309164
3.238901256602631
2.9312089489103235
3.286629486786195
3.9372553827131926
3.180832987205441
3.2516291673878226
3.452819531114783
3.077819531114783
3.454822399946607
3.43162356584743
3.182005814760214
3.5724312513221195
3.084962500721156
3.327819531114783
3.6758711054575395
3.25
3.863826390090815
3.3320953986601696
3.024397470347699
1.0892300788425848
3.2639334294856344
3.365636576077286
3.5883543471732335
2.0225797618424917
2.2123274835046387
3.3927474104487847
3.188721875540867
3.238901256602631
2.892079563925711
3.471354487013929
2.7534343861887853
2.899397470347699
3.499227541723357
3.5503407095463877
3.997336266106987
2.0
3.9673229755208643
3.9559130951758243
3.721460719895813
3.817580149268817
3.8209505944546676
2.858278308418045
3.452819531114783
3.393127173448318
3.337175341123077
3.8550840717083874
3.962680098007137
3.644152096415609
3.239097917988786
3.893504374856551
3.8100810205217313
4.183783409004101
3.337175341123077
4.044119064746055
3.0269868333592873
3.8100784700246697
3.786492389019879
3.714856802465119
3.8149582451891515
3.7325987385587527
3.70284667657697
3.6798155061586812
3.6761046079051067
3.238901256602631
3.594465636961452
3.238901256602631
3.8259247327071333
3.3660913291191923
3.4472624994412104
3.471354487013929
3.9345710010613426
4.073020307230486
3.2516291673878226
3.2359263506290334
3.239097917988786
3.9196968670414294
2.918295834054489
3.8924071185928764
3.6094963344256965
3.65041030517399
3.5
3.202819531114783
1.5628066316931741
3.0220552088742005
2.931208948910323
3.888012099972727
4.064392248309453
3.0849625007211556
3.1916116417513782
3.0220552088742
3.88614658824991
2.9182958340544896
3.8061983328100943
3.5944825065194195
3.006238928653389
3.3950849518197788
3.041625614369223
4.050301855434981
3.938654716746413
3.5841837197791886
3.3263604079526936
2.4182958340544896
3.5739348962840563
3.0269868333592873
3.546439344671015
3.5841837197791886
3.4713544870139286
3.5
3.5585186130489057
2.8150724101159437
3.7834651896016465
3.6368421881310122
3.3232314287976203
3.182005814760214
3.238901256602631
3.2516291673878226
3.2516291673878226
3.182005814760214
3.734521664779752
3.6455933144511463
3.0560209680578816
3.6539967386657093
3.182005814760214
3.767183467891461
3.6897037321995474
2.7107770844150676
3.378783493486176
3.4548223999466066
3.057476076289932
3.4316235658474303
3.3660913291191914
3.7849418274376423
3.175123135113461
3.3082708345352603
3.4039894464852614
3.6682958340544896
3.125
3.350209029099897
3.3787834934861767
3.560011530389629
3.5110854081804264
3.4565647621309536
3.170543891762937
3.7539280318460246
3.40582225028569
2.9870900416203345
3.7144093452479403
3.5240924804297173
3.4987565932796483
2.973557262275185
2.4508257945180882
3.8685477764837573
2.8150724101159437
3.155565013329719
3.7282129458410007
3.906102499243671
3.7201755214643453
3.2359263506290326
3.3558342610220864
3.418295834054489
2.355388542207534
1.337290066617014
3.534219021180341
2.2277110700184033
2.3177224818376847
3.2639334294856344
3.238901256602631
3.886482817171227
2.0
3.418295834054489
0.7345299214394703
0.7907669479360189
2.8150724101159437
3.8100810205217313
3.0062389286533895
3.861983513035609
1.584962500721156
3.4613201402110083
3.381580488309164
3.499227541723357
3.2806390622295662
3.4548223999466066
3.9224734155316097
3.5535088547976788
3.857306856898128
3.2806390622295662
3.7526370181546294
3.0269868333592873
3.2359263506290334
3.5
3.820887927095424
3.6792292966721747
3.327819531114783
4.165186248963275
2.1684656711105887
1.5744174271404585
1.5744174271404585
1.809200032697812
1.822815600352516
1.6258145836939115
3.0
3.6927415137524853
3.128085278891395
3.7015976801102295
3.5464393446710147
3.5465942457551543
3.513269689515108
3.057476076289932
2.751629167387823
3.039148671903071
3.2516291673878226
3.75
3.238901256602631
4.077621705479855
3.8955208312609466
3.3082708345352603
3.8404025467025056
3.4316235658474303
3.69087626903375
3.6897037321995474
2.792481250360578
3.788341339656749
3.0220552088742
3.039148671903071
3.3927474104487847
3.3787834934861767
3.353269689515108
3.575633711301947
3.4713544870139286
3.077819531114783
3.238901256602631
0.9780155566622414
3.417483149926974
3.321104330578489
3.3320953986601696
3.989901292070872
1.5
1.4891353321499974
3.041625614369223
3.5068905956085183
3.2516291673878226
4.1468034330708115
2.8423709931771093
3.2810361125534233
3.0574760762899316
3.980224694772665
3.2359263506290326
3.8383977993262324
3.4316235658474303
3.5804621997271013
3.909368063943885
3.4956029237290127
3.7537016960573477
3.2516291673878226
3.8288708509068643
3.337175341123077
4.046020950957687
0.7345299214394703
3.180832987205441
2.9450386975402445
3.479561393367673
3.546593564294939
3.2516291673878226
3.327819531114783
3.6818808028034016
4.067123458327659
3.0850551027564768
4.143350320764773
3.8431390622295662
3.785911893654434
2.8553885422075336
2.8553885422075336
3.9533280111422795
4.069353322877704
3.222191575506677
3.9881741528572934
3.970836815018715
4.086268887066099
4.1431105103507795
1.584962500721156
3.2290301730294653
2.0
3.1068905956085184
1.51241284143745
1.131314688649721
1.2366407419411674
1.042344321483692
3.1395722619867223
3.2709505944546686
3.3371753411230776
3.8785848023501845
3.4548223999466066
2.3468455104522183
2.0366614225615596
2.2312702546075758
1.0
3.457867131472585
3.350209029099897
3.5777471629109443
2.8553885422075336
3.4435137534498526
3.1751231351134614
3.2195282822995477
3.3423709931771084
3.7447850008445385
3.368042422572715
2.9219280948873623
4.05616887865581
2.7321588913645702
4.15844608283597
3.446439344671015
4.014909503836099
3.0269868333592873
4.04786720315269
2.842370993177109
3.983444824068004
3.860443698311203
2.66122625626979
4.137614582722476
2.9834585933443494
4.073820774743212
3.319079570624174
3.770942421748537
3.898107609683817
3.238901256602631
3.375
4.10274967409804
3.238901256602631
1.8423709931771084
3.5724312513221195
3.3336606896881853
3.4397106501513597
3.8961746300696403
3.9479885853641634
1.584962500721156
3.0558392436106088
4.063861868833498
3.7757771860263873
3.89783318920432
2.952819531114783
3.882045108136863
3.5503407095463877
4.016735577283109
3.377443751081734
3.744203568311812
3.4548223999466066
3.6402239289418516
3.263933429485634
2.841446071165522
3.6485681783815576
3.5777832044311557
0.0
3.927567157116928
3.2516291673878226
3.5554141844097327
3.739572261986723
2.625814583693911
2.9182958340544896
3.471354487013929
3.204447960708351
3.762380345401072
3.292770193936991
2.918295834054489
3.5068905956085183
2.8731406795131336
3.3232314287976212
3.4701755214643453
2.6258145836939115
3.326360407952694
3.0130709291038453
0.7345299214394703
2.113636125391224
2.6612262562697895
3.6631688359178116
3.9511943630832222
3.085055102756477
3.039148671903071
3.395716181280675
3.8539634370813545
3.8832062193464942
3.5736606896881846
3.719964304742392
3.891277644636516
3.610577243331642
3.238901256602631
3.546439344671015
3.0850551027564768
3.993562996982768
4.087979491312166
2.1280852788913944
4.062862244587648
3.751629167387823
3.189898095464287
3.8012809644479764
3.567040216926579
3.5758396667352437
3.189898095464287
3.6402016205540892
3.9338135358405486
2.0
3.7179457342494597
3.1018812234760182
3.5159932919207195
3.2516291673878226
2.952256596124317
3.155636587711996
3.568127529055962
3.6512851552462813
4.00055507003764
3.768453957701921
3.721928094887362
3.503258334775645
3.906724115462864
3.418295834054489
3.8831727088441372
3.925036629432122
3.6605947746356575
3.787301737252941
3.683856189774724
3.6818808028034016
3.534219021180341
3.967840973145382
3.1556390622295662
3.3248629576173574
2.8553885422075336
3.3787834934861767
3.7409532604048397
3.4219280948873623
3.3082708345352603
3.7004397181410926
3.4086949695628417
3.813660689688185
3.8441065448145375
3.456564762130953
3.521640636343319
3.4841837197791885
3.5434651896016467
3.8009085823316155
3.454822399946607
2.950212064914747
3.327819531114783
3.411602217974671
3.572469458770136
1.8894822670191826
3.8252517372886503
3.182005814760214
1.121177460903491
4.093576839096998
2.321928094887362
3.8187195090910993
3.587858798299509
3.3685225277282056
3.0220552088742
3.2810361125534233
3.8775671571169283
4.120202803452028
4.174329913336515
4.0472287908473135
4.137271395414626
3.9825288595328865
2.5949066182439395
1.945256395553212
1.6493974703476992
3.381580488309164
3.326360407952694
2.925853014561283
3.0306390622295662
3.086048612313038
2.5294881142662007
3.146286370662105
1.584962500721156
3.5
3.452819531114783
3.238901256602631
4.0164369507366775
3.4613201402110083
3.0850551027564768
4.061667362671987
3.772055208874201
3.9459836392296155
4.015212434638444
3.7516291673878235
3.8313182461522968
3.851370497300759
3.2516291673878226
3.058813890331201
2.8813821472136403
3.202819531114783
3.0931390622295662
3.2057000654415853
2.8962915290459286
3.0012159504907663
3.060494629310536
2.751629167387823
3.0306390622295662
3.0850551027564768
3.3446983751597124
3.4472624994412104
3.1018812234760182
0.5689955935892812
3.6668832665355913
3.463465189601647
3.832810736843129
3.978410804082232
3.871267626493468
3.4464393446710155
3.0269868333592873
3.6493596484061492
3.9358267612196665
3.689891668750007
3.8468194765417802
3.6619328723735824
0.8180959929710641
2.584962500721156
3.625
3.506890595608519
4.203287874538949
1.014097655573916
3.303465189601647
3.40582225028569
3.238901256602631
3.40582225028569
3.783465189601646
3.723074189428569
3.7919245392005068
3.681880802803402
3.754441845713345
3.4753233143934747
3.91829583405449
3.2195282822995477
3.0269868333592873
2.8731406795131336
3.8425302326942807
1.584962500721156
2.8073549220576046
3.8314018453921714
3.878783493486175
4.116139720220784
3.9987280573706054
3.8962915290459277
1.0
3.6829469451787857
3.810317237572778
3.708093391577498
3.0837651410695512
3.240223928941852
3.7087679639401747
4.07829734380614
2.9182958340544896
4.115191660900089
3.9686243029601025
3.939576451251581
3.7201755214643453
3.4992275471326932
3.2927701939369904
3.755783629896563
3.8584904006396945
3.642371448743902
3.870139569515942
3.9188774140965683
3.642371448743902
3.4218984152770844
3.850342488758991
3.4980685120588384
3.7487911528729887
3.134848613650846
3.763507799180104
3.950987125440962
3.6320527396219857
3.776914862303709
3.882814277103395
3.9867979085263445
4.049603913797714
3.189898095464287
2.952819531114783
3.4251185503571397
3.236440501696145
3.146286370662105
3.3927474104487847
3.321104330578489
2.4634582986483036
3.4594911601991534
3.602316558505553
3.2359263506290326
3.2516291673878226
3.7720552088742005
3.9499846966573604
3.6550455468258045
1.2516291673878228
3.2516291673878226
2.9182958340544896
4.0164744839981505
3.878783493486175
2.8553885422075336
3.326360407952694
3.189898095464287
3.3082708345352603
3.916579706419834
2.663532754804255
3.5739348962840563
3.188721875540867
2.739572261986723
3.824082127037421
3.7232314287976207
3.7444139011123685
3.753434386188785
3.327819531114783
4.013346710406058
3.5368867237421666
3.039148671903071
3.125
3.584303179346712
3.146286370662105
3.3230741894285694
3.425118550357139
3.41041725276052
3.536886723742166
3.084962500721156
3.2720552088742005
3.456564762130954
3.4056390622295662
3.7622673906514943
3.893660689688185
3.290321609248305
3.8423479214256258
3.9155669613089903
3.0565647621309533
3.559900001923084
3.9759542488051087
3.679143374026009
3.319043392262376
3.5368867237421666
3.238901256602631
3.93140051274319
3.020333891495689
3.269275070710713
3.7404482367292617
3.8153703361909925
3.4830741894285695
3.5766176449086657
3.418295834054489
3.807763576417195
3.327819531114783
3.09306920777189
3.7254805569978675
3.7030407100708658
3.149673447186741
3.8132065289617665
3.5168756957665637
3.675310868912364
1.3752793655393791
3.775475847209144
2.952819531114783
2.4416298737872246
4.096399702938867
1.5
3.039148671903071
3.239097917988786
3.182005814760214
2.8553885422075336
3.3248629576173574
3.6572682296173897
3.6897037321995465
3.8561746300696402
3.084962500721156
3.3927474104487847
3.536886723742167
3.5
3.521640636343319
3.0850551027564768
3.418295834054489
3.907734270742486
3.378783493486176
3.202819531114783
3.6402239289418516
3.180832987205441
1.771176140139163
3.5
3.7645110546718907
3.771437029461126
3.3735572622751855
3.481661512101756
2.98345859334435
3.834868358901741
3.644413829577611
3.8166890064215258
3.9031612487894867
3.3239348962840563
3.753047048895304
3.125
3.5068905956085183
2.353533948577482
3.084962500721156
4.198367632216729
1.584962500721156
3.0286393118385755
3.0375962937024457
3.740308656974503
3.8271075472436555
3.879868975447566
0.0
2.8553885422075336
3.378783493486176
3.0269868333592873
3.3927474104487847
3.180832987205441
1.9746017527145812
2.139657194092968
2.889549430862088
3.1617687959731944
3.2685893735563742
3.247654412797025
3.2443821560501616
3.26815817916241
3.2808180775673814
3.0542894665748155
3.289322780348519
3.211490490053793
3.1971597234241487
2.792481250360578
0.0
3.7080481500712326
3.5892750707107126
2.2312702546075758
3.947763919044233
3.763424674524411
3.506890595608519
3.4565647621309536
3.4407598325400897
3.239097917988786
0.7219280948873623
3.0849625007211556
2.6384600665861564
4.069952445739504
3.4136606896881854
3.2321018048454135
1.1050139971135322
3.446439344671015
3.3927474104487847
3.0306390622295662
2.952819531114783
3.5724312513221195
3.7223356217860406
1.584962500721156
3.0849625007211556
3.202819531114783
3.744203568311812
3.576617644908665
3.534219021180341
3.146286370662105
3.703465189601646
3.940351042928689
3.419381945646371
3.9086949695628412
3.616348566075163
3.73215889136457
3.3927474104487847
3.943465189601646
3.572431251322119
3.0220552088742
3.084962500721156
3.25
2.9852281360342516
3.75
3.681880802803402
3.221097250057957
3.7040386490267627
3.671405583442497
3.5465935642949384
3.6158175946759328
2.8553885422075336
3.4548223999466066
2.8553885422075336
1.2366407419411674
3.0220552088742005
2.688721875540867
3.8365916681089787
3.0269868333592873
3.594465636961452
3.642489673166126
3.238901256602631
3.5932696895151075
3.3815804883091634
3.9321380397593733
3.6028281036529495
3.888535812301758
3.5670402169265785
3.298647438314914
3.757048827786958
3.221097250057957
4.037903479014993
3.382048827786958
3.959979207702604
3.4056390622295662
3.381580488309164
3.202819531114783
3.661932872373583
2.8553885422075336
3.7166308917868656
3.7004397181410913
3.239097917988786
3.461320140211008
1.207518749639422
2.8150724101159437
3.8362847715727213
3.4407598325400897
3.6385304691242917
3.4992275471326932
3.085055102756477
2.8553885422075336
3.4594705707972517
3.238901256602631
3.3232314287976203
3.4817145729860717
3.189898095464287
2.2841591278514217
4.047600513748594
0.0
3.3927474104487847
3.59448250651942
3.189898095464288
3.4632805178108104
3.1395722619867223
3.826554445272548
3.4906015629507228
3.661226256269789
3.4182958340544896
3.4219280948873623
1.7647495407945395
1.9312952802328744
1.584962500721156
3.127986806877675
3.565448371820825
3.7647351787255046
3.3927474104487847
3.788754913993502
3.7166308917868656
3.643074189428569
4.141018772274574
3.5766176449086657
4.022393930329911
3.62280254489664
3.650375123254019
4.023244369658799
3.6542553132150286
2.8962915290459277
3.5878587982995085
3.5766176449086653
3.733660689688185
3.8542858719872455
3.8820451081368628
3.506890595608518
3.902118869228455
3.6424896731661263
3.5590795706241733
3.6933452188924916
3.6536606896881856
2.9139770731827523
0.0
4.192768872384395
3.8221819586428727
3.767183467891461
3.970572742583693
3.9373735589691794
2.918295834054489
3.0269868333592873
3.057476076289932
3.189898095464287
3.9219280948873623
3.182005814760214
3.584962500721156
3.6687282889802875
3.697845823084412
3.6168746059562227
3.1556390622295662
2.584962500721156
3.1761102515172537
3.9703267976212957
3.1556390622295662
3.2359263506290334
3.3248629576173574
3.81562257082666
3.4613201402110083
3.745406425938248
3.753269689515107
3.9507841323691664
3.7740495909789833
4.036493948639459
3.7510307038727517
3.366091329119191
3.189898095464287
3.292770193936991
3.084962500721156
3.373557262275185
3.346439344671015
3.751629167387823
3.642489673166126
3.146286370662105
3.2267309150571264
3.5383105956150054
3.5
3.772055208874201
3.6817272566099986
3.8351761795894124
4.063852856725991
1.0
3.6168746059562227
3.627763553007399
1.0
3.2729055953200556
3.7794721140655008
2.688721875540867
3.6572682296173897
3.221097250057957
3.0220552088742
3.1898980954642875
3.180832987205441
2.9852281360342525
3.084962500721156
3.534219021180341
4.054343732046334
3.7067475629608078
3.182005814760214
2.768853837616
4.02259336614426
3.521640636343319
3.546880788794847
3.55465150377211
3.180832987205441
1.456564762130954
3.1307179879273748
3.016875695766564
3.7216117239699003
2.9312089489103235
3.0269868333592873
3.2998963911678914
3.8248887932870645
3.182005814760214
3.4547012441673464
2.8553885422075336
1.1451104143815827
3.931719878492294
3.640223928941851
3.5342190211803413
2.923231428797621
3.5351745656359026
3.1068905956085184
3.605388542207534
3.3787834934861767
3.521640636343319
3.0849625007211556
3.9232517969803378
3.2516291673878226
3.238901256602631
3.3787834934861767
3.084962500721156
4.078541506416071
3.7267374734123866
2.996624141510993
3.647160074632759
3.6841837197791887
3.2359263506290334
3.5664280318460246
3.4613201402110083
3.866827372937518
3.0220552088742005
3.2516291673878226
3.7938657963445572
3.908096691356506
3.957900427479675
3.748557997502393
3.9500950978120266
3.7362261410974473
2.822181958642873
3.752956387254387
3.25
3.84405368186288
3.7469242446232345
3.8595697633822397
3.7741506786969627
3.770554661501565
3.495164473573201
3.6952217694985645
3.74359340255264
3.5766176449086644
2.9398290174664026
3.7595802502232676
3.7954225590950923
3.6953412283526523
3.8382355927010154
3.274476856987046
3.384183719779189
3.364383003446737
3.7547262123446163
3.7889220126756835
3.811004830634543
3.777911524480235
2.9282129458410013
3.783646089969494
3.9165797064198338
3.783394433273496
3.837431885762651
3.817355576001673
3.748114947299845
3.141912134019648
3.7782147405797266
3.9519689056810896
4.067051292072477
2.321928094887362
3.392747410448785
3.213789706813958
3.2473247907985296
3.432875855940012
1.386274093895968
1.1451104143815827
1.1400677626718572
3.6695767463163933
3.238901256602631
2.8553885422075336
3.1820058147602133
3.7685547780590207
3.521640636343319
3.182005814760214
3.653756708287001
2.889549430862088
3.32323142879762
3.327819531114783
3.733660689688185
3.303701696057348
2.973557262275185
3.80130677156408
3.1556390622295662
3.0269868333592873
3.5137847242254336
3.084962500721156
3.5068905956085183
3.0849625007211556
3.2359263506290334
2.873140679513133
3.188721875540867
3.630412660873998
2.9312089489103235
4.02085512047121
3.3921472236645345
3.2321018048454135
3.039148671903071
3.188721875540867
2.584962500721156
3.772055208874201
3.8391081341821702
3.959094371350331
3.350209029099897
3.861725074756386
3.9686990179704518
3.9718342797116004
4.108413201883754
3.2210972500579573
3.739572261986723
3.873984876273696
3.857896987309735
3.625
3.6302753548819773
3.826345396518651
3.7083911959183897
3.6943856825877632
3.03856233607563
3.139572261986723
3.978557087686021
3.3927474104487847
3.085055102756477
2.950212064914748
3.25
4.009514349672661
3.6314444781966633
3.006238928653389
3.2195282822995477
2.873140679513133
3.715780585409385
3.8963677385553988
4.02157790269474
4.040432279811538
2.6416041678685933
1.5
0.9798687566511528
0.7345299214394703
1.610577243331642
1.2916919971380596
3.3735572622751846
3.5383105956150054
3.40582225028569
2.692380602454975
3.327819531114783
2.5654483718208256
1.3863142404772253
1.4885252948977485
1.4885252948977485
0.7416847557897408
2.950212064914747
0.5689955935892812
3.2516291673878226
1.4182958340544896
3.4859175795054953
4.059622154353608
3.546593564294939
3.858631352480949
4.111674323875523
4.162536689181351
3.9855251218672745
3.605388542207534
2.751629167387823
3.125
4.056362555948946
3.471354487013928
3.8219280948873617
3.459431618637297
3.3342094594480485
3.3927474104487847
3.8932353575723755
3.3564924137968237
3.4125966171657227
3.204556602079536
3.3348683589017414
3.4701157715233975
3.332731515680711
3.652184431913788
2.873140679513133
3.3035088547976783
3.4639775409223152
3.085055102756477
3.5274568362894336
2.960964047443681
3.03856233607563
3.0709505944546684
3.1898980954642875
3.3082708345352603
2.378783493486176
3.459147917027245
3.531094205407111
3.4706640084858185
3.2915625020032118
3.5941178916311856
3.60693673217532
3.708132064658602
3.0269868333592873
0.0
3.9034469689063687
3.3035088547976783
3.182005814760214
3.40582225028569
3.1898980954642875
3.4992275471326932
3.898412848364052
3.8391081341821707
3.180832987205441
3.292770193936991
3.7483286603655737
3.565053912969919
3.186704345910024
3.381580488309164
3.1659573209491745
3.378783493486176
3.077819531114783
3.452819531114783
3.59448250651942
3.2516291673878226
3.5766176449086657
3.375
3.772055208874201
3.671405583442497
3.8282375018429557
3.506890595608519
3.5724312513221195
3.7905821386016227
3.757577317364032
3.3339790585856806
3.6838561897747235
2.4956029237290123
3.6897037321995465
3.498731294942883
4.011249664582494
3.5110854081804264
3.327819531114783
3.5465935642949384
3.4058222502856896
2.931208948910323
3.7690410727815125
3.232101804845413
3.561607392201214
3.493753424479499
4.0122172829855565
3.6165330442444006
3.806127542695028
3.5068905956085183
3.6514789228933084
3.546593564294939
3.1760285953823324
2.699513850319966
3.625
3.1279868068776753
3.0220552088742005
3.188721875540867
3.085055102756477
3.0269868333592873
3.09306920777189
3.0220552088742
3.689703732199547
3.880179922675737
3.031116172456019
3.039148671903071
3.9129311949793895
3.501397825434103
3.9121422535240975
3.8565647621309544
3.2359263506290334
3.9148418871837416
2.9852281360342516
3.2158411726837532
3.9885713692677904
3.824252831282987
3.1556390622295662
3.4613201402110083
3.788754913993503
4.207369639508753
1.9219280948873623
2.6389205950315935
3.978787979911235
3.513784724225435
3.381580488309164
3.106890595608518
3.4316235658474303
3.555533151426996
3.265583322887733
3.8077635764171944
3.09306920777189
2.973557262275185
3.4992275417233563
2.7534343861887853
3.501397825434103
3.403989446485262
3.418295834054489
2.4508257945180882
3.6178096843744547
3.3927474104487847
3.4548223999466066
3.2077070644704744
3.7831709622324867
3.903485700494538
0.0
3.350209029099897
3.373557262275185
2.9852281360342516
3.896630789797572
3.1464393446710157
2.923231428797621
3.0220552088742
3.418295834054489
3.642371448743902
3.484183719779189
4.005599750871133
2.8962915290459286
3.5240924804297173
3.1556390622295662
2.952819531114783
3.5068905956085183
2.584962500721156
3.8939427079182676
2.3661887002282938
1.584962500721156
3.5800503514647373
2.827819531114783
3.0220552088742
3.4992275417233567
3.546439344671015
3.25
2.950212064914747
3.7216117239699007
2.8731406795131336
3.7639657428240816
3.086048612313038
3.5739348962840567
3.5724312513221195
3.155221528859512
3.734521664779752
3.085055102756477
3.2195282822995477
3.0086949695628418
3.734521664779752
3.3927474104487847
3.521640636343319
3.09306920777189
2.950212064914747
3.4058222502856896
3.8894608760283615
3.563074189428569
3.8082708345352594
3.6211755429194716
3.702819531114783
3.605388542207534
3.265583322887733
3.580050351464737
1.3420192178195207
3.039148671903071
3.2402239289418517
3.3787834934861767
3.7285021157426255
3.189898095464287
3.4579065701049414
3.765398264203234
3.73624341298306
3.3908054820769813
3.4086949695628417
3.593269689515107
2.692380602454975
3.375
3.5841837197791886
3.3787834934861767
0.8475846798245739
0.9530138853315971
0.8343470230852537
0.8501514254479945
3.783465189601646
3.0269868333592873
3.75
3.238901256602631
3.0837651410695517
4.006129909668237
3.1898980954642875
3.41379956460568
2.8553885422075336
3.238901256602631
4.092808364703286
4.130892047769036
3.665685379716417
3.4535307898447947
3.9250705203641814
3.6234651896016463
3.1416210809614564
3.542481250360578
3.918754952560831
3.468626170563449
3.3464393446710154
3.2608281712244547
3.6573852766501784
3.5849625007211565
3.5391486719030705
3.8297381180118126
3.337175341123077
3.561406329721843
3.605388542207534
3.748328660365574
3.8222367749021586
3.8401773185792636
3.1056532424234393
3.796960730356964
3.1898980954642875
2.9182958340544896
3.493660689688185
3.350209029099897
3.9522164294636286
3.9859791299831016
3.6245186549588984
3.084962500721156
4.150795409982273
3.9353546217425106
3.9512385209949925
3.863465189601646
3.778423503030126
3.882045108136863
3.876001921924229
3.6537567082870006
3.975653524400916
3.909368063943885
3.8634651896016465
3.0849625007211556
1.584962500721156
3.1307179879273748
3.5219280948873624
2.792481250360578
2.577819531114783
3.084962500721156
3.53641423712223
4.000809815267178
4.178833068298885
3.7516291673878235
3.7235588714548893
4.069316564775668
3.9737614009156172
4.100377188412047
4.122913681457902
3.9669878964006435
2.8731406795131336
3.2402239289418513
4.100208636506746
3.78336536363971
3.707156230921613
3.882937465035024
4.080414513985239
3.8195577976056567
3.9312677970876573
1.0
3.238901256602631
3.308751351247166
2.9312089489103235
3.5777471629109447
1.0
3.5898980954642865
2.792481250360578
3.2516291673878226
3.286895754518763
3.565448371820825
3.084962500721156
3.593269689515108
4.137467133422124
4.110966170843483
3.8950119244493573
3.2516291673878226
3.350209029099897
3.25
3.6978458230844113
3.378783493486176
3.3927474104487847
3.5086949695628418
3.006238928653389
3.2927701939369904
3.3248629576173574
3.238901256602631
3.039148671903071
3.327819531114783
3.251629167387823
3.6612262562697886
3.3908054820769813
3.564396764732083
3.327819531114783
3.7294461949052566
3.5434651896016467
1.149660363146287
1.2638091738835462
3.734521664779752
3.881180614438056
3.655221528859512
3.4604180636454753
3.8321945113048796
3.077819531114783
2.3553885422075336
3.4428621651554656
3.0269868333592873
3.9182523518230763
2.751629167387823
3.8441065448145375
3.638252707130774
3.5878587982995085
3.9683622020120017
3.2516291673878226
3.9586593527809866
3.7741773206674436
3.9753576107056845
3.9790978911348045
3.25
3.7849418274376427
3.3841837197791884
3.2516291673878226
3.234366979778612
3.139572261986723
3.4548223999466066
3.577819531114783
3.8077635764171944
3.7639657428240816
3.858315680798383
3.6550455468258045
3.378783493486176
3.1068905956085184
3.084962500721156
3.2639334294856344
3.1046337135905295
4.115166294655753
3.7748395917476723
3.915449670721682
3.3862661425265324
3.6980537836888074
4.055467129755084
2.721928094887362
1.0
3.039148671903071
3.0220552088742005
2.721928094887362
1.0
4.121127835479874
3.819548827786958
3.7845605790804173
0.0
2.64202723982642
1.0
3.90428413321306
4.059281341795737
3.3711045993081328
2.9339545780481746
3.6818808028034016
3.403107168362811
3.794195852747862
3.624518654958899
3.5498393755108046
3.4407598325400897
3.039148671903071
2.9735572622751847
3.9102439045469075
3.2195282822995477
3.2618423904633667
2.820589856666546
3.0220552088742
3.2516291673878226
3.397581911182353
3.920117859692913
3.4464393446710155
3.4193819456463714
3.229952077923391
3.2772018112022607
3.125
3.6158175946759337
3.9957153271690524
3.189898095464287
3.663532754804254
3.703465189601647
3.3816201079487347
3.689703732199547
3.9189869584530594
3.452819531114783
3.4613201402110083
3.4841837197791885
2.8553885422075336
3.60341234326019
3.419381945646371
3.342370993177109
3.943336613806001
3.004259269976503
3.09306920777189
3.196154780932867
3.3927474104487847
2.931208948910323
3.6887218755408675
2.6556390622295662
3.3927474104487847
3.085055102756477
3.3927474104487847
3.9011186833530114
3.6022170014624826
3.7720552088742005
4.129930003117429
3.916251876766612
3.630985019785137
1.584962500721156
3.085055102756477
3.373557262275185
3.0269868333592873
3.3474393604706716
3.2903216092483056
0.0
2.8453509366224368
2.9398290174664026
3.5555331514269954
3.238901256602631
2.8553885422075336
2.688721875540867
3.6061983328100946
3.2088840705376356
3.0850551027564768
3.655045546825803
3.632052739621985
3.521640636343319
3.0220552088742
3.0269868333592873
3.9288026092707304
3.384183719779189
3.5383105956150054
3.366091329119191
3.1898980954642875
3.378783493486176
3.1898980954642875
3.5724312513221195
3.4685766296878655
3.837326145256008
3.703465189601647
3.2810361125534233
2.960964047443681
3.2516291673878226
3.2516291673878226
4.006923621877864
3.9142657208665197
3.414441303694973
3.7929494408950375
2.792481250360578
3.5804621997271013
3.381580488309164
3.8410510200840906
3.084962500721156
3.086048612313038
3.39810498917631
3.765319531114783
3.5465935642949384
3.09306920777189
3.180832987205441
3.642371448743902
3.5
3.9384044260046442
3.4632805178108104
3.891279476590679
3.6572682296173893
3.512036591715321
3.408694969562842
2.9182958340544896
2.8855130303998813
3.0849625007211556
3.843116823813245
3.397581911182353
3.6873261452560078
3.8649473960304235
2.658680662942251
3.202819531114783
3.454822399946607
3.3927474104487847
3.25
2.9852281360342516
3.6804791201576297
4.104958714092275
3.856252258924366
3.771437029461126
4.14630805907586
3.2402239289418517
3.6168746059562227
3.3232314287976212
3.3680424225727155
3.266332639970623
3.8087196973440705
2.355388542207534
3.0220552088742
2.8163075192246447
1.5306390622295665
4.100218917332756
3.8978379662839524
3.521640636343319
3.6304126608739975
3.7034651896016464
3.8100810205217313
3.6689869584530608
3.446439344671015
3.606936732175322
3.675310868912364
3.6424896731661263
3.697845823084412
3.8239348962840563
3.6539967386657093
3.636842188131012
3.813660689688185
3.3787834934861767
3.621175542919471
3.6749160000010233
1.0
3.0269868333592873
2.606238928653389
3.7822279237704772
3.780881575003209
3.9731073353806075
3.1898980954642875
3.6010810682147087
4.04852804186507
4.00226009484827
2.0
4.040262843709971
3.813660689688185
3.970584361199837
3.7310588712234676
2.688721875540867
3.106890595608519
3.238901256602631
3.4713544870139286
3.828237501842956
3.9510424692539496
4.118567168709775
3.9376977910227957
4.143015360764873
3.6284451594312284
3.1556390622295662
2.66122625626979
4.174611408862625
4.107581843643258
1.5
3.4182958340544896
3.0850551027564768
3.584183719779188
3.2516291673878226
3.127986806877675
2.6612262562697895
3.7995817701478343
3.8365916681089787
1.3563429881688325
0.8795064608120066
1.2577148214953864
0.9933927290103626
3.2359263506290334
3.2359263506290334
2.2295739585136225
0.5304060778306042
0.8274087988556427
1.3520301017579528
3.9531883220398294
3.7682529934295435
3.4906015629507228
3.121928094887362
3.084962500721156
2.8731406795131336
3.6835423624332306
3.3825680832760763
0.7732283485249176
3.7504647066537014
2.9477027792200903
3.758947073809811
3.5949054612278935
3.975043290685093
3.725650756112093
3.5843031793467115
3.086048612313038
3.634946750297235
3.899658863179797
3.4477426785812737
3.635713162616261
3.6980685120588386
3.5281658735933163
3.25
3.355337797403416
3.457425813763051
3.605388542207534
3.9155532850633503
3.43162356584743
3.11583409216322
3.25
3.7264741182543752
3.125
3.3263604079526936
3.6168746059562227
3.084962500721156
2.8731406795131336
3.1556390622295662
3.3927474104487847
2.8553885422075336
3.530493056757482
3.0269868333592873
2.9232314287976213
3.8785848023501845
2.9031683353256854
2.117492461184755
3.6368421881310122
3.609496334425696
3.3927474104487847
3.4992275417233567
3.7193758224153695
3.841748565209171
3.2608281712244547
3.8559266994775947
3.628085278891395
3.0220552088742
3.855904922469693
3.4100993267336737
3.3927474104487847
3.2680488287579594
2.7516291673878226
2.8073549220576046
2.840223928941852
2.952819531114783
4.012945904164889
4.0985326662894535
1.9219280948873623
4.180566632754318
1.584962500721156
3.238901256602631
3.4104172527605203
3.484183719779189
3.350209029099897
3.350209029099897
2.9139770731827523
3.6792292966721747
3.534219021180341
3.366091329119192
3.9134007456613777
3.691994407749645
3.084962500721156
3.419381945646371
0.9055872616982603
2.0121039189772216
3.572623663895163
3.182005814760214
3.1018812234760182
3.084962500721156
3.719294525666979
2.8553885422075336
2.751629167387823
3.3564924137968233
2.9398290174664026
3.6758711054575395
3.625
3.9225895736416696
1.0
4.144981968133504
0.0
2.8423709931771093
3.2135132560090707
4.116560496929533
3.9881741528572934
4.108148370395874
4.076004139864428
4.155777166031072
4.108424268037129
1.9219280948873623
3.788754913993502
2.8962915290459286
3.886842188131012
2.8150724101159437
4.011719801364451
3.6402239289418516
2.94770277922009
2.251629167387823
2.783618410864484
1.0
2.0729055953200564
2.224394445405986
2.2093669113041887
2.1732203729713637
2.224394445405986
2.217021885879718
2.1492553971685
2.3808789290862364
2.373123014690486
2.402556218701674
2.5214195054738653
2.5123620706893734
2.471493112225654
2.528942579130062
2.4094212597690907
2.4897332812566724
2.5321868398590897
2.4808129964412373
2.2516144718101816
2.40412165624926
2.440251218626855
2.2275343340059806
3.3841837197791884
3.663532754804254
3.5068905956085192
3.7170218858797184
3.5944656369614516
2.8962915290459277
3.337175341123077
3.5944656369614525
3.6464393446710153
3.4072682296173893
3.585670891958332
3.5670248034191845
3.375
3.521605564018487
3.1182751607709753
3.5277190159210963
3.4662478973127313
3.966981763420517
3.5739348962840563
3.943865511943604
3.4474015047059146
1.5219280948873621
3.8946629635410304
3.3927474104487847
3.2516291673878226
3.5
3.6163485660751635
3.481714572986072
3.427333493898264
3.8136606896881853
3.796217602590056
3.764735178725505
3.8407623257519066
3.7080481500712317
3.782122224145306
3.782122224145306
3.680089353694807
3.779528989293003
1.0
0.9933927290103626
3.1018812234760182
3.182005814760214
3.8252517372886503
3.4548223999466066
2.8731406795131336
3.546439344671015
3.4489189051411544
3.180832987205441
3.5039824091702347
3.60623892865339
3.378783493486176
3.375
1.5027361715940037
1.9877733714879842
1.0949143184120975
3.182005814760214
3.6897037321995465
3.0269868333592873
2.6062389286533896
1.3699740752745009
0.9912642605354288
3.725650756112093
3.0269868333592873
3.6069367321753205
3.2195282822995477
3.085055102756477
3.2359263506290326
1.0762976257251988
1.207518749639422
3.308694969562842
3.481714572986073
3.2359263506290326
3.2433003685389576
3.5944656369614516
3.085055102756477
3.5724312513221195
3.736169590506797
3.633974075997158
3.48212720673383
3.3005590923909534
3.350209029099897
3.337175341123077
3.5383105956150054
3.60845859334435
3.452819531114783
3.384183719779189
2.6258145836939115
3.662075278693608
3.2402239289418517
3.8467986708545854
2.7534343861887853
3.538896214227932
3.4992275471326932
3.0269868333592873
3.452819531114783
3.984876767019874
4.054532310984703
3.2516291673878226
3.5554141844097327
2.9182958340544896
3.226730915057127
3.3660913291191923
3.378783493486176
3.8488846166291197
3.180832987205441
3.0269868333592873
3.5780324693378973
3.4701755214643453
3.6402239289418516
3.265583322887733
3.905979129983102
3.327819531114783
3.323231428797621
3.7254805569978675
3.9777781272899544
3.25
3.9166079048099847
2.751629167387823
3.653383231894439
3.7454064259382482
3.0269868333592873
3.9815686847875367
3.8559049224696933
3.673269689515108
3.2516291673878226
3.834165110447777
3.950222422004224
3.2577560641285177
3.366091329119191
3.125
3.1414460711655217
3.2575004135020675
3.0269868333592873
4.084235930733715
2.751629167387823
3.1898980954642866
1.4345491399952024
0.7732283485249176
3.7985874355998037
4.011902467700741
3.09306920777189
4.136762012601906
4.147257842998876
2.3959988705348416
2.645123665020739
2.43856912940364
2.3685225277282065
2.221251836004466
2.470313004282785
2.4614723592185066
2.350483422008204
2.4464956049788023
2.382856063692049
1.9591479170272446
2.2698157169987727
2.5832015304867
2.411000476868789
2.420018242953904
2.4275315188551896
2.511450427956977
2.5367459782584585
2.4955394737615517
2.1906025754782643
2.348047642129116
2.491552574428674
2.15927680422728
2.379394294949185
2.7106991851494144
2.506144066853198
2.495602923729013
2.508000113943719
2.3997436794843456
2.508477138541467
2.4137995646056796
2.5020392913848366
2.0934775966508257
2.7453878088200963
2.353533948577482
2.33012496531497
2.1396958072174286
2.1318030305808398
2.5142503677522416
2.521782221599798
2.4122195714761396
2.6022170014624826
2.0294069451656007
2.382493909971019
2.523285135022641
2.2841591278514217
2.359879028736861
2.4776360462402156
2.367492461184755
2.3502238398005884
2.0390879325432887
2.16536261274907
1.5589385323502771
3.5351745656359026
1.252664572199357
2.918295834054489
3.866729296672175
3.6978458230844122
3.834962500721156
3.896291529045928
3.546439344671015
3.4613201402110083
3.584183719779189
3.8553885422075345
3.693345218892491
3.8470851333950873
4.091748075255055
3.378783493486176
2.8731406795131336
3.555533151426996
3.689703732199547
3.182005814760214
3.3248629576173574
3.084962500721156
3.5585186130489057
3.5944656369614525
3.521640636343319
3.3927474104487847
1.0892300788425848
0.6193821946787638
1.6653418275568057
1.5138897065993269
1.4885252948977485
1.3562162791272803
1.5935663772361899
1.9508257945180885
1.4543408909659967
1.188721875540867
1.2776134368191154
1.4345608142862893
3.0105709342684834
3.5465935642949384
3.240223928941852
3.106890595608519
1.584962500721156
3.0269868333592873
2.699513850319966
3.327819531114783
3.2927701939369904
3.1395722619867223
2.9182958340544896
3.521640636343319
3.418295834054489
3.238901256602631
3.5883543471732335
3.1898980954642875
3.323231428797621
3.9701755214643457
4.073922542664782
3.5160276412662306
3.4136606896881854
2.7773627950641693
1.6143308351592656
3.381580488309164
3.0220552088742005
3.6572682296173897
2.873140679513133
3.640223928941851
3.8495817701478345
3.5585186130489057
3.418295834054489
3.085055102756477
3.2663326399706225
2.221251836004466
3.2359263506290334
3.418295834054489
2.90844792474399
3.6532359131272916
3.5394705707972514
3.368042422572715
3.8598809775139515
3.605388542207534
3.5090356337908912
1.5197284615795614
3.5804621997271013
3.9981437095079766
3.6945488277869583
3.974937501201926
3.3921472236645345
0.7793498372920851
2.8731406795131336
3.653756708287001
3.820888851350188
3.2639334294856344
2.75
3.521640636343319
0.9912642605354288
2.8423709931771093
3.1018812234760182
3.4613201402110083
3.2806390622295662
3.9210768800263707
3.8997141947882312
3.6644977792004623
3.09306920777189
1.4345491399952024
3.8248629576173574
3.3908054820769813
3.681880802803401
3.695501148817395
3.5465935642949384
3.085055102756477
3.407761238355061
3.127986806877675
3.8693312611115176
3.6619328723735824
3.2886784087714713
3.1279868068776753
1.9830007956365687
2.469670487371862
1.8651969534699795
2.0
3.1898980954642875
3.378783493486176
3.4817145729860717
3.408694969562842
3.8691964294706995
3.9550434288805967
2.8553885422075336
3.7254805569978675
4.079772731460867
3.5530900835303276
3.3787271036564652
2.950212064914748
3.5587521726061424
3.227731485082492
3.384183719779189
3.787453417604345
2.870096377440807
3.6402239289418516
3.3927474104487847
3.720175521464345
3.2516291673878226
3.182005814760214
3.2359263506290334
3.3248629576173574
3.9266686719776653
1.584962500721156
4.093894814296637
3.6572682296173897
3.447401504705915
4.046974207248478
3.30827083453526
3.943465189601646
3.2516291673878226
3.9092561685185854
3.180832987205441
3.464234652726567
3.6464393446710153
3.681880802803402
3.7034651896016464
2.8150724101159437
3.7970832266696606
3.873133532454337
2.584962500721156
4.011206054182436
2.688721875540867
3.9150832969047644
3.6237299242670007
3.2946635862096043
3.8725738836114343
3.618912674980419
3.25
2.9995812306460645
3.2195282822995477
1.2806721295208872
3.4817145729860717
3.2516291673878226
3.572431251322119
3.332095398660169
3.350209029099897
3.43162356584743
3.4316235658474303
3.2841837197791888
3.813660689688185
3.9137863204943653
3.5368867237421666
1.5917056888227987
1.939038751939492
3.3263604079526936
2.8553885422075336
3.812824650692156
2.5521796970665487
3.086048612313038
3.1556390622295662
3.182005814760214
3.4992275471326932
3.4817145729860726
3.6539967386657093
3.418295834054489
3.25
2.617492461184755
3.6635327548042538
3.5552690446481168
2.8553885422075336
1.1451104143815827
2.682588730501833
3.4039894464852614
3.32323142879762
3.7047597242780297
3.4632805178108104
4.057959839845197
3.8400832519721115
3.238901256602631
3.6500133737787555
3.506890595608519
3.885246444213199
3.375
3.0269868333592873
3.6424896731661263
3.740601562950723
3.638420685582265
3.868969021807433
3.684188274986052
3.4745359609194333
3.3320953986601696
3.6838561897747244
2.6540969647593884
2.822193600291057
2.9125640290956856
2.8828680972166927
2.902098611275817
2.7249002460218255
2.617007007925903
2.9439199939502054
2.6394052562435246
2.912605304728667
2.8897834485984837
2.881886132811749
1.584962500721156
1.1451104143815827
1.8262452584026092
3.2516291673878226
3.2516291673878226
3.5039824091702347
4.1374226298684125
3.6168746059562227
3.346439344671015
4.1392679493906455
4.033848187370937
3.546439344671015
3.8306423260368563
3.746530105246774
2.8553885422075336
3.1105780147890156
3.09306920777189
3.2359263506290334
3.384183719779189
3.653756708287001
3.1556390622295662
3.4567475629608078
3.5535088547976783
3.5758885146812966
3.8972997175517152
3.772055208874201
3.3908054820769813
3.3680424225727155
3.621175542919472
3.2195282822995477
3.125
3.628220276032146
3.7209549967790614
3.831401845392172
3.6195592706113664
3.813307235905091
3.202819531114783
2.8073904508767225
3.8314018453921714
3.3551774953656897
4.065361182475247
3.731103979451995
3.381580488309164
3.7230741894285684
3.9004622153594393
3.856191296701643
3.2402239289418517
3.5944825065194195
2.3553885422075336
3.896685697729983
3.6143694458867563
3.984543497575101
3.6656853797164164
3.0387607528626854
3.8087196973440705
3.0220552088742005
3.578001151032271
2.584962500721156
3.0269868333592873
3.182005814760214
3.4104172527605203
3.657385276650178
3.753391122901188
4.151886846506055
3.1751231351134614
2.8553885422075336
2.873140679513133
3.512188403968661
4.055501322050909
3.4548223999466066
3.461320140211008
3.941400338454544
3.837525666626763
3.378783493486176
3.8306780200719674
3.708132064658602
3.27280432733462
3.754163427768882
3.675310868912364
3.563074189428569
3.5137847242254345
3.675310868912364
3.202819531114783
3.238901256602631
4.058778426816056
3.6421498816369033
0.0
2.9182958340544896
3.506890595608519
3.9002708419385668
3.6835423624332306
3.32323142879762
3.6978458230844122
3.373557262275185
3.418295834054489
3.4677201004745006
3.4314134569803287
3.675310868912364
4.0640327806014644
2.0
4.063346240175095
4.0198057889013326
0.0
2.3158243335257076
2.688721875540867
2.774401919288771
3.7486135551678705
3.6034123432601906
3.5766176449086653
3.5724694587701364
3.5724312513221195
3.2359263506290334
2.7773627950641693
3.056564762130954
3.418295834054489
3.2516291673878226
3.3086949695628425
3.4613201402110083
3.3927474104487847
3.039148671903071
3.238901256602631
3.375
2.931208948910323
3.3735572622751855
3.084962500721156
3.2195282822995477
1.4135819199522097
2.9735572622751856
3.9483943455364026
2.918295834054489
3.6696217509081737
3.5465935642949384
3.403989446485262
3.5883543471732335
3.80620867939357
4.030436394851732
2.521640636343318
3.0220552088742
3.2402239289418526
3.208884070537635
3.3845652726034148
3.625
3.797389453841846
2.9056390622295662
3.5884186364386452
3.71937582241537
3.307751647240615
3.6496734471867405
3.9682119744148823
3.0220552088742
2.9852281360342525
3.6689869584530608
3.767183467891461
3.3927474104487847
3.2516291673878226
3.9032080616476805
3.788315506383026
3.641249800455479
3.2516291673878226
3.561406329721843
3.643374013290255
3.4464393446710155
3.43162356584743
3.494680368408909
3.4594911601991534
2.918295834054489
3.5
3.4613201402110083
3.7999793850498294
2.4591479170272446
2.5566567074628237
3.6253358944096523
2.9852281360342516
3.501397825434103
3.2359263506290334
3.861499231009296
4.150346930547734
3.7336606896881848
3.1751231351134614
3.390805482076982
3.327819531114783
3.6464393446710153
3.2841837197791888
3.3239348962840563
3.6302753548819777
3.3927474104487847
3.2728043273346206
3.110578014789016
3.888118075077002
3.5535088547976783
3.94814012114416
3.565448371820825
3.0220552088742005
3.917466449307934
3.4992275417233567
3.8100810205217313
2.8553885422075336
3.2639334294856344
2.8073549220576046
3.390805482076982
3.8471282101364253
3.572469458770136
3.830010773323189
3.625
3.761445788918474
3.49391294150606
3.363286923996055
1.4716022614097979
1.8502198590705459
3.0269868333592873
3.085055102756477
2.789898095464287
3.5878587982995085
3.240223928941852
3.2574258137630507
3.793546673213047
3.9208555958685323
3.928265043159906
1.9219280948873623
3.5724312513221195
3.180832987205441
4.047219308326254
3.128085278891395
1.584962500721156
2.8423709931771084
3.4817145729860726
3.4086949695628417
2.469670487371862
3.7639657428240816
3.1556390622295662
1.4591479170272448
2.387478264267917
1.584962500721156
3.1594815340285662
2.0
3.084962500721156
3.4548223999466066
3.327819531114783
3.292770193936991
2.4182958340544896
3.375
3.323231428797621
3.180832987205441
3.6676180155340217
3.5086949695628418
3.803078447433318
1.584962500721156
2.8553885422075336
3.25
3.1414460711655217
3.0850551027564768
3.62807299638851
3.7216117239699003
3.4632805178108113
3.3082708345352603
3.6143694458867563
3.3927474104487847
3.1556390622295662
3.155221528859512
2.606238928653389
3.3908054820769817
3.378783493486176
2.688721875540867
3.447262499441211
2.9151959937952423
3.113269689515108
3.4841837197791885
3.9468355977667766
3.3927474104487847
3.9891995571985026
3.1037016960573487
2.9689185639620974
3.3927474104487847
3.0849625007211556
3.667913944000622
3.378783493486176
3.266332639970623
3.203701696057348
3.593269689515108
3.650013373778755
3.6143694458867563
3.0269868333592873
2.9852281360342516
3.5
3.049452072789394
3.8869039652626127
2.7898980954642876
3.5388962142279325
4.023471592049353
3.1898980954642875
3.077819531114783
3.558518613048906
3.6163485660751635
3.238901256602631
3.8252517372886503
3.0062389286533895
2.584962500721156
3.725871146123144
1.4345491399952024
3.8492239123906256
3.006238928653389
3.9922099084326965
3.856196298219381
2.8746092417987046
3.330554168248023
3.25
2.8553885422075336
3.377278130987436
3.0269868333592873
3.546439344671015
3.2195282822995477
3.4397106501513606
3.4701755214643453
3.1086949695628414
3.7532696895151076
3.2195282822995477
3.555044694365735
3.3908054820769817
2.842370993177109
3.4992275417233567
0.7732283485249176
3.3464393446710154
3.2402239289418517
3.521928094887362
3.909368063943885
3.8441065448145375
3.006238928653389
3.03856233607563
3.726204631392457
3.5932696895151075
3.039148671903071
3.653756708287001
2.9852281360342525
3.820888851350188
3.847294355663621
3.319079570624175
3.505591996890551
3.4931325576478596
2.8423709931771093
3.553887682660803
3.180832987205441
3.6619328723735824
3.851823225551766
3.101881223476018
3.1556390622295662
3.4790795706241737
3.199687794731328
4.144309223151962
3.3027227528624894
3.8883674395583774
2.845350936622437
1.0
2.125814583693911
3.238901256602631
1.5
3.2516291673878226
3.4316235658474303
3.2516291673878226
3.4182958340544896
3.084962500721156
3.620635070586274
3.8731406795131327
3.884155094595805
3.4613201402110083
3.6841837197791882
3.188721875540867
3.6143694458867563
3.5724694587701364
3.4548223999466066
3.760421209521994
3.919381945646371
3.621928094887362
2.6887218755408666
3.8587146740776808
3.5724312513221195
3.4314134569803287
3.521640636343319
2.9139770731827523
3.9969249580352098
3.992821654433143
4.042362922091194
3.391386469985718
3.4999093404636357
3.8143719431796277
3.2516291673878226
3.909368063943885
3.967785771348323
3.856564762130954
3.5841837197791886
3.3519530742463752
3.4685766296878655
4.166627032415752
3.751629167387823
3.503258334775645
4.022714236957324
3.202819531114783
3.6464393446710153
3.863826390090815
2.4116022179746714
3.8477426785812736
3.902229084663665
3.721928094887362
4.013070929103845
3.238901256602631
3.5132696895151074
2.827819531114783
2.498929563690935
3.0947396630551762
3.239097917988786
3.684259905459978
3.5092750707107125
3.375
3.5944656369614516
3.8175801492688164
3.418295834054489
2.845350936622437
3.984562227372856
3.717850465126432
2.9689185639620974
3.0269868333592873
3.5697023169782844
3.664554461338946
3.739572261986723
4.013041446157795
3.5068905956085183
3.0269868333592873
3.7201287774331866
3.4713544870139286
4.0060710131011685
4.0887931388959675
3.2516291673878226
3.783465189601647
2.8553885422075336
3.884653744936846
3.202819531114783
3.080500530640267
3.238901256602631
3.528884070537635
3.327819531114783
3.75
4.177138951124933
3.897726597952343
4.035465226488538
3.933377889622822
3.7603136973125113
3.8997141947882312
1.0
1.1981174211304033
4.0082090807298725
4.165456081532491
2.9182958340544896
2.625814583693911
3.6901165175936654
3.238901256602631
3.879664004902593
3.3248629576173574
3.182005814760214
1.5010337619063843
3.6354309073173963
3.6508649692269355
3.5383201891060003
3.653660689688185
3.5337712560645564
3.558518613048906
3.51602764126623
2.9689185639620974
3.708132064658602
3.820694501162622
3.927632656308864
3.8309860674963008
1.224394445405986
1.5
3.960843747682161
3.620643950595272
3.8002400004270425
1.5
3.546593564294939
3.189898095464287
3.7489948035250964
3.6971597234241482
4.011683581162165
3.5351872312412156
3.355388542207534
3.2608281712244547
3.189898095464287
3.8924669832623096
4.11788642526874
3.3927474104487847
3.6646794475495357
3.1898980954642875
3.8488846166291197
3.7201755214643453
3.4830050302680133
3.715018266288633
3.8054967936988744
3.443513753449852
3.948505667902822
3.996188023511466
3.8357757590151933
1.0
3.188721875540867
3.0850551027564768
3.3927474104487847
3.734521664779752
2.7516291673878226
2.2841591278514217
0.6998428398862386
2.8553885422075336
4.036810179974967
3.8452686970011785
4.055882672240075
4.01439993859879
2.692380602454975
3.0464393446710156
3.611837395039661
3.085055102756477
3.4031071683628116
3.787143960698138
3.5385098742141103
3.0565647621309537
3.973358806148826
2.609850166028943
3.60341234326019
3.106890595608519
1.7732143550933814
3.182005814760214
3.6168746059562227
2.873140679513133
3.039148671903071
2.7516291673878226
4.052694271103768
3.7324446013247066
3.4182958340544896
3.874208929230315
2.6258145836939115
3.085055102756477
3.1068905956085193
3.2516291673878226
3.5766176449086657
3.75
1.4345491399952024
3.5766176449086653
4.130552658682938
4.063122827165197
1.584962500721156
0.9402859586706311
3.09306920777189
3.039148671903071
3.057476076289932
3.286895754518763
3.0220552088742
2.610577243331642
3.763965742824082
2.699513850319966
3.3082708345352603
3.039148671903071
3.6864579450918105
3.2402239289418517
3.451989103781607
3.8075012250555007
2.918295834054489
3.774878781314242
3.9222872090496064
3.706882233758147
3.9431111753672488
3.4841837197791885
3.538310595615006
3.6007976747451345
3.79392154475193
3.9326472534242116
3.3139683385008922
3.6222039874193
3.4629559637734384
3.81639350529433
3.0565647621309533
3.6021545787269096
3.4526186333216113
3.683998380850323
3.7026122112968953
3.391990331086308
3.815364230404259
3.5664688907528785
3.744211780792071
3.233997907838827
3.202819531114783
3.7390979179887855
3.7500376716540176
3.5513350400529635
3.7092800188760306
3.771391979709665
3.6639717694985645
3.78832223823185
3.672011889938289
3.661071302465235
3.763311167241165
3.5864731709492204
3.6972807999835666
3.576903760540094
3.520256104364507
3.8730582906727697
3.577353655212074
3.7461489823096765
3.672739321693502
3.750971133574635
3.5167725417616342
3.6635141687601167
3.6013062232214916
3.938108496176077
3.7371115585849206
3.777554839650036
3.61002920438717
3.976471982078791
2.845350936622437
2.7898980954642876
4.053934534696605
1.584962500721156
3.418295834054489
3.180832987205441
3.461320140211008
3.73215889136457
3.2516291673878226
3.521640636343319
3.6069367321753214
3.6069367321753205
3.202819531114783
3.576617644908665
3.523856189774724
3.7553764039610473
3.8820451081368628
3.6508225788146986
3.866433150225384
3.8584585933443494
3.682005814760214
3.202819531114783
2.931208948910323
3.459147917027245
3.3660913291191923
3.016875695766564
3.238901256602631
3.0565647621309537
3.6668832665355913
3.6635327548042538
3.871928094887362
3.900888405066104
3.7292601295112355
3.8894608760283615
3.5610768800263717
3.4053284275553932
1.584962500721156
1.6282202760321463
2.6612262562697895
2.789898095464287
2.8423709931771093
2.4182958340544896
4.020000136922801
0.6685644431995964
3.833371693654795
3.472445544178841
3.292770193936991
3.3072937625336616
3.5395454741006134
3.182005814760214
3.6723452571233435
3.7192945256669785
3.5391486719030705
3.8000446184790087
1.780672129520887
3.5841837197791886
3.5585186130489057
3.348517632685595
2.8423709931771084
3.344456935241198
3.7377451654565217
3.182005814760214
3.5724312513221195
3.3336606896881853
3.7406015629507228
3.4387218755408675
3.7264741182543752
2.999581230646064
3.4039894464852614
3.4454708534068343
3.2359263506290334
3.2516291673878226
2.9232314287976204
3.084962500721156
3.6143694458867563
3.046439344671015
3.373557262275185
3.057476076289932
3.2359263506290334
1.5645041853857056
2.5220552088742005
3.9182426910248456
3.859514001568997
1.5
4.177782926433428
2.0
3.6841837197791887
4.019082246444547
3.9620315910594455
3.480083695187448
4.139098002566572
3.3787834934861767
3.9958918078393166
2.706890595608519
3.461320140211008
1.6258145836939115
3.6897037321995465
3.2766108716544045
3.4713544870139286
3.182005814760214
3.849223912390625
2.9182958340544896
3.8027531416013636
3.9949591241965576
2.94770277922009
3.1842811334017393
3.3248629576173574
4.097249598457553
3.7806390622295667
3.86346983251804
3.7351952317482477
2.899397470347699
3.6995138503199656
3.786901483285094
3.084962500721156
4.036529385087593
3.155221528859512
3.3787271036564666
3.0220552088742005
3.6539967386657093
3.9370932447129565
3.268048828757959
3.430457025500558
3.165957320949175
3.7509942529411173
3.5239860659612967
1.8073549220576042
4.074487018812736
4.0987318227428435
3.661864865376061
3.3082708345352603
3.202819531114783
3.917980776081671
3.602355817433075
4.022694017577566
4.065774159072201
2.584962500721156
3.881901595932633
3.7285021157426255
3.2639334294856344
3.3927474104487847
3.1556390622295662
3.202819531114783
3.2516291673878226
2.873140679513133
2.459147917027245
3.391892644680931
3.0574760762899316
2.547897627500466
3.8192447389337585
3.095795255000934
2.845350936622437
1.0
3.056564762130954
3.3005590923909534
3.2359263506290334
3.476023612793809
3.381580488309164
2.918295834054489
2.8150724101159437
2.9139770731827523
1.0
3.2841837197791888
3.016875695766564
3.084962500721156
2.9852281360342516
3.3685225277282056
3.4472624994412104
3.577819531114783
3.8996772894761453
3.093660689688185
3.378783493486176
3.1018812234760182
3.6820058147602137
2.571655304336096
3.0220552088742
3.1556390622295662
3.4273334938982645
3.028639311838575
3.0062389286533895
3.962581188618506
3.5342190211803413
2.8553885422075336
3.182005814760214
3.2516291673878226
3.8212963336848604
3.401422890801963
1.1451104143815827
3.0220552088742005
2.6887218755408666
2.202819531114783
2.9139770731827523
0.9182958340544896
2.873140679513133
3.203701696057348
3.2516291673878226
3.2575004135020675
3.3660913291191914
3.2810361125534233
3.4821272067338294
3.5465935642949384
3.30827083453526
2.918295834054489
3.128085278891395
3.2359263506290334
3.3248629576173574
3.81506101220307
3.0269868333592873
2.873140679513133
3.3232314287976203
2.8150724101159437
3.474535960919433
3.8369574141988845
3.32323142879762
3.703823484281863
3.5282424844314786
3.95441392415736
3.238901256602631
3.563074189428569
3.598878180123342
3.497155802575668
3.3248629576173565
3.4677201004745006
3.2402239289418517
3.375
1.8389205950315937
3.327819531114783
3.8492239123906256
3.646439344671015
3.9096743265455456
3.477175233435623
4.0348759021296114
3.9452950300946936
3.958135888902949
3.1307179879273743
4.013466899229245
4.1551750428978025
4.103107160017417
3.4594316186372964
3.024397470347699
3.377278130987436
3.513269689515108
2.7153266987718085
3.4928827102889057
3.3716535224393334
3.4917292966721747
3.683206219346495
3.901173042478499
3.6602509535741587
3.013110959288765
3.4030741894285694
2.974937501201927
2.9852281360342525
2.938688570451097
3.185767163463943
0.0
3.0850551027564768
3.6835423624332306
4.017846724567877
1.0
3.2402239289418526
2.9852281360342516
2.8423709931771084
3.106890595608519
3.6887218755408675
3.6695767463163937
3.373557262275185
1.271782221599798
3.5
3.182005814760214
3.2729055953200556
3.8652976551377827
2.952819531114783
3.3263604079526936
2.918295834054489
3.961320140211008
2.751629167387823
3.7267374734123866
2.8553885422075336
3.441446071165522
3.3841837197791884
3.555533151426996
3.433269689515108
3.6572682296173897
3.321104330578489
3.863521032323434
4.005678975815085
4.195065575690607
3.880186238416292
4.200705154374893
2.7534343861887853
3.6765341666416753
3.7376573863626943
3.787042812031905
3.7837834090041005
3.949085824090502
3.5019527617206205
3.7454064259382482
3.888149278250525
3.5875986337223496
3.6001908764824524
3.039148671903071
3.299470570797251
3.5342190211803413
3.572469458770136
3.542328989413759
3.1018812234760182
3.621928094887362
3.1395722619867223
3.4548223999466066
2.005977711423774
3.375
3.484183719779189
2.789898095464287
3.238901256602631
3.521640636343319
3.673269689515108
1.3361602543738118
2.8553885422075336
3.4548223999466066
3.997601171479412
3.0269868333592873
3.535727659493041
3.5160276412662306
2.918295834054489
3.6536606896881856
3.8230679822736597
2.625814583693911
3.0269868333592873
3.0168756957665637
3.4031071683628116
3.3735572622751846
3.4039894464852614
3.442862165155466
4.106261919443609
3.32323142879762
4.07088282919945
4.10292623187956
0.9933927290103626
0.9637459942073318
3.2516291673878226
3.25
3.2359263506290334
3.616348566075164
3.576617644908665
3.673269689515108
3.2359263506290334
3.292770193936991
2.7773627950641693
3.077819531114783
3.5092750707107117
3.759667831839138
3.6174924278504315
2.905764584655453
3.7401417986938075
3.338661988632366
3.32323142879762
3.6635327548042547
3.818569518329718
4.061976875613826
3.221928094887362
3.672573883611434
3.6074753914554893
2.584962500721156
1.877006938523237
1.1451104143815827
3.2516291673878226
2.8962915290459277
2.8553885422075336
4.000331753662846
1.584962500721156
3.024397470347699
3.3841837197791893
3.2806390622295662
3.501397825434103
3.506890595608519
2.9852281360342516
3.5437076557599667
3.995235663586081
3.459147917027245
3.781076011914607
3.2414460711655217
3.8532260172120285
3.8073549220576037
2.7773627950641693
3.605388542207534
3.793186992729849
3.6823323262263004
3.8035303762739847
3.454822399946607
3.180832987205441
3.1701348924281927
2.774397470347699
3.653660689688185
3.6978458230844122
3.501397825434103
3.671405583442497
3.2728043273346197
3.25
3.5739348962840563
3.753269689515108
3.869284780811174
3.2402239289418517
1.188721875540867
3.3248629576173574
3.629219686524096
1.2577148214953864
3.0414460711655216
1.923071005723541
1.7863297356670613
1.467372394891326
2.242572530766071
2.089922748671409
1.5185828356009567
3.521640636343319
3.3660913291191914
3.572431251322119
3.084962500721156
3.323231428797621
3.2359263506290334
3.3735572622751846
3.2927701939369904
3.084962500721156
3.4357554339416274
3.184560814286289
3.2953570516174415
3.5654483718208247
3.8371256496420134
2.2516291673878226
3.8096256927766823
3.2402239289418517
3.6524225007306725
4.057402052830124
3.7254805569978675
3.764735178725505
4.148977363317945
1.0
2.9312089489103235
3.898688570451096
4.158582574157351
4.006145691394727
3.81203489754876
4.14274940507578
3.9625590215011925
3.572469458770136
3.4086949695628417
3.946441237476332
3.0105996649587863
3.594608713459696
3.881227004301479
3.4039894464852614
4.08879000132708
3.8552884365335984
3.5
3.4399364703978077
4.0695413249908485
1.0
3.8705937549443976
3.7089660826946234
2.923231428797621
2.999581230646064
3.538896214227932
3.337175341123077
3.09306920777189
3.0062389286533895
3.4613201402110083
3.6464393446710153
2.005977711423774
1.5744174271404585
1.9128876215181603
2.822264929297394
1.8230264907128848
2.212503842372268
2.4466166676282084
2.221251836004466
2.263809173883546
2.5220552088742005
1.9211796919474975
1.7381493331928664
2.148834854280917
2.4182958340544896
2.2256051990169436
1.9508257945180885
2.2464393446710154
2.084962500721156
1.9852281360342514
2.3843641434371503
3.5841837197791886
3.6163485660751644
3.577819531114783
3.5492553971685
3.350209029099897
3.5724694587701364
3.824252831282987
3.5788023624917784
3.3371753411230776
3.522055208874201
3.761445788918473
3.1952959344962157
3.3082708345352603
2.8553885422075336
3.607177351706132
2.8553885422075336
3.0565647621309533
3.2359263506290334
3.6339740759971577
1.0389205950315936
3.3609571982867705
3.8675479491452713
3.8290037311070524
3.6727702990420106
3.6635327548042538
3.4906015629507228
3.028639311838575
3.0850551027564768
2.931208948910323
3.0220552088742
1.6087001655198914
4.031485392351228
3.7504647066537014
3.5585186130489057
3.0269868333592873
3.0220552088742005
3.695501148817395
3.5724312513221195
3.471354487013929
3.077819531114783
3.7232314287976207
0.0
3.139572261986723
3.4677201004745006
3.5368867237421666
3.419381945646371
3.783465189601646
3.348798912202497
3.715932185515029
1.0408520829727552
3.4677201004745006
3.25
3.565448371820825
3.606015279620734
3.3211043305784886
3.514545004480724
3.3660913291191914
3.656564762130954
3.785174447128411
3.7737934878245247
4.00674691144261
3.883868000291349
3.6299290014603214
3.7406015629507228
3.456974426745135
3.182005814760214
3.238901256602631
3.6709688919510652
3.3735572622751855
2.8073904508767225
3.5183699787194587
2.4591479170272446
3.202819531114783
3.3232314287976203
3.461320140211008
3.7622673906514947
3.263933429485634
3.2608281712244547
3.265583322887733
3.481714572986073
3.392747410448785
3.8924071185928764
3.5766176449086644
3.0850551027564768
2.8553885422075336
4.189622855922719
1.584962500721156
3.0850551027564768
3.32323142879762
2.072905595320056
2.054585169337799
2.263809173883546
2.0744211892938464
2.301597466699487
3.239097917988786
3.521640636343319
3.653660689688185
2.789898095464287
3.189898095464287
2.918295834054489
1.1050139971135322
1.1451104143815827
0.8841837197791889
3.43162356584743
1.0949143184120975
1.1994602933016414
3.32323142879762
3.572469458770136
3.0009728252459755
3.9144792380999767
3.521640636343319
3.7862396584787112
3.377278130987436
3.718953282045022
3.8076891988856754
3.077819531114783
3.0220552088742
3.125
3.5724312513221195
3.375
3.734521664779752
2.8910611120726526
3.0220552088742
3.667314615369613
3.2655833228877325
3.3680424225727155
2.9182958340544896
3.09306920777189
3.772055208874201
2.706890595608519
3.4316235658474303
3.337175341123077
3.4235332098491895
3.899995693523862
3.334679141051595
3.4992275471326932
3.2927701939369904
3.0269868333592873
3.643217914131957
3.8431390622295662
3.934749203274622
3.3927474104487847
3.084962500721156
3.327819531114783
3.332095398660169
3.919781755589141
4.039822782008755
3.368042422572715
3.6163485660751635
3.4548223999466066
3.675310868912364
3.5465935642949384
3.7229074943218796
2.5220552088742005
4.021527522800473
3.853863219997788
3.0306390622295662
3.1018812234760182
3.8756841172958163
1.4721401598021095
1.8322488896002305
3.392147223664534
3.189898095464287
3.470175521464345
3.663696151403938
3.6209505944546674
1.0
3.9571050236875847
3.0220552088742
3.0849625007211556
3.8251484751188527
2.984234164652489
3.9069881168112315
3.5841837197791886
3.3263604079526936
3.3232314287976212
2.7719023720385585
3.7561983328100945
3.9435492290154492
1.584962500721156
3.4701755214643453
3.6919944077496454
1.584962500721156
2.654255313215029
4.014176739050106
3.3248629576173565
3.632487689168953
3.2368573034220742
3.5337712560645564
3.246439344671015
2.8729055953200557
3.0071964896856174
3.3837930573985107
3.6978458230844113
3.272905595320056
3.7192945256669785
3.189898095464287
3.6339740759971577
3.188721875540867
3.189898095464287
3.534219021180341
2.584962500721156
3.350209029099897
3.4039894464852614
3.7408755958969824
3.0269868333592873
2.973557262275185
3.8665871058289594
3.6424896731661267
3.25
3.327819531114783
3.4182958340544896
3.7559130951758246
4.018056190153322
3.0269868333592873
3.4182958340544896
3.723231428797621
3.0220552088742005
3.3274847819558424
3.375
3.836600340868551
3.2402239289418517
3.056564762130954
3.589275070710712
3.202819531114783
3.60693673217532
3.965575056010002
3.962602895538226
3.506890595608519
3.77850207357611
1.0892300788425848
1.5465935642949382
0.3014969295343807
1.3699740752745009
0.9912642605354288
2.931208948910323
3.5944656369614516
3.533771256064556
3.503258334775645
3.1395722619867223
2.7556182514282694
2.0
2.467720100474499
2.873140679513133
2.688721875540867
3.0220552088742
3.3927474104487847
3.576617644908665
3.572431251322119
3.418295834054489
3.7321588913645694
3.4713544870139286
3.2389012566026314
3.7389049807985653
3.0565647621309537
3.9871015656449216
3.2806390622295662
2.617492461184755
3.169372148594611
0.8569957178540346
3.180832987205441
3.2516291673878226
3.708132064658602
3.189898095464287
3.9095043759809562
3.3464393446710154
1.584962500721156
2.873140679513133
4.043797287220288
3.366091329119192
3.8304465326856083
3.787072324876527
3.8166307368053274
3.3190795706241745
3.2359263506290334
3.5482639688282296
1.584962500721156
3.0220552088742
3.536886723742167
3.169925001442312
3.238901256602631
3.03856233607563
3.530493056757482
3.3680424225727155
2.891851946382239
3.471354487013929
3.3248629576173574
3.6168746059562227
3.327819531114783
3.637537511266052
3.584962500721156
3.5
3.2709505944546686
2.8073549220576037
3.334679141051595
2.8138461086383852
3.8307243163094205
1.584962500721156
1.4833522872708722
3.375
3.569702316978284
3.084962500721156
3.180832987205441
3.8401568604088583
4.003074189428569
3.536886723742166
2.739572261986723
3.951065356088899
2.0922718656836103
3.6841837197791887
2.8962915290459286
3.378783493486176
2.9834585933443494
3.428899132478995
3.084962500721156
3.375
3.572469458770136
3.4193819456463714
3.2516291673878226
1.058277043226334
3.4713544870139286
3.0849625007211556
3.861476859389222
3.8328107368431286
3.238901256602631
3.09306920777189
3.546439344671015
3.0062389286533895
4.000666709848377
2.649397470347699
3.9645471743176617
3.7976724150329324
1.4294732983598406
1.6258145836939115
1.760495029766198
2.8150724101159437
3.7080933915774974
3.084962500721156
3.679881418282093
3.408549096875308
3.180832987205441
3.084962500721156
3.6963448378051793
3.915939958151261
3.8430833559368964
3.7400290123690243
3.8532359131272913
3.2961483747476232
3.182005814760214
3.999569687106598
3.6116415886206177
2.4584538292330587
1.0
3.8829036389672074
3.7737934878245247
3.790544987273287
2.74894004700543
1.6691803368667308
2.5512693629222505
3.6280729963885094
3.0220552088742
2.873140679513133
3.733660689688185
3.182005814760214
3.350209029099897
3.5279937569011603
3.7381493331928657
3.381580488309164
3.1462863706621045
4.039016238466063
3.4632805178108104
2.8731406795131336
3.3248629576173574
3.3908054820769813
3.337175341123077
3.182005814760214
3.3274847819558424
3.4548223999466066
3.0269868333592873
2.9139770731827523
3.0849625007211556
2.873140679513133
2.918295834054489
3.4100993267336737
2.9852281360342516
3.3248629576173574
3.3931271734483177
3.4841837197791885
3.418295834054489
3.27280432733462
3.745406425938248
3.653300712400347
3.613337314045307
3.601170346791708
3.7775182662886326
4.065526528402599
3.3371753411230767
0.9182958340544896
3.2359263506290334
3.039148671903071
3.688721875540867
3.6635327548042538
3.826874881864637
3.3735572622751855
3.6902603909683838
3.708132064658602
3.238901256602631
3.6133373140453076
3.3841837197791884
3.2516291673878226
3.3263604079526936
3.1018812234760182
3.663532754804254
3.2608281712244547
3.5841837197791886
3.4565647621309536
3.085055102756477
2.9219280948873623
3.945464952495108
3.375
3.4992275471326932
3.7019907927861175
3.823881637518588
3.1751231351134614
2.873140679513133
3.8153703361909934
3.3248629576173574
3.414441303694973
3.5465935642949384
3.2810361125534233
3.9268435244501645
3.006238928653389
1.0
4.0700393617237856
3.521640636343319
3.3787834934861767
3.2516291673878226
3.670118891574809
3.084962500721156
3.188721875540867
3.2516291673878226
2.251629167387823
2.335505556517097
2.8553885422075345
2.4466166676282084
2.789865782092892
1.8322488896002305
2.251629167387823
2.251629167387823
1.8553885422075338
2.5849625007211565
1.822815600352516
2.1416195253341384
3.2516291673878226
3.0565647621309537
3.418295834054489
3.0849625007211556
0.7583594919230799
1.186278124459133
1.1400677626718572
3.2810361125534233
3.1556390622295662
3.7442035683118124
3.655045546825804
3.0565647621309537
2.9708400131019848
3.864738293873281
3.6423714487439014
3.0269868333592873
3.7201755214643457
2.7534343861887853
3.4713544870139277
3.7614063297218427
3.1556390622295662
3.753434386188785
3.524665843565584
3.625
3.6635327548042538
2.950212064914747
3.73215889136457
3.03856233607563
3.694548827786958
3.346439344671015
3.653756708287001
3.479079570624174
3.3921472236645345
3.2516291673878226
3.327819531114783
2.8731406795131336
3.5068905956085183
3.30827083453526
3.3927474104487847
3.669926189538949
3.9330031503619827
3.9292292966721747
3.980470226111198
3.831534679728612
3.8404025467025056
3.2464393446710154
4.014049907079514
3.4548223999466066
3.8628214475995337
2.625814583693911
2.7773627950641693
3.3248629576173574
3.337175341123077
3.7254805569978675
3.3921472236645345
3.674024457792742
3.526210641914682
3.2639334294856344
3.6715815881262834
4.115981309552893
1.0
4.002492884104655
4.006021613117617
0.0
3.759362067171
3.526129815595918
4.038356463330261
3.821928094887362
3.084962500721156
3.3535339485774815
3.572469458770136
3.802910079649727
3.292770193936991
3.0849625007211556
2.3553885422075336
3.1212675160995724
2.5220552088742005
2.4508257945180882
2.2841591278514217
3.084962500721156
3.6588022365267534
3.889932873857903
3.842897232049914
3.6168746059562227
3.337175341123077
3.594465636961452
3.2516291673878226
3.09306920777189
3.572469458770136
3.707682118365143
3.605388542207534
3.3248629576173574
3.084962500721156
3.0269868333592873
2.9852281360342516
3.9790978911348045
3.594465636961452
3.5724312513221195
3.238901256602631
3.2994705707972516
3.7928377974034158
3.5810760119146074
3.836600340868551
2.8150724101159437
3.5944656369614525
3.4613201402110083
4.009286926505494
3.567040216926579
3.3825680832760763
3.299866874414479
3.4695767463163936
3.3735572622751855
3.80637013015618
3.6061376606679536
3.378783493486176
4.028022767382862
3.263933429485634
3.9275458754813894
3.6897037321995474
3.9416255214061797
3.461320140211008
3.521928094887362
3.642371448743902
2.9182958340544896
3.9435492290154492
2.0
2.9464393446710155
3.8868421881310122
3.5073801024236353
3.5434651896016467
3.795088586397733
3.7406015629507228
3.084962500721156
3.26804882875796
2.873140679513133
3.623465189601646
3.5932696895151084
3.3800943362833302
3.5949054612278935
3.6333907098230087
3.7607845582978516
1.584962500721156
2.952819531114783
3.683856189774724
2.688721875540867
3.5350662373137696
3.636842188131012
3.238901256602631
3.999387665076948
2.732914563979398
1.134969974603941
3.0220552088742
3.6464393446710153
3.452819531114783
3.084962500721156
3.6402239289418516
2.721928094887362
2.8662478973127308
2.744842531753244
2.732914563979398
2.0349409139562287
3.6959472263874704
2.974937501201927
3.3927474104487847
0.9463729359854419
4.069347760631338
3.095795255000934
3.4058222502856896
3.1068905956085184
3.3927474104487847
3.106890595608519
3.106890595608518
3.7522602045237172
3.852447050482865
3.7775704991304444
3.6011250109569843
3.323231428797621
1.2516291673878228
3.084962500721156
3.0849625007211556
2.9182958340544896
3.0306390622295662
3.418295834054489
3.1395722619867223
2.8553885422075336
3.452819531114783
3.7216117239699
3.454822399946607
3.8225590590165597
3.538310595615005
4.072955285773964
3.3329145639793976
3.546365532755775
3.7249195402612894
3.7889097655573916
3.95749456437641
3.988219161121661
3.7544418457133446
2.8962915290459286
3.0
0.4854607607459134
3.21506101220307
3.101881223476018
3.373557262275185
3.419381945646371
3.675871105457539
3.7889097655573916
3.454822399946607
3.676440908696869
3.2673757978160416
3.182005814760214
3.2516291673878226
3.3086949695628416
3.965924852072124
3.337175341123077
3.629219686524096
3.202819531114783
3.378783493486176
3.350209029099897
3.5013978254341027
0.6610547526158855
1.1401156785146092
3.5
3.2516291673878226
0.951994081908783
3.180832987205441
3.337175341123077
2.8553885422075336
2.952819531114783
3.0849625007211556
3.8868421881310122
3.0957952550009344
3.039148671903071
2.4996981431844145
3.4117518537749354
3.735926350629032
3.3232314287976203
3.4992275417233567
3.6371987351738495
3.4713544870139286
3.703529260115679
4.075086837621567
3.817282040375156
3.787042812031905
3.4677201004744997
3.9225061418144027
2.625814583693911
3.028356203673923
3.034494963093136
4.059326984959434
3.5189794414847757
3.4992275417233567
3.09306920777189
4.117882673735228
3.91614194377549
2.0
3.5
3.8731406795131327
3.468576629687865
2.9834585933443494
4.0250535167926795
4.025984799410563
3.7961316729538574
4.021327781921587
3.535174565635903
3.8221819586428722
2.0
3.2810361125534233
3.085055102756477
2.8150724101159437
3.127986806877675
3.2402239289418517
3.742693315275325
3.7045348998193433
3.5032583347756456
3.3880089095037556
3.802707956767976
3.5464393446710156
3.4193819456463714
4.090293795771087
1.0
3.6407071509859783
2.873140679513133
2.9834585933443494
3.182005814760214
3.086048612313038
3.4548223999466066
3.2516291673878226
3.5132696895151074
2.8729055953200557
3.0269868333592873
3.637537511266052
3.0220552088742
3.3371753411230776
3.7962176025900556
2.7773627950641693
1.7273966735744792
2.1920058354921066
2.313675305902416
2.406666316740689
1.9852281360342514
3.6168746059562227
3.0269868333592873
3.1395722619867223
1.158938532350277
3.2516291673878226
3.2516291673878226
1.207518749639422
1.186278124459133
1.7004397181410922
1.2674626659936306
1.3823449086093345
3.753269689515107
1.4966963645051812
2.018310781820059
0.9463729359854419
1.0892300788425848
3.861495504764096
3.7264741182543757
3.4817276788697367
3.538249257646412
3.5654483718208247
1.4838317068446891
0.9912642605354287
1.6258145836939115
2.8553885422075336
2.8553885422075336
2.895423870280316
3.2389012566026314
3.300559092390954
3.2516291673878226
2.952819531114783
3.350209029099897
2.8553885422075336
3.7685824788135225
2.9735572622751856
3.4102329406731844
3.09306920777189
3.5841837197791886
3.1898980954642875
3.4086949695628417
1.8074903617642404
0.7732283485249176
4.071491497737786
1.0
3.7360069464476573
3.546593564294939
3.4841837197791885
3.722438500530197
1.0
3.612878689342031
3.7950885863977324
3.543465189601646
3.239079570624174
3.8680419057936732
3.4846843152781375
2.8423709931771093
3.9343813435048056
1.5
3.6060152796207334
2.94770277922009
4.020195977027867
3.7521538359032
3.7951090605870075
3.860880831112466
3.911241271075498
4.045723012508062
3.1158340921632197
2.884902341718137
2.165619291315566
2.962747257128357
2.0
3.0269868333592873
4.074883543764882
1.5
2.692380602454975
3.787143960698138
3.3735572622751846
3.8230679822736593
3.0269868333592873
2.872905595320056
2.950212064914747
3.6304126608739975
4.075333258690369
3.6914280318460246
3.5599000019230838
4.092960846404316
3.0269868333592873
3.810144243714968
4.089938955145029
3.946439344671015
3.327819531114783
3.0130709291038453
4.133308601039124
3.9915181780839344
3.3439980213257896
3.9032080616476805
3.384183719779189
4.0148446569173455
3.9328178173636608
2.610577243331642
3.636842188131012
3.0850551027564768
3.084962500721156
3.0220552088742005
3.7321588913645694
3.1751231351134614
2.952819531114783
3.238901256602631
3.4548223999466066
3.337175341123077
3.6163485660751635
3.084962500721156
4.151260430235208
3.418295834054489
1.9508257945180885
1.7273344666381947
2.1339375660949167
2.0922718656836103
2.6644977792004614
2.5220552088742005
1.896240625180289
4.0473773724551645
3.788341339656749
4.101881223476019
4.087574833687189
3.6214956219640504
3.879469954018505
4.074098955228173
3.323231428797621
3.5417435206018593
3.27280432733462
3.238901256602631
3.7216117239699007
3.238901256602631
3.351227480952956
3.202819531114783
3.1916116417513782
2.950212064914747
2.556656707462823
1.4505644329032337
3.821759674244168
3.0269868333592873
3.418295834054489
3.3787271036564657
3.7685547780590207
2.8731406795131336
3.239097917988786
3.2402239289418526
3.1555650133297184
3.769339513868294
3.2402239289418517
3.5780011510322707
3.2841837197791888
3.238901256602631
3.182005814760214
0.9182958340544896
3.3371753411230776
3.546439344671015
3.5739348962840567
3.0306390622295662
3.452819531114783
3.446439344671015
3.039148671903071
3.7067475629608078
3.077819531114783
3.710490379766755
3.7007690988403974
3.2516291673878226
3.525031528830647
3.9457277754848232
3.077819531114783
3.8601763489783014
3.4402239289418524
2.879248969882696
3.238901256602631
3.5585186130489057
3.327819531114783
3.0220552088742005
3.6163485660751635
3.2516291673878226
1.584962500721156
3.039148671903071
3.0269868333592873
2.8073549220576046
3.077819531114783
3.538310595615006
2.873140679513133
3.5465935642949384
3.4219280948873623
3.2359263506290334
4.076107081123962
3.0269868333592873
2.873140679513133
3.506890595608518
3.621928094887362
3.1898980954642875
3.2516291673878226
3.344698375159712
3.057476076289932
3.418295834054489
3.2806390622295662
2.931208948910323
3.6292196865240958
3.006238928653389
3.3927474104487847
3.6820058147602146
3.513269689515108
3.688721875540867
3.555269044648117
3.446439344671015
3.53641423712223
3.2608281712244547
3.327819531114783
3.584303179346712
3.4567475629608078
3.5
3.972785030112744
3.180832987205441
3.606326745647786
3.411751853774935
3.9711852162552486
3.825303558204348
3.702102766622618
3.827819531114783
3.5646784807131593
3.9511981853245293
3.2195282822995477
3.0220552088742005
3.833692182344299
2.6258145836939115
2.74894004700543
2.952819531114783
2.8626110591903333
2.6312929881819
2.8232196723355076
3.782122224145306
1.188721875540867
3.506890595608519
3.624379701651113
2.8423709931771093
3.581076011914607
2.251629167387823
2.1258145836939115
2.2627834289765825
2.084962500721156
2.6031579868725987
2.0849625007211565
2.251629167387823
2.251629167387823
2.6416041678685938
1.9508257945180885
2.251629167387823
2.0989295636909353
2.335505556517097
1.8751310486364097
2.1920058354921066
3.4613201402110088
3.1279868068776753
3.182005814760214
3.789822782008754
2.8337909488168282
3.4701755214643453
2.789898095464287
3.1216535224393334
3.482127206733829
2.625
3.5
3.6094963344256965
3.881727678869737
3.378783493486176
3.2402239289418517
3.084962500721156
3.5220552088742005
2.584962500721156
3.5395722619867227
2.952819531114783
2.931208948910323
3.8159573209491744
2.8553885422075336
3.3446983751597124
3.0269868333592873
3.916126946588283
2.6887218755408666
3.356492413796824
3.4992275417233567
1.0
3.6644977792004623
3.0220552088742005
3.334679141051595
3.641249800455478
3.9400726873486547
3.238901256602631
3.5220552088742005
3.531941205546659
4.214913009480856
3.1898980954642866
3.73782019804216
3.98478283913276
3.2575004135020675
3.606936732175321
3.3005590923909534
2.969389419529156
3.546593564294939
3.517894147619623
1.207518749639422
3.9628832389184963
3.8555390005526524
3.4992275417233563
3.4565647621309536
3.4757315032041873
3.3446983751597124
1.573402452417767
3.180832987205441
3.2516291673878226
2.5559130951758244
3.4005788397313514
3.125
3.202819531114783
3.182005814760214
3.3231428049945433
3.5670402169265785
3.6339740759971577
3.196154780932867
3.753434386188785
3.202819531114783
3.434714862426219
3.125
0.8475846798245739
2.9016094970590274
3.327819531114783
3.2516291673878226
3.577819531114783
3.521640636343319
3.2841837197791888
4.074423859385139
3.940954208733656
3.4219280948873623
3.4685766296878655
3.2359263506290334
3.7159321855150296
3.292770193936991
3.408694969562842
2.9852281360342516
2.8000446184790095
2.8553885422075336
3.6069367321753205
3.3232314287976203
3.4464393446710146
2.5849625007211565
3.188721875540867
3.625
3.085055102756477
3.155221528859512
3.403989446485261
2.931208948910323
3.6211755429194716
3.4399364703978077
3.427601311512056
4.045447538205389
3.295465679180291
3.2516291673878226
3.0849625007211556
4.082094363940237
3.4104172527605203
3.4632805178108104
3.2405282602167116
3.6168746059562227
3.115082758569029
3.2568665431825226
3.928884070537635
3.4138338639736006
3.3921472236645345
3.603833871525347
3.629219686524096
2.792481250360578
3.337175341123077
3.182005814760214
2.5849625007211556
2.7179717342678
2.7324168623183738
2.879506460812006
3.366091329119192
2.9232314287976204
3.7534343861887853
3.735281416219837
3.182005814760214
2.899397470347699
3.4556501805795423
3.0849625007211556
3.900153016697712
2.688721875540867
3.4454708534068343
2.8150724101159437
3.3248629576173574
3.207707064470474
3.2928786893420305
3.6635327548042538
3.3927474104487847
3.266332639970623
3.1813663288914587
2.8731406795131336
2.9735572622751847
3.384183719779189
3.2414460711655217
3.238901256602631
2.9219280948873623
1.0
3.9461038092023286
2.235823350808028
1.8815920750246047
3.084962500721156
3.6143694458867563
3.771437029461126
3.006238928653389
4.099923786040803
3.188721875540867
3.5841837197791886
3.6936253718179604
3.91555328506335
3.350209029099897
3.381580488309164
3.0464393446710156
4.081389439934144
3.30827083453526
3.8165838640315215
3.3841837197791884
3.852011435646937
3.8923584739731614
2.617492461184755
2.9324325173814767
2.9219280948873623
3.3927474104487847
3.0588138903312014
3.0220552088742005
2.8731406795131336
3.5086949695628418
3.2210972500579564
3.174674231978642
2.9995812306460645
3.2516291673878226
3.5316788180622907
3.182005814760214
2.872905595320056
3.7671834678914604
3.238901256602631
2.8073549220576046
3.215841172683753
3.6536606896881856
3.4613201402110083
3.084962500721156
3.36030597770208
3.337175341123077
3.202819531114783
3.238901256602631
2.8553885422075336
3.5724312513221195
3.7887549139935026
3.584183719779189
3.0269868333592873
3.7622673906514947
3.3248629576173574
3.0269868333592873
3.5883543471732335
3.584303179346712
3.2810361125534233
3.734521664779752
3.238901256602631
3.522711955680758
3.538310595615006
3.182005814760214
3.418295834054489
3.5464393446710147
3.636842188131012
3.7377451654565217
3.4316235658474303
3.153571738477581
2.969389419529156
3.1898980954642875
3.9467199263762547
3.4992275471326932
3.733660689688185
3.8691964294707004
3.5585186130489057
3.7622673906514943
3.879664004902593
3.99140680767616
3.7544418457133446
3.468576629687865
3.7409532604048397
3.629219686524096
3.239097917988786
2.9976938782227234
3.730807591090692
3.760014975824317
2.6464393446710153
1.584962500721156
3.182005814760214
3.1416192081839784
3.314709012294349
3.238901256602631
3.1517685201210885
3.555533151426996
3.96358718532509
2.8553885422075336
3.782588838075674
3.7223945125615794
2.8553885422075336
4.097659715956934
4.087616116890789
3.889682978742128
2.6464393446710153
3.933489643290944
3.9439816780244548
4.055194084925101
4.113088718134229
3.4724455441788407
3.327819531114783
3.6820058147602137
3.077819531114783
2.9182958340544896
3.4182958340544896
2.9735572622751856
2.8553885422075336
3.1556390622295662
3.6312867722513533
3.632557040147423
4.077666934453517
3.260828171224455
3.180832987205441
3.452819531114783
3.4632805178108104
3.810928306279287
3.7287244452691404
3.41829583405449
3.972638721469997
3.9449106505175213
3.051601636871704
3.990953782284575
3.3553885422075336
3.368042422572715
3.8429100757554076
0.0
1.584962500721156
3.660385933265062
3.3660913291191927
3.2903216092483056
3.4548223999466066
3.084962500721156
3.8746697102453482
3.390805482076981
3.127986806877675
3.974690806288127
3.377443751081734
3.180832987205441
3.9955280279747956
3.3263604079526936
3.7834959231633984
3.9061983328100944
1.584962500721156
3.876355517954656
3.9907054736852334
2.955913095175825
3.7849418274376423
3.334679141051595
3.378783493486176
3.2866294867861945
1.4056390622295665
1.638253359471275
3.576617644908665
3.189898095464287
3.601515280317513
3.572469458770136
3.5535088547976783
4.088807314122555
3.602910079649727
3.8248629576173565
3.2729055953200556
3.60341234326019
3.8905009048578556
3.1736606896881856
3.2866294867861954
3.753269689515108
2.7329145639793984
3.995565121310395
2.952819531114783
3.9583630866448436
3.923231428797621
3.646439344671015
3.8565647621309536
3.182005814760214
3.2516291673878226
3.8898833396140438
3.6625426813079476
3.815256809936053
3.8004606907969456
3.5368867237421666
3.805496793698874
3.3841837197791884
3.887214398016587
3.7045348998193433
3.6798814182820916
3.988525294897748
3.563740516388645
3.6684898061615865
3.7294461949052566
3.669480211692214
3.4334468630332973
3.715326698771809
3.605388542207534
3.180832987205441
3.2630348301483068
4.060909323561678
3.9638946366800867
2.7777768114567865
2.71929452566698
3.334679141051595
3.4594316186372978
2.6556390622295662
3.418295834054489
3.085055102756477
3.039148671903071
3.039148671903071
3.9516182253511984
1.584962500721156
3.69947057079725
2.9232314287976204
3.3927474104487847
3.9312089489103226
3.721928094887362
3.9582291686698796
3.3787834934861767
3.32323142879762
3.506890595608519
3.3927474104487847
3.3927474104487847
3.327819531114783
3.6467987293229776
2.355388542207534
3.844106544814537
3.0220552088742005
2.8729055953200566
3.188721875540867
3.9586980789076205
3.446439344671015
3.4251185503571393
3.084962500721156
2.353533948577482
4.026742952700825
1.0
3.375
3.8042292966721747
3.2402239289418517
3.0416256143692233
3.56610893983748
0.9255982359100635
3.373557262275185
2.952819531114783
2.4996981431844145
2.8553885422075336
3.7948635857385584
3.419381945646371
3.6423714487439014
3.661226256269788
3.7549150434176415
3.6040317545551486
3.2359263506290334
3.673269689515108
3.7034651896016464
3.7887549139935026
3.8035088547976783
3.7720552088742005
3.419381945646371
3.810081020521731
3.3927474104487847
3.378783493486176
3.1333807190554004
3.4445242236283007
3.9661596984821434
3.456564762130954
3.3787834934861767
2.9834585933443494
3.551595655674384
3.189898095464287
3.2516291673878226
3.692409572841169
3.996639021767288
3.803386675328774
3.7007025735178853
1.0
0.6998428398862386
0.9912642605354288
4.212368284671244
1.5
3.4840313333599964
3.6525182662886326
3.482127206733829
3.8280729963885087
3.4548223999466066
3.051601636871704
3.566468890752879
3.084962500721156
4.1774932097463635
4.124384240391477
1.4345491399952024
4.008667749778538
1.584962500721156
1.186278124459133
2.950212064914748
2.8423709931771093
3.2516291673878226
3.949204974194067
3.039148671903071
3.551428065028506
2.8553885422075336
2.852217001462482
3.667928472292448
3.3680424225727155
3.468576629687865
2.8423709931771084
3.057476076289932
2.873140679513133
3.978333581185264
3.22467921775583
3.521640636343319
3.086048612313038
2.1774212838293647
1.542242258969757
3.484183719779188
2.788450457308289
3.3927474104487847
2.8553885422075336
3.521640636343319
3.5
3.754163427768881
3.197159723424149
3.485228136034252
3.1659573209491745
3.746439344671015
3.827819531114783
3.295465679180291
3.4219280948873623
3.605388542207534
3.0565647621309537
3.708003043578682
3.188721875540867
2.866247897312731
3.595629298336925
2.918295834054489
3.2516291673878226
3.732308225332477
3.2516291673878226
3.375
2.931208948910323
3.5724312513221195
3.4082800232568733
3.694739663055176
3.6258145836939115
3.5654483718208247
3.463280517810811
3.263933429485634
3.3248629576173565
3.636842188131012
3.4314134569803287
3.9796109673555935
3.4817145729860712
2.9708400131019848
3.7541634277688813
3.106890595608519
3.40582225028569
3.8349601817372214
4.206380912506338
1.7924812503605778
3.5008072359050906
3.373557262275185
3.195295934496216
3.5
1.0
3.535174565635903
3.48582592784901
3.764735178725505
3.506890595608518
3.0269868333592873
3.601125010956985
3.0924245280444085
3.6168746059562227
3.4632805178108104
3.9830297992726016
1.0
3.3401998765158556
3.6978458230844122
3.2359263506290334
3.8537905332750944
2.9708400131019843
3.820888851350188
3.3371753411230776
3.653756708287001
3.0849625007211556
3.4841837197791885
3.337175341123077
3.697845823084412
0.951994081908783
3.572469458770136
3.202819531114783
3.327819531114783
3.7289721408610004
3.6556390622295662
3.8646983261669603
3.703465189601646
3.935398667466763
2.689246428509158
3.6690825964481135
3.833371693654795
3.0849625007211556
3.9964393446710145
3.084962500721156
3.8149112214500134
3.239079570624174
2.950212064914747
3.976806525568675
3.4097051330586066
3.484183719779189
3.2414460711655217
3.2516291673878226
2.5495234595978316
3.3927474104487847
3.6867858946117242
3.958229168669879
3.51602764126623
3.7803946541231945
3.5032583347756456
3.323231428797621
3.5841837197791886
3.418295834054489
3.52257158913636
3.4701755214643453
3.6168746059562227
3.671405583442497
3.695501148817395
2.7773627950641693
3.139572261986723
3.858278308418044
1.0
3.9876319053136084
2.7534343861887853
3.8906034238207496
3.413088436425757
3.43162356584743
4.041861823003854
2.0
3.6368421881310122
2.8150724101159437
3.953670841849228
1.7518834359763853
1.9508257945180885
2.4056390622295662
2.2256051990169436
2.1280852788913944
2.8073549220576037
1.9211796919474975
2.397334910352524
1.781937063546704
1.8553885422075338
2.3329145639793976
1.2210477851797181
3.446439344671015
3.1531071683628116
3.0849625007211556
3.5554141844097322
3.689246428509158
2.59490661824394
3.3927474104487847
1.6893917467430877
3.4713544870139295
3.721928094887362
3.7699876862104746
3.4992275471326932
3.5068905956085192
3.5724312513221195
3.6235087968145354
3.2516291673878226
3.337175341123077
2.913977073182752
3.425677665701257
3.09306920777189
3.0269868333592873
3.863826390090815
3.521640636343319
3.5263039714678293
3.238901256602631
3.521640636343319
3.9620315910594455
3.350209029099897
2.899397470347699
3.51602764126623
3.3927474104487847
3.446439344671015
3.128085278891395
3.373557262275185
3.221928094887362
3.106890595608518
3.321104330578489
3.9372897810541647
3.7462380821852306
2.6688388898504303
3.203365087509175
3.764735178725505
3.2516291673878226
3.371653522439334
3.2841837197791888
3.2516291673878226
3.530493056757482
1.5216406363433184
2.216521698179525
2.0989295636909353
3.2516291673878226
3.9254975629608078
3.3512334229667196
3.772055208874201
3.8667292966721747
3.5908201005000873
3.5124792706912316
3.910624573224477
3.5905848121450132
3.182005814760214
3.9078599087714485
3.0385623360756298
3.085055102756477
3.8423709931771084
3.238901256602631
3.6023165585055525
1.3663146570363986
3.2181390622295662
3.9845792784474057
3.838343091584561
3.752600468355706
2.2359263506290326
3.6116313256623624
3.9902915156034586
4.061355158770885
4.101160441780511
3.8931330238848503
3.8659488493578915
4.0670815664001285
3.8848588918890474
3.555533151426996
3.4992275417233567
3.5841837197791886
3.471354487013929
3.418295834054489
3.056564762130954
3.4072682296173893
3.1916116417513782
3.3834651896016465
3.176110251517254
3.9763522367378235
3.6793016040331734
3.4817145729860717
3.5132696895151074
3.5555331514269954
3.772055208874201
3.3604704330568524
2.6416041678685938
2.7192945256669794
3.757292792705972
3.121928094887362
1.0
3.084962500721156
3.5966838917579285
3.5585186130489057
3.440636352673266
2.6258145836939115
4.070217172733699
1.584962500721156
3.418295834054489
3.366091329119192
3.7428408654535334
3.188721875540867
3.240223928941852
2.852217001462482
3.3484368187917255
3.3232314287976203
3.5724312513221195
3.452819531114783
3.640223928941851
3.182005814760214
3.3082708345352603
2.8962915290459286
3.479079570624174
3.6078013405251657
3.653996738665709
3.6100635408770723
3.9235332098491886
3.085055102756477
3.6892464285091577
3.6168746059562227
2.9232314287976204
3.7321588913645702
2.7534343861887853
3.4632805178108104
3.546439344671015
3.4613201402110083
3.5535088547976788
2.7773627950641693
3.7030407100708658
3.6192509128388286
3.528242484431478
3.8684539577019215
3.3232314287976203
3.327819531114783
4.057735246015271
3.419381945646371
3.0269868333592873
4.200705770333455
1.5435644431995963
3.175123135113461
3.3927474104487847
3.681880802803401
3.182005814760214
0.7732283485249176
3.71440934524794
3.452819531114783
2.3830003913062847
2.271782221599798
2.3151277160800032
2.05632607578088
3.378783493486176
3.7343083535732546
3.2402239289418517
3.188721875540867
3.7004397181410926
2.873140679513133
3.375
3.180832987205441
3.6105772433316417
3.6444138295776107
2.9735572622751856
3.636842188131012
3.006238928653389
3.509275070710713
3.501629167387823
3.606015279620733
3.2927701939369904
3.418295834054489
3.4136606896881845
3.180832987205441
3.4713544870139286
3.5841837197791886
3.471354487013928
3.2639334294856344
3.3248629576173574
3.238901256602631
3.59448250651942
3.935282019318763
3.672998175619357
3.189898095464287
3.8212266049160206
3.760017277849653
3.238901256602631
3.742840865453534
3.950063756436209
3.8707361825308273
2.7773627950641693
3.0269868333592873
3.446439344671015
3.0269868333592873
3.0269868333592873
3.75
3.881005488054637
3.381580488309164
3.139572261986723
3.887835108165585
1.584962500721156
0.9933927290103626
3.2806390622295662
3.0414460711655216
2.827819531114783
3.0220552088742
3.9161972750048912
4.018004864281617
3.7362434129830597
3.6492812724886265
3.939317616717851
1.584962500721156
3.3232314287976203
3.0269868333592873
3.7188463637332148
2.807354922057604
3.9726673938091266
3.8296857330498555
3.7038076268212765
3.4556501805795428
3.3248629576173574
3.381620107948735
3.327484781955842
3.2516291673878226
3.2516291673878226
3.3086949695628416
3.6143694458867563
3.4072682296173893
3.136863709607318
4.00058774519474
0.8683927290103626
3.3248629576173574
2.4696704873718613
3.8790241192799573
3.0220552088742
3.521640636343319
3.642371448743902
3.170134892428193
3.125
3.0286393118385755
3.569773835029478
3.536886723742167
3.6094963344256965
3.141619208183979
3.381580488309164
3.5585186130489057
3.180832987205441
3.3787834934861767
3.8152023999804867
2.8731406795131336
3.9163493513868803
2.2516291673878226
3.6729972717965285
3.7456622557488313
3.414039513026634
3.8061983328100943
4.219244546950816
3.5729606583976747
3.2571176616498105
4.090050017179601
3.5356747474501944
4.060358964289937
3.4613201402110083
3.7051469811582196
3.817580149268817
3.6572682296173897
3.6496734471867405
3.1556390622295662
3.8957852243843965
3.3320953986601696
3.686419411348773
3.0220552088742
3.681880802803402
3.602316558505552
4.031035503759831
3.2402239289418517
4.133990700516119
4.201526687217407
4.03379820721611
4.066955588789138
0.9182958340544896
1.7753200455142932
3.2516291673878226
3.503258334775645
3.738218635928951
3.3735572622751855
1.8452178053170998
3.373557262275185
3.146286370662105
3.0269868333592873
3.334209459448048
3.2516291673878226
3.8488846166291197
2.950212064914747
3.381580488309164
3.182005814760214
2.845350936622437
0.9182958340544896
3.2516291673878226
3.0565647621309537
3.521640636343319
3.286629486786195
3.760017277849653
0.8112781244591328
3.546593564294939
3.6771391048504616
3.7229074943218796
3.0269868333592873
2.7516291673878226
3.9035239700887407
3.8401568604088583
3.169925001442312
3.7948635857385575
3.604031754555149
3.6539967386657093
3.2464393446710154
3.8091631398531076
3.3464393446710154
3.0220552088742005
3.4901909997732905
3.5110854081804264
3.7559130951758246
3.550655181215038
3.4058222502856905
3.515259592204367
3.5514280650285057
2.8855130303998817
2.4508257945180882
3.605388542207534
3.2402239289418517
3.350209029099897
3.323231428797621
3.3496929689578705
3.128085278891395
3.0269868333592873
3.0565647621309537
3.378783493486176
3.084962500721156
3.1692486956952335
2.519472791492095
2.345851989338261
3.9544023281068625
3.851305527402223
3.5184311274397686
3.7944313574115673
3.503258334775645
3.151210641914682
3.8838019186161117
3.8441065448145375
3.7086949695628415
3.5878587982995085
3.5113061459995176
3.8012402782738
3.3232314287976203
3.246439344671015
3.6424346494648048
3.68354236243323
3.7559130951758246
3.589898095464288
3.9026797376866442
1.0762976257251988
1.186278124459133
3.3005590923909534
3.419381945646371
3.6993370688471336
3.378783493486176
4.049324768461841
3.807445176955242
3.9033210195438075
3.039148671903071
3.5110276044371003
3.452819531114783
4.06227043705173
3.802724662664154
3.0269868333592873
2.872905595320056
3.8786958961354263
3.8787912611280673
3.1971597234241487
3.4182958340544896
2.389898095464287
2.7937080203747615
0.0
3.9343813435048056
1.5
2.822181958642873
3.350209029099897
3.238901256602631
3.3248629576173574
1.4345491399952024
0.8166890883150209
4.095383835546127
3.219528282299548
1.7924812503605778
3.464234652726567
3.8634651896016456
3.646439344671015
2.7192945256669794
3.51602764126623
3.175123135113461
3.189898095464287
3.7264741182543752
3.43162356584743
3.811460547566394
3.419381945646371
3.9872178475009488
3.866587105828959
3.1898980954642875
3.2806390622295662
3.4992275471326932
3.5726236638951625
3.830010773323189
3.334679141051595
3.346439344671015
3.039148671903071
1.7743974703476992
3.501397825434103
3.3787271036564657
3.1841837197791887
3.039148671903071
2.8423709931771093
3.1556390622295662
3.0220552088742005
2.950212064914747
3.521640636343319
2.9852281360342525
3.8252517372886503
3.0220552088742005
3.182005814760214
3.3680424225727146
3.350209029099897
3.8042292966721747
3.757048827786958
3.139572261986723
3.7447850008445385
3.6753108689123644
3.444413829577611
3.180832987205441
3.0220552088742
2.9928560501604604
4.034272107321939
2.9689185639620974
3.0565647621309537
3.6891039081164574
3.572469458770136
3.006238928653389
0.9444885341662053
3.0849625007211556
1.188721875540867
2.5654483718208256
3.6266781970562953
2.6550505394177746
3.127986806877675
3.9669664055120797
4.011329722113589
4.143247192979409
3.871789011092168
3.5724312513221195
3.189898095464287
3.077819531114783
3.8691964294707004
3.5708265958156886
3.6692750707107122
3.824862957617356
3.146286370662105
2.4772170014624826
4.1643233476153565
3.136863709607318
3.238901256602631
3.621175542919471
3.1552215288595122
3.503982409170234
3.5422426164197365
3.085055102756477
3.5766176449086644
3.418295834054489
3.511085408180426
3.844106544814537
3.5110854081804264
3.85619629821938
3.8087196973440705
4.065334747925089
2.5220552088742005
3.1932696895151076
4.030373565010955
3.933852449739726
3.2720552088742005
1.584962500721156
3.699513850319966
3.7849418274376423
3.4316235658474303
3.327819531114783
3.7201755214643453
3.509275070710712
3.734521664779752
3.8928647666912815
3.6887218755408675
3.0220552088742
3.8847904251112912
2.792481250360578
3.2516291673878226
3.521640636343319
3.182005814760214
1.0949143184120975
3.7972288880242138
4.0788668592274995
3.189898095464287
3.4100993267336737
3.845466401050669
3.0414460711655216
3.8041362184526464
3.350209029099897
3.1395722619867223
3.9167798302704946
3.180832987205441
3.452819531114783
3.085055102756477
3.085055102756477
3.72872444526914
2.8553885422075336
3.418295834054489
3.1808329872054406
0.6402064333604701
3.246439344671016
3.6536606896881847
3.392147223664534
2.4416298737872246
3.3248629576173574
3.180832987205441
1.9211854965885542
4.143947290382971
3.2516291673878226
0.6143694458867568
3.5068905956085183
3.0220552088742
4.191240537647705
1.8423709931771084
1.0219280948873624
1.2577148214953864
0.8904916402194913
2.9182958340544896
3.895150920140013
3.70203613560686
4.067165623752043
3.8561962982193805
3.7855610028241515
3.743982153814127
3.6537567082870006
3.7024715122197467
4.005780606582505
2.8638263900908156
3.0565647621309537
3.4841837197791885
3.6897037321995465
2.8553885422075336
3.2195282822995477
3.2516291673878226
3.189898095464287
3.4193819456463714
3.085055102756477
3.53641423712223
3.834117052807281
3.8217746321466497
3.381580488309164
3.9813818354934787
2.931208948910323
3.41379956460568
2.682588730501833
3.9333751431391573
3.6423714487439014
3.0220552088742005
3.593269689515108
3.3232314287976203
3.1556390622295662
3.7826237831150373
3.8073549220576037
3.202819531114783
1.3355055565170972
1.158938532350277
3.0269868333592873
2.873140679513133
2.8423709931771093
3.101508755867878
3.801009419559034
3.6565647621309543
3.3927474104487847
3.5944656369614525
3.085055102756477
3.0849625007211556
2.751629167387823
3.414441303694973
3.521640636343319
4.025142250383774
3.5073801024236353
3.998632898402634
1.584962500721156
3.125
3.323934896284056
3.2516291673878226
3.1898980954642866
2.8553885422075336
3.084962500721156
3.348798912202497
2.9852281360342516
3.3908054820769813
3.567024803419185
2.974937501201927
3.25
3.792890637227699
3.180832987205441
3.016875695766564
3.8539634370813545
3.3660913291191923
2.7192945256669794
3.9025640202647756
3.5220552088742005
2.7773627950641693
3.2608281712244547
3.572623663895163
3.5209505944546677
4.019312303601839
3.9952478371408966
3.521640636343319
3.982301653644321
2.918295834054489
3.734521664779752
4.208382016771448
3.693149802473811
2.8511494238930326
3.7219280948873616
3.76705018299737
3.9151463675385028
3.7301285000123805
3.8108533379102867
3.9909425452645317
3.084962500721156
3.180832987205441
2.8962915290459277
3.7871439606981383
3.6368421881310122
3.572623663895163
3.084962500721156
3.52257158913636
3.419381945646371
3.381580488309164
3.3496929689578705
3.125
3.1368637096073178
3.784941827437642
3.039148671903071
3.711080496244278
2.8553885422075336
3.308694969562842
3.788754913993502
3.4565647621309536
3.878660885268731
3.946200526020849
2.725480556997868
0.9182958340544896
3.2655833228877325
3.378783493486176
3.1158340921632197
1.0389205950315936
3.2746655826829647
3.559079570624174
1.1400677626718572
1.0892300788425848
3.742840865453534
3.3464393446710154
3.0414460711655216
3.2841837197791888
3.180832987205441
2.084962500721156
2.251629167387823
1.7735572622751854
1.6258145836939115
1.7120954362128467
1.683240358011977
2.5492553971684995
1.4913146570363986
1.650022421648354
1.4299111709758698
1.573402452417767
3.5032583347756456
3.6573852766501784
3.337175341123077
3.4548223999466066
3.1751231351134614
1.7841591278514217
3.368042422572715
3.0850551027564768
3.7370242754249494
3.265583322887733
3.6368421881310122
3.2516291673878226
3.381580488309164
3.609496334425696
3.4713544870139286
2.931208948910323
3.381580488309164
2.625814583693911
2.584962500721156
3.4323328717505137
3.7833130936851114
3.584303179346712
3.8882986453864525
3.6914280318460246
3.839335879656745
3.6168746059562227
3.172810733519864
3.5503407095463873
2.7534343861887853
3.7256507561120933
3.1005595233091627
3.4713544870139286
2.9232314287976204
2.827819531114783
2.8553885422075336
3.1728107335198645
2.7345123817507715
3.334679141051595
2.751629167387823
3.59448250651942
3.337175341123077
3.381620107948735
3.039148671903071
3.5068905956085183
3.3273399000835093
3.202819531114783
3.683856189774724
3.6280729963885094
3.7201755214643453
3.452819531114783
3.381580488309164
3.6635327548042538
3.8208888513501877
3.084962500721156
4.021928094887362
3.179669461918707
3.1395722619867223
3.3862661425265324
2.6235166412180155
3.576617644908665
3.471354487013929
3.296148374747623
3.7509901808244175
3.9328215073546753
3.882083453780459
3.544577481543601
3.2946635862096048
3.6122388184845127
3.4903270734449907
3.7040386490267627
3.8474020787426295
3.671405583442497
3.760017277849653
2.688721875540867
2.8553885422075336
3.0523076166241143
3.5856375894367076
3.4541684103574046
3.6053885422075345
2.8553885422075336
2.5849625007211556
3.920878068450758
3.6349899593311
3.1751231351134614
3.5294432011616292
3.2359263506290326
3.0220552088742
2.71929452566698
3.1018812234760182
2.699513850319966
3.2516291673878226
3.064696448411061
3.932999306637289
3.3502090290998967
3.986292160090769
3.8503408475607483
3.6756981410630796
1.584962500721156
4.0703350160008895
1.0
2.782334787586588
2.6051792182893676
1.0
3.0220552088742005
2.7192945256669794
4.065494555520917
1.0
1.9903166968736787
2.0365766899407327
2.1258145836939115
2.072905595320056
2.2037145279713077
3.2195282822995477
3.375
3.8659573209491738
3.2516291673878226
3.180832987205441
3.561607392201215
3.5086949695628418
3.7622673906514947
3.6818808028034016
3.3908054820769817
3.639412926819236
3.5743577621291283
3.425118550357139
3.006238928653389
2.440223928941852
3.375
3.2359263506290334
3.7164736505901743
3.801802142056672
3.9674868106213133
3.6052538230845443
3.633827132029816
2.688721875540867
4.099644797336734
3.7107770844150667
3.573660689688185
3.0220552088742005
3.683856189774724
3.381580488309164
3.675310868912364
3.452819531114783
3.6464393446710153
3.6168746059562227
3.189898095464287
3.7216117239699
3.238901256602631
3.7043494289560512
3.7401417986938075
3.7256507561120933
3.969607339117404
3.3921472236645345
1.3067765894062977
3.189898095464287
1.4182958340544896
3.3464393446710154
4.182997124016003
4.021982987596001
1.5
3.209147917027245
3.085055102756477
3.3908054820769817
3.4464393446710155
3.189898095464287
3.180832987205441
3.202819531114783
3.3263604079526936
3.0269868333592873
3.4464393446710155
2.74894004700543
3.3232314287976203
3.418295834054489
3.534219021180341
3.630412660873998
3.085055102756477
3.538310595615005
3.2806390622295662
2.918295834054489
3.238901256602631
3.039148671903071
3.506890595608519
3.4613201402110083
3.4613201402110083
3.418295834054489
3.4193819456463714
3.2516291673878226
3.511085408180427
3.6341837197791884
1.3520301017579528
1.0892300788425848
2.039353872167201
2.8553885422075336
3.794659514056668
2.8962915290459277
3.202819531114783
3.3735572622751846
3.9134007456613777
4.00369256804897
3.8443845322359165
3.6243797016511126
3.1751231351134614
3.2195282822995477
3.4992275471326932
3.572469458770136
3.7027112379848077
3.2359263506290326
3.8252517372886508
2.8553885422075336
3.2639334294856344
4.146376220664176
3.7256507561120933
4.031659858973608
2.88083816621909
3.135821824148036
3.240223928941852
3.3273399000835084
3.251629167387823
3.039148671903071
3.9580595428376295
3.636842188131012
3.517559429596343
2.411602217974672
3.180832987205441
3.5800503514647373
3.615817594675933
2.0716556636582997
2.0216233295264194
2.018985739817921
3.101881223476018
3.8062389286533898
3.454822399946607
3.6550455468258045
3.43971065015136
3.488525294897748
3.6933452188924916
3.238901256602631
3.182005814760214
3.6572682296173893
3.3921472236645345
3.326360407952694
3.7348169867486294
3.8693361006931783
3.8425302326942807
2.0
3.558242691024846
2.9477027792200903
2.573557262275185
2.5849625007211565
3.9692263678875808
2.0
3.1556390622295662
2.9182958340544896
3.891416754392159
3.8550549498949613
3.381580488309164
3.461320140211008
3.033333118765216
3.7045348998193433
2.495602923729013
2.245291730197102
2.0306390622295662
2.1645859607294664
2.1429212114234706
2.2461887569909456
2.2722232908195856
2.0893174876135854
3.245687474717769
3.820826203430656
1.584962500721156
3.2516291673878226
3.1692486956952335
3.106890595608519
3.452819531114783
3.3787834934861767
3.605388542207534
2.873140679513133
3.6635327548042538
3.1464393446710153
3.48582592784901
3.084962500721156
2.625814583693911
3.4039894464852614
2.251629167387823
3.621175542919471
2.9450386975402445
3.6941144990385335
2.751629167387823
2.918295834054489
3.1898980954642875
3.6069367321753214
3.572431251322119
4.07234697025845
3.1898980954642875
3.188721875540867
3.781076011914607
3.958229168669879
3.636842188131012
3.9292144551992183
3.629219686524096
3.286629486786195
2.6825887305018337
3.8166890064215266
3.0849625007211556
3.2359263506290334
3.378783493486176
3.3248629576173574
3.170134892428193
2.732914563979398
2.681625957074392
3.088631060454762
3.0449127332389447
2.655050539417774
3.165003179740885
2.9109922530150456
3.0220552088742
3.6795255398086413
3.471354487013928
3.863094551420763
4.003928031846025
2.8731406795131336
3.6066338100379283
2.584962500721156
3.7958125412571175
3.180832987205441
3.936260027531528
3.3576439260128503
3.583747655359677
3.4251185503571393
3.5950806738415206
3.3320953986601687
3.6219280948873624
3.827819531114783
3.050301855434982
3.334679141051595
3.180832987205441
3.0849625007211556
3.4299083350961603
3.2359263506290334
3.6838561897747235
3.554651503772111
3.4718366816006956
3.5739348962840563
3.09306920777189
3.180832987205441
2.751629167387823
3.175123135113461
2.8553885422075336
3.202819531114783
3.4800836951874485
3.197159723424149
3.6572682296173897
3.240223928941852
3.42990833509616
3.4632805178108104
2.5654483718208256
3.327819531114783
2.952819531114783
3.180832987205441
3.4143648309908268
3.5766176449086653
3.2359263506290334
3.4182958340544896
3.25
3.2516291673878226
3.5424812503605785
3.32323142879762
1.0
3.521640636343319
3.3248629576173574
3.061391877002456
2.8536118308201166
3.0775726382817687
1.5
4.052822322419823
3.189898095464287
3.2359263506290334
3.2516291673878226
3.863465189601647
3.534219021180341
3.772055208874201
3.8492239123906256
3.6635327548042547
3.5068905956085183
3.954701244167345
3.326360407952694
3.797902689682947
3.6753108689123644
3.748328660365574
3.084962500721156
3.084962500721156
3.377278130987436
3.1916116417513782
3.084962500721156
3.056564762130954
4.0167014511867905
3.54595859334435
3.7957828707628507
3.718484951590094
3.9077342707424854
3.4316235658474303
3.25
3.2359263506290334
3.8692856107411173
3.8070242400397007
3.9735127535760095
3.238901256602631
3.732444601324706
3.378783493486176
3.373557262275185
3.2728043273346197
2.7773627950641693
3.7483286603655737
3.452819531114783
2.792481250360578
3.614369445886757
3.139572261986723
3.5766176449086653
3.039148671903071
3.334679141051595
2.9559130951758243
2.4237949406953985
3.5092750707107125
2.0
2.9182958340544896
3.761445788918473
3.7159321855150296
3.334209459448048
3.2516291673878226
4.096602347924873
3.7784560667297615
3.81098761634559
3.7909676510043875
3.5975583870244896
2.0
4.0709136872045
3.4841837197791885
3.0269868333592873
3.5
1.6258145836939115
2.148834854280917
2.9772170014624826
1.9749375012019268
2.335505556517097
2.355388542207534
1.2363864108712896
1.4809824636890605
1.3488741453707955
3.1932696895151076
4.140070402686925
3.5110804962442774
3.084962500721156
3.321928094887362
2.8553885422075336
3.7622673906514947
3.9863050160998537
3.5145450044807234
3.433269689515108
4.038609325744686
3.8393151975502953
1.584962500721156
3.2195282822995477
3.0306390622295662
1.2577148214953864
3.251629167387823
3.3446983751597124
3.0574760762899316
3.0269868333592873
3.4992275471326932
3.32323142879762
3.6947396630551763
3.09306920777189
3.3927474104487847
3.0269868333592873
3.0269868333592873
3.7254805569978675
3.0849625007211556
3.3564924137968237
3.6040317545551486
3.239097917988786
3.084962500721156
3.1898980954642875
3.625
3.849977732595452
3.7483286603655737
3.708048150071232
2.4137995646056805
3.863465189601646
2.688721875540867
3.652130557318382
3.452819531114783
3.8207865584309957
3.771672984944936
2.5654483718208256
3.146286370662105
3.4817145729860717
3.6835423624332306
2.5220552088742005
3.226730915057127
4.011411723741874
3.925367361914204
3.63273184055767
3.5434651896016467
3.4428621651554656
3.6081838246294597
3.202819531114783
3.3082708345352603
3.43162356584743
3.139572261986723
3.639408423097839
3.309685696912064
3.155565013329719
3.3680424225727155
3.215841172683753
3.0269868333592873
3.0220552088742005
2.792481250360578
1.1401156785146092
1.1911690666169847
0.7653636126766978
0.869995979136258
2.125814583693911
1.9074706252984255
2.5
2.321928094887362
3.8857147818134266
3.1813663288914587
3.238901256602631
0.0
2.161978179679554
2.4956029237290127
3.976165807643665
3.1556390622295662
3.189898095464288
3.6168746059562227
4.021144068817467
3.381620107948735
3.8949049539587413
3.5585186130489057
3.327819531114783
4.041092818215358
2.6887218755408666
2.950212064914747
1.0
4.207702290865852
2.321928094887362
4.2194798283691295
2.0
3.188721875540867
3.077819531114783
3.530493056757482
3.7831339375035657
3.378783493486176
3.820950594454668
3.9400726873486547
3.039148671903071
3.238901256602631
3.4219280948873623
3.350209029099897
3.106890595608519
0.8553529129344397
2.145665342663937
3.3927474104487847
2.146465798504072
2.9126878900165245
2.66122625626979
3.0220552088742
3.535546013316953
3.9399418397833434
3.4031071683628116
2.895423870280316
2.899397470347699
3.829193448915917
3.438721875540867
3.139572261986723
3.454822399946607
3.0849625007211556
3.621175542919471
3.546593564294939
3.9590943713503313
3.4613201402110083
3.897587036123537
3.546593564294939
3.8492239123906247
3.546593564294939
3.6143694458867563
3.2516291673878226
3.640223928941852
3.7784235030301256
3.3927474104487847
3.3927474104487847
3.7544418457133446
3.7256507561120933
4.139782100892352
2.4662478973127313
3.4613201402110083
3.085055102756477
3.0849625007211556
3.4992275471326932
3.2810361125534233
3.3927474104487847
3.844384532235916
3.006238928653389
3.084962500721156
4.004364184708142
3.3735572622751846
3.5535088547976783
3.536886723742166
3.8268748818646365
3.7454064259382482
2.8423709931771093
3.5068905956085183
3.670642544469059
3.057476076289932
2.950212064914747
3.470175521464345
2.702904337188607
3.395461844238321
3.99311572357641
3.3248629576173574
3.667425232924608
3.6792292966721747
3.180832987205441
3.653756708287
3.084962500721156
3.464234652726567
2.74894004700543
0.7732283485249176
3.5931390622295662
3.576617644908665
3.5630741894285696
3.356312404804365
3.597558387024489
3.792376622970445
3.786343444809967
3.40582225028569
3.552655596558188
3.656564762130954
2.763865121950854
3.189898095464287
3.938388283228294
3.0220552088742
3.3898980954642877
3.2998963911678905
2.221251836004466
3.454986855772667
3.2359263506290334
2.872905595320056
2.8731406795131336
3.572469458770136
3.27280432733462
3.5224963070861737
3.239097917988786
4.008949077395064
3.686419411348773
3.101881223476018
3.77396198898244
3.180832987205441
3.7919245392005068
3.6168746059562227
3.9939790709411707
3.0269868333592873
3.3927474104487847
3.4039894464852614
3.334209459448049
3.641249800455479
3.3787834934861767
3.5697738350294785
3.0306390622295662
3.471354487013928
0.7653636126766978
2.835237745312118
3.957311495859857
3.597558387024489
1.5
3.086048612313038
3.0269868333592873
3.27280432733462
3.521640636343319
3.5465935642949384
3.238901256602631
3.1068905956085184
3.3680424225727155
2.8073549220576046
2.9219280948873623
3.0441104177484006
3.69199268611432
3.668501756435263
3.319773835029478
3.3371753411230776
4.019143808983936
3.6695767463163937
3.721654089032874
3.807445176955242
2.814610629377331
2.217021885879718
2.5220552088742005
0.3815804883091629
0.45502065977946415
2.863115258385132
1.584962500721156
3.452819531114783
3.1464393446710157
3.5739348962840563
3.750807235905091
3.3921472236645345
3.180832987205441
3.814371943179628
2.7773627950641693
3.384183719779189
3.0269868333592873
3.368042422572715
3.3927474104487847
3.9263053407631516
3.7709424217485368
3.538314768807483
3.513784724225434
3.7080481500712317
3.0220552088742
3.6163485660751635
3.6143694458867563
3.286629486786195
3.221097250057956
4.017079563925711
3.084962500721156
3.838039816898156
3.8259247327071333
3.7841837197791888
3.824744188952478
3.7267374734123866
3.628351141951583
2.7052290027422967
4.086787820995592
4.082897632132989
3.560974488340005
4.121731681363189
4.137783335672691
3.3414460711655214
3.435755433941627
4.182599363684513
4.065511602999502
3.438721875540867
3.2608281712244556
4.053501540669805
3.5465935642949384
3.4613201402110083
3.4992275471326932
4.00532302989454
3.920113504927928
3.554289307439603
3.419381945646371
2.827819531114783
3.933742438244218
3.580462199727101
3.521928094887362
3.9927087708004674
3.7486143945295947
3.59448250651942
3.326360407952693
3.5944656369614516
3.599581230646064
3.501629167387823
3.6572899523639886
3.7974676329840045
3.5739348962840563
3.447401504705915
3.637228387298539
3.927975300790612
4.001018804839983
4.131299907005722
3.5319412055466586
3.9346609061575015
3.4830741894285695
3.9468314219425378
3.5068905956085183
3.7159321855150296
3.741962789037908
3.180832987205441
3.6143694458867563
3.327819531114783
3.1329145639793974
2.8553885422075336
3.6887218755408675
3.106890595608519
4.110303785946257
2.4137995646056805
1.2419460322060458
4.088669473765341
1.9219280948873623
2.9109922530150456
3.9261766380423215
3.238901256602631
3.4992275471326932
3.810081020521731
3.706644099059123
3.146286370662105
3.392747410448785
3.1751231351134614
2.9689185639620974
2.8962915290459277
3.384183719779189
3.292481250360578
3.452819531114783
3.627579716629469
3.182005814760214
3.238901256602631
3.760017277849653
3.692095411492566
2.7516291673878226
3.6714055834424966
3.0130709291038453
3.446439344671015
3.3921472236645345
3.2806390622295662
3.6689869584530608
3.180832987205441
3.2806390622295662
3.521640636343319
3.6835423624332306
2.9540036423298544
3.7004397181410926
3.534219021180341
3.682005814760213
1.0408520829727552
2.732914563979398
3.11892373818864
3.8776144498957823
4.019547719701442
3.767894147619623
3.1751231351134614
3.653102364567238
3.767183467891461
2.792481250360578
3.2946635862096043
3.4992275417233567
3.3232314287976203
3.7504647066537014
3.558518613048906
2.945038697540245
4.002364996120367
3.7442035683118124
3.681633770683523
3.9238561897747237
3.4800836951874485
3.039148671903071
3.783465189601646
3.621653522439334
3.775475847209144
3.8874143137429202
3.6270302305064757
3.3921472236645345
3.2414460711655217
3.8328107368431277
3.488525294897748
3.9292292966721747
3.1395722619867223
2.8855130303998817
3.6653100283182436
3.5836169753972325
4.06053784235931
3.0220552088742
2.9881065019639452
3.4980685120588384
3.3735572622751855
3.5654483718208247
3.155565013329719
3.6429406084671916
3.479561393367672
3.182005814760214
3.182005814760214
3.0503018554349812
3.0269868333592873
3.238901256602631
3.355388542207534
3.7386085007312415
2.875
3.577819531114783
3.9743170086524944
3.995296196358148
4.043801694853791
3.125
3.0269868333592873
3.4800836951874485
3.3787834934861767
3.708132064658602
1.584962500721156
3.991045362487378
3.128085278891395
3.3927474104487847
3.3248629576173574
3.3927474104487847
3.4992275417233563
3.6178096843744543
3.3248629576173574
3.452819531114783
3.601227480952956
3.772055208874201
3.1556390622295662
3.6572682296173897
3.418295834054489
3.521640636343319
3.5160276412662297
3.419381945646371
3.636842188131012
1.9441041805421106
3.2927701939369904
3.4548223999466066
3.6168746059562227
3.5724312513221195
3.6711499390701863
2.8553885422075336
3.3239348962840563
3.327819531114783
3.8444138295776114
3.1898980954642875
3.180832987205441
3.4713544870139286
3.72491954026129
3.931687083026441
3.452819531114783
3.8707361825308264
3.5
4.093903868210669
3.6841837197791887
3.736006946447657
3.594465636961452
3.957012843919866
3.827668987655435
3.879093994053394
3.732308225332477
3.986850588296475
2.873140679513133
0.951994081908783
3.7321588913645694
2.873140679513133
3.0220552088742
3.836081907815205
2.584962500721156
3.6818808028034016
3.7950885863977324
3.3927474104487847
3.5068905956085183
3.238901256602631
3.3248629576173574
3.373557262275185
3.084962500721156
3.875
3.452819531114783
3.863465189601646
3.2516291673878226
3.708132064658602
3.5724312513221195
3.5464393446710147
3.077819531114783
3.3086949695628416
2.5304930567574826
3.485819919390644
3.6234651896016468
3.4314134569803287
3.605388542207534
3.316817854639665
3.3716535224393334
4.153386182221324
3.0062389286533895
2.7321588913645702
4.01253725760345
3.3787834934861767
3.7962176025900556
3.327819531114783
3.238901256602631
3.6211755429194716
3.463280517810811
3.2402239289418517
2.8150724101159437
2.699513850319966
3.6234651896016463
3.1808329872054406
3.3711045993081328
3.4613201402110083
3.3735572622751846
3.085055102756477
3.6168746059562227
3.182005814760214
3.4992275417233563
3.0062389286533895
3.418295834054489
3.085055102756477
3.0220552088742
2.406666316740689
3.327819531114783
3.503997527334848
3.202819531114783
3.640223928941852
3.2210972500579564
3.136379330350756
3.9966483737709133
3.4500288754484654
3.8221819586428722
3.764735178725505
3.149397470347699
3.6074753914554893
3.657289952363989
3.763856189774724
2.8553885422075336
3.4992275417233567
3.0
3.1307179879273743
2.822181958642873
3.0220552088742
3.1395722619867223
4.063941026297645
1.584962500721156
3.006238928653389
3.7622673906514947
2.9182958340544896
3.8610523492544297
3.8619987000428004
3.6374950217780846
3.4414460711655215
1.2917601481809733
0.7793498372920851
0.8030717273241024
3.4387218755408675
3.4039894464852614
3.3248629576173574
3.8610958077684714
3.452819531114783
3.0220552088742
2.8729055953200557
3.4800836951874485
4.071271150031998
0.583584486987073
1.1401156785146092
3.5539717718024932
3.599988835930131
3.0837651410695517
3.91211389097223
3.463710641914682
4.0080169788941395
3.8122933071458065
3.9535676128601924
1.584962500721156
3.5566567074628233
4.022332365561414
2.774397470347699
3.039148671903071
4.007520503591072
2.9182958340544896
4.017328825158424
3.474380085195674
3.6006693372090903
2.7035593239513576
3.352135539906905
3.48973793165199
3.5771623247133757
3.123342180683407
3.1055872616982603
1.0
3.851613458767676
3.621928094887362
3.719294525666979
3.827567157116928
3.7264741182543757
3.9736606896881845
3.9484339852164414
3.7950885863977324
3.468576629687865
3.653660689688185
3.7192945256669785
3.239097917988786
1.2108100261060328
0.9912642605354288
3.189898095464287
3.521640636343319
3.0849625007211556
3.378783493486176
3.4251185503571397
3.30827083453526
4.21087573193864
1.584962500721156
1.9508257945180885
2.251629167387823
1.8322488896002305
2.5492553971685
2.084962500721156
2.2825887305018333
3.323231428797621
3.0849625007211556
3.754441845713344
3.8077635764171944
3.9164246291310203
3.614369445886757
3.182005814760214
3.936420609942885
3.4992275417233563
3.291392876170962
4.12555704167066
3.2037016960573483
2.999581230646064
3.4955749604956092
3.100916685694772
3.0220552088742
3.084962500721156
3.8390928736113485
3.928414007174855
3.2806390622295662
3.323231428797621
3.1898980954642875
3.180832987205441
2.8962915290459277
3.9353986674667634
3.208694969562842
3.09003277660148
3.125
3.195295934496217
3.1556390622295662
3.0220552088742
3.106890595608519
3.4992275471326932
3.484183719779189
3.643074189428569
3.94770277922009
3.213513256009071
3.5780011510322707
3.9859175795054957
3.921928094887362
2.688721875540867
3.1037016960573482
3.926788166962278
2.9749375012019272
2.8423709931771093
3.238901256602631
2.918295834054489
3.0849625007211556
3.378783493486176
4.0
3.266332639970623
3.899833468881677
3.995215143661988
3.3248629576173574
3.125
4.035894123259192
3.863128651822337
2.8073549220576046
3.9102329406731853
3.5726236638951634
3.679525539808641
3.8275546594689245
2.8150724101159437
3.7656617026023964
3.204986855772667
3.5932696895151075
3.4613201402110083
3.25
3.4548223999466066
3.632192121571194
3.5068905956085183
3.5554141844097327
3.8427185648496742
3.084962500721156
3.2516291673878226
2.873140679513133
2.7534343861887853
3.277613436819115
3.403074189428569
3.239097917988786
3.7160160623359078
4.118342303630032
3.9636364900154115
3.521453820927089
3.6901165175936654
3.8768388159347933
3.6908762690337507
3.128085278891395
3.7496098404051663
3.3325040655576585
3.477175233435623
2.822579761842491
3.378783493486176
3.4547012441673464
3.7903123628943742
3.7895562311268356
3.521605564018487
3.1279868068776753
3.323231428797621
3.827819531114783
2.398302995115559
2.6926876761880925
3.937301931659898
3.8140156038557316
2.7527152789797045
3.965046802276476
3.0849625007211556
3.454822399946607
4.07519893740999
3.9103679088960774
3.9766214171182743
3.044110417748401
4.06780808424976
3.1158340921632197
2.564299088064471
3.576617644908665
3.3248629576173574
3.300559092390953
3.584303179346712
3.4102329406731844
3.571527784112274
3.3927474104487847
3.0849625007211556
3.621175542919471
3.299896391167891
3.2608281712244556
3.5068905956085183
3.609090414588857
3.652518266288633
3.68354236243323
3.2516291673878226
3.182005814760214
3.2037016960573483
3.238901256602631
3.084962500721156
3.356492413796824
3.9229985586135534
3.7709103354256372
3.3927474104487847
3.327819531114783
3.0773238024297194
3.4992275471326932
0.8683927290103626
3.2359263506290326
3.8011085007312415
3.536886723742167
3.5110854081804272
0.9182958340544896
3.0850551027564768
2.7534343861887844
3.7053843967150137
3.238901256602631
3.5
3.5
3.039148671903071
3.6899015819921512
3.0503018554349812
3.2806390622295662
3.2810361125534233
3.8943042202619296
3.2359263506290334
3.368042422572715
3.4713544870139286
3.153571738477581
1.2426381548970113
0.7195563653739032
3.556532424882234
3.837066209881521
3.971772539674854
2.7395722619867224
3.568127529055962
3.695501148817395
3.4565647621309536
3.4548223999466066
2.9995812306460645
4.0514621540398
3.675310868912364
3.9951416460689617
4.120635070586275
3.7144093452479403
2.7045348998193433
3.454822399946607
3.654263725997023
3.6732696895151076
3.8136606896881853
3.967720100474499
3.9393317137423165
0.9933927290103626
3.2639334294856344
3.0220552088742005
3.3908054820769817
2.8073549220576037
3.4219280948873623
3.4906015629507228
3.2516291673878226
3.953565664946427
3.32323142879762
3.240223928941852
2.7773627950641693
3.541179870377409
3.8400832519721115
3.7323082253324764
3.834796540106297
3.573660689688185
3.180832987205441
3.4973814891375143
3.3232314287976203
3.825251737288651
3.189898095464287
3.53257325750262
3.4556501805795428
3.09306920777189
2.6556390622295662
3.6887218755408675
3.203701696057348
4.132192121571194
3.086048612313038
3.2695767463163934
3.5577835795519785
3.68047122841859
4.002174187273634
2.321928094887362
3.7081320646586016
3.784941827437642
3.4565647621309536
3.5160276412662297
3.5766176449086657
3.7887549139935026
3.2516291673878226
3.3787834934861767
3.182005814760214
4.101881223476018
3.5630741894285687
3.6536606896881856
3.182005814760214
3.4548223999466066
3.5841837197791886
3.7256507561120937
3.7192945256669785
3.609668477419888
3.640223928941851
3.8107926033666866
3.189898095464287
3.6292196865240958
3.9232517969803378
3.7294461949052566
3.7541634277688813
3.9370927129710718
3.2516291673878226
3.7962176025900556
3.521640636343319
4.069476069402538
3.801807766696845
4.143063427472559
3.8931837115130166
3.4641208758737116
1.584962500721156
1.207518749639422
3.3688840705376353
2.5495234595978324
3.8820451081368628
3.4992275471326932
3.5266927073956857
3.8672549208320413
3.6053885422075345
2.927451224964519
2.9182958340544896
3.5555331514269954
3.4251185503571393
3.829081540788489
3.368522527728206
3.8042292966721747
3.2810361125534233
3.1464393446710153
3.471354487013928
2.8731406795131336
3.484183719779189
2.792481250360578
3.3082708345352603
3.0220552088742
3.4472624994412104
3.762310736133871
3.5
3.182005814760214
3.0130709291038453
3.1395722619867223
3.085055102756477
3.878308559885858
3.3990795706241745
3.772055208874201
3.238901256602631
3.189898095464287
3.538310595615006
3.7081320646586025
3.6234651896016463
3.2639334294856344
3.292770193936991
3.2810361125534233
3.9232902460806773
3.7979026896829478
3.006238928653389
3.403074189428569
3.605388542207534
3.5
3.521640636343319
3.7230741894285693
3.5883543471732335
1.2366407419411674
3.816314184984976
3.566372621859458
3.5013978254341027
3.802534091036689
3.606823921206127
3.6817276788697364
3.7500963854762994
3.9468543656567667
4.148536118672228
4.066266555123582
1.584962500721156
2.9182958340544896
2.8731406795131336
3.0850551027564768
2.899397470347699
0.0
3.673269689515108
3.7950885863977324
3.8764695474602715
3.323231428797621
3.084962500721156
3.2516291673878226
3.4565647621309536
3.4548223999466066
3.1018812234760182
4.0948050582927715
3.4992275471326932
3.6800893536948074
2.9852281360342525
3.7871439606981383
2.873140679513133
3.418295834054489
3.375
3.0220552088742
2.8553885422075336
3.418295834054489
3.4613201402110083
3.0849625007211556
3.521640636343319
2.610577243331642
3.605388542207534
3.440759832540089
2.950212064914747
3.7034651896016464
3.039353872167201
3.8365916681089787
3.084962500721156
0.9463729359854419
3.0168756957665637
3.8362453816226485
3.7489948035250964
3.0441104177484006
3.0441104177484006
3.2359263506290326
3.572431251322119
3.189898095464287
3.2359263506290326
3.6901165175936654
3.884653744936846
3.5090356337908917
3.8456631498513816
3.4613201402110083
3.221097250057957
3.6158175946759328
3.337175341123077
3.046439344671015
2.7192945256669794
3.4582678680998424
4.014438730983426
3.8330709070912787
3.378783493486176
3.188721875540867
3.146286370662105
3.9868736753568172
4.0024669627236165
3.1517988525068454
4.11848675203375
3.910595916770139
4.016236397287438
3.6000456657215825
3.321323501517743
2.9182958340544896
3.3274847819558424
3.240223928941852
3.7312867722513534
3.3662180665468817
3.2516291673878226
3.419381945646371
3.646439344671015
3.7806310006001205
2.9182958340544896
3.084962500721156
4.114084558938881
3.170543891762937
2.625814583693911
3.5503407095463877
3.6841837197791887
3.180832987205441
2.396240625180289
2.7806390622295662
2.075074223172834
2.7194978078515892
2.2183875773279125
2.952819531114783
2.424835634986198
2.259799223400567
3.2210972500579564
3.5780011510322702
3.175123135113461
3.827819531114783
3.51602764126623
3.3274847819558424
3.5216406363433186
3.5590795706241742
3.8885358123017575
3.534219021180341
3.5766176449086653
3.456564762130954
4.02331801205233
2.6556390622295662
1.1400677626718572
3.403989446485261
2.873140679513133
3.572623663895164
3.0220552088742005
3.622932114892139
3.6914280318460246
3.182005814760214
3.694548827786958
3.1916116417513782
3.4219280948873623
2.9852281360342525
2.9182958340544896
3.180832987205441
3.2516291673878226
3.246439344671015
3.3927474104487847
3.039148671903071
3.403989446485261
2.9749375012019272
3.5
2.923231428797621
3.0565647621309537
3.7216117239699
3.67095859334435
3.188721875540867
3.1841837197791887
3.6665301730294653
3.8601659415469958
3.0306390622295662
3.8612377058882283
3.591090137020144
3.5766176449086653
2.8962915290459286
3.569773835029478
3.3603059777020796
3.327819531114783
3.3082708345352603
3.827034575562744
3.8404025467025056
3.818909165246382
3.25
4.020843553362251
3.182005814760214
3.3927474104487847
3.6168746059562227
3.931208948910322
3.772055208874201
3.8438561897747237
3.6234651896016463
3.708132064658602
3.9686243029601016
3.484183719779189
3.7406015629507228
3.893660689688185
3.748328660365574
2.8731406795131336
4.043189729654138
1.0
3.3735572622751855
3.008843716819847
0.6998578570269279
3.0220552088742
2.8731406795131336
3.437436632688363
3.2158411726837524
3.914866303883101
3.0850551027564768
3.4488840705376353
3.613337314045307
3.084962500721156
3.1751231351134614
3.8230679822736606
3.3232314287976203
3.0269868333592873
2.8962915290459277
3.7168535800913736
3.327819531114783
3.4594911601991534
2.9139770731827523
2.0
3.943465189601646
3.182005814760214
3.238901256602631
3.3248629576173574
3.3248629576173574
1.3199958387470214
3.4193819456463714
3.155221528859512
3.378783493486176
3.3927474104487847
3.0269868333592873
3.2639334294856344
3.6572682296173897
3.567040216926579
3.698068512058838
3.8941428552353803
3.086048612313038
2.469240782172285
3.8312038814490936
3.3927474104487847
3.323231428797621
3.327819531114783
3.5883543471732335
3.452819531114783
3.5032583347756456
3.240223928941852
3.708132064658602
3.2639334294856344
2.8731406795131336
3.6337592540379697
0.9182958340544896
2.792481250360578
2.625814583693911
3.321104330578489
3.6732696895151076
3.0220552088742005
2.9852281360342525
3.5841837197791886
3.4613201402110083
3.414441303694973
2.7806390622295662
3.085055102756477
3.039148671903071
3.9297954712258902
3.880179922675737
3.084962500721156
3.53641423712223
3.2402239289418517
3.454822399946607
3.584962500721156
3.084962500721156
2.60845859334435
3.056564762130954
3.182005814760214
3.09306920777189
3.7735572622751845
3.3248629576173574
3.797416579791906
2.939829017466402
2.8729055953200557
3.9602415115027823
3.202819531114783
0.0
3.611978658966205
3.8196376232001756
3.106890595608518
3.5993151591839743
2.0617952822287053
2.2568660631091184
2.4131532266749596
2.0
2.941446071165522
3.327819531114783
3.8514097655573916
4.044003363657553
4.1438234070513875
3.8972997175517152
3.419381945646371
3.6074753914554893
3.8573068568981284
3.6424896731661263
3.323231428797621
3.8816273520374094
3.5368867237421666
3.739743887131635
3.3981141762058726
4.010027271803366
2.8553885422075336
0.5907239186406502
0.8262437571709397
0.7732283485249176
0.8166890883150209
3.6635327548042538
2.5220552088742005
4.114451658693682
3.3927474104487847
3.902262113205861
3.5726236638951634
3.927349596717903
3.642371448743902
3.8387599835259096
3.938720871286216
4.038807858258727
1.584962500721156
3.582477697341979
3.238901256602631
3.8559310603016765
3.180832987205441
2.8553885422075336
3.606936732175321
3.493660689688186
3.6133373140453067
2.866247897312731
3.676390632579627
3.7192945256669785
3.8697704638920976
3.2359263506290334
3.9398290174664012
3.6842599054599776
3.885226091760461
3.577819531114783
4.018453957701921
3.4992275417233567
2.794653473544342
3.3927474104487847
3.521640636343319
3.8604735227656666
3.0269868333592873
3.6897037321995465
3.897407226139121
3.7216117239699003
2.918295834054489
3.4548223999466066
3.2516291673878226
3.266332639970623
3.4906015629507228
3.5492553971684995
2.635908397931679
2.5956659472407106
2.5621628580610536
2.5990795706241743
3.697845823084412
3.6060152796207334
3.039148671903071
2.8073549220576037
3.677139104850461
3.749581770147834
3.381620107948735
3.204986855772667
3.334679141051595
3.567024803419185
3.643074189428569
3.889331600755621
3.624171760941957
3.890148753012802
3.621175542919471
3.6978458230844122
3.3464393446710154
2.8553885422075336
2.9735572622751847
3.2516291673878226
3.292770193936991
3.6644977792004623
3.128085278891395
3.459147917027245
3.5535088547976783
3.4464393446710155
3.535174565635903
3.238901256602631
3.3927474104487847
3.605388542207534
3.3263604079526936
3.292770193936991
3.006238928653389
3.378783493486176
3.2516291673878226
3.0850551027564768
3.182005814760214
3.039148671903071
1.4182958340544896
3.521640636343319
3.4970558484728045
2.9928560501604604
2.9312089489103235
3.697845823084412
3.128085278891395
3.5434651896016467
3.219528282299548
3.3082708345352603
3.4992275471326932
3.7607845582978516
3.7671834678914604
3.1395722619867223
3.125
3.446439344671015
1.0892300788425848
1.3520301017579528
0.9463729359854419
1.373599103981152
3.175123135113461
3.0220552088742
3.378783493486176
3.5836169753972325
3.240223928941852
3.381580488309164
3.7216117239699
2.7773627950641693
3.085055102756477
3.4701755214643453
2.9329993066372895
2.984234164652489
3.327819531114783
3.039148671903071
2.625814583693911
3.6572682296173897
3.3342094594480476
4.0935030120381235
3.9541942089806708
1.0
2.2359263506290326
2.251629167387823
3.7954211631219184
3.7219751747165812
3.2810361125534233
3.252305700664045
3.572318494605355
3.7887549139935026
3.8665871058289594
3.8848588918890474
3.09306920777189
3.41041725276052
3.7254805569978675
3.8074355167595253
3.039148671903071
3.824862957617356
3.9763829960394923
3.2516291673878226
2.8453509366224368
3.0269868333592873
2.7773627950641693
3.09306920777189
3.869270297089941
3.8087196973440705
3.7714370294611266
3.9651533651611737
3.715932185515029
3.4104172527605203
3.1775662320965243
3.575888514681297
3.990422248298157
3.6430741894285688
3.2817276788697365
3.051601636871704
3.9718556173989366
3.643074189428569
3.726413965636962
3.0220552088742
3.6800893536948074
3.323231428797621
3.1158340921632197
3.181366328891459
3.32323142879762
3.8116249490005267
3.6978458230844113
3.392147223664534
3.3680424225727155
3.767183467891461
3.3519530742463752
3.882176423606842
2.987090041620335
3.577819531114783
4.040124537855745
4.196834613373055
3.2806390622295662
3.952142719590385
3.084962500721156
4.194920246682829
4.238239317786748
3.926049881536109
3.8212081955432553
3.864958489669849
4.027361098818575
4.075549450011767
4.218680071240587
3.9597387435070277
3.961635388117529
4.095084516506458
3.9585918962912765
3.080500530640267
3.106890595608518
3.5175594295963433
3.7321588913645694
2.699513850319966
3.2359263506290334
3.773557262275185
3.238901256602631
3.3371753411230776
3.246439344671015
3.6798814182820925
3.024397470347699
3.4251185503571397
3.789350619621991
3.180832987205441
2.792481250360578
4.155801545366869
4.1011659538945615
4.096439344671015
4.13036316414118
3.900602511780693
2.845350936622437
3.0130709291038453
4.067808084249761
2.7806390622295662
0.9790231724570173
2.9795739585136225
1.9182958340544893
3.0849625007211556
3.8208888513501886
3.653756708287001
3.4992275471326932
3.4058222502856896
2.688721875540867
4.053100768301588
1.584962500721156
3.7983512260625822
3.1307179879273748
3.1556390622295662
3.0849625007211556
2.4703083326692297
1.1451104143815827
3.7406015629507228
3.1729717955553474
4.0999754622802005
2.7773627950641693
3.589898095464287
3.9219910999331935
3.7971934825323475
3.2516291673878226
3.182005814760214
3.337175341123077
3.256149238118269
3.303701696057348
3.303701696057348
3.319079570624174
0.9905957377152721
3.350209029099897
3.6292196865240958
3.238901256602631
3.291562502003212
3.481714572986072
3.824731125540987
3.842186055004732
4.039719624158507
3.8040063852515473
3.3797060488062796
3.334679141051595
3.875731503204188
3.2810361125534233
3.621175542919471
3.1556390622295662
2.9182958340544896
3.6619328723735824
3.419381945646371
3.8443845322359156
3.6194705707972514
3.7849418274376423
3.238901256602631
3.373557262275185
3.3927474104487847
3.6168746059562227
3.8233624750506108
3.7216117239699003
3.731746181697386
3.772368358901741
3.1307179879273748
3.0850551027564768
3.761406329721843
3.0269868333592873
3.7783347356060615
3.2402239289418517
3.533771256064556
3.4565647621309536
3.175123135113461
3.5724312513221195
1.3250112108241772
4.000722039487239
3.5391486719030705
3.6731466620217685
3.0269868333592873
3.976033054793902
3.877267329884906
3.2608281712244547
3.418295834054489
3.8964924766316833
3.9435492290154492
1.584962500721156
1.6846696209693475
0.8683927290103626
1.0892300788425848
0.9132829641650988
1.207518749639422
1.186278124459133
3.0220552088742
3.6168746059562227
3.0269868333592873
3.2516291673878226
3.9550721224914676
2.2516291673878226
3.521640636343319
3.375
3.3735572622751855
3.188721875540867
3.925410635240724
3.7865221495303647
3.6302753548819777
2.8423709931771084
4.114284900986846
4.164313438884765
1.584962500721156
3.418295834054489
3.0220552088742005
3.454822399946607
3.2946635862096048
2.855388542207534
3.2841837197791888
3.6841837197791887
3.3660913291191914
3.8497439512490796
3.675310868912364
3.182005814760214
3.7198523585646033
2.6235166412180155
3.2516291673878226
3.5220552088742005
3.6518662055062316
3.30827083453526
3.7483943455364033
3.7986777736796427
2.0
3.350209029099897
3.5468488105320475
3.7989462192766963
3.8787912611280673
3.238901256602631
3.430457025500558
4.0024235068722
3.323231428797621
3.601227480952956
3.180832987205441
3.7666285838880698
3.672739321693503
3.422577995321604
3.790889851899316
3.457147485639628
3.894222280811761
3.954774558331024
3.249460279921617
2.610577243331642
3.8659573209491738
3.821239964280212
3.9814739233484597
3.4548223999466066
3.4273334938982645
2.7773627950641693
4.008616228573361
4.065074558534753
3.961294557965098
3.992757268992385
3.683448849228878
3.438721875540867
1.584962500721156
1.643751954420502
3.484183719779189
3.3889641047193417
3.6729972717965285
3.60623892865339
3.6466183754484
3.760784558297852
3.538896214227932
3.7201755214643453
3.5068905956085183
3.446439344671015
2.873140679513133
3.1279868068776753
2.7773627950641693
3.341446071165522
2.3758796451508135
2.1842612638641032
2.133937566094917
1.0
3.3232314287976203
3.0269868333592873
3.0220552088742
3.9518289152328236
3.971218306960711
3.4316235658474303
3.952819531114783
2.8150724101159437
3.373557262275186
3.0220552088742
3.086048612313038
3.576617644908665
3.7201755214643453
3.2806390622295662
3.326360407952693
3.7264741182543757
3.2359263506290334
4.0651657045415535
3.238901256602631
3.180832987205441
1.7187828921272554
2.8962915290459277
1.3108562983864118
3.4676694465277853
2.5654483718208256
2.7516291673878226
3.236857303422074
3.856564762130954
3.5110854081804272
3.601779218186679
3.2516291673878226
2.918295834054489
1.5058762556041068
1.207518749639422
4.030493056757482
3.5
2.918295834054489
3.9032080616476805
3.902662590810499
3.4273334938982645
3.0220552088742
3.738656363227873
3.095795255000934
3.403989446485262
3.0269868333592873
2.875
3.5375665013464546
1.3699740752745009
3.0269868333592873
3.000972825245975
3.697877266450896
3.819909675741442
2.9182958340544896
3.350209029099897
3.7263655546862067
3.3660913291191914
3.188721875540867
3.5743577621291274
3.610577243331642
2.5220552088742005
3.454822399946607
3.084962500721156
3.9128193728462115
2.8073549220576037
3.09306920777189
3.0269868333592873
3.797412539904039
2.584962500721156
3.095795255000934
3.182005814760214
3.1813663288914587
3.7576951816725357
2.8638263900908156
3.373557262275185
3.4392540172118764
3.935935796218897
3.414441303694973
2.8553885422075336
3.337175341123077
3.6163485660751635
2.950212064914747
4.095143619217943
3.243300368538957
3.7091479170272446
3.2516291673878226
1.584962500721156
0.9933927290103626
3.899677289476146
3.742896608419107
3.771437029461126
4.155584323215794
3.257761272487341
1.584962500721156
2.7933451941915166
3.694548827786958
3.085055102756477
3.0565647621309546
3.6168746059562227
3.238901256602631
3.0269868333592873
3.5
2.950212064914747
3.2516291673878226
3.6321294720412847
3.944734891223192
3.679337019673232
3.8441065448145375
3.704038649026763
3.607475391455489
3.084962500721156
3.4906015629507228
3.125
3.933340441068115
3.915400719733289
2.353533948577482
3.5724694587701364
3.5555331514269954
2.931208948910323
3.2359263506290334
3.006238928653389
3.085055102756477
3.584183719779189
3.855904922469694
4.062419087268545
3.4800836951874485
3.4273334938982645
3.1808329872054406
3.0269868333592873
1.2332247882202196
3.2390979179887864
3.006238928653389
3.640223928941852
3.2638091738835464
4.08451119206317
2.725480556997868
4.085537262659802
3.146286370662105
2.6455933144511468
3.077819531114783
3.572431251322119
3.077819531114783
3.5519705475093923
3.945110286984823
3.796726986607588
3.9718506784743104
3.816402716644387
3.792313257884883
3.788754913993502
3.239097917988786
3.1898980954642866
2.8402239289418523
3.534219021180341
3.070847093622518
3.692292816074542
3.3787271036564657
3.9053077763737463
3.3248629576173574
3.0269868333592873
3.890319531114783
3.084962500721156
3.7862800457568473
3.830237069048826
3.30827083453526
3.8957149348842646
3.6689869584530603
3.1068905956085184
3.72128240643352
3.642371448743902
3.3061706517091873
3.653756708287001
2.866587105828959
3.074875775583769
3.4548223999466066
3.4548223999466066
3.7889103150374495
3.7821222241453065
3.443856189774724
3.182005814760214
3.413088436425757
3.6887218755408675
2.866247897312731
3.5975583870244887
3.2806390622295662
4.093152427133309
3.3927474104487847
3.7887549139935026
3.8157353469153334
1.1451104143815827
2.6535442970305683
4.067175710079926
3.905982458849184
3.3248629576173565
1.0
3.703107389490862
3.889122892960005
0.0
3.7843684875968617
3.182005814760214
3.375
3.882045108136863
3.879664004902593
3.6818808028034016
3.7336606896881843
3.366091329119192
3.4357554339416274
3.855388542207534
3.3735572622751846
3.958229168669879
3.7671834678914604
3.0850551027564768
1.584962500721156
2.9735572622751856
3.5944656369614516
2.625814583693911
3.769123129665543
3.9908308588083368
0.0
3.5763531433262643
3.757933776546973
3.568623375352246
2.893173940966429
1.584962500721156
2.8553885422075336
3.6841837197791887
3.169925001442312
3.0850551027564768
2.7516291673878226
3.373557262275185
3.327819531114783
3.2810361125534233
3.299896391167891
3.4613201402110083
3.8035088547976783
3.039148671903071
4.09638989860392
3.1556390622295662
3.739572261986723
3.468576629687865
3.6625732651509115
3.508621780036165
3.4992275417233567
3.453626767019874
3.876241860460979
3.501397825434103
3.48582592784901
2.973557262275185
3.386266142526533
3.6136085007312415
3.0220552088742005
2.8553885422075336
3.4144413036949723
3.481714572986072
3.7887549139935026
3.5383105956150054
2.950212064914747
2.625814583693911
2.688721875540867
3.927728496991401
3.4548223999466066
2.889549430862088
4.062473816728566
1.584962500721156
2.952819531114783
3.0850551027564768
3.5
3.202819531114783
3.5724312513221195
3.3927474104487847
3.549405656230163
3.125
1.0389205950315936
3.6644977792004623
3.7950885863977324
3.240223928941852
3.09306920777189
3.6841837197791887
3.881727678869736
3.3248629576173574
2.9689185639620974
3.2516291673878226
2.8073549220576046
3.663870978469273
3.8441065448145375
3.189898095464287
3.4947396630551757
3.039148671903071
1.0985931293078959
3.0
2.873140679513133
3.0503018554349812
2.6258145836939115
3.323231428797621
0.7345299214394703
1.2577148214953864
3.602910079649727
3.202819531114783
3.36030597770208
3.358534669080537
3.3680424225727155
3.9061983328100944
3.1462863706621045
3.381580488309164
3.202819531114783
2.699513850319965
3.628072996388509
1.2363864108712896
3.6841837197791887
3.6477426785812734
2.8553885422075336
2.8150724101159437
3.0269868333592873
3.418295834054489
3.5068905956085183
3.3816201079487347
3.382568083276076
3.1279868068776753
3.41041725276052
3.355388542207534
3.5766176449086653
3.77850207357611
3.14163540772496
3.378783493486176
3.4266160458809476
3.627094121383697
3.978864088188096
3.5726236638951634
3.959892615698614
2.212503842372268
1.7924812503605785
3.3927474104487847
3.4548223999466066
3.2359263506290334
3.326360407952693
3.1692486956952335
3.238901256602631
3.5883543471732335
3.5465935642949384
3.0269868333592873
3.871379278161679
3.7286435422804933
3.2221915755066775
3.369331261111518
3.532573257502619
3.475909377088532
3.348798912202497
3.767380261157216
2.7773627950641693
3.0957952550009344
1.0
3.9134007456613777
3.172810733519864
2.8464393446710154
1.0
3.443856189774724
2.774397470347699
3.084962500721156
3.843960103136801
3.7040666699654508
3.739572261986723
3.6841837197791887
3.0849625007211556
3.039148671903071
3.654263725997023
2.8553885422075336
3.7811056387164776
3.425118550357139
3.7254805569978675
3.493660689688185
3.408694969562842
2.8855130303998817
3.5681275290559626
3.565448371820825
3.2618423904633667
3.593657665390962
3.7481774047267544
3.368042422572716
3.6049224895866128
3.181366328891458
3.5800503514647377
3.3735572622751864
4.114393975022387
3.506890595608519
3.94811065180329
3.085055102756477
3.620571577105421
3.6572682296173897
2.6612262562697895
2.7534343861887853
3.3927474104487847
3.972094405563009
3.553009805371846
3.846206197056866
1.5058762556041068
3.2359263506290334
2.8553885422075336
3.180832987205441
2.840223928941852
1.0892300788425848
3.2810361125534233
3.459147917027245
1.5394847569315018
3.348436818791725
3.2359263506290334
3.013070929103845
3.384183719779189
2.396240625180289
2.584962500721156
2.5232314287976205
3.4980685120588384
3.5453901555056944
3.4904899929157236
3.645329225109884
3.4188897183629865
3.357940069891261
3.204986855772667
3.077819531114783
3.3787271036564652
3.371082575453192
3.3179688596721895
3.0545851693377997
3.566034715202465
2.692380602454975
3.536231003227369
3.5290492883576814
3.5643076491155727
2.794653473544342
3.621601857484922
3.240223928941852
3.494048882815449
3.596808378586669
3.578066625724992
2.4182958340544896
3.459147917027245
3.5587053926162437
3.5474796281032157
3.2501026694564072
3.2947396630551755
3.6354359416499062
3.420554630318644
3.4472624994412104
3.503319863275199
3.4936463588867017
3.403107168362811
3.625807235905091
2.931208948910323
3.4468074086707277
3.180832987205441
3.579782696284456
3.36030597770208
4.070843919155634
1.0
3.2516291673878226
3.4992275471326932
3.381580488309164
3.378783493486176
3.238901256602631
3.9282614993168163
3.5225715891363594
3.577819531114783
3.5841837197791886
3.8214419452073267
3.7201755214643453
2.71929452566698
1.2366407419411674
3.8708563429591853
3.559079570624174
3.5032583347756456
3.861983513035609
1.6258145836939115
4.044416195596833
3.8675365325772657
3.565448371820825
2.663532754804255
3.381580488309164
3.802753141601364
3.2359263506290326
3.457867131472586
4.048145909806857
3.512479270691232
3.739572261986723
3.694548827786958
3.4039894464852614
3.378783493486176
3.039148671903071
3.2414460711655217
3.238901256602631
3.7068581122623816
3.5739348962840563
4.123622046600263
3.865066422584242
3.323231428797621
3.4992275471326932
1.2987949406953985
1.2475562489182659
3.8942345965132508
3.8030006965535725
1.584962500721156
2.923231428797621
3.0269868333592873
3.7254805569978675
3.4474015047059137
3.4992275471326932
3.708132064658602
3.3787834934861767
3.5985060171872245
3.9693045338729624
3.921373967150609
2.751629167387823
3.2089873002587996
3.77850207357611
2.8553885422075336
2.9182958340544896
3.3825680832760763
3.6115854318374305
2.9705730958116847
3.182005814760214
3.006238928653389
3.8383880889976396
1.584962500721156
2.8731406795131336
3.0269868333592873
3.684183719779189
3.2516291673878226
3.3680424225727155
3.378783493486176
3.0269868333592873
3.413088436425757
3.166835415339844
3.1076013115120564
2.221251836004466
4.046628409371985
4.105336460303804
3.200910279509528
3.189898095464287
2.6062389286533896
3.2402239289418526
3.4316235658474303
4.0775755681209045
3.995858148845683
3.106890595608519
2.950212064914747
3.2359263506290326
2.625814583693911
4.008340007104245
1.584962500721156
3.084962500721156
1.0408520829727552
3.729258579160562
3.180832987205441
3.3263604079526936
3.601743956189447
3.8398227820087545
3.0130709291038453
3.1158340921632197
3.875008185571583
1.5
2.8962915290459286
3.188721875540867
3.606936732175321
3.8073549220576055
3.708132064658602
3.378783493486176
3.09306920777189
3.3446983751597124
3.4992275471326932
3.8868421881310122
3.4039894464852614
3.1751231351134614
3.3263604079526936
3.2728043273346206
3.180832987205441
3.495311513012887
2.9834585933443494
3.6732696895151076
3.240223928941852
3.8042292966721747
3.6764409086968683
3.25
3.0849625007211556
3.056564762130954
3.4723248916786287
3.686419411348773
3.4992275471326932
3.760421209521994
3.933964195340756
3.5035391228040247
4.0226394611541885
3.902174814211727
3.915879055403402
2.9182958340544896
3.3927474104487847
3.375
3.587858798299508
3.4182958340544896
3.2402239289418517
3.503258334775645
3.4771752334356236
3.829081540788489
3.1898980954642875
2.973557262275185
3.558953210005306
3.546593564294939
3.5814447879326115
3.634485231079872
4.14564721724714
3.2516291673878226
3.2516291673878226
3.797902689682947
3.2927701939369904
3.1898980954642866
3.78017915789576
3.748994803525097
3.0982558001930784
3.8484226636198597
3.7030407100708658
3.5535088547976788
3.2673757978160416
4.082191889576797
4.101884047221174
2.984234164652489
3.5575772716083085
3.990586380385236
3.9881447716419975
4.10638971180957
3.0286393118385755
3.4548223999466066
3.922022278619954
4.0672606548594334
3.697845823084412
3.740601562950723
4.087572009369555
3.1037016960573482
3.292770193936991
4.034183322580212
3.767183467891461
3.292770193936991
4.028404228747304
3.5834012221831086
3.447401504705915
3.4989826541703555
3.419381945646371
3.319773835029478
3.375
3.830811040575054
3.090199876515856
3.841637650343548
3.881005488054637
3.732449797713433
3.351227480952956
3.454822399946607
3.9669878964006435
2.873140679513133
3.7635039301235924
3.6319581039002027
3.940351042928689
4.054047012067739
2.8731406795131336
3.512188403968661
3.955538303252881
4.022641704963307
4.095496553649132
3.73215889136457
2.8962915290459277
3.41379956460568
3.180832987205441
3.7681769890054184
3.8400182662886326
3.5144093452479406
3.863465189601646
3.577711327707613
3.9261085007312415
3.180832987205441
1.584962500721156
3.686280045756847
3.9011462208004106
4.051018515410394
3.6412498004554785
3.6449968792270675
3.5351745656359026
3.932338453364249
3.1279868068776753
3.6841837197791882
3.337175341123077
2.8073549220576037
3.30827083453526
3.744203568311812
3.2359263506290334
3.708132064658602
3.068030335864211
3.835545858410392
3.6729972717965285
4.17969537866175
4.127599861740287
4.142529194480811
4.1871564131893315
1.5
3.729000584832351
4.070688751465188
4.003722862822061
4.030524061247231
3.5743577621291283
3.940351042928689
4.003086219029957
3.6045202245954684
3.4185886460613313
3.100916685694772
3.7356660681024443
4.0049960966587985
3.6872512324034847
3.3927474104487847
3.238901256602631
3.202819531114783
3.238901256602631
2.5220552088742005
3.0269868333592873
3.0220552088742005
3.4219280948873623
3.974937501201926
3.824533406881911
3.6898227820087546
3.9032080616476805
3.9435492290154492
2.0
3.0850551027564768
3.3927474104487847
3.663532754804254
3.625
3.503258334775645
3.2359263506290334
3.418295834054489
3.084962500721156
3.6143694458867563
3.189898095464288
3.7216117239699003
3.7849418274376423
3.521640636343319
0.8467005790954815
0.9182958340544896
1.094877864815888
3.085055102756477
4.060913661896352
0.0
3.239097917988786
3.240223928941852
3.8042292966721747
3.056564762130954
3.5724312513221195
3.521640636343319
3.893662232510454
3.456564762130953
3.5001530166977126
1.9679074521481286
3.0130709291038453
3.0849625007211556
3.883523033290546
3.501629167387823
3.8997060248127347
3.5005186859044795
3.7124145846972665
3.9085160886604977
3.9723064058771302
3.1556390622295662
3.978982044532085
4.030529125529358
2.0
2.8729055953200557
1.0389205950315936
3.180832987205441
3.3371753411230776
3.180832987205441
3.521640636343319
3.3680424225727155
3.5068905956085183
3.238901256602631
3.084962500721156
1.4108478748063633
3.3927474104487847
3.3921472236645345
3.9225895736416696
4.001316537160792
3.419381945646371
3.2866294867861954
2.8962915290459286
3.3263604079526936
3.2359263506290334
3.3940879961000467
3.4474015047059154
3.0565647621309537
0.8166890883150209
1.2577148214953864
0.8166890883150209
1.442508097190614
3.2516291673878226
3.292770193936991
3.1952959344962166
3.09306920777189
3.084962500721156
4.0036558093461245
3.5137847242254345
3.1084585933443494
2.8553885422075336
3.4906015629507228
3.0849625007211556
3.6761085007312415
3.64696666827365
3.7189532820450215
3.5519705475093923
3.139572261986723
2.8073549220576037
3.09306920777189
3.632048827786958
3.6283621207766186
3.636842188131012
3.739572261986723
3.169925001442312
3.016875695766564
3.753434386188784
3.4137995646056805
3.4817145729860726
3.6301203477506627
3.0220552088742
3.5280643115840493
3.820888851350188
3.5220552088742005
3.5110276044371007
3.59448250651942
1.3346791410515946
1.3520301017579528
1.3520301017579528
2.6313817485138102
3.0611431414174888
2.6395289495613405
2.7684702105170085
3.0269868333592873
2.500795788990975
2.5825565052373305
2.524397470347699
2.688721875540867
3.084962500721156
0.9852281360342515
3.572469458770136
3.642371448743902
1.0408520829727552
3.0220552088742005
3.1898980954642866
3.1556390622295662
3.576617644908665
3.180832987205441
3.188721875540867
3.686869696109744
1.584962500721156
3.006238928653389
3.787301737252941
1.584962500721156
3.8527277834538576
2.7516291673878226
3.327819531114783
3.2927701939369904
3.106890595608518
4.0656541639761965
1.0
3.2607845582978525
3.051601636871704
3.741467880199449
3.3735572622751855
3.6168746059562227
3.454168410357404
3.8924518533802868
3.692279682039657
3.599665973303956
4.096562083645507
3.429275070710713
3.560517342400527
2.0
3.581444787932611
3.7842897528558
4.108598354072754
3.6472139745833534
3.6553362295323457
3.803078447433318
2.0
3.606238928653389
3.9891762057441666
1.5
3.373557262275185
3.0269868333592873
3.084962500721156
3.881901595932633
4.060322524573141
3.4634651896016466
3.418295834054489
4.032303242743954
3.671405583442497
3.521640636343319
3.4039894464852614
3.653756708287001
3.1464393446710153
3.4992275471326932
2.7898980954642876
3.6274130541413157
2.8000446184790095
3.265583322887733
3.675310868912364
3.8060504249269864
3.32323142879762
3.9914485795561716
3.327819531114783
3.4144413036949723
3.640319531114783
3.057476076289932
3.9450204882215205
4.167977385192671
3.9609630867944334
3.6280852788913944
3.3908054820769817
3.375
4.008980843707395
3.3248629576173574
3.4830066213181374
3.512460773112119
4.070228705115422
3.771142620598473
3.077819531114783
3.427333493898265
3.0306390622295662
2.8729055953200557
3.767375797816042
3.2516291673878226
2.9477027792200903
3.509275070710713
3.3239348962840563
3.7967269866075886
3.1751231351134614
3.4794912393957187
3.4790795706241737
3.7201755214643453
3.836600340868551
4.079694235359527
3.375
3.9653939130033367
4.023525097447289
3.5068905956085183
3.239097917988786
3.8268748818646365
3.419381945646371
3.182005814760214
3.546439344671015
3.512188403968661
3.251629167387823
3.6835423624332306
4.14163196199293
3.572431251322119
3.197159723424149
3.572623663895163
3.1751231351134614
3.180832987205441
0.7732283485249176
4.011601061606062
2.9232314287976204
3.6424896731661263
3.5676145660496594
3.327819531114783
3.7356660681024443
3.630985019785137
3.003701696057348
3.96463875721284
3.5555331514269954
3.1898980954642875
3.7950885863977324
3.47450498810543
3.838039816898156
3.5865692464606247
3.796960730356964
3.3176004964014654
3.979251096591299
4.044084203599106
2.9312089489103235
3.327819531114783
3.0269868333592873
2.9852281360342516
3.2195282822995477
3.3192210200405134
2.976393716220583
2.8584585933443494
3.0172732441726597
2.873140679513133
2.8423709931771084
2.866247897312731
3.426616045880947
3.5068905956085183
3.714099056494466
3.8053975551948964
3.25
3.334679141051595
3.4906015629507228
3.7849418274376414
3.6976032411247153
3.969607339117404
3.740601562950723
3.644190557420919
3.350209029099897
3.0269868333592873
3.957294029027326
3.6692750707107122
3.039148671903071
3.9678617577018853
3.7154535460473683
2.8553885422075336
3.390805482076982
3.0269868333592873
2.950212064914747
4.1522539765681925
4.024673896771551
4.0061983328100945
3.5535088547976788
3.9875820040073267
3.845090221141197
3.7917443081132576
3.101508755867878
3.721928094887362
3.542481250360578
3.542837797403416
3.628220276032146
3.077819531114783
3.2639334294856344
3.5175594295963433
3.7841837197791888
3.2359263506290334
3.737326145256008
0.6998428398862386
2.2844763510411217
2.357549851266366
2.792481250360578
3.9501068833870843
3.317640005966217
4.18225715267331
2.0
3.5039824091702343
4.0631449409815765
3.745686101443725
3.8272477493878947
3.8456631498513816
3.7848977027564086
3.189898095464287
3.9872178475009488
3.6335059949783677
3.1728107335198645
3.461320140211008
2.8553885422075336
3.41379956460568
4.085991138213566
2.9219280948873623
3.946103029800086
1.0
3.8330230681415416
3.3973683589017414
2.75
1.9219280948873623
3.4992275471326932
2.5032583347756456
3.521928094887362
4.039401567164746
3.6986248721545842
4.050147279309246
3.084962500721156
0.0
4.116520390783108
3.0306390622295662
4.079376252403202
2.66122625626979
3.993863283154852
3.604031754555149
2.4591479170272446
4.123511679683243
4.128894119085525
3.2437357573361987
3.646439344671015
3.8900892339739785
3.238901256602631
0.0
3.180832987205441
3.932138039759373
3.6553362295323457
4.070861505025196
3.6835423624332306
3.7983512260625822
3.084962500721156
3.221097250057957
3.378783493486176
3.2516291673878226
3.543465189601647
3.085055102756477
0.951994081908783
3.3263604079526936
3.4077612383550604
3.238901256602631
1.069406651392922
1.1981174211304033
1.1137164269880662
0.982603209743067
1.0425614830259233
2.5220552088742005
2.8962915290459277
3.3444569352411984
3.948420322246837
1.311278124459133
2.923231428797621
1.207518749639422
2.699513850319966
3.2810361125534233
4.139460876028361
3.5966744634239802
3.8276689876554344
3.4594316186372973
1.9219280948873623
3.5032583347756456
3.355388542207534
3.88614658824991
3.708132064658602
3.4745359609194333
3.7343227933515837
3.6151713102472964
2.084962500721156
3.8812270043014787
2.789898095464287
3.578056483244308
3.821520773344194
3.2359263506290334
3.65041030517399
3.7417292966721747
2.9242735454782633
2.9281522116014185
3.989778500580689
0.0
0.9463729359854419
1.3520301017579528
2.688721875540867
3.640223928941851
3.5068905956085183
3.350209029099897
3.248365046750904
3.6339740759971577
3.2733494559629497
3.3190795706241736
3.0220552088742
3.182005814760214
2.617492461184755
3.1692486956952335
3.5424812503605785
3.8711781263822154
3.6711499390701863
3.1416192081839793
2.725480556997868
0.9182958340544896
3.9857553604610656
0.9182958340544896
3.09306920777189
0.8180959929710641
4.055025246485997
3.615263041688729
3.6128786893420304
3.9072983469214284
3.169925001442312
3.084962500721156
3.219528282299548
4.08956386350711
3.236186283255413
3.6069367321753214
3.9983456856067416
3.742468356211872
3.827743364402371
1.5
3.188721875540867
3.368042422572715
3.753269689515107
3.106890595608519
3.624379701651112
3.602316558505553
3.2806390622295662
3.337175341123077
3.375
3.8048276083098167
3.517559429596343
3.182005814760214
2.7773627950641693
3.8208888513501886
2.9852281360342516
2.9232314287976204
3.3927474104487847
3.1898980954642875
3.546439344671015
3.182005814760214
3.327819531114783
2.6612262562697895
2.8553885422075336
3.606633810037928
3.452819531114783
3.584183719779188
3.039148671903071
3.3401998765158556
3.5319412055466586
3.4772170014624826
2.9852281360342525
3.2608281712244547
3.080500530640267
3.085055102756477
3.6168746059562227
3.41041725276052
3.7294461949052566
3.5
2.8553885422075336
3.3034651896016465
2.984234164652489
3.0220552088742
3.09306920777189
3.084962500721156
3.607017709595356
3.7267305709485976
3.605388542207534
3.4634651896016466
3.554229296672175
3.344698375159713
3.0130709291038453
3.0269868333592873
3.180832987205441
3.452819531114783
1.188721875540867
3.821356722055469
3.833269689515107
3.0565647621309537
3.039148671903071
3.084962500721156
3.128085278891395
3.085055102756477
3.7978644417216083
3.86836705415663
3.665685379716417
2.739572261986723
3.8787912611280673
3.5178941476196233
3.106890595608519
1.1951184583080539
1.2916919971380596
3.7754758472091443
3.188721875540867
3.503258334775645
3.5
3.428451901351319
3.189898095464287
2.923231428797621
3.2516291673878226
3.751842980332944
3.9883167106100115
3.0269868333592873
3.61460514492419
3.5225715891363594
3.5670402169265785
2.1258145836939115
3.4885252948977485
3.180832987205441
2.355388542207534
3.653660689688185
3.5585186130489057
3.4014228908019635
3.2733494559629492
3.7487914677777425
3.0220552088742
3.6536606896881856
3.3232314287976203
3.084962500721156
3.4263674884732263
3.3927474104487847
3.202819531114783
3.572431251322119
3.238901256602631
2.6612262562697895
3.6316501552834284
3.326360407952693
3.615817594675933
3.9091598586362752
3.668384446476143
4.060303602030242
3.4859175795054957
3.350209029099897
3.6897339458960405
2.0
2.7192945256669794
3.8824736246372256
4.1466007154632045
3.4613201402110083
3.4802406727521933
4.077715447225512
2.7274972248524723
3.653756708287001
3.6012274809529563
3.630412660873998
3.754441845713345
3.896291529045928
3.3263604079526936
3.733660689688185
3.576617644908665
3.350209029099897
3.2402239289418517
3.039353872167201
2.9689185639620974
3.4613201402110083
3.5319412055466595
3.583616975397233
3.189898095464287
3.586887840995814
3.874669710245348
3.7050540796780407
3.46610072007239
3.442862165155466
4.079267065068661
3.9057645846554525
3.2810361125534233
3.842370993177108
3.103701696057348
4.078474481146589
3.7935451893704855
3.9104404952185816
3.9764499732851237
3.994626619926348
3.202819531114783
3.5068905956085183
3.238901256602631
3.427333493898265
3.7950885863977324
2.8453509366224368
3.238901256602631
3.844689616969521
3.7887549139935026
3.452819531114783
2.721928094887362
2.0
3.753434386188785
4.056932522195594
1.584962500721156
3.923260324862779
3.797098570668676
3.689703732199547
3.851823225551766
3.1555650133297184
3.085055102756477
3.6887218755408675
2.7192945256669794
3.9552918860179607
3.7979026896829464
3.5724312513221195
3.4613201402110083
4.020753339890412
3.952819531114783
3.9958918078393166
2.952819531114783
2.8150724101159437
0.0
3.8325595218420787
3.2359263506290334
3.125
3.5351745656359026
3.5440979071061225
3.0269868333592873
3.0220552088742
4.070430309819259
3.671149939070186
3.0269868333592873
3.5615947670885153
1.207518749639422
3.6309850197851365
3.4472624994412104
1.7841591278514217
2.466247897312731
1.8702538164316223
1.9508257945180885
2.107735252622104
2.3329145639793976
1.9399824743635556
2.7192945256669794
3.086048612313038
3.182005814760214
3.4565647621309536
3.8936606896881854
3.6168746059562227
1.1050139971135322
3.572469458770136
3.392747410448785
3.5
3.4806643526848333
3.9059791299831015
3.6053885422075345
3.959268785352531
1.3472230399326601
3.238901256602631
3.327819531114783
3.180832987205441
3.856474653799415
3.03856233607563
2.872905595320056
3.5421176810056703
3.911906275415802
3.180832987205441
3.9829213398601384
3.202819531114783
3.6901165175936654
3.642371448743902
3.675217408288465
3.232101804845413
3.238901256602631
3.536886723742166
3.5585186130489057
3.5931390622295662
3.2321018048454135
3.085959001836323
2.6235166412180155
3.0220552088742005
3.584303179346712
3.1692486956952335
3.3532696895151077
3.9681390622295667
3.6069559677688803
3.3056450063529996
3.2089873002588
3.3696617034472216
3.8791840267063553
1.584962500721156
2.374556048381884
2.6078612261419973
2.607861226141998
2.7813172094432987
2.6946276868547967
2.7695314274204135
2.63134718046737
3.5362434129830604
3.084962500721156
3.5434651896016467
3.3005590923909534
3.9723845232183477
3.734521664779752
3.3248629576173574
3.3927474104487847
2.9686657819177587
3.085055102756477
3.8450302260279696
0.9182958340544896
3.3232314287976203
3.2037016960573483
2.9689185639620974
3.375
4.028842402485209
3.681880802803402
3.4992275471326932
3.694739663055176
3.459491160199153
3.381580488309164
3.544880681317119
3.4594705707972513
2.0
3.7045348998193433
3.039148671903071
3.7576856586254093
3.4677201004745006
3.572469458770136
3.375
3.935857705606
3.7683171311487866
3.9899868939197343
3.4104172527605203
3.81385063336894
3.2866294867861954
2.8553885422075336
2.8816930795665017
3.909011681827768
3.506890595608518
3.6171845234969617
3.9097806365758876
3.7817802981463395
3.056564762130954
3.6168746059562227
3.8279097821439705
3.748994803525096
3.553763114472245
3.8492239123906247
3.9736606896881845
3.7970421653407156
3.5572958738405696
2.8150724101159437
2.6535442970305683
3.77850207357611
2.9928560501604604
3.3787834934861767
2.8337909488168282
3.843856189774724
3.1049034313963215
3.7309142981737837
3.1377226960166995
3.373557262275185
2.9450386975402445
3.569773835029478
3.084962500721156
3.6321921215711934
3.9643955295262856
3.8061983328100943
3.350209029099897
3.25
3.3232314287976203
3.3660913291191914
3.4316235658474303
3.615922063835167
3.2516291673878226
3.661226256269789
3.6635327548042538
3.4992275417233567
3.675310868912364
3.5
3.238901256602631
1.5546097612655667
1.4182958340544896
3.327819531114783
2.9852281360342516
3.4548223999466066
3.1556390622295662
3.1556390622295662
3.1555650133297184
3.4613201402110083
3.8588029144615943
2.873140679513133
3.182005814760214
2.9339545780481746
3.4980685120588384
3.3005590923909534
4.093156759106996
3.735281416219837
3.5841837197791886
3.3927474104487847
2.521782221599798
3.5068905956085183
3.895150920140013
3.1895084675586194
3.3908054820769817
2.763865121950854
3.9323752852123595
3.375
3.610577243331642
3.9414112774413756
1.584962500721156
3.2516291673878226
2.952819531114783
3.498068512058838
2.8731406795131336
3.5860486123130375
3.601306223221492
3.2878662772365086
3.732308225332477
3.4685766296878655
3.782122224145306
3.326360407952694
3.4387218755408675
3.7723248598471266
3.4565647621309536
3.5824554315901755
3.3927474104487847
3.52257158913636
3.621175542919471
3.6619328723735824
3.589898095464287
3.155565013329718
3.8855881298100243
2.8423709931771093
3.8634651896016456
3.6415434454053344
3.6247262095042956
3.565448371820825
1.207518749639422
2.9852281360342525
1.0408520829727552
3.0850551027564768
3.2280729963885095
3.5664280318460246
3.748613555167871
3.169925001442312
3.3838080947739586
3.7356660681024443
2.7773627950641693
3.521640636343319
3.0269868333592873
3.373557262275185
3.511085408180427
3.731746181697386
3.969001629875993
3.182005814760214
3.8980685120588388
3.039148671903071
3.322179345516667
3.74532156572748
3.6644977792004623
3.4039894464852614
3.6096684774198886
3.5726236638951634
3.4548223999466066
2.8150724101159437
2.8553885422075336
3.3841837197791884
3.625
3.286629486786195
3.6841837197791887
3.375
3.6053885422075345
3.697845823084412
3.2359263506290334
1.0
3.039148671903071
3.010570934268483
3.356492413796823
3.4523580009320907
3.5166129023814054
3.5388976762732547
3.182005814760214
3.475279729404084
0.8030717273241024
0.6143694458867568
2.649397470347699
3.48582592784901
3.2841837197791888
3.238901256602631
3.5
3.085055102756477
2.8553885422075336
3.125
3.5231413204660815
3.5068905956085183
3.4548223999466066
3.337175341123077
3.772703618446691
3.726880829872232
3.5132696895151074
4.061302261398208
1.0
3.7801791578957604
3.7871439606981383
3.683856189774724
3.182005814760214
3.506890595608519
3.5724312513221195
3.5110854081804264
3.375
3.501397825434103
3.720128777433187
3.4613201402110083
2.7773627950641693
2.9182958340544896
4.018884391699704
3.292770193936991
3.5804621997271013
4.14206351737845
3.6732696895151076
3.4488840705376353
3.576617644908665
3.2195282822995477
4.144486390291913
3.8511494238930326
4.0550252464859975
3.630985019785137
3.824533406881911
3.82017597897445
2.8152023999804863
3.7671834678914604
3.978888065195423
0.9463729359854419
3.2359263506290334
3.7216117239699007
3.077819531114783
3.5585186130489053
3.3716535224393334
3.2516291673878226
4.00799441649887
3.0220552088742
2.918295834054489
3.5849625007211565
3.833947994042373
2.9852281360342516
4.087700688141324
2.9016094970590274
3.841637650343548
3.4613201402110083
2.8423709931771093
2.8152023999804863
3.8132065289617665
3.449570165325403
1.584962500721156
2.7274972248524723
3.663532754804254
3.337175341123077
3.513269689515108
3.260828171224456
3.265319531114783
3.182005814760214
3.772055208874201
3.0311161724560187
3.239097917988786
3.2359263506290334
3.2390979179887864
3.426150431961057
3.965767338999076
3.7871439606981383
2.660129752633257
3.7898980954642876
1.2806721295208872
3.3248629576173574
3.0269868333592873
2.9056390622295662
3.00623892865339
3.446439344671015
3.286629486786195
3.4613201402110088
3.373557262275185
3.182005814760214
3.197159723424149
3.3908054820769813
2.9312089489103235
3.783666028691723
3.7360069464476573
3.238901256602631
3.6069367321753214
3.9677201004744993
3.5780011510322707
3.675469114815021
3.456564762130953
1.207518749639422
3.1009166856947723
3.141619208183979
3.868051015926778
3.821311940104173
3.0269868333592873
3.610509293458489
3.973700296182998
3.5039824091702347
0.0
3.7227942501741405
3.4193819456463714
3.854794906742941
3.546880788794847
3.978266505166421
3.1644977792004614
3.539148671903071
3.039148671903071
3.180832987205441
3.8317250396069755
3.797124801861459
3.7232314287976207
3.2806390622295662
3.628085278891394
3.5585186130489053
3.6761085007312415
3.559900001923084
2.7898980954642867
3.0269868333592873
3.2841837197791888
3.751629167387823
3.32323142879762
3.4548223999466066
3.9579758225610577
3.3248629576173565
3.6069367321753205
3.5363072616166913
3.292770193936991
3.4992275471326932
2.950212064914748
4.058724090343295
3.292770193936991
3.056564762130954
3.826716623501108
4.091102265718696
2.321928094887362
3.4548223999466066
3.375814583693912
2.910992253015046
3.2195282822995477
3.3918926446809317
3.8727866682147387
3.221928094887362
2.9139770731827523
3.5654483718208247
3.767183467891461
3.9104404952185816
3.4314134569803287
3.459147917027245
3.816856686124956
3.9994581877843993
3.8403675394735783
3.438721875540867
1.584962500721156
3.384183719779189
4.072376775495455
1.2908520829727552
1.6772390289896693
2.9219280948873623
2.251629167387823
3.334679141051595
3.0565647621309546
4.042849641612392
3.100916685694772
3.1307179879273748
3.5867749867827947
3.513269689515108
3.932138039759373
3.7639657428240816
2.8954238702803154
3.6854724382315873
3.4992275471326932
3.085055102756477
3.9594862378055042
3.3521355399069055
3.7974276599871994
3.773504130742206
3.8695232201731815
0.5235878925732217
2.2608203181716595
3.196154780932867
3.803226566714246
1.0408520829727552
1.0892300788425848
3.5225715891363603
3.0269868333592873
3.180832987205441
3.5032583347756456
3.5944656369614516
3.039148671903071
3.8349625007211565
3.504123773197531
3.974536289433514
3.9758143689675767
0.0
3.2359263506290334
2.8731406795131336
3.734521664779752
2.6612262562697895
3.7483286603655737
3.708966082694623
3.621928094887362
3.5599000019230838
3.1761102515172537
3.601125010956985
3.663532754804254
3.4104172527605203
1.775523493673489
2.9312089489103235
3.803078447433318
2.0
3.327819531114783
3.690296503327815
3.238901256602631
3.456564762130954
3.6163485660751635
3.832560875056691
3.7409532604048397
3.625
3.220175521464345
3.711080496244278
3.7150637200672616
3.375
3.9287503069001293
3.6868606710491116
3.788754913993502
3.378783493486176
3.2402239289418517
3.0565647621309537
2.968918563962097
3.384183719779189
3.946039829247813
2.0
2.918295834054489
3.6105772433316417
3.584962500721156
2.918295834054489
2.9834585933443494
3.006238928653389
3.625
3.2639334294856344
2.8553885422075336
2.4591479170272446
3.6764409086968683
2.0
3.0
3.0220552088742005
3.512188403968661
3.5550365325772657
3.6707381969730632
3.0071964896856174
3.493415261511253
3.8083044247034943
1.0
3.32323142879762
3.239097917988786
3.426367488473226
2.9852281360342516
3.5464393446710156
3.673269689515107
3.146439344671015
3.3787834934861767
1.0892300788425848
3.948934896284056
3.625
3.6818808028034016
3.454822399946607
3.680089353694807
3.384183719779189
3.463465189601646
3.2402239289418517
3.3787834934861767
3.810081020521731
3.606936732175321
3.9377519554085865
3.7662934653995035
3.6234651896016468
3.782122224145306
3.661226256269789
3.784829508503261
1.584962500721156
3.209147917027245
3.3273399000835084
3.095795255000934
3.684183719779189
3.085055102756477
3.044110417748401
3.5936576653909618
3.690260390968384
2.9037016960573485
3.8729055953200557
3.810144243714968
3.80871969734407
3.9155803954675146
3.2516291673878226
3.952216429463629
3.0269868333592873
3.6928331995014574
4.0215450613514365
4.107479620169442
4.030499814256865
3.9425697640555133
2.8150724101159437
4.0165844501442605
3.2583552074758138
3.4685766296878655
3.3248629576173574
3.957194578488401
3.789898095464287
3.8908054820769826
3.789898095464287
4.135418888074044
2.730467373953645
3.3908054820769813
3.9179507400789437
3.8774476219764016
0.9182958340544896
3.0027306496358537
3.1940879961000466
3.1018812234760182
3.606936732175321
2.858278308418045
3.536886723742166
3.6421498816369033
3.182005814760214
3.8509489735616422
3.006238928653389
3.2402239289418513
3.0220552088742005
3.0220552088742005
2.8955056206115373
3.0220552088742
3.7256507561120937
3.7409532604048397
3.3248629576173574
3.100916685694772
3.838640175840677
3.997202056132808
3.189898095464287
3.1556390622295662
4.009078993879584
1.6780986942499818
3.6143694458867563
3.0565647621309533
3.3082708345352603
3.7748395917476723
3.2402239289418517
3.5841837197791886
3.182005814760214
3.594465636961452
3.555533151426996
2.8553885422075336
3.507127352180222
3.7841837197791888
3.616348566075163
2.9735572622751856
3.080500530640267
3.3927474104487847
3.202819531114783
2.895423870280316
3.6437763910523584
4.059508836993696
3.461761645524448
3.7671834678914604
3.545970256936121
3.446439344671015
1.584962500721156
3.0463811129458835
3.7360069464476573
3.736006946447657
1.1981174211304033
3.572469458770136
3.378783493486176
3.5
3.0220552088742
2.706890595608519
3.084962500721156
2.899397470347699
3.077405811425517
3.452819531114783
3.7593620671709997
3.373557262275185
4.002559561552278
2.5220552088742005
3.5944656369614516
4.016673665432262
3.667837797403416
3.4399364703978073
3.203365087509175
3.2655833228877333
3.2733494559629497
3.4182958340544896
3.7782833960463114
3.546439344671015
3.890319531114783
3.767183467891461
3.654255313215029
2.6612262562697895
3.3232314287976203
3.479079570624174
3.720350299308318
3.507380102423635
3.101881223476018
3.9109571179871767
3.6114019636019172
3.577747162910945
4.068728288980286
3.084962500721156
3.1555650133297184
3.9741381143031638
3.2516291673878226
3.4548223999466066
3.084962500721156
3.4548223999466066
3.4841837197791885
3.513269689515108
3.368042422572716
3.146286370662105
2.8553885422075336
2.53414684380524
2.199687794731328
1.9877733714879842
4.087520573749549
2.0
3.538896214227932
3.679687439279554
3.625
3.6074753914554893
3.6732696895151076
3.086048612313038
3.620936064750772
3.323231428797621
3.4316235658474294
3.327819531114783
3.7004397181410926
3.2516291673878226
3.7622673906514943
3.0849625007211556
2.6923806024549757
3.1018812234760182
3.572431251322119
3.708132064658602
3.6818808028034016
3.621928094887362
3.7950885863977324
3.873637440070112
3.1395722619867223
3.7201755214643453
3.546439344671015
3.8841550945958048
3.5585186130489057
3.7720552088742005
3.876853130799308
3.5841837197791886
3.8409830332173724
1.584962500721156
3.039148671903071
3.399079570624174
3.4613201402110083
3.5585186130489057
3.0269868333592873
3.788754913993502
3.3921472236645345
3.584183719779189
3.7516291673878235
3.4414460711655215
3.30827083453526
3.4273334938982645
3.4992275417233567
4.210168945498254
1.584962500721156
3.2402239289418517
3.180832987205441
3.5724312513221195
3.6168746059562227
3.7979026896829478
3.588354347173234
3.1813663288914587
3.3841837197791884
3.4841837197791885
3.447401504705915
3.4632805178108104
3.6841837197791887
3.6753108689123644
3.251629167387823
3.5073801024236353
3.239097917988786
4.040336627956066
2.3990822476898996
3.6537567082870006
3.884183719779189
3.2359263506290326
1.2567796494470396
3.373557262275185
3.418295834054489
2.5073801024236357
3.6168746059562227
3.4464393446710155
3.3787834934861767
3.7720552088742005
1.207518749639422
3.169925001442312
0.6784070909375675
1.0529815751302694
3.506890595608518
3.4771752334356236
2.9852281360342516
2.8402239289418514
3.4397106501513597
3.6709688919510652
3.3211043305784886
3.6894468693309768
3.0220552088742
2.6612262562697895
3.501397825434103
3.5121884039686613
3.25
2.873140679513133
4.015212434638444
1.0
3.8339621080817397
2.8553885422075336
3.239097917988786
3.175123135113461
3.25
2.8073549220576046
3.5032583347756456
3.727886601097815
3.934596653883523
3.855585038447959
3.7685547780590207
3.5585186130489057
3.710777084415067
3.3464393446710154
3.5464393446710156
3.32323142879762
1.7244193583486018
3.787326145256008
3.0850551027564768
3.5739348962840563
3.3787834934861767
3.2033650875091753
3.039148671903071
2.8731406795131336
2.751629167387823
3.076103170996721
3.2903216092483056
1.9219280948873623
2.807354922057604
3.039148671903071
3.8452951740559738
3.7358416505425156
3.7774774616020825
3.378783493486176
3.375
3.881697011810699
3.084962500721156
3.039148671903071
3.2516291673878226
3.180832987205441
2.6258145836939115
2.8844074087036162
3.6211755429194716
3.180832987205441
3.5535088547976788
3.418295834054489
3.5465935642949384
3.572431251322119
3.373557262275185
3.751629167387823
3.0269868333592873
3.4085490968753076
3.2359263506290326
3.576617644908665
3.0849625007211556
3.4397106501513606
1.0
3.6732696895151076
3.9801694078807643
3.350209029099897
3.5724312513221195
3.625
3.393127173448318
3.3248629576173574
3.4992275417233563
1.4320062125405801
2.117492461184755
2.5495234595978324
2.3024653143570246
3.2729055953200556
3.7140121543713693
3.708966082694623
2.939829017466402
3.556656707462823
3.0574760762899316
3.3990795706241745
3.704349428956052
3.238901256602631
3.327819531114783
3.7116021642433514
3.1556390622295662
3.8083751641016
3.838039816898156
3.584303179346712
3.1056721842714325
2.789898095464287
3.6368421881310122
3.681880802803401
3.675310868912364
3.5068687723775698
3.8529036028690355
3.3487989122024966
3.182005814760214
2.9852281360342516
2.873140679513133
3.378783493486176
3.4474015047059146
3.938496449298638
4.048482374065923
3.4992275417233567
3.821928094887362
3.09306920777189
3.1808329872054415
3.25
2.4116022179746714
3.569548827786958
3.9453808544133353
3.4713544870139286
3.2728043273346206
3.8969838913417942
3.5110854081804277
3.3927474104487847
3.952819531114783
3.6887218755408675
3.5849625007211565
3.2195282822995477
3.039148671903071
3.7207136787344055
2.7329145639793975
3.0494520727893932
4.0281975143393955
2.0
2.918295834054489
2.768853837616
3.2516291673878226
3.937467206843552
3.418295834054489
2.5
1.9877733714879842
2.676755362089276
2.4996981431844145
2.057946435841648
2.6792414788301997
2.7374907954618437
2.7351008982538754
3.856196298219381
3.3787834934861767
3.3908054820769817
3.125
3.0269868333592873
0.8475846798245739
1.3520301017579528
3.2359263506290334
2.287783719941071
2.65887184844536
2.808694969562842
2.606238928653389
3.182005814760214
2.8962915290459277
3.2516291673878226
3.884600662692359
3.452819531114783
3.182005814760214
3.418295834054489
3.503258334775645
3.708132064658602
3.6897037321995474
3.7004397181410926
3.084962500721156
3.5944656369614516
3.5
3.96318720316781
2.855388542207534
2.6995138503199656
3.614369445886757
3.0220552088742005
4.012188403968661
3.1395722619867223
3.4858259278490094
4.033274936771438
3.9927087708004674
3.4548223999466066
3.2516291673878226
3.25
3.418295834054489
3.4086949695628417
3.7362434129830606
3.601743956189447
2.792481250360578
1.2958363892911637
3.864198297769022
3.4677201004745006
3.230396411099389
3.373557262275186
3.653660689688185
3.180832987205441
4.038319039060658
3.4148657099397464
3.499227541723357
1.584962500721156
3.5
3.6402239289418516
3.452819531114783
3.32323142879762
3.375
3.238901256602631
3.386842188131012
3.729446194905257
3.5238561897747243
2.5654483718208256
3.64696666827365
3.189898095464287
2.8073549220576046
3.238901256602631
2.827819531114783
3.2359263506290334
3.085055102756477
3.4992275417233563
3.3660913291191914
3.3248629576173574
3.8645783739023827
3.180832987205441
2.7773627950641693
3.327819531114783
3.2516291673878226
3.830010773323189
2.6455933144511468
1.1540157730728
0.5489544344250401
1.4182958340544896
3.2516291673878226
3.239097917988786
3.238901256602631
3.2806390622295662
2.931208948910323
3.4547012441673464
2.923231428797621
3.5996537339472034
3.7254805569978675
3.6467987293229776
3.720269715325199
3.53624341298306
3.7321588913645694
3.926886761135438
3.8330709070912787
3.2516291673878226
4.182779113467523
3.8317814429021717
3.5
2.7773627950641693
3.392747410448785
3.6644977792004623
3.2608281712244547
3.0220552088742005
3.202819531114783
3.2359263506290334
0.8180959929710641
3.463280517810811
1.7055872616982601
2.469240782172285
1.7633584292311082
2.355388542207534
2.216521698179525
2.355388542207534
3.5944825065194204
3.4343874601225974
3.4557980220350073
3.3232314287976203
3.6887218755408675
3.5342190211803413
3.495509828165145
3.447401504705915
3.5506551812150384
3.180832987205441
3.6335059949783677
3.471354487013929
3.292770193936991
3.5610968408366483
3.5766176449086657
3.2806390622295662
3.4632805178108104
3.546439344671015
2.8553885422075336
3.1464393446710153
3.323231428797621
3.4613201402110083
3.5724312513221195
3.534219021180341
3.238901256602631
3.446439344671015
2.8553885422075336
3.0220552088742
3.5555331514269954
3.03856233607563
2.692380602454975
3.8164280318460246
3.0220552088742005
3.085055102756477
3.3444569352411984
4.217161006957207
3.7178249456540664
3.957321989453213
4.143665590405768
4.193618743463978
2.0
3.934577438414551
3.641604167868593
1.0
2.617492461184755
3.446439344671015
3.6335059949783677
4.048861182646374
3.4816615121017565
3.084962500721156
4.039654283285041
3.6424896731661263
1.584962500721156
3.238901256602631
3.084962500721156
3.6235087968145354
3.371653522439334
3.940072687348655
3.5424812503605785
3.628085278891394
3.238901256602631
3.5777471629109447
3.6168746059562227
3.8170529253079697
3.833692182344298
3.423668560104998
3.7880523304839624
1.584962500721156
3.7405198931769967
2.8073549220576046
3.0269868333592873
3.2516291673878226
3.238901256602631
3.589898095464287
3.737022619809534
3.180832987205441
3.60341234326019
3.0957952550009344
3.655045546825804
4.166333549959636
3.7283898587739714
3.8428572928084965
3.708132064658602
3.881227004301479
3.327819531114783
3.8040063852515473
4.019280486883482
3.8559266994775947
3.985110524123532
0.0
3.3908054820769826
3.182005814760214
3.1751231351134614
4.075324877996071
3.5514621540398004
1.584962500721156
3.246439344671015
3.985299230882825
3.768453957701921
3.4086949695628417
4.141598294973371
4.201784751018512
4.077647465675996
3.813660689688185
4.055637025826202
3.6339740759971577
3.2077070644704744
3.972050205006362
3.725916088924304
1.584962500721156
3.7666404471085677
3.3496929689578705
3.4193819456463714
2.873140679513133
3.6635327548042538
4.0581573285182
3.4130884364257565
3.3273399000835084
3.6801653312174274
3.2888840705376348
3.761445788918474
3.4692407821722844
4.035439447417204
3.584962500721156
3.2663326399706225
2.8553885422075336
3.9077148025974373
3.0565647621309537
4.107017709595356
3.139572261986723
3.943465189601646
1.0529407605626346
1.0529407605626346
0.9912642605354287
3.5
1.6774212838293647
3.3927474104487847
3.3660913291191923
2.899397470347699
3.3086949695628416
3.913977073182752
3.630412660873998
3.5800503514647364
3.988515687621726
3.2516291673878226
3.1258145836939115
3.1898980954642875
3.850858406793271
3.0269868333592873
3.762310736133871
3.565448371820825
3.64696666827365
3.708966082694623
3.4992275471326932
3.240528260216712
3.71440934524794
3.9710890325676016
3.0220552088742
3.782089642372744
3.6732696895151076
3.251629167387823
3.377443751081734
3.2729055953200556
3.9243621055993345
3.6524474880231264
3.7198523585646033
2.2892464285091583
3.621928094887362
3.146286370662105
3.521640636343319
2.8553885422075336
3.477175233435624
3.2516291673878226
3.6536606896881847
3.73790634135308
3.202819531114783
3.2658813699600984
3.951886846506055
3.852727783453858
3.2359263506290334
3.7938132532575315
3.7806390622295662
3.0463811129458835
3.084962500721156
3.8365916681089787
3.661932872373583
3.6307729638440214
3.8427185648496742
2.8638263900908156
3.7292601295112355
3.09306920777189
4.0060710131011685
3.2516291673878226
3.9165074778806215
3.7201755214643453
3.084962500721156
3.084962500721156
3.5086949695628418
3.8268748818646365
2.9852281360342516
3.642371448743902
3.403107168362811
2.873140679513133
3.589275070710713
3.614369445886757
3.4992275417233563
3.43162356584743
3.521640636343319
2.688721875540867
3.6053885422075336
3.697845823084412
3.821311940104173
3.32323142879762
3.621928094887362
3.546593564294939
2.2569089895583545
3.4116022179746714
3.471354487013929
3.829081540788489
1.584962500721156
3.4632805178108104
3.1916116417513782
3.501397825434103
3.2516291673878226
2.521640636343318
2.7192945256669794
4.09177961083141
0.0
3.4970558484728045
3.640223928941851
3.939528456144483
4.007571492946969
4.047902689682948
3.742829492646777
3.841677810761394
3.974003931903019
3.8036665860486054
3.91814630384777
2.625814583693911
2.8553885422075336
3.6504103051739905
3.804582217613529
3.736591920867937
3.926644727101004
3.454822399946607
3.7034651896016464
3.9329123807940047
3.8062937247568804
4.004344446367528
3.9213948512707537
2.9852281360342516
3.9269768213273277
3.869869619915285
3.9814678722160552
1.6879430945989
1.0892300788425848
3.039148671903071
3.708132064658602
2.931208948910323
2.4508257945180882
3.777362795064169
3.763965742824081
3.606936732175321
3.3446983751597124
3.350209029099897
3.189898095464287
3.726474118254376
3.538310595615006
4.0290471806269
3.7953710165710888
3.0306390622295662
3.4745049881054295
3.1018812234760182
3.43162356584743
3.350209029099897
3.188721875540867
3.378783493486176
3.577819531114783
3.3502090290998976
3.636842188131012
3.503701696057348
3.521640636343319
3.557435462305461
3.506890595608519
3.180832987205441
2.4508257945180882
3.202819531114783
3.471354487013928
3.6537567082870006
3.355388542207534
3.146286370662105
3.2639334294856344
3.922573883611434
3.0220552088742
3.7787945423448996
3.6504103051739905
3.9701755214643453
3.0849625007211556
2.950212064914747
3.8136606896881853
3.4841837197791885
1.1451104143815827
1.5503407095463881
3.378783493486176
3.7395722619867224
3.715825800710593
3.667528640622091
3.418295834054489
3.337175341123077
4.104406670839342
3.6619328723735824
3.2406015629507228
3.182005814760214
3.616601684782745
3.957067386399956
3.523564686198047
3.006238928653389
2.689246428509158
3.3660913291191914
3.9274187044672786
3.085055102756477
3.6660928025292407
3.0849625007211556
3.9214526792219
3.084962500721156
3.11583409216322
3.689703732199547
3.2516291673878226
3.3248629576173574
3.7974676329840045
3.238901256602631
2.8073549220576046
3.840402546702506
3.584303179346712
3.4080531326597545
3.8336631211594363
3.6692750707107122
3.2402239289418526
3.202819531114783
2.688721875540867
3.3816201079487347
0.9055872616982603
3.741584110744871
3.2037016960573483
3.7622673906514947
3.498068512058839
3.182005814760214
3.6452830147930797
3.593269689515107
3.5383201891060003
3.9095670940755913
3.8383977993262324
3.6416668526367557
3.463465189601646
3.521640636343319
3.09306920777189
2.9104404952185816
3.572623663895164
3.355388542207534
4.028484624860438
2.950212064914748
3.505861737991006
3.889049535914169
3.2359263506290334
3.9257842595694505
2.8962915290459286
3.471354487013928
3.6243797016511126
3.555269044648117
3.084962500721156
3.2961483747476232
3.5841837197791886
3.2516291673878226
2.8731406795131336
3.238901256602631
4.0998747399889846
3.3927474104487847
3.6818808028034016
3.521640636343319
3.834539530717336
3.6653231585115424
3.125
3.0269868333592873
2.816307519224645
3.4104172527605203
3.5102272455791415
1.584962500721156
3.319043392262376
4.049007523308842
3.98966831595366
4.10700885278099
3.6465266557624116
3.608512968290146
3.918669220375827
1.584962500721156
3.368522527728206
3.5282424844314786
3.6679156105645783
3.495461808734148
3.7993107591983
2.321928094887362
3.849033695800382
3.9135586961937396
3.9116735525098765
3.6280775887471455
3.989608854289391
4.163292105166642
0.9182958340544896
2.9547012441673464
2.8974076197009215
2.8731406795131336
2.8731406795131336
2.7527152789797045
2.840223928941852
4.154172450712308
2.8553885422075336
3.8343047653353453
3.763292105166642
3.5883543471732335
0.9912642605354288
3.352584246172162
3.5804621997271013
3.0
3.6814858646235926
3.788765054662935
3.2254128972590443
3.084962500721156
3.323231428797621
3.6550455468258036
3.180832987205441
3.6459645323480045
3.350209029099897
3.6952480539647223
3.755057619938307
3.794765519834929
3.4005788397313514
3.6074753914554893
3.628351141951583
3.765319531114783
3.6373261452560075
3.630412660873998
3.821928094887362
3.572469458770136
3.8808920477690365
3.40582225028569
3.8252517372886508
3.0168756957665637
3.9021748142117274
3.760017277849653
3.0306390622295662
3.263933429485634
3.4701755214643453
3.6978458230844122
3.327819531114783
3.5766176449086653
3.2359263506290334
3.079442694155571
1.8230936889603302
2.79714030750189
1.0
3.4992275417233567
3.5219280948873624
2.8978493842644677
3.77850207357611
3.602316558505554
2.9559130951758243
3.413088436425757
3.590759147096384
3.749941238143319
3.3248629576173574
3.175123135113461
3.375
3.5697738350294785
3.6709861918269815
3.4613201402110083
3.822526555556414
3.238901256602631
3.418295834054489
3.084962500721156
2.7329145639793975
2.2689289124151837
2.625814583693911
3.7879346136060428
3.5121884039686613
1.321606958388347
4.037511251229169
1.4895830652546034
1.4885252948977485
1.5002723456084084
0.41381685030363374
2.071268848496189
1.623516641218015
1.402993418443045
1.5103893948045581
3.327819531114783
0.9933927290103626
3.452819531114783
3.521640636343319
3.3219280948873617
3.51602764126623
2.720582776146013
2.8553885422075336
3.3927474104487847
3.323231428797621
3.0269868333592873
3.4256776657012566
2.8553885422075336
3.7633584292311073
3.0269868333592873
3.3927474104487847
3.261842390463367
3.5883543471732335
3.2359263506290326
3.4565647621309536
3.9606938242682865
2.873140679513133
3.511085408180427
1.6140054628542204
2.2331557273867313
0.9463729359854419
3.7345939124932923
3.8042292966721747
3.4565647621309536
2.5785519909913264
3.433269689515108
3.106890595608518
3.761445788918474
2.9749375012019263
3.781016322181394
3.6292196865240953
3.9359357962188977
3.5261298155959175
3.64357726254524
3.202819531114783
3.3464393446710154
3.824252831282987
3.8731406795131327
2.5849625007211556
3.3927474104487847
3.6457113704075783
3.6980685120588386
3.2028281036529487
3.2639334294856344
3.202819531114783
3.7266988631353013
3.238901256602631
3.73070172986943
3.647982081552806
3.9893679254267522
3.5434651896016462
4.016492070934483
3.5739348962840563
3.4251185503571393
3.9193819456463705
3.337175341123077
2.6389205950315935
3.625
3.0269868333592873
3.5585186130489057
3.459491160199153
3.6094963344256965
3.8524975771042005
3.3735572622751855
1.584962500721156
2.7192945256669794
3.084962500721156
4.126438551199932
4.062346771198788
3.3921472236645345
3.906432072043321
3.2516291673878226
3.2359263506290334
3.2883201891060008
3.2806390622295662
3.753269689515107
3.793357376475294
3.9023975844666317
2.8423709931771093
1.9637003815258751
2.4056390622295662
3.337175341123077
3.9636875018897775
3.6525182662886326
3.8397755396455073
3.5841837197791886
4.055686270686911
3.0849625007211565
3.4357554339416274
3.4528786893420307
3.782122224145306
3.628220276032146
2.8423709931771093
3.084962500721156
3.6679284722924486
3.7999793850498294
2.9852281360342516
3.3851551041413788
3.640223928941852
3.085055102756477
4.064392248309453
3.1735332098491886
3.502924518281892
3.501397825434103
3.3927474104487847
3.180832987205441
3.4695443569727304
3.541743520601859
2.8553885422075336
3.4936606896881854
3.606936732175321
3.1751231351134614
3.077819531114783
3.4841837197791885
3.561607392201214
2.7192945256669794
3.3005590923909542
3.546439344671015
2.618656120276692
2.6917857332565287
2.629881865063963
3.0220552088742005
3.208694969562842
3.4613201402110083
2.921652379773267
2.6998594471019968
3.850775953397134
3.7806390622295662
3.8042292966721747
3.783465189601646
3.572623663895164
3.9774407818866533
1.0
3.337175341123077
3.3005590923909534
3.1556390622295662
3.5841837197791886
3.3841837197791884
3.0850551027564768
3.4864405016961446
3.6978458230844122
3.1037016960573482
2.8150724101159437
3.2402239289418517
3.5
3.954852588167622
4.02710617809259
3.2841837197791888
3.084962500721156
3.2516291673878226
2.918295834054489
3.0220552088742
3.5766176449086653
2.4996981431844145
3.5465935642949384
2.952819531114783
3.565448371820825
1.650022421648354
3.039148671903071
3.039148671903071
3.8230679822736606
3.625
3.175123135113461
3.2359263506290334
3.381580488309164
3.3927474104487847
3.4251185503571393
3.375
4.104780703296599
3.3257939104103986
2.969389419529156
3.8143719431796277
3.9881033286234335
3.4713544870139286
3.691428031846024
3.4251185503571393
3.0306390622295662
3.906724115462864
3.9178274661982275
2.4863286677871854
0.6193821946787638
1.7004397181410922
1.5216406363433184
3.7071562309216137
3.084962500721156
3.5736606896881855
3.621175542919471
3.8843017566985325
3.4039894464852614
3.0849625007211556
3.1015087558678784
3.824024822459916
3.8029100796497266
0.6219041416291193
3.456564762130953
3.5503407095463877
3.4548223999466066
3.4316235658474303
3.5585186130489057
3.4039894464852614
3.2885023057715044
3.9048210702957578
3.7771037481386167
3.5530900835303276
3.2359263506290334
3.1068905956085184
2.751629167387823
3.0269868333592873
3.180832987205441
1.7004397181410922
1.4185644431995963
3.182005814760214
3.0062389286533895
3.7360069464476573
3.0306390622295662
3.836600340868551
3.2359263506290334
3.238901256602631
4.01983797790741
3.1556390622295662
3.831789011092168
3.570826595815688
2.0
4.001535796944101
3.5883543471732335
3.4817145729860726
3.984622028177918
3.604023645937704
3.91379956460568
3.392747410448785
4.072150593851532
2.4579195645645373
2.2877837199410704
2.2322628970242686
2.121276357834812
2.7806390622295662
2.952819531114783
2.2322628970242686
2.094856783548739
2.2577560641285177
3.5464393446710156
3.189898095464287
3.378783493486176
3.084962500721156
3.2516291673878226
4.056020968057881
3.2516291673878226
2.8962915290459277
3.521640636343319
3.3082708345352603
3.2516291673878226
3.8163401138534074
3.240223928941852
3.712781132827798
4.004654802081283
1.0
3.802077918988393
4.0470856526885886
4.218787839429888
4.080092037463786
4.016987655205801
0.0
0.8314743880097293
2.895423870280316
3.239097917988786
4.02017787617662
2.0
3.4992275471326932
2.8553885422075336
4.213072624824374
3.4474015047059154
4.064578373902382
3.6407071509859774
3.869770463892098
3.0269868333592873
3.530493056757482
3.6069367321753205
3.6388301270322074
3.4992275471326932
2.8655768552072485
0.8343470230852538
1.2516291673878228
3.521640636343319
3.1164085657700444
3.454822399946607
1.186278124459133
1.2210477851797181
3.4039894464852614
3.6302753548819773
4.002736171594003
3.935718210743631
3.7198523585646037
3.056564762130954
3.378783493486176
4.063347346742435
3.546439344671015
3.323231428797621
3.734521664779752
3.7232314287976207
3.5
3.632192121571194
3.919475568180877
3.0269868333592873
3.289771750631729
3.231270254607575
2.5073801024236357
2.4387439204017474
2.6612262562697895
2.952819531114783
2.8553885422075336
3.331613322489972
3.5470851333950875
3.180832987205441
3.327819531114783
3.351189446839949
3.5099939521565577
2.827819531114783
3.346439344671015
2.117492461184755
3.1084585933443494
3.0220552088742
3.721928094887362
3.277613436819115
3.4685766296878655
3.238901256602631
3.624518654958899
0.6998428398862386
2.8073549220576046
2.6887218755408666
3.0849625007211556
4.0068665431825226
3.488525294897748
3.5
3.221097250057957
3.337175341123077
3.2806390622295662
3.668673695440707
3.636842188131012
3.824862957617357
3.0220552088742
3.9733176290415253
3.7192945256669785
3.3921472236645345
3.0220552088742
3.565448371820825
2.808694969562842
3.7550947056365804
2.8423709931771084
3.0220552088742005
3.323231428797621
3.5724312513221195
3.2464393446710154
3.182005814760214
3.572469458770136
3.0062389286533895
3.7622673906514947
2.873140679513133
2.584962500721156
3.480721944688849
3.556201280807903
3.0269868333592873
3.9706362187430275
3.7686295786420683
3.0565647621309537
3.7622673906514943
3.616348566075164
3.5555331514269963
3.1808329872054406
3.0565647621309546
3.736006946447657
0.5916727785823275
3.0269868333592873
3.30827083453526
3.30827083453526
3.517559429596343
3.5724312513221195
3.182005814760214
2.865576855207248
3.286629486786195
1.3709505944546687
3.0565647621309537
3.5566567074628233
3.8212963336848613
3.546439344671015
2.6258145836939115
3.7404482367292617
3.3908054820769817
3.840083251972111
3.0849625007211556
2.8423709931771093
3.991974769939204
3.55592698363834
1.0
3.7004397181410917
3.675310868912364
3.4632805178108104
3.1068905956085184
3.663532754804254
3.4082800232568733
3.238901256602631
3.5075788601900535
3.6753108689123644
3.452819531114783
1.0892300788425848
2.950212064914747
3.714192447093237
3.7201755214643453
3.6887218755408675
3.694739663055176
3.4565647621309536
3.8389016995817324
3.543465189601647
4.135152311023071
4.127230401586272
1.0
2.9398290174664026
3.5368867237421666
3.4085490968753076
2.789898095464287
3.5535088547976788
4.012881915045262
4.017682717541119
2.752715278979705
3.1701348924281927
4.054285754220071
1.5
3.7336606896881843
3.681880802803402
3.8479826863066284
2.792481250360578
3.40582225028569
3.838242691024846
3.550340709546387
1.0
3.2210972500579564
2.9232314287976204
3.125
3.084962500721156
2.4591479170272446
3.6901165175936654
2.584962500721156
2.7773627950641693
2.8225797618424915
2.7324637247241337
2.6389205950315935
3.5
3.170134892428193
3.2639334294856344
3.139572261986723
2.5654483718208256
3.299261829457634
3.681880802803401
3.731286772251354
3.786938328368747
2.8553885422075336
3.452819531114783
3.4983471493992453
3.375
2.353533948577482
3.5035391228040247
3.521928094887362
3.704903061191901
3.308751351247166
3.885246444213199
2.751629167387823
3.506890595608518
3.202819531114783
3.155221528859512
3.1018812234760182
3.2402239289418517
3.182005814760214
3.97249398760531
3.9701755214643453
3.418295834054489
3.7483286603655737
3.616348566075163
3.3232314287976203
3.457216569852465
3.373557262275185
3.830546608638305
3.30827083453526
3.8789142629725997
3.182005814760214
3.970513117900865
0.0
3.696989830687183
3.905152233310934
3.6069367321753205
3.9614516995495417
3.085055102756477
3.0441104177484006
3.454822399946607
3.6897037321995474
3.893660689688185
3.6069367321753205
3.697845823084412
3.6537567082870006
3.2359263506290334
3.4565647621309536
3.125
3.2806390622295662
3.265583322887733
3.4992275471326932
3.576617644908665
1.1216407621868583
3.630062358078027
3.261043983337284
3.419381945646371
3.292770193936991
3.521928094887362
3.085055102756477
3.676108500731241
3.5895313089284633
3.4072682296173893
3.180832987205441
3.202819531114783
3.1158340921632197
3.189898095464287
3.039148671903071
3.006238928653389
3.671405583442497
2.5220552088742
2.6258145836939115
3.25
3.452819531114783
4.204349747154928
3.9151008762644586
2.3393538721672007
3.2516291673878226
2.950212064914747
3.381580488309164
3.8646983261669603
3.272055208874201
3.4594911601991534
2.8731406795131336
3.146286370662105
3.0269868333592873
2.9312089489103235
3.2516291673878226
3.4072682296173897
3.418295834054489
3.4086949695628417
4.01026833306023
3.6012274809529563
3.648431836203202
0.5916727785823275
3.5465935642949384
3.326360407952693
2.950212064914747
3.327819531114783
3.4613201402110083
3.327819531114783
3.9841673693138295
1.0
3.202819531114783
2.9477027792200903
3.980687267126826
3.3927474104487847
4.030932244204195
3.546593564294939
3.1555650133297184
1.5739889616503064
3.8281232412300428
3.7159321855150296
2.6031579868726
3.189898095464287
3.189898095464287
2.2256051990169436
3.6801653312174274
3.971632124949859
3.796439344671015
3.366091329119192
3.4387218755408675
3.862889165822824
3.418295834054489
3.4182958340544896
3.189898095464287
3.5002836880550543
3.688884070537635
3.327819531114783
3.4992275417233567
3.077819531114783
3.3082708345352603
3.3320953986601696
3.260828171224456
3.572623663895164
2.7773627950641693
3.039148671903071
3.6402239289418516
3.7962176025900556
3.7683674395583764
3.5724694587701364
3.493660689688185
3.708132064658602
1.207518749639422
1.2516291673878228
0.9182958340544896
0.9366673818775626
1.2772018112022603
3.6077352526221036
3.1916116417513782
3.605388542207534
2.584962500721156
3.819548827786958
3.0269868333592873
3.378783493486176
3.3716535224393334
3.319773835029478
3.337175341123077
3.3035088547976783
3.2655833228877325
3.596018416772738
2.606238928653389
2.9708400131019843
3.546439344671015
3.127986806877675
3.601227480952956
3.634222657617101
3.6595365985012456
0.0
3.378783493486176
4.023383006119384
3.9706802793354847
3.9338019661345554
3.368042422572716
0.0
3.084962500721156
3.527518266288633
3.4104172527605203
2.9852281360342525
3.32323142879762
3.2464393446710154
3.653660689688185
3.797467632984004
3.4992275417233567
3.239097917988786
2.8150724101159437
2.8150724101159437
4.082089679708832
3.75
3.447401504705915
4.0469961498259535
3.602316558505552
3.239097917988786
3.7967154995173162
3.958289323585446
3.8947396630551756
3.4357554339416274
2.9324494678013635
2.6556390622295662
3.946370946934505
3.686419411348773
3.8705380426372793
3.202819531114783
3.936128253856717
3.666389505237727
2.584962500721156
1.6788979029874789
3.7951260224365715
3.969116529664061
3.1307179879273748
3.7962176025900556
3.3723887561033683
2.7192945256669794
1.5275070675902451
3.194588496642341
3.5912691559436993
3.1556390622295662
3.3787834934861767
3.2806390622295662
3.2927701939369904
4.066689272122978
1.584962500721156
3.5117131443703444
3.492457555885539
2.2841591278514217
2.0458416408851736
2.1406064599010723
2.219973094021975
3.8398820646044003
3.623516641218015
2.7321588913645702
2.8553885422075336
3.689891668750007
3.084183719779189
3.708966082694623
3.6898916687500076
3.3248629576173565
3.6995138503199656
3.7466170542367663
3.6978458230844113
3.584183719779188
4.000427934213226
4.028059544991269
1.584962500721156
1.6636361253912244
3.1898980954642875
2.8553885422075336
3.2516291673878226
1.5916727785823275
3.151363669197544
3.7256507561120933
3.7336606896881857
3.605388542207534
3.663532754804254
3.6292196865240958
3.663532754804254
3.7216117239699003
3.238901256602631
3.3248629576173574
3.4613201402110083
3.534219021180341
3.09306920777189
3.652130557318382
4.0273554531695765
3.2806390622295662
2.8423709931771093
3.1556390622295662
3.9036909030581146
3.2810361125534233
4.098524745649008
4.077298425890892
4.138634134892328
2.0
3.139572261986723
2.8423709931771084
3.039148671903071
3.30827083453526
3.266332639970623
3.5
3.2639334294856344
3.6537567082870006
3.6168746059562227
2.610577243331642
3.6550455468258045
3.084962500721156
3.238901256602631
3.8332696895151077
3.2516291673878226
3.4548223999466066
3.4219280948873623
3.197159723424149
3.359253498920974
3.2516291673878226
3.084962500721156
2.931208948910323
3.375
1.584962500721156
3.039148671903071
3.5883543471732335
3.4182958340544896
3.7113148583552356
3.3908054820769817
2.886842188131012
3.797220167136409
3.322179345516666
3.251629167387823
3.3787834934861767
3.753269689515107
3.844413829577612
3.3082708345352603
3.5
3.084962500721156
3.125
3.484183719779189
3.3787834934861767
3.5944656369614516
3.900838072729885
3.452819531114783
3.25
3.7606205443099605
3.084962500721156
0.8166890883150209
0.8663137138648348
3.006238928653389
3.5465935642949384
2.918295834054489
0.5435644431995964
2.1054105870684143
2.263809173883546
1.9508257945180885
3.3232314287976203
3.8316460279539055
2.692380602454975
3.563074189428569
3.7398227820087544
3.7655833228877333
3.6619328723735824
3.8586949695628414
2.8073549220576037
3.841096866085959
3.378783493486176
3.584410002768982
3.9536311009639764
2.94770277922009
1.5
1.207518749639422
1.192250860234642
0.7732283485249176
3.3787834934861767
3.501397825434103
3.0220552088742005
3.714192447093237
2.835237745312118
2.7773627950641693
3.1018812234760182
2.9312089489103235
3.2195282822995477
2.8553885422075336
3.3263604079526936
3.2359263506290334
2.984234164652489
3.0849625007211556
3.813660689688185
3.5724312513221195
1.0
3.2883201891060003
3.350209029099897
3.3921472236645345
3.454822399946607
3.2516291673878226
3.182005814760214
3.884600662692359
3.238901256602631
3.433269689515107
3.789898095464287
3.057476076289932
2.7516291673878226
3.620936064750772
3.2402239289418517
3.323231428797621
2.8150724101159437
3.0880871728780583
0.0
4.0519305585637255
3.069773835029478
4.023424581289626
4.176635694925132
2.0
3.182005814760214
3.9391274406525243
3.0269868333592873
3.6005007846837485
3.5726236638951634
3.4251185503571384
3.717896012970049
3.2032433566073997
3.6074753914554893
3.3342094594480485
3.5415301730294653
3.399079570624174
1.198183947911799
3.039148671903071
1.2916919971380596
2.789898095464287
3.572469458770136
3.8693312611115185
3.30827083453526
3.923809837347291
3.521640636343319
3.6841837197791887
3.8561962982193805
3.9021748142117274
3.2841837197791888
3.6536606896881856
3.3927474104487847
3.7849418274376423
4.047284423810872
1.5
3.1751231351134614
3.4182958340544896
2.355388542207534
3.084962500721156
3.810081020521731
3.180832987205441
3.378783493486176
3.2516291673878226
2.8553885422075336
3.1898980954642875
3.238901256602631
3.0220552088742005
3.231270254607575
3.039148671903071
3.4585250192341497
0.951994081908783
3.1751231351134614
3.3921472236645345
3.452819531114783
2.4159220638351666
4.041929702916657
2.610577243331642
2.85845859334435
2.682588730501833
2.3553885422075336
2.355388542207534
3.51602764126623
3.3248629576173574
4.053310916765462
3.708132064658602
3.6423714487439023
1.775523493673489
3.8365916681089787
3.9539684039196077
4.097044508550498
3.6467987293229776
3.0841837197791886
3.8278475418785787
3.732444601324706
1.1451104143815827
3.642149881636903
3.3927474104487847
3.392147223664534
1.5055213905049434
1.4516607643577668
3.7489948035250964
2.706890595608519
3.0269868333592873
3.6572682296173897
3.421928094887362
3.6163485660751635
3.511085408180427
3.5383105956150063
3.2927701939369904
3.821928094887362
3.8349625007211565
3.3082708345352603
3.5225715891363594
3.821928094887362
3.7483286603655737
3.6612262562697886
2.950212064914748
3.327819531114783
3.8208888513501886
1.3346791410515946
3.0850551027564768
1.3284807255676316
0.0
3.0220552088742005
3.2806390622295662
3.182005814760214
3.196154780932867
3.531941205546659
3.327819531114783
3.401515280317513
3.783465189601646
3.180832987205441
3.45852501923415
3.754163427768882
3.4345608142862893
3.576617644908665
3.636842188131012
2.8553885422075336
3.8746697102453487
3.620936064750772
3.7950885863977324
3.673269689515108
3.551428065028506
1.7924812503605778
3.5841837197791886
3.6887218755408675
3.821311940104173
2.8221819586428722
3.5417435206018593
3.851823225551766
3.106890595608518
3.708132064658602
3.0269868333592873
3.816576256935472
2.9852281360342516
3.0565647621309533
3.238901256602631
3.5724312513221195
3.084962500721156
3.7622673906514943
3.5219280948873624
3.2210972500579564
3.1898980954642866
3.202819531114783
3.7050540796780407
3.5555331514269954
3.139572261986723
3.734521664779752
3.3927474104487847
3.5110854081804272
3.748994803525096
3.238901256602631
2.7773627950641693
3.7623107361338706
3.09306920777189
3.375
3.3772781309874356
3.419381945646371
4.032090220684112
3.76062054430996
3.8488846166291193
3.503744360099793
3.5697738350294785
3.1395722619867223
3.6870339462963626
3.87442624416255
3.146286370662105
3.8035088547976788
4.012885558028492
3.950197483501045
3.5944656369614516
3.7950885863977324
3.4992275417233567
3.454822399946607
3.182005814760214
3.084962500721156
3.5
3.084962500721156
3.197159723424149
3.845350936622435
3.0565647621309533
2.8553885422075336
3.2359263506290326
3.2516291673878226
3.4182958340544896
3.2516291673878226
3.431623565847431
3.6060152796207325
3.197159723424149
4.11778288042312
4.067077802027977
3.9763522367378235
3.7995592453515354
3.461320140211008
3.3927474104487847
3.3232314287976203
3.984552941494614
3.672995052579128
3.958544113510023
3.9812284787736
3.68354236243323
3.7663255298464624
3.9191735802139167
4.091247877515256
3.9859791299831024
4.051924825585487
3.5883543471732335
4.111007105852885
3.99776209892428
3.9544344014833275
2.9852281360342516
3.8731406795131327
3.0269868333592873
3.3688840705376353
3.501397825434103
3.084962500721156
4.059013241648286
3.2728043273346206
3.702471512219747
3.039148671903071
0.0
3.182005814760214
3.5766176449086657
2.8553885422075336
3.418295834054489
3.3787834934861767
3.084962500721156
3.6644977792004623
3.52164063634332
3.573934896284056
3.3927474104487847
3.3927474104487847
3.5035391228040247
3.6978458230844122
3.3082708345352603
3.197159723424149
0.8112781244591328
2.9450386975402445
3.621928094887362
3.546439344671015
3.414441303694973
3.0220552088742
3.7034651896016464
3.4273334938982645
3.4992275471326932
0.8030717273241024
2.9182958340544896
3.675310868912364
3.6168746059562227
3.125
3.454822399946607
2.931208948910323
3.721928094887362
3.14163540772496
3.521640636343319
3.3927474104487847
3.175123135113461
3.2406015629507228
3.084962500721156
3.057476076289931
3.787143960698138
3.469576746316393
3.2516291673878226
3.533771256064556
3.7289721408610004
4.082223042178211
3.506890595608519
3.327819531114783
3.7496098404051663
4.017633607127459
3.8232549870432413
3.3868421881310113
4.0865589495760055
3.6945884966423406
3.0850551027564768
3.1971597234241487
3.155565013329718
3.4713544870139286
3.060453936300351
3.760383163865372
3.8001821971347023
3.5617480476936567
3.7232314287976216
3.8404025467025056
3.3116357394949603
4.063185976936143
3.323231428797621
3.935398667466763
3.43162356584743
3.2516291673878226
3.819548827786958
3.5465935642949384
3.5351745656359026
3.43162356584743
3.327819531114783
2.8073549220576046
3.8293047042009936
2.584962500721156
4.073597919972023
3.8162842812296134
4.093327748250582
2.75
3.413312431036334
2.589378365299265
2.542328989413759
2.931208948910323
3.180832987205441
3.238901256602631
4.026777667058366
3.182005814760214
3.202819531114783
3.5013978254341036
3.3660913291191923
3.1820058147602133
3.534219021180341
3.4992275417233567
3.6167292966721747
3.3845652726034148
3.572469458770136
4.031796573810052
4.004137992434355
3.530060319940921
3.6210506647325453
1.584962500721156
2.9258530145612824
3.452640046777108
3.2927701939369904
2.8150724101159437
3.327819531114783
3.375
3.5319412055466586
3.1813663288914587
3.084962500721156
3.3248629576173574
3.3248629576173574
3.4841837197791885
3.3232314287976203
3.3232314287976203
3.0220552088742005
1.584962500721156
3.1898980954642875
4.046439344671015
3.521640636343319
3.8460714417378097
3.6234651896016468
3.6572682296173897
3.8465237951813216
3.661932872373583
3.7879801057085696
3.7860382754173476
3.503258334775645
3.4493118330264454
3.706120633089117
3.239097917988786
3.2888840705376357
4.156745982393841
4.018011380406843
3.5562012808079033
3.5368867237421666
3.720486616057091
3.9288993737536955
4.043060407639805
4.211132425663012
2.0
3.5465935642949384
3.391892644680931
3.0574760762899316
3.6168746059562227
3.149397470347699
3.084962500721156
3.2368573034220742
2.072905595320056
3.768554778059021
3.6936253718179604
3.771437029461126
3.4086949695628417
3.6158175946759337
3.039148671903071
3.838039816898156
3.4316235658474303
3.564735178725505
3.452819531114783
2.931208948910323
3.523231428797621
3.0220552088742
3.0849625007211556
3.346439344671015
4.107524085990986
3.3274847819558424
3.7229074943218796
2.6258145836939115
0.37123232664087563
1.206908425151817
1.272905595320056
3.6901982060930485
3.753269689515107
3.238901256602631
2.9689185639620974
3.5068905956085183
2.7516291673878226
3.625
3.9647351787255047
3.43971065015136
3.810928306279287
3.6105772433316417
3.7778516908517683
3.6525182662886326
3.486448667168353
3.8625508211386914
3.3519530742463757
3.6151713102472964
3.7110804962442776
3.7417292966721747
3.350209029099897
2.6235166412180155
3.1642080475839944
3.8542227440216
3.40582225028569
3.084962500721156
3.146286370662105
3.8330709070912787
3.574357762129128
3.084962500721156
3.982454481211026
3.4193819456463714
3.546439344671015
3.375
3.7803946541231945
3.6423714487439023
3.323231428797621
2.4182958340544896
3.182005814760214
3.337175341123077
3.294663586209604
3.084962500721156
2.8150724101159437
3.589898095464287
3.238901256602631
1.0408520829727552
4.019340109998462
3.668384446476143
2.0
2.537835735984666
3.1416692606730168
3.238901256602631
3.8097267670323394
3.0494520727893937
2.927451224964519
3.928265043159906
1.584962500721156
4.127718282522962
4.146732916265982
0.7653636126766978
1.188721875540867
1.5744174271404585
2.4508257945180882
3.2608281712244547
3.4565647621309536
3.8358322481953895
3.238901256602631
3.7369213926868228
3.0220552088742
3.719294525666979
3.0220552088742005
3.5368867237421666
3.077819531114783
3.5566567074628233
3.490601562950723
3.598369003512378
3.7216117239699003
3.4357554339416274
2.6892464285091577
3.365764637179023
3.788754913993502
3.8419674805347275
3.4641534765420032
3.7622673906514943
3.751629167387823
3.5464393446710156
3.7614063297218427
3.1531071683628116
3.2516291673878226
3.4548223999466066
3.0062389286533895
3.621175542919471
3.736006946447657
3.337175341123077
3.895966040793372
3.6211755429194716
3.594465636961452
3.884691478132208
3.9278678733128194
3.471354487013928
3.499227541723357
3.957067386399956
3.1173143543437773
3.0849625007211556
3.6729972717965285
3.728502115742625
3.039148671903071
3.5836169753972325
3.8143719431796277
3.4428621651554656
4.071767711078595
0.9182958340544896
3.732444601324706
3.085055102756477
3.881227004301479
3.578626767019874
3.4332696895151082
3.7081320646586016
3.630772963844021
3.9951140422381006
3.452819531114783
3.2402239289418517
3.856312404804366
3.7216117239699
3.5841837197791886
3.1898980954642866
3.125
3.2516291673878226
3.4613201402110083
3.471354487013928
3.582252718097278
2.584962500721156
3.815468813855583
3.500283688055054
3.3685225277282065
1.584962500721156
3.3927474104487847
3.08232813685843
3.337175341123077
3.323231428797621
3.741962789037908
3.6959472263874704
3.180832987205441
3.084962500721156
2.5220552088742005
2.625814583693911
3.3927474104487847
3.5908201005000877
3.006238928653389
3.8646983261669603
3.3927474104487847
3.189898095464287
3.2729055953200556
3.572431251322119
3.820888851350188
3.939572261986723
3.2359263506290334
2.923231428797621
3.085055102756477
3.8821769594621527
3.481714572986073
2.625814583693911
3.5841837197791886
3.5086949695628413
3.202819531114783
3.454701244167346
3.446439344671015
3.3921472236645345
3.391386469985718
3.6525182662886326
3.692279682039657
1.4885252948977485
3.2402239289418517
3.689891668750008
3.155565013329719
3.386630971409058
3.3248629576173574
3.180832987205441
3.501397825434103
3.7841837197791888
2.969389419529156
3.0269868333592873
3.4144413036949723
3.0850551027564768
3.146286370662105
2.625814583693911
3.844384532235916
3.380941473833101
3.418295834054489
2.8638263900908156
2.727217001462482
3.4037016960573485
4.0105709342684825
3.039148671903072
3.6841837197791887
3.7527152789797036
3.5724312513221195
3.368042422572715
3.7483286603655737
3.4613201402110083
3.856564762130954
3.9126995411533643
3.2946635862096048
2.918295834054489
3.378783493486176
3.4701755214643453
3.818684103891234
3.6938134887428644
3.594905461227894
3.7154535460473683
4.11139044798906
3.2210972500579564
3.419381945646371
2.7773627950641693
3.2390979179887864
3.3371753411230776
3.384183719779189
3.0269868333592873
3.5383105956150054
3.238901256602631
3.2195282822995477
3.3787834934861767
3.791238416608822
3.32323142879762
3.9351451705004052
3.3855127464162074
3.581076011914607
3.8651991968878643
3.7975992651655908
3.958694969562841
2.8537196970758525
3.715932185515029
3.4399364703978077
3.085055102756477
3.7941274217702947
3.7887549139935026
3.7199699641872193
2.8150724101159437
3.7606205443099605
3.451453961649351
3.750292659616669
3.4591336068373453
3.3787834934861767
3.735926350629033
3.4613201402110083
3.3787834934861767
3.308694969562842
3.418295834054489
3.0130709291038453
3.5487903009904653
3.3973683589017414
3.0220552088742
2.0
3.7145365993551307
3.6308041416063297
3.4994294259163397
3.6789347039237965
4.048333798071866
3.2402239289418517
3.4548223999466066
3.6143694458867563
3.8208888513501886
3.6753108689123644
3.3232314287976203
3.8208888513501886
3.629219686524096
3.8820451081368628
3.265583322887733
3.7216117239699003
3.3927474104487847
3.481714572986073
0.9912642605354288
2.6384600665861555
3.326360407952694
4.04765014844263
1.6137129703673825
1.0529815751302694
1.4182958340544896
2.840223928941852
0.9182958340544896
4.210826990104057
1.584962500721156
3.0269868333592873
2.687926505771088
1.584962500721156
2.9834585933443494
1.8059424547018756
3.704302931775617
3.7148697866030833
3.765319531114783
2.952819531114783
4.056198332810095
3.6464393446710153
3.627763553007399
3.338804369244613
3.421622923150522
4.147873149789841
3.685917579505496
3.8956388075276664
3.8756942571395356
4.0848146203957985
3.2356449092503623
3.5777471629109443
3.8401998765158556
3.503744360099792
3.8020779189883926
3.6023165585055525
3.810081020521731
4.195454932699878
4.18659178248467
3.70631841506846
4.052927994404217
3.7593525449170384
3.3603059777020796
3.2089873002588
4.032556729789491
2.321928094887362
3.085055102756477
3.0269868333592873
2.7516291673878226
3.4225779953216033
3.5883543471732335
3.006238928653389
3.1182751607709758
2.9689185639620974
3.4594316186372964
3.321104330578489
3.4992275471326932
3.350209029099897
3.418295834054489
3.25
3.350209029099897
3.375
3.085055102756477
3.2402239289418517
3.4039894464852614
3.238901256602631
2.918295834054489
0.951994081908783
1.2309595631140104
3.5949054612278935
3.2421263734913364
3.82899018844596
3.039148671903071
3.290321609248305
3.4548223999466066
3.056564762130954
4.048672233859606
2.789898095464288
3.5726236638951634
3.976960779377616
3.5383105956150054
1.4885252948977485
3.197159723424149
3.690260390968384
3.8695767463163935
3.860442532926189
3.10845859334435
3.2639334294856344
3.8951509201400127
3.5330516047849017
2.663532754804255
3.057476076289932
3.0220552088742005
3.6167292966721747
3.080500530640267
3.6105772433316417
3.332095398660169
3.3927474104487847
3.3745560483818835
3.4632805178108104
3.3118441013102036
3.3927474104487847
3.0105996649587876
2.7773627950641693
3.7806390622295662
1.4577174691301484
1.0144044449514424
3.6537567082870015
3.378783493486176
3.182005814760214
3.5219280948873624
3.904315949407467
3.9947641270344936
1.584962500721156
3.417483149926974
3.863180711403107
3.5355820479705753
2.927451224964519
3.9343813435048056
1.584962500721156
3.2516291673878226
2.973557262275185
3.25
3.521640636343319
3.697845823084412
3.414441303694973
3.7321588913645694
3.9412536602989308
3.898241825355831
3.9234181134649706
3.9008744388978225
3.574114375716849
3.7435750679701676
3.8465807855128857
3.750749916435479
3.7746645334077806
3.3437327774547794
3.24034578834334
3.6537376670288926
3.2766108716544045
3.7179865681339916
3.7913088949750198
3.2875070482676585
3.8343042456007566
3.2885023057715053
3.4244801867931782
3.1552215288595113
3.159321514822744
3.832109238998191
3.555103210868642
3.7787599204576465
3.6882534477684157
3.7739427136238333
2.7732698037311407
3.6260221526381406
3.676641733102591
3.7497188432682695
3.442862165155466
3.7403155659869953
3.039148671903071
3.92088797008883
3.7815715121951174
3.478670650299986
4.084798017284961
3.9968478138184853
1.5
3.6994705707972506
2.918295834054489
0.9182958340544896
3.0440579222415343
4.106594497942673
4.016984404505586
3.9237737797176546
3.6572682296173897
3.8205898566665457
3.7335902945866355
3.6168746059562227
3.2516291673878226
2.8553885422075336
2.378783493486176
2.7773627950641693
2.6612262562697895
3.039148671903071
3.238901256602631
2.9056390622295662
3.039148671903071
3.32323142879762
3.260828171224455
3.2516291673878226
3.6644977792004623
3.675310868912364
3.3656365760772866
3.796217602590056
3.238901256602631
3.4613201402110083
3.2516291673878226
3.189898095464287
0.9055872616982603
2.91989341402812
3.0056921815511317
2.2516291673878226
3.484183719779189
3.0957952550009344
3.521640636343319
3.4548223999466066
3.2516291673878226
3.471354487013928
3.642149881636903
3.2516291673878226
3.403989446485262
3.6402239289418516
3.628085278891395
3.575999097216127
3.429275070710713
3.8431390622295662
3.558518613048906
3.118078209349709
3.77466102260727
3.8910457603904334
2.918295834054489
1.3372449392958772
3.077819531114783
2.931208948910323
1.188721875540867
0.8795064608120066
3.932948130506891
3.95905708166975
3.6143694458867563
4.065400722464318
3.373557262275185
3.0269868333592873
3.7395722619867224
2.8553885422075336
3.378783493486176
3.777362795064169
3.238901256602631
3.197159723424149
3.1068905956085184
3.569702316978284
3.327819531114783
3.3660913291191923
3.5590795706241742
3.471354487013928
3.350209029099897
3.0850551027564768
3.1556390622295662
3.3371753411230776
3.2516291673878226
3.3660913291191914
3.327819531114783
3.291562502003212
2.6612262562697895
0.7793498372920851
0.9932338197397066
2.8729055953200557
3.5068905956085183
3.051601636871704
2.792481250360578
3.2866294867861954
3.88614658824991
3.729446194905257
3.0071964896856174
3.6925035614687864
3.308751351247166
3.188721875540867
3.6887218755408675
3.830237069048825
3.572469458770136
3.4992275471326932
3.5883543471732335
3.5542292966721747
2.5995812306460646
3.665505233016322
3.016875695766564
2.8553885422075336
3.8654633039469646
0.0
2.449311833026446
3.2516291673878226
3.378783493486176
3.521640636343319
3.521640636343319
3.477175233435623
2.8423709931771093
3.0269868333592873
2.699513850319966
3.8332696895151077
3.5781238944525073
3.930016000570996
3.5585186130489057
3.6694110020153436
3.7806488041190636
3.7983512260625822
1.0
3.180832987205441
3.0849625007211556
3.4677201004744997
3.238901256602631
3.576617644908665
3.675310868912364
3.6168746059562227
3.084962500721156
3.446439344671015
3.084962500721156
2.33012496531497
2.903701696057348
2.82584593404075
3.561607392201214
3.3927474104487847
3.379470570797251
3.5132696895151083
3.787042812031905
3.2254128972590443
3.270942421748537
3.9674952788586033
3.350209029099897
3.452819531114783
2.610577243331642
3.9061754385661773
2.792481250360578
3.521640636343319
2.9312089489103235
3.003701696057348
3.7974890417580194
3.378783493486176
2.9632796237050587
2.0
3.546439344671015
3.418295834054489
3.590017217489902
3.5035391228040247
3.3446983751597124
3.1556390622295662
3.4701755214643453
4.10828751725587
3.169925001442312
3.9812224608105238
4.125800429269289
4.178319092320648
4.031522111930802
3.9144681103641625
3.671405583442497
3.182005814760214
4.010570934268483
3.4841837197791885
3.7160160623359073
3.6818808028034016
3.238901256602631
3.1018812234760182
2.584962500721156
3.3825680832760763
2.5654483718208256
3.202819531114783
2.5220552088742005
3.4594911601991534
3.3082708345352603
2.835237745312118
3.180832987205441
3.0269868333592873
3.7970421653407156
3.378783493486176
2.8855130303998817
2.8553885422075336
3.0269868333592873
3.5465935642949384
3.418295834054489
3.4713544870139286
3.084962500721156
3.625
3.0306390622295662
1.3143204867061788
2.8731406795131336
1.894107906185688
3.425118550357139
3.452819531114783
3.7811794755116206
3.874970844549527
4.016931926525684
1.4256051990169438
1.3699740752745009
3.366091329119192
3.6375903597214685
2.950212064914747
3.0306390622295662
3.7043494289560517
3.1555650133297184
3.762093804305106
3.719739433770471
3.9511943630832222
3.9134007456613777
3.3232314287976203
3.2516291673878226
3.327819531114783
3.327819531114783
3.6692750707107122
3.4713544870139286
2.4508257945180887
2.6312929881819
3.522393930329911
3.084962500721156
3.7406015629507228
3.593657665390962
3.2927701939369904
3.842838270889605
3.877404576510614
3.543465189601647
3.593269689515107
3.9511943630832222
1.0
3.6926694865652796
3.321104330578489
3.826634492855495
3.4277409762329367
3.3787834934861767
3.928265043159906
1.9219280948873623
2.8553885422075336
3.988270659129691
1.207518749639422
3.1751231351134614
1.584962500721156
3.909813435477728
4.041431524016413
2.497186349329062
3.3512334229667196
3.384183719779189
2.918295834054489
3.1751231351134614
3.901449181656169
3.546439344671015
3.60693673217532
3.481714572986073
3.454822399946607
3.1158340921632197
2.8553885422075336
3.9925150316573266
3.773549906489724
4.025983240720224
2.418295834054489
2.7898980954642876
3.781076011914607
3.8101442437149684
3.8849750605016635
3.8104290890192276
3.4104172527605203
3.2195282822995477
3.927042934315742
3.127986806877675
3.8517796108314117
3.743377462774617
3.9467272655620227
3.8870984278842426
3.8756833542008295
3.995350287525631
3.3086949695628416
3.5465935642949384
3.381580488309164
2.858555211870314
3.373557262275185
3.2516291673878226
3.232101804845414
3.0269868333592873
3.909368063943885
3.652130557318382
2.4996981431844145
4.02954336940814
3.3082708345352603
3.5086949695628418
3.108694969562842
4.098358701933357
4.115721086801946
3.9796581875282797
3.41041725276052
2.477217001462482
3.392147223664534
2.9219280948873623
1.9219280948873623
2.939829017466402
3.202819531114783
3.2915625020032118
3.0774058114255176
4.059273603277006
1.0
2.5550365325772657
3.106890595608519
3.5739348962840563
3.8403471164197516
3.039148671903071
3.48582592784901
3.7216117239699003
3.180832987205441
3.9167849662228105
3.182005814760214
3.239097917988786
3.2729055953200556
2.9689185639620974
3.5465935642949384
3.375
2.0930692077718898
3.961998871343371
2.623516641218015
3.6864194113487727
1.584962500721156
3.2516291673878226
2.9689185639620974
3.4632805178108104
3.375
3.573568226458313
3.827819531114783
3.7483286603655737
2.923231428797621
3.9760107890420997
3.2516291673878226
3.1207505427313436
3.332095398660169
3.5883543471732335
3.6841837197791887
3.286629486786195
3.9021869825555955
2.796315422424371
3.521640636343319
3.236857303422074
2.199687794731328
2.3983029951155594
1.650022421648354
0.8865408928220899
3.039148671903071
4.091418651692922
3.1556390622295662
3.09306920777189
3.188721875540867
1.5510981710072647
3.0306390622295662
3.499227541723356
3.238901256602631
3.8667292966721747
3.5724312513221195
3.4632805178108104
3.398250817604555
3.511080496244278
3.7378201980421597
1.2309595631140104
3.454822399946607
3.6163485660751635
3.3816201079487347
3.5724312513221195
3.3248629576173574
3.1395722619867223
2.5654483718208256
2.355388542207534
2.774397470347699
3.4548223999466066
3.182005814760214
3.925582777656032
3.266332639970623
3.452819531114783
2.973557262275185
3.642371448743902
3.640223928941851
3.641249800455478
3.8252517372886508
3.9275741485480746
2.931208948910323
3.084962500721156
3.084962500721156
3.2402239289418526
3.480083695187448
3.7614063297218423
3.337677779700861
3.653660689688185
4.212866401780125
2.584962500721156
2.7534343861887853
3.4182958340544896
3.1182751607709758
3.655045546825804
3.625
3.1279868068776753
3.419381945646371
3.8731406795131322
3.577819531114783
3.6402239289418516
3.459147917027245
2.7898980954642876
2.98345859334435
2.7806390622295662
3.783465189601646
3.2359263506290334
3.463280517810811
3.633974075997158
3.9395040169195656
3.653756708287001
3.390805482076981
3.5549537379029332
3.3611615366689986
3.99206264288088
4.014737671134051
4.070016176449626
1.584962500721156
3.0071964896856174
3.238901256602631
2.974937501201927
3.831239346361863
3.972573883611434
1.584962500721156
4.164440431800927
3.5746987351738495
3.346439344671015
3.8536228632672023
3.182005814760214
1.0
2.067031495157584
3.0850551027564768
3.0220552088742
3.5132696895151083
3.572623663895164
3.5883543471732335
3.2359263506290334
3.238901256602631
2.873140679513133
3.039148671903071
3.5342190211803413
3.733660689688185
2.5220552088742
0.9182958340544896
3.085055102756477
3.350209029099897
4.191290162321207
0.9182958340544896
3.5664280318460246
3.3787834934861767
3.6424896731661263
3.263933429485634
3.2321018048454135
3.607017709595356
3.4772170014624826
3.3927474104487847
1.2916919971380596
2.9708400131019848
2.6644977792004614
2.918295834054489
3.2516291673878226
3.0269868333592873
3.621928094887362
3.661226256269789
3.308751351247166
3.375
2.8150724101159437
3.085055102756477
2.955913095175825
3.0850551027564768
3.109275070710713
0.9912642605354288
0.9637459942073318
1.3677803619824775
2.9339545780481746
3.85416328885666
3.857306856898128
3.775475847209144
3.726444982211963
3.813660689688185
2.984234164652489
3.824862957617356
3.454822399946607
3.346439344671015
3.378783493486176
3.6349899593310995
3.5306390622295662
3.182005814760214
3.811454950775991
2.8553885422075336
3.368042422572715
3.6612262562697886
3.523492814072091
2.822181958642873
3.8707817728566996
3.4548223999466066
3.0936606896881855
3.6789347039237965
3.675310868912364
1.5
3.7192945256669785
2.9689185639620974
3.7192945256669785
4.182788564026314
3.875791220626006
3.950063756436209
3.903860206708995
3.7525842461721624
3.6133373140453067
3.8900892339739777
3.3990795706241745
4.21302390908607
2.0
3.6887218755408675
3.446439344671015
2.958542981880303
2.858118463097969
2.8731406795131336
2.9274512249645186
3.5535088547976788
3.2210972500579564
3.775771409429154
3.0306390622295662
3.6234651896016463
3.5342190211803413
3.803078447433318
3.1294655269845846
2.469670487371862
3.0901998765158556
3.7148697866030833
2.751629167387823
3.6094963344256965
3.180832987205441
3.4316235658474303
3.3231428049945437
3.572623663895164
3.378727103656466
3.7456207689994705
3.3787834934861767
3.378783493486176
3.039148671903071
3.327819531114783
3.675431071453984
3.2359263506290334
3.4613201402110083
3.6749160000010233
3.2359263506290334
3.2195282822995477
3.6009587889358863
3.334209459448049
3.8527277834538585
3.684183719779189
3.322179345516666
3.350209029099897
3.7409821015340743
3.4399364703978077
3.796217602590056
3.4952392584608263
3.327819531114783
3.5368867237421666
2.9708400131019848
3.988077434998131
3.7130477796125496
3.4992275471326932
2.9182958340544896
3.5766176449086653
3.775475847209144
3.6368938042626997
3.979954206442756
3.820888851350189
3.8671677123292327
3.9123697847366006
3.789896609060177
3.5
3.641249800455479
2.5492553971685
3.238901256602631
3.8040063852515473
3.521640636343319
3.8695511558146696
3.221097250057956
3.2516291673878226
3.4677201004744997
2.688721875540867
3.085055102756477
3.182005814760214
3.408694969562842
3.2359263506290326
3.5068905956085192
3.1898980954642875
3.3027227528624894
1.6087001655198914
3.3248629576173574
3.964735178725505
3.202819531114783
3.392147223664534
3.337175341123077
3.7670273171353443
3.821311940104173
3.6094963344256965
3.756063950186841
3.4548223999466066
1.6697367178034823
3.8883580456333107
2.8553885422075336
3.175123135113461
3.5973252442304484
2.8150724101159437
2.9182958340544896
3.039148671903071
3.86891423664193
2.950212064914748
3.317640005966217
2.699513850319966
3.0306390622295662
3.792740497448055
3.6561983328100944
2.321928094887362
3.5725738836114345
3.084962500721156
2.0
2.7898966090601776
3.375
3.334679141051595
2.9655839357277802
3.59448250651942
3.521640636343319
3.283326937686059
3.1556390622295662
3.5368867237421666
3.9232517969803364
3.125
1.3792804872910605
1.5510981710072647
4.093584055048815
3.857016588002657
2.7192945256669794
3.182005814760214
3.43162356584743
3.8711153651692727
3.660169450009578
3.238901256602631
3.810081020521731
3.0269868333592873
2.6644977792004614
4.1672392496421145
1.0
1.8919954870390203
3.5883543471732335
3.9847872735162566
2.321928094887362
3.843010159554855
3.5618976181697724
2.9219280948873623
2.0
3.983342099382736
3.639325686934943
3.9346436553586575
2.8453509366224368
4.004416061283036
2.0
2.751629167387823
3.4464393446710155
3.2883201891060003
3.6424896731661263
4.110702037162344
3.840544519124035
3.9147829300581214
2.9139770731827523
3.7424818447981854
3.6375375112660517
3.521928094887362
2.3458519893382603
3.2658813699600984
4.016312640178081
2.8962915290459277
3.3263604079526936
4.078691415967804
4.042280305862821
3.0062389286533895
4.025555565170781
3.8169642720566235
2.842370993177109
3.7972628025062236
3.277613436819116
3.8115988830265195
2.4591479170272446
4.071436266592191
3.4031071683628116
1.0
3.4859175795054953
3.868220250848072
2.8553885422075336
2.5
3.2780614658328315
2.9139770731827523
1.0
4.026953565250107
3.890319531114783
3.6887218755408675
2.751629167387823
1.3244602933016414
3.6532359131272916
3.155565013329718
3.6217370983317076
3.260828171224455
3.128085278891395
2.6213526136130225
3.6143694458867563
3.7256507561120933
3.337175341123077
2.321928094887362
3.085055102756477
2.9477027792200903
3.5465935642949384
3.7287244452691404
1.0
3.4182958340544896
3.6978458230844113
3.180832987205441
3.292770193936991
3.377443751081734
3.2516291673878226
3.039148671903071
3.238901256602631
2.8731406795131336
3.506890595608519
3.391386469985718
3.546593564294939
3.7395722619867224
1.4182958340544896
3.419381945646371
3.155221528859512
2.0191534613250357
1.1216407621868583
1.442508097190614
2.4003785457920284
2.033245861751141
2.0741647430225756
3.327819531114783
3.0269868333592873
3.321104330578489
3.0849625007211556
3.925410635240724
3.7034651896016464
3.3231428049945433
4.073768212108436
3.685188619094791
3.5282424844314786
3.039148671903071
3.537546408422564
3.7024715122197462
3.5886638158036734
3.459491160199153
3.834962500721157
3.2927701939369904
3.366091329119192
3.3535339485774815
3.7843684875968617
3.266332639970623
3.6897037321995474
3.4613201402110083
2.8553885422075336
3.0850551027564768
3.084962500721156
3.2678941476196224
3.5944656369614516
3.527518266288633
3.452819531114783
3.7617429690731927
3.521640636343319
3.084962500721156
4.05583924361061
3.5421176810056703
3.2813734094119904
2.9139770731827523
4.014716825282092
3.6395225199945047
3.7256507561120937
3.32323142879762
3.403989446485262
3.980092103440967
1.584962500721156
3.260828171224455
3.8449578389199597
3.5724694587701364
3.673338835609617
3.077819531114783
3.85416328885666
3.4701755214643453
3.430420636666331
3.4276942711037672
3.6827347174280893
3.6375375112660517
3.1068905956085184
3.2516291673878226
3.5849625007211565
3.5032583347756456
2.8553885422075336
3.8062389286533893
3.4251185503571397
3.327819531114783
3.6978458230844122
3.8573068568981284
3.108694969562842
3.180832987205441
3.084962500721156
3.084962500721156
3.4273334938982645
3.326360407952694
3.6978458230844122
3.8035088547976783
3.7849418274376423
3.708132064658602
3.1808329872054406
3.4613201402110083
3.182005814760214
3.25
3.572469458770136
3.084962500721156
3.7849418274376423
3.7151709375922737
3.327819531114783
3.6537567082870006
3.180832987205441
3.5368867237421666
3.471354487013929
3.2359263506290334
3.182005814760214
3.169925001442312
3.6168746059562227
3.6424896731661263
3.0306390622295662
3.180832987205441
3.897410418389429
3.5068905956085183
3.4371932086075936
3.372086153649881
3.942397290364259
3.409863956163416
3.764141560895371
4.091168623360674
3.484183719779189
3.193269689515108
3.7302896912181245
3.1958468151117168
3.3841837197791884
3.8813283859124614
3.239097917988786
3.7080933915774974
3.1056721842714325
3.5745575141319303
3.1395722619867223
3.2464393446710154
3.594465636961452
4.124481302785688
3.7499412381433186
3.085055102756477
3.8537016960573474
3.5220552088742005
4.045701206600038
4.014213190733109
4.020972752282769
3.657385276650178
3.756090189660914
3.238901256602631
3.927567927601096
3.39775307095779
3.3396035303481604
2.928168767991267
2.7272170014624826
3.557306907112486
3.4565647621309536
3.342370993177109
3.6668854142994105
3.4992275417233563
3.323231428797621
3.381620107948735
3.468001869937714
3.039148671903071
3.189898095464287
3.46228836907077
2.950212064914748
3.4745049881054295
3.5434214960675314
3.5373207250920906
3.483074189428569
1.0389205950315936
3.6619328723735824
2.688721875540867
3.584962500721156
3.638252707130774
3.858802914461594
3.454822399946607
1.0
3.449145042957841
3.0220552088742
3.2359263506290334
1.9749375012019268
2.005977711423774
2.251629167387823
2.263809173883546
3.0705981190900795
3.5724312513221195
3.8411714310520324
3.901188249902868
3.2734060206819877
3.0849625007211556
3.202819531114783
3.418295834054489
4.055443678842415
1.0
3.319773835029478
3.5724312513221195
3.182005814760214
3.238901256602631
3.3304399385868573
3.6105772433316425
3.9053077763737463
3.840083251972111
3.5465935642949384
3.0269868333592873
3.6644977792004623
0.7732283485249176
0.9957274520849255
3.9203313916688733
3.6514789228933084
1.0892300788425848
1.4885252948977485
1.2958363892911637
3.3927474104487847
3.6764409086968683
3.667314615369613
3.2044479607083516
3.1916116417513782
3.5434651896016467
3.446439344671015
3.633505994978368
3.565448371820825
3.4565647621309536
3.5966744634239802
3.546439344671015
3.281036112553423
3.1534111926211223
3.259904984511607
3.2728043273346206
3.0269868333592873
3.642371448743902
3.589518302689536
3.9870900416203345
3.7264741182543752
4.0512884775313225
3.488525294897748
3.1018812234760182
3.3927474104487847
2.9182958340544896
3.195295934496217
2.8584585933443494
3.0269868333592873
3.2359263506290326
3.189898095464287
0.9912642605354288
4.073329701949522
1.6266144718101818
2.9312089489103235
1.1432524757851013
0.0
3.5013978254341027
2.85845859334435
3.952584246172162
3.575888514681297
3.6993370688471336
2.0
4.028916799425565
1.0
3.2015152803175133
3.9669759926795995
3.8061983328100943
3.475909377088532
3.9442741274303077
3.6911896729124325
3.443513753449852
2.2527241956246544
2.643390663721141
2.6772692117785937
3.327819531114783
3.3274847819558424
3.7929059878062295
2.9852281360342516
3.4314134569803287
3.452819531114783
3.350209029099897
3.238901256602631
3.238901256602631
3.085055102756477
3.461320140211008
3.7189532820450215
3.43162356584743
2.931208948910323
2.355388542207534
3.350209029099897
4.043015851304492
0.0
3.9780663662402693
3.5032583347756456
3.9118589054145056
3.572469458770136
3.558518613048906
3.791218512787837
3.127986806877675
3.811037868342279
3.7501636808897563
3.680089353694807
3.9278372554366383
3.567040216926579
3.869331261111518
3.546439344671015
3.155221528859512
3.2810361125534233
3.586970655848723
3.350209029099897
1.4716022614097979
2.8225797618424915
3.6292196865240958
3.945464952495108
3.992350904130439
3.238901256602631
2.8731406795131336
3.379470570797251
3.8787834934861753
3.039148671903072
3.0269868333592873
3.53641423712223
3.381580488309164
3.5944825065194204
3.6521305573183827
3.09306920777189
3.1808329872054406
3.09306920777189
3.625
3.6565647621309543
3.077819531114783
3.334679141051595
3.958229168669879
3.8651991968878647
3.7811470208191236
3.2494602799216175
3.658993415253805
3.384183719779189
2.623516641218015
3.007196489685618
2.789898095464287
3.2516291673878226
2.5654483718208256
4.102457484291728
3.810081020521731
3.835672662165552
4.088132304874298
2.78845045730829
3.0306390622295662
3.337175341123077
3.2390979179887864
3.288502305771505
3.9510439705632447
3.75
3.952785491485762
3.0850551027564768
3.461320140211008
3.239097917988786
3.2516291673878226
3.2359263506290334
3.359597200693849
2.4634582986483036
3.610389889552675
3.2321018048454135
2.6031579868726
3.7436838434770014
3.6715815881262834
2.6235166412180155
2.7719023720385585
3.378783493486176
3.6753108689123644
3.6753108689123644
3.4104172527605203
3.2516291673878226
3.5944656369614516
3.4273334938982645
3.350209029099897
2.7773627950641697
3.0
3.6649025162371998
3.317640005966217
3.6887218755408675
3.0565647621309537
3.3680424225727155
2.918295834054489
3.461320140211008
3.9934988160646787
0.0
3.5464393446710156
3.058813890331201
3.7550576199383072
2.446439344671015
0.9182958340544896
2.7192945256669794
3.7082577086340227
3.1068905956085184
3.616348566075164
2.9219280948873623
4.0047779040672875
1.5
3.676632889127877
3.3576439260128503
3.7377451654565217
3.944548827786958
3.643074189428569
4.094477763855783
3.3241767435304808
3.763558599134237
0.0
4.175502786277022
3.788754913993502
3.9765658288629337
3.8606563273820944
3.89686559608929
2.0
4.055872382909117
1.0
3.653660689688185
2.9852281360342525
3.1556390622295662
3.7974165797919066
4.11871740924686
3.573934896284056
3.4841837197791885
4.1790114541967585
4.000978092779002
4.071005941555348
3.66898695845306
0.7416847557897408
0.9141828384352135
3.0269868333592873
3.572431251322119
3.1556390622295662
3.7427308737169427
2.692380602454975
3.202819531114783
3.5645404777369882
4.180365114215879
3.991215118048564
1.0
4.046694097263575
4.084127278866338
3.4872754307630838
2.1765126412710245
3.6066338100379283
3.813905657427887
3.560887217242649
3.959819373513088
3.346439344671015
3.1184104338705723
3.624379701651112
4.151029410213751
2.8553885422075336
2.8553885422075336
3.881832665522081
3.0403733936884954
3.577819531114783
3.438721875540867
3.5780011510322707
2.66122625626979
2.8553885422075336
3.550933134051051
3.5465935642949384
2.94770277922009
1.584962500721156
3.2195282822995477
4.120646797932803
3.753434386188785
3.7827398570278126
3.0220552088742
2.873140679513133
2.8553885422075336
4.083798039987034
3.459147917027245
2.827819531114783
3.675891607559631
3.419381945646371
3.602238106562418
2.5849625007211556
3.5674078582027606
2.9689185639620974
3.54595859334435
3.9320478401903314
3.9640571005400185
2.8729055953200557
3.3927474104487847
3.5
3.4104172527605203
3.0306390622295662
3.334679141051595
3.546593564294939
2.939829017466402
3.419381945646371
1.1451104143815827
3.238901256602631
3.077819531114783
2.4834585933443494
3.2610439833372844
3.978410804082234
3.925410635240724
3.890255192111428
3.5659573209491744
3.277613436819116
0.0
2.9689185639620974
3.8140886909365026
3.795088586397733
3.1395722619867223
3.292770193936991
4.011666578516433
3.182005814760214
3.0850551027564768
3.623516641218015
3.379470570797252
3.3675365325772657
3.006238928653389
3.614438730983426
3.180832987205441
3.238901256602631
3.9681390622295662
3.710894855341961
3.392747410448785
4.029096152360618
3.337175341123077
3.418295834054489
3.890567539624236
2.66122625626979
2.7534343861887853
3.8108023066492214
2.9735572622751856
3.656256986256212
3.4816615121017565
3.7004397181410917
3.2359263506290326
3.4569744267451346
2.903701696057348
3.0849625007211556
3.7250705203641807
3.950987125440962
2.0
3.355388542207534
3.251629167387823
3.3248629576173574
3.521640636343319
3.684183719779189
2.584962500721156
3.039148671903071
2.8731406795131336
2.8423709931771084
3.3927474104487847
3.2360955062307446
3.2946635862096043
2.984234164652489
2.9852281360342516
2.688721875540867
3.1018812234760182
3.440070116549512
3.9752062472126126
3.1395722619867223
3.1086949695628423
2.873140679513133
3.594465636961452
3.998652546878167
2.011920928594794
3.182005814760214
0.9182958340544896
3.2516291673878226
3.4058222502856896
2.7898980954642876
3.9784939036661573
3.8785848023501837
3.238901256602631
3.625
3.627763553007399
3.2709505944546686
3.2639334294856344
3.8043344609220293
3.5585186130489057
3.8695767463163935
3.2359263506290334
3.7224385005301968
3.5599000019230838
3.2574258137630507
4.018846705679022
3.6655307623942504
3.1307179879273748
3.7148697866030833
3.721928094887362
3.454986855772667
3.983365552033447
3.7765092166336305
4.038685080196038
4.163723971861341
4.092636948468715
1.584962500721156
3.625
3.327819531114783
3.4548223999466066
3.189898095464287
2.625814583693911
4.21150235678756
2.0
3.4613201402110083
1.014097655573916
1.1400677626718572
2.950212064914747
3.509685696912064
3.0269868333592873
3.734521664779752
3.534848613650846
3.7841837197791888
3.326360407952693
3.8526761974263772
3.375
3.5585186130489057
3.6897037321995474
3.4613201402110083
3.5068905956085183
3.5766176449086653
3.4632805178108104
3.5841837197791886
3.4713544870139286
3.3660913291191914
2.625814583693911
3.7544418457133446
3.2135132560090716
3.2359263506290334
3.106890595608519
3.4548223999466066
3.690296503327815
3.751629167387823
3.833460606326091
3.336378120067536
2.5654483718208256
3.2359263506290334
3.6552215288595113
3.308751351247166
3.5949054612278935
1.584962500721156
3.085055102756477
3.572469458770136
2.9258530145612824
3.872905595320056
3.5068905956085183
3.32323142879762
3.0565647621309546
3.5068905956085183
3.760421209521994
3.6234651896016468
3.5383105956150054
3.375
3.4841837197791885
3.4613373695260785
3.337175341123077
3.418295834054489
3.998232282211645
3.1996877947313274
3.3532696895151086
3.9514341919718237
3.91544557203314
3.756795811071915
3.0220552088742
2.931208948910323
3.3735572622751855
3.182005814760214
3.594465636961452
0.9967916319816366
3.3815804883091634
2.755123044017255
2.5654483718208256
2.75
2.760313697312511
3.21652095028804
2.8284768541773575
2.789275070710713
3.12466481953371
2.855388542207534
3.08211960356939
3.006238928653389
3.2402483960116117
2.353533948577482
3.2218194811298053
2.7534343861887853
3.2008257945180887
2.987090041620334
2.6455933144511468
2.739353872167201
3.194260034409697
3.272636917747033
3.098870523901816
3.1948704881191046
3.125814583693912
3.0960639591685455
2.8150724101159437
3.208841039028023
3.321358261804327
2.5220552088742005
3.0528786893420303
2.73345859334435
3.0823281368584294
2.278351811711312
2.9689185639620974
2.751629167387823
3.2639334294856344
3.5724312513221195
3.5092750707107125
3.9793002023695294
3.0269868333592873
3.8302775422592976
3.5883543471732335
3.5032583347756456
3.7841837197791888
4.210290980548024
2.0
3.7830140032660013
3.238901256602631
3.7256507561120933
3.32323142879762
3.73215889136457
3.9736606896881854
3.392747410448785
2.8218881955261788
3.327819531114783
3.7602502466337184
3.6901165175936654
3.7871439606981383
3.8040063852515478
3.4852281360342516
4.1781028976435755
1.0
4.145735544373733
3.8276063407246457
3.984348757255301
3.7409532604048397
3.867997406388214
4.036330033609957
3.890984207056169
3.5330516047849017
3.6163485660751635
3.25
3.521640636343319
2.2524639088178278
4.003566185958841
4.11025940196184
1.5
0.8439491244805034
3.4917292966721747
2.8731406795131336
3.351953074246375
3.7232314287976207
3.30827083453526
2.889549430862088
3.73624341298306
3.7820896423727435
2.9995812306460645
3.373557262275185
3.391892644680931
3.52257158913636
3.614369445886757
3.6841837197791887
3.805496793698874
3.7647351787255046
3.0849625007211556
2.7773627950641697
3.0841837197791886
1.207518749639422
3.528242484431478
3.9508552739324854
3.870856342959184
3.327819531114783
3.484183719779189
3.378783493486176
3.3221793455166666
3.4585250192341497
3.8588893219978853
3.139572261986723
3.350209029099897
2.75
2.8150724101159437
3.6163485660751635
3.269275070710713
3.25
3.6123008763572906
3.625
3.5843031793467115
3.2402239289418517
3.869331261111519
3.180832987205441
3.1009166856947723
2.751629167387823
2.905764584655453
3.3927474104487847
3.4316235658474303
2.1920058354921066
2.263809173883546
2.4466166676282084
2.145136370153053
3.96472003137076
3.7846247953274226
2.965583935727781
3.698376856410489
3.729246074507717
3.9917820232337955
3.558518613048906
3.860379370831397
3.414441303694973
3.6427741506984646
3.8017525240122354
3.086048612313038
3.30827083453526
1.0
3.188721875540867
3.375
3.2795521154442158
3.699810460910167
4.071255300008585
3.812560320256768
3.8497854678028616
3.694739663055176
3.5736606896881855
3.6457113704075788
3.538310595615005
3.3087513512471665
3.787143960698139
3.5804621997271013
3.2516291673878226
3.6168746059562227
3.653756708287
3.5777471629109443
2.5073801024236353
3.536886723742167
2.7528553052032327
3.8278326164749097
3.572469458770136
3.327819531114783
3.2359263506290334
2.8150724101159437
3.5362434129830604
3.5535088547976788
3.7544418457133446
3.202819531114783
3.139572261986723
3.182005814760214
3.182005814760214
3.621175542919471
3.238901256602631
3.6682958340544896
2.792481250360578
3.40582225028569
3.1898980954642866
3.084962500721156
3.2888840705376357
3.484183719779189
3.621928094887362
3.327819531114783
3.705496089460615
3.463710641914682
1.0
4.06279520858371
3.430036532577266
4.026407909164422
3.743377462774617
2.447966499549277
3.0983145833563177
2.7719023720385585
2.0
3.8076208754003225
3.0269868333592873
3.626640630705244
2.584962500721156
2.9312089489103235
0.8475846798245739
1.5032583347756456
2.9232314287976204
3.197159723424149
3.5585186130489057
3.653756708287001
3.762828946063731
3.461320140211008
3.1751231351134614
3.816637049538277
3.2359263506290334
3.350209029099897
3.446439344671015
2.9182958340544896
3.221928094887362
2.8962915290459277
3.355388542207534
2.7773627950641693
3.7254805569978675
3.005314856894279
2.8888840705376353
3.0849625007211556
3.346439344671015
3.5
2.7806390622295662
3.3232314287976203
3.503258334775645
3.239097917988786
3.0324156286861546
3.058813890331201
3.350209029099897
3.811684668702565
3.4144413036949723
0.0
3.867464591696112
3.7148697866030838
3.0269868333592873
3.842857292808497
4.081135448836202
2.9182958340544896
3.4464393446710155
4.0542011960757325
3.40307418942857
4.059812290247253
3.9939057825682673
0.0
3.2927701939369904
3.667928472292448
3.4695767463163936
3.238901256602631
3.572431251322119
3.4910266972723916
3.408053132659755
3.672287961313921
2.0
3.202819531114783
1.1542221846835221
3.0574760762899316
3.146286370662105
3.4928827102889057
3.319049450414413
3.852421151644845
3.9164813583774225
4.145725915447948
3.373557262275185
3.238901256602631
4.015911198560372
1.3709505944546687
3.3927474104487847
3.625
3.056564762130954
2.751629167387823
3.581444787932611
3.633974075997158
3.633974075997158
3.6423714487439027
4.028162710549677
2.918295834054489
3.4613201402110083
3.7600172778496526
3.7043029317756164
3.2516291673878226
1.0389205950315936
3.481714572986073
2.355388542207534
3.4182958340544896
3.953565664946427
3.753424276559887
3.7267374734123866
3.695501148817395
0.8683927290103626
0.9055872616982603
3.2516291673878226
3.5766176449086657
4.038873585546249
3.189898095464287
3.7464393446710154
3.125
3.202819531114783
3.9066505485400786
3.1820058147602133
3.594949392965062
3.468576629687865
3.501397825434103
3.2516291673878226
3.0269868333592873
3.8208018219708704
3.558518613048906
3.8693312611115185
0.7345299214394703
2.702819531114783
2.9056390622295662
3.808047190938307
3.948394345536403
3.471354487013928
0.9912642605354288
2.8185282746144464
3.91450375976028
3.6761085007312415
3.333660689688185
3.9238434722722633
3.596683891757928
3.6339740759971577
1.584962500721156
3.9955376473507
3.9442298706911805
3.3801967129845774
3.535934231094091
2.974937501201927
3.2368573034220733
1.5064431878202948
1.4182958340544896
3.787866277236509
2.721928094887362
1.584962500721156
3.621928094887362
3.6644977792004623
3.2516291673878226
3.381580488309164
3.890319531114783
3.3735572622751846
3.735281416219837
3.8239791415486644
2.8150724101159437
3.3248629576173574
2.689246428509158
3.538310595615006
3.4273334938982645
3.653660689688185
3.4713544870139286
3.6424896731661263
3.5892750707107126
3.783465189601646
3.663532754804254
3.41041725276052
3.8100810205217313
3.6094963344256965
3.555533151426996
4.086167216823845
3.2456573285181993
3.1018812234760182
3.09306920777189
2.584962500721156
2.9258530145612824
4.0631094492222255
3.6887218755408675
3.5949054612278935
3.4906015629507228
4.128603158798572
1.0
3.0130709291038453
3.6980685120588386
3.821928094887362
3.7628183952216414
3.7822516820372316
3.8381558906789426
3.3248629576173574
2.873140679513133
3.240223928941852
3.577107161885248
3.1748858687242363
3.7709424217485377
3.9491514483756487
3.721881085402018
3.8045851693377997
3.238901256602631
3.5032583347756456
3.933209418831505
3.139572261986723
3.085055102756477
2.7898980954642876
3.584962500721156
3.0220552088742005
3.327819531114783
3.1555650133297184
2.873140679513133
2.900051698999542
3.5535088547976783
3.2516291673878226
3.9772086288967645
3.2359263506290334
3.5132696895151074
3.8404025467025056
3.251629167387823
3.039148671903071
2.9852281360342525
3.8192509128388292
3.6163485660751635
1.9864267287308424
1.7841591278514217
2.263809173883546
2.148834854280917
1.9399824743635556
2.0550365325772657
3.472905595320056
3.9049946461397784
3.084962500721156
2.7045348998193433
3.2359263506290334
3.4992275417233567
3.675310868912364
3.4031071683628116
3.8657646371790224
3.702819531114783
3.563074189428569
3.1556390622295662
3.084962500721156
3.695020634116611
3.6074753914554893
3.558518613048906
3.189898095464287
3.717850465126433
3.949177369945297
3.625592237345044
2.865957320949175
3.923471071533122
3.565448371820825
3.9093680639438846
3.261043983337285
3.7201755214643453
3.182005814760214
3.5068905956085183
3.251629167387823
2.9182958340544896
2.6612262562697895
3.1279868068776753
3.5625
3.79591002364608
3.5
4.044084203599106
3.084962500721156
2.9258530145612833
3.0062389286533895
3.323231428797621
3.427333493898265
3.0850551027564768
3.8438561897747237
3.558518613048906
3.966624982911989
3.566952218640354
3.2359263506290334
2.7773627950641693
3.943289445392767
3.101881223476018
3.2402239289418517
3.964822026636912
3.155221528859512
2.8402239289418523
3.373557262275185
2.8582783084180448
3.7898980954642876
3.2639334294856344
3.6612262562697886
3.718062967185667
3.327819531114783
3.106890595608519
3.572431251322119
3.6591272437437317
3.4193819456463714
2.1920058354921066
2.251629167387823
1.8380403186191612
3.6644977792004623
3.8820214465367484
4.024354462694566
3.7407713918234875
2.992856050160461
3.6516094970590265
3.7107770844150667
2.0
2.9182958340544896
2.8221819586428727
3.952819531114783
3.7186851741155724
1.584962500721156
3.3248629576173574
3.7294461949052566
3.661226256269789
2.8962915290459277
3.671405583442497
3.629219686524096
3.2359263506290334
3.5766176449086653
2.875
3.182005814760214
3.238901256602631
3.3502090290998967
3.418295834054489
3.43162356584743
3.189898095464287
3.8431390622295662
4.144643172475927
3.989398297800932
3.9763522367378235
3.182005814760214
3.782122224145306
4.108315512968841
3.319773835029478
3.594465636961452
3.084962500721156
3.6537567082870006
4.101677046036106
3.9947641270344936
3.2195282822995477
4.14134057920036
3.6143694458867563
3.8579436276579857
4.167584451033972
3.136863709607318
3.2516291673878226
3.2516291673878226
3.751629167387823
3.854285871987246
3.870468266293563
3.952302977662386
3.943959251335566
3.3735572622751855
3.3248629576173574
3.6635327548042547
3.878068268345523
4.133374783730823
3.084962500721156
2.9852281360342516
3.3735572622751855
3.1619781796795534
3.7445377522609933
3.6287043499044223
3.09306920777189
3.6014097655573916
3.5930692077718898
3.676108500731241
4.018872538224151
3.6028607557121743
3.441163769161013
3.6625732651509115
3.726737473412386
3.4262096139809795
3.9197963618684732
3.6838561897747235
2.8423709931771084
4.010105935987943
3.6229524183974138
4.016564225345955
3.169925001442312
3.9371567217063674
3.3685500767895276
2.941446071165522
3.1751231351134614
3.660129486751589
2.8221819586428727
3.1368637096073186
3.7502031253563426
3.3816201079487347
3.016875695766564
2.0
2.855388542207534
3.6053885422075336
3.51602764126623
3.125
2.950212064914748
3.675310868912364
3.421722910492978
3.77850207357611
2.7534343861887853
3.182005814760214
4.116077851876405
4.1999397318185725
4.113810008860144
4.0656330087053005
2.0
4.0887177274818995
3.7559130951758246
3.8938069973593765
4.038831487489014
4.008842379973971
3.7411558556380644
1.2987949406953985
2.0
3.238901256602631
2.610577243331642
2.931208948910323
2.016388806662077
2.2312702546075758
1.0
3.375
3.2810361125534233
2.8522170014624826
3.813660689688185
2.9398290174664026
3.463280517810811
3.0849625007211556
3.691994407749645
3.6163485660751635
3.084962500721156
3.750861688010103
0.4618817047103702
3.992588549107779
3.9511430177077895
3.2516291673878226
3.8796640049025934
3.4713544870139286
3.6572682296173897
3.337175341123077
3.2516291673878226
3.085055102756477
3.238901256602631
3.584962500721156
1.3752793655393791
3.5
3.175123135113461
3.266332639970623
3.260828171224455
3.350209029099897
3.601227480952956
3.6536606896881847
3.9997877191848734
3.4936606896881854
3.188721875540867
4.192558295610947
3.452819531114783
3.4182958340544896
3.418295834054489
3.9941644606571383
2.751629167387823
3.71937582241537
3.326360407952693
3.6168746059562227
2.889549430862088
3.3735572622751855
3.341446071165522
1.3342094594480487
3.5160276412662297
3.6565647621309543
1.0
3.9387218755408675
2.950212064914747
3.776492554584251
2.584962500721156
3.9113711857865776
3.584303179346712
3.7532066390959757
3.188721875540867
3.2402239289418517
2.8150724101159437
3.7181390622295662
3.53641423712223
3.493660689688185
3.2501026694564064
4.014209981969091
4.021842042798749
3.606015279620733
3.2359263506290334
3.3927474104487847
2.950212064914747
3.1307179879273748
3.3082708345352603
3.010570934268483
3.2516291673878226
3.0269868333592873
3.96228836907077
3.7043494289560517
1.134969974603941
3.956086736404113
3.5238561897747243
3.9630741894285686
3.874299365354411
3.569773835029478
3.350209029099897
3.182005814760214
2.917405811425518
3.7775511192086584
3.9410349387408994
1.0
3.4182958340544896
0.0
4.023981820580904
3.418295834054489
3.418295834054489
3.5032583347756456
3.5944825065194204
3.821928094887362
3.6178096843744547
3.796217602590056
3.5585186130489057
3.182005814760214
3.121928094887362
1.584962500721156
4.108127783101795
4.151708674237198
1.584962500721156
2.651839805041122
1.584962500721156
2.973557262275185
3.7188463637332143
3.286629486786195
3.6753108689123644
3.2464393446710154
3.697845823084412
3.0062389286533895
3.546439344671015
3.5585186130489057
2.054585169337799
4.064523984251752
1.0
3.501397825434103
3.221097250057956
3.87874213424334
1.5
0.6998428398862386
1.0892300788425848
3.0130709291038453
3.209147917027245
0.951994081908783
0.9933927290103626
3.2402239289418517
3.3263604079526927
3.6841837197791887
3.7979942570583196
3.8046621822889364
3.3027227528624894
3.6556390622295667
3.4821272067338294
3.7211903442066503
3.861073358713991
2.3248629576173565
3.202819531114783
3.418295834054489
3.545658881363032
3.285917579505496
3.5465935642949384
2.899397470347699
3.8248629576173565
3.1841837197791887
3.238901256602631
3.7201755214643453
3.9500637564362093
3.3558342610220864
3.084962500721156
1.1941737342569119
3.3232314287976203
3.375
3.7157126418754824
3.0
3.6823323262263
3.228721929429923
4.010621299990943
3.384183719779189
3.5766176449086657
4.015319531114783
3.7699157907364484
3.5841837197791886
3.085055102756477
3.4182958340544896
3.5
2.950212064914747
3.0269868333592873
3.3248629576173574
3.0306390622295662
2.9182958340544896
3.321104330578489
3.694781460584273
1.0892300788425848
2.7773627950641697
3.661801091561244
3.077819531114783
3.8282375018429553
3.056564762130954
3.7030559073332747
3.7806390622295662
3.566428031846024
3.6371797845675324
3.0220552088742
3.2359263506290334
3.8239348962840563
3.2516291673878226
3.9582766210510036
2.8522170014624826
3.7975930694795585
3.831401845392172
3.82306798227366
3.7197912862239577
3.8100810205217304
3.2390979179887864
3.4407598325400897
3.78175365558017
3.3082708345352603
2.625814583693911
3.1841837197791887
3.2402239289418526
3.086048612313038
2.7534343861887853
3.605388542207534
3.3320953986601696
3.2359263506290334
3.0220552088742
1.207518749639422
3.8642247325745416
4.068863798143706
3.2317306689644627
3.246403948341226
3.717850465126433
3.0849625007211556
3.6764578868080724
2.816307519224645
3.667928472292448
1.0219280948873624
3.084962500721156
3.25
0.9463729359854419
1.0408520829727552
2.8553885422075336
2.5849625007211556
2.5654483718208256
3.8759252009124774
3.921526382294594
3.8278326164749097
2.751629167387823
3.139572261986723
3.9369332162007433
2.7321588913645702
3.149397470347699
3.337175341123077
3.427333493898265
2.6464393446710153
1.584962500721156
3.534219021180341
3.2359263506290334
3.928075747708068
3.573934896284056
4.137530670356554
4.079079570624174
3.027169118440619
4.021777202913511
2.955913095175825
3.6897037321995465
3.202819531114783
3.1813663288914587
3.3211043305784895
2.8962915290459277
2.9182958340544896
3.4613201402110083
3.6168746059562227
3.0220552088742
3.350209029099897
3.221097250057957
3.084962500721156
0.0
3.996033278746759
3.3719702810820817
1.0
3.7999793850498294
3.83572824278476
3.8603793708313976
3.6693360192553452
3.602316558505553
3.107601311512057
3.630062358078027
3.016875695766564
3.956195636817322
4.082366767554071
3.4266160458809476
2.9450386975402445
3.0
2.699513850319966
3.7114515012916294
2.9852281360342516
3.925996297742896
3.7355072643372886
3.332095398660169
3.5841837197791886
3.084962500721156
3.8150610122030693
3.7720552088742005
4.0729969314679435
1.584962500721156
2.8553885422075336
3.381580488309164
3.188721875540867
3.0708470936225174
3.7962176025900556
3.625
1.1451104143815827
3.75
3.7464393446710154
3.2810361125534233
3.202819531114783
3.521640636343319
3.572623663895164
3.381580488309164
3.452819531114783
3.5944656369614516
3.8230679822736606
3.5766176449086653
1.4182958340544896
3.3735572622751855
3.6841837197791887
3.6053377974034158
3.8521687236032816
3.084962500721156
3.0220552088742005
3.536886723742167
2.7192945256669794
3.292770193936991
3.2210972500579573
3.334209459448049
3.3735572622751855
3.5724312513221195
3.5766176449086653
3.4713544870139286
3.7887549139935026
3.3735572622751846
3.5464393446710156
3.238901256602631
3.605388542207534
3.2210972500579573
3.039148671903071
3.238901256602631
0.951994081908783
3.76749469687835
3.590018266288633
3.4695767463163936
3.321928094887362
3.1775662320965252
3.869331261111518
3.606823681551836
2.6644977792004614
3.5073801024236353
3.521640636343319
3.263933429485634
3.8776629493513255
2.8553885422075336
3.031116172456019
2.931109091935486
3.283326937686059
3.438721875540867
3.7034651896016464
3.180832987205441
3.752600468355706
3.6314018453921717
3.9023039608559698
3.7254805569978675
3.3841837197791884
3.188721875540867
0.7075696535050607
3.4130884364257574
3.1018812234760182
3.057476076289932
3.521640636343319
2.918295834054489
2.946439344671015
3.2927701939369904
3.1898980954642866
3.2841837197791883
3.895811989535514
3.2037016960573483
3.763646770676926
3.238901256602631
3.6168746059562227
3.0306390622295662
3.076103170996722
3.5178160905596987
3.2516291673878226
3.1414460711655217
3.128085278891395
3.6698084515817024
3.4613201402110083
2.968918563962097
3.418295834054489
3.125
3.5479069076840855
3.6428244778725056
3.7080481500712326
3.7936340267262203
3.202819531114783
2.692380602454975
3.3329073041943778
3.593269689515108
3.5268051995541745
3.084962500721156
3.4992275471326932
3.449845781696048
3.202819531114783
3.668558765259282
1.584962500721156
4.14307397062501
1.584962500721156
3.701129650809446
3.4182958340544896
3.4548223999466066
3.378783493486176
3.546439344671015
3.6402239289418516
3.155221528859512
3.418295834054489
3.7887549139935026
3.1555650133297184
3.2516291673878226
3.127986806877675
3.8775671571169275
3.5944656369614516
2.872905595320056
3.573934896284056
4.053519393699604
1.584962500721156
3.4565647621309536
3.5585186130489057
3.5137847242254345
2.8225797618424915
3.0269868333592873
3.5758396667352437
2.952819531114783
3.084962500721156
3.493660689688185
3.1898980954642875
2.699513850319966
3.085055102756477
2.8729055953200553
2.8731406795131336
2.2295739585136225
3.272368358901741
1.6893917467430875
2.038159681645953
2.7534343861887853
2.9182958340544896
3.4316235658474303
3.4548223999466066
1.584962500721156
3.703465189601646
3.938177320852283
4.076468808904603
3.6211755429194716
2.881195107760607
4.066677073707229
3.4971558025756684
3.0849625007211556
3.721928094887362
3.182005814760214
3.5
3.721928094887362
3.327819531114783
3.4548223999466066
3.6168746059562227
3.1018812234760182
3.239097917988786
4.075971102336382
3.5132696895151074
3.488525294897748
3.8786122573549355
3.0957952550009344
0.0
3.327819531114783
3.6368421881310122
3.5585186130489057
2.896291529045928
3.4472624994412104
3.7845276964165557
3.988554862192845
3.095795255000934
3.576617644908665
3.5724312513221195
3.373557262275185
3.6081341615990574
2.94770277922009
1.584962500721156
3.456564762130953
2.931208948910323
3.2516291673878226
3.9118453150261954
2.2516291673878226
3.3248629576173574
3.570291990501107
3.260828171224455
3.452819531114783
3.675310868912364
2.7773627950641693
0.5225593745369408
1.207518749639422
1.2916919971380596
3.2195282822995477
3.2516291673878226
3.8922835470377954
3.5348414716771974
3.1898980954642866
4.039471767967659
4.075217408288465
2.8731406795131336
3.938666789931377
4.049366434101327
3.899397377721946
1.5628066316931741
1.8341243970524437
3.817168423487615
3.830182698156027
3.337175341123077
2.8553885422075336
2.931208948910323
3.9629540063646607
2.918295834054489
1.0
2.7516291673878226
3.189898095464287
3.521640636343319
2.9182958340544896
3.327339900083508
3.550340709546388
2.9182958340544896
3.4594705707972513
3.8185886460613303
3.0565647621309533
3.2516291673878226
3.625
3.00623892865339
2.9182958340544896
2.7806390622295662
3.5766176449086653
3.447401504705915
3.9274504702128494
3.459431618637297
3.538314768807483
3.4613201402110083
2.5995812306460646
3.8521604484791507
3.5304930567574826
3.8054967936988744
3.3685225277282056
2.7192945256669794
3.5434651896016467
3.2866294867861954
3.2516291673878226
3.4841837197791885
3.238901256602631
1.4599344207871634
4.080441904110129
3.5585186130489053
4.009106303366138
3.770942421748538
3.7004397181410926
4.015503843585811
3.7757714094291535
3.463416637679551
3.794421359911619
3.602217001462482
3.202819531114783
3.414114223909719
3.559900001923084
3.125
3.7419627890379075
3.6163485660751635
3.429275070710713
3.2516291673878226
3.3735572622751846
3.286333136600771
3.4474015047059146
3.189898095464287
2.7898980954642876
3.188721875540867
3.7671834678914604
2.8729055953200557
3.6477426785812734
3.421928094887362
3.189898095464287
0.0
3.471354487013929
3.2903216092483056
1.0
3.787582004007327
3.3898980954642877
2.8731406795131336
3.2516291673878226
3.697845823084412
4.07137911680375
3.602316558505553
3.5342190211803413
3.182005814760214
0.0
3.3927474104487847
3.67095859334435
3.8248629576173565
3.327819531114783
4.068466847729799
1.584962500721156
3.2516291673878226
2.8073904508767225
3.5039824091702343
3.4992275417233567
3.5841837197791886
2.918295834054489
3.1556390622295662
3.5724312513221195
3.2359263506290334
2.7516291673878226
3.513784724225434
3.753047048895304
3.5780011510322707
2.5820599105802575
3.8100810205217313
3.9343813435048056
3.785928932256879
3.815589666118643
3.5121884039686604
3.6678377974034158
3.366091329119192
3.2195282822995477
3.3248629576173574
3.572431251322119
3.7052572725689066
3.3975819111823524
1.173185867971725
0.5916727785823275
3.784877494615251
3.09306920777189
3.675310868912364
3.337175341123077
1.0949143184120975
3.85619629821938
3.6601297526332566
3.27280432733462
3.4472624994412104
3.3927474104487847
3.392147223664534
3.0220552088742
2.9852281360342516
3.337175341123077
3.579061133512982
3.7287244452691413
3.9556557337177005
3.077819531114783
2.950212064914747
3.00623892865339
3.772055208874201
3.3660913291191914
3.238901256602631
3.5535088547976783
3.3082708345352603
3.4723248916786287
3.5766176449086657
3.996564718695828
2.610577243331642
2.8553885422075336
3.576617644908665
3.4182958340544896
3.3787834934861767
3.3927474104487847
3.4548223999466066
3.182005814760214
3.741155855638065
3.014693951646702
2.855388542207534
3.182005814760214
3.524623732449562
3.499909340463636
3.4548223999466066
3.8040470120677385
4.0111667426463224
3.948922565713175
3.188721875540867
2.873140679513133
3.738218635928951
2.918295834054489
2.8152023999804863
3.795630671612592
3.5090356337908917
3.674674231978643
3.5144093452479406
3.6763906325796274
3.615817594675933
3.5535088547976788
3.6034123432601906
3.5362434129830596
3.240223928941852
3.180832987205441
3.3273399000835084
3.0565647621309537
3.882817625472239
2.9852281360342516
3.613337314045307
3.2516291673878226
3.2728043273346197
3.0220552088742
3.3543474847814205
3.715018266288633
3.694548827786958
3.350209029099897
3.536077831151868
3.5032583347756456
3.7040386490267627
3.461320140211008
4.058363111809056
3.655961827631012
3.0269868333592873
3.8667292966721747
3.300559092390953
3.4698088126125683
3.771437029461126
2.792481250360578
3.093069207771891
3.7950885863977324
3.731845107973277
3.7709424217485377
3.2421263734913364
3.705054079678041
3.71937582241537
3.238901256602631
3.174885868724236
3.719902579793958
2.8553885422075336
3.447262499441211
3.5110854081804264
3.182005814760214
2.8553885422075336
2.8553885422075336
3.039148671903071
2.383593219149464
2.0609640474436812
1.1929993566060646
2.952819531114783
3.8946860214823094
1.5
3.334679141051595
4.052955862112904
3.511085408180427
3.363286923996055
3.666247897312731
3.9725844982956238
2.984234164652489
3.1898980954642866
3.03856233607563
3.5766176449086644
3.418295834054489
3.0306390622295662
3.039148671903071
3.1158340921632197
3.327819531114783
3.452819531114783
3.0269868333592873
3.501693812988762
3.238901256602631
4.175072622029081
3.538310595615006
3.403989446485262
3.605388542207534
3.9056390622295662
3.09306920777189
3.673269689515107
2.646686130216575
2.6644977792004614
3.381580488309164
3.1556390622295662
2.8553885422075336
3.2359263506290334
3.039148671903071
1.7903981695437576
3.221097250057956
3.2402239289418517
3.469576746316394
3.5434651896016462
3.7439821538141276
3.692279682039657
3.4472624994412104
3.350209029099897
3.6980685120588386
2.623356382496108
3.77850207357611
3.513269689515108
2.8553885422075336
3.843010159554855
4.158523482097866
3.8140346261999314
3.202819531114783
3.3834651896016465
4.18477842831669
4.055615442896486
3.7675136991980542
3.9642448481465653
3.056564762130954
1.0
3.4428621651554656
2.7527152789797045
3.675310868912364
3.770942421748537
3.6258145836939115
3.3927474104487847
2.8150724101159437
2.835237745312118
1.7420625893494752
3.572623663895163
4.042448193606141
3.239097917988786
3.949412006510508
4.143887907109476
3.2516291673878226
3.0062389286533895
3.0220552088742
3.09306920777189
3.085055102756477
3.5841837197791886
2.8163075192246447
3.7565445609136576
4.002465184330577
1.584962500721156
3.2516291673878226
2.872905595320056
3.378783493486176
1.4182958340544896
0.48217919020227284
1.118275160770976
3.653756708287001
3.2810361125534233
3.4922031072054125
3.932999306637289
2.396240625180289
3.4039894464852614
3.09306920777189
3.2359263506290334
3.0269868333592873
1.7924812503605778
3.1813663288914587
3.9316287028905466
3.569548827786958
3.3027227528624894
3.1898980954642866
3.982504554535751
3.5625
3.323231428797621
3.4399364703978077
3.392147223664534
3.4193819456463714
3.084962500721156
2.6635327548042547
2.72201964548071
1.1451104143815827
0.0
1.2639334294856335
2.8073549220576046
3.077819531114783
2.9312089489103235
3.2516291673878226
3.8973480982323023
3.594465636961452
3.0850551027564768
3.7192945256669785
3.960157123602644
2.4508257945180882
2.5917932260774954
3.408694969562842
3.893660689688185
3.1961547809328676
3.4273334938982645
3.751629167387823
3.4677201004745006
3.6211755429194716
3.772055208874201
3.5383105956150054
2.931208948910323
3.7841837197791888
3.605388542207534
3.327819531114783
3.572623663895164
3.3680424225727155
3.189898095464287
3.555533151426996
3.75
3.446439344671015
3.418295834054489
0.9141828384352135
2.952819531114783
3.3651277642952606
3.419381945646371
3.378783493486176
3.452819531114783
2.7773627950641693
3.2195282822995477
3.640223928941852
3.652130557318382
3.536886723742167
2.7773627950641693
3.5225715891363594
3.077819531114783
3.8248629576173565
3.6753108689123644
3.568084324344714
3.641344005188809
2.8962915290459286
2.9559130951758243
3.418295834054489
3.1018732946565977
3.0105709342684825
0.0
3.903382348763399
2.950212064914747
3.668558765259282
4.096056127920574
2.584962500721156
3.900153016697712
3.4472624994412104
3.2516291673878226
2.8218881955261783
3.521640636343319
3.421928094887362
4.054199544382886
1.584962500721156
4.211464512083675
3.94075100175694
3.791924539200507
3.6158175946759337
3.8693312611115185
3.7336606896881843
3.8721895548109053
3.867997406388214
1.0
3.3660913291191923
3.3248629576173574
3.521640636343319
0.9933927290103626
3.25
3.337175341123077
4.015319531114783
3.7622673906514943
2.8662478973127308
3.5342190211803413
3.5092750707107125
1.584962500721156
2.453020192448045
2.3812456678219798
2.540850923884292
1.5
2.258830073557111
2.952073812313497
3.0601077592686674
3.2516291673878226
3.520959166872691
3.1751231351134614
4.00545961261383
2.7534343861887853
3.5231413204660815
3.667837797403416
3.5160276412662297
3.6835423624332306
3.9372520414297396
2.8423709931771084
3.27280432733462
3.446439344671015
3.085055102756477
3.511085408180427
3.1841837197791887
3.0385623360756298
3.8855504581324674
3.5465935642949384
3.334209459448048
2.142079563925711
1.875
2.197159723424149
1.584962500721156
2.955913095175825
3.0220552088742005
3.084962500721156
3.636842188131012
3.756795811071915
3.2806390622295662
3.7246756038383895
3.3927474104487847
2.973557262275185
3.4182958340544896
3.202819531114783
3.1556390622295662
1.1674367232867007
3.327819531114783
3.085055102756477
3.30827083453526
3.202819531114783
3.3927474104487847
3.860320777833044
3.8020953181672805
2.8453509366224368
1.584962500721156
3.734849967820214
3.5892750707107126
3.8143719431796272
3.006238928653389
3.277613436819116
3.7905449872732864
3.682595039833114
3.3211043305784895
3.627763553007399
3.0220552088742
3.3222860050443543
2.251629167387823
2.469670487371862
3.6069367321753205
3.646439344671015
3.6841837197791887
3.4992275471326932
1.0408520829727552
3.4634651896016466
3.8365916681089787
3.459147917027245
3.569773835029478
3.2195282822995477
3.0062389286533895
3.588710641914682
3.807763576417195
3.4056390622295662
3.189898095464288
3.618555224999016
3.4992275471326932
3.8040063852515473
1.0
1.207518749639422
3.4713544870139286
3.781251876999045
3.627986806877674
3.086048612313038
2.617492461184755
3.586248827916981
3.451134620234851
3.3787834934861767
2.8553885422075336
3.3211043305784886
3.988632217915384
3.0849625007211556
2.8073549220576046
2.9056390622295662
3.456564762130953
3.811460547566394
3.6531071683628116
3.46465782421148
3.7843684875968617
3.3660913291191923
3.6971042385426727
4.1599000921771125
4.050628171063048
3.643074189428569
4.135754639900632
3.8380614801281987
3.972638721469997
3.6443067754867626
4.06585365288469
3.8985463591770966
3.785834086206479
3.763269123423805
3.2120534025033343
3.7933741274895594
3.807012777085658
3.808176310850219
3.912752083264195
3.742071656817711
3.714465501916957
3.739439972770527
3.608787806845097
4.041645558449972
2.0
3.3444569352411984
3.003701696057348
4.05120488632336
3.2516291673878226
3.4577968115985946
4.006064209918268
3.6550455468258045
1.0
3.2806390622295662
3.507380102423635
2.835237745312118
3.238901256602631
3.7229074943218805
3.0850551027564768
3.155565013329719
3.9445321654961396
3.8006817865520617
4.051589492112579
2.418295834054489
3.8162327553287323
3.887326145256008
3.8412478775152548
3.555269044648117
2.8016094970590273
3.419381945646371
2.6235166412180155
3.905396070550283
3.260828171224455
3.810614796877143
3.8516471235336125
3.8024686483875936
3.517593238793311
3.755123044017255
3.8967227949378413
3.846862647556205
4.050281739851904
3.782122224145306
3.085055102756477
3.263933429485634
3.4039894464852614
3.1279868068776753
3.468576629687865
3.323934896284056
3.4316235658474303
3.413088436425757
3.32323142879762
3.4632805178108104
3.3841837197791884
4.018884391699703
3.821311940104173
3.058813890331201
4.079772731460867
3.3927474104487847
3.5227119556807582
3.858657786945488
3.9226945336932726
3.834203642073735
3.899805185228201
3.2516291673878226
3.795088586397733
3.7216117239699007
3.438721875540867
3.30827083453526
3.0269868333592873
3.734521664779752
3.5555331514269954
3.5068905956085183
3.594465636961452
3.084962500721156
3.32323142879762
3.5368867237421666
2.918295834054489
2.8731406795131336
3.1898980954642875
3.8854423157904963
3.8564746537994146
3.753376105702539
3.872541658009627
3.534219021180341
3.588354347173234
3.128085278891395
2.507127352180222
2.7773627950641693
3.998988552770763
3.2536606896881852
3.690260390968384
3.056564762130954
3.821306249017923
3.9118361961918504
1.0
3.7360069464476573
2.873140679513133
3.0105709342684834
3.153107168362811
3.3921472236645345
3.1018812234760187
3.625
3.4182958340544896
3.1775662320965252
3.506890595608519
3.4345608142862893
3.3787834934861767
3.3082708345352603
3.3464393446710154
3.2516291673878226
3.7806390622295662
3.1556390622295662
3.8678583082175235
3.503258334775645
3.0269868333592873
2.865576855207248
3.180832987205441
3.180832987205441
3.625142250383774
3.516126767019874
3.2359263506290326
3.4332696895151082
3.3446983751597124
3.106890595608519
3.653756708287001
2.5654483718208256
3.077819531114783
3.7622673906514943
3.5736606896881855
1.5058762556041068
3.22467921775583
3.5777471629109447
3.180832987205441
3.4613201402110083
1.2772018112022603
3.3232314287976203
3.084962500721156
3.0062389286533895
3.4345608142862893
3.6714055834424966
3.9191976613638038
3.3787834934861767
3.753928031846024
3.7541634277688813
2.905764584655453
3.180832987205441
3.5777471629109447
2.8553885422075336
3.426209613980979
3.327339900083508
3.334962500721156
3.0220552088742
3.878928031846024
3.632192121571194
3.4185886460613304
3.955311316634013
3.644413829577611
2.8522170014624826
3.381620107948735
3.6763906325796274
3.641249800455478
2.753434386188785
3.7685547780590207
3.399904701501908
2.406666316740689
3.202819531114783
3.829239931817578
3.6638737297417134
3.738218635928951
3.7689396187172166
3.6258145836939115
3.0220552088742
3.6205715771054217
3.6898916687500076
2.4182958340544896
3.182005814760214
3.084962500721156
3.4292750707107125
3.393740931562742
3.4585250192341497
3.4294909263595867
3.526210641914682
3.40582225028569
3.633974075997158
3.3971352028310107
3.8100810205217313
3.1898980954642875
3.239097917988786
3.5124792706912316
3.7803946541231945
2.931208948910323
3.419381945646371
3.366091329119191
2.8221819586428727
3.0565647621309537
3.521640636343319
0.9444885341662053
3.141619208183979
3.381580488309164
3.4745049881054295
3.00623892865339
3.630412660873999
2.950212064914747
3.215841172683752
3.180832987205441
3.3927474104487847
3.656535874366596
2.682588730501833
3.09306920777189
4.018027318055677
3.544880681317119
2.8962915290459277
3.796217602590055
3.5726236638951634
3.879664004902593
3.2841837197791888
3.6635327548042547
3.546439344671015
3.2810361125534233
3.7622673906514947
3.238901256602631
3.3787834934861767
3.3927474104487847
3.25
3.463280517810811
3.763856189774724
3.418295834054489
3.2359263506290334
3.2402239289418517
3.085055102756477
3.084962500721156
3.384183719779189
3.5599000019230838
4.028490680178816
3.7454064259382482
3.2927701939369904
3.986055184694596
2.0
3.327819531114783
3.2359263506290334
3.7323082253324764
3.125
3.2516291673878226
3.788754913993502
3.7409532604048397
3.4613201402110083
3.239097917988786
3.085055102756477
3.4428621651554656
2.827819531114783
3.2516291673878226
3.213513256009071
3.1555650133297184
3.6714055834424966
3.8521687236032816
3.337175341123077
3.5841837197791886
3.6425839480333533
3.6430741894285688
3.378783493486176
3.572469458770136
4.068810838052756
2.321928094887362
3.981672644328035
3.5766176449086657
3.6556390622295662
2.6464393446710153
3.189898095464287
3.8521687236032816
3.4548223999466066
3.7834651896016465
3.418295834054489
3.452819531114783
3.655045546825804
3.3082708345352603
3.1068905956085184
3.085055102756477
2.7192945256669794
3.3735572622751855
3.337175341123077
3.689703732199547
4.004886164091841
3.180832987205441
3.3005590923909534
3.5885298939792993
3.892677930444138
3.671453562658727
2.8731406795131336
3.708132064658602
3.182005814760214
3.943942707918268
2.584962500721156
3.0269868333592873
2.8150724101159437
3.239097917988786
3.510086003110254
3.5368867237421666
2.625814583693911
2.8962915290459277
3.5993576007094554
3.794653473544341
3.8747485552166756
3.180832987205441
3.2806390622295662
3.5465935642949384
3.308751351247166
3.077819531114783
2.8150724101159437
3.155221528859512
3.4944025464832342
3.09306920777189
3.5736606896881855
3.0659573209491744
3.393127173448318
2.7516291673878226
3.531941205546659
3.976864012008935
3.0930692077718893
3.8720838732529215
3.621928094887362
2.038159681645953
3.5726236638951634
2.9974058114255175
3.4399364703978073
2.918295834054489
3.419381945646371
3.620991767943417
3.908633173003877
2.9182958340544896
3.2516291673878226
3.125
2.873140679513133
3.4585250192341497
3.1018812234760182
3.931595767901171
3.6594236279337933
1.584962500721156
4.211764946365215
2.0
0.8343470230852537
3.188721875540867
3.084962500721156
3.3248629576173574
3.277613436819116
3.5849625007211565
3.8143719431796272
3.3680424225727155
3.0269868333592873
2.827819531114783
3.221097250057956
3.327819531114783
3.480083695187448
3.6818808028034025
3.4992275471326932
3.1692486956952335
3.378783493486176
3.2359263506290334
3.484183719779189
3.139572261986723
3.5219280948873624
2.2998963911678914
3.565595703996378
3.8297417753631358
3.9898980954642878
2.9852281360342525
3.5908201005000877
3.083074189428569
4.069228222634969
3.30827083453526
3.764735178725505
3.3816201079487347
2.6235166412180155
3.9275671571169277
3.6635327548042538
3.5614063297218426
3.4548223999466066
4.119124947637032
3.0849625007211556
3.4316235658474294
3.175123135113461
3.8091631398531076
3.057476076289932
3.0708470936225174
3.681880802803401
3.202819531114783
3.286629486786195
3.3221793455166666
3.103701696057348
3.5304930567574826
3.215841172683752
3.056564762130954
3.804229296672175
3.6841837197791887
3.454822399946607
1.54515219719895
2.355388542207534
2.251629167387823
2.355388542207534
2.251629167387823
1.5306390622295665
0.7732283485249176
0.6395563653739031
3.0269868333592873
3.221097250057957
3.182005814760214
1.7695459925589747
3.2516291673878226
3.40582225028569
2.9852281360342516
3.708132064658602
3.1556390622295662
3.180832987205441
3.180832987205441
3.418295834054489
3.2516291673878226
3.5724312513221195
3.882244998328857
1.584962500721156
3.252270489229607
3.3927474104487847
3.1898980954642875
3.4104172527605203
3.327819531114783
3.772206918879583
3.555533151426996
3.9699426670683216
2.8855130303998817
3.9864618037186506
3.239097917988786
3.2732696895151077
3.197159723424149
3.2655833228877333
3.736006946447657
3.6497848636918824
3.819548827786958
3.4464393446710155
3.5942010785101344
3.82306798227366
3.572469458770136
3.2639334294856344
3.4273334938982645
3.202819531114783
2.9689185639620974
3.2402239289418517
3.005678590456677
3.125
3.149397470347699
2.7516291673878226
3.6887218755408675
3.197159723424149
3.5892750707107135
3.0416256143692224
3.111065809445958
3.1281020701914803
3.084962500721156
3.5724312513221195
3.2516291673878226
3.7181390622295662
3.7633584292311077
3.8441065448145375
3.3927474104487847
3.975397241837579
2.0
3.503258334775645
3.452819531114783
3.378783493486176
3.334679141051595
3.2516291673878226
3.3519530742463752
1.3054092835813302
3.6280852788913944
3.381580488309164
3.189898095464287
3.110578014789016
3.7004397181410926
3.5
2.610577243331642
3.826465890981193
3.4273334938982645
3.605388542207534
3.649973117315963
2.7534343861887853
3.708966082694624
3.890973882168625
3.682734717428089
1.2516291673878228
2.8150724101159437
2.9232314287976204
2.5654483718208256
3.0220552088742
3.3927474104487847
3.341446071165522
3.1898980954642875
3.084962500721156
3.521640636343319
3.4500288754484654
2.8553885422075336
3.4677201004745006
3.373557262275185
3.2195282822995477
3.8785848023501845
3.4273334938982645
3.0849625007211556
3.7803946541231945
3.7622673906514947
3.609001163844645
3.5121884039686613
3.681880802803402
3.5137847242254345
2.8662478973127308
3.9432894453927667
3.7034651896016464
3.180832987205441
3.4858259278490094
3.6780434128052497
3.6539967386657093
3.7955170478382336
3.202819531114783
3.238901256602631
3.3232314287976203
3.25
3.373557262275185
3.4039894464852614
3.4407598325400897
3.1018812234760182
3.535066237313769
3.2927701939369904
3.1009166856947727
3.303701696057348
3.8849276676374194
4.010781926693294
3.378783493486176
3.051601636871704
0.5489544344250401
3.0220552088742005
3.7544418457133446
0.9933927290103626
3.1555650133297184
3.471354487013928
3.6835423624332306
3.7040386490267627
3.6970851333950874
3.989421082163861
3.4613201402110083
3.238901256602631
3.1018812234760182
2.9182958340544896
1.7695459925589747
3.41041725276052
3.8314387652669715
3.085055102756477
3.1556390622295662
3.4193819456463714
3.238901256602631
3.6572899523639886
3.175123135113461
3.125
3.675310868912364
3.767183467891461
3.4193819456463714
2.8553885422075336
3.6764409086968683
3.501397825434103
3.0220552088742
3.3787834934861767
3.419381945646371
3.0269868333592873
3.0565647621309537
3.802910079649727
3.624396318000477
3.4549868557726673
3.503539122804024
3.458267868099842
3.146286370662105
3.53641423712223
3.459431618637297
3.5
3.418295834054489
3.478670650299986
3.728502115742625
3.5492553971684995
3.327819531114783
3.651478922893309
2.9852281360342516
3.039148671903071
3.856198332810095
3.6143694458867563
3.0441104177484006
3.97765386327595
3.6339740759971577
3.6178610297498888
0.0
3.084962500721156
2.0
3.2806390622295662
3.0849625007211556
3.708132064658602
3.4992275417233567
3.0071964896856174
2.6887218755408666
0.9819407868640977
0.9910760598382222
1.2344977967946407
3.657289952363989
3.414441303694973
3.4472624994412104
3.5434651896016467
3.6923805682595487
3.471354487013929
3.25
3.1701348924281927
3.8061336992426074
3.1552215288595122
3.2810361125534233
3.9343813435048056
1.584962500721156
4.080843076453769
4.13265134957558
2.789898095464287
3.9419641993178947
3.9960580877873024
3.1180782093497093
3.4926617214292417
4.037958686374551
1.584962500721156
3.6820058147602137
3.238901256602631
3.084962500721156
4.088779347361362
3.796217602590056
3.182005814760214
3.292770193936991
3.536886723742166
3.1395722619867223
3.0220552088742005
3.189898095464287
3.2516291673878226
2.4956029237290123
3.323231428797621
3.5068905956085183
3.368042422572715
1.2916919971380596
4.012820371215515
1.584962500721156
2.725480556997868
1.584962500721156
3.2516291673878226
3.5160276412662306
3.4182958340544896
3.3735572622751855
3.6069367321753205
3.1746742319786425
1.0949143184120975
3.375
0.8475846798245739
3.0269868333592873
3.4137995646056805
3.7809486118309934
3.2766108716544045
3.0269868333592873
3.7583675178775104
3.8100810205217317
3.182005814760214
3.4901937947335147
3.8714749217369016
3.039148671903071
3.4251185503571384
2.968918563962097
3.189898095464287
3.3005590923909534
3.6897037321995465
3.392747410448785
3.238901256602631
3.481714572986072
3.521640636343319
2.688721875540867
3.2402239289418517
2.918295834054489
2.8584585933443494
3.084962500721156
3.32323142879762
3.5068905956085192
3.375
1.207518749639422
1.207518749639422
3.2810361125534233
2.688721875540867
2.66122625626979
2.8673179739539485
2.856032950466224
3.0104834974786825
3.2114946274418146
3.446439344671015
3.0898896034900454
3.4651998765158556
3.3716535224393334
3.507444109574457
3.4262096139809795
3.2366172017257147
3.213513256009071
3.5726236638951634
3.9093680639438846
4.0655224953998035
3.180832987205441
3.5599000019230838
4.14552520396706
3.238901256602631
2.665957320949175
3.238901256602631
3.463280517810811
3.2639334294856344
3.6635327548042538
3.5465935642949384
3.3248629576173574
3.3273399000835084
4.042781410540519
3.2359263506290326
3.9451318349306903
3.9465005437180176
4.019502120690751
2.0
3.5428377974034158
3.0220552088742
3.4219280948873623
3.2516291673878226
3.2927701939369904
3.4613201402110083
3.8887649743870605
4.013176017331164
2.9852281360342516
3.3787834934861767
3.403989446485262
3.6841837197791887
3.752715278979704
3.9574445059575596
2.908694969562842
3.509275070710713
2.355388542207534
3.238901256602631
3.4841837197791885
3.3320953986601696
3.7544418457133446
3.0849625007211556
3.6551876989901
3.675310868912364
3.536886723742167
3.3927474104487847
3.613337314045307
3.819548827786958
3.6062389286533887
3.0220552088742
4.12862812871946
3.5068905956085183
3.702471512219747
3.2635385483162787
3.9818378420533636
3.940496914124602
3.0220552088742
4.214518744819815
3.5132696895151074
4.027348950086954
1.5
3.2516291673878226
3.9219280948873623
3.1751231351134614
3.60341234326019
3.511085408180427
3.3371753411230776
3.084962500721156
3.6887218755408675
3.5385098742141103
3.3927474104487847
3.601227480952956
4.0206780549457015
3.7043494289560512
3.875334933077426
3.3190795706241736
3.996351149202075
3.675996449685185
4.0920148504938245
3.833378366181266
3.801110919870057
3.7305201169701805
4.064940393468124
2.0
3.702952293573538
3.292770193936991
1.5589385323502771
3.189898095464287
2.873140679513133
3.4613201402110083
3.6841837197791887
3.663532754804254
3.447401504705915
2.873140679513133
3.326360407952694
3.7417292966721747
3.4613201402110083
3.563247423975141
3.824252831282987
3.621928094887362
3.5110854081804264
3.5068905956085183
3.7024715122197467
2.6258145836939115
2.7385528535787333
2.8553885422075336
3.0269868333592873
3.452819531114783
3.378783493486176
3.6835423624332306
3.327819531114783
3.538896214227932
3.7642990880644707
1.207518749639422
3.238901256602631
3.0220552088742
1.6691803368667308
4.0329282614226845
1.450467463408549
0.41381685030363374
2.5220552088742005
2.8150724101159437
3.994930427545004
2.872905595320056
3.894646363420181
3.615171310247296
3.5766176449086653
3.039148671903071
3.4906015629507228
3.8337863204943656
3.8463189626846357
3.5535088547976788
2.971962854481335
4.007769458953979
3.8275452521167623
3.1682328933388106
3.684183719779189
3.240223928941852
3.521640636343319
3.418295834054489
3.4464393446710155
3.3716535224393334
3.2402239289418517
2.751629167387823
3.7622673906514947
2.9852281360342516
0.6500224216483541
2.952819531114783
3.7003669748170993
3.8870467530884993
3.836600340868551
3.7160160623359078
3.373557262275186
3.5389097655573916
3.715932185515029
3.2195282822995477
3.470175521464345
3.5818285888587442
3.327819531114783
3.039148671903071
3.7527152789797036
3.7849418274376423
2.292481250360578
2.7773627950641693
3.6012274809529563
3.4790795706241746
0.0
4.086767001201183
2.0
3.7048719247997597
3.346439344671015
2.9735572622751856
3.96818194698418
1.584962500721156
3.9134007456613777
4.095692859860722
1.584962500721156
3.189898095464287
3.7483286603655737
3.284883833375794
3.5
3.7433083521553954
3.881727678869736
3.8542858719872455
3.4316235658474303
4.153534245538608
3.403989446485262
3.182005814760214
3.43971065015136
3.238901256602631
3.8568003372949025
3.3927474104487847
4.032128414064641
3.4992275417233563
2.751629167387823
2.910440495218581
3.572623663895163
3.7972288880242133
3.0220552088742
3.8553885422075345
3.2195282822995477
3.8746697102453482
3.855388542207534
0.9042326000115628
3.9593008132283494
3.303701696057348
3.238901256602631
3.689703732199547
3.5724694587701364
3.6689869584530608
2.7773627950641693
2.969389419529156
3.6995138503199665
4.098020156207336
2.0
4.075714401941079
3.9819912380759037
3.127986806877675
3.6424896731661263
3.8185886460613303
4.100009463108476
3.616348566075164
2.9398290174664017
4.142384846154342
0.9182958340544896
3.605388542207534
2.7898980954642876
3.0269868333592873
4.042781410540519
3.8667292966721747
3.2610439833372844
3.0220552088742
3.629219686524096
3.8125
3.7105801614272758
2.8553885422075336
3.2359263506290334
2.8638263900908156
3.085055102756477
2.8553885422075336
3.0220552088742
3.471354487013928
3.182005814760214
2.6258145836939115
1.4345608142862891
3.2516291673878226
3.2516291673878226
2.9852281360342525
3.5110854081804264
1.134969974603941
3.2516291673878226
3.323231428797621
3.456564762130954
3.8023035129024714
3.057476076289932
3.3464393446710154
4.036765430509699
1.0408520829727552
3.2359263506290334
3.09306920777189
2.9689185639620974
3.6289280318460246
3.6800893536948074
3.2210972500579564
3.469576746316394
3.646439344671015
3.0574760762899316
3.6835423624332297
3.2609768596329824
3.09306920777189
3.2033650875091753
3.737472725660551
2.984234164652489
3.584303179346712
2.950212064914747
3.996439344671015
2.8150724101159437
3.8767292481772615
2.5198157169987727
4.017548781606813
3.323934896284056
1.5
2.6644977792004614
1.207518749639422
1.5487290032420458
1.1451104143815827
3.3787834934861767
3.0220552088742
3.695947226387471
3.7198523585646037
3.729725089502267
3.4474015047059146
3.2402239289418517
3.155221528859512
3.238901256602631
3.0849625007211556
2.751629167387823
3.3927474104487847
3.6711499390701863
3.286629486786195
3.506890595608518
3.9056390622295667
3.125
3.503258334775645
3.6143694458867563
3.3927474104487847
3.9395722619867226
3.8208888513501886
3.375
3.238901256602631
3.7834651896016465
3.825251737288651
3.6841837197791887
3.8868421881310122
3.572623663895163
3.4992275417233567
1.9225535618024714
1.5
4.053581349308222
3.2402239289418517
0.9182958340544896
4.10412786211105
3.337175341123077
2.8931414145797074
3.085055102756477
3.392147223664534
3.0269868333592873
3.6582341512584025
3.684183719779189
3.6479820815528057
3.623711847624727
3.484183719779189
3.239097917988786
3.689703732199547
3.689703732199547
3.6637460189983777
3.968449003142374
3.85012718149392
3.9357695953309446
3.084962500721156
3.6168746059562227
3.085055102756477
3.086048612313038
3.7409532604048397
3.1556390622295662
3.188721875540867
3.321104330578489
3.5
3.4548223999466066
3.5068905956085183
3.5424812503605785
3.4632805178108104
2.699513850319966
3.6709505944546676
3.506890595608518
3.418295834054489
3.378783493486176
3.651478922893309
3.721928094887362
3.202819531114783
3.6841837197791887
3.5132696895151083
2.4193819456463714
1.207518749639422
1.3709121449234947
3.511085408180427
3.006238928653389
4.007263658462912
3.4861465882499103
2.0
2.8962915290459277
3.521640636343319
3.720175521464345
3.572469458770136
3.378783493486176
3.414441303694973
3.2210972500579573
3.084962500721156
3.9788640881880966
3.2810361125534233
3.1307179879273748
3.255459904788568
3.236617201725714
2.923231428797621
3.09003277660148
3.5630741894285687
1.8919954870390203
3.182005814760214
3.0220552088742
3.546439344671015
3.7052290027422963
4.150222453198812
3.327819531114783
3.861499231009296
3.5296964395284136
3.8720838732529215
3.693813488742864
3.90800756692086
3.6143694458867563
3.4316235658474303
4.095178056405368
3.652130557318382
4.018536590529447
3.1018812234760182
3.09306920777189
3.3723010529814172
3.1088091805424773
3.294208683794244
3.272319632382367
2.3921472236645345
3.464385292821944
3.484934922399086
3.2729055953200556
3.2033650875091753
3.199687794731328
3.6103355296541544
3.484183719779189
3.4080531326597554
3.0220552088742005
3.3882146791674765
3.4201440551647075
2.8962915290459277
3.2806390622295662
3.68251122533383
3.2694663332363705
3.575684644957539
3.238901256602631
3.0565647621309537
3.0220552088742
3.5368867237421666
3.521928094887362
3.2195282822995477
3.682005814760214
3.4568940968392847
3.327819531114783
3.778305516512272
3.0565647621309537
2.9450386975402445
3.5777471629109447
3.602316558505552
3.3787834934861767
3.189898095464287
2.9780948881692613
2.952819531114783
0.9933927290103626
3.1158340921632193
2.9182958340544896
3.375
3.039148671903071
2.827819531114783
3.0220552088742005
3.3232314287976203
2.8962915290459277
3.8391081341821707
3.323231428797621
3.546398965752703
3.6225797618424913
3.523231428797621
3.2359263506290326
3.5337712560645556
3.9978619771218686
2.732914563979398
2.4996981431844145
3.43162356584743
3.5562012808079033
3.180832987205441
3.7459354062142194
3.567040216926579
3.733660689688185
3.8914251860285956
3.8958795662127854
3.847761811553585
3.246439344671015
3.337175341123077
3.349692968957871
3.77850207357611
2.5220552088742
3.7834651896016465
3.2368573034220742
3.842961558634555
3.909368063943885
3.182005814760214
3.3263604079526927
3.039148671903071
3.9178382153957307
3.8010768800263715
4.032122858406881
4.042280097634891
3.9965289694078647
3.483005030268013
3.734521664779752
3.4594316186372964
4.001808313895953
3.0086949695628418
3.141619208183979
3.408053132659755
3.756795811071915
3.6835423624332306
3.419250912838829
3.2599049845116066
3.6989980066177184
3.8780682683455234
3.6909298762342884
3.7192945256669785
3.238901256602631
3.085055102756477
3.327339900083508
3.2639334294856344
3.303701696057348
3.6556390622295667
3.7454064259382482
3.378783493486176
3.3444569352411984
3.7937392635792264
3.4841837197791885
3.7080481500712326
3.1898980954642866
3.48212720673383
3.381580488309164
3.0220552088742
3.327819531114783
3.4548223999466066
3.182005814760214
3.6421498816369033
3.188721875540867
4.077750656062408
4.024391400978987
1.584962500721156
3.0269868333592873
3.572469458770136
1.0
4.059505534264657
3.2516291673878226
2.7192945256669794
3.628613128803408
3.483074189428569
2.610577243331642
3.4457781191418455
4.136434503663121
3.9380570416706613
4.098342764805967
4.0293997756693605
3.0860486123130375
3.5209728877562636
2.8000446184790095
2.349754693286842
3.3890348869643794
3.4273334938982645
3.5
4.216125419894155
4.1031249866054225
1.5
3.403989446485261
2.875
3.180832987205441
3.5983490981282342
3.6314018453921717
3.661932872373583
4.0792166176217
2.0
3.3431390622295662
3.732018785752559
3.080500530640267
3.4613201402110083
3.753434386188785
3.4219280948873623
3.1552215288595122
3.334679141051595
3.2729055953200556
3.4965849669398734
3.337175341123077
2.873140679513133
3.378783493486176
3.2195282822995477
4.03740119765411
3.2610439833372835
3.620571577105421
3.45852501923415
3.890319531114783
3.9658891821509856
3.7445036067281343
3.3027227528624894
3.8874183383590255
3.182005814760214
3.5028135450255475
3.5073801024236344
3.8677747143911794
3.6798814182820925
3.4864486671683537
3.6143694458867563
3.3232314287976203
3.5841837197791886
3.7080481500712317
3.6421498816369033
0.821338806637957
3.661932872373583
3.452819531114783
0.7345299214394703
2.8962915290459277
3.27280432733462
1.0892300788425848
1.2086489509530647
3.368042422572715
3.0220552088742005
1.3250112108241772
1.0514438232620225
1.186278124459133
0.6583514224564075
3.0220552088742
3.6841837197791887
3.3927474104487847
3.2729055953200556
3.636842188131012
1.584962500721156
3.180832987205441
3.9022353582920797
3.6302753548819773
3.46610072007239
4.014285542518645
3.4113564828730953
3.375
3.522055208874201
3.7709424217485377
3.146286370662105
3.7572642959110096
3.5599000019230833
3.2414460711655213
3.303701696057348
3.169925001442312
3.077819531114783
3.3975819111823524
2.7898980954642876
3.5739348962840563
3.084962500721156
3.572623663895163
3.1676131495722246
3.9295242881991848
3.3390119237900104
1.584962500721156
2.0989295636909353
2.084962500721156
2.1920058354921066
1.965596230357602
2.466247897312731
1.8919954870390203
3.6450389252459123
3.3927474104487847
3.5192475629608073
3.6302753548819777
3.8836138225350023
3.7089660826946234
3.5110854081804264
3.0849625007211556
3.09306920777189
3.7646504614277876
3.84930007333416
3.182005814760214
3.619420498745619
3.5547099237657727
3.4548223999466066
3.6784391908277176
3.25
3.236857303422074
3.378783493486176
3.2464393446710154
3.5878587982995085
3.3446983751597124
3.146286370662105
4.06350868420107
3.373557262275185
3.232101804845413
3.4556501805795428
3.767894147619623
3.238901256602631
2.221251836004466
3.41829583405449
3.7671834678914604
2.9464393446710155
3.6335059949783677
3.7201755214643453
3.3660913291191927
3.375
3.5110276044371007
3.7004397181410917
3.584962500721156
3.5160276412662297
3.4528786893420307
3.3927474104487847
3.6168746059562227
4.076352363578731
3.3927474104487847
3.5944656369614516
3.0220552088742
3.838039816898156
3.606326745647786
3.368522527728207
2.689246428509158
3.88614658824991
3.3327555843710557
3.3927474104487847
3.6783130869577136
2.3897011331087885
1.584962500721156
2.7516291673878226
2.8662478973127317
3.248365046750904
2.8218881955261788
3.878604400793128
3.5086949695628418
3.721928094887362
2.822579761842491
3.351030703872752
3.8054967936988744
3.7720804237685592
2.950212064914747
3.384183719779189
3.550340709546388
3.675310868912364
3.5068905956085183
3.6635327548042547
3.3087513512471665
3.632192121571194
3.6539967386657093
3.680089353694807
3.3787834934861767
3.9489599580145223
3.3232314287976203
2.832487689168953
2.881816159866312
3.4268884762171394
2.83602249492084
2.855953642864355
4.0579765115861175
1.584962500721156
1.419556298571613
3.6918787207082775
3.906640320479366
1.0892300788425848
1.4182958340544896
4.212330831578317
2.0
3.189898095464287
3.2195282822995477
2.918295834054489
1.584962500721156
2.4591479170272446
3.128085278891395
3.640223928941851
3.3232314287976203
2.237397409783102
3.452819531114783
3.4058222502856896
3.501397825434103
3.084962500721156
3.334679141051595
3.6143694458867563
3.378783493486176
3.1898980954642875
2.751629167387823
3.625
3.7254805569978675
3.4548223999466066
3.9251732369569954
3.0220552088742005
4.194412312776603
2.0
2.9513549321504824
1.7743974703476992
1.0529815751302694
3.454822399946607
3.3248629576173574
3.6732696895151076
3.0220552088742
3.5465935642949384
3.6902603909683833
3.2086949695628415
3.2516291673878226
1.188721875540867
3.4613201402110083
3.085055102756477
2.7773627950641693
3.125
3.6069367321753214
3.1775662320965243
1.207518749639422
2.8150724101159437
3.769539980677032
3.9201088981706183
3.1746742319786425
3.869331261111518
3.732444601324706
3.8173816071724334
2.8553885422075336
2.8150724101159437
3.238901256602631
3.3927474104487847
3.5726236638951634
3.506890595608519
3.7262046313924566
1.3784188527203236
3.5535088547976788
3.454168410357404
3.3248629576173574
3.25
2.0
2.8553885422075336
4.075372536140748
3.195295934496216
3.3086949695628416
1.0
4.074194100477455
1.5
0.6685644431995964
3.806739771365559
2.0
2.799007754410897
2.699513850319966
3.050590745459636
3.9209153373406602
3.4685766296878655
2.8553885422075336
3.7871439606981383
3.279881418282092
3.722907494321879
3.2810361125534233
3.175123135113461
3.236857303422074
3.292770193936991
3.425118550357139
4.164395430046337
3.373557262275185
3.2516291673878226
3.1820058147602133
3.764735178725505
3.084962500721156
2.873140679513133
2.692380602454975
3.084962500721156
3.6477426785812734
2.7192945256669794
3.7950885863977324
3.8558537775172157
3.5
3.077819531114783
3.3787834934861767
3.016875695766564
3.7406015629507228
3.609668477419888
3.7841837197791888
3.6211755429194716
3.593269689515108
3.5841837197791886
3.796960730356964
2.6892464285091586
3.09306920777189
3.7849418274376423
3.754163427768882
3.5841837197791886
3.5220552088742005
3.408694969562842
3.292770193936991
3.8634651896016456
3.861984511178707
3.6069367321753205
3.4273334938982645
3.594465636961452
3.5766176449086653
3.7034651896016464
3.459147917027245
3.7285934221721377
4.108991397178979
4.159989489306442
3.953260815935681
4.165331272510027
4.150717546923974
2.584962500721156
4.051048773799017
1.584962500721156
3.6168746059562227
3.9207468129356906
4.037640963634833
3.753434386188785
3.1659573209491745
3.577819531114783
4.144702415369331
4.041792852987103
3.4292750707107125
3.8450817764156358
3.611108892870049
3.976600888397066
3.7818906637297234
3.785389440843506
3.188721875540867
3.2516291673878226
3.051601636871704
3.1867043459100235
2.8731406795131336
3.4713544870139286
2.9780948881692613
3.2516291673878226
3.681880802803402
3.0220552088742
3.0850551027564768
2.974937501201927
2.688721875540867
1.2197484934607565
1.5916727785823275
3.5068905956085192
3.0220552088742
3.521640636343319
3.7962176025900556
3.5
3.4263674884732254
3.337175341123077
3.6945488277869583
3.4182958340544896
0.6219041416291193
3.1414460711655217
3.121928094887362
2.8962915290459277
3.378783493486176
2.617492461184755
3.6582341512584025
3.0269868333592873
3.2516291673878226
3.916714197758424
2.872905595320056
3.3376777797008614
3.673269689515108
3.5300482670073845
3.368042422572715
3.1971597234241487
4.011145692905898
3.6069367321753205
3.5585186130489057
3.169925001442312
3.590017217489902
3.4992275471326932
3.2927701939369904
2.855388542207534
3.9645216913808126
3.197159723424149
3.2359263506290334
3.0269868333592873
4.088234108917536
3.516027641266231
3.0269868333592873
3.7254805569978675
3.9331695057515144
3.3248629576173574
2.4137995646056796
3.7950885863977324
3.3927474104487847
3.4992275471326932
3.188721875540867
3.5
3.772055208874201
3.7192945256669785
3.238901256602631
4.0917513131845595
3.5465935642949384
2.950212064914748
3.471354487013928
3.4193819456463714
3.188721875540867
3.8290037311070533
3.2608281712244547
4.051840117994856
1.0831730548714777
2.4264025411052232
1.8169246397668828
3.1068905956085184
3.2516291673878226
3.7360069464476564
3.337175341123077
3.7849418274376423
3.6978458230844122
3.7541634277688805
3.6818808028034016
3.7887549139935017
3.8136606896881853
3.629219686524096
3.139572261986723
3.4613201402110083
3.350209029099897
1.3520301017579528
1.3917601481809734
1.4885252948977485
3.3232314287976203
3.2516291673878226
3.43162356584743
3.039148671903071
0.8658566174572235
3.9011882499028676
3.443513753449853
3.3660913291191914
3.4565647621309536
3.5220552088742005
3.621175542919471
3.80871969734407
3.4399364703978073
3.7544418457133446
3.747232226440161
3.4992275471326932
3.6898916687500076
2.4407983955814814
2.751283539181127
3.8731406795131322
3.0565647621309546
2.872905595320056
0.8683927290103626
3.675310868912364
3.2359263506290334
3.0849625007211556
3.2076861128739376
4.008056339745007
3.155221528859512
3.5724312513221195
3.560974488340005
3.5
4.097119929761207
3.732444601324706
3.742853532105595
3.7597332524911042
4.023949190822212
3.0850551027564768
3.085055102756477
3.4399364703978077
3.3735572622751855
3.266332639970623
3.499227541723357
0.9463729359854419
3.350209029099897
0.5916727785823275
3.2516291673878226
2.263809173883546
1.9508257945180885
1.7743974703476992
2.428744153127272
1.8919954870390203
1.6893917467430877
1.6258145836939115
1.7743974703476992
1.650022421648354
3.084962500721156
3.7709489105503478
3.384183719779189
1.0408520829727552
4.097267798951239
3.4387218755408675
4.113002941481616
3.98789980673685
3.681880802803402
3.323231428797621
3.521640636343319
3.0220552088742005
3.373557262275186
3.4314134569803287
3.09306920777189
3.0306390622295662
3.418295834054489
3.0220552088742
3.6069367321753214
3.3248629576173574
3.606015279620733
3.736006946447657
3.546593564294939
3.09306920777189
2.8962915290459277
3.4841837197791885
3.238901256602631
3.182005814760214
2.5654483718208256
2.8962915290459277
3.2806390622295662
2.8150724101159437
3.3464393446710154
3.408694969562842
2.8731406795131336
3.851823225551766
3.3630748858653194
3.661932872373583
3.74197076175156
3.056564762130954
2.610577243331642
4.0890523602623565
3.530493056757482
2.9182958340544896
1.0994839817876882
3.202819531114783
3.934340758286914
3.3720271840976834
3.238901256602631
3.978693368051978
3.188721875540867
2.9852281360342516
2.727217001462482
3.8423709931771084
3.321104330578489
3.760891776703208
2.8423709931771093
3.1820058147602133
3.4332696895151082
3.439690181241735
3.7785020735761097
3.7825843300788224
3.890299544393193
2.6612262562697895
3.695947824611213
3.5761962651454153
3.675872424324601
3.077819531114783
3.635401947973502
3.323231428797621
2.9834585933443494
3.802910079649727
3.4219280948873623
3.943185902975499
3.7658841761746356
3.9726916864904043
3.459147917027245
3.076103170996721
3.238901256602631
3.0850551027564768
3.085055102756477
3.0849625007211556
3.180832987205441
3.753434386188785
3.238901256602631
3.690260390968384
3.4548223999466066
3.084962500721156
3.4565647621309536
3.188721875540867
3.7962176025900556
3.375
3.6660928025292407
3.286629486786195
4.074824806057702
3.202819531114783
3.969620657892326
3.039148671903071
3.334679141051595
3.2359263506290334
3.7201755214643453
3.619250912838829
3.7582890779432674
3.5397170014624826
2.7329145639793975
3.938872932628303
3.249460279921617
3.6887218755408675
2.5220552088742005
2.952819531114783
2.345851989338261
3.7855610028241515
3.908764404787317
3.454822399946607
3.9792480341684335
3.6096684774198886
3.084962500721156
3.30827083453526
3.3918926446809317
3.563740516388645
3.146286370662105
3.4232517969803373
3.9327537105656543
3.6572682296173893
3.8636085007312415
3.497381489137515
1.584962500721156
3.2359263506290334
4.061465204886839
1.0
3.4474015047059146
3.2810361125534233
3.4992275471326932
4.002681390473459
4.14793996681144
3.8189568154901656
0.9182958340544896
3.6412498004554785
3.625
3.8731406795131322
3.4182958340544896
3.689703732199547
3.6644977792004623
3.5766176449086653
3.2402239289418517
3.447401504705915
3.182005814760214
2.6258145836939115
2.9182958340544896
3.3787834934861767
2.6258145836939115
3.1841837197791887
2.8553885422075336
0.9444885341662053
2.8553885422075336
3.497381489137515
4.059794231591778
4.087267134216007
4.05435420425395
2.5216406363433186
2.321928094887362
3.080500530640267
4.091026920090057
2.721928094887362
1.584962500721156
3.039148671903071
3.1395722619867223
3.555533151426996
3.238901256602631
3.2806390622295662
3.0220552088742005
3.640223928941852
3.5
3.0269868333592873
2.523231428797621
3.0062389286533895
3.5562012808079033
3.902643205799668
2.4508257945180882
3.2402239289418517
3.796217602590056
3.6402239289418516
3.8572603940006718
3.327819531114783
2.8221819586428727
3.90194695925137
3.0850551027564768
3.459431618637298
3.1808329872054406
3.4072682296173897
3.080500530640267
3.3735572622751855
3.5035391228040247
3.4086949695628417
3.039148671903071
3.688721875540867
3.084962500721156
3.5
3.572431251322119
3.0269868333592873
3.3787834934861767
3.8035088547976788
3.7950885863977324
3.332095398660169
3.41041725276052
3.663532754804254
3.546439344671015
3.4841837197791885
3.441649546923106
3.180832987205441
3.419381945646371
3.09306920777189
3.8252517372886503
3.896291529045928
3.202819531114783
2.918295834054489
2.9182958340544896
3.418295834054489
3.663532754804254
3.0220552088742005
3.2195282822995477
3.056564762130954
3.182005814760214
3.6094963344256965
3.572469458770136
3.3564924137968237
3.2516291673878226
0.6500224216483541
1.173185867971725
1.3250112108241772
0.37123232664087563
3.182005814760214
2.725480556997868
1.584962500721156
3.5804621997271013
3.084962500721156
3.9863132258974776
1.584962500721156
2.873140679513133
3.8332696895151073
3.9823912388922067
2.188721875540867
3.53641423712223
2.9956029237290127
3.6424896731661263
4.195133095905527
4.082869629720998
4.1664736446955075
4.010550784675568
1.584962500721156
3.084962500721156
3.852421151644845
3.6525581052129055
3.7962176025900556
3.1761102515172546
3.327819531114783
3.8588029144615943
3.3816201079487347
2.984234164652489
3.499169547661509
3.870284076978159
3.6897037321995465
3.3239348962840563
4.036726853840692
3.8414557860443175
3.6105772433316425
3.084962500721156
2.355388542207534
3.182005814760214
3.381580488309164
3.6105772433316425
3.0220552088742005
2.8282129458410012
2.260820318171659
3.0220552088742
3.384183719779189
3.4030741894285694
2.5582975702780195
2.601227480952956
2.5949695547484852
2.5178941476196224
2.684017280829845
2.6258145836939115
2.636961904575932
2.920596937187078
2.9852281360342516
3.4316235658474303
3.521640636343319
3.1037016960573487
3.3927474104487847
2.931208948910323
3.6818808028034016
3.2516291673878226
2.688721875540867
2.9232314287976204
1.4516607643577668
0.9917601481809735
3.2516291673878226
3.2390979179887864
4.004886164091841
3.9184450520282565
3.784941827437642
3.30827083453526
1.4056780552463373
1.3787834934861753
3.5009376569990414
3.8488846166291193
3.6799325417205875
3.8199852609135294
3.743982153814127
2.8553885422075336
2.7806390622295662
3.039148671903072
3.5225715891363594
2.7742433029172693
3.373557262275185
3.6887218755408675
3.5296964395284127
3.521640636343319
3.555533151426996
2.8962915290459277
1.799015670655122
2.181937063546704
3.6168746059562227
3.5724312513221195
2.918295834054489
3.238901256602631
2.9182958340544896
3.386842188131012
3.084962500721156
3.109275070710713
3.534475839925245
3.169925001442312
3.0574760762899316
3.572469458770136
3.7649112214500136
3.5726236638951634
3.630985019785137
3.6039149446700964
3.9947564541522995
3.7723683589017414
2.6556390622295662
3.8600831221770755
3.139572261986723
3.7470851333950876
3.452819531114783
3.146286370662105
3.0220552088742
3.2464393446710154
3.5
3.1751231351134614
3.180832987205441
0.6500224216483541
3.238901256602631
3.661461337808929
3.98882195700319
4.0121390011579345
4.119594852362765
1.0
3.057476076289932
3.9494730535541165
3.6168746059562227
2.952819531114783
3.388008909503755
3.378783493486176
2.8553885422075336
4.175967168411714
3.639522519994505
3.392147223664534
3.941251994947242
3.647742678581274
3.1416210809614564
2.7534343861887853
3.7576951816725357
3.346439344671015
3.973114528144728
4.059274517044986
3.625
4.116161713453679
3.6625732651509115
3.8509407983195767
3.277613436819116
3.8014211185750537
1.584962500721156
3.5377477287962193
3.5065271046080686
3.5545428975019253
3.4014678014908255
3.5073604383716934
3.1784065901594256
2.4033179079303704
3.2702442071537554
2.3134597501718237
1.336147408537819
1.7047668562193676
1.6154797815570052
1.2832547532764529
1.6317056888227985
3.373557262275185
1.2674438038072335
2.7534343861887853
0.9055872616982603
2.727217001462482
3.3735572622751846
3.7201755214643457
2.984234164652489
3.202819531114783
3.5
3.125
3.6211755429194716
3.8268748818646365
4.025930027099075
3.337175341123077
3.0220552088742
2.8553885422075336
3.939829017466402
3.0269868333592873
3.3060202622092554
4.065065143122813
3.8957651947734506
3.9190795706241737
3.1761102515172546
3.2866294867861954
3.606936732175321
3.463280517810811
2.688721875540867
3.7264741182543752
3.2516291673878226
3.133206219346495
2.6556390622295662
3.0269868333592873
3.2359263506290334
1.954434002924965
2.8553885422075336
3.2195282822995477
3.334679141051595
3.7970421653407156
3.3248629576173574
3.1219280948873624
1.0
3.6980685120588386
3.83555366122509
2.828781483140605
3.9883534558977405
3.8099250519357377
3.3735572622751855
3.7897314410580436
3.5220552088742005
3.9061983328100944
3.925410635240724
3.5
3.238901256602631
3.4992275471326932
2.6612262562697895
3.2516291673878226
3.2516291673878226
0.6998428398862386
1.0892300788425848
1.3699740752745009
3.8523435842490565
3.9142998318946405
3.732444601324706
3.716016062335907
3.215841172683753
4.1097794857892564
2.7806390622295662
3.6168746059562227
3.9097002020074667
3.5537027658750633
3.378783493486176
3.7720552088742005
3.878928031846024
3.663532754804254
3.7160405657809505
3.555533151426996
3.3787834934861767
2.918295834054489
3.41041725276052
3.6556488633721043
3.576617644908665
2.8553885422075336
3.375
1.8339272176418302
3.5068905956085183
0.8683927290103626
2.9109922530150456
3.7034651896016464
3.6537567082870006
2.556656707462823
3.2728043273346206
3.4992275417233567
3.4992275417233563
4.089781950065051
3.1395722619867223
3.8693312611115185
3.5330516047849017
3.7034651896016464
2.751629167387823
3.039148671903071
3.0849625007211556
3.988715603598929
3.9774223140940093
3.882488620717458
1.584962500721156
3.0220552088742005
1.0949143184120975
1.7004397181410922
3.906367081440983
3.9266300000174303
4.020116927232442
1.4591479170272448
3.238901256602631
3.3921472236645345
3.675310868912364
3.0220552088742
3.056564762130954
3.5766176449086653
3.3371753411230776
3.471354487013929
3.32323142879762
2.950212064914748
1.584962500721156
3.873925651617
2.9219280948873623
1.0
3.75
3.189898095464288
1.036839086074006
3.9987280573706054
3.221097250057957
3.7043494289560517
3.180832987205441
3.056564762130954
3.418295834054489
3.3232314287976203
3.2866294867861954
3.392147223664534
3.327819531114783
4.1139992888396035
3.8846006626923595
3.0269868333592873
2.054585169337799
3.5724312513221195
4.182206165936676
4.055977184345614
3.0220552088742
3.368042422572715
3.2359263506290334
3.182005814760214
0.7732283485249176
3.3908054820769813
3.4992275471326932
3.821928094887362
1.207518749639422
3.2913293742051106
3.581259889305422
4.016820346865018
3.452819531114783
3.430457025500558
3.272905595320056
3.7359263506290326
3.213513256009071
3.584183719779189
3.2516291673878226
3.43162356584743
3.5086949695628418
0.7732283485249176
3.1443710778907272
3.1018812234760182
2.4591479170272446
3.128085278891395
3.7849418274376423
3.127986806877675
3.378783493486176
3.8459415653387197
3.8841550945958048
3.7720804237685597
3.9650422030272128
3.6909298762342884
3.629663483094587
3.2516291673878226
3.5719864615720214
2.984234164652489
2.2841591278514217
1.0
3.085055102756477
3.764735178725505
3.0269868333592873
3.378783493486176
2.9312089489103235
3.7683221486878633
3.1555650133297184
3.7950885863977324
3.928265043159906
4.131437386975421
3.6219280948873624
3.350209029099897
3.917626443873359
3.6430741894285688
3.7264741182543752
3.5766176449086657
3.8990726692459234
3.9027391238115525
3.8252517372886508
3.139572261986723
3.7483286603655737
3.813388283228294
4.210250509525816
2.0
3.2516291673878226
0.9957274520849255
1.3699740752745009
4.041625614369223
3.0269868333592873
2.8731406795131336
3.430457025500558
4.041505835519239
2.0
3.514044469850428
3.4357554339416274
3.4548223999466066
3.188721875540867
3.1692486956952335
3.6430741894285696
3.327819531114783
3.3232314287976203
3.4548223999466066
3.9111770042006047
3.6862800457568476
3.804093380517447
3.7930649343703906
3.9886157131094455
3.139572261986723
3.3921472236645345
3.446439344671015
3.118275160770976
3.323231428797621
3.572431251322119
2.974937501201927
2.9232314287976204
3.925736213813611
3.868579990197079
3.934571001061342
3.7084449997615017
2.0
2.950212064914747
3.188721875540867
3.59448250651942
4.0042835519693
3.0849625007211556
4.112063152384017
3.2089873002588
3.6841837197791887
3.056564762130954
3.810928306279287
3.9678617577018853
3.4251185503571393
3.9593924214738268
3.7024715122197467
3.4548223999466066
2.688721875540867
3.056564762130954
3.1018812234760182
3.0269868333592873
2.918295834054489
3.375
3.0062389286533895
2.9735572622751856
0.9912642605354287
3.32323142879762
3.653660689688185
3.8074355167595253
1.1446348670201616
3.09306920777189
3.169925001442312
3.086048612313038
3.6227385611392355
2.5654483718208256
3.7962176025900556
3.6553362295323457
3.3021390820667533
2.8895494308620884
3.59448250651942
3.5032583347756456
3.6231674217472234
2.8073549220576046
3.6571925329241433
3.665882745561475
3.709147917027245
3.084962500721156
3.327819531114783
3.3248629576173574
3.5068905956085183
2.584962500721156
3.5464393446710147
3.8438561897747237
3.3927474104487847
3.09306920777189
3.6143694458867563
3.378783493486176
3.4464393446710155
3.6038561897747243
3.408694969562842
3.6339740759971573
3.4193819456463714
3.375
3.3211043305784886
3.2639334294856344
0.31790121541508787
2.584962500721156
3.4859175795054957
3.4613201402110083
3.53641423712223
3.2359263506290334
3.7623962663573924
3.09306920777189
3.4701755214643453
2.584962500721156
3.2158411726837524
3.9155067838565927
3.767014119103094
3.7962176025900556
3.621928094887362
3.723074189428569
3.4138338639736006
3.8441065448145375
3.567040216926579
3.7898980954642876
3.327819531114783
2.688721875540867
3.5766176449086653
3.813660689688185
3.6539967386657093
3.5841837197791886
3.708048150071232
3.616348566075163
3.788754913993503
4.039736103577735
2.146782221599798
2.0
3.43162356584743
3.0849625007211556
3.546439344671015
3.625814583693912
3.4565647621309536
4.045016862940578
3.8750025302694158
3.7522825421631434
4.091318213197181
3.6054867419231797
4.074821453902622
4.0764113645062805
3.692310196732876
1.5
3.2359263506290334
3.2516291673878226
3.452819531114783
2.8553885422075336
3.085055102756477
3.6163485660751635
3.2516291673878226
2.8553885422075336
3.4992275471326932
2.9312089489103235
2.3329145639793976
2.7534343861887853
3.852727783453858
3.006238928653389
3.1556390622295662
3.373557262275185
3.189898095464287
3.1464393446710153
3.456564762130954
3.0311161724560196
3.558518613048906
3.8717890110921678
3.175123135113461
2.918295834054489
3.0708470936225174
2.584962500721156
3.452819531114783
3.786569246460625
3.5351745656359035
3.8042292966721747
4.1464512697703215
4.132868749734771
3.2810361125534233
3.6158175946759337
3.6656853797164164
3.238901256602631
3.9582291686698796
3.7110804962442776
3.9987921361661134
3.180832987205441
3.4548223999466066
3.538310595615006
3.323231428797621
3.821928094887362
3.5841837197791886
3.563074189428569
3.446439344671015
3.327819531114783
3.849223912390625
3.40582225028569
3.4273334938982645
3.538310595615006
3.5068905956085183
3.327819531114783
3.4039894464852614
2.751629167387823
3.546439344671015
3.327819531114783
3.780394654123195
3.691994407749645
3.9794309732940762
3.5944656369614516
3.821928094887362
3.6143694458867563
3.2841837197791888
3.530493056757482
3.625
2.9852281360342516
3.5841837197791886
3.610577243331642
3.010570934268483
3.765319531114783
3.024397470347699
3.5137847242254345
3.6689869584530603
3.6601297526332566
3.6052538230845443
3.1808329872054406
3.537400003298785
3.8612792912647476
3.8230679822736606
3.6980617602935046
3.5415301730294657
3.4701755214643453
3.6994705707972515
3.337175341123077
3.7004397181410926
3.155221528859512
3.772055208874201
3.5944656369614516
3.652130557318382
3.8796640049025934
3.4273334938982645
3.182005814760214
3.6168746059562227
3.546439344671015
0.9141828384352135
3.4472624994412104
3.5841837197791886
3.6695163212044566
3.5383105956150063
3.528064311584049
3.767183467891461
3.003701696057348
3.8189091652463825
3.0565647621309537
3.679687439279554
3.7289215177089217
3.039148671903071
3.5599000019230838
3.897026568560039
3.7004397181410917
3.8951509201400127
3.771437029461126
3.2516291673878226
3.182005814760214
3.4316235658474303
2.8553885422075336
3.1018812234760182
4.085055102756477
2.8962915290459277
3.0105709342684834
3.7994244895661673
3.901503710565654
3.463280517810811
3.202819531114783
3.697726999382614
2.751629167387823
3.4992275471326932
2.0635699777427265
3.8923868993219477
0.0
3.4639266056880564
3.708132064658602
2.688721875540867
3.0220552088742
3.59448250651942
3.239097917988786
3.5383105956150054
3.9677201004744993
3.563247423975141
3.2516291673878226
3.4357554339416274
3.2402239289418517
3.084962500721156
3.689891668750007
3.418295834054489
3.642489673166126
3.5766176449086653
3.866974276389725
3.6635327548042538
3.7848658715261645
3.6682958340544896
3.653660689688185
3.747690589924105
3.8275129544727644
1.0
3.2390979179887864
2.584962500721156
4.056647492021491
2.0
4.066992649453609
2.0
2.8393538721672007
3.327819531114783
3.0269868333592873
3.3787834934861767
3.2927701939369904
3.5465935642949384
3.3927474104487847
3.2810361125534233
3.1916116417513782
3.5035391228040242
3.6995439770170093
3.6168746059562227
2.846439344671015
1.584962500721156
2.708694969562842
2.549787381523038
2.4662478973127313
3.1916116417513782
3.787042812031905
3.0220552088742005
3.024397470347699
1.0862293462325945
3.377278130987436
4.00667216894295
3.9371021618335265
3.768453957701921
2.8553885422075336
3.2998963911678905
3.8966813135129983
3.6619328723735824
1.9219280948873623
3.623465189601646
3.146286370662105
3.300559092390953
3.4182958340544896
3.9217855754473923
3.128085278891395
3.8011085007312415
3.9136408739151447
2.7516291673878226
3.974937501201926
3.2516291673878226
3.375
3.8848588918890474
3.468576629687865
3.893660689688185
3.4399364703978073
3.7256507561120933
3.2195282822995477
3.6417412742727078
3.3179905277545414
4.008354495884067
1.584962500721156
4.117663584647848
3.5342190211803413
3.7397438871316346
0.7732283485249176
2.8150724101159437
3.618896617331711
3.6314783907408072
2.973557262275185
3.572469458770136
3.6749160000010237
3.4906015629507228
3.53257325750262
3.572623663895164
4.023702664123648
3.7831005214095463
0.9182958340544896
3.0743685422174765
2.0
3.484183719779189
2.9834585933443494
3.2709424217485368
3.25
3.8219280948873617
3.572431251322119
3.57059811909008
3.239079570624175
3.2806390622295662
3.677100755700004
3.381580488309164
1.584962500721156
3.3921472236645345
3.235926350629033
3.546439344671015
3.2516291673878226
3.522571589136359
3.180832987205441
3.09306920777189
2.835237745312118
3.599665973303956
2.8553885422075336
3.239097917988786
1.186278124459133
3.3232314287976203
3.349692968957871
3.760421209521994
3.4953209230322795
3.5585186130489057
2.866587105828959
3.9192526002858936
3.61506101220307
3.9219112192497425
3.2607845582978525
2.9037016960573485
3.734521664779752
3.373557262275185
3.5931390622295662
3.375
3.3927474104487847
3.196154780932867
3.327819531114783
3.8731406795131327
3.085055102756477
1.188721875540867
3.182005814760214
3.6887218755408675
3.0062389286533895
3.261043983337284
3.481714572986072
3.085055102756477
3.5766176449086653
3.182005814760214
3.0850551027564768
3.8332696895151073
3.750000892459754
3.8431390622295662
3.569773835029478
3.6223844595791688
3.2577560641285173
3.251629167387823
3.435698780751651
3.419381945646371
2.8553885422075336
3.2516291673878226
3.327819531114783
3.084962500721156
3.4182958340544896
3.506890595608518
1.7464353842388933
3.077819531114783
2.688721875540867
3.808533102073525
2.8522170014624826
3.427333493898265
3.94075983254009
3.321928094887362
3.2402239289418517
3.1395722619867223
3.3097189833244367
4.014602062184762
0.9182958340544896
4.086222287265701
3.989826558206961
3.414039513026634
3.03856233607563
3.6789450108850885
1.584962500721156
2.4508257945180882
3.2359263506290334
3.6753108689123644
3.1556390622295662
2.8453509366224368
4.0065338336348715
3.8541889884881186
1.584962500721156
2.71929452566698
2.663532754804255
0.0
3.975619815508933
3.264853097980517
4.155853288169982
2.923231428797621
4.120818064301454
2.984234164652489
3.30827083453526
2.873140679513133
3.534219021180341
3.43162356584743
2.873140679513133
3.238901256602631
3.5068905956085183
3.4058222502856896
3.202819531114783
3.8274079489566755
3.337175341123077
3.471354487013928
3.7950885863977324
3.9343813435048056
2.0
2.9232314287976204
3.9552918860179602
3.760017277849653
3.7043029317756164
3.5464393446710156
3.6682958340544896
3.238901256602631
3.238901256602631
3.4841837197791885
3.4594911601991534
2.8553885422075336
3.0220552088742
3.5599000019230838
2.586887840995814
3.627763553007399
3.806127542695028
3.82739382177871
3.5905710812598666
3.3787834934861767
3.4399364703978077
3.8703698958135266
3.7544418457133446
2.9735572622751856
3.780394654123195
3.902534039909618
4.0890951165905
4.097110168003932
3.926857588858677
2.873140679513133
3.6094963344256965
3.9597861817023006
1.584962500721156
3.189898095464287
3.084962500721156
3.403989446485262
3.572431251322119
3.0588138903312014
3.375
3.6536606896881856
3.238901256602631
3.0574760762899316
3.1056721842714325
3.377443751081734
3.0220552088742
3.622284421053655
3.2841837197791883
3.2841837197791888
2.8423709931771093
3.0269868333592873
3.0269868333592873
3.6899015819921512
3.3921472236645345
2.6258145836939115
3.238901256602631
3.09306920777189
3.2516291673878226
3.182005814760214
3.506890595608518
3.3927474104487847
1.8389205950315937
2.8553885422075336
3.6887218755408675
3.570782286537524
3.238901256602631
3.288409377088532
3.176028595382332
2.974937501201927
3.8242528312829864
3.576617644908665
3.039148671903071
3.1898980954642866
3.534219021180341
3.323231428797621
1.3699740752745009
1.5363833624355525
1.5320853409272064
2.9016094970590274
3.763904761675317
3.7264741182543757
2.6535442970305683
2.584962500721156
3.6552215288595113
3.2516291673878226
3.828758439731454
2.855388542207534
3.4332696895151082
3.6775671571169286
3.8868720426448857
3.623516641218015
1.3866141742624585
1.0949143184120975
3.3927474104487847
2.9312089489103235
3.7299817071042467
3.943942707918268
3.4548223999466066
3.7967269866075877
3.783465189601646
2.920596937187078
3.3688840705376353
2.4591479170272446
3.965888119160316
3.499227547132693
3.578626767019874
3.30827083453526
3.3082708345352603
2.625814583693911
3.546593564294939
3.378783493486176
2.872905595320056
3.251629167387823
3.25
3.0220552088742005
3.675310868912364
3.764735178725505
3.353269689515108
4.027736023434043
1.584962500721156
3.056564762130954
3.4632805178108104
3.792837797403416
3.4182958340544896
3.25
3.708132064658602
4.0513077815941285
4.069114154689792
3.5342190211803413
3.5554141844097327
3.9764097655573916
2.4591479170272446
3.077819531114783
4.074643373867067
3.5
4.070456624877313
4.0027702841963775
3.489265887496299
3.5113235377029857
2.4767967526855204
1.1451104143815827
0.8166890883150209
1.0892300788425848
1.6143308351592656
3.7181390622295662
3.681880802803401
3.564911221450014
3.3927474104487847
3.0269868333592873
2.688721875540867
3.621928094887362
3.3787834934861767
3.521640636343319
3.936891797757288
3.7356660681024443
2.792481250360578
3.7950885863977324
3.5068905956085183
3.572469458770136
3.8962915290459277
3.4642346527265664
3.8152023999804867
3.658234151258402
3.6339740759971577
3.708132064658602
3.8208888513501886
3.3927474104487847
3.2359263506290334
3.503258334775645
3.418295834054489
3.616348566075163
3.100916685694772
3.180832987205441
3.4548223999466066
3.2841837197791888
3.3232314287976203
3.350209029099897
1.4838317068446891
3.6553362295323453
3.239097917988786
3.603856189774724
1.450467463408549
1.4885252948977485
1.3328204045850196
3.6304126608739984
3.616348566075163
3.189898095464287
2.125814583693911
3.180832987205441
3.576617644908665
3.464234652726567
3.2806390622295662
3.6901165175936654
3.7904517769895287
3.189898095464287
3.6066338100379283
3.356492413796824
1.584962500721156
3.8430833559368964
3.084962500721156
2.999581230646064
3.772055208874201
3.203701696057348
3.4906015629507228
3.182005814760214
2.8553885422075336
2.688721875540867
3.521640636343319
3.499169547661508
3.7663326399706225
3.2516291673878226
3.7159321855150296
3.4144413036949723
3.2575004135020675
3.9044260599576486
3.6375375112660517
3.689703732199547
3.337175341123077
2.8453509366224368
3.503258334775645
3.642371448743902
3.8456631498513816
3.506890595608518
3.530493056757482
3.084962500721156
1.6758220575766962
3.2033650875091753
3.4632805178108104
3.350209029099897
3.786815968841127
3.5
3.526210641914682
3.32323142879762
1.584962500721156
3.334679141051595
3.0269868333592873
3.530493056757482
3.8693312611115185
3.008694969562842
3.5124792706912316
3.4182958340544896
3.6424896731661263
3.4056390622295662
3.6163485660751635
3.633974075997158
3.6234651896016463
3.182005814760214
3.8305466086383047
4.079986855772667
3.332095398660169
3.508621780036166
3.334679141051595
3.238901256602631
3.3273399000835084
3.0105709342684834
2.952819531114783
3.826874881864637
3.373557262275185
3.6644977792004623
3.3787834934861767
3.521640636343319
3.4182958340544896
3.418295834054489
4.062162260906565
3.770470349072334
1.584962500721156
4.188244975213401
1.584962500721156
3.2810361125534233
2.6535442970305683
3.7201755214643453
3.879798674318511
3.5292426042069382
3.30827083453526
3.0220552088742
3.268048828757959
3.182005814760214
3.4086949695628417
3.084962500721156
3.556201280807904
3.616348566075164
3.5068905956085183
3.125
3.2359263506290334
3.4713544870139286
3.2516291673878226
3.824533406881911
3.524092480429718
3.0306390622295662
1.896240625180289
3.0269868333592873
2.950212064914747
3.327819531114783
3.0269868333592873
3.418295834054489
3.0220552088742005
3.0269868333592873
3.5383105956150054
3.642149881636903
3.8380398168981555
3.236857303422074
4.082852916009317
3.3248629576173574
3.7004397181410926
1.188721875540867
2.3876318396998255
2.5766879194247676
2.532788649833655
3.084962500721156
3.41041725276052
2.8731406795131336
2.692380602454975
3.308694969562842
3.024397470347699
3.5068905956085183
4.110987196609284
3.640223928941852
3.555414184409733
3.2806390622295662
3.2516291673878226
2.0068386347224534
2.967064753975466
3.375
3.240223928941852
3.421928094887362
3.127986806877675
3.7049868557726673
3.668986958453061
3.588710641914682
2.5495234595978316
2.199687794731328
2.6998594471019968
1.0
0.9780155566622414
3.419381945646371
3.4841837197791885
3.3082708345352603
3.202819531114783
3.5465935642949384
3.238901256602631
3.0220552088742
3.182005814760214
3.0220552088742
3.327819531114783
0.9000224216483541
1.4030826158154022
2.2807876549494517
2.188121617016518
3.6659791299831017
3.431401845392172
3.98952755894195
4.0570048568390025
4.054584329314268
3.863817831127476
3.576617644908665
3.2720552088742005
3.995906598484245
3.5780011510322702
3.0269868333592873
2.688721875540867
3.2806390622295662
3.4992275471326932
3.6168746059562227
3.039148671903071
3.378783493486176
3.446439344671015
3.5739348962840563
3.202819531114783
3.851961933798749
3.375
3.3248629576173574
3.7821222241453065
3.928265043159906
1.584962500721156
0.8475846798245739
1.272905595320056
0.8795064608120066
1.1191194231256714
3.5905710812598666
3.4104172527605203
4.027169118440618
3.3927474104487847
4.132467651251536
3.763856189774724
3.3927474104487847
3.3232314287976203
3.4528786893420307
3.7841837197791883
3.337175341123077
3.4632805178108104
3.337175341123077
3.219528282299548
3.765319531114783
3.521928094887362
3.621928094887362
3.5368867237421666
2.292481250360578
2.8553885422075336
3.1307179879273748
2.9852281360342525
2.8553885422075336
3.4936606896881854
3.1898980954642875
3.463280517810811
3.3927474104487847
3.403989446485261
3.2402239289418517
4.099341698990737
3.3927474104487847
3.889049535914169
3.8832062193464942
3.378783493486176
3.2841837197791888
3.2841837197791883
3.600001382307195
3.127986806877675
3.180832987205441
3.326360407952693
3.039148671903071
3.5566567074628233
2.584962500721156
3.084962500721156
3.378783493486176
3.11583409216322
0.988180837004676
3.689703732199547
3.127986806877675
2.660129752633257
3.4613201402110083
2.6235166412180155
3.978249347574414
3.8848588918890474
3.039148671903071
3.188721875540867
3.238901256602631
3.654263725997023
1.7474130395316416
1.6707145064847897
3.189898095464287
3.610206662911737
3.1898980954642875
3.2359263506290334
3.817951769535897
1.207518749639422
3.4713544870139286
3.7747751024331797
3.4072682296173897
3.5371749066849714
3.800044618479009
3.9902596568377544
3.239097917988786
3.8990401366454366
3.208694969562842
1.0
3.651478922893308
3.327819531114783
2.6887218755408666
3.327819531114783
3.70144963262962
3.5944656369614516
3.186392934223819
3.4058222502856896
3.8006976575322584
3.827819531114783
3.949412006510509
3.7721800112652457
3.6289280318460246
1.0
3.6887218755408675
3.5585186130489057
3.783465189601646
3.323231428797621
2.910992253015046
3.642371448743902
3.708132064658602
3.2516291673878226
3.4316235658474303
3.6841837197791887
3.0269868333592873
3.3248629576173574
3.721928094887362
3.0062389286533895
3.7622673906514943
2.792481250360578
3.141093230142982
3.700658588111072
3.5500976868678835
3.444548827786958
3.821547651361112
3.73624341298306
3.4438561897747233
3.485228136034251
3.8327315156807105
4.108381034739344
3.8238816375185887
3.4087385128172416
3.7820561507278656
3.771527784112274
3.7869383283687474
3.812681545742699
3.8668345539165294
3.4086949695628417
3.572623663895163
3.8980685120588383
3.7178504651264324
2.789898095464287
3.511080496244278
3.7103785787283874
3.447401504705915
3.6980685120588386
3.6388301270322074
2.584962500721156
3.5535088547976783
3.057476076289932
3.888779943823598
3.0269868333592873
3.9087111098294542
3.709279881929488
3.1898980954642866
3.085055102756477
3.084962500721156
3.238901256602631
3.4193819456463714
2.9414460711655215
3.337175341123077
3.452819531114783
3.5
2.9219280948873623
3.938353008623913
3.3846698789594547
3.9949467502972347
2.292481250360578
3.1898980954642866
3.3371753411230776
3.605388542207534
3.9250366294321224
3.093069207771891
2.6612262562697895
3.53641423712223
3.7321588913645694
3.5841837197791886
3.6168746059562227
3.7919245392005063
3.414441303694973
3.708132064658602
3.641249800455479
3.4992275417233563
4.14423732436158
3.8296661234298734
3.8293902947729306
3.6094963344256965
3.9172036464868123
3.5035391228040247
3.879807299737752
2.918295834054489
4.050127270325181
3.9164246291310203
3.895423870280315
3.8332071592869363
3.8811443540232493
3.670178668613762
4.073010803663119
2.0
3.084962500721156
3.1898980954642866
3.4182958340544896
2.9852281360342516
3.5766176449086657
2.9689185639620974
3.3232314287976203
3.188721875540867
2.918295834054489
2.75
3.323231428797621
3.6402239289418516
2.7516291673878226
4.012940415971608
4.030463732189042
2.0
3.2359263506290334
3.6163485660751635
3.182005814760214
3.2516291673878226
3.4528786893420302
1.7841591278514217
3.2359263506290326
3.125
3.1556390622295662
3.0269868333592873
3.2927701939369904
3.238901256602631
3.3927474104487847
3.824943805923198
1.7004397181410922
0.6193821946787638
1.6143308351592656
2.6556390622295662
3.5086949695628418
3.2359263506290334
3.5724312513221195
3.551191174465696
3.503258334775645
3.8242528312829864
3.5800503514647373
3.788754913993502
3.180832987205441
2.8962915290459277
2.4996981431844145
3.572469458770136
3.3735572622751855
3.182005814760214
2.584962500721156
3.521640636343319
3.2359263506290326
3.546593564294939
3.0220552088742
3.110578014789015
3.0220552088742
3.323231428797621
3.188721875540867
3.1898980954642866
1.856564762130954
3.079079570624174
3.8153115322251017
3.7160405657809505
0.9182958340544896
4.0580531366523855
2.9735572622751856
3.4428621651554656
3.6711499390701863
4.009877833045792
2.0
4.089888226042519
3.777764861425628
1.5
3.618154554062566
3.5615194518776545
3.9090041191790608
3.418295834054489
3.6705864034475364
3.2655833228877333
1.584962500721156
2.9583445647526654
4.120532785261042
3.9412401523027816
2.792481250360578
2.8553885422075336
3.180832987205441
3.238901256602631
3.553702765875064
3.2678941476196224
3.619559270611367
3.657289952363989
4.175236643956912
4.067245826222945
3.961073644418421
3.829983790995914
3.804952556602638
3.6684539577019217
0.9182958340544896
2.8553885422075336
3.456564762130954
2.8522170014624826
3.521640636343319
1.0
4.1749597736623185
4.196151528204216
4.078269330302086
1.584962500721156
0.0
1.584962500721156
3.0850551027564768
3.7024260409909386
3.3735572622751855
2.835237745312118
3.9091598586362752
3.6098501660289424
3.5841837197791886
2.8553885422075336
3.25
1.1451104143815827
3.146286370662105
3.188721875540867
1.584962500721156
3.3371753411230776
3.5132696895151074
3.796960730356964
2.8553885422075336
3.75
3.085055102756477
3.5724312513221195
3.238901256602631
3.3056450063529996
3.1892750707107127
3.9600324292257607
3.5766176449086653
3.7992588775976537
3.770044500340505
3.849285899557598
3.8404025467025056
3.534219021180341
4.003148449920865
2.9852281360342516
3.189898095464287
3.9810760119146074
2.74894004700543
3.6695767463163933
3.4548223999466066
2.873140679513133
3.530493056757482
2.5220552088742
3.6818808028034016
3.327819531114783
3.378783493486176
3.7887549139935026
3.601227480952956
3.084962500721156
3.5465935642949384
3.9024092329502267
3.238901256602631
3.871351338484979
3.534219021180341
3.766587067124144
3.5535088547976783
3.007196489685618
3.6234651896016463
3.513269689515108
3.7004397181410926
2.614369445886757
3.6074753914554893
3.511085408180427
3.0220552088742
3.446439344671015
3.5073801024236353
3.327819531114783
2.751629167387823
3.5892750707107126
3.4996981431844136
3.606936732175321
3.4632805178108104
3.881005488054637
3.202819531114783
3.513269689515108
4.016829738661248
3.6539967386657093
3.6500660980704036
3.2806390622295662
4.0534140591352505
1.0
3.0269868333592873
3.4130854229411542
2.9636086882153103
3.452819531114783
2.610577243331642
3.337175341123077
3.2516291673878226
3.8684263774431606
3.6069367321753214
2.270942421748537
3.642371448743902
3.413088436425757
2.688721875540867
3.203987391758757
3.4947396630551757
3.6168746059562227
3.1681472417556162
3.1329440449809582
3.414441303694973
3.7483943455364037
2.610577243331642
3.4327040293549946
2.9559130951758243
3.41041725276052
3.4713544870139286
3.182005814760214
3.300559092390953
2.8453509366224368
3.2402239289418513
3.182005814760214
3.783581520898149
3.8063315089526903
3.2402239289418517
3.4795613933676726
2.9182958340544896
3.9897963596337642
3.2810361125534233
3.2728043273346197
1.3567796494470397
4.179916231859948
2.0
3.3248629576173574
2.7489400470054295
2.7534343861887853
3.8275546594689245
3.3735572622751855
3.925070520364181
3.326360407952693
3.2086949695628415
3.4031071683628116
3.588354347173234
2.7773627950641693
3.182005814760214
2.8000446184790095
2.699513850319966
2.4508257945180882
3.182005814760214
2.287783719941071
4.061064473938573
1.0
4.139279803428569
3.9942204724377657
3.9677201004744993
3.85434693766179
3.8498020293948962
3.9501278650106877
3.8580072301048833
3.901750062028892
3.4632805178108104
3.3921472236645345
3.3248629576173574
3.125
3.6037016960573474
3.6284451594312284
3.7153115322251016
3.771020029679144
4.0481850244701185
3.5724312513221195
3.3688840705376357
3.3086949695628416
3.2195282822995477
2.467720100474499
4.114891323312372
3.747331019351499
1.0
3.188721875540867
3.0269868333592873
2.9852281360342516
3.3711045993081328
3.0220552088742005
3.580050351464737
3.926272374139508
3.452819531114783
3.5895313089284633
3.084962500721156
3.238901256602631
3.0269868333592873
1.584962500721156
3.935875760404899
3.7720804237685592
1.4885252948977485
2.0
3.2608281712244547
2.8553885422075336
3.521640636343319
3.2927701939369904
2.617492461184755
3.350209029099897
3.1863929342238193
3.096969416317429
3.590018266288633
3.7462919417363416
3.503258334775645
3.5417435206018593
3.5724312513221195
1.198183947911799
3.5
3.710777084415067
3.084962500721156
3.308751351247166
1.413816850303634
1.6143308351592656
3.4613201402110083
3.106890595608519
3.182005814760214
3.7024715122197476
3.0220552088742005
3.684829508503261
2.8559049224696937
3.4565647621309536
2.7719023720385585
3.3656365760772866
3.916579706419834
3.9918210495000883
3.3735572622751846
3.0306390622295662
3.7289721408610004
3.375
3.0849625007211556
3.337175341123077
3.9429163844041386
3.4316235658474294
3.0220552088742005
3.056564762130954
3.3248629576173574
3.039148671903071
3.572431251322119
3.0849625007211556
3.875088205735622
1.0666152167384504
1.2916919971380594
0.0
1.0408520829727552
3.1898980954642875
3.2516291673878226
3.327819531114783
3.1652032965682597
1.2100285140347624
1.3752793655393791
3.800044618479009
3.900256906341462
3.32323142879762
3.8867131157434103
3.5428377974034158
3.188721875540867
3.9061424710032204
3.6764659725018163
3.48973793165199
4.018316198406603
3.0269868333592873
3.084962500721156
3.0062389286533895
1.4345491399952024
2.965583935727781
3.873637091714504
3.628072996388509
3.530963873657757
3.883174674072394
3.418295834054489
3.577819531114783
3.240223928941852
3.7256507561120924
2.3553885422075336
3.2732696895151077
3.621928094887362
3.2859175795054956
3.695501148817395
3.3927474104487847
2.725480556997868
4.006360154104474
2.0
3.0220552088742005
4.015826963156642
3.5585186130489057
3.238901256602631
3.454822399946607
3.4713544870139286
3.715199876515856
3.926616045880947
3.7534332176826526
3.9603202553942918
3.3921472236645345
3.8124087430971523
3.6635327548042538
3.824862957617357
3.5766176449086653
3.373557262275185
3.6887218755408675
3.8646983261669603
3.721928094887362
2.8073549220576046
2.8423709931771093
3.5684490031423746
1.0408520829727552
3.418295834054489
3.471354487013928
3.6163485660751635
3.9208648058916205
3.9940830163940877
1.0
3.381580488309164
3.5219280948873624
0.6784070909375675
0.9274479232123118
0.6685644431995964
0.4537163391869448
1.3485878960124222
3.958674678706658
4.0936158036343535
2.321928094887362
3.3232314287976212
3.8230127243318037
2.9109922530150456
3.7837834090041005
3.9926844987324777
4.032303242743954
3.842370993177108
3.240223928941852
4.0093183899651725
3.6014097655573916
3.085055102756477
3.6604535244685596
3.908007566920859
2.7773627950641693
3.6729055953200556
3.32323142879762
3.810081020521731
3.0220552088742005
3.4613201402110083
3.2516291673878226
3.555533151426996
3.7962176025900556
3.944666161484403
3.077819531114783
2.9182958340544896
3.182005814760214
3.057476076289932
3.625
3.456564762130954
3.3263604079526936
2.688721875540867
3.0850551027564768
3.189898095464287
4.051154843423257
4.103484151612444
2.9174058114255175
3.218445151964801
1.0
3.006238928653389
3.182005814760214
2.973557262275185
2.4508257945180887
3.00623892865339
2.688721875540867
3.1018812234760182
3.308694969562842
3.077819531114783
3.4992275471326932
3.1971597234241487
3.2405282602167116
3.106890595608518
3.1898980954642866
3.30827083453526
3.1813663288914587
3.6304126608739975
3.7381493331928657
3.521640636343319
3.180832987205441
3.573934896284056
3.773557262275185
3.611508196124684
3.494739663055176
3.277613436819116
1.0
4.178611804896323
3.584962500721156
2.584962500721156
3.8284672172196115
3.323231428797621
3.3248629576173574
3.4613201402110083
2.9312089489103235
3.5
3.242490607332676
3.7398775745709463
3.8215207733441936
2.8423709931771093
2.950212064914747
3.344698375159712
3.9597261346067993
1.386274093895968
0.6793652793002186
0.6052912052261445
3.0269868333592873
3.086048612313038
3.528884070537635
3.8403897394217834
3.3787834934861767
2.9182958340544896
3.5804621997271013
3.1556390622295662
3.7497286607426745
3.32323142879762
3.599096205521549
3.139572261986723
3.446439344671015
3.25
3.606936732175321
2.4116022179746714
3.239097917988786
3.6572682296173897
3.5368867237421666
3.289359362967738
3.73624341298306
3.351953074246375
4.101144907838238
3.5068905956085183
3.511085408180427
3.6040317545551486
3.9861879650463043
3.2516291673878226
3.377443751081734
3.810081020521731
3.418295834054489
3.6464393446710153
3.7636467706769263
2.8453509366224368
2.5849625007211565
2.8453509366224368
2.9689185639620974
3.452819531114783
3.2402239289418517
3.2516291673878226
3.512479270691232
3.272769892034794
3.7013248836234007
3.861725074756386
3.621175542919471
3.7622673906514947
3.630412660873998
3.0957952550009344
3.438721875540867
2.9339545780481746
2.8731406795131336
2.8731406795131336
3.4536723994375547
2.8073549220576046
3.574357762129128
3.6764409086968692
3.5035391228040247
3.849223912390625
3.381580488309164
3.8521687236032816
1.6589797521242051
3.0424812503605785
3.616348566075164
3.4548223999466066
3.128085278891395
3.9872178475009488
0.0
3.667451869432237
4.012725424051659
4.124287761820255
2.4193819456463714
1.584962500721156
1.3520301017579528
4.014357827994778
2.7806390622295662
3.327819531114783
3.911306145999517
3.923036738314264
3.721928094887362
3.2195282822995477
3.9861801039461513
3.375
3.8820451081368628
3.8464114354196917
3.5
3.5944656369614516
3.7381493331928657
3.2516291673878226
3.5804621997271013
2.792481250360578
3.5032583347756456
3.7130788426267936
3.501397825434103
2.9852281360342516
2.8423709931771093
4.003856189774724
3.6635327548042547
3.5421176810056703
3.084962500721156
3.7088470082009337
3.239097917988786
3.499069243598024
3.474836893537489
3.6796498699968345
1.0
4.106901313765937
3.7286435422804933
1.0
4.078879540616391
3.378783493486176
3.5766176449086653
3.9171053828513744
4.076519243314658
2.9852281360342516
4.03002586887409
4.034484014796548
1.584962500721156
2.688721875540867
2.9182958340544896
3.572469458770136
3.0220552088742
3.8023428696023553
3.327819531114783
3.5035391228040247
3.584012370211935
2.8553885422075336
3.8627370020580423
3.730337797403416
3.182005814760214
3.188721875540867
3.708132064658602
3.0849625007211556
3.9076910954624613
3.6539967386657093
3.581444787932611
3.8252517372886508
3.929261108829831
3.772055208874201
3.697845823084412
3.7720552088742005
3.736006946447657
3.697845823084412
2.623516641218015
1.584962500721156
3.883172708844137
3.9231340538198753
3.5841837197791886
4.117617006385225
2.9182958340544896
3.6421498816369033
2.4355205042826666
3.5616073922012146
2.0
2.3519055020272046
3.0220552088742
3.522055208874201
3.0269868333592873
3.672997271796528
3.0269868333592873
3.3232314287976203
3.8385060114043763
3.2729055953200556
3.4821272067338294
3.4030741894285685
2.4591479170272446
3.266332639970623
3.0220552088742005
3.641249800455478
2.9182958340544896
1.224394445405986
0.9055872616982603
3.350209029099897
2.617492461184755
3.521640636343319
3.202819531114783
3.3159777164562594
3.6732696895151076
3.682005814760214
3.656564762130954
2.8150724101159437
3.1916116417513782
3.8472256849315913
3.502172344295233
2.8962915290459286
3.5892750707107126
3.392147223664534
3.425118550357139
2.8218881955261788
3.1552215288595122
3.006238928653389
3.768582478813523
3.2359263506290326
3.555533151426996
2.8553885422075336
3.8002474114011924
3.7526370181546294
3.1841837197791887
3.0220552088742005
2.98345859334435
3.9308813799398323
3.375
3.149673447186741
2.8553885422075336
3.0849625007211556
3.4039894464852614
3.1395722619867223
3.182005814760214
1.1917601481809734
3.9915612529470996
3.6213893948314744
1.0
3.5068905956085183
3.754441845713345
3.572469458770136
3.337175341123077
3.7849418274376423
3.4556501805795423
2.950212064914747
3.356492413796824
3.202819531114783
3.292770193936991
3.681880802803402
3.6017792181866795
4.0423454020398015
3.7430099857503474
4.017042840901245
3.7408415368038637
1.584962500721156
3.024397470347699
3.0269868333592873
2.9852281360342516
3.1820058147602133
3.625
3.6521147627546076
3.482588730501833
3.642371448743902
3.238901256602631
3.9859338646404074
2.0
2.8553885422075336
3.0220552088742
2.9852281360342516
3.2516291673878226
3.2402239289418517
2.413088436425758
3.767699773420965
3.9340701555361344
3.8257484978456295
3.0168756957665637
3.6094963344256965
3.3927474104487847
2.8553885422075336
3.077819531114783
3.7975930694795585
3.4992275471326932
3.608694969562842
4.011215788500289
4.0585680904696355
2.0
3.4182958340544896
3.43162356584743
3.5219280948873624
3.836600340868551
3.189898095464287
3.577819531114783
3.6339740759971577
3.5220552088742005
3.0220552088742
3.180832987205441
3.754441845713344
3.2903216092483056
3.2195282822995477
2.927451224964519
3.5
3.0269868333592873
3.7967143631470353
3.817381607172433
3.077819531114783
3.4613201402110083
3.521640636343319
3.8996772894761444
3.039148671903071
3.3532696895151077
2.8553885422075336
3.2516291673878226
3.636842188131012
1.4083445441575106
1.5435644431995963
3.2402239289418513
3.202819531114783
3.419381945646371
3.3642702093230787
3.427601311512056
3.197159723424149
3.9554312993072793
4.088029698236184
1.584962500721156
3.149397470347699
2.789898095464287
3.7264741182543752
3.4039894464852614
2.5492553971684995
3.319079570624174
3.6395225199945047
3.084962500721156
3.6887218755408675
2.8553885422075336
3.506890595608518
3.697845823084411
3.3248629576173574
3.5013978254341027
2.688721875540867
3.9104404952185825
3.2359263506290326
3.680089353694807
3.5931390622295662
3.9870900416203336
1.0924271307510727
3.2516291673878226
3.2359263506290326
3.106890595608518
3.7080481500712317
3.521928094887362
3.7622673906514947
3.6283621207766186
3.4582678680998415
3.375
3.606015279620733
3.4642346527265664
2.950212064914747
3.202819531114783
3.6142613370068966
2.9019469592513696
1.5435644431995963
2.9182958340544896
3.006238928653389
3.625814583693912
4.186248131248358
3.7950885863977324
3.9432681182254132
3.182005814760214
3.7879346136060423
3.6385304691242917
3.887682187386611
4.072825397469316
3.2927701939369904
3.9646407113092583
3.7892687308627497
2.603267747574236
2.6441270678188005
1.5
2.9990795706241746
3.25
3.350209029099897
0.0
3.378783493486176
4.008694969562842
3.914114223909719
1.0
3.106890595608519
3.6165330442444006
3.7368880386387824
4.07672505586319
3.5132696895151074
3.202819531114783
3.780394654123194
3.057476076289932
3.9736606896881845
3.375
3.1464393446710157
3.189898095464287
2.918295834054489
3.913977073182751
3.5464393446710156
3.6572682296173893
3.663532754804254
3.334679141051595
3.6572682296173897
3.5068905956085183
3.09306920777189
3.679395106517186
3.621928094887362
3.821928094887362
2.7773627950641693
4.043581968577816
3.994583646982699
3.625814583693912
4.109136023393226
3.4345608142862893
3.5576896906566122
2.952819531114783
4.037210437818785
3.684259905459978
3.463280517810811
1.311278124459133
0.8795064608120066
3.753928031846024
1.133184253783444
1.2901208527411523
3.056564762130954
3.182005814760214
2.952819531114783
3.8140156038557316
3.09306920777189
3.323231428797621
2.610577243331642
3.625
0.951994081908783
3.077819531114783
3.0220552088742005
3.2402239289418517
3.266332639970623
3.4316235658474294
3.8731406795131322
2.9182958340544896
3.2639334294856344
3.7541634277688813
3.565957320949175
2.952819531114783
3.1068905956085184
3.039148671903071
3.085055102756477
3.425118550357139
3.8553377974034158
3.6715815881262834
3.128085278891395
3.6635327548042538
3.1898980954642875
3.6841837197791887
3.1068905956085184
3.2983588038563405
4.011383567916696
3.6635327548042538
1.0529815751302694
2.688721875540867
1.5306390622295665
3.2516291673878226
3.473030279390306
3.9382587611376065
3.8599347986617953
3.7532696895151076
3.454822399946607
3.5374000032987847
2.8150724101159437
4.086823567930873
3.2359263506290334
2.9151959937952427
3.0269868333592873
2.751629167387823
3.5
3.3263604079526936
2.827819531114783
3.3787271036564657
3.323231428797621
3.2390979179887864
3.5002836880550534
3.40582225028569
2.688721875540867
3.2195282822995477
3.890687941457206
3.9415876171130546
3.893761003151709
3.907228809864433
3.7887105723628722
3.7614063297218423
3.085055102756477
3.7034651896016464
3.1395722619867223
3.6897037321995474
3.546593564294939
1.0
3.3927474104487847
3.717099551779123
3.437028685021602
0.9182958340544896
3.1556390622295662
3.3248629576173565
3.419381945646371
3.077819531114783
3.937284566393343
3.936267767105449
3.80956315185547
3.8641836917828076
3.6920446399340636
4.117727456308048
1.584962500721156
3.0775726382817696
2.5220552088742005
3.4219280948873623
2.83429531609601
3.3816201079487347
3.2841837197791883
4.081343945008262
3.8468300749437985
3.4401204074720737
3.4039894464852614
3.511080496244278
3.768359548969357
3.8105662201391373
2.0
1.6799295449995666
1.7961796919474975
1.3993523763718814
3.2037016960573483
3.8479044871742616
3.7201755214643453
3.6798066535975913
3.7879346136060428
3.6897037321995465
3.534219021180341
3.375
3.32323142879762
3.456564762130954
3.182005814760214
2.751629167387823
3.621175542919471
3.6572682296173897
3.5465935642949384
3.3248629576173574
3.4841837197791885
3.378783493486176
4.070794617153129
3.772055208874201
3.3927474104487847
3.689703732199547
4.053214994535122
3.5766176449086653
3.4273334938982645
3.189898095464287
3.0850551027564768
3.935398667466763
2.8553885422075336
3.7849418274376423
3.895512835516972
3.673269689515108
3.7321588913645694
3.9223155300387713
3.7034651896016464
3.546439344671015
3.373557262275185
3.197159723424149
3.6542637259970228
3.337175341123077
3.4992275471326932
2.663532754804255
3.952748349196229
3.7198523585646037
3.8328107368431277
2.952819531114783
3.4314134569803287
3.8785848023501845
3.182005814760214
3.377278130987436
3.5766176449086653
3.67618121179085
3.4251185503571393
3.708048150071232
3.8748951613462093
3.4677201004745006
3.8377022203214266
3.8387290664215423
2.0
2.8553885422075336
3.0269868333592873
3.782122224145306
3.952216429463629
3.546439344671015
3.2516291673878226
3.321296333684861
3.1898980954642875
3.327819531114783
3.106890595608519
4.0427814105405195
3.2639334294856344
3.7965209690586863
3.856301203233091
3.628085278891394
3.506890595608519
3.5836169753972325
3.938967068313325
3.6732696895151076
3.606572919845259
3.4565647621309536
3.327819531114783
3.180832987205441
3.4548223999466066
3.197159723424149
3.733660689688185
3.084962500721156
3.897688788253653
3.5724312513221195
3.4858259278490094
3.5535088547976788
2.610577243331642
2.721928094887362
1.0
3.6818808028034016
2.9124876891689535
3.2195282822995477
3.6897037321995474
3.2406667788138512
3.721928094887362
3.0306390622295662
1.7633584292311082
3.084962500721156
3.0220552088742005
3.0565647621309546
3.578555923608793
3.522055208874201
3.4556501805795423
3.625
2.7773627950641693
3.238901256602631
3.841527262852111
3.697845823084412
3.8582715444455395
3.238901256602631
3.2927701939369904
3.534219021180341
3.6168746059562227
3.039148671903071
1.7295739585136223
3.0269868333592873
3.267601311512056
3.7816060935536027
3.3927474104487847
3.671405583442497
3.561096840836648
3.3841837197791893
3.3927474104487847
3.3232314287976203
0.9463729359854419
3.6368421881310122
2.888360196298891
3.0306390622295662
2.5654483718208256
3.983567905483233
2.8731406795131336
3.9740137866763114
3.8791914857190877
3.8863998225762595
3.789284017875282
3.6537567082870006
1.584962500721156
3.9292292966721747
3.4472624994412104
1.8498687225851778
2.076942600994562
2.0803334890653318
3.6897037321995474
3.725070520364181
3.867670568454333
3.6922796820396573
3.815955446412808
3.5342190211803413
3.9139770731827515
3.534219021180341
2.9182958340544896
3.811598883026519
4.012226343540124
4.000287453672063
3.9692805028040157
3.594465636961451
4.04274940507578
3.706719485976359
4.1026988313047115
3.375
3.9828554712500024
4.115311676554851
3.381580488309164
3.6889990322280815
3.771813321000597
3.25
3.495320923032279
4.014765290126051
3.689703732199547
2.7898980954642867
2.8553885422075336
3.2009102795095283
3.378783493486176
3.688968181382679
3.8431390622295662
3.6753108689123644
1.584962500721156
3.180832987205441
3.378783493486176
3.4086949695628417
3.8848588918890474
3.661226256269789
3.7865221495303647
3.057476076289932
3.084962500721156
3.408694969562842
3.52257158913636
2.8073549220576046
3.8330556814482386
2.9182958340544896
3.452819531114783
3.6818808028034016
0.0
0.47563396876036557
2.73345859334435
3.6933448637229622
4.122280974927193
2.952819531114783
3.7336606896881848
3.551191174465697
3.084962500721156
3.2516291673878226
3.170950594454668
3.084962500721156
3.0850551027564768
3.0276327405541137
3.7969607303569646
3.350209029099897
3.43162356584743
2.5220552088742005
2.873140679513133
3.238901256602631
3.0269868333592873
3.056564762130954
3.4936606896881854
3.108694969562842
1.2319817814011405
3.0269868333592873
3.452819531114783
3.2359263506290334
3.077819531114783
3.084962500721156
3.327819531114783
3.4776015519734123
3.506890595608518
3.4677201004744997
3.0306390622295662
3.7866622858982253
3.327819531114783
3.8746697102453482
3.5132696895151074
3.260828171224455
3.266332639970623
3.7385754324118206
3.862550821138691
3.512479270691232
3.9835899049284147
3.334679141051595
2.905764584655453
3.8143719431796277
3.817951821912948
3.3927474104487847
3.5029245182818918
3.653756708287001
2.952819531114783
3.226730915057127
3.5110854081804264
3.8035088547976788
2.4116022179746714
3.3787834934861767
3.3735572622751855
3.5599000019230838
3.6996130434977887
1.584962500721156
3.927694271103767
3.219528282299548
4.074643373867067
3.8521687236032816
3.9299738457933895
3.2049868557726664
3.175123135113461
3.7962176025900556
3.202819531114783
4.022000516883152
3.5824554315901764
3.202819531114783
3.805496793698874
3.480083695187448
3.6887218755408675
3.9370887991637993
3.2516291673878226
2.8962915290459277
3.0849625007211556
4.0389836853271595
1.0
1.5306390622295665
3.085055102756477
3.4706640084858185
3.513269689515108
3.581444787932611
3.7849418274376423
3.419250912838829
3.3927474104487847
3.1898980954642875
4.110123287168231
2.8553885422075336
3.8789280318460246
3.792803569643319
3.039148671903071
3.6402239289418516
3.7622673906514943
3.378783493486176
3.5654483718208247
3.09306920777189
3.6069367321753205
3.5944656369614516
2.873140679513133
3.9195803645864666
3.673269689515108
3.368042422572715
3.8324465164966006
3.5766176449086653
3.830294229710693
2.8221819586428727
3.4548223999466066
3.427333493898264
3.470175521464345
4.050923196534655
3.5395722619867227
3.4316235658474303
3.625
3.6550455468258036
3.7181390622295662
2.792481250360578
2.873140679513133
1.367043929664229
3.3248629576173574
3.3735572622751855
2.9056390622295662
3.8325950745091326
3.5167725417616342
3.708132064658602
3.2359263506290334
3.065957320949175
3.1556390622295662
3.11583409216322
2.5654483718208256
2.9182958340544896
3.8140156038557316
3.4983471493992453
3.7034651896016464
3.1971597234241487
3.238901256602631
3.039148671903071
0.7732283485249176
3.188721875540867
3.1496734471867414
3.847128210136425
3.446439344671015
3.8013774524295485
3.7442035683118124
3.2359263506290334
0.9141828384352135
3.98587320077595
3.888397322928446
3.824862957617357
3.6536606896881856
3.0269868333592873
3.8431975222626193
3.3735572622751846
3.8474020787426295
3.835445371531092
3.970422410781626
3.7392395033130548
3.661932872373583
3.202819531114783
3.051601636871704
3.30827083453526
3.189898095464287
2.952819531114783
3.7192945256669785
3.658104778496812
3.697845823084412
3.2946635862096043
3.6612262562697886
1.173185867971725
3.638859007714435
3.65041030517399
3.5780011510322707
3.668673695440707
3.7883413396567494
3.2810361125534233
3.753928031846024
3.039148671903071
3.3660913291191927
3.4713544870139286
3.6053885422075345
3.3248629576173574
3.3680424225727146
4.146443393874101
1.584962500721156
0.908653933541588
1.188721875540867
1.0529815751302694
1.6922718656836107
3.721928094887362
4.076659106966512
4.04213225797472
0.9182958340544896
1.1873868015167897
3.3680424225727146
3.5282424844314786
2.9232314287976204
3.180832987205441
3.238901256602631
3.2464393446710154
3.714040268529067
3.536886723742166
3.438721875540867
3.7258711461231444
3.792067597540827
3.1590795706241743
3.50309165755416
4.000432302535624
3.6354309073173967
3.9989699626620316
2.8423709931771084
3.5585186130489057
3.09306920777189
3.327819531114783
3.366091329119192
3.4472624994412104
3.427333493898264
3.577724822246929
3.327819531114783
3.3787834934861767
3.7004397181410926
3.0269868333592873
3.584962500721156
3.5
3.576617644908665
3.188721875540867
3.7622673906514943
2.7192945256669794
3.8074451769552415
3.125
3.128085278891395
3.2639334294856344
3.4992275471326932
2.5220552088742005
3.6572682296173897
3.546593564294939
3.3927474104487847
2.973557262275185
1.1451104143815827
3.0220552088742005
3.0792258015191027
3.788754913993502
3.35420028911251
3.3082708345352603
2.838909597982605
3.8136274132764507
3.528057755197613
3.972797008149591
3.850715778845018
3.2516291673878226
3.1068905956085184
3.6133373140453067
3.3735572622751855
3.077819531114783
3.260828171224455
3.09306920777189
3.1018812234760182
3.559900001923085
3.106890595608519
3.288409377088532
3.5
3.337175341123077
3.238901256602631
3.326360407952694
2.9735572622751856
2.8962915290459277
3.5585186130489057
2.7516291673878226
3.4685766296878655
3.6550455468258045
3.2321018048454135
3.675698135367987
3.5590795706241742
0.7732283485249176
3.5585186130489053
3.665428731993503
3.1808329872054406
3.406666316740689
3.7375938092058307
3.584962500721156
3.5566567074628233
3.9085490968753094
3.2359263506290334
3.189898095464287
3.3248629576173574
3.281036112553423
3.7201755214643453
3.141619208183979
3.6796874392795544
3.6143694458867563
3.202819531114783
3.1018812234760182
3.375
2.952819531114783
3.60747539145549
3.708132064658602
3.471354487013929
3.2195282822995477
2.751629167387823
3.3787834934861767
3.572431251322119
3.373557262275186
3.0850551027564768
3.3464393446710154
3.5585186130489053
3.7004397181410917
2.606238928653389
3.3841837197791884
3.521640636343319
2.9000516989995426
3.2359263506290326
2.4182958340544896
3.7794705707972516
3.245447224305563
2.625814583693911
3.3232314287976203
3.6572682296173893
3.6887218755408675
3.0269868333592873
3.6695767463163937
3.3921472236645345
3.084962500721156
3.0849625007211556
3.594465636961452
3.189898095464287
3.2516291673878226
0.0
2.6612262562697895
3.4992275471326932
3.708954822090642
3.912272579176125
3.9958048708805407
3.4299083350961603
3.5883543471732335
3.292770193936991
3.6508649692269355
3.959672469995536
3.797020431713803
4.0546736670831045
3.5035391228040247
3.9350165313131193
3.558518613048906
3.8694111644852005
4.1688360487564795
2.0
3.375
3.694548827786958
3.604478284946406
3.7454064259382482
3.1416354077249595
3.327339900083509
3.2516291673878226
3.7398154610155334
2.8423709931771093
3.2516291673878226
3.4565647621309536
3.620936064750772
3.753391122901188
4.088229508256374
3.182005814760214
3.039148671903072
3.546439344671015
3.0306390622295662
3.1751231351134614
3.25
3.534219021180341
3.238901256602631
3.2516291673878226
3.56610893983748
3.337175341123077
3.990510946852427
3.9044848615737324
2.8453509366224368
3.2516291673878226
3.2516291673878226
2.75
2.4182958340544896
3.4695767463163936
3.0220552088742
3.0269868333592873
3.3716535224393334
3.326360407952694
3.1464393446710153
2.8731406795131336
3.7340646422533506
3.1395722619867223
1.4182958340544896
1.2326602568158205
1.0408520829727552
3.202819531114783
3.6897037321995474
3.3927474104487847
2.9689185639620974
1.2516291673878228
3.625
3.189898095464288
3.7622673906514943
3.32323142879762
2.9689185639620974
4.076207076031594
3.7627335525736805
3.188721875540867
2.950212064914747
3.180832987205441
3.3787834934861767
3.418295834054489
2.931208948910323
3.602590733128527
3.349275070710713
4.101601646730731
3.782752325328677
3.447262499441211
3.1556390622295662
2.9182958340544896
2.680851854979514
3.506890595608518
3.239097917988786
3.429275070710713
3.521640636343319
3.4713544870139286
3.326360407952694
2.7773627950641693
2.984234164652489
3.452819531114783
3.6424896731661263
3.7614457889184734
3.4992275471326932
3.507257304568766
3.9529063251453778
3.624880649869742
2.5849625007211556
3.4474015047059154
3.1018812234760182
3.673269689515108
3.5465935642949384
3.849223912390625
3.5944656369614525
0.9463729359854419
0.6610547526158855
2.9398290174664026
3.41041725276052
3.8061983328100943
3.7671834678914604
3.6818808028034016
3.084962500721156
3.625
3.3787834934861767
3.6314018453921717
3.689534758412825
3.6818808028034016
3.0850551027564768
2.822579761842491
1.0892300788425848
4.140492805979306
3.4521682302599266
1.584962500721156
3.337175341123077
3.5306390622295662
3.4565647621309536
3.189898095464287
2.950212064914747
3.2998963911678905
1.8979984773445135
1.8496017527145812
3.5654483718208247
3.708966082694623
3.0306390622295662
3.661932872373583
3.5068905956085183
3.085055102756477
2.389898095464287
1.3520301017579528
4.153062297660665
3.238901256602631
3.169925001442312
3.43162356584743
3.5434651896016467
3.7081320646586016
3.616348566075164
3.8100810205217313
3.534219021180341
3.767183467891461
3.6732696895151076
3.169925001442312
3.9465774930570885
3.6818808028034016
2.950212064914747
4.059254401312315
3.238901256602631
3.0269868333592873
3.5368867237421666
2.9852281360342516
3.0269868333592873
2.9232314287976204
3.5644001617116228
3.327339900083509
3.8785848023501845
3.7419627890379075
3.5371749066849714
1.584962500721156
2.8553885422075336
3.608887398727526
3.542481250360578
3.353269689515108
4.038641793364857
2.973557262275185
3.675310868912364
3.488547358689043
2.6612262562697895
3.753269689515107
3.334679141051595
3.3735572622751855
3.375
3.378783493486176
3.5841837197791886
2.4696704873718613
0.9463729359854419
3.6764578868080724
3.1018812234760182
2.6384600665861564
3.681880802803402
3.084962500721156
3.886842188131012
3.346439344671015
3.4374366326883625
3.180832987205441
3.4677201004745006
3.188721875540867
3.327819531114783
3.7470329441720898
3.6855672020241244
3.2195282822995477
3.2516291673878226
3.1898980954642866
3.914214908336542
3.391386469985718
3.8805646661291595
3.240223928941852
1.584962500721156
3.2516291673878226
3.0849625007211556
3.2709505944546686
3.698746484310978
3.9153115322251013
3.429275070710713
3.373557262275185
3.546439344671015
2.9182958340544896
3.5465935642949384
3.375
2.8962915290459277
3.573660689688185
3.202819531114783
3.4685766296878655
2.905307776373746
3.506890595608518
3.4711586184179364
1.2366407419411674
2.625814583693911
2.3627402784989338
3.814911221450014
3.4992275417233563
3.565448371820825
3.8103172375727765
3.686419411348773
2.688721875540867
3.844966335569218
2.8553885422075336
3.5342190211803413
3.633153646184957
3.5071273521802224
3.6644977792004623
2.8553885422075336
3.6302753548819773
0.8658566174572235
0.0
3.188721875540867
3.8546583521546776
3.556440120111879
1.584962500721156
3.4800836951874485
3.9025182662886326
3.321928094887362
3.4970558484728045
3.471354487013929
3.9926844987324785
2.9232314287976204
3.189898095464288
3.896510238643488
3.3787834934861767
1.5
4.033875758150566
0.0
3.6589113212980844
3.427333493898264
3.4153002335325406
1.584962500721156
4.02578839025066
3.182005814760214
3.4992275471326932
3.414441303694973
3.8492239123906256
3.681880802803402
3.7622673906514943
3.006238928653389
3.188721875540867
3.084962500721156
3.084962500721156
3.238901256602631
3.188721875540867
3.7920734109378933
3.286629486786195
3.8751530494760416
3.3834651896016465
3.069089868334066
3.25
3.976015617018343
3.378783493486176
4.085606546805272
0.0
3.621175542919471
3.58640143630342
3.71067003032422
3.0168756957665637
4.084819513081592
3.762945141929429
2.973557262275185
3.1898980954642875
1.0957952550009336
3.661932872373583
3.1018812234760182
3.5
3.86105234925443
3.36030597770208
3.7192945256669785
2.0095031362402964
3.0269868333592873
3.238901256602631
3.796960730356964
3.5219280948873624
3.5944656369614516
3.6143694458867563
3.4399364703978077
3.119910023274066
3.6012274809529563
3.5535088547976788
3.323231428797621
2.8553885422075336
3.558518613048906
3.6835423624332306
3.6841837197791887
3.503258334775645
3.238901256602631
3.0220552088742
3.4251185503571393
3.180832987205441
3.463280517810811
3.621928094887362
3.418295834054489
3.0021722231837633
3.7409532604048397
3.4042104596972957
3.914091347190372
3.1307179879273743
3.2655833228877333
3.7641700510360967
3.501952761720621
3.243074189428569
3.2806390622295662
3.4316235658474303
3.5110804962442774
3.6320336905856996
3.6761085007312415
2.8218881955261788
3.3248629576173574
3.2516291673878226
2.688721875540867
3.238901256602631
3.7264741182543752
3.521640636343319
3.202819531114783
3.718685174115573
1.0
3.9883216682813067
3.667837797403416
3.406666316740689
3.671348971886049
3.7541634277688813
3.8459603799570807
3.403989446485262
3.8246200965065853
1.584962500721156
2.9708400131019843
2.355388542207534
2.3360253406140252
3.76429908806447
2.6601297526332575
2.792481250360578
3.837948040623007
3.8077635764171944
3.057476076289932
3.221928094887362
2.147852977948723
3.3927474104487847
3.769339513868294
3.8248629576173574
2.8731406795131336
3.6381476962048276
3.2086949695628415
2.7192945256669794
1.5737888130660205
2.6384600665861555
3.267630400634833
3.753269689515107
3.238901256602631
3.0220552088742
3.702819531114783
3.4817145729860717
3.180832987205441
3.3787834934861767
3.2516291673878226
3.7983512260625822
3.096969416317429
3.213513256009071
3.4992275471326932
3.534219021180341
3.6464393446710153
3.386266142526533
3.4992275471326932
2.8553885422075336
3.5585186130489057
3.3464393446710154
2.688721875540867
3.6903187690796173
3.449454802102931
3.7933220966862184
2.8553885422075336
2.927451224964519
3.737595892455201
0.9182958340544896
4.026773634327471
3.6062389286533896
3.977227895376309
3.9781491869783507
0.9182958340544896
2.625814583693911
0.9912642605354288
0.8030717273241024
1.0
1.9926550103829408
1.9582678680998418
2.09676517814858
2.337540580397653
2.3181987848261887
3.4474015047059146
3.4464393446710155
2.7192945256669794
3.4494548021029305
4.06082031988458
4.0050635535766075
3.43162356584743
3.084962500721156
3.863100428563434
3.3735572622751846
3.4430190302453973
3.593269689515107
0.0
3.7048719247997597
3.735192159355057
3.7130788426267927
4.045721629784263
3.795557606802839
3.169925001442312
3.8082708345352594
3.457867131472585
3.7127038838110513
3.0105709342684834
3.3908054820769813
3.327819531114783
3.6062389286533896
3.0269868333592873
3.556656707462823
2.9109922530150456
3.292770193936991
3.084962500721156
3.221097250057956
3.350209029099897
3.177566232096525
3.7821222241453065
3.9912157102019847
3.5475257804265703
3.169925001442312
3.6818808028034016
3.084962500721156
2.8073549220576037
3.6358218241480373
3.4713544870139286
3.8360819078152044
3.489415736636332
3.5841837197791886
3.09306920777189
3.417483149926974
3.984678986575498
3.8395317373613156
3.654255313215029
3.3969841806735968
2.8553885422075336
3.25
3.501629167387823
3.3564924137968233
3.6898916687500076
3.378783493486176
3.796217602590055
3.7254805569978675
3.64696666827365
3.6211755429194716
3.6168746059562227
3.5647351787255053
1.0408520829727552
3.1018812234760182
3.744203568311812
3.775475847209144
3.232101804845413
3.523082504690092
3.942882572718503
3.1395722619867223
3.6793951065171866
3.697845823084412
3.182005814760214
3.658234151258403
3.0220552088742005
2.8731406795131336
3.2841837197791883
3.09306920777189
3.0220552088742
3.8404025467025056
3.7821222241453065
2.9463875191311275
3.6673146153696132
2.510056460356539
3.7166308917868656
3.2655833228877325
3.32323142879762
3.45852501923415
3.5585186130489057
3.182005814760214
3.3082708345352603
3.077819531114783
3.238901256602631
2.8150724101159437
3.039148671903071
2.7516291673878226
2.692380602454975
2.873140679513133
1.650022421648354
1.573402452417767
3.6437763910523584
3.8734093288953693
2.9852281360342516
3.084962500721156
3.6304126608739984
3.239097917988786
3.5464393446710156
3.0269868333592873
3.4833777944925717
4.013849366099829
3.5944656369614516
3.1395722619867223
3.273269689515108
3.614911221450014
3.1279868068776753
3.390805482076982
1.0
3.75
2.8150724101159437
3.238901256602631
3.337175341123077
3.2516291673878226
3.5766176449086653
3.5766176449086653
3.3927474104487847
2.918295834054489
3.753434386188785
3.577819531114783
3.319079570624174
3.0220552088742005
2.8962915290459277
3.4495701653254027
3.0220552088742
3.4332696895151082
3.8649780123799276
3.6818808028034016
3.801377452429548
3.984498822184178
3.0220552088742005
3.326360407952694
3.3232314287976203
2.3792503847410993
1.0
3.9200335496559915
3.966764021477383
3.4906015629507228
3.84454462260659
1.584962500721156
3.5337712560645564
2.6986604604011157
3.53641423712223
3.337175341123077
3.5970851333950877
3.655045546825804
2.8553885422075336
3.1898980954642866
3.9445488277869583
3.202819531114783
3.2516291673878226
1.1451104143815827
2.3071885761626687
2.311278124459133
1.4366264796491712
1.0389205950315936
1.4627552262645034
0.8683927290103626
3.3685225277282065
3.7162700449751163
3.4316235658474303
3.0850551027564768
3.238901256602631
2.999581230646064
3.1125853906355423
3.60747539145549
3.708966082694624
3.085055102756477
3.6069367321753205
2.8553885422075336
3.2359263506290326
2.7534343861887853
3.511085408180427
3.086048612313038
2.8553885422075336
3.6660928025292407
3.266332639970623
3.6936253718179604
3.350209029099897
3.2516291673878226
3.2927701939369904
3.192380602454975
3.782268229617389
3.6897037321995465
3.016875695766564
3.1898980954642875
3.7531631610991423
3.7483943455364033
3.2201755214643457
3.689703732199547
3.182005814760214
3.813660689688185
3.5724312513221195
3.2639334294856344
2.8729055953200557
2.8553885422075336
3.2516291673878226
3.6280852788913944
3.344698375159713
3.195295934496216
3.1813663288914587
3.8365916681089787
3.182005814760214
3.2516291673878226
3.2516291673878226
3.2516291673878226
2.4508257945180882
3.2464393446710154
3.9047316857434797
3.194237431266855
3.6659573209491745
4.1619781796795525
3.7811470208191236
3.6938134887428644
2.9414460711655215
3.323231428797621
3.849581770147834
3.45852501923415
3.9078663218140752
3.2733494559629497
2.952819531114783
3.3474573388835154
0.8112781244591328
3.7201755214643453
3.09306920777189
3.039148671903071
3.5465935642949384
3.481714572986072
3.481714572986073
3.2810361125534233
3.0269868333592873
3.5160276412662297
3.734521664779752
3.797902689682947
3.349692968957871
3.8833374604210067
3.3444569352411984
2.646782221599798
3.0269868333592873
3.327819531114783
3.1018812234760182
3.989121734720959
2.8553885422075336
3.717896012970049
3.2927701939369904
3.751629167387823
4.136940708367155
3.763856189774724
3.752260204523717
3.679846555769727
0.9182958340544896
2.873140679513133
3.501397825434103
3.6427741506984646
3.41183948357278
3.373557262275185
2.98345859334435
3.1158340921632197
3.2359263506290334
3.5220552088742005
3.084962500721156
0.7742433029172697
2.699513850319966
4.005881842761869
3.240223928941852
3.238901256602631
3.5032583347756456
3.2841837197791883
3.2368489059491363
3.7986348529568397
3.2359263506290334
3.646845529315215
3.8678583082175235
3.4130884364257574
3.189898095464287
2.8073549220576046
0.0
3.4578671314725846
3.776256532842951
3.7826237831150373
3.8526761974263777
3.7600172778496526
3.8716535224393334
3.728972140861
3.7773627950641684
3.2516291673878226
3.917598847775987
3.3862661425265324
3.521640636343319
3.32323142879762
2.792481250360578
3.2516291673878226
2.3329145639793976
2.3050365325772657
2.5220552088742005
2.406666316740689
1.7381493331928664
1.134969974603941
3.6595365985012456
3.146286370662105
3.0659573209491744
2.5220552088742005
3.084962500721156
3.0860486123130375
3.6835423624332306
3.4565647621309536
3.378783493486176
0.5907239186406502
3.621928094887362
2.210042431786008
3.0565647621309537
3.451423504345155
2.9182958340544896
3.3106919871571896
3.003701696057348
3.0286393118385755
3.8654633039469646
1.0
3.418295834054489
3.0269868333592873
3.9958893223999463
3.027169118440618
3.650013373778756
3.2866294867861954
3.6827347174280884
3.9544840183905126
3.1808329872054406
2.950212064914748
3.760250246633719
3.604023645937704
3.556656707462823
3.60341234326019
2.4508257945180882
3.202819531114783
3.265583322887733
3.675310868912364
3.6612262562697886
3.4642346527265664
3.443513753449852
3.5132696895151074
1.6742939480062113
3.3927474104487847
3.461320140211008
3.154222184683522
3.3660913291191923
3.5743577621291283
2.8731406795131336
3.53641423712223
3.4864405016961446
3.5932696895151084
3.605388542207534
3.6147869792568113
4.041255682379584
3.8185886460613307
3.89430422026193
3.677139104850461
3.6887218755408675
3.653756708287001
3.7043029317756164
1.584962500721156
3.152391277629867
3.3660913291191923
3.9783080115802445
3.546439344671015
2.918295834054489
3.2321018048454135
3.149397470347699
3.9894894121184623
3.882045108136863
3.295465679180291
1.584962500721156
2.9852281360342525
3.238901256602631
3.3735572622751855
2.918295834054489
3.334679141051595
3.942794488750585
3.5708265958156886
3.6464393446710153
3.3248629576173574
3.625
3.779472114065501
3.5928705166358985
2.9312089489103235
3.6243125813215387
4.043765198527235
4.183949339770628
3.625
3.4613201402110083
4.012967325898433
2.8453509366224368
2.913977073182752
3.202819531114783
3.286629486786195
2.6464393446710153
3.141619208183979
4.0953828870593085
3.5421176810056703
3.9606327203902905
4.046471946805395
0.0
3.735517803621803
3.0269868333592873
3.3787834934861767
3.2195282822995477
3.9364884760311325
3.7837834090041
3.350209029099897
2.8962915290459277
2.4591479170272446
4.131023376544249
3.0269868333592873
4.131040297524905
2.503258334775646
3.8892599726880652
3.967785771348323
3.908877036242434
3.9927087708004674
4.139603881809143
2.688721875540867
3.8718904557399645
3.8573068568981284
3.9404688138555835
3.9306375298859395
2.0
3.81258240527493
3.5814447879326115
3.572623663895164
3.5032583347756456
3.182005814760214
3.799606637312544
3.0220552088742
3.182005814760214
3.3232314287976203
3.452819531114783
3.4864405016961446
3.221097250057957
3.084962500721156
3.3232314287976203
3.735926350629033
2.9852281360342516
3.594465636961452
3.2729055953200556
3.344698375159713
3.471354487013929
3.0220552088742
3.2359263506290326
3.3232314287976212
2.9312089489103235
3.189898095464287
3.085055102756477
3.084962500721156
3.2961483747476232
2.918295834054489
2.6612262562697895
3.0220552088742
2.8553885422075336
3.188721875540867
3.9182336055398976
3.6640198022265573
3.5342586850550646
0.8166890883150209
0.9798687566511528
3.802300787290368
3.501397825434103
3.3342094594480485
3.323231428797621
3.915880068922988
3.621175542919471
4.052003400106311
3.116408565770045
3.3371753411230776
4.055415681456014
3.189898095464288
4.000843940101183
3.9113061459995175
3.6234651896016463
2.9084479247439896
3.5124792706912316
3.952481006802994
3.9134095344485464
3.6887218755408675
3.590631439023996
4.018944364364012
2.7192945256669794
3.6889179039796796
3.545095649545758
2.9689185639620974
3.085055102756477
3.6040317545551486
3.4604180636454753
2.75
3.9134007456613777
3.240223928941852
3.419381945646371
3.1395722619867223
2.0
3.368042422572715
3.6753108689123644
3.401210641914682
3.506890595608519
3.644399142779292
3.790164264353341
3.6818497041442493
3.2806390622295662
3.5408611301011645
3.7577826971858346
3.887997327690612
3.057476076289932
3.240415529881632
4.034839217469795
3.786454322982772
2.9834585933443494
3.039148671903071
0.0
3.8559266994775943
3.238901256602631
3.642371448743902
3.6838561897747235
3.684183719779189
3.7398775745709454
2.9735572622751847
3.7810167198095024
3.574357762129128
3.0269868333592873
3.69594722638747
3.077819531114783
2.873140679513133
1.515789584174682
1.731360029190912
1.780672129520887
0.7793498372920851
3.912953316515393
3.943879314367565
3.6097364248849875
3.084183719779189
3.132878689342031
3.6736477444296805
3.486793634279469
3.7797808812646645
3.7002963620147886
3.725771028278616
3.8151777591945746
3.785834086206479
3.774200176103237
3.2179474645051274
3.791497563083376
3.7845326791039575
3.8479717612995326
3.8015460865772224
3.8145829828890636
3.7939731909570664
3.1572682296173893
3.5672101395858316
3.8415218274986773
3.0030741894285695
3.6675876031689865
3.956531174594911
3.4877893065396983
3.7089162147672288
3.0220552088742
2.885103877330987
3.790406873154653
3.276454509869113
3.668876416305244
3.6726547185167187
3.8122126099996465
3.2240472714981188
3.5634470942298067
3.9350035318174648
4.126144547164524
3.9042556388682996
3.7671834678914604
3.0
2.0
3.452819531114783
3.0220552088742005
3.327819531114783
3.215841172683753
3.9012484064674546
3.2048894517332402
4.130072196515089
3.3841837197791884
2.6455933144511468
3.182005814760214
3.1971597234241487
2.970950594454669
3.6835423624332306
3.7889097655573916
3.5073801024236353
3.2806390622295662
3.214517877819773
3.6105772433316425
3.6292196865240958
3.5736606896881855
4.006726357995767
3.546593564294939
3.765319531114783
3.3248629576173574
3.1414460711655217
2.8553885422075336
3.625
3.938073894737866
2.0
3.327819531114783
3.2402239289418517
2.8962915290459277
4.049528050744273
3.188721875540867
3.1556390622295662
3.551428065028506
2.5654483718208256
3.797020431713803
3.555913095175825
3.7080933915774974
3.4029342381953898
3.7166308917868656
3.2195282822995477
4.034829508503261
3.051601636871704
1.2934356963218767
3.6612262562697886
3.5724312513221195
3.630985019785137
3.736286231168866
2.973557262275186
3.355388542207534
3.0220552088742
3.6820058147602137
1.1216407621868583
1.7743974703476992
0.9463729359854419
3.139572261986723
2.8553885422075336
2.873140679513133
3.2516291673878226
2.8731406795131336
3.182005814760214
3.6572682296173897
3.182005814760214
3.715932185515029
3.0269868333592873
3.051601636871704
3.2841837197791888
3.6133373140453067
2.8553885422075336
3.6841837197791887
2.792481250360578
3.721928094887362
3.593269689515108
3.2359263506290334
3.850667402509597
3.636842188131012
3.991628886782133
3.180832987205441
3.490601562950723
3.5434651896016467
2.931208948910323
3.837096391418378
4.033583720957759
3.8268748818646365
3.4031071683628116
3.538314768807483
3.9473990546653193
3.0220552088742
3.8732212966872726
3.5680843243447145
3.625
3.238901256602631
3.239097917988786
3.070847093622518
3.3927474104487847
3.7744551302868974
3.1813663288914587
3.624379701651112
3.6924635554308036
3.8140886849111797
4.144485853286265
3.692735606768845
3.9173919551703786
1.584962500721156
1.924174352300441
1.9588718484453602
2.0307694628758397
2.526269146669968
2.426329904541315
2.4322574485535142
2.6472103113389793
2.376401266234732
2.4322574485535142
2.389898095464287
2.370462334864585
2.7740734418232007
2.005977711423774
2.199687794731328
3.686419411348773
2.625814583693911
3.59448250651942
3.44075983254009
4.029525510831488
1.0
2.792481250360578
3.0220552088742005
3.4407598325400897
3.27280432733462
3.2516291673878226
1.186278124459133
3.3190795706241736
3.5832745714766525
4.012124031484248
3.663532754804254
2.835237745312118
2.8553885422075336
3.8143719431796272
2.8729055953200566
3.8794804601768815
2.918295834054489
3.772055208874201
3.327819531114783
3.3308381614319837
3.750292659616669
3.296148374747623
3.703465189601646
3.6339740759971577
3.6292196865240967
3.5503407095463873
3.084962500721156
3.139572261986723
3.9578525390977015
3.180832987205441
3.3927474104487847
3.8365916681089787
3.1820058147602133
3.7406015629507228
1.0472024795701151
2.1920058354921066
1.03538537881273
3.3800943362833307
3.689703732199548
3.3248629576173565
3.510086003110254
3.5800503514647364
2.9182958340544896
3.0849625007211556
0.7732283485249176
3.09306920777189
3.384183719779189
2.852217001462482
3.4846843152781375
3.0565647621309546
3.813206528961766
3.745406425938248
3.04642419731627
3.7699430836569783
3.4594316186372964
3.3532696895151073
3.4713544870139286
3.9864391208937797
3.0220552088742
3.856564762130954
2.8731406795131336
3.180832987205441
2.751629167387823
3.25
2.873140679513133
2.855388542207534
3.0849625007211556
2.8731406795131336
2.6235166412180155
3.2359263506290334
3.182005814760214
3.3927474104487847
2.9689185639620974
3.1971597234241487
2.931208948910323
3.084962500721156
3.084962500721156
1.0892300788425848
3.7487789053664735
2.8553885422075336
3.6988816296077043
2.0
3.1808329872054406
3.3855130303998813
3.263933429485634
3.8314018453921714
3.028212945841001
3.6897037321995465
1.0892300788425848
3.5732292102102208
2.751629167387823
3.334209459448048
3.729741581925722
3.675116166696448
3.5068905956085183
3.4992275471326932
4.080471076767665
1.584962500721156
3.3232314287976203
1.9473387961875537
3.2402239289418513
2.702819531114783
3.039148671903071
3.4992275471326932
3.368042422572715
1.2577148214953864
3.238901256602631
3.3908054820769817
3.32323142879762
2.8662478973127308
2.7516291673878226
3.09306920777189
3.5319412055466586
3.8995024009921573
3.30827083453526
3.2927701939369904
3.1307179879273743
3.3908054820769817
3.964503219124267
4.040502853913659
4.083082081360297
3.299896391167891
4.057937075463024
4.012597732604639
1.584962500721156
3.8932986907900857
3.7539280318460246
3.8181960158544124
3.831085163805661
3.470175521464345
3.202819531114783
3.0629321012549173
3.817393103776576
3.946039829247813
1.5
3.43162356584743
3.539572261986723
3.0441104177484006
2.8974076197009206
3.0269868333592873
3.856676956759446
3.7636467706769263
1.0892300788425848
3.68256058040769
3.7709505944546677
1.584962500721156
3.6806847288270124
4.176529681143934
1.5
3.506890595608519
3.6158175946759337
3.9082237606031045
3.553090083530327
3.6234164874315224
3.7855610028241515
3.4548223999466066
3.6300623580780274
2.3158243335257076
2.973557262275185
3.125
3.4086949695628417
3.384183719779189
3.378783493486176
3.577819531114783
3.6550455468258036
2.7534343861887853
3.085055102756477
3.0053148568942794
3.647742678581274
1.745557425027593
2.794653473544342
3.3908054820769813
3.0220552088742
3.517559429596343
3.4058222502856905
3.572469458770136
3.926108500731241
1.188721875540867
3.418295834054489
3.0220552088742005
3.81506101220307
3.551428065028506
3.7254805569978675
2.8553885422075336
3.653756708287001
4.098201081689299
2.9182958340544896
3.9647216804769183
3.872690821837251
3.5391486719030705
3.934082423124092
1.5
3.6335059949783672
3.238901256602631
3.7821222241453065
2.8553885422075336
3.4841837197791885
3.095795255000934
3.471354487013929
3.695020634116611
3.558487290632109
3.138461673453999
3.2464393446710154
2.7192945256669794
3.349968016274564
0.9182958340544896
4.134119001746874
3.4906015629507228
3.3735572622751846
3.885441116430239
3.238901256602631
3.9279361183501917
3.7582890779432674
0.8166890883150209
3.383272672738775
3.762874349229296
3.2862502441135044
3.0
2.5492553971685
2.5382213829246796
2.548563436032399
3.378783493486176
3.2516291673878226
3.239097917988786
3.9811725340644784
3.4713544870139286
3.5841837197791886
4.157517697838562
1.0
2.033700029622102
3.657868096041212
3.180832987205441
3.350209029099897
3.139572261986723
3.2516291673878226
3.084962500721156
2.9852281360342516
3.0220552088742
3.546439344671015
3.4613201402110083
3.2359263506290334
1.573402452417767
1.2638091738835462
2.6644977792004614
1.8751310486364097
1.870253816431622
1.5216406363433184
2.0989295636909353
2.0272925846688996
1.9877733714879842
2.8553885422075336
3.640223928941852
2.6612262562697895
2.8553885422075336
2.840223928941852
3.2516291673878226
3.5110854081804272
3.2359263506290334
3.381580488309164
3.4713544870139286
3.182005814760214
2.9852281360342516
3.7544418457133446
3.923231428797621
3.958229168669879
3.6412498004554785
3.671405583442497
3.2359263506290334
3.3927474104487847
3.30827083453526
3.30827083453526
3.430457025500558
3.545970256936121
3.171373150231489
3.378783493486176
3.5
3.200910279509528
3.086048612313038
3.378783493486176
3.239097917988786
2.7534343861887853
3.501397825434103
3.6234651896016468
3.6821155364527427
3.414441303694973
3.7748395917476714
3.5936085608919823
3.9428824985262656
3.4535307898447942
3.375
3.9117806472299437
2.8553885422075336
3.3260211012310954
3.809397528383803
3.8158165793428567
4.011170387894019
3.526210641914682
3.419250912838829
2.625814583693911
3.703625354561465
3.702471512219747
3.59448250651942
3.4594911601991534
3.7024715122197467
3.550340709546388
1.896240625180289
1.2806721295208872
3.2878662772365086
3.6163485660751635
3.546593564294939
3.625
3.8731406795131322
2.8423709931771093
3.085055102756477
3.381620107948735
3.8314018453921714
2.8962915290459277
3.3834651896016465
3.058813890331201
3.702471512219747
3.2516291673878226
3.403989446485261
3.1898980954642875
3.708132064658602
3.636842188131012
3.501397825434103
3.6536606896881856
3.7034651896016464
3.7256507561120933
3.5841837197791886
3.625
1.8919954870390203
1.8919954870390203
2.355388542207534
1.822815600352516
2.251629167387823
2.0989295636909353
2.2256051990169436
3.6732696895151076
2.7773627950641693
3.5929555588543405
1.5
3.796613851144144
3.0957952550009344
1.0
3.5175594295963433
3.728972140861
3.5368867237421666
3.9617768143255963
2.0
3.576259446515905
3.488525294897748
3.2841837197791888
3.3915040220115387
3.1354858369342393
1.584962500721156
2.9464393446710155
2.9559130951758243
3.3927474104487847
3.182005814760214
3.238901256602631
2.973557262275185
3.5585186130489057
3.3758145836939115
3.0565647621309537
3.0849625007211556
3.238901256602631
3.891753703408316
3.0269868333592873
3.375
4.079772731460867
1.0
3.5309638736577567
3.759362067171
3.378783493486176
3.8314018453921714
3.486440501696145
3.2927701939369904
3.381620107948735
3.392147223664534
3.4548223999466066
3.879814008587929
3.5498008763572906
3.6763906325796265
4.097585130678667
3.2607845582978525
3.681880802803402
2.9182958340544896
3.0220552088742005
3.1395722619867223
3.292770193936991
3.793429088311724
3.4178561135066152
2.918295834054489
4.064070610770561
4.016377868327227
4.0770340599880965
1.584962500721156
3.83555366122509
4.17606511223661
2.0
3.9043502462291633
4.025272734992153
4.033378522844339
4.015828929312689
3.665758752251131
4.18377755878819
1.584962500721156
3.378783493486176
3.2402239289418517
3.084962500721156
3.572469458770136
3.317640005966217
3.2927701939369904
3.238901256602631
2.71929452566698
1.7947367178034825
2.8150724101159437
3.175123135113461
0.6500224216483541
1.198183947911799
1.2192407046368487
2.815922063835166
3.3921472236645345
2.950212064914747
3.9292292966721747
3.484183719779189
3.7401417986938075
3.959888638014727
3.039148671903071
3.403989446485262
3.3985922612340906
3.7860492848180223
3.861725074756386
1.584962500721156
2.5220552088742005
3.452819531114783
3.189898095464287
3.378783493486176
2.873140679513133
3.484183719779189
3.5841837197791886
3.452819531114783
3.422577995321604
3.9210768800263716
3.684183719779189
0.9933927290103626
1.4182958340544896
3.9917583679670345
3.6550455468258045
4.001246780098072
3.0269868333592873
3.0269868333592873
3.381580488309164
3.084962500721156
2.621928094887362
3.499227541723357
3.525939943986514
3.499227541723357
3.3248629576173565
3.7303377974034158
3.0503398584948145
2.2841591278514217
3.349965423573798
3.127986806877675
3.840804487469396
4.0765758050457315
3.30827083453526
3.521640636343319
3.6537567082870006
3.238901256602631
3.452819531114783
0.0
3.8349625007211565
1.145235779471061
3.5383105956150054
3.182005814760214
3.4477426785812737
3.7301504269573296
4.0807355324338825
2.8073549220576046
2.950212064914747
2.950212064914747
3.630412660873998
3.077819531114783
3.9534165616716064
3.676440908696869
3.513269689515107
3.493660689688185
3.546593564294939
3.238901256602631
3.7638561897747236
3.521640636343319
2.2359263506290326
3.9825715212798416
3.1307179879273748
3.084962500721156
3.5219280948873624
2.918295834054489
3.794659514056668
3.9030559073332753
3.6887218755408675
3.986187965046304
3.8035088547976783
3.767183467891461
3.767183467891461
3.4992275471326932
3.8349625007211565
3.8332696895151073
3.636842188131012
3.4864405016961446
3.4992275417233567
3.084962500721156
3.6464393446710153
2.952819531114783
3.2516291673878226
2.918295834054489
3.874134200627091
3.6619328723735824
3.392147223664534
3.8029100796497275
3.378783493486176
2.5654483718208256
3.077819531114783
4.062305474194334
4.0852804057371035
3.345073995785254
4.031965739999504
3.681727678869736
3.6521305573183827
3.643074189428569
3.189898095464287
2.9852281360342507
2.2609768596329824
3.039148671903072
3.042464013431227
1.5306189948485172
1.9709505944546686
1.0
3.650410305173991
4.182112402963508
3.521928094887362
3.182005814760214
2.931208948910323
3.4464393446710146
3.659676948179547
2.6612262562697895
3.136863709607318
3.1808329872054406
3.4836591643979626
3.847792592354953
3.3927474104487847
2.7773627950641693
0.8166890883150209
3.8067628727996006
3.430457025500558
2.905332349584247
3.4856890902212383
4.009156577419443
3.2359263506290334
2.789898095464287
3.7417292966721747
3.3735572622751855
3.327819531114783
3.0220552088742
3.0850551027564768
2.792481250360578
3.22467921775583
3.337175341123077
3.75
4.046056007056473
3.717113817938664
3.555533151426996
2.9035130461074465
3.629806767182345
3.0697738350294776
3.401422890801963
3.5900182662886326
3.3248629576173574
2.617492461184755
1.1451104143815827
0.8166890883150209
2.952819531114783
0.9463729359854419
1.6774212838293647
2.332914563979398
2.5220552088742005
3.346439344671015
3.6572682296173897
3.41041725276052
2.7773627950641697
2.9312089489103235
3.43162356584743
3.292770193936991
3.323231428797621
3.5225715891363594
3.5110854081804264
3.73215889136457
3.4316235658474303
3.084962500721156
3.1068905956085184
3.3927474104487847
3.346439344671015
2.73345859334435
3.8418551494748616
3.4613201402110083
3.7950885863977324
3.2402239289418517
3.392747410448785
3.546439344671015
3.6841837197791887
3.240223928941852
3.3927474104487847
3.238901256602631
3.6158175946759328
3.8306423260368563
3.7254805569978675
3.561748047693657
4.144413829577611
2.827819531114783
3.58959021949086
3.9642397933049285
2.321928094887362
3.577819531114783
3.182005814760214
3.4182958340544896
1.584962500721156
3.4992275471326932
4.026360459931185
3.6841837197791887
3.810317237572777
3.8035088547976783
3.563074189428569
3.6818808028034016
3.8920576710942836
3.584303179346712
3.7080481500712317
3.8652855683382192
3.690260390968384
3.447262499441211
3.1555650133297184
3.337175341123077
2.9182958340544896
0.0
3.188721875540867
2.5849625007211565
2.355388542207534
3.81506101220307
3.9788500812712253
3.698305336235498
3.7806390622295662
3.4613201402110083
2.682588730501833
3.683856189774724
3.5132696895151074
3.6620153422201533
3.3921472236645345
2.71444715282063
3.2195282822995477
2.8553885422075336
3.6765484700181514
3.368522527728206
3.197159723424149
3.0220552088742005
3.584109286730468
2.6612262562697895
3.1961547809328668
3.3680424225727155
3.63080414160633
3.0220552088742
2.5654483718208256
3.189898095464287
3.368522527728205
3.3346791410515944
3.567040216926579
3.5304930567574826
1.650022421648354
3.5220552088742005
3.5739348962840563
3.0220552088742005
2.973557262275185
3.772747456984629
2.5576751126147164
1.9698110652780971
2.7876718398154794
1.584962500721156
3.037498666869944
2.5150849518197793
2.355388542207534
2.2062389286533897
3.2516291673878226
3.8833374604210067
4.013111135723804
3.816428031846024
3.6143694458867563
3.819114154689793
2.8553885422075336
3.4841837197791885
3.739815461015533
3.3880089095037556
3.30827083453526
3.617861029749889
3.8382216524159225
3.994429141101805
3.4316235658474303
3.628085278891394
3.4710230164504585
4.0557461576354585
3.555533151426996
3.501397825434103
3.1898980954642875
2.9966308482846764
3.6695767463163937
3.6168746059562227
3.6412498004554794
2.5949066182439395
3.4620376832377557
3.9308247139601713
3.5878587982995085
3.4273334938982645
3.5625
3.2414460711655217
3.6458249444379853
3.411751853774935
3.7617978103444116
3.3232314287976203
3.344456935241198
3.745406425938248
3.90968108534401
3.8336631211594367
3.6168746059562227
3.3232314287976203
1.061278124459133
0.6998428398862386
2.4137995646056805
3.5306390622295662
3.9395722619867226
3.810928306279287
3.588354347173234
3.368522527728205
3.6211755429194716
3.2195282822995472
3.3921472236645345
2.8553885422075336
3.0503018554349817
3.125
3.378783493486176
3.238901256602631
3.180832987205441
2.774397470347699
1.1451104143815827
3.1898980954642875
2.739572261986723
3.4613201402110083
3.0503018554349817
3.2810361125534233
3.5464393446710156
3.4992275417233567
3.8013774524295485
3.6168746059562227
3.4613201402110083
3.3248629576173565
3.2516291673878226
3.6144275065562557
3.2002886706435767
2.045841640885174
3.2841837197791888
3.3845652726034148
3.5488532934465553
3.141791380114953
2.0
3.378783493486176
3.4565647621309536
3.511085408180427
3.5
3.006238928653389
2.923231428797621
3.721928094887362
3.7216117239699007
3.7932507101778716
3.9369795677075627
3.9695259937584346
2.692380602454975
3.2639334294856344
3.3787834934861767
2.9312089489103235
2.950212064914747
2.8553885422075336
3.327819531114783
3.7256507561120933
3.843875151601596
3.8820451081368628
2.8553885422075336
3.8518232255517657
3.327819531114783
3.5465935642949384
3.039148671903071
3.484684315278138
3.09306920777189
3.6163485660751635
3.774504018060296
3.8667292966721747
3.4039894464852614
3.2402239289418526
3.084962500721156
3.4548223999466066
3.977182681716688
3.5724312513221195
3.3862661425265332
3.5724312513221195
3.09306920777189
3.373557262275185
3.740601562950723
3.084962500721156
3.456564762130953
3.606238928653389
3.2516291673878226
3.4316235658474303
3.956273312105079
3.084962500721156
3.521640636343319
3.5736606896881855
3.3116357394949603
2.950212064914747
3.6168746059562227
3.4276942711037672
3.888948376632643
4.028927562108499
1.0
4.0782669482955844
2.0
2.6887218755408666
3.189898095464287
3.084962500721156
3.4585250192341497
3.327819531114783
3.180832987205441
3.3927474104487847
3.4193819456463714
3.2359263506290334
2.8553885422075336
3.3735572622751846
3.3927474104487847
2.8553885422075336
2.9182958340544896
2.584962500721156
2.873140679513133
3.938829377665468
2.7773627950641697
3.139572261986723
3.6280852788913944
3.7974676329840045
3.3371753411230776
3.4039894464852614
3.106890595608519
3.4182958340544896
2.8150724101159437
1.6691803368667308
1.2987949406953985
0.9933927290103626
1.9508257945180885
3.7841837197791888
2.688721875540867
3.3927474104487847
3.6345936668883887
3.006238928653389
3.558953210005306
3.008694969562842
3.40582225028569
3.2389012566026314
2.774397470347699
3.580678703291372
3.0062389286533895
2.999581230646064
3.51602764126623
3.7348855408868444
2.732914563979398
3.602910079649727
3.2516291673878226
3.303701696057348
4.048793691172803
3.7720552088742005
3.9395722619867226
3.3927474104487847
3.7653982642032338
3.386842188131012
3.182005814760214
3.084962500721156
3.702819531114783
3.323231428797621
2.688721875540867
3.2516291673878226
3.084962500721156
3.6136085007312415
3.653660689688185
3.6841837197791887
3.672905595320056
2.896291529045928
3.797042165340715
2.751629167387823
3.559900001923084
3.8565647621309544
3.1555650133297184
3.617809684374455
3.621928094887362
3.7622673906514947
3.511080496244278
3.4992275471326932
3.238901256602631
3.5
3.039148671903071
3.51602764126623
3.327819531114783
3.5440979071061216
3.7744551302868965
1.727396673574479
1.722123808469183
2.0605637366685934
2.321928094887362
3.4086949695628417
2.9852281360342516
3.084962500721156
3.309718983324436
4.01820696082135
3.039148671903071
2.213065632419369
3.788754913993502
3.8252517372886503
3.653660689688185
3.8371002783042827
3.7513759404419678
3.4548223999466066
3.4992275471326932
3.2516291673878226
3.6835423624332306
3.2516291673878226
3.2359263506290326
3.5944656369614516
3.663532754804254
3.6536606896881856
3.5368867237421666
3.7216117239699
3.1898980954642875
3.789898095464287
3.1414460711655217
3.2810361125534233
3.715932185515029
3.2516291673878226
3.3221793455166666
3.7841837197791888
2.9766004603133167
3.1751231351134614
3.0849625007211556
3.6887218755408675
3.3660913291191914
3.3263604079526936
3.1898980954642875
3.8430101595548547
3.446439344671015
3.5599000019230833
3.605388542207534
3.594465636961452
3.675310868912364
3.5585186130489057
3.92959421498598
3.4548223999466066
3.180832987205441
3.688968181382679
3.832263617999263
3.6424896731661263
3.327819531114783
3.3248629576173574
2.8978493842644673
3.7091891763228166
3.9410349387408994
2.0
2.7192945256669794
3.180832987205441
3.9225451982698925
3.327819531114783
3.5724312513221195
3.7004397181410926
0.894353416234965
3.1018812234760182
3.0062389286533895
3.9292144551992183
3.7671834678914604
3.913702443911912
3.6302753548819773
3.125
3.4992275417233567
3.0220552088742
3.9645471743176617
1.584962500721156
3.0220552088742005
3.418295834054489
3.822181958642873
3.4632805178108104
3.4632805178108104
3.2806390622295662
3.6347327573454256
3.2402239289418517
2.9312089489103235
3.4992275417233567
3.238901256602631
3.546439344671015
3.7709424217485363
3.327819531114783
3.40582225028569
3.5
3.039148671903071
3.3908054820769813
3.2841837197791888
3.3244998138788864
3.6034123432601906
3.378783493486176
3.3027227528624894
4.036006945330954
3.917820219041696
3.306020262209256
2.952819531114783
3.4992275471326932
3.373557262275185
3.3263604079526936
3.938721875540867
3.558518613048906
3.135821824148035
3.5975583870244896
3.7889097655573916
3.084962500721156
2.7659573209491746
3.836600340868551
3.7806390622295662
3.238901256602631
3.0574760762899316
3.633974075997158
3.182005814760214
3.446439344671015
3.787143960698138
3.219528282299548
2.789898095464288
3.197159723424149
4.065532900515883
2.7534343861887853
3.452819531114783
3.800119969725227
3.653660689688185
3.2359263506290334
3.5391486719030705
3.5483943455364026
3.7622673906514943
3.039148671903071
3.4464393446710155
3.71937582241537
3.616348566075163
3.391892644680931
2.688721875540867
3.378783493486176
3.378783493486176
3.5542292966721747
3.0565647621309546
3.4086949695628417
1.0
3.7336606896881857
3.128085278891395
3.783465189601646
3.108694969562842
3.8410510200840915
3.5739348962840563
3.950274709366814
4.0247609754813904
4.038035931102217
3.6711499390701863
4.097954837262781
2.0
3.1068905956085184
3.41041725276052
3.7887549139935026
3.414441303694973
3.7201755214643453
2.8553885422075336
3.251629167387823
3.6143694458867563
3.084962500721156
3.189898095464287
3.182005814760214
3.3005590923909534
3.392747410448785
3.73215889136457
3.521640636343319
3.350209029099897
3.4840313333599973
3.8386306089138063
3.9498293044211703
3.7950885863977324
4.014944243238746
3.7672785001148905
3.997448605862874
2.5220552088742005
3.1898980954642866
3.381580488309164
3.2359263506290334
2.8150724101159437
3.2516291673878226
3.7671834678914604
3.418295834054489
3.506890595608519
3.1692486956952335
3.461320140211008
3.1692486956952335
3.0220552088742
2.873140679513133
3.5465935642949384
2.411602217974672
3.625
3.249460279921617
3.2402239289418526
3.350209029099897
3.3082708345352603
3.576617644908665
2.8962915290459277
3.652130557318382
3.546593564294939
3.375
3.202819531114783
3.2402239289418517
2.8553885422075336
3.659536598501246
4.154845242550618
4.018125574227991
3.7413407239719767
3.791879432707956
3.326026530101166
4.062026644795259
3.821888195526178
4.107201470210755
3.236857303422074
3.859880977513952
2.744842531753244
3.4111941148904066
3.1556390622295662
3.2927701939369904
2.8150724101159437
3.3177751506062116
3.454168410357404
2.727217001462482
3.110578014789016
3.375012744522809
3.768439582865051
3.4685766296878655
3.449581770147834
3.239097917988786
3.2709505944546686
3.291562502003212
3.1182751607709758
3.5891313672488274
3.016875695766564
3.276108478543875
3.3758145836939115
0.9055872616982603
3.4548223999466066
3.2806390622295662
2.952819531114783
3.056564762130954
3.384565272603415
3.8430101595548547
3.615073913843516
3.084962500721156
3.6803253700578904
3.7604927044976297
3.4677201004745006
3.155565013329719
3.6595365985012456
2.8553885422075336
2.873140679513133
3.2626478052485925
3.679525539808641
1.2532975784630431
2.8423709931771093
3.0849625007211556
3.8042292966721747
3.2267309150571264
3.533344921547774
3.1898980954642875
3.879071149749056
3.2516291673878226
3.456564762130953
2.973557262275185
3.4780875442688313
3.490601562950723
3.4980685120588384
3.6258437059529967
3.6660928025292407
3.286895754518763
3.4548223999466066
3.2359263506290334
3.0220552088742005
3.432595074509133
3.7842960664713057
3.73345859334435
3.7220548254617127
3.472905595320056
3.238901256602631
3.6313883471435844
3.4464393446710155
3.2359263506290334
3.1841837197791887
3.6978458230844113
3.5954936989021875
3.833371693654795
3.638830127032208
3.4841837197791885
3.125
3.632048827786958
3.8948447325506397
2.3213077948055996
2.999029831696187
2.9513768062306323
3.077819531114783
3.734521664779752
3.484183719779189
3.530493056757482
2.9852281360342516
3.6841837197791887
3.763558599134237
3.3232314287976203
3.419381945646371
3.539572261986723
2.905764584655453
3.72290749432188
3.958229168669879
3.546439344671015
2.9540036423298535
3.79595859334435
3.180832987205441
2.950212064914747
3.1279868068776753
3.521640636343319
2.5027361715940044
3.6339740759971577
3.777175960125155
3.572469458770136
2.952819531114783
3.667769223375256
4.041280372253795
2.1416195253341384
3.8262178052861566
3.384183719779189
3.6536606896881842
3.057476076289932
3.5220552088742005
2.7516291673878226
3.326360407952693
3.1751231351134614
3.521640636343319
3.337175341123077
2.855388542207534
3.418295834054489
3.384183719779189
3.039148671903071
3.446439344671015
4.074907227665717
3.501397825434103
3.53461568200343
3.690296503327815
3.09306920777189
3.6168746059562227
3.182005814760214
3.7486143945295947
3.084962500721156
3.0850551027564768
3.6980685120588386
4.167896517797226
3.084962500721156
3.169925001442312
3.1556390622295662
2.969389419529156
3.516928302492796
3.792949440895037
3.6938878467298943
3.4632805178108113
2.4464393446710155
1.0
3.433269689515108
3.8757315032041877
4.008549250150253
3.799876085498172
3.4030741894285694
3.323231428797621
3.657575159678481
3.546439344671015
3.32110433057849
3.3787834934861767
3.613608500731241
3.572469458770136
3.5068905956085183
3.0849625007211556
3.3371753411230776
3.788754913993502
3.526129815595918
3.447262499441211
3.8164280318460246
4.048562798396013
2.931208948910323
2.931208948910323
3.2927701939369904
3.6644977792004623
3.0385623360756298
3.202819531114783
3.8314711343307324
3.6841837197791887
3.3975819111823524
3.9085137227821
3.2405282602167116
3.2516291673878226
3.4548223999466066
3.796960730356964
2.688721875540867
3.341446071165522
2.3248629576173565
4.013111135723804
3.4790795706241737
3.625
3.0269868333592873
3.6841837197791887
3.962373354557567
3.5167725417616342
1.5219280948873621
4.019549738292158
3.6893224838423215
3.922886220456072
3.6234651896016463
3.7398775745709454
3.803678707401387
4.048324915427761
1.5
3.689703732199547
3.8787196605411283
3.6870339462963626
2.8553885422075336
3.501629167387823
3.556532424882233
3.7142331379685474
3.155221528859512
2.973557262275185
2.7045348998193437
2.855388542207534
3.703465189601646
3.9449171029651597
1.584962500721156
3.542482693809727
3.350209029099897
3.796217602590055
3.6894849613714507
3.616874605956222
3.9096743265455456
3.40582225028569
2.792481250360578
3.350209029099897
3.0849625007211556
4.114059722417107
3.3263604079526927
3.384183719779189
3.8744837986128453
3.8614934753946732
3.6452830147930797
0.0
4.0564223548057905
4.024452676675104
3.208694969562842
4.006798633552529
3.8489838055702243
3.221097250057957
3.8426952620490002
3.698068512058838
3.697845823084412
3.760017277849653
3.4713544870139286
3.5883543471732335
3.5883543471732335
3.6970851333950874
1.584962500721156
4.007205452175263
3.419381945646371
3.189898095464287
3.6470851333950876
3.2575004135020675
3.419381945646371
1.9211854965885542
1.9008754726345254
1.9447662143358064
1.8733879650873595
1.959738296140192
1.8802466514555796
1.4127413029424614
3.6227385611392355
3.0086949695628418
3.868579990197078
3.988144771641998
3.5068905956085183
3.6841837197791887
3.366091329119192
3.6572899523639886
3.2359263506290334
3.417856113506615
3.8924071185928764
2.8423709931771093
3.202819531114783
3.1018812234760182
2.873140679513133
3.4548223999466066
3.2359263506290334
3.536886723742167
2.5492553971685
3.392747410448785
3.463280517810811
0.8166890883150209
1.0408520829727552
1.1451104143815827
1.0408520829727552
3.565448371820825
3.553090083530328
3.3927474104487847
2.788450457308289
3.7943360657504517
1.1216407621868583
2.9056390622295662
1.207518749639422
3.85619629821938
2.9659573209491747
3.381580488309164
3.368042422572715
2.8962915290459277
3.463465189601646
3.6143694458867563
2.8553885422075336
2.1967916319816365
3.239097917988786
3.43162356584743
3.2866294867861945
2.751629167387823
3.25
3.239097917988786
3.2516291673878226
3.625814583693912
3.5585186130489057
3.684183719779189
2.955913095175825
3.671405583442497
3.182005814760214
3.689703732199547
1.775523493673489
3.4613201402110083
2.999581230646064
3.4532503422262035
3.366091329119191
3.350209029099897
3.2359263506290326
3.3082708345352603
3.536886723742166
3.7671834678914604
3.373557262275185
3.3273399000835084
3.2516291673878226
3.0220552088742
3.0306390622295662
3.2464393446710154
3.580462199727102
3.606876945083701
3.472445544178841
3.816115563039156
3.593657665390962
2.921323415022558
2.6258145836939115
3.208987300258799
3.689891668750007
3.0269868333592873
3.9112400027391456
3.0269868333592873
3.039148671903071
3.238901256602631
3.4464393446710155
3.202819531114783
3.0850551027564768
3.0441104177484006
4.043057694064253
3.373557262275185
3.9026797376866433
3.698068512058838
3.085055102756477
2.292481250360578
3.238901256602631
3.9590120481429834
3.501397825434103
3.1068905956085184
2.9852281360342516
3.418295834054489
3.6644977792004623
3.530493056757482
3.5
3.125
1.41379956460568
1.1635402011210707
1.780672129520887
2.3624027051936283
1.5
2.4685463540765222
3.2516291673878226
3.43162356584743
3.6151713102472964
3.6732696895151076
2.9182958340544896
0.7732283485249176
2.7686384529617434
3.3843641434371494
2.751629167387823
0.8166890883150209
3.039148671903071
3.734521664779752
3.2368573034220733
3.676440908696869
3.4713544870139286
3.5908201005000873
3.4613201402110083
3.209147917027245
2.9182958340544896
2.931208948910323
3.419381945646371
3.721928094887362
3.6430741894285696
0.9912642605354288
3.414441303694973
3.292770193936991
2.71929452566698
1.4108478748063633
3.6714055834424966
3.577819531114783
4.112579542936842
0.9463729359854419
0.8180959929710641
2.63296337995357
1.413816850303634
0.6052912052261445
3.3239348962840563
2.355388542207534
3.70466528317649
3.616601684782745
3.9214974820450146
1.584962500721156
1.6258145836939115
3.327819531114783
2.688721875540867
3.1898980954642875
3.463280517810811
3.3927474104487847
2.9852281360342516
2.4116022179746714
3.368042422572715
2.8553885422075336
1.870253816431622
2.842370993177109
3.4841837197791885
3.974647975817024
0.0
3.2946635862096043
3.4316235658474303
3.5368867237421666
3.0130709291038453
3.039148671903071
3.4578671314725846
2.8731406795131336
3.3832726727387747
2.8464393446710154
1.5
3.4058222502856896
3.5
3.2516291673878226
3.5348486136508463
3.4992275417233563
3.366091329119192
3.1279868068776753
3.9251752726802644
3.897261315167838
3.653660689688185
3.7484259448366917
2.549787381523038
3.243735757336199
1.584962500721156
3.2516291673878226
2.8423709931771093
3.2516291673878226
3.2359263506290334
3.5160276412662292
3.9225895736416696
3.084962500721156
2.7773627950641693
3.197159723424149
3.0220552088742
3.373557262275185
3.0849625007211556
1.6493974703476992
1.0
3.221097250057957
3.5944656369614516
3.0311161724560187
2.9056390622295662
3.7013248836234007
3.572960658397676
2.8584585933443494
3.084962500721156
3.8287814831406055
3.7382056769892573
3.327819531114783
3.4548223999466066
0.9463729359854419
3.843380912258979
3.327819531114783
3.334679141051595
3.9911866829237375
4.033984317933292
1.0892300788425848
3.0850551027564768
3.4642346527265664
3.4072682296173893
3.4357554339416274
2.584962500721156
3.4992275417233567
2.9780948881692613
3.7284303578017126
3.9367812416276267
3.815410725242699
3.08232813685843
3.4072682296173897
3.757048827786958
2.610577243331642
3.9032080616476805
3.5434651896016454
3.954874565488159
3.745406425938248
3.384183719779189
3.0588138903312014
3.640223928941851
3.2359263506290326
2.4116022179746714
3.506890595608518
3.3927474104487847
3.6351124289194496
3.5509331340510513
2.9182958340544896
3.4632805178108104
3.6234651896016463
3.085055102756477
3.4695443569727304
3.5137847242254345
4.053065578877498
3.5737384367554927
2.321928094887362
3.6641693139996687
3.7080481500712317
2.0
3.03856233607563
3.146286370662105
3.856474653799415
2.973557262275185
3.8694544452775483
1.0
3.6424896731661263
3.4578671314725855
3.9562733121050786
3.620936064750772
1.0
3.085055102756477
3.239097917988786
3.286629486786195
3.039148671903071
3.9889211020256883
3.327819531114783
3.4841837197791885
3.4841837197791885
3.5680843243447145
3.762933616770434
3.40582225028569
3.2359263506290334
3.6211755429194716
3.202819531114783
3.2866294867861954
3.4219280948873623
3.3918926446809317
3.6978458230844113
3.636842188131012
3.454822399946607
3.594465636961452
3.958371371475034
2.660129752633257
3.2516291673878226
2.4049891330985815
3.125005553889451
2.610577243331642
2.8402239289418523
1.5
3.982057927325695
4.058752343011653
1.584962500721156
4.039759288412707
3.277613436819116
1.584962500721156
2.8553885422075336
1.0219280948873624
1.6266888497018317
3.077819531114783
3.197159723424149
3.581076011914607
2.7773627950641693
3.7192945256669794
3.039148671903071
3.7150182662886326
3.7294461949052566
4.081202429712366
3.564735178725505
3.084962500721156
3.5898980954642865
3.830525013042727
3.2516291673878226
1.5916727785823275
0.8180959929710641
0.9141828384352135
2.584962500721156
0.8683927290103626
3.238901256602631
2.895423870280316
2.789898095464287
3.182005814760214
3.41041725276052
4.078129722984083
3.251629167387823
3.5035391228040247
3.522711955680758
3.429275070710713
3.2913928761709625
3.446439344671015
3.6066338100379283
3.5841837197791886
3.6143694458867563
2.918295834054489
2.751629167387823
3.684183719779189
3.1971597234241487
3.3927474104487847
3.6635327548042547
3.539148671903071
3.704066669965451
1.0
3.8653642211959878
3.8732358263763285
3.616348566075164
3.8665871058289594
3.5368867237421666
3.7792395439368502
3.2516291673878226
3.546439344671015
3.689703732199547
3.5535088547976783
3.8896215785441712
3.8401568604088583
3.733660689688185
3.6841837197791887
3.8143719431796277
3.82306798227366
4.076239430545551
3.4594911601991534
1.584962500721156
4.103888071708325
4.016590793999138
3.8179781330447167
3.8288908592099036
3.884155094595805
3.027169118440619
1.584962500721156
2.8462625436483218
2.920510847470028
2.80649852879183
3.0306390622295662
3.525939943986514
3.4713544870139286
3.5368867237421666
3.016875695766564
4.013089304039646
1.0
2.610577243331642
3.240223928941852
3.86528641393758
2.9689185639620974
3.8731406795131322
3.90819982035496
3.0269868333592873
2.927451224964519
3.1105780147890156
3.6818808028034016
3.454822399946607
3.080500530640267
2.9056390622295662
3.567756060170558
3.238901256602631
3.9522284417290825
3.6991634415950734
3.480083695187448
3.663532754804254
3.928649069164263
2.0
3.375
3.00623892865339
3.2516291673878226
2.8731406795131336
2.9852281360342516
3.085055102756477
3.086048612313038
2.950212064914747
3.0220552088742005
3.7883201891060003
3.9958700083017598
3.5510527401714103
3.417483149926974
3.733368244170433
3.006238928653389
3.5465935642949384
3.238901256602631
0.5007115883735379
3.682497107115066
3.578056483244308
3.790544987273287
3.6801653312174274
3.7821222241453065
3.0220552088742005
3.468576629687865
3.375
3.4273334938982645
3.521640636343319
3.039148671903071
3.51602764126623
3.3787834934861767
3.368042422572715
3.7216117239699003
1.2309595631140104
3.106890595608519
3.661226256269789
3.238901256602631
3.571998504917091
3.7775182662886326
3.4613201402110083
3.3927474104487847
3.323231428797621
3.3787834934861767
3.3918926446809317
3.750292659616669
3.337175341123077
3.1751231351134614
3.4548223999466066
1.0389205950315936
0.8841837197791889
1.4299111709758698
3.530493056757482
3.573660689688185
3.5039280318460246
3.7606368462358053
2.9689185639620974
3.5766176449086644
2.8553885422075336
3.5110854081804277
3.546593564294939
3.821226604916021
4.033771256064557
2.9219280948873623
1.584962500721156
4.038306278960451
1.0
3.25
3.0220552088742
3.180832987205441
2.7658047436035833
2.794653473544342
1.9877733714879842
3.9779168746936358
3.6428296592411913
3.373557262275185
3.238901256602631
3.2927701939369904
3.4701755214643453
3.7849418274376423
2.9689185639620974
3.1813663288914587
3.1898980954642866
3.2516291673878226
3.7950885863977324
1.086312840741288
1.1567796494470395
1.2806721295208872
1.0949143184120975
0.9944663403237342
3.551191174465697
3.681880802803402
3.2841837197791888
3.8143719431796272
3.8391284026795343
3.039148671903072
3.0130709291038453
2.9182958340544896
3.572623663895163
3.7256507561120933
3.6412498004554794
3.180832987205441
3.877728904983354
3.520367279629696
1.584962500721156
2.9464393446710155
3.5
4.047846769977879
3.2359263506290326
3.4086949695628417
3.1898980954642866
3.4634651896016466
3.9776538632759495
3.43162356584743
3.3211043305784895
3.419381945646371
4.035161220211883
4.079163411186457
3.4225779953216033
3.681727678869737
3.7950885863977324
3.7834651896016465
3.828303151469823
3.3232314287976203
4.078705973743801
3.308751351247166
3.9852171316528118
4.167224615625231
3.3352377453121176
3.454822399946607
2.71929452566698
3.5616073922012146
3.736006946447657
3.3248629576173565
3.521640636343319
3.0269868333592873
3.0220552088742
1.0529407605626346
3.418295834054489
3.2516291673878226
3.2516291673878226
3.6732696895151076
3.085055102756477
2.8553885422075336
3.697845823084412
3.707838385898123
3.6902603909683838
2.9928560501604604
3.6004323025356246
3.668673695440707
3.202819531114783
3.4713544870139286
3.614369445886757
3.4830741894285686
3.084962500721156
3.5068905956085183
3.057476076289932
3.084962500721156
3.084962500721156
3.8180140336406287
3.2806390622295662
3.7089660826946234
3.0286393118385755
3.535174565635903
2.6556390622295662
3.3825680832760767
3.860379370831397
0.0
3.2516291673878226
3.085055102756477
3.2729055953200556
3.085055102756477
3.0850551027564768
3.182005814760214
3.3232314287976203
3.2516291673878226
3.7164736505901743
3.239097917988786
3.507380102423635
3.8553386357970143
2.9875970593303562
3.4251185503571393
3.7068742633934932
3.2673757978160416
2.321928094887362
3.928265043159906
1.584962500721156
3.039148671903071
2.378783493486176
3.9654218842411786
3.0269868333592873
3.9992915686228
3.3005590923909534
2.918295834054489
2.0
3.8438561897747237
3.5230825046900915
3.5220552088742005
3.5589532100053063
3.1279868068776753
3.987235119903598
1.0
3.915384145017587
4.067359451104199
3.209147917027245
3.378783493486176
3.106890595608519
4.000124407996407
3.9656545976526765
3.2195282822995477
4.078343919511419
1.2639334294856335
3.2639334294856344
0.5916727785823275
1.0
3.1307179879273748
3.182005814760214
3.9056390622295662
2.7192945256669794
3.0269868333592873
3.373557262275185
3.521640636343319
3.8820451081368628
2.792481250360578
3.4594316186372973
0.8112781244591328
3.188721875540867
2.2030713060627085
2.437728545142357
2.3447653609166488
0.420026001688088
1.4652556501132248
0.951994081908783
0.9933927290103626
1.186278124459133
0.6988272185521962
0.8703622255167203
0.8315435491770659
1.6627992560224794
0.6610547526158855
3.3927474104487847
3.106890595608518
3.555533151426996
2.816307519224645
3.572623663895163
3.373557262275185
3.1692486956952335
3.7201755214643453
2.8855130303998817
3.4743800851956745
3.503258334775645
3.986280045756847
3.692279682039657
2.816340113853408
3.950103110068885
3.0220552088742
3.6470426092194583
3.8586949695628414
3.8370662098815207
3.515319531114783
3.4399364703978073
3.382568083276076
3.4817145729860735
3.027169118440619
3.238901256602631
3.4039894464852614
3.337175341123077
3.0220552088742005
2.2841591278514217
3.3342094594480476
3.5535088547976788
2.725480556997868
1.584962500721156
3.9995249616479036
3.6006482998092086
2.0
3.501397825434103
3.809880745939573
2.9182958340544896
3.933682115543281
1.0
2.751629167387823
3.085055102756477
3.1068905956085184
3.590098042361555
3.959305178823485
3.667837797403416
3.532914563979398
3.446439344671015
3.6429192467422262
3.947274916961332
3.180832987205441
2.469670487371862
3.09306920777189
2.9078550230687448
2.25
1.3709505944546687
2.8553885422075336
3.6163485660751635
3.452819531114783
3.865957320949174
2.688721875540867
3.189898095464287
2.8553885422075336
3.5
2.9312089489103235
3.5599000019230838
3.5121884039686604
3.2998963911678905
3.725104217943958
3.238901256602631
3.711080496244278
3.4548223999466066
3.532874360347045
2.918295834054489
1.1451104143815827
3.240223928941852
2.872905595320056
3.8820451081368628
2.5849625007211565
3.8521687236032816
2.9182958340544896
2.584962500721156
3.7488254209225524
3.6339740759971577
3.563944525001295
2.918295834054489
3.3233641945259924
3.8179435847618697
1.584962500721156
3.521640636343319
3.2709505944546686
3.878928031846024
3.5654483718208247
3.3371753411230776
3.5351745656359026
3.373557262275185
3.332095398660169
3.576617644908665
3.767894147619623
3.594465636961452
3.40582225028569
3.3927474104487847
3.386636567306727
3.8349625007211565
2.950212064914747
3.452819531114783
3.039148671903071
3.8314018453921714
3.785911893654434
3.338688570451096
3.65282575549396
2.6535442970305687
3.3414460711655214
3.2538013905715872
3.4136606896881854
3.046439344671015
2.9182958340544896
3.5068905956085183
2.9182958340544896
3.292770193936991
3.2516291673878226
3.0220552088742
3.0850551027564768
3.4182958340544896
3.3927474104487847
3.734521664779752
3.4182958340544896
3.7499025061628957
1.7107770844150674
3.6732696895151076
3.3921472236645345
3.845350936622436
3.7336606896881857
3.5944656369614525
3.630412660873998
3.8659986132745803
3.5726236638951634
3.6635327548042538
3.636842188131012
3.5090356337908912
3.569548827786958
2.5027361715940035
3.511085408180426
3.9347962245267643
2.0
3.378783493486176
2.8553885422075336
3.47834596772504
3.5724312513221195
3.501629167387823
3.851002074701684
3.917778241565718
3.069773835029478
3.6837834090041004
1.584962500721156
3.803078447433318
2.0
3.2516291673878226
3.084962500721156
3.503258334775645
3.0849625007211556
3.2516291673878226
3.085055102756477
3.4613201402110083
3.292481250360578
3.967882756503476
2.4182958340544896
3.084962500721156
4.08857425766271
3.583616975397232
2.0
3.490601562950723
3.5739348962840563
3.039148671903071
3.43162356584743
3.708858442330835
3.202819531114783
2.8423709931771093
3.917114051407521
4.0630643186264574
3.770942421748537
3.378783493486176
3.8022473844858746
3.3248629576173574
3.7757254358106813
3.3927474104487847
2.9870900416203345
3.5068905956085183
2.584962500721156
1.3563429881688325
3.292770193936991
3.7883413396567485
3.529696439528413
1.584962500721156
3.334679141051595
2.751629167387823
1.3143204867061788
1.0389205950315936
3.428072996388509
3.039148671903071
3.3660913291191914
3.5090356337908912
1.2210477851797181
0.951994081908783
1.1766438126073182
3.5110804962442783
3.6921840281311766
3.4100993267336737
0.7732283485249176
3.9861879650463043
2.2841591278514217
3.2195282822995472
2.625814583693911
3.125
3.323231428797621
3.7522602045237172
3.3855127464162074
3.348436818791725
3.2810361125534233
3.5434651896016467
3.6902603909683838
3.7576856586254093
3.3921472236645345
2.688721875540867
3.455531530884224
3.3564924137968237
3.1898980954642875
3.501397825434103
2.2516291673878226
3.2516291673878226
2.688721875540867
3.9233102343529676
3.7532696895151076
2.2359263506290326
2.251629167387823
2.386803359445083
1.4869441266678105
1.8763576394898522
2.2086051443027332
2.0
3.3787834934861767
3.7159573209491743
3.3660913291191914
3.384183719779189
2.8423709931771093
3.3921472236645345
3.736006946447657
3.51602764126623
3.7541634277688813
3.66829583405449
3.628493070364558
3.6521147627546076
2.8553885422075336
2.625814583693911
3.039148671903071
3.238901256602631
3.479561393367673
3.0708470936225174
3.337175341123077
3.6069367321753214
3.238901256602631
3.74095326040484
3.736006946447657
3.1464393446710153
3.084962500721156
3.3248629576173574
3.039148671903071
3.189898095464287
3.2927701939369904
3.182005814760214
3.6572682296173897
3.521640636343319
3.3921472236645345
3.373557262275185
3.299896391167891
3.418295834054489
1.0408520829727552
0.6998428398862386
0.7345299214394703
2.889549430862088
4.0036558093461245
3.5705981190900795
3.139572261986723
3.764735178725505
3.5724312513221195
2.2841591278514217
3.460616467646623
3.366091329119191
3.5178160905596987
3.5724312513221195
0.0
4.084910619945876
2.4464393446710155
1.0
3.454822399946607
3.745406425938248
3.4992275471326932
3.189898095464287
2.8553885422075336
3.418295834054489
3.375
3.733660689688185
3.84339066372114
3.7858673024119978
3.6211755429194716
2.7550576199383072
2.467720100474499
2.48345859334435
2.9247518571937454
2.9444602811007905
3.0034935812704378
3.013591257380428
3.1364089048062844
2.94249629764402
3.0767034063600525
3.086755118617395
3.1054172485382177
3.0532643465572
3.0604581287759647
3.040995537094442
2.7773627950641693
3.3927474104487847
3.486440501696145
3.1556390622295662
3.6158175946759328
3.3248629576173574
3.0220552088742
3.2516291673878226
3.9590795706241737
2.955913095175825
2.8731406795131336
2.931208948910323
3.2729055953200556
3.640223928941851
3.039148671903071
3.084962500721156
2.8423709931771093
3.5
3.2267309150571264
3.722928833675307
3.1307179879273748
2.8731406795131336
3.8652864139375804
3.6887218755408675
3.7497286607426745
3.6798814182820925
2.688721875540867
2.9708400131019848
2.855388542207534
3.5434651896016467
3.753269689515107
3.3232314287976203
3.024397470347699
2.973557262275185
3.7354920941384315
3.630412660873998
3.628445159431228
2.610577243331642
3.085055102756477
2.751629167387823
3.5220552088742005
3.471354487013928
3.3086949695628416
3.32323142879762
3.4817145729860726
0.5131851787372753
3.0589840894454263
2.7339419795904845
3.8588029144615943
3.4007931812515597
2.649397470347699
2.794468414860447
3.32323142879762
2.8731406795131336
3.2568665431825226
0.8795064608120066
3.8064393653561575
3.5175594295963433
3.378783493486176
2.939829017466402
3.5383201891060003
3.676440908696869
3.920805271455232
3.592870516635899
3.3248629576173574
2.6258145836939115
3.5039975273348474
3.6682958340544896
3.5775343630988568
1.9219280948873623
4.067929578357258
3.605253823084545
3.9550667566692304
3.991608456445143
3.7603826520482295
3.9484757303023867
2.0
3.0220552088742005
3.5630741894285687
3.538310595615006
3.2727698920347943
3.3371753411230776
3.3815804883091634
3.083765141069551
3.03856233607563
3.752715278979704
3.5800503514647373
3.6168746059562227
3.4548223999466066
3.78025170957294
3.7285914862960214
2.75
2.0
3.889049535914169
3.943257002355308
3.4077612383550604
3.536243412983061
3.730289691218124
3.809313575415984
3.779030442244552
3.7386085007312415
3.700207543428161
3.7999793850498294
3.2806390622295662
3.6501602314053936
1.584962500721156
3.6818808028034016
3.7709424217485377
2.9852281360342516
3.751629167387823
3.375
3.5086949695628418
3.522711955680758
3.4677201004745006
3.739097917988786
3.6537567082870006
3.4992275417233567
3.419381945646371
3.3735572622751855
3.521640636343319
3.127986806877675
2.610577243331642
2.925853014561283
3.402910079649727
3.8589572866686432
3.7360069464476573
1.584962500721156
3.340199876515856
3.7883875483748737
2.5785519909913264
3.8188627346822774
3.3982508176045547
3.845658017555989
3.5800503514647364
3.743683843477002
2.9312089489103235
3.5883543471732335
2.5654483718208256
3.0588138903312014
3.2359263506290334
3.106890595608519
3.8048263567080802
3.790121211776855
1.584962500721156
3.682005814760214
1.4604846813131116
3.180832987205441
3.625
0.8059584928680418
3.308751351247166
3.426367488473226
3.679687439279554
3.2655833228877325
3.419381945646371
2.2339979078388272
2.263809173883546
3.616348566075164
3.6454576979282933
3.3841837197791884
3.1395722619867223
3.594465636961452
3.4116022179746714
3.0503018554349817
3.4864405016961446
3.4474015047059146
3.6978458230844122
3.239097917988786
3.202819531114783
1.186278124459133
0.8166890883150209
3.077819531114783
3.3787834934861767
3.182005814760214
2.584962500721156
2.8553885422075336
3.6069367321753205
3.208987300258799
3.323231428797621
3.338804369244613
3.569773835029478
3.4713544870139286
3.248365046750904
3.2516291673878226
3.3834651896016465
3.5786267670198737
3.3735572622751855
3.546593564294939
2.872905595320056
3.337175341123077
3.4193819456463714
3.084962500721156
3.238901256602631
4.034435120208032
3.499227541723357
3.180832987205441
3.239097917988786
3.2402239289418517
3.692279682039657
0.9182958340544896
2.855388542207534
3.9986525468781666
1.0
3.453626767019874
3.82306798227366
3.410571484179859
2.0
3.182005814760214
3.006238928653389
3.7483286603655737
3.7784235030301256
3.3908054820769813
3.5282424844314786
3.394552096489374
3.6424346494648048
3.64357726254524
3.2516291673878226
3.2516291673878226
3.2037016960573483
2.688721875540867
3.675310868912364
3.5585186130489057
2.9000516989995426
3.125
2.827819531114783
2.1716338594571756
2.2877837199410704
3.0269868333592873
3.189898095464287
3.652130557318382
2.8150724101159437
3.2806390622295662
3.8766083905948148
4.073151564882629
3.8724647023232843
4.022610246634337
3.2961483747476232
1.584962500721156
4.028518761847708
1.6183203709705838
3.576617644908665
3.4072682296173897
3.4613201402110083
3.6753108689123644
3.0849625007211556
3.7834651896016465
3.366091329119192
3.202819531114783
3.202819531114783
3.4182958340544896
2.8962915290459277
3.5132696895151074
3.7125863930545133
3.770942421748537
3.919119732756684
3.2359263506290334
3.084962500721156
3.8114545996175107
3.479079570624174
1.584962500721156
3.1555650133297184
3.368522527728206
3.260828171224455
3.4992275471326932
3.2201755214643457
3.298162213132989
3.675310868912364
3.958371371475034
3.0220552088742005
3.084962500721156
3.752655596558187
3.1556390622295662
3.4992275471326932
3.2516291673878226
3.2359263506290334
3.3735572622751855
3.8007106777147044
3.791025938413686
2.353533948577482
3.084962500721156
3.106890595608519
3.085055102756477
3.2195282822995472
3.675310868912364
3.0220552088742005
3.566468890752879
3.136863709607318
2.044358910666127
3.646439344671015
4.080068303548538
3.337175341123077
1.0
3.0708470936225174
2.8073549220576046
3.6395982887330334
3.7673757978160416
3.7329887579778505
3.753434386188785
3.9925883548682513
3.039148671903071
3.842718564849674
3.09306920777189
3.3086949695628416
3.25
2.6031579868726
3.32323142879762
3.4841837197791885
3.238901256602631
3.3927474104487847
3.8556852041890344
3.4058222502856905
3.2810361125534233
3.6143694458867563
3.8561962982193805
2.973557262275185
3.753269689515107
3.6368421881310122
3.4316235658474303
3.431623565847431
3.521640636343319
3.8825207553360666
3.681880802803402
3.975926894781161
3.7806390622295662
3.6168746059562227
3.899677289476146
3.238901256602631
3.4565647621309536
3.5766176449086653
3.621175542919471
3.818122700810867
3.589275070710712
3.6133373140453067
3.555533151426996
3.787829945363587
3.373557262275185
1.0
3.106890595608519
3.9302252658009036
3.5175594295963433
3.490601562950723
3.5160276412662306
3.675310868912364
3.879682273300832
3.8359323467345354
1.584962500721156
3.843856189774724
3.3815804883091634
2.973557262275185
4.186164614058701
1.584962500721156
3.0269868333592873
3.0220552088742
3.32323142879762
3.5219280948873624
3.0306390622295662
2.98345859334435
3.6464393446710153
2.8553885422075336
3.844841929151772
2.9772170014624826
3.3927474104487847
3.403989446485262
3.9146892241642446
3.692095411492566
3.4852281360342516
3.8747485552166756
3.3927474104487847
3.219214129970057
3.441446071165522
3.82584494309045
3.0957952550009344
1.0
3.7228669325633676
3.7980398213422273
3.3273399000835084
3.5253125744473195
1.5
3.640223928941851
3.3082708345352603
3.189898095464287
2.8962915290459277
2.8731406795131336
3.659536598501246
3.1555650133297184
3.884795487373134
2.6612262562697895
4.006486216743616
2.0
3.6732696895151076
3.9648576597402947
3.0957952550009344
3.9944383510247694
3.8467048275838116
4.076507262487065
4.118659346091888
3.039148671903071
3.1971597234241487
3.1728107335198636
3.686329697673922
3.139715632739883
3.3735572622751855
2.606238928653389
3.6619328723735833
3.772055208874201
3.732988757977851
3.6151713102472964
2.610577243331642
0.9141828384352135
2.4508257945180882
3.620936064750772
3.6841837197791887
3.299896391167891
3.0269868333592873
3.6349899593310995
3.260828171224455
3.630412660873998
3.6143694458867563
3.4817145729860726
3.375
2.8423709931771093
3.292770193936991
2.8553885422075336
0.9933927290103626
2.931208948910323
3.471354487013928
2.8150724101159437
3.8470529239099753
3.9649433308288944
3.7692475629608078
3.7305557415256443
3.593269689515108
3.681880802803402
3.2516291673878226
3.0269868333592873
3.3248629576173574
3.3496929689578705
3.1898980954642875
3.6619328723735824
3.71937582241537
2.8553885422075336
3.5351745656359026
3.084962500721156
3.085055102756477
3.484183719779189
3.085055102756477
3.7821222241453056
3.843695663546246
2.8731406795131336
3.2359263506290326
3.5883543471732335
3.3248629576173574
3.0
3.238901256602631
3.452819531114783
3.4039894464852614
3.7152854598142397
3.7652888210228417
3.487526773811813
3.9220022134066514
3.419381945646371
3.693223349810918
3.442862165155466
3.8747485552166756
3.2359263506290326
2.9219280948873623
1.0
4.152608188848351
2.688721875540867
3.4936711100785716
3.6871833897514183
1.0
3.8796486203632066
3.937355698638755
4.0196207823378876
3.991573432453871
3.6873182337978294
4.144396649603973
1.0
3.006238928653389
3.422577995321604
3.2195282822995477
3.4841837197791885
3.084962500721156
2.9689185639620974
2.777776811456787
3.4548223999466066
3.4903270734449907
4.027097205568252
3.91863405314514
1.584962500721156
3.3927474104487847
3.0849625007211556
3.8365916681089787
3.321928094887362
3.8268748818646365
3.605388542207534
3.576617644908665
3.3927474104487847
2.9852281360342516
3.25
1.870253816431622
1.6258145836939115
2.495602923729013
2.469670487371862
2.3395722619867225
2.3464393446710154
3.736440501696145
2.688721875540867
3.651478922893308
3.951143017707789
2.792481250360578
3.831401845392172
3.6764409086968683
3.238901256602631
3.373557262275185
3.373557262275185
3.1018812234760187
3.202819531114783
3.180832987205441
3.4947396630551757
2.973557262275185
3.2516291673878226
2.8150724101159437
3.770942421748537
3.861499231009296
2.8962915290459277
3.350209029099897
3.0849625007211556
3.3735572622751846
0.9141828384352135
1.1451104143815827
3.332095398660169
3.0396330438946317
3.452819531114783
3.30827083453526
3.337175341123077
3.3680424225727155
3.0220552088742005
3.189898095464287
4.043057694064253
3.9483943455364026
4.0123803454010725
4.123231428797621
3.323231428797621
3.4613201402110083
3.7216117239699003
3.2359263506290326
3.2946635862096043
3.0269868333592873
3.2361862832554125
3.1971597234241487
3.042481250360578
3.513269689515107
3.486440501696145
3.182005814760214
3.586738372078382
3.555533151426996
3.0151390045092357
3.1464393446710153
1.0
3.584962500721156
2.7773627950641693
3.1496734471867414
3.572623663895163
3.5068905956085183
3.5348486136508463
3.810081020521731
3.25
3.8390524616779937
3.6753108689123644
3.3278754646456608
3.725716309088254
3.09306920777189
3.3056450063529996
3.6168746059562227
3.7636467706769263
1.9219280948873623
3.3440601221518182
3.0269868333592873
2.9182958340544896
3.9541580687389297
1.0
2.950212064914748
3.734521664779752
3.5421176810056703
3.521640636343319
3.4594911601991534
3.6771669164110943
3.653300712400347
3.0849625007211556
3.945464952495108
2.9852281360342516
3.3371753411230776
3.761508595818439
3.7390519531147337
3.625807235905091
3.7417292966721747
3.1556390622295662
3.7264741182543752
3.1971597234241487
3.7192945256669785
3.381580488309164
3.6062389286533887
3.2516291673878226
3.6143694458867563
3.337175341123077
3.6841837197791887
3.835932346734535
3.5920919620082037
3.6094963344256965
3.677803785546326
3.381580488309164
3.783144940981576
3.373557262275185
3.7193758224153695
4.025930027099076
3.4992275417233563
3.66829583405449
3.5766176449086657
3.016150648454355
2.9538063731601105
2.9309884567922007
3.5384212223827096
3.97699231338986
1.5
2.6612262562697895
2.6258145836939115
3.881227004301479
3.764460876028361
4.0391950755095385
2.968918563962097
3.5535088547976783
3.831401845392172
3.5680843243447136
3.3908054820769817
3.202819531114783
3.4532359131272914
3.4713544870139286
3.4999093404636357
2.855388542207534
3.7068497106488287
3.483491846500061
3.5464393446710156
3.9515231881291992
3.6425839480333533
3.421928094887362
1.584962500721156
3.2998963911678905
3.1761102515172546
3.1464393446710157
3.860379370831397
3.765319531114783
2.94770277922009
3.8388685765610924
3.8414473125268014
1.584962500721156
3.418295834054489
0.9055872616982603
1.7224945678306305
2.952819531114783
3.378783493486176
3.1068905956085184
3.25
3.1751231351134614
3.4556501805795428
3.660169450009578
3.8990153763391904
3.6421498816369033
3.0849625007211556
2.8073549220576046
3.202819531114783
3.521640636343319
3.67256394709172
3.7024715122197467
3.337175341123077
3.077819531114783
3.6537567082870006
3.881874841531536
1.0
3.182005814760214
3.506890595608518
3.139572261986723
3.3248629576173574
3.375
3.6562329790910524
3.266332639970623
3.5766176449086653
3.106890595608518
3.0220552088742
3.6660928025292403
3.419381945646371
2.625814583693911
3.6368421881310122
2.931208948910323
3.182005814760214
2.4508257945180882
2.984234164652489
3.2927701939369904
3.189898095464287
3.7623107361338706
2.0
3.5
3.1015087558678784
3.5969967423201243
3.465018266288633
2.939829017466402
3.544097907106122
3.7064826306153145
3.770026751857785
3.22467921775583
2.0
1.0892300788425848
2.899162065118786
2.041814515501815
2.063558608511122
1.0
3.202819531114783
3.182005814760214
3.6168746059562227
3.1556390622295662
2.845350936622437
3.888149278250525
3.760017277849653
3.5068905956085183
4.053014164416169
3.4992275471326932
4.043672496761891
3.9552269584424473
4.0441104177484
4.199564839696838
3.985622416219617
2.94770277922009
1.5
2.625814583693911
3.2359263506290334
2.5498550315128585
3.2903216092483056
4.014345107503651
4.063646641498278
4.037443420692003
3.085055102756477
3.0269868333592873
3.5368867237421666
3.09306920777189
3.375
3.1556390622295662
3.202819531114783
3.1464393446710153
3.30827083453526
2.699513850319966
2.7659573209491746
3.8700035889898636
3.1068905956085184
3.0269868333592873
3.1395722619867223
3.4039894464852614
3.650124895003159
3.672319632382367
3.288884070537635
4.072027559554754
2.913977073182752
3.885971707296555
3.3087513512471665
3.085055102756477
2.8402239289418523
3.238901256602631
2.8731406795131336
3.3927474104487847
2.8073549220576037
3.238901256602631
3.2516291673878226
3.039148671903071
3.6764409086968683
2.688721875540867
3.64900120971034
3.6820058147602133
3.6464393446710153
3.337175341123077
3.238901256602631
3.3097189833244367
3.936891797757288
3.0269868333592873
2.98345859334435
3.6280852788913944
3.125
3.534258685055066
3.4565647621309536
3.796217602590056
3.48582592784901
3.2608281712244547
3.748994803525096
