Shannon_Entropy
2.078491674029184
2.091917186688699
2.25
1.792481250360578
1.8676338909712125
1.6729330318733675
1.76806449493266
1.3567796494470397
1.7924812503605778
1.7695459925589747
1.5306390622295665
1.7379428213468446
1.7273536033721064
1.8676338909712125
1.8676338909712125
1.8676338909712125
1.8676338909712125
1.6691803368667308
1.8676338909712125
1.4591479170272448
1.676737030052133
1.6644977792004614
1.9386790169573507
1.6729330318733675
1.6171895725927152
2.1735572622751853
1.8676338909712125
1.419556298571613
1.5723516633085879
1.4488156357251847
1.867633890971212
2.4225797618424916
1.6577427265048887
2.199687794731328
1.5487949406953985
2.125
1.54515219719895
1.8676338909712125
1.780672129520887
1.8230264907128848
2.146465798504072
1.8676338909712125
1.9301249653149701
1.983740670882855
1.6729330318733675
1.4591479170272448
1.4056390622295665
1.9860462325725075
2.128085278891394
1.9898980954642875
1.6644977792004614
1.8423709931771086
1.8676338909712125
1.6691803368667308
1.617189572592715
2.0349409139562287
1.8676338909712125
2.353533948577482
2.4137995646056805
2.199687794731328
2.1739731346044096
1.584962500721156
2.1416195253341384
1.9473387961875537
1.5058762556041068
2.2783518117113117
1.792481250360578
1.7924812503605778
2.0119209285947934
2.0349409139562287
2.3068905956085186
1.4591479170272448
1.7814963295286752
1.6858157091530304
2.0874628412503395
1.650022421648354
1.657742726504889
2.1735572622751858
2.0349409139562287
2.1179631753145163
1.896240625180289
2.011920928594794
1.8676338909712125
2.396782221599798
2.1416195253341384
1.914341183612352
1.9591479170272446
1.9473387961875537
1.6858157091530304
2.1179631753145163
2.1179631753145163
1.9211854965885542
2.353533948577482
1.8676338909712125
2.102187170949333
1.7004397181410922
1.6258145836939115
1.9591479170272446
1.6729330318733675
1.9877733714879842
1.4591479170272446
2.1416195253341384
1.7466407621868583
2.0349409139562287
1.9877733714879842
1.6143308351592656
1.8676338909712125
1.5617677112802775
1.6783898247235196
2.1179631753145163
1.8676338909712125
1.7924812503605778
2.040223928941852
1.896240625180289
1.6171895725927152
1.950212064914747
1.8679653582397109
1.6858157091530304
1.9725355337512311
1.8322488896002307
1.6143308351592656
1.7055872616982601
1.7055872616982601
1.8702538164316223
1.8716022614097982
2.146465798504072
2.125814583693911
1.5487949406953985
2.0805256874199403
1.7924812503605778
2.1735572622751853
1.6140054628542202
1.8389205950315937
1.8676338909712125
1.7633584292311082
1.8676338909712125
2.0157404324930677
1.8282344370732122
1.4806821149663845
1.5647350905912576
1.3567796494470397
1.676737030052133
1.3787834934861753
1.6858157091530304
1.6858157091530304
1.6858157091530304
1.6858157091530304
1.6858157091530304
1.6858157091530304
1.6858157091530304
1.6858157091530304
1.6858157091530304
1.6858157091530304
1.6858157091530304
1.6858157091530304
1.6858157091530304
1.6858157091530304
1.6858157091530304
1.6858157091530304
1.6858157091530304
1.6858157091530304
1.6858157091530304
1.6858157091530304
1.6858157091530304
1.6858157091530304
1.6858157091530304
1.6858157091530304
1.6858157091530304
1.6858157091530304
1.6858157091530304
1.6858157091530304
1.6858157091530304
1.6858157091530304
1.6858157091530304
1.6858157091530304
1.6858157091530304
1.6858157091530304
1.6858157091530304
1.6858157091530304
1.6858157091530304
1.6858157091530304
1.6858157091530304
1.6858157091530304
1.6858157091530304
1.6858157091530304
1.6858157091530304
1.6858157091530304
1.6858157091530304
1.6858157091530304
1.6858157091530304
1.6858157091530304
1.6858157091530304
1.6858157091530304
1.6858157091530304
1.6858157091530304
1.6858157091530304
1.6858157091530304
1.6858157091530304
1.6858157091530304
1.6858157091530304
1.6858157091530304
1.6858157091530304
1.6858157091530304
1.6858157091530304
1.6858157091530304
1.6858157091530304
1.6858157091530304
1.6858157091530304
1.6858157091530304
1.6858157091530304
1.6858157091530304
1.6858157091530304
1.6858157091530304
1.6858157091530304
1.6858157091530304
1.6858157091530304
1.6858157091530304
1.6858157091530304
1.6858157091530304
1.6858157091530304
1.6858157091530304
1.6858157091530304
1.6858157091530304
1.6858157091530304
1.6858157091530304
1.6858157091530304
1.6858157091530304
1.6858157091530304
1.6858157091530304
1.6858157091530304
1.6858157091530304
1.6858157091530304
1.6858157091530304
1.6858157091530304
1.6858157091530304
1.6858157091530304
1.6858157091530304
1.6858157091530304
1.6858157091530304
1.6858157091530304
1.6858157091530304
1.6858157091530304
1.6858157091530304
1.6858157091530304
1.6858157091530304
1.6858157091530304
1.6858157091530304
1.6858157091530304
1.6858157091530304
1.6858157091530304
1.6858157091530304
1.6858157091530304
1.6858157091530304
1.6858157091530304
1.6858157091530304
1.6858157091530304
1.6858157091530304
1.6858157091530304
1.6858157091530304
1.6858157091530304
1.6858157091530304
1.6858157091530304
1.6858157091530304
1.6858157091530304
1.6858157091530304
1.6858157091530304
1.6858157091530304
1.6858157091530304
1.6858157091530304
1.6858157091530304
1.6858157091530304
1.6858157091530304
1.6858157091530304
1.6858157091530304
1.6858157091530304
1.6858157091530304
1.6858157091530304
1.6858157091530304
1.6858157091530304
1.6858157091530304
1.6858157091530304
1.6858157091530304
1.6858157091530304
1.6858157091530304
1.6858157091530304
1.6858157091530304
1.6858157091530304
1.6858157091530304
1.6858157091530304
1.6858157091530304
1.6858157091530304
1.6858157091530304
1.6858157091530304
1.6858157091530304
1.6858157091530304
1.6858157091530304
1.6858157091530304
1.6858157091530304
1.6858157091530304
1.6858157091530304
1.6858157091530304
1.6858157091530304
1.6858157091530304
1.6858157091530304
1.6858157091530304
1.6858157091530304
1.6858157091530304
1.6858157091530304
1.6858157091530304
1.6858157091530304
1.6858157091530304
1.6858157091530304
1.6858157091530304
1.6858157091530304
1.6858157091530304
1.6858157091530304
1.6858157091530304
1.6858157091530304
1.6858157091530304
1.6858157091530304
1.6858157091530304
1.6858157091530304
1.6858157091530304
1.6858157091530304
1.6858157091530304
1.6858157091530304
1.6858157091530304
1.6858157091530304
1.6858157091530304
1.6858157091530304
1.6858157091530304
1.6858157091530304
1.6858157091530304
1.6858157091530304
1.6858157091530304
1.6858157091530304
1.6858157091530304
1.6858157091530304
1.6858157091530304
1.6858157091530304
1.6858157091530304
1.6858157091530304
1.6858157091530304
1.6858157091530304
1.6858157091530304
1.6858157091530304
1.6858157091530304
1.6858157091530304
1.6858157091530304
1.6858157091530304
1.6858157091530304
1.6858157091530304
1.6858157091530304
1.6858157091530304
1.6858157091530304
1.6858157091530304
1.6858157091530304
1.6858157091530304
1.6858157091530304
1.6858157091530304
1.6858157091530304
1.6858157091530304
1.6858157091530304
1.6858157091530304
1.6858157091530304
1.6858157091530304
1.6858157091530304
1.6858157091530304
1.6858157091530304
1.6858157091530304
1.6858157091530304
1.6858157091530304
1.6858157091530304
1.6858157091530304
1.6858157091530304
1.6858157091530304
1.6858157091530304
1.6858157091530304
1.6858157091530304
1.6858157091530304
1.6858157091530304
1.6858157091530304
1.6858157091530304
1.6858157091530304
1.6858157091530304
1.6858157091530304
1.6858157091530304
1.6858157091530304
1.6858157091530304
1.6858157091530304
1.6858157091530304
1.6858157091530304
1.6858157091530304
1.6858157091530304
1.6858157091530304
1.6858157091530304
1.6858157091530304
1.6858157091530304
1.6858157091530304
1.6858157091530304
1.6858157091530304
1.6858157091530304
1.6858157091530304
1.6858157091530304
1.6858157091530304
1.6858157091530304
1.6858157091530304
1.6858157091530304
1.6858157091530304
1.6858157091530304
1.6858157091530304
1.6858157091530304
1.6858157091530304
1.6858157091530304
1.6858157091530304
1.6858157091530304
1.6858157091530304
1.6858157091530304
1.6858157091530304
1.6858157091530304
1.6858157091530304
1.6858157091530304
1.6858157091530304
1.6858157091530304
1.6858157091530304
1.6858157091530304
1.6858157091530304
1.6858157091530304
1.6858157091530304
1.6858157091530304
1.6858157091530304
1.6858157091530304
1.6858157091530304
1.6858157091530304
1.6858157091530304
1.6858157091530304
1.6858157091530304
1.6858157091530304
1.6858157091530304
1.6858157091530304
1.6858157091530304
1.6858157091530304
1.6858157091530304
1.6858157091530304
1.6858157091530304
1.6858157091530304
1.6858157091530304
1.6858157091530304
1.6858157091530304
1.6858157091530304
1.6858157091530304
1.6858157091530304
1.6858157091530304
1.6858157091530304
1.6858157091530304
1.6858157091530304
1.6858157091530304
1.6858157091530304
1.6858157091530304
1.6858157091530304
1.6858157091530304
1.6858157091530304
1.6858157091530304
1.6858157091530304
1.6858157091530304
1.6858157091530304
1.6858157091530304
1.6858157091530304
1.6858157091530304
1.6858157091530304
1.6858157091530304
1.6858157091530304
1.6858157091530304
1.6858157091530304
1.6858157091530304
1.6858157091530304
1.6858157091530304
1.6858157091530304
1.6858157091530304
1.6858157091530304
1.6858157091530304
1.6858157091530304
1.6858157091530304
1.6858157091530304
1.6858157091530304
1.6858157091530304
1.6858157091530304
1.6858157091530304
1.6858157091530304
1.6858157091530304
1.6858157091530304
1.6858157091530304
1.6858157091530304
1.6858157091530304
1.6858157091530304
1.6858157091530304
1.6858157091530304
1.6858157091530304
1.6858157091530304
1.6858157091530304
1.6858157091530304
1.6858157091530304
1.6858157091530304
1.6858157091530304
1.6858157091530304
1.6858157091530304
1.6858157091530304
1.6858157091530304
1.6858157091530304
1.6858157091530304
1.6858157091530304
1.6858157091530304
1.6858157091530304
1.6858157091530304
1.6858157091530304
1.6858157091530304
1.6858157091530304
1.6858157091530304
1.6858157091530304
1.6858157091530304
1.6858157091530304
1.6858157091530304
1.6858157091530304
1.6858157091530304
1.6858157091530304
1.6858157091530304
1.6858157091530304
1.6858157091530304
1.6858157091530304
1.6858157091530304
1.6858157091530304
1.6858157091530304
1.6858157091530304
1.6858157091530304
1.6858157091530304
1.6858157091530304
1.6858157091530304
1.6858157091530304
1.6858157091530304
1.6858157091530304
1.6858157091530304
1.6858157091530304
1.6858157091530304
1.6858157091530304
1.6858157091530304
1.6858157091530304
1.6858157091530304
1.6858157091530304
1.6858157091530304
1.6858157091530304
1.6858157091530304
1.6858157091530304
1.6858157091530304
1.6858157091530304
1.6858157091530304
1.6858157091530304
1.6858157091530304
1.6858157091530304
1.6858157091530304
1.6858157091530304
1.6858157091530304
1.6858157091530304
1.6858157091530304
1.6858157091530304
1.6858157091530304
1.6858157091530304
1.6858157091530304
1.6858157091530304
1.6858157091530304
1.6858157091530304
1.6858157091530304
1.6858157091530304
1.6858157091530304
1.6858157091530304
1.6858157091530304
1.6858157091530304
1.6858157091530304
1.6858157091530304
1.6858157091530304
1.6858157091530304
1.6691803368667308
1.6691803368667308
1.6691803368667308
1.6858157091530304
1.6858157091530304
1.6858157091530304
1.6858157091530304
1.6858157091530304
1.6858157091530304
1.6858157091530304
1.6858157091530304
1.6858157091530304
1.6858157091530304
1.6858157091530304
1.6858157091530304
1.6858157091530304
1.6858157091530304
1.6858157091530304
1.6858157091530304
1.6858157091530304
1.6858157091530304
1.6858157091530304
1.6858157091530304
1.6858157091530304
1.6858157091530304
1.6858157091530304
1.8676338909712125
1.8676338909712125
1.6858157091530304
1.6858157091530304
1.6858157091530304
1.6858157091530304
1.6858157091530304
1.6858157091530304
1.6858157091530304
1.6858157091530304
1.6858157091530304
1.6858157091530304
1.6858157091530304
1.6858157091530304
1.6858157091530304
1.6858157091530304
1.6858157091530304
1.6858157091530304
1.6858157091530304
1.6858157091530304
1.6858157091530304
1.6858157091530304
1.6858157091530304
1.6858157091530304
1.6858157091530304
1.8676338909712125
1.6858157091530304
1.6858157091530304
1.6858157091530304
1.6858157091530304
1.6858157091530304
1.6858157091530304
1.6858157091530304
1.6858157091530304
1.6858157091530304
1.6858157091530304
1.6858157091530304
1.6858157091530304
1.6858157091530304
1.6858157091530304
1.6858157091530304
1.6858157091530304
1.6858157091530304
1.6858157091530304
1.6858157091530304
1.6858157091530304
1.6858157091530304
1.6858157091530304
1.6858157091530304
1.8676338909712125
1.8676338909712125
1.6858157091530304
1.6858157091530304
1.6858157091530304
1.6858157091530304
1.6858157091530304
1.6858157091530304
1.6858157091530304
1.6858157091530304
1.6858157091530304
1.6858157091530304
1.6858157091530304
1.6858157091530304
1.6858157091530304
1.6858157091530304
1.6858157091530304
1.6858157091530304
1.6858157091530304
1.6858157091530304
1.6858157091530304
1.6858157091530304
1.6858157091530304
1.6858157091530304
1.6858157091530304
1.6691803368667308
1.6691803368667308
1.6691803368667308
1.6858157091530304
1.6858157091530304
1.6858157091530304
1.6858157091530304
1.6858157091530304
1.6858157091530304
1.6858157091530304
1.6858157091530304
1.6858157091530304
1.6858157091530304
1.6858157091530304
1.6858157091530304
1.6858157091530304
1.6858157091530304
1.6858157091530304
1.6858157091530304
1.6858157091530304
1.6858157091530304
1.6858157091530304
1.6858157091530304
1.6858157091530304
1.6858157091530304
1.6858157091530304
1.6858157091530304
1.6858157091530304
1.6858157091530304
1.6858157091530304
1.6858157091530304
1.6858157091530304
1.6858157091530304
1.6858157091530304
1.6858157091530304
1.6858157091530304
1.6858157091530304
1.6858157091530304
1.6858157091530304
1.6858157091530304
1.6858157091530304
1.6858157091530304
1.6858157091530304
1.6858157091530304
1.6858157091530304
1.6858157091530304
1.6858157091530304
1.6858157091530304
1.6858157091530304
1.6691803368667308
1.6691803368667308
1.6691803368667308
1.6858157091530304
1.6858157091530304
1.6858157091530304
1.6858157091530304
1.6858157091530304
1.6858157091530304
1.6858157091530304
1.6858157091530304
1.6858157091530304
1.6858157091530304
1.6858157091530304
1.6858157091530304
1.6858157091530304
1.6858157091530304
1.6858157091530304
1.6858157091530304
1.6858157091530304
1.6858157091530304
1.6858157091530304
1.6858157091530304
1.6858157091530304
1.6858157091530304
1.6858157091530304
1.6143308351592656
1.640223928941852
1.8810947601100747
1.8230264907128848
1.780672129520887
1.4056390622295665
1.9211854965885542
1.6737949406953985
2.353533948577482
1.8676338909712125
1.9852281360342514
1.7924812503605778
1.6729330318733675
1.7295739585136223
1.879964948727111
2.0
1.8702538164316223
2.125814583693911
1.4056390622295665
1.6258145836939115
1.6577427265048887
2.260820318171659
1.8810947601100747
1.896240625180289
2.0458416408851736
1.617189572592715
1.8702538164316223
1.7758589482446405
1.8676338909712125
1.9211854965885544
2.1607047528877827
1.4591479170272446
1.950212064914747
1.9211854965885542
2.040223928941852
2.199687794731328
1.6171895725927152
1.867633890971212
1.8810947601100747
2.472905595320056
1.6858157091530304
2.070950594454669
1.8676338909712125
2.125814583693911
2.140361163698485
1.6171895725927152
1.8676338909712125
1.5306189948485172
1.6729330318733675
1.9591479170272446
1.949137865273585
1.962806631693174
2.125814583693911
1.676737030052133
2.1179631753145163
1.8919954870390203
1.6644977792004614
1.8676338909712125
1.7735572622751854
1.879964948727111
1.8676338909712125
1.8676338909712125
1.867633890971212
1.5744174271404585
1.8542858719872461
1.8676338909712125
2.33012496531497
1.7273966735744795
1.885442867481708
1.8919954870390203
1.8675769461761949
1.792481250360578
1.792481250360578
1.626688849701832
1.792481250360578
2.0989295636909353
2.133387491316597
1.676737030052133
1.75
2.260820318171659
1.6258145836939115
1.4591479170272448
1.4182958340544896
2.6717897106839215
1.7924812503605778
2.0202442071537563
2.279799131837405
1.9877733714879842
1.9852281360342514
2.022579761842491
2.017913012725706
1.9211854965885542
2.463458298648303
1.532914563979398
1.8676338909712125
1.9751060324573735
1.8230264907128848
1.9047467522760364
2.146465798504072
1.6858157091530304
1.6858157091530304
2.040223928941852
2.224601752714581
2.0349409139562287
1.9591479170272446
2.1735572622751853
2.1735572622751853
2.125814583693911
1.8322488896002305
1.8230264907128848
1.867633890971212
1.8336056789417416
1.780672129520887
1.8784775129881184
1.950212064914747
1.9591479170272446
2.1307234785678038
2.202819531114783
2.1464657985040723
2.1055872616982603
1.650022421648354
2.0930692077718898
1.8676338909712125
1.4591479170272448
1.3709505944546687
1.7924812503605778
1.950212064914747
2.291620193427939
1.75
1.2516291673878228
2.375
1.5058231002082845
1.792481250360578
1.6858157091530304
1.6858157091530304
1.6858157091530304
1.6858157091530304
1.6858157091530304
1.6858157091530304
1.6858157091530304
1.6858157091530304
1.6858157091530304
1.6858157091530304
1.6858157091530304
1.6858157091530304
1.6858157091530304
1.6858157091530304
1.6858157091530304
1.6858157091530304
1.6858157091530304
1.6858157091530304
1.6858157091530304
1.6858157091530304
1.6858157091530304
1.6858157091530304
1.6858157091530304
1.6858157091530304
1.6858157091530304
1.6858157091530304
1.6858157091530304
1.6858157091530304
1.6858157091530304
1.6858157091530304
1.6858157091530304
1.6858157091530304
1.6858157091530304
1.6858157091530304
1.6858157091530304
1.6858157091530304
1.6858157091530304
1.6858157091530304
1.6858157091530304
1.6858157091530304
1.6858157091530304
1.6858157091530304
1.6858157091530304
1.6858157091530304
1.6858157091530304
1.6858157091530304
1.6858157091530304
1.6858157091530304
1.6858157091530304
1.6858157091530304
1.6858157091530304
1.6858157091530304
1.6858157091530304
1.6858157091530304
1.6858157091530304
1.6858157091530304
1.6858157091530304
1.6858157091530304
1.6858157091530304
1.6858157091530304
1.6858157091530304
1.6858157091530304
1.6858157091530304
1.6858157091530304
1.6858157091530304
1.6858157091530304
1.6858157091530304
1.6858157091530304
1.6858157091530304
1.6858157091530304
1.6858157091530304
1.6858157091530304
1.6858157091530304
1.6858157091530304
1.6858157091530304
1.6858157091530304
1.6858157091530304
1.6858157091530304
1.6858157091530304
1.6858157091530304
1.6858157091530304
1.6858157091530304
1.6858157091530304
1.6858157091530304
1.6858157091530304
1.6858157091530304
1.6858157091530304
1.6858157091530304
1.6858157091530304
1.6858157091530304
1.6858157091530304
1.6858157091530304
1.6858157091530304
1.6858157091530304
1.6858157091530304
1.6858157091530304
1.6858157091530304
1.6858157091530304
1.6858157091530304
1.6858157091530304
1.6858157091530304
1.6858157091530304
1.6858157091530304
1.6858157091530304
1.6858157091530304
1.6858157091530304
1.6858157091530304
1.6858157091530304
1.6858157091530304
1.6858157091530304
1.6858157091530304
1.6858157091530304
1.6858157091530304
1.6858157091530304
1.6858157091530304
1.6858157091530304
1.6858157091530304
1.6858157091530304
1.6858157091530304
1.6858157091530304
1.6858157091530304
1.6858157091530304
1.6858157091530304
1.6858157091530304
1.6858157091530304
1.6858157091530304
1.6858157091530304
1.6858157091530304
1.6858157091530304
1.6858157091530304
1.6858157091530304
1.6858157091530304
1.6858157091530304
1.6858157091530304
1.6858157091530304
1.6858157091530304
1.6858157091530304
1.6858157091530304
1.6858157091530304
1.6858157091530304
1.6858157091530304
1.6858157091530304
1.6858157091530304
1.6858157091530304
1.6858157091530304
1.6858157091530304
1.6858157091530304
1.6858157091530304
1.6858157091530304
1.6858157091530304
1.6858157091530304
1.6858157091530304
1.6858157091530304
1.6858157091530304
1.6858157091530304
1.6858157091530304
1.6858157091530304
1.6858157091530304
1.6858157091530304
1.6858157091530304
1.6858157091530304
1.6858157091530304
1.6858157091530304
1.6858157091530304
1.6858157091530304
1.6858157091530304
1.6858157091530304
1.6858157091530304
1.6858157091530304
1.6858157091530304
1.6858157091530304
1.6858157091530304
1.6858157091530304
1.6858157091530304
1.6858157091530304
1.6858157091530304
1.6858157091530304
1.6858157091530304
1.6858157091530304
1.6858157091530304
1.6858157091530304
1.6858157091530304
1.6858157091530304
1.6858157091530304
1.6858157091530304
1.6858157091530304
1.6858157091530304
1.6858157091530304
1.6858157091530304
1.6858157091530304
1.6858157091530304
1.6858157091530304
1.6858157091530304
1.6858157091530304
1.6858157091530304
1.6858157091530304
1.6858157091530304
1.6858157091530304
1.6858157091530304
1.6858157091530304
1.6858157091530304
1.6858157091530304
1.6858157091530304
1.6858157091530304
1.6858157091530304
1.6858157091530304
1.6858157091530304
1.6858157091530304
1.6858157091530304
1.6858157091530304
1.6858157091530304
1.6858157091530304
1.6858157091530304
1.6858157091530304
1.6858157091530304
1.6858157091530304
1.6858157091530304
1.6858157091530304
1.6858157091530304
1.6858157091530304
1.6858157091530304
1.6858157091530304
1.6858157091530304
1.6858157091530304
1.6858157091530304
1.6858157091530304
1.6858157091530304
1.6858157091530304
1.6858157091530304
1.6858157091530304
1.6858157091530304
1.6858157091530304
1.6858157091530304
1.6858157091530304
1.6858157091530304
1.6858157091530304
1.6858157091530304
1.6858157091530304
1.6858157091530304
1.6858157091530304
1.6858157091530304
1.6858157091530304
1.6858157091530304
1.6858157091530304
1.6858157091530304
1.6858157091530304
1.6858157091530304
1.6858157091530304
1.6858157091530304
1.6858157091530304
1.6858157091530304
1.6858157091530304
1.6858157091530304
1.6858157091530304
1.6858157091530304
1.6858157091530304
1.6858157091530304
1.6858157091530304
1.6858157091530304
1.6858157091530304
1.6858157091530304
1.6858157091530304
1.6858157091530304
1.6858157091530304
1.6858157091530304
1.6858157091530304
1.6858157091530304
1.6858157091530304
1.6858157091530304
1.6858157091530304
1.6858157091530304
1.6858157091530304
1.6858157091530304
1.6858157091530304
1.6858157091530304
1.6858157091530304
1.6858157091530304
1.6858157091530304
1.6858157091530304
1.6858157091530304
1.6858157091530304
1.6858157091530304
1.6858157091530304
1.6858157091530304
1.6858157091530304
1.6858157091530304
1.6858157091530304
1.6858157091530304
1.6858157091530304
1.6858157091530304
1.6858157091530304
1.6858157091530304
1.6858157091530304
1.6858157091530304
1.6858157091530304
1.6858157091530304
1.6858157091530304
1.6858157091530304
1.6858157091530304
1.6858157091530304
1.6858157091530304
1.6858157091530304
1.6858157091530304
1.6858157091530304
1.6858157091530304
1.6858157091530304
1.6858157091530304
1.6858157091530304
1.6858157091530304
1.6858157091530304
1.6858157091530304
1.6858157091530304
1.6858157091530304
1.6858157091530304
1.6858157091530304
1.6858157091530304
1.6858157091530304
1.6858157091530304
1.6858157091530304
1.6858157091530304
1.6858157091530304
1.6858157091530304
1.6858157091530304
1.6858157091530304
1.6858157091530304
1.6858157091530304
1.6858157091530304
1.6858157091530304
1.6858157091530304
1.6858157091530304
1.6858157091530304
1.6858157091530304
1.6858157091530304
1.6858157091530304
1.6858157091530304
1.6858157091530304
1.6858157091530304
1.6858157091530304
1.6858157091530304
1.6858157091530304
1.6858157091530304
1.6858157091530304
1.6858157091530304
1.6858157091530304
1.6858157091530304
1.6858157091530304
1.6858157091530304
1.6858157091530304
1.6858157091530304
1.6858157091530304
1.6858157091530304
1.6858157091530304
1.6858157091530304
1.6858157091530304
1.6858157091530304
1.6858157091530304
1.6858157091530304
1.6858157091530304
1.6858157091530304
1.6858157091530304
1.6858157091530304
2.125814583693911
1.6644977792004614
1.8676338909712125
2.125814583693911
2.2556468993981844
1.896240625180289
2.0349409139562287
2.0349409139562287
1.4488156357251847
1.6858157091530304
1.8676338909712125
1.8676338909712125
1.5487949406953985
1.8676338909712125
1.9447167900528528
1.8676338909712125
2.125814583693911
1.896240625180289
2.0349409139562287
1.8676338909712125
1.7924812503605778
1.4056390622295665
1.8676338909712125
1.7381493331928664
1.856564762130954
1.617189572592715
1.867633890971212
1.7295739585136223
2.353533948577482
1.8423709931771086
1.896240625180289
1.6644977792004614
2.133387491316597
2.1416195253341384
1.8676338909712125
1.6258145836939115
1.6171895725927152
1.6858157091530304
2.199687794731328
2.224601752714581
2.2194935020012836
2.216917186688699
1.9447167900528528
1.867633890971212
2.128085278891394
1.384431504340598
2.5875282962354182
1.676737030052133
1.7924812503605778
1.780672129520887
2.521782221599798
1.8676338909712125
1.8423709931771086
2.024726036394697
2.3650623812953038
1.9591479170272446
1.8676338909712125
1.6858157091530304
1.9182084341546168
1.790492223970158
1.676737030052133
2.278351811711312
2.279799131837405
1.8676338909712125
1.5754482571996165
1.2987949406953985
1.7633584292311082
2.00633093059618
1.7924812503605778
2.125814583693911
1.867633890971212
1.8676338909712125
1.9332062193464952
1.780672129520887
2.05632607578088
1.8230264907128848
2.25
1.8676338909712125
1.8702538164316223
2.0349409139562287
1.7924812503605778
1.683240358011977
1.8895782867502309
1.751629167387823
2.1297103865932474
1.8676338909712125
1.9732285161344474
1.941645521915528
1.941645521915528
1.941645521915528
1.842631060459289
1.842631060459289
1.941645521915528
1.941645521915528
1.941645521915528
1.842631060459289
1.842631060459289
1.941645521915528
1.941645521915528
1.941645521915528
1.840347116419752
1.976629801484798
1.9898980954642875
2.061423239400896
2.202819531114783
1.4299111709758698
1.9591479170272446
1.792481250360578
1.2516291673878228
1.8676338909712125
1.914341183612352
1.760495029766198
1.626688849701832
1.5487949406953985
1.9948414446449676
1.8676338909712125
1.8676338909712125
2.4782321974138597
2.183754831923921
2.1581047637021826
1.8676338909712125
1.9898980954642875
2.034572365811466
2.139835523706203
1.8676338909712125
1.6858157091530304
1.9898980954642875
1.8394857449430362
2.146465798504072
1.6729330318733675
1.9898980954642875
1.676737030052133
1.896240625180289
2.25
1.8389205950315937
1.8423709931771086
2.0634582986483037
1.9473387961875537
1.9948414446449676
2.1295679874183233
1.4591479170272448
1.6171895725927152
1.8676338909712125
1.675822057576696
1.5665095065529056
1.8676338909712125
2.0349409139562287
1.950212064914747
1.7381493331928661
1.8676338909712125
1.5487949406953985
1.896240625180289
2.199687794731328
1.780672129520887
2.33012496531497
1.584962500721156
2.125814583693911
1.9473387961875537
1.8676338909712125
1.887351814444994
2.091917186688699
2.091917186688699
2.0157404324930677
1.4466166676282082
2.077819531114783
2.1464657985040723
2.078491674029184
2.0349409139562287
1.573402452417767
2.13831831092668
2.262692390839622
1.6171895725927152
1.7381493331928664
1.6858157091530304
1.676737030052133
1.7055965713477912
1.4591479170272446
1.7924812503605778
1.8230264907128848
1.8676338909712125
1.676737030052133
1.8676338909712125
1.6644977792004614
1.8895782867502309
1.8676338909712125
1.8210319581338212
2.077819531114783
1.4911148500551858
1.950212064914747
1.9591479170272446
1.5709505944546687
2.199687794731328
1.822815600352516
1.8676338909712125
2.744732287708804
2.1735572622751858
1.6767370300521325
1.7841591278514217
2.061423239400896
2.0349409139562287
2.125814583693911
1.780672129520887
1.3787834934861753
1.7924812503605778
1.8676338909712125
1.8676338909712125
1.4591479170272448
2.133387491316597
1.584962500721156
1.8810947601100745
1.3787834934861753
2.1735572622751853
1.8676338909712125
1.584962500721156
1.2466379719429912
2.0930692077718898
1.8676338909712125
1.8676338909712125
2.279799131837405
1.6729330318733675
1.867633890971212
1.6171895725927152
1.8751458114455384
1.626688849701832
1.780672129520887
1.9399824743635556
1.8676338909712125
1.8676338909712125
1.3787834934861753
1.4591479170272446
1.780672129520887
2.0930692077718898
1.914341183612352
1.9400726873486538
1.9123508077539726
1.8676338909712125
1.6767370300521325
1.4591479170272448
1.7147202632688487
2.353533948577482
1.867633890971212
1.4353713907745331
1.7534343861887849
2.1967916319816365
1.7924812503605778
1.8919954870390203
1.8676338909712125
1.9237949406953985
1.8676338909712125
1.9399824743635556
1.9386790169573507
1.8230264907128848
1.7570068998084025
2.033515747578792
1.991076059838222
1.4591479170272446
2.125814583693911
1.9877733714879842
1.7924812503605778
1.8676338909712125
2.098579861712074
1.4591479170272448
1.9877733714879842
2.2208171648617894
1.4833557549816874
1.5783898247235197
1.8716022614097982
2.375
1.978808694623065
2.0648592599619713
1.7514797776402853
1.8282344370732122
1.8546890001763974
1.8546890001763974
1.9766298014847978
1.9766298014847978
1.8282344370732122
1.8546890001763974
1.8546890001763974
1.9766298014847978
1.9766298014847978
1.8282344370732122
1.738616399317436
1.7232314287976207
1.9732285161344474
1.8676338909712125
1.8676338909712125
2.1297103865932474
2.0464393446710156
1.676737030052133
2.440404017720928
1.792481250360578
2.146465798504072
1.5760875253642985
2.133387491316597
2.0558279011639637
1.7924812503605778
1.8676338909712125
1.7924812503605778
1.7272486062639203
1.7924812503605778
1.4591479170272446
1.8230264907128848
1.6644977792004614
1.8676338909712125
1.4591479170272446
1.7004397181410922
1.7419158534223445
2.146465798504072
1.8676338909712125
1.4488156357251847
2.146465798504072
1.7841591278514217
1.7924812503605778
2.077819531114783
1.4591479170272446
1.4949188482339508
1.5510981710072647
1.792481250360578
1.9669171866886992
1.8702538164316223
2.359879028736861
1.7924812503605778
2.011920928594794
1.949137865273585
2.1735572622751853
1.8676338909712125
1.4591479170272446
2.125814583693911
1.7924812503605778
1.75
1.867633890971212
1.8389205950315937
1.6729330318733675
1.6644977792004614
1.4591479170272448
1.9508257945180885
1.780672129520887
1.3787834934861753
1.2516291673878228
1.914341183612352
1.7534343861887849
1.9948414446449678
1.8810947601100747
1.4604846813131116
1.6691803368667308
2.040223928941852
1.5487949406953985
1.1488348542809166
1.4591479170272446
1.676737030052133
1.8454629725233305
1.8751310486364097
1.780672129520887
1.8919954870390203
2.091917186688699
2.028343279757114
1.8676338909712125
1.792481250360578
1.950212064914747
1.6858157091530304
1.4604846813131116
1.8230264907128848
1.3787834934861753
1.6644977792004614
1.8676338909712125
2.1179631753145163
1.5143029514736248
1.991076059838222
1.950212064914747
1.8810947601100747
2.1735572622751858
1.4591479170272448
1.676737030052133
1.5487949406953985
1.6729330318733675
1.6858157091530304
1.7464353842388933
1.8676338909712125
2.0461796919474975
1.6171895725927152
1.8230264907128848
2.2608203181716595
1.867633890971212
1.7924812503605778
1.7004397181410922
1.8676338909712125
2.040223928941852
1.6858157091530304
1.6858157091530304
1.867633890971212
1.8676338909712125
1.5435644431995963
2.270942421748537
2.2608203181716595
2.1739731346044096
1.3752793655393791
2.1416195253341384
2.262692390839622
1.0377724203178629
1.608700165519891
1.4591479170272446
2.0558279011639637
2.074164743022575
1.5510981710072647
2.216917186688699
2.102187170949333
1.867633890971212
2.1179631753145163
1.780672129520887
1.9502120649147467
1.4056390622295665
1.867633890971212
1.8536882264834516
1.9591479170272446
2.2608203181716595
1.8212764279322335
2.4137995646056805
1.8024212838293647
1.7924812503605778
1.6858157091530304
1.6737949406953985
2.0349409139562287
1.9669171866886992
1.4591479170272448
1.8676338909712125
1.6858157091530304
2.322756958897399
2.199687794731328
1.8423709931771086
1.6493974703476992
1.465790469338445
1.7295739585136223
1.7295739585136223
1.6171895725927152
1.956086338633955
1.9990298316961876
1.6171895725927152
1.8676338909712125
1.2516291673878228
1.8676338909712125
2.146465798504072
1.6171895725927152
2.0062578944388543
1.8676338909712125
1.5510981710072647
1.6858157091530304
1.9877733714879842
1.6679511971986447
1.8810947601100747
1.7924812503605778
1.6858157091530304
1.867633890971212
1.8751310486364097
2.05632607578088
1.5487949406953985
1.9473387961875537
2.09098996700847
1.6691803368667308
2.011920928594794
1.792481250360578
1.6644977792004614
2.2608203181716595
2.1179631753145163
2.33012496531497
1.6729330318733675
1.7924812503605778
2.049954741862505
1.9091717851902883
1.950212064914747
2.199687794731328
1.8676338909712125
1.9591479170272446
1.8676338909712125
1.676737030052133
2.1464657985040723
1.780672129520887
2.125814583693911
1.8676338909712125
1.8419171866886992
1.8676338909712125
2.0602489763846963
2.10973793212989
1.8676338909712125
1.4591479170272446
1.8942738697712644
1.8423709931771086
1.8676338909712125
1.7758589482446405
1.867633890971212
1.8423709931771086
1.9197367178034825
1.9508257945180885
1.2516291673878228
2.125814583693911
1.8676338909712125
1.8763576394898522
1.5744174271404585
1.8676338909712125
1.9332062193464952
2.1018301451899477
2.0809805541987196
2.1416195253341384
2.0814963295286755
1.7492184835974092
1.9473387961875537
2.2381430957214983
1.792481250360578
1.8676338909712125
2.125814583693911
1.8895782867502309
2.1735572622751853
2.064042639445697
1.676737030052133
1.6644977792004614
2.1967916319816365
2.044373959411271
2.1179631753145163
1.896240625180289
1.6171895725927152
1.8676338909712125
1.573402452417767
1.8676338909712125
1.7273966735744795
1.6729330318733675
1.822815600352516
1.5262349099495225
1.9751060324573733
2.1311229704790553
1.9143029514736247
1.676737030052133
2.797902689682947
1.914341183612352
1.8676338909712125
2.1311229704790557
2.036929658423764
2.260820318171659
2.125
1.75
1.6644977792004614
1.780672129520887
1.640223928941852
1.8676338909712125
2.0349409139562287
2.0634582986483037
1.9197367178034825
1.7177602521413333
1.8810947601100747
1.8676338909712125
1.60862407245211
1.5262349099495225
1.584962500721156
1.6854752972273344
1.6644977792004614
1.6858157091530304
1.8676338909712125
1.964153476542004
1.9197367178034825
1.8542858719872461
2.019973094021975
1.8676338909712125
1.6858157091530304
2.349601752714581
2.098579861712074
1.9591479170272446
2.1967916319816365
1.4591479170272446
2.1179631753145163
2.0349409139562287
1.9669171866886992
1.7924812503605778
1.9447167900528528
1.8885105964272468
2.102187170949333
2.064042639445697
1.8676338909712125
1.867633890971212
1.8895782867502309
1.7381493331928664
1.4949188482339508
1.6171895725927152
2.125814583693911
1.7799500009615414
1.8676338909712125
2.1735572622751853
1.8676338909712125
1.936278124459133
1.6729330318733675
1.6858157091530304
1.3787834934861753
2.0989295636909353
2.011920928594794
1.8676338909712125
1.6729330318733675
1.6171895725927152
1.9986525468781666
2.33012496531497
1.780672129520887
1.8676338909712125
1.6858157091530304
1.8676338909712125
1.7273966735744795
1.683240358011977
1.983740670882855
1.6577427265048887
1.8676338909712125
1.766175210922488
2.4137995646056805
1.8024212838293647
2.2516291673878226
1.9497333182688428
1.8676338909712125
1.6171895725927152
1.676737030052133
1.664497779200461
1.676737030052133
1.856564762130954
1.8230264907128848
1.6893917467430877
2.1887870678023824
2.463458298648303
1.6171895725927152
1.3567796494470397
1.8676338909712125
1.7924812503605778
1.7273966735744795
2.1837548319239213
1.6858157091530304
1.8676338909712125
1.950212064914747
1.4591479170272448
1.8676338909712125
2.472905595320056
1.792481250360578
1.8676338909712125
2.040223928941852
1.889578286750231
1.7695459925589747
1.8676338909712125
2.0349409139562287
1.8230264907128848
1.4591479170272446
2.0119209285947934
2.1179631753145163
1.8676338909712125
1.9268680175017443
1.7758589482446405
2.260820318171659
1.9068905956085187
1.8542858719872461
1.9473387961875537
1.8253942860148422
1.5
1.2516291673878228
2.2132982820604443
1.8810947601100745
1.8676338909712125
2.1464657985040723
2.278351811711312
2.764319835899539
2.040223928941852
1.856564762130954
1.8676338909712125
2.125814583693911
1.6457113704075788
2.199687794731328
1.4591479170272446
1.780672129520887
2.547601311512057
1.6858157091530304
2.077819531114783
1.7381493331928661
1.8810947601100747
1.4591479170272446
2.216917186688699
2.472905595320056
1.8991192140315345
2.3496280270309744
1.7924812503605778
2.25
1.8676338909712125
1.9591479170272446
2.021782221599798
1.8676338909712125
1.8676338909712125
1.7924812503605778
1.6858157091530304
1.8919954870390203
2.322756958897399
1.6577427265048887
1.6171895725927152
1.8676338909712125
2.1464657985040723
1.6644977792004614
1.9877733714879842
1.4056390622295665
2.125814583693911
1.792481250360578
1.8336056789417416
1.6729330318733675
1.6644977792004614
1.950212064914747
1.8310797591361774
1.9669171866886992
1.780672129520887
1.867633890971212
2.0157404324930677
2.059721832409614
2.064042639445697
2.25
2.1393538721672005
1.6577427265048887
1.867633890971212
1.8676338909712125
1.8676338909712125
1.8676338909712125
1.8676338909712125
1.9591479170272446
1.9192407046368487
1.867633890971212
1.8676338909712125
1.8676338909712125
1.75
2.218952527628858
1.8919954870390203
1.4949188482339508
1.8676338909712125
1.9751060324573735
1.785207088504489
2.125814583693911
1.7295739585136223
1.8676338909712125
1.8676338909712125
1.8676338909712125
2.064042639445697
1.879964948727111
2.125814583693911
2.1179631753145163
2.077819531114783
1.4591479170272446
2.022579761842491
1.617189572592715
2.1607047528877827
1.8676338909712125
1.9301249653149701
2.146782221599798
1.7295739585136223
1.75
1.867633890971212
1.7381493331928664
1.8676338909712125
2.1464657985040723
1.9473387961875537
1.8810947601100747
1.2516291673878228
1.8676338909712125
1.617189572592715
1.9591479170272446
2.064042639445697
2.040223928941852
1.8073549220576042
1.6858157091530304
1.6644977792004614
2.0
1.650022421648354
1.9508257945180885
1.4591479170272448
2.1416195253341384
1.600717565310852
1.6758220575766962
1.6691803368667308
1.8240460500219924
1.6858157091530304
1.8676338909712125
1.867633890971212
1.5487949406953985
2.0349409139562287
1.6858157091530304
2.1405180562767114
1.8676338909712125
1.896240625180289
1.8676338909712125
1.8676338909712125
1.9591479170272446
1.3609640474436813
1.8676338909712125
1.676737030052133
1.7233083338141042
2.146465798504072
2.125
1.7448425317532439
1.792481250360578
2.2608203181716595
1.8676338909712125
2.1887870678023824
2.0321285252393406
1.9852281360342514
1.4056390622295665
1.9254106352407234
2.359879028736861
1.9751060324573735
1.8016767850079791
1.4488156357251847
1.840545648629973
2.1735572622751853
1.8676338909712125
2.064042639445697
1.8676338909712125
1.7534343861887849
1.7924812503605778
1.8542858719872461
1.683178379400694
1.7732143550933817
1.6336760001208916
1.8810947601100745
1.4591479170272448
1.9473387961875537
1.9447167900528528
1.9102699414555262
1.896240625180289
1.792481250360578
2.077819531114783
1.8810947601100747
2.128085278891394
1.8423709931771086
2.0564475454911744
1.6644977792004614
1.796217602590056
1.8995440036166835
2.125814583693911
2.1179631753145163
1.8423709931771086
1.6171895725927152
1.867633890971212
1.8676338909712125
2.521782221599798
1.8676338909712125
1.6858157091530304
1.9751060324573733
1.5713394973607078
1.867633890971212
1.676737030052133
1.8676338909712125
1.4353713907745331
1.8676338909712125
2.463458298648303
1.6691803368667308
1.8676338909712125
1.9797218324096137
1.8676338909712125
2.00633093059618
1.9808259362290788
1.8498687225851778
2.224601752714581
1.7743974703476992
1.9591479170272446
1.8565647621309542
1.8751310486364097
1.3752793655393791
1.8676338909712125
1.3787834934861753
1.8423709931771086
1.792481250360578
1.8676338909712125
1.9901465684806225
2.291620193427939
1.9473387961875537
1.6644977792004614
1.6858157091530304
2.289246428509158
1.6858157091530304
1.6858157091530304
1.6858157091530304
1.6858157091530304
1.6858157091530304
1.6858157091530304
1.6858157091530304
1.6858157091530304
1.6858157091530304
1.6858157091530304
1.6858157091530304
1.6858157091530304
1.6858157091530304
1.6858157091530304
1.6858157091530304
1.6858157091530304
1.6858157091530304
1.6858157091530304
1.6858157091530304
1.6858157091530304
1.6858157091530304
1.6858157091530304
1.6858157091530304
1.6858157091530304
1.6858157091530304
1.6858157091530304
1.6858157091530304
1.6858157091530304
1.6858157091530304
1.6858157091530304
1.6858157091530304
1.6858157091530304
1.6858157091530304
1.6858157091530304
1.6858157091530304
1.6858157091530304
1.6858157091530304
1.6858157091530304
1.6858157091530304
1.6858157091530304
1.6858157091530304
1.6858157091530304
1.6858157091530304
1.6858157091530304
1.6858157091530304
1.6858157091530304
1.6858157091530304
1.6858157091530304
1.6858157091530304
1.6858157091530304
1.6858157091530304
1.6858157091530304
1.6858157091530304
1.6858157091530304
1.6858157091530304
1.6858157091530304
1.6858157091530304
1.6858157091530304
1.6858157091530304
1.6858157091530304
1.867633890971212
1.6858157091530304
1.6858157091530304
1.6858157091530304
1.6858157091530304
1.6858157091530304
1.6858157091530304
1.6858157091530304
1.6858157091530304
1.6858157091530304
1.6858157091530304
1.6858157091530304
1.6858157091530304
1.6858157091530304
1.6858157091530304
1.6858157091530304
1.6858157091530304
1.6858157091530304
1.6858157091530304
1.6858157091530304
1.6858157091530304
1.6858157091530304
1.6858157091530304
1.6858157091530304
1.6858157091530304
1.6858157091530304
1.6858157091530304
1.6858157091530304
1.6858157091530304
1.6858157091530304
1.6858157091530304
1.6858157091530304
1.6858157091530304
1.6858157091530304
1.6858157091530304
1.6858157091530304
1.6858157091530304
1.6858157091530304
1.6858157091530304
1.6858157091530304
1.6858157091530304
1.6858157091530304
1.6858157091530304
1.6858157091530304
1.6858157091530304
1.6858157091530304
1.6858157091530304
1.6858157091530304
1.6858157091530304
1.6858157091530304
1.6858157091530304
1.6858157091530304
1.6858157091530304
1.6858157091530304
1.6858157091530304
1.6858157091530304
1.6858157091530304
1.6858157091530304
1.6858157091530304
1.6858157091530304
1.6858157091530304
1.6858157091530304
1.6858157091530304
1.6858157091530304
1.6858157091530304
1.6858157091530304
1.6858157091530304
1.6858157091530304
1.6858157091530304
1.6858157091530304
1.6858157091530304
1.6858157091530304
1.6858157091530304
1.6858157091530304
1.6858157091530304
1.6858157091530304
1.6858157091530304
1.6858157091530304
1.6858157091530304
1.6858157091530304
1.6858157091530304
1.6858157091530304
1.6858157091530304
1.6858157091530304
1.6858157091530304
1.6858157091530304
1.6858157091530304
1.6858157091530304
1.6858157091530304
1.6858157091530304
1.6858157091530304
1.6858157091530304
1.6858157091530304
1.6858157091530304
1.6858157091530304
1.6858157091530304
1.6858157091530304
1.6858157091530304
1.6858157091530304
1.6858157091530304
1.6858157091530304
1.6858157091530304
1.6858157091530304
1.6858157091530304
1.6858157091530304
1.6858157091530304
1.6858157091530304
1.6858157091530304
1.6858157091530304
1.6858157091530304
1.6858157091530304
1.6858157091530304
1.6858157091530304
1.6858157091530304
1.6858157091530304
1.6858157091530304
1.6858157091530304
1.6858157091530304
1.6858157091530304
1.6858157091530304
1.6858157091530304
1.6858157091530304
1.6858157091530304
1.6858157091530304
1.6858157091530304
1.6858157091530304
1.6858157091530304
1.6858157091530304
1.6858157091530304
1.6858157091530304
1.6858157091530304
1.6858157091530304
1.6858157091530304
1.6858157091530304
1.6858157091530304
1.6858157091530304
1.6858157091530304
1.6858157091530304
1.6858157091530304
1.6858157091530304
1.6858157091530304
1.6858157091530304
1.6858157091530304
1.6858157091530304
1.6858157091530304
1.6858157091530304
1.6858157091530304
1.6858157091530304
1.6858157091530304
1.6858157091530304
1.6858157091530304
1.6858157091530304
1.6858157091530304
1.6858157091530304
1.6858157091530304
1.6858157091530304
1.6858157091530304
1.6858157091530304
1.6858157091530304
1.6858157091530304
1.6858157091530304
1.6858157091530304
1.6858157091530304
1.6858157091530304
1.6858157091530304
1.6858157091530304
1.6858157091530304
1.6858157091530304
1.6858157091530304
1.6858157091530304
1.6858157091530304
1.6858157091530304
1.6858157091530304
1.6858157091530304
1.6858157091530304
1.6858157091530304
1.6858157091530304
1.6858157091530304
1.6858157091530304
1.6858157091530304
1.6858157091530304
1.8676338909712125
1.6858157091530304
1.6858157091530304
1.6858157091530304
1.6858157091530304
1.6858157091530304
1.6858157091530304
1.6858157091530304
1.6858157091530304
1.6858157091530304
1.6858157091530304
1.6858157091530304
1.6858157091530304
1.6858157091530304
1.6858157091530304
1.6858157091530304
1.6858157091530304
1.6858157091530304
1.6858157091530304
1.6858157091530304
1.6858157091530304
1.6858157091530304
1.6858157091530304
1.6858157091530304
1.6858157091530304
1.6858157091530304
1.6858157091530304
1.6858157091530304
1.6858157091530304
1.6858157091530304
1.6858157091530304
1.6858157091530304
1.6858157091530304
1.6858157091530304
1.6858157091530304
1.6858157091530304
1.6858157091530304
1.6858157091530304
1.6858157091530304
1.6858157091530304
1.6858157091530304
1.6858157091530304
1.6858157091530304
1.6858157091530304
1.6858157091530304
1.6858157091530304
1.6858157091530304
1.6858157091530304
1.6858157091530304
1.6858157091530304
1.6858157091530304
1.6858157091530304
1.6858157091530304
1.6858157091530304
1.6858157091530304
1.6858157091530304
1.6858157091530304
1.6858157091530304
1.6858157091530304
1.6858157091530304
1.6858157091530304
1.8676338909712125
1.6858157091530304
1.6858157091530304
1.6858157091530304
1.6858157091530304
1.6858157091530304
1.6858157091530304
1.6858157091530304
1.6858157091530304
1.6858157091530304
1.6858157091530304
1.6858157091530304
1.6858157091530304
1.6858157091530304
1.6858157091530304
1.6858157091530304
1.6858157091530304
1.6858157091530304
1.6858157091530304
1.6858157091530304
1.6858157091530304
1.6858157091530304
1.6858157091530304
1.6858157091530304
1.6858157091530304
1.6858157091530304
1.6858157091530304
1.6858157091530304
1.6858157091530304
1.6858157091530304
1.6858157091530304
1.6858157091530304
1.6858157091530304
1.6858157091530304
1.6858157091530304
1.6858157091530304
1.6858157091530304
1.6858157091530304
1.6858157091530304
1.6858157091530304
1.6858157091530304
1.6858157091530304
1.6858157091530304
1.6858157091530304
1.6858157091530304
1.6858157091530304
1.6858157091530304
1.6858157091530304
1.6858157091530304
1.6858157091530304
1.6858157091530304
1.6858157091530304
1.6858157091530304
1.6858157091530304
1.6858157091530304
1.6858157091530304
1.6858157091530304
1.6858157091530304
1.6858157091530304
1.6858157091530304
1.6858157091530304
1.6858157091530304
1.6858157091530304
1.6858157091530304
1.6858157091530304
1.6858157091530304
1.6858157091530304
1.6858157091530304
1.6858157091530304
1.6858157091530304
1.6858157091530304
1.6858157091530304
1.6858157091530304
1.6858157091530304
1.6858157091530304
1.6858157091530304
1.6858157091530304
1.6858157091530304
1.6858157091530304
1.6858157091530304
1.6858157091530304
1.6858157091530304
1.6858157091530304
1.6858157091530304
1.6858157091530304
1.6858157091530304
1.6858157091530304
1.6858157091530304
1.6858157091530304
1.6858157091530304
1.6858157091530304
1.6858157091530304
1.6858157091530304
1.6858157091530304
1.6858157091530304
1.6858157091530304
1.6858157091530304
1.6858157091530304
1.6858157091530304
1.6858157091530304
1.6858157091530304
1.6858157091530304
1.6858157091530304
1.6858157091530304
1.6858157091530304
1.6858157091530304
1.6858157091530304
1.6858157091530304
1.6858157091530304
1.6858157091530304
1.6858157091530304
1.6858157091530304
1.6858157091530304
1.6858157091530304
1.6858157091530304
1.6858157091530304
1.6858157091530304
1.6858157091530304
1.6858157091530304
1.6858157091530304
1.6858157091530304
1.6858157091530304
1.6858157091530304
1.6858157091530304
1.6858157091530304
1.6858157091530304
1.6858157091530304
1.6858157091530304
1.6858157091530304
1.6858157091530304
1.6858157091530304
1.6858157091530304
1.6858157091530304
1.6858157091530304
1.6858157091530304
1.6858157091530304
1.6858157091530304
1.6858157091530304
1.6858157091530304
1.6858157091530304
1.6858157091530304
1.6858157091530304
1.6858157091530304
1.6858157091530304
1.6858157091530304
1.6858157091530304
1.6858157091530304
1.6858157091530304
1.6858157091530304
1.6858157091530304
1.6858157091530304
1.6858157091530304
1.6858157091530304
1.6858157091530304
1.6858157091530304
1.6858157091530304
1.6858157091530304
1.6858157091530304
1.6858157091530304
1.6858157091530304
1.6858157091530304
1.6858157091530304
1.6858157091530304
1.6858157091530304
1.6858157091530304
1.6858157091530304
1.6858157091530304
1.6858157091530304
1.6858157091530304
1.6858157091530304
1.6858157091530304
1.6858157091530304
1.6858157091530304
1.6858157091530304
1.6858157091530304
1.6858157091530304
1.6858157091530304
1.6858157091530304
1.6858157091530304
1.6858157091530304
1.6858157091530304
1.6858157091530304
1.6858157091530304
1.6858157091530304
1.6858157091530304
1.6858157091530304
1.6858157091530304
1.6858157091530304
1.6858157091530304
1.6858157091530304
1.6858157091530304
1.6858157091530304
1.6858157091530304
1.6858157091530304
1.6858157091530304
1.6858157091530304
1.6858157091530304
1.6858157091530304
1.6858157091530304
1.6858157091530304
1.6858157091530304
1.6858157091530304
1.6858157091530304
1.6858157091530304
1.6858157091530304
1.6858157091530304
1.6858157091530304
1.6858157091530304
1.6858157091530304
1.6858157091530304
1.6858157091530304
1.6858157091530304
1.6858157091530304
1.6858157091530304
1.6858157091530304
1.6858157091530304
1.6858157091530304
1.6858157091530304
1.6858157091530304
1.6858157091530304
1.6858157091530304
1.6858157091530304
1.6858157091530304
1.6858157091530304
1.6858157091530304
1.6858157091530304
1.6858157091530304
1.6858157091530304
1.6858157091530304
1.6858157091530304
1.6858157091530304
1.6858157091530304
1.6858157091530304
1.6858157091530304
1.6858157091530304
1.6858157091530304
1.6858157091530304
1.6858157091530304
1.6858157091530304
1.6858157091530304
1.6858157091530304
1.8810947601100747
1.867633890971212
1.6858157091530304
1.6858157091530304
1.6858157091530304
1.6858157091530304
1.6858157091530304
1.6858157091530304
1.6858157091530304
1.6858157091530304
1.6858157091530304
1.6858157091530304
1.6858157091530304
1.6858157091530304
1.6858157091530304
1.6858157091530304
1.6858157091530304
1.6858157091530304
1.6858157091530304
1.6858157091530304
1.6858157091530304
1.6858157091530304
1.6858157091530304
1.6858157091530304
1.6858157091530304
1.6858157091530304
1.6858157091530304
1.6858157091530304
1.6858157091530304
1.6858157091530304
1.6858157091530304
1.6858157091530304
1.6858157091530304
1.6858157091530304
1.6858157091530304
1.6858157091530304
1.6858157091530304
1.6858157091530304
1.6858157091530304
1.6858157091530304
1.6858157091530304
1.6858157091530304
1.6858157091530304
1.6858157091530304
1.6858157091530304
1.6858157091530304
1.6858157091530304
1.6858157091530304
1.6858157091530304
1.6858157091530304
1.6858157091530304
1.6858157091530304
1.6858157091530304
1.6858157091530304
1.6858157091530304
1.6858157091530304
1.6858157091530304
1.6858157091530304
1.6858157091530304
1.6858157091530304
1.6858157091530304
1.6858157091530304
1.6858157091530304
1.6858157091530304
1.6858157091530304
1.6858157091530304
1.6858157091530304
1.6858157091530304
1.6858157091530304
1.6858157091530304
1.6858157091530304
1.6858157091530304
1.6858157091530304
1.6858157091530304
1.6858157091530304
1.6858157091530304
1.6858157091530304
1.6858157091530304
1.6858157091530304
1.6858157091530304
1.6858157091530304
1.6858157091530304
1.6858157091530304
1.6858157091530304
1.6858157091530304
1.6858157091530304
1.6858157091530304
1.6858157091530304
1.6858157091530304
1.6858157091530304
1.6858157091530304
1.6858157091530304
1.6858157091530304
1.6858157091530304
1.6858157091530304
1.6858157091530304
1.6858157091530304
1.6858157091530304
1.6858157091530304
1.6858157091530304
1.6858157091530304
1.6858157091530304
1.6858157091530304
1.6858157091530304
1.6858157091530304
1.6858157091530304
1.6858157091530304
1.6858157091530304
1.6858157091530304
1.6858157091530304
1.6858157091530304
1.6858157091530304
1.6858157091530304
1.6858157091530304
1.6858157091530304
1.6858157091530304
1.6858157091530304
1.6858157091530304
1.6858157091530304
1.6858157091530304
1.6858157091530304
1.6858157091530304
1.6858157091530304
1.6858157091530304
1.6858157091530304
1.6858157091530304
1.6858157091530304
1.6858157091530304
1.6858157091530304
1.6858157091530304
1.6858157091530304
1.6858157091530304
1.6858157091530304
1.6858157091530304
1.6858157091530304
1.6858157091530304
1.6858157091530304
1.6858157091530304
1.6858157091530304
1.6858157091530304
1.6858157091530304
1.6858157091530304
1.6858157091530304
1.6858157091530304
1.6858157091530304
1.6858157091530304
1.6858157091530304
1.6858157091530304
1.6858157091530304
1.6858157091530304
1.6858157091530304
1.6858157091530304
1.6858157091530304
1.6858157091530304
1.6858157091530304
1.6858157091530304
1.6858157091530304
1.6858157091530304
1.6858157091530304
1.6858157091530304
1.6858157091530304
1.6858157091530304
1.6858157091530304
1.6858157091530304
1.6858157091530304
1.6858157091530304
1.6858157091530304
1.6858157091530304
1.6858157091530304
1.6858157091530304
1.6858157091530304
1.6858157091530304
1.6858157091530304
1.6858157091530304
1.6858157091530304
1.6858157091530304
1.6858157091530304
1.6858157091530304
1.6858157091530304
1.6858157091530304
1.6858157091530304
1.6858157091530304
1.6858157091530304
1.6858157091530304
1.6858157091530304
1.6858157091530304
1.6858157091530304
1.6858157091530304
1.6858157091530304
1.6858157091530304
1.6858157091530304
1.6858157091530304
1.6858157091530304
1.6858157091530304
1.6858157091530304
1.6858157091530304
1.6858157091530304
1.6858157091530304
1.6858157091530304
1.6858157091530304
1.6858157091530304
1.6858157091530304
1.6858157091530304
1.6858157091530304
1.6858157091530304
1.6858157091530304
1.6858157091530304
1.6858157091530304
1.6858157091530304
1.6858157091530304
1.6858157091530304
1.6858157091530304
1.6858157091530304
1.6858157091530304
1.6858157091530304
1.6858157091530304
1.6858157091530304
1.6858157091530304
1.6858157091530304
1.6858157091530304
1.6858157091530304
1.6858157091530304
1.6858157091530304
1.6858157091530304
1.6858157091530304
1.6858157091530304
1.6858157091530304
1.6858157091530304
1.6858157091530304
1.6858157091530304
1.6858157091530304
1.6858157091530304
1.6858157091530304
1.6858157091530304
1.6858157091530304
1.6858157091530304
1.6858157091530304
1.6858157091530304
1.6858157091530304
1.6858157091530304
1.6858157091530304
1.6858157091530304
1.6858157091530304
1.6858157091530304
1.6858157091530304
1.6858157091530304
1.6858157091530304
1.6858157091530304
1.6858157091530304
1.6858157091530304
1.6858157091530304
1.6858157091530304
1.6858157091530304
1.6858157091530304
1.6858157091530304
1.6858157091530304
1.6858157091530304
1.6858157091530304
1.6858157091530304
1.6858157091530304
1.6858157091530304
1.6858157091530304
1.6858157091530304
1.6858157091530304
1.6858157091530304
1.6858157091530304
1.6858157091530304
1.6858157091530304
1.6858157091530304
1.6858157091530304
1.6858157091530304
1.6858157091530304
1.6858157091530304
1.6858157091530304
1.6858157091530304
1.6858157091530304
1.6858157091530304
1.6858157091530304
1.6858157091530304
1.6858157091530304
1.6858157091530304
1.6858157091530304
1.6858157091530304
1.6858157091530304
1.6858157091530304
1.6858157091530304
1.6858157091530304
1.6858157091530304
1.6858157091530304
1.6858157091530304
1.6858157091530304
1.6858157091530304
1.6858157091530304
1.6858157091530304
1.6858157091530304
1.6858157091530304
1.6858157091530304
1.6858157091530304
1.6858157091530304
1.6858157091530304
1.6858157091530304
1.6858157091530304
1.8676338909712125
1.6858157091530304
1.6858157091530304
1.6858157091530304
1.6858157091530304
1.6858157091530304
1.6858157091530304
1.6858157091530304
1.6858157091530304
1.6858157091530304
1.6858157091530304
1.6858157091530304
1.6858157091530304
1.6858157091530304
1.6858157091530304
1.6858157091530304
1.6858157091530304
1.6858157091530304
1.6858157091530304
1.6858157091530304
1.6858157091530304
1.6858157091530304
1.6858157091530304
1.6858157091530304
1.6858157091530304
1.6858157091530304
1.6858157091530304
1.6858157091530304
1.6858157091530304
1.6858157091530304
1.6858157091530304
1.6858157091530304
1.6858157091530304
1.6858157091530304
1.6858157091530304
1.6858157091530304
1.6858157091530304
1.6858157091530304
1.6858157091530304
1.6858157091530304
1.6858157091530304
1.6858157091530304
1.6858157091530304
1.6858157091530304
1.6858157091530304
1.6858157091530304
1.6858157091530304
1.6858157091530304
1.6858157091530304
1.6858157091530304
1.6858157091530304
1.6858157091530304
1.6858157091530304
1.6858157091530304
1.6858157091530304
1.6858157091530304
1.6858157091530304
1.6858157091530304
1.6858157091530304
1.6858157091530304
1.6858157091530304
1.6143308351592656
1.6258145836939115
1.4949188482339508
2.1232314287976206
1.6858157091530304
2.1903711612984442
1.537295264163429
1.8676338909712125
2.1179631753145163
1.6858157091530304
1.8676338909712125
1.8676338909712125
1.6729330318733675
1.4949188482339508
1.8716022614097982
1.7187828921272557
1.676737030052133
1.676737030052133
1.676737030052133
1.867633890971212
2.125814583693911
1.6171895725927152
1.8676338909712125
1.8419171866886992
1.9473387961875537
2.25
1.9447167900528528
1.6858157091530304
1.9182958340544893
1.6858157091530304
1.780672129520887
1.6140054628542202
2.077819531114783
1.7924812503605778
1.6171895725927152
1.7924812503605778
1.676737030052133
1.8073549220576042
2.1837548319239213
1.4911148500551858
1.8542858719872461
1.9301249653149701
2.125814583693911
1.9591479170272446
1.7987949406953985
1.5744174271404585
1.867633890971212
1.3787834934861753
1.9986525468781666
1.8919954870390203
1.6258145836939115
1.93012496531497
1.9628150414142904
1.6171895725927152
2.1607047528877827
1.8676338909712125
1.867633890971212
1.664497779200461
1.8676338909712125
1.8676338909712125
1.6577427265048887
1.6171895725927152
2.353533948577482
1.8676338909712125
1.8676338909712125
2.2890179898186576
1.6171895725927152
1.6729330318733675
1.9591479170272446
2.125814583693911
1.7924812503605778
1.8210319581338212
2.219240704636849
2.045841640885174
1.8230264907128848
1.676737030052133
1.9211854965885542
1.9948414446449676
1.780672129520887
1.6786412049056307
1.547972308328872
1.7381493331928664
1.7812301732255036
1.384431504340598
1.867633890971212
1.7924812503605778
1.6858157091530304
1.6858157091530304
1.9898980954642875
1.5510981710072647
1.780672129520887
1.8676338909712125
1.9473387961875537
1.870950594454669
1.8389205950315937
1.6644977792004614
1.6644977792004614
1.5487949406953985
1.672955233591743
1.8919954870390203
1.8676338909712125
1.8676338909712125
2.077819531114783
2.1887870678023824
1.8676338909712125
1.896240625180289
1.9958048708805411
1.8676338909712125
2.078491674029184
2.2062389286533897
1.6858157091530304
1.8980933736695382
1.8676338909712125
1.6767370300521325
1.780672129520887
1.8676338909712125
1.8676338909712125
1.676737030052133
1.6457113704075788
1.6922718656836107
1.5487949406953985
1.6644977792004614
1.676737030052133
1.7295739585136223
1.584962500721156
1.7233083338141042
1.5545851693377997
1.75
1.7382689280764645
1.9447167900528528
2.040223928941852
1.4353713907745331
1.6858157091530304
2.1464657985040723
2.2608203181716595
2.0349409139562287
1.676737030052133
1.8676338909712125
2.146782221599798
1.8676338909712125
1.8676338909712125
1.6858157091530304
1.4353713907745331
2.1735572622751853
1.6140054628542202
1.676737030052133
1.8210319581338212
1.9508257945180885
1.8676338909712125
1.867633890971212
1.867633890971212
1.867633890971212
1.867633890971212
1.867633890971212
1.867633890971212
1.867633890971212
1.867633890971212
1.867633890971212
1.867633890971212
1.867633890971212
1.867633890971212
1.867633890971212
1.867633890971212
1.867633890971212
1.867633890971212
1.867633890971212
1.867633890971212
1.867633890971212
1.867633890971212
1.867633890971212
1.867633890971212
1.867633890971212
1.867633890971212
1.867633890971212
1.867633890971212
1.867633890971212
1.867633890971212
1.867633890971212
1.867633890971212
1.867633890971212
1.867633890971212
1.867633890971212
1.867633890971212
1.867633890971212
1.867633890971212
1.867633890971212
1.867633890971212
1.867633890971212
1.867633890971212
1.867633890971212
1.867633890971212
1.867633890971212
1.867633890971212
1.867633890971212
1.867633890971212
1.867633890971212
1.867633890971212
1.867633890971212
1.867633890971212
1.867633890971212
1.867633890971212
1.867633890971212
1.867633890971212
1.867633890971212
1.867633890971212
1.867633890971212
1.867633890971212
1.867633890971212
1.867633890971212
1.6858157091530304
1.6858157091530304
1.6858157091530304
1.6858157091530304
1.6858157091530304
1.6858157091530304
1.6858157091530304
1.6858157091530304
1.6858157091530304
1.6858157091530304
1.6858157091530304
1.6858157091530304
1.6858157091530304
1.6858157091530304
1.6858157091530304
1.6858157091530304
1.6858157091530304
1.6858157091530304
1.867633890971212
1.867633890971212
1.867633890971212
1.867633890971212
1.867633890971212
1.867633890971212
1.867633890971212
1.867633890971212
1.867633890971212
1.867633890971212
1.867633890971212
1.867633890971212
1.6858157091530304
1.6858157091530304
1.6858157091530304
1.6858157091530304
1.6858157091530304
1.6858157091530304
1.6858157091530304
1.6858157091530304
1.6858157091530304
1.6858157091530304
1.6858157091530304
1.6858157091530304
1.6858157091530304
1.6858157091530304
1.6858157091530304
1.6858157091530304
1.6858157091530304
1.6858157091530304
1.867633890971212
1.867633890971212
1.867633890971212
1.867633890971212
1.867633890971212
1.867633890971212
1.867633890971212
1.867633890971212
1.867633890971212
1.867633890971212
1.867633890971212
1.867633890971212
1.6858157091530304
1.6858157091530304
1.6858157091530304
1.6858157091530304
1.6858157091530304
1.6858157091530304
1.6858157091530304
1.6858157091530304
1.6858157091530304
1.6858157091530304
1.6858157091530304
1.6858157091530304
1.6858157091530304
1.6858157091530304
1.6858157091530304
1.6858157091530304
1.6858157091530304
1.6858157091530304
1.867633890971212
1.867633890971212
1.867633890971212
1.867633890971212
1.867633890971212
1.867633890971212
1.867633890971212
1.867633890971212
1.867633890971212
1.867633890971212
1.867633890971212
1.867633890971212
1.867633890971212
1.867633890971212
1.867633890971212
1.867633890971212
1.867633890971212
1.867633890971212
1.867633890971212
1.867633890971212
1.867633890971212
1.867633890971212
1.867633890971212
1.867633890971212
1.867633890971212
1.867633890971212
1.867633890971212
1.867633890971212
1.867633890971212
1.867633890971212
1.867633890971212
1.867633890971212
1.867633890971212
1.867633890971212
1.867633890971212
1.867633890971212
1.867633890971212
1.867633890971212
1.867633890971212
1.867633890971212
1.867633890971212
1.867633890971212
1.867633890971212
1.867633890971212
1.867633890971212
1.867633890971212
1.867633890971212
1.867633890971212
1.6858157091530304
1.6858157091530304
1.6858157091530304
1.6858157091530304
1.6858157091530304
1.6858157091530304
1.6858157091530304
1.6858157091530304
1.6858157091530304
1.6858157091530304
1.6858157091530304
1.6858157091530304
1.6858157091530304
1.6858157091530304
1.6858157091530304
1.6858157091530304
1.6858157091530304
1.6858157091530304
1.867633890971212
1.867633890971212
1.867633890971212
1.867633890971212
1.867633890971212
1.867633890971212
1.867633890971212
1.867633890971212
1.867633890971212
1.867633890971212
1.867633890971212
1.867633890971212
1.6858157091530304
1.6858157091530304
1.6858157091530304
1.6858157091530304
1.6858157091530304
1.6858157091530304
1.6858157091530304
1.6858157091530304
1.6858157091530304
1.6858157091530304
1.6858157091530304
1.6858157091530304
1.6858157091530304
1.6858157091530304
1.6858157091530304
1.6858157091530304
1.6858157091530304
1.6858157091530304
1.6858157091530304
1.6858157091530304
1.6858157091530304
1.6858157091530304
1.6858157091530304
1.6858157091530304
1.6858157091530304
1.6858157091530304
1.6858157091530304
1.6858157091530304
1.6858157091530304
1.6858157091530304
1.6858157091530304
1.6858157091530304
1.6858157091530304
1.6858157091530304
1.6858157091530304
1.6858157091530304
1.6858157091530304
1.6858157091530304
1.6858157091530304
1.6858157091530304
1.6858157091530304
1.6858157091530304
1.6858157091530304
1.6858157091530304
1.6858157091530304
1.6858157091530304
1.6858157091530304
1.6858157091530304
1.6858157091530304
1.6858157091530304
1.6858157091530304
1.6858157091530304
1.6858157091530304
1.6858157091530304
1.6858157091530304
1.6858157091530304
1.6858157091530304
1.6858157091530304
1.6858157091530304
1.6858157091530304
1.6858157091530304
1.6858157091530304
1.6858157091530304
1.6858157091530304
1.6858157091530304
1.6858157091530304
1.6858157091530304
1.6858157091530304
1.6858157091530304
1.6858157091530304
1.6858157091530304
1.6858157091530304
1.6858157091530304
1.6858157091530304
1.6858157091530304
1.6858157091530304
1.6858157091530304
1.6858157091530304
1.6858157091530304
1.6858157091530304
1.6858157091530304
1.6858157091530304
1.6858157091530304
1.6858157091530304
1.6858157091530304
1.6858157091530304
1.6858157091530304
1.6858157091530304
1.6858157091530304
1.6858157091530304
1.867633890971212
1.6858157091530304
1.6858157091530304
1.6858157091530304
1.6858157091530304
1.6858157091530304
1.6858157091530304
1.6858157091530304
1.6858157091530304
1.6858157091530304
1.6858157091530304
1.6858157091530304
1.6858157091530304
1.6858157091530304
1.6858157091530304
1.6858157091530304
1.6858157091530304
1.6858157091530304
1.6858157091530304
1.6858157091530304
1.6858157091530304
1.6858157091530304
1.6858157091530304
1.6858157091530304
1.6858157091530304
1.6858157091530304
1.6858157091530304
1.6858157091530304
1.6858157091530304
1.6858157091530304
1.6858157091530304
1.6858157091530304
1.6858157091530304
1.6858157091530304
1.6858157091530304
1.6858157091530304
1.6858157091530304
1.6858157091530304
1.6858157091530304
1.6858157091530304
1.6858157091530304
1.6858157091530304
1.6858157091530304
1.6858157091530304
1.6858157091530304
1.6858157091530304
1.6858157091530304
1.6858157091530304
1.6858157091530304
1.6858157091530304
1.6858157091530304
1.6858157091530304
1.6858157091530304
1.6858157091530304
1.6858157091530304
1.8810947601100747
1.867633890971212
1.6858157091530304
1.6858157091530304
1.6858157091530304
1.6858157091530304
1.6858157091530304
1.6858157091530304
1.6858157091530304
1.6858157091530304
1.6858157091530304
1.6858157091530304
1.6858157091530304
1.6858157091530304
1.6858157091530304
1.6858157091530304
1.6858157091530304
1.6858157091530304
1.6858157091530304
1.6858157091530304
1.8676338909712125
1.6858157091530304
1.6858157091530304
1.6858157091530304
1.6858157091530304
1.6858157091530304
1.6858157091530304
1.6858157091530304
1.6858157091530304
1.6858157091530304
1.6858157091530304
1.6858157091530304
1.6858157091530304
1.6858157091530304
1.6858157091530304
1.6858157091530304
1.6858157091530304
1.6858157091530304
1.6858157091530304
1.6858157091530304
1.6858157091530304
1.6858157091530304
1.6858157091530304
1.6858157091530304
1.6858157091530304
1.6858157091530304
1.6858157091530304
1.6858157091530304
1.6858157091530304
1.6858157091530304
1.6858157091530304
1.6858157091530304
1.6858157091530304
1.6858157091530304
1.6858157091530304
1.6858157091530304
1.6858157091530304
1.6858157091530304
1.6858157091530304
1.6858157091530304
1.6858157091530304
1.6858157091530304
1.6858157091530304
1.6858157091530304
1.6858157091530304
1.6858157091530304
1.6858157091530304
1.6858157091530304
1.6858157091530304
1.6858157091530304
1.6858157091530304
1.6858157091530304
1.6858157091530304
1.6858157091530304
1.6858157091530304
1.6858157091530304
1.6858157091530304
1.6858157091530304
1.6858157091530304
1.6858157091530304
1.6858157091530304
1.6858157091530304
1.6858157091530304
1.6858157091530304
1.6858157091530304
1.6858157091530304
1.6858157091530304
1.6858157091530304
1.6858157091530304
1.6858157091530304
1.6858157091530304
1.6858157091530304
1.6858157091530304
1.6858157091530304
1.6858157091530304
1.6858157091530304
1.6858157091530304
1.6858157091530304
1.6858157091530304
1.6858157091530304
1.6858157091530304
1.6858157091530304
1.6858157091530304
1.6858157091530304
1.6858157091530304
1.6858157091530304
1.6858157091530304
1.6858157091530304
1.6858157091530304
1.6858157091530304
1.6858157091530304
1.6858157091530304
1.6258145836939115
2.125814583693911
1.8895782867502309
2.1837548319239213
2.1179631753145163
1.871602261409798
2.199687794731328
2.0349409139562287
2.119240704636849
2.279799131837405
1.9877733714879842
1.9591479170272446
1.6767370300521325
1.7349318561521045
1.8676338909712125
1.2516291673878228
2.2608203181716595
1.8810947601100747
2.0602489763846963
1.6858157091530304
2.125814583693911
1.780672129520887
1.867633890971212
2.0784916740291846
2.1416195253341384
2.125814583693911
1.8676338909712125
1.6258145836939115
2.1464657985040723
1.6858157091530304
1.8676338909712125
1.6171895725927152
1.93012496531497
1.7924812503605778
1.6767370300521325
1.9591479170272446
1.896240625180289
1.4949188482339508
2.1739731346044096
2.199687794731328
2.2608203181716595
2.353533948577482
2.1967916319816365
1.4056390622295665
1.676737030052133
2.125814583693911
1.8230264907128848
1.2516291673878228
1.7924812503605778
1.5744174271404585
2.008805622540176
1.9473387961875537
1.896240625180289
1.867633890971212
1.7841591278514217
1.867633890971212
1.6171895725927152
1.6171895725927152
1.6171895725927152
1.6171895725927152
1.676737030052133
1.8676338909712125
1.9814963295286754
2.25
1.780672129520887
1.2516291673878228
2.25
1.8676338909712125
2.0349409139562287
1.2516291673878228
1.7924812503605778
1.9877733714879842
1.7841591278514217
1.875
2.1735572622751858
1.676737030052133
1.8676338909712125
1.2516291673878228
1.792481250360578
1.6767370300521325
2.077819531114783
1.8810947601100745
1.6858157091530304
1.4591479170272446
1.8419171866886992
1.6140054628542204
1.6140054628542204
1.6140054628542204
1.6140054628542204
1.870149357649774
1.8676338909712125
2.353533948577482
1.6171895725927152
1.7924812503605778
1.867633890971212
1.867633890971212
1.8676338909712125
1.676737030052133
2.1179631753145163
1.4591479170272448
1.8676338909712125
1.8073549220576042
1.896240625180289
2.040223928941852
1.4591479170272446
2.125814583693911
1.9591479170272446
2.199687794731328
1.8810947601100747
1.4488156357251847
1.9751060324573735
1.7004397181410922
1.8336056789417416
1.7004397181410922
2.0673384841755853
2.087057091371189
1.9948414446449678
1.7137322102712114
2.3544155053807505
1.6858157091530304
1.6858157091530304
1.6858157091530304
1.6858157091530304
1.9437519544205017
1.6858157091530304
1.6858157091530304
2.0379154119304594
1.6858157091530304
1.6858157091530304
2.0814963295286755
1.6858157091530304
1.6858157091530304
1.8565647621309542
1.8676338909712125
1.8676338909712125
1.6858157091530304
1.6858157091530304
2.1753237304527717
2.392277173072062
1.8676338909712125
1.8676338909712125
1.8676338909712125
1.6922718656836107
1.8810947601100747
1.6171895725927152
2.25
2.5377522427135086
2.440404017720928
2.196791631981637
2.2608203181716595
2.1690354219421173
1.6644977792004614
1.6767370300521325
1.9211796919474975
1.9591479170272446
1.840974563987546
1.2516291673878228
1.7295739585136223
1.4591479170272448
2.0349409139562287
1.896240625180289
1.9591479170272446
1.8230264907128848
1.5487949406953985
1.6258145836939115
1.5487949406953985
1.6644977792004614
1.8676338909712125
1.7924812503605778
2.146782221599798
2.125814583693911
1.6171895725927152
1.5487949406953985
1.5699740752745008
1.8004422822781616
1.8676338909712125
1.617189572592715
1.867633890971212
2.128085278891394
1.780672129520887
1.867633890971212
2.463458298648303
1.8322488896002307
1.6143308351592656
1.8919954870390203
1.8702538164316223
2.199687794731328
1.6729330318733675
1.7924812503605778
1.9992184835974092
1.4591479170272448
2.125814583693911
2.349601752714581
1.6644977792004614
2.125814583693911
1.8565647621309542
1.8676338909712125
2.1739731346044096
2.260820318171659
1.8364665159366838
1.7055872616982601
1.676737030052133
1.8313135686043989
1.6143308351592656
1.792481250360578
2.25
1.8230264907128848
1.8763576394898522
1.867633890971212
1.8676338909712125
2.375
1.8073549220576042
1.8676338909712125
2.1735572622751853
1.9669171866886992
1.8676338909712125
1.7534343861887849
2.1179631753145163
1.8716022614097982
1.950212064914747
1.676737030052133
1.8676338909712125
2.278351811711312
1.9591479170272446
1.7004397181410922
2.375
1.6258145836939115
1.7574839898128802
1.650022421648354
1.8322488896002307
1.867633890971212
1.8676338909712125
2.1607047528877827
1.5044201498452237
1.6858157091530304
1.807354922057604
1.9898980954642875
1.8810947601100747
2.4137995646056805
2.2132982820604443
1.896240625180289
2.375
1.8456247873639042
1.584962500721156
2.463865121950854
1.8676338909712125
1.7924812503605778
1.780672129520887
2.077819531114783
1.584962500721156
1.853688226483452
1.8676338909712125
2.1735572622751858
1.822815600352516
2.0602489763846963
1.8751310486364097
1.8676338909712125
2.1735572622751853
1.9591479170272446
1.8676338909712125
2.0131324651707385
2.0349409139562287
1.4353713907745331
1.5760875253642983
1.9591479170272446
1.6171895725927152
1.75
2.125
2.156487652528489
1.7416838940090766
1.9447167900528528
1.780672129520887
2.1179631753145163
1.676737030052133
2.2608203181716595
2.2608203181716595
2.091917186688699
1.780672129520887
2.125814583693911
1.991076059838222
2.1739731346044096
2.0049355947431313
1.9091717851902883
1.950212064914747
2.102187170949333
1.8676338909712125
1.8676338909712125
1.7004397181410922
1.6143308351592656
1.9473387961875537
2.0131324651707385
1.950212064914747
1.75
1.7924812503605778
1.8676338909712125
2.0349409139562287
2.1295679874183233
1.7924812503605778
1.6729330318733675
1.6171895725927152
1.8676338909712125
1.896240625180289
1.9732285161344474
1.207518749639422
1.7841591278514217
2.3301249653149703
1.6644977792004614
1.9508257945180885
2.0349409139562287
2.278351811711312
1.8676338909712125
2.125814583693911
2.1735572622751858
2.279799131837405
1.780672129520887
1.780672129520887
1.6858157091530304
1.6171895725927152
1.6729330318733675
1.780672129520887
1.7273966735744795
1.780672129520887
2.040223928941852
2.4627162770878597
1.9877733714879842
2.401541029670609
2.0049355947431313
1.4056390622295665
1.8419171866886992
1.7947367178034823
1.7012745915681753
1.676737030052133
1.9211854965885542
1.5510981710072647
1.8423709931771086
1.6858157091530304
2.106048095418327
1.867633890971212
1.9591479170272446
1.4488156357251847
1.742841191707476
2.199687794731328
1.6644977792004614
1.7924812503605778
1.9852281360342514
2.217021885879718
1.811278124459133
1.896240625180289
1.6644977792004614
2.0349409139562287
1.9898980954642875
1.8676338909712125
1.6858157091530304
1.6858157091530304
1.6858157091530304
1.6858157091530304
1.6858157091530304
1.6858157091530304
1.6858157091530304
1.6858157091530304
1.6858157091530304
1.6858157091530304
1.6858157091530304
1.6858157091530304
1.6858157091530304
1.6858157091530304
1.6858157091530304
1.6858157091530304
1.6858157091530304
1.6858157091530304
1.6858157091530304
1.6858157091530304
1.6858157091530304
1.6858157091530304
1.6858157091530304
1.6858157091530304
1.6858157091530304
1.6858157091530304
1.6858157091530304
1.6858157091530304
1.6858157091530304
1.6858157091530304
1.6858157091530304
1.6858157091530304
1.6858157091530304
1.6858157091530304
1.6858157091530304
1.6858157091530304
1.6858157091530304
1.6858157091530304
1.6858157091530304
1.6858157091530304
1.6858157091530304
1.6858157091530304
1.6858157091530304
1.6858157091530304
1.6858157091530304
1.6858157091530304
1.6858157091530304
1.6858157091530304
1.6858157091530304
1.6858157091530304
1.6858157091530304
1.6858157091530304
1.6858157091530304
1.6858157091530304
1.6858157091530304
1.6858157091530304
1.6858157091530304
1.6858157091530304
1.6858157091530304
1.6858157091530304
1.6858157091530304
1.6858157091530304
1.6858157091530304
1.6858157091530304
1.6858157091530304
1.6858157091530304
1.6858157091530304
1.6858157091530304
1.6858157091530304
1.6858157091530304
1.6858157091530304
1.6858157091530304
1.6858157091530304
1.6858157091530304
1.6858157091530304
1.6858157091530304
1.6858157091530304
1.6858157091530304
1.6858157091530304
1.6858157091530304
1.6858157091530304
1.6858157091530304
1.6858157091530304
1.6858157091530304
1.6858157091530304
1.6858157091530304
1.6858157091530304
1.6858157091530304
1.6858157091530304
1.6858157091530304
1.6858157091530304
1.6858157091530304
1.6858157091530304
1.6858157091530304
1.6858157091530304
1.6858157091530304
1.6858157091530304
1.6858157091530304
1.6858157091530304
1.6858157091530304
1.6858157091530304
1.6858157091530304
1.6858157091530304
1.6858157091530304
1.6858157091530304
1.6858157091530304
1.6858157091530304
1.6858157091530304
1.6858157091530304
1.6858157091530304
1.6858157091530304
1.6858157091530304
1.6858157091530304
1.6858157091530304
1.6858157091530304
1.6858157091530304
1.6858157091530304
1.6858157091530304
1.6858157091530304
1.6858157091530304
1.6858157091530304
1.6858157091530304
1.6858157091530304
1.6858157091530304
1.6858157091530304
1.6858157091530304
1.6858157091530304
1.6858157091530304
1.6858157091530304
1.6858157091530304
1.6858157091530304
1.6858157091530304
1.6858157091530304
1.6858157091530304
1.6858157091530304
1.6858157091530304
1.6858157091530304
1.6858157091530304
1.6858157091530304
1.6858157091530304
1.6858157091530304
1.6858157091530304
1.6858157091530304
1.6858157091530304
1.6858157091530304
2.1405180562767114
1.8676338909712125
2.0602620391203774
2.181899057917561
1.6171895725927152
2.116299605701696
1.8676338909712125
1.9528195311147831
2.2608203181716595
1.6767370300521325
1.9591479170272446
1.949137865273585
1.676737030052133
1.9473387961875537
1.6258145836939115
1.9591479170272446
2.0119209285947934
2.278351811711312
2.2049355947431315
1.9990298316961876
2.0247615867835207
1.7924812503605778
1.7924812503605778
1.650022421648354
1.780672129520887
1.96577067413792
2.217021885879718
1.4591479170272446
1.6729330318733675
1.8676338909712125
2.0349409139562287
1.792481250360578
1.4591479170272446
1.8542858719872461
1.5510981710072647
1.4591479170272448
1.991076059838222
1.6729330318733675
1.8676338909712125
1.6729330318733675
1.75
1.8676338909712125
1.4591479170272446
2.146465798504072
2.0349409139562287
1.780672129520887
2.077819531114783
1.9591479170272446
1.9814963295286754
1.949137865273585
1.8676338909712125
1.896240625180289
2.125814583693911
2.125814583693911
2.2132982820604443
1.8919954870390203
1.7758589482446405
1.8676338909712125
1.9669171866886992
1.8210319581338212
2.0349409139562287
1.7924812503605778
1.9254106352407239
2.111095787753339
2.125814583693911
2.1784857337562045
1.780672129520887
2.202819531114783
1.8676338909712125
1.6729330318733675
2.217021885879718
1.9473387961875537
1.6858157091530304
1.650022421648354
2.1735572622751853
2.463458298648303
2.1739731346044096
1.7924812503605778
1.8676338909712125
1.6388067184095578
1.6171895725927152
1.7924812503605778
2.375
1.962806631693174
1.6171895725927152
1.8676338909712125
1.676737030052133
2.125814583693911
1.9123508077539728
1.758842712835596
2.0349409139562287
1.7712589600219497
2.3068905956085186
2.2132982820604443
1.6858157091530304
1.896240625180289
2.0349409139562287
2.0580531366523855
1.8895782867502309
1.8676338909712125
2.064042639445697
1.856564762130954
1.6767370300521325
2.0349409139562287
1.9898980954642875
1.7947367178034823
1.7924812503605778
1.7924812503605778
1.8676338909712125
1.896240625180289
1.8322488896002307
1.9591479170272446
2.33012496531497
1.6171895725927152
1.9197367178034825
1.9211854965885542
1.8676338909712125
1.9211854965885542
1.9591479170272446
1.6644977792004614
1.8676338909712125
2.064042639445697
2.291620193427939
2.1967916319816365
1.573402452417767
1.950212064914747
2.2051099000738694
2.199687794731328
1.7295739585136223
1.8676338909712125
1.780672129520887
1.4355205042826666
1.6729330318733675
2.217021885879718
1.4833557549816874
1.9591479170272446
1.7322216637616483
2.05632607578088
1.6729330318733675
2.0989295636909353
1.9591479170272446
1.6140054628542202
2.091917186688699
2.202819531114783
1.8676338909712125
1.6858157091530304
2.125814583693911
1.962806631693174
1.6767370300521325
1.4353713907745331
1.6140054628542204
1.8937666738014507
1.6644977792004614
2.1179631753145163
2.091917186688699
1.8676338909712125
2.0349409139562287
1.3516441151533924
1.6140054628542204
1.8676338909712125
1.8676338909712125
1.9591479170272446
1.7295290545023008
1.6858157091530304
1.9864267287308424
1.8675416913014387
1.4591479170272446
2.2608203181716595
2.034572365811466
2.040223928941852
1.811346433249389
2.2096909728231857
1.8676338909712125
2.0349409139562287
1.8895782867502309
1.7448425317532439
1.8676338909712125
1.9849259129823316
1.8676338909712125
1.8676338909712125
1.8073549220576042
1.7381493331928661
1.780672129520887
1.792481250360578
2.125814583693911
1.8676338909712125
1.780672129520887
2.2516291673878226
1.7382689280764647
1.8676338909712125
2.0349409139562287
1.8332062193464953
1.8676338909712125
2.291620193427939
1.7295739585136223
1.6858157091530304
2.1416195253341384
2.125814583693911
2.2608203181716595
2.2892464285091583
1.7863949569581812
1.967351814444994
1.6858157091530304
1.6729330318733675
2.125814583693911
2.0602489763846963
1.780672129520887
1.6171895725927152
2.1887870678023824
2.216917186688699
2.0294069451656007
2.1179631753145163
1.896240625180289
2.3334816216751615
1.8942738697712644
1.867633890971212
1.7363918270255536
1.610577243331642
1.8810947601100747
1.9751060324573733
2.1179631753145163
2.1179631753145163
1.6858157091530304
2.064042639445697
1.9877733714879842
1.758842712835596
1.7806390622295662
1.8073549220576042
2.0324876891689536
1.6171895725927152
2.1735572622751858
1.6171895725927152
1.8676338909712125
1.9508257945180885
2.2797991318374056
1.983831706844689
2.077819531114783
1.8073549220576042
2.1179631753145163
1.6171895725927152
2.0349409139562287
2.210973616506754
2.1739731346044096
1.6858157091530304
1.7924812503605778
1.7924812503605778
2.353533948577482
2.011920928594794
1.8676338909712125
1.7233083338141042
2.1887870678023824
2.125814583693911
1.9877733714879842
1.9732285161344474
1.949137865273585
1.7524646471328436
2.116299605701696
2.25
1.8230264907128848
2.1464657985040723
1.9300416913014387
2.1440239107574226
2.2132982820604443
2.1416195253341384
1.7924812503605778
1.4591479170272446
1.950212064914747
2.1735572622751853
2.125814583693911
1.7295739585136223
1.4591479170272446
1.9447167900528528
2.125814583693911
1.7445842076889957
1.9591479170272446
2.25
2.3034402958892364
1.4591479170272446
1.707803343297225
2.1735572622751858
1.8073549220576042
1.780672129520887
2.1179631753145163
1.983740670882855
1.8676338909712125
1.8676338909712125
1.8676338909712125
2.254831109649011
1.950212064914747
1.780672129520887
1.75
2.0294069451656007
1.7924812503605778
2.0349409139562287
2.125814583693911
1.8676338909712125
1.6171895725927152
1.3787834934861753
1.8676338909712125
1.9591479170272446
2.4137995646056805
1.8702538164316223
1.6858157091530304
2.0461796919474975
1.9898980954642875
2.125814583693911
1.6858157091530304
1.9437519544205017
1.4591479170272448
1.784381457724494
2.1887870678023824
1.4488156357251847
1.8389205950315937
2.2844763510411217
2.064042639445697
2.199687794731328
1.6577427265048887
2.040223928941852
2.417906570104942
1.75
1.5916727785823275
1.896240625180289
2.125814583693911
2.217021885879718
1.8676338909712125
2.1179631753145163
2.133919825058653
1.780672129520887
1.867633890971212
2.3227569588973984
1.9591479170272446
1.5709505944546687
1.7924812503605778
2.0157404324930677
1.8810947601100747
1.8676338909712125
2.2608203181716595
1.2516291673878228
1.9591479170272446
2.2096909728231857
1.5058762556041068
2.5396393540109368
1.780672129520887
1.9508257945180885
1.9301249653149701
1.856564762130954
1.8810947601100745
1.664497779200461
2.077819531114783
1.4056390622295665
2.4137995646056805
2.359879028736861
1.867633890971212
1.780672129520887
1.8230264907128848
1.7924812503605778
1.8230264907128848
1.8676338909712125
1.6171895725927152
1.6858157091530304
1.450467463408549
1.6858157091530304
1.896240625180289
1.676737030052133
1.8980933736695382
2.040223928941852
1.867633890971212
1.8676338909712125
2.040223928941852
1.7924812503605778
1.8676338909712125
1.6729330318733675
1.8423709931771086
2.1735572622751853
1.8423709931771086
1.8676338909712125
2.25
1.8676338909712125
2.125814583693911
1.9591479170272446
2.0349409139562287
1.8676338909712125
1.6324556720664822
1.8676338909712125
2.0157404324930677
1.8810947601100747
2.1735572622751853
2.0930692077718898
1.6640518716737454
1.495649093876752
1.8230264907128848
1.8380403186191612
1.8676338909712125
1.8980933736695382
2.349601752714581
1.4591479170272448
1.6691803368667308
1.8565647621309542
1.609496334425697
2.1440239107574226
1.6171895725927152
2.125814583693911
1.9399824743635556
1.2516291673878228
2.1739731346044096
2.2096909728231857
1.5487949406953985
1.8332062193464953
1.676737030052133
1.7295739585136223
2.1179631753145163
1.8919954870390203
1.8919954870390203
1.6846696209693477
2.199687794731328
1.9591479170272446
1.8332062193464953
1.7360411676599226
1.914341183612352
1.9211854965885542
1.792481250360578
2.291620193427939
1.949137865273585
1.4591479170272448
1.8676338909712125
2.125814583693911
1.6729330318733675
1.6858157091530304
1.3921472236645345
1.3921472236645345
1.650022421648354
1.8423709931771086
1.8676338909712125
1.4591479170272448
2.125814583693911
2.1887870678023824
2.032128525239341
1.867633890971212
1.8676338909712125
1.75
1.8676338909712125
1.6788979029874789
1.949137865273585
1.9508257945180885
1.9657678078192216
1.8980933736695382
1.914341183612352
1.8676338909712125
1.6729330318733675
1.6858157091530304
1.9591479170272446
1.676737030052133
1.792481250360578
1.6644977792004614
1.9732285161344474
1.8676338909712125
2.2608203181716595
2.133387491316597
1.4591479170272446
1.9746017527145812
2.217021885879718
2.1739731346044096
1.4353713907745331
2.2608203181716595
1.650022421648354
2.0
1.896240625180289
1.6337314206421327
1.896240625180289
1.7804463148460088
2.0157404324930677
1.8676338909712125
1.9591479170272446
1.8676338909712125
1.9211854965885542
1.8676338909712125
1.7950000384812943
1.8322488896002305
1.792481250360578
1.6729330318733675
2.3068905956085186
2.2096909728231857
1.8676338909712125
2.125
1.945530556036326
1.676737030052133
2.040223928941852
2.102187170949333
2.1967916319816365
2.2608203181716595
1.4353713907745331
1.4488156357251847
1.6767370300521325
2.202819531114783
2.1735572622751853
2.0349409139562287
1.7381493331928661
2.091917186688699
2.4107621062468216
1.896240625180289
1.950212064914747
2.463458298648303
1.4488156357251847
1.896240625180289
1.5487949406953985
2.040223928941852
1.7295739585136223
2.125814583693911
1.6171895725927152
1.6171895725927152
1.8073549220576042
1.867633890971212
1.780672129520887
2.1735572622751853
1.5739889616503062
2.078491674029184
1.8073549220576042
1.4949188482339508
1.8676338909712125
1.5487949406953985
1.867633890971212
2.1887870678023824
1.676737030052133
1.8676338909712125
2.196791631981637
1.807354922057604
1.7924812503605778
2.125814583693911
1.6858157091530304
1.7924812503605778
1.9301249653149701
1.8676338909712125
1.8676338909712125
1.9015064025015063
2.220068302234069
1.676737030052133
2.33012496531497
1.8339272176418302
1.3709505944546687
1.780672129520887
1.896240625180289
1.7987949406953985
1.6644977792004614
1.4353713907745331
1.7381493331928664
2.091917186688699
1.8676338909712125
1.4591479170272448
2.0874628412503395
1.4591479170272446
1.9110510372114404
1.7004397181410922
2.1280852788913944
1.896240625180289
2.396310424640968
1.7924812503605778
1.9591479170272446
1.6644977792004614
1.4353713907745331
1.4591479170272448
2.0349409139562287
2.260820318171659
1.6729330318733675
2.199687794731328
1.6858157091530304
1.8676338909712125
1.7381493331928661
2.185542933847563
1.7201785786324157
1.4591479170272446
1.896240625180289
2.1748008763572906
1.4591479170272448
1.6171895725927152
1.6858157091530304
1.9877733714879842
1.7758589482446405
1.8850034910058473
1.9508257945180885
1.780672129520887
1.6729330318733675
1.9473387961875537
1.7717853808739292
2.1273877651912745
2.2132982820604443
2.102187170949333
1.6644977792004614
1.6644977792004614
1.8676338909712125
2.1735572622751853
1.7492184835974092
1.5709505944546687
1.6171895725927152
1.5510981710072647
1.8676338909712125
1.8676338909712125
1.9447167900528528
1.8784775129881184
2.125814583693911
2.199687794731328
2.040223928941852
1.3921472236645345
1.867633890971212
1.8423709931771086
1.8716022614097982
1.650022421648354
1.8676338909712125
2.4137995646056805
2.359879028736861
1.4045479227317863
1.8895782867502309
1.7924812503605778
1.7004397181410922
2.25
1.867633890971212
2.125814583693911
1.9288979029874787
2.022106112739839
1.3787834934861753
1.6729330318733675
1.8475521680208788
2.091917186688699
1.6140054628542202
2.2608203181716595
1.780672129520887
1.4591479170272448
1.867633890971212
1.780672129520887
2.040223928941852
2.3068905956085186
2.1739731346044096
1.7712589600219497
1.8810947601100747
1.6171895725927152
1.8676338909712125
1.4591479170272448
1.780672129520887
1.8810947601100747
2.3068905956085186
2.125814583693911
2.1739731346044096
2.1398355237062026
1.8676338909712125
2.0157404324930677
1.950212064914747
1.856564762130954
2.224601752714581
1.650022421648354
1.3787834934861753
1.7924812503605778
2.1440239107574226
1.676737030052133
1.4591479170272446
1.4353713907745331
2.2516291673878226
2.125814583693911
1.7633584292311082
1.8676338909712125
1.8676338909712125
1.7534343861887849
1.8676338909712125
1.6171895725927152
2.260820318171659
2.0157404324930677
2.125814583693911
2.0349409139562287
2.125
2.1941926453038145
1.890920993589198
2.030035988894668
1.867633890971212
1.7783283537314114
1.7263472243434204
1.2987949406953985
1.8810947601100745
1.8328773369500169
1.650022421648354
2.00633093059618
1.7360411676599221
1.4591479170272446
1.617189572592715
1.867633890971212
1.867633890971212
2.0349409139562287
2.1179631753145163
1.8349625007211563
2.199687794731328
2.4072682296173893
1.7295739585136223
2.125814583693911
1.6858157091530304
2.202819531114783
1.8676338909712125
1.5
2.125814583693911
2.1607047528877827
1.6729330318733675
2.2608203181716595
1.6171895725927152
1.867633890971212
1.8676338909712125
2.1735572622751858
1.760495029766198
2.146782221599798
1.6258145836939115
1.676737030052133
1.8931558784658322
1.8676338909712125
1.856564762130954
1.7244078178625923
2.077819531114783
1.6858157091530304
2.403034464096168
2.1735572622751853
1.419556298571613
2.217021885879718
1.5198391430437925
2.1464657985040723
1.8676338909712125
1.4591479170272446
1.7295739585136223
1.936278124459133
1.8676338909712125
2.1739731346044096
2.0349409139562287
1.6858157091530304
1.8676338909712125
2.0678910163950457
2.34988611292969
1.7924812503605778
1.6858157091530304
2.045841640885174
2.0349409139562287
1.9913735870221323
1.9508257945180885
1.5487949406953985
1.9473387961875537
2.0157404324930677
2.2748850192268226
1.6277637415297184
1.8676338909712125
1.6729330318733675
2.279799131837405
1.6171895725927152
1.9877733714879842
2.521782221599798
1.8676338909712125
1.7272486062639207
2.1735572622751853
1.4591479170272446
1.7924812503605778
1.949137865273585
2.2890179898186576
1.2516291673878228
1.6171895725927152
1.6171895725927152
1.8192407046368488
1.6171895725927152
1.6171895725927152
1.8210319581338212
2.270942421748537
1.9591479170272446
2.1967916319816365
1.9523612813926658
2.2894320362548175
2.199687794731328
2.0134893002931977
1.7924812503605778
2.0349409139562287
2.125814583693911
2.034572365811466
1.9898980954642875
1.6171895725927152
1.780672129520887
1.950212064914747
1.7273966735744792
1.867633890971212
1.8810947601100747
2.291620193427939
2.183754831923921
1.6729330318733675
1.8676338909712125
1.8676338909712125
1.515217025437609
2.128085278891394
2.2608203181716595
1.8676338909712125
1.4591479170272446
1.626688849701832
1.8676338909712125
2.0609640474436812
2.472905595320056
1.8676338909712125
1.7534343861887849
2.091917186688699
1.7924812503605778
1.4591479170272446
2.0
1.6858157091530304
2.125814583693911
1.7924812503605778
2.3879695484319563
1.6644977792004614
1.6729330318733675
2.0349409139562287
1.6258145836939115
1.9877733714879842
1.9334975949679492
1.896240625180289
2.013006500506917
1.8210319581338212
1.6258145836939115
2.056564762130954
1.6098627477215284
2.0349409139562287
1.650022421648354
1.617189572592715
2.0602489763846963
2.034572365811466
1.9197367178034825
1.6368421881310118
1.8676338909712125
1.8676338909712125
1.676737030052133
1.4591479170272448
1.8676338909712125
1.8676338909712125
1.75
2.102187170949333
2.0349409139562287
1.6858157091530304
2.1113953398698984
1.8676338909712125
2.1464657985040723
2.022106112739839
2.25
2.472905595320056
2.1416195253341384
1.8676338909712125
1.4591479170272446
2.2132982820604443
1.822815600352516
1.650022421648354
1.676737030052133
1.4949188482339508
1.4772081774052004
2.1179631753145163
1.707634475013548
1.8676338909712125
1.7240618013565325
1.8676338909712125
1.950212064914747
2.0874628412503395
1.822815600352516
1.4056390622295665
1.7527152789797047
1.7924812503605778
1.780672129520887
1.867633890971212
2.0349409139562287
2.125814583693911
1.8676338909712125
2.1295679874183233
1.945530556036326
1.676737030052133
1.676737030052133
1.6858157091530304
2.0458416408851736
1.5487949406953985
1.8748587169101305
1.8918145796150811
1.8024212838293647
1.8230264907128848
1.8676338909712125
2.202819531114783
1.6858157091530304
1.780672129520887
1.689391746743088
1.6644977792004614
1.4949188482339508
1.6644977792004614
2.199687794731328
1.8676338909712125
2.396782221599798
2.146465798504072
1.9709505944546686
1.9447167900528528
1.6767370300521325
1.9386790169573507
1.8810947601100747
2.2797991318374056
1.968918563962097
1.8676338909712125
1.8676338909712125
1.950212064914747
1.8676338909712125
1.8230264907128848
1.8980933736695382
1.8676338909712125
1.7924812503605778
2.1967916319816365
1.676737030052133
1.8498687225851778
1.8980933736695382
1.584962500721156
1.676737030052133
1.9898980954642875
2.064042639445697
2.0349409139562287
1.8676338909712125
2.125814583693911
1.9591479170272446
2.1887870678023824
2.125814583693911
2.0349409139562287
1.8919954870390203
1.9211854965885542
2.199687794731328
1.8676338909712125
1.6956893045363466
2.0225797618424917
1.7987949406953985
1.8676338909712125
1.4591479170272446
1.9447167900528528
2.2132982820604443
2.038760752862686
1.9447167900528528
1.8423709931771086
1.9713464332493889
1.7332062193464954
1.8676338909712125
1.9669171866886992
1.8702538164316223
2.125814583693911
1.6858157091530304
1.8230264907128848
2.199687794731328
1.6140054628542202
1.945530556036326
2.3709630428254074
2.125814583693911
2.125814583693911
2.1416195253341384
2.353533948577482
1.8810947601100745
2.202819531114783
1.867633890971212
1.780672129520887
1.780672129520887
1.780672129520887
1.780672129520887
1.780672129520887
1.780672129520887
1.780672129520887
1.780672129520887
1.780672129520887
2.0349409139562287
2.0349409139562287
2.2516291673878226
1.9508257945180885
1.7695459925589747
1.7273966735744792
2.05632607578088
2.375
1.3921472236645345
2.146465798504072
1.8423709931771086
1.612197222702993
1.4841137951742442
2.289246428509158
1.9591479170272446
2.05632607578088
1.7924812503605778
1.9473387961875537
1.9591479170272446
1.7947367178034825
1.4591479170272448
1.8294732983598405
1.780672129520887
2.125814583693911
1.6858157091530304
1.6258145836939115
1.4591479170272446
2.119240704636849
1.6171895725927152
2.260820318171659
1.5052408149441479
1.247048758917938
1.7924812503605778
1.8389205950315937
2.077819531114783
1.7295739585136223
2.1179631753145163
2.375
2.217021885879718
1.4591479170272448
1.8676338909712125
1.7295739585136223
1.8676338909712125
1.950212064914747
1.4591479170272446
1.6858157091530304
1.6858157091530304
1.6858157091530304
1.6858157091530304
1.6858157091530304
1.6858157091530304
1.6858157091530304
1.6858157091530304
1.6858157091530304
1.6858157091530304
1.6858157091530304
1.6858157091530304
1.6858157091530304
1.6858157091530304
1.6858157091530304
1.6858157091530304
1.6858157091530304
1.6858157091530304
1.6858157091530304
1.6858157091530304
1.6858157091530304
1.6858157091530304
1.6858157091530304
1.6858157091530304
1.6858157091530304
1.6858157091530304
1.6858157091530304
1.6858157091530304
1.6858157091530304
1.6858157091530304
1.6858157091530304
1.6858157091530304
1.6858157091530304
1.6858157091530304
1.6858157091530304
1.6858157091530304
1.6858157091530304
1.6858157091530304
1.6858157091530304
1.6858157091530304
1.6858157091530304
1.6858157091530304
1.6858157091530304
1.6858157091530304
1.6858157091530304
1.6858157091530304
1.6858157091530304
1.6858157091530304
1.6858157091530304
1.6858157091530304
1.6858157091530304
1.6858157091530304
1.6858157091530304
1.6858157091530304
1.6858157091530304
1.6858157091530304
1.6858157091530304
1.6858157091530304
1.6858157091530304
1.6858157091530304
1.6858157091530304
1.6858157091530304
1.6858157091530304
1.6858157091530304
1.6858157091530304
1.6858157091530304
1.6858157091530304
1.6858157091530304
1.6858157091530304
1.6858157091530304
1.6858157091530304
1.6858157091530304
1.6858157091530304
1.6858157091530304
1.6858157091530304
1.6858157091530304
1.6858157091530304
1.6858157091530304
1.6858157091530304
1.6858157091530304
1.6858157091530304
1.6858157091530304
1.6858157091530304
1.6858157091530304
1.6858157091530304
1.6858157091530304
1.6858157091530304
1.6858157091530304
1.6858157091530304
1.6858157091530304
1.6858157091530304
1.6858157091530304
1.6858157091530304
1.6858157091530304
1.6858157091530304
1.6858157091530304
1.867633890971212
1.6858157091530304
1.6858157091530304
1.6858157091530304
1.6858157091530304
1.6858157091530304
1.6858157091530304
1.6858157091530304
1.6858157091530304
1.6858157091530304
1.6858157091530304
1.6858157091530304
1.6858157091530304
1.6858157091530304
1.6858157091530304
1.6858157091530304
1.6858157091530304
1.6858157091530304
1.6858157091530304
1.6858157091530304
1.6858157091530304
1.6858157091530304
1.6858157091530304
1.6858157091530304
1.6858157091530304
1.6858157091530304
1.6858157091530304
1.6858157091530304
1.6858157091530304
1.6858157091530304
1.6858157091530304
1.6858157091530304
1.6858157091530304
1.6858157091530304
1.6858157091530304
1.6858157091530304
1.6858157091530304
1.6858157091530304
1.6858157091530304
1.6858157091530304
1.6858157091530304
1.6858157091530304
1.6858157091530304
1.6858157091530304
1.6858157091530304
1.6858157091530304
1.6858157091530304
1.6858157091530304
1.6858157091530304
1.6858157091530304
1.6858157091530304
1.6858157091530304
1.6858157091530304
1.6858157091530304
1.6858157091530304
1.6858157091530304
1.6858157091530304
1.6858157091530304
1.6858157091530304
1.6858157091530304
1.6858157091530304
1.6858157091530304
1.6858157091530304
1.6858157091530304
1.6858157091530304
1.6858157091530304
1.6858157091530304
1.6858157091530304
1.6858157091530304
1.6858157091530304
1.6858157091530304
1.6858157091530304
1.6858157091530304
1.6858157091530304
1.6858157091530304
1.6858157091530304
1.6858157091530304
1.6858157091530304
1.6858157091530304
1.6858157091530304
1.6858157091530304
1.6858157091530304
1.6858157091530304
1.6858157091530304
1.6858157091530304
1.6858157091530304
1.6858157091530304
1.6858157091530304
1.6858157091530304
1.6858157091530304
1.6858157091530304
1.6858157091530304
1.6858157091530304
1.6858157091530304
1.6858157091530304
1.6858157091530304
1.6858157091530304
1.6858157091530304
1.6858157091530304
1.6858157091530304
1.6858157091530304
1.6858157091530304
1.6858157091530304
1.6858157091530304
1.6858157091530304
1.6858157091530304
1.6858157091530304
1.6858157091530304
1.6858157091530304
1.6858157091530304
1.6858157091530304
1.6858157091530304
1.6858157091530304
1.6858157091530304
1.6858157091530304
1.6858157091530304
1.6858157091530304
1.6858157091530304
1.6858157091530304
1.6858157091530304
1.6858157091530304
1.6858157091530304
1.6858157091530304
1.6858157091530304
1.6858157091530304
1.6858157091530304
1.6858157091530304
1.6858157091530304
1.6858157091530304
1.867633890971212
1.6858157091530304
1.6858157091530304
1.6858157091530304
1.6858157091530304
1.6858157091530304
1.6858157091530304
1.6858157091530304
1.6858157091530304
1.6858157091530304
1.6858157091530304
1.6858157091530304
1.6858157091530304
1.6858157091530304
1.6858157091530304
1.6858157091530304
1.6858157091530304
1.6858157091530304
1.6858157091530304
1.6858157091530304
1.6858157091530304
1.6858157091530304
1.6858157091530304
1.6858157091530304
1.6858157091530304
1.6858157091530304
1.6858157091530304
1.6858157091530304
1.6858157091530304
1.6858157091530304
1.6858157091530304
1.6858157091530304
1.6858157091530304
1.6858157091530304
1.6858157091530304
1.8931558784658322
1.7924812503605778
0.9612275603218812
1.297462589305588
2.0349409139562287
1.5510981710072647
1.950212064914747
2.2608203181716595
1.8676338909712125
1.6729330318733675
1.584962500721156
1.7924812503605778
1.75
2.291620193427939
1.7450972181704334
2.322756958897399
1.8676338909712125
2.33012496531497
1.4591479170272448
1.9591479170272446
2.0049355947431313
2.0349409139562287
2.074164743022575
2.353533948577482
1.914341183612352
2.125814583693911
2.040223928941852
2.3627402784989338
2.1179631753145163
2.353533948577482
1.6143308351592656
1.75
2.091917186688699
1.8230264907128848
1.792481250360578
1.9182958340544893
1.9211854965885542
2.125
1.384431504340598
2.2485731395538666
1.8676338909712125
2.322756958897399
1.6729330318733675
1.780672129520887
2.075074223172834
1.7841591278514217
1.9197367178034825
1.7924812503605778
2.2608203181716595
1.6729330318733675
2.254831109649011
2.077819531114783
1.6171895725927152
1.8676338909712125
1.867633890971212
2.4137995646056805
1.6258145836939115
2.029526332323075
2.125814583693911
1.2516291673878228
2.125814583693911
2.2608203181716595
2.2132982820604443
2.6842469334452463
2.2051099000738694
1.7924812503605778
1.9948414446449676
1.6858157091530304
1.780672129520887
1.8676338909712125
1.8676338909712125
1.7758589482446405
1.6858157091530304
1.7489992230622806
2.0349409139562287
1.780672129520887
1.9669171866886992
1.9591479170272446
1.75
2.125814583693911
2.1735572622751858
1.5487949406953985
1.4949188482339508
1.9860462325725075
1.8810947601100747
1.4591479170272446
1.6644977792004614
1.6644977792004614
1.6644977792004614
1.6171895725927152
1.8230264907128848
1.676737030052133
1.9508257945180885
2.199687794731328
1.7004397181410922
1.9746017527145812
2.125814583693911
1.8676338909712125
1.617189572592715
1.8676338909712125
1.8810947601100745
1.7166422780956525
1.6675897585466832
1.610577243331642
1.867633890971212
1.8919954870390203
1.8716022614097982
1.5204260414863777
1.875
2.038760752862686
1.6258145836939115
1.8676338909712125
2.396782221599798
1.9211854965885544
2.2608203181716595
2.0049355947431313
1.6493974703476992
2.125814583693911
1.896240625180289
1.584962500721156
1.7295739585136223
1.950212064914747
1.896240625180289
1.896240625180289
2.1398355237062026
2.2608203181716595
2.183754831923921
1.7841591278514217
2.040223928941852
2.1887870678023824
1.9877733714879842
1.8931558784658322
1.8230264907128848
2.040223928941852
2.125814583693911
1.9751060324573735
1.9254106352407239
2.1739731346044096
2.25
2.2608203181716595
1.983740670882855
2.125814583693911
1.7924812503605778
2.199687794731328
1.6644977792004614
2.1179631753145163
1.6589797521242051
1.9877733714879842
1.676737030052133
1.8676338909712125
1.7273966735744795
1.7841591278514217
2.4322574485535142
1.8676338909712125
1.4466166676282082
1.68594620996363
1.7381493331928664
1.867633890971212
2.040223928941852
1.6729330318733675
2.353533948577482
1.6644977792004614
2.146465798504072
2.1295679874183233
1.9669171866886992
1.896240625180289
2.4047933024618025
2.463458298648303
2.403677461028802
1.6644977792004614
1.914341183612352
1.7787764706953022
1.7090829034920378
1.4422000039902823
2.063458298648303
1.8676338909712125
1.6457113704075788
1.780672129520887
2.2797991318374056
1.676737030052133
1.780672129520887
1.6140054628542202
1.5088394973607078
1.8676338909712125
1.7448425317532439
1.9877733714879842
1.8676338909712125
1.676737030052133
1.5487949406953985
2.0989295636909353
2.0874628412503395
2.199687794731328
1.8919954870390203
1.8676338909712125
1.6171895725927152
1.4591479170272446
1.8676338909712125
2.1520784069005816
2.1735572622751853
1.8085947862963574
1.6858157091530304
2.1013152774012362
1.6729330318733675
2.202819531114783
2.387918502671133
2.291620193427939
1.6729330318733675
1.780672129520887
1.749636557720882
2.0349409139562287
2.0814963295286755
1.758842712835596
1.7806390622295662
1.8542858719872461
1.8336056789417416
1.8676338909712125
1.2516291673878228
2.1190850469784714
1.896240625180289
1.6143308351592656
1.5487949406953985
1.6644977792004614
1.6171895725927152
1.9591479170272446
2.1179631753145163
1.3787834934861753
1.7987949406953985
1.9948414446449678
1.8676338909712125
1.9877733714879842
1.780672129520887
1.8676338909712125
1.780672129520887
2.2132982820604443
1.8676338909712125
1.896240625180289
1.9669171866886992
1.7924812503605778
2.1464657985040723
1.6858157091530304
2.4404040177209283
1.4591479170272448
2.463458298648303
1.7295739585136223
1.3787834934861753
1.4591479170272448
1.896240625180289
1.676737030052133
1.7924812503605778
1.8919954870390203
1.9447167900528528
1.8676338909712125
1.6171895725927152
2.1464657985040723
2.25
1.867633890971212
2.375
1.6644977792004614
1.867633890971212
1.9877733714879842
2.3068905956085186
2.0561979490446527
1.9311187687034965
1.867633890971212
2.125814583693911
1.8676338909712125
1.9182958340544893
1.5487949406953985
1.8536882264834516
2.125814583693911
1.6858157091530304
2.0349409139562287
2.125814583693911
2.1179631753145163
2.1887870678023824
2.2132982820604443
1.6171895725927152
1.617189572592715
1.5614870219474737
1.676737030052133
1.75
1.8230264907128848
1.676737030052133
1.8676338909712125
2.038760752862686
1.780672129520887
1.6644977792004614
1.9591479170272446
1.8282344370732122
1.7987949406953985
2.4137995646056805
2.0930692077718898
1.7457784114165897
2.1179631753145163
1.3787834934861753
2.050016960852915
2.0649922033019403
2.1493504864998765
1.8676338909712125
1.8230264907128848
1.9399824743635556
1.760495029766198
1.8322488896002307
1.54515219719895
1.4949188482339508
2.353533948577482
2.125
1.695689304536347
1.72475648260328
2.1416195253341384
2.0349409139562287
2.0814963295286755
2.102187170949333
1.6858157091530304
1.8810947601100747
1.7735572622751854
2.040223928941852
2.375
2.146465798504072
2.0349409139562287
1.9657678078192216
1.2987949406953985
1.8676338909712125
2.33012496531497
1.6171895725927152
1.8676338909712125
2.1812056673346514
1.7295739585136223
2.125814583693911
1.8423709931771086
2.125814583693911
1.7924812503605778
1.8676338909712125
1.6644977792004614
2.098579861712074
2.1967916319816365
1.8676338909712125
1.6143308351592656
2.125814583693911
1.6729330318733675
2.1179631753145163
1.7534343861887849
2.125814583693911
2.2516291673878226
1.8230264907128848
1.7924812503605778
2.1416195253341384
1.7534343861887849
1.8676338909712125
1.6171895725927152
1.8676338909712125
1.4591479170272448
2.0349409139562287
2.8234651896016465
2.2810361125534233
1.9068905956085187
1.8676338909712125
1.8676338909712125
1.7004397181410922
1.8676338909712125
2.4148273348633778
1.6858157091530304
1.6729330318733675
1.9447167900528528
1.8676338909712125
1.6760379573939184
1.676737030052133
1.6767370300521325
1.676737030052133
1.867633890971212
2.199687794731328
1.896240625180289
2.1179631753145163
2.091917186688699
2.0202442071537563
2.25
2.1398355237062026
1.4056390622295665
2.2890179898186576
2.069711438763654
1.9063137138648347
1.6858157091530304
2.011920928594794
2.216917186688699
1.8230264907128848
1.6578764348499595
1.780672129520887
1.780672129520887
1.584962500721156
1.780672129520887
1.7924812503605778
1.6858157091530304
2.1179631753145163
2.0461796919474975
1.4591479170272448
1.4219629584415352
2.0524212838293647
2.064042639445697
1.780672129520887
1.867633890971212
1.8676338909712125
2.202819531114783
2.33012496531497
2.0349409139562287
2.0157404324930677
1.4353713907745331
2.077819531114783
2.008805622540176
1.8676338909712125
1.6487225970568014
1.8676338909712125
1.8676338909712125
1.6171895725927152
1.8676338909712125
1.4591479170272446
1.9849259129823316
2.0349409139562287
1.9473387961875537
1.9877733714879842
1.6767370300521325
1.4591479170272448
2.064042639445697
1.7295739585136223
1.9123508077539726
1.8676338909712125
1.875
1.780672129520887
1.9591479170272446
1.867633890971212
2.1735572622751853
1.676737030052133
2.219240704636849
1.780672129520887
1.7924812503605778
1.8676338909712125
1.6729330318733675
1.780672129520887
1.780672129520887
1.792481250360578
1.9473387961875537
1.8702538164316223
1.7924812503605778
1.8676338909712125
1.6858157091530304
2.202819531114783
1.6577427265048887
1.9386790169573507
2.0349409139562287
1.8676338909712125
1.584962500721156
1.9211854965885542
1.6691803368667308
1.663572307437854
1.9898980954642875
1.8542858719872461
1.8702538164316223
2.1711796919474975
1.8676338909712125
1.8676338909712125
1.7263472243434204
1.6858157091530304
1.676737030052133
1.8676338909712125
1.8676338909712125
1.610577243331642
1.896240625180289
1.5058762556041068
1.9197367178034825
1.867633890971212
1.9657678078192218
1.8810947601100745
1.867633890971212
1.676737030052133
2.064042639445697
1.617189572592715
1.8332062193464953
1.9669171866886992
1.9877733714879842
2.199687794731328
2.011920928594794
1.8676338909712125
1.896240625180289
1.780672129520887
1.780672129520887
1.8676338909712125
1.780672129520887
1.780672129520887
2.0349409139562287
1.6644977792004614
1.7492184835974092
1.573402452417767
1.612197222702993
1.7263472243434208
2.472905595320056
1.8676338909712125
1.8676338909712125
2.125814583693911
1.617189572592715
1.6729330318733675
2.1739731346044096
1.8675769461761949
1.9591479170272446
2.0985798617120746
2.1735572622751858
1.896240625180289
1.4488156357251847
2.0119209285947934
2.175241917363884
2.040223928941852
1.9473387961875537
2.0349409139562287
2.0149798205164813
1.676737030052133
1.8423709931771086
2.077819531114783
1.8389205950315937
1.9591479170272446
1.926868017501744
2.1887870678023824
1.8716022614097982
2.032128525239341
2.0157404324930677
2.05632607578088
1.7169171866886992
1.6171895725927152
1.6493974703476992
1.6858157091530304
2.040223928941852
2.0602489763846963
1.7916674843771045
1.7924812503605778
1.6644977792004614
1.8230264907128848
1.617189572592715
1.8676338909712125
1.1488348542809166
2.199687794731328
1.669180336866731
1.9591479170272446
1.4353713907745331
2.260820318171659
2.1387720668284853
1.8230264907128848
1.6644977792004614
1.9254106352407239
1.7295739585136223
2.2608203181716595
1.4591479170272446
2.146465798504072
1.8676338909712125
2.1887870678023824
1.4056390622295665
1.9473387961875537
1.7103377769685428
2.102187170949333
2.291620193427939
2.2890179898186576
2.1967916319816365
2.011920928594794
2.4137995646056805
1.8676338909712125
2.0349409139562287
2.33012496531497
2.280680280753346
2.250533809479614
1.4833557549816874
2.011920928594794
1.6171895725927152
1.6402239289418519
1.6577427265048887
1.8676338909712125
1.780672129520887
1.6644977792004614
2.33012496531497
1.780672129520887
1.7947367178034825
1.8230264907128848
1.6171895725927152
2.472905595320056
2.011920928594794
1.4591479170272446
1.867633890971212
2.1735572622751853
2.217021885879718
1.8536882264834516
1.8919954870390203
2.0815419333359273
1.6729330318733675
1.3516441151533924
1.811346433249389
1.9211854965885544
1.7924812503605778
1.7273536033721064
2.5174058114255176
1.6858157091530304
2.1739731346044096
1.8676338909712125
1.6143308351592656
1.9386790169573507
1.573402452417767
1.6858157091530304
1.9669171866886992
2.125814583693911
1.8676338909712125
1.6143308351592656
1.9068905956085187
1.949137865273585
2.102187170949333
1.8676338909712125
1.867633890971212
2.1416195253341384
1.867633890971212
1.9877733714879842
1.9814963295286754
2.0347090892393824
1.4353713907745331
1.572351663308588
2.038760752862686
1.6306882747516651
1.7947367178034825
1.8676338909712125
2.102187170949333
1.6171895725927152
1.6143308351592656
1.8676338909712125
1.5510981710072647
1.780672129520887
1.9211796919474975
1.8676338909712125
1.7688555892617417
1.617189572592715
1.7924812503605778
1.6894822670191825
1.6068322783181097
2.205109900073869
1.676737030052133
1.6691803368667308
2.125814583693911
2.2062389286533897
2.1607047528877827
1.6858157091530304
1.780672129520887
1.8240460500219924
2.1179631753145163
2.199687794731328
1.8423709931771086
1.7735572622751854
1.875
1.6858157091530304
1.6858157091530304
1.6858157091530304
1.6858157091530304
1.6858157091530304
1.6858157091530304
1.6858157091530304
1.6858157091530304
1.6858157091530304
1.6858157091530304
1.6858157091530304
1.6858157091530304
1.6858157091530304
1.6858157091530304
1.6858157091530304
1.6858157091530304
1.867633890971212
1.6691803368667308
1.7295739585136223
1.8810947601100747
1.9579393553211153
1.992778107459939
2.33012496531497
1.6858157091530304
2.125814583693911
1.8676338909712125
1.5628066316931741
2.0349409139562287
2.0294069451656007
2.049452072789394
2.251739016844954
2.125814583693911
1.8702538164316223
1.7055872616982601
1.6143308351592656
1.7055872616982601
1.6143308351592656
1.6143308351592656
1.7924812503605778
1.720616644881894
1.8676338909712125
1.617189572592715
2.463458298648303
1.9386790169573507
2.25
2.040223928941852
2.1607047528877827
1.8676338909712125
1.6767370300521325
1.822815600352516
1.9591479170272446
1.9669171866886992
1.9473387961875537
2.034572365811466
1.879964948727111
1.8676338909712125
1.7609624596749829
2.0874628412503395
1.8230264907128848
1.8676338909712125
1.919240704636849
1.8423709931771086
1.7295739585136223
1.6858157091530304
2.102187170949333
1.8676338909712125
1.9197367178034825
2.317950827656989
1.9709505944546686
1.8676338909712125
1.6171895725927152
1.780672129520887
2.291620193427939
1.780672129520887
2.1887870678023824
1.9814963295286754
2.349601752714581
1.9655962303576022
1.4949188482339508
1.6767370300521325
1.968873874720721
1.792481250360578
2.199687794731328
2.199687794731328
2.125814583693911
2.125814583693911
2.1607047528877827
1.8676338909712125
2.239678259840456
1.6171895725927152
1.4949188482339508
1.8676338909712125
1.650022421648354
1.7513131030637432
1.8810947601100747
2.5297281711468416
1.8024212838293647
2.199687794731328
1.676737030052133
1.6171895725927152
1.8437519544205019
1.896240625180289
2.2608203181716595
1.7450972181704332
1.650022421648354
1.853688226483452
2.375
1.796217602590056
1.7924812503605778
2.606238928653389
1.8336056789417416
1.9473387961875537
1.6004512092982517
1.650022421648354
2.250801853844516
1.929309207916729
2.25
2.0
1.780672129520887
2.260820318171659
1.617189572592715
1.8230264907128848
2.0602489763846963
1.792481250360578
2.1179631753145163
1.6729330318733675
1.6171895725927152
2.33012496531497
2.0237268193003475
1.780672129520887
1.780672129520887
1.6858157091530304
1.896240625180289
1.9399824743635556
1.927451224964519
2.215734100759607
1.8676338909712125
1.6644977792004614
1.896240625180289
2.463458298648303
1.8919954870390203
2.070950594454669
1.75
1.6171895725927152
2.25
1.8542858719872461
1.6644977792004614
1.9591479170272446
1.6541881272613421
1.867633890971212
1.885377505769539
1.950212064914747
2.1739731346044096
1.6171895725927152
1.7683066879853901
1.6729330318733675
1.780672129520887
1.650022421648354
1.5487949406953985
2.291620193427939
1.7924812503605778
1.8676338909712125
1.9852281360342514
1.0585374404261436
1.8240460500219924
2.064042639445697
2.0930692077718898
1.7924812503605778
2.1735572622751853
1.8380267541624737
2.533369020804085
1.5487949406953985
1.8751458114455384
1.867633890971212
1.780672129520887
1.8676338909712125
1.8676338909712125
1.6858157091530304
1.839622465782869
1.7832474385325099
2.1916116417513782
1.5487949406953985
1.9808259362290785
1.6767370300521325
1.780672129520887
2.0989295636909353
2.0049355947431313
1.9211854965885544
2.1607047528877827
2.3068905956085186
1.6729330318733675
2.091917186688699
1.7295739585136223
1.6729330318733675
2.011920928594794
1.7924812503605778
1.6858157091530304
1.7534343861887849
2.125814583693911
1.735801130704899
1.6741859576379552
1.6752388501139213
1.6636046175975006
1.7743974703476992
1.8810947601100747
2.2415419333359274
2.396782221599798
1.456564762130954
1.8676338909712125
2.1887870678023824
1.950212064914747
1.9669171866886992
1.160897117295888
1.8676338909712125
2.220814936893612
1.6143308351592656
1.780672129520887
1.676737030052133
2.125814583693911
1.9751060324573735
2.040223928941852
1.896240625180289
1.6729330318733675
1.9749375012019268
1.8676338909712125
1.3516441151533924
1.9508257945180885
1.5487949406953985
2.0874628412503395
1.8676338909712125
2.1307187984051925
1.867633890971212
2.146465798504072
1.780672129520887
1.9192407046368487
2.0349409139562287
1.8322488896002305
2.064042639445697
1.9669975483159168
1.9898980954642875
2.278351811711312
1.9473387961875537
2.1735572622751853
2.199687794731328
1.8676338909712125
1.9591479170272446
1.5941352236854809
1.573402452417767
2.0349409139562287
1.8919954870390203
1.7841591278514217
1.7448425317532439
1.8895782867502309
1.780672129520887
1.8676338909712125
1.9898980954642875
1.8336056789417416
1.7924812503605778
2.0461796919474975
2.1735572622751853
1.896240625180289
1.8240460500219924
2.349601752714581
2.0138897065993264
1.7166422780956525
2.125814583693911
1.6893917467430877
1.6174570297402044
1.4488156357251847
2.077819531114783
2.040223928941852
1.4949188482339508
1.4591479170272448
2.1295679874183233
2.125814583693911
1.780672129520887
1.8565647621309542
1.9591479170272446
1.867633890971212
1.8676338909712125
1.93012496531497
2.2608203181716595
1.8423709931771086
1.780672129520887
1.6171895725927152
1.8542858719872461
1.8542858719872461
2.1739731346044096
1.4591479170272446
1.9358011307048992
2.125814583693911
1.8676338909712125
1.9211854965885544
1.7534343861887849
1.792481250360578
2.202819531114783
2.077819531114783
1.8676338909712125
2.0349409139562287
1.676737030052133
1.676737030052133
1.9669171866886992
1.9528195311147831
1.7232314287976207
1.8676338909712125
1.6117022325423542
1.780672129520887
2.1179631753145163
1.3787834934861753
1.6271226805518655
2.1234786725698864
1.9898980954642875
1.9591479170272446
1.9808259362290785
1.6729330318733675
2.375
1.7924812503605778
2.2608203181716595
1.6729330318733675
1.3516441151533922
2.0049355947431313
1.6858157091530304
1.7205912844701254
1.8676338909712125
2.0349409139562287
1.676737030052133
1.5723516633085879
1.650022421648354
1.8676338909712125
1.7924812503605778
1.9386790169573507
1.6729330318733675
2.1179631753145163
1.6644977792004614
1.926868017501744
1.9197367178034825
1.8322488896002307
1.950212064914747
2.279799131837405
2.070950594454669
1.617189572592715
1.8784775129881184
1.8676338909712125
1.992460577077065
1.5566567074628228
2.5149839026006044
1.7924812503605778
1.8919954870390203
1.8676338909712125
1.7004397181410922
1.6858157091530304
1.6858157091530304
1.780672129520887
2.0430576940642533
2.1967916319816365
2.1179631753145163
1.8676338909712125
1.867633890971212
1.5487949406953985
1.6858157091530304
1.7004397181410922
1.7381493331928664
2.1179631753145163
1.9852281360342516
2.463458298648303
1.8676338909712125
1.9669171866886992
1.6767370300521325
1.573402452417767
2.091917186688699
2.260820318171659
2.0825518169307426
1.7924812503605778
1.8339272176418302
1.4024989947236786
1.75
1.4885252948977485
1.8676338909712125
1.780672129520887
2.0221061127398396
1.6266888497018317
1.7169171866886992
2.0294069451656007
1.2516291673878228
2.146782221599798
1.8423709931771086
1.6767370300521325
1.950212064914747
1.8542858719872461
2.403677461028802
1.9804820237218406
1.7924812503605778
2.0073466740295567
2.440404017720928
1.8975880200290878
1.8075290786806453
1.8210319581338212
1.867633890971212
2.091917186688699
1.6644977792004614
2.3143029514736244
1.8676338909712125
1.4949188482339508
2.396782221599798
1.8676338909712125
1.617189572592715
1.896240625180289
2.260820318171659
1.9386790169573507
2.33012496531497
2.0349409139562287
1.8676338909712125
1.5831699448204213
1.6571164738420845
1.8676338909712125
1.949137865273585
1.5863929597144
1.6644977792004614
2.353533948577482
1.9898980954642875
1.9211796919474975
1.543787746300669
2.33012496531497
1.6858157091530304
2.2096909728231857
1.896240625180289
1.4353713907745331
1.780672129520887
1.780672129520887
2.1739731346044096
1.643751954420502
1.7709505944546686
1.6171895725927152
2.0349409139562287
1.6858157091530304
2.0349409139562287
2.260820318171659
2.125
2.119240704636849
1.4353713907745331
1.7120954362128467
1.8679653582397104
1.8676338909712125
1.6143308351592656
2.125814583693911
1.6171895725927152
1.9814963295286756
2.1416195253341384
1.6171895725927152
2.0349409139562287
1.8676338909712125
1.8322488896002305
1.6729330318733675
1.7924812503605778
1.8784775129881184
1.8389205950315937
1.8676338909712125
1.7924812503605778
1.4591479170272446
1.9591479170272446
1.6644977792004614
1.4591479170272446
2.0349409139562287
1.4591479170272446
1.896240625180289
1.8676338909712125
1.9334975949679492
1.6729330318733675
1.584962500721156
1.6691803368667308
1.8676338909712125
2.091917186688699
2.0349409139562287
1.7924812503605778
1.8980933736695382
1.8336056789417416
1.8676338909712125
1.75
1.8676338909712125
1.896240625180289
1.6767370300521325
1.780672129520887
2.1735572622751853
2.1179631753145163
1.875
1.8542858719872461
2.0602489763846963
1.4488156357251847
1.617189572592715
1.6171895725927152
0.7623068143729896
2.278351811711312
2.0558279011639637
1.9877733714879842
1.8676338909712125
1.8565647621309542
1.792481250360578
2.2132982820604443
1.6729330318733675
1.6171895725927152
2.1967916319816365
1.014097655573916
1.8676338909712125
2.375
2.0349409139562287
1.896240625180289
1.6644977792004614
1.9591479170272446
1.813660689688186
1.896240625180289
1.8676338909712125
1.6171895725927152
1.676737030052133
1.8283350133954004
1.7276975188197246
1.9673539152714477
1.7295739585136223
2.1179631753145163
1.674523642373609
1.780672129520887
1.6171895725927152
1.3787834934861753
2.5283000103388504
1.6644977792004614
1.9591479170272446
1.573402452417767
1.8676338909712125
1.9508257945180885
2.33012496531497
1.4488156357251847
2.0985864121084328
2.1440239107574226
1.6858157091530304
1.676737030052133
1.8676338909712125
2.125814583693911
2.0874628412503395
1.6171895725927152
1.75
1.8617022325423545
2.4404040177209283
2.1179631753145163
2.125814583693911
1.8937666738014507
1.871602261409798
2.0349409139562287
1.9591479170272446
2.0157404324930677
1.6644977792004614
1.792481250360578
1.6589797521242051
1.6767370300521325
1.751629167387823
2.1967916319816365
1.676737030052133
1.983740670882855
1.6171895725927152
2.011920928594794
1.653344649898656
1.6171895725927152
2.125814583693911
1.6858157091530304
1.6858157091530304
1.8676338909712125
2.1179631753145163
2.217021885879718
1.7735572622751854
1.7295739585136223
1.4353713907745331
1.2916919971380594
1.9591479170272446
1.9669171866886992
1.8702538164316223
2.289498129647792
1.950212064914747
2.08929362434924
2.125814583693911
1.792481250360578
1.7924812503605778
2.238920595031594
2.125814583693911
1.6729330318733675
1.9473387961875537
1.6858157091530304
1.9591479170272446
2.125
1.676737030052133
1.9591479170272446
1.7924812503605778
1.5744174271404585
1.9814963295286754
2.040223928941852
1.4056390622295665
2.224601752714581
1.7295739585136223
2.064042639445697
2.202819531114783
2.077819531114783
1.792481250360578
1.6858157091530304
2.4623495650177696
1.991076059838222
1.8748587169101305
1.9877733714879842
1.779907716207443
2.1464657985040723
1.676737030052133
2.0157404324930677
2.4137995646056805
1.6858157091530304
2.0602489763846963
1.8230264907128848
1.9237949406953985
2.125814583693911
1.8676338909712125
1.9508257945180885
1.780672129520887
1.8676338909712125
1.3787834934861753
1.676737030052133
1.867633890971212
2.289246428509158
1.8676338909712125
1.4591479170272446
1.9399824743635556
2.125814583693911
1.9709505944546686
1.8542858719872455
1.8676338909712125
2.1735572622751853
2.1321932831585277
2.2957981006890553
2.4137995646056805
1.6774212838293647
1.676737030052133
1.780672129520887
2.2525340262660305
2.219240704636849
2.011920928594794
1.6729330318733675
1.8919954870390203
1.896240625180289
1.896240625180289
1.896240625180289
1.896240625180289
1.9473387961875537
2.199687794731328
2.162294909570876
1.8676338909712125
1.676737030052133
1.742806233861458
2.216917186688699
1.75
1.617189572592715
2.1440239107574226
1.8676338909712125
1.8676338909712125
1.8676338909712125
2.375
1.9591479170272446
1.8230264907128848
1.8676338909712125
1.4056390622295665
1.9591479170272446
1.6774212838293647
2.1735572622751853
2.040223928941852
1.6956893045363468
1.6143308351592656
2.224601752714581
2.0119209285947934
2.040223928941852
2.0157404324930677
1.867633890971212
1.6858157091530304
1.6858157091530304
2.125814583693911
2.199687794731328
1.8676338909712125
1.9877733714879842
1.8676338909712125
2.019240704636849
1.8230264907128848
1.7924812503605778
1.8676338909712125
1.8702538164316223
1.676737030052133
2.0157404324930677
1.8676338909712125
2.219240704636849
1.6691803368667308
2.0349409139562287
1.896240625180289
2.0
2.353533948577482
1.780672129520887
2.091917186688699
1.6171895725927152
1.8676338909712125
1.8810947601100747
1.4926140680171256
2.199687794731328
1.7295739585136223
1.896240625180289
2.1623687835735015
2.0461796919474975
2.2608203181716595
1.950212064914747
1.4885252948977485
1.2516291673878228
1.4591479170272448
1.9669171866886992
1.780672129520887
2.0349409139562287
1.780672129520887
2.3068905956085186
1.8166422780956524
1.6835866985721901
1.8676338909712125
1.8676338909712125
1.8997218324096137
1.6171895725927152
1.896240625180289
1.2987949406953985
2.05632607578088
1.751629167387823
1.9898980954642875
1.867633890971212
1.8676338909712125
1.6644977792004614
1.8676338909712125
1.4488156357251847
1.8565647621309542
1.6171895725927152
1.950212064914747
1.4949188482339508
1.8676338909712125
2.25
1.9211854965885542
2.33012496531497
1.6858157091530304
1.6577427265048887
1.6140054628542204
1.6858157091530304
1.780672129520887
2.2051099000738694
2.1179631753145163
1.9211854965885542
1.867633890971212
1.9591479170272446
2.1735572622751858
2.1179631753145163
2.064042639445697
1.9182958340544893
1.6858157091530304
2.0930692077718898
1.676737030052133
1.676737030052133
2.3301249653149703
2.125814583693911
1.8676338909712125
1.676737030052133
2.1735572622751853
2.125814583693911
1.8810947601100747
2.0930692077718898
1.7695459925589747
2.425509379502262
2.125814583693911
1.896240625180289
1.833206219346495
1.9591479170272446
2.125814583693911
1.9211854965885544
2.1179631753145163
2.2608203181716595
2.0323032427439522
2.349601752714581
1.8676338909712125
1.780672129520887
2.077819531114783
2.1416195253341384
2.1739731346044096
1.7633584292311082
1.6644977792004614
1.9197367178034825
1.5216406363433184
2.1203388747195953
1.8676338909712125
1.4466166676282082
1.8676338909712125
2.0634582986483037
1.9591479170272446
1.7633584292311082
2.33012496531497
1.7924812503605778
2.3068905956085186
1.896240625180289
1.8423709931771086
2.063458298648303
1.7924812503605778
2.146465798504072
1.7735572622751854
1.8676338909712125
1.8676338909712125
1.8679653582397104
1.867633890971212
1.8676338909712125
1.8810947601100747
2.2608203181716595
1.5
1.7841591278514217
1.6143308351592656
1.7841591278514217
1.8810947601100747
1.6171895725927152
1.9386790169573507
1.75
1.949137865273585
2.33012496531497
2.125814583693911
2.1735572622751853
1.8676338909712125
2.0349409139562287
2.202819531114783
1.6644977792004614
1.3567796494470397
1.6577427265048887
1.8676338909712125
1.9473387961875537
1.9591479170272446
2.217021885879718
1.7841591278514217
2.045841640885174
1.6858157091530304
1.8676338909712125
2.353533948577482
1.6858157091530304
1.7534343861887849
1.992778107459939
1.8676338909712125
1.867633890971212
1.6644977792004614
1.9669171866886992
1.731360029190912
1.6691803368667308
2.38669834670499
1.7387586809150082
1.676737030052133
2.1440239107574226
2.270942421748537
1.824370595197456
1.9016748494382059
1.8676338909712125
1.9090410360817407
1.6644977792004614
2.074164743022575
2.0804820237218404
1.6171895725927152
1.950212064914747
1.780672129520887
2.0814963295286755
1.8676338909712125
1.9591479170272446
1.7924812503605778
1.8810947601100747
2.098579861712074
2.3068905956085186
1.7924812503605778
2.403677461028802
1.7924812503605778
1.8676338909712125
1.7799500009615414
1.6729330318733675
2.2132982820604443
2.1398355237062026
2.619745535150067
1.8810947601100747
2.064042639445697
1.983740670882855
1.8776205033895348
1.8919954870390203
2.1464657985040723
1.676737030052133
2.353533948577482
1.8230264907128848
1.6171895725927152
1.949137865273585
1.8676338909712125
2.2608203181716595
2.322756958897399
1.584962500721156
1.914341183612352
1.676737030052133
2.1416195253341384
2.349601752714581
1.9591479170272446
2.1416195253341384
1.8676338909712125
1.6767370300521325
2.1735572622751853
1.676737030052133
1.9192407046368487
1.8676338909712125
1.676737030052133
1.8676338909712125
1.7004397181410922
1.784315128855494
1.8073549220576042
1.4182958340544896
1.965596230357602
1.6171895725927152
2.1179631753145163
1.8339272176418302
1.9508257945180885
1.8676338909712125
1.824816986216862
2.216917186688699
2.260820318171659
1.8676338909712125
1.867633890971212
1.6258145836939115
2.1042929895909244
1.7956828983511028
1.650022421648354
1.8676338909712125
2.102187170949333
2.3267721485152837
2.349601752714581
1.8402855730017518
1.8676338909712125
1.8676338909712125
1.4591479170272448
2.0049355947431313
1.6171895725927152
1.9131060113376823
1.676737030052133
2.0669597044365595
1.7924812503605778
1.838758680915008
1.875
1.4833557549816874
2.011920928594794
1.4591479170272446
2.0349409139562287
1.9898980954642875
1.2516291673878228
2.0119209285947934
2.2608203181716595
1.7177602521413333
2.091917186688699
1.9473387961875537
2.0157404324930677
2.040223928941852
1.6858157091530304
2.199687794731328
1.8676338909712125
1.867633890971212
1.780672129520887
2.1735572622751853
1.965596230357602
1.676737030052133
2.0349409139562287
1.3787834934861753
1.8676338909712125
2.1118639908793053
1.780672129520887
2.3627402784989338
1.9925841407933456
1.7272486062639207
2.217021885879718
1.8332062193464953
1.6457113704075788
1.8676338909712125
1.2448872029137066
1.6737949406953985
1.9898980954642875
2.064042639445697
2.2256108145207376
1.6858157091530304
1.867633890971212
1.7004397181410922
2.0524212838293647
1.8746637214323076
1.8810947601100747
1.676737030052133
1.6729330318733675
2.2608203181716595
2.7520379569992226
2.146782221599798
1.9591479170272446
1.8676338909712125
2.0349409139562287
1.6767370300521325
1.896240625180289
1.8676338909712125
1.6729330318733675
1.6767370300521325
1.8676338909712125
1.3787834934861753
1.8676338909712125
1.914341183612352
1.896240625180289
1.6858157091530304
2.077819531114783
1.8676338909712125
1.9399824743635556
2.074164743022575
2.1179631753145163
2.125814583693911
1.8676338909712125
1.8676338909712125
1.792481250360578
1.4514602819798572
1.9468063084567848
1.8380267541624737
1.7943614774234513
1.517402326499276
1.6767370300521325
1.9591479170272446
1.9447167900528528
2.040223928941852
1.7295739585136223
2.1739731346044096
1.8419171866886992
1.8676338909712125
1.8676338909712125
1.896240625180289
2.199687794731328
1.4949188482339508
1.6849870376372504
1.676737030052133
1.9898980954642875
2.3494839817876882
2.25
1.9751060324573735
1.9591479170272446
1.7924812503605778
1.9242299136001453
1.8676338909712125
1.9601129787400495
2.1739731346044096
2.199687794731328
1.9591479170272446
2.0349409139562287
1.9852281360342514
1.7924812503605778
2.375
1.8676338909712125
1.75
1.8676338909712125
2.125814583693911
1.9591479170272446
1.8676338909712125
1.780672129520887
1.7924812503605778
2.2608203181716595
2.216917186688699
1.7695459925589747
2.224601752714581
2.064042639445697
1.650682408529206
1.8702538164316223
1.914341183612352
1.8542858719872461
1.6402239289418519
1.9591479170272446
1.6858157091530304
2.2890179898186576
2.125
1.913398473696789
2.064042639445697
1.676737030052133
2.4634582986483036
1.792481250360578
1.8676338909712125
1.2987949406953985
1.950212064914747
1.8676338909712125
2.2717374334224663
2.125814583693911
2.1735572622751853
1.7387586809150082
1.9143029514736247
1.6729330318733675
1.9254106352407239
1.7924812503605778
1.7004397181410922
1.867633890971212
1.6858157091530304
1.8004537364931434
2.260820318171659
1.9403358187557618
1.8676338909712125
2.375
1.676737030052133
2.0524212838293647
1.676737030052133
1.6258145836939115
1.8676338909712125
2.161666470700147
2.1735572622751858
1.8676338909712125
1.7695459925589747
1.8810947601100745
2.091917186688699
1.9732285161344474
1.8676338909712125
2.125814583693911
1.8676338909712125
1.7295739585136223
1.8676338909712125
1.6858157091530304
1.6858157091530304
1.6858157091530304
1.6858157091530304
1.6858157091530304
1.6858157091530304
1.6858157091530304
1.6858157091530304
1.6858157091530304
1.6858157091530304
1.6858157091530304
1.6858157091530304
1.6858157091530304
1.6858157091530304
1.6858157091530304
1.6858157091530304
1.6858157091530304
1.6858157091530304
1.6858157091530304
1.6858157091530304
1.6858157091530304
1.6858157091530304
1.6858157091530304
1.6858157091530304
1.6858157091530304
1.6858157091530304
1.6858157091530304
1.6858157091530304
1.6858157091530304
1.6858157091530304
1.6858157091530304
1.6858157091530304
1.6858157091530304
1.6858157091530304
1.6858157091530304
1.6858157091530304
1.6858157091530304
1.6858157091530304
1.6858157091530304
1.6858157091530304
1.6858157091530304
1.6858157091530304
1.6858157091530304
1.6858157091530304
1.6858157091530304
1.6858157091530304
1.6858157091530304
1.6858157091530304
1.6858157091530304
1.6858157091530304
1.6858157091530304
1.6858157091530304
1.6858157091530304
1.6858157091530304
1.6858157091530304
1.6858157091530304
1.6858157091530304
1.6858157091530304
1.6858157091530304
1.6858157091530304
1.6858157091530304
1.6858157091530304
1.6858157091530304
1.6858157091530304
1.6858157091530304
1.6858157091530304
1.6858157091530304
1.6858157091530304
1.6858157091530304
1.6858157091530304
1.6858157091530304
1.6858157091530304
1.6858157091530304
1.6858157091530304
1.6858157091530304
1.6858157091530304
1.8676338909712125
1.6858157091530304
1.6858157091530304
1.6858157091530304
1.6858157091530304
1.6858157091530304
1.6858157091530304
1.6858157091530304
1.6858157091530304
1.6858157091530304
1.6858157091530304
1.6858157091530304
1.6858157091530304
1.6858157091530304
1.6858157091530304
1.6858157091530304
1.6858157091530304
1.6858157091530304
1.6858157091530304
1.6858157091530304
1.6858157091530304
1.6858157091530304
1.6858157091530304
1.6858157091530304
1.6858157091530304
1.6858157091530304
1.6858157091530304
1.6858157091530304
1.6858157091530304
1.6858157091530304
1.6858157091530304
1.6858157091530304
1.6858157091530304
1.6858157091530304
1.6858157091530304
1.6858157091530304
1.6858157091530304
1.6858157091530304
1.6858157091530304
1.6858157091530304
1.6858157091530304
1.6858157091530304
1.6858157091530304
1.6858157091530304
1.6858157091530304
1.6858157091530304
1.6858157091530304
1.6858157091530304
1.6858157091530304
1.6858157091530304
1.6858157091530304
1.6858157091530304
1.6858157091530304
1.6858157091530304
1.6858157091530304
1.6858157091530304
1.6858157091530304
1.6858157091530304
1.6858157091530304
1.6858157091530304
1.6858157091530304
1.6858157091530304
1.6858157091530304
1.6858157091530304
1.6858157091530304
1.6858157091530304
1.6858157091530304
1.6858157091530304
1.6858157091530304
1.6858157091530304
1.6858157091530304
1.6858157091530304
1.6858157091530304
1.6858157091530304
1.6858157091530304
1.6858157091530304
1.6858157091530304
1.6858157091530304
1.6858157091530304
1.6858157091530304
1.6858157091530304
1.6858157091530304
1.6858157091530304
1.6858157091530304
1.6858157091530304
1.6858157091530304
1.6858157091530304
1.6858157091530304
1.6858157091530304
1.6858157091530304
1.6858157091530304
1.6858157091530304
1.6858157091530304
1.6858157091530304
1.6858157091530304
1.6858157091530304
1.6858157091530304
1.6858157091530304
1.6858157091530304
1.6858157091530304
1.6858157091530304
1.6858157091530304
1.6858157091530304
1.6858157091530304
1.6858157091530304
1.6858157091530304
1.6858157091530304
1.6858157091530304
1.6858157091530304
1.6858157091530304
1.6858157091530304
1.6858157091530304
1.6858157091530304
1.6858157091530304
1.6858157091530304
1.6858157091530304
1.6858157091530304
1.6858157091530304
1.6858157091530304
1.6858157091530304
1.6858157091530304
1.6858157091530304
1.6858157091530304
1.6858157091530304
1.6858157091530304
1.6858157091530304
1.6858157091530304
1.6858157091530304
1.6858157091530304
1.6858157091530304
1.6858157091530304
1.6858157091530304
1.6858157091530304
1.6858157091530304
1.6858157091530304
1.6858157091530304
1.6858157091530304
1.6858157091530304
1.6858157091530304
1.6858157091530304
1.6858157091530304
1.6858157091530304
1.6858157091530304
1.6858157091530304
1.6858157091530304
1.6858157091530304
1.6858157091530304
1.6858157091530304
1.6858157091530304
1.6858157091530304
1.6858157091530304
1.6858157091530304
1.6858157091530304
1.6858157091530304
1.6858157091530304
1.6858157091530304
1.6858157091530304
1.6858157091530304
1.6858157091530304
1.6858157091530304
1.6858157091530304
1.6858157091530304
1.6858157091530304
1.6858157091530304
1.6858157091530304
1.6858157091530304
1.6858157091530304
1.6858157091530304
1.6858157091530304
1.6858157091530304
1.6858157091530304
1.6858157091530304
1.6858157091530304
1.6858157091530304
1.6858157091530304
1.6858157091530304
1.6858157091530304
1.6858157091530304
1.6858157091530304
1.6858157091530304
1.6858157091530304
1.6858157091530304
1.6858157091530304
1.6858157091530304
1.6858157091530304
1.6858157091530304
1.6858157091530304
1.6858157091530304
1.6858157091530304
1.6858157091530304
1.6858157091530304
1.6858157091530304
1.6858157091530304
1.6858157091530304
1.6858157091530304
1.6858157091530304
1.6858157091530304
1.6858157091530304
1.6858157091530304
1.6858157091530304
1.6858157091530304
1.6858157091530304
1.6858157091530304
1.6858157091530304
1.6858157091530304
1.6858157091530304
1.6858157091530304
1.6858157091530304
1.6858157091530304
1.6858157091530304
1.6858157091530304
1.6858157091530304
1.6858157091530304
1.6858157091530304
1.6858157091530304
1.6858157091530304
1.6858157091530304
1.6858157091530304
1.6858157091530304
1.6858157091530304
1.6858157091530304
1.6858157091530304
1.6858157091530304
1.6858157091530304
1.6858157091530304
1.6858157091530304
1.6858157091530304
1.6858157091530304
1.6858157091530304
1.8676338909712125
1.6858157091530304
1.6858157091530304
1.6858157091530304
1.6858157091530304
1.6858157091530304
1.6858157091530304
1.6858157091530304
1.6858157091530304
1.6858157091530304
1.6858157091530304
1.6858157091530304
1.6858157091530304
1.6858157091530304
1.6858157091530304
1.6858157091530304
1.6858157091530304
1.6858157091530304
1.6858157091530304
1.6858157091530304
1.6858157091530304
1.6858157091530304
1.6858157091530304
1.6858157091530304
1.6858157091530304
1.6858157091530304
1.6858157091530304
1.6858157091530304
1.6858157091530304
1.6858157091530304
1.6858157091530304
1.6858157091530304
1.6858157091530304
1.6858157091530304
1.6858157091530304
1.6858157091530304
1.6858157091530304
1.6858157091530304
1.6858157091530304
1.6858157091530304
1.6858157091530304
1.6858157091530304
1.6858157091530304
1.6858157091530304
1.6858157091530304
1.6858157091530304
1.6858157091530304
1.6858157091530304
1.6858157091530304
1.6858157091530304
1.6858157091530304
1.6858157091530304
1.6858157091530304
1.6858157091530304
1.6858157091530304
1.6858157091530304
1.6858157091530304
1.6858157091530304
1.6858157091530304
1.6858157091530304
1.6858157091530304
1.6858157091530304
1.6858157091530304
1.6858157091530304
1.6858157091530304
1.6858157091530304
1.6858157091530304
1.6858157091530304
1.6858157091530304
1.6858157091530304
1.6858157091530304
1.6858157091530304
1.6858157091530304
1.6858157091530304
1.6858157091530304
1.6858157091530304
1.6858157091530304
1.6858157091530304
1.6858157091530304
1.6858157091530304
1.6858157091530304
1.6858157091530304
1.6858157091530304
1.6858157091530304
1.6858157091530304
1.6858157091530304
1.6858157091530304
1.6858157091530304
1.6858157091530304
1.6858157091530304
1.6858157091530304
1.6858157091530304
1.6858157091530304
1.6858157091530304
1.6858157091530304
1.6858157091530304
1.6858157091530304
1.6858157091530304
1.6858157091530304
1.6858157091530304
1.6858157091530304
1.6858157091530304
1.6858157091530304
1.6858157091530304
1.6858157091530304
1.6858157091530304
1.8676338909712125
1.8676338909712125
1.6858157091530304
1.6858157091530304
1.6858157091530304
1.6858157091530304
1.6858157091530304
1.6858157091530304
1.6858157091530304
1.6858157091530304
1.6858157091530304
1.6858157091530304
1.6858157091530304
1.6858157091530304
1.6858157091530304
1.6858157091530304
1.6858157091530304
1.6858157091530304
1.6858157091530304
1.6858157091530304
1.6858157091530304
1.6858157091530304
1.6858157091530304
1.6858157091530304
1.6858157091530304
1.6858157091530304
1.8282344370732122
1.6858157091530304
1.6858157091530304
1.6858157091530304
1.6858157091530304
1.6858157091530304
1.6858157091530304
1.6858157091530304
1.6858157091530304
1.6858157091530304
1.6858157091530304
1.6858157091530304
1.6858157091530304
1.6858157091530304
1.6858157091530304
1.6858157091530304
1.6858157091530304
1.6858157091530304
1.6858157091530304
1.6858157091530304
1.6858157091530304
1.6858157091530304
1.6858157091530304
1.6858157091530304
1.6858157091530304
1.8676338909712125
1.8676338909712125
1.6858157091530304
1.6858157091530304
1.6858157091530304
1.6858157091530304
1.6858157091530304
1.6858157091530304
1.6858157091530304
1.6858157091530304
1.6858157091530304
1.6858157091530304
1.6858157091530304
1.6858157091530304
1.6858157091530304
1.6858157091530304
1.6858157091530304
1.6858157091530304
1.6858157091530304
1.6858157091530304
1.6858157091530304
1.6858157091530304
1.6858157091530304
1.6858157091530304
1.6858157091530304
1.6858157091530304
1.6858157091530304
1.6858157091530304
1.6858157091530304
1.6858157091530304
1.6858157091530304
1.6858157091530304
1.6858157091530304
1.6858157091530304
1.6858157091530304
1.6858157091530304
1.6858157091530304
1.6858157091530304
1.6858157091530304
1.6858157091530304
1.6858157091530304
1.6858157091530304
1.6858157091530304
1.6858157091530304
1.6858157091530304
1.6858157091530304
1.6858157091530304
1.6858157091530304
1.6858157091530304
1.6858157091530304
1.6858157091530304
1.6858157091530304
1.6858157091530304
1.6858157091530304
1.6858157091530304
1.6858157091530304
1.6858157091530304
1.6858157091530304
1.6858157091530304
1.6858157091530304
1.6858157091530304
1.6858157091530304
1.6858157091530304
1.7295739585136223
1.6858157091530304
1.6858157091530304
1.6858157091530304
1.6858157091530304
1.6858157091530304
1.6858157091530304
1.6858157091530304
1.6858157091530304
1.6858157091530304
1.6858157091530304
1.6858157091530304
1.6858157091530304
1.6858157091530304
1.6858157091530304
1.6858157091530304
1.6858157091530304
1.6858157091530304
1.6858157091530304
1.6858157091530304
1.6858157091530304
1.6858157091530304
1.6858157091530304
1.6858157091530304
1.6858157091530304
1.6858157091530304
1.6858157091530304
1.6858157091530304
1.6858157091530304
1.6858157091530304
1.6858157091530304
1.6858157091530304
1.765246528378741
1.765246528378741
1.6858157091530304
1.6858157091530304
1.6858157091530304
1.6858157091530304
1.6858157091530304
1.6858157091530304
1.6858157091530304
1.6858157091530304
1.6858157091530304
1.6858157091530304
1.6858157091530304
1.6858157091530304
1.6858157091530304
1.6858157091530304
1.6858157091530304
1.6858157091530304
1.6858157091530304
1.6858157091530304
1.6858157091530304
1.6858157091530304
1.765246528378741
1.765246528378741
1.6858157091530304
1.6858157091530304
1.6858157091530304
1.6858157091530304
1.6858157091530304
1.6858157091530304
1.6858157091530304
1.6858157091530304
1.6858157091530304
1.6858157091530304
1.6858157091530304
1.6858157091530304
1.6858157091530304
1.6858157091530304
1.6858157091530304
1.6858157091530304
1.6858157091530304
1.6858157091530304
1.6858157091530304
1.6858157091530304
1.6858157091530304
1.6858157091530304
1.6858157091530304
1.6858157091530304
1.6858157091530304
1.6858157091530304
1.6858157091530304
1.6858157091530304
1.6858157091530304
1.6858157091530304
1.6858157091530304
1.6858157091530304
1.6858157091530304
1.6858157091530304
1.6858157091530304
1.6858157091530304
1.6858157091530304
1.6858157091530304
1.6858157091530304
1.6858157091530304
1.6858157091530304
1.6858157091530304
1.6858157091530304
1.6858157091530304
1.6858157091530304
1.6858157091530304
1.6858157091530304
1.6858157091530304
1.6858157091530304
1.6858157091530304
1.6858157091530304
1.6858157091530304
1.6858157091530304
1.6858157091530304
1.6858157091530304
1.6858157091530304
1.6858157091530304
1.6858157091530304
1.6858157091530304
1.6858157091530304
1.6858157091530304
1.6858157091530304
1.6858157091530304
1.6858157091530304
1.6858157091530304
1.6858157091530304
1.6858157091530304
1.6858157091530304
1.6858157091530304
1.6858157091530304
1.9732285161344474
1.876654497859216
1.2516291673878228
2.074164743022575
1.896240625180289
1.8846142455952377
2.038760752862686
1.7295739585136223
1.9732285161344474
2.1398355237062026
1.760495029766198
2.146782221599798
2.064042639445697
1.676737030052133
1.8336056789417416
1.7987949406953985
2.292071752457787
1.6644977792004614
2.1735572622751858
1.8230264907128848
1.9166422780956522
2.1416195253341384
1.9591479170272446
2.0300872246321315
1.9502120649147467
1.8676338909712125
1.8676338909712125
2.0074123690628456
2.011920928594794
1.7947367178034823
2.0930692077718898
1.950212064914747
2.125814583693911
2.355084951819779
2.125814583693911
1.6171895725927152
1.9638413378563853
1.6577427265048887
2.2608203181716595
1.8676338909712125
1.9669171866886992
1.8676338909712125
2.219240704636849
1.8784775129881184
2.102187170949333
2.1464657985040723
1.8676338909712125
1.780672129520887
1.8423709931771086
1.676737030052133
1.9473387961875537
1.7841591278514217
1.9386790169573507
2.0349409139562287
1.6644977792004614
1.4591479170272448
1.9669171866886992
1.4591479170272448
1.7924812503605778
2.040223928941852
2.463458298648303
2.129567987418323
1.6644977792004614
1.9473387961875537
1.4926140680171256
1.75
1.8676338909712125
1.949137865273585
1.9653059184883492
1.9591479170272446
1.7924812503605778
1.676737030052133
1.7004397181410922
2.213388725341426
2.0202442071537563
2.224601752714581
2.1179631753145163
1.896240625180289
2.0119209285947934
1.894273869771264
1.8024212838293647
1.8676338909712125
1.867633890971212
1.7947367178034823
1.8640054628542204
1.8676338909712125
2.0063309305961794
2.133387491316597
1.8676338909712125
1.896240625180289
1.9669171866886992
2.375
1.775523493673489
1.650022421648354
1.7464657985040721
2.125814583693911
1.758842712835596
1.3516441151533922
2.270942421748537
1.8676338909712125
1.8024212838293647
1.6258145836939115
2.0461796919474975
2.6088172073634306
1.573402452417767
1.9591479170272446
2.1295679874183233
1.875
1.5510981710072647
1.8810947601100747
2.1179631753145163
1.6729330318733675
1.7924812503605778
2.396782221599798
1.6729330318733675
1.9068905956085187
2.064042639445697
1.3787834934861753
1.5016144718101818
2.0131324651707385
2.1887870678023824
1.9877733714879842
1.3787834934861753
2.078491674029184
1.676737030052133
2.2608203181716595
1.6729330318733675
1.5916727785823275
1.896240625180289
1.8676338909712125
2.064042639445697
1.792481250360578
2.353533948577482
1.6171895725927152
1.9669171866886992
1.7924812503605778
1.7295739585136223
1.6577427265048887
2.0580531366523855
2.1464657985040723
1.7159321855150291
1.7659362716747564
1.9417194497876833
1.8676338909712125
1.950212064914747
1.7034253481236674
2.05632607578088
1.8676338909712125
1.6858157091530304
1.8810947601100747
1.7924812503605778
2.077819531114783
1.676737030052133
1.9473387961875537
1.6858157091530304
1.9898980954642875
1.6858157091530304
1.9877733714879842
1.7924812503605778
2.4137995646056805
1.6171895725927152
1.8676338909712125
1.867633890971212
1.8389205950315937
1.9473387961875537
1.792481250360578
1.8325518169307426
1.8676338909712125
1.949137865273585
2.202819531114783
1.7924812503605778
2.4729055953200563
1.6691803368667308
1.6691803368667308
1.6691803368667308
1.6691803368667308
1.6691803368667308
1.6691803368667308
1.6691803368667308
1.6691803368667308
1.8810947601100745
1.6691803368667308
1.6691803368667308
1.6691803368667308
1.6691803368667308
1.8322488896002305
1.6691803368667308
1.8810947601100747
1.6691803368667308
1.6691803368667308
1.6691803368667308
1.6691803368667308
2.0157404324930677
1.6858157091530304
1.8810947601100747
1.867633890971212
1.9591479170272446
1.1488348542809166
2.119240704636849
2.125814583693911
1.780672129520887
1.4591479170272446
2.2608203181716595
1.9447167900528528
1.6858157091530304
2.008805622540176
1.75
1.867633890971212
1.9877733714879842
1.8676338909712125
1.9386790169573507
1.6171895725927152
1.8676338909712125
1.9473387961875537
1.950212064914747
1.3787834934861753
1.8676338909712125
1.7967916319816366
1.6171895725927152
1.6171895725927152
1.6171895725927152
1.8919954870390203
1.8751310486364097
1.7295739585136223
1.4591479170272446
1.676737030052133
1.7295739585136223
1.8702538164316223
1.4056390622295665
2.012762700147288
1.8795296120077345
2.0985798617120746
2.0985798617120746
1.8676338909712125
1.7924812503605778
2.199687794731328
1.6858157091530304
1.9591479170272446
1.8676338909712125
2.322756958897399
2.396782221599798
1.4949188482339508
2.102187170949333
2.045841640885174
2.1416195253341384
1.8810947601100747
1.9782990980624293
1.75
1.8676338909712125
1.9877733714879842
2.199687794731328
1.8676338909712125
1.8676338909712125
1.8230264907128848
2.1464657985040723
1.781937063546704
1.8702538164316223
1.6858157091530304
1.6644977792004614
1.6858157091530304
1.9591479170272446
1.5709505944546687
2.125814583693911
2.1179631753145163
2.1179631753145163
1.7924812503605778
1.8702538164316223
1.792481250360578
1.9852281360342514
1.896240625180289
2.0049355947431313
1.8676338909712125
2.1464657985040723
1.8676338909712125
2.2608203181716595
1.7924812503605778
1.8282344370732124
1.914341183612352
1.4488156357251847
1.573402452417767
1.8676338909712125
1.96981578242681
2.1609640474436813
1.780672129520887
1.780672129520887
2.202819531114783
1.7004397181410922
2.125814583693911
1.875
2.125814583693911
1.8542858719872461
1.896240625180289
1.8676338909712125
1.875
2.278351811711312
2.099601752714581
1.9508257945180885
1.8676338909712125
2.1416195253341384
2.169925001442312
2.125814583693911
2.08746284125034
1.9669171866886992
1.6858157091530304
1.8542858719872461
1.8676338909712125
1.7944684148604482
1.8676338909712125
2.0985798617120746
1.8676338909712125
1.5617677112802775
2.030672129520887
2.216917186688699
1.8676338909712125
1.9211854965885542
1.689391746743088
1.8676338909712125
1.9877733714879842
1.6858157091530304
1.6258145836939115
2.359879028736861
1.9591479170272446
1.7244078178625923
1.676737030052133
1.4949188482339508
1.7924812503605778
2.091917186688699
1.6729330318733675
1.8676338909712125
1.2516291673878228
2.125814583693911
1.7712589600219497
2.279799131837405
1.7709505944546686
1.6858157091530304
2.011920928594794
1.8810947601100747
1.6140054628542202
1.8810947601100745
2.125814583693911
2.199687794731328
1.7004397181410922
1.7004397181410922
1.7004397181410922
1.7004397181410922
1.7004397181410922
1.7004397181410922
1.7004397181410922
1.7004397181410922
1.7004397181410922
1.7004397181410922
1.7004397181410922
1.7004397181410922
1.7004397181410922
1.7004397181410922
1.7004397181410922
1.7004397181410922
1.7004397181410922
1.7004397181410922
1.7004397181410922
1.7004397181410922
1.7004397181410922
1.7004397181410922
1.7004397181410922
1.7004397181410922
1.7004397181410922
1.7004397181410922
1.7004397181410922
1.7004397181410922
1.7004397181410922
1.7004397181410922
1.7004397181410922
1.7004397181410922
1.7004397181410922
1.7004397181410922
1.7004397181410922
1.7004397181410922
1.7004397181410922
1.7004397181410922
1.7004397181410922
1.7004397181410922
1.7004397181410922
1.7004397181410922
1.7004397181410922
1.7004397181410922
1.7004397181410922
1.7004397181410922
1.7004397181410922
1.7004397181410922
1.7004397181410922
1.7004397181410922
1.7004397181410922
1.7004397181410922
1.7004397181410922
1.7004397181410922
1.7004397181410922
1.7004397181410922
1.7004397181410922
1.7004397181410922
1.7004397181410922
1.7004397181410922
1.7004397181410922
1.7004397181410922
1.7004397181410922
1.7004397181410922
1.7004397181410922
1.7004397181410922
1.7004397181410922
1.7004397181410922
1.7004397181410922
1.7004397181410922
1.7004397181410922
1.7004397181410922
1.7004397181410922
1.7004397181410922
1.7004397181410922
1.7004397181410922
1.7004397181410922
1.7004397181410922
1.7004397181410922
1.7004397181410922
1.7004397181410922
1.8073549220576042
1.867633890971212
