Shannon_Entropy
3.821928094887362
3.605388542207534
3.3082708345352603
3.418295834054489
2.4508257945180882
3.085055102756477
2.5654483718208256
2.5220552088742005
3.182005814760214
0.6193821946787638
1.1540157730728
1.6691803368667308
1.5465935642949382
1.5416892248400094
1.3221793455166666
1.562688039303908
0.9567657083663144
1.4299111709758698
1.640223928941852
1.8681066087091303
1.2366407419411674
1.5
2.2750929331557024
2.1653519144253828
0.9141828384352135
1.6547717145751624
2.9852281360342525
3.9408245684444005
3.521640636343319
2.7329145639793975
0.7732283485249176
3.6168746059562227
2.2577560641285177
1.1451104143815827
3.0849625007211556
1.0892300788425848
1.022420703848328
0.7732283485249176
1.2389012566026305
3.4713544870139286
1.1451104143815827
3.039148671903071
1.780672129520887
1.2916919971380596
0.8166890883150209
0.6685644431995964
1.1451104143815827
1.5058762556041068
1.2806721295208872
1.207518749639422
0.8795064608120066
1.7735572622751854
1.321606958388347
1.8542858719872461
3.4182958340544896
0.9933927290103626
2.984769618706743
3.327819531114783
3.3248629576173574
3.5585186130489057
2.9182958340544896
3.7841837197791888
3.0220552088742
2.6535442970305683
3.169925001442312
1.0389205950315936
3.3401998765158556
3.373557262275185
1.2720415352311307
1.3250112108241772
1.207518749639422
1.4182958340544896
0.8166890883150209
0.9321380397593749
3.239097917988786
3.736006946447657
3.572469458770136
3.384183719779189
1.6872515302903894
1.2086489509530647
1.8422921890824147
1.2606205540301898
1.822815600352516
0.8166890883150209
1.6388067184095578
1.6571602433530894
1.9877733714879842
3.5562012808079033
3.688721875540867
0.9510864799233876
0.7345299214394703
3.182005814760214
1.6386199635932097
3.2841837197791888
3.6841837197791887
0.9933927290103626
2.437065831519022
1.6143308351592656
3.2364405016961446
3.323231428797621
1.7295739585136223
1.3355055565170972
2.221251836004466
0.9463729359854419
2.688721875540867
1.4832261969709113
1.3716407621868583
1.1451104143815827
1.768853837616
3.2447746446483725
3.0790795706241743
2.6455933144511468
3.2921232886306364
3.279467003481365
2.7838030225755572
3.2466104811913574
2.7282129458410016
3.1021869000500404
2.4137995646056805
1.6894822670191825
3.202819531114783
1.4966407621868583
1.752433092126962
1.7221441753881117
1.7826062003833105
1.3633800759802648
1.4572659136233872
1.188721875540867
0.8166890883150209
1.896240625180289
2.34776913241433
2.396240625180289
2.1209520310264036
1.3784188527203236
1.4345491399952024
3.41041725276052
1.6258145836939115
2.8150724101159437
3.6887218755408675
4.056020968057881
3.751789011092168
3.2359263506290334
3.4585663756578335
3.3908054820769813
3.8477426785812736
3.8362199082403885
3.640319531114783
1.6258145836939115
3.0220552088742
0.9463729359854419
1.780672129520887
1.7004397181410922
1.9473387961875537
1.6493974703476992
1.158938532350277
1.497385205007079
3.084962500721156
2.128085278891394
0.988180837004676
0.9463729359854419
1.5058231002082845
1.1191194231256714
1.158938532350277
1.745557425027593
1.220728902106009
1.7166422780956523
3.5465935642949384
0.8501514254479945
1.186278124459133
1.6589797521242051
1.134969974603941
1.8024212838293647
1.5435644431995963
1.6258145836939115
3.5465935642949384
3.5368867237421666
3.378783493486176
3.75
3.7089660826946234
0.818384478124978
3.521640636343319
1.0408520829727552
1.7436664314669332
1.188721875540867
1.2916919971380596
2.8553885422075336
2.411602217974672
3.3927474104487847
3.378783493486176
3.521640636343319
3.2806390622295662
1.3058237841991034
1.3630083113425158
1.2577148214953864
2.0550365325772657
1.5058762556041068
1.1401156785146092
1.0892300788425848
1.5058762556041068
1.7004397181410922
1.0263137138648348
1.3520301017579528
2.688721875540867
2.556656707462823
1.2866926683547546
1.1219280948873622
0.7219280948873623
2.038159681645953
1.0408520829727552
1.0534081504863568
3.1751231351134614
3.378783493486176
1.1451104143815827
1.1451104143815827
3.180832987205441
1.3250112108241772
3.5841837197791886
3.521640636343319
1.1451104143815827
1.5916727785823275
3.506890595608518
3.084962500721156
2.0845913950209156
3.182005814760214
3.5465935642949384
1.3244602933016414
3.588354347173234
2.637026622304763
1.8005536741835049
1.914341183612352
1.0862293462325945
1.5589385323502771
1.8919954870390203
3.3660913291191914
3.9787773994329494
3.7663326399706225
3.8820451081368628
1.6143308351592656
1.4256051990169436
1.4182958340544896
1.0408520829727552
1.0408520829727552
1.4182958340544896
1.134969974603941
3.5530900835303276
2.688721875540867
3.516430906016466
2.8402239289418523
3.5878587982995085
3.373557262275185
3.506890595608519
3.189898095464287
1.0219280948873624
4.165687201110394
4.06805076940532
1.9795739585136223
1.7295739585136223
1.5567796494470394
3.337175341123077
2.751629167387823
3.481714572986073
2.2359263506290326
2.1812056673346514
2.0874628412503395
2.0208230401143887
2.040223928941852
1.950212064914747
2.0922149361514055
2.1739731346044096
2.0796786498829745
2.0165327065623715
1.8810947601100747
3.182005814760214
1.5197284615795614
0.6193821946787638
1.1451104143815827
0.7228578977329688
3.452819531114783
3.5841837197791886
3.4701755214643453
3.039148671903071
4.007915997047346
4.092745526009696
3.4273334938982645
3.3735572622751846
3.09306920777189
3.625
3.9309884567922007
3.0708470936225174
3.0850551027564768
3.0269868333592873
2.692380602454975
3.639408423097839
3.25
1.3342094594480487
1.4966407621868583
3.0220552088742
0.8166890883150209
1.5510981710072647
2.021607085178227
3.3232314287976203
3.772055208874201
2.7516291673878226
1.4966407621868583
1.4182958340544896
0.9255008230823549
1.871602261409798
1.4652556501132248
1.2772018112022603
1.5628066316931741
3.238901256602631
2.1572081387571336
2.0893640418464674
2.1779572446790847
2.091801329517334
2.303366717747379
2.1413913730063556
2.150509208347295
2.0989295636909353
2.0875766428471136
3.6695767463163933
3.378783493486176
1.4079824483474697
3.139572261986723
1.2332247882202196
1.188721875540867
1.186278124459133
1.4674579648482995
1.439254017211876
0.8743095546405661
1.54515219719895
1.9824575106554494
1.158938532350277
3.9001530166977116
3.375
3.32323142879762
3.321104330578489
2.6235166412180155
2.8665871058289594
1.1451104143815827
1.1386865525783176
0.8112781244591328
1.7130788426267936
1.0892300788425848
1.207518749639422
1.4237949406953985
2.8553885422075336
1.207518749639422
1.0389205950315936
3.180832987205441
1.2916919971380596
1.1216407621868583
1.6321654021612106
1.9211796919474975
1.207518749639422
0.988180837004676
1.2494602799216177
1.4320062125405801
1.404678473063571
1.775523493673489
1.914341183612352
3.189898095464287
3.695501148817395
3.801108500731241
3.4104172527605203
3.5068905956085183
3.2927701939369904
3.76429908806447
3.827819531114783
3.4251185503571393
3.084962500721156
3.429682606644449
1.5693078231812962
2.657742726504889
3.4039894464852614
3.7398775745709463
3.2089459601713033
3.4031071683628116
3.8035088547976788
3.189898095464287
3.558518613048906
3.7406015629507228
3.2402239289418517
3.5
4.026789760843894
1.7390785526484644
4.0353588197925205
4.0495074211692454
4.058859641440449
4.076879804868161
4.0188760862855935
4.076879804868161
3.868066479308064
3.9334717027765578
2.5219280948873624
4.061525762476494
3.0849625007211556
3.4613201402110083
3.202819531114783
1.2870540281187268
3.7254805569978675
2.9312089489103235
3.5068905956085183
3.311844101310204
3.593269689515108
3.4565647621309536
2.872905595320056
3.2927701939369904
3.9424637801696867
3.182005814760214
3.182005814760214
3.2516291673878226
1.9211796919474975
3.202819531114783
1.0377724203178629
2.845350936622437
3.125
2.861192552331381
2.720612021936415
1.8854752972273343
1.789929075309999
1.6266144718101818
3.182005814760214
1.6083736962124922
1.6337314206421327
0.9996551889197437
1.584962500721156
2.918295834054489
2.9735572622751856
1.2806721295208872
4.168319200822956
4.088692898453057
1.7947367178034825
3.503258334775645
3.106890595608519
1.780672129520887
0.8960382325345574
3.3232314287976203
3.180832987205441
1.188721875540867
1.5306390622295665
3.2312702546075758
3.238901256602631
3.221097250057956
3.4182958340544896
3.5585186130489053
2.8962915290459277
3.153571738477581
2.918295834054489
3.4219280948873623
2.950212064914747
3.721928094887362
3.0220552088742005
3.6732696895151085
3.128085278891395
3.780357669009909
3.3940502466255755
3.3485176326855948
4.154493289839737
3.7865221495303647
3.963557968674586
3.2516291673878226
2.8553885422075336
3.6320488277869583
3.3735572622751855
3.2810361125534233
1.6922718656836107
1.0408520829727552
3.085055102756477
1.780672129520887
3.378783493486176
3.189898095464287
3.506890595608519
3.594465636961452
3.5
3.238901256602631
3.327339900083508
3.4992275471326932
3.4613201402110083
3.3927474104487847
3.239097917988786
3.6823323262263
3.366091329119192
2.9689185639620974
2.8962915290459277
3.8021080795811115
3.239097917988786
3.684183719779189
2.7773627950641693
3.1307179879273748
3.202819531114783
0.9912642605354287
3.783465189601646
3.238901256602631
1.4885252948977485
2.9182958340544896
3.2841837197791888
3.2402239289418517
0.9463729359854419
1.0975378398419535
1.5465935642949382
2.9852281360342525
1.186278124459133
1.2332570395415439
1.4182958340544896
3.182005814760214
3.208884070537636
3.2402239289418517
3.821928094887362
3.5766176449086653
3.3680424225727155
3.3927474104487847
0.854656693597637
4.127414508730019
4.064657744837891
4.139329528847899
4.041060551862741
3.2806390622295662
3.8634651896016465
4.128178044376276
3.9373261452560078
3.327819531114783
3.5841837197791886
2.9182958340544896
2.952819531114783
3.0269868333592873
1.1401156785146092
1.2319817814011405
2.098579861712074
1.0529815751302694
1.6493974703476992
1.342597699161175
0.7732283485249176
0.6402064333604701
1.1386865525783176
1.1451104143815827
1.4622659680196122
1.6688388898504305
1.6835866985721901
1.3699740752745009
1.7606984141764848
1.763842122782458
1.6879430945989
0.6998428398862386
2.221251836004466
3.684666061174993
3.57618040266267
3.692447595928928
1.3633800759802648
1.5058762556041068
3.438721875540867
3.628704349904422
3.5090356337908917
1.1401156785146092
1.6697367178034825
1.0408520829727552
3.6211755429194716
1.1451104143815827
3.3371753411230776
3.2402239289418517
3.056564762130954
2.697474999535274
2.784431521274404
2.877975180246702
1.5569010760354054
2.873140679513133
3.0565647621309537
2.950212064914747
2.5654483718208256
3.8693312611115185
3.2516291673878226
3.039148671903071
3.084962500721156
2.6455933144511468
3.869331261111518
3.3735572622751846
3.5465935642949384
1.6225562489182659
1.0848063548455136
3.039353872167201
3.2608281712244547
0.9933927290103626
1.2516291673878228
1.2332247882202196
4.071842145312888
3.90800756692086
3.327819531114783
3.1556390622295662
2.702819531114783
3.7526931546752627
3.4817145729860717
3.501397825434103
3.48582592784901
3.429275070710713
3.3232314287976203
3.803386675328774
3.797020431713803
3.260828171224455
3.2390979179887864
2.5654483718208256
3.6902603909683833
3.0220552088742
3.6292196865240967
3.447401504705915
3.4852281360342516
3.355388542207534
2.688721875540867
3.418295834054489
3.2402239289418526
3.238901256602631
3.565448371820825
3.43162356584743
3.3950849518197788
0.8030717273241024
1.2108100261060328
1.562688039303908
0.49715018363696706
3.3787834934861767
4.038310595615006
4.01002739943295
3.4992275417233563
4.006478297997705
4.017931843417094
4.091843978881495
3.202819531114783
3.5395722619867227
3.4613201402110083
3.0220552088742005
3.5
3.940351042928689
3.746439344671015
3.8395056467475195
2.692380602454975
3.0269868333592873
2.2569089895583545
1.584962500721156
3.958229168669879
3.1037016960573482
3.7541634277688813
3.039148671903071
3.039148671903071
2.21739361124824
2.034213753850693
0.9912642605354288
3.546593564294939
2.8150724101159437
1.2917601481809733
0.9451696091196164
1.9508257945180885
3.085055102756477
3.7784235030301256
3.4182958340544896
3.266332639970623
2.8423709931771093
3.4464393446710155
3.0385623360756298
3.30827083453526
3.4858259278490107
3.6383416137541063
3.3735572622751846
3.5086949695628418
3.238901256602631
3.4397106501513615
3.3248629576173574
3.555533151426996
3.486440501696145
3.1898980954642866
3.013070929103845
3.0441104177484006
1.275162982784857
1.6087001655198914
1.4604846813131116
2.0607546627667133
1.2957378005380122
3.188721875540867
1.6140054628542204
2.9852281360342516
2.8962915290459286
3.2516291673878226
1.5700578392573044
1.4516607643577668
1.417051443618833
1.3444861960096064
0.8166890883150209
1.5216406363433184
2.918295834054489
1.6137129703673825
1.4299111709758698
0.9463729359854419
1.4299111709758698
1.207518749639422
3.1751231351134614
3.202819531114783
2.251629167387823
1.6266144718101818
1.0529815751302694
1.2957378005380122
2.9056390622295662
1.2419460322060458
3.0269868333592873
3.521640636343319
3.4548223999466066
1.7233083338141042
1.0892300788425848
1.1451104143815827
1.0529815751302694
3.506890595608518
2.5654483718208256
2.8414460711655214
3.4565647621309536
2.918295834054489
3.378783493486176
1.207518749639422
0.9637459942073318
2.5607654599408667
2.4115091984199104
3.663532754804254
2.6022170014624826
2.3787834934861753
3.263933429485634
2.6601297526332575
2.5805250547264262
2.084962500721156
2.7681020701914805
2.199687794731328
2.2505251369803143
2.5996659733039564
2.542328989413759
2.0300872246321315
2.328194402482358
2.439353872167201
2.35845859334435
2.702819531114783
2.5650765423363695
2.3522170014624826
2.6565647621309543
1.2366407419411674
1.1050139971135322
0.9463729359854419
1.4534909080039504
0.9217544759335055
1.0529815751302694
1.5157895841746822
1.4256051990169438
3.452819531114783
3.5068905956085183
3.763646770676926
3.197159723424149
1.1451104143815827
2.656262112609051
2.42518883462498
1.856564762130954
1.9699577471019991
1.2958363892911637
0.8166890883150209
3.2516291673878226
3.521928094887362
3.886842188131012
3.238901256602631
3.1898980954642866
3.378783493486176
0.8475846798245739
3.3532696895151073
3.240223928941852
3.904989743779991
3.819548827786958
3.7544418457133446
3.0269868333592873
3.1808329872054406
3.1018812234760182
3.0269868333592873
3.0220552088742
2.822579761842491
1.207518749639422
1.3244602933016414
1.272905595320056
1.6107845483996803
3.084962500721156
3.4992275471326932
0.9912642605354288
2.584962500721156
3.521640636343319
3.128085278891395
3.0574760762899316
2.751629167387823
3.2806390622295662
3.292770193936991
3.373557262275185
3.084962500721156
3.1898980954642866
2.8553885422075336
1.198183947911799
1.0408520829727552
3.850156773941152
3.2639334294856344
3.44075983254009
3.1898980954642875
2.9852281360342516
3.085055102756477
3.5032583347756456
3.2516291673878226
3.5908201005000877
3.238901256602631
3.375
1.7295739585136223
1.7273966735744792
1.3520301017579528
3.8542858719872455
3.2516291673878226
3.039148671903071
3.7192945256669785
3.452819531114783
3.180832987205441
3.0220552088742
1.5
3.8077635764171944
1.4627552262645034
3.084962500721156
2.931208948910323
2.9852281360342525
3.085055102756477
2.9689185639620974
1.1660870601063933
3.378775368145599
3.2359263506290334
3.539148671903071
3.085055102756477
3.681727678869736
3.236251312143291
3.2124145846972674
3.240223928941852
4.193552098760074
4.027958220934366
1.7263472243434208
3.2516291673878226
3.5389097655573916
2.905764584655453
3.1556390622295662
3.039148671903072
3.4387218755408675
3.2516291673878226
2.835237745312118
3.4992275417233563
3.1775662320965252
3.521640636343319
2.6158045319402516
3.2015457840323744
2.8962915290459277
0.7732283485249176
0.9791631848910266
0.5423996750850044
2.7249380463422193
1.9956977328482308
2.244486248067022
1.3818803399345896
2.169925001442312
1.7295739585136223
0.5140894694980185
1.3520301017579528
1.4885252948977485
1.5783898247235197
1.0408520829727552
1.6282202760321463
1.2475562489182659
1.4182958340544896
1.584962500721156
1.4112050925821995
1.4237949406953985
1.5916727785823275
1.1216407621868583
0.7345299214394703
3.594465636961451
3.1086949695628423
2.5073801024236357
1.9193613172619948
2.0545851693377997
1.0226297788901695
1.2772018112022603
2.076623811079363
2.665957320949175
1.2957378005380122
3.513784724225435
3.505591996890551
3.8250705203641813
3.2639334294856344
3.6289280318460246
3.82306798227366
4.115670448068225
4.059965512620313
3.197159723424149
3.7746738967715503
3.8282375018429553
3.6143694458867563
3.384183719779189
3.3927474104487847
1.5058762556041068
3.0
1.4182958340544896
1.2389012566026305
0.7345299214394703
0.6402064333604701
1.0408520829727552
0.49715018363696706
1.207518749639422
1.2806721295208872
3.378783493486176
3.3787834934861767
3.373557262275185
1.6137129703673825
3.231270254607575
2.393547496538899
2.2290557896955896
2.377443751081734
2.4182958340544896
1.188721875540867
3.728972140861
3.292770193936991
3.084962500721156
3.337175341123077
3.1556390622295662
3.5860486123130375
1.870253816431622
1.7841591278514217
3.821928094887362
2.899397470347699
1.3792804872910605
1.6493974703476992
1.914341183612352
3.7887549139935026
3.392147223664534
3.308694969562842
0.7732283485249176
1.7796837384914024
0.7732283485249176
1.160897117295888
1.2615444195758783
0.6685644431995964
1.2611191885631825
0.7732283485249176
1.6567796494470395
1.0529815751302694
1.1488348542809166
1.5628066316931741
1.3520301017579528
1.4320062125405801
0.7345299214394703
1.6107845483996803
1.0975378398419535
0.9463729359854419
3.180832987205441
3.085055102756477
3.8713513384849794
3.67095859334435
3.3927474104487847
2.688721875540867
3.9022354187801778
3.188721875540867
3.986454374903004
3.4830741894285695
3.3927474104487847
3.7052290027422963
1.0408520829727552
2.292481250360578
2.6556390622295662
3.3248629576173574
3.6304126608739975
0.951994081908783
0.7195563653739032
0.9055872616982603
0.6685644431995964
1.7295739585136223
1.1635402011210707
0.8662339349948076
3.381580488309164
3.4072682296173893
3.8492239123906247
1.7534343861887849
1.207518749639422
0.821338806637957
0.8773870642966132
2.053177382133084
1.8955056206115382
1.9322381921018905
2.4402512186268552
2.012374697302242
1.4182958340544896
1.0949143184120975
2.311278124459133
1.2326602568158205
0.36509898470588065
0.7732283485249176
0.8166890883150209
1.198192411043098
1.4182958340544896
1.6578764348499595
1.7841591278514217
1.9184773977934284
1.790337776968543
1.782301337867077
1.6038901684269502
1.6052745482394768
3.0130709291038453
3.0565647621309546
2.7940171813986656
2.2296858101367154
1.7965062604933841
1.7695459925589747
1.6627992560224794
1.3346791410515946
1.5919171866886992
1.760495029766198
1.0219280948873624
0.6402064333604701
0.8166890883150209
4.056681644517727
3.8520007501721203
3.976160515879693
3.085055102756477
3.106890595608519
3.614369445886757
3.2516291673878226
3.238901256602631
4.123152940159047
3.998728057370605
3.7483286603655737
3.826874881864637
4.050222422004223
3.2848838333757935
3.6782975702780187
2.6464393446710153
3.1086949695628414
2.8553885422075336
2.5840236870150894
2.4862521169639944
3.238901256602631
3.361161536668999
3.7976568528290633
3.1888570074458
3.6282753421626315
3.2195282822995477
3.470763759037454
1.7841591278514217
3.238901256602631
3.084962500721156
2.873140679513133
1.5058762556041068
1.2806721295208872
1.4966407621868583
1.0975378398419535
1.731360029190912
1.3520301017579528
1.3012407854814618
1.0219280948873624
0.9852281360342515
1.207518749639422
1.419556298571613
1.1400677626718572
2.36436820798946
0.9933927290103626
1.7799500009615414
1.311278124459133
1.6266888497018317
1.275162982784857
1.584962500721156
3.238901256602631
3.2927701939369904
1.650022421648354
1.188721875540867
1.0389205950315936
1.4885252948977485
1.4591479170272446
1.8210319581338212
1.3563429881688325
3.1813663288914587
3.2516291673878226
3.446439344671015
0.8166890883150209
1.0434356963218767
1.0389205950315936
1.2916919971380596
1.0892300788425848
1.4838317068446891
1.3954618442383218
1.4913146570363986
1.893582584892849
0.8030717273241024
0.9892100846279925
1.533286556445454
1.3699740752745009
2.038159681645953
2.2528639365492573
1.6954618442383218
1.2577148214953864
1.207518749639422
1.2916919971380596
1.4166422780956522
1.0389205950315936
1.9523612813926658
1.186278124459133
1.0975378398419535
1.0848063548455136
3.039148671903071
2.321928094887362
1.2086489509530647
1.1451104143815827
1.2916919971380596
1.158938532350277
0.6998428398862386
1.188721875540867
1.0408520829727552
0.8795064608120066
0.7345299214394703
1.5510981710072647
0.9933927290103626
1.8885105964272468
1.5916727785823275
1.207518749639422
1.1582226755786877
0.8683927290103626
0.7732283485249176
1.9852281360342516
1.780672129520887
1.1451104143815827
4.117993054808734
4.100075105513916
0.8315435491770657
1.3520301017579528
0.9463729359854419
1.1401156785146092
1.5569010760354054
2.9140163035068447
1.901022377296114
2.146782221599798
2.860320777833044
2.6153196182512763
3.180832987205441
3.5585186130489057
3.8701114862707118
3.0306390622295662
4.082161718719927
3.9522164294636286
3.9632085672934347
3.0130709291038453
3.0
3.084962500721156
3.7964393446710147
3.757091789334252
2.4116022179746714
3.3248629576173574
3.830429306411535
3.8517828072629583
3.8598245250018755
3.644821975319743
3.699926633446283
3.084962500721156
3.950178400958052
3.748217764392736
3.7321588913645702
4.0597626120434995
3.4790795706241737
3.4477426785812737
3.6159994301937006
2.4116022179746714
3.71937582241537
2.610577243331642
3.6040317545551486
3.846525236828598
2.0349409139562287
3.9409300437092134
2.2295739585136225
3.787143960698139
3.807435516759525
3.89542525269453
2.984498451560163
3.7703481290307375
3.847434988263511
3.756181553669902
3.8021315095755415
3.7943649790095813
3.6818808028034016
3.1898980954642866
3.6314018453921717
3.286629486786195
3.239097917988786
3.084962500721156
3.7112310216712237
3.5736606896881855
2.835237745312118
2.931208948910323
2.950212064914747
3.182005814760214
2.5849625007211556
3.1556390622295662
3.260828171224455
3.085055102756477
3.5780011510322707
3.925410635240724
3.9214440409023554
4.060262039120378
3.640223928941851
4.0797910367327095
3.6133373140453067
3.6892274437627077
0.5225593745369408
3.754163427768881
2.625814583693911
3.8248629576173556
4.078938214467794
2.751629167387823
3.861983513035609
3.6234651896016463
3.2639334294856344
1.848315332930805
1.2516291673878228
2.8731406795131336
3.2516291673878226
2.688721875540867
3.4992275417233567
3.856564762130955
3.1813663288914587
3.3735572622751855
3.3927474104487847
3.202819531114783
3.5
3.881727678869736
1.4716022614097979
3.3927474104487847
3.238901256602631
2.0670314951575843
3.4182958340544896
1.55887184844536
2.8553885422075336
0.6998428398862386
1.4182958340544896
1.3250112108241772
1.7004397181410922
2.1023704169247894
2.1470776733965518
2.2368573034220747
2.1920058354921066
3.410099326733674
3.6381476962048276
3.1464393446710153
3.9146892241642446
3.22467921775583
3.202819531114783
3.7544418457133446
3.6835423624332306
3.691428031846024
3.9023911533223314
3.368884070537635
3.084962500721156
3.203701696057348
2.8659573209491747
3.427333493898265
3.182005814760214
3.3342094594480485
3.337175341123077
2.6612262562697895
3.2402239289418517
3.2402239289418517
0.8166890883150209
3.509275070710713
3.5068905956085183
3.4713544870139286
0.8501514254479945
2.10845859334435
3.9362434129830604
3.8657789598652688
3.9971257058203578
3.863465189601646
4.0514621540398
3.7830140032660013
2.5220552088742
3.689891668750007
3.240223928941852
3.5160276412662297
3.4794912393957187
3.327819531114783
3.0269868333592873
0.8795064608120066
2.289246428509158
2.7329145639793975
0.7533347247815687
0.9141828384352135
1.4299111709758698
1.5744174271404585
1.3158243335257076
3.506890595608519
3.334679141051595
4.058688570451096
3.308694969562842
3.581444787932611
3.346439344671015
3.378783493486176
2.918295834054489
3.6184539577019215
3.350209029099897
3.175123135113461
3.0220552088742005
1.9015064025015063
2.8553885422075336
2.8073904508767225
1.8694140305639055
1.765246528378741
2.5588718484453605
2.532081268465511
2.084962500721156
2.052340579122498
2.8553885422075336
3.5465935642949384
2.9182958340544896
3.3735572622751855
3.0269868333592873
3.584962500721156
1.896240625180289
1.207518749639422
3.767183467891461
3.538310595615005
3.238901256602631
0.8166890883150209
1.7394541964918906
0.9933927290103626
1.4966407621868583
1.573402452417767
2.9689185639620974
3.180832987205441
2.931208948910323
2.221251836004466
1.4966407621868583
0.7732283485249176
3.238901256602631
1.4373770511116049
1.896240625180289
3.0850551027564768
2.9056390622295662
3.3927474104487847
2.8086949695628416
3.4193448360685084
3.5624078270721196
3.5025523077987275
3.510501049042391
3.2651340148358936
3.117314354343778
3.4193819456463714
3.5292058022748245
3.544397625251963
3.4560224743500956
3.575372536140748
3.5020630443736995
3.077819531114783
3.4587094573632404
3.4793347081847137
3.451949887640475
1.419556298571613
1.0408520829727552
0.41381685030363374
0.6402064333604701
0.8166890883150209
0.6998428398862386
1.2210477851797181
1.9591479170272446
2.005977711423774
1.4966407621868583
1.4591479170272448
3.3278754646456608
0.747584679824574
1.9898980954642875
1.207518749639422
0.9780155566622414
1.950212064914747
0.951994081908783
1.2916919971380596
1.3520301017579528
0.988180837004676
1.969389419529156
2.6887218755408666
0.9055872616982603
1.4567796494470395
1.7004397181410922
1.2332247882202196
1.271782221599798
0.9709505944546686
1.6788979029874789
3.182005814760214
3.189898095464287
1.8810947601100745
1.2772018112022603
1.2332247882202196
1.2958363892911637
2.4116022179746714
3.238901256602631
3.4276942711037672
1.5690352743388658
1.0892300788425848
1.650022421648354
0.8166890883150209
1.7947367178034825
1.0389205950315936
1.6894822670191825
0.46816664055233254
3.2516291673878226
3.1615545165114884
2.369696689044702
3.4445242236283002
2.629249223856034
3.305645006352999
2.744842531753244
0.6500224216483541
1.2366407419411674
1.4137994458217866
1.6140054628542202
1.5753843285618143
0.7653636126766978
3.521640636343319
3.3676993131359407
3.3446648359861637
3.3359647647265747
3.2188289928808667
3.232111511658105
3.1548529875611395
3.350454963699524
2.9749375012019263
2.8731406795131336
0.8112781244591328
3.2516291673878226
2.625814583693911
2.9398290174664026
3.3248629576173574
3.086048612313038
3.182005814760214
3.2639334294856344
3.326360407952694
2.8150724101159437
3.375
3.182005814760214
3.3371753411230776
2.8962915290459277
3.077819531114783
3.4906015629507228
2.8731406795131336
3.30827083453526
2.8553885422075336
3.056564762130954
3.4992275471326932
2.918295834054489
3.3082708345352603
2.688721875540867
2.199687794731328
3.4072682296173897
2.8150724101159437
3.1898980954642875
3.373557262275185
3.039148671903072
3.4632805178108104
3.337175341123077
3.350209029099897
2.8150724101159437
3.260828171224455
2.9232314287976204
3.4992275417233563
3.221928094887362
2.5654483718208256
3.337175341123077
3.239079570624174
2.8729055953200557
2.8073549220576046
3.281036112553423
3.2359263506290334
3.0168756957665637
2.974937501201927
3.039148671903071
3.5931390622295662
2.85845859334435
2.8221819586428727
3.238901256602631
2.98345859334435
3.366091329119191
3.3116357394949603
3.0850551027564768
3.085055102756477
3.337175341123077
3.016875695766564
2.9852281360342516
2.688721875540867
3.1898980954642875
3.481714572986073
3.337175341123077
3.1464393446710153
3.1556390622295662
3.3680424225727155
3.239097917988786
3.7246133755445534
3.462621118208568
2.918295834054489
3.056564762130954
3.2195282822995477
2.556656707462823
3.2319461881351823
3.1898980954642875
2.8731406795131336
3.392147223664534
3.039148671903071
3.5381673518043026
2.7806390622295662
2.8729055953200566
2.688721875540867
3.53850987421411
3.6565647621309543
3.189898095464288
3.039148671903071
2.688721875540867
3.511080496244278
3.5351745656359026
3.2728043273346197
3.1746742319786425
2.9655839357277807
3.517559429596343
3.319079570624174
2.66122625626979
2.873140679513133
3.0220552088742
3.182005814760214
2.895423870280316
3.4701755214643453
2.9182958340544896
2.8150724101159437
3.125
3.202819531114783
3.452819531114783
2.8150724101159437
3.576617644908665
3.1556390622295662
2.8423709931771093
3.584012370211935
3.728643542280493
2.822579761842491
3.1556390622295662
3.182005814760214
2.8731406795131336
3.323231428797621
3.27280432733462
2.7516291673878226
2.9852281360342516
2.8553885422075336
3.4632805178108104
2.8423709931771093
3.2516291673878226
2.8553885422075336
2.6887218755408666
3.327819531114783
3.182005814760214
2.8553885422075336
3.182005814760214
3.189898095464287
2.4591479170272446
2.9834585933443494
3.511085408180427
3.572469458770136
3.085055102756477
2.8423709931771093
3.202819531114783
3.0130709291038453
2.8553885422075336
3.0
3.5144093452479406
2.873140679513133
3.6619328723735824
3.0286393118385755
3.2516291673878226
2.688721875540867
2.873140679513133
3.418295834054489
3.238901256602631
3.8781210321144193
3.5724694587701364
3.861983513035609
3.6838561897747235
3.866102520622517
3.881969925593417
3.4677201004745006
3.7962453816226476
3.9434651896016457
3.8628496130845926
3.741962789037908
3.32323142879762
3.9184004152613197
3.8010768800263715
3.8459380172806843
3.802212716588348
0.41381685030363374
1.207518749639422
1.4237949406953985
1.3787834934861753
1.0214554656116668
1.207518749639422
3.006238928653389
3.0849625007211556
3.128085278891395
1.022420703848328
3.146286370662105
3.3927474104487847
0.6815892897202809
1.6315306211098635
1.965596230357602
1.4182958340544896
1.4135819199522097
3.577819531114783
3.7343083535732546
2.7806390622295662
0.6500224216483541
1.2433003685389579
1.3250112108241772
1.5922517106403518
1.4516607643577664
1.306170651709187
3.272905595320056
3.640223928941851
3.0220552088742005
3.0306390622295662
0.9055872616982603
1.014097655573916
0.9463729359854419
3.039148671903071
2.952819531114783
1.914341183612352
1.1400677626718572
1.2148453223480276
1.4534909080039504
1.0892300788425848
0.9374072705822186
0.9912642605354288
1.7004397181410922
1.3355055565170972
3.5465935642949384
3.238901256602631
2.139097655573916
2.0306409835272814
2.221251836004466
1.3354312795575998
1.3727069617019703
1.207518749639422
3.7034651896016464
3.43162356584743
3.4371932086075936
3.0220552088742005
3.056564762130954
1.2772018112022603
1.3355055565170972
0.8166890883150209
1.2917601481809735
1.5320811544210522
1.584962500721156
0.7732283485249176
0.8795064608120066
1.7471671973069338
0.8166890883150209
1.061278124459133
1.2720415352311307
0.7732283485249176
3.0849625007211556
1.2567796494470396
2.688721875540867
1.0892300788425848
1.207518749639422
0.9912642605354288
1.5916727785823275
1.4911148500551858
3.182005814760214
3.43162356584743
2.6455933144511468
3.334679141051595
2.899397470347699
3.238901256602631
2.706890595608519
3.849223912390625
3.0565647621309537
3.861983513035609
4.099128821259931
3.5464393446710147
3.4548223999466066
3.3492750707107124
3.0957952550009344
1.5683182557028437
1.207518749639422
1.4966407621868583
1.2494602799216175
1.5996275363413568
1.3143204867061788
2.9852281360342525
3.023133014559191
3.1198554828636977
2.861192552331381
1.9211854965885544
2.903701696057348
2.584962500721156
3.0996955186690407
2.4996981431844145
3.2359263506290326
2.5492553971685
2.8709505944546683
2.8342953160960103
2.1352130207431887
2.575588697084778
0.9796255075944929
3.09306920777189
1.0408520829727552
1.1981174211304033
1.8024212838293647
1.4299111709758698
1.129522930292096
1.626688849701832
3.2516291673878226
3.2516291673878226
0.785235442391543
1.9473387961875537
1.188721875540867
1.0408520829727552
1.4299111709758698
1.5465935642949382
1.891510777487775
1.0975378398419535
1.2638091738835462
1.2806721295208872
1.0529815751302694
1.3355055565170972
1.207518749639422
1.4772170014624826
1.3779630390761746
0.6500224216483541
1.400924277228159
1.086312840741288
0.6988272185521962
0.4426608980694471
0.951994081908783
0.7441942138263227
1.272905595320056
1.950212064914747
1.0529815751302694
0.8166890883150209
1.6933479772116953
0.5131851787372753
1.5435644431995963
1.0676111603502403
0.8166890883150209
1.3520301017579528
1.1766796675107107
1.5510981710072647
1.0971245697587872
1.626688849701832
1.4182958340544896
0.6685644431995964
0.9444885341662053
0.9463729359854419
1.4182958340544896
1.0389205950315936
1.0892300788425848
2.792481250360578
1.106313713864835
1.3250112108241772
0.8166890883150209
3.5219280948873624
0.863120568566631
1.186278124459133
1.7295739585136223
1.6922718656836107
2.71929452566698
3.182005814760214
3.086048612313038
3.1556390622295662
1.9182958340544893
1.871602261409798
1.8810947601100747
1.4299111709758698
1.6113834567195195
2.5220552088742005
1.501629167387823
1.4166422780956525
3.572318494605355
1.3244602933016414
1.8262452584026092
1.3250112108241772
3.0220552088742
3.791025938413686
0.9000224216483541
1.058277043226334
0.8274087988556427
0.8166890883150209
1.7695459925589747
0.821338806637957
3.141619208183979
3.36030597770208
2.6258145836939115
2.7192945256669794
2.8073549220576037
3.4435137534498526
3.3206588342592758
2.8086949695628425
3.9308891390982215
3.0
3.706717630483576
2.845127398113943
3.384183719779189
2.4182958340544896
2.7773627950641693
2.8073549220576046
3.89981828855828
3.454701244167347
1.188721875540867
1.2916919971380596
1.4885252948977485
1.6893917467430877
0.6800770457282799
1.9473387961875537
1.9475550589782493
1.3516292011348527
3.4613201402110083
3.238901256602631
3.7264741182543757
3.5068905956085183
0.954434002924965
2.9182958340544896
3.427333493898264
3.5092750707107125
3.6899015819921512
2.8731406795131336
3.2961483747476232
3.3927474104487847
2.8553885422075336
3.188721875540867
3.530493056757482
0.7345299214394703
3.238901256602631
3.039148671903071
3.741155855638065
3.1395722619867223
3.4548223999466066
2.9948115448078756
0.7345299214394703
1.207518749639422
3.0062389286533895
3.5724312513221195
3.3927474104487847
3.6644977792004623
3.4182958340544896
3.1068905956085184
3.238901256602631
3.5368867237421666
3.6732696895151076
3.2516291673878226
3.2639334294856344
3.378783493486176
3.085055102756477
3.0269868333592873
3.085055102756477
3.1464393446710153
3.5554141844097322
3.1952959344962166
2.7516291673878226
3.590468570732827
3.43162356584743
3.0269868333592873
3.419381945646371
2.8423709931771093
3.66329080817766
1.5
0.8030717273241024
1.5589385323502771
3.180832987205441
3.536886723742167
3.3735572622751846
1.5055213905049434
1.2419460322060458
2.0566416671474372
1.9528195311147831
1.1451104143815827
3.821928094887362
3.546439344671015
1.3381280379269256
1.1246581201547063
1.6258145836939115
2.9852281360342516
3.6820058147602137
3.039148671903071
3.4992275471326932
2.8073549220576037
1.198183947911799
0.6075575039285437
3.4613201402110083
3.5
3.251629167387823
1.1401156785146092
0.9567657083663144
3.3248629576173574
3.943942707918268
3.5
1.3520301017579528
1.5055213905049434
2.950212064914747
1.9508257945180885
0.6998428398862386
1.6318626576849802
1.9877733714879842
3.640223928941851
3.577819531114783
3.189898095464287
1.7688555892617415
2.7773627950641693
2.006064802563774
0.9912642605354288
3.4387218755408675
3.5883543471732335
2.2584598927441624
2.8553885422075336
4.037701875407783
3.5098257583923242
3.6978202965350824
2.3874859174252125
3.1556390622295662
3.4491268291456296
3.2390979179887864
3.630412660873998
2.6235166412180155
3.5818285888587447
3.3371753411230776
4.024807781289722
3.1307179879273748
3.3087513512471665
3.569773835029478
3.25
3.7797732688654344
3.3927474104487847
3.5726236638951634
3.039148671903071
2.8731406795131336
3.6225797618424918
3.8258459340407502
3.4399364703978077
3.708132064658602
3.0565647621309537
1.4716022614097979
3.3927474104487847
3.5661335864050807
3.1653658596459646
2.960755132760197
3.7335248338146902
3.9950422378005106
4.184062961025673
4.160573855351422
3.721928094887362
4.128724445269141
4.011725704951136
4.1038927975255675
3.650881379939833
3.308694969562842
3.1556390622295662
0.7732283485249176
0.5916727785823275
3.09306920777189
3.856787838988321
2.3158243335257076
2.2841591278514217
1.7495981392898872
3.180832987205441
2.188721875540867
3.7051971296369466
3.013070929103845
3.6304126608739984
3.4831208526309174
3.302493714827332
3.084962500721156
2.918295834054489
2.71929452566698
3.418295834054489
3.350209029099897
3.0220552088742
3.8669480482983967
3.182005814760214
3.8192509128388297
3.6206350705862747
2.951143017707788
3.506890595608518
3.300559092390953
3.1279868068776753
3.71440934524794
3.2927701939369904
2.899397470347699
3.3320953986601696
1.3315796225857792
1.5510981710072647
2.9689185639620974
2.8423709931771093
3.747439360470672
3.4263674884732254
1.7987949406953985
4.127176996833253
3.5585186130489057
3.327484781955842
3.990414653442737
4.176138436719018
3.0220552088742
3.763856189774724
3.890759147096384
3.182005814760214
3.363713275750189
3.9705824494328446
3.861515626442928
3.9077594848820243
4.13146653517657
4.096684986086428
3.717761398524483
4.024539132680715
3.7406015629507228
4.098899228112083
2.2841591278514217
2.9735572622751856
2.923231428797621
2.6384600665861564
1.188721875540867
1.2958363892911637
1.780672129520887
0.8166890883150209
3.6060152796207334
3.0957952550009344
3.2359263506290334
3.085055102756477
2.952819531114783
3.308694969562842
3.392747410448785
3.084962500721156
3.337175341123077
2.5220552088742005
3.180832987205441
3.085055102756477
3.323231428797621
3.5841837197791886
3.2516291673878226
0.8166890883150209
1.1451104143815827
0.6274918436613969
3.3248629576173574
3.7834651896016465
3.5110854081804264
3.1018812234760182
3.521640636343319
3.2359263506290334
3.1916116417513782
2.8073549220576037
3.6325570401474234
3.726204631392457
3.7201755214643457
3.826874881864637
3.182005814760214
3.5841837197791886
2.9312089489103235
3.3927474104487847
3.7334585933443494
3.0286393118385755
0.9463729359854419
1.3446983751597128
1.2244687599090462
0.9957274520849255
3.2359263506290326
2.792481250360578
3.883172708844138
3.058813890331201
2.751629167387823
3.7849418274376427
3.7198523585646037
3.7968949195075883
3.334679141051595
3.5160276412662292
3.3735572622751855
3.952819531114783
2.918295834054489
3.292770193936991
3.5555331514269954
3.202819531114783
3.7216117239699003
2.8553885422075336
2.8962915290459286
1.7226529534624988
3.238901256602631
1.207518749639422
3.2359263506290334
2.872905595320056
3.308751351247166
3.7216117239699003
3.763965742824082
2.9232314287976204
3.3918926446809317
3.518369978719459
4.064355842182755
3.991399661710826
3.7622673906514947
3.82932324298533
3.203701696057348
2.064042639445697
2.492233342082522
3.0849625007211556
1.198183947911799
1.8100810205217301
3.6706612529686495
1.8814099964358768
1.7004397181410922
3.1775662320965252
3.61948251635029
3.051601636871704
3.0507661742775687
3.7198523585646037
1.610577243331642
0.9912642605354288
3.0220552088742005
0.8166890883150209
1.1400677626718572
3.039148671903071
3.084962500721156
3.4841837197791885
3.1395722619867223
3.0220552088742005
3.202819531114783
3.3232314287976203
2.9056390622295662
2.4508257945180882
1.5943029514736247
1.1628175871855553
3.915775754596132
3.202819531114783
3.0306390622295662
1.1451104143815827
2.98345859334435
1.584962500721156
1.9015064025015063
1.207518749639422
0.9182958340544896
1.1431558784658322
1.855388542207534
1.5487290032420458
1.2916919971380596
1.7004397181410922
1.384431504340598
0.9912642605354287
3.2402239289418517
1.0408520829727552
3.2051086749775113
1.584962500721156
3.5562012808079038
3.238901256602631
1.8230264907128848
1.0408520829727552
4.183301560960832
4.150849034495713
4.1552972358324345
3.9002743194009915
3.452819531114783
3.6818808028034016
3.323231428797621
2.8423709931771093
3.509275070710713
3.922093898832739
2.819773835029478
3.2359263506290326
3.4030741894285694
3.2903216092483056
3.801108500731241
3.3660913291191914
3.534219021180341
3.985243162996367
3.182005814760214
2.8731406795131336
2.584962500721156
3.3320953986601696
3.7531358623074578
3.0271691184406184
3.555533151426996
2.9337845426315847
3.2516291673878226
3.414441303694973
3.5220552088742005
3.286629486786195
2.353533948577482
3.7671834678914604
3.589898095464287
3.2194705707972515
3.605388542207534
3.3927474104487847
3.378783493486176
3.503258334775645
3.7406015629507228
3.182005814760214
3.944548827786958
4.06667707370723
0.5665095065529053
1.6805563732659934
0.9055872616982603
1.0408520829727552
2.1774212838293647
1.3520301017579528
3.6994705707972506
3.238901256602631
2.8553885422075336
3.546439344671015
2.8553885422075336
3.1898980954642875
2.923231428797621
2.875
3.43162356584743
3.006238928653389
3.182005814760214
3.299896391167891
3.0269868333592873
3.125
2.8553885422075336
3.0849625007211556
3.3248629576173574
3.378783493486176
3.0286393118385755
3.1158340921632193
3.4104172527605203
3.024397470347699
3.915016166602605
3.240223928941852
3.0850551027564768
3.966324131193433
3.7887549139935026
3.9927087708004674
0.8743095546405661
0.9293550115186283
3.410595876126293
3.4565647621309536
1.7534343861887849
1.0892300788425848
1.3954618442383218
1.2720552088742005
3.106890595608519
0.5689955935892812
3.5090356337908917
1.8818900467707524
3.208694969562842
3.286895754518763
2.8553885422075336
3.084962500721156
0.7732266742876346
1.1856161633204378
0.5225593745369408
0.9933927290103626
1.2772018112022603
1.0954312795575998
2.0741647430225756
1.8255729210565663
1.1216407621868583
2.4508257945180882
2.125
3.853157557167089
3.1701348924281927
3.7489948035250964
0.9912642605354288
2.873140679513133
3.0220552088742
3.625
1.1400677626718572
2.8553885422075336
1.6774212838293647
1.8077635764171944
3.11583409216322
2.9182958340544896
3.084962500721156
3.2720552088742005
3.616348566075164
3.5068905956085183
3.4548223999466066
0.9912642605354288
3.375
3.418295834054489
3.0269868333592873
3.75
3.039148671903071
3.861331671111986
1.5510981710072647
0.7732283485249176
1.0
2.9492000007253627
1.9473387961875537
1.4885252948977485
3.189898095464287
1.4294732983598406
3.3464393446710154
1.3778903318832147
1.5569010760354054
2.952819531114783
3.675310868912364
3.6143694458867563
1.9920139962755845
1.8797489365966862
2.1800365325772657
3.572469458770136
3.182005814760214
0.4804334574529622
2.9182958340544896
2.9182958340544896
3.3815804883091634
1.716763599199235
3.1395722619867223
3.378783493486176
1.1400677626718572
3.6168746059562227
3.584962500721156
2.8962915290459286
1.8810947601100745
1.5744174271404585
1.4315602842833157
1.207518749639422
1.2448406699719212
3.2806390622295662
1.207518749639422
1.4182958340544896
1.0389205950315936
0.9917601481809735
1.158938532350277
1.9579393553211153
0.6402064333604701
1.5589385323502771
1.186278124459133
0.8475846798245739
1.3520301017579528
1.6879430945989
0.6500224216483541
1.4329283087286118
0.964078764808229
1.207518749639422
1.6561748304399728
3.5932696895151075
1.3372449392958772
3.238901256602631
1.8128876215181604
3.127986806877675
3.327819531114783
1.0892300788425848
2.0989295636909353
1.0389205950315936
3.3320953986601696
1.0975378398419535
3.6729972717965285
3.189898095464287
3.1158340921632197
3.150195221495488
1.2532975784630431
3.0220552088742
3.4565647621309536
3.734885540886845
3.180832987205441
3.3232314287976203
0.7732283485249176
1.0389205950315936
0.6098403047164004
3.826874881864637
3.039148671903071
3.3787834934861767
0.7732283485249176
3.6841837197791887
1.9015064025015063
0.8166890883150209
1.9207301000271693
3.8843017566985325
3.546593564294939
1.6326014825216697
1.4591479170272446
3.4992275471326932
3.4182958340544896
3.2359263506290334
1.207518749639422
1.0408520829727552
1.2806721295208872
3.084962500721156
3.084962500721156
3.625
3.236857303422074
3.265583322887733
2.923231428797621
0.8274087988556427
0.6583514224564075
0.9912642605354288
3.146439344671016
1.2309595631140104
3.327819531114783
1.4345491399952024
1.0892300788425848
1.3520301017579528
0.9463729359854419
0.6402064333604701
1.7004397181410922
0.8166890883150209
1.198183947911799
1.3244602933016414
3.238901256602631
3.8349625007211565
1.1981174211304033
0.9957274520849255
1.561278124459133
1.3527241956246545
1.4182958340544896
0.6402064333604701
1.058277043226334
1.207518749639422
3.51602764126623
3.3232314287976203
3.147957872887235
3.572431251322119
3.2077070644704735
3.463280517810811
1.4591479170272446
2.8553885422075336
2.017801027300537
1.280672129520887
1.0949143184120975
3.4563222418867356
0.7195563653739032
3.5766176449086653
1.0529407605626346
1.1981174211304033
1.2806721295208872
0.5907239186406502
0.8180959929710641
3.5726236638951625
3.694739663055176
4.0440386101236205
3.3927474104487847
3.3660913291191927
3.698061760293505
3.0441104177484006
3.3263604079526936
2.9196905740496963
3.240223928941852
3.09306920777189
3.6225797618424913
3.5836169753972325
3.542822578720658
3.9647351787255047
3.521605564018487
3.084962500721156
3.2359263506290334
3.5585186130489053
3.6644977792004623
2.950212064914748
3.521928094887362
3.202819531114783
3.189898095464288
2.682588730501833
3.7735572622751845
3.1018812234760182
3.6978458230844113
3.25
3.139572261986723
3.2927701939369904
3.0130709291038453
3.521640636343319
3.0220552088742
2.9182958340544896
3.3232314287976203
1.0529815751302694
1.4885252948977485
3.2516291673878226
3.1898980954642875
3.6412498004554785
3.0269868333592873
3.503258334775645
3.721928094887362
3.43162356584743
0.9530138853315971
1.2366407419411674
1.6143308351592656
1.225235779471061
1.6805563732659934
1.5317035250512132
1.5628066316931741
2.9312089489103235
3.180832987205441
3.1751231351134614
3.7201755214643457
3.0269868333592873
3.796960730356964
1.0892300788425848
2.918295834054489
3.1416192081839784
3.461320140211008
2.524397470347699
3.0554051053269773
3.188721875540867
2.950212064914748
2.469670487371862
2.449311833026446
0.9055872616982603
1.608700165519891
0.6402064333604701
1.5058762556041068
3.0220552088742005
0.6685644431995964
3.691428031846024
3.0220552088742
3.373557262275185
3.896687968421265
3.7254805569978675
4.132944044980958
3.189898095464287
0.7732283485249176
3.25
3.084962500721156
4.121511797692857
3.0306390622295662
3.8951509201400127
3.139572261986723
3.375
2.9852281360342516
3.7588670992335307
3.4316235658474303
3.337175341123077
3.238901256602631
1.0862293462325945
3.32323142879762
1.2917601481809733
1.2086489509530647
1.3520301017579528
0.951994081908783
3.0062389286533895
1.3713146886497212
2.5849625007211565
2.279799131837405
3.085055102756477
2.974937501201927
1.2419460322060458
2.355388542207534
2.8662478973127308
2.8559049224696933
1.6266888497018317
2.0349409139562287
1.4182958340544896
1.5157895841746822
3.25
3.753434386188785
3.051601636871704
3.085055102756477
3.3061706517091873
3.521640636343319
3.182005814760214
0.9463729359854419
2.765890606576798
3.0550365325772657
1.6729055953200562
0.7732283485249176
3.327819531114783
3.773557262275185
1.49692754611459
3.188721875540867
1.5916727785823275
4.069300985465503
3.5766176449086644
3.5368867237421666
3.588354347173234
1.6336409558234397
3.378783493486176
3.772055208874201
2.8423709931771093
3.625
1.207518749639422
1.5465935642949382
1.2917601481809735
2.084962500721156
3.71937582241537
2.9689185639620974
3.7336606896881848
2.792481250360578
3.09306920777189
3.0269868333592873
2.469670487371862
3.180832987205441
1.3520301017579528
1.207518749639422
1.4182958340544896
2.931208948910323
1.4299111709758698
3.8024934964803245
3.221928094887362
3.239097917988786
3.2516291673878226
3.43162356584743
3.471354487013928
2.7395722619867224
3.202819531114783
3.392747410448785
2.7068905956085185
3.32307418942857
3.4992275471326932
3.084962500721156
2.7192945256669794
2.918295834054489
3.1556390622295662
3.795088586397733
2.999581230646064
3.7254408498237894
3.238901256602631
3.3444569352411975
2.950212064914747
3.4387218755408675
3.175123135113461
2.6258145836939115
3.0168756957665637
1.186278124459133
3.0286393118385755
3.418295834054489
3.0271691184406184
3.9928705166358984
3.2192509128388287
1.1451104143815827
1.6143308351592656
1.6203352658383443
3.350209029099897
4.019717245562369
4.051970545322582
0.8475846798245739
3.6167292966721747
3.202819531114783
3.5
3.7178504651264324
3.5841837197791886
3.2806390622295662
3.0850551027564768
4.047987798141486
3.1898980954642875
3.2927701939369904
1.2958363892911637
3.238901256602631
3.8409066855918885
4.054469305363302
3.919166431148187
4.125402296509464
3.6053885422075345
3.7201755214643453
2.751629167387823
3.640223928941852
3.4613201402110083
4.062118849025566
3.0269868333592873
2.9232314287976204
3.4677201004744993
3.5777471629109443
3.4144413036949723
3.9957445677247483
3.782375938141369
3.270950594454668
3.3416303588849137
4.022000516883152
1.2389012566026305
2.873140679513133
2.7773627950641697
2.0419460322060456
0.8166890883150209
1.0949143184120975
1.47312842712131
1.207518749639422
1.855388542207534
1.4345491399952024
2.411602217974672
0.8795064608120066
0.8166890883150209
1.2567796494470393
1.419556298571613
0.7856911763562577
1.1050139971135322
0.6143694458867568
1.4716022614097979
1.7758589482446405
3.202819531114783
0.7907669479360189
1.6266888497018317
1.207518749639422
1.5492111247114508
1.2957378005380122
1.1997035347085903
3.2359263506290334
1.0389205950315936
1.2916919971380596
1.4182958340544896
3.202819531114783
3.3156664090956753
3.128085278891395
4.178391559032104
4.008883231957932
3.182005814760214
3.0441104177484006
3.7738021471889165
0.8166890883150209
2.119032466561751
1.646764914283156
3.4182958340544896
3.084962500721156
3.762818395221641
2.9312089489103235
3.039148671903071
3.619250912838829
2.9182958340544896
3.085055102756477
2.5849625007211556
3.238901256602631
3.182005814760214
1.6737949406953985
1.9877733714879842
2.8962915290459277
2.8731406795131336
3.8561962982193805
3.6959472263874704
2.7107770844150676
3.5841837197791886
3.452819531114783
3.4582678680998415
3.9681950478061983
3.3086949695628416
3.8349625007211565
3.799195373719809
3.753269689515107
3.824533406881911
3.7061983328100947
3.403107168362811
3.25
3.327819531114783
3.8645783739023822
2.584962500721156
3.182005814760214
4.002117439641128
2.8073549220576046
3.5841837197791886
3.5465935642949384
3.084962500721156
2.931208948910323
2.4956029237290123
3.377443751081734
3.8129452762598794
3.869270297089941
3.350209029099897
3.2195282822995477
3.189898095464287
3.546439344671015
3.010570934268483
3.6902603909683838
4.092265820066349
3.0708470936225183
3.11583409216322
3.303701696057348
2.9312089489103235
2.9182958340544896
3.721928094887362
2.8553885422075336
3.3787834934861767
3.106890595608518
2.9852281360342516
2.584962500721156
2.9182958340544896
1.976215826169219
3.2359263506290334
1.118275160770976
3.1555650133297184
3.408694969562842
1.4182958340544896
4.182827724866566
4.142327899226149
3.139572261986723
0.8166890883150209
3.327819531114783
3.056564762130954
2.931208948910323
2.927451224964519
3.084962500721156
2.5220552088742005
3.5383105956150054
3.7532696895151076
3.887604932488481
3.521640636343319
3.5068905956085183
3.182005814760214
3.3232314287976203
3.09306920777189
3.378783493486176
3.4548223999466066
3.084962500721156
3.182005814760214
2.237397409783102
3.3082708345352603
2.221251836004466
3.182005814760214
3.085055102756477
0.8710955350455423
2.6612262562697895
2.2512415218108974
2.4155815962845733
2.399207919303787
2.719294525666979
3.375
3.3263604079526936
2.584962500721156
1.0892300788425848
3.3204780224153003
3.189898095464287
3.00623892865339
0.9463729359854419
1.6805563732659934
1.7528553052032332
1.8262452584026092
1.7400693385983697
1.8352377453121174
1.8657426234050465
1.4315602842833157
1.439254017211876
2.751629167387823
2.918295834054489
1.2806721295208872
1.3699740752745009
3.189898095464287
3.077819531114783
3.338804369244613
2.8962915290459277
0.45502065977946415
1.4885252948977485
2.8553885422075336
2.6235166412180155
1.3244602933016414
3.43162356584743
3.9355861440029924
3.4387218755408675
2.7534343861887853
2.9689185639620974
3.327819531114783
3.1018812234760182
1.7534343861887849
1.640223928941852
0.9463729359854419
1.5568179886235365
3.039148671903071
3.463465189601646
3.53506623731377
4.026319751711279
4.032049266017565
4.126763244585198
3.2516291673878226
3.084962500721156
1.5216406363433184
3.4182958340544896
3.2866294867861954
3.2398154610155334
3.2516291673878226
2.8962915290459277
3.2359263506290334
3.2516291673878226
3.725650756112093
3.663532754804254
0.951994081908783
0.8343470230852537
0.8501514254479945
4.157940427113537
1.2366407419411674
3.146286370662105
3.7254805569978675
3.6901165175936654
3.3248629576173565
3.260828171224455
3.8820451081368628
3.180832987205441
1.8445039801083842
1.311278124459133
1.2806721295208872
1.207518749639422
3.0220552088742
1.3216069583883467
1.076597655573916
1.0408520829727552
1.1238561897747246
1.2577148214953864
1.207518749639422
1.1451104143815827
2.038159681645953
0.8166890883150209
1.0219280948873624
2.873140679513133
2.2963168308262123
0.8683927290103626
3.188721875540867
3.830010773323189
3.418295834054489
2.873140679513133
3.4677201004745006
3.238901256602631
1.1400677626718572
3.419381945646371
0.6998428398862386
0.7732283485249176
1.207518749639422
1.6691803368667308
1.9986525468781666
3.378783493486176
2.145451399311646
1.3250112108241772
1.6805563732659934
1.061278124459133
1.0892300788425848
1.2806721295208872
0.9798687566511528
1.2086489509530647
0.41381685030363374
1.7841591278514217
0.9567657083663145
3.484183719779189
3.40582225028569
4.015319531114783
3.7754522173662757
3.084962500721156
3.3927474104487847
3.182005814760214
3.2610439833372835
2.5849625007211556
3.7254805569978675
3.381580488309164
3.327819531114783
3.2516291673878226
3.663532754804254
3.2516291673878226
3.3862661425265324
3.373557262275185
2.8553885422075336
3.9092561685185854
3.576617644908665
1.5058762556041068
1.584962500721156
0.0
3.2516291673878226
1.4182958340544896
1.0529815751302694
1.1401156785146092
3.238901256602631
2.8150724101159437
3.471354487013929
3.381580488309164
3.4713544870139286
2.895423870280316
3.521640636343319
3.813660689688185
3.3927474104487847
3.6258145836939115
3.2516291673878226
3.1307179879273748
3.337175341123077
3.077819531114783
3.653660689688185
1.0425993555312076
0.7732283485249176
1.207518749639422
3.2516291673878226
2.7192945256669794
1.0408520829727552
3.0207277798007865
3.4906015629507228
3.989778500580689
1.2567796494470393
1.0389205950315936
3.27280432733462
1.5465935642949382
1.9473387961875537
0.8030717273241024
1.186278124459133
1.311278124459133
1.2957378005380122
1.4913146570363986
3.503258334775645
2.5654483718208256
3.539470570797251
2.625814583693911
3.180832987205441
1.914341183612352
1.8565647621309542
1.7216117239699014
1.271782221599798
1.7004397181410922
3.0306390622295662
2.8073549220576046
2.9312089489103235
3.0565647621309537
2.866247897312731
3.4833336307213787
4.18426244241145
3.8873261452560075
0.7732283485249176
1.1451104143815827
2.225605199016944
0.951994081908783
3.0363722498302232
1.192250860234642
1.2142952630807209
1.198183947911799
1.3516871258043608
3.43162356584743
1.5545851693377994
0.9014828729297167
1.7004397181410922
0.951994081908783
1.936278124459133
3.5
1.0408520829727552
3.3680424225727155
3.327819531114783
3.5166147219244785
3.039148671903071
2.816026821022149
1.825605199016944
1.483226196970911
3.085055102756477
0.6998428398862386
1.2389012566026305
0.7732283485249176
1.188721875540867
3.3927474104487847
3.625
3.3450739957852544
1.0472024795701151
3.084962500721156
1.3752793655393791
0.8128426794703056
3.5383201891060003
3.896798133716289
4.0357019033191355
3.9802728775255516
4.144817335240103
0.9055872616982603
1.9808259362290785
0.8795064608120066
1.4139240238487816
3.7848977027564086
2.7192945256669794
3.736987930635821
2.4416298737872246
2.1903711612984442
2.495602923729013
3.182005814760214
3.539873973444698
3.731746181697385
3.1316533477160875
3.544097907106122
2.9689185639620974
1.188721875540867
1.2494602799216177
1.0529815751302694
0.6998428398862386
0.8030717273241024
1.207518749639422
3.9790978911348045
3.5150831391815385
3.3841837197791893
3.7406015629507228
3.992198841847879
3.821119847064646
3.438961318124104
3.536596205521549
4.000432302535624
2.931208948910323
1.0408520829727552
3.149397470347699
1.2389012566026305
0.988180837004676
1.384431504340598
3.3908054820769813
3.788754913993502
3.0849625007211556
3.640223928941851
3.6536606896881856
3.006238928653389
3.6168746059562227
2.625814583693911
3.238901256602631
3.761445788918474
3.281036112553423
3.3519530742463752
3.084962500721156
3.1751231351134614
3.2866294867861954
3.605388542207534
3.8062389286533898
3.534219021180341
2.952819531114783
3.796217602590056
3.8230679822736606
3.3735572622751855
3.4613201402110083
3.625
3.7442035683118124
4.045980358012783
3.521928094887362
4.193549625259036
3.039148671903072
2.9735572622751856
3.923231428797621
2.918295834054489
3.3927474104487847
2.459147917027245
3.292770193936991
3.378783493486176
3.506890595608518
3.2516291673878226
4.095337310836902
3.0588138903312014
3.563307235905091
3.850153138655737
3.8144321306549194
4.124544510707518
3.878896299193599
4.072476402685078
3.7061375980990663
4.094031692705101
4.125381041583359
1.0949143184120975
3.3927474104487847
0.7219280948873623
1.4237949406953985
1.8843135277997989
1.0408520829727552
1.0957952550009336
1.3520301017579528
3.4992275471326932
3.418295834054489
2.8553885422075336
3.0416256143692233
3.4349353136810428
2.3220270875469295
3.051601636871704
2.708694969562842
3.2900172249392683
2.364060052424657
3.1729971776160233
3.1640269253038174
2.8423709931771084
3.238901256602631
3.016875695766564
2.9232314287976204
3.2516291673878226
2.840223928941852
3.4474015047059146
2.918295834054489
3.5630741894285696
3.513784724225434
2.9852281360342516
1.5916727785823275
3.1395722619867223
2.7773627950641693
3.125
3.2516291673878226
3.3232314287976212
3.084962500721156
3.6143694458867563
3.68456081428629
3.327819531114783
3.1395722619867223
3.2516291673878226
3.521640636343319
1.6788979029874789
0.5907239186406502
1.9826831892554924
3.0269868333592873
3.625
3.2639334294856344
2.8553885422075336
2.918295834054489
3.506890595608519
1.584962500721156
1.6266888497018317
1.624443162711522
1.626688849701832
3.4062389286533894
3.463280517810811
3.292770193936991
3.0776944460470137
3.5726236638951634
3.419381945646371
1.2916919971380596
2.6931069164769927
3.4992275471326932
3.3927474104487847
3.6168746059562227
3.3248629576173574
3.180832987205441
3.4992275471326932
3.6464393446710153
4.036654352877141
3.2927701939369904
3.6897037321995474
3.5535088547976783
3.084962500721156
3.94998469665736
3.6841837197791887
3.6818808028034016
3.381580488309164
3.2639334294856344
3.2806390622295662
3.3787834934861767
3.922706325779307
3.031116172456019
3.375
3.593269689515107
3.0957952550009344
3.182005814760214
4.014635803423207
3.09306920777189
3.447401504705915
3.577819531114783
3.323231428797621
1.3346791410515946
1.3520301017579528
0.951994081908783
2.952819531114783
1.4885252948977485
3.0
3.084962500721156
3.327819531114783
3.452819531114783
2.873140679513133
3.0220552088742
3.384183719779189
3.419381945646371
3.6841837197791887
3.2389012566026314
3.5724312513221195
3.136842188131012
0.8166890883150209
1.1981174211304033
1.8024212838293647
2.7192945256669794
3.7777739574676703
0.9055872616982603
3.3815804883091634
1.2516291673878228
0.8274087988556427
3.0269868333592873
2.918295834054489
3.5068905956085192
1.7004397181410922
3.7622673906514947
3.2516291673878226
2.8423709931771093
4.088339300350307
3.814371943179627
3.4517354618544265
3.5368867237421666
3.616476931807007
3.8335123792064434
3.5726236638951634
4.033955091407479
3.4104172527605203
3.32323142879762
2.9852281360342525
3.418295834054489
1.6894822670191825
1.5058762556041068
3.572431251322119
3.506890595608518
3.334679141051595
2.5654483718208256
3.0269868333592873
3.238901256602631
0.9933927290103626
3.0220552088742
1.5058762556041068
3.663532754804254
2.4416298737872246
3.4273334938982645
1.7004397181410922
1.3143204867061788
3.189898095464287
1.4345491399952024
1.3520301017579528
1.5589385323502774
1.0408520829727552
3.238901256602631
3.2639334294856344
3.8801799226757376
3.744203568311812
3.377278130987436
3.2516291673878226
3.2402239289418517
3.2516291673878226
3.3371753411230776
3.373557262275185
3.366091329119192
3.238901256602631
1.7232314287976207
1.9591772339163118
2.0106627878901286
3.323231428797621
3.783465189601646
3.3787834934861767
2.4591479170272446
3.60693673217532
3.0841837197791886
3.546593564294939
3.378783493486176
3.180832987205441
3.36030597770208
3.572431251322119
3.6017792181866795
1.870253816431622
1.188721875540867
3.780394654123195
3.174885868724236
3.521640636343319
3.630412660873998
3.30827083453526
3.3927474104487847
3.5848683589017414
3.4723248916786287
3.8729055953200557
4.051428453356804
1.924174352300441
3.056564762130954
3.25
3.855994188952478
4.008998071456877
4.019236226040508
3.238901256602631
3.41041725276052
3.2359263506290334
3.084962500721156
1.7646974924711272
2.649397470347699
3.0286393118385755
3.1898980954642875
2.7898980954642876
2.4591479170272446
2.9852281360342525
1.8432935484972124
1.8024212838293647
0.9912642605354287
2.751629167387823
1.2261134199863002
0.8112781244591328
0.9917601481809735
2.6636796868963164
2.217021885879718
2.4854102886303244
1.5510981710072647
3.2516291673878226
3.447401504705915
3.238901256602631
2.8553885422075336
3.09306920777189
3.418295834054489
2.6235166412180155
2.688721875540867
3.3248629576173574
2.2810361125534233
2.688721875540867
3.3825680832760763
3.794653473544342
1.280672129520887
1.5216406363433184
1.573402452417767
1.4179493739444213
1.0892300788425848
1.5546097612655665
2.8553885422075336
0.9274479232123118
0.8795064608120066
1.6266144718101818
3.0306390622295662
1.638253359471275
3.3735572622751855
3.6467987293229776
1.188721875540867
1.4182958340544896
1.1542221846835221
3.378783493486176
3.1464393446710153
3.855388542207534
2.606238928653389
1.584962500721156
3.5766176449086653
1.7014043422326923
1.5510981710072647
0.8030717273241024
0.7345299214394703
1.60683227831811
1.0949143184120975
1.1401156785146092
1.1994602933016414
2.5954863199845075
2.5849625007211556
1.7464353842388936
2.8084543309292345
2.7534343861887853
1.341097121631489
3.3844320835929924
3.601730493888964
2.4137995646056805
3.259878840601827
2.5020551409780496
1.6794293668139548
2.5650765423363695
3.323825671897569
3.4712723501934426
2.1912104299829642
2.8299638798751645
2.840258193265203
2.8626313965551846
2.766788205415176
2.806876351365173
2.764589890362155
2.810194850733098
3.2206036345977784
1.5510981710072647
3.464400958964286
3.2021966569654734
3.188721875540867
3.418295834054489
3.1314530139217855
3.146458574459185
3.1299659352228413
2.5868878409958143
2.688721875540867
3.266332639970623
3.1416192081839784
3.530493056757482
1.6143308351592656
1.0389205950315936
1.3866141742624585
3.577819531114783
1.7295739585136223
1.8751310486364092
1.6126502330422663
1.5510981710072647
1.134969974603941
1.2917601481809735
1.7783283537314114
1.3520301017579528
0.9912642605354288
3.3263604079526936
3.337175341123077
3.506890595608518
4.168996101099628
4.177458067221696
4.178239799408822
4.1907038062636675
4.1767351825717105
4.183046569453081
3.9328642598672277
4.151893267102609
4.183697689986764
2.807210311338979
3.125
2.792481250360578
3.5132696895151074
3.8460744003942304
3.8138814926512064
2.865576855207248
3.5708310491259914
3.4974729335744557
2.4996981431844145
1.2806721295208872
1.4969275461145894
3.188721875540867
3.182005814760214
2.9966308482846764
3.139572261986723
3.2516291673878226
3.2516291673878226
3.391892644680932
3.625
3.5999748045069526
3.0062389286533895
3.5351745656359026
3.984183719779188
3.8365916681089787
3.1068905956085184
3.5464393446710147
3.447401504705915
3.1464393446710153
3.0849625007211556
3.189898095464287
3.2516291673878226
3.418295834054489
3.2516291673878226
3.461320140211008
0.8888857761841272
0.9917601481809735
1.0408520829727552
3.452819531114783
3.084962500721156
2.359879028736861
1.543751954420502
3.084962500721156
4.023661393171458
3.689703732199547
2.6235166412180155
3.238901256602631
1.2389012566026305
1.1540157730728
1.384431504340598
1.2087030080822634
2.8553885422075336
1.0219280948873624
0.7732283485249176
1.8565647621309542
1.0892300788425848
1.306170651709187
1.8322488896002307
4.170235317464674
3.6398227820087543
3.32323142879762
3.5585186130489057
3.2516291673878226
3.513269689515108
3.3927474104487847
3.4548223999466066
3.6695767463163933
3.3086949695628416
3.636842188131012
3.5
3.2516291673878226
1.3787834934861753
1.0408520829727552
3.084962500721156
1.7735572622751854
1.014097655573916
1.5744174271404585
0.7732283485249176
1.1400677626718572
3.3927474104487847
2.5849625007211556
2.287783719941071
0.9463729359854419
1.4345491399952024
1.207518749639422
0.9055872616982603
3.9830099857503467
1.3199958387470214
0.9055872616982603
2.075074223172834
3.3927474104487847
3.8059081255623153
4.083143494870466
3.89430422026193
0.8841837197791889
1.6463136587255378
0.8180959929710641
1.650022421648354
3.700439718141092
3.0849625007211556
3.0850551027564768
3.8634651896016465
3.084962500721156
3.084962500721156
3.5843031793467124
3.9783335811852645
3.2709505944546686
3.2195282822995477
3.2402239289418517
3.238901256602631
3.2402239289418517
3.0269868333592873
3.180832987205441
3.0286393118385755
0.9933927290103626
1.2917601481809733
2.70143323925505
2.852217001462482
1.780672129520887
3.155221528859512
3.106890595608519
1.2366407419411674
1.4885252948977485
1.3862740938959681
1.0408520829727552
3.4086949695628417
3.323231428797621
1.4345491399952024
3.32323142879762
3.1307179879273748
3.454822399946607
3.323231428797621
3.5736606896881855
3.3735572622751855
3.375
3.5585186130489057
3.4864405016961446
3.1751231351134614
3.4399364703978077
3.729446194905257
3.80871969734407
3.5555331514269963
3.125
3.3082708345352603
3.536886723742167
2.9312089489103235
2.4588718484453604
3.824862957617357
3.5555331514269954
1.2389012566026305
0.568419036102983
1.1981174211304033
1.5744174271404585
3.238901256602631
1.7004397181410922
3.084962500721156
1.4885252948977485
0.7345299214394703
0.9912642605354287
1.4135819199522097
1.9211796919474975
1.3520301017579528
1.207518749639422
1.7987949406953985
1.3304835169703004
1.280672129520887
3.3927474104487847
1.6774212838293647
1.8679653582397107
0.7345299214394703
1.0949143184120975
1.0389205950315936
3.3329187608024515
2.9312089489103235
2.0461796919474975
3.969001629875993
3.0220552088742
3.577819531114783
2.8553885422075336
3.0220552088742005
2.8553885422075336
2.8553885422075336
2.9852281360342516
3.845350936622436
1.271782221599798
3.292770193936991
3.4438561897747237
4.109966999194221
3.0062389286533895
3.2516291673878226
3.0269868333592873
3.327819531114783
3.2402239289418513
3.6168746059562227
3.2608281712244547
1.4885252948977485
3.3603059777020796
3.41379956460568
3.2841837197791888
3.7970421653407156
3.3688840705376357
3.057476076289932
3.895638807527667
3.4548223999466066
3.8322729072372415
3.9784939036661573
3.378783493486176
3.3921472236645345
3.3927474104487847
3.614330392422089
2.663532754804255
3.378783493486176
3.429275070710712
2.852217001462482
2.6416041678685933
3.3519530742463752
3.1068905956085184
3.7192945256669785
3.2464393446710154
3.146439344671015
3.139572261986723
1.1941737342569119
1.7841591278514217
2.6309540711165598
2.2065768733689373
1.5744174271404585
2.584962500721156
3.09306920777189
1.4345491399952024
1.419035274338866
3.0269868333592873
3.723074189428569
3.373557262275185
3.7297250895022676
3.536886723742167
3.4464393446710155
2.8553885422075336
1.6526768021893685
0.7742433029172697
1.1451104143815827
1.158938532350277
1.0389205950315936
2.9753167180380213
3.527521540521388
3.427333493898265
1.207518749639422
1.3372449392958772
1.186278124459133
0.8166890883150209
1.7518834359763853
3.189898095464287
3.2359263506290326
3.446439344671015
2.5580510765444577
3.30827083453526
3.182005814760214
3.43162356584743
3.292770193936991
3.085055102756477
3.4841837197791885
3.4316235658474303
3.521640636343319
3.2402239289418517
3.0220552088742
3.5068905956085183
3.721928094887362
3.68354236243323
2.7516291673878226
3.522571589136359
2.132330824132849
2.1256972338142135
2.178230231337564
2.2096909728231857
2.178230231337564
3.4218984152770844
3.5841837197791886
3.006238928653389
0.9055872616982603
2.292481250360578
3.1464393446710153
2.4996981431844145
2.9852281360342516
2.1492553971685
3.0220552088742
3.09306920777189
2.5654483718208256
2.8584585933443494
3.2516291673878226
3.3232314287976203
3.180832987205441
3.3248629576173574
3.5110854081804264
3.2927701939369904
3.2516291673878226
3.9238561897747237
3.381580488309164
3.419381945646371
3.7359263506290334
3.5585186130489057
2.584962500721156
3.521640636343319
3.0269868333592873
3.378783493486176
3.655045546825805
3.189898095464287
4.108667646840287
3.6835423624332306
3.392747410448785
3.921797379464782
3.7883413396567494
2.084183719779189
3.3232314287976203
3.1751231351134614
3.085055102756477
1.086312840741288
2.4982965889303155
2.617492461184755
1.0949143184120975
3.006866543182522
3.1288840705376355
3.3248629576173574
1.5816190528451362
1.5566567074628228
3.186538931341101
2.7354114992428253
3.04956331658672
3.0552505866874355
3.077819531114783
1.384431504340598
1.8318599943722043
2.5811082802143175
2.599725405427072
2.298204832749317
3.0269868333592873
2.899397470347699
3.67231470619136
3.2290211947171286
3.625999017204181
3.5336955664410548
3.508122753655861
3.495940959047517
3.5278137038539934
3.5081363779755543
3.526573121893862
3.5184292195455202
3.510973766330939
3.540326363295119
2.7109236673175583
3.3219280948873626
3.456812653045667
3.267855656621424
3.778982995562584
3.322179345516666
3.6910755119049954
3.501996604506517
3.4980683227271694
2.7329145639793984
3.5582656953198817
3.4795537717816507
3.6152344528200695
3.839587953003856
3.4157740260521487
3.516209182586097
3.515881670145143
3.60508954098331
3.3527457808718695
3.47857207494437
3.3680424225727155
3.519213329233116
3.4983739594660834
3.4669382963867945
3.272905595320056
3.500124430658176
2.873140679513133
3.2953570516174415
3.11892373818864
3.1900616179453087
3.57983867829962
3.6123683631711376
3.039148671903071
3.188721875540867
3.40582225028569
3.7830140032660013
3.6699250014423117
2.952819531114783
0.7732283485249176
3.27280432733462
3.534219021180341
2.734308353573255
3.6698072941938245
3.292770193936991
3.418295834054489
2.748096217075388
2.738738280249524
2.8128027367293646
2.762022893491264
3.441068585955437
3.4239347420796213
3.2516291673878226
3.2734060206819873
2.6258145836939115
2.6860292973755
2.6974450087848902
2.212503842372268
2.7547493241037455
2.652878689342031
2.85753612271702
2.353533948577482
1.6117022325423542
1.494193430493157
1.5752061585391703
1.09196937069048
1.0889252905968951
1.2958363892911637
3.085055102756477
3.182005814760214
2.1800365325772657
2.777834482690391
3.188721875540867
3.5
2.950212064914747
2.8976820955289404
1.8942738697712644
3.3125
2.1079637556972086
1.780672129520887
2.855388542207534
2.846439344671015
3.03856233607563
3.180832987205441
3.2516291673878226
3.681880802803402
1.439254017211876
3.3927474104487847
3.4677201004745006
1.747167197306934
3.796217602590055
3.625
3.9374448765408534
3.8401568604088583
4.116299605701696
4.1244830414750435
4.190509824801123
3.3248629576173574
3.614369445886757
3.3927474104487847
3.8143665124899595
2.224394445405986
3.550340709546388
3.9378678183299383
3.5974606170491215
2.73345859334435
3.636842188131012
3.3735572622751855
2.7773627950641693
4.134844706287359
3.9876492827408
3.833175911936759
4.1286672911190845
4.02400977601638
3.990565550238961
3.039148671903071
4.138461639110145
3.8467761795853646
4.137935681120948
4.004385459655422
1.4182958340544896
1.5306390622295665
2.682588730501833
1.7527152789797045
3.9865785745782842
3.5348444768042904
4.185112312195277
4.019819982620165
4.0078746053553695
3.6692750707107122
3.4262096139809795
2.3329145639793976
3.09306920777189
2.9312089489103235
3.62824348852659
3.0269868333592873
3.0269868333592873
3.084962500721156
3.30827083453526
1.7004397181410922
3.5160276412662297
3.180832987205441
3.721928094887362
3.559079570624174
3.3921472236645345
3.0130709291038453
3.4086949695628417
0.9912642605354287
3.085055102756477
3.1709505944546685
3.6644977792004623
3.3232314287976203
3.6835423624332306
3.378783493486176
2.899397470347699
3.175123135113461
3.238901256602631
1.6457113704075788
1.063529270392822
0.8166890883150209
1.0834189322427712
1.584962500721156
0.8795064608120066
1.2100285140347624
1.2389012566026305
3.588354347173234
3.6978458230844113
1.0201433152964863
0.7345299214394703
1.198183947911799
2.054585169337799
3.4713544870139286
1.9508257945180885
0.8743095546405661
0.7732283485249176
0.8166890883150209
0.7732283485249176
1.4075888720607928
1.5052838498690502
0.7732283485249176
0.8683927290103626
1.3516441151533922
1.1400677626718572
1.584962500721156
1.0892300788425848
0.7345299214394703
0.7228578977329688
1.1635402011210707
1.3520301017579528
3.3927474104487847
3.459147917027245
3.3263604079526936
3.180832987205441
3.43162356584743
3.788341339656749
3.522711955680758
2.9735572622751847
3.188721875540867
3.4565647621309536
2.4182958340544896
1.5306390622295665
1.5628066316931741
1.6266888497018317
1.6258145836939115
0.8166890883150209
3.239097917988786
3.084962500721156
3.814371943179627
1.207518749639422
2.8553885422075336
3.4193819456463714
3.006238928653389
3.726167669167252
0.6685644431995964
1.5275070675902451
1.0408520829727552
1.795682898351103
1.2388954222347044
1.9359455691847651
3.3274847819558424
3.0269868333592873
2.8553885422075336
3.73215889136457
3.75
2.8553885422075336
4.065851754171328
4.11951028387479
3.1125853906355423
4.110125675571487
1.7004397181410922
3.260828171224455
2.873140679513133
1.3520301017579528
1.1540157730728
1.4182958340544896
3.0269868333592873
3.3787834934861767
2.9312089489103235
3.7887549139935017
3.6194705707972514
3.447401504705915
3.379470570797251
3.9582426910248447
3.6471600746327595
3.203701696057348
3.196154780932867
3.363286923996055
3.350209029099897
3.661226256269789
4.105979129983102
3.658234151258402
4.092280407143145
4.14778058894659
4.196389346173171
3.8667292966721747
3.085055102756477
3.182005814760214
3.0697738350294776
3.606238928653389
1.780672129520887
2.521928094887362
1.0069867746915102
1.2366407419411674
3.872905595320056
3.0269868333592873
3.2883201891060003
3.5282424844314786
2.7272170014624826
2.4508257945180882
0.9444885341662053
1.014097655573916
3.403701696057348
3.522711955680758
3.6070106193991465
3.080500530640267
2.8150724101159437
3.7685547780590207
2.502598068247261
3.9567244880151
3.7968949195075883
3.7823328717505142
3.2883201891060003
3.084962500721156
3.7950885863977324
3.182005814760214
3.366091329119192
3.5739348962840563
3.8670108484048944
3.9375770020923038
3.7081320646586025
4.015750409603562
3.4713544870139286
4.0625897616958
3.7201755214643453
4.091418651692922
3.701375755906048
3.7906606648822847
3.8780682683455234
3.948475199763635
3.5898980954642874
1.6143308351592656
1.9508257945180885
0.9463729359854419
0.7345299214394703
3.238901256602631
2.35274578087187
3.1751231351134614
3.5841837197791886
2.9312089489103235
3.987096738903104
0.8166890883150209
1.188721875540867
1.058277043226334
3.1812123354076696
3.1711221344405076
3.065957320949175
1.322995967059358
3.189898095464287
3.8864265539349128
4.102533570478044
3.5736606896881855
3.5280577551976133
2.9659573209491747
3.127986806877675
3.9580449870243473
3.7091891763228166
1.3520301017579528
1.7633584292311082
0.9055872616982603
0.9847696187067433
1.2916919971380596
1.0408520829727552
1.4182958340544896
1.6691803368667308
3.4464393446710155
1.9852281360342514
3.188721875540867
0.5665095065529053
3.0220552088742
2.973557262275185
3.976855897410493
3.8582200578365025
1.014097655573916
1.8322488896002305
4.180375981045543
3.8462404809956667
1.0408520829727552
1.4112050925821995
1.2532975784630431
3.688721875540867
2.6612262562697895
2.931208948910323
1.5510981710072647
1.6143308351592656
1.4604846813131114
3.3927474104487847
0.8030717273241024
2.4217897106839215
1.3567796494470392
1.7841591278514217
1.6402626506038278
2.984234164652489
3.9121138909722304
3.334679141051595
3.7709103354256372
3.7254805569978675
3.403989446485262
1.3615419333359275
1.6010143058068347
0.9798687566511528
3.0220552088742005
3.452819531114783
2.931208948910323
3.375
3.337175341123077
1.54515219719895
3.180832987205441
3.334679141051595
1.8828560636920488
3.1496734471867414
3.0220552088742005
2.8423709931771093
1.8919954870390203
3.238901256602631
1.439254017211876
1.5166422780956523
1.0389205950315936
0.6402064333604701
2.5720839106987463
3.327819531114783
3.4956029237290123
3.6178096843744547
2.3158243335257076
2.408436973986156
3.084962500721156
3.327819531114783
0.41381685030363374
3.085055102756477
1.8050365325772657
2.918295834054489
1.7381493331928664
0.9141828384352135
1.0892300788425848
2.8962915290459277
1.2332247882202196
0.5689955935892812
2.1492553971685
1.5197284615795614
1.2957378005380122
1.5628066316931741
3.180832987205441
2.7192945256669794
3.039148671903071
2.8150724101159437
1.450467463408549
0.5916727785823275
3.8054967936988744
3.238901256602631
2.692380602454975
3.2359263506290334
3.4547012441673464
3.2516291673878226
1.3520301017579528
1.965596230357602
3.4613201402110083
3.8553885422075345
1.4885252948977485
2.7534343861887853
1.4466479595102752
3.729446194905257
1.4299111709758698
1.5465935642949382
1.7130788426267936
2.8553885422075336
3.0849625007211556
3.238901256602631
2.5220552088742005
3.4182958340544896
3.5841837197791886
2.7272170014624826
3.625
2.287783719941071
3.964735178725505
3.5110854081804272
3.028639311838575
3.506890595608518
3.8833374604210067
3.616348566075164
2.7534343861887853
2.792481250360578
3.106890595608518
3.8035088547976788
3.146286370662105
3.236857303422074
3.0306390622295662
3.688721875540867
3.9500637564362093
3.3927474104487847
3.2516291673878226
3.084962500721156
2.6887218755408666
3.2516291673878226
3.0220552088742005
3.9021748142117274
3.523231428797621
2.188721875540867
3.675310868912364
1.584962500721156
3.6542553132150286
2.866247897312731
3.127986806877675
0.4689955935892812
1.173185867971725
3.069773835029478
3.509619501045677
3.024397470347699
3.039148671903071
2.875
3.125
3.7034651896016464
2.873140679513133
3.4632805178108104
3.5121884039686613
3.3005590923909534
3.8042292966721747
3.452819531114783
3.5090356337908912
3.5836169753972325
3.490601562950723
3.1898980954642875
2.7068905956085185
3.2195282822995477
3.0306390622295662
3.219528282299548
3.5585186130489057
4.108016273619307
2.6892464285091577
2.918295834054489
3.3263604079526936
3.5368867237421666
2.111636870709878
3.4632805178108104
2.771765668774843
2.7404856359902237
2.801379001605277
2.918295834054489
2.397742260857835
2.375
2.7307501784370425
4.159383401290167
3.8013774524295485
3.9191403594995746
3.639079570624174
3.6031579868725987
3.810081020521731
3.4956029237290127
3.2728043273346197
3.745406425938248
0.9055872616982603
3.5841837197791886
3.084962500721156
3.3921472236645345
4.0796786498829745
3.182005814760214
3.4713544870139286
3.41041725276052
3.456564762130954
3.139572261986723
1.080424344959478
0.7732283485249176
3.2516291673878226
1.1451104143815827
3.418295834054489
3.490601562950723
3.238901256602631
3.896291529045928
3.239097917988786
3.5898980954642865
3.2810361125534233
3.0849625007211556
3.8881492782505247
2.8423709931771093
2.9312089489103235
3.46610072007239
1.439254017211876
0.6402064333604701
3.2927701939369904
3.180832987205441
3.25
3.1751231351134614
3.616348566075164
0.9567657083663144
1.2916919971380596
1.1863137138648348
0.41381685030363374
0.7732283485249176
1.5058231002082845
1.0801187379879036
2.9219280948873623
3.2359263506290334
3.7834651896016465
3.238901256602631
3.521928094887362
3.6168746059562227
3.2359263506290334
3.9797703426966957
3.6304126608739975
3.6052538230845443
3.624518654958899
3.418295834054489
4.073756132626685
4.094293600159602
3.8454784172867917
3.5465935642949384
1.7381493331928664
3.0463811129458835
2.6416041678685938
2.05126936292225
2.188721875540867
2.266275532116672
3.188721875540867
3.4548223999466066
3.238901256602631
3.5724694587701364
1.5306390622295665
3.6820058147602146
3.327819531114783
3.5724312513221195
2.8150724101159437
0.8841837197791889
1.1451104143815827
0.8166890883150209
1.1401156785146092
3.715018266288633
3.238901256602631
2.584962500721156
2.8553885422075336
3.188721875540867
2.6825887305018328
3.2516291673878226
3.572431251322119
3.2319461881351823
3.429275070710713
3.125
3.180832987205441
3.8720838732529215
3.1556390622295662
3.32323142879762
3.182005814760214
3.7360069464476573
3.182005814760214
3.1158340921632197
3.039148671903071
3.1556390622295662
1.610577243331642
1.8028588454634995
3.2516291673878226
3.7024715122197467
3.43162356584743
3.7264741182543757
3.327819531114783
3.3832726727387747
4.0648967123183475
3.1279868068776753
4.01244147068971
3.3834651896016465
3.039148671903071
2.0670314951575843
1.0408520829727552
0.7742433029172697
1.7004397181410922
2.872905595320056
3.2806390622295662
3.084962500721156
3.378783493486176
3.326360407952693
1.5435644431995963
3.238901256602631
3.989649928869136
4.05319745997986
3.576617644908665
1.0214554656116668
1.1401156785146092
3.1556390622295662
3.7528235452441066
1.7841591278514217
0.7345299214394703
3.4072682296173893
1.528965968072094
1.2516291673878228
0.9463729359854419
3.2516291673878226
1.4256051990169438
1.0408520829727552
1.3355055565170972
0.9463729359854419
3.593730583109655
3.598026205460745
1.2366407419411674
0.6500224216483541
1.0957952550009336
3.182005814760214
3.2841837197791888
3.779892951923697
3.7833653636397115
3.2516291673878226
3.783645595300208
3.0565647621309537
3.924032442910064
3.09306920777189
3.0220552088742
3.3087513512471665
2.8553885422075336
3.6168746059562227
3.365764637179023
3.1018812234760182
2.8553885422075336
3.3814580038654727
3.633974075997158
3.2516291673878226
2.8218881955261788
3.0849625007211556
2.952819531114783
3.4971558025756684
3.3927474104487847
3.1018812234760182
2.8423709931771093
3.527322799209288
3.0220552088742
3.3248629576173574
1.6305914641842123
3.13816585570409
3.2516291673878226
3.721928094887362
3.503258334775645
3.4817145729860717
2.8150724101159437
2.582059910580257
1.5090275125326515
3.4556501805795428
3.6938779781533033
3.8924518533802868
3.471354487013929
3.3263604079526936
3.6838561897747235
3.2728043273346197
2.8731406795131336
3.30827083453526
3.471177544785919
3.842718564849674
3.4068456339854913
3.418295834054489
3.9121138909722295
2.7516291673878226
3.5068905956085183
1.7225481839918795
1.5216406363433184
3.346439344671015
3.65250376834311
3.9014491816561687
2.808454330929234
1.5795928587944992
1.930155966959864
3.608512968290146
3.835974301583734
3.0269868333592873
3.863649886119845
2.9360608906886787
3.1395722619867223
3.5853690454911327
3.871746640405279
1.6691803368667308
0.37123232664087563
1.8360168461385307
1.3250112108241772
3.375
1.2870540281187268
3.413088436425757
1.870253816431622
1.0144044449514424
1.4179493739444216
0.8166890883150209
1.4652556501132248
1.183088913358015
3.64696666827365
3.238901256602631
3.3927474104487847
3.039148671903071
3.5032583347756456
3.5368867237421666
3.4713544870139286
3.614369445886757
3.6163485660751635
3.375
3.534219021180341
3.5724312513221195
1.2916919971380596
1.1883763717345073
2.5492553971684995
2.6258145836939115
1.9399824743635556
1.7676461209612238
3.263933429485634
1.5637962376877474
1.3520301017579528
1.9698157824268105
1.4609640474436811
3.3927474104487847
3.3336606896881853
3.238901256602631
3.3927474104487847
2.9735572622751856
3.180832987205441
3.127986806877675
3.292770193936991
3.3263604079526936
0.5489544344250401
1.1941737342569119
3.125
3.2927701939369904
0.6685644431995964
1.0534081504863568
1.4966407621868583
1.186278124459133
1.6266888497018317
1.3784188527203236
1.5744174271404583
0.7732283485249176
2.751629167387823
3.2516291673878226
3.085055102756477
3.188721875540867
2.9852281360342516
3.084962500721156
3.3787834934861767
3.2516291673878226
3.446439344671015
3.0220552088742
3.180832987205441
3.0062389286533895
2.960964047443681
3.084962500721156
3.5726236638951634
3.378783493486176
3.375
1.3741854163060885
0.8166890883150209
1.1451104143815827
3.3927474104487847
0.5489544344250401
3.085055102756477
3.3927474104487847
3.7360069464476564
3.77850207357611
3.202819531114783
3.5110854081804264
3.039148671903071
3.292770193936991
3.3787834934861767
3.381580488309164
3.2806390622295662
0.6402064333604701
1.0389205950315936
1.7004397181410922
1.103307408607834
3.2903216092483056
3.2841837197791888
3.4992275471326932
3.7117666049245943
4.071668002356412
3.181366328891459
2.8731406795131336
3.4565647621309536
3.688307235905091
3.8441065448145375
3.246439344671015
3.238901256602631
1.1451104143815827
2.931208948910323
3.0269868333592873
1.3520301017579528
0.8683927290103626
1.1451104143815827
3.127986806877675
0.8112781244591328
1.4657904693384451
0.8683927290103626
3.084962500721156
3.085055102756477
2.950212064914747
3.0849625007211556
3.1105780147890156
2.6235166412180155
3.1556390622295662
3.1395722619867223
2.8553885422075336
3.598349098128234
2.952819531114783
3.418295834054489
3.4548223999466066
1.1559739978306767
0.8076702057269436
0.9255982359100635
3.734521664779752
0.8030717273241024
3.452819531114783
3.5110854081804272
3.084962500721156
3.378783493486176
1.626688849701832
0.6685644431995964
1.4182958340544896
0.8743095546405661
1.2601423897108555
0.7732283485249176
1.2806721295208872
3.039148671903071
3.0269868333592873
1.4966407621868583
1.2601423897108555
1.3361602543738118
1.5465935642949382
3.3263604079526936
3.5068905956085183
3.3735572622751846
3.8035088547976788
4.028374405222217
3.9218834769900024
3.418295834054489
3.6841837197791887
3.7849418274376423
3.881076880026372
3.51602764126623
3.463280517810811
3.378783493486176
3.6412498004554785
3.824252831282987
3.323231428797621
3.391230477257489
3.461320140211008
3.4650182662886326
3.077819531114783
3.125
2.279720852464461
1.9528195311147831
2.2737288290053255
2.8962915290459277
3.5068905956085183
3.2516291673878226
3.0220552088742
3.2402239289418517
3.484183719779189
3.0269868333592873
3.0269868333592873
3.403989446485262
3.1279868068776753
2.7773627950641693
3.739572261986723
3.6133373140453067
3.6841837197791887
3.511085408180427
3.084962500721156
3.1556390622295662
3.303465189601647
3.5766176449086653
3.5944656369614516
3.6763906325796274
3.1555650133297184
3.4677201004745006
3.197159723424149
3.2806390622295662
3.240223928941852
3.378783493486176
3.681880802803401
2.6535442970305683
3.501397825434103
3.30827083453526
0.8166890883150209
3.418295834054489
3.531941205546659
1.0144044449514424
3.6753108689123644
1.7295739585136223
1.0219280948873624
2.623516641218015
3.6168746059562227
3.346439344671015
3.0269868333592873
3.640223928941851
3.337175341123077
1.2332247882202196
0.9640863283315679
1.2516291673878228
2.35464287004538
2.2490409518501804
2.351946216085446
1.9386790169573507
1.9334975949679492
2.320423374953668
2.1655711748906312
2.365957320949175
1.7695459925589747
2.0095419864445954
1.8542858719872461
2.2797208524644614
2.5220552088742005
0.7732283485249176
0.951994081908783
3.821928094887362
3.086048612313038
3.3355898459737485
3.623465189601646
3.188721875540867
3.1068905956085193
3.039148671903071
3.105388542207534
3.60693673217532
1.198192411043098
1.188721875540867
1.2516291673878228
3.0269868333592873
1.0949143184120975
1.6737949406953985
1.2507718969800707
1.8423709931771088
1.3361602543738118
0.8166890883150209
0.9912642605354288
1.2870540281187268
3.381580488309164
2.7773627950641693
1.612197222702993
3.3927474104487847
3.2516291673878226
1.5435644431995963
3.4632805178108104
3.149397470347699
1.896240625180289
3.180832987205441
1.573402452417767
1.166342889840669
0.7732283485249176
3.4116022179746714
3.564735178725505
3.084962500721156
3.481844447743229
3.9772239948618697
3.820888851350188
3.6732696895151076
3.737745165456522
3.3787834934861767
3.0269868333592873
3.5726236638951634
2.7773627950641693
3.7238183828937528
2.5503407095463886
3.4632805178108104
3.3834651896016465
3.4992275471326932
3.446439344671015
3.202819531114783
3.2210972500579573
3.1898980954642866
3.238901256602631
3.6140411886335957
2.931208948910323
3.2516291673878226
2.789898095464287
3.658993415253805
3.2516291673878226
3.8400832519721115
3.621928094887362
3.332429281549888
3.2359263506290326
3.3921472236645345
3.2639334294856344
2.9852281360342525
2.5220552088742005
3.820888851350188
1.533206219346495
1.9852281360342516
2.0930692077718898
1.058277043226334
1.4516607643577668
0.9567657083663145
1.731360029190912
0.8524051786494786
1.584962500721156
3.084962500721156
1.8609640474436813
3.085055102756477
3.7544418457133446
4.026360459931185
3.6537567082870006
3.902174814211728
3.0220552088742
3.3927474104487847
3.4701755214643453
3.3005590923909534
3.567040216926579
3.8868421881310122
2.999581230646064
3.084962500721156
3.584962500721156
3.5068905956085183
3.182005814760214
2.889549430862088
3.4182958340544896
3.4548223999466066
4.035273502696889
3.1692486956952335
3.0269868333592873
2.8553885422075336
1.2210477851797181
1.4345491399952024
1.0389205950315936
1.2516291673878228
2.7773627950641697
2.8869656387302123
3.058071872800068
1.1057078136663452
3.7638561897747236
3.327819531114783
3.2210972500579564
2.688721875540867
1.2210477851797181
2.0049355947431313
2.3013307956279236
2.174314657648701
1.7028195311147831
2.39207883297832
3.0849625007211556
1.2516291673878228
1.404678473063571
3.146286370662105
2.353533948577482
2.33012496531497
3.0220552088742
2.918295834054489
1.0408520829727552
0.9780155566622414
1.4956321302677145
1.2916919971380596
3.2866294867861954
1.5628066316931741
1.7004397181410922
3.2639334294856344
1.0975378398419535
1.3012517848198515
1.3372987357359631
2.900098757652557
2.9398290174664026
2.688721875540867
2.355388542207534
3.260828171224455
3.855388542207534
3.6841837197791887
3.5739348962840563
3.828072996388509
3.4316235658474303
3.719294525666978
3.0849625007211556
3.182005814760214
3.572469458770136
3.366091329119192
3.4548223999466066
3.3908054820769817
3.572431251322119
1.0954312795575998
3.1820058147602133
2.8962915290459277
3.0269868333592873
3.0306390622295662
3.671405583442497
3.6644977792004605
3.3787834934861767
3.8362199082403885
3.7919245392005063
3.418295834054489
3.671405583442497
3.503258334775645
3.202819531114783
3.5068905956085183
4.11049194576144
3.9723064058771302
3.576617644908665
3.292770193936991
3.182005814760214
3.41041725276052
3.8314018453921714
3.09306920777189
3.452819531114783
3.7720552088742005
3.2516291673878226
3.3927474104487847
3.5
3.452819531114783
2.918295834054489
4.046439344671015
3.6818808028034016
2.9182958340544896
2.5220552088742005
4.037701875407782
3.456564762130954
2.2841591278514217
4.060012149061901
3.506890595608518
3.919563347274704
2.8553885422075336
3.6841837197791887
3.4548223999466066
3.4548223999466066
1.5306390622295665
3.4992275471326932
2.6887218755408666
1.1542221846835221
3.5219280948873624
3.419381945646371
3.5883543471732335
3.584962500721156
2.9689185639620974
3.5092750707107125
3.377278130987436
3.084962500721156
2.8962915290459286
3.1556390622295662
3.2195282822995477
3.7409532604048397
3.663532754804254
3.403701696057348
3.3927474104487847
3.872905595320056
3.016875695766564
3.327819531114783
3.1898980954642875
3.816284281229613
3.740601562950723
3.463280517810811
3.5511085007312415
3.454168410357404
3.661226256269789
3.9511678133389676
1.061278124459133
1.3663146570363986
2.7516291673878226
2.950212064914748
3.3927474104487847
3.6711499390701863
3.783465189601646
3.9944914798239415
1.6163485660751646
3.2402239289418513
3.745406425938248
2.918295834054489
3.8042292966721747
3.378783493486176
3.5
3.058813890331201
3.4936606896881854
3.3787834934861767
3.238901256602631
3.5766176449086657
3.0220552088742
3.4548223999466066
3.0220552088742005
3.188721875540867
3.238901256602631
3.5
3.240223928941852
3.180832987205441
3.535174565635903
3.418295834054489
1.2326602568158205
1.5628066316931741
1.1451104143815827
2.770950594454668
2.8555603056541075
2.9655540678468464
2.9828249711943142
3.202819531114783
2.8553885422075336
2.8423709931771093
3.337175341123077
0.7793498372920851
1.2916919971380596
2.9852281360342516
2.8073549220576046
2.7516291673878226
3.3927474104487847
2.7534343861887853
3.084962500721156
3.4817145729860726
3.2390979179887864
3.607497488939239
2.9547012441673464
3.202819531114783
3.675310868912364
3.381299214313105
2.353533948577482
2.792481250360578
3.4817145729860726
3.825759829466033
3.5013978254341027
3.058813890331201
3.2359263506290334
3.197159723424149
1.4716022614097979
1.075875645896709
3.888764974387061
2.789898095464287
2.6612262562697895
3.180832987205441
1.9508257945180885
2.1339375660949167
2.186278124459133
3.3927474104487847
1.6258145836939115
3.2516291673878226
1.0968015866427632
2.573557262275185
0.6998428398862386
1.086312840741288
2.0225797618424917
3.203365087509175
3.0220552088742005
1.0529815751302694
3.481714572986073
3.5160276412662297
2.5654483718208256
2.967064753975466
3.4859175795054957
3.60840304432727
0.7732283485249176
3.238901256602631
3.084962500721156
3.189898095464287
1.188721875540867
3.0269868333592873
3.32323142879762
3.085055102756477
3.0849625007211556
1.5617677112802775
2.4508257945180887
3.084962500721156
4.038320189106
3.763646770676926
3.0269868333592873
3.7841837197791888
3.0286393118385755
1.1994602933016414
3.077819531114783
0.9055872616982603
3.378783493486176
3.640223928941851
3.4548223999466066
3.558518613048906
2.150295005687317
1.0408520829727552
1.1451104143815827
3.7445729918120443
3.4435137534498526
3.2195282822995477
3.0220552088742
0.6583514224564075
0.8112781244591328
1.1635402011210707
3.0565647621309537
3.039148671903071
3.375
3.180832987205441
3.039148671903071
3.1556390622295662
3.039148671903071
3.238901256602631
2.918295834054489
3.2195282822995477
3.378783493486176
3.7216117239699
3.5465935642949384
0.9463729359854419
1.1792766944604327
0.9912642605354287
1.1241854163060885
3.900153016697712
3.692279682039657
3.536886723742167
3.323231428797621
2.355388542207534
1.8062389286533895
1.2516291673878228
2.5220552088742005
3.7622673906514943
3.5110854081804264
3.5068905956085183
1.4885252948977485
1.5058762556041068
0.6098403047164004
3.3927474104487847
2.35274578087187
1.896240625180289
3.418295834054489
3.943465189601646
3.202819531114783
2.4493118330264463
2.688721875540867
3.604031754555149
3.6572682296173897
3.4316235658474303
3.4072682296173897
3.7714370294611266
1.7004397181410922
4.059872022093645
4.088779347361362
3.532573257502619
3.8835808223736046
3.5841837197791886
2.688721875540867
3.760421209521994
4.056395490686342
2.8553885422075336
3.182005814760214
3.8732358263763285
2.950212064914747
3.0269868333592873
1.3250112108241772
0.8343470230852538
3.7622673906514947
2.8553885422075336
3.25
0.9833557549816874
3.3082708345352603
2.064042639445697
2.3415282431550537
3.4182958340544896
1.5465935642949382
0.7732283485249176
2.8731406795131336
3.5585186130489057
3.6096684774198886
3.7544418457133446
2.923231428797621
3.3248629576173565
3.1395722619867223
3.180832987205441
2.9312089489103235
3.175123135113461
3.3232314287976203
2.5654483718208256
2.556656707462823
2.589246428509158
0.8366407419411672
1.4345491399952024
2.8553885422075336
2.918295834054489
3.573660689688185
3.4565647621309536
3.516027641266231
3.506890595608519
3.7938813342022
1.1488348542809166
3.5465935642949384
2.9852281360342516
3.7720804237685597
3.418295834054489
3.8441065448145375
2.7035593239513567
2.8150724101159437
2.8731406795131336
2.6258145836939115
1.450467463408549
3.3086949695628416
1.7004397181410922
3.2516291673878226
1.207518749639422
1.1050139971135322
3.503258334775645
3.4182958340544896
3.4548223999466066
3.5068905956085183
3.3927474104487847
3.1018812234760182
3.754163427768882
3.625
2.873140679513133
3.4677201004745006
3.4556501805795423
3.0220552088742
3.4992275471326932
3.2639334294856344
3.085055102756477
3.91379956460568
3.499227541723357
3.039148671903071
2.7806390622295662
3.6841837197791887
2.8553885422075336
3.536886723742167
3.6158175946759337
3.721928094887362
3.3927474104487847
3.866433150225384
3.202819531114783
3.3735572622751855
3.261043983337284
3.077819531114783
3.6978458230844122
3.350209029099897
3.994680368408908
3.452819531114783
2.873140679513133
3.454168410357404
3.6143694458867563
3.09306920777189
3.7639657428240816
3.4464393446710155
3.663532754804254
3.8962915290459277
3.2639334294856344
2.6536047171808357
0.8166890883150209
2.639353872167201
2.946439344671015
1.1063137138648347
3.9163164651526055
3.5944656369614525
2.8553885422075336
1.4182958340544896
3.209147917027245
1.3315796225857792
1.4885252948977485
3.2089873002587996
3.7417292966721747
1.5715416718219246
3.2516291673878226
1.0892300788425848
2.923231428797621
2.396240625180289
2.816307519224645
3.5434651896016462
1.207518749639422
1.0848063548455138
2.7534343861887853
2.8225797618424915
1.8290328929684438
2.054585169337799
3.4182958340544896
3.085055102756477
3.8431390622295662
3.8509489735616422
3.5832745714766516
3.471354487013928
3.827819531114783
3.8431390622295662
2.9056390622295662
3.202819531114783
0.8166890883150209
1.220728902106009
3.4992275417233567
1.5058762556041068
1.4932133643654213
1.7947367178034825
1.896240625180289
0.9014828729297167
1.0975378398419535
1.2958363892911637
1.4396905092405703
2.688721875540867
3.418295834054489
1.5332865564454539
2.900051698999542
2.706890595608519
2.8855130303998817
2.9327516975845414
2.8954238702803163
2.5423289894137597
1.0892300788425848
1.207518749639422
0.6998428398862386
1.9092905938688711
1.5807227777193782
1.5766212201074912
1.5058231002082845
1.5372952641634292
1.965596230357602
1.2645665437059141
1.8679653582397107
3.2359263506290334
3.337175341123077
3.9328743603470446
3.4642346527265664
3.2516291673878226
3.5013978254341027
2.751629167387823
3.2516291673878226
3.5
3.860368312631825
3.4031071683628116
2.950212064914748
3.501397825434103
3.754441845713344
3.6211755429194716
3.2516291673878226
3.4548223999466066
3.0565647621309537
2.6644977792004614
2.9735572622751856
3.913977073182751
2.9852281360342516
3.378783493486176
3.3421263603534204
2.751629167387823
1.3143204867061788
1.7471671973069338
1.6258145836939115
2.873140679513133
1.896240625180289
3.378783493486176
3.323231428797621
3.521640636343319
2.984234164652489
3.546593564294939
3.5724312513221195
3.286895754518763
2.950212064914747
2.355388542207534
3.084962500721156
3.5465935642949384
3.197159723424149
3.558518613048906
2.9056390622295662
3.175123135113461
2.8962915290459286
3.238901256602631
3.392147223664534
3.952819531114783
3.378783493486176
2.918295834054489
3.3927474104487847
3.0220552088742
3.9395722619867226
3.784527696416556
3.4713544870139286
3.5424812503605785
3.764735178725505
2.9689185639620974
3.459147917027245
2.8553885422075336
3.856564762130954
3.7264741182543757
3.375
3.6753108689123644
3.794653473544342
3.783014003266001
3.719294525666979
3.5
3.180832987205441
3.181366328891458
3.6550455468258036
3.577819531114783
3.0220552088742
3.180832987205441
3.0269868333592873
3.4039894464852614
3.3927474104487847
3.8441065448145375
3.3248629576173574
3.202819531114783
3.546439344671015
0.9182958340544896
3.0849625007211556
3.0220552088742005
3.9764097655573916
3.039148671903071
4.003103797225431
3.393595372453711
3.6211755429194716
3.085055102756477
3.820888851350188
3.6769648867289004
3.6687282889802875
3.783014003266001
3.964972047317153
1.3346791410515946
2.8423709931771084
1.5589385323502771
1.4689955935892813
1.207518749639422
2.038159681645953
1.2916919971380596
1.2516291673878228
1.9440097497163569
2.180957332409844
3.3804143240098057
2.918295834054489
3.084962500721156
2.7534343861887853
3.710240837180311
3.615073913843516
3.5503407095463877
3.175123135113461
3.51947160852136
2.918295834054489
3.2516291673878226
3.2913928761709625
3.1898980954642875
2.9312089489103235
3.736006946447657
3.6841837197791887
2.9852281360342516
3.5646852674027705
3.454822399946607
3.3927474104487847
2.4989295636909357
3.6159929188670272
3.4366264796491715
1.158938532350277
0.9922666387194963
3.384183719779189
0.8166890883150209
0.8166890883150209
1.188721875540867
1.626688849701832
1.5589385323502774
1.7033848993102918
3.454822399946607
1.650022421648354
1.3792804872910605
1.207518749639422
1.813183850507562
3.601227480952956
2.636056086195823
2.4137995646056805
1.2366407419411674
1.7743974703476992
1.780672129520887
1.5847406664777797
3.7685547780590207
0.8166890883150209
1.692878689342031
1.5566766519448638
1.5739889616503064
0.9993375041688847
1.9473387961875537
0.8166890883150209
1.0408520829727552
0.951994081908783
3.0306390622295662
3.2516291673878226
3.2516291673878226
2.873140679513133
3.6133373140453067
3.084962500721156
3.373557262275185
3.507149999564497
3.039148671903071
3.843083355936897
3.5766176449086657
3.452819531114783
1.7854752972273342
2.8731406795131336
3.0849625007211556
3.180832987205441
3.8013774524295485
1.7381493331928664
1.1981174211304033
1.2806721295208872
0.9463729359854419
1.4182958340544896
3.2516291673878226
3.238901256602631
3.238901256602631
3.4548223999466066
3.2402239289418517
3.753928031846024
3.3660913291191927
3.719739433770471
3.5766176449086653
3.751629167387823
3.9500637564362093
3.3248629576173574
3.2516291673878226
2.7767248000621207
3.366091329119191
3.5535088547976788
2.9182958340544896
3.7887549139935026
2.7534343861887853
3.4992275417233567
3.373557262275185
3.381580488309164
3.5016938129887625
2.8553885422075336
3.559079570624174
3.4251185503571397
3.1158340921632197
3.7256507561120933
3.4713544870139286
2.8553885422075336
3.337175341123077
3.0220552088742
1.0408520829727552
0.8569957178540346
3.4130884364257565
1.9003716210613104
1.207518749639422
1.2725791583443118
0.8166890883150209
1.2036269253032816
1.4997718551692785
1.3494997688488455
1.6258145836939115
1.8043500827599452
1.186278124459133
1.5306390622295665
1.3346791410515946
1.0949143184120975
1.0534081504863568
2.160762106246821
0.9912642605354288
1.207518749639422
1.4885252948977485
0.8795064608120066
3.2390979179887864
3.0269868333592873
1.0975378398419535
1.6143308351592656
3.2841837197791883
3.4695443569727304
3.3005590923909534
3.378783493486176
2.0225797618424917
1.0408520829727552
3.418295834054489
3.1898980954642866
1.1191194231256714
1.0746314749738703
1.0529407605626346
1.7382689280764647
2.1829316468984663
2.221251836004466
1.2806721295208872
1.3709505944546687
1.7381493331928664
3.323231428797621
3.3787834934861767
1.0408520829727552
1.386274093895968
2.745085187108268
1.5324194984468593
2.199086165113526
3.625
3.25
0.7732283485249176
1.058277043226334
3.3927474104487847
1.3346791410515946
1.1451104143815827
1.4488156357251847
1.552881124040173
1.3520301017579528
1.186278124459133
1.0408520829727552
1.058277043226334
1.2516291673878228
1.3520301017579528
1.207518749639422
3.4817145729860726
3.337175341123077
3.625
3.809385977136273
3.5395454741006134
3.534848613650846
3.378783493486176
3.319773835029478
3.044110417748401
3.8890344232129994
3.2254128972590443
3.039148671903071
3.3232314287976203
1.6691803368667308
2.9689185639620974
3.1898980954642875
3.056564762130954
3.5096856969120642
3.1018812234760182
3.3660913291191914
3.2402239289418517
3.4263674884732254
3.189898095464287
3.204447960708351
2.688721875540867
3.3232314287976203
3.5092750707107125
2.9312089489103235
3.180832987205441
3.3908054820769817
3.0625
3.4137995646056805
2.950212064914747
3.4548223999466066
3.2405282602167116
2.9689185639620974
2.9182958340544896
3.3001946428885263
3.4642346527265664
3.2903216092483056
3.2032433566073997
3.239097917988786
2.8655768552072485
3.2728043273346197
3.240528260216712
3.3248629576173574
3.2346970025308774
3.0062389286533895
3.0062389286533895
2.688721875540867
3.422577995321604
3.4072682296173897
2.9689185639620974
3.077819531114783
3.193269689515108
3.6637709052093395
3.884768073683018
3.5535088547976783
1.3727069617019705
0.8030717273241024
2.9922888713233773
2.6469633013224243
2.6235166412180155
1.492698295169986
1.4926140680171258
1.630982607666543
1.5498638691567033
1.6171764476037533
1.5172580559362698
3.232101804845413
1.0434356963218767
1.9182958340544893
2.4263406353754373
1.5555224270766919
1.5288018145253182
3.189898095464287
1.8012693629222505
3.378783493486176
3.6023165585055525
2.7773627950641693
3.0220552088742
2.941446071165522
3.408053132659755
3.238901256602631
3.202819531114783
3.2516291673878226
2.7773627950641693
1.626688849701832
2.999581230646064
3.0792258015191023
3.75
3.2610439833372844
3.418295834054489
1.3520301017579528
1.207518749639422
1.8290328929684438
1.0408520829727552
1.8716368326936044
3.2516291673878226
3.4613201402110083
3.0220552088742
3.909368063943885
1.854285871987246
3.1018812234760187
2.8553885422075336
0.7732283485249176
3.9252104503387173
3.8820451081368628
1.0408520829727552
3.9305594444065233
3.605388542207534
3.292770193936991
3.521640636343319
3.616348566075163
3.0220552088742
3.1556390622295662
3.239097917988786
3.3927474104487847
1.6266888497018317
2.74894004700543
3.1775238440376317
3.177747162910945
3.1405874685662636
2.629249223856034
3.0810441897987726
3.4992275471326932
3.3248629576173574
2.8731406795131336
0.9912642605354287
1.81478777412626
1.792481250360578
2.3444622998654423
1.8426015641988422
1.978655800599158
1.8073549220576042
1.871602261409798
1.907507368002287
1.8866811362745346
1.6862369194032192
1.8021921535378564
3.182005814760214
0.7345299214394703
1.8919954870390203
1.8322628970242685
2.0670314951575843
1.1488348542809166
3.7556266947226717
3.1556390622295662
3.7409821015340743
3.202819531114783
3.375
3.0220552088742
3.3519530742463752
3.2927701939369904
2.931208948910323
3.5724312513221195
3.0850551027564768
1.7295739585136223
2.9852281360342516
1.9347978936565733
1.7259011433907832
3.3927474104487847
2.5654483718208256
1.584962500721156
0.9912642605354288
1.41379956460568
1.5744174271404585
3.546439344671015
3.378783493486176
2.939829017466402
3.180832987205441
2.8553885422075336
3.125
2.688721875540867
3.084962500721156
3.327819531114783
2.8423709931771084
3.039148671903071
2.8553885422075336
3.0220552088742
3.204447960708351
3.2195282822995477
3.5465935642949384
3.51602764126623
3.0849625007211556
3.095795255000934
3.084962500721156
3.463280517810811
2.5220552088742005
3.334679141051595
3.182005814760214
3.7439821538141276
3.189898095464287
3.375
3.189898095464287
3.8052456498523717
2.9312089489103235
3.2359263506290334
2.8553885422075336
1.3716407621868583
0.5131851787372753
1.4182958340544896
1.207518749639422
3.2359263506290334
3.084962500721156
3.1182751607709758
3.926108500731241
3.572469458770136
3.8573068568981284
3.6061376606679536
3.3927474104487847
3.039148671903071
2.751629167387823
3.368522527728206
3.2210972500579573
3.821928094887362
3.569773835029478
3.5
3.0306390622295662
2.9182958340544896
3.821928094887362
3.576166429919335
2.7516291673878226
2.6612262562697895
3.8561962982193805
3.7150182662886326
3.3232314287976203
2.6084585933443494
3.0306390622295662
3.546439344671015
3.084962500721156
3.3927474104487847
0.8630636700495734
1.8336056789417416
0.7228578977329688
3.0269868333592873
1.53012496531497
3.546593564294939
1.780672129520887
2.038159681645953
0.951994081908783
3.0565647621309537
3.2359263506290334
3.2516291673878226
3.024397470347699
3.0269868333592873
2.872905595320056
3.2359263506290334
2.4863286677871854
2.47450498810543
2.641755586012998
2.7966138511441434
2.6048543500327748
3.0306390622295662
3.2639334294856344
3.5068905956085183
0.8683927290103626
2.0550365325772657
2.751629167387823
3.3787834934861767
3.182005814760214
3.334679141051595
0.7732283485249176
0.6685644431995964
1.3441669796608613
3.2927701939369904
1.7295739585136223
2.8136978049501833
1.9540559277568308
1.8716022614097982
2.603759374819711
1.8496017527145812
1.5090275125326515
3.180832987205441
3.8488846166291193
3.7792395439368502
3.4613201402110083
4.124226763509438
3.0
3.616348566075164
3.8191352605372733
3.427333493898264
4.139261930734824
3.0708470936225174
3.7821222241453056
3.084962500721156
2.495602923729013
3.202819531114783
3.085055102756477
3.0503018554349817
3.7360069464476564
3.3787834934861767
4.056564762130954
3.8868421881310122
3.3248629576173574
3.373557262275185
3.506890595608519
2.873140679513133
3.886842188131012
3.0269868333592873
4.171860873964196
3.5585186130489057
3.906890595608518
3.238901256602631
1.207518749639422
2.9182958340544896
2.4662478973127313
3.4316235658474303
1.090652803252992
3.9582291686698796
3.882048827786958
2.625814583693911
3.286629486786195
3.9873274760758832
3.0220552088742
3.625
3.7883413396567494
3.7080030435786813
3.182005814760214
3.1751231351134614
1.207518749639422
1.207518749639422
1.5628066316931741
1.719973094021975
1.0408520829727552
3.808533102073525
3.1971597234241487
3.334209459448049
3.4345608142862893
3.195295934496217
3.2516291673878226
0.9543095546405662
1.7273966735744792
0.9557945636238989
0.45502065977946415
0.7742433029172697
3.384183719779189
3.584962500721156
3.71937582241537
3.546593564294939
3.327484781955842
3.323231428797621
3.106890595608518
3.0
1.1400677626718572
1.584962500721156
1.6893917467430877
3.189898095464287
2.792481250360578
2.8221819586428727
3.4374366326883625
3.1068905956085184
3.650382673761376
3.4374366326883625
3.813883631837574
3.447401504705915
3.0220552088742
1.207518749639422
1.4281526509024578
1.8779604920021649
1.3216069583883467
1.1451104143815827
3.4548223999466066
2.747167197306934
3.0659573209491744
1.584962500721156
3.2608281712244547
0.9274479232123118
1.3699740752745009
2.6258145836939115
3.2516291673878226
1.3346791410515946
3.182005814760214
2.3695710038552735
2.6015414280743445
2.5929048969719313
2.5297419143403848
2.663666019585242
2.580972906784841
2.7230103152544594
3.2402239289418517
3.0841837197791886
3.447401504705915
3.9033032648857646
3.8103590929494455
3.8996638712757403
3.791408175623324
2.484255144794799
2.6688388898504303
2.7313362000732573
2.077819531114783
2.470549740888595
2.521640636343318
2.5424826938097276
2.5242146307938143
2.7767849740024446
2.633895099679031
1.158938532350277
1.221694907636328
1.118275160770976
3.6424896731661263
3.2158411726837524
1.3713146886497212
1.7295739585136223
3.2516291673878226
3.0849625007211556
2.8553885422075336
1.6143308351592656
1.8250112108241772
1.4299111709758698
0.7345299214394703
3.625
3.3371753411230776
3.7294461949052566
3.8796640049025934
1.5545851693377994
1.4345491399952024
1.0408520829727552
0.41381685030363374
1.4966407621868583
1.5569010760354054
1.483831706844689
0.9463729359854419
1.3250112108241772
1.2366407419411674
0.35010382786665806
1.497385205007079
1.3520301017579528
0.5131851787372753
0.5304060778306042
1.0408520829727552
1.4182958340544896
2.353533948577482
1.0975378398419535
2.7192945256669794
2.485020386514989
3.6143694458867563
3.334679141051595
3.1898980954642875
3.2516291673878226
3.0220552088742005
0.9912642605354288
1.1451104143815827
1.207518749639422
3.5465935642949384
2.7272170014624826
2.751629167387823
3.238901256602631
1.4835619457390878
2.323521696246897
2.4356851259607804
1.7633584292311082
3.418295834054489
2.636884574079933
2.9369297875233635
3.4594705707972517
3.7369566829838323
2.4182958340544896
1.7854752972273342
3.125
2.6612262562697895
3.4263674884732254
2.950212064914748
2.4348075467885173
2.125814583693911
1.8850931455708966
1.7944684148604482
3.0269868333592873
3.0311161724560187
2.7040030295725654
2.5849625007211565
1.8024212838293647
2.9852281360342516
3.015418432194418
2.8676338909712116
2.7329145639793984
2.4925365325772653
3.0463811129458835
2.3285806943605953
2.10845859334435
1.8814099964358768
2.656564762130954
2.8073549220576037
3.085055102756477
3.240223928941852
3.6143694458867563
3.51602764126623
3.238901256602631
1.3410971216314893
2.1772354454083076
2.250688388816218
2.167536060791231
1.6140054628542204
2.7461034137898075
2.2931741316956287
2.4565564720759636
3.381580488309164
1.192250860234642
3.251629167387823
2.8423709931771093
3.0220552088742005
3.238901256602631
2.251629167387823
0.951994081908783
2.8731406795131336
3.3248629576173574
3.7359263506290326
3.239097917988786
3.4613201402110083
3.7962176025900556
3.6841837197791887
3.8314018453921714
3.610577243331643
3.681880802803401
2.835237745312118
4.1034942321240955
3.2359263506290334
0.5907239186406502
3.5804621997271013
2.9689185639620974
3.5535088547976788
1.4366664819166872
1.6893917467430877
1.8062389286533895
3.220867439641128
2.5220552088742
3.03836299552717
3.0185504750197882
2.9182958340544896
1.0892300788425848
0.7742433029172697
1.0389205950315936
1.0389205950315936
1.5744174271404585
1.9920139962755843
1.4256051990169438
1.207518749639422
1.207518749639422
1.5435644431995963
3.25
3.816402716644387
2.4182958340544896
3.182005814760214
1.650022421648354
1.207518749639422
1.3800943362833298
0.972253928364927
1.0975378398419535
1.3372449392958772
0.8030717273241024
1.6266888497018317
3.2390979179887864
2.8150724101159437
3.5356747474501944
3.2158411726837524
3.1464393446710153
1.7130788426267936
0.8739810481273578
0.8683927290103626
1.8400837592991006
1.5545851693377994
0.7732283485249176
1.3520301017579528
2.873140679513133
3.378783493486176
0.951994081908783
1.2916919971380596
1.2772018112022603
1.6258145836939115
0.9463729359854419
2.148834854280917
1.3143204867061788
2.7192945256669794
1.1400677626718572
3.238901256602631
3.084962500721156
3.2195282822995477
3.732914563979398
3.1086949695628414
3.7011296508094453
3.0220552088742
3.084962500721156
3.080500530640267
3.25
3.0849625007211556
3.480083695187448
2.792481250360578
3.0269868333592873
3.378783493486176
3.0286393118385755
1.5216406363433184
0.8030717273241024
0.8475846798245739
0.7907669479360189
1.4627552262645034
3.077819531114783
1.2112105412034497
2.584962500721156
2.371773328183286
1.6589797521242051
3.2359263506290334
1.3012517848198515
1.2366407419411674
2.6356614564116434
2.3958871446236976
2.9852281360342525
3.077819531114783
1.5589385323502774
1.4256051990169438
1.413304708233723
1.0408520829727552
1.483226196970911
1.4516607643577668
2.0349409139562287
1.7295739585136223
1.7712931045328013
3.7821222241453056
1.8210319581338212
1.7448425317532439
1.8751310486364097
1.4591479170272448
1.0553532192449844
1.47312842712131
1.1216407621868583
1.5628066316931741
1.8919954870390203
0.7228578977329688
1.4299111709758698
3.559900001923084
2.776724800062121
3.084962500721156
3.9591832288337003
3.678439190827718
3.572431251322119
3.6749160000010237
3.763856189774724
3.039148671903071
3.3248629576173574
4.0247584121840285
2.625814583693911
3.0220552088742
3.836280045756847
3.748994803525096
3.238901256602631
3.5800503514647373
3.344456935241198
3.4548223999466066
3.5836169753972325
1.4219115073546411
2.1298241354983314
2.1887218755408666
3.373557262275185
2.9749375012019272
2.064042639445697
2.350772023403226
2.3156646969139185
2.199206863916981
2.406666316740689
2.0275447081715483
1.242036749879848
0.6395563653739031
0.7345299214394703
1.4832261969709113
3.7834959231633984
3.182005814760214
3.5137847242254345
3.139572261986723
3.418295834054489
3.182005814760214
3.4613201402110083
3.5908201005000873
3.503258334775645
3.266332639970623
0.9933927290103626
2.315824333525708
3.189898095464287
1.5916727785823275
1.207518749639422
1.428794734004785
1.4966407621868583
2.108393476855505
0.9000224216483541
1.3520301017579528
1.584962500721156
2.1258145836939115
1.4674579648482995
1.188721875540867
1.4299111709758698
1.1400677626718572
1.1451104143815827
1.4182958340544896
1.4591479170272448
1.3699740752745009
3.213513256009071
3.3908054820769817
2.1280852788913944
3.375
4.137459628975888
3.085055102756477
3.447262499441211
3.6133373140453067
4.138616022535101
3.378783493486176
3.8404025467025056
3.09306920777189
3.084962500721156
2.71929452566698
3.5464393446710156
3.1775662320965243
1.0408520829727552
1.648238712995888
2.2062389286533897
3.3787834934861767
2.2709505944546686
1.4299111709758698
1.271782221599798
3.6464393446710153
2.873140679513133
0.9912642605354288
1.6143308351592656
1.5
3.240223928941852
3.654263725997023
3.09306920777189
3.084962500721156
1.4657904693384451
1.650022421648354
1.584962500721156
3.0220552088742005
1.1488348542809166
3.4251185503571393
3.626413747202031
2.018310781820059
3.4992275417233563
3.189898095464287
3.1607644106836545
2.532380816279281
2.3158243335257076
3.2464393446710154
3.602062537454822
3.953879540616391
3.1813663288914587
3.773557262275185
3.538310595615005
1.809200032697812
1.7107770844150676
1.3716407621868583
1.6646727945202304
1.9508257945180885
2.1526564612100527
1.1219280948873622
1.1451104143815827
3.3927474104487847
3.625
3.323231428797621
3.6339740759971586
3.5465935642949384
3.0220552088742
3.238901256602631
3.3688840705376353
1.4182958340544896
1.4182958340544896
1.6894822670191825
3.326360407952694
3.625
1.4299111709758698
1.496065911543853
2.855388542207534
2.792481250360578
3.1018812234760182
2.9842341646524884
3.5086949695628418
3.327819531114783
2.7773627950641693
3.0220552088742
3.378783493486176
3.0086949695628418
3.2402239289418517
3.303701696057348
3.713710641914682
3.8792902024895475
3.5841837197791886
3.452819531114783
2.1920058354921066
1.9288489924317704
3.299896391167891
2.855388542207534
2.8150724101159437
2.918295834054489
3.562483549459268
2.1339375660949167
3.595175521464345
1.2957378005380122
2.054585169337799
2.8150724101159437
1.8322488896002307
2.2995301445670657
2.3628318173936034
2.9689185639620974
3.0464393446710156
2.4833327985926426
2.6031579868726
3.009204438790873
2.997405811425517
3.3804304878001115
3.43162356584743
3.675629511302252
3.684220050470209
3.5194716085213607
3.4273334938982645
1.4591479170272448
1.6783898247235196
1.4969152532855432
1.914341183612352
1.158938532350277
1.584962500721156
2.732914563979398
3.4556501805795423
3.43162356584743
3.671405583442497
1.384431504340598
1.188721875540867
1.5487290032420455
1.3605273114437082
0.9780155566622414
1.7767248000621212
1.7033027837290635
0.7732283485249176
3.3927474104487847
1.5916727785823275
1.2571629874320889
1.573402452417767
1.5306390622295665
1.384431504340598
1.6143308351592656
1.0389205950315936
2.739572261986723
2.895423870280316
2.0
1.6894822670191825
1.8942738697712644
3.0274288570093586
2.6887218755408666
2.981124860657365
3.378783493486176
2.067031495157584
1.9508257945180885
1.2772018112022603
3.378783493486176
3.1898980954642875
2.8553885422075336
3.7240525721339117
3.44726249944121
3.521605564018487
3.5464393446710156
3.5220552088742005
3.378783493486176
3.084962500721156
3.5465935642949384
1.3250112108241772
1.3499214199431195
1.3520301017579528
0.49715018363696706
1.3382689280764646
1.2366407419411674
1.1306814836639119
0.8743095546405661
1.4833557549816874
1.6798229071556268
1.889709105925114
0.6998428398862386
0.8180959929710641
3.3787834934861767
0.6402064333604701
2.8221819586428727
1.2638091738835462
3.2402239289418513
1.2567796494470393
1.870253816431622
1.7621057865374483
1.9508257945180885
2.502736171594004
1.6774212838293647
0.8112781244591328
1.5916727785823275
1.7273966735744792
1.4966407621868583
1.3834651896016472
1.5306390622295665
3.7287244452691404
4.194781841418019
3.378783493486176
3.555533151426996
3.6143694458867563
2.873140679513133
3.6254011529256776
3.6661906350382223
3.5861083342987987
2.4996981431844145
1.2494602799216175
1.9211854965885542
1.4256051990169436
1.1451104143815827
1.0408520829727552
1.311278124459133
2.692380602454975
1.4182958340544896
3.095351382646312
3.0543667722948076
2.963305707553126
2.938743920401747
3.0108379720438436
2.9950849518197784
2.985494778140667
2.9307501784370427
2.9016094970590274
2.368371895858319
2.5048003829823355
3.1416192081839784
2.799007754410897
3.3887342131939455
2.4011115546699724
2.120952031026403
2.918295834054489
2.968151629499737
2.9823345430436743
2.8150724101159437
2.8453509366224368
3.7030407100708658
3.317640005966217
3.0269868333592873
1.8003804449791154
2.217021885879718
1.7295739585136223
2.2062389286533897
2.1258145836939115
2.1917374334224666
1.8810947601100745
1.6140054628542204
1.871602261409798
1.41379956460568
2.324453479334475
3.189898095464287
3.7254805569978675
1.6140054628542204
1.584962500721156
2.355388542207534
1.9072535340397483
2.5005478250578475
2.584962500721156
3.375
3.2927701939369904
2.3088701232417064
2.7250463169849266
1.3244602933016414
1.4885252948977485
2.7773627950641693
3.0220552088742005
3.25
0.7732283485249176
0.7793498372920851
3.189898095464287
3.2841837197791888
3.6635327548042533
3.4992275471326932
3.0220552088742
1.2448406699719212
1.0534081504863568
0.6402064333604701
3.4548223999466066
1.6143308351592656
1.3520301017579528
0.946686086912346
0.9912642605354288
0.9912642605354288
3.4548223999466066
1.3244602933016414
1.5683182557028437
0.39124356362925566
3.7002075434281605
3.1068905956085184
3.09306920777189
1.4970497202243016
1.7334834339268832
3.2639334294856344
1.8753156176197312
3.3927474104487847
1.1829661954675212
1.7956828983511028
0.9141828384352135
0.9055872616982603
2.6612262562697895
1.439254017211876
1.207518749639422
3.32323142879762
3.8150724101159423
3.625
3.577979636531645
3.317405811425517
3.631958103900203
3.2359263506290334
2.2810361125534233
1.9746017527145814
3.039148671903071
1.3248893422453545
3.006238928653389
3.09306920777189
3.691428031846024
1.7387586809150082
1.1451104143815827
3.2516291673878226
3.5219280948873624
1.1994602933016414
1.6691803368667308
0.9182958340544896
3.2516291673878226
3.530493056757482
3.337175341123077
3.202819531114783
3.09306920777189
3.5
2.973557262275185
3.378783493486176
1.2957378005380122
2.0461796919474975
2.9689185639620974
1.118275160770976
2.9852281360342516
3.640223928941851
0.9912642605354288
3.0220552088742
1.2086489509530647
1.188721875540867
1.822815600352516
1.5919171866886992
1.188721875540867
1.4345491399952024
3.350209029099897
3.039148671903071
3.375
3.327819531114783
3.2516291673878226
1.0975378398419535
1.4885252948977485
2.9312089489103235
3.0220552088742005
0.9463729359854419
3.375
1.2363864108712896
3.3263604079526936
3.594465636961452
3.8521687236032816
3.2810361125534233
3.095795255000934
3.606936732175321
3.546593564294939
1.3250112108241772
0.9141828384352135
1.5683182557028437
3.3263604079526936
0.9141828384352135
2.873140679513133
2.461517633708889
3.3716535224393334
1.5306390622295665
1.654398307315117
1.4345491399952024
3.32323142879762
3.3464393446710154
2.9772170014624826
2.625814583693911
3.32323142879762
3.084962500721156
2.774397470347699
1.8009947478105397
2.1266144718101816
0.7732283485249176
1.186278124459133
1.227402569259248
3.2841837197791888
3.084962500721156
3.2516291673878226
3.377443751081734
3.189898095464287
1.9766322000193108
2.063581456825594
2.0948567835487384
2.3242764617775693
1.3250112108241772
3.084962500721156
0.6437936616217652
2.699513850319966
3.085055102756477
3.390805482076981
3.4836591643979626
3.5351745656359026
3.508621780036165
3.4906015629507228
3.521640636343319
3.265583322887733
3.1898980954642875
3.25
3.3564924137968233
3.238901256602631
2.8553885422075336
3.801881698144788
3.09306920777189
3.0269868333592873
3.6818808028034016
3.3927474104487847
3.056564762130954
3.914159445145514
3.8632344061896635
3.7134606841964275
3.327819531114783
3.701324883623401
3.5132696895151074
3.6237497314922718
2.1174924611847548
0.8501514254479945
3.3263604079526936
3.4219280948873623
3.0957952550009344
3.459147917027245
3.2841837197791883
3.2433003685389576
3.0269868333592873
2.8553885422075336
3.110578014789016
0.951994081908783
1.4590697871865872
2.0581573285181998
2.625814583693911
1.3143204867061788
3.375
0.6500224216483541
0.7973265101474423
1.6143308351592656
3.189898095464287
3.6105772433316425
2.9232314287976204
3.084962500721156
3.350209029099897
3.155221528859512
3.4677201004745006
3.0220552088742005
3.6219280948873624
3.6444138295776116
2.9232314287976204
3.0220552088742
3.708132064658602
2.771902372038559
2.5503407095463886
2.748376710843233
1.6137129703673825
1.626688849701832
1.2518209528093862
3.0220552088742
3.0269868333592873
3.0849625007211556
3.8252517372886503
3.182005814760214
1.0144044449514424
3.093069207771891
2.8553885422075336
2.889549430862088
2.688721875540867
2.923231428797621
3.2516291673878226
2.8729055953200557
2.8729055953200557
3.3371753411230776
3.251629167387823
3.4613201402110083
3.567040216926579
1.0892300788425848
0.9912642605354288
1.207518749639422
1.384431504340598
3.1414460711655217
0.9141828384352135
2.950212064914747
1.4237949406953985
0.8475846798245739
1.2638091738835462
0.8274087988556427
0.7416847557897408
1.5617677112802775
1.386274093895968
2.950212064914748
2.7773627950641693
1.7967916319816366
3.6800893536948065
3.748336660409954
3.9166079048099856
3.4970558484728045
3.778126976530061
3.367859703806852
3.1395722619867223
4.028445159431228
4.195956791086143
1.7534343861887849
1.6893917467430877
1.5306390622295665
1.5058762556041068
1.0219280948873624
1.0389205950315936
1.612197222702993
1.4445763157381135
1.0949143184120975
1.2086489509530647
1.6456780552463373
1.6266144718101818
0.9912642605354288
3.170950594454668
4.188339853591381
3.2516291673878226
3.2464393446710154
3.1404753414846445
3.2275671571169284
0.9141828384352135
2.054585169337799
1.5058762556041068
1.7967916319816366
2.1237262879837804
0.9463729359854419
2.8962915290459277
1.0408520829727552
3.0220552088742005
1.2957378005380122
1.0389205950315936
0.8166890883150209
1.3995812306460644
1.419035274338866
1.5435644431995963
1.6143308351592656
1.2806721295208872
3.155221528859512
3.09306920777189
0.8166890883150209
2.872905595320056
2.556656707462823
1.3050049886857482
1.4591479170272448
3.238901256602631
0.7578534921839994
3.238901256602631
1.4838317068446891
4.100512457683767
3.077819531114783
3.2729055953200556
1.0529815751302694
1.7951464337339265
1.7758589482446405
1.0949143184120975
2.86658710582896
1.207518749639422
0.7228578977329688
1.220728902106009
1.9301249653149701
1.0360543354041232
1.2671751792687016
1.1400677626718572
3.152391277629867
3.581444787932611
3.4565647621309536
3.2195282822995477
3.8705937549443976
3.1898980954642866
1.626688849701832
1.0389205950315936
3.461320140211008
1.929390686118258
3.180832987205441
0.7732283485249176
0.9912642605354287
3.43162356584743
3.4058222502856905
1.5589385323502771
3.1898980954642875
3.4039894464852614
1.584962500721156
3.6168746059562227
1.4182958340544896
1.0408520829727552
0.7345299214394703
1.0848063548455138
1.3032782651297383
0.5229784263810124
1.2086489509530647
2.873140679513133
1.1401156785146092
0.6143694458867568
1.2916919971380596
1.0762976257251988
1.1400677626718572
1.0892300788425848
1.0408520829727552
0.5907239186406502
1.3372449392958772
1.9528195311147831
0.951994081908783
0.6402064333604701
1.7841591278514217
0.8030717273241024
1.173185867971725
3.7201287774331866
3.378783493486176
3.3232314287976203
3.43162356584743
3.3248629576173574
2.984234164652489
3.2810361125534233
2.584962500721156
3.536886723742166
3.7474130395316396
1.1323973748064928
0.7075696535050608
3.0306390622295662
3.2089873002588005
3.2201755214643453
3.9145804453787068
1.1451104143815827
1.650022421648354
2.8553885422075336
1.7814164026211206
2.873140679513133
4.003317094075591
3.337175341123077
3.9723064058771302
3.508621780036165
3.500283688055054
2.5492553971685004
2.4591479170272446
1.7735572622751854
0.5608251769947301
1.4716022614097979
1.4345491399952024
1.5216406363433184
1.3250112108241772
0.9798687566511528
3.5585186130489057
3.105388542207534
3.7034651896016464
2.3685225277282065
2.202819531114783
0.9855636061042874
1.5058762556041068
2.636141082076489
2.753411192621123
1.0144044449514424
0.8812908992306927
1.1216407621868583
1.6258145836939115
1.4830749314332756
1.0389205950315936
0.5131851787372753
1.9219280948873623
0.5131851787372753
1.5032583347756456
1.0949143184120975
1.4182958340544896
1.402081402756032
1.4237949406953985
1.5451936105874193
0.8795064608120066
1.311278124459133
1.7004397181410922
1.4299111709758698
1.584962500721156
1.2577148214953864
3.5220552088742005
3.418295834054489
3.681880802803402
1.198183947911799
1.1488348542809166
1.3956134767356851
3.0220552088742
2.296405180369706
2.905764584655453
3.039148671903072
3.598981131231919
3.593759783596861
3.071034795964158
3.1279868068776753
1.5157895841746822
1.6140054628542202
1.573402452417767
1.5157895841746822
0.9798687566511528
1.2332247882202196
1.1451104143815827
2.054585169337799
1.295659529821394
2.084962500721156
1.207518749639422
3.4161631150598883
2.872905595320056
1.267931645520725
3.4102329406731844
2.233388750733635
1.0827203878670804
2.709787812872232
2.1346959492777597
1.2916919971380596
1.1400677626718572
3.0849625007211556
3.4105714841798584
3.785867302411998
3.1751231351134614
3.9713980096945516
2.9312089489103235
3.945464952495108
3.41041725276052
3.657512264241135
2.952819531114783
3.6542637259970228
4.096910058916226
3.8319397896728242
3.6133373140453067
3.30827083453526
3.085055102756477
3.7635585991342375
3.1898980954642875
2.8553885422075336
3.9229658607124187
3.182005814760214
1.4488156357251847
1.0949143184120975
1.0408520829727552
0.7345299214394703
1.207518749639422
1.6893917467430877
1.4966407621868583
1.643252475785101
1.780672129520887
2.1542962204403326
1.5455354215539245
1.5301404544057031
0.8166890883150209
1.5487949406953985
1.3520301017579528
1.5495805501641866
1.6143308351592656
3.5503407095463886
3.238901256602631
3.077819531114783
1.3784188527203236
3.0269868333592873
3.511085408180427
3.5383105956150054
3.68354236243323
1.5197284615795614
0.8166890883150209
3.0269868333592873
1.5949425457834805
1.494193430493157
3.182005814760214
3.2806390622295662
1.8536882264834516
1.3787834934861753
1.4966407621868583
1.584962500721156
2.952819531114783
3.8962915290459286
3.3735572622751855
3.3342094594480485
0.9912642605354288
1.626688849701832
3.0071964896856174
2.8553885422075336
0.6193821946787638
1.929390686118258
0.9463729359854419
1.3520301017579528
0.9274479232123118
3.2402239289418513
1.468303307937274
1.6955038379365137
1.0389205950315936
1.4838317068446891
1.7534343861887849
1.7534343861887849
1.2958363892911637
3.182005814760214
3.0220552088742
0.9933927290103626
2.8553885422075336
3.0269868333592873
2.8423709931771093
3.023128083614911
2.952819531114783
2.4116022179746714
3.0220552088742
2.6887218755408666
2.9232314287976204
3.098688570451097
3.0659489710671037
3.0672056499395355
2.8665871058289594
1.6107482339528836
0.6500224216483541
3.200787202929181
3.2433003685389576
1.7055872616982601
1.1451104143815827
1.5510981710072647
1.5058231002082845
3.2639334294856344
3.180832987205441
4.169863902303835
4.094760845817661
3.5110854081804264
1.3752793655393791
0.7742433029172697
0.8112781244591328
1.188721875540867
1.4182958340544896
2.219973094021975
3.180832987205441
3.084962500721156
3.414441303694973
3.1542221846835217
3.477175233435623
0.6793652793002186
2.469670487371862
3.077819531114783
3.8820451081368628
3.8873261452560075
4.069029641291225
2.8553885422075336
3.3248629576173574
1.207518749639422
1.5032583347756456
3.010570934268483
1.5676898236494567
1.650022421648354
3.3927474104487847
0.7219280948873623
1.3716407621868583
3.238901256602631
3.5585186130489057
3.182005814760214
3.2516291673878226
3.32323142879762
3.180832987205441
0.0
3.4642346527265664
3.180832987205441
3.5312105997842296
3.952550214761537
3.906669555870357
3.8984128483640523
2.4703255391900414
2.9852281360342516
1.7924812503605778
0.9373012413074896
1.0540157730728
1.207518749639422
3.0105709342684834
3.0220552088742
2.8132098295058947
1.0892300788425848
3.0220552088742005
3.238901256602631
3.3921472236645345
3.4399364703978077
3.6537567082870006
1.5058762556041068
0.9463729359854419
0.9957274520849255
1.5510981710072647
2.5943427674264843
2.646000017910514
2.609977916849584
2.918295834054489
3.2195282822995477
3.959622945520835
0.9055872616982603
0.8904916402194913
0.5131637559924215
3.149673447186741
0.996118213778296
1.207518749639422
1.1994602933016414
3.1552215288595122
3.251629167387823
1.5198391430437925
2.1280852788913944
1.0949143184120975
3.381580488309164
3.378783493486176
3.232101804845413
3.084962500721156
1.7019011889093374
1.7448425317532439
1.6794293668139548
1.9254106352407239
3.9912275882151325
4.023512275777241
1.0219280948873624
1.188721875540867
2.038159681645953
1.6258145836939115
1.4885252948977485
1.0389205950315936
2.688721875540867
2.8287814831406055
3.1042140037851302
2.978996163603994
1.4182958340544896
1.584962500721156
1.7884504573082896
1.9508257945180885
1.4345491399952024
4.011785142390408
4.009081588058928
3.4992275471326932
1.7884504573082896
1.4885252948977485
1.5510981710072647
3.9593988876113024
3.958641828552196
