Shannon_Entropy
2.646782221599798
2.058813890331201
2.2221915755066783
2.0403733936884962
2.2221915755066783
2.4137995646056805
1.780672129520887
2.4115091984199104
2.4996981431844145
2.2221915755066783
2.7394705707972515
2.4508257945180882
2.2221915755066783
2.4416298737872246
2.3220847276178658
1.9147221199257838
2.2221915755066783
2.427740976232937
2.0403733936884962
2.353533948577482
2.298832068827877
2.353533948577482
2.004886164091843
2.0403733936884962
2.3395722619867225
3.2005018595288015
2.7334585933443494
2.4656044744551613
2.2221915755066783
2.197159723424149
2.054585169337799
2.4508257945180882
2.0403733936884962
2.440404017720928
2.3220847276178658
2.2221915755066783
2.2877837199410704
2.835237745312118
2.4305946180235423
2.054585169337799
2.3232196723355076
1.9508257945180885
2.1999793267164867
2.390863696857044
2.4137995646056805
1.823067982273661
2.2877837199410704
2.6535442970305683
2.146782221599798
2.7401032600285835
2.646782221599798
2.349601752714581
2.5495234595978324
2.7029043371886066
2.422579761842491
2.35845859334435
2.605388542207534
2.2221915755066783
2.33012496531497
2.127986806877675
1.9220231428515733
2.0349409139562287
2.1920058354921066
2.244474529855453
2.987676479350762
2.2841591278514217
2.117492461184755
2.519925224377835
3.0702970038166533
1.971747257128181
1.8048956511448038
2.217021885879718
2.0403733936884962
2.054585169337799
2.057924310831006
1.7924812503605778
2.6292492238560343
2.064042639445697
2.4164997849817103
2.221251836004466
2.606238928653389
2.4508257945180882
2.2221915755066783
2.7254805569978675
2.4508257945180882
2.2983094013008034
2.345851989338261
2.25234227756422
1.971747257128181
1.971747257128181
1.971747257128181
1.971747257128181
1.9311422645161296
1.971747257128181
1.971747257128181
1.8322628970242685
2.0403733936884962
2.2221915755066783
2.0403733936884962
2.133387491316597
2.1920058354921066
2.130926080730337
2.35274578087187
1.971747257128181
2.2841591278514217
2.0403733936884962
2.2841591278514217
2.2841591278514217
2.499698143184414
2.063458298648303
2.3227569588973984
2.167124282150162
2.221251836004466
2.1592768042272796
2.279799131837405
2.396310424640968
1.823067982273661
2.5341468438052397
2.1209043504552723
2.1054105870684143
2.015711112730139
2.127986806877675
2.0078560636920493
2.495602923729013
2.8662478973127308
2.1027930388928713
1.7783283537314114
2.4164997849817103
2.2221915755066783
2.396782221599798
2.4508257945180882
2.4137995646056805
2.406666316740689
2.508412820546011
1.7841591278514217
2.5724312513221195
2.23345859334435
2.9039594433229956
2.351254056154478
2.2810361125534233
2.606238928653389
2.004886164091843
1.7527152789797045
2.1347505795971453
2.1280852788913944
2.146782221599798
1.9609640474436814
1.936278124459133
2.1598571968220592
1.895461844238322
2.3695710038552735
2.2146036266528566
1.809200032697812
2.2841591278514217
2.146465798504072
2.348987989077528
2.4508257945180882
2.7111253347639885
2.9143681646365356
2.6062088944024344
2.5247326156895404
2.528493734529886
2.4662478973127313
2.7329145639793975
2.2892464285091583
2.498077546623641
1.789929075309999
1.971747257128181
2.0403733936884962
2.2221915755066783
2.4508257945180882
2.422579761842491
2.4056390622295662
1.8676338909712125
2.0545851693377997
1.75
1.971747257128181
2.703559323951357
2.7806390622295662
1.9508257945180885
2.1921669896519833
2.5585924897724777
2.651793902628769
1.789929075309999
2.2221915755066783
2.107833210824613
2.4508257945180882
2.185475297227334
2.1800365325772657
1.9526832779469112
2.0027871993942608
2.1294359242226806
2.146782221599798
2.049452072789394
2.632448940998582
1.8797698543886479
2.078629012793396
2.0403733936884962
2.420586416258665
1.823067982273661
2.217021885879718
2.0048861640918427
2.1920058354921066
1.9508257945180885
2.039353872167201
2.463458298648303
2.125814583693911
2.4613201402110083
2.327892846383611
2.058813890331201
2.5868878409958143
1.9591479170272446
2.517201802582726
2.128085278891394
2.0670314951575843
2.199687794731328
2.128085278891394
2.2221915755066783
2.682588730501833
2.6535442970305683
2.0403733936884962
1.9115339911368305
2.6535442970305683
2.4609049321677965
2.199687794731328
2.0403733936884962
2.4508257945180882
2.2221915755066783
2.4387439204017474
2.4508257945180882
2.1920058354921066
2.2221915755066783
2.217021885879718
2.585010410269171
2.499698143184414
2.6556390622295662
2.1339375660949167
2.1920058354921066
2.3627402784989338
2.353533948577482
2.2221915755066783
2.485101853454421
2.4137995646056805
2.7395722619867224
2.278787598135611
2.4294945204514447
2.9210296217376146
3.4618274629965113
2.0403733936884962
2.499698143184414
2.3232196723355076
2.3232196723355076
2.345851989338261
2.2221915755066783
2.449311833026446
2.263809173883546
2.2841591278514217
1.994680368408909
2.4137995646056805
1.9877733714879842
2.4508257945180882
2.4387439204017474
2.392277173072062
2.1147130311157563
2.4996981431844145
2.2877837199410704
2.217021885879718
2.5495234595978324
2.146465798504072
2.2256051990169436
1.789929075309999
2.4508257945180882
2.474601752714581
2.4577174691301487
2.004886164091843
2.067921565299767
2.004886164091843
2.2221915755066783
2.2221915755066783
2.614369445886757
2.4814031323392407
2.3577174691301486
2.205109900073869
2.148834854280917
2.574164743022575
2.2221915755066783
2.3579594642722084
2.535857775918279
2.278351811711312
2.4137995646056805
2.524397470347699
2.2221915755066783
2.2221915755066783
2.5495234595978324
2.521782221599798
2.270942421748537
2.403677461028802
1.971747257128181
2.0989295636909353
2.4584538292330587
2.251629167387823
2.5967916319816364
2.049452072789394
2.917188642118004
2.7077148025974385
2.692380602454975
2.377223256836937
2.225605199016944
2.049452072789394
2.004886164091843
2.221251836004466
1.7841591278514217
2.4225797618424916
2.3050365325772657
1.789929075309999
2.2221915755066783
2.499698143184414
2.1690354219421173
2.4508257945180882
2.054585169337799
2.221251836004466
2.270942421748537
1.867633890971212
2.695461844238322
2.2221915755066783
2.2841591278514217
2.453020192448045
2.0741647430225756
1.8980933736695382
2.1148051443393325
2.0403733936884962
2.2988252450030506
2.692380602454975
2.4056390622295662
2.278351811711312
2.60845859334435
2.162294909570876
2.2261210396161664
2.660129752633257
2.6078869505808346
2.5785519909913264
2.2366760100268643
2.217021885879718
2.2825887305018333
2.3071251585103023
2.878218786896824
2.3627402784989338
2.374556048381884
2.251629167387823
2.2221915755066783
1.789929075309999
2.4508257945180882
2.2254128972590443
2.3577174691301486
2.260820318171659
1.971747257128181
2.23345859334435
2.2221915755066783
2.7086182538859003
2.3846026962555835
2.33501271192635
2.4387439204017474
1.971747257128181
2.4305946180235423
2.0614232394008964
2.4516084941043093
2.488403899223372
2.7837353286220776
2.6084585933443494
2.2221915755066783
2.2810361125534233
2.5306390622295662
2.004886164091843
2.157912166762854
2.084962500721156
2.2954656791802917
2.5954618442383217
2.2892464285091583
2.4137995646056805
2.054585169337799
2.3248629576173565
2.7824156286861546
2.2221915755066783
2.486064429986846
2.2510345501401265
2.946465798504072
2.2221915755066783
2.535857775918279
2.416560119975428
2.2221915755066783
2.212417817493099
1.8423709931771088
2.2221915755066783
2.4305946180235427
2.2221915755066783
2.5306390622295662
2.2221915755066783
3.145593314451147
2.356464856747655
2.146465798504072
2.260820318171659
2.7199643047423914
2.203495120042186
3.1168907317302903
1.9591479170272446
2.2856005389623073
2.3623559712030135
2.521782221599798
2.2810361125534233
2.2221915755066783
1.8799649487271108
2.2065442182128785
2.614369445886757
2.392147223664534
2.359879028736861
2.1967916319816365
2.117492461184755
2.4137995646056805
2.718042017186577
2.5341468438052397
2.4729055953200563
2.522620309531022
2.521782221599798
2.73345859334435
2.9930999387910293
2.358938532350277
1.9877733714879842
2.7721854605116723
2.8706918503612084
2.350209029099897
2.004886164091843
1.9086126988727123
2.4404040177209283
2.2221915755066783
2.221251836004466
2.422579761842491
1.5485806065228545
2.765957320949175
2.3050365325772657
2.2548311096490115
2.4508257945180882
2.2221915755066783
2.390863696857044
2.3050365325772657
2.1774212838293647
2.495602923729013
2.194662553452711
2.2221915755066783
2.057924310831006
2.2221915755066783
2.1174924611847548
2.499698143184414
2.313599086949941
2.270942421748537
2.2256108145207376
1.789929075309999
2.469670487371862
1.823067982273661
1.8843135277997989
2.0872520915136796
2.4508257945180882
2.2294688696510314
2.049452072789394
2.2221915755066783
2.353533948577482
2.5559130951758244
1.8352377453121174
2.004886164091843
2.5577174691301483
1.971747257128181
2.292071752457787
2.899397470347699
2.221251836004466
2.221251836004466
2.495461844238322
2.4508257945180882
2.125814583693911
2.0403733936884962
1.9877733714879842
1.9182958340544896
2.1280852788913944
2.2221915755066783
2.4164997849817103
2.2221915755066783
2.115074455768229
2.4956029237290123
2.681625957074392
2.2221915755066783
1.9794110197760413
2.2841591278514217
2.0403733936884962
2.074087044559035
2.4414460711655215
2.9205969371870784
3.0986885704510967
2.074164743022575
2.2221915755066783
2.4137995646056805
2.123954074352368
2.256429137585441
2.5943609377704338
1.823067982273661
2.0403733936884962
1.789929075309999
2.0403733936884962
2.4164997849817103
2.2841591278514217
2.495461844238322
1.971747257128181
2.5785519909913264
2.2221915755066783
2.0403733936884962
2.2189525276288586
2.2399351903050047
2.049452072789394
1.789929075309999
2.2221915755066783
2.2221915755066783
2.6084585933443494
2.128085278891394
2.462349565017769
2.0744578177756416
2.6099799752456265
2.469670487371862
3.033269689515108
1.780672129520887
2.855953642864355
2.2221915755066783
2.2221915755066783
2.278787598135611
2.1416195253341384
2.199687794731328
2.495461844238322
2.4508257945180882
2.350209029099897
2.4508257945180882
1.7924812503605778
2.473851389610045
2.353533948577482
2.199687794731328
2.2221915755066783
2.2934550525280595
2.33012496531497
2.3960938348528806
2.2806390622295662
2.2390979179887864
2.432321322410861
2.692380602454975
2.7395722619867224
2.353533948577482
2.6384600665861555
2.499698143184414
2.4416298737872246
2.4137995646056805
2.33012496531497
2.2983094013008034
2.4192407046368487
2.6534955617749434
2.278797710876437
2.2810361125534238
1.968873874720721
2.2890179898186576
2.5967916319816364
2.2221915755066783
2.2221915755066783
2.1800365325772657
2.2221915755066783
2.4508257945180882
2.4137995646056805
1.823067982273661
2.2221915755066783
2.1800365325772657
2.9688840705376354
2.457717469130148
2.3908636968570445
2.9481852025326014
1.971747257128181
2.5306390622295662
2.2221915755066783
2.2221915755066783
1.7410477535445679
2.248529327128576
2.278351811711312
2.6384600665861555
2.1280852788913944
2.199687794731328
2.049452072789394
2.2221915755066783
2.48345859334435
2.049452072789394
2.2221915755066783
2.2221915755066783
2.217021885879718
2.866247897312731
1.8365916681089791
2.199687794731328
2.2221915755066783
2.7806390622295662
2.058813890331201
2.0403733936884962
2.4792336948111924
2.2221915755066783
2.3627402784989338
2.0403733936884962
2.2745436483847787
2.6658551510761197
2.038159681645953
1.971747257128181
2.4613201402110083
2.606238928653389
2.1174924611847548
2.0202442071537563
2.217021885879718
2.2841591278514217
2.141821596022348
1.9768726445590383
2.2221915755066783
2.522620309531022
2.2221915755066783
2.251629167387823
2.9104404952185816
2.2544475789720946
2.744842531753244
2.4721634603655414
2.591793226077496
2.0815454366683137
2.4996981431844145
2.48345859334435
2.076212724972146
2.60845859334435
2.116299605701696
2.2841591278514217
2.378688570451097
2.3921472236645345
2.606464856747655
2.0646964484110613
2.287783719941071
2.5022584126945975
2.3395722619867225
2.472905595320056
2.5440240964819503
2.474601752714581
2.4115091984199104
2.192869208880387
2.6098450221303717
2.2197218324096135
2.271095106644018
2.2089873002587996
2.363098303220162
2.5131534089206755
2.469508336839199
1.98551087803048
2.3805008600064506
2.3250472434321496
2.2920717524577867
2.472905595320056
2.5995812306460646
2.7030864549405482
2.651793902628769
2.696199049814856
2.287783719941071
2.1916116417513782
2.33012496531497
2.3959988705348416
2.295461844238322
2.3789919869000626
2.2221915755066783
2.217021885879718
2.2841591278514217
2.1992818130163667
2.8487160345162788
2.3649210651115973
2.038159681645953
2.4164997849817103
1.8683927290103626
2.1992818130163663
2.064606364650183
2.4996981431844145
1.7841591278514217
2.5068245784366003
2.472905595320056
2.146465798504072
2.1556390622295662
2.0403733936884962
2.682588730501833
2.217021885879718
2.546529987147161
2.0403733936884962
2.2221915755066783
3.053634950068208
1.8877070724843534
2.353533948577482
2.1416195253341384
2.8374058114255174
2.5508348404010706
2.1774212838293647
2.2841591278514217
2.0403733936884962
2.0458416408851736
2.0403733936884962
2.2221915755066783
2.345851989338261
2.2125038423722683
2.125814583693911
2.221251836004466
2.822181958642873
2.251629167387823
2.4508257945180882
2.4623495650177696
2.3971035124542066
2.2875221449946004
2.33012496531497
1.809200032697812
2.899397470347699
2.6062389286533896
2.600553138421145
1.7330805737716786
2.1159889779043453
1.971747257128181
2.7231911538751294
2.799611331350743
2.1054105870684143
2.1711395066729176
2.038159681645953
2.0403733936884962
2.1190850469784714
2.152660325666466
2.6369210852794294
2.816993320938197
2.3158243335257076
2.2221915755066783
2.270942421748537
2.292481250360578
1.7841591278514217
2.472905595320056
2.2275343340059806
2.2221915755066783
2.5341468438052397
2.6084585933443494
1.789929075309999
2.270942421748537
2.6085243343652826
2.080500530640267
3.167522902906032
2.221251836004466
1.7705147365420975
2.289246428509158
2.603074189428569
1.9508257945180885
2.1967916319816365
2.822181958642873
2.292481250360578
2.2221915755066783
1.971747257128181
1.789929075309999
2.4137995646056805
2.084962500721156
2.130926080730337
2.2877837199410704
2.640332867185215
2.2221915755066783
2.2841591278514217
2.2221915755066783
2.197159723424149
2.2221915755066783
2.064042639445697
2.146465798504072
2.5637169871277954
2.3342564252133498
2.1406064599010723
2.2544475789720946
2.1339375660949167
2.9511894468399484
2.2221915755066783
2.287783719941071
2.2221915755066783
2.866247897312731
2.2221915755066783
2.221251836004466
2.556656707462823
2.353533948577482
1.8525820457442734
2.0403733936884962
2.3329145639793976
2.5226203095310216
2.559540168931589
2.192005835492107
2.353533948577482
2.0403733936884962
2.4842551447947985
2.33012496531497
2.4416298737872246
2.049452072789394
2.2841591278514217
2.1800365325772657
2.2221915755066783
2.4996981431844145
2.263809173883546
2.0988320688278774
2.2221915755066783
2.4584538292330587
1.867633890971212
2.2221915755066783
2.6411209338130157
2.143838426839129
2.941087537594401
2.2221915755066783
2.061278124459133
2.074164743022575
2.0199180897320606
2.1607047528877827
2.0403733936884962
3.1618968022588687
2.004886164091843
2.5228657634046865
2.3232196723355076
2.330271284264167
2.4508257945180882
2.117492461184755
2.9056390622295662
2.4577174691301487
2.556656707462823
2.4137995646056805
2.4115091984199104
2.1690354219421173
1.4591479170272448
2.4683416681252877
2.7778805654693834
2.059039104674855
2.0403733936884962
2.1577174691301484
2.5577174691301483
2.004886164091843
2.4806821149663842
2.4404040177209283
2.53414684380524
2.4996981431844145
2.2221915755066783
2.199687794731328
2.4164997849817103
2.117492461184755
2.5996659733039564
2.0403733936884962
2.4508257945180882
2.815922063835166
2.353533948577482
2.2221915755066783
2.4416298737872246
2.2221915755066783
2.224601752714581
1.971747257128181
2.049452072789394
2.2221915755066783
2.331766377402127
2.2221915755066783
2.6535442970305683
2.10845859334435
2.744842531753244
2.2844763510411217
2.3758145836939115
2.606238928653389
2.221251836004466
2.2221915755066783
2.9913517376285776
2.0277862594424563
1.8230679822736608
2.359879028736861
2.199687794731328
2.002755067189044
2.2987949406953985
2.660129752633257
2.4416298737872246
2.3852130207431887
2.5487949406953985
2.5566567074628237
2.353533948577482
2.4613201402110083
2.353190671338322
2.484255144794799
2.2577174691301485
2.322179345516666
2.3695710038552735
2.4508257945180882
3.264340653029896
2.1174924611847548
2.168232893338811
2.4584538292330587
2.5073801024236357
2.692380602454975
2.221251836004466
2.084962500721156
2.353533948577482
2.413088436425757
2.217021885879718
2.054585169337799
2.4137995646056805
2.139097655573916
2.481403132339241
2.0303947882310203
2.350209029099897
2.353533948577482
2.287783719941071
1.9746017527145812
2.5468465893424046
2.499698143184414
1.9852281360342514
2.5239860659612976
2.5577174691301483
2.500791063719111
2.21577067413792
1.9669171866886992
2.495602923729013
2.3329145639793976
2.2577174691301485
2.6124558819468544
2.1967916319816365
2.4996981431844145
2.556656707462823
2.6741167811492454
2.146782221599798
2.2221915755066783
2.199687794731328
2.5785519909913264
2.6084585933443494
2.0403733936884962
2.6337314206421327
1.971747257128181
1.9182958340544896
2.066247897312731
2.2841591278514217
2.5730033908643013
2.295461844238322
2.4333795777936484
2.2183641295938012
2.5949490477321437
2.2221915755066783
2.389556529224005
2.054585169337799
2.0403733936884962
2.2841591278514217
2.221251836004466
2.199687794731328
2.591793226077496
2.460964047443681
2.3232196723355076
2.4137995646056805
2.4508257945180882
2.4193819456463714
2.4729055953200563
2.4137995646056805
2.1416195253341384
2.2221915755066783
2.2221915755066783
2.4159220638351666
2.353190671338322
2.740601562950723
2.004886164091843
2.2221915755066783
2.2221915755066783
2.2549855364635802
2.2877837199410704
2.2221915755066783
2.5306390622295662
1.971747257128181
2.0403733936884962
2.2987949406953985
2.5492553971685
2.004886164091843
2.2221915755066783
2.2841591278514217
2.528355313228629
2.606238928653389
2.2221915755066783
2.2221915755066783
2.53414684380524
2.2221915755066783
2.1280852788913944
2.2221915755066783
2.1920058354921066
2.068096693865725
2.2742817180162
1.971747257128181
1.789929075309999
2.3278577090140122
2.2516291673878226
2.4996981431844145
2.60845859334435
2.44307418942857
1.9946803684089087
2.188787067802382
2.2841591278514217
2.561278124459133
2.3518825209357956
2.5969157091186235
2.3432578733442675
2.0403733936884962
2.2221915755066783
2.33012496531497
2.4613201402110083
2.1920058354921066
2.145136370153053
2.2856005389623077
2.5341468438052397
1.9182958340544896
2.2221915755066783
2.4416298737872246
2.199687794731328
2.077819531114783
2.004886164091843
2.0403733936884962
2.2221915755066783
2.2221915755066783
2.2221915755066783
2.2221915755066783
2.2221915755066783
2.2221915755066783
2.2221915755066783
2.2221915755066783
2.2221915755066783
2.28902557364365
2.28902557364365
2.28902557364365
2.28902557364365
2.2221915755066783
2.2221915755066783
2.1416195253341384
1.9508257945180885
1.9508257945180885
1.9508257945180885
1.9508257945180885
1.9508257945180885
1.9508257945180885
1.9508257945180885
1.9508257945180885
1.9508257945180885
1.9508257945180885
1.9508257945180885
1.9508257945180885
1.9508257945180885
1.9508257945180885
1.9508257945180885
1.9508257945180885
1.9508257945180885
1.9508257945180885
1.9508257945180885
1.9508257945180885
1.9508257945180885
1.9508257945180885
1.9508257945180885
1.9508257945180885
1.9508257945180885
1.9508257945180885
1.9508257945180885
1.9508257945180885
1.9508257945180885
1.9508257945180885
1.9508257945180885
1.9508257945180885
1.9508257945180885
1.9508257945180885
1.9508257945180885
1.9508257945180885
1.9508257945180885
1.9508257945180885
1.9508257945180885
1.9508257945180885
1.9508257945180885
1.9508257945180885
1.971747257128181
1.971747257128181
1.9508257945180885
1.9508257945180885
1.9508257945180885
1.9508257945180885
1.9508257945180885
1.9508257945180885
1.9508257945180885
1.9508257945180885
1.9508257945180885
1.9508257945180885
1.9508257945180885
1.9508257945180885
1.9508257945180885
1.9508257945180885
1.9508257945180885
1.9508257945180885
1.9508257945180885
1.9508257945180885
1.9508257945180885
1.9508257945180885
1.9508257945180885
1.9508257945180885
1.9508257945180885
1.9508257945180885
1.9508257945180885
1.9508257945180885
1.9508257945180885
1.9508257945180885
1.9508257945180885
1.9508257945180885
1.9508257945180885
1.9508257945180885
1.9508257945180885
1.9508257945180885
1.9508257945180885
1.9508257945180885
1.9508257945180885
1.9508257945180885
1.9508257945180885
1.9508257945180885
1.9508257945180885
1.9508257945180885
1.9508257945180885
1.9508257945180885
1.9508257945180885
1.971747257128181
1.971747257128181
1.9508257945180885
1.9508257945180885
1.9508257945180885
1.9508257945180885
1.9508257945180885
1.9508257945180885
1.9508257945180885
1.9508257945180885
1.9508257945180885
1.9508257945180885
1.9508257945180885
1.9508257945180885
1.9508257945180885
1.9508257945180885
1.9508257945180885
1.9508257945180885
1.9508257945180885
1.9508257945180885
1.9508257945180885
1.9508257945180885
1.9508257945180885
1.9508257945180885
1.9508257945180885
1.9508257945180885
1.9508257945180885
1.9508257945180885
1.9508257945180885
1.9508257945180885
2.556656707462823
1.9508257945180885
1.9508257945180885
1.9508257945180885
1.9508257945180885
1.9508257945180885
1.9508257945180885
1.9508257945180885
1.9508257945180885
1.9508257945180885
1.9508257945180885
1.9508257945180885
1.9508257945180885
1.9508257945180885
1.9508257945180885
1.9508257945180885
1.9508257945180885
1.9508257945180885
1.9508257945180885
1.9508257945180885
1.9508257945180885
1.9508257945180885
1.9508257945180885
1.9508257945180885
1.9508257945180885
1.9508257945180885
1.9508257945180885
1.9508257945180885
1.9508257945180885
1.9508257945180885
1.9508257945180885
1.9508257945180885
1.9508257945180885
1.9508257945180885
1.9508257945180885
1.9508257945180885
1.9508257945180885
1.9508257945180885
1.9508257945180885
1.9508257945180885
1.9508257945180885
1.9508257945180885
1.9508257945180885
1.9508257945180885
1.9508257945180885
1.9508257945180885
1.9508257945180885
1.9508257945180885
1.9508257945180885
1.9508257945180885
1.9508257945180885
1.9508257945180885
1.9508257945180885
1.9508257945180885
1.9508257945180885
1.9508257945180885
1.9508257945180885
1.9508257945180885
1.9508257945180885
1.9508257945180885
1.9508257945180885
1.9508257945180885
1.9508257945180885
1.9508257945180885
1.9508257945180885
1.9508257945180885
1.9508257945180885
1.9508257945180885
1.9508257945180885
1.9508257945180885
1.9508257945180885
1.9508257945180885
1.9508257945180885
1.9508257945180885
1.9508257945180885
1.9508257945180885
1.9508257945180885
2.2221915755066783
1.9508257945180885
1.9508257945180885
1.9508257945180885
1.9508257945180885
1.9508257945180885
1.9508257945180885
1.9508257945180885
1.9508257945180885
1.9508257945180885
1.9508257945180885
1.9508257945180885
1.9508257945180885
1.9508257945180885
1.9508257945180885
2.0403733936884962
2.5577174691301483
2.2221915755066783
2.3667452542142176
2.2841591278514217
2.5566567074628237
2.6897981900809884
2.2221915755066783
2.0403733936884962
1.9688738747207215
2.217721077570213
2.472905595320056
1.971747257128181
2.617189572592715
2.562941771501866
2.668980145022532
2.1174924611847548
2.0403733936884962
2.4508257945180882
2.494918848233951
2.2841591278514217
2.287783719941071
2.396782221599798
2.660129752633257
2.5813152774012362
2.3648017623873074
2.004886164091843
2.0403733936884962
2.199687794731328
2.0403733936884962
2.251629167387823
2.474601752714581
1.867633890971212
2.0317609668795784
1.8755231649104147
1.9059318880658032
1.8942186613250145
2.0374011976541118
1.936278124459133
2.562085578049885
1.867633890971212
1.867633890971212
1.867633890971212
1.867633890971212
2.2877837199410704
2.125814583693911
2.4232196723355077
2.167124282150162
2.2229855278666606
1.971747257128181
2.0
1.789929075309999
2.2221915755066783
2.1559130951758245
2.253553208956351
2.2221915755066783
2.396782221599798
2.2983094013008034
1.914341183612352
2.623516641218015
2.084962500721156
2.896123995486845
2.289246428509158
2.469240782172285
2.117492461184755
2.2254128972590443
2.559697424972538
1.867633890971212
2.251629167387823
2.4137995646056805
1.971747257128181
2.4508257945180882
2.2221915755066783
2.5495234595978324
3.1551876989901
1.823067982273661
2.3329145639793976
2.866247897312731
2.4996981431844145
2.038159681645953
2.247224320061398
2.899397470347699
2.40056537243482
2.107833210824613
1.789929075309999
2.2200683022340693
2.2623623773882575
2.4922031072054134
2.0403733936884962
2.6556390622295662
2.5289585849367007
2.6556390622295662
1.8050365325772657
2.2221915755066783
2.221251836004466
2.523986065961297
2.4508257945180882
2.4014473774842418
2.2841591278514217
2.629249223856034
2.526026530101166
2.5032583347756456
2.2221915755066783
1.789929075309999
2.2221915755066783
2.270942421748537
2.2221915755066783
2.2221915755066783
2.295465679180291
2.359879028736861
2.2221915755066783
2.130926080730337
1.9182958340544896
2.2892464285091583
2.6292492238560343
2.221251836004466
2.292481250360578
2.8011278747225874
2.523986065961297
2.4508257945180882
2.345851989338261
2.221251836004466
2.278351811711312
1.9762822787735768
2.287783719941071
2.6556390622295662
2.221251836004466
2.582031116540498
2.10558726169826
2.6411209338130157
2.054585169337799
2.1842612638641032
2.6535442970305683
2.1209520310264027
2.0403733936884962
2.3458519893382603
2.199687794731328
2.422579761842491
2.4915485198790632
2.4164997849817103
2.33012496531497
2.199687794731328
2.319973094021975
2.271782221599798
1.971747257128181
2.0403733936884962
2.290461923377921
2.468223446548039
1.855388542207534
2.125814583693911
1.7924812503605778
2.359879028736861
2.4508257945180882
2.491401375809485
2.301500728695301
2.7032433566073992
2.7002311316936454
2.6434124080198207
2.128085278891394
1.971747257128181
2.7315905157990494
2.4115854318374303
2.33012496531497
2.4164997849817103
2.289246428509158
2.2625905648620863
2.947160268564442
2.8458278657365694
2.2221915755066783
2.9257478948708115
2.1535654389463628
1.760495029766198
2.2062389286533897
3.100068930662753
2.6017813125776916
2.2221915755066783
2.1633347891038204
2.8299553429505586
2.411509198419911
2.2717374334224667
1.9877733714879842
2.556656707462823
2.2221915755066783
2.810820381093429
2.6612087979789942
2.696199049814856
1.971747257128181
2.2841591278514217
2.692380602454975
2.272499455586694
2.737152740951859
2.0329440206159575
2.146782221599798
2.217021885879718
2.8375675574784514
2.2479275134435857
2.3921472236645345
2.5226203095310216
2.063639642150849
2.3412152567665654
2.359879028736861
2.572253928364927
2.3842078547688423
2.584331650840276
1.869419253734523
2.6689801450225326
2.555913095175825
2.9163982878012105
2.537101752714581
1.885950578972761
1.8553885422075338
2.0048861640918427
2.4584538292330587
2.6556390622295662
2.224601752714581
2.35274578087187
2.527528939772152
2.0581192090844542
2.3991303913908
2.3522170014624826
2.5785519909913264
2.4404040177209283
2.10558726169826
2.390863696857044
2.406666316740689
2.2359263506290326
2.5050990021081763
2.054585169337799
2.25866329959714
2.2221915755066783
1.8402781866329967
2.2841591278514217
2.221251836004466
2.270942421748537
2.039353872167201
2.4508257945180882
2.4488962304271062
2.25
2.2221915755066783
2.062656348037272
1.9688238866642982
2.696199049814856
2.129432036254818
2.6384600665861555
2.25
1.9211854965885544
1.823067982273661
2.2841591278514217
2.0524212838293647
1.7295739585136223
2.4115091984199104
2.260820318171659
2.557882451860703
2.1623687835735015
2.230994305917858
2.851573769077452
2.251629167387823
2.221251836004466
1.9508257945180885
2.199687794731328
2.4815419333359277
2.5341468438052397
2.139353872167201
2.044373959411271
2.499698143184414
2.460964047443681
2.272711990340526
2.4137995646056805
2.29345505252806
1.971747257128181
2.1287347499440905
2.221251836004466
2.2877837199410704
2.2877837199410704
2.222191575506678
2.8662478973127308
2.251629167387823
2.495602923729013
2.180609385570651
2.5498550315128585
1.9473387961875537
1.4591479170272446
1.9830841641434374
1.9182958340544896
2.6258439005829786
1.9508257945180885
2.064042639445697
2.2841591278514217
1.823067982273661
1.823067982273661
2.0403733936884962
2.2221915755066783
2.179350202453772
1.8810947601100747
2.140361163698485
2.0403733936884962
2.2221915755066783
1.760495029766198
2.353533948577482
2.1735572622751853
2.495838938745422
2.1824562508413488
2.199687794731328
2.2585728843419157
2.4508257945180882
2.128085278891394
2.5566567074628237
2.35274578087187
2.733308879949602
2.074164743022575
2.2221915755066783
2.4591479170272446
2.2841591278514217
1.69117379451564
1.823067982273661
2.221251836004466
2.606238928653389
2.0403733936884962
2.5226203095310216
2.484255144794799
1.8352377453121174
2.2823163339321373
2.2051099000738694
2.2221915755066783
2.606238928653389
2.1416195253341384
2.7806390622295662
2.294519908254461
2.353533948577482
2.2841591278514217
2.5
2.8138461086383852
2.7824409024478602
2.270942421748537
2.2221915755066783
2.2221915755066783
2.2841591278514217
2.922304502869603
2.3050365325772657
2.374580235915686
2.3458519893382603
1.7527152789797045
2.2841591278514217
2.427694271103767
2.0403733936884962
2.100983694881109
2.5577174691301483
1.9056390622295665
2.523986065961297
2.0403733936884962
2.60845859334435
2.279799131837405
2.2841591278514217
2.2221915755066783
2.4404040177209283
1.7924812503605778
2.2841591278514217
2.2221915755066783
2.4996981431844145
1.9808259362290785
1.9508257945180885
2.350209029099897
2.353533948577482
2.6556390622295662
2.206238928653389
2.6556390622295662
2.128085278891394
2.411509198419911
1.8157560348728148
2.3720946377956236
2.125814583693911
2.2221915755066783
2.822181958642873
2.2221915755066783
2.2841591278514217
2.2841591278514217
2.2221915755066783
2.1920058354921066
2.523986065961297
2.523986065961297
2.5637169871277954
2.3627402784989338
2.2221915755066783
2.4137995646056805
2.2841591278514217
2.4980775466236413
2.9303230548188854
2.419973094021975
2.353533948577482
2.2112898809212456
2.2892464285091583
2.039353872167201
2.9398290174664026
2.054585169337799
2.4387439204017474
1.8997218324096137
2.256650413125812
2.111095787753339
2.835237745312118
2.3072196983192055
2.537188963789419
2.48345859334435
2.217021885879718
2.2945199082544616
2.146782221599798
2.1280852788913944
2.458453829233059
2.4164997849817103
2.125814583693911
2.4772170014624826
2.004886164091843
2.0048861640918427
2.2516291673878226
2.4508257945180882
2.224601752714581
2.4137995646056805
2.3050365325772657
2.6384600665861555
2.4014473774842418
2.521782221599798
1.8585552118703144
1.8576643571360694
2.210973616506754
2.6535442970305683
2.2877837199410704
2.463246866319847
2.2221915755066783
2.519160094553
2.0923285447924984
2.5577174691301483
2.394084183587598
2.404662038139863
1.971747257128181
2.3458519893382603
2.038159681645953
2.5521796970665487
2.35274578087187
2.1556390622295662
2.054585169337799
2.004886164091843
2.591793226077496
2.2221915755066783
2.1280852788913944
2.045841640885174
2.251629167387823
2.4569885365913753
2.130926080730337
2.881778244882831
2.298680608917954
1.919973094021975
2.1824562508413488
2.0403733936884962
2.1800365325772657
2.2841591278514217
1.822815600352516
2.199687794731328
2.7806390622295662
2.2988252450030506
2.4164997849817103
1.971747257128181
2.4508257945180882
2.4404040177209283
1.789929075309999
2.221251836004466
2.2221915755066783
1.9508257945180885
2.2825887305018333
2.5609640474436812
2.5306390622295662
2.3660794456822853
2.999242440761884
2.1906616522333264
2.495602923729013
2.275170354773194
2.004886164091843
2.1464657985040723
2.343257873344267
2.423979961351624
2.385213020743189
2.7045348998193437
1.971747257128181
2.3598790287368607
2.3111197773146976
2.322756958897399
2.4996981431844145
2.2877837199410704
2.305296187814668
2.469240782172285
2.353533948577482
2.7045348998193437
2.0048861640918427
2.1638909867280645
2.0048861640918427
2.2841591278514217
2.4331958387289765
2.7045348998193437
2.187417549332917
2.1060480954183274
1.971747257128181
1.71360087346969
2.4701970429406517
2.054585169337799
2.1527217381013255
2.130926080730337
2.026613862183947
2.7806390622295662
2.1179631753145163
1.9877733714879842
2.535857775918279
2.4663173249106327
2.925864122471183
2.3942811477133943
2.4029065025860548
2.245679873946638
2.054585169337799
2.054585169337799
2.0403733936884962
2.360633700035832
2.6601297526332575
3.0060603254083387
2.1556390622295662
2.0640387089891847
2.2221915755066783
1.7924812503605778
2.2221915755066783
2.8138461086383852
2.4613201402110083
2.3199730940219747
2.2221915755066783
2.2221915755066783
2.125814583693911
1.971747257128181
1.823067982273661
2.1920058354921066
2.430832051224084
1.867633890971212
2.1560672774689893
2.2221915755066783
2.251629167387823
2.489518816011706
2.2221915755066783
2.4996981431844145
2.145136370153053
2.2221915755066783
2.263809173883546
2.6535442970305683
2.5172018025827256
2.049452072789394
2.5946694353352617
1.7924812503605778
2.4508257945180882
2.824291085081517
2.472905595320056
3.083587370023807
2.7777768114567865
2.2841591278514217
2.10845859334435
2.353533948577482
1.7551201518045438
2.418722908066561
2.6535442970305683
2.463865121950854
1.971747257128181
2.0403733936884962
2.292481250360578
1.8828560636920488
2.4996981431844145
2.265906032975279
2.1464657985040723
2.5498550315128585
2.7395668323582933
2.3879185026711327
1.9877733714879842
1.971747257128181
2.2221915755066783
2.556656707462823
1.9591479170272446
2.6535442970305683
2.614164262105116
2.4496593174448584
1.8423709931771084
2.4137995646056805
2.146782221599798
2.3012693629222505
2.696199049814856
2.7395722619867224
2.004886164091843
2.392277173072062
2.329085811673967
2.488785591776994
2.0822287189138016
2.2919307466539722
2.0545851693377997
2.1190850469784714
2.271782221599798
1.7841591278514217
2.1842612638641032
2.7695532415737216
2.556656707462823
2.2221915755066783
2.095241917363884
2.2221915755066783
2.0403733936884962
2.4577805909859913
2.8143977672755076
2.4416298737872246
1.8676338909712122
2.3677946899553195
2.4996981431844145
2.5495234595978316
2.2810361125534233
2.0670314951575843
2.4225797618424916
1.971747257128181
2.2221915755066783
2.4958389387454223
1.971747257128181
2.058117008486823
2.263809173883546
2.4137995646056805
1.6171895725927152
2.499698143184414
2.2221915755066783
1.9877733714879842
2.374556048381884
2.066247897312731
2.472812110113222
2.744842531753244
2.2221915755066783
2.221251836004466
2.4613201402110083
2.2221915755066783
2.7875017436907377
2.084962500721156
2.2221915755066783
2.0403733936884962
2.221251836004466
2.33012496531497
2.521782221599798
2.2221915755066783
2.2062389286533897
2.7254805569978675
2.353533948577482
2.463458298648303
2.1615419333359274
2.137876503740628
2.004886164091843
1.9508257945180885
2.2841591278514217
2.499698143184414
2.2841591278514217
2.521782221599798
2.406666316740689
2.1920058354921066
2.2841591278514217
2.4508257945180882
2.606238928653389
2.1954618442383222
2.12349936363115
2.217021885879718
2.128085278891394
2.0849625007211565
2.4613201402110083
2.0048861640918427
2.292481250360578
2.270942421748537
2.4508257945180882
1.971747257128181
2.874844165423442
2.4508257945180882
2.556656707462823
2.472905595320056
2.499544305608131
1.8553885422075338
2.054585169337799
1.789929075309999
2.2221915755066783
1.9508257945180885
2.0202442071537563
2.4340899381887553
2.2841591278514217
2.2556468993981844
2.072905595320056
2.039353872167201
1.9508257945180885
2.0741647430225756
2.217021885879718
2.2221915755066783
2.049452072789394
1.789929075309999
2.4508257945180882
2.6945446341976984
2.499698143184414
2.0403733936884962
2.2221915755066783
2.117492461184755
2.2221915755066783
2.7334585933443494
2.856312404804365
2.440404017720928
2.4949188482339504
2.692380602454975
2.221251836004466
2.111636870709878
2.125814583693911
2.345851989338261
2.1920058354921066
2.1399482823809586
2.5481212574507195
2.063458298648303
2.1920058354921066
1.9464393446710153
2.1878785072265203
2.4996981431844145
1.971747257128181
2.062656348037272
2.075869296697727
1.8828560636920488
1.676737030052133
2.199687794731328
2.6535442970305683
2.217021885879718
2.1174924611847548
2.646782221599798
2.054585169337799
1.823067982273661
1.971747257128181
2.2841591278514217
1.9508257945180885
2.1054105870684143
2.2221915755066783
2.5495234595978324
2.5495234595978324
1.971993903626283
2.440404017720928
2.004886164091843
2.561706277574314
2.054585169337799
2.4905074211313076
2.236452797660028
2.6601297526332575
2.5341591278514217
2.4137995646056805
1.823067982273661
2.732914563979398
2.629249223856034
2.2221915755066783
2.556656707462823
2.4956029237290127
2.495602923729013
2.058813890331201
2.588465279604107
1.789929075309999
2.2221915755066783
2.2627834289765825
1.870253816431622
2.2221915755066783
2.162368783573502
2.7395722619867224
2.4138909867280645
2.0132790219068077
1.7924812503605778
2.6384600665861564
2.460546368008018
2.0048861640918427
2.2062389286533897
2.054585169337799
2.825327271154949
2.221251836004466
1.9182958340544896
2.354981659215797
2.60845859334435
2.1416195253341384
2.2983094013008034
2.406666316740689
2.2221915755066783
2.4508257945180882
2.521782221599798
2.4416298737872246
2.4137995646056805
2.3908636968570445
1.855388542207534
2.4416298737872246
2.438743920401748
2.3935474965388988
2.2584598927441624
2.4508257945180882
2.3594559773258243
2.2516291673878226
1.9962486832061193
2.2221915755066783
2.1615419333359274
2.35274578087187
2.146465798504072
2.692380602454975
2.2877837199410704
2.682588730501833
2.48345859334435
2.004886164091843
2.33012496531497
2.384602696255584
2.120323649149403
1.920500773126379
2.0403733936884962
2.4634582986483036
2.0
2.521782221599798
2.2841591278514217
2.0403733936884962
2.0403733936884962
2.6825887305018328
2.117492461184755
2.535857775918279
2.4508257945180882
1.971747257128181
1.809200032697812
2.7216227854342443
2.5577174691301483
2.2221915755066783
1.9508257945180885
2.263809173883546
2.6384600665861555
1.7527152789797047
2.2221915755066783
1.9056390622295665
2.2221915755066783
2.4508257945180882
1.7709505944546688
1.789929075309999
2.0403733936884962
2.4508257945180882
2.2878662772365086
2.0403733936884962
2.5032583347756456
2.2221915755066783
2.263809173883546
2.4508257945180882
2.353533948577482
2.2856005389623073
2.1280852788913944
2.4609049321677965
2.4508257945180882
2.2062389286533897
2.6337314206421327
2.5032583347756456
2.5577174691301487
3.0130155433382964
2.6337314206421327
2.1131060113376825
2.5306390622295662
2.4225797618424916
2.4416298737872246
2.2221915755066783
2.406666316740689
1.971747257128181
2.4613201402110083
2.148834854280917
2.521782221599798
2.199687794731328
2.054585169337799
2.0948567835487384
2.1920058354921066
2.1174924611847548
2.4171348342438503
2.396782221599798
2.2062389286533897
2.718535196289481
1.9508257945180885
2.049452072789394
2.225610814520738
2.744842531753244
2.4692407821722844
2.6792617822531843
2.7898966090601776
2.045841640885174
2.472905595320056
2.4508257945180882
1.7924812503605778
1.789929075309999
2.054585169337799
2.419973094021975
2.2577174691301485
2.049452072789394
2.4834585933443494
2.6384600665861555
2.4225797618424916
2.7777768114567865
2.302273734714768
2.127433119635699
2.131342288041763
1.95749456437641
2.7806390622295662
2.7756028581258434
2.422579761842491
2.822181958642873
1.9877733714879842
2.53414684380524
2.0403733936884962
2.4164997849817103
2.2221915755066783
2.378991986900062
2.1339375660949167
2.4613201402110083
1.8423709931771088
2.2841591278514217
2.6535442970305683
2.4956029237290127
2.2221915755066783
2.0662478973127314
2.436570339756566
2.1577174691301484
2.5424812503605785
2.4137995646056805
2.054585169337799
2.466247897312731
2.054585169337799
1.867633890971212
1.4591479170272448
1.936091368459004
2.2275343340059806
2.4387439204017474
2.287783719941071
1.971747257128181
2.0319325609754273
2.535857775918279
2.35845859334435
1.8789687013606597
2.004886164091843
2.4137995646056805
2.0993603054723997
2.2516291673878226
2.3329145639793976
1.6471972826911643
1.7609640474436812
1.5566567074628228
2.2841591278514217
2.005977711423774
2.422579761842491
2.4137995646056805
1.9609640474436814
2.133937566094917
1.9508257945180885
2.4729055953200563
2.4508257945180882
2.2221915755066783
2.1920058354921066
2.128085278891394
2.374556048381884
2.2221915755066783
2.0403733936884962
1.7924812503605778
2.276642710191496
2.054585169337799
1.8802324089730125
3.019697647568562
2.303701696057348
2.2877837199410704
2.2221915755066783
2.345851989338261
2.2221915755066783
2.004886164091843
2.390863696857044
2.460904932167797
2.350209029099897
2.004886164091843
2.2221915755066783
2.369432036254818
1.8944445162652963
2.2221915755066783
2.6986604604011153
2.059039104674855
2.349601752714581
2.7702788330420964
3.033659445513573
2.2221915755066783
2.436278124459133
1.7295739585136223
2.3642014310253883
2.1060480954183274
2.370226957544579
2.864083511770376
2.313599086949941
2.2221915755066783
2.4003685170827618
2.4996981431844145
2.1416195253341384
2.199687794731328
2.221251836004466
2.6384600665861555
2.7254805569978675
2.499698143184414
2.2149798205164815
2.495602923729013
2.422579761842491
2.5566567074628237
2.0741647430225756
2.2221915755066783
2.615724605447171
2.7824156286861546
2.4225797618424916
3.063307235905091
2.5917932260774954
2.5502668851770918
2.3473120514913495
2.963215692534584
2.521782221599798
2.251629167387823
2.403677461028802
2.1556390622295662
2.221251836004466
2.5162649802318
2.2221915755066783
2.217021885879718
1.965596230357602
2.215356348561749
2.378991986900062
2.111095787753339
2.064042639445697
2.060262039120377
2.2841591278514217
2.0989295636909353
2.0804758134828027
2.473851389610045
2.9379716746927205
2.5954618442383217
2.9649760679674704
2.799684978861676
2.339513641785163
2.349601752714581
2.0403733936884962
2.0403733936884962
2.35274578087187
2.350209029099897
2.1712874728954157
2.2877837199410704
2.2221915755066783
2.2221915755066783
2.4508257945180882
2.125814583693911
2.5503407095463886
2.1632095937363847
2.049452072789394
2.4056390622295662
2.2810361125534233
1.971747257128181
2.601382162091293
2.744842531753244
2.3758145836939115
2.0403733936884962
2.4584538292330587
2.196791631981637
2.1280852788913944
2.125814583693911
1.971747257128181
2.7090702947309975
2.287783719941071
2.2221915755066783
2.2221915755066783
2.422579761842491
2.4137995646056805
1.971747257128181
2.5341468438052397
2.084962500721156
2.1535654389463628
2.047820072251734
1.9182958340544893
2.415604394323764
2.6022170014624826
2.136169161869665
2.2548311096490115
2.2919307466539722
2.257856063692049
2.4493118330264454
2.349601752714581
2.117492461184755
2.349601752714581
2.0403733936884962
2.4954618442383216
2.0403733936884962
2.2841591278514217
2.004886164091843
1.8352377453121174
2.25
2.0403733936884962
2.5175199783432034
2.521640636343318
2.2221915755066783
2.5341468438052397
1.9301249653149701
2.049452072789394
2.004886164091843
2.262362377388257
2.4996981431844145
1.9508257945180885
2.674116781149245
2.4416298737872246
2.350209029099897
2.2221915755066783
2.038159681645953
2.419973094021975
2.224601752714581
2.250610045120464
2.1847964304560348
2.4416298737872246
2.3432578733442675
2.2746838148467017
2.411027779380347
2.0191534613250357
2.2841591278514217
2.279799131837405
2.7454812018599215
2.2920717524577867
1.9290929654978
2.8138461086383852
2.2070999802854865
2.474601752714581
2.420723035582761
2.1082837220826063
2.2221915755066783
2.2221915755066783
2.2684727516311214
2.5785519909913264
2.199687794731328
2.521640636343318
2.7743150471389604
2.0202442071537563
2.2065442182128785
2.2839138312085794
2.101100906467888
2.0428189358424667
2.0428189358424667
2.0428189358424667
2.0428189358424667
2.0428189358424667
2.0428189358424667
2.0428189358424667
2.0428189358424667
2.0428189358424667
2.0428189358424667
2.0428189358424667
2.0428189358424667
2.0428189358424667
2.0428189358424667
2.0428189358424667
2.0928189358424665
2.0928189358424665
2.013110959288765
2.013110959288765
2.013110959288765
2.251629167387823
2.251629167387823
2.251629167387823
2.0928189358424665
2.0928189358424665
2.013110959288765
2.013110959288765
2.013110959288765
2.251629167387823
2.251629167387823
2.251629167387823
2.0428189358424667
2.0428189358424667
2.0428189358424667
2.0428189358424667
2.0428189358424667
2.101100906467888
2.101100906467888
2.175069682739006
2.013110959288765
2.013110959288765
2.013110959288765
2.251629167387823
2.251629167387823
2.251629167387823
2.0428189358424667
2.0428189358424667
2.0428189358424667
2.0428189358424667
2.0428189358424667
2.101100906467888
2.101100906467888
2.0155488952285743
2.038278169608729
2.2542012131383133
2.224601752714581
2.66269627439446
2.4225797618424916
2.5098596164895417
2.4508257945180882
2.206238928653389
2.263809173883546
2.292071752457787
2.221251836004466
2.069336019255345
2.9398290174664026
2.6660563421790617
2.1148051443393325
2.6157246054471703
2.5566567074628237
2.847191975523418
2.7777768114567865
2.5495234595978324
2.23672031672819
1.902097740858384
1.7967916319816366
2.0097725245854705
2.4915485198790632
2.30827083453526
2.696199049814856
1.9954618442383218
2.2221915755066783
2.5580510765444577
2.3232196723355076
3.0901998765158556
2.225610814520738
2.3244093931715555
1.8954618442383215
2.5032583347756456
2.262362377388257
2.2221915755066783
2.3221793455166666
2.7499025061628966
2.258096028412048
2.3485688088104566
2.3996275363413564
2.629249223856034
1.889246428509158
2.2806390622295662
2.763054346172263
2.3987581932686117
2.2221915755066783
2.292071752457787
2.310127266869007
2.3395722619867225
2.4508257945180882
1.914265041002201
2.4014228908019635
2.3878033046491582
2.117492461184755
2.193959251335566
2.4996981431844145
1.867633890971212
2.422579761842492
2.039353872167201
2.488403899223372
2.291620193427939
2.4508257945180882
2.004886164091843
2.054585169337799
2.2221915755066783
2.7806390622295662
3.105653242423439
2.2890179898186576
2.4137995646056805
2.2841591278514217
2.2221915755066783
2.4962058480965483
2.2221915755066783
2.013911156578927
1.727396673574479
2.4164997849817103
2.2684727516311214
2.051431724404176
2.1414460711655217
2.4584538292330587
2.4115091984199104
2.260992390087111
2.049452072789394
2.4416298737872246
2.287783719941071
2.3667452542142176
2.373735909525858
2.1156351273037877
2.4305946180235427
2.6535442970305683
2.2221915755066783
2.2221915755066783
2.2221915755066783
2.4286635315530405
2.33012496531497
2.3531906713383224
2.744842531753244
2.4996981431844145
1.8322628970242685
2.2684727516311214
2.1800365325772657
1.823067982273661
2.205109900073869
2.359879028736861
2.0588138903312014
2.3935474965388988
2.4508257945180882
2.2380416055189456
2.4508257945180882
2.199687794731328
2.0403733936884962
2.2221915755066783
2.396310424640968
1.9010223772961141
1.971747257128181
2.0458416408851736
2.2221915755066783
2.3395722619867225
2.128085278891394
2.375
2.0216148719112956
2.074164743022575
2.1416195253341384
2.419973094021975
2.5577174691301483
2.292481250360578
2.2221915755066783
2.739641388868577
1.971747257128181
2.359879028736861
2.6084585933443494
2.463458298648303
2.2221915755066783
2.2221915755066783
2.4996981431844145
2.8832156925345838
2.072905595320056
2.7807034685039707
2.142683189255492
1.789929075309999
2.004886164091843
2.4331958387289765
2.2841591278514217
2.58770470625279
2.0403733936884962
2.771782221599798
2.2841591278514217
2.6556390622295662
2.221251836004466
2.472905595320056
2.0403733936884962
2.440404017720928
2.353533948577482
2.5341468438052397
2.0
2.145136370153053
2.0
1.9877733714879842
2.2221915755066783
2.4416298737872246
2.0403733936884962
2.2221915755066783
2.0403733936884962
2.117492461184755
2.202819531114783
2.1577174691301484
2.591793226077496
2.1673518144449937
2.082428074788749
2.216521698179525
1.971747257128181
2.5495234595978316
2.4331958387289765
2.391230477257489
2.054585169337799
2.3395722619867225
2.605091054934494
2.1068038797458115
2.107265878498778
2.696199049814856
2.4508257945180882
2.5424826938097276
2.1497316292372197
1.9973609993921817
2.6938598340464273
2.4973206585968413
2.3216272628243972
2.221251836004466
2.349756925159983
2.6582878173619067
2.629249223856034
2.406666316740689
2.4996981431844145
2.4508257945180882
2.2221915755066783
2.3134597501718237
2.585827939143041
2.2221915755066783
2.2221915755066783
2.523986065961297
2.378111240925562
2.33012496531497
3.04363785115567
2.353533948577482
1.971747257128181
2.2221915755066783
2.217021885879718
1.9508257945180885
2.359879028736861
2.2221915755066783
2.4137995646056805
2.566422935065898
2.2841591278514217
2.495838938745422
2.5073801024236357
1.971747257128181
2.524397470347699
2.406666316740689
2.7220985945570977
2.2221915755066783
2.1992818130163667
2.4508257945180882
1.789929075309999
2.091917186688699
2.5341468438052397
2.1711395066729176
1.7841591278514217
1.971747257128181
2.556656707462823
2.004886164091843
2.2221915755066783
2.659916586614978
2.2221915755066783
2.0403733936884962
3.057616067823287
2.777645264822727
2.4416298737872246
2.262979041070737
2.5320966889958756
2.2221915755066783
2.5341468438052397
2.254447578972094
1.5566567074628228
2.221251836004466
2.2339466645252255
2.221251836004466
2.291620193427939
2.3232196723355076
2.521782221599798
2.7277806991523845
2.822181958642873
2.045841640885174
2.5061440668531976
2.375
2.403677461028802
2.054954983217636
2.214152220539396
2.039353872167201
2.3784265215723064
2.1690354219421173
2.0403733936884962
2.2221915755066783
1.88387115901575
2.2817276788697365
2.422579761842491
2.1314076078546704
2.4577174691301487
2.2983094013008034
2.287783719941071
2.2221915755066783
2.146465798504072
2.4387439204017474
2.495602923729013
2.39820489767661
2.1379185026711327
2.5868878409958143
2.3464393446710154
2.374556048381884
2.0609640474436812
2.6535442970305683
2.3220847276178658
2.7746091220115323
2.488403899223372
2.556656707462823
2.1321932831585277
2.3779080658991445
2.2942740671928616
2.327632809290636
1.8590886683844818
2.2221915755066783
2.2565153314796658
2.00438614269588
1.6981174211304035
2.855953642864355
2.5324156286861546
2.0717350271381694
1.8879185026711327
2.5566567074628237
2.4416298737872246
2.2856005389623077
2.3011881640024847
2.133937566094917
2.350209029099897
2.556656707462823
2.4137995646056805
2.2221915755066783
2.2221915755066783
2.396310424640968
2.353533948577482
1.7924812503605778
1.7924812503605778
2.2221915755066783
2.52473261568954
2.406666316740689
2.4996981431844145
2.6292492238560343
1.823067982273661
2.197159723424149
2.460904932167797
1.9508257945180885
2.4056390622295662
2.2221915755066783
2.0403733936884962
1.854285871987246
2.4137995646056805
2.3144908557451114
2.216521698179525
2.2221915755066783
2.054585169337799
2.289246428509158
2.353533948577482
2.221251836004466
2.349601752714581
2.2221915755066783
2.522620309531022
2.0403733936884962
2.48345859334435
2.349601752714581
2.499698143184414
2.2810361125534233
2.740503832755768
2.292481250360578
2.2516291673878226
2.4014473774842418
2.263809173883546
2.2221915755066783
2.8045715116229277
2.5487949406953985
2.535857775918279
2.2221915755066783
2.499698143184414
2.384183719779189
2.2221915755066783
2.359879028736861
2.2221915755066783
2.5580510765444577
2.396782221599798
2.403677461028802
2.125814583693911
2.2221915755066783
2.4508257945180882
2.146782221599798
2.2221915755066783
2.591793226077496
2.6612087979789942
2.4508257945180882
2.6556390622295662
2.1280852788913944
2.2221915755066783
2.221251836004466
2.1280852788913944
2.682588730501833
2.5495234595978324
2.202819531114783
2.73345859334435
2.2841591278514217
2.60845859334435
3.253158436540769
2.2221915755066783
2.6583103074785774
2.263809173883546
2.346190301227487
2.8065022805912285
2.7395722619867224
2.281890941976831
2.004886164091843
2.061482186720776
2.2221915755066783
1.7295739585136223
1.823067982273661
2.33012496531497
1.789929075309999
2.3432578733442675
2.41379956460568
2.2841591278514217
2.2485731395538666
1.8250112108241772
2.2221915755066783
2.2221915755066783
2.2221915755066783
2.2221915755066783
2.2221915755066783
2.4508257945180882
2.2221915755066783
1.867633890971212
2.117492461184755
2.4040097573248596
2.061278124459133
2.5341468438052397
2.2221915755066783
2.2841591278514217
2.7837353286220776
2.2221915755066783
2.2221915755066783
2.004886164091843
2.3584585933443494
2.4834585933443494
2.0403733936884962
2.2841591278514217
2.341446071165522
2.2221915755066783
2.495461844238322
2.004886164091843
1.9877733714879842
2.359879028736861
2.4047933024618025
2.1967916319816365
2.2221915755066783
2.2221915755066783
2.822181958642873
2.2221915755066783
2.2841591278514217
2.296636697410334
1.8423709931771088
2.054585169337799
2.221251836004466
2.049452072789394
2.2221915755066783
2.5341468438052397
2.189238255803027
2.199687794731328
2.4164997849817103
2.058813890331201
2.292481250360578
2.125814583693911
2.049452072789394
2.1416195253341384
2.0
2.5566567074628237
1.8585552118703144
2.6535442970305683
2.004886164091843
2.2221915755066783
2.133937566094917
2.2221915755066783
2.7014332392550497
2.6535442970305683
2.395461844238322
2.53414684380524
2.2221915755066783
2.0403733936884962
2.2062389286533897
2.2221915755066783
2.0403733936884962
2.949581770147835
2.7742433029172693
1.8607986640262832
2.054585169337799
2.2221915755066783
2.002755067189044
2.1464393446710153
1.971747257128181
2.251629167387823
2.0403733936884962
2.2221915755066783
1.8423709931771084
2.2877837199410704
2.2221915755066783
2.770283461422289
2.5306390622295662
2.2221915755066783
2.2856005389623073
2.2810361125534233
2.0403733936884962
2.049452072789394
2.4416298737872246
2.2221915755066783
2.251629167387823
2.1179631753145163
2.0403733936884962
2.054585169337799
2.637918502671133
2.4137995646056805
2.4996981431844145
2.3458519893382603
2.128085278891394
2.6247262095042956
2.219240704636849
2.5424826938097276
2.3921472236645345
2.2221915755066783
2.004886164091843
2.692380602454975
2.6654518213051874
2.2221915755066783
2.614369445886757
2.5
2.33012496531497
2.2221915755066783
2.1492553971684996
2.1967916319816365
2.2221915755066783
2.125814583693911
2.4416298737872246
2.049452072789394
2.2841591278514217
2.1280852788913944
2.004886164091843
2.1280852788913944
2.585827939143041
2.058813890331201
2.585827939143041
2.41104436678328
2.045841640885174
1.8262452584026092
2.5548902508571647
2.2841591278514217
2.7329145639793975
2.917188642118004
2.199687794731328
2.004886164091843
2.0545851693377997
2.2221915755066783
2.4137995646056805
2.1895415173391393
2.0662478973127314
2.5475870854088964
2.545674891358115
2.2221915755066783
2.866247897312731
2.005977711423774
2.2221915755066783
2.1280852788913944
2.7254805569978675
2.270942421748537
2.2221915755066783
2.2221915755066783
2.21577067413792
2.221251836004466
2.33012496531497
2.1280852788913944
2.128085278891394
2.606238928653389
2.2221915755066783
2.556656707462823
2.4815710846137464
2.3199730940219747
1.75
2.0403733936884962
2.0048861640918427
2.0403733936884962
2.0403733936884962
1.8585552118703144
2.521782221599798
2.4834585933443494
2.4508257945180882
2.2221915755066783
2.292481250360578
2.4613201402110083
2.049452072789394
1.867633890971212
2.617492461184755
2.6535442970305683
1.8423709931771084
2.2221915755066783
2.2221915755066783
2.4137995646056805
2.2221915755066783
2.5785519909913264
2.2221915755066783
2.5073801024236357
2.106048095418327
2.0403733936884962
2.2617905559908023
1.584962500721156
2.5637169871277954
2.4225797618424916
2.4508257945180882
2.1054105870684143
2.2841591278514217
2.399397470347699
2.457717469130148
2.2221915755066783
2.353533948577482
2.555913095175825
2.1920058354921066
1.823067982273661
2.4508257945180882
2.2841591278514217
2.199687794731328
2.2623623773882575
2.2221915755066783
2.263809173883546
2.5353730884804206
2.1691038734053327
2.7029043371886066
2.353533948577482
2.062907291846956
2.2221915755066783
2.2731315234143215
1.8111972392947244
2.744842531753244
2.3531906713383224
2.4328173151210217
2.2221915755066783
2.084962500721156
2.48345859334435
2.1920058354921066
2.374556048381884
1.7924812503605778
2.197159723424149
2.5724312513221195
2.279799131837405
2.0403733936884962
2.004886164091843
2.372094637795624
2.5868878409958143
2.4508257945180882
2.6556390622295662
2.0403733936884962
2.0048861640918427
2.463458298648303
2.419973094021975
2.358938532350277
2.3921472236645345
2.5226203095310216
2.33012496531497
2.1969571863274178
2.038159681645953
2.2221915755066783
2.130926080730337
2.2120089545029216
2.7777768114567865
2.0403733936884962
1.823067982273661
2.4508257945180882
2.2221915755066783
2.4922031072054134
1.9877733714879842
2.0403733936884962
2.499698143184414
2.2221915755066783
2.4996981431844145
2.349601752714581
2.2221915755066783
1.789929075309999
2.054585169337799
2.3789919869000626
3.05953796472579
2.5785519909913264
2.2221915755066783
2.4416298737872246
2.4508257945180882
2.1550993472626025
2.4416298737872246
1.823067982273661
2.602217001462482
2.474601752714581
1.4627598117971015
2.4056390622295662
2.2841591278514217
2.651914743980524
2.0403733936884962
2.2221915755066783
2.7900177254134357
2.822181958642873
2.0403733936884962
2.221251836004466
2.2221915755066783
2.2684727516311214
2.353533948577482
2.2623623773882575
2.125814583693911
2.221251836004466
1.8879185026711327
2.162368783573502
2.1403991772251265
2.606238928653389
2.41379956460568
2.0403733936884962
1.867633890971212
2.2221915755066783
2.406666316740689
2.375
2.2841591278514217
2.2221915755066783
2.004886164091843
2.670789720711593
2.0403733936884962
2.1623687835735015
2.556656707462823
2.287783719941071
2.5341468438052397
2.6337314206421327
2.499389675512395
2.350209029099897
2.2841591278514217
2.2221915755066783
2.2516291673878226
2.5495234595978324
2.049452072789394
2.1887870678023824
2.0403733936884962
2.0446279948257815
2.4056390622295662
2.221251836004466
1.823067982273661
2.4708918370101887
2.4225797618424916
2.495602923729013
2.287783719941071
1.9508257945180885
2.215347275584621
2.0349409139562287
2.4956029237290123
2.0403733936884962
2.606238928653389
2.2988252450030506
2.5495234595978324
2.0403733936884962
2.2221915755066783
1.8585552118703144
2.2221915755066783
2.084962500721156
2.499698143184414
2.0
2.2841591278514217
2.3395722619867225
2.217021885879718
1.9508257945180885
2.004886164091843
1.971747257128181
1.896240625180289
2.2221915755066783
2.004886164091843
1.823067982273661
1.867633890971212
1.914341183612352
2.148834854280917
2.2689289124151837
2.1209520310264036
2.644631598670514
2.317977780938761
1.971747257128181
2.2221915755066783
2.2221915755066783
2.0225797618424917
1.789929075309999
2.3134597501718237
2.1280852788913944
2.4508257945180882
2.0403733936884962
2.556656707462823
1.9508257945180885
2.2856005389623073
2.4416298737872246
2.4137995646056805
2.460964047443681
2.606238928653389
2.4508257945180882
2.660129752633257
2.049452072789394
2.038159681645953
1.971747257128181
2.2221915755066783
2.0
2.2841591278514217
1.4591479170272448
2.6337314206421327
2.2221915755066783
2.4508257945180882
2.424835634986198
2.499698143184414
2.474601752714581
2.2256051990169436
2.4416298737872246
1.870253816431622
2.6384600665861555
2.202819531114783
2.7865766899407327
2.1280852788913944
2.469670487371862
2.74518729300374
1.8920795639257109
2.491899725201465
2.3514386053981013
1.561278124459133
2.271770467553152
1.7464657985040721
2.0403733936884962
2.1920058354921066
2.513713175188911
2.5785519909913264
2.39207883297832
1.7295739585136223
1.7967916319816366
2.2221915755066783
2.4817062775743137
2.2841591278514217
2.145136370153053
2.0403733936884962
1.5789048796543508
2.221251836004466
2.0048861640918427
2.004886164091843
2.472905595320056
2.1650418488683694
1.975220596683441
2.058813890331201
1.7796370630595195
1.9772354454083079
2.2221915755066783
2.0403733936884962
1.8567073920845691
2.460484681313111
2.4410685859554375
2.566190216550323
2.3935474965388983
2.353149050332106
2.1920058354921066
2.224601752714581
2.2877837199410704
2.2221915755066783
2.5828765043125568
2.406666316740689
2.0403733936884962
2.4264025411052232
1.9211854965885542
1.789929075309999
2.125814583693911
2.5724312513221195
2.2625905648620863
2.8401998765158556
2.660129752633257
2.5609640474436812
2.6612087979789947
2.4508257945180882
2.4508257945180882
2.495602923729013
2.260820318171659
2.2221915755066783
2.0403733936884962
2.5495234595978324
2.2986806089179543
1.971747257128181
2.004886164091843
2.518003652560886
2.606238928653389
2.049452072789394
2.6337314206421327
2.049452072789394
1.9182958340544896
2.2806390622295662
2.9176286494293433
2.133937566094917
2.614369445886757
1.971747257128181
2.5785519909913264
2.3301249653149703
2.8563020440180202
2.251629167387823
2.2221915755066783
2.038159681645953
2.7189650772091367
2.9177885749603143
2.54363785115567
2.614369445886757
1.9591479170272446
2.551514870862884
2.2544475789720946
1.919716366427248
2.392515945623278
2.4729055953200563
2.4225797618424916
2.614540664806849
2.2221915755066783
2.701120783844247
2.199687794731328
2.2221915755066783
2.4137995646056805
1.9877733714879842
2.199687794731328
1.4591479170272448
1.7924812503605778
2.2877837199410704
2.2841591278514217
2.841673479476989
2.2877837199410704
2.2221915755066783
2.0403733936884962
2.2221915755066783
2.4137995646056805
2.4137995646056805
2.2221915755066783
2.5073801024236357
2.731431053591683
2.0349409139562287
2.125814583693911
2.2221915755066783
2.2221915755066783
2.2221915755066783
2.411509198419911
2.0131324651707385
2.606238928653389
2.125814583693911
2.4508257945180882
1.971747257128181
2.7806390622295662
2.6981203125901447
2.217021885879718
2.3053206513329316
2.696199049814856
2.061423239400896
2.48345859334435
2.4508257945180882
2.054585169337799
2.0403733936884962
2.107833210824613
2.2221915755066783
1.8423709931771084
2.4137995646056805
2.499698143184414
2.0403733936884962
2.2221915755066783
1.7924812503605778
2.049452072789394
2.2221915755066783
2.0403733936884962
2.440404017720928
2.6825887305018328
2.0403733936884962
2.23345859334435
2.1174924611847548
2.1920058354921066
2.329736747925867
1.9591479170272446
2.3823743017571752
1.8423709931771084
2.199687794731328
2.2221915755066783
1.789929075309999
2.2221915755066783
2.359879028736861
2.4508257945180882
2.422579761842491
2.2841591278514217
2.0403733936884962
2.668980145022532
2.4137995646056805
2.350209029099897
2.499698143184414
2.1803373810675706
1.961108032004487
2.049452072789394
2.556656707462823
2.1556390622295662
2.495602923729013
2.2221915755066783
1.971747257128181
2.5495234595978316
2.4466166676282084
1.9182958340544896
2.054585169337799
1.8423709931771084
2.499698143184414
2.353533948577482
2.48345859334435
2.2988252450030506
2.1027930388928713
2.058813890331201
2.144611994352379
2.4305946180235427
1.9999397408886077
2.4166666666666665
2.353533948577482
2.004886164091843
2.0403733936884962
2.1416195253341384
1.8799649487271108
2.359879028736861
2.4846970025308774
2.692380602454975
2.4846970025308774
2.692380602454975
2.359879028736861
2.038159681645953
2.125814583693911
2.646782221599798
2.3921472236645345
1.8062389286533895
2.497341990873057
1.867633890971212
1.971747257128181
2.0403733936884962
2.2841591278514217
2.0048861640918427
2.5609640474436812
2.339572261986723
2.753411192621123
1.919973094021975
2.2729070064198638
2.2221915755066783
2.125
2.4979065701049423
2.4508257945180882
2.2221915755066783
2.4996981431844145
2.2221915755066783
2.23345859334435
1.8262452584026092
1.8585552118703144
2.2221915755066783
2.2841591278514217
2.6535442970305683
1.7527152789797045
2.2221915755066783
2.508412820546011
2.595461844238322
2.2221915755066783
2.2841591278514217
2.2841591278514217
2.692380602454975
2.2221915755066783
2.4692407821722844
2.0403733936884962
2.0989295636909353
1.9852281360342514
1.8423709931771084
3.094205915355059
2.771782221599798
2.1633347891038204
1.9415779290783457
2.4056390622295662
2.2841591278514217
2.4056390622295662
2.1174924611847548
2.2479275134435857
2.373735909525858
2.1412943652509164
2.473851389610045
1.9975025463691152
1.8423709931771086
2.349601752714581
2.33012496531497
2.2221915755066783
2.6825887305018328
2.2841591278514217
1.584962500721156
2.054585169337799
2.2221915755066783
2.072905595320056
2.422579761842491
2.440404017720928
2.406666316740689
2.125814583693911
2.4370658315190226
2.350209029099897
2.0403733936884962
2.535857775918279
1.5616426268766377
2.395398770647765
2.2221915755066783
2.0545851693377997
2.4508257945180882
2.682588730501833
2.0849625007211565
2.606238928653389
2.559140762186858
2.0588138903312014
2.4416298737872246
2.1908887189090467
1.789929075309999
2.3327195351219205
2.221251836004466
1.4591479170272448
2.2221915755066783
2.4225797618424916
1.4591479170272448
2.463458298648303
2.0662478973127314
2.4729055953200563
2.2221915755066783
2.4508257945180882
2.5577174691301483
2.33012496531497
1.9609640474436814
2.473851389610045
2.356759065466188
2.6292492238560343
2.2221915755066783
1.855388542207534
2.004886164091843
2.3134597501718237
1.789929075309999
1.7295739585136223
2.0403733936884962
2.5637169871277954
2.2577174691301485
1.8423709931771084
2.054585169337799
2.3050365325772657
2.2221915755066783
2.2841591278514217
2.224601752714581
1.971747257128181
2.516150648454355
2.063202513215852
2.172553582385556
2.2783518117113117
1.971747257128181
1.4926140680171256
2.2841591278514217
1.9591479170272446
2.6556390622295662
2.125814583693911
2.3458519893382603
2.8059584928680414
2.2221915755066783
2.1174924611847548
2.221251836004466
2.199687794731328
2.1920058354921066
2.292481250360578
2.345851989338261
2.049452072789394
2.049452072789394
2.2221915755066783
2.2221915755066783
2.4225797618424916
2.4137995646056805
2.3991303913908006
2.356464856747655
2.606238928653389
2.2221915755066783
2.2221915755066783
2.649736166944546
2.9140163035068447
2.2621849499854516
2.2221915755066783
2.4508257945180882
2.503258334775645
2.08282985618071
2.4305946180235427
2.492445131143149
2.221251836004466
2.0403733936884962
2.1920058354921066
2.2221915755066783
2.0403733936884962
2.2221915755066783
2.2221915755066783
2.353533948577482
2.2221915755066783
2.2221915755066783
2.2221915755066783
2.212503842372268
2.4508257945180882
2.816626552112991
2.0403733936884962
2.1416195253341384
2.287783719941071
2.9210296217376146
2.4202776983278502
2.23345859334435
2.1653813140310865
2.523986065961297
2.350209029099897
1.971747257128181
2.199687794731328
2.3220847276178658
2.556656707462823
2.9071418462378227
2.30827083453526
2.287476772697741
2.223219672335508
2.4356371288264103
2.0403733936884962
2.646782221599798
2.8871798736129004
2.2841591278514217
1.996027777693686
1.773445291328098
2.221251836004466
1.7924812503605778
2.2877837199410704
2.4137995646056805
2.48345859334435
2.72742132943338
2.4416298737872246
2.5212250949696102
1.971747257128181
2.7671688257208347
2.0374011976541118
2.117492461184755
2.234201009820717
2.521782221599798
2.2221915755066783
2.004886164091843
1.9508257945180885
1.971747257128181
1.9508257945180885
2.4834585933443494
2.692380602454975
2.4996981431844145
2.2841591278514217
2.279799131837405
2.4508257945180882
2.199687794731328
2.217021885879718
2.60845859334435
2.676169802906963
2.2389205950315936
2.183893629661143
2.217021885879718
1.971747257128181
2.5566567074628237
2.2841591278514217
2.0199730940219753
2.2221915755066783
2.125814583693911
2.387918502671133
2.863094551420763
2.0403733936884962
2.2221915755066783
2.049452072789394
1.971747257128181
2.2221915755066783
2.4508257945180882
2.0403733936884962
2.004886164091843
2.4416298737872246
2.606238928653389
2.6535442970305683
2.4996981431844145
2.0403733936884962
2.3908636968570445
1.971747257128181
2.5492553971685
2.2544475789720946
2.5366082543914996
2.440404017720928
2.3134597501718237
2.217021885879718
1.789929075309999
2.2221915755066783
2.2221915755066783
2.1179631753145163
2.2221915755066783
2.270942421748537
2.4164997849817103
2.279799131837405
2.4508257945180882
2.422579761842491
2.702904337188607
2.396782221599798
2.614369445886757
2.1556390622295662
2.2221915755066783
2.353533948577482
2.359455977325824
2.1179631753145163
2.353533948577482
2.1174924611847548
1.823067982273661
2.735761283067285
2.128085278891394
2.5332419544912357
2.1174924611847548
2.1920058354921066
2.495602923729013
2.221251836004466
2.2221915755066783
2.499698143184414
2.084962500721156
2.0403733936884962
2.4740676838121103
2.4348650559081753
2.463458298648303
2.692380602454975
2.4305946180235427
2.460964047443681
2.4834585933443494
2.5343470138526047
2.5424826938097276
2.0403733936884962
2.049452072789394
2.692380602454975
2.6825887305018328
2.4973419908730565
2.054585169337799
2.343257873344267
2.5781307870000845
2.2544475789720946
2.3749589477025568
2.0131324651707385
2.125814583693911
2.1464657985040723
2.1162996057016965
2.0403733936884962
2.472905595320056
1.855388542207534
2.0175639944564976
2.2856005389623077
2.100983694881109
2.422579761842491
3.0376827622893843
2.4137995646056805
2.353533948577482
2.606238928653389
2.353533948577482
2.287783719941071
2.0403733936884962
2.472905595320056
2.254447578972094
2.783735328622078
2.3609640474436815
2.2221915755066783
2.2221915755066783
2.3998058831626974
2.270942421748537
2.614369445886757
2.319973094021975
2.372094637795624
2.1339375660949167
2.499698143184414
1.9215419333359276
2.3010705524843864
2.7245545537897233
2.800053079169429
2.5226203095310216
1.9677648376739314
2.463933600331237
2.4996981431844145
2.4662478973127313
2.950814303794373
2.3885299676767944
2.221251836004466
2.4416298737872246
2.332914563979398
2.666666666666667
2.0403733936884962
2.556656707462823
2.1556390622295662
2.199687794731328
2.3395722619867225
2.2221915755066783
1.6854752972273344
2.2584598927441624
2.4508257945180882
2.2221915755066783
2.0
2.3577174691301486
1.8918521728839341
2.0403733936884962
2.2221915755066783
2.2058011089873357
2.5341468438052397
2.013132465170739
2.2221915755066783
2.369571003855273
2.646782221599798
2.408313376208532
2.0403733936884962
2.7138441622025065
2.6535442970305683
1.8919954870390203
2.3531906713383224
2.390863696857044
2.2221915755066783
2.692380602454975
2.133937566094917
2.494918848233951
2.353533948577482
2.221251836004466
2.1416195253341384
1.7924812503605778
2.353533948577482
2.0403733936884962
1.789929075309999
2.2841591278514217
2.3720946377956236
1.7841591278514217
1.9508257945180885
2.2221915755066783
2.139097655573916
2.495602923729013
2.2877837199410704
2.221251836004466
2.4996981431844145
2.1280852788913944
2.6535442970305683
2.2221915755066783
2.2221915755066783
2.0403733936884962
2.278351811711312
2.606238928653389
2.2781748627913507
2.4508257945180882
1.789929075309999
1.867633890971212
1.7924812503605778
2.1556390622295662
2.0403733936884962
2.2221915755066783
2.0418145155018155
2.146465798504072
2.0
2.48345859334435
1.809200032697812
1.823067982273661
2.4416298737872246
2.221251836004466
2.2221915755066783
1.9609640474436814
2.2221915755066783
2.9626590486860596
2.2221915755066783
1.584962500721156
2.2221915755066783
2.5566567074628237
2.4508257945180882
1.7924812503605778
2.292481250360578
2.2221915755066783
2.472905595320056
2.2841591278514217
2.6349899593311
2.2221915755066783
2.4584538292330587
2.298852726158181
1.8262452584026092
2.8556626164234076
2.199687794731328
2.744067394037771
2.1535654389463628
2.3317663774021273
2.038159681645953
2.339922960314994
2.572253928364927
2.051346433249389
2.3360253406140252
2.206238928653389
2.254447578972094
2.591793226077496
1.7924812503605778
2.353533948577482
2.457717469130148
2.349601752714581
2.2456798739466377
2.2877837199410704
2.3935474965388988
1.9852281360342514
2.0403733936884962
2.2062389286533897
2.0403733936884962
1.971747257128181
2.2221915755066783
1.823067982273661
2.5492553971684995
2.3253314601288055
1.971747257128181
2.1556390622295662
1.789929075309999
2.8977896664560867
2.292481250360578
2.4137995646056805
1.8250112108241772
2.39207883297832
1.870253816431622
1.789929075309999
1.9591479170272446
2.2221915755066783
2.2221915755066783
2.2988252450030506
2.48345859334435
2.4849960987306523
2.359879028736861
2.4961268547517808
2.049452072789394
2.4863286677871854
2.353533948577482
2.535857775918279
1.924174352300441
2.7179717342678
2.2221915755066783
2.251629167387823
2.1556390622295662
2.049452072789394
2.016875695766564
1.971747257128181
2.5219280948873624
2.0225797618424917
2.1866610090529672
1.971747257128181
2.3746939516467016
2.0403733936884962
2.192361377582522
2.2221915755066783
2.35274578087187
2.064042639445697
2.0131324651707385
2.5559130951758244
2.0403733936884962
2.2221915755066783
2.4164997849817107
2.7395722619867224
2.217021885879718
2.2221915755066783
1.883159232706863
2.202819531114783
2.5032583347756456
2.4232196723355077
2.521782221599798
2.353533948577482
1.8423709931771084
2.2221915755066783
2.2841591278514217
2.499698143184414
2.472905595320056
2.7029043371886066
2.1416195253341384
2.0670314951575843
1.9508257945180885
2.2877837199410704
1.7838593436779768
1.7394541964918906
1.971747257128181
1.867633890971212
2.2221915755066783
2.2221915755066783
2.270942421748537
2.3935474965388988
2.3627402784989338
2.2183641295938012
2.5306390622295662
2.162368783573502
2.48345859334435
2.1556390622295662
2.2221915755066783
2.3395722619867225
2.004886164091843
2.610054940467007
2.0403733936884962
2.2221915755066783
2.353533948577482
2.2221915755066783
1.855388542207534
2.271782221599798
2.4508257945180882
2.271782221599798
2.2096909728231857
2.221251836004466
2.5949066182439386
2.1179631753145163
2.4164997849817107
2.2221915755066783
2.563716987127796
2.038159681645953
2.3050365325772657
1.946692143321549
2.1920058354921066
2.049452072789394
2.522620309531022
2.822717804806415
2.186278124459133
2.365595703996379
2.2221915755066783
2.6556390622295662
2.4508257945180882
1.9877733714879842
2.5724312513221195
2.3522170014624826
2.194266986672329
2.3942811477133943
2.521782221599798
2.2221915755066783
2.4508257945180882
2.0403733936884962
2.2221915755066783
2.2724876891689534
2.4508257945180882
2.2221915755066783
2.0403733936884962
2.6535442970305683
2.7100706213976045
2.835237745312118
2.2841591278514217
2.1920058354921066
2.692380602454975
2.4508257945180882
2.657742726504889
2.2516291673878226
2.7329145639793984
2.5005478250578475
2.0403733936884962
2.2221915755066783
2.384602696255584
2.2221915755066783
2.2221915755066783
2.2221915755066783
1.867633890971212
2.1280852788913944
2.6535442970305683
1.7924812503605778
2.021782221599798
2.5341468438052397
2.544876086303668
2.217021885879718
2.6535442970305683
2.0321285252393406
2.0403733936884962
2.1416195253341384
2.4416298737872246
2.292481250360578
2.221251836004466
2.004886164091843
2.2221915755066783
2.103909910282364
2.0403733936884962
2.125814583693911
2.1465431628392286
1.9254106352407239
2.205410279553521
2.1280852788913944
2.4996981431844145
2.6535442970305683
1.823067982273661
2.039353872167201
2.0403733936884962
2.219973094021975
2.4267169896450365
1.867633890971212
2.378991986900062
2.3823743017571752
2.4996981431844145
2.6007708971602574
2.5100564603565387
2.0403733936884962
2.054585169337799
2.1280852788913944
2.9633386473820615
2.292481250360578
2.083203170427581
1.584962500721156
2.146465798504072
2.606238928653389
2.5580510765444573
2.319240704636849
1.914341183612352
2.4584538292330587
2.365596230357602
1.971747257128181
2.4996981431844145
2.4410685859554375
2.41379956460568
2.459147917027245
2.0403733936884962
2.4262927116736352
2.556656707462823
2.004886164091843
2.2878662772365086
2.4973419908730565
2.217021885879718
2.2221915755066783
2.3199730940219747
2.0403733936884962
2.395461844238322
2.2221915755066783
2.403677461028802
2.223219672335508
2.0
2.521782221599798
2.217021885879718
2.4164997849817107
2.4416298737872246
2.606238928653389
2.2221915755066783
2.6411209338130157
2.4137995646056805
2.2584598927441624
1.9182958340544896
2.6384600665861555
2.2221915755066783
2.125814583693911
2.287783719941071
2.217021885879718
2.1920058354921066
2.521782221599798
1.966997548315917
2.2221915755066783
2.9398290174664026
2.521782221599798
1.7105469665065995
2.5577174691301483
2.2389205950315936
2.4508257945180882
2.1174924611847548
2.4508257945180882
2.2221915755066783
2.2221915755066783
2.221251836004466
2.2221915755066783
2.2221915755066783
2.7590795706241744
2.4916136404669613
1.6767370300521325
2.6084585933443494
2.0403733936884962
2.374556048381884
2.0113650418263793
1.971747257128181
2.5341468438052397
2.054585169337799
2.1280852788913944
2.0545851693377997
2.1985610612465334
2.5916865345678204
2.6535442970305683
2.128085278891394
2.732067738079185
2.9635816040061647
2.629249223856034
2.5106052193123416
2.2221915755066783
2.4508257945180882
1.9772354454083079
2.197159723424149
1.9016094970590274
2.054585169337799
2.004886164091843
2.52473261568954
2.148834854280917
2.1320392684108826
2.2841591278514217
2.460964047443681
2.353533948577482
2.2841591278514217
2.606238928653389
2.038159681645953
2.7787647419744377
2.279799131837405
2.199687794731328
2.6556390622295662
2.4508257945180882
2.3921472236645345
2.3227569588973984
2.2221915755066783
2.1174924611847548
1.811278124459133
2.353533948577482
2.8662478973127308
1.9508257945180885
2.73345859334435
2.221251836004466
2.289246428509158
2.827513427448367
2.2221915755066783
1.8879185026711327
2.350209029099897
2.852217001462482
2.472905595320056
2.273728829005326
2.2221915755066783
2.199687794731328
2.5577174691301483
2.128085278891394
2.0403733936884962
2.279799131837405
2.5580510765444573
2.5858279391430417
2.4508257945180882
1.7924812503605778
2.3342564252133498
2.495602923729013
2.353533948577482
2.353533948577482
2.4508257945180882
1.789929075309999
2.695461844238322
2.6535442970305683
1.971747257128181
2.5032583347756456
2.2221915755066783
2.004886164091843
2.2841591278514217
2.4677648376739314
2.208408714297722
2.038666749565152
2.221251836004466
2.4305946180235423
2.004886164091843
2.2221915755066783
2.2221915755066783
2.004886164091843
2.491548519879063
2.4996981431844145
2.2584598927441624
2.542482693809728
2.457717469130148
2.3686261817380037
2.2058011089873357
2.2841591278514217
2.2221915755066783
2.2841591278514217
2.406666316740689
2.732914563979398
1.896240625180289
2.474601752714581
2.457717469130148
2.5917932260774954
2.422579761842491
2.125814583693911
2.3458519893382603
2.253987314189745
2.335742741807198
2.488403899223372
2.5445263410253123
2.054585169337799
2.2221915755066783
2.773937173145193
2.5306390622295662
2.4164997849817103
2.4164997849817103
2.23345859334435
2.353533948577482
2.883215692534584
2.523986065961297
2.258459892744163
2.0403733936884962
2.403677461028802
2.4577174691301487
2.2221915755066783
2.0936937531452875
2.4508257945180882
1.7924812503605778
2.535857775918279
2.23345859334435
2.6384600665861555
2.436278124459133
2.3594559773258243
2.004886164091843
2.004886164091843
2.1280852788913944
2.2221915755066783
2.130926080730337
2.460904932167797
2.949310666111629
2.563716987127796
2.0403733936884962
1.8423709931771088
2.298680608917954
2.435051432950962
2.004886164091843
2.074164743022575
2.0403733936884962
2.2841591278514217
2.634252431577193
2.8964844092609003
2.002755067189044
2.4846970025308774
2.606238928653389
2.217021885879718
2.123231428797621
2.2320539909447894
2.4225797618424916
2.3685477764837577
2.054585169337799
2.4387439204017474
2.359879028736861
2.2051099000738694
2.436278124459133
2.004886164091843
2.2221915755066783
2.4508257945180882
2.0403733936884962
2.2810361125534233
2.221251836004466
1.971747257128181
2.396782221599798
2.1633347891038204
2.692380602454975
2.0048861640918427
2.6535442970305683
2.054585169337799
2.0403733936884962
2.054585169337799
2.4508257945180882
2.521782221599798
2.744842531753244
2.744842531753244
1.872216118439616
2.292481250360578
2.221251836004466
1.8585552118703144
2.224601752714581
2.2221915755066783
2.4508257945180882
2.004886164091843
2.287783719941071
2.5306390622295662
2.606238928653389
2.4996981431844145
2.4508257945180882
2.2841591278514217
1.971747257128181
2.2920717524577876
2.4915485198790632
2.2841591278514217
2.4366054343178827
2.822181958642873
2.004886164091843
2.4508257945180882
2.7806390622295662
2.022579761842491
1.8799649487271108
2.2221915755066783
2.2221915755066783
2.2221915755066783
2.710070621397605
2.3458519893382603
1.971747257128181
2.221251836004466
2.0403733936884962
2.072905595320056
2.413088436425757
2.471260403279013
2.2221915755066783
2.2803946541231945
2.6535442970305683
1.789929075309999
2.4164997849817103
2.1190850469784714
2.2841591278514217
1.896240625180289
0.9490667574308281
2.4229928635144806
0.9684402793496425
2.2049658653491644
1.4003335295143302
2.1788155182176503
1.1908123127183852
2.221251836004466
2.4508257945180882
2.3220847276178658
2.4137160683816017
2.533369020804085
2.469670487371862
2.5559130951758244
2.557506262627725
2.2390183299752544
2.221251836004466
2.277812861653712
2.5219280948873624
2.5885486665715347
2.5580510765444573
2.2062389286533897
2.4508257945180882
2.004886164091843
2.563267550573828
2.287783719941071
2.2877837199410704
2.004886164091843
2.1280852788913944
2.4613201402110083
2.472905595320056
2.016875695766564
2.2221915755066783
2.4137995646056805
2.855953642864355
2.277613436819115
2.125814583693911
1.9877733714879842
2.2221915755066783
2.633731420642133
2.4225797618424916
2.236834033333005
2.41379956460568
2.744842531753244
2.739572261986723
2.727217001462482
2.4961268547517808
2.4137995646056796
2.4813785236762205
2.493572053336086
2.0403733936884962
2.638275306271506
2.125814583693911
2.744842531753244
2.2221915755066783
2.945249011792689
2.3925827555909707
2.420992277710075
2.592415283249794
2.5102688395040085
2.2221915755066783
2.295461844238322
2.10713502717107
2.004886164091843
2.7659573209491746
2.062683189255492
2.6556390622295662
2.1339375660949167
2.73345859334435
2.4834585933443494
2.392277173072062
2.4508257945180882
2.2221915755066783
1.8230679822736608
2.115172902016979
2.614369445886757
2.2584598927441624
2.0989295636909353
2.0403733936884962
2.436278124459133
2.774397470347699
2.3400654775877836
2.2221915755066783
2.350209029099897
2.188112247101248
2.645054798865899
2.353533948577482
2.0820278084767216
2.25
2.1174924611847548
2.4508257945180882
2.7806390622295662
2.2221915755066783
2.004886164091843
2.2221915755066783
2.2221915755066783
2.396782221599798
2.353533948577482
2.4996981431844145
2.287783719941071
2.2221915755066783
1.823067982273661
2.0741647430225756
2.1464657985040723
2.2221915755066783
2.349601752714581
2.217021885879718
2.2841591278514217
2.295461844238322
2.5785519909913264
2.0403733936884962
2.054784824233058
2.4237949406953985
2.4416298737872246
2.495461844238322
2.582059910580257
2.5424826938097276
2.523986065961297
2.2221915755066783
2.0232652239327344
2.474601752714581
1.8423709931771088
2.353533948577482
2.2062389286533897
2.390863696857044
1.789929075309999
1.7247069203554657
2.1416195253341384
2.835237745312118
2.2806390622295662
2.4508257945180882
2.3458519893382603
2.474601752714581
2.4071453756241565
2.1550287377419615
2.3432578733442675
2.6337314206421327
2.353533948577482
2.396782221599798
2.4225797618424916
2.360964047443681
2.448603730213371
2.2892464285091583
2.4331958387289765
2.049452072789394
2.2221915755066783
2.2221915755066783
2.615093520281345
2.004886164091843
2.349601752714581
2.3134597501718237
2.4508257945180882
2.954986855772667
2.4508257945180882
1.9508257945180885
2.263809173883546
2.4137995646056805
1.789929075309999
2.8011278747225874
2.1556390622295662
2.6601297526332575
2.4137995646056805
2.258279057523255
2.473851389610045
2.5492553971684995
2.5917932260774954
2.357837824971465
1.971747257128181
2.3464393446710154
2.9398290174664026
2.510631485224168
2.948909922585206
1.9954618442383218
2.270942421748537
2.6535442970305683
1.823067982273661
2.6124616809092998
1.9508257945180885
2.2221915755066783
2.1124876891689532
2.3415733668733196
2.3232196723355076
2.0634582986483037
2.4305946180235423
2.442839615220408
2.396782221599798
2.134909020535037
2.1446315111709855
2.3432578733442675
2.0403733936884962
2.0403733936884962
2.199687794731328
1.7924812503605778
2.473851389610045
2.017989099784711
2.199687794731328
2.2221915755066783
2.004886164091843
2.353533948577482
2.1682328933388106
2.067031495157584
2.418722908066561
2.1999793267164867
2.5617062775743134
2.0979931624271395
2.702904337188607
2.53414684380524
2.685917579505496
2.336953705306273
2.689167594355419
2.3588718484453604
2.8129030794117047
2.054585169337799
2.4137995646056805
2.128085278891394
1.584962500721156
2.6556390622295662
2.677694271103767
2.2856005389623073
2.60845859334435
2.4613201402110083
2.2221915755066783
1.855388542207534
2.217021885879718
1.7841591278514217
2.4137995646056805
2.2806390622295662
2.8768531307993084
2.33012496531497
1.4591479170272448
2.199687794731328
2.2221915755066783
2.197159723424149
2.8152023999804867
2.2954656791802917
2.2221915755066783
2.2841591278514217
1.789929075309999
2.0403733936884962
2.169925001442312
2.0202442071537563
2.004886164091843
2.4014473774842418
2.3810519594886106
2.5498550315128585
1.971747257128181
1.9513332839383102
2.3317663774021273
2.7254805569978675
2.2408572864930365
2.3082708345352603
2.822181958642873
2.396782221599798
2.972253928364927
2.335252713326088
2.392685858608543
2.820007367282759
2.5785519909913264
2.44251723423624
2.2787674031140788
2.5495234595978324
2.499698143184414
2.3071885761626687
2.185672912922302
2.289246428509158
2.406666316740689
2.4164997849817103
2.396240625180289
1.5076609284983589
2.795855909956762
2.6072155484300024
2.646782221599798
2.2221915755066783
2.4834585933443494
2.739572261986723
2.4508257945180882
2.3749589477025563
2.2221915755066783
2.660129752633257
2.48345859334435
1.9591479170272446
2.4056390622295662
2.413088436425757
1.789929075309999
2.2221915755066783
2.460964047443681
2.406666316740689
2.469240782172285
2.4508257945180882
1.789929075309999
2.206238928653389
2.6384600665861555
2.8138461086383852
2.668980145022532
2.54690634141676
2.2221915755066783
2.287783719941071
2.503258334775645
2.3168178546396656
2.130926080730337
2.369696689044702
2.5580510765444573
2.4164997849817103
2.4834585933443494
2.084962500721156
2.8153337792923416
2.217021885879718
2.319973094021975
2.9398290174664026
2.462349565017769
2.004886164091843
2.949082295352821
2.732914563979398
2.460904932167797
1.971747257128181
2.8973683589017414
2.803124697561906
2.5498550315128585
1.823067982273661
1.9182958340544893
1.8553885422075338
2.4508257945180882
2.2221915755066783
2.4508257945180882
2.2221915755066783
1.7527152789797047
2.6535442970305683
1.971747257128181
2.1280852788913944
2.0403733936884962
2.665957320949175
2.1416195253341384
2.5495234595978324
2.2221915755066783
2.4613201402110083
2.373735909525858
1.971747257128181
1.983084164143437
2.262692390839622
2.2221915755066783
2.422579761842491
1.823067982273661
2.2221915755066783
2.221251836004466
1.867633890971212
2.2221915755066783
2.6535442970305683
2.6416041678685938
2.6535442970305683
2.5917932260774954
2.2221915755066783
2.258846120761488
2.0403733936884962
2.2221915755066783
2.128085278891394
2.521782221599798
2.8138461086383852
1.8423709931771084
2.2221915755066783
2.416964165467583
2.2221915755066783
2.923132236461304
2.206238928653389
2.535857775918279
2.4225797618424916
2.036452797660028
1.954685946946356
2.502258412694598
2.335028785821963
1.959190423419946
2.4137995646056805
2.1174924611847548
2.448145764522964
2.0048861640918427
2.1920058354921066
3.0696769360836003
2.1054105870684143
2.3920788329783202
2.1920058354921066
3.159075649362857
2.459743925416031
2.3157646651603634
2.1464657985040723
2.3232196723355076
2.077819531114783
2.5995812306460646
2.495602923729013
1.9591479170272446
2.0403733936884962
2.054585169337799
2.521782221599798
2.2221915755066783
2.2221915755066783
1.9591479170272446
2.125814583693911
2.4508257945180882
2.521782221599798
2.2585728843419157
2.2221915755066783
2.353533948577482
2.125814583693911
2.075869296697727
2.314979820516481
1.9254106352407239
2.4508257945180882
2.2856005389623073
2.074164743022575
2.2920717524577867
2.9437545839367454
2.0670314951575843
2.0524212838293647
1.8352377453121174
2.4508257945180882
2.3720946377956236
2.5917932260774954
2.614369445886757
2.466247897312731
2.2221915755066783
2.004886164091843
2.0403733936884962
2.2221915755066783
2.221251836004466
2.298058159633796
2.2125038423722683
2.8522201988149343
2.702940087321047
2.48345859334435
2.3921472236645345
2.822181958642873
2.133937566094917
2.1920058354921066
2.4996981431844145
2.3134597501718237
2.054585169337799
2.646782221599798
2.339513641785163
2.443225924503559
2.4996981431844145
2.692380602454975
2.004886164091843
2.6084585933443494
2.0403733936884962
2.249389675512395
2.4508257945180882
2.5559130951758244
2.7806390622295662
2.1174924611847548
2.5785519909913264
2.2200683022340693
2.322756958897399
2.1920058354921066
2.523986065961297
2.217021885879718
2.2221915755066783
2.0588138903312014
2.224601752714581
2.0231369558688854
2.499698143184414
2.2221915755066783
2.5383238875566922
2.5341468438052397
2.2221915755066783
2.2221915755066783
2.349601752714581
2.258572884341916
2.5504241080832215
2.406666316740689
2.3523479118118216
2.4331958387289765
2.5724312513221195
2.7010115182719727
1.75
2.4996981431844145
1.5566567074628228
2.5954618442383217
2.7600281198052974
2.390319531114783
2.146782221599798
2.1280852788913944
2.2221915755066783
2.463944517051849
2.0403733936884962
2.2841591278514217
2.457446810984085
2.5426831892554915
2.473072414373093
2.01809878625526
2.634602696255584
2.2221915755066783
2.969983336034408
2.9673074093304908
2.0590391046748544
2.556656707462823
2.6556390622295662
2.4164997849817103
2.2221915755066783
2.1174924611847548
2.5306390622295662
2.33012496531497
2.418722908066561
2.7329145639793984
2.6411209338130157
1.896240625180289
2.35274578087187
2.7777768114567865
3.1898980954642875
2.5492553971685
2.2841591278514217
2.0403733936884962
2.7032433566073992
2.270942421748537
2.049452072789394
2.2841591278514217
2.125814583693911
2.2221915755066783
2.004886164091843
2.3220847276178658
2.049452072789394
2.2530870303143713
1.9852281360342512
2.2221915755066783
2.4227110054616063
2.0922718656836103
2.292481250360578
2.358656654516756
2.53414684380524
2.495602923729013
2.0403733936884962
2.2221915755066783
2.499698143184414
2.463458298648303
2.1179631753145163
2.022579761842491
2.5577174691301483
2.004886164091843
2.119973094021975
2.5785519909913264
2.5868878409958143
2.0403733936884962
2.0948567835487384
2.1864823836654392
2.5879957655587487
1.867633890971212
2.017470456978114
2.2221915755066783
2.0634582986483037
2.4973206585968413
2.0156566374774174
2.3935474965388988
2.4466166676282084
2.469240782172285
2.0331516391539957
2.603081335982126
2.387064678658425
2.2221915755066783
2.2221915755066783
2.2841591278514217
2.2221915755066783
2.676737030052132
1.971747257128181
2.0403733936884962
2.2221915755066783
2.421185496588554
2.127986806877675
2.7806390622295662
2.3627402784989338
2.224601752714581
2.0405591930788307
2.117492461184755
2.045841640885174
2.1920058354921066
2.0403733936884962
2.292481250360578
2.646782221599798
2.499698143184414
2.2221915755066783
2.4508257945180882
2.038159681645953
2.499698143184414
2.2221915755066783
2.2221915755066783
2.4508257945180882
2.289246428509158
1.971747257128181
2.2841591278514217
2.4416298737872246
2.5785519909913264
2.2841591278514217
3.03111107814847
2.1234786725698864
2.5341468438052397
1.971747257128181
2.199687794731328
1.971747257128181
2.2221915755066783
1.896240625180289
2.2841591278514217
2.004886164091843
2.1556390622295662
2.2841591278514217
2.521782221599798
2.146465798504072
2.2751703547731936
2.2065442182128785
2.2221915755066783
2.394955850989639
2.217021885879718
2.614369445886757
2.33012496531497
2.0403733936884962
2.53414684380524
2.2515213567833774
2.004886164091843
2.3253314601288055
2.353533948577482
2.4508257945180882
2.417156314358455
2.556656707462823
2.0403733936884962
2.1416195253341384
2.4514443196269493
2.4305946180235427
2.5061505355780467
2.4508257945180882
2.33012496531497
2.146782221599798
1.9591479170272446
2.2841591278514217
2.3458519893382603
2.2221915755066783
2.2390183299752544
2.287783719941071
2.2841591278514217
2.5811708859769067
2.21577067413792
2.121695605773197
2.503258334775645
2.2221915755066783
2.5306390622295662
2.3491917709150387
2.4225797618424916
2.6084585933443494
2.744842531753244
2.0985864121084328
2.594906618243939
2.004886164091843
2.1055872616982603
2.278351811711312
2.2109736165067546
2.224601752714581
2.7806390622295662
2.555913095175825
1.9508257945180885
2.3227569588973984
2.345851989338261
2.0874628412503395
2.3458519893382603
2.217021885879718
2.125814583693911
2.556656707462823
2.0403733936884962
2.2393308322365355
2.111095787753339
1.8801799226757383
2.4609049321677965
2.499698143184414
2.713269689515108
2.2390183299752544
2.25
1.971747257128181
2.7298591051220464
2.495602923729013
2.4164997849817107
2.3655962303576015
2.5724312513221195
2.2200683022340693
2.117492461184755
2.2125038423722683
2.5492553971685
2.473851389610045
2.2221915755066783
2.4996981431844145
2.499698143184414
2.278351811711312
1.9852281360342514
2.2221915755066783
2.422579761842491
1.950212064914747
1.9742773602859045
1.7722060470924141
2.1920058354921066
2.4075362050579714
2.217021885879718
2.389758003492557
2.4852694328112364
2.5239860659612976
2.2693948246652953
1.971747257128181
2.1556390622295662
2.345851989338261
2.958906120164902
2.1054105870684143
2.5868878409958143
2.262879631232199
2.6292492238560343
2.084962500721156
2.10845859334435
2.251629167387823
2.917493410517661
2.225610814520738
2.6556390622295662
2.472905595320056
2.125814583693911
2.6535442970305683
2.1339375660949167
2.4996981431844145
2.2221915755066783
2.460904932167797
2.2479275134435857
2.0545851693377997
1.965596230357602
2.2221915755066783
2.2221915755066783
2.2684727516311214
2.004886164091843
2.1812056673346514
2.125814583693911
2.278351811711312
2.2256051990169436
2.287783719941071
2.224601752714581
2.197159723424149
2.3432578733442675
2.668980145022532
1.9182958340544896
2.353533948577482
2.3432578733442675
2.23345859334435
2.702904337188607
1.971747257128181
2.2221915755066783
2.2841591278514217
2.4508257945180882
2.4508257945180882
2.270942421748537
2.4225797618424916
2.2221915755066783
2.2221915755066783
2.4137995646056805
1.823067982273661
2.2841591278514217
2.374556048381884
2.606238928653389
2.3003980873087992
2.2221915755066783
1.8919954870390203
2.2684727516311214
2.1739731346044096
2.146782221599798
2.1179631753145163
2.4137995646056805
2.9923071536068937
2.345851989338261
2.2221915755066783
2.359879028736861
2.2221915755066783
2.2221915755066783
2.389925827319211
2.047559408491024
2.2569089895583545
2.3232196723355076
2.584962500721156
2.4040097573248596
2.438986575756772
2.161666470700147
2.2783518117113117
2.2221915755066783
2.0989295636909353
1.789929075309999
2.263809173883546
2.278351811711312
2.142535464561681
2.2221915755066783
1.867633890971212
2.3489879890775276
2.0670314951575843
2.35845859334435
2.2221915755066783
1.9644264763856563
2.6535442970305683
2.2878662772365086
2.881627857767425
2.2221915755066783
1.907032599959388
3.2044517125077503
2.2221915755066783
1.840974563987546
1.5651975163128553
2.2221915755066783
2.067130688335406
2.5226203095310216
2.4508257945180882
1.867633890971212
2.3921472236645345
2.469670487371862
1.971747257128181
2.1556390622295662
2.1854882033164316
2.4404040177209283
2.2221915755066783
2.2221915755066783
2.3458245182996054
2.3458519893382603
2.9340802746697383
2.1925950047598812
2.390863696857044
2.217021885879718
2.2479275134435857
2.004886164091843
1.7938465643975632
2.3823743017571752
1.9986525468781666
2.692380602454975
2.744842531753244
2.4294945204514447
2.0164581178201835
2.2577174691301485
1.905365095365451
1.971747257128181
1.789929075309999
1.8671763223140145
1.904400987672192
2.064042639445697
2.1712806674453202
2.1416195253341384
1.9182958340544896
2.315824333525708
2.2892464285091583
2.4996981431844145
2.493283939219346
2.2221915755066783
2.2601376341526818
2.175000185970089
2.605516191543203
2.7926330569476145
2.8203005396976937
2.5068015007850155
2.6556390622295662
2.004886164091843
2.125814583693911
2.556656707462823
2.350209029099897
1.823067982273661
2.6605489797821047
2.4043473322310227
1.789929075309999
2.472905595320056
2.2221915755066783
2.6259283915072893
2.2109736165067546
1.9182958340544893
2.271782221599798
2.406666316740689
2.498077546623641
1.562688039303908
2.2221915755066783
2.9490822953528215
2.606238928653389
2.396782221599798
2.2479275134435857
2.2856005389623073
2.460964047443681
2.1812056673346514
2.6384600665861555
2.2221915755066783
2.606438746863307
1.9334686267186125
2.224601752714581
2.1086949695628423
2.4508257945180882
2.472905595320056
2.591793226077496
2.148834854280917
2.8659573209491747
1.789929075309999
2.959147917027245
2.521782221599798
2.8473185598427593
2.503258334775645
2.7395722619867224
2.396782221599798
2.343257873344267
2.224601752714581
2.0403733936884962
2.5550365325772657
2.3577174691301486
2.10845859334435
2.5098596164895413
1.9877733714879842
1.8003542260229628
1.7273966735744792
1.8195778082868406
2.0403733936884962
2.810446901403826
2.2221915755066783
2.287783719941071
2.2698157169987727
2.1578703526020977
1.9415262191912377
2.2186885704510972
1.9862949406953985
1.55361041021762
2.0403733936884962
2.0403733936884962
2.2841591278514217
2.004886164091843
2.146465798504072
2.732914563979398
2.2221915755066783
2.2841591278514217
2.004886164091843
2.2841591278514217
2.004886164091843
2.146465798504072
2.0403733936884962
2.2221915755066783
2.2221915755066783
2.004886164091843
2.2221915755066783
2.0948567835487384
2.4508257945180882
2.2221915755066783
2.2062389286533897
2.5306390622295662
2.3268288591657593
2.075869296697727
2.2221915755066783
2.1008499678160453
2.037752242713508
2.522393525513311
2.7813172094432983
2.676737030052132
1.840357364631484
2.2096909728231857
2.4609049321677965
2.2221915755066783
1.744326196059977
2.303119464326695
2.6378038185067956
2.702940087321047
1.9546097612655668
2.495602923729013
2.411509198419911
2.556656707462823
2.855953642864355
1.971747257128181
2.2841837197791888
2.3158243335257076
2.60845859334435
2.2841591278514217
2.5073801024236357
2.317869208880387
2.221251836004466
2.263809173883546
2.4056390622295662
2.3446958733715437
2.2841591278514217
2.522620309531022
2.2221915755066783
2.221251836004466
2.983342099382735
2.5558437684823567
2.30827083453526
1.9182958340544896
2.2806390622295662
2.953679780354504
2.4508257945180882
2.2221915755066783
1.9942994759573032
2.6084585933443494
1.8673495049094666
2.235955308587266
2.113717686544155
2.244474529855453
2.463458298648303
2.3068905956085186
2.5341468438052397
1.9591479170272446
2.271782221599798
2.263809173883546
2.521782221599798
2.2312702546075753
2.2221915755066783
2.2221915755066783
2.6535442970305683
2.1280852788913944
2.2221915755066783
2.462349565017769
2.2221915755066783
2.125814583693911
2.4056390622295662
1.789929075309999
2.4613201402110083
2.4613201402110083
2.2221915755066783
2.054585169337799
1.9877733714879842
2.2221915755066783
2.4508257945180882
2.2221915755066783
2.2221915755066783
2.353533948577482
2.4662478973127313
2.8104469014038256
2.499698143184414
2.4508257945180882
2.984234164652489
2.5341468438052397
2.217021885879718
2.835237745312118
2.406666316740689
1.867633890971212
2.2221915755066783
2.2221915755066783
1.971747257128181
2.2221915755066783
1.8423709931771088
2.0844350719354887
2.2841591278514217
2.2841591278514217
2.459468047793828
2.3799546121958626
2.0
2.2149798205164815
2.542482693809728
2.4508257945180882
2.345851989338261
2.345851989338261
2.556656707462823
2.2221915755066783
2.6535442970305683
2.2221915755066783
2.3458519893382603
2.2221915755066783
2.2221915755066783
2.4115091984199104
1.9877733714879842
2.2221915755066783
2.217021885879718
2.1416195253341384
2.270942421748537
2.199687794731328
2.4137995646056805
2.5785519909913264
1.8423709931771084
2.542482693809728
2.418722908066561
2.6556390622295662
2.4508257945180882
2.6416041678685938
2.5954618442383217
1.561278124459133
1.584962500721156
2.128085278891394
2.692380602454975
2.524397470347699
2.693001165172471
1.9822367178034823
2.2221915755066783
1.7924812503605778
1.965596230357602
2.3332062193464953
2.279799131837405
2.395461844238322
2.0403733936884962
1.9508257945180885
2.224655916513223
2.3265331345025517
2.406666316740689
2.5210464599278857
2.411509198419911
2.0317374334224665
2.199687794731328
2.556656707462823
2.4508257945180882
2.258279057523255
2.350209029099897
2.495461844238322
1.9852281360342516
2.317950827656989
1.790337776968543
2.7951612287100147
2.542482693809728
2.4508257945180882
2.4192099659200146
1.789929075309999
2.3384526422363647
2.341787631388142
2.341787631388142
2.341787631388142
2.325377033515023
2.341787631388142
2.341787631388142
2.341787631388142
2.325377033515023
2.3456972696391323
2.341787631388142
2.341787631388142
2.341787631388142
2.341787631388142
2.341787631388142
2.341787631388142
2.341787631388142
2.341787631388142
2.341787631388142
2.724021216523415
2.217021885879718
2.436278124459133
2.0670314951575843
2.139097655573916
2.6535442970305683
2.646782221599798
2.262362377388257
2.0850551027564763
2.3694320362548176
2.606238928653389
2.1887870678023824
2.278351811711312
2.063202513215852
2.614369445886757
2.2221915755066783
2.205109900073869
2.6790795706241743
2.0403733936884962
2.3395722619867225
2.349601752714581
2.0805005306402675
2.4508257945180882
2.125814583693911
2.054585169337799
2.221251836004466
2.287783719941071
2.2221915755066783
2.523986065961297
2.4232196723355077
1.867633890971212
2.3921472236645345
2.2221915755066783
2.125814583693911
1.971747257128181
2.2221915755066783
2.054585169337799
2.128085278891394
2.4996981431844145
2.125814583693911
1.7924812503605778
2.287783719941071
2.271782221599798
2.260820318171659
2.867492461184755
2.0588138903312014
2.4996981431844145
2.396782221599798
2.0403733936884962
2.314979820516481
2.1577174691301484
1.971747257128181
2.3577174691301486
2.4577174691301487
2.469670487371862
2.4569885365913753
2.1920058354921066
2.5778254431156897
2.2221915755066783
2.6572682296173893
2.7742433029172693
2.2221915755066783
2.4508257945180882
2.054585169337799
2.2221915755066783
2.406666316740689
2.1416195253341384
2.004886164091843
2.004886164091843
1.971747257128181
2.0131324651707385
2.0403733936884962
2.2841591278514217
2.313599086949941
2.2877837199410704
2.4416298737872246
2.2877837199410704
2.4416298737872246
2.199687794731328
2.3720946377956236
2.457143057077997
2.2221915755066783
1.867633890971212
2.457717469130148
2.4729055953200563
2.499698143184414
2.345647148874768
1.823067982273661
2.2221915755066783
2.1280852788913944
2.485693612430772
2.125814583693911
3.0382947905356077
2.4123408693899817
2.0403733936884962
2.450081003858021
2.2221915755066783
2.569469562643799
2.84931830388009
2.038159681645953
2.372283493685206
2.3843641434371503
2.359879028736861
2.1339375660949167
1.5451725270170193
2.199687794731328
2.3935474965388983
1.8432749588466413
2.3695710038552735
2.196957186327418
2.2221915755066783
2.6199707109276353
2.422775066261337
2.2221915755066783
2.142683189255492
2.6800365325772657
2.1339375660949167
2.3577174691301486
2.4996981431844145
2.7679241326185737
2.499698143184414
2.503258334775645
2.591793226077496
2.231947046318629
2.676275555209598
2.4056390622295662
2.4137995646056805
2.4896556703586477
2.6199707109276353
2.352303795493077
1.8383685150260662
2.4508257945180882
2.2892464285091583
2.8443760604792505
2.0985864121084328
2.094000160564932
2.322756958897399
2.52473261568954
2.8650496777656036
2.646782221599798
2.35274578087187
2.2841591278514217
2.582553499887157
2.6825887305018328
2.2221915755066783
2.016875695766564
2.2221915755066783
2.5580510765444573
2.3221793455166666
2.4508257945180882
2.0403733936884962
2.345851989338261
2.4137995646056796
2.0403733936884962
2.005977711423774
1.7884504573082893
1.9508257945180887
2.595461844238322
1.896240625180289
2.004886164091843
2.353533948577482
2.3643742626604918
2.221251836004466
2.2892464285091583
2.8118441013102036
2.2221915755066783
2.1744017806188216
2.556656707462823
2.3158243335257076
2.0403733936884962
2.5550365325772657
2.4276942711037672
2.1577174691301484
2.6337314206421327
2.366079445682285
2.0403733936884962
2.054585169337799
2.2221915755066783
1.584962500721156
2.071886186912067
2.0403733936884962
2.5566567074628237
2.353533948577482
2.2221915755066783
2.4137995646056805
2.2389205950315936
1.971747257128181
2.004886164091843
2.128085278891394
2.2221915755066783
2.422579761842491
1.4591479170272448
2.1270656308933718
2.4365703397565666
2.2810361125534233
2.65887184844536
2.472905595320056
2.5995812306460646
2.270942421748537
2.2221915755066783
2.199687794731328
2.2841591278514217
2.4137995646056805
2.353533948577482
2.5341468438052397
1.896240625180289
2.3342564252133498
1.811278124459133
2.52473261568954
2.049452072789394
2.23345859334435
2.077819531114783
2.744842531753244
1.9473387961875537
2.0201866968442483
2.029526332323075
2.3594559773258243
2.5515148708628836
2.2841591278514217
2.52473261568954
2.2186885704510972
2.0588138903312014
1.971747257128181
1.8423709931771084
2.5492553971684995
2.2806390622295662
2.498077546623641
1.7924812503605778
2.3120355478209196
2.1556390622295662
2.2221915755066783
2.2221915755066783
2.287783719941071
2.390863696857044
2.390863696857044
2.614369445886757
2.6084585933443494
1.9393538721672008
2.2221915755066783
2.270942421748537
2.0403733936884962
2.499698143184414
2.4416298737872246
2.2221915755066783
2.004886164091843
2.353533948577482
2.0403733936884962
2.4508257945180882
2.69701481125244
2.495602923729013
2.60845859334435
1.867633890971212
2.4729055953200563
2.2221915755066783
2.260820318171659
2.4137995646056805
2.004886164091843
2.2841591278514217
2.2221915755066783
2.2841591278514217
2.548290735612969
1.9852281360342512
2.2221915755066783
2.4508257945180882
2.422579761842491
2.287783719941071
2.360964047443681
2.199687794731328
2.2221915755066783
2.5785519909913264
2.4508257945180882
2.702904337188607
2.495602923729013
2.422579761842491
2.499698143184414
2.5495234595978316
2.2221915755066783
2.4137995646056805
2.3220847276178658
2.472905595320056
2.5785519909913264
2.2221915755066783
1.965596230357602
2.217021885879718
2.2841591278514217
2.1416195253341384
2.4508257945180882
2.319240704636849
2.614369445886757
2.353533948577482
2.4508257945180882
2.317520750262211
2.353533948577482
2.1174924611847548
1.971747257128181
2.2841591278514217
2.0403733936884962
2.8520606254114793
2.9976751198055647
1.823067982273661
2.418722908066561
2.199687794731328
2.0403733936884962
2.0
2.5341468438052397
2.2221915755066783
2.209081405722681
2.270942421748537
2.0403733936884962
2.6535442970305683
2.33012496531497
2.399397470347699
2.100368517082762
2.424835634986198
2.495602923729013
2.221251836004466
2.1054105870684143
2.1314076078546704
2.2684727516311214
2.460605779953793
2.1198589435539925
2.3244637930989365
2.1279868068776753
2.225605199016944
2.33012496531497
2.606238928653389
2.4137995646056796
2.9500637564362098
2.5954618442383217
2.6337314206421327
1.789929075309999
2.345668317122538
2.6084585933443494
1.971843607749547
2.390863696857044
2.835237745312118
3.0926785126796834
2.4137995646056805
2.345851989338261
2.499698143184414
2.345851989338261
1.8423709931771084
2.1887870678023824
2.2841591278514217
1.867633890971212
2.2221915755066783
2.4225797618424916
2.1904610379903224
2.4404040177209283
1.9877733714879842
1.7295739585136223
2.53414684380524
2.3221793455166666
2.4002120540416105
2.3823743017571752
2.062629225141435
2.6384600665861555
2.2221915755066783
2.1179631753145163
2.4613201402110083
1.9852281360342514
2.695461844238322
2.159752933103787
2.503258334775645
2.4508257945180882
2.2221915755066783
2.2221915755066783
2.1209520310264027
2.4508257945180882
2.1280852788913944
2.353533948577482
2.495602923729013
2.049452072789394
2.8435576923134156
2.2221915755066783
2.1280852788913944
1.7924812503605778
2.2221915755066783
2.2221915755066783
2.4137995646056805
2.287783719941071
2.591793226077496
2.5498550315128585
1.823067982273661
2.5341468438052397
2.2221915755066783
2.4508257945180882
2.4508257945180882
2.2841591278514217
2.004886164091843
2.6556390622295662
2.349601752714581
2.35274578087187
2.1559130951758245
2.295461844238322
2.2221915755066783
2.629249223856034
2.521782221599798
2.495602923729013
2.682588730501833
2.556656707462823
2.049452072789394
1.823067982273661
1.789929075309999
2.591793226077496
2.319973094021975
1.9687715090302111
2.145136370153053
2.004886164091843
2.004886164091843
2.474601752714581
2.013911156578927
2.217021885879718
2.199687794731328
2.287101752714581
2.4613201402110083
2.4508257945180882
1.971747257128181
1.7841591278514217
2.045826499391892
2.4508257945180882
2.4056390622295662
1.789929075309999
2.1379185026711327
2.022579761842491
2.702904337188607
1.636171401529804
2.1522643224060873
2.353190671338322
2.5566567074628237
2.3507720234032266
2.688721875540867
1.8062389286533895
2.4956029237290123
2.563381148551199
2.396782221599798
2.0403733936884962
2.2841591278514217
1.9290929654978
2.396782221599798
2.359879028736861
2.125814583693911
3.01506101220307
2.3485047370034438
2.2221915755066783
2.4305946180235427
2.133937566094917
2.606238928653389
2.084962500721156
2.6469854578513536
2.4508257945180882
2.0458416408851736
1.9182958340544896
2.054585169337799
2.054585169337799
2.0403733936884962
1.8423709931771088
2.2983094013008034
2.4613201402110083
2.692380602454975
2.60845859334435
2.289246428509158
2.5910029073801066
2.73345859334435
2.25
1.823067982273661
1.971747257128181
2.0989295636909353
2.251629167387823
2.359879028736861
2.499698143184414
2.0403733936884962
1.4591479170272448
2.054585169337799
2.0403733936884962
2.1920058354921066
2.3564648567476554
2.2221915755066783
2.473851389610045
2.457554798865899
2.0588138903312014
2.744842531753244
2.1633347891038204
2.353533948577482
2.2221915755066783
2.199687794731328
2.1947244218642794
2.169925001442312
1.8799649487271108
2.556656707462823
2.4806821149663847
2.8934392782353022
2.3721536719371175
2.5546220472748313
2.196957186327418
2.5516291207271875
2.09753172579849
2.148834854280917
2.321928094887362
2.2221915755066783
2.212503842372268
1.971747257128181
2.353533948577482
1.8919954870390203
2.045841640885174
2.473330378674984
2.378991986900062
2.0403733936884962
2.406666316740689
1.789929075309999
2.259799223400567
2.2841591278514217
2.5247326156895395
2.287783719941071
2.0403733936884962
2.2221915755066783
2.33012496531497
2.251629167387823
2.2221915755066783
2.359879028736861
2.0989295636909353
2.2221915755066783
2.476796752685521
2.074164743022575
2.130926080730337
2.6054148882206736
2.9573512744375847
2.3609640474436815
2.53414684380524
2.3221793455166666
2.2256051990169436
2.2221915755066783
2.809816327319319
2.610502897797827
1.4488156357251847
2.2877837199410704
2.451510777487775
2.0403733936884962
2.2841591278514217
2.2584598927441624
2.0634582986483037
2.353533948577482
2.4577174691301487
2.555913095175825
2.5341468438052397
2.4508257945180882
2.2221915755066783
1.789929075309999
2.1800365325772657
2.2684727516311214
2.270942421748537
2.353533948577482
2.287783719941071
2.499698143184414
2.302683189255492
2.038159681645953
1.971747257128181
2.2221915755066783
2.4508257945180882
2.4225797618424916
2.4508257945180882
2.217021885879718
2.0403733936884962
2.3253314601288055
2.4056390622295662
2.3627402784989338
2.2109736165067546
2.331766377402127
2.5424826938097276
2.549523459597832
2.1149798205164814
2.221251836004466
2.0403733936884962
2.7632416684294934
1.7633855334040258
2.3232196723355076
2.5724312513221195
2.6411209338130157
2.605091054934494
2.239097917988786
2.458453829233059
2.649397470347699
2.0670314951575843
2.1735572622751858
2.4772170014624826
2.2221915755066783
2.4508257945180882
2.2877837199410704
2.358938532350277
1.896240625180289
2.614369445886757
2.2221915755066783
2.353533948577482
1.7924812503605778
2.353533948577482
2.199687794731328
2.2877837199410704
2.651793902628769
2.1280852788913944
2.339572261986723
2.0403733936884962
2.606238928653389
2.477217001462482
2.0717350271381694
2.744842531753244
2.223477924127897
2.145487583907182
2.485377026511629
2.6292492238560348
2.1027930388928713
2.1464657985040723
2.2702745773492143
2.5581573285181993
2.41379956460568
2.5515148708628836
1.9473387961875537
3.0790795706241743
2.5577174691301483
2.2841591278514217
2.4137995646056805
2.692380602454975
2.4613201402110083
2.2221915755066783
3.043773347888327
2.584303179346712
2.498929563690935
2.3789919869000626
2.4613201402110083
1.8262452584026092
2.3841837197791884
2.2806390622295662
2.614369445886757
2.0597218324096134
2.221251836004466
2.2221915755066783
2.7035593239513567
1.971747257128181
2.396782221599798
2.004886164091843
1.8250112108241772
2.7218169366612877
2.6909421293617277
2.443731127282448
2.4508257945180882
2.582059910580257
1.971747257128181
2.53414684380524
2.1684656711105887
2.651793902628769
2.2221915755066783
2.523986065961297
1.9591479170272446
2.289246428509158
2.384640699428294
2.312907291846956
2.53414684380524
1.8225157480673992
2.0403733936884962
2.270942421748537
2.0403733936884962
2.2221915755066783
2.0403733936884962
2.60623892865339
2.2399351903050047
2.2221915755066783
2.6337314206421327
2.6531071683628116
2.054585169337799
2.5495234595978316
2.2841591278514217
2.406666316740689
2.3232196723355076
2.196957186327418
2.4428621651554665
2.224601752714581
1.8101628616506569
2.1266478520947847
2.744071855637056
2.354817976948422
2.5839259400536587
2.407346219323055
2.199687794731328
2.3758145836939115
2.923074189428569
2.030160412708029
2.163209593736385
2.1405197640969034
2.216521698179525
1.9746017527145812
2.1508676764873833
2.251629167387823
2.0403733936884962
2.2221915755066783
2.35274578087187
2.2221915755066783
2.4225797618424916
2.2221915755066783
2.2221915755066783
2.2221915755066783
1.867633890971212
2.33012496531497
2.3458519893382603
2.5680843243447153
2.5073801024236357
2.058501818103031
2.145136370153053
2.516871946654526
1.971747257128181
2.3931510628633106
2.0403733936884962
2.2988252450030506
2.271782221599798
1.9508257945180885
2.0403733936884962
2.2062389286533897
2.2221915755066783
2.366079445682285
1.7841591278514217
2.2221915755066783
1.823067982273661
2.171849043010841
2.271782221599798
2.2136200920254216
2.6395239902382492
1.9591479170272446
2.0403733936884962
2.6535442970305683
2.224601752714581
2.792842586224291
2.4852281360342516
2.004886164091843
2.8547775425780446
2.396782221599798
2.4202776983278502
2.803024169807546
2.004886164091843
2.6689801450225326
2.273411192621123
2.0202442071537563
2.2343783242001254
1.7924812503605778
2.5927884271375383
1.867633890971212
2.606238928653389
2.197159723424149
2.2221915755066783
2.0805576533947314
2.2368340333330043
2.173772337633312
2.5559130951758244
2.359879028736861
2.169925001442312
2.2221915755066783
2.4416298737872246
2.28394962600104
2.2616157143988103
2.004886164091843
2.4416298737872246
2.106048095418327
2.6245186549588984
2.474601752714581
1.760495029766198
2.7949314585437
2.5865217796426037
1.927451224964519
1.7736606896881857
2.606238928653389
2.731657261353535
2.365892690865937
2.1866100632158965
2.692380602454975
2.4996981431844145
2.5495234595978324
2.2221915755066783
2.2221915755066783
2.488785591776994
3.019495069059053
2.3535339485774815
2.6957792254203135
2.004886164091843
2.4294945204514447
1.9992184835974094
2.418722908066561
2.345851989338261
2.038159681645953
2.395461844238322
2.4404040177209283
1.9858736285640903
1.789929075309999
2.2221915755066783
2.4996981431844145
2.2221915755066783
2.2221915755066783
2.4137995646056805
2.2221915755066783
2.684017280829845
2.6337314206421327
2.054585169337799
2.5073801024236357
2.503258334775645
2.4634582986483036
2.217021885879718
2.125814583693911
2.2221915755066783
2.4225797618424916
1.7709505944546688
2.3652395387218386
2.199687794731328
2.7395722619867224
2.292481250360578
2.556656707462823
2.4508257945180882
2.463458298648303
2.199687794731328
2.4508257945180882
2.210394605706552
2.3921472236645345
2.4834585933443494
2.1774212838293647
1.971747257128181
2.2904619233779213
1.9591479170272446
2.5917932260774954
2.563381148551199
2.4364823836654392
2.004886164091843
1.8250112108241772
2.225610814520738
2.37084935513953
2.2221915755066783
2.4115091984199104
2.0403733936884962
2.2221915755066783
2.4137995646056796
2.2877837199410704
2.359879028736861
2.2221915755066783
2.287783719941071
2.390863696857044
1.93012496531497
2.4508257945180882
2.221251836004466
2.2841591278514217
1.9609640474436814
2.2221915755066783
1.6445117911155196
2.621928094887362
2.0985864121084328
2.4387439204017474
2.692380602454975
2.614164262105116
2.091255317667755
2.6756981353679867
2.2221915755066783
2.2221915755066783
2.2221915755066783
2.366079445682285
2.606238928653389
1.789929075309999
2.3432578733442675
2.004886164091843
2.4508257945180882
2.4331958387289765
2.353533948577482
2.125814583693911
2.5917932260774954
2.2221915755066783
2.1920058354921066
2.0989295636909353
2.702904337188607
2.2988252450030506
2.0113650418263793
1.971747257128181
2.4508257945180882
2.2221915755066783
2.221251836004466
2.4225797618424916
2.4508257945180882
2.499698143184414
2.0
1.971747257128181
2.5785519909913264
2.1113953398698984
2.395461844238322
2.4364823836654392
2.4954618442383216
2.521782221599798
2.084962500721156
2.4609049321677965
2.4137995646056805
2.224601752714581
2.5629435852251627
2.216771332054647
2.038159681645953
1.9211854965885542
2.2221915755066783
2.1577174691301484
2.473851389610045
2.2877837199410704
2.5226203095310216
2.049452072789394
1.971747257128181
2.33012496531497
2.463458298648303
2.2221915755066783
2.4842551447947985
2.815922063835166
1.7841591278514217
2.5661589922200188
2.217021885879718
2.4996981431844145
2.217021885879718
2.349601752714581
2.521782221599798
2.4508257945180882
2.1920058354921066
2.0758692966977272
2.0758692966977272
2.692380602454975
2.6830741894285692
2.5341591278514217
2.501100906467888
2.1763326455514886
2.2043791550168934
2.1837548319239213
2.2695146389482317
2.30827083453526
2.262362377388257
2.406666316740689
2.463458298648303
2.556656707462823
1.9609640474436814
2.5773270128028267
2.4613201402110083
1.9211854965885544
2.1684656711105887
2.2464393446710154
2.263809173883546
2.3485170424089046
2.4387439204017474
2.660129752633257
2.5306390622295662
2.4164997849817103
1.960410636697349
2.523986065961297
2.4731099793092906
2.2856005389623073
2.3232196723355076
1.7550118241789237
2.580848474651075
2.2221915755066783
2.066013392210248
2.136766001132126
2.2983094013008034
2.4577174691301487
2.221251836004466
1.6610629690783265
2.0588138903312014
2.1280852788913944
3.0964533397786824
2.2408694091464003
3.2498303037863647
2.389758003492557
2.474060156295072
2.4634582986483036
2.218437210664321
1.9764892117991657
2.35274578087187
2.527495543791609
2.4650760318621074
2.2221915755066783
2.4164997849817103
2.323231428797621
2.642449635989725
2.4806821149663847
2.247084753917085
1.747167197306934
2.2988527261581813
2.2221915755066783
2.054585169337799
1.789929075309999
1.6693200756191326
1.949526332323075
2.5582975702780195
2.9708481723005096
2.4400575993900966
2.1936764447854777
2.785982450130751
2.2221915755066783
2.294693951646702
1.7334834339268832
2.6556390622295662
2.16002529084447
2.317977780938761
2.2841591278514217
2.432262897024269
1.971747257128181
2.2221915755066783
2.2221915755066783
2.1556390622295662
2.6986885704510972
2.107265878498778
2.395461844238322
2.224601752714581
2.774397470347699
2.6062389286533896
2.1920058354921066
2.368626181738004
2.4331536461849583
2.1149798205164814
1.9746017527145814
2.550371620034569
1.8879185026711327
2.2841591278514217
2.0403733936884962
2.199687794731328
2.808454330929234
1.896240625180289
2.2856005389623073
2.0403733936884962
2.1179631753145163
2.4577174691301487
2.646782221599798
2.074164743022575
1.8423709931771084
2.2221915755066783
2.3577174691301486
2.353533948577482
1.669611666608267
2.263809173883546
2.986762964036329
2.2399351903050047
2.696199049814856
2.2596741249814585
2.515996674587014
2.075869296697727
1.971747257128181
2.263809173883546
3.2163713444412116
2.5810134015775863
2.5580510765444573
2.563716987127796
2.2221915755066783
2.2221915755066783
2.0545851693377997
2.495602923729013
2.7563339893038283
2.606238928653389
2.5322287189138013
2.7395722619867224
2.311278124459133
2.1014926742142794
2.3232196723355076
2.862501602243501
1.7924812503605778
2.498929563690935
2.06856698973753
2.107963755697208
2.0403733936884962
2.4576543451233084
2.1920058354921066
2.5358577759182794
2.2442010297655233
2.3857000186160167
2.517201802582726
2.063202513215852
2.5637169871277954
2.353810979580011
2.0116298903693024
2.4613201402110083
2.771373830212464
2.272499455586694
2.2109736165067546
2.6375375112660517
2.2221915755066783
2.349601752714581
1.9669171866886992
1.825605199016944
2.3232196723355076
2.7777768114567865
2.2221915755066783
2.251614471810182
3.2483870688475736
1.9015064025015063
2.4232768438992367
2.350209029099897
2.7806390622295662
1.983084164143437
2.9502120649147474
2.225610814520738
2.224601752714581
1.6348224724072002
2.703657317237825
2.1842612638641032
2.502705481927944
2.1810685558135674
2.5860388152612774
2.5239860659612976
2.521782221599798
2.7806390622295662
2.7004010174191384
2.125814583693911
2.271915851719594
2.5559130951758244
1.9508257945180885
2.484996098730652
2.004886164091843
2.2221915755066783
2.314629243740075
2.221251836004466
2.166457281989699
2.3134597501718237
2.049452072789394
2.357950351071174
2.217021885879718
2.629249223856034
2.054585169337799
1.823067982273661
2.0465346038859447
2.582059910580257
2.0271036266528566
2.406666316740689
1.823067982273661
2.495602923729013
2.4010583224943756
2.366079445682285
2.349601752714581
2.4137995646056805
2.4137995646056805
2.359879028736861
2.6601297526332575
1.8339272176418302
2.2856005389623073
2.0403733936884962
2.1464657985040723
1.9877733714879842
2.3627402784989338
2.0403733936884962
2.6556390622295662
2.2221915755066783
2.499698143184414
1.823067982273661
2.125814583693911
2.4387439204017474
2.0825518169307426
2.1416195253341384
2.1466071145755334
2.4416298737872246
2.815410725242699
1.9296010728023192
1.971747257128181
2.472905595320056
2.6084585933443494
2.196957186327418
2.254447578972094
2.2892464285091583
2.473851389610045
2.2841591278514217
2.4508257945180882
2.2221915755066783
2.084962500721156
2.521782221599798
2.0403733936884962
2.2256051990169436
2.7806390622295662
2.583465189601647
2.5967916319816364
2.702904337188607
2.2221915755066783
2.2221915755066783
2.1339375660949167
1.867633890971212
2.422579761842492
2.004886164091843
1.971747257128181
2.614369445886757
1.8423709931771084
2.349601752714581
2.2841591278514217
2.1077566165206125
2.470549740888595
2.2892464285091583
1.8753156176197312
2.374556048381884
2.8725111538380093
1.789526332323075
2.065801643590065
2.556656707462823
2.2221915755066783
2.30827083453526
2.4729055953200563
1.6860675183812424
2.8138461086383852
2.3619890537563726
2.2221915755066783
2.396782221599798
2.591793226077496
2.3931510628633106
2.372094637795624
2.2585728843419157
2.4508257945180882
1.971747257128181
2.2334585933443494
2.331766377402127
2.4729055953200563
2.618199188396396
2.004886164091843
2.2841591278514217
2.710070621397605
2.957939355321115
2.0403733936884962
2.7029043371886066
2.713710641914682
2.522620309531022
2.1737949406953985
2.0294069451656007
1.914341183612352
2.495602923729013
2.2030713060627085
2.217021885879718
2.395461844238322
2.2841591278514217
2.0403733936884962
2.0403733936884962
1.8095480540338138
2.2030713060627085
2.247801461864506
2.221251836004466
2.1532912318904804
2.2221915755066783
2.526030646037604
2.253553208956351
2.125814583693911
1.9591479170272446
2.660129752633257
1.9808259362290785
2.692380602454975
2.004886164091843
2.9051727989753995
2.2841591278514217
2.0121039189772216
2.2856946147259993
2.0972133988213417
2.692380602454975
2.292516042890072
2.5495234595978324
2.509478497832169
2.0545851693377997
2.702904337188607
3.024397470347699
1.936278124459133
1.789929075309999
2.1920058354921066
2.2221915755066783
2.3740850945288394
2.3220847276178658
2.107735252622104
2.1812056673346514
2.4515600948330833
2.1054105870684143
2.222683971767914
2.2221915755066783
1.823067982273661
2.5226203095310216
2.7097289485014824
2.440404017720928
2.012595115586518
2.2221915755066783
1.9473387961875537
2.695461844238322
2.2221915755066783
2.1920058354921066
2.349601752714581
2.2221915755066783
2.2221915755066783
2.116299605701696
2.2109736165067546
2.4996981431844145
2.4387439204017474
2.2877837199410704
1.7924812503605778
2.2221915755066783
2.2221915755066783
2.2221915755066783
2.2221915755066783
2.054585169337799
1.8423709931771084
2.5495234595978316
2.2841591278514217
2.5495234595978316
2.6337314206421327
1.9852281360342514
2.3935474965388988
2.0403733936884962
2.0550365325772657
2.2841591278514217
2.584962500721156
2.2081965922770874
2.661315277401236
2.0230898459737485
1.8021520862180564
2.2275343340059806
2.322756958897399
2.599820620134695
2.125814583693911
2.698214471565325
2.702904337188607
1.867633890971212
1.971747257128181
2.3395722619867225
2.125814583693911
2.5600289361122233
2.406666316740689
2.1556390622295662
2.091917186688699
2.6535442970305683
2.521782221599798
1.9307591054571327
2.2841591278514217
2.85331915465465
2.5979773216579494
1.6899461611103164
2.221251836004466
2.181899057917561
2.2841591278514217
2.5724312513221195
1.7295739585136223
2.5341468438052397
2.049452072789394
2.584962500721156
2.5523483514470264
2.323219672335508
2.139804083610484
2.199687794731328
2.554278958174493
2.4577174691301487
2.1800365325772657
2.2221915755066783
2.0374011976541118
2.647210311338979
1.9508257945180885
2.049452072789394
1.896240625180289
2.4137995646056805
2.2657101447254586
2.6210159375751276
2.522620309531022
1.823067982273661
2.0403733936884962
2.2807876549494517
1.8585552118703144
2.873537028864307
2.2221915755066783
2.4508257945180882
2.2221915755066783
2.1556390622295662
2.65978175471611
2.353533948577482
3.0213904803399845
2.5559130951758244
2.049452072789394
2.2221915755066783
1.7924812503605778
2.0403733936884962
2.353533948577482
2.0550365325772657
1.8879185026711327
2.390863696857044
2.6556390622295662
2.5448704676752634
2.5109768596329824
2.2221915755066783
2.054585169337799
2.0403733936884962
1.971747257128181
2.2877837199410704
2.606238928653389
2.4508257945180882
2.0403733936884962
2.4613201402110083
2.2221915755066783
2.0
2.0805576533947314
2.2081965922770874
1.9508257945180885
2.366428310992824
2.1920058354921066
2.230994305917858
2.2877837199410704
2.5073801024236357
2.4508257945180882
2.7395722619867224
2.6825887305018328
2.175646899398185
2.3068905956085186
2.4482925004500946
2.621928094887362
2.2841591278514217
2.4416298737872246
2.4508257945180882
2.359647262833489
2.1174924611847548
2.2221915755066783
2.0403733936884962
2.4508257945180882
2.292481250360578
2.2841591278514217
2.058813890331201
2.049452072789394
2.2221915755066783
2.9398290174664026
1.789929075309999
2.1280852788913944
2.0403733936884962
2.6556390622295662
2.396782221599798
1.971747257128181
1.971747257128181
1.811278124459133
2.2221915755066783
1.9182958340544896
2.6535442970305683
3.029696439528413
1.971747257128181
2.0306390622295662
2.4729055953200563
2.516150648454355
2.4056390622295662
2.2221915755066783
2.1013152774012362
2.065765216362195
2.4056390622295662
2.287783719941071
2.0403733936884962
1.9508257945180885
2.7045348998193437
2.5724312513221195
2.4577174691301487
2.5995812306460646
2.3962406251802895
2.396782221599798
2.4996981431844145
2.2261207468426805
2.2221915755066783
2.498077546623641
2.2221915755066783
2.2890179898186576
2.2841591278514217
2.311278124459133
2.1354712108742686
2.263809173883546
2.251629167387823
1.9852281360342514
2.319973094021975
2.2221915755066783
2.125814583693911
2.206238928653389
2.692380602454975
2.5863970818788395
2.2312702546075758
2.4800499498724378
2.657742726504889
2.3507720234032266
2.054585169337799
2.0545851693377997
2.2221915755066783
2.1920058354921066
2.2221915755066783
2.2841591278514217
2.3447535340397483
2.1054105870684143
2.125814583693911
1.9508257945180885
2.0403733936884962
2.2627834289765825
2.246439344671016
2.2841591278514217
2.0403733936884962
2.390863696857044
2.0403733936884962
2.33012496531497
2.4508257945180882
2.199687794731328
1.4591479170272448
2.4996981431844145
2.606238928653389
2.072905595320056
2.2221915755066783
2.2221915755066783
2.0403733936884962
2.2221915755066783
2.4508257945180882
2.2841591278514217
2.0225797618424917
1.9182958340544896
2.4508257945180882
2.2841591278514217
2.2806390622295662
2.289246428509158
2.3784265215723064
2.3577174691301486
2.1280852788913944
1.823067982273661
2.199687794731328
2.4508257945180882
2.2877837199410704
2.2221915755066783
2.5495234595978324
1.9359455691847647
2.341446071165522
2.2221915755066783
2.3158243335257076
1.8919954870390203
2.353533948577482
2.2221915755066783
2.349601752714581
2.556656707462823
1.8423709931771084
1.8423709931771084
2.2841591278514217
2.2221915755066783
2.7334585933443494
2.6689801450225326
1.823067982273661
2.1054105870684143
2.3584585933443494
2.59357570591279
2.3267721485152837
2.221251836004466
2.3700049257666045
1.9526120842987116
2.374556048381884
1.825605199016944
2.0403733936884962
2.049452072789394
2.499698143184414
2.4508257945180882
1.8585552118703144
2.4416298737872246
1.971747257128181
2.2221915755066783
1.971747257128181
2.3275252697088873
2.2585728843419157
1.971747257128181
2.419372148594611
2.501629167387823
2.1149798205164814
1.8879185026711327
2.2877837199410704
2.004886164091843
2.0403733936884962
2.292481250360578
2.008694969562842
2.103909910282364
2.463458298648303
2.2841591278514217
2.1903711612984442
2.4609049321677965
2.1920058354921066
2.738845281576061
2.365596230357602
2.2841591278514217
2.125814583693911
2.4071453756241565
2.378991986900062
2.4751060324573735
2.524397470347699
2.1812056673346514
2.422579761842491
2.4056390622295662
1.971747257128181
2.3531906713383224
2.0274893113295236
2.388821046158132
2.495602923729013
1.823067982273661
2.1280852788913944
2.499698143184414
2.5566567074628237
2.5566567074628237
2.465604474455161
2.292481250360578
2.4584538292330587
2.4328173151210217
2.0403733936884962
3.077405811425517
2.8316804827325788
2.1117374334224666
2.1774212838293647
2.224601752714581
2.4816841198433215
2.0403733936884962
2.0403733936884962
2.2221915755066783
2.0588138903312014
2.2221915755066783
1.9877733714879842
2.199687794731328
1.9236186235519661
2.156198332810095
2.440404017720928
2.054585169337799
2.4494320362548176
1.9043059695771913
1.8423709931771084
2.428526483833926
1.9008634271278526
1.8215238709764772
1.8702182306657544
2.2203904247045223
2.0670314951575843
2.0403733936884962
2.35274578087187
2.196791631981637
2.221251836004466
2.339572261986723
2.125814583693911
1.8423709931771084
2.2221915755066783
2.2221915755066783
2.331164445867128
2.279799131837405
2.6556390622295662
1.9369250380438436
2.6535442970305683
2.9594676755771396
2.436278124459133
1.9464393446710153
2.2221915755066783
2.523986065961297
2.0513617891875495
3.0474305991243598
2.2841591278514217
2.2221915755066783
2.270942421748537
2.5521796970665487
2.2183641295938012
2.3317663774021273
2.7181288207064673
2.310785739118704
2.488785591776994
2.5341468438052397
2.4508257945180882
2.2221915755066783
2.221251836004466
2.2916246995606806
2.2221915755066783
2.0202442071537563
2.578551990991326
2.2221915755066783
2.260820318171659
2.1066031370644747
2.220429781138912
2.1711395066729176
2.119090606048094
2.906666316740689
2.2810361125534233
2.4996981431844145
2.460904932167797
2.628822582379903
2.599581230646064
2.485101853454421
2.054585169337799
2.2221915755066783
2.820898501329615
2.777776811456787
2.0403733936884962
2.199687794731328
2.7742433029172693
2.4508257945180882
2.4569885365913757
3.024397470347699
2.279799131837405
2.2221915755066783
2.756361839912931
2.2221915755066783
2.054585169337799
2.1824562508413488
2.3355055565170972
1.971747257128181
2.340065477587783
2.48345859334435
1.9508257945180885
2.287783719941071
1.6644977792004614
1.517400992179952
1.6300599002609797
2.0403733936884962
2.058813890331201
2.499698143184414
2.4508257945180882
2.054585169337799
2.4613201402110088
1.867633890971212
2.1887870678023824
2.5785519909913264
2.2221915755066783
2.0403733936884962
2.2221915755066783
2.0403733936884962
2.473851389610045
2.5073801024236357
2.0403733936884962
1.6191975775819911
2.3232196723355076
2.225610814520738
2.4662478973127313
2.3308442812140955
2.866247897312731
2.353533948577482
2.353533948577482
2.353533948577482
2.353533948577482
2.3522170014624826
2.147348781633051
2.2221915755066783
2.3395722619867225
2.3458519893382603
2.554121501675483
2.2877837199410704
2.2221915755066783
1.9508257945180885
2.523986065961297
2.2841591278514217
2.495602923729013
2.185542933847563
2.2221915755066783
2.353533948577482
2.395461844238322
2.2221915755066783
2.331164445867128
2.5994839817876882
2.4356371288264103
2.696199049814856
2.148834854280917
2.199687794731328
1.9609640474436814
2.245838938745422
2.1396306704535024
1.4591479170272448
2.3342564252133498
2.0609640474436812
2.0403733936884962
2.60282393416961
2.4164997849817107
2.495461844238322
2.395461844238322
2.174583503614888
2.327892846383611
2.1967916319816365
2.343257873344267
1.9526832779469112
2.199687794731328
2.1114856185797763
2.0545851693377997
1.9106973241674985
2.224601752714581
1.4591479170272448
1.4373770511116046
2.221251836004466
1.8593183569559026
2.262879631232199
2.125814583693911
2.4662478973127313
2.289246428509158
2.0230898459737485
2.556656707462823
2.1632095937363847
2.556656707462823
2.6948705033769476
1.9591479170272446
1.8062389286533895
2.5995812306460646
2.7199643047423905
2.5559130951758244
2.4996981431844145
2.2062389286533897
2.472905595320056
2.004886164091843
2.3720946377956236
2.327632809290636
2.556656707462823
1.789929075309999
2.422579761842491
2.125814583693911
2.4410685859554375
2.5495234595978324
2.881102465747664
2.074164743022575
2.196957186327418
2.3908636968570445
1.971747257128181
2.146465798504072
2.117492461184755
2.5032583347756456
2.460904932167797
2.4729055953200563
1.867633890971212
2.2221915755066783
2.2350331890260717
2.660129752633257
2.1464657985040723
2.125814583693911
2.5785519909913264
2.2841591278514217
2.4508257945180882
2.2892464285091583
2.3458519893382603
2.2221915755066783
2.054585169337799
2.2221915755066783
2.606238928653389
2.9346939516467017
2.2877837199410704
2.4416298737872246
2.2221915755066783
2.7676461209612233
2.1774212838293647
2.5724312513221195
2.345851989338261
2.117492461184755
2.2221915755066783
2.5223939303299114
2.0545851693377997
2.0626563480372715
2.278351811711312
2.217021885879718
2.436278124459133
2.5495234595978324
2.0403733936884962
2.2221915755066783
2.1280852788913944
2.2890179898186576
2.2221915755066783
2.535857775918279
2.8780920448906833
1.948810610453812
2.4934560197204454
2.0741647430225756
2.1140054628542204
2.1920058354921066
2.696199049814856
2.5287498600955356
2.1273877651912745
2.4806821149663847
2.552841670172532
2.221251836004466
2.8328411346723805
2.2787875981356107
2.451830660390755
2.524397470347699
2.3458519893382603
2.263809173883546
2.161541933335928
2.5495234595978324
2.1179631753145163
2.015183155365317
2.0403733936884962
2.503258334775645
2.614369445886757
2.2221915755066783
2.0403733936884962
2.125814583693911
2.6535442970305683
2.4613201402110083
2.084962500721156
1.9182958340544896
2.2221915755066783
2.7216227854342443
2.5032583347756456
2.398758193268612
2.466247897312731
2.829612918869692
2.1499481955839452
2.146146483360874
2.881765239494723
2.125814583693911
2.433779216286998
1.971747257128181
2.359879028736861
2.0545851693377997
2.0178015074140134
2.1209520310264036
2.5996659733039564
2.591793226077496
2.521782221599798
2.0461796919474975
2.2892464285091583
2.075869296697727
2.295461844238322
2.2221915755066783
2.2221915755066783
2.406666316740689
2.054585169337799
2.8674924611847556
2.0403733936884962
2.347312051491349
2.206238928653389
2.7254805569978675
2.2221915755066783
1.789929075309999
2.074164743022575
2.0403733936884962
2.0403733936884962
2.1766352793034835
2.0403733936884962
2.4005653724348206
2.260820318171659
1.780672129520887
2.117492461184755
2.349601752714581
2.054585169337799
2.702904337188607
1.8585552118703144
1.789929075309999
2.4806821149663847
2.260820318171659
2.2841591278514217
2.2221915755066783
2.049452072789394
2.2892464285091583
2.0403733936884962
2.0403733936884962
2.48940485619993
2.4508257945180882
1.8329910058923415
2.450032030306378
2.1375375112660517
2.263809173883546
2.2221915755066783
2.4922031072054134
2.2841591278514217
2.521782221599798
2.1280852788913944
2.295461844238322
2.33012496531497
2.4508257945180882
2.1887870678023824
2.4508257945180882
2.125814583693911
2.1812056673346514
2.2221915755066783
2.217021885879718
2.466247897312731
3.1538356247919253
2.556656707462823
2.1280852788913944
1.914341183612352
2.013132465170739
2.5306390622295662
2.4164997849817107
2.374556048381884
2.0403733936884962
2.779417186688699
2.125814583693911
2.556656707462823
2.53414684380524
2.2841591278514217
1.971747257128181
2.396782221599798
2.049452072789394
2.660129752633257
2.497526836200942
2.1864823836654392
2.004886164091843
2.350209029099897
2.4404040177209283
2.004886164091843
2.1920058354921066
2.2841591278514217
2.4410685859554375
2.054585169337799
2.004886164091843
2.822181958642873
2.369432036254818
2.2221915755066783
2.2221915755066783
2.125814583693911
1.896240625180289
2.0403733936884962
2.049452072789394
2.436278124459133
2.2221915755066783
2.298852726158181
2.521782221599798
2.696199049814856
2.119032466561751
2.2221915755066783
2.148834854280917
2.1280852788913944
2.004886164091843
2.4056390622295662
2.499698143184414
2.1920058354921066
2.436278124459133
2.1416195253341384
2.4954618442383216
2.4416298737872246
2.2221915755066783
2.2892464285091583
2.359879028736861
2.0403733936884962
1.971747257128181
2.287783719941071
2.495602923729013
2.2877837199410704
2.2221915755066783
2.2221915755066783
2.4387439204017474
2.2221915755066783
2.2221915755066783
2.374556048381884
2.472905595320056
2.199687794731328
2.3227569588973984
2.2221915755066783
2.2577174691301485
1.8676338909712125
2.271782221599798
2.5580510765444573
2.3520301017579524
2.2841591278514217
3.1452863864418465
1.9830841641434374
1.957939355321115
1.9508257945180885
2.004886164091843
1.867633890971212
2.039353872167201
2.2485731395538666
2.3432578733442675
2.1280852788913944
2.221251836004466
2.4996981431844145
2.5743757455217997
2.054585169337799
1.7527152789797047
2.138710136047179
2.23345859334435
2.4137995646056805
2.369696689044702
2.1464657985040723
2.498929563690935
2.535373088480421
2.474601752714581
2.5073801024236357
2.1339375660949167
2.004886164091843
2.4508257945180882
1.971747257128181
2.2221915755066783
2.4416298737872246
2.2221915755066783
2.744842531753244
2.33012496531497
2.2221915755066783
2.2841591278514217
2.2221915755066783
2.2221915755066783
2.5785519909913264
1.971747257128181
2.35274578087187
2.2221915755066783
2.517201802582726
2.196791631981637
2.1638028414491157
2.899552003735627
1.7368553428576992
2.4384111060975
2.480746633947586
3.0909552943544476
2.3432578733442675
2.2183641295938012
1.9939615444316199
2.3897580034925574
2.35274578087187
2.2841591278514217
2.440404017720928
2.263809173883546
2.331766377402127
2.199687794731328
2.4508257945180882
2.522620309531022
2.6556533473933315
2.4508257945180882
1.9877733714879842
2.199687794731328
2.5341468438052397
1.7924812503605778
2.049452072789394
1.8423709931771084
2.049452072789394
1.9182958340544896
2.2221915755066783
2.148834854280917
2.0403733936884962
2.422579761842491
2.0403733936884962
2.4996981431844145
2.049452072789394
2.5724312513221195
2.2221915755066783
2.0403733936884962
2.2096909728231857
2.1416195253341384
2.463458298648303
1.9591479170272446
2.263809173883546
2.2221915755066783
2.472905595320056
1.8423709931771084
2.556656707462823
2.0403733936884962
2.2221915755066783
2.2841591278514217
2.2221915755066783
2.2485731395538666
2.4996981431844145
1.971747257128181
2.0
2.0403733936884962
2.2221915755066783
2.457717469130148
2.2221915755066783
2.4225797618424916
2.1280852788913944
2.4225797618424916
2.2841591278514217
2.2221915755066783
1.9508257945180885
2.2221915755066783
2.058813890331201
2.396782221599798
2.2221915755066783
2.551514870862884
1.8423709931771084
2.6143694458867563
2.4115091984199104
1.9182958340544893
2.345851989338261
2.353533948577482
2.5341468438052397
2.2221915755066783
1.75
2.556656707462823
2.2221915755066783
2.3050365325772657
2.2221915755066783
2.199687794731328
2.6535442970305683
2.422579761842491
2.4508257945180882
2.2389205950315936
2.004886164091843
2.0403733936884962
1.971747257128181
2.2841591278514217
2.2221915755066783
2.4996981431844145
2.4996981431844145
2.038159681645953
2.353533948577482
2.542482693809728
2.021614871911295
2.148834854280917
2.2221915755066783
2.217021885879718
2.4137995646056805
2.460904932167797
2.217021885879718
2.1320392684108826
2.9049773608600864
1.7295739585136223
2.146782221599798
2.147348781633051
2.0225797618424917
2.117492461184755
1.8399896928167359
2.0403733936884962
2.133937566094917
2.0403733936884962
2.2810361125534233
2.0403733936884962
2.2221915755066783
2.221251836004466
2.4956029237290123
2.1499481955839457
2.221251836004466
2.1700333844140456
2.199687794731328
1.7658152744184517
2.3465569960522226
3.1940274510176887
1.8616157143988106
2.0979931624271395
2.390863696857044
2.4416298737872246
2.2221915755066783
1.8585552118703144
2.0670314951575843
2.221251836004466
1.7841591278514217
2.436278124459133
2.535857775918279
2.2464393446710154
2.0403733936884962
2.127986806877675
2.1981731101716204
1.914341183612352
2.669372148594611
2.4225828726891723
2.217021885879718
2.086991887397295
2.744842531753244
2.35274578087187
2.369571003855273
2.1800365325772657
2.5785519909913264
2.0930692077718898
1.8423709931771086
2.853670009256342
2.2221915755066783
2.422579761842491
2.569258485661211
2.1607047528877827
2.0403733936884962
2.2221915755066783
2.2841591278514217
2.556656707462823
2.4546939516467017
1.789929075309999
2.1280852788913944
2.6592333333824114
2.2943242603516207
1.9508257945180885
1.823067982273661
2.040598169525482
2.0303947882310203
2.339572261986723
2.5724312513221195
2.5272925846689
2.4996981431844145
2.696199049814856
2.0989295636909353
2.4508257945180882
2.2221915755066783
1.8423709931771088
2.604476500082334
2.8165565243683157
2.4164997849817107
2.440404017720928
2.4508257945180882
2.2221915755066783
2.0349409139562287
1.971747257128181
2.4508257945180882
2.155968102145908
2.291624699560681
2.682588730501833
2.221251836004466
2.212503842372268
2.4137995646056796
2.2221915755066783
2.592032646929384
2.5116975500832193
2.2221915755066783
2.128085278891394
2.3531906713383224
1.811278124459133
2.2221915755066783
2.084962500721156
2.4350849518197792
2.004886164091843
2.739572261986723
2.4331958387289765
2.125814583693911
2.2221915755066783
2.2841591278514217
2.224394445405986
1.9746650621167305
2.033515747578792
2.865274538879992
2.7385528535787333
2.5342436128428614
2.260820318171659
2.4344177962431743
2.263809173883546
2.6536361234964514
2.3395722619867225
2.4996981431844145
2.4508257945180882
2.472905595320056
2.2221915755066783
2.3220847276178658
2.808271305459604
2.0403733936884962
2.591793226077496
1.971747257128181
2.1179631753145163
2.295461844238322
2.0131324651707385
2.179236536168279
2.4996981431844145
1.823067982273661
2.221251836004466
1.7924812503605778
2.2221915755066783
2.4137995646056805
2.606238928653389
2.353533948577482
2.359879028736861
2.4164997849817103
2.4508257945180882
2.4584538292330587
2.524397470347699
2.4508257945180882
2.1280852788913944
2.0403733936884962
2.294127106260297
2.4996981431844145
2.2841591278514217
2.744842531753244
2.004886164091843
2.125814583693911
2.584962500721156
2.5580510765444573
2.499698143184414
2.5032583347756456
1.8810947601100745
2.3199730940219747
2.727217001462482
2.401703263618631
2.4508257945180882
2.535857775918279
2.2221915755066783
2.542481250360578
2.2221915755066783
2.1556390622295662
2.692380602454975
2.3134597501718237
2.144003129116049
2.075869296697727
1.9301559669598642
2.2221915755066783
2.129432036254818
2.7395722619867224
2.1812056673346514
2.5638663395075443
2.0805576533947314
2.054585169337799
1.891814579615081
2.60845859334435
2.629249223856034
2.624377276252604
2.7210871546359408
2.3158243335257076
2.3220847276178658
2.21577067413792
1.797874227471618
2.47834596772504
2.1037016960573482
2.3627402784989338
2.289246428509158
2.422579761842491
1.8016366412706075
2.004886164091843
2.257606878811597
2.660129752633257
2.0550365325772657
1.823067982273661
2.1974259457901617
2.3432578733442675
2.2841591278514217
2.0458416408851736
2.4508257945180882
2.053795721482115
2.696199049814856
2.353810979580011
2.3134597501718237
2.7476625394073455
2.7855546320988784
2.2464393446710154
2.0280916850766384
2.2877837199410704
2.531697858366955
2.148834854280917
2.5341468438052397
1.9961286344485734
2.395461844238322
2.7072820642823463
2.2221915755066783
1.7152558992251075
2.681499713498964
2.2841591278514217
2.063202513215852
2.2221915755066783
2.1981203125901447
2.365596230357602
2.2081965922770874
2.378991986900062
2.2221915755066783
2.491457185365824
2.459147917027245
2.4416298737872246
2.327632809290636
1.956926006051864
1.971747257128181
1.9992184835974094
2.456690040534
2.606238928653389
2.5341468438052397
2.870785079819882
1.9797726780043492
1.971747257128181
1.855388542207534
2.270942421748537
2.4729055953200563
2.165498735494544
2.473851389610045
2.396782221599798
2.3395722619867225
2.110787049592114
2.4662478973127313
2.340662439139976
2.039353872167201
2.601382162091293
1.7684094039032856
1.7924812503605778
1.9182958340544896
2.0403733936884962
2.5495234595978324
2.4208300944355474
2.396782221599798
2.5197896412022325
2.287783719941071
1.971747257128181
2.221251836004466
2.33012496531497
2.2221915755066783
2.273728829005326
2.0403733936884962
2.2221915755066783
2.4118497325438626
2.5480290317418883
2.0545851693377997
2.3050365325772657
2.2221915755066783
2.434599677805567
2.1800365325772657
2.0403733936884962
2.606238928653389
2.2221915755066783
2.422579761842491
2.6556390622295662
2.221251836004466
2.2221915755066783
2.5341468438052397
1.9772354454083079
2.6337314206421327
2.33012496531497
2.004886164091843
2.2221915755066783
2.0948567835487384
2.5247326156895395
2.653837503157629
2.0439056265887316
2.0403733936884962
2.3004241080832215
2.696199049814856
2.696276918558496
2.4729055953200563
2.2221915755066783
2.0403733936884962
2.2221915755066783
1.896240625180289
1.823067982273661
2.660129752633257
2.350209029099897
2.5492553971684995
2.0048861640918427
2.2062389286533897
2.6750849518197795
2.2221915755066783
2.287783719941071
2.1920058354921066
2.495461844238322
2.2221915755066783
2.2841591278514217
2.606238928653389
2.224601752714581
2.358938532350277
2.2841591278514217
2.5306390622295662
2.117492461184755
2.682588730501833
2.7045348998193437
1.971747257128181
2.48345859334435
1.9746017527145812
1.9852281360342516
2.0202442071537563
2.2221915755066783
2.125814583693911
2.460964047443681
2.2221915755066783
2.004886164091843
2.005977711423774
2.054585169337799
2.556656707462823
2.5580510765444573
2.372094637795624
2.1967916319816365
2.128085278891394
2.236676010026864
2.3598063039211
2.2585728843419157
2.270942421748537
1.75
2.463458298648303
2.0403733936884962
3.01342268702814
2.2221915755066783
2.22942160806891
2.503258334775645
2.1406064599010723
2.856812674489896
2.6900233167057457
1.857196782358761
2.4996981431844145
2.4535829573099166
1.7201755527081781
2.846860172429708
2.396310424640968
2.5370235817779903
2.369432036254818
2.9994996115311405
3.218614226877644
2.353533948577482
2.591793226077496
2.4164997849817103
2.1464657985040723
2.472905595320056
2.4503310747774347
1.9877733714879842
2.4137995646056805
2.3068905956085186
2.6050141975901675
2.6201119644709263
2.049452072789394
2.349601752714581
2.692642106762642
2.692380602454975
2.054585169337799
2.4922031072054134
2.004886164091843
2.353533948577482
1.971747257128181
2.221251836004466
2.5728786893420312
2.535857775918279
1.7884504573082893
2.054585169337799
1.9903166968736792
2.2221915755066783
2.5120548905574305
1.789929075309999
1.823067982273661
2.4956029237290123
2.316607236652586
2.324848729602135
2.2221915755066783
2.038159681645953
2.4508257945180882
2.4225797618424916
2.2221915755066783
2.1774212838293647
2.2914551618771033
1.811278124459133
2.2221915755066783
1.7841591278514217
2.0403733936884962
2.4305946180235427
2.692380602454975
2.422579761842491
2.495602923729013
2.2221915755066783
2.2221915755066783
2.1324373408045867
2.7850417294646848
2.3808269522460908
2.6179781404530442
2.199687794731328
2.33012496531497
2.0403733936884962
2.692380602454975
2.004886164091843
2.521782221599798
2.2221915755066783
2.0403733936884962
2.0
2.0954618442383217
2.004886164091843
1.823067982273661
2.5566567074628237
2.499698143184414
2.049452072789394
2.1174924611847548
1.8423709931771084
2.4577174691301487
2.199687794731328
2.5495234595978316
2.217021885879718
2.4996981431844145
1.971747257128181
2.2856005389623073
2.192698832315065
2.3283862904278743
2.3107968326307065
2.2221915755066783
2.221251836004466
1.781937063546704
2.063202513215852
2.646985457851354
2.2221915755066783
2.495602923729013
2.225605199016944
2.2899302637210743
2.4760641950504696
2.822181958642873
2.2221915755066783
2.287783719941071
2.2751703547731936
2.2796799838037867
2.73345859334435
1.7924812503605778
2.270942421748537
2.396782221599798
2.125814583693911
2.2877837199410704
2.2221915755066783
2.4613201402110083
2.460999335488438
2.839215333504909
2.0491040074712537
2.1878785072265203
2.0550365325772657
2.33012496531497
2.4508257945180882
1.787740962003875
2.4508257945180882
2.350209029099897
2.350209029099897
2.350209029099897
2.350209029099897
2.350209029099897
2.350209029099897
2.350209029099897
2.350209029099897
2.350209029099897
2.350209029099897
2.350209029099897
2.350209029099897
2.5032583347756456
2.350209029099897
2.350209029099897
2.350209029099897
2.350209029099897
2.33012496531497
2.6653217324741894
2.556656707462823
2.1416195253341384
2.721235280380875
2.1054105870684143
2.4416298737872246
2.3695710038552735
2.2221915755066783
2.4075362050579714
2.82939749777204
2.6601297526332575
2.2221915755066783
2.054585169337799
2.6384600665861555
2.6384600665861555
2.2877837199410704
1.93012496531497
2.0741647430225756
2.2841591278514217
2.887210311338979
2.3220847276178658
2.199687794731328
2.3232196723355076
2.2841591278514217
2.577819531114783
2.595461844238322
2.499698143184414
2.2221915755066783
2.004886164091843
2.004886164091843
2.692380602454975
2.3306131281348943
2.190371161298444
2.007856063692049
2.4771135680704925
2.0403733936884962
2.1607047528877827
2.2221915755066783
2.3426332216485357
2.02933310565933
2.2221915755066783
2.4849960987306523
2.422579761842491
2.202819531114783
2.375
2.2841591278514217
2.2878662772365086
2.287783719941071
1.9508257945180885
2.460964047443681
2.52473261568954
2.2221915755066783
2.4294945204514447
2.565884199801881
2.5495234595978316
2.2221915755066783
2.054585169337799
2.4508257945180882
2.0419460322060456
2.1767669742887406
2.4508257945180882
2.1280852788913944
2.720478504451812
2.359879028736861
2.2221915755066783
2.004886164091843
2.148834854280917
2.217021885879718
2.2877837199410704
2.2221915755066783
2.2806390622295662
2.2841591278514217
1.584962500721156
2.2841591278514217
2.4508257945180882
2.2221915755066783
2.2066403424280545
2.2505502592599465
2.287783719941071
2.2221915755066783
2.0403733936884962
2.049452072789394
2.0403733936884962
2.0057714709606542
2.6535442970305683
2.054585169337799
2.2841591278514217
2.11121658843249
2.217021885879718
2.7398366889572943
2.224601752714581
2.0671306883354066
2.2890179898186576
1.9591479170272446
2.1609640474436813
2.2221915755066783
2.4508257945180882
2.6535442970305683
2.8152023999804863
2.2122028491557013
2.2221915755066783
2.251614471810182
2.049452072789394
2.1464393446710153
2.2221915755066783
2.221251836004466
2.4508257945180882
1.9508257945180885
2.5032583347756456
2.6689801450225326
2.2841591278514217
2.157851252927636
2.004886164091843
2.521782221599798
2.582059910580257
1.971747257128181
2.4416298737872246
2.422579761842491
2.0654513993116463
2.353533948577482
2.0774623279270545
2.3199730940219747
2.516842883951617
2.0225797618424917
2.4508257945180882
2.054585169337799
2.499698143184414
2.449593431714737
2.2221915755066783
2.521782221599798
2.6535442970305683
2.424835634986198
2.4961268547517808
2.0403733936884962
2.072905595320056
2.522620309531022
2.2221915755066783
2.698658469860205
2.3221793455166666
2.4056390622295662
2.2877837199410704
1.789929075309999
2.612152473802108
2.4137995646056805
2.418722908066561
2.4055359917792947
2.217021885879718
2.177694271103767
2.60845859334435
2.2880192802796895
2.260820318171659
2.6535442970305683
2.320802083934297
2.463458298648303
2.125814583693911
2.0403733936884962
2.199687794731328
2.6986604604011153
1.789929075309999
2.4225797618424916
2.2684727516311214
2.4137995646056805
2.221251836004466
1.789929075309999
2.591793226077496
2.359879028736861
2.349601752714581
2.0349409139562287
2.2221915755066783
2.6556390622295662
2.2221915755066783
2.2221915755066783
2.2221915755066783
2.004886164091843
2.427694271103767
3.239894777716588
2.163890986728065
1.7924812503605778
2.349601752714581
2.1711395066729176
1.7924812503605778
2.692380602454975
1.9211796919474975
2.440404017720928
2.4613201402110083
2.0703403030854326
1.8230264907128848
2.1563548967005404
3.2586155039743376
2.5563494173982826
2.463458298648303
2.077819531114783
2.289246428509158
3.12778076821826
2.2221915755066783
2.7045348998193437
1.867633890971212
2.0487949406953985
2.35845859334435
2.359879028736861
2.5559130951758244
2.0403733936884962
2.396782221599798
2.145136370153053
2.3677441766885825
2.606238928653389
2.2221915755066783
2.2221915755066783
2.2221915755066783
2.2221915755066783
2.499698143184414
1.8975376320162296
2.556054210413333
2.287783719941071
2.2877837199410704
2.8262814028881675
2.4508257945180882
2.5492553971684995
2.3342564252133498
2.263809173883546
2.0403733936884962
2.876853130799308
2.4613201402110083
2.353533948577482
2.5785519909913264
2.6823323262263004
2.5566567074628237
2.133937566094917
2.2877837199410704
2.2221915755066783
2.2075696535050606
2.2988527261581813
2.6384600665861555
2.287783719941071
2.406666316740689
2.6535442970305683
2.054585169337799
1.789929075309999
2.2221915755066783
2.591793226077496
2.4569885365913753
2.2221915755066783
2.696199049814856
2.4225797618424916
2.221251836004466
2.2221915755066783
2.2221915755066783
2.606238928653389
2.007856063692049
2.315824333525708
1.823067982273661
2.3337788869232745
2.128085278891394
2.606238928653389
2.3250289371888595
2.217021885879718
2.606238928653389
2.556656707462823
2.470950594454669
2.2595706249092276
2.292481250360578
2.2221915755066783
2.5262349099495225
2.491114850055185
2.1967916319816365
2.1418215960223486
2.9051727989753995
2.875128417151544
2.0403733936884962
2.350209029099897
2.499698143184414
2.591793226077496
1.9508257945180885
2.2221915755066783
2.4508257945180882
2.7631819447128203
2.1920058354921066
2.343257873344267
2.498077546623641
2.3904555171926773
2.1044077554598513
2.343257873344267
2.2221915755066783
2.814892751951369
2.6556390622295662
2.4508257945180882
2.2221915755066783
2.263809173883546
2.3695710038552735
1.896240625180289
2.0403733936884962
2.0403733936884962
2.4508257945180882
2.2221915755066783
1.971747257128181
2.1800365325772657
2.4508257945180882
2.1280852788913944
2.556656707462823
2.224601752714581
2.225610814520738
2.125814583693911
2.3935474965388988
2.1920058354921066
2.4508257945180882
2.8163075192246447
2.603975726610715
2.4508257945180882
2.2221915755066783
2.2221915755066783
2.2841591278514217
2.4996981431844145
1.9877733714879842
2.0403733936884962
2.292481250360578
2.074164743022575
2.353533948577482
2.021782221599798
2.835237745312118
2.1607047528877827
2.217021885879718
2.125814583693911
2.556656707462823
2.2221915755066783
2.4056390622295662
2.4237949406953985
2.4159220638351666
2.5306390622295662
1.971747257128181
2.2221915755066783
2.0403733936884962
2.1464657985040723
2.161978179679554
2.9398290174664026
1.848493615859669
2.0632025132158516
2.529378922499746
2.2221915755066783
2.2810361125534233
1.9508257945180885
2.013132465170739
2.2221915755066783
2.1690354219421173
2.5
2.2256051990169436
1.9636598029028305
2.1577174691301484
2.3935474965388988
1.8891390629726068
2.555913095175825
2.5073801024236357
2.498929563690935
2.3221793455166666
1.94770277922009
2.072905595320056
2.4996981431844145
2.0
2.4508257945180882
2.4508257945180882
2.5341468438052397
2.2221915755066783
2.2221915755066783
2.199687794731328
2.4137995646056805
2.263809173883546
2.2841591278514217
2.263809173883546
2.221251836004466
2.0403733936884962
2.247084753917085
2.2766190707005447
2.0403733936884962
2.4606057799537933
2.8662478973127308
1.971747257128181
2.4508257945180882
2.2841591278514217
2.4996981431844145
2.606238928653389
2.9230741894285694
2.4416298737872246
2.479259881498171
2.260820318171659
2.395461844238322
2.7017973739903027
1.8728497066526162
2.004886164091843
2.349601752714581
2.699513850319966
2.4416823878601934
2.0
2.606238928653389
2.054585169337799
2.2221915755066783
2.474601752714581
2.393897352596451
2.592330839784164
2.053488940269085
2.322756958897399
2.4225797618424916
2.396782221599798
2.2584598927441624
1.584962500721156
2.359879028736861
2.4954618442383216
1.6285269439207524
2.446046893732455
2.4904869852637823
2.6084585933443494
2.2221915755066783
2.2221915755066783
2.0403733936884962
2.693984337257326
2.692380602454975
2.0403733936884962
2.084962500721156
2.054585169337799
2.2877837199410704
2.422579761842491
2.2841591278514217
2.2841591278514217
2.2221915755066783
2.692380602454975
2.699513850319966
2.2221915755066783
2.2221915755066783
2.287783719941071
2.0461796919474975
2.3210965654244453
1.9392365361682793
2.0403733936884962
2.5609640474436812
2.8686756951778185
2.0403733936884962
1.9508257945180885
2.005977711423774
2.928983702334556
2.2221915755066783
1.9609640474436814
2.2062389286533897
2.1892869761976885
2.4508257945180882
2.523986065961297
1.9199730940219752
2.6583103074785774
2.35845859334435
1.8163401138534077
2.2266547061602973
2.2737288290053255
1.9568714389102795
2.038159681645953
2.5495234595978324
2.5773501411010655
2.8733763474258294
2.3627402784989338
1.9056390622295665
2.3758145836939115
2.218846363733215
2.128085278891394
2.199687794731328
2.4164997849817103
1.9211854965885542
2.2389205950315936
2.556656707462823
2.3921472236645345
2.353533948577482
2.5559130951758244
2.1124876891689537
1.9693894195291561
2.1280852788913944
2.495602923729013
2.4225797618424916
1.8850931455708964
2.049452072789394
2.0998625053956435
2.7395722619867224
2.287783719941071
2.7395722619867224
2.117492461184755
2.054585169337799
2.5306390622295662
2.1280852788913944
2.3232196723355076
2.4508257945180882
2.727217001462482
2.668980145022532
2.350209029099897
2.2221915755066783
2.565957320949175
2.2485731395538666
2.131904586941773
1.924174352300441
2.4352878546415915
2.2856005389623073
2.495602923729013
2.7395722619867224
2.0758692966977272
2.5492553971685
1.811278124459133
1.867633890971212
1.9182958340544896
1.789929075309999
2.696199049814856
2.2221915755066783
2.4996981431844145
2.556656707462823
1.971747257128181
2.2221915755066783
2.815922063835166
2.196957186327418
2.2724994555866935
2.589385260099027
1.8250112108241772
2.039353872167201
1.8423709931771084
2.004886164091843
2.4508257945180882
1.9591479170272446
1.4591479170272448
1.7924812503605778
2.2221915755066783
1.7924812503605778
2.378991986900062
2.499698143184414
2.359879028736861
2.6762400841760656
2.1800365325772657
2.535857775918279
2.4137995646056805
2.372094637795624
2.1903711612984442
2.9185992458837
2.375
2.73012496531497
2.803856189774724
2.5358577759182794
2.2221915755066783
2.0403733936884962
1.7393538721672006
2.075869296697727
2.476203907185315
2.004886164091843
2.0923953729624785
2.038159681645953
2.221251836004466
2.1280852788913944
2.199687794731328
1.9056390622295665
2.5073801024236357
2.127986806877675
2.4385346597520647
2.462683189255492
2.2096909728231857
2.4508257945180882
2.1556390622295662
2.0403733936884962
1.8879185026711327
2.3432578733442675
2.2221915755066783
2.054585169337799
2.469240782172285
2.2056221220248466
2.353533948577482
2.353533948577482
2.146465798504072
2.696199049814856
2.319973094021975
2.1416195253341384
2.349601752714581
2.004886164091843
2.0403733936884962
2.345851989338261
2.1678745879098806
1.867633890971212
2.125814583693911
2.33012496531497
2.825997328095356
2.41896119556797
2.054585169337799
2.556656707462823
2.5559130951758244
2.3595689980924908
2.125814583693911
2.474601752714581
2.2221915755066783
2.2221915755066783
1.75
2.0403733936884962
2.4817062775743137
1.8895782867502307
2.2877837199410704
2.2806390622295662
2.0670314951575843
2.2149798205164815
2.301356156171348
2.3158243335257076
2.4056390622295662
2.1800365325772657
2.3232180381628416
2.4508257945180882
1.979123467498063
2.4508257945180882
2.223219672335508
2.125814583693911
1.9811191885631823
1.7841591278514217
1.7841591278514217
1.7841591278514217
1.7841591278514217
1.7841591278514217
1.7841591278514217
1.7841591278514217
1.7841591278514217
1.7841591278514217
1.7841591278514217
1.7841591278514217
1.7841591278514217
1.7841591278514217
1.7841591278514217
1.7841591278514217
1.7841591278514217
1.7841591278514217
1.7841591278514217
1.7841591278514217
1.7841591278514217
1.7841591278514217
1.7841591278514217
1.7841591278514217
1.7841591278514217
1.7841591278514217
1.7841591278514217
1.7841591278514217
1.7841591278514217
1.7841591278514217
1.7841591278514217
1.7841591278514217
1.7841591278514217
1.7841591278514217
1.7841591278514217
1.7841591278514217
1.7841591278514217
1.7841591278514217
1.7841591278514217
1.7841591278514217
1.7841591278514217
1.7841591278514217
1.7841591278514217
1.9508257945180885
1.9508257945180885
1.9508257945180885
1.7841591278514217
1.7841591278514217
1.7841591278514217
1.7841591278514217
1.7841591278514217
1.7841591278514217
1.7841591278514217
1.9508257945180885
1.9508257945180885
1.7841591278514217
1.7841591278514217
1.7841591278514217
1.7841591278514217
1.7841591278514217
1.7841591278514217
1.7841591278514217
2.2399817842443146
2.406666316740689
2.591793226077496
2.2221915755066783
1.9877733714879842
2.60845859334435
2.2221915755066783
2.2877837199410704
2.4996981431844145
2.5785519909913264
2.4508257945180882
1.971747257128181
1.584962500721156
2.2221915755066783
2.2841591278514217
2.1179631753145163
2.606238928653389
1.8553885422075338
2.606238928653389
2.6535442970305683
2.460964047443681
2.2221915755066783
2.2188985605579568
2.5032583347756456
2.2841591278514217
2.352563211404893
2.0403733936884962
2.2221915755066783
1.971747257128181
1.971747257128181
1.971747257128181
1.75
2.2221915755066783
2.472905595320056
2.0
2.4056390622295662
2.2221915755066783
2.3432578733442675
2.2221915755066783
2.30827083453526
2.1887870678023824
2.5917932260774954
2.247927513443585
2.5967916319816364
2.353190671338322
2.6084585933443494
1.9751060324573735
2.5972763162625907
2.6115107774877746
1.867633890971212
1.4591479170272448
2.2221915755066783
2.3175343431540503
2.353533948577482
2.2221915755066783
2.33012496531497
2.5306390622295662
2.2221915755066783
2.6556390622295662
2.696199049814856
2.2221915755066783
2.4613201402110083
2.4817062775743137
1.8833830982290134
2.614164262105116
2.0349409139562287
1.9300416913014387
2.4389865757567724
2.2221915755066783
1.971747257128181
2.0182155146751497
1.965596230357602
1.789929075309999
2.2221915755066783
2.049452072789394
1.75
2.679374370513198
2.292481250360578
2.73345859334435
2.4584538292330587
2.604476500082334
2.1738787769214394
2.4267921191178017
2.60845859334435
2.2221915755066783
2.377223256836937
2.0191534613250357
2.049982620346095
2.331766377402127
2.4508257945180882
2.8490035006916363
2.535857775918279
1.9415779290783457
2.8096220466514703
2.4508257945180882
2.120952031026403
2.353533948577482
2.44307418942857
2.054585169337799
2.0626563480372715
2.4410685859554375
2.1464393446710153
2.453582957309917
2.9327282046146936
2.472905595320056
2.322756958897399
2.2856005389623073
1.8798554875455857
2.4508257945180882
2.263809173883546
2.6247262095042956
2.4613201402110083
2.3157380068768356
2.5820599105802575
2.4164997849817103
1.789929075309999
2.054585169337799
1.7924812503605778
2.234201009820717
2.2724994555866935
2.551514870862883
2.7247198033190516
2.292481250360578
2.2221915755066783
2.054585169337799
2.1054105870684143
2.6384600665861555
2.5521796970665487
2.9524249630986055
2.660129752633257
2.3458519893382603
2.8163075192246447
2.5868878409958143
2.185542933847563
2.6535442970305683
3.205712523013364
2.120904350455272
2.0272925846689
2.374556048381884
2.2221915755066783
2.199687794731328
2.5341468438052397
2.2221915755066783
2.1868085945630504
1.9877733714879842
2.128085278891394
1.9523612813926658
2.221251836004466
1.946097172229426
1.9746017527145812
2.398655678498144
1.914341183612352
1.914341183612352
2.1800365325772657
1.914341183612352
2.216521698179525
1.8883434032777346
2.2221915755066783
1.7924812503605778
2.0403733936884962
1.823067982273661
2.0403733936884962
2.727217001462482
2.2877837199410704
2.2221915755066783
2.2988252450030506
2.510056460356539
2.217021885879718
1.75
2.6292492238560343
2.522620309531022
2.499698143184414
2.4508257945180882
2.2221915755066783
2.086442486273958
1.971747257128181
1.9830841641434374
2.521782221599798
2.1055872616982603
2.1920058354921066
2.0403733936884962
2.004886164091843
2.2221915755066783
2.1800365325772657
2.6292492238560343
2.349601752714581
2.2221915755066783
2.904976308486946
2.2221915755066783
2.3071885761626687
1.9877733714879842
2.1711395066729176
2.4729055953200563
2.499698143184414
2.0403733936884962
2.5239860659612976
1.971747257128181
2.1280852788913944
2.3395722619867225
1.9877733714879842
2.692380602454975
2.350209029099897
2.3158243335257076
2.534159127851422
2.6411209338130157
2.2221915755066783
2.287783719941071
2.3935474965388988
2.1784857337562045
2.4210487722635343
2.5032583347756456
2.945645182859865
2.9638096525384383
2.619748965432189
2.6800051343205857
2.0650464172773453
3.098473049913859
3.0986885704510967
2.1464657985040723
2.581179445569546
1.8871651787334056
2.746957961376424
2.739572261986723
2.3171213920857263
2.225605199016944
2.469240782172285
2.1920058354921066
2.5306390622295662
2.5073801024236357
2.542482693809728
2.251629167387823
2.1556390622295662
2.1556390622295662
1.7415193298451102
2.3319805666410693
2.2877837199410704
2.6384600665861555
2.10845859334435
2.107833210824613
2.3306131281348943
2.799886625190374
2.2221915755066783
2.0741647430225756
2.0328148552068135
2.484255144794799
2.7395722619867224
1.9644830022463902
1.9274512249645188
2.2657553887438873
2.2841591278514217
2.343257873344267
2.4137995646056805
2.56962148646734
2.569856794656389
3.1767098810179637
2.3908636968570445
2.374556048381884
2.535857775918279
1.823067982273661
2.4613201402110083
2.206238928653389
2.2221915755066783
2.3395722619867225
1.8909929224926674
2.298852726158181
2.499698143184414
1.9679074521481286
2.2221915755066783
2.046570527555477
2.869275070710713
2.218850949265813
2.497305334468139
1.9546097612655668
2.2684727516311214
2.2390979179887864
1.8728044000394413
2.5740090835617035
2.4662478973127313
2.4662478973127313
2.2759624091678097
2.2252748326658103
2.359879028736861
2.7172273023973528
1.6767370300521325
2.4508257945180882
2.1800365325772657
2.2479275134435857
2.061278124459133
2.4508257945180882
1.584962500721156
2.2221915755066783
2.2841591278514217
2.0545851693377997
2.077819531114783
1.8585552118703144
2.470549740888595
2.4613201402110083
1.9852281360342514
1.7924812503605778
2.199687794731328
2.2221915755066783
2.217021885879718
2.2841591278514217
2.049452072789394
2.692380602454975
2.4416298737872246
2.2221915755066783
2.4508257945180882
2.495602923729013
2.292481250360578
2.5073801024236357
2.1812056673346514
2.3627402784989338
2.649397470347699
1.9591479170272446
2.2221915755066783
2.1416195253341384
2.2221915755066783
2.251629167387823
2.2877837199410704
2.495461844238322
2.086790375244804
2.2221915755066783
2.125814583693911
1.971747257128181
2.5926452648448097
2.0426086634530547
2.0132790219068077
2.004886164091843
1.971747257128181
1.971747257128181
2.0050190214165884
1.867633890971212
2.2221915755066783
2.456820517813651
2.021614871911295
1.968873874720721
2.1920058354921066
2.682588730501833
2.3232196723355076
2.655960299828021
2.0713451397302376
2.1266144718101816
2.058813890331201
1.6854752972273346
2.2221915755066783
3.152449607667373
2.004886164091843
2.699513850319966
2.406666316740689
2.1930563693419645
2.345851989338261
2.125814583693911
2.2841591278514217
2.2221915755066783
1.879964948727111
2.1173143543437782
2.2221915755066783
2.5785519909913264
2.2825887305018333
2.6535442970305683
2.495602923729013
1.8423709931771088
2.4980775466236413
2.406666316740689
2.4606057799537933
2.3627402784989338
2.0403733936884962
1.889916845319988
2.1416195253341384
2.350209029099897
1.8423709931771084
2.2841591278514217
2.2221915755066783
2.4613201402110083
2.696199049814856
2.2221915755066783
1.771782221599798
2.221251836004466
2.2221915755066783
2.045841640885174
1.8322488896002305
2.038159681645953
2.6337314206421327
1.9211854965885542
2.0524212838293643
2.2221915755066783
1.8688380418847683
2.523986065961297
2.2221915755066783
2.422579761842491
1.8423709931771084
2.3050365325772657
1.789929075309999
2.8011703467917077
2.2806390622295662
2.2221915755066783
2.0403733936884962
2.2062389286533897
2.535857775918279
2.2221915755066783
2.217021885879718
1.971747257128181
1.7924812503605778
1.9182958340544896
2.2221915755066783
2.653040884269814
2.199687794731328
1.914341183612352
2.2265383628041087
2.4806821149663842
2.1280852788913944
2.0403733936884962
2.33012496531497
2.2221915755066783
2.054585169337799
2.6535442970305683
2.2627834289765825
2.4961268547517808
2.477217001462482
2.702911125142845
2.3695710038552735
2.774600208595262
2.2221915755066783
2.199687794731328
2.350209029099897
2.2892464285091583
2.2221915755066783
2.413088436425757
2.418722908066561
2.333459718335408
2.5917932260774954
2.2841591278514217
2.1416195253341384
2.317950827656989
2.192005835492107
1.7224945678306305
2.3432578733442675
2.35274578087187
2.556656707462823
2.2841591278514217
2.3301249653149703
2.058813890331201
2.668980145022533
2.319973094021975
1.946372935985442
2.6292492238560343
2.224601752714581
2.125814583693911
2.196957186327418
2.349601752714581
2.4771752334356236
2.614369445886757
2.0403733936884962
2.396782221599798
2.521782221599798
2.635130296025607
2.5032583347756456
2.5566567074628237
3.063280159692239
2.219973094021975
1.971747257128181
1.9026831892554923
2.062656348037272
2.522620309531022
1.823067982273661
1.7924812503605778
2.125814583693911
2.0403733936884962
2.4137995646056805
2.1179631753145163
2.0403733936884962
1.9182958340544896
2.0403733936884962
2.4604846813131114
2.41896119556797
2.591793226077496
2.2221915755066783
2.217021885879718
1.867633890971212
2.2221915755066783
2.406666316740689
2.4332062193464954
2.2841591278514217
2.292481250360578
2.4508257945180882
2.263809173883546
2.2221915755066783
2.251034550140126
2.0733297019495214
1.7709505944546688
2.295461844238322
2.463865121950854
1.855388542207534
2.072905595320056
2.1416195253341384
2.223219672335508
2.221251836004466
2.8662478973127308
2.292481250360578
2.436661422561559
2.7399399431216356
2.499698143184414
2.0272925846688996
2.0280471892440324
2.1999793267164867
2.542328989413759
2.5884652796041077
2.286778622725771
1.8189741838997975
2.2062389286533897
1.7381493331928664
1.8585552118703144
2.488104846883752
1.8879185026711327
1.823067982273661
2.75707541331394
3.0845227801732817
1.8640054628542204
2.472905595320056
2.004886164091843
2.692380602454975
2.6933425348898195
3.151210641914682
1.789929075309999
1.9422098656975992
2.0403733936884962
2.359879028736861
2.0403733936884962
2.4508257945180882
2.4164997849817107
2.2841591278514217
2.6770427616381554
2.2841591278514217
2.540534109342369
2.380430487800112
2.277845240648177
1.9852281360342516
2.263809173883546
2.67483503096275
2.607717469130148
2.6873685641839913
2.0545851693377997
2.2221915755066783
2.1179631753145163
2.4056390622295662
2.0403733936884962
2.7569588879749216
2.0403733936884962
1.971747257128181
2.359879028736861
1.8369589098021648
2.049452072789394
2.2841591278514217
2.1464657985040723
2.5306390622295662
2.0588138903312014
2.4729055953200563
2.556656707462823
2.2221915755066783
2.4508257945180882
2.692380602454975
2.2221915755066783
2.292481250360578
2.556656707462823
2.3584585933443494
2.436278124459133
2.5495234595978324
2.2221915755066783
2.137876503740628
2.9043473322310227
2.4996981431844145
2.322756958897399
2.521782221599798
2.472905595320056
2.422579761842491
2.2810361125534238
2.457717469130148
2.499698143184414
2.4416298737872246
2.2816696599988733
2.365596230357602
2.48345859334435
2.2185463540765222
2.989559916108176
1.9877733714879842
2.692380602454975
2.2841591278514217
2.4922031072054134
2.3577174691301486
2.2183641295938012
2.3342117082267557
2.4980775466236413
2.2359263506290326
2.4056390622295662
2.4164997849817103
2.2221915755066783
2.270942421748537
2.2221915755066783
1.7582975708748247
3.0060603254083382
2.2221915755066783
2.303701696057348
2.084962500721156
2.629249223856034
1.971747257128181
2.2924812503605785
2.359879028736861
2.5785519909913264
2.1812056673346514
2.484996098730652
2.039353872167201
2.277716570435308
2.6535442970305683
2.2841591278514217
2.2221915755066783
2.3531906713383224
2.612150424029221
2.2221915755066783
2.2221915755066783
2.2221915755066783
1.971747257128181
2.60845859334435
2.0670314951575843
2.0403733936884962
2.702904337188607
2.556656707462823
2.754220887442771
1.8585552118703144
2.2221915755066783
2.2221915755066783
2.1632095937363847
2.6612087979789942
2.263809173883546
2.0134893002931977
2.004886164091843
2.422579761842491
2.5073741406133365
2.077819531114783
2.4137995646056805
2.2221915755066783
2.2841591278514217
2.273411192621123
2.2806390622295662
2.495461844238322
2.499698143184414
2.4508257945180882
2.2221915755066783
2.4237949406953985
2.4644219023582976
2.2220099139027734
2.606238928653389
2.2062389286533897
2.406666316740689
2.7029043371886066
1.971747257128181
2.2221915755066783
2.049452072789394
2.2221915755066783
2.217021885879718
2.1556390622295662
2.4508257945180882
2.208196592277087
2.7806390622295662
2.6535442970305683
2.7045348998193437
2.436278124459133
2.2221915755066783
2.7395722619867224
1.789929075309999
2.4365703397565666
2.2221915755066783
2.279799131837405
2.4365703397565666
2.684017280829845
3.044374259471026
2.523986065961297
2.224601752714581
1.823067982273661
1.9508257945180885
2.696199049814856
2.606238928653389
1.971747257128181
2.4508257945180882
2.2877837199410704
2.657510076863814
2.6403360647604437
2.4996981431844145
2.007506782206766
2.0930692077718898
2.395461844238322
2.4508257945180882
3.1793721165593305
2.8530408842698143
2.2221915755066783
2.460904932167797
2.2544475789720946
2.0403733936884962
2.3220847276178658
2.378991986900062
2.521046459927886
2.2030713060627085
2.054585169337799
2.4219280948873623
2.4187229080665604
2.2841591278514217
2.054585169337799
2.4305946180235427
1.9508257945180885
2.3479489118262413
2.4115091984199104
2.365596230357602
2.269022857283885
2.178136426162039
2.2841591278514217
2.004886164091843
1.789929075309999
2.53414684380524
2.0403733936884962
2.8662478973127308
2.2841591278514217
1.914341183612352
2.0
2.2841591278514217
1.914341183612352
2.0
2.5341468438052397
2.646782221599798
2.0989295636909353
2.1280852788913944
2.199687794731328
2.4508257945180882
2.2577174691301485
2.058813890331201
2.4588751093136763
2.4662478973127313
2.4613201402110083
2.353533948577482
1.9508257945180885
2.287783719941071
2.067031495157584
2.3980513289153467
2.2221915755066783
2.0740870445590347
2.4996981431844145
1.9609640474436814
2.0403733936884962
1.9877733714879842
2.278351811711312
2.463458298648303
2.199979326716486
2.4225797618424916
2.8386561813500646
2.6084585933443494
2.2877837199410704
2.3342564252133493
2.004886164091843
2.4996981431844145
2.2221915755066783
2.0403733936884962
2.5226203095310216
1.9508257945180885
2.702904337188607
2.774397470347699
2.3458519893382603
2.5559130951758244
2.2221915755066783
2.5785519909913264
2.0545851693377997
2.0403733936884962
2.004886164091843
2.2841591278514217
1.4591479170272446
2.350209029099897
1.971747257128181
2.2603555297522187
1.9301249653149701
2.054585169337799
2.1920058354921066
2.331766377402127
2.606238928653389
2.199687794731328
2.2841837197791888
2.0403733936884962
2.133937566094917
2.4164997849817107
2.2221915755066783
1.5451125246453004
1.7924812503605778
2.2221915755066783
2.193393796717783
2.5831887399951703
2.2221915755066783
2.291620193427939
2.075869296697727
2.5559130951758244
2.074164743022575
2.5615419333359273
2.4996981431844145
2.054585169337799
1.971747257128181
2.5
1.971747257128181
2.521782221599798
2.0403733936884962
2.2221915755066783
2.3308442812140955
2.6535442970305683
2.1393538721672005
2.3720946377956236
2.495602923729013
2.4508257945180882
2.6143694458867563
2.2221915755066783
2.499698143184414
2.2221915755066783
2.125814583693911
2.272499455586694
2.0403733936884962
2.4508257945180882
2.0403733936884962
1.7924812503605778
2.2221915755066783
2.8230787607586945
2.5341468438052397
2.2221915755066783
2.7395722619867224
2.3627402784989338
2.6720699706397175
2.0048861640918427
2.524397470347699
2.125814583693911
2.499698143184414
2.2810361125534233
2.2221915755066783
2.4416298737872246
2.3627402784989338
2.2221915755066783
1.823067982273661
2.1416195253341384
2.0403733936884962
2.48345859334435
2.7806390622295662
2.6384600665861555
1.823067982273661
1.7924812503605778
2.692380602454975
2.2221915755066783
2.495602923729013
2.682588730501833
2.521782221599798
2.4255093795022624
2.2689289124151837
2.063558608511122
2.199687794731328
2.128085278891394
1.971747257128181
2.3311796029516705
1.9327229249500353
2.2221915755066783
1.8250112108241772
2.3232196723355076
2.3920788329783202
2.509899408571285
2.0403733936884962
1.8262452584026092
2.4577174691301487
2.9696169445386738
2.30827083453526
1.8585552118703144
2.954003642329854
2.5120548905574305
1.955794563623899
2.202670687194363
2.743056392838994
2.406666316740689
2.2841591278514217
2.2221915755066783
2.221251836004466
2.071695404408628
2.820883373531502
2.5858507220164055
2.041814515501815
2.3037016960573484
2.341649568766026
1.9508257945180885
2.2841591278514217
2.2221915755066783
2.2841591278514217
2.0403733936884962
2.2221915755066783
2.4584538292330587
2.424441975303965
2.910440495218581
2.43426857323048
1.8262452584026092
2.367036144108406
2.422675468311218
3.2069570127917353
2.30331442425565
2.602217001462482
2.2096909728231857
2.495602923729013
1.9852281360342512
2.271782221599798
2.350209029099897
2.2221915755066783
2.433195838728977
2.5487949406953985
2.260820318171659
2.1969571863274178
2.074164743022575
1.8423709931771084
2.0403733936884962
2.3935474965388988
2.2841591278514217
2.2221915755066783
2.128085278891394
2.2810361125534233
1.811278124459133
2.270942421748537
2.2221915755066783
2.3395722619867225
1.9596224587997868
2.1920058354921066
2.7539756670713653
2.6084585933443494
2.1012042301315423
2.278351811711312
2.1967916319816365
1.971747257128181
2.2221915755066783
2.0741647430225756
1.9877733714879842
2.350209029099897
1.971747257128181
2.3609640474436815
2.521782221599798
2.2221915755066783
2.2569089895583545
2.169363934234334
2.4508257945180882
2.2877837199410704
2.6535442970305683
2.4280074211313076
2.2065442182128785
2.409469785554129
2.4577174691301487
2.0403733936884962
2.2221915755066783
2.0403733936884962
2.4712518360044666
1.867633890971212
2.260820318171659
2.224601752714581
2.006474767163414
2.4996981431844145
2.7806390622295662
2.7254805569978675
2.084962500721156
2.2841591278514217
2.2810361125534233
2.1774212838293647
2.365596230357602
2.205109900073869
2.556656707462823
2.335505556517097
2.2221915755066783
2.2038959418806763
2.665776914613511
2.6535442970305683
2.5492553971684995
2.289246428509158
2.004886164091843
2.3598790287368607
2.1060480954183274
2.359879028736861
2.395112772058355
1.9785107196799836
2.0821272806335904
2.039353872167201
2.0349409139562287
2.4225797618424916
2.221251836004466
2.2221915755066783
2.054585169337799
1.855388542207534
2.7993151591839744
2.4535102638477633
2.0403733936884962
1.7573891057053233
2.3649210651115973
2.125
2.0403733936884962
2.35845859334435
2.696199049814856
2.125814583693911
2.3942811477133943
2.2221915755066783
2.70689978230284
2.822181958642873
2.2221915755066783
2.5227400452149493
1.9473387961875537
2.4973206585968413
1.9877733714879842
2.004886164091843
2.374556048381884
1.8585552118703144
2.217021885879718
2.004886164091843
2.8121437944543577
2.149621893958129
2.370963042825407
1.8591397069689761
2.206238928653389
2.620689974011476
2.3144908557451114
2.3921472236645345
2.254447578972094
2.216521698179525
2.004889451733241
2.1690702473372214
2.0344830745314644
1.9154538308741398
2.9549868557726673
2.3220847276178658
1.9639702958235201
2.614369445886757
1.6640760794590574
2.499698143184414
2.473851389610045
2.6666927818951565
2.8416879708604443
2.812133193619173
2.522991824736244
2.1969571863274178
1.8339272176418302
2.2892464285091583
2.3942811477133943
2.4569885365913757
2.4416298737872246
2.4508257945180882
1.9877733714879842
2.1209520310264036
2.6556390622295662
2.1280852788913944
2.1887870678023824
2.2221915755066783
2.463458298648303
2.653811355748633
2.0985864121084328
2.9672103113389787
2.2221915755066783
2.199687794731328
2.2062389286533897
2.221251836004466
2.2221915755066783
1.9591479170272446
2.1578512529276357
2.366079445682285
2.192740814944148
2.2841591278514217
2.345851989338261
2.4359936758692484
2.5032583347756456
1.971747257128181
2.668980145022532
2.410374329980682
2.1377785457145277
2.4613201402110083
2.1223159928014117
1.8423709931771084
2.075074223172834
2.1812056673346514
2.2929480695548334
2.0403733936884962
2.2221915755066783
1.823067982273661
2.1149798205164814
2.7045348998193437
2.2221915755066783
2.3432578733442675
2.563716987127796
2.125814583693911
2.4996981431844145
2.33012496531497
2.4225797618424916
1.971747257128181
1.4591479170272448
2.217021885879718
2.474601752714581
2.2221915755066783
2.2909885705043926
1.9508257945180885
2.3134597501718237
2.6989295636909354
2.363431844815247
2.3935474965388988
2.5744887835235857
2.4849960987306523
1.8553885422075338
2.3220847276178658
1.9568714389102795
2.3131006664157687
2.0403733936884962
2.2062389286533897
2.2221915755066783
2.695461844238322
2.145136370153053
2.3432578733442675
2.2221915755066783
2.2221915755066783
2.311278124459133
2.6535442970305683
2.0403733936884962
2.2062389286533897
2.054585169337799
2.60845859334435
2.221251836004466
2.2221915755066783
2.270942421748537
2.4996981431844145
2.2485731395538666
2.2221915755066783
2.148834854280917
2.353533948577482
2.5341468438052397
2.2256108145207376
2.2221915755066783
2.4159220638351666
2.33012496531497
2.602217001462482
2.127986806877675
2.682588730501833
2.084962500721156
2.614369445886757
2.855953642864355
2.396782221599798
2.0403733936884962
2.2221915755066783
2.4508257945180882
2.221251836004466
2.4564483758312496
1.867633890971212
1.8423709931771084
2.353533948577482
2.4508257945180882
2.0403733936884962
2.4508257945180882
2.9987781244591325
2.0403733936884962
1.8423709931771088
2.2221915755066783
2.0403733936884962
2.4729055953200563
2.022579761842491
1.9508257945180885
1.8454629725233305
2.5013221162801735
1.857045257053065
2.2449047091342313
1.223397117295888
2.2221915755066783
2.3253314601288055
2.466247897312731
1.8899168453199877
2.5785519909913264
2.869910023274066
2.396310424640968
2.556656707462823
2.3458519893382603
2.2841591278514217
2.199687794731328
2.1280852788913944
2.460964047443681
2.2221915755066783
2.221251836004466
2.348987989077528
2.199687794731328
2.0403733936884962
2.433195838728977
2.727217001462482
2.0403733936884962
1.8634254702401196
2.179236536168279
3.0402239289418516
1.7924812503605778
2.2841591278514217
2.6535442970305683
2.0403733936884962
2.6535442970305683
2.5868878409958143
2.2221915755066783
2.2221915755066783
1.8832062193464953
3.060540527674168
2.4613201402110083
2.2221915755066783
2.5341468438052397
2.3192407046368486
2.774243302917269
2.429494520451445
2.1774212838293647
2.559540168931589
2.2810361125534233
2.6689801450225326
1.5054119282178766
1.5273980478074556
1.855388542207534
2.3232196723355076
2.5350274365970797
2.5306390622295662
2.038159681645953
2.774397470347699
2.7614173902752386
2.0729055953200564
2.30827083453526
2.0524212838293647
2.4508257945180882
2.5495234595978316
2.2221915755066783
2.345851989338261
2.287783719941071
2.054585169337799
2.390863696857044
2.4508257945180882
2.6199100232740657
1.855388542207534
2.054585169337799
2.0202442071537563
2.287783719941071
1.971747257128181
2.4225797618424916
2.556656707462823
2.9196905740496963
2.305320651332931
2.2841591278514217
2.3458519893382603
2.002268084440845
2.1592768042272796
1.7689381692932875
2.2221915755066783
2.646782221599798
2.4508257945180882
2.2221915755066783
2.353533948577482
1.9877733714879842
2.406666316740689
2.4508257945180882
2.4508257945180882
2.146782221599798
2.2890179898186576
2.2841591278514217
2.2221915755066783
2.3458519893382603
2.651793902628769
1.971747257128181
2.606238928653389
2.4056390622295662
2.116299605701696
2.2221915755066783
2.05632607578088
2.4996981431844145
2.2221915755066783
2.48345859334435
2.6535442970305683
2.2221915755066783
2.458453829233059
1.9877733714879842
2.4510641138831577
2.5967916319816364
2.0403733936884962
2.2221915755066783
2.353533948577482
2.472905595320056
2.056691798031991
2.2221915755066783
2.2221915755066783
2.217021885879718
2.5813430663588783
2.374556048381884
2.4416298737872246
2.221251836004466
2.9875970593303562
2.2221915755066783
2.2221915755066783
2.2221915755066783
2.349601752714581
2.2221915755066783
2.004886164091843
2.682588730501833
2.2221915755066783
2.2221915755066783
2.2221915755066783
2.702904337188607
2.0403733936884962
2.0403733936884962
1.971747257128181
2.2841591278514217
2.263809173883546
2.9508257945180887
2.287783719941071
2.2841591278514217
2.7730201924480453
2.1920058354921066
2.2221915755066783
2.2221915755066783
2.692380602454975
1.4488156357251847
1.789929075309999
2.2221915755066783
2.585827939143041
2.6535442970305683
2.2221915755066783
2.1179631753145163
2.646782221599798
2.125814583693911
1.9845369902094072
2.9056390622295662
2.0
2.2585728843419157
2.5967916319816364
2.4128786893420306
2.2221915755066783
1.896240625180289
2.2569089895583545
1.971747257128181
2.6556390622295662
2.2221915755066783
2.4508257945180882
2.287783719941071
2.2221915755066783
2.4613201402110083
2.2841591278514217
2.4404040177209283
2.1690354219421173
2.039148671903071
2.396782221599798
2.064993294935065
2.049452072789394
2.2584598927441624
2.4137995646056796
2.421928094887362
2.133937566094917
2.406666316740689
2.353533948577482
2.206238928653389
2.299896391167891
2.077235445408308
2.2627834289765825
2.4508257945180882
2.591793226077496
2.125814583693911
1.8250112108241772
2.263809173883546
2.4928786893420307
2.1800365325772657
2.2841591278514217
2.063202513215852
2.7456125782273495
2.119106932994937
2.004886164091843
2.396782221599798
2.739572261986723
2.2221915755066783
2.5207474747403578
2.8820230152284156
2.1456122100461874
2.3962406251802895
2.287783719941071
2.580841317291576
2.4662478973127313
1.971747257128181
2.9633816209927066
2.128085278891394
2.117492461184755
2.0403733936884962
2.6535442970305683
2.5917932260774954
2.4387439204017474
2.5785519909913264
2.4613201402110083
2.202819531114783
2.247927513443585
2.7806390622295662
2.058813890331201
2.2221915755066783
1.8919954870390203
2.190984173265412
2.2221915755066783
2.2221915755066783
2.495602923729013
1.7841591278514217
2.274761729798916
2.971718670615444
2.7806390622295662
2.5239860659612976
2.727217001462482
2.660129752633257
2.5559130951758244
2.2221915755066783
2.2221915755066783
2.13831831092668
2.2988252450030506
2.208335917370024
2.1150827585690295
1.8262452584026092
1.7841591278514217
1.867633890971212
2.0403733936884962
2.205109900073869
2.503258334775645
1.971747257128181
2.2221915755066783
2.2221915755066783
2.2221915755066783
2.2221915755066783
2.2221915755066783
2.0
2.2841591278514217
2.0545851693377997
2.0741647430225756
2.863094551420763
2.0403733936884962
2.1280852788913944
2.692380602454975
2.054585169337799
2.049452072789394
2.221251836004466
2.378991986900062
2.6535442970305683
2.345851989338261
2.217021885879718
2.660129752633257
2.311278124459133
2.292481250360578
2.2841591278514217
2.353533948577482
2.2856005389623073
1.9508257945180885
2.4232196723355077
2.4508257945180882
2.495602923729013
2.2221915755066783
2.2841591278514217
1.789929075309999
2.125814583693911
2.5575062626277254
2.4569885365913753
2.33012496531497
2.038159681645953
2.289246428509158
1.971747257128181
2.499698143184414
2.0324876891689536
2.0989295636909353
2.2609640474436814
2.457717469130148
2.2221915755066783
2.2841591278514217
2.2856005389623073
2.606238928653389
2.603975726610715
2.349601752714581
2.4137995646056805
2.4990141774866936
2.004886164091843
1.971747257128181
2.4996981431844145
2.2221915755066783
2.2841591278514217
2.199687794731328
2.2221915755066783
2.535857775918279
1.789929075309999
2.0403733936884962
2.696199049814856
2.279799131837405
2.217021885879718
2.128085278891394
2.353533948577482
2.049452072789394
2.4508257945180882
2.2221915755066783
2.4508257945180882
2.0403733936884962
2.2221915755066783
2.4508257945180882
2.4164997849817107
2.1179631753145163
2.004886164091843
2.0403733936884962
1.971747257128181
2.835237745312118
2.0545851693377997
2.2221915755066783
1.971747257128181
2.2221915755066783
2.0403733936884962
2.7715107774877747
2.1280852788913944
2.2221915755066783
2.221251836004466
2.2221915755066783
2.2221915755066783
2.4416298737872246
2.2221915755066783
2.054585169337799
1.7924812503605778
2.0403733936884962
2.2841591278514217
2.2221915755066783
2.4508257945180882
2.270942421748537
2.2221915755066783
2.2221915755066783
1.971747257128181
2.2221915755066783
2.2841591278514217
2.2892464285091583
2.2841591278514217
2.4416298737872246
2.0
2.221251836004466
2.058813890331201
2.0403733936884962
1.9182958340544896
2.2988252450030506
2.0403733936884962
1.971747257128181
2.2221915755066783
2.6346026962555844
2.3432578733442675
2.2221915755066783
2.2221915755066783
2.2221915755066783
2.4956029237290127
2.641120933813016
2.4416298737872246
2.2221915755066783
2.5495234595978324
2.004886164091843
2.396782221599798
2.1280852788913944
2.133937566094917
2.125814583693911
2.2221915755066783
2.2221915755066783
2.353533948577482
1.9473387961875537
2.2841591278514217
2.270942421748537
2.5575876602558645
2.2221915755066783
2.168232893338811
2.0209206071639096
2.2096909728231857
2.5724312513221195
2.260820318171659
2.0099566155540347
2.4137995646056805
2.199687794731328
2.0948567835487384
2.2221915755066783
2.4577174691301487
2.3577174691301486
2.3082708345352603
2.0048861640918427
2.074164743022575
2.69348550785709
2.4584538292330587
2.2109736165067546
2.271782221599798
2.049452072789394
2.6906993328423066
2.2081965922770874
2.4806821149663847
2.0430576940642533
2.2195282822995472
1.863120568566631
2.002755067189044
1.914341183612352
2.6647069161207506
2.0545851693377997
2.145136370153053
2.4508257945180882
2.0403733936884962
1.8423709931771084
1.4591479170272448
1.8412501702815547
1.855388542207534
2.4137995646056805
2.2877837199410704
2.049452072789394
2.5577174691301483
2.2221915755066783
2.855953642864355
1.8429078545765154
2.1527217381013255
2.318497654393223
2.4729055953200563
1.971747257128181
1.823067982273661
2.054585169337799
2.292071752457787
3.0030741894285695
2.699513850319966
2.4508257945180882
2.217021885879718
2.4508257945180882
2.0403733936884962
2.2221915755066783
2.2221915755066783
2.4137995646056805
2.1556390622295662
2.4996981431844145
2.406666316740689
2.0403733936884962
2.2221915755066783
2.130926080730337
2.349601752714581
1.789929075309999
2.2221915755066783
1.5304930567574824
2.7484703102037638
2.2810361125534233
2.417822243179615
3.212051736605262
2.5226203095310216
2.4305946180235427
2.146782221599798
2.148834854280917
2.0
2.8859175795054957
2.0
2.0
2.0
2.128085278891394
2.2221915755066783
2.4137995646056805
2.4137995646056805
2.2221915755066783
2.2841591278514217
2.556656707462823
2.7029043371886066
2.2841591278514217
2.422579761842491
2.125814583693911
2.0403733936884962
2.5917932260774954
2.2221915755066783
2.7329145639793975
2.353533948577482
2.2221915755066783
2.6337314206421327
2.5785519909913264
2.406666316740689
2.473851389610045
2.2403500872337805
2.422579761842491
2.146782221599798
2.092072198627341
2.2810361125534233
2.054585169337799
2.206238928653389
2.004886164091843
2.199687794731328
2.0403733936884962
2.517201802582726
2.438895224179134
2.251629167387823
2.287783719941071
2.5210464599278857
2.217021885879718
2.049452072789394
2.0403733936884962
2.5967916319816364
2.5341468438052397
2.255369208880387
2.2684727516311214
2.221251836004466
3.288019280279689
2.499698143184414
2.3443609377704338
2.6535442970305683
1.9877733714879842
2.7134276696166637
2.474601752714581
2.5032583347756456
2.1774212838293647
2.3720946377956236
2.2856005389623073
2.4322574485535142
2.460964047443681
2.2736400487956905
1.789929075309999
2.189807987132749
2.2995301445670657
2.004886164091843
2.3805008600064506
2.066784213473103
1.8423709931771084
2.4508257945180882
1.7884504573082893
2.6985981103597485
1.965596230357602
2.23345859334435
2.2221915755066783
2.2841591278514217
2.2221915755066783
2.054585169337799
2.60845859334435
2.0048861640918427
2.2221915755066783
2.251629167387823
2.206238928653389
2.33012496531497
2.2479275134435857
1.9903166968736787
2.472905595320056
2.1280852788913944
2.199687794731328
2.4508257945180882
2.125814583693911
2.353533948577482
2.7806390622295662
2.3458519893382603
2.2221915755066783
2.146465798504072
2.054585169337799
2.2221915755066783
1.971747257128181
2.3458519893382603
2.4225797618424916
2.1280852788913944
2.004886164091843
2.0202442071537563
2.5007470500128637
2.33012496531497
2.0225797618424917
3.2787350085991958
2.2149798205164815
2.4577174691301487
2.523986065961297
2.7329145639793984
2.127986806877675
2.2877837199410704
2.1416195253341384
2.33012496531497
2.4584538292330587
2.049452072789394
2.682588730501833
1.8322628970242685
1.9506012741380072
2.263809173883546
2.335505556517097
2.606238928653389
2.4956029237290127
2.084962500721156
2.3220847276178658
2.2221915755066783
2.3068905956085186
2.359879028736861
2.406666316740689
2.1174924611847548
2.2841591278514217
2.4164997849817103
2.2221915755066783
2.2221915755066783
1.9211796919474975
2.5077129135961314
2.5559130951758244
2.4416298737872246
2.5637169871277954
2.2841591278514217
2.349601752714581
2.2221915755066783
2.004886164091843
2.2221915755066783
2.3220847276178658
2.495602923729013
2.3695710038552735
2.125814583693911
1.9508257945180885
2.0403733936884962
2.0208173990626936
2.591793226077496
2.3134597501718237
2.7496997984455147
2.217021885879718
2.522620309531022
2.646782221599798
2.4508257945180882
2.2221915755066783
1.9585429818803033
2.4508257945180882
2.4137995646056805
2.521782221599798
2.0882367609763453
2.4508257945180882
2.396782221599798
2.038159681645953
2.372094637795624
2.499698143184414
2.4137995646056805
2.270942421748537
2.2608203181716595
2.2221915755066783
2.6607546627667134
2.260820318171659
2.373735909525858
1.971747257128181
2.789896609060178
2.169925001442312
1.8997218324096137
2.375
2.005977711423774
1.7527152789797045
2.2221915755066783
2.4416298737872246
2.054585169337799
2.556656707462823
2.2841591278514217
2.4225797618424916
2.1301777648761093
2.5609640474436812
2.0202442071537563
1.867633890971212
2.6535442970305683
2.0403733936884962
2.103909910282364
2.4137995646056805
2.2841591278514217
2.4806821149663842
2.221251836004466
2.2221915755066783
2.4508257945180882
2.6556390622295662
2.004886164091843
2.0403733936884962
2.2221915755066783
2.1054105870684143
2.2841591278514217
2.2544475789720946
2.221251836004466
2.221251836004466
2.2841591278514217
2.5477186261552776
2.524397470347699
1.867633890971212
2.2221915755066783
2.5495234595978316
2.917837797403416
2.2831177377807754
2.4508257945180882
2.199687794731328
2.063202513215852
2.3007757993743922
2.7609934749167984
2.3523479118118216
2.542482693809728
2.2221915755066783
2.0403733936884962
2.463458298648303
2.4508257945180882
2.004886164091843
2.217021885879718
2.146465798504072
2.4685463540765222
2.0626563480372715
2.0403733936884962
2.406666316740689
1.823067982273661
2.702904337188607
2.0614232394008964
2.2609640474436814
2.3317663774021273
2.063458298648303
2.0320213197228485
2.0692750707107135
2.2221915755066783
2.606238928653389
2.2221915755066783
2.4137995646056805
2.058813890331201
1.8718882286398273
1.8922718656836106
2.2221915755066783
2.7551230440172545
2.523986065961297
2.0550365325772657
2.4394136706438525
2.217021885879718
2.0403733936884962
2.866247897312731
2.345049101914229
2.646782221599798
1.8295475094248783
2.775964175971984
2.9654621697582737
2.3901981344073904
1.9508257945180885
2.855953642864355
1.9288222235042776
2.495602923729013
2.8006081122623816
2.4225797618424916
2.3959988705348416
2.4225797618424916
2.146782221599798
2.0403733936884962
2.822181958642873
2.783735328622078
2.294324260351621
2.289246428509158
2.2569089895583545
2.1920058354921066
2.2584598927441624
2.838456377350588
2.498929563690935
2.270942421748537
2.700174838002525
2.5435023563249457
2.8665174146059273
2.2368608606650553
2.7940025363734744
2.0972444899122604
2.329085811673967
2.221251836004466
2.0403733936884962
1.9591479170272446
2.472905595320056
2.4187229080665604
2.2532359131272917
2.289246428509158
2.013911951300547
2.650863972268145
2.60845859334435
2.472905595320056
1.823067982273661
2.278787598135611
2.092955558854341
2.433206219346495
2.5050146414666354
2.075869296697727
2.996630848284676
2.2125038423722683
2.405105974640496
2.5868878409958143
2.319495349062319
2.440404017720928
2.357600472626353
2.263809173883546
2.603074189428569
2.2221915755066783
2.7205205210827317
2.556656707462823
2.1690354219421173
2.4095349947050457
2.298852726158181
2.322756958897399
2.5559130951758244
2.2221915755066783
2.4416298737872246
2.4873178814768275
2.566441892934783
2.0972133988213413
2.0
2.8662478973127308
2.199687794731328
2.2841591278514217
1.789929075309999
2.0382117361260494
2.744842531753244
2.349601752714581
2.2221915755066783
2.521782221599798
2.1920058354921066
2.499698143184414
2.2221915755066783
2.6762400841760656
2.411027779380347
1.789929075309999
2.495868716711233
2.345851989338261
2.6601235930491622
2.4528385678644473
1.677945517188545
2.1739731346044096
2.1231991154262255
2.4806821149663847
2.185475297227334
2.3342564252133498
2.251629167387823
2.0403733936884962
1.9508257945180885
2.1150849518197794
2.3772232568369374
1.7567542543918
2.5440240964819503
2.5521796970665487
2.471119777314698
1.867633890971212
2.629249223856034
2.3232196723355076
2.687124299696568
2.2221915755066783
2.222726361073427
1.6282202760321465
2.366079445682285
2.884052365002364
1.7259800517075647
2.266431544481697
2.375
2.5686345476862287
1.9820107852384043
1.85821548176108
2.5045916146324285
2.48345859334435
2.592415283249794
1.965596230357602
2.3538109795800106
2.60845859334435
2.2221915755066783
2.682588730501833
2.4613201402110083
2.0403733936884962
2.4137995646056805
2.6084585933443494
2.2221915755066783
2.289246428509158
2.054585169337799
2.5825518169307426
2.0403733936884962
1.971747257128181
2.069282941930771
2.084962500721156
2.155968102145908
2.473851389610045
2.133937566094917
2.311278124459133
2.2221915755066783
2.4508257945180882
2.2841591278514217
2.2221915755066783
2.125814583693911
2.2221915755066783
2.2221915755066783
2.35274578087187
2.5032583347756456
2.0403733936884962
2.2221915755066783
2.125814583693911
2.4826170920085113
2.125814583693911
2.4826170920085113
2.125814583693911
2.5189704621597437
2.125814583693911
2.5189704621597437
2.125814583693911
2.5189704621597437
2.125814583693911
2.5189704621597437
2.125814583693911
2.2221915755066783
2.125814583693911
2.125814583693911
2.2221915755066783
2.463458298648303
2.1712806674453202
2.197159723424149
1.4591479170272448
2.004886164091843
2.397742260857835
2.2221915755066783
2.2841591278514217
2.4834585933443494
2.2221915755066783
2.451510777487775
2.0048861640918427
2.2221915755066783
2.422579761842491
2.4961268547517808
2.657509065733512
2.2221915755066783
2.4922031072054134
2.1084585933443494
2.2841591278514217
2.0419460322060456
2.6848100275039113
2.7806390622295662
1.9712496486525959
2.2221915755066783
2.353533948577482
2.054585169337799
2.038159681645953
2.004886164091843
2.004886164091843
2.4416298737872246
2.405694015085435
2.392515945623278
2.2877837199410704
2.474601752714581
2.606238928653389
2.0403733936884962
2.2221915755066783
2.3329145639793976
2.4634582986483036
2.709070294730997
2.3935474965388988
2.004886164091843
2.6829380349361056
2.810310547057342
2.403677461028802
2.1774212838293643
2.358938532350277
2.4922031072054134
2.199687794731328
2.004886164091843
2.4508257945180882
2.353533948577482
2.054585169337799
2.2221915755066783
2.2841591278514217
2.3220847276178658
2.53414684380524
2.004886164091843
2.2221915755066783
1.971747257128181
2.523986065961297
2.2841591278514217
2.4508257945180882
2.139948282380958
2.058813890331201
2.0202442071537563
2.2221915755066783
1.971747257128181
2.6535442970305683
2.054585169337799
1.780672129520887
2.285694614725999
1.7841591278514217
2.5580510765444573
2.7395722619867224
2.5032583347756456
2.1920058354921066
2.2221915755066783
2.2221915755066783
2.2221915755066783
2.0590391046748544
2.396782221599798
2.345851989338261
2.2221915755066783
1.8231924110430977
2.403677461028802
2.2221915755066783
2.004886164091843
2.287783719941071
2.602217001462482
2.148834854280917
2.1279868068776753
2.2221915755066783
2.2841591278514217
2.495602923729013
2.457717469130148
2.224601752714581
1.9591479170272446
2.221251836004466
1.971747257128181
2.5724312513221195
2.287783719941071
2.054585169337799
2.2221915755066783
2.210764573772789
2.004886164091843
2.9056849966419214
2.4834585933443494
2.2221915755066783
2.0403733936884962
1.9772354454083079
2.2841591278514217
1.913977073182752
2.2221915755066783
2.1920058354921066
2.054585169337799
1.789929075309999
2.1416195253341384
1.789929075309999
2.084962500721156
2.692380602454975
1.971747257128181
2.4404040177209283
2.125814583693911
2.7856061300625727
2.2089660826946234
2.4508257945180882
2.7806390622295662
2.2221915755066783
2.0403733936884962
2.6535442970305683
2.4416298737872246
2.0403733936884962
2.3227569588973984
2.251629167387823
2.582059910580257
2.3841837197791884
2.2532992217780032
2.252878689342031
2.4508257945180882
2.199687794731328
2.5306390622295662
2.221251836004466
2.499698143184414
2.591793226077496
2.5580510765444573
2.7395722619867224
2.353533948577482
2.2221915755066783
2.406666316740689
2.185475297227334
2.049452072789394
2.2154410620813816
2.2988252450030506
2.5785519909913264
2.4508257945180882
2.2221915755066783
2.221251836004466
2.251629167387823
2.0341591278514217
2.125814583693911
2.2221915755066783
2.2221915755066783
2.1416195253341384
2.4164997849817103
2.2221915755066783
2.459147917027245
2.4501940512302163
2.3775288099691534
2.038159681645953
2.4954618442383216
2.469670487371862
2.054585169337799
2.472905595320056
2.2221915755066783
2.4508257945180882
2.822181958642873
2.4996981431844145
2.1920058354921066
2.004886164091843
2.2841591278514217
2.606238928653389
1.8250112108241772
2.0741647430225756
2.1815525171888464
2.2807181475019194
2.2065442182128785
2.5247326156895404
2.0609640474436812
2.2081965922770874
2.279799131837405
2.2221915755066783
2.584023687015089
1.971747257128181
2.0403733936884962
2.2841591278514217
2.004886164091843
2.1556390622295662
2.473851389610045
1.809200032697812
2.0403733936884962
2.556656707462823
2.2877837199410704
2.004886164091843
1.9182958340544896
2.2221915755066783
2.2221915755066783
2.4508257945180882
2.2221915755066783
2.004886164091843
2.4996981431844145
2.2221915755066783
2.2221915755066783
2.851773502709612
2.195461844238322
2.591793226077496
2.5341468438052397
2.0419460322060456
2.216521698179525
2.2221915755066783
2.499698143184414
2.3208020839342964
2.343257873344267
2.1735572622751853
2.2221915755066783
1.971747257128181
2.0729055953200564
2.004886164091843
2.4137995646056805
2.260820318171659
2.049452072789394
2.4137995646056805
2.221251836004466
2.345851989338261
2.2221915755066783
2.499698143184414
2.4164997849817107
2.7220017772726517
2.221251836004466
2.473851389610045
2.4508257945180882
2.058813890331201
2.4613201402110083
2.4137995646056805
2.217021885879718
3.2414271690750738
1.6854752972273344
2.117492461184755
2.7590795706241744
2.054585169337799
2.2983094013008034
2.462349565017769
3.2012050593046006
2.2221915755066783
2.3232196723355076
2.270942421748537
2.049452072789394
2.2841591278514217
1.9591479170272446
2.058813890331201
2.4508257945180882
2.2221915755066783
1.823067982273661
2.3050365325772657
2.0599133595439016
2.744842531753244
2.466247897312731
2.4508257945180882
2.2841591278514217
2.7824156286861546
2.6199707109276353
2.0403733936884962
2.2841591278514217
2.292481250360578
2.3158243335257076
2.595461844238322
2.0403733936884962
2.2122028491557013
2.3695710038552735
2.2221915755066783
2.294693951646702
2.0403733936884962
2.0403733936884962
2.5924973352360503
1.9751060324573735
2.866247897312731
2.2221915755066783
1.823067982273661
2.469240782172285
2.1234786725698864
1.8585552118703144
2.2221915755066783
2.460964047443681
2.2841591278514217
2.2062389286533897
2.545630212071043
2.4508257945180882
2.199687794731328
2.1280852788913944
2.4056390622295662
2.223219672335508
2.08707934660885
1.9080028360592547
2.5495234595978316
1.971747257128181
2.244277826532738
2.5871347239049203
2.744842531753244
2.004886164091843
1.7381493331928664
2.350209029099897
2.038159681645953
1.9508257945180885
2.3037016960573484
2.3789919869000626
2.2221915755066783
2.347312051491349
2.1800365325772657
2.651793902628769
2.606238928653389
2.1149798205164814
2.054585169337799
2.752008201487955
2.2221915755066783
2.499698143184414
2.35845859334435
2.6535442970305683
1.971747257128181
2.2221915755066783
2.4387439204017474
2.7314310535916833
2.2221915755066783
2.2221915755066783
1.8701493576497743
2.6983768564104893
1.5566567074628228
2.0274893113295236
2.063202513215852
2.460964047443681
2.35274578087187
2.2841591278514217
2.5931390622295662
2.2806390622295662
2.289246428509158
2.2140223564550325
3.0557512535244546
2.7329145639793975
2.339572261986723
2.6934855078570905
2.0403733936884962
2.4996981431844145
2.5967916319816364
2.353190671338322
2.2221915755066783
2.828781483140605
2.33012496531497
2.270942421748537
2.510056460356539
2.7395722619867224
2.4996981431844145
2.345851989338261
2.8195833037836837
2.397334910352524
2.118363733909211
2.4056390622295662
2.4466040274496255
1.789929075309999
2.4137995646056805
2.2221915755066783
2.440404017720928
2.9733303786749845
2.218846363733215
2.7045348998193437
2.4416298737872246
2.1179631753145163
2.4613201402110083
2.1782302313375634
2.305465999545557
2.796613851144144
2.440404017720928
2.4658005360098465
2.33012496531497
2.054585169337799
2.0676697637864936
2.4584538292330587
2.086344004663624
2.23345859334435
2.0403733936884962
2.060262039120377
2.206238928653389
2.319973094021975
2.5440240964819503
2.3903360647604432
2.48345859334435
2.2643600549985914
2.254447578972094
2.2841591278514217
2.4416298737872246
2.1708068300952448
2.167124282150162
2.6062389286533896
2.4996981431844145
2.143780234737159
2.396782221599798
2.2892464285091583
2.6556390622295662
2.5861649371335758
2.0403733936884962
2.2841591278514217
2.2221915755066783
2.0070244053996076
2.602217001462482
2.311278124459133
2.218016033267638
2.4508257945180882
2.0403733936884962
1.8423709931771084
2.5306390622295662
2.5495234595978324
2.396782221599798
2.217021885879718
1.9508257945180885
2.0999857329017306
2.5495234595978316
2.221251836004466
1.809200032697812
1.789929075309999
2.2221915755066783
2.5917932260774954
2.4508257945180882
2.084962500721156
1.9877733714879842
2.608110893491817
1.7814033158465872
2.2221915755066783
2.2221915755066783
2.230098511481913
2.367111469779674
2.0403733936884962
2.2221915755066783
2.0272925846688996
2.838201753894687
2.2221915755066783
2.612806864645227
1.789929075309999
2.224601752714581
2.523986065961297
2.0
2.5073801024236357
2.4514324164558836
1.971747257128181
1.823067982273661
1.9182958340544896
2.4137995646056805
2.2221915755066783
2.48345859334435
1.867633890971212
2.287783719941071
2.6073887554426824
2.3596640035317242
2.0817020884930586
2.2221915755066783
2.128085278891394
2.658760326642633
2.3577174691301486
2.2841591278514217
2.606238928653389
2.460964047443681
2.2414460711655217
2.1416195253341384
2.353533948577482
2.254447578972094
1.9508257945180885
2.4137995646056805
2.4584538292330587
2.180153079230089
2.535857775918279
2.4989339252754323
2.472905595320056
2.064042639445697
2.33012496531497
2.2623623773882575
2.3395722619867225
2.3464393446710154
2.4887855917769937
1.6934855078570905
2.2221915755066783
2.4137995646056805
2.221251836004466
2.4416298737872246
1.789929075309999
2.4014473774842418
2.692380602454975
2.499698143184414
2.2221915755066783
1.971747257128181
2.0403733936884962
2.365596230357602
2.472905595320056
2.2221915755066783
2.039353872167201
2.2221915755066783
2.148834854280917
2.1280852788913944
2.473851389610045
2.2221915755066783
2.566441892934783
2.2841591278514217
2.359879028736861
2.125814583693911
2.2342010098207163
2.0403733936884962
1.8580402536887992
2.6292492238560343
1.8700920147903335
2.3928895665397176
1.9877733714879842
2.2221915755066783
2.0403733936884962
2.396782221599798
2.2841591278514217
2.038159681645953
2.556656707462823
1.9746017527145814
2.472905595320056
2.9315063120536706
2.6337314206421327
2.640824177413254
2.219240704636849
2.2221915755066783
1.867633890971212
2.6689801450225326
2.96497606796747
2.245869617795809
2.4980775466236413
2.557506262627725
2.4872754307630833
2.4056390622295662
2.2841591278514217
2.5785519909913264
2.4137995646056805
1.8804563734806237
2.2841591278514217
2.866247897312731
2.7354928635144806
2.289246428509158
2.4340899381887553
2.339572261986723
2.0403733936884962
2.065836241943048
2.0403733936884962
2.10845859334435
2.4508257945180882
2.7329145639793975
2.4508257945180882
2.0403733936884962
2.0403733936884962
2.021782221599798
2.221251836004466
2.128085278891394
2.292481250360578
2.6384600665861555
2.2221915755066783
2.2221915755066783
2.199687794731328
2.146782221599798
2.4961268547517808
1.971747257128181
2.192005835492107
2.5512693629222505
2.33012496531497
2.3068905956085186
2.125814583693911
2.566190216550323
2.3627402784989338
2.4508257945180882
2.5004147094495113
2.458453829233059
2.218542602257215
2.199687794731328
2.278351811711312
1.9508257945180885
2.2810361125534233
2.2841591278514217
1.7924812503605778
1.968873874720721
2.606238928653389
2.1416195253341384
1.789929075309999
1.9877733714879842
2.2221915755066783
2.463243120414859
2.1920058354921066
2.260820318171659
1.971747257128181
2.0403733936884962
2.472905595320056
2.2221915755066783
2.3395722619867225
2.0403733936884962
2.353533948577482
1.9182958340544896
2.0588138903312014
2.2221915755066783
3.0060603254083382
2.429494520451445
1.8423709931771084
2.2221915755066783
2.054585169337799
2.495602923729013
1.7921951936824647
2.8662478973127317
1.971747257128181
2.4137995646056805
2.2221915755066783
2.2221915755066783
2.4613201402110088
2.8630945514207635
1.855388542207534
2.2221915755066783
2.2841591278514217
2.3458519893382603
2.4137995646056805
2.6825887305018328
2.0403733936884962
1.819185511093274
2.196957186327418
2.422579761842492
2.117492461184755
2.380430487800112
2.0403733936884962
1.9192112991783832
2.5032583347756456
2.4380672781288104
2.4137995646056805
2.581343066358878
2.0550365325772657
2.199687794731328
2.0403733936884962
1.6240842182118767
2.1416195253341384
2.2221915755066783
2.2221915755066783
2.7806390622295662
1.971747257128181
2.6140054628542204
2.8138461086383852
2.2221915755066783
2.4508257945180882
2.472905595320056
2.5082672032717372
2.2472150462418523
2.2841591278514217
1.94770277922009
2.049452072789394
2.5934290883117237
2.7873200754264227
1.9586464833608743
2.3609640474436815
2.822181958642873
2.2841591278514217
2.5868878409958143
2.378991986900062
1.7128025995084721
1.8728628906348632
2.968550076789528
2.357717469130148
2.651793902628769
2.4137995646056805
2.4577174691301487
2.2221915755066783
1.855388542207534
2.2841591278514217
2.744842531753244
2.4056390622295662
2.2810361125534233
1.971747257128181
2.7013471916534084
2.2062389286533897
2.2389205950315936
2.1625782147358086
1.867633890971212
2.495602923729013
2.130926080730337
2.1920058354921066
2.6556390622295662
2.353533948577482
2.359879028736861
2.1492553971685
2.4071453756241565
2.1147869792568113
2.054585169337799
2.4806821149663847
2.4508257945180882
2.0176503615477754
2.38560761948284
2.140092180047027
2.0850551027564763
1.7469327965153287
2.130926080730337
2.460964047443681
2.6127452565852876
2.353533948577482
2.063202513215852
2.263809173883546
2.7398366889572943
1.789929075309999
2.460904932167797
2.606238928653389
2.004886164091843
2.2841591278514217
1.9508257945180885
2.646782221599798
2.2988252450030506
2.1556390622295662
2.2988252450030506
2.1556390622295662
2.521782221599798
2.3458519893382603
2.35274578087187
2.495602923729013
1.584962500721156
1.584962500721156
2.460904932167797
1.584962500721156
2.460904932167797
1.584962500721156
1.823067982273661
2.2221915755066783
2.2810361125534233
1.823067982273661
1.971747257128181
2.2221915755066783
2.107833210824613
2.1464393446710157
2.380430487800112
2.2221915755066783
2.5785519909913264
2.60845859334435
2.0403733936884962
2.4305581193736168
2.2221915755066783
2.2841591278514217
1.994299475957303
3.0314018453921716
2.2221915755066783
2.908693925714441
2.0741647430225756
2.2877837199410704
2.5032583347756456
2.1607047528877827
2.1812056673346514
2.23345859334435
2.633399014797716
2.254447578972094
2.309398865160544
2.2825887305018338
2.495602923729013
1.971747257128181
2.676737030052132
2.199687794731328
2.727217001462482
2.4662478973127313
2.3584585933443494
1.914341183612352
2.4416298737872246
2.2221915755066783
2.1887870678023824
2.460605779953793
2.005977711423774
2.004886164091843
2.4056390622295662
2.271873374541579
2.292071752457787
2.349601752714581
2.396782221599798
2.366079445682285
2.5559130951758244
2.2221915755066783
2.359879028736861
2.1280852788913944
2.353533948577482
2.2724994555866935
1.9591479170272446
1.9508257945180885
2.0403733936884962
2.4056390622295662
2.35274578087187
2.4137995646056805
2.1607195903060243
1.9473387961875537
2.8662478973127308
2.3253314601288055
2.4164997849817103
2.4225797618424916
1.971747257128181
2.327632809290636
1.760495029766198
2.771782221599798
2.029526332323075
2.054585169337799
2.375
2.4634582986483036
2.054585169337799
2.1556390622295662
2.516150648454355
2.1920058354921066
2.6699017366229683
1.971747257128181
2.038159681645953
2.345851989338261
2.004886164091843
2.1920058354921066
2.2684727516311214
2.3523479118118216
2.33012496531497
2.0403733936884962
2.3134597501718237
2.353190671338322
2.125814583693911
2.308994908929848
2.5954618442383217
2.199687794731328
2.360964047443681
2.4613201402110088
2.224601752714581
2.1735572622751853
2.2221915755066783
3.0246353877399743
1.971747257128181
2.345719283930527
2.9688840705376354
2.2841591278514217
2.495602923729013
2.1774212838293647
2.0717350271381694
2.4399962136077997
2.277405811425518
2.1179631753145163
2.2981274196189005
2.219999332595288
2.4508257945180882
2.7282273565526785
2.368547776483758
2.396782221599798
2.2408572864930365
2.2221915755066783
1.705457615728886
2.155913095175825
2.472905595320056
2.004886164091843
2.2841591278514217
2.7045348998193437
2.0403733936884962
2.2221915755066783
2.049452072789394
2.727217001462482
2.7254805569978675
2.4081322010074624
2.778421949088297
2.447338796187554
2.2627834289765825
2.2841591278514217
2.852217001462482
2.418722908066561
2.022579761842491
2.786035498760508
1.855388542207534
2.646782221599798
2.4137995646056805
1.914341183612352
2.217021885879718
2.0403733936884962
2.2221915755066783
1.823067982273661
2.588455654898018
2.2221915755066783
2.0458416408851736
2.460904932167797
2.2221915755066783
2.049452072789394
2.1607047528877827
2.004886164091843
2.2221915755066783
2.1280852788913944
2.004886164091843
2.0403733936884962
2.1920058354921066
2.457553327784217
2.343257873344267
2.1774212838293643
2.061423239400896
1.905924427043544
2.6546788515403423
2.183754831923921
1.8423709931771084
2.4508257945180882
2.2841591278514217
2.4416298737872246
2.2221915755066783
2.0403733936884962
2.2221915755066783
2.6416041678685933
2.2221915755066783
2.6653217324741894
2.251629167387823
2.353533948577482
2.5495234595978316
2.4416298737872246
2.125814583693911
2.004886164091843
2.125814583693911
2.0403733936884962
1.8553885422075338
2.5032583347756456
2.801515280317513
2.649397470347699
2.2221915755066783
2.0874628412503395
2.5566567074628237
2.289246428509158
1.789929075309999
2.404793302461802
2.0403733936884962
2.523986065961297
2.125814583693911
2.682588730501833
2.2841591278514217
2.380430487800112
2.6292492238560343
2.021782221599798
2.013132465170739
2.2841591278514217
2.48345859334435
2.311278124459133
1.7841591278514217
2.349601752714581
2.2221915755066783
2.2030713060627085
2.472905595320056
2.5785519909913264
2.125814583693911
2.279799131837405
1.8919954870390203
2.2221915755066783
2.111095787753339
1.971747257128181
2.395461844238322
2.1920058354921066
2.2221915755066783
2.4416298737872246
2.221251836004466
2.4508257945180882
2.2221915755066783
2.292481250360578
2.406666316740689
2.1280852788913944
2.4416298737872246
2.2221915755066783
2.4164997849817107
2.054585169337799
2.495602923729013
2.2841591278514217
2.6535442970305683
2.2841591278514217
2.4508257945180882
2.535857775918279
2.1474307977838274
2.349601752714581
2.593346763463734
2.23345859334435
1.789929075309999
1.971747257128181
2.5580510765444577
2.1416195253341384
2.4137995646056805
2.2221915755066783
2.005977711423774
2.2065442182128785
2.403677461028802
2.2221915755066783
2.521782221599798
2.3921472236645345
2.467557812567218
2.2841591278514217
2.199687794731328
2.221251836004466
2.2232196723355075
2.260820318171659
2.2841591278514217
2.2221915755066783
2.327632809290636
2.1577174691301484
2.606238928653389
2.2221915755066783
2.4584538292330587
2.3935474965388988
2.499698143184414
2.287783719941071
2.2841591278514217
2.606238928653389
2.2841591278514217
2.682588730501833
2.308300227683101
2.25
2.556656707462823
2.2221915755066783
2.784590980373664
2.6625732651509115
2.6203255425432155
2.219240704636849
2.2988252450030506
2.0403733936884962
2.4508257945180882
2.5820599105802575
2.2221915755066783
2.7045348998193437
2.2221915755066783
2.263809173883546
2.1280852788913944
2.2841591278514217
2.0403733936884962
1.823067982273661
1.789929075309999
2.004886164091843
2.289246428509158
2.4137995646056805
2.1800365325772657
2.199687794731328
2.054585169337799
2.4164997849817103
1.8423709931771084
2.350209029099897
1.9211854965885542
2.0
1.8799649487271108
2.4508257945180882
2.2221915755066783
2.353533948577482
2.660129752633257
2.353533948577482
2.0403733936884962
2.4508257945180882
2.406666316740689
2.359879028736861
2.0403733936884962
2.2221915755066783
1.7924812503605778
2.9965191518703467
2.197159723424149
2.2221915755066783
2.2841591278514217
2.0403733936884962
2.33012496531497
2.521782221599798
2.2221915755066783
2.2221915755066783
1.867633890971212
2.4508257945180882
2.4508257945180882
2.4508257945180882
2.4508257945180882
2.4508257945180882
2.4508257945180882
2.4508257945180882
2.4508257945180882
2.4508257945180882
2.4508257945180882
2.4508257945180882
2.4508257945180882
2.4508257945180882
2.4508257945180882
2.4508257945180882
2.4508257945180882
2.4508257945180882
2.4508257945180882
2.4508257945180882
2.4508257945180882
2.4508257945180882
2.4508257945180882
2.4508257945180882
2.4508257945180882
2.4508257945180882
2.4508257945180882
2.4508257945180882
2.4508257945180882
2.4508257945180882
2.4508257945180882
2.4508257945180882
2.4508257945180882
2.2841591278514217
2.2841591278514217
2.2841591278514217
2.2841591278514217
2.4508257945180882
2.4508257945180882
2.4508257945180882
2.4508257945180882
2.4508257945180882
2.4508257945180882
2.4508257945180882
2.4508257945180882
2.4508257945180882
2.4508257945180882
2.4508257945180882
2.4508257945180882
2.4508257945180882
2.4508257945180882
2.4508257945180882
2.2841591278514217
2.4508257945180882
2.4508257945180882
2.4508257945180882
2.4508257945180882
2.4508257945180882
2.4508257945180882
2.4508257945180882
2.4508257945180882
2.4508257945180882
2.4508257945180882
2.4508257945180882
2.4508257945180882
2.4508257945180882
2.4508257945180882
2.4508257945180882
2.4508257945180882
2.4508257945180882
2.4508257945180882
2.2841591278514217
2.2841591278514217
2.2841591278514217
2.2841591278514217
2.4508257945180882
2.4508257945180882
2.4508257945180882
2.4508257945180882
2.4508257945180882
2.4508257945180882
2.4508257945180882
2.4508257945180882
2.4508257945180882
2.4508257945180882
2.4508257945180882
2.4508257945180882
2.4508257945180882
2.4508257945180882
2.4508257945180882
2.4508257945180882
2.2841591278514217
2.2841591278514217
2.2841591278514217
2.2841591278514217
2.2841591278514217
2.2841591278514217
2.2841591278514217
2.2841591278514217
2.4508257945180882
2.4508257945180882
2.4508257945180882
2.4508257945180882
2.4508257945180882
2.4508257945180882
2.4508257945180882
2.4508257945180882
1.823067982273661
1.97355611232775
2.5073801024236357
2.251629167387823
2.270942421748537
2.3921472236645345
2.6112700907756814
2.3694320362548176
2.163209593736385
2.0550365325772657
2.6253748631460367
2.855953642864355
2.0403733936884962
2.0403733936884962
2.60845859334435
2.692380602454975
2.2841591278514217
2.353533948577482
2.4834585933443494
2.660129752633257
2.4508257945180882
2.005977711423774
2.3805008600064506
2.0403733936884962
2.0403733936884962
2.4508257945180882
2.353533948577482
2.260820318171659
2.223219672335508
2.58351623201983
2.5512693629222505
2.499698143184414
2.9159668464551354
2.071695404408628
2.5512693629222505
2.647625977626525
2.1887870678023824
2.519047404479502
2.332914563979398
2.004886164091843
2.4325706953571333
2.159989415699323
2.660129752633257
2.4056390622295662
2.2724994555866935
2.4849960987306523
2.3749589477025563
1.8751310486364097
2.2065442182128785
2.556656707462823
2.5290748693293996
2.551269362922251
2.084962500721156
2.822181958642873
2.3517374334224663
2.3392990174013866
1.9508257945180885
2.127986806877675
2.323613792722681
2.0590391046748544
2.5830070977971546
2.0741647430225756
2.460964047443681
1.971747257128181
2.125814583693911
2.813910763031369
2.3199730940219747
2.3199730940219747
2.125814583693911
2.221251836004466
2.460904932167797
2.2221915755066783
1.9036774610288019
2.1992818130163667
2.750046000757358
2.4305946180235427
2.605788667850282
2.5401558233315695
2.8825769529967804
2.0366407419411674
1.709557088431201
2.503251690521601
2.3342564252133498
2.4137995646056805
2.1416195253341384
2.4508257945180882
2.718449940115611
2.1416195253341384
2.292481250360578
2.4508257945180882
1.971747257128181
2.586887840995814
2.0403733936884962
2.1800365325772657
2.4508257945180882
2.262692390839622
2.73345859334435
2.3627402784989338
2.3432578733442675
2.2221915755066783
2.0403733936884962
2.3220847276178658
2.1464393446710157
2.2221915755066783
1.789929075309999
2.0403733936884962
2.567812032533445
1.9016094970590274
2.6384600665861555
2.4164997849817107
2.199687794731328
2.1416195253341384
2.1280852788913944
2.2256108145207376
2.221251836004466
2.5724312513221195
2.125814583693911
2.4926015538428508
2.2221915755066783
2.1995812306460643
2.339572261986723
2.128085278891394
1.7627022003449737
2.2841591278514217
2.130926080730337
2.146782221599798
2.3227569588973984
2.878211620950336
2.1842612638641032
2.8384563773505884
2.004886164091843
2.4508257945180882
1.823067982273661
2.3232196723355076
2.495602923729013
2.2221915755066783
2.452014651828912
2.4662478973127313
2.6743089447228097
2.4928786893420303
1.9863742176031476
2.004886164091843
2.146465798504072
2.3414460711655214
2.4416298737872246
2.359879028736861
2.618421478469208
2.419973094021975
2.7750026517976862
2.0403733936884962
2.5495234595978316
2.944982600672487
2.692380602454975
2.3432578733442675
2.311278124459133
2.2221915755066783
2.5655121711095905
2.4593598634344995
2.1155422604960856
2.051361789187549
2.6257713328654906
2.3183269522460908
2.1842612638641032
2.822181958642873
2.5785519909913264
1.8189237490994328
2.4663173249106327
2.5226203095310216
2.454040796734681
2.4187229080665604
2.2485731395538666
2.373735909525858
2.8134035489691245
2.7614256248083158
2.058813890331201
2.4508257945180882
2.2221915755066783
2.2221915755066783
2.0403733936884962
1.9591479170272446
2.051361789187549
2.3996275363413564
2.074164743022575
2.2585728843419157
2.221251836004466
2.2608203181716595
1.8423709931771084
2.125814583693911
2.292481250360578
2.353533948577482
1.8423709931771084
2.0741647430225756
2.692380602454975
2.2221915755066783
2.0403733936884962
2.503258334775645
2.6292492238560343
2.2221915755066783
2.2806390622295662
2.1607047528877827
2.1615419333359274
2.295217421954582
2.535857775918279
2.4996981431844145
2.5637169871277954
3.011427515436576
2.5728786893420303
2.717182865355984
2.667297826852001
2.7622673813539396
2.606238928653389
2.214701622637604
2.4164997849817107
2.004886164091843
2.2841591278514217
1.9591479170272446
2.133937566094917
2.2221915755066783
2.077819531114783
1.971747257128181
1.971747257128181
2.5358577759182794
2.08746284125034
2.0202442071537563
2.5550365325772657
2.419973094021975
2.4508257945180882
2.60271505079225
2.6601297526332575
2.2221915755066783
1.9400726873486536
2.7806390622295662
2.4508257945180882
2.424835634986198
2.5306390622295662
3.056656707462823
2.3413152774012365
2.4508257945180882
2.2339979078388272
2.2140223564550325
2.4679360295889174
2.7032310597772
2.6008964233396186
2.634602696255584
2.0587779806056763
1.823067982273661
2.5549158909661926
2.345851989338261
2.4508257945180882
2.2221915755066783
2.2221915755066783
1.898246721962494
2.2609640474436814
2.3458519893382603
2.287783719941071
1.971747257128181
2.2684727516311214
2.499698143184414
2.4404040177209283
2.2221915755066783
2.2221915755066783
2.267115751625067
2.133937566094917
2.292481250360578
2.7974168451037094
3.023774631093831
1.789929075309999
2.2221915755066783
2.2221915755066783
2.4956029237290127
2.262362377388257
2.4137995646056805
2.217021885879718
3.0953042811791227
2.406666316740689
2.2221915755066783
2.472905595320056
2.2841591278514217
1.7924812503605778
2.054585169337799
2.2221915755066783
1.971747257128181
2.199687794731328
2.3588718484453604
1.823067982273661
2.117492461184755
2.601227480952956
2.0579243108310066
1.8423709931771088
2.4139337210173206
2.3662501812269836
2.3921472236645345
1.823067982273661
2.606238928653389
2.5626009133151726
2.35274578087187
2.743572922871365
2.2967870144173292
2.2221915755066783
2.195375353851631
1.789929075309999
2.6535442970305683
2.0403733936884962
2.48345859334435
1.971747257128181
2.499698143184414
2.1174924611847548
1.584962500721156
2.3544168939507526
3.0550214097578317
2.500127554732347
2.2577174691301485
2.1633347891038204
2.128085278891394
2.53414684380524
1.823067982273661
2.1729259946691304
2.498864932413718
2.5424826938097276
2.4164997849817103
1.9182958340544896
2.05698542238284
2.2221915755066783
2.125814583693911
2.9681516294997374
2.4137995646056805
2.498077546623641
2.038159681645953
2.4408899517164717
2.475365272149756
2.054585169337799
1.9508257945180887
2.339572261986723
1.9591479170272446
2.4404040177209283
2.330271284264167
2.591793226077496
2.858555211870314
3.0300433912983404
2.2584598927441624
2.0
2.1280852788913944
2.1280852788913944
1.584962500721156
1.7219280948873623
2.270942421748537
2.463458298648303
2.1607047528877827
2.5724312513221195
2.695461844238322
2.0910029073801066
2.4137995646056805
2.1556390622295662
2.374556048381884
2.080500530640267
2.4225797618424916
2.6159406197397375
2.422579761842491
2.9348337757172067
2.694265458420103
2.694265458420103
2.6686450333085068
2.6686450333085068
2.694265458420103
2.694265458420103
2.6686450333085068
2.6686450333085068
2.460904932167797
2.770054798865899
2.7454787519212465
2.568129398256421
3.3983808078979507
2.4605521520382796
2.2221915755066783
1.7924812503605778
2.374693951646702
2.2221915755066783
2.199687794731328
1.6854752972273346
2.278351811711312
2.2892464285091583
1.8997218324096137
2.197159723424149
2.263809173883546
2.472905595320056
2.4305946180235423
2.2221915755066783
2.466247897312731
2.2221915755066783
2.2221915755066783
2.298852726158181
2.2221915755066783
2.682588730501833
1.9751060324573733
2.591793226077496
2.499698143184414
2.1492553971685
2.4996981431844145
2.295217421954582
2.221251836004466
2.382683189255492
2.6535442970305683
2.4416298737872246
2.221251836004466
2.3253314601288055
2.2312702546075758
2.440404017720928
2.199687794731328
2.606238928653389
2.469670487371862
1.6171895725927152
2.4980775466236413
2.1179631753145163
2.2877837199410704
2.0403733936884962
2.0403733936884962
2.5566567074628237
1.9877733714879842
2.2221915755066783
2.2221915755066783
2.2221915755066783
2.2221915755066783
2.2825887305018338
2.660129752633257
2.007856063692049
2.4508257945180882
2.353533948577482
2.2877837199410704
2.0403733936884962
2.2221915755066783
2.6689801450225326
2.499698143184414
2.3432578733442675
2.2221915755066783
1.8352377453121174
2.0403733936884962
2.2221915755066783
2.536348644823315
2.350209029099897
3.12742132943338
2.4225797618424916
2.0403733936884962
2.343257873344267
2.152672929860389
2.651793902628769
2.439079570624174
2.60845859334435
2.125814583693911
2.33012496531497
2.559536018890547
2.457717469130148
2.0403733936884962
2.696199049814856
2.521782221599798
2.125814583693911
2.4218995498342815
2.125
2.389758003492557
2.518397116698909
2.3447626916050344
2.271782221599798
1.7924812503605778
2.692380602454975
2.7966138511441447
2.263809173883546
2.349601752714581
2.6455933144511463
1.789929075309999
2.4954618442383216
2.396782221599798
2.3473336035116046
2.016875695766564
2.054585169337799
2.343606934864942
1.760495029766198
2.2841591278514217
2.1174924611847548
2.0709549379682834
1.8919954870390203
2.664620963406877
2.084962500721156
2.5559130951758244
2.165131711675571
2.542482693809728
2.5566567074628237
2.221251836004466
2.2221915755066783
2.6556390622295662
2.5445313041488338
2.2841591278514217
2.5495234595978324
2.4305946180235423
2.623778124459133
2.292481250360578
2.4137995646056796
2.0403733936884962
2.2200683022340693
2.2841591278514217
2.054585169337799
2.3037016960573484
2.5341468438052397
2.1124876891689537
2.084962500721156
1.789929075309999
2.004886164091843
2.221251836004466
2.1712874728954157
2.646782221599798
2.8659970951238107
2.2221915755066783
2.1556390622295662
2.4508257945180882
1.9182958340544896
2.2569089895583545
2.629275070710713
2.2544475789720946
2.163334789103821
2.339572261986723
2.6535442970305683
1.94770277922009
2.606238928653389
2.472905595320056
2.390863696857044
2.556656707462823
2.049452072789394
2.1179631753145163
2.049452072789394
2.406666316740689
2.278351811711312
2.2221915755066783
2.049452072789394
2.5032583347756456
2.2221915755066783
2.7806390622295662
2.499698143184414
2.353533948577482
2.460904932167797
2.2695747672123128
2.2221915755066783
2.4508257945180882
2.6384600665861555
2.0403733936884962
2.125814583693911
2.2221915755066783
2.5954618442383217
2.73345859334435
1.823067982273661
2.6689801450225326
2.224601752714581
2.2221915755066783
2.6411209338130157
2.6556390622295662
2.563716987127796
2.660129752633257
2.2841591278514217
2.270942421748537
2.696199049814856
2.2221915755066783
2.822181958642873
2.292481250360578
2.2221915755066783
2.4416298737872246
2.2221915755066783
2.822181958642873
2.6384600665861555
2.6556390622295662
2.4834585933443494
2.0458416408851736
2.396782221599798
2.646782221599798
2.1416195253341384
2.0403733936884962
2.2221915755066783
2.2221915755066783
2.2841591278514217
2.199687794731328
2.049452072789394
2.2221915755066783
2.2221915755066783
2.5306390622295662
2.457717469130148
2.5073801024236357
2.5580510765444573
2.668980145022532
1.971747257128181
2.5724312513221195
1.8810947601100747
2.067031495157584
2.2221915755066783
2.0403733936884962
2.521782221599798
2.117492461184755
2.4875578391326028
2.4416298737872246
1.9182958340544896
2.239678259840456
2.155913095175825
2.2221915755066783
2.2841591278514217
2.146782221599798
2.5495234595978324
2.287866277236509
2.30827083453526
2.498077546623641
2.4137995646056805
2.1174924611847548
2.179350202453772
2.162368783573502
2.065874208306884
2.2841591278514217
2.60845859334435
2.495602923729013
2.606238928653389
1.9873063653085266
2.2623623773882575
2.359879028736861
1.8423709931771084
2.0989295636909353
2.422579761842491
2.0403733936884962
2.2841591278514217
2.5566567074628237
2.4508257945180882
2.0403733936884962
2.3458519893382603
2.221251836004466
2.2221915755066783
1.823067982273661
2.7254805569978675
2.73345859334435
2.1055872616982603
2.2221915755066783
2.375
2.390863696857044
2.3395722619867225
2.208196592277087
2.3050365325772657
2.2221915755066783
2.063202513215852
2.0403733936884962
2.6556390622295662
2.749389675512395
2.471109238269861
2.5868878409958143
2.606238928653389
2.2841591278514217
1.7381493331928664
2.7172273023973528
2.2221915755066783
2.5495234595978324
2.5341468438052397
2.4294945204514447
2.474601752714581
2.432257448553514
2.353533948577482
2.077235445408308
1.9508257945180885
2.19616329959714
2.606238928653389
1.823067982273661
2.0588138903312014
2.103909910282364
2.7757102534458227
2.1842612638641032
2.133937566094917
2.1054105870684143
2.460964047443681
2.084962500721156
1.867633890971212
2.221251836004466
2.049452072789394
2.35274578087187
2.2890179898186576
2.287783719941071
2.2221915755066783
2.521782221599798
1.971747257128181
2.2841591278514217
2.2221915755066783
2.55700273142711
2.218846363733215
1.963563757486909
1.8931558784658322
2.9584734361722425
2.2684727516311214
2.2339979078388272
2.395461844238322
2.125814583693911
2.038159681645953
1.4872297535620076
2.524397470347699
2.278787598135611
2.128085278891394
2.0048861640918427
2.3315198939737636
1.9877733714879842
2.2221915755066783
2.4404040177209283
2.2221915755066783
1.971747257128181
2.4508257945180882
2.0403733936884962
2.406666316740689
2.696199049814856
2.004886164091843
2.1234786725698864
2.3392406039620166
2.390863696857044
2.070264662257932
2.411509198419911
2.4508257945180882
2.034159127851422
2.4996981431844145
1.8879185026711327
2.3658926908659366
1.9852281360342514
3.0249242487210735
2.832262897024269
2.3504369450543847
1.8339272176418302
2.197159723424149
2.125814583693911
2.3920289112139077
2.5785519909913264
2.4237949406953985
2.239097917988786
2.411401312502562
2.274983599956846
1.9274512249645188
2.004886164091843
2.2221915755066783
2.211515855383576
2.60845859334435
2.599581230646064
2.471361248750486
2.364912501682698
2.292481250360578
2.48345859334435
2.4508257945180882
2.4817276788697367
2.396623811079363
2.199687794731328
2.146465798504072
2.1920058354921066
2.499698143184414
2.2184372106643213
2.510056460356539
2.350209029099897
2.6106259180022335
2.2327599240449305
2.5498550315128585
2.4508257945180882
2.438743920401748
2.1556390622295662
2.4508257945180882
2.0403733936884962
1.561278124459133
2.2221915755066783
2.4508257945180882
2.0403733936884962
2.5664418929347828
2.4137995646056805
2.1920058354921066
2.6825887305018337
2.4508257945180882
2.2221915755066783
2.004886164091843
2.499698143184414
1.976648091673972
2.219973094021975
2.390863696857044
2.125814583693911
2.2096909728231857
2.004886164091843
2.2221915755066783
2.004886164091843
2.0634582986483037
2.353533948577482
2.125814583693911
2.2841591278514217
2.0403733936884962
2.2221915755066783
2.4305946180235427
2.3720946377956236
2.2221915755066783
2.054585169337799
2.4508257945180882
2.2221915755066783
2.5515148708628836
2.5
2.60845859334435
2.2221915755066783
2.457717469130148
2.6847985920823696
2.6980757135115945
2.1690354219421173
2.454986855772667
2.0403733936884962
2.353533948577482
1.971747257128181
2.536101753431442
2.0233094378031957
2.208196592277087
2.125814583693911
2.2221915755066783
2.2841591278514217
2.2877837199410704
2.0403733936884962
2.2221915755066783
2.0048861640918427
2.395461844238322
1.971747257128181
1.9056390622295665
2.349601752714581
2.5341468438052397
1.6662786286072528
2.4056390622295662
2.125814583693911
2.1774212838293647
2.146465798504072
2.2221915755066783
2.322756958897399
2.2841591278514217
2.260820318171659
2.2221915755066783
2.2221915755066783
2.353533948577482
2.0403733936884962
2.2221915755066783
2.6384600665861555
2.419973094021975
2.5321680556499793
2.395461844238322
2.4806821149663847
2.1920058354921066
2.100983694881109
2.457717469130148
2.8496603937841622
2.122765238783586
2.4792336948111924
2.1464657985040723
2.049452072789394
1.8089929630946056
2.0445407600969734
2.2221915755066783
1.6500224216483543
2.221251836004466
2.2825887305018333
2.463458298648303
2.221251836004466
2.60845859334435
2.606238928653389
2.4662478973127313
1.8250112108241772
2.217021885879718
2.348987989077528
2.6535442970305683
2.150340243612368
2.1258145836939115
2.4410685859554375
2.216521698179525
2.392240584471393
2.3576039891860257
2.054585169337799
1.789929075309999
2.7060853099750393
1.7924812503605778
1.971747257128181
2.2221915755066783
2.0687942075658454
1.936278124459133
2.4545546929403623
2.499698143184414
2.080500530640267
2.5785519909913264
2.054585169337799
2.0403733936884962
2.2841591278514217
2.2221915755066783
2.0768126291964757
1.7592990812067628
2.100170212833032
2.0464393446710156
2.503258334775645
2.0803319685129282
2.373735909525858
2.5860388152612774
2.2389205950315936
2.696199049814856
2.353533948577482
1.823067982273661
2.2221915755066783
2.4508257945180882
2.1174924611847548
2.2221915755066783
2.7199643047423914
2.6535442970305683
2.0403733936884962
2.064042639445697
2.4404040177209283
2.054585169337799
2.8817038337808416
2.11121658843249
2.2856005389623073
2.353190671338322
1.2856069126457068
3.1495660886620653
2.599581230646065
2.4806821149663847
2.48345859334435
1.8689455037532188
2.146465798504072
2.2841591278514217
2.6825887305018328
2.3445541524423494
1.9852281360342514
2.5580510765444573
2.702904337188607
2.390863696857044
2.100560296327809
1.971747257128181
2.463458298648303
2.0021722231837638
2.311278124459133
2.473851389610045
1.9877733714879842
2.469240782172285
2.365596230357602
2.556656707462823
2.586887840995814
2.2221915755066783
2.5341468438052397
2.785554632098879
2.2221915755066783
2.2221915755066783
2.1280852788913944
2.2877837199410704
2.3283862904278743
2.0403733936884962
2.2221915755066783
2.4056390622295662
2.2221915755066783
1.8423709931771086
2.192005835492107
2.2806390622295662
2.742399093477351
1.4591479170272448
1.971747257128181
2.2684727516311214
2.33012496531497
2.359879028736861
2.2221915755066783
2.0403733936884962
2.224601752714581
1.971747257128181
1.8423709931771084
2.6890255736436504
1.584962500721156
2.2221915755066783
2.2221915755066783
2.1920058354921066
2.1179631753145163
2.4225797618424916
2.2389205950315936
2.4613201402110088
2.6601297526332575
2.53414684380524
2.0403733936884962
1.983084164143437
1.7360411676599226
2.054585169337799
2.353533948577482
2.3317663774021273
2.3328786893420306
2.1156351273037877
1.9295015960810527
2.1377785457145273
2.199687794731328
2.004886164091843
2.5495234595978324
2.4404040177209283
2.2221915755066783
2.8153337792923416
2.5306390622295662
2.589137680080281
1.9764892117991657
2.353533948577482
2.2221915755066783
2.004886164091843
2.629249223856034
2.7339419795904845
2.0458416408851736
2.474601752714581
2.7153126865814885
2.463458298648303
2.2221915755066783
2.3232196723355076
2.2877837199410704
1.8980933736695382
2.297132549959593
2.33012496531497
2.007856063692049
2.823184514019025
2.016875695766564
2.7806390622295662
2.5230741894285695
2.205622122024847
2.353533948577482
2.359879028736861
2.2841591278514217
2.2988527261581813
1.8553885422075338
2.369696689044702
2.626310981871221
2.4508257945180882
2.2684727516311214
2.298852726158181
2.521782221599798
2.0615021685052324
2.902847620477935
2.2221915755066783
2.2877837199410704
2.460605779953793
2.5495234595978316
2.419973094021975
2.8692750707107137
2.199687794731328
2.058240682999826
2.289246428509158
2.772185460511672
2.004886164091843
2.2221915755066783
2.5495234595978316
1.584962500721156
2.3267721485152837
2.2221915755066783
1.9508257945180885
3.1110658094459587
2.462683189255492
2.4416298737872246
2.217021885879718
2.2841591278514217
2.4508257945180882
2.2221915755066783
2.0785353655857572
2.692380602454975
2.2221915755066783
1.9852281360342514
1.823067982273661
2.2221915755066783
2.0403733936884962
2.5917932260774954
2.4996981431844145
1.7924812503605778
2.146782221599798
2.18324590009608
2.4137995646056805
2.125814583693911
2.629249223856034
2.2221915755066783
2.3942811477133943
2.866247897312731
2.2221915755066783
2.2841591278514217
2.2221915755066783
2.161978179679554
2.2841591278514217
2.046439344671015
2.322756958897399
2.374556048381884
2.4655717593918474
1.7841591278514217
2.629249223856034
2.460904932167797
3.122459275301323
2.6472103113389793
2.084962500721156
3.133380719055401
2.186278124459133
2.292481250360578
2.353533948577482
2.2221915755066783
2.5703326197105736
2.595461844238322
2.2877837199410704
2.6825887305018328
2.2974533091219698
1.962806631693174
2.0451773863466505
2.292481250360578
2.395188576542367
2.9634300782943592
2.3942811477133943
2.125814583693911
2.8220200356000613
1.971747257128181
1.6446657206472801
2.8662478973127308
2.137876503740628
2.295461844238322
2.2221915755066783
2.1470776733965518
2.390863696857044
2.668980145022532
2.4875578391326028
2.0403733936884962
2.2877837199410704
2.2221915755066783
1.9311422645161296
2.049452072789394
2.114805144339332
2.353533948577482
2.103909910282364
2.2221915755066783
2.1416195253341384
2.117492461184755
2.0989295636909353
2.221251836004466
2.2750849518197795
2.217021885879718
2.345851989338261
2.4996981431844145
2.339572261986723
2.851746185907433
2.352217001462482
2.054585169337799
2.0
2.33012496531497
2.3305576533947314
2.229946532763276
2.3329145639793976
2.046439344671015
1.8171245697587874
2.206238928653389
2.005977711423774
2.0049355947431313
2.741421824565107
1.8642133402307257
2.3220847276178658
2.2368340333330043
2.6062389286533896
2.2221915755066783
2.742589501851919
2.5073801024236357
2.2810361125534233
2.7664736749673877
2.090769563330573
2.4806821149663847
1.971747257128181
2.049452072789394
2.347312051491349
2.7021820427325256
2.053263574566956
2.872511153838009
3.0804368401880673
2.2983094013008034
2.004886164091843
2.225610814520738
2.5559130951758244
2.2806390622295662
2.640824177413254
1.8843135277997989
2.4508257945180882
2.4387439204017474
2.457717469130148
2.5550365325772657
2.0078560636920493
2.2221915755066783
2.1971597234241496
2.3799546121958626
2.472905595320056
2.137150682895315
2.9240924804297177
2.21577067413792
2.4696202551455197
2.4014300271990585
2.0403733936884962
2.0403733936884962
2.499698143184414
2.263809173883546
1.943997530240833
2.1613981572708454
2.732914563979398
2.2221915755066783
2.0403733936884962
2.4226754683112177
2.6423714487439023
2.0225797618424917
2.0403733936884962
2.3954618442383215
2.074164743022575
1.5566567074628228
2.627601311512056
1.971747257128181
2.4137995646056805
1.983084164143437
2.359879028736861
2.125814583693911
2.5400712272231747
1.789929075309999
2.0403733936884962
1.8423709931771086
1.971747257128181
2.4508257945180882
2.4577174691301487
2.2783518117113117
2.4416298737872246
2.1774212838293647
2.606238928653389
2.0403733936884962
2.606238928653389
2.5868878409958143
2.6337314206421327
2.696199049814856
2.314979820516481
2.499390335457491
2.339513641785163
2.1280852788913944
2.0954618442383217
2.899397470347699
2.221251836004466
2.3594559773258243
2.225605199016944
2.038159681645953
2.2783518117113117
2.4137995646056805
2.3395722619867225
2.0403733936884962
2.1416195253341384
2.2221915755066783
1.9215419333359278
2.495602923729013
1.9311187687034965
2.5831623698356787
2.622733639029705
2.221251836004466
2.3232196723355076
2.2221915755066783
1.9508257945180885
1.760495029766198
2.0403733936884962
2.2516291673878226
2.3523479118118216
2.2221915755066783
2.2221915755066783
2.4508257945180882
2.0403733936884962
2.004886164091843
2.2221915755066783
2.197159723424149
2.4600493597289113
2.2751614739238737
2.713216235691139
2.866247897312731
1.4591479170272448
2.2221915755066783
2.0403733936884962
2.2892464285091583
1.8585552118703144
2.6535442970305683
1.9056390622295665
2.2221915755066783
1.8676338909712125
2.125814583693911
2.4729055953200563
2.2858063886958977
2.6084585933443494
2.521782221599798
2.6535442970305683
2.4584538292330587
2.8806261511128777
2.4137995646056805
2.0131324651707385
2.2841591278514217
1.971747257128181
2.583910868784185
2.675242815031429
2.146465798504072
2.463458298648303
2.3577174691301486
2.6986604604011157
2.636565630242719
2.217021885879718
2.1800365325772657
2.533206219346495
2.472192021530553
2.279799131837405
2.3458519893382603
2.2221915755066783
2.8239027614414636
1.81294527625988
2.4584538292330587
2.2444999084014046
2.6556390622295662
2.4613201402110083
2.0015419333359277
2.1577174691301484
2.4137995646056805
2.777776811456787
2.5868878409958143
2.2221915755066783
2.2221915755066783
2.2841591278514217
2.2841591278514217
2.4569885365913757
2.521782221599798
2.6830396912081187
2.049452072789394
2.2221915755066783
2.1897981900809884
2.343257873344267
2.2670525739528125
1.823067982273661
2.5501249075754853
1.971747257128181
2.2221915755066783
2.349601752714581
2.2621987351738495
2.4225797618424916
2.221251836004466
2.3053206513329316
2.1892869761976885
2.05698542238284
2.0981832382777386
2.392277173072062
1.867633890971212
2.038159681645953
2.004886164091843
2.084962500721156
2.063558608511122
2.422579761842491
2.199687794731328
2.739572261986723
2.496692335452978
2.692380602454975
2.4508257945180882
2.2221915755066783
2.7724509304845637
2.460904932167797
2.3921472236645345
2.278351811711312
2.106048095418327
2.6049355947431314
2.270942421748537
2.2737288290053255
2.1294672060730395
2.0403733936884962
2.199687794731328
1.971747257128181
2.6022170014624826
2.2841591278514217
2.2221915755066783
2.221251836004466
2.046560277751641
2.2221915755066783
2.251629167387823
2.128085278891394
2.5131025872458284
2.2221915755066783
2.646782221599798
2.6417062775743134
2.60845859334435
2.8251427185269375
2.4296826066444486
2.4164997849817103
1.867633890971212
2.2841591278514217
2.752715278979705
2.2841591278514217
2.3805008600064506
2.279799131837405
2.221251836004466
2.2841591278514217
2.2221915755066783
2.3302234704100635
2.542482693809728
2.019973094021975
2.6379271790402132
2.353810979580011
2.2221915755066783
2.0403733936884962
2.4416298737872246
2.128085278891394
2.4806821149663847
1.9852281360342516
2.5487949406953985
2.4705497408885946
2.8017170527129567
2.2221915755066783
1.854285871987246
2.2584598927441624
2.287783719941071
2.732914563979398
2.2221915755066783
2.2892464285091583
2.3761131175056036
2.1556390622295662
2.495602923729013
1.789929075309999
2.2221915755066783
2.0403733936884962
2.644462784366856
2.0923953729624785
2.8662478973127308
1.971747257128181
2.353533948577482
2.2034386403358424
2.146782221599798
2.4867930213024025
2.696199049814856
1.9591479170272446
1.584962500721156
2.599581230646064
2.419973094021975
1.971747257128181
2.038159681645953
2.5427483264461177
2.4996981431844145
2.08132205902363
2.125814583693911
2.406647097785926
2.224601752714581
2.4225797618424916
2.0403733936884962
2.287783719941071
2.396782221599798
2.0403733936884962
1.8423709931771086
2.2221915755066783
1.9591479170272446
2.7806390622295662
2.054585169337799
2.2221915755066783
2.2221915755066783
2.260820318171659
2.2221915755066783
2.353533948577482
2.2221915755066783
2.2101213315230437
2.2221915755066783
2.4609640474436816
2.01702179608044
2.2070024854224286
2.4115091984199104
2.418722908066561
2.7247198033190516
2.0552602782732605
2.3823743017571752
2.1174924611847548
2.3242764617775693
2.0403733936884962
1.748394345536403
2.445249011792689
2.2548311096490115
1.936278124459133
2.969389419529156
2.2221915755066783
2.4305946180235423
2.5750950799264603
2.0403733936884962
2.216521698179525
1.9772354454083079
2.0403733936884962
1.823067982273661
2.0403733936884962
1.8262452584026092
2.208196592277087
2.2221915755066783
2.1174924611847548
1.9523612813926658
2.0403733936884962
2.199687794731328
2.591793226077496
1.9609640474436814
2.0403733936884962
2.054585169337799
2.319973094021975
2.2221915755066783
1.809200032697812
2.270942421748537
2.270942421748537
2.270942421748537
2.2806390622295662
2.2806390622295662
2.2806390622295662
2.2221915755066783
2.270942421748537
2.270942421748537
2.270942421748537
2.4164997849817107
2.2221915755066783
2.1179631753145163
2.2806390622295662
2.2806390622295662
2.2806390622295662
2.270942421748537
2.2841591278514217
2.3921472236645345
2.2221915755066783
2.270942421748537
2.270942421748537
2.270942421748537
2.2806390622295662
2.2806390622295662
2.2806390622295662
2.270942421748537
2.270942421748537
2.270942421748537
2.2544475789720946
2.146465798504072
2.4137995646056796
2.353533948577482
2.390863696857044
2.7806390622295662
2.499698143184414
2.2221915755066783
2.4508257945180882
2.619970710927636
1.7295739585136223
2.2221915755066783
2.3841837197791884
2.595461844238322
2.2221915755066783
2.0550365325772657
2.0545851693377997
2.2841591278514217
2.2806390622295662
2.58343600278974
2.2806390622295662
2.624518654958899
2.562907291846956
1.9877733714879842
2.2892464285091583
2.038159681645953
2.730123082799401
2.575011210824177
2.6820058147602137
2.7721854605116723
2.4164997849817103
2.322756958897399
1.5282943801394038
2.646782221599798
2.521782221599798
2.125814583693911
2.390863696857044
2.4137995646056805
2.199687794731328
2.038159681645953
2.004886164091843
1.971747257128181
2.054585169337799
1.920468057238253
2.4863286677871854
1.8339272176418302
2.8138461086383852
1.8691344640382324
2.353533948577482
2.2485731395538666
2.520244207153756
2.2221915755066783
2.2221915755066783
2.503258334775645
2.343257873344267
2.004886164091843
2.2221915755066783
1.8262452584026092
2.3050365325772657
2.3342564252133498
2.6062389286533896
2.1632517235279303
2.2930266017029326
2.228954932940702
2.1933887191250436
2.2841591278514217
2.3948603164260978
2.5541522113239497
2.0403733936884962
2.2221915755066783
2.2221915755066783
2.0403733936884962
1.9591479170272446
2.5844934792265306
2.2856005389623073
2.0758692966977272
2.33012496531497
2.0458416408851736
2.2221915755066783
2.11288762151816
2.054585169337799
2.2783518117113117
2.295461844238322
2.0403733936884962
1.8856280438331625
2.498077546623641
2.4187229080665604
2.8353025453241543
1.854285871987246
2.6709505944546685
2.4508257945180882
2.353533948577482
2.499698143184414
2.2221915755066783
2.2221915755066783
2.5386177227041538
2.495602923729013
2.0403733936884962
1.9852281360342514
1.8050365325772657
2.217021885879718
3.0398488629116116
2.2221915755066783
2.35274578087187
2.004886164091843
2.0192365361682794
2.107833210824613
1.896146483360874
2.331124393153769
2.5341468438052397
2.5304930567574826
2.744842531753244
2.358938532350277
2.084962500721156
2.496126854751781
2.5341468438052397
2.6535442970305683
2.6379185026711327
2.4137995646056805
2.251629167387823
2.0403733936884962
2.4979628732118675
2.004886164091843
2.263809173883546
2.4508257945180882
2.2569089895583545
2.353533948577482
2.004886164091843
2.646782221599798
1.9021748142117278
2.35845859334435
2.458453829233059
2.35274578087187
2.0403733936884962
2.2221915755066783
2.2256108145207376
2.7777768114567865
2.3220847276178658
2.0403733936884962
2.2221915755066783
2.205109900073869
2.004886164091843
2.544125114322321
2.6352492797051865
2.778952710971321
3.208841023458689
2.09389256327771
2.359879028736861
2.58626962504552
2.4164997849817103
2.316131524180188
1.789929075309999
2.202134443105025
1.8585552118703144
1.8352377453121174
2.2945199082544616
2.3432578733442675
2.5577174691301483
2.696199049814856
2.732914563979398
2.815072410115943
2.5785519909913264
2.4996981431844145
2.5094780043561267
2.162294909570876
2.614369445886757
2.2221915755066783
2.119035274338866
2.8142326219248046
2.2841591278514217
1.9377806684863803
1.9508257945180885
2.359879028736861
2.75651642043673
2.2221915755066783
2.553575352502365
2.097150341667889
2.8677775781158905
1.7111690906776564
2.6689801450225326
2.237040734103047
2.167124282150162
2.0116298903693024
3.1392619307348246
2.204999200176743
2.5026574284471397
2.4416298737872246
2.534050606854918
1.9464393446710153
2.1577174691301484
2.370430461078689
2.2584598927441624
2.004886164091843
2.2221915755066783
2.117492461184755
2.368626181738004
1.8092830792973653
2.146782221599798
2.392906268909863
2.2256051990169436
2.1179631753145163
2.320203884861714
2.4164997849817103
2.522620309531022
2.4040097573248596
2.0979931624271395
2.287783719941071
2.271782221599798
2.305031770438536
2.4729055953200563
2.4584538292330587
2.2256051990169436
2.7545991275046697
2.2221915755066783
2.523986065961297
2.199687794731328
2.9276942711037672
2.191737433422466
1.8176437577656166
2.668980145022532
2.1556390622295662
2.4996981431844145
2.7360790008164235
1.790250983833985
2.1398063533628155
2.0403733936884962
2.1147869792568113
2.10713502717107
1.8773870642966133
2.2221915755066783
2.7395722619867224
2.63695620705987
2.1280852788913944
2.3609640474436815
1.9986525468781666
2.2221915755066783
2.3177224818376847
2.3395722619867225
2.063202513215852
2.696199049814856
2.682588730501833
2.738425661177356
2.9742566750815205
2.3388300735571117
2.005977711423774
2.0403733936884962
2.139721832409614
2.4996981431844145
2.1895084675586203
2.2945446341976985
2.53414684380524
2.406666316740689
2.817168601737518
1.9698157824268105
2.5495234595978316
2.134969974603941
2.0461796919474975
1.789929075309999
2.221251836004466
2.0670314951575843
2.4789990674205953
2.2684727516311214
2.221251836004466
2.199687794731328
1.9877733714879842
2.4508257945180882
1.9182958340544896
2.4508257945180882
2.58429531609601
2.2221915755066783
2.4416298737872246
2.2065442182128785
2.0403733936884962
2.4040097573248604
2.2432255770024763
2.219240704636849
2.221251836004466
2.5239860659612976
2.1633347891038204
2.8890046142630146
2.2841591278514217
2.2369837554745207
2.4909919381156778
2.002755067189044
2.4922031072054134
2.521782221599798
2.5868878409958143
2.212503842372268
2.4584538292330587
2.6990199844009077
2.2221915755066783
2.4416298737872246
2.6203255425432155
2.5264283109928236
2.292481250360578
2.440404017720928
2.502408278790008
2.397174530379931
2.349601752714581
2.3305576533947314
2.1725535823855564
2.180337381067571
2.360964047443681
2.2221915755066783
2.165131711675571
2.4508257945180882
2.3244093931715555
2.2140221526325017
2.263809173883546
2.221251836004466
1.8585552118703144
2.3355055565170972
2.008694969562842
1.971747257128181
2.125814583693911
1.9508257945180885
2.284476351041122
2.460904932167797
2.246439344671016
2.15887184844536
2.1054105870684143
2.2221915755066783
2.1711395066729176
2.221251836004466
2.0403733936884962
2.415922063835166
2.535857775918279
2.825715582384555
2.2221915755066783
2.3758796451508135
2.422579761842491
2.0403733936884962
2.4137995646056805
2.2065442182128785
2.1492553971685
2.2221915755066783
2.441629873787224
1.9508257945180885
2.2221915755066783
2.847210311338979
2.807210311338979
2.905684996641921
3.0390809743184573
2.2221915755066783
1.9090904229182015
2.4996981431844145
2.6840172808298455
2.2221915755066783
2.2684727516311214
2.5057316549680175
2.403677461028802
2.3068905956085186
2.714897489401597
2.422579761842491
1.971747257128181
2.3395722619867225
2.6262221789759863
1.867633890971212
2.3695710038552735
2.8443609377704338
2.6337314206421327
2.2221915755066783
2.239097917988786
2.460904932167797
2.1179631753145163
2.1149798205164814
2.521782221599798
1.8801799226757383
2.1887870678023824
2.353533948577482
2.7777768114567865
2.1464657985040723
2.1684656711105887
2.330939184260528
2.1209520310264036
2.2841591278514217
1.8828560636920488
2.378991986900062
2.263809173883546
2.125814583693911
2.349601752714581
1.9182958340544896
2.4404040177209283
2.5226203095310216
2.2331239486563654
2.217021885879718
2.6474552200372297
2.5525496777656036
2.5492553971684995
2.3685225277282065
2.1651317116755706
2.0403733936884962
2.2407104678209473
2.2221915755066783
2.1884930703645584
2.823814706333186
2.7437544749761984
2.374556048381884
2.6062389286533896
2.2494647818454676
2.3134597501718237
2.323219672335508
3.067604025811132
2.331766377402127
2.521782221599798
1.9508257945180885
2.8527457808718704
2.472905595320056
2.710267319539244
2.2390183299752544
2.6143078199110326
2.2221915755066783
2.4262927116736352
2.5492553971685
2.484996098730652
1.968873874720721
2.6501831874203665
2.2841591278514217
2.30827083453526
1.898029324382942
2.3458519893382603
3.1829283700803175
1.9913981654558868
2.0077530035925495
2.000217041595824
2.6485628575976596
2.0403733936884962
2.0403733936884962
2.359879028736861
2.606238928653389
2.1031490503321058
2.221251836004466
2.289246428509158
2.3248629576173565
1.971747257128181
2.004886164091843
2.2841591278514217
2.2221915755066783
2.4508257945180882
2.2588718484453603
2.353810979580011
2.075074223172834
2.1174924611847548
2.5032583347756456
2.3942811477133943
1.7924812503605778
2.287783719941071
2.1149798205164814
2.4225797618424916
2.0577174691301483
2.279799131837405
2.349601752714581
2.128085278891394
2.2221915755066783
1.8250112108241772
2.727217001462482
2.5580510765444573
2.084962500721156
2.35845859334435
2.2221915755066783
2.2221915755066783
2.6556390622295662
1.971747257128181
2.117492461184755
2.2698157169987727
2.2221915755066783
2.358938532350277
2.2221915755066783
2.35274578087187
2.4996981431844145
2.004886164091843
2.4508257945180882
2.335505556517097
2.4508257945180882
2.251629167387823
2.4956029237290123
2.1280852788913944
2.1920058354921066
2.2841591278514217
2.2221915755066783
2.1280852788913944
1.7684094039032856
2.652862755873464
2.327632809290636
2.744842531753244
2.3253314601288055
2.127986806877675
1.5113063810001521
2.0597218324096134
2.7138755975478235
2.574865137793185
2.125814583693911
2.0360323882713622
2.4137995646056805
2.1920058354921066
2.353533948577482
1.789929075309999
2.3373679186862875
1.789929075309999
2.6384600665861555
2.3414957149129734
2.861575817764811
2.2221915755066783
2.5424826938097276
3.036108018978108
2.2810361125534233
2.396782221599798
2.3577174691301486
2.4577174691301487
2.469670487371862
2.4569885365913753
2.1920058354921066
2.289246428509158
1.9715107774877754
2.348394345536403
2.463389624459764
2.3921472236645345
2.177694271103767
2.221251836004466
2.3216272628243972
2.333491550998418
1.8690248166989816
2.2221915755066783
2.4350849518197792
2.2221915755066783
2.054585169337799
2.5226203095310216
2.4508257945180882
2.278351811711312
1.9211796919474975
2.658598181712278
2.0403733936884962
2.495602923729013
1.8250112108241772
2.492955567161661
2.2221915755066783
2.004886164091843
2.1920058354921066
2.2684727516311214
2.6274906310814994
2.038159681645953
2.3004241080832215
2.4508257945180882
2.6556390622295662
2.247801461864506
2.6535442970305683
2.0403733936884962
2.4410685859554375
2.2221915755066783
2.385037656842365
2.4508257945180882
2.4996981431844145
2.1280852788913944
1.823067982273661
2.4322574485535142
2.5077129135961314
2.221251836004466
2.054585169337799
2.614369445886757
2.2841591278514217
2.339572261986723
2.169925001442312
2.406666316740689
1.9182958340544896
2.5724312513221195
2.4508257945180882
2.457717469130148
2.128085278891394
1.867633890971212
2.172204187695932
2.2841591278514217
2.4164997849817103
2.0403733936884962
2.4508257945180882
2.004886164091843
2.4232196723355077
2.7703019864051766
2.2221915755066783
2.3317663774021273
2.399397470347699
2.045841640885174
2.521782221599798
2.2221915755066783
2.1174924611847548
2.4416298737872246
2.115982723870921
2.2841837197791888
2.375
2.4404040177209283
2.4569885365913753
1.990904784986259
2.2841591278514217
2.25
2.1556390622295662
2.0
2.4416298737872246
2.278351811711312
2.1349504119990184
2.0938948789533263
2.313459750171824
2.049452072789394
2.2221915755066783
2.0939288748901514
2.284518514439688
2.642674450189932
2.660129752633257
2.278351811711312
2.597609475494318
1.7913735870221323
2.175241917363884
2.1570794473085484
1.9288979029874787
2.3507720234032266
2.5218619553045025
2.68736204999295
2.312907291846956
1.9677201004744993
2.0798814182820933
1.7489992230622806
2.4164997849817103
2.369696689044702
2.558106629718651
2.2841591278514217
2.606238928653389
2.7014332392550497
2.6778142887227663
2.10973793212989
2.331802673624286
3.0406286805047316
2.2221915755066783
2.0403733936884962
2.0588138903312014
1.971747257128181
2.6825887305018328
2.2221915755066783
2.2221915755066783
2.251629167387823
2.267043726679543
2.286815675083583
2.2294688696510314
2.7907462756516472
2.96714822793866
2.6954618442383222
2.418722908066561
2.252878689342031
2.6332537734403667
2.558938532350277
2.2221915755066783
2.2221915755066783
2.6026051487677933
2.4508257945180882
2.521782221599798
2.606238928653389
1.8741854163060887
2.345851989338261
2.2221915755066783
2.206238928653389
1.7924812503605778
2.7952304862810493
2.2825887305018333
1.9751060324573733
1.971747257128181
2.1416195253341384
3.0134986645507604
2.39207883297832
2.287783719941071
2.557506262627725
1.994563860004474
2.472905595320056
2.278351811711312
2.2717035982937808
2.1464657985040723
2.1967916319816365
2.359879028736861
2.2221915755066783
2.2221915755066783
2.2221915755066783
2.2516144718101816
2.2221915755066783
2.054585169337799
2.422579761842491
2.2221915755066783
2.0403733936884962
2.074164743022575
2.2221915755066783
2.2221915755066783
1.971747257128181
2.2221915755066783
2.199687794731328
2.054585169337799
2.3804304878001115
2.2841591278514217
2.2221915755066783
2.358938532350277
2.004886164091843
2.2221915755066783
2.357717469130148
2.9594676755771396
2.221251836004466
2.702904337188607
2.438054690915721
2.5341468438052397
2.2221915755066783
1.6644977792004614
1.7924812503605778
2.2221915755066783
2.1535654389463628
2.691346433249389
2.2841591278514217
2.054585169337799
2.2221915755066783
2.4996981431844145
2.199687794731328
2.39925792930666
2.5954618442383217
2.245869617795809
2.2221915755066783
2.422579761842491
2.0403733936884962
2.920732113359578
3.083587370023807
2.021782221599798
2.8482539711886723
2.1406064599010723
2.4056390622295662
2.115688207119714
2.3531906713383224
1.971747257128181
2.162368783573502
2.2877837199410704
2.4237949406953985
2.4915485198790632
2.406666316740689
2.1868085945630504
2.2221915755066783
2.2221915755066783
2.0403733936884962
1.7600257154333923
2.0403733936884962
2.4171946586375435
2.9398550328710096
2.049452072789394
2.5566567074628237
2.2221915755066783
2.2684727516311214
2.4508257945180882
2.2221915755066783
2.0741647430225756
2.2909786781809443
2.1499481955839457
2.4846970025308774
2.263809173883546
2.476796752685521
2.162368783573502
2.1967916319816365
2.34232899068597
2.262590564862086
2.5549956072666897
2.4356371288264103
2.054585169337799
2.8105649363693126
2.4834585933443494
2.521782221599798
1.971747257128181
2.4996981431844145
2.2892464285091583
2.390863696857044
2.2890179898186576
2.2221915755066783
2.390863696857044
2.2988252450030506
2.2221915755066783
2.3871251585103024
2.293455052528059
2.21577067413792
2.465874989834291
2.8159235134144835
2.822181958642873
2.4128786893420306
2.6190542841854416
2.4508257945180882
2.353533948577482
2.251629167387823
2.692380602454975
2.4232196723355077
2.2221915755066783
2.0403733936884962
1.971747257128181
2.128085278891394
2.5785519909913264
2.424835634986198
2.396782221599798
1.9877733714879842
2.0403733936884962
2.3577174691301486
2.049452072789394
1.924174352300441
2.3244093931715555
2.3935474965388988
1.9211854965885542
1.9591479170272446
2.2544475789720946
2.221251836004466
2.2841591278514217
1.867633890971212
2.1179631753145163
2.2093669113041887
1.971747257128181
2.224601752714581
2.710004414390587
1.855388542207534
2.4137995646056805
2.3360253406140252
2.4613201402110083
2.3458519893382603
2.651793902628769
2.3540879576730758
1.971747257128181
1.8726696380501497
1.7047668562193679
1.787054028118727
2.3458519893382603
2.2221915755066783
2.263809173883546
2.6535442970305683
1.5980776865298434
2.479799131837405
2.4508257945180882
2.199687794731328
2.299338875649084
2.004886164091843
2.395998870534841
2.169925001442312
2.1050972779538157
2.3287796970788053
2.1398848233130328
2.7722472526298976
2.219973094021975
2.054585169337799
2.403677461028802
2.1416195253341384
2.4137995646056805
2.2221915755066783
2.3627402784989338
2.353533948577482
2.4613201402110083
2.353533948577482
2.1280852788913944
2.3316112300691394
2.495602923729013
2.577320658596841
2.219973094021975
2.366621065864108
2.77610493986305
2.2841591278514217
2.3594559773258243
2.396782221599798
2.4996981431844145
2.3220847276178658
1.871602261409798
1.7527152789797045
2.4056390622295662
2.899397470347699
1.867633890971212
2.221251836004466
2.1988263521723694
2.2312702546075758
2.3232196723355076
1.7924812503605778
2.5046934208291405
1.971747257128181
2.345851989338261
2.2221915755066783
2.619067794478652
2.1147130311157563
2.556656707462823
2.0403733936884962
2.4056390622295662
2.5131025872458284
1.971747257128181
3.214812224859865
2.271782221599798
2.4508257945180882
2.457717469130148
2.7329145639793975
2.2221915755066783
1.971747257128181
2.322756958897399
1.9877733714879842
2.2221915755066783
2.2841591278514217
2.2841591278514217
2.4404040177209283
2.2841591278514217
1.6894822670191825
2.41379956460568
2.2841591278514217
2.463458298648303
2.696199049814856
2.2062389286533897
2.345851989338261
2.2825887305018333
2.48345859334435
2.2900153157158183
1.7924812503605778
2.4305946180235427
2.464517877819773
2.369406235121536
2.5559130951758244
2.2221915755066783
1.823067982273661
2.125814583693911
2.6756981353679867
2.3522170014624826
2.263809173883546
2.3003980873087997
2.2221915755066783
2.1234786725698864
2.270942421748537
2.2221915755066783
2.117492461184755
2.217021885879718
2.128085278891394
2.806515831974489
2.2221915755066783
2.482292189082415
2.2221915755066783
2.692380602454975
2.251629167387823
2.054585169337799
2.1812056673346514
2.2806390622295662
2.0403733936884962
2.2221915755066783
1.9877733714879842
2.004886164091843
2.0403733936884962
1.971747257128181
2.48345859334435
2.0403733936884962
2.004886164091843
2.3720946377956236
2.463458298648303
2.7029043371886066
2.2221915755066783
2.4508257945180882
2.925864122471183
2.0403733936884962
2.0403733936884962
2.5566567074628237
2.854817976948422
2.353533948577482
2.0403733936884962
2.457717469130148
2.049452072789394
2.221251836004466
2.6535442970305683
2.2627834289765825
2.2221915755066783
2.739572261986723
2.345851989338261
2.5637169871277963
2.004886164091843
1.971747257128181
2.4416298737872246
2.6556390622295662
2.0403733936884962
2.1690354219421173
2.349601752714581
2.631540811383334
2.1174924611847548
2.3796836010984874
2.2221915755066783
1.941848483686326
2.1339375660949167
2.2065423784599822
2.0403733936884962
2.3928895665397176
2.214377817267326
2.227534334005981
2.208196592277087
1.9081984711265176
2.436278124459133
2.4164997849817107
2.4922031072054134
2.2221915755066783
2.5934041427426746
2.2810361125534233
2.075869296697727
2.4137995646056805
2.251629167387823
2.406666316740689
2.146465798504072
2.0403733936884962
2.5492553971684995
2.2221915755066783
1.789929075309999
2.5637169871277963
2.651793902628769
2.064042639445697
2.6328318567489237
2.7395722619867224
2.84403193505307
2.287783719941071
2.259141984247902
2.221251836004466
2.1767669742887406
2.287783719941071
2.0403733936884962
2.125814583693911
2.221251836004466
2.2221915755066783
2.1842612638641032
2.2221915755066783
2.2221915755066783
2.2221915755066783
1.7924812503605778
2.064042639445697
2.2221915755066783
1.971747257128181
2.41379956460568
2.2221915755066783
2.251629167387823
2.069742807612788
2.2221915755066783
2.350209029099897
2.221251836004466
1.8799649487271108
2.4634582986483036
2.2221915755066783
2.521782221599798
2.0403733936884962
2.350209029099897
2.1706536600327326
2.199687794731328
2.045841640885174
2.741155855638065
2.2221915755066783
2.353533948577482
2.2841591278514217
2.327892846383611
2.058813890331201
2.353533948577482
2.2221915755066783
2.606238928653389
2.2221915755066783
2.2877837199410704
2.406666316740689
2.5559130951758244
2.2841591278514217
2.2221915755066783
2.267913686075311
1.9579393553211153
2.1464657985040723
2.004886164091843
2.696199049814856
2.1575499655522066
2.2988527261581813
2.6131081122623816
2.5623333564148303
2.651793902628769
2.292481250360578
2.4404040177209283
1.9214047246323438
2.0403733936884962
2.900892820275694
2.4508257945180882
2.004886164091843
3.0816880392848107
2.1738787769214394
1.9182958340544896
1.7924812503605778
2.353533948577482
2.125814583693911
2.4508257945180882
2.0403733936884962
2.0403733936884962
2.2841591278514217
2.4345491399952026
2.038159681645953
2.6143694458867563
2.5559130951758244
2.372094637795624
3.0825016801434635
2.239018329975254
2.3480835851130086
2.2221915755066783
2.5239860659612976
2.556656707462823
2.038159681645953
2.1280852788913944
2.923074189428569
2.440404017720928
2.0021722231837638
2.353533948577482
2.4996981431844145
2.8165566517550586
2.4006829536694982
2.4508257945180882
2.3954618442383215
2.8138461086383852
2.1406064599010723
2.0403733936884962
1.6644977792004614
2.3432578733442675
2.2221915755066783
2.4767967526855204
2.353533948577482
1.823067982273661
2.606238928653389
2.35274578087187
2.2221915755066783
2.2221915755066783
2.040223928941852
2.7272103113389794
2.732914563979398
2.573480283909805
2.7589141231284793
2.6223478935325963
2.353190671338322
2.0403733936884962
2.260820318171659
1.939353872167201
2.48345859334435
2.278351811711312
2.0403733936884962
2.2221915755066783
2.353533948577482
2.125814583693911
2.4996981431844145
2.2841591278514217
2.60845859334435
2.004886164091843
1.8011426734662326
2.353533948577482
1.7419961510051265
2.0588138903312014
2.047343243679963
1.8062389286533895
1.7527152789797047
1.6893181770986765
1.8262452584026092
1.8423709931771088
2.2841591278514217
2.7032433566073992
2.2221915755066783
2.2485731395538666
2.696199049814856
2.1774212838293647
2.98345859334435
2.021782221599798
2.6967788068829472
2.4137995646056805
2.4525602782228333
2.005977711423774
1.867633890971212
2.359879028736861
1.7527152789797045
2.6384600665861555
2.472905595320056
2.0403733936884962
1.9237949406953985
2.5306390622295662
2.3897580034925574
2.4508257945180882
2.7806390622295662
2.4056390622295662
2.350209029099897
2.125814583693911
2.7395722619867224
2.9966308482846764
2.1124876891689537
2.6062389286533896
2.2221915755066783
1.8423709931771084
2.6986604604011157
2.2221915755066783
2.2221915755066783
2.199687794731328
2.054585169337799
2.535857775918279
2.4996981431844145
2.181899057917561
1.9508257945180885
2.5577174691301483
2.2841591278514217
2.4584538292330587
2.774397470347699
2.199687794731328
2.2221915755066783
2.199687794731328
2.125814583693911
2.4305946180235423
2.2221915755066783
2.251629167387823
2.4577174691301487
2.4508257945180882
2.5226203095310216
2.794468414860448
2.2221915755066783
2.103909910282364
2.221251836004466
2.054585169337799
2.084962500721156
2.0403733936884962
2.2221915755066783
2.646782221599798
2.0
2.049452072789394
2.4040097573248596
2.2841591278514217
2.535847239819995
2.4729055953200563
2.609225593141433
2.4508257945180882
2.263809173883546
2.2221915755066783
2.2221915755066783
2.535857775918279
2.4626831892554915
2.564697203220696
2.6535442970305683
1.7924812503605778
2.1632095937363847
1.8423709931771084
2.287783719941071
2.2221915755066783
2.0403733936884962
2.292481250360578
2.2221915755066783
2.251629167387823
2.384183719779189
2.5492553971685
1.9591479170272446
1.971747257128181
2.2221915755066783
2.217021885879718
2.349601752714581
1.9877733714879842
2.4996981431844145
2.0550365325772657
2.35274578087187
2.2221915755066783
2.53414684380524
2.2892464285091583
2.103909910282364
1.8250112108241772
1.823067982273661
2.696199049814856
2.0403733936884962
2.499698143184414
1.9591479170272446
1.823067982273661
2.2988252450030506
1.75
2.2221915755066783
2.2986806089179543
2.5492553971685
2.0403733936884962
2.2841591278514217
2.049452072789394
2.5495234595978324
2.460964047443681
2.33012496531497
1.8799649487271108
1.855388542207534
2.4508257945180882
2.004886164091843
2.0403733936884962
2.231947046318629
1.8828560636920488
2.5341468438052397
1.9877733714879842
1.9508257945180885
2.353533948577482
2.556656707462823
2.075869296697727
2.2221915755066783
2.251629167387823
2.2221915755066783
2.2221915755066783
2.4508257945180882
2.474601752714581
1.971747257128181
2.2841591278514217
1.8987023210363865
2.5341468438052397
2.617978140453044
2.0403733936884962
2.2841591278514217
2.392277173072062
1.8423709931771084
2.2221915755066783
2.5354582538824477
2.2904619233779213
2.523986065961297
2.0403733936884962
2.2311197773146976
2.054585169337799
2.3432578733442675
2.0737117074379277
2.1280852788913944
2.472905595320056
2.2221915755066783
2.2841591278514217
2.591793226077496
2.5495234595978316
2.7045348998193437
2.556656707462823
2.932892492754646
2.13541796534929
1.8553885422075338
2.8729055953200557
2.2841591278514217
2.349601752714581
1.9591479170272446
2.2399351903050047
2.8475325854504163
2.287783719941071
1.9591479170272446
2.345851989338261
2.3543369102705625
2.2221915755066783
2.393547496538899
2.360964047443681
2.6384600665861555
2.004886164091843
1.8716022614097982
2.225610814520738
2.4508257945180882
2.2221915755066783
2.3050365325772657
2.0524212838293647
2.595461844238322
2.2221915755066783
2.6556390622295662
2.9532433566073992
2.146427845168434
2.2841591278514217
2.556656707462823
1.823067982273661
2.1556390622295662
2.0403733936884962
2.199687794731328
2.1892869761976885
2.2841591278514217
2.199687794731328
2.287783719941071
1.9508257945180885
2.4508257945180882
2.4416298737872246
2.0403733936884962
2.4508257945180882
2.0545851693377997
2.2221915755066783
1.968873874720721
2.0403733936884962
2.260820318171659
2.498929563690935
2.822181958642873
2.117492461184755
2.353533948577482
2.696199049814856
2.7777768114567865
2.763241668429493
2.004886164091843
2.406845119718228
1.789929075309999
2.4508257945180882
2.553791772040282
2.389758003492557
2.004886164091843
2.390863696857044
2.5424826938097276
2.768965152329444
2.1800365325772657
2.346714707389369
2.2221915755066783
2.5130606498308463
2.287783719941071
2.4225797618424916
2.4508257945180882
2.2841591278514217
2.6411209338130157
2.1697367178034823
1.9182958340544896
2.2221915755066783
2.4634582986483036
2.208196592277087
2.1920058354921066
1.971747257128181
1.971747257128181
2.054585169337799
2.521782221599798
2.5239860659612976
2.0403733936884962
2.1556390622295662
2.1090454578560203
2.692380602454975
2.535282842152012
2.1556390622295662
2.2841591278514217
2.4508257945180882
2.6146939516467023
1.971747257128181
1.4591479170272448
2.125814583693911
1.971747257128181
2.0545851693377997
2.1800365325772657
2.125814583693911
2.289246428509158
2.4508257945180882
2.4569885365913757
2.071695404408628
2.5577174691301483
2.2988252450030506
1.9508257945180885
2.128085278891394
2.4613201402110083
2.2856005389623073
2.495602923729013
2.5495234595978324
2.2221915755066783
2.6535442970305683
1.7924812503605778
2.0496715010327717
2.217021885879718
1.8810947601100747
2.0496715010327717
2.217021885879718
1.9182958340544893
2.125814583693911
2.39860129789143
2.2266644412868604
2.125814583693911
2.2221915755066783
2.2221915755066783
2.5106052193123416
2.004886164091843
2.4980775466236413
2.0403733936884962
2.353533948577482
2.2221915755066783
2.221251836004466
2.2221915755066783
2.4040097573248596
2.523986065961297
2.3458519893382603
2.5492553971685
2.1174924611847548
2.3220847276178658
1.823067982273661
2.739572261986723
2.3071885761626687
2.2221915755066783
2.353533948577482
2.2221915755066783
2.359879028736861
2.2221915755066783
2.3927474104487843
1.9182084341546168
2.2841591278514217
2.199687794731328
2.524397470347699
2.606238928653389
2.739572261986723
2.117492461184755
2.349601752714581
2.1920058354921066
1.936145316143223
2.5488760666522996
2.330984766006862
2.0
2.049452072789394
2.074164743022575
2.35274578087187
2.499698143184414
2.5226203095310216
2.4849960987306523
2.4577174691301487
2.3921472236645345
2.390863696857044
2.4613201402110083
2.33012496531497
2.039353872167201
1.6854752972273344
2.2221915755066783
2.054585169337799
2.4508257945180882
2.1556390622295662
2.33012496531497
2.007856063692049
2.9305930861794183
2.7760136273483105
2.4577174691301487
1.994299475957303
2.2221915755066783
1.8423709931771088
1.971747257128181
2.199687794731328
2.4508257945180882
2.2221915755066783
2.549523459597832
2.4662478973127318
2.1040437177782714
2.523986065961297
2.2221915755066783
2.3053206513329316
2.7677954853337194
2.0580531366523855
2.197159723424149
2.744842531753244
2.331766377402127
2.0403733936884962
2.2841591278514217
2.40056537243482
1.823067982273661
1.9591479170272446
3.183206219346495
2.3432578733442675
2.004886164091843
3.0773731435172555
2.221251836004466
2.2221915755066783
2.2221915755066783
2.2221915755066783
2.2221915755066783
2.263809173883546
1.760495029766198
2.4508257945180882
2.4164997849817103
2.4508257945180882
2.4137995646056805
2.1280852788913944
2.463458298648303
1.971747257128181
2.0403733936884962
2.4508257945180882
1.971747257128181
2.4416298737872246
2.33012496531497
2.25
1.9852281360342514
2.146465798504072
2.2724876891689534
1.9508257945180885
2.25
2.521782221599798
2.6477559667583868
2.522620309531022
2.353533948577482
2.0403733936884962
2.2502045059238576
2.217021885879718
2.518105272064768
2.2841591278514217
2.6337314206421327
2.522740045214949
2.2221915755066783
2.245069356823526
2.6522615787128405
2.2221915755066783
1.879964948727111
2.125814583693911
2.221251836004466
2.3789919869000626
1.7332885768588304
2.2877837199410704
1.7841591278514217
2.3758145836939115
2.2221915755066783
2.054585169337799
2.2221915755066783
2.2698157169987727
2.4508257945180882
2.4128786893420306
2.495602923729013
2.378991986900062
2.2841591278514217
2.260820318171659
2.2221915755066783
2.4508257945180882
2.1416195253341384
2.2221915755066783
2.4237949406953985
2.0550365325772657
2.1920058354921066
2.2485293271285762
2.2221915755066783
2.0403733936884962
2.611510777487775
2.2112607364322803
1.6404106222551145
2.403677461028802
2.521782221599798
2.4164997849817107
2.004886164091843
2.208707842599626
2.251629167387823
2.459147917027245
2.2221915755066783
2.064042639445697
1.8423709931771084
1.971747257128181
1.7924812503605778
2.221251836004466
2.271782221599798
1.823067982273661
1.8352377453121174
2.4729055953200563
1.7924812503605778
2.221251836004466
2.2479275134435857
2.0403733936884962
2.0403733936884962
2.406666316740689
2.2109736165067546
2.0403733936884962
1.867633890971212
2.221251836004466
2.343257873344267
2.1920058354921066
2.2221915755066783
2.523986065961297
2.417206361081466
2.058813890331201
2.2256108145207376
2.1280852788913944
2.209888638014727
2.521782221599798
2.4262927116736352
2.287783719941071
2.5495234595978324
2.2221915755066783
2.0403733936884962
2.5495234595978324
2.2221915755066783
2.199687794731328
2.3395722619867225
2.075869296697727
2.1280852788913944
1.971747257128181
2.322756958897399
2.499698143184414
2.353533948577482
2.199687794731328
2.2221915755066783
2.331766377402127
2.4996981431844145
2.4331958387289765
2.703045363422114
2.610063540877072
2.0825518169307426
2.5577174691301483
2.5226203095310216
2.0403733936884962
2.584942002919619
2.2841591278514217
2.054585169337799
2.4996981431844145
2.5834651896016467
2.2577174691301485
2.4705497408885946
2.48345859334435
2.1812056673346514
2.3301249653149703
1.7107770844150674
1.971747257128181
2.530699332842307
2.0670314951575843
2.4056390622295662
2.1577174691301484
2.3395722619867225
2.0403733936884962
1.811278124459133
2.0545851693377997
1.8423709931771088
2.2221915755066783
2.2221915755066783
2.125814583693911
2.125814583693911
2.499698143184414
2.7378723922315142
2.2221915755066783
2.1887870678023824
2.3134597501718237
1.971747257128181
2.2221915755066783
1.7841591278514217
2.0588138903312014
2.4996981431844145
2.4416298737872246
2.004886164091843
2.004886164091843
2.223219672335508
1.7924812503605778
2.1812056673346514
2.6556390622295662
2.4416298737872246
2.2221915755066783
2.53414684380524
2.1812056673346514
1.9591479170272446
2.33012496531497
2.2221915755066783
2.3219908389767374
1.8585552118703144
1.971747257128181
2.128085278891394
2.682588730501833
2.2841591278514217
2.1086949695628423
2.3935474965388988
2.472905595320056
1.971747257128181
2.824242143590157
2.1174924611847548
2.1280852788913944
2.4137995646056805
2.2841591278514217
1.789929075309999
2.2221915755066783
1.867633890971212
2.35274578087187
2.436278124459133
2.217021885879718
2.2221915755066783
2.6717897106839215
2.1878785072265203
2.340734100759607
2.6556390622295662
2.2856005389623073
1.9508257945180885
2.146465798504072
2.2221915755066783
1.9508257945180887
2.0403733936884962
2.6219280948873624
2.6535442970305683
2.2221915755066783
2.295461844238322
2.4508257945180882
2.0930692077718898
2.4508257945180882
2.4137995646056805
1.7295739585136223
2.835237745312118
2.1416195253341384
2.5492553971685
1.971747257128181
2.5577174691301483
2.3594559773258243
2.359879028736861
2.217021885879718
2.199687794731328
2.3577174691301486
2.1690354219421173
2.4137995646056805
2.0403733936884962
2.2221915755066783
1.8879185026711327
2.591793226077496
2.457717469130148
2.5577174691301483
2.591247658400115
2.1967916319816365
2.2877837199410704
1.971747257128181
2.2221915755066783
2.41379956460568
2.2221915755066783
2.4613201402110083
2.3134597501718237
2.614369445886757
2.2221915755066783
2.4164997849817103
2.752733436352641
2.2221915755066783
2.1577174691301484
2.1906173769828343
1.971747257128181
2.4996981431844145
2.289246428509158
2.495602923729013
2.0741647430225756
2.3071251585103028
2.0131324651707385
2.015093208214032
2.271782221599798
2.2221915755066783
2.858688570451097
2.660129752633257
2.038159681645953
2.353533948577482
2.339572261986723
2.356492413796824
1.8250112108241772
2.221251836004466
1.914341183612352
2.2221915755066783
2.3329145639793976
2.054585169337799
2.495602923729013
2.4508257945180882
1.8585552118703144
2.608247650458953
2.5341468438052397
2.4014473774842418
2.866247897312731
2.0341591278514217
2.038159681645953
2.4137995646056805
2.4792336948111924
2.084962500721156
2.8270597817677143
2.6556390622295662
2.2221915755066783
2.217021885879718
1.809200032697812
2.199687794731328
2.058813890331201
2.005977711423774
2.4237949406953985
2.2892464285091583
2.530699332842307
2.146782221599798
2.2221915755066783
2.2877837199410704
2.358938532350277
1.9182958340544896
2.1556390622295662
2.2221915755066783
2.2221915755066783
2.3068905956085186
2.390863696857044
2.0403733936884962
2.4508257945180882
2.221251836004466
1.9508257945180885
2.4137995646056805
2.2877837199410704
2.2414460711655217
2.0403733936884962
2.4508257945180882
2.084962500721156
2.4137995646056805
2.533771256064557
2.406666316740689
2.2390183299752544
2.359879028736861
2.2221915755066783
2.4834585933443494
2.263809173883546
2.5306390622295662
2.614369445886757
2.5046934208291405
2.389758003492557
2.004886164091843
1.969389419529156
2.2221915755066783
3.0258386473820615
2.332878689342031
2.3522170014624826
2.4996981431844145
2.3432578733442675
1.971747257128181
1.965596230357602
1.9220231428515733
2.4164997849817103
1.971747257128181
2.4979065701049423
2.4474015047059146
2.2221915755066783
2.358938532350277
2.217021885879718
2.319973094021975
2.067130688335406
2.125814583693911
2.5487949406953985
2.5306390622295662
2.350209029099897
2.2841591278514217
2.7329145639793975
2.2062389286533897
2.004886164091843
1.9946803684089087
2.180609385570651
2.460904932167797
2.2877837199410704
2.016458117820183
2.4996981431844145
2.189798190080988
2.6416041678685938
2.199687794731328
2.5559130951758244
2.4508257945180882
1.9182958340544896
2.2221915755066783
2.23345859334435
2.1426643555488485
2.2841591278514217
2.038159681645953
1.9508257945180885
2.298309401300804
2.1416195253341384
2.0403733936884962
2.058813890331201
2.1867043459100244
2.464456303812389
2.4996981431844145
1.867633890971212
2.739572261986723
2.3921472236645345
2.535857775918279
2.2601376341526818
2.664233277684696
2.305288621665821
2.469670487371862
2.0403733936884962
1.789929075309999
2.3527645314899908
2.353190671338322
1.9723072169111573
2.263809173883546
2.7329145639793975
2.753306428242835
2.246439344671016
2.143780234737159
2.1314076078546704
2.128085278891394
1.971747257128181
2.0403733936884962
2.4508257945180882
2.33012496531497
2.2221915755066783
2.457717469130148
2.4996981431844145
2.7805879119528756
2.6292492238560343
2.768684352300216
2.4137995646056805
2.5226203095310216
2.5917932260774954
1.971747257128181
1.9149798205164812
1.971747257128181
2.116299605701696
2.4387439204017474
2.022579761842491
2.2221915755066783
2.081781577891213
2.4159220638351666
2.084962500721156
2.038159681645953
2.2221915755066783
2.054585169337799
2.7029043371886066
2.339572261986723
2.699513850319966
2.5372256115817096
2.2173428879226362
1.811278124459133
1.721928094887362
2.1416195253341384
2.4946803684089085
2.5954618442383217
2.422579761842491
2.038159681645953
2.1234786725698864
2.360964047443681
2.4164997849817103
2.3942811477133943
2.4305946180235427
2.0122813946158162
2.4592194022679132
2.425644618703151
2.5424812503605785
2.197159723424149
2.5657158123382517
2.2221915755066783
2.5354235468112587
2.3577174691301486
2.3232196723355076
2.35845859334435
2.6689801450225326
2.2221915755066783
2.2221915755066783
2.10558726169826
2.614369445886757
2.347827585989719
2.054585169337799
2.0403733936884962
2.6535442970305683
2.2256051990169436
2.2877837199410704
1.789929075309999
2.4508257945180882
2.2221915755066783
2.4508257945180882
1.5566567074628228
2.6535442970305683
2.4996981431844145
2.0403733936884962
2.278351811711312
2.221251836004466
2.1800365325772657
2.199687794731328
2.591793226077496
2.499698143184414
2.5580510765444573
2.3458519893382603
1.9182958340544896
1.760495029766198
1.9182958340544896
2.0545851693377997
2.5559130951758244
2.2841591278514217
2.0403733936884962
2.4508257945180882
2.0403733936884962
2.0
2.499698143184414
2.774397470347699
2.3432578733442675
2.2841591278514217
2.2221915755066783
2.2841591278514217
2.814787208061557
2.353533948577482
2.128085278891394
2.004886164091843
1.4591479170272446
2.263809173883546
2.586887840995814
2.2892464285091583
2.349601752714581
2.0419460322060456
2.353533948577482
2.1174924611847548
2.1280852788913944
2.2221915755066783
2.0545851693377997
2.3426099799354034
2.0403733936884962
2.161445788918474
2.7395722619867224
1.8339272176418302
1.8423709931771084
2.199687794731328
2.0403733936884962
2.283786450523639
2.0403733936884962
2.0403733936884962
2.2221915755066783
2.054585169337799
1.9852281360342516
2.0545851693377997
2.0403733936884962
2.7614173902752386
2.6689801450225326
1.9853087307361734
2.3796762564916834
2.0403733936884962
2.365596230357602
2.4508257945180882
2.4508257945180882
2.004886164091843
2.6535442970305683
2.2841591278514217
3.200157254556987
1.8553885422075338
1.971747257128181
2.3908636968570445
1.8070027314271102
2.660129752633257
1.8638263900908159
2.359879028736861
2.5566567074628237
1.7924812503605778
2.495461844238322
2.2221915755066783
2.5917932260774954
1.8423709931771084
2.2221915755066783
1.8423709931771088
2.521782221599798
2.217021885879718
2.2221915755066783
2.4164997849817107
3.0705981190900795
2.1280852788913944
2.2221915755066783
2.289246428509158
2.7802430773128557
2.8138461086383852
2.3627402784989338
2.606238928653389
2.2221915755066783
1.7967916319816366
2.263809173883546
2.0403733936884962
1.7841591278514217
2.2877837199410704
2.289246428509158
2.692380602454975
2.5246850668814873
2.4387439204017474
2.4305946180235427
2.556656707462823
2.422579761842491
2.125814583693911
2.2221915755066783
2.418722908066561
2.2841591278514217
2.1416195253341384
2.270942421748537
2.4262927116736352
2.6535442970305683
2.605091054934494
2.2221915755066783
2.1280852788913944
2.049452072789394
2.3082869468104397
2.5928927193280473
2.4996981431844145
2.744842531753244
2.292481250360578
2.117492461184755
2.0403733936884962
2.5580510765444577
2.2081965922770874
2.2221915755066783
2.054585169337799
1.6729330318733675
2.0588138903312014
2.1560672774689897
2.187167104493287
2.828931609455461
1.9852281360342514
2.469240782172285
2.2221915755066783
2.2312702546075753
2.422579761842491
2.3253314601288055
2.6084585933443494
2.4226754683112177
2.495602923729013
2.686483500633646
2.224601752714581
2.4410685859554375
2.2221915755066783
1.971747257128181
2.4508257945180882
2.3098489218705134
2.217021885879718
2.5341468438052397
1.9591479170272446
2.498077546623641
1.9749375012019268
2.477935777746772
2.8231463741256135
2.764694686130739
1.8175848979715816
1.584962500721156
2.005977711423774
2.0048861640918427
2.4225797618424916
1.7884504573082893
2.5830096692297415
2.217021885879718
3.040373393688496
2.4508257945180882
2.6384600665861555
2.4508257945180882
2.6384600665861555
2.2221915755066783
2.4508257945180882
2.495602923729013
2.2221915755066783
2.6384600665861555
2.0403733936884962
2.3627402784989338
2.2221915755066783
2.128085278891394
2.4508257945180882
2.2221915755066783
2.5495234595978316
2.556656707462823
2.2221915755066783
2.556656707462823
2.0403733936884962
2.2221915755066783
2.0403733936884962
2.2221915755066783
2.0403733936884962
2.495602923729013
2.6556390622295662
1.971747257128181
2.1280852788913944
2.4508257945180882
2.292481250360578
2.4508257945180882
2.5495234595978316
2.4508257945180882
2.4806821149663847
2.054585169337799
2.556656707462823
1.971747257128181
2.199687794731328
1.867633890971212
2.4416298737872246
2.0403733936884962
2.732914563979398
2.2221915755066783
2.1416195253341384
1.971747257128181
2.0403733936884962
2.5566567074628237
2.2221915755066783
2.2221915755066783
2.330939184260528
2.1209520310264036
2.2841591278514217
1.6874680954715917
2.9917476237827
2.651793902628769
2.311278124459133
2.556656707462823
2.0403733936884962
2.378991986900062
2.2841591278514217
2.378991986900062
2.4508257945180882
2.3317663774021278
1.8423709931771084
2.2877837199410704
2.3921472236645345
2.4404040177209283
2.353533948577482
2.2841591278514217
2.2841591278514217
2.2892464285091583
2.4632431204148593
1.971747257128181
2.2841591278514217
2.3458519893382603
2.2221915755066783
2.1179631753145163
2.965884644885114
2.1813152774012363
2.6435350784263836
2.6384600665861555
2.032944020615957
1.8585552118703144
2.4996981431844145
2.5351828318264413
2.3601942831531963
2.2221915755066783
1.855388542207534
2.404907349396119
1.867633890971212
2.2221915755066783
2.4137995646056805
2.7884201506815467
2.5550365325772653
2.602854235140933
2.2221915755066783
2.295461844238322
2.384183719779189
2.606238928653389
2.6599874377274335
2.224601752714581
1.825605199016944
2.0545851693377997
2.3134597501718237
2.0055425036562062
1.9852281360342514
2.0403733936884962
2.278351811711312
2.7480005070735145
2.2290301730294653
2.0634582986483037
2.292481250360578
2.6384600665861555
2.4956029237290123
2.5341468438052397
2.311278124459133
2.0403733936884962
2.221251836004466
2.7869672123512057
2.159118686921274
2.128085278891394
1.4591479170272448
2.8294951961571932
2.866247897312731
1.9473387961875537
1.971747257128181
2.5100564603565387
2.499698143184414
1.789929075309999
2.1920058354921066
2.353533948577482
2.206238928653389
2.495602923729013
2.278351811711312
1.8250112108241772
1.8535681581652277
2.6337314206421327
1.8423709931771084
2.2221915755066783
2.615724605447171
1.9211796919474975
2.345851989338261
2.575588697084778
2.499698143184414
2.216521698179525
2.8278689890677255
2.0403733936884962
2.692380602454975
2.2221915755066783
2.938983606387077
2.5637169871277954
2.2973696058506032
2.278234100759607
2.682588730501833
2.125814583693911
2.279799131837405
2.2221915755066783
2.273411192621123
2.556656707462823
2.353533948577482
2.4911148500551854
2.5995664821882354
2.4508257945180882
2.2841591278514217
2.2841591278514217
2.100317461598666
2.382683189255492
1.8925159456232779
2.495602923729013
2.2584598927441624
2.112585390635543
2.2109736165067546
2.4137995646056805
2.2221915755066783
2.2221915755066783
2.1920058354921066
2.2221915755066783
2.7254805569978675
2.424835634986198
2.332914563979398
1.7924812503605778
2.2221915755066783
2.67095859334435
2.054585169337799
2.353533948577482
2.4164997849817103
2.278787598135611
2.038159681645953
2.4164997849817103
2.125814583693911
2.4237949406953985
1.8892464285091581
2.2802262536736597
2.8092210428849693
2.6165624309340134
2.125701189899843
2.331095810664792
2.414773008478694
2.8212939534000046
2.5832913329727862
2.221251836004466
2.221251836004466
2.038159681645953
2.463865121950854
2.251629167387823
2.1556390622295662
2.4508257945180882
2.117492461184755
2.251614471810182
2.3458519893382603
2.60845859334435
2.2221915755066783
2.390863696857044
2.4416298737872246
1.7924812503605778
2.4729055953200563
2.221251836004466
2.004886164091843
2.0403733936884962
2.287783719941071
2.4508257945180882
2.4849960987306523
2.796383461104874
1.823067982273661
2.349601752714581
2.4508257945180882
1.7924812503605778
2.4508257945180882
2.3458519893382603
2.23345859334435
2.4508257945180882
2.3496280270309744
2.0874628412503395
2.0403733936884962
2.251629167387823
2.5306390622295662
2.2221915755066783
2.4508257945180882
2.4729055953200563
2.5239860659612976
2.2221915755066783
2.2149798205164815
2.0403733936884962
2.30827083453526
2.6535442970305683
2.5304930567574826
2.556656707462823
2.499698143184414
1.965596230357602
2.199687794731328
2.038159681645953
2.6062389286533896
2.2221915755066783
2.2221915755066783
2.2877837199410704
2.4613201402110083
2.660129752633257
2.279799131837405
2.33012496531497
2.4164997849817103
2.0403733936884962
1.971747257128181
2.7806390622295662
1.9887513942845323
1.9877733714879842
2.2693948246652953
2.0403733936884962
2.8706918503612084
2.2311197773146976
2.5580510765444573
2.396782221599798
2.35274578087187
2.535857775918279
2.5917932260774954
2.2221915755066783
2.0403733936884962
2.549523459597832
2.0403733936884962
2.336259024059526
2.2485731395538666
2.1920058354921066
1.9093680639438846
1.8810947601100747
1.823067982273661
2.4613201402110083
2.5559130951758244
2.4577174691301487
2.6535442970305683
2.0550365325772657
3.101125010956985
2.0403733936884962
2.4569885365913757
2.4430741894285695
2.6782038010085967
2.76779548533372
2.5566567074628237
2.2221915755066783
2.3227569588973984
1.855388542207534
2.2841591278514217
2.822181958642873
2.5580510765444573
2.5495234595978324
2.4996981431844145
2.5710963503924296
2.9398290174664026
2.0349409139562287
2.125814583693911
2.2627834289765825
2.1920058354921066
2.1577174691301484
2.5048003829823355
2.19504541531385
2.2841591278514217
2.0403733936884962
2.2221915755066783
2.6858157091530295
1.789929075309999
2.1967916319816365
2.3828560636920493
2.457717469130148
2.202819531114783
2.2221915755066783
1.971747257128181
2.8242910850815166
2.221251836004466
2.053795721482115
1.8676338909712125
1.8250406078931816
2.3395722619867225
2.991600123178003
2.313100666415769
2.4458995107017967
2.2221915755066783
2.128085278891394
2.2221915755066783
2.2096909728231857
2.419973094021975
1.827626520473224
2.4294945204514447
2.098579861712074
2.17868426995577
2.866247897312731
2.217021885879718
2.100983694881109
1.9149798205164812
2.3395722619867225
2.217021885879718
1.971747257128181
2.199687794731328
2.815922063835166
2.453068820219059
2.2577174691301485
2.0403733936884962
2.0923953729624785
2.353533948577482
2.221251836004466
2.2221915755066783
2.4387439204017474
2.1280852788913944
2.5495234595978316
2.0216148719112956
2.2221915755066783
2.6062389286533896
2.353533948577482
2.4713770872824727
2.522893865486382
2.4508257945180882
2.3395722619867225
1.9400726873486536
2.390863696857044
2.495602923729013
2.385473855828762
2.7345299214394703
2.4613201402110083
3.1550597199449335
2.9102329406731844
2.3342564252133498
1.8612949406953985
2.2096909728231857
2.523319970759804
1.9591479170272446
2.2221915755066783
2.0202442071537563
2.1174924611847548
2.054585169337799
2.199687794731328
2.535857775918279
2.199687794731328
2.258830073557112
2.199687794731328
2.1920058354921066
2.2221915755066783
2.372086153649881
2.0403733936884962
2.2890179898186576
2.2221915755066783
2.2221915755066783
2.1739731346044096
2.4834585933443494
2.463458298648303
2.0403733936884962
1.90486324545201
2.221251836004466
2.311278124459133
2.499698143184414
1.867633890971212
2.206238928653389
2.646782221599798
2.2221915755066783
2.049452072789394
2.4225797618424916
2.0403733936884962
2.0989295636909353
2.542482693809728
2.128085278891394
1.823067982273661
2.012750783628398
2.2877837199410704
1.971747257128181
2.125814583693911
2.4508257945180882
2.291620193427939
2.396782221599798
2.4508257945180882
2.33012496531497
2.005977711423774
1.8258509941648828
2.278351811711312
1.584962500721156
2.472905595320056
1.8262452584026092
2.4387439204017474
1.8423709931771084
2.2221915755066783
2.375
2.4508257945180882
1.8741854163060887
2.019973094021975
2.358938532350277
2.3395722619867225
2.287783719941071
2.2221915755066783
2.6062389286533896
2.0679215652997676
2.049452072789394
2.2221915755066783
2.29597512699001
2.40695283330823
2.2954656791802917
2.038159681645953
2.2475767369558097
2.1607047528877827
2.221251836004466
2.2841591278514217
2.5032583347756456
2.556656707462823
2.790270257403898
2.823465189601647
2.424835634986198
2.125814583693911
2.004886164091843
2.4508257945180882
2.406666316740689
2.1764828390156583
2.4031078891280853
2.5226203095310216
2.5306390622295662
2.359879028736861
2.6084585933443494
2.606238928653389
2.0403733936884962
2.53414684380524
2.2623593139591622
2.353190671338322
2.2841591278514217
2.128085278891394
2.125814583693911
2.0202442071537563
2.221251836004466
2.372094637795624
2.692380602454975
1.7924812503605778
1.971747257128181
1.971747257128181
2.1280852788913944
2.5566567074628237
2.6709505944546685
1.9473387961875537
2.472905595320056
2.2221915755066783
2.295461844238322
2.4508257945180882
2.35845859334435
2.224601752714581
2.0202442071537563
2.133937566094917
2.263809173883546
2.199687794731328
2.2810361125534233
2.599581230646064
2.0
2.495602923729013
2.1280852788913944
1.8553885422075338
2.2841591278514217
2.289246428509158
2.221251836004466
2.4416298737872246
2.8762463914301297
3.077791429132268
2.4508257945180882
2.251367673528203
1.8747429956842212
2.457717469130148
2.404639087160197
2.4164997849817103
2.303212455096089
2.351028956467779
2.779417186688699
2.4225797618424916
2.4404040177209283
2.0048861640918427
2.2841591278514217
2.5219280948873624
2.348266254570675
2.6062389286533896
2.4508257945180882
2.5495234595978316
2.5785519909913264
2.3395722619867225
2.0403733936884962
2.349601752714581
2.0922718656836103
2.2221915755066783
2.075869296697727
1.7609640474436812
2.349601752714581
1.9852281360342514
2.5580510765444573
2.0403733936884962
2.125814583693911
2.8152023999804867
2.460964047443681
2.061278124459133
1.811278124459133
2.353533948577482
2.7045348998193437
2.0403733936884962
2.251629167387823
2.606238928653389
2.0381596816459533
2.53624341298306
2.556656707462823
1.6854752972273344
2.062907291846956
2.366748566914314
1.9975790033896288
2.071695404408628
2.058813890331201
2.1556390622295662
2.7889535613921126
2.5247326156895404
2.692380602454975
2.0
2.484068452547233
2.3342564252133498
2.2221915755066783
2.0403733936884962
2.2472243200613984
2.406666316740689
2.756774146807922
1.971747257128181
2.221251836004466
2.2221915755066783
2.0403733936884962
2.918930533083368
2.2096909728231857
2.2841591278514217
2.6084585933443494
2.2841591278514217
2.217021885879718
2.2841591278514217
2.125814583693911
2.1280852788913944
2.220663569661755
2.0849625007211565
2.217021885879718
2.680851854979515
2.2577174691301485
2.523986065961297
2.4996981431844145
2.669534154439526
2.6062389286533896
2.856653212780931
2.7395722619867224
1.8365916681089791
2.4613201402110083
2.2221915755066783
2.499698143184414
2.221251836004466
2.6556390622295662
2.0403733936884962
2.0403733936884962
2.556656707462823
2.221251836004466
2.233946664525226
2.406666316740689
2.1416195253341384
3.1054105870684143
2.4416298737872246
2.4225797618424916
2.4834585933443494
2.2841591278514217
2.499698143184414
2.2221915755066783
2.311278124459133
2.2221915755066783
1.8423709931771084
2.221251836004466
2.2221915755066783
2.2221915755066783
2.4416298737872246
2.221251836004466
2.2221915755066783
2.4508257945180882
2.1464393446710157
2.217021885879718
2.2221915755066783
2.0545851693377997
2.493207355760315
2.311278124459133
2.263809173883546
2.973439664085049
2.054585169337799
2.4331958387289765
2.251629167387823
2.289246428509158
2.192005835492107
2.3891781580890634
2.2806390622295662
2.432321322410861
2.063202513215852
1.971747257128181
2.004886164091843
2.125814583693911
2.39207883297832
2.2221915755066783
2.2221915755066783
2.30827083453526
2.353533948577482
2.125814583693911
2.375
2.692380602454975
2.614369445886757
1.965596230357602
2.1866660446720374
2.206238928653389
2.2221915755066783
2.353533948577482
2.292481250360578
2.2221915755066783
2.0403733936884962
2.521782221599798
2.0403733936884962
2.6384600665861555
2.1209520310264036
2.522620309531022
2.2892464285091583
2.1280852788913944
2.155968102145908
2.25
2.2684727516311214
2.0403733936884962
2.0048861640918427
2.6535442970305683
2.0403733936884962
2.0
1.971747257128181
2.2221915755066783
1.9182958340544896
2.6535442970305683
1.9508257945180885
2.350209029099897
2.049452072789394
2.4192834236336482
2.2221915755066783
2.262362377388257
2.3342564252133498
1.823067982273661
2.2221915755066783
2.4225797618424916
2.422579761842491
2.7148376833164645
2.2221915755066783
2.084962500721156
2.3789919869000626
2.224601752714581
2.2221915755066783
2.353533948577482
2.2256051990169436
2.130926080730337
2.2399351903050047
2.2221915755066783
2.2221915755066783
2.2221915755066783
2.6384600665861555
1.971747257128181
2.263809173883546
2.4961268547517808
2.3035793386349543
2.2221915755066783
2.074087044559035
2.885023388349932
2.5341468438052397
2.225610814520738
2.3071885761626687
2.499698143184414
2.447249316507165
1.7783283537314114
2.2221915755066783
2.221251836004466
2.5341468438052397
2.495602923729013
2.4137995646056805
2.4262927116736352
1.7527152789797047
2.0
2.0
2.128085278891394
2.3461903012274874
2.378991986900062
2.7659704585563523
2.0403733936884962
1.9039678130877662
1.9508257945180885
2.2221915755066783
1.8799649487271108
2.329736747925867
2.4489407848879328
2.4264025411052232
2.1774212838293647
2.004886164091843
2.2221915755066783
2.2221915755066783
2.2221915755066783
2.2221915755066783
2.5785519909913264
1.809200032697812
2.5332419544912357
1.9221233675014056
2.499698143184414
2.077819531114783
1.7924812503605778
2.4634582986483036
2.130926080730337
1.5566567074628228
2.4508257945180882
2.2221915755066783
2.0403733936884962
2.038159681645953
2.0662749989089004
2.2544475789720946
2.273728829005326
2.445578042294147
2.389952632091304
2.1123008763572906
1.789929075309999
2.1774212838293647
2.197159723424149
1.789929075309999
2.199687794731328
2.0164581178201835
2.148834854280917
2.0131324651707385
1.9877733714879842
1.7924812503605778
2.128085278891394
1.823067982273661
1.971747257128181
2.4992352022341917
2.4508257945180882
2.273131523414322
1.9182958340544896
2.2806390622295662
2.2221915755066783
2.744842531753244
2.396782221599798
2.5588718484453605
2.0202442071537563
2.161978179679554
2.9230741894285694
1.971747257128181
2.4996981431844145
2.5032583347756456
2.5785519909913264
2.125814583693911
2.311564593967875
2.8307163799980084
2.549523459597832
2.2221915755066783
1.9508257945180885
2.614369445886757
2.007856063692049
2.5724312513221195
2.169925001442312
2.225610814520738
2.5495234595978324
2.2841591278514217
2.239018329975254
2.0048861640918427
1.7180587868428447
2.701375755906049
2.6352299954310503
2.146782221599798
2.8431896321351138
1.9075169719509488
2.1903711612984442
2.1632095937363847
2.4137995646056805
2.270942421748537
2.4164997849817103
2.4508257945180882
3.174674231978642
2.4128786893420306
2.3253314601288055
2.2256051990169436
1.971747257128181
2.10873511803089
2.3598106481098773
2.057474935548311
2.6199707109276353
2.584303179346712
2.3458519893382603
2.636463245854666
2.2841591278514217
1.9364823836654392
2.125814583693911
2.221251836004466
2.388915435774229
2.305958492868042
1.851226815897192
2.353533948577482
2.1556390622295662
2.4164997849817103
1.7924812503605778
2.4115091984199104
1.867633890971212
1.8638263900908156
1.4591479170272448
1.7924812503605778
2.004886164091843
2.23345859334435
2.2584598927441624
1.9508257945180885
2.8921913208880925
1.9622301258368338
1.9938896149219991
2.337019353315419
2.4613201402110083
2.2812736059353376
2.271782221599798
2.038159681645953
2.5341468438052397
2.2877837199410704
2.4806821149663847
2.5495234595978324
2.556656707462823
2.374556048381884
2.2390183299752544
2.4508257945180882
2.2221915755066783
2.0403733936884962
2.2841591278514217
2.4571430570779964
2.2877837199410704
2.472905595320056
2.440404017720928
2.258096028412048
2.049452072789394
2.2147016226376044
2.2585728843419153
2.741184731866624
2.60845859334435
2.2221915755066783
1.971747257128181
2.0626563480372715
2.290461923377921
2.289204687610563
2.4294945204514447
2.0403733936884962
2.1638909867280645
2.4547731686306116
2.353533948577482
2.451758284126438
1.7924812503605778
2.495602923729013
2.6337314206421327
2.2627834289765825
1.971747257128181
2.221251836004466
1.9311422645161296
1.8163401138534077
2.3395722619867225
2.2221915755066783
1.971747257128181
2.292481250360578
2.488785591776994
1.9301249653149701
2.6556390622295662
1.971747257128181
2.2221915755066783
2.5785519909913264
2.356492413796824
2.4416298737872246
2.279799131837405
2.0403733936884962
1.9986525468781666
2.899397470347699
1.823067982273661
2.753439353374293
2.0403733936884962
2.4508257945180882
2.2221915755066783
2.25
2.2221915755066783
2.128085278891394
2.0403733936884962
2.2221915755066783
2.499698143184414
2.2256051990169436
2.35274578087187
2.4056390622295662
2.2221915755066783
2.2221915755066783
2.270942421748537
2.260820318171659
2.4996981431844145
2.73345859334435
2.4130884364257574
1.8654371053199075
2.2856005389623077
2.3458519893382603
2.336382136723647
2.6384600665861555
2.1031490503321058
2.0403733936884962
2.125814583693911
2.072905595320056
2.311278124459133
2.606238928653389
2.038159681645953
2.2841591278514217
2.3317663774021273
2.217021885879718
1.8423709931771084
2.2221915755066783
2.4941583553050064
2.4237949406953985
2.2221915755066783
2.0403733936884962
2.4973206585968413
2.2369837554745207
2.4996981431844145
2.8205898566665457
2.270942421748537
2.1633347891038204
2.117492461184755
2.265710144725459
2.2841591278514217
2.2877837199410704
1.9526832779469112
2.6689801450225326
2.881195107760607
2.4322574485535142
2.614369445886757
2.125814583693911
2.460904932167797
2.4577174691301487
2.21577067413792
2.2232196723355075
2.2841591278514217
2.5341468438052397
2.2221915755066783
2.6556390622295662
2.2221915755066783
2.6556390622295662
2.349601752714581
2.049452072789394
1.965596230357602
2.591793226077496
2.495602923729013
2.5341468438052397
2.423631448490042
2.2221915755066783
2.6535442970305683
2.400780708298527
2.054585169337799
2.3720861536498816
2.4232196723355077
2.502705481927944
2.084962500721156
2.2802262536736593
2.2221915755066783
2.499698143184414
2.4294945204514447
1.8070027314271102
2.33012496531497
2.91719053093806
2.3580241566489697
2.538617722704154
2.004886164091843
2.41379956460568
2.2221915755066783
1.9877733714879842
2.688353760188563
1.9772145799950187
2.428321399883815
2.697338796187554
2.5293443222195835
2.950480963211836
2.2548431027774796
2.2806390622295662
2.216521698179525
2.523986065961297
2.353533948577482
2.038159681645953
2.4508257945180882
2.146465798504072
2.1280852788913944
2.2221915755066783
2.3220847276178658
2.2221915755066783
1.9508257945180885
2.5515148708628836
2.270942421748537
2.2221915755066783
2.206238928653389
2.2877837199410704
2.353533948577482
2.8387967331011668
3.0243558222626574
1.9591479170272446
1.8585552118703144
2.004886164091843
2.373735909525858
2.077235445408308
2.199687794731328
2.4578269462124918
2.137876503740628
2.511372273744256
2.4976094004856675
2.1577174691301484
2.0414460711655216
2.265319531114783
2.305058418125999
2.419973094021975
2.2841591278514217
2.2221915755066783
1.971747257128181
2.2221915755066783
2.0403733936884962
2.058813890331201
1.971747257128181
1.971747257128181
2.0403733936884962
1.8423709931771086
1.971747257128181
2.2221915755066783
2.1690354219421173
2.457717469130148
2.5306390622295662
2.353533948577482
2.3308442812140955
2.120952031026403
2.263809173883546
2.111095787753339
2.2221915755066783
2.058813890331201
2.2221915755066783
2.499698143184414
2.0403733936884962
2.292481250360578
2.2841591278514217
2.2221915755066783
2.100560296327809
2.1280852788913944
2.1800365325772657
2.521782221599798
2.0741647430225756
1.8294732983598407
2.072905595320056
2.2221915755066783
2.199687794731328
2.004886164091843
2.3458519893382603
2.8834858133780044
2.3584585933443494
2.369696689044702
2.4508257945180882
2.458261166115789
2.4056390622295662
2.4613201402110083
2.2221915755066783
2.4006829536694982
2.5995812306460646
2.1029334343823507
2.4508257945180882
2.1280852788913944
2.4729055953200563
2.499698143184414
2.2841591278514217
2.646782221599798
2.345851989338261
2.2221915755066783
1.75
2.921855367790775
2.2841591278514217
2.2684727516311214
2.353533948577482
2.2221915755066783
2.263809173883546
2.2221915755066783
2.0403733936884962
2.499698143184414
2.2197218324096135
2.0661089398374806
2.1280852788913944
2.217021885879718
1.9182958340544896
2.2221915755066783
2.1124876891689537
2.004886164091843
1.789929075309999
2.049452072789394
2.4137995646056805
2.2221915755066783
2.6411209338130157
2.2221915755066783
2.0403733936884962
2.2221915755066783
2.2221915755066783
2.4508257945180882
2.1735572622751858
2.4996981431844145
2.2221915755066783
1.855388542207534
2.0922718656836103
2.199687794731328
2.2841591278514217
1.789929075309999
2.4373337702157456
2.8401441673206143
2.004886164091843
2.206238928653389
2.155875051721725
2.054585169337799
2.4996981431844145
2.0403733936884962
2.473851389610045
2.5041460794848893
2.2841591278514217
2.3804304878001115
2.5550365325772657
2.2221915755066783
2.2584598927441624
1.7884504573082893
2.5212250949696102
2.4387439204017474
2.1556390622295662
2.049452072789394
2.472905595320056
2.390863696857044
1.4591479170272448
2.278351811711312
2.4508257945180882
2.696199049814856
2.4806821149663847
1.7841591278514217
2.692380602454975
2.049104007471253
2.1339375660949167
1.971747257128181
2.5917932260774954
1.7924812503605778
2.0403733936884962
1.9182958340544896
1.9830124759322465
1.9931125700076544
2.8348683589017414
2.7680159238692896
1.867633890971212
2.1280852788913944
2.054585169337799
2.556656707462823
2.0403733936884962
1.9056390622295665
2.3627402784989338
2.60845859334435
2.004886164091843
1.950212064914747
2.2221915755066783
2.2221915755066783
2.5495234595978324
2.409267252251468
1.8585552118703144
2.2841591278514217
2.049452072789394
2.2841591278514217
2.614369445886757
2.7029043371886066
2.533206219346495
2.4508257945180882
2.4961268547517808
2.221251836004466
2.4508257945180882
2.0403733936884962
2.2841591278514217
2.339572261986723
2.0403733936884962
2.707554798865899
2.4137995646056805
2.6535442970305683
2.270942421748537
2.221251836004466
2.0403733936884962
2.0403733936884962
2.424835634986198
2.260820318171659
2.4996981431844145
2.606238928653389
2.126614471810182
2.049452072789394
2.0403733936884962
1.971747257128181
2.2221915755066783
2.038159681645953
2.682588730501833
2.53414684380524
2.2810361125534233
2.2221915755066783
2.463458298648303
2.4508257945180882
1.7924812503605778
2.4996981431844145
2.4014473774842418
2.2221915755066783
2.422579761842492
2.692380602454975
2.4225797618424916
2.260820318171659
2.4508257945180882
2.2221915755066783
2.5492553971685
2.0403733936884962
2.1280852788913944
1.859567521171489
2.0403733936884962
2.4115091984199104
2.5724312513221195
2.4225797618424916
2.263809173883546
1.9418284078762424
2.0403733936884962
2.049452072789394
1.7055872616982601
2.436278124459133
2.4416298737872246
2.710079167957944
2.671011113034194
2.3463673345811
2.177019883252395
2.4225797618424916
2.606238928653389
2.499698143184414
2.4166752596867305
2.287783719941071
2.9655570101740865
2.7207196098908346
2.614369445886757
2.692380602454975
2.556656707462823
2.4508257945180882
2.2841591278514217
2.2221915755066783
2.3609640474436815
2.1577174691301484
2.5019011889093368
2.2221915755066783
2.1999793267164867
2.2627834289765825
2.217021885879718
2.499698143184414
2.2841591278514217
2.403677461028802
2.202819531114783
2.4832429236021385
2.521782221599798
2.1246370022115597
2.499698143184414
2.1596275363413566
2.6528786893420304
2.4508257945180882
2.1174924611847548
1.9842971832412102
2.313100666415769
2.3761448662393545
2.2339979078388272
2.457717469130148
2.206238928653389
2.0403733936884962
2.0875766428471136
2.6570165880026573
2.303119464326695
2.004886164091843
2.460964047443681
2.4508257945180882
2.0403733936884962
2.5337712560645573
2.2221915755066783
2.2841591278514217
2.0403733936884962
1.9290929654977997
2.2221915755066783
2.35845859334435
2.210235925089948
2.646782221599798
2.5179399385868573
2.263809173883546
2.35274578087187
2.1860635600786074
2.5580510765444577
2.4956029237290127
2.2221915755066783
2.6985981103597485
2.4276942711037672
2.350209029099897
2.35274578087187
2.651793902628769
2.292481250360578
2.4137995646056805
2.049452072789394
2.0403733936884962
2.2221915755066783
2.2221915755066783
2.7806390622295662
2.460904932167797
2.4137995646056805
2.128085278891394
2.739572261986723
1.971747257128181
2.908493070364558
2.6556390622295662
2.0403733936884962
2.221251836004466
2.125814583693911
2.063558608511122
3.0252190069244174
2.1532912318904804
2.4508257945180882
2.696199049814856
2.287783719941071
2.4225797618424916
2.348616944589194
2.004886164091843
1.8496017527145814
2.130926080730337
2.319973094021975
1.971747257128181
2.350209029099897
2.199687794731328
1.8227398351601523
2.4138909867280645
2.295461844238322
2.2221915755066783
2.4996981431844145
2.6552596260943955
2.646782221599798
2.661226256269789
2.7033667177473784
2.2841591278514217
2.2221915755066783
1.9464393446710155
2.359879028736861
2.2493896755123948
2.0758692966977272
2.899397470347699
1.7924812503605778
2.2988527261581813
2.366079445682285
2.221251836004466
2.8464254199360073
2.821642782088687
2.696199049814856
2.289246428509158
2.3301249653149703
2.0948567835487384
2.287783719941071
1.836591668108979
2.199687794731328
1.7924812503605778
2.292481250360578
1.9182958340544896
2.181205667334651
2.6556390622295662
2.6767370300521325
2.4508257945180882
2.0403733936884962
2.221251836004466
2.4137995646056805
2.4508257945180882
2.0403733936884962
2.2810361125534233
2.2841591278514217
2.4508257945180882
2.2221915755066783
1.7924812503605778
2.53414684380524
2.4508257945180882
2.0403733936884962
2.4705497408885946
2.2109736165067546
2.606238928653389
2.2221915755066783
2.2221915755066783
2.0
2.4996981431844145
2.2062389286533897
2.4508257945180882
2.2221915755066783
2.2221915755066783
2.556656707462823
2.2221915755066783
2.217021885879718
2.2221915755066783
2.556656707462823
2.33012496531497
2.1234786725698864
2.4508257945180882
1.867633890971212
2.396782221599798
2.212503842372268
1.7841591278514217
2.2026706871943627
2.221251836004466
2.1174924611847548
2.1743271847205654
2.5917932260774954
2.1280852788913944
2.114731483084051
2.3009786743716325
2.1147130311157563
2.4569885365913757
2.35845859334435
2.199687794731328
2.699513850319966
2.350209029099897
1.789929075309999
2.35274578087187
2.353533948577482
2.145136370153053
2.5640311395835824
2.692380602454975
1.8553885422075338
2.9056390622295662
2.2877837199410704
2.3053206513329316
2.3594559773258243
2.392515945623278
1.823067982273661
2.496118243137569
2.4164997849817107
2.6888152194089203
2.004886164091843
2.390863696857044
1.971747257128181
2.9649760679674704
2.099843897365664
2.4416298737872246
2.2389205950315936
2.2617840955380735
2.2221915755066783
2.4508257945180882
2.217021885879718
2.128085278891394
2.2841591278514217
2.353533948577482
2.1800365325772657
2.2221915755066783
2.077819531114783
2.128085278891394
1.7924812503605778
2.1417028044502624
2.0403733936884962
2.1179631753145163
2.2221915755066783
2.4508257945180882
2.522740045214949
2.4137995646056805
2.692380602454975
2.3232196723355076
2.251629167387823
2.682588730501833
2.4508257945180882
2.6384600665861555
2.1920058354921066
2.2221915755066783
2.727217001462482
2.7119608340912795
1.9508257945180885
2.6337314206421327
2.2221915755066783
2.350209029099897
1.971747257128181
1.914341183612352
2.0403733936884962
1.7883763717345071
1.584962500721156
1.584962500721156
1.8050365325772657
1.584962500721156
1.7659573209491748
1.584962500721156
1.584962500721156
2.4508257945180882
2.0048861640918427
2.0403733936884962
2.278351811711312
2.4508257945180882
2.33012496531497
2.2841591278514217
2.2221915755066783
2.2841591278514217
2.2221915755066783
2.603975726610715
2.125814583693911
2.4331958387289765
2.2221915755066783
2.3577174691301486
2.2806390622295662
1.789929075309999
2.217021885879718
2.0403733936884962
2.3220847276178658
2.5495234595978316
1.823067982273661
2.418722908066561
2.270942421748537
1.8339272176418302
2.2841591278514217
2.2221915755066783
2.463458298648303
2.4508257945180882
2.603975726610715
2.128085278891394
2.2221915755066783
2.0078560636920493
2.0294127458578934
2.0767338171809966
2.5785519909913264
2.4508257945180882
2.2221915755066783
1.823067982273661
2.279799131837405
2.0403733936884962
2.474601752714581
2.463458298648303
2.263809173883546
1.971747257128181
2.117492461184755
2.472905595320056
2.4137995646056805
2.4577174691301487
2.270942421748537
1.789929075309999
1.971747257128181
2.1920058354921066
2.221251836004466
1.789929075309999
2.146782221599798
2.4613201402110083
2.4225797618424916
2.0
1.971747257128181
2.5195743359515355
1.7295739585136223
2.2221915755066783
2.5239860659612976
2.440404017720928
2.2221915755066783
1.64789152332195
2.5868878409958143
2.499698143184414
2.054585169337799
2.199687794731328
2.0545851693377997
2.3253314601288055
1.971747257128181
2.0403733936884962
2.084962500721156
2.5790390674246133
2.1344404319466346
2.4577174691301487
2.084962500721156
2.4508257945180882
1.896240625180289
2.049452072789394
2.7142773620984206
2.1054105870684143
2.495602923729013
2.0403733936884962
2.2221915755066783
2.4137995646056805
1.9056390622295665
2.353533948577482
2.6658851502640757
2.614369445886757
2.523986065961297
2.2221915755066783
2.2221915755066783
2.130926080730337
2.349601752714581
1.789929075309999
2.2221915755066783
1.5304930567574824
2.148834854280917
2.0
2.2221915755066783
2.130926080730337
2.349601752714581
1.789929075309999
2.2221915755066783
1.5304930567574824
2.2221915755066783
2.130926080730337
2.349601752714581
1.789929075309999
2.2221915755066783
1.5304930567574824
2.2221915755066783
2.130926080730337
2.349601752714581
1.789929075309999
2.2221915755066783
1.5304930567574824
2.1556390622295662
2.322756958897399
1.9591479170272446
1.8423709931771084
2.049452072789394
2.48345859334435
2.463458298648303
1.971747257128181
2.0132790219068077
2.2221915755066783
2.774243302917269
2.265710144725459
2.2221915755066783
2.4613201402110083
2.374556048381884
2.4416298737872246
2.6084585933443494
2.696199049814856
2.4508257945180882
2.0403733936884962
2.5995812306460646
2.499698143184414
2.2841591278514217
2.0403733936884962
2.049452072789394
2.359879028736861
2.054585169337799
1.9182958340544896
2.359879028736861
2.2221915755066783
2.5521796970665487
2.556656707462823
2.197159723424149
2.279799131837405
2.5946694353352617
2.3232196723355076
1.8423709931771084
2.0629072918469555
2.1087316975094996
2.899397470347699
2.2221915755066783
2.4148739753498045
2.2076418753282687
2.350209029099897
2.7724509304845637
2.0741647430225756
1.971747257128181
2.463458298648303
2.406666316740689
2.353533948577482
2.4996981431844145
2.1209520310264027
2.1817864960090616
2.038159681645953
2.074087044559035
2.2221915755066783
1.6842364480909398
2.221251836004466
2.339572261986723
2.436644451755772
2.4806821149663847
2.396782221599798
1.971747257128181
2.145136370153053
2.463458298648303
2.365596230357602
2.6028725583804038
2.642423961771974
2.422579761842491
3.169372148594611
2.1280852788913944
2.1920058354921066
2.2221915755066783
2.2221915755066783
2.4137995646056805
1.811278124459133
2.10845859334435
1.7841591278514217
2.353533948577482
2.221251836004466
2.8408255021937237
2.2221915755066783
2.217021885879718
2.4508257945180882
2.35274578087187
2.826362097812327
2.4508257945180882
2.556656707462823
2.2221915755066783
2.2543888569610635
1.971747257128181
2.182634904170435
1.5566567074628228
1.9508257945180885
2.9056390622295662
2.2221915755066783
2.128085278891394
2.0
2.4634582986483036
2.071773026646071
2.4382597026736765
2.556656707462823
2.606238928653389
2.0
2.09938108635608
2.1416195253341384
2.049452072789394
2.1179631753145163
2.4137995646056796
2.294059911434081
2.3042277693794757
1.9182958340544896
2.004886164091843
2.0
2.353533948577482
2.660964047443681
1.7219280948873623
1.8423709931771086
2.418722908066561
2.418722908066561
2.5820599105802575
2.270942421748537
2.6535442970305683
2.2221915755066783
2.401703263618631
2.356464856747655
3.1000689306627525
2.221251836004466
2.499698143184414
2.968884070537636
2.3724820052364044
2.224601752714581
1.4591479170272448
2.217021885879718
2.5495234595978324
2.2221915755066783
2.359879028736861
2.4996981431844145
2.128085278891394
2.472905595320056
1.8149798205164813
1.8423709931771084
1.971747257128181
1.9591479170272446
2.1280852788913944
2.0403733936884962
2.128085278891394
2.2221915755066783
2.2221915755066783
2.4508257945180882
2.1054105870684143
2.2221915755066783
1.4591479170272446
1.9877733714879842
2.117492461184755
1.9274512249645188
2.074164743022575
2.2841591278514217
2.2841591278514217
1.971747257128181
1.9473387961875537
1.971747257128181
2.004886164091843
2.2221915755066783
2.2221915755066783
2.2577174691301485
2.2460158271447392
2.2221915755066783
2.359879028736861
2.0403733936884962
2.0403733936884962
2.221251836004466
2.4613201402110083
2.759211491893328
3.124664819533709
2.523986065961297
2.556656707462823
2.3458519893382603
2.2221915755066783
1.8262452584026092
2.146782221599798
2.3777033818193827
2.364735178725505
2.2841591278514217
2.551514870862883
1.9508257945180885
2.9102329406731844
2.2841591278514217
2.2221915755066783
2.463458298648303
2.1556390622295662
2.5785519909913264
2.2221915755066783
2.901044990866792
2.221251836004466
2.0403733936884962
2.128085278891394
2.2221915755066783
2.6337314206421327
2.2221915755066783
1.971747257128181
1.3787834934861753
2.2221915755066783
2.4404040177209283
2.4056390622295662
2.0545851693377997
2.2221915755066783
2.482888734302568
2.128085278891394
1.971747257128181
2.2841591278514217
2.4508257945180882
2.4613201402110088
1.971747257128181
2.835237745312118
2.3835947609814543
2.5032583347756456
2.5637169871277954
2.205410279553521
2.217021885879718
2.4294945204514447
1.8879185026711327
2.2221915755066783
2.054585169337799
2.0403733936884962
2.660129752633257
2.2221915755066783
2.295461844238322
2.395461844238322
2.049452072789394
2.4996981431844145
2.2221915755066783
2.593534684168411
2.049452072789394
2.1920058354921066
2.3053206513329316
2.254447578972094
1.789929075309999
2.199687794731328
2.136800520148565
2.6535442970305683
2.2221915755066783
2.9398290174664026
1.971747257128181
2.6517939026287696
2.098579861712074
2.0545851693377997
1.971747257128181
2.4508257945180882
2.437728545142357
2.2841591278514217
2.6645451166987164
2.2841591278514217
2.217021885879718
2.7977896371457223
2.6384600665861564
2.2221915755066783
2.499698143184414
2.25
2.225610814520738
2.278351811711312
2.063458298648303
2.2221915755066783
2.4508257945180882
2.058813890331201
2.3627402784989338
2.2609640474436814
2.5218619553045025
2.488785591776994
2.582824692361507
2.004886164091843
2.495602923729013
2.6411209338130157
1.823067982273661
2.350209029099897
2.257606878811597
2.33012496531497
2.2062389286533897
2.0825518169307426
2.517201802582726
1.823067982273661
2.054585169337799
2.038159681645953
1.8423709931771084
2.359879028736861
2.5492553971684995
2.2889097655573916
1.971747257128181
2.2149798205164815
2.0116298903693024
2.004886164091843
2.4577174691301487
1.8423709931771084
2.422579761842491
2.2841591278514217
2.0403733936884962
2.2221915755066783
2.2221915755066783
1.971747257128181
2.292481250360578
2.4508257945180882
2.2221915755066783
2.2841591278514217
2.5580510765444577
2.135053392163643
2.5341468438052397
2.4137995646056805
2.0545851693377997
2.606238928653389
1.7924812503605778
2.217021885879718
2.199687794731328
2.2221915755066783
2.696199049814856
1.962806631693174
2.2221915755066783
2.004886164091843
2.221251836004466
2.0403733936884962
1.8879185026711327
2.353533948577482
1.971747257128181
2.2221915755066783
2.4996981431844145
2.3432578733442675
2.5492553971685004
2.176908169168578
2.5566567074628237
2.4613201402110083
2.2221915755066783
2.5521796970665487
2.521782221599798
2.3458519893382603
2.2221915755066783
2.2221915755066783
2.1174924611847548
2.049452072789394
2.084962500721156
2.3485852626008046
2.2221915755066783
2.217021885879718
2.0403733936884962
2.1060480954183274
2.2232196723355075
2.2544475789720946
1.867633890971212
2.732162357481208
2.9904695678465765
2.491967413403466
2.2221915755066783
2.199687794731328
2.1920058354921066
2.148834854280917
2.4996981431844145
2.822181958642873
2.5492553971685
1.971747257128181
1.823067982273661
1.9211796919474975
2.4508257945180882
2.270942421748537
2.472905595320056
2.2841591278514217
1.971747257128181
2.4634582986483036
2.4918638711352497
2.2221915755066783
2.4922031072054134
2.049452072789394
2.472905595320056
2.322756958897399
1.9591479170272446
1.9591479170272446
2.4729055953200563
2.4729055953200563
2.4729055953200563
2.4729055953200563
2.4729055953200563
2.4729055953200563
2.2221915755066783
2.2221915755066783
2.2221915755066783
2.2221915755066783
2.2221915755066783
2.2221915755066783
2.2221915755066783
2.2221915755066783
1.7924812503605778
1.7924812503605778
2.4729055953200563
2.4729055953200563
2.4729055953200563
2.4729055953200563
2.4729055953200563
2.4729055953200563
2.2221915755066783
2.2221915755066783
2.2221915755066783
2.2221915755066783
2.2221915755066783
2.2221915755066783
2.2221915755066783
2.2221915755066783
2.2577174691301485
2.2577174691301485
2.2577174691301485
2.2577174691301485
1.9591479170272446
1.9591479170272446
2.2221915755066783
2.2221915755066783
2.2221915755066783
2.2221915755066783
2.2221915755066783
2.2221915755066783
2.2221915755066783
2.2221915755066783
2.2221915755066783
2.2221915755066783
1.7924812503605778
1.7924812503605778
2.4729055953200563
2.4729055953200563
2.4729055953200563
2.4729055953200563
2.4729055953200563
2.4729055953200563
2.2221915755066783
2.2221915755066783
2.2221915755066783
2.2221915755066783
2.2221915755066783
2.2221915755066783
2.2221915755066783
2.2221915755066783
2.2577174691301485
2.2577174691301485
2.2577174691301485
2.2577174691301485
1.9591479170272446
1.9591479170272446
2.2221915755066783
2.2221915755066783
2.2221915755066783
2.2221915755066783
2.2221915755066783
2.2221915755066783
2.2221915755066783
2.2221915755066783
2.2221915755066783
2.2221915755066783
1.9591479170272446
1.9591479170272446
2.4493118330264454
2.2221915755066783
2.2221915755066783
2.2221915755066783
2.2221915755066783
2.2221915755066783
2.2221915755066783
2.2221915755066783
2.2221915755066783
2.2577174691301485
2.2577174691301485
2.2577174691301485
2.2577174691301485
1.9591479170272446
1.9591479170272446
2.4729055953200563
2.4729055953200563
2.4729055953200563
2.4729055953200563
2.4729055953200563
2.4729055953200563
2.2221915755066783
2.2221915755066783
2.2221915755066783
2.2221915755066783
2.2221915755066783
2.2221915755066783
2.2221915755066783
2.2221915755066783
2.2577174691301485
2.2577174691301485
2.2577174691301485
2.2577174691301485
1.9591479170272446
1.9591479170272446
2.4729055953200563
2.4729055953200563
2.4729055953200563
2.4729055953200563
2.4729055953200563
2.4729055953200563
2.2221915755066783
2.2221915755066783
2.2221915755066783
2.2221915755066783
2.2221915755066783
2.2221915755066783
2.2221915755066783
2.2221915755066783
1.7924812503605778
1.7924812503605778
2.137386664425232
2.137386664425232
2.2458197186600115
2.2458197186600115
2.250610045120464
1.9591479170272446
1.9591479170272446
2.4729055953200563
2.4729055953200563
2.4729055953200563
2.4729055953200563
2.4729055953200563
2.4729055953200563
2.2221915755066783
2.2221915755066783
2.2221915755066783
2.2221915755066783
2.2221915755066783
2.2221915755066783
2.2221915755066783
2.2221915755066783
1.7924812503605778
1.7924812503605778
2.137386664425232
2.137386664425232
2.2458197186600115
2.2458197186600115
2.2613919240974534
2.2613919240974534
2.2613919240974534
2.2613919240974534
2.2613919240974534
2.2613919240974534
2.2613919240974534
2.2613919240974534
2.2613919240974534
2.2613919240974534
2.2613919240974534
2.2613919240974534
2.2613919240974534
2.2613919240974534
2.2613919240974534
2.2613919240974534
2.2613919240974534
2.2613919240974534
2.2613919240974534
2.2613919240974534
2.2613919240974534
2.2613919240974534
2.2613919240974534
2.2613919240974534
2.2613919240974534
2.2613919240974534
2.199687794731328
2.322893232886247
2.2030713060627085
3.0374986668699444
2.054607544186787
1.9746017527145812
2.2221915755066783
2.606238928653389
2.352614501371148
2.4508257945180882
2.353533948577482
2.7744998774912797
2.4164997849817107
2.2221915755066783
2.2221915755066783
2.2221915755066783
2.5577174691301487
2.023219672335508
2.2221915755066783
1.811278124459133
2.004886164091843
2.463458298648303
1.971747257128181
2.614369445886757
2.4943865446197475
2.2841591278514217
2.145136370153053
2.5226203095310216
2.199687794731328
2.4508257945180882
2.4416298737872246
2.6556390622295662
2.595461844238322
2.2221915755066783
2.2221915755066783
2.4056390622295662
2.2841591278514217
2.651793902628769
1.789929075309999
2.2841591278514217
1.4591479170272448
2.0741647430225756
2.2841591278514217
2.209888638014727
2.2221915755066783
2.359879028736861
2.2221915755066783
2.23345859334435
2.270942421748537
2.0274893113295236
2.3792622852025276
2.2628734739025704
2.287783719941071
2.3050365325772657
2.251629167387823
2.718297570278019
2.411064408669813
2.6825887305018328
2.2221915755066783
2.129567987418323
2.1280852788913944
1.3787834934861753
2.6612262562697895
2.2856005389623073
2.472905595320056
2.128085278891394
1.9508257945180885
2.406666316740689
2.217021885879718
1.8423709931771084
2.4508257945180882
2.2221915755066783
2.3012693629222505
2.2221915755066783
2.556656707462823
2.2221915755066783
2.3921472236645345
2.2221915755066783
2.23345859334435
2.353533948577482
2.4137995646056805
2.2221915755066783
2.3134597501718237
1.789929075309999
2.0989295636909353
1.539063991138927
1.9846505456169532
2.2221915755066783
2.5073801024236357
2.4237949406953985
1.914341183612352
2.2221915755066783
1.7841591278514217
2.0381596816459533
2.004886164091843
2.4511346202348507
2.4961268547517808
2.6556390622295662
2.6062389286533896
2.308300227683101
2.4996981431844145
2.0403733936884962
2.4397660797497736
2.0963923235482653
1.789929075309999
2.6152444013785843
2.2855899294576503
2.4416298737872246
2.4975561886950164
1.8899168453199877
2.00438614269588
2.406666316740689
2.049452072789394
2.2221915755066783
1.789929075309999
2.251629167387823
2.4946028179151396
1.789929075309999
2.1812056673346514
2.685206103043734
1.7799500009615412
2.350209029099897
2.0403733936884962
2.4416298737872246
2.495602923729013
2.457717469130148
2.702904337188607
2.4115091984199104
2.4387439204017474
2.2841591278514217
2.4508257945180882
2.4137995646056796
2.492445131143149
2.199687794731328
1.9238561897747248
2.4679360295889174
2.7254805569978675
2.0403733936884962
2.4508257945180882
2.695461844238322
2.210973616506754
2.384640699428294
2.3050365325772657
2.5341468438052397
2.0461796919474975
2.0356140329609596
2.1838936296611426
2.163890986728065
2.251629167387823
2.1967916319816365
2.341446071165522
2.521782221599798
2.2221915755066783
2.045841640885174
2.7011207838442464
2.221251836004466
2.406666316740689
2.0403733936884962
2.3991303913908
2.60845859334435
2.0837651410695512
2.2221915755066783
2.0403733936884962
2.406666316740689
2.4508257945180882
2.696199049814856
2.054585169337799
1.998398773059364
2.2221915755066783
2.0544262080896605
2.2221915755066783
2.0107535357733677
1.851644115153392
1.8449337007037765
2.5958839732920707
2.4508257945180882
1.9239309296033464
1.8449337007037765
2.4508257945180882
2.125814583693911
2.6535442970305683
2.1623687835735015
2.1623687835735015
2.1623687835735015
2.1623687835735015
2.1623687835735015
2.1623687835735015
2.1623687835735015
2.1623687835735015
2.1623687835735015
2.1623687835735015
2.1623687835735015
2.1623687835735015
2.1623687835735015
2.1623687835735015
2.1623687835735015
2.1623687835735015
2.1623687835735015
2.356492413796824
2.356492413796824
2.356492413796824
2.356492413796824
2.356492413796824
2.356492413796824
2.356492413796824
2.356492413796824
2.356492413796824
2.356492413796824
2.356492413796824
2.356492413796824
2.067130688335406
2.067130688335406
2.067130688335406
2.067130688335406
2.067130688335406
2.067130688335406
2.067130688335406
2.067130688335406
2.067130688335406
2.356492413796824
2.356492413796824
2.356492413796824
2.356492413796824
2.356492413796824
2.356492413796824
2.356492413796824
2.356492413796824
2.356492413796824
2.356492413796824
2.356492413796824
2.356492413796824
2.067130688335406
2.067130688335406
2.067130688335406
2.067130688335406
2.067130688335406
2.067130688335406
2.067130688335406
2.067130688335406
2.067130688335406
2.356492413796824
2.356492413796824
2.356492413796824
2.356492413796824
2.356492413796824
2.356492413796824
2.356492413796824
2.356492413796824
2.356492413796824
2.356492413796824
2.356492413796824
2.356492413796824
2.067130688335406
2.067130688335406
2.067130688335406
2.067130688335406
2.067130688335406
2.067130688335406
2.067130688335406
2.067130688335406
2.067130688335406
2.356492413796824
2.356492413796824
2.356492413796824
2.356492413796824
2.356492413796824
2.356492413796824
2.356492413796824
2.356492413796824
2.356492413796824
2.356492413796824
2.356492413796824
2.356492413796824
2.067130688335406
2.067130688335406
2.067130688335406
2.067130688335406
2.067130688335406
2.067130688335406
2.067130688335406
2.067130688335406
2.067130688335406
2.356492413796824
2.356492413796824
2.356492413796824
2.356492413796824
2.356492413796824
2.356492413796824
2.356492413796824
2.356492413796824
2.356492413796824
2.356492413796824
2.356492413796824
2.356492413796824
2.067130688335406
2.067130688335406
2.067130688335406
2.067130688335406
2.067130688335406
2.067130688335406
2.067130688335406
2.067130688335406
2.067130688335406
2.356492413796824
2.356492413796824
2.356492413796824
2.356492413796824
2.356492413796824
2.356492413796824
2.356492413796824
2.356492413796824
2.356492413796824
2.356492413796824
2.356492413796824
2.356492413796824
2.067130688335406
2.067130688335406
2.067130688335406
2.067130688335406
2.067130688335406
2.067130688335406
2.067130688335406
2.067130688335406
2.067130688335406
2.356492413796824
2.356492413796824
2.356492413796824
2.356492413796824
2.356492413796824
2.356492413796824
2.356492413796824
2.356492413796824
2.356492413796824
2.356492413796824
2.356492413796824
2.356492413796824
2.067130688335406
2.067130688335406
2.067130688335406
2.067130688335406
2.067130688335406
2.067130688335406
2.067130688335406
2.067130688335406
2.067130688335406
2.356492413796824
2.356492413796824
2.356492413796824
2.356492413796824
2.356492413796824
2.356492413796824
2.356492413796824
2.356492413796824
2.356492413796824
2.356492413796824
2.356492413796824
2.356492413796824
2.067130688335406
2.067130688335406
2.067130688335406
2.067130688335406
2.067130688335406
2.067130688335406
2.067130688335406
2.067130688335406
2.067130688335406
2.356492413796824
2.356492413796824
2.356492413796824
2.356492413796824
2.356492413796824
2.356492413796824
2.356492413796824
2.356492413796824
2.356492413796824
2.356492413796824
2.356492413796824
2.356492413796824
2.067130688335406
2.067130688335406
2.067130688335406
2.067130688335406
2.067130688335406
2.067130688335406
2.067130688335406
2.067130688335406
2.067130688335406
2.356492413796824
2.356492413796824
2.356492413796824
2.356492413796824
2.356492413796824
2.356492413796824
2.356492413796824
2.356492413796824
2.356492413796824
2.356492413796824
2.356492413796824
2.356492413796824
2.1623687835735015
2.1623687835735015
2.1623687835735015
2.1623687835735015
2.1623687835735015
2.1623687835735015
2.1623687835735015
2.1623687835735015
2.1623687835735015
2.1623687835735015
2.1623687835735015
2.1623687835735015
2.1623687835735015
2.1623687835735015
2.1623687835735015
2.1623687835735015
2.1623687835735015
2.3204233749536676
2.3204233749536676
2.3204233749536676
2.3204233749536676
2.3204233749536676
2.3204233749536676
2.3204233749536676
2.3204233749536676
2.3204233749536676
2.3204233749536676
2.3204233749536676
2.3204233749536676
2.3204233749536676
2.3204233749536676
2.1623687835735015
2.1623687835735015
2.1623687835735015
2.1623687835735015
2.1623687835735015
2.1623687835735015
2.1623687835735015
2.1623687835735015
2.1623687835735015
2.1623687835735015
2.1623687835735015
2.1623687835735015
2.1623687835735015
2.1623687835735015
2.1623687835735015
2.1623687835735015
2.1623687835735015
2.3204233749536676
2.3204233749536676
2.3204233749536676
2.3204233749536676
2.3204233749536676
2.3204233749536676
2.3204233749536676
2.3204233749536676
2.3204233749536676
2.3204233749536676
2.3204233749536676
2.3204233749536676
2.3204233749536676
2.3204233749536676
2.1623687835735015
2.1623687835735015
2.1623687835735015
2.1623687835735015
2.1623687835735015
2.1623687835735015
2.1623687835735015
2.1623687835735015
2.1623687835735015
2.1623687835735015
2.1623687835735015
2.1623687835735015
2.1623687835735015
2.1623687835735015
2.1623687835735015
2.1623687835735015
2.1623687835735015
2.356492413796824
2.356492413796824
2.356492413796824
2.356492413796824
2.356492413796824
2.356492413796824
2.356492413796824
2.356492413796824
2.356492413796824
2.356492413796824
2.356492413796824
2.356492413796824
2.1623687835735015
2.1623687835735015
2.1623687835735015
2.1623687835735015
2.1623687835735015
2.1623687835735015
2.1623687835735015
2.1623687835735015
2.1623687835735015
2.1623687835735015
2.1623687835735015
2.1623687835735015
2.1623687835735015
2.1623687835735015
2.1623687835735015
2.1623687835735015
2.1623687835735015
2.3204233749536676
2.3204233749536676
2.3204233749536676
2.3204233749536676
2.3204233749536676
2.3204233749536676
2.3204233749536676
2.3204233749536676
2.3204233749536676
2.3204233749536676
2.3204233749536676
2.3204233749536676
2.3204233749536676
2.3204233749536676
2.1623687835735015
2.1623687835735015
2.1623687835735015
2.1623687835735015
2.1623687835735015
2.1623687835735015
2.1623687835735015
2.1623687835735015
2.1623687835735015
2.1623687835735015
2.1623687835735015
2.1623687835735015
2.1623687835735015
2.1623687835735015
2.1623687835735015
2.1623687835735015
2.1623687835735015
2.3204233749536676
2.3204233749536676
2.3204233749536676
2.3204233749536676
2.3204233749536676
2.3204233749536676
2.3204233749536676
2.3204233749536676
2.3204233749536676
2.3204233749536676
2.3204233749536676
2.3204233749536676
2.3204233749536676
2.3204233749536676
2.1623687835735015
2.1623687835735015
2.1623687835735015
2.1623687835735015
2.1623687835735015
2.1623687835735015
2.1623687835735015
2.1623687835735015
2.1623687835735015
2.1623687835735015
2.1623687835735015
2.1623687835735015
2.1623687835735015
2.1623687835735015
2.1623687835735015
2.1623687835735015
2.1623687835735015
2.3204233749536676
2.3204233749536676
2.3204233749536676
2.3204233749536676
2.3204233749536676
2.3204233749536676
2.3204233749536676
2.3204233749536676
2.3204233749536676
2.3204233749536676
2.3204233749536676
2.3204233749536676
2.3204233749536676
2.3204233749536676
2.2149798205164815
2.356492413796824
2.356492413796824
2.356492413796824
2.356492413796824
2.356492413796824
2.356492413796824
2.356492413796824
2.356492413796824
2.356492413796824
2.356492413796824
2.356492413796824
2.356492413796824
2.1623687835735015
2.1623687835735015
2.1623687835735015
2.1623687835735015
2.1623687835735015
2.1623687835735015
2.1623687835735015
2.1623687835735015
2.1623687835735015
2.1623687835735015
2.1623687835735015
2.1623687835735015
2.1623687835735015
2.1623687835735015
2.1623687835735015
2.1623687835735015
2.1623687835735015
2.3204233749536676
2.3204233749536676
2.3204233749536676
2.3204233749536676
2.3204233749536676
2.3204233749536676
2.3204233749536676
2.3204233749536676
2.3204233749536676
2.3204233749536676
2.3204233749536676
2.3204233749536676
2.3204233749536676
2.3204233749536676
2.067130688335406
2.3204233749536676
2.3204233749536676
2.3204233749536676
2.3204233749536676
2.3204233749536676
2.3204233749536676
2.3204233749536676
2.3204233749536676
2.3204233749536676
2.3204233749536676
2.3204233749536676
2.3204233749536676
2.3204233749536676
2.3204233749536676
2.1623687835735015
2.1623687835735015
2.1623687835735015
2.1623687835735015
2.1623687835735015
2.1623687835735015
2.1623687835735015
2.1623687835735015
2.1623687835735015
2.1623687835735015
2.1623687835735015
2.1623687835735015
2.1623687835735015
2.1623687835735015
2.1623687835735015
2.1623687835735015
2.1623687835735015
2.3204233749536676
2.3204233749536676
2.3204233749536676
2.3204233749536676
2.3204233749536676
2.3204233749536676
2.3204233749536676
2.3204233749536676
2.3204233749536676
2.3204233749536676
2.3204233749536676
2.3204233749536676
2.3204233749536676
2.3204233749536676
2.1623687835735015
2.1623687835735015
2.1623687835735015
2.1623687835735015
2.1623687835735015
2.1623687835735015
2.1623687835735015
2.1623687835735015
2.1623687835735015
2.1623687835735015
2.1623687835735015
2.1623687835735015
2.1623687835735015
2.1623687835735015
2.1623687835735015
2.1623687835735015
2.1623687835735015
2.3204233749536676
2.3204233749536676
2.3204233749536676
2.3204233749536676
2.3204233749536676
2.3204233749536676
2.3204233749536676
2.3204233749536676
2.3204233749536676
2.3204233749536676
2.3204233749536676
2.3204233749536676
2.3204233749536676
2.3204233749536676
2.1623687835735015
2.1623687835735015
2.1623687835735015
2.1623687835735015
2.1623687835735015
2.1623687835735015
2.1623687835735015
2.1623687835735015
2.1623687835735015
2.1623687835735015
2.1623687835735015
2.1623687835735015
2.1623687835735015
2.1623687835735015
2.1623687835735015
2.1623687835735015
2.1623687835735015
2.3204233749536676
2.3204233749536676
2.3204233749536676
2.3204233749536676
2.3204233749536676
2.3204233749536676
2.3204233749536676
2.3204233749536676
2.3204233749536676
2.3204233749536676
2.3204233749536676
2.3204233749536676
2.3204233749536676
2.3204233749536676
2.1623687835735015
2.1623687835735015
2.1623687835735015
2.1623687835735015
2.1623687835735015
2.1623687835735015
2.1623687835735015
2.1623687835735015
2.1623687835735015
2.1623687835735015
2.1623687835735015
2.1623687835735015
2.1623687835735015
2.1623687835735015
2.1623687835735015
2.1623687835735015
2.1623687835735015
2.432257448553514
2.1623687835735015
2.1623687835735015
2.1623687835735015
2.1623687835735015
2.1623687835735015
2.1623687835735015
2.1623687835735015
2.1623687835735015
2.1623687835735015
2.1623687835735015
2.1623687835735015
2.1623687835735015
2.1623687835735015
2.1623687835735015
2.1623687835735015
2.1623687835735015
2.1623687835735015
2.3204233749536676
2.3204233749536676
2.3204233749536676
2.3204233749536676
2.3204233749536676
2.3204233749536676
2.3204233749536676
2.3204233749536676
2.3204233749536676
2.3204233749536676
2.3204233749536676
2.3204233749536676
2.3204233749536676
2.3204233749536676
2.1623687835735015
2.1623687835735015
2.1623687835735015
2.1623687835735015
2.1623687835735015
2.1623687835735015
2.1623687835735015
2.1623687835735015
2.1623687835735015
2.1623687835735015
2.1623687835735015
2.1623687835735015
2.1623687835735015
2.1623687835735015
2.1623687835735015
2.1623687835735015
2.1623687835735015
2.3204233749536676
2.3204233749536676
2.3204233749536676
2.3204233749536676
2.3204233749536676
2.3204233749536676
2.3204233749536676
2.3204233749536676
2.3204233749536676
2.3204233749536676
2.3204233749536676
2.3204233749536676
2.3204233749536676
2.3204233749536676
2.1623687835735015
2.1623687835735015
2.1623687835735015
2.1623687835735015
2.1623687835735015
2.1623687835735015
2.1623687835735015
2.1623687835735015
2.1623687835735015
2.1623687835735015
2.1623687835735015
2.1623687835735015
2.1623687835735015
2.1623687835735015
2.1623687835735015
2.1623687835735015
2.1623687835735015
2.3204233749536676
2.3204233749536676
2.3204233749536676
2.3204233749536676
2.3204233749536676
2.3204233749536676
2.3204233749536676
2.3204233749536676
2.3204233749536676
2.3204233749536676
2.3204233749536676
2.3204233749536676
2.3204233749536676
2.3204233749536676
2.1623687835735015
2.1623687835735015
2.1623687835735015
2.1623687835735015
2.1623687835735015
2.1623687835735015
2.1623687835735015
2.1623687835735015
2.1623687835735015
2.1623687835735015
2.1623687835735015
2.1623687835735015
2.1623687835735015
2.1623687835735015
2.1623687835735015
2.1623687835735015
2.1623687835735015
2.3204233749536676
2.3204233749536676
2.3204233749536676
2.3204233749536676
2.3204233749536676
2.3204233749536676
2.3204233749536676
2.3204233749536676
2.3204233749536676
2.3204233749536676
2.3204233749536676
2.3204233749536676
2.3204233749536676
2.3204233749536676
2.1623687835735015
2.1623687835735015
2.1623687835735015
2.1623687835735015
2.1623687835735015
2.1623687835735015
2.1623687835735015
2.1623687835735015
2.1623687835735015
2.1623687835735015
2.1623687835735015
2.1623687835735015
2.1623687835735015
2.1623687835735015
2.1623687835735015
2.1623687835735015
2.1623687835735015
2.687323068474994
2.7671688257208342
2.4508257945180882
2.3432578733442675
1.9508257945180885
2.5306390622295662
2.223219672335508
2.0781758650865774
2.3532946968877244
2.3532946968877244
2.125246327416571
2.063202513215852
2.651793902628769
2.1920058354921066
2.5559130951758244
2.0048861640918427
2.2221915755066783
2.2221915755066783
2.2221915755066783
2.2221915755066783
2.2221915755066783
2.2221915755066783
2.2221915755066783
2.2221915755066783
2.2221915755066783
2.2221915755066783
2.2221915755066783
2.2221915755066783
2.2221915755066783
2.2221915755066783
2.2221915755066783
2.2221915755066783
2.2221915755066783
2.2221915755066783
2.2221915755066783
2.2221915755066783
2.2221915755066783
2.2221915755066783
2.2221915755066783
2.2221915755066783
2.2221915755066783
2.2221915755066783
2.2221915755066783
2.2221915755066783
2.2221915755066783
2.2221915755066783
2.2221915755066783
2.2221915755066783
2.2221915755066783
2.2221915755066783
2.2221915755066783
2.2221915755066783
2.2221915755066783
2.2221915755066783
2.2221915755066783
2.2221915755066783
2.2221915755066783
2.2221915755066783
2.2221915755066783
2.2221915755066783
2.221251836004466
2.2221915755066783
2.2221915755066783
2.2221915755066783
2.2221915755066783
2.2221915755066783
2.2221915755066783
2.2221915755066783
2.2221915755066783
2.2221915755066783
2.2221915755066783
2.2221915755066783
2.2221915755066783
2.2221915755066783
2.2221915755066783
2.2221915755066783
2.2221915755066783
2.2221915755066783
2.2221915755066783
2.2221915755066783
2.2221915755066783
2.2221915755066783
2.2221915755066783
2.2221915755066783
2.2221915755066783
2.2221915755066783
2.2221915755066783
2.2221915755066783
2.2221915755066783
2.2221915755066783
2.2221915755066783
2.2221915755066783
2.2221915755066783
2.2221915755066783
2.2221915755066783
2.2221915755066783
2.2221915755066783
2.2221915755066783
2.2221915755066783
2.2221915755066783
2.2221915755066783
2.2221915755066783
2.2221915755066783
2.2221915755066783
2.2221915755066783
2.2221915755066783
2.2221915755066783
2.2221915755066783
2.2221915755066783
2.2221915755066783
2.2221915755066783
2.2221915755066783
2.2221915755066783
2.2221915755066783
2.2221915755066783
2.2221915755066783
2.2221915755066783
2.2221915755066783
2.2221915755066783
2.2221915755066783
2.2221915755066783
2.2221915755066783
2.2221915755066783
2.2221915755066783
2.2221915755066783
2.2221915755066783
2.2221915755066783
2.2221915755066783
2.2221915755066783
2.2221915755066783
2.2221915755066783
2.2221915755066783
2.2221915755066783
2.2221915755066783
2.2221915755066783
2.2221915755066783
2.2221915755066783
2.2221915755066783
2.2221915755066783
2.2221915755066783
2.2221915755066783
2.2221915755066783
2.2221915755066783
2.2221915755066783
2.2221915755066783
2.2221915755066783
2.2221915755066783
2.2221915755066783
2.2221915755066783
2.2221915755066783
2.2221915755066783
2.2221915755066783
2.2221915755066783
2.2221915755066783
2.2221915755066783
2.2221915755066783
2.2221915755066783
2.2221915755066783
2.2221915755066783
2.2221915755066783
2.2221915755066783
2.2221915755066783
2.2221915755066783
2.2221915755066783
2.2221915755066783
2.2221915755066783
2.2221915755066783
2.2221915755066783
2.2221915755066783
2.2221915755066783
2.2221915755066783
2.2221915755066783
2.2221915755066783
2.2221915755066783
2.2221915755066783
2.2221915755066783
2.2221915755066783
2.2221915755066783
2.2221915755066783
2.2221915755066783
2.2221915755066783
2.2221915755066783
2.2221915755066783
2.2221915755066783
2.2221915755066783
2.2221915755066783
2.2221915755066783
2.2221915755066783
2.2221915755066783
2.2221915755066783
2.2221915755066783
2.2221915755066783
2.2221915755066783
2.2221915755066783
2.2221915755066783
2.2221915755066783
2.2221915755066783
2.2221915755066783
2.2221915755066783
2.2221915755066783
2.2221915755066783
2.2221915755066783
2.2221915755066783
2.2221915755066783
2.2221915755066783
2.2221915755066783
2.2221915755066783
2.2221915755066783
2.2221915755066783
2.2221915755066783
2.2221915755066783
2.2221915755066783
2.2221915755066783
2.2221915755066783
2.2221915755066783
2.2221915755066783
2.2221915755066783
2.2221915755066783
2.2221915755066783
2.2221915755066783
2.2221915755066783
2.2221915755066783
2.2221915755066783
2.2221915755066783
2.2221915755066783
2.2221915755066783
2.2221915755066783
2.2221915755066783
2.2221915755066783
2.2221915755066783
2.2221915755066783
2.2221915755066783
2.2221915755066783
2.2221915755066783
2.2221915755066783
2.2221915755066783
2.2221915755066783
2.2221915755066783
2.2221915755066783
2.2221915755066783
2.2221915755066783
2.2221915755066783
2.2221915755066783
2.2221915755066783
2.2221915755066783
2.2221915755066783
2.2221915755066783
2.2221915755066783
2.2221915755066783
2.2221915755066783
2.2221915755066783
2.2221915755066783
2.2221915755066783
2.2221915755066783
2.2221915755066783
2.2221915755066783
2.2221915755066783
2.2221915755066783
2.2221915755066783
2.2221915755066783
2.2221915755066783
2.2221915755066783
2.2221915755066783
2.2221915755066783
2.2221915755066783
2.2221915755066783
2.2221915755066783
2.2221915755066783
2.2221915755066783
2.2221915755066783
2.2221915755066783
2.2221915755066783
2.2221915755066783
2.2221915755066783
2.2221915755066783
2.2221915755066783
2.2221915755066783
2.2221915755066783
2.2221915755066783
2.2221915755066783
2.2221915755066783
2.2221915755066783
2.2221915755066783
2.2221915755066783
2.2221915755066783
2.2221915755066783
2.2221915755066783
2.2221915755066783
2.2221915755066783
2.2221915755066783
2.2221915755066783
2.2221915755066783
2.2221915755066783
2.2221915755066783
2.2221915755066783
2.2221915755066783
2.2221915755066783
2.2221915755066783
2.2221915755066783
2.2221915755066783
2.2221915755066783
2.2221915755066783
2.2221915755066783
2.2221915755066783
2.2221915755066783
2.2221915755066783
2.2221915755066783
2.2221915755066783
2.2221915755066783
2.2221915755066783
2.2221915755066783
2.2221915755066783
2.2221915755066783
2.2221915755066783
2.2221915755066783
2.2221915755066783
2.2221915755066783
2.2221915755066783
2.2221915755066783
2.2221915755066783
2.2221915755066783
2.2221915755066783
2.2221915755066783
2.2221915755066783
2.2221915755066783
2.2221915755066783
2.2221915755066783
2.2221915755066783
2.2221915755066783
2.2221915755066783
2.2221915755066783
2.2221915755066783
2.2221915755066783
2.2221915755066783
2.2221915755066783
2.2221915755066783
2.2221915755066783
2.2221915755066783
2.2221915755066783
2.2221915755066783
2.2221915755066783
2.2221915755066783
2.2221915755066783
2.2221915755066783
2.2221915755066783
2.2221915755066783
2.2221915755066783
2.2221915755066783
2.2221915755066783
2.2221915755066783
2.2221915755066783
2.2221915755066783
2.2221915755066783
2.2221915755066783
2.2221915755066783
2.2221915755066783
2.2221915755066783
2.2221915755066783
2.2221915755066783
2.2221915755066783
2.2221915755066783
2.2221915755066783
2.2221915755066783
2.2221915755066783
2.2221915755066783
2.2221915755066783
2.2221915755066783
2.2221915755066783
2.2221915755066783
2.2221915755066783
2.2221915755066783
2.2221915755066783
2.2221915755066783
2.2221915755066783
2.2221915755066783
2.2221915755066783
2.2221915755066783
2.2221915755066783
2.2221915755066783
2.2221915755066783
2.2221915755066783
2.2221915755066783
2.2221915755066783
2.2221915755066783
2.2221915755066783
2.2221915755066783
2.2221915755066783
2.2221915755066783
2.2221915755066783
2.2221915755066783
2.2221915755066783
2.2221915755066783
2.2221915755066783
2.2221915755066783
2.2221915755066783
2.2221915755066783
2.2221915755066783
2.2221915755066783
2.2221915755066783
2.2221915755066783
2.2221915755066783
2.2221915755066783
2.2221915755066783
2.2221915755066783
2.2221915755066783
2.2221915755066783
2.2221915755066783
2.2221915755066783
2.2221915755066783
2.2221915755066783
2.2221915755066783
2.2221915755066783
2.2221915755066783
2.2221915755066783
2.2221915755066783
2.2221915755066783
2.2221915755066783
2.2221915755066783
2.2221915755066783
2.2221915755066783
2.2221915755066783
2.2221915755066783
2.2221915755066783
2.2221915755066783
2.2221915755066783
2.2221915755066783
2.2221915755066783
2.2221915755066783
2.2221915755066783
2.2221915755066783
2.2221915755066783
2.2221915755066783
2.2221915755066783
2.2221915755066783
2.2221915755066783
2.2221915755066783
2.2221915755066783
2.2221915755066783
2.2221915755066783
2.2221915755066783
2.2221915755066783
2.2221915755066783
2.2221915755066783
2.2221915755066783
2.2221915755066783
2.2221915755066783
2.2221915755066783
2.2221915755066783
2.2221915755066783
2.2221915755066783
2.2221915755066783
2.2221915755066783
2.2221915755066783
2.2221915755066783
2.2221915755066783
2.2221915755066783
2.2221915755066783
2.2221915755066783
2.2221915755066783
2.2221915755066783
2.2221915755066783
2.2221915755066783
2.2221915755066783
2.2221915755066783
2.2221915755066783
2.2221915755066783
2.2221915755066783
2.2221915755066783
2.2221915755066783
2.2221915755066783
2.2221915755066783
2.2221915755066783
2.2221915755066783
2.2221915755066783
2.2221915755066783
2.2221915755066783
2.2221915755066783
2.2221915755066783
2.2221915755066783
2.2221915755066783
2.2221915755066783
2.2221915755066783
2.2221915755066783
2.2221915755066783
2.2221915755066783
2.2221915755066783
2.2221915755066783
2.2221915755066783
2.2221915755066783
2.2221915755066783
2.2221915755066783
2.2221915755066783
2.2221915755066783
2.2221915755066783
2.2221915755066783
2.2221915755066783
2.2221915755066783
2.2221915755066783
2.2221915755066783
2.2221915755066783
2.2221915755066783
2.2221915755066783
2.2221915755066783
2.2221915755066783
2.2221915755066783
2.2221915755066783
2.2221915755066783
2.2221915755066783
2.2221915755066783
2.2221915755066783
2.2221915755066783
2.2221915755066783
2.2221915755066783
2.2221915755066783
2.2221915755066783
2.2221915755066783
2.2221915755066783
2.2221915755066783
2.2221915755066783
2.2221915755066783
2.2221915755066783
2.2221915755066783
2.2221915755066783
2.2221915755066783
2.2221915755066783
2.2221915755066783
2.2221915755066783
2.2221915755066783
2.2221915755066783
2.2221915755066783
2.2221915755066783
2.2221915755066783
2.2221915755066783
2.2221915755066783
2.2221915755066783
2.2221915755066783
2.2221915755066783
2.248317235933938
1.7841591278514217
1.9182958340544896
2.1920058354921066
2.599566482188235
1.9829860594599402
2.1609640474436813
2.4980775466236413
1.971747257128181
2.4226754683112177
2.345851989338261
2.0758692966977272
1.93012496531497
2.3980513289153462
2.197338796187554
2.25
2.1653813140310865
2.606238928653389
2.4508257945180882
2.401363669197544
2.128085278891394
2.8697379727293746
2.5464972408624718
2.2221915755066783
2.4404040177209283
2.341787631388142
2.4225797618424916
2.2856005389623073
2.350209029099897
1.896240625180289
1.8423709931771086
2.133937566094917
1.9852281360342516
2.5395722619867227
2.287783719941071
2.2221915755066783
2.483856189774724
2.4508257945180882
2.6062389286533896
2.2256051990169436
2.1800365325772657
2.054585169337799
2.148834854280917
2.217021885879718
2.2841591278514217
2.474601752714581
2.0403733936884962
2.0403733936884962
2.35274578087187
2.2221915755066783
2.313459750171824
2.5247326156895395
2.2256051990169436
2.7850617900409813
2.555913095175825
2.3935474965388988
2.5073801024236357
2.474601752714581
2.1607047528877827
2.39207883297832
2.2523826349302514
2.5253476525696095
2.206238928653389
2.2221915755066783
2.2717374334224663
2.251629167387823
1.871602261409798
2.125814583693911
2.251629167387823
2.499698143184414
2.606238928653389
2.2221915755066783
2.251629167387823
2.125814583693911
2.4508257945180882
2.292481250360578
2.2221915755066783
2.3179508276569885
1.965596230357602
2.2810361125534233
2.1887870678023824
2.440404017720928
2.2221915755066783
2.3050365325772657
2.287783719941071
1.7924812503605778
1.789929075309999
2.2221915755066783
2.054258150862612
2.2221915755066783
2.5507463895070326
1.9508257945180885
2.2841591278514217
2.0202442071537563
2.4508257945180882
2.395461844238322
2.395461844238322
2.395461844238322
2.395461844238322
1.9877733714879842
2.049452072789394
2.2783283537314114
2.0403733936884962
2.2221915755066783
2.472905595320056
2.4508257945180882
2.7329145639793975
2.2221915755066783
2.4508257945180882
2.406666316740689
2.0403733936884962
2.4508257945180882
2.484255144794799
2.692380602454975
2.4508257945180882
2.2877837199410704
2.439993140888326
1.8540534681834562
2.682103434062567
2.2841591278514217
2.054585169337799
1.855388542207534
2.125814583693911
2.3963104246409683
2.2221915755066783
2.353533948577482
2.8138461086383852
2.2841591278514217
2.3568437193966782
2.692380602454975
2.499698143184414
2.9010449908667924
2.0403733936884962
2.53414684380524
2.0403733936884962
2.339572261986723
2.457717469130148
1.8919954870390203
1.789929075309999
1.75
2.2221915755066783
1.4591479170272448
2.5226203095310216
2.004886164091843
2.054585169337799
2.2841591278514217
2.199687794731328
2.146465798504072
2.2221915755066783
2.60845859334435
2.2825887305018333
1.8663882455285572
2.4137995646056805
2.8273919452196288
2.5226203095310216
2.353533948577482
2.8185258317433646
1.971747257128181
2.646782221599798
1.8816679770752458
2.4226754683112177
2.378688570451097
2.406666316740689
2.217021885879718
2.353533948577482
2.7395722619867224
1.971747257128181
2.0403733936884962
2.349601752714581
2.8222649292973934
2.5680843243447153
1.823067982273661
2.463458298648303
2.866247897312731
1.9508257945180885
2.2221915755066783
2.0403733936884962
2.3531906713383224
2.1920058354921066
2.2841591278514217
2.495602923729013
2.25
2.606238928653389
2.004886164091843
2.495602923729013
2.4508257945180882
2.0403733936884962
2.696199049814856
2.8320672443525936
2.004886164091843
2.0403733936884962
2.395461844238322
2.3531906713383224
2.3134597501718237
2.0403733936884962
1.823067982273661
1.971747257128181
2.2149798205164815
2.2030713060627085
2.7329145639793984
2.0545851693377997
2.5577174691301483
2.73345859334435
2.060262039120377
2.7225196425556857
2.2841591278514217
2.5032583347756456
2.457717469130148
2.2221915755066783
2.3535339485774815
2.3208020839342964
2.4275019499768535
2.492445131143149
2.077235445408308
1.7924812503605778
2.6556390622295662
2.0403733936884962
2.4508257945180882
2.4508257945180882
2.2221915755066783
2.7610276044371003
2.4613201402110083
2.2221915755066783
2.054585169337799
2.0403733936884962
2.2221915755066783
2.128085278891394
2.2221915755066783
2.0403733936884962
2.2221915755066783
2.6384600665861555
2.287783719941071
2.2221915755066783
2.5566567074628237
2.292481250360578
2.5306390622295662
2.289246428509158
2.004886164091843
2.2221915755066783
2.2221915755066783
2.2221915755066783
2.221251836004466
2.2221915755066783
1.8423709931771084
2.498077546623641
2.2221915755066783
1.9464393446710153
1.8262452584026092
2.4164997849817103
2.005977711423774
2.4164997849817103
2.4164997849817103
2.270942421748537
2.88083816621909
2.021640636343318
1.965596230357602
2.221251836004466
2.5785519909913264
2.4508257945180882
2.606238928653389
2.2221915755066783
2.692380602454975
2.061278124459133
2.054585169337799
2.131407607854671
2.4508257945180882
2.437483033843121
2.2841591278514217
2.574201616898584
2.2724994555866935
2.205622122024847
2.2221915755066783
2.7802606609965523
2.4508257945180882
1.896291529045928
2.4508257945180882
2.709275070710713
2.396782221599798
2.646782221599798
2.054585169337799
2.0403733936884962
2.0403733936884962
2.4996981431844145
2.33012496531497
2.289246428509158
2.1280852788913944
2.049452072789394
2.221251836004466
2.610699332842307
2.2221915755066783
2.2841591278514217
2.212503842372268
2.1556390622295662
2.907009314945296
2.463458298648303
2.4508257945180882
2.6384600665861555
2.382135965268074
2.345851989338261
2.542328989413759
2.358938532350277
2.657742726504889
2.678668272452284
2.4590426753890116
2.609477993324008
2.817007547427673
2.499389675512395
2.4996981431844145
2.239421578823711
2.4056390622295662
2.217021885879718
2.6689801450225326
2.780612590987109
2.611510777487775
1.879964948727111
2.049452072789394
2.1280852788913944
2.1999793267164867
2.049452072789394
2.2877837199410704
2.10479019449097
2.6221538382570277
2.4508257945180882
2.0944875661363507
2.4584538292330596
2.495602923729013
2.2221915755066783
1.8231924110430977
2.054585169337799
2.606238928653389
2.3253314601288055
2.4508257945180882
2.8520606254114793
2.292481250360578
2.6337314206421327
2.5341468438052397
2.1008076722172717
2.331164445867128
1.7841591278514217
2.226793569381808
2.7193308322365355
2.117492461184755
2.221251836004466
2.2877837199410704
2.2221915755066783
2.0403733936884962
2.2841591278514217
2.521782221599798
2.1416195253341384
2.3921472236645345
2.2841591278514217
2.4508257945180882
2.8723260125081738
2.4508257945180882
2.7792553760679404
2.2221915755066783
2.0202442071537563
2.2841591278514217
1.7924812503605778
2.692380602454975
2.60845859334435
2.004886164091843
2.4137995646056805
2.4729055953200563
2.744842531753244
2.0403733936884962
2.2841591278514217
2.359879028736861
2.2221915755066783
2.3627402784989338
2.547897627500466
2.2841591278514217
2.2221915755066783
1.971747257128181
2.1416195253341384
2.2221915755066783
2.230994305917858
2.53414684380524
2.2841591278514217
2.0403733936884962
2.2841591278514217
2.523986065961297
2.2149798205164815
2.460904932167797
2.692380602454975
2.2221915755066783
2.4996981431844145
2.217021885879718
2.0
2.2221915755066783
2.6535442970305683
2.4508257945180882
2.646782221599798
2.4508257945180882
2.0349409139562287
2.5306390622295662
2.2221915755066783
2.271782221599798
2.054585169337799
2.2841591278514217
2.4613201402110083
2.7860382754173476
2.072905595320056
2.2125038423722683
2.5868878409958143
2.197159723424149
2.4416298737872246
2.4137995646056805
2.2221915755066783
2.7982975702780193
1.8423709931771084
2.2221915755066783
2.4961268547517808
2.278787598135611
2.4425574422850707
2.6535442970305683
2.5495234595978316
2.2841591278514217
2.4996981431844145
2.4996981431844145
2.2232196723355075
2.447503328981256
2.3649212838293647
2.6292492238560343
2.2877837199410704
2.2877837199410704
2.668980145022532
2.3432578733442675
1.823067982273661
2.5785519909913264
2.004886164091843
2.5773206585968413
2.4225797618424916
2.521782221599798
2.054585169337799
2.4056390622295662
2.5226203095310216
2.199687794731328
2.2988252450030506
2.1556390622295662
2.5032583347756456
2.130926080730337
2.1556390622295662
2.2221915755066783
1.7924812503605778
2.353190671338322
1.7841591278514217
2.1800365325772657
2.004886164091843
2.4508257945180882
2.1735572622751853
2.0705934438130758
2.117492461184755
2.199687794731328
2.4508257945180882
2.3432578733442675
2.349601752714581
2.2221915755066783
1.584962500721156
2.058813890331201
2.125814583693911
2.606238928653389
1.971747257128181
2.4508257945180882
2.355707281744155
1.9591479170272446
2.83429531609601
2.732914563979398
2.4508257945180882
1.9508257945180885
2.1556390622295662
2.0403733936884962
2.287783719941071
1.867633890971212
2.682588730501833
2.0403733936884962
1.9182958340544896
2.709288902743936
2.422579761842491
2.2810361125534233
2.2221915755066783
2.0403733936884962
2.4508257945180882
2.1416195253341384
2.614369445886757
2.472905595320056
2.696199049814856
2.0922718656836103
2.004886164091843
2.199687794731328
2.374556048381884
2.2221915755066783
2.499698143184414
2.3841837197791884
2.1054105870684143
2.2221915755066783
2.224394445405986
2.701120783844247
2.4996981431844145
1.7924812503605778
2.4225797618424916
2.0403733936884962
2.038159681645953
1.9182958340544896
2.5073801024236357
2.3538109795800106
2.2541956501507814
2.2841591278514217
2.2810361125534238
2.460964047443681
2.021782221599798
2.5306390622295662
2.208196592277087
2.5341468438052397
2.292481250360578
2.27056222585977
2.3819981533596915
2.2221915755066783
0.854021492211607
2.4996981431844145
2.158592489772478
2.495602923729013
1.7924812503605778
2.005977711423774
2.0403733936884962
1.6644977792004614
2.040223928941852
1.75
2.251614471810182
2.422579761842491
2.125814583693911
2.2306502730537434
2.28331032843395
2.2221915755066783
2.0225797618424917
1.971185102834922
2.4508257945180882
2.422579761842491
1.9508257945180885
2.005977711423774
2.8057456515210593
2.495461844238322
2.422579761842491
2.217021885879718
2.004886164091843
2.0741647430225756
2.4508257945180882
2.327632809290636
2.325366051581939
2.2221915755066783
2.2221915755066783
2.749902506162896
2.120952031026403
2.4508257945180882
2.4416298737872246
2.0403733936884962
2.0670314951575843
2.2221915755066783
2.33012496531497
2.2221915755066783
2.2221915755066783
2.2312702546075753
2.14301790869919
2.35274578087187
2.1174924611847548
2.2890179898186576
2.1280852788913944
2.3655962303576015
2.2221915755066783
2.2221915755066783
1.971747257128181
1.8423709931771084
2.2221915755066783
2.199687794731328
2.2390183299752544
1.3787834934861753
2.692380602454975
2.5566567074628237
1.819185511093274
2.292481250360578
2.4996981431844145
2.225605199016944
2.125814583693911
2.2841591278514217
2.221251836004466
1.9056390622295662
2.353533948577482
2.2841591278514217
2.0
2.287783719941071
2.4508257945180882
2.436278124459133
2.2221915755066783
1.7924812503605778
2.4137995646056805
1.9182958340544896
2.668980145022532
2.815333779292341
2.6535442970305683
1.8423709931771084
2.535857775918279
2.474601752714581
2.2221915755066783
2.436278124459133
2.4508257945180882
1.9508257945180885
2.682928370080317
2.48345859334435
2.225605199016944
2.469240782172285
2.2221915755066783
2.184209230796571
2.722292189082414
2.6244911882033333
2.4404040177209283
1.9542473996920802
2.165774746667948
2.1403533684506124
2.2221915755066783
2.4834585933443494
2.556656707462823
2.4137995646056805
2.2877837199410704
2.2892464285091583
1.7924812503605778
2.295217421954582
2.1393538721672005
2.2221915755066783
2.4996981431844145
2.0403733936884962
2.0545851693377997
2.0403733936884962
2.4416298737872246
1.971747257128181
2.349601752714581
2.0403733936884962
1.823067982273661
2.1607047528877827
2.054585169337799
2.4137995646056805
2.4416298737872246
2.4729055953200563
2.278351811711312
2.2221915755066783
2.7806390622295662
2.7144471528206298
2.374556048381884
2.2221915755066783
2.21577067413792
1.9242299136001453
2.4922031072054134
1.959434222335506
2.3395722619867225
1.971747257128181
2.831737433422466
2.2221915755066783
2.2221915755066783
2.1920058354921066
2.2221915755066783
2.251629167387823
2.2221915755066783
1.9877733714879842
2.692380602454975
2.353533948577482
2.2221915755066783
2.2841591278514217
2.2221915755066783
2.4508257945180882
2.146782221599798
2.199687794731328
2.2221915755066783
2.1800365325772657
1.971747257128181
1.9591479170272446
2.463458298648303
2.0403733936884962
2.314979820516481
2.390863696857044
2.556656707462823
2.2221915755066783
2.125814583693911
2.692380602454975
2.5424826938097276
2.6689801450225326
2.289246428509158
2.3695710038552735
2.668980145022532
2.0403733936884962
2.4387439204017474
2.499698143184414
2.5424826938097276
3.0039280318460246
2.2841591278514217
2.3973518076692533
2.655775892805316
2.287783719941071
2.646782221599798
1.9609640474436814
2.4416298737872246
2.4508257945180882
2.2841591278514217
2.049452072789394
2.311278124459133
2.0466744278153235
2.2665916257378074
2.004886164091843
2.591793226077496
2.2221915755066783
2.7657441218718404
2.5724312513221195
2.2221915755066783
2.60845859334435
1.8423709931771088
2.199687794731328
2.4137995646056805
2.4187229080665604
2.2877837199410704
2.0588138903312014
2.2221915755066783
2.2221915755066783
2.2221915755066783
2.2221915755066783
2.161978179679554
1.9182958340544896
2.4508257945180882
2.2221915755066783
2.049452072789394
2.556656707462823
2.2841591278514217
1.9877733714879842
2.199687794731328
2.6756981353679867
2.4416298737872246
3.1841716199585894
3.352974419267672
2.0403733936884962
2.801646118348147
2.739572261986723
2.396782221599798
2.0989295636909353
2.33012496531497
2.521640636343318
2.0403733936884962
1.9182958340544896
2.270942421748537
2.4137995646056805
2.353533948577482
2.4137995646056805
1.8585552118703144
2.1920058354921066
2.057039707039293
2.004886164091843
3.0766457263418623
2.251629167387823
1.9545304475546976
2.4971367775964532
2.2221915755066783
2.1414460711655217
2.4996981431844145
2.6535442970305683
2.1280852788913944
2.646782221599798
2.5839259400536587
1.8810947601100745
2.4371667537401858
2.353533948577482
1.803897373393484
2.2221915755066783
2.4842551447947985
2.702904337188607
2.298631184017187
2.5917932260774954
2.6402135035961947
2.303701696057348
2.4137995646056805
2.7055525165801857
2.0403733936884962
1.9311187687034965
2.8662478973127308
2.4508257945180882
2.125814583693911
1.971747257128181
2.199687794731328
2.35274578087187
2.2221915755066783
2.221251836004466
2.103909910282364
2.217021885879718
2.692380602454975
2.899397470347699
2.6535442970305683
2.4225797618424916
2.3414460711655214
2.2841591278514217
1.7924812503605778
2.4225797618424916
2.436348644823314
2.3695710038552735
2.5609640474436812
2.375222374437917
2.563716987127796
2.223219672335508
1.9021748142117278
2.2221915755066783
2.10973793212989
2.1638909867280645
2.4508257945180882
2.614369445886757
2.2221915755066783
2.2221915755066783
2.130926080730337
2.199687794731328
2.1416195253341384
2.815922063835166
2.2396782598404563
2.054585169337799
2.217021885879718
2.2221915755066783
2.0048861640918427
2.4690429986162767
1.93012496531497
2.6654887244614205
2.1416195253341384
1.8404514287124563
2.333287729726074
2.7334585933443494
2.4137995646056805
2.2221915755066783
2.395461844238322
2.535857775918279
2.2841591278514217
2.374556048381884
2.463458298648303
2.128085278891394
2.130926080730337
2.463458298648303
2.128085278891394
2.2405921566179168
2.521782221599798
2.393547496538899
2.199687794731328
2.2221915755066783
2.6535442970305683
2.4996981431844145
2.457717469130148
1.7924812503605778
2.4508257945180882
2.3598790287368607
2.2569089895583545
2.005977711423774
2.049452072789394
2.3221793455166666
2.2841591278514217
1.867633890971212
1.7924812503605778
2.2221915755066783
2.3942811477133943
2.3232196723355076
1.823067982273661
2.4137995646056796
2.049452072789394
2.2221915755066783
2.270942421748537
2.1604088793210376
2.1061450333085068
2.1061450333085068
2.1061450333085068
2.1061450333085068
2.1751349806741698
2.1061450333085068
2.1061450333085068
2.2253266937370415
2.1535654389463628
2.2841591278514217
2.2221915755066783
2.0930692077718898
2.0403733936884962
2.4996981431844145
2.5086380843014564
2.0550365325772657
2.6411209338130157
2.651793902628769
2.499698143184414
2.403677461028802
2.4980775466236413
1.9508257945180885
2.6522615787128405
1.9735561123277503
2.2221915755066783
1.9852281360342514
2.165131711675571
2.345851989338261
1.7464657985040721
2.497098505552562
2.199687794731328
2.2841591278514217
1.867633890971212
1.789929075309999
2.2221915755066783
2.3082708345352603
2.5813430663588783
2.359879028736861
2.2841591278514217
2.463458298648303
2.270942421748537
2.869737972729375
2.1800365325772657
3.1523201659484923
1.971747257128181
2.8373099413886695
2.4634582986483036
2.406666316740689
2.146465798504072
2.465604474455161
2.774243302917269
2.460904932167797
2.4508257945180882
2.2440954395801547
2.221251836004466
2.2841591278514217
2.4137995646056805
2.572878689342031
2.2221915755066783
2.0403733936884962
2.2221915755066783
2.2221915755066783
1.854285871987246
2.349601752714581
2.35274578087187
2.1739731346044096
2.2221915755066783
2.199687794731328
2.2221915755066783
2.1812056673346514
1.9877733714879842
2.0403733936884962
2.128085278891394
2.045841640885174
2.125814583693911
2.3695710038552735
2.4508257945180882
2.3458519893382603
2.049452072789394
2.2221915755066783
2.378991986900062
2.117492461184755
2.2841591278514217
2.2221915755066783
2.2221915755066783
2.2841591278514217
2.058813890331201
2.0403733936884962
2.0403733936884962
2.4613201402110083
2.1920058354921066
2.535857775918279
2.5341468438052397
2.3718956694089637
2.0403733936884962
1.7924812503605778
2.4508257945180882
2.2221915755066783
2.2221915755066783
1.9182958340544896
2.2841591278514217
2.038159681645953
1.75
1.823067982273661
2.289246428509158
2.419973094021975
2.1766352793034835
2.254831109649011
2.430563456604073
1.971747257128181
2.35274578087187
2.3636085007312415
2.6517939026287696
2.063202513215852
2.556656707462823
2.591793226077496
2.2221915755066783
2.349601752714581
2.128085278891394
2.3846026962555835
2.771053324039869
2.4996981431844145
2.359879028736861
2.2221915755066783
2.298852726158181
2.473851389610045
2.199687794731328
1.8799649487271108
2.2221915755066783
2.287783719941071
2.049452072789394
2.2841591278514217
2.692380602454975
1.823067982273661
2.1559681021459083
2.35274578087187
2.6840172808298455
2.2877837199410704
2.2221915755066783
2.2221915755066783
2.3432578733442675
2.2221915755066783
2.0403733936884962
1.8423709931771084
2.322756958897399
2.658817181203793
1.9852281360342514
2.2841591278514217
2.1499481955839457
2.629249223856034
2.4508257945180882
3.1811123577796176
2.499698143184414
1.823067982273661
2.4508257945180882
2.4508257945180882
2.395461844238322
2.2221915755066783
2.4634582986483036
2.4137995646056805
2.4613201402110083
2.0670314951575843
2.5566567074628237
2.4996981431844145
2.499698143184414
2.1280852788913944
2.615724605447171
2.004886164091843
2.940568862538808
2.52473261568954
2.2825887305018333
2.359879028736861
2.4577174691301487
2.4416298737872246
2.1179515497177714
2.223219672335508
2.503258334775645
2.0403733936884962
2.2221915755066783
1.789929075309999
2.199687794731328
2.287783719941071
2.2221915755066783
2.2841591278514217
2.499698143184414
2.1179631753145163
2.125814583693911
2.606238928653389
2.0403733936884962
2.463458298648303
2.221251836004466
2.5472044750881655
2.0670314951575843
2.239018329975254
2.457717469130148
2.125814583693911
2.2221915755066783
2.0403733936884962
2.289246428509158
2.463458298648303
2.0403733936884962
2.5341468438052397
2.0545851693377997
2.6084585933443494
1.823067982273661
2.019973094021975
2.4508257945180882
2.1147869792568113
2.922154599009723
2.5032583347756456
2.2813548967005404
2.359879028736861
2.3627402784989338
2.495602923729013
2.224601752714581
2.5152998034933436
1.8016094970590273
2.610853730017265
2.0403733936884962
2.4237949406953985
1.823067982273661
1.584962500721156
1.8585552118703144
2.6384600665861555
1.7924812503605778
1.8585552118703144
2.350209029099897
2.636700051080712
2.2221915755066783
2.4508257945180882
2.2877837199410704
2.049452072789394
2.1577174691301484
2.287783719941071
2.646782221599798
1.9508257945180885
2.049452072789394
2.4806821149663847
1.9591479170272446
2.2806390622295662
2.0403733936884962
2.3695710038552735
2.696199049814856
2.353533948577482
2.752896842718644
2.2724994555866935
2.234201009820717
1.9182958340544896
2.2221915755066783
2.3342564252133498
2.2221915755066783
2.2221915755066783
2.6282129458410015
2.717227302397353
2.521782221599798
2.556656707462823
2.004886164091843
2.2221915755066783
2.145136370153053
2.4508257945180882
2.125
2.6199707109276353
2.6689801450225326
1.584962500721156
2.0403733936884962
2.221251836004466
2.004886164091843
2.2221915755066783
2.287783719941071
2.049452072789394
2.353533948577482
2.1416195253341384
2.406666316740689
2.2221915755066783
2.2221915755066783
2.422579761842491
2.2221915755066783
2.0403733936884962
2.5566567074628237
2.0403733936884962
2.292481250360578
1.7924812503605778
1.9609640474436814
1.9591479170272446
2.375
2.8985533947180477
2.0403733936884962
2.1784857337562045
1.9508257945180885
2.287783719941071
2.521782221599798
2.1451363701530526
2.2221915755066783
2.2221915755066783
2.278351811711312
2.5341468438052397
2.2221915755066783
1.7924812503605778
2.2221915755066783
2.133937566094917
2.125814583693911
2.4508257945180882
2.0403733936884962
1.971747257128181
2.4416298737872246
2.4508257945180882
2.049452072789394
2.1920058354921066
1.971747257128181
2.960700568995947
1.9056390622295665
2.774568357067501
2.2841591278514217
2.487521894173951
2.287783719941071
2.125814583693911
2.523986065961297
2.2841591278514217
2.197159723424149
2.4056390622295662
2.1414460711655217
2.349601752714581
2.2221915755066783
2.5073801024236357
2.732914563979398
2.2221915755066783
2.4058320677405653
2.1920058354921066
2.4613201402110083
2.53414684380524
2.1774212838293643
2.2841591278514217
2.6379185026711327
2.2221915755066783
2.2841591278514217
2.321928094887362
2.484255144794799
2.563716987127796
1.971747257128181
2.2841591278514217
2.321928094887362
2.3327230088457283
2.563716987127796
1.971747257128181
2.2841591278514217
2.321928094887362
2.388511518271973
2.60623892865339
2.2221915755066783
1.9746017527145812
2.063202513215852
2.084962500721156
3.1464834066027536
2.0741647430225756
2.345851989338261
2.004886164091843
2.125814583693911
2.9614116191688344
2.0403733936884962
2.1920058354921066
2.2221915755066783
1.896240625180289
2.5239694595736117
2.38911063584319
2.313124715354911
2.705059123066536
2.6778650821659573
2.0781758650865774
2.406666316740689
2.133937566094917
2.041814515501815
2.591793226077496
2.004886164091843
2.855953642864355
2.337019353315419
2.075869296697727
2.1607047528877827
2.084962500721156
2.227534334005981
1.9211854965885542
2.0989295636909353
2.422579761842491
2.004886164091843
2.499698143184414
1.823067982273661
2.0403733936884962
2.2221915755066783
1.914341183612352
1.914341183612352
1.914341183612352
1.914341183612352
1.914341183612352
1.914341183612352
1.914341183612352
1.914341183612352
1.914341183612352
1.914341183612352
1.914341183612352
1.914341183612352
1.914341183612352
1.914341183612352
1.914341183612352
1.914341183612352
1.914341183612352
1.914341183612352
1.914341183612352
1.914341183612352
1.914341183612352
1.914341183612352
1.914341183612352
1.914341183612352
1.914341183612352
1.914341183612352
1.914341183612352
1.914341183612352
1.914341183612352
1.914341183612352
1.914341183612352
1.914341183612352
1.914341183612352
1.914341183612352
1.914341183612352
1.914341183612352
1.914341183612352
1.914341183612352
1.914341183612352
1.914341183612352
1.914341183612352
1.914341183612352
1.914341183612352
1.914341183612352
1.914341183612352
1.914341183612352
1.914341183612352
1.914341183612352
1.914341183612352
2.35274578087187
2.35274578087187
2.35274578087187
2.35274578087187
2.35274578087187
2.35274578087187
1.914341183612352
1.914341183612352
1.914341183612352
1.914341183612352
1.914341183612352
1.914341183612352
1.914341183612352
1.914341183612352
1.914341183612352
1.914341183612352
1.914341183612352
1.914341183612352
1.914341183612352
1.914341183612352
1.914341183612352
1.914341183612352
1.914341183612352
1.914341183612352
1.914341183612352
1.914341183612352
1.914341183612352
1.914341183612352
1.914341183612352
1.914341183612352
1.914341183612352
1.914341183612352
1.914341183612352
1.914341183612352
1.914341183612352
1.914341183612352
1.914341183612352
1.914341183612352
1.914341183612352
1.914341183612352
1.914341183612352
1.914341183612352
1.914341183612352
1.914341183612352
1.914341183612352
1.914341183612352
1.914341183612352
1.914341183612352
1.914341183612352
1.914341183612352
1.914341183612352
1.914341183612352
1.914341183612352
1.914341183612352
1.914341183612352
2.35274578087187
2.35274578087187
2.35274578087187
2.35274578087187
2.35274578087187
2.35274578087187
2.221251836004466
2.221251836004466
2.221251836004466
2.221251836004466
2.221251836004466
2.289246428509158
2.289246428509158
2.289246428509158
2.289246428509158
2.289246428509158
2.289246428509158
2.289246428509158
2.289246428509158
2.289246428509158
2.289246428509158
2.289246428509158
2.289246428509158
2.289246428509158
2.289246428509158
2.289246428509158
2.289246428509158
2.289246428509158
2.289246428509158
1.914341183612352
1.914341183612352
1.914341183612352
1.914341183612352
1.914341183612352
1.914341183612352
1.914341183612352
1.914341183612352
1.914341183612352
1.914341183612352
1.914341183612352
1.914341183612352
1.914341183612352
1.914341183612352
1.914341183612352
1.914341183612352
1.914341183612352
1.914341183612352
1.914341183612352
1.914341183612352
1.914341183612352
1.914341183612352
1.914341183612352
1.914341183612352
1.914341183612352
1.914341183612352
1.914341183612352
1.914341183612352
1.914341183612352
1.914341183612352
1.914341183612352
1.914341183612352
1.914341183612352
1.914341183612352
1.914341183612352
1.914341183612352
1.914341183612352
1.914341183612352
1.914341183612352
1.914341183612352
1.914341183612352
1.914341183612352
1.914341183612352
1.914341183612352
1.914341183612352
1.914341183612352
1.914341183612352
1.914341183612352
1.914341183612352
2.35274578087187
2.35274578087187
2.35274578087187
2.35274578087187
2.35274578087187
2.35274578087187
2.221251836004466
2.221251836004466
2.221251836004466
2.221251836004466
2.221251836004466
2.289246428509158
2.289246428509158
2.289246428509158
2.289246428509158
2.289246428509158
2.289246428509158
2.289246428509158
2.289246428509158
2.289246428509158
2.289246428509158
2.289246428509158
2.289246428509158
2.289246428509158
2.289246428509158
2.289246428509158
2.289246428509158
2.289246428509158
2.289246428509158
1.914341183612352
1.914341183612352
1.914341183612352
1.914341183612352
1.914341183612352
1.914341183612352
1.914341183612352
1.914341183612352
1.914341183612352
1.914341183612352
1.914341183612352
1.914341183612352
1.914341183612352
1.914341183612352
1.914341183612352
1.914341183612352
1.914341183612352
1.914341183612352
1.914341183612352
1.914341183612352
1.914341183612352
1.914341183612352
1.914341183612352
1.914341183612352
1.914341183612352
1.914341183612352
1.914341183612352
1.914341183612352
1.914341183612352
1.914341183612352
1.914341183612352
1.914341183612352
1.914341183612352
1.914341183612352
1.914341183612352
1.914341183612352
1.914341183612352
1.914341183612352
1.914341183612352
1.914341183612352
1.914341183612352
1.914341183612352
1.914341183612352
1.914341183612352
1.914341183612352
1.914341183612352
1.914341183612352
1.914341183612352
1.914341183612352
2.289246428509158
1.914341183612352
1.914341183612352
1.914341183612352
1.914341183612352
1.914341183612352
1.914341183612352
1.914341183612352
1.914341183612352
1.914341183612352
1.914341183612352
1.914341183612352
1.914341183612352
1.914341183612352
1.914341183612352
1.914341183612352
1.914341183612352
1.914341183612352
1.914341183612352
1.914341183612352
1.914341183612352
1.914341183612352
1.914341183612352
1.914341183612352
1.914341183612352
1.914341183612352
1.914341183612352
1.914341183612352
1.914341183612352
1.914341183612352
1.914341183612352
1.914341183612352
1.914341183612352
1.914341183612352
1.914341183612352
1.914341183612352
1.914341183612352
1.914341183612352
1.914341183612352
1.914341183612352
1.914341183612352
1.914341183612352
1.914341183612352
1.914341183612352
1.914341183612352
1.914341183612352
1.914341183612352
1.914341183612352
1.914341183612352
1.914341183612352
2.35274578087187
2.35274578087187
2.35274578087187
2.35274578087187
2.35274578087187
2.35274578087187
2.221251836004466
2.221251836004466
2.221251836004466
2.221251836004466
2.221251836004466
2.10558726169826
2.10558726169826
2.10558726169826
2.3134597501718237
1.914341183612352
1.914341183612352
1.914341183612352
1.914341183612352
1.914341183612352
1.914341183612352
1.914341183612352
1.914341183612352
1.914341183612352
1.914341183612352
1.914341183612352
1.914341183612352
1.914341183612352
1.914341183612352
1.914341183612352
1.914341183612352
1.914341183612352
1.914341183612352
1.914341183612352
1.914341183612352
1.914341183612352
1.914341183612352
1.914341183612352
1.914341183612352
1.914341183612352
1.914341183612352
1.914341183612352
1.914341183612352
1.914341183612352
1.914341183612352
1.914341183612352
1.914341183612352
1.914341183612352
1.914341183612352
1.914341183612352
1.914341183612352
1.914341183612352
1.914341183612352
1.914341183612352
1.914341183612352
1.914341183612352
1.914341183612352
1.914341183612352
1.914341183612352
1.914341183612352
1.914341183612352
1.914341183612352
1.914341183612352
1.914341183612352
2.289246428509158
2.289246428509158
2.289246428509158
2.289246428509158
2.289246428509158
2.289246428509158
2.289246428509158
2.289246428509158
2.289246428509158
2.289246428509158
2.289246428509158
2.289246428509158
2.289246428509158
2.289246428509158
2.289246428509158
2.289246428509158
2.289246428509158
2.289246428509158
1.914341183612352
1.914341183612352
1.914341183612352
1.914341183612352
2.289246428509158
2.289246428509158
2.289246428509158
2.289246428509158
2.289246428509158
2.289246428509158
2.289246428509158
2.289246428509158
2.289246428509158
2.289246428509158
2.289246428509158
2.289246428509158
2.289246428509158
2.289246428509158
2.289246428509158
2.289246428509158
2.289246428509158
2.289246428509158
1.914341183612352
1.914341183612352
1.914341183612352
1.914341183612352
1.914341183612352
1.914341183612352
1.914341183612352
1.914341183612352
1.914341183612352
1.914341183612352
1.914341183612352
1.914341183612352
1.914341183612352
1.914341183612352
1.914341183612352
1.914341183612352
1.914341183612352
1.914341183612352
1.914341183612352
1.914341183612352
1.914341183612352
1.914341183612352
1.914341183612352
1.914341183612352
1.914341183612352
1.914341183612352
1.914341183612352
1.914341183612352
1.914341183612352
1.914341183612352
1.914341183612352
1.914341183612352
1.914341183612352
1.914341183612352
1.914341183612352
1.914341183612352
1.914341183612352
1.914341183612352
1.914341183612352
1.914341183612352
1.914341183612352
1.914341183612352
1.914341183612352
1.914341183612352
1.914341183612352
1.914341183612352
1.914341183612352
1.914341183612352
1.914341183612352
2.35274578087187
2.35274578087187
2.35274578087187
2.35274578087187
2.35274578087187
2.35274578087187
2.221251836004466
2.221251836004466
2.221251836004466
2.221251836004466
2.221251836004466
2.10558726169826
2.10558726169826
2.10558726169826
1.914341183612352
1.914341183612352
1.914341183612352
1.914341183612352
1.914341183612352
1.914341183612352
1.914341183612352
1.914341183612352
1.914341183612352
1.914341183612352
1.914341183612352
1.914341183612352
1.914341183612352
1.914341183612352
1.914341183612352
1.914341183612352
1.914341183612352
1.914341183612352
1.914341183612352
1.914341183612352
1.914341183612352
1.914341183612352
1.914341183612352
1.914341183612352
1.914341183612352
1.914341183612352
1.914341183612352
1.914341183612352
1.914341183612352
1.914341183612352
1.914341183612352
1.914341183612352
1.914341183612352
1.914341183612352
1.914341183612352
1.914341183612352
1.914341183612352
1.914341183612352
1.914341183612352
1.914341183612352
1.914341183612352
1.914341183612352
1.914341183612352
1.914341183612352
1.914341183612352
1.914341183612352
1.914341183612352
1.914341183612352
1.914341183612352
2.4225797618424916
1.914341183612352
1.914341183612352
1.914341183612352
1.914341183612352
1.914341183612352
1.914341183612352
1.914341183612352
1.914341183612352
1.914341183612352
1.914341183612352
1.914341183612352
1.914341183612352
1.914341183612352
1.914341183612352
1.914341183612352
1.914341183612352
1.914341183612352
1.914341183612352
1.914341183612352
1.914341183612352
1.914341183612352
1.914341183612352
1.914341183612352
1.914341183612352
1.914341183612352
1.914341183612352
1.914341183612352
1.914341183612352
1.914341183612352
1.914341183612352
1.914341183612352
1.914341183612352
1.914341183612352
1.914341183612352
1.914341183612352
1.914341183612352
1.914341183612352
1.914341183612352
1.914341183612352
1.914341183612352
1.914341183612352
1.914341183612352
1.914341183612352
1.914341183612352
1.914341183612352
1.914341183612352
1.914341183612352
1.914341183612352
1.914341183612352
2.35274578087187
2.35274578087187
2.35274578087187
2.35274578087187
2.35274578087187
2.35274578087187
1.914341183612352
1.914341183612352
1.914341183612352
1.914341183612352
1.914341183612352
1.914341183612352
1.914341183612352
1.914341183612352
1.914341183612352
1.914341183612352
1.914341183612352
1.914341183612352
1.914341183612352
1.914341183612352
1.914341183612352
1.914341183612352
1.914341183612352
1.914341183612352
1.914341183612352
1.914341183612352
1.914341183612352
1.914341183612352
1.914341183612352
1.914341183612352
1.914341183612352
1.914341183612352
1.914341183612352
1.914341183612352
1.914341183612352
1.914341183612352
1.914341183612352
1.914341183612352
1.914341183612352
1.914341183612352
1.914341183612352
1.914341183612352
1.914341183612352
1.914341183612352
1.914341183612352
1.914341183612352
1.914341183612352
1.914341183612352
1.914341183612352
1.914341183612352
1.914341183612352
1.914341183612352
1.914341183612352
1.914341183612352
1.914341183612352
2.472905595320056
2.472905595320056
2.472905595320056
2.472905595320056
2.472905595320056
2.472905595320056
2.472905595320056
2.472905595320056
2.472905595320056
2.472905595320056
2.472905595320056
2.472905595320056
1.914341183612352
1.914341183612352
1.914341183612352
1.914341183612352
1.914341183612352
1.914341183612352
1.914341183612352
1.914341183612352
1.914341183612352
1.914341183612352
1.914341183612352
1.914341183612352
1.914341183612352
1.914341183612352
1.914341183612352
1.914341183612352
1.914341183612352
1.914341183612352
1.914341183612352
1.914341183612352
1.914341183612352
1.914341183612352
1.914341183612352
1.914341183612352
1.914341183612352
1.914341183612352
1.914341183612352
1.914341183612352
1.914341183612352
1.914341183612352
1.914341183612352
1.914341183612352
1.914341183612352
1.914341183612352
1.914341183612352
1.914341183612352
1.914341183612352
1.914341183612352
1.914341183612352
1.914341183612352
1.914341183612352
1.914341183612352
1.914341183612352
1.914341183612352
1.914341183612352
1.914341183612352
1.914341183612352
1.914341183612352
1.914341183612352
2.289246428509158
2.289246428509158
2.289246428509158
2.289246428509158
2.289246428509158
2.289246428509158
2.289246428509158
2.289246428509158
2.289246428509158
2.289246428509158
2.289246428509158
2.289246428509158
2.289246428509158
2.289246428509158
2.289246428509158
2.289246428509158
2.289246428509158
2.289246428509158
1.914341183612352
1.914341183612352
1.914341183612352
1.914341183612352
1.914341183612352
1.914341183612352
1.914341183612352
1.914341183612352
1.914341183612352
1.914341183612352
1.914341183612352
1.914341183612352
1.914341183612352
1.914341183612352
1.914341183612352
1.914341183612352
1.914341183612352
1.914341183612352
1.914341183612352
1.914341183612352
1.914341183612352
1.914341183612352
1.914341183612352
1.914341183612352
1.914341183612352
1.914341183612352
1.914341183612352
1.914341183612352
1.914341183612352
1.914341183612352
1.914341183612352
1.914341183612352
1.914341183612352
1.914341183612352
1.914341183612352
1.914341183612352
1.914341183612352
1.914341183612352
1.914341183612352
1.914341183612352
1.914341183612352
1.914341183612352
1.914341183612352
1.914341183612352
1.914341183612352
1.914341183612352
1.914341183612352
1.914341183612352
1.914341183612352
2.199687794731328
2.199687794731328
2.199687794731328
2.199687794731328
2.199687794731328
2.199687794731328
2.221251836004466
2.221251836004466
2.221251836004466
2.221251836004466
2.221251836004466
2.10558726169826
2.10558726169826
2.10558726169826
1.914341183612352
1.914341183612352
1.914341183612352
1.914341183612352
1.914341183612352
1.914341183612352
1.914341183612352
1.914341183612352
1.914341183612352
1.914341183612352
1.914341183612352
1.914341183612352
1.914341183612352
1.914341183612352
1.914341183612352
1.914341183612352
1.914341183612352
1.914341183612352
1.914341183612352
1.914341183612352
1.914341183612352
1.914341183612352
1.914341183612352
1.914341183612352
1.914341183612352
1.914341183612352
1.914341183612352
1.914341183612352
1.914341183612352
1.914341183612352
1.914341183612352
1.914341183612352
1.914341183612352
1.914341183612352
1.914341183612352
1.914341183612352
1.914341183612352
1.914341183612352
1.914341183612352
1.914341183612352
1.914341183612352
1.914341183612352
1.914341183612352
1.914341183612352
1.914341183612352
1.914341183612352
1.914341183612352
1.914341183612352
1.914341183612352
2.199687794731328
2.199687794731328
2.199687794731328
2.199687794731328
2.199687794731328
2.199687794731328
2.199687794731328
1.914341183612352
1.914341183612352
1.914341183612352
1.914341183612352
1.914341183612352
1.914341183612352
1.914341183612352
1.914341183612352
1.914341183612352
1.914341183612352
1.914341183612352
1.914341183612352
1.914341183612352
1.914341183612352
1.914341183612352
1.914341183612352
1.914341183612352
1.914341183612352
1.914341183612352
1.914341183612352
1.914341183612352
1.914341183612352
1.914341183612352
1.914341183612352
1.914341183612352
1.914341183612352
1.914341183612352
1.914341183612352
1.914341183612352
1.914341183612352
1.914341183612352
1.914341183612352
1.914341183612352
1.914341183612352
1.914341183612352
1.914341183612352
1.914341183612352
1.914341183612352
1.914341183612352
1.914341183612352
1.914341183612352
1.914341183612352
1.914341183612352
1.914341183612352
1.914341183612352
1.914341183612352
1.914341183612352
1.914341183612352
1.914341183612352
2.199687794731328
2.199687794731328
2.199687794731328
2.199687794731328
2.199687794731328
2.199687794731328
2.199687794731328
1.914341183612352
1.914341183612352
1.914341183612352
1.914341183612352
1.914341183612352
1.914341183612352
1.914341183612352
1.914341183612352
1.914341183612352
1.914341183612352
1.914341183612352
1.914341183612352
1.914341183612352
1.914341183612352
1.914341183612352
1.914341183612352
1.914341183612352
1.914341183612352
1.914341183612352
1.914341183612352
1.914341183612352
1.914341183612352
1.914341183612352
1.914341183612352
1.914341183612352
1.914341183612352
1.914341183612352
1.914341183612352
1.914341183612352
1.914341183612352
1.914341183612352
1.914341183612352
1.914341183612352
1.914341183612352
1.914341183612352
1.914341183612352
1.914341183612352
1.914341183612352
1.914341183612352
1.914341183612352
1.914341183612352
1.914341183612352
1.914341183612352
1.914341183612352
1.914341183612352
1.914341183612352
1.914341183612352
1.914341183612352
1.914341183612352
2.199687794731328
2.199687794731328
2.199687794731328
2.199687794731328
2.199687794731328
2.199687794731328
2.199687794731328
1.914341183612352
1.914341183612352
1.914341183612352
1.914341183612352
1.914341183612352
1.914341183612352
1.914341183612352
1.914341183612352
1.914341183612352
1.914341183612352
1.914341183612352
1.914341183612352
1.914341183612352
1.914341183612352
1.914341183612352
1.914341183612352
1.914341183612352
1.914341183612352
1.914341183612352
1.914341183612352
1.914341183612352
1.914341183612352
1.914341183612352
1.914341183612352
1.914341183612352
1.914341183612352
1.914341183612352
1.914341183612352
1.914341183612352
1.914341183612352
1.914341183612352
1.914341183612352
1.914341183612352
1.914341183612352
1.914341183612352
1.914341183612352
1.914341183612352
1.914341183612352
1.914341183612352
1.914341183612352
1.914341183612352
1.914341183612352
1.914341183612352
1.914341183612352
1.914341183612352
1.914341183612352
1.914341183612352
1.914341183612352
1.914341183612352
2.289246428509158
2.289246428509158
2.289246428509158
2.289246428509158
2.289246428509158
2.289246428509158
2.289246428509158
2.289246428509158
2.289246428509158
2.289246428509158
2.289246428509158
2.289246428509158
2.289246428509158
2.289246428509158
2.289246428509158
2.289246428509158
2.289246428509158
2.289246428509158
1.914341183612352
1.914341183612352
1.914341183612352
1.914341183612352
1.914341183612352
1.914341183612352
1.914341183612352
1.914341183612352
1.914341183612352
1.914341183612352
1.914341183612352
1.914341183612352
1.914341183612352
1.914341183612352
1.914341183612352
1.914341183612352
1.914341183612352
1.914341183612352
1.914341183612352
1.914341183612352
1.914341183612352
1.914341183612352
1.914341183612352
1.914341183612352
1.914341183612352
1.914341183612352
1.914341183612352
1.914341183612352
1.914341183612352
1.914341183612352
1.914341183612352
1.914341183612352
1.914341183612352
1.914341183612352
1.914341183612352
1.914341183612352
1.914341183612352
1.914341183612352
1.914341183612352
1.914341183612352
1.914341183612352
1.914341183612352
1.914341183612352
1.914341183612352
1.914341183612352
1.914341183612352
1.914341183612352
1.914341183612352
1.914341183612352
2.289246428509158
2.289246428509158
2.289246428509158
2.289246428509158
2.289246428509158
2.289246428509158
2.289246428509158
2.289246428509158
2.289246428509158
2.289246428509158
2.289246428509158
2.289246428509158
2.289246428509158
2.289246428509158
2.289246428509158
2.289246428509158
2.289246428509158
2.289246428509158
1.914341183612352
1.914341183612352
1.914341183612352
1.914341183612352
1.914341183612352
1.914341183612352
1.914341183612352
1.914341183612352
1.914341183612352
1.914341183612352
1.914341183612352
1.914341183612352
1.914341183612352
1.914341183612352
1.914341183612352
1.914341183612352
1.914341183612352
1.914341183612352
1.914341183612352
1.914341183612352
1.914341183612352
1.914341183612352
1.914341183612352
1.914341183612352
1.914341183612352
1.914341183612352
1.914341183612352
1.914341183612352
1.914341183612352
1.914341183612352
1.914341183612352
1.914341183612352
1.914341183612352
1.914341183612352
1.914341183612352
1.914341183612352
1.914341183612352
1.914341183612352
1.914341183612352
1.914341183612352
1.914341183612352
1.914341183612352
1.914341183612352
1.914341183612352
1.914341183612352
1.914341183612352
1.914341183612352
1.914341183612352
1.914341183612352
2.199687794731328
2.199687794731328
2.199687794731328
2.199687794731328
2.199687794731328
2.199687794731328
2.199687794731328
1.914341183612352
1.914341183612352
1.914341183612352
1.914341183612352
1.914341183612352
1.914341183612352
1.914341183612352
1.914341183612352
1.914341183612352
1.914341183612352
1.914341183612352
1.914341183612352
1.914341183612352
1.914341183612352
1.914341183612352
1.914341183612352
1.914341183612352
1.914341183612352
1.914341183612352
1.914341183612352
1.914341183612352
1.914341183612352
1.914341183612352
1.914341183612352
1.914341183612352
1.914341183612352
1.914341183612352
1.914341183612352
1.914341183612352
1.914341183612352
1.914341183612352
1.914341183612352
1.914341183612352
1.914341183612352
1.914341183612352
1.914341183612352
1.914341183612352
1.914341183612352
1.914341183612352
1.914341183612352
1.914341183612352
1.914341183612352
1.914341183612352
1.914341183612352
1.914341183612352
1.914341183612352
1.914341183612352
1.914341183612352
1.914341183612352
2.4225797618424916
2.4225797618424916
2.4225797618424916
2.4225797618424916
2.4225797618424916
2.4225797618424916
2.4225797618424916
2.4225797618424916
2.4225797618424916
2.4225797618424916
2.4225797618424916
2.2221915755066783
2.2221915755066783
2.2221915755066783
2.2221915755066783
2.2221915755066783
2.2221915755066783
2.2221915755066783
2.2221915755066783
2.2221915755066783
2.2221915755066783
2.2221915755066783
2.2221915755066783
2.2221915755066783
2.2221915755066783
2.2221915755066783
2.2221915755066783
2.2221915755066783
2.2221915755066783
2.2221915755066783
2.2221915755066783
2.2221915755066783
2.199687794731328
2.199687794731328
2.199687794731328
2.199687794731328
2.199687794731328
2.199687794731328
2.199687794731328
2.2221915755066783
2.2221915755066783
2.2221915755066783
2.2221915755066783
2.2221915755066783
2.2221915755066783
2.2221915755066783
2.2221915755066783
2.2221915755066783
2.2221915755066783
2.2221915755066783
2.2221915755066783
2.2221915755066783
2.2221915755066783
2.2221915755066783
2.2221915755066783
2.2221915755066783
2.2221915755066783
2.4225797618424916
2.4225797618424916
2.4225797618424916
2.4225797618424916
2.4225797618424916
2.4225797618424916
2.4225797618424916
2.4225797618424916
2.4225797618424916
2.4225797618424916
2.4225797618424916
2.2221915755066783
2.2221915755066783
2.2221915755066783
2.2221915755066783
2.2221915755066783
2.2221915755066783
2.2221915755066783
2.2221915755066783
2.2221915755066783
2.2221915755066783
2.2221915755066783
2.2221915755066783
2.2221915755066783
2.2221915755066783
2.2221915755066783
2.2221915755066783
2.2221915755066783
2.2221915755066783
2.2221915755066783
2.2221915755066783
2.2221915755066783
2.199687794731328
2.199687794731328
2.199687794731328
2.199687794731328
2.199687794731328
2.199687794731328
2.199687794731328
2.2221915755066783
2.2221915755066783
2.2221915755066783
2.2221915755066783
2.2221915755066783
2.2221915755066783
2.2221915755066783
2.2221915755066783
2.2221915755066783
2.2221915755066783
2.2221915755066783
2.2221915755066783
2.2221915755066783
2.2221915755066783
2.2221915755066783
2.2221915755066783
2.2221915755066783
2.2221915755066783
2.4225797618424916
1.914341183612352
1.914341183612352
1.914341183612352
1.914341183612352
1.914341183612352
1.914341183612352
1.914341183612352
1.914341183612352
1.914341183612352
1.914341183612352
1.914341183612352
1.914341183612352
1.914341183612352
1.914341183612352
1.914341183612352
1.914341183612352
1.914341183612352
1.914341183612352
1.914341183612352
1.914341183612352
1.914341183612352
1.914341183612352
1.914341183612352
1.914341183612352
1.914341183612352
1.914341183612352
1.914341183612352
1.914341183612352
1.914341183612352
1.914341183612352
1.914341183612352
1.914341183612352
1.914341183612352
1.914341183612352
1.914341183612352
1.914341183612352
1.914341183612352
1.914341183612352
1.914341183612352
1.914341183612352
1.914341183612352
1.914341183612352
1.914341183612352
1.914341183612352
1.914341183612352
1.914341183612352
1.914341183612352
1.914341183612352
1.914341183612352
2.289246428509158
2.289246428509158
2.289246428509158
2.289246428509158
2.289246428509158
2.289246428509158
2.289246428509158
2.289246428509158
2.289246428509158
2.289246428509158
2.289246428509158
2.289246428509158
2.289246428509158
2.289246428509158
2.289246428509158
2.289246428509158
2.289246428509158
2.289246428509158
2.2221915755066783
2.2221915755066783
2.2221915755066783
2.2221915755066783
2.2221915755066783
2.2221915755066783
2.2221915755066783
2.2221915755066783
2.2221915755066783
2.2221915755066783
2.2221915755066783
2.2221915755066783
2.2221915755066783
2.2221915755066783
2.2221915755066783
2.2221915755066783
2.2221915755066783
2.2221915755066783
2.199687794731328
2.199687794731328
2.199687794731328
2.199687794731328
2.199687794731328
2.199687794731328
2.199687794731328
1.914341183612352
1.914341183612352
1.914341183612352
1.914341183612352
1.914341183612352
1.914341183612352
1.914341183612352
1.914341183612352
1.914341183612352
1.914341183612352
1.914341183612352
1.914341183612352
1.914341183612352
1.914341183612352
1.914341183612352
1.914341183612352
1.914341183612352
1.914341183612352
1.914341183612352
1.914341183612352
1.914341183612352
1.914341183612352
1.914341183612352
1.914341183612352
1.914341183612352
1.914341183612352
1.914341183612352
1.914341183612352
1.914341183612352
1.914341183612352
1.914341183612352
1.914341183612352
1.914341183612352
1.914341183612352
1.914341183612352
1.914341183612352
1.914341183612352
1.914341183612352
1.914341183612352
1.914341183612352
1.914341183612352
1.914341183612352
1.914341183612352
1.914341183612352
1.914341183612352
1.914341183612352
1.914341183612352
1.914341183612352
1.914341183612352
2.5495234595978316
2.5495234595978316
1.914341183612352
1.914341183612352
1.914341183612352
1.914341183612352
1.914341183612352
1.914341183612352
1.914341183612352
1.914341183612352
1.914341183612352
1.914341183612352
1.914341183612352
1.914341183612352
1.914341183612352
1.914341183612352
1.914341183612352
1.914341183612352
1.914341183612352
1.914341183612352
1.914341183612352
1.914341183612352
1.914341183612352
1.914341183612352
1.914341183612352
1.914341183612352
1.914341183612352
1.914341183612352
1.914341183612352
1.914341183612352
1.914341183612352
1.914341183612352
1.914341183612352
1.914341183612352
1.914341183612352
1.914341183612352
1.914341183612352
1.914341183612352
1.914341183612352
1.914341183612352
1.914341183612352
1.914341183612352
1.914341183612352
1.914341183612352
1.914341183612352
1.914341183612352
1.914341183612352
1.914341183612352
1.914341183612352
1.914341183612352
1.914341183612352
1.914341183612352
1.914341183612352
1.914341183612352
1.914341183612352
1.914341183612352
1.914341183612352
1.914341183612352
1.914341183612352
1.914341183612352
1.914341183612352
1.914341183612352
1.914341183612352
1.914341183612352
1.914341183612352
1.914341183612352
1.914341183612352
1.914341183612352
1.914341183612352
1.914341183612352
1.914341183612352
1.914341183612352
1.914341183612352
1.914341183612352
1.914341183612352
1.914341183612352
1.914341183612352
1.914341183612352
1.914341183612352
1.914341183612352
1.914341183612352
1.914341183612352
1.914341183612352
1.914341183612352
1.914341183612352
1.914341183612352
1.914341183612352
1.914341183612352
1.914341183612352
1.914341183612352
1.914341183612352
1.914341183612352
1.914341183612352
1.914341183612352
1.914341183612352
1.914341183612352
1.914341183612352
1.914341183612352
1.914341183612352
1.914341183612352
2.2221915755066783
2.2221915755066783
2.2221915755066783
2.2221915755066783
2.2221915755066783
2.2221915755066783
2.2221915755066783
2.2221915755066783
2.2221915755066783
2.2221915755066783
2.2221915755066783
2.2221915755066783
2.2221915755066783
2.2221915755066783
2.2221915755066783
2.2221915755066783
2.2221915755066783
2.2221915755066783
2.287783719941071
1.914341183612352
1.914341183612352
1.914341183612352
1.914341183612352
1.914341183612352
1.914341183612352
2.4225797618424916
2.4225797618424916
2.4225797618424916
2.4225797618424916
2.4225797618424916
2.4225797618424916
2.4225797618424916
2.4225797618424916
2.4225797618424916
2.4225797618424916
2.4225797618424916
1.914341183612352
1.914341183612352
1.914341183612352
1.914341183612352
1.914341183612352
1.914341183612352
2.133937566094917
2.133937566094917
2.133937566094917
1.914341183612352
1.914341183612352
1.914341183612352
1.914341183612352
1.914341183612352
1.914341183612352
1.914341183612352
1.914341183612352
1.914341183612352
1.914341183612352
1.914341183612352
1.914341183612352
1.914341183612352
1.914341183612352
1.914341183612352
1.914341183612352
1.914341183612352
1.914341183612352
1.914341183612352
1.914341183612352
1.914341183612352
1.914341183612352
1.914341183612352
1.914341183612352
1.914341183612352
1.914341183612352
1.914341183612352
1.914341183612352
1.914341183612352
1.914341183612352
1.914341183612352
1.914341183612352
1.914341183612352
1.914341183612352
1.914341183612352
1.914341183612352
1.914341183612352
1.914341183612352
1.914341183612352
1.914341183612352
1.914341183612352
1.914341183612352
1.914341183612352
1.914341183612352
1.914341183612352
1.914341183612352
1.914341183612352
1.914341183612352
1.914341183612352
2.472905595320056
2.472905595320056
2.472905595320056
2.472905595320056
2.472905595320056
2.472905595320056
2.472905595320056
2.472905595320056
2.472905595320056
2.472905595320056
2.472905595320056
2.472905595320056
1.914341183612352
1.914341183612352
1.914341183612352
1.914341183612352
1.914341183612352
1.914341183612352
2.4225797618424916
2.4225797618424916
2.4225797618424916
2.4225797618424916
2.4225797618424916
2.4225797618424916
2.4225797618424916
2.4225797618424916
2.4225797618424916
2.4225797618424916
2.4225797618424916
1.914341183612352
1.914341183612352
1.914341183612352
1.914341183612352
1.914341183612352
1.914341183612352
2.4225797618424916
2.4225797618424916
2.4225797618424916
2.4225797618424916
2.4225797618424916
2.4225797618424916
2.4225797618424916
2.4225797618424916
2.4225797618424916
2.4225797618424916
2.4225797618424916
1.914341183612352
1.914341183612352
1.914341183612352
1.914341183612352
1.914341183612352
1.914341183612352
1.914341183612352
1.914341183612352
1.914341183612352
1.914341183612352
1.914341183612352
1.914341183612352
1.914341183612352
1.914341183612352
1.914341183612352
1.914341183612352
1.914341183612352
1.914341183612352
1.914341183612352
1.914341183612352
1.914341183612352
1.914341183612352
1.914341183612352
1.914341183612352
1.914341183612352
1.914341183612352
1.914341183612352
1.914341183612352
1.914341183612352
1.914341183612352
1.914341183612352
1.914341183612352
1.914341183612352
1.914341183612352
1.914341183612352
1.914341183612352
1.914341183612352
1.914341183612352
1.914341183612352
1.914341183612352
1.914341183612352
1.914341183612352
1.914341183612352
1.914341183612352
1.914341183612352
1.914341183612352
1.914341183612352
1.914341183612352
1.914341183612352
2.4225797618424916
2.4225797618424916
2.4225797618424916
2.4225797618424916
2.4225797618424916
2.4225797618424916
2.4225797618424916
2.4225797618424916
2.4225797618424916
2.4225797618424916
2.4225797618424916
1.914341183612352
1.914341183612352
1.914341183612352
1.914341183612352
1.914341183612352
1.914341183612352
2.133937566094917
2.133937566094917
2.133937566094917
1.914341183612352
1.914341183612352
1.914341183612352
1.914341183612352
1.914341183612352
1.914341183612352
1.914341183612352
1.914341183612352
1.914341183612352
1.914341183612352
1.914341183612352
1.914341183612352
1.914341183612352
1.914341183612352
1.914341183612352
1.914341183612352
1.914341183612352
1.914341183612352
1.914341183612352
1.914341183612352
1.914341183612352
1.914341183612352
1.914341183612352
1.914341183612352
1.914341183612352
1.914341183612352
1.914341183612352
1.914341183612352
1.914341183612352
1.914341183612352
1.914341183612352
1.914341183612352
1.914341183612352
1.914341183612352
1.914341183612352
1.914341183612352
1.914341183612352
1.914341183612352
1.914341183612352
1.914341183612352
1.914341183612352
1.914341183612352
1.914341183612352
1.914341183612352
1.914341183612352
1.914341183612352
1.914341183612352
1.914341183612352
1.914341183612352
2.472905595320056
2.472905595320056
2.472905595320056
2.472905595320056
2.472905595320056
2.472905595320056
2.472905595320056
2.472905595320056
2.472905595320056
2.472905595320056
2.472905595320056
2.472905595320056
2.2221915755066783
2.2221915755066783
2.2221915755066783
2.2221915755066783
2.2221915755066783
2.2221915755066783
2.2221915755066783
2.2221915755066783
2.2221915755066783
2.2221915755066783
2.2221915755066783
2.2221915755066783
2.2221915755066783
2.2221915755066783
2.2221915755066783
2.2221915755066783
2.2221915755066783
2.2221915755066783
2.472905595320056
2.472905595320056
2.472905595320056
2.472905595320056
2.472905595320056
2.472905595320056
2.472905595320056
2.472905595320056
2.472905595320056
2.472905595320056
2.472905595320056
2.472905595320056
1.914341183612352
1.914341183612352
1.914341183612352
1.914341183612352
1.914341183612352
1.914341183612352
1.914341183612352
1.914341183612352
1.914341183612352
1.914341183612352
1.914341183612352
1.914341183612352
1.914341183612352
1.914341183612352
1.914341183612352
1.914341183612352
1.914341183612352
1.914341183612352
1.914341183612352
1.914341183612352
1.914341183612352
1.914341183612352
1.914341183612352
1.914341183612352
1.914341183612352
1.914341183612352
1.914341183612352
1.914341183612352
1.914341183612352
1.914341183612352
1.914341183612352
1.914341183612352
1.914341183612352
1.914341183612352
1.914341183612352
1.914341183612352
1.914341183612352
1.914341183612352
1.914341183612352
1.914341183612352
1.914341183612352
1.914341183612352
1.914341183612352
1.914341183612352
1.914341183612352
1.914341183612352
1.914341183612352
1.914341183612352
1.914341183612352
2.4225797618424916
2.4225797618424916
2.4225797618424916
2.4225797618424916
2.4225797618424916
2.4225797618424916
2.4225797618424916
2.4225797618424916
2.4225797618424916
2.4225797618424916
2.4225797618424916
1.914341183612352
1.914341183612352
1.914341183612352
1.914341183612352
1.914341183612352
1.914341183612352
2.133937566094917
1.914341183612352
1.914341183612352
1.914341183612352
1.914341183612352
1.914341183612352
1.914341183612352
1.914341183612352
1.914341183612352
1.914341183612352
1.914341183612352
1.914341183612352
1.914341183612352
1.914341183612352
1.914341183612352
1.914341183612352
1.914341183612352
1.914341183612352
1.914341183612352
1.914341183612352
1.914341183612352
1.914341183612352
1.914341183612352
1.914341183612352
1.914341183612352
1.914341183612352
1.914341183612352
1.914341183612352
1.914341183612352
1.914341183612352
1.914341183612352
1.914341183612352
1.914341183612352
1.914341183612352
1.914341183612352
1.914341183612352
1.914341183612352
1.914341183612352
1.914341183612352
1.914341183612352
1.914341183612352
1.914341183612352
1.914341183612352
1.914341183612352
1.914341183612352
1.914341183612352
1.914341183612352
1.914341183612352
1.914341183612352
1.914341183612352
2.289246428509158
2.289246428509158
2.289246428509158
2.289246428509158
2.289246428509158
2.289246428509158
2.289246428509158
2.289246428509158
2.289246428509158
2.289246428509158
2.289246428509158
2.289246428509158
2.289246428509158
2.289246428509158
2.289246428509158
2.289246428509158
2.289246428509158
2.289246428509158
2.2221915755066783
2.2221915755066783
2.2221915755066783
2.2221915755066783
2.2221915755066783
2.2221915755066783
2.2221915755066783
2.2221915755066783
2.2221915755066783
2.2221915755066783
2.2221915755066783
2.2221915755066783
2.2221915755066783
2.2221915755066783
2.2221915755066783
2.2221915755066783
2.2221915755066783
2.2221915755066783
2.472905595320056
2.472905595320056
2.472905595320056
2.472905595320056
2.472905595320056
2.472905595320056
2.472905595320056
2.472905595320056
2.472905595320056
2.472905595320056
2.472905595320056
2.472905595320056
1.914341183612352
1.914341183612352
1.914341183612352
1.914341183612352
1.914341183612352
1.914341183612352
1.914341183612352
1.914341183612352
1.914341183612352
1.914341183612352
1.914341183612352
1.914341183612352
1.914341183612352
1.914341183612352
1.914341183612352
1.914341183612352
1.914341183612352
1.914341183612352
1.914341183612352
1.914341183612352
1.914341183612352
1.914341183612352
1.914341183612352
1.914341183612352
1.914341183612352
1.914341183612352
1.914341183612352
1.914341183612352
1.914341183612352
1.914341183612352
1.914341183612352
1.914341183612352
1.914341183612352
1.914341183612352
1.914341183612352
1.914341183612352
1.914341183612352
1.914341183612352
1.914341183612352
1.914341183612352
1.914341183612352
1.914341183612352
1.914341183612352
1.914341183612352
1.914341183612352
1.914341183612352
1.914341183612352
1.914341183612352
1.914341183612352
2.4996981431844145
2.4996981431844145
2.4996981431844145
2.4996981431844145
2.4996981431844145
2.4996981431844145
2.2221915755066783
2.2221915755066783
2.2221915755066783
2.2221915755066783
2.2221915755066783
2.2221915755066783
2.2221915755066783
2.2221915755066783
2.2221915755066783
2.2221915755066783
2.2221915755066783
2.2221915755066783
2.2221915755066783
2.2221915755066783
2.2221915755066783
2.2221915755066783
2.2221915755066783
2.2221915755066783
2.472905595320056
2.472905595320056
2.472905595320056
2.472905595320056
2.472905595320056
2.472905595320056
2.472905595320056
2.472905595320056
2.472905595320056
2.472905595320056
2.472905595320056
2.472905595320056
2.2221915755066783
2.2221915755066783
2.2221915755066783
2.2221915755066783
2.2221915755066783
2.2221915755066783
2.2221915755066783
2.2221915755066783
2.2221915755066783
2.2221915755066783
2.2221915755066783
2.2221915755066783
2.2221915755066783
2.2221915755066783
2.2221915755066783
2.2221915755066783
2.2221915755066783
2.2221915755066783
2.472905595320056
2.472905595320056
2.472905595320056
2.472905595320056
2.472905595320056
2.472905595320056
2.472905595320056
2.472905595320056
2.472905595320056
2.472905595320056
2.472905595320056
2.472905595320056
1.914341183612352
1.914341183612352
1.914341183612352
1.914341183612352
1.914341183612352
1.914341183612352
1.914341183612352
1.914341183612352
1.914341183612352
1.914341183612352
1.914341183612352
1.914341183612352
1.914341183612352
1.914341183612352
1.914341183612352
1.914341183612352
1.914341183612352
1.914341183612352
1.914341183612352
1.914341183612352
1.914341183612352
1.914341183612352
1.914341183612352
1.914341183612352
1.914341183612352
1.914341183612352
1.914341183612352
1.914341183612352
1.914341183612352
1.914341183612352
1.914341183612352
1.914341183612352
1.914341183612352
1.914341183612352
1.914341183612352
1.914341183612352
1.914341183612352
1.914341183612352
1.914341183612352
1.914341183612352
1.914341183612352
1.914341183612352
1.914341183612352
1.914341183612352
1.914341183612352
1.914341183612352
1.914341183612352
1.914341183612352
1.914341183612352
2.4225797618424916
2.4225797618424916
2.4225797618424916
2.4225797618424916
2.4225797618424916
2.4225797618424916
2.4225797618424916
2.4225797618424916
2.4225797618424916
2.4225797618424916
2.4225797618424916
1.914341183612352
1.914341183612352
1.914341183612352
1.914341183612352
1.914341183612352
1.914341183612352
1.914341183612352
1.914341183612352
1.914341183612352
1.914341183612352
1.914341183612352
1.914341183612352
1.914341183612352
1.914341183612352
1.914341183612352
1.914341183612352
1.914341183612352
1.914341183612352
1.914341183612352
1.914341183612352
1.914341183612352
1.914341183612352
1.914341183612352
1.914341183612352
1.914341183612352
1.914341183612352
1.914341183612352
1.914341183612352
1.914341183612352
1.914341183612352
1.914341183612352
1.914341183612352
1.914341183612352
1.914341183612352
1.914341183612352
1.914341183612352
1.914341183612352
1.914341183612352
1.914341183612352
1.914341183612352
1.914341183612352
1.914341183612352
1.914341183612352
1.914341183612352
1.914341183612352
1.914341183612352
1.914341183612352
1.914341183612352
1.914341183612352
2.133937566094917
2.133937566094917
2.133937566094917
2.2221915755066783
2.2221915755066783
2.2221915755066783
1.914341183612352
1.914341183612352
1.914341183612352
1.914341183612352
1.914341183612352
1.914341183612352
1.914341183612352
1.914341183612352
1.914341183612352
1.914341183612352
1.914341183612352
1.914341183612352
1.914341183612352
1.914341183612352
1.914341183612352
1.914341183612352
1.914341183612352
1.914341183612352
1.914341183612352
1.914341183612352
1.914341183612352
1.914341183612352
1.914341183612352
1.914341183612352
1.914341183612352
1.914341183612352
1.914341183612352
1.914341183612352
1.914341183612352
1.914341183612352
1.914341183612352
1.914341183612352
1.914341183612352
1.914341183612352
1.914341183612352
1.914341183612352
1.914341183612352
1.914341183612352
1.914341183612352
1.914341183612352
1.914341183612352
1.914341183612352
1.914341183612352
1.914341183612352
1.914341183612352
1.914341183612352
1.914341183612352
1.914341183612352
1.914341183612352
2.4225797618424916
2.4225797618424916
2.4225797618424916
2.4225797618424916
2.4225797618424916
2.4225797618424916
2.4225797618424916
2.4225797618424916
2.4225797618424916
2.4225797618424916
2.4225797618424916
1.914341183612352
1.914341183612352
1.914341183612352
1.914341183612352
1.914341183612352
1.914341183612352
1.914341183612352
1.914341183612352
1.914341183612352
1.914341183612352
1.914341183612352
1.914341183612352
1.914341183612352
1.914341183612352
1.914341183612352
1.914341183612352
1.914341183612352
1.914341183612352
1.914341183612352
1.914341183612352
1.914341183612352
1.914341183612352
1.914341183612352
1.914341183612352
1.914341183612352
1.914341183612352
1.914341183612352
1.914341183612352
1.914341183612352
1.914341183612352
1.914341183612352
1.914341183612352
1.914341183612352
1.914341183612352
1.914341183612352
1.914341183612352
1.914341183612352
1.914341183612352
1.914341183612352
1.914341183612352
1.914341183612352
1.914341183612352
1.914341183612352
1.914341183612352
1.914341183612352
1.914341183612352
1.914341183612352
1.914341183612352
1.914341183612352
2.199687794731328
2.199687794731328
2.199687794731328
2.199687794731328
2.199687794731328
2.199687794731328
1.914341183612352
1.914341183612352
1.914341183612352
1.914341183612352
1.914341183612352
1.914341183612352
1.914341183612352
1.914341183612352
1.914341183612352
1.914341183612352
1.914341183612352
1.914341183612352
1.914341183612352
1.914341183612352
1.914341183612352
1.914341183612352
1.914341183612352
1.914341183612352
1.914341183612352
1.914341183612352
1.914341183612352
1.914341183612352
1.914341183612352
1.914341183612352
1.914341183612352
1.914341183612352
1.914341183612352
1.914341183612352
1.914341183612352
1.914341183612352
1.914341183612352
1.914341183612352
1.914341183612352
1.914341183612352
1.914341183612352
1.914341183612352
1.914341183612352
1.914341183612352
1.914341183612352
1.914341183612352
1.914341183612352
1.914341183612352
1.914341183612352
1.914341183612352
1.914341183612352
1.914341183612352
1.914341183612352
1.914341183612352
1.914341183612352
2.4225797618424916
2.4225797618424916
2.4225797618424916
2.4225797618424916
2.4225797618424916
2.4225797618424916
2.4225797618424916
2.4225797618424916
2.4225797618424916
2.4225797618424916
2.4225797618424916
1.914341183612352
1.914341183612352
1.914341183612352
1.914341183612352
1.914341183612352
1.914341183612352
1.914341183612352
1.914341183612352
1.914341183612352
1.914341183612352
1.914341183612352
1.914341183612352
1.914341183612352
1.914341183612352
1.914341183612352
1.914341183612352
1.914341183612352
1.914341183612352
1.914341183612352
1.914341183612352
1.914341183612352
1.914341183612352
1.914341183612352
1.914341183612352
1.914341183612352
1.914341183612352
1.914341183612352
1.914341183612352
1.914341183612352
1.914341183612352
1.914341183612352
1.914341183612352
1.914341183612352
1.914341183612352
1.914341183612352
1.914341183612352
1.914341183612352
1.914341183612352
1.914341183612352
1.914341183612352
1.914341183612352
1.914341183612352
1.914341183612352
1.914341183612352
1.914341183612352
1.914341183612352
1.914341183612352
1.914341183612352
1.914341183612352
1.914341183612352
1.914341183612352
1.914341183612352
1.914341183612352
1.914341183612352
1.914341183612352
1.914341183612352
1.914341183612352
1.914341183612352
1.914341183612352
1.914341183612352
1.914341183612352
1.914341183612352
1.914341183612352
1.914341183612352
1.914341183612352
1.914341183612352
1.914341183612352
1.914341183612352
1.914341183612352
1.914341183612352
1.914341183612352
1.914341183612352
1.914341183612352
1.914341183612352
1.914341183612352
1.914341183612352
1.914341183612352
1.914341183612352
1.914341183612352
1.914341183612352
1.914341183612352
1.914341183612352
1.914341183612352
1.914341183612352
1.914341183612352
1.914341183612352
1.914341183612352
1.914341183612352
1.914341183612352
1.914341183612352
1.914341183612352
1.914341183612352
1.914341183612352
1.914341183612352
1.914341183612352
1.914341183612352
1.914341183612352
1.914341183612352
2.289246428509158
2.289246428509158
2.289246428509158
1.914341183612352
1.914341183612352
1.914341183612352
1.914341183612352
1.914341183612352
1.914341183612352
1.914341183612352
1.914341183612352
1.914341183612352
1.914341183612352
1.914341183612352
1.914341183612352
1.914341183612352
1.914341183612352
1.914341183612352
1.914341183612352
1.914341183612352
1.914341183612352
1.914341183612352
1.914341183612352
1.914341183612352
1.914341183612352
1.914341183612352
1.914341183612352
1.914341183612352
1.914341183612352
1.914341183612352
1.914341183612352
1.914341183612352
1.914341183612352
1.914341183612352
1.914341183612352
1.914341183612352
1.914341183612352
1.914341183612352
1.914341183612352
1.914341183612352
1.914341183612352
1.914341183612352
1.914341183612352
1.914341183612352
1.914341183612352
1.914341183612352
1.914341183612352
1.914341183612352
1.914341183612352
1.914341183612352
1.914341183612352
1.914341183612352
2.289246428509158
2.289246428509158
2.289246428509158
2.289246428509158
2.289246428509158
2.289246428509158
2.289246428509158
2.289246428509158
2.289246428509158
2.289246428509158
2.289246428509158
2.289246428509158
2.289246428509158
2.289246428509158
2.289246428509158
2.289246428509158
2.289246428509158
2.289246428509158
1.914341183612352
1.914341183612352
1.914341183612352
1.914341183612352
1.914341183612352
1.914341183612352
1.914341183612352
1.914341183612352
1.914341183612352
1.914341183612352
1.914341183612352
1.914341183612352
1.914341183612352
1.914341183612352
1.914341183612352
1.914341183612352
1.914341183612352
1.914341183612352
1.914341183612352
1.914341183612352
1.914341183612352
1.914341183612352
1.914341183612352
1.914341183612352
1.914341183612352
1.914341183612352
1.914341183612352
1.914341183612352
1.914341183612352
1.914341183612352
1.914341183612352
1.914341183612352
1.914341183612352
1.914341183612352
1.914341183612352
1.914341183612352
1.914341183612352
1.914341183612352
1.914341183612352
1.914341183612352
1.914341183612352
1.914341183612352
1.914341183612352
1.914341183612352
1.914341183612352
1.914341183612352
1.914341183612352
1.914341183612352
1.914341183612352
2.289246428509158
2.289246428509158
2.289246428509158
2.2221915755066783
2.2221915755066783
2.2221915755066783
2.2221915755066783
2.2221915755066783
2.2221915755066783
2.2221915755066783
2.2221915755066783
2.2221915755066783
2.2221915755066783
2.2221915755066783
2.2221915755066783
2.2221915755066783
2.2221915755066783
2.2221915755066783
2.2221915755066783
2.2221915755066783
2.2221915755066783
2.199687794731328
2.199687794731328
2.199687794731328
2.199687794731328
2.199687794731328
2.199687794731328
1.914341183612352
1.914341183612352
1.914341183612352
1.914341183612352
1.914341183612352
1.914341183612352
1.914341183612352
1.914341183612352
1.914341183612352
1.914341183612352
1.914341183612352
1.914341183612352
1.914341183612352
1.914341183612352
1.914341183612352
1.914341183612352
1.914341183612352
1.914341183612352
1.914341183612352
1.914341183612352
1.914341183612352
1.914341183612352
1.914341183612352
1.914341183612352
1.914341183612352
1.914341183612352
1.914341183612352
1.914341183612352
1.914341183612352
1.914341183612352
1.914341183612352
1.914341183612352
1.914341183612352
1.914341183612352
1.914341183612352
1.914341183612352
1.914341183612352
1.914341183612352
1.914341183612352
1.914341183612352
1.914341183612352
1.914341183612352
1.914341183612352
1.914341183612352
1.914341183612352
1.914341183612352
1.914341183612352
1.914341183612352
1.914341183612352
2.289246428509158
2.289246428509158
2.289246428509158
2.289246428509158
2.289246428509158
2.289246428509158
2.289246428509158
2.289246428509158
2.289246428509158
2.289246428509158
2.289246428509158
2.289246428509158
2.289246428509158
2.289246428509158
2.289246428509158
2.289246428509158
2.289246428509158
2.289246428509158
2.2221915755066783
2.2221915755066783
2.2221915755066783
2.2221915755066783
2.2221915755066783
2.2221915755066783
2.2221915755066783
2.2221915755066783
2.2221915755066783
2.2221915755066783
2.2221915755066783
2.2221915755066783
2.2221915755066783
2.2221915755066783
2.2221915755066783
2.2221915755066783
2.2221915755066783
2.2221915755066783
2.199687794731328
2.199687794731328
2.199687794731328
2.199687794731328
2.199687794731328
2.199687794731328
1.914341183612352
1.914341183612352
1.914341183612352
1.914341183612352
1.914341183612352
1.914341183612352
1.914341183612352
1.914341183612352
1.914341183612352
1.914341183612352
1.914341183612352
1.914341183612352
1.914341183612352
1.914341183612352
1.914341183612352
1.914341183612352
1.914341183612352
1.914341183612352
1.914341183612352
1.914341183612352
1.914341183612352
1.914341183612352
1.914341183612352
1.914341183612352
1.914341183612352
1.914341183612352
1.914341183612352
1.914341183612352
1.914341183612352
1.914341183612352
1.914341183612352
1.914341183612352
1.914341183612352
1.914341183612352
1.914341183612352
1.914341183612352
1.914341183612352
1.914341183612352
1.914341183612352
1.914341183612352
1.914341183612352
1.914341183612352
1.914341183612352
1.914341183612352
1.914341183612352
1.914341183612352
1.914341183612352
1.914341183612352
1.914341183612352
2.289246428509158
2.289246428509158
2.289246428509158
2.289246428509158
2.289246428509158
2.289246428509158
2.289246428509158
2.289246428509158
2.289246428509158
2.289246428509158
2.289246428509158
2.289246428509158
2.289246428509158
2.289246428509158
2.289246428509158
2.289246428509158
2.289246428509158
2.289246428509158
1.914341183612352
1.914341183612352
1.914341183612352
1.914341183612352
1.914341183612352
1.914341183612352
1.914341183612352
1.914341183612352
1.914341183612352
1.914341183612352
1.914341183612352
1.914341183612352
1.914341183612352
1.914341183612352
1.914341183612352
1.914341183612352
1.914341183612352
1.914341183612352
1.914341183612352
1.914341183612352
1.914341183612352
1.914341183612352
1.914341183612352
1.914341183612352
1.914341183612352
1.914341183612352
1.914341183612352
1.914341183612352
1.914341183612352
1.914341183612352
1.914341183612352
1.914341183612352
1.914341183612352
1.914341183612352
1.914341183612352
1.914341183612352
1.914341183612352
1.914341183612352
1.914341183612352
1.914341183612352
1.914341183612352
1.914341183612352
1.914341183612352
1.914341183612352
1.914341183612352
1.914341183612352
1.914341183612352
1.914341183612352
1.914341183612352
2.289246428509158
2.289246428509158
2.289246428509158
2.2221915755066783
2.2221915755066783
2.2221915755066783
2.2221915755066783
2.2221915755066783
2.2221915755066783
2.2221915755066783
2.2221915755066783
2.2221915755066783
2.2221915755066783
2.2221915755066783
2.2221915755066783
2.2221915755066783
2.2221915755066783
2.2221915755066783
2.2221915755066783
2.2221915755066783
2.2221915755066783
1.914341183612352
1.914341183612352
1.914341183612352
1.914341183612352
1.914341183612352
1.914341183612352
1.914341183612352
1.914341183612352
1.914341183612352
1.914341183612352
1.914341183612352
1.914341183612352
1.914341183612352
1.914341183612352
1.914341183612352
1.914341183612352
1.914341183612352
1.914341183612352
1.914341183612352
1.914341183612352
1.914341183612352
1.914341183612352
1.914341183612352
1.914341183612352
1.914341183612352
1.914341183612352
1.914341183612352
1.914341183612352
1.914341183612352
1.914341183612352
1.914341183612352
1.914341183612352
1.914341183612352
1.914341183612352
1.914341183612352
1.914341183612352
1.914341183612352
1.914341183612352
1.914341183612352
1.914341183612352
1.914341183612352
1.914341183612352
1.914341183612352
1.914341183612352
1.914341183612352
1.914341183612352
1.914341183612352
1.914341183612352
1.914341183612352
2.4996981431844145
2.4996981431844145
2.4996981431844145
2.4996981431844145
2.4996981431844145
2.4996981431844145
2.2221915755066783
2.2221915755066783
2.2221915755066783
2.2221915755066783
2.2221915755066783
2.2221915755066783
2.2221915755066783
2.2221915755066783
2.2221915755066783
2.2221915755066783
2.2221915755066783
2.2221915755066783
2.2221915755066783
2.2221915755066783
2.2221915755066783
2.2221915755066783
2.2221915755066783
2.2221915755066783
2.472905595320056
2.472905595320056
2.472905595320056
2.472905595320056
2.472905595320056
2.472905595320056
2.472905595320056
2.472905595320056
2.472905595320056
2.472905595320056
2.472905595320056
2.472905595320056
2.221251836004466
2.2221915755066783
2.2221915755066783
2.2221915755066783
2.2221915755066783
2.2221915755066783
2.2221915755066783
2.2221915755066783
2.2221915755066783
2.2221915755066783
2.2221915755066783
2.2221915755066783
2.2221915755066783
2.2221915755066783
2.2221915755066783
2.2221915755066783
2.2221915755066783
2.2221915755066783
2.2221915755066783
2.4996981431844145
2.4996981431844145
2.4996981431844145
2.4996981431844145
2.4996981431844145
2.4996981431844145
2.2221915755066783
2.2221915755066783
2.2221915755066783
2.2221915755066783
2.2221915755066783
2.2221915755066783
2.2221915755066783
2.2221915755066783
2.2221915755066783
2.2221915755066783
2.2221915755066783
2.2221915755066783
2.2221915755066783
2.2221915755066783
2.2221915755066783
2.2221915755066783
2.2221915755066783
2.2221915755066783
2.472905595320056
2.472905595320056
2.472905595320056
2.472905595320056
2.472905595320056
2.472905595320056
2.472905595320056
2.472905595320056
2.472905595320056
2.472905595320056
2.472905595320056
2.472905595320056
1.914341183612352
1.914341183612352
1.914341183612352
1.914341183612352
1.914341183612352
1.914341183612352
1.914341183612352
1.914341183612352
1.914341183612352
1.914341183612352
1.914341183612352
1.914341183612352
1.914341183612352
1.914341183612352
1.914341183612352
1.914341183612352
1.914341183612352
1.914341183612352
1.914341183612352
1.914341183612352
1.914341183612352
1.914341183612352
1.914341183612352
1.914341183612352
1.914341183612352
1.914341183612352
1.914341183612352
1.914341183612352
1.914341183612352
1.914341183612352
1.914341183612352
1.914341183612352
1.914341183612352
1.914341183612352
1.914341183612352
1.914341183612352
1.914341183612352
1.914341183612352
1.914341183612352
1.914341183612352
1.914341183612352
1.914341183612352
1.914341183612352
1.914341183612352
1.914341183612352
1.914341183612352
1.914341183612352
1.914341183612352
1.914341183612352
2.289246428509158
2.289246428509158
2.289246428509158
2.289246428509158
2.289246428509158
2.289246428509158
2.289246428509158
2.289246428509158
2.289246428509158
2.289246428509158
2.289246428509158
2.289246428509158
2.289246428509158
2.289246428509158
2.289246428509158
2.289246428509158
2.289246428509158
2.289246428509158
1.914341183612352
1.914341183612352
1.914341183612352
1.914341183612352
1.914341183612352
1.914341183612352
1.914341183612352
1.914341183612352
1.914341183612352
1.914341183612352
1.914341183612352
1.914341183612352
1.914341183612352
1.914341183612352
1.914341183612352
1.914341183612352
1.914341183612352
1.914341183612352
1.914341183612352
1.914341183612352
1.914341183612352
1.914341183612352
1.914341183612352
1.914341183612352
1.914341183612352
1.914341183612352
1.914341183612352
1.914341183612352
1.914341183612352
1.914341183612352
1.914341183612352
1.914341183612352
1.914341183612352
1.914341183612352
1.914341183612352
1.914341183612352
1.914341183612352
1.914341183612352
1.914341183612352
1.914341183612352
1.914341183612352
1.914341183612352
1.914341183612352
1.914341183612352
1.914341183612352
1.914341183612352
1.914341183612352
1.914341183612352
1.914341183612352
2.4996981431844145
2.4996981431844145
2.4996981431844145
2.4996981431844145
2.4996981431844145
2.4996981431844145
2.217021885879718
1.914341183612352
1.914341183612352
1.914341183612352
1.914341183612352
1.914341183612352
1.914341183612352
1.914341183612352
1.914341183612352
1.914341183612352
1.914341183612352
1.914341183612352
1.914341183612352
1.914341183612352
1.914341183612352
1.914341183612352
1.914341183612352
1.914341183612352
1.914341183612352
1.914341183612352
1.914341183612352
1.914341183612352
1.914341183612352
1.914341183612352
1.914341183612352
1.914341183612352
1.914341183612352
1.914341183612352
1.914341183612352
1.914341183612352
1.914341183612352
1.914341183612352
1.914341183612352
1.914341183612352
1.914341183612352
1.914341183612352
1.914341183612352
1.914341183612352
1.914341183612352
1.914341183612352
1.914341183612352
1.914341183612352
1.914341183612352
1.914341183612352
1.914341183612352
1.914341183612352
1.914341183612352
1.914341183612352
1.914341183612352
1.914341183612352
2.4996981431844145
2.4996981431844145
2.4996981431844145
2.4996981431844145
2.4996981431844145
2.4996981431844145
1.914341183612352
1.914341183612352
1.914341183612352
1.914341183612352
1.914341183612352
1.914341183612352
1.914341183612352
1.914341183612352
1.914341183612352
1.914341183612352
1.914341183612352
1.914341183612352
1.914341183612352
1.914341183612352
1.914341183612352
1.914341183612352
1.914341183612352
1.914341183612352
1.914341183612352
1.914341183612352
1.914341183612352
1.914341183612352
1.914341183612352
1.914341183612352
1.914341183612352
1.914341183612352
1.914341183612352
1.914341183612352
1.914341183612352
1.914341183612352
1.914341183612352
1.914341183612352
1.914341183612352
1.914341183612352
1.914341183612352
1.914341183612352
1.914341183612352
1.914341183612352
1.914341183612352
1.914341183612352
1.914341183612352
1.914341183612352
1.914341183612352
1.914341183612352
1.914341183612352
1.914341183612352
1.914341183612352
1.914341183612352
1.914341183612352
2.4996981431844145
2.4996981431844145
2.4996981431844145
2.4996981431844145
2.4996981431844145
2.4996981431844145
2.5495234595978316
2.5495234595978316
2.2221915755066783
2.2221915755066783
2.2221915755066783
2.2221915755066783
2.2221915755066783
2.2221915755066783
2.2221915755066783
2.2221915755066783
2.2221915755066783
2.2221915755066783
2.2221915755066783
2.2221915755066783
2.2221915755066783
2.2221915755066783
2.2221915755066783
2.2221915755066783
2.2221915755066783
2.2221915755066783
2.472905595320056
2.472905595320056
2.472905595320056
2.472905595320056
2.472905595320056
2.472905595320056
2.472905595320056
2.472905595320056
2.472905595320056
2.472905595320056
2.472905595320056
2.472905595320056
1.914341183612352
1.914341183612352
1.914341183612352
1.914341183612352
1.914341183612352
1.914341183612352
1.914341183612352
1.914341183612352
1.914341183612352
1.914341183612352
1.914341183612352
1.914341183612352
1.914341183612352
1.914341183612352
1.914341183612352
1.914341183612352
1.914341183612352
1.914341183612352
1.914341183612352
1.914341183612352
1.914341183612352
1.914341183612352
1.914341183612352
1.914341183612352
1.914341183612352
1.914341183612352
1.914341183612352
1.914341183612352
1.914341183612352
1.914341183612352
1.914341183612352
1.914341183612352
1.914341183612352
1.914341183612352
1.914341183612352
1.914341183612352
1.914341183612352
1.914341183612352
1.914341183612352
1.914341183612352
1.914341183612352
1.914341183612352
1.914341183612352
1.914341183612352
1.914341183612352
1.914341183612352
1.914341183612352
1.914341183612352
1.914341183612352
2.289246428509158
2.289246428509158
2.289246428509158
2.289246428509158
2.289246428509158
2.289246428509158
2.289246428509158
2.289246428509158
2.289246428509158
2.289246428509158
2.289246428509158
2.289246428509158
2.289246428509158
2.289246428509158
2.289246428509158
2.289246428509158
2.289246428509158
2.289246428509158
2.472905595320056
2.472905595320056
2.472905595320056
2.472905595320056
2.472905595320056
2.472905595320056
2.472905595320056
2.472905595320056
2.472905595320056
2.472905595320056
2.472905595320056
2.472905595320056
1.914341183612352
1.914341183612352
1.914341183612352
1.914341183612352
1.914341183612352
1.914341183612352
1.914341183612352
1.914341183612352
1.914341183612352
1.914341183612352
1.914341183612352
1.914341183612352
1.914341183612352
1.914341183612352
1.914341183612352
1.914341183612352
1.914341183612352
1.914341183612352
1.914341183612352
1.914341183612352
1.914341183612352
1.914341183612352
1.914341183612352
1.914341183612352
1.914341183612352
1.914341183612352
1.914341183612352
1.914341183612352
1.914341183612352
1.914341183612352
1.914341183612352
1.914341183612352
1.914341183612352
1.914341183612352
1.914341183612352
1.914341183612352
1.914341183612352
1.914341183612352
1.914341183612352
1.914341183612352
1.914341183612352
1.914341183612352
1.914341183612352
1.914341183612352
1.914341183612352
1.914341183612352
1.914341183612352
1.914341183612352
1.914341183612352
2.199687794731328
2.199687794731328
2.199687794731328
2.199687794731328
2.199687794731328
2.199687794731328
1.914341183612352
2.199687794731328
2.199687794731328
2.199687794731328
2.199687794731328
2.199687794731328
2.199687794731328
2.2221915755066783
2.2221915755066783
2.2221915755066783
2.2221915755066783
2.2221915755066783
2.2221915755066783
2.2221915755066783
2.2221915755066783
2.2221915755066783
2.2221915755066783
2.2221915755066783
2.2221915755066783
2.2221915755066783
2.2221915755066783
2.2221915755066783
2.2221915755066783
2.2221915755066783
2.2221915755066783
2.472905595320056
2.472905595320056
2.472905595320056
2.472905595320056
2.472905595320056
2.472905595320056
2.472905595320056
2.472905595320056
2.472905595320056
2.472905595320056
2.472905595320056
2.472905595320056
1.914341183612352
1.914341183612352
1.914341183612352
1.914341183612352
1.914341183612352
1.914341183612352
1.914341183612352
1.914341183612352
1.914341183612352
1.914341183612352
1.914341183612352
1.914341183612352
1.914341183612352
1.914341183612352
1.914341183612352
1.914341183612352
1.914341183612352
1.914341183612352
1.914341183612352
1.914341183612352
1.914341183612352
1.914341183612352
1.914341183612352
1.914341183612352
1.914341183612352
1.914341183612352
1.914341183612352
1.914341183612352
1.914341183612352
1.914341183612352
1.914341183612352
1.914341183612352
1.914341183612352
1.914341183612352
1.914341183612352
1.914341183612352
1.914341183612352
1.914341183612352
1.914341183612352
1.914341183612352
1.914341183612352
1.914341183612352
1.914341183612352
1.914341183612352
1.914341183612352
1.914341183612352
1.914341183612352
1.914341183612352
1.914341183612352
2.4225797618424916
2.4225797618424916
2.4225797618424916
2.4225797618424916
2.4225797618424916
2.4225797618424916
2.4225797618424916
2.4225797618424916
2.4225797618424916
2.4225797618424916
2.4225797618424916
2.2841591278514217
2.2841591278514217
2.2841591278514217
2.2841591278514217
2.2841591278514217
2.2841591278514217
2.2841591278514217
2.2841591278514217
2.2841591278514217
2.2841591278514217
2.2841591278514217
2.2841591278514217
2.289246428509158
2.289246428509158
2.289246428509158
2.289246428509158
2.289246428509158
2.289246428509158
2.289246428509158
2.289246428509158
2.289246428509158
2.289246428509158
2.289246428509158
2.289246428509158
2.289246428509158
2.289246428509158
2.289246428509158
2.289246428509158
2.289246428509158
2.289246428509158
1.914341183612352
1.914341183612352
1.914341183612352
1.914341183612352
2.289246428509158
2.289246428509158
2.289246428509158
2.289246428509158
2.289246428509158
2.289246428509158
2.289246428509158
2.289246428509158
2.289246428509158
2.289246428509158
2.289246428509158
2.289246428509158
2.289246428509158
2.289246428509158
2.289246428509158
2.289246428509158
2.289246428509158
2.289246428509158
1.914341183612352
1.914341183612352
1.914341183612352
1.914341183612352
2.289246428509158
2.289246428509158
2.289246428509158
2.289246428509158
2.289246428509158
2.289246428509158
2.289246428509158
2.289246428509158
2.289246428509158
2.289246428509158
2.289246428509158
2.289246428509158
2.289246428509158
2.289246428509158
2.289246428509158
2.289246428509158
2.289246428509158
2.289246428509158
1.914341183612352
1.914341183612352
1.914341183612352
1.914341183612352
2.217021885879718
2.217021885879718
2.1920058354921066
2.217021885879718
2.217021885879718
2.2841591278514217
2.2841591278514217
2.2841591278514217
2.2841591278514217
2.2841591278514217
2.2841591278514217
2.2841591278514217
2.2841591278514217
2.2841591278514217
2.2841591278514217
2.2841591278514217
2.2841591278514217
2.2841591278514217
2.2841591278514217
2.2841591278514217
2.2841591278514217
2.2841591278514217
2.2841591278514217
2.2841591278514217
2.2841591278514217
2.2841591278514217
2.2841591278514217
2.2841591278514217
2.2841591278514217
1.914341183612352
2.289246428509158
2.289246428509158
2.289246428509158
2.289246428509158
2.289246428509158
2.289246428509158
2.289246428509158
2.289246428509158
2.289246428509158
2.289246428509158
2.289246428509158
2.289246428509158
2.289246428509158
2.289246428509158
2.289246428509158
2.289246428509158
2.289246428509158
2.289246428509158
2.2841591278514217
2.2841591278514217
2.2841591278514217
2.2841591278514217
2.2841591278514217
2.2841591278514217
2.2841591278514217
2.2841591278514217
2.2841591278514217
2.2841591278514217
2.2841591278514217
2.2841591278514217
2.2841591278514217
2.2841591278514217
2.2841591278514217
2.2841591278514217
2.2841591278514217
2.2841591278514217
2.2841591278514217
2.2841591278514217
2.2841591278514217
2.2841591278514217
2.2841591278514217
2.2841591278514217
2.2841591278514217
2.2841591278514217
2.2841591278514217
2.2841591278514217
2.2841591278514217
2.2841591278514217
2.2841591278514217
2.2841591278514217
2.2841591278514217
2.2841591278514217
2.2841591278514217
2.2841591278514217
2.2841591278514217
2.2841591278514217
2.2841591278514217
2.2841591278514217
2.2841591278514217
2.2841591278514217
2.2841591278514217
2.2841591278514217
2.2841591278514217
2.2841591278514217
2.2841591278514217
2.2841591278514217
2.2841591278514217
2.2841591278514217
2.2841591278514217
2.2841591278514217
2.2841591278514217
2.2841591278514217
2.2841591278514217
2.2841591278514217
2.2841591278514217
2.2841591278514217
2.2841591278514217
2.2841591278514217
2.2841591278514217
2.2841591278514217
2.2841591278514217
2.2841591278514217
2.2841591278514217
2.2841591278514217
2.2841591278514217
2.2841591278514217
2.2841591278514217
2.2841591278514217
2.2841591278514217
2.2841591278514217
2.2841591278514217
2.2841591278514217
2.2841591278514217
2.2841591278514217
2.2841591278514217
2.2841591278514217
2.2841591278514217
2.2841591278514217
2.2841591278514217
2.2841591278514217
2.2841591278514217
2.2841591278514217
2.2841591278514217
2.2841591278514217
2.2841591278514217
2.2841591278514217
2.2841591278514217
2.2841591278514217
2.2841591278514217
2.2841591278514217
2.2841591278514217
2.2841591278514217
2.2841591278514217
2.2841591278514217
2.2221915755066783
2.2221915755066783
2.2221915755066783
2.2221915755066783
2.2221915755066783
2.2221915755066783
2.054585169337799
2.054585169337799
2.054585169337799
2.2221915755066783
2.2221915755066783
2.2221915755066783
2.054585169337799
2.054585169337799
2.054585169337799
2.054585169337799
2.054585169337799
2.054585169337799
2.2221915755066783
2.2221915755066783
2.2221915755066783
2.2221915755066783
2.2841591278514217
2.2841591278514217
2.2841591278514217
2.2841591278514217
2.2841591278514217
2.2841591278514217
2.2841591278514217
2.2841591278514217
2.2841591278514217
2.2841591278514217
2.2841591278514217
2.2841591278514217
2.2841591278514217
2.2221915755066783
2.270942421748537
2.2221915755066783
2.0403733936884962
2.5577174691301483
1.9508257945180885
2.2841591278514217
1.9508257945180885
1.823067982273661
2.2221915755066783
2.125814583693911
1.7762976257251988
1.9182958340544896
2.359879028736861
2.7254805569978675
2.127986806877675
2.5724312513221195
2.217021885879718
2.4508257945180882
2.1055872616982603
2.197159723424149
2.445184960903673
1.789929075309999
2.343257873344267
2.4662478973127318
2.4056390622295662
2.6469854578513536
2.4508257945180882
1.9182958340544896
2.373735909525858
2.6081816167087406
2.2221915755066783
2.224601752714581
2.224601752714581
2.224601752714581
2.224601752714581
2.224601752714581
2.224601752714581
2.224601752714581
2.224601752714581
2.224601752714581
2.349601752714581
2.411509198419911
2.1149798205164814
2.1174924611847548
2.221251836004466
2.7029043371886066
2.4137995646056805
2.2221915755066783
2.556656707462823
2.2221915755066783
2.2221915755066783
2.169925001442312
2.1556390622295662
2.35274578087187
1.8585552118703144
2.5032583347756456
2.7499025061628966
2.315824333525708
1.9211796919474975
2.2221915755066783
2.3158243335257076
2.2841591278514217
2.358938532350277
2.2577174691301485
2.0403733936884962
2.2221915755066783
2.494701418977541
2.216157053863006
2.4204567778987625
2.535857775918279
2.524397470347699
2.1464657985040723
2.2221915755066783
2.0827373696475506
2.0131324651707385
1.25368709538152
3.024397470347699
2.0403733936884962
2.128085278891394
2.078491674029184
2.4613201402110083
2.2920717524577867
2.038159681645953
2.8150724101159432
2.457717469130148
2.4056390622295662
2.2737288290053255
2.1999793267164867
1.854285871987246
1.788215812371376
2.3810760119146073
2.074164743022575
2.2221915755066783
2.271782221599798
2.199687794731328
2.396782221599798
1.896240625180289
2.436278124459133
2.2221915755066783
2.084962500721156
1.8322628970242685
2.4996981431844145
2.451139912208212
2.359879028736861
2.103909910282364
2.1920058354921066
2.2221915755066783
2.5239860659612976
2.41379956460568
2.2021706269013688
2.41379956460568
2.161486246800835
2.287783719941071
2.0609640474436812
2.0998625053956435
2.257451142434014
2.638302527624725
2.614369445886757
2.4887855917769937
2.260820318171659
2.0403733936884962
2.774397470347699
2.2221915755066783
2.2221915755066783
2.139795093787977
2.287783719941071
2.29676517814858
1.7924812503605778
1.7924812503605778
2.4508257945180882
2.2221915755066783
2.353533948577482
2.2221915755066783
2.499698143184414
1.9877733714879842
2.058813890331201
2.0403733936884962
2.2149798205164815
2.221251836004466
2.4225797618424916
2.1887870678023824
2.196791631981637
2.158445003922409
2.0403733936884962
1.8352377453121174
2.2841591278514217
2.4137995646056805
2.148834854280917
2.472905595320056
2.8440319350530703
2.217021885879718
2.2221915755066783
2.3789919869000626
2.0403733936884962
1.963997973770097
2.4996981431844145
2.180387732845587
2.1812056673346514
2.2221915755066783
1.823067982273661
2.004886164091843
2.148834854280917
2.221251836004466
2.2221915755066783
2.2221915755066783
2.422579761842491
2.5785519909913264
1.823067982273661
2.2221915755066783
2.128085278891394
2.3627402784989338
2.2841591278514217
2.4613201402110083
2.270942421748537
2.125814583693911
2.406666316740689
2.0403733936884962
2.5785519909913264
2.2841591278514217
2.221251836004466
2.7777768114567865
2.4225797618424916
2.499698143184414
2.146782221599798
2.1280852788913944
2.2221915755066783
2.555913095175825
2.2221915755066783
2.202819531114783
2.5306390622295662
2.353533948577482
2.678337004604778
2.3134597501718237
2.3627402784989338
2.1339375660949167
2.125814583693911
2.125814583693911
2.2221915755066783
2.3227569588973984
2.145136370153053
2.2221915755066783
2.2221915755066783
1.7924812503605778
1.9508257945180885
2.0403733936884962
2.499389675512395
2.2221915755066783
1.6644977792004614
2.1416195253341384
2.2221915755066783
2.2841591278514217
2.1887870678023824
2.4322574485535142
2.0403733936884962
2.1280852788913944
2.499698143184414
2.058813890331201
2.2221915755066783
2.4508257945180882
2.117492461184755
2.2221915755066783
2.4508257945180882
2.117492461184755
2.0403733936884962
2.732914563979398
2.251629167387823
2.4137995646056805
2.3360253406140252
2.495602923729013
2.125814583693911
1.9508257945180885
2.0588138903312014
1.936278124459133
2.4416298737872246
2.481875525235755
2.2221915755066783
2.1556390622295662
2.637918502671133
1.7924812503605778
2.2841591278514217
1.89682043644058
2.2221915755066783
1.811278124459133
2.4508257945180882
2.4996981431844145
2.460904932167797
2.715326698771809
1.965596230357602
2.2221915755066783
2.460904932167797
2.606238928653389
2.004886164091843
2.353533948577482
1.9591479170272446
2.130926080730337
2.179236536168279
2.5999593458929326
2.2221915755066783
2.305296187814668
2.732914563979398
2.495602923729013
2.6535442970305683
2.6535442970305683
2.2841591278514217
2.2221915755066783
2.4137995646056805
2.217021885879718
2.2841591278514217
1.971747257128181
2.5358577759182794
2.2221915755066783
2.058813890331201
2.199687794731328
2.4613201402110083
2.217021885879718
2.374556048381884
2.4508257945180882
2.10558726169826
2.2221915755066783
2.1280852788913944
2.2841591278514217
2.556656707462823
2.218846363733215
2.0545851693377997
2.359879028736861
2.2221915755066783
2.835237745312118
2.4137995646056805
2.2841591278514217
2.2221915755066783
2.322756958897399
2.349601752714581
2.2221915755066783
2.469670487371862
2.4225797618424916
1.584962500721156
2.287783719941071
2.2221915755066783
2.3522170014624826
1.9508257945180885
2.4416298737872246
2.345851989338261
2.125814583693911
2.049452072789394
2.521782221599798
2.2221915755066783
1.8423709931771084
2.2221915755066783
2.606238928653389
2.054585169337799
2.199687794731328
2.202819531114783
2.2221915755066783
2.353533948577482
2.359879028736861
2.2841591278514217
1.584962500721156
2.606238928653389
1.971747257128181
2.3000378251761884
2.225605199016944
2.2841591278514217
1.971747257128181
2.4137995646056805
2.422675468311218
2.1156351273037877
2.692380602454975
2.4508257945180882
2.5566567074628237
2.2577174691301485
2.606238928653389
2.5868878409958143
2.0669687830474586
2.004886164091843
2.4996981431844145
2.2221915755066783
1.823067982273661
2.73345859334435
2.4613201402110083
2.499698143184414
2.0403733936884962
2.199687794731328
2.2221915755066783
2.463458298648303
2.611641588620618
2.2221915755066783
2.4416298737872246
2.6384600665861564
2.495602923729013
2.054585169337799
2.8653289716074086
2.4115091984199104
2.2221915755066783
2.668980145022532
1.7527152789797045
1.971747257128181
2.350209029099897
2.224601752714581
1.8250112108241772
2.4164997849817103
2.1741810145840277
1.971747257128181
2.350209029099897
2.224601752714581
1.8250112108241772
2.4164997849817103
2.1741810145840277
2.5995812306460646
2.2841591278514217
2.2221915755066783
2.4416298737872246
2.2221915755066783
1.584962500721156
2.084962500721156
1.8879185026711327
2.2221915755066783
2.460904932167797
1.584962500721156
2.4508257945180882
2.054585169337799
3.050766174277569
2.2221915755066783
2.260820318171659
2.2221915755066783
2.353533948577482
2.2221915755066783
1.867633890971212
2.106603137064475
2.2686554504312895
2.970843295697713
2.33012496531497
2.384640699428294
2.054585169337799
1.789929075309999
2.2877837199410704
2.4508257945180882
2.1556390622295662
2.2221915755066783
2.359879028736861
2.5150849518197793
2.353533948577482
1.7924812503605778
2.434905433565372
2.2892464285091583
2.287783719941071
2.067031495157584
2.0403733936884962
2.469240782172285
2.2841591278514217
2.623134469132939
2.473851389610045
2.9425803120903766
2.1739731346044096
2.3700333844140453
2.2569089895583545
1.971747257128181
2.279799131837405
2.375
1.8352377453121174
2.2221915755066783
2.221251836004466
2.054585169337799
2.4508257945180882
2.774397470347699
2.004886164091843
2.2221915755066783
2.692380602454975
2.411509198419911
2.221251836004466
2.2221915755066783
2.359879028736861
2.0403733936884962
2.4508257945180882
1.971747257128181
2.2221915755066783
2.1174924611847548
1.962806631693174
2.1280852788913944
2.2841591278514217
2.091416316690631
2.3342564252133498
2.3432578733442675
1.9877733714879842
1.9016094970590274
2.2221915755066783
2.319973094021975
2.4613201402110083
2.349601752714581
2.128085278891394
2.9056390622295662
2.4996981431844145
1.971747257128181
2.288019280279689
2.4613201402110083
2.5492553971685
2.521782221599798
2.5306390622295662
2.2221915755066783
2.349601752714581
2.128085278891394
2.359879028736861
2.1280852788913944
2.739572261986723
2.0403733936884962
2.0403733936884962
2.2841591278514217
2.2221915755066783
2.4137995646056805
2.4996981431844145
2.4416298737872246
2.2841591278514217
2.217021885879718
2.1464657985040723
1.823067982273661
2.4508257945180882
2.362205914663769
2.130926080730337
2.556656707462823
2.2221915755066783
2.2221915755066783
2.696199049814856
1.789929075309999
2.2221915755066783
1.971747257128181
2.5580510765444573
2.6337314206421327
1.789929075309999
2.495602923729013
2.369696689044702
2.221251836004466
1.9473387961875537
2.29676517814858
1.971747257128181
1.9852281360342514
2.2806390622295662
2.058813890331201
2.0403733936884962
2.2841591278514217
2.6168787315814135
2.0403733936884962
2.4056390622295662
2.586887840995814
2.084962500721156
2.2841591278514217
2.054585169337799
2.4806821149663847
2.345851989338261
2.0403733936884962
2.651793902628769
2.35274578087187
2.340662439139976
2.563716987127796
1.867633890971212
2.1174924611847548
2.2221915755066783
2.3935474965388988
2.054585169337799
2.058813890331201
2.503258334775645
2.4508257945180882
2.221251836004466
2.2221915755066783
2.408736849239249
2.0403733936884962
2.2841591278514217
1.936318175025143
2.6276013115120564
1.789929075309999
2.353533948577482
2.224601752714581
2.474601752714581
2.221251836004466
2.793269689515108
2.147348781633051
2.2221915755066783
2.1416195253341384
2.4416298737872246
2.2221915755066783
2.217021885879718
2.4508257945180882
1.983831706844689
2.287783719941071
2.004886164091843
2.1684656711105887
2.2221915755066783
2.33012496531497
2.469240782172285
2.148834854280917
2.2544475789720946
2.472905595320056
2.701375755906049
1.7924812503605778
2.2221915755066783
2.128085278891394
2.2221915755066783
2.0545851693377997
2.3426099799354034
2.0403733936884962
2.199687794731328
2.0379154119304594
2.353190671338322
2.4613201402110083
2.8522170014624826
1.9508257945180885
2.521782221599798
2.0815419333359277
2.1179631753145163
2.422579761842491
2.6535442970305683
2.049452072789394
2.359879028736861
2.369432036254818
2.4508257945180882
2.5239860659612976
2.4500495202947357
2.744842531753244
2.2221915755066783
2.049452072789394
2.2221915755066783
2.4508257945180882
2.1077566165206125
2.349601752714581
2.358938532350277
2.2221915755066783
2.33012496531497
2.3695710038552735
1.971747257128181
2.653040884269814
2.2221915755066783
2.270942421748537
2.614369445886757
2.0202442071537563
2.221251836004466
2.2841591278514217
2.5917932260774954
2.9178202190416966
1.9840451350103798
2.3220847276178658
2.305296187814668
2.1920058354921066
1.4591479170272448
1.8585552118703144
2.0403733936884962
2.2841591278514217
2.2221915755066783
2.0403733936884962
2.0403733936884962
2.2221915755066783
2.0403733936884962
2.4404040177209283
2.2221915755066783
2.499698143184414
2.2841591278514217
2.2221915755066783
2.8138461086383852
2.2841591278514217
2.4508257945180882
2.038159681645953
2.034858803881645
2.5356061300625727
2.0550365325772657
2.497556188695017
2.1577174691301484
2.4508257945180882
2.2802262536736593
2.7045348998193437
2.4387439204017474
1.9746017527145814
2.0403733936884962
2.0403733936884962
2.2221915755066783
2.4508257945180882
2.2221915755066783
2.2841591278514217
2.2221915755066783
2.495602923729013
1.8423709931771088
2.125814583693911
2.4225797618424916
2.273914074378207
2.005977711423774
2.2221915755066783
1.4591479170272446
2.2221915755066783
2.2221915755066783
2.0922718656836103
2.113220936063179
2.372724157293073
1.963360373852888
1.789929075309999
2.4508257945180882
2.117492461184755
2.4508257945180882
2.2841591278514217
1.971747257128181
2.004886164091843
2.601004544549083
2.2229020126233157
2.457717469130148
2.4956029237290123
2.2221915755066783
2.4508257945180882
2.2221915755066783
2.5550365325772653
2.1280852788913944
2.063558608511122
2.495461844238322
1.8250112108241772
2.4056390622295662
2.2877837199410704
1.8400837592991006
2.5785519909913264
2.0403733936884962
2.0403733936884962
2.221251836004466
2.004886164091843
2.3432578733442675
2.2221915755066783
2.6061843073533972
2.5
2.957311495859857
2.0403733936884962
2.2841591278514217
1.9877733714879842
2.0403733936884962
2.457717469130148
2.4613201402110083
2.4885548621928453
2.004886164091843
2.054585169337799
2.1416195253341384
2.004886164091843
2.353533948577482
2.2221915755066783
2.375
2.5577174691301483
2.2221915755066783
2.7035593239513567
2.4508257945180882
2.058813890331201
2.422579761842491
2.074087044559035
1.971747257128181
2.6469633013224234
2.288019280279689
2.007856063692049
2.60845859334435
2.5487949406953985
1.789929075309999
1.823067982273661
2.0419460322060456
2.2221915755066783
2.5219280948873624
2.6556390622295662
2.1063829379027887
2.004886164091843
2.5844984515601634
1.971747257128181
2.2806390622295662
2.128085278891394
2.8163075192246447
2.4501625898300654
2.074087044559035
1.823067982273661
2.3432578733442675
2.202819531114783
2.2806390622295662
1.9508257945180885
2.2221915755066783
2.523986065961297
1.789929075309999
2.350209029099897
1.789929075309999
2.2841591278514217
2.353533948577482
2.2221915755066783
2.125814583693911
2.353533948577482
1.971747257128181
2.004886164091843
2.1054105870684143
2.0403733936884962
2.199687794731328
1.4591479170272448
2.460904932167797
2.4508257945180882
2.2221915755066783
3.2048894517332407
2.2221915755066783
2.422579761842491
2.606238928653389
2.1577174691301484
2.2841591278514217
2.406666316740689
2.373735909525858
2.375
2.4508257945180882
2.2841591278514217
2.2221915755066783
2.2892464285091583
2.007472047198124
2.2841591278514217
2.4508257945180882
2.0403733936884962
1.918208434154617
2.5341468438052397
2.2221915755066783
2.651793902628769
2.2221915755066783
2.0403733936884962
2.2841591278514217
2.5487949406953985
1.8423709931771088
2.2841591278514217
1.971747257128181
1.8810947601100747
2.0403733936884962
2.4996981431844145
2.6411209338130157
2.5061440668531976
2.349601752714581
2.3935474965388988
2.2892464285091583
2.117492461184755
1.4591479170272448
1.971747257128181
2.2221915755066783
2.2221915755066783
2.221251836004466
2.359879028736861
2.2221915755066783
2.199687794731328
2.2577174691301485
2.2221915755066783
2.624726209504296
2.221251836004466
2.5582975702780195
2.466247897312731
2.3144908557451114
2.396782221599798
2.054585169337799
2.0349409139562287
2.2221915755066783
2.049452072789394
2.004886164091843
2.4508257945180882
2.756913261744642
2.4613201402110083
2.133937566094917
1.867633890971212
2.353533948577482
2.4508257945180882
2.424835634986198
2.3179508276569885
2.3458519893382603
2.6535442970305683
2.199687794731328
1.9877733714879842
2.646782221599798
2.4014473774842418
2.5950849518197794
2.225605199016944
2.319973094021975
2.1280852788913944
2.2221915755066783
2.5995812306460646
2.004886164091843
2.3220847276178658
2.1920058354921066
1.9182958340544896
2.4137995646056805
2.2841591278514217
2.33012496531497
2.2221915755066783
2.0403733936884962
2.2988252450030506
2.4613201402110083
2.0403733936884962
2.591793226077496
2.2221915755066783
1.8423709931771084
2.2221915755066783
2.4508257945180882
2.3278577090140127
2.2841591278514217
1.971747257128181
1.971747257128181
2.396782221599798
2.396782221599798
2.2221915755066783
2.2544475789720946
2.0403733936884962
2.2221915755066783
2.556656707462823
1.9852281360342514
1.896240625180289
2.4996981431844145
2.6337314206421327
2.221251836004466
2.2221915755066783
2.216521698179525
2.099601752714581
2.0403733936884962
2.004886164091843
2.2221915755066783
2.2221915755066783
2.117492461184755
2.221251836004466
2.5868878409958143
1.971747257128181
2.4137995646056805
2.038159681645953
2.7395722619867224
2.1887870678023824
2.234378324200126
2.2841591278514217
2.1967916319816365
2.0403733936884962
2.0185405934413114
2.5495234595978324
2.4508257945180882
1.7924812503605778
2.049452072789394
2.6089040970359147
2.8085442160829706
2.556054210413333
1.971747257128181
2.0403733936884962
2.1920058354921066
2.254447578972094
2.217021885879718
2.495461844238322
2.4996981431844145
2.2221915755066783
2.2841591278514217
2.53414684380524
2.3458519893382603
2.546631615393778
2.4508257945180882
2.3432578733442675
2.202819531114783
2.460904932167797
2.2221915755066783
2.221251836004466
1.9591479170272446
2.499698143184414
1.971747257128181
2.495602923729013
2.2221915755066783
2.287783719941071
2.4996981431844145
2.1280852788913944
3.0488840705376354
2.189238255803027
2.4137995646056805
2.359879028736861
2.1633347891038204
2.4508257945180882
2.2221915755066783
2.2877837199410704
2.0403733936884962
2.556656707462823
1.971747257128181
2.2221915755066783
2.533369020804085
2.5448704676752634
2.4404040177209283
2.7806390622295662
2.2841591278514217
2.606154481030798
2.155968102145908
2.8335327587909243
1.971747257128181
2.125814583693911
1.7091574555978686
2.7730439834846936
2.7806390622295662
2.3954618442383215
2.2221915755066783
3.018688570451097
2.6062389286533896
2.474601752714581
2.2841591278514217
2.4508257945180882
3.0060603254083387
2.287783719941071
2.687179297884551
2.2149798205164815
2.271782221599798
2.353533948577482
2.5954618442383217
1.9877733714879842
2.2221915755066783
2.2841591278514217
2.1559681021459083
2.2221915755066783
2.0403733936884962
2.3458519893382603
2.424835634986198
2.2399351903050047
2.3577174691301486
2.2516291673878226
2.287783719941071
2.1464393446710153
2.058813890331201
2.2841591278514217
2.0403733936884962
2.2221915755066783
1.9290929654978
2.5566567074628237
2.2221915755066783
1.7924812503605778
2.4305946180235427
2.5198157169987727
2.125814583693911
1.823067982273661
2.130926080730337
2.075869296697727
2.5874912343502734
2.221251836004466
2.4387439204017474
2.125814583693911
2.0703403030854326
1.8091407621868583
2.064042639445697
1.4166422780956525
2.2588718484453603
2.440404017720928
2.2608203181716595
2.499698143184414
2.5352095777115586
2.0403733936884962
2.025920165587641
2.353533948577482
2.4817145729860726
1.971747257128181
2.4137995646056805
2.6328318567489237
2.022579761842491
2.365596230357602
2.619667960634468
2.2221915755066783
2.7691440342257594
2.1267290699222547
2.169925001442312
1.75
2.1812056673346514
2.217021885879718
2.3627402784989338
2.2221915755066783
2.2221915755066783
2.440404017720928
2.067130688335406
2.358938532350277
2.353533948577482
2.2221915755066783
2.049452072789394
1.971747257128181
2.4508257945180882
1.8879185026711327
2.2221915755066783
2.2221915755066783
2.125814583693911
2.5306390622295662
2.5306390622295662
2.279799131837405
2.4508257945180882
2.2221915755066783
2.0274893113295236
2.2221915755066783
1.8919954870390203
2.146629599158928
1.9149798205164812
1.971747257128181
2.2988252450030506
1.789929075309999
1.971747257128181
2.1280852788913944
2.696199049814856
2.3242764617775697
2.197159723424149
2.0403733936884962
2.292481250360578
1.7924812503605778
2.422579761842491
2.25
2.251629167387823
2.217021885879718
2.217021885879718
2.1287347499440905
2.217021885879718
2.217021885879718
2.295409717239449
2.2221915755066783
2.0403733936884962
2.2221915755066783
2.004886164091843
2.2221915755066783
2.9356987807516504
2.6535442970305683
2.4056390622295662
1.971747257128181
2.524397470347699
2.292481250360578
2.8139107630313687
2.369571003855273
1.971747257128181
2.4528385678644478
2.6084585933443494
2.4171563143584547
2.6125932148315045
2.353533948577482
2.058813890331201
2.271782221599798
2.6535442970305683
2.224655916513223
2.058813890331201
2.2221915755066783
2.0403733936884962
2.646782221599798
2.2221915755066783
2.0403733936884962
2.2221915755066783
1.971747257128181
2.4577174691301487
2.0588138903312014
2.523986065961297
2.270942421748537
2.8346726891154717
2.4095349947050457
1.9591479170272446
2.6601297526332575
2.7777768114567865
2.4508257945180882
2.2221915755066783
2.2221915755066783
2.6689801450225326
2.6661353810124964
2.199687794731328
2.1920058354921066
2.2841591278514217
2.6535442970305683
2.4996981431844145
2.2221915755066783
2.0403733936884962
1.7609640474436812
2.2221915755066783
2.1800365325772657
2.3308442812140955
2.52473261568954
2.523986065961297
1.8423709931771084
2.054585169337799
2.4996981431844145
1.789929075309999
2.2684727516311214
2.472905595320056
2.499698143184414
2.499698143184414
2.6535442970305683
2.353533948577482
2.6199100232740657
2.2221915755066783
2.038159681645953
2.2221915755066783
2.2841591278514217
2.7098886380147267
2.2841591278514217
2.606238928653389
2.2221915755066783
2.1174924611847548
2.4729055953200563
2.2841591278514217
2.3677441766885825
3.0275869885154214
2.523986065961297
2.221251836004466
1.8423709931771088
2.287783719941071
1.8141144718101818
2.692380602454975
1.9591479170272446
1.9220231428515733
2.4508257945180882
2.2856005389623073
2.2221915755066783
2.6825887305018328
2.3935474965388988
2.4540031740837445
1.7924812503605778
2.2684727516311214
2.215347275584621
2.2877837199410704
2.2791586518342952
2.696199049814856
2.2221915755066783
1.4833557549816874
2.128085278891394
2.6535442970305683
2.4387439204017474
2.743465189601647
2.4225797618424916
2.0403733936884962
2.147852977948723
2.5032583347756456
2.2062389286533897
2.0403733936884962
1.971747257128181
2.287783719941071
2.5559130951758244
1.9182958340544896
2.147077673396552
2.4508257945180882
2.2806390622295662
2.311278124459133
2.049452072789394
2.038159681645953
2.358938532350277
2.2221915755066783
2.0403733936884962
2.038159681645953
2.10845859334435
2.739572261986723
2.4508257945180882
2.2221915755066783
2.2841591278514217
2.2221915755066783
2.049452072789394
1.8423709931771084
1.584962500721156
2.199687794731328
2.2841591278514217
2.2841591278514217
2.4070790923780074
2.1179342089182276
1.9852281360342516
2.1464657985040723
2.4137995646056805
2.1967916319816365
2.7395722619867224
2.251629167387823
2.5341468438052397
2.744842531753244
2.054585169337799
2.4508257945180882
2.5073801024236357
2.2221915755066783
2.5306390622295662
2.0403733936884962
2.8138461086383852
2.777776811456787
2.221251836004466
2.4056390622295662
2.6100579071482155
2.606238928653389
2.117492461184755
2.054585169337799
2.699513850319966
2.217021885879718
2.4072682296173897
2.484068452547233
2.2221915755066783
2.4387439204017474
2.614369445886757
2.2841591278514217
2.4129760434289307
2.3220847276178658
1.789929075309999
2.221251836004466
2.378991986900062
2.2221915755066783
2.6084585933443494
2.2584598927441624
2.4508257945180882
2.295289770851874
2.4508257945180882
2.2221915755066783
2.2221915755066783
2.6535442970305683
1.823067982273661
2.2221915755066783
1.9056390622295665
2.41379956460568
2.148834854280917
1.971747257128181
2.004886164091843
1.971747257128181
2.472905595320056
2.4508257945180882
2.004886164091843
2.4416298737872246
2.472905595320056
2.4416298737872246
2.2841591278514217
2.260820318171659
2.33012496531497
3.2425365325772657
1.965596230357602
1.971747257128181
2.1967916319816365
2.4508257945180882
2.1273877651912745
2.8254604659433147
2.2841591278514217
2.251629167387823
2.0403733936884962
2.521782221599798
2.260964047443681
1.971747257128181
2.2221915755066783
1.8423709931771088
2.4137995646056805
2.4187229080665604
2.649397470347699
1.8230679822736608
2.2281711943408733
2.353533948577482
2.038159681645953
2.0403733936884962
1.9287705856438881
2.7777768114567865
2.287783719941071
2.1174924611847548
1.9877733714879842
2.6235976121969165
2.4416298737872246
2.437065831519022
2.0403733936884962
2.2221915755066783
2.484255144794799
2.606238928653389
2.0403733936884962
1.8092830792973653
1.825605199016944
1.968873874720721
2.2920717524577867
2.426292711673635
2.5566567074628237
2.523986065961297
1.971747257128181
2.289246428509158
2.3531906713383224
2.0403733936884962
1.789929075309999
2.60845859334435
2.221251836004466
2.2841591278514217
2.4137995646056805
2.223219672335508
2.2221915755066783
2.4729055953200563
2.438721875540867
2.2221915755066783
2.128085278891394
2.0403733936884962
2.4508257945180882
2.049452072789394
2.1029334343823507
2.279799131837405
2.2221915755066783
2.2221915755066783
2.4187229080665604
2.2841591278514217
2.460904932167797
2.2221915755066783
2.495461844238322
2.151985975179511
2.727217001462482
1.4591479170272448
2.521782221599798
2.125814583693911
2.822181958642873
2.521782221599798
2.2221915755066783
2.2221915755066783
2.2221915755066783
2.4115091984199104
2.251629167387823
2.0403733936884962
2.5833333333333335
2.353533948577482
2.353533948577482
2.251629167387823
1.9528195311147831
2.2221915755066783
2.1739731346044096
2.4115091984199104
2.0403733936884962
2.7296822627168913
2.5492553971685
2.5495234595978324
2.4137995646056805
2.2221915755066783
2.8014036745597606
2.4508257945180882
2.6689801450225326
2.2221915755066783
2.374556048381884
2.2221915755066783
2.146782221599798
2.5617062775743142
2.262362377388257
2.4722092797270987
2.1815525171888464
2.378991986900062
1.971747257128181
2.463458298648303
2.054585169337799
1.8918521728839344
2.013911951300547
1.5766832808819085
2.4834585933443494
2.2841591278514217
2.2221915755066783
2.499698143184414
1.896240625180289
2.4508257945180882
2.2841591278514217
2.2414460711655217
1.789929075309999
1.8250112108241772
2.0403733936884962
2.2398947777165885
1.9056390622295665
1.6854752972273346
2.556656707462823
2.3432578733442675
2.2221915755066783
2.2221915755066783
2.2221915755066783
2.1280852788913944
2.2221915755066783
2.2841591278514217
2.7329145639793975
2.2221915755066783
2.4137995646056805
2.004886164091843
1.9182958340544896
1.4591479170272448
2.359879028736861
2.2221915755066783
2.495602923729013
2.270942421748537
1.8585552118703144
2.349601752714581
1.9705730958116854
2.0132790219068077
1.867633890971212
2.221251836004466
2.48345859334435
2.4137995646056805
2.284476351041122
2.128085278891394
2.4508257945180882
2.130926080730337
2.2221915755066783
1.8155574043858183
2.0550365325772657
2.224601752714581
2.4225797618424916
2.2841591278514217
1.9508257945180885
2.1416195253341384
2.0458416408851736
2.0274893113295236
1.8389205950315937
1.8919954870390203
2.0403733936884962
2.4508257945180882
2.5495234595978316
2.472905595320056
2.221251836004466
1.8423709931771086
2.4508257945180882
2.0403733936884962
2.3242764617775697
2.4416298737872246
2.004886164091843
2.2221915755066783
2.1416195253341384
2.556054210413333
2.522620309531022
2.5917932260774954
2.1556390622295662
2.4137995646056805
2.301072329402873
2.2221915755066783
1.971747257128181
2.8430741894285694
1.7841591278514217
2.4056390622295662
2.3577174691301486
2.2841591278514217
2.2684727516311214
2.7075696535050606
2.2221915755066783
2.6535442970305683
2.068794207565845
2.128085278891394
2.2585728843419157
2.2841591278514217
2.312333111577309
2.074164743022575
2.521928094887362
2.2841591278514217
2.403677461028802
2.126650260611739
2.199687794731328
2.032128525239341
2.251629167387823
2.5246850668814873
2.9398290174664026
2.7216227854342443
2.217021885879718
2.349601752714581
2.292481250360578
2.0403733936884962
1.6968428034773932
2.091529235632037
1.9877733714879842
1.75
2.199687794731328
1.9877733714879842
2.292481250360578
1.4591479170272448
1.789929075309999
2.199687794731328
1.9877733714879842
2.292481250360578
1.4591479170272448
2.0403733936884962
2.199687794731328
2.2221915755066783
1.8365916681089791
2.0388651432757823
1.9877733714879842
2.292481250360578
2.128085278891394
2.0293947103282037
1.9877733714879842
2.292481250360578
1.4591479170272448
2.4056390622295662
1.9402672990457108
1.9877733714879842
2.2221915755066783
2.359879028736861
2.406666316740689
2.2221915755066783
2.6716767244305313
2.212503842372268
2.0461796919474975
2.221251836004466
2.646782221599798
2.125814583693911
2.3317663774021273
2.217021885879718
2.4137995646056805
2.3221793455166666
1.371314688649721
2.37888213067747
2.125814583693911
1.789929075309999
2.6535442970305683
2.2221915755066783
1.4591479170272448
2.9056390622295662
2.066247897312731
2.4137995646056805
1.823067982273661
2.004886164091843
2.6062088944024344
2.3335938348528806
2.2221915755066783
2.694693951646702
2.353190671338322
2.224601752714581
2.111341594627746
2.2596098198664736
2.094017981486945
2.0078560636920493
2.0403733936884962
2.0294127458578934
2.221251836004466
2.3050365325772657
2.3695710038552735
1.7841591278514217
2.1920058354921066
2.0403733936884962
2.3003001799138607
2.058813890331201
2.0374011976541118
2.815922063835166
2.2221915755066783
2.2877837199410704
2.0539126749557943
2.1920058354921066
2.5073801024236357
2.396782221599798
2.2221915755066783
2.4508257945180882
2.0403733936884962
2.743465189601647
2.526234909949522
2.372094637795624
2.96497606796747
2.278351811711312
2.406666316740689
1.9211854965885542
2.2221915755066783
2.3594559773258243
2.474601752714581
2.551280912261904
2.2841591278514217
2.0403733936884962
2.206238928653389
1.823067982273661
2.3935474965388988
2.4232196723355077
2.7210294386597536
2.395461844238322
2.2221915755066783
2.146465798504072
2.2841591278514217
2.2892464285091583
2.311399781754687
2.225605199016944
1.7924812503605778
2.463458298648303
1.9591479170272446
2.221251836004466
2.5724312513221195
2.448040507602298
2.9638096525384388
2.4416298737872246
2.6062389286533896
2.004886164091843
2.2221915755066783
2.2221915755066783
2.054585169337799
2.4508257945180882
2.2221915755066783
2.48538608457757
1.7339318819281189
2.4508257945180882
2.4047933024618025
2.4137995646056805
2.571765668774843
1.9182958340544896
2.2841591278514217
2.125814583693911
2.2841591278514217
2.353533948577482
2.223219672335508
2.48345859334435
2.4164997849817107
2.6292492238560343
2.4164997849817103
1.4591479170272448
2.2841591278514217
2.0403733936884962
2.4508257945180882
2.4092672522514684
1.811278124459133
2.717126390731844
2.3395722619867225
2.777776811456787
2.4834585933443494
2.342370993177109
2.469240782172285
2.403677461028802
2.2221915755066783
2.2945199082544616
2.375
2.4416298737872246
2.7806390622295662
1.971747257128181
2.0403733936884962
1.7527152789797045
2.0403733936884962
2.6535442970305683
2.349601752714581
1.9285037704605617
2.2221915755066783
2.4508257945180882
1.789929075309999
2.2841591278514217
2.422579761842491
2.2221915755066783
2.4416298737872246
2.4137995646056805
2.2841591278514217
2.3920788329783202
2.2221915755066783
2.499698143184414
2.2221915755066783
1.971747257128181
2.311278124459133
2.217021885879718
2.422579761842491
2.2221915755066783
2.004886164091843
2.0403733936884962
2.4508257945180882
2.084962500721156
2.224601752714581
2.209888638014727
2.2221915755066783
1.7924812503605778
2.2221915755066783
1.9182958340544896
2.2221915755066783
2.2221915755066783
2.3577174691301486
2.004886164091843
2.353533948577482
2.2221915755066783
2.4137995646056805
2.4508257945180882
2.5073801024236357
2.004886164091843
2.221251836004466
2.5032583347756456
1.867633890971212
1.7924812503605778
1.9591479170272446
2.3996339957362953
2.004886164091843
2.224601752714581
1.7924812503605778
2.2841591278514217
2.0403733936884962
2.4137995646056805
2.350209029099897
2.007856063692049
2.2221915755066783
1.9877733714879842
2.4508257945180882
2.2221915755066783
2.25
2.292481250360578
1.971747257128181
2.6556390622295662
2.2221915755066783
2.556656707462823
2.0403733936884962
1.3787834934861753
2.168232893338811
2.054585169337799
2.6462856765213414
2.2841591278514217
2.60845859334435
2.1556390622295662
2.629249223856034
2.221251836004466
2.2841591278514217
2.4996981431844145
2.004886164091843
2.054585169337799
2.6601297526332575
2.6337314206421327
2.2221915755066783
2.2221915755066783
2.73345859334435
2.646985457851354
2.2221915755066783
2.217021885879718
2.2062389286533897
2.472905595320056
2.3458519893382603
2.7806390622295662
2.221251836004466
2.221251836004466
1.971747257128181
2.2221915755066783
2.865764637179023
2.0849625007211565
2.5226203095310216
2.2656546557441946
2.3050365325772657
2.0
1.789929075309999
2.2109736165067546
2.2221915755066783
2.422579761842491
1.823067982273661
2.4164997849817103
2.1568696310326763
2.004886164091843
2.279799131837405
2.1556390622295662
2.002755067189044
2.054585169337799
2.263809173883546
2.0
2.2221915755066783
2.2221915755066783
2.0403733936884962
2.4508257945180882
2.5559130951758244
2.2221915755066783
2.251629167387823
2.0989295636909353
2.224601752714581
1.971747257128181
2.2221915755066783
2.8423709931771084
2.2221915755066783
2.5724312513221195
2.440404017720928
2.2841591278514217
2.1887870678023824
2.353533948577482
2.5559130951758244
2.4508257945180882
2.4508257945180882
2.199687794731328
2.2221915755066783
2.4508257945180882
2.582031116540498
2.1416195253341384
2.038159681645953
1.965596230357602
2.221251836004466
2.3158243335257076
2.4137995646056805
2.2877837199410704
2.1974058114255177
2.556656707462823
2.2221915755066783
2.0403733936884962
1.7924812503605778
2.270942421748537
2.5785519909913264
2.3919796433934777
2.314979820516481
2.106603137064475
1.9737231046334083
2.177425833391027
3.141126767019874
2.822181958642873
2.4164997849817107
2.5492553971685
1.9877733714879842
2.4056390622295662
2.074087044559035
2.2037016960573483
2.426844820933656
2.8384563773505884
2.128085278891394
2.0048861640918427
2.219240704636849
2.4996981431844145
2.2221915755066783
2.004886164091843
2.1920058354921066
2.822181958642873
2.2221915755066783
2.2221915755066783
2.436278124459133
2.406666316740689
2.2810361125534233
2.271782221599798
2.2221915755066783
2.4137995646056805
2.60845859334435
2.2221915755066783
2.384183719779189
2.5487949406953985
1.789929075309999
2.3627402784989338
2.5073801024236357
1.6869149529501273
2.5032583347756456
2.2221915755066783
2.696199049814856
2.6535442970305683
2.4137995646056805
1.7841591278514217
2.2684727516311214
2.7806390622295662
2.495602923729013
2.498929563690935
1.869526332323075
2.353533948577482
2.217021885879718
1.7924812503605778
2.1179631753145163
2.2221915755066783
2.33012496531497
2.4137995646056796
2.0403733936884962
2.0545851693377997
2.4508257945180882
2.2841591278514217
2.2221915755066783
2.2221915755066783
1.7004397181410922
2.353533948577482
2.2841591278514217
2.0403733936884962
2.3158243335257076
2.2221915755066783
2.2877837199410704
1.971747257128181
2.21676435353455
2.6535442970305683
1.965596230357602
2.498077546623641
1.789929075309999
2.3158243335257076
2.660129752633257
2.0191534613250357
2.820299552225413
2.3920788329783202
2.422579761842491
2.5487949406953985
2.0000808760993793
2.353533948577482
2.440404017720928
1.855388542207534
2.3804304878001115
1.7841591278514217
2.221251836004466
2.822181958642873
2.221251836004466
2.2841591278514217
2.1055872616982603
2.2221915755066783
2.2221915755066783
2.3432578733442675
2.495602923729013
2.4817145729860726
2.038159681645953
2.2221915755066783
2.6490893947492995
2.004886164091843
2.2125038423722683
2.054585169337799
2.2221915755066783
2.1280852788913944
2.292481250360578
2.2221915755066783
2.4508257945180882
2.6084585933443494
2.3305576533947314
2.6384600665861555
2.4863286677871854
2.1887870678023824
1.75
2.270942421748537
2.4404040177209283
2.221251836004466
2.0
1.9877733714879842
2.295461844238322
2.251629167387823
2.283383098229013
1.789929075309999
1.9138909867280647
2.2256108145207376
2.4508257945180882
2.0403733936884962
2.319973094021975
2.0403733936884962
2.2221915755066783
2.1559681021459083
2.556656707462823
1.8423709931771084
2.60845859334435
2.463458298648303
1.9795739585136223
1.9182958340544893
2.1054105870684143
2.498077546623641
2.2221915755066783
2.345851989338261
1.584962500721156
2.4508257945180882
1.971747257128181
2.038159681645953
2.4137995646056805
2.350209029099897
2.287783719941071
2.2221915755066783
2.521782221599798
2.1690354219421173
2.2995601745654
2.3884812937427053
2.2221915755066783
2.521782221599798
2.555913095175825
2.6120966889958757
2.2806390622295662
2.2221915755066783
2.2841591278514217
2.2221915755066783
2.1280852788913944
2.4137995646056805
2.2221915755066783
2.4834585933443494
2.2221915755066783
2.2544475789720946
2.0
2.4996981431844145
2.382683189255492
1.989786979256811
2.2841591278514217
2.881195107760607
2.6825887305018328
2.054585169337799
2.472905595320056
1.9015064025015063
2.3458519893382603
2.811231430496333
2.4494320362548176
2.7254805569978675
2.4137995646056805
2.4416298737872246
2.4508257945180882
2.2221915755066783
2.395998870534841
1.9653059184883495
1.823067982273661
2.606238928653389
1.971747257128181
2.2221915755066783
2.6535442970305683
2.292481250360578
2.181899057917561
2.2841591278514217
2.4416298737872246
2.556656707462823
2.2221915755066783
2.499698143184414
2.48345859334435
2.4137995646056805
2.4508257945180882
2.224601752714581
2.682588730501833
2.6062389286533896
2.341446071165522
2.3531906713383224
2.2221915755066783
1.789929075309999
2.0403733936884962
2.004886164091843
2.049452072789394
2.390863696857044
2.6384600665861555
2.595461844238322
2.0349409139562287
2.353533948577482
1.8879185026711327
2.4237949406953985
2.606238928653389
2.4056390622295662
2.2810361125534233
2.0311836644228602
1.971747257128181
2.3660794456822845
2.7897580143043688
2.1887870678023824
2.3053206513329316
2.205109900073869
2.3058021490143457
2.1339375660949167
2.2221915755066783
2.4508257945180882
1.8423709931771084
2.038159681645953
2.4508257945180882
2.696199049814856
2.117492461184755
2.2684727516311214
2.2221915755066783
2.1416195253341384
1.855388542207534
2.6081816167087406
2.2221915755066783
2.263809173883546
2.258459892744163
2.1280852788913944
2.7272170014624826
1.8423709931771084
1.983084164143437
1.971747257128181
2.1174924611847548
2.103909910282364
1.972824876890667
2.7334585933443494
2.298852726158181
2.5341468438052397
2.1842612638641032
2.2841591278514217
2.521782221599798
2.535857775918279
2.1416195253341384
1.726297154405899
2.3342564252133498
2.345851989338261
2.1414460711655217
2.406666316740689
2.049452072789394
2.1967916319816365
2.1416195253341384
2.4508257945180882
2.7777768114567865
2.649397470347699
2.4416298737872246
2.4857901638683924
2.5577174691301483
2.835237745312118
2.53414684380524
2.1280852788913944
1.867633890971212
2.0403733936884962
2.2221915755066783
2.422579761842491
2.295461844238322
2.2221915755066783
2.0419460322060456
2.0359391629995205
2.2221915755066783
2.4508257945180882
2.2841591278514217
2.125814583693911
2.73345859334435
1.5566567074628228
2.2684727516311214
2.146465798504072
2.125814583693911
1.789929075309999
2.4416298737872246
2.4404040177209283
2.2221915755066783
1.835478540251837
2.1147130311157563
2.125814583693911
2.30501110789364
2.4508257945180882
2.4508257945180882
2.2841591278514217
2.4225797618424916
2.48345859334435
2.0403733936884962
2.440404017720928
1.823067982273661
2.6535442970305683
2.3432578733442675
2.1149798205164814
2.5820599105802575
2.064042639445697
1.789929075309999
2.199687794731328
2.822181958642873
2.4508257945180882
2.4508257945180882
2.2221915755066783
2.5492553971685
2.0403733936884962
2.73345859334435
2.1280852788913944
2.111095787753339
2.5777968115985948
2.2221915755066783
2.35845859334435
2.2221915755066783
2.125814583693911
2.646782221599798
1.964405267448419
2.2221915755066783
2.358938532350277
2.5495234595978324
2.4416298737872246
1.9852281360342514
1.4591479170272448
2.2841591278514217
1.811278124459133
2.1556390622295662
2.535857775918279
2.148834854280917
2.1967916319816365
2.5820311165404983
2.0225797618424917
2.2221915755066783
2.625423404033482
2.197405811425518
2.263809173883546
2.3954618442383215
2.521782221599798
2.3227569588973984
2.0306390622295662
2.4508257945180882
2.353533948577482
2.463458298648303
2.48345859334435
2.4137995646056805
2.4584538292330587
2.4387439204017474
2.375
1.956992213480747
2.8662478973127308
1.914341183612352
2.3432578733442675
2.05698542238284
2.4164997849817103
2.1615419333359274
2.1375375112660517
2.2221915755066783
2.6535442970305683
2.353533948577482
2.0403733936884962
2.521782221599798
2.295461844238322
2.2221915755066783
2.653040884269814
2.5917932260774954
2.1280852788913944
2.5341468438052397
2.0403733936884962
2.4508257945180882
2.292481250360578
1.971747257128181
2.221251836004466
2.353533948577482
2.2841591278514217
2.591793226077496
2.3220847276178658
2.2221915755066783
2.0403733936884962
1.9609640474436814
2.353533948577482
2.2221915755066783
2.411177766521992
2.369571003855273
2.4996981431844145
2.2221915755066783
2.2221915755066783
2.199687794731328
2.2221915755066783
2.221251836004466
2.225605199016944
2.2396782598404563
2.2221915755066783
1.9508257945180885
2.765957320949175
2.199687794731328
2.79334985785422
2.2349849223695104
2.4508257945180882
2.5003330769670757
2.0403733936884962
2.4577174691301487
2.076137078655196
1.983983410857925
2.4508257945180882
2.0403733936884962
2.4056390622295662
2.646782221599798
2.4225797618424916
2.353533948577482
2.1280852788913944
1.867633890971212
2.499698143184414
2.5032583347756456
2.206238928653389
1.9473387961875537
2.2221915755066783
2.2221915755066783
2.0403733936884962
1.8799649487271108
2.1280852788913944
2.2841591278514217
2.217021885879718
1.9508257945180885
1.811278124459133
2.084962500721156
1.9508257945180885
2.004886164091843
1.867633890971212
2.221251836004466
1.971747257128181
2.1800365325772657
2.466247897312731
2.3715335947907836
2.1556390622295662
2.0403733936884962
1.971747257128181
2.2841591278514217
2.2877837199410704
2.372094637795624
2.058813890331201
2.472905595320056
2.075869296697727
2.21577067413792
2.177694271103767
2.3719962338648086
2.556656707462823
2.217021885879718
1.8810947601100745
2.292481250360578
2.60845859334435
2.60845859334435
2.075869296697727
2.146465798504072
2.2807876549494517
1.8423709931771084
2.0
2.2841591278514217
2.263809173883546
2.1416195253341384
2.2221915755066783
2.2841591278514217
2.4164997849817107
2.6601297526332575
2.848603730213371
2.029526332323075
2.549523459597832
2.7081887399951703
2.251629167387823
2.1209520310264036
2.2724994555866935
2.2856005389623073
2.349601752714581
2.1812056673346514
2.4137995646056805
2.0545851693377997
2.5935346841684104
2.4404040177209283
2.0410716223899907
2.0403733936884962
2.251614471810182
1.823067982273661
2.7152088061657302
2.4508257945180882
2.5178650529206688
1.971747257128181
2.054585169337799
2.128085278891394
2.2810361125534233
2.459147917027245
2.521782221599798
2.4056390622295662
2.9469818624420006
2.2841591278514217
2.746261437095948
2.125814583693911
2.125814583693911
2.2221915755066783
2.2841591278514217
2.30827083453526
2.3627402784989338
2.6601297526332575
2.4164997849817107
2.397334910352524
2.614369445886757
2.2221915755066783
2.4508257945180882
2.2221915755066783
2.1920058354921066
2.4164997849817103
2.353533948577482
1.9852281360342514
2.3253314601288064
2.4137995646056805
2.556656707462823
2.4508257945180882
2.7254805569978675
2.6292492238560343
2.217021885879718
2.5785519909913264
2.201559648809208
2.559856305967578
1.8432749588466413
2.145136370153053
2.2221915755066783
2.049452072789394
2.6535442970305683
2.2221915755066783
2.2221915755066783
2.822181958642873
2.217021885879718
2.1448630415254373
2.6848355468948704
2.2737288290053255
2.107756616520613
2.1179631753145163
2.4954618442383216
2.4508257945180882
2.2221915755066783
2.457717469130148
1.811278124459133
2.3942811477133943
2.2841591278514217
2.6193401682061075
2.2584598927441624
1.459331675634167
2.9056390622295662
3.111915194938907
2.004886164091843
2.4225797618424916
1.789929075309999
2.1209520310264027
1.688697395532546
2.495602923729013
2.521782221599798
2.084962500721156
2.0403733936884962
2.6535442970305683
2.5341468438052397
2.2841591278514217
2.0588138903312014
2.0403733936884962
2.2221915755066783
2.606238928653389
1.83770470625279
2.6084585933443494
2.353533948577482
2.1577174691301484
2.4996981431844145
2.7043474847814206
1.971747257128181
2.2221915755066783
1.8423709931771084
2.0403733936884962
1.9508257945180885
2.2841591278514217
2.498077546623641
1.811278124459133
2.349601752714581
2.433195838728977
2.077819531114783
2.472905595320056
2.054585169337799
2.0403733936884962
2.2221915755066783
2.3253314601288055
2.224601752714581
2.4863286677871854
2.038159681645953
2.1774212838293647
2.054585169337799
2.4508257945180882
2.498929563690935
2.1556390622295662
2.127986806877675
2.370423042622588
2.5492553971685
1.7295739585136223
2.221251836004466
2.2221915755066783
2.614369445886757
2.049452072789394
2.221251836004466
2.2221915755066783
2.2841591278514217
2.2221915755066783
2.499698143184414
2.0403733936884962
2.586887840995814
2.2221915755066783
2.33012496531497
1.971747257128181
2.353533948577482
2.1280852788913944
2.4416298737872246
2.080500530640267
2.2569089895583545
2.260891110799899
2.4115091984199104
2.648456528111627
2.2221915755066783
2.2894320362548175
2.4996981431844145
2.221251836004466
2.038159681645953
2.358938532350277
1.584962500721156
2.2221915755066783
2.6984883761151055
2.5464393446710156
2.21577067413792
2.4508257945180882
2.390863696857044
2.4416298737872246
2.4305946180235423
2.353190671338322
2.2221915755066783
2.2221915755066783
2.2983094013008034
1.8423709931771084
2.0403733936884962
2.4996981431844145
2.2221915755066783
2.345851989338261
2.2221915755066783
2.2221915755066783
2.0403733936884962
2.0403733936884962
2.2221915755066783
2.0403733936884962
2.2841591278514217
2.5580510765444573
2.2221915755066783
2.2221915755066783
2.521782221599798
2.614369445886757
1.5566567074628228
2.2221915755066783
2.2256051990169436
1.8423709931771084
1.7924812503605778
2.21913191089923
2.2221915755066783
2.2841591278514217
2.311278124459133
2.830725901450323
2.063458298648303
2.2221915755066783
2.2670764086189616
2.349601752714581
2.0403733936884962
2.1577174691301484
2.2841591278514217
2.2221915755066783
2.6411209338130157
2.3166238110793627
2.2062389286533897
2.7806390622295662
2.4973419908730565
2.353533948577482
2.739572261986723
2.227499247400509
2.60845859334435
2.4508257945180882
2.353533948577482
2.33012496531497
2.692380602454975
1.9473387961875537
2.4137995646056805
2.251629167387823
2.375
1.7527152789797045
2.5498550315128585
2.4414460711655215
2.7254805569978675
2.2221915755066783
2.4164997849817103
2.5868878409958143
2.541019446207271
2.260820318171659
2.0403733936884962
2.606238928653389
2.2221915755066783
2.6657364757315936
2.3199730940219747
2.287783719941071
2.0403733936884962
2.495602923729013
2.2841591278514217
2.2261207468426805
2.4404040177209283
2.0403733936884962
2.33012496531497
2.0403733936884962
2.4996981431844145
2.224601752714581
3.0237826423078666
2.2221915755066783
2.5306390622295662
1.561278124459133
2.221251836004466
2.0
2.3720946377956236
1.971747257128181
1.896240625180289
2.3036331289446377
1.6515702259985285
2.221251836004466
2.225610814520738
2.855953642864355
2.2841591278514217
2.2841591278514217
2.0403733936884962
2.6556390622295662
1.823067982273661
2.2841591278514217
2.0271036266528566
1.9877733714879842
2.2221915755066783
2.4996981431844145
2.217021885879718
2.5046934208291405
2.1464657985040723
1.971747257128181
2.291620193427939
2.4404040177209283
2.4508257945180882
2.263809173883546
2.503258334775645
2.2221915755066783
2.3432578733442675
2.6292492238560343
2.6337314206421327
2.2841591278514217
2.5524429317483426
2.696199049814856
2.852217001462482
2.2221915755066783
2.4508257945180882
2.0274893113295236
2.0048861640918427
2.218437210664321
1.971747257128181
2.4508257945180882
2.049452072789394
2.0741647430225756
2.5274955437916096
1.780672129520887
2.4508257945180882
1.9182958340544896
2.2221915755066783
2.263809173883546
2.2221915755066783
2.2841591278514217
2.75029947605978
2.0403733936884962
2.221251836004466
2.3577174691301486
2.084962500721156
1.867633890971212
2.4729055953200567
2.2988252450030506
2.7742433029172697
2.5559130951758244
2.004886164091843
2.3695710038552735
2.004886164091843
2.217021885879718
2.4508257945180882
2.4613201402110083
2.125814583693911
2.1767669742887406
2.146782221599798
1.9852281360342514
2.103756467226641
1.9852281360342514
2.247927513443585
2.0202442071537563
2.1923516569518884
1.9591479170272446
2.1416195253341384
2.080347527597087
2.4577174691301487
2.054585169337799
2.2221915755066783
2.0670314951575843
2.2221915755066783
1.8423709931771084
2.47500576393624
2.4508257945180882
2.7932696895151077
2.480337797403416
2.2810361125534233
2.311278124459133
2.205822050877804
2.556656707462823
2.2058011089873357
2.7848765854837296
2.4137995646056805
2.0403733936884962
2.221251836004466
1.9076604601183145
2.30827083453526
2.668980145022533
2.33198056664107
1.896240625180289
2.217021885879718
1.971747257128181
1.9746017527145812
1.7884504573082893
2.976516671385561
2.4508257945180882
2.6517939026287696
2.744842531753244
2.6084585933443494
2.2062389286533897
2.4996981431844145
2.5515148708628836
2.692380602454975
2.294519908254462
2.5521796970665487
2.2221915755066783
2.2221915755066783
2.2221915755066783
2.4508257945180882
2.2221915755066783
2.0403733936884962
2.3319805666410693
2.5995812306460646
2.1661889432370445
2.5073801024236357
2.3232196723355076
2.1992818130163667
2.271782221599798
2.0403733936884962
1.8423709931771086
2.684017280829845
1.811278124459133
2.113106011337682
2.2995301445670657
2.5577174691301483
2.4250066620360857
2.473851389610045
1.789929075309999
2.1920058354921066
3.130640983527281
1.897109625584184
2.0403733936884962
2.835237745312118
2.0
2.2841591278514217
2.556656707462823
2.474601752714581
2.349601752714581
2.4996981431844145
2.221251836004466
2.289246428509158
2.9398290174664026
1.8423709931771084
2.2841591278514217
2.764839645387004
2.4996981431844145
2.5341468438052397
2.3432578733442675
2.3134597501718237
2.5599980083563527
2.298852726158181
2.4416298737872246
2.4128786893420306
2.4481203125901443
1.971747257128181
2.4996981431844145
2.1179631753145163
2.359879028736861
2.2221915755066783
2.499698143184414
2.2221915755066783
2.251629167387823
2.2221915755066783
2.2221915755066783
2.4225797618424916
1.75
2.7562486832061195
2.9481522269950866
2.396782221599798
2.0403733936884962
2.17146526179041
2.914259428751636
2.004886164091843
2.0403733936884962
2.359879028736861
2.2221915755066783
2.4996981431844145
2.5306390622295662
2.4508257945180882
2.523986065961297
2.169925001442312
2.2841591278514217
2.2389205950315936
1.789929075309999
2.5724312513221195
2.0
2.2544475789720946
2.359879028736861
2.2221915755066783
2.2221915755066783
1.4591479170272448
2.472905595320056
2.2221915755066783
2.0
2.2221915755066783
2.4089809567736475
2.2204297811389124
2.1280852788913944
1.9591479170272446
2.221251836004466
2.3695710038552735
2.2221915755066783
2.0954618442383217
2.2221915755066783
2.263809173883546
2.4508257945180882
1.789929075309999
2.6464711218476644
1.4488156357251847
2.2221915755066783
2.349601752714581
2.399627536341357
2.4508257945180882
2.020800094781482
2.4508257945180882
2.35845859334435
2.646782221599798
2.221251836004466
2.2221915755066783
2.854693951646702
2.3432578733442675
3.1716751419557987
2.521782221599798
2.359879028736861
2.292481250360578
2.2221915755066783
2.2841591278514217
2.343767422366671
2.199687794731328
2.0670314951575843
2.491651704951577
2.981899203521824
1.823067982273661
1.8726696380501495
2.854556207819716
2.0403733936884962
2.072905595320056
2.3793138675231518
2.0403733936884962
2.321609439319543
1.823067982273661
2.353533948577482
2.0670314951575843
1.9955764816553492
2.9345258494966258
2.054585169337799
2.2892464285091583
2.1251849789470314
2.1841659667475826
2.692380602454975
2.53667025565653
2.366079445682285
2.558820462420625
2.2221915755066783
2.0403733936884962
2.049452072789394
1.789929075309999
2.3329145639793976
2.2841591278514217
2.619667960634468
2.049452072789394
2.4508257945180882
2.2221915755066783
2.128085278891394
2.2221915755066783
2.495602923729013
2.4996981431844145
1.823067982273661
1.9182958340544896
2.2221915755066783
2.221251836004466
1.7924812503605778
2.2841591278514217
2.2062389286533897
2.004886164091843
2.353533948577482
2.4508257945180882
2.4416298737872246
2.224601752714581
2.0
2.472905595320056
2.8888840705376353
2.535857775918279
2.4996981431844145
2.276851036044338
2.6535442970305683
1.8365916681089791
2.292481250360578
2.2221915755066783
2.4508257945180882
2.495602923729013
2.2841591278514217
2.2221915755066783
2.038159681645953
2.6062389286533896
1.7345216647797512
2.347312051491349
2.7029043371886066
1.8879185026711327
2.7045348998193437
2.3253314601288055
2.4225797618424916
2.114805144339332
2.4305946180235427
2.5282823810654773
2.239097917988786
2.411509198419911
1.9301249653149701
2.7378723922315147
2.2841591278514217
1.4591479170272448
2.2221915755066783
2.128085278891394
1.8585552118703144
2.4508257945180882
2.125814583693911
2.289246428509158
2.20989818438121
2.678832414679138
2.40305849369222
2.1565798507950693
1.771782221599798
2.1471251585103026
2.2389205950315936
2.422579761842491
2.358938532350277
2.004886164091843
2.2221915755066783
2.148834854280917
2.4996981431844145
2.8096537140468336
2.732914563979398
1.9056390622295665
2.117492461184755
2.6535442970305683
2.0403733936884962
2.4416298737872246
2.472905595320056
2.5787805576388956
2.221204342695824
2.6522615787128405
2.2221915755066783
2.004886164091843
2.125814583693911
2.004886164091843
1.9508257945180885
2.651793902628769
2.2221915755066783
2.4508257945180882
1.4591479170272448
2.0403733936884962
2.2221915755066783
2.2221915755066783
2.1416195253341384
2.2221915755066783
2.2841591278514217
2.1280852788913944
2.556656707462823
1.8423709931771084
2.0231737294062406
2.221251836004466
2.181205667334651
2.771782221599798
2.4508257945180882
2.05287071093348
2.263809173883546
2.2841591278514217
2.278351811711312
2.472905595320056
2.438743920401747
2.4508257945180882
2.221251836004466
2.2221915755066783
2.2221915755066783
1.971747257128181
2.2724994555866935
2.2221915755066783
1.867633890971212
2.130926080730337
2.288019280279689
2.6767370300521325
2.3071885761626687
2.2221915755066783
2.5
2.004886164091843
2.160721206862801
2.4056390622295662
2.1036927888927544
2.197159723424149
2.73345859334435
2.1534493185513393
2.630626862623079
2.2221915755066783
2.359879028736861
2.4305946180235423
2.746824813546045
2.676737030052132
2.5131025872458284
2.266270436896047
2.390863696857044
2.4980775466236413
2.2221915755066783
2.1967916319816365
2.4996981431844145
2.128085278891394
2.353533948577482
2.2841591278514217
2.556656707462823
2.270942421748537
1.8061400856559078
2.695461844238322
2.359879028736861
2.484407172207674
2.0621735653919635
2.48345859334435
2.2221915755066783
2.345851989338261
1.823067982273661
1.9182958340544896
2.499698143184414
2.5917932260774954
2.2221915755066783
2.2841591278514217
2.0403733936884962
2.2221915755066783
2.4508257945180882
2.1559681021459083
2.0403733936884962
2.2221915755066783
2.0403733936884962
2.855953642864355
2.1416195253341384
1.9165578675845356
2.2221915755066783
2.2221915755066783
2.744842531753244
2.4208300944355474
2.2221915755066783
2.0403733936884962
2.4996981431844145
2.2221915755066783
2.0403733936884962
1.99269262693029
2.609931015820306
2.350053623976855
2.038159681645953
2.510708709649257
2.521782221599798
2.004886164091843
2.47834596772504
2.4996981431844145
2.4577174691301487
2.33012496531497
2.3232196723355076
2.199687794731328
2.2221915755066783
2.278351811711312
2.2221915755066783
2.0403733936884962
1.75
2.291620193427939
2.4508257945180882
2.5541522113239497
2.4996981431844145
2.289246428509158
1.8423709931771088
2.2221915755066783
2.2221915755066783
1.7924812503605778
2.473851389610045
1.789929075309999
1.971747257128181
1.789929075309999
1.7527152789797045
2.353533948577482
2.0403733936884962
2.556656707462823
2.4137995646056805
1.9182958340544896
2.2221915755066783
2.0403733936884962
2.7395722619867224
2.2221915755066783
2.2221915755066783
2.4508257945180882
2.350209029099897
2.606238928653389
2.2841591278514217
2.4225797618424916
1.584962500721156
2.054585169337799
2.591793226077496
2.3458519893382603
1.971747257128181
2.4508257945180882
2.495602923729013
2.499698143184414
2.2221915755066783
1.9609640474436814
2.0403733936884962
2.692380602454975
2.125814583693911
2.2221915755066783
2.292481250360578
2.4164997849817107
2.2221915755066783
2.1920058354921066
2.60845859334435
2.263809173883546
2.049452072789394
1.971747257128181
2.406666316740689
2.2221915755066783
2.682588730501833
2.220068302234069
3.0540969647593887
2.289246428509158
2.4193721485946105
2.3720946377956236
1.7924812503605778
2.474601752714581
2.457717469130148
2.2892464285091583
2.499698143184414
2.2841591278514217
2.0921306319320516
2.0403733936884962
2.272499455586694
2.251614471810182
2.0306721295208874
2.004886164091843
2.1077566165206125
2.3050365325772657
2.4996981431844145
2.112740823639226
2.4569885365913757
2.4954618442383216
2.692380602454975
2.2877837199410704
2.0403733936884962
2.257606878811597
2.2221915755066783
2.2221915755066783
2.221251836004466
1.971747257128181
2.4508257945180882
2.0403733936884962
2.199687794731328
2.744842531753244
2.049452072789394
2.6601297526332575
2.292481250360578
1.8250112108241772
2.054585169337799
2.054585169337799
2.054585169337799
2.054585169337799
2.054585169337799
2.054585169337799
2.054585169337799
2.054585169337799
2.054585169337799
2.2221915755066783
2.007856063692049
2.6679139440006217
2.4164997849817103
1.532221852699901
2.230154957849531
1.965596230357602
2.7806390622295662
2.2841591278514217
2.6084585933443494
2.556656707462823
2.2221915755066783
2.2841591278514217
2.6535442970305683
2.054585169337799
2.2221915755066783
2.0403733936884962
2.145136370153053
2.0487949406953985
2.473851389610045
2.221251836004466
2.359879028736861
2.2221915755066783
2.2221915755066783
2.0403733936884962
2.374556048381884
2.125814583693911
2.472905595320056
2.2221915755066783
2.5637169871277954
2.146465798504072
1.971747257128181
2.495602923729013
2.4508257945180882
2.267052573952813
2.251629167387823
2.345851989338261
2.199687794731328
2.60845859334435
2.1280852788913944
2.1556390622295662
2.2221915755066783
2.049452072789394
2.6084585933443494
1.7924812503605778
2.2841591278514217
2.0403733936884962
2.0403733936884962
2.004886164091843
2.2221915755066783
2.4416298737872246
2.0403733936884962
2.0545851693377997
2.4996981431844145
2.3395722619867225
2.0531779229837612
2.5306390622295662
2.2221915755066783
2.3082708345352603
2.566190216550323
2.0403733936884962
2.3244093931715555
2.125814583693911
2.4416298737872246
2.614369445886757
2.0403733936884962
2.521782221599798
2.474601752714581
2.645222217059012
1.965596230357602
2.5521796970665487
1.584962500721156
2.352487689168953
2.668980145022532
2.0403733936884962
1.9746017527145812
2.7173322803275224
2.4508257945180882
2.4164997849817103
2.4922031072054134
2.251629167387823
2.2991040074712537
2.2221915755066783
2.125814583693911
2.096575001762826
2.1086796919474975
2.096575001762826
1.8879185026711327
2.723448035630266
1.9914246275373682
2.1473487816330517
1.8423709931771084
2.626788042879654
2.145136370153053
1.75
2.2544475789720946
1.8496017527145814
2.0484992321232283
2.1769757120837414
2.429494520451445
2.556656707462823
2.0694285316579797
2.287783719941071
2.35274578087187
2.2878662772365086
2.0705934438130758
2.0403733936884962
2.373735909525858
2.4508257945180882
2.6756981353679867
2.5580510765444573
2.3432578733442675
2.4662478973127313
2.1967916319816365
2.3068905956085186
2.4508257945180882
2.4331958387289765
1.867633890971212
2.614369445886757
2.5609640474436812
2.4389865757567724
2.2132982820604443
2.2221915755066783
2.378991986900062
2.349601752714581
2.0403733936884962
2.0403733936884962
2.8536700092563416
2.2221915755066783
1.8799649487271108
2.2221915755066783
1.7527152789797045
1.823067982273661
2.049452072789394
2.2841591278514217
2.0403733936884962
2.606238928653389
2.3151259034832234
2.1426643555488485
2.2221915755066783
2.057924310831006
2.4056390622295662
2.4137995646056805
1.971747257128181
2.4822921890824143
2.128085278891394
2.4508257945180882
1.7924812503605778
2.2225936503050066
2.004886164091843
1.789929075309999
2.004886164091843
2.856158925726098
1.788215812371376
2.384183719779189
2.2485702580697673
2.52122509496961
2.797955943018481
2.4508257945180882
2.2221915755066783
2.2221915755066783
2.084962500721156
2.3212637330165684
2.463458298648303
2.3367146307938143
1.7924812503605778
2.128085278891394
2.054585169337799
2.038159681645953
1.7758589482446405
2.2221915755066783
1.8226417757825835
2.486064429986846
2.1967916319816365
1.493803626869462
2.1179631753145163
2.0582124733117753
2.2221915755066783
2.2841591278514217
1.965596230357602
2.128085278891394
2.049452072789394
2.1280852788913944
2.2841591278514217
2.696199049814856
2.457717469130148
2.4508257945180882
2.5073801024236357
2.223219672335508
2.4729055953200563
2.2841591278514217
1.971747257128181
2.2584598927441624
2.221251836004466
2.10973793212989
2.5492553971684995
2.3050365325772657
2.366428310992824
2.125814583693911
2.2221915755066783
2.374556048381884
2.2221915755066783
2.499698143184414
2.038159681645953
2.063202513215852
2.2221915755066783
2.6535442970305683
2.2221915755066783
2.4187229080665604
2.217021885879718
2.2841591278514217
2.1556390622295662
2.2221915755066783
2.4187229080665604
2.319973094021975
2.2841591278514217
2.1556390622295662
2.221251836004466
2.2841591278514217
1.823067982273661
2.7304673739536445
1.8423709931771084
1.9852281360342514
3.1836100453775327
2.004886164091843
2.260820318171659
2.360924277228159
2.049452072789394
2.004886164091843
2.4225797618424916
1.9942994759573032
2.436278124459133
2.278351811711312
2.521782221599798
2.4508257945180882
2.4416298737872246
2.376717193094392
2.2221915755066783
1.9986525468781666
2.606238928653389
2.2221915755066783
2.2877837199410704
2.1632095937363847
2.1280852788913944
2.4404040177209283
2.4137995646056805
2.2321654021612107
2.524397470347699
2.221251836004466
2.2221915755066783
2.2221915755066783
2.0545851693377997
2.4066663167406888
2.422579761842491
2.555269044648117
2.744842531753244
2.2221915755066783
1.95006375643621
1.971747257128181
2.0403733936884962
2.3395722619867225
2.535857775918279
2.8978887804072606
2.004886164091843
2.2221915755066783
2.231972258525925
2.077819531114783
2.447249316507165
1.9508257945180885
1.8512268158971916
2.4613201402110083
2.2841591278514217
2.2783518117113117
1.7841591278514217
2.782898407661445
2.271782221599798
2.2221915755066783
2.217021885879718
2.6031579868725987
2.4263406353754373
2.5609640474436812
2.6535442970305683
2.221251836004466
2.835237745312118
2.102187170949333
2.058813890331201
2.054585169337799
2.60845859334435
1.9591479170272446
2.9648894517332405
2.1280852788913944
2.103909910282364
2.221419798685394
2.732914563979398
2.5032583347756456
1.789929075309999
2.125814583693911
2.4996981431844145
2.2221915755066783
2.4584538292330587
1.8799649487271108
2.2221915755066783
2.48345859334435
2.696199049814856
2.378991986900062
2.606238928653389
2.7395722619867224
2.2877837199410704
2.1920058354921066
2.466247897312731
2.591793226077496
2.199687794731328
2.343257873344267
2.319240704636849
2.4225797618424916
2.4508257945180882
2.6800365325772657
2.2256051990169436
2.270942421748537
2.472905595320056
2.224601752714581
2.127986806877675
2.0
2.4508257945180882
2.3458519893382603
1.7924812503605778
1.896240625180289
2.822181958642873
2.4137995646056805
2.2988527261581813
2.2221915755066783
2.353533948577482
2.606238928653389
2.2221915755066783
2.004886164091843
2.2221915755066783
2.127986806877675
2.117492461184755
2.0403733936884962
2.0403733936884962
2.1280852788913944
2.7045348998193437
2.835237745312118
1.9508257945180885
2.199687794731328
2.35274578087187
2.1234786725698864
2.292481250360578
2.2221915755066783
2.2221915755066783
2.2221915755066783
2.4453365494330663
2.287783719941071
2.1563937009003067
1.9211796919474975
2.353190671338322
2.4603207941776386
2.221251836004466
2.0466744278153235
2.0066281790138714
2.125814583693911
2.484255144794799
2.48345859334435
2.4416298737872246
2.41379956460568
1.8961240330827152
1.5221898721658214
2.125814583693911
2.35845859334435
2.5073801024236357
2.125814583693911
2.1898980954642875
1.871081308706569
2.3458519893382603
1.9182958340544893
2.471862134353695
2.5820311165404983
2.563716987127796
2.2221915755066783
2.0403733936884962
2.1716289366721333
2.5045899518395114
2.359879028736861
1.8423709931771084
2.7329145639793975
1.9877733714879842
2.1492553971684996
2.7029043371886066
2.343257873344267
1.9698157824268105
2.1815525171888464
2.077235445408308
2.1054105870684143
2.4679360295889174
2.701365487886715
2.0403733936884962
2.345851989338261
2.2221915755066783
2.4416298737872246
1.971747257128181
1.823067982273661
1.7527152789797047
2.005977711423774
2.2221915755066783
1.9182958340544896
2.1556390622295662
1.9508257945180885
2.2841591278514217
2.199687794731328
2.2221915755066783
2.353533948577482
2.270942421748537
2.038159681645953
2.696199049814856
2.4584538292330587
2.5785519909913264
2.133937566094917
2.039353872167201
1.9016094970590274
1.647920441765809
1.8705657762029164
2.197169083773296
2.047351814444994
2.2221915755066783
2.2221915755066783
2.125814583693911
2.4508257945180882
2.463458298648303
2.2221915755066783
2.2841591278514217
2.7806390622295662
2.2221915755066783
2.049452072789394
2.6556390622295662
2.4137995646056805
2.2221915755066783
2.7574058114255178
1.823067982273661
2.004886164091843
2.1800365325772657
2.33012496531497
2.1967916319816365
2.395461844238322
2.822181958642873
2.861391088530946
2.103909910282364
2.177694271103767
1.7295739585136223
2.5226203095310216
2.2221915755066783
2.0403733936884962
2.3458519893382603
2.25
2.125814583693911
2.224601752714581
2.2221915755066783
2.353533948577482
2.2841591278514217
2.4508257945180882
2.556656707462823
2.004886164091843
2.322756958897399
2.049452072789394
2.004886164091843
2.114805144339332
2.0403733936884962
2.47834596772504
1.867633890971212
2.4225797618424916
2.0403733936884962
2.5868878409958143
2.4980775466236413
1.971747257128181
2.2988252450030506
2.615724605447171
2.8138461086383852
2.556656707462823
2.1280852788913944
2.2841591278514217
2.495602923729013
2.4508257945180882
2.460904932167797
2.270942421748537
2.221251836004466
1.7924812503605778
2.0403733936884962
2.311278124459133
2.424835634986198
2.225605199016944
2.047801834330602
2.6274906310814994
1.867633890971212
2.3497569251599826
2.6535442970305683
2.2841591278514217
2.298852726158181
2.4056390622295662
2.1320122330483984
2.6535442970305683
2.1280852788913944
2.4577174691301487
1.971747257128181
2.692380602454975
2.3515937233487554
2.0403733936884962
2.4331958387289765
2.5032583347756456
2.221251836004466
2.133937566094917
2.4996981431844145
1.8177401631379246
2.2221915755066783
2.4928786893420307
2.251629167387823
2.049452072789394
2.128085278891394
2.0670314951575843
2.146782221599798
2.2221915755066783
2.2806390622295662
1.880424344959478
1.8294732983598407
2.0403733936884962
2.0403733936884962
2.058813890331201
2.2221915755066783
2.0349409139562287
2.004886164091843
1.867633890971212
2.133937566094917
1.8799649487271108
2.4975561886950164
2.4729055953200563
2.2841591278514217
2.004886164091843
2.2221915755066783
2.353533948577482
2.2841591278514217
2.2221915755066783
2.004886164091843
2.406666316740689
2.396782221599798
2.1280852788913944
2.5653449541255062
2.5954618442383217
2.049452072789394
2.125814583693911
2.396782221599798
2.0349409139562287
2.3695710038552735
2.0403733936884962
2.4508257945180882
2.4508257945180882
2.0989295636909353
2.1920058354921066
1.971747257128181
2.0349409139562287
2.128085278891394
2.263809173883546
2.0758692966977272
2.0758692966977272
2.0758692966977272
2.0758692966977272
2.217021885879718
2.054585169337799
2.4508257945180882
2.5306390622295662
2.4164997849817103
2.4996981431844145
2.2221915755066783
2.2841591278514217
2.1280852788913944
1.971747257128181
2.835237745312118
2.217021885879718
2.4508257945180882
2.6489392118672592
2.1920058354921066
2.199687794731328
2.0403733936884962
2.374556048381884
2.0403733936884962
2.602217001462482
1.9852281360342514
2.3935474965388988
2.263809173883546
2.549523459597832
2.5341468438052397
2.5061440668531976
2.2338600502372494
2.279799131837405
2.4137995646056805
2.5954618442383217
2.4508257945180882
1.8423709931771084
2.260820318171659
1.811278124459133
1.7924812503605778
2.5785519909913264
2.0403733936884962
2.2221915755066783
2.4387439204017474
2.2841591278514217
1.9882199333887287
1.971747257128181
2.6405219626825924
2.4193819456463714
2.2221915755066783
2.1908887189090467
2.209491208589884
1.9523612813926658
2.093911951300547
2.5868878409958143
1.688883429672744
2.039353872167201
2.2221915755066783
2.169925001442312
2.33012496531497
2.0403733936884962
2.395998870534841
2.4137995646056805
2.0403733936884962
2.2830741894285698
2.262362377388257
2.4508257945180882
2.2221915755066783
2.2221915755066783
1.971747257128181
2.5341468438052397
2.004886164091843
2.2516291673878226
2.0403733936884962
2.2221915755066783
2.2221915755066783
2.075869296697727
2.221251836004466
2.221251836004466
2.2221915755066783
2.460904932167797
2.6535442970305683
1.9508257945180885
2.353533948577482
2.0
2.2841591278514217
2.2221915755066783
2.2221915755066783
2.2221915755066783
2.050459724065177
2.2221915755066783
2.4294945204514447
1.9864267287308424
2.169925001442312
2.9556982872127144
1.867633890971212
2.2503551250216844
2.1029334343823507
2.6384600665861555
2.049452072789394
1.8423709931771084
2.372094637795624
2.245869617795809
2.4806821149663847
2.6535442970305683
2.287783719941071
2.2221915755066783
2.254514899465375
2.2221915755066783
2.339572261986723
2.2221915755066783
2.484255144794799
2.0
2.353533948577482
2.227534334005981
1.7924812503605778
2.2623623773882575
2.606238928653389
2.2339466645252255
2.5785519909913264
2.495602923729013
2.4508257945180882
2.224601752714581
2.5178650529206683
2.0403733936884962
2.206238928653389
2.4508257945180882
1.9240665236120587
2.1054105870684143
2.319973094021975
2.387918502671133
2.23345859334435
1.965596230357602
2.5907504297759165
2.53414684380524
2.735955308587266
2.060812986441126
2.358938532350277
2.396782221599798
2.4508257945180882
2.3199730940219747
2.1054105870684143
1.971747257128181
3.046036928555409
2.2569089895583545
2.145136370153053
2.2221915755066783
2.2516291673878226
2.0202442071537563
2.2221915755066783
2.7328865091611436
2.1684656711105887
2.0048861640918427
2.685468873240239
2.0403733936884962
2.127986806877675
2.5634500543076904
2.75707541331394
1.8423709931771084
2.5898969430304226
2.127986806877675
2.0729055953200564
2.217021885879718
2.4834585933443494
2.2221915755066783
2.038159681645953
2.5341468438052397
2.8028416701725325
2.152736181487073
2.0403733936884962
2.353533948577482
2.007856063692049
2.1940826713759973
2.357717469130148
2.287783719941071
2.2221915755066783
2.8662478973127308
1.9877733714879842
2.606238928653389
2.2221915755066783
2.128085278891394
1.896291529045928
2.349601752714581
2.226182599732405
2.6668433650948202
2.221251836004466
2.224601752714581
2.437001117123366
2.2841591278514217
2.6411209338130157
2.804889451733241
2.1920058354921066
2.2221915755066783
2.0202442071537563
2.0403733936884962
2.2399351903050047
2.3314963295286755
2.2221915755066783
2.221251836004466
2.453701696057348
2.2221915755066783
2.4508257945180882
1.7841591278514217
1.8352377453121174
2.5366082543914996
2.084962500721156
2.2221915755066783
2.692380602454975
2.3261207468426806
2.495602923729013
2.3395722619867225
2.6689801450225326
1.971747257128181
2.0403733936884962
2.2221915755066783
2.396782221599798
2.384183719779189
2.3342564252133498
2.4508257945180882
2.5724312513221195
2.289246428509158
2.5495234595978316
2.0458416408851736
2.7806390622295662
2.835237745312118
1.867633890971212
2.2221915755066783
2.2841591278514217
2.4300365325772657
2.270942421748537
2.610699332842307
1.789929075309999
2.5917932260774954
2.2221915755066783
1.971747257128181
1.8423709931771084
1.9508257945180885
2.2221915755066783
2.2841591278514217
2.4613201402110083
2.2841591278514217
2.2221915755066783
2.6535442970305683
2.1339375660949167
2.359879028736861
2.2221915755066783
2.0225797618424917
2.057924310831006
2.2841591278514217
2.8033668942491614
1.867633890971212
2.2221915755066783
2.292481250360578
2.292481250360578
2.021782221599798
2.606238928653389
2.251629167387823
2.2221915755066783
2.2892464285091583
2.3301249653149703
2.521782221599798
2.556656707462823
2.2221915755066783
2.499698143184414
2.2221915755066783
2.6873230684749942
2.1054105870684143
2.6756981353679867
2.73345859334435
2.5239860659612976
2.606238928653389
2.004886164091843
2.287783719941071
2.2062389286533897
2.0403733936884962
2.7052290027422967
2.2221915755066783
2.5492553971685
2.353533948577482
2.4404040177209283
2.2221915755066783
2.646782221599798
2.004886164091843
2.199687794731328
2.2221915755066783
2.2221915755066783
1.8230679822736608
2.2221915755066783
2.406666316740689
2.2221915755066783
2.264133332635592
2.674460868536108
2.4237949406953985
2.6660563421790617
2.1339375660949167
2.2841591278514217
2.4137995646056805
2.349601752714581
2.4613201402110083
2.312907291846956
2.5901894550596403
2.1920058354921066
2.4849960987306523
1.9877733714879842
2.2221915755066783
2.058813890331201
2.4508257945180882
2.866247897312731
2.206238928653389
1.7924812503605778
2.535857775918279
2.038159681645953
2.606238928653389
1.764097655573916
2.682588730501833
2.2221915755066783
2.262362377388257
2.715347275584621
2.834196946695717
2.221251836004466
2.4115091984199104
2.2096909728231857
2.367492461184755
2.4834585933443494
2.474601752714581
2.2584598927441624
2.2221915755066783
2.359879028736861
2.0403733936884962
2.0182155146751497
2.5785519909913264
2.5306390622295662
2.2877837199410704
2.125814583693911
2.696199049814856
2.521782221599798
2.4613854278112766
2.2221915755066783
2.4508257945180882
1.867633890971212
2.242572530766071
2.2221915755066783
2.469670487371862
2.270942421748537
2.5498550315128585
2.1920058354921066
2.513493416679643
2.1920058354921066
2.1556390622295662
2.2221915755066783
2.1416195253341384
1.8585552118703144
2.271782221599798
1.76420450650862
2.535857775918279
2.2841591278514217
2.646240625180289
2.2221915755066783
1.8423709931771084
2.696199049814856
2.004886164091843
3.0837980399870335
2.2221915755066783
2.654255313215029
2.5032583347756456
2.937326145256008
2.664545116698717
2.495461844238322
2.474601752714581
2.0403733936884962
2.6689801450225326
2.353533948577482
2.2221915755066783
2.7806390622295662
2.463458298648303
2.0403733936884962
2.4508257945180882
2.049452072789394
2.4996981431844145
2.0403733936884962
2.2221915755066783
2.646782221599798
2.2221915755066783
2.4996981431844145
2.2221915755066783
2.0379154119304594
1.4591479170272448
1.9877733714879842
2.5785519909913264
2.289246428509158
1.836591668108979
2.2221915755066783
2.3220847276178658
1.5355505277442498
1.971747257128181
2.1280852788913944
2.225610814520738
2.004886164091843
2.1556390622295662
2.0403733936884962
2.4508257945180882
2.074055788176714
2.2841591278514217
2.2221915755066783
2.556656707462823
2.2825887305018333
2.364912501682698
2.4577174691301487
2.6535442970305683
2.0403733936884962
2.2221915755066783
2.23345859334435
2.7806390622295662
2.1055872616982603
2.4996981431844145
2.4996981431844145
2.0403733936884962
2.4996981431844145
2.0403733936884962
2.9934111926211227
1.8423709931771084
2.474601752714581
2.391350387051526
2.527851177821555
2.473851389610045
1.971747257128181
1.6729330318733675
2.5566567074628237
1.855388542207534
1.867633890971212
2.2877837199410704
2.251629167387823
2.054585169337799
2.4949188482339504
2.2221915755066783
2.5724312513221195
2.263809173883546
2.2221915755066783
1.7924812503605778
2.350209029099897
2.146465798504072
2.004886164091843
2.251629167387823
2.2062389286533897
1.9508257945180885
2.221251836004466
2.6572682296173893
2.4508257945180882
2.556656707462823
2.2221915755066783
2.4996981431844145
2.1793502024537714
2.556656707462823
2.2221915755066783
2.2232196723355075
2.2221915755066783
1.8423709931771084
2.2221915755066783
1.971747257128181
2.0403733936884962
2.353533948577482
1.867633890971212
2.3789919869000626
2.3050365325772657
1.826448742016307
1.6893917467430877
1.9290929654977997
1.8423709931771084
2.773937173145193
2.2221915755066783
1.8534041093637423
2.2221915755066783
2.332914563979398
2.2221915755066783
2.4508257945180882
2.2221915755066783
2.2221915755066783
2.0403733936884962
2.353533948577482
2.50896586815979
1.8358155134295546
2.7872301466508205
2.8662478973127308
2.556656707462823
2.2062389286533897
2.4508257945180882
2.2221915755066783
2.217021885879718
2.220830186615293
1.823067982273661
1.8734936758692482
2.1920058354921066
2.682588730501833
2.448317235933938
2.5492553971685
2.1607047528877827
2.359879028736861
2.169925001442312
2.360964047443681
2.531255072134468
2.224601752714581
2.2221915755066783
2.2221915755066783
2.2221915755066783
2.4996981431844145
2.500503832755768
2.2841591278514217
2.2221915755066783
2.5954618442383217
2.2610276044371003
2.016875695766564
2.5541522113239497
2.2221915755066783
2.1031974888230356
2.358938532350277
2.004886164091843
2.2221915755066783
3.038320189106
2.2221915755066783
2.2221915755066783
2.5341468438052397
3.0140976555739156
2.3935474965388988
2.495602923729013
2.0403733936884962
2.406666316740689
2.6417062775743134
2.2348352436859305
2.523986065961297
2.0403733936884962
2.353533948577482
2.1812056673346514
2.054585169337799
2.35845859334435
2.5366082543914996
2.199687794731328
2.179350202453772
2.621928094887362
3.0075161631024954
2.2221915755066783
2.436278124459133
2.120952031026403
1.789929075309999
2.038159681645953
2.049452072789394
2.493016849144568
1.971747257128181
2.542328989413759
2.217021885879718
1.7924812503605778
2.2841591278514217
2.2892464285091583
2.0403733936884962
2.1556390622295662
2.1280852788913944
2.5580510765444573
2.556656707462823
2.038159681645953
2.221251836004466
2.2221915755066783
2.458453829233059
2.522620309531022
1.7924812503605778
2.5638561897747243
2.058813890331201
2.2221915755066783
2.4056390622295662
2.125814583693911
2.406666316740689
2.2841591278514217
2.542482693809728
1.4591479170272448
1.9887513942845323
2.6411209338130157
2.004886164091843
2.0403733936884962
2.2841591278514217
1.7924812503605778
2.5559130951758244
2.353533948577482
2.349601752714581
2.8662478973127308
2.217021885879718
2.4508257945180882
2.2221915755066783
2.2221915755066783
2.2221915755066783
1.867633890971212
2.535857775918279
1.7924812503605778
2.251629167387823
2.2221915755066783
2.3232196723355076
2.2841591278514217
2.4806821149663842
2.353533948577482
2.2221915755066783
2.0403733936884962
2.1920058354921066
2.1577174691301484
1.9877733714879842
1.855388542207534
2.0403733936884962
1.971747257128181
2.4508257945180882
2.474601752714581
2.4777044112240603
2.1280852788913944
2.0545851693377997
2.30827083453526
1.7464657985040721
1.9609640474436814
2.0545851693377997
2.1903711612984442
2.823465189601647
2.499698143184414
2.4213152774012365
2.3995372250875984
2.1843170282144424
2.18680859456305
2.224601752714581
2.4996981431844145
1.7295739585136223
2.5724312513221195
2.10845859334435
2.2221915755066783
2.4772170014624826
2.0545851693377997
2.2221915755066783
2.2221915755066783
2.418722908066561
2.386513020021302
2.35274578087187
1.9609640474436814
2.287783719941071
2.0
1.914341183612352
1.7527152789797047
2.359879028736861
2.353533948577482
2.646782221599798
1.9591479170272446
2.0403733936884962
2.0403733936884962
1.7924812503605778
2.35274578087187
2.2841591278514217
2.0403733936884962
2.4508257945180882
2.33012496531497
2.396782221599798
2.2221915755066783
2.0403733936884962
2.1920058354921066
2.4137995646056805
1.935945569184765
2.7435456217874408
2.251629167387823
1.9852281360342514
1.4591479170272448
2.0524212838293647
2.125814583693911
2.499698143184414
1.867633890971212
2.0403733936884962
2.6989358713215634
2.270942421748537
2.058813890331201
2.3901037845399147
2.5438515265445467
2.53414684380524
1.7206386181144326
2.521782221599798
2.4410685859554375
2.4508257945180882
2.0349409139562287
1.789929075309999
2.5637169871277954
2.345851989338261
2.4569885365913757
2.216521698179525
2.6062389286533896
2.221251836004466
2.4232196723355077
2.3342564252133498
2.2221915755066783
2.353533948577482
2.2221915755066783
2.2221915755066783
2.692380602454975
2.2877837199410704
2.2221915755066783
2.0403733936884962
2.0403733936884962
2.3458519893382603
2.60845859334435
2.4577174691301487
2.4508257945180882
2.4996981431844145
2.6143694458867563
2.0274893113295236
2.2841591278514217
2.4662478973127313
2.2221915755066783
2.2221915755066783
2.1556390622295662
2.488785591776994
2.556656707462823
2.2221915755066783
2.0403733936884962
2.396782221599798
2.221251836004466
2.2221915755066783
2.038159681645953
2.4255093795022624
2.197159723424149
1.867633890971212
1.9182958340544893
2.278351811711312
2.2221915755066783
2.218542602257215
2.049452072789394
2.004886164091843
2.004886164091843
2.243834643195754
2.1731318133364046
2.5150849518197793
2.278351811711312
2.358938532350277
2.6275092469270165
2.221251836004466
1.971747257128181
2.162368783573502
2.8223401445007736
2.2221915755066783
2.146782221599798
2.4996981431844145
1.8423709931771084
2.2221915755066783
2.692380602454975
1.971747257128181
2.4164997849817107
2.3199730940219747
2.5954618442383217
2.221251836004466
2.239097917988786
1.9508257945180885
2.1179631753145163
2.498929563690935
1.8585552118703144
2.5495234595978324
2.0403733936884962
2.358938532350277
2.5492553971685
2.35274578087187
2.4508257945180882
2.4980775466236413
2.606238928653389
2.319973094021975
1.789929075309999
2.259420773186495
2.2221915755066783
2.0403733936884962
2.2221915755066783
2.0403733936884962
2.4688548967005404
2.4508257945180882
2.5358577759182794
2.0403733936884962
2.2221915755066783
2.696199049814856
2.221251836004466
2.2221915755066783
2.2334585933443494
1.789929075309999
2.396782221599798
2.217021885879718
2.217021885879718
2.221251836004466
2.1280852788913944
2.1815525171888464
1.971747257128181
2.2221915755066783
2.084962500721156
2.353190671338322
2.606238928653389
2.4940954395801547
2.4508257945180882
1.965596230357602
2.5306390622295662
2.521782221599798
2.6424239617719745
2.221251836004466
2.2221915755066783
2.1416195253341384
2.4508257945180882
1.9508257945180885
2.8138461086383852
2.403677461028802
2.108694969562842
2.6556390622295662
2.5226203095310216
1.4591479170272448
2.2516291673878226
2.2221915755066783
2.2892464285091583
2.353533948577482
2.774397470347699
2.469240782172285
2.556656707462823
2.0403733936884962
2.4048053965502025
2.474601752714581
2.2164500133438785
2.6382126960945347
2.0202442071537563
2.2221915755066783
2.2841591278514217
2.2221915755066783
2.2841591278514217
2.2877837199410704
2.4508257945180882
2.2221915755066783
1.4591479170272448
2.2841591278514217
2.058813890331201
2.4416298737872246
2.1280852788913944
2.2841591278514217
1.9591479170272446
1.4591479170272448
1.867633890971212
2.3471967222609034
1.9182958340544896
2.8503281955102464
2.2640447009419025
2.7569491579579046
2.2221915755066783
2.0403733936884962
1.971747257128181
2.390863696857044
2.6384600665861555
2.251629167387823
2.4137995646056805
2.1860635600786074
1.971747257128181
2.146782221599798
2.4164997849817107
2.5566567074628237
2.5871347239049203
2.396782221599798
2.30827083453526
2.4131324651707384
2.167124282150162
2.064042639445697
1.9852281360342514
2.2221915755066783
1.75
1.823067982273661
1.867633890971212
2.2841591278514217
2.25
2.2221915755066783
2.2062389286533897
2.2221915755066783
2.5724312513221195
2.66329080817766
2.4508257945180882
2.403088045919319
2.061423239400896
2.2221915755066783
2.0149798205164813
2.646625048380916
2.5904164936027194
2.555913095175825
2.1878785072265208
2.851773502709612
2.4071453756241565
2.5724312513221195
2.303440295889237
2.249849071592207
2.254447578972094
2.606238928653389
2.345851989338261
2.4508257945180882
1.9591479170272446
2.1416195253341384
2.6535442970305683
2.2221915755066783
2.2841591278514217
2.5917932260774954
2.345984800708026
1.867633890971212
2.1280852788913944
2.2892464285091583
2.0989295636909353
2.1556390622295662
2.0403733936884962
2.4416298737872246
1.3787834934861753
2.606238928653389
1.971747257128181
2.4996981431844145
2.125814583693911
2.353533948577482
2.133937566094917
2.038159681645953
2.822181958642873
2.287783719941071
1.7924812503605778
2.199687794731328
2.125814583693911
1.823067982273661
2.4416298737872246
2.6084585933443494
2.6601297526332575
1.7924812503605778
2.061278124459133
2.4137995646056805
2.6535442970305683
2.4508257945180882
2.2841591278514217
2.60845859334435
1.584962500721156
2.2221915755066783
2.2841591278514217
2.2221915755066783
2.4508257945180882
2.2841591278514217
2.2221915755066783
2.2841591278514217
1.7597755969553879
2.169925001442312
2.123787631456955
2.426292711673635
2.331164445867128
1.971747257128181
2.436278124459133
2.4056390622295662
2.049452072789394
2.403677461028802
2.1055872616982603
2.4137995646056805
2.0116298903693024
2.0403733936884962
2.7199643047423914
2.2841591278514217
2.279799131837405
2.207641875328269
2.2295739585136225
2.2221915755066783
2.522620309531022
2.393547496538899
2.563716987127796
2.2221915755066783
2.221251836004466
2.606238928653389
1.971747257128181
2.1179631753145163
2.263809173883546
2.1556390622295662
1.971747257128181
1.8423709931771086
2.125814583693911
2.145136370153053
1.9609640474436814
2.5274955437916096
2.0588138903312014
2.4996981431844145
2.2221915755066783
2.251629167387823
2.058813890331201
2.4387439204017474
2.8003411555702638
2.9287322712172856
2.353190671338322
2.849903661087114
2.4817062775743133
2.8659573209491747
2.1179631753145163
2.2584598927441624
1.856239255737565
2.879408880983627
2.349601752714581
2.209888638014727
2.038159681645953
2.2221915755066783
2.286275219617124
1.6854752972273344
2.2221915755066783
1.8423709931771084
2.5580510765444573
2.9481852025326014
2.7254805569978675
1.7924812503605778
2.375
2.5032583347756456
2.2221915755066783
2.2221915755066783
2.3935823097180293
1.9508257945180885
2.7777768114567865
2.290560482327802
2.6556390622295662
1.4591479170272448
2.419973094021975
2.4164997849817103
2.349601752714581
2.2221915755066783
2.0403733936884962
2.287783719941071
2.314979820516481
2.2221915755066783
2.9672103113389787
2.4956029237290123
1.971747257128181
2.128085278891394
2.2221915755066783
2.0403733936884962
2.359879028736861
1.4591479170272448
1.4591479170272448
2.5495234595978316
1.955794563623899
2.4508257945180882
2.0403733936884962
2.2221915755066783
1.4591479170272448
2.2877837199410704
2.499698143184414
2.373735909525858
2.1582762715968733
2.8729055953200557
2.4416298737872246
2.4047933024618025
2.606238928653389
2.3395722619867225
2.2221915755066783
2.0403733936884962
2.556656707462823
2.1416195253341384
2.4164997849817103
2.3432578733442675
2.2221915755066783
2.646782221599798
2.2841591278514217
2.606238928653389
2.463458298648303
2.1556390622295662
1.4591479170272446
2.217021885879718
2.276929658423764
2.4575940664411084
2.274397470347699
2.1774212838293643
2.045841640885174
1.9657706741379202
1.8250112108241772
2.6782496563776927
2.063202513215852
2.176376144854926
2.499698143184414
2.353533948577482
2.5733435576217665
2.2221915755066783
1.9877733714879842
2.6520733305110715
2.3954762834797694
2.2877837199410704
2.2584598927441624
2.35274578087187
2.2841591278514217
2.2221915755066783
2.221251836004466
2.1179631753145163
2.2221915755066783
2.2221915755066783
2.0403733936884962
1.789929075309999
2.343257873344267
2.054585169337799
2.2221915755066783
2.53414684380524
2.0403733936884962
2.217021885879718
2.709728948501483
2.128085278891394
2.349601752714581
2.2221915755066783
2.4508257945180882
2.2221915755066783
2.2221915755066783
2.1280852788913944
2.6535442970305683
2.5476013115120564
2.3841837197791884
2.2221915755066783
2.217021885879718
2.2221915755066783
2.4219280948873623
2.6535442970305683
2.125814583693911
2.4508257945180882
2.2221915755066783
2.5871766385828545
2.2988527261581813
2.2221915755066783
2.2983094013008034
2.0182155146751497
2.396782221599798
2.117492461184755
1.4591479170272446
2.606238928653389
2.0403733936884962
2.331802673624286
2.2221915755066783
2.2065442182128785
2.542328989413759
2.1920058354921066
2.4137995646056805
2.474601752714581
2.4961268547517808
2.2221915755066783
2.4676032641022356
2.542482693809728
2.2221915755066783
2.3458519893382603
2.2221915755066783
2.474601752714581
2.692380602454975
2.6292492238560343
2.4508257945180882
2.217021885879718
1.5304930567574826
2.0403733936884962
2.0403733936884962
2.0403733936884962
2.495602923729013
2.4613201402110083
2.6689801450225326
2.378991986900062
2.217021885879718
2.2221915755066783
2.751553777254281
2.125814583693911
2.0403733936884962
2.2221915755066783
2.1556390622295662
2.2221915755066783
2.199687794731328
2.422579761842491
2.2841591278514217
2.2221915755066783
2.0403733936884962
2.2988527261581813
2.4508257945180882
2.349601752714581
2.1916116417513782
2.1280852788913944
2.2221915755066783
2.2221915755066783
2.2221915755066783
2.004886164091843
2.1887870678023824
2.495602923729013
2.4508257945180882
2.0403733936884962
2.004886164091843
2.0762893592941096
2.1812056673346514
2.289246428509158
1.8585552118703144
2.807614948314945
1.8062389286533895
2.0545851693377997
2.2221915755066783
1.971747257128181
2.33012496531497
2.822181958642873
2.390863696857044
2.4508257945180882
2.2221915755066783
1.823067982273661
2.4342685732304794
2.3242764617775697
2.3050365325772657
2.3631695179554337
1.9852281360342514
2.270942421748537
2.641120933813016
2.2456798739466377
2.3458519893382603
2.8443609377704338
2.495602923729013
2.591793226077496
2.499698143184414
2.0403733936884962
2.4679360295889174
2.7187891297819293
2.277865082165957
2.4187229080665604
1.971747257128181
2.221251836004466
2.2221915755066783
2.6535442970305683
2.1416195253341384
1.8394910703001344
2.0202442071537563
1.8879185026711327
2.1473487816330517
2.2221915755066783
2.2219280948873625
2.1171764476037533
2.6401462021681357
2.6535442970305683
2.692380602454975
2.6535442970305683
2.499698143184414
2.4508257945180882
2.499698143184414
2.2221915755066783
2.6062389286533896
1.971747257128181
2.2221915755066783
2.2221915755066783
2.2877837199410704
2.7767248000621203
2.4056390622295662
2.5487949406953985
2.606238928653389
2.2841591278514217
2.472905595320056
2.4508257945180882
2.472905595320056
2.2221915755066783
1.9508257945180885
2.038159681645953
2.2221915755066783
2.373290388425127
2.2221915755066783
1.7841591278514217
2.378991986900062
2.633269689515108
2.4225797618424916
2.4823308920385694
2.38947017294126
2.2221915755066783
2.2221915755066783
2.4225797618424916
2.2221915755066783
2.2221915755066783
2.217021885879718
2.2221915755066783
2.727217001462482
1.855388542207534
2.2841591278514217
2.6535442970305683
2.2221915755066783
2.2221915755066783
2.222191575506678
2.4409159363073085
2.436278124459133
2.4508257945180882
2.038159681645953
1.8423709931771088
2.066448120534135
2.1633347891038204
2.199687794731328
1.8230264907128848
2.263809173883546
2.0403733936884962
2.2221915755066783
2.0
2.2221915755066783
2.411509198419911
2.0403733936884962
2.128085278891394
2.125814583693911
2.2221915755066783
2.53414684380524
2.1280852788913944
2.60845859334435
2.054585169337799
2.60845859334435
2.499698143184414
2.4508257945180882
2.2221915755066783
2.5724312513221195
2.181841744584616
1.9076604601183145
2.504754207737776
2.209896380913838
2.472905595320056
2.0385623360756298
2.0403733936884962
2.034709089239382
2.174609839740997
2.084962500721156
2.25
2.2221915755066783
2.6601297526332575
2.1273877651912745
2.6556390622295662
2.4508257945180882
2.692380602454975
2.499698143184414
2.287783719941071
2.0403733936884962
2.499698143184414
2.521782221599798
2.004886164091843
2.0306390622295662
2.2221915755066783
2.217021885879718
2.365596230357602
2.2221915755066783
2.7045348998193437
2.796387631968019
2.054585169337799
1.867633890971212
2.2841591278514217
2.1280852788913944
2.5577174691301483
2.2221915755066783
2.2221915755066783
2.2221915755066783
2.289246428509158
2.4996981431844145
2.6384600665861555
2.2221915755066783
2.6337314206421327
2.2221915755066783
2.4137995646056805
3.0457685859117083
2.0403733936884962
2.1898980954642875
1.9676533361517463
1.8585552118703144
2.221251836004466
1.9852281360342512
2.2841591278514217
2.3068905956085186
2.791760760239541
2.63108533505809
2.682588730501833
2.349601752714581
2.6535442970305683
2.4508257945180882
2.60845859334435
2.287783719941071
2.1280852788913944
2.4164997849817107
2.2221915755066783
2.2221915755066783
2.125814583693911
2.2627834289765825
2.2221915755066783
2.004886164091843
2.332914563979398
1.789929075309999
2.331766377402127
2.858555211870314
1.9913735870221323
1.823067982273661
2.117492461184755
2.1416195253341384
2.5623333564148303
2.0403733936884962
1.867633890971212
2.2221915755066783
2.2584598927441624
2.4416298737872246
2.0403733936884962
2.5575876602558645
2.0403733936884962
1.789929075309999
2.3531906713383224
2.1382689280764646
1.789929075309999
2.3301249653149703
1.8799649487271108
2.192005835492107
2.1812056673346514
2.217021885879718
2.2221915755066783
2.374556048381884
2.499698143184414
2.495602923729013
2.2841591278514217
2.2221915755066783
2.199687794731328
1.971747257128181
2.049452072789394
2.434250019028106
2.263809173883546
2.4613201402110083
2.33012496531497
2.606238928653389
2.265710144725459
2.682588730501833
2.2221915755066783
2.1426643555488485
2.591793226077496
2.4633891713653018
2.5954618442383217
2.2221915755066783
2.4219280948873623
2.2221915755066783
2.4416298737872246
2.4508257945180882
2.0403733936884962
1.870253816431622
2.350209029099897
2.372094637795624
2.2841591278514217
2.345851989338261
2.199687794731328
2.2062389286533897
2.4729055953200563
2.1492553971684996
2.2841591278514217
2.0274893113295236
1.9609640474436814
2.353533948577482
2.4508257945180882
2.6384600665861555
2.2221915755066783
2.1556390622295662
2.521782221599798
2.2877837199410704
2.2841591278514217
1.9824575106554492
2.4996981431844145
2.646782221599798
2.606238928653389
2.1812056673346514
2.251629167387823
2.002755067189044
2.2610276044371003
2.855953642864355
2.272905595320056
2.0403733936884962
2.904295505112709
1.9991695476615081
2.678896533061686
2.353533948577482
2.1147130311157563
2.367111469779674
2.0989295636909353
2.937693569728646
2.2988252450030506
2.2062389286533897
1.8990149311795161
2.2877837199410704
2.2422921890824146
2.1414460711655217
2.0403733936884962
2.7086126988727126
2.0
2.349601752714581
2.629591329035726
2.2841591278514217
1.971747257128181
2.2221915755066783
2.2221915755066783
2.2841591278514217
2.2841591278514217
2.586887840995814
2.0
1.8250112108241772
2.2221915755066783
2.0403733936884962
2.2221915755066783
2.4305946180235427
2.384083097957089
2.3352000532675046
2.869143654774311
2.2892464285091583
2.60845859334435
2.696199049814856
2.038159681645953
2.5010055510846723
2.2841591278514217
2.835237745312118
1.75
2.1416195253341384
2.2221915755066783
2.48345859334435
2.498929563690935
2.6588718484453606
2.9426831892554914
1.9206250851407773
2.4164997849817103
2.1084585933443494
2.2221915755066783
2.221251836004466
2.106603137064475
1.9248465908964927
2.2221915755066783
2.599581230646064
1.7761624923954853
2.2331239486563654
1.971747257128181
2.2221915755066783
2.491967413403466
2.3199730940219747
2.2841591278514217
2.3187972239850487
2.369696689044702
2.2221915755066783
2.2221915755066783
2.2221915755066783
2.4040097573248596
2.2221915755066783
2.2221915755066783
2.2221915755066783
2.146465798504072
2.2221915755066783
2.2221915755066783
2.2221915755066783
2.4613201402110083
2.199687794731328
2.5172018025827256
2.080500530640267
2.535857775918279
2.591793226077496
1.971747257128181
1.7841591278514217
2.702904337188607
2.1920058354921066
1.9508257945180885
2.2724876891689534
2.326011518271973
2.0588138903312014
2.213528810227645
2.3166905114985132
2.3220847276178658
2.6021756215960634
2.128085278891394
2.4693609377704338
2.560031023317541
1.971747257128181
2.6714143772144094
2.0403733936884962
1.789929075309999
2.495838938745422
2.2313802283910613
2.5967916319816364
2.2841591278514217
2.1577174691301484
2.390863696857044
2.058813890331201
2.2221915755066783
2.084962500721156
1.8585552118703144
2.448317235933938
2.36307418942857
2.7352828720530686
2.2221915755066783
2.349601752714581
2.1607047528877827
2.4508257945180882
2.263809173883546
2.1967916319816365
2.48345859334435
2.234201009820717
2.396782221599798
2.128085278891394
2.5100564603565387
2.206238928653389
2.0403733936884962
2.6535442970305683
2.125814583693911
2.6384600665861555
2.3522170014624826
2.1280852788913944
2.4508257945180882
2.125814583693911
2.2221915755066783
2.4225797618424916
2.2221915755066783
2.2221915755066783
2.5492553971685004
2.2841591278514217
1.971747257128181
2.73345859334435
2.9492750707107125
2.004886164091843
2.2221915755066783
2.2221915755066783
2.0403733936884962
1.8423709931771088
2.218846363733215
2.221251836004466
2.436278124459133
2.217021885879718
2.2221915755066783
2.2221915755066783
2.2221915755066783
2.1464393446710157
2.2841591278514217
2.2221915755066783
2.855953642864355
2.4508257945180882
2.8104469014038256
2.591793226077496
2.2221915755066783
2.220068302234069
2.4137995646056805
2.2221915755066783
2.353533948577482
2.1887870678023824
1.9877733714879842
1.971747257128181
2.2221915755066783
2.2221915755066783
2.0403733936884962
1.971747257128181
2.463458298648303
2.0403733936884962
2.2221915755066783
2.4056390622295662
2.1916116417513782
2.0403733936884962
1.8423709931771084
2.054585169337799
2.378991986900062
2.8697379727293746
2.629249223856034
2.2252748326658103
2.2221915755066783
2.4508257945180882
2.2626923908396215
1.9211796919474975
2.2877837199410704
1.7295739585136223
2.199687794731328
2.6556390622295662
2.7254805569978675
2.130926080730337
2.2841591278514217
2.5226203095310216
2.288019280279689
2.030211950247993
2.2810361125534233
2.2841591278514217
2.4613201402110083
2.495461844238322
2.0393538721672004
2.2221915755066783
1.7841591278514217
2.0403733936884962
2.199687794731328
2.6384600665861555
2.2758361633051263
2.2309943059178585
2.004886164091843
1.8423709931771084
2.049452072789394
2.4980775466236413
1.7924812503605778
2.2221915755066783
2.4508257945180882
2.404112416233538
2.2232196723355075
2.199687794731328
1.9877733714879842
2.4508257945180882
2.4584538292330587
2.219973094021975
2.0741647430225756
2.358938532350277
2.4137995646056805
2.1556390622295662
2.5566567074628237
2.4137995646056805
2.2221915755066783
2.4508257945180882
2.498077546623641
2.049452072789394
2.128085278891394
2.0588138903312014
2.4508257945180882
2.2221915755066783
2.270942421748537
2.2221915755066783
2.004886164091843
2.082844192260058
2.2635392026682686
2.1414460711655217
2.4996981431844145
2.4416298737872246
2.1464657985040723
2.217021885879718
1.971747257128181
2.3527457808718695
2.004886164091843
2.353533948577482
2.774397470347699
2.004886164091843
2.004886164091843
2.4187229080665604
2.7813172094432987
2.5785519909913264
2.359879028736861
2.7527152789797045
2.2221915755066783
1.867633890971212
2.0403733936884962
2.2221915755066783
2.2221915755066783
2.584962500721156
2.054585169337799
2.0047476376636353
2.5498550315128585
2.2221915755066783
2.8697379727293746
2.3584585933443494
2.125814583693911
2.0048861640918427
2.4416298737872246
2.472905595320056
2.54595859334435
1.823067982273661
2.5995812306460646
2.1280852788913944
2.6556390622295662
2.2841591278514217
2.2221915755066783
1.9877733714879842
2.2221915755066783
2.1280852788913944
2.556656707462823
1.9852281360342516
2.133937566094917
2.038159681645953
2.0403733936884962
2.2221915755066783
2.646782221599798
2.148834854280917
1.9591479170272446
2.4996981431844145
2.473851389610045
2.260964047443681
2.499698143184414
2.217021885879718
2.2221915755066783
2.2221915755066783
2.2841591278514217
2.2221915755066783
2.353533948577482
2.0403733936884962
2.2221915755066783
1.9877733714879842
2.422579761842491
2.0403733936884962
2.2221915755066783
2.2841591278514217
2.2841591278514217
2.2841591278514217
2.2221915755066783
2.0403733936884962
2.2221915755066783
1.854285871987246
2.4996981431844145
1.789929075309999
2.60845859334435
2.0403733936884962
2.0849625007211565
2.0349409139562287
2.563716987127796
1.8250112108241772
2.5239860659612976
2.125814583693911
2.7045348998193437
1.867633890971212
2.038159681645953
2.1920058354921066
2.0403733936884962
2.771053324039869
2.347312051491349
2.606238928653389
2.2221915755066783
2.1416195253341384
2.521782221599798
2.831211951899938
2.2806390622295662
3.288442381314793
2.1967916319816365
2.0403733936884962
2.5341468438052397
2.2877837199410704
2.2062389286533897
2.4885548621928453
1.8423709931771084
2.2825887305018333
2.2221915755066783
1.9488106104538119
1.8322628970242685
2.1280852788913944
2.4508257945180882
2.692380602454975
2.004886164091843
2.3458519893382603
2.1174924611847548
2.4508257945180882
2.458453829233059
2.2221915755066783
2.467125158510302
2.0403733936884962
2.287783719941071
2.2221915755066783
2.2877837199410704
2.2221915755066783
2.5785519909913264
2.287783719941071
2.25
2.2221915755066783
2.128085278891394
2.542482693809728
2.3491999393493437
2.2058011089873357
2.2841591278514217
2.1231991154262255
2.927580841767462
2.606238928653389
2.4508257945180882
2.6384600665861555
2.4729055953200563
2.345851989338261
2.054585169337799
2.5341468438052397
2.4508257945180882
2.6292492238560343
2.7777768114567865
2.2544475789720946
2.262362377388257
2.084962500721156
2.7742433029172693
2.3577174691301486
1.9301249653149701
2.4056390622295662
2.0349409139562287
2.181205667334651
2.4416298737872246
2.1800365325772657
2.2221915755066783
2.4834585933443494
2.5282129458410014
2.4508257945180882
2.2221915755066783
2.004886164091843
2.499698143184414
2.2221915755066783
2.117492461184755
2.353533948577482
2.406666316740689
2.116299605701696
2.0403733936884962
1.971747257128181
2.2221915755066783
2.3598063039211006
2.60845859334435
2.692380602454975
2.2221915755066783
2.2221915755066783
2.2841591278514217
2.223219672335508
2.378991986900062
2.7045348998193437
2.0403733936884962
2.6535442970305683
2.6535442970305683
2.004886164091843
2.2221915755066783
2.2221915755066783
2.0403733936884962
2.2221915755066783
1.8423709931771084
2.1174924611847548
2.1280852788913944
2.0403733936884962
2.0403733936884962
1.971747257128181
2.2312702546075758
2.8522170014624826
1.584962500721156
2.2221915755066783
2.221251836004466
2.436278124459133
2.5067761451899564
2.4305946180235427
2.5424826938097276
2.7153266987718085
1.867633890971212
2.2724994555866935
2.4137995646056805
2.349601752714581
2.4577174691301487
2.499698143184414
2.595461844238322
2.4159220638351666
2.33012496531497
2.0403733936884962
2.221251836004466
2.2339979078388272
3.007048827786958
2.422579761842491
2.0461796919474975
2.4416298737872246
2.389925827319211
2.2232196723355075
2.5492553971685004
2.2221915755066783
2.004886164091843
2.2841591278514217
2.2841591278514217
2.128085278891394
2.1416195253341384
2.221251836004466
2.270942421748537
2.424835634986198
2.2221915755066783
2.229787949933591
2.4236384809795335
2.1920058354921066
2.682588730501833
1.9712445533940892
2.350209029099897
2.0048861640918427
2.6689801450225326
2.2221915755066783
2.6689801450225326
2.2221915755066783
2.2877837199410704
2.5724312513221195
2.2221915755066783
2.692380602454975
2.4996981431844145
1.823067982273661
2.049452072789394
2.6384600665861555
2.263809173883546
2.2221915755066783
2.090246595077976
2.0545851693377997
2.549855031512858
2.004886164091843
2.4137995646056805
2.224601752714581
2.353533948577482
2.128085278891394
1.8149907966843795
2.179236536168279
2.2614763188173717
2.495602923729013
2.4806821149663847
2.646782221599798
2.43988208394126
1.8423709931771086
1.75
2.521782221599798
2.004886164091843
2.9127701002209303
2.2841591278514217
2.406666316740689
2.054585169337799
2.2841591278514217
2.750961982762677
1.992778107459939
2.353533948577482
2.2221915755066783
2.373735909525858
2.369432036254818
2.353533948577481
2.349601752714581
2.2221915755066783
2.4416298737872246
2.499698143184414
2.2221915755066783
2.7742433029172693
2.0403733936884962
2.6416041678685938
2.1416195253341384
2.4137995646056805
1.8262452584026092
2.2221915755066783
2.2221915755066783
2.2221915755066783
2.5724312513221195
2.2221915755066783
2.0741647430225756
2.4633891713653018
2.353533948577482
2.172837249931209
2.1060480954183274
2.2221915755066783
2.392277173072062
2.359879028736861
2.125814583693911
2.7936638222092123
2.2221915755066783
2.2398947777165885
2.0
2.709070294730997
2.054585169337799
2.038159681645953
2.3720061248966804
2.273728829005326
2.1416195253341384
2.270942421748537
2.469240782172285
1.7219280948873623
2.2221915755066783
2.058813890331201
2.2221915755066783
2.2841591278514217
2.365596230357602
2.067130688335406
2.217021885879718
2.406666316740689
2.445602520447877
2.606238928653389
2.60845859334435
1.936278124459133
2.292481250360578
2.591793226077496
2.2221915755066783
2.2221915755066783
2.2544475789720946
2.4531150055728594
2.208196592277087
2.3395722619867225
2.218437210664321
2.215356348561749
2.1416195253341384
2.07173502713817
2.409233310722969
2.6062389286533896
2.648413895911617
2.128085278891394
2.7702834614222893
2.0597218324096134
2.004886164091843
2.4508257945180882
2.7504149441357186
2.4387439204017474
2.48345859334435
2.0403733936884962
2.2221915755066783
2.271782221599798
2.6535442970305683
2.6337314206421327
2.2221915755066783
2.2221915755066783
2.251629167387823
2.2221915755066783
2.049452072789394
2.5306390622295662
2.692380602454975
1.971747257128181
1.9182958340544896
2.0403733936884962
1.9182958340544896
2.556656707462823
2.6411209338130157
1.7924812503605778
2.125814583693911
1.7924812503605778
2.0048861640918427
2.2342261536090273
2.48345859334435
2.6535442970305683
2.1999793267164867
1.789929075309999
2.199687794731328
2.1800365325772657
2.3908636968570445
2.2988252450030506
1.971747257128181
1.789929075309999
2.5313293132601515
2.959147917027245
2.2221915755066783
2.8242421435901566
2.2221915755066783
2.4508257945180882
2.2221915755066783
2.2221915755066783
2.0403733936884962
1.971747257128181
2.4508257945180882
2.2841591278514217
2.2221915755066783
2.2221915755066783
2.606238928653389
2.352217001462482
2.2221915755066783
2.3220847276178658
2.5
2.0349409139562287
1.9751060324573733
2.641120933813016
2.373735909525858
2.684017280829845
2.2221915755066783
2.331766377402127
2.1054105870684143
2.9307501784370427
2.260820318171659
2.0650464172773457
2.5032583347756456
2.2221915755066783
2.2221915755066783
2.199687794731328
1.8826576506758013
2.7806390622295662
2.495602923729013
2.004886164091843
2.5785519909913264
2.2841591278514217
2.2841591278514217
2.270942421748537
2.217021885879718
2.4137995646056805
2.774397470347699
2.2062389286533897
2.4508257945180882
2.2221915755066783
2.2221915755066783
2.004886164091843
2.606238928653389
2.0403733936884962
2.251629167387823
2.4508257945180882
2.5504241080832215
2.360964047443681
2.2221915755066783
2.6535442970305683
2.2841591278514217
2.696199049814856
2.692380602454975
2.075869296697727
2.5219280948873624
1.823067982273661
2.0403733936884962
1.8250112108241772
2.1920058354921066
2.021782221599798
2.3627402784989338
2.7232156925345845
2.004886164091843
2.0403733936884962
1.971747257128181
2.0403733936884962
1.9182958340544896
2.0403733936884962
2.52473261568954
2.1339375660949167
2.0241709172096183
2.0550365325772657
2.2983094013008034
2.004886164091843
2.004886164091843
1.818140640863388
1.9182958340544896
1.9461025028382961
2.4416298737872246
2.004886164091843
2.2221915755066783
2.7723683589017414
2.004886164091843
2.343767422366671
2.2256108145207376
2.2221915755066783
2.6084585933443494
2.2544475789720946
2.2841591278514217
2.499698143184414
2.4137995646056805
2.1920058354921066
2.1464657985040723
1.867633890971212
2.6384600665861555
2.4606057799537933
2.2221915755066783
2.004886164091843
2.7493896755123957
2.7842235645269646
2.292481250360578
2.0545851693377997
2.2221915755066783
2.2221915755066783
2.289432036254818
1.7381493331928664
2.060262039120377
2.2841591278514217
2.359879028736861
2.0107919747790985
2.1499481955839452
2.4508257945180882
2.4996981431844145
1.9508257945180885
2.054585169337799
2.33012496531497
2.4137995646056805
2.2221915755066783
2.5967916319816364
2.692380602454975
1.867633890971212
2.713216235691139
1.971747257128181
2.606238928653389
2.5648946982277594
2.2841591278514217
2.4692407821722844
2.049452072789394
2.2221915755066783
2.9349216747318407
2.48345859334435
2.2516291673878226
1.971747257128181
2.127986806877675
2.495602923729013
2.606238928653389
2.645054798865899
2.2221915755066783
2.378991986900062
2.48345859334435
2.6337314206421327
2.110625918002233
2.2221915755066783
2.353190671338322
1.7924812503605778
2.3695710038552735
2.73345859334435
2.217021885879718
2.0634582986483037
2.353810979580011
2.4508257945180882
2.1280852788913944
2.931951170723705
2.0
2.2221915755066783
2.4164997849817103
1.9182958340544896
2.4416298737872246
2.882588730501834
2.37262672040694
2.0403733936884962
2.665885150264076
2.761540688940105
2.395461844238322
2.004886164091843
2.2221915755066783
2.125814583693911
2.2221915755066783
2.353533948577482
2.1280852788913944
2.8004097268609884
2.73345859334435
1.971747257128181
2.0403733936884962
2.1812056673346514
2.2221915755066783
2.1904610379903224
2.6047923702264693
2.6531071683628116
2.048542139499064
2.2983094013008034
2.197338796187554
1.971747257128181
2.179350202453772
2.2841591278514217
2.7294688696510314
2.091440741278728
2.2945199082544616
2.045841640885174
2.3789919869000626
2.0119209285947934
2.2221915755066783
1.9056390622295665
2.2221915755066783
2.3220847276178658
2.0403733936884962
2.058813890331201
2.5306390622295662
2.8826633221915623
2.0403733936884962
2.217021885879718
2.270942421748537
2.2221915755066783
2.2627834289765825
2.1920058354921066
2.004886164091843
2.004886164091843
1.867633890971212
2.359879028736861
2.556656707462823
2.5559130951758244
2.2221915755066783
2.2068997823028402
2.279799131837405
2.422579761842491
1.8423709931771084
2.4508257945180882
2.2988252450030506
2.2841591278514217
2.353533948577482
2.2221915755066783
2.4137995646056805
2.0403733936884962
2.60623892865339
2.004886164091843
2.2841591278514217
2.2221915755066783
2.4225797618424916
2.2841591278514217
2.738552853578734
2.0048861640918427
2.887210311338979
2.038159681645953
2.2221915755066783
2.4996981431844145
2.353533948577482
2.378991986900062
2.3526429155709625
2.406666316740689
2.1800365325772657
2.392277173072062
2.2221915755066783
2.117492461184755
2.4806821149663842
1.971747257128181
2.345851989338261
2.049452072789394
1.789929075309999
2.4577174691301487
2.358938532350277
2.0403733936884962
2.4956029237290123
2.278351811711312
3.1536388583958286
2.0403733936884962
2.4792336948111924
2.4996981431844145
2.247224320061398
2.0
2.2221915755066783
1.836591668108979
1.584962500721156
2.2221915755066783
2.499698143184414
2.260820318171659
2.2221915755066783
2.0419460322060456
1.8423709931771086
2.499698143184414
2.1060480954183274
2.473851389610045
2.905332349584247
2.319973094021975
2.2221915755066783
1.971747257128181
2.199687794731328
2.693962690485015
2.2841591278514217
1.8734936758692482
2.0403733936884962
2.4115091984199104
2.3432578733442675
2.350209029099897
2.3577174691301486
2.054585169337799
1.965596230357602
2.3928712980591227
1.9713352853069812
2.365596230357602
2.2269282022656633
2.5410194462072706
1.9056390622295665
1.5477597638789775
2.038159681645953
2.4508257945180882
2.5785519909913264
1.6401551292947045
1.5566567074628228
1.9523612813926658
2.045841640885174
2.6220127943984863
2.4508257945180882
2.545132380702466
2.6535442970305683
1.789929075309999
2.004886164091843
2.660129752633257
2.1280852788913944
2.60845859334435
2.3935474965388988
2.125814583693911
2.147579547379508
2.156391117255842
2.5498550315128585
2.1812056673346514
2.0403733936884962
2.6143694458867563
2.2221915755066783
1.9056390622295665
2.2062389286533897
1.867633890971212
2.524397470347699
2.403677461028802
2.5306390622295662
1.9508257945180885
2.249849071592207
2.5104156397340547
2.60845859334435
3.021390480339985
2.2221915755066783
2.24173085589259
2.576872577936556
2.4056390622295662
1.950212064914747
1.9037016960573483
2.261028644813923
2.473851389610045
2.789015477886193
2.3220847276178658
2.4066470977859256
2.41379956460568
2.2221915755066783
2.2221915755066783
2.464796459116644
2.353533948577482
2.224601752714581
2.038159681645953
2.4834585933443494
1.9999397408886073
2.406666316740689
2.4164997849817107
2.3843641434371503
2.8165565243683157
1.971747257128181
2.2221915755066783
2.33012496531497
2.5731433895058125
2.4370658315190226
2.2221915755066783
2.523986065961297
2.6084585933443494
2.2221915755066783
1.7841591278514217
1.9508257945180885
2.004886164091843
2.2221915755066783
2.5559130951758244
1.9211854965885542
2.0403733936884962
2.2221915755066783
2.4508257945180882
2.499698143184414
1.789929075309999
2.499698143184414
2.251629167387823
1.811278124459133
2.3935474965388988
2.4508257945180882
2.649397470347699
2.353533948577482
2.4613201402110083
2.4996981431844145
1.971747257128181
2.278351811711312
2.3220847276178658
2.2221915755066783
2.2817276788697365
1.8988934941577413
2.1671242821501617
2.256564762130954
2.005890555285223
2.6556390622295662
2.2221915755066783
2.130926080730337
2.199687794731328
2.396782221599798
2.9398290174664026
2.822181958642873
2.1577174691301484
2.828781483140605
2.646782221599798
2.651793902628769
2.5967916319816364
2.0403733936884962
2.4508257945180882
2.359879028736861
2.4508257945180882
2.125814583693911
2.0403733936884962
2.7229414447519296
2.2221915755066783
1.7924812503605778
2.4996981431844145
2.2221915755066783
2.5048003829823355
2.4508257945180882
2.311278124459133
2.049104007471253
1.9852281360342514
2.0403733936884962
2.2221915755066783
2.3068905956085186
2.221251836004466
2.2221915755066783
2.692380602454975
2.292481250360578
2.4996981431844145
2.2806390622295662
2.2221915755066783
2.004886164091843
2.5306390622295662
1.971747257128181
2.2221915755066783
2.2221915755066783
2.563716987127796
2.278351811711312
2.4508257945180882
2.4137995646056805
2.0403733936884962
2.4508257945180882
2.221251836004466
2.4508257945180882
2.4508257945180882
2.2065176669505213
2.4954618442383216
2.0349409139562287
2.2900153157158187
2.7345299214394703
2.4996981431844145
2.064042639445697
2.503258334775645
3.1290924615772493
2.3253314601288055
2.2221915755066783
1.789929075309999
2.443277876043972
2.2221915755066783
2.2075187496394224
2.1179631753145163
2.5386820322861916
2.5577174691301483
2.263809173883546
2.521782221599798
2.133937566094917
2.2221915755066783
2.9469273276632184
2.6750849518197795
2.1209520310264036
2.054585169337799
1.9182958340544896
2.1280852788913944
2.6500224216483543
2.4508257945180882
2.1416195253341384
2.4137995646056805
2.4508257945180882
1.9746017527145814
1.9830841641434374
2.310281040396229
2.004886164091843
2.5559130951758244
1.7924812503605778
2.1280852788913944
2.6084585933443494
1.8250112108241772
2.5559130951758244
3.0125932148315044
1.823067982273661
1.823067982273661
2.1581047637021826
2.3935474965388988
2.563716987127796
2.4047933024618025
2.1416195253341384
2.53414684380524
1.8423709931771084
3.0424812503605785
2.614369445886757
2.8563273196138375
1.8365916681089791
2.2221915755066783
2.1280852788913944
2.4508257945180882
2.2389205950315936
2.4996981431844145
2.395461844238322
2.4508257945180882
2.390863696857044
2.5492553971685
2.127986806877675
2.4416298737872246
2.60845859334435
2.0192365361682794
2.3010705524843864
2.52473261568954
2.546631615393778
2.206238928653389
2.0741647430225756
1.867633890971212
2.2221915755066783
2.2841591278514217
2.692380602454975
2.1784857337562045
2.4922031072054134
2.4975561886950164
2.6825887305018328
2.4300365325772657
2.4137995646056805
2.2841591278514217
2.801403674559761
2.2221915755066783
2.221251836004466
2.1767669742887406
2.359879028736861
2.692380602454975
2.2841591278514217
2.2221915755066783
2.004886164091843
1.95749456437641
2.016607236652586
1.879276964417239
1.9712467880070792
2.415908195840221
2.495602923729013
2.084962500721156
2.7806390622295662
1.855388542207534
2.292481250360578
2.460904932167797
2.2892464285091583
1.8676338909712125
2.2109736165067546
2.5609640474436812
1.8423709931771084
1.971747257128181
2.2221915755066783
2.270942421748537
2.33687503429001
2.4137995646056805
2.360964047443681
2.0632025132158516
2.0403733936884962
2.2221915755066783
2.4972007752509273
1.7884504573082893
2.5580510765444573
2.278351811711312
2.4137995646056805
1.9473387961875537
2.2841591278514217
2.959147917027245
2.1733990080130883
2.2221915755066783
2.4416298737872246
2.549855031512858
2.8014036745597606
2.654255313215029
2.0403733936884962
2.2221915755066783
2.3220847276178658
2.292481250360578
2.808454330929234
2.472905595320056
2.2841591278514217
2.125814583693911
2.199687794731328
2.6556390622295662
1.7841591278514217
1.7841591278514217
2.2221915755066783
2.635654874427409
2.8659077107377704
2.5341468438052397
2.1108151377048765
2.3943185978446917
3.0335136948917967
2.2221915755066783
2.4584538292330587
2.4508257945180882
1.823067982273661
2.497341990873056
2.058813890331201
2.2841591278514217
2.2806390622295662
2.021782221599798
2.2221915755066783
2.4956029237290123
1.9508257945180885
2.353533948577482
1.8423709931771088
2.606238928653389
1.8166422780956524
1.5566567074628228
2.125814583693911
2.0349409139562287
2.3220847276178658
2.2221915755066783
2.4508257945180882
2.084962500721156
2.2221915755066783
2.457717469130148
2.551514870862883
2.0403733936884962
2.0403733936884962
2.2221915755066783
2.5559130951758244
1.584962500721156
2.433206219346495
2.0060603254083382
2.1678745879098806
1.836591668108979
2.2221915755066783
2.054585169337799
2.2221915755066783
2.054585169337799
2.2359263506290326
2.192005835492107
2.0180987862552597
2.440404017720928
2.2221915755066783
2.2221915755066783
2.436278124459133
2.2221915755066783
2.6625782147358086
2.125814583693911
2.072905595320056
2.4416298737872246
2.3458519893382603
2.0403733936884962
2.004886164091843
2.2841591278514217
1.789929075309999
2.221251836004466
2.2256051990169436
2.1280852788913944
2.5550365325772657
2.4508257945180882
1.971747257128181
2.075869296697727
2.2221915755066783
2.251629167387823
2.0403733936884962
2.0458416408851736
2.2221915755066783
1.971747257128181
2.049452072789394
2.1149798205164814
1.9407383710208592
1.8423709931771088
2.7841591278514217
2.225610814520738
2.128085278891394
2.054585169337799
2.440404017720928
2.725480556997868
2.345851989338261
2.292481250360578
2.0403733936884962
2.2974533091219693
2.4508257945180882
2.499698143184414
2.2221915755066783
2.0403733936884962
2.363834637305404
2.7036648350297985
2.063458298648303
2.727217001462482
2.6084585933443494
2.3301249653149703
2.6535442970305683
2.606238928653389
2.148834854280917
2.125814583693911
2.359879028736861
2.2841591278514217
1.8423709931771084
2.289246428509158
2.038159681645953
2.1280852788913944
2.3311644458671283
2.7387831059333445
2.0403733936884962
2.374556048381884
1.8879185026711327
1.8352377453121174
2.8028416701725325
2.004886164091843
1.7924812503605778
2.4416298737872246
2.0989295636909353
2.2841591278514217
2.474601752714581
2.6416041678685938
2.3395722619867225
2.6881020701914804
2.2221915755066783
2.353533948577482
2.6048074635028677
2.8251884521423976
1.9698110652780971
1.867633890971212
1.9677201004744993
2.1416195253341384
2.3577174691301486
2.221251836004466
1.9015064025015063
1.7924812503605778
2.2221915755066783
2.422579761842491
2.2221915755066783
1.971747257128181
2.2221915755066783
2.3232196723355076
2.5272077403659856
2.347312051491349
2.1842612638641032
2.125814583693911
2.325331460128806
2.873221296687272
2.4584538292330587
2.002755067189044
1.9852281360342514
2.260820318171659
2.5355442370034194
2.5830096692297415
2.2221915755066783
2.153291231890481
1.910070009351029
2.33012496531497
2.73345859334435
1.971747257128181
2.0403733936884962
2.4729055953200563
2.004886164091843
1.7082851853368157
2.2221915755066783
3.1654405311941547
2.523986065961297
2.1113953398698984
2.2221915755066783
1.971747257128181
2.217021885879718
2.4137995646056805
2.2221915755066783
2.0403733936884962
2.125814583693911
2.3134597501718237
2.3627402784989338
2.3308442812140955
2.125814583693911
2.5487949406953985
2.2221915755066783
2.725480556997868
2.851227480952956
2.8200972776726063
2.822181958642873
2.5580510765444573
2.1464393446710153
2.495602923729013
2.251629167387823
2.35274578087187
2.35274578087187
2.084962500721156
1.7735572622751854
2.5073801024236357
2.2221915755066783
2.2783518117113117
2.166457281989699
1.9653059184883495
2.349601752714581
2.585827939143041
2.4996981431844145
2.120952031026403
2.2221915755066783
2.353533948577482
2.1774212838293647
2.725323664419641
2.1556390622295662
2.2221915755066783
2.472905595320056
2.0403733936884962
2.125814583693911
2.350209029099897
2.2232196723355075
2.4613201402110083
2.4416298737872246
1.7841591278514217
2.278351811711312
2.349601752714581
2.2221915755066783
2.4508257945180882
2.313459750171824
2.2221915755066783
1.971747257128181
2.390863696857044
1.8423709931771084
2.199687794731328
2.2221915755066783
2.372094637795624
2.2221915755066783
2.2221915755066783
2.2221915755066783
2.2221915755066783
2.125814583693911
2.221251836004466
1.789929075309999
2.217021885879718
2.4137995646056805
2.217021885879718
1.971747257128181
2.117492461184755
2.221251836004466
2.221251836004466
2.295461844238322
2.0403733936884962
2.2877837199410704
2.2221915755066783
2.2221915755066783
2.004886164091843
2.225610814520738
2.221251836004466
2.221251836004466
2.0403733936884962
2.343257873344267
1.971747257128181
2.125814583693911
2.2221915755066783
1.789929075309999
2.2221915755066783
2.440404017720928
2.2221915755066783
2.0403733936884962
1.9609640474436814
2.2221915755066783
2.2221915755066783
2.2221915755066783
1.971747257128181
2.463458298648303
2.2221915755066783
2.0403733936884962
2.410944097763089
3.2088840705376356
2.2221915755066783
2.4014473774842418
1.914341183612352
2.2684727516311214
2.395461844238322
2.2221915755066783
2.123219672335508
2.353533948577482
2.668980145022532
2.2221915755066783
2.2221915755066783
2.2221915755066783
1.7924812503605778
2.2221915755066783
1.971747257128181
2.2221915755066783
2.0403733936884962
2.353533948577482
2.406666316740689
2.038159681645953
2.2221915755066783
2.2221915755066783
2.521782221599798
2.1559681021459083
2.2569089895583545
1.9182958340544896
2.2877837199410704
1.971747257128181
2.4237949406953985
2.325331460128806
2.4662478973127313
2.2221915755066783
2.004886164091843
2.1174924611847548
2.4508257945180882
2.004886164091843
2.279799131837405
2.2221915755066783
2.345851989338261
2.3319805666410693
2.5306390622295662
2.2221915755066783
2.499389675512395
2.35274578087187
1.949137865273585
2.0403733936884962
2.4056390622295662
2.004886164091843
2.2221915755066783
2.2221915755066783
2.195461844238322
2.2221915755066783
2.499698143184414
1.7924812503605778
2.2841591278514217
1.823067982273661
2.4584538292330587
2.457717469130148
2.0403733936884962
2.2221915755066783
2.856653212780931
2.4056390622295662
2.5495234595978316
2.345851989338261
2.2221915755066783
2.0403733936884962
2.633166319985311
2.217021885879718
2.076212724972146
2.4192407046368487
2.2877837199410704
2.1464657985040723
2.4508257945180882
2.0872520915136796
2.0403733936884962
2.2130922387927416
1.855388542207534
2.2221915755066783
2.251629167387823
1.9503620107567028
2.2221915755066783
2.058813890331201
2.452882292327726
2.3655962303576015
2.2810361125534238
2.145136370153053
1.7273966735744792
2.208196592277087
1.9609640474436814
2.0989295636909353
2.0403733936884962
2.1234786725698864
2.2737288290053255
2.5709975841806645
2.2221915755066783
2.2841591278514217
2.221251836004466
1.4488156357251847
2.4996981431844145
2.4996981431844145
2.1920058354921066
2.2221915755066783
2.1967916319816365
2.606238928653389
2.063458298648303
2.289246428509158
1.7878882177314028
1.6836669557683015
2.5358577759182794
1.75
2.378991986900062
2.319973094021975
2.6282129458410015
2.2841591278514217
2.5577174691301483
2.2221915755066783
2.008694969562842
1.971747257128181
2.621453929386603
2.3054353575929514
2.164889451733241
2.6019115303359346
2.2815101887362594
2.3124017726171817
1.9949490477321439
2.8817276788697366
2.1684656711105887
2.458453829233059
2.692380602454975
2.0634582986483037
2.2221915755066783
2.424835634986198
2.2221915755066783
2.2221915755066783
2.6556390622295662
2.4137995646056805
2.2221915755066783
2.221251836004466
2.2877837199410704
2.2221915755066783
2.120952031026403
1.8352377453121174
2.2684727516311214
1.7924812503605778
2.4508257945180882
2.2221915755066783
2.458453829233059
2.208196592277087
2.4225797618424916
2.556656707462823
2.2221915755066783
1.896240625180289
2.2841591278514217
2.4729055953200563
2.7008257945180887
2.4164997849817107
2.563181944712821
1.7527152789797045
2.054585169337799
2.7481990432730794
2.495602923729013
2.319973094021975
2.4494320362548176
2.4508257945180882
2.217021885879718
2.463458298648303
2.5495234595978324
2.6535442970305683
1.8423709931771084
2.2841591278514217
2.084962500721156
2.128085278891394
2.049452072789394
2.2221915755066783
2.651793902628769
2.651793902628769
2.2221915755066783
2.2221915755066783
2.646782221599798
2.4863286677871854
2.84902557364365
2.6384600665861555
2.176908169168578
2.687323068474994
2.4104288292891485
2.271782221599798
2.4961268547517808
2.4416298737872246
2.4508257945180882
2.216521698179525
2.146782221599798
2.556656707462823
2.2641986055166012
2.125814583693911
2.3308442812140955
1.9508257945180885
2.217021885879718
2.0403733936884962
1.781937063546704
2.403677461028802
1.9746017527145812
2.0
2.0403733936884962
2.521782221599798
2.4996981431844145
2.614369445886757
2.2841591278514217
2.196138586536031
2.270942421748537
2.5566567074628237
2.054585169337799
2.744842531753244
2.289246428509158
2.521782221599798
2.2221915755066783
2.7483733344003456
2.651793902628769
2.470464444774634
1.8423709931771088
2.4508257945180882
2.049452072789394
2.004886164091843
2.2221915755066783
2.041879348301129
1.8062389286533895
2.004886164091843
2.73345859334435
2.199687794731328
2.419973094021975
2.2988252450030506
2.1556390622295662
1.9508257945180885
1.584962500721156
2.199687794731328
2.3050365325772657
2.125814583693911
1.4591479170272446
2.221251836004466
2.5785519909913264
2.2221915755066783
2.4237949406953985
2.2841591278514217
2.634563091612204
2.0403733936884962
2.2221915755066783
2.5239860659612976
2.0588138903312014
2.350209029099897
2.4508257945180882
2.368626181738004
2.251629167387823
2.130926080730337
2.5341468438052397
2.2724876891689534
1.7841591278514217
2.2221915755066783
2.5637169871277954
2.4115091984199104
2.5492553971685
2.004886164091843
2.1280852788913944
2.2221915755066783
2.345851989338261
2.4613201402110083
2.004886164091843
2.054585169337799
2.4508257945180882
2.349601752714581
2.128085278891394
2.556656707462823
2.6825887305018328
2.396782221599798
2.2221915755066783
2.2221915755066783
2.6689801450225326
2.374556048381884
2.074164743022575
1.8423709931771084
2.295461844238322
2.353533948577482
2.2221915755066783
1.7924812503605778
2.1280852788913944
2.270942421748537
2.4508257945180882
2.2221915755066783
2.0403733936884962
2.1280852788913944
2.4508257945180882
2.0403733936884962
2.038159681645953
2.4508257945180882
2.2221915755066783
2.206238928653389
2.3232196723355076
2.0482659290207836
2.731419306105986
2.521782221599798
2.2221915755066783
2.5341468438052397
2.35274578087187
2.2031725049326587
2.692380602454975
2.591793226077496
3.0509399759249436
2.2221915755066783
2.353533948577482
2.5510403333737894
2.7988599498251947
2.0588138903312014
2.219973094021975
1.4591479170272448
2.1280852788913944
2.4508257945180882
2.189286976197688
1.971747257128181
1.9609640474436811
2.48345859334435
2.263809173883546
2.774740140113749
2.6380059710789405
2.563716987127796
2.2081965922770874
1.965596230357602
2.0403733936884962
2.2221915755066783
2.4508257945180882
2.4508257945180882
2.084962500721156
2.4508257945180882
2.2841591278514217
2.004886164091843
2.350209029099897
2.263809173883546
2.2841591278514217
2.422579761842491
2.0048861640918427
2.5495234595978324
2.0985798617120746
2.1339375660949167
2.077235445408308
2.7395722619867224
2.0403733936884962
1.7527152789797045
2.0
2.270942421748537
2.2841591278514217
2.345851989338261
2.291620193427939
2.477217001462482
2.1280852788913944
2.3053206513329316
2.2585728843419157
2.2841591278514217
2.353533948577482
2.3942811477133943
2.2221915755066783
1.870253816431622
2.7295290545023008
2.2221915755066783
2.038159681645953
2.5228657634046865
2.4508257945180882
2.2877837199410704
2.373735909525858
1.823067982273661
2.332914563979398
2.2221915755066783
2.353533948577482
2.2584598927441624
2.1040437177782714
1.971747257128181
2.6535442970305683
1.962806631693174
2.1812056673346514
2.4187229080665604
2.495461844238322
2.0550365325772657
2.2200683022340693
2.287783719941071
2.2684727516311214
2.1416195253341384
2.186482383665439
2.0403733936884962
2.591793226077496
2.289246428509158
2.287783719941071
1.971747257128181
2.4634582986483036
2.199687794731328
2.4137995646056805
1.823067982273661
1.971747257128181
1.7924812503605778
2.3232196723355076
2.004886164091843
2.063558608511122
2.556656707462823
2.0403733936884962
2.791906961993309
2.4584538292330587
2.049452072789394
1.854285871987246
2.2810361125534233
2.0403733936884962
2.359879028736861
2.0524212838293647
1.9830841641434374
2.0403733936884962
2.3921472236645345
2.606238928653389
2.117492461184755
1.971747257128181
2.440404017720928
2.058813890331201
3.1709552101112166
2.406666316740689
2.4576543451233084
2.5341468438052397
1.8256051990169437
2.5724312513221195
2.472905595320056
2.60845859334435
2.4834585933443494
2.270942421748537
2.1416195253341384
2.4508257945180882
2.60845859334435
1.971747257128181
2.873140679513133
2.125814583693911
1.9182958340544896
2.2221915755066783
1.971747257128181
1.9877733714879842
1.9211854965885542
2.8499036610871133
2.430689323722559
1.9292776059351575
2.2856005389623073
2.3346105161413924
2.125814583693911
2.2221915755066783
2.2221915755066783
2.4137995646056805
2.128085278891394
1.971747257128181
2.499698143184414
2.2221915755066783
2.463458298648303
2.239097917988786
2.521782221599798
2.254447578972094
2.1416195253341384
2.217021885879718
2.614369445886757
2.771795603861901
2.217021885879718
2.6904759759080727
1.7924812503605778
1.971747257128181
2.855953642864355
2.004886164091843
1.971747257128181
2.4508257945180882
2.457717469130148
2.378991986900062
1.811278124459133
2.556656707462823
2.3577174691301486
2.422579761842491
2.2221915755066783
2.4137995646056796
3.0407410643743376
2.18950846755862
2.369571003855273
2.9575135535559114
1.9677648376739314
1.969389419529156
2.2841591278514217
2.606238928653389
2.4508257945180882
2.1920058354921066
1.8352377453121174
2.521782221599798
2.0403733936884962
2.2221915755066783
2.353533948577482
2.2221915755066783
2.353533948577482
2.2221915755066783
2.005977711423774
2.359879028736861
2.004886164091843
2.4387439204017474
2.29597512699001
2.4387439204017474
2.727217001462482
2.822181958642873
1.6644977792004614
2.35274578087187
2.1280852788913944
1.9792714909401519
2.287783719941071
1.8423709931771088
2.4885548621928453
2.2221915755066783
2.4508257945180882
2.35274578087187
2.0403733936884962
2.6556390622295662
2.2221915755066783
2.2221915755066783
2.6556390622295662
2.5954618442383217
2.084962500721156
2.2221915755066783
2.2221915755066783
2.4508257945180882
2.0403733936884962
2.5239860659612976
2.5121907794018012
2.4056390622295662
2.2221915755066783
2.3395722619867225
2.713269689515108
2.2221915755066783
2.1234786725698864
2.1711395066729176
2.5868878409958143
2.3317663774021273
1.8585552118703144
1.9254106352407239
1.971747257128181
1.971747257128181
2.220068302234069
2.270942421748537
2.221251836004466
2.2221915755066783
1.789929075309999
1.896240625180289
2.5540932739850413
2.110976819743737
2.53414684380524
2.049452072789394
2.614369445886757
2.1280852788913944
2.521782221599798
2.3317663774021273
2.2221915755066783
2.2221915755066783
1.855388542207534
2.004886164091843
2.004886164091843
2.606238928653389
2.128085278891394
2.8767171930943927
2.4834585933443494
2.2221915755066783
2.4996981431844145
2.1812056673346514
2.457717469130148
2.353533948577482
2.3305576533947314
2.4137995646056805
2.4477426785812737
2.2810361125534233
2.4634582986483036
2.125814583693911
2.60845859334435
2.2221915755066783
2.5724312513221195
2.004886164091843
1.9182958340544896
1.971747257128181
2.0403733936884962
2.004886164091843
2.418722908066561
2.221251836004466
1.9852281360342514
2.353533948577482
2.3458519893382603
2.5239860659612976
2.224601752714581
2.2221915755066783
2.004886164091843
2.1179631753145163
2.2221915755066783
2.217021885879718
1.823067982273661
2.5519077629643117
2.4555827034771345
2.032494537871737
2.4187229080665613
2.254447578972094
2.1280852788913944
2.221251836004466
2.614369445886757
2.390863696857044
2.5306390622295662
2.899327355706075
2.6202619265213274
2.5492553971685004
2.125814583693911
1.867633890971212
2.2841591278514217
1.9772354454083079
2.2338600502372494
2.353533948577482
2.2221915755066783
1.9803464138951992
2.287783719941071
1.8352377453121174
2.2221915755066783
2.263809173883546
2.2221915755066783
2.179350202453772
2.4137995646056805
1.7527152789797047
2.0590391046748544
2.287783719941071
2.4225797618424916
2.521928094887362
1.907516971950949
2.2221915755066783
2.353533948577482
2.049452072789394
1.7758589482446405
2.2221915755066783
2.2221915755066783
2.35274578087187
2.199687794731328
2.3531906713383224
1.9591479170272446
2.2221915755066783
2.271782221599798
2.842728780997494
2.5358577759182794
2.660129752633257
2.2841591278514217
2.114805144339332
1.998960588171354
2.651793902628769
2.653811355748634
1.7841591278514217
2.2841591278514217
2.2221915755066783
2.4164997849817103
2.2841591278514217
2.406666316740689
2.353533948577482
2.292481250360578
2.8662478973127308
2.0403733936884962
2.270942421748537
2.4996981431844145
2.1920058354921066
2.3950594721534313
2.059721832409614
2.619910023274066
2.1527217381013255
2.2221915755066783
1.4591479170272448
2.2577174691301485
2.4508257945180882
2.2841591278514217
2.523986065961297
2.556656707462823
2.399397470347699
2.117492461184755
2.217021885879718
2.289246428509158
2.1925950047598812
2.3960938348528806
2.4508257945180882
2.48982934749966
2.280787654949452
2.7254805569978675
2.4613201402110083
2.217021885879718
1.9591479170272446
2.2841591278514217
2.2221915755066783
2.359879028736861
2.2221915755066783
2.221251836004466
2.287783719941071
2.744842531753244
2.0
2.53414684380524
2.2920717524577867
1.9877733714879842
2.345851989338261
1.9056390622295665
1.7924812503605778
1.896240625180289
1.9526832779469112
2.0317374334224665
2.477209191174863
1.8248061079418345
2.472905595320056
2.5559130951758244
2.221251836004466
2.4137995646056805
2.7395722619867224
2.2221915755066783
2.1632095937363847
2.440404017720928
2.2221915755066783
2.2877837199410704
1.971747257128181
1.971747257128181
2.2221915755066783
2.0874628412503395
1.8389205950315934
2.220068302234069
2.3213077948055996
2.5346939516467017
2.353533948577482
2.251629167387823
2.4508257945180882
2.2841591278514217
2.5306390622295662
2.5995812306460646
2.6337314206421327
2.4650694618158364
2.2221915755066783
2.021782221599798
2.2221915755066783
1.9211854965885542
2.304536144108406
2.4508257945180882
2.3133374521366643
2.2831355950464065
2.669372148594611
1.954201213138313
2.359879028736861
2.2070271676311513
2.33012496531497
2.6535442970305683
2.5253456211698713
2.6535442970305683
2.0403733936884962
2.196957186327418
2.0403733936884962
1.971747257128181
2.2221915755066783
2.206238928653389
2.054585169337799
2.739572261986723
2.622948627229408
2.4079862777467276
1.9254106352407239
2.4193819456463714
2.125814583693911
2.139353872167201
2.441446071165522
2.260820318171659
1.8715699480384027
2.295461844238322
2.2221915755066783
2.1800365325772657
2.2841591278514217
2.928998519825352
2.2221915755066783
1.971747257128181
1.7841591278514217
2.192005835492107
2.049452072789394
2.263809173883546
2.5559130951758244
2.7329145639793975
2.359879028736861
2.1280852788913944
2.0
2.2841591278514217
2.660129752633257
2.2221915755066783
2.6535442970305683
2.4137995646056805
1.971747257128181
1.7841591278514217
2.605201668932488
2.422579761842491
2.1556390622295662
1.971747257128181
2.4996981431844145
2.287783719941071
2.4508257945180882
2.2221915755066783
1.823067982273661
2.2221915755066783
2.221251836004466
2.125814583693911
2.60845859334435
2.287783719941071
2.091917186688699
2.822181958642873
2.0403733936884962
2.430563456604073
2.0182155146751497
2.10845859334435
2.2841591278514217
2.005977711423774
1.971747257128181
2.4870810061790043
2.6486037302133707
2.473851389610045
2.004886164091843
2.2221915755066783
2.2221915755066783
1.6644977792004614
2.2221915755066783
2.606238928653389
2.5135845592203085
2.319973094021975
2.289432036254818
2.4416298737872246
2.744842531753244
2.2954656791802917
2.10558726169826
2.5602461889141934
2.4508257945180882
2.4508257945180882
2.629249223856034
2.3261207468426806
2.359879028736861
2.521782221599798
2.099601752714581
2.829352136869956
2.606238928653389
2.2841591278514217
2.499698143184414
2.4577174691301487
2.2221915755066783
2.5600289361122233
2.0403733936884962
2.2221915755066783
2.054585169337799
2.634602696255584
1.855388542207534
2.2221915755066783
2.3995372250875984
2.2221915755066783
2.651793902628769
2.4834585933443494
2.280787654949452
1.971747257128181
2.6393535955425893
2.701912342491112
2.4232196723355077
2.556656707462823
2.2221915755066783
2.0403733936884962
2.6756282086628373
2.265654655744194
2.602217001462482
2.4508257945180882
2.4137995646056805
2.0670314951575843
1.9459261768210163
2.2103688901945646
2.504347484781421
2.197164935015317
2.226523757873914
2.1967916319816365
2.319240704636849
2.369432036254818
1.789929075309999
2.692380602454975
1.8061400856559078
2.2221915755066783
1.9301249653149701
2.3908636968570445
2.535857775918279
2.1577174691301484
2.1920058354921066
2.0403733936884962
2.259799223400567
2.651793902628769
2.295461844238322
2.4709505944546684
2.125814583693911
2.350209029099897
2.2221915755066783
2.227534334005981
2.4508257945180882
2.128085278891394
2.349601752714581
2.2856005389623073
3.4771668463418406
2.2221915755066783
2.6709505944546685
2.2221915755066783
2.2221915755066783
2.263809173883546
2.692380602454975
2.0403733936884962
2.4613201402110083
2.054585169337799
2.4137995646056805
2.374556048381884
2.2841591278514217
2.221251836004466
2.35274578087187
2.2221915755066783
2.270942421748537
2.350209029099897
2.4508257945180882
2.2221915755066783
2.4508257945180882
2.4137995646056805
2.5239860659612976
2.390863696857044
2.4508257945180882
2.114805144339332
1.584962500721156
2.1174924611847548
2.353533948577482
2.521782221599798
2.525619404081538
2.5073801024236357
2.422579761842491
2.474601752714581
2.2221915755066783
2.4508257945180882
2.2221915755066783
2.8007850279248854
2.4996981431844145
2.0403733936884962
2.35274578087187
2.3695710038552735
2.474601752714581
2.0
2.4584538292330587
1.9877733714879842
2.6337314206421327
2.2221915755066783
2.2877837199410704
2.2221915755066783
2.0403733936884962
1.8585552118703144
2.5954618442383217
2.1800365325772657
2.1920058354921066
2.6022170014624826
1.4591479170272448
2.6282129458410015
2.125814583693911
2.4634582986483036
2.499698143184414
1.971747257128181
2.2221915755066783
2.4508257945180882
2.2841591278514217
2.0202442071537563
2.0047476376636353
2.0202442071537563
2.591793226077496
2.4508257945180882
1.971747257128181
1.8129452762598803
2.1464657985040723
2.4508257945180882
2.4508257945180882
2.615724605447171
2.5102688395040085
2.060262039120377
2.3317663774021273
1.8412501702815547
1.7527152789797047
2.2877837199410704
2.4508257945180882
2.3208020839342964
2.072905595320056
2.2221915755066783
2.125814583693911
2.2256108145207376
2.0
2.2221915755066783
2.827868989067726
1.9877733714879842
2.2221915755066783
2.4508257945180882
2.0545851693377997
2.1920058354921066
2.23345859334435
2.4508257945180882
2.614369445886757
2.463458298648303
2.4826170920085118
2.499698143184414
2.271782221599798
1.965596230357602
2.2221915755066783
2.499698143184414
2.2841591278514217
2.0524212838293647
2.5559130951758244
2.7329145639793975
2.5032583347756456
2.2221915755066783
2.199687794731328
1.7841591278514217
2.2221915755066783
2.4508257945180882
2.4842551447947985
2.259180910117019
2.2221915755066783
2.457717469130148
2.5341591278514217
2.254447578972094
1.789929075309999
2.6825887305018328
2.1280852788913944
2.2221915755066783
2.225605199016944
2.6420555694210863
2.3053206513329316
2.224601752714581
2.1174924611847548
2.1556390622295662
2.4508257945180882
2.0141467614227277
2.245869617795809
1.971747257128181
2.021782221599798
2.0403733936884962
1.7556327160013985
2.521782221599798
2.2221915755066783
2.709115198494271
2.472905595320056
2.4508257945180882
2.474601752714581
2.699513850319966
2.7395722619867224
1.9746017527145812
2.2081965922770874
1.971747257128181
2.651793902628769
2.128085278891394
2.004886164091843
2.1920058354921066
2.422675468311218
2.1280852788913944
2.2221915755066783
2.458453829233059
2.2464393446710154
1.896240625180289
2.2841591278514217
1.8879185026711327
2.0403733936884962
1.9567796494470393
2.1609640474436813
2.199687794731328
2.2221915755066783
2.2221915755066783
2.378991986900062
2.567099536193327
2.808654492631675
1.9852281360342514
2.4996981431844145
2.239097917988786
1.971747257128181
2.4508257945180882
2.2221915755066783
2.5785519909913264
2.4305946180235427
2.5131025872458284
2.5220552088742005
2.5495234595978324
2.2856005389623073
2.60845859334435
2.1416195253341384
2.421315277401236
2.591793226077496
2.48345859334435
2.2221915755066783
2.2221915755066783
2.1800365325772657
2.2592433076960905
2.287783719941071
2.1142541969807453
2.5376605238306404
2.287783719941071
2.1774212838293647
2.4308437684823567
2.5424826938097276
2.2221915755066783
2.2983094013008034
2.125814583693911
2.2841591278514217
2.2221915755066783
2.5566567074628237
2.199687794731328
2.5341468438052397
2.2877837199410704
1.896240625180289
2.2841591278514217
2.0403733936884962
2.4137995646056805
2.0403733936884962
2.0403733936884962
2.2221915755066783
2.73345859334435
2.0403733936884962
2.401941967037988
2.3253314601288055
2.6258145836939115
2.8152023999804863
2.4863286677871854
2.5785519909913264
2.0403733936884962
2.2414460711655217
2.395461844238322
2.2221915755066783
2.692380602454975
2.125814583693911
2.0403733936884962
2.2841591278514217
2.3342564252133498
2.4634582986483036
2.4164997849817107
2.1920058354921066
2.0403733936884962
2.5341468438052397
2.4137995646056805
2.2221915755066783
2.6556390622295662
2.3959988705348416
2.0403733936884962
1.8585552118703144
1.971747257128181
2.614369445886757
2.9398290174664026
2.5306390622295662
1.8423709931771084
2.0381596816459533
2.5917932260774954
2.378991986900062
2.466945372133197
2.457717469130148
1.789929075309999
2.33012496531497
2.9096743265455456
2.2221915755066783
2.2221915755066783
2.0403733936884962
2.2221915755066783
2.217021885879718
2.353533948577482
2.049452072789394
2.4508257945180882
2.4508257945180882
2.744842531753244
2.606238928653389
2.0403733936884962
2.0403733936884962
2.469240782172285
2.2841591278514217
2.2841591278514217
2.2221915755066783
2.2221915755066783
2.3221793455166666
2.2221915755066783
2.392629192274968
2.732914563979398
1.8332062193464953
2.1280852788913944
2.3045851693377997
2.117492461184755
2.556656707462823
2.3432578733442675
2.556656707462823
2.320802083934297
2.422579761842491
2.774397470347699
2.2221915755066783
2.2841591278514217
2.3253314601288055
2.080500530640267
2.1610099374640837
2.2221915755066783
1.836591668108979
2.345851989338261
1.8423709931771088
2.463458298648303
2.3134597501718237
1.8423709931771084
2.0403733936884962
2.2841591278514217
1.7924812503605778
2.0403733936884962
2.4508257945180882
2.4508257945180882
1.823067982273661
2.2841591278514217
2.5580510765444573
2.472905595320056
2.495602923729013
2.76169834670499
2.1234786725698864
2.128085278891394
2.2841591278514217
2.353533948577482
2.4613201402110083
2.287783719941071
2.606238928653389
1.8879185026711327
2.128085278891394
1.8423709931771084
2.125814583693911
2.9053323495842474
2.2221915755066783
2.535857775918279
2.5341468438052397
2.345851989338261
2.2221915755066783
2.120952031026403
2.208196592277087
2.390863696857044
2.4508257945180882
2.2221915755066783
2.2841591278514217
2.004886164091843
1.896240625180289
2.5073403492708315
2.4531150055728594
2.353533948577482
2.392277173072062
2.322756958897399
2.5306390622295662
2.0403733936884962
2.629249223856034
2.682588730501833
2.1920058354921066
2.0403733936884962
2.3666871924991266
2.556656707462823
2.2841591278514217
2.521782221599798
2.353533948577482
2.1833830982290134
1.9182958340544893
1.8542858719872461
2.5580510765444577
1.823067982273661
2.2724994555866935
2.319973094021975
2.653549986431962
2.52473261568954
1.823067982273661
2.0403733936884962
2.3922994195860268
2.349601752714581
2.418722908066561
2.422675468311218
2.711251348267354
2.287783719941071
2.004886164091843
2.140361163698485
2.428493070364558
2.0403733936884962
2.084962500721156
1.8423709931771084
2.1690354219421173
1.8423709931771084
2.0403733936884962
2.4996981431844145
2.6689801450225326
1.9852281360342516
2.2221915755066783
2.2221915755066783
2.6689801450225326
2.4314777096116282
2.5341468438052397
2.038159681645953
2.314979820516481
2.418722908066561
2.4379074618929524
2.038159681645953
2.2841837197791888
2.5032583347756456
2.4416298737872246
2.2485731395538666
2.199687794731328
2.372094637795624
2.4896556703586477
2.084962500721156
2.5580510765444573
2.5073801024236357
2.4137995646056805
1.971747257128181
2.374556048381884
1.789929075309999
2.5239860659612976
2.274397470347699
2.1735572622751853
2.395461844238322
2.2221915755066783
2.0403733936884962
2.2389205950315936
2.004886164091843
2.0588138903312014
2.199687794731328
1.7924812503605778
2.2221915755066783
2.5239860659612976
1.971747257128181
2.0403733936884962
2.0403733936884962
1.971747257128181
2.0403733936884962
2.3577174691301486
2.322756958897399
2.004886164091843
2.406666316740689
2.4137995646056805
1.5304930567574826
2.2221915755066783
2.4410685859554375
2.350209029099897
2.695461844238322
2.2877837199410704
2.4137995646056805
2.2221915755066783
2.2221915755066783
1.7841591278514217
2.1280852788913944
2.666056342179062
2.2841591278514217
2.125814583693911
2.0048861640918427
1.9015064025015063
2.004886164091843
2.3627402784989338
2.2221915755066783
2.148834854280917
2.2221915755066783
2.287783719941071
2.263809173883546
1.9877733714879842
2.221251836004466
2.2221915755066783
2.426292711673635
2.038159681645953
2.1460938348528806
2.761733104426988
2.805919788081816
2.822181958642873
1.5249250742414446
2.3318026736242854
2.3443609377704338
2.4056390622295662
2.054585169337799
2.1920058354921066
2.2841591278514217
2.2892464285091583
2.0403733936884962
2.556656707462823
2.4508257945180882
2.2221915755066783
2.4508257945180882
1.914341183612352
2.5306390622295662
2.004886164091843
2.744842531753244
3.1767488332981832
2.2221915755066783
2.2221915755066783
2.292481250360578
2.114983902600604
2.2221915755066783
2.2841591278514217
2.295461844238322
1.867633890971212
2.224601752714581
2.038159681645953
2.567695623347898
2.4277409762329367
2.595461844238322
1.936278124459133
2.5774508397968807
2.3283862904278743
2.2841591278514217
2.084962500721156
2.4006829536694982
2.2221915755066783
2.0403733936884962
2.2766190707005447
2.474601752714581
2.73345859334435
2.005977711423774
2.2787875981356107
2.0
2.4137995646056805
2.353533948577482
1.811278124459133
2.6535442970305683
2.0403733936884962
2.054585169337799
2.221251836004466
2.049452072789394
2.556656707462823
1.7924812503605778
2.345851989338261
1.789929075309999
2.8662478973127308
2.4508257945180882
2.292481250360578
2.8540969647593886
2.0403733936884962
2.291620193427939
2.0349409139562287
1.936278124459133
1.8250112108241772
2.472905595320056
2.2221915755066783
2.4056390622295662
2.7361119288215487
2.4187229080665604
2.359879028736861
2.599581230646064
1.811278124459133
2.1280852788913944
2.521782221599798
2.061482186720776
2.2221915755066783
2.2221915755066783
2.2221915755066783
2.2841591278514217
2.0403733936884962
2.2221915755066783
2.130926080730337
2.1609640474436813
2.6277635530073993
2.5273348339933523
2.331128817418839
2.1920058354921066
1.9735561123277499
2.292481250360578
2.278351811711312
2.4634582986483036
2.0403733936884962
2.4416298737872246
2.278351811711312
2.197159723424149
2.4404040177209283
2.3522170014624826
2.2221915755066783
2.155968102145908
2.2221915755066783
2.155968102145908
2.2221915755066783
2.2841591278514217
1.9954618442383218
2.3695710038552735
2.1920058354921066
2.4237949406953985
2.495602923729013
2.2841591278514217
2.2221915755066783
2.556656707462823
2.7938339913245502
2.247224320061398
2.3071885761626687
2.0
2.5917932260774954
2.1556390622295662
1.7527152789797045
2.8298135914704585
1.9211854965885542
2.4052286667852885
1.780672129520887
2.9993403285643847
2.4856936124307722
2.004886164091843
2.2221915755066783
2.2221915755066783
2.263809173883546
2.1280852788913944
1.971747257128181
2.2221915755066783
2.584962500721156
2.2221915755066783
2.0403733936884962
1.867633890971212
1.844313344046014
1.823067982273661
2.48065596983943
2.6612262562697895
2.2841591278514217
2.2841591278514217
2.1800365325772657
2.2062389286533897
2.463865121950854
2.4508257945180882
2.1280852788913944
2.319973094021975
1.8585552118703144
2.2221915755066783
2.058813890331201
1.9508257945180885
2.359879028736861
2.0403733936884962
2.1280852788913944
2.350209029099897
2.254447578972094
2.2877837199410704
2.38436414343715
1.7924812503605778
3.0661535680326555
2.5835475414108013
2.2312702546075753
2.6706425444690596
2.2856005389623073
1.9546129081945012
2.217021885879718
2.350209029099897
2.499698143184414
2.5515148708628836
2.353533948577482
1.5
2.488436249169222
2.2030713060627085
2.221251836004466
2.3935474965388988
1.789929075309999
2.312907291846956
2.668493070364558
2.280201052658453
2.128078875727623
2.353533948577482
2.2221915755066783
2.004886164091843
1.7841591278514217
2.199687794731328
2.263809173883546
2.049452072789394
1.971747257128181
2.0403733936884962
2.0403733936884962
1.4591479170272448
1.971747257128181
2.6084585933443494
2.4387439204017474
2.4613201402110083
2.5724312513221195
2.672323133567084
2.0545851693377997
2.0740534157249533
2.0545851693377997
2.1396958072174286
2.1396958072174286
2.1396958072174286
2.0545851693377997
2.1396958072174286
2.1396958072174286
2.1396958072174286
2.0545851693377997
2.4991695476615083
2.1396958072174286
2.1396958072174286
2.1396958072174286
2.370430461078689
2.0545851693377997
2.296636697410334
2.296636697410334
2.296636697410334
2.296636697410334
2.296636697410334
2.0545851693377997
2.1396958072174286
2.1396958072174286
2.1396958072174286
2.0545851693377997
2.5073812408711764
2.296636697410334
2.296636697410334
2.296636697410334
2.296636697410334
2.296636697410334
2.0545851693377997
2.6280852788913944
2.6280852788913944
2.227523392625413
2.227523392625413
2.4285602127687462
2.296636697410334
2.296636697410334
2.296636697410334
2.296636697410334
2.296636697410334
2.0545851693377997
2.296636697410334
2.296636697410334
2.296636697410334
2.296636697410334
2.296636697410334
2.0545851693377997
2.6280852788913944
2.6280852788913944
2.227523392625413
2.227523392625413
2.296636697410334
2.296636697410334
2.296636697410334
2.296636697410334
2.296636697410334
2.0545851693377997
2.1396958072174286
2.0545851693377997
2.3926714017567607
2.3926714017567607
2.0545851693377997
2.296636697410334
2.296636697410334
2.296636697410334
2.296636697410334
2.296636697410334
2.0545851693377997
2.227523392625413
2.227523392625413
2.296636697410334
2.296636697410334
2.296636697410334
2.296636697410334
2.296636697410334
2.0545851693377997
2.3926714017567607
2.3926714017567607
2.0545851693377997
2.296636697410334
2.296636697410334
2.296636697410334
2.296636697410334
2.296636697410334
2.0545851693377997
2.1886050190323245
2.0545851693377997
2.4416298737872246
2.4416298737872246
2.4416298737872246
2.4416298737872246
2.3458519893382603
2.517201802582726
2.049452072789394
2.5954618442383217
2.524397470347699
2.0403733936884962
2.359879028736861
2.6143694458867563
2.125814583693911
2.4996981431844145
2.353533948577482
2.3134597501718237
2.6062389286533896
2.0403733936884962
2.4508257945180882
1.7924812503605778
2.199687794731328
2.004886164091843
2.128085278891394
2.9056390622295662
1.971747257128181
2.4508257945180882
2.822181958642873
2.345851989338261
2.2221915755066783
2.0403733936884962
2.0930692077718898
1.962806631693174
2.1967916319816365
1.789929075309999
2.4137995646056805
2.556656707462823
2.2841591278514217
2.117492461184755
2.0403733936884962
2.2221915755066783
2.4331958387289765
2.4729055953200563
2.1179631753145163
2.353533948577482
2.353533948577482
2.353533948577482
2.353533948577482
2.353533948577482
2.353533948577482
2.353533948577482
2.353533948577482
2.353533948577482
2.353533948577482
2.353533948577482
2.353533948577482
2.353533948577482
2.353533948577482
2.353533948577482
2.353533948577482
2.353533948577482
2.353533948577482
2.353533948577482
2.353533948577482
2.353533948577482
2.353533948577482
2.353533948577482
2.353533948577482
2.353533948577482
2.353533948577482
2.353533948577482
2.353533948577482
2.353533948577482
2.353533948577482
2.353533948577482
2.353533948577482
2.353533948577482
2.353533948577482
2.353533948577482
2.353533948577482
2.353533948577482
2.353533948577482
2.353533948577482
2.353533948577482
2.353533948577482
2.353533948577482
2.353533948577482
2.353533948577482
2.353533948577482
2.353533948577482
2.353533948577482
2.353533948577482
2.353533948577482
2.353533948577482
2.353533948577482
2.353533948577482
2.353533948577482
2.353533948577482
2.353533948577482
2.353533948577482
2.353533948577482
2.353533948577482
2.353533948577482
2.353533948577482
2.353533948577482
2.353533948577482
2.353533948577482
2.353533948577482
2.353533948577482
2.353533948577482
2.353533948577482
2.353533948577482
2.353533948577482
2.353533948577482
2.353533948577482
2.353533948577482
2.353533948577482
2.353533948577482
2.353533948577482
2.353533948577482
2.353533948577482
2.353533948577482
2.353533948577482
2.353533948577482
2.353533948577482
2.353533948577482
2.353533948577482
2.353533948577482
2.353533948577482
2.353533948577482
2.353533948577482
2.353533948577482
2.353533948577482
2.353533948577482
2.353533948577482
2.353533948577482
2.353533948577482
2.353533948577482
2.353533948577482
2.353533948577482
2.353533948577482
2.353533948577482
2.353533948577482
2.353533948577482
2.353533948577482
2.353533948577482
2.353533948577482
2.3531906713383224
2.3232196723355076
2.1295679874183233
2.4497120352661517
2.419973094021975
2.353533948577482
2.353533948577482
2.353533948577482
2.353533948577482
2.353533948577482
2.353533948577482
2.353533948577482
2.353533948577482
2.353533948577482
2.353533948577482
2.353533948577482
2.5785519909913264
2.353533948577482
2.353533948577482
2.353533948577482
2.353533948577482
2.353533948577482
2.353533948577482
2.353533948577482
2.353533948577482
2.353533948577482
2.353533948577482
2.353533948577482
2.353533948577482
2.2221915755066783
2.353533948577482
2.353533948577482
2.353533948577482
2.353533948577482
2.353533948577482
2.353533948577482
2.353533948577482
2.353533948577482
2.353533948577482
2.353533948577482
2.353533948577482
2.353533948577482
2.353533948577482
2.353533948577482
2.353533948577482
2.353533948577482
2.353533948577482
2.353533948577482
2.353533948577482
2.353533948577482
2.353533948577482
2.353533948577482
2.353533948577482
2.4137995646056805
2.474601752714581
2.199687794731328
2.535857775918279
2.350209029099897
2.397742260857835
2.139795093787977
2.4416298737872246
2.199687794731328
2.2841591278514217
2.0403733936884962
1.7527152789797045
2.292481250360578
2.1339375660949167
2.221251836004466
3.2107770844150676
2.472905595320056
2.5820599105802575
2.3004975198549262
2.2221915755066783
2.5566567074628237
2.469240782172285
2.206238928653389
2.2584598927441624
2.5424826938097276
2.2221915755066783
2.2221915755066783
2.2841591278514217
2.375
2.2988252450030506
2.353533948577482
2.739572261986723
2.2221915755066783
2.224601752714581
2.1842612638641032
2.2221915755066783
2.2221915755066783
3.076470282833743
2.8662478973127308
2.206238928653389
2.2221915755066783
2.128085278891394
2.0403733936884962
2.0403733936884962
2.469670487371862
2.2221915755066783
2.878754490140508
1.7924812503605778
2.2841591278514217
2.2988252450030506
2.4996981431844145
2.096822633626531
2.0060603254083382
2.4137995646056805
2.023265223932734
2.073766646952153
2.3443609377704333
2.1597529331037872
2.4521707610556436
2.220068302234069
1.971747257128181
2.0403733936884962
2.0403733936884962
1.971747257128181
2.4137995646056805
1.789929075309999
2.2221915755066783
2.4508257945180882
1.7924812503605778
2.2096909728231857
2.322756958897399
2.2841591278514217
2.353533948577482
1.789929075309999
1.914814745438016
2.5575062626277254
2.495602923729013
2.5917932260774954
2.292481250360578
2.4508257945180882
2.9885286662079227
2.0182155146751497
1.969191763946274
2.463458298648303
2.2221915755066783
2.2684727516311214
2.692380602454975
2.1595347260784035
1.789929075309999
2.2221915755066783
2.013132465170739
2.499698143184414
2.0403733936884962
2.2877837199410704
2.4322347146648093
1.8423709931771084
2.2528786893420305
1.9473387961875537
2.33012496531497
2.60845859334435
2.0403733936884962
2.3973518076692533
2.8916141509020896
2.5495234595978316
2.4662478973127313
2.0403733936884962
3.1288840705376355
2.3432578733442675
2.038159681645953
2.2062389286533897
2.2841591278514217
2.5917932260774954
2.2806390622295662
2.2221915755066783
2.049452072789394
2.2221915755066783
2.2841591278514217
2.1556390622295662
2.278351811711312
2.0545851693377997
2.7045348998193437
2.0403733936884962
2.4777044112240603
2.7742433029172693
1.823067982273661
1.971747257128181
2.038159681645953
2.2221915755066783
2.217021885879718
2.125814583693911
1.823067982273661
2.1690354219421173
2.2806390622295662
2.2221915755066783
2.5300577191162983
2.4996981431844145
2.094856783548739
2.2221915755066783
2.472905595320056
2.2062389286533897
2.366938392638896
2.199687794731328
2.164680331598752
2.1577174691301484
2.2817861034810014
1.968873874720721
2.406666316740689
2.004886164091843
1.971747257128181
2.3134597501718237
2.6062389286533896
2.2841591278514217
1.9508257945180885
2.0403733936884962
2.054585169337799
2.0403733936884962
2.4137995646056805
2.0
1.9508257945180885
2.4729055953200563
2.614369445886757
2.221251836004466
2.4508257945180882
2.378991986900062
1.8250112108241772
1.7924812503605778
2.2221915755066783
2.1170494719839943
2.278351811711312
2.137876503740628
2.0866409074113084
2.137876503740628
2.801915736636332
2.270942421748537
2.395461844238322
2.257606878811597
2.9371932086075945
2.282588730501833
2.091124755212831
2.782395280032826
2.4164997849817103
2.2221915755066783
2.128085278891394
2.2221915755066783
2.5791658105643367
2.287783719941071
2.349601752714581
2.41379956460568
2.2856005389623073
1.867633890971212
2.4056390622295662
2.2221915755066783
1.9877733714879842
2.521046459927886
2.1174924611847548
2.206238928653389
2.224833025479759
2.1774212838293647
1.789929075309999
2.1800365325772657
2.0102460880345094
2.696199049814856
2.684017280829845
2.8459304987861067
2.682588730501833
2.8138461086383852
2.0403733936884962
2.4613201402110083
2.084962500721156
2.421928094887362
2.4834585933443494
2.692380602454975
2.10845859334435
2.474601752714581
2.2221915755066783
2.294519908254462
2.4416298737872246
2.263809173883546
2.2877837199410704
3.0385808915077086
2.279799131837405
1.7489992230622806
2.263809173883546
2.606238928653389
2.2221915755066783
2.1097379321298906
2.004886164091843
2.084962500721156
2.4577174691301487
2.2221915755066783
2.460904932167797
2.2221915755066783
2.749745977478664
2.5498550315128585
2.212503842372268
2.049452072789394
2.022579761842491
2.0202442071537563
2.498929563690935
2.563716987127796
2.3050365325772657
2.9205969371870784
2.5341468438052397
2.563716987127796
2.3232196723355076
2.7924783589008366
2.153340990925719
2.6123434205841476
1.971747257128181
2.1842612638641032
2.696199049814856
2.7791552688214534
2.2366760100268643
2.7045348998193437
2.5306390622295662
2.1054105870684143
2.2221915755066783
2.2877837199410704
2.0403733936884962
2.240857286493036
2.004886164091843
2.1029334343823503
2.065957320949175
2.460904932167797
2.419556298571613
2.3305576533947314
2.292071752457787
2.2221915755066783
2.0
2.629249223856034
2.463458298648303
2.4092672522514684
2.217021885879718
2.297079327540665
2.058813890331201
2.3395722619867225
2.226182599732405
2.57882039287438
2.2221915755066783
2.049452072789394
2.084962500721156
2.4996981431844145
2.279799131837405
2.4996981431844145
2.2221915755066783
2.2221915755066783
2.4508257945180882
2.9330201924480455
2.7806390622295662
2.4164997849817103
2.5868878409958143
2.4137995646056805
2.224601752714581
2.499698143184414
2.125814583693911
2.1556390622295662
1.933816945485606
2.0403733936884962
2.0860451244213967
1.7924812503605778
2.7820097798377343
2.6026024628855637
2.2569089895583545
2.2221915755066783
2.1280852788913944
2.1416195253341384
2.2221915755066783
2.004886164091843
2.2588718484453603
2.2221915755066783
2.498077546623641
2.6157246054471703
2.586399062804731
2.7777768114567865
2.5073801024236357
1.971747257128181
2.2877837199410704
2.2810361125534233
2.4613201402110083
2.5566567074628237
2.4508257945180882
1.789929075309999
2.4613201402110083
2.495602923729013
2.4663903534838374
1.971747257128181
2.1190850469784714
2.744842531753244
2.4160563421790617
2.1464657985040723
2.146782221599798
2.0403733936884962
2.842857292808497
2.4961268547517808
2.6072644554783757
2.5490342560294192
2.661981793420371
2.48345859334435
2.649397470347699
2.263809173883546
2.251629167387823
2.2892464285091583
2.2464393446710154
2.0545851693377997
2.424835634986198
2.7543569415088887
2.051361789187549
2.660129752633257
1.8553885422075338
2.221251836004466
2.6330744777758825
1.823067982273661
2.180577823245594
2.4508257945180882
2.2877837199410704
1.4156777803062381
2.457717469130148
2.4331958387289765
2.583465189601647
2.6815321458438417
2.0514759238641083
2.322756958897399
2.036317227301227
1.971747257128181
2.722543992113584
2.3195446239337296
2.2841591278514217
2.0143500460813284
1.8010974645628275
2.22079390614008
2.3528122684340267
2.521782221599798
2.181490425800078
2.340931692440424
2.2256051990169436
2.4829681118103926
2.395461844238322
2.111095787753339
2.81153713434193
2.521782221599798
2.6535442970305683
2.462641528504656
1.9301559669598642
2.357717469130148
2.8028416701725325
2.5341468438052397
2.0403733936884962
2.396782221599798
2.3921472236645345
1.4591479170272448
2.2221915755066783
2.2221915755066783
2.3301249653149703
1.4591479170272448
2.3034697325475815
2.2841591278514217
2.4416298737872246
2.2877837199410704
2.1280852788913944
2.504800382982335
2.3208020839342964
2.4508257945180882
2.5032583347756456
2.2221915755066783
2.8581157843701472
2.2841591278514217
2.4613201402110083
2.4662478973127313
2.2221915755066783
2.5190438836949727
2.4508257945180882
2.2841591278514217
1.971747257128181
2.2149798205164815
2.054585169337799
2.702904337188607
2.866247897312731
2.0403733936884962
2.4577174691301487
1.823067982273661
2.555913095175825
2.696199049814856
2.1179631753145163
2.4225797618424916
2.695461844238322
2.4416298737872246
2.197159723424149
2.822181958642873
2.2221915755066783
2.25
1.789929075309999
2.2221915755066783
2.4387439204017474
2.4056390622295662
2.811701949951749
2.3659248732117812
2.4137995646056805
1.8654371053199075
2.221251836004466
2.251629167387823
2.822181958642873
2.0403733936884962
1.971747257128181
2.488403899223372
2.5341468438052397
2.1105961389266823
2.2221915755066783
2.0403733936884962
2.591793226077496
2.2221915755066783
2.4508257945180882
2.5566567074628237
2.0403733936884962
2.2841591278514217
2.4613201402110083
2.5785519909913264
2.350209029099897
2.287783719941071
2.2934851729784476
2.5634648712250883
1.971747257128181
2.117492461184755
2.8697379727293746
2.2221915755066783
2.2221915755066783
2.353533948577482
2.1815525171888464
2.395461844238322
2.0403733936884962
1.9508257945180885
2.4508257945180882
2.263809173883546
2.1060480954183274
2.732914563979398
1.789929075309999
3.034595439756186
2.2221915755066783
2.021614871911295
2.1492553971684996
2.2999484378900155
2.4122006917165137
1.7295739585136223
2.7167352128998656
2.727217001462482
2.369696689044702
2.049452072789394
2.4160563421790617
2.7394705707972524
2.4887855917769937
2.7374302779348376
2.221251836004466
2.4613201402110083
2.3395722619867225
2.422579761842491
2.2221915755066783
2.4508257945180882
2.2221915755066783
2.4996981431844145
2.5495234595978316
2.1556390622295662
2.3395722619867225
2.2221915755066783
2.2221915755066783
2.2841591278514217
2.682588730501833
2.490044567658449
2.2221915755066783
2.049452072789394
2.6848100275039113
2.270942421748537
2.295461844238322
2.4584538292330587
1.971747257128181
1.789929075309999
2.221251836004466
2.2389205950315936
2.358938532350277
2.2256051990169436
2.2841591278514217
2.074087044559035
2.164424652422237
2.6556390622295662
2.4164997849817107
1.9508257945180885
2.345851989338261
2.0403733936884962
2.53414684380524
2.054585169337799
2.627539248688392
2.0403733936884962
2.4410685859554375
2.2221915755066783
2.2221915755066783
2.495602923729013
2.359879028736861
2.311278124459133
2.7777768114567865
1.9182958340544896
2.1920058354921066
2.125814583693911
2.221251836004466
2.7199643047423914
2.4613201402110083
2.2877837199410704
2.221251836004466
2.5724312513221195
2.646782221599798
2.3395722619867225
2.1280852788913944
2.1464657985040723
2.350209029099897
2.2221915755066783
2.6535442970305683
2.521782221599798
1.9056390622295665
2.292481250360578
2.378991986900062
2.606238928653389
2.353533948577482
2.5917932260774954
1.9609640474436814
1.9508257945180885
2.463458298648303
2.1739731346044096
2.5220552088742005
2.7469713072353783
2.220068302234069
2.713861785286464
2.5995812306460646
2.125814583693911
2.5032583347756456
2.6113947991661646
2.2389205950315936
1.870253816431622
2.495602923729013
2.0717350271381694
2.2256108145207376
2.2221915755066783
2.765957320949175
2.546465798504072
1.9942994759573032
2.054585169337799
2.353533948577482
1.8250112108241772
2.0729055953200564
2.375
2.359879028736861
2.263809173883546
2.458895081342134
2.1464657985040723
2.221251836004466
1.789929075309999
2.017470456978114
2.440404017720928
2.169925001442312
2.2221915755066783
2.353533948577482
2.556656707462823
2.004886164091843
2.2221915755066783
2.0874628412503395
2.606238928653389
2.3458519893382603
2.995194505444921
2.33012496531497
2.128085278891394
2.138825865485343
2.077819531114783
2.5154922063267176
2.2841591278514217
2.4508257945180882
2.5154922063267176
2.2841591278514217
2.1416195253341384
1.5566567074628228
2.1280852788913944
2.4137995646056805
2.049452072789394
2.2585728843419157
2.058813890331201
2.629249223856034
2.117492461184755
2.4856778363920955
2.692380602454975
2.260820318171659
1.971747257128181
2.4137995646056805
2.3432578733442675
2.1179631753145163
2.4996981431844145
2.2221915755066783
2.186344662812449
2.2221915755066783
2.4508257945180882
2.2221915755066783
1.7924812503605778
2.077819531114783
2.0315490923951907
1.971747257128181
2.4961268547517808
2.2389205950315936
2.270942421748537
2.221251836004466
2.1280852788913944
1.811278124459133
2.442839615220408
2.8785237328523996
1.971747257128181
2.4404040177209283
2.33012496531497
2.523986065961297
2.225030742713518
2.7515641714964207
2.2389205950315936
2.2221915755066783
2.1556390622295662
2.556656707462823
2.6556390622295662
2.5032583347756456
2.292481250360578
2.2221915755066783
2.202819531114783
2.701963060384278
3.2658813699600984
2.488403899223372
2.2221915755066783
2.5724312513221195
2.1920058354921066
2.35845859334435
2.2183641295938012
1.823067982273661
1.7527152789797045
2.396782221599798
1.8423709931771084
2.295461844238322
2.225179326902769
2.211902629071872
1.9508257945180885
2.6337314206421327
2.045841640885174
2.33012496531497
1.9211854965885542
2.1406064599010723
2.0403733936884962
2.2221915755066783
2.872514819889036
1.8659387488634043
2.1783119073650994
1.7287677888518576
1.8799649487271108
2.2221915755066783
2.296636697410334
2.134579272447411
2.1566333532404145
2.2221915755066783
2.503258334775645
2.1576030886298256
2.4164997849817107
2.4922031072054134
2.521782221599798
2.1149798205164814
2.217021885879718
2.125814583693911
2.4416298737872246
2.049452072789394
1.867633890971212
2.2221915755066783
2.2841591278514217
2.2221915755066783
2.1607047528877827
2.2221915755066783
2.054258150862612
2.2221915755066783
2.054258150862612
2.2221915755066783
2.271782221599798
2.1416195253341384
2.48345859334435
2.2390183299752544
2.0403733936884962
2.392277173072062
2.474601752714581
2.1280852788913944
2.7472383878592552
1.971747257128181
2.4508257945180882
2.2221915755066783
2.4996981431844145
2.4508257945180882
2.4137995646056805
2.2221915755066783
2.2221915755066783
2.2841591278514217
2.0403733936884962
2.117492461184755
2.0
2.2572829258533678
2.054585169337799
1.823067982273661
2.287783719941071
2.48345859334435
2.004886164091843
1.7574839898128802
2.1763728904359345
2.4508257945180882
1.9877733714879842
2.7792553760679404
2.3458766983163417
2.523986065961297
2.2920717524577867
2.004886164091843
2.004886164091843
2.004886164091843
2.0705036627041764
2.004886164091843
2.0486361631449266
1.823067982273661
2.343257873344267
2.395018168740656
2.1174924611847548
2.2221915755066783
2.2221915755066783
2.2221915755066783
2.3921472236645345
2.6084585933443494
2.287783719941071
2.2841591278514217
2.1149798205164814
2.614164262105116
2.192235267751115
2.359879028736861
2.2806390622295662
2.1614063297218427
2.1607047528877827
2.199687794731328
2.3802704430860198
2.2841591278514217
2.038159681645953
2.1609640474436813
2.2221915755066783
2.125814583693911
2.1878785072265203
1.789929075309999
2.2221915755066783
2.0
2.2841591278514217
1.7609640474436812
2.0403733936884962
2.646782221599798
2.287783719941071
2.2841591278514217
2.0403733936884962
2.038159681645953
2.054585169337799
2.2221915755066783
2.2221915755066783
2.396782221599798
2.0403733936884962
2.6062389286533896
1.9877733714879842
2.4508257945180882
1.811278124459133
2.556656707462823
2.1812056673346514
2.049452072789394
2.0403733936884962
2.217021885879718
2.0545851693377997
2.353533948577482
2.5995812306460646
2.049452072789394
2.119460297515797
2.014033514608869
2.2062389286533897
2.668980145022532
2.045841640885174
2.217021885879718
2.0403733936884962
2.4634582986483036
2.466247897312731
2.0165938281105613
2.2221915755066783
2.2221915755066783
2.4164997849817103
2.349601752714581
2.0403733936884962
2.556656707462823
2.345851989338261
2.3531906713383224
1.971747257128181
2.420987752637347
2.4662478973127313
1.971747257128181
1.867633890971212
2.1254905221749145
2.2221915755066783
2.219633122975817
2.054585169337799
2.271782221599798
2.653996121264537
2.6535442970305683
2.353533948577482
2.2841591278514217
2.125814583693911
2.2841591278514217
2.4508257945180882
2.004886164091843
2.5580510765444573
2.2810361125534233
2.4508257945180882
2.16333478910382
2.3921472236645345
2.5498550315128585
2.9830841641434365
2.390863696857044
2.33012496531497
2.519583149330155
2.0131324651707385
2.199687794731328
2.6556390622295662
2.2877837199410704
2.4508257945180882
2.2221915755066783
2.8662478973127308
2.2856946147259993
2.0403733936884962
2.0202442071537563
1.584962500721156
2.406666316740689
1.8423709931771084
1.7924812503605778
2.158122427214842
1.9591479170272446
2.692380602454975
2.7395722619867224
2.25
2.8522201988149343
2.0403733936884962
2.6384600665861555
2.2221915755066783
2.499698143184414
2.2221915755066783
2.5306390622295662
2.2221915755066783
2.359879028736861
2.4137995646056805
2.2221915755066783
2.004886164091843
2.117492461184755
2.556656707462823
2.1898980954642875
2.4996981431844145
1.870253816431622
2.366272757331499
1.971747257128181
1.867633890971212
2.521782221599798
2.1405778122668506
2.1735572622751853
2.0403733936884962
2.0924481013837553
2.2647937149998514
2.162587288020098
2.3330074161208327
2.305760278806872
1.9142650410022009
1.9142650410022009
1.9142650410022009
2.3506027073922433
2.3506027073922433
1.8744996115311403
2.4376617968407723
1.9142650410022009
1.9142650410022009
1.9142650410022009
2.3506027073922433
2.3506027073922433
1.9142650410022009
1.9142650410022009
1.9142650410022009
2.3506027073922433
1.9237949406953985
2.004886164091843
2.4237949406953985
2.199687794731328
2.4508257945180882
2.3432578733442675
2.221251836004466
2.5785519909913264
2.35274578087187
2.221251836004466
2.221251836004466
2.295461844238322
2.217021885879718
2.217721077570213
1.971747257128181
2.4996981431844145
2.2221915755066783
2.2841591278514217
2.0403733936884962
2.7364405016961446
2.287783719941071
2.1209520310264036
2.7744998774912797
2.4613201402110083
2.0403733936884962
2.221251836004466
2.0
2.5324403293892552
2.2221915755066783
2.629249223856034
2.390863696857044
1.823067982273661
2.247927513443585
2.5922973578171997
2.555913095175825
2.058813890331201
1.971747257128181
2.1954618442383222
2.4416298737872246
2.7806390622295662
2.4137995646056805
2.279799131837405
2.2221915755066783
2.4508257945180882
2.2221915755066783
2.0403733936884962
2.556656707462823
2.199687794731328
2.221251836004466
2.221251836004466
2.117492461184755
2.125814583693911
2.2585728843419153
2.510056460356539
2.3329145639793976
2.049452072789394
1.971747257128181
2.2221915755066783
2.4508257945180882
2.374556048381884
2.2221915755066783
2.472905595320056
2.646782221599798
2.3432578733442675
2.6556390622295662
2.2221915755066783
2.406666316740689
2.3912771115852185
2.025822543899829
2.614369445886757
1.971747257128181
2.556656707462823
1.7924812503605778
2.5341468438052397
2.33012496531497
2.2073595661407386
2.0403733936884962
2.2841591278514217
2.1280852788913944
2.60845859334435
2.2221915755066783
1.971747257128181
1.8585552118703144
2.460605779953793
2.004886164091843
2.4137995646056805
2.542482693809728
2.0403733936884962
2.199687794731328
2.436278124459133
2.0
2.5495234595978316
2.1607047528877827
2.140606459901073
2.0403733936884962
2.521782221599798
2.495461844238322
2.125814583693911
2.331164445867128
2.5424826938097276
2.6556390622295662
2.2810361125534233
2.1920058354921066
2.2841591278514217
2.0403733936884962
2.004886164091843
2.0
1.789929075309999
2.556656707462823
2.4377285451423574
2.2221915755066783
2.2221915755066783
2.7334585933443494
2.0403733936884962
2.1739731346044096
2.2221915755066783
2.33012496531497
2.2221915755066783
2.0403733936884962
2.064042639445697
2.5341468438052397
1.8553885422075338
2.004886164091843
2.287783719941071
2.2221915755066783
1.7924812503605778
2.2221915755066783
2.1632095937363847
2.049452072789394
2.4563756323901558
2.067797675172166
2.4193819456463714
2.0403733936884962
2.2221915755066783
2.128085278891394
2.3071885761626687
2.692380602454975
2.4613201402110088
2.2221915755066783
2.2841591278514217
2.2221915755066783
1.8585552118703144
2.3942811477133943
2.399397470347699
2.2221915755066783
2.369432036254818
2.2841591278514217
2.4508257945180882
2.221251836004466
2.2221915755066783
2.3600730651545314
1.971747257128181
2.0349409139562287
2.4137995646056805
2.668980145022532
2.5492553971684995
1.7924812503605778
2.2841591278514217
2.6452142384351807
2.085588016574086
1.789929075309999
1.5566567074628228
2.125814583693911
2.3134597501718237
2.1180825199306565
2.2684727516311214
2.074164743022575
2.2221915755066783
2.321928094887362
2.2221915755066783
2.321928094887362
2.3885353097639688
2.2221915755066783
2.321928094887362
2.2010299024362014
2.1556390622295662
2.744842531753244
2.251629167387823
2.2892464285091583
2.1280852788913944
2.251629167387823
2.2221915755066783
2.217021885879718
2.1556390622295662
2.2221915755066783
2.4508257945180882
2.1209520310264036
1.9992184835974094
1.8230264907128848
2.2841591278514217
2.221251836004466
2.556656707462823
2.606238928653389
2.0403733936884962
2.4508257945180882
2.646240625180289
2.33012496531497
2.48345859334435
2.125814583693911
2.4130884364257574
2.2221915755066783
2.2877837199410704
1.904643499453995
2.4410685859554375
2.6535442970305683
2.4662478973127313
1.971747257128181
2.5550365325772657
2.5637169871277954
2.852217001462482
2.221251836004466
2.1774212838293647
2.614369445886757
2.4508257945180882
2.2221915755066783
2.0989295636909353
2.3232196723355076
2.2221915755066783
1.896240625180289
2.08746284125034
1.867633890971212
2.289246428509158
2.0857225506480184
2.2810361125534233
2.2892464285091583
2.359879028736861
2.495602923729013
2.2841591278514217
2.495602923729013
2.2221915755066783
2.472905595320056
2.3447535340397483
2.363865121950854
2.4294945204514447
2.058813890331201
2.5917932260774954
2.2221915755066783
2.2683444080118833
2.319240704636849
1.9609640474436814
2.2569089895583545
2.2221915755066783
2.221251836004466
2.521782221599798
2.35274578087187
2.35845859334435
2.0403733936884962
2.498929563690935
2.054585169337799
2.289246428509158
2.312907291846956
2.4137995646056805
2.279799131837405
2.48345859334435
2.1416195253341384
2.484255144794799
2.2841591278514217
2.2183641295938012
2.403677461028802
1.9182958340544896
2.0403733936884962
2.223219672335508
2.4508257945180882
2.48345859334435
2.2221915755066783
2.438743920401748
2.2096909728231857
2.063202513215852
1.971747257128181
2.7329145639793975
2.0403733936884962
2.038159681645953
2.349601752714581
2.3458519893382603
1.9837164512140086
2.049452072789394
2.251629167387823
2.5550365325772657
2.430832051224084
2.5521796970665487
2.0047476376636353
2.350209029099897
2.2389205950315936
2.217021885879718
2.015139004509236
2.125814583693911
2.074164743022575
2.5623333564148307
2.2221915755066783
2.2841591278514217
2.263809173883546
2.292481250360578
2.278351811711312
2.287783719941071
1.7166194678913218
2.125814583693911
2.220068302234069
2.4056390622295662
2.696199049814856
2.1464657985040723
2.1029334343823503
2.4729055953200563
1.6321690091658687
2.068018429668906
2.2841591278514217
2.440404017720928
1.9508257945180885
2.250533809479614
2.0988320688278774
1.9746174364294884
2.196957186327418
2.458453829233059
2.4792336948111924
2.251629167387823
2.4584694896867667
2.054585169337799
2.692380602454975
2.418722908066561
2.0048861640918427
2.2221915755066783
2.668980145022532
2.2221915755066783
2.4613201402110083
2.2221915755066783
2.4980775466236413
2.353533948577482
2.2221915755066783
2.7792553760679404
1.811278124459133
2.2221915755066783
2.054293793519435
2.1799331234225003
2.523986065961297
2.5967916319816364
2.1416195253341384
2.711038815261277
2.038159681645953
2.5580510765444573
2.1887870678023824
2.5954618442383217
2.2810361125534233
2.2544475789720946
2.4834585933443494
2.457717469130148
2.702904337188607
2.353533948577482
2.7395722619867224
2.469240782172285
1.9215419333359276
2.7650500835805776
2.117492461184755
2.4328173151210213
2.033569899360605
2.208196592277087
2.0182155146751497
2.2684727516311214
2.2841591278514217
2.349601752714581
2.148834854280917
1.8751310486364097
2.574164743022575
2.039353872167201
2.5580510765444577
2.474601752714581
1.9086126988727123
2.6954091191008516
2.125814583693911
2.2825887305018333
1.971747257128181
2.8026930118056916
2.004886164091843
2.422579761842491
2.727217001462482
2.1920058354921066
2.5306390622295662
2.2841591278514217
2.725480556997868
2.566675633199584
2.063202513215852
2.2773276830375746
2.0741647430225756
2.2841591278514217
2.0403733936884962
2.2221915755066783
2.660189423184665
2.60902557364365
2.6384600665861555
2.1812056673346514
2.35274578087187
2.128085278891394
2.2408572864930365
2.47421904877862
2.4115091984199104
2.4961268547517808
2.7217062775743135
2.523986065961297
2.054585169337799
2.395461844238322
3.047239646525873
1.8322488896002305
2.1594777826895117
2.3673318597907254
3.0826000837916476
2.2841591278514217
2.0403733936884962
2.350209029099897
2.064042639445697
3.1201889533362803
2.217021885879718
2.373735909525858
2.4508257945180882
2.4843328909588793
2.215734100759607
2.684720200694302
2.125814583693911
2.0
2.4416298737872246
2.221251836004466
2.054585169337799
1.9508257945180885
2.2221915755066783
2.5239860659612976
2.054585169337799
1.971747257128181
2.3220847276178658
2.049452072789394
2.1416195253341384
2.8473185598427593
2.2221915755066783
2.4508257945180882
2.2221915755066783
2.251614471810182
1.9508257945180885
1.971747257128181
2.0403733936884962
1.991571439586909
2.179350202453772
1.9746017527145812
2.4729055953200563
2.2974533091219693
2.0210131870040793
2.2610276044371003
2.350209029099897
2.295461844238322
2.0419460322060456
2.2841591278514217
2.054585169337799
2.1967916319816365
2.221251836004466
1.971747257128181
2.8342953160960103
2.199687794731328
2.007856063692049
2.0403733936884962
2.0
2.278351811711312
2.004886164091843
2.084962500721156
2.4508257945180882
2.2221915755066783
2.422579761842491
2.2221915755066783
2.353533948577482
2.5073801024236357
2.131594116114934
2.595679674734698
2.556656707462823
1.971747257128181
2.17146526179041
1.8431890897153644
1.968873874720721
1.7544076200671745
1.7466407621868583
2.1607221957778115
2.038159681645953
2.4996981431844145
2.0403733936884962
2.4164997849817103
2.565957320949175
1.7295739585136223
2.1174924611847548
2.406666316740689
2.0403733936884962
2.4996981431844145
2.2221915755066783
1.971747257128181
1.780057897380426
2.0403733936884962
1.9808259362290785
1.760495029766198
2.125814583693911
2.432321322410861
2.221251836004466
2.2221915755066783
2.2221915755066783
2.2221915755066783
2.51414560415798
2.0403733936884962
2.709728948501483
2.499698143184414
2.0403733936884962
2.2892464285091583
2.5492553971684995
2.2221915755066783
2.353533948577482
2.5954618442383217
2.4806821149663847
2.4577174691301487
2.2221915755066783
2.4508257945180882
1.8170000539649165
2.2415419333359274
2.2221915755066783
2.5521796970665487
2.3192407046368486
2.1416195253341384
2.2841591278514217
2.005977711423774
2.2221915755066783
2.822340144500773
1.971747257128181
2.1416195253341384
2.499698143184414
2.1280852788913944
2.2221915755066783
2.4996981431844145
2.2226831892554917
2.353533948577482
2.049452072789394
2.2988252450030506
2.549523459597832
2.842370993177109
2.2221915755066783
2.349601752714581
1.896240625180289
2.646782221599798
2.1735572622751858
1.9508257945180885
2.5566567074628237
2.2221915755066783
2.349601752714581
2.0705934438130758
2.4137995646056805
2.696199049814856
1.8423709931771084
2.4225797618424916
1.9508257945180885
2.4508257945180882
2.0545851693377997
1.8423709931771088
1.8423709931771088
1.8423709931771088
1.8423709931771088
2.136800520148565
1.9086126988727123
1.823067982273661
1.5566567074628228
2.084962500721156
2.460904932167797
2.469670487371862
2.1492553971685
2.0403733936884962
2.2841591278514217
2.5495234595978316
2.4137995646056805
2.682588730501833
2.125814583693911
2.2221915755066783
2.2201676812848277
1.8092830792973653
2.125814583693911
2.1920058354921066
2.4508257945180882
2.2221915755066783
2.2841591278514217
2.2841591278514217
2.4613201402110083
2.209432036254818
2.396782221599798
2.606238928653389
2.074164743022575
2.359879028736861
2.0545851693377997
2.2037016960573483
2.4508257945180882
2.4187229080665604
2.130926080730337
2.2221915755066783
2.744842531753244
2.2221915755066783
1.789929075309999
2.3220847276178658
2.5131025872458284
2.427287210976627
2.8828560636920484
2.48345859334435
2.013911951300547
2.556656707462823
2.287783719941071
2.498929563690935
2.2841591278514217
2.2221915755066783
2.4996981431844145
2.1795097593752772
1.91564739788595
2.0183985397193114
2.229946532763276
2.349601752714581
2.251629167387823
2.0687942075658454
2.4508257945180882
1.8423709931771084
2.3395722619867225
2.629249223856034
2.1559681021459083
2.0191534613250357
2.0374011976541118
2.2408572864930365
2.2810361125534233
1.9195680283349996
2.218364129593801
2.2221915755066783
1.965596230357602
3.057014489171839
2.4508257945180882
1.9688238866642982
2.3004241080832215
2.646782221599798
2.2810361125534233
2.4387439204017474
1.8250112108241772
1.8752787217233322
2.692380602454975
1.971747257128181
1.9508257945180885
2.9450869266359216
2.3003980873087997
1.8585552118703144
2.3523479118118216
2.4662478973127318
2.3910353655857572
1.8553885422075338
2.1314076078546704
2.4508257945180882
2.117492461184755
2.7334585933443494
2.004886164091843
2.499698143184414
2.0403733936884962
1.9591479170272446
3.0460327858429515
2.2892464285091583
2.0403733936884962
2.591793226077496
2.2415419333359274
2.7747617297989158
2.224601752714581
2.0403733936884962
2.2221915755066783
2.289246428509158
2.2221915755066783
2.263809173883546
2.2221915755066783
2.2221915755066783
2.221251836004466
2.5993895916167014
2.004886164091843
1.8335343579660197
2.1055872616982603
2.145136370153053
2.223219672335508
1.7295739585136223
2.5501621881260164
2.223219672335508
2.0550365325772657
2.739572261986723
2.2221915755066783
2.0403733936884962
2.341446071165522
2.2221915755066783
2.270942421748537
2.4137995646056805
2.7171102625766643
2.287783719941071
1.8843135277997989
2.4864580716281224
2.2221915755066783
1.789929075309999
1.789929075309999
2.2841591278514217
2.199687794731328
2.2617840955380735
2.26564978775626
2.4973419908730565
2.2221915755066783
2.0199730940219753
2.406666316740689
2.5515148708628836
2.2096909728231857
2.3232196723355076
2.426292711673635
2.5609640474436812
2.224601752714581
2.146782221599798
2.221251836004466
2.7334585933443494
2.342749367979822
2.3109378064493638
2.2604235406305278
2.2830741894285698
2.263809173883546
2.135642334488415
2.056163530377443
2.3695710038552735
2.4569885365913753
2.353533948577482
2.7523273198046594
2.004886164091843
2.436278124459133
2.4996981431844145
2.4508257945180882
2.3220847276178658
2.2221915755066783
2.2221915755066783
2.5785519909913264
2.4508257945180882
1.7763947253614383
2.0854752972273345
1.6321691415581443
2.263809173883546
2.7777768114567865
2.2221915755066783
1.9746017527145814
2.6199707109276353
1.789929075309999
2.495461844238322
2.2892464285091583
2.1920058354921066
2.4508257945180882
2.2221915755066783
2.5946694353352617
2.4508257945180882
2.1416195253341384
2.10558726169826
2.273728829005326
2.4584538292330587
2.3531906713383224
2.8394813306430433
1.9523612813926658
2.311278124459133
2.054585169337799
2.4584538292330587
2.2816696599988733
2.196957186327418
2.2221915755066783
2.617978140453044
2.2221915755066783
2.2221915755066783
2.074087044559035
1.882246304530173
2.0403733936884962
2.5560542104133326
2.125814583693911
2.1920058354921066
2.4508257945180882
3.091710425487325
2.4834585933443494
2.2221915755066783
2.3531906713383224
2.2221915755066783
2.4508257945180882
2.2221915755066783
2.0403733936884962
2.2221915755066783
2.2221915755066783
2.004886164091843
2.148834854280917
2.8567914713980405
2.130926080730337
2.5366082543915
2.3726506247079278
1.789929075309999
2.359879028736861
2.422579761842491
2.319973094021975
2.2221915755066783
2.8353479811304725
2.1700084471353183
2.2569089895583545
2.217021885879718
2.3959988705348416
2.1416195253341384
2.004886164091843
1.971747257128181
2.295461844238322
2.4416298737872246
1.867633890971212
2.004886164091843
1.823067982273661
2.3209853980793573
2.049452072789394
2.125814583693911
2.271782221599798
2.6337314206421327
2.2485702580697673
2.0403733936884962
2.208196592277087
2.30827083453526
2.2221915755066783
2.2221915755066783
2.1280852788913944
2.7045348998193437
2.0403733936884962
2.746824813546045
2.4508257945180882
2.606238928653389
1.9989605881713537
2.117492461184755
2.2221915755066783
1.7924812503605778
2.2221915755066783
2.606238928653389
1.9508257945180885
2.0403733936884962
2.4115091984199104
2.456585924412018
2.2221915755066783
2.2221915755066783
2.33012496531497
2.125
2.4508257945180882
2.6517939026287696
2.2841591278514217
2.456820517813651
2.132764662257932
2.555269044648117
2.0403733936884962
2.341446071165522
2.4416298737872246
2.205815691671777
2.004886164091843
2.195461844238322
2.049452072789394
2.5550365325772657
3.319713118211468
2.4137995646056805
2.4137995646056805
2.6535442970305683
2.0403733936884962
2.1377785457145273
1.971747257128181
1.811278124459133
2.049452072789394
2.1007808010609126
2.2841591278514217
2.087208688806192
1.9856124350041662
1.7351690878172175
2.463458298648303
2.2221915755066783
2.0349409139562287
2.270942421748537
2.2221915755066783
2.2221915755066783
1.8352377453121174
1.8280618318609498
2.5886329934418044
2.0545851693377997
2.1682437950126725
2.167124282150162
2.4692407821722844
2.3866338613730567
2.5790390674246133
2.646782221599798
2.2841591278514217
2.4164997849817107
2.521782221599798
2.4056390622295662
2.4137995646056805
1.971747257128181
2.2221915755066783
2.2221915755066783
1.968130013765764
2.395461844238322
1.936278124459133
2.4508257945180882
1.7924812503605778
2.5580510765444577
2.556901076035406
2.225610814520738
2.049452072789394
2.221251836004466
2.1416195253341384
2.065451399311646
2.2825887305018333
2.33012496531497
2.6531467382894536
2.8384563773505884
2.56942047858244
2.4887855917769937
2.2221915755066783
2.4729055953200563
2.270942421748537
2.353533948577482
2.7806390622295662
2.2987949406953985
2.4613201402110083
2.339572261986723
2.128085278891394
2.120952031026403
1.915885150264076
1.981124654456902
2.2585728843419157
2.646782221599798
2.054585169337799
2.2221915755066783
2.0403733936884962
2.2221915755066783
2.0403733936884962
2.094856783548739
2.1577174691301484
2.405899215256986
2.5785519909913264
2.7865766899407327
2.3050365325772657
2.2221915755066783
2.570033384414045
2.4634582986483036
2.4404040177209283
1.9609640474436814
2.224601752714581
2.004886164091843
2.130926080730337
2.359879028736861
2.4508257945180882
1.879964948727111
2.148834854280917
1.9877733714879842
2.004886164091843
2.5967916319816364
2.2221915755066783
2.263809173883546
1.8256051990169437
2.199687794731328
2.263809173883546
2.9025182662886326
2.2221915755066783
2.2221915755066783
2.353533948577482
2.278351811711312
1.8892464285091581
2.2221915755066783
2.484255144794799
2.709147917027245
2.359879028736861
2.2221915755066783
2.1174924611847548
1.823067982273661
3.0415301730294653
2.6601297526332575
2.022579761842491
2.542328989413759
2.311278124459133
2.2221915755066783
2.2221915755066783
2.646782221599798
2.0403733936884962
2.0403733936884962
2.2221915755066783
2.815922063835166
2.5566567074628237
2.4729055953200563
2.2221915755066783
2.345851989338261
2.495602923729013
2.2841591278514217
2.054585169337799
1.971747257128181
2.4508257945180882
2.7668241900809845
2.2221915755066783
2.4137995646056805
2.5995812306460646
1.7924812503605778
2.2221915755066783
2.287783719941071
2.4237949406953985
2.2221915755066783
2.345851989338261
2.615724605447171
2.221251836004466
2.2221915755066783
2.7806390622295662
2.499698143184414
1.867633890971212
2.2221915755066783
2.365596230357602
2.0403733936884962
2.472905595320056
2.1967916319816365
2.2841591278514217
2.216521698179525
2.2569089895583545
2.2806390622295662
2.0116298903693024
2.5245239379459856
2.458453829233059
1.971747257128181
2.19504541531385
2.1684656711105887
2.5910029073801066
1.9287705856438881
2.292481250360578
2.5305224499053236
2.004886164091843
2.146782221599798
2.406666316740689
2.3707993968921866
1.8262452584026092
2.263809173883546
2.2221915755066783
2.0403733936884962
2.004886164091843
2.3450525501511783
2.509027512532651
1.971747257128181
2.1174924611847548
1.8997218324096137
2.0132790219068077
1.9523612813926658
2.251629167387823
2.472905595320056
2.2221915755066783
2.453880987666651
2.35274578087187
2.343767422366671
2.3253314601288055
2.25
2.1179631753145163
2.3820139422512874
2.521782221599798
2.0403733936884962
2.2221915755066783
2.4508257945180882
2.671737433422466
2.760887217242649
2.4996981431844145
2.2221915755066783
2.270942421748537
1.971747257128181
2.457717469130148
2.217021885879718
2.499698143184414
2.2389205950315936
2.4508257945180882
2.251629167387823
1.7841591278514217
1.789929075309999
2.7254805569978675
2.3805425036562067
1.9508257945180885
2.692380602454975
2.2221915755066783
2.322756958897399
2.049452072789394
2.4478145518633645
2.4137995646056805
2.403677461028802
2.2841591278514217
2.3037016960573484
2.058813890331201
2.4729055953200563
2.2221915755066783
2.131300342505361
2.1892869761976885
2.4164997849817107
2.004886164091843
2.5424826938097276
2.224394445405986
2.7806390622295662
2.824443180989321
2.466529988525954
2.8104469014038256
2.225605199016944
2.4569885365913757
2.463458298648303
2.4662478973127313
2.7509141328758404
2.217021885879718
2.2221915755066783
2.004886164091843
2.2221915755066783
2.4508257945180882
1.7841591278514217
2.077819531114783
2.220068302234069
2.35274578087187
2.392278245058993
2.591793226077496
1.9508257945180885
2.4164997849817103
2.2807211457653436
2.614369445886757
2.3327230088457283
2.063202513215852
2.485475297227334
2.3996275363413564
2.8054778253786936
1.965596230357602
2.2221915755066783
2.038159681645953
1.971747257128181
2.0403733936884962
2.2221915755066783
2.422579761842491
2.2030713060627085
2.2221915755066783
2.2221915755066783
2.0403733936884962
2.359879028736861
2.2841591278514217
2.2841591278514217
2.499698143184414
2.0403733936884962
2.5321680556499793
1.8423709931771088
2.4508257945180882
2.4164997849817107
2.4584538292330587
2.0403733936884962
2.4508257945180882
2.2221915755066783
2.0588138903312014
2.4973419908730565
2.591793226077496
2.4127186026019425
2.2221915755066783
1.8919954870390203
2.4508257945180882
1.7592205383380788
2.474601752714581
2.2389205950315936
2.270942421748537
2.2221915755066783
1.867633890971212
2.038159681645953
1.9830841641434374
2.3921472236645345
2.2389205950315936
2.103909910282364
2.270942421748537
2.2221915755066783
2.7429838339264347
2.6825887305018337
2.606238928653389
2.339572261986723
1.823067982273661
2.5306390622295662
2.2841591278514217
1.983084164143437
1.789929075309999
1.823829807603063
2.0027871993942603
2.968526587808265
2.282588730501833
2.7545985337148835
2.6384600665861555
2.004886164091843
2.353533948577482
2.004886164091843
2.349601752714581
1.9182958340544896
2.353533948577482
2.0670314951575843
2.436278124459133
2.6556390622295662
1.8423709931771084
2.339572261986723
2.4613201402110083
2.4248356349861977
1.9358825414799603
2.1280852788913944
2.345851989338261
2.339572261986723
1.854285871987246
2.4508257945180882
2.1887870678023824
2.556656707462823
2.2221915755066783
2.349601752714581
2.125814583693911
2.2221915755066783
2.4634582986483036
2.2516291673878226
2.1824997044057435
2.649397470347699
2.646782221599798
2.221251836004466
2.2841591278514217
2.221251836004466
2.0545851693377997
2.171716130942216
2.457717469130148
2.59242188252428
1.867633890971212
2.3956520286497685
2.3050365325772657
1.867633890971212
2.146782221599798
1.8799649487271108
2.353533948577482
2.221251836004466
2.696395099679031
2.2221915755066783
2.180609385570651
2.1921438663169983
1.971747257128181
1.8423709931771086
2.022579761842491
2.353533948577482
2.004886164091843
2.4416298737872246
2.2221915755066783
1.971747257128181
2.2784750896585417
2.030211950247993
2.054585169337799
2.278787598135611
2.422579761842491
2.531510777487775
2.263809173883546
2.1383183109266795
1.823067982273661
2.4634582986483036
2.589517877819773
2.2221915755066783
2.4164997849817107
2.3908636968570445
2.530493056757482
2.3221793455166666
2.219240704636849
2.4508257945180882
2.7777768114567865
2.221251836004466
2.002755067189044
2.2841591278514217
3.167496251942228
1.971747257128181
2.460904932167797
2.4508257945180882
2.4404040177209283
2.5541522113239497
2.2988527261581813
2.6062389286533896
2.0524212838293647
2.110625918002233
2.1280852788913944
1.7393538721672006
2.270942421748537
2.4508257945180882
1.971747257128181
2.5239860659612976
2.049452072789394
2.6607546627667134
2.6535442970305683
2.0403733936884962
2.9670907747498885
2.822181958642873
2.2221915755066783
2.7395722619867224
2.2221915755066783
2.128085278891394
2.629249223856034
2.263809173883546
1.9877733714879842
2.054585169337799
2.1527217381013255
2.3319805666410693
2.2221915755066783
2.2221915755066783
2.473851389610045
2.0
2.08746284125034
2.2221915755066783
2.2221915755066783
2.128085278891394
2.2221915755066783
2.4508257945180882
2.2221915755066783
2.199687794731328
2.2232196723355075
2.1174924611847548
2.1920058354921066
2.4887855917769937
2.2645127868218253
2.53414684380524
2.5032583347756456
1.93012496531497
2.125115272576802
2.33012496531497
2.2737288290053255
2.744854341828505
2.5637169871277954
2.696199049814856
2.3305576533947314
2.2221915755066783
2.4613201402110083
2.4508257945180882
2.523986065961297
1.9567796494470393
1.8256051990169437
2.4508257945180882
2.0458416408851736
2.004886164091843
2.7806390622295662
1.8423709931771084
2.6535442970305683
2.2221915755066783
2.1920058354921066
2.0403733936884962
2.148834854280917
2.4508257945180882
2.287783719941071
2.4508257945180882
2.4404040177209283
2.2221915755066783
2.2841591278514217
2.472905595320056
2.1329750383556187
2.603975726610715
2.567946409876892
2.0787701669145147
1.8553885422075338
2.3736606896881858
2.0524212838293647
2.1474638036681575
2.199687794731328
2.2200683022340693
2.122543138694426
2.1179631753145163
2.1167134820520848
1.823067982273661
2.2221915755066783
2.4613201402110083
1.9508257945180885
2.2221915755066783
2.0822287189138016
2.0403733936884962
2.0403733936884962
2.0403733936884962
2.0403733936884962
2.0403733936884962
2.0403733936884962
2.0403733936884962
2.0403733936884962
2.0403733936884962
2.0403733936884962
2.0403733936884962
2.0403733936884962
2.6469854578513536
2.4508257945180882
1.789929075309999
1.9182958340544896
2.2221915755066783
2.5247326156895404
2.4508257945180882
2.702904337188607
2.4137995646056805
2.606238928653389
2.6249368279018075
2.1800365325772657
2.4973419908730565
2.887210311338979
1.9126665066625033
2.319973094021975
2.374556048381884
2.4251310395334054
2.4949188482339504
2.4404040177209283
2.260964047443681
2.33012496531497
2.8234651896016465
2.599581230646064
2.4528385678644473
2.9356498918388856
2.6556390622295662
2.216521698179525
2.418722908066561
2.5332062193464955
2.6405219626825924
1.971747257128181
2.133937566094917
2.0980685120588385
2.0324876891689536
2.4250983688182997
2.4508257945180882
2.1416195253341384
2.495602923729013
2.349601752714581
2.054585169337799
2.2841591278514217
2.157549965552206
2.2221915755066783
2.2841591278514217
2.472905595320056
2.1800365325772657
2.2221915755066783
2.2856005389623073
2.1174924611847548
2.556656707462823
2.2221915755066783
2.1280852788913944
2.2221915755066783
2.1174924611847548
1.971747257128181
2.054585169337799
2.2221915755066783
2.413890986728065
2.48345859334435
2.524397470347699
1.9591479170272446
2.221251836004466
2.4508257945180882
2.217021885879718
2.3935474965388988
2.4508257945180882
2.5182878038025436
2.0954618442383217
1.789929075309999
2.2221915755066783
2.4508257945180882
2.521861955304502
2.724719803319051
2.131407607854671
2.1308768217113325
2.695094891701953
2.4772170014624826
2.3908054820769817
2.0999857329017306
2.522620309531022
1.789929075309999
2.258846120761488
2.535857775918279
2.457717469130148
2.611568804363066
2.080372065248465
2.33012496531497
2.0968226336265308
2.2221915755066783
2.084962500721156
2.3111986673263862
2.5341468438052397
2.0545851693377997
2.005977711423774
2.128085278891394
2.5495234595978324
2.5637169871277954
2.8936474604335363
2.5580510765444573
1.789929075309999
2.2221915755066783
2.4187229080665604
2.713216235691139
2.9137995646056796
2.2221915755066783
2.4508257945180882
2.785951966654944
2.279799131837405
2.0403733936884962
2.522620309531022
2.319973094021975
1.8585552118703144
2.049452072789394
1.8250112108241772
1.85560377703983
1.7527152789797047
1.584962500721156
2.054585169337799
2.260820318171659
2.1280852788913944
2.6062389286533896
2.2221915755066783
2.295461844238322
2.463458298648303
2.2221915755066783
2.472905595320056
2.3432578733442675
2.785554632098879
2.606238928653389
2.353533948577482
2.2221915755066783
2.606238928653389
2.4508257945180882
2.1280852788913944
2.0403733936884962
1.8919954870390203
2.349601752714581
2.3806017119473877
2.2806390622295662
2.1325688332188055
2.0216148719112956
2.199687794731328
2.2221915755066783
2.521782221599798
2.5946694353352617
2.2841591278514217
2.524397470347699
2.466247897312731
2.3192300332930778
2.4387439204017474
2.163209593736385
1.789929075309999
2.7138441622025065
2.7395722619867224
2.2221915755066783
2.2841591278514217
1.971747257128181
2.196791631981637
2.353533948577482
2.2221915755066783
2.359879028736861
2.2221915755066783
2.2221915755066783
3.215948773066412
2.521782221599798
2.4613201402110083
2.2709505944546686
2.369696689044702
1.7924812503605778
2.2221915755066783
2.2221915755066783
2.6062389286533896
2.744842531753244
2.349601752714581
2.1174924611847548
2.614369445886757
2.2569089895583545
2.222683189255492
2.217021885879718
2.199687794731328
2.0403733936884962
2.0403733936884962
2.125814583693911
2.218846363733215
2.0545851693377997
2.522171175606714
2.275170354773194
2.614369445886757
2.376717193094392
2.5478976275004666
2.556656707462823
2.09379182517697
2.744842531753244
1.971747257128181
2.217021885879718
2.125814583693911
2.2841591278514217
2.4508257945180882
2.4417350141116447
2.390863696857044
2.2221915755066783
3.060153094765499
2.2221915755066783
2.2841591278514217
2.0403733936884962
2.049452072789394
2.2221915755066783
2.065765216362195
1.7924812503605778
3.133380719055401
2.1174924611847548
1.7924812503605778
2.4137995646056805
2.2221915755066783
2.004886164091843
2.185542933847563
2.263809173883546
2.353190671338322
2.004886164091843
2.221251836004466
2.05896456442329
1.8822287189138014
2.349601752714581
2.401058322494375
2.2988252450030506
2.715002070633652
2.668980145022532
2.278351811711312
2.4508257945180882
2.992036299796517
2.021268494903765
2.152979246434021
2.445249011792689
2.112585390635543
2.163334789103821
2.385037656842365
1.7841591278514217
1.7924812503605778
2.1920058354921066
2.2841591278514217
2.2221915755066783
2.2221915755066783
1.9877733714879842
1.9508257945180885
2.038159681645953
2.217021885879718
1.971747257128181
2.2221915755066783
2.606238928653389
2.128085278891394
2.221251836004466
2.049452072789394
1.971747257128181
2.4508257945180882
2.1800365325772657
2.4416298737872246
2.251629167387823
2.374556048381884
2.260820318171659
2.6535442970305683
2.038159681645953
2.556656707462823
2.535857775918279
2.292481250360578
2.7199643047423905
2.265227328031093
1.5745783758543492
2.217021885879718
2.60845859334435
2.221251836004466
1.6418857980613821
2.2810361125534233
2.422579761842491
2.25
2.5073801024236357
2.5424826938097276
2.2221915755066783
2.3942811477133943
2.217021885879718
2.084962500721156
1.4998918734198723
1.811278124459133
2.866247897312731
2.0131324651707385
2.2221915755066783
2.464983749378994
2.1535942880813344
2.145136370153053
2.692380602454975
2.692380602454975
2.004886164091843
2.0545851693377997
2.217021885879718
2.163890986728065
2.0201866968442483
2.0376172611213352
2.0552614282206956
1.971747257128181
1.7430565915251377
1.9579393553211155
2.2841591278514217
2.100303493880481
2.11508275856903
2.058981587657258
2.3889493216907822
2.374556048381884
2.2062389286533897
2.251976100260167
2.4245491185273695
1.812166021208904
2.311278124459133
2.208492225816881
2.146465798504072
2.5093619287156654
1.9877733714879842
2.292481250360578
2.3531906713383224
2.251629167387823
2.0844350719354887
2.353533948577482
2.4137995646056805
2.6337314206421327
2.353533948577482
2.260820318171659
2.935584591873503
2.4416298737872246
2.054585169337799
2.367111469779674
2.2221915755066783
2.117492461184755
3.4322574485535147
2.457717469130148
2.1174924611847548
2.146782221599798
2.054585169337799
2.4085490968753085
2.4164997849817107
2.289246428509158
2.3577174691301486
3.2431112332020087
1.971747257128181
2.2221915755066783
1.8585552118703144
2.004886164091843
2.484068452547233
2.1174924611847548
2.4508257945180882
2.270942421748537
2.2096909728231857
1.971747257128181
2.004886164091843
2.696199049814856
2.646782221599798
2.2221915755066783
2.521782221599798
2.2221915755066783
1.867633890971212
2.004886164091843
2.3220847276178658
2.2943242603516207
2.2221915755066783
2.424835634986198
2.422579761842491
2.350209029099897
2.117492461184755
2.125814583693911
1.789929075309999
2.117492461184755
2.990469567846577
3.179499152918667
2.221251836004466
2.0403733936884962
2.2221915755066783
2.4508257945180882
2.289246428509158
2.3522170014624826
2.696199049814856
2.702904337188607
2.206238928653389
2.5032583347756456
2.4956029237290123
2.5358577759182794
2.1179631753145163
2.117492461184755
2.0403733936884962
1.9877733714879842
1.7924812503605778
2.495602923729013
2.074164743022575
2.1503097444942734
2.1280852788913944
1.9609640474436814
2.60845859334435
2.406666316740689
2.2877837199410704
2.2125038423722683
2.049452072789394
2.0461796919474975
2.292481250360578
2.6084585933443494
2.397334910352524
2.1280852788913944
2.395461844238322
2.2877837199410704
2.199687794731328
1.823067982273661
2.4508257945180882
2.295461844238322
2.2221915755066783
2.727217001462482
2.2221915755066783
2.5495234595978316
2.33012496531497
1.7779849042597489
1.7924812503605778
2.347312051491349
2.289246428509158
2.0403733936884962
1.9653059184883495
2.720185579473519
2.436278124459133
2.3308442812140955
2.2221915755066783
2.199687794731328
2.117492461184755
2.4137995646056805
2.2621849499854516
2.5052077877155696
2.2841591278514217
3.083587370023807
2.146782221599798
1.9508257945180885
1.823067982273661
2.573982713772192
2.614579270094413
2.4905074211313076
1.9066663167406888
2.0550365325772657
2.406666316740689
1.8454372523105547
1.8062389286533895
2.2841591278514217
1.823067982273661
2.1055872616982603
1.9827549170245238
2.0225797618424917
2.2221915755066783
1.9508257945180885
2.004886164091843
2.251629167387823
2.4508257945180882
2.4577174691301487
2.5306390622295662
2.2221915755066783
2.2062389286533897
2.3144908557451114
2.058501818103031
2.4732158711527603
2.4662478973127313
1.971747257128181
1.907516971950949
2.4508257945180882
2.2246273683925377
2.2221915755066783
2.6413674800823643
2.3208501495695986
2.1969571863274178
2.2309943059178585
2.4464283109928244
2.270942421748537
2.7395722619867224
2.130926080730337
2.7395722619867224
2.2221915755066783
2.4996981431844145
2.1416195253341384
2.4416298737872246
2.2877837199410704
2.0403733936884962
2.2221915755066783
2.495602923729013
2.127986806877675
1.971747257128181
2.2841591278514217
1.823067982273661
2.11121658843249
2.4402244655112293
2.5995812306460646
2.2585728843419157
2.292481250360578
2.2221915755066783
2.2221915755066783
1.971747257128181
2.1690354219421173
1.8262452584026092
2.1174924611847548
2.146146483360874
2.7334585933443494
2.4613201402110083
2.495602923729013
2.2841591278514217
2.3921472236645345
2.2221915755066783
2.463458298648303
1.4591479170272448
2.48345859334435
2.0403733936884962
2.4137995646056805
1.9609640474436814
1.9609640474436814
2.4508257945180882
2.4996981431844145
2.4887855917769937
2.2221915755066783
2.60845859334435
2.2841591278514217
2.221251836004466
2.7652206044671144
2.705190499271973
2.484183719779189
2.7029043371886066
2.2232196723355075
2.084962500721156
2.4508257945180882
2.2841591278514217
2.270942421748537
2.499698143184414
2.005977711423774
2.0403733936884962
2.5954618442383217
2.4737666469521526
2.2221915755066783
2.1280852788913944
2.224394445405986
1.7391518977392186
2.2221915755066783
2.2221915755066783
2.499698143184414
2.692380602454975
2.3637486124262357
2.0403733936884962
2.3003980873087997
2.1209520310264036
2.0585018181030303
2.2221915755066783
1.9751060324573735
3.142415368933986
2.5239860659612976
2.1097379321298906
2.2221915755066783
1.971747257128181
2.1416195253341384
2.359879028736861
2.2221915755066783
2.0930692077718898
2.473851389610045
2.2221915755066783
2.2841591278514217
2.349601752714581
2.0403733936884962
1.8676338909712125
1.9877733714879842
2.359879028736861
1.971747257128181
2.2062389286533897
2.4137995646056805
2.899397470347699
2.1999793267164867
2.2221915755066783
2.5559130951758244
2.30827083453526
2.080500530640267
2.472905595320056
2.017830491246505
2.033222810949785
2.1535654389463628
2.463458298648303
2.2221915755066783
2.530180464938829
1.7924812503605778
2.345851989338261
2.2221915755066783
2.8662478973127308
2.159752933103787
2.606238928653389
2.41379956460568
2.084962500721156
2.395976966174173
2.521782221599798
2.4137995646056805
2.6292492238560343
2.33012496531497
2.25
2.25
2.25
2.25
2.25
2.163890986728065
2.375
2.375
2.375
2.4797991318374057
2.25
2.25
2.25
2.25
2.25
2.390863696857044
2.25
2.25
2.25
2.25
2.25
2.263809173883546
2.375
2.510160256782696
2.375
2.375
2.375
2.5311293540650146
2.2221915755066783
2.0349409139562287
2.345851989338261
2.25
2.25
2.25
2.25
2.25
2.5306390622295662
2.5306390622295662
2.25
2.25
2.25
2.25
2.25
2.5306390622295662
2.5306390622295662
2.375
2.375
2.375
2.535857775918279
2.521782221599798
2.2221915755066783
2.167124282150162
2.2816696599988733
2.2816696599988733
2.2816696599988733
2.1179631753145163
2.2816696599988733
2.2816696599988733
2.2816696599988733
2.1179631753145163
2.3656890156593926
2.221251836004466
2.251629167387823
2.251629167387823
2.1179631753145163
2.221251836004466
2.251629167387823
2.251629167387823
2.2816696599988733
2.2816696599988733
2.2816696599988733
2.1179631753145163
2.370423042622588
2.0403733936884962
2.2221915755066783
2.1280852788913944
2.1920058354921066
2.221251836004466
2.221251836004466
1.971747257128181
1.9877733714879842
2.221251836004466
2.221251836004466
1.8423709931771088
2.4404040177209283
2.2221915755066783
2.0403733936884962
2.35845859334435
2.2081965922770874
2.1920058354921066
2.521782221599798
1.867633890971212
2.2565510852065533
2.5341468438052397
2.353533948577482
2.2841591278514217
2.395680870704727
2.221251836004466
2.0403733936884962
1.789929075309999
1.8931558784658322
2.2763494427663282
2.2241016495243744
2.3846925655506634
2.221251836004466
2.4508257945180882
2.521782221599798
2.2221915755066783
2.1556390622295662
2.0403733936884962
2.365596230357602
2.221251836004466
2.2806390622295662
2.0588138903312014
2.345851989338261
1.9688738747207215
2.0
2.1556390622295662
2.2221915755066783
2.118114956976576
2.556656707462823
1.971747257128181
2.199687794731328
2.2478014618645066
2.123199115426226
2.4508257945180882
1.7841591278514217
2.054585169337799
2.0403733936884962
1.3787834934861753
2.53414684380524
1.4488156357251847
2.498929563690935
2.7806390622295662
2.1280852788913944
2.0202442071537563
2.3341716188110126
1.8250112108241772
2.1414460711655217
2.4228981067599564
1.9852281360342514
2.295461844238322
2.2841591278514217
1.823067982273661
2.0403733936884962
2.2221915755066783
2.359879028736861
2.3003980873087992
1.95006375643621
2.4584538292330587
2.4508257945180882
2.221251836004466
2.606238928653389
2.1492553971685
2.1623687835735015
2.761619065295648
2.2841591278514217
2.1280852788913944
2.103909910282364
2.1280852788913944
2.7744998774912797
2.2877837199410704
2.692380602454975
2.206544218212879
2.4416298737872246
2.9827899465895102
2.0545851693377997
2.3458519893382603
2.4225797618424916
1.8423709931771084
2.4137995646056805
2.685820381093429
2.2877837199410704
2.199687794731328
2.2584598927441624
2.1869392042496294
2.495602923729013
2.6341837197791884
2.2221915755066783
2.33012496531497
2.2221915755066783
2.5128848701986013
2.5785519909913264
1.9808259362290788
2.221251836004466
2.3942595824371233
2.221251836004466
2.474601752714581
2.463458298648303
2.2221915755066783
1.971747257128181
2.199687794731328
1.971747257128181
2.6199707109276353
1.971747257128181
2.2221915755066783
2.2311197773146976
2.401703263618631
2.2221915755066783
2.4071818054942646
2.7777768114567865
2.4137995646056805
2.417320658596841
2.499698143184414
2.2841591278514217
2.2221915755066783
2.1684656711105887
2.5917932260774954
2.353533948577481
2.4164997849817107
2.4577174691301487
2.406666316740689
2.406666316740689
2.1280852788913944
2.2221915755066783
2.2221915755066783
2.2528786893420305
2.125814583693911
2.4178374811081893
2.2221915755066783
2.0403733936884962
2.2221915755066783
2.0403733936884962
2.221251836004466
2.4508257945180882
2.0403733936884962
2.2221915755066783
2.698935871321563
2.4137995646056805
2.349601752714581
2.559651458859479
2.739095499403042
2.0874628412503395
2.0403733936884962
2.2336934671884374
2.472905595320056
2.35845692505447
2.125814583693911
2.5495234595978316
1.7924812503605778
1.7924812503605778
2.325793910410398
2.2841591278514217
2.0403733936884962
2.744842531753244
2.2606218810867014
2.2221915755066783
2.1416195253341384
2.2892464285091583
2.2812162099938424
2.0403733936884962
1.7924812503605778
2.117492461184755
2.0
2.48345859334435
2.4692407821722844
2.0324876891689536
2.0670314951575843
2.4360069453309547
1.971747257128181
2.4508257945180882
1.7841591278514217
2.0403733936884962
2.007450114482578
2.302683189255492
2.244597750977696
2.2221915755066783
1.9015064025015063
2.289246428509158
2.6689801450225326
2.2221915755066783
2.463458298648303
2.1280852788913944
2.591793226077496
2.4614565908049193
2.406666316740689
2.2221915755066783
2.2221915755066783
2.353533948577482
2.422579761842491
2.353533948577482
2.2221915755066783
2.732914563979398
2.5917932260774954
2.004886164091843
2.0662478973127314
2.7806390622295662
2.192005835492107
2.0403733936884962
2.004886164091843
2.614369445886757
1.971747257128181
2.2221915755066783
2.219240704636849
2.396782221599798
1.7783283537314114
2.4056390622295662
2.045841640885174
1.9609640474436814
2.5995812306460646
2.0403733936884962
2.460904932167797
2.33012496531497
2.4137995646056805
2.004886164091843
1.8431019209526691
2.4996981431844145
2.8447796609030482
2.4508257945180882
2.5785519909913264
2.1559681021459083
1.789929075309999
2.2221915755066783
2.1967916319816365
2.5073812408711764
2.2221915755066783
2.169925001442312
2.2221915755066783
1.8423709931771084
2.7721854605116723
2.31360885069569
2.4531150055728594
1.4591479170272448
2.4416298737872246
2.35274578087187
2.038159681645953
2.4996981431844145
2.2221915755066783
2.696199049814856
2.221251836004466
2.2221915755066783
1.5
2.004886164091843
2.1174924611847548
2.2221915755066783
2.133937566094917
2.4225797618424916
2.2221915755066783
1.971747257128181
2.4508257945180882
2.4508257945180882
2.692380602454975
2.339572261986723
2.0403733936884962
2.8237976776398415
2.199687794731328
2.2569089895583545
2.054585169337799
2.2221915755066783
2.2601376341526818
2.5559130951758244
2.1559681021459083
2.472905595320056
2.2942740671928616
2.1920058354921066
2.924886625190374
2.378991986900062
2.2221915755066783
2.822181958642873
2.6535442970305683
1.8681278260232466
2.4996981431844145
2.7777768114567865
2.4137995646056796
2.221251836004466
2.2693948246652953
2.120952031026403
2.0403733936884962
2.5868878409958143
2.221251836004466
2.0626292251414347
2.5785519909913264
2.3218150511913094
2.3890916128592017
2.219973094021975
2.7254805569978675
2.199687794731328
2.365596230357602
2.4137995646056805
2.499698143184414
2.2221915755066783
2.221251836004466
1.8789687013606597
1.75
2.125814583693911
2.4996981431844145
2.084962500721156
2.2841591278514217
2.0403733936884962
2.2807876549494517
2.084962500721156
1.9718925930973112
2.606238928653389
1.789929075309999
2.588970789136536
2.349601752714581
2.254447578972094
2.4508257945180882
2.422579761842491
2.247084753917085
2.084962500721156
1.7527152789797047
2.4508257945180882
2.1280852788913944
2.2841591278514217
2.221251836004466
1.9591479170272446
2.4416298737872246
1.9182958340544896
2.4964793754946895
1.971747257128181
2.1607047528877823
2.2221915755066783
2.2841591278514217
2.3627402784989338
2.2877837199410704
2.4508257945180882
2.556656707462823
2.2221915755066783
2.495602923729013
2.0225797618424917
2.260820318171659
2.221251836004466
2.221251836004466
2.4137995646056805
2.52473261568954
2.4508257945180882
2.314979820516481
2.2684727516311214
2.1690354219421173
1.8423709931771084
2.282588730501833
2.050919982001498
2.1324373408045867
2.1234786725698864
2.5785519909913264
2.0403733936884962
3.0471137970331235
2.33012496531497
2.0403733936884962
2.4206959292754546
1.9877733714879842
2.248529327128576
2.422579761842491
2.3297320821610543
2.472905595320056
2.25
2.1812056673346514
2.2814462981346573
2.295461844238322
2.133937566094917
2.2810361125534233
2.917846701720622
2.521782221599798
2.606238928653389
2.004886164091843
2.128085278891394
2.4508257945180882
2.0403733936884962
2.2221915755066783
2.353533948577482
2.4508257945180882
2.2221915755066783
2.35274578087187
2.289246428509158
1.7924812503605778
2.523986065961297
2.2841591278514217
2.4331958387289765
2.4692407821722844
2.2221915755066783
2.692380602454975
2.4056390622295662
2.2856005389623073
2.2221915755066783
2.041814515501815
2.922391228119254
2.2221915755066783
2.39207883297832
2.2684727516311214
2.25
2.535857775918279
1.823067982273661
2.0403733936884962
2.353225142165629
2.397334910352524
2.2841591278514217
2.0
2.732914563979398
2.4416298737872246
2.1280852788913944
2.339572261986723
2.133937566094917
2.3071885761626687
2.5306390622295662
2.216521698179525
2.2221915755066783
2.33012496531497
2.2221915755066783
2.6848100275039113
2.4164997849817103
2.3935474965388988
2.0403733936884962
2.4387439204017474
2.0403733936884962
2.33012496531497
2.2221915755066783
2.084962500721156
2.815202399980486
2.6384600665861555
2.5868878409958143
2.402084237819134
2.130926080730337
1.823067982273661
2.117492461184755
2.521782221599798
2.260820318171659
2.359879028736861
2.6535442970305683
1.93012496531497
1.971747257128181
2.2221915755066783
2.8690533716850286
2.004886164091843
2.221251836004466
2.423265223932734
2.987773371487984
2.390863696857044
1.870253816431622
2.822181958642873
2.2221915755066783
2.289246428509158
2.0670314951575843
2.4164997849817103
2.049452072789394
2.4508257945180882
2.33012496531497
2.217021885879718
2.1887870678023824
2.460904932167797
2.4613201402110088
2.292481250360578
2.5750118362626284
2.4223525185744434
2.476796752685521
2.4232196723355077
2.35274578087187
2.353533948577482
2.563716987127796
2.744842531753244
2.3826831892554923
2.2841591278514217
2.4508257945180882
2.4225797618424916
2.4508257945180882
2.6084585933443494
2.054585169337799
2.695461844238322
2.063558608511122
2.2841591278514217
2.0403733936884962
2.463458298648303
2.049452072789394
2.007856063692049
2.2221915755066783
2.629249223856034
2.234201009820717
2.0403733936884962
2.350772023403226
2.005977711423774
1.8423709931771084
2.2841591278514217
2.4137995646056805
2.2221915755066783
2.521782221599798
1.9508257945180885
1.8919954870390203
1.9877733714879842
1.7924812503605778
2.1179631753145163
2.4508257945180882
2.2221915755066783
2.221251836004466
2.4096552786297742
2.599581230646064
2.4613201402110083
2.271782221599798
1.3640054628542204
2.5638651219508537
2.353533948577482
2.0403733936884962
2.440404017720928
2.5724694587701356
2.1280852788913944
2.263809173883546
2.6800365325772657
2.4137995646056805
2.3458519893382603
2.372094637795624
2.6084585933443494
1.867633890971212
2.7806390622295662
2.2221915755066783
2.359879028736861
1.7841591278514217
2.0403733936884962
2.058813890331201
2.2810361125534233
2.054585169337799
2.692380602454975
2.1174924611847548
2.2221915755066783
2.4577174691301487
2.0740870445590347
2.054585169337799
2.614369445886757
2.4634582986483036
2.4996981431844145
2.4996981431844145
2.18950846755862
1.988758439731455
2.2200683022340693
2.591793226077496
2.6341561310106374
2.4508257945180882
2.1339375660949167
2.071695404408628
2.5332657644307472
2.332536462267788
2.2841591278514217
2.353533948577482
2.311278124459133
1.971747257128181
2.0545851693377997
2.2221915755066783
3.0371881099158347
2.1416195253341384
2.004886164091843
3.034159127851422
2.177037742332407
2.3753067015744747
2.3908636968570445
2.4416298737872246
2.2841591278514217
2.4508257945180882
2.2221915755066783
1.7924812503605778
2.60845859334435
2.499698143184414
1.75
1.971747257128181
2.5341468438052397
2.204839664662354
2.2221915755066783
3.0193796338391614
2.2991040074712537
2.221251836004466
2.495602923729013
2.6825887305018328
2.1416195253341384
1.8676338909712125
1.789929075309999
1.9523612813926658
1.9220231428515733
2.004886164091843
2.2221915755066783
2.004886164091843
2.181899057917561
2.345851989338261
2.629249223856034
2.60845859334435
2.125814583693911
2.6946939516467023
2.2221915755066783
2.058813890331201
2.0403733936884962
1.971747257128181
2.013132465170739
2.60845859334435
2.128085278891394
1.965596230357602
2.699513850319966
2.472905595320056
2.7587601204123753
2.5580510765444573
2.5495234595978316
2.2221915755066783
2.2221915755066783
2.369571003855273
2.6535442970305683
2.5954618442383217
2.251629167387823
2.1339375660949167
2.353533948577482
2.049452072789394
2.125814583693911
1.971747257128181
2.2221915755066783
2.3395722619867225
2.1623687835735015
2.7373227798185953
2.899397470347699
2.374556048381884
2.2221915755066783
2.221251836004466
2.004886164091843
1.867633890971212
2.2221915755066783
2.457717469130148
2.374556048381884
2.1904610379903224
2.3156678763770078
2.3531906713383224
2.606238928653389
1.971747257128181
2.5
2.606238928653389
2.66329080817766
1.7758589482446405
2.103909910282364
1.971747257128181
2.221251836004466
2.289246428509158
2.8572367178034823
2.4225797618424916
2.3134597501718237
2.058813890331201
2.2221915755066783
2.6535442970305683
2.2841591278514217
2.0403733936884962
2.270942421748537
2.2221915755066783
2.4996981431844145
2.054585169337799
2.0998625053956435
2.1416195253341384
2.606238928653389
2.1812056673346514
2.2488484642526356
1.8799649487271108
2.375
2.4137995646056805
2.2841591278514217
2.4012687424425176
2.3458519893382603
2.2841591278514217
1.7924812503605778
2.1396958072174286
2.4508257945180882
2.3432578733442675
2.6561291522938055
2.3082708345352603
2.353533948577482
2.2841591278514217
2.1416195253341384
1.8553885422075338
2.4225797618424916
1.8423709931771084
2.521782221599798
2.35845859334435
2.0403733936884962
2.4508257945180882
2.4508257945180882
2.373735909525858
2.1992818130163667
2.3458519893382603
2.3797206247704237
2.3612137805675175
2.054585169337799
2.271782221599798
2.6384600665861555
2.5724312513221195
2.004886164091843
2.2049355947431315
1.789929075309999
2.406666316740689
2.054585169337799
2.080500530640267
2.2221915755066783
2.279799131837405
2.128085278891394
2.4225797618424916
2.492445131143149
2.692380602454975
2.4740007223769767
2.311278124459133
2.221251836004466
2.314979820516481
2.3329145639793976
2.0403733936884962
2.2221915755066783
2.084962500721156
2.209888638014727
2.851227480952956
2.660129752633257
2.2221915755066783
2.295461844238322
2.0403733936884962
2.1280852788913944
2.0403733936884962
2.004886164091843
2.5868878409958143
2.2221915755066783
2.2841591278514217
2.6385304691242917
2.125814583693911
1.7295739585136223
2.521782221599798
2.4225797618424916
2.4164997849817107
2.054585169337799
2.292481250360578
2.531964321804449
2.221251836004466
2.288019280279689
2.125814583693911
2.6827669108763597
2.1280852788913944
2.0403733936884962
2.217021885879718
2.0403733936884962
2.0
1.7527152789797047
2.2221915755066783
2.2221915755066783
2.2221915755066783
1.6644977792004614
1.9852281360342516
2.298680608917954
2.234302951473625
2.5995812306460646
2.2254128972590443
2.0403733936884962
2.6601297526332575
2.0403733936884962
1.823067982273661
2.125
2.499698143184414
2.4137995646056805
1.8250112108241772
2.2877837199410704
2.287783719941071
2.0403733936884962
1.8676338909712125
2.221251836004466
2.2841591278514217
2.357600472626353
2.646782221599798
1.823067982273661
1.971747257128181
2.0687942075658454
2.2221915755066783
2.375
2.396782221599798
2.4508257945180882
2.1800365325772657
2.2841591278514217
2.2221915755066783
2.499698143184414
1.8432749588466413
2.5032583347756456
1.971747257128181
2.217021885879718
2.4416298737872246
2.6556390622295662
2.221251836004466
2.2221915755066783
2.6723991045564546
2.1055872616982603
2.049452072789394
1.914341183612352
1.823067982273661
1.9877733714879842
1.8149798205164813
2.4280291023528138
2.60845859334435
2.750807235905091
2.0403733936884962
2.260820318171659
2.4115091984199104
2.4508257945180882
2.26465806912304
2.2841591278514217
2.125814583693911
2.7192217131241563
2.2909363624132277
2.0545851693377997
2.054585169337799
2.004886164091843
2.2877837199410704
2.5495234595978324
1.867633890971212
2.5492553971684995
2.278351811711312
2.1280852788913944
2.4996981431844145
2.3342564252133493
2.238920595031594
2.206238928653389
2.206544218212879
2.614369445886757
2.7395722619867224
2.4508257945180882
2.0403733936884962
2.2810361125534233
2.4508257945180882
1.8004422822781616
2.0050615361106847
2.2856005389623073
2.462349565017769
2.0403733936884962
2.2221915755066783
2.349601752714581
2.2841591278514217
2.221251836004466
2.221251836004466
2.440404017720928
2.2841591278514217
1.971747257128181
2.4282684870385474
2.2841591278514217
2.084962500721156
2.375
2.2221915755066783
1.8230679822736608
1.7924812503605778
2.005977711423774
2.8443609377704338
1.896240625180289
2.054585169337799
1.867633890971212
2.2221915755066783
2.4137995646056805
2.0550365325772657
2.287783719941071
2.2221915755066783
2.1280852788913944
2.071695404408628
2.6718596436054347
2.345851989338261
2.0349409139562287
2.251629167387823
2.058813890331201
2.2577174691301485
2.287783719941071
2.289246428509158
2.6292492238560343
1.896240625180289
2.3863742176031475
2.049452072789394
2.2810361125534233
2.0741647430225756
2.692380602454975
2.597893762995784
1.8705380426372793
2.128085278891394
2.063458298648303
2.2877837199410704
2.2221915755066783
2.2841591278514217
2.2221915755066783
2.0577174691301483
3.062806826028394
2.7898966090601776
2.806466578432567
1.7553439642118693
2.7593819015533754
2.4508257945180882
2.9494643027794054
2.48345859334435
2.492614068017126
2.272499455586694
2.1379185026711327
2.3577174691301486
2.221251836004466
2.0550365325772657
2.3458519893382603
2.199687794731328
2.0403733936884962
2.6535442970305683
2.696199049814856
2.125814583693911
2.130926080730337
2.4996981431844145
2.263809173883546
2.4137995646056805
2.4834585933443494
2.2841591278514217
2.1179631753145163
2.4508257945180882
2.287783719941071
1.7841591278514217
2.0403733936884962
3.167492530597117
1.7924812503605778
2.5559130951758244
2.1556390622295662
2.2221915755066783
2.35274578087187
2.2974533091219698
2.6949101001896216
1.9508257945180885
2.2221915755066783
2.2221915755066783
2.169925001442312
2.359879028736861
2.1416195253341384
2.5051230440172545
2.52122509496961
2.4528385678644478
2.2841591278514217
2.054585169337799
2.8440319350530703
2.4508257945180882
1.867633890971212
1.971747257128181
2.1920058354921066
2.353533948577482
1.9591479170272446
1.968873874720721
2.054585169337799
2.0403733936884962
2.221251836004466
2.5511894468399485
2.2221915755066783
1.8423709931771088
2.2221915755066783
2.4225797618424916
2.6556390622295662
1.8256810541556123
2.049452072789394
1.789929075309999
2.2877837199410704
2.2841591278514217
2.4887855917769945
2.004886164091843
2.1793502024537714
1.789929075309999
2.251629167387823
2.3071885761626687
2.353533948577482
2.5341468438052397
2.2221915755066783
2.0403733936884962
1.9182958340544896
2.128085278891394
2.1280852788913944
2.2221915755066783
2.6689801450225326
2.128085278891394
2.2221915755066783
2.3500677960937333
2.2221915755066783
2.353533948577482
2.1280852788913944
2.473851389610045
2.0393538721672004
2.524397470347699
2.2841591278514217
1.9508257945180885
2.469684459054691
2.469240782172285
1.9591479170272446
1.9528195311147831
2.2221915755066783
1.823067982273661
1.9108728827085502
1.823067982273661
1.823067982273661
1.823067982273661
1.823067982273661
1.823067982273661
1.823067982273661
1.823067982273661
1.823067982273661
1.9854265439134327
1.823067982273661
1.823067982273661
1.823067982273661
1.823067982273661
1.823067982273661
2.1920058354921066
1.867633890971212
2.054585169337799
2.133937566094917
1.836591668108979
2.4137995646056805
2.0403733936884962
2.125814583693911
2.270942421748537
2.2841591278514217
2.2221915755066783
2.2221915755066783
2.260820318171659
2.2221915755066783
2.7767248000621207
2.064042639445697
2.2841591278514217
2.9452490117926886
2.5559130951758244
2.107735252622104
2.440404017720928
2.835237745312118
1.7924812503605778
1.823067982273661
2.4806821149663842
2.270942421748537
2.2221915755066783
1.7841591278514217
2.004886164091843
2.521782221599798
2.614369445886757
2.4225797618424916
2.7254805569978675
2.2221915755066783
2.245869617795809
2.2877837199410704
2.375
2.9305930861794183
2.0403733936884962
2.064042639445697
2.1174924611847548
2.2221915755066783
2.058813890331201
2.804935594743131
2.475273234346241
1.6471525377663359
1.4591479170272446
2.41379956460568
2.350209029099897
1.584962500721156
2.493541090353655
2.692380602454975
2.4137995646056805
2.2841591278514217
2.2806390622295662
2.463458298648303
2.2221915755066783
2.0403733936884962
2.440404017720928
2.4508257945180882
2.221251836004466
2.6825887305018328
1.867633890971212
2.651793902628769
2.4961268547517808
3.1174924611847556
2.2221915755066783
2.4508257945180882
2.2221915755066783
2.422579761842491
2.2877837199410704
2.353533948577482
1.9723072169111573
2.2584598927441624
2.199687794731328
2.60845859334435
2.0300066147647082
2.274397470347699
2.4996981431844145
2.3050365325772657
2.092271865683611
2.7329145639793975
2.4137995646056805
2.5032583347756456
2.668980145022532
2.521782221599798
2.4416298737872246
2.597707623408127
2.4729055953200563
2.0403733936884962
1.811278124459133
2.4508257945180882
2.2221915755066783
2.7806390622295662
2.2221915755066783
2.521782221599798
2.2877837199410704
2.4508257945180882
1.789929075309999
2.6384600665861555
2.6825887305018337
2.521782221599798
2.815922063835166
2.396782221599798
2.4508257945180882
2.4508257945180882
2.436278124459133
2.2841591278514217
2.292481250360578
2.2221915755066783
2.004886164091843
2.5566567074628237
2.199687794731328
2.0874628412503395
2.6535442970305683
2.270942421748537
2.4137995646056805
2.2221915755066783
2.482020974218004
2.349601752714581
2.1416195253341384
2.2221915755066783
1.971747257128181
2.2355917460279313
2.199687794731328
1.8697270982459449
2.2389205950315936
2.5995812306460646
2.4300365325772657
2.6693721485946105
2.2684727516311214
2.2841591278514217
2.5239860659612976
1.896240625180289
2.2221915755066783
2.606238928653389
2.591793226077496
2.270942421748537
2.1416195253341384
2.5997236868171707
2.2877837199410704
1.9798160914009344
2.2892464285091583
2.039353872167201
2.4416298737872246
2.302355686904996
2.4137995646056805
2.4822921890824143
2.2841591278514217
2.2806390622295662
2.2464393446710154
2.1842612638641032
2.744842531753244
2.2062389286533897
2.2221915755066783
2.1556390622295662
2.2221915755066783
2.353533948577482
2.5724312513221195
2.049452072789394
2.049452072789394
2.8199578985571465
2.2221915755066783
2.4225797618424916
2.353533948577482
2.4164997849817107
2.457717469130148
2.004886164091843
2.5580510765444573
2.538714805865568
1.8423709931771084
2.2841591278514217
2.4508257945180882
2.128085278891394
2.125814583693911
2.0349409139562287
1.9877733714879842
2.2221915755066783
2.2221915755066783
1.789929075309999
2.0403733936884962
2.224601752714581
2.2221915755066783
2.2221915755066783
2.199687794731328
1.4591479170272448
2.495602923729013
1.867633890971212
2.221251836004466
2.049452072789394
2.866247897312731
2.282588730501833
2.049452072789394
2.185475297227334
2.4137995646056805
1.9852281360342516
2.4508257945180882
2.217021885879718
2.4137995646056805
2.2153603572973033
2.125814583693911
2.2221915755066783
2.5341468438052397
2.692380602454975
2.1559681021459083
2.2221915755066783
2.084962500721156
1.9826608939113695
1.569954383882858
3.0670018831252706
2.3432578733442675
2.591793226077496
2.396782221599798
2.2077383474058228
2.0403733936884962
2.0403733936884962
2.0403733936884962
2.2221915755066783
2.2221915755066783
2.2221915755066783
2.1556390622295662
2.731419306105986
2.2577174691301485
2.4508257945180882
2.422579761842491
2.2221915755066783
2.692380602454975
2.606238928653389
2.0403733936884962
2.4996981431844145
1.971747257128181
2.247801461864506
2.2221915755066783
2.4137995646056805
2.049452072789394
2.221251836004466
2.5394200765422745
2.128085278891394
2.4508257945180882
2.4508257945180882
2.595461844238322
2.5868878409958143
2.108694969562842
2.3068905956085186
2.2221915755066783
1.825605199016944
2.2221915755066783
2.2221915755066783
2.4662478973127313
2.606238928653389
2.005977711423774
1.971747257128181
2.004886164091843
2.215347275584621
1.9666541468379704
2.1040437177782714
2.6535442970305683
2.5559130951758244
2.495602923729013
2.2200683022340693
2.7806390622295662
2.2877837199410704
2.3921472236645345
2.35274578087187
2.054585169337799
2.128085278891394
2.0403733936884962
2.0403733936884962
2.3584585933443494
2.263809173883546
2.054585169337799
2.692380602454975
2.353533948577482
2.460904932167797
2.2221915755066783
2.3050365325772657
2.4416298737872246
2.2841591278514217
2.3609640474436815
2.2221915755066783
2.0403733936884962
2.2841591278514217
2.1967916319816365
2.357717469130148
2.4508257945180882
2.2841591278514217
2.221251836004466
2.2221915755066783
2.359879028736861
2.345851989338261
2.472905595320056
2.6084585933443494
2.2221915755066783
2.692380602454975
2.1280852788913944
2.4508257945180882
2.2841591278514217
2.768582478813523
2.2892464285091583
2.2841591278514217
2.472905595320056
2.2221915755066783
1.9211854965885542
2.199687794731328
1.867633890971212
2.278351811711312
2.4508257945180882
1.867633890971212
2.396782221599798
2.556656707462823
2.446734288664771
2.6944806448504597
2.619898297301245
2.3003980873087997
2.2841591278514217
2.774397470347699
2.2221915755066783
2.2841591278514217
2.111737433422466
2.1416195253341384
1.971747257128181
2.2577174691301485
1.7924812503605778
2.5341468438052397
2.472905595320056
2.522620309531022
2.3921472236645345
2.2841591278514217
2.692380602454975
2.2221915755066783
2.1735572622751853
1.8709505944546687
2.556656707462823
2.1060480954183274
2.4508257945180882
2.2221915755066783
2.2221915755066783
2.2221915755066783
2.703559323951357
1.971747257128181
1.8423709931771084
2.287783719941071
2.0403733936884962
2.3134597501718237
2.2841591278514217
2.7924812503605785
2.199687794731328
2.9783055165122714
2.4508257945180882
2.0403733936884962
2.221251836004466
2.221251836004466
2.4356371288264103
2.1623687835735015
1.7527152789797047
2.4305946180235423
2.60845859334435
2.2221915755066783
2.058813890331201
2.4577174691301487
2.213388725341426
2.2221915755066783
2.6556390622295662
2.260964047443681
2.791200464805918
2.004886164091843
2.221251836004466
2.2890179898186576
2.5637169871277954
2.3220847276178658
2.8629613523404247
1.971747257128181
2.004886164091843
2.270942421748537
2.2221915755066783
2.877424455715066
2.696199049814856
2.2810361125534233
3.122277702977417
2.2221915755066783
2.4384111060975
2.357600472626353
2.2221915755066783
2.270942421748537
1.971747257128181
1.823067982273661
2.423201352486007
2.91966189244406
1.870092014790334
2.1416195253341384
2.0545851693377997
2.4404040177209283
2.673701435843951
1.855496480646028
2.396782221599798
1.6869149529501273
2.357497588263262
2.696199049814856
2.218846363733215
2.6761906261418305
2.646782221599798
2.1387720668284853
2.5995812306460646
2.2715402674195295
2.2841591278514217
2.312907291846956
2.660129752633257
1.7841591278514217
3.018688570451097
2.646782221599798
2.2841591278514217
2.0403733936884962
2.292481250360578
2.271782221599798
2.563716987127796
2.4508257945180882
2.1147130311157563
2.1552235371446717
2.10558726169826
2.2221915755066783
1.7924812503605778
1.9609640474436814
2.2221915755066783
1.7841591278514217
2.221251836004466
1.971747257128181
2.3786885704510974
2.2221915755066783
2.2841591278514217
1.867633890971212
1.907516971950949
1.9459874988768266
1.9852281360342514
1.8175696901516118
2.822181958642873
2.0272925846688996
2.1094720973363983
2.614369445886757
2.6199707109276353
2.004886164091843
2.4956029237290123
2.1190850469784714
2.072905595320056
2.702904337188607
2.6292492238560343
2.3685477764837577
2.319973094021975
2.1416195253341384
2.325331460128806
2.7806390622295662
2.2892464285091583
2.1577174691301484
2.074164743022575
2.2149798205164815
2.2221915755066783
2.0036959794968237
1.9306389582936598
2.7770148112524398
2.041041238309607
2.4541722616469106
2.410944097763089
2.3220847276178658
2.4164997849817107
2.384183719779189
2.084962500721156
1.971747257128181
2.2920717524577867
2.0910238984579435
2.1841704622194675
2.406400881962985
2.2572392267660817
2.1416195253341384
2.0
2.5504460149179358
2.385700018616016
2.850223725673818
2.6405219626825924
2.457717469130148
2.2472863073703757
2.2221915755066783
1.7841591278514217
2.2841591278514217
2.692380602454975
2.331766377402127
2.1693491238471916
1.7841591278514217
2.3500129055543355
2.345851989338261
2.48345859334435
2.5267186864057423
2.2735612453810212
2.1096217019150654
2.7837353286220776
2.287783719941071
2.0093984370492777
2.221251836004466
1.867633890971212
1.8915107774877753
1.6774212838293647
1.8024212838293647
1.6774212838293647
1.584962500721156
2.514250367752242
2.2221915755066783
2.6328318567489233
2.0403733936884962
2.4623495650177687
2.460605779953793
2.3970778087669165
2.133937566094917
2.6755548868930705
2.52122509496961
2.0403733936884962
2.3660794456822845
2.5785519909913264
2.292481250360578
2.2877837199410704
2.2221915755066783
2.2684727516311214
2.245869617795809
2.4508257945180882
2.055154034008356
2.2208301866152924
2.183754831923921
2.322756958897399
2.2221915755066783
2.4137995646056805
2.6668702471480303
2.822181958642873
2.649397470347699
2.2806390622295662
2.221251836004466
2.8957196565100882
2.25
2.221251836004466
2.199687794731328
2.368626181738004
2.1280852788913944
2.075869296697727
2.594906618243939
2.460904932167797
2.7777768114567865
2.1078332108246127
1.971747257128181
2.221251836004466
2.1920058354921066
2.422579761842491
2.199687794731328
2.3458519893382603
2.0
2.521782221599798
2.2221915755066783
2.353533948577482
2.25
2.004886164091843
2.2221915755066783
2.125814583693911
2.199979326716487
2.4476380180721478
2.3393538721672007
1.8843135277997989
2.287783719941071
2.1690354219421173
1.81294527625988
2.6084585933443494
2.0403733936884962
1.9787966368594059
2.3432578733442675
2.2221915755066783
2.019973094021975
2.7798891845589373
2.473851389610045
2.2810361125534233
2.032128525239341
1.867633890971212
2.263809173883546
2.35274578087187
2.449745614847635
2.2810361125534233
2.4508257945180882
2.3134597501718237
2.247084753917085
2.049452072789394
2.221251836004466
2.075869296697727
2.2805862982690734
2.499698143184414
2.4508257945180882
1.971747257128181
2.2221915755066783
2.2841591278514217
2.4508257945180882
2.6689801450225326
2.0403733936884962
2.2221915755066783
2.2221915755066783
2.7254805569978675
2.0225797618424917
1.971747257128181
1.7924812503605778
3.096161187118111
2.2221915755066783
2.396782221599798
2.2221915755066783
2.199687794731328
2.061278124459133
3.054289466574816
1.6880223813654027
2.2157320628505213
2.2221915755066783
2.2221915755066783
1.9508257945180885
2.684017280829845
2.004886164091843
2.499698143184414
2.2825887305018333
1.789929075309999
2.614369445886757
2.1690354219421173
2.460904932167797
2.651793902628769
1.7924812503605778
2.301070552484387
2.2221915755066783
2.362355971203013
2.2221915755066783
2.1416195253341384
2.2221915755066783
2.221251836004466
2.2877837199410704
2.128085278891394
2.2841591278514217
2.128085278891394
2.4513073660949605
2.9596272208780134
2.0403733936884962
2.2058011089873357
2.216521698179525
2.5315107774877745
2.829392961249574
2.332878689342031
2.019973094021975
2.0403733936884962
2.1793502024537714
2.0379154119304594
1.7863012011716393
2.4508257945180882
2.2221915755066783
2.2221915755066783
2.2856005389623077
2.145136370153053
2.4137995646056805
2.2221915755066783
2.556656707462823
2.3458519893382603
1.870253816431622
2.2841591278514217
2.074164743022575
2.6337314206421327
2.2841591278514217
2.263809173883546
2.08746284125034
2.744842531753244
2.128085278891394
2.2221915755066783
2.0403733936884962
2.396782221599798
2.2841591278514217
2.084962500721156
2.230994305917858
2.0355820479705753
2.2684727516311214
2.3432578733442675
2.4508257945180882
2.2221915755066783
2.1556390622295662
2.4922031072054134
2.1464393446710153
2.1055872616982603
1.971747257128181
2.050167484177431
2.499698143184414
2.646782221599798
1.7841591278514217
1.7841591278514217
2.2584598927441624
2.1234786725698864
2.406666316740689
2.2221915755066783
2.4331958387289765
1.9358825414799605
2.3584585933443494
2.2841591278514217
2.217021885879718
2.353533948577482
2.3342564252133498
2.1527217381013255
2.3053206513329316
2.499698143184414
2.049452072789394
2.0989295636909353
2.396782221599798
2.0403733936884962
2.1920058354921066
2.084962500721156
2.1416195253341384
1.867633890971212
2.2221915755066783
1.823067982273661
2.038159681645953
2.049452072789394
2.2810361125534233
2.9398290174664026
2.777776811456787
2.3317663774021273
1.789929075309999
3.0901998765158556
2.0403733936884962
2.4806821149663847
2.315824333525708
2.2221915755066783
2.1393538721672005
2.2221915755066783
2.2877837199410704
2.406666316740689
2.6121316191617745
2.0403733936884962
2.5779187492480213
3.1392619307348246
2.103495425703924
2.359683483075565
2.1873881548354843
2.199687794731328
2.5306390622295662
1.7244078178625923
1.6061442785002684
2.6019489895463828
2.1604572813985072
2.350209029099897
2.199687794731328
2.081524188556652
2.2221915755066783
2.2533746366140175
2.004886164091843
2.6031499313406985
2.1920058354921066
2.3531906713383224
2.121101776441151
2.66924797468862
2.327632809290636
2.1768589799249654
2.3354752972273345
2.3262760705781345
2.2221915755066783
2.303577783083374
2.064042639445697
1.8423709931771084
2.347312051491349
2.4996981431844145
2.6517939026287696
2.125814583693911
2.4508257945180882
1.9746017527145814
2.206544218212879
2.2417812580773235
2.411509198419911
2.4508257945180882
2.835237745312118
2.252878689342031
2.9674416923052265
2.2221915755066783
2.4508257945180882
2.5341468438052397
2.054585169337799
2.5497586490303528
2.1174924611847548
2.013132465170739
2.2221915755066783
2.2221915755066783
2.774397470347699
2.7942385860214762
2.7045348998193437
2.4508257945180882
2.2221915755066783
2.374556048381884
1.8423709931771088
2.199687794731328
2.125191685900817
2.251629167387823
2.0
2.3458519893382603
2.0403733936884962
2.614369445886757
2.751553777254281
1.971747257128181
2.2221915755066783
2.2221915755066783
2.2221915755066783
2.2773276830375746
2.1800365325772657
2.197338796187554
2.535857775918279
3.0594344262178024
2.646782221599798
2.287783719941071
1.971747257128181
2.0403733936884962
2.4137995646056805
2.2841591278514217
2.199687794731328
2.6242685482546206
2.2065442182128785
2.1684656711105887
2.4996981431844145
2.034432303950633
2.681276369602581
2.4237949406953985
2.0403733936884962
2.199687794731328
2.755123044017255
2.2221915755066783
2.632192121571194
2.225610814520738
2.4006829536694982
2.0
2.4996981431844145
2.270942421748537
2.353533948577482
2.0403733936884962
2.767319254331342
2.2184372106643204
2.463458298648303
2.3342117082267557
2.606238928653389
2.004886164091843
2.032149669953179
2.219240704636849
2.0682121085290817
2.2221915755066783
2.0741647430225756
2.4508257945180882
2.287783719941071
2.1016846637065973
2.0403733936884962
2.5556104347896262
2.192005835492107
2.406666316740689
2.5306390622295662
2.2221915755066783
2.7865766899407323
1.896240625180289
2.614369445886757
2.004886164091843
2.472905595320056
2.556656707462823
2.522620309531022
2.599581230646064
1.9182958340544896
2.0403733936884962
2.4164997849817103
2.25
2.0802391419564557
2.2773276830375746
2.038159681645953
2.004886164091843
2.1920058354921066
2.353533948577482
2.0849625007211565
2.660129752633257
2.556656707462823
1.846093587042454
1.8101475924000494
1.9446746496431455
2.005977711423774
2.457717469130148
2.5226203095310216
2.1920058354921066
2.1314076078546704
2.359879028736861
2.30827083453526
2.0890038287775923
2.054585169337799
1.7961853119516213
2.268472751631122
2.390131635979404
2.1577174691301484
2.278351811711312
2.2841591278514217
1.8140142960531365
2.004886164091843
2.251629167387823
2.349601752714581
2.4164997849817103
2.197159723424149
2.0403733936884962
2.436278124459133
2.1117374334224666
2.947562303690022
2.472905595320056
2.058813890331201
2.4508257945180882
2.171795666335381
1.4989350663300531
1.823067982273661
2.60845859334435
1.9473387961875537
2.1556390622295662
2.692380602454975
2.2221915755066783
1.8423709931771084
2.3758145836939115
2.148834854280917
2.421315277401236
2.4225797618424916
2.288019280279689
2.52473261568954
2.353533948577482
2.3943063841126175
2.4996981431844145
2.33012496531497
2.172837249931209
3.0082222749239294
1.789929075309999
1.8230679822736608
2.585117765788619
2.3198165048463286
2.004886164091843
2.0687942075658454
2.251629167387823
2.163865121950854
2.3935474965388983
2.221251836004466
2.221251836004466
2.128085278891394
2.221251836004466
1.9255690989013463
2.5239860659612976
2.004886164091843
2.217021885879718
2.217021885879718
2.2841591278514217
2.353533948577482
2.2221915755066783
2.3458519893382603
2.4353713907745336
2.2988252450030506
2.2221915755066783
2.1920058354921066
2.133937566094917
2.004886164091843
3.2402400004270437
2.876918267836472
2.2841591278514217
2.5559130951758244
2.2877837199410704
2.308300227683101
2.409921737896849
2.5281020701914807
2.270942421748537
2.258936653068727
2.349601752714581
2.2025686361174217
2.0111184233874098
2.3227569588973984
2.247286307370376
2.651793902628769
2.638312759185345
2.125814583693911
1.9591479170272446
1.8423709931771084
2.349601752714581
2.2221915755066783
2.2516291673878226
2.5032583347756456
2.4404040177209283
2.4416298737872246
1.9319131950454076
2.054585169337799
2.0403733936884962
2.125814583693911
1.789929075309999
2.5448704676752634
2.0545851693377997
2.2221915755066783
1.971747257128181
2.6233018493628757
2.125814583693911
1.922023142851573
2.4115091984199104
2.8138461086383852
2.327632809290636
2.0403733936884962
2.0403733936884962
2.0922718656836103
2.530506034232994
2.2221915755066783
1.867633890971212
2.493498816064679
2.48345859334435
2.2221915755066783
2.5194049985876843
2.690886174599031
1.9877733714879842
2.2221915755066783
2.605388542207534
2.2062389286533897
2.0780919306775285
2.5341468438052397
2.4961260035306347
2.3287784298729086
2.278863889369659
1.971747257128181
2.1111073337105846
2.35274578087187
2.4466166676282084
1.971747257128181
2.374556048381884
2.8430319808596676
2.4961268547517808
2.787372013668353
1.7381493331928664
1.7028195311147831
2.495602923729013
2.004886164091843
2.221251836004466
2.3959988705348416
2.1767669742887406
2.5306390622295662
2.3458519893382603
2.4508257945180882
2.1339375660949167
2.3220847276178658
2.7025416449644144
2.1416195253341384
2.5997301466508205
1.777090898192488
2.35274578087187
1.8423709931771088
2.263809173883546
2.9398290174664026
2.2221915755066783
1.9609640474436814
2.5580510765444573
2.869737972729375
2.345851989338261
2.0403733936884962
2.353533948577482
2.139795093787977
2.8933448637229624
1.8740868496337433
2.1416195253341384
1.914341183612352
2.33012496531497
2.295461844238322
2.004886164091843
2.078491674029184
2.2841591278514217
2.049452072789394
3.04952296844514
2.1638651219508542
1.789929075309999
1.9508257945180885
2.523986065961297
3.127576557826394
2.0403733936884962
2.4996981431844145
2.0403733936884962
2.413890986728065
2.33012496531497
2.499698143184414
2.5559130951758244
1.971747257128181
2.2221915755066783
2.5566567074628237
1.823067982273661
1.9056390622295665
2.4846987825969657
2.5801238775079196
2.5341468438052397
2.5427483264461177
2.2221685158949085
2.0403733936884962
2.4954618442383216
2.254447578972094
2.4669111339349934
2.4164997849817107
2.2221915755066783
2.8138461086383852
2.4095349947050457
2.146465798504072
2.4508257945180882
2.2221915755066783
2.2256051990169436
2.4915485198790632
2.2339979078388272
2.2221915755066783
2.6333990147977167
2.2256051990169436
2.4137995646056805
2.7194978078515892
2.747948197791637
2.3333333333333335
1.789929075309999
2.271782221599798
2.2221915755066783
2.0403733936884962
2.6084585933443494
2.1999793267164867
2.4387439204017474
2.0403733936884962
2.599581230646064
2.125814583693911
2.3695710038552735
2.4404040177209283
2.049452072789394
2.660129752633257
1.9016094970590274
2.7722825897192456
2.199687794731328
2.437065831519022
2.061423239400896
2.463458298648303
2.5955230916877445
2.7254805569978675
2.2221915755066783
2.4137995646056805
2.263809173883546
2.4416298737872246
2.2221915755066783
1.8250112108241772
2.822181958642873
3.196791631981637
2.353533948577482
2.4404040177209283
2.3432578733442675
2.2221915755066783
2.5247326156895404
2.359879028736861
2.199687794731328
2.6556390622295662
2.535857775918279
2.0781758650865774
2.649397470347699
2.084962500721156
2.0403733936884962
2.2221915755066783
2.2221915755066783
2.2841591278514217
2.1280852788913944
2.463458298648303
2.343243102568578
1.8799649487271108
3.04642419731627
2.0403733936884962
2.507856063692049
1.5114979378612468
2.0403733936884962
2.463458298648303
2.049452072789394
2.2841591278514217
2.3942811477133943
2.1920058354921066
2.1174924611847548
2.21577067413792
2.094629924902642
2.1266866182452544
2.2705192258203413
2.271782221599798
2.2973696058506032
2.373735909525858
1.9852281360342514
2.4339645644232903
2.1867043459100244
2.651793902628769
2.217021885879718
2.350209029099897
1.584962500721156
2.1920058354921066
2.1920058354921066
2.0403733936884962
2.387918502671133
2.2149798205164815
2.2806390622295662
2.316333280562803
2.0550365325772657
2.084962500721156
2.0403733936884962
2.2479275134435857
2.4404040177209283
2.2841591278514217
2.2221915755066783
2.2544475789720946
2.004886164091843
2.6535442970305683
2.004886164091843
2.128085278891394
2.692380602454975
2.4164997849817103
2.5306390622295662
2.2221915755066783
2.2221915755066783
2.1280852788913944
2.5393381220643696
2.2221915755066783
1.7924812503605778
2.4508257945180882
2.0403733936884962
1.8423709931771084
2.856653212780931
1.8423709931771086
2.349601752714581
2.3940647234069226
2.2221915755066783
2.5492553971685
1.529882719577493
2.2281711943408733
2.2841591278514217
2.4508257945180882
2.224601752714581
2.4137995646056805
2.0634582986483037
2.2221915755066783
2.4996981431844145
2.221251836004466
2.2221915755066783
1.96577067413792
1.971747257128181
2.0403733936884962
2.128085278891394
2.521782221599798
2.815202399980486
2.2221915755066783
2.0113650418263793
2.349601752714581
2.2221915755066783
2.270942421748537
2.054585169337799
2.1690354219421173
2.0403733936884962
2.0403733936884962
2.0403733936884962
2.0403733936884962
2.605388542207534
1.7381493331928664
1.7226586461964088
2.389758003492557
2.699513850319966
2.2841591278514217
2.1673631931949044
2.267226962994476
2.072655297324404
2.523986065961297
2.4508257945180882
2.0809890898397767
2.3278577090140122
1.9374341888480233
2.948805631504318
2.038159681645953
2.4508257945180882
1.7924812503605778
1.971747257128181
2.2221915755066783
2.4806821149663847
2.1068905956085184
1.68594620996363
1.9561787304889198
2.4613201402110083
2.2841591278514217
2.3973928020126682
2.254447578972094
1.927451224964519
2.251629167387823
2.3640600524246564
2.5559130951758244
2.206238928653389
2.0403733936884962
2.7461034137898075
2.815333779292342
2.523986065961297
1.867633890971212
2.251629167387823
2.038159681645953
1.9182958340544893
2.1920058354921066
2.2149798205164815
2.143780234737159
2.221251836004466
2.660129752633257
2.499698143184414
2.3789919869000626
2.2221915755066783
1.9508257945180885
2.004886164091843
2.2890179898186576
2.2109736165067546
2.5495234595978316
2.4508257945180882
1.971747257128181
2.0403733936884962
2.0403733936884962
2.440404017720928
2.4387439204017474
2.2221915755066783
2.4416298737872246
2.341446071165522
2.53414684380524
2.616253907222947
1.9005332770550816
2.125814583693911
2.132764662257932
2.5032583347756456
2.406666316740689
2.3497917016899708
3.140733603332296
2.458453829233059
2.128085278891394
2.0146388143433827
2.133937566094917
2.0600684726966705
2.3456471488747677
2.8201993749022236
2.422579761842491
2.524397470347699
2.2221915755066783
2.125814583693911
2.100983694881109
2.181899057917561
2.1426643555488485
2.1920058354921066
2.6081816167087406
2.120952031026403
3.159647454599028
2.292481250360578
1.971747257128181
2.2841591278514217
2.5724312513221195
2.457717469130148
2.2841591278514217
2.2221915755066783
2.1416195253341384
2.384183719779189
2.2275343340059806
2.4137995646056805
2.668980145022532
2.263809173883546
2.054585169337799
2.4508257945180882
2.4508257945180882
2.2221915755066783
2.764493170784412
1.786819557518813
2.221251836004466
2.556656707462823
2.0403733936884962
1.8553885422075338
2.2841591278514217
2.199687794731328
2.646782221599798
2.1957172275388026
2.632144305696143
2.7395722619867224
2.395461844238322
2.395461844238322
2.4508257945180882
2.0403733936884962
2.4508257945180882
2.4508257945180882
2.2221915755066783
1.823067982273661
2.2816696599988733
2.4996981431844145
2.3432578733442675
2.0545851693377997
1.9508257945180885
1.867633890971212
2.2825887305018333
2.791200464805918
1.9542028044502626
2.007856063692049
2.17146526179041
2.038159681645953
2.1324373408045867
2.472905595320056
2.133937566094917
2.268472751631122
2.0403733936884962
2.049432036254818
2.199687794731328
2.0202442071537563
2.197159723424149
2.4047933024618025
2.696199049814856
2.0403733936884962
1.9048750051552579
2.1556390622295662
2.2221915755066783
2.2221915755066783
2.6535442970305683
2.5495234595978324
2.1416195253341384
2.3458519893382603
2.4613201402110083
2.1535654389463623
1.8585552118703144
2.2221915755066783
2.049452072789394
2.139353872167201
2.3232196723355076
2.4996981431844145
2.1416195253341384
2.21577067413792
2.0403733936884962
2.2221915755066783
2.188493070364558
2.2221915755066783
2.0403733936884962
1.823067982273661
1.7924812503605778
2.1892869761976885
2.2037016960573483
2.294693951646702
2.2221915755066783
2.118478670241437
2.5283000103388504
2.0202442071537563
2.3799546121958626
2.4056390622295662
2.2221915755066783
2.555913095175825
2.319973094021975
2.128085278891394
2.522620309531022
1.8092830792973653
2.6440257051491427
2.0972444899122604
2.1967916319816365
2.0403733936884962
2.591793226077496
1.971747257128181
1.9728248768906669
2.7978048652364222
1.971747257128181
2.322702222265743
2.199687794731328
2.1892869761976885
2.4128786893420306
2.2221915755066783
2.5415301730294653
2.1154925380869587
2.248317235933938
3.004976708869999
2.815922063835166
2.2841591278514217
1.855388542207534
2.317640005966218
1.823067982273661
2.217021885879718
1.7841591278514217
1.971747257128181
2.878828019785609
2.8114144780103016
2.353533948577482
2.1556390622295662
2.1632095937363847
2.6503255293408436
2.2221915755066783
1.8250112108241772
2.7564438107590794
2.8950142236161467
2.4662478973127313
2.2841591278514217
2.4137995646056805
1.9852281360342514
2.0132790219068077
2.2221915755066783
2.1623687835735015
2.128085278891394
2.5498550315128585
1.9609640474436814
2.664497239193216
2.3220847276178658
2.5515148708628836
2.263635377555545
2.216241070619728
2.648613185810075
2.2221915755066783
2.0403733936884962
1.9508257945180885
2.295461844238322
2.2221915755066783
2.460964047443681
2.004886164091843
2.2221915755066783
2.206238928653389
1.8290736934398184
1.9607445343767214
2.2221915755066783
1.8224591159815242
2.44906549528665
2.123219672335508
2.067130688335406
2.0403733936884962
2.217021885879718
1.9591479170272446
2.499698143184414
1.971747257128181
1.971747257128181
2.3227569588973984
2.488785591776994
2.2221915755066783
2.271782221599798
2.260820318171659
2.7395722619867224
2.2810361125534233
2.366079445682285
2.378991986900062
2.353533948577482
2.460904932167797
1.8478548143998654
2.823026490712884
2.263809173883546
2.396782221599798
2.1577174691301484
2.0403733936884962
2.555913095175825
2.5306390622295662
2.6632732359306153
2.4508257945180882
2.4137995646056805
2.3609640474436815
2.2221915755066783
2.4014473774842418
2.4922031072054134
2.133937566094917
2.214979820516481
2.2841591278514217
2.259236536168279
2.2221915755066783
2.179945131143149
2.742343190028752
2.8706918503612084
2.2221915755066783
1.4056390622295665
2.1156351273037877
2.474601752714581
2.2221915755066783
2.0403733936884962
2.0705934438130758
2.910440495218581
2.2221915755066783
2.4508257945180882
2.117492461184755
2.4634582986483036
1.9591479170272446
2.2221915755066783
2.2221915755066783
2.5492553971685
2.3637486124262357
2.5954618442383217
2.1811235717861375
3.1102847149439663
2.011721391036772
1.8230264907128848
2.3871251585103024
2.125814583693911
2.563716987127796
2.682588730501833
2.8142326219248046
1.7709505944546688
2.2221915755066783
1.7924812503605778
2.1556390622295662
2.499698143184414
2.2221915755066783
2.125814583693911
2.3935474965388988
2.2692407046368483
2.199687794731328
2.5868878409958143
2.521782221599798
2.8827389895634967
2.6126502330422667
2.378991986900062
2.1925389389080476
2.2724994555866935
2.390863696857044
2.224394445405986
2.0403733936884962
1.9508257945180885
1.823067982273661
2.270942421748537
2.2200683022340693
1.9149798205164812
2.289246428509158
2.2221915755066783
2.017801027300537
2.4508257945180882
1.9807257431393346
2.463865121950854
2.245869617795809
2.6328318567489237
2.343794435962881
2.4190971956089897
2.1266144718101816
2.163420933199773
2.271782221599798
2.2200087502350736
2.251629167387823
2.3458519893382603
2.5820239409642762
2.2221915755066783
2.4178561135066152
2.1556410192834616
2.169149813213204
2.2256108145207376
2.518387855079916
2.0741647430225756
2.221251836004466
2.221251836004466
2.220068302234069
2.142958901884024
2.422579761842491
2.2841591278514217
2.1339375660949167
2.3245158956199647
2.4137995646056805
2.4164997849817107
2.523986065961297
2.2221915755066783
1.965596230357602
2.396782221599798
2.61153713434193
2.136800520148565
1.8808660160205808
2.2841591278514217
2.4662478973127313
2.1128262123452837
1.9508257945180885
2.3046455144542297
1.998835001118646
2.9261703866808095
1.584962500721156
2.2131324651707387
2.459262428778443
2.33012496531497
2.125814583693911
2.230963297506975
1.7924812503605778
2.0403733936884962
2.4508257945180882
2.4137995646056805
2.147077673396552
2.4508257945180882
2.6689801450225326
2.4466166676282084
2.125814583693911
2.2221915755066783
2.353533948577482
2.606238928653389
2.422579761842491
2.0987033644595074
2.2221915755066783
2.128085278891394
2.1735572622751858
2.004886164091843
2.692380602454975
1.867633890971212
2.0403733936884962
2.2149798205164815
2.2221915755066783
2.4584538292330587
1.7924812503605778
2.591793226077496
2.2221915755066783
2.5559130951758244
2.3577174691301486
2.2221915755066783
2.117492461184755
2.221251836004466
2.855953642864355
2.2221915755066783
1.9808259362290788
2.469240782172285
2.353190671338322
2.1280852788913944
2.1391759058556556
2.133937566094917
2.2221915755066783
3.077791429132268
2.4508257945180882
2.115059810387053
1.8747429956842212
2.457717469130148
2.404639087160197
2.4164997849817103
2.3720575239051116
2.351028956467779
2.7981212574507195
2.2841591278514217
2.440404017720928
2.9063271666654553
1.823067982273661
2.2841591278514217
2.5219280948873624
2.2483650467509033
2.6062389286533896
1.9508257945180885
2.2221915755066783
2.349601752714581
2.4679360295889174
2.054585169337799
2.395461844238322
2.740859843462611
2.263809173883546
1.809200032697812
2.1800365325772657
2.2885230597508395
2.058813890331201
2.499698143184414
2.004886164091843
1.8423709931771084
2.2841591278514217
2.004886164091843
2.054585169337799
2.117492461184755
2.3594559773258243
2.221251836004466
2.4996981431844145
2.4729055953200563
2.7334585933443494
2.2841591278514217
2.440404017720928
2.8758145836939115
1.9508257945180885
2.349601752714581
2.289246428509158
1.8879185026711327
2.7806390622295662
2.372094637795624
2.4613201402110083
2.4508257945180882
2.1055872616982603
1.867633890971212
2.2892464285091583
1.9772354454083079
2.4294945204514447
2.606238928653389
2.2758361633051267
2.712585324566295
1.789929075309999
2.3056098920348354
2.0403733936884962
1.4591479170272448
2.2321507672063827
2.4682234465480395
2.2841591278514217
2.292481250360578
2.358938532350277
1.971747257128181
2.2841591278514217
1.8250112108241772
2.771782221599798
2.2221915755066783
2.127986806877675
2.0403733936884962
2.556656707462823
2.2221915755066783
2.0746743365684326
2.855953642864355
2.1280852788913944
2.199687794731328
2.495461844238322
2.0403733936884962
2.271782221599798
2.2684727516311214
2.5322535340397483
2.2841591278514217
2.2221915755066783
2.270942421748537
2.2221915755066783
2.358938532350277
2.2221915755066783
2.1800365325772657
2.077819531114783
2.4232196723355077
2.584962500721156
2.4508257945180882
2.0403733936884962
2.004886164091843
2.2221915755066783
2.119973094021975
2.1416195253341384
2.0403733936884962
1.8423709931771088
2.8138461086383852
2.241109351621501
1.8585552118703144
2.5306390622295662
2.5492553971684995
2.4508257945180882
1.9182958340544896
2.2221915755066783
2.2322628970242686
2.5306390622295662
2.595461844238322
2.4887855917769937
2.199687794731328
2.2456637264986954
2.350209029099897
2.0403733936884962
2.60845859334435
1.823067982273661
2.350209029099897
2.651793902628769
2.473851389610045
2.199687794731328
2.5868878409958143
2.4137995646056805
1.8799649487271108
2.245869617795809
2.054585169337799
2.0670314951575843
2.287783719941071
2.0403733936884962
2.2221915755066783
2.1280852788913944
2.0614073951842946
2.5577174691301483
2.582059910580257
2.495602923729013
2.2062389286533897
1.971747257128181
2.2516291673878226
2.1416195253341384
2.4508257945180882
2.1280852788913944
2.2221915755066783
2.702904337188607
2.2221915755066783
2.771782221599798
2.251629167387823
2.1234786725698864
2.88083816621909
2.2081965922770874
2.2892464285091583
2.5487949406953985
2.3082708345352603
2.0403733936884962
2.472905595320056
2.3134597501718237
2.6535442970305683
1.8230679822736608
2.128085278891394
2.2221915755066783
2.358938532350277
2.2877837199410704
1.789929075309999
2.556656707462823
2.135053392163643
2.2221915755066783
1.7924812503605778
2.2841591278514217
2.4508257945180882
2.556656707462823
1.971747257128181
2.4508257945180882
1.913977073182752
2.225610814520738
2.197159723424149
2.4056390622295662
1.9149798205164812
2.353533948577482
3.0320454240709367
2.629885942054385
2.2841591278514217
2.205109900073869
2.2841591278514217
2.362820694461226
2.53414684380524
2.074164743022575
2.2806390622295662
2.194949047732144
2.2221915755066783
2.186661009052967
2.278787598135611
1.7924812503605778
2.217021885879718
1.7841591278514217
2.4613201402110083
1.9211854965885542
2.1993161966532395
2.4662478973127313
2.374556048381884
2.411509198419911
2.128085278891394
1.7814514568588302
1.8545428653182268
1.9689514568588302
2.4404040177209283
2.584092480340869
2.353533948577482
2.41379956460568
2.197159723424149
2.4137995646056805
2.4508257945180882
2.25
2.0828298561807106
2.199687794731328
2.4237949406953985
2.0403733936884962
2.223219672335508
2.353533948577482
2.433195838728977
2.2877837199410704
2.5559130951758244
2.897161537943443
2.004886164091843
2.2841591278514217
1.789929075309999
1.8423709931771086
2.0403733936884962
2.2221915755066783
2.357717469130148
2.721251836004466
2.41855862068152
2.287783719941071
2.4164997849817103
2.677694271103767
2.054585169337799
1.7115600776958577
2.239678259840456
2.2221915755066783
3.005478588596506
1.971747257128181
2.521782221599798
2.5239860659612976
2.6062389286533896
2.2221915755066783
2.603975726610715
2.0403733936884962
2.228319228894583
2.091314688649721
2.263809173883546
2.2892464285091583
2.0403733936884962
2.0403733936884962
2.004886164091843
2.2841591278514217
2.4508257945180882
1.971747257128181
2.3491999393493437
2.2221915755066783
1.789929075309999
2.2221915755066783
2.603975726610715
2.495602923729013
2.60845859334435
1.8204381454113916
1.8062389286533895
1.971747257128181
1.584962500721156
2.049452072789394
2.146465798504072
1.971747257128181
2.1887870678023824
2.499698143184414
2.4996981431844145
2.5495234595978316
2.2221915755066783
2.4508257945180882
2.2221915755066783
2.5785519909913264
2.2221915755066783
2.3004241080832215
2.488785591776994
1.8423709931771084
2.365555677688868
1.8423709931771084
2.125814583693911
2.359879028736861
2.2221915755066783
2.2841591278514217
2.2030713060627085
2.5566567074628237
2.0048861640918427
1.8585552118703144
2.0403733936884962
2.0403733936884962
2.217021885879718
2.755724900887713
2.646782221599798
2.422579761842491
2.221251836004466
2.48345859334435
2.0403733936884962
2.2890179898186576
2.418722908066561
2.2221915755066783
2.5106924110430975
2.335505556517097
1.760495029766198
2.217021885879718
2.6535442970305683
2.4115091984199104
2.655032318184166
2.191737433422466
2.484255144794799
2.4508257945180887
1.971747257128181
2.345851989338261
2.495461844238322
2.2841591278514217
2.353533948577482
2.199687794731328
2.2221915755066783
2.353533948577482
2.682817315121022
2.4056390622295662
2.038159681645953
2.1556390622295662
2.270942421748537
2.614369445886757
2.0403733936884962
2.499698143184414
2.499698143184414
2.2841591278514217
2.0403733936884962
1.971747257128181
1.5589385323502774
2.350209029099897
2.2758361633051267
2.4508257945180882
2.4729055953200563
2.5559130951758244
2.075869296697727
2.2221915755066783
2.4508257945180882
2.217021885879718
2.125814583693911
2.2221915755066783
2.084962500721156
2.2569089895583545
2.1774212838293647
2.2684727516311214
3.045095649545758
2.2221915755066783
2.2221915755066783
2.0
2.319973094021975
2.3531906713383224
1.8352377453121174
2.224601752714581
2.640521962682592
2.1492553971685
2.0349409139562287
2.221251836004466
2.403677461028802
2.638806718409557
2.127986806877675
2.9345608142862893
2.004886164091843
2.3458519893382603
1.971747257128181
2.145136370153053
2.2221915755066783
2.551269362922251
2.6601297526332575
2.3342564252133498
2.2221915755066783
2.4036303371499863
2.2221915755066783
2.2610276044371003
2.4137995646056805
2.5178650529206683
2.4692407821722844
2.199687794731328
2.436278124459133
2.2221915755066783
2.3959988705348416
2.692380602454975
2.1824562508413488
2.1920058354921066
2.1464657985040723
2.054585169337799
2.1800365325772657
2.7687574083915703
2.4056390622295662
2.3986726413443797
2.495602923729013
2.276296390747766
2.473851389610045
2.0403733936884962
1.9898980954642875
2.689339008808459
2.6084585933443494
1.8423709931771084
1.823067982273661
2.2221915755066783
2.6084585933443494
1.971747257128181
2.499698143184414
2.6601297526332575
2.123199115426226
2.4508257945180882
2.1556390622295662
1.8423709931771084
2.523986065961297
2.251629167387823
2.4508257945180882
2.217021885879718
1.789929075309999
1.823067982273661
1.8262452584026092
2.411509198419911
2.3517097619773297
2.633074477775882
2.2841591278514217
2.197159723424149
2.4613201402110083
2.2954618442383223
2.5868878409958143
2.669338360172871
2.612096688995876
2.4508257945180882
2.058813890331201
2.1920058354921066
2.314979820516481
2.2221915755066783
2.2221915755066783
1.811278124459133
2.1285269439207526
2.054585169337799
2.4508257945180882
2.049452072789394
2.2841591278514217
2.3576004726263524
2.1800365325772657
2.049452072789394
2.2221915755066783
2.2390183299752544
2.0403733936884962
1.8585552118703144
2.0923953729624785
2.0403733936884962
1.789929075309999
1.8339272176418302
2.0403733936884962
2.2841591278514217
2.2221915755066783
2.6535442970305683
2.145136370153053
2.353533948577482
2.4137995646056805
2.353533948577482
2.4546757860214616
2.3204233749536676
2.4508257945180882
2.4187229080665604
2.2221915755066783
2.294274067192862
2.142683189255492
2.220064734573498
2.2221915755066783
1.823067982273661
2.0403733936884962
2.263809173883546
2.422579761842491
2.224601752714581
2.270942421748537
2.176372890435935
2.4225797618424916
2.2062389286533897
2.2256051990169436
1.855388542207534
2.347948911826241
1.9508257945180885
2.3220847276178658
2.6756981353679867
2.535857775918279
2.5761664299193345
2.3531906713383224
2.4387439204017474
2.049104007471253
2.4577174691301487
1.9735561123277499
2.057604627056979
2.604243668758971
2.3826896122087153
2.692380602454975
2.2877837199410704
2.353533948577482
1.971747257128181
2.1174924611847548
2.084962500721156
1.968873874720721
2.1280852788913944
2.0403733936884962
2.128085278891394
1.8879185026711327
2.2051099000738694
2.234201009820717
1.971747257128181
2.815922063835166
2.2221915755066783
2.2221915755066783
2.556656707462823
2.556656707462823
2.556656707462823
2.556656707462823
2.556656707462823
2.556656707462823
2.1149798205164814
2.396782221599798
2.556656707462823
2.556656707462823
2.556656707462823
2.556656707462823
2.556656707462823
2.556656707462823
2.556656707462823
2.556656707462823
2.556656707462823
2.556656707462823
2.556656707462823
2.556656707462823
2.3227569588973984
2.396782221599798
2.556656707462823
2.556656707462823
2.556656707462823
2.556656707462823
2.556656707462823
2.556656707462823
2.556656707462823
2.556656707462823
2.556656707462823
2.556656707462823
2.556656707462823
2.556656707462823
2.4729055953200563
2.556656707462823
2.556656707462823
2.556656707462823
2.556656707462823
2.556656707462823
2.556656707462823
2.3227569588973984
2.521782221599798
2.270942421748537
2.221251836004466
2.075074223172834
2.4613201402110083
2.1842612638641032
2.2221915755066783
2.390863696857044
2.278351811711312
2.33012496531497
2.4137995646056805
2.3253314601288055
2.4225797618424916
2.8401998765158556
2.278351811711312
2.199687794731328
1.789929075309999
2.2221915755066783
2.221251836004466
2.2221915755066783
2.2221915755066783
1.4854752972273344
2.353533948577482
2.1179631753145163
2.4508257945180882
2.2221915755066783
2.2841591278514217
1.914341183612352
2.2316505805015394
2.2221915755066783
2.1607047528877827
2.437065831519022
2.2841591278514217
1.971747257128181
2.270942421748537
2.374556048381884
2.0403733936884962
2.2221915755066783
2.668980145022532
2.48345859334435
2.353533948577482
2.6556390622295662
2.3538109795800106
2.893246402011287
2.289246428509158
2.2478288180260253
2.047299098426643
2.348987989077528
2.614369445886757
2.4996981431844145
2.35274578087187
2.495602923729013
2.366079445682285
2.6653217324741894
2.739572261986723
2.2221915755066783
2.278351811711312
2.345851989338261
2.7199643047423914
2.4164997849817103
1.7924812503605778
2.2841591278514217
2.4508257945180882
2.2221915755066783
2.604476500082334
1.9591479170272446
2.339572261986723
2.4508257945180882
2.1556390622295662
2.125814583693911
2.5785519909913264
2.2221915755066783
2.2221915755066783
2.2221915755066783
2.005977711423774
1.789929075309999
2.4996981431844145
2.2841591278514217
2.004886164091843
1.789929075309999
2.217021885879718
2.4416298737872246
2.606238928653389
2.2221915755066783
2.4056390622295662
1.789929075309999
2.353533948577482
2.221251836004466
2.2221915755066783
2.3395722619867225
1.7924812503605778
2.2841591278514217
2.657509065733512
2.004886164091843
2.1716471811466906
2.4056390622295662
2.1920058354921066
1.9508257945180885
2.2221915755066783
2.2841591278514217
2.292071752457787
2.054585169337799
2.406666316740689
2.828795142067481
1.75
2.2221915755066783
1.9609640474436814
1.4591479170272448
2.4137995646056805
2.614369445886757
1.971747257128181
1.8799649487271108
2.020800094781482
2.2149798205164815
1.9402401514246457
2.4996981431844145
2.0403733936884962
2.0403733936884962
2.2841591278514217
2.2841591278514217
2.068794207565845
2.2221915755066783
2.2841591278514217
2.563716987127796
1.7832474385325099
2.049452072789394
1.9182958340544896
2.2841591278514217
2.058813890331201
2.2221915755066783
1.7924812503605778
2.2841591278514217
1.9182958340544896
2.474601752714581
2.2221915755066783
2.388103567753498
2.0588138903312014
2.4508257945180882
2.2221915755066783
2.1920058354921066
2.4508257945180882
1.8423709931771084
2.9023580009320913
2.6704800204211616
2.702715494040008
2.1339375660949167
2.2841591278514217
2.10845859334435
2.3895565292240044
2.358938532350277
2.270942421748537
2.353533948577482
1.3787834934861753
2.004886164091843
2.1556390622295662
1.8676338909712125
1.7841591278514217
2.1314076078546704
2.2877837199410704
2.258096028412048
2.4194762135576875
2.465426581842946
2.353533948577482
2.5572067678042587
2.3805031083902706
2.33012496531497
2.9727729101945686
2.521782221599798
2.4729055953200563
2.199687794731328
2.038159681645953
2.644623214254579
2.038159681645953
2.4225797618424916
2.004886164091843
2.054585169337799
2.422579761842491
1.9877733714879842
2.2221915755066783
2.216235235850493
2.270942421748537
1.962806631693174
2.196957186327418
2.4164997849817103
2.2221915755066783
2.2841591278514217
2.6199707109276353
2.980215392500742
2.603074189428569
2.4508257945180882
2.350209029099897
2.1783485514940155
2.5239860659612976
2.045841640885174
1.867633890971212
2.439353872167201
2.2584598927441624
2.383593219149464
2.422579761842491
2.67530788629902
2.3395722619867225
2.2221915755066783
2.727217001462482
2.4115091984199104
2.5785519909913264
2.3935474965388983
2.270942421748537
2.3596640035317242
2.400759541150928
2.2782038010085963
2.2221915755066783
2.251629167387823
2.054585169337799
2.378991986900062
1.823067982273661
2.2221915755066783
2.2221915755066783
2.0403733936884962
2.048680608917954
2.2877837199410704
1.9502120649147467
1.8919954870390203
2.606238928653389
2.1887870678023824
2.2221915755066783
2.353533948577482
2.049452072789394
2.2841591278514217
2.488785591776994
2.4305946180235427
2.359879028736861
2.2684727516311214
2.2841591278514217
2.4729055953200563
2.2221915755066783
1.965596230357602
2.128085278891394
2.298852726158181
2.2221915755066783
2.166064849014045
1.823067982273661
1.971747257128181
1.7924812503605778
2.25
2.084962500721156
2.0403733936884962
2.1929664221906795
2.25
1.4591479170272448
2.2221915755066783
2.53414684380524
2.2841591278514217
1.7841591278514217
2.004886164091843
2.4508257945180882
2.1800365325772657
2.0545851693377997
1.971747257128181
2.0403733936884962
2.591793226077496
2.4056390622295662
2.7131243840367345
1.789929075309999
1.9508257945180885
2.2841591278514217
2.524397470347699
2.3158243335257076
2.1416195253341384
2.125814583693911
2.0202442071537563
2.1559681021459083
2.2221915755066783
2.0590391046748544
2.606238928653389
2.0403733936884962
2.2221915755066783
1.823067982273661
2.2096909728231857
2.0
1.7924812503605778
1.896240625180289
1.896240625180289
2.1556390622295662
2.1556390622295662
2.058813890331201
2.1556390622295662
2.2221915755066783
1.9182958340544896
1.9989605881713537
2.0403733936884962
2.741288650808464
2.2841591278514217
2.1887870678023824
2.058813890331201
2.3220847276178658
1.971747257128181
1.971747257128181
1.8799649487271108
2.6986604604011157
2.2841591278514217
2.4137995646056805
1.8423709931771088
2.206238928653389
2.5492553971684995
2.2841591278514217
2.556656707462823
2.556656707462823
2.199687794731328
1.9877733714879842
2.2221915755066783
2.4164997849817103
2.2389205950315936
2.7394705707972515
2.3902702831424354
1.9956123808398374
2.221251836004466
2.3071885761626687
2.2221915755066783
2.004886164091843
2.349601752714581
2.855953642864355
2.3395722619867225
2.3432578733442675
2.686278124459133
2.194713138259743
2.2810361125534233
2.397063374871599
1.823067982273661
2.0403733936884962
2.615724605447171
2.934434065799029
2.030672129520887
2.359879028736861
2.424835634986198
2.498929563690935
2.549523459597832
2.2841591278514217
2.3954618442383215
2.3627402784989338
2.1179631753145163
2.349601752714581
2.1339375660949167
2.2841591278514217
1.854285871987246
1.7924812503605778
2.2877837199410704
2.2389205950315936
2.0741647430225756
2.606238928653389
2.472905595320056
2.4410685859554375
2.60845859334435
2.287783719941071
2.0301588147187455
1.7884504573082893
1.9533040442609688
2.460964047443681
2.2221915755066783
2.472905595320056
1.823067982273661
2.004886164091843
2.59448250651942
2.2841591278514217
2.4164997849817107
2.199687794731328
2.6825887305018328
2.217021885879718
2.049452072789394
2.463458298648303
2.2221915755066783
2.197159723424149
2.6535442970305683
2.3577174691301486
2.0121039189772216
2.2221915755066783
2.7272170014624826
2.33012496531497
2.054585169337799
2.4164997849817103
2.7884882484983704
2.2221915755066783
2.374556048381884
2.6246803469736477
1.8676338909712125
2.606238928653389
2.474601752714581
2.4508257945180882
2.4508257945180882
2.1314076078546704
2.60845859334435
2.004886164091843
2.699513850319966
2.4305946180235427
2.128085278891394
2.292481250360578
2.2221915755066783
1.971747257128181
2.128085278891394
2.453922437733178
1.709526332323075
2.35274578087187
2.1055872616982603
2.1920058354921066
2.2954656791802917
2.353533948577482
2.0403733936884962
2.436278124459133
1.823067982273661
2.117492461184755
2.4137995646056805
2.713216235691139
2.2221915755066783
2.5028246923615067
2.2841591278514217
2.2221915755066783
2.660129752633257
2.522620309531022
2.2320112312622795
1.8971096255841837
2.406666316740689
2.1967916319816365
2.049452072789394
2.2221915755066783
2.591793226077496
2.5107604639428946
1.823067982273661
1.965596230357602
2.2221915755066783
2.2221915755066783
2.1800365325772657
2.457717469130148
2.004886164091843
1.7924812503605778
2.2841591278514217
2.25
2.2221915755066783
2.1783085608561774
2.474601752714581
2.292481250360578
2.5492553971685
2.2221915755066783
2.4729055953200563
2.0403733936884962
2.588416280324043
2.5498550315128585
2.4416298737872246
2.5785519909913264
2.290461923377921
2.2221915755066783
1.8290328929684438
2.0570812624395973
2.889097655573916
2.2221915755066783
2.418801937292702
2.287783719941071
2.4164997849817107
2.1118639908793053
2.4115091984199104
2.53414684380524
2.602217001462482
2.0131324651707385
2.221251836004466
2.563716987127796
2.2585728843419157
1.9211854965885542
2.295461844238322
2.5032583347756456
2.2221915755066783
1.789929075309999
2.1774212838293647
2.1387720668284853
1.9808259362290788
1.752715278979705
2.35274578087187
1.8585552118703144
2.3220847276178658
2.271782221599798
2.360633700035832
2.2322628970242686
2.0741647430225756
1.7913735870221323
3.0403733936884962
2.359879028736861
1.867633890971212
2.2877837199410704
2.499698143184414
2.217021885879718
2.60845859334435
2.130926080730337
2.5341468438052397
2.4508257945180882
2.111636870709878
2.0403733936884962
2.4508257945180882
2.345851989338261
2.5540932739850413
2.4606057799537933
2.2221915755066783
2.2221915755066783
2.696199049814856
2.744842531753244
2.2037016960573483
1.5566567074628228
2.005977711423774
2.0403733936884962
2.0
2.9356919871571896
2.895203331908628
2.3112781244591325
2.2684727516311214
2.224601752714581
2.3232196723355076
2.4508257945180882
2.221251836004466
2.495602923729013
2.633761927843402
2.3544155053807505
2.2221915755066783
2.4225797618424916
2.353533948577482
2.2221915755066783
2.2841591278514217
1.9877733714879842
2.2221915755066783
2.0403733936884962
1.971747257128181
2.60845859334435
2.2221915755066783
2.660129752633257
2.287783719941071
2.217721077570213
1.7924812503605778
2.395461844238322
1.9508257945180885
2.2841591278514217
2.0403733936884962
2.2841591278514217
2.3355055565170972
1.8250112108241772
2.2841591278514217
2.53414684380524
2.058117008486823
2.3158243335257076
2.2221915755066783
2.2464393446710154
2.401447377484242
2.289246428509158
2.442192843025161
2.004886164091843
2.049452072789394
2.128085278891394
2.8266781970562955
2.260820318171659
2.2841591278514217
2.5341468438052397
2.217021885879718
1.971747257128181
2.460904932167797
2.472905595320056
2.054585169337799
2.3432578733442675
2.1774212838293647
2.251185325340039
2.1416195253341384
2.4508257945180882
2.4582174221712076
1.8553885422075338
2.2841591278514217
2.477175233435624
2.4508257945180882
2.2544475789720946
2.353533948577482
2.2221915755066783
2.2221915755066783
1.823067982273661
1.9193308322365363
2.696199049814856
2.2810343284314496
2.277567097565678
2.6649320024590573
2.2856946147259993
2.054585169337799
2.2221915755066783
2.054585169337799
2.3010723294028725
2.353190671338322
2.004886164091843
2.577428772913488
2.2221915755066783
2.2221915755066783
2.2585728843419157
2.4056390622295662
2.682588730501833
2.4508257945180882
2.4137995646056805
2.4137995646056805
2.523986065961297
2.2806390622295662
2.499544305608131
2.8287814831406055
2.5724312513221195
2.6337314206421327
2.6535442970305683
2.146782221599798
2.0574795922081703
2.4996981431844145
2.2221915755066783
2.128085278891394
2.2389205950315936
2.2841591278514217
2.281999589289323
2.628212945841001
2.3758145836939115
2.4584538292330587
2.2221915755066783
2.7395722619867224
2.004886164091843
2.270942421748537
1.9473387961875537
2.125814583693911
2.0403733936884962
2.5495234595978316
2.004886164091843
2.271782221599798
2.219973094021975
2.217021885879718
2.221251836004466
2.548076663102543
1.7243944454059859
2.4056390622295662
2.263809173883546
2.345851989338261
2.125814583693911
2.395461844238322
2.556656707462823
2.6079684766673767
1.584962500721156
2.4508257945180882
2.221251836004466
1.7609640474436812
1.971747257128181
2.0588138903312014
2.523986065961297
2.523986065961297
1.867633890971212
2.6535442970305683
2.2221915755066783
1.8423709931771086
2.2221915755066783
2.221251836004466
2.2841591278514217
2.0048861640918427
2.0805576533947314
2.4692407821722844
2.353533948577482
2.4416298737872246
2.2221915755066783
2.6384600665861555
2.6825887305018328
2.2684727516311214
1.675143246409987
2.603975726610715
2.2608203181716595
2.2221915755066783
2.521782221599798
2.856653212780931
2.692380602454975
2.3317663774021273
2.0403733936884962
2.2221915755066783
3.1339375660949162
2.4980775466236413
2.457717469130148
2.004886164091843
2.2221915755066783
2.0403733936884962
2.1556390622295662
2.6062088944024344
2.2221915755066783
2.365596230357602
2.6062389286533896
2.257906570104942
2.2559882667389375
2.3179508276569885
2.6535442970305683
2.1967916319816365
1.8585552118703144
2.359879028736861
1.7609640474436812
2.2653195005779003
1.8144140921304859
2.054585169337799
2.60845859334435
1.971747257128181
2.739572261986723
2.038159681645953
2.311278124459133
2.339572261986723
2.2841591278514217
2.682588730501833
2.074164743022575
2.2221915755066783
2.4137995646056805
2.522740045214949
2.049452072789394
2.5937648647137004
2.752715278979705
2.407536205057971
2.1527217381013255
2.33012496531497
2.3199730940219747
2.469670487371862
2.0403733936884962
2.2221915755066783
2.327632809290636
2.268472751631122
2.5954618442383217
2.606238928653389
2.2814848282751647
1.9056390622295665
2.3199730940219747
2.7806390622295662
2.624059283571776
2.049452072789394
2.4961268547517808
2.353533948577482
2.224601752714581
2.5868878409958143
2.696199049814856
2.335383620764544
2.049452072789394
2.270942421748537
2.6321921215711943
2.4248356349861986
2.0875766428471136
2.2221915755066783
1.8585552118703144
2.6901074801412554
2.221251836004466
2.2221915755066783
2.1577174691301484
2.3959988705348416
2.4892147879496163
2.004886164091843
2.406666316740689
2.2221915755066783
1.9508257945180885
2.2221915755066783
2.359879028736861
2.353533948577482
1.9942994759573032
2.0403733936884962
2.0989295636909353
2.711548235873772
1.867633890971212
2.48345859334435
2.2221915755066783
2.4863286677871854
2.067031495157584
1.971747257128181
2.2841591278514217
2.2221915755066783
3.093468652461369
2.5305843494246893
2.374556048381884
2.695461844238322
2.239018329975254
2.3735511490965524
2.1967916319816365
2.360964047443681
2.529696439528413
1.97334560211053
2.7232196723355075
2.8768531307993084
2.5580510765444573
1.9442801028674237
2.0059067792576335
1.9764892117991657
2.5498550315128585
1.789929075309999
1.823067982273661
1.867633890971212
2.2856005389623073
2.292481250360578
2.322756958897399
2.6443728207539827
2.0403733936884962
2.2841591278514217
2.2221915755066783
2.2221915755066783
2.0403733936884962
2.1174924611847548
2.1280852788913944
2.2841591278514217
2.2221915755066783
2.4922031072054134
2.2737288290053255
2.0403733936884962
2.696199049814856
2.7806390622295662
1.811278124459133
2.0813971840653878
1.842721675961373
2.4137995646056805
2.2458696177958086
2.4996981431844145
2.5868878409958143
1.823067982273661
2.322756958897399
2.2627834289765825
2.353533948577482
1.8919954870390203
2.146465798504072
2.396782221599798
2.0403733936884962
2.6556390622295662
2.2221915755066783
1.971747257128181
2.486778631137593
2.696199049814856
2.359879028736861
2.0461796919474975
2.4613201402110083
1.7219280948873623
2.0403733936884962
2.2942740671928616
2.2221915755066783
2.054585169337799
2.0403733936884962
2.2516291673878226
2.521782221599798
2.221251836004466
2.4806821149663842
2.2096909728231857
2.646782221599798
2.2221915755066783
1.867633890971212
2.221251836004466
2.3232196723355076
2.6825887305018328
2.6337314206421327
1.867633890971212
2.390863696857044
2.0403733936884962
2.7806390622295662
2.054585169337799
2.311278124459133
2.2221915755066783
2.606238928653389
2.4508257945180882
2.60845859334435
2.8408255021937237
2.696199049814856
2.2221915755066783
2.556656707462823
2.221251836004466
2.696199049814856
2.2841591278514217
2.175612156251541
1.7841591278514217
2.4685463540765222
2.9462075697849923
2.4305946180235423
2.2684727516311214
2.6985981103597485
2.4305946180235427
2.4508257945180882
2.1920058354921066
1.7527152789797045
2.345851989338261
2.4508257945180882
2.614369445886757
2.146782221599798
2.217021885879718
2.35845859334435
2.855953642864355
2.217021885879718
2.2733796587857245
2.718178404327948
2.4137995646056805
2.2841591278514217
2.274397470347699
2.7661069362316453
2.224601752714581
2.117492461184755
2.4508257945180882
2.33012496531497
2.0403733936884962
2.2062389286533897
2.146465798504072
2.359879028736861
2.2221915755066783
2.2221915755066783
1.971747257128181
2.0
2.6535442970305683
2.6535442970305683
2.2221915755066783
2.054585169337799
2.472905595320056
2.155968102145908
2.5785519909913264
2.2221915755066783
2.2221915755066783
2.2221915755066783
2.2221915755066783
2.2221915755066783
2.4659573209491747
2.0403733936884962
2.263809173883546
2.7636596133999975
2.049452072789394
2.6556390622295662
1.7924812503605778
2.2221915755066783
2.0761549894554676
2.0349409139562287
2.824498451560163
2.6601297526332575
2.33197669498491
2.263809173883546
1.867633890971212
2.418722908066561
2.498077546623641
2.217021885879718
2.440404017720928
2.3144908557451114
1.8585552118703144
2.2221915755066783
2.2221915755066783
2.852217001462482
2.7329145639793975
2.0403733936884962
1.789929075309999
2.5785519909913264
2.2221915755066783
2.2221915755066783
2.2841591278514217
2.263809173883546
2.2841591278514217
2.4996981431844145
2.332878689342031
2.349601752714581
2.4508257945180882
2.2485731395538666
2.2389205950315936
1.9609640474436814
2.2221915755066783
1.971747257128181
2.4508257945180882
2.3179508276569885
2.8991888181477297
2.2221915755066783
1.7924812503605778
2.798859949825195
2.004886164091843
2.1055872616982603
2.2221915755066783
1.8553885422075338
2.956895159183202
2.1690354219421173
2.349601752714581
2.4164997849817103
2.668980145022532
2.765273036450054
1.9508257945180885
2.0403733936884962
2.702904337188607
2.1416195253341384
2.199687794731328
2.2221915755066783
2.005977711423774
2.199687794731328
2.6084585933443494
2.054585169337799
2.7813172094432987
2.1280852788913944
2.463458298648303
2.2390183299752544
2.6202591903421104
2.0403733936884962
2.223219672335508
2.8072103113389795
2.359879028736861
2.453188816197031
2.0182155146751497
2.2892464285091583
2.458769005990383
2.2149798205164815
1.914341183612352
2.779519187707897
2.4408435846087544
2.679129034358142
2.923231428797621
2.4508257945180882
2.4508257945180882
1.9056390622295665
2.054585169337799
2.5025834071610684
2.343257873344267
2.0670314951575843
1.867633890971212
2.216521698179525
2.1416195253341384
2.0659830128072145
2.0403733936884962
2.499698143184414
2.4404040177209283
2.2221915755066783
2.2221915755066783
2.426340635375437
2.606238928653389
2.406666316740689
2.2221915755066783
1.823067982273661
2.696199049814856
2.491863871135249
2.4275019499768535
2.438124396351206
2.1623687835735015
2.6464393446710153
2.1086949695628423
2.2062389286533897
2.263809173883546
2.4662478973127313
2.4508257945180882
2.0403733936884962
2.2221915755066783
2.0758692966977272
3.0714235046625644
2.4416298737872246
2.2221915755066783
2.2221915755066783
2.474601752714581
2.2841591278514217
2.263809173883546
1.8810947601100745
2.270942421748537
2.4996981431844145
2.1556390622295662
2.6579297992352555
2.9506319966263335
1.9508257945180885
2.2841591278514217
2.692380602454975
2.2569089895583545
1.75
1.789929075309999
3.066981199783085
2.5954760276333784
2.8590127192958206
2.4416298737872246
2.3458519893382603
2.199687794731328
2.4508257945180882
2.74191560707815
2.35274578087187
2.176975712083742
1.978333581185264
2.495602923729013
2.2096909728231857
2.2841591278514217
2.2856005389623077
2.9056390622295662
2.495602923729013
2.4040097573248596
2.4508257945180882
2.4867930213024025
2.406666316740689
2.4137995646056805
1.9591479170272446
2.7329408469853314
2.6556390622295662
2.068096693865725
1.9508257945180885
2.3071885761626687
2.2751703547731936
2.4613201402110083
2.2974533091219693
2.2841591278514217
2.5577174691301483
1.823067982273661
1.8322628970242685
2.1234786725698864
2.2062389286533897
2.88083816621909
2.6510844434034344
2.120952031026403
2.8522170014624826
2.217021885879718
2.0202442071537563
2.6384600665861555
2.7334585933443494
2.2221915755066783
2.2232196723355075
2.2221915755066783
2.2221915755066783
2.4416298737872246
2.474601752714581
2.049452072789394
2.471251836004466
2.3627402784989338
2.4508257945180882
1.971747257128181
2.2221915755066783
2.4150932082140315
2.062907291846956
2.490593876805121
2.5495234595978316
2.2109736165067546
2.2221915755066783
2.2149798205164815
2.523986065961297
2.2892464285091583
2.099843897365664
2.3395722619867225
2.5495234595978324
2.5995812306460646
2.3329145639793976
2.646782221599798
2.125814583693911
2.4416298737872246
2.2577174691301485
2.223219672335508
2.822181958642873
2.353533948577482
2.6689801450225326
2.217021885879718
2.0403733936884962
2.195461844238322
2.4772170014624826
2.7395722619867224
2.52473261568954
2.4508257945180882
2.2221915755066783
2.2221915755066783
2.35274578087187
2.0403733936884962
2.0403733936884962
2.2841591278514217
2.2221915755066783
2.703088832431347
1.8788979029874788
3.1841805558759484
2.8441065448145375
2.7045348998193437
2.23345859334435
2.720799749745677
1.896240625180289
2.4056390622295662
2.791200464805918
2.049452072789394
2.411509198419911
2.0403733936884962
2.2221915755066783
2.223219672335508
1.896240625180289
2.4508257945180882
1.9877733714879842
2.4508257945180882
2.2221915755066783
1.8250112108241772
2.0670314951575843
1.8919954870390203
2.295461844238322
1.823067982273661
2.484255144794799
1.7924812503605778
2.0670314951575843
2.4063548967005404
2.125814583693911
2.48345859334435
2.128085278891394
1.7924812503605778
2.2941181491130647
3.0859149558924464
1.965596230357602
2.2149798205164815
2.474601752714581
2.4305946180235423
2.086048612313038
2.4577174691301487
2.353533948577482
1.914341183612352
2.4961268547517808
2.5239860659612976
2.2988252450030506
2.4508257945180882
2.038159681645953
2.353533948577482
2.5785519909913264
2.392277173072062
2.0989295636909353
2.2890179898186576
2.2221915755066783
2.2221915755066783
2.2221915755066783
2.2841591278514217
2.289246428509158
2.1556390622295662
2.217021885879718
2.0874628412503395
2.5820599105802575
2.319973094021975
2.239018329975254
1.6623195279353817
2.883431020201217
2.353533948577482
2.0403733936884962
2.4430741894285695
2.2339979078388272
2.2841591278514217
2.0403733936884962
2.692380602454975
2.2584598927441624
2.2125038423722683
2.521782221599798
2.0
2.669978045222004
2.260964047443681
2.139997045341651
2.262362377388257
2.744842531753244
2.217021885879718
2.4342685732304794
2.4806821149663847
1.8879185026711327
2.4137995646056805
2.1920058354921066
2.2841591278514217
2.2221915755066783
2.176372890435935
2.481806318955238
2.4721634603655414
2.474601752714581
2.8342953160960103
2.2458696177958086
1.979344769749615
2.5341468438052397
1.971747257128181
2.4137995646056805
2.692380602454975
2.2221915755066783
2.4137995646056805
2.2221915755066783
2.2221915755066783
2.1920058354921066
1.701833550149768
1.971747257128181
2.2062389286533897
2.084962500721156
2.2221915755066783
2.215356348561749
2.457717469130148
2.2440954395801547
2.440404017720928
2.423937415365712
2.331766377402127
3.0683917183620952
2.5639869282309213
2.359718935205111
2.3131006664157687
2.73345859334435
2.251629167387823
2.360964047443681
1.9508257945180885
2.402084237819134
2.5575876602558645
2.8530541716649305
2.6219280948873624
2.4164997849817103
2.2545139227249
2.646782221599798
2.032128525239341
2.5337712560645573
2.21577067413792
2.2030713060627085
2.1577174691301484
2.0403733936884962
2.221251836004466
2.125814583693911
1.8919954870390203
2.2877837199410704
2.3432578733442675
1.9096475186754822
2.1800365325772657
2.221251836004466
2.3197539480207117
2.2062389286533897
2.4508257945180882
2.217021885879718
2.4508257945180882
2.6910555792262647
2.217021885879718
2.774397470347699
2.3003980873087997
2.2221915755066783
1.789929075309999
2.4137995646056805
1.9508257945180885
2.21577067413792
2.2841591278514217
2.295461844238322
2.422579761842491
2.2221915755066783
2.2626923908396215
2.3395722619867225
2.2544475789720946
2.221251836004466
2.73345859334435
2.2221915755066783
2.4508257945180882
2.440388220517924
1.7960885595978366
2.2221915755066783
2.1800365325772657
2.785744677796007
2.0403733936884962
2.1920058354921066
2.7254128972590443
1.7219280948873623
1.982878372062765
2.2221915755066783
2.390863696857044
2.004886164091843
2.6535442970305683
2.2841591278514217
2.3897580034925574
2.429494520451445
2.5917932260774954
2.2841591278514217
2.2810361125534233
2.48345859334435
2.2221915755066783
2.2856005389623073
2.606238928653389
2.4508257945180882
2.591793226077496
2.180337381067571
2.8175070317452104
2.117492461184755
2.251629167387823
2.4508257945180882
2.3908636968570445
2.4189370883802
2.992912132609086
1.870253816431622
2.5495234595978324
1.9015064025015063
2.422579761842491
1.789929075309999
2.523986065961297
2.2221915755066783
2.2221915755066783
2.2051099000738694
2.074164743022575
2.2389205950315936
2.2221915755066783
2.4137995646056805
2.0703811061733854
2.2221915755066783
2.4508257945180882
2.1174924611847548
2.049452072789394
2.2841591278514217
2.8428581710673226
2.289246428509158
2.3082708345352603
2.556656707462823
2.2221915755066783
2.4305946180235427
2.0545851693377997
2.2221915755066783
1.9508257945180885
2.4613201402110088
2.394377456996752
2.263809173883546
2.054585169337799
2.199687794731328
2.60845859334435
2.2221915755066783
2.251629167387823
2.6825887305018328
2.2221915755066783
2.8716535224393334
2.458453829233059
2.4508257945180882
2.2221915755066783
2.8129739800991733
2.473669398093777
2.0403733936884962
2.3575485969541625
2.3547482801845683
2.5061440668531976
1.8879185026711327
2.221251836004466
1.971747257128181
2.495602923729013
2.279799131837405
2.406666316740689
1.9591479170272446
2.2221915755066783
2.133937566094917
2.063202513215852
2.3253314601288055
2.3695710038552735
2.3458519893382603
2.6535442970305683
2.199687794731328
2.016875695766564
2.4508257945180882
2.4508257945180882
2.345851989338261
1.823067982273661
2.127986806877675
1.9508257945180885
2.2221915755066783
2.224601752714581
2.3577174691301486
2.2221915755066783
2.1416195253341384
2.349601752714581
2.1920058354921066
2.2221915755066783
2.2221915755066783
2.1556390622295662
2.217021885879718
2.004886164091843
2.0403733936884962
2.331802673624286
2.4961268547517808
2.054585169337799
1.8585552118703144
2.822181958642873
2.6535442970305683
2.4164997849817107
1.8641134026590038
2.5559130951758244
2.672553582385556
2.4164997849817107
2.117492461184755
2.7045348998193437
1.9746017527145812
2.4137995646056805
2.35845859334435
2.221251836004466
2.665885150264076
2.2221915755066783
2.287783719941071
1.9508257945180885
2.038159681645953
1.5566567074628228
2.495602923729013
2.606238928653389
2.004886164091843
2.2221915755066783
2.2221915755066783
2.2221915755066783
2.054585169337799
2.2248330254797586
2.53414684380524
2.004886164091843
2.285806388695898
2.0458416408851736
1.789929075309999
2.221251836004466
2.4137995646056805
2.128085278891394
2.2841591278514217
2.074164743022575
2.591793226077496
2.2221915755066783
2.1800365325772657
2.285694614725999
2.1174924611847548
2.879706048806279
2.2221915755066783
2.4996981431844145
2.503258334775645
2.186610063215897
2.4834585933443494
2.5358577759182794
1.867633890971212
2.128085278891394
2.0849625007211565
2.125814583693911
2.0403733936884962
2.1880178972337725
2.606238928653389
2.319973094021975
2.5805661303653307
2.289246428509158
2.6535442970305683
2.4137995646056805
1.7219280948873623
2.0989295636909353
2.921855367790775
1.8553885422075338
2.199687794731328
2.2698157169987727
2.556656707462823
2.6337314206421327
2.2221915755066783
2.353533948577482
2.6556390622295662
2.2221915755066783
2.125814583693911
2.614369445886757
2.2221915755066783
2.4508257945180882
1.971747257128181
2.4613201402110083
1.9877733714879842
2.872511153838009
2.5890039943505934
1.823067982273661
1.7921951936824647
2.374556048381884
2.7205167745437895
2.206238928653389
2.606238928653389
2.054585169337799
2.0403733936884962
2.2987949406953985
2.359879028736861
2.33012496531497
2.422579761842491
2.004886164091843
2.4508257945180882
2.4530408842698144
2.005977711423774
2.319973094021975
2.396782221599798
2.3843641434371503
2.499698143184414
2.0403733936884962
2.720288046780937
2.555913095175825
2.117492461184755
2.1800365325772657
2.072905595320056
2.495602923729013
2.4991732027793203
2.5357393697410355
2.287783719941071
2.1209520310264036
2.6150664225842415
2.2221915755066783
2.3696966890447024
2.469240782172285
2.390863696857044
2.372094637795624
2.5306390622295662
2.2221915755066783
2.460964047443681
2.783735328622078
2.2731641637663254
2.133937566094917
2.551514870862883
2.2221915755066783
1.8496017527145812
1.971747257128181
2.1608467607817
1.699594445021888
2.350209029099897
2.4416298737872246
2.161541933335928
2.349601752714581
2.058813890331201
2.2221915755066783
2.3208020839342964
2.199979326716487
2.2221915755066783
2.606238928653389
1.971747257128181
2.4508257945180882
2.4817062775743137
2.458027689384728
1.971747257128181
2.054585169337799
2.189238255803027
2.4305946180235423
2.063202513215852
2.6021766528628985
2.287783719941071
2.251629167387823
2.4516084941043093
2.2221915755066783
2.835237745312118
2.660129752633257
2.556656707462823
2.278351811711312
1.93012496531497
2.692380602454975
2.1609640474436813
2.3134597501718237
2.6535442970305683
2.0403733936884962
2.2221915755066783
2.199687794731328
2.2221915755066783
2.692380602454975
2.692380602454975
2.2221915755066783
2.5868878409958143
2.004886164091843
2.2844727127031867
2.542482693809728
2.0403733936884962
1.8412501702815547
2.2841591278514217
2.822181958642873
2.835237745312118
1.9508257945180885
2.753434386188785
2.749322181479532
2.206238928653389
2.706956909971567
2.2221915755066783
2.440404017720928
2.004886164091843
1.823067982273661
2.660129752633257
2.986329059937434
2.4428621651554665
2.077819531114783
2.2389205950315936
2.359879028736861
2.2221915755066783
2.038159681645953
2.133937566094917
2.35274578087187
2.350209029099897
2.2221915755066783
2.651793902628769
2.072905595320056
2.3843641434371503
2.6825887305018328
2.2841591278514217
2.260820318171659
2.221251836004466
2.2841591278514217
2.2221915755066783
2.287783719941071
2.665957320949175
2.345851989338261
2.084962500721156
2.4137995646056805
2.5198157169987727
2.4137995646056805
2.25
2.499698143184414
2.2396275363413567
2.460964047443681
2.353533948577482
1.9473387961875537
2.4954618442383216
2.396782221599798
2.2221915755066783
2.1280852788913944
1.823067982273661
2.004886164091843
2.353533948577482
2.1105961389266823
2.3004241080832215
2.3697073767375323
2.292071752457787
2.883776878363605
2.5895183026895356
2.2030713060627085
2.2221915755066783
2.2221915755066783
2.1887870678023824
2.2221915755066783
2.125814583693911
2.117492461184755
2.2221915755066783
1.789929075309999
2.221251836004466
2.646782221599798
1.9852281360342516
1.8585552118703144
2.279799131837405
1.823067982273661
1.8250112108241772
2.4164997849817103
1.971747257128181
2.606238928653389
2.4508257945180882
2.2221915755066783
2.4922031072054134
2.0403733936884962
2.6689801450225326
2.5967916319816364
3.096161187118111
2.196791631981637
2.7792553760679404
2.4996981431844145
2.084962500721156
2.0403733936884962
2.1280852788913944
2.349601752714581
2.2221915755066783
2.6535442970305683
2.2841591278514217
2.31590166489985
2.199687794731328
2.0628551321633783
2.292481250360578
2.199687794731328
2.077235445408308
2.4729055953200563
2.5495234595978324
1.8585552118703144
1.957939355321115
2.406666316740689
1.896240625180289
2.6420795639257113
2.2221915755066783
2.422579761842491
1.9746939516467024
2.8234665284277938
2.7254805569978675
2.2221915755066783
2.7389211020256887
2.9167568998467095
2.476796752685521
2.4508257945180882
2.457717469130148
2.556656707462823
2.6756981353679867
1.971747257128181
1.9165526373925423
2.954003642329854
2.499698143184414
2.373735909525858
2.7335293093065616
2.1774212838293647
2.3694320362548176
2.4701970429406517
2.4980775466236413
2.2221915755066783
2.2062389286533897
2.345851989338261
1.789929075309999
2.4056390622295662
2.801646118348147
2.221251836004466
2.3458519893382603
2.2221915755066783
2.35274578087187
2.2221915755066783
2.004886164091843
2.35274578087187
2.4137995646056805
2.0
2.35274578087187
2.2221915755066783
2.004886164091843
2.35274578087187
2.2221915755066783
1.5566567074628228
2.2892464285091583
2.3082708345352603
2.2892464285091583
1.771782221599798
2.2892464285091583
2.35274578087187
2.0590391046748544
2.0403733936884962
2.4508257945180882
2.4508257945180882
2.4628754146415783
2.4137995646056805
2.3220847276178658
2.1633347891038204
2.2221915755066783
2.5341468438052397
1.6644977792004614
1.971747257128181
2.0349409139562287
2.2221915755066783
1.7924812503605778
1.971747257128181
2.0403733936884962
2.4508257945180882
2.521782221599798
2.045841640885174
2.422579761842491
2.2221915755066783
1.823067982273661
2.2221915755066783
2.199687794731328
2.611510777487775
2.054585169337799
2.2221915755066783
2.049452072789394
2.4115091984199104
2.2221915755066783
1.971747257128181
2.4137995646056805
2.2221915755066783
1.962806631693174
2.2221915755066783
2.408153759612322
2.750961982762677
2.4764097655573916
2.2221915755066783
2.2221915755066783
2.7395722619867224
2.287783719941071
2.458103180234289
2.007856063692049
2.7806390622295662
2.0967651781485803
3.230396411099389
2.6274906310814994
2.2221915755066783
1.9746017527145812
2.1957382668973158
2.2877837199410704
2.221251836004466
2.0403733936884962
1.971747257128181
2.3538109795800106
2.0494520727893937
2.4057645846554525
2.449745614847635
2.6384600665861555
2.279799131837405
1.9938896149219991
2.4623495650177687
2.2221915755066783
2.5480070239146446
2.2841591278514217
2.2841591278514217
2.0403733936884962
2.403677461028802
1.8810947601100745
2.3522170014624826
2.5550365325772657
2.5492553971685
2.3199730940219747
2.2892464285091583
2.641011402701028
2.2221915755066783
2.2221915755066783
2.2841591278514217
2.5358577759182794
1.971747257128181
2.521782221599798
2.038159681645953
2.4996981431844145
2.5480797641829542
2.460904932167797
2.499698143184414
2.2221915755066783
2.4056390622295662
2.0403733936884962
2.038159681645953
2.7792553760679404
2.2221915755066783
2.350209029099897
2.2877837199410704
2.4508257945180882
2.1280852788913944
2.4416298737872246
2.406666316740689
2.2221915755066783
2.2221915755066783
2.375
2.3342564252133498
2.556656707462823
2.353533948577482
2.2877837199410704
2.2221915755066783
2.606238928653389
2.48345859334435
2.199687794731328
1.5566567074628228
1.9508257945180885
2.603975726610715
2.4996981431844145
2.5073801024236353
2.0403733936884962
2.1379185026711327
2.4996981431844145
2.245869617795809
2.4187229080665604
2.6556390622295662
2.2221915755066783
2.0403733936884962
2.049452072789394
2.2841591278514217
1.867633890971212
2.2877837199410704
2.35274578087187
2.5073801024236357
2.499698143184414
2.5785519909913264
2.551514870862884
2.292481250360578
1.971747257128181
2.4137995646056805
2.345851989338261
2.4508257945180882
2.2841591278514217
2.472905595320056
1.584962500721156
1.971747257128181
2.2221915755066783
1.5304930567574826
2.4729055953200563
1.7924812503605778
2.6062389286533896
2.049452072789394
2.2221915755066783
2.274397470347699
2.2841591278514217
2.2221915755066783
2.1527217381013255
2.6084585933443494
2.33012496531497
2.0874628412503395
2.292481250360578
2.2221915755066783
2.3225529932327236
1.896240625180289
2.614369445886757
2.2221915755066783
2.2221915755066783
2.225610814520738
2.1729259946691304
2.2221915755066783
3.0052196722704054
2.3232196723355076
2.2221915755066783
2.177694271103767
2.3134597501718237
2.0403733936884962
2.440404017720928
2.004886164091843
2.2841591278514217
2.148834854280917
2.4404040177209283
2.004886164091843
2.6062389286533896
2.1280852788913944
2.2221915755066783
2.0403733936884962
2.463458298648303
1.9679432589494157
2.208966082694623
1.855388542207534
2.2856005389623073
2.3627402784989338
2.004886164091843
2.2062389286533897
2.4508257945180882
2.406666316740689
2.10973793212989
2.7198445896504273
2.1997710295129704
2.484255144794799
2.2221915755066783
2.6765196263630653
2.0403733936884962
2.084962500721156
2.2221915755066783
2.311278124459133
2.1055872616982603
2.4508257945180882
2.472905595320056
2.7395722619867224
2.2221915755066783
2.2221915755066783
2.2221915755066783
2.2221915755066783
2.946459839054783
2.75199607143425
2.6424239617719745
2.4729055953200563
1.7489992230622806
2.2608203181716595
2.984438349198538
2.349601752714581
2.0403733936884962
2.947628801329581
2.1174924611847548
2.353533948577482
2.2221915755066783
2.1766352793034835
2.2396275363413567
2.533206219346495
1.8879185026711327
2.460904932167797
2.316131524180188
2.271782221599798
2.390863696857044
1.789929075309999
2.2221915755066783
2.4225797618424916
2.692380602454975
2.4508257945180882
2.2221915755066783
2.4137995646056805
2.3232196723355076
2.2221915755066783
2.2221915755066783
2.2221915755066783
2.2221915755066783
2.2221915755066783
2.2221915755066783
2.2221915755066783
2.2221915755066783
2.2221915755066783
2.2221915755066783
2.2221915755066783
2.2221915755066783
2.2221915755066783
2.2221915755066783
2.2221915755066783
2.2221915755066783
2.2221915755066783
2.2221915755066783
2.2221915755066783
2.2221915755066783
2.2221915755066783
2.2221915755066783
2.2221915755066783
2.2221915755066783
2.2221915755066783
2.2221915755066783
2.2221915755066783
2.2221915755066783
2.5172018025827256
2.5172018025827256
2.5172018025827256
2.5172018025827256
2.5172018025827256
2.5172018025827256
2.5172018025827256
2.5172018025827256
2.5172018025827256
2.5172018025827256
2.5172018025827256
2.5172018025827256
2.5172018025827256
2.5172018025827256
2.5172018025827256
2.5172018025827256
2.5172018025827256
2.5172018025827256
2.5172018025827256
2.5172018025827256
2.5172018025827256
2.5172018025827256
2.5172018025827256
2.5172018025827256
2.5172018025827256
2.5172018025827256
2.2221915755066783
2.2221915755066783
2.2221915755066783
2.2221915755066783
2.2221915755066783
2.2221915755066783
2.2221915755066783
2.2221915755066783
2.2221915755066783
2.2221915755066783
2.2221915755066783
2.2221915755066783
2.2221915755066783
2.2221915755066783
2.2221915755066783
2.2221915755066783
2.2221915755066783
2.2221915755066783
2.2221915755066783
2.2221915755066783
2.2221915755066783
2.2221915755066783
2.2221915755066783
2.2221915755066783
2.2221915755066783
2.2221915755066783
2.2221915755066783
2.2221915755066783
2.5172018025827256
2.5172018025827256
2.5172018025827256
2.5172018025827256
2.5172018025827256
2.5172018025827256
2.5172018025827256
2.5172018025827256
2.5172018025827256
2.5172018025827256
2.5172018025827256
2.5172018025827256
2.5172018025827256
2.5172018025827256
2.5172018025827256
2.5172018025827256
2.5172018025827256
2.5172018025827256
2.5172018025827256
2.5172018025827256
2.5172018025827256
2.5172018025827256
2.5172018025827256
2.5172018025827256
2.5172018025827256
2.5172018025827256
2.2221915755066783
2.5172018025827256
2.5172018025827256
2.5172018025827256
2.5172018025827256
2.5172018025827256
2.5172018025827256
2.5172018025827256
2.5172018025827256
2.5172018025827256
2.5172018025827256
2.5172018025827256
2.5172018025827256
2.5172018025827256
2.5172018025827256
2.5172018025827256
2.5172018025827256
2.5172018025827256
2.5172018025827256
2.5172018025827256
2.5172018025827256
2.5172018025827256
2.5172018025827256
2.5172018025827256
2.5172018025827256
2.5172018025827256
2.5172018025827256
2.2221915755066783
2.2221915755066783
2.2221915755066783
2.2221915755066783
2.2221915755066783
2.2221915755066783
2.2221915755066783
2.2221915755066783
2.2221915755066783
2.2221915755066783
2.2221915755066783
2.2221915755066783
2.2221915755066783
2.2221915755066783
2.2221915755066783
2.2221915755066783
2.2221915755066783
2.2221915755066783
2.2221915755066783
2.2221915755066783
2.2221915755066783
2.2221915755066783
2.2221915755066783
2.2221915755066783
2.2221915755066783
2.2221915755066783
2.2221915755066783
2.2221915755066783
2.5172018025827256
2.5172018025827256
2.5172018025827256
2.5172018025827256
2.5172018025827256
2.5172018025827256
2.5172018025827256
2.5172018025827256
2.5172018025827256
2.5172018025827256
2.5172018025827256
2.5172018025827256
2.5172018025827256
2.5172018025827256
2.5172018025827256
2.5172018025827256
2.5172018025827256
2.5172018025827256
2.5172018025827256
2.5172018025827256
2.5172018025827256
2.5172018025827256
2.5172018025827256
2.5172018025827256
2.5172018025827256
2.5172018025827256
2.2221915755066783
2.2221915755066783
2.2221915755066783
2.2221915755066783
2.2221915755066783
2.2221915755066783
2.2221915755066783
2.2221915755066783
2.2221915755066783
2.2221915755066783
2.2221915755066783
2.2221915755066783
2.2221915755066783
2.2221915755066783
2.2221915755066783
2.2221915755066783
2.2221915755066783
2.2221915755066783
2.2221915755066783
2.2221915755066783
2.2221915755066783
2.2221915755066783
2.2221915755066783
2.2221915755066783
2.2221915755066783
2.2221915755066783
2.2221915755066783
2.2221915755066783
2.5172018025827256
2.5172018025827256
2.5172018025827256
2.5172018025827256
2.5172018025827256
2.5172018025827256
2.5172018025827256
2.5172018025827256
2.5172018025827256
2.5172018025827256
2.5172018025827256
2.5172018025827256
2.5172018025827256
2.5172018025827256
2.5172018025827256
2.5172018025827256
2.5172018025827256
2.5172018025827256
2.5172018025827256
2.5172018025827256
2.5172018025827256
2.5172018025827256
2.5172018025827256
2.5172018025827256
2.5172018025827256
2.5172018025827256
2.2221915755066783
2.2221915755066783
2.2221915755066783
2.2221915755066783
2.2221915755066783
2.2221915755066783
2.2221915755066783
2.2221915755066783
2.2221915755066783
2.2221915755066783
2.2221915755066783
2.2221915755066783
2.2221915755066783
2.2221915755066783
2.2221915755066783
2.2221915755066783
2.2221915755066783
2.2221915755066783
2.2221915755066783
2.2221915755066783
2.2221915755066783
2.2221915755066783
2.2221915755066783
2.2221915755066783
2.2221915755066783
2.2221915755066783
2.2221915755066783
2.2221915755066783
2.5172018025827256
2.5172018025827256
2.5172018025827256
2.5172018025827256
2.5172018025827256
2.5172018025827256
2.5172018025827256
2.5172018025827256
2.5172018025827256
2.5172018025827256
2.5172018025827256
2.5172018025827256
2.5172018025827256
2.5172018025827256
2.5172018025827256
2.5172018025827256
2.5172018025827256
2.5172018025827256
2.5172018025827256
2.5172018025827256
2.5172018025827256
2.5172018025827256
2.5172018025827256
2.5172018025827256
2.5172018025827256
2.5172018025827256
2.2221915755066783
2.2221915755066783
2.2221915755066783
2.2221915755066783
2.2221915755066783
2.2221915755066783
2.2221915755066783
2.2221915755066783
2.2221915755066783
2.2221915755066783
2.2221915755066783
2.2221915755066783
2.2221915755066783
2.2221915755066783
2.2221915755066783
2.2221915755066783
2.2221915755066783
2.2221915755066783
2.2221915755066783
2.2221915755066783
2.2221915755066783
2.2221915755066783
2.2221915755066783
2.2221915755066783
2.2221915755066783
2.2221915755066783
2.2221915755066783
2.2221915755066783
2.5172018025827256
2.5172018025827256
2.5172018025827256
2.5172018025827256
2.5172018025827256
2.5172018025827256
2.5172018025827256
2.5172018025827256
2.5172018025827256
2.5172018025827256
2.5172018025827256
2.5172018025827256
2.5172018025827256
2.5172018025827256
2.5172018025827256
2.5172018025827256
2.5172018025827256
2.5172018025827256
2.5172018025827256
2.5172018025827256
2.5172018025827256
2.5172018025827256
2.5172018025827256
2.5172018025827256
2.5172018025827256
2.5172018025827256
2.2221915755066783
2.2221915755066783
2.2221915755066783
2.2221915755066783
2.2221915755066783
2.2221915755066783
2.2221915755066783
2.2221915755066783
2.2221915755066783
2.2221915755066783
2.2221915755066783
2.2221915755066783
2.2221915755066783
2.2221915755066783
2.2221915755066783
2.2221915755066783
2.2221915755066783
2.2221915755066783
2.2221915755066783
2.2221915755066783
2.2221915755066783
2.2221915755066783
2.2221915755066783
2.2221915755066783
2.2221915755066783
2.2221915755066783
2.2221915755066783
2.2221915755066783
2.5172018025827256
2.5172018025827256
2.5172018025827256
2.5172018025827256
2.5172018025827256
2.5172018025827256
2.5172018025827256
2.5172018025827256
2.5172018025827256
2.5172018025827256
2.5172018025827256
2.5172018025827256
2.5172018025827256
2.5172018025827256
2.5172018025827256
2.5172018025827256
2.5172018025827256
2.5172018025827256
2.5172018025827256
2.5172018025827256
2.5172018025827256
2.5172018025827256
2.5172018025827256
2.5172018025827256
2.5172018025827256
2.5172018025827256
2.2221915755066783
2.2221915755066783
2.2221915755066783
2.2221915755066783
2.2221915755066783
2.2221915755066783
2.2221915755066783
2.2221915755066783
2.2221915755066783
2.2221915755066783
2.2221915755066783
2.2221915755066783
2.2221915755066783
2.2221915755066783
2.2221915755066783
2.2221915755066783
2.2221915755066783
2.2221915755066783
2.2221915755066783
2.2221915755066783
2.2221915755066783
2.2221915755066783
2.2221915755066783
2.2221915755066783
2.2221915755066783
2.2221915755066783
2.2221915755066783
2.2221915755066783
2.5172018025827256
2.5172018025827256
2.5172018025827256
2.5172018025827256
2.5172018025827256
2.5172018025827256
2.5172018025827256
2.5172018025827256
2.5172018025827256
2.5172018025827256
2.5172018025827256
2.5172018025827256
2.5172018025827256
2.5172018025827256
2.5172018025827256
2.5172018025827256
2.5172018025827256
2.5172018025827256
2.5172018025827256
2.5172018025827256
2.5172018025827256
2.5172018025827256
2.5172018025827256
2.5172018025827256
2.5172018025827256
2.5172018025827256
2.2221915755066783
2.2221915755066783
2.2221915755066783
2.2221915755066783
2.2221915755066783
2.2221915755066783
2.2221915755066783
2.2221915755066783
2.2221915755066783
2.2221915755066783
2.2221915755066783
2.2221915755066783
2.2221915755066783
2.2221915755066783
2.2221915755066783
2.2221915755066783
2.2221915755066783
2.2221915755066783
2.2221915755066783
2.2221915755066783
2.2221915755066783
2.2221915755066783
2.2221915755066783
2.2221915755066783
2.2221915755066783
2.2221915755066783
2.2221915755066783
2.2221915755066783
2.5172018025827256
2.5172018025827256
2.5172018025827256
2.5172018025827256
2.5172018025827256
2.5172018025827256
2.5172018025827256
2.5172018025827256
2.5172018025827256
2.5172018025827256
2.5172018025827256
2.5172018025827256
2.5172018025827256
2.5172018025827256
2.5172018025827256
2.5172018025827256
2.5172018025827256
2.5172018025827256
2.5172018025827256
2.5172018025827256
2.5172018025827256
2.5172018025827256
2.5172018025827256
2.5172018025827256
2.5172018025827256
2.5172018025827256
2.2221915755066783
2.2221915755066783
2.2221915755066783
2.2221915755066783
2.2221915755066783
2.2221915755066783
2.2221915755066783
2.2221915755066783
2.2221915755066783
2.2221915755066783
2.2221915755066783
2.2221915755066783
2.2221915755066783
2.2221915755066783
2.2221915755066783
2.2221915755066783
2.2221915755066783
2.2221915755066783
2.2221915755066783
2.2221915755066783
2.2221915755066783
2.2221915755066783
2.2221915755066783
2.2221915755066783
2.2221915755066783
2.2221915755066783
2.2221915755066783
2.2221915755066783
2.5172018025827256
2.5172018025827256
2.5172018025827256
2.5172018025827256
2.5172018025827256
2.5172018025827256
2.5172018025827256
2.5172018025827256
2.5172018025827256
2.5172018025827256
2.5172018025827256
2.5172018025827256
2.5172018025827256
2.5172018025827256
2.5172018025827256
2.5172018025827256
2.5172018025827256
2.5172018025827256
2.5172018025827256
2.5172018025827256
2.5172018025827256
2.5172018025827256
2.5172018025827256
2.5172018025827256
2.5172018025827256
2.5172018025827256
2.2221915755066783
2.2221915755066783
2.2221915755066783
2.2221915755066783
2.2221915755066783
2.2221915755066783
2.2221915755066783
2.2221915755066783
2.2221915755066783
2.2221915755066783
2.2221915755066783
2.2221915755066783
2.2221915755066783
2.2221915755066783
2.2221915755066783
2.2221915755066783
2.2221915755066783
2.2221915755066783
2.2221915755066783
2.2221915755066783
2.2221915755066783
2.2221915755066783
2.2221915755066783
2.2221915755066783
2.2221915755066783
2.2221915755066783
2.2221915755066783
2.2221915755066783
2.5172018025827256
2.5172018025827256
2.5172018025827256
2.5172018025827256
2.5172018025827256
2.5172018025827256
2.5172018025827256
2.5172018025827256
2.5172018025827256
2.5172018025827256
2.5172018025827256
2.5172018025827256
2.5172018025827256
2.5172018025827256
2.5172018025827256
2.5172018025827256
2.5172018025827256
2.5172018025827256
2.5172018025827256
2.5172018025827256
2.5172018025827256
2.5172018025827256
2.5172018025827256
2.5172018025827256
2.5172018025827256
2.5172018025827256
2.2221915755066783
2.2221915755066783
2.2221915755066783
2.2221915755066783
2.2221915755066783
2.2221915755066783
2.2221915755066783
2.2221915755066783
2.2221915755066783
2.2221915755066783
2.2221915755066783
2.2221915755066783
2.2221915755066783
2.2221915755066783
2.2221915755066783
2.2221915755066783
2.2221915755066783
2.2221915755066783
2.2221915755066783
2.2221915755066783
2.2221915755066783
2.2221915755066783
2.2221915755066783
2.2221915755066783
2.2221915755066783
2.2221915755066783
2.2221915755066783
2.2221915755066783
2.5172018025827256
2.5172018025827256
2.5172018025827256
2.5172018025827256
2.5172018025827256
2.5172018025827256
2.5172018025827256
2.5172018025827256
2.5172018025827256
2.5172018025827256
2.5172018025827256
2.5172018025827256
2.5172018025827256
2.5172018025827256
2.5172018025827256
2.5172018025827256
2.5172018025827256
2.5172018025827256
2.5172018025827256
2.5172018025827256
2.5172018025827256
2.5172018025827256
2.5172018025827256
2.5172018025827256
2.5172018025827256
2.5172018025827256
2.2221915755066783
2.2221915755066783
2.2221915755066783
2.2221915755066783
2.2221915755066783
2.2221915755066783
2.2221915755066783
2.2221915755066783
2.2221915755066783
2.2221915755066783
2.2221915755066783
2.2221915755066783
2.2221915755066783
2.2221915755066783
2.2221915755066783
2.2221915755066783
2.2221915755066783
2.2221915755066783
2.2221915755066783
2.2221915755066783
2.2221915755066783
2.2221915755066783
2.2221915755066783
2.2221915755066783
2.2221915755066783
2.2221915755066783
2.2221915755066783
2.2221915755066783
2.5172018025827256
2.5172018025827256
2.5172018025827256
2.5172018025827256
2.5172018025827256
2.5172018025827256
2.5172018025827256
2.5172018025827256
2.5172018025827256
2.5172018025827256
2.5172018025827256
2.5172018025827256
2.5172018025827256
2.5172018025827256
2.5172018025827256
2.5172018025827256
2.5172018025827256
2.5172018025827256
2.5172018025827256
2.5172018025827256
2.5172018025827256
2.5172018025827256
2.5172018025827256
2.5172018025827256
2.5172018025827256
2.5172018025827256
2.2221915755066783
2.2221915755066783
2.2221915755066783
2.2221915755066783
2.2221915755066783
2.2221915755066783
2.2221915755066783
2.2221915755066783
2.2221915755066783
2.2221915755066783
2.2221915755066783
2.2221915755066783
2.2221915755066783
2.2221915755066783
2.2221915755066783
2.2221915755066783
2.2221915755066783
2.2221915755066783
2.2221915755066783
2.2221915755066783
2.2221915755066783
2.2221915755066783
2.2221915755066783
2.2221915755066783
2.2221915755066783
2.2221915755066783
2.2221915755066783
2.2221915755066783
2.5172018025827256
2.5172018025827256
2.5172018025827256
2.5172018025827256
2.5172018025827256
2.5172018025827256
2.5172018025827256
2.5172018025827256
2.5172018025827256
2.5172018025827256
2.5172018025827256
2.5172018025827256
2.5172018025827256
2.5172018025827256
2.5172018025827256
2.5172018025827256
2.5172018025827256
2.5172018025827256
2.5172018025827256
2.5172018025827256
2.5172018025827256
2.5172018025827256
2.5172018025827256
2.5172018025827256
2.5172018025827256
2.5172018025827256
2.2221915755066783
2.2221915755066783
2.2221915755066783
2.2221915755066783
2.2221915755066783
2.2221915755066783
2.2221915755066783
2.2221915755066783
2.2221915755066783
2.2221915755066783
2.2221915755066783
2.2221915755066783
2.2221915755066783
2.2221915755066783
2.2221915755066783
2.2221915755066783
2.2221915755066783
2.2221915755066783
2.2221915755066783
2.2221915755066783
2.2221915755066783
2.2221915755066783
2.2221915755066783
2.2221915755066783
2.2221915755066783
2.2221915755066783
2.2221915755066783
2.2221915755066783
2.5172018025827256
2.5172018025827256
2.5172018025827256
2.5172018025827256
2.5172018025827256
2.5172018025827256
2.5172018025827256
2.5172018025827256
2.5172018025827256
2.5172018025827256
2.5172018025827256
2.5172018025827256
2.5172018025827256
2.5172018025827256
2.5172018025827256
2.5172018025827256
2.5172018025827256
2.5172018025827256
2.5172018025827256
2.5172018025827256
2.5172018025827256
2.5172018025827256
2.5172018025827256
2.5172018025827256
2.5172018025827256
2.5172018025827256
2.2221915755066783
2.2221915755066783
2.2221915755066783
2.2221915755066783
2.2221915755066783
2.2221915755066783
2.2221915755066783
2.2221915755066783
2.2221915755066783
2.2221915755066783
2.2221915755066783
2.2221915755066783
2.2221915755066783
2.2221915755066783
2.2221915755066783
2.2221915755066783
2.2221915755066783
2.2221915755066783
2.2221915755066783
2.2221915755066783
2.2221915755066783
2.2221915755066783
2.2221915755066783
2.2221915755066783
2.2221915755066783
2.2221915755066783
2.2221915755066783
2.2221915755066783
2.5172018025827256
2.5172018025827256
2.5172018025827256
2.5172018025827256
2.5172018025827256
2.5172018025827256
2.5172018025827256
2.5172018025827256
2.5172018025827256
2.5172018025827256
2.5172018025827256
2.5172018025827256
2.5172018025827256
2.5172018025827256
2.5172018025827256
2.5172018025827256
2.5172018025827256
2.5172018025827256
2.5172018025827256
2.5172018025827256
2.5172018025827256
2.5172018025827256
2.5172018025827256
2.5172018025827256
2.5172018025827256
2.5172018025827256
2.2221915755066783
2.2221915755066783
2.2221915755066783
2.2221915755066783
2.2221915755066783
2.2221915755066783
2.2221915755066783
2.2221915755066783
2.2221915755066783
2.2221915755066783
2.2221915755066783
2.2221915755066783
2.2221915755066783
2.2221915755066783
2.2221915755066783
2.2221915755066783
2.2221915755066783
2.2221915755066783
2.2221915755066783
2.2221915755066783
2.2221915755066783
2.2221915755066783
2.2221915755066783
2.2221915755066783
2.2221915755066783
2.2221915755066783
2.2221915755066783
2.2221915755066783
2.5172018025827256
2.5172018025827256
2.5172018025827256
2.5172018025827256
2.5172018025827256
2.5172018025827256
2.5172018025827256
2.5172018025827256
2.5172018025827256
2.5172018025827256
2.5172018025827256
2.5172018025827256
2.5172018025827256
2.5172018025827256
2.5172018025827256
2.5172018025827256
2.5172018025827256
2.5172018025827256
2.5172018025827256
2.5172018025827256
2.5172018025827256
2.5172018025827256
2.5172018025827256
2.5172018025827256
2.5172018025827256
2.5172018025827256
2.2221915755066783
2.2221915755066783
2.2221915755066783
2.2221915755066783
2.2221915755066783
2.2221915755066783
2.2221915755066783
2.2221915755066783
2.2221915755066783
2.2221915755066783
2.2221915755066783
2.2221915755066783
2.2221915755066783
2.2221915755066783
2.2221915755066783
2.2221915755066783
2.2221915755066783
2.2221915755066783
2.2221915755066783
2.2221915755066783
2.2221915755066783
2.2221915755066783
2.2221915755066783
2.2221915755066783
2.2221915755066783
2.2221915755066783
2.2221915755066783
2.2221915755066783
2.5172018025827256
2.5172018025827256
2.5172018025827256
2.5172018025827256
2.5172018025827256
2.5172018025827256
2.5172018025827256
2.5172018025827256
2.5172018025827256
2.5172018025827256
2.5172018025827256
2.5172018025827256
2.5172018025827256
2.5172018025827256
2.5172018025827256
2.5172018025827256
2.5172018025827256
2.5172018025827256
2.5172018025827256
2.5172018025827256
2.5172018025827256
2.5172018025827256
2.5172018025827256
2.5172018025827256
2.5172018025827256
2.5172018025827256
2.2221915755066783
2.2221915755066783
2.2221915755066783
2.2221915755066783
2.2221915755066783
2.2221915755066783
2.2221915755066783
2.2221915755066783
2.2221915755066783
2.2221915755066783
2.2221915755066783
2.2221915755066783
2.2221915755066783
2.2221915755066783
2.2221915755066783
2.2221915755066783
2.2221915755066783
2.2221915755066783
2.2221915755066783
2.2221915755066783
2.2221915755066783
2.2221915755066783
2.2221915755066783
2.2221915755066783
2.2221915755066783
2.2221915755066783
2.2221915755066783
2.2221915755066783
2.5172018025827256
2.5172018025827256
2.5172018025827256
2.5172018025827256
2.5172018025827256
2.5172018025827256
2.5172018025827256
2.5172018025827256
2.5172018025827256
2.5172018025827256
2.5172018025827256
2.5172018025827256
2.5172018025827256
2.5172018025827256
2.5172018025827256
2.5172018025827256
2.5172018025827256
2.5172018025827256
2.5172018025827256
2.5172018025827256
2.5172018025827256
2.5172018025827256
2.5172018025827256
2.5172018025827256
2.5172018025827256
2.5172018025827256
2.2221915755066783
2.2221915755066783
2.2221915755066783
2.2221915755066783
2.2221915755066783
2.2221915755066783
2.2221915755066783
2.2221915755066783
2.2221915755066783
2.2221915755066783
2.2221915755066783
2.2221915755066783
2.2221915755066783
2.2221915755066783
2.2221915755066783
2.2221915755066783
2.2221915755066783
2.2221915755066783
2.2221915755066783
2.2221915755066783
2.2221915755066783
2.2221915755066783
2.2221915755066783
2.2221915755066783
2.2221915755066783
2.2221915755066783
2.2221915755066783
2.2221915755066783
2.5172018025827256
2.5172018025827256
2.5172018025827256
2.5172018025827256
2.5172018025827256
2.5172018025827256
2.5172018025827256
2.5172018025827256
2.5172018025827256
2.5172018025827256
2.5172018025827256
2.5172018025827256
2.5172018025827256
2.5172018025827256
2.5172018025827256
2.5172018025827256
2.5172018025827256
2.5172018025827256
2.5172018025827256
2.5172018025827256
2.5172018025827256
2.5172018025827256
2.5172018025827256
2.5172018025827256
2.5172018025827256
2.5172018025827256
2.2221915755066783
2.2221915755066783
2.2221915755066783
2.2221915755066783
2.2221915755066783
2.2221915755066783
2.2221915755066783
2.2221915755066783
2.2221915755066783
2.2221915755066783
2.2221915755066783
2.2221915755066783
2.2221915755066783
2.2221915755066783
2.2221915755066783
2.2221915755066783
2.2221915755066783
2.2221915755066783
2.2221915755066783
2.2221915755066783
2.2221915755066783
2.2221915755066783
2.2221915755066783
2.2221915755066783
2.2221915755066783
2.2221915755066783
2.2221915755066783
2.2221915755066783
2.5172018025827256
2.5172018025827256
2.5172018025827256
2.5172018025827256
2.5172018025827256
2.5172018025827256
2.5172018025827256
2.5172018025827256
2.5172018025827256
2.5172018025827256
2.5172018025827256
2.5172018025827256
2.5172018025827256
2.5172018025827256
2.5172018025827256
2.5172018025827256
2.5172018025827256
2.5172018025827256
2.5172018025827256
2.5172018025827256
2.5172018025827256
2.5172018025827256
2.5172018025827256
2.5172018025827256
2.5172018025827256
2.5172018025827256
2.2221915755066783
2.2221915755066783
2.2221915755066783
2.2221915755066783
2.2221915755066783
2.2221915755066783
2.2221915755066783
2.2221915755066783
2.2221915755066783
2.2221915755066783
2.2221915755066783
2.2221915755066783
2.2221915755066783
2.2221915755066783
2.2221915755066783
2.2221915755066783
2.2221915755066783
2.2221915755066783
2.2221915755066783
2.2221915755066783
2.2221915755066783
2.2221915755066783
2.2221915755066783
2.2221915755066783
2.2221915755066783
2.2221915755066783
2.2221915755066783
2.2221915755066783
2.2221915755066783
2.2221915755066783
2.2221915755066783
2.2221915755066783
2.2221915755066783
2.2221915755066783
2.2221915755066783
2.2221915755066783
2.2221915755066783
2.2221915755066783
2.2221915755066783
2.2221915755066783
2.2221915755066783
2.2221915755066783
2.2221915755066783
2.2221915755066783
2.2221915755066783
2.2221915755066783
2.2221915755066783
2.2221915755066783
2.2221915755066783
2.2221915755066783
2.2221915755066783
2.2221915755066783
2.2221915755066783
2.2221915755066783
2.2221915755066783
2.2221915755066783
2.5172018025827256
2.5172018025827256
2.5172018025827256
2.5172018025827256
2.5172018025827256
2.5172018025827256
2.5172018025827256
2.5172018025827256
2.5172018025827256
2.5172018025827256
2.5172018025827256
2.5172018025827256
2.5172018025827256
2.5172018025827256
2.5172018025827256
2.5172018025827256
2.5172018025827256
2.5172018025827256
2.5172018025827256
2.5172018025827256
2.5172018025827256
2.5172018025827256
2.5172018025827256
2.5172018025827256
2.5172018025827256
2.5172018025827256
2.2221915755066783
2.2221915755066783
2.2221915755066783
2.2221915755066783
2.2221915755066783
2.2221915755066783
2.2221915755066783
2.2221915755066783
2.2221915755066783
2.2221915755066783
2.2221915755066783
2.2221915755066783
2.2221915755066783
2.2221915755066783
2.2221915755066783
2.2221915755066783
2.2221915755066783
2.2221915755066783
2.2221915755066783
2.2221915755066783
2.2221915755066783
2.2221915755066783
2.2221915755066783
2.2221915755066783
2.2221915755066783
2.2221915755066783
2.2221915755066783
2.2221915755066783
2.5172018025827256
2.5172018025827256
2.5172018025827256
2.5172018025827256
2.5172018025827256
2.5172018025827256
2.5172018025827256
2.5172018025827256
2.5172018025827256
2.5172018025827256
2.5172018025827256
2.5172018025827256
2.5172018025827256
2.5172018025827256
2.5172018025827256
2.5172018025827256
2.5172018025827256
2.5172018025827256
2.5172018025827256
2.5172018025827256
2.5172018025827256
2.5172018025827256
2.5172018025827256
2.5172018025827256
2.5172018025827256
2.5172018025827256
2.2221915755066783
2.2221915755066783
2.2221915755066783
2.2221915755066783
2.2221915755066783
2.2221915755066783
2.2221915755066783
2.2221915755066783
2.2221915755066783
2.2221915755066783
2.2221915755066783
2.2221915755066783
2.2221915755066783
2.2221915755066783
2.2221915755066783
2.2221915755066783
2.2221915755066783
2.2221915755066783
2.2221915755066783
2.2221915755066783
2.2221915755066783
2.2221915755066783
2.2221915755066783
2.2221915755066783
2.2221915755066783
2.2221915755066783
2.2221915755066783
2.2221915755066783
2.5172018025827256
2.5172018025827256
2.5172018025827256
2.5172018025827256
2.5172018025827256
2.5172018025827256
2.5172018025827256
2.5172018025827256
2.5172018025827256
2.5172018025827256
2.5172018025827256
2.5172018025827256
2.5172018025827256
2.5172018025827256
2.5172018025827256
2.5172018025827256
2.5172018025827256
2.5172018025827256
2.5172018025827256
2.5172018025827256
2.5172018025827256
2.5172018025827256
2.5172018025827256
2.5172018025827256
2.5172018025827256
2.5172018025827256
2.2221915755066783
2.2221915755066783
2.2221915755066783
2.2221915755066783
2.2221915755066783
2.2221915755066783
2.2221915755066783
2.2221915755066783
2.2221915755066783
2.2221915755066783
2.2221915755066783
2.2221915755066783
2.2221915755066783
2.2221915755066783
2.2221915755066783
2.2221915755066783
2.2221915755066783
2.2221915755066783
2.2221915755066783
2.2221915755066783
2.2221915755066783
2.2221915755066783
2.2221915755066783
2.2221915755066783
2.2221915755066783
2.2221915755066783
2.2221915755066783
2.2221915755066783
2.5172018025827256
2.5172018025827256
2.5172018025827256
2.5172018025827256
2.5172018025827256
2.5172018025827256
2.5172018025827256
2.5172018025827256
2.5172018025827256
2.5172018025827256
2.5172018025827256
2.5172018025827256
2.5172018025827256
2.5172018025827256
2.5172018025827256
2.5172018025827256
2.5172018025827256
2.5172018025827256
2.5172018025827256
2.5172018025827256
2.5172018025827256
2.5172018025827256
2.5172018025827256
2.5172018025827256
2.5172018025827256
2.5172018025827256
2.2221915755066783
2.2221915755066783
2.2221915755066783
2.2221915755066783
2.2221915755066783
2.2221915755066783
2.2221915755066783
2.2221915755066783
2.2221915755066783
2.2221915755066783
2.2221915755066783
2.2221915755066783
2.2221915755066783
2.2221915755066783
2.2221915755066783
2.2221915755066783
2.2221915755066783
2.2221915755066783
2.2221915755066783
2.2221915755066783
2.2221915755066783
2.2221915755066783
2.2221915755066783
2.2221915755066783
2.2221915755066783
2.2221915755066783
2.2221915755066783
2.2221915755066783
2.5515148708628836
2.2221915755066783
2.2221915755066783
2.2221915755066783
2.2221915755066783
2.2221915755066783
2.2221915755066783
2.2221915755066783
2.2221915755066783
2.2221915755066783
2.2221915755066783
2.2221915755066783
2.2221915755066783
2.2221915755066783
2.2221915755066783
2.2221915755066783
2.2221915755066783
2.2221915755066783
2.2221915755066783
2.2221915755066783
2.2221915755066783
2.2221915755066783
2.2221915755066783
2.2221915755066783
2.2221915755066783
2.2221915755066783
2.2221915755066783
2.2221915755066783
2.2221915755066783
1.823067982273661
2.2810361125534233
1.971747257128181
2.221251836004466
2.4887855917769937
2.1079637556972086
2.2221915755066783
2.73345859334435
2.260820318171659
2.2221915755066783
2.1464657985040723
2.1739731346044096
2.4164997849817107
2.696199049814856
2.5239860659612976
2.395461844238322
2.322756958897399
2.038159681645953
2.2221915755066783
2.2221915755066783
2.1967916319816365
2.2221915755066783
2.2221915755066783
2.521782221599798
2.60845859334435
2.224601752714581
2.372094637795624
2.614369445886757
2.4980775466236413
2.473851389610045
2.260820318171659
2.2221915755066783
2.406666316740689
2.2841591278514217
2.099601752714581
2.0403733936884962
2.2221915755066783
2.125814583693911
2.260820318171659
2.4508257945180882
2.422579761842491
2.049452072789394
2.521782221599798
2.6292492238560343
2.084962500721156
2.523986065961297
2.2221915755066783
2.221251836004466
2.6689801450225326
1.983084164143437
2.345851989338261
2.4508257945180882
2.5566567074628237
2.495602923729013
2.2856005389623073
2.521782221599798
2.599581230646064
2.4164997849817103
2.35274578087187
2.278351811711312
2.350209029099897
2.1735572622751853
2.224601752714581
2.333333333333333
2.738552853578734
2.278351811711312
2.335505556517097
2.2841591278514217
2.5341468438052397
2.2841591278514217
2.606238928653389
2.270942421748537
2.380430487800112
2.206238928653389
2.2221915755066783
2.5341468438052397
3.0448894517332405
2.2751703547731936
2.353533948577482
2.393649317979803
2.127986806877675
2.3068905956085186
2.049452072789394
2.0349409139562287
2.221251836004466
1.971747257128181
2.217021885879718
2.2221915755066783
2.396782221599798
1.896240625180289
2.4508257945180882
2.2841591278514217
2.2221915755066783
2.4137995646056805
2.2221915755066783
2.4996981431844145
2.2221915755066783
2.495602923729013
2.2841591278514217
2.469240782172285
2.2425725307660707
1.7924812503605778
2.350209029099897
2.0403733936884962
2.499698143184414
2.4237949406953985
2.4416298737872246
2.2221915755066783
2.4613201402110083
2.2627834289765825
2.4416298737872246
2.1920058354921066
2.0588138903312014
2.2221915755066783
2.028343279757114
2.1397218324096134
2.2221915755066783
2.4508257945180882
2.713216235691139
2.660964047443681
1.7219280948873623
2.2221915755066783
2.199687794731328
2.2221915755066783
2.3531906713383224
2.2608203181716595
2.2221915755066783
2.353533948577482
1.867633890971212
1.9992688170328796
2.4137995646056796
2.521782221599798
2.463458298648303
2.1920058354921066
2.2221915755066783
2.4416298737872246
1.584962500721156
2.2221915755066783
2.2221915755066783
2.4137995646056805
2.0545851693377997
2.221251836004466
2.2221915755066783
2.521782221599798
2.199687794731328
2.5667206456014506
2.692380602454975
2.2221915755066783
1.9182958340544896
2.2841591278514217
1.9851772033544515
2.6384600665861555
1.8262452584026092
2.4922031072054134
1.75
2.3935474965388988
2.2221915755066783
2.222191575506678
2.2841591278514217
1.097984096622461
2.199687794731328
2.4996981431844145
2.199687794731328
2.2221915755066783
1.971747257128181
2.453582957309917
2.4508257945180882
2.2221915755066783
2.7395722619867224
2.4996981431844145
2.5868878409958143
2.744842531753244
2.4996981431844145
2.2221915755066783
2.004886164091843
2.2841591278514217
2.2109736165067546
2.2221915755066783
2.2221915755066783
2.1117374334224666
2.2841591278514217
2.2841591278514217
2.35274578087187
2.696199049814856
2.692380602454975
3.0045181342228298
2.2221915755066783
2.2221915755066783
2.0403733936884962
2.4961268547517808
2.5827230088457283
2.2221915755066783
2.2221915755066783
2.2221915755066783
2.054585169337799
2.2232196723355075
2.1895415173391393
2.2741483986013957
2.372094637795624
3.2043648110206715
2.349601752714581
1.8230264907128848
2.3458519893382603
2.4508257945180882
2.353190671338322
2.049452072789394
2.835237745312118
2.5188018379542734
2.1174924611847548
2.1416195253341384
2.1339375660949167
2.1633347891038204
2.138504625706158
2.2109736165067546
2.359879028736861
1.936278124459133
2.1556390622295662
2.7792553760679404
2.530838513194089
2.339572261986723
2.199687794731328
2.649397470347699
2.4835188137915307
2.2221915755066783
2.218542602257215
2.263809173883546
2.6183437684823567
2.1987806186950483
2.2841591278514217
2.5073801024236357
2.2221915755066783
2.2221915755066783
2.271782221599798
1.971747257128181
2.2221915755066783
2.217021885879718
2.1174924611847548
2.5306390622295662
2.2841591278514217
2.499698143184414
1.7527152789797045
2.054585169337799
1.823067982273661
2.350209029099897
1.9622849068217112
2.196957186327418
2.25875862867487
1.8415759004945453
2.4996981431844145
2.2221915755066783
2.4864405016961446
2.2841591278514217
2.604807463502868
2.2221915755066783
2.353533948577482
2.2221915755066783
1.971747257128181
1.8153689877030528
2.5566567074628237
2.4613201402110083
2.3973518076692537
2.2221915755066783
2.744842531753244
2.045841640885174
2.499698143184414
2.022579761842491
2.3232196723355076
2.4881312337835086
2.109526332323075
2.199687794731328
2.472905595320056
2.4508257945180882
2.260820318171659
2.359879028736861
2.353533948577482
2.353533948577482
2.2221915755066783
2.5226203095310216
2.0975317257984893
2.2221915755066783
2.004886164091843
1.8262452584026092
2.3232196723355076
2.606238928653389
2.1800365325772657
1.8423709931771084
2.4137995646056805
1.877387064296613
2.038159681645953
2.472905595320056
2.292481250360578
2.080500530640267
2.128085278891394
2.7254805569978675
2.3329145639793976
2.054585169337799
2.4137995646056805
2.60845859334435
2.6517939026287696
2.0421073177825955
2.5577174691301483
2.1800365325772657
1.870253816431622
1.968873874720721
2.125814583693911
2.221251836004466
2.0441104177484006
2.1149798205164814
2.675925661177356
2.2221915755066783
2.5227400452149484
2.651793902628769
2.5813430663588783
2.602305511601684
2.250610045120464
2.2546438663169988
2.359879028736861
2.2877837199410704
2.0269264763856563
2.322756958897399
2.5341468438052397
2.0403733936884962
2.636141082076489
2.0403733936884962
2.287866277236509
2.4996981431844145
2.49912761699852
2.224601752714581
2.3432578733442675
2.5785519909913264
2.196957186327418
2.527335426734748
2.6091808141420794
2.5492553971685
2.0403733936884962
2.2221915755066783
2.2221915755066783
2.2841591278514217
2.0403733936884962
1.971747257128181
2.954986855772667
1.9508257945180885
2.0545851693377997
1.94198613541998
1.982235179874054
2.4416298737872246
2.2221915755066783
2.4137995646056805
2.2221915755066783
2.9035130461074465
2.181899057917561
2.3342564252133498
2.33012496531497
2.4508257945180882
2.2221915755066783
2.5341468438052397
2.4662478973127313
1.8423709931771088
2.692380602454975
2.2841591278514217
2.591793226077496
2.251629167387823
2.221251836004466
2.2221915755066783
2.60845859334435
2.3935474965388988
1.789929075309999
2.125814583693911
2.3426332216485353
2.2221915755066783
1.9877733714879842
2.0403733936884962
2.004886164091843
2.3037464107788743
2.0774623279270545
2.2841591278514217
2.199687794731328
2.325331460128806
2.2221915755066783
2.600553138421145
2.2221915755066783
2.629249223856034
1.789929075309999
1.9301249653149701
2.2221915755066783
2.3432578733442675
2.422579761842491
2.339591624326877
2.3432578733442675
2.287783719941071
2.004886164091843
1.963322008168574
2.7595966211722573
2.396782221599798
2.263809173883546
2.221251836004466
1.971747257128181
2.52473261568954
1.8874700863985394
2.155913095175825
2.2221915755066783
2.378991986900062
2.2221915755066783
2.4508257945180882
2.287783719941071
2.651793902628769
2.1339375660949167
2.007856063692049
2.349601752714581
2.117492461184755
2.2408572864930365
2.054585169337799
2.60845859334435
1.7841591278514217
2.3594559773258243
2.484694709764578
2.473851389610045
2.263809173883546
2.2684727516311214
2.3220847276178658
2.4137995646056805
2.6659573209491745
2.5294881142662007
1.9182958340544896
1.9182958340544896
2.30827083453526
2.606238928653389
1.789929075309999
2.359879028736861
2.739572261986723
2.41379956460568
1.789929075309999
1.789929075309999
2.1280852788913944
1.789929075309999
2.495602923729013
1.7924812503605778
2.004886164091843
2.2841591278514217
2.6084585933443494
2.0374011976541118
2.33012496531497
2.2544475789720946
2.5306390622295662
2.3134597501718237
2.4115091984199104
2.2221915755066783
2.2221915755066783
2.4137995646056805
2.0403733936884962
2.472905595320056
2.2221915755066783
2.049452072789394
2.53414684380524
2.4137995646056805
2.4508257945180882
2.336259024059526
2.319973094021975
2.3443609377704338
2.777776811456787
2.155424092766179
2.4232196723355077
1.9993896755123952
2.4508257945180882
2.472905595320056
2.125814583693911
2.221251836004466
2.2221915755066783
2.190993731252434
2.2806390622295662
2.4416298737872246
2.2221915755066783
2.038159681645953
2.2221915755066783
2.499698143184414
2.4996981431844145
2.591793226077496
2.359879028736861
2.7272170014624826
2.556656707462823
2.2221915755066783
2.5785519909913264
2.1920058354921066
1.811278124459133
2.521782221599798
1.867633890971212
2.4225797618424916
2.2221915755066783
2.790767239125583
2.2221915755066783
2.773131523414322
2.049452072789394
2.1812056673346514
2.5306390622295662
2.457033376536262
2.555334559133677
2.5492553971685
1.9566009224011367
2.6535442970305683
2.074164743022575
2.848614737680943
2.2221915755066783
2.5995812306460646
2.646782221599798
1.855388542207534
3.0092044387908725
2.2221915755066783
2.075869296697727
2.5424826938097276
2.353533948577482
2.617492461184755
2.4777044112240607
2.6384600665861555
2.3395722619867225
2.5495234595978324
2.4996981431844145
2.5341468438052397
2.499698143184414
2.7333330526810653
2.2221915755066783
1.8879185026711327
2.824242143590157
2.606238928653389
2.855953642864355
2.049452072789394
2.004886164091843
2.1280852788913944
2.4634582986483036
2.390863696857044
2.183881856450514
2.199687794731328
2.2810361125534233
2.2945199082544616
2.3996275363413564
2.054585169337799
2.374556048381884
2.6535442970305683
2.3923174227787602
2.7806390622295662
1.971747257128181
2.5460607229475025
1.6113834567195195
2.306124230424574
2.2806390622295662
2.2748850192268226
2.21577067413792
1.9312952802328747
2.1280852788913944
1.9508257945180885
1.971747257128181
2.2221915755066783
2.2221915755066783
2.606238928653389
2.287783719941071
2.4137995646056796
2.2221915755066783
2.4508257945180882
2.289246428509158
2.692380602454975
2.4692407821722844
1.4056390622295665
2.1280852788913944
2.0
2.5967916319816364
2.263809173883546
2.2221915755066783
2.1822287189138017
2.192005835492107
2.5559130951758244
2.295461844238322
2.372094637795624
2.0403733936884962
2.300424108083221
2.0741647430225756
3.1632550437925526
2.783735328622078
2.054585169337799
2.181076011914607
2.774243302917269
1.823067982273661
2.2221915755066783
2.2221915755066783
2.6556390622295662
2.606238928653389
1.9016094970590272
2.2221915755066783
2.2221915755066783
2.4164997849817103
2.2221915755066783
2.4137995646056805
2.221251836004466
2.4508257945180882
2.2149798205164815
2.3458519893382603
2.4772170014624826
2.270942421748537
2.495602923729013
2.2221915755066783
2.727217001462482
2.125814583693911
2.2221915755066783
2.004886164091843
2.35274578087187
2.270942421748537
2.2221915755066783
2.4508257945180882
1.789929075309999
2.2841591278514217
2.199687794731328
2.075869296697727
2.2221915755066783
2.2221915755066783
2.344462299865442
2.2841591278514217
2.4416298737872246
2.411509198419911
2.9062506197809537
2.004886164091843
2.2221915755066783
2.4508257945180882
2.2221915755066783
2.4416298737872246
2.2627834289765825
2.6337314206421327
2.651793902628769
2.2221915755066783
2.1416195253341384
2.2221915755066783
2.2841591278514217
2.2877837199410704
1.9149798205164812
2.075869296697727
2.2841591278514217
2.699513850319966
2.0484992321232283
2.345851989338261
2.359879028736861
2.0403733936884962
2.1314076078546704
1.8423709931771084
2.2221915755066783
1.7924812503605778
2.2221915755066783
2.606238928653389
2.2221915755066783
2.2221915755066783
2.2221915755066783
2.2221915755066783
2.4508257945180882
2.4568714389102793
2.4508257945180882
2.77449987749128
2.5495234595978316
2.359879028736861
2.5995812306460646
2.0403733936884962
2.4996981431844145
2.2221915755066783
1.789929075309999
2.5498550315128585
2.353533948577482
2.460904932167797
2.217021885879718
2.2221915755066783
2.4146136258239177
2.2221915755066783
2.6084585933443494
2.2221915755066783
2.2221915755066783
1.9508257945180885
2.270942421748537
1.978333581185264
1.789929075309999
2.175241917363884
2.7806390622295662
2.349601752714581
2.523074189428569
2.063558608511122
1.9508257945180885
2.4508257945180882
2.134336113194451
2.4922031072054134
2.7825577614358052
1.9473387961875537
2.0740870445590347
2.217021885879718
2.2841591278514217
2.2221915755066783
2.260820318171659
2.2221915755066783
1.823067982273661
2.221251836004466
1.7924812503605778
3.004584607993096
2.332914563979398
2.239097917988786
2.4508257945180882
2.2221915755066783
2.2221915755066783
2.2221915755066783
2.2221915755066783
2.1174924611847548
2.2221915755066783
2.2221915755066783
2.313459750171824
2.4508257945180882
2.5566567074628237
2.128085278891394
2.8536700092563416
2.337906570104942
2.4692407821722844
2.050919982001498
2.287783719941071
2.2221915755066783
2.3220847276178658
2.4305946180235427
2.2221915755066783
2.5492553971685
2.606238928653389
2.2221915755066783
2.2221915755066783
2.8045851693377997
1.914341183612352
2.217021885879718
1.971747257128181
2.1464657985040723
2.2312702546075758
2.0989295636909353
2.199687794731328
2.21577067413792
2.2806390622295662
2.39207883297832
2.5495234595978316
2.2221915755066783
2.5239860659612976
2.4262927116736352
2.4225797618424916
2.2221915755066783
2.2221915755066783
2.292481250360578
2.2221915755066783
1.8843135277997989
2.3458519893382603
2.252818830876402
2.2232196723355075
2.499698143184414
2.004886164091843
2.6793743705131985
2.1556390622295662
2.2221915755066783
2.0403733936884962
2.0403733936884962
2.702904337188607
2.3572367178034828
2.396782221599798
2.199687794731328
2.472905595320056
2.2221915755066783
2.4508257945180882
2.646782221599798
2.2221915755066783
2.353533948577482
2.495602923729013
2.0379346483488634
2.1190850469784714
2.128085278891394
2.4464124990649547
2.4699145087332006
2.2198681549858725
2.196562933685132
2.3804304878001115
2.4464124990649547
2.4699145087332006
2.2198681549858725
2.2221915755066783
2.2221915755066783
2.4160563421790613
2.5495234595978324
1.971747257128181
2.350209029099897
1.992778107459939
2.3872401518722883
2.785554632098879
2.049452072789394
2.0225797618424917
2.0741647430225756
2.4305946180235427
2.4508257945180882
2.4508257945180882
2.4584538292330587
2.4416298737872246
2.058813890331201
2.2221915755066783
2.2221915755066783
2.0403733936884962
2.2221915755066783
2.4569885365913753
2.394949047732144
2.23345859334435
2.2945199082544616
2.2221915755066783
2.3249100803655556
2.2221915755066783
2.4613201402110083
2.685109668632922
2.4414460711655215
2.2221915755066783
2.6000418098058233
2.125
2.039353872167201
2.2841591278514217
1.8799649487271108
2.547601311512057
1.971747257128181
2.353533948577482
2.5247326156895395
2.35274578087187
2.360964047443681
2.606238928653389
2.2221915755066783
1.971747257128181
2.699513850319966
2.2787875981356116
2.004886164091843
2.270942421748537
2.054585169337799
2.374556048381884
2.2221915755066783
2.061278124459133
2.2221915755066783
2.4419235206010987
2.4584538292330587
1.971747257128181
2.4416298737872246
2.521782221599798
2.943270619172766
1.971747257128181
2.4508257945180882
2.6535442970305683
2.2856005389623073
2.0403733936884962
2.1920058354921066
2.2221915755066783
2.2841591278514217
2.6062389286533896
2.6384600665861555
1.8828560636920488
2.603074189428569
2.535857775918279
2.2221915755066783
2.60845859334435
1.8732214356139147
2.4139097655573916
1.789929075309999
2.3577174691301486
2.743465189601647
2.2221915755066783
2.125814583693911
2.057320895747582
2.2221915755066783
2.499698143184414
2.4508257945180882
2.6556390622295662
2.013132465170739
2.0403733936884962
2.1280852788913944
2.495602923729013
1.9182958340544896
2.556656707462823
2.058813890331201
2.2221915755066783
2.2221915755066783
2.2841591278514217
2.4225797618424916
2.2221915755066783
2.345851989338261
2.2221915755066783
2.4508257945180882
2.199687794731328
2.2221915755066783
2.260820318171659
1.971747257128181
2.2221915755066783
2.4996981431844145
2.433195838728977
2.4996981431844145
1.825605199016944
2.2221915755066783
2.2841591278514217
2.117492461184755
2.0403733936884962
1.9508257945180885
2.2221915755066783
2.169925001442312
2.365596230357602
2.6825887305018328
2.353533948577482
1.971747257128181
2.463458298648303
2.2062389286533897
1.8423709931771084
2.0924057214602985
2.2841591278514217
1.9873008763572906
1.8294732983598407
2.004886164091843
2.422579761842491
1.931951005557601
2.395461844238322
2.30827083453526
2.063202513215852
2.004886164091843
2.1054105870684143
2.292481250360578
2.1416195253341384
2.252878689342031
2.225610814520738
2.4602178514411284
2.375
2.0985864121084328
2.4996981431844145
2.350209029099897
2.322756958897399
2.5476013115120564
2.10973793212989
2.8559859464734374
2.4164997849817103
2.2221915755066783
2.621058050186991
2.004886164091843
2.4508257945180882
2.784159127851422
2.2904619233779213
2.5577174691301483
2.141619525334138
2.353533948577482
2.049452072789394
2.117492461184755
2.4508257945180882
2.4606057799537933
2.1800365325772657
2.422579761842492
2.4996981431844145
2.7334585933443494
2.289246428509158
2.4416298737872246
2.484255144794799
2.2221915755066783
2.422579761842491
2.8964929537278494
1.5843936439579274
1.789929075309999
2.6825887305018328
2.199687794731328
2.3080383433319107
2.2987949406953985
2.396782221599798
2.0403733936884962
2.374556048381884
2.499698143184414
2.4115091984199104
2.350209029099897
2.2221915755066783
2.10558726169826
2.5785519909913264
2.292481250360578
2.217021885879718
2.1920058354921066
2.5032583347756456
2.3003980873087992
2.128085278891394
2.5495234595978324
2.2841591278514217
1.823067982273661
2.4137995646056805
2.1280852788913944
2.6535442970305683
1.9242722847198084
2.1800365325772657
2.1280852788913944
2.406666316740689
2.0403733936884962
2.2877837199410704
2.3627402784989338
2.049452072789394
2.6535442970305683
2.217021885879718
2.263809173883546
1.971747257128181
2.0545851693377997
2.0545851693377997
2.2221915755066783
1.75
2.2221915755066783
2.322756958897399
2.2221915755066783
1.8799649487271108
2.542328989413759
2.7395722619867224
2.156633353240414
2.4508257945180882
2.469240782172285
3.0192509128388285
2.4508257945180882
3.0732676509631016
2.6556390622295662
2.4305946180235427
2.5492553971685
2.3071885761626687
2.079627536341357
2.004886164091843
2.0403733936884962
2.2221915755066783
2.5206090543714015
1.867633890971212
2.9483637469228734
2.460904932167797
2.1800365325772657
2.521782221599798
2.2221915755066783
1.8822287189138014
2.2877837199410704
2.2221915755066783
2.606238928653389
1.8980933736695382
2.732914563979398
2.727217001462482
3.150854928318738
2.2221915755066783
2.33012496531497
2.353533948577482
1.7924812503605778
2.4806821149663842
2.1162646156680225
2.125814583693911
2.4226754683112177
2.513639912208212
2.5949066182439386
2.260820318171659
2.3627402784989338
2.117492461184755
2.2221915755066783
2.7721854605116723
1.7464657985040721
2.0000808760993793
2.2841591278514217
2.2221915755066783
2.005977711423774
2.2221915755066783
2.30827083453526
2.3804304878001115
2.2221915755066783
1.8423709931771084
2.0403733936884962
2.049452072789394
2.0403733936884962
2.4806821149663842
2.5032583347756456
2.4164997849817103
2.377443751081734
2.4806821149663847
2.130926080730337
1.971747257128181
2.6062389286533896
2.291620193427939
2.1416195253341384
2.004886164091843
1.971747257128181
2.556656707462823
2.718789129781929
2.5120548905574305
2.4305946180235427
1.789929075309999
2.1673631931949044
2.692380602454975
2.4508257945180882
2.499698143184414
1.971747257128181
2.0758692966977272
2.0403733936884962
2.4416298737872246
2.2221915755066783
1.896240625180289
1.971747257128181
2.260820318171659
2.397334910352524
2.279799131837405
1.855388542207534
2.2221915755066783
2.2221915755066783
2.527495543791609
2.424835634986198
2.606238928653389
2.2221915755066783
2.7254805569978675
2.73345859334435
2.2221915755066783
2.2221915755066783
2.4508257945180882
2.004886164091843
2.4724559130730865
2.2877837199410704
2.2841591278514217
2.074164743022575
2.3908636968570445
2.3627402784989338
2.7395722619867224
2.472905595320056
2.351881128761869
2.4688702187432865
2.6750849518197795
2.11828008463736
2.3696966890447024
2.359879028736861
2.4996981431844145
2.0629072918469555
2.7641983924651563
2.2389205950315936
2.2221915755066783
2.0403733936884962
2.0403733936884962
2.287783719941071
2.1920058354921066
2.5785519909913264
2.4416298737872246
1.971747257128181
2.049452072789394
2.0048861640918427
2.7824156286861546
1.823067982273661
3.4859175795054957
1.823067982273661
2.6384600665861555
2.2221915755066783
2.4613201402110083
1.9508257945180885
2.2221915755066783
2.2221915755066783
2.287783719941071
2.606238928653389
2.2841591278514217
2.6416041678685933
1.971747257128181
2.770054798865899
2.1868085945630504
1.971747257128181
3.1377226960166995
2.0403733936884962
2.2221915755066783
2.2841591278514217
2.4508257945180882
2.2256051990169436
2.054585169337799
2.2339979078388272
2.805036532577266
2.4508257945180882
1.971747257128181
2.692380602454975
2.4115091984199104
2.2841591278514217
2.4676599643778645
2.4017062775743137
2.563716987127796
2.2221915755066783
2.7806390622295662
2.499698143184414
2.499698143184414
2.556656707462823
2.2841591278514217
2.125814583693911
2.419851373033804
2.1920058354921066
2.0403733936884962
2.4954618442383216
1.823067982273661
2.4137995646056805
2.2841591278514217
2.128085278891394
2.614369445886757
2.4137995646056805
2.2841591278514217
2.4305946180235427
2.768853837616
2.271782221599798
2.2584598927441624
2.223219672335508
2.252200601496646
2.049452072789394
2.3504437228397035
2.9854626866730434
1.971747257128181
2.064042639445697
1.8618084674058863
1.7924812503605778
2.5609640474436812
2.6756981353679867
2.2221915755066783
2.692380602454975
2.049452072789394
1.9591479170272446
2.2221915755066783
1.9523612813926658
2.1224433107375025
2.2841591278514217
2.251629167387823
2.1280852788913944
2.4226754683112177
2.224601752714581
2.282588730501833
2.7806390622295662
2.8584585933443494
2.4508257945180882
2.692380602454975
2.2974533091219693
2.209432036254818
2.278351811711312
2.1568906574660116
2.0
2.7045348998193437
2.4137995646056805
2.359879028736861
1.971747257128181
2.319973094021975
2.5426174231647822
2.4416298737872246
2.217021885879718
2.3959988705348416
2.700223726255864
2.4115091984199104
2.107833210824613
2.2221915755066783
1.9508257945180885
2.0403733936884962
2.2988252450030506
2.522620309531022
2.5637169871277963
2.4164997849817107
2.7777768114567865
1.6598757348073252
2.2221915755066783
2.004886164091843
2.1609640474436813
1.427231467399963
2.2037016960573483
2.0403733936884962
2.2841591278514217
1.8423709931771084
1.7924812503605778
2.499698143184414
1.867633890971212
2.1280852788913944
2.2221915755066783
2.2877837199410704
2.2724994555866935
2.665885150264076
2.495602923729013
2.6062389286533896
2.3577174691301486
2.1577174691301484
3.0527409926946394
2.251629167387823
2.199687794731328
2.2221915755066783
2.039353872167201
2.463865121950854
2.117492461184755
2.4617132202396377
2.353533948577482
2.371570216800486
2.60845859334435
2.0403733936884962
2.7724509304845637
2.292481250360578
2.3921472236645345
2.1855451711666296
2.5239860659612976
2.0132790219068077
2.33012496531497
2.131177258237616
2.3879185026711327
1.9232517969803373
2.33012496531497
2.606238928653389
2.2221915755066783
2.1280852788913944
2.128085278891394
1.8585552118703144
2.64446264692423
1.971747257128181
2.2841591278514217
2.401941967037988
2.692380602454975
2.6206495800189478
3.2335466532856136
2.573402452417766
2.128085278891394
2.270942421748537
2.5239860659612976
2.217021885879718
1.971747257128181
2.591793226077496
2.093911951300547
2.403677461028802
2.054585169337799
2.584962500721156
2.0403733936884962
2.221251836004466
2.4996981431844145
1.9426893196185935
3.080050351464737
1.9808259362290785
2.5541522113239497
2.2221915755066783
2.081706277574314
2.0419460322060456
1.8688380418847683
2.5306390622295662
2.2841591278514217
2.5559130951758244
2.2221915755066783
2.054585169337799
2.2983094013008034
2.221251836004466
2.2221915755066783
2.4577174691301487
2.621058050186991
2.225610814520738
2.568673488709532
2.463458298648303
2.835237745312118
2.2221915755066783
1.971747257128181
2.353533948577482
2.0403733936884962
2.0684716752306795
2.110855318061762
2.4164997849817103
2.0875766428471136
2.8138461086383852
1.6767370300521327
1.7527152789797045
1.9769073611615777
2.245024044901939
2.016875695766564
3.0081741888771667
2.072905595320056
2.3594559773258243
2.445470853406835
2.130926080730337
2.6535442970305683
2.1464657985040723
2.1633347891038204
2.300814265595552
2.3523479118118216
2.373735909525858
2.0403733936884962
2.370894436046142
1.9688738747207215
2.4508257945180882
2.9080938357417407
2.6062389286533896
2.403677461028802
2.35274578087187
2.6556390622295662
2.515812117214528
2.387331487465653
2.199687794731328
2.004886164091843
2.897717971861213
1.979411019776041
2.5951623697167188
2.723329299850228
2.1822287189138017
2.121104662638303
2.5558691828703335
2.646782221599798
2.2175141292175455
2.219973094021975
2.4387439204017474
2.2841591278514217
2.4996981431844145
2.2366407419411676
2.054585169337799
2.0854752972273345
2.206238928653389
2.220068302234069
2.499698143184414
2.4956029237290127
2.221251836004466
1.9764892117991657
2.4508257945180882
2.049452072789394
2.1280852788913944
2.2221915755066783
2.4508257945180882
2.357234960124469
2.582059910580257
2.5820599105802575
2.3720946377956236
2.3609640474436815
2.4427565151999406
2.6295913290357253
2.4508257945180882
2.5495234595978316
2.6556390622295662
2.107833210824613
2.049452072789394
2.2221915755066783
1.8423709931771086
2.2221915755066783
2.5306390622295662
2.2221915755066783
2.406647097785926
2.4416298737872246
2.154315505133627
2.4996981431844145
2.374556048381884
2.1470776733965518
2.9012963907477656
2.2995301445670657
2.2221915755066783
2.084962500721156
2.5825518169307426
2.463458298648303
2.254447578972094
2.2221915755066783
2.2221915755066783
2.7689704621597433
2.2221915755066783
2.472905595320056
1.9877733714879842
2.133895099679031
1.9211854965885542
2.0113650418263798
2.0132790219068077
2.4692407821722844
2.0403733936884962
2.312907291846956
1.8595675211714893
2.2827241859104124
2.2256051990169436
2.0403733936884962
2.004886164091843
2.302355686904996
2.224601752714581
2.133937566094917
2.1339375660949167
3.096063959168546
2.406666316740689
2.4508257945180882
2.5868878409958143
2.295461844238322
2.2841591278514217
2.2841591278514217
2.4508257945180882
2.4508257945180882
2.1426643555488485
2.3010705524843864
2.7187891297819293
2.349601752714581
2.911650470643187
2.349601752714581
2.137876503740628
2.2221915755066783
1.7527152789797045
1.7527152789797045
2.353533948577482
1.971747257128181
2.5226203095310216
2.2841591278514217
2.1179631753145163
2.463458298648303
2.2221915755066783
1.811278124459133
1.8365916681089791
2.438390527440279
2.660129752633257
2.406666316740689
2.359879028736861
2.606238928653389
2.2221915755066783
2.162368783573502
2.739572261986723
2.2221915755066783
2.4729055953200563
2.60845859334435
2.4137995646056805
2.0403733936884962
2.1920058354921066
2.038159681645953
2.2221915755066783
2.3627402784989338
2.5785519909913264
2.2221915755066783
1.9508257945180885
2.2841591278514217
2.2221915755066783
2.125814583693911
2.2221915755066783
2.221251836004466
2.4305946180235423
2.2841591278514217
2.2221915755066783
2.4609049321677965
2.6337314206421327
2.2221915755066783
1.9182958340544896
2.4508257945180882
2.2221915755066783
2.4508257945180882
2.2841591278514217
2.696199049814856
2.2038008957086586
2.60845859334435
2.4954618442383216
2.1339375660949167
2.739572261986723
2.461607157421708
2.395461844238322
2.221928094887362
1.7527152789797045
1.6767370300521327
2.2221915755066783
2.2841591278514217
2.4225797618424916
2.0403733936884962
2.499698143184414
2.2221915755066783
2.8270597817677143
2.495602923729013
2.217021885879718
2.469240782172285
2.2221915755066783
1.7219280948873623
1.971747257128181
2.221251836004466
2.038159681645953
1.966333748252462
2.2577174691301485
1.7841591278514217
2.4250983688182997
3.0702970038166533
2.2221915755066783
1.789929075309999
2.125814583693911
2.5559130951758244
2.2810361125534238
2.349601752714581
2.3274287729134877
1.9056390622295665
2.926915736636332
2.8662478973127308
2.2684727516311214
2.2221915755066783
2.2841591278514217
2.0403733936884962
2.606238928653389
2.2221915755066783
2.197159723424149
1.9182958340544896
2.524397470347699
3.1925744239617138
2.463458298648303
2.2841591278514217
2.260820318171659
2.054258150862612
2.6100635408770723
1.8879185026711327
1.971747257128181
2.270942421748537
2.2081965922770874
1.540633822538979
2.4255093795022624
2.359879028736861
2.0403733936884962
2.004886164091843
2.4508257945180882
2.646963301322423
2.289246428509158
2.054585169337799
1.867633890971212
2.4729055953200563
2.217021885879718
2.4508257945180882
2.474601752714581
2.263809173883546
2.3003980873087997
2.4056390622295662
2.4508257945180882
2.4137995646056805
2.2841591278514217
2.4416298737872246
2.4225797618424916
1.8879185026711327
2.005977711423774
2.436278124459133
2.2221915755066783
2.278787598135611
2.263809173883546
2.467936029588917
2.0403733936884962
2.1920058354921066
2.522620309531022
2.0545851693377997
1.9508257945180885
2.4846987825969653
1.823067982273661
2.221251836004466
2.7676461209612233
2.2806390622295662
2.406666316740689
2.499698143184414
1.4591479170272448
2.5032583347756456
2.205722844246337
2.692380602454975
2.049452072789394
2.4137995646056805
2.614369445886757
2.353533948577482
1.584962500721156
1.971747257128181
1.867633890971212
1.789929075309999
2.3374688015030203
1.5157895841746822
2.4404040177209283
2.9490822953528215
2.852217001462482
2.2806390622295662
2.0403733936884962
2.4508257945180882
2.466247897312731
2.424835634986198
2.2892464285091583
2.469670487371862
2.2997906153230323
2.2877837199410704
2.4662478973127313
2.2221915755066783
2.629249223856034
2.2109736165067546
2.339572261986723
2.4996981431844145
1.9591479170272446
2.4584538292330587
2.4056390622295662
2.2221915755066783
2.0461796919474975
2.6767370300521316
1.789929075309999
1.7841591278514217
2.422579761842492
2.2221915755066783
2.4187229080665604
2.2221915755066783
2.3395722619867225
2.5575876602558645
2.216521698179525
2.2221915755066783
2.345851989338261
2.1800365325772657
2.3627402784989338
2.2737288290053255
2.2221915755066783
2.4232196723355077
2.145136370153053
1.971747257128181
2.5032583347756456
1.8513146886497212
2.0550365325772657
2.004886164091843
2.2221915755066783
2.271782221599798
2.396782221599798
1.9508257945180885
2.0403733936884962
2.6535442970305683
1.9877733714879842
2.5566567074628237
2.148834854280917
2.3613341057323782
2.548563436032399
2.2208301866152924
2.4508257945180882
2.3829786604745875
2.2856005389623073
2.702904337188607
2.4681668593686825
2.217021885879718
2.5785519909913264
2.48345859334435
2.7806390622295662
2.004886164091843
2.5304930567574826
2.4996981431844145
2.556656707462823
2.835237745312118
2.1416195253341384
2.0048861640918427
2.221251836004466
1.4591479170272448
2.555913095175825
2.576910106849073
1.8352377453121174
2.3515937233487554
2.436278124459133
1.867633890971212
2.4164997849817103
2.217021885879718
2.4508257945180882
2.4729055953200563
2.3609640474436815
2.2221915755066783
2.4416298737872246
2.221251836004466
2.2221915755066783
2.054585169337799
2.4606057799537933
2.755123044017255
2.5954618442383217
1.823067982273661
2.4225797618424916
2.4164997849817103
2.319973094021975
2.810446901403825
1.7758589482446405
2.4834585933443494
2.345851989338261
2.254514899465375
2.3942811477133943
2.2221915755066783
2.2992656826025772
2.2825887305018333
2.8205898566665453
2.311278124459133
2.5032583347756456
2.125814583693911
2.287783719941071
2.270942421748537
2.5731431853310522
2.109383034252636
2.436278124459133
2.4237949406953985
2.049452072789394
2.4237949406953985
2.33198056664107
2.5226203095310216
2.221251836004466
2.5851448888848725
2.206238928653389
2.263809173883546
2.125814583693911
2.4137995646056805
2.3395722619867225
2.1842612638641032
2.146782221599798
2.563716987127796
2.2893782738798394
2.411509198419911
2.004886164091843
2.582031116540498
2.696199049814856
2.774397470347699
2.217021885879718
2.2221915755066783
2.614164262105116
2.406666316740689
2.4508257945180882
2.125814583693911
2.004886164091843
2.319973094021975
1.610577243331642
2.004886164091843
2.4508257945180882
2.6132694187027274
2.482617092008512
2.474601752714581
2.0379154119304594
3.0184539577019214
2.1515028446914743
2.4187229080665604
1.9772568701313342
1.867633890971212
1.6691803368667308
2.1559681021459083
2.4137995646056805
1.9542028044502626
2.2841591278514217
2.499698143184414
2.5785519909913264
2.2841591278514217
2.0113650418263793
2.2221915755066783
2.390863696857044
2.4508257945180882
2.2684727516311214
2.8662478973127308
2.495602923729013
2.4137995646056805
2.649397470347699
2.4996981431844145
2.4834585933443494
2.5226203095310216
2.359879028736861
2.054585169337799
2.646782221599798
1.9852281360342514
1.971747257128181
2.822181958642873
2.696199049814856
2.4416298737872246
1.9508257945180885
2.9638096525384383
2.866247897312731
2.8199069108495114
2.2221915755066783
2.4613201402110083
2.2221915755066783
2.6535442970305683
2.547897627500466
2.556656707462823
3.031579168349365
2.3935474965388988
2.53414684380524
2.2221915755066783
2.503258334775645
1.971747257128181
2.835237745312118
2.0403733936884962
2.497341990873057
2.2221915755066783
2.353533948577482
2.2221915755066783
2.4416298737872246
2.463458298648303
2.0403733936884962
2.335505556517097
2.2544475789720946
2.0202442071537563
1.901022377296114
2.5467569849301017
2.521782221599798
2.460964047443681
2.005977711423774
2.33012496531497
2.6556390622295662
2.4508257945180882
2.167124282150162
2.177694271103767
2.1234786725698864
2.835237745312118
2.2221915755066783
2.1280852788913944
2.731431053591683
2.0403733936884962
2.359879028736861
