Shannon_Entropy
1.971747257128181
1.9502120649147465
2.054585169337799
1.971747257128181
2.038159681645953
1.8352377453121174
2.2810361125534233
2.1464657985040723
2.251629167387823
1.8585552118703144
1.789929075309999
1.789929075309999
1.789929075309999
1.789929075309999
2.0403733936884962
2.0458416408851736
1.9591479170272446
2.049452072789394
1.9877733714879842
1.896240625180289
1.896240625180289
1.7758589482446405
1.8339272176418302
1.9508257945180885
2.1280852788913944
2.004886164091843
2.2877837199410704
2.4662478973127313
2.292481250360578
2.2684727516311214
2.177694271103767
1.9591479170272446
2.2841591278514217
2.199687794731328
1.584962500721156
1.896240625180289
1.789929075309999
1.867633890971212
2.4056390622295662
2.1920058354921066
2.051346433249389
1.9211854965885542
2.60845859334435
2.049452072789394
1.7924812503605778
2.0403733936884962
1.971747257128181
2.291620193427939
2.220068302234069
2.4842551447947985
2.3050365325772657
2.0403733936884962
2.054585169337799
2.292481250360578
2.0403733936884962
1.971747257128181
2.004886164091843
2.0403733936884962
2.045841640885174
2.521782221599798
1.8810947601100747
2.2877837199410704
2.0403733936884962
2.270942421748537
2.5073801024236357
2.65282575549396
1.8423709931771088
2.2841591278514217
1.971747257128181
1.971747257128181
2.3158243335257076
1.9591479170272446
2.0403733936884962
1.971747257128181
2.375
1.9716899249279318
2.739572261986723
2.004886164091843
2.004886164091843
2.0349409139562287
2.024726036394697
2.054585169337799
2.1190850469784714
2.0
2.353533948577482
2.146465798504072
1.584962500721156
2.218846363733215
2.3636499906039354
2.0403733936884962
1.7807403085428954
1.971747257128181
1.8843135277997989
2.004886164091843
2.699513850319966
2.823019116267279
1.971747257128181
1.8585552118703144
2.0403733936884962
2.022579761842491
1.971747257128181
2.353533948577482
2.3594559773258243
2.3942811477133943
2.263809173883546
2.223219672335508
2.054585169337799
1.823067982273661
1.789929075309999
2.0590391046748544
2.0403733936884962
1.811278124459133
2.2846838103170857
2.1280852788913944
2.33012496531497
1.9301249653149701
2.25
2.049452072789394
2.054585169337799
1.7841591278514217
2.0048861640918427
2.1887870678023824
1.7924812503605778
2.004886164091843
1.855388542207534
1.9473387961875537
2.054585169337799
2.1800365325772657
2.2841591278514217
2.125814583693911
2.049452072789394
2.1556390622295662
2.2877837199410704
2.199687794731328
2.054585169337799
2.3162829132570764
2.09098996700847
1.7484637730572945
1.8437519544205019
2.0403733936884962
2.2890179898186576
1.8676338909712125
1.950212064914747
2.049452072789394
2.0403733936884962
2.0403733936884962
1.8565647621309542
1.7924812503605778
2.0403733936884962
2.1416195253341384
1.971747257128181
2.2096909728231857
2.2841591278514217
2.4225797618424916
2.2584598927441624
2.535857775918279
2.0403733936884962
2.0403733936884962
2.084962500721156
1.8585552118703144
1.971747257128181
2.6062389286533896
2.2797991318374056
2.049452072789394
2.0670314951575843
2.522620309531022
2.1556390622295662
1.75
1.971747257128181
1.9508257945180885
1.789929075309999
1.789929075309999
1.939353872167201
2.004886164091843
1.7643860827471007
2.3758145836939115
2.146465798504072
2.353533948577482
2.125814583693911
1.836591668108979
2.1464657985040723
2.440404017720928
2.063202513215852
2.077235445408308
2.4164997849817103
2.2096909728231857
2.375
2.395461844238322
2.0403733936884962
2.391493306002069
1.9508257945180885
1.9808259362290785
1.6644977792004614
1.7924812503605778
2.319973094021975
1.867633890971212
1.971747257128181
1.7924812503605778
1.823067982273661
2.2806390622295662
1.8676338909712125
2.011920928594794
1.867633890971212
2.054585169337799
1.8676338909712125
1.8676338909712125
2.292481250360578
1.936278124459133
2.004886164091843
2.3627402784989338
2.130926080730337
2.1440239107574226
2.077819531114783
1.896240625180289
1.9591479170272446
1.971747257128181
2.004886164091843
2.311278124459133
2.2062389286533897
1.9877733714879842
1.965596230357602
2.0403733936884962
2.270942421748537
2.403677461028802
2.199687794731328
2.472905595320056
1.7924812503605778
2.339572261986723
1.8250112108241772
2.4961268547517808
1.8333208226910545
2.3453078715722975
2.403677461028802
1.6644977792004614
2.292481250360578
2.4634582986483036
2.349601752714581
1.9591479170272446
1.8740217065543314
2.4584538292330587
2.192005835492107
2.1280852788913944
3.077865082165957
2.7996849788616767
1.7924812503605778
2.23345859334435
2.0403733936884962
1.6854752972273346
1.971747257128181
2.221251836004466
2.179350202453772
2.823465189601647
2.9104404952185816
2.2627834289765825
2.0403733936884962
2.963338647382062
2.278351811711312
2.1416195253341384
2.217021885879718
1.7924812503605778
1.8879185026711327
2.5967916319816364
2.146465798504072
1.7295739585136223
1.75
2.292481250360578
1.971747257128181
2.0403733936884962
2.2516291673878226
2.0403733936884962
2.6854688732402385
1.8919954870390203
2.0403733936884962
2.043653707535809
2.516038520061391
2.054585169337799
2.1280852788913944
2.0403733936884962
3.022629778890169
1.8676338909712125
2.0403733936884962
2.199687794731328
2.2806390622295662
1.823067982273661
2.045841640885174
2.4137995646056805
2.1280852788913944
2.33012496531497
2.1280852788913944
2.2516291673878226
1.8810947601100747
1.8423709931771084
1.825605199016944
2.038159681645953
1.7381493331928664
2.221251836004466
2.004886164091843
2.4613201402110083
2.0403733936884962
1.7381493331928664
2.0458416408851736
2.199687794731328
1.8676338909712125
1.8585552118703144
1.789929075309999
2.0403733936884962
2.0458416408851736
1.9591479170272446
1.789929075309999
2.049452072789394
1.9877733714879842
1.7758589482446405
1.7758589482446405
1.7758589482446405
1.7758589482446405
1.789929075309999
1.7758589482446405
1.7758589482446405
1.7758589482446405
1.7758589482446405
1.8339272176418302
1.8339272176418302
1.8339272176418302
1.7758589482446405
1.7758589482446405
1.7758589482446405
1.7758589482446405
1.8339272176418302
1.8339272176418302
1.8339272176418302
1.7758589482446405
1.7758589482446405
1.7758589482446405
1.7758589482446405
1.8339272176418302
1.8339272176418302
1.8339272176418302
2.646782221599798
2.614369445886757
2.219240704636849
2.148834854280917
2.25
2.0403733936884962
2.0403733936884962
2.3192407046368486
2.4404040177209283
2.263809173883546
1.789929075309999
2.0403733936884962
2.0758692966977272
2.192005835492107
1.8799649487271108
2.4634582986483036
1.971747257128181
2.0403733936884962
2.3458519893382603
2.1887870678023824
2.287783719941071
2.2841591278514217
2.133937566094917
2.221251836004466
1.950212064914747
1.8676338909712125
2.731864397350904
1.7924812503605778
2.33012496531497
1.9591479170272446
1.9808259362290785
1.867633890971212
1.9751060324573733
2.169925001442312
1.9720345516022206
2.359082614852206
2.2109736165067546
1.6577427265048887
1.8423709931771084
1.9182958340544893
2.004886164091843
2.292481250360578
1.8676338909712125
2.0403733936884962
2.148834854280917
2.1280852788913944
2.0300872246321315
2.469240782172285
1.9182958340544893
2.3959769661741737
1.9238561897747248
2.2856005389623077
2.119973094021975
2.221251836004466
1.9211854965885542
2.0403733936884962
2.1280852788913944
2.30827083453526
2.146782221599798
2.049452072789394
1.8585552118703144
2.3627402784989338
1.9877733714879842
2.5073862159463105
1.691141418009583
2.1678745879098806
1.971747257128181
2.359879028736861
2.217021885879718
2.1406064599010723
1.867633890971212
2.0403733936884962
1.7924812503605778
1.8339272176418302
2.0458416408851736
2.072905595320056
1.971747257128181
1.971747257128181
1.7841591278514217
1.7884504573082896
2.054585169337799
2.396782221599798
1.867633890971212
2.263809173883546
2.049452072789394
2.322756958897399
2.353810979580011
1.971747257128181
2.049452072789394
1.7924812503605778
2.225605199016944
2.084962500721156
2.3355055565170972
1.8676338909712125
1.789929075309999
2.2396275363413567
1.8262452584026092
2.049452072789394
2.251629167387823
2.2627834289765825
2.0349409139562287
2.495602923729013
2.5785519909913264
1.9591479170272446
2.1280852788913944
1.789929075309999
2.473851389610045
2.0349409139562287
2.0379154119304594
2.0
2.0930692077718893
2.146465798504072
2.146782221599798
1.7924812503605778
2.275170354773194
2.3050365325772657
2.2810361125534233
2.0016067457394686
1.9805332770550816
2.1800365325772657
1.971747257128181
2.292481250360578
2.0
2.1887870678023824
2.353533948577482
2.2841591278514217
2.1179631753145163
1.971747257128181
2.292481250360578
2.1280852788913944
2.1887870678023824
1.789929075309999
2.1609640474436813
2.350209029099897
1.8553885422075338
2.7395722619867224
2.0131324651707385
2.095241917363884
2.5073801024236357
2.1273877651912745
2.0403733936884962
1.8423709931771084
2.2125038423722683
2.132764662257932
1.8423709931771084
2.117492461184755
2.3232196723355076
2.2856005389623073
1.867633890971212
2.0403733936884962
1.9056390622295665
2.0403733936884962
2.4404040177209283
2.2389205950315936
2.162368783573502
2.4056390622295662
2.0202442071537563
2.251629167387823
1.9254106352407239
2.004886164091843
2.5580510765444577
1.971747257128181
2.278351811711312
2.1280852788913944
2.0403733936884962
2.374556048381884
1.971747257128181
2.2877837199410704
2.005977711423774
2.472905595320056
2.10558726169826
2.0403733936884962
2.2149798205164815
2.0545851693377997
2.1416195253341384
2.038159681645953
1.867633890971212
2.199687794731328
2.0
2.366428310992824
2.049452072789394
1.8423709931771084
1.811278124459133
1.6006941763657148
2.023219672335508
2.1800365325772657
1.7609640474436812
2.1209520310264027
2.2544475789720946
1.7924812503605778
1.971747257128181
1.9182958340544893
2.4137995646056805
1.9877733714879842
1.7841591278514217
1.9182958340544893
2.3627402784989338
2.004886164091843
2.3877618519913746
2.049452072789394
1.9182958340544896
2.004886164091843
1.971747257128181
2.5967916319816364
2.1920058354921066
1.9591479170272446
2.023219672335508
2.390863696857044
2.221251836004466
2.128085278891394
1.6644977792004614
2.0
2.353533948577482
2.1077566165206125
2.3921472236645345
2.1887870678023824
2.396782221599798
2.0403733936884962
2.1887870678023824
2.216521698179525
2.004886164091843
2.049452072789394
2.53414684380524
2.054585169337799
2.5580510765444573
2.0349409139562287
2.3577174691301486
2.3636085007312415
2.206238928653389
2.373735909525858
2.084962500721156
2.1405180562767114
2.084962500721156
2.074164743022575
2.169925001442312
2.25533048247034
2.0202442071537563
2.145136370153053
2.004886164091843
2.148834854280917
1.9653059184883495
2.005977711423774
2.0191534613250357
2.148834854280917
2.148834854280917
2.1054105870684143
2.216521698179525
2.2627834289765825
2.2485702580697673
2.1393538721672005
2.004886164091843
2.004886164091843
2.061278124459133
2.145136370153053
2.0403733936884962
2.292481250360578
2.1812056673346514
2.2399351903050047
2.4137995646056805
2.2841591278514217
2.25
2.3395722619867225
2.0403733936884962
2.254447578972094
2.1416195253341384
1.8423709931771084
2.1556390622295662
1.789929075309999
2.4863286677871854
2.0458416408851736
1.971747257128181
2.292481250360578
2.2322367178034828
2.192329184778125
2.3439439226233727
2.139721832409614
2.049452072789394
2.345173332399697
1.971747257128181
2.3134597501718237
1.971747257128181
2.022579761842491
2.3942811477133943
1.6644977792004614
2.1812056673346514
2.2657101447254586
2.4634582986483036
2.287783719941071
1.823067982273661
1.823067982273661
2.406666316740689
2.125814583693911
1.950212064914747
2.2856946147259993
1.9508257945180885
2.219240704636849
2.021782221599798
2.016875695766564
1.8676338909712125
2.319240704636849
2.5580510765444573
1.8423709931771084
2.0403733936884962
2.0729055953200564
2.1967916319816365
2.0403733936884962
2.4494130147150095
2.2062389286533897
2.3232196723355076
1.9751060324573733
1.97355611232775
2.0403733936884962
2.125814583693911
1.971747257128181
2.1920058354921066
2.2516291673878226
1.9182958340544893
2.0403733936884962
2.054585169337799
2.0
1.8676338909712125
2.221251836004466
2.0132790219068077
1.7464657985040721
1.9877733714879842
2.359879028736861
2.004886164091843
1.971747257128181
2.206238928653389
1.823067982273661
2.472905595320056
2.375
2.004886164091843
2.4662478973127313
2.0403733936884962
1.867633890971212
1.971747257128181
2.33012496531497
1.75
1.927682292604252
2.263809173883546
2.0403733936884962
1.8638263900908156
2.0403733936884962
1.971747257128181
1.9533040442609688
2.463458298648303
2.3515937233487554
2.1280852788913944
2.084962500721156
1.971747257128181
2.263809173883546
1.789929075309999
1.6644977792004614
2.6756981353679867
1.7709505944546688
1.7924812503605778
2.125814583693911
1.8810947601100747
1.896240625180289
2.5967916319816364
2.0874628412503395
1.789929075309999
2.4164997849817103
1.8423709931771084
2.646782221599798
1.823067982273661
2.263809173883546
1.7924812503605778
2.049452072789394
1.9852281360342514
2.1967916319816365
1.789929075309999
1.8423709931771084
2.1280852788913944
2.0403733936884962
2.0
1.9567810198807023
2.053953744788256
2.396782221599798
2.0048861640918427
2.251629167387823
2.0403733936884962
2.0403733936884962
2.0048861640918427
2.5073801024236357
2.117492461184755
2.521782221599798
2.0403733936884962
1.4591479170272448
2.4634582986483036
1.9182958340544893
2.353533948577482
2.403677461028802
1.9591479170272446
2.260820318171659
2.004886164091843
2.0403733936884962
1.9877733714879842
2.0403733936884962
2.054585169337799
2.1735572622751853
2.225610814520738
2.5073801024236357
1.9698157824268105
2.188493070364558
1.9182958340544893
2.0042859090703913
1.971747257128181
2.1280852788913944
1.8585552118703144
1.871636832693604
2.1280852788913944
1.8676338909712125
2.049452072789394
2.125814583693911
1.971747257128181
2.133937566094917
2.2877837199410704
2.199082295352821
1.8909209935891982
2.0403733936884962
1.8676338909712125
2.0403733936884962
1.971747257128181
2.295217421954582
2.1887870678023824
2.155968102145908
1.971747257128181
2.049452072789394
2.2841591278514217
1.748328660365574
2.3861433918566552
1.4591479170272448
2.1837548319239213
2.0741647430225756
2.3418877433812106
2.771782221599798
2.040223928941852
2.086048612313038
2.184261263864103
2.0403733936884962
2.049452072789394
2.390863696857044
2.199687794731328
2.0634582986483037
2.292481250360578
2.270942421748537
2.225610814520738
2.646782221599798
2.4137995646056805
1.971747257128181
2.0403733936884962
1.7924812503605778
1.7924812503605778
2.1906616522333264
1.971747257128181
2.1887870678023824
1.5566567074628228
1.8423709931771084
2.1464657985040723
1.8676338909712125
1.6644977792004614
2.0
1.75
2.058813890331201
1.9591479170272446
1.789929075309999
1.971747257128181
1.7924812503605778
2.473851389610045
1.867633890971212
2.084962500721156
2.0403733936884962
2.699513850319966
1.9852281360342514
1.867633890971212
2.406666316740689
1.9746017527145812
2.292481250360578
1.5566567074628228
1.971747257128181
2.195461844238322
2.0403733936884962
2.224601752714581
2.292481250360578
2.217021885879718
2.004886164091843
2.0403733936884962
2.125814583693911
2.049452072789394
2.2516291673878226
2.084962500721156
1.8423709931771088
2.460964047443681
2.2890179898186576
1.884431504340598
1.789929075309999
2.254447578972094
2.1280852788913944
1.8423709931771084
2.004886164091843
2.6237833967326494
2.263809173883546
2.004886164091843
2.5249449750847117
2.0989295636909353
1.971747257128181
2.3921472236645345
1.9182958340544896
1.5566567074628228
1.867633890971212
1.6928084611659908
2.023219672335508
2.0060603254083387
2.2516291673878226
1.7295739585136223
2.2342261536090273
2.0403733936884962
2.0403733936884962
2.038159681645953
1.8879185026711327
1.8879185026711327
1.8879185026711327
1.8879185026711327
1.8879185026711327
1.8879185026711327
1.8339272176418302
1.8339272176418302
1.8339272176418302
1.8339272176418302
1.8339272176418302
1.8339272176418302
1.8339272176418302
1.8339272176418302
1.8339272176418302
1.8339272176418302
1.8339272176418302
1.8339272176418302
1.8339272176418302
1.8339272176418302
1.8339272176418302
1.8394910703001344
1.8339272176418302
1.8339272176418302
1.8339272176418302
1.8339272176418302
1.8339272176418302
2.286969843139304
1.7990156706551217
2.0758692966977272
1.7924812503605778
1.7924812503605778
2.251629167387823
2.771782221599798
2.199687794731328
2.0403733936884962
1.9877733714879842
1.789929075309999
2.049452072789394
2.217021885879718
2.117492461184755
1.9744667176617658
1.9898980954642875
2.0274893113295236
2.1992818130163667
1.971747257128181
1.9182958340544893
2.1887870678023824
1.9508257945180885
2.128085278891394
1.9591479170272446
2.292481250360578
2.460964047443681
1.8676338909712125
2.0403733936884962
2.084962500721156
2.2359263506290326
2.0403733936884962
2.0403733936884962
2.3068905956085186
2.084962500721156
2.3232196723355076
2.216521698179525
1.8250112108241772
2.499544305608131
2.584962500721156
2.120952031026403
2.217021885879718
2.054585169337799
2.125814583693911
1.823067982273661
1.789929075309999
2.054585169337799
2.0202442071537563
2.004886164091843
2.0403733936884962
2.0403733936884962
1.8879185026711327
2.1884930703645584
2.040223928941852
2.049452072789394
1.971747257128181
1.8676338909712125
2.399627536341357
2.7004335629251237
2.2232196723355075
2.2841591278514217
2.1916116417513782
2.038159681645953
2.2062389286533897
2.1999793267164867
1.789929075309999
2.221251836004466
1.971747257128181
2.045841640885174
1.3787834934861753
2.0602489763846963
2.0403733936884962
2.049452072789394
1.75
2.9717472571281807
2.207615345541446
2.1179631753145163
1.8919954870390203
1.8423709931771088
2.1234786725698864
2.1774212838293647
2.5189704621597437
2.0403733936884962
1.8676338909712125
2.521782221599798
2.091917186688699
1.9814963295286754
2.2350331890260717
2.217021885879718
2.0741647430225756
1.9954618442383218
2.1416195253341384
2.1609640474436813
2.065293688498338
2.0403733936884962
1.867633890971212
2.1916116417513782
1.823067982273661
2.4137995646056805
1.7924812503605778
1.9182958340544893
1.867633890971212
2.6556390622295662
1.971747257128181
2.1822287189138017
2.6146939516467023
2.016875695766564
2.022579761842491
2.2810361125534233
2.049452072789394
2.353533948577482
2.133937566094917
2.599581230646064
1.789929075309999
2.473851389610045
2.0349409139562287
2.01288762151816
1.8585552118703144
2.1416195253341384
2.6945685236952395
1.8676338909712125
2.0403733936884962
2.051361789187549
1.971747257128181
2.1920058354921066
1.9852281360342516
2.251629167387823
2.7247198033190516
2.072905595320056
1.7924812503605778
2.1280852788913944
2.0178248580034244
1.8585552118703144
2.125814583693911
1.8676338909712125
1.7924812503605778
2.2485731395538666
1.971747257128181
2.004886164091843
2.408313376208532
2.125814583693911
2.1556390622295662
2.040223928941852
2.221251836004466
1.789929075309999
2.5
1.9591479170272446
1.5487949406953985
2.049452072789394
1.8423709931771084
2.4634582986483036
2.068794207565845
2.054585169337799
2.33012496531497
1.9232196723355077
2.049452072789394
2.2856005389623073
1.9830841641434374
2.2232196723355075
2.2807876549494517
2.2516291673878226
1.6644977792004614
2.463524686900147
2.0048861640918427
2.049452072789394
1.971747257128181
2.0403733936884962
2.2890179898186576
2.1179631753145163
1.7900504167841065
2.322756958897399
2.1264277333281734
2.1464657985040723
2.091917186688699
2.1174924611847548
1.789929075309999
2.349601752714581
2.130926080730337
1.8536882264834516
2.3627402784989338
2.396782221599798
2.0403733936884962
1.9508257945180885
2.0
1.75
2.1887870678023824
1.971747257128181
2.4137995646056805
1.9182958340544893
2.5977076234081267
1.9182958340544893
2.1812056673346514
1.8799649487271108
1.789929075309999
2.004886164091843
2.339572261986723
2.038159681645953
1.7860624522524733
2.375
1.7924812503605778
1.7924812503605778
2.0349409139562287
2.049452072789394
2.1416195253341384
1.950212064914747
2.038159681645953
1.971747257128181
2.473851389610045
2.197159723424149
2.049452072789394
2.0403733936884962
2.1280852788913944
2.1179631753145163
1.8844315043405981
1.8423709931771084
2.0403733936884962
2.0225797618424917
2.055341992226623
1.8256051990169437
2.278351811711312
2.2389205950315936
2.004886164091843
2.1916116417513782
2.067130688335406
2.004886164091843
1.8676338909712125
2.040223928941852
2.1416195253341384
1.825605199016944
1.935126908215811
2.0381596816459533
2.0403733936884962
2.049452072789394
1.9852281360342514
2.117492461184755
2.292481250360578
1.9211854965885542
1.8799649487271108
1.8711153651692727
1.811278124459133
2.4834585933443494
2.2389205950315936
1.971747257128181
1.971747257128181
2.0403733936884962
2.0403733936884962
2.292481250360578
2.0989295636909353
2.058813890331201
2.292481250360578
2.0403733936884962
2.067031495157584
2.0989295636909353
2.146782221599798
2.004886164091843
2.049452072789394
2.0658742083068837
2.0580531366523855
2.5073801024236357
2.5580510765444573
2.435287854641592
2.004886164091843
1.971747257128181
1.8423709931771084
1.971747257128181
1.6644977792004614
2.054585169337799
2.3064777096116282
2.019240704636849
2.217021885879718
2.41379956460568
2.077819531114783
2.2810361125534233
2.004886164091843
2.0403733936884962
2.2389205950315936
1.971747257128181
1.8676338909712125
1.971747257128181
1.789929075309999
2.2585728843419157
1.7924812503605778
2.058813890331201
2.219240704636849
2.3395722619867225
1.9473387961875537
1.811278124459133
2.077819531114783
2.0403733936884962
1.8423709931771084
1.8449875718557367
2.125814583693911
1.75
2.075869296697727
2.129567987418323
1.7924812503605778
2.146782221599798
1.971747257128181
2.0403733936884962
2.004886164091843
2.004886164091843
2.054585169337799
2.292481250360578
2.221251836004466
2.3244093931715555
2.4137995646056805
2.292481250360578
1.8676338909712125
2.33012496531497
2.403677461028802
2.004886164091843
2.049452072789394
1.8676338909712125
1.867633890971212
2.33012496531497
1.971747257128181
2.125814583693911
2.292481250360578
2.054585169337799
1.8262452584026092
2.5967916319816364
2.054585169337799
2.217021885879718
2.004886164091843
2.049452072789394
1.789929075309999
2.651793902628769
2.0403733936884962
2.0403733936884962
1.855388542207534
2.049452072789394
2.0403733936884962
2.260820318171659
1.9591479170272446
2.049452072789394
1.823067982273661
2.279799131837405
1.8879185026711327
2.146782221599798
2.054585169337799
1.896240625180289
1.8676338909712125
2.322756958897399
2.0403733936884962
1.8676338909712125
2.125814583693911
1.9182958340544893
1.8676338909712125
2.0670314951575843
2.049452072789394
1.9591479170272446
1.867633890971212
2.125814583693911
2.054585169337799
2.217021885879718
1.914341183612352
2.1837548319239213
1.789929075309999
2.0403733936884962
1.8676338909712125
2.0403733936884962
2.145136370153053
2.0403733936884962
2.0403733936884962
2.0670314951575843
1.971747257128181
2.049452072789394
2.0403733936884962
2.004886164091843
2.086902629071872
2.0403733936884962
2.054585169337799
1.789929075309999
1.7924812503605778
2.2890179898186576
2.0985798617120746
1.971747257128181
2.2627834289765825
2.0458416408851736
2.2841591278514217
2.4613201402110083
1.7924812503605778
2.33012496531497
1.9508257945180885
1.971747257128181
2.0403733936884962
2.1280852788913944
1.9508257945180885
2.018310781820059
1.789929075309999
2.2841591278514217
2.2841591278514217
2.049452072789394
1.9591479170272446
2.0403733936884962
2.2841591278514217
2.197159723424149
1.789929075309999
2.0403733936884962
2.146465798504072
2.1920058354921066
2.004886164091843
1.7924812503605778
1.9591479170272446
1.789929075309999
2.390863696857044
2.1280852788913944
2.499544305608131
2.33012496531497
1.789929075309999
2.199687794731328
1.4591479170272448
2.2877837199410704
2.199687794731328
1.867633890971212
2.1967916319816365
2.049452072789394
1.8423709931771088
1.8423709931771084
2.1209520310264036
2.4404040177209283
2.049452072789394
2.2396275363413567
2.1280852788913944
2.049452072789394
1.971747257128181
2.1280852788913944
2.5967916319816364
2.0403733936884962
1.9877733714879842
1.9591479170272446
2.5073801024236353
1.9591479170272446
2.199687794731328
1.8423709931771086
1.9508257945180885
2.2389205950315936
1.8676338909712125
1.9591479170272446
2.148834854280917
1.8799649487271108
2.251629167387823
1.7295739585136223
2.463865121950854
2.049452072789394
2.049452072789394
2.054585169337799
2.0458416408851736
2.538320189106
2.4137995646056805
2.128085278891394
2.0225797618424917
1.971747257128181
1.4591479170272448
2.0403733936884962
2.072905595320056
2.33012496531497
2.0403733936884962
2.0131324651707385
1.8676338909712125
2.4634582986483036
2.2492870686521593
2.1440239107574226
2.049452072789394
2.1234786725698864
2.0825518169307426
1.9852281360342514
2.004886164091843
2.0403733936884962
2.091917186688699
2.054585169337799
2.199687794731328
2.169925001442312
2.220068302234069
2.0048861640918427
2.217021885879718
2.049452072789394
1.971747257128181
2.0
1.9657706741379202
2.292481250360578
1.8585552118703144
1.823067982273661
2.5580510765444573
2.004886164091843
2.1280852788913944
2.0403733936884962
2.199687794731328
1.823067982273661
2.066247897312731
2.1920058354921066
2.004886164091843
1.7924812503605778
2.2841591278514217
2.0349409139562287
2.175646899398185
1.789929075309999
2.1824562508413488
1.9182958340544896
2.251629167387823
1.971747257128181
2.049452072789394
2.004886164091843
2.587504346796978
1.896240625180289
1.6266888497018317
2.1920058354921066
2.1690354219421173
2.2577174691301485
2.2608203181716595
1.971747257128181
2.260820318171659
2.396782221599798
2.375
2.353533948577482
2.004886164091843
2.049452072789394
2.4404040177209283
2.0922718656836103
2.0403733936884962
2.223219672335508
2.0740870445590347
2.1054105870684143
2.216521698179525
2.1054105870684143
2.130926080730337
2.128085278891394
2.148834854280917
2.0922718656836103
2.0048861640918427
1.7924812503605778
1.9852281360342514
1.9852281360342514
1.9852281360342514
1.9852281360342514
1.9852281360342514
1.9852281360342514
1.9852281360342514
1.9852281360342514
1.9852281360342514
2.389310912792836
1.75
1.971747257128181
1.8423709931771088
2.2841591278514217
1.971747257128181
1.9591479170272446
2.3523479118118216
2.4961268547517808
2.3208020839342964
2.054585169337799
2.260820318171659
1.584962500721156
2.049452072789394
2.2062389286533897
2.004886164091843
2.291620193427939
2.0349409139562287
2.0403733936884962
1.8423709931771084
2.2892464285091583
2.0458416408851736
2.0403733936884962
2.3921472236645345
2.0
1.971747257128181
2.2247843393233877
2.077819531114783
1.971747257128181
2.0403733936884962
1.789929075309999
2.004886164091843
2.2485731395538666
2.359879028736861
2.4613201402110083
1.823067982273661
1.9005332770550816
2.2627834289765825
1.823067982273661
2.2627834289765825
1.9015064025015063
2.021614871911295
2.1054105870684143
2.216521698179525
2.2256051990169436
1.823067982273661
2.004886164091843
1.823067982273661
2.005977711423774
2.004886164091843
1.9523612813926658
2.2256051990169436
2.1800365325772657
2.216521698179525
1.7720772537350808
2.2256051990169436
2.004886164091843
2.005977711423774
1.9276822926042523
1.8705657762029164
1.8585552118703144
2.4137995646056805
2.278351811711312
2.1920058354921066
2.4834585933443494
2.072905595320056
2.004886164091843
2.0524212838293647
2.521782221599798
1.789929075309999
1.9751060324573733
2.2232196723355075
1.971747257128181
2.2877837199410704
2.054585169337799
1.8423709931771086
2.004886164091843
1.7924812503605778
1.8676338909712125
1.8676338909712125
2.0314018453921716
1.7924812503605778
1.935945569184765
2.0566416671474372
2.199687794731328
2.223219672335508
2.054585169337799
1.789929075309999
2.054585169337799
2.029526332323075
2.3715335947907836
2.146465798504072
2.1040437177782714
2.0403733936884962
2.0403733936884962
2.1280852788913944
2.1464657985040723
2.292481250360578
2.054585169337799
1.8423709931771084
1.9182958340544893
1.971747257128181
2.049452072789394
2.221251836004466
2.4137995646056805
1.7609640474436812
1.971747257128181
2.128085278891394
2.004886164091843
2.260820318171659
2.049452072789394
1.8339272176418302
1.968873874720721
2.2841591278514217
1.9877733714879842
2.128085278891394
1.9591479170272446
1.8676338909712125
2.406666316740689
2.038159681645953
1.8676338909712125
2.0403733936884962
2.406666316740689
2.205109900073869
2.049452072789394
1.7924812503605778
1.9182958340544893
2.102187170949333
2.119973094021975
2.0403733936884962
2.4915485198790632
1.823067982273661
2.353533948577482
2.350209029099897
2.0403733936884962
1.8676338909712125
2.343257873344267
2.049452072789394
1.971747257128181
2.0403733936884962
1.8676338909712125
2.0403733936884962
1.971747257128181
2.3395722619867225
1.789929075309999
2.401941967037988
2.004886164091843
1.841250170281555
2.0458416408851736
2.33012496531497
2.0874628412503395
2.217021885879718
2.1774212838293647
2.221251836004466
1.7924812503605778
1.8676338909712125
1.8676338909712125
1.823067982273661
2.0403733936884962
2.0403733936884962
2.3517374334224663
2.1992818130163667
2.0403733936884962
2.0403733936884962
2.0403733936884962
2.0403733936884962
2.1280852788913944
2.049452072789394
1.823067982273661
1.7924812503605778
2.0349409139562287
2.2856005389623073
1.6577427265048887
2.1280852788913944
2.292481250360578
2.2479275134435857
1.971747257128181
1.8799649487271108
1.867633890971212
2.0403733936884962
2.0403733936884962
1.8424785633184682
2.004886164091843
2.25
2.133937566094917
2.4609049321677965
1.7077174691301482
2.465604474455161
2.243773828551915
2.251629167387823
1.9591479170272446
2.278351811711312
1.8250112108241772
1.971747257128181
2.1559130951758245
1.8423709931771088
2.1440239107574226
2.1440239107574226
1.944598366312811
2.225610814520738
2.058117008486823
2.040223928941852
2.1812056673346514
2.146465798504072
2.1812056673346514
2.125490522174914
2.463458298648303
2.061278124459133
1.7295739585136223
2.1920058354921066
2.0242600666933597
2.285374329980682
2.3876310584727714
2.0403733936884962
2.2856005389623073
2.3227569588973984
2.0403733936884962
2.270942421748537
2.4402512186268552
1.8879185026711327
1.9182958340544893
2.0
2.125814583693911
1.8423709931771084
2.221251836004466
2.0403733936884962
1.9182958340544893
1.9591479170272446
2.245869617795809
1.9877733714879842
2.30331442425565
2.2684727516311214
1.867633890971212
1.9182958340544893
2.004886164091843
2.2396275363413567
2.196957186327418
2.004886164091843
1.780672129520887
2.0403733936884962
1.971747257128181
2.41896119556797
2.1920058354921066
2.0825518169307426
1.789929075309999
2.049452072789394
2.2608203181716595
1.8423709931771084
1.9473387961875537
2.278351811711312
2.0403733936884962
1.811278124459133
1.8799649487271108
2.049452072789394
2.004886164091843
1.9877733714879842
1.75
2.1556390622295662
2.049452072789394
2.1920058354921066
2.142079563925711
2.054585169337799
2.647210311338979
2.038159681645953
2.556656707462823
1.789929075309999
1.6644977792004614
1.9751060324573735
1.8919954870390203
1.8676338909712125
2.049452072789394
2.125814583693911
1.932156076138423
1.823067982273661
2.474601752714581
1.971747257128181
2.2492870686521593
2.0403733936884962
2.221251836004466
2.0182155146751497
2.0403733936884962
1.789929075309999
2.339572261986723
1.7527152789797045
1.8676338909712125
2.322756958897399
2.0403733936884962
2.004886164091843
1.971747257128181
2.1800365325772657
1.7924812503605778
2.1149798205164814
2.2197218324096135
2.0403733936884962
1.9473387961875537
2.004886164091843
2.199687794731328
2.004886164091843
1.8423709931771088
2.3526429155709625
2.349601752714581
2.1280852788913944
2.5306390622295662
2.359879028736861
2.049452072789394
2.049452072789394
2.094856783548739
1.7924812503605778
1.8676338909712125
2.049452072789394
2.004886164091843
2.2841591278514217
2.074164743022575
2.0403733936884962
2.699513850319966
2.358938532350277
2.292481250360578
1.9220231428515733
2.1416195253341384
1.9795739585136225
1.7924812503605778
2.054585169337799
1.8496017527145814
2.1800365325772657
1.867633890971212
2.473851389610045
2.353533948577482
2.038159681645953
2.004886164091843
2.2109736165067546
2.4961268547517808
2.3208020839342964
2.054585169337799
2.2841591278514217
2.0403733936884962
2.0403733936884962
2.2803414313066765
2.125814583693911
2.049452072789394
1.8553885422075338
1.6294281569541282
2.5967916319816364
1.971747257128181
2.260820318171659
2.411231625362691
1.6644977792004614
2.1055872616982603
2.287783719941071
2.054585169337799
1.789929075309999
2.292481250360578
2.769561802804053
1.971747257128181
2.054585169337799
1.971747257128181
1.971747257128181
2.396782221599798
1.8980933736695382
2.1464657985040723
2.0403733936884962
2.353533948577482
2.0874628412503395
2.0403733936884962
2.4634582986483036
2.005977711423774
1.3787834934861753
2.1556390622295662
1.896240625180289
2.403677461028802
2.378991986900062
1.896240625180289
2.2200683022340693
2.020800094781482
1.6981174211304033
1.9591479170272446
1.8423709931771084
1.7527152789797045
2.1556390622295662
2.484183719779189
2.0403733936884962
2.660129752633257
2.0403733936884962
2.161541933335928
2.1458527611623066
2.2855899294576503
2.1800365325772657
2.1967916319816365
1.8423709931771084
1.9508257945180885
2.4404040177209283
1.867633890971212
2.33012496531497
1.7841591278514217
2.4474015047059146
2.0
2.5
2.0403733936884962
2.5822489621405254
1.867633890971212
2.125814583693911
2.0550365325772657
2.1800365325772657
2.0874628412503395
1.789929075309999
2.0623333564148303
2.1040437177782714
1.9068905956085187
2.0349409139562287
2.054585169337799
2.2167643535345496
2.0403733936884962
2.054585169337799
2.3331752942320656
1.9591479170272446
1.8423709931771086
2.2608203181716595
1.7924812503605778
2.353533948577482
2.0
1.573402452417767
2.602217001462482
1.867633890971212
2.217021885879718
2.0609640474436812
2.3395722619867225
2.1920058354921066
2.068096693865725
2.223219672335508
1.971747257128181
2.1556390622295662
2.064042639445697
2.0403733936884962
2.146465798504072
2.0524212838293647
1.950212064914747
1.8676338909712125
2.5580510765444573
1.9591479170272446
1.9751060324573733
2.0718861869120673
1.5566567074628228
2.2359263506290326
1.8423709931771084
2.1174924611847548
2.0670314951575843
1.7924812503605778
1.8294732983598407
2.0403733936884962
2.0403733936884962
2.146465798504072
1.8843135277997989
2.039353872167201
2.1989622701385483
2.004886164091843
1.971747257128181
2.0202442071537563
1.789929075309999
2.0403733936884962
1.971747257128181
2.074164743022575
1.780672129520887
2.0403733936884962
1.9591479170272446
2.063202513215852
2.0403733936884962
2.0403733936884962
2.5282129458410014
1.8676338909712125
2.2841591278514217
2.054585169337799
2.049452072789394
2.128085278891394
2.2096909728231857
1.867633890971212
2.278351811711312
3.1139544013739036
1.9526832779469112
2.199687794731328
1.798830556677354
1.809069336970364
2.199687794731328
1.9945394855980232
2.145136370153053
1.971747257128181
1.8423709931771084
1.8799649487271108
1.950212064914747
1.9852281360342514
2.054585169337799
2.279799131837405
1.789929075309999
2.192005835492107
2.542527551378238
1.9746017527145814
1.789929075309999
2.0403733936884962
2.0403733936884962
2.0403733936884962
2.0403733936884962
2.0403733936884962
2.0403733936884962
2.0403733936884962
2.0403733936884962
2.0403733936884962
2.0403733936884962
2.0403733936884962
2.0403733936884962
2.0403733936884962
2.0403733936884962
2.0403733936884962
2.0403733936884962
2.0403733936884962
2.0403733936884962
2.0403733936884962
2.0403733936884962
2.0403733936884962
2.0403733936884962
2.0403733936884962
2.0403733936884962
2.0403733936884962
2.0403733936884962
2.0403733936884962
2.0403733936884962
2.0403733936884962
2.0403733936884962
2.0403733936884962
2.0403733936884962
2.0403733936884962
2.0403733936884962
2.0403733936884962
2.0403733936884962
2.0403733936884962
2.0403733936884962
2.0403733936884962
2.0403733936884962
2.0403733936884962
2.0403733936884962
2.0403733936884962
2.0403733936884962
2.0403733936884962
2.0403733936884962
2.0403733936884962
2.0403733936884962
2.0403733936884962
1.7924812503605778
2.2877837199410704
1.971747257128181
2.33012496531497
2.0403733936884962
2.090246595077976
1.971747257128181
2.074164743022575
1.6879430945989
1.971747257128181
2.063558608511122
1.8919954870390203
2.396782221599798
2.125814583693911
1.971747257128181
1.8542858719872461
2.0403733936884962
2.1280852788913944
1.9290929654978
2.2877837199410704
2.35274578087187
2.049452072789394
2.180337381067571
2.33012496531497
2.0403733936884962
2.049452072789394
2.054585169337799
1.971747257128181
2.054585169337799
2.0403733936884962
2.2256051990169436
1.950212064914747
2.0403733936884962
2.040223928941852
2.049452072789394
1.971747257128181
2.0403733936884962
2.2109736165067546
2.278351811711312
2.403677461028802
2.0524212838293647
2.463458298648303
2.004886164091843
2.4729055953200563
2.058813890331201
2.0403733936884962
1.9508257945180885
2.539353872167201
2.0403733936884962
2.3395722619867225
2.004886164091843
2.1280852788913944
1.7924812503605778
2.0403733936884962
2.251629167387823
1.8250112108241772
1.8250112108241772
2.353533948577482
2.004886164091843
1.8423709931771084
2.146465798504072
2.0403733936884962
2.049452072789394
1.8250112108241772
2.0403733936884962
2.0403733936884962
2.112820978767682
2.3148662551937416
1.867633890971212
2.1280852788913944
1.8322488896002305
2.123219672335508
2.1416195253341384
2.054585169337799
2.292481250360578
2.440404017720928
1.9591479170272446
1.823067982273661
1.7841591278514217
2.4300365325772657
2.2577174691301485
2.0403733936884962
1.7841591278514217
2.2485293271285762
1.8262452584026092
2.270942421748537
1.9182958340544896
2.1280852788913944
2.049452072789394
2.008805622540176
2.075869296697727
2.0403733936884962
2.0403733936884962
1.896240625180289
2.45887184844536
2.0403733936884962
2.279186165384801
2.1920058354921066
2.1209520310264036
1.8799649487271108
1.7924812503605778
2.1258145836939115
2.2810361125534233
1.9149798205164812
2.004886164091843
2.1577174691301484
2.3050365325772657
2.004886164091843
2.4137995646056805
2.2841591278514217
2.054585169337799
2.30827083453526
1.867633890971212
2.004886164091843
2.4137995646056805
2.2841591278514217
2.146465798504072
2.202819531114783
1.9808259362290785
1.75
2.2890179898186576
1.7295739585136223
2.0403733936884962
2.224601752714581
2.473851389610045
2.1416195253341384
1.971747257128181
2.5580510765444573
2.004886164091843
2.396782221599798
2.1916116417513782
1.8676338909712125
2.3208020839342964
2.2909381904845603
1.9182958340544893
2.004886164091843
2.292481250360578
2.2608203181716595
1.971747257128181
2.0403733936884962
1.8423709931771084
1.867633890971212
1.9182084341546168
1.867633890971212
2.1280852788913944
2.075074223172834
2.1280852788913944
2.0403733936884962
1.9211854965885542
2.049452072789394
2.0403733936884962
2.0349409139562287
2.0349409139562287
1.9056390622295665
2.2608203181716595
2.292481250360578
1.8423709931771088
1.9508257945180885
2.0349409139562287
2.4137160683816017
1.8352377453121174
2.1280852788913944
2.0762893592941096
1.9877733714879842
2.2841591278514217
1.789929075309999
2.1800365325772657
2.521782221599798
1.8676338909712125
1.867633890971212
2.199687794731328
2.6214494179483894
2.1690354219421173
2.1180782093497093
1.971747257128181
2.4226754683112177
2.075869296697727
1.789929075309999
2.077819531114783
2.629275070710713
2.0403733936884962
1.8676338909712125
1.9182958340544896
1.971747257128181
1.9591479170272446
1.9182958340544896
2.3432578733442675
2.224601752714581
2.1967916319816365
1.7924812503605778
2.125814583693911
2.0403733936884962
2.221251836004466
2.395998870534841
1.9751060324573733
1.8585552118703144
2.125814583693911
1.9182958340544896
1.9508257945180885
2.2890179898186576
2.146782221599798
2.3208020839342964
1.971747257128181
1.867633890971212
2.2627834289765825
2.05632607578088
2.077819531114783
2.1179631753145163
2.146465798504072
2.0403733936884962
2.4089809567736475
2.638806718409557
2.125814583693911
1.971747257128181
1.9508257945180885
1.789929075309999
2.251629167387823
1.8676338909712125
2.0403733936884962
1.789929075309999
2.4137995646056805
1.971747257128181
2.1800365325772657
2.133937566094917
2.7947325751909533
2.3899722382051087
2.4834585933443494
2.049452072789394
1.8676338909712125
1.971747257128181
2.260820318171659
2.0403733936884962
2.0403733936884962
2.542481250360578
2.7789655065495587
2.0403733936884962
1.823067982273661
1.9131060113376823
2.0403733936884962
2.4225797618424916
2.049452072789394
2.0403733936884962
2.251629167387823
2.4137995646056805
2.0989295636909353
1.8423709931771084
1.8676338909712125
2.292481250360578
1.9182958340544893
2.1527217381013255
2.292481250360578
1.867633890971212
1.4591479170272448
1.867633890971212
1.867633890971212
2.1812056673346514
2.128085278891394
2.054585169337799
1.949137865273585
2.1607047528877827
1.9877733714879842
2.146465798504072
2.0403733936884962
1.836591668108979
2.2109736165067546
2.0566416671474372
2.303119464326695
2.328513861704177
2.5785519909913264
2.2125038423722683
2.4135002193152446
1.9237949406953985
2.054585169337799
2.5198157169987727
1.789929075309999
1.9842010098207166
1.8841626504116413
1.9508257945180887
2.199687794731328
2.1044171974962613
2.0524212838293647
2.1633347891038204
2.199687794731328
2.0419460322060456
2.039353872167201
2.176372890435935
1.867633890971212
2.2684727516311214
2.0403733936884962
2.287783719941071
2.0403733936884962
2.0403733936884962
2.1556390622295662
2.0349409139562287
2.103909910282364
2.353533948577482
2.0403733936884962
2.0403733936884962
1.950212064914747
2.1280852788913944
2.1280852788913944
2.084962500721156
2.4613201402110088
2.403677461028802
2.312907291846956
2.359879028736861
1.7924812503605778
2.169925001442312
1.5487949406953985
2.215478234046135
1.9056390622295665
2.2089873002588
1.7924812503605778
2.375
1.4591479170272448
2.049452072789394
1.971747257128181
2.1280852788913944
1.971747257128181
2.282333356476598
1.854285871987246
2.146782221599798
2.004886164091843
1.9795739585136225
1.867633890971212
2.0
2.771782221599798
2.0141467614227277
2.0403733936884962
2.1149798205164814
2.038159681645953
2.1174924611847548
2.278351811711312
2.0403733936884962
1.9877733714879842
1.8423709931771086
2.2359263506290326
2.4056390622295662
2.1609640474436813
1.9713464332493889
2.0
2.1887870678023824
1.7779849042597489
1.9852281360342516
1.8423709931771086
1.9220231428515733
1.7924812503605778
1.5566567074628228
2.049452072789394
2.0
2.064042639445697
2.1266144718101816
1.9290929654978
2.117492461184755
1.7924812503605778
1.971747257128181
2.3071885761626687
2.050919982001498
2.0403733936884962
1.8474201200521745
2.0403733936884962
1.9473387961875537
2.2988252450030506
2.3432578733442675
2.0804820237218404
1.971747257128181
2.0403733936884962
2.199687794731328
1.971747257128181
2.133937566094917
2.1492553971685
2.4056390622295662
2.0874628412503395
2.125814583693911
2.0048861640918427
1.971747257128181
2.260820318171659
2.0930692077718893
2.1920058354921066
2.268472751631122
2.0300872246321315
2.0403733936884962
2.217021885879718
2.251629167387823
2.1812056673346514
1.9528195311147831
2.2841591278514217
1.971747257128181
2.2806390622295662
2.0403733936884962
2.0225797618424917
2.221251836004466
2.298309401300804
2.049452072789394
2.0403733936884962
1.890920993589198
2.004886164091843
2.440404017720928
2.140361163698485
2.9003637560528492
2.3050365325772657
2.614369445886757
1.7924812503605778
2.1280852788913944
1.9182958340544896
1.9182958340544893
2.2283192288945832
2.1258145836939115
2.4634582986483036
1.971747257128181
1.971747257128181
1.867633890971212
2.251629167387823
2.004886164091843
2.1556390622295662
2.23345859334435
2.2096909728231857
2.0403733936884962
1.8423709931771084
2.0403733936884962
2.054585169337799
2.251629167387823
1.789929075309999
2.339572261986723
2.0403733936884962
2.217021885879718
1.6705350528662384
2.7049271365845637
2.0403733936884962
2.0403733936884962
2.0403733936884962
1.9041625260016595
1.9954618442383218
1.9954618442383218
2.1596008514627973
2.2015101887362594
1.9591479170272446
2.0461796919474975
1.986196715624298
2.4980775466236413
1.7924812503605778
2.287783719941071
2.0403733936884962
1.9182958340544893
1.855388542207534
2.5580510765444573
2.125814583693911
1.7295739585136223
1.896240625180289
2.049452072789394
2.0550365325772657
1.867633890971212
2.054585169337799
1.7381493331928664
2.0
2.0048861640918427
1.971747257128181
1.8676338909712125
2.1174924611847548
2.1599109564099277
2.1920058354921066
2.1280852788913944
1.9591479170272446
2.148834854280917
2.7591905042288642
2.0403733936884962
2.004886164091843
1.971747257128181
1.7779849042597489
1.867633890971212
2.054585169337799
1.789929075309999
2.1690354219421173
1.9508257945180885
1.9182958340544893
2.0403733936884962
2.5559130951758244
2.353533948577482
2.1405180562767114
1.7924812503605778
1.7884504573082893
1.9182958340544896
1.867633890971212
1.971747257128181
1.867633890971212
1.8230264907128848
2.390863696857044
2.058813890331201
2.2841591278514217
2.2841591278514217
2.327632809290636
2.0729055953200564
2.270942421748537
2.125814583693911
1.4591479170272448
2.353533948577482
2.4493118330264454
1.8585552118703144
2.2841591278514217
2.0403733936884962
2.353533948577482
2.125814583693911
2.3942811477133943
2.377443751081734
2.2492870686521593
1.9182958340544896
2.125814583693911
1.854285871987246
1.971747257128181
2.1416195253341384
2.699513850319966
2.146465798504072
2.215695143751562
2.05632607578088
2.385700018616016
1.8423709931771084
1.8676338909712125
2.054585169337799
1.789929075309999
1.9508257945180885
2.353533948577482
1.7924812503605778
2.0403733936884962
2.0
2.270942421748537
1.8170594523438588
2.0403733936884962
2.5073801024236357
2.004886164091843
2.2485731395538666
2.0202442071537563
2.0131324651707385
1.789929075309999
2.0349409139562287
1.867633890971212
1.971747257128181
2.1280852788913944
1.8423709931771086
2.0403733936884962
1.8290154645093462
2.08770470625279
1.787054028118727
2.1353503825268683
2.3959988705348416
2.125814583693911
2.192005835492107
1.8676338909712125
2.049452072789394
2.0403733936884962
2.1280852788913944
2.0403733936884962
1.9508257945180885
2.183754831923921
2.199687794731328
2.054585169337799
1.9138909867280647
2.3861433918566552
1.6577427265048887
2.25
1.867633890971212
2.2841591278514217
1.8828560636920488
1.971747257128181
1.8585552118703144
1.867633890971212
2.075869296697727
1.8423709931771084
2.0403733936884962
2.5306390622295662
2.328370293518046
2.562907291846956
2.0403733936884962
1.971747257128181
2.0
2.038159681645953
1.867633890971212
2.278351811711312
2.2988252450030506
2.1079637556972086
1.971747257128181
1.7924812503605778
2.004886164091843
1.9182958340544893
1.971747257128181
2.2841591278514217
2.217021885879718
2.4294945204514447
2.1280852788913944
1.9211796919474975
2.1464657985040723
2.3627402784989338
1.971747257128181
2.125814583693911
2.350209029099897
2.125814583693911
2.279799131837405
2.004886164091843
2.287783719941071
2.41379956460568
1.733775615611495
1.9182958340544893
2.125
2.2877837199410704
2.463458298648303
2.0403733936884962
2.2827241859104124
2.422579761842491
2.403677461028802
1.8230264907128848
2.287783719941071
2.217021885879718
1.9887513942845323
2.217021885879718
1.8149798205164813
2.125814583693911
2.049452072789394
1.8676338909712125
2.004886164091843
2.204877619337889
2.1800365325772657
1.867633890971212
2.141619525334138
1.96981578242681
2.4792603098019836
1.8676338909712125
2.0403733936884962
2.146465798504072
2.292481250360578
2.0403733936884962
2.221251836004466
2.038159681645953
2.017226962994476
2.1967916319816365
1.8262452584026092
1.8262452584026092
2.133937566094917
1.971747257128181
1.8843135277997989
2.0566416671474372
1.7841591278514217
2.2369837554745207
1.8262452584026092
1.9877733714879842
2.0403733936884962
2.0403733936884962
2.0403733936884962
2.0403733936884962
2.0403733936884962
1.823067982273661
1.823067982273661
1.823067982273661
1.823067982273661
2.1559681021459083
2.1559681021459083
2.1559681021459083
2.1559681021459083
2.1559681021459083
2.0403733936884962
1.867633890971212
1.867633890971212
1.867633890971212
2.1920058354921066
2.1440377841787277
2.0403733936884962
2.0403733936884962
2.1416195253341384
2.022579761842491
2.054585169337799
2.2147016226376044
2.0403733936884962
2.065689969525019
2.054585169337799
2.054585169337799
2.054585169337799
2.054585169337799
2.0403733936884962
2.0403733936884962
2.0131324651707385
2.0131324651707385
2.368681608963656
2.368681608963656
2.368681608963656
2.368681608963656
2.1920058354921066
2.1920058354921066
2.054585169337799
1.823067982273661
1.823067982273661
1.823067982273661
1.823067982273661
2.1559681021459083
2.1559681021459083
2.1559681021459083
2.1559681021459083
2.1559681021459083
2.11121658843249
2.11121658843249
2.11121658843249
2.11121658843249
2.1054105870684143
2.1054105870684143
2.1054105870684143
2.197620571461702
2.197620571461702
2.197620571461702
2.197620571461702
2.217021885879718
2.217021885879718
2.038159681645953
2.038159681645953
2.038159681645953
2.038159681645953
2.038159681645953
2.038159681645953
2.038159681645953
2.038159681645953
2.038159681645953
2.1426130464480955
2.1426130464480955
2.1426130464480955
2.054585169337799
2.054585169337799
2.054585169337799
2.054585169337799
2.1464657985040723
2.1464657985040723
2.368681608963656
2.368681608963656
2.368681608963656
2.368681608963656
2.3271615543174957
2.3271615543174957
1.789929075309999
2.1559681021459083
2.1559681021459083
2.1559681021459083
2.1559681021459083
2.1559681021459083
2.11121658843249
2.11121658843249
2.11121658843249
2.11121658843249
2.1054105870684143
2.1054105870684143
2.1054105870684143
2.197620571461702
2.197620571461702
2.197620571461702
2.197620571461702
2.217021885879718
2.038159681645953
2.038159681645953
2.038159681645953
2.038159681645953
2.1040514998942057
2.1040514998942057
2.038159681645953
2.038159681645953
2.038159681645953
2.1426130464480955
2.1426130464480955
2.1426130464480955
2.054585169337799
2.054585169337799
2.054585169337799
2.054585169337799
2.0131324651707385
2.0131324651707385
2.368681608963656
2.368681608963656
2.368681608963656
2.368681608963656
2.1920058354921066
2.1920058354921066
2.1920058354921066
2.1920058354921066
2.1920058354921066
1.823067982273661
1.823067982273661
1.823067982273661
1.823067982273661
2.1559681021459083
2.1559681021459083
2.1559681021459083
2.1559681021459083
2.1559681021459083
2.11121658843249
2.11121658843249
2.11121658843249
2.11121658843249
1.9852281360342514
1.9852281360342514
1.9852281360342514
1.9852281360342514
2.197620571461702
2.197620571461702
2.197620571461702
2.197620571461702
2.217021885879718
1.8262452584026092
1.8262452584026092
2.038159681645953
2.038159681645953
2.038159681645953
2.038159681645953
2.1040514998942057
2.1040514998942057
2.038159681645953
2.038159681645953
2.038159681645953
2.1426130464480955
2.1426130464480955
2.1426130464480955
2.054585169337799
2.054585169337799
2.054585169337799
2.054585169337799
2.1464657985040723
2.1464657985040723
2.368681608963656
2.368681608963656
2.368681608963656
2.368681608963656
2.3271615543174957
2.3271615543174957
1.823067982273661
1.823067982273661
1.823067982273661
1.823067982273661
2.1559681021459083
2.1559681021459083
2.1559681021459083
2.1559681021459083
2.1559681021459083
2.11121658843249
2.11121658843249
2.11121658843249
2.11121658843249
2.1054105870684143
2.1054105870684143
2.1054105870684143
2.197620571461702
2.197620571461702
2.197620571461702
2.197620571461702
2.217021885879718
2.217021885879718
2.038159681645953
2.038159681645953
2.038159681645953
2.038159681645953
2.038159681645953
2.038159681645953
2.038159681645953
2.038159681645953
2.2567796494470396
2.0037513933673976
2.225610814520738
2.038159681645953
2.472905595320056
2.1967916319816365
2.0402239289418524
1.7841591278514217
2.054585169337799
2.040223928941852
1.8676338909712125
1.8322488896002305
2.5073801024236357
1.971747257128181
1.855388542207534
1.9211854965885542
2.0403733936884962
2.004886164091843
2.4225797618424916
2.099843897365664
2.1054105870684143
2.0132790219068077
2.13042069334874
2.178240397601148
1.9508257945180885
2.125
2.3942811477133943
1.7924812503605778
1.9182958340544896
2.199687794731328
2.119973094021975
2.0550365325772657
1.789929075309999
2.359879028736861
1.9591479170272446
2.221251836004466
1.971747257128181
2.2297787395229816
2.375
1.933721435196635
1.8676338909712125
2.1174924611847548
1.914341183612352
2.0403733936884962
1.969389419529156
2.0113650418263793
2.129567987418323
2.2096909728231857
2.049452072789394
2.646782221599798
2.221251836004466
1.7924812503605778
2.1280852788913944
1.789929075309999
2.092615066454701
2.049452072789394
2.519079570624174
2.038159681645953
2.292481250360578
1.9877733714879842
2.049452072789394
1.7758589482446405
1.7924812503605778
2.1556390622295662
2.004886164091843
2.038159681645953
2.472905595320056
2.2856005389623073
1.9211854965885542
2.038159681645953
2.1027930388928713
2.0403733936884962
2.146782221599798
2.084962500721156
2.5580510765444573
2.0119209285947934
2.125814583693911
1.8676338909712125
2.2492870686521593
1.8676338909712125
1.8071654175796326
2.0323032427439522
2.285095318377704
2.3013307956279236
2.038159681645953
2.0403733936884962
2.292481250360578
1.8799649487271108
1.7924812503605778
2.3921472236645345
2.054585169337799
2.0402930388928713
1.971747257128181
2.5073801024236357
2.0419460322060456
2.1607047528877827
1.971747257128181
1.823067982273661
1.9508257945180885
2.125814583693911
2.3213603814444506
2.2806390622295662
1.9508257945180885
2.53414684380524
2.0403733936884962
1.8676338909712125
2.199687794731328
2.2877837199410704
2.0
2.192005835492107
2.004886164091843
1.896240625180289
2.270942421748537
2.054585169337799
2.125814583693911
2.3942811477133943
2.0403733936884962
1.809200032697812
2.005977711423774
1.971747257128181
1.8676338909712125
2.130926080730337
2.3395722619867225
2.469670487371862
1.6644977792004614
1.9182958340544896
2.049452072789394
2.440404017720928
2.0403733936884962
2.0403733936884962
2.4416298737872246
2.185475297227334
2.1887870678023824
2.403677461028802
1.9898980954642875
2.292481250360578
2.225610814520738
1.9182958340544893
2.353533948577482
1.971747257128181
1.867633890971212
2.0403733936884962
2.1416195253341384
2.0403733936884962
2.292481250360578
2.4846987825969653
2.116299605701696
2.084962500721156
1.7908562983864118
2.0403733936884962
1.8423709931771088
2.0048861640918427
1.8676338909712125
2.098579861712074
2.217021885879718
2.4867786311375926
2.0580531366523855
1.9064008819629852
1.994299475957303
2.251629167387823
2.0403733936884962
2.049452072789394
1.9887513942845323
1.9211854965885542
2.004886164091843
2.004886164091843
2.038159681645953
2.422675468311218
2.0922718656836103
2.2810361125534233
1.789929075309999
2.004886164091843
1.75
2.084962500721156
2.117492461184755
2.4164997849817103
2.292481250360578
2.0403733936884962
2.358938532350277
2.0403733936884962
2.2096909728231857
2.202819531114783
2.251629167387823
1.8585552118703144
2.049452072789394
2.220068302234069
2.063458298648303
1.7924812503605778
2.1887870678023824
2.4115091984199104
2.1280852788913944
1.7924812503605778
2.33012496531497
1.9182958340544893
1.9182958340544893
1.9056390622295665
2.4137995646056805
2.125
1.971747257128181
2.521782221599798
1.789929075309999
2.270942421748537
2.004886164091843
2.004886164091843
2.4056390622295662
1.6644977792004614
2.349601752714581
2.3227569588973984
1.8799649487271108
1.836591668108979
2.279799131837405
2.270942421748537
1.9814963295286754
2.1774212838293647
2.205109900073869
2.1800365325772657
1.9877733714879842
2.077235445408308
1.8676338909712125
1.584962500721156
1.5849625007211563
1.8423709931771084
1.971747257128181
1.867633890971212
2.049452072789394
1.9182958340544893
2.5306390622295662
1.9473387961875537
2.084962500721156
2.403677461028802
2.0403733936884962
1.8799649487271108
2.2698157169987727
2.6477700905415658
2.0403733936884962
1.9804820237218406
2.0403733936884962
2.049452072789394
1.867633890971212
2.0403733936884962
1.971747257128181
1.789929075309999
2.1174924611847548
1.8676338909712125
1.75
2.183754831923921
2.473851389610045
2.221251836004466
2.217021885879718
2.0048861640918427
2.4137995646056805
2.049452072789394
2.3627402784989338
2.375
1.9591479170272446
2.0403733936884962
1.7924812503605778
2.0403733936884962
2.0
1.9473387961875537
1.867633890971212
1.7924812503605778
1.823067982273661
2.0048861640918427
2.004886164091843
1.7232314287976207
2.0403733936884962
2.5785519909913264
2.2877837199410704
2.406666316740689
1.789929075309999
2.004886164091843
2.33012496531497
2.058813890331201
2.146782221599798
2.125814583693911
2.279799131837405
1.867633890971212
2.5341468438052397
2.33012496531497
2.353533948577482
1.789929075309999
2.2200683022340693
1.7924812503605778
1.8919954870390203
2.4834585933443494
2.1339375660949167
2.004886164091843
2.349601752714581
2.2485731395538666
2.049452072789394
2.2988527261581813
2.049452072789394
2.2389205950315936
1.7884504573082896
2.0403733936884962
2.0403733936884962
1.867633890971212
1.867633890971212
2.1405180562767114
2.0294069451656007
1.9852281360342514
1.9852281360342514
2.202819531114783
1.9852281360342514
1.9852281360342514
1.9852281360342514
1.896240625180289
2.004886164091843
2.0741647430225756
2.023219672335508
2.0403733936884962
2.522620309531022
2.4137995646056805
1.971747257128181
2.221251836004466
2.0403733936884962
2.294519908254462
2.2389205950315936
1.8879185026711327
1.9473387961875537
2.0403733936884962
2.4806821149663847
2.0545851693377997
2.0403733936884962
1.7924812503605778
2.004886164091843
2.004886164091843
2.292481250360578
1.7924812503605778
2.1405180562767114
2.0403733936884962
2.0403733936884962
2.0609640474436812
2.199687794731328
1.9508257945180885
2.0403733936884962
2.125814583693911
1.971747257128181
1.971747257128181
2.128085278891394
2.0403733936884962
2.002755067189044
2.1633347891038204
1.976648091673972
1.7924812503605778
2.1280852788913944
1.896240625180289
2.1054105870684143
1.7924812503605778
2.049452072789394
2.440404017720928
2.0402239289418524
2.038760752862686
1.8230264907128848
1.971747257128181
1.5566567074628228
2.054585169337799
2.1887870678023824
2.116299605701696
2.1887870678023824
2.1280852788913944
1.9182958340544893
1.971747257128181
2.0403733936884962
2.054585169337799
2.058813890331201
1.789929075309999
1.950212064914747
1.9182958340544896
2.5642558034394964
2.2988527261581813
2.3627402784989338
2.2096909728231857
2.2516291673878226
2.0
1.8676338909712125
1.971747257128181
2.0930692077718898
2.004886164091843
2.004886164091843
2.2256051990169436
1.971747257128181
1.867633890971212
2.292481250360578
2.5073801024236357
2.5073801024236357
1.965596230357602
2.5046934208291405
2.1280852788913944
1.6729330318733675
1.8676338909712125
2.0403733936884962
2.0403733936884962
2.359879028736861
2.128085278891394
2.1258145836939115
2.074164743022575
2.1607047528877827
2.004886164091843
2.3627402784989338
2.005977711423774
1.6644977792004614
2.1623687835735015
2.0191534613250357
2.192005835492107
2.0403733936884962
2.221251836004466
1.7924812503605778
2.2890179898186576
2.472905595320056
1.950212064914747
2.0403733936884962
2.367111469779674
2.1800365325772657
2.251629167387823
1.9877733714879842
2.0131324651707385
2.0403733936884962
1.617189572592715
2.1280852788913944
2.004886164091843
2.4225797618424916
1.789929075309999
1.9182084341546168
2.221251836004466
2.125814583693911
2.353533948577482
2.049452072789394
2.004886164091843
2.125814583693911
2.2608203181716595
1.823067982273661
2.130926080730337
2.1650624826574854
2.1061450333085068
2.416421005126969
2.237445858924947
2.1464657985040723
1.971747257128181
2.202819531114783
2.8706918503612084
2.1887870678023824
1.7924812503605778
2.25
2.054585169337799
1.971747257128181
2.349601752714581
1.789929075309999
2.004886164091843
1.4591479170272448
2.4137995646056796
2.1426643555488485
2.0403733936884962
1.971747257128181
3.006418545491558
2.5185529507103013
2.3458519893382603
1.896240625180289
2.004886164091843
2.054585169337799
1.8919954870390203
2.345851989338261
1.971747257128181
2.199687794731328
2.2256051990169436
2.0403733936884962
2.0403733936884962
1.7924812503605778
1.9056390622295665
2.049452072789394
2.1174924611847548
2.1280852788913944
2.1353503825268683
2.128085278891394
1.867633890971212
2.0131324651707385
2.0403733936884962
1.7924812503605778
2.0
2.292481250360578
2.1800365325772657
1.836591668108979
2.359879028736861
2.0985798617120746
2.555913095175825
2.221251836004466
1.971747257128181
2.4613201402110083
1.8676338909712125
2.1416195253341384
2.0403733936884962
2.038159681645953
2.041814515501815
2.054585169337799
2.375
2.4662478973127313
2.0403733936884962
2.1280852788913944
2.1416195253341384
2.1280852788913944
2.0403733936884962
1.75
2.7792553760679404
1.789929075309999
2.199687794731328
1.867633890971212
2.292481250360578
1.8423709931771084
2.295461844238322
2.3192407046368486
2.396782221599798
2.25
1.867633890971212
2.125814583693911
1.9508257945180885
1.9986525468781666
1.855388542207534
2.148076962674361
1.9942994759573032
2.077819531114783
2.349601752714581
2.0403733936884962
2.090414359437201
2.125814583693911
1.971747257128181
2.125814583693911
2.003275102656692
2.3921472236645345
2.005977711423774
1.867633890971212
2.3329145639793976
2.221251836004466
1.789929075309999
2.146465798504072
1.7924812503605778
2.049452072789394
2.0349409139562287
1.971747257128181
2.0487949406953985
1.971747257128181
1.6644977792004614
2.311278124459133
2.2841591278514217
1.8423709931771084
2.1887870678023824
2.403677461028802
2.084962500721156
2.349601752714581
2.440404017720928
2.0403733936884962
2.1280852788913944
2.250610045120464
2.155968102145908
2.0403733936884962
2.221251836004466
2.438721875540867
2.0403733936884962
1.9852281360342516
2.384183719779189
2.148834854280917
2.1920058354921066
2.0403733936884962
2.0403733936884962
2.0933521729550124
2.051361789187549
1.7924812503605778
2.004886164091843
2.0202442071537563
1.789929075309999
2.221251836004466
2.291620193427939
2.287783719941071
2.378991986900062
1.9591479170272446
2.413890986728065
2.366079445682285
2.1920058354921066
2.3007260969051213
1.5925673991915985
1.8403801815328875
2.0349409139562287
2.221251836004466
1.7508072359050908
2.023219672335508
2.367111469779674
1.7609640474436812
1.789929075309999
2.440404017720928
2.0048861640918427
2.1690354219421173
1.7924812503605778
1.9523612813926658
1.867633890971212
2.0403733936884962
2.1712425799744226
2.229587665490599
2.199687794731328
2.4137995646056805
1.8585552118703144
2.166890062718909
2.108489205994029
1.8974080920379202
2.260820318171659
2.0349409139562287
2.317121392085726
2.077819531114783
1.896240625180289
1.6644977792004614
2.049452072789394
2.343257873344267
2.049452072789394
2.263809173883546
2.0403733936884962
2.054585169337799
1.950212064914747
2.3212808490834362
2.349601752714581
2.1406064599010723
2.0328148552068135
2.0202442071537563
2.153291231890481
1.8740217065543314
2.1273877651912745
1.8676338909712125
1.9508257945180885
1.8423709931771084
2.524397470347699
2.004886164091843
1.7924812503605778
1.7924812503605778
2.0403733936884962
1.8230264907128848
1.5279057945021017
2.199687794731328
2.247224320061398
2.004886164091843
2.3826831892554923
2.045700683733584
2.358938532350277
2.0349409139562287
1.885442867481708
1.971747257128181
2.299980989822555
2.5070139422512874
1.867633890971212
2.3208799701545795
1.8922718656836106
1.8050365325772657
2.369696689044702
1.971747257128181
2.0403733936884962
2.278351811711312
2.004886164091843
1.9591479170272446
2.0403733936884962
2.038159681645953
1.9898980954642875
2.8742533146170732
2.005977711423774
1.9182958340544896
2.004886164091843
1.789929075309999
2.1887870678023824
2.4073290582651667
2.418722908066561
1.9579393553211153
2.251629167387823
2.289246428509158
2.0874628412503395
2.431065808658476
2.263809173883546
2.0403733936884962
2.0403733936884962
2.3659637942514826
2.0274893113295236
1.971747257128181
2.004886164091843
1.8423709931771084
1.867633890971212
2.2528473736918935
1.971747257128181
1.823067982273661
1.9852281360342514
2.0403733936884962
2.437728545142357
2.292071752457787
2.221251836004466
2.292481250360578
2.2783518117113117
1.9877733714879842
2.1774212838293647
2.004886164091843
2.4428396152204086
2.0874628412503395
2.224601752714581
1.9903166968736787
2.204935594743131
1.971747257128181
1.9852281360342514
1.971747257128181
2.0403733936884962
2.2988527261581813
2.1280852788913944
2.117492461184755
1.8585552118703144
2.217021885879718
2.251629167387823
2.0216148719112956
2.5219280948873624
2.4517582841264383
2.1416195253341384
1.7841591278514217
1.7841591278514217
1.7841591278514217
2.289246428509158
2.289246428509158
2.289246428509158
1.7841591278514217
1.7841591278514217
1.7841591278514217
2.289246428509158
2.289246428509158
2.289246428509158
1.7841591278514217
1.7841591278514217
1.7841591278514217
2.289246428509158
2.289246428509158
2.289246428509158
2.0403733936884962
2.049452072789394
2.2856005389623077
2.0349409139562287
2.6915107774877747
1.789929075309999
2.349601752714581
2.199687794731328
2.0349409139562287
1.971747257128181
2.80112529536175
1.7924812503605778
2.5073801024236357
2.353533948577482
2.1149798205164814
2.1416195253341384
2.0403733936884962
1.971747257128181
2.0403733936884962
2.077819531114783
2.004886164091843
2.2877837199410704
2.139353872167201
2.3432578733442675
2.004886164091843
2.024726036394697
2.049452072789394
2.584962500721156
1.971747257128181
1.971747257128181
2.054585169337799
2.004886164091843
2.197159723424149
1.8423709931771084
2.2062389286533897
2.1280852788913944
2.5073801024236357
2.5580510765444573
2.1416195253341384
2.349601752714581
1.9628066316931743
2.251629167387823
1.7924812503605778
2.0185405934413114
2.3050365325772657
2.3232196723355076
2.544876086303668
1.9182958340544896
1.9508257945180885
1.823067982273661
2.125814583693911
1.9182958340544893
2.0403733936884962
2.1440239107574226
1.6644977792004614
2.0670314951575843
2.116299605701696
2.1887870678023824
2.0403733936884962
2.0349409139562287
2.116299605701696
1.75
2.1280852788913944
2.1920058354921066
1.971747257128181
2.460904932167797
2.4677266293116094
2.0403733936884962
2.186278124459133
2.125814583693911
2.0989295636909353
2.521782221599798
2.125814583693911
1.971747257128181
2.1174924611847548
1.9903166968736792
2.3942811477133943
2.0758692966977272
2.004886164091843
1.780672129520887
1.8799649487271108
2.2062389286533897
2.173033892020167
2.1179631753145163
1.971747257128181
1.9211854965885542
2.195084951819779
2.0403733936884962
1.7924812503605778
1.9056390622295665
1.8810947601100747
2.1887870678023824
2.463458298648303
2.0403733936884962
2.1920058354921066
2.292481250360578
1.789929075309999
2.0403733936884962
2.3942811477133943
2.0349409139562287
1.8423709931771086
2.1556390622295662
2.353533948577482
1.8585552118703144
2.1920058354921066
1.97558982848624
1.8423709931771084
2.1179631753145163
1.7924812503605778
2.1774212838293647
2.1209520310264036
1.789929075309999
2.271782221599798
2.463458298648303
1.971747257128181
2.10845859334435
2.084962500721156
1.971747257128181
2.349601752714581
2.4430741894285695
2.125814583693911
1.789929075309999
2.2664315444816965
2.196957186327418
2.0403733936884962
2.049452072789394
2.349601752714581
2.004886164091843
1.8423709931771088
2.0403733936884962
2.117492461184755
1.867633890971212
2.561289600824909
2.2766190707005447
2.199687794731328
2.0403733936884962
2.0948567835487384
1.971747257128181
2.221251836004466
2.038159681645953
1.9628066316931743
2.088758680915008
2.0403733936884962
1.798830556677354
1.870253816431622
2.260820318171659
2.353533948577482
2.049452072789394
1.8423709931771084
2.049452072789394
2.4662478973127313
1.8676338909712125
1.823067982273661
2.469670487371862
1.7709505944546688
1.971747257128181
2.4842471158614376
2.3395722619867225
2.92856238144886
2.3627402784989338
2.0403733936884962
1.971747257128181
2.148834854280917
2.292481250360578
2.0
2.038159681645953
2.0900158381432434
2.32136038144445
2.179350202453772
2.1174924611847548
2.2890179898186576
2.2026706871943627
1.8919954870390203
2.221251836004466
2.063865121950854
2.473851389610045
2.1174924611847548
2.0202442071537563
1.7924812503605778
1.9056390622295665
2.292481250360578
1.8250112108241772
2.2389205950315936
1.8423709931771084
1.9182958340544893
2.521782221599798
1.789929075309999
2.0403733936884962
1.8423709931771084
2.0403733936884962
2.221251836004466
2.128085278891394
2.2627834289765825
2.0403733936884962
2.5
2.3253314601288064
2.556656707462823
1.9751060324573733
2.263809173883546
1.8250112108241772
1.971747257128181
2.0403733936884962
2.0403733936884962
2.0461796919474975
2.004886164091843
2.004886164091843
1.8676338909712125
1.971747257128181
2.049452072789394
2.219240704636849
2.1492553971684996
2.058813890331201
2.004886164091843
2.049452072789394
2.35845859334435
2.227443890613301
2.1623687835735015
2.049452072789394
2.0875766428471136
2.004886164091843
2.345851989338261
1.9160563421790617
1.9772354454083079
2.0403733936884962
2.054585169337799
2.1280852788913944
1.7924812503605778
2.1179631753145163
2.473851389610045
2.406666316740689
1.971747257128181
2.1440239107574226
2.224601752714581
2.0403733936884962
2.3619890537563726
2.125814583693911
2.004886164091843
2.6284866064467636
2.5559130951758244
2.4410685859554375
1.971747257128181
2.463458298648303
2.219240704636849
1.971747257128181
2.2492870686521593
2.221251836004466
1.6786412049056305
2.5545851693377997
1.9232196723355077
2.291620193427939
2.054585169337799
2.128085278891394
2.0403733936884962
2.2816696599988737
2.199687794731328
1.4591479170272446
2.353533948577482
2.102187170949333
1.971747257128181
2.1280852788913944
2.488403899223372
2.072905595320056
2.278351811711312
1.9115339911368303
2.077819531114783
1.4591479170272448
1.9508257945180885
1.8423709931771084
2.005977711423774
1.8423709931771084
1.971747257128181
1.971747257128181
1.8843135277997989
2.0403733936884962
1.950212064914747
2.4729055953200563
1.5566567074628228
2.0875766428471136
2.224601752714581
2.3050365325772657
2.1280852788913944
1.789929075309999
1.9852281360342516
2.1280852788913944
2.0048861640918427
2.217021885879718
2.049452072789394
2.1739731346044096
1.9591479170272446
1.771829026151402
2.489741696619153
2.0267493973401858
2.4137995646056805
2.0989295636909353
1.75
1.9877733714879842
2.1774212838293647
2.339572261986723
2.1824562508413488
1.789929075309999
2.271782221599798
2.049452072789394
1.8676338909712125
2.2037016960573483
1.896240625180289
2.130926080730337
2.0875261906574916
2.199687794731328
2.114805144339332
1.8710191208788398
2.3627402784989338
2.219240704636849
2.08898234413051
2.556656707462823
1.971747257128181
2.054585169337799
1.8676338909712125
2.206238928653389
2.08746284125034
2.1280852788913944
2.1735572622751853
1.971747257128181
1.8423709931771084
2.119240704636849
1.780672129520887
1.823067982273661
2.278351811711312
2.1583445441575106
2.2492870686521593
2.643691377953316
2.3594559773258243
2.125814583693911
2.4225797618424916
2.1556390622295662
1.867633890971212
2.0403733936884962
1.823067982273661
2.0403733936884962
2.145136370153053
2.1280852788913944
2.411509198419911
2.125814583693911
1.867633890971212
1.789929075309999
2.0403733936884962
1.8423709931771084
2.0403733936884962
2.216521698179525
2.375
2.292481250360578
1.9274917740667208
1.8438561897747248
2.199687794731328
2.0403733936884962
2.378991986900062
2.251629167387823
2.359879028736861
2.125814583693911
2.1280852788913944
2.0324876891689536
1.9504809632118365
1.5304930567574824
2.606238928653389
2.270942421748537
1.9814963295286754
2.349601752714581
1.8423709931771084
2.1920058354921066
1.8585552118703144
2.1280852788913944
1.9877733714879842
1.8810947601100747
2.049452072789394
2.0403733936884962
2.10558726169826
2.146465798504072
1.4591479170272448
2.1416195253341384
2.234201009820717
1.789929075309999
2.1416195253341384
2.125814583693911
1.994680368408909
2.390863696857044
2.1234786725698864
2.054585169337799
2.577819531114783
1.971747257128181
2.0403733936884962
2.260820318171659
2.256429137585441
1.9918752275048153
1.953984548143494
2.5073403492708315
2.3192407046368486
2.146465798504072
2.049452072789394
1.9015064025015063
2.251629167387823
1.8919954870390203
1.789929075309999
2.0729055953200564
1.971747257128181
1.8676338909712125
2.0
2.0199730940219753
1.8676338909712125
2.081706277574314
2.199687794731328
1.7924812503605778
2.260820318171659
1.867633890971212
1.971747257128181
2.1180782093497093
2.217021885879718
1.971747257128181
1.9508257945180885
2.2841591278514217
2.000080876099379
1.789929075309999
2.2192407046368485
2.646782221599798
2.0
2.004886164091843
2.0854752972273345
1.867633890971212
1.7924812503605778
2.739572261986723
2.3458519893382603
2.2389205950315936
2.2698157169987727
2.6812763696025814
2.1920058354921066
2.3246841191945378
1.8423709931771084
2.146782221599798
1.971747257128181
2.004886164091843
1.75
2.1280852788913944
2.1280852788913944
1.4591479170272448
1.6644977792004614
2.705368757768257
2.221251836004466
2.022579761842491
2.4809381138541116
1.8676338909712125
2.3134597501718237
2.292481250360578
1.9877733714879842
2.116299605701696
2.2890179898186576
2.2516291673878226
2.078673775785312
2.25
2.091917186688699
2.038159681645953
2.0403733936884962
2.4515107774877753
2.1179631753145163
1.9182958340544893
2.1837548319239213
1.9211854965885542
1.8195652530314352
1.968241790913703
2.6484479654099706
1.9211796919474975
2.039353872167201
2.128085278891394
1.9591479170272446
2.058813890331201
2.4466166676282084
2.0403733936884962
2.353533948577482
2.2492870686521593
1.971747257128181
2.614369445886757
2.4137995646056805
2.5073801024236357
1.7924812503605778
2.054585169337799
2.2062389286533897
2.123219672335508
2.146465798504072
1.9182958340544893
2.021782221599798
2.440404017720928
2.5580510765444577
2.064042639445697
2.049452072789394
2.251629167387823
2.125814583693911
2.0550365325772657
2.3068905956085186
1.971747257128181
2.054585169337799
2.064042639445697
1.918208434154617
2.263809173883546
1.971747257128181
2.133937566094917
2.199687794731328
2.2311631569121397
1.8676338909712125
2.2415419333359274
2.0805005306402675
1.7527152789797045
2.058813890331201
2.2988252450030506
2.054585169337799
2.495061533463234
2.2096909728231857
1.971747257128181
2.0403733936884962
2.1280852788913944
2.521782221599798
2.049452072789394
2.049452072789394
2.463458298648303
1.7924812503605778
1.896240625180289
1.75
2.1174924611847548
2.5341468438052397
2.0804820237218404
1.7924812503605778
1.789929075309999
2.199687794731328
2.054585169337799
2.224601752714581
2.0
2.111095787753339
2.3627402784989338
2.350209029099897
1.7924812503605778
2.217021885879718
1.867633890971212
2.1280852788913944
2.0403733936884962
2.0979931624271395
2.1054105870684143
2.2627834289765825
1.918208434154617
2.004886164091843
1.781937063546704
1.9508257945180885
1.823067982273661
2.1393538721672005
2.216521698179525
1.9182958340544893
1.9591479170272446
2.48345859334435
1.789929075309999
2.0403733936884962
2.2608203181716595
1.811278124459133
1.8676338909712125
2.128085278891394
2.0283432797571144
1.9437519544205017
1.8262452584026092
2.2504763929691367
2.1920058354921066
2.1658942083900237
2.406666316740689
1.823067982273661
2.521782221599798
1.9591479170272446
2.2200683022340693
1.7527152789797047
2.1280852788913944
2.004886164091843
2.221251836004466
2.292481250360578
2.004886164091843
1.971747257128181
2.002755067189044
2.004886164091843
2.004886164091843
2.1920058354921066
1.971747257128181
1.823067982273661
1.9508257945180885
2.1916116417513782
2.1353503825268683
2.145136370153053
1.823067982273661
2.148834854280917
2.0989295636909353
2.5580510765444573
2.1556390622295662
2.2030713060627085
2.60845859334435
2.2841591278514217
1.584962500721156
1.896240625180289
1.971747257128181
2.049452072789394
2.2359263506290326
2.1280852788913944
2.4943865446197475
2.0403733936884962
2.0
2.075869296697727
2.054585169337799
1.8799649487271108
2.1416195253341384
2.1416195253341384
1.8423709931771084
2.0
2.353533948577482
2.1440239107574226
2.551269362922251
1.9508257945180885
2.199687794731328
1.780672129520887
2.004886164091843
1.9877733714879842
2.049452072789394
1.8585552118703144
2.153291231890481
1.6644977792004614
2.2841591278514217
2.2149798205164815
2.353533948577482
2.263809173883546
1.9473387961875537
2.1280852788913944
1.9182958340544896
1.7924812503605778
2.8091258875773395
1.9877733714879842
1.9746017527145812
1.8553885422075338
2.1179631753145163
2.0403733936884962
1.667054278117316
2.054585169337799
2.0403733936884962
1.971747257128181
2.4834585933443494
2.2062389286533897
2.148834854280917
1.5566567074628228
2.353533948577482
2.0403733936884962
2.9612366047228758
2.0403733936884962
2.0403733936884962
2.0403733936884962
1.855388542207534
1.8676338909712125
2.1920058354921066
2.694397994096221
1.8703403030854326
2.217021885879718
2.2062389286533897
1.9220231428515733
2.004886164091843
1.9508257945180885
1.9591479170272446
1.867633890971212
2.3227569588973984
2.022579761842491
2.0989295636909353
2.1179631753145163
2.271782221599798
2.054585169337799
2.696199049814856
1.8262452584026092
2.199687794731328
1.9877733714879842
2.440404017720928
1.9182958340544893
1.7924812503605778
2.0403733936884962
2.002755067189044
2.195223828139826
2.5032583347756456
2.365596230357602
2.33012496531497
1.772713930181622
2.021782221599798
2.646782221599798
1.9763915008231625
2.1920058354921066
2.125814583693911
2.0
2.1054086502491964
2.1906616522333264
2.038760752862686
2.0349409139562287
2.125814583693911
2.292481250360578
1.8676338909712125
1.6644977792004614
1.9182958340544893
2.292481250360578
2.3627402784989338
2.7831172166879408
2.0403733936884962
2.739572261986723
2.0403733936884962
2.4708052768899407
1.789929075309999
1.836591668108979
2.2220099139027734
2.074164743022575
1.8423709931771084
2.349601752714581
2.353533948577482
1.971747257128181
2.1735572622751858
1.8170594523438588
2.350209029099897
2.2841591278514217
1.811278124459133
2.004886164091843
1.971747257128181
2.1280852788913944
2.448145764522964
2.0403733936884962
2.0721613901964884
1.8423709931771084
1.9182958340544896
1.8585552118703144
2.0670314951575843
2.292481250360578
2.0403733936884962
2.221251836004466
1.5304930567574826
2.2516291673878226
2.0848457062849866
2.0059067792576335
1.9182958340544893
1.9591479170272446
2.2256051990169436
1.971747257128181
2.278351811711312
2.049452072789394
2.1280852788913944
2.0404173345768752
2.2856005389623077
2.3805008600064506
1.9877733714879842
2.533771256064557
1.8676338909712125
1.9182958340544893
1.867633890971212
2.049452072789394
2.075869296697727
2.1280852788913944
2.6062389286533896
2.473851389610045
1.867633890971212
2.004886164091843
2.6756981353679867
1.7924812503605778
2.4613201402110083
2.0349409139562287
1.823067982273661
2.1280852788913944
1.971747257128181
2.4609049321677965
1.971747257128181
2.0403733936884962
2.004886164091843
2.049452072789394
2.2877837199410704
2.327632809290636
2.606238928653389
2.0403733936884962
2.260964047443681
1.971747257128181
2.1920058354921066
2.3627402784989338
2.0048861640918427
1.9508257945180885
2.145136370153053
2.049452072789394
1.9160563421790617
2.386266142526533
2.606238928653389
2.1280852788913944
2.473851389610045
2.1280852788913944
2.038159681645953
1.7924812503605778
2.128085278891394
2.2608203181716595
2.4634582986483036
1.8585552118703144
1.971747257128181
2.0989295636909353
1.971747257128181
2.049452072789394
2.463458298648303
2.1054105870684143
1.823067982273661
2.4305946180235427
2.399627536341357
2.004886164091843
2.004886164091843
2.125814583693911
2.049452072789394
2.004886164091843
2.004886164091843
1.789929075309999
1.789929075309999
1.789929075309999
1.789929075309999
2.221251836004466
2.049452072789394
2.049452072789394
1.823067982273661
2.049452072789394
2.049452072789394
2.0403733936884962
1.9508257945180885
2.3609640474436815
2.221251836004466
2.064042639445697
2.4276942711037672
1.9591479170272446
1.965596230357602
1.8423709931771084
2.0403733936884962
2.263809173883546
2.0403733936884962
1.856564762130954
2.0403733936884962
2.2841591278514217
1.5304930567574826
2.049452072789394
2.1280852788913944
2.349601752714581
2.0403733936884962
1.867633890971212
2.374556048381884
2.3627402784989338
1.9877733714879842
2.148834854280917
1.867633890971212
2.3787753681456
2.0403733936884962
2.0403733936884962
2.049452072789394
1.789929075309999
1.8799649487271108
2.199687794731328
1.9238561897747248
1.9669171866886992
2.4630630260450057
2.303701696057348
1.9508257945180885
1.8675769461761949
1.971747257128181
2.251629167387823
1.9508257945180885
2.3921472236645345
2.368547776483758
2.5785519909913264
1.823067982273661
1.789929075309999
2.270942421748537
2.552219701073022
1.950212064914747
2.0524212838293647
2.0634582986483037
2.1280852788913944
1.971747257128181
2.0403733936884962
2.60282393416961
2.062683189255492
2.2051099000738694
2.0403733936884962
1.7550118241789239
2.5580510765444573
1.867633890971212
2.1818990579175606
1.867633890971212
2.887210311338978
1.971747257128181
1.971747257128181
1.871602261409798
2.004886164091843
2.0403733936884962
1.9182958340544893
2.018002954302681
1.9508257945180885
2.403677461028802
2.345851989338261
1.8676338909712125
1.789929075309999
1.8676338909712125
2.064042639445697
2.0705934438130758
1.7527152789797045
2.2256051990169436
2.0524212838293647
1.949526332323075
2.130926080730337
2.0403733936884962
2.1887870678023824
2.1967916319816365
1.8565647621309542
1.8810947601100747
1.75
2.601227480952956
2.48345859334435
2.1416195253341384
1.8423709931771084
2.038159681645953
2.0403733936884962
1.8339272176418302
1.8676338909712125
1.971747257128181
2.0131324651707385
1.9508257945180885
2.463458298648303
1.9056390622295665
2.917820219041696
2.077819531114783
2.1920058354921066
1.9508257945180885
2.125814583693911
1.7609640474436812
2.091917186688699
2.287783719941071
2.292481250360578
2.2810361125534233
2.089003828777592
2.049452072789394
2.495461844238322
2.2492870686521593
1.867633890971212
1.823067982273661
2.049452072789394
2.292481250360578
2.7096856969120644
1.971747257128181
2.5820599105802575
1.971747257128181
1.823067982273661
1.9877733714879842
1.7841591278514217
2.004886164091843
1.9591479170272446
1.9591479170272446
2.1559681021459083
1.9116983055555123
2.054585169337799
1.8676338909712125
2.0048861640918427
2.0479754128927454
1.9182958340544893
1.9211854965885542
2.287783719941071
2.286379186236942
2.192005835492107
1.867633890971212
2.165619291315566
2.0403733936884962
2.2080941672928383
2.3354070064198638
2.0524212838293647
2.0524212838293647
2.0524212838293647
2.26978621047893
2.116299605701696
2.172493520860858
2.098579861712074
1.9232196723355077
1.965596230357602
1.971747257128181
2.125814583693911
2.148834854280917
1.7295739585136223
1.7295739585136223
2.0403733936884962
1.7295739585136223
1.7295739585136223
1.971747257128181
1.9508257945180885
1.7295739585136223
1.7295739585136223
1.7295739585136223
1.7295739585136223
1.7295739585136223
1.7295739585136223
1.7295739585136223
1.7295739585136223
1.7295739585136223
1.7295739585136223
1.9852281360342514
1.896240625180289
2.33012496531497
2.6647176038135805
2.0349409139562287
2.199687794731328
1.8423709931771084
1.7841591278514217
2.0403733936884962
1.7527152789797045
2.0403733936884962
2.403677461028802
1.7924812503605778
1.9591479170272446
2.0294069451656007
1.8773870642966133
2.0403733936884962
2.1280852788913944
2.1440239107574226
1.789929075309999
2.1174924611847548
2.1416195253341384
1.9182958340544893
1.8423709931771084
2.0403733936884962
2.279799131837405
2.2096909728231857
2.424549118527369
2.251629167387823
2.217021885879718
2.1416195253341384
2.049452072789394
1.867633890971212
1.8676338909712125
1.6644977792004614
2.0403733936884962
1.8423709931771084
2.0349409139562287
2.1920058354921066
2.23345859334435
2.0403733936884962
2.054585169337799
2.0358013325664084
2.282588730501833
2.049452072789394
2.145054798865899
1.823067982273661
1.8843135277997989
1.7924812503605778
2.0403733936884962
1.7924812503605778
2.1280852788913944
2.279799131837405
1.867633890971212
2.0403733936884962
2.0403733936884962
1.8676338909712125
2.2399351903050047
2.1920058354921066
2.0403733936884962
2.1920058354921066
2.2841591278514217
1.896240625180289
2.0403733936884962
2.0403733936884962
2.2485731395538666
1.971747257128181
2.0403733936884962
2.5545851693377997
1.9628066316931743
2.0403733936884962
2.292481250360578
2.3627402784989338
2.1800365325772657
2.270942421748537
1.780672129520887
2.2546438663169983
1.8654371053199075
2.3450024623907213
2.063202513215852
2.6307744496378396
1.789929075309999
2.004886164091843
1.867633890971212
2.0461265251389995
1.971747257128181
1.971747257128181
2.1511197773146975
2.327695467279397
1.9877733714879842
1.7295739585136223
2.016875695766564
2.016875695766564
2.279799131837405
2.016875695766564
2.016875695766564
2.4602178514411284
2.004886164091843
2.175646899398185
2.044556998549881
2.0225797618424917
2.260964047443681
1.8250112108241772
2.063558608511122
1.8585552118703144
1.8676338909712125
2.0403733936884962
1.8676338909712125
2.0403733936884962
2.049452072789394
1.7841591278514217
2.0403733936884962
2.049452072789394
1.9591479170272446
1.971747257128181
2.146782221599798
2.004886164091843
2.146465798504072
1.968873874720721
1.971747257128181
2.1405180562767114
1.8879185026711327
1.7924812503605778
2.1559681021459083
1.9182958340544893
2.146465798504072
2.251629167387823
1.9591479170272446
1.867633890971212
1.9508257945180885
2.225605199016944
2.053953744788256
2.075074223172834
2.0403733936884962
2.1800365325772657
2.257606878811597
2.292481250360578
2.125814583693911
2.1280852788913944
2.054585169337799
2.3515937233487554
1.896240625180289
2.143891859970535
2.349601752714581
1.8423709931771084
1.896240625180289
2.058813890331201
2.378991986900062
2.2841591278514217
2.038159681645953
2.1054105870684143
1.8423709931771084
2.4416298737872246
1.7841591278514217
2.390863696857044
1.971747257128181
2.049452072789394
2.167124282150162
1.8676338909712125
1.9508257945180885
2.217021885879718
1.9953006356415484
1.971747257128181
1.5566567074628228
2.1607047528877827
1.7924812503605778
2.054585169337799
2.1920058354921066
1.7043494289560508
1.926868017501744
2.125814583693911
2.2758361633051267
2.727827977513181
1.811278124459133
2.1179631753145163
1.971747257128181
1.8810947601100747
1.9502120649147467
2.004886164091843
1.8810947601100747
2.251629167387823
2.128085278891394
1.7187828921272557
2.146465798504072
2.0458416408851736
2.0458416408851736
2.0458416408851736
2.0458416408851736
2.199687794731328
2.224601752714581
2.0
2.3100914581544134
1.9338435730423518
1.4367859777338063
2.065689969525019
1.965596230357602
2.34232899068597
1.8676338909712125
1.9182958340544893
2.049452072789394
2.049452072789394
1.7924812503605778
1.867633890971212
2.292481250360578
2.1174924611847548
2.1280852788913944
1.9473387961875537
2.128085278891394
2.049452072789394
2.0393538721672004
2.0349409139562287
2.054585169337799
2.1416195253341384
2.33012496531497
2.054585169337799
1.8676338909712125
2.2232196723355075
2.120952031026403
1.789929075309999
1.9653059184883495
1.789929075309999
2.220068302234069
2.080500530640267
2.1416195253341384
1.867633890971212
2.5
1.8676338909712125
1.9508257945180885
1.7924812503605778
1.9591479170272446
1.9197367178034825
2.058813890331201
2.125814583693911
2.1280852788913944
2.1280852788913944
1.789929075309999
2.125814583693911
2.049452072789394
2.289246428509158
2.292481250360578
2.054585169337799
2.1280852788913944
2.130926080730337
1.971747257128181
1.7924812503605778
1.9182958340544893
2.2601202944325878
1.971747257128181
2.4237949406953985
2.1416195253341384
1.9182958340544893
2.0403733936884962
2.2200683022340693
1.867633890971212
2.125814583693911
2.05621500939744
1.9877733714879842
1.941645521915528
1.789929075309999
2.0805005306402675
2.1609640474436813
1.8810947601100747
2.263809173883546
2.045826499391892
1.8822287189138016
2.1800365325772657
1.789929075309999
1.7295739585136223
2.0825518169307426
1.8262452584026092
2.2689514679169607
2.0403733936884962
1.971747257128181
2.199687794731328
2.0403733936884962
1.8163401138534077
2.289246428509158
2.038159681645953
2.457717469130148
1.971747257128181
2.339572261986723
2.0403733936884962
2.0403733936884962
2.004886164091843
2.0403733936884962
2.217021885879718
2.3050365325772657
2.33012496531497
2.117492461184755
1.971747257128181
2.1887870678023824
1.789929075309999
1.7924812503605778
2.2983094013008034
2.049452072789394
2.289246428509158
2.521782221599798
2.1280852788913944
2.1920058354921066
2.058813890331201
2.287783719941071
1.6644977792004614
1.9508257945180885
2.457717469130148
2.3627402784989338
2.225610814520738
2.349601752714581
2.292481250360578
1.7924812503605778
2.2841591278514217
1.6846696209693477
2.221251836004466
1.4926482637085994
1.971747257128181
2.0403733936884962
1.8919954870390203
2.2856005389623073
2.0403733936884962
2.221251836004466
2.0403733936884962
1.971747257128181
2.0403733936884962
1.8676338909712125
2.375
1.7924812503605778
1.8676338909712125
2.0403733936884962
2.221251836004466
1.8585552118703144
2.1179631753145163
1.867633890971212
2.1967916319816365
2.2856005389623073
2.0403733936884962
2.278351811711312
1.9528195311147831
2.556656707462823
2.3458519893382603
1.75
2.0
2.0314571599048095
1.7394098952052535
2.287783719941071
2.0403733936884962
2.469670487371862
2.662550068044581
2.221251836004466
2.318189694898708
2.1800365325772657
2.495602923729013
2.169925001442312
1.9393538721672008
2.229473298359841
2.1426831892554925
2.146782221599798
2.077819531114783
2.4837994841127906
2.1832350842552666
2.0225797618424917
2.0403733936884962
1.965596230357602
2.075869296697727
2.038159681645953
2.2878662772365086
2.3942811477133943
2.1416195253341384
2.038760752862686
2.353533948577482
2.128085278891394
1.867633890971212
2.1440239107574226
2.0225797618424917
2.1887870678023824
2.436278124459133
1.5
2.0461796919474975
1.805475652594111
2.7744998774912792
1.6767370300521327
2.17347613770566
1.971747257128181
2.0403733936884962
1.4591479170272448
1.8627480233646025
2.5839259400536587
2.0403733936884962
2.5032583347756456
2.4634582986483036
2.7664578353359017
1.9182958340544893
1.971747257128181
2.084962500721156
2.1258145836939115
1.4591479170272448
2.1179631753145163
2.0403733936884962
1.789929075309999
2.054585169337799
2.521782221599798
2.1280852788913944
2.004886164091843
2.0403733936884962
2.054585169337799
1.7474130395316416
1.971747257128181
1.8423709931771084
2.182321322410861
2.2132982820604443
2.0
2.199687794731328
1.9746017527145812
2.436278124459133
2.2516291673878226
2.217021885879718
2.0403733936884962
2.072905595320056
2.128085278891394
2.148834854280917
1.896240625180289
1.867633890971212
2.0992365361682794
2.049452072789394
2.651793902628769
1.896240625180289
2.2109736165067546
2.1054105870684143
1.8423709931771088
2.606238928653389
1.971747257128181
2.0048861640918427
1.8676338909712125
1.867633890971212
2.463458298648303
2.1556390622295662
2.432970309385004
2.221251836004466
1.7924812503605778
2.054585169337799
1.7924812503605778
1.8423709931771084
2.054585169337799
1.789929075309999
1.879964948727111
1.8810947601100747
1.971747257128181
2.0670314951575843
2.146465798504072
2.146465798504072
2.146465798504072
2.146465798504072
1.9854752972273344
2.146465798504072
2.146465798504072
2.146465798504072
2.146465798504072
2.133937566094917
2.133937566094917
2.146465798504072
2.146465798504072
2.146465798504072
2.146465798504072
2.099601752714581
2.099601752714581
2.146465798504072
2.146465798504072
2.146465798504072
2.146465798504072
2.099601752714581
2.099601752714581
2.30827083453526
2.133937566094917
2.133937566094917
1.6577427265048887
1.971747257128181
2.1037016960573482
2.521782221599798
2.2627834289765825
2.0403733936884962
1.9877733714879842
2.0403733936884962
2.2200683022340693
2.0403733936884962
2.0403733936884962
1.9591479170272446
2.075869296697727
2.199687794731328
2.054585169337799
2.004886164091843
1.971747257128181
2.0403733936884962
1.971747257128181
1.9182958340544896
2.128085278891394
2.292481250360578
2.1055872616982603
2.2275343340059806
2.0403733936884962
2.251629167387823
1.9182958340544893
2.1174924611847548
1.971747257128181
1.7924812503605778
2.1280852788913944
2.0580531366523855
2.4014473774842418
2.077819531114783
1.9751060324573733
2.0403733936884962
1.971747257128181
1.9508257945180885
1.823067982273661
2.120952031026403
2.0403733936884962
2.403677461028802
2.251629167387823
2.125814583693911
1.971747257128181
1.81294527625988
1.9182958340544893
2.463458298648303
2.403677461028802
2.0403733936884962
2.221251836004466
2.217021885879718
1.9508257945180885
2.219240704636849
2.2588300735571116
2.004886164091843
1.8423709931771088
2.196957186327418
2.262362377388257
2.0979931624271395
1.8565647621309542
2.5634648712250883
1.971747257128181
1.971747257128181
2.1440239107574226
2.074164743022575
2.1040437177782714
2.0403733936884962
2.7314310535916833
2.0741647430225756
2.054585169337799
1.8676338909712125
2.125814583693911
1.9508257945180885
2.2608203181716595
1.9508257945180885
2.2841591278514217
2.339572261986723
1.896240625180289
1.9182958340544893
1.9248240667373948
2.1413620929552066
2.3253314601288055
2.239097917988786
1.855388542207534
2.2983094013008034
2.117492461184755
2.021782221599798
2.5073801024236357
2.2096909728231857
1.8773870642966133
1.971747257128181
2.353533948577482
2.1887870678023824
1.9972264631946564
2.347312051491349
2.3432578733442675
2.4729055953200563
2.2472863073703766
1.971747257128181
1.811278124459133
2.1280852788913944
2.0670314951575843
1.4591479170272448
2.2890179898186576
2.3395722619867225
2.3991303913908
1.7924812503605778
1.8496017527145812
1.8496017527145812
1.8496017527145812
1.8496017527145812
1.9628754146415786
1.8423709931771084
1.971747257128181
2.0403733936884962
2.0403733936884962
1.896240625180289
2.0
1.8676338909712125
1.896240625180289
1.914341183612352
2.33012496531497
2.221251836004466
2.1149798205164814
2.0048861640918427
2.224601752714581
1.823067982273661
1.8585552118703144
2.4389865757567715
2.084962500721156
2.038159681645953
2.406666316740689
2.049452072789394
1.926868017501744
1.9751060324573733
2.0
2.353533948577482
2.2806390622295662
1.971747257128181
2.279799131837405
1.8676338909712125
1.867633890971212
2.4613201402110083
2.1179631753145163
2.0545851693377997
1.4591479170272448
2.0403733936884962
2.8308409605485534
2.199687794731328
1.971747257128181
2.774397470347699
2.1280852788913944
2.038159681645953
2.1280852788913944
2.2841591278514217
2.1622301466508205
1.896240625180289
1.8585552118703144
2.125
2.0199730940219753
2.1280852788913944
2.1607047528877827
1.7924812503605778
1.971747257128181
1.8423709931771084
2.2890179898186576
2.1084418536841736
1.8464393446710154
2.054585169337799
2.33012496531497
1.6589797521242051
2.646782221599798
2.217021885879718
2.080500530640267
1.8423709931771084
2.2627834289765825
2.403677461028802
2.1464657985040723
2.1280852788913944
2.0349409139562287
2.049452072789394
2.295465679180291
2.5306390622295662
2.199687794731328
2.038159681645953
2.2660528684552537
1.9591479170272446
2.584962500721156
2.045841640885174
2.0814963295286755
2.1920058354921066
2.4137995646056805
2.004886164091843
2.049452072789394
1.823067982273661
2.0403733936884962
1.780672129520887
1.780672129520887
1.9334975949679492
1.8423709931771088
2.049452072789394
2.1280852788913944
2.1020906748558494
2.0403733936884962
2.289246428509158
2.271782221599798
1.7924812503605778
2.0804820237218404
2.0345723658114663
1.9942994759573032
2.054585169337799
2.1280852788913944
2.6804243449594782
2.495602923729013
2.1280852788913944
1.8676338909712125
2.292481250360578
2.0403733936884962
1.8423709931771086
2.409233310722969
2.0805005306402675
2.039353872167201
1.9877733714879842
2.180387732845587
2.0854752972273345
1.7561489336858491
1.823067982273661
2.1967916319816365
2.054585169337799
2.054585169337799
2.0349409139562287
2.199687794731328
1.950212064914747
1.971747257128181
2.0403733936884962
2.2062389286533897
2.3627402784989338
2.0403733936884962
2.221251836004466
1.9591479170272446
2.0403733936884962
1.9591479170272446
2.292481250360578
2.0458416408851736
1.871602261409798
2.0403733936884962
1.811278124459133
2.0403733936884962
2.1405180562767114
1.8423709931771088
2.057924310831006
2.2516144718101816
2.4137995646056805
1.7924812503605778
1.809200032697812
2.0
1.789929075309999
1.6500224216483543
2.0403733936884962
2.021782221599798
1.8577174691301483
2.084962500721156
1.789929075309999
2.291620193427939
2.146782221599798
2.004886164091843
1.9301249653149701
1.7841591278514217
2.0403733936884962
1.8423709931771088
1.823067982273661
2.004886164091843
2.289246428509158
1.8318599943722043
1.9746017527145812
2.1739731346044096
1.823067982273661
2.0349409139562287
1.8423709931771084
1.789929075309999
2.130926080730337
2.4137995646056796
2.345851989338261
1.9814963295286754
2.217021885879718
2.0403733936884962
2.289246428509158
2.0403733936884962
2.0403733936884962
2.0989295636909353
1.8814099964358766
2.004886164091843
2.0
2.1967916319816365
1.8423709931771084
1.789929075309999
2.221251836004466
1.971747257128181
1.7924812503605778
1.9211796919474975
2.4137995646056805
2.292481250360578
2.251629167387823
2.145136370153053
2.054585169337799
2.1440239107574226
2.2362641041948645
2.1174924611847548
2.263809173883546
2.0
2.1887870678023824
1.9628150414142904
1.789929075309999
1.971747257128181
1.8676338909712125
1.896240625180289
1.9591479170272446
2.1751764293520988
2.004886164091843
2.332914563979398
1.9056390622295665
2.2877837199410704
2.1405180562767114
2.272808148826652
1.8423709931771084
2.1179631753145163
2.521782221599798
1.7924812503605778
2.291795151644287
1.811278124459133
1.8423709931771084
2.5
2.084962500721156
2.1967916319816365
2.0662478973127314
2.33012496531497
1.5709505944546687
2.146782221599798
2.0403733936884962
1.7924812503605778
1.896240625180289
2.084962500721156
1.780672129520887
2.054585169337799
2.049452072789394
1.971747257128181
1.969389419529156
1.8975880200290878
2.0148916471343417
1.9814963295286754
2.2841591278514217
2.059913264809729
1.971747257128181
1.8262452584026092
1.789929075309999
2.049452072789394
2.4696844590546907
2.4764733149025266
1.9508257945180885
1.9526832779469112
2.0
2.278351811711312
2.1280852788913944
1.971747257128181
2.6048074635028677
2.1055872616982603
1.7841591278514217
2.1280852788913944
1.9393538721672008
2.2890179898186576
2.1920058354921066
2.0458416408851736
1.971747257128181
2.0403733936884962
2.1280852788913944
2.0403733936884962
2.049452072789394
1.4591479170272448
2.353810979580011
2.0
2.0403733936884962
2.221251836004466
2.0349409139562287
2.117492461184755
1.8423709931771084
1.9182958340544893
2.0403733936884962
2.049452072789394
2.1800365325772657
1.811278124459133
1.8423709931771088
1.789929075309999
2.2841591278514217
2.350209029099897
1.896240625180289
1.971747257128181
1.8879185026711327
1.971747257128181
1.7425416913014387
2.0979931624271395
1.786080697230572
2.2608203181716595
1.8423709931771084
1.971747257128181
1.9528195311147831
1.8799649487271108
2.064042639445697
1.971747257128181
2.1280852788913944
1.896240625180289
2.049452072789394
1.7924812503605778
1.896240625180289
1.9182958340544893
2.2516144718101816
1.9015064025015063
2.0403733936884962
1.7527152789797045
1.9528195311147831
2.0
2.0
1.789929075309999
1.971747257128181
1.9787966368594059
1.971747257128181
2.022106112739839
2.0048861640918427
1.789929075309999
2.0458416408851736
1.9764892117991657
2.1868085945630504
2.646782221599798
2.192005835492107
2.260820318171659
1.9508257945180885
2.219240704636849
2.054585169337799
2.935698780751651
1.8423709931771088
2.054585169337799
1.9560863386339549
2.463458298648303
2.2988252450030506
2.0403733936884962
2.199687794731328
2.185475297227334
1.9877733714879842
1.7924812503605778
2.125814583693911
1.789929075309999
1.823067982273661
1.8810947601100747
2.4907153910374427
1.9877733714879842
1.8676338909712125
2.0349409139562287
1.8879185026711327
2.390863696857044
2.091917186688699
2.2608203181716595
2.064042639445697
2.260820318171659
2.292481250360578
1.7221230673051187
2.004886164091843
2.2062389286533897
1.6753551667355713
2.1609640474436813
2.212503842372268
2.1280852788913944
2.0403733936884962
2.125814583693911
2.0403733936884962
2.359879028736861
2.0403733936884962
2.4137995646056805
1.971747257128181
1.971747257128181
2.2096909728231857
1.867633890971212
2.4137995646056796
1.867633890971212
1.867633890971212
1.8423709931771084
2.1440239107574226
2.0
2.5073801024236357
2.3627402784989338
1.9814963295286754
2.330094843050015
2.349601752714581
2.1174924611847548
2.4796275363413565
2.011920928594794
1.9528195311147831
2.004886164091843
2.4294945204514447
1.8676338909712125
2.054585169337799
2.038159681645953
2.2841591278514217
2.0403733936884962
1.8676338909712125
2.049452072789394
1.867633890971212
2.52473261568954
2.199687794731328
2.0403733936884962
1.867633890971212
2.103909910282364
2.3432578733442675
1.971747257128181
2.0202442071537563
2.0403733936884962
1.7924812503605778
2.279799131837405
2.119973094021975
2.004886164091843
2.1280852788913944
2.8274496935861997
1.9508257945180885
1.9526832779469112
2.25
2.064042639445697
2.1556390622295662
2.054585169337799
2.0403733936884962
2.1280852788913944
2.233997907838827
1.7924812503605778
2.239097917988786
2.1179631753145163
1.789929075309999
2.614369445886757
2.125814583693911
1.8843135277997989
2.4164997849817103
1.971747257128181
1.9329145639793976
1.9877733714879842
2.049452072789394
2.2841591278514217
2.0403733936884962
1.971747257128181
2.049452072789394
2.292481250360578
1.9508257945180885
1.789929075309999
1.971747257128181
2.0403733936884962
1.971747257128181
2.1055872616982603
2.3959988705348416
1.927451224964519
2.049452072789394
2.169925001442312
1.96981578242681
1.971747257128181
2.054585169337799
2.209556147485661
2.353533948577482
2.4404040177209283
2.004886164091843
2.1485873355948595
2.038159681645953
2.3355055565170972
1.9508257945180885
2.004886164091843
1.896240625180289
2.125814583693911
2.064042639445697
2.0131324651707385
2.0
1.971747257128181
2.5785519909913264
2.396782221599798
2.2841591278514217
2.221251836004466
2.004886164091843
1.9877733714879842
2.1967916319816365
2.0458416408851736
2.350209029099897
2.054585169337799
2.3050365325772657
2.004886164091843
2.0403733936884962
2.4842551447947985
2.075869296697727
2.225610814520738
1.971747257128181
2.484255144794799
1.7924812503605778
2.049452072789394
1.8676338909712125
2.4613201402110083
2.0403733936884962
2.199687794731328
1.8676338909712125
2.1280852788913944
1.896240625180289
2.0403733936884962
1.9508257945180885
2.004886164091843
2.146782221599798
2.5638561897747243
2.350209029099897
2.0403733936884962
2.1711395066729176
2.049452072789394
2.1739731346044096
2.292481250360578
1.879964948727111
2.0349409139562287
2.146465798504072
2.125814583693911
1.971747257128181
2.0627240194515912
2.25799933938181
1.589826559444318
2.103909910282364
2.3050365325772657
1.9473387961875537
2.217021885879718
2.2841591278514217
2.2841591278514217
1.9591479170272446
2.265710144725459
1.9182958340544893
1.9751060324573733
1.6644977792004614
2.1280852788913944
1.7924812503605778
2.4137995646056805
1.8810947601100747
2.292481250360578
1.971747257128181
1.7924812503605778
1.8423709931771084
2.1280852788913944
2.038159681645953
2.0670314951575843
2.0403733936884962
2.2232196723355075
2.1406064599010723
2.422579761842491
1.8423709931771084
1.9182958340544893
2.2841591278514217
2.375
2.004886164091843
2.004886164091843
2.463458298648303
2.2892464285091583
2.049452072789394
1.7924812503605778
2.2096909728231857
2.0
1.7924812503605778
2.084962500721156
1.971747257128181
2.0403733936884962
1.823067982273661
1.971747257128181
1.9128025995084716
1.8262452584026092
2.108744411015932
1.8585552118703144
2.0403733936884962
2.181937063546704
1.7841591278514217
1.8339272176418302
2.125814583693911
1.7924812503605778
2.417906570104942
1.75
1.9877733714879842
2.221251836004466
1.971747257128181
2.217021885879718
2.183754831923921
1.7924812503605778
2.4766482356116537
2.148834854280917
2.1567796494470395
2.33012496531497
1.8676338909712125
1.8676338909712125
2.3227569588973984
1.7534343861887849
2.0403733936884962
1.6644977792004614
1.971747257128181
2.270942421748537
2.084962500721156
2.038159681645953
2.279799131837405
2.556656707462823
2.004886164091843
2.049452072789394
2.5967916319816364
1.8676338909712125
2.199687794731328
2.0403733936884962
1.8423709931771086
2.219240704636849
2.0403733936884962
2.1682328933388106
2.289246428509158
2.2062389286533897
1.7924812503605778
1.8230264907128848
1.8423709931771088
2.206238928653389
2.3395722619867225
2.5492553971684995
2.2516291673878226
2.146465798504072
1.9182958340544893
2.1054105870684143
2.0403733936884962
2.125814583693911
2.054585169337799
2.424835634986198
2.23345859334435
1.4591479170272448
1.9609640474436814
2.2516144718101816
2.004886164091843
2.2232196723355075
2.1339375660949167
2.3627402784989338
1.867633890971212
2.0403733936884962
1.9182958340544893
2.522620309531022
2.292096688995876
2.251629167387823
1.7841591278514217
1.9211854965885542
1.971747257128181
2.291620193427939
2.062907291846956
2.054585169337799
2.1954618442383222
2.469670487371862
1.8262452584026092
2.463458298648303
2.6113947991661646
1.9508257945180885
2.349601752714581
2.1967916319816365
2.5967916319816364
2.4956029237290123
1.9182958340544896
2.217021885879718
1.867633890971212
1.9182958340544893
1.867633890971212
2.0403733936884962
2.0121039189772216
2.004886164091843
2.004886164091843
1.867633890971212
1.8262452584026092
2.0403733936884962
1.7924812503605778
2.287783719941071
2.0403733936884962
2.063202513215852
2.4617146307938143
2.472905595320056
2.1556390622295662
2.004886164091843
2.358938532350277
2.1920058354921066
1.971747257128181
2.004886164091843
2.049452072789394
2.2359263506290326
2.049452072789394
2.1920058354921066
2.3627402784989338
1.867633890971212
2.0403733936884962
2.116299605701696
2.221251836004466
1.9182958340544896
2.4935410903536543
2.0403733936884962
2.1416195253341384
2.004886164091843
2.1920058354921066
1.7924812503605778
2.125814583693911
1.8109294169317733
1.9698157824268105
2.227218082610394
2.1735572622751853
2.345851989338261
1.9814963295286754
2.0403733936884962
2.0403733936884962
1.971747257128181
1.971747257128181
2.292481250360578
2.1179631753145163
2.004886164091843
2.075074223172834
1.8190558839813515
1.9037164512140083
2.05632607578088
1.971747257128181
2.071695404408628
2.416543834311844
2.023219672335508
1.555215642886571
2.0566768987283126
2.2516291673878226
2.1179631753145163
1.8676338909712125
2.054585169337799
1.6644977792004614
1.8810947601100747
2.0349409139562287
2.5559130951758244
2.5566567074628237
2.199687794731328
2.260820318171659
1.971747257128181
2.128085278891394
2.1280852788913944
2.0403733936884962
2.522620309531022
2.205109900073869
2.463458298648303
2.054585169337799
2.222683189255492
1.789929075309999
1.9508257945180885
1.8676338909712125
1.8676338909712125
2.0229208204425873
2.4225797618424916
1.8423709931771086
2.3158243335257076
1.780672129520887
2.0403733936884962
1.971747257128181
2.0048861640918427
2.199687794731328
2.3471967222609034
2.0191534613250357
2.054585169337799
2.1916116417513782
2.0403733936884962
1.965596230357602
2.263865121950854
1.971747257128181
2.4584538292330587
2.521782221599798
1.584962500721156
2.292481250360578
1.789929075309999
2.349601752714581
2.0403733936884962
1.867633890971212
2.556656707462823
2.3942811477133943
1.896240625180289
2.206238928653389
2.049452072789394
1.9814963295286754
2.054585169337799
2.4909066672659335
2.2516291673878226
1.971747257128181
2.063202513215852
2.119240704636849
2.3942811477133943
2.472905595320056
2.3329145639793976
2.5198157169987727
1.971747257128181
2.4145118972655837
2.022579761842491
1.950212064914747
1.8676338909712125
1.9814525526116016
2.3108048425277894
2.4404040177209283
2.1607047528877827
2.2008257945180887
1.9688738747207215
2.343257873344267
1.971747257128181
2.0
2.332263854738758
2.0741647430225756
2.128085278891394
2.1280852788913944
1.7924812503605778
2.1168565149190144
1.8423709931771084
2.5967916319816364
1.8676338909712125
1.75
2.3720946377956236
1.962806631693174
1.971747257128181
2.1280852788913944
2.0403733936884962
2.221251836004466
1.7924812503605778
2.260820318171659
2.263809173883546
2.125814583693911
1.823067982273661
2.1280852788913944
2.2810361125534233
2.1406064599010723
1.8676338909712125
2.0403733936884962
2.1632095937363847
2.078491674029184
1.971747257128181
2.1920058354921066
2.1280852788913944
2.0403733936884962
2.73345859334435
2.4137995646056805
2.1967916319816365
1.950212064914747
2.004886164091843
2.349601752714581
2.0
2.396782221599798
2.282588730501833
2.221251836004466
2.0403733936884962
2.1920058354921066
2.874885305323195
1.854285871987246
2.221251836004466
2.0403733936884962
1.971747257128181
2.1179631753145163
2.1280852788913944
1.855388542207534
2.05632607578088
2.049452072789394
2.5106052193123416
2.0403733936884962
2.1920058354921066
2.0458416408851736
1.866319892777224
1.9182958340544893
2.004886164091843
2.0349409139562287
1.9473387961875537
2.084962500721156
2.0048861640918427
1.8676338909712125
2.004886164091843
1.867633890971212
2.540608090153331
2.349601752714581
1.896240625180289
2.292481250360578
2.447401504705915
1.789929075309999
1.9182958340544896
1.8423709931771084
2.133937566094917
2.3208020839342964
2.133937566094917
2.0403733936884962
2.6062389286533896
2.396782221599798
2.4973419908730565
1.7709505944546688
2.0566416671474372
1.9877733714879842
2.1179631753145163
2.0403733936884962
2.0403733936884962
2.084962500721156
1.8423709931771084
1.971747257128181
1.8919954870390203
2.049452072789394
2.4137995646056805
2.1920058354921066
2.271782221599798
2.291620193427939
1.971747257128181
1.789929075309999
2.004886164091843
2.199687794731328
2.2256051990169436
2.2877837199410704
1.8423709931771084
1.8262452584026092
1.7924812503605778
2.054585169337799
1.584962500721156
1.6644977792004614
1.7841591278514217
1.9182958340544893
2.2841591278514217
1.986187965046303
2.0403733936884962
2.223829217379574
2.064042639445697
2.556656707462823
2.0403733936884962
2.565448371820825
2.145136370153053
2.2544475789720946
2.5073801024236357
2.0403733936884962
1.971747257128181
2.2051099000738694
1.9439056013775793
1.823067982273661
2.181496329528675
2.278351811711312
2.646782221599798
2.0403733936884962
2.0922718656836103
2.032128525239341
2.102187170949333
2.292481250360578
2.125814583693911
2.1733990080130883
2.699513850319966
2.5306390622295662
3.0121884039686613
2.004886164091843
2.646782221599798
2.4276942711037672
2.350209029099897
2.2398947777165885
2.1416195253341384
1.971747257128181
1.9508257945180885
1.789929075309999
1.93012496531497
2.199687794731328
2.0311836644228602
2.563716987127796
2.0048861640918427
2.004886164091843
2.004886164091843
2.360964047443681
1.789929075309999
2.1287347499440905
2.040223928941852
2.3342564252133498
2.0580531366523855
2.568200719475571
2.181505071481659
1.9591479170272446
2.1339375660949167
2.1416195253341384
1.8919954870390203
2.004886164091843
2.2856005389623073
2.004886164091843
2.440404017720928
2.5545851693377997
2.4416298737872246
2.1607047528877823
1.9701247407004667
2.148834854280917
2.094856783548739
2.0403733936884962
2.049452072789394
1.896240625180289
2.0403733936884962
2.3464393446710154
2.1485771746699647
2.0152351669687123
1.854285871987246
2.2841837197791888
1.8810947601100747
2.2662040459423882
1.971747257128181
2.6329557188672728
2.1800365325772657
1.971747257128181
2.5566567074628237
1.8810947601100747
2.263809173883546
1.7924812503605778
2.260820318171659
1.9182958340544893
2.128085278891394
2.1556390622295662
2.004886164091843
1.8496017527145814
1.9579393553211153
1.9211796919474975
2.038159681645953
1.789929075309999
2.325493334992844
2.1920058354921066
2.039353872167201
2.004886164091843
2.0989295636909353
2.2627834289765825
1.789929075309999
2.1054105870684143
2.005977711423774
2.148834854280917
2.3050365325772657
2.1684656711105887
2.049452072789394
2.049452072789394
1.75
1.9609640474436814
1.7924812503605778
2.054585169337799
2.638295381909521
1.789929075309999
1.9827549170245238
2.0626292251414347
2.287783719941071
2.251629167387823
1.9877733714879842
2.3220847276178658
2.004886164091843
1.8553885422075338
2.1684656711105887
2.117492461184755
2.002755067189044
2.004886164091843
2.216521698179525
2.1054105870684143
2.148834854280917
2.349601752714581
2.339572261986723
2.125814583693911
1.8676338909712125
2.049452072789394
1.9182958340544893
2.3151277160800037
2.199687794731328
2.2877837199410704
1.896240625180289
2.075074223172834
2.199687794731328
2.0403733936884962
2.556656707462823
1.9508257945180885
1.854285871987246
1.8576126670093238
2.500547825057847
1.9877733714879842
2.0609640474436812
2.5967916319816364
2.1280852788913944
2.4226754683112177
2.064042639445697
2.326330899830503
1.7912612804207124
2.0670314951575843
1.7295739585136223
2.063202513215852
2.063202513215852
2.063202513215852
2.1150849518197794
2.1150849518197794
2.1150849518197794
2.1150849518197794
1.7924812503605778
1.867633890971212
2.386687999079064
2.2585728843419157
2.0403733936884962
2.23345859334435
2.1416195253341384
1.971747257128181
1.9591479170272446
2.2062389286533897
1.7924812503605778
2.2890179898186576
1.950212064914747
1.8676338909712125
1.971747257128181
2.0349409139562287
2.049452072789394
2.4164997849817103
1.9591479170272446
2.1280852788913944
2.0403733936884962
1.971747257128181
2.0403733936884962
1.971747257128181
2.2042028044502624
2.0403733936884962
1.971747257128181
1.9182958340544893
1.7924812503605778
1.8585552118703144
1.7924812503605778
2.0670314951575843
1.9508257945180885
1.971747257128181
2.2197218324096135
2.1607047528877827
1.7924812503605778
2.593991763091994
2.2485731395538666
1.867633890971212
1.7924812503605778
2.260820318171659
2.004886164091843
2.4834585933443494
1.8423709931771084
1.9877733714879842
2.463458298648303
2.1774212838293647
2.0403733936884962
2.0403733936884962
1.5487949406953985
2.738011806396904
2.1179631753145163
2.251629167387823
2.270942421748537
1.950212064914747
1.9591479170272446
2.353533948577482
2.049452072789394
1.789929075309999
1.950212064914747
2.0403733936884962
1.971747257128181
2.436278124459133
2.1280852788913944
1.9182958340544893
2.1054105870684143
1.8423709931771084
2.0403733936884962
1.7527152789797045
1.9473387961875537
2.0545851693377997
2.2841591278514217
2.1619781796795534
1.965596230357602
2.1179631753145163
1.789929075309999
2.2856005389623073
2.35274578087187
1.971747257128181
2.289246428509158
2.0403733936884962
2.0349409139562287
2.217021885879718
1.9580178370331516
1.8763576394898522
2.199687794731328
1.789929075309999
2.406666316740689
2.6823323262263
2.1174924611847548
2.0403733936884962
2.004886164091843
1.9591479170272446
2.0403733936884962
2.004886164091843
2.074875775583769
2.660129752633257
1.7924812503605778
1.9877733714879842
1.867633890971212
2.0403733936884962
2.205109900073869
2.1174924611847548
2.287783719941071
1.9182958340544896
2.375
1.971747257128181
2.0403733936884962
2.1607047528877827
1.7924812503605778
1.8423709931771084
1.75
1.9182958340544893
1.8423709931771084
1.867633890971212
2.0403733936884962
2.2608203181716595
1.7924812503605778
2.349601752714581
1.971747257128181
2.145136370153053
2.2232196723355075
2.125814583693911
2.004886164091843
2.2783518117113117
1.9591479170272446
1.9877733714879842
2.125814583693911
2.2684727516311214
2.217021885879718
2.054585169337799
2.125814583693911
2.484459281981048
2.0202442071537563
2.049452072789394
2.125814583693911
2.251629167387823
1.9591479170272446
2.345851989338261
2.1429146733542535
1.921706277574314
2.169925001442312
1.8810947601100747
2.25
2.4225797618424916
2.049452072789394
2.469670487371862
1.9182958340544893
2.396782221599798
2.125814583693911
1.971747257128181
2.0225797618424917
2.1464657985040723
1.8676338909712125
1.789929075309999
2.0403733936884962
2.2492870686521593
1.7924812503605778
2.2359263506290326
2.1416195253341384
2.0
2.350209029099897
1.8585552118703144
2.0403733936884962
2.054585169337799
1.971747257128181
2.403677461028802
1.971747257128181
2.2841591278514217
2.270942421748537
2.1556390622295662
2.0294069451656007
1.5232420834687264
2.0566416671474372
2.004886164091843
2.25
2.4048894517332404
2.221251836004466
1.9182958340544893
2.0403733936884962
1.6577427265048887
2.049452072789394
2.049452072789394
2.606238928653389
2.1280852788913944
2.0403733936884962
2.0403733936884962
2.572878689342031
1.896240625180289
2.208196592277087
2.1920058354921066
2.049452072789394
2.0458416408851736
2.25
1.9591479170272446
2.0403733936884962
2.2841591278514217
2.0349409139562287
1.8676338909712125
1.823067982273661
1.823067982273661
1.823067982273661
1.823067982273661
1.823067982273661
2.292071752457787
2.292071752457787
2.292071752457787
2.292071752457787
2.292071752457787
2.292071752457787
2.292071752457787
2.292071752457787
2.292071752457787
2.292071752457787
2.292071752457787
2.292071752457787
2.292071752457787
2.292071752457787
1.823067982273661
1.823067982273661
1.823067982273661
1.823067982273661
1.823067982273661
2.292071752457787
2.292071752457787
2.292071752457787
2.292071752457787
2.292071752457787
2.292071752457787
2.292071752457787
2.292071752457787
2.292071752457787
2.292071752457787
2.292071752457787
2.292071752457787
2.292071752457787
2.292071752457787
1.823067982273661
1.823067982273661
1.823067982273661
1.823067982273661
1.823067982273661
2.292071752457787
2.292071752457787
2.292071752457787
2.292071752457787
2.292071752457787
2.292071752457787
2.292071752457787
2.292071752457787
2.292071752457787
2.292071752457787
2.292071752457787
2.292071752457787
2.292071752457787
2.292071752457787
1.823067982273661
1.823067982273661
1.823067982273661
1.823067982273661
1.823067982273661
2.292071752457787
2.292071752457787
2.292071752457787
2.292071752457787
2.292071752457787
2.292071752457787
2.292071752457787
2.292071752457787
2.292071752457787
2.292071752457787
2.292071752457787
2.292071752457787
2.292071752457787
2.292071752457787
1.823067982273661
1.823067982273661
1.823067982273661
1.823067982273661
1.823067982273661
2.292071752457787
2.292071752457787
2.292071752457787
2.292071752457787
2.292071752457787
2.292071752457787
2.292071752457787
2.292071752457787
2.292071752457787
2.292071752457787
2.292071752457787
2.292071752457787
2.292071752457787
2.292071752457787
2.292071752457787
2.292071752457787
2.292071752457787
2.292071752457787
2.292071752457787
2.292071752457787
2.292071752457787
2.292071752457787
2.292071752457787
2.292071752457787
2.292071752457787
2.292071752457787
2.292071752457787
2.292071752457787
2.292071752457787
2.292071752457787
2.292071752457787
2.292071752457787
2.292071752457787
2.292071752457787
2.292071752457787
2.292071752457787
2.292071752457787
2.292071752457787
2.292071752457787
2.292071752457787
2.292071752457787
2.292071752457787
2.292071752457787
2.292071752457787
2.292071752457787
2.292071752457787
2.292071752457787
2.292071752457787
2.292071752457787
2.292071752457787
2.292071752457787
2.292071752457787
2.292071752457787
2.292071752457787
2.292071752457787
2.292071752457787
2.292071752457787
2.292071752457787
2.292071752457787
2.292071752457787
2.292071752457787
2.292071752457787
2.292071752457787
2.292071752457787
2.292071752457787
2.292071752457787
2.292071752457787
2.292071752457787
2.292071752457787
2.292071752457787
2.292071752457787
2.292071752457787
2.292071752457787
2.292071752457787
2.292071752457787
2.292071752457787
2.292071752457787
2.292071752457787
2.292071752457787
2.292071752457787
2.292071752457787
2.292071752457787
2.292071752457787
2.292071752457787
2.292071752457787
2.292071752457787
2.292071752457787
2.292071752457787
2.292071752457787
2.292071752457787
2.292071752457787
2.292071752457787
2.292071752457787
2.292071752457787
2.292071752457787
2.292071752457787
2.292071752457787
2.292071752457787
2.292071752457787
2.292071752457787
2.292071752457787
2.292071752457787
2.292071752457787
2.292071752457787
2.292071752457787
2.292071752457787
2.292071752457787
2.292071752457787
2.292071752457787
2.292071752457787
2.292071752457787
2.292071752457787
2.292071752457787
2.292071752457787
2.292071752457787
2.292071752457787
2.292071752457787
2.292071752457787
2.292071752457787
2.292071752457787
2.292071752457787
2.292071752457787
2.292071752457787
2.292071752457787
2.292071752457787
2.292071752457787
2.292071752457787
2.292071752457787
2.292071752457787
2.292071752457787
2.292071752457787
2.292071752457787
2.292071752457787
2.292071752457787
2.292071752457787
2.292071752457787
2.292071752457787
2.292071752457787
2.292071752457787
2.292071752457787
2.275170354773194
2.128085278891394
2.146465798504072
1.6577427265048887
1.9182958340544893
1.811278124459133
2.100983694881109
2.1684656711105887
2.049452072789394
1.867633890971212
2.098579861712074
2.004886164091843
1.971747257128181
2.0
2.054585169337799
1.9211854965885542
1.8585552118703144
1.971747257128181
1.971747257128181
2.0403733936884962
3.011357142722106
1.9274512249645188
1.8748587169101305
2.440404017720928
2.221251836004466
2.396782221599798
1.823067982273661
2.4445488277869583
1.780672129520887
2.0717350271381694
2.287783719941071
1.9182084341546168
1.9254106352407239
1.789929075309999
2.169925001442312
2.199687794731328
1.8879185026711327
2.0306390622295662
2.0403733936884962
2.3227569588973984
1.780672129520887
2.345173332399697
1.971747257128181
2.473851389610045
2.453880987666651
2.0403733936884962
1.8810947601100747
2.075869296697727
1.760495029766198
1.971747257128181
2.1416195253341384
2.646782221599798
2.3301249653149703
2.2096909728231857
2.146782221599798
1.8676338909712125
2.350209029099897
2.1556390622295662
2.199687794731328
2.0225797618424917
1.7924812503605778
2.0403733936884962
1.811278124459133
2.194027661922818
1.9211854965885542
2.062656348037272
2.406666316740689
2.1609640474436813
1.789929075309999
2.4834585933443494
2.2684727516311214
1.7924812503605778
1.7924812503605778
2.1774212838293647
2.4225797618424916
2.5967916319816364
1.7609640474436812
2.55415221132395
2.023219672335508
2.4225797618424916
2.091917186688699
1.789929075309999
1.894273869771264
2.1168565149190144
2.0403733936884962
1.971747257128181
2.206238928653389
2.4634582986483036
2.1280852788913944
2.25
1.93012496531497
1.867633890971212
1.9488106104538123
2.3960360230060216
1.7967916319816366
2.1854752972273346
2.177694271103767
1.789929075309999
2.049452072789394
1.9473387961875537
1.823067982273661
1.9560863386339549
2.0403733936884962
1.9508257945180885
2.545858888306985
2.0403733936884962
2.0403733936884962
2.3050365325772657
2.1556390622295662
1.971747257128181
2.2516291673878226
1.7336945149842025
2.0403733936884962
1.82584593404075
2.0403733936884962
1.896240625180289
2.279799131837405
1.811278124459133
2.0465346038859447
2.128085278891394
2.1054105870684143
2.1920058354921066
2.0403733936884962
1.8585552118703144
2.0403733936884962
2.1878785072265203
2.038159681645953
2.322756958897399
1.9877733714879842
1.971747257128181
2.005977711423774
2.260820318171659
2.556656707462823
2.440404017720928
1.867633890971212
1.4591479170272448
2.035343505489147
2.049452072789394
2.0741647430225756
2.2284080769796706
2.146782221599798
1.8828560636920488
1.8423709931771084
1.8423709931771084
2.331164445867128
2.0403733936884962
2.396782221599798
2.271782221599798
1.971747257128181
2.33012496531497
2.128085278891394
2.5083614955614473
1.971747257128181
2.1055872616982603
2.217021885879718
2.1280852788913944
2.0403733936884962
2.004886164091843
2.0729055953200564
2.2544475789720946
2.004886164091843
2.1179631753145163
1.9508257945180887
2.199687794731328
1.9852281360342514
2.202819531114783
2.133135595046406
2.0443660177848217
2.0524212838293647
2.0403733936884962
2.054585169337799
1.790492223970158
2.0403733936884962
2.2342010098207163
2.2544475789720946
1.789929075309999
2.0403733936884962
2.049452072789394
2.292481250360578
2.004886164091843
2.6538113557486334
2.278351811711312
1.8676338909712125
2.5785519909913264
2.1887870678023824
2.125814583693911
1.789929075309999
2.2841591278514217
2.038159681645953
1.8423709931771084
2.1279868068776753
1.971747257128181
1.9182958340544896
2.270942421748537
2.260820318171659
2.199687794731328
1.93012496531497
1.6644977792004614
2.6227336390297045
2.0890287099699356
2.1280852788913944
2.1607047528877827
1.971747257128181
2.125814583693911
1.8879185026711327
2.1179631753145163
1.971747257128181
1.8250112108241772
2.3432578733442675
2.183754831923921
2.1967916319816365
1.971747257128181
1.9591479170272446
2.1179631753145163
1.6644977792004614
2.3857000186160167
1.971747257128181
2.0131324651707385
2.004886164091843
2.054585169337799
2.2232196723355075
1.971747257128181
2.0403733936884962
2.1280852788913944
2.0403733936884962
2.251629167387823
1.8843135277997989
2.0049355947431313
2.0403733936884962
1.971747257128181
2.0
2.0192365361682794
1.971747257128181
2.0
2.698935871321563
2.9638096525384383
1.971747257128181
2.6062389286533896
2.1406064599010723
2.463458298648303
1.971747257128181
1.6644977792004614
2.0403733936884962
2.3082708345352603
2.004886164091843
2.148834854280917
1.9852281360342514
2.0458416408851736
2.004886164091843
1.8230679822736608
2.5073801024236357
1.9182958340544893
2.2062389286533897
2.054585169337799
2.0403733936884962
2.5556869591509246
2.349601752714581
2.0403733936884962
2.0202442071537563
2.217021885879718
2.0403733936884962
1.971747257128181
1.8250112108241772
1.971747257128181
1.8676338909712125
1.9591479170272446
2.260820318171659
1.789929075309999
2.0989295636909353
2.0587779806056763
2.35274578087187
1.971747257128181
2.279799131837405
1.823067982273661
1.823067982273661
2.004886164091843
2.004886164091843
2.217021885879718
1.823067982273661
2.2256051990169436
1.823067982273661
1.9508257945180885
2.004886164091843
2.3050365325772657
2.145136370153053
2.130926080730337
2.358938532350277
2.130926080730337
2.0989295636909353
2.358938532350277
2.004886164091843
2.1684656711105887
1.789929075309999
2.0021722231837638
2.2627834289765825
2.3313248312005417
1.965596230357602
1.9653059184883492
2.0989295636909353
2.287783719941071
2.004886164091843
1.823067982273661
2.0741647430225756
2.005977711423774
2.1054105870684143
2.049452072789394
1.789929075309999
1.7924812503605778
1.823067982273661
2.4404040177209283
2.3453085968986414
1.789929075309999
2.007856063692049
2.0403733936884962
2.049452072789394
1.971747257128181
1.971747257128181
1.9182958340544893
2.556656707462823
2.2810361125534233
2.075869296697727
2.038760752862686
2.1800365325772657
2.396782221599798
2.13831831092668
1.8250112108241772
2.1735572622751853
2.040223928941852
2.054585169337799
2.098579861712074
1.855388542207534
1.823067982273661
1.9182958340544896
1.8423709931771084
2.292481250360578
2.0403733936884962
2.125814583693911
1.789929075309999
1.896240625180289
1.584962500721156
2.0874628412503395
1.9182958340544893
2.221251836004466
1.9591479170272446
1.7635835977349728
1.971747257128181
1.867633890971212
1.8423709931771088
2.049452072789394
2.049452072789394
2.3609640474436815
2.049452072789394
1.867633890971212
1.971747257128181
2.1559130951758245
2.0989295636909353
2.049452072789394
2.260964047443681
2.0403733936884962
1.789929075309999
2.065451399311646
2.216521698179525
2.004886164091843
1.965596230357602
2.270942421748537
2.4322574485535142
2.1711395066729176
2.0403733936884962
2.0403733936884962
1.7924812503605778
2.4634582986483036
2.1339375660949167
1.823067982273661
2.463458298648303
2.0349409139562287
2.1174924611847548
2.1430816902062735
2.2096909728231857
1.8676338909712125
2.0119209285947934
1.971747257128181
2.3395722619867225
1.9877733714879842
1.971747257128181
2.2625905648620863
2.3908636968570445
1.8423709931771084
2.0403733936884962
1.789929075309999
2.292481250360578
2.25
1.7924812503605778
1.9508257945180885
2.0403733936884962
2.058813890331201
2.403677461028802
2.08746284125034
1.789929075309999
2.2890179898186576
2.1179631753145163
2.058813890331201
2.0403733936884962
2.2954656791802917
1.6577427265048887
2.260820318171659
1.971747257128181
2.004886164091843
2.396782221599798
2.0458416408851736
1.7924812503605778
2.146465798504072
2.038159681645953
2.2062389286533897
2.040223928941852
2.1464657985040723
2.224601752714581
2.148834854280917
1.823067982273661
1.8423709931771084
2.130926080730337
2.054585169337799
2.125814583693911
2.221251836004466
2.138772066828485
1.971747257128181
1.9746017527145812
2.4584538292330587
2.0403733936884962
2.049452072789394
1.8423709931771084
2.287783719941071
1.8423709931771084
2.0403733936884962
1.871602261409798
2.1179631753145163
2.4677266293116094
2.292481250360578
2.2841591278514217
1.8676338909712125
2.125814583693911
2.271782221599798
2.128085278891394
2.495602923729013
1.8919954870390203
1.867633890971212
2.0403733936884962
2.0403733936884962
2.054585169337799
2.0524212838293647
2.0461796919474975
1.8676338909712125
2.0403733936884962
2.0403733936884962
2.049452072789394
1.971747257128181
2.202819531114783
2.004886164091843
1.9508257945180885
1.789929075309999
2.064042639445697
2.1280852788913944
2.049452072789394
2.2485731395538666
2.0403733936884962
2.1416195253341384
2.0403733936884962
1.867633890971212
2.017989099784711
2.049452072789394
1.971747257128181
2.004886164091843
1.9591479170272446
1.789929075309999
2.779690054429132
2.322756958897399
1.789929075309999
1.7841591278514217
2.3158243335257076
1.971747257128181
2.0403733936884962
1.867633890971212
1.867633890971212
2.054585169337799
1.971747257128181
2.353533948577482
1.971747257128181
2.1353503825268683
2.0988320688278774
2.4225797618424916
2.26149018937388
2.406666316740689
2.054585169337799
1.924824066737395
1.9508257945180885
1.971747257128181
2.4264025411052232
2.521782221599798
2.1416195253341384
1.971747257128181
1.6577427265048887
1.9056390622295665
1.7527152789797045
2.1280852788913944
2.2096909728231857
2.4634582986483036
1.971747257128181
1.7924812503605778
1.9182958340544893
1.9056390622295665
2.522563191663422
2.2856005389623073
1.584962500721156
2.556656707462823
2.2890179898186576
2.2359263506290326
1.8423709931771084
2.063558608511122
2.102187170949333
2.2062389286533897
2.0487949406953985
2.0349409139562287
2.5967916319816364
1.5566567074628228
1.9591479170272446
2.521782221599798
2.2856005389623073
2.1296438663169983
2.125814583693911
2.1532912318904804
1.971747257128181
2.251629167387823
1.9591479170272446
2.282588730501833
2.2544475789720946
2.1280852788913944
2.0403733936884962
2.2132982820604443
1.971747257128181
2.349601752714581
1.867633890971212
2.5032583347756456
2.217021885879718
1.8879185026711327
1.823067982273661
2.049452072789394
1.971747257128181
2.2890179898186576
2.606238928653389
2.1416195253341384
2.0403733936884962
1.789929075309999
2.199687794731328
2.059039104674855
2.004886164091843
1.971747257128181
2.260820318171659
2.1735572622751853
1.9508257945180885
1.8810947601100747
2.0403733936884962
2.1556390622295662
2.2841591278514217
2.004886164091843
2.221251836004466
2.1280852788913944
2.5004147094495113
1.8423709931771084
2.0403733936884962
2.1280852788913944
2.099843897365664
1.9182958340544893
1.789929075309999
2.2810361125534233
1.8676338909712125
2.291620193427939
1.9591479170272446
2.0523613883117893
1.9877733714879842
2.869910023274066
1.9211854965885542
2.3395722619867225
2.004886164091843
2.473851389610045
2.0
1.789929075309999
2.063458298648303
2.217021885879718
1.8799649487271108
2.0403733936884962
2.739572261986723
1.7924812503605778
2.038159681645953
2.0231315234143215
1.8339272176418302
1.8339272176418302
1.8339272176418302
1.8339272176418302
1.8339272176418302
1.8339272176418302
1.789929075309999
1.8339272176418302
1.8339272176418302
1.8339272176418302
1.8339272176418302
1.8339272176418302
1.8339272176418302
1.8339272176418302
1.8339272176418302
1.8339272176418302
1.8339272176418302
1.8339272176418302
1.8339272176418302
1.8339272176418302
1.8339272176418302
1.8339272176418302
1.8339272176418302
1.8339272176418302
1.8339272176418302
1.8339272176418302
1.8339272176418302
1.8339272176418302
1.8339272176418302
1.8339272176418302
1.8339272176418302
2.269759822291911
1.9301249653149701
1.8092830792973653
1.8676338909712125
2.2256051990169436
1.7924812503605778
2.353533948577482
1.7924812503605778
2.1556390622295662
1.971747257128181
1.9182958340544893
1.9877733714879842
2.33012496531497
2.146782221599798
2.0403733936884962
2.077819531114783
1.9852281360342514
2.2256051990169436
1.823067982273661
2.4613201402110083
1.7924812503605778
1.789929075309999
2.349601752714581
2.0403733936884962
1.867633890971212
2.556656707462823
1.9182958340544893
2.4137995646056805
1.9877733714879842
1.8676338909712125
2.1280852788913944
2.1508676764873833
2.1280852788913944
1.8676338909712125
2.1280852788913944
2.049452072789394
2.040223928941852
2.403677461028802
2.0854752972273345
2.2608203181716595
2.054585169337799
2.1416195253341384
2.146465798504072
2.2389205950315936
2.4137995646056805
2.2608203181716595
2.0403733936884962
2.1258145836939115
2.049452072789394
2.2232196723355075
2.3627402784989338
2.1280852788913944
2.125814583693911
2.004886164091843
2.2877837199410704
1.867633890971212
2.1556390622295662
2.423382411192132
2.353533948577482
2.33012496531497
2.004886164091843
2.207662709699131
2.292481250360578
2.646782221599798
1.9877733714879842
2.25
2.3921472236645345
1.8423709931771088
1.9182958340544893
2.396782221599798
1.9508257945180885
2.0225797618424917
2.1077566165206125
2.0403733936884962
2.279799131837405
2.292481250360578
1.7924812503605778
1.9182958340544893
1.789929075309999
2.288019280279689
1.75
1.789929075309999
1.96981578242681
2.435877193860686
1.9157397094479918
2.3852130207431887
1.9508257945180885
2.146782221599798
1.789929075309999
1.9877733714879842
2.311278124459133
3.004580789546385
1.7924812503605778
2.33012496531497
1.7924812503605778
1.9657678078192216
2.049452072789394
2.374556048381884
2.049452072789394
2.1179631753145163
2.1920058354921066
2.3068905956085186
2.6634651896016472
1.971747257128181
2.473851389610045
2.1739731346044096
1.971747257128181
1.9182958340544896
2.5834651896016467
2.0403733936884962
2.773023514575068
2.199687794731328
2.1280852788913944
2.054585169337799
2.1887870678023824
2.2096909728231857
1.8423709931771084
1.9182958340544893
2.1280852788913944
1.9591479170272446
1.8712612804207123
1.8423709931771086
2.4416298737872246
2.217021885879718
2.3208020839342964
2.2062389286533897
2.396782221599798
1.8676338909712125
1.971747257128181
1.867633890971212
2.424835634986198
1.8676338909712125
1.789929075309999
2.5495234595978316
1.789929075309999
2.219240704636849
2.218542602257215
2.375
2.0403733936884962
2.260820318171659
1.867633890971212
2.0403733936884962
2.5967916319816364
2.0403733936884962
1.971747257128181
2.049452072789394
2.0349409139562287
1.950212064914747
1.8528649579894276
2.0403733936884962
1.8676338909712125
1.75
1.8676338909712125
2.045367243275785
2.199687794731328
2.3697073767375323
2.1887870678023824
2.1280852788913944
2.3071885761626687
1.7924812503605778
2.0403733936884962
2.127986806877675
2.6689869584530608
1.9877733714879842
2.499544305608131
2.0979931624271395
2.358938532350277
2.4934604991346947
1.789929075309999
2.0403733936884962
2.1339375660949167
1.971747257128181
1.971747257128181
2.3627402784989338
2.4225797618424916
2.206238928653389
2.0403733936884962
2.0403733936884962
2.3192407046368486
1.8676338909712125
2.5504241080832215
2.0403733936884962
2.004886164091843
2.0670314951575843
2.084962500721156
2.3034402958892364
1.867633890971212
2.4092672522514684
1.867633890971212
1.7924812503605778
1.9508257945180885
1.4976664500320322
1.9015064025015063
2.4160563421790617
1.4591479170272448
2.054585169337799
2.0403733936884962
1.971747257128181
2.117344207977935
1.9502120649147467
2.0403733936884962
2.695094891701953
2.217021885879718
1.971747257128181
1.971747257128181
2.146465798504072
1.789929075309999
2.0403733936884962
2.208196592277087
1.971747257128181
2.049452072789394
2.054585169337799
1.8423709931771086
1.8423709931771084
2.4137995646056796
1.9057584610289318
2.4137995646056805
2.2825887305018333
1.823067982273661
2.128085278891394
2.1920058354921066
2.0403733936884962
2.004886164091843
2.004886164091843
2.292481250360578
2.279799131837405
2.5566567074628237
2.0403733936884962
1.823067982273661
2.004886164091843
1.8262452584026092
2.251629167387823
2.271782221599798
2.049452072789394
2.541019446207271
1.823067982273661
2.0403733936884962
2.292481250360578
1.9591479170272446
2.2841591278514217
2.35274578087187
2.0403733936884962
1.9804820237218406
1.7924812503605778
1.9473387961875537
2.0403733936884962
2.4137995646056805
1.9591479170272446
2.0458416408851736
2.0403733936884962
1.8676338909712125
2.239097917988786
2.049452072789394
1.811278124459133
1.9211854965885542
1.971747257128181
2.125814583693911
2.139353872167201
2.1605395705763013
1.7489992230622806
2.1280852788913944
2.0131324651707385
1.823067982273661
2.0349409139562287
2.33012496531497
1.9182958340544893
1.8322488896002305
1.6644977792004614
1.9182958340544893
2.054585169337799
1.971747257128181
1.9591479170272446
2.225605199016944
1.8423709931771088
2.0374011976541118
2.1179631753145163
1.789929075309999
2.1887870678023824
2.049452072789394
1.867633890971212
2.219240704636849
2.1095263323230746
2.4531150055728594
2.2354928635144806
2.0403733936884962
2.251629167387823
2.0458416408851736
2.049452072789394
2.353533948577482
2.3301249653149703
2.221251836004466
1.8250112108241772
1.867633890971212
1.950212064914747
2.125814583693911
2.1280852788913944
2.0349409139562287
2.045841640885174
2.004886164091843
1.8799649487271108
1.7924812503605778
2.2485731395538666
1.811278124459133
1.8250112108241772
2.163334789103821
2.004886164091843
1.971747257128181
2.146782221599798
2.263809173883546
1.971747257128181
2.0403733936884962
2.0403733936884962
2.1339375660949167
1.7924812503605778
2.463458298648303
2.192005835492107
2.004886164091843
2.0403733936884962
2.116299605701696
2.292481250360578
2.199687794731328
2.1800365325772657
2.004886164091843
2.1179631753145163
2.221251836004466
2.0403733936884962
2.260820318171659
1.9182958340544896
2.4613201402110083
2.6756981353679867
1.780672129520887
2.125814583693911
2.263809173883546
2.2841591278514217
1.8262452584026092
1.971747257128181
2.3156678763770073
2.049452072789394
2.251629167387823
1.9989605881713537
2.0403733936884962
1.8676338909712125
2.004886164091843
2.018310781820059
1.971747257128181
1.9182958340544893
1.8810947601100747
2.054585169337799
1.7924812503605778
2.007856063692049
2.0
1.9751060324573733
2.0403733936884962
2.074164743022575
2.473851389610045
2.0403733936884962
2.1416195253341384
1.4591479170272448
1.971747257128181
2.004886164091843
2.3208020839342964
2.130926080730337
2.102187170949333
2.049452072789394
1.811278124459133
2.064042639445697
1.971747257128181
2.2841591278514217
2.217021885879718
2.549855031512858
2.004886164091843
2.0626563480372715
2.5967916319816364
2.3050365325772657
1.9877733714879842
2.058813890331201
2.1440239107574226
2.4613201402110083
1.867633890971212
2.0403733936884962
2.474601752714581
1.997224320061398
2.646782221599798
1.971747257128181
2.25
1.7924812503605778
2.349601752714581
2.221251836004466
1.8919954870390203
2.353533948577482
2.1800365325772657
2.054585169337799
2.038159681645953
1.8585552118703144
2.2856005389623077
1.823067982273661
2.206238928653389
1.9990298316961876
1.9877733714879842
2.1739731346044096
2.270942421748537
1.8751310486364097
1.971747257128181
2.4416298737872246
2.0048861640918427
2.049452072789394
1.9182958340544893
1.9508257945180885
2.0403733936884962
2.217021885879718
2.0403733936884962
2.054585169337799
2.1800365325772657
1.780672129520887
2.4404040177209283
2.440404017720928
2.4613201402110083
2.0403733936884962
1.7381493331928664
2.386687999079064
1.9591479170272446
2.1999793267164867
2.2988252450030506
2.1280852788913944
1.8933448637229622
1.971747257128181
2.133937566094917
1.8230264907128848
2.278351811711312
2.5580510765444577
1.7924812503605778
1.811278124459133
2.1314076078546704
2.3053855381786583
2.125814583693911
2.353533948577482
1.823067982273661
2.004886164091843
2.0403733936884962
1.9628066316931743
1.971747257128181
2.075074223172834
2.48345859334435
2.353533948577482
2.3432578733442675
1.9852281360342514
2.0403733936884962
2.1416195253341384
2.5566567074628237
2.4846987825969657
2.556744991525914
2.1258145836939115
1.8423709931771084
1.950212064914747
2.263809173883546
1.8676338909712125
2.125814583693911
2.004886164091843
1.9814963295286754
2.279799131837405
2.0403733936884962
2.0403733936884962
2.1280852788913944
1.7841591278514217
2.217021885879718
2.5239860659612976
1.9182958340544896
2.2841591278514217
2.2096909728231857
1.8676338909712125
2.221251836004466
1.9591479170272446
1.9182958340544893
2.25
2.292481250360578
1.823067982273661
1.896240625180289
2.0403733936884962
1.990904784986259
2.1868085945630504
1.867633890971212
2.25
1.8423709931771084
1.8810947601100747
2.0
1.971747257128181
2.327632809290636
1.971747257128181
1.8676338909712125
2.130926080730337
2.103909910282364
1.836591668108979
2.1967916319816365
1.9211854965885542
1.780672129520887
2.556656707462823
2.0403733936884962
1.8423709931771084
2.3893109127928365
2.125814583693911
2.004886164091843
2.004886164091843
2.0403733936884962
1.9056390622295665
2.292481250360578
2.054585169337799
2.2125038423722683
1.9182958340544893
1.9086126988727123
2.054585169337799
2.292481250360578
2.1258145836939115
2.1416195253341384
2.2577174691301485
2.145136370153053
1.971747257128181
1.8773870642966133
1.9746017527145812
1.8676338909712125
2.279799131837405
2.0403733936884962
2.0524212838293643
2.224601752714581
2.1280852788913944
2.219240704636849
1.9591479170272446
2.199687794731328
2.0762893592941096
2.049452072789394
2.353533948577482
2.199687794731328
2.0849625007211565
2.077819531114783
2.0403733936884962
1.8585552118703144
1.823067982273661
2.1967916319816365
2.2856005389623073
2.2810361125534233
2.396782221599798
2.125814583693911
1.7924812503605778
2.1556390622295662
2.0609640474436812
2.353533948577482
1.811278124459133
2.501474221760766
1.947338796187554
1.867633890971212
2.049452072789394
2.3068905956085186
2.499389675512395
2.292481250360578
2.1148051443393325
2.3426595314723384
1.9473387961875537
1.8423709931771088
2.208196592277087
2.0
2.2892464285091583
1.794468414860448
1.971747257128181
1.867633890971212
2.4137995646056796
2.1920058354921066
1.7841591278514217
2.067740814944148
2.5580510765444573
2.1556390622295662
2.315824333525708
1.8585552118703144
1.8423709931771084
2.120952031026403
2.125814583693911
2.1179631753145163
2.3317663774021273
2.5967916319816364
2.1179631753145163
1.4453431906667724
2.1920058354921066
1.971747257128181
1.7332885768588304
2.278351811711312
1.9591479170272446
1.8879185026711327
2.0403733936884962
2.114805144339332
2.0403733936884962
2.054585169337799
2.559627536341356
2.463458298648303
2.403677461028802
2.0349409139562287
2.054585169337799
2.1280852788913944
1.7924812503605778
1.8975144606960321
2.1173442079779345
1.780672129520887
1.971747257128181
1.896240625180289
2.1280852788913944
1.971747257128181
1.854285871987246
2.029526332323075
2.350209029099897
1.8423709931771084
2.1280852788913944
1.8676338909712125
1.867633890971212
2.1280852788913944
1.8879185026711327
2.48539683206109
2.0294069451656007
1.8919954870390203
2.217021885879718
2.270942421748537
2.0403733936884962
2.0403733936884962
2.260820318171659
2.199687794731328
1.6577427265048887
1.9877733714879842
1.971747257128181
2.217021885879718
2.190468570732828
1.867633890971212
2.028343279757114
1.823067982273661
2.3577174691301486
2.0403733936884962
2.049452072789394
2.049452072789394
1.7924812503605778
2.263809173883546
2.221251836004466
1.965596230357602
1.8230264907128848
2.292481250360578
2.292481250360578
2.054585169337799
1.971747257128181
2.375
2.005977711423774
2.8757760483908816
1.8676338909712125
2.0403733936884962
1.971747257128181
2.0403733936884962
1.9039678130877662
1.7566565886789294
2.422579761842491
1.8676338909712125
1.8423709931771084
2.4572071445917327
2.0131324651707385
2.0609640474436812
1.8423709931771086
2.1258145836939115
2.1735572622751853
2.146465798504072
2.3921472236645345
1.8423709931771084
2.0403733936884962
2.1280852788913944
2.2389205950315936
1.9056390622295665
2.0458416408851736
2.199687794731328
1.5304930567574826
2.1280852788913944
1.8585552118703144
2.125814583693911
1.971747257128181
2.278351811711312
1.9182958340544893
1.9591479170272446
2.4404040177209283
2.5492553971685
1.8676338909712125
1.9508257945180885
1.971747257128181
2.699513850319966
2.221251836004466
1.7924812503605778
1.8676338909712125
2.33012496531497
1.9591479170272446
2.199687794731328
2.199687794731328
2.0403733936884962
2.116299605701696
2.1174924611847548
2.523986065961297
2.000080876099379
1.75
2.0
2.25
2.403677461028802
2.3253314601288055
2.219240704636849
2.1556390622295662
2.0758692966977272
2.1416195253341384
2.054585169337799
2.292481250360578
2.1280852788913944
1.8676338909712125
1.789929075309999
2.049452072789394
2.606238928653389
2.148834854280917
2.4137995646056805
1.7924812503605778
2.0403733936884962
1.8676338909712125
2.1280852788913944
2.291620193427939
2.0295263323230746
2.0403733936884962
1.9591479170272446
2.049452072789394
1.9877733714879842
2.1280852788913944
2.0419460322060456
2.339572261986723
2.0403733936884962
2.463458298648303
1.6691803368667308
1.789929075309999
2.125814583693911
2.221251836004466
2.0403733936884962
2.1280852788913944
1.867633890971212
1.9220231428515733
1.7924812503605778
1.823067982273661
1.6729330318733675
2.5566567074628237
2.038159681645953
2.004886164091843
2.049452072789394
2.004886164091843
1.7924812503605778
1.8676338909712125
1.971747257128181
1.9944508539043344
2.0403733936884962
1.8423709931771084
2.1174924611847548
1.867633890971212
2.3220847276178658
2.33012496531497
1.8810947601100747
2.359879028736861
1.971747257128181
1.855388542207534
2.184927072396036
2.0403733936884962
1.8676338909712125
1.8423709931771084
2.054585169337799
2.292481250360578
2.0403733936884962
1.971747257128181
2.353533948577482
2.125814583693911
2.0403733936884962
1.789929075309999
2.2806390622295662
1.9877733714879842
2.0403733936884962
2.289246428509158
1.9508257945180885
2.1280852788913944
2.260820318171659
2.260820318171659
2.054585169337799
2.0349409139562287
1.7924812503605778
1.8799649487271108
1.8553885422075338
2.1800365325772657
2.234697002530877
1.8676338909712125
1.971747257128181
2.1800365325772657
2.1748008763572906
1.8352377453121174
2.1711395066729176
1.9182958340544893
1.8423709931771084
2.0048861640918427
2.217021885879718
2.9708400131019848
2.004886164091843
2.2389205950315936
1.7381493331928664
2.9405887689064873
2.049452072789394
2.058813890331201
2.463458298648303
2.058813890331201
2.1047571282708826
1.9083445441575106
2.33012496531497
2.5492553971685
2.139097655573916
2.0833333333333335
2.038760752862686
2.0741647430225756
2.1840177356507446
2.148379761140027
2.204617453291912
2.3921472236645345
2.0335653441677035
2.1280852788913944
2.521782221599798
2.1632095937363847
2.146465798504072
2.004886164091843
1.75
1.8423709931771084
1.8810947601100747
2.125814583693911
2.1716287152428544
2.1060480954183274
2.054585169337799
1.7924812503605778
2.353533948577482
2.462683189255492
2.403677461028802
1.8676338909712125
1.8676338909712125
1.8676338909712125
1.8676338909712125
1.8676338909712125
1.8676338909712125
1.8676338909712125
1.8676338909712125
1.8676338909712125
1.8676338909712125
1.8676338909712125
1.8676338909712125
1.8676338909712125
1.8676338909712125
1.8676338909712125
1.8676338909712125
1.8676338909712125
1.8676338909712125
1.8676338909712125
1.8676338909712125
1.8676338909712125
1.8676338909712125
1.8676338909712125
1.8676338909712125
1.8676338909712125
1.8676338909712125
1.8676338909712125
1.8676338909712125
1.8676338909712125
1.8676338909712125
1.8676338909712125
1.8676338909712125
1.8676338909712125
1.8676338909712125
1.8676338909712125
1.8676338909712125
1.8676338909712125
1.8676338909712125
1.8676338909712125
1.8676338909712125
1.8676338909712125
1.8676338909712125
1.8676338909712125
1.8676338909712125
1.8676338909712125
1.8676338909712125
1.8676338909712125
1.8676338909712125
1.8676338909712125
1.8676338909712125
1.8676338909712125
1.8676338909712125
1.8676338909712125
1.8676338909712125
1.8676338909712125
1.8676338909712125
1.8676338909712125
1.8676338909712125
1.8676338909712125
1.8676338909712125
1.8676338909712125
1.8676338909712125
1.8676338909712125
1.8676338909712125
1.8676338909712125
1.8676338909712125
1.8676338909712125
1.8676338909712125
1.8676338909712125
1.8676338909712125
1.8676338909712125
1.8676338909712125
1.8676338909712125
1.8676338909712125
1.8676338909712125
1.8676338909712125
1.8676338909712125
1.8676338909712125
1.8676338909712125
1.8676338909712125
1.8676338909712125
1.8676338909712125
1.8676338909712125
1.8676338909712125
1.8676338909712125
1.8676338909712125
1.8676338909712125
1.8676338909712125
1.8676338909712125
1.8676338909712125
1.8676338909712125
1.8676338909712125
1.8676338909712125
1.8676338909712125
1.8676338909712125
1.8676338909712125
1.8676338909712125
1.8676338909712125
1.8676338909712125
1.8676338909712125
1.8676338909712125
1.8676338909712125
1.8676338909712125
1.8676338909712125
1.8676338909712125
1.8676338909712125
1.8676338909712125
1.8676338909712125
1.8676338909712125
1.8676338909712125
1.8676338909712125
1.8676338909712125
1.8676338909712125
1.8676338909712125
1.8676338909712125
1.8676338909712125
1.8676338909712125
1.8676338909712125
1.8676338909712125
1.8676338909712125
1.8676338909712125
2.125814583693911
2.0131324651707385
1.8423709931771088
2.5967916319816364
2.350209029099897
1.7924812503605778
2.474601752714581
2.349601752714581
2.1847964304560348
2.219240704636849
2.240857286493036
1.789929075309999
2.1455551362657643
2.049452072789394
1.789929075309999
2.1967916319816365
2.1110957877533387
1.7924812503605778
2.2841591278514217
1.789929075309999
1.75
1.8262452584026092
2.195461844238322
1.9804820237218406
2.099601752714581
2.636056086195823
2.1774212838293647
2.0930692077718898
1.9473387961875537
2.004886164091843
2.1887870678023824
2.0048861640918427
2.462349565017769
1.8423709931771084
1.75
1.896240625180289
2.125814583693911
2.0985798617120746
2.278351811711312
2.359879028736861
2.005977711423774
2.058813890331201
2.038159681645953
2.0014389355822635
2.004886164091843
1.8419171866886992
2.1280852788913944
1.789929075309999
2.064042639445697
2.016875695766564
1.971747257128181
2.1179631753145163
2.2945199082544616
1.9471280565255817
2.1800365325772657
2.359879028736861
1.9990466176631072
2.263809173883546
1.9852281360342512
2.146465798504072
2.054585169337799
2.291620193427939
2.1258145836939115
1.823067982273661
2.2567796494470396
2.004886164091843
2.004886164091843
2.0403733936884962
1.9591479170272446
2.049452072789394
2.2877837199410704
1.971747257128181
1.9591479170272446
2.3134597501718237
2.125814583693911
2.054585169337799
2.374556048381884
2.472905595320056
1.896240625180289
2.004886164091843
2.3627402784989338
2.5637169871277954
2.396782221599798
2.038159681645953
2.1774212838293647
1.75
2.0804820237218404
2.4225797618424916
1.971747257128181
2.260820318171659
2.3627402784989338
2.2275343340059806
2.049452072789394
2.0985798617120746
2.33012496531497
2.2096909728231857
2.004886164091843
1.8676338909712125
1.823067982273661
1.4591479170272448
1.9591479170272446
2.349601752714581
2.0403733936884962
2.311278124459133
2.106048095418327
1.9762822787735768
1.965596230357602
2.1774212838293647
2.440404017720928
2.1967916319816365
2.0403733936884962
2.292481250360578
2.0403733936884962
2.0048861640918427
2.4137995646056805
2.049452072789394
2.1280852788913944
2.2232196723355075
2.0403733936884962
2.1280852788913944
2.199687794731328
2.032128525239341
2.021782221599798
2.271782221599798
2.207554798865899
2.343257873344267
2.0403733936884962
2.396782221599798
2.0989295636909353
2.1967916319816365
1.971747257128181
2.049452072789394
2.535857775918279
2.1416195253341384
1.867633890971212
2.2256051990169436
1.4591479170272448
2.004886164091843
1.9669171866886992
2.3329145639793976
2.0403733936884962
2.0403733936884962
2.221251836004466
1.9852281360342512
2.125814583693911
2.349601752714581
2.098579861712074
1.8676338909712125
2.08746284125034
2.0403733936884962
2.353533948577482
2.216521698179525
2.33012496531497
1.9751060324573733
2.2608203181716595
2.251629167387823
1.9591479170272446
2.4137995646056805
1.8676338909712125
2.058813890331201
1.9182958340544893
2.4137995646056805
1.9877733714879842
2.660129752633257
2.1800365325772657
2.2806390622295662
1.867633890971212
2.005977711423774
2.217021885879718
2.353533948577482
2.0403733936884962
1.7924812503605778
1.9877733714879842
2.3071885761626687
1.8676338909712125
2.322756958897399
1.6644977792004614
1.8423709931771088
2.0403733936884962
1.7295739585136223
2.146782221599798
1.8585552118703144
2.0300872246321315
2.641084980573949
2.091917186688699
2.125814583693911
2.004886164091843
2.23400678616438
1.7924812503605778
2.049452072789394
2.1231991154262255
2.353533948577482
1.789929075309999
2.4137995646056796
1.762875780033049
2.1149798205164814
2.199687794731328
1.823067982273661
2.049452072789394
1.7924812503605778
2.4137995646056805
2.0403733936884962
2.292481250360578
1.8585552118703144
1.970124740700467
2.473851389610045
2.0403733936884962
2.0
1.971747257128181
2.0403733936884962
2.125814583693911
2.1416195253341384
1.971747257128181
2.217021885879718
1.971747257128181
2.4864580716281224
1.971747257128181
2.0306390622295662
2.396310424640968
1.9591479170272446
2.3208020839342964
1.7924812503605778
1.950212064914747
2.0403733936884962
2.0199730940219753
2.063458298648303
2.180577823245594
1.971747257128181
2.004886164091843
1.971747257128181
1.7924812503605778
1.8676338909712125
1.8585552118703144
2.292481250360578
2.221251836004466
2.080500530640267
2.0403733936884962
2.3220847276178658
1.809200032697812
2.1916116417513782
1.969389419529156
2.054585169337799
2.251629167387823
1.9473387961875537
2.1967916319816365
1.9016094970590272
1.971747257128181
2.458453829233059
2.1280852788913944
2.0403733936884962
2.040223928941852
1.971747257128181
2.1464657985040723
2.217021885879718
2.0300872246321315
1.7924812503605778
2.0
2.3248629576173565
1.9746017527145814
1.789929075309999
1.811278124459133
1.971747257128181
2.0814963295286755
2.125814583693911
2.3192407046368486
1.7924812503605778
1.93012496531497
2.219240704636849
2.049452072789394
2.0403733936884962
1.9182958340544893
1.7924812503605778
2.1353503825268683
2.146782221599798
2.322756958897399
1.971747257128181
2.0784916740291846
2.48345859334435
2.5785519909913264
2.1209520310264027
2.221251836004466
2.0403733936884962
2.4416298737872246
2.125814583693911
2.004886164091843
2.199687794731328
2.0048861640918427
2.4391325058537374
2.4164997849817107
1.8423709931771088
2.054585169337799
2.0048861640918427
1.6201054785221864
2.219973094021975
1.9182958340544896
2.049452072789394
2.004886164091843
1.8352377453121174
2.004886164091843
1.823067982273661
2.295461844238322
1.971747257128181
2.2856005389623073
2.133937566094917
1.789929075309999
2.130926080730337
2.004886164091843
2.049432036254818
2.117492461184755
2.35274578087187
1.971747257128181
2.263809173883546
2.23345859334435
2.1280852788913944
2.0403733936884962
2.0403733936884962
2.2684727516311214
1.8676338909712125
2.1149798205164814
2.049452072789394
2.049452072789394
1.867633890971212
2.1499481955839452
2.2877837199410704
2.406666316740689
2.192005835492107
1.971747257128181
2.0
2.146465798504072
2.3158243335257076
2.2627834289765825
2.2025459616189687
2.6531541002778396
1.698214471565326
2.217021885879718
2.4634582986483036
2.049452072789394
2.075869296697727
2.406666316740689
2.049452072789394
2.1054105870684143
2.0403733936884962
2.181899057917561
2.248529327128576
1.8250112108241772
1.9508257945180885
1.7924812503605778
2.1464657985040723
1.7295739585136223
1.7295739585136223
1.7295739585136223
1.7295739585136223
1.7295739585136223
1.7295739585136223
1.7295739585136223
1.7295739585136223
1.7295739585136223
1.7295739585136223
1.7295739585136223
1.7295739585136223
1.7295739585136223
1.7295739585136223
1.7295739585136223
1.876654497859216
1.876654497859216
1.876654497859216
1.876654497859216
1.876654497859216
1.765246528378741
1.765246528378741
1.765246528378741
1.765246528378741
1.765246528378741
1.7295739585136223
1.7295739585136223
1.7295739585136223
1.7295739585136223
1.7295739585136223
1.7295739585136223
1.7295739585136223
1.7295739585136223
1.7295739585136223
1.7295739585136223
1.7295739585136223
1.7295739585136223
1.7295739585136223
1.7295739585136223
1.7295739585136223
1.876654497859216
1.876654497859216
1.876654497859216
1.876654497859216
1.876654497859216
1.765246528378741
1.765246528378741
1.765246528378741
1.765246528378741
1.765246528378741
1.7295739585136223
1.7295739585136223
1.7295739585136223
1.7295739585136223
1.7295739585136223
1.7295739585136223
1.7295739585136223
1.7295739585136223
1.7295739585136223
1.7295739585136223
1.7295739585136223
1.7295739585136223
1.7295739585136223
1.7295739585136223
1.7295739585136223
1.876654497859216
1.876654497859216
1.876654497859216
1.876654497859216
1.876654497859216
1.765246528378741
1.765246528378741
1.765246528378741
1.765246528378741
1.765246528378741
1.7295739585136223
1.7295739585136223
1.7295739585136223
1.7295739585136223
1.7295739585136223
1.7295739585136223
1.7295739585136223
1.7295739585136223
1.7295739585136223
1.7295739585136223
1.7295739585136223
1.7295739585136223
1.7295739585136223
1.7295739585136223
1.7295739585136223
1.876654497859216
1.876654497859216
1.876654497859216
1.876654497859216
1.876654497859216
2.3100712748223677
1.876654497859216
1.876654497859216
1.876654497859216
1.876654497859216
1.876654497859216
1.765246528378741
1.765246528378741
1.765246528378741
1.765246528378741
1.765246528378741
1.789929075309999
2.10845859334435
2.1768589799249654
2.049452072789394
1.9182958340544893
2.1607047528877827
2.0403733936884962
2.217021885879718
2.221251836004466
1.867633890971212
1.8799649487271108
1.867633890971212
2.2359263506290326
1.9182958340544893
1.971747257128181
1.8423709931771084
2.238920595031594
2.004886164091843
2.054585169337799
1.8676338909712125
1.9877733714879842
2.0458416408851736
2.0
1.9182958340544893
2.2256051990169436
2.0403733936884962
2.224394445405986
1.7841591278514217
2.221251836004466
2.221251836004466
1.7924812503605778
1.896240625180289
2.0403733936884962
2.217021885879718
2.040223928941852
1.9830841641434374
2.004886164091843
2.315824333525708
1.8230679822736608
2.3261207468426806
1.9591479170272446
2.040223928941852
1.867633890971212
2.1179631753145163
1.8784775129881184
2.199687794731328
2.004886164091843
2.054585169337799
1.971747257128181
2.0403733936884962
2.2806390622295662
2.287783719941071
1.823067982273661
2.0403733936884962
1.8585552118703144
2.5061440668531976
1.789929075309999
2.1967916319816365
1.877387064296613
1.789929075309999
2.049452072789394
2.440404017720928
2.0741647430225756
2.7247198033190516
2.199687794731328
1.9508257945180885
2.065765216362195
2.4164997849817103
2.125814583693911
2.2608203181716595
2.329532812896268
1.971747257128181
2.1920058354921066
2.217021885879718
2.5032583347756456
2.4237965053585313
2.263809173883546
1.9232196723355077
1.8553885422075338
1.9591479170272446
2.2841591278514217
2.403677461028802
2.4137995646056805
2.0989295636909353
2.451510777487775
2.3227569588973984
2.225610814520738
2.217021885879718
2.221251836004466
2.004886164091843
2.1887870678023824
2.0403733936884962
2.0403733936884962
1.780672129520887
2.128085278891394
2.1739731346044096
1.971747257128181
2.0403733936884962
2.004886164091843
1.971747257128181
2.119973094021975
1.789929075309999
2.2988252450030506
1.9808259362290785
2.7274852554717346
1.8676338909712125
1.971747257128181
2.049452072789394
2.5306390622295662
1.971747257128181
1.9473387961875537
2.1280852788913944
2.054585169337799
1.965596230357602
1.867633890971212
2.1800365325772657
1.971747257128181
2.0403733936884962
1.971747257128181
2.629275070710713
1.8879185026711327
2.004886164091843
2.278351811711312
2.3432578733442675
2.1314076078546704
1.9591479170272446
2.1209520310264036
2.2892464285091583
2.1684656711105887
2.125814583693911
2.771782221599798
1.75
2.221251836004466
1.9182958340544893
1.8676338909712125
2.1967916319816365
2.279799131837405
2.2890179898186576
1.8676338909712125
2.1607047528877827
2.1416195253341384
2.893233335256417
1.8676338909712125
2.0403733936884962
2.146465798504072
2.002443082045921
2.2062389286533897
2.0403733936884962
2.0403733936884962
2.1405180562767114
2.0403733936884962
1.8710217494002535
2.077819531114783
2.2877837199410704
2.702784432109454
2.066473375350478
2.054585169337799
2.163209593736385
2.0403733936884962
2.5580510765444573
1.637527797754441
2.322756958897399
2.287783719941071
2.159430655749392
2.0670314951575843
1.8423709931771084
1.9473387961875537
2.117492461184755
2.1739731346044096
1.971747257128181
1.8676338909712125
2.279799131837405
2.0403733936884962
1.8676338909712125
2.049452072789394
1.896240625180289
2.1173442079779345
2.217021885879718
2.4056390622295662
2.0403733936884962
1.9508257945180885
2.5839259400536587
1.8585552118703144
1.7924812503605778
2.4137995646056805
2.1280852788913944
2.049452072789394
1.7841591278514217
2.1774212838293647
1.9591479170272446
2.004886164091843
1.9211854965885544
1.896240625180289
2.084962500721156
1.8423709931771086
2.0202442071537563
2.206238928653389
1.795814512575827
2.4137995646056805
2.145136370153053
2.0690410360817406
2.176708760878722
2.4822921890824143
2.1280852788913944
2.0403733936884962
1.965596230357602
2.1209520310264036
2.1031974888230356
2.199687794731328
2.2806390622295662
2.4100665864959656
1.9056390622295665
2.353533948577482
2.180387732845587
1.823067982273661
2.0132790219068077
2.5994839817876887
1.7924812503605778
1.7295739585136223
2.202819531114783
2.217021885879718
1.7924812503605778
2.473851389610045
2.1179631753145163
1.789929075309999
2.767375797816042
2.353533948577482
1.9473387961875537
1.867633890971212
1.867633890971212
2.0
2.251629167387823
2.2841591278514217
2.0349409139562287
1.8676338909712125
1.9852281360342516
2.0670314951575843
1.971747257128181
1.965596230357602
1.7924812503605778
2.3111756734629556
1.958229168669878
1.8799649487271108
2.0403733936884962
2.004886164091843
1.789929075309999
2.1280852788913944
1.8339272176418302
2.0403733936884962
1.971747257128181
2.125814583693911
1.971747257128181
1.7924812503605778
2.713269689515108
2.0403733936884962
2.049452072789394
2.054585169337799
2.4137995646056805
2.199687794731328
1.8250112108241772
1.971747257128181
2.0349409139562287
1.9197367178034825
2.2892464285091583
2.0403733936884962
1.789929075309999
2.3253314601288055
1.8676338909712125
2.2627834289765825
2.584962500721156
2.049452072789394
2.292481250360578
2.4137995646056805
2.0403733936884962
1.5828765043125574
2.315824333525708
2.2856005389623073
1.9877733714879842
2.0403733936884962
1.971747257128181
1.971747257128181
2.353533948577482
2.004886164091843
1.9182958340544893
2.484255144794799
2.0403733936884962
1.9591479170272446
2.289246428509158
2.4350721870862935
2.249676735066843
1.8553885422075338
1.971747257128181
1.9877733714879842
2.3942811477133943
1.8250112108241772
2.049452072789394
2.2569089895583545
2.4634582986483036
2.1462406251802895
2.349601752714581
1.924174352300441
2.0985798617120746
1.7841591278514217
2.0349409139562287
2.403677461028802
2.0419460322060456
2.2485731395538666
2.322756958897399
1.7924812503605778
2.064042639445697
2.004886164091843
2.0403733936884962
2.0403733936884962
2.2096909728231857
2.223219672335508
1.971747257128181
2.221251836004466
2.1405180562767114
2.353533948577482
1.867633890971212
1.8676338909712125
2.0403733936884962
2.049452072789394
2.004886164091843
2.473851389610045
2.353533948577482
1.9508257945180885
2.10558726169826
1.823067982273661
1.789929075309999
2.1967916319816365
2.0403733936884962
1.971747257128181
2.251629167387823
2.217021885879718
1.867633890971212
2.2062389286533897
2.4164997849817103
2.221251836004466
2.260820318171659
1.971747257128181
1.971747257128181
1.9182958340544893
1.8879185026711327
2.463458298648303
2.1887870678023824
1.7924812503605778
2.463458298648303
1.971747257128181
2.0458416408851736
2.1179631753145163
2.2096909728231857
1.789929075309999
2.0132790219068077
2.221251836004466
2.0300872246321315
1.867633890971212
2.2544475789720946
1.7798299876761599
2.0403733936884962
2.0403733936884962
2.0403733936884962
2.063558608511122
1.93012496531497
2.0403733936884962
1.9854752972273344
1.9591479170272446
1.9954618442383218
2.0494320362548177
2.0854752972273345
1.9386790169573507
1.9591479170272446
1.8810947601100747
1.8810947601100747
1.8810947601100747
2.0403733936884962
1.971747257128181
1.6258145836939115
2.1994334375813245
2.0403733936884962
2.0403733936884962
2.217021885879718
2.1800365325772657
2.0461796919474975
2.049452072789394
1.7924812503605778
1.971747257128181
1.7924812503605778
1.9751060324573733
2.2516291673878226
2.0403733936884962
1.9301249653149701
1.8676338909712125
2.33012496531497
2.0403733936884962
2.0403733936884962
1.971747257128181
2.2890179898186576
2.104452971997052
1.758124191672977
1.9182958340544893
2.065801643590065
2.6084585933443494
2.2841837197791888
2.0403733936884962
2.0403733936884962
1.8553885422075338
2.049452072789394
1.823067982273661
1.823067982273661
1.823067982273661
1.823067982273661
1.823067982273661
1.823067982273661
1.823067982273661
1.823067982273661
1.823067982273661
1.823067982273661
2.0403733936884962
2.0403733936884962
2.0403733936884962
1.823067982273661
1.823067982273661
1.823067982273661
1.823067982273661
1.823067982273661
1.823067982273661
1.823067982273661
1.823067982273661
1.823067982273661
1.823067982273661
1.823067982273661
1.823067982273661
1.823067982273661
1.823067982273661
1.823067982273661
1.823067982273661
1.823067982273661
1.823067982273661
1.823067982273661
1.823067982273661
1.823067982273661
1.823067982273661
2.0403733936884962
1.7841591278514217
1.7841591278514217
1.7841591278514217
2.0403733936884962
2.0403733936884962
2.0403733936884962
1.971747257128181
1.823067982273661
1.823067982273661
1.823067982273661
1.823067982273661
1.823067982273661
1.823067982273661
1.823067982273661
1.823067982273661
1.823067982273661
1.823067982273661
2.004886164091843
1.823067982273661
1.823067982273661
1.823067982273661
1.823067982273661
1.823067982273661
1.823067982273661
1.823067982273661
1.823067982273661
1.823067982273661
1.823067982273661
2.0403733936884962
1.7841591278514217
1.7841591278514217
1.7841591278514217
2.004886164091843
2.004886164091843
2.004886164091843
1.7841591278514217
1.7841591278514217
1.7841591278514217
2.004886164091843
2.004886164091843
2.004886164091843
1.855388542207534
1.823067982273661
1.823067982273661
1.823067982273661
1.823067982273661
1.823067982273661
1.823067982273661
1.823067982273661
1.823067982273661
1.823067982273661
1.823067982273661
2.0403733936884962
2.0403733936884962
2.0403733936884962
1.823067982273661
1.823067982273661
1.823067982273661
1.823067982273661
1.823067982273661
1.823067982273661
1.823067982273661
1.823067982273661
1.823067982273661
1.823067982273661
2.004886164091843
2.004886164091843
2.004886164091843
2.521782221599798
1.6644977792004614
2.2125038423722683
2.018197638662459
1.8423709931771084
2.0403733936884962
1.971747257128181
2.221251836004466
2.049452072789394
1.7924812503605778
2.0349409139562287
2.251629167387823
2.406666316740689
2.279799131837405
1.971747257128181
2.463458298648303
1.789929075309999
2.0403733936884962
2.2389205950315936
2.119240704636849
2.038159681645953
2.145136370153053
2.1812056673346514
2.0985798617120746
1.823067982273661
2.4796275363413565
2.348987989077528
2.2256108145207376
1.9182958340544893
2.0349409139562287
1.971747257128181
2.2806390622295662
1.5709505944546687
1.867633890971212
2.049452072789394
1.789929075309999
2.0403733936884962
2.2062389286533897
2.221251836004466
2.049452072789394
1.9211854965885542
2.0403733936884962
2.350209029099897
2.651793902628769
2.206238928653389
1.8423709931771084
2.1165792334294133
1.946159095012416
1.7841591278514217
1.7841591278514217
2.289246428509158
2.289246428509158
1.7841591278514217
1.7841591278514217
2.289246428509158
2.289246428509158
2.4305946180235427
2.3630741894285694
2.2892464285091583
2.224601752714581
2.295461844238322
1.867633890971212
2.1920058354921066
1.855388542207534
2.0403733936884962
1.867633890971212
2.125814583693911
2.33012496531497
2.5580510765444577
1.789929075309999
2.403677461028802
2.058813890331201
2.2608203181716595
2.0403733936884962
2.049452072789394
2.292481250360578
2.004886164091843
1.9508257945180885
2.1054105870684143
2.063202513215852
2.004886164091843
2.040223928941852
1.9182958340544896
2.1280852788913944
2.3695710038552735
1.8423709931771084
2.395998870534841
1.950212064914747
2.004886164091843
2.125814583693911
1.7924812503605778
2.128085278891394
2.260820318171659
2.224601752714581
1.971747257128181
1.8676338909712125
1.867633890971212
2.116299605701696
2.074087044559035
2.0216148719112956
2.0874628412503395
1.9508257945180885
2.3050365325772657
1.971747257128181
1.971747257128181
2.260820318171659
2.2584662647321374
1.6644977792004614
2.1280852788913944
2.2841591278514217
2.049452072789394
2.353533948577482
2.263809173883546
1.8423709931771084
1.971747257128181
1.8423709931771084
1.9056390622295665
2.2051099000738694
2.1774212838293647
2.2569089895583545
2.0403733936884962
1.7924812503605778
1.867633890971212
2.0403733936884962
2.506144066853198
2.0403733936884962
2.0403733936884962
1.9790978911348045
2.359879028736861
2.349601752714581
2.004886164091843
2.322756958897399
2.322756958897399
1.7924812503605778
2.049452072789394
2.1464657985040723
2.0403733936884962
2.6337314206421327
2.322756958897399
1.789929075309999
2.1735572622751853
2.004886164091843
2.1054105870684143
2.1938311332103213
2.125814583693911
2.146465798504072
1.7659573209491748
2.1416195253341384
1.8423709931771084
2.192005835492107
2.33012496531497
2.199687794731328
2.004886164091843
2.349601752714581
2.0403733936884962
2.0403733936884962
2.1464657985040723
1.971747257128181
2.4137995646056805
2.0989295636909353
1.8423709931771084
1.971747257128181
2.221251836004466
2.2841591278514217
1.9473387961875537
1.7527152789797047
2.049452072789394
1.896240625180289
1.9182958340544896
2.1280852788913944
2.385213020743189
2.077819531114783
2.038159681645953
2.199687794731328
2.049452072789394
2.3342564252133498
2.374556048381884
2.0626292251414347
2.004886164091843
2.145136370153053
1.9508257945180885
2.0086949695628418
2.004886164091843
1.9852281360342514
2.3395722619867225
2.004886164091843
2.038159681645953
2.154796643182189
2.582059910580257
2.004886164091843
2.2841591278514217
2.699513850319966
2.2841591278514217
2.28700871148903
2.260820318171659
2.054585169337799
2.373583598653467
2.1556390622295662
2.251629167387823
2.0874628412503395
1.75
2.0403733936884962
2.3220847276178658
2.601592484110964
2.1416195253341384
1.789929075309999
1.7924812503605778
2.0
1.4488156357251847
2.260820318171659
1.7841591278514217
2.0403733936884962
2.199687794731328
2.1374417813095015
2.374556048381884
2.2051099000738685
2.0403733936884962
2.3253314601288055
2.260820318171659
2.7104692858476276
2.0954618442383217
2.217021885879718
2.263809173883546
2.7542944491633388
1.9473387961875537
1.896240625180289
1.971747257128181
2.2516291673878226
2.049452072789394
2.080500530640267
1.8799649487271108
2.221251836004466
2.0403733936884962
1.4591479170272448
1.836591668108979
2.0058269522460908
1.789929075309999
2.004886164091843
2.0403733936884962
2.4092672522514684
2.206238928653389
1.9182958340544893
2.396782221599798
1.971747257128181
2.33012496531497
1.7924812503605778
2.4478907223310395
2.2200683022340693
2.199687794731328
2.7500460007573584
2.345851989338261
2.004886164091843
2.004886164091843
2.0403733936884962
1.8585552118703144
2.084962500721156
1.7924812503605778
2.304970758229562
2.5230741894285695
1.907516971950949
2.219240704636849
1.9508257945180885
1.867633890971212
2.054585169337799
2.0349409139562287
2.2890179898186576
2.3959988705348416
2.521782221599798
2.1867043459100244
2.049452072789394
2.118093079944553
2.1607047528877827
2.292481250360578
2.146465798504072
2.075074223172834
2.3143204867061784
2.6464185454915587
1.8468870513032214
1.789929075309999
1.896240625180289
2.114805144339332
2.1609640474436813
2.614369445886757
2.038760752862686
2.0403733936884962
2.064042639445697
2.0209206071639096
2.3071885761626687
1.9852281360342512
2.270942421748537
2.004886164091843
1.4591479170272448
1.8423709931771084
2.584962500721156
2.3921472236645345
2.077235445408308
1.971747257128181
2.0964265111560016
2.049452072789394
1.9508257945180885
2.0403733936884962
1.7924812503605778
2.249658802766135
2.004886164091843
2.0349409139562287
1.9591479170272446
2.8087462305923774
2.004886164091843
1.9056390622295665
2.0403733936884962
1.896240625180289
1.8230679822736608
1.9056390622295665
2.1920058354921066
1.7924812503605778
2.271782221599798
1.971747257128181
2.1280852788913944
1.8423709931771084
1.971747257128181
2.3050365325772657
2.4192407046368487
2.0403733936884962
2.1280852788913944
2.2797991318374056
1.858040253688799
1.789929075309999
1.8676338909712125
2.2030713060627085
2.251629167387823
2.038159681645953
2.2684727516311214
2.0216148719112956
1.789929075309999
1.4591479170272446
1.7924812503605778
2.292481250360578
2.2841591278514217
2.271782221599798
1.7779849042597489
1.9056390622295665
2.271782221599798
1.7609640474436812
2.049452072789394
2.0403733936884962
1.8676338909712125
1.9877733714879842
1.9877733714879842
2.396782221599798
2.0294069451656007
1.7956828983511028
2.220068302234069
2.263809173883546
2.278351811711312
2.28558992945765
2.0403733936884962
1.965596230357602
2.2806390622295662
1.9591479170272446
1.9508257945180885
2.080500530640267
2.260820318171659
1.811278124459133
1.9591479170272446
2.33012496531497
2.2892464285091583
2.148834854280917
1.9005332770550816
2.1054105870684143
2.1054105870684143
2.004886164091843
2.017801027300537
2.0989295636909353
1.9508257945180885
2.004886164091843
1.8352377453121174
2.216521698179525
2.004886164091843
1.823067982273661
2.1800365325772657
2.1920058354921066
1.9523612813926658
2.004886164091843
2.145136370153053
1.863120568566631
1.9993896755123952
2.054585169337799
1.7924812503605778
2.292071752457787
2.292071752457787
2.292071752457787
2.292071752457787
2.292071752457787
2.292071752457787
2.292071752457787
2.292071752457787
2.292071752457787
2.292071752457787
2.292071752457787
2.292071752457787
2.292071752457787
2.292071752457787
2.292071752457787
2.292071752457787
2.292071752457787
2.292071752457787
2.292071752457787
2.292071752457787
2.292071752457787
2.292071752457787
2.292071752457787
2.292071752457787
2.292071752457787
2.292071752457787
2.292071752457787
2.292071752457787
2.292071752457787
2.292071752457787
2.292071752457787
2.292071752457787
2.292071752457787
2.292071752457787
2.292071752457787
2.292071752457787
2.292071752457787
2.292071752457787
2.292071752457787
2.292071752457787
2.292071752457787
2.292071752457787
2.292071752457787
2.292071752457787
2.292071752457787
2.292071752457787
2.292071752457787
2.292071752457787
2.292071752457787
2.292071752457787
2.292071752457787
2.292071752457787
2.292071752457787
2.292071752457787
2.292071752457787
2.292071752457787
2.292071752457787
2.292071752457787
2.292071752457787
2.292071752457787
2.292071752457787
2.292071752457787
2.292071752457787
2.292071752457787
2.292071752457787
2.292071752457787
2.292071752457787
2.292071752457787
2.292071752457787
2.292071752457787
2.292071752457787
2.292071752457787
2.292071752457787
2.292071752457787
2.292071752457787
2.292071752457787
2.292071752457787
2.292071752457787
2.292071752457787
2.292071752457787
2.292071752457787
2.292071752457787
2.292071752457787
2.292071752457787
2.292071752457787
2.292071752457787
2.292071752457787
2.292071752457787
2.292071752457787
2.292071752457787
2.292071752457787
2.292071752457787
2.292071752457787
2.292071752457787
2.292071752457787
2.292071752457787
2.292071752457787
2.292071752457787
2.292071752457787
2.292071752457787
2.292071752457787
2.292071752457787
2.292071752457787
2.292071752457787
2.292071752457787
2.292071752457787
2.292071752457787
2.292071752457787
2.292071752457787
2.292071752457787
2.292071752457787
2.292071752457787
2.292071752457787
2.292071752457787
2.292071752457787
2.292071752457787
2.292071752457787
2.292071752457787
2.292071752457787
2.292071752457787
2.292071752457787
2.292071752457787
2.292071752457787
2.292071752457787
2.292071752457787
2.292071752457787
2.292071752457787
2.292071752457787
2.292071752457787
2.292071752457787
2.292071752457787
2.292071752457787
2.292071752457787
2.292071752457787
2.292071752457787
2.292071752457787
2.292071752457787
2.292071752457787
2.292071752457787
2.292071752457787
2.292071752457787
2.292071752457787
2.292071752457787
2.292071752457787
2.292071752457787
2.292071752457787
2.292071752457787
2.292071752457787
2.292071752457787
2.292071752457787
2.292071752457787
2.292071752457787
2.292071752457787
2.292071752457787
2.292071752457787
2.292071752457787
2.292071752457787
2.292071752457787
2.292071752457787
2.292071752457787
2.292071752457787
2.292071752457787
2.292071752457787
2.292071752457787
2.292071752457787
2.292071752457787
2.292071752457787
2.292071752457787
2.292071752457787
2.292071752457787
2.292071752457787
2.292071752457787
2.292071752457787
2.292071752457787
2.292071752457787
2.292071752457787
2.292071752457787
2.292071752457787
2.292071752457787
2.292071752457787
2.292071752457787
2.292071752457787
2.292071752457787
2.292071752457787
2.292071752457787
2.292071752457787
2.292071752457787
2.292071752457787
2.292071752457787
2.292071752457787
2.292071752457787
2.292071752457787
2.292071752457787
2.292071752457787
2.292071752457787
2.292071752457787
2.292071752457787
2.292071752457787
2.292071752457787
2.292071752457787
2.292071752457787
2.292071752457787
2.292071752457787
2.292071752457787
2.292071752457787
2.292071752457787
2.292071752457787
2.292071752457787
2.292071752457787
2.292071752457787
2.292071752457787
2.292071752457787
2.292071752457787
2.292071752457787
2.292071752457787
2.292071752457787
2.292071752457787
2.292071752457787
2.292071752457787
2.292071752457787
2.292071752457787
2.292071752457787
2.292071752457787
2.292071752457787
2.292071752457787
2.292071752457787
2.292071752457787
2.292071752457787
2.292071752457787
2.292071752457787
2.292071752457787
2.292071752457787
2.292071752457787
2.292071752457787
2.292071752457787
2.292071752457787
2.292071752457787
2.292071752457787
2.292071752457787
2.292071752457787
2.292071752457787
2.292071752457787
2.292071752457787
2.292071752457787
2.292071752457787
2.292071752457787
2.292071752457787
2.292071752457787
2.292071752457787
2.292071752457787
2.292071752457787
2.292071752457787
2.292071752457787
2.292071752457787
2.292071752457787
2.292071752457787
2.292071752457787
2.292071752457787
2.292071752457787
2.292071752457787
2.292071752457787
2.292071752457787
2.292071752457787
2.292071752457787
2.292071752457787
2.292071752457787
2.292071752457787
2.292071752457787
2.292071752457787
2.292071752457787
2.292071752457787
2.292071752457787
2.292071752457787
2.292071752457787
2.292071752457787
2.292071752457787
2.292071752457787
2.292071752457787
2.292071752457787
2.292071752457787
2.292071752457787
2.292071752457787
2.292071752457787
2.292071752457787
2.292071752457787
2.292071752457787
2.292071752457787
2.292071752457787
2.292071752457787
2.292071752457787
2.292071752457787
2.292071752457787
2.292071752457787
2.292071752457787
2.292071752457787
2.292071752457787
2.292071752457787
2.292071752457787
2.292071752457787
2.292071752457787
2.292071752457787
2.292071752457787
2.292071752457787
2.292071752457787
2.292071752457787
2.292071752457787
2.292071752457787
2.292071752457787
2.292071752457787
2.292071752457787
2.292071752457787
2.292071752457787
2.292071752457787
2.292071752457787
2.292071752457787
2.292071752457787
2.292071752457787
2.292071752457787
2.292071752457787
2.292071752457787
2.292071752457787
2.292071752457787
2.292071752457787
2.292071752457787
2.292071752457787
2.292071752457787
2.292071752457787
2.292071752457787
2.292071752457787
2.292071752457787
2.292071752457787
2.292071752457787
2.292071752457787
2.292071752457787
2.292071752457787
2.292071752457787
2.292071752457787
2.292071752457787
2.292071752457787
2.292071752457787
2.292071752457787
2.292071752457787
2.292071752457787
2.292071752457787
2.292071752457787
2.292071752457787
2.292071752457787
2.292071752457787
2.292071752457787
2.292071752457787
2.292071752457787
2.292071752457787
2.292071752457787
2.292071752457787
2.292071752457787
2.292071752457787
2.292071752457787
2.292071752457787
2.292071752457787
2.292071752457787
2.292071752457787
2.292071752457787
2.292071752457787
2.292071752457787
2.292071752457787
2.292071752457787
2.292071752457787
2.292071752457787
2.292071752457787
2.292071752457787
2.292071752457787
2.292071752457787
2.292071752457787
2.292071752457787
2.292071752457787
2.292071752457787
2.292071752457787
2.292071752457787
2.292071752457787
2.292071752457787
2.292071752457787
2.292071752457787
2.292071752457787
2.292071752457787
2.292071752457787
2.292071752457787
2.292071752457787
2.292071752457787
2.292071752457787
2.292071752457787
2.292071752457787
2.292071752457787
2.292071752457787
2.292071752457787
2.292071752457787
2.292071752457787
2.292071752457787
2.292071752457787
2.292071752457787
2.292071752457787
2.2032633173641694
2.0403733936884962
2.1556390622295662
2.555913095175825
1.9464393446710153
1.8676338909712125
2.0403733936884962
2.0403733936884962
2.287783719941071
2.1920058354921066
2.2195571381667025
2.049452072789394
1.971747257128181
2.2810361125534233
2.2890179898186576
2.0532635745669556
2.1393538721672005
2.1500224216483543
1.9301249653149701
2.1592768042272796
2.0909899670084697
2.040223928941852
2.3921472236645345
2.463458298648303
1.8676338909712125
1.9220231428515733
2.0048861640918427
1.971747257128181
1.971747257128181
2.358938532350277
2.521782221599798
1.9386790169573507
2.0930692077718893
2.0403733936884962
2.292481250360578
2.2841591278514217
2.322756958897399
2.1568906574660116
2.4613201402110083
1.823067982273661
2.125814583693911
1.9182958340544896
1.6644977792004614
2.2359263506290326
2.1814963295286756
2.125814583693911
1.789929075309999
2.049452072789394
1.75
2.1800365325772657
1.9182958340544893
2.6691196930639887
2.440404017720928
2.4928786893420307
2.074164743022575
2.2226985348317254
1.856653212780932
1.8676338909712125
2.649792160662663
2.3921472236645345
2.3627402784989338
2.1556390622295662
2.2062389286533897
1.6577427265048887
1.9268680175017443
2.0324876891689536
2.4915485198790632
1.8423709931771084
1.971747257128181
1.855388542207534
2.3232196723355076
2.2841591278514217
2.0403733936884962
2.2890179898186576
2.7395722619867224
2.545999197128142
2.0403733936884962
2.271782221599798
1.9473387961875537
1.6644977792004614
2.1416195253341384
2.1556390622295662
2.130926080730337
1.789929075309999
2.500717071323329
2.3502090290998976
2.5219280948873624
2.103909910282364
2.6601297526332575
1.971747257128181
2.324409393171556
2.0403733936884962
1.789929075309999
2.049452072789394
1.9211854965885542
2.3220847276178658
1.9628066316931743
2.0403733936884962
2.0403733936884962
1.8423709931771084
2.221251836004466
1.9157397094479922
1.823067982273661
1.9182958340544896
2.1280852788913944
2.396782221599798
1.867633890971212
2.049452072789394
2.1174924611847548
1.867633890971212
1.971747257128181
1.8423709931771084
1.971747257128181
1.823067982273661
2.359879028736861
2.0403733936884962
2.1179631753145163
2.271095106644018
2.0403733936884962
1.8676338909712125
2.217021885879718
1.789929075309999
2.1916116417513782
2.217021885879718
2.1920058354921066
2.4404040177209283
2.292481250360578
2.2877837199410704
2.0403733936884962
2.199687794731328
2.221251836004466
2.004886164091843
2.2841591278514217
1.9591479170272446
2.049452072789394
1.789929075309999
2.4196551613266495
2.0199730940219753
2.0
2.1920058354921066
2.1416195253341384
1.789929075309999
2.646782221599798
2.049452072789394
1.9182958340544893
1.780672129520887
2.192005835492107
2.23345859334435
2.1556390622295662
2.322756958897399
1.8230264907128848
2.0805576533947314
2.0403733936884962
1.867633890971212
2.4137995646056805
2.0403733936884962
1.823067982273661
2.221251836004466
2.260820318171659
2.221251836004466
2.2890179898186576
2.117492461184755
2.4584538292330596
2.1556390622295662
2.349601752714581
2.0670314951575843
2.0403733936884962
1.789929075309999
2.0403733936884962
1.9852281360342514
1.9669171866886992
2.0403733936884962
2.4613201402110083
2.353533948577482
1.8810947601100745
2.1887870678023824
2.33012496531497
2.0349409139562287
2.064042639445697
1.789929075309999
2.0403733936884962
2.1920058354921066
1.9591479170272446
2.1416195253341384
2.022579761842491
2.0
2.049452072789394
2.406666316740689
2.049452072789394
1.6691803368667308
1.75
2.0403733936884962
1.9877733714879842
1.75
2.353533948577482
2.199687794731328
2.049452072789394
1.8676338909712125
2.125814583693911
1.867633890971212
2.1577174691301484
2.054585169337799
2.016875695766564
1.9211854965885544
2.374556048381884
2.1280852788913944
2.5566567074628237
1.8339272176418302
2.054585169337799
1.870253816431622
2.2569089895583545
2.33012496531497
2.521640636343318
1.8423709931771086
2.619450628301315
2.25
2.054585169337799
1.971747257128181
2.199687794731328
1.971747257128181
2.1416195253341384
2.116299605701696
2.0403733936884962
2.499218483597409
2.221251836004466
1.6171895725927152
1.9591479170272446
2.054585169337799
2.1416195253341384
1.8676338909712125
1.7004397181410922
1.9591479170272446
2.084962500721156
2.0403733936884962
2.1416195253341384
1.971747257128181
2.353533948577482
2.004886164091843
2.057924310831006
2.396782221599798
2.221251836004466
2.25
2.1508526556840364
2.0403733936884962
2.054585169337799
2.251629167387823
2.2841591278514217
2.0349409139562287
1.8676338909712125
2.3522170014624826
2.3522170014624826
2.3522170014624826
2.3522170014624826
2.3522170014624826
2.3522170014624826
2.3522170014624826
2.3522170014624826
2.3522170014624826
2.3522170014624826
2.3522170014624826
2.3522170014624826
1.971747257128181
1.971747257128181
2.1416195253341384
2.004886164091843
1.789929075309999
2.0419460322060456
2.084962500721156
1.8810947601100747
2.263809173883546
1.8262452584026092
1.823067982273661
2.4416298737872246
2.1440239107574226
2.004886164091843
2.332914563979398
2.004886164091843
2.278787598135611
2.1416195253341384
2.1716471811466906
1.8879185026711327
1.8676338909712125
1.8423709931771084
2.064042639445697
2.1280852788913944
2.2096909728231857
2.0
2.2062389286533897
2.179350202453772
1.823067982273661
1.789929075309999
2.440404017720928
2.322756958897399
1.971747257128181
2.175646899398185
2.0403733936884962
2.396782221599798
1.8339272176418302
2.0403733936884962
1.971747257128181
2.049452072789394
2.3942811477133943
2.4137995646056805
1.971747257128181
2.4225797618424916
2.127986806877675
2.279799131837405
2.278787598135611
1.971747257128181
1.971747257128181
2.892079563925711
2.0403733936884962
2.2890179898186576
1.9591479170272446
2.004886164091843
2.2096909728231857
2.049452072789394
1.7841591278514217
2.128085278891394
2.0331516391539957
2.2841591278514217
1.823067982273661
1.9877733714879842
2.1535654389463623
2.049954741862505
2.0403733936884962
1.971747257128181
2.4056390622295662
1.971747257128181
2.43426857323048
2.2797991318374056
2.1596275363413566
2.421185496588554
1.75
2.038159681645953
2.049452072789394
2.153291231890481
1.867633890971212
2.353533948577482
2.038159681645953
2.148834854280917
1.9312089489103226
2.0403733936884962
2.0308550939547767
2.3158243335257076
2.3050365325772657
1.7295739585136223
1.8676338909712125
2.3232196723355076
2.289246428509158
1.867633890971212
1.7924812503605778
2.358938532350277
2.1632095937363847
2.004886164091843
1.9986525468781666
2.0403733936884962
2.4248356349861986
1.8676338909712125
1.867633890971212
1.8496017527145812
1.971747257128181
2.292481250360578
2.125814583693911
1.7924812503605778
2.004886164091843
2.25
2.049452072789394
1.971747257128181
1.7924812503605778
2.45870378086441
2.4954618442383216
2.041158178496845
2.1812056673346514
1.6644977792004614
1.9019052970827914
2.2890179898186576
1.860964047443681
2.5189704621597437
2.146782221599798
2.125814583693911
2.0403733936884962
1.9591479170272446
2.225610814520738
2.2256051990169436
2.038159681645953
2.1280852788913944
2.0
2.225605199016944
1.971747257128181
2.0349409139562287
2.460964047443681
2.4225797618424916
2.2877837199410704
2.0890287099699356
2.473851389610045
2.0588796981339734
2.1054105870684143
2.4314162074612065
2.1936109962096473
1.823067982273661
2.0741647430225756
2.1258145836939115
2.1920058354921066
2.353533948577482
2.480482023721841
2.3220847276178658
2.4137995646056805
2.0849625007211565
2.0849625007211565
2.0849625007211565
2.0849625007211565
2.0849625007211565
2.038159681645953
2.128085278891394
2.064042639445697
2.0403733936884962
1.9751060324573733
1.789929075309999
2.1280852788913944
2.1735572622751853
2.0403733936884962
2.2062389286533897
1.914341183612352
2.2890179898186576
2.1295679874183233
2.049452072789394
2.217021885879718
2.049452072789394
2.038159681645953
2.0403733936884962
2.148834854280917
2.1774212838293647
2.004886164091843
2.054585169337799
1.9591479170272446
1.5
2.4092672522514684
2.004886164091843
2.054585169337799
1.789929075309999
2.0182155146751497
1.9591479170272446
1.871602261409798
1.9508257945180885
2.049452072789394
2.0403733936884962
1.8423709931771084
2.3301249653149703
2.0403733936884962
2.080500530640267
2.353533948577482
2.1280852788913944
2.254447578972094
1.867633890971212
2.278351811711312
2.1556390622295662
2.199687794731328
2.2232196723355075
2.4663173249106327
1.7841591278514217
2.353533948577482
2.2810361125534233
2.3959988705348416
1.8423709931771084
2.1838936296611426
1.9579393553211155
2.6369210852794294
2.1887870678023824
2.2062389286533897
2.485516066834436
2.0403733936884962
1.7924812503605778
2.0657652163621947
1.8230264907128848
1.9182958340544893
2.221251836004466
2.054585169337799
1.9508257945180885
1.9898980954642875
2.25
2.1609640474436813
2.0758692966977272
2.125814583693911
2.3942811477133943
2.424574510980083
2.0532359131272915
2.199687794731328
2.1162996057016965
2.172837249931209
2.1174924611847548
1.7924812503605778
2.0403733936884962
2.0403733936884962
1.971747257128181
1.8585552118703144
1.9182958340544893
2.0922718656836103
2.1280852788913944
2.4137995646056805
2.2499287645227692
2.7329584811468717
2.5724312513221195
2.2232196723355075
2.1416195253341384
1.9182958340544893
2.119707550936481
2.049452072789394
2.0403733936884962
2.1040514998942057
2.205109900073869
1.823067982273661
2.1280852788913944
2.004886164091843
2.1767669742887406
2.0
2.556656707462823
2.1471251585103026
2.054585169337799
2.2841591278514217
1.9182958340544893
2.530506034232994
1.760495029766198
1.867633890971212
2.375
1.789929075309999
2.1416195253341384
1.971747257128181
2.044110417748401
2.499544305608131
1.867633890971212
2.440404017720928
2.054585169337799
1.867633890971212
2.711897470347699
2.0403733936884962
2.004886164091843
2.4792336948111924
2.004886164091843
1.9211854965885542
2.004886164091843
1.971747257128181
1.8716022614097982
1.971747257128181
2.292481250360578
1.9591479170272446
2.0403733936884962
1.8676338909712125
2.0403733936884962
1.971747257128181
2.058813890331201
2.395461844238322
2.0872103113389793
2.125814583693911
2.116299605701696
1.9211796919474975
2.3862661425265332
2.3921472236645345
2.319973094021975
2.091917186688699
1.971747257128181
1.789929075309999
2.1440239107574226
2.279799131837405
1.971747257128181
2.339572261986723
2.1233958603411427
2.0321654021612106
2.2065442182128785
2.1131060113376825
1.7924812503605778
2.1174924611847548
2.072905595320056
2.5073801024236357
1.9877733714879842
1.962806631693174
2.004886164091843
2.125
2.125814583693911
1.8676338909712125
1.9211854965885542
1.9182958340544893
1.949526332323075
2.0403733936884962
1.971747257128181
2.0741647430225756
2.0403733936884962
2.422579761842491
1.914341183612352
1.7909444655621347
2.1492553971685
2.0202442071537563
1.8423709931771084
2.1739731346044096
2.2988252450030506
1.9268680175017443
2.0872520915136796
2.0403733936884962
1.7924812503605778
1.811278124459133
2.049452072789394
2.1280852788913944
2.0157404324930677
1.8038174214314744
2.049452072789394
2.2608203181716595
1.8676338909712125
2.5580510765444573
1.780672129520887
2.250610045120464
2.004886164091843
2.3704015192548398
2.4626831892554915
1.5487949406953985
2.0403733936884962
1.855388542207534
2.0403733936884962
2.0403733936884962
1.757461065745106
1.9015064025015063
1.7841591278514217
1.9182958340544893
2.054585169337799
2.004886164091843
2.287783719941071
1.8676338909712125
2.473851389610045
2.199687794731328
2.0070024854224284
2.440404017720928
2.072905595320056
2.032128525239341
2.075074223172834
1.8676338909712125
2.054585169337799
2.049452072789394
2.5580510765444573
2.270942421748537
2.0341591278514217
2.119973094021975
2.294519908254462
2.292481250360578
1.823067982273661
1.7924812503605778
2.217021885879718
1.789929075309999
1.7924812503605778
2.128085278891394
2.128085278891394
2.058813890331201
2.128182704908593
1.971747257128181
2.10558726169826
2.000080876099379
2.146465798504072
2.0403733936884962
2.3942811477133943
2.038159681645953
2.3050365325772657
1.8322628970242685
2.0403733936884962
1.789929075309999
1.7924812503605778
2.0192365361682794
2.1179631753145163
2.0349409139562287
2.0985798617120746
2.077819531114783
1.9211854965885542
2.1174924611847548
2.0403733936884962
2.1609640474436813
1.971747257128181
2.224601752714581
2.130926080730337
2.004886164091843
2.1916116417513782
2.1711395066729176
2.1765359710463894
1.976648091673972
2.359879028736861
2.020800094781482
2.0670314951575843
2.2806390622295662
2.054585169337799
2.133937566094917
2.117492461184755
2.0
1.8676338909712125
2.1280852788913944
2.0670314951575843
1.6644977792004614
2.5052077877155696
1.867633890971212
1.9852281360342514
2.054585169337799
2.3609640474436815
1.7924812503605778
2.0403733936884962
2.3208020839342964
1.75
2.049452072789394
2.251629167387823
1.971747257128181
2.726009559305341
2.019973094021975
2.2569089895583545
2.271782221599798
2.3959089118083425
2.260820318171659
2.353533948577482
2.3220847276178658
2.130926080730337
1.971747257128181
2.2783518117113117
1.8230264907128848
2.4137995646056805
2.0670314951575843
2.739572261986723
2.0349409139562287
1.9182958340544893
1.971747257128181
2.004886164091843
2.1889666101343788
2.122988908553402
2.1813152774012363
2.353533948577482
1.7924812503605778
2.054585169337799
2.0634582986483037
2.278351811711312
1.971747257128181
2.1280852788913944
2.2062389286533897
2.058813890331201
2.038159681645953
2.1179631753145163
1.877387064296613
2.119240704636849
1.971747257128181
2.1887870678023824
2.038159681645953
1.971747257128181
2.278351811711312
2.0814963295286755
2.217021885879718
2.287783719941071
2.0403733936884962
2.004886164091843
1.9056390622295665
2.1280852788913944
2.1280852788913944
2.221251836004466
1.8810947601100747
2.4056390622295662
1.965596230357602
1.9149527911445672
2.1174924611847548
2.0403733936884962
2.7464393446710154
2.217021885879718
2.064042639445697
2.278351811711312
2.049452072789394
2.2516144718101816
2.0225797618424917
1.7924812503605778
2.7395722619867224
2.0403733936884962
2.0403733936884962
2.217021885879718
2.217021885879718
2.0930692077718898
1.789929075309999
2.406666316740689
2.023219672335508
1.9591479170272446
1.9182958340544893
2.337849067683993
2.054585169337799
1.789929075309999
1.8810947601100747
2.3355055565170972
2.4269095078595067
2.0403733936884962
2.1390976555739165
1.823067982273661
1.7783283537314114
1.8423709931771084
2.4225797618424916
2.0403733936884962
2.192005835492107
2.049452072789394
1.9993896755123952
2.0403733936884962
2.125814583693911
2.422579761842491
2.0349409139562287
1.965596230357602
2.0403733936884962
1.823067982273661
1.8423709931771088
2.4300365325772657
1.584962500721156
1.8585552118703144
2.1416195253341384
2.217021885879718
2.145136370153053
1.971747257128181
2.359879028736861
1.780672129520887
2.040739763277882
2.384115127932207
2.217021885879718
2.0
2.1967916319816365
1.789929075309999
2.0403733936884962
2.0403733936884962
2.1920058354921066
2.125814583693911
2.0403733936884962
2.2613292201193773
2.004886164091843
1.867633890971212
1.7924812503605778
2.224601752714581
2.058813890331201
1.8423709931771084
2.219240704636849
2.125814583693911
2.2892464285091583
1.9591479170272446
2.212503842372268
1.6644977792004614
2.1416195253341384
2.217021885879718
2.004886164091843
2.075869296697727
2.291620193427939
2.049452072789394
1.8423709931771084
1.8556037770398301
2.0550365325772657
2.1920058354921066
2.125814583693911
1.584962500721156
2.0403733936884962
2.185475297227334
1.9182958340544893
2.125814583693911
2.343257873344267
2.054585169337799
1.823067982273661
2.125814583693911
1.9182958340544893
2.0349409139562287
1.8585552118703144
2.5073801024236357
2.1556390622295662
2.263809173883546
2.0403733936884962
2.0403733936884962
2.004886164091843
1.971747257128181
2.0403733936884962
2.291620193427939
1.971747257128181
2.473851389610045
1.971747257128181
1.7295739585136223
2.1967916319816365
2.199687794731328
2.004886164091843
2.289246428509158
1.8318599943722043
2.09098996700847
2.0741647430225756
2.5073801024236357
2.0086949695628418
2.292481250360578
2.221251836004466
2.3317663774021273
2.0403733936884962
1.7924812503605778
2.463458298648303
1.8810947601100747
2.4225797618424916
2.0403733936884962
2.5580510765444573
2.4331958387289765
2.278351811711312
2.1774212838293647
1.8676338909712125
2.125
2.345851989338261
2.049452072789394
2.004886164091843
2.0403733936884962
1.971747257128181
2.0588138903312014
2.0403733936884962
1.7295739585136223
2.0403733936884962
2.609831317876851
2.125814583693911
2.6395239902382492
2.004886164091843
1.96981578242681
2.007856063692049
2.353533948577482
2.0403733936884962
2.0403733936884962
1.789929075309999
1.584962500721156
2.1280852788913944
2.128085278891394
2.0403733936884962
1.896240625180289
2.199687794731328
2.199687794731328
2.125814583693911
2.196957186327418
2.521782221599798
2.286778622725771
2.049452072789394
2.1393538721672005
1.8016366412706075
1.9508257945180885
1.823067982273661
2.292481250360578
2.0403733936884962
2.2841591278514217
2.1280852788913944
2.0403733936884962
2.049452072789394
2.474601752714581
2.279799131837405
2.1967916319816365
1.811278124459133
2.4842551447947985
2.0403733936884962
2.049452072789394
1.971747257128181
2.289246428509158
2.1920058354921066
2.2841591278514217
1.823067982273661
1.9182958340544896
2.5073801024236357
2.038159681645953
1.8732214356139147
1.8339272176418302
1.8339272176418302
2.286969843139304
1.854285871987246
1.8676338909712125
2.2256051990169436
1.7924812503605778
2.125814583693911
2.3050365325772657
1.75
2.251629167387823
2.0403733936884962
2.125814583693911
2.1179631753145163
2.5073801024236357
2.3720946377956236
1.7381493331928664
2.5341468438052397
2.0
2.0403733936884962
2.007856063692049
2.128085278891394
1.971747257128181
2.353533948577482
2.179350202453772
1.971747257128181
2.054585169337799
1.968873874720721
2.0403733936884962
2.4465830979570886
2.3248629576173565
2.0202442071537563
2.0403733936884962
1.971747257128181
1.8423709931771086
2.1920058354921066
2.120952031026403
2.1280852788913944
2.0403733936884962
2.4137995646056805
2.675766770467425
2.125814583693911
2.0403733936884962
1.971747257128181
2.260820318171659
2.33012496531497
1.789929075309999
2.0403733936884962
2.145136370153053
2.4632431204148593
1.4591479170272448
2.038159681645953
2.004886164091843
2.3908636968570445
2.1179631753145163
2.049452072789394
1.9852281360342514
2.1967916319816365
1.9508257945180885
1.6644977792004614
1.9182958340544896
1.971747257128181
1.867633890971212
2.0403733936884962
1.971747257128181
2.353533948577482
2.125814583693911
1.8423709931771084
2.0670314951575843
1.867633890971212
2.5
2.054585169337799
1.8423709931771084
2.054585169337799
1.5916587014077148
2.0403733936884962
2.0091255469473577
2.292481250360578
1.9473387961875537
1.8879185026711327
2.040223928941852
2.125814583693911
1.965596230357602
2.005977711423774
2.1179631753145163
2.0989295636909353
2.0403733936884962
2.636842188131012
2.292481250360578
2.080500530640267
2.292481250360578
2.1174924611847548
1.971747257128181
2.0
1.75
2.125814583693911
2.292481250360578
2.049452072789394
2.198845211586675
2.197159723424149
2.319240704636849
2.406666316740689
2.1174924611847548
1.971747257128181
2.375
1.971747257128181
1.9182958340544893
2.2051099000738694
2.603596627078551
2.2841591278514217
2.0038561897747247
1.9591479170272446
1.8170594523438588
1.789929075309999
2.292481250360578
1.8676338909712125
2.556656707462823
2.2075187496394224
1.9852281360342512
2.1920058354921066
1.823067982273661
1.811278124459133
1.7295739585136223
1.971747257128181
2.1416195253341384
2.1405180562767114
2.2877837199410704
2.0403733936884962
1.971747257128181
2.0403733936884962
2.2256051990169436
2.1280852788913944
1.971747257128181
2.319240704636849
2.353533948577482
2.1690354219421173
1.7924812503605778
2.396782221599798
1.9591479170272446
2.221251836004466
1.9182958340544893
2.143780234737159
2.038159681645953
2.220068302234069
2.292481250360578
2.0403733936884962
2.049452072789394
1.7295739585136223
2.225605199016944
2.4164997849817107
1.823067982273661
1.789929075309999
1.971747257128181
1.971747257128181
1.72644428975599
2.358938532350277
2.531217131152071
1.971747257128181
2.260820318171659
2.219240704636849
2.049452072789394
2.1916116417513782
1.9056390622295665
1.811278124459133
2.234201009820717
1.789929075309999
1.971747257128181
1.8423709931771088
2.054585169337799
2.146465798504072
1.9508257945180885
2.2783518117113117
2.221251836004466
1.8676338909712125
1.811278124459133
1.8423709931771084
1.8843135277997989
2.0
2.7890154778861933
2.004886164091843
2.0814963295286755
2.0131324651707385
2.719964304742391
1.8676338909712125
1.6644977792004614
2.245869617795809
2.2424478051906767
2.221251836004466
2.319753948020712
2.047735216892356
2.0403733936884962
2.343257873344267
2.0403733936884962
2.1353503825268683
2.125814583693911
1.867633890971212
1.9301559669598642
2.25
2.004886164091843
2.283284343423451
2.424835634986198
2.0403733936884962
1.9161269465882842
2.111636870709878
2.0487949406953985
2.624726209504296
2.3208020839342964
2.0403733936884962
2.1280852788913944
2.292481250360578
2.125814583693911
1.8585552118703144
1.867633890971212
1.823067982273661
2.263809173883546
2.292481250360578
2.038159681645953
2.1920058354921066
1.867633890971212
2.2890179898186576
2.4729055953200563
2.049452072789394
2.1416195253341384
2.049452072789394
2.084962500721156
1.867633890971212
2.3068905956085186
2.125
1.9852281360342514
2.287783719941071
2.6227336390297045
1.6577427265048887
2.038159681645953
1.971747257128181
2.0403733936884962
2.0403733936884962
1.789929075309999
2.0349409139562287
2.117492461184755
1.8585552118703144
2.291620193427939
2.587504346796978
2.0131324651707385
1.9852281360342516
1.9772354454083079
2.054585169337799
1.9746017527145812
2.054585169337799
2.054585169337799
1.867633890971212
2.054585169337799
2.0403733936884962
1.6644977792004614
2.263809173883546
1.75
1.9508257945180885
1.8879185026711327
1.789929075309999
1.8810947601100747
1.867633890971212
2.2810361125534233
2.217021885879718
1.731360029190912
2.0403733936884962
1.811278124459133
2.5073801024236357
1.9877733714879842
2.0403733936884962
2.1280852788913944
1.9591479170272446
2.053173509552229
2.1607047528877827
2.125814583693911
2.1739731346044096
2.049452072789394
1.823067982273661
2.049452072789394
2.251629167387823
2.199687794731328
2.0403733936884962
2.004886164091843
2.0403733936884962
2.3787834934861753
2.049452072789394
1.971747257128181
1.8352377453121174
1.7924812503605778
2.199687794731328
2.3432578733442675
1.8250112108241772
1.7924812503605778
2.0403733936884962
2.0
2.1803373810675706
2.651793902628769
2.0403733936884962
1.8676338909712125
2.349601752714581
2.0403733936884962
1.7924812503605778
1.7295739585136223
2.125814583693911
2.054585169337799
1.8810947601100747
2.0134893002931973
1.971747257128181
1.9814963295286754
1.789929075309999
2.60845859334435
2.146465798504072
1.9877733714879842
1.8676338909712125
1.8676338909712125
2.221251836004466
2.375
1.867633890971212
1.8748587169101305
2.004886164091843
2.0403733936884962
1.971747257128181
2.403677461028802
1.8676338909712125
1.8250112108241772
2.339572261986723
1.9182958340544893
1.9182958340544893
2.25
1.6644977792004614
2.1920058354921066
1.75
2.5073801024236357
2.054585169337799
2.054585169337799
1.950212064914747
2.3942811477133943
2.521782221599798
2.1311772582376163
1.7841591278514217
2.0403733936884962
2.292481250360578
1.899721832409614
1.686189844084022
2.521782221599798
2.13831831092668
2.1280852788913944
1.8676338909712125
2.2988252450030506
1.7534343861887849
1.8676338909712125
1.971747257128181
2.3627402784989338
2.1556390622295662
2.5073801024236357
2.5073801024236357
1.9591479170272446
2.0403733936884962
2.049452072789394
2.038760752862686
2.289246428509158
1.789929075309999
2.0403733936884962
2.1556390622295662
2.0670314951575843
2.004886164091843
1.9056390622295665
2.403677461028802
1.789929075309999
2.0633677072354275
1.9877733714879842
2.6115566804449264
2.3931932008770183
2.2810361125534233
2.6770427616381554
2.007856063692049
2.0573364564615484
2.1774212838293647
1.9877733714879842
2.221251836004466
2.7984903094019407
2.410762106246821
1.8767637664089072
2.049452072789394
2.4355205042826666
1.8423709931771084
2.106048095418327
2.0
1.584962500721156
2.0349409139562287
2.33012496531497
2.2256051990169436
1.9182958340544893
1.8262452584026092
1.789929075309999
1.971747257128181
2.2841591278514217
2.0403733936884962
1.8585552118703144
1.7924812503605778
1.971747257128181
1.8676338909712125
2.1887870678023824
1.971747257128181
2.1887870678023824
2.287783719941071
2.5580510765444573
2.5559130951758244
1.9508257945180885
1.789929075309999
1.7924812503605778
1.867633890971212
2.0403733936884962
2.0403733936884962
2.396782221599798
2.353533948577482
1.971747257128181
2.133937566094917
1.75
1.8423709931771084
2.1280852788913944
1.9877733714879842
2.1774212838293647
1.965596230357602
2.054585169337799
1.760495029766198
1.9877733714879842
1.9508257945180885
1.7527152789797045
1.971747257128181
2.1280852788913944
2.1280852788913944
2.125814583693911
2.251629167387823
2.0458416408851736
2.0403733936884962
1.867633890971212
1.9056390622295665
2.1280852788913944
1.971747257128181
2.0403733936884962
1.8810947601100747
1.8423709931771086
2.1280852788913944
1.8810947601100747
1.9182958340544893
2.1556390622295662
2.3458519893382603
2.0998625053956435
2.292481250360578
2.0403733936884962
1.867633890971212
1.8676338909712125
2.0403733936884962
2.0458416408851736
2.125814583693911
1.561278124459133
2.360964047443681
2.251614471810182
2.2389205950315936
2.139948282380958
2.005977711423774
2.217021885879718
2.2389205950315936
2.251629167387823
2.0403733936884962
2.0403733936884962
2.2544475789720946
2.251629167387823
2.260820318171659
1.4591479170272448
1.4591479170272448
2.004886164091843
2.221251836004466
1.8423709931771084
2.004886164091843
1.75
2.146465798504072
2.3160263224062674
1.8799649487271108
1.789929075309999
1.867633890971212
2.497479190131974
2.1321932831585277
1.7924812503605778
2.051431724404176
1.971747257128181
1.8676338909712125
2.2658430809519645
2.4237658236777238
2.3158243335257076
2.427020574698733
1.9833830982290133
1.9841973056014783
1.836591668108979
2.406666316740689
2.3443609377704338
1.75
2.0566416671474372
1.7884504573082896
1.9657678078192216
2.390468570732828
2.075074223172834
1.9182958340544896
1.789929075309999
2.038159681645953
2.102187170949333
2.0922718656836103
2.555913095175825
2.0403733936884962
1.5566567074628228
1.7295739585136223
1.8423709931771086
1.867633890971212
1.9182958340544896
2.084962500721156
2.263809173883546
2.292481250360578
1.9182958340544893
1.8676338909712125
2.332914563979398
1.971747257128181
1.8640054628542204
2.0874628412503395
2.221251836004466
2.349601752714581
1.9182958340544893
2.0403733936884962
2.004886164091843
2.358938532350277
2.3432578733442675
1.867633890971212
1.971747257128181
2.5073801024236357
1.9591479170272446
1.8423709931771088
2.1280852788913944
1.789929075309999
2.004886164091843
1.8843135277997989
1.971747257128181
2.0403733936884962
1.8676338909712125
2.199687794731328
2.354416893950752
1.8423709931771084
1.9182958340544893
1.971747257128181
2.0403733936884962
2.1174924611847548
1.971747257128181
2.378991986900062
2.054585169337799
1.9852281360342514
2.0403733936884962
2.004886164091843
1.75
2.33012496531497
1.9877733714879842
1.789929075309999
2.472905595320056
2.217021885879718
2.350209029099897
2.146465798504072
1.7609640474436812
2.1280852788913944
1.8423709931771084
2.005977711423774
1.962806631693174
2.1353503825268683
2.0403733936884962
2.1739731346044096
2.054585169337799
2.3158243335257076
2.2115107774877747
2.1887870678023824
2.1967916319816365
2.0403733936884962
2.199687794731328
1.7924812503605778
2.1920058354921066
2.005977711423774
2.375
2.0403733936884962
2.0458416408851736
2.1339375660949167
2.125814583693911
2.054585169337799
2.0403733936884962
2.1967916319816365
1.7924812503605778
2.199687794731328
1.971747257128181
1.8810947601100747
1.8676338909712125
1.7924812503605778
1.789929075309999
2.7730201924480453
2.1266144718101816
1.8676338909712125
2.128085278891394
1.9986525468781666
2.0
2.125814583693911
1.965596230357602
1.7924812503605778
1.789929075309999
2.5495234595978324
2.323219672335508
2.1884930703645584
1.9609640474436814
2.4634582986483036
1.789929075309999
1.9182958340544893
2.049452072789394
1.9182958340544896
2.049452072789394
2.0403733936884962
1.8697741323181762
1.9728585986276301
2.273131523414322
1.720690959472231
1.7924812503605778
2.054585169337799
2.287783719941071
2.5580510765444577
2.375
2.0403733936884962
2.064042639445697
1.914341183612352
1.8262452584026092
2.0403733936884962
1.75
1.8230264907128848
1.971747257128181
2.419372148594611
2.527207740365985
2.0
2.4225797618424916
1.8423709931771084
2.1464657985040723
1.9182958340544896
2.0403733936884962
1.867633890971212
2.3627402784989338
1.950212064914747
2.221251836004466
2.0403733936884962
2.054585169337799
1.780672129520887
1.75
2.1920058354921066
1.789929075309999
2.1280852788913944
1.8676338909712125
1.971747257128181
1.9877733714879842
2.1280852788913944
1.9591479170272446
1.9182958340544893
1.9669171866886992
2.125814583693911
1.9182958340544893
2.0403733936884962
2.4137995646056805
2.111095787753339
2.0403733936884962
1.8423709931771084
1.8423709931771088
1.7924812503605778
2.469670487371862
1.971747257128181
1.896240625180289
2.279799131837405
1.823067982273661
2.049452072789394
1.93012496531497
2.1774212838293647
2.1179631753145163
2.077819531114783
1.9056390622295665
1.9925731153592015
2.125814583693911
2.0403733936884962
1.9877733714879842
1.971747257128181
2.2810361125534233
2.217021885879718
1.6941351052052902
2.2256051990169436
2.0403733936884962
2.4364823836654392
2.139353872167201
2.0403733936884962
1.8423709931771086
1.7924812503605778
2.1416195253341384
2.279799131837405
2.128085278891394
1.9751060324573733
2.075869296697727
2.953626767019874
1.867633890971212
1.8676338909712125
2.0740870445590347
2.221251836004466
2.0403733936884962
1.789929075309999
2.199687794731328
2.7274972248524723
1.8676338909712125
2.125
2.3395722619867225
2.0
2.063202513215852
1.789929075309999
1.9508257945180885
2.260820318171659
1.971747257128181
2.5785519909913264
2.0132790219068077
1.7841591278514217
2.004886164091843
1.858612052404869
2.2841591278514217
2.6670506080432776
1.7464657985040721
2.1938311332103213
2.054585169337799
2.130926080730337
1.9211854965885542
1.9232196723355077
2.1454513993116464
2.221251836004466
2.221251836004466
2.146465798504072
2.1280852788913944
2.080500530640267
2.0202442071537563
2.0419460322060456
2.422579761842491
2.1209520310264036
2.1179631753145163
2.403677461028802
1.8676338909712125
1.8879185026711327
1.855388542207534
1.9852281360342514
2.0670314951575843
2.282588730501833
2.128085278891394
2.2627834289765825
2.5246850668814877
2.0201866968442483
2.2109736165067546
2.004886164091843
2.23410193085561
1.9591479170272446
1.9211796919474975
1.8676338909712125
2.125814583693911
1.4399364703978084
1.1698125584841979
1.896240625180289
1.789929075309999
1.4591479170272448
2.217021885879718
2.584962500721156
2.185475297227334
2.148834854280917
2.292481250360578
2.1916116417513782
2.467063313903256
1.9751060324573733
2.125814583693911
2.3208020839342964
1.971747257128181
1.894042441466968
2.4520146518289114
2.004886164091843
1.8810947601100747
1.9814963295286754
2.3954618442383215
2.0403733936884962
1.9477309221191608
1.8585552118703144
2.143780234737159
1.867633890971212
1.789929075309999
1.7527152789797047
2.419556298571613
1.9609640474436814
1.8423709931771088
2.2841591278514217
2.1174924611847548
2.339572261986723
2.0403733936884962
2.1280852788913944
2.0403733936884962
1.7527152789797045
2.0403733936884962
2.054585169337799
1.0
2.058813890331201
2.0403733936884962
2.3627402784989338
2.0992365361682794
1.9982975702780195
1.5566567074628228
2.259799223400567
1.6644977792004614
2.0403733936884962
1.789929075309999
2.2877837199410704
2.140361163698485
2.4092672522514684
2.292481250360578
2.1556390622295662
2.263809173883546
1.8676338909712125
1.971747257128181
2.375222374437917
2.521782221599798
2.199687794731328
1.823067982273661
1.75
1.971747257128181
2.271782221599798
2.4164997849817103
1.823067982273661
1.971747257128181
2.0634582986483037
2.0566416671474372
1.7394098952052535
2.263809173883546
2.349601752714581
2.199687794731328
2.292481250360578
1.971747257128181
2.183754831923921
2.128085278891394
1.8676338909712125
2.251629167387823
2.004886164091843
2.125814583693911
1.9591479170272446
2.390863696857044
2.202819531114783
1.9591479170272446
2.353533948577482
2.0
2.074164743022575
2.005977711423774
2.0300872246321315
2.0458416408851736
2.219038753300648
1.8676338909712125
2.199687794731328
2.1774212838293647
2.0403733936884962
1.971747257128181
1.789929075309999
2.224601752714581
2.125814583693911
1.8799649487271108
1.9852281360342514
2.125814583693911
2.004886164091843
2.4137995646056805
2.2841591278514217
2.125814583693911
2.1280852788913944
1.789929075309999
2.5521796970665487
2.3184111211812897
2.0403733936884962
2.1280852788913944
1.789929075309999
2.0403733936884962
1.789929075309999
2.0403733936884962
2.289246428509158
1.867633890971212
2.2516291673878226
2.3797206247704237
2.4164997849817103
2.146465798504072
2.239097917988786
1.8853775057695392
2.1179631753145163
2.279799131837405
2.0403733936884962
2.125814583693911
1.896240625180289
1.8879185026711327
2.6461579847728203
1.971747257128181
1.885442867481708
2.2229797020489914
1.7924812503605778
1.8262452584026092
2.216917186688699
2.2516291673878226
2.080500530640267
2.049452072789394
2.0349409139562287
2.224601752714581
2.004886164091843
2.054585169337799
2.004886164091843
1.7273966735744792
1.9056390622295665
2.315824333525708
2.199687794731328
1.8773870642966133
2.0758692966977272
1.971747257128181
1.971747257128181
1.7924812503605778
2.163209593736385
2.611394799166164
2.0403733936884962
2.0403733936884962
2.353533948577482
2.063558608511122
1.789929075309999
2.0349409139562287
2.0349409139562287
2.349601752714581
1.823067982273661
1.760495029766198
2.270942421748537
2.771782221599798
1.9182958340544893
1.971747257128181
2.1280852788913944
1.5931794382397688
1.971747257128181
2.077819531114783
2.0403733936884962
2.0580531366523855
2.0199730940219753
2.396782221599798
2.3208020839342964
1.8328773369500169
1.9852281360342516
1.971747257128181
1.9508257945180885
2.0349409139562287
2.2415419333359274
2.493016849144568
1.8810947601100747
1.9877733714879842
2.0403733936884962
1.867633890971212
2.1174924611847548
1.9591479170272446
2.049452072789394
2.5580510765444577
1.9182958340544893
1.75
1.9874687506009634
2.0985798617120746
1.8365916681089791
1.7609640474436812
2.2516291673878226
2.0403733936884962
1.9993896755123948
1.823067982273661
1.823067982273661
2.185230132909402
1.7489992230622806
2.0
2.049452072789394
2.365596230357602
2.143891859970535
2.221251836004466
2.221251836004466
2.004886164091843
2.004886164091843
2.4613201402110083
2.221251836004466
2.0403733936884962
1.7609640474436812
2.040223928941852
1.867633890971212
2.2608203181716595
2.3627402784989338
2.1920058354921066
2.098579861712074
2.332914563979398
1.8919954870390203
2.3962915290459277
2.075869296697727
1.7924812503605778
2.278351811711312
2.295461844238322
1.9877733714879842
2.472905595320056
2.5895183026895356
2.771782221599798
2.0403733936884962
2.054585169337799
2.1280852788913944
2.195461844238322
2.130926080730337
2.188721875540867
1.9182958340544893
2.004886164091843
2.322756958897399
2.3714645644232903
1.8423709931771084
1.836591668108979
2.114805144339332
1.855388542207534
1.75
2.049452072789394
2.277845240648177
2.0403733936884962
1.950212064914747
2.0403733936884962
2.287783719941071
2.0403733936884962
2.1280852788913944
2.0403733936884962
1.8676338909712125
2.353533948577482
2.007856063692049
2.292481250360578
2.128085278891394
1.8676338909712125
2.0670314951575843
2.1280852788913944
2.1735572622751858
2.1416195253341384
2.0214208010203016
2.349601752714581
2.33012496531497
1.9508257945180885
2.004886164091843
2.1920058354921066
1.7924812503605778
1.914341183612352
2.0461796919474975
2.054585169337799
1.867633890971212
1.7924812503605778
2.0403733936884962
2.0403733936884962
2.2983094013008034
2.0
2.049452072789394
2.291620193427939
2.292481250360578
2.353533948577482
2.004886164091843
2.221251836004466
1.8423709931771084
1.823067982273661
1.8676338909712125
1.7841591278514217
1.9877733714879842
2.1174924611847548
1.8799649487271108
2.0403733936884962
2.5073801024236357
2.0349409139562287
2.049452072789394
1.971747257128181
2.004886164091843
1.7924812503605778
2.199687794731328
2.1416195253341384
2.0048861640918427
2.084962500721156
2.004886164091843
2.225610814520738
2.0403733936884962
2.054585169337799
2.2841591278514217
1.867633890971212
2.1280852788913944
2.054585169337799
1.9508257945180885
1.75
1.75
1.867633890971212
1.855388542207534
2.0758692966977272
1.8843135277997989
2.2062389286533897
2.7792553760679404
2.038159681645953
2.0744174271404585
2.1440239107574226
2.049452072789394
2.4792336948111924
2.049452072789394
2.054585169337799
2.0349409139562287
2.4364823836654392
2.2096909728231857
1.8676338909712125
2.406666316740689
2.199687794731328
2.1464657985040723
2.049452072789394
2.0403733936884962
2.116299605701696
2.396782221599798
2.049452072789394
1.8423709931771084
2.292481250360578
1.8423709931771088
2.049452072789394
2.049452072789394
2.3107015716102883
2.10845859334435
1.9138909867280647
2.1967916319816365
2.0403733936884962
1.9211854965885542
1.9877733714879842
2.0403733936884962
2.2062389286533897
2.0403733936884962
2.3220847276178658
1.971747257128181
2.0403733936884962
2.646782221599798
1.9182958340544896
2.049452072789394
2.054585169337799
2.004886164091843
2.125814583693911
1.9877733714879842
1.8676338909712125
1.971747257128181
1.971747257128181
1.971747257128181
1.8262452584026092
2.217021885879718
2.219240704636849
2.1031490503321058
2.1280852788913944
1.659026359223382
2.032128525239341
2.1609640474436813
2.470197042940652
2.0854752972273345
2.564122937028479
2.049452072789394
1.867633890971212
1.789929075309999
1.9182958340544896
1.971747257128181
2.0403733936884962
2.0403733936884962
1.7924812503605778
2.063202513215852
1.867633890971212
2.004886164091843
1.9056390622295665
1.8423709931771084
2.075869296697727
2.263809173883546
2.054585169337799
1.789929075309999
2.3317663774021273
2.004886164091843
1.7924812503605778
1.8676338909712125
2.004886164091843
1.867633890971212
2.375
2.4225797618424916
2.4535829573099166
1.882246304530173
2.054585169337799
1.971747257128181
2.2806390622295662
2.038159681645953
2.224601752714581
2.278351811711312
2.0403733936884962
1.8322488896002305
2.0
2.3852130207431887
1.9211854965885542
2.004886164091843
1.7841591278514217
1.9508257945180885
1.6893917467430877
2.292481250360578
1.7924812503605778
2.2272170014624826
2.125814583693911
1.9508257945180885
2.2608203181716595
2.217021885879718
2.217021885879718
1.9182958340544896
2.0
1.9898980954642875
2.3443609377704338
2.004886164091843
1.9182958340544893
2.0349409139562287
1.9508257945180885
1.8919954870390203
2.0048861640918427
1.8423709931771088
1.7381493331928664
2.004886164091843
2.004886164091843
2.0403733936884962
2.128085278891394
2.128085278891394
1.7295739585136223
2.004886164091843
2.004886164091843
2.199687794731328
2.0403733936884962
2.0403733936884962
2.004886164091843
2.179350202453772
2.3627402784989338
1.971747257128181
1.6644977792004614
2.0670314951575843
2.606238928653389
2.0403733936884962
2.1280852788913944
1.8879185026711327
2.146782221599798
1.867633890971212
2.292481250360578
1.867633890971212
2.098579861712074
2.038159681645953
1.971747257128181
2.0804820237218404
1.789929075309999
2.1836670779209113
2.130926080730337
2.5
2.0403733936884962
1.9211796919474975
2.353533948577482
2.2841591278514217
2.0349409139562287
1.8676338909712125
2.2032633173641694
2.049452072789394
2.472905595320056
2.396782221599798
2.049452072789394
2.038159681645953
2.278787598135611
2.343257873344267
1.971747257128181
1.9591479170272446
1.971747257128181
2.206238928653389
2.0943609377704333
1.8423709931771084
2.125814583693911
2.263809173883546
2.004886164091843
2.0403733936884962
2.1174924611847548
2.054585169337799
1.867633890971212
1.584962500721156
2.054585169337799
2.584962500721156
2.219240704636849
1.901506402501506
2.8320672443525936
2.0874628412503395
2.049452072789394
2.1280852788913944
2.224601752714581
1.971747257128181
2.263809173883546
2.3158243335257076
2.1280852788913944
2.1609640474436813
2.049452072789394
2.049452072789394
1.823067982273661
2.1209520310264027
2.2544475789720946
1.7924812503605778
2.5210464599278857
1.962806631693174
2.0403733936884962
2.0403733936884962
2.0403733936884962
2.0403733936884962
2.0403733936884962
2.0403733936884962
2.0403733936884962
2.0403733936884962
2.0403733936884962
2.0403733936884962
2.0403733936884962
2.0403733936884962
2.0403733936884962
2.0403733936884962
2.0403733936884962
2.0403733936884962
2.0403733936884962
2.0403733936884962
2.0403733936884962
2.0403733936884962
2.0403733936884962
2.0403733936884962
2.0403733936884962
2.0403733936884962
2.0403733936884962
2.0403733936884962
2.0403733936884962
2.0403733936884962
2.0403733936884962
2.0403733936884962
2.0403733936884962
2.0403733936884962
2.0403733936884962
2.0403733936884962
2.0403733936884962
2.0403733936884962
2.0403733936884962
2.0403733936884962
2.0403733936884962
2.0403733936884962
2.0403733936884962
2.0403733936884962
2.0403733936884962
2.0403733936884962
2.0403733936884962
2.0403733936884962
2.0403733936884962
2.0403733936884962
2.0403733936884962
2.0403733936884962
2.0403733936884962
2.0403733936884962
2.0403733936884962
2.0403733936884962
2.0403733936884962
2.0403733936884962
2.0403733936884962
2.0403733936884962
2.0403733936884962
2.0403733936884962
2.0403733936884962
2.0403733936884962
2.0403733936884962
2.0403733936884962
2.0403733936884962
2.0403733936884962
2.0403733936884962
2.0403733936884962
2.0403733936884962
2.0403733936884962
2.0403733936884962
2.0403733936884962
2.0403733936884962
2.0403733936884962
2.0403733936884962
2.0403733936884962
2.0403733936884962
2.0403733936884962
2.0403733936884962
2.0403733936884962
2.0403733936884962
2.0403733936884962
2.0403733936884962
2.0403733936884962
2.0403733936884962
2.0403733936884962
2.0403733936884962
2.0403733936884962
2.0403733936884962
2.0403733936884962
2.0403733936884962
2.0403733936884962
2.0403733936884962
2.0403733936884962
2.0403733936884962
2.0403733936884962
2.0403733936884962
2.0403733936884962
2.0403733936884962
2.0403733936884962
2.0403733936884962
2.0403733936884962
2.0403733936884962
2.0403733936884962
2.0403733936884962
2.0403733936884962
2.0403733936884962
2.0403733936884962
2.0403733936884962
2.0403733936884962
2.0403733936884962
2.0403733936884962
2.0403733936884962
2.0403733936884962
2.0403733936884962
2.0403733936884962
2.0403733936884962
2.0403733936884962
2.0403733936884962
2.0403733936884962
2.0403733936884962
1.7924812503605778
2.3959988705348416
2.049452072789394
2.374556048381884
1.789929075309999
1.75
2.221251836004466
1.8676338909712125
1.9508257945180885
2.2608203181716595
1.971747257128181
2.1739731346044096
1.9182958340544893
2.0403733936884962
1.855388542207534
2.054585169337799
1.789929075309999
2.061278124459133
2.0403733936884962
1.8423709931771084
2.353533948577482
2.2684727516311214
1.971747257128181
1.7924812503605778
2.049452072789394
1.643887913908557
2.4834585933443494
1.9591479170272446
2.204399076177135
2.0585634590043607
2.098579861712074
2.4613201402110083
2.049452072789394
2.199687794731328
2.084962500721156
2.1607047528877827
2.005977711423774
2.2890179898186576
1.9182958340544893
2.146465798504072
2.0403733936884962
1.7924812503605778
2.077819531114783
1.823067982273661
2.3082708345352603
1.8423709931771084
2.217021885879718
2.3445469043163483
1.789929075309999
2.1391759058556556
1.8585552118703144
2.0403733936884962
1.9814963295286754
1.8676338909712125
2.278351811711312
1.8676338909712125
2.4404040177209283
1.9211854965885542
2.3253314601288055
2.0403733936884962
2.2051099000738694
2.0349409139562287
2.0403733936884962
1.971747257128181
1.789929075309999
2.1047412314783918
2.525968633001097
2.0972133988213417
2.1416195253341384
2.2615838769305956
2.0403733936884962
2.049452072789394
2.2198700216496
1.566979300919953
2.2601376341526818
2.125814583693911
2.0403733936884962
1.8676338909712125
1.8676338909712125
1.9211854965885542
1.7924812503605778
1.7841591278514217
2.0078560636920493
1.5709505944546687
2.0403733936884962
2.0403733936884962
1.971747257128181
2.128085278891394
2.016875695766564
1.7924812503605778
1.7924812503605778
2.0
1.9591479170272446
2.0403733936884962
2.0403733936884962
2.054585169337799
2.292481250360578
2.023219672335508
2.10558726169826
2.5580510765444573
2.221251836004466
2.199687794731328
2.0131324651707385
2.0403733936884962
1.8810947601100747
2.396782221599798
2.2043791550168934
1.75
2.0403733936884962
2.3522170014624826
2.3035793386349543
1.8250112108241772
2.074164743022575
2.0403733936884962
2.413132465170739
1.8799649487271108
1.7924812503605778
2.0403733936884962
1.789929075309999
2.4834585933443494
2.004886164091843
1.8676338909712125
2.439005517604766
1.971747257128181
2.0349409139562287
1.914341183612352
1.9591479170272446
2.1179631753145163
2.1920058354921066
2.1812056673346514
2.0403733936884962
1.75
2.221251836004466
2.469670487371862
1.8585552118703144
2.2892464285091583
2.3627402784989338
2.004886164091843
1.9059244270435443
1.5337949574648773
2.2584598927441624
1.8810947601100747
2.1556390622295662
2.1416195253341384
1.9182958340544893
2.292481250360578
2.4225797618424916
1.971747257128181
1.807354922057604
2.125814583693911
1.867633890971212
2.005977711423774
2.292481250360578
2.353533948577482
2.064042639445697
1.8050365325772657
2.374556048381884
1.962806631693174
2.3749589477025563
2.556656707462823
1.7961796919474975
2.33012496531497
2.0979931624271395
2.146465798504072
2.1203746512912525
2.0393538721672004
1.971747257128181
2.1405180562767114
2.080500530640267
1.8676338909712125
2.004886164091843
1.8799649487271108
2.3253314601288055
2.007856063692049
2.0349409139562287
1.932156076138423
1.749636571898428
2.007856063692049
2.0403733936884962
2.148834854280917
2.5032583347756456
2.2810361125534238
1.7924812503605778
1.9182958340544893
1.8423709931771084
1.9321560761384233
1.867633890971212
2.3627402784989338
1.9239771759778455
2.1054105870684143
1.789929075309999
2.2684727516311214
2.049452072789394
2.1280852788913944
1.8585552118703144
0.9709505944546686
1.6644977792004614
1.867633890971212
1.9473387961875537
2.6294817080809567
2.2806390622295662
1.9877733714879842
2.038159681645953
2.1735572622751853
1.9591479170272446
1.8148493701198407
1.6171895725927152
1.8585552118703144
1.9182958340544893
2.349601752714581
1.7924812503605778
1.867633890971212
2.0403733936884962
2.0272215950096317
2.049452072789394
1.5566567074628228
2.3035088547976783
2.4634582986483036
2.1735572622751858
2.699513850319966
2.3627402784989338
2.145136370153053
2.1174924611847548
2.2810361125534233
2.5073801024236357
2.049452072789394
2.2348352436859305
2.181205667334651
2.021782221599798
1.789929075309999
2.064042639445697
2.119240704636849
2.049452072789394
2.1559681021459083
1.971747257128181
1.9182958340544893
2.1735572622751853
2.004886164091843
2.390863696857044
2.125814583693911
2.054585169337799
2.4402867213877544
1.971747257128181
2.0403733936884962
1.811278124459133
2.0403733936884962
1.9182958340544896
2.1174924611847548
1.9713464332493889
2.038159681645953
2.049452072789394
2.0403733936884962
2.179350202453772
2.038760752862686
2.054585169337799
1.971747257128181
2.0403733936884962
1.971747257128181
1.971747257128181
2.0930692077718898
2.049452072789394
1.8339272176418302
2.2256051990169436
1.7527152789797045
2.3301249653149703
1.9508257945180885
2.0225797618424917
2.054585169337799
2.1093830342526356
1.9693894195291561
2.054585169337799
2.072905595320056
2.404411832123188
1.9182958340544893
1.9508257945180885
2.5073801024236357
2.1179631753145163
2.322756958897399
1.971747257128181
1.8676338909712125
1.9877733714879842
2.35274578087187
1.8182626942811972
1.971747257128181
1.7924812503605778
1.9669171866886992
2.217021885879718
2.4040097573248596
1.4911148500551858
2.278351811711312
1.823067982273661
1.8676338909712125
1.8676338909712125
2.349601752714581
1.8676338909712125
2.0403733936884962
2.1280852788913944
2.1609640474436813
1.9211796919474975
2.245869617795809
2.2877837199410704
1.971747257128181
2.251629167387823
2.4613201402110083
2.049452072789394
1.9182958340544893
2.222191575506678
2.1179631753145163
2.084962500721156
2.4137995646056805
2.2389205950315936
2.359879028736861
2.278351811711312
1.7924812503605778
2.251629167387823
1.9877733714879842
2.0403733936884962
1.823067982273661
2.1280852788913944
2.125814583693911
2.1800365325772657
1.789929075309999
2.084962500721156
1.867633890971212
1.7295739585136223
2.102187170949333
2.4532068163114027
2.0403733936884962
2.117492461184755
2.278351811711312
2.263809173883546
2.699513850319966
2.0403733936884962
1.8553885422075338
2.169925001442312
2.0211464833608743
2.004886164091843
1.7924812503605778
2.1800365325772657
2.0403733936884962
2.1800365325772657
1.6644977792004614
1.8423709931771084
2.0403733936884962
1.7924812503605778
1.9182958340544893
2.4137995646056805
1.9877733714879842
2.054585169337799
1.7924812503605778
2.6062389286533896
2.064042639445697
1.7924812503605778
2.0458416408851736
2.1174924611847548
2.217021885879718
1.9248240667373948
1.789929075309999
2.072905595320056
2.2485731395538666
2.125814583693911
2.599389591616702
2.1920058354921066
2.2877837199410704
2.549787381523038
2.063458298648303
1.9609640474436814
1.823067982273661
2.049452072789394
1.9211854965885542
2.0545851693377997
2.292481250360578
1.9399824743635556
2.2109736165067546
2.063458298648303
1.9211796919474975
2.349601752714581
2.130926080730337
2.25
1.9508257945180885
1.950212064914747
2.021782221599798
2.374556048381884
2.0273941713765185
2.217021885879718
2.2627834289765825
2.2890179898186576
2.4404040177209283
2.054585169337799
2.0349409139562287
1.8920795639257109
2.2016812908702708
2.440404017720928
2.1607047528877827
2.130926080730337
1.971747257128181
2.1280852788913944
1.9182958340544896
2.3921472236645345
1.8250112108241772
2.049452072789394
2.29676517814858
2.3151277160800032
2.2608203181716595
2.119973094021975
2.049452072789394
1.949526332323075
2.0262521573713337
1.9688238866642982
1.7924812503605778
1.8918521728839341
1.6672982039014776
2.743871818015059
2.640521962682592
2.472905595320056
1.950212064914747
2.049452072789394
2.146465798504072
2.038159681645953
1.971747257128181
2.1280852788913944
2.0349409139562287
2.375
2.054585169337799
2.127986806877675
2.0
2.115247131074152
2.0545851693377997
2.049452072789394
2.0403733936884962
2.0349409139562287
2.192005835492107
2.0403733936884962
2.0758692966977272
2.1174924611847548
2.0403733936884962
1.9182958340544896
2.292481250360578
2.291620193427939
2.263809173883546
2.116299605701696
2.217021885879718
2.2627834289765825
2.472905595320056
2.004886164091843
2.004886164091843
1.9182958340544893
2.0403733936884962
2.33012496531497
2.049452072789394
2.0
2.270942421748537
2.2877837199410704
2.403677461028802
2.065689969525019
2.004886164091843
1.8230264907128848
1.9591479170272446
2.0403733936884962
2.130926080730337
1.9877733714879842
1.789929075309999
2.130926080730337
2.125814583693911
2.049452072789394
2.1967916319816365
2.292481250360578
2.039353872167201
2.004886164091843
2.197159723424149
2.374556048381884
1.8250112108241772
2.374556048381884
2.260820318171659
1.9182958340544896
2.1280852788913944
1.867633890971212
1.9852281360342514
2.3253314601288055
2.614369445886757
1.75
2.7792553760679404
2.2256108145207376
2.2988527261581813
2.415661470191763
2.2359263506290326
2.0403733936884962
2.180337381067571
2.125814583693911
1.867633890971212
2.646782221599798
2.1416195253341384
1.867633890971212
2.214979820516481
2.1559681021459083
2.004886164091843
2.049452072789394
2.0403733936884962
2.0403733936884962
2.1280852788913944
2.146782221599798
2.084962500721156
2.366796963018888
2.1055872616982603
1.8919954870390203
2.224601752714581
2.5
1.7527152789797047
2.271782221599798
1.780672129520887
2.403677461028802
2.199687794731328
2.5580510765444573
1.9508257945180885
2.146465798504072
2.378783493486176
2.0403733936884962
1.9182958340544893
2.4692407821722844
2.128085278891394
2.3627402784989338
2.3959988705348416
2.221251836004466
1.9182958340544893
2.3991303913908
2.2890179898186576
1.854285871987246
2.0403733936884962
1.8230264907128848
1.8676338909712125
2.125814583693911
2.0403733936884962
2.692948069554834
2.192005835492107
2.084962500721156
2.217021885879718
2.080414513985238
1.584962500721156
1.823067982273661
2.1280852788913944
1.789929075309999
1.789929075309999
1.789929075309999
2.646782221599798
1.9508257945180885
2.054585169337799
1.7924812503605778
2.0403733936884962
2.1280852788913944
1.584962500721156
2.004886164091843
1.823067982273661
2.440404017720928
1.8980933736695382
2.2565647621309544
2.2390183299752544
2.15413541726763
1.9359455691847651
2.2485731395538666
2.0403733936884962
1.867633890971212
2.375
2.1920058354921066
1.971747257128181
2.206238928653389
2.1733990080130883
2.125814583693911
2.038159681645953
1.8423709931771084
2.342723886407417
2.1992818130163667
1.949137865273585
1.9437519544205017
1.971747257128181
2.1273877651912745
2.0048861640918427
1.789929075309999
2.5440240964819503
2.146782221599798
2.004886164091843
1.780672129520887
1.9591479170272446
1.7924812503605778
2.049452072789394
1.9477309221191608
1.789929075309999
2.1280852788913944
2.0403733936884962
1.950212064914747
2.221251836004466
2.396782221599798
2.074164743022575
2.0403733936884962
2.125814583693911
2.004886164091843
2.0
2.406666316740689
2.0403733936884962
2.2892464285091583
2.049452072789394
2.4137995646056805
2.0403733936884962
2.004886164091843
1.867633890971212
2.0403733936884962
2.004886164091843
2.063202513215852
2.353533948577482
2.2608203181716595
2.221251836004466
2.396782221599798
2.049452072789394
2.5580510765444573
1.789929075309999
2.049452072789394
1.8050416913014387
2.1735572622751853
1.752715278979705
2.3068905956085186
2.225605199016944
2.125814583693911
2.1920058354921066
2.1735572622751853
2.0
2.221251836004466
1.8423709931771084
2.0048861640918427
2.4410685859554375
2.369571003855273
2.102187170949333
2.0403733936884962
2.004886164091843
1.8810947601100747
2.345851989338261
1.9182958340544896
3.1333990147977167
2.192005835492107
2.3523479118118216
2.4092672522514684
1.7924812503605778
1.971747257128181
2.217021885879718
2.049452072789394
1.5487949406953985
1.760495029766198
1.9877733714879842
1.9508257945180885
1.7527152789797045
2.0403733936884962
1.7924812503605778
2.004886164091843
1.8773870642966133
2.3432578733442675
1.836591668108979
2.125814583693911
2.2841591278514217
1.9943219489200463
2.248529327128576
2.2062389286533897
1.9877733714879842
1.9746017527145812
1.8937666738014507
2.350209029099897
1.789929075309999
2.004886164091843
2.5967916319816364
2.6274906310815
1.896240625180289
2.698935871321563
2.183754831923921
2.236800487888431
1.834419444925215
1.9228548694717709
1.8423709931771084
1.6644977792004614
1.971747257128181
2.2810361125534233
2.1280852788913944
2.1339375660949167
2.0403733936884962
2.125814583693911
1.971747257128181
1.9877733714879842
2.084962500721156
2.2232196723355075
2.0403733936884962
2.403677461028802
2.2256051990169436
2.049452072789394
2.271782221599798
2.251629167387823
1.8676338909712125
1.4591479170272448
2.7508052663497624
2.359879028736861
1.789929075309999
2.33012496531497
2.5637169871277954
2.1887870678023824
2.0403733936884962
2.1040437177782714
1.971747257128181
2.5559130951758244
1.7924812503605778
2.224601752714581
2.0403733936884962
1.971747257128181
2.5785519909913264
1.9473387961875537
2.146465798504072
2.2841591278514217
1.9042788285498586
2.004886164091843
2.1280852788913944
1.885377505769539
1.9591479170272446
2.3720946377956236
2.2877837199410704
2.2516291673878226
1.9591479170272446
2.1842612638641032
2.016875695766564
2.221251836004466
2.028387822898241
1.971747257128181
2.6352182447283665
2.3208020839342964
2.260820318171659
1.971747257128181
2.0403733936884962
2.1920058354921066
2.0403733936884962
2.1280852788913944
2.0403733936884962
2.5495234595978324
2.2810361125534233
2.251629167387823
1.789929075309999
1.9591479170272446
2.4729055953200563
2.049452072789394
1.9182958340544896
2.251629167387823
1.9182958340544896
2.004886164091843
2.054585169337799
2.1416195253341384
2.0403733936884962
1.7392583159291928
1.789929075309999
1.9270622604523067
2.2841591278514217
2.0403733936884962
1.8879185026711327
2.1416195253341384
1.561278124459133
2.1842612638641032
2.353533948577482
2.0403733936884962
2.0403733936884962
1.7924812503605778
1.7924812503605778
1.823067982273661
2.8086949695628416
2.0403733936884962
1.7924812503605778
1.811278124459133
1.971747257128181
1.823067982273661
1.9508257945180885
1.8423709931771084
2.216917186688699
2.139353872167201
2.627945323987672
2.1735572622751853
1.789929075309999
2.206238928653389
2.1690354219421173
1.789929075309999
2.038159681645953
1.8676338909712125
2.278351811711312
2.004886164091843
1.971747257128181
2.217021885879718
2.353533948577482
2.038159681645953
1.8250112108241772
2.2841591278514217
2.0403733936884962
2.129930389531602
2.3991303913908
1.8585552118703144
1.9508257945180885
2.353533948577482
2.202819531114783
2.556656707462823
1.780672129520887
2.0403733936884962
2.004886164091843
2.133937566094917
2.0403733936884962
2.0403733936884962
1.789929075309999
2.0
2.699513850319966
1.971747257128181
2.0403733936884962
2.125814583693911
2.004886164091843
2.1920058354921066
2.125814583693911
1.971747257128181
1.7924812503605778
1.8309785861049794
2.5341468438052397
2.353533948577482
1.7924812503605778
2.3667452542142176
2.0202442071537563
2.25
1.867633890971212
2.0403733936884962
1.9877733714879842
2.0403733936884962
2.3544155053807505
1.971747257128181
2.142295219190901
2.146465798504072
2.049452072789394
2.251629167387823
2.4137995646056796
1.8810947601100747
2.1280852788913944
1.867633890971212
2.098579861712074
2.038159681645953
1.971747257128181
1.811278124459133
2.004886164091843
2.0403733936884962
1.789929075309999
2.0403733936884962
2.0403733936884962
2.0403733936884962
2.0403733936884962
2.0403733936884962
2.0403733936884962
2.0403733936884962
2.0403733936884962
2.0403733936884962
2.0403733936884962
2.0403733936884962
2.0403733936884962
2.0403733936884962
2.0403733936884962
2.0403733936884962
2.0403733936884962
2.0403733936884962
2.0403733936884962
2.0403733936884962
2.0403733936884962
2.0403733936884962
2.0403733936884962
2.0403733936884962
2.0403733936884962
2.0403733936884962
2.0403733936884962
2.0403733936884962
2.0403733936884962
2.0403733936884962
2.0403733936884962
2.0403733936884962
2.0403733936884962
2.0403733936884962
2.0403733936884962
2.0403733936884962
2.0403733936884962
2.0403733936884962
2.0403733936884962
2.0403733936884962
2.0403733936884962
2.0403733936884962
2.0403733936884962
2.0403733936884962
2.0403733936884962
2.0403733936884962
2.0403733936884962
2.0403733936884962
2.0403733936884962
2.0403733936884962
2.0403733936884962
2.0403733936884962
2.0403733936884962
2.0403733936884962
2.0403733936884962
2.0403733936884962
2.0403733936884962
2.0403733936884962
2.0403733936884962
2.0403733936884962
2.0403733936884962
2.0403733936884962
2.0403733936884962
2.0403733936884962
2.0403733936884962
2.0403733936884962
2.0403733936884962
2.0403733936884962
2.0403733936884962
2.0403733936884962
2.0403733936884962
2.0403733936884962
2.0403733936884962
2.0403733936884962
2.0403733936884962
2.0403733936884962
2.0403733936884962
2.0403733936884962
2.0403733936884962
2.0403733936884962
2.0403733936884962
2.0403733936884962
1.7924812503605778
2.049452072789394
2.521782221599798
1.8810947601100747
2.2610276044371003
2.221251836004466
1.971747257128181
2.054585169337799
1.965596230357602
1.789929075309999
1.8676338909712125
2.054585169337799
1.867633890971212
2.1416195253341384
2.1179631753145163
2.5996659733039564
2.1800365325772657
1.8676338909712125
1.8230264907128848
2.4137995646056805
2.004886164091843
2.019973094021975
2.0403733936884962
2.33012496531497
2.216521698179525
1.971747257128181
2.2841591278514217
1.4488156357251847
2.125814583693911
2.049452072789394
1.971747257128181
1.867633890971212
1.919330832236536
2.049452072789394
1.893660689688186
2.359879028736861
2.049452072789394
2.646782221599798
2.1174924611847548
2.217021885879718
2.4225797618424916
2.315049938511872
2.219240704636849
2.5785519909913264
1.950212064914747
1.8585552118703144
1.789929075309999
2.377443751081734
2.292481250360578
2.049452072789394
2.235926350629033
2.291620193427939
2.0403733936884962
2.66395761113671
1.9877733714879842
2.260820318171659
2.0403733936884962
2.0458416408851736
1.9182958340544896
1.971747257128181
1.8676338909712125
2.081706277574314
1.9877733714879842
1.6644977792004614
2.075869296697727
2.219240704636849
2.600042707075171
1.4591479170272448
1.9182958340544893
2.33012496531497
2.0458416408851736
2.125814583693911
2.1803373810675706
1.9508257945180885
2.521640636343318
1.9182958340544896
1.9056390622295665
1.823067982273661
2.2890179898186576
1.8676338909712125
2.0403733936884962
1.8676338909712125
2.292481250360578
1.867633890971212
2.251629167387823
2.251629167387823
2.251629167387823
2.251629167387823
2.2841591278514217
2.0349409139562287
1.8676338909712125
2.2032633173641694
2.2032633173641694
2.2032633173641694
2.2032633173641694
1.8423709931771084
1.9591479170272446
2.049452072789394
2.125814583693911
2.3301249653149703
2.049452072789394
2.199687794731328
2.0403733936884962
1.7924812503605778
1.867633890971212
1.9877733714879842
1.971747257128181
2.0458416408851736
2.146782221599798
2.038159681645953
1.9877733714879842
1.7924812503605778
2.2149798205164815
2.049452072789394
2.2877837199410704
2.278351811711312
2.054585169337799
1.8423709931771084
2.128085278891394
2.3227569588973984
1.7924812503605778
2.049452072789394
2.349601752714581
2.054585169337799
2.3921472236645345
2.4322574485535142
2.049452072789394
1.867633890971212
2.0403733936884962
2.004886164091843
2.199687794731328
1.9852281360342514
1.9852281360342514
1.9852281360342514
1.9852281360342514
1.811278124459133
2.251629167387823
1.8919954870390203
2.120952031026403
2.1464657985040723
2.519707550936481
1.789929075309999
2.7144471528206298
1.7758589482446405
2.440404017720928
2.292481250360578
1.9591479170272446
2.5073801024236357
2.049452072789394
1.9508257945180885
1.9508257945180885
2.004886164091843
2.396782221599798
2.064042639445697
2.133937566094917
1.8676338909712125
2.049452072789394
2.064042639445697
2.5566567074628237
2.4973419908730565
1.8831355950464066
2.0403733936884962
2.4040846312405724
2.0403733936884962
2.169925001442312
2.474601752714581
1.8853775057695392
1.8423709931771088
2.125814583693911
2.125814583693911
2.292481250360578
2.125814583693911
2.2728814464817773
1.8423709931771084
2.30827083453526
2.2841591278514217
1.8676338909712125
2.349601752714581
2.359879028736861
2.271782221599798
2.1416195253341384
2.103909910282364
2.0403733936884962
2.125814583693911
2.0403733936884962
1.896240625180289
2.3227569588973984
2.422579761842491
1.8423709931771084
2.004886164091843
2.004886164091843
1.823067982273661
1.789929075309999
1.8879185026711327
2.0524212838293647
1.971747257128181
2.054585169337799
2.221251836004466
2.2856005389623073
1.8585552118703144
1.7295739585136223
2.1416195253341384
2.3523479118118216
2.004886164091843
1.971747257128181
2.054585169337799
2.1920058354921066
1.9182958340544893
2.4137995646056805
1.9877733714879842
1.9523612813926658
2.221251836004466
2.199687794731328
2.004886164091843
2.1887870678023824
2.25
2.188777509159639
2.1967916319816365
2.1920058354921066
2.2256051990169436
2.3208020839342964
2.3232196723355076
2.004886164091843
1.765957320949175
2.2816696599988733
2.7570822612219765
1.823067982273661
1.9653059184883495
2.263809173883546
2.0403733936884962
2.146782221599798
2.0403733936884962
1.8879185026711327
2.0131324651707385
1.823067982273661
2.374556048381884
1.6691803368667308
1.867633890971212
1.97285859862763
1.9526832779469112
2.098579861712074
2.08132205902363
1.5709505944546684
2.6409131274235955
2.049452072789394
2.5812096086621845
2.049452072789394
1.9591479170272446
2.038159681645953
1.9591479170272446
1.7924812503605778
2.004886164091843
2.004886164091843
2.193393796717783
2.221251836004466
1.9508257945180885
2.004886164091843
2.004886164091843
1.983084164143437
2.004886164091843
2.263809173883546
2.004886164091843
2.145136370153053
2.0740870445590347
2.004886164091843
2.119973094021975
2.2396782598404563
1.823067982273661
2.145136370153053
2.1393538721672005
1.823067982273661
2.225605199016944
1.836591668108979
2.038159681645953
2.7608108940162945
2.2232196723355075
1.9508257945180885
2.292481250360578
1.809200032697812
2.0
2.125814583693911
2.0403733936884962
1.9508257945180885
2.049452072789394
2.486175562602776
2.049452072789394
1.9591479170272446
1.9591479170272446
2.406666316740689
2.271782221599798
2.038159681645953
1.8250112108241772
2.2359263506290326
2.406666316740689
2.125814583693911
2.032149669953179
1.9011708530367453
1.789929075309999
2.084962500721156
2.054585169337799
2.054585169337799
2.349601752714581
2.2051099000738694
2.004886164091843
2.072245178557923
2.049452072789394
1.8676338909712125
2.292481250360578
2.2945199082544616
1.971747257128181
2.0403733936884962
1.9508257945180885
1.6644977792004614
2.221251836004466
2.0403733936884962
1.789929075309999
1.9591479170272446
2.353533948577482
1.8676338909712125
2.2841591278514217
1.8062389286533895
2.049452072789394
2.049452072789394
1.971747257128181
1.971747257128181
2.054585169337799
2.0403733936884962
2.0349409139562287
2.084962500721156
1.867633890971212
1.7841591278514217
2.049452072789394
2.128085278891394
2.292481250360578
2.396782221599798
2.291620193427939
1.9182958340544896
2.2204241074597975
2.290461923377921
2.0403733936884962
2.125814583693911
2.049452072789394
1.867633890971212
1.7702834614222898
1.8339272176418302
2.1174924611847548
1.789929075309999
2.0403733936884962
2.2841591278514217
2.1800365325772657
2.004886164091843
1.9591479170272446
2.2988252450030506
2.292481250360578
1.971747257128181
2.0403733936884962
1.867633890971212
2.0
2.2991040074712537
2.521782221599798
1.9508257945180885
2.0403733936884962
1.971747257128181
1.9182958340544893
2.292481250360578
1.8250112108241772
2.0403733936884962
2.4137995646056805
2.221251836004466
1.789929075309999
2.199687794731328
2.054585169337799
2.224601752714581
2.0
2.0403733936884962
2.287866277236509
2.1920058354921066
2.199687794731328
1.971747257128181
2.0403733936884962
2.0
2.054585169337799
1.8553885422075338
2.153291231890481
1.781937063546704
2.049452072789394
2.049452072789394
1.971747257128181
2.1844984515601635
2.1812056673346514
2.004886164091843
2.0403733936884962
1.823067982273661
2.1054105870684143
1.7841591278514217
2.1393538721672005
2.1920058354921066
2.004886164091843
1.867633890971212
2.216521698179525
2.005977711423774
1.971747257128181
2.004886164091843
2.271782221599798
2.004886164091843
2.0048861640918427
2.004886164091843
2.125814583693911
2.146465798504072
2.5492553971685
1.8810947601100747
2.0953644802401694
2.2389205950315936
2.9031056998877167
1.789929075309999
1.6174242853694927
1.9473387961875537
2.0403733936884962
1.971747257128181
2.1556390622295662
2.1416195253341384
1.7295739585136223
2.004886164091843
1.789929075309999
2.0403733936884962
1.9182958340544893
2.5967916319816364
2.0403733936884962
2.332914563979398
2.0349409139562287
2.0403733936884962
2.1887870678023824
1.867633890971212
2.004886164091843
2.0131324651707385
1.8676338909712125
2.0989295636909353
2.084962500721156
1.8676338909712125
2.084962500721156
2.084962500721156
2.054585169337799
1.8676338909712125
2.084962500721156
2.084962500721156
2.4878932715826876
1.8676338909712125
1.8676338909712125
1.8676338909712125
1.8676338909712125
1.8676338909712125
1.8676338909712125
1.9579393553211155
2.0403733936884962
1.9722438864956935
1.8565647621309542
1.8565647621309542
1.8565647621309542
1.8565647621309542
1.7273966735744792
1.8842420554397954
1.75
1.75
1.75
1.75
1.75
1.75
1.75
1.75
1.75
1.75
1.75
1.75
1.75
1.75
1.75
1.75
2.1149798205164814
1.9533040442609688
1.9533040442609688
1.9533040442609688
1.9533040442609688
2.038159681645953
2.0149798205164813
1.8904687050941265
1.8949645376549997
1.8949645376549997
1.9766480916739717
1.646798729322978
1.9090410360817407
2.022500927688752
2.0787100059877957
2.037446751828681
1.935945569184765
1.8949645376549997
1.8949645376549997
2.079429172639295
1.9010223772961141
1.9735561123277499
1.9735561123277499
2.1577174691301484
2.1935625792551514
2.0132790219068077
1.9307076666371465
2.1788300735571116
2.020800094781482
1.9378864320719278
1.8741838269462516
1.856564762130954
1.986012083992168
1.789929075309999
1.789929075309999
1.789929075309999
2.08222054620767
2.0550365325772657
2.0550365325772657
2.0550365325772657
2.276642710191496
1.958739236789389
2.143891859970535
1.7381493331928664
2.039353872167201
2.0550365325772657
2.0550365325772657
2.0550365325772657
1.928517086051376
1.8085947862963576
1.9533040442609688
1.9533040442609688
1.9533040442609688
1.9533040442609688
1.899124177322116
1.899124177322116
1.899124177322116
2.071695404408628
1.9508157263277077
2.0461796919474975
1.899124177322116
1.899124177322116
1.899124177322116
1.899124177322116
1.899124177322116
1.899124177322116
1.9533040442609688
1.9533040442609688
1.9533040442609688
1.9533040442609688
1.9533040442609688
1.9533040442609688
1.9533040442609688
1.9533040442609688
1.9533040442609686
1.8879185026711327
2.0403733936884962
2.60845859334435
2.054585169337799
2.2684727516311214
2.004886164091843
2.125814583693911
1.8423709931771084
2.4137995646056805
2.095241917363884
2.1492799881316267
1.8676338909712125
2.0403733936884962
1.8423709931771084
2.2608203181716595
1.9182958340544896
1.823067982273661
1.8553885422075338
2.005977711423774
2.054585169337799
2.0403733936884962
2.0403733936884962
1.8423709931771084
2.3227569588973984
2.125814583693911
2.0324876891689536
2.0
1.9732285161344474
2.466247897312731
2.0403733936884962
2.0741647430225756
1.8676338909712125
1.7924812503605778
2.2081965922770874
1.823067982273661
2.0403733936884962
2.375
1.9182958340544896
2.1464657985040723
2.054585169337799
2.0403733936884962
2.0524212838293647
1.971747257128181
2.169925001442312
1.9852281360342514
2.4416298737872246
2.251629167387823
1.9508257945180885
2.2841591278514217
2.127986806877675
2.15378521641483
1.971747257128181
2.125814583693911
2.221251836004466
1.9751060324573733
2.0349409139562287
1.9182958340544893
1.9211796919474975
1.950212064914747
1.8676338909712125
1.896240625180289
1.7924812503605778
1.9591479170272446
2.2954656791802917
1.9254106352407239
2.0403733936884962
2.004886164091843
2.9672103113389787
1.867633890971212
2.127986806877675
2.077819531114783
1.9877733714879842
2.038159681645953
2.004886164091843
2.063202513215852
1.9182958340544893
2.217021885879718
2.219240704636849
2.0403733936884962
2.217021885879718
2.0403733936884962
1.896240625180289
2.710070621397605
2.0403733936884962
2.0403733936884962
2.004886164091843
1.789929075309999
2.221251836004466
2.206238928653389
2.0403733936884962
2.521782221599798
2.4416298737872246
1.5566567074628228
2.130926080730337
1.9068905956085187
2.166123801981538
1.823067982273661
2.0532359131272915
2.6477077618086136
2.1416195253341384
1.971747257128181
2.004886164091843
2.3050365325772657
2.054585169337799
1.7924812503605778
2.3301249653149703
1.823067982273661
2.294693951646702
1.8676338909712125
2.2841591278514217
2.1280852788913944
1.9591479170272446
2.3395722619867225
2.278351811711312
2.375
2.049452072789394
2.125814583693911
2.1826195163964157
2.0403733936884962
1.971747257128181
2.422579761842491
2.336420086696949
2.1174924611847548
2.1739731346044096
2.145136370153053
2.466945372133197
2.375
1.6854752972273344
2.049452072789394
2.0403733936884962
1.9464393446710153
2.054585169337799
2.074164743022575
2.0403733936884962
1.9182958340544893
2.049452072789394
2.2062389286533897
2.049452072789394
2.251629167387823
2.5566567074628237
1.584962500721156
2.0403733936884962
2.0989295636909353
2.1013152774012367
1.7841591278514217
1.7924812503605778
2.0
2.440404017720928
2.054585169337799
2.0403733936884962
2.279799131837405
2.181937063546704
2.0202442071537563
1.971747257128181
1.789929075309999
2.054585169337799
2.260820318171659
1.8676338909712125
1.8676338909712125
1.8676338909712125
1.8585552118703144
1.8585552118703144
1.8676338909712125
1.8676338909712125
1.8585552118703144
1.8585552118703144
2.049452072789394
1.896240625180289
2.553535428806523
2.0403733936884962
1.9182958340544896
1.9591479170272446
1.867633890971212
2.353533948577482
2.1280852788913944
2.0403733936884962
2.278351811711312
2.230893588207191
1.7295739585136223
2.292481250360578
2.2841591278514217
1.7142427007821253
2.0199730940219753
2.5705981190900795
1.867633890971212
2.130926080730337
2.353533948577482
2.345851989338261
2.251629167387823
2.2892464285091583
2.217021885879718
1.8423709931771084
1.931803386605942
2.221251836004466
2.221251836004466
2.30827083453526
1.971747257128181
2.358938532350277
2.1812056673346514
1.823067982273661
2.360964047443681
2.0403733936884962
1.9301249653149701
2.128085278891394
2.0403733936884962
2.054585169337799
2.292481250360578
1.8339272176418302
2.1280852788913944
2.0403733936884962
2.29597512699001
2.0403733936884962
1.6644977792004614
2.403677461028802
2.049452072789394
2.3071885761626687
2.2256108145207376
1.9740734880248596
2.117492461184755
2.482229914083254
1.9653059184883492
2.084962500721156
2.4712007458454015
2.0349409139562287
2.556656707462823
1.9508257945180885
2.004886164091843
1.8675769461761949
2.4416298737872246
2.3318026736242854
2.125814583693911
2.304945131143149
2.130926080730337
1.867633890971212
2.1739731346044096
2.2877837199410704
2.1887870678023824
2.3301249653149703
2.182259675680832
1.8322488896002305
2.263809173883546
2.0403733936884962
2.1735572622751858
1.789929075309999
1.867633890971212
2.0
2.350209029099897
2.0403733936884962
2.251629167387823
2.033433648591852
2.075869296697727
1.789929075309999
2.2841591278514217
1.9508257945180885
2.2954656791802917
2.054585169337799
1.867633890971212
2.211289880921246
2.275170354773194
1.9877733714879842
1.965596230357602
2.33012496531497
2.029526332323075
2.278351811711312
2.063458298648303
2.061278124459133
1.7924812503605778
1.9182958340544893
2.1812056673346514
1.823067982273661
2.278351811711312
2.1800365325772657
1.789929075309999
1.7924812503605778
1.8423709931771084
2.1887870678023824
1.9182958340544893
2.0403733936884962
2.5073801024236357
1.971747257128181
2.2841591278514217
2.4404040177209283
2.3050365325772657
1.7924812503605778
2.0048861640918427
2.130926080730337
2.054585169337799
2.2232196723355075
1.867633890971212
2.33012496531497
2.0403733936884962
2.6990199844009077
2.0311836644228602
2.278351811711312
1.6729330318733675
1.6644977792004614
2.0403733936884962
1.7924812503605778
2.004886164091843
2.1280852788913944
2.0403733936884962
1.8810947601100747
2.125814583693911
2.0403733936884962
2.1280852788913944
2.251629167387823
2.004886164091843
2.103909910282364
2.0403733936884962
1.7924812503605778
2.0403733936884962
2.353533948577482
2.0403733936884962
1.7924812503605778
1.867633890971212
2.1280852788913944
2.1174924611847548
2.049452072789394
1.8423709931771084
1.9508257945180885
2.322756958897399
1.971747257128181
1.8810947601100747
1.971747257128181
1.9877733714879842
1.823067982273661
1.9182958340544893
2.3152084707948033
2.263809173883546
1.8585552118703144
1.971747257128181
1.7924812503605778
2.3208020839342964
2.3942811477133943
2.2033331583703446
2.054585169337799
2.049452072789394
1.870253816431622
2.038159681645953
2.4137995646056805
2.103119464326695
2.0403733936884962
1.9591479170272446
2.1920058354921066
2.0403733936884962
1.9749375012019268
1.971747257128181
2.0403733936884962
2.671602261409798
2.0
2.3935823097180293
1.9528195311147831
2.251629167387823
2.1280852788913944
2.2516144718101816
2.2783518117113117
2.0225797618424917
2.1887870678023824
2.0403733936884962
1.971747257128181
1.823067982273661
2.4137995646056805
1.4591479170272448
2.077819531114783
2.114805144339332
1.823067982273661
2.2062389286533897
1.7924812503605778
2.0
2.1556390622295662
2.004886164091843
2.377387064296613
2.296636697410334
1.867633890971212
2.390863696857044
2.049452072789394
2.049452072789394
2.2810361125534233
2.224601752714581
2.48345859334435
2.1054105870684143
2.0403733936884962
2.421127473337187
2.3942811477133943
2.0403733936884962
2.1887870678023824
1.971747257128181
2.0403733936884962
1.971747257128181
2.125814583693911
2.279799131837405
1.8585552118703144
2.33012496531497
2.1280852788913944
2.117492461184755
2.263809173883546
2.0403733936884962
2.5622921890824144
2.1280852788913944
2.251629167387823
1.867633890971212
2.0403733936884962
1.971747257128181
1.7924812503605778
2.1739731346044096
1.9182958340544893
2.128085278891394
2.1042929895909244
1.7924812503605778
2.292481250360578
1.939353872167201
2.5032583347756456
2.066247897312731
2.6341050973916156
2.25
1.971747257128181
1.75
2.606238928653389
2.049452072789394
2.556656707462823
1.789929075309999
1.789929075309999
2.2810361125534233
2.2544475789720946
2.433195838728977
2.0403733936884962
2.1280852788913944
2.1887870678023824
2.0403733936884962
2.0670314951575843
2.260820318171659
2.0403733936884962
2.148834854280917
2.0403733936884962
2.4404040177209283
1.8387922011880082
2.2218390337790965
1.7295739585136223
2.1800365325772657
2.311278124459133
1.7037896415278795
2.077819531114783
2.2877837199410704
2.472035982183071
2.0349409139562287
2.004886164091843
1.789929075309999
2.335505556517097
2.049452072789394
1.823067982273661
2.1887870678023824
2.2389205950315936
2.0403733936884962
2.556656707462823
2.119973094021975
2.217021885879718
2.1416195253341384
1.8542858719872461
2.0403733936884962
1.9877733714879842
2.054585169337799
2.5366082543914996
2.0403733936884962
1.9508257945180885
1.8810947601100747
1.789929075309999
2.0403733936884962
1.8585552118703144
2.335505556517097
1.5566567074628228
1.9182958340544893
2.004886164091843
1.9732285161344474
2.1684656711105887
1.8262452584026092
2.0403733936884962
2.064042639445697
2.0403733936884962
1.971747257128181
2.521782221599798
2.0403733936884962
1.8423709931771088
2.384183719779189
1.8464393446710154
2.0403733936884962
2.4137995646056805
2.005977711423774
1.8365916681089791
2.33012496531497
1.971747257128181
2.221251836004466
2.0403733936884962
2.0048861640918427
1.971747257128181
2.4464124990649547
2.0550365325772657
1.789929075309999
2.353533948577482
1.823067982273661
2.2841591278514217
1.75
2.2787875981356107
2.2569089895583545
1.9182958340544893
2.278351811711312
2.119240704636849
1.9211854965885542
2.221251836004466
2.103909910282364
1.789929075309999
2.125814583693911
1.7924812503605778
2.0403733936884962
2.251629167387823
2.349601752714581
1.7924812503605778
1.9591479170272446
1.971747257128181
1.896240625180289
1.9182958340544893
1.971747257128181
2.0403733936884962
2.183754831923921
2.3458519893382603
1.8423709931771084
2.221251836004466
1.8676338909712125
2.248529327128576
2.365596230357602
2.1416195253341384
1.7924812503605778
1.8676338909712125
2.463458298648303
1.9591479170272446
2.1920058354921066
2.1739731346044096
2.091917186688699
2.4047933024618025
2.5724312513221195
2.049452072789394
2.221251836004466
2.1258145836939115
2.0403733936884962
2.0403733936884962
2.1148051443393325
1.75
2.1739731346044096
2.4137995646056805
2.5073801024236357
2.0403733936884962
1.8423709931771084
2.221251836004466
2.0403733936884962
2.058813890331201
1.7924812503605778
1.875
1.8423709931771084
2.463458298648303
2.0403733936884962
2.117492461184755
1.7295739585136223
2.004886164091843
1.9751060324573735
2.45311500557286
1.971747257128181
2.3921472236645345
2.1179631753145163
1.9877733714879842
2.054585169337799
2.4834585933443494
1.9852281360342514
1.8676338909712125
1.6258145836939115
2.1887870678023824
1.8423709931771084
2.1464657985040723
1.9232196723355077
1.765246528378741
1.765246528378741
1.765246528378741
1.7295739585136223
1.7295739585136223
1.7295739585136223
1.7295739585136223
1.7295739585136223
1.7295739585136223
1.7295739585136223
1.7295739585136223
1.7295739585136223
1.7295739585136223
1.7295739585136223
1.7295739585136223
1.876654497859216
1.876654497859216
1.876654497859216
1.765246528378741
1.765246528378741
1.765246528378741
1.7295739585136223
1.7295739585136223
1.7295739585136223
1.7295739585136223
1.7295739585136223
1.7295739585136223
1.7295739585136223
1.7295739585136223
1.7295739585136223
1.7295739585136223
1.7295739585136223
1.7295739585136223
1.876654497859216
1.876654497859216
1.876654497859216
1.765246528378741
1.765246528378741
1.765246528378741
1.7295739585136223
1.7295739585136223
1.7295739585136223
1.7295739585136223
1.7295739585136223
1.7295739585136223
1.7295739585136223
1.7295739585136223
1.7295739585136223
1.7295739585136223
1.7295739585136223
1.7295739585136223
1.9149798205164812
1.6589797521242051
1.6589797521242051
1.6589797521242051
1.6589797521242051
1.7295739585136223
1.7295739585136223
1.7295739585136223
1.7295739585136223
1.7295739585136223
1.7295739585136223
1.7295739585136223
1.7295739585136223
1.7295739585136223
1.7295739585136223
1.7295739585136223
1.7295739585136223
1.876654497859216
1.876654497859216
1.876654497859216
1.9528195311147831
1.789929075309999
1.789929075309999
2.10845859334435
2.1768589799249654
2.7368022251345994
1.8843135277997989
1.9508257945180885
1.9182958340544896
1.789929075309999
1.9591479170272446
2.199687794731328
2.054585169337799
2.224601752714581
2.0
2.287783719941071
1.8676338909712125
2.3879185026711327
2.3959988705348416
2.1556390622295662
1.8585552118703144
2.049452072789394
2.260820318171659
2.004886164091843
2.353533948577482
2.2890179898186576
2.292481250360578
1.867633890971212
2.125814583693911
1.4591479170272448
2.0403733936884962
2.406666316740689
1.971747257128181
1.924824066737395
2.1607047528877827
2.2856005389623073
2.2810361125534233
2.349601752714581
2.349601752714581
2.004886164091843
2.2841591278514217
1.8676338909712125
1.6644977792004614
2.1174924611847548
2.022106112739839
2.0461796919474975
1.789929075309999
2.0403733936884962
2.1887870678023824
2.0
1.8423709931771084
2.657742726504889
1.8879185026711327
1.823067982273661
1.8676338909712125
2.555913095175825
1.867633890971212
1.7924812503605778
1.9877733714879842
1.9182958340544893
2.1280852788913944
2.004886164091843
2.054585169337799
2.225605199016944
2.0403733936884962
2.2841591278514217
2.4225797618424916
2.5495080057422195
1.8676338909712125
1.75
2.146782221599798
1.5566567074628228
2.1920058354921066
1.561278124459133
2.221251836004466
2.5073801024236357
1.7924812503605778
2.0670314951575843
2.260820318171659
2.125814583693911
2.5073801024236357
2.353533948577482
2.199687794731328
1.6644977792004614
2.0403733936884962
2.33012496531497
2.169925001442312
2.396782221599798
1.5566567074628228
2.1179631753145163
2.1416195253341384
1.896240625180289
1.8789687013606597
1.9591479170272446
2.221251836004466
1.8585552118703144
2.0403733936884962
1.789929075309999
2.2841591278514217
2.049452072789394
1.7924812503605778
2.130926080730337
1.9588595774493198
2.2516291673878226
2.1209520310264027
2.416685395701157
1.8250112108241772
1.9508257945180885
1.7841591278514217
2.217021885879718
2.0403733936884962
2.1179631753145163
2.0403733936884962
1.789929075309999
2.3458519893382603
2.0403733936884962
2.0403733936884962
2.1149798205164814
2.049452072789394
2.0403733936884962
2.0403733936884962
2.403677461028802
2.4225797618424916
2.054585169337799
2.188493070364559
2.004886164091843
1.8942738697712644
2.0403733936884962
2.279799131837405
2.1633347891038204
2.0403733936884962
1.8423709931771084
2.353533948577482
2.130470963575288
2.1800365325772657
2.349601752714581
2.0403733936884962
2.4666995032585373
2.3959988705348416
2.125814583693911
1.971747257128181
2.004886164091843
1.896240625180289
1.8617022325423545
2.7352828720530677
1.9591479170272446
2.2877837199410704
2.8006969657269223
2.4416298737872246
2.002755067189044
2.2389205950315936
2.6493675548703424
1.9591479170272446
2.4416298737872246
2.13831831092668
1.971747257128181
1.896240625180289
1.789929075309999
2.1280852788913944
2.1967916319816365
1.9591479170272446
2.0403733936884962
2.1280852788913944
1.971747257128181
1.8585552118703144
1.705905320035308
2.2096909728231857
2.0
2.199687794731328
2.396782221599798
2.1887870678023824
2.146465798504072
1.8585552118703144
2.2841591278514217
1.97285859862763
2.5324591802802385
2.8373099413886695
2.0403733936884962
2.4137995646056805
2.054585169337799
2.359879028736861
2.292481250360578
2.004886164091843
1.914341183612352
1.8423709931771084
2.004886164091843
1.4591479170272448
1.8879185026711327
1.7924812503605778
2.1632095937363847
2.004886164091843
2.287783719941071
1.9148139223761194
2.3208020839342964
2.038159681645953
1.7841591278514217
2.646985457851354
2.396782221599798
2.259420773186495
2.437065831519022
2.2877837199410704
2.0874628412503395
2.0403733936884962
1.8843135277997989
2.2892464285091583
2.0
2.0202442071537563
2.199687794731328
2.33012496531497
2.1179631753145163
2.004886164091843
1.6644977792004614
2.1179631753145163
1.9824575106554494
2.245869617795809
2.556656707462823
2.3991303913908
2.0403733936884962
2.221251836004466
1.9942994759573032
2.004886164091843
2.125814583693911
1.7924812503605778
2.221251836004466
1.9877733714879842
2.0403733936884962
2.199687794731328
2.1416195253341384
2.0403733936884962
1.8061400856559078
1.823067982273661
2.004886164091843
2.148834854280917
2.005977711423774
1.823067982273661
1.965596230357602
2.004886164091843
2.358938532350277
2.0403733936884962
2.0
2.0403733936884962
2.128085278891394
1.867633890971212
1.867633890971212
1.867633890971212
1.867633890971212
1.867633890971212
1.867633890971212
1.867633890971212
1.867633890971212
1.867633890971212
1.867633890971212
1.867633890971212
1.867633890971212
1.867633890971212
1.867633890971212
1.867633890971212
1.867633890971212
1.867633890971212
1.867633890971212
1.867633890971212
1.867633890971212
1.867633890971212
1.867633890971212
1.867633890971212
1.867633890971212
1.867633890971212
1.867633890971212
1.867633890971212
1.867633890971212
1.867633890971212
1.867633890971212
1.867633890971212
1.867633890971212
1.867633890971212
1.867633890971212
1.867633890971212
1.867633890971212
1.867633890971212
1.9591479170272446
2.1800365325772657
2.3207969432027613
1.768350933384379
2.2656546557441946
2.1179631753145163
1.950212064914747
2.049452072789394
1.789929075309999
2.2584598927441624
1.9877733714879842
2.4225797618424916
2.1920058354921066
2.278351811711312
2.606238928653389
2.054585169337799
1.867633890971212
1.971747257128181
1.8676338909712125
1.9008002264486872
1.8585552118703144
2.005977711423774
2.25
2.1416195253341384
2.1416195253341384
2.279799131837405
2.521782221599798
1.9046415396486824
2.05632607578088
1.971747257128181
1.867633890971212
2.0403733936884962
2.0403733936884962
2.1179631753145163
2.216521698179525
2.406666316740689
2.4634582986483036
2.7395722619867224
2.2892464285091583
1.8810947601100747
1.7830789481809688
1.4911148500551858
1.8799649487271108
2.556656707462823
1.789929075309999
1.971747257128181
1.7527152789797045
2.5
2.460964047443681
2.353533948577482
2.358938532350277
2.054585169337799
2.221251836004466
1.823067982273661
1.9591479170272446
2.125814583693911
2.004886164091843
2.192005835492107
2.004886164091843
1.9182958340544893
2.0814963295286755
2.049452072789394
2.125814583693911
2.406666316740689
2.349601752714581
1.789929075309999
2.1405180562767114
2.0403733936884962
2.004886164091843
2.038159681645953
2.038159681645953
1.971747257128181
2.3134597501718237
2.054585169337799
1.8423709931771084
2.469670487371862
1.789929075309999
2.0403733936884962
2.125814583693911
2.699513850319966
2.319973094021975
1.971747257128181
2.0403733936884962
2.0814963295286755
1.855388542207534
1.7924812503605778
2.33012496531497
1.7841591278514217
2.1499481955839457
2.2783518117113117
1.9877733714879842
2.162368783573502
2.004886164091843
2.353533948577482
1.9301249653149701
1.9877733714879842
2.125814583693911
2.049452072789394
2.260820318171659
2.004886164091843
1.8676338909712125
2.4387439204017474
1.8676338909712125
2.353533948577482
1.789929075309999
2.292481250360578
1.9591479170272446
2.117492461184755
2.0403733936884962
2.1190850469784714
1.9877733714879842
2.4305946180235427
2.2062389286533897
1.9805332770550816
1.9688238866642982
2.0403733936884962
2.0403733936884962
1.9591479170272446
1.789929075309999
2.004886164091843
1.9764892117991657
1.971747257128181
1.807354922057604
1.8423709931771084
1.914341183612352
1.6854752972273346
2.1280852788913944
2.693721411259646
2.4134326522051865
2.403677461028802
2.239097917988786
2.440404017720928
1.9182958340544893
2.125814583693911
2.1280852788913944
1.971747257128181
2.049452072789394
2.054585169337799
2.054585169337799
2.0349409139562287
2.130926080730337
1.9508257945180885
2.063202513215852
2.1179631753145163
2.375
2.004886164091843
2.040223928941852
1.971747257128181
2.217021885879718
1.8799649487271108
2.1887870678023824
1.8423709931771084
2.25
2.2232196723355075
1.8676338909712125
1.9182958340544893
1.561278124459133
1.789929075309999
2.4903079101415915
2.2833830982290135
2.1556390622295662
1.9591479170272446
2.279799131837405
2.146465798504072
1.789929075309999
1.9086345734705732
2.0403733936884962
2.004886164091843
2.288847768163799
1.896240625180289
2.038159681645953
2.004886164091843
2.2627834289765825
1.870253816431622
2.145136370153053
2.2485731395538666
1.7841591278514217
1.823067982273661
2.0989295636909353
1.823067982273661
2.3458519893382603
2.004886164091843
1.823067982273661
2.0191534613250357
2.23345859334435
2.0403733936884962
2.140361163698485
2.2256051990169436
1.8676338909712125
2.146465798504072
1.75
1.971747257128181
2.2062389286533897
1.8423709931771084
2.0403733936884962
2.2802262536736593
1.7381493331928664
1.9254106352407239
2.0300872246321315
1.8423709931771084
2.0349409139562287
2.260820318171659
1.9386790169573507
1.9591479170272446
2.2585728843419153
2.4073290582651667
2.217021885879718
1.9877733714879842
1.7924812503605778
2.077819531114783
1.867633890971212
2.1174924611847548
2.353533948577482
2.1464657985040723
2.004886164091843
2.4137995646056805
2.2841591278514217
1.8879185026711327
2.049452072789394
1.867633890971212
2.196957186327418
2.5073801024236357
2.0403733936884962
2.359879028736861
1.927451224964519
2.0403733936884962
2.099843897365664
2.004886164091843
2.0403733936884962
1.8676338909712125
2.120952031026403
2.390863696857044
1.789929075309999
1.8423709931771084
2.382493909971019
2.120952031026403
2.292481250360578
2.217021885879718
2.0403733936884962
1.971747257128181
2.2810361125534233
2.239097917988786
2.125814583693911
2.004886164091843
1.9508257945180885
2.3395722619867225
2.3432578733442675
1.971747257128181
2.0458416408851736
2.1609640474436813
2.0
2.221251836004466
2.038159681645953
2.0689508180667593
1.7527152789797047
2.1556390622295662
2.049452072789394
1.867633890971212
2.038159681645953
1.950212064914747
2.292481250360578
2.33012496531497
1.584962500721156
2.350209029099897
2.463458298648303
2.345851989338261
1.9751060324573733
1.971747257128181
2.556656707462823
2.1405180562767114
2.2877837199410704
1.971747257128181
2.2988252450030506
2.4416298737872246
2.1920058354921066
2.0403733936884962
2.322756958897399
2.2359263506290326
2.004886164091843
2.074087044559035
2.2268415198138674
1.7884504573082893
1.9508257945180885
1.9877733714879842
2.364005462854221
1.971747257128181
2.343257873344267
2.2585728843419157
2.2485731395538666
2.004886164091843
2.074087044559035
1.7381493331928664
2.1920058354921066
1.8585552118703144
1.8250112108241772
2.1588718484453606
1.7841591278514217
2.1800365325772657
2.1920058354921066
1.870253816431622
2.054585169337799
2.5492553971684995
2.146465798504072
2.221251836004466
2.211617483630193
2.0804820237218404
1.760495029766198
1.9877733714879842
1.7527152789797045
2.2890179898186576
1.8423709931771086
1.962806631693174
2.0403733936884962
2.0403733936884962
2.0403733936884962
2.0403733936884962
2.0403733936884962
2.0403733936884962
2.0403733936884962
2.0403733936884962
2.0403733936884962
2.0403733936884962
2.0403733936884962
2.0403733936884962
2.0403733936884962
2.0403733936884962
2.0403733936884962
2.0403733936884962
2.0403733936884962
2.0403733936884962
2.0403733936884962
2.0403733936884962
2.0403733936884962
2.0403733936884962
2.0403733936884962
2.0403733936884962
2.0403733936884962
1.7924812503605778
1.971747257128181
2.1556390622295662
2.463458298648303
2.251629167387823
2.2132982820604443
2.4305946180235423
2.0403733936884962
1.896240625180289
2.5306390622295662
2.5942441976103754
2.7890069652457714
2.473851389610045
1.971747257128181
1.771782221599798
2.1179631753145163
2.1739731346044096
2.1054105870684143
1.9528195311147831
2.3050365325772657
2.1739731346044096
2.0403733936884962
2.0403733936884962
2.33012496531497
2.077819531114783
1.7947367178034825
2.4137995646056796
1.896240625180289
2.5541522113239497
2.0338955035165265
2.7833894055198507
2.2877837199410704
2.1887870678023824
1.823067982273661
2.463458298648303
2.049452072789394
1.8676338909712125
2.1280852788913944
1.9508257945180885
2.474601752714581
1.9591479170272446
2.220068302234069
2.0403733936884962
2.0570812624395973
2.125814583693911
1.7272486062639207
2.263809173883546
2.147077673396552
1.4591479170272448
2.2096909728231857
1.8423709931771084
1.9591479170272446
2.0403733936884962
2.353533948577482
2.349601752714581
2.406666316740689
2.1280852788913944
2.1273877651912745
1.8676338909712125
1.9877733714879842
2.023219672335508
2.1577174691301484
1.789929075309999
1.9877733714879842
2.3627402784989338
2.0403733936884962
1.9056390622295665
2.0609640474436812
2.5580510765444573
2.125814583693911
1.9211796919474975
2.125814583693911
2.038159681645953
2.8822921890824142
1.811278124459133
1.9508257945180885
2.10845859334435
1.867633890971212
1.79119335822724
2.225605199016944
2.119240704636849
2.1405180562767114
2.395461844238322
2.0403733936884962
1.9927781074599387
2.2841591278514217
2.0349409139562287
1.8676338909712125
2.292071752457787
2.292071752457787
2.292071752457787
2.292071752457787
2.292071752457787
2.292071752457787
2.292071752457787
2.292071752457787
2.292071752457787
2.292071752457787
2.292071752457787
2.292071752457787
2.292071752457787
2.292071752457787
2.292071752457787
2.292071752457787
2.292071752457787
2.292071752457787
2.0403733936884962
1.867633890971212
2.054585169337799
2.375
2.0632025132158516
2.0403733936884962
1.971747257128181
2.521782221599798
2.263809173883546
2.054585169337799
2.349456149452731
2.0867786311375927
2.049452072789394
2.4137995646056805
2.2783518117113117
1.9591479170272446
2.221251836004466
2.3627402784989338
2.125814583693911
2.0403733936884962
1.61078454839968
1.9993896755123952
2.1887870678023824
2.440404017720928
2.197159723424149
2.206238928653389
1.971747257128181
2.049452072789394
2.5424826938097276
2.3395722619867225
1.9182958340544893
2.4137995646056805
1.9403358187557618
2.251629167387823
2.6556390622295662
2.3232196723355076
2.0989295636909353
2.004886164091843
2.0681873374585056
2.255369208880387
2.004886164091843
2.004886164091843
2.004886164091843
1.823067982273661
2.005977711423774
2.1920058354921066
1.9852281360342514
2.038159681645953
2.337019353315419
2.004886164091843
1.823067982273661
2.004886164091843
1.823067982273661
2.074164743022575
2.216521698179525
2.358938532350277
2.004886164091843
2.3050365325772657
1.9508257945180885
2.075869296697727
2.260820318171659
2.054585169337799
1.8676338909712125
2.292481250360578
1.789929075309999
1.896240625180289
2.09098996700847
1.867633890971212
1.9182958340544893
2.390863696857044
1.7841591278514217
1.7841591278514217
1.971747257128181
1.760495029766198
1.8676338909712125
1.789929075309999
1.789929075309999
1.8050365325772657
1.867633890971212
1.867633890971212
1.965596230357602
1.8676338909712125
2.0403733936884962
2.1774212838293647
2.2132982820604443
2.0403733936884962
2.146465798504072
1.789929075309999
2.130926080730337
1.7924812503605778
2.133937566094917
2.474601752714581
2.004886164091843
1.8423709931771084
1.4488156357251847
2.0989295636909353
1.9473387961875537
2.180086250295561
1.8810947601100747
2.0874628412503395
2.0403733936884962
2.0403733936884962
2.2856005389623077
2.0
1.9877733714879842
1.971747257128181
2.0741647430225756
2.0403733936884962
1.823067982273661
1.9182958340544896
1.9182958340544893
2.396782221599798
2.1280852788913944
2.3942811477133943
1.971747257128181
2.1556390622295662
2.125814583693911
2.077819531114783
2.183754831923921
2.0403733936884962
1.789929075309999
2.3471967222609034
1.7924812503605778
2.3433546214047736
1.9852281360342514
2.0403733936884962
2.146465798504072
2.004886164091843
1.7295739585136223
2.127986806877675
1.971747257128181
2.199687794731328
2.049452072789394
2.463458298648303
2.049452072789394
2.646782221599798
2.125814583693911
2.6247262095042956
2.474601752714581
2.221251836004466
2.0349409139562287
2.221251836004466
2.0893887319713924
2.102187170949333
2.1812056673346514
2.0403733936884962
1.823067982273661
1.9591479170272446
1.867633890971212
2.125814583693911
2.1280852788913944
2.103909910282364
2.0403733936884962
2.406666316740689
1.7924812503605778
2.0989295636909353
2.1405180562767114
2.0403733936884962
1.8676338909712125
2.270942421748537
2.049452072789394
1.9591479170272446
2.271782221599798
2.3618065366275363
2.3192407046368486
1.8843135277997989
2.3071885761626687
1.7924812503605778
2.1920058354921066
1.789929075309999
2.0403733936884962
2.063202513215852
2.353533948577482
2.0
2.0403733936884962
1.971747257128181
2.2841591278514217
1.7924812503605778
2.1280852788913944
2.0403733936884962
2.0403733936884962
2.045841640885174
2.0403733936884962
2.0403733936884962
2.004886164091843
2.0403733936884962
2.0403733936884962
2.472905595320056
1.914341183612352
2.429945131143149
1.971747257128181
1.7527152789797045
2.2841591278514217
2.0403733936884962
2.004886164091843
1.8423709931771084
2.064042639445697
2.4056390622295662
1.789929075309999
2.054585169337799
2.260820318171659
2.2877837199410704
2.752037956999222
2.359879028736861
2.278351811711312
1.8585552118703144
2.292481250360578
2.556656707462823
2.217021885879718
2.3904685707328284
1.896240625180289
1.9877733714879842
1.789929075309999
2.049452072789394
2.1416195253341384
2.0403733936884962
2.1280852788913944
1.901506402501506
2.2806390622295662
2.148834854280917
2.620980415490834
2.1556390622295662
2.114805144339332
2.504693420829141
2.430832051224084
2.1800365325772657
2.5580510765444573
2.4430741894285695
2.049452072789394
2.2890179898186576
1.854285871987246
1.8676338909712125
2.054585169337799
1.971747257128181
2.125814583693911
2.2389205950315936
2.25
1.8423709931771084
2.054585169337799
2.292481250360578
1.789929075309999
1.7841591278514217
2.1179631753145163
1.9591479170272446
2.1800365325772657
2.415661470191763
2.0
2.0403733936884962
2.146782221599798
2.004886164091843
2.1920058354921066
1.4591479170272448
1.9182958340544893
2.349601752714581
1.9751060324573733
2.206238928653389
2.054585169337799
2.148834854280917
2.0403733936884962
2.556656707462823
1.721928094887362
1.6605505277442498
2.221251836004466
1.8799649487271108
2.058813890331201
2.0403733936884962
2.004886164091843
2.473851389610045
2.049452072789394
2.6969650700308394
2.1280852788913944
2.4613201402110083
2.2548177660872657
2.2892464285091583
2.1607047528877827
2.495736048575599
2.2877837199410704
2.199687794731328
1.9942994759573032
2.23345859334435
2.0403733936884962
2.365596230357602
2.0081320258333997
2.0349409139562287
2.099601752714581
2.1556390622295662
2.199687794731328
2.1920058354921066
1.7924812503605778
2.2125038423722683
1.8679653582397104
2.0403733936884962
2.054585169337799
2.221251836004466
2.1920058354921066
2.1280852788913944
1.9508257945180885
2.0403733936884962
1.75
2.263809173883546
2.217021885879718
1.8585552118703144
1.8676338909712125
2.004886164091843
2.049452072789394
2.0403733936884962
2.199687794731328
1.8423709931771084
1.9877733714879842
1.7924812503605778
2.049452072789394
1.5304930567574826
2.1280852788913944
1.7924812503605778
1.9508257945180887
2.064042639445697
1.7924812503605778
2.0403733936884962
2.349601752714581
2.038159681645953
2.0403733936884962
1.8676338909712125
2.2030713060627085
2.206238928653389
2.349601752714581
1.971747257128181
2.199687794731328
2.251629167387823
1.93012496531497
1.760495029766198
1.9508257945180885
2.0
2.1556390622295662
2.007856063692049
2.1280852788913944
2.221251836004466
2.4137995646056805
1.9877733714879842
2.739470570797252
2.521782221599798
2.614369445886757
2.349601752714581
2.0349409139562287
1.9473387961875537
2.2841591278514217
2.541014526284496
1.823067982273661
2.1735572622751858
2.084962500721156
2.038159681645953
2.0403733936884962
2.221251836004466
2.1055872616982603
1.7841591278514217
1.8919954870390203
2.1280852788913944
2.0403733936884962
2.217021885879718
2.0403733936884962
2.054585169337799
2.3627402784989338
2.291620193427939
2.5917932260774954
2.359879028736861
2.0403733936884962
1.789929075309999
2.289246428509158
2.1440239107574226
1.8073549220576042
2.0403733936884962
1.7924812503605778
1.7924812503605778
1.9182958340544893
2.0403733936884962
2.128085278891394
2.0403733936884962
1.8773870642966133
1.789929075309999
2.004886164091843
2.556656707462823
2.125
1.606296919801121
1.971747257128181
2.0729055953200564
1.7394541964918901
1.789929075309999
2.278351811711312
2.349601752714581
2.1416195253341384
2.049452072789394
2.158592489772478
2.057924310831006
2.1967916319816365
2.054585169337799
2.0048861640918427
1.780672129520887
2.2610276044371003
1.867633890971212
2.33012496531497
2.125814583693911
1.9591479170272446
2.049452072789394
1.9026831892554923
1.8919954870390203
2.0403733936884962
2.049452072789394
1.8676338909712125
1.9182958340544896
2.2051099000738694
1.789929075309999
1.780672129520887
1.9508257945180885
2.049452072789394
1.971747257128181
1.823067982273661
2.098579861712074
2.0140458425383194
1.9591479170272446
1.950212064914747
2.2149798205164815
1.867633890971212
2.199687794731328
2.217021885879718
2.771782221599798
2.004886164091843
1.9591479170272446
2.339572261986723
2.2096909728231857
1.971747257128181
2.0
2.216521698179525
1.983084164143437
2.1684656711105887
1.9561489336858493
2.105091054934494
2.1920058354921066
2.472905595320056
1.939353872167201
2.0403733936884962
2.2125038423722683
2.0403733936884962
2.601227480952956
2.0741647430225756
2.0199730940219753
2.4416298737872246
1.8585552118703144
2.2877837199410704
2.473851389610045
2.106048095418327
2.4416298737872246
2.211960834091279
1.9473387961875537
1.867633890971212
2.520244207153756
2.0403733936884962
2.054585169337799
2.146465798504072
2.3395722619867225
1.9591479170272446
2.146782221599798
2.0403733936884962
1.8676338909712125
1.867633890971212
2.181899057917561
1.971747257128181
2.054585169337799
2.049452072789394
2.004886164091843
2.2841591278514217
2.049452072789394
2.0419460322060456
2.1800365325772657
2.004886164091843
2.0121039189772216
1.584962500721156
1.96981578242681
2.1578512529276357
2.084962500721156
2.2841591278514217
2.117344207977935
2.0349409139562287
2.3220847276178658
2.0403733936884962
2.0403733936884962
1.8423709931771086
1.867633890971212
2.0294069451656007
2.0300872246321315
2.192005835492107
2.358938532350277
2.049452072789394
2.1559681021459083
2.5073801024236357
2.2256051990169436
2.521782221599798
2.39231742277876
2.125814583693911
2.2841591278514217
1.8676338909712125
2.183754831923921
2.2841591278514217
2.221251836004466
2.054585169337799
2.292071752457787
2.33012496531497
2.084962500721156
2.311278124459133
2.6635327548042547
2.0349409139562287
2.472905595320056
2.038159681645953
1.971747257128181
2.1920058354921066
1.75
2.1280852788913944
2.2983094013008034
2.0403733936884962
2.406666316740689
2.375
2.2608203181716595
1.6644977792004614
2.004886164091843
1.7924812503605778
2.1556390622295662
2.0403733936884962
2.021782221599798
2.0
2.1280852788913944
2.370430461078689
2.1324373408045867
2.23672031672819
2.054585169337799
1.8446275499630505
2.1868085945630504
1.7924812503605778
2.0403733936884962
2.2390979179887864
1.867633890971212
2.4404040177209283
1.789929075309999
2.049452072789394
1.7527152789797045
1.8676338909712125
1.789929075309999
2.2232196723355075
2.011920928594794
2.004886164091843
1.971747257128181
1.8423709931771088
1.971747257128181
2.217021885879718
2.0403733936884962
2.3942811477133943
2.084962500721156
2.221251836004466
2.6111393800371445
2.234226153609027
2.1055872616982603
2.350209029099897
2.024919610089661
2.1174924611847548
2.063558608511122
2.1895415173391393
2.5073801024236357
2.199687794731328
1.8799649487271108
2.1280852788913944
2.0403733936884962
2.196957186327418
2.221251836004466
2.1280852788913944
2.05632607578088
2.21577067413792
2.2109736165067546
2.2877837199410704
2.5580510765444577
2.33012496531497
2.0403733936884962
2.049452072789394
2.242652555194297
1.7924812503605778
2.038159681645953
2.2856946147259993
1.789929075309999
1.971747257128181
2.130926080730337
2.5996659733039564
2.049452072789394
1.7527152789797047
2.413911951300547
2.359879028736861
2.359879028736861
2.359879028736861
2.359879028736861
2.359879028736861
2.359879028736861
2.359879028736861
2.359879028736861
2.359879028736861
2.0403733936884962
2.5032583347756456
1.9211796919474975
2.4634582986483036
2.0202442071537563
2.074164743022575
2.0403733936884962
1.6644977792004614
2.0403733936884962
2.1920058354921066
2.0403733936884962
1.9182958340544893
2.382683189255492
2.049452072789394
2.049452072789394
1.971747257128181
1.8879185026711327
2.1416195253341384
2.1464657985040723
2.0048861640918427
2.127986806877675
1.971747257128181
1.7924812503605778
2.0403733936884962
2.1339375660949167
1.971747257128181
1.9591479170272446
2.061278124459133
2.555913095175825
2.217021885879718
1.971747257128181
2.353533948577482
2.217021885879718
2.289017989818658
2.3068905956085186
2.2339979078388272
2.217021885879718
2.213388725341426
2.319973094021975
2.125814583693911
1.9597274995956222
1.9455305560363263
2.0403733936884962
2.375
2.217021885879718
1.584962500721156
2.2856005389623073
1.971747257128181
1.8423709931771084
2.696199049814856
2.251629167387823
2.359879028736861
1.9877733714879842
2.403677461028802
2.125
1.971747257128181
2.699513850319966
2.372094637795624
2.3050365325772657
2.2810361125534233
2.4467079811709156
2.0545851693377997
2.004886164091843
2.0
2.292481250360578
2.0532635745669556
2.0403733936884962
2.5868878409958143
2.1917348792822557
2.199687794731328
2.0225797618424917
2.238920595031594
2.263809173883546
2.049452072789394
2.463458298648303
2.146465798504072
2.1812056673346514
2.696199049814856
1.9473387961875537
2.3208020839342964
2.0403733936884962
1.7527152789797045
2.2797991318374056
2.0403733936884962
2.2096909728231857
2.0403733936884962
2.114805144339332
1.971747257128181
1.8810947601100747
1.9508257945180885
2.4137995646056805
2.0403733936884962
2.116299605701696
2.1258145836939115
2.1609640474436813
2.271782221599798
2.125814583693911
2.5580510765444573
1.7758589482446405
1.9182958340544893
2.1179631753145163
2.349601752714581
2.0
2.353533948577482
1.9877733714879842
2.054585169337799
1.896240625180289
1.971747257128181
1.971747257128181
1.6577427265048887
2.495602923729013
1.561278124459133
2.4137995646056805
2.072905595320056
1.7924812503605778
2.463458298648303
2.054585169337799
2.15448641537932
2.5
2.0403733936884962
1.789929075309999
2.004886164091843
2.3050365325772657
2.0989295636909353
1.823067982273661
2.004886164091843
1.971747257128181
1.7841591278514217
2.2256051990169436
2.358938532350277
2.004886164091843
2.005977711423774
2.139353872167201
2.004886164091843
2.2627834289765825
2.1684656711105887
1.971747257128181
2.2627834289765825
2.2485731395538666
1.965596230357602
2.179350202453772
2.0403733936884962
2.1920058354921066
1.9182958340544893
2.049452072789394
2.343257873344267
2.0403733936884962
2.2877837199410704
1.9591479170272446
2.279799131837405
2.252200601496646
2.0134893002931977
2.1416195253341384
2.6090255736436503
2.1792292966721747
2.0814963295286755
2.463458298648303
2.1280852788913944
2.1054105870684143
1.8423709931771088
1.971747257128181
1.9197367178034825
2.25
1.7295739585136223
1.7381493331928664
1.971747257128181
2.209888638014727
2.5559130951758244
2.0741647430225756
1.7924812503605778
2.33012496531497
2.0403733936884962
2.292481250360578
1.836591668108979
2.2200683022340693
2.3192407046368486
2.292481250360578
2.004886164091843
2.219240704636849
2.0403733936884962
2.120952031026403
1.789929075309999
1.789929075309999
1.971747257128181
2.0
2.084182984933787
2.128085278891394
1.971747257128181
1.8676338909712125
2.221251836004466
2.054585169337799
2.528300010338851
2.199687794731328
1.8498687225851778
2.3395722619867225
2.1920058354921066
2.279799131837405
1.789929075309999
2.049452072789394
1.971747257128181
2.221251836004466
1.9211854965885544
2.199687794731328
2.049452072789394
1.6644977792004614
2.1144112430814612
1.7841591278514217
2.0046438663169983
2.3050365325772657
2.131435984442203
2.0116298903693024
2.125814583693911
2.2684996593870435
2.615093520281345
2.1416195253341384
1.789929075309999
2.124429393841987
2.542328989413759
2.205109900073869
2.049452072789394
2.004886164091843
1.7924812503605778
2.1556390622295662
1.7924812503605778
2.0403733936884962
2.1280852788913944
1.7527152789797045
2.0403733936884962
1.9182958340544893
2.021782221599798
1.9374448765408532
2.0566416671474372
2.202819531114783
2.0
1.971747257128181
1.879964948727111
2.1416195253341384
1.896240625180289
1.8585552118703144
2.0550365325772657
2.004886164091843
2.1174924611847548
2.0202442071537563
2.217021885879718
1.971747257128181
1.936278124459133
1.971747257128181
2.345411850133996
2.004886164091843
2.0403733936884962
1.9508257945180887
1.4591479170272448
1.836591668108979
2.049452072789394
1.927451224964519
2.287783719941071
1.867633890971212
2.1800365325772657
2.221251836004466
1.7332885768588304
2.039353872167201
1.7924812503605778
2.556656707462823
2.049452072789394
2.260820318171659
2.1280852788913944
2.292481250360578
2.093955367583288
2.127986806877675
2.1061450333085068
2.2841591278514217
1.9591479170272446
2.0403733936884962
2.205109900073869
2.370699332842307
1.7318927687427597
1.8208245301176924
1.8810947601100747
2.0225797618424917
2.004886164091843
1.8810947601100747
1.971747257128181
1.854285871987246
1.7924812503605778
2.1280852788913944
2.463458298648303
1.9877733714879842
1.7841591278514217
2.123219672335508
2.1619781796795534
1.9877733714879842
1.4591479170272446
1.9182958340544893
2.2841591278514217
2.0403733936884962
2.2256051990169436
2.4584538292330587
2.403677461028802
2.0403733936884962
2.219240704636849
1.8676338909712125
1.9877733714879842
2.217021885879718
2.5253456211698713
2.521782221599798
2.148834854280917
2.1179631753145163
2.024726036394697
2.0403733936884962
1.8423709931771084
2.0487949406953985
2.1321932831585277
2.251629167387823
2.353533948577482
2.125814583693911
2.146782221599798
2.1147130311157563
2.0989295636909353
2.1920058354921066
2.130926080730337
2.2856005389623073
1.8892464285091581
2.0587462305923774
2.128085278891394
1.867633890971212
2.039353872167201
2.004886164091843
1.9877733714879842
1.8810947601100747
2.0403733936884962
2.0
2.1280852788913944
1.789929075309999
1.6644977792004614
2.396782221599798
1.867633890971212
1.780672129520887
1.789929075309999
1.8773870642966133
1.7841591278514217
1.8423709931771084
1.971747257128181
1.823067982273661
2.1739731346044096
1.8250112108241772
1.8423709931771084
2.1607047528877827
1.8676338909712125
2.1209520310264036
1.7924812503605778
2.289246428509158
2.063458298648303
2.004886164091843
1.971747257128181
2.1280852788913944
2.332914563979398
1.8676338909712125
2.1174924611847548
2.0989295636909353
2.146782221599798
2.005977711423774
2.049452072789394
2.263809173883546
2.390863696857044
2.0403733936884962
1.9508257945180885
2.0403733936884962
2.521046459927886
2.0349409139562287
1.971747257128181
2.0403733936884962
2.022579761842491
1.6577427265048887
2.0403733936884962
2.10845859334435
2.1492553971685
2.220068302234069
1.7924812503605778
2.1556390622295662
2.1774212838293647
2.287783719941071
1.9473387961875537
1.971747257128181
2.343257873344267
2.004886164091843
2.125814583693911
1.971747257128181
2.5341468438052397
1.9591479170272446
2.3068905956085186
1.867633890971212
2.049452072789394
1.9591479170272446
2.1174924611847548
1.9993073294931032
2.049452072789394
1.7295739585136223
2.287783719941071
2.5580510765444573
1.971747257128181
2.353533948577482
1.7924812503605778
2.1615419333359274
1.8676338909712125
2.219240704636849
2.5967475652795073
2.0562150093974405
2.054585169337799
1.789929075309999
2.004886164091843
1.8423709931771084
2.224601752714581
1.7924812503605778
1.867633890971212
1.7924812503605778
1.971747257128181
2.054585169337799
2.3523037954930768
2.1967916319816365
1.9211854965885542
1.8810947601100747
2.5580510765444573
2.091917186688699
1.811278124459133
1.789929075309999
2.077819531114783
2.049452072789394
2.521782221599798
2.0403733936884962
2.0403733936884962
1.8799649487271108
2.292481250360578
2.25
2.1416195253341384
2.2920717524577867
1.9211854965885542
1.811278124459133
2.5210464599278857
2.4137995646056805
1.9508257945180885
1.867633890971212
1.8423709931771084
1.8262452584026092
1.7822287189138017
1.7822287189138017
1.7822287189138017
1.7822287189138017
1.7822287189138017
1.7822287189138017
1.7822287189138017
1.8326855350062352
1.7381493331928664
1.7381493331928664
1.7381493331928664
1.7381493331928664
1.7381493331928664
1.7381493331928664
1.7381493331928664
1.7381493331928664
1.7381493331928664
1.7381493331928664
1.935646899398185
2.038159681645953
1.876654497859216
2.271782221599798
1.7924812503605778
1.8073549220576042
2.217021885879718
1.8073549220576042
2.10845859334435
2.263809173883546
1.9990298316961876
2.0349409139562287
2.125814583693911
2.049452072789394
1.8879185026711327
2.125814583693911
1.867633890971212
2.197159723424149
2.2200683022340693
2.128085278891394
1.971747257128181
2.3908636968570445
2.0403733936884962
1.8339272176418302
2.0458416408851736
2.0403733936884962
1.851226815897192
1.971747257128181
1.7924812503605778
2.292481250360578
2.084962500721156
2.224601752714581
2.004886164091843
2.217021885879718
2.054585169337799
2.0403733936884962
2.0458416408851736
2.0403733936884962
1.971747257128181
2.522620309531022
1.8423709931771086
2.199687794731328
2.011920928594794
2.199687794731328
2.184985145408252
2.199687794731328
2.049452072789394
2.1735572622751853
1.9182958340544893
2.2810361125534233
1.8423709931771084
1.8423709931771086
1.7924812503605778
1.8676338909712125
2.0729055953200564
2.1556390622295662
2.48345859334435
1.971747257128181
2.0403733936884962
1.971747257128181
1.8585552118703144
2.1280852788913944
2.433054712139259
2.25
1.9182958340544893
1.8676338909712125
1.971747257128181
1.971747257128181
2.1599109564099277
2.1179631753145163
2.146782221599798
1.8676338909712125
1.971747257128181
1.7924812503605778
2.378991986900062
2.0874628412503395
2.0403733936884962
2.0403733936884962
2.084962500721156
2.1967916319816365
1.8585552118703144
2.004886164091843
2.0403733936884962
2.292481250360578
2.1967916319816365
2.375
2.045841640885174
2.217021885879718
1.8423709931771084
2.0
2.0403733936884962
2.349601752714581
2.049452072789394
2.3758145836939115
1.8585552118703144
2.6196959210602215
1.9182958340544893
1.75
1.809200032697812
1.971747257128181
1.950212064914747
2.217021885879718
2.0403733936884962
2.2004774701015655
1.8423709931771084
2.1559130951758245
1.615477972229571
2.023219672335508
2.2408694091464003
2.0
1.971747257128181
1.9508257945180885
1.9265931578233397
1.9211854965885542
1.971747257128181
2.5566567074628237
1.9301249653149701
2.1260127605075496
2.6952711882954383
1.9508257945180885
1.854285871987246
2.6081735610156085
2.146782221599798
1.8339272176418302
2.038159681645953
2.1405180562767114
1.9211854965885544
1.789929075309999
2.0403733936884962
2.1280852788913944
2.054585169337799
2.375
1.4591479170272448
1.9182958340544893
1.9591479170272446
1.8676338909712125
1.9182958340544896
2.1607047528877827
1.8676338909712125
1.9508257945180885
2.2877837199410704
2.038159681645953
1.8676338909712125
2.278351811711312
2.199687794731328
2.406666316740689
2.004886164091843
1.971747257128181
1.971747257128181
2.217021885879718
2.353533948577482
2.038159681645953
2.2132982820604443
1.75
2.3207244611490214
1.9211854965885542
2.2485731395538666
1.789929075309999
1.8676338909712125
1.971747257128181
2.004886164091843
1.9182958340544896
2.1055872616982603
2.049452072789394
2.292481250360578
2.3299574748443264
2.125814583693911
2.521782221599798
2.0202442071537563
1.9877733714879842
1.971747257128181
2.1837548319239213
2.1209520310264027
2.6298818650639633
1.7720772537350808
1.8464393446710154
2.3627402784989338
1.8322488896002305
1.6644977792004614
1.9751060324573733
1.962806631693174
2.0403733936884962
2.0403733936884962
2.353533948577482
1.8676338909712125
2.038159681645953
1.789929075309999
2.343257873344267
2.1920058354921066
2.0
2.049452072789394
2.199687794731328
1.811278124459133
2.4225797618424916
1.971747257128181
2.614369445886757
2.4729055953200563
2.0403733936884962
2.270942421748537
2.2841591278514217
1.8676338909712125
1.8423709931771086
2.162368783573502
2.270942421748537
1.9211854965885542
2.720250849243255
1.971747257128181
2.084962500721156
2.098579861712074
2.1735572622751853
1.9220231428515733
2.771782221599798
1.7924812503605778
1.8423709931771084
1.8810947601100747
1.8423709931771084
2.217021885879718
1.9591479170272446
2.004886164091843
2.004886164091843
2.0
2.125814583693911
2.149397470347699
1.7924812503605778
2.1280852788913944
2.045841640885174
2.217021885879718
2.049452072789394
2.217021885879718
1.950212064914747
2.0216406363433186
2.289246428509158
2.146782221599798
2.6247262095042956
1.867633890971212
2.5580510765444577
1.971747257128181
1.9591479170272446
2.127986806877675
2.0960029177460533
1.9591479170272446
2.0609640474436812
2.004886164091843
2.183754831923921
2.2062389286533897
2.292481250360578
1.789929075309999
2.292481250360578
2.0403733936884962
2.556656707462823
1.7924812503605778
1.8799649487271108
2.0403733936884962
2.254514899465375
2.2841591278514217
2.0202442071537563
2.463458298648303
2.1179631753145163
2.004886164091843
2.0998625053956435
2.278351811711312
2.217021885879718
1.971747257128181
1.584962500721156
2.208196592277087
2.0458416408851736
2.4798934072589236
2.296316830826212
2.181937063546704
1.8850034910058473
2.2841591278514217
2.1815525171888464
2.1920058354921066
1.971747257128181
1.9751060324573733
2.0403733936884962
1.760495029766198
2.2251432464099867
2.527495543791609
1.789929075309999
2.038159681645953
2.5468465893424046
2.239097917988786
2.004886164091843
2.125814583693911
1.7924812503605778
1.9877733714879842
2.004886164091843
2.25
1.7924812503605778
2.0403733936884962
1.8322628970242685
1.7841591278514217
1.7841591278514217
1.7841591278514217
1.7841591278514217
1.7841591278514217
1.9508257945180885
1.9508257945180885
1.9508257945180885
1.9508257945180885
1.9508257945180885
1.7841591278514217
1.7841591278514217
1.7841591278514217
1.7841591278514217
1.7841591278514217
1.7841591278514217
1.7841591278514217
1.7841591278514217
1.7841591278514217
1.7841591278514217
1.7841591278514217
1.7841591278514217
1.7841591278514217
1.7841591278514217
1.7841591278514217
1.8129452762598803
1.8676338909712125
1.7219280948873623
2.049452072789394
1.971747257128181
1.7924812503605778
2.004886164091843
2.2841591278514217
2.1837548319239213
2.0037807205082183
2.4137995646056805
1.9508257945180885
2.280787654949452
2.0119209285947934
2.0874628412503395
1.971747257128181
1.6644977792004614
2.084962500721156
2.0814963295286755
2.049452072789394
2.1887870678023824
1.7924812503605778
1.896240625180289
2.0
2.247084753917085
2.3308442812140955
2.1295679874183233
2.1492553971684996
1.8262452584026092
1.9239771759778455
2.1623687835735015
2.0403733936884962
2.064042639445697
2.054585169337799
2.37847118431404
2.1774212838293647
2.25
2.339572261986723
1.8897091059251139
2.055411555670802
2.2359263506290326
1.8919954870390203
2.125814583693911
1.9746017527145812
2.0609640474436812
1.971747257128181
1.4591479170272448
2.197159723424149
1.9591479170272446
1.789929075309999
1.9877733714879842
2.287783719941071
2.460904932167797
1.9591479170272446
2.33012496531497
2.0403733936884962
2.1967916319816365
1.8855176159324796
1.971747257128181
1.8423709931771084
2.292481250360578
2.5580510765444573
1.9591479170272446
2.130926080730337
1.8423709931771084
2.0403733936884962
2.0403733936884962
2.556656707462823
2.2585728843419157
1.8810947601100747
2.0048861640918427
2.292481250360578
1.971747257128181
2.2841591278514217
2.049452072789394
2.004886164091843
2.463458298648303
2.4137995646056805
1.7924812503605778
2.049452072789394
1.9609640474436814
2.125814583693911
2.0403733936884962
1.971747257128181
2.0403733936884962
2.279799131837405
1.9473387961875537
2.0131324651707385
2.125814583693911
1.867633890971212
2.535374329980682
2.0403733936884962
2.0403733936884962
2.049452072789394
1.8799649487271108
2.199687794731328
1.867633890971212
1.8676338909712125
2.2890179898186576
2.1739731346044096
2.0253918449266295
1.9591479170272446
2.0349409139562287
2.270942421748537
1.9972264631946568
2.1280852788913944
2.0403733936884962
1.896240625180289
1.971747257128181
2.102187170949333
2.385700018616016
2.5121907794018012
2.289017989818658
2.0403733936884962
2.0403733936884962
1.8423709931771084
1.9473387961875537
2.049452072789394
2.217021885879718
2.216521698179525
2.289432036254818
2.2806390622295662
2.0202442071537563
1.971747257128181
1.997224320061398
1.971747257128181
2.473851389610045
1.971747257128181
1.9473387961875537
2.049452072789394
2.292481250360578
2.049452072789394
2.199687794731328
2.2851639937240886
2.1174924611847548
2.180609385570651
1.9591479170272446
2.493804279704416
2.7395722619867224
1.971747257128181
1.9852281360342514
2.049452072789394
2.054585169337799
2.1280852788913944
2.6938598340464277
2.214022152632502
2.0741647430225756
2.128085278891394
2.016875695766564
2.020186696844248
2.4416298737872246
2.1280852788913944
1.8423709931771084
2.353533948577482
1.9877733714879842
2.125814583693911
1.971747257128181
2.1227647178082507
2.0178010273005365
2.0134893002931977
2.148834854280917
1.8676338909712125
2.049452072789394
2.890992702671554
2.946222776816599
2.0403733936884962
2.5566567074628237
2.004886164091843
1.9508257945180885
2.004886164091843
2.084962500721156
1.9746017527145812
2.0
2.2890179898186576
2.0403733936884962
2.2892464285091583
2.0048861640918427
2.199687794731328
2.0550365325772657
1.8799649487271108
2.251629167387823
1.9628066316931743
1.971747257128181
2.1280852788913944
2.323934896284056
1.896240625180289
2.183754831923921
2.1556390622295662
1.9211854965885542
1.7841591278514217
1.8250112108241772
1.971747257128181
2.33012496531497
2.1054105870684143
1.876654497859216
1.8676338909712125
2.004886164091843
2.0403733936884962
2.216521698179525
2.128085278891394
2.0403733936884962
2.0930692077718898
1.8423709931771084
2.472905595320056
2.0403733936884962
2.2314779311574835
1.9591479170272446
2.0403733936884962
1.8423709931771084
2.032149669953179
2.292481250360578
2.133387491316597
1.971747257128181
2.1280852788913944
1.971747257128181
1.9591479170272446
2.319240704636849
2.004886164091843
2.2890179898186576
2.5785519909913264
2.278351811711312
2.091917186688699
2.127986806877675
1.9591479170272446
2.219240704636849
2.2841591278514217
1.9591479170272446
1.8676338909712125
2.1579121667628534
1.9056390622295665
2.1179631753145163
2.2806390622295662
2.054585169337799
2.004886164091843
2.263809173883546
2.0403733936884962
2.0403733936884962
1.971747257128181
2.358938532350277
2.0458416408851736
2.287783719941071
2.33012496531497
2.221251836004466
2.1920058354921066
2.2797991318374056
1.5953912199382332
2.25
2.292481250360578
2.216521698179525
2.292481250360578
2.125814583693911
2.1739731346044096
2.004886164091843
1.7924812503605778
1.811278124459133
1.9877733714879842
2.004886164091843
2.0403733936884962
1.8423709931771084
2.0403733936884962
2.125814583693911
2.469670487371862
2.217021885879718
2.350209029099897
2.125814583693911
2.0048861640918427
2.185475297227334
2.0403733936884962
2.2806390622295662
1.9591479170272446
2.33012496531497
2.125814583693911
2.2096909728231857
2.004886164091843
2.0403733936884962
2.146465798504072
1.7924812503605778
2.469508336839199
2.270942421748537
1.867633890971212
2.0000808760993793
2.109825758475531
2.146465798504072
2.2192407046368485
2.332914563979398
2.358938532350277
2.350209029099897
1.7295739585136223
2.0349409139562287
1.823067982273661
1.9508257945180885
2.217021885879718
2.0349409139562287
1.875
2.1280852788913944
2.3432578733442675
2.4137995646056805
2.0989295636909353
1.8423709931771084
2.3220847276178658
2.3244093931715555
2.2585728843419157
2.0403733936884962
1.823067982273661
1.7295739585136223
2.038159681645953
2.1967916319816365
2.4137995646056805
1.7295739585136223
2.0403733936884962
1.7609640474436812
2.1774212838293647
2.192005835492107
1.7924812503605778
1.8423709931771084
2.224601752714581
2.08746284125034
2.270942421748537
1.867633890971212
2.353533948577482
2.004886164091843
2.0461796919474975
1.8322628970242685
2.6365036835493165
2.263809173883546
2.406666316740689
2.375
1.9591479170272446
2.251629167387823
1.7527152789797047
2.292481250360578
1.8879185026711327
2.103414639559314
1.9986525468781666
1.75
1.9903166968736787
1.8423709931771084
1.58898398233587
1.9182958340544893
2.054585169337799
2.116299605701696
2.350209029099897
2.148834854280917
2.0403733936884962
2.349601752714581
2.148834854280917
2.049452072789394
1.9591479170272446
1.971747257128181
2.0989295636909353
2.0
2.292481250360578
2.353533948577482
2.5785519909913264
2.2585728843419157
2.049452072789394
2.245869617795809
2.4613201402110083
2.2841591278514217
1.8676338909712125
2.349601752714581
2.271782221599798
2.103909910282364
2.004886164091843
1.971747257128181
1.8676338909712125
2.0403733936884962
1.823067982273661
2.130926080730337
1.9182958340544893
1.876654497859216
2.0
2.219973094021975
2.0590391046748544
1.867633890971212
2.1179631753145163
1.836591668108979
1.9182958340544893
2.278351811711312
1.7841591278514217
2.473851389610045
2.2256108145207376
2.074164743022575
1.789929075309999
2.2485731395538666
2.251629167387823
2.116856514919015
1.9768726445590383
2.038159681645953
2.358938532350277
2.084962500721156
2.0121039189772216
2.049452072789394
2.1556390622295662
2.1280852788913944
2.172837249931209
1.8512268158971916
1.789929075309999
2.1179631753145163
1.789929075309999
1.896240625180289
1.971747257128181
2.2945199082544616
2.1800365325772657
2.197159723424149
2.1887870678023824
2.4225797618424916
1.9877733714879842
2.0403733936884962
2.0989295636909353
1.8423709931771088
2.049452072789394
2.4137995646056805
2.0930692077718898
2.0403733936884962
2.051361789187549
2.0805005306402675
2.257606878811597
2.3942811477133943
1.971747257128181
2.353533948577482
1.867633890971212
2.199687794731328
1.971747257128181
2.2200683022340693
1.789929075309999
2.084962500721156
2.2608203181716595
1.9182958340544893
2.221251836004466
1.9732285161344474
2.0403733936884962
2.179236536168279
2.040223928941852
1.8910353655857572
1.8585552118703144
2.0985798617120746
2.224601752714581
2.1234786725698864
1.971747257128181
2.004886164091843
2.1556390622295662
2.0403733936884962
1.9852281360342512
1.8585552118703144
2.374556048381884
1.9591479170272446
2.280341431306676
2.146782221599798
2.146465798504072
2.0349409139562287
1.789929075309999
2.004886164091843
1.4591479170272448
1.8676338909712125
2.0930692077718898
2.2877837199410704
2.359879028736861
1.789929075309999
2.396782221599798
2.1179631753145163
2.1280852788913944
2.061278124459133
1.971747257128181
2.054585169337799
2.251034550140126
1.971747257128181
1.9591479170272446
2.0349409139562287
2.2096909728231857
2.276929658423764
2.125
2.021782221599798
2.0403733936884962
2.1280852788913944
2.125814583693911
1.9182958340544893
2.004886164091843
1.971747257128181
2.3395722619867225
1.8423709931771084
2.0403733936884962
1.7758589482446405
2.2841591278514217
2.0403733936884962
1.8339272176418302
1.789929075309999
2.0458416408851736
2.260992390087111
1.7924812503605778
2.0
2.292481250360578
1.7924812503605778
2.125814583693911
1.789929075309999
1.7924812503605778
1.867633890971212
2.2684727516311214
2.2684727516311214
2.33012496531497
1.971747257128181
2.0403733936884962
2.2841591278514217
1.584962500721156
2.146465798504072
2.1280852788913944
1.9877733714879842
1.9056390622295665
2.0408520829727554
2.3908636968570445
1.789929075309999
1.7924812503605778
2.0814963295286755
2.054585169337799
1.8423709931771084
2.2877837199410704
1.789929075309999
2.289246428509158
2.353533948577482
1.867633890971212
2.1735572622751853
2.202819531114783
2.0458416408851736
2.474601752714581
1.971747257128181
2.016875695766564
1.9295015960810527
1.584962500721156
1.7924812503605778
2.049452072789394
1.9591479170272446
2.358938532350277
2.353533948577482
2.004886164091843
2.049452072789394
1.8799649487271108
2.197159723424149
2.119240704636849
2.353533948577482
2.075869296697727
1.9591479170272446
2.1416195253341384
2.1739731346044096
2.1774212838293643
2.049452072789394
2.1280852788913944
2.125814583693911
2.292481250360578
2.0403733936884962
2.3068905956085186
2.279799131837405
2.0048861640918427
2.1280852788913944
2.0202442071537563
1.867633890971212
2.2841591278514217
2.130926080730337
2.2797991318374056
2.1651317116755706
2.1280852788913944
2.0403733936884962
1.8676338909712125
2.09098996700847
2.292481250360578
1.971747257128181
1.8676338909712125
1.8585552118703144
2.375
2.353533948577482
1.789929075309999
2.2920717524577867
2.4137995646056805
1.6171895725927152
1.9182958340544893
2.1556390622295662
2.0985864121084328
2.0141467614227277
1.7924812503605778
2.0403733936884962
1.7924812503605778
2.0349409139562287
2.440404017720928
2.125814583693911
2.263809173883546
1.9508257945180885
2.322756958897399
2.292481250360578
2.125814583693911
2.2464393446710154
1.971747257128181
1.789929075309999
1.9182958340544893
2.474601752714581
2.260820318171659
2.221251836004466
1.7527152789797047
2.0403733936884962
2.5073801024236357
2.3648017623873074
2.038159681645953
1.9591479170272446
2.1280852788913944
2.2841591278514217
1.789929075309999
2.199687794731328
2.054585169337799
2.224601752714581
2.0
2.038159681645953
2.084962500721156
1.9182958340544893
1.75
2.1492553971685
2.004886164091843
2.535857775918279
2.0
2.108694969562842
2.189010909298125
2.084962500721156
2.199687794731328
1.8423709931771088
1.789929075309999
2.199687794731328
2.054585169337799
2.224601752714581
2.0
2.646782221599798
2.0403733936884962
2.424835634986198
2.049452072789394
2.049452072789394
2.356487652528489
1.8291431773798013
1.9591479170272446
1.8676338909712125
2.004886164091843
2.0202442071537563
1.823067982273661
2.0403733936884962
2.0349409139562287
2.403677461028802
2.059822545132499
2.1792365361682795
2.353190671338322
2.125814583693911
1.8585552118703144
1.9877733714879842
2.2485731395538666
2.074164743022575
2.0403733936884962
2.0403733936884962
2.004886164091843
1.971747257128181
2.199687794731328
2.0403733936884962
1.9182958340544893
2.311278124459133
2.0403733936884962
2.216917186688699
2.2569089895583545
2.199687794731328
1.8799649487271108
1.823067982273661
1.7295739585136223
1.7609640474436812
1.8553885422075338
1.867633890971212
2.0403733936884962
2.1280852788913944
2.0403733936884962
1.9877733714879842
1.9591479170272446
2.1280852788913944
1.789929075309999
2.0989295636909353
2.260820318171659
2.287783719941071
2.004886164091843
2.0403733936884962
1.8676338909712125
2.6717897106839215
2.049452072789394
2.1040437177782714
2.375
2.0403733936884962
2.1280852788913944
2.353533948577482
2.0403733936884962
2.1800365325772657
2.0
1.867633890971212
2.0403733936884962
2.606238928653389
2.1280852788913944
1.9473387961875537
2.5495234595978316
1.7924812503605778
1.9182958340544893
1.9473387961875537
1.826661550148848
2.1513928443682806
2.1280852788913944
2.339572261986723
1.855388542207534
2.129567987418323
1.9182958340544893
2.221251836004466
1.823067982273661
1.6808644528674492
2.271782221599798
2.004886164091843
2.199687794731328
2.0403733936884962
2.049452072789394
2.143780234737159
2.0403733936884962
2.038159681645953
2.350209029099897
2.0545851693377997
2.0403733936884962
2.4276942711037672
2.251629167387823
1.7924812503605778
2.125814583693911
1.8676338909712125
1.971747257128181
2.251629167387823
1.7924812503605778
1.971747257128181
2.41379956460568
2.1920058354921066
1.789929075309999
2.5637169871277954
2.202819531114783
2.054585169337799
2.149397470347699
2.6897981900809884
2.0461796919474975
2.291620193427939
1.8423709931771084
1.9746017527145812
2.0403733936884962
1.971747257128181
2.199687794731328
2.4164997849817107
1.4591479170272448
2.1464657985040723
2.1280852788913944
2.270942421748537
1.971747257128181
2.3232196723355076
1.971747257128181
1.9182958340544896
1.8423709931771084
1.789929075309999
2.33012496531497
2.270942421748537
1.9814963295286754
2.4729055953200563
2.4634582986483036
2.2252748326658103
2.0349409139562287
1.9852281360342514
2.125814583693911
1.8423709931771084
1.7970986296312548
2.1462406251802895
2.4056390622295662
2.125814583693911
2.2856005389623073
2.593065240886299
2.1416195253341384
2.2810361125534233
2.606238928653389
1.867633890971212
1.7471671973069338
2.216521698179525
1.8262452584026092
2.049452072789394
2.004886164091843
1.971747257128181
2.058688570451097
1.9609640474436814
2.516055582776814
1.6691803368667308
1.9508257945180885
1.75
1.971747257128181
1.9898980954642875
2.3208020839342964
2.054585169337799
1.6364920984875064
1.971747257128181
2.0403733936884962
1.971747257128181
1.8676338909712125
1.8676338909712125
1.8676338909712125
2.049452072789394
2.0403733936884962
2.2892464285091583
2.5521796970665487
1.7924812503605778
1.971747257128181
2.054585169337799
2.4040097573248596
1.9182958340544896
2.004886164091843
2.1179631753145163
1.867633890971212
2.049452072789394
1.789929075309999
2.2096909728231857
2.0403733936884962
2.588274795237469
1.789929075309999
2.322756958897399
2.0403733936884962
1.75
1.867633890971212
1.8158547401199892
1.9591479170272446
1.853688226483452
2.396782221599798
1.9182958340544893
2.0403733936884962
2.5306390622295662
2.353533948577482
1.7947367178034825
2.0403733936884962
2.339572261986723
1.971747257128181
1.9508257945180885
2.1678745879098806
2.2783518117113117
2.35274578087187
2.049452072789394
1.7924812503605778
1.9591479170272446
2.1800365325772657
2.3232196723355076
2.221251836004466
2.0403733936884962
2.472905595320056
2.1416195253341384
2.3253314601288055
2.5306390622295662
2.5785519909913264
2.1920058354921066
1.867633890971212
2.0403733936884962
2.0403733936884962
2.057924310831006
1.8879185026711327
2.6488047613281545
2.0464393446710156
2.4662478973127313
2.0403733936884962
1.8423709931771086
2.292481250360578
2.260820318171659
2.221251836004466
2.004886164091843
2.0403733936884962
1.7924812503605778
2.038159681645953
2.1174924611847548
2.2485731395538666
2.270942421748537
2.2232196723355075
2.3942811477133943
2.199687794731328
2.353533948577482
2.049452072789394
1.7527152789797045
2.2877837199410704
1.9502120649147467
2.004886164091843
2.0403733936884962
2.220068302234069
2.023219672335508
2.0708097626670687
2.098579861712074
2.1814963295286756
2.2200683022340693
2.33012496531497
2.183754831923921
2.004886164091843
1.7841591278514217
1.9508257945180885
2.1556390622295662
1.971747257128181
1.9182958340544893
1.7924812503605778
2.1887870678023824
2.0403733936884962
2.072905595320056
2.0403733936884962
2.0703403030854326
2.33012496531497
2.049452072789394
2.199687794731328
2.0403733936884962
2.0349409139562287
2.054585169337799
2.2810361125534233
2.1887870678023824
1.7924812503605778
1.9182958340544893
2.522620309531022
1.780672129520887
2.2051099000738694
2.3301249653149703
2.322756958897399
1.8585552118703144
2.0403733936884962
2.3395722619867225
2.353533948577482
2.045841640885174
1.789929075309999
2.270942421748537
1.867633890971212
2.2359263506290326
2.004886164091843
2.0
1.9746017527145814
2.128085278891394
2.0403733936884962
1.867633890971212
2.406647097785926
2.1280852788913944
2.2914452087049453
2.2810361125534233
2.2062389286533897
1.971747257128181
2.0403733936884962
2.319240704636849
2.372094637795624
2.291620193427939
1.9509447834774085
1.971747257128181
2.0403733936884962
2.278351811711312
2.1887870678023824
2.068096693865725
1.971747257128181
1.971747257128181
2.0403733936884962
2.049452072789394
2.004886164091843
1.8423709931771084
2.206602615774785
2.484255144794799
1.9655962303576022
1.8423709931771084
2.343257873344267
2.257606878811597
2.1280852788913944
2.4634582986483036
1.8676338909712125
2.282333356476598
2.894205915355059
2.370963042825407
2.128085278891394
2.2833894055198503
1.8942738697712644
1.9628066316931743
1.999169547661508
2.0403733936884962
2.4410685859554375
2.1920058354921066
2.5927884271375383
1.789929075309999
2.0403733936884962
2.0458416408851736
2.0403733936884962
1.7380118063969041
1.8585552118703144
2.199687794731328
2.0048861640918427
1.7924812503605778
1.9877733714879842
2.2890179898186576
2.33012496531497
2.049452072789394
2.2256051990169436
2.4056390622295662
2.125814583693911
1.4488156357251847
2.0403733936884962
2.125814583693911
2.038159681645953
1.9852281360342514
2.0403733936884962
1.789929075309999
1.789929075309999
1.823067982273661
1.867633890971212
1.8423709931771084
2.251629167387823
2.004886164091843
2.004886164091843
2.1280852788913944
2.263809173883546
2.2841591278514217
2.3068905956085186
1.971747257128181
1.8676338909712125
2.2096909728231857
1.7924812503605778
2.125814583693911
2.1562027794074288
1.9452014916603546
2.6517939026287696
2.040223928941852
2.220068302234069
2.1179631753145163
1.8423709931771084
2.251629167387823
2.1556390622295662
1.965596230357602
1.6644977792004614
1.7924812503605778
2.0403733936884962
2.004886164091843
1.9182958340544893
1.971747257128181
1.9591479170272446
2.0225797618424917
2.128085278891394
1.8585552118703144
2.699513850319966
2.054585169337799
2.049452072789394
2.349601752714581
1.896240625180289
1.789929075309999
1.8585552118703144
2.0403733936884962
2.2841591278514217
1.9508257945180885
2.038159681645953
2.0349409139562287
2.33012496531497
1.7924812503605778
1.811278124459133
2.25
2.084182984933787
2.402084237819134
2.2892464285091583
2.2090255736436504
2.054585169337799
2.1404333136188196
2.2444894269983227
2.146782221599798
2.0403733936884962
2.292481250360578
2.2988252450030506
1.9766480916739717
2.1609640474436813
2.005977711423774
2.1280852788913944
1.823067982273661
2.5073801024236353
2.128085278891394
2.0854752972273345
2.2608203181716595
2.4137995646056805
2.1280852788913944
2.064042639445697
2.0403733936884962
2.1887870678023824
2.0458416408851736
2.038159681645953
2.054585169337799
1.7924812503605778
2.054585169337799
1.9473387961875537
2.0403733936884962
2.0403733936884962
2.0458416408851736
2.251629167387823
2.0403733936884962
2.221251836004466
2.0403733936884962
2.1179631753145163
1.971747257128181
2.2877837199410704
1.8423709931771088
1.971747257128181
2.004886164091843
2.038159681645953
2.038159681645953
2.038159681645953
2.0403733936884962
2.0403733936884962
2.0403733936884962
2.0403733936884962
1.896240625180289
1.896240625180289
2.0403733936884962
2.0403733936884962
2.0403733936884962
2.0403733936884962
2.0403733936884962
2.0403733936884962
2.0403733936884962
2.0403733936884962
2.054585169337799
2.054585169337799
2.038159681645953
2.038159681645953
2.038159681645953
2.0403733936884962
2.0403733936884962
2.0403733936884962
2.0403733936884962
1.896240625180289
1.896240625180289
2.054585169337799
2.054585169337799
2.038159681645953
2.038159681645953
2.038159681645953
2.2256108145207376
1.971747257128181
2.0403733936884962
2.565957320949175
1.8810947601100747
2.146465798504072
1.584962500721156
2.3820139422512874
2.0989295636909353
2.2485702580697673
2.004886164091843
1.789929075309999
2.206238928653389
2.199687794731328
2.0403733936884962
2.403677461028802
1.9182958340544893
2.521782221599798
2.0458416408851736
2.1174924611847548
2.0403733936884962
2.3564176222603423
2.051346433249389
2.1416195253341384
2.1280852788913944
2.292481250360578
2.221251836004466
2.0403733936884962
2.1280852788913944
2.2841591278514217
1.789929075309999
2.4137995646056805
2.004886164091843
2.2810361125534233
1.9877733714879842
2.0403733936884962
2.049452072789394
2.1607047528877827
2.06610893983748
2.0165365037609146
2.125814583693911
1.971747257128181
2.217021885879718
2.3959988705348416
2.258572884341916
1.7841591278514217
2.0131324651707385
2.521782221599798
2.2307562292596
1.6171895725927152
2.004886164091843
2.3921472236645345
2.049452072789394
1.9877733714879842
2.1464657985040723
2.550864810499919
2.199687794731328
1.8118063542168128
2.045841640885174
1.9182958340544893
1.914341183612352
1.9508257945180887
1.7924812503605778
1.896240625180289
1.78267988770906
2.25
2.3327230088457283
1.971747257128181
2.3244093931715555
1.8073549220576042
1.867633890971212
2.221251836004466
2.3308442812140955
2.0403733936884962
2.0403733936884962
2.245869617795809
2.0132790219068077
1.971747257128181
1.803897373393484
1.971747257128181
1.8250112108241772
2.1800365325772657
1.971747257128181
2.5726236638951634
2.004886164091843
1.6567796494470395
1.6644977792004614
2.0201866968442483
2.4356371288264107
2.0403733936884962
2.004886164091843
2.049452072789394
2.221251836004466
1.9877733714879842
2.2890179898186576
2.114805144339332
2.049452072789394
2.032128525239341
1.772074455398566
2.1920058354921066
2.0403733936884962
1.9321203813758943
2.022579761842491
2.049452072789394
1.9877733714879842
2.1967916319816365
2.054585169337799
2.146465798504072
1.7924812503605778
2.403677461028802
2.3317663774021273
1.8676338909712125
2.25
2.022106112739839
2.221251836004466
1.971747257128181
2.1812056673346514
2.469670487371862
1.971747257128181
2.2841591278514217
2.1607047528877827
2.130926080730337
1.8879185026711327
2.0758692966977272
2.0403733936884962
1.780672129520887
1.9056390622295665
1.5304930567574826
2.2359263506290326
1.9591479170272446
2.1556390622295662
2.054585169337799
1.971747257128181
2.221251836004466
2.1887870678023824
2.0403733936884962
2.0403733936884962
1.823067982273661
1.811278124459133
1.9182958340544893
2.004886164091843
2.1280852788913944
2.3600583819478254
2.1790032421029246
1.8676338909712125
1.7884504573082893
1.971747257128181
2.350209029099897
1.7841591278514217
2.6223319743300446
1.6644977792004614
1.950944783477408
1.7527152789797045
2.4416298737872246
2.4692407821722844
2.555913095175825
1.971747257128181
2.125814583693911
2.989717315286851
2.406666316740689
2.206238928653389
2.33012496531497
2.221251836004466
2.353533948577482
2.1295679874183233
2.0403733936884962
1.867633890971212
1.8810947601100747
1.760495029766198
2.049452072789394
2.004886164091843
2.1735572622751853
2.251629167387823
2.0403733936884962
1.6796275363413569
2.023219672335508
2.2390183299752544
1.7609640474436812
1.9182958340544893
2.521782221599798
2.0403733936884962
2.054585169337799
2.251629167387823
1.8423709931771086
2.075869296697727
2.038760752862686
1.8423709931771084
2.225610814520738
1.8676338909712125
2.0202442071537563
1.7573891057053235
1.8676338909712125
1.6577427265048887
2.323934896284056
1.971747257128181
2.146782221599798
2.049452072789394
1.8423709931771086
1.8423709931771084
1.9508257945180885
1.789929075309999
2.202819531114783
1.9182958340544896
1.75
1.9766480916739717
2.004886164091843
2.0403733936884962
1.9182958340544896
2.1280852788913944
2.406666316740689
2.372094637795624
2.251629167387823
2.2390183299752544
1.7924812503605778
2.004886164091843
1.896240625180289
2.2608203181716595
1.8326442505453358
2.52381968892171
1.823067982273661
2.322756958897399
2.263809173883546
2.0670314951575843
2.495602923729013
2.0458416408851736
2.205109900073869
1.971747257128181
1.8676338909712125
2.0403733936884962
2.125814583693911
2.353533948577482
1.971747257128181
2.199687794731328
2.2147008011257454
2.3559536428643546
1.7924812503605778
2.5492553971684995
2.1416195253341384
2.4157549530701865
2.007450114482578
1.836591668108979
1.9182958340544893
2.521782221599798
1.9182958340544893
2.5580510765444577
1.9898980954642875
2.063458298648303
2.1280852788913944
2.038159681645953
2.2810361125534233
1.8352377453121174
1.935945569184765
2.4767967526855204
1.9211796919474975
1.867633890971212
2.4613201402110083
2.038159681645953
2.2527283226039923
1.971747257128181
2.0403733936884962
2.350209029099897
2.0403733936884962
1.867633890971212
1.965596230357602
1.992778107459939
1.823067982273661
2.790197569282116
1.789929075309999
1.7841591278514217
2.0814963295286755
1.9877733714879842
2.2096909728231857
2.463458298648303
2.161978179679554
2.049452072789394
1.5566567074628228
1.8919954870390203
2.217021885879718
2.53414684380524
2.4225797618424916
2.011920928594794
2.1174924611847548
1.867633890971212
2.145136370153053
2.460904932167797
2.349601752714581
2.038159681645953
2.0349409139562287
2.2841591278514217
2.281116996741346
2.169925001442312
2.1803373810675706
1.789929075309999
2.0
1.971747257128181
2.199687794731328
1.5919171866886992
1.836591668108979
2.287783719941071
2.0403733936884962
2.0403733936884962
2.038159681645953
2.0403733936884962
1.789929075309999
1.8423709931771084
2.2806390622295662
2.33012496531497
2.085341377184376
2.084962500721156
2.004886164091843
2.1920058354921066
1.8423709931771084
2.0
2.004886164091843
2.1179631753145163
2.4430741894285695
1.9877733714879842
1.9877733714879842
2.396782221599798
1.8676338909712125
2.217021885879718
2.0306390622295662
2.1920058354921066
2.199687794731328
1.8814099964358764
2.291620193427939
2.292481250360578
2.021782221599798
1.7924812503605778
2.0403733936884962
2.219240704636849
2.1556390622295662
1.6577427265048887
1.823067982273661
2.0294069451656007
2.049452072789394
2.406666316740689
2.349601752714581
2.146465798504072
1.9852281360342514
1.8799649487271108
2.2841591278514217
1.6577427265048887
2.125814583693911
2.353533948577482
1.971747257128181
2.3921472236645345
2.422579761842491
1.789929075309999
1.9852281360342514
1.9877733714879842
2.064042639445697
2.125814583693911
1.971747257128181
1.971747257128181
1.7924812503605778
2.221251836004466
1.971747257128181
2.0403733936884962
2.1416195253341384
2.236452797660028
2.084962500721156
1.789929075309999
2.1416195253341384
2.0874628412503395
2.004886164091843
1.9473387961875537
1.8799649487271108
2.146465798504072
1.5566567074628228
1.9182958340544893
2.0403733936884962
2.353533948577482
2.385700018616016
2.3208020839342964
1.7924812503605778
2.1920058354921066
2.004886164091843
2.058813890331201
1.4591479170272448
2.2096909728231857
1.8210319581338212
1.789929075309999
1.7841591278514217
1.9852281360342512
1.971747257128181
1.9182958340544893
2.221251836004466
2.125814583693911
2.221251836004466
2.0403733936884962
1.8423709931771084
2.1280852788913944
2.125814583693911
1.9591479170272446
2.521782221599798
2.343257873344267
1.9898980954642875
2.3942811477133943
2.1920058354921066
2.054585169337799
1.75
2.395461844238322
2.1280852788913944
2.3220847276178658
2.202819531114783
2.2101275052218416
2.2609640474436814
2.212503842372268
2.0458416408851736
2.0403733936884962
2.5785519909913264
2.499698143184414
2.1280852788913944
2.049452072789394
2.1920058354921066
2.004886164091843
2.440404017720928
1.971747257128181
2.128085278891394
2.225605199016944
1.971747257128181
2.358938532350277
2.225610814520738
2.2516291673878226
2.0349409139562287
1.867633890971212
2.369571003855273
2.217021885879718
2.064042639445697
2.3210873741947067
2.292481250360578
2.064042639445697
2.054585169337799
1.7924812503605778
2.403677461028802
2.038159681645953
2.084962500721156
1.823067982273661
2.1416195253341384
2.292481250360578
1.789929075309999
2.0670314951575843
1.9526832779469112
1.823067982273661
2.0741647430225756
1.9508257945180885
2.199687794731328
1.896240625180289
1.971747257128181
2.278351811711312
2.4137995646056805
2.004886164091843
2.199687794731328
2.263809173883546
2.217021885879718
2.049452072789394
1.965596230357602
1.971747257128181
1.9182958340544893
2.3458519893382603
2.2359263506290326
1.971747257128181
2.0300872246321315
2.0349409139562287
2.1055872616982603
2.0403733936884962
1.789929075309999
2.2334585933443494
1.7527152789797045
2.0403733936884962
2.054585169337799
2.1280852788913944
2.0464393446710156
1.971747257128181
2.4662478973127313
2.263809173883546
2.049452072789394
2.0458416408851736
2.495461844238322
1.4591479170272448
2.1280852788913944
1.9591479170272446
2.054585169337799
2.004886164091843
1.9361572675029428
1.9056390622295665
2.287783719941071
2.3627402784989338
1.9877733714879842
2.403677461028802
2.049452072789394
2.251629167387823
2.251629167387823
2.199687794731328
1.971747257128181
1.971747257128181
1.9591479170272446
2.049452072789394
2.125814583693911
1.950212064914747
1.9591479170272446
1.771782221599798
2.3627402784989338
1.760495029766198
2.1280852788913944
1.4591479170272448
2.3908636968570445
2.1280852788913944
1.9056390622295665
2.499544305608131
2.185475297227334
1.971747257128181
1.971747257128181
2.339572261986723
2.0403733936884962
1.8423709931771084
1.9211854965885542
2.1258145836939115
2.119240704636849
2.217021885879718
2.004886164091843
2.199687794731328
1.867633890971212
2.0
1.8676338909712125
2.2841591278514217
1.7924812503605778
2.054585169337799
1.6577427265048887
2.128085278891394
2.2638155016640957
1.789929075309999
2.1920058354921066
2.049452072789394
2.0458416408851736
2.4404040177209283
2.521782221599798
2.3156678763770073
2.521782221599798
2.0403733936884962
2.0550365325772657
2.217021885879718
2.1179631753145163
2.0403733936884962
1.5
2.0403733936884962
1.5566567074628228
1.9972264631946568
2.049452072789394
2.1903711612984442
2.353533948577482
2.054585169337799
2.0403733936884962
2.1156351273037877
1.7924812503605778
2.217021885879718
2.1633347891038204
2.199687794731328
1.971747257128181
2.1280852788913944
1.7471671973069338
1.8423709931771084
1.896240625180289
2.251629167387823
2.312907291846956
1.8676338909712125
2.133937566094917
2.646782221599798
2.4634582986483036
1.9591479170272446
2.1920058354921066
1.9473387961875537
1.9301249653149701
1.8585552118703144
2.202819531114783
1.6577427265048887
2.339572261986723
2.0403733936884962
2.004886164091843
2.289246428509158
2.6756981353679867
2.639746308987842
1.8262452584026092
1.971747257128181
2.125814583693911
1.9473387961875537
1.9591479170272446
2.192005835492107
2.0403733936884962
1.971747257128181
2.2256051990169436
2.217021885879718
2.163865121950854
1.7924812503605778
2.395461844238322
2.216521698179525
1.789929075309999
2.125814583693911
2.287783719941071
2.4416298737872246
2.054585169337799
1.867633890971212
1.7841591278514217
2.221251836004466
2.199687794731328
2.2841591278514217
2.0403733936884962
1.8676338909712125
2.318488832803677
2.0403733936884962
1.8553885422075338
2.1280852788913944
2.270942421748537
1.7895263323230748
1.8423709931771084
1.8423709931771086
2.2609640474436814
2.270942421748537
1.971747257128181
1.971747257128181
2.349601752714581
2.004886164091843
2.3627402784989338
1.8799649487271108
1.9182958340544893
1.971747257128181
2.535857775918279
2.646782221599798
2.0524212838293647
2.0441104177484006
2.2890179898186576
2.260820318171659
2.4961268547517808
2.263809173883546
1.9942994759573032
2.345851989338261
2.1174924611847548
2.054585169337799
1.867633890971212
2.0403733936884962
1.823067982273661
1.9852281360342514
1.789929075309999
2.310013595952565
2.049452072789394
2.1179631753145163
2.4919674134034664
2.005977711423774
2.169925001442312
2.60845859334435
1.8676338909712125
2.1887870678023824
2.004886164091843
2.224655916513223
2.365596230357602
2.2232196723355075
1.8585552118703144
1.789929075309999
1.8676338909712125
1.9508257945180885
2.221251836004466
2.0458416408851736
2.279799131837405
1.584962500721156
2.349601752714581
1.971747257128181
2.1739731346044096
1.971747257128181
2.049452072789394
1.789929075309999
2.146782221599798
1.9508257945180885
2.004886164091843
1.6858157091530304
2.054585169337799
1.789929075309999
2.349601752714581
1.9877733714879842
1.971747257128181
2.350209029099897
1.561278124459133
2.0349409139562287
2.9934111926211227
2.2841591278514217
1.971747257128181
1.7924812503605778
2.2856005389623073
2.3204112664779526
2.2851940953725878
1.8919954870390203
1.971747257128181
2.063202513215852
2.054585169337799
2.049452072789394
1.8676338909712125
2.440404017720928
2.0403733936884962
2.221251836004466
1.971747257128181
2.0403733936884962
2.0
2.125814583693911
2.004886164091843
2.1280852788913944
2.5827230088457287
1.5566567074628228
2.049452072789394
1.896240625180289
1.8676338909712125
2.0403733936884962
2.221251836004466
1.9182958340544896
1.9211796919474975
1.986187965046303
2.5871347239049203
2.0458416408851736
1.926868017501744
1.9508257945180885
2.2856005389623073
1.896240625180289
2.3942811477133943
1.6956893045363468
1.8743968275792589
2.617978140453044
1.971747257128181
1.75
2.4115091984199104
2.403677461028802
2.125814583693911
2.049452072789394
1.971747257128181
2.054585169337799
2.2132982820604443
1.9591479170272446
2.004886164091843
1.8423709931771084
1.971747257128181
2.125814583693911
2.0403733936884962
1.8423709931771084
2.2810361125534233
1.9906616522333263
2.3220847276178658
1.7924812503605778
1.75
1.867633890971212
2.1179631753145163
2.074164743022575
2.359879028736861
2.125814583693911
2.0403733936884962
2.406666316740689
1.867633890971212
2.535857775918279
2.0
2.358938532350277
1.7924812503605778
2.1556390622295662
1.823067982273661
2.224601752714581
2.535857775918279
1.584962500721156
1.8952384123457522
2.30827083453526
2.4225797618424916
2.024726036394697
2.292481250360578
2.251629167387823
2.1179631753145163
1.8554020790643277
1.8676338909712125
1.7924812503605778
1.9473387961875537
2.345851989338261
1.7924812503605778
2.058813890331201
2.465874989834291
1.867633890971212
2.1405180562767114
2.038159681645953
2.5032583347756456
2.396782221599798
2.8117687959731943
1.971747257128181
2.3432578733442675
2.2890179898186576
2.365596230357602
2.004886164091843
1.971747257128181
1.8423709931771084
2.4404040177209283
2.521861955304502
1.9211796919474975
2.33012496531497
1.789929075309999
2.0403733936884962
2.205109900073869
2.0403733936884962
1.7924812503605778
2.1179631753145163
2.13831831092668
2.292481250360578
2.054585169337799
1.7924812503605778
2.1280852788913944
1.8262452584026092
2.0403733936884962
1.971747257128181
2.474601752714581
2.292481250360578
2.2806390622295662
1.789929075309999
2.519707550936481
1.971747257128181
2.004886164091843
2.2841591278514217
2.5073801024236353
2.0458416408851736
2.077819531114783
2.0403733936884962
1.867633890971212
1.8676338909712125
2.2627834289765825
2.5073801024236357
1.971747257128181
2.224601752714581
1.9814963295286754
2.1280852788913944
2.225610814520738
2.054585169337799
1.7924812503605778
1.6644977792004614
1.8676338909712125
2.1280852788913944
2.3221793455166666
2.004886164091843
1.971747257128181
2.063558608511122
2.0403733936884962
1.9877733714879842
2.0403733936884962
1.9182958340544893
2.4137995646056805
1.9877733714879842
2.1739731346044096
2.437065831519022
1.7924812503605778
2.038159681645953
2.038159681645953
1.9182958340544896
2.115145696464065
1.789929075309999
2.133937566094917
1.9508257945180885
1.896240625180289
2.349601752714581
2.130926080730337
2.1280852788913944
2.0874628412503395
2.146465798504072
2.224394445405986
1.9502120649147467
2.349601752714581
2.004886164091843
2.292481250360578
2.1638909867280645
2.009589307743856
2.2892464285091583
1.8963927116427783
1.9572046894289672
1.9921692651194653
2.359879028736861
2.2684727516311214
2.007856063692049
2.1416195253341384
1.8423709931771084
1.8676338909712125
1.789929075309999
2.260820318171659
2.4692407821722844
1.8423709931771086
2.075074223172834
1.8423709931771084
1.811278124459133
2.049452072789394
2.271782221599798
2.128085278891394
1.6644977792004614
2.4387439204017474
1.823067982273661
2.004886164091843
2.473851389610045
1.971747257128181
1.971747257128181
2.0403733936884962
1.823067982273661
2.125814583693911
2.3208020839342964
2.128085278891394
2.775097271199709
1.971747257128181
2.0403733936884962
1.7924812503605778
2.125814583693911
2.1837548319239213
2.0403733936884962
2.125814583693911
1.9857733170709984
2.251629167387823
2.292481250360578
2.004886164091843
1.6644977792004614
2.133937566094917
2.206238928653389
2.1556390622295662
2.058053136652385
2.4634582986483036
2.077819531114783
1.789929075309999
2.0349409139562287
2.3395722619867225
1.789929075309999
1.971747257128181
2.449386795197225
2.004886164091843
2.0403733936884962
2.271782221599798
1.780672129520887
2.054585169337799
1.971747257128181
2.251629167387823
1.8676338909712125
1.7924812503605778
2.077819531114783
2.049452072789394
2.125814583693911
2.0403733936884962
2.133937566094917
1.9528195311147831
2.199687794731328
2.582059910580257
2.1280852788913944
2.1739731346044096
2.2062389286533897
2.0758692966977272
2.2877837199410704
2.217021885879718
2.813307653457316
2.054585169337799
1.8423709931771088
2.1633347891038204
1.965596230357602
1.8919954870390203
1.8676338909712125
2.3577174691301486
2.3921472236645345
2.0570812624395973
2.206238928653389
2.3050365325772657
2.199687794731328
1.971747257128181
1.971747257128181
2.049452072789394
1.867633890971212
1.8423709931771084
2.521782221599798
2.192005835492107
2.0225797618424917
2.257606878811597
2.321127473337187
1.971747257128181
1.9591479170272446
2.0403733936884962
1.971747257128181
1.8585552118703144
2.225610814520738
2.33012496531497
2.521782221599798
1.823067982273661
1.9898980954642875
2.084021181875772
2.440404017720928
2.2810361125534233
2.1055872616982603
2.0368245286405
2.7640229775441614
2.2992400429067845
2.32824114924666
2.0202442071537563
2.004886164091843
2.039353872167201
2.022579761842491
2.1072257132280696
2.0403733936884962
2.199687794731328
1.9215419333359276
2.146465798504072
2.125814583693911
2.221251836004466
2.128085278891394
2.16333478910382
2.3496929689578714
2.0403733936884962
1.7924812503605778
1.8423709931771084
1.8423709931771084
2.0403733936884962
2.0403733936884962
1.9182958340544893
2.4137995646056805
1.9877733714879842
2.473072414373093
2.084962500721156
1.971747257128181
2.054585169337799
2.2841591278514217
2.0403733936884962
1.9762822787735768
1.9301249653149701
1.896240625180289
1.8676338909712125
2.1174924611847548
1.7924812503605778
2.199687794731328
2.1916116417513782
1.8879185026711327
2.223219672335508
1.8423709931771088
2.054585169337799
2.1173442079779345
2.2608203181716595
2.054585169337799
2.2256051990169436
2.2841591278514217
2.125814583693911
2.100560296327809
2.3627402784989338
2.191737433422466
2.699513850319966
2.217021885879718
1.5487949406953985
2.149026099395914
2.0403733936884962
1.971747257128181
2.049452072789394
2.125814583693911
1.7841591278514217
2.011920928594794
1.867633890971212
2.054585169337799
2.049452072789394
2.217021885879718
1.9877733714879842
2.054585169337799
2.054585169337799
2.4137995646056805
2.049452072789394
2.345851989338261
2.217021885879718
1.9591479170272446
2.0403733936884962
2.3862661425265332
1.9669171866886992
1.9056390622295662
2.0403733936884962
1.9056390622295665
2.422579761842491
2.130926080730337
2.2432415791087075
2.0948567835487384
2.2155355475965766
2.1179631753145163
1.867633890971212
1.789929075309999
2.004886164091843
2.270942421748537
1.929309207916729
2.359879028736861
2.0120624769383952
2.004886164091843
2.2096909728231857
1.971747257128181
2.125814583693911
1.584962500721156
2.0403733936884962
1.6644977792004614
1.971747257128181
2.403677461028802
2.199687794731328
2.406666316740689
2.077819531114783
1.8423709931771088
1.9182958340544896
2.437065831519022
2.0403733936884962
2.004886164091843
2.0403733936884962
2.0403733936884962
2.0403733936884962
2.1280852788913944
1.8679595208024642
1.971747257128181
2.0403733936884962
2.3282129458410017
2.1280852788913944
2.0403733936884962
1.9182958340544893
1.9056390622295665
1.971747257128181
2.221251836004466
2.0048861640918427
2.2062389286533897
2.199687794731328
1.7924812503605778
1.8423709931771084
2.049452072789394
1.8676338909712125
1.7924812503605778
1.9182958340544893
2.09871754471369
2.1916116417513782
2.0403733936884962
2.0403733936884962
2.004886164091843
2.0403733936884962
2.004886164091843
2.219240704636849
1.7924812503605778
2.1258145836939115
2.084962500721156
2.049452072789394
2.0403733936884962
2.199687794731328
2.5580510765444573
2.378991986900062
2.2295739585136225
2.133937566094917
1.8430233998785335
2.3375125837551294
2.2145405046766244
2.7011399122082125
2.1992818130163667
2.0062578944388543
2.1179631753145163
2.278351811711312
2.0874628412503395
2.1416195253341384
2.4137995646056805
2.0403733936884962
1.9698110652780971
2.473851389610045
2.358938532350277
2.349601752714581
2.004886164091843
2.270942421748537
2.5580510765444573
2.049452072789394
2.221251836004466
1.7527152789797045
2.0
1.9068905956085187
2.5008636133623843
2.294127106260297
1.8423709931771084
2.271782221599798
1.8423709931771088
1.971747257128181
2.0349409139562287
2.251629167387823
1.7841591278514217
2.049452072789394
2.565553206240894
2.049452072789394
1.867633890971212
2.049452072789394
2.319973094021975
2.2359263506290326
2.004886164091843
1.971747257128181
1.8676338909712125
2.077819531114783
1.8822287189138016
1.971747257128181
2.3627402784989338
2.217021885879718
2.359879028736861
2.225605199016944
1.9591479170272446
1.789929075309999
1.7924812503605778
2.0403733936884962
2.0403733936884962
1.9591479170272446
1.945530556036326
2.33012496531497
1.9877733714879842
2.260820318171659
2.33012496531497
2.270942421748537
1.9814963295286754
2.0074123690628456
1.877387064296613
2.1474638036681575
1.7394541964918901
2.1174924611847548
1.921588979577347
1.8676338909712125
2.045933598859118
1.971747257128181
2.260820318171659
1.5851842063879111
2.0403733936884962
2.1244282794764033
1.9746017527145812
2.004886164091843
2.251629167387823
1.7841591278514217
1.971747257128181
2.239097917988786
2.4202776983278502
1.789929075309999
1.789929075309999
1.939353872167201
2.004886164091843
1.7643860827471007
2.3758145836939115
2.146465798504072
1.9877733714879842
2.054585169337799
1.971747257128181
1.971747257128181
1.6644977792004614
2.120952031026403
2.049452072789394
2.1464657985040723
2.0403733936884962
1.9484930703645587
1.9914388709471218
2.0741647430225756
2.0403733936884962
1.7474594241169754
1.7806390622295662
1.7806390622295662
1.7806390622295662
1.7806390622295662
1.8383685150260665
1.8383685150260665
1.971747257128181
2.0403733936884962
2.349601752714581
2.0403733936884962
1.971747257128181
2.1800365325772657
2.6800365325772657
2.0403733936884962
2.063558608511122
2.146465798504072
2.3068905956085186
2.2389205950315936
1.9473387961875537
2.049452072789394
2.4225797618424916
2.1440239107574226
1.971747257128181
2.032149669953179
2.0403733936884962
2.206041568717602
2.0670314951575843
2.422579761842492
2.473663576077827
2.319240704636849
1.0982435741456473
2.349601752714581
2.161978179679554
2.125814583693911
2.271782221599798
1.7947367178034825
2.004886164091843
2.0272925846688996
2.1174924611847548
2.054585169337799
2.2877837199410704
2.2485731395538666
2.125814583693911
2.2062389286533897
2.1967916319816365
2.220068302234069
2.199687794731328
2.7685824788135225
2.0403733936884962
2.251629167387823
2.0403733936884962
1.823067982273661
2.0403733936884962
2.1405180562767114
2.3220847276178658
1.9591479170272446
2.2608203181716595
2.054585169337799
2.5358577759182794
2.0403733936884962
1.8676338909712125
1.867633890971212
2.0403733936884962
2.004886164091843
2.063458298648303
1.9877733714879842
2.33012496531497
2.278351811711312
1.971747257128181
2.0048861640918427
2.2810361125534233
1.896240625180289
2.125814583693911
2.155968102145908
2.4404040177209283
1.9473387961875537
1.971747257128181
2.556656707462823
1.9211854965885542
2.4404040177209283
2.221251836004466
2.25
2.0403733936884962
1.7924812503605778
2.189238255803027
2.1280852788913944
1.8810947601100747
2.0989295636909353
2.1920058354921066
1.789929075309999
2.2787875981356107
1.9061708907795405
1.8612881217852126
2.4167270183298255
2.353533948577482
2.213092238792742
2.004886164091843
2.054585169337799
2.221251836004466
1.8585552118703144
1.8676338909712125
1.971747257128181
1.9591479170272446
2.0403733936884962
1.971747257128181
2.054585169337799
2.411509198419911
2.206238928653389
2.1280852788913944
1.971747257128181
1.7924812503605778
2.332914563979398
2.0545851693377997
2.004886164091843
1.9877733714879842
1.94770277922009
1.867633890971212
1.867633890971212
2.25
2.119240704636849
2.1735572622751858
2.217021885879718
2.125814583693911
2.049452072789394
2.0403733936884962
2.217021885879718
2.3208020839342964
1.6577427265048887
1.9182958340544893
2.2359263506290326
2.206238928653389
1.9182958340544893
1.789929075309999
2.0403733936884962
1.971747257128181
2.125814583693911
2.130926080730337
2.2954656791802917
1.7924812503605778
1.7924812503605778
2.049452072789394
2.2783283537314114
2.004886164091843
1.8676338909712125
2.353190671338322
1.7924812503605778
1.8585552118703144
2.3432578733442675
2.049452072789394
2.1179631753145163
2.004886164091843
2.1280852788913944
2.219240704636849
1.8988320688278773
1.7527152789797045
2.33012496531497
2.061423239400896
2.054585169337799
2.353533948577482
2.248529327128576
2.5440329547568536
2.271782221599798
2.2051099000738694
2.0403733936884962
2.4164997849817103
2.0403733936884962
1.8423709931771084
2.1735572622751853
2.2841591278514217
2.463458298648303
1.8423709931771084
1.8810947601100747
2.0403733936884962
2.1887870678023824
2.260820318171659
2.0403733936884962
2.128085278891394
1.780672129520887
2.1609640474436813
2.221251836004466
2.0403733936884962
1.5919171866886992
2.1055872616982603
2.0
2.251629167387823
1.7921951936824647
2.004886164091843
2.3432578733442675
2.0741647430225756
1.8810947601100747
2.004886164091843
2.1280852788913944
2.1280852788913944
2.1179631753145163
1.971747257128181
1.9182958340544896
1.508604214373475
2.023219672335508
2.422442136473173
2.271782221599798
2.33012496531497
2.221251836004466
1.8585552118703144
2.968918563962097
2.0403733936884962
2.349601752714581
2.7329584811468717
2.349601752714581
2.130926080730337
1.855388542207534
2.072905595320056
2.0458416408851736
1.971747257128181
1.789929075309999
1.9877733714879842
1.7527152789797047
2.1887870678023824
2.0049355947431313
2.0403733936884962
2.0403733936884962
2.33012496531497
1.7924812503605778
2.5052077877155696
2.349601752714581
1.867633890971212
1.8553885422075338
2.058813890331201
2.4137995646056805
2.0403733936884962
2.049452072789394
2.1280852788913944
2.2516291673878226
2.260820318171659
2.271782221599798
1.5709505944546687
1.867633890971212
2.0
2.004886164091843
1.8423709931771088
1.8810947601100747
2.3432578733442675
1.896240625180289
2.2841591278514217
1.8676338909712125
2.4137995646056805
1.896240625180289
2.0403733936884962
2.0403733936884962
2.4662478973127313
2.251629167387823
2.353533948577482
2.054585169337799
1.789929075309999
1.8676338909712125
2.148834854280917
2.125814583693911
2.125814583693911
1.8676338909712125
1.8676338909712125
2.5073801024236357
2.199687794731328
1.780672129520887
2.054585169337799
2.4996981431844145
2.4729055953200563
2.199687794731328
2.263809173883546
2.33012496531497
2.125814583693911
2.004886164091843
2.311278124459133
2.2182927159302617
2.0550365325772657
2.0403733936884962
1.9591479170272446
1.9877733714879842
2.038159681645953
1.867633890971212
1.971747257128181
1.965596230357602
1.8676338909712125
1.7924812503605778
2.0403733936884962
1.8676338909712125
1.9992184835974094
2.0458416408851736
1.8676338909712125
2.260820318171659
2.077819531114783
2.2627834289765825
2.049452072789394
2.1280852788913944
2.077819531114783
1.9877733714879842
2.197159723424149
2.0403733936884962
2.403677461028802
1.9182958340544893
2.555913095175825
2.511805132461788
2.1339375660949167
1.8423709931771084
2.4956029237290123
2.292481250360578
2.278351811711312
2.004886164091843
1.971747257128181
2.1661889432370445
1.971747257128181
2.202819531114783
1.8423709931771084
2.125814583693911
2.349601752714581
2.217021885879718
1.8423709931771084
1.9182958340544893
2.049452072789394
2.0403733936884962
2.4137995646056805
1.971747257128181
2.1416195253341384
1.8423709931771084
1.8864953153803885
2.210973616506754
2.004886164091843
2.004886164091843
2.004886164091843
1.971747257128181
1.8339272176418302
2.0403733936884962
2.0403733936884962
2.439353872167201
2.1234786725698864
1.971747257128181
1.971747257128181
1.971747257128181
1.9364823836654392
1.971747257128181
1.971747257128181
1.9490112565258695
1.855388542207534
2.004886164091843
2.119240704636849
2.353533948577482
2.054585169337799
1.9591479170272446
2.1416195253341384
2.165885150264076
2.004886164091843
2.061549658034725
2.223219672335508
2.125814583693911
2.199687794731328
1.809200032697812
2.295461844238322
1.971747257128181
1.7381493331928664
1.9508257945180885
2.4729055953200563
1.867633890971212
2.1280852788913944
2.0403733936884962
1.7527152789797047
2.2125038423722683
2.004886164091843
1.971747257128181
1.9211854965885542
2.125814583693911
2.2192407046368485
1.867633890971212
1.8843135277997989
2.146782221599798
1.971747257128181
2.08746284125034
1.9182958340544896
1.5709505944546687
2.1280852788913944
2.148834854280917
1.8423709931771088
1.867633890971212
2.004886164091843
1.8919954870390203
1.789929075309999
2.058813890331201
2.102187170949333
2.5249449750847117
2.521782221599798
2.3942811477133943
2.614369445886757
2.1280852788913944
2.345851989338261
2.279799131837405
2.422579761842491
1.8676338909712125
1.7527152789797045
1.780672129520887
2.1920058354921066
1.7924812503605778
2.0349409139562287
1.823067982273661
1.9591479170272446
1.8799649487271108
2.664216964670075
2.374037820773334
1.9160563421790617
2.5294881142662007
2.0550365325772657
1.8850931455708964
2.412226741446658
1.7712589600219495
2.1592768042272796
2.54363785115567
2.601118486149385
2.0670314951575843
2.278351811711312
2.0403733936884962
1.971747257128181
2.0294069451656007
2.004886164091843
2.0403733936884962
1.561278124459133
2.260820318171659
2.292481250360578
2.1735572622751858
2.1887870678023824
2.1920058354921066
2.3395722619867225
1.8676338909712125
2.4137995646056805
1.6644977792004614
2.4404040177209283
2.2585728843419157
2.3959988705348416
1.971747257128181
2.2841591278514217
2.054585169337799
2.0814963295286755
1.9508257945180885
2.0403733936884962
2.2062389286533897
2.145136370153053
2.199687794731328
1.856564762130954
2.063458298648303
2.2841591278514217
1.6644977792004614
1.9508257945180885
2.2841591278514217
2.1174924611847548
2.0403733936884962
2.1920058354921066
2.251629167387823
2.199687794731328
2.4137995646056796
1.971747257128181
1.812631413164762
2.0403733936884962
2.049452072789394
2.0403733936884962
2.231932560975427
1.8810947601100747
1.789929075309999
1.823067982273661
2.199687794731328
2.3301249653149703
2.4164997849817107
1.780672129520887
2.0494520727893937
1.8676338909712125
2.1632095937363847
1.9211854965885542
2.1280852788913944
2.199687794731328
2.098579861712074
2.6062389286533896
1.971747257128181
2.1280852788913944
2.3584585933443494
2.004886164091843
1.971747257128181
2.130926080730337
2.223219672335508
1.9591479170272446
2.049452072789394
2.10558726169826
1.9591479170272446
2.0670314951575843
2.0300872246321315
1.8676338909712125
2.2751703547731936
2.0202442071537563
1.971747257128181
1.971747257128181
1.867633890971212
1.9591479170272446
2.049452072789394
1.9182958340544893
2.1690354219421173
1.971747257128181
2.472905595320056
2.25
2.4634582986483036
2.0403733936884962
2.1280852788913944
2.4428621651554665
1.9751060324573735
2.1280852788913944
2.181937063546704
2.1179631753145163
1.584962500721156
1.971747257128181
1.867633890971212
2.251629167387823
1.8676338909712125
1.9182958340544896
2.3538109795800106
2.33012496531497
2.049452072789394
1.780672129520887
1.971747257128181
2.33012496531497
1.9877733714879842
1.8676338909712125
1.9852281360342514
2.10558726169826
2.064042639445697
1.780672129520887
2.004886164091843
1.855388542207534
2.049452072789394
2.183754831923921
2.699513850319966
2.0403733936884962
2.0048861640918427
1.9877733714879842
1.789929075309999
2.601592484110964
2.4225797618424916
2.4692407821722844
2.3715335947907836
1.941645521915528
2.119240704636849
2.0741647430225756
2.349601752714581
1.8230264907128848
2.474601752714581
2.2610276044371003
2.4164997849817103
1.971747257128181
2.004886164091843
2.1280852788913944
2.263809173883546
2.2062389286533897
1.887351814444994
2.0403733936884962
2.25
1.7423773993623528
1.9657706741379202
2.3232196723355076
2.2256051990169436
1.7924812503605778
1.9182958340544893
2.2485731395538666
2.35274578087187
1.8676338909712125
1.8423709931771084
2.0349409139562287
2.23345859334435
1.7924812503605778
2.125814583693911
2.1967916319816365
2.199687794731328
1.7841591278514217
1.936278124459133
2.0
2.074164743022575
1.823067982273661
2.004886164091843
2.8749589643504
2.5073801024236357
2.4187229080665604
1.7841591278514217
1.7924812503605778
2.1280852788913944
2.049452072789394
1.9591479170272446
1.75
1.896240625180289
2.1968547548534594
2.049452072789394
2.0403733936884962
2.2516144718101816
2.5967916319816364
2.224601752714581
2.1047412314783913
2.0849625007211565
2.309500410833464
1.971747257128181
1.9591479170272446
2.128085278891394
1.8799649487271108
2.1556390622295662
1.823067982273661
2.1314076078546704
2.199687794731328
2.146465798504072
1.9852281360342516
1.7273966735744792
2.0403733936884962
1.971747257128181
2.10845859334435
2.0985798617120746
1.7924812503605778
1.9182958340544893
2.049452072789394
2.1690354219421173
2.18680859456305
2.3678775672460346
1.6644977792004614
1.9877733714879842
2.1280852788913944
2.2841591278514217
1.789929075309999
2.0403733936884962
2.054585169337799
1.867633890971212
2.0874628412503395
1.9182958340544893
2.125814583693911
2.33012496531497
1.9591479170272446
2.3627402784989338
2.125814583693911
2.0
2.119240704636849
2.521782221599798
1.8810947601100747
2.5016094970590275
2.469240782172285
1.823067982273661
2.0403733936884962
2.0374011976541118
2.3220847276178658
2.049452072789394
1.8585552118703144
2.440404017720928
2.406666316740689
2.353533948577482
2.199687794731328
2.0
1.9591479170272446
1.9762822787735768
2.2608203181716595
2.0403733936884962
2.117344207977935
2.0670314951575843
2.004886164091843
2.4305946180235427
1.971747257128181
1.887351814444994
2.2201676812848277
1.9591479170272446
2.219240704636849
2.601074529667299
2.011920928594794
1.9877733714879842
2.054585169337799
1.6644977792004614
2.0403733936884962
2.289246428509158
1.971747257128181
2.0306390622295662
1.971747257128181
1.867633890971212
2.2877837199410704
2.0048861640918427
2.0403733936884962
1.7924812503605778
2.287783719941071
2.040223928941852
2.146465798504072
1.971747257128181
2.0403733936884962
2.2096909728231857
2.4137995646056796
2.192005835492107
1.971747257128181
1.971747257128181
2.220068302234069
2.1887870678023824
2.049452072789394
1.8676338909712125
2.0930692077718898
2.5073801024236357
2.260820318171659
2.192005835492107
1.9591479170272446
2.0403733936884962
2.3942811477133943
2.0403733936884962
2.1920058354921066
2.0403733936884962
1.9877733714879842
2.1774212838293647
2.0300872246321315
2.0458416408851736
2.004886164091843
2.35274578087187
2.0403733936884962
2.41379956460568
2.469670487371862
2.3716535224393334
1.836591668108979
1.8676338909712125
2.0403733936884962
2.1280852788913944
2.064042639445697
2.084962500721156
1.8050365325772657
2.374556048381884
1.962806631693174
2.3749589477025563
2.556656707462823
1.965596230357602
2.33012496531497
2.389758003492557
1.971747257128181
2.004886164091843
2.0403733936884962
1.9609640474436814
2.3318026736242854
1.971747257128181
1.6644977792004614
2.463458298648303
1.7924812503605778
2.1280852788913944
2.2608203181716595
2.292481250360578
1.9591479170272446
2.054585169337799
2.5306390622295662
2.440404017720928
2.3502090290998976
2.646782221599798
2.0403733936884962
2.1055872616982603
2.292481250360578
2.199687794731328
1.9508257945180887
2.074164743022575
2.5110276044371007
2.5262349099495225
2.199687794731328
2.5073801024236357
1.867633890971212
1.971747257128181
2.1920058354921066
1.9182958340544896
1.825605199016944
2.0131324651707385
1.823067982273661
1.8423709931771084
2.359879028736861
2.054585169337799
2.403677461028802
2.472905595320056
2.1800365325772657
2.1607047528877827
2.2810361125534233
1.75
2.349601752714581
2.1179631753145163
1.789929075309999
1.950212064914747
2.0874628412503395
2.0458416408851736
1.867633890971212
2.049452072789394
2.219240704636849
2.202819531114783
2.724129026400548
2.4840684525472336
2.484068452547234
1.823067982273661
1.9644052674484187
2.130926080730337
2.206238928653389
1.8129452762598803
1.8732214356139145
2.063202513215852
2.3871251585103024
2.583465189601647
2.2334585933443494
2.463865121950854
1.789929075309999
1.789929075309999
1.8423709931771084
2.1800365325772657
2.049452072789394
2.1258145836939115
1.789929075309999
1.8879185026711327
2.125814583693911
2.395998870534841
2.0662478973127314
2.049452072789394
1.8423709931771084
2.0403733936884962
2.153291231890481
2.224601752714581
2.1179631753145163
2.1916116417513782
2.1280852788913944
2.51392420593572
2.0660528684552535
2.359879028736861
2.0403733936884962
2.452371569716331
1.9508257945180885
2.0403733936884962
2.125814583693911
1.7924812503605778
2.260820318171659
2.353533948577482
2.1280852788913944
1.867633890971212
2.403677461028802
2.574865137793185
2.0403733936884962
2.054585169337799
2.054585169337799
1.75
2.063458298648303
1.971747257128181
2.0403733936884962
2.221251836004466
1.7924812503605778
2.049452072789394
2.406666316740689
2.349601752714581
2.0403733936884962
2.1280852788913944
2.049452072789394
2.038159681645953
2.614693951646702
2.005977711423774
2.199687794731328
2.2096909728231857
2.440404017720928
1.971747257128181
1.971747257128181
1.789929075309999
1.7924812503605778
1.9591479170272446
2.040223928941852
1.971747257128181
2.049452072789394
1.8212764279322333
2.0403733936884962
1.6644977792004614
2.0403733936884962
2.8883601962988914
1.789929075309999
1.971747257128181
1.7925730902686046
2.353533948577482
2.173399008013088
1.75
2.7351008982538754
2.005977711423774
2.0403733936884962
2.1179631753145163
2.0403733936884962
2.1920058354921066
1.8676338909712125
1.7527152789797045
2.075869296697727
1.7924812503605778
2.4404040177209283
2.0403733936884962
2.1887870678023824
1.9877733714879842
1.971747257128181
1.9591479170272446
2.0349409139562287
2.054585169337799
2.292481250360578
1.8423709931771084
2.3852130207431887
2.270942421748537
2.0349409139562287
2.1179631753145163
2.130926080730337
2.0048861640918427
2.5073801024236357
2.130926080730337
2.5559130951758244
1.75
2.0403733936884962
2.1920058354921066
2.208196592277087
1.8810947601100747
1.789929075309999
2.054585169337799
2.148834854280917
1.75
1.971747257128181
2.2389205950315936
2.054585169337799
2.0403733936884962
2.1822287189138017
1.75
2.292481250360578
2.739572261986723
2.8709505944546687
2.049452072789394
1.789929075309999
2.353533948577482
2.278351811711312
1.971747257128181
2.353533948577482
2.521782221599798
2.0741647430225756
1.8423709931771086
1.950212064914747
1.7924812503605778
2.1280852788913944
2.6318326080427985
1.971747257128181
2.004886164091843
1.7924812503605778
2.270942421748537
2.0403733936884962
2.125814583693911
2.251629167387823
2.0874628412503395
2.0349409139562287
2.6756981353679867
1.936278124459133
2.2485731395538666
2.145136370153053
2.102187170949333
2.739572261986723
2.4056390622295662
2.078328851278104
1.4591479170272448
2.260820318171659
2.5580510765444577
2.199687794731328
1.9852281360342516
2.2096909728231857
1.971747257128181
2.0403733936884962
1.971747257128181
1.780672129520887
1.983084164143437
2.141787664262568
2.463143795977815
2.004886164091843
2.054585169337799
1.8585552118703144
1.867633890971212
2.049452072789394
1.9877733714879842
2.251629167387823
1.8676338909712125
2.25
2.077819531114783
1.9182958340544893
1.867633890971212
2.359879028736861
1.8810947601100745
2.0403733936884962
2.049452072789394
2.0349409139562287
2.42333554360319
2.146782221599798
2.1280852788913944
2.392515945623278
2.0741647430225756
2.0741647430225756
1.9954618442383218
1.9182958340544893
2.355116415196845
2.0403733936884962
1.9182958340544893
2.075074223172834
2.0403733936884962
2.054585169337799
2.074164743022575
1.789929075309999
1.7924812503605778
1.971747257128181
1.584962500721156
2.0458416408851736
2.271782221599798
2.0403733936884962
1.789929075309999
2.2856005389623073
2.292481250360578
1.7924812503605778
2.0131324651707385
1.971747257128181
2.1174924611847548
1.7841591278514217
2.1556390622295662
2.3921472236645345
1.971747257128181
2.0403733936884962
1.8676338909712125
2.1577174691301484
2.1055872616982603
1.9886889782955437
2.0403733936884962
2.0403733936884962
2.352487689168953
1.9877733714879842
2.484255144794799
2.0349409139562287
2.275170354773194
2.3158243335257076
1.971747257128181
1.971747257128181
2.217021885879718
2.392277173072062
2.375
2.004886164091843
2.289246428509158
2.045841640885174
2.278351811711312
2.696199049814856
1.867633890971212
2.0387607528626854
2.5957484671748796
2.210973616506754
1.8676338909712125
2.0403733936884962
2.353533948577482
1.7841591278514217
2.5073801024236357
2.045826499391892
2.038159681645953
1.9182958340544896
2.1280852788913944
2.4164997849817107
2.1174924611847548
1.8676338909712125
2.605388542207534
1.971747257128181
2.0403733936884962
2.0403733936884962
2.0403733936884962
2.0403733936884962
2.25
1.9182958340544893
1.9182958340544893
1.9879788990352445
2.1280852788913944
1.8423709931771084
1.9508257945180885
2.1800365325772657
2.2877837199410704
1.8423709931771084
2.058813890331201
2.004886164091843
2.327114287092649
2.216521698179525
2.0403733936884962
1.8676338909712125
2.1280852788913944
1.971747257128181
2.119707550936481
2.474308116604313
1.789929075309999
1.823067982273661
2.049452072789394
1.93012496531497
2.005977711423774
2.279799131837405
2.474601752714581
1.5180355876488512
2.1339375660949167
2.3220847276178658
2.1290255736436503
2.3437674223666716
2.6165624309340134
2.0403733936884962
2.249849071592207
1.7295739585136223
2.0
2.0403733936884962
2.217021885879718
2.217021885879718
1.896240625180289
2.1416195253341384
2.054585169337799
2.004886164091843
1.7924812503605778
2.217021885879718
2.292481250360578
2.0
2.049452072789394
1.8423709931771084
2.322756958897399
1.7841591278514217
2.0403733936884962
2.251629167387823
2.1390976555739165
2.199687794731328
2.615724605447171
2.004886164091843
2.0403733936884962
2.279799131837405
2.0403733936884962
2.3232196723355076
2.0403733936884962
1.971747257128181
2.96318194471282
1.7841591278514217
2.4137995646056805
1.8676338909712125
1.8987023210363865
1.9783335811852638
2.1084585933443494
2.646985457851354
2.2256051990169436
2.004886164091843
1.7295739585136223
2.146782221599798
2.0403733936884962
2.0403733936884962
2.4634582986483036
2.0580531366523855
2.3627402784989338
2.0403733936884962
2.098579861712074
1.8676338909712125
2.739572261986723
2.145136370153053
1.789929075309999
2.117492461184755
2.1887870678023824
2.0403733936884962
2.5032583347756456
1.789929075309999
1.8676338909712125
1.7924812503605778
2.1556390622295662
2.040223928941852
1.965596230357602
2.0403733936884962
2.0403733936884962
2.646782221599798
2.202819531114783
2.2841591278514217
2.1280852788913944
2.0403733936884962
2.1440239107574226
2.125814583693911
2.103909910282364
2.3627402784989338
2.0403733936884962
2.2841591278514217
2.1258145836939115
2.199687794731328
2.5967916319816364
2.0403733936884962
1.971747257128181
2.059721832409614
2.0403733936884962
1.789929075309999
2.199687794731328
2.054585169337799
2.224601752714581
2.0
2.0403733936884962
1.8676338909712125
1.9877733714879842
1.9877733714879842
1.9877733714879842
1.9877733714879842
1.9877733714879842
1.9877733714879842
1.9877733714879842
1.9877733714879842
1.9877733714879842
1.9877733714879842
1.9877733714879842
1.9877733714879842
1.9877733714879842
1.9877733714879842
1.9877733714879842
2.0403733936884962
2.0403733936884962
2.0403733936884962
2.0403733936884962
2.0403733936884962
2.0403733936884962
2.0403733936884962
2.0403733936884962
2.0403733936884962
1.9877733714879842
1.9877733714879842
1.9877733714879842
1.9877733714879842
1.9877733714879842
1.971747257128181
1.867633890971212
1.867633890971212
1.867633890971212
1.867633890971212
1.867633890971212
1.867633890971212
1.867633890971212
1.867633890971212
1.867633890971212
1.867633890971212
1.867633890971212
1.867633890971212
1.867633890971212
1.867633890971212
1.867633890971212
1.867633890971212
1.867633890971212
1.867633890971212
1.867633890971212
1.867633890971212
1.867633890971212
1.867633890971212
1.867633890971212
1.867633890971212
1.867633890971212
1.867633890971212
1.867633890971212
1.867633890971212
1.867633890971212
1.867633890971212
1.867633890971212
1.867633890971212
1.867633890971212
1.867633890971212
1.867633890971212
1.867633890971212
2.278351811711312
1.9877733714879842
1.9877733714879842
1.9877733714879842
1.9877733714879842
1.9877733714879842
2.25
1.8676338909712125
2.0403733936884962
2.0403733936884962
2.0403733936884962
2.221251836004466
2.33012496531497
2.219240704636849
1.8676338909712125
2.1280852788913944
2.719964304742391
1.8423709931771084
1.971747257128181
2.0403733936884962
2.049452072789394
1.8423709931771088
1.809200032697812
2.721251836004466
1.7924812503605778
2.251629167387823
2.3841837197791884
1.9068905956085187
1.7924812503605778
1.867633890971212
1.971747257128181
2.7304344445615856
2.225610814520738
1.9764892117991657
1.9301249653149701
2.1920058354921066
1.823067982273661
2.2627834289765825
1.867633890971212
2.6756981353679867
2.054585169337799
1.9746017527145812
2.1967916319816365
2.33012496531497
2.125814583693911
2.270942421748537
2.322756958897399
2.049452072789394
2.4404040177209283
1.8676338909712125
2.0151390045092366
1.823067982273661
2.1577174691301484
1.9591479170272446
2.054585169337799
2.0403733936884962
2.4225797618424916
2.278351811711312
2.057924310831006
2.1920058354921066
1.9161269465882842
1.9877733714879842
1.789929075309999
2.350209029099897
1.870253816431622
1.7806390622295662
2.4137995646056796
2.1464657985040723
1.789929075309999
2.2945199082544616
2.1179631753145163
1.948810610453812
2.2149798205164815
2.390863696857044
2.374556048381884
2.0741647430225756
2.463458298648303
1.9182958340544896
2.1280852788913944
2.221251836004466
2.125814583693911
2.004886164091843
2.2841591278514217
1.9508257945180885
2.004886164091843
2.054585169337799
2.2877837199410704
2.60845859334435
2.287783719941071
2.1920058354921066
2.221251836004466
1.4591479170272448
2.1280852788913944
2.0403733936884962
2.146782221599798
1.971747257128181
2.054585169337799
1.9182958340544896
1.8423709931771084
2.3959988705348416
2.0458416408851736
2.1416195253341384
2.473851389610045
2.056676898728312
2.375
2.0349409139562287
1.9852281360342514
2.004886164091843
1.8585552118703144
2.054585169337799
2.350209029099897
2.1179631753145163
2.359879028736861
2.1774212838293647
2.600827655681146
2.128085278891394
2.0403733936884962
2.0804820237218404
2.1416195253341384
2.1339375660949167
2.0403733936884962
2.58169741093258
1.5566567074628228
1.9182958340544893
1.75
1.811278124459133
2.0403733936884962
2.1920058354921066
1.867633890971212
1.9197367178034825
1.823067982273661
2.054585169337799
1.7924812503605778
1.971747257128181
1.971747257128181
1.9182958340544893
2.084962500721156
2.0403733936884962
2.33012496531497
1.9182958340544893
1.8423709931771084
2.058813890331201
2.1258145836939115
2.077819531114783
1.7295739585136223
2.0403733936884962
1.811278124459133
2.1800365325772657
2.896920119152509
1.896240625180289
1.965596230357602
1.9508257945180885
2.359879028736861
2.1416195253341384
2.353533948577482
2.038159681645953
1.823067982273661
1.823067982273661
2.084962500721156
2.1887870678023824
2.058053136652385
2.1406064599010723
2.3134597501718237
2.5073801024236357
1.9877733714879842
2.1920058354921066
1.971747257128181
1.610577243331642
1.789929075309999
1.9628066316931743
2.0403733936884962
2.0403733936884962
1.8250112108241772
1.9182958340544896
2.133937566094917
2.1054105870684143
1.867633890971212
2.199687794731328
2.353533948577482
2.4092672522514684
1.7924812503605778
2.0403733936884962
1.8681125700076542
1.9898980954642875
2.0854752972273345
2.0458416408851736
2.125814583693911
1.7924812503605778
2.192005835492107
2.2841591278514217
1.9182958340544893
2.0403733936884962
2.049452072789394
2.0403733936884962
1.8676338909712125
1.8423709931771084
2.1440239107574226
2.5559130951758244
2.0403733936884962
2.5073801024236357
2.038159681645953
2.291620193427939
1.9182958340544893
2.0
2.287783719941071
1.8423709931771084
2.355828169819799
2.1174924611847548
2.0349409139562287
2.535282842152012
2.417367895185498
2.1179631753145163
2.110625918002233
1.8262452584026092
2.260820318171659
2.0403733936884962
2.004886164091843
2.584962500721156
2.049452072789394
1.7924812503605778
2.25
2.737604923405167
2.0131324651707385
2.497796811598595
1.9814963295286752
1.811278124459133
1.789929075309999
2.0403733936884962
2.33012496531497
2.2892464285091583
2.049452072789394
1.971747257128181
2.1393538721672005
1.9558917782837364
2.054585169337799
2.038159681645953
2.292481250360578
2.130926080730337
2.2389205950315936
1.7924812503605778
2.084962500721156
2.0403733936884962
2.0403733936884962
2.131346433249389
2.2945199082544616
2.5292555592973907
2.0403733936884962
1.5566567074628228
2.646782221599798
2.221251836004466
2.3627402784989338
2.054585169337799
2.289246428509158
2.084962500721156
2.038159681645953
1.9301249653149701
1.971747257128181
2.004886164091843
2.119240704636849
2.049452072789394
1.8854428674817079
2.2479275134435857
1.6854752972273346
2.054585169337799
2.584023687015089
1.971747257128181
2.2877837199410704
1.8773870642966133
2.049452072789394
1.7924812503605778
1.9877733714879842
2.1556390622295662
2.6990199844009077
2.358938532350277
2.2516291673878226
1.8140142960531367
2.2359263506290326
1.971747257128181
1.6854752972273346
1.8919954870390203
1.9877733714879842
2.265483463829209
2.2841591278514217
2.199687794731328
2.0609640474436812
1.9254106352407239
2.1920058354921066
2.374556048381884
2.271782221599798
1.971747257128181
2.5580510765444577
2.0403733936884962
1.8004422822781616
2.199687794731328
2.2056221220248466
1.823067982273661
2.440404017720928
2.2065442182128785
1.5610962901265113
2.1174924611847548
1.789929075309999
2.270942421748537
1.8676338909712125
2.327632809290636
2.199687794731328
1.971747257128181
1.971747257128181
2.1556390622295662
1.4591479170272448
2.202819531114783
1.9182958340544896
1.789929075309999
2.6337314206421327
1.9591479170272446
2.535857775918279
1.8685415181108882
1.9591479170272446
1.75
1.8262452584026092
2.2877837199410704
2.4137995646056805
2.148834854280917
1.7924812503605778
1.9746017527145814
2.4613201402110083
2.4834585933443494
2.278351811711312
1.789929075309999
1.8676338909712125
2.004886164091843
2.4634582986483036
2.004886164091843
1.9970193775162597
2.4137995646056805
2.5037451922921394
2.0403733936884962
2.4613201402110083
2.270942421748537
2.0403733936884962
2.0403733936884962
1.9182958340544893
2.0814963295286755
2.091917186688699
2.1174924611847548
1.823067982273661
1.7924812503605778
1.971747257128181
1.823067982273661
1.9508257945180885
1.8676338909712125
1.8879185026711327
2.863094551420763
1.7884504573082896
1.867633890971212
2.3678775672460346
2.0403733936884962
1.789929075309999
1.971747257128181
2.220068302234069
1.9508257945180885
1.8496017527145812
2.049452072789394
1.789929075309999
2.0403733936884962
1.789929075309999
1.7924812503605778
2.0717350271381694
2.0403733936884962
2.1179631753145163
2.0403733936884962
2.004886164091843
2.004886164091843
1.8230264907128848
1.779697157770533
2.125814583693911
1.2601038608397592
2.1149798205164814
1.9508257945180885
2.0294069451656007
2.2608203181716595
2.406666316740689
2.0403733936884962
2.169925001442312
2.217021885879718
1.80745008356608
2.4232763485345132
2.012595115586518
1.7924812503605778
1.9182958340544893
1.823067982273661
2.646782221599798
2.353533948577482
2.292481250360578
2.049452072789394
2.0403733936884962
2.822717804806415
1.9990298316961876
2.322756958897399
2.173563391372723
1.9182958340544896
2.4745049881054295
2.0403733936884962
2.186278124459133
2.153291231890481
2.0
2.0403733936884962
1.7924812503605778
2.1892869761976885
2.0890287099699356
1.8822287189138016
2.049452072789394
2.0306390622295662
2.049452072789394
2.0403733936884962
1.971747257128181
2.217021885879718
1.9591479170272446
1.823067982273661
2.019973094021975
1.823067982273661
2.561848239589024
1.8676338909712125
2.517201802582726
2.428641750045923
2.0403733936884962
1.9508257945180885
2.251629167387823
1.9068189483525888
2.084962500721156
2.146782221599798
1.836591668108979
2.3227569588973984
2.0403733936884962
1.7924812503605778
2.4164997849817103
2.440404017720928
2.375
2.556656707462823
2.25
2.646782221599798
1.836591668108979
2.664242371329653
1.8676338909712125
2.125814583693911
1.8423709931771084
2.2841591278514217
1.9877733714879842
2.359879028736861
1.7924812503605778
2.004886164091843
2.4137995646056805
1.780672129520887
1.811278124459133
1.9182958340544893
2.646782221599798
2.3253314601288055
2.125814583693911
2.292481250360578
2.049452072789394
1.971747257128181
1.789929075309999
2.004886164091843
2.199687794731328
2.251629167387823
2.0403733936884962
2.5
1.971747257128181
2.0202442071537563
2.260820318171659
1.8676338909712125
2.0403733936884962
2.291620193427939
1.9746017527145812
1.760495029766198
1.7969371097526867
1.9669171866886992
2.4627162770878597
1.7924812503605778
2.2856005389623073
2.2084088168348623
2.0300872246321315
1.8250112108241772
2.0403733936884962
2.2684727516311214
1.9898980954642875
2.1440239107574226
1.867633890971212
1.8423709931771084
2.199687794731328
1.8676338909712125
1.7924812503605778
1.789929075309999
1.8676338909712125
2.216521698179525
2.35845859334435
1.8676338909712125
2.125814583693911
2.1556390622295662
2.898182066504028
1.561278124459133
1.8423709931771084
2.542481250360578
2.1633347891038204
2.146465798504072
2.049452072789394
1.9523612813926658
2.1626241419745886
1.9076835303085156
2.0403733936884962
2.0403733936884962
2.029526332323075
2.0403733936884962
2.358938532350277
1.789929075309999
2.5032583347756456
2.270942421748537
1.9814963295286754
2.2359263506290326
2.128085278891394
2.4137995646056805
2.0989295636909353
2.2359263506290326
2.004886164091843
1.971747257128181
2.199687794731328
2.1280852788913944
1.8423709931771088
2.494349704144249
1.896240625180289
2.0403733936884962
2.275170354773194
2.1739731346044096
1.7334834339268832
1.789929075309999
2.1174924611847548
2.1464657985040723
2.1314076078546704
2.1416195253341384
2.206238928653389
2.224601752714581
2.199687794731328
2.0740870445590347
2.199687794731328
1.8423709931771088
1.9056390622295665
2.0403733936884962
1.876654497859216
2.221251836004466
2.221251836004466
2.399307287721286
2.1559681021459083
2.0403733936884962
2.199687794731328
2.260820318171659
2.1179631753145163
2.2841591278514217
2.6756981353679867
2.299159370894832
2.084962500721156
2.1607047528877827
2.054585169337799
1.9591479170272446
2.1280852788913944
2.0403733936884962
2.0403733936884962
1.789929075309999
2.130926080730337
2.467603264102235
2.004886164091843
2.2396275363413567
2.1739731346044096
1.8676338909712125
2.3003980873087997
2.5813430663588783
1.8423709931771084
2.054585169337799
1.971747257128181
2.0151390045092366
2.004886164091843
2.133937566094917
1.9749375012019268
1.992778107459939
1.7841591278514217
2.289246428509158
1.8585552118703144
2.1920058354921066
2.1462406251802895
2.0403733936884962
2.063202513215852
2.375
2.0371725210832596
2.0
2.1280852788913944
2.292481250360578
2.004886164091843
1.7990156706551217
2.260964047443681
1.896240625180289
2.292481250360578
2.013006500506917
2.1317736011699857
2.1607047528877827
2.004886164091843
2.155968102145908
2.049452072789394
1.8423709931771084
1.9301249653149701
1.9182958340544896
1.971747257128181
2.1416195253341384
1.823067982273661
1.8542858719872455
2.4530408842698144
1.971747257128181
2.289017989818658
2.463458298648303
2.1280852788913944
2.049452072789394
2.279799131837405
2.263809173883546
1.867633890971212
2.1406064599010723
2.004886164091843
1.584962500721156
1.9814963295286754
2.038159681645953
1.8423709931771088
2.221251836004466
2.000080876099379
1.8676338909712125
2.197159723424149
1.867633890971212
2.199687794731328
2.4056390622295662
2.1916116417513782
1.6644977792004614
1.8423709931771084
2.2721065589726055
2.4311963294654366
1.6767370300521325
1.9609640474436814
2.0
2.372094637795624
2.1416195253341384
2.5785519909913264
2.66329080817766
2.3050365325772657
2.125814583693911
2.251629167387823
2.1967916319816365
2.199687794731328
1.867633890971212
2.422579761842491
1.584962500721156
2.199687794731328
2.646782221599798
1.789929075309999
2.0403733936884962
2.0403733936884962
1.7924812503605778
2.751166759332923
2.045841640885174
2.0403733936884962
2.0403733936884962
2.0078560636920493
2.078834887893511
1.9990298316961876
1.7924812503605778
2.1887870678023824
2.0874628412503395
2.5073801024236357
2.125814583693911
1.75
2.4404040177209283
2.0814963295286755
2.2627834289765825
2.0403733936884962
2.279799131837405
1.823067982273661
2.004886164091843
1.6644977792004614
2.1280852788913944
2.3395722619867225
1.7924812503605778
1.8676338909712125
1.7924812503605778
2.521782221599798
1.8810947601100747
2.403677461028802
2.049452072789394
2.353533948577482
2.094856783548739
2.217021885879718
2.5073801024236357
1.7961796919474975
2.128085278891394
1.789929075309999
2.125814583693911
2.0403733936884962
2.0403733936884962
1.867633890971212
1.8810947601100747
2.1174924611847548
1.9508257945180885
2.219240704636849
2.422579761842491
2.33012496531497
2.2359263506290326
2.0403733936884962
2.55526027827326
2.2841591278514217
2.1950849518197795
2.113283334294875
2.084962500721156
2.205109900073869
1.8676338909712125
1.971747257128181
2.0403733936884962
2.0248577611845886
2.3502090290998976
2.0078560636920493
2.084962500721156
2.0349409139562287
1.8676338909712125
1.8496017527145812
1.7924812503605778
2.1887870678023824
2.4613201402110083
2.2877837199410704
2.1803373810675706
2.064042639445697
1.867633890971212
2.217021885879718
2.771782221599798
1.971747257128181
2.519079570624174
2.1416195253341384
2.224601752714581
1.9877733714879842
1.7924812503605778
1.4591479170272448
1.780672129520887
2.040223928941852
2.0403733936884962
1.971747257128181
2.353533948577482
2.031795950060307
1.9591479170272446
1.836591668108979
2.0758692966977272
2.199687794731328
1.8250112108241772
2.353533948577482
2.148834854280917
2.315824333525708
2.0814963295286755
2.0
2.1406064599010723
2.125814583693911
2.049452072789394
1.903967813087766
2.045841640885174
1.9182958340544893
2.1258145836939115
1.7841591278514217
2.146782221599798
2.049452072789394
1.9508257945180885
2.125814583693911
2.004886164091843
2.1416195253341384
2.049452072789394
2.0662478973127314
2.0403733936884962
2.422579761842491
2.0545851693377997
1.867633890971212
1.789929075309999
2.0403733936884962
2.128085278891394
1.8676338909712125
1.855388542207534
2.1179631753145163
2.804571511622928
2.054585169337799
2.217021885879718
2.322756958897399
2.0457112421114982
2.353533948577482
2.049452072789394
2.2510345501401265
2.0403733936884962
2.146465798504072
2.0403733936884962
1.8919954870390203
1.9508257945180885
2.1774212838293647
1.823067982273661
2.0545851693377997
1.971747257128181
2.322756958897399
2.004886164091843
2.2096909728231857
2.251629167387823
2.1093830342526356
2.440404017720928
2.417582073328326
2.1556390622295662
2.1739731346044096
1.9877733714879842
2.0403733936884962
2.1556390622295662
2.2841591278514217
2.0131324651707385
1.8676338909712125
1.9182958340544893
1.971747257128181
1.7628818212796875
2.3720946377956236
2.1707437306125463
1.9850464172773454
2.0494520727893937
2.33012496531497
2.092271865683611
2.0403733936884962
1.971747257128181
2.358938532350277
2.4662478973127313
2.217021885879718
2.1280852788913944
2.219240704636849
2.3432578733442675
2.0524212838293647
1.6577427265048887
1.9591479170272446
2.0403733936884962
2.130926080730337
2.270942421748537
2.0458416408851736
2.049452072789394
2.125
1.8879185026711327
2.049452072789394
1.823067982273661
1.823067982273661
1.823067982273661
2.2232196723355075
2.1179631753145163
2.0403733936884962
2.0403733936884962
1.8676338909712125
1.8676338909712125
1.8676338909712125
1.8676338909712125
1.8676338909712125
2.224601752714581
2.224601752714581
2.473851389610045
2.473851389610045
2.473851389610045
2.463458298648303
2.463458298648303
2.463458298648303
2.219240704636849
2.219240704636849
2.1739731346044096
2.1739731346044096
2.1739731346044096
2.1739731346044096
2.1416195253341384
2.262362377388257
2.262362377388257
2.125
1.896240625180289
1.896240625180289
1.896240625180289
2.0403733936884962
2.0403733936884962
2.0403733936884962
1.8676338909712125
1.8676338909712125
1.8676338909712125
1.8676338909712125
1.8676338909712125
2.1405180562767114
2.584962500721156
2.463458298648303
2.463458298648303
2.463458298648303
2.319240704636849
2.319240704636849
2.1739731346044096
2.1739731346044096
2.1739731346044096
2.1739731346044096
1.9877733714879842
1.9877733714879842
1.9877733714879842
1.9877733714879842
1.823067982273661
1.823067982273661
1.823067982273661
2.1405180562767114
2.199086165113526
1.789929075309999
1.789929075309999
1.789929075309999
2.701797373990303
2.1149798205164814
2.1149798205164814
2.0403733936884962
2.0403733936884962
1.8676338909712125
1.8676338909712125
1.8676338909712125
1.8676338909712125
1.8676338909712125
2.2890179898186576
2.473851389610045
2.473851389610045
2.473851389610045
2.463458298648303
2.463458298648303
2.463458298648303
2.219240704636849
2.219240704636849
2.1739731346044096
2.1739731346044096
2.1739731346044096
2.1739731346044096
1.9877733714879842
1.9877733714879842
1.9877733714879842
1.823067982273661
1.823067982273661
1.823067982273661
2.25
1.896240625180289
1.896240625180289
1.896240625180289
2.0403733936884962
2.0403733936884962
2.0403733936884962
1.8676338909712125
1.8676338909712125
1.8676338909712125
1.8676338909712125
1.8676338909712125
2.1739731346044096
2.3627402784989338
2.279799131837405
2.319240704636849
2.319240704636849
2.25
1.9877733714879842
1.9877733714879842
1.9877733714879842
2.262362377388257
2.262362377388257
2.223219672335508
2.223219672335508
2.2651253054903266
1.789929075309999
1.789929075309999
1.789929075309999
2.5264123282254642
2.1149798205164814
2.1149798205164814
2.223219672335508
2.223219672335508
1.896240625180289
1.896240625180289
1.896240625180289
2.0403733936884962
2.0403733936884962
2.0403733936884962
1.8676338909712125
1.8676338909712125
1.8676338909712125
1.8676338909712125
1.8676338909712125
2.224601752714581
2.224601752714581
2.473851389610045
2.473851389610045
2.473851389610045
2.0814963295286755
2.4404040177209283
2.1739731346044096
2.1739731346044096
2.1739731346044096
2.1739731346044096
2.2417812580773235
1.789929075309999
1.789929075309999
1.789929075309999
2.0403733936884962
2.3942811477133943
2.023219672335508
1.789929075309999
2.075869296697727
1.789929075309999
2.199687794731328
2.1416195253341384
1.9877733714879842
1.7924812503605778
2.251629167387823
2.1280852788913944
2.0458416408851736
1.867633890971212
2.0403733936884962
2.038159681645953
1.9508257945180885
2.013006500506917
1.8810947601100747
2.217021885879718
2.063458298648303
2.0647699120606693
2.2062389286533897
1.8423709931771084
1.8280246203393493
2.709275070710713
2.0403733936884962
1.9211854965885542
2.359879028736861
2.53414684380524
2.3068905956085186
1.6644977792004614
2.2608203181716595
2.146782221599798
2.1556390622295662
1.971747257128181
2.049452072789394
1.9877733714879842
1.584962500721156
1.7924812503605778
2.3316777312148336
2.353533948577482
1.867633890971212
2.223219672335508
2.556656707462823
2.2671178759649178
1.6192460956154928
2.004886164091843
2.0403733936884962
2.25
2.4404040177209283
1.971747257128181
1.8676338909712125
1.9182958340544893
2.1416195253341384
1.981934163634385
2.0403733936884962
2.1887870678023824
2.075869296697727
2.2125038423722683
2.038159681645953
1.7924812503605778
1.9182958340544893
2.4137995646056805
2.3627402784989338
2.0403733936884962
2.0403733936884962
2.396782221599798
2.0403733936884962
2.1644711410623567
1.856564762130954
2.1077566165206125
1.9050464172773456
2.4056390622295662
2.021782221599798
2.0403733936884962
1.7924812503605778
1.9182958340544893
2.292481250360578
1.950212064914747
1.8339272176418302
1.855388542207534
1.7841591278514217
2.199687794731328
2.004886164091843
2.2841591278514217
2.049452072789394
2.217021885879718
2.302683189255492
1.7924812503605778
2.125814583693911
1.789929075309999
2.212503842372268
2.0403733936884962
2.077819531114783
2.646782221599798
1.5566567074628228
2.298680608917954
2.2810361125534238
1.9211854965885542
2.0403733936884962
2.1280852788913944
2.054585169337799
2.359879028736861
1.780672129520887
1.8676338909712125
1.789929075309999
1.8423709931771084
1.9591479170272446
2.007856063692049
1.867633890971212
2.004886164091843
1.971747257128181
2.004886164091843
1.971747257128181
2.0403733936884962
1.9877733714879842
2.1280852788913944
2.2096909728231857
2.0905726024196065
1.9069941609536567
1.9240532626810383
2.287783719941071
2.049452072789394
2.098579861712074
2.0403733936884962
1.9877733714879842
2.472905595320056
1.8423709931771088
2.1920058354921066
2.0403733936884962
2.004886164091843
2.049452072789394
1.9877733714879842
1.9508257945180885
2.0458416408851736
2.038159681645953
2.054585169337799
2.061278124459133
2.0403733936884962
2.146465798504072
2.260820318171659
2.25
1.8676338909712125
2.3432578733442675
2.0545851693377997
1.9764892117991657
2.4056390622295662
2.2892464285091583
1.8810947601100747
2.004886164091843
2.521782221599798
1.8423709931771084
2.6661353810124964
2.1995812306460647
2.1735572622751858
2.0132790219068077
2.239018329975254
2.078491674029184
2.145136370153053
1.867633890971212
2.278351811711312
2.2877837199410704
2.0403733936884962
2.074164743022575
2.292481250360578
2.125814583693911
2.1735572622751853
1.9508257945180885
2.004886164091843
2.0729055953200564
2.125814583693911
2.125814583693911
2.6756981353679867
2.224601752714581
2.125814583693911
2.125814583693911
2.699513850319966
1.914341183612352
1.9182958340544896
1.9852281360342514
2.251629167387823
2.004886164091843
2.217021885879718
2.2841591278514217
1.9473387961875537
2.0349409139562287
2.045841640885174
2.4164997849817103
1.823067982273661
2.292481250360578
2.263809173883546
2.125814583693911
2.3227569588973984
1.8919954870390203
2.292481250360578
2.463458298648303
2.032149669953179
2.125814583693911
1.971747257128181
2.224601752714581
2.004886164091843
1.9182958340544893
1.971747257128181
2.0403733936884962
1.8423709931771086
2.2841591278514217
1.8423709931771084
2.1556390622295662
1.9877733714879842
2.1556390622295662
2.1416195253341384
2.373735909525858
2.0403733936884962
2.1843170282144424
2.221251836004466
2.221251836004466
1.971747257128181
1.7924812503605778
1.8942738697712644
2.0403733936884962
2.44307418942857
1.971747257128181
2.199687794731328
1.9473387961875537
2.1416195253341384
2.291620193427939
2.0403733936884962
2.038159681645953
1.971747257128181
2.4416298737872246
2.2200683022340693
2.038159681645953
1.7924812503605778
2.054585169337799
2.0403733936884962
1.8799649487271108
2.1280852788913944
2.25
2.064042639445697
2.0403733936884962
1.7924812503605778
2.038159681645953
2.2920717524577867
1.971747257128181
2.153291231890481
2.0741647430225756
1.8585552118703144
2.1280852788913944
2.148834854280917
2.51205489055743
1.911407800176258
1.9751060324573733
2.2318858528270784
2.0403733936884962
2.26419489644177
2.1147869792568113
1.9852281360342514
2.1739731346044096
2.0403733936884962
2.129567987418323
2.1179631753145163
2.140361163698485
2.125814583693911
1.8423709931771088
2.004886164091843
1.9523612813926658
2.6062389286533896
2.0403733936884962
2.25
1.9211854965885544
1.7924812503605778
2.1280852788913944
1.867633890971212
1.9508257945180885
1.8553885422075338
2.039353872167201
1.971747257128181
1.867633890971212
2.205109900073869
2.0989295636909353
2.0225797618424917
2.038159681645953
2.004886164091843
2.005977711423774
2.3220847276178658
2.004886164091843
2.004886164091843
2.140606459901073
2.1416195253341384
2.091314688649721
1.9803464138951992
2.3627402784989338
2.199687794731328
2.225605199016944
2.049452072789394
2.349601752714581
1.9182958340544893
2.5580510765444573
1.4488156357251847
1.9591479170272446
1.8423709931771086
2.0202442071537563
1.7088965464812742
2.5306390622295662
2.0202442071537563
2.251629167387823
1.8423709931771084
2.1735572622751853
2.1887870678023824
2.4816841198433215
1.867633890971212
2.004886164091843
1.9016094970590274
2.005977711423774
1.9508257945180885
2.063202513215852
2.1916116417513782
1.823067982273661
2.004886164091843
2.054585169337799
2.289246428509158
2.3050365325772657
2.5559130951758244
1.9508257945180885
1.7295739585136223
2.049452072789394
2.6015152803175132
2.3232196723355076
2.217021885879718
1.867633890971212
1.867633890971212
1.867633890971212
1.867633890971212
1.867633890971212
1.867633890971212
1.867633890971212
1.867633890971212
1.867633890971212
2.1556390622295662
2.004886164091843
2.004886164091843
2.5580510765444573
1.971747257128181
1.7924812503605778
1.9182958340544893
2.1258145836939115
2.004886164091843
2.353533948577482
2.4225797618424916
1.6644977792004614
1.9852281360342514
2.5226203095310216
2.004886164091843
2.0403733936884962
2.0729055953200564
1.8423709931771084
2.054585169337799
2.5113000363341147
1.789929075309999
2.1842612638641032
2.064042639445697
1.8799649487271108
2.0048861640918427
2.004886164091843
2.004886164091843
1.8423709931771088
1.971747257128181
2.270942421748537
2.33012496531497
2.1920058354921066
2.0403733936884962
2.278351811711312
2.1280852788913944
1.7924812503605778
1.75
2.5559130951758244
1.896240625180289
2.375
2.0403733936884962
1.971747257128181
2.1887870678023824
2.1209520310264027
2.125814583693911
2.054585169337799
2.263809173883546
1.896240625180289
2.2841591278514217
1.9508257945180885
2.4137995646056805
2.279799131837405
2.063202513215852
2.3185590332354526
1.9405473800550372
1.969389419529156
2.279799131837405
2.267799388332599
2.0403733936884962
1.9508257945180885
2.0403733936884962
1.789929075309999
2.292481250360578
2.0403733936884962
1.867633890971212
2.1055872616982603
1.867633890971212
2.0741647430225756
1.8262452584026092
2.1179631753145163
2.095241917363884
2.3942811477133943
2.4225797618424916
1.7924812503605778
2.0403733936884962
2.424835634986198
2.2192407046368485
2.3227569588973984
2.2065442182128785
2.004886164091843
1.8810947601100747
2.0403733936884962
2.0909899670084697
1.7924812503605778
2.0403733936884962
2.358938532350277
2.1280852788913944
2.0403733936884962
2.1174924611847548
2.403677461028802
2.606238928653389
1.9480891040637451
2.125814583693911
2.0403733936884962
2.040223928941852
1.9301249653149701
2.1920058354921066
2.2892464285091583
1.8776205033895346
2.075869296697727
1.75
1.8339272176418302
2.1446315111709855
2.224601752714581
2.0403733936884962
1.7527152789797045
2.3395722619867225
1.971747257128181
2.2608203181716595
1.867633890971212
1.896240625180289
1.7924812503605778
2.208196592277087
2.0
2.1764828390156583
2.0403733936884962
2.223219672335508
2.209803836757782
2.473851389610045
2.192005835492107
1.9591479170272446
2.040223928941852
2.4137995646056796
1.8676338909712125
2.292481250360578
1.7758589482446405
2.0403733936884962
2.064042639445697
2.353533948577482
2.440404017720928
1.971747257128181
2.128085278891394
2.1179631753145163
2.0403733936884962
2.224601752714581
2.2841591278514217
2.469670487371862
2.470051040248247
2.260820318171659
2.054585169337799
2.2275343340059806
1.8250112108241772
2.0403733936884962
2.1280852788913944
2.396240625180289
2.2698157169987727
2.0202442071537563
2.0419460322060456
2.0403733936884962
2.1179631753145163
1.867633890971212
2.1280852788913944
2.4634582986483036
2.0048861640918427
1.8676338909712125
1.9762822787735768
2.1556390622295662
1.971747257128181
2.1169733322626128
2.4543737894261937
2.0349409139562287
1.8676338909712125
2.1280852788913944
1.971747257128181
2.146782221599798
2.038159681645953
2.0582406829998265
1.6577427265048887
2.522620309531022
2.0403733936884962
1.9203871097762555
2.3050365325772657
2.049452072789394
2.125814583693911
1.971747257128181
2.4404040177209283
2.0403733936884962
1.789929075309999
2.0458416408851736
2.0403733936884962
2.234201009820717
1.9591479170272446
1.789929075309999
2.004886164091843
1.971747257128181
2.3301249653149703
2.653107168362811
2.251629167387823
2.004886164091843
1.9508257945180885
2.1920058354921066
2.054585169337799
2.1803373810675706
2.1179631753145163
2.926246548376993
2.606238928653389
1.7709505944546688
1.9182958340544893
2.049452072789394
1.7295739585136223
2.225610814520738
2.0403733936884962
1.971747257128181
2.311278124459133
2.058813890331201
1.9591479170272446
2.4164997849817107
2.038159681645953
2.0403733936884962
2.116299605701696
2.0403733936884962
2.049452072789394
2.10558726169826
2.054585169337799
1.9182958340544893
2.1623687835735015
2.004886164091843
2.0300872246321315
2.254195650150781
1.8810947601100747
2.0403733936884962
2.368626181738004
1.823067982273661
1.8423709931771084
2.0403733936884962
1.7924812503605778
1.867633890971212
1.854285871987246
2.049452072789394
1.9877733714879842
2.1967916319816365
2.292481250360578
1.7924812503605778
2.1280852788913944
2.2841591278514217
2.0349409139562287
1.8676338909712125
2.292071752457787
2.292071752457787
1.8423709931771084
1.789929075309999
2.0403733936884962
2.078491674029184
2.199687794731328
1.971747257128181
1.896240625180289
2.0403733936884962
1.7924812503605778
1.9056390622295665
2.2389205950315936
1.9508257945180885
1.971747257128181
1.9877733714879842
2.0403733936884962
1.971747257128181
2.0662478973127314
2.049452072789394
2.5917932260774954
2.1739731346044096
1.8676338909712125
2.148834854280917
2.004886164091843
2.004886164091843
1.8810947601100747
2.1295679874183233
2.4634582986483036
2.1920058354921066
2.004886164091843
2.4374058114255175
1.8423709931771084
2.0403733936884962
2.197159723424149
2.054585169337799
2.1920058354921066
1.971747257128181
1.7924812503605778
2.217021885879718
2.223219672335508
1.9508257945180885
2.3609640474436815
1.896240625180289
2.2037016960573483
2.004886164091843
2.0989295636909353
1.823067982273661
2.005977711423774
2.004886164091843
1.983084164143437
2.2485731395538666
1.8262452584026092
1.823067982273661
1.965596230357602
2.004886164091843
2.0843054156510905
2.148834854280917
1.9508257945180885
1.867633890971212
2.145136370153053
2.216521698179525
2.148834854280917
1.9508257945180885
2.2627834289765825
2.004886164091843
2.1800365325772657
2.004886164091843
1.870253816431622
2.0989295636909353
2.3050365325772657
1.9523612813926658
2.0403733936884962
1.9242014772901643
2.2322628970242686
2.353533948577482
2.271782221599798
2.1405180562767114
2.1339375660949167
2.049452072789394
2.125814583693911
1.965596230357602
2.292481250360578
2.10845859334435
2.5
2.0403733936884962
2.492347928433511
2.146782221599798
2.1920058354921066
2.1148051443393325
2.1633347891038204
2.0403733936884962
2.25
2.1556390622295662
2.1492553971684996
2.2359263506290326
1.9508257945180885
2.403677461028802
1.971747257128181
1.7295739585136223
2.004886164091843
2.084962500721156
2.1280852788913944
2.1280852788913944
2.646782221599798
2.054585169337799
2.1280852788913944
2.054585169337799
2.1887870678023824
2.568084324344715
1.823067982273661
1.9970046132506345
2.004886164091843
2.332914563979398
2.2664315444816965
1.7924812503605778
2.1416195253341384
1.9182958340544896
2.049452072789394
2.217021885879718
2.0216148719112956
1.7924812503605778
2.349601752714581
2.7395722619867224
1.823067982273661
2.2479275134435857
1.9751060324573733
1.971747257128181
2.004886164091843
1.811278124459133
1.971747257128181
2.1174924611847548
2.125
2.2841591278514217
2.049452072789394
1.5566567074628228
2.2877837199410704
1.9182958340544893
2.049452072789394
2.3627402784989338
1.8423709931771086
2.488627305597431
2.1490260993959143
2.004886164091843
1.6644977792004614
2.260820318171659
2.0403733936884962
1.8423709931771084
1.8799649487271108
2.125814583693911
2.2062389286533897
2.219240704636849
2.217021885879718
1.8919954870390203
2.4189370883802
2.2256051990169436
2.1047412314783913
2.353533948577482
2.606318373407876
2.221251836004466
1.9877733714879842
2.221251836004466
1.8879185026711327
2.0403733936884962
2.2892464285091583
1.4591479170272448
2.1280852788913944
2.1967916319816365
2.004886164091843
1.7924812503605778
2.163865121950854
2.0178248580034244
2.125814583693911
1.7956828983511024
1.8585552118703144
2.343257873344267
1.6644977792004614
1.971747257128181
1.9056390622295665
1.8676338909712125
1.971747257128181
1.896240625180289
2.5306390622295662
2.21577067413792
2.2841591278514217
2.5073801024236357
2.0403733936884962
1.9182958340544893
2.221251836004466
1.971747257128181
2.251629167387823
1.9311187687034965
2.2608203181716595
2.278351811711312
2.75286274428892
2.1967916319816365
1.8676338909712125
2.049452072789394
2.0403733936884962
2.202819531114783
2.225605199016944
2.054585169337799
2.1280852788913944
2.1148051443393325
1.8423709931771084
2.4387439204017474
2.440404017720928
2.221251836004466
2.1690354219421173
2.221251836004466
1.971747257128181
2.049452072789394
2.2062389286533897
2.004886164091843
2.049452072789394
2.4137995646056805
1.7924812503605778
1.8230264907128848
2.245869617795809
2.061278124459133
2.469670487371862
1.8423709931771084
2.1481019917176103
2.1280852788913944
2.217021885879718
1.9669171866886992
1.8676338909712125
2.2125038423722683
2.0403733936884962
2.1209520310264036
1.789929075309999
2.0403733936884962
1.789929075309999
1.789929075309999
1.8676338909712125
2.054585169337799
2.292481250360578
1.9852281360342514
2.075869296697727
2.004886164091843
1.9182958340544896
2.460964047443681
2.146782221599798
2.004886164091843
1.789929075309999
2.2493330297022314
1.792376622970445
1.4445310119783419
2.349601752714581
2.2627834289765825
1.823067982273661
1.8585552118703144
1.9657706741379202
2.146465798504072
2.2492870686521593
2.0403733936884962
2.0550365325772657
1.8464393446710154
2.0403733936884962
1.9508257945180885
2.1800365325772657
2.0403733936884962
1.971747257128181
1.971747257128181
2.221251836004466
1.896240625180289
1.9528195311147831
2.4164997849817107
2.1735572622751853
2.292481250360578
2.2051099000738694
2.1339375660949167
2.1179631753145163
1.8423709931771084
2.125814583693911
2.646782221599798
2.251629167387823
2.4137995646056805
2.5556869591509246
2.038159681645953
1.9508257945180885
2.292481250360578
2.0403733936884962
2.049452072789394
2.217021885879718
2.0874628412503395
2.2684727516311214
2.0403733936884962
2.221251836004466
2.077819531114783
1.9986525468781666
2.1280852788913944
2.038159681645953
1.9182958340544896
2.343767422366671
1.971747257128181
2.2841591278514217
2.049452072789394
1.5566567074628228
1.9182958340544893
1.8676338909712125
2.271782221599798
1.811278124459133
2.0403733936884962
2.0403733936884962
2.0403733936884962
1.867633890971212
1.823067982273661
1.9508257945180885
2.0403733936884962
2.5560542104133326
1.947338796187554
2.251629167387823
1.7924812503605778
2.0403733936884962
1.8799649487271108
2.038159681645953
2.556656707462823
1.789929075309999
2.005977711423774
1.971747257128181
1.914341183612352
2.0403733936884962
1.823067982273661
2.217021885879718
2.1884930703645584
1.8799649487271108
1.9473387961875537
2.0403733936884962
2.359879028736861
2.0403733936884962
1.8250112108241772
1.971747257128181
1.8810947601100747
2.004886164091843
1.7924812503605778
2.0532635745669556
1.971747257128181
2.2737288290053255
2.0403733936884962
2.278351811711312
2.077819531114783
2.049452072789394
2.183754831923921
1.7924812503605778
2.004886164091843
1.971747257128181
2.3846883062239135
2.0294069451656007
2.049452072789394
2.074164743022575
2.2544475789720946
1.4591479170272448
2.1280852788913944
2.1280852788913944
1.8676338909712125
1.4591479170272448
2.1632095937363847
1.9591479170272446
2.263809173883546
2.3395722619867225
2.049452072789394
2.049452072789394
2.004886164091843
1.867633890971212
2.353533948577482
2.2841591278514217
2.128085278891394
2.1280852788913944
1.789929075309999
2.1416195253341384
1.561278124459133
1.8585552118703144
1.642451587879031
2.3082708345352603
2.0403733936884962
2.054585169337799
1.789929075309999
1.9591479170272446
2.0
1.9852281360342512
2.0979931624271395
1.983084164143437
2.185545171166629
2.0979931624271395
1.823067982273661
2.004886164091843
2.004886164091843
2.1054105870684143
2.2627834289765825
2.217021885879718
2.262692390839622
1.971747257128181
2.217021885879718
1.6989350663300533
2.251629167387823
1.9008634271278526
1.8353362134321414
2.23345859334435
2.040223928941852
2.514903100918034
2.1887870678023824
2.125814583693911
2.199687794731328
2.1405180562767114
1.7924812503605778
2.054585169337799
1.9211854965885542
2.1416195253341384
2.1920058354921066
2.004886164091843
2.0403733936884962
2.004886164091843
2.5306390622295662
2.0
2.004886164091843
2.3232196723355076
2.0403733936884962
2.3627402784989338
2.221251836004466
2.6026051487677933
2.4996981431844145
2.359879028736861
2.358938532350277
2.181899057917561
2.5
2.0524212838293647
2.019973094021975
2.463458298648303
2.0403733936884962
1.8676338909712125
1.4591479170272448
2.0403733936884962
2.5032583347756456
1.8423709931771088
2.1280852788913944
2.278351811711312
2.0403733936884962
2.221251836004466
1.8423709931771086
2.3432578733442675
1.971747257128181
1.971747257128181
2.199687794731328
1.7924812503605778
1.9591479170272446
2.287783719941071
1.8553885422075338
2.004886164091843
2.2892464285091583
2.341446071165522
2.3991303913908
1.8423709931771084
2.125814583693911
2.2841591278514217
1.896240625180289
2.411509198419911
1.971747257128181
2.251629167387823
2.289246428509158
2.1369821383263137
1.789929075309999
1.971747257128181
1.867633890971212
1.9591479170272446
2.0403733936884962
2.064042639445697
2.239097917988786
2.0403733936884962
2.072905595320056
2.353533948577482
2.225605199016944
1.8676338909712125
2.2841591278514217
2.1280852788913944
2.221251836004466
2.251614471810182
2.0403733936884962
1.9258573587500603
2.2109736165067546
2.054585169337799
2.199687794731328
2.004886164091843
2.074164743022575
1.8676338909712125
1.836591668108979
2.004886164091843
2.199687794731328
1.823067982273661
2.0403733936884962
2.054585169337799
1.8810947601100747
1.8250112108241772
2.1887870678023824
2.2569089895583545
2.0825518169307426
2.219240704636849
2.0202442071537563
2.54277146296551
2.5496128717735016
2.186278124459133
2.0403733936884962
1.8423709931771084
2.049452072789394
2.8006081122623816
2.120952031026403
1.924174352300441
2.2841591278514217
2.0403733936884962
2.049452072789394
1.9268680175017443
1.8676338909712125
1.8676338909712125
2.278351811711312
1.971747257128181
2.004886164091843
1.7924812503605778
2.221251836004466
2.004886164091843
2.1040437177782714
1.823067982273661
1.9591479170272446
2.6486037302133707
1.789929075309999
2.125814583693911
2.2841591278514217
2.049452072789394
2.004886164091843
2.1258145836939115
2.004886164091843
1.7609640474436812
2.4609049321677965
1.9591479170272446
2.146782221599798
1.7924812503605778
2.049452072789394
2.30827083453526
1.7924812503605778
1.971747257128181
2.1800365325772657
2.33012496531497
2.133937566094917
2.453959951196736
1.9814963295286754
2.4137995646056805
2.0403733936884962
1.8553885422075338
2.358938532350277
1.9911197773146976
1.789929075309999
2.327632809290636
2.1916116417513782
1.789929075309999
2.1280852788913944
2.084962500721156
2.1280852788913944
1.9591479170272446
2.0403733936884962
2.091917186688699
2.049452072789394
2.004886164091843
2.3942811477133943
1.971747257128181
1.8810947601100747
2.257606878811597
1.8676338909712125
1.8423709931771084
1.8423709931771084
2.004886164091843
2.004886164091843
2.004886164091843
2.004886164091843
2.0403733936884962
1.971747257128181
2.004886164091843
2.278351811711312
2.1416195253341384
2.054585169337799
2.004886164091843
1.971747257128181
2.260820318171659
2.1887870678023824
2.2810361125534233
2.2485731395538666
2.022579761842491
1.8863082816921721
2.2890179898186576
1.8676338909712125
1.7924812503605778
2.2479275134435857
2.221251836004466
2.125814583693911
2.25
2.0989295636909353
2.038159681645953
2.0403733936884962
2.4729055953200563
2.1040437177782714
1.9502120649147467
1.9591479170272446
2.0403733936884962
2.1920058354921066
2.224601752714581
1.8250112108241772
2.0403733936884962
2.1735572622751853
2.2877837199410704
2.153291231890481
2.054585169337799
1.9591479170272446
2.0403733936884962
2.353533948577482
2.1556390622295662
2.2492870686521593
2.219240704636849
2.4662478973127313
2.270942421748537
2.271782221599798
1.971747257128181
2.699513850319966
2.0403733936884962
1.8352377453121174
1.971747257128181
1.780672129520887
2.396782221599798
2.8440319350530703
2.049452072789394
2.1920058354921066
1.9182958340544893
2.33012496531497
2.33012496531497
2.469670487371862
1.867633890971212
1.8585552118703144
1.971747257128181
2.3609640474436815
2.148834854280917
1.789929075309999
1.867633890971212
2.0403733936884962
2.0403733936884962
2.235702385497308
2.4313076001654323
1.789929075309999
1.8879185026711327
2.1690354219421173
1.75
2.3959988705348416
1.8585552118703144
2.215695143751562
1.760495029766198
2.0
1.971747257128181
2.1343743049701436
1.971747257128181
2.1800365325772657
1.971747257128181
2.292481250360578
2.2783518117113117
2.466247897312731
2.061423239400896
1.867633890971212
2.0403733936884962
2.440404017720928
1.993735554322964
2.0403733936884962
2.004886164091843
1.9751060324573733
2.2544475789720946
2.004886164091843
1.780672129520887
2.058813890331201
2.0403733936884962
2.4609049321677965
2.353533948577482
2.049452072789394
1.9751060324573735
2.1739731346044096
2.0403733936884962
2.0402239289418524
2.0524212838293647
2.2877837199410704
2.021782221599798
2.0403733936884962
1.9211854965885542
2.1920058354921066
2.1462818331309386
2.1426902794604756
2.299849000253966
2.049452072789394
2.049452072789394
2.049452072789394
2.1920058354921066
2.437065831519022
2.0078560636920493
2.2885986402171965
1.7924812503605778
2.2943242603516207
2.380430487800112
1.8585552118703144
2.1416195253341384
2.199687794731328
2.1607047528877827
2.1887870678023824
1.971747257128181
1.7924812503605778
2.556656707462823
2.054585169337799
2.4137995646056805
1.788215812371376
2.251629167387823
1.971747257128181
2.0403733936884962
2.1464657985040723
2.0403733936884962
2.004886164091843
2.004886164091843
2.054585169337799
1.8810947601100747
1.971747257128181
1.8810947601100747
2.585827939143041
2.3050365325772657
1.7924812503605778
2.0805576533947314
2.189238255803027
1.971747257128181
1.971747257128181
1.971747257128181
2.0349409139562287
2.049452072789394
2.263809173883546
2.0403733936884962
1.971747257128181
2.123219672335508
2.4056390622295662
1.4926482637085996
2.353533948577482
2.1920058354921066
2.0708097626670687
2.1179631753145163
2.3921472236645345
2.077819531114783
2.270942421748537
2.074164743022575
1.950212064914747
2.25
2.0294069451656007
2.063458298648303
2.32130288176529
2.1280852788913944
2.0048861640918427
2.1824562508413488
2.0403733936884962
2.216521698179525
1.9182958340544893
2.4137995646056805
1.9877733714879842
2.1920058354921066
1.9182958340544893
2.4137995646056805
1.9877733714879842
1.8676338909712125
2.353533948577482
1.9211854965885542
2.004886164091843
2.3942811477133943
1.971747257128181
2.128085278891394
2.128085278891394
2.273728829005326
2.294519908254462
2.0403733936884962
2.0403733936884962
2.353190671338322
2.125814583693911
2.219240704636849
2.2856005389623077
2.1339375660949167
2.2841591278514217
2.054585169337799
2.1280852788913944
2.251629167387823
1.8676338909712125
1.8250112108241772
2.1047412314783913
2.1416195253341384
2.0403733936884962
2.1556390622295662
1.971747257128181
2.2856005389623077
1.971747257128181
2.315824333525708
1.8423709931771084
2.263809173883546
1.9591479170272446
2.418722908066561
2.2611323036281186
1.7783283537314114
1.9804820237218406
1.9393538721672008
2.0403733936884962
2.1054105870684143
1.8828560636920488
1.9182084341546168
1.9746017527145814
2.049452072789394
2.145136370153053
2.0579243108310066
1.867633890971212
2.0403733936884962
2.0300872246321315
1.8892464285091581
1.9591479170272446
2.3432578733442675
2.049452072789394
1.8149798205164813
2.235248568840971
2.3227569588973984
2.395998870534841
1.7924812503605778
1.8676338909712125
2.064042639445697
1.854285871987246
2.049452072789394
2.270942421748537
1.971747257128181
1.823067982273661
2.1174924611847548
1.7382689280764647
2.127986806877675
2.251629167387823
2.251629167387823
2.251629167387823
2.251629167387823
2.2841591278514217
2.0349409139562287
1.8676338909712125
2.381937063546704
1.8423709931771086
2.199687794731328
2.0989295636909353
2.148834854280917
2.1416195253341384
1.8828560636920488
2.1174924611847548
2.0403733936884962
2.054585169337799
2.0989295636909353
2.0403733936884962
2.063458298648303
1.8423709931771084
2.53414684380524
2.0349409139562287
1.823067982273661
2.199687794731328
2.5306390622295662
2.1920058354921066
2.1174924611847548
1.971747257128181
1.9182958340544893
1.867633890971212
2.2062389286533897
1.971747257128181
2.271782221599798
2.1735572622751853
1.7295739585136223
2.221251836004466
2.049452072789394
2.0403733936884962
2.0403733936884962
1.971747257128181
2.1806389582936596
2.695774998782763
2.0403733936884962
1.8676338909712125
2.292481250360578
1.823067982273661
1.75
2.0403733936884962
1.7924812503605778
2.4975561886950164
2.3395722619867225
1.968873874720721
2.064042639445697
2.125814583693911
1.8423709931771084
2.463458298648303
1.867633890971212
2.038159681645953
2.004886164091843
2.292481250360578
2.6084585933443494
2.390863696857044
1.823067982273661
2.0403733936884962
2.049452072789394
2.278351811711312
2.353533948577482
1.75
2.360964047443681
2.3627402784989338
1.914341183612352
2.049452072789394
2.2062389286533897
2.3050365325772657
2.6064387468633066
1.8262452584026092
2.0403733936884962
2.0
2.197159723424149
2.058813890331201
1.8676338909712125
2.0403733936884962
1.823067982273661
1.971747257128181
2.0403733936884962
1.6644977792004614
1.971747257128181
2.0403733936884962
2.004886164091843
2.2841591278514217
1.971747257128181
1.4591479170272448
1.9604047768631525
1.971747257128181
1.5487949406953985
1.7924812503605778
1.7924812503605778
2.788470726210743
1.4591479170272446
2.004886164091843
2.0403733936884962
2.5061440668531976
1.867633890971212
1.9591479170272446
1.8676338909712125
2.278351811711312
2.206238928653389
2.2608203181716595
2.4244984515601633
2.0403733936884962
2.5546831510507397
2.1179631753145163
1.780672129520887
1.823067982273661
2.30827083453526
2.224601752714581
2.0748560725266025
2.004886164091843
2.0403733936884962
2.072905595320056
2.0458416408851736
2.0458416408851736
2.5967916319816364
2.049452072789394
1.8565647621309542
2.395998870534841
2.049452072789394
2.219240704636849
2.049452072789394
2.251629167387823
1.760495029766198
1.9858736285640903
2.1280852788913944
2.263809173883546
2.2856005389623077
1.971747257128181
2.263809173883546
1.9182958340544896
2.146465798504072
2.0458416408851736
2.0458416408851736
2.0458416408851736
2.0458416408851736
2.251629167387823
1.9508257945180885
1.9877733714879842
2.473851389610045
2.058813890331201
2.390863696857044
1.7924812503605778
1.7924812503605778
1.9182958340544893
2.4137995646056805
1.9877733714879842
2.0403733936884962
2.004886164091843
2.0403733936884962
2.224601752714581
2.524397470347699
2.0403733936884962
2.221251836004466
1.8676338909712125
1.8931558784658322
2.2516291673878226
2.0403733936884962
2.0
1.7924812503605778
1.789929075309999
2.1607047528877827
2.2890179898186576
2.565957320949175
1.8423709931771086
1.6884964353861809
2.1280852788913944
1.471602261409798
1.971747257128181
1.9870732466744592
2.12359611806899
1.9211854965885542
2.2149798205164815
2.0580531366523855
1.9197367178034825
1.9591479170272446
2.217021885879718
2.0671306883354066
1.8250112108241772
2.004886164091843
1.9123508077539728
2.2492870686521593
1.9591479170272446
2.216917186688699
1.4591479170272448
0.09694460606247315
2.054585169337799
1.8423709931771084
1.867633890971212
2.0403733936884962
2.375
1.9182958340544893
2.054585169337799
2.353533948577482
1.971747257128181
1.9160563421790617
2.353533948577482
2.292481250360578
2.049452072789394
1.780672129520887
2.1280852788913944
2.133937566094917
2.084962500721156
2.217021885879718
2.289246428509158
2.0403733936884962
1.7924812503605778
2.292481250360578
2.004886164091843
2.292481250360578
2.125814583693911
2.0403733936884962
2.1174924611847548
2.038159681645953
1.7841591278514217
2.125814583693911
2.1920058354921066
2.040223928941852
2.771782221599798
2.221251836004466
1.9877733714879842
1.9591479170272446
2.054585169337799
2.5073801024236357
2.463458298648303
2.3134597501718237
2.208196592277087
2.473851389610045
2.2051099000738694
2.202819531114783
2.4305946180235427
1.7924812503605778
1.867633890971212
1.789929075309999
2.004886164091843
2.0435519398003286
1.9211854965885542
2.004886164091843
1.6644977792004614
2.339572261986723
2.067031495157584
1.9301249653149701
2.146782221599798
1.8676338909712125
2.2200683022340693
1.9591479170272446
2.0403733936884962
1.8676338909712125
2.0874628412503395
1.971747257128181
2.222191575506678
1.8423709931771084
2.1812056673346514
1.8262452584026092
2.521782221599798
2.1920058354921066
2.074164743022575
1.789929075309999
2.084962500721156
1.851226815897192
1.896240625180289
2.0403733936884962
2.0202442071537563
2.054585169337799
1.9591479170272446
2.0403733936884962
1.971747257128181
1.8423709931771084
2.084962500721156
2.1280852788913944
2.125814583693911
2.331164445867128
1.6644977792004614
2.1887870678023824
1.823067982273661
1.9182958340544893
1.823067982273661
2.2877837199410704
1.855388542207534
2.292244031108031
2.6556390622295662
2.049452072789394
2.049452072789394
2.1920058354921066
1.789929075309999
2.289246428509158
2.040223928941852
2.4856936124307722
1.9693894195291561
2.0403733936884962
2.125814583693911
2.0670314951575843
1.8676338909712125
2.004886164091843
2.1464657985040723
1.7841591278514217
2.5525842461721626
1.9508257945180885
2.221251836004466
2.049452072789394
2.206238928653389
2.4056390622295662
2.038159681645953
1.9211854965885542
1.971747257128181
1.8585552118703144
2.202819531114783
2.1280852788913944
2.25
2.040223928941852
2.199687794731328
2.0403733936884962
2.0403733936884962
2.2856005389623073
2.4613201402110083
1.867633890971212
2.1416195253341384
2.319240704636849
1.971747257128181
2.219973094021975
2.350209029099897
2.049452072789394
1.9321560761384233
2.260820318171659
1.8423709931771084
2.279799131837405
1.971747257128181
2.0403733936884962
1.971747257128181
2.3068905956085186
2.0403733936884962
2.422579761842491
2.054585169337799
2.049452072789394
2.0874628412503395
2.566689088315021
2.221251836004466
1.9508257945180885
2.004886164091843
2.0306721295208874
2.2188548967005404
2.0192365361682794
2.2890179898186576
1.971747257128181
1.8810947601100747
2.372094637795624
2.2062389286533897
2.292481250360578
2.0403733936884962
2.4137995646056805
1.823067982273661
2.271864977068641
2.1609640474436813
1.940593624176297
2.339572261986723
2.0985798617120746
2.098579861712074
2.2359263506290326
2.1135719947282983
1.796217602590056
2.0403733936884962
2.6612087979789942
2.221251836004466
2.3306131281348943
2.4164997849817107
1.789929075309999
2.3395722619867225
2.1280852788913944
1.9182958340544893
2.291620193427939
2.129567987418323
2.128085278891394
2.5916885408091463
1.8423709931771084
1.7924812503605778
2.217021885879718
2.1280852788913944
1.971747257128181
1.9473387961875537
1.9508257945180885
1.971747257128181
2.0403733936884962
2.049452072789394
2.328599539040249
1.789929075309999
2.3921472236645345
2.1179631753145163
2.5
2.0403733936884962
2.4137995646056805
1.871602261409798
2.521782221599798
2.2324535637992393
1.971747257128181
2.0403733936884962
2.004886164091843
2.5559130951758244
2.021782221599798
2.5126624630322776
2.521782221599798
2.148834854280917
2.075869296697727
2.0403733936884962
2.1040437177782714
2.1814963295286756
2.0216148719112956
2.3959988705348416
1.823067982273661
2.260820318171659
2.469670487371862
1.8553885422075338
2.0403733936884962
1.971747257128181
1.811278124459133
2.199687794731328
2.054585169337799
2.321653448713806
2.6393535955425893
2.2841591278514217
2.472905595320056
1.9898980954642875
1.9182958340544893
2.2544475789720946
2.472905595320056
2.3232196723355076
2.292481250360578
2.0403733936884962
1.991076059838222
2.199687794731328
1.7924812503605778
2.049452072789394
1.789929075309999
1.8423709931771086
2.1258145836939115
2.1054105870684143
1.75
2.212503842372268
2.0176503615477754
2.384183719779189
2.224601752714581
2.463458298648303
2.292481250360578
1.6858157091530304
2.1055872616982603
1.971747257128181
1.7851030179970335
2.359879028736861
2.646782221599798
2.2516144718101816
1.9766480916739717
1.9860462325725075
1.8250112108241772
2.0403733936884962
1.9591479170272446
2.125814583693911
2.292481250360578
2.004886164091843
2.217021885879718
1.75
2.251629167387823
1.9329145639793979
2.390863696857044
1.7924812503605778
2.5073801024236357
2.0403733936884962
2.128085278891394
2.011920928594794
2.0403733936884962
2.049452072789394
1.789929075309999
1.5566567074628228
1.9182958340544896
2.049452072789394
2.1739731346044096
2.1416195253341384
2.5073801024236357
1.9508257945180885
2.216521698179525
1.8830741894285696
2.292481250360578
1.971747257128181
1.941645521915528
2.440404017720928
2.0403733936884962
1.867633890971212
2.0403733936884962
2.004886164091843
1.9182958340544896
1.8423709931771084
2.1280852788913944
1.971747257128181
1.971747257128181
2.292481250360578
2.349601752714581
2.206238928653389
2.0349409139562287
2.145136370153053
1.9591479170272446
2.2200683022340693
2.3765666934045457
2.3227569588973984
2.0403733936884962
2.107735252622104
1.75
2.219240704636849
2.074164743022575
2.084962500721156
1.7924812503605778
1.971747257128181
2.049452072789394
2.0403733936884962
1.8676338909712125
2.4056390622295662
1.971747257128181
2.396782221599798
2.0403733936884962
2.1920058354921066
2.358938532350277
1.4591479170272448
2.0403733936884962
1.896240625180289
1.971747257128181
1.7924812503605778
1.8676338909712125
2.064042639445697
1.9591479170272446
1.789929075309999
2.33012496531497
2.260820318171659
2.146782221599798
1.9591479170272446
2.072905595320056
2.125814583693911
2.1280852788913944
2.4164997849817107
2.1416195253341384
1.811278124459133
2.206238928653389
2.049452072789394
2.1295679874183233
2.292481250360578
2.0403733936884962
2.4137995646056805
2.332914563979398
2.049452072789394
2.33012496531497
2.251629167387823
2.160762106246821
1.9182958340544893
1.867633890971212
1.950212064914747
1.971747257128181
2.2860909386595045
2.3908636968570445
2.353533948577482
2.2717374334224663
2.022579761842491
1.9473387961875537
2.4751060324573735
1.8333208226910547
2.2892464285091583
1.971747257128181
2.049452072789394
2.0403733936884962
1.823067982273661
1.9591479170272446
2.406666316740689
2.521782221599798
2.139721832409614
1.8676338909712125
2.2389205950315936
2.1623687835735015
1.971747257128181
2.1280852788913944
2.054585169337799
2.1690354219421173
2.292481250360578
1.8843135277997989
1.9508257945180885
2.221251836004466
2.440404017720928
2.1294320362548183
2.049452072789394
1.962806631693174
2.343257873344267
2.0403733936884962
1.9068905956085187
2.292481250360578
2.39207883297832
2.406666316740689
2.125814583693911
1.5487949406953985
1.8423709931771084
2.8016094970590273
2.078491674029184
1.9877733714879842
2.1999793267164867
2.1280852788913944
2.7395722619867224
2.004886164091843
2.084962500721156
1.9149798205164812
2.1464657985040723
1.971747257128181
2.3627402784989338
2.3301249653149703
1.8879185026711327
2.125814583693911
2.1739731346044096
2.353533948577482
2.563716987127796
1.971747257128181
2.0403733936884962
1.7924812503605778
2.0758692966977272
1.896240625180289
1.867633890971212
2.1440239107574226
1.9220231428515733
2.077819531114783
2.1416195253341384
2.219240704636849
2.0300872246321315
2.1684656711105887
1.9942994759573032
2.004886164091843
2.053263574566956
1.9288222235042773
2.271782221599798
2.148834854280917
1.823067982273661
2.004886164091843
2.004886164091843
2.0403733936884962
1.823067982273661
2.1393538721672005
2.145136370153053
2.0
1.9508257945180885
2.038159681645953
2.1739731346044096
2.350209029099897
2.353533948577482
2.353533948577482
2.1280852788913944
2.1054105870684143
2.0403733936884962
2.004886164091843
2.3227569588973984
2.4164997849817107
1.971747257128181
2.5943609377704338
2.1464657985040723
2.221251836004466
2.119240704636849
2.063202513215852
2.2924812503605785
2.0403733936884962
1.8676338909712125
1.9852281360342514
2.349601752714581
2.148834854280917
2.6092676371396206
2.1766352793034835
2.406666316740689
2.4639836859820354
2.0403733936884962
2.358938532350277
2.064042639445697
2.1800365325772657
2.1920058354921066
2.004886164091843
2.251629167387823
2.049452072789394
1.9473387961875537
2.2841591278514217
1.971747257128181
2.049452072789394
2.102187170949333
2.049452072789394
2.127986806877675
1.971747257128181
1.823067982273661
1.9182958340544896
2.245869617795809
2.1887870678023824
2.5580510765444577
1.9591479170272446
2.125814583693911
1.584962500721156
1.867633890971212
2.125814583693911
2.5566567074628237
1.7779849042597489
1.7924812503605778
2.2516291673878226
1.867633890971212
2.1556390622295662
1.9508257945180885
2.2841591278514217
1.971747257128181
1.8339272176418302
2.292481250360578
2.0403733936884962
2.004886164091843
2.125814583693911
1.9591479170272446
1.971747257128181
2.0566416671474372
2.358938532350277
2.4729055953200563
2.1800365325772657
2.0403733936884962
2.0403733936884962
2.6950948917019524
2.3032256858860416
2.0
2.049452072789394
2.049452072789394
2.1034146395593134
1.8676338909712125
2.221251836004466
1.9591479170272446
1.9528195311147831
2.556656707462823
2.2810361125534233
2.0922718656836103
2.472905595320056
1.867633890971212
2.040223928941852
2.390863696857044
1.9591479170272446
2.33012496531497
2.004886164091843
1.564867406824198
2.075869296697727
2.038159681645953
2.1280852788913944
2.271782221599798
1.971747257128181
2.084962500721156
1.9790978911348045
2.049452072789394
2.058813890331201
1.9591479170272446
2.005977711423774
2.349601752714581
1.867633890971212
2.433195838728977
2.1559681021459083
2.287783719941071
2.353533948577482
2.1464657985040723
2.500863613362384
2.556656707462823
1.8676338909712125
1.9508257945180885
2.197159723424149
1.75
1.9877733714879842
2.9388200752565132
2.0458416408851736
2.4226754683112177
2.0403733936884962
2.0403733936884962
2.054585169337799
1.867633890971212
1.8879185026711327
2.349601752714581
2.075869296697727
2.4137995646056805
1.7924812503605778
1.8423709931771084
2.0814963295286755
2.038159681645953
2.0403733936884962
1.971747257128181
2.1339375660949167
1.9877733714879842
2.11508275856903
1.6577879115940564
2.0048861640918427
2.0403733936884962
1.7924812503605778
2.0403733936884962
2.0403733936884962
2.2841591278514217
2.2389205950315936
1.9182958340544893
2.2601376341526818
1.867633890971212
1.971747257128181
2.251629167387823
1.8553885422075338
2.1607047528877827
2.049452072789394
2.225605199016944
2.2806390622295662
1.971747257128181
1.811278124459133
2.1920058354921066
2.359879028736861
2.353533948577482
1.8339272176418302
2.0461796919474975
1.7924812503605778
2.41379956460568
1.971747257128181
1.8262452584026092
1.6644977792004614
2.488403899223372
2.33012496531497
2.3050365325772657
2.125814583693911
1.971747257128181
1.9473387961875537
2.0403733936884962
1.7924812503605778
1.7295739585136223
2.0403733936884962
1.789929075309999
2.185475297227334
1.7609640474436812
2.359879028736861
1.867633890971212
1.8676338909712125
1.9220231428515733
2.4205038327557684
2.1047412314783913
1.780672129520887
1.8366003408685507
2.0403733936884962
2.1492553971685
1.971747257128181
2.403677461028802
2.1280852788913944
2.2942740671928616
2.128085278891394
2.063558608511122
2.2492870686521593
2.2890179898186576
2.2096909728231857
2.3627402784989338
1.8423709931771088
2.1280852788913944
1.9123508077539728
1.75
2.0300872246321315
2.005977711423774
1.971747257128181
2.148834854280917
1.9609640474436814
1.7924812503605778
2.0403733936884962
2.004886164091843
1.9182958340544893
1.9508257945180885
2.35845859334435
2.125814583693911
2.1416195253341384
1.7924812503605778
2.202819531114783
1.760495029766198
1.8262452584026092
2.4404040177209283
2.440404017720928
2.35274578087187
2.4225797618424916
1.971747257128181
1.8565647621309542
1.971747257128181
2.073391110799899
2.292481250360578
2.353533948577482
2.064042639445697
2.084962500721156
1.8231924110430977
2.374556048381884
1.962806631693174
2.3749589477025563
2.556656707462823
1.965596230357602
2.33012496531497
1.971747257128181
2.0403733936884962
1.9508257945180885
1.6644977792004614
1.584962500721156
2.2877837199410704
2.440404017720928
2.771782221599798
2.279799131837405
2.0403733936884962
1.8676338909712125
2.3050365325772657
1.971747257128181
2.1405180562767114
2.353533948577482
2.004886164091843
2.2256051990169436
2.378991986900062
1.9508257945180885
2.145136370153053
2.0930692077718898
2.4137995646056805
2.1353503825268683
2.4137995646056805
1.971747257128181
2.0403733936884962
2.1054105870684143
2.125814583693911
2.1280852788913944
2.1739731346044096
1.7924812503605778
2.1280852788913944
2.1887870678023824
1.7924812503605778
2.1280852788913944
2.2841591278514217
2.2485731395538666
2.0048861640918427
2.1416195253341384
2.074164743022575
2.5061440668531976
2.054585169337799
2.4295065259114543
2.004886164091843
2.1174924611847548
1.8262452584026092
2.199687794731328
1.971747257128181
2.004886164091843
2.458453829233059
2.002755067189044
2.2841591278514217
2.1280852788913944
2.0403733936884962
2.3627402784989338
2.004886164091843
2.125
2.0403733936884962
1.867633890971212
1.9192112991783832
1.8565647621309542
1.8062389286533895
2.169925001442312
1.7717040252790746
1.9508257945180885
2.0225797618424917
1.9508257945180885
1.789929075309999
1.8892464285091581
2.292481250360578
2.292481250360578
2.1280852788913944
2.1485771746699647
1.896240625180289
1.9591479170272446
2.7962176025900556
1.789929075309999
2.1416195253341384
2.2499125667627466
2.0403733936884962
1.971747257128181
1.9351269082158111
2.5580510765444573
2.1179631753145163
2.385213020743189
1.811278124459133
2.1280852788913944
2.054585169337799
2.004886164091843
2.4164997849817103
1.7841591278514217
2.0403733936884962
1.9182958340544893
1.9644052674484187
2.1556390622295662
1.9182958340544896
2.064042639445697
1.971747257128181
2.049452072789394
2.0349409139562287
2.084962500721156
2.049452072789394
1.7924812503605778
2.2841591278514217
2.3158243335257076
2.1920058354921066
2.0403733936884962
1.8423709931771084
2.1280852788913944
2.038159681645953
1.9473387961875537
1.971747257128181
2.0403733936884962
2.1920058354921066
2.1280852788913944
2.255688840858892
2.1920058354921066
2.0922718656836103
2.2662649802318
2.0962328109062858
2.4059199810524894
2.221251836004466
1.789929075309999
1.9056390622295665
2.0403733936884962
2.606238928653389
2.1887870678023824
1.823067982273661
1.823067982273661
2.004886164091843
2.0403733936884962
2.3962406251802895
2.1684656711105887
2.125814583693911
2.4137995646056805
2.1179631753145163
2.3450525501511787
1.3462395733794306
2.13831831092668
2.10973793212989
2.146465798504072
2.219240704636849
1.7295739585136223
2.556656707462823
1.9898980954642875
2.088220835496802
2.0403733936884962
2.0458416408851736
2.4294945204514447
2.221251836004466
2.251629167387823
1.9182958340544893
2.0784916740291846
2.5338889845506802
2.125814583693911
2.054585169337799
2.004886164091843
2.0634582986483037
2.1712874728954157
2.004886164091843
1.789929075309999
2.0403733936884962
1.8810947601100747
2.5582807423194924
2.206267357232602
1.8423709931771088
2.1405180562767114
2.199687794731328
1.9852281360342516
1.8585552118703144
2.004886164091843
1.789929075309999
2.2359263506290326
1.75
2.3695710038552735
1.7370148112524406
2.049452072789394
2.004886164091843
2.539373389814604
2.221251836004466
2.1280852788913944
2.0403733936884962
1.9508257945180885
2.251629167387823
2.0403733936884962
1.7924812503605778
1.823067982273661
2.181899057917561
2.125814583693911
2.084962500721156
1.811278124459133
2.1440239107574226
2.0048861640918427
2.049452072789394
2.2856005389623077
2.1280852788913944
2.403677461028802
2.0403733936884962
2.2062389286533897
1.9182958340544893
1.7219280948873623
1.8585552118703144
2.1280852788913944
2.2516291673878226
2.218437210664321
1.9475623036900227
1.9508257945180885
1.914341183612352
2.004886164091843
2.0202442071537563
2.473851389610045
2.260820318171659
2.6848100275039113
2.5580510765444573
2.339572261986723
1.7533290512626212
2.292481250360578
2.499544305608131
2.004886164091843
2.038159681645953
2.405694015085435
1.789929075309999
2.531869256975175
2.212503842372268
2.117492461184755
2.0403733936884962
1.8423709931771084
2.0
1.9182958340544893
2.5724312513221195
1.8799649487271108
1.811278124459133
2.1556390622295662
1.780672129520887
2.2232196723355075
2.33012496531497
2.0403733936884962
1.9628150414142904
1.9877733714879842
1.9182958340544893
1.823067982273661
2.099601752714581
2.1556390622295662
2.2569089895583545
1.971747257128181
1.9751060324573735
2.0403733936884962
2.353533948577482
1.8676338909712125
2.696199049814856
2.4137995646056805
1.9764892117991657
2.33012496531497
1.8230264907128848
2.0403733936884962
2.084962500721156
2.125814583693911
2.332914563979398
2.049452072789394
1.9182958340544896
2.084962500721156
2.0403733936884962
2.148834854280917
2.0403733936884962
1.7924812503605778
2.2585728843419157
2.125814583693911
2.5705981190900795
1.7924812503605778
2.0441104177484006
2.5580510765444573
1.9591479170272446
2.447742678581274
2.004886164091843
2.0403733936884962
2.4137995646056796
1.8676338909712125
2.0403733936884962
1.7924812503605778
1.9182958340544896
2.2485731395538666
2.2712337974982235
2.556656707462823
2.054585169337799
2.302683189255492
2.2608203181716595
2.0403733936884962
1.971747257128181
2.1800365325772657
2.049452072789394
2.2783518117113117
2.2890179898186576
2.440404017720928
2.2062389286533897
1.9877733714879842
1.896240625180289
2.199687794731328
2.0461796919474975
2.0403733936884962
1.896240625180289
1.9508257945180885
1.9709505944546688
2.142295219190901
1.9182958340544893
2.0403733936884962
2.075869296697727
2.23345859334435
2.0403733936884962
2.4225797618424916
2.049452072789394
2.004886164091843
2.4137995646056805
2.2841591278514217
2.681625957074392
1.789929075309999
2.217021885879718
1.971747257128181
2.004886164091843
2.260820318171659
2.049452072789394
2.2065442182128785
1.8676338909712125
1.789929075309999
2.0403733936884962
2.058813890331201
2.315824333525708
2.196791631981637
2.1416195253341384
1.789929075309999
2.379370261888742
2.646782221599798
2.2987949406953985
2.260820318171659
1.971747257128181
2.038159681645953
2.192005835492107
2.33012496531497
2.521782221599798
2.077819531114783
2.4148263859009305
1.7924812503605778
1.561278124459133
2.1280852788913944
2.120952031026403
2.8064985287918303
1.9182958340544893
2.210973616506754
2.25
2.4273122122573354
2.004886164091843
1.9182958340544893
2.084962500721156
2.049452072789394
2.40828578230083
1.9852281360342514
2.038159681645953
2.4092672522514684
2.21577067413792
2.2920717524577867
2.4885548621928453
1.971747257128181
2.260820318171659
2.2452958661275964
2.004886164091843
2.049452072789394
2.349601752714581
1.8262452584026092
2.5073801024236357
2.270942421748537
2.4137995646056805
2.0349409139562287
2.049452072789394
1.971747257128181
2.246439344671016
2.463458298648303
2.022579761842491
2.054585169337799
1.914341183612352
2.610699332842307
2.1756119021252744
2.359879028736861
2.378991986900062
2.0191534613250357
2.0989295636909353
2.2368340333330043
2.10845859334435
1.8676338909712125
2.004886164091843
2.004886164091843
2.216917186688699
1.6854752972273344
1.8676338909712125
2.130926080730337
2.4087385128172407
2.1209520310264036
1.6644977792004614
2.1492799881316267
2.359879028736861
2.1619781796795534
1.9182958340544893
2.125
2.556656707462823
2.038159681645953
2.350209029099897
1.789929075309999
2.278351811711312
1.6644977792004614
2.004886164091843
1.8339272176418302
1.8676338909712125
2.4137995646056805
2.0989295636909353
1.8423709931771084
2.1767669742887406
2.406666316740689
2.606238928653389
1.584962500721156
1.971747257128181
1.971747257128181
2.0989295636909353
1.823067982273661
2.004886164091843
2.3050365325772657
2.004886164091843
2.091124755212831
1.823067982273661
2.2015101887362594
2.0048861640918427
2.038159681645953
2.1920058354921066
1.789929075309999
2.130926080730337
2.3395722619867225
1.9015064025015063
1.823067982273661
2.061278124459133
2.3313248312005417
2.145136370153053
2.2062389286533897
2.225605199016944
2.148834854280917
2.0274893113295236
2.216521698179525
2.1824562508413488
2.1920058354921066
2.145136370153053
2.004886164091843
2.0989295636909353
2.1600902724542106
2.005977711423774
2.2485731395538666
2.2623593139591622
2.1054105870684143
2.004886164091843
2.148834854280917
2.0048861640918427
1.7264892117991657
1.867633890971212
2.098579861712074
2.15990561650519
1.823067982273661
2.1887870678023824
1.8423709931771084
1.971747257128181
2.125
1.8676338909712125
2.0854752972273345
1.8783135434447005
2.125814583693911
2.1339375660949167
2.0458416408851736
2.278351811711312
2.2516291673878226
1.789929075309999
2.049452072789394
2.55887184844536
2.0403733936884962
2.0403733936884962
1.7924812503605778
2.217021885879718
2.0458416408851736
2.2877837199410704
1.9016094970590272
2.535857775918279
2.004886164091843
1.9473387961875537
2.1416195253341384
2.148834854280917
2.049452072789394
2.146782221599798
2.5566567074628237
1.4591479170272448
1.971747257128181
2.085475297227334
1.9285149719544918
1.867633890971212
2.004886164091843
1.9508257945180885
2.440404017720928
1.9056390622295665
1.7527152789797045
2.375
2.2797991318374056
1.9591479170272446
2.292481250360578
2.359879028736861
2.0989295636909353
2.054585169337799
2.353533948577482
1.789929075309999
2.049452072789394
2.33012496531497
2.054585169337799
2.0403733936884962
1.8676338909712125
1.9591479170272446
1.4591479170272448
2.1440239107574226
1.971747257128181
1.971747257128181
1.971747257128181
2.1920058354921066
2.054585169337799
2.1280852788913944
1.867633890971212
1.7924812503605778
1.9182958340544893
2.1280852788913944
2.1040437177782714
1.867633890971212
2.054585169337799
2.1280852788913944
2.247084753917085
2.004886164091843
2.038159681645953
1.625605199016944
2.1258145836939115
2.217021885879718
1.7924812503605778
2.1614063297218427
2.6130201924480456
2.0349409139562287
2.3329145639793976
2.2051099000738694
2.2523511236050227
2.270942421748537
2.004886164091843
1.971747257128181
1.9877733714879842
1.9211854965885542
2.7539347139572095
2.5580510765444577
2.063458298648303
2.2841591278514217
1.9508257945180885
1.914341183612352
2.049452072789394
2.0602489763846963
2.0403733936884962
1.971747257128181
1.6644977792004614
2.1280852788913944
2.049452072789394
2.3464393446710154
2.350209029099897
2.270942421748537
1.9814963295286754
2.0
2.063458298648303
1.971747257128181
2.0403733936884962
1.811278124459133
2.199687794731328
2.0349409139562287
2.125814583693911
1.7924812503605778
1.823067982273661
1.78740344142664
1.971747257128181
2.205622122024847
1.789929075309999
1.971747257128181
2.279799131837405
2.004886164091843
2.4137995646056796
2.375
1.789929075309999
2.1280852788913944
2.60845859334435
1.9877733714879842
2.353533948577482
2.125814583693911
1.9591479170272446
2.1632095937363847
1.867633890971212
2.224601752714581
1.867633890971212
2.4225797618424916
2.084962500721156
2.049452072789394
1.958542981880303
2.1174924611847548
2.1774212838293647
2.202819531114783
2.221251836004466
1.7169171866886992
2.375
1.6577427265048887
2.621928094887362
1.8676338909712125
2.0403733936884962
2.011920928594794
2.0469612272050535
1.9182958340544896
2.3942811477133943
2.0403733936884962
2.125814583693911
2.004886164091843
1.8585552118703144
1.971747257128181
2.0113650418263793
1.8423709931771084
1.8423709931771086
2.251629167387823
1.971747257128181
1.9898980954642875
1.8365916681089791
2.3158243335257076
2.038159681645953
2.418801937292702
1.8676338909712125
1.8585552118703144
2.0403733936884962
2.146782221599798
2.260820318171659
2.292481250360578
2.0403733936884962
1.9877733714879842
1.914341183612352
2.2983094013008034
1.8423709931771088
1.896240625180289
1.6644977792004614
1.867633890971212
2.0403733936884962
2.183754831923921
2.125814583693911
2.204925584892669
2.521782221599798
2.1916116417513782
2.0403733936884962
2.2312702546075753
2.0403733936884962
2.1800365325772657
1.9877733714879842
2.3208020839342964
2.0403733936884962
2.1532912318904804
2.077819531114783
2.146782221599798
1.9473387961875537
2.1800365325772657
2.0874628412503395
1.971747257128181
2.1179631753145163
1.971747257128181
2.0403733936884962
2.4634582986483036
2.1739731346044096
2.084962500721156
2.0048861640918427
1.971747257128181
1.7841591278514217
2.004886164091843
2.5073801024236357
1.971747257128181
1.852824066656063
2.0403733936884962
2.287783719941071
1.7924812503605778
1.9182958340544893
2.175646899398185
2.1887870678023824
2.0403733936884962
1.8676338909712125
2.2945199082544616
1.789929075309999
2.206238928653389
2.0403733936884962
1.789929075309999
2.33012496531497
1.8676338909712125
2.1179631753145163
1.9808259362290788
2.148834854280917
2.4137995646056805
2.5724312513221195
1.8423709931771084
2.2312702546075758
2.0609640474436812
2.35845859334435
1.823067982273661
1.823067982273661
2.225610814520738
2.1464657985040723
1.7924812503605778
2.4056390622295662
2.1280852788913944
1.971747257128181
2.0403733936884962
2.4137995646056805
1.789929075309999
2.0403733936884962
2.0349409139562287
2.3395722619867225
2.3007260969051213
2.440981713805628
2.292481250360578
2.1735572622751853
2.260820318171659
2.1735572622751853
2.0349409139562287
2.054585169337799
1.9481203125901447
1.7924812503605778
1.836591668108979
1.9669171866886992
2.5967916319816364
2.3921472236645345
2.0
2.1280852788913944
2.3942811477133943
1.9182958340544893
2.0741647430225756
2.004886164091843
2.040223928941852
2.2783518117113117
2.049452072789394
2.077819531114783
2.1577174691301484
1.5328112045304136
2.0403733936884962
1.896240625180289
1.9056390622295665
1.8799649487271108
2.48702144807822
2.049452072789394
2.3267721485152837
1.855388542207534
2.049452072789394
2.123199115426226
2.292481250360578
1.914341183612352
2.465069461815837
2.049452072789394
2.2892464285091583
2.2841591278514217
2.0403733936884962
1.789929075309999
1.971747257128181
2.4133653747971895
1.351494817559571
1.8919954870390203
1.867633890971212
2.521782221599798
2.4410685859554375
1.9850464172773454
2.5511894468399485
1.823067982273661
2.217021885879718
2.054585169337799
2.125814583693911
1.823829807603063
2.08282985618071
1.867633890971212
1.7381493331928664
1.971747257128181
1.75
1.8423709931771084
2.6657769146135104
2.0403733936884962
1.971747257128181
2.049452072789394
2.521782221599798
1.8676338909712125
2.049452072789394
2.2359263506290326
2.038159681645953
1.789929075309999
2.0550365325772657
1.9124031354161177
2.0403733936884962
1.789929075309999
1.9182958340544893
1.7924812503605778
1.8799649487271108
2.221251836004466
1.811278124459133
2.049452072789394
2.054585169337799
2.049452072789394
1.9182958340544893
2.270942421748537
2.406666316740689
1.7924812503605778
2.1556390622295662
2.359879028736861
1.5566567074628228
1.9591479170272446
1.75
1.9508257945180885
1.7924812503605778
2.2684727516311214
2.049452072789394
1.8676338909712125
1.9182958340544893
2.4137995646056805
1.9211854965885542
2.206238928653389
2.3942811477133943
1.5566567074628228
2.005977711423774
2.472905595320056
2.3745560483818835
2.260820318171659
2.339572261986723
2.0403733936884962
1.971747257128181
1.971747257128181
2.084962500721156
2.353533948577482
2.2877837199410704
2.1416195253341384
2.0403733936884962
2.125814583693911
1.9182958340544896
2.292481250360578
2.0
2.1464393446710157
1.9508257945180885
1.8322488896002305
2.0814963295286755
2.1416195253341384
2.1054105870684143
2.30827083453526
2.054585169337799
2.2806390622295662
2.359879028736861
2.049452072789394
2.5341468438052397
1.8676338909712125
2.049452072789394
2.0403733936884962
2.1406064599010723
2.0403733936884962
1.971747257128181
2.1416195253341384
2.004886164091843
2.038159681645953
2.4943865446197475
1.9220231428515733
1.789929075309999
1.789929075309999
1.9852281360342514
2.1920058354921066
1.9990298316961876
1.7295739585136223
1.971747257128181
1.9182958340544896
2.1280852788913944
1.6644977792004614
2.022197496085086
1.937434188848023
2.2841591278514217
2.116299605701696
2.292481250360578
2.221251836004466
1.971747257128181
2.004886164091843
1.8423709931771086
2.1280852788913944
2.482888734302568
2.0403733936884962
2.1887870678023824
1.9508257945180885
2.292481250360578
1.8352377453121174
2.251629167387823
2.0403733936884962
2.2065442182128785
1.8676338909712125
2.4237949406953985
1.789929075309999
1.9709505944546688
2.0
2.0
2.084962500721156
2.1735572622751853
1.896240625180289
2.646782221599798
2.440404017720928
1.949137865273585
2.0403733936884962
1.7004397181410922
2.454986855772667
2.054585169337799
2.148834854280917
2.0403733936884962
1.8423709931771084
1.8250112108241772
2.153291231890481
2.1887870678023824
1.971747257128181
2.0403733936884962
2.3227569588973984
2.646782221599798
1.8676338909712125
1.789929075309999
1.9473387961875537
2.0741647430225756
1.819185511093274
2.140606459901073
1.8919954870390203
2.146782221599798
2.3921530325775926
2.0403733936884962
1.75
2.199687794731328
2.1280852788913944
1.9877733714879842
1.9508257945180885
1.7527152789797045
2.53414684380524
2.4577174691301487
1.971747257128181
2.0687942075658454
1.8676338909712125
2.0687942075658454
2.049452072789394
2.5560542104133326
2.0403733936884962
2.5967916319816364
2.0670314951575843
2.054585169337799
2.422579761842491
1.7924812503605778
2.4659573209491747
1.7924812503605778
1.823067982273661
1.823067982273661
2.1405180562767114
1.9182958340544896
2.0403733936884962
2.23345859334435
2.359879028736861
1.971747257128181
2.0524212838293647
2.0403733936884962
2.4164997849817103
2.353533948577482
2.0741647430225756
2.6249242487210735
2.289246428509158
1.8810947601100747
2.125814583693911
1.9751060324573733
2.128085278891394
1.8423709931771084
2.606238928653389
2.739572261986723
1.8676338909712125
2.1174924611847548
1.8676338909712125
1.971747257128181
2.080500530640267
2.292481250360578
2.0403733936884962
1.4591479170272448
2.263809173883546
1.789929075309999
2.155913095175825
2.0403733936884962
2.064042639445697
2.199687794731328
1.7924812503605778
1.7609640474436812
2.25
1.8423709931771088
2.049452072789394
2.054585169337799
1.9182958340544893
2.646782221599798
2.004886164091843
2.1416195253341384
1.823067982273661
2.0403733936884962
2.0741647430225756
1.913977073182752
2.23345859334435
2.2856005389623073
1.8814099964358766
2.049452072789394
2.004886164091843
2.406666316740689
2.1280852788913944
1.8799649487271108
2.049452072789394
2.403677461028802
1.9591479170272446
1.8423709931771084
2.359879028736861
2.0989295636909353
2.0
1.856564762130954
2.2827241859104124
2.058813890331201
1.8676338909712125
2.5073801024236357
2.064042639445697
1.971747257128181
2.0403733936884962
2.217021885879718
2.1464657985040723
2.287783719941071
2.0403733936884962
2.0403733936884962
2.245869617795809
1.8250112108241772
2.049452072789394
1.9833830982290133
1.855388542207534
1.971747257128181
2.206238928653389
1.9301249653149701
1.971747257128181
2.021782221599798
2.004886164091843
2.0
2.0403733936884962
1.7924812503605778
2.0758692966977272
2.260820318171659
1.7924812503605778
2.23345859334435
1.971747257128181
1.7272486062639207
2.0349409139562287
2.403677461028802
2.2877837199410704
2.260820318171659
2.251629167387823
2.146782221599798
2.353533948577482
1.7924812503605778
2.4416298737872246
2.199687794731328
2.0048861640918427
2.1280852788913944
2.125814583693911
2.278351811711312
2.322756958897399
2.5306390622295662
1.823067982273661
1.8423709931771084
2.0403733936884962
1.7924812503605778
2.1609640474436813
2.292481250360578
2.217021885879718
1.823067982273661
1.8676338909712125
2.1174924611847548
1.9508257945180885
1.9852281360342514
1.9508257945180885
1.8585552118703144
1.75
2.0403733936884962
2.251629167387823
1.7924812503605778
2.0403733936884962
2.406666316740689
1.7924812503605778
1.8879185026711327
2.1416195253341384
2.349601752714581
1.8423709931771084
1.8676338909712125
2.049452072789394
1.4488156357251847
2.054585169337799
2.038760752862686
1.851226815897192
1.9591479170272446
1.75
1.9182958340544893
2.251629167387823
1.9182958340544893
2.004886164091843
2.0403733936884962
2.4806821149663842
2.075074223172834
2.10713502717107
1.8585552118703144
2.419973094021975
2.3921472236645345
2.349601752714581
2.1287347499440905
1.823067982273661
2.292481250360578
1.8407257708651217
2.146782221599798
2.180337381067571
2.5341468438052397
2.251629167387823
1.8423709931771088
1.9808259362290785
2.3050365325772657
2.0403733936884962
2.2810361125534233
1.971747257128181
2.5724312513221195
1.561278124459133
2.1280852788913944
2.125814583693911
2.4404040177209283
2.319240704636849
2.221251836004466
2.3508524035751006
2.091917186688699
2.2096909728231857
1.855388542207534
2.3627402784989338
1.8810947601100747
2.3674756591420993
2.420111964470926
2.2363689836449505
2.049452072789394
2.260992390087111
2.6938477867201986
2.054585169337799
2.019079840822976
1.7970986296312548
1.97628659667863
1.7924812503605778
1.7609640474436812
1.9591479170272446
2.049452072789394
1.789929075309999
1.867633890971212
1.6644977792004614
1.9182958340544893
1.971747257128181
1.7924812503605778
1.9232196723355077
2.217021885879718
2.406666316740689
2.2588718484453603
3.0502556517929844
2.474601752714581
2.219240704636849
1.8799649487271108
2.1556390622295662
2.1280852788913944
2.606238928653389
2.0048861640918427
1.8380267541624737
2.2062389286533897
2.3908054820769817
2.260820318171659
2.1280852788913944
2.064042639445697
2.396782221599798
2.469670487371862
2.004886164091843
2.0403733936884962
3.0297206500015763
1.9182958340544896
1.971747257128181
2.273728829005326
2.004886164091843
2.217021885879718
2.004886164091843
1.971747257128181
2.1234786725698864
2.3627402784989338
1.809200032697812
2.1393538721672005
1.823067982273661
2.005977711423774
2.004886164091843
2.004886164091843
2.3980513289153462
1.823067982273661
1.9508257945180885
2.004886164091843
2.263809173883546
2.2627834289765825
2.004886164091843
1.9508257945180885
2.004886164091843
2.002705481927944
2.0403733936884962
1.561278124459133
2.1280852788913944
2.2608203181716595
2.3627402784989338
2.322756958897399
2.4613201402110083
2.183754831923921
2.8518232255517657
2.279799131837405
1.971747257128181
2.1416195253341384
1.867633890971212
1.811278124459133
2.2608203181716595
2.2945199082544616
2.3092966682370033
2.217021885879718
2.3627402784989338
2.2569089895583545
1.8676338909712125
2.48904744408463
2.125
2.4731443947983824
2.0349409139562287
2.049452072789394
1.9751060324573733
2.4365703397565666
2.0403733936884962
1.5565798289580641
2.054585169337799
2.2877837199410704
2.4225797618424916
1.8919954870390203
1.8423709931771084
2.0403733936884962
2.015599253106469
2.353533948577482
1.971747257128181
2.004886164091843
2.146465798504072
1.6644977792004614
2.353533948577482
2.292481250360578
2.1837548319239213
2.3318026736242854
2.0403733936884962
2.3386318045544887
2.049452072789394
1.823067982273661
2.0403733936884962
2.0225797618424917
2.221251836004466
2.0458416408851736
1.789929075309999
2.0930692077718898
2.1440239107574226
2.217021885879718
2.0403733936884962
1.867633890971212
2.1837548319239213
1.8799649487271108
2.038159681645953
2.004886164091843
2.0
2.271782221599798
2.146465798504072
2.292481250360578
1.7924812503605778
1.7924812503605778
2.353533948577482
2.2877837199410704
2.0099566155540347
2.2856005389623073
2.125814583693911
2.074164743022575
2.049452072789394
2.2096909728231857
2.2516291673878226
1.9591479170272446
2.0
1.8676338909712125
1.971747257128181
2.463458298648303
2.0849625007211565
2.0081320258333997
2.038159681645953
1.8879185026711327
1.8879185026711327
1.8879185026711327
1.8879185026711327
1.8879185026711327
1.8879185026711327
1.8879185026711327
1.8879185026711327
1.8339272176418302
1.8339272176418302
1.8339272176418302
1.8339272176418302
1.8339272176418302
1.8339272176418302
1.8339272176418302
1.8339272176418302
1.8339272176418302
1.8339272176418302
1.8339272176418302
1.8339272176418302
1.8339272176418302
1.8339272176418302
1.8339272176418302
1.8339272176418302
1.8339272176418302
1.8339272176418302
1.8339272176418302
1.8339272176418302
1.8339272176418302
1.8339272176418302
1.8339272176418302
1.8339272176418302
1.8339272176418302
1.8339272176418302
1.8339272176418302
1.8339272176418302
1.8339272176418302
1.8339272176418302
1.8339272176418302
1.8339272176418302
1.8339272176418302
1.8339272176418302
1.8339272176418302
1.8339272176418302
1.8339272176418302
1.8339272176418302
1.8339272176418302
1.8339272176418302
1.8339272176418302
1.8339272176418302
1.8339272176418302
1.8339272176418302
1.8339272176418302
1.8339272176418302
1.8339272176418302
1.8339272176418302
1.8339272176418302
2.286969843139304
1.7990156706551217
2.0758692966977272
1.7924812503605778
2.0403733936884962
2.204615145372238
1.971747257128181
2.390863696857044
1.9877733714879842
2.0403733936884962
2.319973094021975
2.148834854280917
2.081706277574314
2.2485731395538666
2.0403733936884962
2.0048861640918427
2.1440239107574226
1.867633890971212
2.359879028736861
2.038159681645953
2.199687794731328
2.25
2.3244093931715555
2.143780234737159
2.0403733936884962
1.8676338909712125
2.0403733936884962
2.0545851693377997
2.1179631753145163
1.823067982273661
2.134336113194451
2.128085278891394
2.064042639445697
1.7924812503605778
2.039353872167201
1.9852281360342514
2.0191534613250357
2.004886164091843
2.049452072789394
2.128085278891394
2.004886164091843
2.2140221526325026
2.216521698179525
1.823067982273661
1.9852281360342514
2.004886164091843
1.971747257128181
2.145136370153053
2.2256051990169436
2.358938532350277
2.145136370153053
2.0989295636909353
1.9508257945180885
1.9508257945180885
2.148834854280917
2.2627834289765825
2.1280852788913944
1.9688738747207215
2.038159681645953
2.2627834289765825
2.262692390839622
2.002755067189044
2.0357671321929427
2.2485731395538666
1.971747257128181
2.049452072789394
1.867633890971212
2.1185077804617443
2.292481250360578
2.4416298737872246
2.279799131837405
1.811278124459133
1.7924812503605778
1.8799649487271108
1.971747257128181
1.971747257128181
1.971747257128181
2.1887870678023824
1.9746017527145814
1.9591479170272446
2.0403733936884962
2.4404040177209283
1.9254106352407239
2.224601752714581
2.1805577739257873
2.223219672335508
2.004886164091843
2.021782221599798
2.523986065961297
2.2390183299752544
2.0132790219068077
1.971747257128181
2.2877837199410704
2.1280852788913944
2.125814583693911
2.375
1.950212064914747
2.1280852788913944
1.971747257128181
2.3395722619867225
2.0758692966977272
1.7924812503605778
1.9182958340544893
2.054585169337799
2.353533948577482
1.8109294169317733
1.75
2.0403733936884962
1.971747257128181
1.75
2.1440239107574226
2.199687794731328
1.8676338909712125
1.811278124459133
2.292481250360578
1.9591479170272446
2.0798413919745826
2.130926080730337
2.1406064599010723
2.322756958897399
1.7924812503605778
2.292481250360578
2.403677461028802
1.7924812503605778
2.125814583693911
2.059039104674855
2.125814583693911
1.7924812503605778
2.1280852788913944
2.251629167387823
2.406666316740689
2.7855546320988784
1.8262452584026092
1.823067982273661
1.4591479170272448
2.350209029099897
1.8799649487271108
1.789929075309999
1.9852281360342514
2.004886164091843
1.75
2.1179631753145163
2.13831831092668
2.25
2.271782221599798
2.0930692077718898
1.7332062193464954
1.9877733714879842
2.353190671338322
1.789929075309999
2.199687794731328
1.8423709931771088
1.971747257128181
1.9508257945180885
1.7924812503605778
2.125814583693911
1.8676338909712125
2.004886164091843
2.0403733936884962
2.0403733936884962
2.0403733936884962
1.9182958340544893
1.971747257128181
2.049452072789394
1.867633890971212
1.994680368408909
2.0403733936884962
1.867633890971212
2.0989295636909353
2.217021885879718
2.25
2.1179631753145163
1.971747257128181
2.077819531114783
2.075074223172834
2.1280852788913944
2.4980775466236413
2.049452072789394
1.8676338909712125
2.1280852788913944
2.4300365325772657
2.753434386188785
2.1556390622295662
2.125814583693911
2.016875695766564
1.789929075309999
1.971747257128181
2.287783719941071
2.469670487371862
2.458453829233059
1.823067982273661
2.4137995646056796
2.35274578087187
2.217021885879718
2.199687794731328
1.7924812503605778
1.867633890971212
2.1280852788913944
2.4078835049176006
1.8423709931771084
2.33012496531497
2.049452072789394
1.811278124459133
2.2856005389623073
2.1607047528877827
2.2890179898186576
2.0403733936884962
1.867633890971212
2.5580510765444577
2.1416195253341384
2.038760752862686
2.1739731346044096
2.0048861640918427
2.263809173883546
1.971747257128181
1.789929075309999
2.217021885879718
1.9526832779469112
2.0403733936884962
1.8423709931771084
1.8676338909712125
2.202819531114783
1.971747257128181
1.9591479170272446
2.054585169337799
1.8339272176418302
2.125814583693911
1.823067982273661
2.0403733936884962
2.080500530640267
1.7924812503605778
2.0464393446710156
2.3627402784989338
2.4164997849817103
2.0403733936884962
2.2516144718101816
2.1280852788913944
2.3134597501718237
2.1416195253341384
2.2256051990169436
2.202819531114783
1.971747257128181
2.33012496531497
2.125814583693911
2.054585169337799
2.0202442071537563
1.971747257128181
1.9056390622295665
2.0403733936884962
2.353533948577482
2.2327599240449305
2.040223928941852
2.735780183510521
1.584962500721156
2.0403733936884962
1.8423709931771084
1.8585552118703144
1.9182958340544896
2.1280852788913944
2.2773276830375746
2.0403733936884962
2.2608203181716595
1.8676338909712125
1.9508257945180885
2.054585169337799
1.5566567074628228
2.00633093059618
2.199687794731328
1.7924812503605778
2.004886164091843
1.9508257945180885
1.789929075309999
1.8250112108241772
1.971747257128181
2.090468570732828
2.221251836004466
1.8676338909712125
2.137876503740628
1.8676338909712125
2.396782221599798
2.0403733936884962
2.292481250360578
1.584962500721156
2.1887870678023824
2.339572261986723
2.0403733936884962
2.128085278891394
1.971747257128181
2.072905595320056
2.1179631753145163
2.1280852788913944
1.950212064914747
1.971747257128181
1.9620441942977944
1.9591479170272446
1.8799649487271108
1.789929075309999
2.5967916319816364
2.0225797618424917
2.0717350271381694
1.789929075309999
2.0580531366523855
1.7295739585136223
2.0609640474436812
2.3863530038956955
2.219240704636849
2.205109900073869
1.9877733714879842
1.8676338909712125
2.4416298737872246
2.1416195253341384
1.8423709931771084
2.0403733936884962
2.0403733936884962
1.781937063546704
2.606238928653389
2.0985798617120746
2.4056390622295662
2.546631615393778
2.0722451785579223
2.0403733936884962
2.1086949695628423
2.049452072789394
2.291620193427939
2.33012496531497
2.0202442071537563
2.1416195253341384
2.259141984247902
1.7924812503605778
1.8676338909712125
2.0170949781550753
2.049452072789394
2.569548995934459
1.894273869771264
2.0609640474436812
2.091917186688699
2.216521698179525
2.442862165155466
2.4072103113389796
2.098579861712074
1.9241743523004413
1.867633890971212
2.400807028071059
2.0403733936884962
2.2892464285091583
2.4613201402110083
1.8676338909712125
1.9182958340544893
1.971747257128181
2.155913095175825
2.111095787753339
1.8676338909712125
2.000080876099379
2.2892464285091583
2.2062389286533897
2.292481250360578
1.789929075309999
2.2485731395538666
2.521782221599798
1.8919954870390203
1.971747257128181
2.1967916319816365
1.9591479170272446
2.074164743022575
2.349601752714581
2.130926080730337
2.199687794731328
2.260820318171659
2.0403733936884962
1.789929075309999
1.789929075309999
2.054585169337799
1.8879185026711327
2.2492870686521593
2.004886164091843
2.075869296697727
1.8423709931771084
2.2516291673878226
1.5487949406953985
1.789929075309999
2.2841591278514217
2.2841591278514217
2.202819531114783
2.2841591278514217
2.1174924611847548
2.25
2.3068905956085186
1.9591479170272446
2.3942811477133943
1.8474201200521745
2.0403733936884962
1.971747257128181
2.2877837199410704
1.8585552118703144
1.789929075309999
1.789929075309999
2.1179631753145163
2.1800365325772657
2.498929563690935
2.353533948577482
1.8250112108241772
2.049452072789394
2.5967916319816364
1.8910611120726526
2.2096909728231857
1.971747257128181
2.1280852788913944
2.207641875328269
1.823067982273661
2.0403733936884962
2.2232196723355075
1.9211854965885542
2.3004975198549262
2.1077566165206125
2.5073801024236357
1.971747257128181
2.1920058354921066
2.353533948577482
2.0403733936884962
2.125814583693911
2.3954618442383215
2.0814963295286755
1.9160563421790617
2.058117008486823
2.223219672335508
1.8423709931771084
1.8389205950315937
2.6533699843487266
2.35274578087187
1.867633890971212
2.0403733936884962
2.084962500721156
2.422579761842491
2.0403733936884962
2.5073801024236357
2.0403733936884962
1.8676338909712125
1.8585552118703144
2.221251836004466
2.0349409139562287
1.7924812503605778
2.1556390622295662
2.0403733936884962
1.7924812503605778
1.823067982273661
2.217021885879718
2.2062389286533897
2.0403733936884962
2.25
2.271782221599798
2.396782221599798
1.811278124459133
2.1280852788913944
2.252705481927944
2.1280852788913944
2.353533948577482
2.542482693809728
2.2841591278514217
2.1464657985040723
2.0445569985498815
1.789929075309999
1.8423709931771084
1.867633890971212
1.867633890971212
2.0403733936884962
2.125814583693911
2.1416195253341384
2.0545851693377997
2.0403733936884962
1.789929075309999
2.0349409139562287
2.146465798504072
1.971747257128181
2.0134893002931973
2.0403733936884962
2.125814583693911
1.7924812503605778
2.077819531114783
1.971747257128181
1.9591479170272446
1.9877733714879842
2.049452072789394
2.1800365325772657
1.855388542207534
2.0403733936884962
2.217021885879718
2.375
2.1416195253341384
2.5073801024236357
2.353533948577482
2.004886164091843
2.084962500721156
2.004886164091843
2.0403733936884962
2.146465798504072
2.0458416408851736
2.0458416408851736
2.0458416408851736
2.0458416408851736
1.823067982273661
1.8676338909712125
2.1258145836939115
1.8919954870390203
2.4404040177209283
2.2892464285091583
2.148834854280917
2.0403733936884962
1.836591668108979
2.223219672335508
1.789929075309999
1.9877733714879842
2.4137995646056796
1.867633890971212
2.199687794731328
2.221251836004466
2.4225797618424916
2.130926080730337
2.146782221599798
2.2515515605861864
2.1458642874068405
2.292481250360578
1.9182084341546168
2.004886164091843
2.2825887305018333
1.75
1.914341183612352
1.9877733714879842
2.1258145836939115
2.0403733936884962
1.8695263323230749
2.390863696857044
2.5070437266795427
1.7924812503605778
2.55887184844536
2.217021885879718
1.8423709931771088
2.1920058354921066
2.0403733936884962
2.0634582986483037
1.9508257945180885
2.271782221599798
2.2841591278514217
2.2996588631797956
2.0349409139562287
1.863120568566631
1.6830491777277212
2.0419460322060456
2.2841591278514217
2.1209520310264027
2.1464657985040723
1.810667799971528
2.263809173883546
2.2256051990169436
2.084962500721156
2.217021885879718
1.584962500721156
2.3253314601288055
1.9508257945180885
2.128085278891394
1.9056390622295665
1.823067982273661
1.8230264907128848
1.7273966735744792
1.9182958340544893
2.049452072789394
2.004886164091843
2.0403733936884962
2.25
2.125814583693911
2.1967916319816365
1.789929075309999
2.007856063692049
1.7924812503605778
2.260820318171659
2.1632095937363847
1.8676338909712125
2.217021885879718
2.4056390622295662
2.0403733936884962
1.971747257128181
2.1280852788913944
2.289017989818658
1.8423709931771084
2.114805144339332
2.2890179898186576
2.4092672522514684
2.279799131837405
1.8799649487271108
2.0403733936884962
2.418722908066561
2.022106112739839
1.75
2.2200683022340693
2.049452072789394
2.004886164091843
2.1800365325772657
1.854285871987246
2.5073801024236357
2.251629167387823
1.789929075309999
2.2810361125534233
2.0403733936884962
1.6644977792004614
1.9182958340544893
2.3627402784989338
2.032128525239341
2.146782221599798
1.867633890971212
2.004886164091843
1.9056390622295665
2.3627402784989338
2.004886164091843
1.7924812503605778
2.1920058354921066
2.2485731395538666
2.0403733936884962
2.038159681645953
1.789929075309999
2.292481250360578
1.971747257128181
1.7489992230622806
2.049452072789394
1.9858736285640906
2.363865121950854
2.0403733936884962
1.968873874720721
1.789929075309999
2.125814583693911
2.270942421748537
1.9508257945180885
2.1920058354921066
1.75
2.676737030052132
2.217021885879718
1.9591479170272446
2.054585169337799
2.054585169337799
2.2930266017029326
2.125814583693911
2.2841591278514217
2.4226754683112177
2.33012496531497
2.0403733936884962
2.1037016960573482
1.9609640474436814
2.663532754804254
1.7924812503605778
2.0294069451656007
2.472905595320056
1.971747257128181
2.270942421748537
2.133937566094917
2.004886164091843
2.33012496531497
2.049452072789394
2.114805144339332
2.0403733936884962
1.6644977792004614
2.217021885879718
2.0670314951575843
1.9877733714879842
2.224601752714581
1.7924812503605778
2.440404017720928
1.867633890971212
1.9508257945180885
2.004886164091843
2.250533809479614
2.263809173883546
1.971747257128181
2.3458519893382603
1.9508257945180885
1.9056390622295665
2.004886164091843
2.291620193427939
1.8250112108241772
2.217021885879718
2.075869296697727
1.789929075309999
2.4012687424425176
2.0403733936884962
2.4137995646056805
2.0403733936884962
1.867633890971212
1.8879185026711327
1.8676338909712125
1.9591479170272446
2.0403733936884962
2.199687794731328
2.049452072789394
2.349601752714581
2.292481250360578
2.054585169337799
1.896240625180289
2.289246428509158
2.039353872167201
2.796711005745808
2.2892464285091583
2.3134597501718237
1.9751060324573733
2.1405180562767114
1.823067982273661
2.197159723424149
2.313599086949941
2.1280852788913944
2.260820318171659
1.811278124459133
2.2796645441249774
1.971747257128181
2.0403733936884962
2.1735572622751853
2.0403733936884962
2.0557922626877696
2.07131520372269
2.0825518169307426
1.9990298316961876
2.223219672335508
1.971747257128181
2.53414684380524
2.038159681645953
2.2797991318374056
2.049452072789394
1.867633890971212
1.7924812503605778
2.270942421748537
2.011920928594794
2.0403733936884962
2.049452072789394
1.789929075309999
1.5566567074628228
1.4762169386064516
1.896240625180289
2.004886164091843
1.836591668108979
2.0
2.008805622540176
2.372094637795624
1.9211854965885542
2.396782221599798
2.0403733936884962
1.789929075309999
2.251629167387823
2.350209029099897
2.2877837199410704
1.9182958340544893
2.1607047528877827
1.9473387961875537
2.0403733936884962
1.971747257128181
1.8423709931771086
2.128085278891394
2.472905595320056
2.116299605701696
2.406666316740689
2.453582957309917
1.9591479170272446
2.260820318171659
2.038159681645953
2.4248356349861986
1.823067982273661
2.005977711423774
1.8585552118703144
1.811278124459133
1.9056390622295665
2.3302746921900597
2.1556390622295662
2.2942740671928616
2.4159220638351666
2.0403733936884962
1.8230264907128848
2.3627402784989338
1.867633890971212
2.0403733936884962
1.823067982273661
1.8250112108241772
2.049452072789394
2.33012496531497
1.971747257128181
2.2062389286533897
2.33012496531497
2.1711395066729176
2.1577174691301484
2.556656707462823
1.780672129520887
2.33901192379001
1.7295739585136223
2.123219672335508
1.8585552118703144
2.128085278891394
2.263809173883546
1.7841591278514217
2.4584538292330587
2.3432578733442675
1.8676338909712125
2.5178135061614473
1.971747257128181
1.955794563623899
2.205109900073869
2.054585169337799
1.789929075309999
1.836591668108979
1.8423709931771084
1.789929075309999
2.359879028736861
2.049452072789394
1.9735561123277499
1.9566720135197633
2.0403733936884962
2.2585728843419153
2.1735572622751853
2.0403733936884962
1.760495029766198
2.2062389286533897
2.3627402784989338
2.4404040177209283
1.971747257128181
2.1174924611847548
1.971747257128181
2.202819531114783
2.054585169337799
1.8262452584026092
2.0403733936884962
2.5967916319816364
2.004886164091843
2.0
2.495602923729013
2.0132790219068077
2.353533948577482
2.0403733936884962
2.1735572622751853
1.8892464285091581
2.051361789187549
2.0403733936884962
2.5591759275284955
2.1280852788913944
1.823067982273661
1.971747257128181
2.049452072789394
2.403677461028802
1.8585552118703144
1.896240625180289
1.948810610453812
1.971747257128181
1.971747257128181
2.473851389610045
2.451758284126438
2.30827083453526
2.5967916319816364
2.0
1.9182958340544893
2.3921472236645345
2.004886164091843
2.077819531114783
2.133937566094917
2.08746284125034
2.474601752714581
2.063558608511122
1.9986525468781666
2.270942421748537
2.353533948577482
2.0403733936884962
1.8676338909712125
2.0403733936884962
1.8676338909712125
2.0403733936884962
2.5306390622295662
1.8423709931771084
1.9473387961875537
2.7011207838442464
2.556656707462823
2.1887870678023824
2.1280852788913944
1.5304930567574824
2.292481250360578
2.440404017720928
1.789929075309999
2.1280852788913944
2.075869296697727
1.9746017527145812
1.971747257128181
1.6644977792004614
2.0403733936884962
2.1842612638641032
1.8250112108241772
1.971747257128181
2.4330547121392594
1.9182958340544893
2.049452072789394
2.0458416408851736
2.2062389286533897
2.2062389286533897
2.2062389286533897
2.2062389286533897
2.2062389286533897
2.2062389286533897
2.2062389286533897
2.2062389286533897
2.2062389286533897
2.2062389286533897
2.2062389286533897
2.2062389286533897
2.2062389286533897
2.2062389286533897
2.2062389286533897
2.2062389286533897
2.2062389286533897
2.2062389286533897
2.2062389286533897
2.2062389286533897
2.2062389286533897
2.2062389286533897
2.2062389286533897
2.2062389286533897
2.2062389286533897
2.2062389286533897
2.2062389286533897
1.971747257128181
1.971747257128181
1.971747257128181
1.971747257128181
1.971747257128181
1.971747257128181
1.971747257128181
1.971747257128181
1.971747257128181
1.971747257128181
1.971747257128181
1.971747257128181
1.971747257128181
1.971747257128181
1.971747257128181
1.971747257128181
1.971747257128181
1.971747257128181
2.2062389286533897
2.2062389286533897
2.2062389286533897
2.2062389286533897
2.2062389286533897
2.2062389286533897
2.2062389286533897
2.2062389286533897
2.2062389286533897
2.2062389286533897
2.2062389286533897
2.2062389286533897
2.2062389286533897
2.2062389286533897
2.0274893113295236
1.9523612813926658
1.971747257128181
1.971747257128181
1.971747257128181
1.971747257128181
1.971747257128181
1.971747257128181
1.971747257128181
1.971747257128181
1.971747257128181
1.9182958340544893
2.1416195253341384
1.9591479170272446
2.0403733936884962
2.128085278891394
2.038159681645953
1.6577427265048887
2.1416195253341384
2.1556390622295662
1.8676338909712125
2.1280852788913944
2.004886164091843
1.8272158847079996
2.0199730940219753
1.9182958340544893
2.0048861640918427
1.6644977792004614
2.054585169337799
1.9211796919474975
2.221251836004466
1.6577427265048887
2.1559681021459083
1.780672129520887
1.836591668108979
2.054585169337799
1.867633890971212
2.2841591278514217
1.7924812503605778
1.971747257128181
2.251629167387823
1.584962500721156
2.0403733936884962
1.8879185026711327
2.038159681645953
2.148834854280917
2.4416298737872246
2.0403733936884962
1.867633890971212
2.0403733936884962
2.0
2.3221793455166666
1.4591479170272448
1.7758589482446405
1.971747257128181
1.7924812503605778
2.217021885879718
2.3528449740496917
1.971747257128181
2.1716471811466906
2.249658802766135
1.856564762130954
2.460904932167797
2.049452072789394
2.33012496531497
2.0403733936884962
2.1954618442383222
2.278351811711312
2.263809173883546
1.9653059184883495
2.0021722231837638
2.064042639445697
2.319240704636849
2.049452072789394
2.049452072789394
2.029526332323075
2.206238928653389
2.1492553971684996
1.9746017527145812
2.406666316740689
2.4404040177209283
2.1735572622751853
2.217021885879718
1.8234982365068828
2.217021885879718
1.9182958340544893
1.4040558827596905
2.023219672335508
1.9666647687885894
2.0403733936884962
2.603157986872599
1.7924812503605778
2.0403733936884962
2.1556390622295662
1.8423709931771086
2.2051099000738694
2.225610814520738
2.128085278891394
2.460964047443681
2.077819531114783
1.8799649487271108
2.2359263506290326
2.2841591278514217
2.2877837199410704
2.0403733936884962
2.221251836004466
1.867633890971212
2.240857286493036
2.049452072789394
2.2810361125534233
2.067130688335406
2.2877837199410704
2.1416195253341384
2.3050365325772657
2.0349409139562287
1.789929075309999
1.6644977792004614
2.1774212838293647
2.0403733936884962
2.33012496531497
2.460904932167797
2.349601752714581
2.278351811711312
2.038159681645953
2.1280852788913944
1.561278124459133
2.049452072789394
1.9877733714879842
1.971747257128181
1.789929075309999
2.4040097573248596
2.2389205950315936
2.221251836004466
2.1887870678023824
2.5580510765444573
1.75
1.7799077162074428
2.353533948577482
1.971747257128181
2.0809573690586958
2.026749397340186
2.3220847276178658
1.8322488896002305
1.9591479170272446
2.0805005306402675
1.7924812503605778
1.8676338909712125
2.3395722619867225
2.3637132757501895
2.5073801024236357
1.8776402831734211
1.8799649487271108
1.9852281360342512
2.21577067413792
2.287783719941071
1.971747257128181
2.206238928653389
2.153291231890481
2.473851389610045
2.1920058354921066
1.7924812503605778
2.5566567074628237
1.971747257128181
1.971747257128181
1.9211854965885542
1.789929075309999
2.084962500721156
2.3395722619867225
1.965596230357602
1.9508257945180885
1.789929075309999
2.0403733936884962
2.359879028736861
2.3242764617775693
2.403677461028802
1.971747257128181
2.251629167387823
2.396782221599798
2.075869296697727
2.396782221599798
2.2062389286533897
1.9591479170272446
2.1280852788913944
2.075869296697727
2.128085278891394
1.7924812503605778
2.125814583693911
1.9182958340544893
2.2841591278514217
1.8817736011699857
2.3942811477133943
1.840545648629973
2.1440239107574226
2.045841640885174
2.440404017720928
2.4192407046368487
2.049452072789394
1.971747257128181
2.039353872167201
2.323219672335508
2.440404017720928
2.5901998765158556
2.345851989338261
2.0545851693377997
2.004886164091843
2.3227569588973984
2.0403733936884962
1.816228821780955
2.2825364515517497
1.9808259362290785
1.9877733714879842
2.1280852788913944
2.0403733936884962
2.0403733936884962
2.1280852788913944
2.375
2.0403733936884962
1.9591479170272446
1.9182958340544896
2.125814583693911
2.403677461028802
2.217021885879718
2.1280852788913944
1.8585552118703144
1.8676338909712125
1.971747257128181
1.867633890971212
2.4520146518289114
2.146465798504072
2.1308269522460908
2.2256108145207376
2.396310424640968
1.823067982273661
1.5304930567574824
2.271782221599798
1.971747257128181
1.9877733714879842
2.196791631981637
1.9211854965885542
1.8676338909712125
1.9508257945180885
1.5566567074628228
2.1556390622295662
2.4137995646056805
2.5306390622295662
1.867633890971212
2.005977711423774
1.789929075309999
2.217021885879718
2.0403733936884962
2.33012496531497
2.2062389286533897
1.7924812503605778
2.291620193427939
1.7924812503605778
2.0403733936884962
1.971747257128181
1.0862293462325945
2.271099960346404
2.353533948577482
2.0403733936884962
1.8339272176418302
2.063202513215852
2.358938532350277
1.8423709931771084
2.1800365325772657
2.263809173883546
2.0403733936884962
2.133937566094917
1.9182958340544896
2.0403733936884962
2.0349409139562287
2.146782221599798
2.199687794731328
2.103909910282364
2.0403733936884962
2.1179631753145163
2.004886164091843
2.1179631753145163
2.049452072789394
2.077819531114783
2.049452072789394
1.780672129520887
2.0403733936884962
2.3432578733442675
2.3432578733442675
2.260820318171659
2.260820318171659
2.1735572622751853
2.5724694587701356
2.2232196723355075
2.651427849336391
2.403677461028802
2.2479275134435857
2.353533948577482
2.128085278891394
2.181899057917561
2.1179631753145163
2.3432578733442675
2.3432578733442675
2.0225797618424917
2.25
2.1179631753145163
2.353533948577482
2.0403733936884962
2.0403733936884962
2.54320762030158
2.403677461028802
1.867633890971212
2.278351811711312
2.1887870678023824
2.0524212838293647
1.971747257128181
2.2492870686521593
2.491114850055185
2.0634582986483037
2.3921472236645345
2.279799131837405
2.279799131837405
2.0634582986483037
2.0634582986483037
2.0634582986483037
2.0634582986483037
2.0634582986483037
2.0634582986483037
1.971747257128181
2.125814583693911
2.0634582986483037
2.0634582986483037
2.0634582986483037
2.0634582986483037
2.0634582986483037
2.0634582986483037
2.0634582986483037
2.0634582986483037
2.0634582986483037
2.0634582986483037
2.0634582986483037
2.0634582986483037
1.8676338909712125
2.188142053480656
2.0634582986483037
2.0634582986483037
2.0634582986483037
2.0634582986483037
2.0634582986483037
2.0634582986483037
2.279799131837405
2.33198056664107
1.896240625180289
1.896240625180289
1.896240625180289
1.896240625180289
1.896240625180289
1.896240625180289
1.896240625180289
1.896240625180289
1.896240625180289
1.896240625180289
1.896240625180289
2.279799131837405
2.2151023214150656
2.4634582986483036
2.0634582986483037
2.0634582986483037
2.0634582986483037
2.0634582986483037
2.0634582986483037
2.0634582986483037
2.0113650418263798
2.125814583693911
1.971747257128181
2.199687794731328
1.750224877285235
2.4305946180235423
2.395998870534841
2.292481250360578
2.021782221599798
1.7924812503605778
2.0403733936884962
2.125814583693911
2.2890179898186576
2.292481250360578
1.823067982273661
2.251629167387823
1.971747257128181
2.6589934152538053
1.8879185026711327
2.292481250360578
1.7924812503605778
1.9591479170272446
2.199687794731328
1.9182958340544893
2.2797991318374056
1.911019762941161
2.004886164091843
2.004886164091843
2.296106298395451
2.2389205950315936
2.7146931701823047
2.0202442071537563
1.7841591278514217
2.0403733936884962
2.1556390622295662
2.292481250360578
2.125814583693911
2.3160263224062674
2.33012496531497
2.3232196723355076
1.789929075309999
1.9877733714879842
2.2556143083370053
1.971747257128181
2.2877837199410704
1.7924812503605778
1.7924812503605778
2.7381081122623816
1.9246733686301718
2.063202513215852
2.322756958897399
2.410762106246821
2.5580510765444573
2.1040437177782714
2.349601752714581
2.291620193427939
2.523986065961297
2.0131324651707385
2.1739731346044096
2.1179631753145163
2.038159681645953
2.350209029099897
2.2890179898186576
1.8676338909712125
1.584962500721156
1.823067982273661
2.2256051990169436
2.1280852788913944
2.075869296697727
2.522740045214949
1.8676338909712125
2.08746284125034
2.0403733936884962
2.1967916319816365
2.7254128972590443
2.09098996700847
2.0403733936884962
2.049452072789394
2.395461844238322
2.0349409139562287
2.054585169337799
1.8676338909712125
2.038159681645953
2.359879028736861
2.0403733936884962
1.867633890971212
1.8285353655857572
1.9161269465882842
1.426264754702098
2.080500530640267
2.074164743022575
1.8879185026711327
2.0403733936884962
1.97285859862763
2.3220847276178658
1.7924812503605778
2.0
2.251629167387823
2.004886164091843
1.75
2.1967916319816365
2.049452072789394
2.23345859334435
2.2841591278514217
2.53414684380524
1.896240625180289
1.9056390622295665
1.896240625180289
1.807354922057604
2.521782221599798
2.038159681645953
1.9056390622295665
2.2987949406953985
2.279799131837405
2.340964076893557
1.971747257128181
1.5487949406953985
2.1920058354921066
2.0874628412503395
2.7003581937886203
2.4137995646056805
2.0403733936884962
2.0670314951575843
2.4634582986483036
2.2062389286533897
2.1179631753145163
1.8423709931771084
1.96307418942857
1.7924812503605778
2.35845859334435
1.9182958340544893
2.2841591278514217
1.5566567074628228
2.125814583693911
2.748778124459133
2.133937566094917
1.962806631693174
2.054585169337799
2.084962500721156
2.251629167387823
1.7924812503605778
2.1920058354921066
2.1887870678023824
2.0294069451656007
2.0403733936884962
2.002755067189044
2.049452072789394
1.9877733714879842
2.1967916319816365
2.0930692077718898
2.2037016960573483
1.7244078178625923
2.221251836004466
2.2096909728231857
2.116299605701696
2.0349409139562287
2.375
2.2841591278514217
1.8496017527145812
2.004886164091843
2.221251836004466
2.0403733936884962
2.0403733936884962
2.022579761842491
1.971747257128181
2.406666316740689
2.463458298648303
2.0403733936884962
1.811278124459133
1.8423709931771084
2.396782221599798
2.125814583693911
1.7841591278514217
1.8423709931771084
1.789929075309999
1.9508257945180885
1.8585552118703144
2.000080876099379
2.224601752714581
2.25
1.896240625180289
2.1174924611847548
2.199687794731328
2.1690354219421173
2.387918502671133
1.971747257128181
2.125814583693911
2.1416195253341384
2.2877837199410704
1.9508257945180885
1.9182958340544893
2.422579761842492
1.867633890971212
1.7924812503605778
1.8676338909712125
1.85360957141331
2.004886164091843
1.971747257128181
1.8694140305639055
1.6644977792004614
2.4164997849817103
2.2096909728231857
2.1117374334224666
1.4963921134748062
1.8676338909712125
2.251629167387823
2.1607047528877827
1.9528195311147831
1.971747257128181
2.263809173883546
2.1607047528877827
2.403677461028802
2.5724312513221195
1.7244078178625923
2.2389205950315936
2.2920717524577867
2.33012496531497
1.9688238866642984
1.789929075309999
2.1800365325772657
2.1440239107574226
2.1800365325772657
2.0590391046748544
1.971747257128181
1.9942994759573032
2.004886164091843
1.7924812503605778
2.3208020839342964
2.133937566094917
1.8230264907128848
2.1280852788913944
2.004886164091843
2.224601752714581
2.1324373408045867
1.971747257128181
1.971747257128181
2.217021885879718
2.054585169337799
2.145136370153053
1.823067982273661
2.199687794731328
2.0403733936884962
2.1174924611847548
2.3627402784989338
2.0948567835487384
1.9591479170272446
2.0403733936884962
2.091917186688699
1.8230679822736608
1.8423709931771084
2.0403733936884962
2.1280852788913944
2.4846306873604207
1.8050365325772657
2.292481250360578
2.0403733936884962
1.8419289172795863
1.9508257945180885
2.2505719454545816
2.25
1.971747257128181
2.125814583693911
2.8654587202739124
2.224601752714581
2.345851989338261
2.0403733936884962
2.321711491893328
2.9298186888916953
2.231729149324152
1.971747257128181
1.8676338909712125
1.8676338909712125
2.251629167387823
1.971747257128181
2.0
2.251629167387823
2.336953705306273
2.60623892865339
2.279799131837405
2.148834854280917
1.971747257128181
2.049452072789394
2.049452072789394
2.188110875911378
2.038159681645953
2.349601752714581
2.4473518144449935
2.0403733936884962
1.823067982273661
2.045841640885174
2.0403733936884962
2.049452072789394
1.7924812503605778
1.8676338909712125
2.1556390622295662
1.971747257128181
2.3082708345352603
2.0403733936884962
1.950212064914747
1.9814963295286754
1.8676338909712125
2.1416195253341384
2.0458416408851736
1.971747257128181
2.074164743022575
2.521782221599798
2.049452072789394
2.221251836004466
1.9591479170272446
1.867633890971212
2.049452072789394
2.0403733936884962
2.1055872616982603
2.0419460322060456
1.7841591278514217
1.7884504573082893
2.287783719941071
1.971747257128181
2.1887870678023824
1.7709505944546688
2.295461844238322
1.75
1.6644977792004614
2.1280852788913944
2.004886164091843
2.7321507672063827
1.9508257945180885
2.022579761842491
2.049452072789394
1.7924812503605778
2.1280852788913944
2.4137995646056805
1.971747257128181
2.077819531114783
1.7841591278514217
2.4474015047059146
2.0
2.260820318171659
2.472905595320056
1.7779849042597489
2.263809173883546
1.7924812503605778
2.0403733936884962
2.0403733936884962
2.358938532350277
1.971747257128181
1.9591479170272446
2.0550365325772657
2.4137995646056805
1.971747257128181
2.004886164091843
2.0202442071537563
1.9609640474436814
1.971747257128181
1.9508257945180885
2.1735572622751853
2.224601752714581
1.9182958340544896
1.9698110652780971
2.0403733936884962
2.068096693865725
2.002539553518284
2.0403733936884962
2.001083296812587
2.0403733936884962
2.0403733936884962
1.8553885422075338
2.463458298648303
2.403677461028802
2.0403733936884962
2.148834854280917
1.4591479170272448
2.1556390622295662
1.867633890971212
2.0792028044502624
2.3942811477133943
1.867633890971212
2.251629167387823
2.4056390622295662
1.9877733714879842
2.2062389286533897
2.147077673396552
2.3627402784989338
2.25
1.7533050945823043
2.260964047443681
1.789929075309999
2.0403733936884962
2.292481250360578
2.004886164091843
2.10558726169826
2.2987949406953985
2.199687794731328
2.0273941713765185
1.8919954870390203
2.1735572622751858
2.3564933686144904
2.322756958897399
2.0718861869120673
2.5580510765444573
1.780672129520887
2.0403733936884962
1.8879185026711327
2.2880964305291065
2.2841591278514217
2.1739731346044096
1.947338796187554
1.823067982273661
2.125814583693911
2.049452072789394
2.2810361125534233
2.0403733936884962
2.9632156925345834
2.0550365325772657
2.279799131837405
2.270942421748537
2.1280852788913944
2.0989295636909353
2.4225797618424916
2.292481250360578
1.823067982273661
2.063202513215852
1.9877733714879842
1.722266311943983
1.8618540887146815
2.0403733936884962
1.7295739585136223
1.971747257128181
2.5073801024236357
2.221251836004466
2.146465798504072
2.263809173883546
2.33012496531497
2.125814583693911
1.971747257128181
2.463458298648303
2.1920058354921066
2.206238928653389
1.9182958340544893
2.146782221599798
2.270942421748537
1.9056390622295665
1.75
2.1464657985040723
2.0403733936884962
2.372094637795624
2.221251836004466
2.199687794731328
2.0403733936884962
1.867633890971212
1.8919954870390203
1.9182958340544893
1.8676338909712125
1.9182958340544893
2.646782221599798
1.8676338909712125
1.968873874720721
1.8423709931771084
1.561278124459133
2.873221296687272
1.9746017527145812
1.8676338909712125
2.479233694811193
2.199687794731328
1.9877733714879842
1.896240625180289
2.5073801024236357
1.971747257128181
2.0403733936884962
2.0403733936884962
2.7395722619867224
2.1920058354921066
2.699513850319966
2.1567796494470395
2.063202513215852
2.65887184844536
1.823067982273661
1.9609640474436814
2.008805622540176
1.8016366412706075
2.0225797618424917
2.251629167387823
2.199687794731328
1.789929075309999
2.1179631753145163
1.7295739585136223
2.0225797618424917
1.9211796919474975
2.148834854280917
2.4577174691301487
1.8676338909712125
1.9508257945180885
2.004886164091843
1.9795739585136225
2.049452072789394
2.5580510765444573
2.0403733936884962
2.199687794731328
2.33012496531497
2.0403733936884962
2.0403733936884962
2.125814583693911
1.896240625180289
2.1258145836939115
2.2208301866152924
1.971747257128181
2.6556390622295662
2.1280852788913944
2.199687794731328
2.004886164091843
2.289246428509158
2.0403733936884962
2.1280852788913944
1.896240625180289
1.7004397181410922
1.971747257128181
2.350209029099897
2.2946939516467024
1.7758589482446405
2.4225797618424916
2.523301166237248
1.9591479170272446
2.508412820546011
2.0403733936884962
2.3627402784989338
2.0545851693377997
2.032128525239341
1.807354922057604
2.225610814520738
2.4885548621928453
2.221251836004466
2.3432578733442675
2.292481250360578
2.214838160510004
2.359879028736861
1.971747257128181
1.971747257128181
2.4092672522514684
2.1299471844774778
2.444036326471962
2.4137995646056805
2.6940193571219355
2.331247174491948
1.7924812503605778
1.8553885422075338
2.25
2.1556390622295662
1.9473387961875537
1.9016094970590272
2.0
2.5010903488724994
1.8423709931771084
2.004886164091843
2.48345859334435
1.867633890971212
1.8454629725233302
1.8676338909712125
2.440404017720928
1.823067982273661
2.2797991318374056
2.1812056673346514
1.9473387961875537
2.3395722619867225
2.058813890331201
2.0403733936884962
2.004886164091843
2.125814583693911
2.2485731395538666
2.199687794731328
2.054585169337799
2.0403733936884962
1.7924812503605778
2.5032583347756456
2.128085278891394
2.3584585933443494
2.292481250360578
2.0403733936884962
2.169925001442312
1.789929075309999
2.058813890331201
1.9192407046368487
2.2877837199410704
2.1280852788913944
2.406666316740689
2.09098996700847
2.3308442812140955
2.0199730940219753
2.0979931624271395
2.473851389610045
2.0403733936884962
1.8585552118703144
2.054585169337799
2.489655670358648
1.6644977792004614
2.1774212838293647
2.125814583693911
2.441446071165522
2.33012496531497
2.125814583693911
2.251629167387823
1.867633890971212
1.9591479170272446
1.8676338909712125
2.084962500721156
2.0
2.049452072789394
2.1416195253341384
2.7170218858797175
2.3942811477133943
2.3432578733442675
2.221251836004466
2.0403733936884962
1.9954618442383218
2.1179631753145163
2.2841591278514217
2.289017989818658
2.0403733936884962
1.75
2.3726377879832063
1.971747257128181
2.4137995646056805
1.867633890971212
2.074164743022575
2.221251836004466
2.5341468438052397
2.084962500721156
2.3192407046368486
2.251629167387823
1.823067982273661
2.125814583693911
2.1619781796795534
1.971747257128181
2.084962500721156
2.0403733936884962
1.971747257128181
1.4591479170272448
2.6248958353365452
2.049452072789394
2.098579861712074
1.9591479170272446
2.3208020839342964
2.125814583693911
2.049452072789394
2.2096909728231857
2.403677461028802
2.23345859334435
1.965596230357602
1.8944992041714883
1.9989605881713537
2.004886164091843
2.0403733936884962
2.3082708345352603
2.4225797618424916
2.2359263506290326
2.217021885879718
2.049452072789394
2.049452072789394
1.896240625180289
1.867633890971212
1.971747257128181
1.780672129520887
2.1280852788913944
2.054585169337799
2.556656707462823
2.225605199016944
2.2516291673878226
2.049452072789394
1.9182958340544896
2.0403733936884962
2.145136370153053
2.026802018796213
2.004886164091843
2.263809173883546
1.7841591278514217
2.063202513215852
2.075074223172834
2.6550505394177746
2.054585169337799
2.054585169337799
2.4613201402110083
1.867633890971212
2.291620193427939
2.133937566094917
2.0
1.8262452584026092
2.038159681645953
2.199687794731328
2.390863696857044
2.219240704636849
2.2856005389623077
2.1339375660949167
2.2841591278514217
2.054585169337799
1.9182958340544893
1.9301249653149701
2.220068302234069
2.463458298648303
2.251629167387823
2.125814583693911
2.117492461184755
2.180387732845587
1.9182958340544896
2.088376371734507
2.0349409139562287
1.8901239817274842
1.971747257128181
2.145136370153053
2.4164997849817107
2.1887870678023824
2.049452072789394
1.8676338909712125
2.0349409139562287
2.054585169337799
2.0403733936884962
2.040223928941852
2.443642020907616
1.8170594523438588
2.278351811711312
2.472905595320056
2.406666316740689
1.584962500721156
2.1577174691301484
1.789929075309999
2.054585169337799
2.142683189255492
2.0406927883165054
2.0403733936884962
2.270942421748537
1.823067982273661
2.552092532945612
2.292481250360578
2.1280852788913944
2.353533948577482
2.062656348037272
2.2810361125534233
2.2856005389623073
2.049452072789394
2.0403733936884962
1.9123508077539728
1.950212064914747
2.495602923729013
2.133937566094917
1.6577427265048887
1.9772354454083079
2.0550365325772657
1.971747257128181
1.9056390622295665
1.823067982273661
1.971747257128181
2.049452072789394
2.5538676556741238
2.495602923729013
2.1179631753145163
1.7924812503605778
2.3395722619867225
2.011920928594794
2.0403733936884962
1.971747257128181
2.279799131837405
1.9068905956085187
1.9591479170272446
2.353533948577482
2.2585728843419157
2.292481250360578
1.8423709931771088
2.0403733936884962
2.1280852788913944
1.971747257128181
2.0403733936884962
2.1967916319816365
2.7254128972590443
2.521782221599798
2.155913095175825
1.8618540887146813
2.471581588126284
1.9502120649147467
2.054585169337799
2.0403733936884962
1.971747257128181
1.971747257128181
2.0403733936884962
2.495602923729013
1.7924812503605778
2.221251836004466
2.049452072789394
2.344462299865442
1.9898980954642875
2.125814583693911
2.2890179898186576
1.7924812503605778
1.9182958340544893
2.5306390622295662
2.0
2.10845859334435
2.054585169337799
1.823067982273661
2.1920058354921066
2.225610814520738
1.789929075309999
1.9508257945180885
1.867633890971212
1.8879185026711327
1.7924812503605778
1.896240625180289
2.7192712116857094
2.245869617795809
2.221251836004466
2.3232196723355076
2.1464657985040723
1.4591479170272448
1.728308011580245
2.049452072789394
2.0403733936884962
2.1179631753145163
2.1887870678023824
1.7924812503605778
2.0403733936884962
2.1280852788913944
2.7732651092122573
2.016875695766564
2.255646899398185
1.971747257128181
2.0403733936884962
2.0989295636909353
2.3232196723355076
2.320423374953668
2.3353836207645444
2.2841591278514217
1.7924812503605778
2.0
2.125814583693911
2.375
1.836591668108979
1.9392365361682793
1.9309473943602498
1.525124716575862
1.9182958340544893
2.049452072789394
2.15413541726763
2.181899057917561
2.7721341908347865
2.1280852788913944
1.971747257128181
1.971747257128181
1.7924812503605778
2.2232196723355075
2.3443609377704338
2.1117374334224666
2.1319212643287506
2.125814583693911
1.896240625180289
2.2877837199410704
1.9393538721672008
1.969389419529156
2.0403733936884962
2.039866254419
2.0837651410695517
2.1280852788913944
2.2773276830375746
1.7924812503605778
2.075869296697727
1.8230679822736608
2.0403733936884962
2.217021885879718
1.8919954870390203
2.119240704636849
2.353533948577482
2.054585169337799
1.9591479170272446
2.1416195253341384
2.1416195253341384
2.217021885879718
2.1280852788913944
2.145136370153053
2.1179631753145163
2.2479275134435857
2.099601752714581
2.0395192779993208
2.5073801024236357
2.0403733936884962
2.08746284125034
2.054585169337799
1.7924812503605778
1.9751060324573733
1.8423709931771084
0.8112781244591328
2.4592381737403235
2.049452072789394
2.0403733936884962
2.403733985342261
1.9877733714879842
1.855388542207534
2.1632095937363847
1.9063737740048916
2.2433437684823567
1.9451720035002105
2.0948567835487384
2.0225797618424917
1.823067982273661
2.064042639445697
2.1280852788913944
2.098579861712074
1.7924812503605778
2.225605199016944
1.9591479170272446
2.049452072789394
1.823067982273661
1.9852281360342514
2.199687794731328
1.4591479170272448
2.1280852788913944
2.049452072789394
2.1800365325772657
2.375
2.292481250360578
1.7924812503605778
2.054585169337799
1.7924812503605778
1.811278124459133
2.063458298648303
2.038159681645953
1.9591479170272446
1.8676338909712125
1.4591479170272448
1.971747257128181
2.222683189255492
2.119035274338866
2.221251836004466
1.9790978911348045
1.7863012011716395
2.1416195253341384
2.10845859334435
2.2062389286533897
2.33012496531497
2.0
2.1416195253341384
2.1280852788913944
2.0403733936884962
1.965596230357602
2.0670314951575843
1.9903166968736787
2.3071885761626687
2.007856063692049
1.9877733714879842
2.147077673396552
1.93012496531497
1.9591479170272446
2.0403733936884962
1.9533040442609686
1.7961796919474975
2.0403733936884962
1.971747257128181
2.0294069451656007
2.1735572622751858
2.3227569588973984
2.260820318171659
1.836591668108979
1.8676338909712125
2.7840986086486845
2.33012496531497
2.33012496531497
2.230994305917858
1.971747257128181
2.349601752714581
2.0403733936884962
1.867633890971212
2.199687794731328
1.867633890971212
2.049452072789394
2.322756958897399
2.1920058354921066
2.0741647430225756
1.8843135277997989
1.8676338909712125
2.049452072789394
2.038159681645953
1.9591479170272446
2.1416195253341384
1.789929075309999
2.0403733936884962
1.8676338909712125
2.029561245664435
2.125814583693911
2.0403733936884962
2.3068905956085186
2.054585169337799
2.125814583693911
1.9502120649147465
2.542482693809728
1.789929075309999
1.823067982273661
2.322756958897399
2.011920928594794
2.074164743022575
1.7924812503605778
2.1280852788913944
2.0403733936884962
1.9528195311147831
2.406666316740689
1.9764892117991657
1.971747257128181
1.971747257128181
2.4806821149663847
2.1173442079779345
2.4137995646056805
2.0458416408851736
2.0602489763846963
1.9182958340544896
1.9182958340544893
2.1774212838293647
1.9591479170272446
2.221251836004466
2.326139912208212
2.038159681645953
2.0403733936884962
2.521782221599798
2.049452072789394
1.907516971950949
1.789929075309999
2.0403733936884962
1.8423709931771084
1.971747257128181
1.789929075309999
2.339513641785163
2.0403733936884962
2.049452072789394
1.896240625180289
1.9182958340544893
2.375
1.8250112108241772
2.0403733936884962
2.257606878811597
2.384966457016227
2.2841591278514217
1.971747257128181
1.9852281360342514
1.789929075309999
2.310013595952565
2.049452072789394
1.9591479170272446
1.9182958340544893
2.1295679874183233
2.1416195253341384
2.0403733936884962
2.049452072789394
2.0403733936884962
1.815693189708237
2.1814963295286756
2.33012496531497
1.8325518169307426
2.0403733936884962
2.125814583693911
2.219240704636849
2.2841591278514217
2.0349409139562287
2.049452072789394
2.0403733936884962
1.8423709931771084
2.2877837199410704
1.971747257128181
2.049452072789394
1.798707986239321
2.0403733936884962
1.9182958340544893
2.1280852788913944
1.789929075309999
1.867633890971212
2.5226203095310216
1.8726696380501495
1.789929075309999
2.199687794731328
2.5580510765444573
1.867633890971212
2.5341468438052397
2.33012496531497
1.789929075309999
2.125814583693911
2.0403733936884962
2.3395722619867225
2.162368783573502
2.0814963295286755
2.4634582986483036
2.199687794731328
1.7841591278514217
1.936278124459133
1.8365916681089791
1.9182958340544893
2.998186431313851
2.0048861640918427
2.1812056673346514
1.9211854965885542
2.004886164091843
2.0626563480372715
2.349601752714581
2.049452072789394
2.422579761842491
2.1843170282144424
1.971747257128181
1.9877733714879842
2.4056390622295662
2.474601752714581
1.994299475957303
2.292481250360578
2.5019644864853046
1.75
1.7609640474436812
1.971747257128181
1.9508257945180885
1.9508257945180885
1.7924812503605778
1.9508257945180885
1.7924812503605778
1.9182958340544893
2.1967916319816365
1.971747257128181
2.098579861712074
2.049452072789394
2.523986065961297
2.263809173883546
2.473851389610045
1.9473387961875537
1.867633890971212
1.8751310486364097
1.965596230357602
2.208196592277087
2.323231428797621
2.049452072789394
1.867633890971212
2.287783719941071
1.7758589482446405
2.2983094013008034
2.1887870678023824
2.1179631753145163
2.125814583693911
2.2232196723355075
2.33012496531497
1.9182958340544893
1.8585552118703144
2.0403733936884962
1.8294732983598407
1.971747257128181
2.2841591278514217
2.004886164091843
2.350209029099897
2.004886164091843
1.7295739585136223
1.7924812503605778
1.8676338909712125
2.199687794731328
2.0403733936884962
2.0403733936884962
1.789929075309999
2.0403733936884962
1.836591668108979
2.004886164091843
2.521782221599798
2.0403733936884962
2.278351811711312
2.196791631981637
1.9473387961875537
1.8423709931771084
2.3192407046368486
2.4634582986483036
2.202819531114783
1.9211854965885542
2.054585169337799
2.2516291673878226
1.9574945643764097
2.8523037954930768
2.004886164091843
1.9343170282144424
1.971747257128181
2.007856063692049
2.2841591278514217
2.681449426894339
1.971747257128181
1.8879185026711327
1.965596230357602
2.270942421748537
2.0403733936884962
2.1887870678023824
2.084962500721156
2.2062389286533897
2.1920058354921066
2.004886164091843
2.8019595038967813
1.971747257128181
2.287783719941071
2.440404017720928
2.5366082543914996
2.5073801024236357
1.7924812503605778
2.192005835492107
2.4577174691301487
2.199687794731328
2.1735572622751853
2.199687794731328
1.9591479170272446
2.0403733936884962
1.8676338909712125
2.004886164091843
2.1920058354921066
2.049452072789394
2.33012496531497
2.1353503825268683
2.10845859334435
1.971747257128181
2.2841591278514217
1.6644977792004614
2.1684656711105887
2.0403733936884962
2.4441878916792965
2.2877837199410704
2.146465798504072
2.271782221599798
1.867633890971212
1.9182958340544896
1.8676338909712125
2.049452072789394
2.374556048381884
1.9591479170272446
1.6644977792004614
2.1735572622751853
2.2485731395538666
2.0403733936884962
2.4591904234199458
1.8231845140190253
2.0458416408851736
1.9609640474436814
2.199687794731328
2.038760752862686
1.8423709931771084
2.2806390622295662
2.004886164091843
2.521782221599798
2.202819531114783
1.971747257128181
2.0
2.004886164091843
2.374556048381884
1.7924812503605778
1.9185536318743903
2.263809173883546
1.590188115541581
2.360964047443681
1.867633890971212
2.199687794731328
2.217021885879718
2.075074223172834
2.0
2.0403733936884962
2.6688794966667437
2.0403733936884962
1.7924812503605778
1.8423709931771084
2.221251836004466
2.0403733936884962
1.8585552118703144
1.9877733714879842
2.2062389286533897
2.0403733936884962
2.1054105870684143
1.971747257128181
2.223219672335508
2.004886164091843
2.125814583693911
2.2987949406953985
2.472905595320056
2.004886164091843
1.9182958340544893
2.4416298737872246
2.0740870445590347
2.063202513215852
2.0225797618424917
2.2934550525280595
1.9591479170272446
1.9986525468781666
2.2608203181716595
1.9182958340544896
2.7574058114255178
1.789929075309999
2.064042639445697
2.1887870678023824
1.7924812503605778
2.30827083453526
1.896240625180289
1.6644977792004614
1.8676338909712125
2.289246428509158
2.0403733936884962
2.260820318171659
1.789929075309999
2.125814583693911
1.721928094887362
1.875
1.7924812503605778
2.049452072789394
2.1280852788913944
2.4416298737872246
2.0403733936884962
2.1280852788913944
2.378991986900062
2.0403733936884962
2.4164997849817107
2.521782221599798
2.0403733936884962
2.054585169337799
1.7924812503605778
2.0403733936884962
2.2892464285091583
2.239097917988786
2.004886164091843
2.260820318171659
1.8799649487271108
1.7313429881688323
2.292481250360578
1.971747257128181
2.3793084603233434
2.106762811725831
2.1464657985040723
2.0403733936884962
2.049452072789394
1.9591479170272446
1.5566567074628228
2.0403733936884962
1.9735561123277503
2.33012496531497
2.1577174691301484
2.2588300735571116
2.0729055953200564
1.8676338909712125
2.004886164091843
2.6812763696025814
1.9591479170272446
2.023219672335508
2.221251836004466
2.0461796919474975
1.7924812503605778
1.7924812503605778
2.3436284725557845
1.9877733714879842
2.221251836004466
1.9086126988727123
2.521782221599798
2.3395722619867225
2.251629167387823
1.8230264907128848
2.032149669953179
1.8230264907128848
1.823067982273661
2.396782221599798
2.359879028736861
2.292481250360578
1.5566567074628228
2.084962500721156
2.1638909867280645
2.1464657985040723
2.2485731395538666
1.789929075309999
2.3050365325772657
1.9182958340544893
2.251629167387823
1.789929075309999
1.971747257128181
1.789929075309999
2.019240704636849
1.9182958340544893
1.9591479170272446
1.811278124459133
2.1280852788913944
2.2877837199410704
2.0182155146751497
2.0403733936884962
1.9508257945180885
2.0403733936884962
1.9211854965885542
2.202819531114783
1.789929075309999
2.084962500721156
2.295461844238322
1.9641534765420037
2.1406064599010723
1.8676338909712125
1.971747257128181
2.049452072789394
2.084962500721156
2.3627402784989338
2.369571003855273
2.1999793267164867
2.125814583693911
2.0403733936884962
1.7924812503605778
2.1280852788913944
1.8423709931771084
1.971747257128181
2.390863696857044
1.896240625180289
1.971747257128181
2.3253314601288055
2.0403733936884962
2.5785519909913264
2.185475297227334
1.8676338909712125
2.370430461078689
2.2841591278514217
2.061278124459133
2.004886164091843
2.0403733936884962
2.4137995646056805
2.250807235905091
2.125
2.0403733936884962
2.004886164091843
2.5424826938097276
2.0403733936884962
2.3068905956085186
1.7924812503605778
1.7924812503605778
2.1967916319816365
2.125814583693911
2.0403733936884962
1.7534343861887849
2.4137995646056805
1.9508257945180885
2.1735572622751858
2.390863696857044
2.004886164091843
2.317520750262211
2.332914563979398
1.6644977792004614
2.1800365325772657
2.1690354219421173
1.7924812503605778
2.049452072789394
2.3068905956085186
2.0403733936884962
2.0191534613250357
1.9211854965885542
1.9197367178034825
1.8069354529773323
1.9211796919474975
1.971747257128181
2.0670314951575843
2.021782221599798
1.9877733714879842
1.864964677865418
1.9608598946069677
1.760495029766198
1.4056390622295665
1.867633890971212
2.1280852788913944
2.278351811711312
1.8250112108241772
1.789929075309999
2.074164743022575
1.8676338909712125
2.125814583693911
2.0349409139562287
2.199687794731328
1.9220231428515733
1.971747257128181
2.521782221599798
1.9182958340544893
2.0909899670084697
2.0403733936884962
2.292481250360578
1.971747257128181
2.73345859334435
2.125814583693911
1.8676338909712125
2.106048095418327
2.753434386188785
2.137876503740628
2.0403733936884962
2.0740870445590347
2.4885252948977485
2.1174924611847548
1.75
1.4591479170272448
2.125814583693911
2.2096909728231857
2.185475297227334
2.3208020839342964
2.054585169337799
2.0403733936884962
2.2841591278514217
2.4416298737872246
2.148834854280917
2.005977711423774
2.0132790219068077
1.789929075309999
2.3959988705348416
2.2096909728231857
2.1280852788913944
2.521782221599798
2.375
2.049452072789394
2.2803414313066765
1.915885150264076
2.1920058354921066
1.3997129359408662
2.219240704636849
2.049452072789394
2.2464393446710154
1.8676338909712125
2.013132465170739
2.0403733936884962
1.7924812503605778
2.114805144339332
2.440404017720928
2.199687794731328
2.130926080730337
2.4613201402110088
2.205109900073869
1.8423709931771084
2.162368783573502
2.114805144339332
2.221251836004466
1.867633890971212
2.049452072789394
1.9508257945180885
1.867633890971212
1.9508257945180885
1.8676338909712125
1.7924812503605778
2.049452072789394
2.1887870678023824
2.084962500721156
2.0403733936884962
2.221251836004466
2.217021885879718
2.0458416408851736
2.058813890331201
2.0403733936884962
2.125814583693911
2.499544305608131
2.4137995646056805
2.0403733936884962
2.148379761140027
1.789929075309999
1.7924812503605778
2.004886164091843
2.0632025132158516
2.350209029099897
2.2256051990169436
2.021782221599798
1.9312952802328744
2.292481250360578
2.0403733936884962
2.095241917363884
2.322756958897399
2.221251836004466
2.199687794731328
2.1774212838293647
2.2988252450030506
2.0403733936884962
2.146782221599798
1.789929075309999
2.0458416408851736
1.9508257945180885
1.856564762130954
2.4056390622295662
1.867633890971212
2.251629167387823
2.1280852788913944
2.054585169337799
1.971747257128181
2.004886164091843
2.011920928594794
2.221204342695824
2.0403733936884962
1.971747257128181
2.049452072789394
1.971747257128181
1.867633890971212
2.004886164091843
2.049452072789394
2.33012496531497
2.217021885879718
2.094856783548739
1.7924812503605778
2.1556390622295662
2.4404040177209283
2.4137995646056805
2.1416195253341384
1.8423709931771084
2.3342564252133498
2.0403733936884962
1.971747257128181
2.1179631753145163
2.4331958387289765
2.199687794731328
2.206238928653389
2.1416195253341384
1.9182958340544893
2.271782221599798
1.789929075309999
2.2103263741032393
2.1633347891038204
2.125814583693911
2.221251836004466
1.9591479170272446
2.2762966772665068
2.2808750600200116
2.2256051990169436
1.8919954870390203
1.994299475957303
1.9804820237218406
2.2232196723355075
1.8804820237218407
1.867633890971212
2.3479489118262413
2.33012496531497
1.971747257128181
2.287783719941071
1.7884504573082896
2.2841591278514217
1.971747257128181
2.004886164091843
1.8628214475995342
2.049452072789394
1.9182958340544893
2.206041568717602
2.0403733936884962
1.6577427265048887
2.3158243335257076
2.049452072789394
2.1179631753145163
1.867633890971212
1.8674924611847552
2.054585169337799
2.054585169337799
1.9591479170272446
1.9056390622295665
2.2389205950315936
2.2608203181716595
1.867633890971212
1.9508257945180885
2.0403733936884962
2.054585169337799
2.0403733936884962
1.823067982273661
1.8352377453121174
2.054585169337799
1.8810947601100747
2.2892464285091583
1.971747257128181
2.0403733936884962
1.9182958340544896
2.2359263506290326
2.7702834614222893
1.9508257945180885
2.239097917988786
1.8585552118703144
1.971747257128181
2.2877837199410704
2.0
2.1440239107574226
2.192005835492107
1.8676338909712125
2.0403733936884962
2.146465798504072
2.148834854280917
2.4178889510627526
2.125814583693911
1.971747257128181
2.4137995646056805
2.049452072789394
1.9473387961875537
1.971747257128181
2.0403733936884962
1.867633890971212
1.7924812503605778
2.038159681645953
1.9591479170272446
2.1416195253341384
2.125814583693911
2.05632607578088
2.1765196263630653
2.368681608963656
2.1405180562767114
2.350209029099897
1.8676338909712125
2.2841591278514217
2.0
2.6920966889958757
2.217021885879718
1.4591479170272448
2.148834854280917
2.0524212838293647
2.054585169337799
1.971747257128181
2.353533948577482
2.469670487371862
2.260820318171659
1.9877733714879842
2.0403733936884962
2.2627834289765825
2.107833210824613
2.4817145729860726
2.2096909728231857
2.114805144339332
2.1280852788913944
2.1967916319816365
1.971747257128181
2.084962500721156
2.0874628412503395
2.287783719941071
1.584962500721156
1.9852281360342514
1.9852281360342514
2.230994305917858
2.197159723424149
1.75
2.2627834289765825
2.004886164091843
2.0524212838293647
2.119240704636849
2.075869296697727
1.9591479170272446
2.1416195253341384
2.0545851693377997
1.9182958340544893
2.278351811711312
2.199687794731328
2.038159681645953
2.3959988705348416
2.263809173883546
2.049452072789394
2.004886164091843
2.396782221599798
1.9877733714879842
2.1416195253341384
2.0403733936884962
2.084962500721156
2.0403733936884962
2.289246428509158
1.9473387961875537
1.7924812503605778
2.1280852788913944
2.125814583693911
2.064042639445697
1.9508257945180885
2.292481250360578
1.971747257128181
2.4225797618424916
2.049452072789394
2.049452072789394
2.0403733936884962
2.1739731346044096
2.1774212838293647
1.9591479170272446
2.0670314951575843
1.9508257945180885
2.049452072789394
2.5073801024236357
2.1280852788913944
2.406666316740689
1.823067982273661
1.7295739585136223
2.169925001442312
2.1280852788913944
2.2603841441683157
2.260964047443681
1.780672129520887
2.125814583693911
2.12710573764545
1.8412501702815547
1.8085947862963574
2.0989295636909353
1.971747257128181
2.0979931624271395
2.0403733936884962
2.038760752862686
1.8879185026711327
1.7381493331928664
2.828781483140605
2.054585169337799
2.000080876099379
2.6416041678685933
2.0403733936884962
2.5073801024236357
2.074164743022575
2.0349409139562287
2.1179631753145163
2.199687794731328
1.789929075309999
2.1174924611847548
2.221251836004466
1.75
2.3455504574637076
1.9591479170272446
1.971747257128181
1.971747257128181
2.0403733936884962
2.0403733936884962
2.125
2.7036648350297985
2.292481250360578
2.0403733936884962
1.896240625180289
1.7924812503605778
1.9056390622295665
2.4225797618424916
2.054585169337799
1.6577427265048887
2.568084324344715
2.146465798504072
2.3301249653149703
2.0485421394990637
1.755336213432141
2.0403733936884962
2.005977711423774
2.469670487371862
1.971747257128181
2.0403733936884962
1.971747257128181
1.789929075309999
1.9473387961875537
2.2256051990169436
2.226120746842681
2.353533948577482
2.0524212838293647
2.5406052846907765
1.6577427265048887
2.2890179898186576
2.049452072789394
2.049452072789394
1.789929075309999
2.054585169337799
1.8423709931771084
2.0923953729624785
2.022579761842491
2.279799131837405
2.004886164091843
1.971747257128181
2.054585169337799
2.199687794731328
2.251629167387823
2.0403733936884962
2.354063475599007
2.469670487371862
2.125814583693911
1.9591479170272446
1.971747257128181
2.004886164091843
1.8400837592991008
1.8676338909712125
2.0403733936884962
2.0202442071537563
2.038159681645953
2.3921472236645345
2.0758692966977272
2.4579195645645378
2.004886164091843
1.8230264907128848
2.1406064599010723
2.0458416408851736
2.0048861640918427
2.0403733936884962
2.0403733936884962
2.205109900073869
2.4164997849817103
1.867633890971212
1.9068905956085187
2.221251836004466
2.038159681645953
2.1920058354921066
2.0805005306402675
2.09098996700847
2.0814963295286755
2.2096909728231857
2.0403733936884962
2.0814963295286755
2.1532912318904804
1.789929075309999
2.1837548319239213
2.0403733936884962
2.3192407046368486
1.7924812503605778
2.1174924611847548
2.202819531114783
2.004886164091843
1.971747257128181
1.7295739585136223
1.9182958340544893
2.0403733936884962
2.0048861640918427
2.4237949406953985
1.836591668108979
1.867633890971212
2.1464657985040723
2.0922718656836103
2.0403733936884962
1.7924812503605778
1.971747257128181
2.0403733936884962
2.128085278891394
2.1920058354921066
1.9508257945180885
2.217021885879718
2.365596230357602
2.054585169337799
1.8748587169101305
1.8423709931771086
2.054585169337799
1.9751060324573733
1.765957320949175
1.8585552118703144
2.0403733936884962
2.339572261986723
1.971747257128181
2.1416195253341384
2.0403733936884962
2.004886164091843
2.219973094021975
2.192005835492107
2.1280852788913944
2.221251836004466
2.054585169337799
2.045841640885174
2.0403733936884962
1.9591479170272446
1.9182958340544893
2.049452072789394
2.038159681645953
2.2569089895583545
2.385793200164783
1.9182958340544896
1.9591479170272446
2.4634582986483036
2.206238928653389
1.971747257128181
2.1179631753145163
2.0403733936884962
1.8423709931771084
1.8810947601100747
2.0545851693377997
2.146782221599798
1.971747257128181
2.0403733936884962
2.0403733936884962
2.0403733936884962
2.0403733936884962
2.2464393446710154
2.0403733936884962
2.6179781404530442
2.0545851693377997
1.4842709879736136
1.789929075309999
2.1774212838293647
2.2810361125534233
2.207641875328269
2.2608203181716595
2.371972819658381
2.359879028736861
2.7781845176903794
2.322756958897399
2.4404040177209283
2.1054105870684143
2.278351811711312
1.9508257945180885
2.119973094021975
1.971747257128181
1.9211854965885542
2.293455052528059
2.2627834289765825
2.125814583693911
2.4404040177209283
1.8423709931771088
2.2828208081983066
2.6556390622295662
2.292481250360578
2.3158243335257076
1.9182958340544893
2.5580510765444573
1.9056390622295665
2.004886164091843
2.4613201402110083
2.0403733936884962
2.292481250360578
1.854285871987246
1.8423709931771088
2.022579761842491
2.289482267019183
1.971747257128181
1.8676338909712125
2.049452072789394
2.292481250360578
2.02130273331039
2.125814583693911
2.049452072789394
2.049452072789394
2.038159681645953
2.841971187654411
2.1556390622295662
2.353533948577482
2.1800365325772657
1.8423709931771084
2.148834854280917
2.1556390622295662
2.197159723424149
2.075869296697727
2.0403733936884962
1.9182958340544893
2.049452072789394
2.637328694580643
1.75
2.0403733936884962
2.0403733936884962
1.7924812503605778
1.7841591278514217
2.1174924611847548
2.0403733936884962
1.7924812503605778
2.064042639445697
2.2810361125534233
1.8799649487271108
2.2877837199410704
1.4591479170272448
2.125814583693911
2.049452072789394
2.002755067189044
2.463458298648303
1.8676338909712125
2.1405180562767114
1.992778107459939
2.054585169337799
1.9328616737948698
2.004886164091843
2.289017989818658
1.780672129520887
2.5419032654617317
2.263809173883546
2.1416195253341384
2.2062389286533897
1.9509256607446965
2.263809173883546
2.1920058354921066
1.9182958340544893
2.049452072789394
1.971747257128181
2.300424108083221
2.1916116417513782
2.199687794731328
2.084962500721156
2.1967916319816365
2.199687794731328
1.6644977792004614
2.059822545132499
2.0814963295286755
2.267489073776515
2.1406064599010723
2.156339932776551
1.817740505541007
2.054585169337799
2.270942421748537
1.7924812503605778
2.0300872246321315
1.8919954870390203
1.9182958340544893
2.0403733936884962
2.424835634986198
1.9877733714879842
2.205109900073869
1.971747257128181
2.038159681645953
1.9182958340544893
2.0403733936884962
1.8676338909712125
2.221251836004466
1.789929075309999
1.971747257128181
2.142079563925711
2.0403733936884962
1.971747257128181
1.584962500721156
2.384183719779189
2.1179631753145163
2.1393538721672005
2.005977711423774
2.406666316740689
2.004886164091843
2.125814583693911
1.9591479170272446
1.9211854965885542
1.9473387961875537
2.049452072789394
2.0403733936884962
2.1179631753145163
2.388511518271973
2.049452072789394
2.199687794731328
1.9182958340544893
2.322756958897399
2.0403733936884962
2.148834854280917
2.4056390622295662
1.6644977792004614
1.836591668108979
1.896240625180289
2.0403733936884962
2.0308550939547767
2.0519549551411815
1.5566567074628228
1.950212064914747
1.8585552118703144
2.063458298648303
2.6756981353679867
1.9182958340544893
1.9852281360342514
2.1556390622295662
1.7924812503605778
2.967530280029051
1.75
2.049452072789394
2.0349409139562287
1.896240625180289
2.224601752714581
1.867633890971212
2.049452072789394
2.251614471810182
1.971747257128181
1.9056390622295665
1.971747257128181
2.161978179679554
1.9182958340544896
2.261420855605385
2.1280852788913944
2.0403733936884962
2.0403733936884962
2.3627402784989338
1.7924812503605778
2.2841591278514217
1.971747257128181
2.1887870678023824
1.950212064914747
1.9877733714879842
2.146465798504072
2.0300872246321315
1.9182958340544893
2.125
1.7924812503605778
2.4634582986483036
2.128085278891394
2.125
2.292481250360578
1.8676338909712125
1.9211854965885544
2.049452072789394
2.0403733936884962
2.205109900073869
2.292481250360578
1.867633890971212
2.049452072789394
2.5785519909913264
2.091917186688699
1.867633890971212
2.004886164091843
2.263809173883546
2.128085278891394
2.1280852788913944
2.353533948577482
1.584962500721156
2.054585169337799
1.896240625180289
1.7295739585136223
2.646782221599798
1.9877733714879842
2.646782221599798
1.8423709931771084
2.098579861712074
1.6644977792004614
2.2390183299752544
2.271782221599798
2.353533948577482
1.9182958340544893
1.8553885422075338
2.125814583693911
1.879964948727111
2.350209029099897
2.183754831923921
2.3627402784989338
2.2516291673878226
1.8919954870390203
2.0403733936884962
1.9508257945180885
1.971747257128181
2.1174924611847548
2.491114850055185
2.256232810906286
2.278351811711312
2.3594559773258243
1.867633890971212
2.049452072789394
2.0403733936884962
2.0403733936884962
2.0403733936884962
1.4591479170272446
2.0
1.7924812503605778
2.1280852788913944
2.0048861640918427
1.7924812503605778
1.867633890971212
2.128085278891394
2.0403733936884962
2.5825518169307426
2.1280852788913944
2.7570041407187533
2.0403733936884962
2.375
2.051361789187549
1.9056390622295665
1.823067982273661
2.0403733936884962
2.353533948577482
2.1416195253341384
1.9970046132506347
2.6842469334452463
2.0225797618424917
2.0
1.9211854965885542
2.1055872616982603
2.0403733936884962
2.2810361125534233
2.4192407046368487
2.2359263506290326
2.353190671338322
1.9591479170272446
2.004886164091843
2.0403733936884962
1.971747257128181
1.7841591278514217
1.867633890971212
2.054585169337799
1.8585552118703144
2.0349409139562287
1.9877733714879842
2.049452072789394
1.971747257128181
1.789929075309999
2.038159681645953
2.1535654389463628
1.867633890971212
2.251629167387823
2.556656707462823
2.260820318171659
1.8676338909712125
2.390863696857044
1.8585552118703144
1.867633890971212
2.33012496531497
2.038159681645953
1.9508257945180885
2.1632095937363847
1.7924812503605778
1.9609640474436814
1.896240625180289
2.049452072789394
2.1887870678023824
1.823067982273661
2.1887870678023824
2.1887870678023824
2.1607047528877827
1.789929075309999
1.8843135277997989
1.971747257128181
2.1920058354921066
1.809200032697812
1.6577427265048887
1.8423709931771084
2.0403733936884962
2.0403733936884962
2.556656707462823
2.2585728843419157
1.8676338909712125
1.8676338909712125
1.971747257128181
2.049452072789394
2.4164997849817103
2.5498968371917665
2.186704345910025
1.971747257128181
2.004886164091843
2.5306390622295662
2.1280852788913944
2.0185405934413114
1.971747257128181
2.322756958897399
1.8262452584026092
2.032128525239341
2.004886164091843
1.9508257945180885
1.7758589482446405
1.9508257945180885
2.463458298648303
2.1967916319816365
1.75
2.495602923729013
2.0403733936884962
2.072905595320056
2.5629072918469555
2.1174924611847548
2.263809173883546
1.7924812503605778
2.271782221599798
2.2856005389623073
2.0854752972273345
2.199687794731328
2.0403733936884962
2.0403733936884962
2.128085278891394
2.7070932363204614
2.038159681645953
2.2610276044371003
2.220068302234069
1.971747257128181
1.9808259362290788
1.8903360647604437
1.8210319581338212
2.0349409139562287
1.9877733714879842
2.4192407046368487
2.646782221599798
2.221251836004466
2.064042639445697
2.0283997395768854
2.359934076208431
1.927451224964519
1.8799649487271108
2.064042639445697
1.97285859862763
2.1280852788913944
1.8230264907128848
1.7924812503605778
2.146782221599798
2.004886164091843
1.8423709931771084
2.054585169337799
1.5566567074628228
2.0202442071537563
1.9887513942845323
2.004886164091843
2.0403733936884962
2.0403733936884962
2.0403733936884962
2.146465798504072
1.7924812503605778
2.2096909728231857
2.1416195253341384
1.8250112108241772
2.1632095937363847
2.169925001442312
2.1556571264049973
1.8077635764171944
2.125814583693911
2.0609640474436812
2.588338647382062
1.789929075309999
2.217021885879718
2.0048861640918427
1.823067982273661
2.063458298648303
1.8546890001763974
1.9015064025015063
2.1416195253341384
2.146782221599798
2.2096909728231857
1.962806631693174
2.5550365325772657
1.896240625180289
2.463458298648303
2.2841591278514217
2.054585169337799
1.971747257128181
1.914265041002201
1.8676338909712125
1.9887513942845323
1.930564432903234
1.789929075309999
2.075869296697727
1.7609640474436812
2.533369020804085
1.971747257128181
1.7527152789797045
2.0
2.0545851693377997
2.359879028736861
1.823067982273661
2.3959988705348416
2.337019353315419
2.2920717524577867
2.263809173883546
2.2200683022340693
2.1440239107574226
2.287783719941071
2.5580510765444573
2.4164997849817103
2.1416195253341384
1.931584071702181
1.8267893530537787
2.0403733936884962
2.0403733936884962
1.7924812503605778
2.0403733936884962
2.0048861640918427
1.8423709931771084
1.836591668108979
1.6644977792004614
2.2841591278514217
1.971747257128181
2.359879028736861
2.054585169337799
2.1920058354921066
1.8676338909712125
2.0403733936884962
2.349601752714581
1.9877733714879842
2.049452072789394
2.5580510765444573
1.7924812503605778
1.9182958340544893
2.0403733936884962
2.2783518117113117
2.038159681645953
1.584962500721156
2.004886164091843
1.8496017527145814
2.061482186720776
2.102187170949333
1.9508257945180885
2.0494520727893937
2.1739731346044096
2.1739731346044096
2.5580510765444573
2.1280852788913944
2.221251836004466
1.9508257945180885
1.896240625180289
2.292481250360578
1.971747257128181
1.971747257128181
1.9508257945180885
2.221251836004466
1.75
2.1280852788913944
2.004886164091843
2.292481250360578
2.1280852788913944
1.8814099964358764
2.1920058354921066
2.472905595320056
2.353533948577482
2.0403733936884962
1.971747257128181
2.0403733936884962
1.7924812503605778
2.2485731395538666
1.9473387961875537
2.406666316740689
1.9751060324573735
2.3577174691301486
1.971747257128181
2.1280852788913944
2.221251836004466
1.8810947601100747
1.823067982273661
2.0403733936884962
2.049452072789394
2.390863696857044
2.2359263506290326
1.8423709931771084
2.259141984247902
1.4591479170272448
1.75
2.0403733936884962
1.8810947601100747
2.1179631753145163
2.4729055953200563
2.3627402784989338
2.217021885879718
2.25
2.5
2.4634582986483036
2.2096909728231857
1.5487949406953985
2.292481250360578
1.9877733714879842
2.084962500721156
2.2232196723355075
2.0403733936884962
2.403677461028802
2.2256051990169436
2.396782221599798
1.7841591278514217
1.971747257128181
2.146465798504072
2.0458416408851736
1.9182958340544893
1.971747257128181
2.4056390622295662
1.971747257128181
2.199687794731328
2.0403733936884962
2.6339127220834078
2.0306390622295662
2.0199730940219753
2.184927072396036
1.971747257128181
2.292481250360578
1.584962500721156
1.9182958340544896
1.7841591278514217
2.3301249653149703
2.0874628412503395
1.971747257128181
2.533771256064557
2.0
2.251629167387823
2.0403733936884962
2.0403733936884962
2.0403733936884962
2.049452072789394
1.8423709931771086
1.9182958340544896
2.4313076001654323
2.397742260857835
1.823067982273661
2.1735572622751853
2.315824333525708
2.3627402784989338
1.6644977792004614
1.8250112108241772
2.1632095937363847
1.781937063546704
2.075869296697727
2.0403733936884962
2.199687794731328
1.7841591278514217
1.936278124459133
2.0
2.0134893002931973
1.8676338909712125
2.5580510765444573
1.9591479170272446
2.6098222851438173
2.0403733936884962
2.0403733936884962
2.1054105870684143
2.0741647430225756
2.004886164091843
2.0403733936884962
1.823067982273661
2.359879028736861
1.789929075309999
2.054585169337799
2.5343470138526043
2.221251836004466
2.125814583693911
2.4664528546448725
1.867633890971212
2.1920058354921066
1.9338169454856062
1.9681180836033731
1.7729634000382068
2.1179631753145163
1.971747257128181
2.1735572622751858
2.128085278891394
2.0741647430225756
2.305296187814668
2.287783719941071
2.284476351041122
2.469670487371862
2.0758692966977272
2.0403733936884962
2.0403733936884962
1.971747257128181
1.971747257128181
2.0403733936884962
2.0403733936884962
2.199687794731328
1.4911148500551854
1.6644977792004614
1.9591479170272446
1.8585552118703144
2.206238928653389
1.789929075309999
1.9591479170272446
2.0403733936884962
2.0403733936884962
1.8585552118703144
2.0225797618424917
1.9852281360342514
2.1967916319816365
2.199687794731328
2.0119209285947934
2.1290752528705483
2.146465798504072
2.133937566094917
2.0989295636909353
2.279799131837405
1.914341183612352
2.646782221599798
2.5566567074628237
2.1815525171888464
1.789929075309999
1.971747257128181
2.3437674223666716
2.0403733936884962
2.396782221599798
1.971747257128181
2.1174924611847548
2.224601752714581
2.292481250360578
2.2841591278514217
2.2232196723355075
2.0602489763846963
2.260820318171659
2.004886164091843
2.473851389610045
2.199687794731328
2.146465798504072
2.1416195253341384
2.1774212838293647
2.2841591278514217
2.271782221599798
1.8676338909712125
2.25
2.378991986900062
1.965596230357602
2.0048861640918427
1.9877733714879842
1.8676338909712125
2.1280852788913944
1.789929075309999
1.950212064914747
2.463458298648303
2.3627402784989338
2.2125038423722683
1.823067982273661
2.0403733936884962
2.7792553760679404
1.789929075309999
2.292481250360578
2.0403733936884962
1.965596230357602
2.125814583693911
1.867633890971212
2.106048095418327
2.1179631753145163
2.119240704636849
2.4388231999265075
2.030672129520887
2.2890179898186576
2.051361789187549
1.971747257128181
2.6416041678685933
2.0687942075658454
2.054585169337799
2.510056460356539
2.1416195253341384
1.9182958340544893
1.7924812503605778
2.2516291673878226
1.867633890971212
1.8810947601100747
2.0
2.7743150471389604
2.263809173883546
2.005977711423774
2.0
2.199687794731328
2.221251836004466
2.049452072789394
2.1280852788913944
2.221251836004466
1.7924812503605778
2.3458519893382603
2.054585169337799
1.8585552118703144
1.8676338909712125
2.589835426734748
1.971747257128181
2.271782221599798
1.971747257128181
1.965596230357602
2.33198056664107
2.358938532350277
2.1920058354921066
2.0441104177484006
2.049452072789394
2.0403733936884962
2.0461796919474975
2.4137995646056805
2.0403733936884962
2.251629167387823
2.146782221599798
2.0403733936884962
2.1416195253341384
2.5341468438052397
2.0403733936884962
2.0403733936884962
2.0403733936884962
2.0403733936884962
2.4613201402110083
2.049452072789394
1.867633890971212
2.186526166904875
2.360964047443681
2.1920058354921066
2.4305946180235423
1.971747257128181
2.199687794731328
2.146782221599798
2.125814583693911
2.0403733936884962
1.823067982273661
1.9591479170272446
1.6577427265048887
2.117492461184755
2.0403733936884962
2.049452072789394
1.9182958340544893
1.9877733714879842
1.599556365373903
2.1179631753145163
2.5073801024236357
2.049452072789394
2.2841591278514217
1.5
2.353533948577482
2.2841591278514217
2.1920058354921066
2.5073801024236357
2.004886164091843
1.8676338909712125
1.7924812503605778
2.0048861640918427
2.0403733936884962
2.1884930703645584
2.1648894517332407
2.4729055953200563
2.418722908066561
1.8553885422075338
2.004886164091843
2.331766377402127
1.9301249653149701
2.1319045869417734
2.0403733936884962
1.9387299507647957
2.202819531114783
2.2856005389623077
2.011920928594794
2.062907291846956
1.95006375643621
1.4591479170272448
2.077819531114783
2.0403733936884962
2.146782221599798
2.0403733936884962
2.1440239107574226
2.4961268547517808
2.0048861640918427
2.379370261888742
1.780672129520887
1.9591479170272446
1.971747257128181
2.054585169337799
2.3432578733442675
2.0403733936884962
2.2528786893420305
2.5073801024236357
2.3612137805675175
2.251629167387823
2.4056390622295662
2.129016231684436
2.196957186327418
2.125814583693911
2.0403733936884962
1.789929075309999
2.4606406669627527
2.074164743022575
1.584962500721156
2.1416195253341384
2.353533948577482
1.9182958340544893
2.288019280279689
2.224601752714581
2.146465798504072
2.0403733936884962
2.4092672522514684
2.1179631753145163
2.054585169337799
2.3232196723355076
2.33012496531497
2.0403733936884962
2.0403733936884962
1.896240625180289
1.9508257945180885
2.125814583693911
2.221251836004466
2.128085278891394
2.022106112739839
2.396782221599798
2.038159681645953
2.038159681645953
2.038159681645953
2.128085278891394
1.9852281360342514
1.9852281360342514
1.9852281360342514
1.9852281360342514
2.1280852788913944
2.0403733936884962
2.0989295636909353
1.9056390622295665
2.0403733936884962
2.2051099000738694
2.0403733936884962
2.1464657985040723
2.2627834289765825
1.867633890971212
2.0
1.9591479170272446
2.1556390622295662
2.0403733936884962
2.5073801024236357
1.9877733714879842
1.8676338909712125
2.049452072789394
2.0403733936884962
2.292481250360578
2.552832161679204
1.971747257128181
2.054585169337799
2.33012496531497
2.040223928941852
2.1887870678023824
1.9182958340544896
1.6644977792004614
1.9508257945180885
2.0
2.0403733936884962
1.75
2.0070024854224284
2.474601752714581
2.1607047528877827
2.2810361125534238
1.9056390622295665
1.9852281360342514
2.1887870678023824
2.084962500721156
2.0
2.418801937292702
1.7924812503605778
1.9182958340544893
1.8423709931771088
1.971747257128181
1.9508257945180885
2.199687794731328
1.971747257128181
1.8676338909712125
1.8676338909712125
1.8676338909712125
1.8676338909712125
1.8676338909712125
2.049452072789394
1.8676338909712125
1.971747257128181
2.4817789744377787
1.9274512249645188
2.123219672335508
1.855388542207534
2.091917186688699
2.0403733936884962
2.3852130207431887
1.7924812503605778
1.9182958340544893
2.0403733936884962
1.8585552118703144
2.251629167387823
2.278351811711312
2.4137995646056805
2.292481250360578
1.949137865273585
2.038159681645953
2.183754831923921
2.3050365325772657
2.1174924611847548
2.1416195253341384
2.004886164091843
2.2806390622295662
2.395998870534841
2.2072275920218107
2.217021885879718
2.0403733936884962
2.004886164091843
1.8676338909712125
2.199687794731328
2.2810361125534233
2.058813890331201
2.0403733936884962
1.9591479170272446
2.146465798504072
1.9986525468781666
2.5791722720787553
2.0524212838293647
1.8874830434576846
1.971747257128181
1.9508257945180885
2.712627849343829
2.004886164091843
1.8919954870390203
2.0403733936884962
2.143780234737159
2.7714079289049565
2.048542139499064
1.8020456244375826
2.0202442071537563
2.3071885761626687
1.9182958340544893
2.1735572622751853
1.7924812503605778
1.9182958340544893
1.7924812503605778
1.971747257128181
2.1280852788913944
2.075869296697727
2.1920058354921066
2.2841591278514217
1.8423709931771088
2.197159723424149
1.9508257945180885
1.9877733714879842
1.811278124459133
1.9182958340544893
2.292481250360578
1.8892464285091581
1.584962500721156
1.9301249653149701
2.1527217381013255
1.7924812503605778
2.1179631753145163
2.004886164091843
1.854285871987246
2.049452072789394
2.183754831923921
1.950212064914747
1.9211854965885542
1.971747257128181
1.8676338909712125
1.7841591278514217
2.145136370153053
1.9182958340544893
1.8799649487271108
2.2806390622295662
2.0
2.766150648454355
2.084962500721156
1.9473387961875537
1.5487949406953985
2.217021885879718
2.049452072789394
2.004886164091843
2.049452072789394
2.0403733936884962
1.8676338909712125
1.823067982273661
2.2806390622295662
1.9056390622295665
2.5580510765444573
2.4634582986483036
2.1280852788913944
2.0403733936884962
1.6644977792004614
1.882246304530173
1.9591479170272446
1.9877733714879842
2.084962500721156
2.2232196723355075
2.0403733936884962
2.403677461028802
2.263809173883546
2.2339466645252255
1.867633890971212
2.6756981353679867
1.9591479170272446
2.0403733936884962
2.353533948577482
1.9591479170272446
2.1967916319816365
1.789929075309999
2.5495234595978316
1.789929075309999
2.5100564603565387
1.9877733714879842
2.077235445408308
2.3012456551478957
1.896240625180289
2.1280852788913944
1.789929075309999
2.0403733936884962
2.007856063692049
2.1280852788913944
2.054585169337799
2.0403733936884962
1.8676338909712125
1.9182958340544896
2.0545851693377997
1.584962500721156
2.0403733936884962
1.8810947601100747
2.2384959654169796
2.1735572622751853
2.2890179898186576
2.2321654021612107
1.9182958340544893
1.8352377453121174
1.971747257128181
1.75
2.004886164091843
2.278787598135611
2.339572261986723
2.1416195253341384
1.8423709931771086
1.867633890971212
1.9502120649147465
2.049452072789394
2.049452072789394
1.9182958340544893
2.292481250360578
2.221251836004466
2.0814963295286755
2.25
1.971747257128181
2.287783719941071
2.3158243335257076
1.9591479170272446
2.3248629576173565
1.854285871987246
2.1967916319816365
2.125814583693911
1.991076059838222
2.679365279300219
1.867633890971212
2.5341468438052397
1.9591479170272446
2.2516291673878226
1.7609640474436812
2.0403733936884962
2.125814583693911
1.9182958340544896
1.950212064914747
1.9182958340544893
1.8903360647604437
1.823067982273661
2.080557653394731
2.040223928941852
2.1397218324096134
1.8016366412706075
2.0403733936884962
2.260820318171659
2.005977711423774
1.8553885422075338
2.2062389286533897
1.7431125700076544
2.004886164091843
2.0458416408851736
2.0615608362608198
2.0602489763846963
2.0403733936884962
2.049452072789394
1.75
2.35274578087187
1.9508257945180885
2.353533948577482
2.0524212838293647
1.971747257128181
1.971747257128181
2.0403733936884962
1.6644977792004614
2.038159681645953
2.004886164091843
2.1887870678023824
2.054585169337799
2.1967916319816365
1.9211854965885542
2.1440239107574226
1.9591479170272446
1.867633890971212
1.9877733714879842
2.396782221599798
2.217021885879718
1.7381493331928664
1.950212064914747
2.229236659096104
2.1814963295286756
2.0403733936884962
1.971747257128181
1.7924812503605778
2.0441104177484006
1.9804820237218406
1.8262452584026092
2.2256051990169436
2.0403733936884962
2.0048861640918427
2.3050365325772657
1.93012496531497
2.3677946899553195
2.2256051990169436
2.6385630802506106
2.2890179898186576
1.854285871987246
2.075074223172834
2.0403733936884962
2.263809173883546
1.8676338909712125
1.8423709931771084
2.0048861640918427
2.260820318171659
2.2062389286533897
2.0403733936884962
2.3395722619867225
1.9877733714879842
1.9591479170272446
1.9852281360342516
1.971747257128181
2.275170354773194
2.0274893113295236
2.353533948577482
2.004886164091843
2.4613201402110083
2.1273877651912745
2.221251836004466
2.1571480396665197
1.9877733714879842
2.271782221599798
1.789929075309999
2.054585169337799
1.5709505944546687
2.049452072789394
1.8751310486364097
2.004886164091843
2.049452072789394
1.8702182306657544
1.9473387961875537
1.971747257128181
2.049452072789394
2.084962500721156
2.004886164091843
2.0687942075658454
2.0403733936884962
2.0403733936884962
1.823067982273661
1.9698110652780971
1.897588020029088
1.789929075309999
2.217021885879718
2.205109900073869
2.1887870678023824
2.349601752714581
2.054585169337799
2.049452072789394
1.8423709931771084
2.064042639445697
2.084962500721156
2.125814583693911
2.217021885879718
1.9877733714879842
2.0048861640918427
1.9591479170272446
1.789929075309999
1.7527152789797047
1.8423709931771084
2.000135333252502
2.3220847276178658
2.0403733936884962
1.971747257128181
1.8810947601100747
2.7395722619867224
2.1416195253341384
1.9591479170272446
2.0294069451656007
1.5566567074628228
2.314979820516481
1.8423709931771084
1.867633890971212
1.9591479170272446
2.0403733936884962
1.9182958340544893
1.9508257945180885
2.7045348998193437
2.1280852788913944
2.5492553971685
1.971747257128181
2.2934550525280595
2.0579464358416484
2.004886164091843
2.353533948577482
2.119973094021975
1.971747257128181
1.789929075309999
2.091917186688699
2.3522170014624826
2.0403733936884962
2.4705497408885946
2.1174924611847548
2.0403733936884962
2.473851389610045
2.0403733936884962
2.125
1.8262452584026092
2.5492553971684995
2.049452072789394
2.004886164091843
2.3050365325772657
2.199687794731328
2.1416195253341384
2.004886164091843
2.049452072789394
2.125814583693911
1.9211854965885544
2.5580510765444577
1.8676338909712125
1.7924812503605778
1.823067982273661
1.7924812503605778
1.9591479170272446
2.0403733936884962
2.1405180562767114
2.049452072789394
1.9473387961875537
2.0403733936884962
2.125814583693911
1.992778107459939
2.199687794731328
2.4724559130730865
1.867633890971212
2.038159681645953
2.002755067189044
1.823067982273661
1.8423709931771084
2.0
2.0403733936884962
1.839622465782869
2.403677461028802
2.0
1.896240625180289
2.004886164091843
2.396782221599798
1.971747257128181
1.8423709931771088
2.349601752714581
2.0048861640918427
2.1920058354921066
2.0403733936884962
2.004886164091843
2.48345859334435
1.9508257945180885
1.971747257128181
2.0403733936884962
2.603074189428569
2.0948567835487384
1.9182958340544893
1.9852281360342516
1.8423709931771084
1.971747257128181
2.406666316740689
2.463458298648303
1.8585552118703144
2.353533948577482
1.7924812503605778
2.0403733936884962
1.971747257128181
2.2608203181716595
2.4164997849817107
1.9508257945180887
2.0403733936884962
1.971747257128181
2.199687794731328
2.1464657985040723
1.971747257128181
2.0403733936884962
2.217021885879718
2.251629167387823
2.1814963295286756
2.0
2.646782221599798
1.8676338909712125
2.358938532350277
2.049452072789394
2.221251836004466
2.5073801024236357
1.811278124459133
1.896240625180289
2.5073801024236357
1.9698157824268105
2.188493070364558
2.353533948577482
2.103909910282364
2.148834854280917
2.0403733936884962
2.0403733936884962
2.3395722619867225
1.971747257128181
2.054585169337799
1.971747257128181
1.971747257128181
2.1451363701530526
2.0403733936884962
1.971747257128181
2.125814583693911
2.049452072789394
2.2608203181716595
2.054585169337799
2.396782221599798
1.867633890971212
1.8676338909712125
2.4056390622295662
2.021782221599798
2.2841591278514217
1.971747257128181
1.7841591278514217
2.349601752714581
2.7395722619867224
2.1179631753145163
1.7924812503605778
2.0989879890775276
2.084962500721156
2.254447578972094
2.0
2.2841591278514217
1.7924812503605778
2.41379956460568
2.019973094021975
2.005977711423774
2.1920058354921066
2.1828742611640903
2.251629167387823
1.8799649487271108
2.2841591278514217
1.867633890971212
2.263809173883546
2.1084585933443494
1.8423709931771084
2.521782221599798
1.5566567074628228
2.357600472626353
1.8423709931771084
2.016875695766564
1.789929075309999
2.0349409139562287
2.0403733936884962
2.145136370153053
1.962806631693174
2.0403733936884962
2.0403733936884962
2.0403733936884962
2.0403733936884962
2.0403733936884962
2.0403733936884962
2.0403733936884962
2.0403733936884962
2.0403733936884962
2.0403733936884962
2.0403733936884962
2.0403733936884962
2.0403733936884962
2.0403733936884962
2.0403733936884962
2.0403733936884962
2.0403733936884962
2.0403733936884962
2.0403733936884962
2.0403733936884962
2.0403733936884962
2.0403733936884962
2.0403733936884962
2.0403733936884962
2.0403733936884962
2.0403733936884962
2.0403733936884962
2.0403733936884962
2.0403733936884962
2.0403733936884962
2.0403733936884962
2.0403733936884962
2.0403733936884962
2.0403733936884962
2.0403733936884962
2.0403733936884962
2.0403733936884962
2.0403733936884962
2.0403733936884962
2.0403733936884962
2.0403733936884962
2.0403733936884962
2.0403733936884962
2.0403733936884962
2.0403733936884962
2.0403733936884962
2.0403733936884962
2.0403733936884962
2.0403733936884962
2.0403733936884962
2.0403733936884962
2.0403733936884962
2.0403733936884962
2.0403733936884962
2.0403733936884962
2.0403733936884962
2.0403733936884962
2.0403733936884962
2.0403733936884962
2.0403733936884962
2.0403733936884962
2.0403733936884962
2.0403733936884962
2.0403733936884962
2.0403733936884962
2.0403733936884962
2.0403733936884962
2.0403733936884962
2.0403733936884962
2.0403733936884962
2.0403733936884962
2.0403733936884962
2.0403733936884962
2.0403733936884962
2.0403733936884962
2.0403733936884962
2.0403733936884962
2.0403733936884962
2.0403733936884962
2.0403733936884962
2.0403733936884962
1.7924812503605778
1.971747257128181
1.6858157091530304
2.049452072789394
2.049452072789394
1.971747257128181
2.473851389610045
2.0403733936884962
2.0349409139562287
2.4056390622295662
1.781937063546704
2.002755067189044
1.971747257128181
2.004886164091843
2.0132790219068077
1.971747257128181
2.463458298648303
2.359879028736861
2.2841591278514217
1.8810947601100747
2.217021885879718
2.0874628412503395
1.9591479170272446
1.789929075309999
2.0403733936884962
1.9808259362290788
1.789929075309999
2.028343279757114
1.9508257945180887
1.8676338909712125
2.0550365325772657
2.646782221599798
2.1812056673346514
2.1209520310264036
2.119240704636849
2.251629167387823
2.202819531114783
1.971747257128181
1.8546531063105867
2.4128914807784665
2.1440239107574226
2.177694271103767
2.145054798865899
1.971747257128181
1.8676338909712125
2.0985798617120746
2.4634582986483036
2.0403733936884962
1.950212064914747
2.3329145639793976
2.1556390622295662
2.049452072789394
1.9508257945180885
1.7924812503605778
1.8423709931771084
1.8676338909712125
2.125814583693911
2.33012496531497
2.5073801024236357
2.251629167387823
2.4137995646056805
2.2877837199410704
2.1556390622295662
2.199687794731328
2.2089660826946234
2.084962500721156
2.054585169337799
2.492614068017126
2.521782221599798
1.867633890971212
2.0403733936884962
1.9526832779469112
1.9877733714879842
1.867633890971212
2.064042639445697
2.463458298648303
2.004886164091843
2.1920058354921066
2.004886164091843
1.971747257128181
2.292481250360578
2.0113650418263793
2.049452072789394
2.0403733936884962
1.971747257128181
2.7395722619867224
1.7924812503605778
2.049452072789394
2.292481250360578
2.403677461028802
2.406666316740689
2.331164445867128
1.9508257945180885
1.9591479170272446
1.867633890971212
2.3301249653149703
2.460964047443681
2.130926080730337
1.7947367178034823
2.3266347815795867
2.004886164091843
2.450016002366992
2.074087044559035
1.789929075309999
2.0403733936884962
1.9182958340544893
1.9877733714879842
2.375
2.085475297227334
2.038760752862686
2.183754831923921
1.8423709931771084
2.584962500721156
1.9182958340544893
2.199687794731328
2.0403733936884962
2.038159681645953
2.009541986444596
2.353533948577482
2.3627402784989338
2.2390183299752544
2.1179631753145163
2.004886164091843
1.9508257945180885
1.823067982273661
2.0202442071537563
1.8676338909712125
2.1055872616982603
1.6714055834424972
2.127986806877675
1.8262452584026092
2.125814583693911
2.463458298648303
2.0670314951575843
2.3443609377704338
2.719349267862322
2.3158243335257076
2.049452072789394
2.040223928941852
2.0403733936884962
2.5073801024236357
2.279799131837405
1.971747257128181
1.4591479170272448
1.8585552118703144
1.8050365325772657
2.1711395066729176
2.41379956460568
2.0294069451656007
1.7839528210182236
1.8141144718101818
1.9268680175017439
2.0403733936884962
2.0580531366523855
2.0403733936884962
2.004886164091843
1.4591479170272448
1.6071054829246043
2.463458298648303
1.896240625180289
2.2311197773146976
2.0403733936884962
1.7924812503605778
1.9591479170272446
2.0403733936884962
1.867633890971212
1.9591479170272446
2.2359263506290326
2.0349409139562287
2.1179631753145163
1.7924812503605778
2.130926080730337
1.7924812503605778
2.064042639445697
1.914341183612352
2.0403733936884962
1.9182958340544893
1.9591479170272446
1.867633890971212
1.9182958340544896
2.0403733936884962
2.0403733936884962
2.116299605701696
2.040223928941852
2.2192407046368485
2.5073801024236357
1.9182958340544893
2.3942811477133943
2.4192407046368487
2.146465798504072
2.5073801024236357
2.217021885879718
2.1280852788913944
2.1280852788913944
2.0349409139562287
2.049452072789394
2.0403733936884962
2.3134597501718237
1.6577427265048887
1.867633890971212
2.077819531114783
2.3959988705348416
2.1361883608290926
2.270942421748537
1.6835866985721901
2.7075696535050606
2.263809173883546
1.8352377453121174
2.1179631753145163
1.823067982273661
1.780672129520887
2.0403733936884962
2.219240704636849
1.8585552118703144
1.9591479170272446
2.004886164091843
2.359879028736861
2.646782221599798
2.2841591278514217
1.9508257945180885
1.6644977792004614
2.251629167387823
2.4729055953200563
1.971747257128181
2.248529327128576
2.1054105870684143
2.084182984933787
1.9182958340544893
2.2841591278514217
2.146782221599798
2.260820318171659
2.2516291673878226
2.0403733936884962
2.349601752714581
2.2359263506290326
1.9508257945180885
2.0403733936884962
2.125814583693911
2.1800365325772657
1.9301249653149701
1.9056390622295665
2.2516144718101816
2.2485731395538666
1.867633890971212
2.206238928653389
2.4056390622295662
2.1174924611847548
1.75
1.8676338909712125
1.971747257128181
2.224601752714581
1.727396673574479
1.9580595428376293
2.2096909728231857
2.054585169337799
2.270942421748537
1.971747257128181
1.8810947601100747
1.8423709931771084
2.004886164091843
1.7924812503605778
2.004886164091843
1.9688238866642982
1.971747257128181
2.0403733936884962
1.919240704636849
2.0403733936884962
2.275170354773194
2.2062389286533897
2.0403733936884962
2.004886164091843
1.4591479170272448
2.699513850319966
2.125814583693911
1.9877733714879842
1.8676338909712125
1.971747257128181
2.251629167387823
2.199687794731328
2.289246428509158
1.8676338909712125
1.8676338909712125
1.9508257945180885
2.217021885879718
2.049452072789394
2.004886164091843
2.049452072789394
2.0
2.1464657985040723
2.1174924611847548
2.1556390622295662
2.292481250360578
2.1174924611847548
2.841076880026372
2.0048861640918427
2.0403733936884962
2.292481250360578
2.0403733936884962
1.8676338909712125
2.194266986672329
2.072905595320056
2.463458298648303
2.004886164091843
2.1774212838293647
2.2890179898186576
1.9182084341546168
2.60845859334435
1.789929075309999
2.011920928594794
2.339572261986723
1.789929075309999
1.8810947601100747
2.375
2.004886164091843
2.406666316740689
2.2698157169987727
2.125814583693911
1.7924812503605778
2.1774212838293647
1.823067982273661
2.335505556517097
2.0403733936884962
1.856564762130954
2.199687794731328
1.9182958340544893
2.004886164091843
2.5580510765444577
1.8404726977121664
2.242126373491337
2.1280852788913944
1.8810947601100747
2.6079331747192502
2.202819531114783
1.9182958340544893
2.2608203181716595
2.2890179898186576
2.350209029099897
1.9182958340544893
2.2817276788697365
2.049452072789394
2.0403733936884962
2.130926080730337
2.463458298648303
2.270942421748537
1.9814963295286754
1.9657678078192216
1.7841591278514217
1.971747257128181
2.049452072789394
1.6605505277442498
2.221251836004466
2.007856063692049
2.6136200920254216
2.0948567835487384
2.5498550315128585
2.646782221599798
1.8676338909712125
2.0403733936884962
2.215347275584621
1.9508257945180885
1.9591479170272446
1.6879430945989
2.125814583693911
2.0403733936884962
1.8585552118703144
1.8423709931771086
1.9301249653149701
2.179350202453772
2.2164594433229956
2.145136370153053
2.007856063692049
2.1673631931949044
2.148834854280917
2.1840288869530857
2.0890287099699356
2.129635199021018
2.112585390635543
2.004886164091843
2.516055582776814
1.6691803368667308
1.9508257945180885
2.396782221599798
2.272808148826652
2.349601752714581
2.363865121950854
2.058053136652385
2.139353872167201
1.8454629725233305
2.2841591278514217
2.3627402784989338
2.0403733936884962
1.8676338909712125
2.0403733936884962
2.125
2.1440239107574226
2.6062389286533896
1.971747257128181
2.038159681645953
2.0403733936884962
2.291620193427939
1.9508257945180885
2.1800365325772657
2.5073801024236357
2.473851389610045
2.270942421748537
2.0557441211065735
2.0403733936884962
2.8279572655252565
1.9852281360342514
1.9903166968736787
2.1040514998942057
2.2584598927441624
2.1967916319816365
2.0403733936884962
2.0349409139562287
2.350209029099897
1.823067982273661
1.789929075309999
2.422579761842491
2.2841591278514217
1.6577427265048887
1.867633890971212
1.8676338909712125
2.1556390622295662
1.875
2.278787598135611
2.0740870445590347
2.054585169337799
2.1556390622295662
1.789929075309999
2.054585169337799
2.1556390622295662
1.7924812503605778
2.1054105870684143
1.867633890971212
2.0403733936884962
1.9182958340544896
2.120952031026403
1.9182958340544893
1.4591479170272448
2.0349409139562287
1.8540808080736912
2.217021885879718
2.4834585933443494
2.091917186688699
2.1887870678023824
2.054585169337799
2.47834596772504
2.606238928653389
2.3898980954642877
2.004886164091843
1.8676338909712125
2.2841591278514217
1.7924812503605778
2.353533948577482
2.1739731346044096
2.054585169337799
2.260820318171659
1.867633890971212
2.1280852788913944
1.8262452584026092
1.9211854965885542
2.1416195253341384
2.1105961389266823
2.125814583693911
1.4591479170272448
1.75
1.9591479170272446
2.353533948577482
2.2841591278514217
2.1812056673346514
2.1837548319239213
2.0403733936884962
2.054585169337799
1.780672129520887
2.1280852788913944
2.3050365325772657
1.8814099964358764
2.199687794731328
2.125
2.004886164091843
2.148834854280917
2.0403733936884962
2.1967916319816365
2.353533948577482
1.789929075309999
2.1735572622751858
2.0403733936884962
1.789929075309999
2.0403733936884962
1.8423709931771088
2.1556390622295662
1.8919954870390203
2.1887870678023824
2.251629167387823
2.038159681645953
2.1556390622295662
2.2109736165067546
1.971747257128181
1.789929075309999
1.9751060324573735
2.0403733936884962
2.0403733936884962
2.219240704636849
1.9182958340544893
2.263809173883546
2.0403733936884962
2.584962500721156
2.260820318171659
2.221251836004466
2.353533948577482
2.1556390622295662
2.4159220638351666
2.0403733936884962
1.9473387961875537
1.8423709931771084
1.896240625180289
1.914341183612352
2.049452072789394
1.7924812503605778
1.971747257128181
2.063458298648303
2.0403733936884962
1.8676338909712125
1.811278124459133
2.116299605701696
1.8585552118703144
2.0
2.3432578733442675
2.292481250360578
1.823067982273661
2.0403733936884962
2.3158243335257076
2.1150827585690295
2.125
2.125814583693911
2.522620309531022
2.0403733936884962
1.7924812503605778
1.8676338909712125
2.081706277574314
2.435909241665556
2.086048612313038
2.0403733936884962
2.064042639445697
2.1800365325772657
2.0274893113295236
2.0274893113295236
2.004886164091843
2.004886164091843
2.148834854280917
1.8638263900908156
2.292481250360578
2.1280852788913944
2.133937566094917
2.004886164091843
1.855388542207534
2.004886164091843
2.004886164091843
2.0403733936884962
1.971747257128181
2.1149798205164814
1.971747257128181
2.359879028736861
2.1174924611847548
1.9696170500340273
2.348987989077528
2.033561413711191
1.950212064914747
1.8322628970242685
2.4137995646056805
2.216521698179525
2.125814583693911
2.054585169337799
2.7720552088742005
1.971747257128181
1.7924812503605778
2.199687794731328
2.6556390622295662
2.004886164091843
1.836591668108979
2.292481250360578
2.125814583693911
1.867633890971212
2.049452072789394
2.0
2.4834585933443494
1.8585552118703144
1.9182958340544893
1.9182958340544893
1.7924812503605778
2.1359919213764074
2.0741647430225756
1.884492620811943
2.1150849518197794
2.004886164091843
2.1887870678023824
2.0403733936884962
1.6644977792004614
2.049452072789394
2.606238928653389
2.4701970429406517
2.0864424862739575
2.556656707462823
2.125814583693911
1.971747257128181
2.0048861640918427
2.886338582434318
1.9182958340544896
2.2806390622295662
2.049452072789394
1.9182958340544893
1.9751060324573733
2.2096909728231857
2.0349409139562287
1.8250112108241772
1.9877733714879842
1.9887513942845323
2.1280852788913944
2.125814583693911
2.0403733936884962
2.0403733936884962
2.0403733936884962
2.349601752714581
2.038159681645953
2.8729055953200557
2.606238928653389
2.260820318171659
2.0403733936884962
2.6328318567489237
2.199687794731328
1.9591479170272446
2.0403733936884962
1.75
2.199687794731328
2.1569685454909613
2.0403733936884962
2.3065054777553975
1.8352377453121174
2.0295263323230746
2.2121059297344656
2.2062389286533897
1.971747257128181
2.199687794731328
1.789929075309999
2.0403733936884962
2.0403733936884962
2.5580510765444573
2.4954618442383216
1.8676338909712125
2.0403733936884962
1.971747257128181
2.350209029099897
2.0
1.8262452584026092
2.1339588121764446
2.2096909728231857
2.0403733936884962
1.8676338909712125
1.9182958340544896
2.353533948577482
2.049452072789394
1.7924812503605778
2.0
2.004886164091843
2.279799131837405
2.0403733936884962
1.971747257128181
2.1767669742887406
2.0403733936884962
1.971747257128181
2.217021885879718
1.971747257128181
2.5341468438052397
2.217021885879718
1.75
2.004886164091843
2.33012496531497
2.3761047962988435
2.1209520310264036
2.6126502330422663
2.128085278891394
2.199687794731328
2.4633846523503107
2.0403733936884962
1.8676338909712125
2.1920058354921066
1.7924812503605778
2.004886164091843
2.0
2.0403733936884962
1.789929075309999
2.292481250360578
1.971747257128181
2.0221061127398396
2.388594761554029
2.0
1.823067982273661
2.084962500721156
2.5309638736577575
1.8197218324096138
2.1234786725698864
1.789929075309999
2.1179631753145163
2.6022170014624826
1.7924812503605778
2.1179631753145163
1.9182958340544893
2.1920058354921066
1.75
1.8676338909712125
1.9591479170272446
1.867633890971212
1.789929075309999
2.23345859334435
1.949137865273585
2.1179631753145163
1.971747257128181
2.217021885879718
2.040223928941852
1.8585552118703144
2.004886164091843
2.219240704636849
1.8423709931771084
1.9795739585136225
1.9508257945180885
2.0403733936884962
2.0670314951575843
2.3050365325772657
2.1280852788913944
2.1440239107574226
2.049452072789394
1.971747257128181
2.049452072789394
1.9591479170272446
2.0403733936884962
2.353533948577482
1.8676338909712125
1.971747257128181
2.271099960346404
1.9852281360342516
2.121928094887362
2.084962500721156
2.1179631753145163
1.971747257128181
2.1174924611847548
1.8828560636920488
2.4225797618424916
2.049452072789394
2.292481250360578
1.971747257128181
2.1174924611847548
1.8832031704275813
2.049452072789394
2.271782221599798
2.2609640474436814
2.33012496531497
1.780672129520887
2.220068302234069
1.789929075309999
1.9182958340544896
2.199687794731328
1.7924812503605778
2.038159681645953
2.353533948577482
2.375
1.8919954870390203
1.9182958340544896
1.584962500721156
2.2810361125534238
2.0403733936884962
1.9056390622295665
2.123219672335508
2.0403733936884962
2.2062389286533897
2.224601752714581
2.049452072789394
2.0461796919474975
2.472905595320056
2.3959988705348416
2.217021885879718
2.291620193427939
2.251629167387823
2.1280852788913944
1.971747257128181
2.0081320258333997
1.8843135277997989
2.221251836004466
2.161666470700147
1.8676338909712125
1.9688238866642982
1.75
1.833445128258134
2.0202442071537563
2.145136370153053
2.0403733936884962
2.292481250360578
2.004886164091843
2.199687794731328
1.8423709931771084
2.084962500721156
2.0349409139562287
1.971747257128181
2.2415230950249687
2.251629167387823
2.0403733936884962
2.263809173883546
1.7924812503605778
2.3220847276178658
1.8585552118703144
2.1280852788913944
2.4056390622295662
1.9852281360342514
2.0403733936884962
2.5566567074628237
2.3458519893382603
1.7841591278514217
1.9254106352407239
2.164897461317916
2.521782221599798
1.5510981710072647
2.4137995646056805
2.0989295636909353
1.8423709931771084
2.251629167387823
2.2841591278514217
2.0349409139562287
1.8676338909712125
2.2032633173641694
2.292071752457787
2.353190671338322
2.0403733936884962
2.2062389286533897
2.1556390622295662
2.145136370153053
1.971747257128181
2.0403733936884962
2.0376878900165245
2.077235445408308
1.789929075309999
2.1464657985040723
1.971747257128181
2.353149050332106
2.2390979179887864
2.1556390622295662
2.1179631753145163
2.2472150462418523
2.155968102145908
1.7841591278514217
2.0403733936884962
2.148834854280917
2.5703326197105736
2.004886164091843
2.064042639445697
1.9591479170272446
2.217021885879718
1.971747257128181
1.8676338909712125
2.0814963295286755
2.225605199016944
1.9877733714879842
2.049452072789394
2.4956029237290123
2.411289880921246
2.5521796970665487
2.4613201402110083
1.5709505944546687
2.040223928941852
2.054585169337799
1.7295739585136223
2.125
2.049452072789394
2.130926080730337
1.6898914910349165
2.3921472236645345
1.971747257128181
2.1920058354921066
2.0979931624271395
2.013132465170739
2.9105709324948523
2.4390795706241746
2.2856005389623073
2.049452072789394
1.971747257128181
2.054585169337799
2.199687794731328
1.7924812503605778
1.867633890971212
2.1930126328377804
2.015139004509236
1.780672129520887
1.9493125878360806
1.789929075309999
2.359879028736861
1.8423709931771086
1.971747257128181
2.53414684380524
2.263809173883546
2.196791631981637
1.9182958340544893
2.0048861640918427
2.2096909728231857
1.971747257128181
2.2396275363413567
2.4056390622295662
2.084962500721156
1.789929075309999
2.054585169337799
2.1280852788913944
2.074164743022575
2.251614471810182
1.781937063546704
2.054585169337799
2.004886164091843
1.971747257128181
2.1774212838293647
2.345851989338261
2.251629167387823
1.9508257945180887
2.125814583693911
2.0403733936884962
2.4225797618424916
2.1280852788913944
2.163865121950854
2.588416280324043
2.1174924611847548
2.1464657985040723
1.971747257128181
2.221251836004466
2.292481250360578
2.2810361125534233
2.353533948577482
2.651793902628769
2.2877837199410704
2.3531906713383224
1.8676338909712125
2.1556390622295662
2.049452072789394
2.049452072789394
1.971747257128181
2.004886164091843
2.646782221599798
2.3227569588973984
1.9191909385910155
2.349601752714581
1.9751060324573733
2.054585169337799
1.950212064914747
1.823067982273661
1.6644977792004614
1.867633890971212
2.217021885879718
2.403677461028802
2.1280852788913944
1.823067982273661
2.2841591278514217
2.556656707462823
1.5709505944546687
2.054585169337799
1.8676338909712125
2.199687794731328
1.894273869771264
2.4404040177209283
1.9502120649147465
2.125814583693911
2.032128525239341
2.556656707462823
2.357699072102166
2.349601752714581
1.9628066316931743
2.0176001385413644
2.1174924611847548
1.9392365361682793
2.0968226336265308
2.4682044724660606
1.850983694881109
2.266216305561209
1.971747257128181
1.971747257128181
1.9090129170794627
2.0680425036562062
2.0403733936884962
2.049452072789394
2.2791148276801247
2.1416195253341384
1.8799649487271108
1.9056390622295665
2.1280852788913944
1.9591479170272446
2.3192407046368486
2.063458298648303
2.0403733936884962
2.0
2.0048861640918427
1.992778107459939
2.061278124459133
1.9591479170272446
1.9481203125901447
2.0854752972273345
2.061278124459133
1.9575599976083877
1.971747257128181
2.3432578733442675
2.263809173883546
1.971747257128181
2.125814583693911
1.8423709931771084
2.0403733936884962
1.7924812503605778
1.7924812503605778
2.1280852788913944
2.125814583693911
1.971747257128181
2.0403733936884962
2.004886164091843
2.6416041678685933
2.0989295636909353
2.1967916319816365
2.125814583693911
2.219240704636849
2.0487949406953985
1.971747257128181
2.7272170014624826
2.251629167387823
1.8423709931771088
2.049452072789394
2.2125038423722683
2.093693753145287
3.1040301730294653
1.983496500694463
2.0403733936884962
2.7123831068495186
2.267240151565867
2.112805407260369
1.9473387961875537
2.1047412314783913
1.789929075309999
1.971747257128181
1.8369589098021648
1.9301249653149701
2.1556390622295662
2.1920058354921066
2.2096909728231857
2.0403733936884962
2.353533948577482
2.0403733936884962
1.8423709931771084
2.0403733936884962
2.128085278891394
2.0989295636909353
2.049452072789394
1.971747257128181
1.8676338909712125
2.1280852788913944
2.049452072789394
1.896240625180289
1.7924812503605778
1.867633890971212
2.0403733936884962
2.125814583693911
1.823067982273661
2.3227569588973984
2.0294069451656007
1.8676338909712125
1.8676338909712125
1.9182958340544896
1.789929075309999
2.53414684380524
1.9591479170272446
2.25
1.971747257128181
1.971747257128181
2.049452072789394
2.004886164091843
2.4634582986483036
1.823067982273661
1.8423709931771084
1.9182958340544896
2.0
2.0403733936884962
1.7924812503605778
2.038159681645953
2.25
1.7295739585136223
2.2261207468426805
2.084962500721156
2.359879028736861
2.4613201402110083
2.4834585933443494
2.1735572622751858
1.877387064296613
2.1920058354921066
1.971747257128181
2.064042639445697
1.7841591278514217
2.463458298648303
1.96025687191937
2.074164743022575
2.0403733936884962
2.349601752714581
2.270942421748537
1.9814963295286754
2.202819531114783
2.066329398862025
2.278351811711312
2.183754831923921
1.971747257128181
2.217021885879718
2.0403733936884962
2.224601752714581
1.7924812503605778
1.789929075309999
2.378991986900062
2.125814583693911
2.0403733936884962
1.7924812503605778
2.113283334294875
2.353533948577482
1.7695459925589747
2.049452072789394
2.0403733936884962
1.789929075309999
2.044556998549881
1.8464393446710154
1.9898980954642875
1.755826952246091
2.040223928941852
1.4911148500551854
1.7016377521383699
2.125814583693911
1.75
2.0403733936884962
2.0741647430225756
1.3670439296642292
1.8676338909712125
2.2256051990169436
1.971747257128181
1.867633890971212
2.260820318171659
2.05621500939744
2.058813890331201
2.1280852788913944
1.8339272176418302
2.0403733936884962
2.1416195253341384
1.9182958340544893
2.146465798504072
2.0403733936884962
2.4404040177209283
1.7924812503605778
2.1179631753145163
2.2841591278514217
2.0403733936884962
1.4591479170272448
2.1174924611847548
1.811278124459133
2.0403733936884962
1.780672129520887
1.823067982273661
1.9567796494470393
1.789929075309999
2.260964047443681
1.9852281360342514
2.199687794731328
1.9508257945180885
2.0403733936884962
2.1258145836939115
1.8423709931771088
2.049452072789394
2.474601752714581
2.051361789187549
2.1179631753145163
2.004886164091843
1.789929075309999
2.004886164091843
2.049452072789394
2.1887870678023824
2.004886164091843
2.221251836004466
1.896240625180289
2.125814583693911
2.1280852788913944
2.116299605701696
1.9182958340544893
2.004886164091843
1.971747257128181
1.7841591278514217
2.0403733936884962
2.038760752862686
2.3208020839342964
2.440404017720928
2.3004241080832215
1.971747257128181
2.004886164091843
2.0729055953200564
2.3942811477133943
2.146782221599798
2.004886164091843
1.9946803684089087
2.002755067189044
2.1722156238736763
2.1559681021459083
1.965596230357602
2.1174924611847548
2.1559681021459083
1.9301249653149701
2.1174924611847548
1.896240625180289
2.0403733936884962
1.7924812503605778
1.8423709931771084
2.125814583693911
1.9502120649147467
2.128085278891394
2.556656707462823
2.5073801024236357
2.4416298737872246
2.3342564252133498
2.251629167387823
1.971747257128181
2.0403733936884962
2.077819531114783
1.971747257128181
2.199687794731328
1.9591479170272446
1.8585552118703144
2.10558726169826
2.1609640474436813
2.1382689280764646
2.004886164091843
2.5996659733039564
2.058813890331201
1.8676338909712125
2.049452072789394
1.9063137138648347
2.0875766428471136
2.004886164091843
2.2256051990169436
1.971747257128181
1.9301249653149701
2.049452072789394
1.7381493331928664
2.0403733936884962
2.038760752862686
2.1174924611847548
2.199687794731328
2.0403733936884962
2.1916116417513782
2.260820318171659
1.867633890971212
2.1887870678023824
1.9220231428515733
1.9877733714879842
2.0403733936884962
1.8676338909712125
1.941645521915528
2.4164997849817107
2.125814583693911
2.263809173883546
2.2877837199410704
2.0403733936884962
2.004886164091843
2.004886164091843
2.350209029099897
1.8423709931771084
1.7924812503605778
2.125814583693911
2.004886164091843
2.33012496531497
2.463458298648303
2.292481250360578
1.6858157091530304
1.8919954870390203
2.0
2.0403733936884962
2.0403733936884962
2.225605199016944
2.0403733936884962
2.0403733936884962
1.7295739585136223
2.0403733936884962
2.004886164091843
2.054585169337799
2.260820318171659
2.0403733936884962
1.855388542207534
2.0403733936884962
1.7527152789797045
2.1280852788913944
2.216521698179525
1.9591479170272446
2.054585169337799
1.8879185026711327
2.0403733936884962
1.8250112108241772
1.9075169719509488
2.221251836004466
2.054585169337799
2.125814583693911
2.054585169337799
2.350209029099897
2.2857225506480185
2.0441581353653673
1.7871168973546248
1.7839496260010397
2.353190671338322
1.9533040442609686
2.0202442071537563
1.7924812503605778
2.049452072789394
2.5580510765444577
2.125814583693911
1.9508257945180885
2.1405180562767114
2.1179631753145163
2.0403733936884962
2.049452072789394
2.075074223172834
1.9877733714879842
2.292481250360578
1.9849259129823316
1.9169654144019361
1.4083068889069776
2.48345859334435
1.789929075309999
2.042481250360578
2.2942740671928616
2.1800365325772657
2.395998870534841
2.049452072789394
1.9877733714879842
2.251629167387823
1.7924812503605778
2.049452072789394
2.1280852788913944
1.9473387961875537
2.3050365325772657
2.270942421748537
2.605821744754982
2.2035156328182386
2.188777890674012
1.7841591278514217
2.080361631976464
2.122503600410272
2.0403733936884962
1.7632446958785974
2.0403733936884962
2.375
2.4137995646056805
1.971747257128181
2.292481250360578
1.811278124459133
2.064042639445697
1.884313527799799
1.8585552118703144
1.9508257945180885
2.0403733936884962
1.789929075309999
1.8423709931771088
2.0963923235482653
2.004886164091843
2.396782221599798
1.7527152789797045
2.0403733936884962
2.292481250360578
2.10845859334435
1.971747257128181
2.199687794731328
2.260820318171659
2.374556048381884
1.971747257128181
1.9182958340544893
1.823067982273661
1.9015064025015063
2.0979931624271395
1.8553885422075338
2.263809173883546
2.0403733936884962
2.2153472755846204
2.256258851979318
2.1967916319816365
1.8676338909712125
2.21577067413792
2.1280852788913944
2.2608203181716595
1.7841591278514217
2.5689782425836953
1.8423709931771086
2.3627402784989338
1.9182958340544893
2.345851989338261
2.077819531114783
2.0349409139562287
2.1556390622295662
2.0403733936884962
2.0403733936884962
2.3192407046368486
2.130926080730337
2.2841591278514217
2.08746284125034
2.163334789103821
2.3003980873087997
2.206238928653389
1.971747257128181
2.0
2.225610814520738
2.395998870534841
2.4729055953200563
2.080500530640267
2.0909899670084697
2.1055872616982603
1.85821548176108
2.005977711423774
2.263809173883546
2.0403733936884962
2.1592768042272796
2.125859918801786
2.004886164091843
2.219973094021975
2.3158243335257076
1.971747257128181
2.199687794731328
2.004886164091843
1.971747257128181
2.0403733936884962
1.9182958340544893
2.4137995646056805
1.9877733714879842
2.004886164091843
1.9182958340544893
2.278351811711312
2.064042639445697
2.054585169337799
2.260891110799899
1.7924812503605778
2.3232196723355076
2.0403733936884962
1.823067982273661
1.914341183612352
2.221251836004466
1.6644977792004614
1.971747257128181
2.3210873741947067
2.0670314951575843
1.836591668108979
1.8676338909712125
2.353533948577482
1.9852281360342516
1.9591479170272446
2.463458298648303
1.8207435886837344
2.0403733936884962
1.9182958340544896
2.049452072789394
1.75
1.9016094970590272
2.463458298648303
1.9182958340544893
2.0403733936884962
1.971747257128181
2.1406064599010723
2.418722908066561
2.217021885879718
1.9877733714879842
1.9473387961875537
2.1280852788913944
2.3245158956199643
2.349601752714581
1.9262117138015225
2.406666316740689
2.004886164091843
2.1280852788913944
2.0403733936884962
1.727396673574479
2.2256051990169436
1.7081409525061657
2.4662478973127313
2.038159681645953
2.0837651410695512
2.383757441416555
1.8250112108241772
2.6084585933443494
1.971747257128181
2.556656707462823
1.8676338909712125
2.0985798617120746
2.772185460511672
2.5566567074628237
2.0403733936884962
2.4137995646056805
2.074164743022575
2.1174924611847548
2.004886164091843
2.2256051990169436
1.7295739585136223
2.217021885879718
2.458354952489658
1.7544061094608834
1.8250112108241772
2.049452072789394
2.289246428509158
2.054585169337799
2.0403733936884962
2.0403733936884962
1.9877733714879842
1.5566567074628228
2.1280852788913944
2.0403733936884962
2.1280852788913944
1.7924812503605778
1.971747257128181
2.3432578733442675
2.263809173883546
1.971747257128181
2.1774212838293647
1.9182958340544893
1.7924812503605778
2.0403733936884962
2.1174924611847548
2.0403733936884962
1.9899917740667208
2.33012496531497
1.789929075309999
1.9814963295286754
2.2841591278514217
1.971747257128181
1.9836369220739454
2.1280852788913944
1.9301249653149701
2.7749283107333995
2.349601752714581
2.25
2.699513850319966
2.2256051990169436
2.771782221599798
2.049452072789394
1.789929075309999
2.092271865683611
2.0403733936884962
2.5559130951758244
2.0403733936884962
2.770301986405176
2.375
2.0403733936884962
2.221251836004466
2.004886164091843
2.1920058354921066
1.896240625180289
2.206238928653389
2.0629072918469555
2.2485731395538666
2.109804620072741
2.1800365325772657
2.0403733936884962
2.029526332323075
2.3432578733442675
2.5559130951758244
2.004886164091843
1.75
1.9852281360342514
2.049452072789394
2.4616302966094654
2.0234778384468255
2.1690354219421173
2.221251836004466
2.0670314951575843
2.3169764111609403
2.1920058354921066
1.8546890001763974
2.0566416671474372
2.546631615393778
2.221251836004466
2.6432849184728124
1.8262452584026092
2.004886164091843
2.5028279939449773
2.061278124459133
1.8676338909712125
1.780672129520887
2.0403733936884962
2.349601752714581
2.2584598927441624
2.0403733936884962
2.251629167387823
2.2763250833821176
1.789929075309999
2.038159681645953
2.463458298648303
1.8676338909712125
2.2608203181716595
2.0670314951575843
1.8585552118703144
1.863120568566631
1.780672129520887
2.359879028736861
2.004946482419707
2.191210429982964
1.949869837094248
2.2926182206746386
1.971747257128181
2.319515776501326
1.6548314045261645
2.0119209285947934
2.270942421748537
2.224601752714581
1.914341183612352
2.049452072789394
1.971747257128181
2.2457166246288307
1.933816945485606
1.3685225277282063
1.971747257128181
2.353533948577482
2.1280852788913944
2.263809173883546
2.054585169337799
2.0403733936884962
2.1920058354921066
1.9182958340544893
2.0403733936884962
1.9182958340544896
2.0403733936884962
2.1339375660949167
2.0403733936884962
2.0
2.33012496531497
2.0403733936884962
2.1735572622751853
1.9898980954642875
1.8810947601100747
2.075869296697727
2.0403733936884962
2.4225797618424916
2.0597218324096134
2.375
1.8250112108241772
1.5
2.100983694881109
2.0157404324930677
2.077819531114783
2.0550365325772657
2.2627834289765825
2.2877837199410704
2.251629167387823
2.0403733936884962
1.9751060324573735
2.056020968057881
2.084962500721156
2.0026740938464838
2.0458416408851736
2.024726036394697
2.1967916319816365
2.224601752714581
2.358938532350277
1.4591479170272448
2.049452072789394
2.2256051990169436
2.0403733936884962
1.971747257128181
2.0403733936884962
1.789929075309999
2.1280852788913944
1.8810947601100747
2.521782221599798
1.789929075309999
2.3050365325772657
2.146782221599798
1.7841591278514217
2.004886164091843
2.2841591278514217
2.251629167387823
1.9508257945180885
2.0741647430225756
1.9508257945180885
2.353533948577482
1.6577427265048887
1.8423709931771084
2.277845240648177
1.8676338909712125
2.069684311058687
2.2569089895583545
2.351589275548577
1.971747257128181
1.760495029766198
1.9852281360342514
1.971747257128181
1.789929075309999
2.004886164091843
2.0403733936884962
1.896240625180289
1.8799649487271108
2.217021885879718
2.7378723922315147
2.4342685732304794
2.049452072789394
2.25
2.521782221599798
1.971747257128181
2.0403733936884962
2.1280852788913944
2.396782221599798
2.460904932167797
2.396310424640968
2.0418145155018155
1.8423709931771084
2.251629167387823
1.8585552118703144
1.789929075309999
1.789929075309999
1.789929075309999
1.789929075309999
2.0403733936884962
2.0458416408851736
1.9591479170272446
1.7758589482446405
1.7758589482446405
1.789929075309999
1.7758589482446405
1.7758589482446405
1.8339272176418302
2.1866610090529672
2.0403733936884962
1.9591479170272446
2.0403733936884962
1.971747257128181
1.823067982273661
2.1837548319239213
2.353533948577482
2.0403733936884962
1.8423709931771084
2.217021885879718
1.8585552118703144
2.2396275363413567
2.359879028736861
1.8349625007211565
2.3037016960573484
2.004886164091843
2.049452072789394
1.7924812503605778
2.1280852788913944
2.1609640474436813
2.3082708345352603
2.134969974603941
2.202819531114783
1.971747257128181
2.063458298648303
2.5073801024236357
1.7924812503605778
1.971747257128181
2.463458298648303
2.1464657985040723
1.7924812503605778
1.8423709931771084
2.4349054335653717
2.0403733936884962
1.8553885422075338
2.699513850319966
2.058813890331201
2.098579861712074
1.9508257945180885
2.1054105870684143
1.9386790169573507
2.1735572622751853
2.0403733936884962
1.7924812503605778
2.054585169337799
1.8810947601100747
2.049452072789394
2.038760752862686
1.8810947601100745
2.4137995646056805
1.7924812503605778
2.5306390622295662
2.0403733936884962
2.125814583693911
2.049452072789394
2.3735572622751855
2.0985798617120746
1.8879185026711327
2.1609640474436813
2.217021885879718
1.9508257945180887
1.7924812503605778
1.971747257128181
1.971747257128181
2.221251836004466
1.8810947601100747
1.789929075309999
1.823067982273661
2.0349409139562287
2.221251836004466
1.855388542207534
1.789929075309999
2.1887870678023824
2.0
2.4137995646056805
1.9182958340544896
2.33012496531497
2.5757603111373544
1.9182958340544896
2.3919796433934777
1.789929075309999
2.292481250360578
2.4225797618424916
2.0403733936884962
1.971747257128181
2.1179631753145163
1.789929075309999
1.9182958340544893
2.1887870678023824
2.406666316740689
2.004886164091843
1.8423709931771084
2.212667015321706
2.117492461184755
2.1280852788913944
2.004886164091843
1.789929075309999
1.8294732983598407
1.8339272176418302
2.1179631753145163
2.1648894517332407
2.4729055953200563
1.8810947601100747
2.0202442071537563
1.8676338909712125
1.867633890971212
2.0
2.1280852788913944
2.128085278891394
1.4591479170272448
1.9508257945180885
2.049452072789394
2.0403733936884962
1.8799649487271108
2.343257873344267
2.1416195253341384
2.521782221599798
2.1416195253341384
1.896240625180289
2.651793902628769
2.1644977792004614
2.406666316740689
2.292481250360578
1.7527152789797047
1.9877733714879842
1.896240625180289
2.1690354219421173
2.322756958897399
2.745576779031358
1.9182958340544893
2.504800382982335
2.216917186688699
2.0216148719112956
2.199687794731328
2.396782221599798
2.1967916319816365
2.3627402784989338
2.2877837199410704
2.0403733936884962
2.403677461028802
1.9056390622295665
2.058813890331201
2.0403733936884962
2.1179631753145163
2.004886164091843
1.8676338909712125
2.0349409139562287
2.221251836004466
2.2492870686521593
1.4591479170272446
2.221251836004466
2.084962500721156
1.75
1.789929075309999
2.2389205950315936
2.463458298648303
2.0131324651707385
2.072905595320056
1.971747257128181
2.3192407046368486
1.9797218324096137
2.0403733936884962
2.202819531114783
2.125814583693911
2.1280852788913944
2.3627402784989338
2.210973616506754
2.1174924611847548
2.1179631753145163
2.125814583693911
1.867633890971212
1.8073549220576042
2.0458416408851736
1.8799649487271108
1.9182958340544896
2.125814583693911
1.971747257128181
1.8423709931771084
2.1969571863274178
1.971747257128181
2.1280852788913944
2.1280852788913944
2.1774212838293647
1.9182958340544893
1.894273869771264
1.971747257128181
2.0393538721672004
1.971747257128181
2.004886164091843
1.971747257128181
2.0403733936884962
1.9508257945180885
2.0403733936884962
2.125814583693911
2.148834854280917
1.971747257128181
2.1556390622295662
1.971747257128181
1.896240625180289
2.0349409139562287
2.251629167387823
1.9068905956085187
1.7527152789797045
2.004886164091843
2.0524212838293647
2.054585169337799
2.3627402784989338
1.823067982273661
1.8098225451324987
1.9508257945180887
2.2608203181716595
2.2877837199410704
2.221251836004466
2.0403733936884962
2.1174924611847548
2.0048861640918427
2.062907291846956
2.5580510765444577
1.7924812503605778
2.606238928653389
2.098579861712074
2.199687794731328
1.8676338909712125
1.4728879606268865
2.054585169337799
2.0580531366523855
2.1735572622751858
2.1179631753145163
2.349601752714581
2.0403733936884962
2.0
1.9591479170272446
2.0403733936884962
2.353533948577482
2.125814583693911
2.5073801024236357
2.279590342615302
2.0313548967005404
2.199687794731328
2.0403733936884962
2.011920928594794
1.9956123808398372
1.789929075309999
1.9591479170272446
2.199687794731328
2.054585169337799
2.224601752714581
2.0
2.004886164091843
2.2232196723355075
2.1690354219421173
1.7924812503605778
2.353533948577482
1.5487949406953985
2.350209029099897
1.971747257128181
2.278351811711312
2.0403733936884962
1.8676338909712125
2.3627402784989338
1.971747257128181
1.5566567074628228
1.789929075309999
1.867633890971212
2.125814583693911
2.146465798504072
2.080500530640267
2.075869296697727
2.251629167387823
2.2856005389623073
2.3204112664779526
2.3440176247843523
1.8919954870390203
1.971747257128181
2.084962500721156
1.9877733714879842
2.0403733936884962
2.327632809290636
1.8423709931771086
2.091917186688699
1.8676338909712125
2.221251836004466
2.2200683022340693
1.789929075309999
2.0758692966977272
2.0403733936884962
2.385037656842365
2.1416195253341384
1.896240625180289
1.8676338909712125
2.1887870678023824
1.4911148500551858
2.353533948577482
2.004886164091843
2.098579861712074
2.054585169337799
2.359879028736861
1.7863012011716395
2.128085278891394
1.823067982273661
2.5785519909913264
1.8676338909712125
2.495602923729013
2.33012496531497
2.3942811477133943
2.2096909728231857
2.169925001442312
1.8676338909712125
2.8150610122030697
1.879964948727111
2.0758692966977272
1.9814963295286754
1.971747257128181
2.1800365325772657
2.349601752714581
2.4164997849817103
2.4404040177209283
2.038159681645953
2.0403733936884962
2.0403733936884962
2.221251836004466
2.0403733936884962
1.5304930567574824
2.1711395066729176
1.9805332770550816
1.9161244448001153
2.2256051990169436
2.063458298648303
2.221251836004466
2.221251836004466
1.8423709931771088
2.311278124459133
1.896240625180289
1.8676338909712125
1.9508257945180885
1.945530556036326
3.279223627277347
2.353533948577482
1.310363944093098
2.2256051990169436
2.049452072789394
2.3395722619867225
2.1633347891038204
2.0989295636909353
2.1992818130163663
1.673772149591271
1.9609640474436814
2.1054105870684143
1.7924812503605778
2.063202513215852
2.2096909728231857
2.4056390622295662
2.049452072789394
1.971747257128181
2.224601752714581
2.219633122975817
2.292481250360578
2.0403733936884962
2.25
2.292481250360578
2.7152088061657302
1.6644977792004614
2.199687794731328
1.971747257128181
2.049452072789394
1.8676338909712125
1.3787834934861753
2.260820318171659
2.3842114918933284
2.0403733936884962
1.8585552118703144
2.125
2.476970906532965
2.0349409139562287
2.074164743022575
1.867633890971212
2.0403733936884962
2.440404017720928
2.049452072789394
1.811278124459133
2.279799131837405
2.1416195253341384
2.0403733936884962
1.9852281360342514
2.1572044807323882
1.8585552118703144
1.75
1.809200032697812
2.5881417652147736
2.0349409139562287
2.0403733936884962
2.7693452623695127
2.2062389286533897
1.9591479170272446
2.1793502024537714
1.9852281360342516
2.521782221599798
2.0403733936884962
2.220068302234069
1.789929075309999
2.221251836004466
2.358938532350277
1.789929075309999
1.8919954870390203
2.199687794731328
2.33012496531497
1.789929075309999
1.9182958340544896
2.260820318171659
2.251629167387823
2.1920058354921066
2.234226153609027
2.0403733936884962
2.349601752714581
2.0221061127398396
1.8879185026711327
2.1078332108246127
2.054585169337799
2.1803373810675706
1.9657678078192216
1.8993665416356293
2.206238928653389
2.1887870678023824
1.9182958340544896
2.0458416408851736
2.0403733936884962
1.896240625180289
1.9508257945180885
1.9508257945180885
2.684017280829845
1.971747257128181
1.8676338909712125
2.353533948577482
1.9852281360342514
2.322756958897399
2.2783518117113117
2.2841591278514217
2.0
2.358938532350277
1.8585552118703144
1.789929075309999
2.0403733936884962
2.0403733936884962
2.125814583693911
2.125814583693911
2.292481250360578
2.125814583693911
2.2983094013008034
1.823067982273661
2.153291231890481
2.278351811711312
1.971747257128181
2.074164743022575
1.9698110652780971
2.415489443903765
2.500863613362384
2.1179631753145163
2.260820318171659
2.125814583693911
1.971747257128181
2.3544155053807505
2.6937214112596455
2.199687794731328
1.8423709931771084
2.1812056673346514
2.146465798504072
2.347312051491349
2.1280852788913944
2.1822287189138017
1.867633890971212
2.112876451303138
2.4863416825153295
2.1464657985040723
2.1199100232740657
1.9669171866886992
2.473851389610045
2.0403733936884962
1.971747257128181
1.8423709931771086
2.251629167387823
1.8676338909712125
1.9502120649147467
2.5967916319816364
1.8910611120726528
2.1280852788913944
2.0403733936884962
1.8544227415223755
2.4729055953200563
1.7924812503605778
2.260820318171659
1.9182958340544893
2.287783719941071
2.278351811711312
1.91855363187439
1.1042691811479988
2.038159681645953
2.004886164091843
1.9814963295286754
2.653107168362811
2.463458298648303
2.3608887482816034
2.2841591278514217
2.10701569352509
2.1577174691301484
2.125
1.9903166968736787
2.0403733936884962
2.262362377388257
2.072905595320056
2.3050365325772657
2.6056141902095846
1.867633890971212
1.9508157263277077
1.4591479170272448
2.245869617795809
1.9182958340544896
1.9591479170272446
2.1981839479117986
2.251614471810182
1.8676338909712125
2.1416195253341384
1.7841591278514217
2.292481250360578
1.7924812503605778
2.1280852788913944
2.2364440836284385
2.017470456978114
2.0403733936884962
2.0403733936884962
1.971747257128181
2.1609640474436813
2.054585169337799
2.125814583693911
1.8676338909712125
1.971747257128181
2.0202442071537563
1.789929075309999
2.2389205950315936
2.353533948577482
1.4591479170272448
2.291620193427939
1.75
1.8339272176418302
2.353533948577482
1.8879185026711327
2.3208020839342964
2.199687794731328
2.2125038423722683
2.062907291846956
2.4834585933443494
2.699513850319966
2.3092966682370033
2.125814583693911
2.127986806877675
1.9508257945180885
2.646782221599798
2.292481250360578
1.896240625180289
2.0
2.1464657985040723
1.7680644949326596
2.375
1.971747257128181
1.971747257128181
1.9591479170272446
1.8423709931771084
1.789929075309999
2.2797991318374056
2.0403733936884962
2.2825887305018333
2.260820318171659
2.0989295636909353
2.292481250360578
2.0998625053956435
1.789929075309999
1.971747257128181
1.8676338909712125
1.8676338909712125
1.896240625180289
1.798277725903655
1.8654371053199075
1.850101712259478
1.8937666738014507
1.9104287215779239
2.084962500721156
2.0403733936884962
1.9591479170272446
2.0403733936884962
2.125814583693911
2.146465798504072
2.049452072789394
1.971747257128181
1.971747257128181
2.35274578087187
2.049452072789394
2.1887870678023824
1.75
2.292481250360578
2.0403733936884962
2.1280852788913944
1.842737648613667
2.049452072789394
2.117492461184755
1.971747257128181
2.0403733936884962
2.10845859334435
1.9182958340544896
2.0403733936884962
2.075869296697727
2.260820318171659
2.018310781820059
2.2878662772365086
1.823067982273661
2.1280852788913944
1.9591479170272446
1.936278124459133
2.004886164091843
2.3071885761626687
1.8267893530537787
2.522620309531022
2.4613201402110083
1.8676338909712125
2.054585169337799
2.440404017720928
1.7924812503605778
2.460546368008018
1.75
1.9182958340544893
1.896240625180289
2.2892464285091583
2.206238928653389
2.004886164091843
2.049452072789394
1.9182958340544893
1.8423709931771084
2.0403733936884962
1.971747257128181
1.9591479170272446
2.0119209285947934
2.004886164091843
2.022579761842491
2.1735572622751858
1.896240625180289
1.8553885422075338
2.1179631753145163
1.789929075309999
2.1339375660949167
2.2877837199410704
2.0403733936884962
1.8423709931771084
2.013132465170739
2.077819531114783
1.971747257128181
2.0403733936884962
2.2544475789720946
1.9591479170272446
2.004886164091843
2.2684727516311214
2.5004147094495113
1.823067982273661
2.004886164091843
1.983084164143437
2.004886164091843
2.216521698179525
2.145136370153053
1.781937063546704
2.3220847276178658
2.148834854280917
2.1920058354921066
2.004886164091843
2.216521698179525
1.9508257945180885
1.9653059184883495
1.8676338909712125
2.1209520310264027
2.0717350271381694
1.8553885422075338
1.9508257945180885
2.004886164091843
2.004886164091843
2.004886164091843
2.263809173883546
2.263809173883546
2.004886164091843
2.0403733936884962
2.0419460322060456
2.004886164091843
2.005977711423774
2.358938532350277
2.004886164091843
1.823067982273661
2.462291918270034
2.0403733936884962
1.8676338909712125
2.217021885879718
2.5566567074628237
2.2585728843419153
1.9211854965885542
1.9877733714879842
2.1607047528877827
1.9736693980937772
1.9182958340544893
2.1179631753145163
2.1179631753145163
2.2062389286533897
2.1967916319816365
2.292481250360578
2.0700459365545627
2.33012496531497
1.971747257128181
2.0403733936884962
2.0379154119304594
1.781937063546704
2.1179631753145163
2.0403733936884962
2.1800365325772657
2.1416195253341384
1.9852281360342516
1.971747257128181
2.2132982820604443
2.359879028736861
2.292481250360578
1.7924812503605778
2.35845859334435
2.125814583693911
1.8423709931771088
1.6644977792004614
2.33012496531497
1.971747257128181
2.197159723424149
2.2569089895583545
1.9508257945180885
1.971747257128181
2.33012496531497
2.0403733936884962
2.2877837199410704
1.823067982273661
2.0403733936884962
1.9182958340544896
2.292481250360578
2.054585169337799
2.484183719779189
2.0402239289418524
2.0403733936884962
1.9508257945180885
2.054585169337799
1.867633890971212
2.349601752714581
2.1174924611847548
1.971747257128181
2.0403733936884962
2.049452072789394
2.3208020839342964
2.646782221599798
2.498296588930315
2.217021885879718
2.217021885879718
2.3068905956085186
1.971747257128181
1.7295739585136223
2.5580510765444573
2.3208020839342964
1.867633890971212
1.8322488896002305
2.292481250360578
1.8676338909712125
2.0403733936884962
2.292481250360578
2.0403733936884962
2.049452072789394
1.8485062353503128
1.7527152789797045
2.0403733936884962
1.9877733714879842
2.054585169337799
1.896240625180289
2.049452072789394
2.0403733936884962
2.436036415157426
2.004886164091843
1.6522624738540226
1.9026831892554923
1.896240625180289
2.130926080730337
2.0374011976541118
2.049452072789394
2.0403733936884962
1.867633890971212
1.867633890971212
1.75
1.9182958340544893
1.789929075309999
2.004886164091843
2.3220847276178658
2.260820318171659
2.646782221599798
2.0403733936884962
1.8676338909712125
1.7527152789797045
1.9877733714879842
2.004886164091843
1.9591479170272446
2.08746284125034
2.054585169337799
2.0349409139562287
1.971747257128181
2.2516291673878226
1.7924812503605778
2.0
2.0131324651707385
1.789929075309999
2.263809173883546
2.004886164091843
2.0403733936884962
2.0403733936884962
2.1266144718101816
2.218437210664321
1.971747257128181
2.4634582986483036
1.8423709931771084
2.2841591278514217
2.125814583693911
2.0349409139562287
2.081706277574314
2.0614073951842946
2.206238928653389
2.1280852788913944
2.0180817939786855
2.3395722619867225
2.0403733936884962
2.1735572622751858
1.8676338909712125
2.396782221599798
2.251629167387823
2.004886164091843
2.221251836004466
2.2806390622295662
2.148834854280917
2.353533948577482
2.2877837199410704
1.971747257128181
2.359879028736861
2.221251836004466
1.811278124459133
2.638639912208212
2.004886164091843
1.867633890971212
2.3301249653149703
1.8676338909712125
2.0403733936884962
2.0729055953200564
1.994299475957303
2.049452072789394
1.8676338909712125
2.049452072789394
1.789929075309999
1.867633890971212
2.4164997849817103
2.292481250360578
2.1920058354921066
2.0741647430225756
2.1739731346044096
2.2841591278514217
1.9473387961875537
2.349601752714581
2.0403733936884962
2.049452072789394
2.0403733936884962
2.0403733936884962
1.811278124459133
2.2516291673878226
2.148834854280917
1.7841591278514217
2.1393538721672005
2.0550365325772657
2.358938532350277
2.406666316740689
2.295461844238322
2.005977711423774
2.1916116417513782
2.0989295636909353
1.971747257128181
2.0403733936884962
2.0344830745314644
2.2627834289765825
1.823067982273661
2.3400654775877836
2.0202442071537563
2.005977711423774
2.004886164091843
2.004886164091843
1.823067982273661
2.1054105870684143
1.8352377453121174
2.004886164091843
2.148834854280917
2.019973094021975
1.9852281360342514
2.004886164091843
2.054585169337799
1.9877733714879842
2.125814583693911
2.2608203181716595
2.339572261986723
2.6556390622295662
2.038159681645953
2.049452072789394
2.049452072789394
2.260820318171659
2.1416195253341384
2.725480556997868
2.2890179898186576
2.6134783265094685
2.1817864960090616
2.019973094021975
2.221251836004466
1.867633890971212
2.004886164091843
1.9211854965885542
2.0979931624271395
1.971747257128181
2.049452072789394
2.2516291673878226
2.350772023403227
2.127986806877675
1.9942994759573032
2.061423239400896
2.038159681645953
1.9852281360342514
2.217021885879718
2.217021885879718
2.0403733936884962
2.217021885879718
2.0141467614227277
2.3050365325772657
2.271782221599798
2.0403733936884962
1.781975537935171
1.7924812503605778
2.1280852788913944
2.054585169337799
2.004886164091843
2.0403733936884962
2.396782221599798
2.085475297227334
1.7924812503605778
1.8423709931771086
2.4225797618424916
2.0458416408851736
1.9591479170272446
2.5492553971684995
2.004886164091843
2.292481250360578
2.292481250360578
1.8676338909712125
1.8262452584026092
1.8423709931771088
2.0403733936884962
2.0
2.2081965922770874
2.199687794731328
2.5492553971685
1.7924812503605778
2.049452072789394
1.8423709931771084
2.058813890331201
2.4225797618424916
2.0
2.0
2.049452072789394
2.1280852788913944
2.556494875335856
2.049452072789394
1.7295739585136223
2.292481250360578
2.350209029099897
2.263809173883546
1.4488156357251847
2.1416195253341384
2.0403733936884962
2.374556048381884
2.5785519909913264
2.0403733936884962
2.2062389286533897
2.279799131837405
2.0403733936884962
2.2840797862812
2.1920058354921066
2.128085278891394
2.004886164091843
1.867633890971212
1.867633890971212
2.064042639445697
2.0403733936884962
2.049452072789394
2.2389205950315936
2.2877837199410704
2.0349409139562287
2.199687794731328
2.1920058354921066
1.9766480916739722
2.521782221599798
2.128085278891394
1.8676338909712125
2.0623500360357054
1.8498687225851778
1.823067982273661
1.8585552118703144
2.1280852788913944
2.125
2.2841591278514217
2.3037016960573484
2.353533948577482
2.038159681645953
1.971747257128181
2.33012496531497
1.7924812503605778
1.971747257128181
2.1739731346044096
2.3714645644232903
2.0349409139562287
2.1462406251802895
2.2810361125534233
2.1370148112524405
2.148834854280917
2.012595115586518
2.4772170014624826
2.3622567348582466
2.251629167387823
2.403677461028802
1.9508257945180885
1.7527152789797045
2.0741647430225756
2.0048861640918427
1.867633890971212
1.8423709931771084
1.914341183612352
2.270942421748537
2.1280852788913944
2.049452072789394
2.353533948577482
2.25
2.15834454415751
2.1258145836939115
2.251614471810182
1.8423709931771086
2.1179631753145163
2.3395722619867225
2.358938532350277
1.9508257945180885
1.9473387961875537
2.0225797618424917
2.0403733936884962
1.9508257945180885
2.1920058354921066
2.403677461028802
2.33012496531497
1.971747257128181
2.3217140058361827
2.004886164091843
2.049452072789394
1.9591479170272446
2.422579761842491
1.924174352300441
1.5397348151355597
1.9301249653149701
1.7884504573082896
1.9068905956085187
2.1607047528877827
1.950212064914747
2.556656707462823
1.8585552118703144
1.9852281360342514
1.8676338909712125
1.7924812503605778
2.1174924611847548
1.9903166968736792
2.3942811477133943
1.7924812503605778
2.279799131837405
2.0403733936884962
2.1280852788913944
2.0403733936884962
1.8262452584026092
1.8676338909712125
2.2892464285091583
2.0192365361682794
2.0403733936884962
2.33012496531497
2.049452072789394
2.5073801024236357
1.9473387961875537
2.2232196723355075
2.040223928941852
2.221251836004466
1.971747257128181
2.1280852788913944
1.8250112108241772
1.8879185026711327
1.727396673574479
2.0403733936884962
2.049452072789394
2.0403733936884962
2.148834854280917
1.855388542207534
2.2062389286533897
2.199687794731328
2.1280852788913944
2.0403733936884962
2.2841591278514217
2.0403733936884962
1.8423709931771086
1.9473387961875537
2.1556390622295662
1.971747257128181
2.0403733936884962
2.33012496531497
2.125814583693911
2.1179631753145163
2.291620193427939
1.971747257128181
2.4634582986483036
2.1440239107574226
1.896240625180289
2.418722908066561
2.005977711423774
1.9437545839367456
2.197159723424149
2.125814583693911
1.8676338909712125
2.117492461184755
2.0403733936884962
1.8676338909712125
2.2058011089873357
1.971747257128181
1.971747257128181
1.980295483579856
2.4444971166966623
1.4591479170272448
2.4064982071053507
1.8423709931771088
2.169925001442312
1.971747257128181
2.4404040177209283
2.206238928653389
2.3037016960573484
2.1556390622295662
1.9508257945180885
2.0403733936884962
2.117492461184755
2.0403733936884962
1.8799649487271108
2.1556390622295662
2.064042639445697
2.054585169337799
2.038159681645953
1.971747257128181
2.2856005389623073
2.0403733936884962
2.4716008172840405
2.075869296697727
2.0403733936884962
1.8423709931771084
2.223219672335508
1.971747257128181
1.789929075309999
2.4137995646056805
2.566190216550323
1.7924812503605778
2.292481250360578
1.8676338909712125
1.971747257128181
2.0403733936884962
2.054585169337799
2.2988252450030506
2.8729055953200557
2.155968102145908
1.9508257945180885
2.0403733936884962
2.260820318171659
2.192005835492107
2.0634582986483037
2.25
2.0403733936884962
2.2359263506290326
2.077819531114783
2.084962500721156
1.867633890971212
2.25
2.217021885879718
2.289246428509158
2.004886164091843
2.278351811711312
2.145136370153053
1.867633890971212
2.289017989818658
2.221251836004466
1.7924812503605778
1.5566567074628228
1.9182958340544893
2.5341468438052397
2.449985290868722
2.1774212838293647
1.7924812503605778
2.1280852788913944
2.0403733936884962
1.8423709931771084
2.023219672335508
2.0403733936884962
2.199687794731328
1.971747257128181
2.1393538721672005
2.270942421748537
1.855388542207534
2.571154278744062
1.9211796919474975
2.556656707462823
2.049452072789394
2.0403733936884962
1.6644977792004614
2.4609049321677965
2.0202442071537563
1.4591479170272448
2.1280852788913944
2.1280852788913944
1.9508257945180885
2.1774212838293647
1.75
2.054585169337799
2.0524212838293647
2.2841591278514217
1.8676338909712125
1.8748587169101305
2.0160399178590604
2.435061598352041
1.7527152789797045
2.349601752714581
1.9182958340544893
1.976282278773577
1.9852281360342516
2.343257873344267
2.054585169337799
1.789929075309999
2.218437210664321
2.349601752714581
2.270942421748537
1.9814963295286754
1.5799286714839706
2.023219672335508
2.1300385341438077
2.251629167387823
1.7924812503605778
2.353533948577482
1.971747257128181
1.971747257128181
2.702904337188607
2.075074223172834
1.867633890971212
1.950212064914747
2.4225797618424916
1.8423709931771088
1.950212064914747
1.7924812503605778
2.2256108145207376
2.216521698179525
1.9254106352407239
2.397969025479384
1.950212064914747
2.1280852788913944
2.60845859334435
2.0
2.0430576940642533
1.9877733714879842
2.199687794731328
1.8423709931771084
2.0349409139562287
2.33012496531497
1.8423709931771084
2.33012496531497
2.221251836004466
2.0403733936884962
2.049452072789394
2.0403733936884962
2.251629167387823
1.584962500721156
2.007856063692049
2.2096909728231857
2.0157404324930677
1.5990919739558995
2.5785519909913264
2.5495234595978324
1.8250112108241772
2.0403733936884962
2.0403733936884962
1.584962500721156
2.2890179898186576
2.1607047528877827
2.4262927116736352
2.3244093931715555
2.0403733936884962
1.9877733714879842
2.127986806877675
1.8262452584026092
2.119240704636849
2.4137995646056805
2.176698209257316
1.9986525468781666
2.049452072789394
2.1159889779043453
2.2516291673878226
2.217021885879718
2.217021885879718
2.217021885879718
2.217021885879718
2.125814583693911
2.2608203181716595
2.0403733936884962
2.049452072789394
2.1353503825268683
2.2096909728231857
1.9590775650799215
1.867633890971212
1.669180336866731
1.789929075309999
2.0461796919474975
1.9591479170272446
1.896240625180289
2.1735572622751853
2.292481250360578
2.077819531114783
2.0403733936884962
2.4225797618424916
1.789929075309999
1.789929075309999
2.375
1.6644977792004614
2.004886164091843
1.811278124459133
2.30827083453526
2.004886164091843
1.8879185026711327
2.472905595320056
2.159989415699323
2.298852726158181
2.049452072789394
2.1607047528877827
2.054585169337799
2.067031495157584
1.896240625180289
2.3082708345352603
1.9591479170272446
2.199687794731328
1.867633890971212
1.8423709931771084
1.971747257128181
2.291620193427939
2.146782221599798
2.1416195253341384
2.0662478973127314
2.374556048381884
1.9877733714879842
1.9591479170272446
2.221251836004466
1.75
2.216521698179525
1.75
1.9182958340544893
2.125814583693911
2.1800365325772657
2.038159681645953
1.6644977792004614
1.8919954870390203
2.3158243335257076
1.9182958340544896
2.474601752714581
1.8676338909712125
2.2807876549494517
1.823067982273661
2.0
1.8423709931771084
2.125814583693911
2.0403733936884962
1.7924812503605778
2.3804304878001115
1.9508257945180885
1.971747257128181
1.8843135277997989
2.212503842372268
1.9211854965885544
2.2983094013008034
2.1633347891038204
2.004886164091843
1.971747257128181
1.8676338909712125
1.9591479170272446
1.971747257128181
1.8423709931771084
2.2841591278514217
2.3342564252133498
2.123219672335508
2.1464657985040723
2.292481250360578
2.038159681645953
1.971747257128181
2.321695404408628
1.855388542207534
2.0403733936884962
1.6577427265048887
2.460964047443681
2.128085278891394
1.9473387961875537
1.867633890971212
1.5487949406953985
2.2359263506290326
2.3192407046368486
2.457423936929527
1.8773870642966133
2.221251836004466
2.007856063692049
2.0146388143433827
2.054585169337799
2.292481250360578
1.789929075309999
1.9591479170272446
2.199687794731328
2.054585169337799
2.224601752714581
2.0
1.8423709931771084
1.867633890971212
1.8676338909712125
2.061278124459133
2.004886164091843
2.0403733936884962
1.7924812503605778
2.2597992234005675
2.495602923729013
2.049452072789394
2.6084585933443494
1.7924812503605778
2.0403733936884962
2.216521698179525
2.0814963295286755
1.971747257128181
1.971747257128181
1.9182958340544893
2.1967916319816365
1.855388542207534
2.1055872616982603
1.789929075309999
2.1609640474436813
2.0825518169307426
2.054585169337799
2.349601752714581
2.0403733936884962
1.4591479170272448
2.667297826852001
2.077819531114783
1.9814963295286754
2.1577174691301484
2.022579761842491
2.332914563979398
2.288019280279689
1.789929075309999
1.867633890971212
2.131820649404758
2.054585169337799
2.1726396572551296
2.0403733936884962
2.35274578087187
1.971747257128181
2.0048861640918427
2.146465798504072
2.1171895725927157
1.9508257945180885
2.205109900073869
1.986732423281895
2.049452072789394
2.128085278891394
2.0349409139562287
2.049452072789394
1.6644977792004614
1.877387064296613
2.1556390622295662
2.004886164091843
1.971747257128181
2.128085278891394
2.1842612638641032
1.8423709931771088
2.221251836004466
1.7924812503605778
1.8553885422075338
2.349601752714581
2.128085278891394
2.4404040177209283
2.353533948577482
2.4225797618424916
2.279799131837405
1.8423709931771084
2.279799131837405
2.251629167387823
2.1280852788913944
1.971747257128181
2.125814583693911
2.054585169337799
1.8423709931771088
1.6691803368667308
2.128085278891394
2.1577174691301484
2.2841591278514217
2.0403733936884962
1.789929075309999
2.406666316740689
1.8676338909712125
1.9182958340544893
1.8423709931771084
2.30827083453526
2.013132465170739
2.375
1.8250112108241772
2.217021885879718
2.1280852788913944
2.1174924611847548
1.867633890971212
1.8676338909712125
1.8423709931771084
1.971747257128181
2.271782221599798
2.0403733936884962
2.221251836004466
2.0403733936884962
2.049452072789394
1.811278124459133
2.0403733936884962
1.9852281360342516
2.049452072789394
1.8423709931771084
1.8423709931771084
2.125814583693911
2.1174924611847548
1.945530556036326
2.0403733936884962
2.2389205950315936
2.8270597817677143
2.0403733936884962
1.971747257128181
2.298852726158181
2.0403733936884962
2.1887870678023824
2.278351811711312
1.8676338909712125
2.249836611487088
2.199687794731328
1.9301249653149701
2.0146388143433827
2.0403733936884962
2.601592484110964
2.005977711423774
1.8339272176418302
1.971747257128181
1.6636046175975003
1.8676338909712125
1.789929075309999
1.896240625180289
1.971747257128181
2.1057491114215283
1.7527152789797045
1.971747257128181
1.9677648376739316
1.9591479170272446
2.2841591278514217
1.971747257128181
2.098579861712074
1.867633890971212
2.0
1.8676338909712125
2.054585169337799
2.4782321974138597
1.789929075309999
2.2096909728231857
2.4166031096732477
2.2627834289765825
1.9591479170272446
1.4591479170272448
2.125814583693911
2.2877837199410704
2.045841640885174
2.33012496531497
2.146465798504072
1.9015064025015063
1.8879185026711327
2.3560037437472365
1.789929075309999
1.867633890971212
3.0495234595978316
1.867633890971212
1.9076468448300599
2.004886164091843
2.5580510765444577
2.125814583693911
1.9688738747207215
1.9508257945180885
2.1967916319816365
2.125814583693911
2.040223928941852
2.1887870678023824
1.9182958340544896
2.004886164091843
2.004886164091843
2.339572261986723
2.054585169337799
2.4164997849817107
2.53414684380524
2.0349409139562287
2.5073801024236357
2.322756958897399
2.0048861640918427
1.971747257128181
1.971747257128181
2.4137995646056796
2.0403733936884962
2.5580510765444577
2.1209520310264027
2.1280852788913944
2.2904619233779213
2.197159723424149
2.279799131837405
2.463458298648303
1.9508257945180885
1.8676338909712125
1.7924812503605778
2.058813890331201
2.4137995646056805
1.9669171866886992
2.125814583693911
2.0403733936884962
2.0403733936884962
1.8781619057577132
2.0403733936884962
2.1393538721672005
1.896240625180289
2.0403733936884962
1.983084164143437
1.9182958340544896
1.971747257128181
2.224601752714581
1.8423709931771088
1.823067982273661
2.440404017720928
1.9508257945180885
1.9591479170272446
2.038159681645953
2.038159681645953
2.038159681645953
2.038159681645953
2.038159681645953
2.038159681645953
2.038159681645953
2.038159681645953
2.0670314951575843
2.0670314951575843
2.0670314951575843
2.0670314951575843
2.0670314951575843
2.038159681645953
2.038159681645953
2.038159681645953
2.038159681645953
2.038159681645953
2.038159681645953
2.038159681645953
2.038159681645953
2.038159681645953
2.038159681645953
2.022579761842491
2.022579761842491
2.038159681645953
2.038159681645953
2.038159681645953
1.823067982273661
1.823067982273661
1.823067982273661
1.823067982273661
1.823067982273661
1.823067982273661
1.823067982273661
1.823067982273661
1.823067982273661
1.823067982273661
1.823067982273661
1.823067982273661
1.823067982273661
1.9939615444316199
2.038159681645953
2.038159681645953
2.038159681645953
2.038159681645953
2.038159681645953
2.038159681645953
2.038159681645953
2.022579761842491
2.022579761842491
2.038159681645953
2.038159681645953
2.038159681645953
2.038159681645953
2.038159681645953
2.038159681645953
2.038159681645953
2.0670314951575843
2.0670314951575843
2.0670314951575843
2.0670314951575843
2.0670314951575843
2.038159681645953
2.038159681645953
2.038159681645953
2.038159681645953
2.038159681645953
2.038159681645953
2.038159681645953
2.0670314951575843
2.0670314951575843
2.0670314951575843
2.0670314951575843
2.0670314951575843
1.823067982273661
1.823067982273661
1.823067982273661
1.823067982273661
1.823067982273661
1.823067982273661
1.823067982273661
1.823067982273661
1.823067982273661
1.823067982273661
1.823067982273661
1.823067982273661
1.823067982273661
2.038159681645953
2.038159681645953
2.038159681645953
2.038159681645953
2.038159681645953
2.038159681645953
2.038159681645953
2.004886164091843
2.0670314951575843
2.0670314951575843
2.0670314951575843
2.0670314951575843
2.0670314951575843
2.0670314951575843
2.0670314951575843
2.0670314951575843
2.0670314951575843
2.0670314951575843
2.038159681645953
2.038159681645953
2.038159681645953
1.971747257128181
2.125814583693911
2.125814583693911
2.125814583693911
2.125814583693911
2.0403733936884962
2.145136370153053
1.867633890971212
1.9182958340544893
1.9182958340544896
2.0545851693377997
1.8919954870390203
2.049452072789394
2.251629167387823
2.0403733936884962
1.9591479170272446
2.0
2.349601752714581
1.8423709931771088
2.4634582986483036
2.0403733936884962
2.2841591278514217
2.5341468438052397
1.8676338909712125
2.33012496531497
2.2656546557441946
2.372094637795624
2.3942811477133943
2.049452072789394
2.146465798504072
2.0
2.263809173883546
2.5306390622295662
2.123219672335508
1.971747257128181
2.460904932167797
2.1280852788913944
2.0403733936884962
1.823067982273661
1.968873874720721
1.9508257945180885
2.0989295636909353
1.7471671973069338
2.054585169337799
1.914341183612352
2.0623500360357054
2.054585169337799
1.8585552118703144
1.867633890971212
2.0
2.0403733936884962
2.004886164091843
2.019240704636849
2.0403733936884962
1.5709505944546687
2.1280852788913944
1.7924812503605778
2.049452072789394
1.6348224724072005
2.1774212838293647
2.1440239107574226
2.049452072789394
1.916126946588284
2.148834854280917
1.971747257128181
2.0403733936884962
1.7924812503605778
2.663532754804254
2.1527217381013255
2.1280852788913944
1.789929075309999
2.291620193427939
2.359879028736861
2.0934897011899096
2.0403733936884962
2.292998090456732
2.5495234595978324
2.331766377402127
2.049452072789394
2.125814583693911
2.1464657985040723
2.206238928653389
2.125814583693911
1.8676338909712125
1.6258145836939115
2.2585728843419153
2.127986806877675
2.1416195253341384
2.3979498808364053
1.7004397181410922
2.2283192288945832
2.125814583693911
2.2256051990169436
1.4591479170272448
2.039353872167201
1.971747257128181
2.049452072789394
2.1774212838293647
2.074164743022575
2.221251836004466
1.971747257128181
2.119240704636849
1.5487949406953985
2.0403733936884962
1.9182958340544896
2.2359263506290326
2.1179631753145163
2.049452072789394
2.292481250360578
2.0403733936884962
2.0
1.867633890971212
1.971747257128181
1.971747257128181
2.128085278891394
1.75
2.199687794731328
1.789929075309999
1.7924812503605778
1.8676338909712125
1.789929075309999
2.1992818130163663
2.1451363701530526
2.116193090168595
2.263809173883546
2.0403733936884962
2.2256051990169436
2.0874628412503395
2.049452072789394
2.5294881142662007
2.0403733936884962
2.260820318171659
1.789929075309999
2.5495234595978316
1.789929075309999
1.890920993589198
1.9508257945180885
2.145136370153053
1.8423709931771084
2.292481250360578
2.5032583347756456
2.0586569977529745
2.0403733936884962
1.789929075309999
2.0403733936884962
2.199687794731328
2.472905595320056
2.1280852788913944
1.9182958340544893
2.1920058354921066
2.206238928653389
2.524397470347699
2.1920058354921066
2.169925001442312
2.1920058354921066
2.054585169337799
2.396782221599798
1.9301559669598642
1.8676338909712125
2.4225797618424916
2.0403733936884962
2.0
2.221928094887362
2.321695404408628
2.0403733936884962
2.2569089895583545
2.396782221599798
2.4416298737872246
2.1280852788913944
1.8676338909712125
1.971747257128181
2.2256051990169436
2.197159723424149
2.004886164091843
1.971747257128181
1.8585552118703144
1.9508257945180885
1.971747257128181
1.8204381454113916
2.279799131837405
2.0458416408851736
2.217021885879718
2.278351811711312
2.128085278891394
2.004886164091843
2.782415628686154
2.0403733936884962
1.789929075309999
2.2096909728231857
2.4225797618424916
1.8892464285091581
1.4591479170272448
1.789929075309999
2.1416195253341384
2.004886164091843
2.125814583693911
2.0403733936884962
1.867633890971212
2.3432578733442675
1.8676338909712125
2.271782221599798
1.971747257128181
1.7924812503605778
2.1174924611847548
2.292481250360578
2.0403733936884962
1.9877733714879842
2.049452072789394
2.406666316740689
2.531510777487775
2.1280852788913944
2.0403733936884962
1.4591479170272448
2.4056390622295662
1.971747257128181
2.2856005389623073
2.1887870678023824
2.3395722619867225
2.049452072789394
1.971747257128181
2.1887870678023824
2.33012496531497
2.2841591278514217
1.867633890971212
2.263809173883546
1.9192407046368487
2.0403733936884962
1.9056390622295662
2.221251836004466
1.971747257128181
2.004886164091843
2.474601752714581
2.086048612313038
2.125814583693911
2.1179631753145163
1.8423709931771084
2.0419460322060456
2.0403733936884962
1.8919954870390203
2.146465798504072
2.049452072789394
2.219240704636849
2.0403733936884962
2.0825518169307426
1.789929075309999
2.5495234595978316
1.789929075309999
1.7219280948873623
2.396782221599798
2.1280852788913944
2.0874628412503395
2.0403733936884962
2.1559681021459083
2.463458298648303
2.0403733936884962
2.460904932167797
1.9182958340544893
2.0403733936884962
2.0403733936884962
2.319240704636849
2.1920058354921066
2.4137995646056796
1.823067982273661
1.9790978911348045
1.823067982273661
1.8676338909712125
2.1774212838293647
2.0741592541026845
2.004886164091843
1.971747257128181
1.9852281360342514
1.8423709931771084
1.811278124459133
2.0403733936884962
2.0048861640918427
2.040223928941852
1.789929075309999
1.8810947601100747
2.307354922057604
1.8634451517843917
2.584962500721156
2.5492553971685
1.9852281360342514
2.199687794731328
1.9508257945180885
2.1800365325772657
1.855388542207534
1.811278124459133
1.8423709931771084
1.8423709931771086
1.8676338909712125
2.0182155146751497
1.971747257128181
2.045841640885174
2.0718861869120673
1.867633890971212
2.118214212920643
2.1174924611847548
2.1174924611847548
2.1174924611847548
2.1174924611847548
2.1174924611847548
2.1174924611847548
2.1174924611847548
2.1174924611847548
2.1174924611847548
1.9591479170272446
2.1174924611847548
2.054585169337799
1.9591479170272446
1.9591479170272446
1.971747257128181
2.054585169337799
2.0403733936884962
2.0403733936884962
2.4663903534838374
1.9623544836578652
1.789929075309999
1.7924812503605778
2.1280852788913944
2.349601752714581
2.0
2.0403733936884962
2.049452072789394
2.0545851693377997
1.9182958340544896
2.292481250360578
2.058813890331201
1.965596230357602
1.9508257945180885
2.263809173883546
2.0403733936884962
2.359879028736861
1.9528195311147831
1.9508257945180885
1.971747257128181
2.33012496531497
2.0403733936884962
1.823067982273661
2.3158243335257076
2.0403733936884962
1.7924812503605778
1.8676338909712125
2.292481250360578
1.965596230357602
2.2684727516311214
2.0116298903693024
1.8423709931771088
1.789929075309999
2.1179631753145163
2.1280852788913944
2.189238255803027
2.049452072789394
1.971747257128181
2.4164997849817107
2.271782221599798
2.4404040177209283
2.049452072789394
2.0403733936884962
2.7201755214643453
1.8676338909712125
2.4092672522514684
1.8676338909712125
1.971747257128181
1.971747257128181
1.789929075309999
1.789929075309999
2.066888327186669
2.2841591278514217
2.0814963295286755
2.440404017720928
1.9591479170272446
1.8676338909712125
2.5219280948873624
2.199687794731328
2.2877837199410704
2.1920058354921066
2.084962500721156
1.7924812503605778
2.217021885879718
2.125814583693911
2.360964047443681
1.7534343861887849
2.5580510765444573
2.3082708345352603
2.0403733936884962
2.556656707462823
2.077819531114783
2.049452072789394
1.971747257128181
1.9591479170272446
1.7924812503605778
2.3531906713383224
1.7924812503605778
1.8676338909712125
2.358938532350277
2.054585169337799
2.263809173883546
2.353533948577482
2.0
2.5341468438052397
2.349601752714581
2.049452072789394
2.7824156286861546
2.063458298648303
1.9751060324573735
1.7924812503605778
2.0403733936884962
2.0403733936884962
2.0670314951575843
2.2627834289765825
2.00143686442568
2.375
2.054585169337799
1.6644977792004614
2.0403733936884962
2.4137995646056796
2.270942421748537
1.9814963295286754
1.4591479170272448
2.463458298648303
2.049452072789394
1.8423709931771084
2.270942421748537
2.270942421748537
1.75
1.9182958340544896
2.221251836004466
2.4225797618424916
1.9852281360342516
2.3577174691301486
1.9746017527145812
1.8879185026711325
2.375
2.0403733936884962
1.8740217065543314
2.133937566094917
1.7004397181410922
1.9508257945180885
2.1739731346044096
2.1735572622751858
2.349601752714581
2.1179631753145163
1.9591479170272446
2.049452072789394
2.2825887305018333
1.7924812503605778
2.422579761842491
2.021782221599798
2.072905595320056
2.0403733936884962
2.0805005306402675
2.1920058354921066
2.292481250360578
2.125814583693911
2.4137995646056805
2.0989295636909353
1.8423709931771084
2.5558437684823567
1.867633890971212
2.353533948577482
1.9956123808398372
1.9746017527145814
2.6328318567489237
2.1280852788913944
2.080557653394731
1.877387064296613
2.029526332323075
1.9609640474436811
2.3208020839342964
2.762968865679215
2.568996843141235
1.8654371053199075
1.8654371053199075
1.8654371053199075
1.8654371053199075
2.272499455586694
1.9301249653149701
2.25
2.535765506345297
1.9182958340544896
2.0403733936884962
2.1416195253341384
1.7924812503605778
2.0
1.9321560761384233
2.0349409139562287
1.9068905956085187
2.075869296697727
1.789929075309999
2.556656707462823
1.867633890971212
2.2627834289765825
2.0458416408851736
2.3050365325772657
2.0805005306402675
2.1393538721672005
1.948810610453812
1.8086328717325542
1.823067982273661
2.1690354219421173
1.823067982273661
2.071886186912067
2.4662478973127313
2.460257038758933
1.936278124459133
2.071886186912067
2.119973094021975
1.780672129520887
1.9182958340544893
2.0414460711655216
2.0989295636909353
2.260820318171659
1.9473387961875537
2.1280852788913944
2.1690354219421173
1.7924812503605778
2.1174924611847548
1.6577427265048887
2.2806390622295662
2.263809173883546
2.4634582986483036
2.199687794731328
2.0191534613250357
2.2841591278514217
1.9481203125901447
1.789929075309999
2.130926080730337
1.75
2.130926080730337
2.2856005389623073
2.2841591278514217
2.0403733936884962
2.0403733936884962
2.199687794731328
2.375
2.2877837199410704
1.9182958340544893
2.4137995646056805
2.054585169337799
1.9473387961875537
2.278351811711312
1.9751060324573733
1.8423709931771088
2.125814583693911
1.9591479170272446
2.125814583693911
2.0403733936884962
2.217021885879718
2.125814583693911
2.084962500721156
2.454352296527107
2.341787631388142
2.084962500721156
2.054585169337799
2.128085278891394
2.038159681645953
1.9877733714879842
2.230994305917858
2.125814583693911
1.867633890971212
1.8423709931771084
2.0458416408851736
1.7924812503605778
2.1280852788913944
2.0403733936884962
2.519829946503307
2.004886164091843
2.883459445857226
2.260820318171659
2.25
1.971747257128181
2.125814583693911
1.971747257128181
1.8050365325772657
2.220068302234069
2.221251836004466
1.6644977792004614
2.0349409139562287
2.2577174691301485
2.2051099000738694
2.054585169337799
2.4834585933443494
2.0403733936884962
1.994299475957303
2.004886164091843
1.5566567074628228
2.199687794731328
2.216521698179525
2.125814583693911
2.426402541105223
1.867633890971212
2.125814583693911
2.4164997849817107
1.8585552118703144
2.3745560483818835
2.2094009686463516
2.0403733936884962
2.049452072789394
1.9182958340544893
2.4137995646056805
1.9877733714879842
1.7295739585136223
2.125814583693911
2.054585169337799
2.2608203181716595
2.0458416408851736
2.375
2.2109736165067546
2.0403733936884962
2.004886164091843
2.128085278891394
2.2890179898186576
2.2841591278514217
2.127986806877675
2.0403733936884962
1.9473387961875537
1.971747257128181
2.5967916319816364
2.224601752714581
2.1174924611847548
2.0403733936884962
1.7977350490984993
2.2816696599988733
2.2877837199410704
2.125814583693911
2.278351811711312
2.353533948577482
2.440404017720928
1.9182958340544893
1.971747257128181
2.004886164091843
2.0403733936884962
2.221251836004466
2.1464657985040723
2.0403733936884962
2.042481250360578
2.146782221599798
1.7527152789797045
1.6096361256964329
1.8919954870390203
2.004886164091843
1.789929075309999
2.1280852788913944
2.1920058354921066
1.9591693814532496
2.1464657985040723
2.1055872616982603
2.251629167387823
2.054585169337799
2.054585169337799
2.289246428509158
2.2684727516311214
2.2972760530771885
2.1607047528877823
1.6986228963169037
2.127986806877675
2.049452072789394
1.7924812503605778
1.789929075309999
1.8423709931771084
2.004886164091843
2.1916116417513782
2.4404040177209283
1.971747257128181
2.0403733936884962
1.789929075309999
2.125814583693911
1.8676338909712125
2.4419235206010987
1.9591479170272446
2.1280852788913944
1.75
2.35274578087187
1.7841591278514217
1.9182958340544893
2.130926080730337
2.0545851693377997
1.789929075309999
2.699513850319966
2.3220847276178658
2.403677461028802
1.971747257128181
2.004886164091843
2.0403733936884962
2.1280852788913944
2.1800365325772657
1.8585552118703144
2.004886164091843
1.811278124459133
1.9877733714879842
1.8799649487271108
2.004886164091843
2.169925001442312
2.0403733936884962
1.971747257128181
1.6854752972273346
2.04274974946652
2.0403733936884962
2.038159681645953
2.2890179898186576
1.950212064914747
2.3175343431540503
2.2841591278514217
1.9877733714879842
1.789929075309999
2.373735909525858
2.1920058354921066
1.9591479170272446
2.0403733936884962
2.359879028736861
2.3453657445737646
2.216521698179525
1.9182958340544896
2.0
2.0930692077718898
2.0403733936884962
1.8676338909712125
1.8585552118703144
2.0403733936884962
1.7709505944546688
2.1280852788913944
2.25
1.9182958340544896
2.1280852788913944
2.0403733936884962
2.353533948577482
1.9182958340544893
1.8553885422075338
2.1339375660949167
1.867633890971212
2.606238928653389
1.9508257945180885
1.8676338909712125
2.1174924611847548
1.8423709931771084
2.1556390622295662
2.202819531114783
3.1154555574786387
1.780672129520887
2.290838427608624
1.8109936758692482
1.9473387961875537
2.524397470347699
2.271782221599798
2.3526429155709625
2.0071334698159466
2.214022152632502
2.049452072789394
2.279799131837405
1.8423709931771086
2.1464657985040723
1.8676338909712125
2.3942811477133943
2.1920058354921066
2.2485731395538666
2.004886164091843
2.430594618023543
2.6956667288405303
2.004886164091843
2.049452072789394
1.971747257128181
2.2541956501507814
1.9508257945180885
1.9254106352407239
1.971747257128181
2.3068905956085186
2.075074223172834
2.2232196723355075
1.789929075309999
1.9591479170272446
2.199687794731328
2.054585169337799
2.224601752714581
2.0
1.971747257128181
2.0403733936884962
1.971747257128181
1.7924812503605778
1.9182958340544893
2.3577174691301486
2.0
1.9751060324573733
2.0403733936884962
1.971747257128181
2.0403733936884962
2.054585169337799
2.260820318171659
2.2890179898186576
1.9677648376739316
2.2841591278514217
1.9508257945180885
1.7534343861887849
2.197159723424149
2.430457025500558
2.2841591278514217
1.9609640474436814
2.699513850319966
2.0048861640918427
2.33901192379001
1.936278124459133
1.7924812503605778
2.054585169337799
2.3959988705348416
2.1887870678023824
2.049452072789394
2.0403733936884962
2.128085278891394
1.914341183612352
1.7295739585136223
2.292481250360578
2.221251836004466
1.789929075309999
1.971747257128181
2.5995812306460646
2.0349409139562287
1.9591479170272446
1.7841591278514217
1.3752793655393791
1.6644977792004614
2.349601752714581
2.046135932841805
2.2089873002587996
2.125814583693911
1.8553885422075338
2.1054105870684143
1.75
2.054585169337799
1.8799649487271108
1.867633890971212
1.971747257128181
2.0403733936884962
2.833958284633988
2.128085278891394
2.0403733936884962
1.6644977792004614
2.4157549530701865
1.993889614921999
1.836591668108979
2.699513850319966
2.251629167387823
1.9182958340544893
2.0403733936884962
2.375
2.1887870678023824
1.7841591278514217
1.94770277922009
2.292481250360578
2.25
1.811278124459133
1.867633890971212
2.521782221599798
2.155913095175825
2.049452072789394
2.0403733936884962
1.75
2.0403733936884962
2.040223928941852
2.359879028736861
2.292481250360578
2.7351008982538754
2.013132465170739
2.2890179898186576
2.049452072789394
2.292481250360578
2.054585169337799
2.1887870678023824
2.221251836004466
2.199687794731328
2.289246428509158
1.867633890971212
1.75
2.0403733936884962
2.192005835492107
2.125814583693911
2.054585169337799
2.440404017720928
2.0403733936884962
2.049452072789394
2.038159681645953
2.146465798504072
2.99372545119083
1.8230264907128848
2.4588924563427685
2.0403733936884962
2.263809173883546
2.1280852788913944
1.811278124459133
2.221251836004466
2.279799131837405
2.219240704636849
2.1179631753145163
2.049452072789394
1.8423709931771084
2.2359263506290326
2.1556390622295662
1.971747257128181
2.1280852788913944
1.7924812503605778
1.823067982273661
1.962806631693174
1.8879185026711327
1.9508257945180885
1.971747257128181
2.2062389286533897
2.1179631753145163
2.125814583693911
2.049452072789394
1.789929075309999
2.3244093931715555
1.971747257128181
1.9877733714879842
1.9056390622295665
2.0403733936884962
1.8464393446710157
1.971747257128181
1.971747257128181
2.3627402784989338
2.063202513215852
2.004886164091843
2.0
2.292481250360578
2.359879028736861
2.049452072789394
2.555913095175825
2.004886164091843
2.35274578087187
1.9508257945180885
2.004886164091843
2.054585169337799
1.971747257128181
2.049452072789394
2.004886164091843
2.004886164091843
2.1967916319816365
1.7924812503605778
2.093911951300547
1.9508257945180885
1.6644977792004614
2.699513850319966
2.0403733936884962
2.422579761842491
2.224601752714581
2.319515776501326
2.1967916319816365
1.823067982273661
2.262362377388257
1.971747257128181
2.206238928653389
2.4225797618424916
2.5495234595978316
1.971747257128181
2.646782221599798
2.004886164091843
2.5638651219508537
2.054585169337799
2.199687794731328
2.1464657985040723
1.971747257128181
1.7105469665065995
2.473851389610045
2.165885150264076
2.0403733936884962
2.4056390622295662
1.7924812503605778
2.287783719941071
2.004886164091843
2.2806390622295662
2.146465798504072
1.971747257128181
2.0349409139562287
2.004886164091843
2.4885548621928453
2.222256701877133
2.2516291673878226
1.867633890971212
3.0385623360756298
1.9508257945180885
2.0566416671474372
2.1280852788913944
1.9591479170272446
1.7924812503605778
2.25
1.8676338909712125
1.8423709931771084
2.0
1.789929075309999
2.3144908557451114
1.9182958340544896
1.7924812503605778
2.0403733936884962
1.7884504573082893
2.4796275363413565
2.0042859090703917
2.098579861712074
2.004886164091843
2.0403733936884962
1.8585552118703144
2.0403733936884962
2.221251836004466
2.049452072789394
2.3242764617775693
2.1887870678023824
2.130926080730337
2.221251836004466
2.049452072789394
2.233645949064324
1.823067982273661
1.9852281360342514
2.2856005389623073
2.1179631753145163
2.263809173883546
2.2810361125534233
2.199687794731328
2.4092672522514684
2.0403733936884962
2.3111197773146976
1.999417153588062
2.4416298737872246
2.0403733936884962
2.183754831923921
2.146465798504072
2.0403733936884962
2.349601752714581
2.004886164091843
2.004886164091843
1.971747257128181
1.8879185026711327
1.8676338909712125
1.971747257128181
1.971747257128181
2.251629167387823
1.9182958340544893
2.292481250360578
1.4591479170272448
2.0
1.789929075309999
2.2841591278514217
1.7609640474436812
2.054585169337799
2.179350202453772
1.75
2.1054105870684143
2.221251836004466
1.971747257128181
1.8423709931771084
2.345984800708026
2.004886164091843
2.224601752714581
2.1967916319816365
2.224601752714581
1.780672129520887
2.771782221599798
1.8585552118703144
2.2096909728231857
2.1174924611847548
2.251629167387823
2.004886164091843
2.219240704636849
2.1179631753145163
2.5785519909913264
1.867633890971212
2.001722466686312
1.7709505944546686
1.8676338909712125
2.1967916319816365
2.146782221599798
2.217021885879718
1.8262452584026092
1.867633890971212
1.9766480916739717
2.1812056673346514
1.971747257128181
2.125814583693911
1.7924812503605778
1.9182958340544896
2.064042639445697
1.811278124459133
1.971747257128181
1.8230264907128848
2.125814583693911
2.2877837199410704
2.2890179898186576
2.370083548773309
2.0760720708825664
2.292481250360578
1.971747257128181
1.8810947601100747
2.2810361125534233
2.038159681645953
1.8879185026711327
1.8879185026711327
1.8879185026711327
1.8879185026711327
1.8879185026711327
1.8879185026711327
1.8879185026711327
1.8339272176418302
1.8339272176418302
1.8339272176418302
1.8339272176418302
1.8339272176418302
1.8339272176418302
1.8411454850132052
1.8339272176418302
1.8339272176418302
1.8339272176418302
1.8339272176418302
1.8339272176418302
1.8339272176418302
1.8339272176418302
1.8339272176418302
1.8339272176418302
1.8339272176418302
1.8339272176418302
1.8339272176418302
1.8339272176418302
1.8339272176418302
1.8339272176418302
1.8339272176418302
1.8339272176418302
1.8339272176418302
2.286969843139304
1.7990156706551217
2.0758692966977272
1.7924812503605778
1.62404478108944
2.023219672335508
2.0403733936884962
1.7028195311147831
1.9523612813926658
2.004886164091843
2.0403733936884962
1.8616541669070519
2.291620193427939
1.9852281360342514
2.3220847276178658
1.9182958340544893
2.279799131837405
1.971747257128181
1.7924812503605778
2.5580510765444573
2.0403733936884962
1.789929075309999
1.789929075309999
2.0403733936884962
2.396782221599798
2.146465798504072
1.971747257128181
1.9591479170272446
1.950212064914747
1.8423709931771084
2.778688570451097
2.353533948577482
2.359879028736861
2.521782221599798
1.8262452584026092
2.4056390622295662
2.0403733936884962
2.4225797618424916
2.0403733936884962
2.0403733936884962
1.965596230357602
1.8423709931771088
2.3942811477133943
2.279799131837405
2.199687794731328
1.9182958340544896
2.386266142526533
2.0441104177484006
2.0403733936884962
2.004886164091843
2.2608203181716595
1.971747257128181
2.4092672522514684
1.9591479170272446
1.9502120649147465
2.004886164091843
1.7924812503605778
1.971747257128181
1.9473387961875537
1.867633890971212
2.064042639445697
2.2684727516311214
2.3637523580062894
1.8423709931771084
2.049452072789394
1.896240625180289
1.971747257128181
1.8585552118703144
1.7987949406953985
2.472905595320056
2.5264123282254642
2.038159681645953
1.789929075309999
2.049452072789394
2.004886164091843
1.8676338909712125
1.867633890971212
2.130926080730337
2.0403733936884962
2.038159681645953
2.0403733936884962
1.9852281360342514
1.789929075309999
2.1920058354921066
2.256429137585441
2.054585169337799
2.004886164091843
1.8676338909712125
2.146465798504072
2.0741647430225756
1.9182958340544893
2.221251836004466
2.0131324651707385
2.0403733936884962
1.8303126520270965
1.7924812503605778
2.049452072789394
2.5073801024236357
2.1280852788913944
2.038159681645953
2.0458416408851736
2.258096028412048
1.7924812503605778
2.0403733936884962
2.353533948577482
1.7924812503605778
1.8423709931771084
2.039353872167201
2.004886164091843
2.0202442071537563
1.9591479170272446
2.049452072789394
2.406666316740689
2.0566416671474372
2.287783719941071
2.5785519909913264
2.4069230543191917
2.25
2.0403733936884962
2.5566567074628237
2.128085278891394
1.9591479170272446
2.3959988705348416
1.9086126988727123
2.2841591278514217
2.375
2.2841591278514217
2.224601752714581
2.125814583693911
2.0741647430225756
1.9182958340544893
2.084962500721156
2.038159681645953
2.199687794731328
1.8676338909712125
1.584962500721156
2.17403586834798
1.8676338909712125
2.1556390622295662
2.2516291673878226
2.374556048381884
2.0403733936884962
2.0403733936884962
1.971747257128181
1.971747257128181
1.8676338909712125
1.950212064914747
1.7709505944546688
1.8423709931771084
2.0545851693377997
2.125814583693911
2.0403733936884962
2.2983094013008034
1.9508257945180885
2.125814583693911
2.072905595320056
2.0349409139562287
2.0403733936884962
2.049452072789394
2.077819531114783
2.3242764617775697
2.0403733936884962
1.9877733714879842
2.3458519893382603
2.074164743022575
2.1280852788913944
1.9182958340544893
2.0403733936884962
2.2806390622295662
2.224601752714581
2.1280852788913944
2.125814583693911
2.064042639445697
2.2841591278514217
1.971747257128181
2.0403733936884962
2.1416195253341384
1.7924812503605778
2.1416195253341384
2.0403733936884962
2.1492553971685
1.809200032697812
1.8676338909712125
2.2841591278514217
1.811278124459133
2.0403733936884962
2.0
2.2256051990169436
1.9508257945180885
2.2890179898186576
2.125814583693911
2.4226754683112177
1.789929075309999
2.0403733936884962
2.0985798617120746
2.2608203181716595
1.867633890971212
2.1179631753145163
1.971747257128181
2.133937566094917
2.292481250360578
1.971747257128181
2.1892382558030263
1.867633890971212
2.403677461028802
2.004886164091843
2.2062389286533897
1.75
2.199687794731328
1.971747257128181
2.2841591278514217
2.0403733936884962
1.7735572622751854
2.08746284125034
1.679429366813955
1.7924812503605778
2.049452072789394
2.0403733936884962
1.971747257128181
2.199687794731328
2.0403733936884962
2.390863696857044
2.004886164091843
1.971747257128181
1.6893917467430877
1.971747257128181
1.8423709931771084
2.501629167387823
1.811278124459133
2.004886164091843
1.823067982273661
2.2841591278514217
2.1267908330500522
1.8676338909712125
2.25
2.369432036254818
2.275564335612065
1.8676338909712125
2.396782221599798
2.33012496531497
2.049452072789394
2.146782221599798
2.221251836004466
2.1920058354921066
2.004886164091843
1.971747257128181
2.0989295636909353
1.780672129520887
2.604476500082334
1.867633890971212
1.8585552118703144
1.75
2.0048861640918427
1.8676338909712125
2.211515855383576
2.0048861640918427
1.8810947601100747
1.9193721485946105
1.867633890971212
1.8423709931771084
2.217021885879718
1.9182084341546168
2.224601752714581
2.125
2.4110263422145186
2.433206219346495
2.2856005389623073
2.0403733936884962
1.971747257128181
1.9852281360342514
2.422579761842491
2.084962500721156
2.0403733936884962
2.406666316740689
2.004886164091843
1.7924812503605778
1.867633890971212
2.3050365325772657
2.353533948577482
2.263809173883546
2.077819531114783
2.2806390622295662
2.0403733936884962
2.2516291673878226
2.572253928364927
1.968873874720721
2.1174924611847548
2.128085278891394
2.521782221599798
2.263809173883546
1.9182958340544893
2.272808148826652
2.1607047528877827
1.971747257128181
1.676737030052133
2.655775892805316
2.1607047528877827
2.4584538292330587
2.1416195253341384
2.146465798504072
2.054585169337799
1.971747257128181
2.0403733936884962
2.199687794731328
2.077819531114783
1.9591479170272446
1.8810947601100745
2.1280852788913944
2.279799131837405
2.2877837199410704
1.867633890971212
2.199687794731328
2.221251836004466
2.148834854280917
2.1967916319816365
2.0948567835487384
2.279799131837405
1.965596230357602
2.004886164091843
1.75
2.2877837199410704
2.0403733936884962
2.098579861712074
2.278351811711312
2.7591557779961176
1.867633890971212
2.3217062775743136
2.0131324651707385
1.7841591278514217
2.075869296697727
2.353533948577482
2.0403733936884962
2.304097607078439
2.2030713060627085
2.8306365931473314
2.197159723424149
2.119032466561751
2.5580510765444573
2.0403733936884962
2.123219672335508
2.278787598135611
1.760495029766198
2.0
2.054585169337799
2.646782221599798
2.0403733936884962
2.372094637795624
2.2991040074712537
2.125814583693911
2.054585169337799
2.221251836004466
1.8676338909712125
2.1920058354921066
1.8553885422075338
2.039353872167201
1.9820431425660427
1.971747257128181
2.217021885879718
1.9182958340544893
1.971747257128181
1.4591479170272448
2.038159681645953
1.896240625180289
2.2791145887868733
2.049452072789394
2.007856063692049
1.823067982273661
2.2810361125534233
1.7841591278514217
2.0403733936884962
2.3158243335257076
1.9473387961875537
2.395998870534841
1.9182958340544893
2.353533948577482
2.004886164091843
1.789929075309999
2.021782221599798
2.667492530597117
2.004886164091843
1.971747257128181
2.049452072789394
1.7924812503605778
2.0524212838293647
1.965596230357602
1.789929075309999
2.0403733936884962
1.561278124459133
2.0202442071537563
2.53414684380524
2.1280852788913944
2.1339375660949167
1.8676338909712125
2.221251836004466
2.1173442079779345
1.9473387961875537
2.0
2.119240704636849
2.353533948577482
1.867633890971212
1.9591479170272446
2.1416195253341384
2.0458416408851736
2.396782221599798
2.2806390622295662
2.4609049321677965
1.809069336970364
2.7049271365845637
1.7489992230622806
2.063202513215852
2.063202513215852
2.1215101887362597
2.1150849518197794
1.9182958340544893
2.0403733936884962
1.8423709931771084
2.353533948577482
2.0403733936884962
2.5500634349860065
2.148834854280917
2.005977711423774
1.8879185026711327
2.1920058354921066
2.054585169337799
1.9591479170272446
2.1774212838293647
2.0458416408851736
1.9182958340544896
2.0349409139562287
1.9877733714879842
2.4225797618424916
2.075869296697727
2.0403733936884962
2.0403733936884962
2.0403733936884962
2.258096028412048
1.7924812503605778
2.004886164091843
1.971747257128181
2.287783719941071
1.971747257128181
2.0403733936884962
2.049452072789394
1.991571439586909
1.8676338909712125
2.0403733936884962
2.216521698179525
2.2627834289765825
2.2783518117113117
2.0403733936884962
2.004886164091843
2.343257873344267
2.263809173883546
2.004886164091843
1.971747257128181
2.2485731395538666
1.9508257945180885
2.148834854280917
2.004886164091843
1.914341183612352
2.1054105870684143
2.10845859334435
2.004886164091843
1.9508257945180885
2.005977711423774
2.004886164091843
2.216521698179525
2.004886164091843
2.004886164091843
1.9830841641434374
1.823067982273661
2.004886164091843
1.9942994759573032
2.214773694089725
2.0979931624271395
2.004886164091843
1.971747257128181
2.004886164091843
2.074087044559035
2.0403733936884962
2.2841591278514217
2.0349409139562287
1.9369115747150838
2.199687794731328
2.3432578733442675
1.8676338909712125
1.971747257128181
1.8423709931771084
2.125814583693911
1.8339272176418302
1.971747257128181
1.9211854965885542
1.8676338909712125
2.125814583693911
1.8676338909712125
2.0403733936884962
1.8423709931771084
1.4591479170272448
1.823067982273661
2.484255144794799
2.0403733936884962
2.1999793267164867
1.811278124459133
1.8810947601100747
2.054585169337799
2.054585169337799
1.789929075309999
2.5358577759182794
2.091917186688699
1.8352377453121174
2.473851389610045
2.0311836644228602
2.2615908441038384
2.063202513215852
2.1950849518197795
1.8919954870390203
2.119240704636849
2.217021885879718
2.2841591278514217
2.199687794731328
2.521782221599798
1.9591479170272446
1.8676338909712125
2.353533948577482
2.278351811711312
1.968873874720721
1.9102699414555262
2.353533948577482
2.1920058354921066
2.054585169337799
1.823067982273661
2.0403733936884962
1.945530556036326
2.0279091471301025
1.7987949406953985
1.823067982273661
1.789929075309999
2.019240704636849
1.7924812503605778
2.221251836004466
1.8676338909712125
2.378991986900062
2.038159681645953
2.125814583693911
1.971747257128181
2.0403733936884962
1.8423709931771084
1.8676338909712125
2.054585169337799
2.038159681645953
2.0078560636920493
2.7424117317819627
2.1440239107574226
2.058626213445935
2.267117875964918
1.9746017527145814
2.406666316740689
1.7841591278514217
2.254831109649011
1.8140142960531365
2.0
2.345851989338261
2.5073801024236357
2.0403733936884962
2.221251836004466
2.199687794731328
2.0403733936884962
2.0403733936884962
2.0403733936884962
2.315824333525708
1.971747257128181
2.403677461028802
2.292481250360578
2.2091479170272446
1.971747257128181
2.074164743022575
2.1920058354921066
1.437092708153044
2.375
1.896240625180289
1.971747257128181
1.789929075309999
2.4137995646056805
2.1233958603411427
1.8423709931771084
2.1280852788913944
1.7924812503605778
1.9591479170272446
1.9591479170272446
2.0403733936884962
1.9591479170272446
1.914341183612352
2.004886164091843
2.1556390622295662
2.004886164091843
2.0487949406953985
2.067031495157584
2.0403733936884962
2.004886164091843
2.1492553971685
2.6062389286533896
1.971747257128181
2.1920058354921066
2.3395722619867225
2.322756958897399
2.05632607578088
2.005977711423774
2.125814583693911
1.8423709931771084
2.004886164091843
1.75
1.8129452762598803
1.8638263900908156
2.0458416408851736
2.0391468619891047
2.2841591278514217
2.0403733936884962
2.251629167387823
2.206238928653389
2.349601752714581
2.1140054628542204
2.292481250360578
1.971747257128181
1.9591479170272446
2.0403733936884962
2.2062389286533897
1.8810947601100747
2.054585169337799
2.278351811711312
2.4137995646056805
2.484255144794799
1.96307418942857
2.181496329528675
1.9439898992641598
2.0420020889397414
1.6709254356981218
1.9712518360044662
1.8250112108241772
2.3227569588973984
2.119240704636849
1.789929075309999
2.263809173883546
2.4580383989569308
2.221251836004466
1.8676338909712125
1.8850931455708964
2.004886164091843
1.823067982273661
2.203856478345581
1.7562290016153694
1.7849477494188057
2.0403733936884962
2.6084585933443494
1.971747257128181
2.251629167387823
2.251629167387823
1.9508257945180885
2.2184372106643204
2.292481250360578
1.7735572622751854
2.360964047443681
1.867633890971212
2.60845859334435
2.646782221599798
2.0762893592941096
2.125814583693911
1.971747257128181
1.867633890971212
1.8799649487271108
1.7924812503605778
2.075869296697727
2.1556390622295662
2.5358577759182794
2.049452072789394
2.4225797618424916
2.058813890331201
2.0403733936884962
2.2359263506290326
2.1054105870684143
1.769909532677552
2.4874187351131534
2.2439821538141276
1.8290858982529978
2.143780234737159
2.2636002143933918
2.0403733936884962
2.1079637556972086
2.4404040177209283
2.215695143751562
1.9182958340544893
2.199687794731328
2.2856005389623073
2.5073801024236357
2.4613201402110083
2.3523479118118216
2.2492870686521593
2.3594559773258243
2.049452072789394
2.0403733936884962
1.9751060324573733
2.221251836004466
2.054585169337799
1.8585552118703144
1.9102699414555262
2.199687794731328
2.2577174691301485
2.251629167387823
2.0119209285947934
2.202819531114783
2.004886164091843
1.8352377453121174
2.273131523414322
1.780672129520887
1.971747257128181
2.2942740671928616
2.1280852788913944
2.0930692077718898
2.353533948577482
1.9182958340544893
1.8423709931771084
2.1511197773146975
1.955794563623899
1.867633890971212
2.4137995646056805
2.0403733936884962
2.1280852788913944
2.1800365325772657
1.9508257945180885
2.0017062775743137
2.1460949596898256
2.217021885879718
1.7924812503605778
2.39207883297832
2.3068905956085186
2.2806390622295662
1.7924812503605778
2.1280852788913944
2.063458298648303
2.3232196723355076
1.789929075309999
2.353533948577482
2.1556390622295662
2.4056390622295662
2.260820318171659
1.8676338909712125
2.0403733936884962
2.353533948577482
2.049452072789394
1.8490070880144414
2.292481250360578
2.186278124459133
2.271782221599798
2.463458298648303
2.5424826938097276
2.3921472236645345
2.1887870678023824
2.289017989818658
2.004886164091843
2.1440239107574226
2.1280852788913944
2.6147557707304117
1.971747257128181
2.2062389286533897
2.040223928941852
1.9877733714879842
2.084962500721156
2.038159681645953
2.125814583693911
2.33022229870108
2.199687794731328
2.343257873344267
2.0225797618424917
2.9305930861794183
2.217021885879718
2.473851389610045
1.8799649487271108
1.8423709931771084
1.867633890971212
2.1416195253341384
2.004886164091843
2.4225797618424916
1.9523612813926658
2.004886164091843
2.049452072789394
2.696199049814856
2.1609640474436813
2.292481250360578
2.0403733936884962
2.125814583693911
2.137759541422994
1.9083445441575106
2.0461165150726273
2.004886164091843
1.9508257945180885
2.0403733936884962
2.681849704144249
1.971747257128181
1.867633890971212
1.5566567074628228
2.125814583693911
1.971747257128181
2.125814583693911
2.5492553971684995
1.9766480916739717
1.971747257128181
2.221251836004466
2.0403733936884962
2.292481250360578
1.9591479170272446
1.789929075309999
1.9591479170272446
2.0985798617120746
2.0403733936884962
2.0403733936884962
2.0349409139562287
2.0349409139562287
1.7841591278514217
2.0403733936884962
2.5559130951758244
1.867633890971212
2.1924876891689533
1.867633890971212
1.8585552118703144
2.1280852788913944
1.811278124459133
2.0403733936884962
2.125814583693911
2.0550365325772657
2.4137995646056805
2.298688570451097
2.133937566094917
2.0772354454083075
2.1179631753145163
2.275170354773194
2.074164743022575
2.2841591278514217
1.8676338909712125
2.221251836004466
1.971747257128181
1.971747257128181
2.192005835492107
1.971747257128181
2.0182155146751497
2.0403733936884962
1.823067982273661
2.0403733936884962
1.9301249653149701
2.049452072789394
1.8542065276562205
2.0403733936884962
2.295217421954582
2.403677461028802
2.049452072789394
2.378991986900062
2.221251836004466
1.9508257945180885
1.971747257128181
2.0
1.8423709931771084
2.521782221599798
2.199687794731328
2.4137995646056805
2.054585169337799
1.971747257128181
2.375
2.0403733936884962
2.125814583693911
1.823067982273661
1.780672129520887
1.9898980954642875
2.0403733936884962
2.2125038423722683
2.018197638662459
2.054585169337799
1.8423709931771084
1.7924812503605778
1.971747257128181
1.9182958340544893
2.0403733936884962
1.6644977792004614
2.0349409139562287
2.004886164091843
2.0403733936884962
1.971747257128181
1.7924812503605778
2.1280852788913944
2.292481250360578
2.292481250360578
2.0403733936884962
2.0403733936884962
1.9182958340544893
2.155913095175825
2.0403733936884962
2.289246428509158
2.606238928653389
2.4137995646056805
2.4609049321677965
2.084962500721156
2.561901548866102
1.9591479170272446
2.278351811711312
2.33012496531497
2.2062389286533897
2.004886164091843
1.789929075309999
1.8676338909712125
1.9877733714879842
2.1416195253341384
2.125814583693911
2.0403733936884962
2.054585169337799
1.811278124459133
2.350209029099897
2.0403733936884962
2.3695710038552735
2.0403733936884962
2.1920058354921066
2.199687794731328
2.275170354773194
2.0403733936884962
2.0403733936884962
2.217021885879718
2.004886164091843
1.971747257128181
1.867633890971212
1.8585552118703144
2.395461844238322
2.199687794731328
2.199687794731328
1.971747257128181
2.373735909525858
1.9877733714879842
2.054585169337799
1.7527152789797045
1.7924812503605778
1.9182958340544893
1.971747257128181
2.1280852788913944
2.221251836004466
2.5559130951758244
2.1258145836939115
2.0989295636909353
2.1280852788913944
2.646782221599798
1.823067982273661
1.6644977792004614
2.038159681645953
2.278351811711312
2.5580510765444573
2.0403733936884962
2.074164743022575
2.1800365325772657
2.634902528705129
2.0403733936884962
1.75
1.9182958340544893
2.0403733936884962
2.6084585933443494
1.971747257128181
2.0403733936884962
1.971747257128181
2.049452072789394
1.867633890971212
2.35274578087187
1.7924812503605778
2.049452072789394
2.217021885879718
2.2986885704510973
2.3959988705348416
2.2841591278514217
2.1280852788913944
1.9852281360342514
2.353533948577482
2.5073801024236357
2.049452072789394
1.8423709931771084
2.049452072789394
1.971747257128181
2.1280852788913944
2.100983694881109
1.6644977792004614
2.1440239107574226
2.0403733936884962
2.004886164091843
2.279799131837405
2.292481250360578
2.0403733936884962
1.75
2.533369020804085
1.919330832236536
2.3432578733442675
1.9211854965885544
2.1812104574339215
2.0827230088457283
1.8919954870390203
2.2096909728231857
1.9591479170272446
2.0650464172773453
2.3609640474436815
2.5147119710906907
2.119973094021975
1.7974886157706087
1.8294732983598407
1.867633890971212
1.7709505944546688
1.8810947601100747
1.8919954870390203
2.274397470347699
1.7527152789797045
1.971747257128181
1.823067982273661
2.0078560636920493
1.6644977792004614
2.0403733936884962
1.971747257128181
1.9887513942845323
2.6084585933443494
1.672324348930183
2.1931662622061134
1.971747257128181
2.4812779358880963
1.789929075309999
2.30827083453526
2.0403733936884962
2.038159681645953
2.1847855019276365
2.0758692966977272
2.004886164091843
1.780672129520887
2.1440239107574226
2.251629167387823
1.971747257128181
1.789929075309999
1.789929075309999
2.0403733936884962
2.0545851693377997
2.1416195253341384
1.9361320077612416
2.054585169337799
2.2064195278237
1.7849418274376427
1.896240625180289
1.971747257128181
2.054585169337799
1.9697970052739402
2.3432578733442675
2.0403733936884962
2.627601311512056
2.325331460128806
1.971747257128181
2.263809173883546
2.004886164091843
1.9182958340544896
2.038159681645953
2.1174924611847548
1.823067982273661
2.075869296697727
2.206238928653389
1.8423709931771084
1.7709505944546686
2.1812056673346514
2.0
1.584962500721156
1.8919954870390203
2.4939724784581823
2.0403733936884962
2.1615419333359274
2.1921438663169983
2.0132790219068077
2.216917186688699
2.7052290027422967
2.375
2.1353503825268683
1.9211796919474975
1.8676338909712125
2.497341990873057
2.761733104426988
2.185475297227334
2.054585169337799
2.0566416671474372
2.2334585933443494
1.823067982273661
1.7527152789797045
2.1607047528877827
1.896240625180289
2.1774212838293643
2.1258145836939115
1.9591479170272446
2.1174924611847548
2.049452072789394
2.260820318171659
2.440404017720928
2.0403733936884962
1.971747257128181
1.8423709931771088
1.8751310486364097
2.199687794731328
2.049452072789394
2.0403733936884962
1.789929075309999
2.1280852788913944
1.9473387961875537
2.0403733936884962
1.9705730958116854
1.8423709931771088
2.004886164091843
2.0403733936884962
1.7924812503605778
2.0
1.823067982273661
2.33012496531497
1.7247564826032797
2.0202442071537563
2.0874628412503395
2.125814583693911
2.2062389286533897
2.1887870678023824
1.9182958340544893
2.084962500721156
2.1280852788913944
2.3220847276178658
2.1416195253341384
2.292481250360578
2.0403733936884962
2.1920058354921066
2.0306390622295662
2.054585169337799
2.1690354219421173
2.004886164091843
2.345851989338261
2.0403733936884962
2.2841591278514217
2.1556390622295662
2.25
2.084962500721156
2.387064678658425
2.0403733936884962
2.1353503825268683
2.1887870678023824
2.353533948577482
2.004886164091843
2.0403733936884962
1.75
1.971747257128181
1.9182958340544893
2.0403733936884962
1.6577427265048887
1.9751060324573733
2.004886164091843
1.9182958340544893
1.8339272176418302
1.9015064025015063
2.8342953160960103
1.7924812503605778
1.867633890971212
2.007856063692049
2.4225797618424916
2.0113650418263793
2.049452072789394
1.9877733714879842
2.4304570255005586
1.7924812503605778
2.1607047528877827
2.5924973352360503
1.9749375012019268
2.115247131074152
2.7134276696166637
2.021782221599798
2.0403733936884962
1.6587274668117915
2.0
1.584962500721156
2.0550365325772657
2.6420846845804995
2.2051099000738694
2.0403733936884962
2.2816696599988733
2.556656707462823
1.971747257128181
2.0909899670084697
2.2320112312622795
1.971747257128181
2.0
2.4634582986483036
2.049452072789394
2.1792365361682795
1.8676338909712125
1.8676338909712125
1.9830841641434374
1.9898980954642875
2.48345859334435
2.2841591278514217
2.049452072789394
1.4591479170272448
1.7609624596749829
2.521782221599798
2.004886164091843
1.971747257128181
1.7295739585136223
2.1280852788913944
2.0403733936884962
2.271782221599798
1.760495029766198
2.4634582986483036
1.8423709931771088
2.1800365325772657
2.185542933847563
1.8585552118703144
2.374556048381884
2.004886164091843
2.2797991318374056
2.1416195253341384
1.867633890971212
2.3627402784989338
2.1149798205164814
1.7527152789797045
2.0
2.2125038423722683
2.018197638662459
1.8423709931771084
2.0634582986483037
2.004886164091843
2.125814583693911
2.0403733936884962
1.971747257128181
2.202819531114783
2.221251836004466
2.0403733936884962
2.1162996057016965
1.894273869771264
2.1735572622751858
2.5566567074628237
2.125
2.0403733936884962
1.9393538721672008
1.971747257128181
2.4915485198790632
2.7326989697283928
2.004886164091843
2.1967916319816365
2.1774212838293647
2.473851389610045
2.049452072789394
1.9056390622295665
2.148834854280917
2.1258145836939115
1.7924812503605778
2.292481250360578
2.2569089895583545
2.4237949406953985
2.0403733936884962
2.128085278891394
1.7924812503605778
1.9877733714879842
1.7924812503605778
2.064923849132383
1.867633890971212
2.3395722619867225
1.870253816431622
2.0403733936884962
1.9182958340544896
2.251629167387823
1.9591479170272446
1.971747257128181
1.9056390622295665
1.7924812503605778
1.7924812503605778
2.1280852788913944
2.5
1.8230679822736608
2.049452072789394
2.3942811477133943
1.9852281360342514
2.0403733936884962
1.971747257128181
1.9877733714879842
1.9508257945180885
2.2627834289765825
1.789929075309999
1.971747257128181
2.0458416408851736
2.359879028736861
2.199687794731328
2.2256108145207376
2.0741647430225756
1.971747257128181
2.064042639445697
2.004886164091843
1.823067982273661
2.0403733936884962
2.1556390622295662
2.054585169337799
2.1464657985040723
2.0403733936884962
2.221251836004466
2.1887870678023824
1.75
2.25
1.971747257128181
2.192005835492107
2.013824660486976
2.1183227408829097
2.4579195645645378
2.0740534157249533
1.789929075309999
1.8763576394898522
2.312907291846956
2.3227569588973984
1.7924812503605778
2.058813890331201
2.2892464285091583
2.521782221599798
1.8423709931771084
1.7924812503605778
1.9182958340544896
2.521782221599798
2.251629167387823
2.130926080730337
2.362355971203013
2.0403733936884962
2.117492461184755
2.128085278891394
2.570767799623961
2.353533948577482
1.971747257128181
1.8423709931771084
2.216521698179525
2.049452072789394
2.0403733936884962
2.4416298737872246
1.9523612813926658
1.867633890971212
1.871569948038403
2.5589798067462928
2.220068302234069
2.004886164091843
2.1414460711655217
2.349601752714581
1.971747257128181
2.130926080730337
1.971747257128181
2.181496329528675
2.09098996700847
2.217021885879718
2.5073801024236357
2.0086949695628418
2.292481250360578
2.221251836004466
2.3317663774021273
2.0403733936884962
1.7924812503605778
2.1280852788913944
2.223219672335508
2.7216117239699007
2.1405180562767114
2.325331460128806
1.789929075309999
1.971747257128181
1.7924812503605778
1.4591479170272448
1.9254106352407234
2.0403733936884962
2.225605199016944
2.1353503825268683
2.374556048381884
1.855388542207534
2.1280852788913944
1.971747257128181
2.004886164091843
2.0403733936884962
2.1800365325772657
2.1179631753145163
1.9762822787735768
1.8810947601100747
2.0403733936884962
2.224601752714581
2.004886164091843
2.0403733936884962
2.0403733936884962
2.0403733936884962
2.0545851693377997
2.463458298648303
2.221251836004466
1.914341183612352
2.5073801024236357
2.004886164091843
2.0349409139562287
1.7924812503605778
2.1280852788913944
2.049452072789394
2.128085278891394
2.022579761842491
2.2096909728231857
2.349601752714581
2.1739731346044096
2.0403733936884962
2.292481250360578
1.7924812503605778
1.823067982273661
1.8676338909712125
2.4259353050247854
1.7527152789797047
2.217021885879718
2.1778603955733593
2.309538541923044
2.1416195253341384
1.8322488896002305
1.9877733714879842
1.867633890971212
1.789929075309999
2.162368783573502
2.049452072789394
2.049452072789394
2.1040437177782714
1.896240625180289
2.217021885879718
2.3942811477133943
1.971747257128181
2.004886164091843
1.9591479170272446
2.0403733936884962
1.823067982273661
1.8879185026711327
2.521782221599798
2.084962500721156
2.0403733936884962
2.212503842372268
2.5032583347756456
2.319240704636849
2.005977711423774
2.0403733936884962
2.0004630144166002
1.9211854965885542
2.4225797618424916
2.0403733936884962
2.0132790219068077
2.7338888985490812
2.2877837199410704
2.4072535340397483
2.1179631753145163
2.077819531114783
2.221251836004466
1.7758589482446405
2.0403733936884962
2.33012496531497
1.971747257128181
2.5580510765444573
2.0000808760993793
2.433417625184944
2.1829073264808256
2.0349409139562282
2.004886164091843
2.064042639445697
2.221251836004466
1.789929075309999
2.2389205950315936
2.058813890331201
2.3158243335257076
1.971747257128181
2.125814583693911
1.8585552118703144
2.292481250360578
2.054585169337799
2.353533948577482
2.049452072789394
2.1920058354921066
2.004886164091843
2.292481250360578
2.3393538721672007
1.8676338909712125
1.9451720035002105
2.353533948577482
2.004886164091843
1.9056390622295665
1.8810947601100747
1.867633890971212
2.049452072789394
2.077819531114783
2.1416195253341384
2.1887870678023824
1.9751060324573733
2.0403733936884962
2.1295679874183233
1.9877733714879842
1.9852281360342514
1.7924812503605778
2.403088045919318
2.469670487371862
2.0403733936884962
2.038159681645953
1.8585552118703144
2.004886164091843
2.5580510765444573
2.091917186688699
2.054585169337799
1.811278124459133
1.9182958340544896
2.004886164091843
2.0985798617120746
2.085475297227334
2.1739731346044096
2.2096909728231857
2.072905595320056
1.7924812503605778
2.3711959760363217
2.004886164091843
2.125814583693911
1.9182958340544896
2.040223928941852
2.0930692077718898
2.048159124798462
2.1887870678023824
1.789929075309999
2.0403733936884962
2.0403733936884962
2.0403733936884962
2.0403733936884962
2.0403733936884962
2.0403733936884962
2.0403733936884962
2.0403733936884962
2.0403733936884962
2.0403733936884962
2.0403733936884962
2.0403733936884962
2.0403733936884962
2.0403733936884962
2.0403733936884962
2.0403733936884962
2.0403733936884962
2.0403733936884962
2.0403733936884962
2.0403733936884962
2.0403733936884962
2.0403733936884962
2.0403733936884962
2.0403733936884962
2.0403733936884962
2.0403733936884962
2.0403733936884962
2.0403733936884962
2.0403733936884962
2.0403733936884962
2.0403733936884962
2.0403733936884962
2.0403733936884962
2.0403733936884962
2.0403733936884962
2.0403733936884962
2.0403733936884962
2.0403733936884962
2.0403733936884962
2.0403733936884962
2.0403733936884962
2.0403733936884962
2.0403733936884962
2.0403733936884962
2.0403733936884962
2.0403733936884962
2.0403733936884962
2.0403733936884962
2.0403733936884962
1.7924812503605778
2.049452072789394
1.971747257128181
2.0403733936884962
1.971747257128181
1.8423709931771084
2.1280852788913944
2.2389205950315936
2.004886164091843
1.867633890971212
1.971747257128181
1.867633890971212
2.2841591278514217
2.270942421748537
2.049452072789394
2.005977711423774
2.0403733936884962
2.0048861640918427
2.1999793267164867
2.0403733936884962
2.217021885879718
1.971747257128181
2.2199294963683336
2.2890179898186576
2.4164997849817103
2.2806390622295662
2.091917186688699
1.7924812503605778
2.1258145836939115
1.9117364117006252
1.8585552118703144
1.876654497859216
1.811278124459133
2.1735572622751853
1.9068905956085185
2.1967916319816365
1.9877733714879842
1.9751060324573735
1.896240625180289
1.867633890971212
2.007856063692049
1.8423709931771084
2.0403733936884962
1.8423709931771084
2.0403733936884962
2.225610814520738
2.4531150055728594
2.359879028736861
1.4488156357251847
1.9182958340544893
2.5073801024236357
1.8596098198664737
2.2841591278514217
1.9508257945180885
2.125814583693911
2.0131324651707385
2.2062389286533897
1.6869548820048252
1.789929075309999
2.3715335947907836
2.4613201402110083
2.1280852788913944
2.206238928653389
2.3227569588973984
1.9508257945180885
2.022579761842491
2.0403733936884962
2.224601752714581
2.263809173883546
2.263809173883546
1.823067982273661
2.0403733936884962
2.1280852788913944
2.1739731346044096
2.1992878725806704
2.3480995249074272
1.8536882264834516
2.125814583693911
2.8536700092563416
2.004886164091843
2.0403733936884962
3.0635292703928227
2.1878785072265203
1.789929075309999
2.0403733936884962
2.0403733936884962
2.0989295636909353
1.9877733714879842
1.971747257128181
2.1800365325772657
2.396782221599798
2.3220847276178658
2.474601752714581
1.823067982273661
1.7841591278514217
2.3695710038552735
2.004886164091843
1.867633890971212
2.0632025132158516
2.0132790219068077
2.0458416408851736
2.4305946180235427
2.1735572622751853
2.004886164091843
2.1280852788913944
2.221251836004466
2.463458298648303
2.3627402784989338
1.9591479170272446
1.8423709931771084
2.108694969562842
1.971747257128181
2.292481250360578
2.0403733936884962
2.1179631753145163
2.2783518117113117
2.145379062224916
1.4591479170272448
2.004886164091843
2.063202513215852
2.260820318171659
1.7924812503605778
2.359879028736861
2.064042639445697
2.4160563421790617
2.145136370153053
1.8585552118703144
1.971747257128181
2.054585169337799
2.3720946377956236
2.271782221599798
1.9508257945180885
2.445356063692049
1.8585552118703144
2.1280852788913944
2.004886164091843
2.0989295636909353
2.0403733936884962
2.260820318171659
2.722292189082414
1.9508257945180885
2.3220847276178658
2.197159723424149
1.9974826032927555
1.8585552118703144
2.058053136652385
1.8676338909712125
1.9182958340544893
2.556656707462823
1.9688738747207215
2.292481250360578
1.971747257128181
2.3971970912073792
2.181496329528675
2.1179631753145163
2.0403733936884962
1.8423709931771084
2.3395722619867225
1.8294732983598407
2.1607047528877827
1.7947367178034825
2.049452072789394
2.4848720476149193
2.4729055953200563
2.221251836004466
1.8879185026711327
2.353533948577482
2.1020767890391467
1.8423709931771086
2.217021885879718
1.8585552118703144
2.0403733936884962
1.7924812503605778
1.789929075309999
2.2806390622295662
1.971747257128181
2.463458298648303
1.8553885422075338
2.0403733936884962
1.7609640474436812
1.8262452584026092
2.0403733936884962
1.823067982273661
2.3942811477133943
2.279799131837405
2.48345859334435
2.2841591278514217
1.9877733714879842
2.0458416408851736
2.221251836004466
2.5580510765444573
2.054585169337799
2.292481250360578
2.049452072789394
1.8676338909712125
2.2232196723355075
1.75
1.6993660159854245
2.1280852788913944
2.0403733936884962
2.35274578087187
2.0048861640918427
2.1179631753145163
1.7360069464476562
2.3702538164316223
2.0954618442383217
2.292481250360578
1.971747257128181
1.823067982273661
2.2261981000246154
1.896240625180289
1.6644977792004614
2.406666316740689
1.767063263905746
2.1258145836939115
2.0048861640918427
2.1416195253341384
1.962806631693174
1.9591479170272446
2.049452072789394
2.1800365325772657
1.584962500721156
2.0403733936884962
2.0403733936884962
1.789929075309999
1.971747257128181
1.7924812503605778
1.8262452584026092
2.1887870678023824
2.375
1.8322628970242685
2.406666316740689
2.0078560636920493
2.054585169337799
1.9877733714879842
2.2988252450030506
2.1406064599010723
2.004886164091843
2.0403733936884962
2.2062389286533897
1.7609640474436812
1.811278124459133
2.084962500721156
2.183754831923921
2.004886164091843
1.8423709931771084
2.049452072789394
2.365596230357602
2.125814583693911
2.221251836004466
1.789929075309999
2.4115091984199104
2.441742214790559
2.0403733936884962
2.4834585933443494
1.7841591278514217
2.183754831923921
2.418722908066561
1.971747257128181
1.971747257128181
2.0
1.867633890971212
1.971747257128181
1.867633890971212
2.004886164091843
2.146465798504072
1.971747257128181
2.4331958387289765
1.9508257945180885
1.971747257128181
1.8230264907128848
2.049452072789394
2.472905595320056
2.2192407046368485
2.1280852788913944
1.8810947601100745
2.1416195253341384
1.8250112108241772
2.202819531114783
2.308694969562842
2.145136370153053
2.2627834289765825
1.971747257128181
2.4845702981809246
2.4855773403908032
1.75
1.9211854965885542
2.054585169337799
2.1174924611847548
2.0403733936884962
1.971747257128181
2.1174924611847548
2.0403733936884962
2.260820318171659
1.875
2.225610814520738
2.049452072789394
2.2608203181716595
1.8553885422075338
2.270942421748537
2.198173110171621
2.223219672335508
1.867633890971212
2.0403733936884962
2.472905595320056
1.971747257128181
2.221251836004466
2.0
1.971747257128181
1.823067982273661
2.713216235691139
2.054585169337799
2.125
2.0403733936884962
2.0403733936884962
1.9877733714879842
2.4863286677871854
2.3012693629222505
2.0403733936884962
1.9182084341546168
2.2585728843419157
2.004886164091843
1.823067982273661
1.8050365325772657
2.0403733936884962
1.7014255958242197
1.823067982273661
2.120952031026403
2.353533948577482
2.1280852788913944
1.8423709931771084
2.004886164091843
1.971747257128181
2.353533948577482
2.4056390622295662
2.251629167387823
2.375
2.004886164091843
2.1920058354921066
2.0403733936884962
1.789929075309999
2.049452072789394
2.067031495157584
2.0972133988213417
2.1607047528877827
2.1280852788913944
1.971747257128181
1.7924812503605778
1.867633890971212
2.614164262105116
2.0403733936884962
2.1416195253341384
1.7381493331928664
1.9591479170272446
2.2200683022340693
2.1506140041158783
1.9508257945180885
2.1416195253341384
2.480632945028491
2.0294069451656007
2.004886164091843
2.2877837199410704
1.6854752972273344
1.8423709931771088
2.2492870686521593
2.221251836004466
2.221251836004466
2.049452072789394
2.521782221599798
2.2492870686521593
2.05632607578088
1.8423709931771084
1.971747257128181
1.9508257945180885
2.251629167387823
2.125814583693911
2.7977214494095852
2.148834854280917
1.789929075309999
2.1040437177782714
1.8676338909712125
2.049452072789394
2.125
1.7924812503605778
1.9311187687034965
2.223219672335508
2.047299098426643
2.4613201402110083
2.054585169337799
2.1887870678023824
2.4949188482339504
2.148834854280917
2.063558608511122
2.3143122207033873
2.2623623773882575
2.125814583693911
2.049452072789394
2.074087044559035
2.6228199926245694
2.049452072789394
2.278351811711312
1.8423709931771084
2.0403733936884962
2.4225797618424916
2.125814583693911
1.789929075309999
2.7638091738835464
1.8676338909712125
1.971747257128181
2.064042639445697
2.0403733936884962
2.440404017720928
2.049452072789394
2.469670487371862
2.0403733936884962
2.202819531114783
1.971747257128181
2.1179631753145163
1.9751060324573733
2.0403733936884962
2.0119209285947934
2.359879028736861
1.9591479170272446
2.0403733936884962
2.004886164091843
2.1887870678023824
2.0403733936884962
2.1416195253341384
2.0403733936884962
1.971747257128181
2.406666316740689
2.5
1.9008634271278528
2.146782221599798
2.6062389286533896
1.9473387961875537
1.9898980954642875
2.084962500721156
2.189238255803027
2.0841829849337867
1.971747257128181
1.8423709931771086
2.1464657985040723
1.6171895725927152
2.125814583693911
2.0403733936884962
2.1280852788913944
2.1492553971685
2.217021885879718
2.353533948577482
1.789929075309999
2.353533948577482
2.404889451733241
2.292481250360578
2.0403733936884962
2.35274578087187
1.896240625180289
2.0989295636909353
2.1174924611847548
2.125814583693911
1.8676338909712125
1.971747257128181
2.049452072789394
2.1280852788913944
2.1179631753145163
2.3050365325772657
1.9502120649147467
2.292481250360578
2.125814583693911
2.1179631753145163
1.9502120649147467
2.221251836004466
1.867633890971212
2.049452072789394
2.279799131837405
2.049452072789394
2.038159681645953
1.584962500721156
1.9591479170272446
2.5073801024236357
2.353533948577482
1.9508257945180885
2.350209029099897
1.8365916681089791
2.0403733936884962
2.004886164091843
2.1174924611847548
1.971747257128181
2.146782221599798
2.5032583347756456
1.8810947601100747
2.3627402784989338
1.8585552118703144
2.0403733936884962
1.7709505944546688
2.1280852788913944
2.339572261986723
1.789929075309999
1.9508257945180885
2.1800365325772657
2.0
2.358938532350277
2.1174924611847548
2.0403733936884962
2.1440239107574226
1.9751060324573735
1.971747257128181
2.1716287152428544
1.6019431074952408
2.221251836004466
1.6644977792004614
1.8585552118703144
2.0403733936884962
2.116299605701696
1.7709505944546688
1.851226815897192
2.0403733936884962
2.1577174691301484
2.2485293271285762
2.0403733936884962
1.8676338909712125
2.1609640474436813
2.054585169337799
2.0403733936884962
2.049452072789394
2.0
2.0403733936884962
1.971747257128181
2.1416195253341384
1.8423709931771084
1.9508257945180885
2.473851389610045
2.5
2.2096909728231857
1.8553885422075338
1.971747257128181
2.0403733936884962
1.9852281360342512
1.965596230357602
2.128085278891394
2.049452072789394
2.0403733936884962
2.020727779800787
2.1416195253341384
1.9182958340544893
1.8250112108241772
2.1632095937363847
2.075869296697727
2.075869296697727
2.1920058354921066
2.353533948577482
2.125814583693911
2.3627402784989338
2.049452072789394
2.263809173883546
2.049452072789394
2.251629167387823
1.4591479170272448
2.058813890331201
1.971747257128181
2.1280852788913944
2.0403733936884962
2.6208273829593094
2.0349409139562287
2.091672778582327
2.4722092797270987
2.0403733936884962
2.4349052121325534
2.004886164091843
2.197159723424149
2.2803237319817846
2.0046934208291405
2.339572261986723
2.0403733936884962
2.220068302234069
2.0403733936884962
2.2815101887362594
2.221251836004466
2.2841591278514217
1.971747257128181
2.004886164091843
2.146782221599798
2.353190671338322
2.0419460322060456
2.0872520915136796
1.854285871987246
2.3163787019328184
2.384183719779189
2.48345859334435
2.2359263506290326
2.1967916319816365
2.287783719941071
2.3942811477133943
2.004886164091843
2.0989879890775276
1.7924812503605778
2.273728829005326
2.3278928463836115
2.064042639445697
2.1280852788913944
2.0403733936884962
1.789929075309999
2.0403733936884962
2.004886164091843
2.0131324651707385
2.1403001705367655
1.867633890971212
2.353533948577482
2.292481250360578
2.077819531114783
2.049452072789394
2.3032371000135887
2.7837378421564143
2.2062673572326017
2.1054105870684143
2.009191801688642
2.1470776733965518
2.125814583693911
2.054585169337799
2.353533948577482
2.2808987823514597
1.9877733714879842
2.1040437177782714
2.0403733936884962
2.117492461184755
2.221251836004466
2.4164997849817103
1.971747257128181
2.3208020839342964
2.134940079072802
2.292481250360578
2.2895718286408178
1.75
2.2841591278514217
2.1464657985040723
2.1920058354921066
2.4417135830190393
1.854285871987246
2.216521698179525
2.9583445647526654
1.7527152789797045
1.9056390622295665
1.9746017527145812
1.867633890971212
2.125814583693911
2.0403733936884962
2.0403733936884962
1.7924812503605778
2.4404040177209283
1.836591668108979
2.054585169337799
1.789929075309999
1.971747257128181
1.7924812503605778
2.2359263506290326
2.049452072789394
1.971747257128181
2.521782221599798
2.005977711423774
1.8676338909712125
2.142295219190901
2.2610276044371003
2.148834854280917
2.148834854280917
2.004886164091843
2.004886164091843
2.1149163392091346
2.2269339036921956
2.2485731395538666
2.054585169337799
2.1800365325772657
1.971747257128181
1.9274512249645188
2.2109736165067546
2.292481250360578
2.358938532350277
2.1800365325772657
1.9942994759573032
2.071886186912067
2.2485731395538666
2.7772316503794885
2.064042639445697
1.781937063546704
1.9015064025015063
2.2987949406953985
2.008805622540176
2.125814583693911
1.9393538721672008
2.2627834289765825
1.971747257128181
1.789929075309999
2.78070346850397
2.084962500721156
2.1110957877533387
1.8987023210363863
2.137011088254368
2.038159681645953
1.8676338909712125
1.9558917782837364
2.1055872616982603
2.004886164091843
2.0198157169987727
1.8585552118703144
2.004886164091843
1.823067982273661
1.9772354454083079
2.1735572622751858
1.971747257128181
2.125814583693911
1.950212064914747
2.4831804684586087
1.8676338909712125
2.2825887305018333
2.0403733936884962
1.867633890971212
2.0
2.125814583693911
2.146782221599798
2.0403733936884962
1.971747257128181
1.8810947601100747
2.3627402784989338
2.270942421748537
1.9814963295286754
2.1416195253341384
2.0
2.221251836004466
1.75
2.0403733936884962
2.33012496531497
1.789929075309999
2.064042639445697
1.789929075309999
1.8423709931771088
2.08746284125034
1.8802408149441479
1.7924812503605778
2.221251836004466
2.221251836004466
2.2603555297522187
2.270942421748537
2.25
2.2890179898186576
2.403677461028802
1.7924812503605778
2.1174924611847548
2.341787631388142
2.217021885879718
1.9877733714879842
2.0403733936884962
1.971747257128181
2.004886164091843
2.0403733936884962
2.292481250360578
2.3003980873087997
2.693020192448045
2.049452072789394
1.867633890971212
2.349601752714581
1.7924812503605778
1.7924812503605778
1.8423709931771084
2.4056390622295662
1.971747257128181
2.1506140041158783
2.353533948577482
2.1735572622751858
2.004886164091843
2.396782221599798
2.3395722619867225
2.0609640474436812
1.8799649487271108
2.045841640885174
2.7681021221521367
2.2788310493867563
2.205109900073869
1.7924812503605778
1.8230264907128848
2.049452072789394
2.0403733936884962
2.488403899223372
2.202819531114783
2.0119209285947934
1.9123508077539728
1.9804820237218406
1.971747257128181
2.004886164091843
1.8423709931771084
2.3458519893382603
1.9591479170272446
1.7709505944546688
1.7527152789797045
1.9182958340544893
2.2096909728231857
2.0403733936884962
1.789929075309999
2.0758692966977272
2.221251836004466
2.084962500721156
1.8810947601100747
2.2247388086555606
2.004886164091843
1.896240625180289
2.463458298648303
2.2608203181716595
1.9877733714879842
2.390863696857044
2.1280852788913944
2.4404040177209283
2.349601752714581
2.217021885879718
2.521782221599798
2.185475297227334
2.221251836004466
2.3395722619867225
1.4591479170272448
2.422579761842491
2.372094637795624
2.0403733936884962
1.971747257128181
2.251629167387823
1.789929075309999
2.5073801024236357
1.867633890971212
2.1464657985040723
2.2492870686521593
1.867633890971212
1.9591479170272446
2.0403733936884962
2.125814583693911
1.7924812503605778
2.1556390622295662
2.3301249653149703
1.9591479170272446
1.7924812503605778
2.058813890331201
2.904482349207991
2.130926080730337
2.0736691520890953
2.148834854280917
2.271782221599798
2.5778254431156897
2.0403733936884962
2.217021885879718
2.2892464285091583
1.7924812503605778
2.472905595320056
2.058813890331201
2.2920717524577867
2.0403733936884962
2.0403733936884962
2.2544475789720946
2.474601752714581
2.2892464285091583
2.013132465170739
1.8879185026711327
2.049452072789394
2.125814583693911
2.125814583693911
2.0403733936884962
2.128085278891394
1.9877733714879842
2.6938983170461555
2.004886164091843
1.867633890971212
2.345851989338261
2.353533948577482
1.7924812503605778
2.049452072789394
2.0922718656836103
2.353533948577482
2.0403733936884962
1.9591479170272446
1.781937063546704
2.2841591278514217
2.054585169337799
2.049452072789394
1.789929075309999
2.0403733936884962
2.5916350480137673
2.2096909728231857
2.146782221599798
1.9877733714879842
2.6756981353679867
2.2096909728231857
1.8423709931771084
2.1280852788913944
1.930155966959864
1.9182958340544893
1.9877733714879842
1.8423709931771084
1.971747257128181
2.221251836004466
2.232178837776257
2.049452072789394
1.8553885422075338
1.7841591278514217
2.289246428509158
1.9182958340544893
1.8676338909712125
2.049452072789394
2.0403733936884962
2.0403733936884962
1.9182958340544893
1.9508257945180885
2.2037016960573483
2.2684727516311214
2.048088984739442
1.7300284863197057
1.9736693980937772
1.823067982273661
2.487521894173951
2.119240704636849
2.179350202453772
2.5865692464606247
2.0989879890775276
1.956910407497227
2.251629167387823
1.75
2.1800365325772657
1.7924812503605778
2.147077673396552
2.2841591278514217
2.004886164091843
2.0403733936884962
1.971747257128181
2.0403733936884962
1.9182958340544893
2.217021885879718
2.0349409139562287
2.646782221599798
2.353533948577482
2.049452072789394
1.789929075309999
2.125814583693911
2.2096909728231857
2.2890179898186576
2.217021885879718
1.7924812503605778
2.1280852788913944
2.0403733936884962
1.971747257128181
2.5901465644665733
2.004886164091843
2.0403733936884962
2.5785519909913264
2.2515148217241325
1.8585552118703144
2.128085278891394
2.049452072789394
2.004886164091843
2.0403733936884962
2.0741647430225756
2.0403733936884962
2.523986065961297
2.224601752714581
2.199687794731328
2.004886164091843
1.8423709931771088
2.0403733936884962
1.7924812503605778
1.9211854965885542
2.4137995646056796
2.0458416408851736
1.971747257128181
2.462683189255492
1.9877733714879842
1.823067982273661
2.2684727516311214
2.322756958897399
2.1632095937363847
2.1842612638641032
2.822717804806415
2.0403733936884962
2.1179631753145163
2.353533948577482
2.0403733936884962
2.1920058354921066
1.971747257128181
1.7924812503605778
2.199687794731328
2.4404040177209283
2.1416195253341384
1.9591479170272446
2.1393538721672005
1.4591479170272448
1.789929075309999
1.789929075309999
2.002755067189044
1.9123508077539728
2.279799131837405
2.162294909570876
2.556656707462823
2.084962500721156
2.221251836004466
1.8676338909712125
1.867633890971212
2.2773276830375746
2.3158243335257076
2.125814583693911
1.7924812503605778
2.0403733936884962
2.0403733936884962
2.1174924611847548
2.216521698179525
1.971747257128181
2.148834854280917
2.406666316740689
2.0989295636909353
1.9508257945180885
2.063202513215852
1.971747257128181
2.5073801024236357
2.117492461184755
1.8250112108241772
2.146782221599798
2.0
2.646782221599798
2.0957952550009336
2.216521698179525
2.004886164091843
1.7841591278514217
2.0403733936884962
2.1280852788913944
1.8542858719872461
1.971747257128181
2.054585169337799
2.004886164091843
1.9321560761384233
2.353533948577482
1.7814164026211206
2.205109900073869
2.2877837199410704
2.049452072789394
1.9751060324573733
1.8250112108241772
2.278351811711312
2.0403733936884962
1.971747257128181
2.196791631981637
1.4591479170272446
1.971747257128181
2.221251836004466
2.049452072789394
2.0403733936884962
2.199687794731328
2.0403733936884962
2.521782221599798
2.0309891085584537
1.760495029766198
2.1416195253341384
2.0403733936884962
1.8423709931771088
2.646782221599798
1.9182958340544893
1.7924812503605778
2.1280852788913944
1.867633890971212
2.495602923729013
2.004886164091843
2.251629167387823
2.199687794731328
2.2516291673878226
2.1416195253341384
2.606238928653389
2.3158243335257076
2.125814583693911
2.049452072789394
1.8585552118703144
2.0403733936884962
2.0403733936884962
1.9123508077539728
2.049452072789394
2.1920058354921066
2.049452072789394
2.260820318171659
2.2856005389623077
2.049452072789394
2.0349409139562287
2.1556390622295662
2.125814583693911
2.1179631753145163
1.896240625180289
2.258096028412048
2.390863696857044
2.1179631753145163
2.1280852788913944
2.2841591278514217
2.0403733936884962
2.054585169337799
2.004886164091843
2.049452072789394
2.0403733936884962
1.7924812503605778
2.1280852788913944
2.358938532350277
1.8879185026711327
2.245869617795809
2.1280852788913944
2.054585169337799
2.1179631753145163
2.125814583693911
1.4591479170272448
2.0403733936884962
2.0
2.128085278891394
2.1735572622751858
2.3831298640028096
1.7676461209612235
1.9744667176617656
2.106048095418327
2.3395722619867225
2.116299605701696
2.378211620950336
1.8810947601100747
2.146465798504072
2.221251836004466
1.9591479170272446
2.1920058354921066
2.254447578972094
1.9877733714879842
1.8585552118703144
1.7924812503605778
2.130926080730337
2.0403733936884962
1.789929075309999
2.743094527663444
2.622900778487111
2.0403733936884962
1.7527152789797045
2.0403733936884962
2.2030713060627085
1.9182958340544896
1.789929075309999
2.1920058354921066
2.119973094021975
2.255748230422944
1.7219280948873623
2.128085278891394
2.216917186688699
2.125814583693911
2.411509198419911
2.6433147583406384
1.971747257128181
1.8250112108241772
1.9039015396241123
2.6062389286533896
1.6521928520052187
2.049452072789394
1.867633890971212
2.2492870686521593
2.0831449843539693
1.867633890971212
1.8897091059251139
2.067031495157584
2.05632607578088
1.823067982273661
2.128085278891394
2.0349409139562287
2.3942811477133943
2.5341468438052397
2.0403733936884962
1.934480433377244
1.823067982273661
1.1342836364276816
2.049452072789394
2.463458298648303
2.2516291673878226
2.4137995646056796
2.128085278891394
2.2096909728231857
2.0524212838293647
2.199687794731328
2.4387218755408675
2.004886164091843
1.9877733714879842
2.271782221599798
2.33012496531497
2.223219672335508
2.0403733936884962
1.7295739585136223
2.0524212838293647
1.7924812503605778
2.2841591278514217
1.867633890971212
1.7924812503605778
2.217021885879718
2.2877837199410704
2.3134597501718237
1.8676338909712125
2.4613201402110083
1.75
2.292481250360578
2.0403733936884962
1.789929075309999
2.128085278891394
1.9877733714879842
2.353533948577482
1.789929075309999
1.8854428674817079
2.054585169337799
1.971747257128181
2.0403733936884962
2.054585169337799
2.263809173883546
2.0403733936884962
1.9877733714879842
2.3050365325772657
2.24300256423961
1.9591479170272446
2.1280852788913944
1.7924812503605778
2.1209520310264036
2.146782221599798
1.8423709931771086
2.049452072789394
2.054585169337799
2.5785519909913264
2.396782221599798
1.9591479170272446
1.8423709931771088
2.2890179898186576
1.971747257128181
2.2389205950315936
2.162294909570876
2.0403733936884962
1.8676338909712125
1.7924812503605778
2.3301249653149703
2.075869296697727
2.521782221599798
1.971747257128181
2.199687794731328
2.049452072789394
1.7527152789797045
2.4137995646056805
2.5059824523495977
1.971747257128181
2.2806390622295662
1.855388542207534
2.054585169337799
2.6657626148832207
2.292481250360578
2.199687794731328
2.004886164091843
2.1416195253341384
2.292481250360578
2.1556390622295662
2.2487569645963053
2.1739731346044096
2.2389205950315936
2.844428880776283
1.971747257128181
2.1492553971685
1.7924812503605778
2.049452072789394
1.9877733714879842
2.0403733936884962
2.2892464285091583
2.220068302234069
1.924174352300441
2.004886164091843
1.75
1.971747257128181
2.0403733936884962
2.0403733936884962
1.9056390622295665
2.1416195253341384
2.5807095825937485
1.962806631693174
2.040223928941852
1.9182958340544893
2.1416195253341384
1.867633890971212
2.474601752714581
2.038159681645953
2.004886164091843
1.7924812503605778
2.4980887593395518
2.353533948577482
2.2510345501401265
2.0403733936884962
2.049452072789394
1.8676338909712125
2.0403733936884962
1.9852281360342516
2.2832062193464946
1.8170594523438588
2.0403733936884962
1.8638263900908156
1.9591479170272446
2.406666316740689
1.8585552118703144
2.1999793267164867
1.9628066316931743
1.789929075309999
2.077819531114783
1.8423709931771088
2.117492461184755
2.0403733936884962
2.125814583693911
2.0403733936884962
1.9182958340544893
2.4137995646056805
1.9877733714879842
2.289246428509158
1.6644977792004614
2.0403733936884962
1.789929075309999
2.1735572622751853
2.217021885879718
2.248529327128576
1.971747257128181
2.0
2.1416195253341384
2.292481250360578
2.4137995646056805
1.896240625180289
2.337320658596841
1.8676338909712125
2.0403733936884962
2.1920058354921066
1.7924812503605778
2.049452072789394
1.867633890971212
1.8676338909712125
2.2684727516311214
2.217021885879718
2.1920058354921066
1.789929075309999
2.4137995646056805
2.403677461028802
2.0403733936884962
2.1803373810675706
2.049452072789394
2.0989295636909353
2.1054105870684143
2.049452072789394
2.0458416408851736
1.75
2.0349409139562287
2.5566567074628237
1.7989940035610852
2.1892869761976885
2.0403733936884962
2.287783719941071
2.0403733936884962
1.5566567074628228
2.399397470347699
1.9056390622295665
1.9591479170272446
2.2750849518197795
2.0403733936884962
2.1280852788913944
2.004886164091843
1.9182958340544896
1.9182958340544893
2.25
1.823067982273661
2.270942421748537
1.823067982273661
1.8676338909712125
2.049452072789394
2.221251836004466
1.971747257128181
2.217021885879718
1.9561489336858493
2.0403733936884962
1.7527152789797045
2.353533948577482
1.950212064914747
1.9591479170272446
1.7924812503605778
1.9989605881713537
2.5724312513221195
2.311278124459133
1.867633890971212
2.472905595320056
2.2389205950315936
2.292481250360578
2.5341468438052397
2.1047412314783913
2.116299605701696
2.2841591278514217
2.2877837199410704
1.867633890971212
2.128085278891394
2.1280852788913944
2.049452072789394
2.353533948577482
2.125814583693911
2.0403733936884962
1.75
2.6100635408770723
2.0403733936884962
2.0131324651707385
2.054585169337799
2.2841591278514217
2.0403733936884962
2.0403733936884962
1.789929075309999
2.221251836004466
2.004886164091843
1.584962500721156
2.0804820237218404
2.55887184844536
2.221251836004466
2.0758692966977272
1.789929075309999
1.836591668108979
2.4806821149663847
1.9591479170272446
1.971747257128181
1.9182958340544893
2.292481250360578
2.2892464285091583
2.0403733936884962
2.221251836004466
2.0403733936884962
2.004886164091843
2.0403733936884962
1.7924812503605778
2.011920928594794
2.3991303913908
2.2585728843419157
1.867633890971212
2.0300872246321315
1.7336606896881859
1.9591479170272446
2.2608203181716595
2.2464393446710154
2.422579761842491
2.5371889637894185
2.270942421748537
2.55887184844536
1.823067982273661
2.358938532350277
2.004886164091843
2.0403733936884962
1.7924812503605778
2.0349409139562287
2.075869296697727
1.9056390622295665
1.9609640474436814
2.125814583693911
1.7924812503605778
2.008805622540176
2.005977711423774
2.128085278891394
2.0403733936884962
2.359879028736861
2.0403733936884962
2.1280852788913944
2.0202442071537563
2.0349409139562287
2.0403733936884962
2.0
2.199687794731328
2.1405180562767114
2.2890179898186576
2.217021885879718
2.049452072789394
1.9242299136001453
2.049452072789394
2.0403733936884962
1.8676338909712125
2.0048861640918427
2.3627402784989338
2.1735572622751853
2.292481250360578
2.1324721128508206
1.971747257128181
2.225610814520738
1.971747257128181
2.606238928653389
2.049452072789394
1.971747257128181
2.6084585933443494
1.8879185026711327
2.128085278891394
2.406666316740689
1.971747257128181
2.1280852788913944
2.1148051443393325
2.130926080730337
2.077819531114783
1.9877733714879842
2.0741647430225756
1.971747257128181
1.8073549220576042
2.054585169337799
2.260992390087111
1.7924812503605778
2.1556390622295662
2.1299471844774778
1.971747257128181
2.358938532350277
1.971747257128181
1.8423709931771088
1.854285871987246
2.0403733936884962
2.5560542104133326
2.2492870686521593
2.2974533091219693
2.472905595320056
1.7381493331928664
2.1440239107574226
2.2627834289765825
1.9994859645348273
2.0403733936884962
2.1406064599010723
2.3327230088457287
1.971747257128181
2.3959988705348416
1.9609640474436811
2.278351811711312
1.789929075309999
2.004886164091843
2.038159681645953
2.0741647430225756
2.7316112300691393
2.0403733936884962
2.3355055565170972
2.084962500721156
2.25
1.789929075309999
2.5566567074628237
2.054585169337799
2.5495234595978324
2.221251836004466
2.130926080730337
2.006163869616998
2.048542139499064
2.146782221599798
2.0419460322060456
1.971747257128181
2.0403733936884962
2.396782221599798
1.5566567074628228
1.867633890971212
2.3555223130902077
2.251629167387823
1.789929075309999
2.049452072789394
1.9993073294931034
1.867633890971212
2.054585169337799
1.8423709931771084
2.004886164091843
2.004886164091843
2.403677461028802
2.403677461028802
1.7924812503605778
2.292481250360578
2.319240704636849
2.016875695766564
2.3229101584802434
2.278351811711312
2.199687794731328
2.0403733936884962
2.217021885879718
2.1416195253341384
2.049452072789394
1.9182958340544896
1.8676338909712125
2.0
2.004886164091843
2.2841591278514217
1.823067982273661
1.6854752972273346
2.0
2.127986806877675
1.9182958340544896
2.353533948577482
2.289246428509158
2.1887870678023824
2.497136174782449
2.221251836004466
2.128085278891394
1.867633890971212
2.5559130951758244
2.244277826532738
2.1897981900809884
2.0403733936884962
2.1464657985040723
1.8676338909712125
1.971747257128181
1.9182958340544893
2.4137995646056805
1.9877733714879842
2.0403733936884962
1.8496017527145814
1.971747257128181
2.1920058354921066
2.0
1.7201755527081777
2.0403733936884962
2.1061450333085068
2.221251836004466
2.5358577759182794
1.8770069385232369
2.228301934534446
2.5580510765444573
1.8676338909712125
2.0989295636909353
2.125814583693911
1.896240625180289
2.2528786893420305
1.9852281360342516
2.146465798504072
1.867633890971212
1.924174352300441
1.7609640474436812
2.0403733936884962
2.0349409139562287
1.971747257128181
1.75
2.217021885879718
1.971747257128181
1.7758589482446405
2.004886164091843
1.9182958340544893
2.217021885879718
2.10845859334435
1.9011708530367453
2.0403733936884962
2.1837548319239213
2.292481250360578
2.0403733936884962
2.125814583693911
2.0
1.8585552118703144
2.4387439204017474
1.8423709931771086
2.049452072789394
1.9877733714879842
2.1967916319816365
2.146782221599798
2.2810361125534233
1.811278124459133
1.721928094887362
1.9056390622295665
2.058813890331201
2.049452072789394
1.8585552118703144
2.3395722619867225
1.992778107459939
2.1623687835735015
2.0403733936884962
2.1887870678023824
2.049452072789394
2.271782221599798
2.2607845582978525
2.049452072789394
2.292481250360578
2.146782221599798
2.146465798504072
1.971747257128181
2.112805407260369
2.0349409139562287
2.0403733936884962
1.7924812503605778
2.125814583693911
1.9182958340544893
1.789929075309999
2.4613201402110083
1.789929075309999
2.128085278891394
2.1684656711105887
2.004886164091843
2.1324373408045867
2.3318026736242854
1.9735561123277499
2.1800365325772657
1.95006375643621
1.8423709931771084
1.971747257128181
2.005977711423774
2.0403733936884962
2.0458416408851736
2.075074223172834
2.004886164091843
1.9591479170272446
2.0403733936884962
1.9852281360342514
2.2625905648620863
2.004886164091843
1.789929075309999
1.823067982273661
1.9911197773146978
2.0403733936884962
1.8394910703001344
1.8585552118703144
1.8585552118703144
1.8585552118703144
1.8585552118703144
1.8585552118703144
1.8585552118703144
2.0403733936884962
1.8423709931771084
1.7924812503605778
2.54043331361882
1.971747257128181
2.1280852788913944
2.146782221599798
1.823067982273661
2.4137995646056805
2.117492461184755
1.9877733714879842
2.054585169337799
2.584962500721156
2.403677461028802
1.8230679822736608
2.2428069536033326
2.2810361125534233
2.202819531114783
1.825605199016944
1.8676338909712125
2.206238928653389
1.8810947601100747
1.8879185026711327
1.9508257945180885
2.127986806877675
2.358938532350277
1.9473387961875537
2.0403733936884962
1.9689514568588302
1.823067982273661
1.7841591278514217
2.199687794731328
2.217021885879718
2.0403733936884962
2.0758692966977272
2.606238928653389
1.7924812503605778
2.1280852788913944
2.606238928653389
1.8676338909712125
1.860964047443681
2.217021885879718
1.971747257128181
1.5304930567574824
2.4613201402110083
2.049452072789394
2.345851989338261
1.7924812503605778
1.867633890971212
2.0048861640918427
2.004886164091843
2.0
1.9657678078192216
2.0854752972273345
2.7604569026790364
2.221251836004466
2.33012496531497
1.867633890971212
2.102187170949333
1.7924812503605778
1.836591668108979
1.7924812503605778
1.789929075309999
2.403677461028802
2.125814583693911
1.971747257128181
2.125814583693911
2.221251836004466
2.0403733936884962
2.038159681645953
2.4388142012572778
2.251629167387823
2.281769461321888
1.862662006009536
2.179350202453772
1.9526832779469112
2.2334585933443494
2.4164997849817103
2.0989295636909353
2.0403733936884962
2.206238928653389
2.472905595320056
2.322756958897399
1.789929075309999
2.021782221599798
2.2890179898186576
2.0403733936884962
2.1812056673346514
1.867633890971212
2.4846970025308774
1.8423709931771084
2.0487949406953985
2.251629167387823
2.463458298648303
1.8799649487271108
1.789929075309999
2.004886164091843
2.1800365325772657
2.120952031026403
2.1280852788913944
1.636054919671262
1.5280577551976124
2.292481250360578
2.2158465761428716
2.0403733936884962
2.5580510765444573
2.1174924611847548
2.2890179898186576
2.275170354773194
2.125814583693911
2.406666316740689
2.0403733936884962
2.349601752714581
2.4404040177209283
1.584962500721156
2.0403733936884962
1.7720772537350808
2.5566567074628237
2.4838561897747247
2.409030994829163
1.789929075309999
2.2629253335889565
1.8423709931771088
1.8585552118703144
1.7924812503605778
1.6644977792004614
2.2359263506290326
2.0403733936884962
1.9814963295286754
2.2877837199410704
2.0403733936884962
2.004886164091843
2.406666316740689
1.8676338909712125
2.081706277574314
2.0825518169307426
2.0403733936884962
2.2841591278514217
2.5073801024236357
1.9591479170272446
2.0403733936884962
1.75
2.0403733936884962
2.054585169337799
1.9508257945180885
2.1054105870684143
2.0419460322060456
1.9591479170272446
2.1209520310264027
2.0403733936884962
1.8163401138534077
1.8423709931771088
2.0403733936884962
2.1179631753145163
1.867633890971212
1.8799649487271108
1.789929075309999
2.1416195253341384
1.9641534765420037
2.0403733936884962
2.0403733936884962
2.049452072789394
2.0294069451656007
1.9591479170272446
2.345851989338261
2.771782221599798
1.971747257128181
1.971747257128181
2.2062389286533897
2.219240704636849
2.040223928941852
2.023219672335508
2.125814583693911
2.0419460322060456
2.0182155146751497
2.4225797618424916
1.9751060324573733
2.199687794731328
2.049452072789394
2.6756981353679867
2.353533948577482
2.146782221599798
1.9986525468781666
1.823067982273661
2.0403733936884962
2.004886164091843
1.971747257128181
2.484183719779189
1.9182958340544893
1.7924812503605778
1.971747257128181
1.8919954870390203
2.1280852788913944
2.2334585933443494
1.971747257128181
2.0403733936884962
2.0758692966977272
1.8423709931771084
1.971747257128181
2.054585169337799
1.8423709931771084
1.5566567074628228
2.349601752714581
1.7924812503605778
2.287783719941071
2.2096909728231857
2.005977711423774
1.8676338909712125
2.004886164091843
1.9591479170272446
2.33012496531497
2.23345859334435
2.0403733936884962
2.0814963295286755
2.3276328092906367
2.396782221599798
2.125814583693911
2.1800365325772657
2.054585169337799
1.5566567074628228
2.521782221599798
2.130926080730337
1.9182958340544893
1.971747257128181
2.1920058354921066
2.023219672335508
2.1812056673346514
2.1920058354921066
1.9591479170272446
2.140361163698485
2.3959988705348416
2.278351811711312
2.251629167387823
1.9591479170272446
1.8423709931771084
1.971747257128181
2.2890179898186576
2.004886164091843
2.1416195253341384
2.440404017720928
2.1735572622751853
2.5580510765444577
2.049452072789394
1.867633890971212
1.8676338909712125
2.125814583693911
1.7924812503605778
2.221251836004466
2.0403733936884962
1.8676338909712125
2.1440239107574226
1.867633890971212
1.936278124459133
2.1174924611847548
2.0
2.271782221599798
2.3720946377956236
2.0403733936884962
2.217021885879718
1.867633890971212
1.8585552118703144
2.049452072789394
2.0403733936884962
2.049452072789394
2.004886164091843
1.867633890971212
1.8423709931771084
2.5580510765444573
2.1280852788913944
2.054585169337799
1.7924812503605778
2.353533948577482
2.292481250360578
2.1209520310264027
1.8676338909712125
2.1174924611847548
2.0854752972273345
1.971747257128181
1.6644977792004614
1.9877733714879842
2.1339375660949167
2.049452072789394
2.1280852788913944
2.221251836004466
2.474601752714581
2.125814583693911
2.004886164091843
2.005977711423774
2.054585169337799
2.155968102145908
1.971747257128181
2.322756958897399
1.9751060324573733
2.5218619553045025
2.0403733936884962
2.148834854280917
1.896240625180289
2.6100635408770723
2.054585169337799
2.260820318171659
1.9591479170272446
2.221251836004466
1.823067982273661
2.0403733936884962
2.128085278891394
1.9182958340544893
2.0403733936884962
2.270942421748537
1.7924812503605778
2.004886164091843
1.867633890971212
1.7924812503605778
2.221251836004466
1.8542858719872461
2.146465798504072
2.3432578733442675
2.0458416408851736
2.487913781994848
2.3713464332493888
2.206238928653389
2.2546438663169983
1.8423709931771084
1.971747257128181
1.9508257945180885
1.867633890971212
2.106048095418327
2.1339375660949167
2.424835634986198
2.1492553971685
2.0300872246321315
1.8423709931771084
2.535857775918279
1.789929075309999
2.5223404466407904
2.127986806877675
1.7924812503605778
2.0403733936884962
2.542328989413759
2.2841591278514217
2.0119209285947934
1.971747257128181
2.049452072789394
2.0999857329017306
2.005977711423774
1.823067982273661
1.823067982273661
1.823067982273661
1.823067982273661
1.867633890971212
2.221251836004466
2.216521698179525
1.9591479170272446
1.650022421648354
2.556656707462823
2.2359263506290326
1.9182958340544893
2.0
2.463458298648303
2.054585169337799
1.876654497859216
1.896240625180289
1.8585552118703144
2.004886164091843
1.7924812503605778
1.9459977435195097
2.072905595320056
2.05632607578088
2.221251836004466
1.8553885422075338
2.128085278891394
2.0048861640918427
1.7295739585136223
1.971747257128181
2.125814583693911
2.1416195253341384
2.4137995646056805
2.049452072789394
2.0403733936884962
1.6644977792004614
1.789929075309999
2.040223928941852
2.495602923729013
2.4404040177209283
1.6644977792004614
2.406666316740689
1.7709505944546688
1.9830841641434374
2.1179631753145163
2.556656707462823
1.7924812503605778
2.0403733936884962
2.395998870534841
2.049452072789394
2.411509198419911
2.4075362050579714
2.217021885879718
2.221251836004466
1.9591479170272446
2.2113402011342087
1.7295739585136223
2.0403733936884962
2.1887870678023824
1.789929075309999
2.5396393540109368
2.3204112664779526
2.2851940953725878
1.8919954870390203
1.971747257128181
2.1607047528877827
1.971747257128181
2.0403733936884962
2.1416195253341384
2.292481250360578
2.2841591278514217
2.0
2.289246428509158
2.049452072789394
2.1231991154262255
1.8879185026711327
2.0676255271535613
1.9579393553211155
1.4294732983598406
2.004886164091843
2.5924973352360503
1.867633890971212
1.9182958340544893
1.971747257128181
2.1280852788913944
2.513493416679643
2.5566567074628237
2.0989295636909353
1.7946503144769004
1.7822287189138015
1.588287118459957
2.169925001442312
2.353533948577482
2.0403733936884962
2.1271358531727262
1.8676338909712125
2.058813890331201
2.1739731346044096
1.6854752972273344
2.278351811711312
1.811278124459133
1.8676338909712125
1.8585552118703144
2.0458416408851736
2.146465798504072
2.251629167387823
2.074164743022575
1.9182958340544893
2.375
2.049452072789394
1.9591479170272446
1.9852281360342514
1.789929075309999
2.0580531366523855
2.4634582986483036
2.1800365325772657
1.771782221599798
1.7924812503605778
1.971747257128181
2.049452072789394
1.8919954870390203
2.1967916319816365
2.3050365325772657
1.8193678082851128
2.2856005389623073
2.6040301730294653
2.104043717778271
2.058813890331201
1.867633890971212
2.358938532350277
1.7609640474436812
2.049452072789394
2.072905595320056
2.0349409139562287
1.8585552118703144
2.2892464285091583
1.760495029766198
2.224601752714581
1.971747257128181
1.8676338909712125
1.9877733714879842
1.9508257945180885
1.4591479170272448
2.353533948577482
2.1179631753145163
2.251629167387823
2.0403733936884962
1.9182958340544893
2.496691624901725
2.0670314951575843
2.3050365325772657
2.33012496531497
1.789929075309999
1.867633890971212
2.3232196723355076
2.646782221599798
1.7969371097526867
1.9672122392038736
1.9272420947408824
2.110625918002233
2.2096909728231857
1.8879185026711327
2.463458298648303
2.004886164091843
2.0403733936884962
1.867633890971212
2.0403733936884962
2.440404017720928
1.867633890971212
2.0192365361682794
2.2485731395538666
1.8423709931771084
2.125814583693911
1.8423709931771088
1.971747257128181
2.287783719941071
1.6644977792004614
2.196791631981637
2.0403733936884962
2.4137995646056805
2.004886164091843
1.9858736285640903
2.066247897312731
2.1920058354921066
2.004886164091843
2.038159681645953
2.0403733936884962
2.339572261986723
2.16092559493544
2.0403733936884962
2.0403733936884962
2.273622566411168
2.295461844238322
2.1440239107574226
2.1887870678023824
2.251629167387823
1.971747257128181
1.9182958340544896
2.358938532350277
2.4374058114255175
2.039353872167201
2.263809173883546
1.789929075309999
2.0403733936884962
1.9808259362290785
2.0403733936884962
2.2608203181716595
2.1405180562767114
2.5783055165122724
2.128085278891394
1.9591479170272446
1.8262452584026092
2.1440239107574226
2.0545851693377997
1.789929075309999
2.25
2.029526332323075
2.3305576533947314
1.8676338909712125
2.004886164091843
1.971747257128181
1.75
1.823067982273661
2.4331958387289765
1.9591479170272446
1.9591479170272446
2.0349409139562287
2.077819531114783
2.3751312026117115
1.6038561897747248
1.9877733714879842
1.9182958340544893
1.9182958340544893
2.4137995646056805
1.9877733714879842
2.125814583693911
2.0403733936884962
2.1280852788913944
2.4404040177209283
2.292481250360578
2.125814583693911
2.0403733936884962
2.5282129458410014
2.1174924611847548
2.084962500721156
2.125814583693911
1.7924812503605778
2.0403733936884962
2.143838426839129
1.6644977792004614
1.8676338909712125
2.058813890331201
2.2516291673878226
1.9591479170272446
1.8423709931771084
2.146782221599798
2.217021885879718
2.339572261986723
1.5566567074628228
1.9182958340544893
2.521782221599798
1.867633890971212
1.6644977792004614
1.992778107459939
2.0403733936884962
1.8668193111659017
2.0815419333359277
1.6796037385604206
2.1150970365824535
2.4056390622295662
2.345851989338261
2.2062389286533897
2.0524212838293647
1.9877733714879842
1.9591479170272446
2.2945199082544616
2.0403733936884962
2.251629167387823
1.8676338909712125
2.0403733936884962
2.3068905956085186
2.5580510765444573
2.049452072789394
2.0403733936884962
2.0403733936884962
2.440404017720928
2.422579761842491
1.9591479170272446
2.4225797618424916
1.789929075309999
2.125814583693911
2.0989295636909353
2.0979931624271395
2.058688570451097
1.8322628970242685
2.289246428509158
2.612916866031311
1.9852281360342514
1.9762822787735768
1.867633890971212
2.098579861712074
2.038159681645953
1.971747257128181
2.3353836207645444
2.606238928653389
1.971747257128181
1.9591479170272446
2.181496329528675
1.584962500721156
1.8565647621309542
1.870253816431622
1.746465798504072
2.5073801024236357
2.0403733936884962
2.463458298648303
1.823067982273661
1.971747257128181
1.823067982273661
1.789929075309999
2.125814583693911
1.7924812503605778
2.0
1.584962500721156
1.971747257128181
1.8676338909712125
2.004886164091843
2.049452072789394
2.1280852788913944
2.004886164091843
1.896240625180289
2.0403733936884962
2.263809173883546
2.0048861640918427
2.057924310831006
2.005977711423774
2.1920058354921066
2.5
2.0403733936884962
2.1690354219421173
2.4701970429406517
2.0403733936884962
2.1416195253341384
1.9591479170272446
1.9751060324573733
1.7863657090462384
2.0403733936884962
1.971747257128181
2.1174924611847548
2.0403733936884962
2.1684656711105887
2.004886164091843
2.5306390622295662
2.1280852788913944
2.005977711423774
1.7924812503605778
2.270942421748537
2.3991303913908
2.5424826938097276
1.971747257128181
1.9591479170272446
2.3432578733442675
2.0403733936884962
2.049104007471253
1.789929075309999
2.1280852788913944
1.9751060324573735
2.0403733936884962
2.148834854280917
2.049452072789394
2.463458298648303
2.202819531114783
1.971747257128181
2.1179631753145163
1.9751060324573733
2.0403733936884962
2.0119209285947934
2.359879028736861
1.9591479170272446
2.0403733936884962
2.292481250360578
1.6644977792004614
2.199687794731328
2.330838161431984
2.1416195253341384
2.3035088547976783
2.004886164091843
2.038159681645953
2.049452072789394
2.146782221599798
2.1735572622751853
2.4164997849817107
2.004886164091843
2.263809173883546
2.1920058354921066
2.5032583347756456
1.8423709931771084
1.9609640474436814
2.1625056054120884
2.335505556517097
1.9248240667373948
2.049452072789394
2.221251836004466
2.054585169337799
2.3208020839342964
1.75
2.1280852788913944
1.7295739585136223
2.0403733936884962
2.3627402784989338
2.0403733936884962
1.7924812503605778
2.292481250360578
2.2841591278514217
2.349601752714581
2.4633663427540564
2.5210464599278857
2.2841591278514217
2.3156678763770073
1.823067982273661
1.789929075309999
1.9751060324573733
2.292071752457787
2.049452072789394
2.4030880459193185
2.0048861640918427
1.931506912061903
2.236700051080712
2.1609640474436813
1.971747257128181
2.1179631753145163
2.4692407821722844
2.0461796919474975
1.950212064914747
2.019973094021975
1.8919954870390203
2.049452072789394
2.440404017720928
2.054585169337799
2.0403733936884962
2.1440239107574226
2.0741647430225756
1.971747257128181
2.4428621651554665
2.064042639445697
2.1440239107574226
2.292481250360578
1.584962500721156
1.896240625180289
1.823067982273661
2.0403733936884962
2.436278124459133
2.89419005929208
2.004886164091843
1.7272486062639207
2.1550287377419615
1.8843135277997989
2.1556390622295662
1.75
2.054585169337799
2.221251836004466
2.350209029099897
2.5560542104133326
2.1920058354921066
2.1416195253341384
1.789929075309999
2.0670314951575843
1.5104733903519252
2.0458416408851736
2.3086949695628416
2.48345859334435
1.9591479170272446
1.823067982273661
1.9182958340544893
2.1887870678023824
2.199687794731328
2.1280852788913944
2.33012496531497
2.1179631753145163
2.0864424862739575
2.5032583347756456
1.971747257128181
2.1440239107574226
2.2389205950315936
2.004886164091843
2.279799131837405
2.0403733936884962
1.7924812503605778
1.9182958340544893
2.004886164091843
2.353533948577482
2.322756958897399
1.8423709931771084
2.1916116417513782
2.2841591278514217
1.8585552118703144
1.7841591278514217
2.3432578733442675
2.575702406911866
1.867633890971212
2.2569089895583545
2.004886164091843
1.896240625180289
2.145136370153053
2.1280852788913944
2.125814583693911
2.4662478973127313
2.0403733936884962
1.789929075309999
2.0403733936884962
1.8799649487271108
2.1295679874183233
2.007856063692049
1.9609640474436814
2.4834585933443494
2.058813890331201
1.6644977792004614
1.789929075309999
2.004886164091843
2.350209029099897
2.0403733936884962
1.8585552118703144
2.054585169337799
1.7924812503605778
1.8423709931771088
2.145136370153053
2.038159681645953
1.8585552118703144
2.004886164091843
1.971747257128181
1.9852281360342514
1.811278124459133
1.8553885422075338
2.0403733936884962
2.148834854280917
2.550580559019104
1.8676338909712125
1.971747257128181
1.969389419529156
1.867633890971212
2.1054105870684143
2.049452072789394
2.263809173883546
2.5341468438052397
2.370430461078689
2.1324373408045867
2.1868085945630504
2.049452072789394
1.9877733714879842
1.8638263900908156
2.0403733936884962
1.8423709931771084
1.789929075309999
1.9508257945180885
2.1280852788913944
1.8676338909712125
1.896240625180289
2.2841591278514217
2.0403733936884962
1.8423709931771084
2.482330892038569
2.406666316740689
1.971747257128181
1.867633890971212
2.1967916319816365
2.063202513215852
2.145136370153053
1.9160563421790617
2.1920058354921066
1.823067982273661
1.9508257945180885
2.119973094021975
1.9508257945180885
2.181969136867016
2.130926080730337
1.8676338909712125
2.2877837199410704
2.217021885879718
1.8676338909712125
2.081706277574314
2.221251836004466
2.1151729020169796
2.60845859334435
2.054585169337799
1.971747257128181
2.202819531114783
2.6040301730294657
2.161978179679554
2.544980210111367
2.146465798504072
2.6393535955425893
2.251629167387823
2.2841591278514217
2.0349409139562287
1.8676338909712125
1.8423709931771084
1.8580967432109272
2.6415419333359274
2.1735572622751858
1.8423709931771084
1.971747257128181
2.130926080730337
2.2841591278514217
2.422579761842491
2.390863696857044
2.271782221599798
1.9328226990417587
2.0403733936884962
2.288019280279689
2.10845859334435
2.1464657985040723
2.521782221599798
1.971747257128181
2.049452072789394
1.867633890971212
1.9182958340544896
1.789929075309999
2.0
1.9528195311147831
2.345851989338261
1.789929075309999
1.7924812503605778
1.9852281360342516
2.075869296697727
2.33012496531497
1.971747257128181
1.867633890971212
2.1824562508413488
1.8676338909712125
1.950212064914747
2.1556390622295662
1.789929075309999
1.7924812503605778
1.9591479170272446
2.054585169337799
2.5580510765444573
2.0403733936884962
1.823067982273661
2.0141467614227277
1.9182958340544893
2.0403733936884962
2.0349409139562287
2.507717469130148
2.33012496531497
2.0048861640918427
2.0545851693377997
2.2516291673878226
1.7924812503605778
2.146465798504072
2.292481250360578
2.0403733936884962
2.3050365325772657
1.789929075309999
2.199687794731328
2.292481250360578
2.353533948577482
2.6329557188672723
1.8423709931771084
2.1397218324096134
2.004886164091843
2.2877837199410704
1.8423709931771084
1.4591479170272448
1.8423709931771084
1.8423709931771086
1.9182958340544893
2.0403733936884962
2.1179631753145163
2.219633122975817
1.971747257128181
1.789929075309999
2.0403733936884962
2.646782221599798
1.8423709931771084
1.971747257128181
2.359879028736861
2.374556048381884
2.263809173883546
2.221251836004466
1.896240625180289
1.971747257128181
2.199687794731328
1.9591479170272446
1.8262452584026092
2.1677127727636605
1.971747257128181
1.8262452584026092
2.077819531114783
2.25
2.5073801024236357
2.049452072789394
1.867633890971212
1.971747257128181
2.049452072789394
1.789929075309999
1.9591479170272446
2.199687794731328
2.054585169337799
2.224601752714581
2.0
2.0874628412503395
1.8879185026711327
1.8918521728839344
2.1464657985040723
2.343257873344267
2.0403733936884962
2.08746284125034
2.0403733936884962
2.292481250360578
1.789929075309999
2.6416041678685938
1.9182958340544893
2.0349409139562287
1.823067982273661
2.3050365325772657
1.823067982273661
2.004886164091843
1.965596230357602
2.0357671321929427
2.0048861640918427
2.0132790219068077
2.0191534613250357
2.1054105870684143
2.1920058354921066
1.971747257128181
2.2627834289765825
2.0989295636909353
2.148834854280917
2.004886164091843
2.004886164091843
2.3313248312005417
1.823067982273661
1.965596230357602
2.339572261986723
1.7841591278514217
1.823067982273661
2.2627834289765825
2.2256051990169436
2.2569089895583545
1.9591479170272446
2.089902458185835
1.8676338909712125
2.1416195253341384
2.077235445408308
1.7841591278514217
1.9591479170272446
1.9248240667373948
2.2539448552779087
2.0403733936884962
2.1416195253341384
2.2841591278514217
2.125814583693911
2.0874628412503395
1.8262452584026092
1.4642213376805047
2.179350202453772
1.8496017527145814
2.075074223172834
1.971747257128181
2.4961268547517808
2.049452072789394
2.054585169337799
1.8804563734806237
1.789929075309999
2.1280852788913944
2.1280852788913944
2.356492413796824
2.130926080730337
2.292481250360578
1.971747257128181
1.7924812503605778
2.1280852788913944
1.9272420947408824
1.8501915361875243
2.004886164091843
2.1556390622295662
2.221251836004466
2.049452072789394
2.374556048381884
2.2485731395538666
2.004886164091843
2.3959988705348416
2.146782221599798
1.8676338909712125
2.469240782172285
2.5967916319816364
2.2608203181716595
1.9508257945180885
2.2841591278514217
1.971747257128181
2.1800365325772657
2.0461796919474975
2.785554632098879
1.789929075309999
1.75
1.811278124459133
2.049452072789394
2.403677461028802
1.867633890971212
2.199687794731328
1.855388542207534
2.1280852788913944
2.004886164091843
1.867633890971212
2.049452072789394
2.1280852788913944
1.584962500721156
2.0403733936884962
1.7924812503605778
2.125814583693911
1.9182958340544893
2.0048861640918427
2.8441065448145384
1.867633890971212
2.0403733936884962
1.971747257128181
2.0403733936884962
1.8676338909712125
2.263809173883546
2.049452072789394
2.353533948577482
2.2479275134435857
2.2856946147259993
2.317121392085726
1.9814963295286754
1.8944992041714883
2.049452072789394
2.125
1.9591479170272446
2.247224320061398
2.1258145836939115
1.789929075309999
1.971747257128181
2.503258334775645
2.0403733936884962
1.7924812503605778
2.054585169337799
2.353533948577482
1.823067982273661
1.9015064025015063
2.038159681645953
2.004886164091843
2.287783719941071
2.2877837199410704
2.0403733936884962
2.251629167387823
1.780672129520887
2.0102313415770166
2.282333356476598
2.319240704636849
2.2109736165067546
2.049452072789394
2.289246428509158
2.2841591278514217
2.004886164091843
2.33012496531497
2.004886164091843
2.054585169337799
2.375
2.1339375660949167
1.896240625180289
2.4176188726560586
1.9746017527145814
2.353533948577482
2.0403733936884962
2.4973419908730565
2.1735572622751858
2.2841591278514217
1.5709505944546687
2.2841591278514217
2.0403733936884962
2.1280852788913944
2.0403733936884962
2.2569089895583545
2.098579861712074
2.0048861640918427
1.9508257945180885
2.0662478973127314
2.3208020839342964
1.9898980954642875
2.406666316740689
2.647210311338979
2.4137995646056805
1.9182958340544893
2.260820318171659
2.0403733936884962
2.054585169337799
1.971747257128181
2.394417895046441
1.7924812503605778
2.224601752714581
2.125814583693911
2.054585169337799
2.4056390622295662
2.125814583693911
1.789929075309999
1.971747257128181
2.323219672335508
2.022058381216564
2.1837548319239213
1.896240625180289
1.7924812503605778
1.971747257128181
1.9591479170272446
1.9242299136001455
2.521782221599798
2.0
2.054585169337799
2.1684656711105887
1.9842010098207166
2.004886164091843
1.789929075309999
1.896240625180289
2.0387607528626854
2.1339375660949167
2.208196592277087
2.054585169337799
2.2877837199410704
2.251629167387823
1.7841591278514217
2.5566567074628237
1.8423709931771084
1.950212064914747
2.163209593736385
1.7924812503605778
2.1280852788913944
1.8676338909712125
1.914341183612352
2.1800365325772657
2.3627402784989338
2.359879028736861
2.6756981353679867
2.3220847276178658
2.106048095418327
2.0524212838293647
2.263809173883546
1.6390462452673502
1.93012496531497
2.077819531114783
1.9211854965885542
2.406666316740689
2.1920058354921066
1.6691803368667308
2.0741647430225756
2.1405180562767114
2.004886164091843
2.292481250360578
2.3220847276178658
2.360964047443681
2.004886164091843
1.811278124459133
1.9508257945180885
2.084962500721156
1.8676338909712125
1.8423709931771084
2.383716451214008
1.8676338909712125
1.8676338909712125
2.353533948577482
2.255646899398185
2.130926080730337
2.1258145836939115
2.292481250360578
1.971747257128181
2.289246428509158
2.2877837199410704
2.1735572622751853
2.2737288290053255
1.836591668108979
1.9473387961875537
1.8676338909712125
2.349601752714581
1.971747257128181
2.260820318171659
2.251629167387823
2.163890986728065
2.30827083453526
1.971747257128181
2.4584538292330587
1.823067982273661
1.896240625180289
1.9993073294931032
2.2892464285091583
2.359879028736861
2.199687794731328
1.9237949406953985
2.0403733936884962
1.7924812503605778
2.260820318171659
2.004886164091843
2.038159681645953
2.463458298648303
2.217021885879718
2.23345859334435
2.1280852788913944
2.0202442071537563
2.4634582986483036
1.7924812503605778
1.9182958340544896
2.0349409139562287
1.7924812503605778
1.7924812503605778
2.0741647430225756
2.019973094021975
1.8474201200521745
2.021782221599798
2.2841591278514217
2.2125038423722683
2.263809173883546
2.061278124459133
2.0403733936884962
2.6337314206421327
2.0609640474436812
2.353533948577482
2.3355055565170972
2.049452072789394
2.248529327128576
2.0403733936884962
2.08746284125034
2.004886164091843
2.1179631753145163
2.1824562508413488
1.896240625180289
1.968873874720721
2.0403733936884962
2.217021885879718
2.219240704636849
1.971747257128181
1.896240625180289
2.196791631981637
1.9591479170272446
2.395461844238322
1.7924812503605778
2.1280852788913944
2.275836163305127
1.4591479170272448
1.971747257128181
