sp|A0A0B7P3V8|YP41B_YEAST	SINGLE	1	376	383	5	7.464e-06	{Q}
sp|A0A0B7P3V8|YP41B_YEAST	SINGLE	2	385	409	9	9.680e-06	{K}
sp|A0A0B7P3V8|YP41B_YEAST	SINGLE	3	182	219	10	9.735e-06	{I}
sp|A0A0B7P3V8|YP41B_YEAST	MULTIPLE	1	491	523	14	3.814e-06	{KI}
sp|A0A0B7P3V8|YP41B_YEAST	WHOLE	1	1	1104	99	8.019e-12	{N}
sp|A0A0B7P3V8|YP41B_YEAST	WHOLE	2	1	1104	103	4.773e-10	{I}
sp|A0A0B7P3V8|YP41B_YEAST	WHOLE	3	1	1104	106	2.671e-06	{K}
sp|O13329|FOB1_YEAST	SINGLE	1	419	440	10	8.431e-09	{N}
sp|O13329|FOB1_YEAST	SINGLE	2	348	364	7	6.888e-06	{R}
sp|O13329|FOB1_YEAST	MULTIPLE	1	150	183	9	9.800e-06	{HM}
sp|O13516|RS9A_YEAST	MULTIPLE	1	167	194	15	2.148e-07	{AR}
sp|O13527|YA11B_YEAST	SINGLE	1	573	594	9	2.822e-07	{P}
sp|O13527|YA11B_YEAST	WHOLE	1	1	1196	99	2.664e-07	{I}
sp|O13535|YH11B_YEAST	SINGLE	1	107	146	12	1.575e-07	{P}
sp|O13535|YH11B_YEAST	SINGLE	2	1170	1179	6	1.799e-06	{P}
sp|O13535|YH11B_YEAST	SINGLE	3	72	86	7	2.126e-06	{P}
sp|O13535|YH11B_YEAST	MULTIPLE	1	107	160	24	1.971e-09	{PS}
sp|O13535|YH11B_YEAST	MULTIPLE	2	72	98	14	1.347e-08	{PQ}
sp|O13535|YH11B_YEAST	MULTIPLE	3	429	458	15	2.066e-07	{SN}
sp|O13535|YH11B_YEAST	WHOLE	1	1	1793	129	9.605e-09	{N}
sp|O13535|YH11B_YEAST	WHOLE	2	1	1793	181	1.436e-06	{S}
sp|O13535|YH11B_YEAST	WHOLE	3	1	1793	130	4.319e-06	{I}
sp|O13547|CCW14_YEAST	SINGLE	1	81	202	68	6.635e-45	{S}
sp|O13547|CCW14_YEAST	WHOLE	1	1	238	84	7.994e-36	{S}
sp|O94742|SEM1_YEAST	MULTIPLE	1	18	36	11	3.480e-06	{KE}
sp|P00127|QCR6_YEAST	SINGLE	1	26	103	29	2.935e-15	{E}
sp|P00127|QCR6_YEAST	SINGLE	2	49	67	13	9.341e-13	{D}
sp|P00127|QCR6_YEAST	MULTIPLE	1	41	73	30	1.023e-24	{ED}
sp|P00127|QCR6_YEAST	WHOLE	1	1	147	36	2.789e-12	{E}
sp|P00163|CYB_YEAST	SINGLE	1	324	333	7	1.487e-08	{F}
sp|P00163|CYB_YEAST	SINGLE	2	91	97	4	7.399e-06	{M}
sp|P00163|CYB_YEAST	MULTIPLE	1	88	97	8	7.509e-09	{MF}
sp|P00163|CYB_YEAST	MULTIPLE	2	193	204	6	4.858e-06	{MH}
sp|P00163|CYB_YEAST	WHOLE	1	1	385	36	1.111e-06	{F}
sp|P00163|CYB_YEAST	WHOLE	2	1	385	40	5.424e-06	{I}
sp|P00331|ADH2_YEAST	MULTIPLE	1	170	206	18	7.014e-07	{GA}
sp|P00401|COX1_YEAST	SINGLE	1	478	507	9	2.912e-06	{N}
sp|P00401|COX1_YEAST	SINGLE	2	195	212	9	9.630e-06	{L}
sp|P00401|COX1_YEAST	WHOLE	1	1	534	44	2.309e-06	{F}
sp|P00431|CCPR_YEAST	SINGLE	1	25	33	9	1.119e-10	{A}
sp|P00431|CCPR_YEAST	SINGLE	2	262	287	8	8.418e-06	{N}
sp|P00729|CBPY_YEAST	SINGLE	1	7	59	17	2.425e-06	{L}
sp|P00830|ATPB_YEAST	SINGLE	1	183	195	7	6.403e-06	{G}
sp|P00854|ATP6_YEAST	MULTIPLE	1	96	135	16	9.481e-08	{IF}
sp|P00854|ATP6_YEAST	MULTIPLE	2	225	246	9	8.855e-06	{MI}
sp|P00854|ATP6_YEAST	WHOLE	1	1	259	34	1.638e-07	{I}
sp|P00854|ATP6_YEAST	WHOLE	2	1	259	46	6.760e-06	{L}
sp|P00924|ENO1_YEAST	SINGLE	1	117	124	6	5.523e-06	{A}
sp|P00925|ENO2_YEAST	SINGLE	1	117	124	7	1.342e-07	{A}
sp|P00925|ENO2_YEAST	SINGLE	2	64	71	5	7.298e-06	{N}
sp|P00927|THDH_YEAST	MULTIPLE	1	25	55	15	3.024e-07	{HL}
sp|P00950|PMG1_YEAST	SINGLE	1	233	242	8	5.455e-08	{A}
sp|P00958|SYMC_YEAST	MULTIPLE	1	337	353	8	8.605e-06	{CD}
sp|P01119|RAS1_YEAST	SINGLE	1	245	280	14	1.099e-10	{N}
sp|P01119|RAS1_YEAST	SINGLE	2	17	22	5	7.177e-06	{G}
sp|P01119|RAS1_YEAST	WHOLE	1	1	309	32	3.460e-06	{N}
sp|P01120|RAS2_YEAST	SINGLE	1	258	284	9	1.089e-06	{N}
sp|P01120|RAS2_YEAST	SINGLE	2	17	22	5	7.177e-06	{G}
sp|P01120|RAS2_YEAST	WHOLE	1	1	322	32	7.841e-06	{N}
sp|P02293|H2B1_YEAST	SINGLE	1	4	50	14	4.934e-07	{K}
sp|P02293|H2B1_YEAST	MULTIPLE	1	3	38	20	5.612e-09	{KA}
sp|P02294|H2B2_YEAST	SINGLE	1	7	50	13	1.378e-06	{K}
sp|P02294|H2B2_YEAST	MULTIPLE	1	4	38	18	1.524e-07	{KA}
sp|P02309|H4_YEAST	SINGLE	1	3	15	8	3.410e-07	{G}
sp|P02400|RLA4_YEAST	SINGLE	1	71	88	11	1.236e-08	{A}
sp|P02400|RLA4_YEAST	SINGLE	2	89	99	8	4.298e-08	{E}
sp|P02400|RLA4_YEAST	MULTIPLE	1	69	88	17	3.812e-12	{AG}
sp|P02400|RLA4_YEAST	WHOLE	1	1	110	23	8.891e-06	{A}
sp|P02406|RL28_YEAST	SINGLE	1	11	49	8	1.585e-06	{H}
sp|P02406|RL28_YEAST	MULTIPLE	1	11	41	16	9.925e-10	{HG}
sp|P02557|TBB_YEAST	SINGLE	1	140	148	6	5.807e-06	{G}
sp|P02829|HSP82_YEAST	SINGLE	1	212	269	22	3.830e-12	{E}
sp|P02829|HSP82_YEAST	SINGLE	2	224	261	15	2.613e-09	{K}
sp|P02829|HSP82_YEAST	SINGLE	3	529	548	10	1.270e-07	{E}
sp|P02829|HSP82_YEAST	SINGLE	4	680	707	10	5.270e-06	{E}
sp|P02829|HSP82_YEAST	SINGLE	5	601	609	6	9.427e-06	{S}
sp|P02829|HSP82_YEAST	MULTIPLE	1	211	269	45	4.421e-22	{EKD}
sp|P02829|HSP82_YEAST	MULTIPLE	2	586	609	11	3.466e-06	{SM}
sp|P02829|HSP82_YEAST	WHOLE	1	1	709	95	1.742e-11	{E}
sp|P02829|HSP82_YEAST	WHOLE	2	1	709	77	7.496e-07	{K}
sp|P02994|EF1A_YEAST	MULTIPLE	1	441	458	13	3.255e-08	{KA}
sp|P03873|MBI2_YEAST	SINGLE	1	139	200	16	2.580e-13	{M}
sp|P03873|MBI2_YEAST	SINGLE	2	195	221	10	8.824e-08	{N}
sp|P03873|MBI2_YEAST	SINGLE	3	91	97	4	7.399e-06	{M}
sp|P03873|MBI2_YEAST	MULTIPLE	1	139	221	33	3.320e-18	{MN}
sp|P03873|MBI2_YEAST	MULTIPLE	2	88	97	8	7.509e-09	{MF}
sp|P03873|MBI2_YEAST	WHOLE	1	1	423	34	1.042e-10	{M}
sp|P03873|MBI2_YEAST	WHOLE	2	1	423	36	3.999e-06	{Y}
sp|P03873|MBI2_YEAST	WHOLE	3	1	423	42	9.516e-06	{I}
sp|P03877|SCE3_YEAST	SINGLE	1	280	324	13	3.157e-08	{N}
sp|P03877|SCE3_YEAST	SINGLE	2	88	92	5	1.487e-07	{N}
sp|P03877|SCE3_YEAST	WHOLE	1	1	415	53	2.090e-12	{N}
sp|P03878|SCE2_YEAST	SINGLE	1	195	212	9	9.630e-06	{L}
sp|P03878|SCE2_YEAST	MULTIPLE	1	283	299	9	2.903e-07	{MN}
sp|P03878|SCE2_YEAST	WHOLE	1	1	556	30	5.069e-06	{M}
sp|P03879|MBI4_YEAST	SINGLE	1	295	357	15	4.848e-08	{N}
sp|P03879|MBI4_YEAST	SINGLE	2	91	97	4	7.399e-06	{M}
sp|P03879|MBI4_YEAST	MULTIPLE	1	88	97	8	7.509e-09	{MF}
sp|P03879|MBI4_YEAST	MULTIPLE	2	193	204	6	4.858e-06	{MH}
sp|P03879|MBI4_YEAST	WHOLE	1	1	638	62	2.448e-09	{N}
sp|P03879|MBI4_YEAST	WHOLE	2	1	638	57	7.724e-06	{I}
sp|P04050|RPB1_YEAST	SINGLE	1	1538	1718	72	6.966e-35	{S}
sp|P04050|RPB1_YEAST	SINGLE	2	1530	1719	54	2.388e-27	{P}
sp|P04050|RPB1_YEAST	SINGLE	3	240	248	6	7.549e-07	{P}
sp|P04050|RPB1_YEAST	SINGLE	4	103	110	4	4.301e-06	{C}
sp|P04050|RPB1_YEAST	MULTIPLE	1	1530	1719	127	1.783e-70	{SP}
sp|P04050|RPB1_YEAST	WHOLE	1	1	1733	124	1.116e-06	{P}
sp|P04051|RPC1_YEAST	MULTIPLE	1	67	92	8	3.255e-06	{HC}
sp|P04147|PABP_YEAST	SINGLE	1	422	431	9	1.031e-09	{A}
sp|P04147|PABP_YEAST	SINGLE	2	434	491	16	5.491e-09	{P}
sp|P04147|PABP_YEAST	SINGLE	3	406	421	7	2.192e-06	{Q}
sp|P04147|PABP_YEAST	MULTIPLE	1	433	486	23	2.001e-13	{PM}
sp|P04147|PABP_YEAST	MULTIPLE	2	547	576	13	4.811e-06	{QE}
sp|P04386|GAL4_YEAST	SINGLE	1	749	754	5	8.737e-07	{Q}
sp|P04386|GAL4_YEAST	SINGLE	2	17	33	8	2.913e-06	{K}
sp|P04386|GAL4_YEAST	SINGLE	3	11	38	6	4.432e-06	{C}
sp|P04386|GAL4_YEAST	MULTIPLE	1	11	33	13	1.947e-09	{KC}
sp|P04386|GAL4_YEAST	MULTIPLE	2	769	793	12	5.786e-06	{NS}
sp|P04386|GAL4_YEAST	WHOLE	1	1	881	100	2.523e-06	{S}
sp|P04449|RL24A_YEAST	SINGLE	1	97	140	14	2.010e-07	{K}
sp|P04449|RL24A_YEAST	MULTIPLE	1	108	131	17	3.756e-10	{KA}
sp|P04449|RL24A_YEAST	WHOLE	1	1	155	30	1.770e-08	{K}
sp|P04456|RL25_YEAST	MULTIPLE	1	2	25	14	4.909e-07	{KA}
sp|P04710|ADT1_YEAST	MULTIPLE	1	241	248	6	2.778e-06	{MR}
sp|P04786|TOP1_YEAST	SINGLE	1	105	139	18	6.209e-13	{E}
sp|P04786|TOP1_YEAST	SINGLE	2	55	136	26	1.713e-12	{K}
sp|P04786|TOP1_YEAST	SINGLE	3	16	20	5	5.313e-07	{D}
sp|P04786|TOP1_YEAST	SINGLE	4	646	680	12	1.012e-06	{E}
sp|P04786|TOP1_YEAST	SINGLE	5	156	179	8	7.741e-06	{P}
sp|P04786|TOP1_YEAST	MULTIPLE	1	55	139	46	7.026e-20	{EK}
sp|P04786|TOP1_YEAST	WHOLE	1	1	769	108	1.787e-15	{K}
sp|P04786|TOP1_YEAST	WHOLE	2	1	769	84	1.415e-06	{E}
sp|P04802|SYDC_YEAST	SINGLE	1	27	47	9	1.797e-06	{K}
sp|P04802|SYDC_YEAST	MULTIPLE	1	31	64	18	1.808e-08	{KE}
sp|P04817|CAN1_YEAST	SINGLE	1	508	512	5	2.912e-07	{I}
sp|P04817|CAN1_YEAST	WHOLE	1	1	590	50	2.410e-07	{F}
sp|P04817|CAN1_YEAST	WHOLE	2	1	590	57	7.975e-07	{I}
sp|P04819|DNLI1_YEAST	SINGLE	1	98	123	11	6.882e-07	{S}
sp|P04819|DNLI1_YEAST	MULTIPLE	1	98	124	14	3.026e-07	{SQ}
sp|P04821|CDC25_YEAST	SINGLE	1	12	56	19	6.965e-11	{S}
sp|P04821|CDC25_YEAST	SINGLE	2	393	412	11	1.077e-10	{N}
sp|P04821|CDC25_YEAST	SINGLE	3	142	191	18	4.565e-09	{S}
sp|P04821|CDC25_YEAST	SINGLE	4	1281	1291	8	9.627e-08	{S}
sp|P04821|CDC25_YEAST	SINGLE	5	740	785	15	3.721e-07	{S}
sp|P04821|CDC25_YEAST	SINGLE	6	241	252	6	4.547e-06	{N}
sp|P04821|CDC25_YEAST	SINGLE	7	183	223	10	6.328e-06	{N}
sp|P04821|CDC25_YEAST	SINGLE	8	1062	1088	9	8.500e-06	{D}
sp|P04821|CDC25_YEAST	SINGLE	9	270	299	9	8.515e-06	{I}
sp|P04821|CDC25_YEAST	MULTIPLE	1	21	52	23	6.547e-14	{ST}
sp|P04821|CDC25_YEAST	MULTIPLE	2	142	243	45	1.079e-16	{SN}
sp|P04821|CDC25_YEAST	MULTIPLE	3	511	536	12	6.567e-06	{KI}
sp|P04821|CDC25_YEAST	WHOLE	1	1	1589	213	2.442e-18	{S}
sp|P04821|CDC25_YEAST	WHOLE	2	1	1589	136	4.955e-14	{N}
sp|P05030|PMA1_YEAST	SINGLE	1	5	17	11	1.838e-11	{S}
sp|P05030|PMA1_YEAST	SINGLE	2	31	64	12	1.360e-07	{D}
sp|P05030|PMA1_YEAST	SINGLE	3	844	861	5	5.176e-06	{W}
sp|P05030|PMA1_YEAST	SINGLE	4	415	444	10	6.818e-06	{K}
sp|P05030|PMA1_YEAST	SINGLE	5	585	590	5	7.177e-06	{G}
sp|P05030|PMA1_YEAST	MULTIPLE	1	844	861	9	3.018e-06	{WV}
sp|P05317|RLA0_YEAST	SINGLE	1	274	296	14	1.299e-10	{A}
sp|P05317|RLA0_YEAST	SINGLE	2	292	301	7	4.808e-07	{E}
sp|P05317|RLA0_YEAST	MULTIPLE	1	274	301	21	7.769e-13	{AE}
sp|P05318|RLA1_YEAST	SINGLE	1	79	95	10	1.636e-08	{E}
sp|P05318|RLA1_YEAST	SINGLE	2	63	85	10	3.473e-06	{A}
sp|P05318|RLA1_YEAST	MULTIPLE	1	63	95	28	7.398e-15	{EAG}
sp|P05319|RLA2_YEAST	SINGLE	1	62	84	13	2.138e-09	{A}
sp|P05319|RLA2_YEAST	SINGLE	2	85	95	8	4.298e-08	{E}
sp|P05374|CHO2_YEAST	SINGLE	1	69	94	8	4.163e-06	{F}
sp|P05374|CHO2_YEAST	MULTIPLE	1	136	153	14	6.787e-09	{NSF}
sp|P05453|ERF3_YEAST	SINGLE	1	6	95	30	5.879e-19	{Q}
sp|P05453|ERF3_YEAST	SINGLE	2	167	216	17	7.073e-09	{E}
sp|P05453|ERF3_YEAST	SINGLE	3	29	82	14	8.175e-09	{Y}
sp|P05453|ERF3_YEAST	SINGLE	4	131	198	19	1.572e-08	{K}
sp|P05453|ERF3_YEAST	SINGLE	5	111	135	9	5.383e-07	{Q}
sp|P05453|ERF3_YEAST	SINGLE	6	100	109	6	1.129e-06	{N}
sp|P05453|ERF3_YEAST	SINGLE	7	5	27	8	3.015e-06	{N}
sp|P05453|ERF3_YEAST	MULTIPLE	1	5	101	81	1.215e-42	{QYNG}
sp|P05453|ERF3_YEAST	MULTIPLE	2	131	222	41	4.024e-14	{EK}
sp|P05453|ERF3_YEAST	MULTIPLE	3	604	641	13	5.949e-06	{KH}
sp|P05739|RL6B_YEAST	SINGLE	1	108	117	6	9.064e-06	{K}
sp|P05748|RL15A_YEAST	SINGLE	1	20	73	15	2.046e-08	{R}
sp|P05748|RL15A_YEAST	WHOLE	1	1	204	33	7.872e-10	{R}
sp|P05755|RS9B_YEAST	MULTIPLE	1	167	195	21	6.471e-10	{EAR}
sp|P05759|RS31_YEAST	SINGLE	1	78	99	12	1.061e-09	{K}
sp|P05759|RS31_YEAST	WHOLE	1	1	152	25	5.066e-06	{K}
sp|P06101|CDC37_YEAST	WHOLE	1	1	506	62	1.616e-07	{K}
sp|P06102|NOT3_YEAST	SINGLE	1	475	488	10	6.335e-09	{A}
sp|P06102|NOT3_YEAST	SINGLE	2	423	440	9	3.699e-07	{T}
sp|P06102|NOT3_YEAST	SINGLE	3	570	577	6	1.846e-06	{E}
sp|P06102|NOT3_YEAST	SINGLE	4	281	300	9	7.656e-06	{A}
sp|P06102|NOT3_YEAST	MULTIPLE	1	418	442	17	5.012e-10	{TS}
sp|P06102|NOT3_YEAST	MULTIPLE	2	268	296	16	2.122e-07	{AK}
sp|P06102|NOT3_YEAST	MULTIPLE	3	801	831	12	4.386e-06	{NQ}
sp|P06102|NOT3_YEAST	MULTIPLE	4	364	387	11	1.145e-06	{TH}
sp|P06103|EIF3B_YEAST	SINGLE	1	748	763	8	2.395e-06	{E}
sp|P06104|UBC2_YEAST	SINGLE	1	151	169	17	7.072e-20	{D}
sp|P06104|UBC2_YEAST	WHOLE	1	1	172	28	2.429e-07	{D}
sp|P06105|SC160_YEAST	MULTIPLE	1	73	94	13	1.496e-07	{SP}
sp|P06105|SC160_YEAST	WHOLE	1	1	1222	120	2.473e-07	{K}
sp|P06105|SC160_YEAST	WHOLE	2	1	1222	99	6.527e-07	{I}
sp|P06105|SC160_YEAST	WHOLE	3	1	1222	120	2.449e-06	{E}
sp|P06115|CATT_YEAST	SINGLE	1	471	475	4	9.720e-06	{Y}
sp|P06244|KAPA_YEAST	SINGLE	1	20	53	11	5.336e-06	{E}
sp|P06245|KAPB_YEAST	SINGLE	1	9	56	20	2.601e-15	{Q}
sp|P06634|DED1_YEAST	SINGLE	1	45	86	19	3.747e-12	{G}
sp|P06634|DED1_YEAST	SINGLE	2	10	81	19	1.294e-10	{N}
sp|P06634|DED1_YEAST	SINGLE	3	546	597	16	1.222e-07	{G}
sp|P06634|DED1_YEAST	SINGLE	4	569	602	13	2.743e-07	{S}
sp|P06634|DED1_YEAST	SINGLE	5	441	460	9	7.656e-06	{A}
sp|P06634|DED1_YEAST	MULTIPLE	1	14	86	39	4.798e-19	{GN}
sp|P06634|DED1_YEAST	MULTIPLE	2	560	598	25	6.328e-13	{GS}
sp|P06634|DED1_YEAST	MULTIPLE	3	540	557	10	7.942e-07	{RN}
sp|P06634|DED1_YEAST	WHOLE	1	1	604	69	4.386e-06	{G}
sp|P06701|SIR3_YEAST	SINGLE	1	268	309	14	6.673e-07	{S}
sp|P06701|SIR3_YEAST	SINGLE	2	28	34	5	4.800e-06	{R}
sp|P06701|SIR3_YEAST	MULTIPLE	1	757	794	17	9.802e-09	{NI}
sp|P06701|SIR3_YEAST	MULTIPLE	2	375	388	10	1.302e-06	{SE}
sp|P06701|SIR3_YEAST	MULTIPLE	3	307	352	20	6.678e-07	{ES}
sp|P06701|SIR3_YEAST	WHOLE	1	1	978	87	6.925e-08	{I}
sp|P06701|SIR3_YEAST	WHOLE	2	1	978	95	5.091e-06	{K}
sp|P06774|HAP2_YEAST	SINGLE	1	120	133	14	8.144e-20	{Q}
sp|P06774|HAP2_YEAST	SINGLE	2	170	213	12	6.396e-07	{R}
sp|P06774|HAP2_YEAST	MULTIPLE	1	170	213	15	1.259e-07	{RH}
sp|P06774|HAP2_YEAST	MULTIPLE	2	86	109	12	3.463e-06	{QS}
sp|P06774|HAP2_YEAST	WHOLE	1	1	265	31	4.422e-07	{Q}
sp|P06778|RAD52_YEAST	SINGLE	1	247	278	13	5.685e-09	{D}
sp|P06778|RAD52_YEAST	MULTIPLE	1	418	448	16	1.457e-07	{PA}
sp|P06779|RAD7_YEAST	SINGLE	1	147	161	7	2.514e-06	{R}
sp|P06780|RHO1_YEAST	SINGLE	1	187	205	10	4.228e-08	{K}
sp|P06780|RHO1_YEAST	SINGLE	2	131	155	8	6.296e-06	{Q}
sp|P06782|SNF1_YEAST	SINGLE	1	18	32	14	8.034e-23	{H}
sp|P06782|SNF1_YEAST	SINGLE	2	4	15	6	4.547e-06	{N}
sp|P06784|STE7_YEAST	SINGLE	1	100	139	16	5.563e-09	{S}
sp|P06784|STE7_YEAST	SINGLE	2	468	508	12	3.855e-06	{K}
sp|P06786|TOP2_YEAST	SINGLE	1	1184	1249	22	2.775e-11	{K}
sp|P06786|TOP2_YEAST	SINGLE	2	333	338	6	5.571e-08	{K}
sp|P06786|TOP2_YEAST	SINGLE	3	1266	1272	6	9.125e-07	{S}
sp|P06786|TOP2_YEAST	SINGLE	4	1323	1348	10	1.555e-06	{K}
sp|P06786|TOP2_YEAST	MULTIPLE	1	1406	1416	8	5.021e-06	{ED}
sp|P06786|TOP2_YEAST	WHOLE	1	1	1428	159	6.040e-13	{K}
sp|P06786|TOP2_YEAST	WHOLE	2	1	1428	116	7.986e-08	{I}
sp|P06786|TOP2_YEAST	WHOLE	3	1	1428	133	9.474e-06	{E}
sp|P06838|RAD10_YEAST	MULTIPLE	1	42	64	11	9.156e-07	{QN}
sp|P06839|RAD3_YEAST	SINGLE	1	759	776	8	7.119e-06	{E}
sp|P06839|RAD3_YEAST	MULTIPLE	1	759	776	12	8.127e-08	{ED}
sp|P06843|SPT2_YEAST	SINGLE	1	228	246	10	1.559e-08	{D}
sp|P06843|SPT2_YEAST	SINGLE	2	278	324	16	1.901e-08	{E}
sp|P06843|SPT2_YEAST	MULTIPLE	1	272	330	43	1.947e-14	{EDKMR}
sp|P06843|SPT2_YEAST	WHOLE	1	1	333	50	4.623e-09	{K}
sp|P06844|SPT3_YEAST	SINGLE	1	158	166	6	2.090e-06	{D}
sp|P06844|SPT3_YEAST	SINGLE	2	99	129	11	2.336e-06	{G}
sp|P06844|SPT3_YEAST	SINGLE	3	254	271	7	5.580e-06	{Q}
sp|P06844|SPT3_YEAST	MULTIPLE	1	103	136	17	1.529e-07	{GK}
sp|P07143|CY1_YEAST	SINGLE	1	39	75	13	2.123e-06	{A}
sp|P07143|CY1_YEAST	MULTIPLE	1	39	78	16	5.149e-07	{AH}
sp|P07149|FAS1_YEAST	SINGLE	1	734	739	5	7.177e-06	{G}
sp|P07213|TOM70_YEAST	SINGLE	1	31	37	6	4.414e-08	{Q}
sp|P07213|TOM70_YEAST	SINGLE	2	40	64	9	9.680e-06	{K}
sp|P07213|TOM70_YEAST	SINGLE	3	25	29	4	9.720e-06	{Y}
sp|P07213|TOM70_YEAST	WHOLE	1	1	617	68	1.790e-06	{K}
sp|P07246|ADH3_YEAST	MULTIPLE	1	154	169	10	2.620e-06	{AQ}
sp|P07248|ADR1_YEAST	SINGLE	1	408	413	5	8.539e-07	{N}
sp|P07248|ADR1_YEAST	SINGLE	2	279	297	7	8.205e-06	{N}
sp|P07248|ADR1_YEAST	MULTIPLE	1	262	297	18	1.497e-07	{NL}
sp|P07248|ADR1_YEAST	MULTIPLE	2	961	984	11	2.967e-06	{IN}
sp|P07248|ADR1_YEAST	WHOLE	1	1	1323	120	2.916e-14	{N}
sp|P07248|ADR1_YEAST	WHOLE	2	1	1323	151	1.032e-08	{S}
sp|P07249|ARGR1_YEAST	SINGLE	1	59	79	9	1.846e-06	{T}
sp|P07249|ARGR1_YEAST	SINGLE	2	41	53	7	2.000e-06	{D}
sp|P07250|IPMK_YEAST	SINGLE	1	282	301	17	4.452e-19	{D}
sp|P07250|IPMK_YEAST	WHOLE	1	1	355	43	1.032e-06	{D}
sp|P07251|ATPA_YEAST	SINGLE	1	21	30	7	1.710e-06	{A}
sp|P07261|GCR1_YEAST	SINGLE	1	228	236	6	4.718e-07	{N}
sp|P07261|GCR1_YEAST	SINGLE	2	497	518	10	1.000e-06	{S}
sp|P07261|GCR1_YEAST	SINGLE	3	732	764	9	6.876e-06	{N}
sp|P07261|GCR1_YEAST	MULTIPLE	1	109	138	15	2.066e-07	{NS}
sp|P07261|GCR1_YEAST	MULTIPLE	2	412	449	16	2.167e-06	{PS}
sp|P07261|GCR1_YEAST	WHOLE	1	1	785	101	8.096e-09	{S}
sp|P07261|GCR1_YEAST	WHOLE	2	1	785	69	1.803e-08	{N}
sp|P07263|SYH_YEAST	SINGLE	1	24	45	11	1.977e-07	{A}
sp|P07264|LEUC_YEAST	MULTIPLE	1	197	214	10	6.979e-06	{GI}
sp|P07269|PHO2_YEAST	SINGLE	1	23	52	19	4.161e-19	{Q}
sp|P07269|PHO2_YEAST	SINGLE	2	294	333	15	4.399e-11	{N}
sp|P07269|PHO2_YEAST	SINGLE	3	470	527	17	1.983e-10	{N}
sp|P07269|PHO2_YEAST	SINGLE	4	289	332	13	4.277e-07	{D}
sp|P07269|PHO2_YEAST	MULTIPLE	1	289	333	28	1.307e-17	{ND}
sp|P07269|PHO2_YEAST	WHOLE	1	1	559	78	1.208e-19	{N}
sp|P07270|PHO4_YEAST	SINGLE	1	44	67	9	3.465e-07	{N}
sp|P07270|PHO4_YEAST	SINGLE	2	211	243	12	1.455e-06	{S}
sp|P07270|PHO4_YEAST	SINGLE	3	162	196	10	2.740e-06	{P}
sp|P07270|PHO4_YEAST	SINGLE	4	87	93	4	7.399e-06	{M}
sp|P07270|PHO4_YEAST	MULTIPLE	1	174	192	12	6.003e-08	{PK}
sp|P07270|PHO4_YEAST	MULTIPLE	2	75	93	9	4.115e-06	{MD}
sp|P07272|PPR1_YEAST	SINGLE	1	34	61	6	4.432e-06	{C}
sp|P07273|TFS2_YEAST	MULTIPLE	1	84	92	7	1.559e-07	{HQ}
sp|P07276|RAD2_YEAST	SINGLE	1	988	1030	13	1.035e-06	{K}
sp|P07276|RAD2_YEAST	MULTIPLE	1	642	672	15	6.384e-07	{ED}
sp|P07277|ERG12_YEAST	SINGLE	1	351	356	5	7.177e-06	{G}
sp|P07278|KAPR_YEAST	SINGLE	1	112	123	6	4.669e-06	{Q}
sp|P07278|KAPR_YEAST	SINGLE	2	68	84	8	9.053e-06	{S}
sp|P07284|SYSC_YEAST	SINGLE	1	54	104	16	3.483e-08	{K}
sp|P07284|SYSC_YEAST	SINGLE	2	456	461	5	5.074e-06	{K}
sp|P07284|SYSC_YEAST	MULTIPLE	1	48	104	25	4.904e-09	{KE}
sp|P07347|ARD1_YEAST	MULTIPLE	1	28	35	7	1.986e-08	{YM}
sp|P07347|ARD1_YEAST	MULTIPLE	2	3	27	11	4.808e-06	{IN}
sp|P07560|SEC4_YEAST	MULTIPLE	1	191	212	12	7.201e-06	{SG}
sp|P07834|CDC4_YEAST	SINGLE	1	205	209	5	1.487e-07	{N}
sp|P07834|CDC4_YEAST	SINGLE	2	758	769	8	2.680e-07	{S}
sp|P07866|LTE1_YEAST	SINGLE	1	346	367	10	1.000e-06	{S}
sp|P07866|LTE1_YEAST	SINGLE	2	428	432	5	1.160e-06	{E}
sp|P07866|LTE1_YEAST	SINGLE	3	642	667	10	6.090e-06	{S}
sp|P07866|LTE1_YEAST	MULTIPLE	1	349	367	14	4.572e-10	{SN}
sp|P07866|LTE1_YEAST	WHOLE	1	1	1435	191	2.399e-16	{S}
sp|P07866|LTE1_YEAST	WHOLE	2	1	1435	117	4.539e-11	{N}
sp|P08004|CHS1_YEAST	SINGLE	1	795	816	8	9.995e-07	{F}
sp|P08004|CHS1_YEAST	SINGLE	2	308	330	9	1.863e-06	{D}
sp|P08004|CHS1_YEAST	SINGLE	3	72	88	7	3.459e-06	{N}
sp|P08004|CHS1_YEAST	SINGLE	4	342	353	7	5.518e-06	{S}
sp|P08004|CHS1_YEAST	SINGLE	5	203	210	5	7.298e-06	{N}
sp|P08004|CHS1_YEAST	MULTIPLE	1	795	816	12	7.112e-07	{FS}
sp|P08004|CHS1_YEAST	MULTIPLE	2	166	176	8	2.328e-07	{NY}
sp|P08004|CHS1_YEAST	MULTIPLE	3	214	249	14	1.667e-06	{DY}
sp|P08004|CHS1_YEAST	WHOLE	1	1	1131	92	4.648e-09	{N}
sp|P08018|PBS2_YEAST	MULTIPLE	1	122	174	20	1.402e-07	{TN}
sp|P08018|PBS2_YEAST	MULTIPLE	2	301	316	16	1.387e-12	{SGN}
sp|P08018|PBS2_YEAST	MULTIPLE	3	280	312	18	2.353e-08	{ST}
sp|P08018|PBS2_YEAST	MULTIPLE	4	182	207	12	1.234e-06	{RP}
sp|P08018|PBS2_YEAST	MULTIPLE	5	66	89	12	3.463e-06	{SQ}
sp|P08018|PBS2_YEAST	WHOLE	1	1	668	79	5.663e-06	{S}
sp|P08067|UCRI_YEAST	MULTIPLE	1	157	182	11	2.499e-06	{CG}
sp|P08153|SWI5_YEAST	SINGLE	1	178	212	13	1.048e-09	{Q}
sp|P08153|SWI5_YEAST	WHOLE	1	1	709	63	4.728e-08	{N}
sp|P08153|SWI5_YEAST	WHOLE	2	1	709	83	5.109e-06	{S}
sp|P08425|SYFM_YEAST	SINGLE	1	278	300	6	8.558e-07	{W}
sp|P08425|SYFM_YEAST	MULTIPLE	1	256	275	10	9.841e-06	{KN}
sp|P08456|PSS_YEAST	MULTIPLE	1	235	261	13	1.105e-07	{IF}
sp|P08466|NUC1_YEAST	MULTIPLE	1	6	24	13	3.782e-07	{LG}
sp|P08518|RPB2_YEAST	SINGLE	1	674	718	14	4.993e-07	{E}
sp|P08518|RPB2_YEAST	SINGLE	2	276	301	9	2.276e-06	{I}
sp|P08566|ARO1_YEAST	SINGLE	1	340	372	11	2.388e-06	{K}
sp|P08566|ARO1_YEAST	MULTIPLE	1	14	32	9	2.052e-06	{HI}
sp|P08638|LEUR_YEAST	SINGLE	1	679	697	16	8.043e-17	{E}
sp|P08638|LEUR_YEAST	SINGLE	2	37	67	6	8.254e-06	{C}
sp|P08640|FLO11_YEAST	SINGLE	1	318	916	244	1.381e-116	{S}
sp|P08640|FLO11_YEAST	SINGLE	2	888	1208	128	2.960e-68	{T}
sp|P08640|FLO11_YEAST	SINGLE	3	208	349	51	9.814e-26	{T}
sp|P08640|FLO11_YEAST	SINGLE	4	210	255	25	4.051e-17	{S}
sp|P08640|FLO11_YEAST	SINGLE	5	1226	1305	26	9.710e-13	{T}
sp|P08640|FLO11_YEAST	SINGLE	6	397	451	15	7.073e-07	{T}
sp|P08640|FLO11_YEAST	SINGLE	7	763	812	12	2.122e-06	{P}
sp|P08640|FLO11_YEAST	SINGLE	8	1307	1342	12	4.099e-06	{S}
sp|P08640|FLO11_YEAST	MULTIPLE	1	208	1209	721	5.884e-304	{STP}
sp|P08640|FLO11_YEAST	MULTIPLE	2	394	451	22	5.595e-08	{TP}
sp|P08640|FLO11_YEAST	MULTIPLE	3	553	631	33	1.477e-12	{PT}
sp|P08640|FLO11_YEAST	MULTIPLE	4	637	700	26	6.640e-10	{PT}
sp|P08640|FLO11_YEAST	MULTIPLE	5	706	757	22	5.369e-09	{PT}
sp|P08640|FLO11_YEAST	MULTIPLE	6	355	388	14	4.481e-06	{TP}
sp|P08640|FLO11_YEAST	MULTIPLE	7	511	547	16	4.365e-07	{PT}
sp|P08640|FLO11_YEAST	WHOLE	1	1	1367	338	4.668e-107	{T}
sp|P08640|FLO11_YEAST	WHOLE	2	1	1367	347	1.865e-95	{S}
sp|P08640|FLO11_YEAST	WHOLE	3	1	1367	143	5.934e-19	{P}
sp|P08678|CYAA_YEAST	SINGLE	1	577	601	16	5.555e-13	{S}
sp|P08678|CYAA_YEAST	SINGLE	2	268	338	25	8.959e-12	{S}
sp|P08678|CYAA_YEAST	SINGLE	3	147	158	8	2.312e-11	{H}
sp|P08678|CYAA_YEAST	SINGLE	4	15	26	6	4.669e-06	{Q}
sp|P08678|CYAA_YEAST	MULTIPLE	1	1136	1166	15	3.542e-07	{SN}
sp|P08678|CYAA_YEAST	MULTIPLE	2	52	78	12	9.326e-06	{SY}
sp|P08678|CYAA_YEAST	MULTIPLE	3	1169	1201	12	5.575e-06	{NF}
sp|P08678|CYAA_YEAST	WHOLE	1	1	2026	241	1.589e-14	{S}
sp|P08678|CYAA_YEAST	WHOLE	2	1	2026	155	5.825e-12	{N}
sp|P08679|CISY2_YEAST	MULTIPLE	1	254	283	12	6.890e-06	{HS}
sp|P08964|MYO1_YEAST	SINGLE	1	1076	1110	11	4.532e-06	{K}
sp|P08964|MYO1_YEAST	MULTIPLE	1	1076	1110	17	1.392e-08	{KN}
sp|P08964|MYO1_YEAST	MULTIPLE	2	116	137	10	3.832e-07	{NH}
sp|P08964|MYO1_YEAST	WHOLE	1	1	1928	208	5.778e-15	{K}
sp|P08964|MYO1_YEAST	WHOLE	2	1	1928	151	1.995e-12	{N}
sp|P08964|MYO1_YEAST	WHOLE	3	1	1928	204	5.255e-12	{E}
sp|P09032|EI2BG_YEAST	SINGLE	1	318	330	9	2.888e-09	{D}
sp|P09032|EI2BG_YEAST	SINGLE	2	213	221	7	9.403e-09	{Q}
sp|P09032|EI2BG_YEAST	SINGLE	3	525	573	15	3.379e-08	{D}
sp|P09032|EI2BG_YEAST	SINGLE	4	526	571	13	4.095e-06	{E}
sp|P09032|EI2BG_YEAST	MULTIPLE	1	211	221	11	1.728e-11	{QK}
sp|P09032|EI2BG_YEAST	MULTIPLE	2	525	573	28	4.981e-14	{DE}
sp|P09064|IF2B_YEAST	SINGLE	1	16	102	25	4.926e-11	{K}
sp|P09064|IF2B_YEAST	WHOLE	1	1	285	40	7.697e-07	{K}
sp|P09119|CDC6_YEAST	SINGLE	1	474	483	6	9.064e-06	{K}
sp|P09232|PRTB_YEAST	SINGLE	1	117	154	16	2.474e-10	{K}
sp|P09232|PRTB_YEAST	SINGLE	2	111	116	5	3.011e-06	{D}
sp|P09232|PRTB_YEAST	MULTIPLE	1	117	158	23	1.382e-14	{KH}
sp|P09547|SWI1_YEAST	SINGLE	1	5	104	51	2.607e-42	{N}
sp|P09547|SWI1_YEAST	SINGLE	2	337	385	34	3.545e-35	{Q}
sp|P09547|SWI1_YEAST	SINGLE	3	134	323	54	5.240e-29	{N}
sp|P09547|SWI1_YEAST	SINGLE	4	1053	1107	20	5.288e-14	{N}
sp|P09547|SWI1_YEAST	SINGLE	5	15	22	8	2.183e-10	{T}
sp|P09547|SWI1_YEAST	SINGLE	6	575	586	8	4.942e-09	{N}
sp|P09547|SWI1_YEAST	SINGLE	7	1167	1188	10	8.431e-09	{N}
sp|P09547|SWI1_YEAST	SINGLE	8	509	524	8	1.116e-07	{Q}
sp|P09547|SWI1_YEAST	SINGLE	9	525	561	14	3.095e-07	{A}
sp|P09547|SWI1_YEAST	SINGLE	10	593	606	8	4.357e-07	{K}
sp|P09547|SWI1_YEAST	SINGLE	11	619	644	9	7.876e-07	{Q}
sp|P09547|SWI1_YEAST	SINGLE	12	530	536	5	2.860e-06	{N}
sp|P09547|SWI1_YEAST	SINGLE	13	212	228	8	9.053e-06	{S}
sp|P09547|SWI1_YEAST	SINGLE	14	1014	1022	6	9.427e-06	{S}
sp|P09547|SWI1_YEAST	MULTIPLE	1	138	323	87	4.732e-33	{NS}
sp|P09547|SWI1_YEAST	MULTIPLE	2	525	557	23	2.294e-11	{ANP}
sp|P09547|SWI1_YEAST	MULTIPLE	3	589	606	12	1.732e-08	{KQ}
sp|P09547|SWI1_YEAST	WHOLE	1	1	1314	214	6.271e-62	{N}
sp|P09547|SWI1_YEAST	WHOLE	2	1	1314	111	2.330e-11	{Q}
sp|P09620|KEX1_YEAST	SINGLE	1	545	578	23	2.089e-21	{D}
sp|P09620|KEX1_YEAST	SINGLE	2	597	611	10	2.889e-09	{E}
sp|P09620|KEX1_YEAST	SINGLE	3	523	541	10	6.792e-08	{E}
sp|P09620|KEX1_YEAST	SINGLE	4	703	711	7	1.091e-07	{K}
sp|P09620|KEX1_YEAST	SINGLE	5	506	512	5	9.952e-06	{D}
sp|P09620|KEX1_YEAST	WHOLE	1	1	729	85	1.004e-10	{D}
sp|P09624|DLDH_YEAST	MULTIPLE	1	209	220	9	5.610e-07	{IG}
sp|P09733|TBA1_YEAST	SINGLE	1	412	446	12	1.012e-06	{E}
sp|P09733|TBA1_YEAST	SINGLE	2	143	151	6	5.807e-06	{G}
sp|P09734|TBA3_YEAST	SINGLE	1	143	151	6	5.807e-06	{G}
sp|P09798|CDC16_YEAST	SINGLE	1	209	220	10	4.874e-11	{T}
sp|P09798|CDC16_YEAST	SINGLE	2	122	139	8	3.354e-07	{N}
sp|P09798|CDC16_YEAST	SINGLE	3	4	15	5	7.418e-07	{C}
sp|P09798|CDC16_YEAST	SINGLE	4	335	345	6	2.376e-06	{N}
sp|P09798|CDC16_YEAST	SINGLE	5	645	658	7	7.560e-06	{K}
sp|P09798|CDC16_YEAST	SINGLE	6	830	836	5	9.952e-06	{D}
sp|P09798|CDC16_YEAST	MULTIPLE	1	120	139	13	2.071e-08	{NS}
sp|P09798|CDC16_YEAST	MULTIPLE	2	177	197	16	7.190e-09	{NDA}
sp|P09798|CDC16_YEAST	WHOLE	1	1	840	78	2.216e-10	{N}
sp|P09880|TRNL_YEAST	SINGLE	1	706	721	7	2.126e-06	{N}
sp|P09880|TRNL_YEAST	MULTIPLE	1	738	781	13	2.512e-06	{CI}
sp|P09880|TRNL_YEAST	WHOLE	1	1	827	87	5.897e-07	{K}
sp|P09950|HEM1_YEAST	SINGLE	1	26	62	21	2.104e-14	{A}
sp|P09959|SWI6_YEAST	SINGLE	1	631	640	7	4.808e-07	{E}
sp|P09959|SWI6_YEAST	MULTIPLE	1	273	294	11	8.850e-06	{QS}
sp|P09959|SWI6_YEAST	MULTIPLE	2	97	116	10	9.198e-06	{EF}
sp|P09959|SWI6_YEAST	MULTIPLE	3	188	208	12	9.859e-08	{ND}
sp|P09959|SWI6_YEAST	WHOLE	1	1	803	71	9.167e-09	{N}
sp|P0C0T4|RS25B_YEAST	SINGLE	1	21	33	8	1.991e-07	{K}
sp|P0C0T4|RS25B_YEAST	SINGLE	2	10	18	7	5.567e-07	{A}
sp|P0C2I2|YD14B_YEAST	SINGLE	1	107	146	12	1.575e-07	{P}
sp|P0C2I2|YD14B_YEAST	SINGLE	2	1132	1153	9	2.822e-07	{P}
sp|P0C2I2|YD14B_YEAST	SINGLE	3	58	86	10	3.983e-07	{P}
sp|P0C2I2|YD14B_YEAST	MULTIPLE	1	107	160	24	1.971e-09	{PS}
sp|P0C2I2|YD14B_YEAST	MULTIPLE	2	72	88	11	2.206e-08	{PQ}
sp|P0C2I2|YD14B_YEAST	MULTIPLE	3	391	420	15	2.066e-07	{SN}
sp|P0C2I2|YD14B_YEAST	WHOLE	1	1	1755	130	1.619e-09	{N}
sp|P0C2I2|YD14B_YEAST	WHOLE	2	1	1755	177	1.894e-06	{S}
sp|P0C2I2|YD14B_YEAST	WHOLE	3	1	1755	129	2.506e-06	{I}
sp|P0C2I3|YD15B_YEAST	SINGLE	1	107	146	12	1.575e-07	{P}
sp|P0C2I3|YD15B_YEAST	SINGLE	2	1132	1153	9	2.822e-07	{P}
sp|P0C2I3|YD15B_YEAST	SINGLE	3	58	86	10	3.983e-07	{P}
sp|P0C2I3|YD15B_YEAST	MULTIPLE	1	107	160	24	1.971e-09	{PS}
sp|P0C2I3|YD15B_YEAST	MULTIPLE	2	72	88	11	2.206e-08	{PQ}
sp|P0C2I3|YD15B_YEAST	MULTIPLE	3	391	420	15	2.066e-07	{SN}
sp|P0C2I3|YD15B_YEAST	WHOLE	1	1	1755	128	4.977e-09	{N}
sp|P0C2I3|YD15B_YEAST	WHOLE	2	1	1755	178	1.279e-06	{S}
sp|P0C2I3|YD15B_YEAST	WHOLE	3	1	1755	127	5.720e-06	{I}
sp|P0C2I5|YL12B_YEAST	SINGLE	1	107	146	12	1.575e-07	{P}
sp|P0C2I5|YL12B_YEAST	SINGLE	2	1132	1153	9	2.822e-07	{P}
sp|P0C2I5|YL12B_YEAST	SINGLE	3	58	86	10	3.983e-07	{P}
sp|P0C2I5|YL12B_YEAST	MULTIPLE	1	107	160	24	1.971e-09	{PS}
sp|P0C2I5|YL12B_YEAST	MULTIPLE	2	72	88	11	2.206e-08	{PQ}
sp|P0C2I5|YL12B_YEAST	MULTIPLE	3	391	420	15	2.066e-07	{SN}
sp|P0C2I5|YL12B_YEAST	WHOLE	1	1	1755	128	4.977e-09	{N}
sp|P0C2I5|YL12B_YEAST	WHOLE	2	1	1755	178	1.279e-06	{S}
sp|P0C2I5|YL12B_YEAST	WHOLE	3	1	1755	129	2.506e-06	{I}
sp|P0C2I6|YL13B_YEAST	SINGLE	1	1132	1141	7	5.036e-08	{P}
sp|P0C2I6|YL13B_YEAST	SINGLE	2	107	146	12	1.575e-07	{P}
sp|P0C2I6|YL13B_YEAST	SINGLE	3	58	86	10	3.983e-07	{P}
sp|P0C2I6|YL13B_YEAST	MULTIPLE	1	107	160	24	1.971e-09	{PS}
sp|P0C2I6|YL13B_YEAST	MULTIPLE	2	72	88	11	2.206e-08	{PQ}
sp|P0C2I6|YL13B_YEAST	MULTIPLE	3	391	420	15	2.066e-07	{SN}
sp|P0C2I6|YL13B_YEAST	MULTIPLE	4	3	23	13	3.814e-07	{HSQ}
sp|P0C2I6|YL13B_YEAST	WHOLE	1	1	1755	129	2.881e-09	{N}
sp|P0C2I6|YL13B_YEAST	WHOLE	2	1	1755	178	1.279e-06	{S}
sp|P0C2I6|YL13B_YEAST	WHOLE	3	1	1755	129	2.506e-06	{I}
sp|P0C2I9|YP12B_YEAST	SINGLE	1	107	146	12	1.575e-07	{P}
sp|P0C2I9|YP12B_YEAST	SINGLE	2	1132	1153	9	2.822e-07	{P}
sp|P0C2I9|YP12B_YEAST	MULTIPLE	1	107	160	24	1.971e-09	{PS}
sp|P0C2I9|YP12B_YEAST	MULTIPLE	2	64	98	14	7.324e-07	{QP}
sp|P0C2I9|YP12B_YEAST	MULTIPLE	3	391	420	15	2.066e-07	{SN}
sp|P0C2I9|YP12B_YEAST	WHOLE	1	1	1755	128	4.977e-09	{N}
sp|P0C2I9|YP12B_YEAST	WHOLE	2	1	1755	177	1.894e-06	{S}
sp|P0C2I9|YP12B_YEAST	WHOLE	3	1	1755	128	3.760e-06	{I}
sp|P0C2J0|YP13B_YEAST	SINGLE	1	107	146	12	1.575e-07	{P}
sp|P0C2J0|YP13B_YEAST	SINGLE	2	1133	1154	9	2.822e-07	{P}
sp|P0C2J0|YP13B_YEAST	SINGLE	3	58	86	10	3.983e-07	{P}
sp|P0C2J0|YP13B_YEAST	MULTIPLE	1	107	160	24	1.971e-09	{PS}
sp|P0C2J0|YP13B_YEAST	MULTIPLE	2	72	88	11	2.206e-08	{PQ}
sp|P0C2J0|YP13B_YEAST	MULTIPLE	3	391	420	15	2.066e-07	{SN}
sp|P0C2J0|YP13B_YEAST	WHOLE	1	1	1756	129	2.954e-09	{N}
sp|P0C2J0|YP13B_YEAST	WHOLE	2	1	1756	177	1.972e-06	{S}
sp|P0C2J0|YP13B_YEAST	WHOLE	3	1	1756	129	2.553e-06	{I}
sp|P0C2J1|YP14B_YEAST	SINGLE	1	1132	1141	7	5.036e-08	{P}
sp|P0C2J1|YP14B_YEAST	SINGLE	2	107	146	12	1.575e-07	{P}
sp|P0C2J1|YP14B_YEAST	SINGLE	3	58	86	10	3.983e-07	{P}
sp|P0C2J1|YP14B_YEAST	MULTIPLE	1	107	160	24	1.971e-09	{PS}
sp|P0C2J1|YP14B_YEAST	MULTIPLE	2	72	88	11	2.206e-08	{PQ}
sp|P0C2J1|YP14B_YEAST	MULTIPLE	3	391	420	15	2.066e-07	{SN}
sp|P0C2J1|YP14B_YEAST	WHOLE	1	1	1755	129	2.881e-09	{N}
sp|P0C2J1|YP14B_YEAST	WHOLE	2	1	1755	179	8.796e-07	{S}
sp|P0C2J1|YP14B_YEAST	WHOLE	3	1	1755	129	2.506e-06	{I}
sp|P0C2J3|YL21B_YEAST	SINGLE	1	119	144	9	1.464e-06	{P}
sp|P0C2J3|YL21B_YEAST	MULTIPLE	1	119	136	11	2.657e-08	{PY}
sp|P0C2J3|YL21B_YEAST	WHOLE	1	1	1770	134	2.504e-10	{N}
sp|P0C2J3|YL21B_YEAST	WHOLE	2	1	1770	127	8.280e-06	{I}
sp|P0C2J7|YH41B_YEAST	SINGLE	1	1736	1764	10	4.843e-06	{K}
sp|P0C2J7|YH41B_YEAST	SINGLE	2	182	219	10	9.735e-06	{I}
sp|P0C2J7|YH41B_YEAST	MULTIPLE	1	1736	1767	17	5.788e-09	{KI}
sp|P0C2J7|YH41B_YEAST	MULTIPLE	2	381	409	14	2.874e-07	{KN}
sp|P0C2J7|YH41B_YEAST	MULTIPLE	3	491	523	14	3.814e-06	{KI}
sp|P0C2J7|YH41B_YEAST	MULTIPLE	4	1610	1629	10	1.847e-06	{YI}
sp|P0C2J7|YH41B_YEAST	WHOLE	1	1	1802	160	1.535e-17	{N}
sp|P0C2J7|YH41B_YEAST	WHOLE	2	1	1802	164	5.823e-14	{I}
sp|P0C2J7|YH41B_YEAST	WHOLE	3	1	1802	182	4.983e-11	{K}
sp|P0CE41|HAP1_YEAST	SINGLE	1	177	189	12	5.402e-16	{Q}
sp|P0CE41|HAP1_YEAST	SINGLE	2	8	51	15	1.942e-07	{S}
sp|P0CE41|HAP1_YEAST	SINGLE	3	745	758	8	1.400e-06	{S}
sp|P0CE41|HAP1_YEAST	SINGLE	4	292	296	5	2.962e-06	{A}
sp|P0CE41|HAP1_YEAST	SINGLE	5	635	673	10	3.920e-06	{N}
sp|P0CE41|HAP1_YEAST	SINGLE	6	720	737	7	5.415e-06	{N}
sp|P0CE41|HAP1_YEAST	SINGLE	7	129	149	9	6.304e-06	{S}
sp|P0CE41|HAP1_YEAST	SINGLE	8	64	93	6	6.765e-06	{C}
sp|P0CE41|HAP1_YEAST	MULTIPLE	1	635	673	17	1.033e-07	{NT}
sp|P0CE41|HAP1_YEAST	MULTIPLE	2	115	142	14	3.193e-06	{SK}
sp|P0CE41|HAP1_YEAST	MULTIPLE	3	52	86	19	3.651e-09	{CKR}
sp|P0CE41|HAP1_YEAST	MULTIPLE	4	1354	1411	24	1.637e-07	{NSM}
sp|P0CE41|HAP1_YEAST	MULTIPLE	5	192	212	12	5.336e-07	{SN}
sp|P0CE41|HAP1_YEAST	MULTIPLE	6	503	532	17	3.721e-08	{NSM}
sp|P0CE41|HAP1_YEAST	WHOLE	1	1	1502	196	7.175e-16	{S}
sp|P0CE41|HAP1_YEAST	WHOLE	2	1	1502	131	3.686e-14	{N}
sp|P0CE41|HAP1_YEAST	WHOLE	3	1	1502	59	8.791e-06	{M}
sp|P0CH08|RL40A_YEAST	MULTIPLE	1	91	115	10	1.378e-06	{CR}
sp|P0CH09|RL40B_YEAST	MULTIPLE	1	91	115	10	1.378e-06	{CR}
sp|P0CS90|HSP77_YEAST	SINGLE	1	637	646	9	4.911e-12	{N}
sp|P0CX27|RL44A_YEAST	SINGLE	1	55	100	13	2.378e-06	{K}
sp|P0CX27|RL44A_YEAST	WHOLE	1	1	106	23	8.785e-08	{K}
sp|P0CX28|RL44B_YEAST	SINGLE	1	55	100	13	2.378e-06	{K}
sp|P0CX28|RL44B_YEAST	WHOLE	1	1	106	23	8.785e-08	{K}
sp|P0CX29|RS23A_YEAST	MULTIPLE	1	7	32	12	8.189e-07	{RN}
sp|P0CX30|RS23B_YEAST	MULTIPLE	1	7	32	12	8.189e-07	{RN}
sp|P0CX31|RS24A_YEAST	SINGLE	1	99	128	10	6.818e-06	{K}
sp|P0CX31|RS24A_YEAST	MULTIPLE	1	99	128	13	3.462e-06	{KQ}
sp|P0CX32|RS24B_YEAST	SINGLE	1	99	128	10	6.818e-06	{K}
sp|P0CX32|RS24B_YEAST	MULTIPLE	1	99	128	13	3.462e-06	{KQ}
sp|P0CX37|RS6A_YEAST	MULTIPLE	1	183	209	13	6.304e-06	{AR}
sp|P0CX37|RS6A_YEAST	WHOLE	1	1	236	28	7.051e-06	{R}
sp|P0CX38|RS6B_YEAST	MULTIPLE	1	183	209	13	6.304e-06	{AR}
sp|P0CX38|RS6B_YEAST	WHOLE	1	1	236	28	7.051e-06	{R}
sp|P0CX43|RL1A_YEAST	SINGLE	1	91	106	9	9.624e-08	{K}
sp|P0CX44|RL1B_YEAST	SINGLE	1	91	106	9	9.624e-08	{K}
sp|P0CX47|RS11A_YEAST	SINGLE	1	107	142	11	9.658e-06	{V}
sp|P0CX48|RS11B_YEAST	SINGLE	1	107	142	11	9.658e-06	{V}
sp|P0CX49|RL18A_YEAST	SINGLE	1	170	180	6	4.366e-06	{R}
sp|P0CX50|RL18B_YEAST	SINGLE	1	170	180	6	4.366e-06	{R}
sp|P0CX55|RS18A_YEAST	SINGLE	1	110	145	10	4.511e-06	{R}
sp|P0CX56|RS18B_YEAST	SINGLE	1	110	145	10	4.511e-06	{R}
sp|P0CX63|YF21B_YEAST	SINGLE	1	119	144	9	1.464e-06	{P}
sp|P0CX63|YF21B_YEAST	MULTIPLE	1	119	136	11	2.657e-08	{PY}
sp|P0CX63|YF21B_YEAST	WHOLE	1	1	1770	134	2.504e-10	{N}
sp|P0CX63|YF21B_YEAST	WHOLE	2	1	1770	127	8.280e-06	{I}
sp|P0CX64|YG22B_YEAST	SINGLE	1	119	144	9	1.464e-06	{P}
sp|P0CX64|YG22B_YEAST	MULTIPLE	1	119	136	11	2.657e-08	{PY}
sp|P0CX64|YG22B_YEAST	WHOLE	1	1	1770	134	2.504e-10	{N}
sp|P0CX64|YG22B_YEAST	WHOLE	2	1	1770	127	8.280e-06	{I}
sp|P0CX80|MTCU1_YEAST	SINGLE	1	15	58	12	3.543e-12	{C}
sp|P0CX80|MTCU1_YEAST	WHOLE	1	1	61	12	2.225e-10	{C}
sp|P0CX81|MTCU2_YEAST	SINGLE	1	15	58	12	3.543e-12	{C}
sp|P0CX81|MTCU2_YEAST	WHOLE	1	1	61	12	2.225e-10	{C}
sp|P0CX82|RL19A_YEAST	SINGLE	1	62	110	13	3.135e-07	{R}
sp|P0CX82|RL19A_YEAST	SINGLE	2	162	181	8	1.937e-06	{R}
sp|P0CX82|RL19A_YEAST	MULTIPLE	1	145	183	20	5.654e-09	{RA}
sp|P0CX82|RL19A_YEAST	WHOLE	1	1	189	28	9.124e-08	{R}
sp|P0CX83|RL19B_YEAST	SINGLE	1	62	110	13	3.135e-07	{R}
sp|P0CX83|RL19B_YEAST	SINGLE	2	162	181	8	1.937e-06	{R}
sp|P0CX83|RL19B_YEAST	MULTIPLE	1	145	183	20	5.654e-09	{RA}
sp|P0CX83|RL19B_YEAST	WHOLE	1	1	189	28	9.124e-08	{R}
sp|P0CX84|RL35A_YEAST	WHOLE	1	1	120	22	3.068e-06	{K}
sp|P0CX85|RL35B_YEAST	WHOLE	1	1	120	22	3.068e-06	{K}
sp|P0CY08|MTAL2_YEAST	SINGLE	1	77	86	6	9.234e-06	{T}
sp|P10080|SSBP1_YEAST	SINGLE	1	126	170	22	1.006e-14	{G}
sp|P10080|SSBP1_YEAST	SINGLE	2	110	165	16	4.491e-09	{R}
sp|P10080|SSBP1_YEAST	SINGLE	3	277	294	9	5.499e-07	{E}
sp|P10080|SSBP1_YEAST	MULTIPLE	1	116	167	37	9.887e-24	{GR}
sp|P10591|HSP71_YEAST	SINGLE	1	609	626	10	4.148e-08	{G}
sp|P10591|HSP71_YEAST	MULTIPLE	1	609	636	18	3.570e-11	{GP}
sp|P10592|HSP72_YEAST	MULTIPLE	1	609	633	15	6.162e-09	{GP}
sp|P10614|CP51_YEAST	SINGLE	1	31	43	7	8.968e-07	{I}
sp|P10622|RLA3_YEAST	SINGLE	1	67	84	11	1.236e-08	{A}
sp|P10622|RLA3_YEAST	SINGLE	2	85	95	8	4.298e-08	{E}
sp|P10622|RLA3_YEAST	MULTIPLE	1	63	84	18	3.028e-12	{AG}
sp|P10622|RLA3_YEAST	WHOLE	1	1	106	24	1.398e-06	{A}
sp|P10659|METK1_YEAST	SINGLE	1	235	271	12	2.405e-06	{G}
sp|P10664|RL4A_YEAST	SINGLE	1	78	97	10	1.527e-07	{G}
sp|P10664|RL4A_YEAST	SINGLE	2	121	132	7	9.586e-06	{A}
sp|P10823|GPA2_YEAST	SINGLE	1	49	59	8	1.785e-09	{Q}
sp|P10862|RAD18_YEAST	SINGLE	1	28	65	7	2.055e-06	{C}
sp|P10862|RAD18_YEAST	MULTIPLE	1	101	131	19	1.299e-07	{PES}
sp|P10863|TIR1_YEAST	SINGLE	1	114	205	43	6.739e-25	{S}
sp|P10863|TIR1_YEAST	SINGLE	2	43	56	8	1.400e-06	{S}
sp|P10863|TIR1_YEAST	SINGLE	3	113	154	14	1.782e-06	{A}
sp|P10863|TIR1_YEAST	SINGLE	4	7	18	7	9.586e-06	{A}
sp|P10863|TIR1_YEAST	MULTIPLE	1	113	205	69	3.863e-37	{SA}
sp|P10863|TIR1_YEAST	WHOLE	1	1	254	63	2.497e-18	{S}
sp|P10863|TIR1_YEAST	WHOLE	2	1	254	53	3.630e-11	{A}
sp|P10870|SNF3_YEAST	SINGLE	1	174	212	11	1.702e-06	{I}
sp|P10870|SNF3_YEAST	SINGLE	2	858	881	8	4.328e-06	{N}
sp|P10870|SNF3_YEAST	MULTIPLE	1	174	212	19	9.281e-09	{IG}
sp|P10870|SNF3_YEAST	MULTIPLE	2	400	426	14	8.333e-08	{VF}
sp|P10870|SNF3_YEAST	WHOLE	1	1	884	101	1.741e-06	{S}
sp|P10961|HSF_YEAST	SINGLE	1	422	525	34	4.985e-21	{N}
sp|P10961|HSF_YEAST	SINGLE	2	280	321	16	7.510e-12	{N}
sp|P10961|HSF_YEAST	SINGLE	3	575	579	5	1.160e-06	{E}
sp|P10961|HSF_YEAST	SINGLE	4	646	688	11	1.339e-06	{N}
sp|P10961|HSF_YEAST	MULTIPLE	1	278	321	27	3.909e-15	{NS}
sp|P10961|HSF_YEAST	MULTIPLE	2	609	641	14	9.466e-07	{DN}
sp|P10961|HSF_YEAST	WHOLE	1	1	833	120	1.699e-30	{N}
sp|P10961|HSF_YEAST	WHOLE	2	1	833	93	9.459e-06	{S}
sp|P10962|MAK16_YEAST	SINGLE	1	195	227	14	5.488e-09	{E}
sp|P10962|MAK16_YEAST	SINGLE	2	246	263	10	9.128e-08	{S}
sp|P10962|MAK16_YEAST	SINGLE	3	201	242	12	1.735e-06	{D}
sp|P10962|MAK16_YEAST	SINGLE	4	288	303	8	2.395e-06	{E}
sp|P10962|MAK16_YEAST	MULTIPLE	1	195	266	38	6.192e-17	{ED}
sp|P10962|MAK16_YEAST	WHOLE	1	1	306	45	1.837e-07	{E}
sp|P10964|RPA1_YEAST	SINGLE	1	1096	1119	9	6.603e-06	{K}
sp|P10964|RPA1_YEAST	SINGLE	2	1386	1420	11	7.276e-06	{E}
sp|P10964|RPA1_YEAST	SINGLE	3	1403	1423	8	8.833e-06	{D}
sp|P10964|RPA1_YEAST	MULTIPLE	1	1385	1426	23	2.888e-11	{ED}
sp|P11075|SEC7_YEAST	SINGLE	1	78	186	39	2.709e-19	{E}
sp|P11075|SEC7_YEAST	SINGLE	2	82	118	17	2.349e-12	{D}
sp|P11075|SEC7_YEAST	SINGLE	3	119	168	21	7.989e-12	{S}
sp|P11075|SEC7_YEAST	SINGLE	4	771	810	13	2.270e-06	{S}
sp|P11075|SEC7_YEAST	MULTIPLE	1	78	182	82	1.468e-38	{EDS}
sp|P11075|SEC7_YEAST	MULTIPLE	2	430	447	10	6.872e-06	{SQ}
sp|P11075|SEC7_YEAST	WHOLE	1	1	2009	206	1.206e-07	{S}
sp|P11075|SEC7_YEAST	WHOLE	2	1	2009	132	7.388e-07	{N}
sp|P11154|PYC1_YEAST	SINGLE	1	307	335	9	6.268e-06	{I}
sp|P11154|PYC1_YEAST	SINGLE	2	182	187	5	7.177e-06	{G}
sp|P11325|SYLM_YEAST	MULTIPLE	1	122	129	6	1.863e-06	{MQ}
sp|P11433|CDC24_YEAST	SINGLE	1	526	605	31	1.444e-15	{S}
sp|P11433|CDC24_YEAST	SINGLE	2	710	778	21	7.723e-09	{S}
sp|P11433|CDC24_YEAST	SINGLE	3	681	697	9	7.035e-07	{S}
sp|P11433|CDC24_YEAST	SINGLE	4	752	809	13	7.697e-07	{N}
sp|P11433|CDC24_YEAST	MULTIPLE	1	526	600	47	1.356e-22	{SHN}
sp|P11433|CDC24_YEAST	MULTIPLE	2	679	816	89	3.495e-20	{SNTIHM}
sp|P11433|CDC24_YEAST	MULTIPLE	3	617	635	10	1.751e-06	{NI}
sp|P11433|CDC24_YEAST	WHOLE	1	1	854	127	7.280e-15	{S}
sp|P11433|CDC24_YEAST	WHOLE	2	1	854	70	1.883e-07	{N}
sp|P11633|NHP6B_YEAST	MULTIPLE	1	5	22	10	4.359e-06	{KR}
sp|P11655|SEC12_YEAST	SINGLE	1	29	37	6	5.807e-06	{G}
sp|P11709|BIK1_YEAST	WHOLE	1	1	440	44	2.061e-07	{Q}
sp|P11710|FUS1_YEAST	SINGLE	1	4	51	16	1.386e-08	{T}
sp|P11710|FUS1_YEAST	SINGLE	2	20	75	17	2.035e-07	{S}
sp|P11710|FUS1_YEAST	SINGLE	3	319	348	9	2.912e-06	{N}
sp|P11710|FUS1_YEAST	MULTIPLE	1	8	71	32	2.186e-12	{TS}
sp|P11710|FUS1_YEAST	MULTIPLE	2	395	404	8	7.481e-07	{KR}
sp|P11745|RNA1_YEAST	SINGLE	1	351	405	22	1.084e-12	{E}
sp|P11745|RNA1_YEAST	SINGLE	2	334	374	14	2.029e-08	{D}
sp|P11745|RNA1_YEAST	MULTIPLE	1	334	405	39	7.403e-18	{ED}
sp|P11745|RNA1_YEAST	WHOLE	1	1	407	53	7.777e-07	{E}
sp|P11745|RNA1_YEAST	WHOLE	2	1	407	64	8.779e-06	{L}
sp|P11746|MCM1_YEAST	SINGLE	1	179	256	47	1.110e-43	{Q}
sp|P11746|MCM1_YEAST	SINGLE	2	122	136	12	1.731e-14	{Q}
sp|P11746|MCM1_YEAST	SINGLE	3	98	120	14	1.318e-12	{D}
sp|P11746|MCM1_YEAST	SINGLE	4	100	106	6	4.936e-07	{E}
sp|P11746|MCM1_YEAST	SINGLE	5	270	285	7	2.192e-06	{Q}
sp|P11746|MCM1_YEAST	MULTIPLE	1	98	117	19	6.177e-17	{DE}
sp|P11746|MCM1_YEAST	MULTIPLE	2	252	285	17	7.242e-08	{QA}
sp|P11746|MCM1_YEAST	WHOLE	1	1	286	77	1.169e-38	{Q}
sp|P11747|TAF13_YEAST	SINGLE	1	113	127	9	6.926e-08	{E}
sp|P11747|TAF13_YEAST	SINGLE	2	150	167	8	4.919e-06	{K}
sp|P11747|TAF13_YEAST	MULTIPLE	1	113	136	18	1.813e-12	{ED}
sp|P11792|SCH9_YEAST	SINGLE	1	227	267	22	9.626e-20	{N}
sp|P11792|SCH9_YEAST	SINGLE	2	288	324	16	1.427e-09	{S}
sp|P11792|SCH9_YEAST	SINGLE	3	24	40	8	1.947e-07	{N}
sp|P11792|SCH9_YEAST	SINGLE	4	100	112	7	3.640e-07	{N}
sp|P11792|SCH9_YEAST	SINGLE	5	776	790	8	3.938e-07	{D}
sp|P11792|SCH9_YEAST	SINGLE	6	147	163	9	7.035e-07	{S}
sp|P11792|SCH9_YEAST	SINGLE	7	169	173	5	2.962e-06	{A}
sp|P11792|SCH9_YEAST	MULTIPLE	1	776	800	13	1.260e-07	{DN}
sp|P11792|SCH9_YEAST	WHOLE	1	1	824	79	3.956e-11	{N}
sp|P11914|MPPA_YEAST	SINGLE	1	284	297	8	7.429e-07	{G}
sp|P11914|MPPA_YEAST	MULTIPLE	1	468	479	9	1.978e-06	{SK}
sp|P11938|RAP1_YEAST	SINGLE	1	612	627	13	1.853e-12	{A}
sp|P11938|RAP1_YEAST	SINGLE	2	313	332	9	5.309e-08	{N}
sp|P11938|RAP1_YEAST	SINGLE	3	75	112	13	2.187e-07	{T}
sp|P11938|RAP1_YEAST	MULTIPLE	1	75	114	21	9.216e-09	{TA}
sp|P11938|RAP1_YEAST	WHOLE	1	1	827	65	1.799e-06	{N}
sp|P11978|SIR4_YEAST	SINGLE	1	894	909	7	2.126e-06	{N}
sp|P11978|SIR4_YEAST	SINGLE	2	753	776	10	2.612e-06	{S}
sp|P11978|SIR4_YEAST	MULTIPLE	1	753	773	15	9.361e-10	{SD}
sp|P11978|SIR4_YEAST	MULTIPLE	2	430	461	15	1.762e-07	{NK}
sp|P11978|SIR4_YEAST	MULTIPLE	3	89	135	19	3.332e-07	{SN}
sp|P11978|SIR4_YEAST	MULTIPLE	4	224	240	10	8.089e-06	{KE}
sp|P11978|SIR4_YEAST	WHOLE	1	1	1358	158	2.151e-14	{K}
sp|P11978|SIR4_YEAST	WHOLE	2	1	1358	174	1.214e-13	{S}
sp|P11978|SIR4_YEAST	WHOLE	3	1	1358	100	1.196e-07	{N}
sp|P12383|PDR1_YEAST	SINGLE	1	1005	1033	22	1.042e-24	{N}
sp|P12383|PDR1_YEAST	SINGLE	2	46	72	7	1.727e-07	{C}
sp|P12383|PDR1_YEAST	MULTIPLE	1	34	72	15	8.335e-08	{CK}
sp|P12383|PDR1_YEAST	MULTIPLE	2	973	994	12	4.533e-08	{QN}
sp|P12383|PDR1_YEAST	WHOLE	1	1	1068	99	1.239e-12	{N}
sp|P12385|ERF1_YEAST	MULTIPLE	1	419	435	11	4.493e-07	{DE}
sp|P12611|WHI2_YEAST	SINGLE	1	227	232	6	6.591e-09	{Q}
sp|P12611|WHI2_YEAST	SINGLE	2	20	29	7	2.999e-08	{Q}
sp|P12611|WHI2_YEAST	SINGLE	3	329	355	10	8.975e-06	{S}
sp|P12611|WHI2_YEAST	SINGLE	4	378	386	6	9.427e-06	{S}
sp|P12611|WHI2_YEAST	SINGLE	5	129	150	9	9.901e-06	{S}
sp|P12611|WHI2_YEAST	MULTIPLE	1	124	152	19	1.422e-09	{SNF}
sp|P12630|BAR1_YEAST	MULTIPLE	1	74	90	10	3.399e-06	{SN}
sp|P12630|BAR1_YEAST	WHOLE	1	1	587	77	1.756e-07	{S}
sp|P12683|HMDH1_YEAST	SINGLE	1	562	583	13	3.609e-10	{S}
sp|P12683|HMDH1_YEAST	MULTIPLE	1	416	438	11	5.592e-07	{FN}
sp|P12688|YPK1_YEAST	SINGLE	1	61	95	12	2.945e-06	{S}
sp|P12688|YPK1_YEAST	MULTIPLE	1	59	97	24	1.734e-09	{SNV}
sp|P12689|REV1_YEAST	MULTIPLE	1	456	486	13	1.289e-06	{IN}
sp|P12695|ODP2_YEAST	SINGLE	1	225	233	7	5.567e-07	{A}
sp|P12695|ODP2_YEAST	SINGLE	2	210	261	15	2.080e-06	{S}
sp|P12695|ODP2_YEAST	MULTIPLE	1	215	250	22	3.115e-10	{AS}
sp|P12695|ODP2_YEAST	MULTIPLE	2	261	286	13	2.405e-06	{SI}
sp|P12753|RAD50_YEAST	WHOLE	1	1	1312	149	6.697e-13	{K}
sp|P12753|RAD50_YEAST	WHOLE	2	1	1312	132	2.590e-07	{E}
sp|P12753|RAD50_YEAST	WHOLE	3	1	1312	92	2.313e-06	{N}
sp|P12753|RAD50_YEAST	WHOLE	4	1	1312	101	4.020e-06	{I}
sp|P12754|EI2BD_YEAST	SINGLE	1	64	90	13	2.030e-11	{Q}
sp|P12754|EI2BD_YEAST	SINGLE	2	149	200	16	3.737e-07	{S}
sp|P12754|EI2BD_YEAST	SINGLE	3	72	105	12	4.182e-07	{K}
sp|P12754|EI2BD_YEAST	SINGLE	4	556	580	10	1.020e-06	{K}
sp|P12754|EI2BD_YEAST	SINGLE	5	32	55	9	6.603e-06	{K}
sp|P12754|EI2BD_YEAST	MULTIPLE	1	64	105	26	1.027e-15	{QK}
sp|P12754|EI2BD_YEAST	MULTIPLE	2	148	206	39	1.375e-13	{STA}
sp|P12866|STE6_YEAST	SINGLE	1	700	718	8	1.512e-06	{I}
sp|P12866|STE6_YEAST	MULTIPLE	1	949	966	11	3.593e-07	{MIY}
sp|P12866|STE6_YEAST	WHOLE	1	1	1290	111	8.576e-09	{I}
sp|P12868|PEP5_YEAST	SINGLE	1	297	324	10	4.480e-07	{I}
sp|P12868|PEP5_YEAST	SINGLE	2	490	508	8	3.679e-06	{D}
sp|P12868|PEP5_YEAST	MULTIPLE	1	490	508	12	1.306e-08	{DF}
sp|P12868|PEP5_YEAST	MULTIPLE	2	636	651	10	7.756e-06	{ES}
sp|P12868|PEP5_YEAST	WHOLE	1	1	1029	91	4.708e-08	{I}
sp|P12945|NAT1_YEAST	SINGLE	1	648	653	5	5.074e-06	{K}
sp|P12945|NAT1_YEAST	WHOLE	1	1	854	96	8.889e-09	{K}
sp|P12954|SRS2_YEAST	SINGLE	1	1060	1081	10	2.444e-07	{K}
sp|P12954|SRS2_YEAST	SINGLE	2	55	59	4	1.105e-06	{H}
sp|P12954|SRS2_YEAST	SINGLE	3	681	691	7	1.236e-06	{E}
sp|P12954|SRS2_YEAST	SINGLE	4	1001	1023	10	1.642e-06	{S}
sp|P12954|SRS2_YEAST	SINGLE	5	624	629	5	6.509e-06	{E}
sp|P12954|SRS2_YEAST	MULTIPLE	1	676	691	12	1.030e-08	{ED}
sp|P12954|SRS2_YEAST	MULTIPLE	2	386	412	13	3.313e-07	{IR}
sp|P12954|SRS2_YEAST	MULTIPLE	3	115	145	14	7.874e-07	{DI}
sp|P12962|CAF20_YEAST	SINGLE	1	39	69	8	2.424e-07	{H}
sp|P12962|CAF20_YEAST	MULTIPLE	1	48	64	10	3.174e-08	{HR}
sp|P12962|CAF20_YEAST	MULTIPLE	2	93	106	10	6.346e-07	{TE}
sp|P13134|KEX2_YEAST	SINGLE	1	619	642	12	2.174e-08	{S}
sp|P13134|KEX2_YEAST	SINGLE	2	702	709	6	3.066e-07	{R}
sp|P13134|KEX2_YEAST	WHOLE	1	1	814	92	6.775e-06	{S}
sp|P13185|KIN1_YEAST	SINGLE	1	48	53	6	6.591e-09	{Q}
sp|P13186|KIN2_YEAST	SINGLE	1	525	536	9	1.031e-10	{Q}
sp|P13186|KIN2_YEAST	SINGLE	2	779	797	9	3.052e-08	{N}
sp|P13186|KIN2_YEAST	SINGLE	3	993	1014	11	8.478e-08	{S}
sp|P13186|KIN2_YEAST	MULTIPLE	1	47	76	12	4.474e-06	{QP}
sp|P13186|KIN2_YEAST	MULTIPLE	2	1070	1095	11	3.990e-06	{NQ}
sp|P13259|PCY1_YEAST	SINGLE	1	381	396	7	2.126e-06	{N}
sp|P13259|PCY1_YEAST	SINGLE	2	403	408	5	3.011e-06	{D}
sp|P13365|CG13_YEAST	SINGLE	1	458	509	22	2.146e-12	{S}
sp|P13365|CG13_YEAST	MULTIPLE	1	447	509	35	1.367e-14	{SHP}
sp|P13365|CG13_YEAST	WHOLE	1	1	580	92	7.864e-13	{S}
sp|P13382|DPOLA_YEAST	SINGLE	1	56	87	10	5.174e-06	{D}
sp|P13517|CAPZB_YEAST	MULTIPLE	1	10	35	14	1.142e-06	{LN}
sp|P13574|STE12_YEAST	WHOLE	1	1	688	65	5.362e-08	{P}
sp|P13586|ATC1_YEAST	SINGLE	1	849	881	9	3.163e-06	{F}
sp|P13586|ATC1_YEAST	SINGLE	2	394	434	10	6.328e-06	{N}
sp|P13586|ATC1_YEAST	SINGLE	3	916	920	5	6.591e-06	{L}
sp|P13586|ATC1_YEAST	MULTIPLE	1	841	881	16	8.551e-07	{FT}
sp|P13586|ATC1_YEAST	MULTIPLE	2	394	434	16	1.388e-06	{NK}
sp|P13587|ATN1_YEAST	MULTIPLE	1	74	101	11	1.438e-06	{MI}
sp|P13856|RSR1_YEAST	SINGLE	1	260	264	5	9.015e-07	{K}
sp|P14064|HAP4_YEAST	SINGLE	1	90	117	15	6.946e-14	{N}
sp|P14064|HAP4_YEAST	SINGLE	2	161	178	12	2.338e-10	{S}
sp|P14064|HAP4_YEAST	SINGLE	3	324	337	7	6.965e-07	{N}
sp|P14064|HAP4_YEAST	SINGLE	4	54	58	5	9.015e-07	{K}
sp|P14064|HAP4_YEAST	SINGLE	5	235	242	6	3.387e-06	{S}
sp|P14064|HAP4_YEAST	SINGLE	6	514	525	6	4.547e-06	{N}
sp|P14064|HAP4_YEAST	SINGLE	7	18	50	9	6.876e-06	{N}
sp|P14064|HAP4_YEAST	MULTIPLE	1	18	43	12	7.114e-07	{NP}
sp|P14064|HAP4_YEAST	MULTIPLE	2	72	80	8	5.226e-08	{PR}
sp|P14064|HAP4_YEAST	WHOLE	1	1	554	70	1.396e-15	{N}
sp|P14064|HAP4_YEAST	WHOLE	2	1	554	75	7.468e-08	{S}
sp|P14126|RL3_YEAST	SINGLE	1	72	93	12	1.846e-09	{V}
sp|P14164|ABF1_YEAST	SINGLE	1	271	294	15	2.893e-15	{N}
sp|P14164|ABF1_YEAST	SINGLE	2	484	510	14	8.635e-13	{N}
sp|P14164|ABF1_YEAST	SINGLE	3	94	130	15	1.168e-11	{N}
sp|P14164|ABF1_YEAST	SINGLE	4	449	454	6	6.410e-09	{N}
sp|P14164|ABF1_YEAST	SINGLE	5	691	701	6	4.441e-08	{H}
sp|P14164|ABF1_YEAST	SINGLE	6	669	680	7	9.773e-07	{D}
sp|P14164|ABF1_YEAST	SINGLE	7	105	109	4	1.105e-06	{H}
sp|P14164|ABF1_YEAST	SINGLE	8	151	205	13	6.372e-06	{D}
sp|P14164|ABF1_YEAST	MULTIPLE	1	266	294	21	1.420e-15	{ND}
sp|P14164|ABF1_YEAST	MULTIPLE	2	94	130	19	1.430e-13	{NH}
sp|P14164|ABF1_YEAST	MULTIPLE	3	686	701	10	7.097e-09	{HN}
sp|P14164|ABF1_YEAST	MULTIPLE	4	669	681	12	1.072e-10	{DV}
sp|P14164|ABF1_YEAST	MULTIPLE	5	147	205	23	2.533e-09	{DN}
sp|P14164|ABF1_YEAST	WHOLE	1	1	731	107	5.765e-28	{N}
sp|P14164|ABF1_YEAST	WHOLE	2	1	731	83	5.705e-10	{D}
sp|P14164|ABF1_YEAST	WHOLE	3	1	731	39	3.282e-07	{H}
sp|P14180|CHS2_YEAST	SINGLE	1	634	661	8	7.646e-06	{F}
sp|P14180|CHS2_YEAST	MULTIPLE	1	145	166	12	5.182e-06	{TS}
sp|P14242|PMS1_YEAST	MULTIPLE	1	540	549	6	5.251e-07	{CH}
sp|P14284|DPOZ_YEAST	SINGLE	1	1398	1417	6	5.188e-07	{C}
sp|P14284|DPOZ_YEAST	MULTIPLE	1	227	247	12	7.465e-06	{LD}
sp|P14284|DPOZ_YEAST	MULTIPLE	2	117	130	9	4.542e-06	{KD}
sp|P14284|DPOZ_YEAST	WHOLE	1	1	1504	116	8.782e-07	{I}
sp|P14291|RED1_YEAST	SINGLE	1	362	392	16	1.113e-11	{E}
sp|P14291|RED1_YEAST	SINGLE	2	569	585	10	1.011e-08	{K}
sp|P14291|RED1_YEAST	MULTIPLE	1	569	585	14	9.779e-12	{KQ}
sp|P14291|RED1_YEAST	WHOLE	1	1	827	98	4.531e-10	{K}
sp|P14680|YAK1_YEAST	SINGLE	1	56	85	19	4.161e-19	{Q}
sp|P14680|YAK1_YEAST	SINGLE	2	170	179	8	5.089e-10	{Q}
sp|P14680|YAK1_YEAST	SINGLE	3	2	18	8	1.947e-07	{N}
sp|P14680|YAK1_YEAST	SINGLE	4	3	42	14	3.402e-07	{S}
sp|P14680|YAK1_YEAST	SINGLE	5	243	253	6	3.773e-06	{P}
sp|P14680|YAK1_YEAST	MULTIPLE	1	63	82	19	5.368e-22	{QH}
sp|P14680|YAK1_YEAST	MULTIPLE	2	2	42	23	5.784e-12	{NS}
sp|P14680|YAK1_YEAST	MULTIPLE	3	243	273	13	9.601e-07	{PQ}
sp|P14680|YAK1_YEAST	MULTIPLE	4	211	229	12	1.169e-07	{NS}
sp|P14680|YAK1_YEAST	WHOLE	1	1	807	68	1.202e-07	{Q}
sp|P14680|YAK1_YEAST	WHOLE	2	1	807	64	1.611e-06	{N}
sp|P14680|YAK1_YEAST	WHOLE	3	1	807	94	1.691e-06	{S}
sp|P14681|KSS1_YEAST	SINGLE	1	345	349	5	1.160e-06	{E}
sp|P14682|UBC3_YEAST	SINGLE	1	198	271	31	7.127e-20	{D}
sp|P14682|UBC3_YEAST	SINGLE	2	59	79	7	9.294e-06	{F}
sp|P14682|UBC3_YEAST	MULTIPLE	1	196	271	40	8.727e-21	{DN}
sp|P14682|UBC3_YEAST	MULTIPLE	2	59	81	12	8.022e-08	{FP}
sp|P14682|UBC3_YEAST	WHOLE	1	1	295	48	2.124e-11	{D}
sp|P14724|CDC26_YEAST	SINGLE	1	53	77	10	3.912e-07	{D}
sp|P14724|CDC26_YEAST	SINGLE	2	60	70	6	2.376e-06	{N}
sp|P14724|CDC26_YEAST	MULTIPLE	1	51	77	17	2.389e-11	{DN}
sp|P14736|RAD4_YEAST	SINGLE	1	29	35	6	8.050e-08	{R}
sp|P14736|RAD4_YEAST	MULTIPLE	1	59	80	12	1.678e-06	{VD}
sp|P14737|RAD9_YEAST	SINGLE	1	306	353	12	5.861e-07	{N}
sp|P14737|RAD9_YEAST	SINGLE	2	258	280	8	3.015e-06	{N}
sp|P14737|RAD9_YEAST	MULTIPLE	1	313	336	13	1.952e-07	{NE}
sp|P14737|RAD9_YEAST	MULTIPLE	2	1282	1301	10	9.841e-06	{DI}
sp|P14737|RAD9_YEAST	WHOLE	1	1	1309	106	4.765e-10	{N}
sp|P14741|EI2BA_YEAST	MULTIPLE	1	112	126	9	3.959e-06	{DI}
sp|P14743|NMT_YEAST	SINGLE	1	349	353	4	9.720e-06	{Y}
sp|P14772|BPT1_YEAST	SINGLE	1	890	921	11	2.753e-06	{E}
sp|P14772|BPT1_YEAST	SINGLE	2	1360	1370	6	5.152e-06	{I}
sp|P14772|BPT1_YEAST	MULTIPLE	1	1432	1455	11	5.598e-06	{ND}
sp|P14772|BPT1_YEAST	WHOLE	1	1	1559	139	1.565e-11	{I}
sp|P14832|CYPH_YEAST	SINGLE	1	62	79	8	8.226e-06	{G}
sp|P14904|AMPL_YEAST	MULTIPLE	1	25	50	13	6.470e-07	{EN}
sp|P14906|SEC63_YEAST	SINGLE	1	626	659	14	1.196e-09	{D}
sp|P14906|SEC63_YEAST	SINGLE	2	88	116	9	6.268e-06	{I}
sp|P14906|SEC63_YEAST	MULTIPLE	1	617	663	26	1.101e-12	{DE}
sp|P14907|NSP1_YEAST	SINGLE	1	46	97	17	2.869e-11	{N}
sp|P14907|NSP1_YEAST	SINGLE	2	115	175	15	3.058e-08	{N}
sp|P14907|NSP1_YEAST	SINGLE	3	754	790	11	2.593e-07	{N}
sp|P14907|NSP1_YEAST	SINGLE	4	2	28	9	1.089e-06	{N}
sp|P14907|NSP1_YEAST	SINGLE	5	86	135	14	6.506e-06	{S}
sp|P14907|NSP1_YEAST	MULTIPLE	1	46	136	43	2.223e-17	{NS}
sp|P14907|NSP1_YEAST	MULTIPLE	2	115	175	26	2.183e-10	{NG}
sp|P14907|NSP1_YEAST	MULTIPLE	3	754	799	26	6.429e-10	{NSI}
sp|P14907|NSP1_YEAST	WHOLE	1	1	823	90	1.248e-15	{N}
sp|P14907|NSP1_YEAST	WHOLE	2	1	823	120	1.481e-13	{S}
sp|P14907|NSP1_YEAST	WHOLE	3	1	823	90	7.934e-08	{K}
sp|P14907|NSP1_YEAST	WHOLE	4	1	823	62	5.823e-07	{F}
sp|P14922|CYC8_YEAST	SINGLE	1	491	672	93	1.053e-75	{Q}
sp|P14922|CYC8_YEAST	SINGLE	2	15	30	16	1.527e-22	{Q}
sp|P14922|CYC8_YEAST	SINGLE	3	494	556	32	3.026e-19	{A}
sp|P14922|CYC8_YEAST	SINGLE	4	467	474	5	7.464e-06	{Q}
sp|P14922|CYC8_YEAST	SINGLE	5	815	841	10	8.975e-06	{S}
sp|P14922|CYC8_YEAST	MULTIPLE	1	491	668	128	6.687e-76	{QA}
sp|P14922|CYC8_YEAST	MULTIPLE	2	414	451	17	6.407e-09	{PN}
sp|P14922|CYC8_YEAST	MULTIPLE	3	907	952	20	1.956e-07	{ET}
sp|P14922|CYC8_YEAST	WHOLE	1	1	966	166	1.921e-51	{Q}
sp|P14922|CYC8_YEAST	WHOLE	2	1	966	122	7.681e-08	{A}
sp|P15019|TAL1_YEAST	SINGLE	1	222	230	5	8.228e-06	{Y}
sp|P15108|HSC82_YEAST	SINGLE	1	212	265	21	6.672e-12	{E}
sp|P15108|HSC82_YEAST	SINGLE	2	224	257	13	4.663e-08	{K}
sp|P15108|HSC82_YEAST	SINGLE	3	525	544	10	1.270e-07	{E}
sp|P15108|HSC82_YEAST	SINGLE	4	676	703	11	5.994e-07	{E}
sp|P15108|HSC82_YEAST	SINGLE	5	597	605	6	9.427e-06	{S}
sp|P15108|HSC82_YEAST	MULTIPLE	1	211	265	36	1.100e-19	{EK}
sp|P15108|HSC82_YEAST	MULTIPLE	2	582	605	11	3.466e-06	{SM}
sp|P15108|HSC82_YEAST	WHOLE	1	1	705	96	5.597e-12	{E}
sp|P15108|HSC82_YEAST	WHOLE	2	1	705	73	6.651e-06	{K}
sp|P15180|SYKC_YEAST	SINGLE	1	29	61	12	2.885e-07	{K}
sp|P15180|SYKC_YEAST	SINGLE	2	229	264	10	4.511e-06	{R}
sp|P15180|SYKC_YEAST	MULTIPLE	1	33	61	18	2.877e-09	{KA}
sp|P15274|AMPD_YEAST	SINGLE	1	599	607	6	2.149e-07	{Y}
sp|P15274|AMPD_YEAST	SINGLE	2	228	233	5	1.270e-06	{P}
sp|P15274|AMPD_YEAST	SINGLE	3	362	384	6	7.449e-06	{H}
sp|P15315|CUP2_YEAST	SINGLE	1	43	105	9	6.807e-07	{C}
sp|P15424|MS116_YEAST	SINGLE	1	620	662	13	1.727e-08	{N}
sp|P15424|MS116_YEAST	SINGLE	2	35	74	13	2.234e-08	{R}
sp|P15424|MS116_YEAST	SINGLE	3	39	66	10	1.313e-07	{N}
sp|P15424|MS116_YEAST	SINGLE	4	503	524	9	4.301e-06	{E}
sp|P15424|MS116_YEAST	MULTIPLE	1	616	662	31	3.357e-14	{NRS}
sp|P15424|MS116_YEAST	MULTIPLE	2	35	74	23	2.002e-14	{RN}
sp|P15442|GCN2_YEAST	SINGLE	1	187	191	5	5.313e-07	{D}
sp|P15442|GCN2_YEAST	SINGLE	2	744	751	6	3.387e-06	{S}
sp|P15442|GCN2_YEAST	MULTIPLE	1	730	761	18	5.679e-09	{SD}
sp|P15442|GCN2_YEAST	MULTIPLE	2	664	691	16	8.078e-08	{ES}
sp|P15442|GCN2_YEAST	MULTIPLE	3	566	594	15	1.996e-07	{RS}
sp|P15442|GCN2_YEAST	WHOLE	1	1	1659	166	5.278e-06	{S}
sp|P15442|GCN2_YEAST	WHOLE	2	1	1659	109	5.385e-06	{N}
sp|P15442|GCN2_YEAST	WHOLE	3	1	1659	120	9.898e-06	{I}
sp|P15565|TRM1_YEAST	SINGLE	1	95	100	5	5.074e-06	{K}
sp|P15624|SYFB_YEAST	SINGLE	1	23	51	10	7.520e-06	{E}
sp|P15646|FBRL_YEAST	SINGLE	1	6	83	43	3.476e-30	{G}
sp|P15646|FBRL_YEAST	SINGLE	2	4	81	18	1.970e-08	{R}
sp|P15646|FBRL_YEAST	MULTIPLE	1	4	83	61	3.814e-41	{GR}
sp|P15646|FBRL_YEAST	WHOLE	1	1	327	62	5.713e-14	{G}
sp|P15646|FBRL_YEAST	WHOLE	2	1	327	35	5.779e-06	{R}
sp|P15705|STI1_YEAST	MULTIPLE	1	204	268	26	1.166e-07	{ES}
sp|P15790|CSK21_YEAST	SINGLE	1	59	84	11	1.490e-07	{K}
sp|P15790|CSK21_YEAST	MULTIPLE	1	118	144	10	7.949e-06	{IH}
sp|P15801|DPOG_YEAST	SINGLE	1	781	803	9	4.399e-06	{K}
sp|P15801|DPOG_YEAST	MULTIPLE	1	1	21	10	4.311e-07	{RM}
sp|P15801|DPOG_YEAST	WHOLE	1	1	1254	122	3.119e-07	{K}
sp|P15891|ABP1_YEAST	SINGLE	1	488	505	11	1.740e-09	{E}
sp|P15891|ABP1_YEAST	SINGLE	2	436	444	7	5.274e-08	{D}
sp|P15891|ABP1_YEAST	SINGLE	3	518	522	5	2.221e-07	{P}
sp|P15891|ABP1_YEAST	SINGLE	4	331	373	14	2.682e-07	{E}
sp|P15891|ABP1_YEAST	SINGLE	5	378	399	8	3.704e-06	{P}
sp|P15891|ABP1_YEAST	SINGLE	6	158	186	9	4.065e-06	{P}
sp|P15891|ABP1_YEAST	SINGLE	7	429	434	5	6.509e-06	{E}
sp|P15891|ABP1_YEAST	SINGLE	8	196	202	5	9.952e-06	{D}
sp|P15891|ABP1_YEAST	MULTIPLE	1	335	373	18	3.799e-08	{EP}
sp|P15891|ABP1_YEAST	WHOLE	1	1	592	66	7.141e-11	{P}
sp|P15891|ABP1_YEAST	WHOLE	2	1	592	75	1.919e-08	{E}
sp|P15938|PRP16_YEAST	SINGLE	1	1041	1068	10	3.383e-06	{K}
sp|P15938|PRP16_YEAST	MULTIPLE	1	245	262	11	1.086e-06	{IS}
sp|P15992|HSP26_YEAST	SINGLE	1	3	11	5	9.817e-06	{F}
sp|P16140|VATB_YEAST	SINGLE	1	482	500	8	3.679e-06	{D}
sp|P16387|ODPA_YEAST	SINGLE	1	160	196	12	2.405e-06	{G}
sp|P16474|BIP_YEAST	SINGLE	1	664	675	8	3.596e-08	{D}
sp|P16521|EF3A_YEAST	SINGLE	1	1009	1031	13	1.159e-10	{K}
sp|P16603|NCPR_YEAST	SINGLE	1	442	449	6	3.387e-06	{S}
sp|P16649|TUP1_YEAST	SINGLE	1	97	118	18	1.755e-21	{Q}
sp|P16649|TUP1_YEAST	SINGLE	2	181	198	14	2.087e-16	{Q}
sp|P16649|TUP1_YEAST	SINGLE	3	399	422	16	2.101e-14	{T}
sp|P16649|TUP1_YEAST	SINGLE	4	255	265	8	2.973e-08	{T}
sp|P16649|TUP1_YEAST	SINGLE	5	135	148	7	7.722e-06	{T}
sp|P16649|TUP1_YEAST	SINGLE	6	388	406	7	8.205e-06	{N}
sp|P16649|TUP1_YEAST	SINGLE	7	120	144	10	8.426e-06	{A}
sp|P16649|TUP1_YEAST	MULTIPLE	1	388	419	23	3.242e-16	{TN}
sp|P16649|TUP1_YEAST	MULTIPLE	2	120	148	17	2.703e-08	{TA}
sp|P16649|TUP1_YEAST	WHOLE	1	1	713	61	2.993e-07	{Q}
sp|P16862|PFKA2_YEAST	SINGLE	1	151	157	5	4.239e-06	{P}
sp|P17065|SEC2_YEAST	SINGLE	1	542	612	28	1.948e-14	{S}
sp|P17065|SEC2_YEAST	SINGLE	2	160	215	18	3.428e-08	{S}
sp|P17065|SEC2_YEAST	SINGLE	3	645	664	9	1.095e-06	{K}
sp|P17065|SEC2_YEAST	MULTIPLE	1	160	215	23	1.445e-08	{SN}
sp|P17065|SEC2_YEAST	WHOLE	1	1	759	101	1.456e-09	{S}
sp|P17076|RL8A_YEAST	WHOLE	1	1	256	36	2.421e-06	{K}
sp|P17106|CBF1_YEAST	SINGLE	1	184	198	8	3.938e-07	{D}
sp|P17119|KAR3_YEAST	SINGLE	1	319	370	15	5.823e-07	{E}
sp|P17119|KAR3_YEAST	SINGLE	2	285	320	11	6.123e-06	{K}
sp|P17119|KAR3_YEAST	SINGLE	3	191	214	9	6.603e-06	{K}
sp|P17119|KAR3_YEAST	SINGLE	4	555	564	6	9.234e-06	{T}
sp|P17119|KAR3_YEAST	MULTIPLE	1	280	370	41	2.553e-14	{EK}
sp|P17119|KAR3_YEAST	WHOLE	1	1	729	80	3.264e-07	{K}
sp|P17119|KAR3_YEAST	WHOLE	2	1	729	61	5.327e-07	{N}
sp|P17214|EST1_YEAST	MULTIPLE	1	107	128	10	5.389e-06	{RF}
sp|P17260|KRE1_YEAST	SINGLE	1	29	150	47	2.213e-25	{T}
sp|P17260|KRE1_YEAST	SINGLE	2	145	169	18	7.892e-16	{S}
sp|P17260|KRE1_YEAST	SINGLE	3	211	245	14	7.503e-09	{T}
sp|P17260|KRE1_YEAST	SINGLE	4	52	58	6	1.498e-06	{A}
sp|P17260|KRE1_YEAST	MULTIPLE	1	44	178	75	8.318e-31	{TS}
sp|P17260|KRE1_YEAST	MULTIPLE	2	22	43	13	1.329e-06	{VA}
sp|P17260|KRE1_YEAST	WHOLE	1	1	313	79	4.031e-27	{T}
sp|P17260|KRE1_YEAST	WHOLE	2	1	313	49	1.710e-07	{S}
sp|P17442|PHO81_YEAST	SINGLE	1	222	253	25	1.800e-28	{N}
sp|P17442|PHO81_YEAST	SINGLE	2	771	806	12	2.768e-07	{D}
sp|P17442|PHO81_YEAST	SINGLE	3	217	221	5	5.313e-07	{D}
sp|P17442|PHO81_YEAST	SINGLE	4	998	1022	9	1.565e-06	{I}
sp|P17442|PHO81_YEAST	MULTIPLE	1	768	813	18	6.527e-08	{DF}
sp|P17442|PHO81_YEAST	WHOLE	1	1	1178	107	5.730e-13	{N}
sp|P17442|PHO81_YEAST	WHOLE	2	1	1178	98	2.355e-07	{I}
sp|P17505|MDHM_YEAST	SINGLE	1	120	131	7	9.586e-06	{A}
sp|P17536|TPM1_YEAST	SINGLE	1	130	191	18	4.122e-08	{E}
sp|P17536|TPM1_YEAST	SINGLE	2	14	40	10	3.623e-06	{E}
sp|P17536|TPM1_YEAST	SINGLE	3	92	104	7	5.621e-06	{E}
sp|P17536|TPM1_YEAST	WHOLE	1	1	199	45	1.301e-13	{E}
sp|P17555|CAP_YEAST	SINGLE	1	275	285	9	5.281e-11	{P}
sp|P17555|CAP_YEAST	SINGLE	2	354	370	7	5.840e-06	{P}
sp|P17555|CAP_YEAST	MULTIPLE	1	266	286	18	5.016e-14	{PA}
sp|P17629|HPR1_YEAST	WHOLE	1	1	752	61	1.369e-06	{N}
sp|P17695|GLRX2_YEAST	SINGLE	1	12	17	5	1.661e-06	{I}
sp|P17883|SKI3_YEAST	SINGLE	1	361	409	17	4.992e-09	{E}
sp|P17883|SKI3_YEAST	SINGLE	2	355	400	14	1.038e-07	{D}
sp|P17883|SKI3_YEAST	MULTIPLE	1	331	409	47	3.878e-16	{EDK}
sp|P17883|SKI3_YEAST	WHOLE	1	1	1432	115	1.530e-07	{I}
sp|P17890|RPC7_YEAST	SINGLE	1	184	244	22	5.859e-13	{D}
sp|P17890|RPC7_YEAST	MULTIPLE	1	180	248	36	6.468e-16	{DE}
sp|P17890|RPC7_YEAST	WHOLE	1	1	251	35	4.028e-07	{D}
sp|P17891|CLC1_YEAST	SINGLE	1	10	69	15	6.082e-07	{D}
sp|P17891|CLC1_YEAST	WHOLE	1	1	233	36	2.208e-08	{D}
sp|P17898|CPT1_YEAST	WHOLE	1	1	393	37	6.891e-07	{F}
sp|P17967|PDI_YEAST	SINGLE	1	267	272	5	6.509e-06	{E}
sp|P17967|PDI_YEAST	MULTIPLE	1	495	517	16	2.653e-09	{EA}
sp|P18238|ADT3_YEAST	MULTIPLE	1	239	246	6	2.778e-06	{MR}
sp|P18239|ADT2_YEAST	MULTIPLE	1	250	257	6	2.778e-06	{MR}
sp|P18409|MDM10_YEAST	WHOLE	1	1	493	66	5.726e-07	{S}
sp|P18410|SPO7_YEAST	SINGLE	1	17	48	11	7.338e-06	{S}
sp|P18410|SPO7_YEAST	MULTIPLE	1	17	48	15	9.920e-07	{SR}
sp|P18412|TEC1_YEAST	MULTIPLE	1	378	394	12	1.306e-07	{ES}
sp|P18412|TEC1_YEAST	WHOLE	1	1	486	61	9.830e-06	{S}
sp|P18480|SNF5_YEAST	SINGLE	1	163	279	83	5.101e-85	{Q}
sp|P18480|SNF5_YEAST	SINGLE	2	31	93	26	2.456e-19	{Q}
sp|P18480|SNF5_YEAST	SINGLE	3	72	132	22	1.820e-14	{P}
sp|P18480|SNF5_YEAST	SINGLE	4	837	882	13	1.055e-07	{P}
sp|P18480|SNF5_YEAST	SINGLE	5	669	683	8	1.265e-07	{R}
sp|P18480|SNF5_YEAST	SINGLE	6	892	904	7	3.640e-07	{N}
sp|P18480|SNF5_YEAST	SINGLE	7	287	324	10	6.113e-06	{P}
sp|P18480|SNF5_YEAST	MULTIPLE	1	31	146	59	5.584e-31	{QP}
sp|P18480|SNF5_YEAST	MULTIPLE	2	662	683	13	2.910e-08	{RD}
sp|P18480|SNF5_YEAST	WHOLE	1	1	905	151	2.337e-45	{Q}
sp|P18480|SNF5_YEAST	WHOLE	2	1	905	81	1.686e-08	{P}
sp|P18494|GLN3_YEAST	SINGLE	1	186	240	21	3.969e-15	{N}
sp|P18494|GLN3_YEAST	SINGLE	2	413	475	21	9.154e-14	{N}
sp|P18494|GLN3_YEAST	SINGLE	3	479	499	14	7.064e-12	{S}
sp|P18494|GLN3_YEAST	SINGLE	4	223	296	22	5.588e-09	{S}
sp|P18494|GLN3_YEAST	SINGLE	5	645	689	16	3.937e-08	{S}
sp|P18494|GLN3_YEAST	SINGLE	6	147	209	19	4.553e-08	{S}
sp|P18494|GLN3_YEAST	SINGLE	7	602	628	10	8.824e-08	{N}
sp|P18494|GLN3_YEAST	SINGLE	8	510	534	9	5.181e-07	{N}
sp|P18494|GLN3_YEAST	SINGLE	9	81	100	9	1.124e-06	{T}
sp|P18494|GLN3_YEAST	SINGLE	10	616	631	8	5.165e-06	{S}
sp|P18494|GLN3_YEAST	SINGLE	11	591	598	5	7.464e-06	{Q}
sp|P18494|GLN3_YEAST	MULTIPLE	1	147	299	73	1.073e-28	{NS}
sp|P18494|GLN3_YEAST	MULTIPLE	2	477	499	19	1.697e-14	{SR}
sp|P18494|GLN3_YEAST	MULTIPLE	3	645	689	21	3.905e-09	{SN}
sp|P18494|GLN3_YEAST	MULTIPLE	4	602	628	19	1.227e-12	{NS}
sp|P18494|GLN3_YEAST	MULTIPLE	5	508	562	30	9.801e-13	{NSM}
sp|P18494|GLN3_YEAST	WHOLE	1	1	730	105	7.206e-27	{N}
sp|P18494|GLN3_YEAST	WHOLE	2	1	730	141	9.751e-27	{S}
sp|P18852|GBG_YEAST	SINGLE	1	11	22	10	1.400e-12	{Q}
sp|P18888|SNF6_YEAST	SINGLE	1	264	276	11	7.162e-14	{Q}
sp|P18899|DDR48_YEAST	SINGLE	1	103	416	101	1.165e-38	{S}
sp|P18899|DDR48_YEAST	SINGLE	2	66	193	40	1.264e-23	{N}
sp|P18899|DDR48_YEAST	SINGLE	3	211	280	19	7.613e-11	{N}
sp|P18899|DDR48_YEAST	SINGLE	4	12	24	9	3.077e-10	{N}
sp|P18899|DDR48_YEAST	SINGLE	5	342	417	19	3.521e-10	{N}
sp|P18899|DDR48_YEAST	MULTIPLE	1	65	417	198	4.826e-91	{SN}
sp|P18899|DDR48_YEAST	WHOLE	1	1	430	100	1.185e-43	{N}
sp|P18899|DDR48_YEAST	WHOLE	2	1	430	114	1.507e-34	{S}
sp|P18899|DDR48_YEAST	WHOLE	3	1	430	58	3.919e-10	{D}
sp|P18899|DDR48_YEAST	WHOLE	4	1	430	43	6.898e-09	{Y}
sp|P18961|YPK2_YEAST	SINGLE	1	35	57	10	2.082e-11	{H}
sp|P19097|FAS2_YEAST	SINGLE	1	98	141	24	1.001e-15	{A}
sp|P19097|FAS2_YEAST	SINGLE	2	274	327	20	1.541e-09	{A}
sp|P19097|FAS2_YEAST	SINGLE	3	1464	1498	12	1.012e-06	{E}
sp|P19097|FAS2_YEAST	SINGLE	4	92	133	11	2.239e-06	{P}
sp|P19097|FAS2_YEAST	SINGLE	5	1107	1142	11	9.797e-06	{E}
sp|P19097|FAS2_YEAST	MULTIPLE	1	98	138	32	1.362e-21	{AP}
sp|P19145|GAP1_YEAST	SINGLE	1	254	264	7	1.412e-06	{G}
sp|P19145|GAP1_YEAST	SINGLE	2	101	132	11	3.325e-06	{G}
sp|P19262|ODO2_YEAST	SINGLE	1	187	217	11	1.187e-06	{K}
sp|P19263|MED14_YEAST	SINGLE	1	324	344	8	1.366e-06	{N}
sp|P19263|MED14_YEAST	SINGLE	2	157	197	10	6.328e-06	{N}
sp|P19263|MED14_YEAST	MULTIPLE	1	324	379	24	5.723e-08	{NL}
sp|P19263|MED14_YEAST	WHOLE	1	1	1082	96	2.807e-11	{N}
sp|P19263|MED14_YEAST	WHOLE	2	1	1082	96	1.854e-08	{I}
sp|P19358|METK2_YEAST	SINGLE	1	237	273	12	2.405e-06	{G}
sp|P19524|MYO2_YEAST	WHOLE	1	1	1574	117	4.013e-06	{I}
sp|P19541|RDS2_YEAST	SINGLE	1	152	159	6	3.387e-06	{S}
sp|P19541|RDS2_YEAST	SINGLE	2	17	45	6	5.499e-06	{C}
sp|P19657|PMA2_YEAST	SINGLE	1	33	47	12	7.174e-12	{S}
sp|P19657|PMA2_YEAST	SINGLE	2	48	61	9	1.489e-07	{A}
sp|P19657|PMA2_YEAST	SINGLE	3	62	75	7	3.777e-06	{D}
sp|P19657|PMA2_YEAST	SINGLE	4	873	890	5	5.176e-06	{W}
sp|P19657|PMA2_YEAST	SINGLE	5	614	619	5	7.177e-06	{G}
sp|P19657|PMA2_YEAST	MULTIPLE	1	873	890	9	3.018e-06	{WV}
sp|P19657|PMA2_YEAST	MULTIPLE	2	725	756	16	1.327e-06	{IL}
sp|P19657|PMA2_YEAST	MULTIPLE	3	322	336	10	4.448e-06	{LI}
sp|P19659|MED15_YEAST	SINGLE	1	406	497	46	1.018e-37	{Q}
sp|P19659|MED15_YEAST	SINGLE	2	655	696	32	2.203e-35	{Q}
sp|P19659|MED15_YEAST	SINGLE	3	127	298	54	2.492e-31	{Q}
sp|P19659|MED15_YEAST	SINGLE	4	423	483	32	8.485e-20	{A}
sp|P19659|MED15_YEAST	SINGLE	5	244	297	19	4.461e-13	{N}
sp|P19659|MED15_YEAST	SINGLE	6	79	131	17	4.042e-11	{N}
sp|P19659|MED15_YEAST	SINGLE	7	357	390	14	4.403e-11	{N}
sp|P19659|MED15_YEAST	SINGLE	8	380	385	6	6.591e-09	{Q}
sp|P19659|MED15_YEAST	SINGLE	9	636	651	8	1.077e-07	{N}
sp|P19659|MED15_YEAST	SINGLE	10	978	1027	15	1.213e-06	{S}
sp|P19659|MED15_YEAST	MULTIPLE	1	406	497	80	5.089e-60	{QA}
sp|P19659|MED15_YEAST	MULTIPLE	2	79	298	96	1.675e-43	{QN}
sp|P19659|MED15_YEAST	MULTIPLE	3	357	390	22	7.438e-16	{NQ}
sp|P19659|MED15_YEAST	WHOLE	1	1	1081	173	4.167e-49	{Q}
sp|P19659|MED15_YEAST	WHOLE	2	1	1081	118	7.617e-20	{N}
sp|P19807|HNM1_YEAST	SINGLE	1	93	107	7	3.040e-06	{I}
sp|P19807|HNM1_YEAST	SINGLE	2	455	481	8	5.684e-06	{F}
sp|P19807|HNM1_YEAST	MULTIPLE	1	460	500	17	2.116e-07	{FV}
sp|P19812|UBR1_YEAST	SINGLE	1	123	189	12	6.951e-10	{C}
sp|P19812|UBR1_YEAST	SINGLE	2	1934	1945	8	3.596e-08	{D}
sp|P19812|UBR1_YEAST	SINGLE	3	1297	1301	4	1.105e-06	{H}
sp|P19812|UBR1_YEAST	SINGLE	4	1883	1890	5	4.541e-06	{F}
sp|P19812|UBR1_YEAST	SINGLE	5	1608	1616	6	5.178e-06	{E}
sp|P19812|UBR1_YEAST	SINGLE	6	1834	1859	9	5.999e-06	{D}
sp|P19812|UBR1_YEAST	MULTIPLE	1	136	189	17	7.442e-12	{CH}
sp|P19812|UBR1_YEAST	MULTIPLE	2	1834	1860	17	5.635e-10	{DE}
sp|P19812|UBR1_YEAST	MULTIPLE	3	1823	1832	8	2.366e-07	{RP}
sp|P19812|UBR1_YEAST	MULTIPLE	4	1193	1217	12	9.259e-06	{DE}
sp|P19812|UBR1_YEAST	WHOLE	1	1	1950	139	4.892e-06	{I}
sp|P19880|AP1_YEAST	SINGLE	1	147	197	13	1.581e-07	{N}
sp|P19880|AP1_YEAST	SINGLE	2	391	469	16	1.907e-07	{N}
sp|P19880|AP1_YEAST	SINGLE	3	517	521	5	5.313e-07	{D}
sp|P19880|AP1_YEAST	SINGLE	4	576	585	6	1.129e-06	{N}
sp|P19880|AP1_YEAST	SINGLE	5	50	59	6	9.064e-06	{K}
sp|P19880|AP1_YEAST	SINGLE	6	332	340	6	9.427e-06	{S}
sp|P19880|AP1_YEAST	MULTIPLE	1	145	197	21	8.687e-09	{ND}
sp|P19880|AP1_YEAST	MULTIPLE	2	576	586	10	8.698e-10	{ND}
sp|P19880|AP1_YEAST	MULTIPLE	3	229	253	14	8.408e-08	{SN}
sp|P19880|AP1_YEAST	MULTIPLE	4	67	95	13	3.523e-06	{RK}
sp|P19880|AP1_YEAST	MULTIPLE	5	279	295	9	2.097e-06	{NF}
sp|P19880|AP1_YEAST	WHOLE	1	1	650	77	1.947e-15	{N}
sp|P19880|AP1_YEAST	WHOLE	2	1	650	82	3.584e-07	{S}
sp|P19882|HSP60_YEAST	SINGLE	1	561	572	5	3.342e-06	{M}
sp|P19882|HSP60_YEAST	MULTIPLE	1	550	572	18	3.524e-12	{MGP}
sp|P20050|HOP1_YEAST	SINGLE	1	136	158	8	3.015e-06	{N}
sp|P20052|PHO80_YEAST	SINGLE	1	253	278	10	6.090e-06	{S}
sp|P20095|PRP2_YEAST	SINGLE	1	158	189	10	5.174e-06	{D}
sp|P20107|ZRC1_YEAST	SINGLE	1	213	238	7	1.012e-06	{H}
sp|P20107|ZRC1_YEAST	SINGLE	2	274	279	5	1.661e-06	{I}
sp|P20107|ZRC1_YEAST	SINGLE	3	133	145	5	5.312e-06	{H}
sp|P20107|ZRC1_YEAST	MULTIPLE	1	133	150	11	7.985e-08	{HS}
sp|P20107|ZRC1_YEAST	WHOLE	1	1	442	45	2.634e-06	{I}
sp|P20134|SFL1_YEAST	SINGLE	1	207	247	14	4.793e-07	{S}
sp|P20134|SFL1_YEAST	SINGLE	2	444	482	11	4.869e-07	{Q}
sp|P20134|SFL1_YEAST	SINGLE	3	382	405	11	5.940e-07	{A}
sp|P20134|SFL1_YEAST	SINGLE	4	246	296	12	1.170e-06	{N}
sp|P20134|SFL1_YEAST	SINGLE	5	612	625	8	1.400e-06	{S}
sp|P20134|SFL1_YEAST	SINGLE	6	134	165	9	5.226e-06	{N}
sp|P20134|SFL1_YEAST	SINGLE	7	9	37	11	5.474e-06	{A}
sp|P20134|SFL1_YEAST	SINGLE	8	20	42	9	7.742e-06	{G}
sp|P20134|SFL1_YEAST	MULTIPLE	1	207	296	35	1.912e-11	{SN}
sp|P20134|SFL1_YEAST	MULTIPLE	2	441	496	23	1.249e-10	{QP}
sp|P20134|SFL1_YEAST	MULTIPLE	3	385	406	14	2.524e-08	{AP}
sp|P20134|SFL1_YEAST	MULTIPLE	4	134	165	17	9.529e-10	{ND}
sp|P20134|SFL1_YEAST	MULTIPLE	5	9	43	25	2.453e-11	{AGP}
sp|P20134|SFL1_YEAST	WHOLE	1	1	766	103	5.951e-10	{S}
sp|P20134|SFL1_YEAST	WHOLE	2	1	766	69	7.073e-09	{N}
sp|P20134|SFL1_YEAST	WHOLE	3	1	766	72	1.443e-08	{P}
sp|P20424|SRP54_YEAST	SINGLE	1	454	540	25	3.187e-21	{M}
sp|P20424|SRP54_YEAST	SINGLE	2	505	515	9	1.187e-09	{G}
sp|P20424|SRP54_YEAST	SINGLE	3	345	390	10	4.470e-08	{M}
sp|P20424|SRP54_YEAST	SINGLE	4	445	480	11	4.188e-07	{P}
sp|P20424|SRP54_YEAST	SINGLE	5	429	444	7	2.192e-06	{Q}
sp|P20424|SRP54_YEAST	SINGLE	6	425	436	5	3.342e-06	{M}
sp|P20424|SRP54_YEAST	SINGLE	7	481	492	6	4.669e-06	{Q}
sp|P20424|SRP54_YEAST	MULTIPLE	1	454	540	37	2.203e-21	{MQ}
sp|P20424|SRP54_YEAST	MULTIPLE	2	425	444	12	4.259e-10	{QM}
sp|P20424|SRP54_YEAST	WHOLE	1	1	541	49	1.098e-16	{M}
sp|P20433|RPB4_YEAST	SINGLE	1	96	112	11	1.378e-10	{D}
sp|P20433|RPB4_YEAST	SINGLE	2	75	83	6	3.865e-06	{K}
sp|P20433|RPB4_YEAST	MULTIPLE	1	75	84	9	1.828e-09	{KH}
sp|P20447|DBP3_YEAST	SINGLE	1	21	53	22	2.420e-19	{K}
sp|P20447|DBP3_YEAST	MULTIPLE	1	20	67	35	1.346e-21	{KE}
sp|P20447|DBP3_YEAST	WHOLE	1	1	523	69	2.028e-09	{K}
sp|P20448|DBP4_YEAST	SINGLE	1	682	697	8	2.395e-06	{E}
sp|P20448|DBP4_YEAST	SINGLE	2	661	674	7	7.560e-06	{K}
sp|P20448|DBP4_YEAST	MULTIPLE	1	677	697	12	2.374e-08	{EM}
sp|P20448|DBP4_YEAST	MULTIPLE	2	665	681	10	2.176e-06	{KR}
sp|P20448|DBP4_YEAST	WHOLE	1	1	770	84	2.176e-07	{K}
sp|P20457|PRI2_YEAST	SINGLE	1	40	44	5	1.948e-06	{S}
sp|P20457|PRI2_YEAST	MULTIPLE	1	509	521	9	7.175e-07	{QK}
sp|P20459|IF2A_YEAST	SINGLE	1	289	303	7	6.688e-06	{D}
sp|P20484|MAK11_YEAST	SINGLE	1	386	408	12	2.080e-09	{K}
sp|P20484|MAK11_YEAST	SINGLE	2	283	289	5	9.952e-06	{D}
sp|P20485|KICH_YEAST	SINGLE	1	353	369	10	4.373e-08	{S}
sp|P20485|KICH_YEAST	SINGLE	2	6	42	10	5.885e-06	{R}
sp|P20485|KICH_YEAST	SINGLE	3	5	48	13	7.261e-06	{S}
sp|P20485|KICH_YEAST	MULTIPLE	1	5	51	24	6.776e-11	{RS}
sp|P20486|CKS1_YEAST	SINGLE	1	118	137	18	4.979e-23	{Q}
sp|P20486|CKS1_YEAST	WHOLE	1	1	150	24	2.772e-08	{Q}
sp|P20676|NUP1_YEAST	SINGLE	1	886	974	22	1.914e-11	{N}
sp|P20676|NUP1_YEAST	SINGLE	2	714	723	7	3.488e-07	{T}
sp|P20676|NUP1_YEAST	SINGLE	3	2	25	10	2.612e-06	{S}
sp|P20676|NUP1_YEAST	SINGLE	4	1028	1061	11	6.426e-06	{G}
sp|P20676|NUP1_YEAST	SINGLE	5	826	839	7	7.722e-06	{T}
sp|P20676|NUP1_YEAST	SINGLE	6	1048	1071	6	9.716e-06	{M}
sp|P20676|NUP1_YEAST	MULTIPLE	1	1028	1063	16	1.522e-08	{GM}
sp|P20676|NUP1_YEAST	MULTIPLE	2	788	846	26	3.698e-11	{TN}
sp|P20676|NUP1_YEAST	MULTIPLE	3	97	126	15	2.490e-06	{RL}
sp|P20676|NUP1_YEAST	MULTIPLE	4	862	884	13	4.551e-06	{SA}
sp|P20676|NUP1_YEAST	WHOLE	1	1	1076	161	1.416e-18	{S}
sp|P20676|NUP1_YEAST	WHOLE	2	1	1076	100	8.194e-13	{N}
sp|P20676|NUP1_YEAST	WHOLE	3	1	1076	118	1.152e-09	{T}
sp|P20676|NUP1_YEAST	WHOLE	4	1	1076	71	8.632e-06	{F}
sp|P20795|VPS33_YEAST	SINGLE	1	654	690	10	7.544e-06	{I}
sp|P20840|SAG1_YEAST	SINGLE	1	339	412	24	7.443e-12	{T}
sp|P20840|SAG1_YEAST	SINGLE	2	506	549	18	4.079e-10	{S}
sp|P20840|SAG1_YEAST	SINGLE	3	569	623	16	8.571e-07	{S}
sp|P20840|SAG1_YEAST	MULTIPLE	1	329	413	43	2.367e-16	{TS}
sp|P20840|SAG1_YEAST	MULTIPLE	2	503	570	32	1.700e-11	{ST}
sp|P20840|SAG1_YEAST	MULTIPLE	3	421	477	25	1.519e-08	{ST}
sp|P20840|SAG1_YEAST	WHOLE	1	1	650	105	6.876e-15	{S}
sp|P20840|SAG1_YEAST	WHOLE	2	1	650	89	2.092e-12	{T}
sp|P21147|ACO1_YEAST	SINGLE	1	391	399	6	3.865e-06	{K}
sp|P21147|ACO1_YEAST	SINGLE	2	196	202	4	7.399e-06	{H}
sp|P21182|DCAM_YEAST	SINGLE	1	98	107	6	9.234e-06	{T}
sp|P21190|IME1_YEAST	SINGLE	1	241	273	13	4.206e-10	{N}
sp|P21190|IME1_YEAST	SINGLE	2	123	148	13	5.594e-09	{S}
sp|P21190|IME1_YEAST	MULTIPLE	1	238	273	17	1.544e-11	{NH}
sp|P21190|IME1_YEAST	MULTIPLE	2	186	210	10	7.037e-06	{YF}
sp|P21190|IME1_YEAST	WHOLE	1	1	360	36	2.049e-06	{N}
sp|P21192|ACE2_YEAST	SINGLE	1	345	376	11	4.877e-08	{N}
sp|P21192|ACE2_YEAST	SINGLE	2	545	588	11	3.646e-06	{P}
sp|P21192|ACE2_YEAST	SINGLE	3	159	171	6	8.081e-06	{N}
sp|P21192|ACE2_YEAST	MULTIPLE	1	545	590	20	1.493e-08	{PT}
sp|P21192|ACE2_YEAST	MULTIPLE	2	32	47	9	2.248e-06	{NP}
sp|P21192|ACE2_YEAST	WHOLE	1	1	770	73	3.242e-10	{N}
sp|P21242|PSA7_YEAST	SINGLE	1	250	266	9	7.812e-08	{D}
sp|P21243|PSA1_YEAST	SINGLE	1	4	10	6	1.498e-06	{A}
sp|P21268|FAR1_YEAST	SINGLE	1	356	373	8	2.255e-06	{D}
sp|P21268|FAR1_YEAST	SINGLE	2	416	424	6	5.178e-06	{E}
sp|P21268|FAR1_YEAST	MULTIPLE	1	416	428	10	2.046e-07	{EK}
sp|P21268|FAR1_YEAST	MULTIPLE	2	630	646	11	1.055e-06	{GV}
sp|P21372|PRP5_YEAST	SINGLE	1	88	102	9	4.488e-08	{K}
sp|P21372|PRP5_YEAST	SINGLE	2	672	717	13	2.378e-06	{K}
sp|P21372|PRP5_YEAST	SINGLE	3	21	30	6	9.064e-06	{K}
sp|P21372|PRP5_YEAST	SINGLE	4	106	112	5	9.952e-06	{D}
sp|P21372|PRP5_YEAST	WHOLE	1	1	849	98	1.725e-09	{K}
sp|P21373|UTR1_YEAST	SINGLE	1	4	38	12	1.245e-08	{N}
sp|P21373|UTR1_YEAST	SINGLE	2	58	98	15	6.704e-08	{S}
sp|P21373|UTR1_YEAST	MULTIPLE	1	1	38	17	4.521e-11	{NM}
sp|P21373|UTR1_YEAST	MULTIPLE	2	58	98	21	1.259e-08	{SG}
sp|P21538|REB1_YEAST	SINGLE	1	180	215	15	7.262e-12	{N}
sp|P21538|REB1_YEAST	SINGLE	2	586	621	17	2.911e-10	{A}
sp|P21538|REB1_YEAST	SINGLE	3	61	101	14	8.186e-10	{N}
sp|P21538|REB1_YEAST	SINGLE	4	117	162	16	1.487e-09	{D}
sp|P21538|REB1_YEAST	SINGLE	5	597	608	8	5.124e-09	{Q}
sp|P21538|REB1_YEAST	SINGLE	6	123	135	8	1.230e-08	{N}
sp|P21538|REB1_YEAST	SINGLE	7	364	402	15	3.086e-08	{S}
sp|P21538|REB1_YEAST	SINGLE	8	216	259	14	5.575e-08	{D}
sp|P21538|REB1_YEAST	SINGLE	9	570	584	8	3.938e-07	{D}
sp|P21538|REB1_YEAST	SINGLE	10	550	555	5	8.737e-07	{Q}
sp|P21538|REB1_YEAST	SINGLE	11	167	174	6	5.523e-06	{A}
sp|P21538|REB1_YEAST	SINGLE	12	778	787	6	9.064e-06	{K}
sp|P21538|REB1_YEAST	MULTIPLE	1	579	621	34	2.782e-18	{AQD}
sp|P21538|REB1_YEAST	MULTIPLE	2	57	97	21	2.559e-11	{ND}
sp|P21538|REB1_YEAST	MULTIPLE	3	114	162	26	3.804e-14	{DN}
sp|P21538|REB1_YEAST	MULTIPLE	4	213	259	21	6.398e-10	{DN}
sp|P21538|REB1_YEAST	MULTIPLE	5	280	304	10	1.584e-06	{HN}
sp|P21538|REB1_YEAST	WHOLE	1	1	810	86	2.682e-14	{N}
sp|P21538|REB1_YEAST	WHOLE	2	1	810	94	1.488e-11	{D}
sp|P21651|RE107_YEAST	MULTIPLE	1	257	268	8	2.065e-07	{RM}
sp|P21691|SIR1_YEAST	SINGLE	1	512	540	10	4.843e-06	{K}
sp|P21691|SIR1_YEAST	MULTIPLE	1	93	112	9	7.196e-06	{CK}
sp|P21801|SDHB_YEAST	SINGLE	1	179	189	5	4.398e-07	{C}
sp|P21801|SDHB_YEAST	MULTIPLE	1	20	35	11	8.566e-07	{AT}
sp|P21825|SEC62_YEAST	SINGLE	1	246	265	11	4.750e-09	{K}
sp|P21827|RCC1_YEAST	SINGLE	1	129	142	8	1.946e-07	{D}
sp|P21951|DPOE_YEAST	SINGLE	1	1586	1635	17	9.875e-07	{L}
sp|P21951|DPOE_YEAST	SINGLE	2	213	228	7	2.126e-06	{N}
sp|P21951|DPOE_YEAST	MULTIPLE	1	308	332	10	3.569e-06	{IM}
sp|P21951|DPOE_YEAST	MULTIPLE	2	1722	1762	16	2.028e-06	{VN}
sp|P21954|IDHP_YEAST	MULTIPLE	1	127	146	11	4.322e-07	{IP}
sp|P21957|OPI1_YEAST	SINGLE	1	286	310	21	2.463e-25	{Q}
sp|P21957|OPI1_YEAST	SINGLE	2	377	387	9	2.693e-11	{Q}
sp|P21957|OPI1_YEAST	SINGLE	3	89	103	10	6.369e-10	{D}
sp|P21957|OPI1_YEAST	SINGLE	4	193	198	5	3.011e-06	{D}
sp|P21957|OPI1_YEAST	WHOLE	1	1	404	47	8.495e-10	{Q}
sp|P22007|FNTB_YEAST	SINGLE	1	144	152	6	5.807e-06	{G}
sp|P22082|SNF2_YEAST	SINGLE	1	207	239	20	1.730e-19	{Q}
sp|P22082|SNF2_YEAST	SINGLE	2	125	194	19	7.613e-11	{N}
sp|P22082|SNF2_YEAST	SINGLE	3	1501	1528	12	2.024e-09	{R}
sp|P22082|SNF2_YEAST	SINGLE	4	310	337	11	9.679e-09	{N}
sp|P22082|SNF2_YEAST	SINGLE	5	1248	1293	16	1.340e-08	{E}
sp|P22082|SNF2_YEAST	SINGLE	6	45	68	10	2.445e-08	{Q}
sp|P22082|SNF2_YEAST	SINGLE	7	1506	1522	9	3.476e-07	{G}
sp|P22082|SNF2_YEAST	SINGLE	8	734	738	5	5.313e-07	{D}
sp|P22082|SNF2_YEAST	MULTIPLE	1	207	239	29	7.244e-23	{QA}
sp|P22082|SNF2_YEAST	MULTIPLE	2	1505	1523	19	1.246e-18	{RG}
sp|P22082|SNF2_YEAST	MULTIPLE	3	1248	1293	21	4.442e-09	{ER}
sp|P22082|SNF2_YEAST	MULTIPLE	4	442	455	8	2.385e-06	{DM}
sp|P22082|SNF2_YEAST	MULTIPLE	5	1441	1456	10	1.006e-06	{KR}
sp|P22082|SNF2_YEAST	WHOLE	1	1	1703	132	8.005e-11	{N}
sp|P22137|CLH_YEAST	SINGLE	1	131	164	9	8.950e-06	{N}
sp|P22137|CLH_YEAST	WHOLE	1	1	1653	128	2.263e-07	{I}
sp|P22137|CLH_YEAST	WHOLE	2	1	1653	205	2.889e-06	{L}
sp|P22146|GAS1_YEAST	SINGLE	1	438	525	41	9.524e-24	{S}
sp|P22146|GAS1_YEAST	SINGLE	2	383	389	5	9.952e-06	{D}
sp|P22146|GAS1_YEAST	WHOLE	1	1	559	82	5.646e-10	{S}
sp|P22147|XRN1_YEAST	SINGLE	1	1373	1449	24	5.025e-14	{P}
sp|P22147|XRN1_YEAST	SINGLE	2	1257	1262	5	8.539e-07	{N}
sp|P22147|XRN1_YEAST	SINGLE	3	546	563	7	2.257e-06	{Y}
sp|P22147|XRN1_YEAST	MULTIPLE	1	1373	1450	36	1.033e-17	{PHM}
sp|P22147|XRN1_YEAST	WHOLE	1	1	1528	138	2.799e-06	{K}
sp|P22148|MSN1_YEAST	SINGLE	1	153	211	15	1.889e-08	{N}
sp|P22148|MSN1_YEAST	MULTIPLE	1	153	211	32	1.154e-11	{NSQ}
sp|P22148|MSN1_YEAST	WHOLE	1	1	382	40	1.940e-07	{N}
sp|P22149|AFT1_YEAST	SINGLE	1	617	657	14	8.685e-10	{Q}
sp|P22149|AFT1_YEAST	SINGLE	2	314	332	11	1.137e-08	{S}
sp|P22149|AFT1_YEAST	SINGLE	3	542	567	9	7.582e-07	{N}
sp|P22149|AFT1_YEAST	SINGLE	4	17	24	6	3.387e-06	{S}
sp|P22149|AFT1_YEAST	SINGLE	5	636	649	5	8.083e-06	{H}
sp|P22149|AFT1_YEAST	SINGLE	6	67	101	7	8.489e-06	{H}
sp|P22149|AFT1_YEAST	MULTIPLE	1	617	659	21	2.911e-14	{QH}
sp|P22149|AFT1_YEAST	MULTIPLE	2	62	107	13	4.028e-06	{HN}
sp|P22149|AFT1_YEAST	MULTIPLE	3	142	161	12	1.510e-07	{KR}
sp|P22149|AFT1_YEAST	WHOLE	1	1	690	63	1.812e-08	{N}
sp|P22149|AFT1_YEAST	WHOLE	2	1	690	38	2.097e-07	{H}
sp|P22211|NPR1_YEAST	SINGLE	1	316	413	30	4.830e-12	{S}
sp|P22211|NPR1_YEAST	SINGLE	2	136	194	22	4.213e-11	{S}
sp|P22211|NPR1_YEAST	SINGLE	3	34	100	22	7.005e-10	{S}
sp|P22211|NPR1_YEAST	SINGLE	4	249	292	17	3.499e-09	{S}
sp|P22211|NPR1_YEAST	SINGLE	5	782	786	5	9.015e-07	{K}
sp|P22211|NPR1_YEAST	SINGLE	6	176	187	6	4.547e-06	{N}
sp|P22211|NPR1_YEAST	SINGLE	7	270	302	9	6.876e-06	{N}
sp|P22211|NPR1_YEAST	MULTIPLE	1	316	417	47	2.361e-15	{SNH}
sp|P22211|NPR1_YEAST	MULTIPLE	2	136	194	29	9.105e-13	{SN}
sp|P22211|NPR1_YEAST	MULTIPLE	3	249	304	33	1.103e-13	{SNF}
sp|P22211|NPR1_YEAST	WHOLE	1	1	790	143	3.034e-24	{S}
sp|P22211|NPR1_YEAST	WHOLE	2	1	790	62	3.094e-06	{N}
sp|P22213|SLY1_YEAST	WHOLE	1	1	666	53	9.718e-06	{N}
sp|P22214|SEC22_YEAST	SINGLE	1	202	212	6	1.352e-06	{F}
sp|P22216|RAD53_YEAST	SINGLE	1	760	782	9	2.263e-07	{N}
sp|P22216|RAD53_YEAST	SINGLE	2	508	530	9	2.353e-07	{Q}
sp|P22216|RAD53_YEAST	SINGLE	3	743	750	6	3.387e-06	{S}
sp|P22216|RAD53_YEAST	MULTIPLE	1	473	491	12	1.191e-07	{SQ}
sp|P22219|VPS15_YEAST	SINGLE	1	721	726	5	1.661e-06	{I}
sp|P22219|VPS15_YEAST	SINGLE	2	887	917	9	3.925e-06	{N}
sp|P22219|VPS15_YEAST	MULTIPLE	1	1237	1260	10	1.074e-06	{IC}
sp|P22219|VPS15_YEAST	MULTIPLE	2	299	312	9	1.248e-07	{FY}
sp|P22219|VPS15_YEAST	WHOLE	1	1	1454	137	4.935e-13	{I}
sp|P22219|VPS15_YEAST	WHOLE	2	1	1454	106	8.389e-08	{N}
sp|P22224|SEC15_YEAST	SINGLE	1	672	704	10	2.454e-06	{I}
sp|P22224|SEC15_YEAST	SINGLE	2	880	901	9	9.901e-06	{S}
sp|P22224|SEC15_YEAST	WHOLE	1	1	910	77	2.030e-06	{I}
sp|P22276|RPC2_YEAST	WHOLE	1	1	1149	93	1.336e-06	{I}
sp|P22289|QCR9_YEAST	SINGLE	1	60	65	5	3.011e-06	{D}
sp|P22336|RFA1_YEAST	SINGLE	1	142	177	11	1.904e-07	{N}
sp|P22336|RFA1_YEAST	WHOLE	1	1	621	55	3.259e-07	{N}
sp|P22515|UBA1_YEAST	MULTIPLE	1	773	799	12	3.126e-06	{DN}
sp|P22516|CHL1_YEAST	MULTIPLE	1	433	451	11	6.477e-06	{LN}
sp|P22543|VPS34_YEAST	SINGLE	1	437	472	12	4.099e-06	{S}
sp|P22543|VPS34_YEAST	SINGLE	2	758	769	6	7.194e-06	{P}
sp|P22543|VPS34_YEAST	WHOLE	1	1	875	121	2.028e-06	{L}
sp|P22579|SIN3_YEAST	SINGLE	1	480	519	21	1.316e-18	{Q}
sp|P22579|SIN3_YEAST	SINGLE	2	1092	1110	10	6.792e-08	{E}
sp|P22579|SIN3_YEAST	SINGLE	3	340	397	14	1.178e-07	{Q}
sp|P22579|SIN3_YEAST	SINGLE	4	200	208	6	4.718e-07	{N}
sp|P22579|SIN3_YEAST	SINGLE	5	111	117	6	9.125e-07	{S}
sp|P22579|SIN3_YEAST	SINGLE	6	1019	1054	12	4.099e-06	{S}
sp|P22579|SIN3_YEAST	SINGLE	7	613	620	5	7.464e-06	{Q}
sp|P22579|SIN3_YEAST	MULTIPLE	1	476	519	36	2.275e-23	{QAH}
sp|P22579|SIN3_YEAST	MULTIPLE	2	195	215	13	7.474e-09	{ND}
sp|P22579|SIN3_YEAST	MULTIPLE	3	1017	1054	16	9.088e-07	{SF}
sp|P22579|SIN3_YEAST	MULTIPLE	4	303	314	8	4.726e-06	{TN}
sp|P22579|SIN3_YEAST	WHOLE	1	1	1536	116	4.822e-09	{Q}
sp|P22768|ASSY_YEAST	MULTIPLE	1	196	221	13	3.437e-07	{DP}
sp|P22855|MAN1_YEAST	SINGLE	1	492	506	8	1.486e-06	{G}
sp|P22855|MAN1_YEAST	SINGLE	2	389	400	6	2.599e-06	{F}
sp|P22936|APN1_YEAST	SINGLE	1	305	366	18	1.931e-08	{K}
sp|P22936|APN1_YEAST	SINGLE	2	274	309	11	9.797e-06	{E}
sp|P22936|APN1_YEAST	MULTIPLE	1	274	367	35	1.034e-09	{KE}
sp|P23201|SPA2_YEAST	SINGLE	1	1278	1300	13	2.160e-10	{E}
sp|P23201|SPA2_YEAST	SINGLE	2	759	780	11	5.902e-09	{D}
sp|P23201|SPA2_YEAST	SINGLE	3	184	189	6	7.542e-08	{E}
sp|P23201|SPA2_YEAST	SINGLE	4	320	335	9	1.480e-07	{E}
sp|P23201|SPA2_YEAST	SINGLE	5	321	339	9	6.418e-07	{K}
sp|P23201|SPA2_YEAST	SINGLE	6	1294	1315	9	1.201e-06	{D}
sp|P23201|SPA2_YEAST	SINGLE	7	817	845	11	2.462e-06	{S}
sp|P23201|SPA2_YEAST	MULTIPLE	1	1278	1315	23	1.672e-12	{ED}
sp|P23201|SPA2_YEAST	MULTIPLE	2	320	336	17	5.663e-16	{EK}
sp|P23201|SPA2_YEAST	WHOLE	1	1	1466	173	9.656e-11	{S}
sp|P23201|SPA2_YEAST	WHOLE	2	1	1466	145	1.989e-07	{E}
sp|P23201|SPA2_YEAST	WHOLE	3	1	1466	139	2.293e-07	{K}
sp|P23201|SPA2_YEAST	WHOLE	4	1	1466	98	7.417e-06	{N}
sp|P23202|URE2_YEAST	SINGLE	1	3	79	33	7.845e-25	{N}
sp|P23202|URE2_YEAST	SINGLE	2	83	89	5	2.926e-06	{Q}
sp|P23202|URE2_YEAST	WHOLE	1	1	354	46	3.015e-11	{N}
sp|P23255|TAF2_YEAST	SINGLE	1	311	334	16	4.362e-14	{E}
sp|P23255|TAF2_YEAST	SINGLE	2	259	276	10	3.441e-08	{E}
sp|P23255|TAF2_YEAST	SINGLE	3	1300	1350	16	3.483e-08	{K}
sp|P23255|TAF2_YEAST	SINGLE	4	52	58	5	5.528e-06	{I}
sp|P23255|TAF2_YEAST	MULTIPLE	1	401	436	19	8.574e-07	{DIE}
sp|P23255|TAF2_YEAST	WHOLE	1	1	1407	112	3.237e-07	{I}
sp|P23291|KC11_YEAST	SINGLE	1	437	505	37	4.067e-32	{Q}
sp|P23291|KC11_YEAST	SINGLE	2	391	413	16	2.746e-17	{Q}
sp|P23291|KC11_YEAST	SINGLE	3	13	29	8	1.947e-07	{N}
sp|P23291|KC11_YEAST	MULTIPLE	1	364	381	9	7.916e-06	{NP}
sp|P23291|KC11_YEAST	WHOLE	1	1	538	72	3.401e-17	{Q}
sp|P23292|KC12_YEAST	SINGLE	1	412	451	24	5.840e-23	{Q}
sp|P23292|KC12_YEAST	SINGLE	2	475	492	12	6.182e-13	{Q}
sp|P23292|KC12_YEAST	SINGLE	3	12	55	12	2.116e-07	{N}
sp|P23292|KC12_YEAST	SINGLE	4	379	409	8	2.424e-07	{H}
sp|P23292|KC12_YEAST	MULTIPLE	1	412	445	31	1.786e-25	{QA}
sp|P23292|KC12_YEAST	MULTIPLE	2	12	69	25	1.057e-09	{NS}
sp|P23292|KC12_YEAST	WHOLE	1	1	546	61	1.805e-11	{Q}
sp|P23293|BUR1_YEAST	SINGLE	1	540	596	14	8.834e-08	{N}
sp|P23293|BUR1_YEAST	SINGLE	2	484	525	12	1.212e-07	{N}
sp|P23293|BUR1_YEAST	SINGLE	3	427	488	14	6.872e-07	{P}
sp|P23293|BUR1_YEAST	MULTIPLE	1	439	519	29	2.692e-11	{NP}
sp|P23337|GYS1_YEAST	SINGLE	1	693	700	6	7.378e-07	{D}
sp|P23337|GYS1_YEAST	MULTIPLE	1	676	700	15	9.501e-10	{DN}
sp|P23503|NAR1_YEAST	SINGLE	1	392	399	6	5.523e-06	{A}
sp|P23503|NAR1_YEAST	MULTIPLE	1	53	80	12	1.521e-06	{SC}
sp|P23561|STE11_YEAST	SINGLE	1	450	469	8	8.840e-07	{N}
sp|P23561|STE11_YEAST	SINGLE	2	556	600	11	7.607e-06	{I}
sp|P23561|STE11_YEAST	MULTIPLE	1	447	479	15	4.256e-07	{NE}
sp|P23561|STE11_YEAST	MULTIPLE	2	563	613	20	1.653e-07	{IK}
sp|P23585|HXT2_YEAST	SINGLE	1	468	503	12	6.136e-09	{F}
sp|P23585|HXT2_YEAST	SINGLE	2	423	431	5	9.817e-06	{F}
sp|P23585|HXT2_YEAST	WHOLE	1	1	541	43	6.859e-06	{F}
sp|P23594|PP2A1_YEAST	SINGLE	1	28	35	5	7.298e-06	{N}
sp|P23595|PP2A2_YEAST	SINGLE	1	2	49	13	1.264e-06	{D}
sp|P23595|PP2A2_YEAST	MULTIPLE	1	1	49	17	6.336e-08	{DM}
sp|P23615|SPT6_YEAST	SINGLE	1	260	283	12	6.866e-09	{E}
sp|P23615|SPT6_YEAST	SINGLE	2	14	52	15	7.827e-09	{E}
sp|P23615|SPT6_YEAST	SINGLE	3	156	162	6	4.936e-07	{E}
sp|P23615|SPT6_YEAST	SINGLE	4	194	210	8	1.327e-06	{D}
sp|P23615|SPT6_YEAST	SINGLE	5	35	70	11	2.257e-06	{D}
sp|P23615|SPT6_YEAST	MULTIPLE	1	260	283	17	5.840e-12	{EN}
sp|P23615|SPT6_YEAST	MULTIPLE	2	13	70	32	3.143e-15	{ED}
sp|P23615|SPT6_YEAST	MULTIPLE	3	77	99	15	2.172e-07	{RDK}
sp|P23615|SPT6_YEAST	WHOLE	1	1	1451	154	1.206e-09	{E}
sp|P23615|SPT6_YEAST	WHOLE	2	1	1451	123	1.404e-06	{D}
sp|P23615|SPT6_YEAST	WHOLE	3	1	1451	99	3.125e-06	{N}
sp|P23642|VAN1_YEAST	MULTIPLE	1	109	137	12	4.271e-06	{DY}
sp|P23643|VPS3_YEAST	MULTIPLE	1	582	609	12	8.770e-07	{KM}
sp|P23643|VPS3_YEAST	WHOLE	1	1	1011	86	4.798e-07	{I}
sp|P23643|VPS3_YEAST	WHOLE	2	1	1011	105	8.654e-07	{E}
sp|P23643|VPS3_YEAST	WHOLE	3	1	1011	98	3.968e-06	{K}
sp|P23900|FPS1_YEAST	SINGLE	1	50	69	18	4.582e-23	{N}
sp|P23900|FPS1_YEAST	SINGLE	2	13	46	13	2.743e-07	{S}
sp|P23900|FPS1_YEAST	SINGLE	3	503	507	4	1.105e-06	{H}
sp|P23900|FPS1_YEAST	SINGLE	4	176	182	5	4.800e-06	{R}
sp|P23900|FPS1_YEAST	SINGLE	5	552	568	7	6.888e-06	{R}
sp|P23900|FPS1_YEAST	MULTIPLE	1	13	46	18	1.466e-10	{SH}
sp|P23900|FPS1_YEAST	WHOLE	1	1	669	55	2.848e-06	{N}
sp|P24276|SSD1_YEAST	SINGLE	1	51	81	16	2.362e-14	{Q}
sp|P24276|SSD1_YEAST	SINGLE	2	455	503	18	3.149e-09	{S}
sp|P24276|SSD1_YEAST	SINGLE	3	124	145	10	8.431e-09	{N}
sp|P24276|SSD1_YEAST	SINGLE	4	277	284	6	1.689e-07	{Q}
sp|P24276|SSD1_YEAST	SINGLE	5	4	17	7	6.965e-07	{N}
sp|P24276|SSD1_YEAST	MULTIPLE	1	460	503	23	9.101e-11	{SR}
sp|P24276|SSD1_YEAST	MULTIPLE	2	103	164	30	6.261e-13	{NS}
sp|P24276|SSD1_YEAST	MULTIPLE	3	415	427	10	2.046e-07	{KE}
sp|P24276|SSD1_YEAST	MULTIPLE	4	86	109	11	2.249e-06	{PN}
sp|P24276|SSD1_YEAST	WHOLE	1	1	1250	94	1.088e-07	{N}
sp|P24276|SSD1_YEAST	WHOLE	2	1	1250	132	3.506e-06	{S}
sp|P24279|MCM3_YEAST	SINGLE	1	58	76	11	7.507e-10	{D}
sp|P24279|MCM3_YEAST	SINGLE	2	215	243	11	5.689e-07	{T}
sp|P24279|MCM3_YEAST	SINGLE	3	917	941	10	1.606e-06	{E}
sp|P24279|MCM3_YEAST	SINGLE	4	748	755	6	1.846e-06	{E}
sp|P24309|DBR1_YEAST	MULTIPLE	1	128	154	11	1.252e-07	{NW}
sp|P24309|DBR1_YEAST	MULTIPLE	2	241	262	13	3.187e-07	{HKN}
sp|P24384|PRP22_YEAST	WHOLE	1	1	1145	98	6.863e-08	{I}
sp|P24482|DPB2_YEAST	MULTIPLE	1	86	109	11	1.616e-06	{EH}
sp|P24482|DPB2_YEAST	MULTIPLE	2	232	267	21	6.639e-09	{NSQ}
sp|P24583|KPC1_YEAST	SINGLE	1	427	461	8	6.539e-08	{C}
sp|P24583|KPC1_YEAST	SINGLE	2	495	531	8	1.039e-07	{C}
sp|P24783|DBP2_YEAST	SINGLE	1	499	542	24	2.324e-17	{G}
sp|P24783|DBP2_YEAST	SINGLE	2	495	543	12	2.189e-06	{R}
sp|P24783|DBP2_YEAST	MULTIPLE	1	495	543	36	6.466e-24	{GR}
sp|P24783|DBP2_YEAST	WHOLE	1	1	546	68	2.935e-07	{G}
sp|P24784|DBP1_YEAST	SINGLE	1	551	610	18	3.178e-08	{G}
sp|P24784|DBP1_YEAST	SINGLE	2	19	23	5	1.281e-06	{G}
sp|P24784|DBP1_YEAST	MULTIPLE	1	546	613	40	6.121e-16	{GNR}
sp|P24784|DBP1_YEAST	MULTIPLE	2	53	89	21	7.077e-09	{GFR}
sp|P24813|AP2_YEAST	SINGLE	1	31	63	10	1.903e-06	{R}
sp|P24814|GRR1_YEAST	SINGLE	1	38	49	12	4.109e-17	{N}
sp|P24814|GRR1_YEAST	SINGLE	2	1045	1089	19	8.804e-15	{N}
sp|P24814|GRR1_YEAST	SINGLE	3	1114	1124	7	7.644e-08	{N}
sp|P24814|GRR1_YEAST	SINGLE	4	95	146	13	2.017e-07	{N}
sp|P24814|GRR1_YEAST	SINGLE	5	5	12	5	7.298e-06	{N}
sp|P24814|GRR1_YEAST	SINGLE	6	900	906	5	9.952e-06	{D}
sp|P24814|GRR1_YEAST	MULTIPLE	1	95	141	20	4.574e-10	{NQ}
sp|P24814|GRR1_YEAST	WHOLE	1	1	1151	127	1.340e-21	{N}
sp|P24867|PCL1_YEAST	SINGLE	1	185	189	4	1.105e-06	{M}
sp|P24867|PCL1_YEAST	SINGLE	2	241	264	8	4.328e-06	{N}
sp|P24868|CG21_YEAST	SINGLE	1	179	198	9	1.661e-06	{E}
sp|P24868|CG21_YEAST	SINGLE	2	193	202	6	4.935e-06	{D}
sp|P24868|CG21_YEAST	MULTIPLE	1	183	202	14	2.468e-09	{ED}
sp|P24869|CG22_YEAST	SINGLE	1	7	54	12	5.861e-07	{N}
sp|P24869|CG22_YEAST	MULTIPLE	1	203	219	10	5.149e-06	{ED}
sp|P24870|CG23_YEAST	SINGLE	1	106	126	11	1.576e-08	{E}
sp|P25037|UBP1_YEAST	SINGLE	1	741	798	19	1.921e-09	{E}
sp|P25037|UBP1_YEAST	SINGLE	2	32	36	5	1.487e-07	{N}
sp|P25037|UBP1_YEAST	SINGLE	3	532	565	12	7.110e-07	{E}
sp|P25037|UBP1_YEAST	SINGLE	4	162	191	11	8.164e-07	{K}
sp|P25037|UBP1_YEAST	MULTIPLE	1	751	791	24	1.464e-13	{EQ}
sp|P25037|UBP1_YEAST	WHOLE	1	1	809	93	4.887e-08	{E}
sp|P25042|ROX1_YEAST	SINGLE	1	102	123	16	8.736e-18	{Q}
sp|P25042|ROX1_YEAST	SINGLE	2	245	258	10	6.504e-10	{T}
sp|P25042|ROX1_YEAST	SINGLE	3	137	149	9	2.791e-08	{S}
sp|P25042|ROX1_YEAST	SINGLE	4	275	285	6	2.376e-06	{N}
sp|P25042|ROX1_YEAST	SINGLE	5	334	339	4	3.242e-06	{H}
sp|P25042|ROX1_YEAST	SINGLE	6	70	98	10	4.843e-06	{K}
sp|P25042|ROX1_YEAST	SINGLE	7	297	309	6	8.296e-06	{Q}
sp|P25042|ROX1_YEAST	MULTIPLE	1	334	351	10	8.007e-08	{HI}
sp|P25042|ROX1_YEAST	MULTIPLE	2	69	93	17	1.214e-08	{KEY}
sp|P25042|ROX1_YEAST	WHOLE	1	1	368	37	1.483e-06	{Q}
sp|P25046|MED19_YEAST	SINGLE	1	103	119	7	3.565e-06	{Q}
sp|P25046|MED19_YEAST	SINGLE	2	13	25	6	3.765e-06	{Y}
sp|P25046|MED19_YEAST	SINGLE	3	180	210	11	5.189e-06	{S}
sp|P25046|MED19_YEAST	MULTIPLE	1	179	210	16	6.435e-07	{SK}
sp|P25087|ERG6_YEAST	MULTIPLE	1	157	165	7	2.819e-06	{KY}
sp|P25293|NAP1_YEAST	SINGLE	1	366	400	16	1.150e-10	{E}
sp|P25293|NAP1_YEAST	SINGLE	2	372	403	12	6.277e-08	{D}
sp|P25293|NAP1_YEAST	SINGLE	3	155	180	10	2.440e-06	{E}
sp|P25293|NAP1_YEAST	SINGLE	4	328	336	6	5.178e-06	{E}
sp|P25293|NAP1_YEAST	MULTIPLE	1	366	403	28	2.479e-18	{ED}
sp|P25293|NAP1_YEAST	WHOLE	1	1	417	60	5.062e-09	{E}
sp|P25294|SIS1_YEAST	SINGLE	1	75	103	17	2.105e-13	{G}
sp|P25294|SIS1_YEAST	SINGLE	2	141	166	16	3.728e-13	{G}
sp|P25294|SIS1_YEAST	SINGLE	3	146	163	6	1.529e-06	{M}
sp|P25294|SIS1_YEAST	SINGLE	4	100	135	9	6.849e-06	{F}
sp|P25294|SIS1_YEAST	MULTIPLE	1	74	148	51	1.214e-21	{GFS}
sp|P25294|SIS1_YEAST	MULTIPLE	2	141	166	22	6.366e-20	{GM}
sp|P25294|SIS1_YEAST	WHOLE	1	1	352	56	8.555e-10	{G}
sp|P25297|PHO84_YEAST	WHOLE	1	1	587	54	5.723e-06	{I}
sp|P25298|RNA14_YEAST	WHOLE	1	1	677	54	7.733e-06	{N}
sp|P25302|SWI4_YEAST	SINGLE	1	291	331	21	2.352e-18	{N}
sp|P25302|SWI4_YEAST	SINGLE	2	222	275	19	4.461e-13	{N}
sp|P25302|SWI4_YEAST	SINGLE	3	716	725	9	5.119e-12	{Q}
sp|P25302|SWI4_YEAST	SINGLE	4	410	451	14	1.175e-09	{N}
sp|P25302|SWI4_YEAST	SINGLE	5	341	347	6	4.414e-08	{Q}
sp|P25302|SWI4_YEAST	SINGLE	6	433	467	12	2.945e-06	{S}
sp|P25302|SWI4_YEAST	SINGLE	7	379	409	9	4.073e-06	{Q}
sp|P25302|SWI4_YEAST	MULTIPLE	1	407	469	31	1.466e-13	{NS}
sp|P25302|SWI4_YEAST	MULTIPLE	2	367	410	22	3.541e-08	{QNK}
sp|P25302|SWI4_YEAST	MULTIPLE	3	179	188	9	1.214e-07	{ST}
sp|P25302|SWI4_YEAST	WHOLE	1	1	1093	148	4.014e-34	{N}
sp|P25302|SWI4_YEAST	WHOLE	2	1	1093	125	1.374e-07	{S}
sp|P25302|SWI4_YEAST	WHOLE	3	1	1093	88	2.994e-06	{I}
sp|P25303|SCJ1_YEAST	SINGLE	1	95	132	19	3.899e-13	{G}
sp|P25303|SCJ1_YEAST	SINGLE	2	9	20	8	1.727e-06	{L}
sp|P25303|SCJ1_YEAST	MULTIPLE	1	95	132	24	7.184e-15	{GF}
sp|P25303|SCJ1_YEAST	MULTIPLE	2	211	238	11	3.425e-06	{KC}
sp|P25303|SCJ1_YEAST	WHOLE	1	1	377	50	1.550e-06	{G}
sp|P25333|HAL4_YEAST	SINGLE	1	99	160	26	2.872e-14	{S}
sp|P25336|MSH3_YEAST	SINGLE	1	104	117	8	6.393e-07	{E}
sp|P25340|ERG4_YEAST	SINGLE	1	308	344	10	7.157e-07	{Y}
sp|P25340|ERG4_YEAST	SINGLE	2	422	434	6	4.638e-06	{F}
sp|P25340|ERG4_YEAST	WHOLE	1	1	473	39	7.632e-06	{F}
sp|P25340|ERG4_YEAST	WHOLE	2	1	473	38	7.935e-06	{Y}
sp|P25341|KIN82_YEAST	SINGLE	1	34	69	10	1.788e-06	{N}
sp|P25341|KIN82_YEAST	SINGLE	2	300	306	5	4.800e-06	{R}
sp|P25341|KIN82_YEAST	MULTIPLE	1	28	69	18	2.394e-07	{NS}
sp|P25341|KIN82_YEAST	MULTIPLE	2	184	213	13	9.410e-06	{NS}
sp|P25344|STE50_YEAST	SINGLE	1	151	183	12	1.455e-06	{S}
sp|P25344|STE50_YEAST	MULTIPLE	1	64	85	9	9.366e-06	{CD}
sp|P25346|GIT1_YEAST	SINGLE	1	434	446	7	8.968e-07	{I}
sp|P25346|GIT1_YEAST	WHOLE	1	1	518	49	7.044e-06	{I}
sp|P25348|RM32_YEAST	SINGLE	1	75	96	9	2.854e-06	{K}
sp|P25349|YCP4_YEAST	MULTIPLE	1	196	235	27	1.151e-10	{TKA}
sp|P25353|NPP1_YEAST	SINGLE	1	692	702	9	2.493e-09	{S}
sp|P25353|NPP1_YEAST	SINGLE	2	714	741	11	1.274e-07	{D}
sp|P25353|NPP1_YEAST	SINGLE	3	645	660	8	7.437e-07	{D}
sp|P25353|NPP1_YEAST	MULTIPLE	1	718	741	16	6.516e-11	{DI}
sp|P25353|NPP1_YEAST	MULTIPLE	2	645	660	13	3.459e-11	{DN}
sp|P25353|NPP1_YEAST	MULTIPLE	3	102	135	13	2.675e-06	{FI}
sp|P25356|BPH1_YEAST	SINGLE	1	1150	1192	11	1.339e-06	{N}
sp|P25356|BPH1_YEAST	MULTIPLE	1	1150	1193	17	2.418e-08	{NF}
sp|P25356|BPH1_YEAST	WHOLE	1	1	2167	197	2.609e-16	{I}
sp|P25356|BPH1_YEAST	WHOLE	2	1	2167	167	5.673e-13	{N}
sp|P25356|BPH1_YEAST	WHOLE	3	1	2167	141	2.917e-09	{F}
sp|P25357|SNT1_YEAST	SINGLE	1	84	130	18	1.446e-09	{S}
sp|P25357|SNT1_YEAST	SINGLE	2	545	587	15	3.605e-08	{E}
sp|P25357|SNT1_YEAST	SINGLE	3	745	777	13	5.526e-08	{E}
sp|P25357|SNT1_YEAST	SINGLE	4	594	599	6	1.405e-07	{S}
sp|P25357|SNT1_YEAST	SINGLE	5	1159	1193	10	2.740e-06	{P}
sp|P25357|SNT1_YEAST	SINGLE	6	716	744	10	4.843e-06	{K}
sp|P25357|SNT1_YEAST	SINGLE	7	517	546	10	6.818e-06	{K}
sp|P25357|SNT1_YEAST	SINGLE	8	119	137	8	8.162e-06	{T}
sp|P25357|SNT1_YEAST	SINGLE	9	1203	1214	7	9.586e-06	{A}
sp|P25357|SNT1_YEAST	MULTIPLE	1	89	137	26	4.374e-11	{ST}
sp|P25357|SNT1_YEAST	MULTIPLE	2	517	588	41	6.544e-14	{EKI}
sp|P25357|SNT1_YEAST	MULTIPLE	3	714	746	16	7.119e-08	{KR}
sp|P25357|SNT1_YEAST	MULTIPLE	4	1069	1112	19	9.719e-08	{NS}
sp|P25357|SNT1_YEAST	MULTIPLE	5	202	220	12	1.169e-07	{NS}
sp|P25357|SNT1_YEAST	MULTIPLE	6	19	57	18	6.094e-08	{SN}
sp|P25357|SNT1_YEAST	WHOLE	1	1	1226	145	2.205e-09	{S}
sp|P25357|SNT1_YEAST	WHOLE	2	1	1226	92	1.583e-07	{N}
sp|P25357|SNT1_YEAST	WHOLE	3	1	1226	91	5.921e-06	{P}
sp|P25358|ELO2_YEAST	SINGLE	1	97	118	11	9.752e-07	{L}
sp|P25360|PHO87_YEAST	SINGLE	1	140	147	6	3.387e-06	{S}
sp|P25360|PHO87_YEAST	SINGLE	2	255	268	7	3.777e-06	{D}
sp|P25360|PHO87_YEAST	MULTIPLE	1	248	268	12	8.751e-07	{DE}
sp|P25360|PHO87_YEAST	WHOLE	1	1	923	77	3.251e-06	{I}
sp|P25364|HCM1_YEAST	SINGLE	1	221	242	9	4.301e-06	{E}
sp|P25364|HCM1_YEAST	SINGLE	2	548	554	4	7.399e-06	{H}
sp|P25364|HCM1_YEAST	MULTIPLE	1	539	564	11	2.429e-07	{HN}
sp|P25364|HCM1_YEAST	MULTIPLE	2	401	420	16	5.427e-10	{PSQ}
sp|P25368|RRP7_YEAST	SINGLE	1	218	255	12	1.600e-06	{K}
sp|P25369|LSB5_YEAST	SINGLE	1	293	321	10	1.907e-06	{D}
sp|P25369|LSB5_YEAST	SINGLE	2	170	175	5	7.177e-06	{G}
sp|P25369|LSB5_YEAST	MULTIPLE	1	161	177	12	1.451e-07	{GS}
sp|P25369|LSB5_YEAST	MULTIPLE	2	328	342	11	2.434e-07	{SE}
sp|P25374|NFS1_YEAST	SINGLE	1	57	69	8	1.221e-06	{A}
sp|P25374|NFS1_YEAST	SINGLE	2	312	318	5	4.800e-06	{R}
sp|P25376|AGP1_YEAST	MULTIPLE	1	128	173	18	1.229e-06	{GI}
sp|P25377|ADH7_YEAST	SINGLE	1	177	196	9	1.955e-06	{G}
sp|P25384|YC21B_YEAST	SINGLE	1	119	144	9	1.464e-06	{P}
sp|P25384|YC21B_YEAST	MULTIPLE	1	119	136	11	2.657e-08	{PY}
sp|P25384|YC21B_YEAST	WHOLE	1	1	1770	133	4.592e-10	{N}
sp|P25386|USO1_YEAST	SINGLE	1	1079	1135	18	9.680e-09	{E}
sp|P25386|USO1_YEAST	SINGLE	2	1773	1786	9	2.963e-08	{E}
sp|P25386|USO1_YEAST	SINGLE	3	510	523	7	3.627e-07	{F}
sp|P25386|USO1_YEAST	SINGLE	4	1477	1520	14	3.678e-07	{E}
sp|P25386|USO1_YEAST	SINGLE	5	1613	1664	14	3.306e-06	{E}
sp|P25386|USO1_YEAST	SINGLE	6	449	466	7	5.415e-06	{N}
sp|P25386|USO1_YEAST	SINGLE	7	1479	1509	10	9.441e-06	{K}
sp|P25386|USO1_YEAST	MULTIPLE	1	1772	1786	15	1.660e-14	{ED}
sp|P25386|USO1_YEAST	MULTIPLE	2	1477	1522	25	1.524e-11	{EK}
sp|P25386|USO1_YEAST	MULTIPLE	3	1613	1664	20	1.584e-07	{EQ}
sp|P25386|USO1_YEAST	MULTIPLE	4	1270	1304	19	4.223e-09	{KE}
sp|P25386|USO1_YEAST	WHOLE	1	1	1790	256	6.424e-32	{E}
sp|P25386|USO1_YEAST	WHOLE	2	1	1790	204	4.562e-17	{K}
sp|P25386|USO1_YEAST	WHOLE	3	1	1790	216	9.001e-06	{L}
sp|P25389|KCC4_YEAST	SINGLE	1	388	446	22	4.213e-11	{S}
sp|P25389|KCC4_YEAST	SINGLE	2	373	386	8	4.357e-07	{K}
sp|P25389|KCC4_YEAST	SINGLE	3	895	908	7	3.777e-06	{D}
sp|P25389|KCC4_YEAST	SINGLE	4	58	65	5	7.298e-06	{N}
sp|P25389|KCC4_YEAST	MULTIPLE	1	387	448	33	4.127e-15	{SR}
sp|P25389|KCC4_YEAST	MULTIPLE	2	783	801	11	2.850e-07	{DN}
sp|P25389|KCC4_YEAST	WHOLE	1	1	1037	112	6.344e-06	{S}
sp|P25441|RPC4_YEAST	SINGLE	1	337	348	8	8.160e-08	{K}
sp|P25441|RPC4_YEAST	SINGLE	2	25	70	13	2.378e-06	{K}
sp|P25441|RPC4_YEAST	MULTIPLE	1	12	57	25	1.927e-07	{KES}
sp|P25441|RPC4_YEAST	MULTIPLE	2	163	190	15	1.169e-07	{DE}
sp|P25441|RPC4_YEAST	WHOLE	1	1	422	52	1.164e-06	{K}
sp|P25443|RS2_YEAST	SINGLE	1	17	28	6	8.314e-06	{R}
sp|P25454|RAD51_YEAST	SINGLE	1	319	331	7	5.564e-06	{V}
sp|P25491|MAS5_YEAST	SINGLE	1	70	103	15	1.060e-09	{G}
sp|P25491|MAS5_YEAST	MULTIPLE	1	69	103	22	1.104e-13	{GF}
sp|P25491|MAS5_YEAST	MULTIPLE	2	129	168	20	9.144e-08	{CKG}
sp|P25502|PUT3_YEAST	SINGLE	1	253	306	15	5.107e-09	{N}
sp|P25502|PUT3_YEAST	SINGLE	2	869	881	7	3.640e-07	{N}
sp|P25502|PUT3_YEAST	SINGLE	3	142	162	8	1.366e-06	{N}
sp|P25502|PUT3_YEAST	SINGLE	4	199	204	5	3.011e-06	{D}
sp|P25502|PUT3_YEAST	SINGLE	5	34	60	6	3.540e-06	{C}
sp|P25502|PUT3_YEAST	SINGLE	6	148	154	5	9.952e-06	{D}
sp|P25502|PUT3_YEAST	MULTIPLE	1	142	162	13	7.474e-09	{ND}
sp|P25502|PUT3_YEAST	WHOLE	1	1	979	95	2.675e-13	{N}
sp|P25554|SGF29_YEAST	SINGLE	1	80	94	8	1.281e-06	{E}
sp|P25555|GBP2_YEAST	SINGLE	1	12	111	28	1.635e-14	{R}
sp|P25555|GBP2_YEAST	SINGLE	2	79	102	12	8.564e-09	{G}
sp|P25555|GBP2_YEAST	MULTIPLE	1	9	99	62	1.043e-21	{RGDN}
sp|P25555|GBP2_YEAST	WHOLE	1	1	427	50	5.260e-09	{R}
sp|P25569|GID7_YEAST	SINGLE	1	441	447	6	9.125e-07	{S}
sp|P25573|MGR1_YEAST	SINGLE	1	21	29	6	2.090e-06	{D}
sp|P25573|MGR1_YEAST	SINGLE	2	152	175	11	2.845e-06	{L}
sp|P25573|MGR1_YEAST	MULTIPLE	1	15	29	10	1.549e-08	{DH}
sp|P25573|MGR1_YEAST	MULTIPLE	2	386	408	14	9.328e-09	{PT}
sp|P25573|MGR1_YEAST	MULTIPLE	3	74	86	8	5.022e-06	{RP}
sp|P25582|SPB1_YEAST	SINGLE	1	704	792	24	4.920e-10	{K}
sp|P25582|SPB1_YEAST	SINGLE	2	433	461	10	1.907e-06	{D}
sp|P25582|SPB1_YEAST	SINGLE	3	515	532	8	2.255e-06	{D}
sp|P25582|SPB1_YEAST	SINGLE	4	495	526	11	2.753e-06	{E}
sp|P25582|SPB1_YEAST	SINGLE	5	606	638	10	7.011e-06	{D}
sp|P25582|SPB1_YEAST	MULTIPLE	1	430	461	15	1.762e-07	{DI}
sp|P25582|SPB1_YEAST	MULTIPLE	2	493	533	21	1.052e-09	{DE}
sp|P25582|SPB1_YEAST	MULTIPLE	3	606	642	27	2.014e-12	{DSE}
sp|P25582|SPB1_YEAST	WHOLE	1	1	841	112	2.037e-14	{K}
sp|P25586|KRR1_YEAST	SINGLE	1	283	309	10	3.623e-06	{E}
sp|P25586|KRR1_YEAST	SINGLE	2	228	246	8	7.972e-06	{K}
sp|P25586|KRR1_YEAST	MULTIPLE	1	273	312	19	6.932e-08	{EK}
sp|P25586|KRR1_YEAST	WHOLE	1	1	316	40	8.902e-06	{K}
sp|P25588|MRC1_YEAST	SINGLE	1	31	86	14	6.964e-08	{N}
sp|P25588|MRC1_YEAST	SINGLE	2	1064	1071	5	2.581e-07	{H}
sp|P25588|MRC1_YEAST	SINGLE	3	406	420	8	3.938e-07	{D}
sp|P25588|MRC1_YEAST	SINGLE	4	691	712	9	2.854e-06	{K}
sp|P25588|MRC1_YEAST	SINGLE	5	808	813	5	3.011e-06	{D}
sp|P25588|MRC1_YEAST	SINGLE	6	1073	1085	7	4.029e-06	{K}
sp|P25588|MRC1_YEAST	SINGLE	7	819	830	6	8.314e-06	{R}
sp|P25588|MRC1_YEAST	SINGLE	8	545	571	10	8.975e-06	{S}
sp|P25588|MRC1_YEAST	MULTIPLE	1	691	729	20	6.053e-09	{KE}
sp|P25588|MRC1_YEAST	MULTIPLE	2	325	345	10	6.849e-06	{DF}
sp|P25588|MRC1_YEAST	MULTIPLE	3	732	754	12	3.484e-06	{DG}
sp|P25588|MRC1_YEAST	WHOLE	1	1	1096	119	1.426e-09	{K}
sp|P25588|MRC1_YEAST	WHOLE	2	1	1096	101	3.227e-07	{D}
sp|P25588|MRC1_YEAST	WHOLE	3	1	1096	82	7.225e-07	{N}
sp|P25588|MRC1_YEAST	WHOLE	4	1	1096	111	1.402e-06	{E}
sp|P25591|VAC17_YEAST	SINGLE	1	18	58	11	8.398e-07	{Q}
sp|P25591|VAC17_YEAST	SINGLE	2	227	239	7	2.000e-06	{D}
sp|P25591|VAC17_YEAST	MULTIPLE	1	214	239	12	1.248e-06	{DF}
sp|P25591|VAC17_YEAST	WHOLE	1	1	423	58	1.188e-06	{S}
sp|P25604|STP22_YEAST	SINGLE	1	155	201	21	4.116e-16	{P}
sp|P25604|STP22_YEAST	MULTIPLE	1	155	201	28	6.082e-18	{PQ}
sp|P25613|ADY2_YEAST	SINGLE	1	214	226	8	4.077e-06	{L}
sp|P25613|ADY2_YEAST	MULTIPLE	1	212	226	13	2.679e-10	{LF}
sp|P25615|DPO4_YEAST	SINGLE	1	472	478	7	4.902e-09	{E}
sp|P25615|DPO4_YEAST	WHOLE	1	1	582	64	3.706e-06	{K}
sp|P25618|CWH43_YEAST	SINGLE	1	264	282	7	4.362e-06	{F}
sp|P25618|CWH43_YEAST	SINGLE	2	643	650	5	4.541e-06	{F}
sp|P25618|CWH43_YEAST	MULTIPLE	1	110	137	12	9.171e-06	{ID}
sp|P25618|CWH43_YEAST	MULTIPLE	2	235	253	12	3.369e-07	{KE}
sp|P25618|CWH43_YEAST	WHOLE	1	1	953	65	7.302e-06	{F}
sp|P25623|SYP1_YEAST	SINGLE	1	410	502	26	8.056e-14	{P}
sp|P25623|SYP1_YEAST	SINGLE	2	362	405	15	1.942e-07	{S}
sp|P25623|SYP1_YEAST	SINGLE	3	308	347	13	2.270e-06	{S}
sp|P25623|SYP1_YEAST	MULTIPLE	1	308	343	17	9.312e-08	{SN}
sp|P25623|SYP1_YEAST	WHOLE	1	1	870	116	9.449e-11	{S}
sp|P25627|BUD23_YEAST	SINGLE	1	226	270	13	1.818e-06	{K}
sp|P25627|BUD23_YEAST	MULTIPLE	1	226	274	23	2.392e-10	{KR}
sp|P25632|RSC6_YEAST	SINGLE	1	285	291	5	2.860e-06	{N}
sp|P25632|RSC6_YEAST	MULTIPLE	1	159	207	20	2.883e-07	{ED}
sp|P25632|RSC6_YEAST	MULTIPLE	2	378	386	7	1.426e-06	{QP}
sp|P25635|PWP2_YEAST	SINGLE	1	226	236	7	4.312e-07	{D}
sp|P25635|PWP2_YEAST	SINGLE	2	853	890	12	5.340e-07	{D}
sp|P25635|PWP2_YEAST	SINGLE	3	751	799	12	2.930e-06	{I}
sp|P25635|PWP2_YEAST	MULTIPLE	1	857	892	21	4.138e-11	{DE}
sp|P25641|ATG15_YEAST	SINGLE	1	491	501	9	6.551e-10	{T}
sp|P25641|ATG15_YEAST	SINGLE	2	269	295	7	1.727e-07	{C}
sp|P25644|PAT1_YEAST	SINGLE	1	167	235	22	3.300e-13	{P}
sp|P25644|PAT1_YEAST	SINGLE	2	133	192	18	4.126e-11	{Q}
sp|P25644|PAT1_YEAST	SINGLE	3	114	140	10	1.846e-07	{P}
sp|P25644|PAT1_YEAST	SINGLE	4	435	444	7	9.710e-07	{S}
sp|P25644|PAT1_YEAST	MULTIPLE	1	114	235	66	5.260e-31	{PQM}
sp|P25644|PAT1_YEAST	MULTIPLE	2	59	73	10	3.677e-06	{GS}
sp|P25653|FIG2_YEAST	SINGLE	1	30	253	81	1.756e-35	{S}
sp|P25653|FIG2_YEAST	SINGLE	2	1239	1366	59	3.859e-33	{S}
sp|P25653|FIG2_YEAST	SINGLE	3	999	1098	38	2.189e-18	{S}
sp|P25653|FIG2_YEAST	SINGLE	4	474	527	24	5.786e-14	{S}
sp|P25653|FIG2_YEAST	SINGLE	5	1476	1554	25	5.091e-12	{T}
sp|P25653|FIG2_YEAST	SINGLE	6	736	825	26	1.933e-11	{T}
sp|P25653|FIG2_YEAST	SINGLE	7	637	714	25	9.087e-11	{S}
sp|P25653|FIG2_YEAST	SINGLE	8	275	354	24	9.570e-10	{S}
sp|P25653|FIG2_YEAST	SINGLE	9	839	909	21	9.749e-10	{T}
sp|P25653|FIG2_YEAST	SINGLE	10	1126	1150	13	3.014e-09	{S}
sp|P25653|FIG2_YEAST	SINGLE	11	1149	1204	18	3.419e-09	{T}
sp|P25653|FIG2_YEAST	SINGLE	12	1188	1222	15	5.378e-09	{S}
sp|P25653|FIG2_YEAST	SINGLE	13	1368	1433	19	9.707e-09	{T}
sp|P25653|FIG2_YEAST	SINGLE	14	361	418	19	1.023e-08	{S}
sp|P25653|FIG2_YEAST	SINGLE	15	420	466	15	7.454e-08	{T}
sp|P25653|FIG2_YEAST	SINGLE	16	529	575	15	7.454e-08	{T}
sp|P25653|FIG2_YEAST	SINGLE	17	845	883	13	1.652e-06	{S}
sp|P25653|FIG2_YEAST	SINGLE	18	1262	1273	7	2.025e-06	{T}
sp|P25653|FIG2_YEAST	SINGLE	19	808	827	9	3.882e-06	{S}
sp|P25653|FIG2_YEAST	MULTIPLE	1	30	254	110	1.815e-37	{ST}
sp|P25653|FIG2_YEAST	MULTIPLE	2	734	827	45	6.987e-16	{TS}
sp|P25653|FIG2_YEAST	MULTIPLE	3	609	717	50	1.648e-16	{ST}
sp|P25653|FIG2_YEAST	MULTIPLE	4	252	355	46	1.368e-14	{ST}
sp|P25653|FIG2_YEAST	MULTIPLE	5	836	915	39	2.672e-14	{TS}
sp|P25653|FIG2_YEAST	MULTIPLE	6	1126	1218	51	3.956e-21	{ST}
sp|P25653|FIG2_YEAST	MULTIPLE	7	1368	1447	28	4.064e-12	{TC}
sp|P25653|FIG2_YEAST	MULTIPLE	8	1424	1472	19	1.067e-08	{SC}
sp|P25653|FIG2_YEAST	WHOLE	1	1	1609	425	8.509e-123	{S}
sp|P25653|FIG2_YEAST	WHOLE	2	1	1609	291	4.627e-60	{T}
sp|P25655|NOT1_YEAST	SINGLE	1	1009	1046	24	9.817e-24	{Q}
sp|P25655|NOT1_YEAST	SINGLE	2	1300	1340	18	2.090e-14	{Q}
sp|P25655|NOT1_YEAST	SINGLE	3	181	209	12	3.698e-06	{L}
sp|P25655|NOT1_YEAST	SINGLE	4	69	112	15	4.008e-06	{L}
sp|P25655|NOT1_YEAST	MULTIPLE	1	785	805	11	2.622e-06	{NV}
sp|P25655|NOT1_YEAST	WHOLE	1	1	2108	275	1.409e-09	{L}
sp|P25655|NOT1_YEAST	WHOLE	2	1	2108	163	8.446e-09	{I}
sp|P25693|PCL2_YEAST	SINGLE	1	193	228	15	8.556e-09	{S}
sp|P25694|CDC48_YEAST	SINGLE	1	720	746	10	3.623e-06	{E}
sp|P25694|CDC48_YEAST	MULTIPLE	1	163	211	23	1.248e-06	{VEN}
sp|P25808|SPB4_YEAST	SINGLE	1	499	558	20	2.158e-10	{K}
sp|P25808|SPB4_YEAST	SINGLE	2	561	584	11	9.117e-08	{E}
sp|P26309|CDC20_YEAST	SINGLE	1	14	72	17	4.604e-07	{S}
sp|P26309|CDC20_YEAST	WHOLE	1	1	610	76	1.361e-06	{S}
sp|P26321|RL5_YEAST	SINGLE	1	283	294	7	9.586e-06	{A}
sp|P26364|KAD3_YEAST	SINGLE	1	11	20	7	5.011e-06	{L}
sp|P26370|UGA3_YEAST	SINGLE	1	17	44	6	4.432e-06	{C}
sp|P26370|UGA3_YEAST	MULTIPLE	1	7	37	13	1.837e-07	{CK}
sp|P26370|UGA3_YEAST	WHOLE	1	1	528	52	1.319e-06	{I}
sp|P26570|PPZ1_YEAST	SINGLE	1	4	54	22	1.335e-12	{S}
sp|P26570|PPZ1_YEAST	SINGLE	2	220	302	23	1.111e-08	{S}
sp|P26570|PPZ1_YEAST	SINGLE	3	91	122	14	1.258e-08	{S}
sp|P26570|PPZ1_YEAST	SINGLE	4	172	181	7	1.660e-07	{D}
sp|P26570|PPZ1_YEAST	SINGLE	5	189	209	10	5.878e-07	{S}
sp|P26570|PPZ1_YEAST	SINGLE	6	309	352	11	1.708e-06	{N}
sp|P26570|PPZ1_YEAST	SINGLE	7	77	96	6	3.056e-06	{H}
sp|P26570|PPZ1_YEAST	MULTIPLE	1	217	303	34	3.127e-11	{SN}
sp|P26570|PPZ1_YEAST	MULTIPLE	2	77	122	22	1.853e-11	{SH}
sp|P26570|PPZ1_YEAST	MULTIPLE	3	187	209	16	1.852e-10	{SR}
sp|P26570|PPZ1_YEAST	WHOLE	1	1	692	110	4.870e-15	{S}
sp|P26570|PPZ1_YEAST	WHOLE	2	1	692	63	1.995e-08	{N}
sp|P26783|RS5_YEAST	MULTIPLE	1	8	24	11	9.544e-07	{EV}
sp|P26784|RL16A_YEAST	MULTIPLE	1	154	196	21	4.576e-08	{AK}
sp|P26785|RL16B_YEAST	MULTIPLE	1	178	187	9	3.365e-07	{AS}
sp|P26793|FEN1_YEAST	MULTIPLE	1	358	376	15	1.528e-08	{KAN}
sp|P27351|AP2B_YEAST	SINGLE	1	298	327	12	5.598e-06	{L}
sp|P27351|AP2B_YEAST	WHOLE	1	1	700	101	2.099e-06	{L}
sp|P27472|GYS2_YEAST	SINGLE	1	694	704	7	4.312e-07	{D}
sp|P27476|NSR1_YEAST	SINGLE	1	29	131	61	1.294e-42	{S}
sp|P27476|NSR1_YEAST	SINGLE	2	351	391	23	4.615e-17	{G}
sp|P27476|NSR1_YEAST	SINGLE	3	99	115	11	7.236e-10	{E}
sp|P27476|NSR1_YEAST	SINGLE	4	130	166	15	3.334e-09	{E}
sp|P27476|NSR1_YEAST	SINGLE	5	3	26	10	6.525e-07	{K}
sp|P27476|NSR1_YEAST	MULTIPLE	1	29	166	104	2.700e-60	{SE}
sp|P27476|NSR1_YEAST	MULTIPLE	2	351	386	30	5.052e-23	{GR}
sp|P27476|NSR1_YEAST	WHOLE	1	1	414	85	1.579e-18	{S}
sp|P27476|NSR1_YEAST	WHOLE	2	1	414	57	5.261e-08	{E}
sp|P27514|PHO91_YEAST	SINGLE	1	117	142	10	6.061e-08	{Q}
sp|P27514|PHO91_YEAST	SINGLE	2	694	721	10	4.480e-07	{I}
sp|P27514|PHO91_YEAST	MULTIPLE	1	121	153	22	1.320e-10	{QSR}
sp|P27514|PHO91_YEAST	MULTIPLE	2	173	196	14	4.181e-08	{NS}
sp|P27514|PHO91_YEAST	WHOLE	1	1	894	76	2.000e-06	{I}
sp|P27515|URK1_YEAST	WHOLE	1	1	501	51	6.519e-07	{I}
sp|P27614|CBPS_YEAST	MULTIPLE	1	41	61	11	2.703e-08	{HP}
sp|P27636|CDC15_YEAST	SINGLE	1	549	609	21	6.343e-10	{S}
sp|P27636|CDC15_YEAST	SINGLE	2	316	323	6	5.523e-06	{A}
sp|P27636|CDC15_YEAST	WHOLE	1	1	974	82	1.234e-06	{I}
sp|P27637|BUD14_YEAST	SINGLE	1	178	262	22	8.481e-10	{D}
sp|P27637|BUD14_YEAST	SINGLE	2	531	569	15	3.086e-08	{S}
sp|P27637|BUD14_YEAST	SINGLE	3	381	420	13	1.246e-07	{D}
sp|P27637|BUD14_YEAST	SINGLE	4	634	683	16	2.062e-07	{S}
sp|P27637|BUD14_YEAST	SINGLE	5	334	350	9	7.035e-07	{S}
sp|P27637|BUD14_YEAST	MULTIPLE	1	174	262	35	4.718e-11	{DE}
sp|P27637|BUD14_YEAST	WHOLE	1	1	709	102	1.777e-11	{S}
sp|P27637|BUD14_YEAST	WHOLE	2	1	709	83	1.358e-10	{D}
sp|P27654|TIP1_YEAST	SINGLE	1	110	179	34	1.089e-20	{S}
sp|P27654|TIP1_YEAST	SINGLE	2	105	158	19	1.035e-08	{A}
sp|P27654|TIP1_YEAST	SINGLE	3	193	207	8	5.187e-06	{A}
sp|P27654|TIP1_YEAST	MULTIPLE	1	105	179	55	1.791e-29	{SA}
sp|P27654|TIP1_YEAST	WHOLE	1	1	210	49	1.470e-13	{S}
sp|P27654|TIP1_YEAST	WHOLE	2	1	210	42	1.201e-08	{A}
sp|P27692|SPT5_YEAST	SINGLE	1	887	1035	49	1.264e-21	{G}
sp|P27692|SPT5_YEAST	SINGLE	2	132	236	36	2.181e-19	{D}
sp|P27692|SPT5_YEAST	SINGLE	3	1020	1057	11	3.491e-07	{N}
sp|P27692|SPT5_YEAST	SINGLE	4	296	321	10	1.555e-06	{K}
sp|P27692|SPT5_YEAST	SINGLE	5	184	205	9	4.301e-06	{E}
sp|P27692|SPT5_YEAST	MULTIPLE	1	883	1062	110	7.788e-33	{GNAW}
sp|P27692|SPT5_YEAST	MULTIPLE	2	142	217	46	1.508e-23	{DE}
sp|P27692|SPT5_YEAST	MULTIPLE	3	28	52	13	9.534e-07	{TD}
sp|P27692|SPT5_YEAST	WHOLE	1	1	1063	109	2.306e-06	{G}
sp|P27697|COQ8_YEAST	SINGLE	1	48	60	7	5.621e-06	{E}
sp|P27697|COQ8_YEAST	SINGLE	2	30	38	6	9.427e-06	{S}
sp|P27705|MIG1_YEAST	SINGLE	1	418	444	13	2.030e-11	{Q}
sp|P27705|MIG1_YEAST	SINGLE	2	286	293	6	1.643e-07	{N}
sp|P27705|MIG1_YEAST	SINGLE	3	253	260	6	1.689e-07	{Q}
sp|P27705|MIG1_YEAST	SINGLE	4	206	231	11	6.882e-07	{S}
sp|P27705|MIG1_YEAST	SINGLE	5	38	66	7	2.248e-06	{H}
sp|P27705|MIG1_YEAST	MULTIPLE	1	416	444	19	5.046e-14	{QN}
sp|P27705|MIG1_YEAST	WHOLE	1	1	504	79	4.999e-11	{S}
sp|P27801|PEP3_YEAST	MULTIPLE	1	784	819	14	1.487e-06	{NI}
sp|P27801|PEP3_YEAST	WHOLE	1	1	918	88	3.509e-12	{N}
sp|P27801|PEP3_YEAST	WHOLE	2	1	918	88	2.181e-09	{I}
sp|P27801|PEP3_YEAST	WHOLE	3	1	918	124	4.590e-06	{L}
sp|P27801|PEP3_YEAST	WHOLE	4	1	918	89	9.837e-06	{K}
sp|P27825|CALX_YEAST	MULTIPLE	1	240	293	22	4.072e-09	{PD}
sp|P27882|ERV1_YEAST	MULTIPLE	1	164	187	10	4.522e-06	{KW}
sp|P27895|CIN8_YEAST	SINGLE	1	277	320	13	2.346e-08	{N}
sp|P27895|CIN8_YEAST	SINGLE	2	268	274	6	4.414e-08	{Q}
sp|P27895|CIN8_YEAST	SINGLE	3	217	242	12	6.685e-08	{S}
sp|P27895|CIN8_YEAST	SINGLE	4	722	755	9	8.950e-06	{N}
sp|P27895|CIN8_YEAST	MULTIPLE	1	277	314	22	7.056e-12	{NS}
sp|P27895|CIN8_YEAST	MULTIPLE	2	217	244	18	4.928e-11	{SN}
sp|P27895|CIN8_YEAST	MULTIPLE	3	872	934	22	1.740e-08	{NI}
sp|P27895|CIN8_YEAST	WHOLE	1	1	1000	109	1.950e-18	{N}
sp|P28000|RPAC2_YEAST	SINGLE	1	3	45	14	2.682e-07	{E}
sp|P28007|GAR1_YEAST	SINGLE	1	142	203	30	2.218e-19	{G}
sp|P28007|GAR1_YEAST	SINGLE	2	5	24	11	9.856e-09	{G}
sp|P28007|GAR1_YEAST	SINGLE	3	154	205	14	9.169e-08	{R}
sp|P28007|GAR1_YEAST	MULTIPLE	1	140	205	46	1.616e-28	{GR}
sp|P28007|GAR1_YEAST	MULTIPLE	2	4	24	17	3.521e-13	{GR}
sp|P28007|GAR1_YEAST	MULTIPLE	3	124	139	12	3.060e-09	{KP}
sp|P28007|GAR1_YEAST	WHOLE	1	1	205	50	5.354e-16	{G}
sp|P28263|UBC8_YEAST	SINGLE	1	159	213	22	4.853e-14	{D}
sp|P28263|UBC8_YEAST	WHOLE	1	1	218	34	4.160e-08	{D}
sp|P28273|OPLA_YEAST	SINGLE	1	1119	1159	13	1.235e-06	{G}
sp|P28273|OPLA_YEAST	SINGLE	2	628	638	6	5.152e-06	{I}
sp|P28273|OPLA_YEAST	SINGLE	3	1194	1206	7	6.403e-06	{G}
sp|P28273|OPLA_YEAST	SINGLE	4	1277	1282	5	7.177e-06	{G}
sp|P28273|OPLA_YEAST	WHOLE	1	1	1286	111	7.263e-09	{I}
sp|P28273|OPLA_YEAST	WHOLE	2	1	1286	125	5.820e-06	{G}
sp|P28274|URA7_YEAST	MULTIPLE	1	4	18	10	2.246e-06	{GV}
sp|P28319|CWP1_YEAST	SINGLE	1	138	198	29	1.510e-17	{S}
sp|P28319|CWP1_YEAST	SINGLE	2	218	236	10	3.887e-07	{A}
sp|P28319|CWP1_YEAST	WHOLE	1	1	239	52	5.021e-13	{S}
sp|P28496|LAC1_YEAST	MULTIPLE	1	390	405	11	3.249e-07	{SD}
sp|P28519|RAD14_YEAST	MULTIPLE	1	272	312	19	1.128e-07	{EK}
sp|P28707|SBA1_YEAST	SINGLE	1	151	175	13	1.092e-09	{G}
sp|P28707|SBA1_YEAST	SINGLE	2	200	213	9	2.963e-08	{E}
sp|P28707|SBA1_YEAST	MULTIPLE	1	143	179	21	2.058e-13	{GM}
sp|P28707|SBA1_YEAST	MULTIPLE	2	120	139	11	4.146e-06	{ED}
sp|P28742|KIP1_YEAST	SINGLE	1	234	238	5	1.487e-07	{N}
sp|P28742|KIP1_YEAST	SINGLE	2	912	930	8	5.543e-07	{N}
sp|P28742|KIP1_YEAST	SINGLE	3	878	921	12	8.622e-07	{I}
sp|P28742|KIP1_YEAST	SINGLE	4	538	573	10	1.863e-06	{Q}
sp|P28742|KIP1_YEAST	SINGLE	5	1032	1055	8	7.741e-06	{P}
sp|P28742|KIP1_YEAST	MULTIPLE	1	878	932	23	1.362e-10	{NI}
sp|P28742|KIP1_YEAST	WHOLE	1	1	1111	117	1.645e-18	{N}
sp|P28742|KIP1_YEAST	WHOLE	2	1	1111	98	1.791e-08	{I}
sp|P28743|KIP2_YEAST	SINGLE	1	6	72	28	3.334e-15	{S}
sp|P28743|KIP2_YEAST	SINGLE	2	412	429	10	9.128e-08	{S}
sp|P28743|KIP2_YEAST	WHOLE	1	1	706	102	1.403e-11	{S}
sp|P28791|SEC20_YEAST	SINGLE	1	183	192	7	9.710e-07	{S}
sp|P28791|SEC20_YEAST	SINGLE	2	53	60	6	1.846e-06	{E}
sp|P28791|SEC20_YEAST	MULTIPLE	1	345	365	12	2.720e-06	{TS}
sp|P28795|PEX3_YEAST	SINGLE	1	273	289	7	3.459e-06	{N}
sp|P28795|PEX3_YEAST	SINGLE	2	372	379	5	7.464e-06	{Q}
sp|P28817|HIBCH_YEAST	SINGLE	1	19	27	6	3.938e-06	{T}
sp|P29029|CHIT_YEAST	SINGLE	1	309	487	55	7.961e-24	{T}
sp|P29029|CHIT_YEAST	SINGLE	2	427	483	21	1.498e-10	{S}
sp|P29029|CHIT_YEAST	SINGLE	3	322	387	22	5.071e-10	{S}
sp|P29029|CHIT_YEAST	MULTIPLE	1	309	484	105	1.872e-46	{TS}
sp|P29029|CHIT_YEAST	WHOLE	1	1	562	94	1.952e-14	{S}
sp|P29029|CHIT_YEAST	WHOLE	2	1	562	81	1.381e-12	{T}
sp|P29056|TF3B_YEAST	SINGLE	1	382	419	12	2.683e-06	{E}
sp|P29056|TF3B_YEAST	SINGLE	2	403	416	7	7.560e-06	{K}
sp|P29056|TF3B_YEAST	MULTIPLE	1	388	419	19	5.427e-10	{EK}
sp|P29295|HRR25_YEAST	SINGLE	1	395	444	25	3.416e-21	{Q}
sp|P29295|HRR25_YEAST	SINGLE	2	460	467	5	7.298e-06	{N}
sp|P29295|HRR25_YEAST	MULTIPLE	1	395	446	34	2.173e-23	{QP}
sp|P29295|HRR25_YEAST	MULTIPLE	2	472	490	11	1.115e-07	{PQ}
sp|P29295|HRR25_YEAST	WHOLE	1	1	494	43	8.665e-06	{Q}
sp|P29311|BMH1_YEAST	SINGLE	1	246	256	10	2.438e-13	{Q}
sp|P29366|BEM1_YEAST	SINGLE	1	261	265	5	1.522e-07	{Q}
sp|P29453|RL8B_YEAST	WHOLE	1	1	256	37	9.497e-07	{K}
sp|P29461|PTP2_YEAST	SINGLE	1	381	389	6	9.427e-06	{S}
sp|P29461|PTP2_YEAST	MULTIPLE	1	197	243	15	7.371e-06	{NP}
sp|P29461|PTP2_YEAST	WHOLE	1	1	750	76	6.908e-12	{N}
sp|P29465|CHS3_YEAST	SINGLE	1	562	572	7	2.478e-06	{S}
sp|P29465|CHS3_YEAST	SINGLE	2	382	405	9	2.815e-06	{D}
sp|P29465|CHS3_YEAST	SINGLE	3	1025	1066	11	3.734e-06	{I}
sp|P29465|CHS3_YEAST	MULTIPLE	1	1025	1076	22	5.630e-07	{IL}
sp|P29469|MCM2_YEAST	SINGLE	1	51	98	16	3.015e-09	{D}
sp|P29469|MCM2_YEAST	SINGLE	2	151	156	6	1.208e-08	{R}
sp|P29469|MCM2_YEAST	SINGLE	3	5	9	5	2.522e-07	{R}
sp|P29469|MCM2_YEAST	SINGLE	4	709	736	10	5.270e-06	{E}
sp|P29469|MCM2_YEAST	SINGLE	5	478	483	5	6.509e-06	{E}
sp|P29469|MCM2_YEAST	MULTIPLE	1	51	124	27	1.752e-09	{DR}
sp|P29469|MCM2_YEAST	WHOLE	1	1	868	77	1.324e-07	{R}
sp|P29496|MCM5_YEAST	SINGLE	1	351	356	6	7.542e-08	{E}
sp|P29496|MCM5_YEAST	SINGLE	2	306	320	9	8.209e-08	{G}
sp|P29496|MCM5_YEAST	MULTIPLE	1	553	596	15	4.223e-06	{NI}
sp|P29496|MCM5_YEAST	WHOLE	1	1	775	79	9.145e-10	{I}
sp|P29539|RIF1_YEAST	SINGLE	1	245	281	11	9.603e-07	{I}
sp|P29539|RIF1_YEAST	SINGLE	2	97	146	15	1.213e-06	{S}
sp|P29539|RIF1_YEAST	SINGLE	3	1324	1362	13	1.652e-06	{S}
sp|P29539|RIF1_YEAST	SINGLE	4	427	443	7	8.304e-06	{I}
sp|P29539|RIF1_YEAST	MULTIPLE	1	97	146	23	1.868e-09	{SP}
sp|P29539|RIF1_YEAST	WHOLE	1	1	1916	151	1.258e-12	{N}
sp|P29539|RIF1_YEAST	WHOLE	2	1	1916	154	1.824e-09	{I}
sp|P29539|RIF1_YEAST	WHOLE	3	1	1916	186	9.078e-06	{S}
sp|P29547|EF1G1_YEAST	SINGLE	1	202	255	16	8.457e-08	{K}
sp|P29547|EF1G1_YEAST	SINGLE	2	226	244	9	4.569e-06	{A}
sp|P29547|EF1G1_YEAST	MULTIPLE	1	220	244	18	7.313e-11	{KA}
sp|P30283|CGS5_YEAST	SINGLE	1	110	120	9	9.959e-10	{E}
sp|P30605|ITR1_YEAST	MULTIPLE	1	513	530	8	2.109e-06	{FC}
sp|P30605|ITR1_YEAST	WHOLE	1	1	584	60	5.826e-08	{I}
sp|P30619|SEC1_YEAST	SINGLE	1	112	156	10	6.597e-06	{F}
sp|P30620|PSO2_YEAST	SINGLE	1	53	73	10	5.878e-07	{S}
sp|P30665|MCM4_YEAST	SINGLE	1	68	122	18	2.507e-08	{S}
sp|P30665|MCM4_YEAST	SINGLE	2	2	42	15	6.704e-08	{S}
sp|P30665|MCM4_YEAST	MULTIPLE	1	75	122	29	5.858e-12	{SRQ}
sp|P30665|MCM4_YEAST	MULTIPLE	2	2	42	22	9.792e-11	{SP}
sp|P30771|RENT1_YEAST	SINGLE	1	62	84	6	1.287e-06	{C}
sp|P30771|RENT1_YEAST	MULTIPLE	1	327	348	11	4.980e-06	{PT}
sp|P30822|XPO1_YEAST	SINGLE	1	144	148	5	1.948e-06	{S}
sp|P30822|XPO1_YEAST	SINGLE	2	923	941	7	4.362e-06	{F}
sp|P30822|XPO1_YEAST	SINGLE	3	25	56	9	5.422e-06	{Q}
sp|P31109|SNC1_YEAST	SINGLE	1	100	111	6	9.795e-06	{I}
sp|P31111|ZIP1_YEAST	SINGLE	1	196	203	5	7.464e-06	{Q}
sp|P31111|ZIP1_YEAST	MULTIPLE	1	728	766	16	7.448e-06	{KE}
sp|P31111|ZIP1_YEAST	WHOLE	1	1	875	110	1.330e-12	{K}
sp|P31111|ZIP1_YEAST	WHOLE	2	1	875	73	5.647e-08	{N}
sp|P31111|ZIP1_YEAST	WHOLE	3	1	875	98	7.623e-08	{E}
sp|P31244|RAD16_YEAST	SINGLE	1	117	138	12	1.061e-09	{K}
sp|P31244|RAD16_YEAST	SINGLE	2	48	79	11	6.093e-07	{D}
sp|P31244|RAD16_YEAST	SINGLE	3	8	13	5	1.440e-06	{R}
sp|P31244|RAD16_YEAST	SINGLE	4	537	580	7	5.664e-06	{C}
sp|P31244|RAD16_YEAST	MULTIPLE	1	373	413	16	2.086e-08	{CHF}
sp|P31374|PSK1_YEAST	SINGLE	1	895	918	14	9.520e-11	{S}
sp|P31374|PSK1_YEAST	SINGLE	2	220	230	7	2.478e-06	{S}
sp|P31374|PSK1_YEAST	SINGLE	3	647	663	8	9.053e-06	{S}
sp|P31374|PSK1_YEAST	MULTIPLE	1	1169	1178	7	5.505e-06	{DY}
sp|P31374|PSK1_YEAST	WHOLE	1	1	1356	147	2.940e-07	{S}
sp|P31376|SWC3_YEAST	SINGLE	1	175	262	27	1.557e-12	{K}
sp|P31376|SWC3_YEAST	SINGLE	2	34	56	13	3.133e-11	{D}
sp|P31376|SWC3_YEAST	SINGLE	3	494	520	11	2.360e-07	{K}
sp|P31376|SWC3_YEAST	SINGLE	4	21	33	7	7.395e-07	{R}
sp|P31376|SWC3_YEAST	SINGLE	5	398	437	12	2.906e-06	{K}
sp|P31376|SWC3_YEAST	MULTIPLE	1	175	263	40	1.055e-16	{KQ}
sp|P31376|SWC3_YEAST	MULTIPLE	2	398	437	19	6.932e-08	{KE}
sp|P31376|SWC3_YEAST	WHOLE	1	1	625	85	7.474e-12	{K}
sp|P31376|SWC3_YEAST	WHOLE	2	1	625	69	7.063e-06	{E}
sp|P31377|STX8_YEAST	SINGLE	1	138	170	13	4.448e-10	{Q}
sp|P31377|STX8_YEAST	SINGLE	2	192	237	12	3.575e-07	{N}
sp|P31377|STX8_YEAST	SINGLE	3	248	255	7	4.052e-07	{L}
sp|P31377|STX8_YEAST	MULTIPLE	1	136	170	18	1.370e-10	{QP}
sp|P31380|FUN30_YEAST	SINGLE	1	481	532	24	6.546e-17	{D}
sp|P31380|FUN30_YEAST	SINGLE	2	416	426	9	2.585e-11	{N}
sp|P31380|FUN30_YEAST	SINGLE	3	407	414	7	1.241e-08	{D}
sp|P31380|FUN30_YEAST	SINGLE	4	489	520	12	3.349e-07	{E}
sp|P31380|FUN30_YEAST	SINGLE	5	249	300	14	5.428e-07	{D}
sp|P31380|FUN30_YEAST	SINGLE	6	252	256	5	1.160e-06	{E}
sp|P31380|FUN30_YEAST	MULTIPLE	1	480	533	39	1.873e-24	{DE}
sp|P31380|FUN30_YEAST	MULTIPLE	2	249	300	21	1.825e-07	{DE}
sp|P31380|FUN30_YEAST	MULTIPLE	3	102	116	9	1.231e-06	{RQ}
sp|P31380|FUN30_YEAST	MULTIPLE	4	16	47	15	8.732e-07	{SP}
sp|P31380|FUN30_YEAST	WHOLE	1	1	1131	104	2.512e-07	{D}
sp|P31380|FUN30_YEAST	WHOLE	2	1	1131	82	2.286e-06	{N}
sp|P31382|PMT2_YEAST	SINGLE	1	2	6	5	1.948e-06	{S}
sp|P31382|PMT2_YEAST	SINGLE	2	208	220	6	4.638e-06	{F}
sp|P31382|PMT2_YEAST	SINGLE	3	28	39	7	5.518e-06	{S}
sp|P31382|PMT2_YEAST	MULTIPLE	1	290	309	10	2.134e-06	{FI}
sp|P31383|2AAA_YEAST	SINGLE	1	17	24	6	1.399e-06	{T}
sp|P31383|2AAA_YEAST	MULTIPLE	1	17	32	12	3.460e-08	{TS}
sp|P31383|2AAA_YEAST	WHOLE	1	1	635	91	7.454e-06	{L}
sp|P31384|CCR4_YEAST	SINGLE	1	77	103	20	3.192e-22	{N}
sp|P31384|CCR4_YEAST	SINGLE	2	190	206	13	3.750e-15	{Q}
sp|P31384|CCR4_YEAST	SINGLE	3	15	24	10	2.317e-14	{Q}
sp|P31384|CCR4_YEAST	SINGLE	4	208	224	7	5.840e-06	{P}
sp|P31384|CCR4_YEAST	MULTIPLE	1	77	103	23	6.447e-24	{NM}
sp|P31384|CCR4_YEAST	WHOLE	1	1	837	74	4.704e-09	{N}
sp|P31385|DEP1_YEAST	SINGLE	1	92	160	24	3.624e-12	{E}
sp|P31385|DEP1_YEAST	MULTIPLE	1	92	160	31	5.760e-13	{EN}
sp|P31385|DEP1_YEAST	WHOLE	1	1	405	55	1.354e-07	{E}
sp|P31539|HS104_YEAST	SINGLE	1	890	908	9	2.647e-07	{D}
sp|P32259|MED16_YEAST	MULTIPLE	1	63	81	14	3.442e-09	{TS}
sp|P32259|MED16_YEAST	MULTIPLE	2	672	693	10	5.069e-06	{NQ}
sp|P32266|MGM1_YEAST	SINGLE	1	149	182	17	4.092e-13	{D}
sp|P32266|MGM1_YEAST	SINGLE	2	203	229	10	8.975e-06	{S}
sp|P32288|GLNA_YEAST	MULTIPLE	1	140	168	13	1.950e-06	{GY}
sp|P32319|VPS10_YEAST	SINGLE	1	684	710	10	2.318e-06	{K}
sp|P32319|VPS10_YEAST	SINGLE	2	181	225	13	9.474e-06	{S}
sp|P32319|VPS10_YEAST	MULTIPLE	1	1396	1432	20	6.450e-09	{FIR}
sp|P32319|VPS10_YEAST	MULTIPLE	2	144	163	11	1.413e-06	{NE}
sp|P32319|VPS10_YEAST	WHOLE	1	1	1579	131	1.917e-06	{D}
sp|P32319|VPS10_YEAST	WHOLE	2	1	1579	99	1.946e-06	{F}
sp|P32323|AGA1_YEAST	SINGLE	1	142	396	127	1.811e-74	{S}
sp|P32323|AGA1_YEAST	SINGLE	2	532	702	64	2.148e-29	{S}
sp|P32323|AGA1_YEAST	SINGLE	3	170	325	45	1.322e-18	{T}
sp|P32323|AGA1_YEAST	SINGLE	4	442	512	24	6.132e-11	{S}
sp|P32323|AGA1_YEAST	SINGLE	5	382	471	25	1.170e-10	{T}
sp|P32323|AGA1_YEAST	SINGLE	6	29	77	16	1.931e-08	{T}
sp|P32323|AGA1_YEAST	SINGLE	7	91	151	17	9.493e-08	{T}
sp|P32323|AGA1_YEAST	SINGLE	8	76	115	13	2.270e-06	{S}
sp|P32323|AGA1_YEAST	MULTIPLE	1	74	471	255	1.107e-120	{ST}
sp|P32323|AGA1_YEAST	MULTIPLE	2	531	704	95	1.018e-37	{ST}
sp|P32323|AGA1_YEAST	MULTIPLE	3	442	516	41	3.154e-17	{ST}
sp|P32323|AGA1_YEAST	WHOLE	1	1	725	244	2.024e-95	{S}
sp|P32323|AGA1_YEAST	WHOLE	2	1	725	156	2.058e-42	{T}
sp|P32325|DBF4_YEAST	SINGLE	1	41	49	7	9.107e-09	{N}
sp|P32325|DBF4_YEAST	WHOLE	1	1	704	77	5.799e-07	{K}
sp|P32327|PYC2_YEAST	SINGLE	1	308	336	9	6.268e-06	{I}
sp|P32327|PYC2_YEAST	SINGLE	2	183	188	5	7.177e-06	{G}
sp|P32329|YPS1_YEAST	SINGLE	1	150	171	9	5.048e-06	{G}
sp|P32329|YPS1_YEAST	SINGLE	2	104	141	12	7.635e-06	{S}
sp|P32329|YPS1_YEAST	MULTIPLE	1	104	141	16	2.470e-06	{SR}
sp|P32329|YPS1_YEAST	MULTIPLE	2	523	545	15	1.264e-08	{ST}
sp|P32329|YPS1_YEAST	WHOLE	1	1	569	84	2.598e-10	{S}
sp|P32329|YPS1_YEAST	WHOLE	2	1	569	62	7.198e-06	{T}
sp|P32333|BTAF1_YEAST	MULTIPLE	1	181	217	15	1.676e-06	{KN}
sp|P32333|BTAF1_YEAST	WHOLE	1	1	1867	248	1.680e-09	{L}
sp|P32334|MSB2_YEAST	SINGLE	1	190	867	249	6.094e-107	{S}
sp|P32334|MSB2_YEAST	SINGLE	2	1121	1182	30	2.250e-18	{S}
sp|P32334|MSB2_YEAST	SINGLE	3	37	165	37	1.648e-13	{S}
sp|P32334|MSB2_YEAST	SINGLE	4	876	956	24	1.261e-09	{S}
sp|P32334|MSB2_YEAST	SINGLE	5	169	193	10	1.050e-06	{T}
sp|P32334|MSB2_YEAST	SINGLE	6	912	954	13	1.072e-06	{T}
sp|P32334|MSB2_YEAST	SINGLE	7	33	44	6	4.669e-06	{Q}
sp|P32334|MSB2_YEAST	SINGLE	8	1201	1230	9	8.515e-06	{I}
sp|P32334|MSB2_YEAST	MULTIPLE	1	169	863	350	5.134e-120	{ST}
sp|P32334|MSB2_YEAST	MULTIPLE	2	32	165	85	2.813e-20	{SQTA}
sp|P32334|MSB2_YEAST	MULTIPLE	3	867	956	47	1.899e-18	{ST}
sp|P32334|MSB2_YEAST	MULTIPLE	4	1211	1233	16	3.049e-08	{ISR}
sp|P32334|MSB2_YEAST	WHOLE	1	1	1306	379	1.138e-123	{S}
sp|P32334|MSB2_YEAST	WHOLE	2	1	1306	165	5.297e-18	{T}
sp|P32335|MSS51_YEAST	SINGLE	1	307	336	9	1.323e-06	{F}
sp|P32335|MSS51_YEAST	SINGLE	2	48	57	6	1.799e-06	{P}
sp|P32336|NUD1_YEAST	SINGLE	1	223	248	19	5.485e-21	{N}
sp|P32336|NUD1_YEAST	SINGLE	2	266	274	8	6.099e-09	{S}
sp|P32336|NUD1_YEAST	SINGLE	3	106	120	8	1.486e-06	{G}
sp|P32336|NUD1_YEAST	SINGLE	4	629	652	8	4.328e-06	{N}
sp|P32336|NUD1_YEAST	WHOLE	1	1	851	89	2.295e-14	{N}
sp|P32336|NUD1_YEAST	WHOLE	2	1	851	102	1.971e-07	{S}
sp|P32337|IMB3_YEAST	SINGLE	1	324	339	8	7.437e-07	{D}
sp|P32337|IMB3_YEAST	MULTIPLE	1	815	837	14	3.539e-08	{DE}
sp|P32342|SRP21_YEAST	SINGLE	1	155	166	9	2.389e-09	{K}
sp|P32342|SRP21_YEAST	SINGLE	2	82	106	11	9.163e-08	{K}
sp|P32342|SRP21_YEAST	MULTIPLE	1	146	166	15	5.719e-11	{KN}
sp|P32342|SRP21_YEAST	WHOLE	1	1	167	32	7.913e-09	{K}
sp|P32343|SSH4_YEAST	SINGLE	1	490	541	16	3.008e-10	{N}
sp|P32343|SSH4_YEAST	MULTIPLE	1	553	579	15	1.729e-08	{KR}
sp|P32344|COX24_YEAST	SINGLE	1	39	53	7	1.262e-08	{M}
sp|P32344|COX24_YEAST	SINGLE	2	83	101	10	4.228e-08	{K}
sp|P32344|COX24_YEAST	SINGLE	3	94	105	6	8.314e-06	{R}
sp|P32344|COX24_YEAST	MULTIPLE	1	37	63	15	4.292e-10	{MT}
sp|P32344|COX24_YEAST	MULTIPLE	2	82	106	19	5.121e-14	{KR}
sp|P32349|RPC3_YEAST	SINGLE	1	432	438	6	4.936e-07	{E}
sp|P32349|RPC3_YEAST	SINGLE	2	118	122	4	9.720e-06	{Y}
sp|P32349|RPC3_YEAST	MULTIPLE	1	429	446	13	5.144e-09	{ED}
sp|P32350|KNS1_YEAST	SINGLE	1	148	158	7	7.644e-08	{N}
sp|P32350|KNS1_YEAST	SINGLE	2	673	677	5	1.948e-06	{S}
sp|P32350|KNS1_YEAST	SINGLE	3	103	113	6	2.376e-06	{N}
sp|P32350|KNS1_YEAST	SINGLE	4	270	289	9	3.882e-06	{S}
sp|P32350|KNS1_YEAST	SINGLE	5	118	124	5	9.952e-06	{D}
sp|P32350|KNS1_YEAST	WHOLE	1	1	737	62	3.586e-07	{N}
sp|P32353|ERG3_YEAST	SINGLE	1	200	231	7	4.540e-06	{H}
sp|P32354|MCM10_YEAST	MULTIPLE	1	98	106	7	1.426e-06	{QP}
sp|P32354|MCM10_YEAST	WHOLE	1	1	571	69	5.987e-08	{K}
sp|P32357|AAR2_YEAST	SINGLE	1	320	340	8	8.833e-06	{D}
sp|P32361|IRE1_YEAST	SINGLE	1	624	632	6	2.090e-06	{D}
sp|P32361|IRE1_YEAST	SINGLE	2	384	430	14	2.966e-06	{S}
sp|P32361|IRE1_YEAST	MULTIPLE	1	642	659	12	2.808e-08	{KR}
sp|P32361|IRE1_YEAST	MULTIPLE	2	19	35	10	4.922e-06	{SR}
sp|P32364|SMY1_YEAST	SINGLE	1	548	627	24	9.570e-10	{S}
sp|P32364|SMY1_YEAST	SINGLE	2	7	23	8	9.053e-06	{S}
sp|P32364|SMY1_YEAST	WHOLE	1	1	656	87	2.016e-08	{S}
sp|P32367|TFC1_YEAST	SINGLE	1	560	604	15	9.298e-09	{D}
sp|P32377|MVD1_YEAST	SINGLE	1	115	133	9	4.569e-06	{A}
sp|P32380|SP110_YEAST	SINGLE	1	913	934	8	4.458e-06	{R}
sp|P32380|SP110_YEAST	MULTIPLE	1	746	756	8	2.183e-06	{NE}
sp|P32380|SP110_YEAST	WHOLE	1	1	944	122	1.357e-14	{K}
sp|P32380|SP110_YEAST	WHOLE	2	1	944	123	1.781e-13	{E}
sp|P32380|SP110_YEAST	WHOLE	3	1	944	78	3.131e-08	{N}
sp|P32383|PLC1_YEAST	SINGLE	1	537	568	13	1.193e-07	{S}
sp|P32383|PLC1_YEAST	SINGLE	2	107	123	8	4.332e-07	{R}
sp|P32386|YBT1_YEAST	SINGLE	1	322	369	12	2.116e-07	{F}
sp|P32386|YBT1_YEAST	SINGLE	2	17	56	10	1.552e-06	{Y}
sp|P32386|YBT1_YEAST	SINGLE	3	213	249	10	7.544e-06	{I}
sp|P32386|YBT1_YEAST	SINGLE	4	85	97	6	8.081e-06	{N}
sp|P32386|YBT1_YEAST	SINGLE	5	936	957	9	9.901e-06	{S}
sp|P32386|YBT1_YEAST	WHOLE	1	1	1661	152	2.900e-13	{I}
sp|P32389|MET4_YEAST	SINGLE	1	166	175	8	4.906e-10	{N}
sp|P32389|MET4_YEAST	SINGLE	2	403	414	8	4.942e-09	{N}
sp|P32389|MET4_YEAST	SINGLE	3	106	136	11	3.344e-08	{N}
sp|P32389|MET4_YEAST	SINGLE	4	223	242	9	5.309e-08	{N}
sp|P32389|MET4_YEAST	SINGLE	5	306	339	13	2.743e-07	{S}
sp|P32389|MET4_YEAST	SINGLE	6	478	510	10	7.433e-07	{N}
sp|P32389|MET4_YEAST	SINGLE	7	53	62	7	9.710e-07	{S}
sp|P32389|MET4_YEAST	SINGLE	8	581	612	11	1.698e-06	{K}
sp|P32389|MET4_YEAST	SINGLE	9	560	595	11	2.257e-06	{D}
sp|P32389|MET4_YEAST	SINGLE	10	31	37	5	2.860e-06	{N}
sp|P32389|MET4_YEAST	MULTIPLE	1	304	344	21	4.544e-10	{SN}
sp|P32389|MET4_YEAST	MULTIPLE	2	551	612	27	2.688e-10	{KD}
sp|P32389|MET4_YEAST	WHOLE	1	1	672	91	1.023e-21	{N}
sp|P32389|MET4_YEAST	WHOLE	2	1	672	83	7.093e-07	{S}
sp|P32432|SFP1_YEAST	SINGLE	1	532	555	20	6.738e-22	{D}
sp|P32432|SFP1_YEAST	SINGLE	2	409	458	18	1.161e-12	{N}
sp|P32432|SFP1_YEAST	SINGLE	3	28	79	18	2.513e-12	{N}
sp|P32432|SFP1_YEAST	SINGLE	4	240	307	19	4.394e-11	{N}
sp|P32432|SFP1_YEAST	SINGLE	5	312	328	8	2.017e-07	{Q}
sp|P32432|SFP1_YEAST	SINGLE	6	4	21	9	3.699e-07	{T}
sp|P32432|SFP1_YEAST	SINGLE	7	140	152	8	1.221e-06	{A}
sp|P32432|SFP1_YEAST	MULTIPLE	1	226	308	36	2.122e-13	{NS}
sp|P32432|SFP1_YEAST	MULTIPLE	2	312	328	11	7.355e-10	{QH}
sp|P32432|SFP1_YEAST	MULTIPLE	3	1	21	13	1.015e-09	{TM}
sp|P32432|SFP1_YEAST	WHOLE	1	1	683	93	2.539e-22	{N}
sp|P32432|SFP1_YEAST	WHOLE	2	1	683	88	5.936e-08	{S}
sp|P32432|SFP1_YEAST	WHOLE	3	1	683	36	1.124e-06	{H}
sp|P32447|ASF1_YEAST	SINGLE	1	172	242	37	2.550e-25	{E}
sp|P32447|ASF1_YEAST	SINGLE	2	170	196	15	1.313e-12	{D}
sp|P32447|ASF1_YEAST	MULTIPLE	1	170	242	56	7.139e-37	{ED}
sp|P32447|ASF1_YEAST	WHOLE	1	1	279	58	2.518e-15	{E}
sp|P32447|ASF1_YEAST	WHOLE	2	1	279	35	4.270e-06	{D}
sp|P32454|APE2_YEAST	SINGLE	1	402	440	8	9.386e-08	{W}
sp|P32457|CDC3_YEAST	SINGLE	1	440	493	16	8.457e-08	{K}
sp|P32457|CDC3_YEAST	SINGLE	2	154	172	9	9.770e-07	{E}
sp|P32457|CDC3_YEAST	MULTIPLE	1	154	178	15	3.435e-09	{EQ}
sp|P32458|CDC11_YEAST	SINGLE	1	354	415	19	6.637e-09	{E}
sp|P32458|CDC11_YEAST	SINGLE	2	316	320	5	1.948e-06	{S}
sp|P32458|CDC11_YEAST	SINGLE	3	326	342	7	3.459e-06	{N}
sp|P32461|DPH2_YEAST	MULTIPLE	1	108	123	9	1.678e-06	{VH}
sp|P32462|ERG24_YEAST	MULTIPLE	1	223	238	10	1.413e-06	{HL}
sp|P32462|ERG24_YEAST	MULTIPLE	2	12	53	15	1.276e-06	{IF}
sp|P32465|HXT1_YEAST	SINGLE	1	144	176	12	2.530e-08	{I}
sp|P32465|HXT1_YEAST	SINGLE	2	477	512	11	7.238e-08	{F}
sp|P32465|HXT1_YEAST	MULTIPLE	1	477	512	16	2.165e-09	{FY}
sp|P32465|HXT1_YEAST	MULTIPLE	2	375	409	12	9.421e-06	{CV}
sp|P32465|HXT1_YEAST	MULTIPLE	3	428	440	7	1.883e-06	{FC}
sp|P32466|HXT3_YEAST	SINGLE	1	144	173	12	7.178e-09	{I}
sp|P32466|HXT3_YEAST	SINGLE	2	474	509	11	7.238e-08	{F}
sp|P32466|HXT3_YEAST	MULTIPLE	1	474	509	16	2.165e-09	{FY}
sp|P32466|HXT3_YEAST	MULTIPLE	2	425	437	7	1.883e-06	{FC}
sp|P32467|HXT4_YEAST	SINGLE	1	153	182	12	7.178e-09	{I}
sp|P32467|HXT4_YEAST	SINGLE	2	483	518	11	7.238e-08	{F}
sp|P32467|HXT4_YEAST	MULTIPLE	1	483	518	16	2.165e-09	{FY}
sp|P32467|HXT4_YEAST	MULTIPLE	2	434	446	7	1.883e-06	{FC}
sp|P32471|EF1B_YEAST	SINGLE	1	91	119	12	6.984e-07	{A}
sp|P32471|EF1B_YEAST	SINGLE	2	67	73	6	1.498e-06	{A}
sp|P32471|EF1B_YEAST	SINGLE	3	78	92	7	6.688e-06	{D}
sp|P32471|EF1B_YEAST	MULTIPLE	1	67	120	41	2.554e-14	{ADEK}
sp|P32474|EUG1_YEAST	SINGLE	1	386	395	6	4.935e-06	{D}
sp|P32476|ERG1_YEAST	MULTIPLE	1	106	140	15	2.964e-06	{DK}
sp|P32478|HS150_YEAST	SINGLE	1	202	299	24	4.185e-09	{T}
sp|P32478|HS150_YEAST	SINGLE	2	111	163	15	4.222e-07	{T}
sp|P32478|HS150_YEAST	MULTIPLE	1	198	308	69	2.433e-24	{TAQ}
sp|P32478|HS150_YEAST	MULTIPLE	2	93	166	34	3.315e-11	{TA}
sp|P32478|HS150_YEAST	MULTIPLE	3	54	75	15	2.506e-08	{SA}
sp|P32478|HS150_YEAST	WHOLE	1	1	413	70	1.888e-14	{T}
sp|P32478|HS150_YEAST	WHOLE	2	1	413	75	6.013e-12	{A}
sp|P32478|HS150_YEAST	WHOLE	3	1	413	41	6.056e-07	{Q}
sp|P32479|HIR1_YEAST	SINGLE	1	502	510	6	9.427e-06	{S}
sp|P32479|HIR1_YEAST	MULTIPLE	1	699	720	9	4.464e-06	{CI}
sp|P32480|HIR2_YEAST	MULTIPLE	1	705	737	20	1.167e-08	{NSI}
sp|P32481|IF2G_YEAST	SINGLE	1	55	71	9	2.941e-07	{E}
sp|P32481|IF2G_YEAST	WHOLE	1	1	527	50	5.445e-06	{I}
sp|P32485|HOG1_YEAST	SINGLE	1	364	379	11	1.997e-09	{A}
sp|P32485|HOG1_YEAST	SINGLE	2	372	382	6	2.440e-06	{Q}
sp|P32485|HOG1_YEAST	MULTIPLE	1	362	382	18	3.090e-14	{AQ}
sp|P32486|KRE6_YEAST	SINGLE	1	174	189	8	5.165e-06	{S}
sp|P32490|MKK1_YEAST	SINGLE	1	132	194	23	2.545e-11	{S}
sp|P32490|MKK1_YEAST	SINGLE	2	39	74	12	4.099e-06	{S}
sp|P32490|MKK1_YEAST	MULTIPLE	1	38	79	22	1.835e-09	{ST}
sp|P32490|MKK1_YEAST	WHOLE	1	1	508	69	1.996e-07	{S}
sp|P32491|MKK2_YEAST	SINGLE	1	42	78	14	1.121e-07	{S}
sp|P32491|MKK2_YEAST	SINGLE	2	86	93	6	2.639e-07	{P}
sp|P32491|MKK2_YEAST	SINGLE	3	159	189	11	5.189e-06	{S}
sp|P32491|MKK2_YEAST	MULTIPLE	1	42	81	22	5.399e-10	{ST}
sp|P32492|MYO4_YEAST	WHOLE	1	1	1471	120	3.921e-08	{I}
sp|P32492|MYO4_YEAST	WHOLE	2	1	1471	98	8.405e-06	{N}
sp|P32494|NGG1_YEAST	SINGLE	1	135	140	5	1.270e-06	{P}
sp|P32494|NGG1_YEAST	MULTIPLE	1	678	689	9	8.074e-07	{ED}
sp|P32494|NGG1_YEAST	WHOLE	1	1	702	56	5.478e-06	{N}
sp|P32495|NHP2_YEAST	SINGLE	1	32	72	15	8.847e-09	{K}
sp|P32495|NHP2_YEAST	WHOLE	1	1	156	29	7.374e-08	{K}
sp|P32497|EIF3C_YEAST	SINGLE	1	2	65	23	3.686e-11	{S}
sp|P32497|EIF3C_YEAST	MULTIPLE	1	6	57	32	1.602e-15	{SE}
sp|P32497|EIF3C_YEAST	WHOLE	1	1	812	94	2.217e-06	{S}
sp|P32499|NUP2_YEAST	SINGLE	1	333	387	18	2.507e-08	{S}
sp|P32499|NUP2_YEAST	MULTIPLE	1	426	458	16	1.082e-06	{SK}
sp|P32499|NUP2_YEAST	WHOLE	1	1	720	89	3.455e-10	{K}
sp|P32499|NUP2_YEAST	WHOLE	2	1	720	99	3.925e-10	{S}
sp|P32500|NDC1_YEAST	SINGLE	1	233	247	7	3.040e-06	{I}
sp|P32500|NDC1_YEAST	MULTIPLE	1	233	249	11	1.830e-08	{IF}
sp|P32500|NDC1_YEAST	MULTIPLE	2	435	457	10	6.263e-06	{TM}
sp|P32500|NDC1_YEAST	MULTIPLE	3	579	603	11	9.184e-06	{QD}
sp|P32501|EI2BE_YEAST	SINGLE	1	357	396	11	2.231e-06	{I}
sp|P32501|EI2BE_YEAST	WHOLE	1	1	712	69	3.485e-06	{D}
sp|P32501|EI2BE_YEAST	WHOLE	2	1	712	62	7.029e-06	{I}
sp|P32502|EI2BB_YEAST	SINGLE	1	155	185	10	1.301e-06	{I}
sp|P32504|CBF3A_YEAST	SINGLE	1	101	114	8	6.393e-07	{E}
sp|P32504|CBF3A_YEAST	SINGLE	2	555	594	10	5.203e-06	{Q}
sp|P32504|CBF3A_YEAST	MULTIPLE	1	169	178	9	1.400e-08	{NT}
sp|P32505|NAB2_YEAST	SINGLE	1	106	164	42	7.061e-44	{Q}
sp|P32505|NAB2_YEAST	SINGLE	2	210	228	10	8.177e-08	{G}
sp|P32505|NAB2_YEAST	SINGLE	3	415	469	9	2.081e-07	{C}
sp|P32505|NAB2_YEAST	SINGLE	4	124	163	11	1.331e-06	{P}
sp|P32505|NAB2_YEAST	MULTIPLE	1	106	164	54	1.056e-50	{QP}
sp|P32505|NAB2_YEAST	MULTIPLE	2	217	232	16	1.405e-13	{GRN}
sp|P32505|NAB2_YEAST	MULTIPLE	3	262	301	15	7.252e-09	{CP}
sp|P32505|NAB2_YEAST	WHOLE	1	1	525	61	3.633e-12	{Q}
sp|P32505|NAB2_YEAST	WHOLE	2	1	525	50	1.193e-06	{P}
sp|P32521|PAN1_YEAST	SINGLE	1	6	55	27	5.979e-24	{Q}
sp|P32521|PAN1_YEAST	SINGLE	2	136	230	28	3.174e-16	{Q}
sp|P32521|PAN1_YEAST	SINGLE	3	1304	1378	25	2.604e-15	{P}
sp|P32521|PAN1_YEAST	SINGLE	4	98	106	8	1.064e-10	{Q}
sp|P32521|PAN1_YEAST	SINGLE	5	1084	1126	15	1.547e-10	{Q}
sp|P32521|PAN1_YEAST	SINGLE	6	1466	1480	9	3.969e-09	{P}
sp|P32521|PAN1_YEAST	SINGLE	7	1085	1124	13	1.662e-08	{P}
sp|P32521|PAN1_YEAST	SINGLE	8	1400	1406	6	6.922e-08	{P}
sp|P32521|PAN1_YEAST	SINGLE	9	744	759	9	3.567e-07	{S}
sp|P32521|PAN1_YEAST	SINGLE	10	475	490	6	6.895e-07	{M}
sp|P32521|PAN1_YEAST	SINGLE	11	82	95	7	6.965e-07	{N}
sp|P32521|PAN1_YEAST	SINGLE	12	976	1007	12	9.977e-07	{S}
sp|P32521|PAN1_YEAST	SINGLE	13	574	590	7	3.459e-06	{N}
sp|P32521|PAN1_YEAST	SINGLE	14	1152	1164	7	4.029e-06	{K}
sp|P32521|PAN1_YEAST	SINGLE	15	201	238	10	6.113e-06	{P}
sp|P32521|PAN1_YEAST	SINGLE	16	1136	1142	5	9.952e-06	{D}
sp|P32521|PAN1_YEAST	MULTIPLE	1	130	238	47	3.625e-21	{QP}
sp|P32521|PAN1_YEAST	MULTIPLE	2	1084	1126	28	1.927e-19	{QP}
sp|P32521|PAN1_YEAST	MULTIPLE	3	472	493	13	2.274e-09	{MT}
sp|P32521|PAN1_YEAST	MULTIPLE	4	80	97	13	1.543e-09	{NG}
sp|P32521|PAN1_YEAST	MULTIPLE	5	1134	1150	12	3.081e-08	{DE}
sp|P32521|PAN1_YEAST	MULTIPLE	6	536	556	10	4.358e-06	{QP}
sp|P32521|PAN1_YEAST	MULTIPLE	7	924	941	11	1.086e-06	{SI}
sp|P32521|PAN1_YEAST	WHOLE	1	1	1480	151	7.846e-22	{Q}
sp|P32521|PAN1_YEAST	WHOLE	2	1	1480	150	1.465e-18	{P}
sp|P32521|PAN1_YEAST	WHOLE	3	1	1480	107	1.122e-07	{N}
sp|P32526|KAR9_YEAST	SINGLE	1	616	622	5	4.800e-06	{R}
sp|P32526|KAR9_YEAST	MULTIPLE	1	613	626	9	7.391e-07	{RP}
sp|P32527|ZUO1_YEAST	SINGLE	1	306	350	21	3.210e-12	{A}
sp|P32527|ZUO1_YEAST	SINGLE	2	323	355	13	3.070e-08	{K}
sp|P32527|ZUO1_YEAST	SINGLE	3	291	321	11	1.932e-06	{E}
sp|P32527|ZUO1_YEAST	MULTIPLE	1	290	353	54	1.098e-27	{AKE}
sp|P32527|ZUO1_YEAST	WHOLE	1	1	433	56	1.064e-07	{K}
sp|P32528|DUR1_YEAST	SINGLE	1	623	631	6	3.865e-06	{K}
sp|P32528|DUR1_YEAST	SINGLE	2	792	797	5	7.177e-06	{G}
sp|P32558|SPT16_YEAST	SINGLE	1	960	1021	21	1.379e-10	{E}
sp|P32558|SPT16_YEAST	SINGLE	2	977	1018	12	1.735e-06	{D}
sp|P32558|SPT16_YEAST	MULTIPLE	1	958	1021	36	2.597e-17	{ED}
sp|P32558|SPT16_YEAST	MULTIPLE	2	771	801	20	1.125e-08	{ERG}
sp|P32561|RPD3_YEAST	SINGLE	1	340	351	6	2.107e-06	{Y}
sp|P32563|VPP1_YEAST	SINGLE	1	833	840	6	3.387e-06	{S}
sp|P32563|VPP1_YEAST	MULTIPLE	1	415	432	9	3.182e-07	{FM}
sp|P32565|RPN2_YEAST	SINGLE	1	811	867	19	6.027e-10	{K}
sp|P32565|RPN2_YEAST	SINGLE	2	820	855	14	2.079e-08	{E}
sp|P32565|RPN2_YEAST	MULTIPLE	1	815	860	30	1.405e-16	{KE}
sp|P32566|SMI1_YEAST	SINGLE	1	438	463	10	2.440e-06	{E}
sp|P32566|SMI1_YEAST	SINGLE	2	476	501	10	2.440e-06	{E}
sp|P32567|PAH1_YEAST	SINGLE	1	838	862	11	3.141e-08	{D}
sp|P32567|PAH1_YEAST	SINGLE	2	299	333	14	4.944e-08	{S}
sp|P32567|PAH1_YEAST	SINGLE	3	639	663	10	3.912e-07	{D}
sp|P32567|PAH1_YEAST	SINGLE	4	704	730	11	1.078e-06	{S}
sp|P32567|PAH1_YEAST	SINGLE	5	135	140	5	5.074e-06	{K}
sp|P32567|PAH1_YEAST	SINGLE	6	116	144	10	7.520e-06	{E}
sp|P32567|PAH1_YEAST	SINGLE	7	755	761	5	9.952e-06	{D}
sp|P32567|PAH1_YEAST	MULTIPLE	1	299	335	19	3.407e-08	{SK}
sp|P32567|PAH1_YEAST	MULTIPLE	2	121	144	19	3.912e-10	{KEG}
sp|P32567|PAH1_YEAST	MULTIPLE	3	153	176	14	2.826e-07	{TS}
sp|P32567|PAH1_YEAST	WHOLE	1	1	862	111	1.578e-09	{S}
sp|P32568|SNQ2_YEAST	SINGLE	1	1279	1296	7	2.867e-06	{F}
sp|P32568|SNQ2_YEAST	SINGLE	2	603	636	9	4.134e-06	{F}
sp|P32568|SNQ2_YEAST	SINGLE	3	1191	1197	4	7.399e-06	{M}
sp|P32568|SNQ2_YEAST	MULTIPLE	1	650	685	15	2.731e-07	{MS}
sp|P32568|SNQ2_YEAST	MULTIPLE	2	1455	1467	9	1.628e-07	{IF}
sp|P32568|SNQ2_YEAST	WHOLE	1	1	1501	92	9.308e-06	{F}
sp|P32571|UBP4_YEAST	SINGLE	1	386	392	7	2.854e-10	{Q}
sp|P32571|UBP4_YEAST	SINGLE	2	402	437	15	8.556e-09	{S}
sp|P32571|UBP4_YEAST	SINGLE	3	128	134	6	4.294e-08	{N}
sp|P32571|UBP4_YEAST	SINGLE	4	56	108	13	1.132e-06	{I}
sp|P32571|UBP4_YEAST	SINGLE	5	194	205	7	5.518e-06	{S}
sp|P32571|UBP4_YEAST	MULTIPLE	1	402	457	33	4.382e-13	{SPN}
sp|P32571|UBP4_YEAST	MULTIPLE	2	54	103	24	2.559e-08	{IKY}
sp|P32571|UBP4_YEAST	MULTIPLE	3	513	542	15	2.066e-07	{NS}
sp|P32571|UBP4_YEAST	WHOLE	1	1	926	78	1.446e-08	{N}
sp|P32571|UBP4_YEAST	WHOLE	2	1	926	106	9.618e-07	{S}
sp|P32571|UBP4_YEAST	WHOLE	3	1	926	79	1.163e-06	{I}
sp|P32578|SIP1_YEAST	SINGLE	1	313	332	9	5.309e-08	{N}
sp|P32578|SIP1_YEAST	SINGLE	2	431	448	10	9.128e-08	{S}
sp|P32578|SIP1_YEAST	SINGLE	3	599	644	15	3.721e-07	{S}
sp|P32578|SIP1_YEAST	SINGLE	4	193	211	9	2.301e-06	{S}
sp|P32578|SIP1_YEAST	SINGLE	5	18	23	4	3.242e-06	{H}
sp|P32578|SIP1_YEAST	SINGLE	6	377	397	9	6.304e-06	{S}
sp|P32578|SIP1_YEAST	MULTIPLE	1	420	445	14	1.225e-08	{SH}
sp|P32578|SIP1_YEAST	WHOLE	1	1	815	111	6.849e-11	{S}
sp|P32582|CBS_YEAST	SINGLE	1	426	456	10	3.890e-07	{N}
sp|P32585|MED18_YEAST	SINGLE	1	101	141	10	6.328e-06	{N}
sp|P32588|PUB1_YEAST	SINGLE	1	420	453	21	1.213e-20	{Q}
sp|P32588|PUB1_YEAST	SINGLE	2	243	288	23	1.171e-19	{N}
sp|P32588|PUB1_YEAST	SINGLE	3	274	304	11	2.879e-11	{M}
sp|P32588|PUB1_YEAST	SINGLE	4	8	16	8	1.064e-10	{Q}
sp|P32588|PUB1_YEAST	SINGLE	5	309	316	5	7.464e-06	{Q}
sp|P32588|PUB1_YEAST	MULTIPLE	1	243	299	33	9.571e-25	{NM}
sp|P32588|PUB1_YEAST	MULTIPLE	2	293	327	16	1.254e-08	{QP}
sp|P32588|PUB1_YEAST	WHOLE	1	1	453	58	2.211e-13	{Q}
sp|P32588|PUB1_YEAST	WHOLE	2	1	453	54	1.821e-11	{N}
sp|P32589|HSP7F_YEAST	SINGLE	1	493	520	10	5.270e-06	{E}
sp|P32589|HSP7F_YEAST	MULTIPLE	1	493	520	14	3.596e-07	{EP}
sp|P32589|HSP7F_YEAST	MULTIPLE	2	658	682	14	1.263e-06	{AE}
sp|P32591|SWI3_YEAST	SINGLE	1	169	202	13	8.366e-08	{E}
sp|P32591|SWI3_YEAST	SINGLE	2	200	205	5	3.011e-06	{D}
sp|P32591|SWI3_YEAST	SINGLE	3	123	141	7	8.205e-06	{N}
sp|P32591|SWI3_YEAST	SINGLE	4	721	754	9	8.950e-06	{N}
sp|P32591|SWI3_YEAST	MULTIPLE	1	169	205	20	7.579e-10	{ED}
sp|P32591|SWI3_YEAST	MULTIPLE	2	728	756	15	1.167e-07	{NS}
sp|P32591|SWI3_YEAST	MULTIPLE	3	22	39	11	1.095e-06	{NA}
sp|P32591|SWI3_YEAST	MULTIPLE	4	475	490	9	4.913e-06	{ND}
sp|P32591|SWI3_YEAST	WHOLE	1	1	825	75	1.177e-09	{N}
sp|P32591|SWI3_YEAST	WHOLE	2	1	825	91	3.800e-07	{E}
sp|P32597|STH1_YEAST	SINGLE	1	1198	1247	18	4.054e-10	{K}
sp|P32597|STH1_YEAST	SINGLE	2	1086	1096	7	1.569e-07	{R}
sp|P32597|STH1_YEAST	SINGLE	3	969	983	8	3.938e-07	{D}
sp|P32597|STH1_YEAST	SINGLE	4	21	29	7	5.567e-07	{A}
sp|P32597|STH1_YEAST	SINGLE	5	722	728	5	2.926e-06	{Q}
sp|P32597|STH1_YEAST	SINGLE	6	812	835	6	9.716e-06	{M}
sp|P32597|STH1_YEAST	WHOLE	1	1	1359	135	3.773e-07	{E}
sp|P32597|STH1_YEAST	WHOLE	2	1	1359	129	5.175e-07	{K}
sp|P32599|FIMB_YEAST	SINGLE	1	393	413	10	2.267e-07	{E}
sp|P32600|TOR2_YEAST	SINGLE	1	991	1029	12	2.059e-07	{I}
sp|P32600|TOR2_YEAST	SINGLE	2	1831	1839	6	9.427e-06	{S}
sp|P32600|TOR2_YEAST	WHOLE	1	1	2474	316	9.402e-10	{L}
sp|P32600|TOR2_YEAST	WHOLE	2	1	2474	185	1.031e-08	{I}
sp|P32605|RU1A_YEAST	SINGLE	1	125	163	12	2.168e-06	{K}
sp|P32605|RU1A_YEAST	MULTIPLE	1	125	177	24	2.473e-10	{KR}
sp|P32609|PEP7_YEAST	SINGLE	1	77	102	6	2.798e-06	{C}
sp|P32609|PEP7_YEAST	SINGLE	2	221	252	6	9.997e-06	{C}
sp|P32609|PEP7_YEAST	MULTIPLE	1	77	102	10	1.042e-06	{CN}
sp|P32609|PEP7_YEAST	WHOLE	1	1	515	44	9.344e-06	{N}
sp|P32621|GDA1_YEAST	MULTIPLE	1	18	55	14	4.844e-06	{IP}
sp|P32623|CRH2_YEAST	SINGLE	1	354	442	49	1.825e-32	{S}
sp|P32623|CRH2_YEAST	SINGLE	2	27	73	9	5.074e-08	{C}
sp|P32623|CRH2_YEAST	MULTIPLE	1	352	442	65	1.846e-36	{ST}
sp|P32623|CRH2_YEAST	WHOLE	1	1	467	86	8.920e-16	{S}
sp|P32628|RAD23_YEAST	SINGLE	1	201	247	16	2.438e-07	{A}
sp|P32628|RAD23_YEAST	SINGLE	2	229	256	10	6.265e-06	{G}
sp|P32628|RAD23_YEAST	MULTIPLE	1	201	256	26	9.085e-09	{AG}
sp|P32628|RAD23_YEAST	MULTIPLE	2	125	166	18	1.003e-06	{ET}
sp|P32629|ANP1_YEAST	SINGLE	1	446	467	22	1.006e-30	{Q}
sp|P32629|ANP1_YEAST	MULTIPLE	1	475	498	12	4.142e-06	{KD}
sp|P32639|BRR2_YEAST	MULTIPLE	1	226	249	12	6.641e-07	{DN}
sp|P32639|BRR2_YEAST	WHOLE	1	1	2163	155	1.238e-06	{I}
sp|P32639|BRR2_YEAST	WHOLE	2	1	2163	135	6.192e-06	{N}
sp|P32641|RAD24_YEAST	SINGLE	1	354	369	8	1.077e-07	{N}
sp|P32641|RAD24_YEAST	SINGLE	2	593	613	8	8.833e-06	{D}
sp|P32641|RAD24_YEAST	MULTIPLE	1	486	507	11	2.108e-06	{YK}
sp|P32641|RAD24_YEAST	WHOLE	1	1	659	53	7.270e-06	{N}
sp|P32642|GLRX4_YEAST	SINGLE	1	137	144	6	1.846e-06	{E}
sp|P32643|TMT1_YEAST	SINGLE	1	2	23	9	9.901e-06	{S}
sp|P32644|ECM32_YEAST	SINGLE	1	244	302	14	1.398e-07	{N}
sp|P32644|ECM32_YEAST	SINGLE	2	161	203	14	1.461e-07	{K}
sp|P32644|ECM32_YEAST	SINGLE	3	665	725	15	1.703e-07	{I}
sp|P32644|ECM32_YEAST	SINGLE	4	103	108	4	9.518e-07	{C}
sp|P32644|ECM32_YEAST	SINGLE	5	413	455	13	1.035e-06	{K}
sp|P32644|ECM32_YEAST	SINGLE	6	210	214	5	1.948e-06	{S}
sp|P32644|ECM32_YEAST	MULTIPLE	1	249	296	21	3.058e-09	{NK}
sp|P32644|ECM32_YEAST	MULTIPLE	2	163	187	21	8.348e-13	{KRG}
sp|P32644|ECM32_YEAST	MULTIPLE	3	337	383	21	1.922e-09	{KN}
sp|P32644|ECM32_YEAST	WHOLE	1	1	1121	97	8.485e-11	{N}
sp|P32644|ECM32_YEAST	WHOLE	2	1	1121	119	5.031e-09	{K}
sp|P32657|CHD1_YEAST	SINGLE	1	57	83	14	2.012e-10	{E}
sp|P32657|CHD1_YEAST	SINGLE	2	35	86	17	1.374e-09	{D}
sp|P32657|CHD1_YEAST	SINGLE	3	93	122	10	6.818e-06	{K}
sp|P32657|CHD1_YEAST	MULTIPLE	1	35	86	33	3.212e-18	{ED}
sp|P32657|CHD1_YEAST	MULTIPLE	2	97	119	16	9.571e-10	{KS}
sp|P32657|CHD1_YEAST	MULTIPLE	3	987	1003	11	4.271e-07	{RS}
sp|P32657|CHD1_YEAST	MULTIPLE	4	140	162	12	3.113e-06	{DE}
sp|P32657|CHD1_YEAST	MULTIPLE	5	265	289	12	4.698e-06	{ER}
sp|P32657|CHD1_YEAST	WHOLE	1	1	1468	138	3.884e-07	{K}
sp|P32660|ATC5_YEAST	SINGLE	1	1365	1403	10	1.670e-06	{F}
sp|P32660|ATC5_YEAST	SINGLE	2	1205	1225	7	7.349e-06	{Y}
sp|P32660|ATC5_YEAST	SINGLE	3	1501	1513	6	8.296e-06	{Q}
sp|P32767|KA122_YEAST	SINGLE	1	126	161	11	1.904e-07	{N}
sp|P32767|KA122_YEAST	WHOLE	1	1	1081	81	8.058e-07	{N}
sp|P32767|KA122_YEAST	WHOLE	2	1	1081	88	1.994e-06	{I}
sp|P32768|FLO1_YEAST	SINGLE	1	275	1082	311	8.524e-158	{T}
sp|P32768|FLO1_YEAST	SINGLE	2	1085	1220	64	1.740e-36	{S}
sp|P32768|FLO1_YEAST	SINGLE	3	1209	1355	48	2.857e-22	{T}
sp|P32768|FLO1_YEAST	SINGLE	4	1406	1441	15	1.116e-09	{T}
sp|P32768|FLO1_YEAST	SINGLE	5	1464	1518	18	2.507e-08	{S}
sp|P32768|FLO1_YEAST	SINGLE	6	209	216	5	3.800e-06	{Y}
sp|P32768|FLO1_YEAST	MULTIPLE	1	1079	1359	148	4.322e-55	{ST}
sp|P32768|FLO1_YEAST	WHOLE	1	1	1537	432	2.669e-158	{T}
sp|P32768|FLO1_YEAST	WHOLE	2	1	1537	200	4.888e-16	{S}
sp|P32769|HBS1_YEAST	SINGLE	1	75	86	8	8.160e-08	{K}
sp|P32769|HBS1_YEAST	SINGLE	2	5	32	11	1.274e-07	{D}
sp|P32769|HBS1_YEAST	SINGLE	3	121	136	8	2.395e-06	{E}
sp|P32773|TOA1_YEAST	SINGLE	1	58	141	25	8.326e-15	{N}
sp|P32773|TOA1_YEAST	SINGLE	2	169	198	11	1.333e-06	{E}
sp|P32773|TOA1_YEAST	SINGLE	3	223	228	5	3.011e-06	{D}
sp|P32773|TOA1_YEAST	MULTIPLE	1	172	208	26	5.709e-12	{EKD}
sp|P32773|TOA1_YEAST	WHOLE	1	1	286	36	8.266e-09	{N}
sp|P32776|TFB1_YEAST	SINGLE	1	479	534	13	5.035e-07	{N}
sp|P32776|TFB1_YEAST	SINGLE	2	305	346	12	1.735e-06	{D}
sp|P32776|TFB1_YEAST	SINGLE	3	635	642	5	7.298e-06	{N}
sp|P32776|TFB1_YEAST	MULTIPLE	1	391	426	21	1.192e-08	{NDE}
sp|P32776|TFB1_YEAST	MULTIPLE	2	118	125	7	1.659e-06	{ER}
sp|P32776|TFB1_YEAST	WHOLE	1	1	642	62	3.036e-09	{N}
sp|P32784|GPT1_YEAST	SINGLE	1	736	753	18	4.290e-22	{E}
sp|P32784|GPT1_YEAST	SINGLE	2	660	701	16	1.269e-08	{S}
sp|P32789|ALK2_YEAST	SINGLE	1	191	231	16	8.466e-09	{S}
sp|P32789|ALK2_YEAST	MULTIPLE	1	289	309	12	5.686e-08	{SH}
sp|P32789|ALK2_YEAST	WHOLE	1	1	676	102	1.102e-12	{S}
sp|P32790|SLA1_YEAST	SINGLE	1	140	159	13	1.851e-10	{A}
sp|P32790|SLA1_YEAST	SINGLE	2	1175	1230	16	1.083e-09	{Q}
sp|P32790|SLA1_YEAST	SINGLE	3	1150	1204	11	2.398e-08	{M}
sp|P32790|SLA1_YEAST	SINGLE	4	571	614	13	7.922e-08	{R}
sp|P32790|SLA1_YEAST	SINGLE	5	574	619	14	6.711e-07	{E}
sp|P32790|SLA1_YEAST	SINGLE	6	1143	1148	5	8.737e-07	{Q}
sp|P32790|SLA1_YEAST	SINGLE	7	647	653	5	2.860e-06	{N}
sp|P32790|SLA1_YEAST	SINGLE	8	621	642	8	3.704e-06	{P}
sp|P32790|SLA1_YEAST	SINGLE	9	225	234	6	4.935e-06	{D}
sp|P32790|SLA1_YEAST	SINGLE	10	265	270	5	5.074e-06	{K}
sp|P32790|SLA1_YEAST	SINGLE	11	226	257	9	5.226e-06	{N}
sp|P32790|SLA1_YEAST	SINGLE	12	872	884	5	5.312e-06	{M}
sp|P32790|SLA1_YEAST	SINGLE	13	1024	1070	8	6.791e-06	{M}
sp|P32790|SLA1_YEAST	SINGLE	14	202	211	6	9.234e-06	{T}
sp|P32790|SLA1_YEAST	MULTIPLE	1	140	169	21	4.739e-13	{AP}
sp|P32790|SLA1_YEAST	MULTIPLE	2	1159	1230	28	2.356e-15	{QM}
sp|P32790|SLA1_YEAST	MULTIPLE	3	571	619	27	9.428e-14	{RE}
sp|P32790|SLA1_YEAST	MULTIPLE	4	621	642	13	5.223e-08	{PT}
sp|P32790|SLA1_YEAST	MULTIPLE	5	223	250	19	6.722e-11	{DNY}
sp|P32790|SLA1_YEAST	MULTIPLE	6	202	214	11	2.408e-08	{TA}
sp|P32790|SLA1_YEAST	MULTIPLE	7	437	449	11	4.488e-09	{SR}
sp|P32791|FRE1_YEAST	SINGLE	1	128	136	5	8.228e-06	{Y}
sp|P32791|FRE1_YEAST	MULTIPLE	1	359	394	15	8.771e-08	{WMI}
sp|P32791|FRE1_YEAST	MULTIPLE	2	20	68	17	3.942e-07	{SC}
sp|P32793|YSC84_YEAST	SINGLE	1	222	257	13	3.008e-08	{D}
sp|P32793|YSC84_YEAST	SINGLE	2	282	307	11	5.142e-08	{D}
sp|P32793|YSC84_YEAST	MULTIPLE	1	266	321	41	1.368e-14	{DRGS}
sp|P32793|YSC84_YEAST	MULTIPLE	2	335	378	22	4.015e-07	{RDG}
sp|P32793|YSC84_YEAST	MULTIPLE	3	81	97	11	2.821e-06	{GA}
sp|P32794|AFG2_YEAST	SINGLE	1	5	20	10	1.940e-08	{S}
sp|P32794|AFG2_YEAST	SINGLE	2	173	206	10	9.381e-06	{D}
sp|P32794|AFG2_YEAST	MULTIPLE	1	4	29	18	9.471e-11	{SK}
sp|P32797|CDC13_YEAST	SINGLE	1	153	175	10	1.642e-06	{S}
sp|P32797|CDC13_YEAST	SINGLE	2	286	306	9	6.304e-06	{S}
sp|P32798|COT1_YEAST	SINGLE	1	134	169	12	8.496e-12	{H}
sp|P32798|COT1_YEAST	SINGLE	2	323	352	9	8.515e-06	{I}
sp|P32800|PEX2_YEAST	SINGLE	1	222	259	8	1.294e-07	{C}
sp|P32801|ELM1_YEAST	SINGLE	1	444	457	8	4.357e-07	{K}
sp|P32801|ELM1_YEAST	SINGLE	2	539	546	6	3.387e-06	{S}
sp|P32801|ELM1_YEAST	WHOLE	1	1	640	76	7.223e-06	{S}
sp|P32802|TMN1_YEAST	SINGLE	1	553	567	7	6.535e-07	{F}
sp|P32802|TMN1_YEAST	SINGLE	2	71	77	5	1.481e-06	{Y}
sp|P32802|TMN1_YEAST	SINGLE	3	458	490	9	3.163e-06	{F}
sp|P32802|TMN1_YEAST	WHOLE	1	1	667	59	5.556e-09	{F}
sp|P32805|FZF1_YEAST	SINGLE	1	189	230	15	9.677e-08	{S}
sp|P32805|FZF1_YEAST	SINGLE	2	207	237	10	9.708e-06	{T}
sp|P32805|FZF1_YEAST	MULTIPLE	1	193	237	25	2.730e-11	{ST}
sp|P32828|SLX5_YEAST	SINGLE	1	241	265	11	6.828e-09	{R}
sp|P32828|SLX5_YEAST	SINGLE	2	45	74	11	6.548e-08	{R}
sp|P32828|SLX5_YEAST	SINGLE	3	572	581	7	3.412e-07	{K}
sp|P32828|SLX5_YEAST	SINGLE	4	137	149	7	3.640e-07	{N}
sp|P32828|SLX5_YEAST	MULTIPLE	1	240	265	16	4.676e-11	{RQ}
sp|P32828|SLX5_YEAST	MULTIPLE	2	185	231	17	1.855e-06	{RD}
sp|P32828|SLX5_YEAST	WHOLE	1	1	619	73	1.759e-12	{R}
sp|P32829|MRE11_YEAST	SINGLE	1	605	642	11	4.031e-06	{D}
sp|P32832|RSC7_YEAST	SINGLE	1	38	87	17	7.073e-09	{E}
sp|P32832|RSC7_YEAST	SINGLE	2	30	46	8	1.327e-06	{D}
sp|P32832|RSC7_YEAST	MULTIPLE	1	30	88	30	3.923e-13	{ED}
sp|P32833|ORC2_YEAST	SINGLE	1	93	110	8	4.919e-06	{K}
sp|P32833|ORC2_YEAST	MULTIPLE	1	62	82	10	6.785e-06	{RP}
sp|P32835|GSP1_YEAST	SINGLE	1	190	205	7	2.192e-06	{Q}
sp|P32842|VATL2_YEAST	MULTIPLE	1	15	51	21	1.777e-07	{AGF}
sp|P32844|SEC6_YEAST	MULTIPLE	1	212	249	23	3.803e-09	{IKE}
sp|P32844|SEC6_YEAST	WHOLE	1	1	805	68	7.365e-06	{I}
sp|P32849|RAD5_YEAST	SINGLE	1	42	46	5	5.313e-07	{D}
sp|P32849|RAD5_YEAST	SINGLE	2	914	967	8	2.128e-06	{C}
sp|P32849|RAD5_YEAST	SINGLE	3	109	149	13	3.085e-06	{S}
sp|P32855|SEC8_YEAST	SINGLE	1	788	809	9	9.901e-06	{S}
sp|P32855|SEC8_YEAST	MULTIPLE	1	317	358	16	3.780e-07	{NI}
sp|P32855|SEC8_YEAST	WHOLE	1	1	1065	105	6.138e-15	{N}
sp|P32855|SEC8_YEAST	WHOLE	2	1	1065	94	3.250e-08	{I}
sp|P32860|NFU1_YEAST	SINGLE	1	130	159	12	1.468e-07	{E}
sp|P32862|RGT1_YEAST	SINGLE	1	301	336	16	4.604e-13	{Q}
sp|P32862|RGT1_YEAST	SINGLE	2	423	440	11	2.229e-11	{N}
sp|P32862|RGT1_YEAST	SINGLE	3	107	137	13	1.653e-10	{N}
sp|P32862|RGT1_YEAST	SINGLE	4	385	397	7	3.755e-07	{Q}
sp|P32862|RGT1_YEAST	SINGLE	5	47	76	6	6.765e-06	{C}
sp|P32862|RGT1_YEAST	MULTIPLE	1	301	340	23	1.582e-14	{QP}
sp|P32862|RGT1_YEAST	MULTIPLE	2	38	69	14	3.266e-08	{CK}
sp|P32862|RGT1_YEAST	MULTIPLE	3	936	955	12	1.632e-08	{PN}
sp|P32862|RGT1_YEAST	MULTIPLE	4	239	260	14	9.188e-08	{GS}
sp|P32862|RGT1_YEAST	WHOLE	1	1	1170	154	3.493e-13	{S}
sp|P32862|RGT1_YEAST	WHOLE	2	1	1170	98	3.662e-10	{N}
sp|P32863|RAD54_YEAST	SINGLE	1	625	638	7	3.777e-06	{D}
sp|P32863|RAD54_YEAST	MULTIPLE	1	3	26	13	4.065e-08	{RP}
sp|P32864|RAEP_YEAST	SINGLE	1	584	588	5	5.313e-07	{D}
sp|P32864|RAEP_YEAST	SINGLE	2	554	566	7	2.000e-06	{D}
sp|P32867|SSO1_YEAST	SINGLE	1	275	287	11	5.868e-12	{V}
sp|P32873|BEM3_YEAST	SINGLE	1	794	808	9	1.972e-09	{N}
sp|P32873|BEM3_YEAST	SINGLE	2	865	908	16	2.735e-08	{S}
sp|P32873|BEM3_YEAST	SINGLE	3	367	373	6	6.922e-08	{P}
sp|P32873|BEM3_YEAST	SINGLE	4	800	827	11	1.647e-06	{S}
sp|P32873|BEM3_YEAST	SINGLE	5	734	764	11	5.189e-06	{S}
sp|P32873|BEM3_YEAST	MULTIPLE	1	794	829	23	1.219e-13	{NS}
sp|P32873|BEM3_YEAST	MULTIPLE	2	422	450	14	1.298e-06	{PS}
sp|P32873|BEM3_YEAST	MULTIPLE	3	288	309	13	6.174e-07	{ST}
sp|P32873|BEM3_YEAST	WHOLE	1	1	1128	161	1.075e-16	{S}
sp|P32874|HFA1_YEAST	SINGLE	1	200	206	5	2.860e-06	{N}
sp|P32874|HFA1_YEAST	SINGLE	2	2165	2175	6	4.366e-06	{R}
sp|P32874|HFA1_YEAST	SINGLE	3	332	337	5	7.177e-06	{G}
sp|P32874|HFA1_YEAST	WHOLE	1	1	2273	196	4.249e-14	{I}
sp|P32892|DRS1_YEAST	SINGLE	1	170	190	19	5.119e-21	{E}
sp|P32892|DRS1_YEAST	SINGLE	2	34	52	10	4.228e-08	{K}
sp|P32892|DRS1_YEAST	SINGLE	3	131	149	9	9.770e-07	{E}
sp|P32892|DRS1_YEAST	SINGLE	4	57	79	9	1.863e-06	{D}
sp|P32892|DRS1_YEAST	WHOLE	1	1	752	81	5.589e-07	{K}
sp|P32892|DRS1_YEAST	WHOLE	2	1	752	84	5.982e-07	{E}
sp|P32893|TRS65_YEAST	SINGLE	1	448	478	12	2.510e-09	{N}
sp|P32893|TRS65_YEAST	SINGLE	2	357	375	9	3.052e-08	{N}
sp|P32893|TRS65_YEAST	SINGLE	3	80	126	12	4.594e-07	{N}
sp|P32893|TRS65_YEAST	SINGLE	4	348	356	6	9.427e-06	{S}
sp|P32893|TRS65_YEAST	WHOLE	1	1	560	64	1.832e-12	{N}
sp|P32895|KPR1_YEAST	SINGLE	1	258	266	6	2.090e-06	{D}
sp|P32900|SKG6_YEAST	SINGLE	1	486	548	19	1.084e-11	{Q}
sp|P32900|SKG6_YEAST	SINGLE	2	682	687	6	6.591e-09	{Q}
sp|P32900|SKG6_YEAST	SINGLE	3	9	50	16	1.269e-08	{S}
sp|P32900|SKG6_YEAST	SINGLE	4	399	442	12	2.116e-07	{N}
sp|P32900|SKG6_YEAST	SINGLE	5	72	96	10	1.584e-06	{V}
sp|P32900|SKG6_YEAST	MULTIPLE	1	72	96	15	7.123e-09	{VI}
sp|P32900|SKG6_YEAST	WHOLE	1	1	734	95	1.596e-08	{S}
sp|P32900|SKG6_YEAST	WHOLE	2	1	734	63	1.787e-07	{Q}
sp|P32900|SKG6_YEAST	WHOLE	3	1	734	59	2.553e-06	{N}
sp|P32901|PTR2_YEAST	SINGLE	1	158	204	14	3.228e-08	{I}
sp|P32901|PTR2_YEAST	SINGLE	2	388	433	11	1.079e-06	{F}
sp|P32901|PTR2_YEAST	MULTIPLE	1	384	433	20	2.492e-09	{FI}
sp|P32901|PTR2_YEAST	WHOLE	1	1	601	51	1.792e-07	{F}
sp|P32905|RSSA1_YEAST	SINGLE	1	208	245	18	3.756e-12	{E}
sp|P32908|SMC1_YEAST	SINGLE	1	1000	1046	14	8.937e-07	{E}
sp|P32908|SMC1_YEAST	SINGLE	2	946	980	10	4.399e-06	{I}
sp|P32908|SMC1_YEAST	SINGLE	3	813	824	6	4.669e-06	{Q}
sp|P32908|SMC1_YEAST	SINGLE	4	1043	1066	9	6.603e-06	{K}
sp|P32908|SMC1_YEAST	MULTIPLE	1	999	1066	27	1.596e-08	{EK}
sp|P32908|SMC1_YEAST	MULTIPLE	2	275	310	17	8.005e-07	{KS}
sp|P32908|SMC1_YEAST	MULTIPLE	3	170	194	13	2.238e-06	{EK}
sp|P32908|SMC1_YEAST	WHOLE	1	1	1225	134	9.949e-11	{K}
sp|P32908|SMC1_YEAST	WHOLE	2	1	1225	135	1.169e-09	{E}
sp|P32908|SMC1_YEAST	WHOLE	3	1	1225	86	4.346e-06	{N}
sp|P32908|SMC1_YEAST	WHOLE	4	1	1225	94	8.888e-06	{I}
sp|P32909|SMY2_YEAST	SINGLE	1	390	437	18	1.864e-10	{K}
sp|P32909|SMY2_YEAST	SINGLE	2	576	627	18	8.873e-10	{T}
sp|P32909|SMY2_YEAST	SINGLE	3	80	160	21	1.589e-07	{S}
sp|P32909|SMY2_YEAST	SINGLE	4	568	585	9	1.305e-06	{S}
sp|P32909|SMY2_YEAST	MULTIPLE	1	388	437	35	1.631e-16	{KEQ}
sp|P32909|SMY2_YEAST	MULTIPLE	2	568	630	36	3.879e-16	{TS}
sp|P32909|SMY2_YEAST	MULTIPLE	3	488	511	12	9.179e-06	{KE}
sp|P32909|SMY2_YEAST	WHOLE	1	1	740	102	1.915e-10	{S}
sp|P32912|VAM7_YEAST	SINGLE	1	73	109	10	5.885e-06	{R}
sp|P32912|VAM7_YEAST	SINGLE	2	246	270	8	6.296e-06	{Q}
sp|P32913|VPS17_YEAST	SINGLE	1	378	384	5	4.800e-06	{R}
sp|P32913|VPS17_YEAST	MULTIPLE	1	415	438	9	8.954e-06	{WI}
sp|P32915|SC61A_YEAST	WHOLE	1	1	480	47	4.435e-06	{I}
sp|P32916|SRPR_YEAST	SINGLE	1	185	198	7	7.560e-06	{K}
sp|P32916|SRPR_YEAST	SINGLE	2	231	239	6	9.427e-06	{S}
sp|P32916|SRPR_YEAST	MULTIPLE	1	169	198	13	3.390e-06	{KN}
sp|P32917|STE5_YEAST	SINGLE	1	61	92	14	1.258e-08	{S}
sp|P32917|STE5_YEAST	SINGLE	2	776	795	10	2.944e-08	{D}
sp|P32917|STE5_YEAST	MULTIPLE	1	865	876	10	1.144e-08	{EN}
sp|P32917|STE5_YEAST	MULTIPLE	2	122	162	15	1.094e-06	{NP}
sp|P32917|STE5_YEAST	WHOLE	1	1	917	112	2.199e-08	{S}
sp|P32917|STE5_YEAST	WHOLE	2	1	917	72	5.856e-07	{N}
sp|P32944|SWE1_YEAST	SINGLE	1	702	736	17	1.255e-14	{N}
sp|P32944|SWE1_YEAST	SINGLE	2	88	96	9	2.071e-11	{E}
sp|P32944|SWE1_YEAST	SINGLE	3	156	185	12	4.439e-07	{S}
sp|P32944|SWE1_YEAST	SINGLE	4	215	227	8	6.465e-07	{S}
sp|P32944|SWE1_YEAST	SINGLE	5	391	438	15	6.843e-07	{S}
sp|P32944|SWE1_YEAST	WHOLE	1	1	819	70	4.116e-08	{N}
sp|P32944|SWE1_YEAST	WHOLE	2	1	819	99	1.979e-07	{S}
sp|P33122|TYE7_YEAST	SINGLE	1	43	110	25	2.977e-12	{S}
sp|P33202|UFD4_YEAST	SINGLE	1	20	77	17	8.777e-09	{D}
sp|P33202|UFD4_YEAST	MULTIPLE	1	20	77	23	5.794e-10	{DY}
sp|P33202|UFD4_YEAST	MULTIPLE	2	1174	1184	8	4.147e-06	{DT}
sp|P33202|UFD4_YEAST	WHOLE	1	1	1483	110	7.868e-06	{I}
sp|P33297|PRS6A_YEAST	MULTIPLE	1	55	72	10	2.909e-06	{KN}
sp|P33298|PRS6B_YEAST	SINGLE	1	330	350	8	2.979e-06	{R}
sp|P33299|PRS7_YEAST	SINGLE	1	119	130	7	1.756e-07	{N}
sp|P33299|PRS7_YEAST	SINGLE	2	16	24	6	2.090e-06	{D}
sp|P33300|SUR1_YEAST	SINGLE	1	274	287	6	7.799e-06	{F}
sp|P33301|XRS2_YEAST	SINGLE	1	836	843	7	1.241e-08	{D}
sp|P33301|XRS2_YEAST	SINGLE	2	772	784	7	2.000e-06	{D}
sp|P33301|XRS2_YEAST	MULTIPLE	1	712	760	18	3.320e-06	{NS}
sp|P33301|XRS2_YEAST	WHOLE	1	1	854	71	9.255e-08	{N}
sp|P33301|XRS2_YEAST	WHOLE	2	1	854	103	1.302e-07	{S}
sp|P33302|PDR5_YEAST	SINGLE	1	15	22	6	3.387e-06	{S}
sp|P33302|PDR5_YEAST	SINGLE	2	784	791	5	4.541e-06	{F}
sp|P33302|PDR5_YEAST	SINGLE	3	618	637	7	6.448e-06	{F}
sp|P33302|PDR5_YEAST	SINGLE	4	541	576	9	6.849e-06	{F}
sp|P33302|PDR5_YEAST	MULTIPLE	1	608	647	15	6.257e-07	{FI}
sp|P33302|PDR5_YEAST	MULTIPLE	2	522	576	16	9.186e-08	{FM}
sp|P33302|PDR5_YEAST	MULTIPLE	3	1279	1311	12	9.867e-06	{YI}
sp|P33307|CSE1_YEAST	WHOLE	1	1	960	93	4.847e-10	{I}
sp|P33309|DOM34_YEAST	SINGLE	1	44	68	10	1.020e-06	{K}
sp|P33309|DOM34_YEAST	SINGLE	2	165	209	13	1.818e-06	{K}
sp|P33309|DOM34_YEAST	WHOLE	1	1	386	54	1.375e-08	{K}
sp|P33310|MDL1_YEAST	MULTIPLE	1	360	397	15	6.231e-07	{MS}
sp|P33313|CNS1_YEAST	WHOLE	1	1	385	48	7.302e-06	{E}
sp|P33313|CNS1_YEAST	WHOLE	2	1	385	46	9.290e-06	{K}
sp|P33314|BUD2_YEAST	SINGLE	1	646	675	9	8.515e-06	{I}
sp|P33314|BUD2_YEAST	MULTIPLE	1	72	115	15	4.223e-06	{IN}
sp|P33314|BUD2_YEAST	WHOLE	1	1	1104	100	3.612e-12	{N}
sp|P33314|BUD2_YEAST	WHOLE	2	1	1104	99	7.007e-09	{I}
sp|P33314|BUD2_YEAST	WHOLE	3	1	1104	106	2.671e-06	{K}
sp|P33314|BUD2_YEAST	WHOLE	4	1	1104	118	6.047e-06	{S}
sp|P33322|CBF5_YEAST	SINGLE	1	434	483	29	1.532e-22	{K}
sp|P33322|CBF5_YEAST	SINGLE	2	401	475	23	1.799e-10	{E}
sp|P33322|CBF5_YEAST	MULTIPLE	1	401	483	59	2.148e-34	{KE}
sp|P33322|CBF5_YEAST	WHOLE	1	1	483	65	2.579e-09	{K}
sp|P33327|DHE2_YEAST	WHOLE	1	1	1092	83	3.548e-07	{N}
sp|P33327|DHE2_YEAST	WHOLE	2	1	1092	86	8.177e-06	{I}
sp|P33328|SNC2_YEAST	MULTIPLE	1	98	112	12	1.556e-09	{VI}
sp|P33332|SEC3_YEAST	SINGLE	1	324	453	40	4.140e-17	{E}
sp|P33332|SEC3_YEAST	SINGLE	2	333	337	5	1.522e-07	{Q}
sp|P33332|SEC3_YEAST	SINGLE	3	32	75	14	1.249e-06	{S}
sp|P33332|SEC3_YEAST	SINGLE	4	601	629	10	7.520e-06	{E}
sp|P33332|SEC3_YEAST	SINGLE	5	1224	1236	6	8.081e-06	{N}
sp|P33332|SEC3_YEAST	MULTIPLE	1	327	459	100	3.844e-39	{EQRK}
sp|P33332|SEC3_YEAST	MULTIPLE	2	12	75	24	1.072e-09	{SH}
sp|P33332|SEC3_YEAST	MULTIPLE	3	601	650	19	1.988e-06	{ED}
sp|P33332|SEC3_YEAST	WHOLE	1	1	1336	150	4.493e-11	{E}
sp|P33332|SEC3_YEAST	WHOLE	2	1	1336	102	1.710e-08	{N}
sp|P33334|PRP8_YEAST	SINGLE	1	5	78	29	9.359e-20	{P}
sp|P33334|PRP8_YEAST	SINGLE	2	86	123	13	2.108e-07	{K}
sp|P33336|SKN1_YEAST	SINGLE	1	122	147	12	2.142e-10	{N}
sp|P33336|SKN1_YEAST	SINGLE	2	12	37	12	6.685e-08	{S}
sp|P33336|SKN1_YEAST	SINGLE	3	217	228	8	2.680e-07	{S}
sp|P33336|SKN1_YEAST	SINGLE	4	142	180	13	1.652e-06	{S}
sp|P33336|SKN1_YEAST	SINGLE	5	79	83	5	1.948e-06	{S}
sp|P33336|SKN1_YEAST	SINGLE	6	321	326	4	3.242e-06	{H}
sp|P33336|SKN1_YEAST	MULTIPLE	1	122	176	30	1.009e-14	{NS}
sp|P33336|SKN1_YEAST	MULTIPLE	2	2	37	20	1.747e-10	{SN}
sp|P33336|SKN1_YEAST	MULTIPLE	3	296	315	10	2.134e-06	{FI}
sp|P33336|SKN1_YEAST	WHOLE	1	1	771	67	4.247e-08	{N}
sp|P33336|SKN1_YEAST	WHOLE	2	1	771	93	4.686e-07	{S}
sp|P33338|SLA2_YEAST	SINGLE	1	350	441	35	4.512e-24	{Q}
sp|P33338|SLA2_YEAST	SINGLE	2	283	311	10	3.983e-07	{P}
sp|P33338|SLA2_YEAST	SINGLE	3	551	562	8	5.097e-07	{A}
sp|P33338|SLA2_YEAST	SINGLE	4	316	341	10	1.601e-06	{T}
sp|P33338|SLA2_YEAST	MULTIPLE	1	283	311	15	5.412e-08	{PT}
sp|P33338|SLA2_YEAST	MULTIPLE	2	316	353	18	7.322e-07	{TA}
sp|P33338|SLA2_YEAST	WHOLE	1	1	968	84	1.415e-09	{Q}
sp|P33339|TFC4_YEAST	SINGLE	1	102	113	8	8.160e-08	{K}
sp|P33339|TFC4_YEAST	SINGLE	2	601	623	8	6.507e-06	{R}
sp|P33339|TFC4_YEAST	WHOLE	1	1	1025	102	6.657e-06	{E}
sp|P33399|LHP1_YEAST	SINGLE	1	240	260	10	1.421e-07	{K}
sp|P33400|PACC_YEAST	SINGLE	1	111	120	9	4.886e-10	{S}
sp|P33400|PACC_YEAST	SINGLE	2	131	143	8	8.830e-08	{D}
sp|P33400|PACC_YEAST	SINGLE	3	219	259	13	5.664e-07	{K}
sp|P33400|PACC_YEAST	SINGLE	4	251	287	13	8.412e-07	{S}
sp|P33400|PACC_YEAST	SINGLE	5	401	405	5	1.948e-06	{S}
sp|P33400|PACC_YEAST	MULTIPLE	1	215	287	30	3.665e-09	{KS}
sp|P33400|PACC_YEAST	MULTIPLE	2	579	601	13	3.613e-07	{ED}
sp|P33400|PACC_YEAST	MULTIPLE	3	547	561	10	1.028e-06	{ED}
sp|P33400|PACC_YEAST	WHOLE	1	1	625	91	1.039e-10	{S}
sp|P33413|DUR3_YEAST	MULTIPLE	1	93	108	10	4.068e-06	{AI}
sp|P33416|HSP78_YEAST	SINGLE	1	800	810	7	1.236e-06	{E}
sp|P33416|HSP78_YEAST	MULTIPLE	1	782	810	16	7.307e-08	{EV}
sp|P33417|IXR1_YEAST	SINGLE	1	288	336	37	1.925e-40	{Q}
sp|P33417|IXR1_YEAST	SINGLE	2	44	118	43	8.861e-39	{Q}
sp|P33417|IXR1_YEAST	SINGLE	3	565	580	14	8.944e-18	{Q}
sp|P33417|IXR1_YEAST	SINGLE	4	187	200	9	8.243e-10	{N}
sp|P33417|IXR1_YEAST	SINGLE	5	207	231	13	8.253e-09	{A}
sp|P33417|IXR1_YEAST	SINGLE	6	121	133	8	1.230e-08	{N}
sp|P33417|IXR1_YEAST	MULTIPLE	1	286	337	44	2.755e-44	{QH}
sp|P33417|IXR1_YEAST	MULTIPLE	2	185	205	18	1.176e-14	{NS}
sp|P33417|IXR1_YEAST	MULTIPLE	3	502	529	11	5.904e-07	{MN}
sp|P33417|IXR1_YEAST	MULTIPLE	4	548	561	8	7.221e-06	{NP}
sp|P33417|IXR1_YEAST	WHOLE	1	1	597	124	8.006e-48	{Q}
sp|P33417|IXR1_YEAST	WHOLE	2	1	597	56	4.243e-08	{N}
sp|P33418|XPOT_YEAST	WHOLE	1	1	1100	109	1.402e-15	{N}
sp|P33418|XPOT_YEAST	WHOLE	2	1	1100	119	1.635e-15	{I}
sp|P33418|XPOT_YEAST	WHOLE	3	1	1100	77	5.314e-07	{F}
sp|P33419|SPC29_YEAST	SINGLE	1	95	106	6	7.194e-06	{P}
sp|P33420|NIP80_YEAST	SINGLE	1	701	745	12	2.761e-07	{N}
sp|P33420|NIP80_YEAST	WHOLE	1	1	868	132	4.489e-09	{L}
sp|P33420|NIP80_YEAST	WHOLE	2	1	868	69	6.577e-07	{N}
sp|P33441|MFT1_YEAST	SINGLE	1	254	331	25	1.019e-11	{E}
sp|P33441|MFT1_YEAST	SINGLE	2	292	329	11	4.031e-06	{D}
sp|P33441|MFT1_YEAST	MULTIPLE	1	254	331	41	4.582e-18	{ED}
sp|P33441|MFT1_YEAST	WHOLE	1	1	392	60	4.932e-10	{E}
sp|P33442|RS3A1_YEAST	SINGLE	1	5	18	7	7.560e-06	{K}
sp|P33748|MSN2_YEAST	SINGLE	1	300	382	23	5.108e-13	{N}
sp|P33748|MSN2_YEAST	SINGLE	2	198	258	19	5.299e-12	{N}
sp|P33748|MSN2_YEAST	SINGLE	3	27	35	7	9.107e-09	{N}
sp|P33748|MSN2_YEAST	SINGLE	4	260	279	9	4.545e-07	{D}
sp|P33748|MSN2_YEAST	SINGLE	5	411	424	7	7.184e-07	{Q}
sp|P33748|MSN2_YEAST	SINGLE	6	229	261	12	1.455e-06	{S}
sp|P33748|MSN2_YEAST	SINGLE	7	556	567	5	3.342e-06	{H}
sp|P33748|MSN2_YEAST	SINGLE	8	543	551	6	9.427e-06	{S}
sp|P33748|MSN2_YEAST	MULTIPLE	1	198	261	33	4.264e-15	{NS}
sp|P33748|MSN2_YEAST	MULTIPLE	2	141	181	25	1.040e-10	{PNS}
sp|P33748|MSN2_YEAST	MULTIPLE	3	594	609	10	1.582e-06	{SN}
sp|P33748|MSN2_YEAST	MULTIPLE	4	329	344	11	5.362e-07	{ST}
sp|P33748|MSN2_YEAST	MULTIPLE	5	427	445	11	1.346e-06	{SN}
sp|P33748|MSN2_YEAST	WHOLE	1	1	704	102	2.115e-26	{N}
sp|P33748|MSN2_YEAST	WHOLE	2	1	704	110	1.576e-14	{S}
sp|P33749|MSN4_YEAST	SINGLE	1	209	233	10	3.733e-08	{N}
sp|P33749|MSN4_YEAST	SINGLE	2	85	131	12	4.594e-07	{N}
sp|P33749|MSN4_YEAST	SINGLE	3	343	373	12	6.719e-07	{S}
sp|P33749|MSN4_YEAST	SINGLE	4	72	87	8	1.684e-06	{T}
sp|P33749|MSN4_YEAST	SINGLE	5	506	512	4	7.399e-06	{H}
sp|P33749|MSN4_YEAST	MULTIPLE	1	209	233	15	9.501e-10	{ND}
sp|P33749|MSN4_YEAST	MULTIPLE	2	72	131	23	1.206e-08	{NT}
sp|P33749|MSN4_YEAST	MULTIPLE	3	504	519	10	7.310e-09	{HQ}
sp|P33749|MSN4_YEAST	MULTIPLE	4	268	297	15	2.066e-07	{SN}
sp|P33749|MSN4_YEAST	MULTIPLE	5	36	56	13	4.810e-08	{SN}
sp|P33749|MSN4_YEAST	WHOLE	1	1	630	70	7.091e-13	{N}
sp|P33749|MSN4_YEAST	WHOLE	2	1	630	92	7.256e-11	{S}
sp|P33753|TRM2_YEAST	SINGLE	1	5	12	6	9.238e-08	{F}
sp|P33753|TRM2_YEAST	SINGLE	2	104	115	7	1.982e-06	{K}
sp|P33753|TRM2_YEAST	MULTIPLE	1	452	464	8	1.747e-06	{FN}
sp|P33755|NPL4_YEAST	MULTIPLE	1	161	185	12	2.186e-06	{KN}
sp|P33760|PEX6_YEAST	SINGLE	1	654	662	6	9.427e-06	{S}
sp|P33760|PEX6_YEAST	MULTIPLE	1	367	377	9	2.295e-07	{DE}
sp|P33775|PMT1_YEAST	SINGLE	1	267	310	10	5.339e-06	{F}
sp|P33891|TIP20_YEAST	SINGLE	1	231	249	7	8.205e-06	{N}
sp|P33891|TIP20_YEAST	WHOLE	1	1	701	64	1.429e-08	{N}
sp|P33892|GCN1_YEAST	SINGLE	1	964	973	7	4.808e-07	{E}
sp|P33892|GCN1_YEAST	MULTIPLE	1	1566	1575	7	8.834e-07	{IH}
sp|P33892|GCN1_YEAST	WHOLE	1	1	2672	219	2.179e-13	{I}
sp|P33892|GCN1_YEAST	WHOLE	2	1	2672	344	8.334e-11	{L}
sp|P34077|NIC96_YEAST	SINGLE	1	187	236	15	1.584e-09	{N}
sp|P34077|NIC96_YEAST	WHOLE	1	1	839	67	7.710e-07	{N}
sp|P34078|LTV1_YEAST	SINGLE	1	369	380	8	1.205e-07	{E}
sp|P34078|LTV1_YEAST	SINGLE	2	205	265	17	1.841e-07	{E}
sp|P34078|LTV1_YEAST	SINGLE	3	318	332	8	8.760e-07	{K}
sp|P34078|LTV1_YEAST	MULTIPLE	1	205	268	29	3.534e-11	{ED}
sp|P34078|LTV1_YEAST	WHOLE	1	1	463	60	1.962e-07	{E}
sp|P34078|LTV1_YEAST	WHOLE	2	1	463	53	4.037e-07	{D}
sp|P34110|VPS35_YEAST	WHOLE	1	1	944	78	4.015e-06	{I}
sp|P34110|VPS35_YEAST	WHOLE	2	1	944	126	6.863e-06	{L}
sp|P34111|TFC3_YEAST	MULTIPLE	1	261	294	16	9.426e-07	{SD}
sp|P34111|TFC3_YEAST	MULTIPLE	2	472	509	16	4.175e-07	{KN}
sp|P34111|TFC3_YEAST	WHOLE	1	1	1160	125	9.211e-10	{K}
sp|P34160|NCBP1_YEAST	WHOLE	1	1	861	70	2.517e-07	{N}
sp|P34160|NCBP1_YEAST	WHOLE	2	1	861	61	4.465e-06	{F}
sp|P34161|YOX1_YEAST	SINGLE	1	275	284	8	2.829e-08	{S}
sp|P34161|YOX1_YEAST	SINGLE	2	177	182	5	1.440e-06	{R}
sp|P34161|YOX1_YEAST	SINGLE	3	10	28	9	2.301e-06	{S}
sp|P34161|YOX1_YEAST	WHOLE	1	1	385	64	2.700e-10	{S}
sp|P34167|IF4B_YEAST	SINGLE	1	66	85	9	1.955e-06	{G}
sp|P34167|IF4B_YEAST	MULTIPLE	1	388	397	9	4.746e-08	{DE}
sp|P34167|IF4B_YEAST	MULTIPLE	2	327	337	8	3.041e-06	{RE}
sp|P34216|EDE1_YEAST	SINGLE	1	550	575	14	1.202e-09	{A}
sp|P34216|EDE1_YEAST	SINGLE	2	466	472	6	4.414e-08	{Q}
sp|P34216|EDE1_YEAST	SINGLE	3	448	460	7	3.640e-07	{N}
sp|P34216|EDE1_YEAST	SINGLE	4	968	985	7	5.415e-06	{N}
sp|P34216|EDE1_YEAST	SINGLE	5	729	741	6	8.296e-06	{Q}
sp|P34216|EDE1_YEAST	SINGLE	6	352	391	10	9.959e-06	{P}
sp|P34216|EDE1_YEAST	MULTIPLE	1	466	475	10	3.487e-11	{QP}
sp|P34216|EDE1_YEAST	MULTIPLE	2	352	417	25	1.576e-10	{PQ}
sp|P34216|EDE1_YEAST	MULTIPLE	3	1125	1139	11	1.164e-07	{SD}
sp|P34216|EDE1_YEAST	WHOLE	1	1	1381	111	2.961e-10	{N}
sp|P34216|EDE1_YEAST	WHOLE	2	1	1381	107	4.938e-09	{Q}
sp|P34216|EDE1_YEAST	WHOLE	3	1	1381	148	4.959e-07	{S}
sp|P34217|PIN4_YEAST	SINGLE	1	206	252	20	1.454e-15	{N}
sp|P34217|PIN4_YEAST	SINGLE	2	413	444	15	8.800e-13	{N}
sp|P34217|PIN4_YEAST	SINGLE	3	482	508	14	9.188e-13	{Q}
sp|P34217|PIN4_YEAST	SINGLE	4	539	582	12	2.222e-07	{Q}
sp|P34217|PIN4_YEAST	SINGLE	5	406	412	6	1.498e-06	{A}
sp|P34217|PIN4_YEAST	SINGLE	6	189	204	8	5.165e-06	{S}
sp|P34217|PIN4_YEAST	MULTIPLE	1	197	264	41	5.140e-19	{NMS}
sp|P34217|PIN4_YEAST	MULTIPLE	2	538	615	33	4.942e-12	{QS}
sp|P34217|PIN4_YEAST	MULTIPLE	3	168	188	13	3.778e-08	{ER}
sp|P34217|PIN4_YEAST	WHOLE	1	1	668	86	3.058e-19	{N}
sp|P34217|PIN4_YEAST	WHOLE	2	1	668	67	1.991e-10	{Q}
sp|P34217|PIN4_YEAST	WHOLE	3	1	668	90	5.726e-09	{S}
sp|P34218|SAS3_YEAST	SINGLE	1	625	631	7	5.786e-10	{R}
sp|P34218|SAS3_YEAST	SINGLE	2	757	795	15	9.556e-10	{D}
sp|P34218|SAS3_YEAST	SINGLE	3	736	805	21	1.685e-09	{E}
sp|P34218|SAS3_YEAST	MULTIPLE	1	736	809	42	3.825e-20	{DE}
sp|P34218|SAS3_YEAST	WHOLE	1	1	831	66	1.103e-06	{N}
sp|P34219|TOD6_YEAST	SINGLE	1	298	350	17	8.399e-08	{S}
sp|P34219|TOD6_YEAST	SINGLE	2	15	49	8	6.620e-07	{H}
sp|P34219|TOD6_YEAST	SINGLE	3	7	27	9	6.304e-06	{S}
sp|P34219|TOD6_YEAST	MULTIPLE	1	7	56	24	2.067e-12	{HS}
sp|P34219|TOD6_YEAST	MULTIPLE	2	457	465	8	3.542e-07	{ED}
sp|P34219|TOD6_YEAST	MULTIPLE	3	230	265	16	1.758e-07	{TN}
sp|P34219|TOD6_YEAST	WHOLE	1	1	525	72	7.987e-08	{S}
sp|P34221|PP2C3_YEAST	SINGLE	1	440	448	6	2.090e-06	{D}
sp|P34221|PP2C3_YEAST	MULTIPLE	1	439	457	12	2.081e-08	{DN}
sp|P34223|UBX1_YEAST	SINGLE	1	138	143	5	3.011e-06	{D}
sp|P34223|UBX1_YEAST	SINGLE	2	93	130	12	7.635e-06	{S}
sp|P34225|YEL1_YEAST	SINGLE	1	272	313	13	4.146e-06	{S}
sp|P34225|YEL1_YEAST	SINGLE	2	234	256	9	6.606e-06	{E}
sp|P34225|YEL1_YEAST	WHOLE	1	1	687	55	5.891e-06	{N}
sp|P34226|SKT5_YEAST	SINGLE	1	670	691	11	1.756e-08	{K}
sp|P34226|SKT5_YEAST	SINGLE	2	377	388	7	9.586e-06	{A}
sp|P34226|SKT5_YEAST	MULTIPLE	1	105	136	16	8.161e-08	{NS}
sp|P34230|PXA2_YEAST	SINGLE	1	244	264	10	5.299e-06	{L}
sp|P34230|PXA2_YEAST	SINGLE	2	47	75	10	7.520e-06	{E}
sp|P34230|PXA2_YEAST	SINGLE	3	822	830	6	9.427e-06	{S}
sp|P34230|PXA2_YEAST	MULTIPLE	1	31	39	9	3.573e-09	{SN}
sp|P34230|PXA2_YEAST	MULTIPLE	2	584	613	16	7.890e-07	{LD}
sp|P34233|ASH1_YEAST	SINGLE	1	415	515	33	5.530e-14	{S}
sp|P34233|ASH1_YEAST	SINGLE	2	287	296	6	1.799e-06	{P}
sp|P34233|ASH1_YEAST	SINGLE	3	227	238	6	4.547e-06	{N}
sp|P34233|ASH1_YEAST	SINGLE	4	22	53	9	5.226e-06	{N}
sp|P34233|ASH1_YEAST	SINGLE	5	499	542	7	5.664e-06	{C}
sp|P34233|ASH1_YEAST	MULTIPLE	1	415	526	54	8.251e-19	{SCP}
sp|P34233|ASH1_YEAST	MULTIPLE	2	286	305	12	1.365e-07	{PT}
sp|P34233|ASH1_YEAST	MULTIPLE	3	19	78	26	4.314e-10	{NS}
sp|P34233|ASH1_YEAST	WHOLE	1	1	588	100	1.033e-15	{S}
sp|P34233|ASH1_YEAST	WHOLE	2	1	588	53	3.020e-07	{N}
sp|P34241|URB1_YEAST	SINGLE	1	755	767	8	6.465e-07	{S}
sp|P34241|URB1_YEAST	WHOLE	1	1	1764	152	2.295e-11	{I}
sp|P34241|URB1_YEAST	WHOLE	2	1	1764	126	1.989e-08	{N}
sp|P34243|HCS1_YEAST	SINGLE	1	304	355	15	3.099e-07	{K}
sp|P34243|HCS1_YEAST	SINGLE	2	186	222	10	2.345e-06	{N}
sp|P34243|HCS1_YEAST	SINGLE	3	90	103	7	7.560e-06	{K}
sp|P34243|HCS1_YEAST	WHOLE	1	1	683	68	2.857e-08	{I}
sp|P34244|HSL1_YEAST	SINGLE	1	576	610	15	5.378e-09	{S}
sp|P34244|HSL1_YEAST	SINGLE	2	130	154	11	4.279e-07	{S}
sp|P34244|HSL1_YEAST	SINGLE	3	1300	1304	5	1.160e-06	{E}
sp|P34244|HSL1_YEAST	SINGLE	4	464	481	9	1.305e-06	{S}
sp|P34244|HSL1_YEAST	SINGLE	5	740	748	6	5.178e-06	{E}
sp|P34244|HSL1_YEAST	SINGLE	6	1341	1348	5	7.298e-06	{N}
sp|P34244|HSL1_YEAST	MULTIPLE	1	576	611	23	2.905e-13	{SR}
sp|P34244|HSL1_YEAST	MULTIPLE	2	620	652	14	8.261e-06	{SP}
sp|P34244|HSL1_YEAST	WHOLE	1	1	1518	214	6.694e-21	{S}
sp|P34244|HSL1_YEAST	WHOLE	2	1	1518	115	3.755e-09	{N}
sp|P34244|HSL1_YEAST	WHOLE	3	1	1518	140	8.560e-07	{K}
sp|P34247|UTP11_YEAST	SINGLE	1	226	249	10	6.525e-07	{K}
sp|P34247|UTP11_YEAST	SINGLE	2	192	202	7	8.803e-07	{K}
sp|P34247|UTP11_YEAST	SINGLE	3	200	221	8	2.126e-06	{Q}
sp|P34247|UTP11_YEAST	MULTIPLE	1	192	216	15	2.271e-09	{KQ}
sp|P34247|UTP11_YEAST	WHOLE	1	1	250	41	8.392e-09	{K}
sp|P34248|SPP_YEAST	SINGLE	1	140	147	7	2.584e-08	{K}
sp|P34248|SPP_YEAST	SINGLE	2	560	579	9	1.661e-06	{E}
sp|P34248|SPP_YEAST	MULTIPLE	1	541	585	23	1.810e-10	{ED}
sp|P34252|SLD2_YEAST	SINGLE	1	269	316	18	4.175e-10	{E}
sp|P34252|SLD2_YEAST	SINGLE	2	345	358	7	1.408e-06	{R}
sp|P34252|SLD2_YEAST	SINGLE	3	330	335	5	3.011e-06	{D}
sp|P34730|BMH2_YEAST	SINGLE	1	245	261	17	6.611e-24	{Q}
sp|P34756|FAB1_YEAST	SINGLE	1	571	590	18	4.582e-23	{N}
sp|P34756|FAB1_YEAST	SINGLE	2	456	522	23	2.992e-15	{N}
sp|P34756|FAB1_YEAST	SINGLE	3	1891	1897	7	2.854e-10	{Q}
sp|P34756|FAB1_YEAST	SINGLE	4	246	294	9	7.407e-08	{C}
sp|P34756|FAB1_YEAST	SINGLE	5	755	765	7	7.644e-08	{N}
sp|P34756|FAB1_YEAST	SINGLE	6	393	397	5	2.221e-07	{P}
sp|P34756|FAB1_YEAST	SINGLE	7	512	535	11	2.583e-07	{S}
sp|P34756|FAB1_YEAST	SINGLE	8	717	762	15	3.721e-07	{S}
sp|P34756|FAB1_YEAST	SINGLE	9	196	212	9	7.035e-07	{S}
sp|P34756|FAB1_YEAST	SINGLE	10	51	58	6	1.399e-06	{T}
sp|P34756|FAB1_YEAST	SINGLE	11	334	353	6	3.056e-06	{H}
sp|P34756|FAB1_YEAST	SINGLE	12	1585	1592	6	3.387e-06	{S}
sp|P34756|FAB1_YEAST	SINGLE	13	2105	2112	6	3.387e-06	{S}
sp|P34756|FAB1_YEAST	SINGLE	14	1493	1540	13	3.968e-06	{K}
sp|P34756|FAB1_YEAST	SINGLE	15	2	27	10	6.090e-06	{S}
sp|P34756|FAB1_YEAST	MULTIPLE	1	456	535	43	4.082e-20	{NS}
sp|P34756|FAB1_YEAST	MULTIPLE	2	710	767	34	1.150e-12	{NSD}
sp|P34756|FAB1_YEAST	MULTIPLE	3	319	340	16	7.966e-10	{HSR}
sp|P34756|FAB1_YEAST	MULTIPLE	4	75	96	13	6.174e-07	{ST}
sp|P34756|FAB1_YEAST	WHOLE	1	1	2278	279	4.590e-18	{S}
sp|P34756|FAB1_YEAST	WHOLE	2	1	2278	184	6.613e-16	{N}
sp|P34758|SCD5_YEAST	SINGLE	1	769	835	28	6.920e-21	{Q}
sp|P34758|SCD5_YEAST	SINGLE	2	595	694	26	9.343e-14	{Q}
sp|P34758|SCD5_YEAST	SINGLE	3	666	671	6	1.037e-08	{P}
sp|P34758|SCD5_YEAST	SINGLE	4	737	767	9	3.925e-06	{N}
sp|P34758|SCD5_YEAST	SINGLE	5	257	263	5	4.800e-06	{R}
sp|P34758|SCD5_YEAST	SINGLE	6	707	744	12	7.635e-06	{S}
sp|P34758|SCD5_YEAST	SINGLE	7	855	867	6	8.296e-06	{Q}
sp|P34758|SCD5_YEAST	MULTIPLE	1	593	702	59	1.075e-23	{QPN}
sp|P34758|SCD5_YEAST	MULTIPLE	2	702	770	39	2.288e-14	{NSP}
sp|P34758|SCD5_YEAST	MULTIPLE	3	46	88	16	9.366e-06	{NS}
sp|P34758|SCD5_YEAST	WHOLE	1	1	872	104	2.802e-20	{Q}
sp|P34758|SCD5_YEAST	WHOLE	2	1	872	83	1.903e-11	{N}
sp|P34758|SCD5_YEAST	WHOLE	3	1	872	78	2.958e-08	{P}
sp|P34758|SCD5_YEAST	WHOLE	4	1	872	102	5.785e-07	{S}
sp|P34761|WHI3_YEAST	SINGLE	1	247	277	19	1.028e-18	{Q}
sp|P34761|WHI3_YEAST	SINGLE	2	381	402	9	1.440e-07	{N}
sp|P34761|WHI3_YEAST	SINGLE	3	3	56	16	6.550e-07	{S}
sp|P34761|WHI3_YEAST	SINGLE	4	489	519	12	6.719e-07	{S}
sp|P34761|WHI3_YEAST	SINGLE	5	525	536	6	7.194e-06	{P}
sp|P34761|WHI3_YEAST	SINGLE	6	138	146	6	9.427e-06	{S}
sp|P34761|WHI3_YEAST	MULTIPLE	1	357	409	36	1.775e-14	{NAS}
sp|P34761|WHI3_YEAST	MULTIPLE	2	3	56	20	3.194e-08	{SH}
sp|P34761|WHI3_YEAST	MULTIPLE	3	456	485	14	7.358e-08	{QP}
sp|P34761|WHI3_YEAST	WHOLE	1	1	661	119	2.594e-20	{S}
sp|P34761|WHI3_YEAST	WHOLE	2	1	661	70	6.131e-12	{N}
sp|P34909|NOT4_YEAST	SINGLE	1	379	399	13	2.439e-11	{T}
sp|P34909|NOT4_YEAST	SINGLE	2	33	77	8	5.098e-07	{C}
sp|P34909|NOT4_YEAST	SINGLE	3	271	276	5	8.737e-07	{Q}
sp|P34909|NOT4_YEAST	SINGLE	4	188	192	4	1.105e-06	{H}
sp|P34909|NOT4_YEAST	MULTIPLE	1	94	121	16	2.670e-08	{EK}
sp|P34909|NOT4_YEAST	WHOLE	1	1	587	50	2.925e-06	{N}
sp|P35056|PEX5_YEAST	SINGLE	1	194	246	17	1.897e-08	{E}
sp|P35056|PEX5_YEAST	SINGLE	2	296	314	7	8.205e-06	{N}
sp|P35056|PEX5_YEAST	MULTIPLE	1	186	246	25	1.042e-09	{EQ}
sp|P35056|PEX5_YEAST	MULTIPLE	2	10	45	14	6.716e-07	{NQ}
sp|P35056|PEX5_YEAST	WHOLE	1	1	612	60	3.139e-09	{N}
sp|P35169|TOR1_YEAST	SINGLE	1	1778	1782	5	5.313e-07	{D}
sp|P35169|TOR1_YEAST	SINGLE	2	18	46	9	2.129e-06	{N}
sp|P35169|TOR1_YEAST	MULTIPLE	1	1773	1789	11	5.745e-08	{DN}
sp|P35169|TOR1_YEAST	MULTIPLE	2	18	46	14	6.666e-10	{NM}
sp|P35169|TOR1_YEAST	WHOLE	1	1	2470	330	3.110e-12	{L}
sp|P35169|TOR1_YEAST	WHOLE	2	1	2470	192	3.546e-10	{I}
sp|P35177|SPT7_YEAST	SINGLE	1	705	731	13	4.370e-10	{D}
sp|P35177|SPT7_YEAST	SINGLE	2	106	147	14	1.175e-09	{N}
sp|P35177|SPT7_YEAST	SINGLE	3	235	257	10	1.535e-07	{D}
sp|P35177|SPT7_YEAST	SINGLE	4	692	713	10	3.887e-07	{E}
sp|P35177|SPT7_YEAST	SINGLE	5	210	216	6	4.936e-07	{E}
sp|P35177|SPT7_YEAST	SINGLE	6	558	577	9	1.661e-06	{E}
sp|P35177|SPT7_YEAST	MULTIPLE	1	692	733	25	3.096e-13	{DE}
sp|P35177|SPT7_YEAST	MULTIPLE	2	643	664	12	5.245e-07	{NE}
sp|P35177|SPT7_YEAST	WHOLE	1	1	1332	104	4.234e-09	{N}
sp|P35177|SPT7_YEAST	WHOLE	2	1	1332	125	6.647e-09	{D}
sp|P35177|SPT7_YEAST	WHOLE	3	1	1332	139	1.779e-08	{E}
sp|P35177|SPT7_YEAST	WHOLE	4	1	1332	129	1.958e-07	{K}
sp|P35179|SC61G_YEAST	SINGLE	1	50	79	10	9.272e-07	{I}
sp|P35179|SC61G_YEAST	MULTIPLE	1	38	79	17	8.025e-07	{IK}
sp|P35187|SGS1_YEAST	SINGLE	1	305	320	8	1.077e-07	{N}
sp|P35187|SGS1_YEAST	SINGLE	2	317	336	9	4.545e-07	{D}
sp|P35187|SGS1_YEAST	SINGLE	3	439	461	9	1.863e-06	{D}
sp|P35187|SGS1_YEAST	SINGLE	4	403	433	11	1.932e-06	{E}
sp|P35187|SGS1_YEAST	SINGLE	5	631	639	6	2.090e-06	{D}
sp|P35187|SGS1_YEAST	SINGLE	6	286	294	6	3.938e-06	{T}
sp|P35187|SGS1_YEAST	SINGLE	7	1414	1429	8	5.165e-06	{S}
sp|P35187|SGS1_YEAST	MULTIPLE	1	305	336	17	9.529e-10	{ND}
sp|P35187|SGS1_YEAST	MULTIPLE	2	382	433	22	3.526e-08	{ED}
sp|P35187|SGS1_YEAST	MULTIPLE	3	248	294	19	3.264e-06	{TS}
sp|P35187|SGS1_YEAST	MULTIPLE	4	1065	1080	8	1.177e-06	{NC}
sp|P35187|SGS1_YEAST	WHOLE	1	1	1447	104	2.072e-07	{N}
sp|P35187|SGS1_YEAST	WHOLE	2	1	1447	147	7.603e-06	{S}
sp|P35189|TAF14_YEAST	SINGLE	1	137	157	10	1.464e-07	{T}
sp|P35191|MDJ1_YEAST	SINGLE	1	125	186	25	4.019e-14	{G}
sp|P35191|MDJ1_YEAST	MULTIPLE	1	124	186	35	1.754e-18	{GF}
sp|P35191|MDJ1_YEAST	MULTIPLE	2	469	485	11	7.475e-07	{KE}
sp|P35191|MDJ1_YEAST	MULTIPLE	3	230	256	11	2.312e-06	{CT}
sp|P35192|MAC1_YEAST	SINGLE	1	315	334	7	1.687e-08	{C}
sp|P35192|MAC1_YEAST	SINGLE	2	264	276	5	1.186e-06	{C}
sp|P35192|MAC1_YEAST	SINGLE	3	149	153	5	1.948e-06	{S}
sp|P35194|UTP20_YEAST	SINGLE	1	377	420	10	5.339e-06	{F}
sp|P35194|UTP20_YEAST	MULTIPLE	1	2462	2492	16	2.313e-08	{RK}
sp|P35194|UTP20_YEAST	WHOLE	1	1	2493	331	5.948e-12	{L}
sp|P35194|UTP20_YEAST	WHOLE	2	1	2493	189	2.840e-09	{I}
sp|P35197|GCS1_YEAST	MULTIPLE	1	291	315	13	1.993e-06	{FNQ}
sp|P35201|CENPC_YEAST	SINGLE	1	178	211	11	1.205e-06	{D}
sp|P35201|CENPC_YEAST	SINGLE	2	114	124	7	1.236e-06	{E}
sp|P35201|CENPC_YEAST	SINGLE	3	226	240	8	2.783e-06	{S}
sp|P35201|CENPC_YEAST	SINGLE	4	338	343	5	5.074e-06	{K}
sp|P35201|CENPC_YEAST	MULTIPLE	1	178	227	22	1.496e-08	{DE}
sp|P35201|CENPC_YEAST	MULTIPLE	2	226	241	13	8.926e-10	{SD}
sp|P35201|CENPC_YEAST	WHOLE	1	1	549	61	1.699e-07	{D}
sp|P35207|SKI2_YEAST	SINGLE	1	555	597	18	6.709e-11	{G}
sp|P35207|SKI2_YEAST	SINGLE	2	228	265	13	3.731e-07	{E}
sp|P35207|SKI2_YEAST	MULTIPLE	1	555	594	26	1.342e-15	{GR}
sp|P35207|SKI2_YEAST	WHOLE	1	1	1287	100	3.107e-06	{I}
sp|P35208|SPT10_YEAST	SINGLE	1	611	637	9	1.089e-06	{N}
sp|P35208|SPT10_YEAST	MULTIPLE	1	58	75	11	4.089e-06	{LP}
sp|P35688|LRG1_YEAST	SINGLE	1	124	160	7	1.703e-06	{C}
sp|P35688|LRG1_YEAST	SINGLE	2	752	762	6	5.152e-06	{I}
sp|P35688|LRG1_YEAST	SINGLE	3	419	448	6	6.765e-06	{C}
sp|P35688|LRG1_YEAST	SINGLE	4	711	717	4	7.399e-06	{M}
sp|P35718|RPC8_YEAST	SINGLE	1	165	189	10	1.606e-06	{E}
sp|P35728|MPE1_YEAST	SINGLE	1	402	425	12	1.639e-10	{P}
sp|P35728|MPE1_YEAST	MULTIPLE	1	402	425	15	2.368e-12	{PM}
sp|P35728|MPE1_YEAST	MULTIPLE	2	130	151	11	4.806e-06	{EQ}
sp|P35729|NU120_YEAST	SINGLE	1	30	35	5	8.539e-07	{N}
sp|P35729|NU120_YEAST	WHOLE	1	1	1037	150	1.211e-08	{L}
sp|P35729|NU120_YEAST	WHOLE	2	1	1037	71	2.765e-06	{F}
sp|P35732|DEF1_YEAST	SINGLE	1	382	561	90	3.256e-72	{Q}
sp|P35732|DEF1_YEAST	SINGLE	2	588	718	49	1.198e-32	{Q}
sp|P35732|DEF1_YEAST	SINGLE	3	283	374	35	1.825e-18	{E}
sp|P35732|DEF1_YEAST	SINGLE	4	562	587	15	8.178e-11	{A}
sp|P35732|DEF1_YEAST	SINGLE	5	708	716	9	1.119e-10	{A}
sp|P35732|DEF1_YEAST	SINGLE	6	189	208	10	2.749e-09	{Q}
sp|P35732|DEF1_YEAST	SINGLE	7	372	417	13	1.055e-07	{P}
sp|P35732|DEF1_YEAST	SINGLE	8	595	636	11	2.844e-07	{Y}
sp|P35732|DEF1_YEAST	SINGLE	9	70	81	7	1.982e-06	{K}
sp|P35732|DEF1_YEAST	SINGLE	10	184	221	12	2.683e-06	{E}
sp|P35732|DEF1_YEAST	SINGLE	11	509	536	8	5.881e-06	{Y}
sp|P35732|DEF1_YEAST	MULTIPLE	1	590	707	59	6.656e-33	{QY}
sp|P35732|DEF1_YEAST	MULTIPLE	2	184	222	24	3.053e-14	{QE}
sp|P35732|DEF1_YEAST	MULTIPLE	3	104	121	13	2.924e-09	{NS}
sp|P35732|DEF1_YEAST	WHOLE	1	1	738	171	9.667e-73	{Q}
sp|P35734|ASK1_YEAST	SINGLE	1	234	246	6	8.081e-06	{N}
sp|P35734|ASK1_YEAST	MULTIPLE	1	234	246	10	1.837e-08	{ND}
sp|P35817|BDF1_YEAST	SINGLE	1	124	150	11	1.398e-08	{P}
sp|P35817|BDF1_YEAST	SINGLE	2	479	525	14	4.934e-07	{K}
sp|P35817|BDF1_YEAST	SINGLE	3	420	452	11	8.630e-07	{D}
sp|P35817|BDF1_YEAST	SINGLE	4	650	683	12	2.086e-06	{S}
sp|P35817|BDF1_YEAST	SINGLE	5	593	635	13	5.512e-06	{S}
sp|P35817|BDF1_YEAST	MULTIPLE	1	479	525	23	8.339e-11	{KR}
sp|P35817|BDF1_YEAST	MULTIPLE	2	593	636	18	9.874e-07	{SR}
sp|P35843|HES1_YEAST	SINGLE	1	2	28	12	1.117e-07	{S}
sp|P35844|KES1_YEAST	SINGLE	1	2	38	13	8.412e-07	{S}
sp|P35845|OSH1_YEAST	SINGLE	1	444	463	14	2.271e-15	{N}
sp|P35845|OSH1_YEAST	SINGLE	2	435	472	16	5.269e-11	{D}
sp|P35845|OSH1_YEAST	SINGLE	3	512	528	8	1.327e-06	{D}
sp|P35845|OSH1_YEAST	MULTIPLE	1	434	472	32	4.889e-26	{ND}
sp|P35845|OSH1_YEAST	WHOLE	1	1	1188	89	2.587e-07	{N}
sp|P35997|RS27A_YEAST	MULTIPLE	1	37	67	12	1.530e-06	{CT}
sp|P35999|PMIP_YEAST	MULTIPLE	1	558	573	8	1.176e-07	{MH}
sp|P36003|NNK1_YEAST	SINGLE	1	769	813	22	5.516e-14	{S}
sp|P36003|NNK1_YEAST	SINGLE	2	684	702	11	1.137e-08	{S}
sp|P36003|NNK1_YEAST	SINGLE	3	13	40	13	1.734e-08	{S}
sp|P36003|NNK1_YEAST	SINGLE	4	365	394	10	2.754e-07	{N}
sp|P36003|NNK1_YEAST	SINGLE	5	401	436	12	4.099e-06	{S}
sp|P36003|NNK1_YEAST	MULTIPLE	1	242	260	11	1.346e-06	{NS}
sp|P36003|NNK1_YEAST	WHOLE	1	1	928	136	2.736e-15	{S}
sp|P36006|MYO3_YEAST	SINGLE	1	1259	1271	11	1.092e-12	{D}
sp|P36006|MYO3_YEAST	SINGLE	2	1109	1116	7	3.694e-09	{P}
sp|P36006|MYO3_YEAST	SINGLE	3	1041	1076	14	7.506e-08	{S}
sp|P36006|MYO3_YEAST	SINGLE	4	5	34	12	8.516e-08	{K}
sp|P36006|MYO3_YEAST	SINGLE	5	987	1000	6	2.702e-07	{H}
sp|P36006|MYO3_YEAST	SINGLE	6	964	992	11	5.511e-07	{K}
sp|P36006|MYO3_YEAST	SINGLE	7	1021	1028	6	5.523e-06	{A}
sp|P36006|MYO3_YEAST	MULTIPLE	1	1040	1078	24	3.211e-12	{SK}
sp|P36006|MYO3_YEAST	MULTIPLE	2	964	1000	17	1.320e-09	{HK}
sp|P36006|MYO3_YEAST	WHOLE	1	1	1272	131	5.762e-09	{K}
sp|P36009|DHR2_YEAST	SINGLE	1	169	174	5	5.156e-06	{T}
sp|P36012|CENPA_YEAST	SINGLE	1	82	96	9	6.926e-08	{E}
sp|P36012|CENPA_YEAST	SINGLE	2	54	60	5	4.800e-06	{R}
sp|P36012|CENPA_YEAST	SINGLE	3	2	22	9	6.304e-06	{S}
sp|P36012|CENPA_YEAST	MULTIPLE	1	110	131	12	6.145e-07	{RK}
sp|P36022|DYHC_YEAST	SINGLE	1	3696	3702	4	7.399e-06	{M}
sp|P36022|DYHC_YEAST	SINGLE	2	3044	3085	12	8.375e-06	{E}
sp|P36022|DYHC_YEAST	SINGLE	3	46	66	7	9.294e-06	{F}
sp|P36022|DYHC_YEAST	MULTIPLE	1	2852	2867	10	6.790e-06	{LN}
sp|P36022|DYHC_YEAST	WHOLE	1	1	4092	309	1.214e-13	{I}
sp|P36022|DYHC_YEAST	WHOLE	2	1	4092	499	3.488e-11	{L}
sp|P36022|DYHC_YEAST	WHOLE	3	1	4092	218	1.300e-06	{F}
sp|P36024|SIS2_YEAST	SINGLE	1	499	550	35	9.921e-32	{D}
sp|P36024|SIS2_YEAST	SINGLE	2	496	519	12	6.866e-09	{E}
sp|P36024|SIS2_YEAST	SINGLE	3	63	67	5	9.161e-07	{T}
sp|P36024|SIS2_YEAST	MULTIPLE	1	494	551	56	1.121e-41	{DEN}
sp|P36024|SIS2_YEAST	WHOLE	1	1	562	64	3.707e-08	{D}
sp|P36027|MID2_YEAST	SINGLE	1	31	172	84	5.265e-58	{S}
sp|P36027|MID2_YEAST	SINGLE	2	127	206	21	1.011e-08	{T}
sp|P36027|MID2_YEAST	WHOLE	1	1	376	116	4.167e-42	{S}
sp|P36033|FRE2_YEAST	SINGLE	1	407	426	9	1.657e-07	{I}
sp|P36033|FRE2_YEAST	SINGLE	2	368	394	9	4.884e-07	{F}
sp|P36035|JEN1_YEAST	SINGLE	1	264	304	11	3.118e-07	{F}
sp|P36035|JEN1_YEAST	MULTIPLE	1	264	322	17	7.609e-09	{FW}
sp|P36035|JEN1_YEAST	MULTIPLE	2	136	157	9	9.438e-07	{WF}
sp|P36037|DOA1_YEAST	MULTIPLE	1	13	36	13	6.866e-07	{VD}
sp|P36041|EAP1_YEAST	SINGLE	1	527	592	25	7.984e-17	{P}
sp|P36041|EAP1_YEAST	SINGLE	2	452	485	15	8.198e-12	{P}
sp|P36041|EAP1_YEAST	SINGLE	3	410	423	8	2.845e-08	{Q}
sp|P36041|EAP1_YEAST	SINGLE	4	327	363	13	8.412e-07	{S}
sp|P36041|EAP1_YEAST	SINGLE	5	76	81	5	5.074e-06	{K}
sp|P36041|EAP1_YEAST	SINGLE	6	353	370	7	5.415e-06	{N}
sp|P36041|EAP1_YEAST	MULTIPLE	1	527	596	35	1.034e-18	{PQ}
sp|P36041|EAP1_YEAST	MULTIPLE	2	326	402	38	2.840e-12	{SNF}
sp|P36041|EAP1_YEAST	MULTIPLE	3	62	86	12	2.186e-06	{KN}
sp|P36041|EAP1_YEAST	MULTIPLE	4	156	180	16	4.441e-09	{NHG}
sp|P36041|EAP1_YEAST	WHOLE	1	1	632	72	4.003e-12	{P}
sp|P36041|EAP1_YEAST	WHOLE	2	1	632	57	1.164e-07	{N}
sp|P36044|MNN4_YEAST	SINGLE	1	1035	1174	63	4.324e-37	{E}
sp|P36044|MNN4_YEAST	SINGLE	2	1038	1171	57	3.037e-33	{K}
sp|P36044|MNN4_YEAST	SINGLE	3	333	367	10	1.350e-06	{N}
sp|P36044|MNN4_YEAST	SINGLE	4	28	43	7	5.137e-06	{I}
sp|P36044|MNN4_YEAST	MULTIPLE	1	1035	1174	120	1.302e-85	{EK}
sp|P36044|MNN4_YEAST	MULTIPLE	2	2	43	25	6.033e-09	{ILR}
sp|P36044|MNN4_YEAST	MULTIPLE	3	670	713	16	4.024e-06	{NK}
sp|P36044|MNN4_YEAST	WHOLE	1	1	1178	147	6.236e-16	{K}
sp|P36044|MNN4_YEAST	WHOLE	2	1	1178	96	2.048e-09	{N}
sp|P36044|MNN4_YEAST	WHOLE	3	1	1178	127	1.132e-08	{E}
sp|P36046|MIA40_YEAST	SINGLE	1	255	282	11	5.994e-07	{E}
sp|P36046|MIA40_YEAST	SINGLE	2	171	202	9	5.226e-06	{N}
sp|P36046|MIA40_YEAST	MULTIPLE	1	236	282	23	6.644e-09	{ES}
sp|P36046|MIA40_YEAST	MULTIPLE	2	148	202	20	1.024e-07	{ND}
sp|P36046|MIA40_YEAST	MULTIPLE	3	97	117	13	7.474e-09	{DN}
sp|P36046|MIA40_YEAST	WHOLE	1	1	403	59	3.565e-09	{E}
sp|P36047|SDS22_YEAST	WHOLE	1	1	338	35	1.303e-06	{N}
sp|P36047|SDS22_YEAST	WHOLE	2	1	338	57	3.337e-06	{L}
sp|P36048|SN114_YEAST	MULTIPLE	1	526	541	11	1.803e-07	{ED}
sp|P36048|SN114_YEAST	MULTIPLE	2	289	312	12	3.272e-07	{NI}
sp|P36048|SN114_YEAST	WHOLE	1	1	1008	81	7.144e-06	{I}
sp|P36049|EBP2_YEAST	SINGLE	1	107	171	30	6.986e-19	{E}
sp|P36049|EBP2_YEAST	SINGLE	2	6	90	27	6.189e-13	{K}
sp|P36049|EBP2_YEAST	MULTIPLE	1	106	186	47	6.394e-23	{ED}
sp|P36049|EBP2_YEAST	MULTIPLE	2	3	93	44	1.157e-16	{KE}
sp|P36049|EBP2_YEAST	MULTIPLE	3	299	345	25	1.592e-09	{QKR}
sp|P36049|EBP2_YEAST	WHOLE	1	1	427	70	8.485e-14	{K}
sp|P36049|EBP2_YEAST	WHOLE	2	1	427	70	8.584e-13	{E}
sp|P36051|MCD4_YEAST	SINGLE	1	461	478	7	2.867e-06	{F}
sp|P36051|MCD4_YEAST	SINGLE	2	808	843	13	8.491e-06	{L}
sp|P36051|MCD4_YEAST	MULTIPLE	1	721	745	11	3.143e-06	{FI}
sp|P36051|MCD4_YEAST	WHOLE	1	1	919	77	3.987e-10	{F}
sp|P36051|MCD4_YEAST	WHOLE	2	1	919	88	2.273e-09	{I}
sp|P36056|RT22_YEAST	SINGLE	1	550	585	11	6.123e-06	{K}
sp|P36060|MCR1_YEAST	SINGLE	1	227	236	6	4.935e-06	{D}
sp|P36075|CUE2_YEAST	MULTIPLE	1	32	47	10	6.790e-06	{LN}
sp|P36076|CAB3_YEAST	SINGLE	1	147	197	26	2.901e-22	{Q}
sp|P36076|CAB3_YEAST	SINGLE	2	509	565	26	2.080e-16	{E}
sp|P36076|CAB3_YEAST	SINGLE	3	525	566	14	2.875e-08	{D}
sp|P36076|CAB3_YEAST	MULTIPLE	1	508	566	42	8.146e-26	{ED}
sp|P36076|CAB3_YEAST	MULTIPLE	2	42	92	19	1.419e-06	{NS}
sp|P36080|RRP14_YEAST	SINGLE	1	391	434	15	2.648e-08	{K}
sp|P36080|RRP14_YEAST	SINGLE	2	38	54	9	1.919e-07	{K}
sp|P36080|RRP14_YEAST	SINGLE	3	123	129	6	4.936e-07	{E}
sp|P36080|RRP14_YEAST	SINGLE	4	290	330	13	5.664e-07	{K}
sp|P36080|RRP14_YEAST	SINGLE	5	72	102	11	1.187e-06	{K}
sp|P36080|RRP14_YEAST	SINGLE	6	246	254	6	3.865e-06	{K}
sp|P36080|RRP14_YEAST	MULTIPLE	1	368	434	28	8.431e-11	{KR}
sp|P36080|RRP14_YEAST	WHOLE	1	1	434	84	1.095e-20	{K}
sp|P36080|RRP14_YEAST	WHOLE	2	1	434	55	1.133e-06	{E}
sp|P36081|PSG1_YEAST	SINGLE	1	353	390	12	1.600e-06	{K}
sp|P36081|PSG1_YEAST	SINGLE	2	330	337	5	4.541e-06	{F}
sp|P36081|PSG1_YEAST	MULTIPLE	1	326	337	10	7.843e-09	{FV}
sp|P36084|MUD2_YEAST	SINGLE	1	125	142	9	4.149e-08	{R}
sp|P36084|MUD2_YEAST	SINGLE	2	104	163	14	1.745e-07	{N}
sp|P36084|MUD2_YEAST	SINGLE	3	190	221	11	7.338e-06	{S}
sp|P36084|MUD2_YEAST	MULTIPLE	1	92	157	29	8.507e-14	{RN}
sp|P36084|MUD2_YEAST	WHOLE	1	1	527	46	3.649e-06	{N}
sp|P36094|SPC42_YEAST	SINGLE	1	318	329	7	5.518e-06	{S}
sp|P36094|SPC42_YEAST	SINGLE	2	262	267	5	6.509e-06	{E}
sp|P36094|SPC42_YEAST	MULTIPLE	1	208	245	15	3.538e-07	{NP}
sp|P36094|SPC42_YEAST	WHOLE	1	1	363	39	1.418e-07	{N}
sp|P36095|VPS24_YEAST	SINGLE	1	189	217	10	7.520e-06	{E}
sp|P36096|TUL1_YEAST	SINGLE	1	202	219	7	5.415e-06	{N}
sp|P36096|TUL1_YEAST	MULTIPLE	1	619	640	10	5.227e-06	{HV}
sp|P36096|TUL1_YEAST	MULTIPLE	2	714	757	14	7.696e-06	{CPH}
sp|P36100|T2EA_YEAST	SINGLE	1	374	394	19	5.119e-21	{E}
sp|P36100|T2EA_YEAST	SINGLE	2	463	473	10	2.933e-12	{D}
sp|P36100|T2EA_YEAST	WHOLE	1	1	482	60	7.180e-07	{E}
sp|P36100|T2EA_YEAST	WHOLE	2	1	482	51	5.565e-06	{D}
sp|P36102|PAN3_YEAST	SINGLE	1	127	134	7	2.115e-09	{N}
sp|P36102|PAN3_YEAST	SINGLE	2	203	225	10	3.031e-08	{P}
sp|P36102|PAN3_YEAST	SINGLE	3	75	112	12	1.654e-06	{T}
sp|P36102|PAN3_YEAST	SINGLE	4	180	201	8	2.055e-06	{N}
sp|P36102|PAN3_YEAST	SINGLE	5	485	496	6	4.547e-06	{N}
sp|P36102|PAN3_YEAST	MULTIPLE	1	122	163	22	9.992e-11	{NS}
sp|P36102|PAN3_YEAST	MULTIPLE	2	85	110	17	2.562e-09	{TA}
sp|P36102|PAN3_YEAST	MULTIPLE	3	38	64	13	1.185e-06	{TP}
sp|P36102|PAN3_YEAST	WHOLE	1	1	679	72	3.029e-12	{N}
sp|P36102|PAN3_YEAST	WHOLE	2	1	679	60	6.450e-06	{I}
sp|P36105|RL14A_YEAST	SINGLE	1	71	111	13	7.574e-06	{A}
sp|P36105|RL14A_YEAST	MULTIPLE	1	74	117	18	2.058e-06	{AR}
sp|P36107|AUR1_YEAST	SINGLE	1	373	395	10	1.642e-06	{S}
sp|P36107|AUR1_YEAST	SINGLE	2	57	108	11	3.844e-06	{F}
sp|P36107|AUR1_YEAST	WHOLE	1	1	401	36	2.725e-06	{F}
sp|P36108|DID4_YEAST	MULTIPLE	1	17	83	21	4.325e-06	{KR}
sp|P36108|DID4_YEAST	MULTIPLE	2	144	166	13	3.613e-07	{ED}
sp|P36112|MIC60_YEAST	SINGLE	1	372	398	7	1.727e-07	{C}
sp|P36112|MIC60_YEAST	MULTIPLE	1	369	401	17	4.476e-11	{CK}
sp|P36112|MIC60_YEAST	MULTIPLE	2	234	259	14	5.271e-07	{EK}
sp|P36112|MIC60_YEAST	WHOLE	1	1	540	51	1.263e-07	{N}
sp|P36113|HEL1_YEAST	SINGLE	1	341	370	7	3.771e-07	{C}
sp|P36113|HEL1_YEAST	SINGLE	2	179	223	8	5.098e-07	{C}
sp|P36113|HEL1_YEAST	MULTIPLE	1	388	407	11	1.048e-06	{NK}
sp|P36113|HEL1_YEAST	MULTIPLE	2	291	314	9	2.616e-06	{FC}
sp|P36113|HEL1_YEAST	WHOLE	1	1	551	27	3.417e-07	{C}
sp|P36117|ALY1_YEAST	SINGLE	1	734	745	7	9.773e-07	{D}
sp|P36117|ALY1_YEAST	SINGLE	2	826	853	9	1.535e-06	{N}
sp|P36117|ALY1_YEAST	SINGLE	3	628	662	10	2.740e-06	{P}
sp|P36117|ALY1_YEAST	SINGLE	4	171	231	16	3.729e-06	{S}
sp|P36117|ALY1_YEAST	MULTIPLE	1	134	145	9	5.445e-07	{SN}
sp|P36117|ALY1_YEAST	MULTIPLE	2	596	619	13	2.284e-06	{KS}
sp|P36117|ALY1_YEAST	WHOLE	1	1	915	113	1.106e-08	{S}
sp|P36117|ALY1_YEAST	WHOLE	2	1	915	71	1.045e-06	{N}
sp|P36119|RQT4_YEAST	SINGLE	1	73	120	15	9.756e-08	{K}
sp|P36119|RQT4_YEAST	SINGLE	2	283	324	14	1.935e-07	{E}
sp|P36119|RQT4_YEAST	SINGLE	3	176	213	7	2.055e-06	{C}
sp|P36119|RQT4_YEAST	SINGLE	4	427	441	7	6.688e-06	{D}
sp|P36119|RQT4_YEAST	SINGLE	5	240	248	6	9.427e-06	{S}
sp|P36119|RQT4_YEAST	MULTIPLE	1	283	324	20	4.169e-09	{ER}
sp|P36119|RQT4_YEAST	MULTIPLE	2	235	252	11	6.406e-07	{SN}
sp|P36119|RQT4_YEAST	WHOLE	1	1	530	64	1.736e-07	{K}
sp|P36122|BCH2_YEAST	SINGLE	1	9	17	6	3.865e-06	{K}
sp|P36122|BCH2_YEAST	WHOLE	1	1	765	65	9.532e-06	{I}
sp|P36124|SET3_YEAST	SINGLE	1	54	89	14	2.088e-07	{A}
sp|P36124|SET3_YEAST	MULTIPLE	1	189	200	10	2.127e-08	{NS}
sp|P36124|SET3_YEAST	MULTIPLE	2	107	137	12	6.244e-07	{CD}
sp|P36124|SET3_YEAST	MULTIPLE	3	234	252	12	1.169e-07	{SN}
sp|P36124|SET3_YEAST	MULTIPLE	4	96	106	8	5.352e-07	{QP}
sp|P36126|SPO14_YEAST	SINGLE	1	255	280	12	2.142e-10	{N}
sp|P36126|SPO14_YEAST	SINGLE	2	570	612	12	1.608e-07	{N}
sp|P36126|SPO14_YEAST	SINGLE	3	405	413	6	4.718e-07	{N}
sp|P36126|SPO14_YEAST	SINGLE	4	290	298	6	9.427e-06	{S}
sp|P36126|SPO14_YEAST	MULTIPLE	1	570	607	18	1.384e-08	{NE}
sp|P36126|SPO14_YEAST	MULTIPLE	2	187	196	8	1.269e-08	{HQ}
sp|P36126|SPO14_YEAST	WHOLE	1	1	1683	126	1.508e-09	{N}
sp|P36130|CAF4_YEAST	MULTIPLE	1	232	268	17	1.780e-06	{ES}
sp|P36131|SPC34_YEAST	SINGLE	1	150	158	6	9.427e-06	{S}
sp|P36135|UTH1_YEAST	SINGLE	1	89	103	15	7.397e-18	{S}
sp|P36135|UTH1_YEAST	SINGLE	2	44	88	18	2.370e-09	{A}
sp|P36135|UTH1_YEAST	SINGLE	3	22	29	5	2.581e-07	{H}
sp|P36135|UTH1_YEAST	MULTIPLE	1	52	88	25	1.457e-13	{AT}
sp|P36135|UTH1_YEAST	MULTIPLE	2	150	164	7	5.328e-06	{YC}
sp|P36135|UTH1_YEAST	WHOLE	1	1	365	57	2.143e-08	{S}
sp|P36143|GLG1_YEAST	SINGLE	1	456	475	8	8.840e-07	{N}
sp|P36143|GLG1_YEAST	MULTIPLE	1	454	484	18	5.365e-10	{NS}
sp|P36143|GLG1_YEAST	MULTIPLE	2	376	416	19	2.436e-08	{NS}
sp|P36143|GLG1_YEAST	WHOLE	1	1	616	57	5.034e-08	{N}
sp|P36146|LAS1_YEAST	SINGLE	1	167	177	10	2.933e-12	{D}
sp|P36146|LAS1_YEAST	SINGLE	2	342	355	7	6.965e-07	{N}
sp|P36146|LAS1_YEAST	MULTIPLE	1	280	296	11	1.418e-06	{LN}
sp|P36148|GPT2_YEAST	SINGLE	1	631	671	17	9.672e-10	{S}
sp|P36152|DRE2_YEAST	SINGLE	1	200	240	14	2.029e-08	{D}
sp|P36152|DRE2_YEAST	SINGLE	2	254	264	7	8.803e-07	{K}
sp|P36152|DRE2_YEAST	MULTIPLE	1	200	242	28	5.790e-11	{DES}
sp|P36152|DRE2_YEAST	MULTIPLE	2	252	271	12	3.240e-09	{KC}
sp|P36152|DRE2_YEAST	WHOLE	1	1	348	43	7.825e-06	{K}
sp|P36160|RPF2_YEAST	SINGLE	1	302	328	10	3.623e-06	{E}
sp|P36160|RPF2_YEAST	MULTIPLE	1	302	328	16	6.351e-09	{ED}
sp|P36160|RPF2_YEAST	WHOLE	1	1	344	43	5.947e-06	{K}
sp|P36161|NU133_YEAST	SINGLE	1	754	796	11	1.339e-06	{N}
sp|P36161|NU133_YEAST	SINGLE	2	343	379	12	5.630e-06	{S}
sp|P36161|NU133_YEAST	SINGLE	3	835	848	6	7.799e-06	{F}
sp|P36161|NU133_YEAST	MULTIPLE	1	165	185	10	5.507e-06	{IN}
sp|P36161|NU133_YEAST	MULTIPLE	2	634	677	22	3.092e-08	{NFV}
sp|P36161|NU133_YEAST	WHOLE	1	1	1157	99	1.000e-10	{N}
sp|P36161|NU133_YEAST	WHOLE	2	1	1157	96	3.479e-07	{I}
sp|P36162|DAD2_YEAST	MULTIPLE	1	90	116	14	5.195e-07	{DE}
sp|P36165|TGL4_YEAST	MULTIPLE	1	712	766	25	6.359e-10	{SR}
sp|P36165|TGL4_YEAST	MULTIPLE	2	100	117	10	3.818e-06	{EN}
sp|P36165|TGL4_YEAST	MULTIPLE	3	197	232	14	1.242e-06	{NR}
sp|P36165|TGL4_YEAST	WHOLE	1	1	910	103	2.112e-06	{S}
sp|P36170|FLO10_YEAST	SINGLE	1	299	917	205	4.573e-79	{S}
sp|P36170|FLO10_YEAST	SINGLE	2	591	633	17	2.357e-10	{T}
sp|P36170|FLO10_YEAST	SINGLE	3	961	1002	15	1.348e-08	{T}
sp|P36170|FLO10_YEAST	SINGLE	4	1091	1143	17	8.399e-08	{S}
sp|P36170|FLO10_YEAST	SINGLE	5	1077	1090	8	4.466e-07	{T}
sp|P36170|FLO10_YEAST	SINGLE	6	312	355	13	1.428e-06	{T}
sp|P36170|FLO10_YEAST	SINGLE	7	231	238	5	3.800e-06	{Y}
sp|P36170|FLO10_YEAST	MULTIPLE	1	296	917	327	4.057e-119	{ST}
sp|P36170|FLO10_YEAST	WHOLE	1	1	1169	283	2.734e-73	{S}
sp|P36170|FLO10_YEAST	WHOLE	2	1	1169	194	1.896e-35	{T}
sp|P36421|SYYC_YEAST	SINGLE	1	362	375	8	4.357e-07	{K}
sp|P36517|RM04_YEAST	MULTIPLE	1	18	37	12	1.338e-07	{PK}
sp|P36531|RM36_YEAST	MULTIPLE	1	121	146	15	6.123e-08	{KE}
sp|P36775|LONM_YEAST	SINGLE	1	142	167	13	5.594e-09	{S}
sp|P36775|LONM_YEAST	SINGLE	2	100	136	11	3.033e-06	{D}
sp|P36775|LONM_YEAST	SINGLE	3	346	362	8	4.231e-06	{E}
sp|P36775|LONM_YEAST	SINGLE	4	842	873	11	7.338e-06	{S}
sp|P36775|LONM_YEAST	SINGLE	5	4	17	7	7.722e-06	{T}
sp|P36775|LONM_YEAST	WHOLE	1	1	1133	107	4.698e-06	{K}
sp|P37020|GEF1_YEAST	SINGLE	1	571	583	8	2.931e-07	{E}
sp|P37020|GEF1_YEAST	SINGLE	2	534	562	9	6.268e-06	{I}
sp|P37020|GEF1_YEAST	WHOLE	1	1	779	68	2.679e-06	{I}
sp|P37296|VPP2_YEAST	MULTIPLE	1	461	484	11	4.713e-08	{FM}
sp|P37297|STT4_YEAST	SINGLE	1	1559	1574	8	1.644e-06	{K}
sp|P37297|STT4_YEAST	WHOLE	1	1	1900	147	3.817e-08	{I}
sp|P37370|VRP1_YEAST	SINGLE	1	305	445	56	4.924e-37	{P}
sp|P37370|VRP1_YEAST	SINGLE	2	114	201	31	2.043e-19	{P}
sp|P37370|VRP1_YEAST	SINGLE	3	608	710	31	3.527e-17	{P}
sp|P37370|VRP1_YEAST	SINGLE	4	5	14	9	1.007e-11	{P}
sp|P37370|VRP1_YEAST	SINGLE	5	558	584	13	5.160e-11	{P}
sp|P37370|VRP1_YEAST	SINGLE	6	216	245	13	2.669e-10	{P}
sp|P37370|VRP1_YEAST	SINGLE	7	453	468	11	8.223e-10	{S}
sp|P37370|VRP1_YEAST	SINGLE	8	63	80	9	1.305e-06	{S}
sp|P37370|VRP1_YEAST	MULTIPLE	1	111	201	48	3.058e-21	{PS}
sp|P37370|VRP1_YEAST	MULTIPLE	2	608	711	49	5.893e-19	{PS}
sp|P37370|VRP1_YEAST	MULTIPLE	3	210	245	21	3.111e-11	{PS}
sp|P37370|VRP1_YEAST	MULTIPLE	4	58	90	22	1.555e-09	{SPG}
sp|P37370|VRP1_YEAST	WHOLE	1	1	817	183	3.746e-70	{P}
sp|P37370|VRP1_YEAST	WHOLE	2	1	817	126	6.140e-16	{S}
sp|P37838|NOP4_YEAST	SINGLE	1	246	266	10	2.267e-07	{E}
sp|P37838|NOP4_YEAST	SINGLE	2	648	685	12	1.600e-06	{K}
sp|P37838|NOP4_YEAST	SINGLE	3	511	545	11	4.532e-06	{K}
sp|P37838|NOP4_YEAST	MULTIPLE	1	241	267	18	4.294e-11	{ED}
sp|P37838|NOP4_YEAST	WHOLE	1	1	685	88	6.300e-11	{K}
sp|P38041|BOI1_YEAST	SINGLE	1	620	674	19	3.792e-09	{S}
sp|P38041|BOI1_YEAST	SINGLE	2	687	733	16	9.420e-09	{K}
sp|P38041|BOI1_YEAST	SINGLE	3	394	439	14	1.218e-08	{P}
sp|P38041|BOI1_YEAST	SINGLE	4	688	700	6	1.579e-07	{H}
sp|P38041|BOI1_YEAST	SINGLE	5	182	216	13	4.049e-07	{S}
sp|P38041|BOI1_YEAST	SINGLE	6	564	605	14	6.673e-07	{S}
sp|P38041|BOI1_YEAST	SINGLE	7	332	349	9	1.305e-06	{S}
sp|P38041|BOI1_YEAST	SINGLE	8	416	423	5	7.298e-06	{N}
sp|P38041|BOI1_YEAST	SINGLE	9	703	729	10	8.975e-06	{S}
sp|P38041|BOI1_YEAST	MULTIPLE	1	687	730	32	3.938e-17	{KHS}
sp|P38041|BOI1_YEAST	MULTIPLE	2	394	439	21	6.901e-11	{PN}
sp|P38041|BOI1_YEAST	MULTIPLE	3	260	272	11	7.918e-08	{LE}
sp|P38041|BOI1_YEAST	WHOLE	1	1	980	154	8.279e-20	{S}
sp|P38042|CDC27_YEAST	SINGLE	1	365	388	24	1.688e-33	{N}
sp|P38042|CDC27_YEAST	SINGLE	2	247	259	9	3.077e-10	{N}
sp|P38042|CDC27_YEAST	SINGLE	3	264	285	11	8.478e-08	{S}
sp|P38042|CDC27_YEAST	SINGLE	4	29	40	6	4.669e-06	{Q}
sp|P38042|CDC27_YEAST	MULTIPLE	1	263	289	17	2.826e-10	{SQ}
sp|P38042|CDC27_YEAST	MULTIPLE	2	215	259	23	7.219e-11	{SN}
sp|P38042|CDC27_YEAST	MULTIPLE	3	299	338	16	3.205e-06	{SN}
sp|P38042|CDC27_YEAST	MULTIPLE	4	125	146	12	1.039e-06	{NS}
sp|P38042|CDC27_YEAST	WHOLE	1	1	758	84	4.899e-15	{N}
sp|P38069|MNN2_YEAST	MULTIPLE	1	40	63	12	2.056e-06	{SY}
sp|P38070|YPK3_YEAST	SINGLE	1	400	429	11	8.164e-07	{K}
sp|P38070|YPK3_YEAST	SINGLE	2	181	188	5	7.298e-06	{N}
sp|P38070|YPK3_YEAST	MULTIPLE	1	172	190	12	2.081e-08	{ND}
sp|P38071|ETR1_YEAST	SINGLE	1	346	355	6	9.234e-06	{T}
sp|P38080|AKL1_YEAST	SINGLE	1	704	747	27	4.953e-26	{Q}
sp|P38080|AKL1_YEAST	SINGLE	2	590	629	18	1.226e-14	{Q}
sp|P38080|AKL1_YEAST	SINGLE	3	862	904	17	2.314e-09	{S}
sp|P38080|AKL1_YEAST	SINGLE	4	343	365	9	2.353e-07	{Q}
sp|P38080|AKL1_YEAST	SINGLE	5	1043	1106	18	3.194e-07	{S}
sp|P38080|AKL1_YEAST	SINGLE	6	979	1042	10	1.117e-06	{H}
sp|P38080|AKL1_YEAST	SINGLE	7	518	533	8	5.165e-06	{S}
sp|P38080|AKL1_YEAST	SINGLE	8	836	848	6	8.081e-06	{N}
sp|P38080|AKL1_YEAST	MULTIPLE	1	1039	1106	29	1.860e-10	{SR}
sp|P38080|AKL1_YEAST	MULTIPLE	2	420	449	13	9.410e-06	{SN}
sp|P38080|AKL1_YEAST	WHOLE	1	1	1108	97	5.763e-11	{Q}
sp|P38080|AKL1_YEAST	WHOLE	2	1	1108	137	3.722e-10	{S}
sp|P38080|AKL1_YEAST	WHOLE	3	1	1108	87	5.132e-08	{N}
sp|P38084|BAP2_YEAST	SINGLE	1	3	47	16	3.937e-08	{S}
sp|P38084|BAP2_YEAST	MULTIPLE	1	200	256	22	9.074e-10	{FI}
sp|P38084|BAP2_YEAST	MULTIPLE	2	373	394	12	9.463e-07	{IV}
sp|P38085|TAT1_YEAST	SINGLE	1	105	133	11	1.095e-06	{G}
sp|P38086|RDH54_YEAST	MULTIPLE	1	511	537	13	1.105e-07	{IF}
sp|P38088|SYG_YEAST	SINGLE	1	168	182	9	4.488e-08	{K}
sp|P38110|ATM_YEAST	MULTIPLE	1	1029	1062	13	5.164e-06	{SM}
sp|P38110|ATM_YEAST	WHOLE	1	1	2787	357	7.012e-11	{L}
sp|P38110|ATM_YEAST	WHOLE	2	1	2787	206	4.253e-09	{I}
sp|P38110|ATM_YEAST	WHOLE	3	1	2787	157	1.934e-06	{F}
sp|P38110|ATM_YEAST	WHOLE	4	1	2787	170	2.079e-06	{N}
sp|P38111|ATR_YEAST	SINGLE	1	1298	1326	9	6.268e-06	{I}
sp|P38111|ATR_YEAST	WHOLE	1	1	2368	304	1.126e-09	{L}
sp|P38111|ATR_YEAST	WHOLE	2	1	2368	183	1.268e-09	{I}
sp|P38112|MAK5_YEAST	SINGLE	1	766	770	5	9.015e-07	{K}
sp|P38112|MAK5_YEAST	SINGLE	2	694	710	8	2.913e-06	{K}
sp|P38112|MAK5_YEAST	MULTIPLE	1	52	80	16	5.142e-08	{KV}
sp|P38112|MAK5_YEAST	MULTIPLE	2	85	125	20	6.698e-08	{ES}
sp|P38112|MAK5_YEAST	WHOLE	1	1	773	81	1.569e-06	{K}
sp|P38121|DPOA2_YEAST	SINGLE	1	182	193	7	2.025e-06	{T}
sp|P38125|DTR1_YEAST	SINGLE	1	111	119	6	1.036e-06	{I}
sp|P38127|RIM2_YEAST	SINGLE	1	181	192	7	9.586e-06	{A}
sp|P38128|SMP1_YEAST	SINGLE	1	425	450	12	6.685e-08	{S}
sp|P38128|SMP1_YEAST	SINGLE	2	99	105	6	8.050e-08	{R}
sp|P38128|SMP1_YEAST	SINGLE	3	113	127	8	2.783e-06	{S}
sp|P38128|SMP1_YEAST	MULTIPLE	1	414	451	20	1.081e-09	{SP}
sp|P38128|SMP1_YEAST	WHOLE	1	1	452	42	2.088e-06	{N}
sp|P38128|SMP1_YEAST	WHOLE	2	1	452	60	2.215e-06	{S}
sp|P38129|TAF5_YEAST	SINGLE	1	3	48	17	3.205e-12	{Q}
sp|P38129|TAF5_YEAST	SINGLE	2	368	409	13	7.697e-07	{K}
sp|P38129|TAF5_YEAST	SINGLE	3	501	510	6	1.129e-06	{N}
sp|P38129|TAF5_YEAST	MULTIPLE	1	3	48	24	3.236e-14	{QN}
sp|P38129|TAF5_YEAST	MULTIPLE	2	373	410	27	1.465e-12	{KDE}
sp|P38132|MCM7_YEAST	SINGLE	1	432	436	5	6.591e-06	{L}
sp|P38138|GLU2A_YEAST	MULTIPLE	1	877	908	14	2.723e-07	{IN}
sp|P38138|GLU2A_YEAST	WHOLE	1	1	954	77	9.580e-06	{I}
sp|P38140|ERT1_YEAST	SINGLE	1	27	34	6	1.373e-06	{K}
sp|P38140|ERT1_YEAST	SINGLE	2	106	117	6	4.547e-06	{N}
sp|P38140|ERT1_YEAST	SINGLE	3	40	68	6	5.499e-06	{C}
sp|P38140|ERT1_YEAST	MULTIPLE	1	106	117	10	2.127e-08	{NS}
sp|P38140|ERT1_YEAST	MULTIPLE	2	168	185	13	2.924e-09	{NS}
sp|P38140|ERT1_YEAST	WHOLE	1	1	529	45	8.572e-06	{N}
sp|P38144|ISW1_YEAST	SINGLE	1	300	329	9	8.515e-06	{I}
sp|P38144|ISW1_YEAST	MULTIPLE	1	162	182	13	8.308e-08	{ED}
sp|P38144|ISW1_YEAST	MULTIPLE	2	793	812	10	2.067e-07	{HP}
sp|P38144|ISW1_YEAST	WHOLE	1	1	1129	119	7.413e-09	{K}
sp|P38149|DUG2_YEAST	SINGLE	1	369	416	15	6.843e-07	{S}
sp|P38149|DUG2_YEAST	WHOLE	1	1	878	73	6.206e-06	{I}
sp|P38153|AP3M_YEAST	SINGLE	1	167	184	11	2.342e-11	{Q}
sp|P38165|RTG3_YEAST	SINGLE	1	184	259	28	1.443e-13	{S}
sp|P38165|RTG3_YEAST	SINGLE	2	68	77	6	1.129e-06	{N}
sp|P38165|RTG3_YEAST	SINGLE	3	284	298	7	2.514e-06	{R}
sp|P38165|RTG3_YEAST	WHOLE	1	1	486	65	7.104e-07	{S}
sp|P38167|ECM21_YEAST	SINGLE	1	498	511	9	7.251e-08	{S}
sp|P38167|ECM21_YEAST	SINGLE	2	70	86	7	3.459e-06	{N}
sp|P38167|ECM21_YEAST	SINGLE	3	914	937	8	7.741e-06	{P}
sp|P38167|ECM21_YEAST	SINGLE	4	975	993	7	8.205e-06	{N}
sp|P38167|ECM21_YEAST	MULTIPLE	1	975	1001	15	3.343e-08	{NS}
sp|P38167|ECM21_YEAST	MULTIPLE	2	108	136	16	1.142e-07	{TS}
sp|P38167|ECM21_YEAST	WHOLE	1	1	1117	147	1.111e-12	{S}
sp|P38167|ECM21_YEAST	WHOLE	2	1	1117	86	1.332e-07	{N}
sp|P38170|CND2_YEAST	SINGLE	1	450	457	6	1.373e-06	{K}
sp|P38170|CND2_YEAST	SINGLE	2	583	626	12	2.951e-06	{D}
sp|P38170|CND2_YEAST	SINGLE	3	120	128	6	5.807e-06	{G}
sp|P38170|CND2_YEAST	SINGLE	4	429	442	7	7.722e-06	{T}
sp|P38170|CND2_YEAST	WHOLE	1	1	754	89	2.053e-11	{D}
sp|P38170|CND2_YEAST	WHOLE	2	1	754	65	8.745e-08	{N}
sp|P38174|MAP2_YEAST	SINGLE	1	41	57	13	3.537e-13	{K}
sp|P38181|NU170_YEAST	SINGLE	1	478	488	6	2.440e-06	{Q}
sp|P38181|NU170_YEAST	MULTIPLE	1	64	87	9	9.761e-06	{NM}
sp|P38181|NU170_YEAST	WHOLE	1	1	1502	132	1.192e-10	{I}
sp|P38181|NU170_YEAST	WHOLE	2	1	1502	153	4.690e-06	{S}
sp|P38198|STU1_YEAST	SINGLE	1	182	218	13	2.191e-09	{N}
sp|P38198|STU1_YEAST	SINGLE	2	574	602	13	2.916e-08	{S}
sp|P38198|STU1_YEAST	SINGLE	3	5	15	7	7.644e-08	{N}
sp|P38198|STU1_YEAST	SINGLE	4	671	683	6	8.081e-06	{N}
sp|P38198|STU1_YEAST	WHOLE	1	1	1513	140	5.341e-17	{N}
sp|P38198|STU1_YEAST	WHOLE	2	1	1513	154	4.636e-06	{S}
sp|P38198|STU1_YEAST	WHOLE	3	1	1513	112	7.125e-06	{I}
sp|P38199|HEK2_YEAST	SINGLE	1	298	303	5	3.011e-06	{D}
sp|P38199|HEK2_YEAST	SINGLE	2	204	225	8	5.499e-06	{I}
sp|P38199|HEK2_YEAST	WHOLE	1	1	381	39	9.645e-06	{I}
sp|P38200|SHE1_YEAST	SINGLE	1	224	242	9	2.301e-06	{S}
sp|P38200|SHE1_YEAST	MULTIPLE	1	136	190	18	7.732e-07	{RN}
sp|P38200|SHE1_YEAST	WHOLE	1	1	338	54	2.252e-08	{S}
sp|P38205|NCL1_YEAST	SINGLE	1	664	677	7	7.722e-06	{T}
sp|P38205|NCL1_YEAST	MULTIPLE	1	656	678	15	5.966e-09	{TE}
sp|P38207|APN2_YEAST	SINGLE	1	399	428	10	6.818e-06	{K}
sp|P38207|APN2_YEAST	MULTIPLE	1	399	428	16	6.627e-09	{KN}
sp|P38211|GPI18_YEAST	WHOLE	1	1	433	45	2.899e-09	{F}
sp|P38212|RCR1_YEAST	SINGLE	1	64	68	5	2.522e-07	{R}
sp|P38212|RCR1_YEAST	SINGLE	2	87	98	6	4.669e-06	{Q}
sp|P38217|IMB2_YEAST	SINGLE	1	375	394	14	7.419e-14	{D}
sp|P38217|IMB2_YEAST	SINGLE	2	74	122	12	7.428e-07	{N}
sp|P38217|IMB2_YEAST	WHOLE	1	1	918	76	4.830e-06	{I}
sp|P38221|CDS1_YEAST	WHOLE	1	1	457	45	1.441e-08	{F}
sp|P38227|QDR3_YEAST	SINGLE	1	104	122	6	2.187e-06	{M}
sp|P38228|TCM62_YEAST	SINGLE	1	305	314	6	1.129e-06	{N}
sp|P38236|FL2D_YEAST	SINGLE	1	78	139	19	7.312e-12	{N}
sp|P38236|FL2D_YEAST	SINGLE	2	27	32	5	8.737e-07	{Q}
sp|P38236|FL2D_YEAST	SINGLE	3	175	185	6	2.376e-06	{N}
sp|P38236|FL2D_YEAST	MULTIPLE	1	78	148	29	1.469e-16	{NM}
sp|P38236|FL2D_YEAST	WHOLE	1	1	366	49	2.449e-12	{N}
sp|P38237|UBP14_YEAST	SINGLE	1	432	436	5	1.948e-06	{S}
sp|P38237|UBP14_YEAST	SINGLE	2	88	95	5	7.298e-06	{N}
sp|P38237|UBP14_YEAST	MULTIPLE	1	628	646	11	4.094e-07	{PD}
sp|P38237|UBP14_YEAST	WHOLE	1	1	781	72	1.348e-09	{N}
sp|P38244|PFF1_YEAST	MULTIPLE	1	545	570	13	2.326e-07	{QD}
sp|P38244|PFF1_YEAST	MULTIPLE	2	530	538	7	1.902e-06	{HS}
sp|P38247|SLM4_YEAST	SINGLE	1	52	68	7	3.459e-06	{N}
sp|P38248|ECM33_YEAST	SINGLE	1	356	404	25	2.946e-16	{S}
sp|P38248|ECM33_YEAST	SINGLE	2	83	93	7	2.478e-06	{S}
sp|P38248|ECM33_YEAST	SINGLE	3	164	175	6	4.547e-06	{N}
sp|P38248|ECM33_YEAST	SINGLE	4	176	192	8	9.053e-06	{S}
sp|P38248|ECM33_YEAST	MULTIPLE	1	6	42	19	2.215e-07	{AS}
sp|P38248|ECM33_YEAST	WHOLE	1	1	429	85	1.499e-17	{S}
sp|P38249|EIF3A_YEAST	SINGLE	1	506	542	18	2.114e-12	{E}
sp|P38249|EIF3A_YEAST	SINGLE	2	636	668	11	3.860e-06	{E}
sp|P38249|EIF3A_YEAST	MULTIPLE	1	927	945	12	6.127e-08	{PT}
sp|P38249|EIF3A_YEAST	MULTIPLE	2	818	862	22	3.777e-10	{RE}
sp|P38249|EIF3A_YEAST	WHOLE	1	1	964	113	7.960e-10	{E}
sp|P38249|EIF3A_YEAST	WHOLE	2	1	964	96	1.703e-06	{K}
sp|P38250|IST2_YEAST	SINGLE	1	672	689	14	2.327e-13	{S}
sp|P38250|IST2_YEAST	SINGLE	2	896	904	8	4.491e-13	{H}
sp|P38250|IST2_YEAST	SINGLE	3	884	890	7	3.522e-09	{T}
sp|P38250|IST2_YEAST	SINGLE	4	921	926	6	1.405e-07	{S}
sp|P38250|IST2_YEAST	SINGLE	5	929	945	9	1.919e-07	{K}
sp|P38250|IST2_YEAST	WHOLE	1	1	946	108	8.730e-07	{S}
sp|P38255|RXT2_YEAST	SINGLE	1	230	277	13	7.311e-08	{N}
sp|P38255|RXT2_YEAST	SINGLE	2	129	155	9	8.500e-06	{D}
sp|P38255|RXT2_YEAST	SINGLE	3	306	314	6	9.427e-06	{S}
sp|P38255|RXT2_YEAST	MULTIPLE	1	129	155	16	6.351e-09	{DE}
sp|P38255|RXT2_YEAST	WHOLE	1	1	430	41	1.456e-06	{N}
sp|P38261|EXO84_YEAST	SINGLE	1	7	41	12	5.971e-07	{K}
sp|P38261|EXO84_YEAST	SINGLE	2	108	144	13	8.412e-07	{S}
sp|P38261|EXO84_YEAST	SINGLE	3	221	254	9	8.950e-06	{N}
sp|P38261|EXO84_YEAST	MULTIPLE	1	7	43	18	8.656e-09	{KP}
sp|P38261|EXO84_YEAST	MULTIPLE	2	98	146	23	6.272e-10	{SN}
sp|P38261|EXO84_YEAST	MULTIPLE	3	84	102	9	1.509e-06	{PM}
sp|P38261|EXO84_YEAST	WHOLE	1	1	753	66	3.845e-08	{N}
sp|P38264|PHO88_YEAST	SINGLE	1	8	46	12	2.059e-07	{I}
sp|P38264|PHO88_YEAST	SINGLE	2	103	109	4	7.399e-06	{M}
sp|P38264|PHO88_YEAST	MULTIPLE	1	8	46	17	3.054e-10	{IM}
sp|P38264|PHO88_YEAST	WHOLE	1	1	188	16	3.550e-06	{M}
sp|P38266|AIM3_YEAST	SINGLE	1	95	327	74	1.098e-42	{Q}
sp|P38266|AIM3_YEAST	SINGLE	2	365	468	27	1.933e-13	{P}
sp|P38266|AIM3_YEAST	SINGLE	3	862	907	15	1.273e-09	{P}
sp|P38266|AIM3_YEAST	SINGLE	4	519	560	14	3.251e-09	{P}
sp|P38266|AIM3_YEAST	SINGLE	5	873	901	11	5.511e-07	{K}
sp|P38266|AIM3_YEAST	SINGLE	6	277	306	10	5.696e-07	{P}
sp|P38266|AIM3_YEAST	SINGLE	7	667	676	7	9.710e-07	{S}
sp|P38266|AIM3_YEAST	SINGLE	8	83	93	6	3.773e-06	{P}
sp|P38266|AIM3_YEAST	SINGLE	9	373	398	8	8.703e-06	{Q}
sp|P38266|AIM3_YEAST	MULTIPLE	1	83	327	110	2.204e-49	{QP}
sp|P38266|AIM3_YEAST	MULTIPLE	2	371	468	36	5.235e-14	{PQ}
sp|P38266|AIM3_YEAST	MULTIPLE	3	862	907	26	4.704e-14	{PK}
sp|P38266|AIM3_YEAST	WHOLE	1	1	947	131	4.017e-28	{P}
sp|P38266|AIM3_YEAST	WHOLE	2	1	947	105	3.315e-18	{Q}
sp|P38270|ATG14_YEAST	SINGLE	1	25	36	8	1.727e-06	{L}
sp|P38270|ATG14_YEAST	MULTIPLE	1	2	18	9	2.814e-09	{HC}
sp|P38271|OPY1_YEAST	SINGLE	1	52	60	8	4.491e-13	{H}
sp|P38271|OPY1_YEAST	SINGLE	2	163	172	6	4.935e-06	{D}
sp|P38271|OPY1_YEAST	SINGLE	3	225	230	5	5.074e-06	{K}
sp|P38272|SHE3_YEAST	SINGLE	1	330	398	21	7.723e-09	{S}
sp|P38272|SHE3_YEAST	SINGLE	2	87	99	6	8.081e-06	{N}
sp|P38272|SHE3_YEAST	MULTIPLE	1	326	398	30	1.007e-10	{SN}
sp|P38272|SHE3_YEAST	MULTIPLE	2	69	99	17	5.783e-08	{NL}
sp|P38272|SHE3_YEAST	MULTIPLE	3	191	217	13	2.275e-06	{NS}
sp|P38272|SHE3_YEAST	WHOLE	1	1	425	50	1.523e-10	{N}
sp|P38272|SHE3_YEAST	WHOLE	2	1	425	69	1.647e-10	{S}
sp|P38273|CCZ1_YEAST	SINGLE	1	379	391	7	3.640e-07	{N}
sp|P38273|CCZ1_YEAST	SINGLE	2	279	311	12	4.921e-07	{E}
sp|P38273|CCZ1_YEAST	SINGLE	3	640	665	8	8.418e-06	{N}
sp|P38273|CCZ1_YEAST	SINGLE	4	678	686	6	9.427e-06	{S}
sp|P38273|CCZ1_YEAST	MULTIPLE	1	279	314	19	5.571e-10	{EQ}
sp|P38273|CCZ1_YEAST	MULTIPLE	2	640	665	13	1.055e-07	{NI}
sp|P38273|CCZ1_YEAST	WHOLE	1	1	704	70	9.881e-11	{N}
sp|P38279|YPQ3_YEAST	WHOLE	1	1	296	33	7.919e-06	{I}
sp|P38283|INCE_YEAST	SINGLE	1	410	439	11	3.608e-06	{S}
sp|P38283|INCE_YEAST	MULTIPLE	1	389	443	24	3.187e-08	{SK}
sp|P38283|INCE_YEAST	MULTIPLE	2	650	695	15	5.663e-06	{QP}
sp|P38283|INCE_YEAST	WHOLE	1	1	698	86	7.513e-10	{K}
sp|P38283|INCE_YEAST	WHOLE	2	1	698	86	5.002e-07	{S}
sp|P38287|CSH1_YEAST	SINGLE	1	7	20	7	1.705e-06	{I}
sp|P38287|CSH1_YEAST	SINGLE	2	282	295	6	7.799e-06	{F}
sp|P38289|EXO5_YEAST	WHOLE	1	1	585	53	2.675e-07	{N}
sp|P38291|POP7_YEAST	MULTIPLE	1	4	39	17	2.630e-07	{TK}
sp|P38297|FZO1_YEAST	SINGLE	1	422	450	11	1.939e-07	{D}
sp|P38301|GDT1_YEAST	SINGLE	1	19	24	6	2.322e-07	{A}
sp|P38301|GDT1_YEAST	SINGLE	2	134	143	7	4.808e-07	{E}
sp|P38310|FTH1_YEAST	SINGLE	1	97	101	5	1.160e-06	{E}
sp|P38310|FTH1_YEAST	SINGLE	2	434	463	11	3.608e-06	{S}
sp|P38310|FTH1_YEAST	SINGLE	3	3	15	6	4.638e-06	{F}
sp|P38310|FTH1_YEAST	MULTIPLE	1	3	32	12	3.724e-06	{FI}
sp|P38313|CENPU_YEAST	SINGLE	1	20	25	5	3.011e-06	{D}
sp|P38313|CENPU_YEAST	WHOLE	1	1	324	40	1.468e-06	{D}
sp|P38329|VHC1_YEAST	SINGLE	1	15	29	9	1.682e-07	{S}
sp|P38333|ENP1_YEAST	SINGLE	1	68	135	24	2.528e-12	{E}
sp|P38333|ENP1_YEAST	SINGLE	2	97	106	6	4.935e-06	{D}
sp|P38333|ENP1_YEAST	MULTIPLE	1	68	136	36	6.468e-16	{ED}
sp|P38334|TRS20_YEAST	SINGLE	1	63	74	8	1.405e-07	{G}
sp|P38334|TRS20_YEAST	MULTIPLE	1	62	86	15	3.948e-09	{GN}
sp|P38336|POP4_YEAST	SINGLE	1	194	236	11	4.769e-06	{I}
sp|P38336|POP4_YEAST	MULTIPLE	1	82	115	15	4.632e-07	{KN}
sp|P38339|RGD1_YEAST	SINGLE	1	396	422	12	1.117e-07	{S}
sp|P38339|RGD1_YEAST	MULTIPLE	1	393	426	19	5.646e-09	{ST}
sp|P38344|REI1_YEAST	SINGLE	1	121	146	13	1.605e-09	{E}
sp|P38344|REI1_YEAST	SINGLE	2	63	90	11	3.645e-07	{K}
sp|P38344|REI1_YEAST	SINGLE	3	273	292	8	5.790e-06	{D}
sp|P38344|REI1_YEAST	MULTIPLE	1	265	292	12	4.930e-06	{DN}
sp|P38351|PAF1_YEAST	SINGLE	1	363	445	29	1.925e-14	{E}
sp|P38351|PAF1_YEAST	SINGLE	2	143	149	5	9.952e-06	{D}
sp|P38351|PAF1_YEAST	MULTIPLE	1	362	445	40	9.592e-16	{ED}
sp|P38351|PAF1_YEAST	WHOLE	1	1	445	51	6.204e-07	{D}
sp|P38352|SAF1_YEAST	MULTIPLE	1	190	224	19	1.799e-08	{SG}
sp|P38353|SSH1_YEAST	WHOLE	1	1	490	56	4.502e-09	{I}
sp|P38360|ATU1_YEAST	SINGLE	1	802	869	15	7.518e-07	{I}
sp|P38360|ATU1_YEAST	SINGLE	2	108	160	8	1.842e-06	{C}
sp|P38360|ATU1_YEAST	SINGLE	3	248	291	13	7.261e-06	{S}
sp|P38360|ATU1_YEAST	MULTIPLE	1	802	877	30	2.619e-10	{IV}
sp|P38360|ATU1_YEAST	MULTIPLE	2	209	291	27	9.517e-10	{SC}
sp|P38360|ATU1_YEAST	WHOLE	1	1	1216	136	1.437e-07	{S}
sp|P38360|ATU1_YEAST	WHOLE	2	1	1216	42	2.895e-06	{C}
sp|P38360|ATU1_YEAST	WHOLE	3	1	1216	95	4.200e-06	{I}
sp|P38361|PHO89_YEAST	SINGLE	1	120	141	9	5.048e-06	{G}
sp|P38361|PHO89_YEAST	MULTIPLE	1	145	162	12	1.538e-07	{IA}
sp|P38361|PHO89_YEAST	WHOLE	1	1	574	53	6.319e-06	{I}
sp|P38426|TPS3_YEAST	SINGLE	1	140	204	22	3.644e-10	{S}
sp|P38426|TPS3_YEAST	SINGLE	2	227	249	10	1.642e-06	{S}
sp|P38426|TPS3_YEAST	SINGLE	3	259	278	8	5.790e-06	{D}
sp|P38426|TPS3_YEAST	SINGLE	4	957	977	9	6.304e-06	{S}
sp|P38426|TPS3_YEAST	SINGLE	5	51	59	6	9.427e-06	{S}
sp|P38426|TPS3_YEAST	WHOLE	1	1	1054	122	1.010e-07	{S}
sp|P38427|TSL1_YEAST	SINGLE	1	164	168	5	1.522e-07	{Q}
sp|P38427|TSL1_YEAST	SINGLE	2	229	238	7	9.710e-07	{S}
sp|P38427|TSL1_YEAST	SINGLE	3	1003	1021	7	8.454e-06	{Q}
sp|P38427|TSL1_YEAST	WHOLE	1	1	1098	121	1.205e-06	{S}
sp|P38429|SAP30_YEAST	SINGLE	1	26	58	26	9.843e-30	{N}
sp|P38429|SAP30_YEAST	SINGLE	2	187	196	6	9.064e-06	{K}
sp|P38429|SAP30_YEAST	WHOLE	1	1	201	35	1.830e-12	{N}
sp|P38431|IF5_YEAST	SINGLE	1	152	156	5	9.015e-07	{K}
sp|P38431|IF5_YEAST	SINGLE	2	398	404	5	9.952e-06	{D}
sp|P38439|LEO1_YEAST	SINGLE	1	383	463	29	9.260e-15	{E}
sp|P38439|LEO1_YEAST	SINGLE	2	46	91	19	1.271e-12	{D}
sp|P38439|LEO1_YEAST	SINGLE	3	387	418	11	6.093e-07	{D}
sp|P38439|LEO1_YEAST	SINGLE	4	343	348	5	1.440e-06	{R}
sp|P38439|LEO1_YEAST	SINGLE	5	50	58	6	5.178e-06	{E}
sp|P38439|LEO1_YEAST	MULTIPLE	1	380	464	55	9.582e-23	{EDR}
sp|P38439|LEO1_YEAST	MULTIPLE	2	46	94	30	4.521e-16	{DE}
sp|P38439|LEO1_YEAST	WHOLE	1	1	464	74	7.891e-13	{E}
sp|P38439|LEO1_YEAST	WHOLE	2	1	464	59	2.527e-09	{D}
sp|P38555|YPT31_YEAST	SINGLE	1	191	221	9	3.925e-06	{N}
sp|P38590|MSG5_YEAST	SINGLE	1	115	141	14	7.779e-10	{S}
sp|P38590|MSG5_YEAST	SINGLE	2	399	431	14	2.027e-08	{S}
sp|P38590|MSG5_YEAST	SINGLE	3	43	91	14	2.971e-08	{P}
sp|P38590|MSG5_YEAST	WHOLE	1	1	489	72	4.757e-09	{S}
sp|P38615|RIM11_YEAST	SINGLE	1	2	14	6	8.081e-06	{N}
sp|P38623|RCK2_YEAST	SINGLE	1	352	359	6	2.073e-06	{G}
sp|P38623|RCK2_YEAST	SINGLE	2	134	147	7	3.777e-06	{D}
sp|P38626|NCB5R_YEAST	SINGLE	1	9	17	7	1.527e-07	{V}
sp|P38627|URA8_YEAST	MULTIPLE	1	4	18	10	2.246e-06	{GV}
sp|P38630|RFC1_YEAST	SINGLE	1	830	860	13	1.255e-08	{K}
sp|P38630|RFC1_YEAST	SINGLE	2	79	102	10	2.612e-06	{S}
sp|P38630|RFC1_YEAST	SINGLE	3	803	832	10	2.702e-06	{D}
sp|P38630|RFC1_YEAST	SINGLE	4	791	796	5	7.177e-06	{G}
sp|P38630|RFC1_YEAST	MULTIPLE	1	68	102	19	1.043e-08	{SK}
sp|P38630|RFC1_YEAST	WHOLE	1	1	861	90	5.209e-07	{K}
sp|P38631|FKS1_YEAST	SINGLE	1	5	39	11	1.447e-07	{Q}
sp|P38631|FKS1_YEAST	SINGLE	2	245	259	8	8.760e-07	{K}
sp|P38631|FKS1_YEAST	SINGLE	3	1620	1635	5	3.835e-06	{C}
sp|P38631|FKS1_YEAST	MULTIPLE	1	5	44	18	3.983e-10	{QY}
sp|P38631|FKS1_YEAST	MULTIPLE	2	532	550	10	1.170e-06	{IF}
sp|P38631|FKS1_YEAST	WHOLE	1	1	1876	115	1.001e-06	{F}
sp|P38631|FKS1_YEAST	WHOLE	2	1	1876	134	6.227e-06	{I}
sp|P38634|SIC1_YEAST	SINGLE	1	129	135	6	4.936e-07	{E}
sp|P38637|STS1_YEAST	SINGLE	1	43	49	6	4.936e-07	{E}
sp|P38637|STS1_YEAST	SINGLE	2	303	308	5	8.539e-07	{N}
sp|P38688|SRP72_YEAST	SINGLE	1	596	640	16	4.603e-09	{K}
sp|P38688|SRP72_YEAST	SINGLE	2	539	568	11	8.164e-07	{K}
sp|P38688|SRP72_YEAST	SINGLE	3	270	301	9	5.226e-06	{N}
sp|P38688|SRP72_YEAST	MULTIPLE	1	596	640	21	7.465e-10	{KQ}
sp|P38688|SRP72_YEAST	MULTIPLE	2	507	527	11	1.971e-06	{DI}
sp|P38688|SRP72_YEAST	WHOLE	1	1	640	76	2.984e-08	{K}
sp|P38691|KSP1_YEAST	SINGLE	1	540	585	24	5.054e-21	{N}
sp|P38691|KSP1_YEAST	SINGLE	2	734	776	15	1.452e-10	{N}
sp|P38691|KSP1_YEAST	SINGLE	3	54	84	14	2.705e-10	{D}
sp|P38691|KSP1_YEAST	SINGLE	4	373	389	8	3.576e-07	{P}
sp|P38691|KSP1_YEAST	SINGLE	5	455	495	13	5.664e-07	{K}
sp|P38691|KSP1_YEAST	SINGLE	6	184	222	11	1.702e-06	{I}
sp|P38691|KSP1_YEAST	SINGLE	7	860	909	14	6.506e-06	{S}
sp|P38691|KSP1_YEAST	SINGLE	8	605	617	6	8.081e-06	{N}
sp|P38691|KSP1_YEAST	MULTIPLE	1	701	776	28	1.099e-14	{NH}
sp|P38691|KSP1_YEAST	MULTIPLE	2	373	393	14	5.351e-09	{PS}
sp|P38691|KSP1_YEAST	MULTIPLE	3	591	617	15	3.343e-08	{NS}
sp|P38691|KSP1_YEAST	MULTIPLE	4	88	100	9	1.566e-06	{NS}
sp|P38691|KSP1_YEAST	WHOLE	1	1	1029	112	7.782e-19	{N}
sp|P38692|KIC1_YEAST	SINGLE	1	678	686	7	9.107e-09	{N}
sp|P38692|KIC1_YEAST	SINGLE	2	927	962	12	1.786e-08	{N}
sp|P38692|KIC1_YEAST	SINGLE	3	529	538	6	1.129e-06	{N}
sp|P38692|KIC1_YEAST	SINGLE	4	790	825	10	1.788e-06	{N}
sp|P38692|KIC1_YEAST	SINGLE	5	627	631	5	1.948e-06	{S}
sp|P38692|KIC1_YEAST	SINGLE	6	782	807	10	6.090e-06	{S}
sp|P38692|KIC1_YEAST	SINGLE	7	839	879	10	6.328e-06	{N}
sp|P38692|KIC1_YEAST	MULTIPLE	1	669	703	22	6.762e-13	{NS}
sp|P38692|KIC1_YEAST	MULTIPLE	2	901	977	42	2.957e-13	{NST}
sp|P38692|KIC1_YEAST	MULTIPLE	3	781	825	22	5.545e-10	{NS}
sp|P38692|KIC1_YEAST	WHOLE	1	1	1080	109	4.163e-16	{N}
sp|P38692|KIC1_YEAST	WHOLE	2	1	1080	136	1.341e-10	{S}
sp|P38695|HXT5_YEAST	SINGLE	1	498	533	11	7.238e-08	{F}
sp|P38695|HXT5_YEAST	SINGLE	2	173	197	10	1.299e-07	{I}
sp|P38695|HXT5_YEAST	MULTIPLE	1	498	533	16	2.165e-09	{FY}
sp|P38695|HXT5_YEAST	MULTIPLE	2	449	461	7	1.883e-06	{FC}
sp|P38700|APM2_YEAST	SINGLE	1	175	200	15	2.806e-12	{K}
sp|P38700|APM2_YEAST	SINGLE	2	158	171	9	7.251e-08	{S}
sp|P38700|APM2_YEAST	SINGLE	3	205	247	10	9.909e-06	{N}
sp|P38701|RS20_YEAST	SINGLE	1	12	18	6	4.414e-08	{Q}
sp|P38701|RS20_YEAST	MULTIPLE	1	5	18	11	6.204e-09	{QE}
sp|P38703|LAG1_YEAST	SINGLE	1	135	149	7	6.535e-07	{F}
sp|P38703|LAG1_YEAST	SINGLE	2	302	313	6	2.599e-06	{F}
sp|P38703|LAG1_YEAST	WHOLE	1	1	411	36	4.626e-06	{F}
sp|P38704|STP2_YEAST	SINGLE	1	418	462	14	1.683e-06	{S}
sp|P38711|RS27B_YEAST	MULTIPLE	1	37	67	12	1.530e-06	{CT}
sp|P38712|RRP3_YEAST	SINGLE	1	55	64	6	9.064e-06	{K}
sp|P38712|RRP3_YEAST	MULTIPLE	1	470	501	14	8.203e-09	{RM}
sp|P38713|OSH3_YEAST	SINGLE	1	76	113	15	2.047e-08	{S}
sp|P38713|OSH3_YEAST	SINGLE	2	424	452	13	2.916e-08	{S}
sp|P38713|OSH3_YEAST	SINGLE	3	581	600	6	3.056e-06	{H}
sp|P38713|OSH3_YEAST	MULTIPLE	1	70	113	21	5.557e-11	{SH}
sp|P38713|OSH3_YEAST	MULTIPLE	2	581	600	11	1.653e-08	{HR}
sp|P38713|OSH3_YEAST	MULTIPLE	3	230	249	14	3.846e-08	{FKR}
sp|P38713|OSH3_YEAST	WHOLE	1	1	996	116	1.447e-07	{S}
sp|P38717|SIP3_YEAST	SINGLE	1	704	731	10	5.270e-06	{E}
sp|P38717|SIP3_YEAST	MULTIPLE	1	73	84	9	2.670e-06	{LP}
sp|P38717|SIP3_YEAST	WHOLE	1	1	1229	122	1.166e-07	{K}
sp|P38741|RIM4_YEAST	SINGLE	1	278	299	14	1.716e-14	{N}
sp|P38741|RIM4_YEAST	SINGLE	2	575	594	13	1.008e-13	{N}
sp|P38741|RIM4_YEAST	SINGLE	3	465	526	13	7.086e-10	{M}
sp|P38741|RIM4_YEAST	SINGLE	4	614	673	17	1.184e-09	{P}
sp|P38741|RIM4_YEAST	SINGLE	5	482	496	8	1.042e-07	{P}
sp|P38741|RIM4_YEAST	SINGLE	6	598	630	10	2.218e-07	{Y}
sp|P38741|RIM4_YEAST	SINGLE	7	45	69	10	3.912e-07	{D}
sp|P38741|RIM4_YEAST	SINGLE	8	395	399	5	2.962e-06	{A}
sp|P38741|RIM4_YEAST	SINGLE	9	525	544	9	3.882e-06	{S}
sp|P38741|RIM4_YEAST	SINGLE	10	77	85	6	3.938e-06	{T}
sp|P38741|RIM4_YEAST	MULTIPLE	1	480	520	21	2.308e-14	{MP}
sp|P38741|RIM4_YEAST	MULTIPLE	2	608	662	35	1.845e-18	{PYHM}
sp|P38741|RIM4_YEAST	MULTIPLE	3	391	403	10	6.610e-07	{AE}
sp|P38741|RIM4_YEAST	MULTIPLE	4	77	93	11	1.316e-06	{TS}
sp|P38741|RIM4_YEAST	WHOLE	1	1	713	75	1.636e-12	{N}
sp|P38742|NPR3_YEAST	SINGLE	1	149	218	35	8.707e-22	{S}
sp|P38742|NPR3_YEAST	SINGLE	2	337	347	7	7.070e-10	{H}
sp|P38742|NPR3_YEAST	SINGLE	3	1024	1063	12	9.827e-07	{D}
sp|P38742|NPR3_YEAST	SINGLE	4	727	743	8	1.327e-06	{D}
sp|P38742|NPR3_YEAST	SINGLE	5	693	735	11	1.339e-06	{N}
sp|P38742|NPR3_YEAST	SINGLE	6	453	477	10	4.038e-06	{S}
sp|P38742|NPR3_YEAST	SINGLE	7	256	290	11	4.532e-06	{K}
sp|P38742|NPR3_YEAST	SINGLE	8	304	315	7	5.518e-06	{S}
sp|P38742|NPR3_YEAST	MULTIPLE	1	1023	1046	15	4.217e-10	{DN}
sp|P38742|NPR3_YEAST	MULTIPLE	2	693	746	23	3.207e-10	{DN}
sp|P38742|NPR3_YEAST	MULTIPLE	3	444	477	19	5.507e-09	{SK}
sp|P38742|NPR3_YEAST	MULTIPLE	4	39	61	10	6.340e-07	{NH}
sp|P38742|NPR3_YEAST	MULTIPLE	5	88	114	14	9.502e-08	{NT}
sp|P38742|NPR3_YEAST	MULTIPLE	6	364	414	18	1.529e-06	{EF}
sp|P38742|NPR3_YEAST	MULTIPLE	7	989	1006	10	8.013e-06	{KD}
sp|P38742|NPR3_YEAST	WHOLE	1	1	1146	148	3.738e-12	{S}
sp|P38742|NPR3_YEAST	WHOLE	2	1	1146	95	1.077e-09	{N}
sp|P38753|HSE1_YEAST	SINGLE	1	197	207	9	2.693e-11	{Q}
sp|P38753|HSE1_YEAST	SINGLE	2	380	424	11	4.600e-06	{P}
sp|P38757|NEM1_YEAST	SINGLE	1	201	222	10	1.000e-06	{S}
sp|P38757|NEM1_YEAST	MULTIPLE	1	137	169	16	1.402e-07	{NS}
sp|P38757|NEM1_YEAST	WHOLE	1	1	446	60	1.463e-06	{S}
sp|P38758|TDA3_YEAST	SINGLE	1	156	206	19	8.833e-10	{S}
sp|P38764|RPN1_YEAST	SINGLE	1	632	705	26	3.591e-13	{E}
sp|P38764|RPN1_YEAST	SINGLE	2	27	32	5	5.074e-06	{K}
sp|P38764|RPN1_YEAST	SINGLE	3	33	41	6	5.178e-06	{E}
sp|P38764|RPN1_YEAST	SINGLE	4	724	729	5	6.509e-06	{E}
sp|P38764|RPN1_YEAST	MULTIPLE	1	706	723	10	8.013e-06	{DK}
sp|P38766|RRM3_YEAST	SINGLE	1	116	137	9	9.901e-06	{S}
sp|P38768|PIH1_YEAST	SINGLE	1	206	216	7	4.312e-07	{D}
sp|P38768|PIH1_YEAST	SINGLE	2	98	143	8	6.072e-07	{C}
sp|P38770|BRL1_YEAST	SINGLE	1	71	135	22	5.169e-11	{E}
sp|P38770|BRL1_YEAST	MULTIPLE	1	442	462	11	6.624e-06	{SP}
sp|P38779|CIC1_YEAST	SINGLE	1	3	27	10	1.020e-06	{K}
sp|P38779|CIC1_YEAST	MULTIPLE	1	54	73	12	1.284e-07	{NE}
sp|P38779|CIC1_YEAST	MULTIPLE	2	357	369	11	1.868e-08	{SE}
sp|P38779|CIC1_YEAST	WHOLE	1	1	376	53	1.435e-08	{K}
sp|P38781|RSC30_YEAST	SINGLE	1	122	128	6	4.294e-08	{N}
sp|P38781|RSC30_YEAST	SINGLE	2	409	427	10	1.684e-06	{L}
sp|P38781|RSC30_YEAST	SINGLE	3	15	43	6	5.499e-06	{C}
sp|P38781|RSC30_YEAST	MULTIPLE	1	662	688	18	4.849e-09	{IFS}
sp|P38781|RSC30_YEAST	MULTIPLE	2	229	262	15	4.632e-07	{NK}
sp|P38781|RSC30_YEAST	MULTIPLE	3	632	652	12	5.336e-07	{NS}
sp|P38781|RSC30_YEAST	MULTIPLE	4	700	721	11	6.566e-07	{FI}
sp|P38781|RSC30_YEAST	WHOLE	1	1	883	92	1.077e-14	{N}
sp|P38781|RSC30_YEAST	WHOLE	2	1	883	62	4.851e-06	{F}
sp|P38782|MED6_YEAST	MULTIPLE	1	244	277	18	2.174e-08	{TG}
sp|P38782|MED6_YEAST	MULTIPLE	2	217	226	8	7.323e-07	{GN}
sp|P38785|GIC1_YEAST	SINGLE	1	68	100	10	7.433e-07	{N}
sp|P38785|GIC1_YEAST	SINGLE	2	244	260	8	9.053e-06	{S}
sp|P38785|GIC1_YEAST	SINGLE	3	173	194	9	9.901e-06	{S}
sp|P38785|GIC1_YEAST	MULTIPLE	1	68	108	19	5.302e-09	{NK}
sp|P38786|RPP1_YEAST	MULTIPLE	1	170	187	11	9.662e-07	{RS}
sp|P38786|RPP1_YEAST	MULTIPLE	2	257	275	11	2.105e-06	{DV}
sp|P38788|SSZ1_YEAST	SINGLE	1	458	489	12	3.349e-07	{E}
sp|P38793|TRM5_YEAST	MULTIPLE	1	372	382	8	5.352e-07	{QP}
sp|P38797|PP2C7_YEAST	SINGLE	1	20	56	13	8.412e-07	{S}
sp|P38797|PP2C7_YEAST	SINGLE	2	337	342	5	6.460e-06	{V}
sp|P38798|NMD2_YEAST	SINGLE	1	888	948	37	5.567e-31	{D}
sp|P38798|NMD2_YEAST	SINGLE	2	844	864	10	5.307e-08	{D}
sp|P38798|NMD2_YEAST	SINGLE	3	956	975	10	1.270e-07	{E}
sp|P38798|NMD2_YEAST	SINGLE	4	910	931	9	4.301e-06	{E}
sp|P38798|NMD2_YEAST	SINGLE	5	26	50	9	9.680e-06	{K}
sp|P38798|NMD2_YEAST	MULTIPLE	1	884	950	54	1.179e-37	{DE}
sp|P38798|NMD2_YEAST	MULTIPLE	2	469	494	12	6.019e-07	{IF}
sp|P38798|NMD2_YEAST	WHOLE	1	1	1089	102	1.392e-07	{D}
sp|P38798|NMD2_YEAST	WHOLE	2	1	1089	108	5.452e-07	{K}
sp|P38798|NMD2_YEAST	WHOLE	3	1	1089	107	7.075e-06	{E}
sp|P38800|LAM4_YEAST	SINGLE	1	679	701	15	4.654e-14	{D}
sp|P38800|LAM4_YEAST	SINGLE	2	496	516	10	5.878e-07	{S}
sp|P38800|LAM4_YEAST	SINGLE	3	246	299	16	6.550e-07	{S}
sp|P38800|LAM4_YEAST	SINGLE	4	721	757	10	4.724e-06	{P}
sp|P38800|LAM4_YEAST	MULTIPLE	1	246	294	18	1.751e-07	{SH}
sp|P38800|LAM4_YEAST	MULTIPLE	2	1139	1164	12	3.315e-07	{KH}
sp|P38800|LAM4_YEAST	MULTIPLE	3	665	678	12	3.892e-10	{SN}
sp|P38800|LAM4_YEAST	MULTIPLE	4	207	231	14	8.408e-08	{NS}
sp|P38800|LAM4_YEAST	MULTIPLE	5	124	134	8	3.545e-06	{SN}
sp|P38800|LAM4_YEAST	WHOLE	1	1	1345	167	4.411e-12	{S}
sp|P38800|LAM4_YEAST	WHOLE	2	1	1345	96	7.348e-07	{N}
sp|P38801|LRP1_YEAST	SINGLE	1	164	184	10	1.421e-07	{K}
sp|P38801|LRP1_YEAST	WHOLE	1	1	184	31	2.587e-07	{K}
sp|P38803|IPI1_YEAST	SINGLE	1	3	27	11	9.163e-08	{K}
sp|P38805|RPF1_YEAST	MULTIPLE	1	29	54	14	1.254e-07	{RE}
sp|P38805|RPF1_YEAST	MULTIPLE	2	275	292	12	1.421e-07	{KE}
sp|P38806|YNG2_YEAST	SINGLE	1	133	155	10	1.642e-06	{S}
sp|P38810|SFB3_YEAST	SINGLE	1	58	69	6	4.669e-06	{Q}
sp|P38811|TRA1_YEAST	SINGLE	1	1473	1510	14	2.968e-06	{L}
sp|P38811|TRA1_YEAST	SINGLE	2	3558	3563	4	3.242e-06	{M}
sp|P38811|TRA1_YEAST	SINGLE	3	141	147	5	5.528e-06	{I}
sp|P38811|TRA1_YEAST	SINGLE	4	3531	3557	8	5.684e-06	{F}
sp|P38811|TRA1_YEAST	SINGLE	5	1104	1137	9	8.950e-06	{N}
sp|P38811|TRA1_YEAST	MULTIPLE	1	1102	1140	19	1.149e-07	{NL}
sp|P38811|TRA1_YEAST	WHOLE	1	1	3744	490	1.341e-15	{L}
sp|P38811|TRA1_YEAST	WHOLE	2	1	3744	289	7.162e-14	{I}
sp|P38811|TRA1_YEAST	WHOLE	3	1	3744	243	2.142e-10	{N}
sp|P38811|TRA1_YEAST	WHOLE	4	1	3744	212	3.853e-08	{F}
sp|P38817|GGA2_YEAST	SINGLE	1	463	468	5	5.156e-06	{T}
sp|P38817|GGA2_YEAST	WHOLE	1	1	585	49	5.620e-06	{N}
sp|P38820|UBA4_YEAST	SINGLE	1	214	219	5	1.270e-06	{P}
sp|P38822|BZZ1_YEAST	MULTIPLE	1	466	491	13	4.688e-07	{TN}
sp|P38822|BZZ1_YEAST	MULTIPLE	2	592	625	20	4.700e-08	{IDG}
sp|P38822|BZZ1_YEAST	WHOLE	1	1	633	55	5.800e-07	{N}
sp|P38823|DMA1_YEAST	SINGLE	1	49	55	6	4.294e-08	{N}
sp|P38823|DMA1_YEAST	SINGLE	2	377	399	10	6.429e-07	{E}
sp|P38823|DMA1_YEAST	SINGLE	3	86	92	6	1.498e-06	{A}
sp|P38823|DMA1_YEAST	MULTIPLE	1	373	409	22	3.280e-09	{EDN}
sp|P38825|TOM71_YEAST	SINGLE	1	35	44	8	5.089e-10	{Q}
sp|P38825|TOM71_YEAST	SINGLE	2	80	95	9	9.624e-08	{K}
sp|P38826|ORC6_YEAST	SINGLE	1	183	192	7	4.808e-07	{E}
sp|P38827|SET1_YEAST	SINGLE	1	686	691	6	7.542e-08	{E}
sp|P38827|SET1_YEAST	SINGLE	2	509	515	6	9.125e-07	{S}
sp|P38827|SET1_YEAST	SINGLE	3	83	126	14	1.249e-06	{S}
sp|P38827|SET1_YEAST	SINGLE	4	356	393	12	1.600e-06	{K}
sp|P38827|SET1_YEAST	SINGLE	5	17	47	9	4.073e-06	{Q}
sp|P38827|SET1_YEAST	MULTIPLE	1	356	393	19	2.448e-08	{KE}
sp|P38836|ECM14_YEAST	SINGLE	1	291	322	9	1.783e-06	{Y}
sp|P38843|CHS7_YEAST	MULTIPLE	1	205	230	16	2.844e-06	{VFL}
sp|P38844|DSE2_YEAST	SINGLE	1	85	281	85	3.464e-44	{S}
sp|P38844|DSE2_YEAST	SINGLE	2	311	324	7	7.722e-06	{T}
sp|P38844|DSE2_YEAST	SINGLE	3	3	16	6	7.799e-06	{F}
sp|P38844|DSE2_YEAST	MULTIPLE	1	56	281	127	9.949e-52	{ST}
sp|P38844|DSE2_YEAST	MULTIPLE	2	286	299	9	6.572e-07	{DY}
sp|P38844|DSE2_YEAST	WHOLE	1	1	325	97	3.396e-34	{S}
sp|P38844|DSE2_YEAST	WHOLE	2	1	325	54	3.220e-11	{T}
sp|P38850|RT107_YEAST	SINGLE	1	598	649	15	5.823e-07	{E}
sp|P38850|RT107_YEAST	MULTIPLE	1	598	649	24	2.857e-09	{EK}
sp|P38850|RT107_YEAST	MULTIPLE	2	659	692	16	8.575e-07	{EK}
sp|P38850|RT107_YEAST	WHOLE	1	1	1070	114	8.358e-09	{K}
sp|P38851|LAM1_YEAST	SINGLE	1	450	465	8	5.165e-06	{S}
sp|P38851|LAM1_YEAST	SINGLE	2	706	723	8	7.119e-06	{E}
sp|P38851|LAM1_YEAST	MULTIPLE	1	208	246	15	7.378e-06	{TI}
sp|P38853|KEL1_YEAST	SINGLE	1	930	960	12	6.719e-07	{S}
sp|P38853|KEL1_YEAST	SINGLE	2	1081	1118	10	3.046e-06	{N}
sp|P38853|KEL1_YEAST	SINGLE	3	879	914	11	9.797e-06	{E}
sp|P38853|KEL1_YEAST	MULTIPLE	1	878	928	21	1.899e-08	{EN}
sp|P38853|KEL1_YEAST	WHOLE	1	1	1164	86	6.686e-07	{N}
sp|P38856|AP18A_YEAST	SINGLE	1	560	579	19	2.372e-25	{Q}
sp|P38856|AP18A_YEAST	SINGLE	2	497	518	11	4.349e-10	{Q}
sp|P38856|AP18A_YEAST	SINGLE	3	600	621	10	8.808e-09	{Q}
sp|P38856|AP18A_YEAST	SINGLE	4	456	493	10	3.046e-06	{N}
sp|P38856|AP18A_YEAST	MULTIPLE	1	600	622	16	2.348e-12	{QP}
sp|P38856|AP18A_YEAST	WHOLE	1	1	637	73	6.474e-14	{Q}
sp|P38856|AP18A_YEAST	WHOLE	2	1	637	53	2.968e-06	{N}
sp|P38859|DNA2_YEAST	WHOLE	1	1	1522	117	9.445e-07	{I}
sp|P38859|DNA2_YEAST	WHOLE	2	1	1522	105	1.081e-06	{N}
sp|P38861|NMD3_YEAST	SINGLE	1	399	422	9	6.603e-06	{K}
sp|P38861|NMD3_YEAST	MULTIPLE	1	476	502	16	6.351e-09	{ED}
sp|P38863|SPC97_YEAST	SINGLE	1	564	585	8	5.499e-06	{I}
sp|P38863|SPC97_YEAST	SINGLE	2	452	476	8	6.089e-06	{N}
sp|P38869|SVP26_YEAST	SINGLE	1	53	61	7	1.656e-06	{L}
sp|P38869|SVP26_YEAST	MULTIPLE	1	48	61	12	4.250e-09	{LI}
sp|P38870|RGD3_YEAST	SINGLE	1	700	732	12	2.986e-07	{T}
sp|P38870|RGD3_YEAST	SINGLE	2	723	767	12	6.385e-07	{P}
sp|P38870|RGD3_YEAST	MULTIPLE	1	700	767	29	1.738e-11	{TP}
sp|P38873|KOG1_YEAST	SINGLE	1	822	877	25	1.155e-19	{Q}
sp|P38873|KOG1_YEAST	SINGLE	2	513	525	12	5.402e-16	{Q}
sp|P38873|KOG1_YEAST	SINGLE	3	1080	1109	11	3.608e-06	{S}
sp|P38873|KOG1_YEAST	WHOLE	1	1	1557	112	9.389e-08	{Q}
sp|P38875|GPI16_YEAST	SINGLE	1	591	608	9	3.600e-07	{K}
sp|P38879|NACA_YEAST	MULTIPLE	1	79	87	9	5.856e-09	{QA}
sp|P38879|NACA_YEAST	MULTIPLE	2	122	141	12	4.265e-07	{ED}
sp|P38881|NVJ1_YEAST	SINGLE	1	235	303	22	1.309e-09	{S}
sp|P38882|UTP9_YEAST	SINGLE	1	354	372	9	9.770e-07	{E}
sp|P38882|UTP9_YEAST	MULTIPLE	1	351	381	18	2.541e-09	{EK}
sp|P38882|UTP9_YEAST	MULTIPLE	2	120	147	12	9.171e-06	{DI}
sp|P38883|RIX1_YEAST	SINGLE	1	729	763	19	3.862e-14	{E}
sp|P38883|RIX1_YEAST	WHOLE	1	1	763	66	4.768e-06	{I}
sp|P38886|RPN10_YEAST	SINGLE	1	240	266	14	9.188e-13	{Q}
sp|P38886|RPN10_YEAST	SINGLE	2	195	207	7	6.403e-06	{G}
sp|P38889|SKN7_YEAST	SINGLE	1	555	576	13	6.282e-13	{Q}
sp|P38889|SKN7_YEAST	SINGLE	2	289	369	22	2.511e-12	{N}
sp|P38889|SKN7_YEAST	SINGLE	3	44	77	10	1.008e-06	{N}
sp|P38889|SKN7_YEAST	SINGLE	4	7	24	7	5.415e-06	{N}
sp|P38889|SKN7_YEAST	SINGLE	5	515	527	6	8.081e-06	{N}
sp|P38889|SKN7_YEAST	MULTIPLE	1	555	578	18	3.964e-17	{QH}
sp|P38889|SKN7_YEAST	MULTIPLE	2	284	372	37	2.913e-14	{NT}
sp|P38889|SKN7_YEAST	WHOLE	1	1	622	74	5.202e-15	{N}
sp|P38894|FLO5_YEAST	SINGLE	1	272	632	140	1.311e-72	{T}
sp|P38894|FLO5_YEAST	SINGLE	2	635	753	62	9.549e-39	{S}
sp|P38894|FLO5_YEAST	SINGLE	3	758	979	68	5.839e-29	{T}
sp|P38894|FLO5_YEAST	SINGLE	4	1002	1064	21	1.238e-09	{S}
sp|P38894|FLO5_YEAST	SINGLE	5	209	216	5	3.800e-06	{Y}
sp|P38894|FLO5_YEAST	MULTIPLE	1	758	983	102	3.441e-31	{TS}
sp|P38894|FLO5_YEAST	WHOLE	1	1	1075	257	1.392e-78	{T}
sp|P38894|FLO5_YEAST	WHOLE	2	1	1075	175	6.588e-24	{S}
sp|P38903|2A5D_YEAST	SINGLE	1	16	147	56	3.137e-29	{S}
sp|P38903|2A5D_YEAST	SINGLE	2	202	216	9	1.972e-09	{N}
sp|P38903|2A5D_YEAST	SINGLE	3	126	141	8	1.116e-07	{Q}
sp|P38903|2A5D_YEAST	SINGLE	4	714	750	11	2.593e-07	{N}
sp|P38903|2A5D_YEAST	SINGLE	5	23	33	7	8.803e-07	{K}
sp|P38903|2A5D_YEAST	MULTIPLE	1	11	147	95	2.016e-36	{SKT}
sp|P38903|2A5D_YEAST	WHOLE	1	1	757	102	6.452e-10	{S}
sp|P38911|FKBP3_YEAST	SINGLE	1	209	266	30	1.080e-20	{E}
sp|P38911|FKBP3_YEAST	SINGLE	2	242	302	26	4.806e-16	{K}
sp|P38911|FKBP3_YEAST	SINGLE	3	176	208	15	5.557e-11	{D}
sp|P38911|FKBP3_YEAST	SINGLE	4	73	119	18	2.792e-10	{E}
sp|P38911|FKBP3_YEAST	SINGLE	5	88	99	8	8.160e-08	{K}
sp|P38911|FKBP3_YEAST	SINGLE	6	106	115	7	1.660e-07	{D}
sp|P38911|FKBP3_YEAST	SINGLE	7	60	77	8	2.255e-06	{D}
sp|P38911|FKBP3_YEAST	MULTIPLE	1	209	302	60	6.771e-31	{EK}
sp|P38911|FKBP3_YEAST	MULTIPLE	2	173	213	27	9.162e-16	{DE}
sp|P38911|FKBP3_YEAST	MULTIPLE	3	60	116	41	1.162e-18	{EKD}
sp|P38911|FKBP3_YEAST	WHOLE	1	1	411	73	4.797e-15	{E}
sp|P38911|FKBP3_YEAST	WHOLE	2	1	411	45	7.846e-06	{D}
sp|P38912|IF1A_YEAST	SINGLE	1	126	152	9	8.500e-06	{D}
sp|P38912|IF1A_YEAST	SINGLE	2	124	147	9	9.882e-06	{E}
sp|P38912|IF1A_YEAST	MULTIPLE	1	124	152	18	2.451e-10	{DE}
sp|P38915|SPT8_YEAST	SINGLE	1	2	81	33	8.383e-21	{D}
sp|P38915|SPT8_YEAST	SINGLE	2	380	397	8	2.255e-06	{D}
sp|P38915|SPT8_YEAST	MULTIPLE	1	2	76	49	3.469e-27	{DE}
sp|P38915|SPT8_YEAST	MULTIPLE	2	97	111	12	2.399e-08	{AG}
sp|P38915|SPT8_YEAST	WHOLE	1	1	602	68	2.013e-08	{D}
sp|P38922|HRB1_YEAST	SINGLE	1	13	127	38	6.263e-22	{R}
sp|P38922|HRB1_YEAST	WHOLE	1	1	454	60	1.415e-12	{R}
sp|P38922|HRB1_YEAST	WHOLE	2	1	454	50	2.337e-06	{D}
sp|P38925|SMF1_YEAST	WHOLE	1	1	575	55	1.605e-06	{I}
sp|P38928|AXL2_YEAST	SINGLE	1	441	486	17	7.681e-09	{S}
sp|P38928|AXL2_YEAST	SINGLE	2	481	512	12	2.379e-06	{A}
sp|P38928|AXL2_YEAST	SINGLE	3	551	567	7	3.459e-06	{N}
sp|P38928|AXL2_YEAST	SINGLE	4	72	93	9	9.901e-06	{S}
sp|P38928|AXL2_YEAST	MULTIPLE	1	444	500	45	1.253e-18	{SATH}
sp|P38928|AXL2_YEAST	MULTIPLE	2	760	769	8	3.528e-06	{ST}
sp|P38928|AXL2_YEAST	WHOLE	1	1	823	114	1.406e-11	{S}
sp|P38928|AXL2_YEAST	WHOLE	2	1	823	67	4.199e-07	{N}
sp|P38929|ATC2_YEAST	SINGLE	1	7	31	8	6.089e-06	{N}
sp|P38930|CSK2C_YEAST	SINGLE	1	21	30	6	4.935e-06	{D}
sp|P38931|SSN2_YEAST	SINGLE	1	1121	1136	15	5.398e-20	{Q}
sp|P38931|SSN2_YEAST	SINGLE	2	657	664	7	3.667e-08	{E}
sp|P38931|SSN2_YEAST	SINGLE	3	526	536	7	7.644e-08	{N}
sp|P38931|SSN2_YEAST	SINGLE	4	398	411	7	6.965e-07	{N}
sp|P38931|SSN2_YEAST	MULTIPLE	1	496	510	10	6.704e-07	{SN}
sp|P38931|SSN2_YEAST	WHOLE	1	1	1420	116	4.879e-11	{N}
sp|P38934|BFR1_YEAST	SINGLE	1	349	356	6	1.373e-06	{K}
sp|P38934|BFR1_YEAST	SINGLE	2	452	469	8	7.119e-06	{E}
sp|P38934|BFR1_YEAST	MULTIPLE	1	445	469	16	2.693e-09	{EK}
sp|P38934|BFR1_YEAST	MULTIPLE	2	39	72	14	3.031e-06	{QK}
sp|P38934|BFR1_YEAST	WHOLE	1	1	470	76	1.639e-14	{K}
sp|P38953|RAD55_YEAST	SINGLE	1	371	378	6	3.387e-06	{S}
sp|P38954|IPT1_YEAST	SINGLE	1	378	389	8	2.680e-07	{S}
sp|P38954|IPT1_YEAST	SINGLE	2	115	119	4	9.720e-06	{Y}
sp|P38954|IPT1_YEAST	MULTIPLE	1	107	120	9	3.626e-07	{YI}
sp|P38954|IPT1_YEAST	MULTIPLE	2	2	45	14	5.638e-06	{NF}
sp|P38954|IPT1_YEAST	MULTIPLE	3	427	451	10	1.437e-06	{IW}
sp|P38954|IPT1_YEAST	WHOLE	1	1	527	56	1.784e-11	{F}
sp|P38956|SNF11_YEAST	SINGLE	1	84	102	12	1.521e-12	{N}
sp|P38956|SNF11_YEAST	SINGLE	2	9	54	15	4.297e-10	{N}
sp|P38956|SNF11_YEAST	SINGLE	3	31	51	11	1.072e-07	{A}
sp|P38956|SNF11_YEAST	MULTIPLE	1	6	54	28	6.004e-14	{NA}
sp|P38956|SNF11_YEAST	MULTIPLE	2	122	152	14	1.221e-07	{QP}
sp|P38956|SNF11_YEAST	MULTIPLE	3	103	129	12	1.609e-06	{QI}
sp|P38956|SNF11_YEAST	WHOLE	1	1	169	31	8.005e-12	{N}
sp|P38959|VPS41_YEAST	SINGLE	1	79	96	15	1.031e-16	{D}
sp|P38959|VPS41_YEAST	SINGLE	2	239	244	6	5.571e-08	{K}
sp|P38959|VPS41_YEAST	SINGLE	3	705	750	12	1.438e-06	{I}
sp|P38959|VPS41_YEAST	SINGLE	4	333	372	13	2.270e-06	{S}
sp|P38959|VPS41_YEAST	SINGLE	5	644	667	9	9.882e-06	{E}
sp|P38959|VPS41_YEAST	MULTIPLE	1	338	372	18	7.233e-09	{SN}
sp|P38959|VPS41_YEAST	WHOLE	1	1	992	95	5.774e-10	{I}
sp|P38959|VPS41_YEAST	WHOLE	2	1	992	95	1.358e-07	{D}
sp|P38961|RRP8_YEAST	SINGLE	1	12	46	12	5.971e-07	{K}
sp|P38961|RRP8_YEAST	SINGLE	2	345	371	10	3.623e-06	{E}
sp|P38961|RRP8_YEAST	SINGLE	3	322	340	7	4.362e-06	{F}
sp|P38961|RRP8_YEAST	SINGLE	4	222	245	9	6.603e-06	{K}
sp|P38961|RRP8_YEAST	MULTIPLE	1	20	55	22	3.246e-09	{KEN}
sp|P38961|RRP8_YEAST	MULTIPLE	2	348	381	23	1.294e-10	{ERK}
sp|P38961|RRP8_YEAST	MULTIPLE	3	218	247	14	4.825e-07	{KN}
sp|P38961|RRP8_YEAST	WHOLE	1	1	392	57	1.431e-09	{K}
sp|P38967|TAT2_YEAST	SINGLE	1	93	135	14	3.399e-07	{G}
sp|P38967|TAT2_YEAST	SINGLE	2	35	44	7	9.710e-07	{S}
sp|P38967|TAT2_YEAST	MULTIPLE	1	88	137	25	2.198e-11	{GI}
sp|P38967|TAT2_YEAST	MULTIPLE	2	35	52	11	7.985e-08	{SH}
sp|P38967|TAT2_YEAST	MULTIPLE	3	552	571	10	9.841e-06	{DI}
sp|P38967|TAT2_YEAST	WHOLE	1	1	592	61	4.162e-08	{I}
sp|P38968|SEC31_YEAST	SINGLE	1	1039	1149	30	2.860e-15	{P}
sp|P38968|SEC31_YEAST	SINGLE	2	943	983	13	2.320e-08	{P}
sp|P38968|SEC31_YEAST	SINGLE	3	773	832	15	6.776e-08	{P}
sp|P38968|SEC31_YEAST	SINGLE	4	970	1014	13	9.474e-06	{S}
sp|P38968|SEC31_YEAST	MULTIPLE	1	940	1014	34	4.923e-13	{PS}
sp|P38968|SEC31_YEAST	MULTIPLE	2	71	110	16	3.205e-06	{NS}
sp|P38968|SEC31_YEAST	WHOLE	1	1	1273	111	2.529e-10	{P}
sp|P38968|SEC31_YEAST	WHOLE	2	1	1273	100	6.084e-09	{N}
sp|P38968|SEC31_YEAST	WHOLE	3	1	1273	141	1.521e-07	{S}
sp|P38970|HAL5_YEAST	SINGLE	1	369	377	9	5.350e-13	{Q}
sp|P38970|HAL5_YEAST	SINGLE	2	244	263	8	8.840e-07	{N}
sp|P38970|HAL5_YEAST	SINGLE	3	173	197	8	6.089e-06	{N}
sp|P38970|HAL5_YEAST	SINGLE	4	411	435	8	6.089e-06	{N}
sp|P38970|HAL5_YEAST	SINGLE	5	323	343	8	8.833e-06	{D}
sp|P38970|HAL5_YEAST	MULTIPLE	1	244	263	14	6.803e-10	{NG}
sp|P38970|HAL5_YEAST	MULTIPLE	2	93	137	19	2.117e-06	{ES}
sp|P38970|HAL5_YEAST	WHOLE	1	1	855	69	3.861e-07	{N}
sp|P38970|HAL5_YEAST	WHOLE	2	1	855	95	9.349e-06	{S}
sp|P38989|SMC2_YEAST	SINGLE	1	795	834	12	4.840e-06	{E}
sp|P38989|SMC2_YEAST	MULTIPLE	1	779	834	23	8.496e-08	{EK}
sp|P38989|SMC2_YEAST	WHOLE	1	1	1170	130	6.835e-11	{K}
sp|P38989|SMC2_YEAST	WHOLE	2	1	1170	123	6.984e-08	{E}
sp|P38990|SAK1_YEAST	SINGLE	1	834	868	19	2.451e-13	{S}
sp|P38990|SAK1_YEAST	SINGLE	2	928	937	9	4.886e-10	{S}
sp|P38990|SAK1_YEAST	SINGLE	3	303	313	7	2.478e-06	{S}
sp|P38990|SAK1_YEAST	SINGLE	4	88	107	9	3.882e-06	{S}
sp|P38990|SAK1_YEAST	SINGLE	5	26	41	8	5.165e-06	{S}
sp|P38990|SAK1_YEAST	SINGLE	6	562	581	8	5.790e-06	{D}
sp|P38990|SAK1_YEAST	MULTIPLE	1	88	107	13	1.283e-07	{ST}
sp|P38990|SAK1_YEAST	MULTIPLE	2	555	581	15	4.105e-09	{DN}
sp|P38990|SAK1_YEAST	MULTIPLE	3	162	203	15	6.362e-07	{KH}
sp|P38990|SAK1_YEAST	MULTIPLE	4	73	86	8	6.468e-07	{QH}
sp|P38990|SAK1_YEAST	WHOLE	1	1	1142	166	6.830e-18	{S}
sp|P38992|SUR2_YEAST	SINGLE	1	277	302	8	4.163e-06	{F}
sp|P38992|SUR2_YEAST	MULTIPLE	1	316	349	18	1.808e-08	{KE}
sp|P38994|ITS3_YEAST	SINGLE	1	327	331	5	9.161e-07	{T}
sp|P38994|ITS3_YEAST	SINGLE	2	66	92	11	1.078e-06	{S}
sp|P38994|ITS3_YEAST	SINGLE	3	499	516	6	1.529e-06	{H}
sp|P38994|ITS3_YEAST	SINGLE	4	97	139	10	9.909e-06	{N}
sp|P38994|ITS3_YEAST	MULTIPLE	1	97	131	14	2.179e-06	{ND}
sp|P38994|ITS3_YEAST	MULTIPLE	2	308	326	14	8.262e-09	{NAH}
sp|P38995|ATU2_YEAST	WHOLE	1	1	1004	96	5.138e-10	{I}
sp|P38996|NAB3_YEAST	SINGLE	1	40	193	59	3.334e-30	{E}
sp|P38996|NAB3_YEAST	SINGLE	2	769	784	16	1.527e-22	{Q}
sp|P38996|NAB3_YEAST	SINGLE	3	649	728	29	1.569e-19	{Q}
sp|P38996|NAB3_YEAST	SINGLE	4	575	672	30	6.651e-17	{P}
sp|P38996|NAB3_YEAST	SINGLE	5	101	127	18	7.223e-17	{D}
sp|P38996|NAB3_YEAST	SINGLE	6	603	608	6	6.591e-09	{Q}
sp|P38996|NAB3_YEAST	SINGLE	7	740	768	10	3.983e-07	{P}
sp|P38996|NAB3_YEAST	SINGLE	8	548	556	6	4.718e-07	{N}
sp|P38996|NAB3_YEAST	MULTIPLE	1	42	184	87	2.300e-43	{ED}
sp|P38996|NAB3_YEAST	MULTIPLE	2	575	728	75	2.989e-37	{QP}
sp|P38996|NAB3_YEAST	MULTIPLE	3	147	166	11	3.187e-06	{KD}
sp|P38996|NAB3_YEAST	WHOLE	1	1	802	83	3.470e-13	{Q}
sp|P38996|NAB3_YEAST	WHOLE	2	1	802	63	2.542e-06	{N}
sp|P38996|NAB3_YEAST	WHOLE	3	1	802	66	4.285e-06	{P}
sp|P39001|UME6_YEAST	SINGLE	1	261	301	14	8.186e-10	{N}
sp|P39001|UME6_YEAST	SINGLE	2	812	836	12	7.042e-09	{K}
sp|P39001|UME6_YEAST	SINGLE	3	127	134	7	2.643e-08	{T}
sp|P39001|UME6_YEAST	SINGLE	4	436	446	7	7.644e-08	{N}
sp|P39001|UME6_YEAST	SINGLE	5	717	747	12	1.303e-07	{K}
sp|P39001|UME6_YEAST	SINGLE	6	672	699	12	1.813e-07	{S}
sp|P39001|UME6_YEAST	SINGLE	7	485	489	5	2.221e-07	{P}
sp|P39001|UME6_YEAST	SINGLE	8	771	798	6	4.432e-06	{C}
sp|P39001|UME6_YEAST	SINGLE	9	379	409	11	5.189e-06	{S}
sp|P39001|UME6_YEAST	MULTIPLE	1	259	301	25	2.311e-13	{NS}
sp|P39001|UME6_YEAST	MULTIPLE	2	717	762	30	1.208e-12	{KNS}
sp|P39001|UME6_YEAST	MULTIPLE	3	379	412	19	4.354e-10	{SN}
sp|P39001|UME6_YEAST	MULTIPLE	4	196	208	10	3.492e-07	{TS}
sp|P39001|UME6_YEAST	MULTIPLE	5	598	606	7	2.705e-06	{QD}
sp|P39001|UME6_YEAST	WHOLE	1	1	836	88	2.209e-14	{N}
sp|P39001|UME6_YEAST	WHOLE	2	1	836	123	3.894e-14	{S}
sp|P39002|LCF3_YEAST	MULTIPLE	1	91	112	9	2.094e-06	{MY}
sp|P39003|HXT6_YEAST	SINGLE	1	147	176	12	7.178e-09	{I}
sp|P39003|HXT6_YEAST	SINGLE	2	477	507	9	1.790e-06	{F}
sp|P39003|HXT6_YEAST	MULTIPLE	1	477	508	13	2.461e-07	{FY}
sp|P39003|HXT6_YEAST	MULTIPLE	2	428	440	7	1.883e-06	{FC}
sp|P39004|HXT7_YEAST	SINGLE	1	147	176	12	7.178e-09	{I}
sp|P39004|HXT7_YEAST	SINGLE	2	477	507	9	1.790e-06	{F}
sp|P39004|HXT7_YEAST	MULTIPLE	1	477	508	13	2.461e-07	{FY}
sp|P39004|HXT7_YEAST	MULTIPLE	2	428	440	7	1.883e-06	{FC}
sp|P39007|STT3_YEAST	SINGLE	1	359	378	7	6.448e-06	{F}
sp|P39007|STT3_YEAST	MULTIPLE	1	359	381	13	9.484e-07	{FL}
sp|P39007|STT3_YEAST	WHOLE	1	1	718	53	5.695e-06	{F}
sp|P39008|POP2_YEAST	SINGLE	1	112	126	15	3.526e-21	{Q}
sp|P39008|POP2_YEAST	SINGLE	2	81	91	11	1.003e-15	{Q}
sp|P39008|POP2_YEAST	SINGLE	3	358	370	10	5.802e-12	{Q}
sp|P39008|POP2_YEAST	SINGLE	4	17	36	8	9.151e-07	{Q}
sp|P39008|POP2_YEAST	WHOLE	1	1	433	63	5.328e-17	{Q}
sp|P39012|GAA1_YEAST	SINGLE	1	573	592	5	9.090e-06	{W}
sp|P39013|END3_YEAST	SINGLE	1	53	61	6	2.090e-06	{D}
sp|P39013|END3_YEAST	SINGLE	2	254	261	6	3.387e-06	{S}
sp|P39014|MET30_YEAST	MULTIPLE	1	21	28	8	3.102e-08	{NS}
sp|P39014|MET30_YEAST	MULTIPLE	2	1	9	7	2.490e-07	{RM}
sp|P39015|STM1_YEAST	SINGLE	1	217	268	17	2.869e-11	{N}
sp|P39015|STM1_YEAST	SINGLE	2	119	141	11	3.491e-07	{A}
sp|P39015|STM1_YEAST	MULTIPLE	1	217	263	24	1.868e-13	{NR}
sp|P39015|STM1_YEAST	MULTIPLE	2	119	141	17	1.828e-10	{AE}
sp|P39015|STM1_YEAST	MULTIPLE	3	38	72	13	8.057e-06	{PR}
sp|P39015|STM1_YEAST	MULTIPLE	4	81	105	17	2.347e-08	{TKR}
sp|P39015|STM1_YEAST	MULTIPLE	5	148	164	9	3.166e-06	{QN}
sp|P39015|STM1_YEAST	WHOLE	1	1	273	31	7.508e-07	{N}
sp|P39016|MPT5_YEAST	SINGLE	1	616	653	20	7.434e-18	{N}
sp|P39016|MPT5_YEAST	SINGLE	2	629	660	10	9.630e-10	{H}
sp|P39016|MPT5_YEAST	SINGLE	3	148	206	20	2.175e-09	{S}
sp|P39016|MPT5_YEAST	SINGLE	4	76	113	12	7.635e-06	{S}
sp|P39016|MPT5_YEAST	MULTIPLE	1	615	660	31	2.829e-26	{NH}
sp|P39016|MPT5_YEAST	MULTIPLE	2	148	201	26	2.416e-11	{SN}
sp|P39016|MPT5_YEAST	MULTIPLE	3	76	116	20	3.490e-09	{SN}
sp|P39016|MPT5_YEAST	WHOLE	1	1	859	111	2.085e-24	{N}
sp|P39016|MPT5_YEAST	WHOLE	2	1	859	105	5.434e-08	{S}
sp|P39073|SSN3_YEAST	SINGLE	1	530	538	9	1.119e-10	{A}
sp|P39073|SSN3_YEAST	SINGLE	2	9	29	9	9.245e-08	{Q}
sp|P39081|PCF11_YEAST	SINGLE	1	234	253	20	5.367e-28	{Q}
sp|P39081|PCF11_YEAST	SINGLE	2	208	222	7	1.289e-06	{Q}
sp|P39081|PCF11_YEAST	MULTIPLE	1	457	476	12	9.412e-08	{NT}
sp|P39081|PCF11_YEAST	MULTIPLE	2	181	207	16	2.036e-07	{LK}
sp|P39081|PCF11_YEAST	WHOLE	1	1	626	56	1.874e-07	{N}
sp|P39081|PCF11_YEAST	WHOLE	2	1	626	51	8.440e-06	{Q}
sp|P39083|RGA1_YEAST	SINGLE	1	13	73	11	3.283e-09	{C}
sp|P39083|RGA1_YEAST	SINGLE	2	92	101	5	2.438e-07	{C}
sp|P39083|RGA1_YEAST	WHOLE	1	1	1007	131	3.569e-11	{S}
sp|P39083|RGA1_YEAST	WHOLE	2	1	1007	80	1.039e-07	{N}
sp|P39104|PIK1_YEAST	SINGLE	1	556	594	12	4.891e-08	{N}
sp|P39104|PIK1_YEAST	SINGLE	2	574	607	12	2.086e-06	{S}
sp|P39104|PIK1_YEAST	MULTIPLE	1	556	607	25	6.027e-11	{NS}
sp|P39104|PIK1_YEAST	MULTIPLE	2	334	353	12	1.284e-07	{NE}
sp|P39105|PLB1_YEAST	SINGLE	1	587	629	19	2.655e-11	{S}
sp|P39105|PLB1_YEAST	SINGLE	2	606	625	12	3.535e-09	{A}
sp|P39105|PLB1_YEAST	MULTIPLE	1	599	626	27	1.478e-21	{SA}
sp|P39105|PLB1_YEAST	WHOLE	1	1	664	62	1.050e-08	{N}
sp|P39107|MNN9_YEAST	SINGLE	1	66	78	7	4.029e-06	{K}
sp|P39109|YCFI_YEAST	SINGLE	1	1103	1110	5	3.800e-06	{Y}
sp|P39109|YCFI_YEAST	WHOLE	1	1	1515	124	2.058e-08	{I}
sp|P39515|TIM17_YEAST	SINGLE	1	19	70	15	7.443e-07	{G}
sp|P39517|DHH1_YEAST	SINGLE	1	434	505	25	1.557e-16	{Q}
sp|P39517|DHH1_YEAST	SINGLE	2	5	15	8	1.721e-09	{N}
sp|P39517|DHH1_YEAST	SINGLE	3	456	504	14	2.971e-08	{P}
sp|P39517|DHH1_YEAST	MULTIPLE	1	427	505	44	1.165e-25	{QP}
sp|P39518|LCF2_YEAST	MULTIPLE	1	665	682	10	2.909e-06	{NK}
sp|P39520|IFH1_YEAST	SINGLE	1	558	644	28	1.242e-14	{D}
sp|P39520|IFH1_YEAST	SINGLE	2	137	155	14	2.357e-14	{D}
sp|P39520|IFH1_YEAST	SINGLE	3	122	136	12	2.115e-12	{E}
sp|P39520|IFH1_YEAST	SINGLE	4	862	899	17	2.109e-11	{K}
sp|P39520|IFH1_YEAST	SINGLE	5	212	227	10	7.203e-09	{E}
sp|P39520|IFH1_YEAST	SINGLE	6	455	484	12	8.516e-08	{K}
sp|P39520|IFH1_YEAST	SINGLE	7	201	237	12	1.167e-06	{K}
sp|P39520|IFH1_YEAST	SINGLE	8	643	662	9	3.882e-06	{S}
sp|P39520|IFH1_YEAST	SINGLE	9	54	69	8	5.165e-06	{S}
sp|P39520|IFH1_YEAST	MULTIPLE	1	558	685	58	1.388e-19	{DS}
sp|P39520|IFH1_YEAST	MULTIPLE	2	137	162	22	1.877e-16	{DS}
sp|P39520|IFH1_YEAST	MULTIPLE	3	210	233	23	4.031e-17	{EKQ}
sp|P39520|IFH1_YEAST	MULTIPLE	4	455	484	16	1.258e-08	{KR}
sp|P39520|IFH1_YEAST	MULTIPLE	5	918	937	11	1.069e-06	{NT}
sp|P39520|IFH1_YEAST	MULTIPLE	6	314	389	31	1.960e-10	{ED}
sp|P39520|IFH1_YEAST	MULTIPLE	7	379	424	21	1.428e-08	{ED}
sp|P39520|IFH1_YEAST	MULTIPLE	8	268	292	13	3.627e-07	{NE}
sp|P39520|IFH1_YEAST	MULTIPLE	9	513	532	11	1.067e-07	{KH}
sp|P39520|IFH1_YEAST	WHOLE	1	1	1085	128	1.438e-15	{D}
sp|P39520|IFH1_YEAST	WHOLE	2	1	1085	92	6.567e-10	{N}
sp|P39520|IFH1_YEAST	WHOLE	3	1	1085	122	2.099e-09	{E}
sp|P39520|IFH1_YEAST	WHOLE	4	1	1085	124	1.565e-07	{S}
sp|P39521|FKHL1_YEAST	SINGLE	1	814	862	27	1.398e-18	{S}
sp|P39521|FKHL1_YEAST	SINGLE	2	410	447	17	2.109e-11	{K}
sp|P39521|FKHL1_YEAST	SINGLE	3	712	720	7	5.567e-07	{A}
sp|P39521|FKHL1_YEAST	SINGLE	4	545	576	10	5.644e-07	{Q}
sp|P39521|FKHL1_YEAST	MULTIPLE	1	853	883	13	7.242e-06	{NE}
sp|P39521|FKHL1_YEAST	WHOLE	1	1	936	70	4.035e-06	{N}
sp|P39521|FKHL1_YEAST	WHOLE	2	1	936	103	6.454e-06	{S}
sp|P39522|ILV3_YEAST	SINGLE	1	129	163	7	8.489e-06	{M}
sp|P39522|ILV3_YEAST	MULTIPLE	1	484	532	18	3.485e-06	{GI}
sp|P39524|ATC3_YEAST	SINGLE	1	443	468	9	2.276e-06	{I}
sp|P39524|ATC3_YEAST	SINGLE	2	210	230	7	9.294e-06	{F}
sp|P39524|ATC3_YEAST	SINGLE	3	60	66	5	9.952e-06	{D}
sp|P39524|ATC3_YEAST	MULTIPLE	1	1088	1115	13	1.880e-07	{IF}
sp|P39524|ATC3_YEAST	WHOLE	1	1	1355	109	2.770e-07	{I}
sp|P39531|RCY1_YEAST	SINGLE	1	593	617	9	1.565e-06	{I}
sp|P39531|RCY1_YEAST	SINGLE	2	465	490	8	8.418e-06	{N}
sp|P39531|RCY1_YEAST	MULTIPLE	1	593	632	17	3.538e-07	{IK}
sp|P39531|RCY1_YEAST	MULTIPLE	2	465	490	13	4.803e-08	{NQ}
sp|P39531|RCY1_YEAST	WHOLE	1	1	840	79	9.575e-11	{N}
sp|P39531|RCY1_YEAST	WHOLE	2	1	840	81	6.802e-09	{I}
sp|P39538|UBP12_YEAST	SINGLE	1	857	865	6	4.718e-07	{N}
sp|P39538|UBP12_YEAST	SINGLE	2	1189	1198	6	4.935e-06	{D}
sp|P39538|UBP12_YEAST	SINGLE	3	1062	1067	5	7.177e-06	{G}
sp|P39538|UBP12_YEAST	MULTIPLE	1	866	895	15	3.747e-07	{DE}
sp|P39538|UBP12_YEAST	MULTIPLE	2	62	84	13	4.551e-06	{AS}
sp|P39538|UBP12_YEAST	WHOLE	1	1	1254	117	2.553e-08	{D}
sp|P39538|UBP12_YEAST	WHOLE	2	1	1254	90	1.229e-06	{N}
sp|P39547|UIP3_YEAST	SINGLE	1	65	93	10	6.500e-07	{I}
sp|P39547|UIP3_YEAST	MULTIPLE	1	137	158	9	2.533e-06	{HF}
sp|P39678|MBP1_YEAST	SINGLE	1	264	289	11	3.990e-09	{Q}
sp|P39678|MBP1_YEAST	SINGLE	2	550	593	12	2.116e-07	{N}
sp|P39678|MBP1_YEAST	SINGLE	3	236	241	5	8.737e-07	{Q}
sp|P39678|MBP1_YEAST	MULTIPLE	1	550	598	22	1.278e-09	{NQM}
sp|P39678|MBP1_YEAST	MULTIPLE	2	111	119	7	2.211e-07	{PH}
sp|P39678|MBP1_YEAST	MULTIPLE	3	700	716	10	2.176e-06	{KR}
sp|P39678|MBP1_YEAST	MULTIPLE	4	733	747	9	4.022e-06	{NT}
sp|P39685|PO152_YEAST	MULTIPLE	1	270	291	11	8.075e-06	{EI}
sp|P39685|PO152_YEAST	WHOLE	1	1	1337	114	9.052e-09	{I}
sp|P39702|VPS8_YEAST	SINGLE	1	315	352	12	7.635e-06	{S}
sp|P39702|VPS8_YEAST	WHOLE	1	1	1274	102	7.662e-07	{I}
sp|P39702|VPS8_YEAST	WHOLE	2	1	1274	161	9.759e-06	{L}
sp|P39704|ERP2_YEAST	SINGLE	1	186	197	8	1.411e-08	{I}
sp|P39705|NUP60_YEAST	MULTIPLE	1	194	232	15	6.268e-06	{SY}
sp|P39705|NUP60_YEAST	WHOLE	1	1	539	87	1.222e-12	{S}
sp|P39705|NUP60_YEAST	WHOLE	2	1	539	46	6.495e-06	{N}
sp|P39706|SWD1_YEAST	SINGLE	1	356	388	14	5.488e-09	{E}
sp|P39706|SWD1_YEAST	MULTIPLE	1	356	388	18	7.807e-10	{EQ}
sp|P39715|ECM1_YEAST	SINGLE	1	78	95	9	3.600e-07	{K}
sp|P39717|GPB2_YEAST	SINGLE	1	323	364	11	2.239e-06	{P}
sp|P39717|GPB2_YEAST	MULTIPLE	1	321	364	16	5.348e-07	{PN}
sp|P39717|GPB2_YEAST	MULTIPLE	2	626	647	16	1.943e-09	{AS}
sp|P39719|FLC2_YEAST	SINGLE	1	759	780	10	8.431e-09	{N}
sp|P39719|FLC2_YEAST	SINGLE	2	348	370	9	9.987e-08	{F}
sp|P39719|FLC2_YEAST	SINGLE	3	562	567	5	5.269e-07	{F}
sp|P39719|FLC2_YEAST	MULTIPLE	1	731	780	25	2.039e-11	{NS}
sp|P39719|FLC2_YEAST	MULTIPLE	2	348	370	14	5.267e-09	{FV}
sp|P39719|FLC2_YEAST	WHOLE	1	1	783	62	1.170e-07	{F}
sp|P39720|OAF1_YEAST	SINGLE	1	66	93	6	4.432e-06	{C}
sp|P39720|OAF1_YEAST	SINGLE	2	992	999	5	7.298e-06	{N}
sp|P39720|OAF1_YEAST	WHOLE	1	1	1047	76	4.750e-06	{N}
sp|P39722|GEM1_YEAST	SINGLE	1	567	574	5	7.464e-06	{Q}
sp|P39723|MBO1_YEAST	MULTIPLE	1	13	23	8	1.088e-06	{DN}
sp|P39723|MBO1_YEAST	MULTIPLE	2	538	549	9	8.546e-07	{SI}
sp|P39723|MBO1_YEAST	WHOLE	1	1	622	59	1.318e-08	{N}
sp|P39723|MBO1_YEAST	WHOLE	2	1	622	69	6.117e-06	{E}
sp|P39729|RBG1_YEAST	SINGLE	1	49	57	6	5.807e-06	{G}
sp|P39730|IF2P_YEAST	SINGLE	1	67	165	37	7.626e-20	{K}
sp|P39730|IF2P_YEAST	SINGLE	2	357	371	14	3.371e-16	{E}
sp|P39730|IF2P_YEAST	SINGLE	3	184	214	17	6.830e-13	{E}
sp|P39730|IF2P_YEAST	SINGLE	4	210	246	15	1.685e-09	{K}
sp|P39730|IF2P_YEAST	SINGLE	5	268	286	9	6.418e-07	{K}
sp|P39730|IF2P_YEAST	SINGLE	6	728	749	9	1.201e-06	{D}
sp|P39730|IF2P_YEAST	SINGLE	7	135	142	6	5.523e-06	{A}
sp|P39730|IF2P_YEAST	SINGLE	8	300	333	10	9.381e-06	{D}
sp|P39730|IF2P_YEAST	MULTIPLE	1	67	172	78	7.627e-26	{KQEA}
sp|P39730|IF2P_YEAST	MULTIPLE	2	184	246	40	5.540e-21	{EK}
sp|P39730|IF2P_YEAST	MULTIPLE	3	383	398	10	3.372e-06	{AP}
sp|P39730|IF2P_YEAST	WHOLE	1	1	1002	122	7.863e-13	{K}
sp|P39730|IF2P_YEAST	WHOLE	2	1	1002	123	9.284e-12	{E}
sp|P39743|RV167_YEAST	SINGLE	1	331	377	22	9.116e-13	{A}
sp|P39743|RV167_YEAST	SINGLE	2	388	395	6	1.689e-07	{Q}
sp|P39743|RV167_YEAST	SINGLE	3	414	420	6	1.498e-06	{A}
sp|P39743|RV167_YEAST	MULTIPLE	1	388	404	11	2.206e-08	{QP}
sp|P39744|NOC2_YEAST	SINGLE	1	665	706	13	1.344e-06	{E}
sp|P39744|NOC2_YEAST	SINGLE	2	83	94	7	1.982e-06	{K}
sp|P39744|NOC2_YEAST	SINGLE	3	152	177	10	2.440e-06	{E}
sp|P39744|NOC2_YEAST	SINGLE	4	3	31	10	4.843e-06	{K}
sp|P39744|NOC2_YEAST	MULTIPLE	1	665	709	19	3.031e-07	{ED}
sp|P39744|NOC2_YEAST	MULTIPLE	2	152	188	17	5.981e-07	{EK}
sp|P39744|NOC2_YEAST	MULTIPLE	3	3	40	16	7.589e-07	{KR}
sp|P39744|NOC2_YEAST	MULTIPLE	4	95	130	16	5.965e-06	{ES}
sp|P39744|NOC2_YEAST	WHOLE	1	1	710	77	7.891e-07	{K}
sp|P39875|EXO1_YEAST	SINGLE	1	618	625	6	7.378e-07	{D}
sp|P39875|EXO1_YEAST	SINGLE	2	545	589	14	1.683e-06	{S}
sp|P39875|EXO1_YEAST	SINGLE	3	537	543	5	9.952e-06	{D}
sp|P39875|EXO1_YEAST	MULTIPLE	1	332	342	8	1.669e-07	{DH}
sp|P39904|VPS52_YEAST	WHOLE	1	1	641	60	1.629e-08	{N}
sp|P39923|NPR2_YEAST	SINGLE	1	344	420	29	2.766e-14	{S}
sp|P39923|NPR2_YEAST	SINGLE	2	86	95	6	6.397e-07	{F}
sp|P39923|NPR2_YEAST	SINGLE	3	144	173	10	7.012e-06	{T}
sp|P39923|NPR2_YEAST	MULTIPLE	1	144	168	15	3.614e-09	{TP}
sp|P39923|NPR2_YEAST	WHOLE	1	1	615	83	1.920e-08	{S}
sp|P39925|AFG3_YEAST	SINGLE	1	257	265	8	3.137e-09	{G}
sp|P39925|AFG3_YEAST	SINGLE	2	72	93	9	1.440e-07	{N}
sp|P39926|SSO2_YEAST	SINGLE	1	281	291	9	9.824e-10	{V}
sp|P39926|SSO2_YEAST	SINGLE	2	3	25	8	3.015e-06	{N}
sp|P39928|SLN1_YEAST	SINGLE	1	75	82	5	3.800e-06	{Y}
sp|P39928|SLN1_YEAST	MULTIPLE	1	414	441	16	9.226e-08	{GS}
sp|P39928|SLN1_YEAST	WHOLE	1	1	1220	134	4.473e-07	{S}
sp|P39929|SNF7_YEAST	SINGLE	1	218	228	8	4.298e-08	{E}
sp|P39929|SNF7_YEAST	WHOLE	1	1	240	35	4.257e-06	{E}
sp|P39935|IF4F1_YEAST	SINGLE	1	488	560	21	1.635e-11	{R}
sp|P39935|IF4F1_YEAST	SINGLE	2	244	292	16	3.700e-08	{E}
sp|P39935|IF4F1_YEAST	SINGLE	3	312	362	16	6.931e-08	{E}
sp|P39935|IF4F1_YEAST	SINGLE	4	38	92	13	4.039e-07	{N}
sp|P39935|IF4F1_YEAST	SINGLE	5	27	33	5	2.926e-06	{Q}
sp|P39935|IF4F1_YEAST	SINGLE	6	61	87	10	4.313e-06	{G}
sp|P39935|IF4F1_YEAST	SINGLE	7	582	611	10	6.818e-06	{K}
sp|P39935|IF4F1_YEAST	SINGLE	8	98	106	5	8.228e-06	{Y}
sp|P39935|IF4F1_YEAST	MULTIPLE	1	305	356	24	2.857e-09	{EK}
sp|P39935|IF4F1_YEAST	MULTIPLE	2	35	92	25	3.605e-10	{NG}
sp|P39935|IF4F1_YEAST	MULTIPLE	3	98	110	8	1.563e-06	{YQ}
sp|P39935|IF4F1_YEAST	MULTIPLE	4	160	195	19	1.961e-08	{ST}
sp|P39935|IF4F1_YEAST	MULTIPLE	5	879	894	15	2.059e-11	{NRS}
sp|P39935|IF4F1_YEAST	MULTIPLE	6	375	410	16	2.213e-06	{TE}
sp|P39935|IF4F1_YEAST	WHOLE	1	1	952	109	5.269e-09	{E}
sp|P39936|IF4F2_YEAST	SINGLE	1	26	97	24	1.620e-15	{N}
sp|P39936|IF4F2_YEAST	SINGLE	2	839	867	10	1.918e-07	{N}
sp|P39936|IF4F2_YEAST	SINGLE	3	102	145	12	4.911e-07	{P}
sp|P39936|IF4F2_YEAST	SINGLE	4	7	12	5	1.270e-06	{P}
sp|P39936|IF4F2_YEAST	SINGLE	5	473	513	11	2.207e-06	{R}
sp|P39936|IF4F2_YEAST	MULTIPLE	1	825	869	26	1.458e-10	{NQS}
sp|P39936|IF4F2_YEAST	MULTIPLE	2	96	156	27	2.141e-08	{PTY}
sp|P39936|IF4F2_YEAST	MULTIPLE	3	473	513	21	9.604e-10	{RS}
sp|P39936|IF4F2_YEAST	WHOLE	1	1	914	76	3.560e-08	{N}
sp|P39936|IF4F2_YEAST	WHOLE	2	1	914	89	8.389e-06	{K}
sp|P39940|RSP5_YEAST	SINGLE	1	136	182	17	1.116e-08	{S}
sp|P39940|RSP5_YEAST	SINGLE	2	315	322	7	1.342e-07	{A}
sp|P39940|RSP5_YEAST	SINGLE	3	192	218	10	2.385e-06	{T}
sp|P39940|RSP5_YEAST	SINGLE	4	74	79	5	5.074e-06	{K}
sp|P39940|RSP5_YEAST	MULTIPLE	1	140	182	25	6.988e-12	{ST}
sp|P39940|RSP5_YEAST	MULTIPLE	2	191	223	19	2.877e-09	{TS}
sp|P39943|MIG3_YEAST	SINGLE	1	202	258	23	2.252e-12	{S}
sp|P39943|MIG3_YEAST	SINGLE	2	286	293	7	7.519e-08	{S}
sp|P39943|MIG3_YEAST	MULTIPLE	1	5	39	12	2.082e-06	{HR}
sp|P39943|MIG3_YEAST	WHOLE	1	1	394	65	2.725e-10	{S}
sp|P39956|RPH1_YEAST	SINGLE	1	405	434	12	4.439e-07	{S}
sp|P39956|RPH1_YEAST	MULTIPLE	1	600	620	11	5.002e-06	{QS}
sp|P39960|BEM2_YEAST	SINGLE	1	12	54	21	2.107e-13	{S}
sp|P39960|BEM2_YEAST	SINGLE	2	198	208	9	2.585e-11	{N}
sp|P39960|BEM2_YEAST	SINGLE	3	58	70	8	5.880e-11	{H}
sp|P39960|BEM2_YEAST	SINGLE	4	247	307	21	6.343e-10	{S}
sp|P39960|BEM2_YEAST	SINGLE	5	82	141	20	3.029e-09	{S}
sp|P39960|BEM2_YEAST	SINGLE	6	154	195	15	9.677e-08	{S}
sp|P39960|BEM2_YEAST	SINGLE	7	362	385	9	3.601e-07	{Q}
sp|P39960|BEM2_YEAST	SINGLE	8	1161	1165	5	9.161e-07	{T}
sp|P39960|BEM2_YEAST	SINGLE	9	1793	1831	13	1.652e-06	{S}
sp|P39960|BEM2_YEAST	SINGLE	10	1850	1873	10	2.612e-06	{S}
sp|P39960|BEM2_YEAST	MULTIPLE	1	12	51	29	2.352e-17	{ST}
sp|P39960|BEM2_YEAST	MULTIPLE	2	358	385	13	1.443e-07	{QN}
sp|P39960|BEM2_YEAST	MULTIPLE	3	1776	1831	30	1.534e-10	{SRN}
sp|P39960|BEM2_YEAST	WHOLE	1	1	2167	279	6.444e-21	{S}
sp|P39960|BEM2_YEAST	WHOLE	2	1	2167	172	2.344e-14	{N}
sp|P39960|BEM2_YEAST	WHOLE	3	1	2167	157	6.243e-07	{I}
sp|P39962|KC13_YEAST	SINGLE	1	517	524	7	2.113e-12	{C}
sp|P39962|KC13_YEAST	SINGLE	2	336	378	13	1.727e-08	{N}
sp|P39962|KC13_YEAST	SINGLE	3	464	498	11	1.382e-07	{N}
sp|P39962|KC13_YEAST	SINGLE	4	303	334	11	6.093e-07	{D}
sp|P39962|KC13_YEAST	WHOLE	1	1	524	47	1.483e-06	{N}
sp|P39966|PP2C2_YEAST	SINGLE	1	366	381	9	3.892e-08	{D}
sp|P39968|VAC8_YEAST	SINGLE	1	533	550	10	6.803e-10	{N}
sp|P39969|BOI2_YEAST	SINGLE	1	615	652	19	1.704e-12	{S}
sp|P39969|BOI2_YEAST	SINGLE	2	941	955	9	2.053e-09	{Q}
sp|P39969|BOI2_YEAST	SINGLE	3	439	469	11	7.496e-08	{P}
sp|P39969|BOI2_YEAST	SINGLE	4	519	567	15	9.151e-07	{S}
sp|P39969|BOI2_YEAST	SINGLE	5	665	702	13	1.187e-06	{S}
sp|P39969|BOI2_YEAST	SINGLE	6	466	505	13	2.270e-06	{S}
sp|P39969|BOI2_YEAST	SINGLE	7	911	934	9	9.882e-06	{E}
sp|P39969|BOI2_YEAST	MULTIPLE	1	438	508	31	1.681e-11	{PS}
sp|P39969|BOI2_YEAST	MULTIPLE	2	519	567	20	2.265e-07	{SP}
sp|P39969|BOI2_YEAST	MULTIPLE	3	665	704	20	2.669e-08	{SK}
sp|P39969|BOI2_YEAST	WHOLE	1	1	1040	148	2.126e-15	{S}
sp|P39985|DPO5_YEAST	SINGLE	1	703	750	19	4.583e-11	{E}
sp|P39985|DPO5_YEAST	SINGLE	2	776	811	12	2.768e-07	{D}
sp|P39985|DPO5_YEAST	SINGLE	3	312	321	6	9.064e-06	{K}
sp|P39985|DPO5_YEAST	MULTIPLE	1	703	751	36	2.928e-16	{EDS}
sp|P39985|DPO5_YEAST	MULTIPLE	2	779	811	21	9.401e-11	{DME}
sp|P39985|DPO5_YEAST	WHOLE	1	1	1022	144	1.002e-07	{L}
sp|P39985|DPO5_YEAST	WHOLE	2	1	1022	99	3.686e-06	{K}
sp|P39986|SPF1_YEAST	SINGLE	1	870	889	9	1.048e-07	{P}
sp|P39986|SPF1_YEAST	SINGLE	2	1192	1197	5	5.269e-07	{F}
sp|P39986|SPF1_YEAST	SINGLE	3	350	361	6	7.194e-06	{P}
sp|P39993|GEA2_YEAST	SINGLE	1	601	607	5	2.860e-06	{N}
sp|P39993|GEA2_YEAST	SINGLE	2	262	297	11	9.797e-06	{E}
sp|P39993|GEA2_YEAST	SINGLE	3	1442	1448	5	9.952e-06	{D}
sp|P39993|GEA2_YEAST	WHOLE	1	1	1459	139	1.549e-13	{I}
sp|P39993|GEA2_YEAST	WHOLE	2	1	1459	99	3.817e-06	{N}
sp|P39995|EAF5_YEAST	SINGLE	1	20	78	15	1.889e-08	{N}
sp|P39995|EAF5_YEAST	SINGLE	2	162	170	6	3.938e-06	{T}
sp|P39997|NPP2_YEAST	SINGLE	1	30	45	9	2.749e-06	{L}
sp|P39998|EDC3_YEAST	SINGLE	1	71	78	7	2.184e-09	{Q}
sp|P39998|EDC3_YEAST	SINGLE	2	184	205	10	9.190e-08	{D}
sp|P39998|EDC3_YEAST	SINGLE	3	174	186	6	8.296e-06	{Q}
sp|P39998|EDC3_YEAST	MULTIPLE	1	178	205	15	8.191e-09	{DQ}
sp|P39998|EDC3_YEAST	MULTIPLE	2	122	152	14	7.371e-08	{QN}
sp|P39998|EDC3_YEAST	WHOLE	1	1	551	50	5.888e-07	{Q}
sp|P40009|YND1_YEAST	SINGLE	1	519	556	10	7.605e-06	{R}
sp|P40009|YND1_YEAST	MULTIPLE	1	508	550	17	1.820e-07	{RI}
sp|P40010|NUG1_YEAST	SINGLE	1	14	46	13	3.070e-08	{K}
sp|P40010|NUG1_YEAST	MULTIPLE	1	130	159	14	2.562e-06	{DE}
sp|P40013|BIM1_YEAST	SINGLE	1	289	336	11	4.220e-06	{N}
sp|P40013|BIM1_YEAST	MULTIPLE	1	128	166	17	3.150e-06	{ST}
sp|P40014|SPC25_YEAST	SINGLE	1	18	76	19	2.948e-12	{Q}
sp|P40014|SPC25_YEAST	MULTIPLE	1	18	76	24	6.884e-14	{QH}
sp|P40014|SPC25_YEAST	WHOLE	1	1	221	28	3.121e-07	{Q}
sp|P40016|RPN3_YEAST	SINGLE	1	499	519	11	3.124e-09	{D}
sp|P40018|RSMB_YEAST	SINGLE	1	100	138	15	3.984e-09	{K}
sp|P40021|ZRG8_YEAST	SINGLE	1	428	448	17	2.207e-18	{D}
sp|P40021|ZRG8_YEAST	SINGLE	2	112	129	10	1.472e-09	{P}
sp|P40021|ZRG8_YEAST	SINGLE	3	788	797	8	3.665e-09	{D}
sp|P40021|ZRG8_YEAST	SINGLE	4	831	836	5	1.270e-06	{P}
sp|P40021|ZRG8_YEAST	SINGLE	5	608	620	7	2.000e-06	{D}
sp|P40021|ZRG8_YEAST	SINGLE	6	326	337	7	2.025e-06	{T}
sp|P40021|ZRG8_YEAST	SINGLE	7	926	940	8	2.783e-06	{S}
sp|P40021|ZRG8_YEAST	SINGLE	8	130	137	6	3.387e-06	{S}
sp|P40021|ZRG8_YEAST	SINGLE	9	481	499	8	3.679e-06	{D}
sp|P40021|ZRG8_YEAST	SINGLE	10	11	54	13	7.261e-06	{S}
sp|P40021|ZRG8_YEAST	SINGLE	11	94	103	6	9.234e-06	{T}
sp|P40021|ZRG8_YEAST	MULTIPLE	1	326	354	16	1.142e-07	{TS}
sp|P40021|ZRG8_YEAST	MULTIPLE	2	11	63	26	2.279e-08	{SNP}
sp|P40021|ZRG8_YEAST	MULTIPLE	3	529	573	18	8.198e-08	{ND}
sp|P40021|ZRG8_YEAST	MULTIPLE	4	878	906	13	6.805e-07	{DF}
sp|P40021|ZRG8_YEAST	WHOLE	1	1	1076	160	3.219e-18	{S}
sp|P40021|ZRG8_YEAST	WHOLE	2	1	1076	104	2.786e-14	{N}
sp|P40021|ZRG8_YEAST	WHOLE	3	1	1076	106	7.248e-09	{D}
sp|P40024|ARB1_YEAST	SINGLE	1	6	49	14	3.290e-06	{A}
sp|P40024|ARB1_YEAST	SINGLE	2	8	36	10	4.843e-06	{K}
sp|P40024|ARB1_YEAST	MULTIPLE	1	6	53	32	5.583e-12	{AKE}
sp|P40028|YEN1_YEAST	SINGLE	1	554	565	7	1.982e-06	{K}
sp|P40028|YEN1_YEAST	SINGLE	2	58	88	11	5.189e-06	{S}
sp|P40028|YEN1_YEAST	SINGLE	3	497	513	8	9.053e-06	{S}
sp|P40028|YEN1_YEAST	MULTIPLE	1	58	88	18	1.042e-09	{SR}
sp|P40028|YEN1_YEAST	MULTIPLE	2	239	255	10	5.198e-07	{SH}
sp|P40032|TPA1_YEAST	SINGLE	1	560	592	10	7.011e-06	{D}
sp|P40048|PTP3_YEAST	SINGLE	1	700	715	12	6.270e-14	{N}
sp|P40048|PTP3_YEAST	SINGLE	2	724	732	9	5.078e-12	{D}
sp|P40048|PTP3_YEAST	SINGLE	3	285	314	14	4.506e-09	{S}
sp|P40048|PTP3_YEAST	SINGLE	4	592	597	6	5.680e-08	{T}
sp|P40048|PTP3_YEAST	SINGLE	5	17	67	16	2.788e-07	{S}
sp|P40048|PTP3_YEAST	MULTIPLE	1	699	715	16	1.243e-15	{ND}
sp|P40048|PTP3_YEAST	MULTIPLE	2	592	601	9	2.082e-08	{TR}
sp|P40048|PTP3_YEAST	MULTIPLE	3	500	518	11	3.731e-06	{SD}
sp|P40048|PTP3_YEAST	MULTIPLE	4	844	879	13	5.535e-06	{IF}
sp|P40048|PTP3_YEAST	WHOLE	1	1	928	113	2.245e-08	{S}
sp|P40048|PTP3_YEAST	WHOLE	2	1	928	74	2.462e-07	{N}
sp|P40059|DOT6_YEAST	SINGLE	1	2	74	29	5.359e-15	{S}
sp|P40059|DOT6_YEAST	SINGLE	2	226	238	9	7.280e-13	{H}
sp|P40059|DOT6_YEAST	SINGLE	3	296	368	24	1.178e-10	{S}
sp|P40059|DOT6_YEAST	SINGLE	4	544	595	19	1.292e-09	{S}
sp|P40059|DOT6_YEAST	SINGLE	5	631	654	12	4.047e-09	{T}
sp|P40059|DOT6_YEAST	SINGLE	6	407	432	13	5.594e-09	{S}
sp|P40059|DOT6_YEAST	SINGLE	7	512	536	11	3.141e-08	{D}
sp|P40059|DOT6_YEAST	SINGLE	8	324	363	11	6.142e-07	{N}
sp|P40059|DOT6_YEAST	SINGLE	9	173	212	13	2.270e-06	{S}
sp|P40059|DOT6_YEAST	MULTIPLE	1	2	74	33	1.530e-15	{SH}
sp|P40059|DOT6_YEAST	MULTIPLE	2	214	238	16	2.535e-13	{HP}
sp|P40059|DOT6_YEAST	MULTIPLE	3	296	368	45	3.044e-18	{SNR}
sp|P40059|DOT6_YEAST	MULTIPLE	4	631	656	17	2.679e-11	{TN}
sp|P40059|DOT6_YEAST	WHOLE	1	1	670	136	5.033e-28	{S}
sp|P40059|DOT6_YEAST	WHOLE	2	1	670	57	7.058e-07	{N}
sp|P40061|TSC11_YEAST	SINGLE	1	242	260	8	5.543e-07	{N}
sp|P40061|TSC11_YEAST	SINGLE	2	32	59	11	1.647e-06	{S}
sp|P40061|TSC11_YEAST	MULTIPLE	1	545	568	10	8.312e-06	{NF}
sp|P40061|TSC11_YEAST	MULTIPLE	2	2	19	10	9.743e-06	{SR}
sp|P40061|TSC11_YEAST	WHOLE	1	1	1430	111	1.923e-09	{N}
sp|P40063|RT105_YEAST	SINGLE	1	95	113	8	1.221e-06	{R}
sp|P40063|RT105_YEAST	SINGLE	2	191	205	7	1.250e-06	{N}
sp|P40063|RT105_YEAST	MULTIPLE	1	63	113	23	3.636e-09	{SR}
sp|P40064|NU157_YEAST	MULTIPLE	1	26	46	10	4.808e-06	{RN}
sp|P40064|NU157_YEAST	WHOLE	1	1	1391	108	1.463e-06	{I}
sp|P40064|NU157_YEAST	WHOLE	2	1	1391	144	3.825e-06	{S}
sp|P40065|MAM1_YEAST	SINGLE	1	269	288	10	7.933e-08	{K}
sp|P40065|MAM1_YEAST	WHOLE	1	1	302	40	3.129e-06	{K}
sp|P40070|LSM4_YEAST	SINGLE	1	94	167	33	1.622e-25	{N}
sp|P40070|LSM4_YEAST	WHOLE	1	1	187	44	2.125e-20	{N}
sp|P40072|SLX8_YEAST	SINGLE	1	206	249	9	2.770e-08	{C}
sp|P40072|SLX8_YEAST	SINGLE	2	265	273	6	3.865e-06	{K}
sp|P40072|SLX8_YEAST	SINGLE	3	30	35	5	6.509e-06	{E}
sp|P40073|SHO1_YEAST	SINGLE	1	238	281	13	2.346e-08	{N}
sp|P40073|SHO1_YEAST	SINGLE	2	312	317	5	3.011e-06	{D}
sp|P40073|SHO1_YEAST	MULTIPLE	1	238	289	23	4.425e-10	{NT}
sp|P40073|SHO1_YEAST	MULTIPLE	2	174	192	10	1.524e-06	{RN}
sp|P40073|SHO1_YEAST	MULTIPLE	3	35	57	14	3.851e-08	{SI}
sp|P40075|SCS2_YEAST	MULTIPLE	1	144	197	35	2.020e-14	{PVE}
sp|P40078|NSA2_YEAST	SINGLE	1	41	78	12	1.600e-06	{K}
sp|P40078|NSA2_YEAST	WHOLE	1	1	261	37	1.493e-06	{K}
sp|P40087|DDI1_YEAST	SINGLE	1	344	374	9	7.436e-06	{P}
sp|P40087|DDI1_YEAST	MULTIPLE	1	332	394	28	1.159e-11	{PT}
sp|P40091|PEA2_YEAST	SINGLE	1	324	366	17	2.314e-09	{S}
sp|P40096|NCB1_YEAST	SINGLE	1	35	40	5	8.539e-07	{N}
sp|P40107|GMT1_YEAST	SINGLE	1	162	179	10	1.998e-07	{A}
sp|P40107|GMT1_YEAST	MULTIPLE	1	298	321	11	1.931e-06	{IF}
sp|P40160|RIO2_YEAST	SINGLE	1	362	405	17	7.378e-10	{E}
sp|P40160|RIO2_YEAST	SINGLE	2	355	394	11	6.907e-06	{D}
sp|P40160|RIO2_YEAST	MULTIPLE	1	355	401	27	1.174e-13	{ED}
sp|P40161|RT106_YEAST	SINGLE	1	379	395	10	1.636e-08	{E}
sp|P40161|RT106_YEAST	SINGLE	2	439	448	7	1.660e-07	{D}
sp|P40161|RT106_YEAST	MULTIPLE	1	379	396	16	2.369e-13	{ED}
sp|P40161|RT106_YEAST	MULTIPLE	2	417	448	17	1.987e-08	{DE}
sp|P40161|RT106_YEAST	MULTIPLE	3	350	376	13	7.114e-06	{DS}
sp|P40164|PP4R3_YEAST	SINGLE	1	724	755	10	5.413e-07	{N}
sp|P40164|PP4R3_YEAST	SINGLE	2	421	432	6	9.795e-06	{I}
sp|P40164|PP4R3_YEAST	MULTIPLE	1	463	480	12	2.415e-06	{LS}
sp|P40167|ZC3HD_YEAST	SINGLE	1	12	106	29	2.765e-13	{K}
sp|P40167|ZC3HD_YEAST	WHOLE	1	1	298	40	2.281e-06	{K}
sp|P40186|PCL7_YEAST	SINGLE	1	31	80	16	2.062e-07	{S}
sp|P40208|GID8_YEAST	SINGLE	1	179	186	8	1.236e-11	{Q}
sp|P40208|GID8_YEAST	SINGLE	2	308	340	10	7.433e-07	{N}
sp|P40208|GID8_YEAST	WHOLE	1	1	455	43	1.055e-06	{N}
sp|P40218|LDO45_YEAST	SINGLE	1	271	316	13	1.362e-08	{F}
sp|P40218|LDO45_YEAST	MULTIPLE	1	340	374	14	7.324e-07	{QP}
sp|P40218|LDO45_YEAST	MULTIPLE	2	128	140	9	2.032e-06	{SP}
sp|P40219|LDO16_YEAST	SINGLE	1	7	52	13	1.362e-08	{F}
sp|P40219|LDO16_YEAST	MULTIPLE	1	76	110	14	7.324e-07	{QP}
sp|P40303|PSA4_YEAST	SINGLE	1	231	246	7	2.192e-06	{Q}
sp|P40308|TGL3_YEAST	SINGLE	1	453	459	5	1.481e-06	{Y}
sp|P40308|TGL3_YEAST	SINGLE	2	380	426	11	3.400e-06	{N}
sp|P40316|SECU_YEAST	MULTIPLE	1	241	258	10	8.013e-06	{DK}
sp|P40318|DOA10_YEAST	SINGLE	1	369	374	6	6.591e-09	{Q}
sp|P40318|DOA10_YEAST	SINGLE	2	293	318	10	5.806e-08	{N}
sp|P40318|DOA10_YEAST	SINGLE	3	1080	1089	6	1.129e-06	{N}
sp|P40318|DOA10_YEAST	SINGLE	4	361	378	8	7.119e-06	{E}
sp|P40318|DOA10_YEAST	SINGLE	5	740	760	7	9.294e-06	{F}
sp|P40318|DOA10_YEAST	MULTIPLE	1	361	378	14	5.907e-11	{QE}
sp|P40318|DOA10_YEAST	MULTIPLE	2	1096	1128	12	1.258e-06	{IM}
sp|P40318|DOA10_YEAST	WHOLE	1	1	1319	109	8.184e-08	{I}
sp|P40318|DOA10_YEAST	WHOLE	2	1	1319	88	6.463e-07	{F}
sp|P40319|ELO3_YEAST	SINGLE	1	79	87	6	1.036e-06	{I}
sp|P40319|ELO3_YEAST	SINGLE	2	308	317	6	9.064e-06	{K}
sp|P40327|PRS4_YEAST	SINGLE	1	11	37	11	2.360e-07	{K}
sp|P40327|PRS4_YEAST	SINGLE	2	72	98	10	3.623e-06	{E}
sp|P40327|PRS4_YEAST	MULTIPLE	1	72	98	15	1.203e-07	{EK}
sp|P40335|PEP8_YEAST	SINGLE	1	83	106	13	1.559e-09	{S}
sp|P40335|PEP8_YEAST	WHOLE	1	1	379	52	3.758e-06	{S}
sp|P40340|ATAD2_YEAST	SINGLE	1	118	185	21	5.655e-11	{D}
sp|P40340|ATAD2_YEAST	SINGLE	2	120	150	14	2.033e-09	{E}
sp|P40340|ATAD2_YEAST	SINGLE	3	382	395	9	1.914e-08	{K}
sp|P40340|ATAD2_YEAST	SINGLE	4	195	228	12	2.717e-08	{R}
sp|P40340|ATAD2_YEAST	SINGLE	5	54	91	13	6.288e-08	{D}
sp|P40340|ATAD2_YEAST	SINGLE	6	732	740	6	5.178e-06	{E}
sp|P40340|ATAD2_YEAST	SINGLE	7	344	361	7	5.415e-06	{N}
sp|P40340|ATAD2_YEAST	MULTIPLE	1	118	185	40	4.897e-20	{DE}
sp|P40340|ATAD2_YEAST	MULTIPLE	2	186	230	27	6.327e-11	{RPS}
sp|P40340|ATAD2_YEAST	MULTIPLE	3	306	334	13	5.478e-06	{GR}
sp|P40340|ATAD2_YEAST	WHOLE	1	1	1379	135	7.997e-07	{E}
sp|P40340|ATAD2_YEAST	WHOLE	2	1	1379	97	1.181e-06	{N}
sp|P40341|YTA12_YEAST	SINGLE	1	155	166	11	2.636e-14	{P}
sp|P40341|YTA12_YEAST	SINGLE	2	121	129	6	5.178e-06	{E}
sp|P40341|YTA12_YEAST	MULTIPLE	1	180	200	13	2.234e-07	{LF}
sp|P40343|VPS27_YEAST	SINGLE	1	238	249	7	1.982e-06	{K}
sp|P40343|VPS27_YEAST	SINGLE	2	288	325	12	2.683e-06	{E}
sp|P40343|VPS27_YEAST	SINGLE	3	459	488	9	3.022e-06	{Q}
sp|P40343|VPS27_YEAST	SINGLE	4	327	343	7	3.565e-06	{Q}
sp|P40343|VPS27_YEAST	SINGLE	5	532	565	11	5.336e-06	{E}
sp|P40343|VPS27_YEAST	MULTIPLE	1	327	344	12	2.977e-09	{QP}
sp|P40344|ATG3_YEAST	SINGLE	1	265	284	8	5.790e-06	{D}
sp|P40344|ATG3_YEAST	MULTIPLE	1	130	152	14	3.539e-08	{DE}
sp|P40345|PDAT_YEAST	SINGLE	1	45	79	12	3.936e-08	{R}
sp|P40352|RAD26_YEAST	SINGLE	1	209	217	6	5.178e-06	{E}
sp|P40352|RAD26_YEAST	MULTIPLE	1	193	220	16	1.303e-08	{ED}
sp|P40356|MED3_YEAST	SINGLE	1	347	362	14	8.944e-18	{Q}
sp|P40356|MED3_YEAST	SINGLE	2	304	344	15	6.637e-11	{N}
sp|P40356|MED3_YEAST	SINGLE	3	225	244	9	5.522e-08	{Q}
sp|P40356|MED3_YEAST	SINGLE	4	203	238	13	1.494e-06	{A}
sp|P40356|MED3_YEAST	SINGLE	5	364	374	6	2.376e-06	{N}
sp|P40356|MED3_YEAST	MULTIPLE	1	203	240	28	1.500e-13	{QAK}
sp|P40356|MED3_YEAST	MULTIPLE	2	364	374	10	1.364e-11	{NM}
sp|P40356|MED3_YEAST	WHOLE	1	1	397	46	1.246e-09	{N}
sp|P40356|MED3_YEAST	WHOLE	2	1	397	41	2.232e-07	{Q}
sp|P40357|SEC9_YEAST	SINGLE	1	373	389	12	2.154e-13	{Q}
sp|P40357|SEC9_YEAST	SINGLE	2	156	195	13	6.485e-09	{N}
sp|P40357|SEC9_YEAST	SINGLE	3	516	521	5	1.440e-06	{R}
sp|P40357|SEC9_YEAST	SINGLE	4	408	432	10	1.606e-06	{E}
sp|P40357|SEC9_YEAST	MULTIPLE	1	516	537	13	8.195e-08	{RE}
sp|P40357|SEC9_YEAST	MULTIPLE	2	245	296	27	1.607e-09	{NSQ}
sp|P40357|SEC9_YEAST	WHOLE	1	1	651	71	1.149e-12	{N}
sp|P40357|SEC9_YEAST	WHOLE	2	1	651	53	5.982e-06	{Q}
sp|P40358|JEM1_YEAST	SINGLE	1	509	525	12	2.154e-13	{Q}
sp|P40358|JEM1_YEAST	MULTIPLE	1	610	643	13	1.199e-06	{FN}
sp|P40360|NAGS_YEAST	SINGLE	1	426	447	8	5.499e-06	{I}
sp|P40362|UTP18_YEAST	SINGLE	1	77	130	18	3.188e-10	{D}
sp|P40362|UTP18_YEAST	SINGLE	2	179	192	7	3.777e-06	{D}
sp|P40362|UTP18_YEAST	SINGLE	3	48	75	10	5.270e-06	{E}
sp|P40362|UTP18_YEAST	MULTIPLE	1	179	195	14	6.368e-11	{DE}
sp|P40362|UTP18_YEAST	MULTIPLE	2	451	467	11	8.420e-07	{TG}
sp|P40367|GPI7_YEAST	SINGLE	1	416	422	5	5.528e-06	{I}
sp|P40367|GPI7_YEAST	MULTIPLE	1	645	670	12	2.839e-07	{FQ}
sp|P40367|GPI7_YEAST	WHOLE	1	1	830	67	1.938e-08	{F}
sp|P40367|GPI7_YEAST	WHOLE	2	1	830	70	5.948e-06	{I}
sp|P40368|NUP82_YEAST	WHOLE	1	1	713	64	2.133e-06	{I}
sp|P40395|RIC1_YEAST	SINGLE	1	437	444	5	7.298e-06	{N}
sp|P40395|RIC1_YEAST	SINGLE	2	802	811	6	9.234e-06	{T}
sp|P40395|RIC1_YEAST	MULTIPLE	1	432	452	16	1.645e-09	{NDK}
sp|P40395|RIC1_YEAST	WHOLE	1	1	1056	88	8.291e-07	{I}
sp|P40395|RIC1_YEAST	WHOLE	2	1	1056	104	1.162e-06	{K}
sp|P40414|TPM2_YEAST	SINGLE	1	2	61	17	1.420e-07	{E}
sp|P40414|TPM2_YEAST	SINGLE	2	127	153	11	3.893e-07	{E}
sp|P40414|TPM2_YEAST	WHOLE	1	1	161	37	1.051e-11	{E}
sp|P40438|VTH1_YEAST	WHOLE	1	1	1549	97	2.552e-06	{F}
sp|P40438|VTH1_YEAST	WHOLE	2	1	1549	128	2.885e-06	{D}
sp|P40450|BNR1_YEAST	SINGLE	1	766	851	34	4.830e-23	{P}
sp|P40450|BNR1_YEAST	SINGLE	2	634	638	5	1.522e-07	{Q}
sp|P40450|BNR1_YEAST	SINGLE	3	730	751	10	1.000e-06	{S}
sp|P40450|BNR1_YEAST	SINGLE	4	274	283	7	5.011e-06	{L}
sp|P40450|BNR1_YEAST	MULTIPLE	1	607	626	14	1.401e-07	{INS}
sp|P40450|BNR1_YEAST	WHOLE	1	1	1375	133	1.414e-07	{K}
sp|P40450|BNR1_YEAST	WHOLE	2	1	1375	179	6.772e-07	{L}
sp|P40450|BNR1_YEAST	WHOLE	3	1	1375	94	4.841e-06	{N}
sp|P40453|UBP7_YEAST	SINGLE	1	497	535	19	1.380e-15	{P}
sp|P40453|UBP7_YEAST	SINGLE	2	471	480	9	5.119e-12	{Q}
sp|P40453|UBP7_YEAST	SINGLE	3	570	588	8	5.739e-07	{Q}
sp|P40453|UBP7_YEAST	SINGLE	4	894	899	5	8.539e-07	{N}
sp|P40453|UBP7_YEAST	SINGLE	5	862	867	5	5.074e-06	{K}
sp|P40453|UBP7_YEAST	SINGLE	6	908	939	11	7.338e-06	{S}
sp|P40453|UBP7_YEAST	MULTIPLE	1	570	588	11	3.926e-09	{QH}
sp|P40453|UBP7_YEAST	MULTIPLE	2	905	939	16	6.616e-07	{SR}
sp|P40454|PTPA1_YEAST	SINGLE	1	358	364	5	4.239e-06	{P}
sp|P40454|PTPA1_YEAST	SINGLE	2	327	335	6	5.178e-06	{E}
sp|P40457|MLP2_YEAST	SINGLE	1	1422	1481	17	1.420e-07	{E}
sp|P40457|MLP2_YEAST	SINGLE	2	1238	1254	7	3.565e-06	{Q}
sp|P40457|MLP2_YEAST	MULTIPLE	1	1422	1488	31	1.423e-11	{EK}
sp|P40457|MLP2_YEAST	MULTIPLE	2	911	950	17	2.221e-06	{KE}
sp|P40457|MLP2_YEAST	WHOLE	1	1	1679	227	2.950e-25	{E}
sp|P40457|MLP2_YEAST	WHOLE	2	1	1679	213	4.916e-23	{K}
sp|P40457|MLP2_YEAST	WHOLE	3	1	1679	116	3.183e-07	{N}
sp|P40458|ATG32_YEAST	SINGLE	1	363	385	12	2.080e-09	{K}
sp|P40458|ATG32_YEAST	SINGLE	2	13	24	7	5.518e-06	{S}
sp|P40458|ATG32_YEAST	SINGLE	3	422	453	11	7.338e-06	{S}
sp|P40458|ATG32_YEAST	SINGLE	4	176	182	5	9.952e-06	{D}
sp|P40458|ATG32_YEAST	MULTIPLE	1	174	188	11	6.408e-08	{DE}
sp|P40458|ATG32_YEAST	WHOLE	1	1	529	69	8.410e-07	{S}
sp|P40460|NDC80_YEAST	WHOLE	1	1	691	57	1.766e-06	{N}
sp|P40460|NDC80_YEAST	WHOLE	2	1	691	62	2.937e-06	{I}
sp|P40460|NDC80_YEAST	WHOLE	3	1	691	73	3.473e-06	{K}
sp|P40466|FKH1_YEAST	SINGLE	1	34	51	9	1.305e-06	{S}
sp|P40466|FKH1_YEAST	MULTIPLE	1	454	474	11	2.046e-06	{TQ}
sp|P40467|ASG1_YEAST	SINGLE	1	811	887	55	3.040e-57	{N}
sp|P40467|ASG1_YEAST	SINGLE	2	184	228	14	1.683e-06	{S}
sp|P40467|ASG1_YEAST	SINGLE	3	21	47	6	3.540e-06	{C}
sp|P40467|ASG1_YEAST	SINGLE	4	746	753	5	7.464e-06	{Q}
sp|P40467|ASG1_YEAST	WHOLE	1	1	964	125	2.196e-27	{N}
sp|P40467|ASG1_YEAST	WHOLE	2	1	964	105	7.993e-06	{S}
sp|P40469|MET18_YEAST	SINGLE	1	628	638	7	7.644e-08	{N}
sp|P40469|MET18_YEAST	WHOLE	1	1	1032	148	2.457e-08	{L}
sp|P40471|AYR1_YEAST	SINGLE	1	273	295	9	4.399e-06	{K}
sp|P40472|SIM1_YEAST	SINGLE	1	114	204	54	5.689e-38	{S}
sp|P40472|SIM1_YEAST	SINGLE	2	58	113	21	4.667e-10	{A}
sp|P40472|SIM1_YEAST	MULTIPLE	1	110	204	71	6.886e-42	{ST}
sp|P40472|SIM1_YEAST	MULTIPLE	2	58	116	35	7.060e-15	{AS}
sp|P40472|SIM1_YEAST	WHOLE	1	1	476	102	2.564e-23	{S}
sp|P40477|NU159_YEAST	SINGLE	1	518	606	25	1.961e-09	{S}
sp|P40477|NU159_YEAST	SINGLE	2	455	491	14	1.121e-07	{S}
sp|P40477|NU159_YEAST	SINGLE	3	663	686	10	2.612e-06	{S}
sp|P40477|NU159_YEAST	SINGLE	4	1041	1077	12	5.630e-06	{S}
sp|P40477|NU159_YEAST	WHOLE	1	1	1460	209	3.239e-21	{S}
sp|P40482|SEC24_YEAST	SINGLE	1	148	165	9	3.340e-08	{P}
sp|P40482|SEC24_YEAST	SINGLE	2	110	114	5	1.522e-07	{Q}
sp|P40482|SEC24_YEAST	SINGLE	3	58	75	8	3.473e-07	{Q}
sp|P40482|SEC24_YEAST	SINGLE	4	11	33	8	3.119e-06	{Q}
sp|P40482|SEC24_YEAST	MULTIPLE	1	10	75	33	5.727e-15	{QPM}
sp|P40484|MOB1_YEAST	SINGLE	1	24	72	18	7.767e-13	{N}
sp|P40485|SLM1_YEAST	SINGLE	1	45	63	19	1.240e-26	{Q}
sp|P40485|SLM1_YEAST	SINGLE	2	166	172	7	2.854e-10	{Q}
sp|P40485|SLM1_YEAST	SINGLE	3	608	654	12	4.594e-07	{N}
sp|P40485|SLM1_YEAST	SINGLE	4	114	148	10	1.350e-06	{N}
sp|P40485|SLM1_YEAST	MULTIPLE	1	17	63	29	5.340e-23	{QH}
sp|P40485|SLM1_YEAST	WHOLE	1	1	686	76	1.152e-13	{Q}
sp|P40485|SLM1_YEAST	WHOLE	2	1	686	59	3.353e-07	{N}
sp|P40489|XBP1_YEAST	SINGLE	1	253	295	19	2.655e-11	{S}
sp|P40489|XBP1_YEAST	SINGLE	2	531	593	16	1.980e-08	{P}
sp|P40489|XBP1_YEAST	SINGLE	3	411	421	8	1.844e-07	{A}
sp|P40489|XBP1_YEAST	SINGLE	4	613	644	9	5.226e-06	{N}
sp|P40489|XBP1_YEAST	MULTIPLE	1	537	593	23	1.905e-10	{PQ}
sp|P40489|XBP1_YEAST	MULTIPLE	2	403	433	20	1.420e-10	{AT}
sp|P40489|XBP1_YEAST	MULTIPLE	3	434	446	10	1.218e-08	{RP}
sp|P40489|XBP1_YEAST	WHOLE	1	1	647	83	1.597e-07	{S}
sp|P40492|FYV10_YEAST	SINGLE	1	474	485	7	1.982e-06	{K}
sp|P40494|PRK1_YEAST	SINGLE	1	555	578	11	1.342e-09	{N}
sp|P40494|PRK1_YEAST	SINGLE	2	749	756	6	2.639e-07	{P}
sp|P40494|PRK1_YEAST	WHOLE	1	1	810	62	6.575e-06	{N}
sp|P40498|UTP25_YEAST	SINGLE	1	140	160	10	5.307e-08	{D}
sp|P40498|UTP25_YEAST	SINGLE	2	44	71	11	1.274e-07	{D}
sp|P40498|UTP25_YEAST	SINGLE	3	529	592	15	3.309e-07	{I}
sp|P40498|UTP25_YEAST	MULTIPLE	1	40	77	20	1.407e-09	{DE}
sp|P40498|UTP25_YEAST	MULTIPLE	2	176	200	13	4.120e-06	{KS}
sp|P40505|SDS3_YEAST	SINGLE	1	189	195	5	4.800e-06	{R}
sp|P40505|SDS3_YEAST	MULTIPLE	1	64	100	16	7.250e-07	{RE}
sp|P40506|PPCS_YEAST	MULTIPLE	1	161	180	12	5.801e-06	{KL}
sp|P40507|AIR1_YEAST	SINGLE	1	76	149	12	2.275e-09	{C}
sp|P40527|ATC7_YEAST	SINGLE	1	244	249	5	1.440e-06	{R}
sp|P40527|ATC7_YEAST	SINGLE	2	13	24	6	4.547e-06	{N}
sp|P40535|ACA2_YEAST	SINGLE	1	118	134	10	3.305e-10	{Q}
sp|P40535|ACA2_YEAST	SINGLE	2	190	219	10	2.754e-07	{N}
sp|P40535|ACA2_YEAST	SINGLE	3	558	565	6	7.378e-07	{D}
sp|P40535|ACA2_YEAST	SINGLE	4	496	512	7	3.459e-06	{N}
sp|P40535|ACA2_YEAST	MULTIPLE	1	190	214	13	8.423e-10	{NM}
sp|P40535|ACA2_YEAST	MULTIPLE	2	469	512	18	1.366e-07	{NK}
sp|P40535|ACA2_YEAST	MULTIPLE	3	284	319	14	1.062e-06	{PN}
sp|P40535|ACA2_YEAST	WHOLE	1	1	587	63	3.706e-11	{N}
sp|P40537|ULP2_YEAST	SINGLE	1	711	717	5	2.860e-06	{N}
sp|P40537|ULP2_YEAST	SINGLE	2	19	30	7	5.518e-06	{S}
sp|P40537|ULP2_YEAST	MULTIPLE	1	233	245	9	2.382e-07	{NI}
sp|P40537|ULP2_YEAST	WHOLE	1	1	1034	146	6.020e-15	{S}
sp|P40537|ULP2_YEAST	WHOLE	2	1	1034	98	4.528e-13	{N}
sp|P40541|SCC3_YEAST	SINGLE	1	61	73	8	8.830e-08	{D}
sp|P40541|SCC3_YEAST	SINGLE	2	44	64	10	2.267e-07	{E}
sp|P40541|SCC3_YEAST	SINGLE	3	756	760	4	1.105e-06	{H}
sp|P40541|SCC3_YEAST	SINGLE	4	78	100	9	4.399e-06	{K}
sp|P40541|SCC3_YEAST	SINGLE	5	629	635	5	9.952e-06	{D}
sp|P40541|SCC3_YEAST	MULTIPLE	1	44	70	18	4.294e-11	{DE}
sp|P40541|SCC3_YEAST	MULTIPLE	2	78	110	18	2.299e-08	{KS}
sp|P40541|SCC3_YEAST	WHOLE	1	1	1150	91	3.946e-06	{I}
sp|P40547|VID28_YEAST	SINGLE	1	828	855	13	7.703e-10	{D}
sp|P40547|VID28_YEAST	SINGLE	2	423	435	8	4.077e-06	{L}
sp|P40547|VID28_YEAST	SINGLE	3	260	269	7	5.011e-06	{L}
sp|P40547|VID28_YEAST	MULTIPLE	1	260	273	10	7.736e-07	{LY}
sp|P40547|VID28_YEAST	MULTIPLE	2	758	778	12	2.943e-06	{NL}
sp|P40547|VID28_YEAST	WHOLE	1	1	921	125	3.426e-06	{L}
sp|P40548|SNL1_YEAST	SINGLE	1	42	58	9	1.919e-07	{K}
sp|P40554|URM1_YEAST	MULTIPLE	1	38	70	13	2.951e-06	{IN}
sp|P40556|YIA6_YEAST	SINGLE	1	150	176	8	5.684e-06	{F}
sp|P40557|EPS1_YEAST	SINGLE	1	588	605	7	5.415e-06	{N}
sp|P40557|EPS1_YEAST	MULTIPLE	1	588	605	10	2.645e-07	{NY}
sp|P40559|INP51_YEAST	SINGLE	1	878	897	8	1.605e-06	{P}
sp|P40562|MPH1_YEAST	SINGLE	1	698	720	12	2.080e-09	{K}
sp|P40562|MPH1_YEAST	SINGLE	2	642	678	10	7.544e-06	{I}
sp|P40562|MPH1_YEAST	SINGLE	3	274	283	6	9.064e-06	{K}
sp|P40562|MPH1_YEAST	MULTIPLE	1	655	680	14	1.462e-07	{IE}
sp|P40562|MPH1_YEAST	WHOLE	1	1	993	99	1.175e-06	{K}
sp|P40563|AIM21_YEAST	SINGLE	1	408	413	5	8.737e-07	{Q}
sp|P40563|AIM21_YEAST	SINGLE	2	377	396	8	1.605e-06	{P}
sp|P40563|AIM21_YEAST	MULTIPLE	1	495	509	11	3.621e-08	{RG}
sp|P40563|AIM21_YEAST	MULTIPLE	2	259	280	12	5.351e-07	{QE}
sp|P40563|AIM21_YEAST	MULTIPLE	3	640	657	13	1.306e-08	{QEM}
sp|P40563|AIM21_YEAST	WHOLE	1	1	679	87	9.771e-10	{E}
sp|P40563|AIM21_YEAST	WHOLE	2	1	679	82	1.870e-06	{S}
sp|P40564|DJP1_YEAST	SINGLE	1	114	134	10	2.267e-07	{E}
sp|P40564|DJP1_YEAST	SINGLE	2	188	193	5	5.074e-06	{K}
sp|P40564|DJP1_YEAST	WHOLE	1	1	432	54	2.064e-06	{E}
sp|P40564|DJP1_YEAST	WHOLE	2	1	432	52	2.255e-06	{K}
sp|P40568|DSN1_YEAST	SINGLE	1	351	406	19	7.333e-11	{D}
sp|P40568|DSN1_YEAST	SINGLE	2	147	154	6	7.444e-08	{Y}
sp|P40568|DSN1_YEAST	SINGLE	3	122	145	11	5.940e-07	{A}
sp|P40568|DSN1_YEAST	SINGLE	4	144	188	12	6.385e-07	{P}
sp|P40568|DSN1_YEAST	SINGLE	5	200	232	10	7.748e-07	{Q}
sp|P40568|DSN1_YEAST	SINGLE	6	363	374	7	2.774e-06	{E}
sp|P40568|DSN1_YEAST	MULTIPLE	1	348	409	32	3.826e-14	{DE}
sp|P40568|DSN1_YEAST	MULTIPLE	2	143	188	26	2.838e-14	{YPM}
sp|P40568|DSN1_YEAST	MULTIPLE	3	122	142	15	4.630e-10	{AN}
sp|P40573|MET28_YEAST	MULTIPLE	1	34	53	14	1.358e-07	{LS}
sp|P40577|MND2_YEAST	SINGLE	1	213	256	14	3.678e-07	{E}
sp|P40577|MND2_YEAST	SINGLE	2	285	319	11	1.659e-06	{D}
sp|P40577|MND2_YEAST	MULTIPLE	1	213	252	20	4.468e-09	{ED}
sp|P40578|MGA2_YEAST	SINGLE	1	1001	1016	10	7.203e-09	{E}
sp|P40578|MGA2_YEAST	SINGLE	2	94	112	10	6.792e-08	{E}
sp|P40578|MGA2_YEAST	SINGLE	3	524	528	5	1.487e-07	{N}
sp|P40578|MGA2_YEAST	SINGLE	4	600	605	5	8.539e-07	{N}
sp|P40578|MGA2_YEAST	SINGLE	5	329	371	13	1.072e-06	{T}
sp|P40578|MGA2_YEAST	SINGLE	6	841	878	12	7.635e-06	{S}
sp|P40578|MGA2_YEAST	MULTIPLE	1	421	435	11	2.090e-07	{NL}
sp|P40578|MGA2_YEAST	WHOLE	1	1	1113	123	4.950e-21	{N}
sp|P40693|RLP7_YEAST	SINGLE	1	118	124	6	4.936e-07	{E}
sp|P40693|RLP7_YEAST	SINGLE	2	38	54	8	2.913e-06	{K}
sp|P40825|SYA_YEAST	SINGLE	1	828	855	10	3.383e-06	{K}
sp|P40825|SYA_YEAST	SINGLE	2	2	42	12	3.982e-06	{T}
sp|P40825|SYA_YEAST	SINGLE	3	349	365	7	6.888e-06	{R}
sp|P40850|MKT1_YEAST	SINGLE	1	358	371	9	7.251e-08	{S}
sp|P40850|MKT1_YEAST	SINGLE	2	100	113	8	1.400e-06	{S}
sp|P40850|MKT1_YEAST	MULTIPLE	1	100	125	17	1.254e-09	{ST}
sp|P40851|AXL1_YEAST	MULTIPLE	1	254	276	13	3.409e-07	{RS}
sp|P40851|AXL1_YEAST	WHOLE	1	1	1208	86	6.579e-08	{F}
sp|P40851|AXL1_YEAST	WHOLE	2	1	1208	89	5.014e-07	{N}
sp|P40851|AXL1_YEAST	WHOLE	3	1	1208	95	3.303e-06	{I}
sp|P40890|VTH2_YEAST	WHOLE	1	1	1549	97	2.552e-06	{F}
sp|P40890|VTH2_YEAST	WHOLE	2	1	1549	128	2.885e-06	{D}
sp|P40917|YAP4_YEAST	MULTIPLE	1	167	192	13	7.256e-06	{TS}
sp|P40955|CHS6_YEAST	WHOLE	1	1	746	71	7.971e-08	{I}
sp|P40956|GTS1_YEAST	SINGLE	1	311	384	40	8.792e-35	{Q}
sp|P40956|GTS1_YEAST	SINGLE	2	329	359	15	2.115e-09	{A}
sp|P40956|GTS1_YEAST	SINGLE	3	234	242	6	9.427e-06	{S}
sp|P40956|GTS1_YEAST	MULTIPLE	1	311	381	57	2.847e-39	{QA}
sp|P40956|GTS1_YEAST	MULTIPLE	2	141	168	19	5.376e-09	{RDS}
sp|P40956|GTS1_YEAST	WHOLE	1	1	396	48	1.471e-10	{Q}
sp|P40957|MAD1_YEAST	SINGLE	1	330	372	29	1.062e-29	{N}
sp|P40957|MAD1_YEAST	SINGLE	2	394	436	12	1.608e-07	{N}
sp|P40957|MAD1_YEAST	SINGLE	3	323	329	6	1.953e-07	{D}
sp|P40957|MAD1_YEAST	SINGLE	4	465	503	10	3.920e-06	{N}
sp|P40957|MAD1_YEAST	WHOLE	1	1	749	94	4.290e-20	{N}
sp|P40957|MAD1_YEAST	WHOLE	2	1	749	81	4.902e-07	{K}
sp|P40957|MAD1_YEAST	WHOLE	3	1	749	105	4.688e-06	{L}
sp|P40959|MVP1_YEAST	SINGLE	1	131	137	5	5.528e-06	{I}
sp|P40963|SAS2_YEAST	SINGLE	1	15	38	11	5.470e-08	{K}
sp|P40968|PRP17_YEAST	MULTIPLE	1	46	64	11	8.260e-07	{RK}
sp|P40969|CBF3B_YEAST	SINGLE	1	14	42	6	5.499e-06	{C}
sp|P40970|LCB2_YEAST	MULTIPLE	1	58	74	10	9.908e-06	{YL}
sp|P40988|FET4_YEAST	SINGLE	1	474	482	6	1.036e-06	{I}
sp|P40988|FET4_YEAST	SINGLE	2	102	115	7	1.705e-06	{I}
sp|P40988|FET4_YEAST	MULTIPLE	1	349	389	14	1.187e-07	{WI}
sp|P40988|FET4_YEAST	WHOLE	1	1	552	53	2.156e-06	{I}
sp|P40989|FKS2_YEAST	SINGLE	1	261	278	9	3.600e-07	{K}
sp|P40989|FKS2_YEAST	SINGLE	2	28	76	12	7.791e-07	{Q}
sp|P40989|FKS2_YEAST	SINGLE	3	1639	1654	5	3.835e-06	{C}
sp|P40989|FKS2_YEAST	MULTIPLE	1	24	79	21	8.387e-10	{QY}
sp|P40989|FKS2_YEAST	MULTIPLE	2	583	601	11	4.833e-07	{VF}
sp|P40989|FKS2_YEAST	WHOLE	1	1	1895	116	9.683e-07	{F}
sp|P40991|NOP2_YEAST	SINGLE	1	90	137	18	3.388e-11	{D}
sp|P40991|NOP2_YEAST	SINGLE	2	135	193	20	3.683e-10	{E}
sp|P40991|NOP2_YEAST	SINGLE	3	23	61	14	3.629e-08	{K}
sp|P40991|NOP2_YEAST	SINGLE	4	62	80	9	9.770e-07	{E}
sp|P40991|NOP2_YEAST	MULTIPLE	1	90	188	49	7.909e-20	{DE}
sp|P40991|NOP2_YEAST	WHOLE	1	1	618	73	4.027e-07	{E}
sp|P40992|RRN7_YEAST	SINGLE	1	71	87	8	2.017e-07	{Q}
sp|P40993|RMRP_YEAST	SINGLE	1	141	186	15	5.189e-08	{K}
sp|P41546|HAC1_YEAST	SINGLE	1	29	61	10	1.903e-06	{R}
sp|P41695|BUB1_YEAST	MULTIPLE	1	624	644	11	8.204e-07	{PI}
sp|P41696|AZF1_YEAST	SINGLE	1	324	398	34	1.542e-26	{N}
sp|P41696|AZF1_YEAST	SINGLE	2	136	158	17	5.117e-19	{Q}
sp|P41696|AZF1_YEAST	SINGLE	3	825	897	20	2.035e-11	{N}
sp|P41696|AZF1_YEAST	SINGLE	4	246	290	15	3.025e-10	{N}
sp|P41696|AZF1_YEAST	SINGLE	5	7	57	15	2.285e-09	{Q}
sp|P41696|AZF1_YEAST	SINGLE	6	771	801	12	2.510e-09	{N}
sp|P41696|AZF1_YEAST	SINGLE	7	212	220	6	4.848e-07	{Q}
sp|P41696|AZF1_YEAST	SINGLE	8	856	860	5	1.948e-06	{S}
sp|P41696|AZF1_YEAST	MULTIPLE	1	825	900	35	5.104e-14	{NS}
sp|P41696|AZF1_YEAST	MULTIPLE	2	246	304	24	9.732e-12	{NF}
sp|P41696|AZF1_YEAST	MULTIPLE	3	771	809	20	1.142e-09	{NS}
sp|P41696|AZF1_YEAST	WHOLE	1	1	914	129	9.350e-32	{N}
sp|P41696|AZF1_YEAST	WHOLE	2	1	914	111	3.375e-08	{S}
sp|P41696|AZF1_YEAST	WHOLE	3	1	914	71	1.187e-06	{Q}
sp|P41697|BUD6_YEAST	SINGLE	1	301	315	7	1.250e-06	{N}
sp|P41697|BUD6_YEAST	SINGLE	2	20	24	5	1.948e-06	{S}
sp|P41697|BUD6_YEAST	SINGLE	3	272	276	5	2.962e-06	{A}
sp|P41698|BUD8_YEAST	SINGLE	1	84	95	10	2.157e-10	{S}
sp|P41698|BUD8_YEAST	SINGLE	2	11	28	9	1.305e-06	{S}
sp|P41698|BUD8_YEAST	MULTIPLE	1	306	360	20	2.633e-06	{SI}
sp|P41698|BUD8_YEAST	WHOLE	1	1	603	90	3.633e-11	{S}
sp|P41735|COQ7_YEAST	SINGLE	1	79	99	6	4.184e-06	{H}
sp|P41800|MMM1_YEAST	SINGLE	1	92	121	10	1.130e-07	{F}
sp|P41800|MMM1_YEAST	MULTIPLE	1	76	128	22	1.237e-08	{FS}
sp|P41809|HKR1_YEAST	SINGLE	1	354	878	188	4.283e-79	{S}
sp|P41809|HKR1_YEAST	SINGLE	2	1018	1134	41	3.199e-18	{S}
sp|P41809|HKR1_YEAST	SINGLE	3	253	331	30	7.759e-15	{S}
sp|P41809|HKR1_YEAST	SINGLE	4	89	170	28	1.250e-12	{S}
sp|P41809|HKR1_YEAST	SINGLE	5	900	969	23	2.870e-10	{S}
sp|P41809|HKR1_YEAST	SINGLE	6	1292	1330	14	2.384e-07	{S}
sp|P41809|HKR1_YEAST	SINGLE	7	65	116	15	3.227e-07	{T}
sp|P41809|HKR1_YEAST	SINGLE	8	29	63	13	4.049e-07	{S}
sp|P41809|HKR1_YEAST	SINGLE	9	1589	1628	12	9.827e-07	{D}
sp|P41809|HKR1_YEAST	SINGLE	10	1333	1341	6	3.865e-06	{K}
sp|P41809|HKR1_YEAST	SINGLE	11	1155	1166	7	5.518e-06	{S}
sp|P41809|HKR1_YEAST	MULTIPLE	1	353	893	263	2.690e-86	{ST}
sp|P41809|HKR1_YEAST	MULTIPLE	2	253	332	42	9.217e-17	{ST}
sp|P41809|HKR1_YEAST	MULTIPLE	3	23	187	90	1.878e-25	{STI}
sp|P41809|HKR1_YEAST	MULTIPLE	4	1176	1213	15	3.833e-06	{TP}
sp|P41809|HKR1_YEAST	WHOLE	1	1	1802	437	2.653e-112	{S}
sp|P41809|HKR1_YEAST	WHOLE	2	1	1802	213	2.605e-19	{T}
sp|P41811|COPB2_YEAST	SINGLE	1	833	888	20	1.267e-10	{E}
sp|P41811|COPB2_YEAST	SINGLE	2	867	877	7	7.889e-08	{Q}
sp|P41811|COPB2_YEAST	MULTIPLE	1	833	888	28	2.880e-13	{EQ}
sp|P41812|POP1_YEAST	SINGLE	1	94	121	11	2.839e-08	{R}
sp|P41812|POP1_YEAST	MULTIPLE	1	556	572	10	1.718e-06	{WL}
sp|P41813|FKH2_YEAST	SINGLE	1	713	726	9	8.243e-10	{N}
sp|P41813|FKH2_YEAST	SINGLE	2	507	532	11	3.990e-09	{Q}
sp|P41813|FKH2_YEAST	SINGLE	3	263	272	7	2.905e-08	{N}
sp|P41813|FKH2_YEAST	SINGLE	4	586	641	13	5.035e-07	{N}
sp|P41813|FKH2_YEAST	SINGLE	5	558	567	6	1.129e-06	{N}
sp|P41813|FKH2_YEAST	SINGLE	6	645	663	8	8.162e-06	{T}
sp|P41813|FKH2_YEAST	MULTIPLE	1	504	532	17	2.790e-11	{QP}
sp|P41813|FKH2_YEAST	MULTIPLE	2	645	665	14	2.581e-08	{TS}
sp|P41813|FKH2_YEAST	MULTIPLE	3	743	785	18	3.643e-07	{SN}
sp|P41813|FKH2_YEAST	WHOLE	1	1	862	115	2.119e-26	{N}
sp|P41813|FKH2_YEAST	WHOLE	2	1	862	102	3.526e-07	{S}
sp|P41821|MID1_YEAST	SINGLE	1	236	254	7	3.439e-06	{Y}
sp|P41821|MID1_YEAST	SINGLE	2	151	198	14	3.885e-06	{S}
sp|P41832|BNI1_YEAST	SINGLE	1	1278	1354	30	2.685e-20	{P}
sp|P41832|BNI1_YEAST	SINGLE	2	1239	1250	11	2.636e-14	{P}
sp|P41832|BNI1_YEAST	SINGLE	3	236	305	24	4.367e-11	{S}
sp|P41832|BNI1_YEAST	SINGLE	4	111	162	17	6.148e-08	{S}
sp|P41832|BNI1_YEAST	SINGLE	5	1050	1089	14	3.402e-07	{S}
sp|P41832|BNI1_YEAST	SINGLE	6	904	921	9	3.600e-07	{K}
sp|P41832|BNI1_YEAST	SINGLE	7	1751	1795	14	4.993e-07	{E}
sp|P41832|BNI1_YEAST	SINGLE	8	5	21	9	7.035e-07	{S}
sp|P41832|BNI1_YEAST	SINGLE	9	59	79	9	6.304e-06	{S}
sp|P41832|BNI1_YEAST	MULTIPLE	1	1039	1085	24	1.056e-09	{SE}
sp|P41832|BNI1_YEAST	MULTIPLE	2	1751	1795	21	2.133e-08	{EK}
sp|P41832|BNI1_YEAST	MULTIPLE	3	1723	1742	11	7.116e-07	{FK}
sp|P41832|BNI1_YEAST	MULTIPLE	4	593	629	14	4.658e-06	{ND}
sp|P41832|BNI1_YEAST	WHOLE	1	1	1953	215	3.141e-10	{S}
sp|P41832|BNI1_YEAST	WHOLE	2	1	1953	181	2.485e-08	{K}
sp|P41833|MTA70_YEAST	SINGLE	1	541	591	15	2.285e-09	{Q}
sp|P41833|MTA70_YEAST	SINGLE	2	112	116	5	1.948e-06	{S}
sp|P41833|MTA70_YEAST	MULTIPLE	1	518	591	29	8.954e-11	{QK}
sp|P41895|T2FA_YEAST	SINGLE	1	464	533	20	1.018e-08	{E}
sp|P41895|T2FA_YEAST	SINGLE	2	574	628	15	6.796e-07	{K}
sp|P41895|T2FA_YEAST	SINGLE	3	450	476	10	9.006e-07	{D}
sp|P41895|T2FA_YEAST	SINGLE	4	24	35	6	8.314e-06	{R}
sp|P41895|T2FA_YEAST	MULTIPLE	1	455	533	35	8.027e-13	{ED}
sp|P41895|T2FA_YEAST	MULTIPLE	2	210	265	20	1.625e-06	{SN}
sp|P41895|T2FA_YEAST	WHOLE	1	1	735	75	8.397e-06	{K}
sp|P41896|T2FB_YEAST	MULTIPLE	1	163	179	15	2.705e-10	{QKE}
sp|P41901|SPR3_YEAST	SINGLE	1	383	400	8	7.119e-06	{E}
sp|P41909|PXA1_YEAST	SINGLE	1	99	110	7	3.585e-07	{R}
sp|P41909|PXA1_YEAST	WHOLE	1	1	870	77	4.034e-07	{I}
sp|P41911|GPD2_YEAST	SINGLE	1	46	65	6	3.056e-06	{H}
sp|P41920|YRB1_YEAST	MULTIPLE	1	32	53	15	2.325e-09	{KE}
sp|P41920|YRB1_YEAST	WHOLE	1	1	201	33	2.030e-07	{K}
sp|P41921|GSHR_YEAST	SINGLE	1	30	35	5	7.177e-06	{G}
sp|P41948|MEP2_YEAST	MULTIPLE	1	6	21	11	3.409e-07	{TG}
sp|P41948|MEP2_YEAST	WHOLE	1	1	499	60	3.755e-06	{G}
sp|P42073|REF2_YEAST	SINGLE	1	193	230	17	2.109e-11	{K}
sp|P42073|REF2_YEAST	SINGLE	2	321	328	6	3.387e-06	{S}
sp|P42073|REF2_YEAST	WHOLE	1	1	533	73	1.439e-10	{K}
sp|P42835|EGT2_YEAST	SINGLE	1	301	531	79	1.047e-32	{S}
sp|P42835|EGT2_YEAST	SINGLE	2	549	569	12	2.958e-09	{S}
sp|P42835|EGT2_YEAST	SINGLE	3	576	618	15	1.941e-08	{T}
sp|P42835|EGT2_YEAST	SINGLE	4	975	1019	15	2.702e-07	{S}
sp|P42835|EGT2_YEAST	SINGLE	5	437	488	15	3.227e-07	{T}
sp|P42835|EGT2_YEAST	SINGLE	6	666	701	13	5.880e-07	{S}
sp|P42835|EGT2_YEAST	SINGLE	7	682	694	7	4.116e-06	{T}
sp|P42835|EGT2_YEAST	SINGLE	8	648	658	7	4.334e-06	{A}
sp|P42835|EGT2_YEAST	MULTIPLE	1	305	533	117	3.464e-42	{ST}
sp|P42835|EGT2_YEAST	MULTIPLE	2	970	1019	26	7.892e-11	{ST}
sp|P42835|EGT2_YEAST	MULTIPLE	3	659	701	23	4.600e-10	{ST}
sp|P42835|EGT2_YEAST	MULTIPLE	4	635	658	13	7.549e-07	{AN}
sp|P42835|EGT2_YEAST	MULTIPLE	5	748	773	13	7.256e-06	{TS}
sp|P42835|EGT2_YEAST	WHOLE	1	1	1041	216	6.784e-45	{S}
sp|P42835|EGT2_YEAST	WHOLE	2	1	1041	178	2.409e-34	{T}
sp|P42836|PFA3_YEAST	SINGLE	1	94	140	9	5.074e-08	{C}
sp|P42836|PFA3_YEAST	MULTIPLE	1	94	140	15	1.007e-10	{CH}
sp|P42837|FIG4_YEAST	SINGLE	1	794	814	11	3.124e-09	{D}
sp|P42837|FIG4_YEAST	SINGLE	2	130	146	7	8.304e-06	{I}
sp|P42838|LEM3_YEAST	SINGLE	1	28	42	8	1.281e-06	{E}
sp|P42839|VNX1_YEAST	SINGLE	1	89	96	5	2.581e-07	{H}
sp|P42839|VNX1_YEAST	SINGLE	2	135	145	7	4.312e-07	{D}
sp|P42844|ZIM17_YEAST	SINGLE	1	102	120	6	2.187e-06	{H}
sp|P42845|STB1_YEAST	SINGLE	1	156	169	10	1.856e-11	{N}
sp|P42845|STB1_YEAST	WHOLE	1	1	420	56	3.962e-06	{S}
sp|P42845|STB1_YEAST	WHOLE	2	1	420	41	5.280e-06	{P}
sp|P42935|ELP2_YEAST	MULTIPLE	1	506	517	10	3.322e-08	{ED}
sp|P42945|UTP10_YEAST	SINGLE	1	823	827	5	2.522e-07	{R}
sp|P42945|UTP10_YEAST	MULTIPLE	1	1100	1110	10	1.765e-08	{SK}
sp|P42945|UTP10_YEAST	MULTIPLE	2	1492	1516	12	4.015e-06	{FS}
sp|P42945|UTP10_YEAST	WHOLE	1	1	1769	257	1.400e-13	{L}
sp|P42945|UTP10_YEAST	WHOLE	2	1	1769	141	1.283e-08	{I}
sp|P42945|UTP10_YEAST	WHOLE	3	1	1769	187	5.804e-08	{S}
sp|P42948|SET4_YEAST	SINGLE	1	26	38	9	2.791e-08	{S}
sp|P42948|SET4_YEAST	SINGLE	2	109	118	7	1.710e-06	{A}
sp|P42951|LSB6_YEAST	SINGLE	1	276	281	5	5.074e-06	{K}
sp|P42951|LSB6_YEAST	MULTIPLE	1	346	374	15	1.118e-06	{SE}
sp|P43132|BRE2_YEAST	SINGLE	1	410	420	8	2.899e-08	{K}
sp|P43132|BRE2_YEAST	MULTIPLE	1	410	420	11	1.728e-11	{KQ}
sp|P43497|CWP2_YEAST	SINGLE	1	37	47	8	2.973e-08	{T}
sp|P43497|CWP2_YEAST	SINGLE	2	73	89	10	9.635e-08	{A}
sp|P43497|CWP2_YEAST	SINGLE	3	7	25	9	4.569e-06	{A}
sp|P43497|CWP2_YEAST	WHOLE	1	1	92	24	9.126e-08	{A}
sp|P43534|THI5_YEAST	SINGLE	1	192	205	6	4.428e-08	{C}
sp|P43535|GCN20_YEAST	SINGLE	1	140	173	11	3.313e-06	{K}
sp|P43555|EMP47_YEAST	SINGLE	1	1	7	4	7.399e-06	{M}
sp|P43558|OTU1_YEAST	SINGLE	1	84	90	5	4.239e-06	{P}
sp|P43563|MOB2_YEAST	SINGLE	1	57	92	11	1.993e-07	{Q}
sp|P43563|MOB2_YEAST	SINGLE	2	228	252	7	7.564e-07	{H}
sp|P43563|MOB2_YEAST	MULTIPLE	1	223	260	15	2.144e-09	{HF}
sp|P43564|MIL1_YEAST	SINGLE	1	253	266	9	7.637e-09	{D}
sp|P43564|MIL1_YEAST	SINGLE	2	550	591	14	2.456e-07	{G}
sp|P43564|MIL1_YEAST	SINGLE	3	894	932	13	2.967e-07	{K}
sp|P43564|MIL1_YEAST	SINGLE	4	530	538	6	8.757e-07	{R}
sp|P43564|MIL1_YEAST	SINGLE	5	951	960	6	1.129e-06	{N}
sp|P43564|MIL1_YEAST	MULTIPLE	1	550	593	20	9.531e-08	{GT}
sp|P43564|MIL1_YEAST	MULTIPLE	2	894	932	16	8.632e-09	{KW}
sp|P43564|MIL1_YEAST	MULTIPLE	3	128	140	11	8.740e-09	{DS}
sp|P43565|RIM15_YEAST	SINGLE	1	343	358	15	5.036e-20	{N}
sp|P43565|RIM15_YEAST	SINGLE	2	1080	1123	13	2.346e-08	{N}
sp|P43565|RIM15_YEAST	SINGLE	3	967	980	8	2.745e-08	{N}
sp|P43565|RIM15_YEAST	SINGLE	4	1565	1629	19	7.878e-08	{S}
sp|P43565|RIM15_YEAST	SINGLE	5	669	684	9	9.894e-08	{T}
sp|P43565|RIM15_YEAST	SINGLE	6	1516	1557	14	6.673e-07	{S}
sp|P43565|RIM15_YEAST	SINGLE	7	1463	1488	11	6.882e-07	{S}
sp|P43565|RIM15_YEAST	SINGLE	8	611	632	10	1.000e-06	{S}
sp|P43565|RIM15_YEAST	SINGLE	9	979	1028	15	1.213e-06	{S}
sp|P43565|RIM15_YEAST	SINGLE	10	24	38	8	2.783e-06	{S}
sp|P43565|RIM15_YEAST	SINGLE	11	1386	1391	5	5.156e-06	{T}
sp|P43565|RIM15_YEAST	SINGLE	12	1044	1074	11	5.189e-06	{S}
sp|P43565|RIM15_YEAST	SINGLE	13	1213	1218	5	6.509e-06	{E}
sp|P43565|RIM15_YEAST	SINGLE	14	171	197	9	8.500e-06	{D}
sp|P43565|RIM15_YEAST	MULTIPLE	1	967	1031	34	2.254e-10	{NST}
sp|P43565|RIM15_YEAST	MULTIPLE	2	1576	1627	26	2.045e-11	{SR}
sp|P43565|RIM15_YEAST	MULTIPLE	3	1327	1352	15	1.679e-08	{SN}
sp|P43565|RIM15_YEAST	WHOLE	1	1	1770	230	4.539e-18	{S}
sp|P43565|RIM15_YEAST	WHOLE	2	1	1770	141	3.054e-12	{N}
sp|P43571|BST1_YEAST	SINGLE	1	902	926	12	5.452e-07	{L}
sp|P43571|BST1_YEAST	SINGLE	2	931	937	5	5.528e-06	{I}
sp|P43571|BST1_YEAST	SINGLE	3	871	875	5	6.591e-06	{L}
sp|P43571|BST1_YEAST	MULTIPLE	1	902	926	17	5.634e-10	{LN}
sp|P43571|BST1_YEAST	WHOLE	1	1	1029	87	5.256e-07	{I}
sp|P43571|BST1_YEAST	WHOLE	2	1	1029	135	7.764e-06	{L}
sp|P43572|EPL1_YEAST	SINGLE	1	777	795	17	1.035e-21	{Q}
sp|P43572|EPL1_YEAST	SINGLE	2	447	461	13	1.808e-16	{Q}
sp|P43572|EPL1_YEAST	SINGLE	3	419	428	9	1.031e-09	{A}
sp|P43572|EPL1_YEAST	SINGLE	4	313	335	9	5.457e-07	{R}
sp|P43572|EPL1_YEAST	SINGLE	5	14	53	13	2.270e-06	{S}
sp|P43572|EPL1_YEAST	SINGLE	6	799	823	8	6.089e-06	{N}
sp|P43572|EPL1_YEAST	MULTIPLE	1	14	61	21	3.254e-08	{SR}
sp|P43572|EPL1_YEAST	MULTIPLE	2	797	825	17	1.324e-09	{NS}
sp|P43573|BUD27_YEAST	SINGLE	1	581	589	8	7.762e-10	{D}
sp|P43573|BUD27_YEAST	SINGLE	2	551	574	11	5.470e-08	{K}
sp|P43573|BUD27_YEAST	SINGLE	3	170	216	15	7.150e-08	{K}
sp|P43573|BUD27_YEAST	SINGLE	4	267	277	7	1.236e-06	{E}
sp|P43573|BUD27_YEAST	SINGLE	5	426	440	7	2.514e-06	{R}
sp|P43573|BUD27_YEAST	SINGLE	6	318	340	9	4.399e-06	{K}
sp|P43573|BUD27_YEAST	SINGLE	7	290	307	7	5.580e-06	{Q}
sp|P43573|BUD27_YEAST	SINGLE	8	459	493	11	7.172e-06	{V}
sp|P43573|BUD27_YEAST	MULTIPLE	1	236	277	27	4.064e-12	{EDN}
sp|P43573|BUD27_YEAST	MULTIPLE	2	459	493	19	6.312e-09	{VE}
sp|P43573|BUD27_YEAST	MULTIPLE	3	115	151	15	2.431e-06	{EN}
sp|P43573|BUD27_YEAST	MULTIPLE	4	46	58	9	4.722e-06	{EG}
sp|P43573|BUD27_YEAST	WHOLE	1	1	796	114	2.348e-15	{E}
sp|P43573|BUD27_YEAST	WHOLE	2	1	796	83	1.421e-06	{K}
sp|P43583|BLM10_YEAST	MULTIPLE	1	1436	1455	12	3.753e-06	{LD}
sp|P43583|BLM10_YEAST	WHOLE	1	1	2143	151	3.772e-06	{I}
sp|P43585|VTC2_YEAST	SINGLE	1	258	264	6	9.125e-07	{S}
sp|P43585|VTC2_YEAST	SINGLE	2	480	493	8	1.400e-06	{S}
sp|P43585|VTC2_YEAST	SINGLE	3	563	575	7	4.029e-06	{K}
sp|P43585|VTC2_YEAST	SINGLE	4	658	663	5	6.509e-06	{E}
sp|P43585|VTC2_YEAST	MULTIPLE	1	26	52	13	2.810e-06	{DK}
sp|P43586|LOC1_YEAST	SINGLE	1	140	199	18	1.097e-08	{K}
sp|P43586|LOC1_YEAST	SINGLE	2	39	73	12	5.971e-07	{K}
sp|P43586|LOC1_YEAST	MULTIPLE	1	124	199	44	2.646e-15	{KER}
sp|P43586|LOC1_YEAST	WHOLE	1	1	204	41	1.627e-11	{K}
sp|P43587|YPI1_YEAST	SINGLE	1	93	103	9	2.493e-09	{S}
sp|P43587|YPI1_YEAST	SINGLE	2	114	124	7	1.569e-07	{R}
sp|P43588|RPN11_YEAST	SINGLE	1	256	265	7	4.808e-07	{E}
sp|P43593|UBP6_YEAST	SINGLE	1	99	106	5	7.464e-06	{Q}
sp|P43593|UBP6_YEAST	MULTIPLE	1	352	378	15	1.203e-07	{KE}
sp|P43597|AIP5_YEAST	SINGLE	1	464	535	26	1.713e-13	{E}
sp|P43597|AIP5_YEAST	SINGLE	2	983	1056	23	1.334e-10	{E}
sp|P43597|AIP5_YEAST	SINGLE	3	800	874	23	1.799e-10	{E}
sp|P43597|AIP5_YEAST	SINGLE	4	186	192	6	3.659e-07	{K}
sp|P43597|AIP5_YEAST	MULTIPLE	1	184	199	11	6.764e-08	{KR}
sp|P43597|AIP5_YEAST	MULTIPLE	2	631	678	21	8.398e-08	{EK}
sp|P43597|AIP5_YEAST	MULTIPLE	3	283	309	15	1.417e-08	{NE}
sp|P43597|AIP5_YEAST	WHOLE	1	1	1233	215	2.171e-39	{E}
sp|P43597|AIP5_YEAST	WHOLE	2	1	1233	119	6.148e-07	{K}
sp|P43597|AIP5_YEAST	WHOLE	3	1	1233	104	8.828e-06	{D}
sp|P43597|AIP5_YEAST	WHOLE	4	1	1233	85	9.234e-06	{N}
sp|P43601|ATG18_YEAST	WHOLE	1	1	500	65	1.818e-06	{S}
sp|P43602|ROG3_YEAST	SINGLE	1	641	710	27	1.063e-13	{S}
sp|P43602|ROG3_YEAST	SINGLE	2	124	154	14	7.623e-09	{S}
sp|P43602|ROG3_YEAST	SINGLE	3	80	87	7	7.519e-08	{S}
sp|P43602|ROG3_YEAST	SINGLE	4	423	427	5	1.160e-06	{E}
sp|P43602|ROG3_YEAST	MULTIPLE	1	645	706	32	1.061e-14	{SN}
sp|P43602|ROG3_YEAST	MULTIPLE	2	305	323	9	6.713e-06	{NF}
sp|P43602|ROG3_YEAST	WHOLE	1	1	733	124	7.838e-19	{S}
sp|P43603|LSB3_YEAST	SINGLE	1	277	284	8	9.133e-11	{D}
sp|P43603|LSB3_YEAST	SINGLE	2	229	240	9	9.410e-10	{D}
sp|P43603|LSB3_YEAST	SINGLE	3	339	348	7	1.660e-07	{D}
sp|P43603|LSB3_YEAST	SINGLE	4	139	155	9	1.416e-06	{A}
sp|P43603|LSB3_YEAST	SINGLE	5	371	402	11	7.338e-06	{S}
sp|P43603|LSB3_YEAST	MULTIPLE	1	229	244	14	3.736e-13	{DY}
sp|P43603|LSB3_YEAST	MULTIPLE	2	351	402	20	8.079e-07	{SR}
sp|P43603|LSB3_YEAST	MULTIPLE	3	311	336	14	2.674e-07	{RS}
sp|P43603|LSB3_YEAST	MULTIPLE	4	81	97	11	2.821e-06	{GA}
sp|P43603|LSB3_YEAST	WHOLE	1	1	459	59	6.771e-06	{S}
sp|P43610|IRC5_YEAST	SINGLE	1	41	91	17	9.792e-10	{D}
sp|P43610|IRC5_YEAST	SINGLE	2	177	195	10	4.228e-08	{K}
sp|P43610|IRC5_YEAST	WHOLE	1	1	853	73	2.103e-08	{N}
sp|P43612|SA155_YEAST	SINGLE	1	955	997	23	1.559e-20	{N}
sp|P43612|SA155_YEAST	SINGLE	2	259	274	9	3.892e-08	{D}
sp|P43612|SA155_YEAST	SINGLE	3	97	114	10	9.128e-08	{S}
sp|P43612|SA155_YEAST	SINGLE	4	627	639	7	3.640e-07	{N}
sp|P43612|SA155_YEAST	SINGLE	5	620	650	11	4.233e-07	{D}
sp|P43612|SA155_YEAST	SINGLE	6	974	1000	10	9.006e-07	{D}
sp|P43612|SA155_YEAST	SINGLE	7	241	271	9	3.925e-06	{N}
sp|P43612|SA155_YEAST	SINGLE	8	165	172	5	4.541e-06	{F}
sp|P43612|SA155_YEAST	SINGLE	9	87	95	6	5.178e-06	{E}
sp|P43612|SA155_YEAST	MULTIPLE	1	953	1000	34	7.215e-24	{ND}
sp|P43612|SA155_YEAST	MULTIPLE	2	239	274	20	1.067e-11	{DN}
sp|P43612|SA155_YEAST	MULTIPLE	3	620	650	18	4.221e-11	{ND}
sp|P43612|SA155_YEAST	WHOLE	1	1	1002	109	2.301e-18	{N}
sp|P43612|SA155_YEAST	WHOLE	2	1	1002	97	6.389e-08	{D}
sp|P43612|SA155_YEAST	WHOLE	3	1	1002	82	3.439e-06	{I}
sp|P43618|CENPT_YEAST	SINGLE	1	217	248	11	2.753e-06	{E}
sp|P43621|COPD_YEAST	SINGLE	1	139	174	12	1.419e-06	{E}
sp|P43621|COPD_YEAST	MULTIPLE	1	139	175	19	2.051e-09	{ER}
sp|P43633|ALK1_YEAST	SINGLE	1	318	449	39	1.299e-14	{S}
sp|P43633|ALK1_YEAST	SINGLE	2	251	269	13	2.464e-11	{S}
sp|P43633|ALK1_YEAST	SINGLE	3	145	175	14	7.623e-09	{S}
sp|P43633|ALK1_YEAST	SINGLE	4	89	129	16	8.466e-09	{S}
sp|P43633|ALK1_YEAST	SINGLE	5	48	63	8	7.437e-07	{D}
sp|P43633|ALK1_YEAST	SINGLE	6	240	245	5	8.737e-07	{Q}
sp|P43633|ALK1_YEAST	MULTIPLE	1	314	449	56	9.147e-16	{SK}
sp|P43633|ALK1_YEAST	WHOLE	1	1	760	116	1.623e-14	{S}
sp|P43637|TOS3_YEAST	SINGLE	1	424	455	13	1.193e-07	{S}
sp|P43637|TOS3_YEAST	MULTIPLE	1	19	26	7	1.906e-06	{SN}
sp|P43637|TOS3_YEAST	WHOLE	1	1	560	72	8.221e-07	{S}
sp|P43639|CSK2B_YEAST	SINGLE	1	79	95	8	4.231e-06	{E}
sp|P43639|CSK2B_YEAST	MULTIPLE	1	78	95	14	2.519e-10	{ED}
sp|P45818|ROK1_YEAST	SINGLE	1	504	538	11	4.532e-06	{K}
sp|P45818|ROK1_YEAST	MULTIPLE	1	502	538	15	9.340e-08	{KM}
sp|P45818|ROK1_YEAST	WHOLE	1	1	564	56	4.302e-07	{I}
sp|P45818|ROK1_YEAST	WHOLE	2	1	564	62	4.962e-06	{K}
sp|P45978|SCD6_YEAST	SINGLE	1	85	120	11	1.993e-07	{Q}
sp|P45978|SCD6_YEAST	SINGLE	2	282	316	11	3.912e-07	{R}
sp|P45978|SCD6_YEAST	SINGLE	3	86	129	12	4.911e-07	{P}
sp|P45978|SCD6_YEAST	SINGLE	4	289	311	10	7.696e-07	{G}
sp|P45978|SCD6_YEAST	SINGLE	5	296	338	11	1.339e-06	{N}
sp|P45978|SCD6_YEAST	SINGLE	6	160	211	12	1.456e-06	{N}
sp|P45978|SCD6_YEAST	MULTIPLE	1	85	124	22	2.044e-13	{QP}
sp|P45978|SCD6_YEAST	MULTIPLE	2	288	330	30	3.153e-15	{RGN}
sp|P45978|SCD6_YEAST	WHOLE	1	1	349	38	1.449e-07	{N}
sp|P46654|RSSA2_YEAST	SINGLE	1	208	245	18	3.756e-12	{E}
sp|P46654|RSSA2_YEAST	MULTIPLE	1	208	247	27	2.712e-14	{EA}
sp|P46655|SYEC_YEAST	MULTIPLE	1	533	565	14	7.212e-06	{KD}
sp|P46655|SYEC_YEAST	MULTIPLE	2	301	337	15	4.142e-06	{RE}
sp|P46669|RPA43_YEAST	SINGLE	1	181	202	10	8.431e-09	{N}
sp|P46669|RPA43_YEAST	WHOLE	1	1	326	34	1.549e-06	{N}
sp|P46672|ARC1_YEAST	SINGLE	1	132	205	21	2.105e-09	{K}
sp|P46672|ARC1_YEAST	SINGLE	2	192	197	5	8.737e-07	{Q}
sp|P46672|ARC1_YEAST	SINGLE	3	136	148	8	1.221e-06	{A}
sp|P46672|ARC1_YEAST	MULTIPLE	1	132	208	39	2.313e-14	{KA}
sp|P46672|ARC1_YEAST	WHOLE	1	1	376	47	2.399e-06	{K}
sp|P46673|NUP85_YEAST	SINGLE	1	646	652	6	3.854e-06	{L}
sp|P46674|SAC3_YEAST	SINGLE	1	13	42	11	2.255e-08	{N}
sp|P46674|SAC3_YEAST	SINGLE	2	695	710	8	2.395e-06	{E}
sp|P46674|SAC3_YEAST	SINGLE	3	244	248	5	2.962e-06	{A}
sp|P46674|SAC3_YEAST	SINGLE	4	578	590	6	8.081e-06	{N}
sp|P46674|SAC3_YEAST	MULTIPLE	1	13	42	16	1.902e-10	{NF}
sp|P46674|SAC3_YEAST	MULTIPLE	2	695	719	15	2.967e-08	{EK}
sp|P46674|SAC3_YEAST	MULTIPLE	3	1112	1128	10	1.470e-06	{KQ}
sp|P46674|SAC3_YEAST	WHOLE	1	1	1301	93	9.777e-07	{N}
sp|P46674|SAC3_YEAST	WHOLE	2	1	1301	134	9.294e-06	{S}
sp|P46675|STU2_YEAST	SINGLE	1	770	790	10	5.878e-07	{S}
sp|P46675|STU2_YEAST	WHOLE	1	1	888	88	4.958e-06	{K}
sp|P46676|SUM1_YEAST	SINGLE	1	514	523	9	1.031e-09	{A}
sp|P46676|SUM1_YEAST	SINGLE	2	457	470	8	2.745e-08	{N}
sp|P46676|SUM1_YEAST	SINGLE	3	138	199	15	3.860e-08	{N}
sp|P46676|SUM1_YEAST	MULTIPLE	1	136	203	27	2.056e-09	{NS}
sp|P46676|SUM1_YEAST	MULTIPLE	2	363	395	16	2.140e-07	{SP}
sp|P46676|SUM1_YEAST	MULTIPLE	3	770	802	14	5.802e-06	{NS}
sp|P46676|SUM1_YEAST	WHOLE	1	1	1062	99	9.073e-13	{N}
sp|P46676|SUM1_YEAST	WHOLE	2	1	1062	125	3.059e-08	{S}
sp|P46677|TAF1_YEAST	SINGLE	1	53	69	9	7.812e-08	{D}
sp|P46677|TAF1_YEAST	SINGLE	2	192	226	11	4.532e-06	{K}
sp|P46677|TAF1_YEAST	MULTIPLE	1	903	952	19	5.835e-07	{IK}
sp|P46677|TAF1_YEAST	MULTIPLE	2	839	860	13	1.041e-07	{NS}
sp|P46677|TAF1_YEAST	WHOLE	1	1	1066	79	1.538e-06	{N}
sp|P46677|TAF1_YEAST	WHOLE	2	1	1066	102	4.473e-06	{K}
sp|P46678|TFC5_YEAST	SINGLE	1	330	342	9	1.132e-08	{E}
sp|P46678|TFC5_YEAST	SINGLE	2	129	156	11	1.647e-06	{S}
sp|P46678|TFC5_YEAST	SINGLE	3	307	318	6	8.314e-06	{R}
sp|P46678|TFC5_YEAST	MULTIPLE	1	574	591	11	3.365e-07	{EN}
sp|P46678|TFC5_YEAST	MULTIPLE	2	500	526	11	6.427e-06	{HE}
sp|P46678|TFC5_YEAST	WHOLE	1	1	594	65	3.566e-06	{K}
sp|P46678|TFC5_YEAST	WHOLE	2	1	594	67	4.797e-06	{E}
sp|P46680|AIP1_YEAST	SINGLE	1	548	553	5	6.509e-06	{E}
sp|P46680|AIP1_YEAST	WHOLE	1	1	615	75	3.317e-06	{S}
sp|P46682|AP3B_YEAST	SINGLE	1	773	805	14	2.027e-08	{S}
sp|P46682|AP3B_YEAST	SINGLE	2	693	712	9	3.882e-06	{S}
sp|P46682|AP3B_YEAST	SINGLE	3	771	783	7	5.621e-06	{E}
sp|P46682|AP3B_YEAST	MULTIPLE	1	771	805	29	8.206e-16	{SED}
sp|P46682|AP3B_YEAST	MULTIPLE	2	100	150	23	1.153e-06	{SL}
sp|P46682|AP3B_YEAST	WHOLE	1	1	809	94	1.920e-06	{S}
sp|P46944|TRS85_YEAST	SINGLE	1	234	252	7	8.205e-06	{N}
sp|P46947|CWC26_YEAST	SINGLE	1	15	28	9	1.914e-08	{K}
sp|P46947|CWC26_YEAST	WHOLE	1	1	266	39	3.532e-07	{K}
sp|P46951|YPP1_YEAST	SINGLE	1	479	487	7	1.543e-07	{E}
sp|P46951|YPP1_YEAST	WHOLE	1	1	817	64	2.375e-06	{N}
sp|P46957|DPOD2_YEAST	SINGLE	1	193	209	7	5.840e-06	{P}
sp|P46959|TRM61_YEAST	SINGLE	1	259	294	10	4.511e-06	{R}
sp|P46959|TRM61_YEAST	MULTIPLE	1	124	142	9	5.679e-07	{FH}
sp|P46963|CTK3_YEAST	SINGLE	1	152	178	10	2.385e-06	{T}
sp|P46963|CTK3_YEAST	MULTIPLE	1	24	39	11	5.362e-07	{ST}
sp|P46971|PMT4_YEAST	SINGLE	1	642	655	6	7.799e-06	{F}
sp|P46971|PMT4_YEAST	WHOLE	1	1	762	59	4.562e-07	{F}
sp|P46989|ATG27_YEAST	MULTIPLE	1	166	196	23	1.846e-11	{DKG}
sp|P46995|SET2_YEAST	SINGLE	1	68	109	8	2.929e-07	{C}
sp|P46995|SET2_YEAST	SINGLE	2	506	526	10	5.878e-07	{S}
sp|P46995|SET2_YEAST	SINGLE	3	545	604	16	7.894e-07	{E}
sp|P46995|SET2_YEAST	SINGLE	4	688	713	10	1.555e-06	{K}
sp|P46995|SET2_YEAST	SINGLE	5	718	733	8	5.165e-06	{S}
sp|P46995|SET2_YEAST	SINGLE	6	596	620	9	9.680e-06	{K}
sp|P46995|SET2_YEAST	MULTIPLE	1	538	620	38	1.170e-13	{EK}
sp|P46995|SET2_YEAST	MULTIPLE	2	718	733	11	1.544e-07	{SP}
sp|P46995|SET2_YEAST	WHOLE	1	1	733	91	1.831e-10	{K}
sp|P47001|CIS3_YEAST	SINGLE	1	100	133	14	3.198e-08	{S}
sp|P47001|CIS3_YEAST	SINGLE	2	7	21	8	5.187e-06	{A}
sp|P47001|CIS3_YEAST	MULTIPLE	1	76	122	39	2.395e-16	{STAQ}
sp|P47002|SSY5_YEAST	SINGLE	1	61	107	17	1.116e-08	{S}
sp|P47002|SSY5_YEAST	MULTIPLE	1	32	61	13	9.410e-06	{NS}
sp|P47002|SSY5_YEAST	WHOLE	1	1	699	89	8.589e-08	{S}
sp|P47006|RPA34_YEAST	SINGLE	1	208	230	16	7.102e-15	{K}
sp|P47006|RPA34_YEAST	MULTIPLE	1	184	230	32	1.961e-18	{KE}
sp|P47006|RPA34_YEAST	MULTIPLE	2	30	52	11	6.165e-06	{KQ}
sp|P47006|RPA34_YEAST	MULTIPLE	3	2	20	11	3.731e-06	{DS}
sp|P47006|RPA34_YEAST	WHOLE	1	1	233	45	7.298e-12	{K}
sp|P47024|YJ41B_YEAST	SINGLE	1	1737	1765	10	4.843e-06	{K}
sp|P47024|YJ41B_YEAST	SINGLE	2	182	219	10	9.735e-06	{I}
sp|P47024|YJ41B_YEAST	MULTIPLE	1	1737	1768	17	5.788e-09	{KI}
sp|P47024|YJ41B_YEAST	MULTIPLE	2	492	524	14	3.814e-06	{KI}
sp|P47024|YJ41B_YEAST	MULTIPLE	3	873	912	17	1.115e-06	{ED}
sp|P47024|YJ41B_YEAST	MULTIPLE	4	1611	1628	9	6.119e-06	{YI}
sp|P47024|YJ41B_YEAST	WHOLE	1	1	1803	157	1.586e-16	{N}
sp|P47024|YJ41B_YEAST	WHOLE	2	1	1803	164	6.070e-14	{I}
sp|P47024|YJ41B_YEAST	WHOLE	3	1	1803	183	2.996e-11	{K}
sp|P47025|MDV1_YEAST	SINGLE	1	23	51	9	2.129e-06	{N}
sp|P47026|GWT1_YEAST	WHOLE	1	1	490	75	4.664e-06	{L}
sp|P47027|DPB11_YEAST	SINGLE	1	517	539	9	2.263e-07	{N}
sp|P47027|DPB11_YEAST	SINGLE	2	66	77	6	9.795e-06	{I}
sp|P47027|DPB11_YEAST	MULTIPLE	1	254	275	12	1.058e-06	{SQ}
sp|P47027|DPB11_YEAST	MULTIPLE	2	14	29	10	1.132e-06	{KI}
sp|P47027|DPB11_YEAST	WHOLE	1	1	764	77	2.361e-09	{I}
sp|P47027|DPB11_YEAST	WHOLE	2	1	764	59	8.000e-06	{N}
sp|P47029|ALY2_YEAST	SINGLE	1	162	225	19	6.009e-08	{S}
sp|P47029|ALY2_YEAST	SINGLE	2	962	995	11	9.902e-08	{N}
sp|P47029|ALY2_YEAST	SINGLE	3	255	259	4	1.105e-06	{H}
sp|P47029|ALY2_YEAST	SINGLE	4	803	832	11	3.608e-06	{S}
sp|P47029|ALY2_YEAST	MULTIPLE	1	162	227	27	2.302e-09	{SR}
sp|P47029|ALY2_YEAST	WHOLE	1	1	1046	151	3.434e-16	{S}
sp|P47029|ALY2_YEAST	WHOLE	2	1	1046	94	2.290e-11	{N}
sp|P47032|PRY1_YEAST	SINGLE	1	102	143	18	1.395e-11	{T}
sp|P47032|PRY1_YEAST	SINGLE	2	79	165	26	2.172e-10	{S}
sp|P47032|PRY1_YEAST	SINGLE	3	49	69	9	1.846e-06	{T}
sp|P47032|PRY1_YEAST	SINGLE	4	23	44	9	4.247e-06	{V}
sp|P47032|PRY1_YEAST	MULTIPLE	1	77	165	61	1.237e-21	{TSA}
sp|P47032|PRY1_YEAST	MULTIPLE	2	12	44	18	6.619e-08	{VA}
sp|P47032|PRY1_YEAST	WHOLE	1	1	299	42	4.517e-07	{T}
sp|P47032|PRY1_YEAST	WHOLE	2	1	299	43	7.352e-06	{S}
sp|P47033|PRY3_YEAST	SINGLE	1	163	455	114	5.144e-53	{S}
sp|P47033|PRY3_YEAST	SINGLE	2	649	728	25	6.945e-12	{T}
sp|P47033|PRY3_YEAST	SINGLE	3	542	586	18	5.585e-11	{T}
sp|P47033|PRY3_YEAST	SINGLE	4	467	507	16	8.466e-09	{S}
sp|P47033|PRY3_YEAST	SINGLE	5	589	648	19	1.901e-08	{S}
sp|P47033|PRY3_YEAST	SINGLE	6	252	292	14	7.762e-08	{T}
sp|P47033|PRY3_YEAST	SINGLE	7	772	819	15	1.017e-07	{T}
sp|P47033|PRY3_YEAST	SINGLE	8	446	478	11	2.463e-06	{T}
sp|P47033|PRY3_YEAST	SINGLE	9	293	322	11	7.966e-06	{A}
sp|P47033|PRY3_YEAST	MULTIPLE	1	163	485	252	1.789e-78	{STAV}
sp|P47033|PRY3_YEAST	MULTIPLE	2	648	728	42	1.656e-16	{TS}
sp|P47033|PRY3_YEAST	MULTIPLE	3	446	507	33	1.010e-13	{ST}
sp|P47033|PRY3_YEAST	MULTIPLE	4	589	655	35	3.859e-14	{ST}
sp|P47033|PRY3_YEAST	WHOLE	1	1	881	210	9.654e-54	{S}
sp|P47033|PRY3_YEAST	WHOLE	2	1	881	160	3.784e-34	{T}
sp|P47035|NET1_YEAST	SINGLE	1	1055	1166	42	6.725e-20	{S}
sp|P47035|NET1_YEAST	SINGLE	2	982	1000	14	8.206e-13	{S}
sp|P47035|NET1_YEAST	SINGLE	3	192	199	7	2.643e-08	{T}
sp|P47035|NET1_YEAST	SINGLE	4	1117	1155	13	8.907e-08	{D}
sp|P47035|NET1_YEAST	SINGLE	5	245	254	6	1.799e-06	{P}
sp|P47035|NET1_YEAST	SINGLE	6	328	335	6	3.387e-06	{S}
sp|P47035|NET1_YEAST	SINGLE	7	592	631	11	6.907e-06	{D}
sp|P47035|NET1_YEAST	SINGLE	8	168	175	5	7.464e-06	{Q}
sp|P47035|NET1_YEAST	SINGLE	9	1171	1189	8	7.972e-06	{K}
sp|P47035|NET1_YEAST	MULTIPLE	1	1053	1166	59	1.449e-23	{SD}
sp|P47035|NET1_YEAST	MULTIPLE	2	557	631	32	1.367e-07	{DNS}
sp|P47035|NET1_YEAST	MULTIPLE	3	408	440	16	1.482e-06	{SE}
sp|P47035|NET1_YEAST	MULTIPLE	4	906	928	11	6.053e-06	{KN}
sp|P47035|NET1_YEAST	MULTIPLE	5	700	727	16	2.953e-08	{SD}
sp|P47035|NET1_YEAST	WHOLE	1	1	1189	197	1.272e-27	{S}
sp|P47035|NET1_YEAST	WHOLE	2	1	1189	122	2.113e-08	{K}
sp|P47037|SMC3_YEAST	SINGLE	1	187	224	12	2.683e-06	{E}
sp|P47037|SMC3_YEAST	SINGLE	2	619	655	11	8.175e-06	{K}
sp|P47037|SMC3_YEAST	MULTIPLE	1	173	224	24	2.857e-09	{EK}
sp|P47037|SMC3_YEAST	WHOLE	1	1	1230	131	1.398e-08	{E}
sp|P47037|SMC3_YEAST	WHOLE	2	1	1230	124	4.298e-08	{K}
sp|P47037|SMC3_YEAST	WHOLE	3	1	1230	85	8.566e-06	{N}
sp|P47041|BIT61_YEAST	SINGLE	1	91	155	20	1.408e-08	{S}
sp|P47041|BIT61_YEAST	MULTIPLE	1	263	289	11	8.861e-06	{NP}
sp|P47041|BIT61_YEAST	WHOLE	1	1	543	75	3.317e-08	{S}
sp|P47041|BIT61_YEAST	WHOLE	2	1	543	52	6.334e-08	{N}
sp|P47043|ZAP1_YEAST	SINGLE	1	402	450	17	9.697e-12	{N}
sp|P47043|ZAP1_YEAST	SINGLE	2	459	471	7	3.518e-09	{H}
sp|P47043|ZAP1_YEAST	SINGLE	3	67	88	12	1.541e-08	{A}
sp|P47043|ZAP1_YEAST	SINGLE	4	40	58	7	9.050e-08	{H}
sp|P47043|ZAP1_YEAST	SINGLE	5	474	499	9	7.582e-07	{N}
sp|P47043|ZAP1_YEAST	SINGLE	6	115	141	9	1.089e-06	{N}
sp|P47043|ZAP1_YEAST	SINGLE	7	400	406	4	7.399e-06	{H}
sp|P47043|ZAP1_YEAST	MULTIPLE	1	400	450	21	1.744e-12	{NH}
sp|P47043|ZAP1_YEAST	MULTIPLE	2	242	268	13	2.841e-09	{NH}
sp|P47043|ZAP1_YEAST	MULTIPLE	3	740	776	16	1.334e-07	{CKH}
sp|P47043|ZAP1_YEAST	MULTIPLE	4	286	301	8	9.208e-06	{CT}
sp|P47043|ZAP1_YEAST	WHOLE	1	1	880	62	1.846e-15	{H}
sp|P47043|ZAP1_YEAST	WHOLE	2	1	880	83	2.994e-11	{N}
sp|P47043|ZAP1_YEAST	WHOLE	3	1	880	41	1.938e-09	{C}
sp|P47047|MTR4_YEAST	SINGLE	1	46	54	7	1.543e-07	{E}
sp|P47047|MTR4_YEAST	SINGLE	2	883	891	6	8.757e-07	{R}
sp|P47047|MTR4_YEAST	SINGLE	3	60	75	8	1.644e-06	{K}
sp|P47047|MTR4_YEAST	SINGLE	4	376	405	10	6.818e-06	{K}
sp|P47050|CUL8_YEAST	WHOLE	1	1	842	60	4.413e-06	{F}
sp|P47054|NU192_YEAST	WHOLE	1	1	1683	223	1.127e-08	{L}
sp|P47054|NU192_YEAST	WHOLE	2	1	1683	133	4.831e-08	{I}
sp|P47054|NU192_YEAST	WHOLE	3	1	1683	111	5.442e-08	{F}
sp|P47054|NU192_YEAST	WHOLE	4	1	1683	110	5.951e-06	{N}
sp|P47061|VPS53_YEAST	SINGLE	1	793	804	6	4.669e-06	{Q}
sp|P47064|AP3S_YEAST	SINGLE	1	61	70	6	1.129e-06	{N}
sp|P47068|BBC1_YEAST	SINGLE	1	674	830	58	3.104e-36	{P}
sp|P47068|BBC1_YEAST	SINGLE	2	347	412	22	7.249e-11	{E}
sp|P47068|BBC1_YEAST	SINGLE	3	278	334	20	1.825e-10	{E}
sp|P47068|BBC1_YEAST	SINGLE	4	461	468	6	1.846e-06	{E}
sp|P47068|BBC1_YEAST	SINGLE	5	99	132	10	2.053e-06	{P}
sp|P47068|BBC1_YEAST	SINGLE	6	542	559	8	2.255e-06	{D}
sp|P47068|BBC1_YEAST	SINGLE	7	511	543	7	5.636e-06	{H}
sp|P47068|BBC1_YEAST	MULTIPLE	1	452	468	13	3.031e-09	{EK}
sp|P47068|BBC1_YEAST	MULTIPLE	2	114	137	21	7.683e-13	{PAV}
sp|P47068|BBC1_YEAST	MULTIPLE	3	509	564	19	1.658e-08	{DH}
sp|P47068|BBC1_YEAST	WHOLE	1	1	1157	125	7.154e-18	{P}
sp|P47068|BBC1_YEAST	WHOLE	2	1	1157	132	2.126e-10	{E}
sp|P47069|MPS3_YEAST	SINGLE	1	391	401	10	2.438e-13	{Q}
sp|P47069|MPS3_YEAST	SINGLE	2	55	135	24	6.734e-12	{D}
sp|P47069|MPS3_YEAST	SINGLE	3	161	170	6	6.397e-07	{F}
sp|P47074|MAD3_YEAST	SINGLE	1	486	510	11	4.279e-07	{S}
sp|P47075|VTC4_YEAST	SINGLE	1	503	516	8	1.946e-07	{D}
sp|P47075|VTC4_YEAST	SINGLE	2	15	22	5	3.800e-06	{Y}
sp|P47077|NOP9_YEAST	MULTIPLE	1	606	626	10	1.033e-06	{WK}
sp|P47083|MPP10_YEAST	SINGLE	1	106	164	19	2.649e-09	{E}
sp|P47083|MPP10_YEAST	SINGLE	2	205	291	21	1.058e-07	{E}
sp|P47083|MPP10_YEAST	MULTIPLE	1	95	164	33	1.424e-11	{ES}
sp|P47083|MPP10_YEAST	MULTIPLE	2	201	294	41	1.811e-14	{ED}
sp|P47083|MPP10_YEAST	MULTIPLE	3	235	282	19	6.504e-07	{KD}
sp|P47083|MPP10_YEAST	WHOLE	1	1	593	80	4.211e-10	{E}
sp|P47083|MPP10_YEAST	WHOLE	2	1	593	60	3.823e-06	{D}
sp|P47098|YJ11B_YEAST	SINGLE	1	107	146	12	1.575e-07	{P}
sp|P47098|YJ11B_YEAST	SINGLE	2	1132	1153	9	2.822e-07	{P}
sp|P47098|YJ11B_YEAST	SINGLE	3	58	86	10	3.983e-07	{P}
sp|P47098|YJ11B_YEAST	MULTIPLE	1	107	160	24	1.971e-09	{PS}
sp|P47098|YJ11B_YEAST	MULTIPLE	2	72	88	11	2.206e-08	{PQ}
sp|P47098|YJ11B_YEAST	MULTIPLE	3	391	420	15	2.066e-07	{SN}
sp|P47098|YJ11B_YEAST	MULTIPLE	4	3	23	13	3.814e-07	{HSQ}
sp|P47098|YJ11B_YEAST	WHOLE	1	1	1755	127	8.717e-09	{N}
sp|P47098|YJ11B_YEAST	WHOLE	2	1	1755	177	1.894e-06	{S}
sp|P47098|YJ11B_YEAST	WHOLE	3	1	1755	129	2.506e-06	{I}
sp|P47100|YJ12B_YEAST	SINGLE	1	107	146	12	1.575e-07	{P}
sp|P47100|YJ12B_YEAST	SINGLE	2	1132	1153	9	2.822e-07	{P}
sp|P47100|YJ12B_YEAST	MULTIPLE	1	107	160	24	1.971e-09	{PS}
sp|P47100|YJ12B_YEAST	MULTIPLE	2	64	98	14	7.324e-07	{QP}
sp|P47100|YJ12B_YEAST	MULTIPLE	3	391	420	15	2.066e-07	{SN}
sp|P47100|YJ12B_YEAST	MULTIPLE	4	3	23	13	3.814e-07	{HSQ}
sp|P47100|YJ12B_YEAST	WHOLE	1	1	1755	125	2.613e-08	{N}
sp|P47100|YJ12B_YEAST	WHOLE	2	1	1755	181	4.094e-07	{S}
sp|P47100|YJ12B_YEAST	WHOLE	3	1	1755	128	3.760e-06	{I}
sp|P47102|GEA1_YEAST	SINGLE	1	247	281	11	1.659e-06	{D}
sp|P47102|GEA1_YEAST	WHOLE	1	1	1408	127	5.203e-11	{I}
sp|P47103|CYP7_YEAST	SINGLE	1	84	88	5	1.948e-06	{S}
sp|P47103|CYP7_YEAST	SINGLE	2	223	232	6	4.935e-06	{D}
sp|P47104|RAV1_YEAST	SINGLE	1	1272	1299	12	1.813e-07	{S}
sp|P47104|RAV1_YEAST	SINGLE	2	774	791	9	9.630e-06	{L}
sp|P47104|RAV1_YEAST	MULTIPLE	1	303	320	10	3.947e-06	{KP}
sp|P47104|RAV1_YEAST	MULTIPLE	2	535	551	11	1.077e-07	{DI}
sp|P47104|RAV1_YEAST	WHOLE	1	1	1357	105	2.267e-06	{I}
sp|P47110|DPOD3_YEAST	SINGLE	1	65	101	10	7.544e-06	{I}
sp|P47110|DPOD3_YEAST	WHOLE	1	1	350	49	5.798e-08	{K}
sp|P47113|BFA1_YEAST	SINGLE	1	78	107	12	2.696e-08	{D}
sp|P47113|BFA1_YEAST	SINGLE	2	193	203	8	4.298e-08	{E}
sp|P47113|BFA1_YEAST	MULTIPLE	1	41	73	14	8.261e-06	{PS}
sp|P47114|KCH1_YEAST	SINGLE	1	430	441	6	4.547e-06	{N}
sp|P47114|KCH1_YEAST	MULTIPLE	1	220	247	12	1.576e-06	{FI}
sp|P47114|KCH1_YEAST	WHOLE	1	1	497	45	1.842e-06	{N}
sp|P47116|PTK2_YEAST	SINGLE	1	13	105	28	3.736e-11	{S}
sp|P47116|PTK2_YEAST	SINGLE	2	752	790	16	3.597e-09	{S}
sp|P47116|PTK2_YEAST	SINGLE	3	660	682	9	4.399e-06	{K}
sp|P47116|PTK2_YEAST	SINGLE	4	329	334	5	5.156e-06	{T}
sp|P47116|PTK2_YEAST	MULTIPLE	1	749	794	23	2.487e-09	{SK}
sp|P47116|PTK2_YEAST	MULTIPLE	2	727	740	10	1.455e-07	{PT}
sp|P47116|PTK2_YEAST	WHOLE	1	1	818	94	2.889e-06	{S}
sp|P47122|GPN1_YEAST	SINGLE	1	305	329	9	4.153e-06	{D}
sp|P47122|GPN1_YEAST	SINGLE	2	254	284	10	9.441e-06	{K}
sp|P47122|GPN1_YEAST	MULTIPLE	1	305	350	19	4.541e-07	{DE}
sp|P47122|GPN1_YEAST	MULTIPLE	2	254	284	13	2.930e-06	{KY}
sp|P47124|HOC1_YEAST	MULTIPLE	1	83	107	13	2.619e-07	{QK}
sp|P47130|CSN12_YEAST	SINGLE	1	214	222	5	8.228e-06	{Y}
sp|P47134|BIR1_YEAST	SINGLE	1	662	683	12	6.039e-09	{S}
sp|P47134|BIR1_YEAST	WHOLE	1	1	954	82	2.728e-09	{N}
sp|P47136|BUD4_YEAST	SINGLE	1	556	586	14	2.033e-09	{E}
sp|P47136|BUD4_YEAST	SINGLE	2	1171	1196	10	1.555e-06	{K}
sp|P47136|BUD4_YEAST	SINGLE	3	846	875	11	3.608e-06	{S}
sp|P47136|BUD4_YEAST	SINGLE	4	183	188	5	6.509e-06	{E}
sp|P47136|BUD4_YEAST	MULTIPLE	1	181	189	9	5.397e-09	{ED}
sp|P47136|BUD4_YEAST	WHOLE	1	1	1447	161	1.918e-11	{E}
sp|P47136|BUD4_YEAST	WHOLE	2	1	1447	103	3.547e-07	{N}
sp|P47136|BUD4_YEAST	WHOLE	3	1	1447	148	5.134e-06	{S}
sp|P47149|NNF1_YEAST	SINGLE	1	59	94	11	9.797e-06	{E}
sp|P47154|STE24_YEAST	WHOLE	1	1	453	41	5.050e-07	{F}
sp|P47156|JHD2_YEAST	SINGLE	1	213	236	11	1.863e-08	{D}
sp|P47160|ENT3_YEAST	SINGLE	1	339	358	10	7.164e-07	{A}
sp|P47160|ENT3_YEAST	SINGLE	2	372	377	5	3.011e-06	{D}
sp|P47160|ENT3_YEAST	MULTIPLE	1	257	271	12	2.929e-09	{DE}
sp|P47160|ENT3_YEAST	MULTIPLE	2	200	221	11	1.948e-06	{DN}
sp|P47169|MET5_YEAST	SINGLE	1	275	324	13	1.231e-07	{N}
sp|P47170|IML1_YEAST	SINGLE	1	68	85	8	3.354e-07	{N}
sp|P47170|IML1_YEAST	SINGLE	2	792	814	10	1.642e-06	{S}
sp|P47170|IML1_YEAST	MULTIPLE	1	1114	1138	12	3.487e-06	{RK}
sp|P47170|IML1_YEAST	MULTIPLE	2	652	686	14	4.521e-06	{NT}
sp|P47170|IML1_YEAST	WHOLE	1	1	1584	106	3.360e-06	{N}
sp|P47170|IML1_YEAST	WHOLE	2	1	1584	117	5.175e-06	{I}
sp|P47171|HIR3_YEAST	SINGLE	1	283	319	12	1.963e-06	{E}
sp|P47171|HIR3_YEAST	SINGLE	2	846	854	5	9.817e-06	{F}
sp|P47171|HIR3_YEAST	WHOLE	1	1	1648	201	9.153e-06	{L}
sp|P47178|DAN1_YEAST	SINGLE	1	129	211	38	8.685e-22	{S}
sp|P47178|DAN1_YEAST	SINGLE	2	287	295	7	5.567e-07	{A}
sp|P47178|DAN1_YEAST	SINGLE	3	8	20	8	1.221e-06	{A}
sp|P47178|DAN1_YEAST	SINGLE	4	220	248	10	4.982e-06	{T}
sp|P47178|DAN1_YEAST	MULTIPLE	1	220	267	25	1.731e-10	{TS}
sp|P47178|DAN1_YEAST	WHOLE	1	1	298	61	9.668e-14	{S}
sp|P47178|DAN1_YEAST	WHOLE	2	1	298	51	7.473e-08	{A}
sp|P47178|DAN1_YEAST	WHOLE	3	1	298	41	1.023e-06	{T}
sp|P47190|PMT3_YEAST	SINGLE	1	718	726	5	9.817e-06	{F}
sp|P47818|CCC1_YEAST	SINGLE	1	20	53	13	2.743e-07	{S}
sp|P47818|CCC1_YEAST	MULTIPLE	1	19	53	19	1.799e-08	{SG}
sp|P47912|LCF4_YEAST	MULTIPLE	1	287	303	10	3.508e-06	{GI}
sp|P47977|CTH2_YEAST	MULTIPLE	1	200	231	12	2.198e-06	{CK}
sp|P48016|ATH1_YEAST	SINGLE	1	17	38	8	2.055e-06	{N}
sp|P48016|ATH1_YEAST	SINGLE	2	1193	1198	5	3.011e-06	{D}
sp|P48016|ATH1_YEAST	MULTIPLE	1	14	43	17	2.704e-09	{NS}
sp|P48016|ATH1_YEAST	WHOLE	1	1	1211	112	5.608e-14	{N}
sp|P48231|TCB2_YEAST	SINGLE	1	798	824	10	2.318e-06	{K}
sp|P48231|TCB2_YEAST	MULTIPLE	1	787	832	24	1.193e-10	{KE}
sp|P48231|TCB2_YEAST	WHOLE	1	1	1178	114	8.710e-07	{K}
sp|P48236|GPC1_YEAST	SINGLE	1	62	72	7	7.070e-10	{H}
sp|P48236|GPC1_YEAST	SINGLE	2	104	153	13	4.051e-08	{F}
sp|P48236|GPC1_YEAST	SINGLE	3	164	203	10	2.139e-06	{F}
sp|P48236|GPC1_YEAST	SINGLE	4	424	431	6	3.387e-06	{S}
sp|P48236|GPC1_YEAST	SINGLE	5	397	423	9	8.500e-06	{D}
sp|P48236|GPC1_YEAST	MULTIPLE	1	104	171	24	7.923e-11	{FY}
sp|P48236|GPC1_YEAST	WHOLE	1	1	432	40	3.938e-07	{F}
sp|P48240|MTR3_YEAST	SINGLE	1	216	222	5	9.952e-06	{D}
sp|P48361|ASK10_YEAST	SINGLE	1	933	938	6	6.410e-09	{N}
sp|P48361|ASK10_YEAST	SINGLE	2	515	539	12	3.879e-08	{S}
sp|P48361|ASK10_YEAST	SINGLE	3	893	922	13	4.775e-08	{S}
sp|P48361|ASK10_YEAST	SINGLE	4	199	209	7	7.889e-08	{Q}
sp|P48361|ASK10_YEAST	SINGLE	5	955	966	7	1.811e-07	{Q}
sp|P48361|ASK10_YEAST	SINGLE	6	22	26	5	1.281e-06	{G}
sp|P48361|ASK10_YEAST	SINGLE	7	625	638	8	1.400e-06	{S}
sp|P48361|ASK10_YEAST	MULTIPLE	1	567	580	9	9.492e-06	{TG}
sp|P48361|ASK10_YEAST	MULTIPLE	2	993	1010	10	3.786e-06	{VN}
sp|P48361|ASK10_YEAST	WHOLE	1	1	1146	140	5.347e-10	{S}
sp|P48361|ASK10_YEAST	WHOLE	2	1	1146	87	2.010e-07	{N}
sp|P48412|UPF3_YEAST	SINGLE	1	269	348	29	1.752e-15	{K}
sp|P48412|UPF3_YEAST	SINGLE	2	20	70	15	2.148e-09	{N}
sp|P48412|UPF3_YEAST	MULTIPLE	1	269	351	38	2.651e-16	{KN}
sp|P48412|UPF3_YEAST	MULTIPLE	2	9	76	44	1.949e-16	{NKRY}
sp|P48412|UPF3_YEAST	MULTIPLE	3	350	367	12	4.961e-08	{SQ}
sp|P48412|UPF3_YEAST	MULTIPLE	4	107	118	8	2.942e-06	{DN}
sp|P48412|UPF3_YEAST	WHOLE	1	1	387	70	5.752e-16	{K}
sp|P48412|UPF3_YEAST	WHOLE	2	1	387	42	3.805e-08	{N}
sp|P48415|SEC16_YEAST	SINGLE	1	2078	2145	21	2.254e-12	{P}
sp|P48415|SEC16_YEAST	SINGLE	2	6	21	10	4.438e-09	{K}
sp|P48415|SEC16_YEAST	SINGLE	3	1997	2062	19	9.221e-09	{K}
sp|P48415|SEC16_YEAST	SINGLE	4	514	522	7	5.274e-08	{D}
sp|P48415|SEC16_YEAST	SINGLE	5	1974	1994	8	8.833e-06	{D}
sp|P48415|SEC16_YEAST	SINGLE	6	713	752	10	9.959e-06	{P}
sp|P48415|SEC16_YEAST	MULTIPLE	1	2078	2145	28	1.138e-12	{PN}
sp|P48415|SEC16_YEAST	MULTIPLE	2	715	740	12	7.284e-07	{PQ}
sp|P48415|SEC16_YEAST	MULTIPLE	3	1763	1783	12	3.438e-06	{SE}
sp|P48415|SEC16_YEAST	MULTIPLE	4	660	688	16	1.522e-06	{SNP}
sp|P48415|SEC16_YEAST	WHOLE	1	1	2195	168	8.254e-13	{N}
sp|P48415|SEC16_YEAST	WHOLE	2	1	2195	249	8.534e-13	{S}
sp|P48415|SEC16_YEAST	WHOLE	3	1	2195	175	5.932e-12	{P}
sp|P48439|OST3_YEAST	SINGLE	1	189	232	12	8.622e-07	{I}
sp|P48439|OST3_YEAST	MULTIPLE	1	187	232	19	1.313e-07	{IT}
sp|P48439|OST3_YEAST	WHOLE	1	1	350	33	2.455e-06	{F}
sp|P48510|DSK2_YEAST	SINGLE	1	154	226	15	4.830e-11	{M}
sp|P48510|DSK2_YEAST	SINGLE	2	249	295	13	5.570e-08	{N}
sp|P48510|DSK2_YEAST	SINGLE	3	80	99	10	7.164e-07	{A}
sp|P48510|DSK2_YEAST	SINGLE	4	262	310	15	2.550e-06	{A}
sp|P48510|DSK2_YEAST	MULTIPLE	1	154	220	26	2.434e-14	{MQ}
sp|P48510|DSK2_YEAST	MULTIPLE	2	249	299	33	3.637e-13	{NAT}
sp|P48510|DSK2_YEAST	MULTIPLE	3	224	243	13	3.165e-07	{GA}
sp|P48510|DSK2_YEAST	WHOLE	1	1	373	36	4.433e-06	{N}
sp|P48524|BUL1_YEAST	SINGLE	1	857	898	20	1.427e-12	{S}
sp|P48524|BUL1_YEAST	SINGLE	2	617	640	14	9.520e-11	{S}
sp|P48524|BUL1_YEAST	SINGLE	3	942	949	4	4.301e-06	{C}
sp|P48524|BUL1_YEAST	WHOLE	1	1	976	118	1.743e-08	{S}
sp|P48559|YPT11_YEAST	SINGLE	1	129	133	5	1.522e-07	{Q}
sp|P48561|TRF5_YEAST	SINGLE	1	536	552	9	1.919e-07	{K}
sp|P48561|TRF5_YEAST	MULTIPLE	1	102	138	16	1.735e-06	{DE}
sp|P48562|CLA4_YEAST	SINGLE	1	372	387	14	8.944e-18	{Q}
sp|P48562|CLA4_YEAST	SINGLE	2	258	316	20	2.175e-09	{S}
sp|P48562|CLA4_YEAST	SINGLE	3	136	156	12	2.958e-09	{S}
sp|P48562|CLA4_YEAST	SINGLE	4	389	426	12	8.401e-08	{P}
sp|P48562|CLA4_YEAST	SINGLE	5	453	470	7	9.109e-06	{P}
sp|P48562|CLA4_YEAST	MULTIPLE	1	262	332	38	4.931e-13	{SNP}
sp|P48562|CLA4_YEAST	MULTIPLE	2	350	473	76	4.797e-26	{PQSH}
sp|P48562|CLA4_YEAST	WHOLE	1	1	842	100	3.797e-07	{S}
sp|P48562|CLA4_YEAST	WHOLE	2	1	842	71	9.068e-07	{P}
sp|P48563|MON2_YEAST	MULTIPLE	1	136	148	9	9.049e-07	{CL}
sp|P48563|MON2_YEAST	WHOLE	1	1	1636	142	5.892e-11	{I}
sp|P48563|MON2_YEAST	WHOLE	2	1	1636	225	4.914e-10	{L}
sp|P48563|MON2_YEAST	WHOLE	3	1	1636	167	1.768e-06	{S}
sp|P48566|GYP3_YEAST	SINGLE	1	101	129	12	1.712e-08	{D}
sp|P48566|GYP3_YEAST	SINGLE	2	619	631	7	4.029e-06	{K}
sp|P48566|GYP3_YEAST	MULTIPLE	1	101	130	17	2.483e-10	{DN}
sp|P48566|GYP3_YEAST	MULTIPLE	2	38	50	8	4.751e-06	{SH}
sp|P48581|RAD17_YEAST	MULTIPLE	1	354	388	16	1.606e-07	{EN}
sp|P48582|BRO1_YEAST	SINGLE	1	769	797	10	3.983e-07	{P}
sp|P48582|BRO1_YEAST	SINGLE	2	716	737	8	3.704e-06	{P}
sp|P48813|GNP1_YEAST	SINGLE	1	32	71	13	7.246e-07	{E}
sp|P48813|GNP1_YEAST	SINGLE	2	11	23	6	8.081e-06	{N}
sp|P48813|GNP1_YEAST	MULTIPLE	1	290	310	11	3.601e-07	{IF}
sp|P48813|GNP1_YEAST	MULTIPLE	2	160	202	17	2.030e-06	{GI}
sp|P48837|NUP57_YEAST	SINGLE	1	258	291	19	1.184e-17	{Q}
sp|P48837|NUP57_YEAST	SINGLE	2	101	178	20	9.977e-08	{G}
sp|P48837|NUP57_YEAST	SINGLE	3	189	223	13	1.561e-07	{G}
sp|P48837|NUP57_YEAST	SINGLE	4	38	88	15	5.672e-07	{G}
sp|P48837|NUP57_YEAST	SINGLE	5	26	31	5	8.539e-07	{N}
sp|P48837|NUP57_YEAST	SINGLE	6	107	114	5	7.464e-06	{Q}
sp|P48837|NUP57_YEAST	MULTIPLE	1	85	194	79	8.557e-21	{GQTSN}
sp|P48837|NUP57_YEAST	MULTIPLE	2	189	223	17	2.596e-08	{GN}
sp|P48837|NUP57_YEAST	WHOLE	1	1	541	60	3.406e-11	{Q}
sp|P48837|NUP57_YEAST	WHOLE	2	1	541	70	4.849e-08	{G}
sp|P48837|NUP57_YEAST	WHOLE	3	1	541	49	6.944e-07	{N}
sp|P49018|GPI8_YEAST	SINGLE	1	7	19	8	4.077e-06	{L}
sp|P49334|TOM22_YEAST	SINGLE	1	36	53	9	1.475e-07	{D}
sp|P49334|TOM22_YEAST	MULTIPLE	1	39	56	13	5.144e-09	{DE}
sp|P49573|CTR1_YEAST	SINGLE	1	8	117	48	5.959e-26	{S}
sp|P49573|CTR1_YEAST	SINGLE	2	1	84	22	6.666e-18	{M}
sp|P49573|CTR1_YEAST	SINGLE	3	102	127	8	5.360e-08	{M}
sp|P49573|CTR1_YEAST	MULTIPLE	1	1	127	79	1.652e-48	{SM}
sp|P49573|CTR1_YEAST	WHOLE	1	1	406	37	4.285e-13	{M}
sp|P49573|CTR1_YEAST	WHOLE	2	1	406	69	2.168e-11	{S}
sp|P49626|RL4B_YEAST	SINGLE	1	78	97	10	1.527e-07	{G}
sp|P49626|RL4B_YEAST	SINGLE	2	121	132	7	9.586e-06	{A}
sp|P49686|NUP42_YEAST	SINGLE	1	269	316	13	7.311e-08	{N}
sp|P49686|NUP42_YEAST	SINGLE	2	159	200	14	6.673e-07	{S}
sp|P49686|NUP42_YEAST	SINGLE	3	420	426	5	4.239e-06	{P}
sp|P49686|NUP42_YEAST	SINGLE	4	47	75	10	4.982e-06	{T}
sp|P49686|NUP42_YEAST	MULTIPLE	1	269	322	31	5.670e-13	{NGF}
sp|P49686|NUP42_YEAST	MULTIPLE	2	159	200	25	1.505e-09	{STN}
sp|P49686|NUP42_YEAST	MULTIPLE	3	47	85	17	1.033e-07	{TN}
sp|P49686|NUP42_YEAST	WHOLE	1	1	430	55	7.789e-13	{N}
sp|P49686|NUP42_YEAST	WHOLE	2	1	430	66	3.822e-09	{S}
sp|P49686|NUP42_YEAST	WHOLE	3	1	430	57	3.357e-07	{G}
sp|P49686|NUP42_YEAST	WHOLE	4	1	430	38	2.158e-06	{F}
sp|P49687|NU145_YEAST	SINGLE	1	95	152	15	1.472e-08	{N}
sp|P49687|NU145_YEAST	SINGLE	2	406	449	12	2.116e-07	{N}
sp|P49687|NU145_YEAST	SINGLE	3	43	81	11	4.654e-07	{N}
sp|P49687|NU145_YEAST	SINGLE	4	273	297	10	4.038e-06	{S}
sp|P49687|NU145_YEAST	MULTIPLE	1	94	162	39	4.456e-13	{NTS}
sp|P49687|NU145_YEAST	MULTIPLE	2	192	227	16	2.528e-06	{GT}
sp|P49687|NU145_YEAST	WHOLE	1	1	1317	154	1.607e-09	{S}
sp|P49687|NU145_YEAST	WHOLE	2	1	1317	101	1.629e-08	{N}
sp|P49704|PRP31_YEAST	MULTIPLE	1	364	385	12	6.145e-07	{KR}
sp|P49723|RIR4_YEAST	MULTIPLE	1	242	256	10	6.230e-07	{IE}
sp|P49956|CTF18_YEAST	SINGLE	1	276	287	8	8.160e-08	{K}
sp|P49957|TRM9_YEAST	SINGLE	1	227	233	5	2.926e-06	{Q}
sp|P49957|TRM9_YEAST	MULTIPLE	1	225	237	10	4.501e-08	{QE}
sp|P49957|TRM9_YEAST	MULTIPLE	2	167	201	18	2.796e-09	{PK}
sp|P50076|ALG10_YEAST	WHOLE	1	1	525	61	5.375e-10	{I}
sp|P50076|ALG10_YEAST	WHOLE	2	1	525	51	2.753e-09	{F}
sp|P50077|CCH1_YEAST	SINGLE	1	94	164	24	6.132e-11	{S}
sp|P50077|CCH1_YEAST	SINGLE	2	904	910	5	1.772e-06	{F}
sp|P50077|CCH1_YEAST	SINGLE	3	1596	1606	6	5.152e-06	{I}
sp|P50077|CCH1_YEAST	SINGLE	4	141	157	7	6.888e-06	{R}
sp|P50077|CCH1_YEAST	MULTIPLE	1	88	171	40	8.096e-16	{SR}
sp|P50077|CCH1_YEAST	MULTIPLE	2	969	998	13	4.999e-07	{FI}
sp|P50077|CCH1_YEAST	MULTIPLE	3	1145	1168	10	4.574e-06	{YF}
sp|P50077|CCH1_YEAST	WHOLE	1	1	2039	145	5.522e-12	{F}
sp|P50077|CCH1_YEAST	WHOLE	2	1	2039	168	6.694e-11	{I}
sp|P50078|TOS2_YEAST	SINGLE	1	38	62	10	1.584e-06	{V}
sp|P50078|TOS2_YEAST	SINGLE	2	551	567	8	9.053e-06	{S}
sp|P50078|TOS2_YEAST	SINGLE	3	420	424	4	9.720e-06	{Y}
sp|P50078|TOS2_YEAST	MULTIPLE	1	38	62	15	7.123e-09	{VI}
sp|P50078|TOS2_YEAST	MULTIPLE	2	413	436	11	8.000e-07	{YN}
sp|P50078|TOS2_YEAST	WHOLE	1	1	622	95	3.041e-12	{S}
sp|P50079|HSV2_YEAST	MULTIPLE	1	164	177	10	2.567e-07	{QS}
sp|P50082|AMA1_YEAST	SINGLE	1	84	113	13	4.775e-08	{S}
sp|P50082|AMA1_YEAST	MULTIPLE	1	11	25	11	3.967e-08	{NS}
sp|P50082|AMA1_YEAST	WHOLE	1	1	593	74	1.739e-06	{S}
sp|P50085|PHB2_YEAST	SINGLE	1	26	50	10	1.917e-06	{G}
sp|P50085|PHB2_YEAST	MULTIPLE	1	16	52	22	1.598e-07	{GLQ}
sp|P50091|PEX21_YEAST	SINGLE	1	215	234	12	1.366e-09	{S}
sp|P50102|UBP8_YEAST	SINGLE	1	46	68	6	1.287e-06	{C}
sp|P50102|UBP8_YEAST	WHOLE	1	1	471	26	6.044e-08	{C}
sp|P50105|TAF4_YEAST	SINGLE	1	107	126	9	1.095e-06	{K}
sp|P50106|RPA14_YEAST	SINGLE	1	63	72	7	1.710e-06	{A}
sp|P50108|MNN10_YEAST	MULTIPLE	1	85	117	14	5.802e-06	{NS}
sp|P50111|ZDS1_YEAST	SINGLE	1	907	914	8	1.236e-11	{Q}
sp|P50111|ZDS1_YEAST	SINGLE	2	597	609	10	8.674e-10	{S}
sp|P50111|ZDS1_YEAST	SINGLE	3	176	219	13	2.346e-08	{N}
sp|P50111|ZDS1_YEAST	SINGLE	4	647	654	5	2.581e-07	{H}
sp|P50111|ZDS1_YEAST	SINGLE	5	736	781	12	3.752e-07	{Q}
sp|P50111|ZDS1_YEAST	SINGLE	6	71	89	9	2.301e-06	{S}
sp|P50111|ZDS1_YEAST	SINGLE	7	668	678	6	2.440e-06	{Q}
sp|P50111|ZDS1_YEAST	SINGLE	8	721	726	5	5.074e-06	{K}
sp|P50111|ZDS1_YEAST	SINGLE	9	245	251	5	9.952e-06	{D}
sp|P50111|ZDS1_YEAST	MULTIPLE	1	181	219	18	5.559e-09	{ND}
sp|P50111|ZDS1_YEAST	MULTIPLE	2	641	654	10	2.029e-09	{HR}
sp|P50111|ZDS1_YEAST	MULTIPLE	3	71	103	17	1.709e-07	{ST}
sp|P50111|ZDS1_YEAST	MULTIPLE	4	508	529	12	5.245e-07	{NE}
sp|P50111|ZDS1_YEAST	WHOLE	1	1	915	75	7.391e-08	{N}
sp|P50111|ZDS1_YEAST	WHOLE	2	1	915	107	3.319e-07	{S}
sp|P50275|ASE1_YEAST	MULTIPLE	1	493	525	18	2.688e-07	{EL}
sp|P50275|ASE1_YEAST	WHOLE	1	1	885	89	2.613e-06	{K}
sp|P50875|SPT20_YEAST	SINGLE	1	540	559	12	3.638e-12	{N}
sp|P50875|SPT20_YEAST	SINGLE	2	69	104	15	7.750e-12	{Q}
sp|P50875|SPT20_YEAST	SINGLE	3	518	533	10	1.422e-10	{Q}
sp|P50875|SPT20_YEAST	SINGLE	4	454	463	9	1.031e-09	{A}
sp|P50875|SPT20_YEAST	SINGLE	5	562	591	12	8.516e-08	{K}
sp|P50875|SPT20_YEAST	SINGLE	6	422	440	10	1.788e-07	{S}
sp|P50875|SPT20_YEAST	SINGLE	7	157	162	5	8.737e-07	{Q}
sp|P50875|SPT20_YEAST	SINGLE	8	17	40	8	7.741e-06	{P}
sp|P50875|SPT20_YEAST	MULTIPLE	1	71	96	19	7.427e-12	{QL}
sp|P50875|SPT20_YEAST	MULTIPLE	2	422	451	18	2.543e-10	{SN}
sp|P50875|SPT20_YEAST	MULTIPLE	3	17	59	19	1.084e-09	{PN}
sp|P50875|SPT20_YEAST	MULTIPLE	4	229	259	17	5.297e-09	{SN}
sp|P50875|SPT20_YEAST	WHOLE	1	1	604	70	9.509e-14	{N}
sp|P50942|INP52_YEAST	SINGLE	1	131	152	13	3.609e-10	{S}
sp|P50942|INP52_YEAST	SINGLE	2	987	991	5	2.221e-07	{P}
sp|P50942|INP52_YEAST	MULTIPLE	1	1153	1182	15	9.418e-08	{KP}
sp|P50947|PHO23_YEAST	SINGLE	1	201	216	7	2.126e-06	{N}
sp|P50947|PHO23_YEAST	MULTIPLE	1	230	275	24	9.924e-08	{STN}
sp|P51601|GCH1_YEAST	SINGLE	1	48	56	7	1.543e-07	{E}
sp|P51862|ROM2_YEAST	SINGLE	1	329	336	8	5.101e-14	{H}
sp|P51862|ROM2_YEAST	SINGLE	2	252	265	11	3.040e-13	{N}
sp|P51862|ROM2_YEAST	SINGLE	3	337	411	27	7.386e-13	{S}
sp|P51862|ROM2_YEAST	SINGLE	4	525	568	17	3.499e-09	{S}
sp|P51862|ROM2_YEAST	SINGLE	5	273	311	16	3.597e-09	{S}
sp|P51862|ROM2_YEAST	SINGLE	6	240	257	7	5.843e-08	{H}
sp|P51862|ROM2_YEAST	SINGLE	7	115	156	13	4.146e-06	{S}
sp|P51862|ROM2_YEAST	MULTIPLE	1	240	265	22	5.354e-18	{NHQ}
sp|P51862|ROM2_YEAST	WHOLE	1	1	1356	172	3.866e-13	{S}
sp|P51979|HFM1_YEAST	SINGLE	1	1157	1171	8	2.783e-06	{S}
sp|P51979|HFM1_YEAST	SINGLE	2	967	1026	16	2.965e-06	{S}
sp|P51979|HFM1_YEAST	SINGLE	3	1039	1054	5	3.835e-06	{C}
sp|P51979|HFM1_YEAST	SINGLE	4	106	119	7	7.560e-06	{K}
sp|P52286|SKP1_YEAST	SINGLE	1	66	73	7	1.241e-08	{D}
sp|P52286|SKP1_YEAST	SINGLE	2	104	109	5	3.011e-06	{D}
sp|P52286|SKP1_YEAST	SINGLE	3	31	64	9	8.950e-06	{N}
sp|P52286|SKP1_YEAST	MULTIPLE	1	31	64	16	2.343e-07	{NS}
sp|P52488|UBA2_YEAST	WHOLE	1	1	636	61	4.500e-07	{I}
sp|P52489|KPYK2_YEAST	SINGLE	1	385	391	6	1.498e-06	{A}
sp|P52593|NU188_YEAST	SINGLE	1	533	545	11	7.162e-14	{Q}
sp|P52593|NU188_YEAST	SINGLE	2	485	489	5	1.948e-06	{S}
sp|P52593|NU188_YEAST	SINGLE	3	1385	1391	6	3.854e-06	{L}
sp|P52593|NU188_YEAST	SINGLE	4	728	749	8	5.499e-06	{I}
sp|P52593|NU188_YEAST	SINGLE	5	1031	1073	12	6.588e-06	{K}
sp|P52593|NU188_YEAST	WHOLE	1	1	1655	160	8.270e-16	{I}
sp|P52593|NU188_YEAST	WHOLE	2	1	1655	244	1.162e-13	{L}
sp|P52593|NU188_YEAST	WHOLE	3	1	1655	177	5.718e-08	{S}
sp|P52593|NU188_YEAST	WHOLE	4	1	1655	115	2.713e-07	{N}
sp|P52593|NU188_YEAST	WHOLE	5	1	1655	101	4.547e-06	{F}
sp|P52891|NUP84_YEAST	WHOLE	1	1	726	64	3.661e-06	{I}
sp|P52893|ALAT1_YEAST	SINGLE	1	163	192	9	3.022e-06	{Q}
sp|P52917|VPS4_YEAST	SINGLE	1	287	293	5	4.800e-06	{R}
sp|P52960|PIP2_YEAST	SINGLE	1	890	962	23	2.459e-14	{N}
sp|P52960|PIP2_YEAST	SINGLE	2	639	662	8	2.122e-06	{F}
sp|P52960|PIP2_YEAST	SINGLE	3	25	52	6	4.432e-06	{C}
sp|P52960|PIP2_YEAST	MULTIPLE	1	334	355	12	8.929e-06	{IL}
sp|P52960|PIP2_YEAST	WHOLE	1	1	996	76	8.760e-07	{N}
sp|P52960|PIP2_YEAST	WHOLE	2	1	996	80	8.139e-06	{I}
sp|P53010|PAN2_YEAST	WHOLE	1	1	1115	80	4.169e-06	{N}
sp|P53012|SCS3_YEAST	SINGLE	1	150	162	5	5.312e-06	{H}
sp|P53012|SCS3_YEAST	SINGLE	2	329	342	8	8.637e-06	{L}
sp|P53012|SCS3_YEAST	SINGLE	3	52	61	4	9.459e-06	{W}
sp|P53012|SCS3_YEAST	MULTIPLE	1	156	183	11	6.085e-07	{HQ}
sp|P53032|SUT1_YEAST	SINGLE	1	130	159	13	4.775e-08	{S}
sp|P53032|SUT1_YEAST	SINGLE	2	86	105	9	1.048e-07	{P}
sp|P53032|SUT1_YEAST	MULTIPLE	1	133	151	15	1.777e-10	{ST}
sp|P53032|SUT1_YEAST	MULTIPLE	2	160	173	8	2.479e-06	{CK}
sp|P53037|PSD2_YEAST	SINGLE	1	108	159	23	2.176e-13	{S}
sp|P53037|PSD2_YEAST	SINGLE	2	1045	1049	5	2.912e-07	{I}
sp|P53037|PSD2_YEAST	SINGLE	3	425	446	9	4.301e-06	{E}
sp|P53037|PSD2_YEAST	SINGLE	4	928	939	6	4.547e-06	{N}
sp|P53037|PSD2_YEAST	MULTIPLE	1	89	166	48	1.921e-17	{STP}
sp|P53037|PSD2_YEAST	MULTIPLE	2	271	290	11	3.580e-06	{SP}
sp|P53037|PSD2_YEAST	MULTIPLE	3	708	727	9	1.443e-06	{CR}
sp|P53039|YIP1_YEAST	SINGLE	1	5	12	5	7.298e-06	{N}
sp|P53039|YIP1_YEAST	MULTIPLE	1	111	126	11	4.253e-07	{FL}
sp|P53044|UFD1_YEAST	MULTIPLE	1	2	25	12	1.336e-06	{FG}
sp|P53044|UFD1_YEAST	MULTIPLE	2	331	354	14	2.774e-07	{KS}
sp|P53045|ERG25_YEAST	SINGLE	1	257	263	5	9.894e-08	{H}
sp|P53045|ERG25_YEAST	SINGLE	2	156	177	6	5.629e-06	{H}
sp|P53048|MAL11_YEAST	SINGLE	1	450	466	8	4.895e-06	{G}
sp|P53049|YOR1_YEAST	SINGLE	1	552	581	11	8.164e-07	{K}
sp|P53049|YOR1_YEAST	SINGLE	2	359	370	6	2.599e-06	{F}
sp|P53049|YOR1_YEAST	SINGLE	3	814	842	10	7.520e-06	{E}
sp|P53049|YOR1_YEAST	SINGLE	4	926	953	8	7.646e-06	{F}
sp|P53049|YOR1_YEAST	MULTIPLE	1	549	567	12	3.369e-07	{KE}
sp|P53049|YOR1_YEAST	MULTIPLE	2	28	49	14	3.288e-08	{SD}
sp|P53049|YOR1_YEAST	WHOLE	1	1	1477	117	2.362e-07	{I}
sp|P53061|ZIP2_YEAST	SINGLE	1	276	309	12	4.182e-07	{K}
sp|P53061|ZIP2_YEAST	SINGLE	2	436	443	6	1.373e-06	{K}
sp|P53061|ZIP2_YEAST	MULTIPLE	1	274	299	13	2.932e-07	{KF}
sp|P53061|ZIP2_YEAST	WHOLE	1	1	704	76	1.076e-06	{K}
sp|P53064|RTF1_YEAST	SINGLE	1	184	240	19	1.381e-09	{E}
sp|P53064|RTF1_YEAST	SINGLE	2	182	221	13	1.246e-07	{D}
sp|P53064|RTF1_YEAST	SINGLE	3	72	109	13	3.731e-07	{E}
sp|P53064|RTF1_YEAST	SINGLE	4	52	58	5	9.952e-06	{D}
sp|P53064|RTF1_YEAST	MULTIPLE	1	182	243	35	6.122e-17	{ED}
sp|P53064|RTF1_YEAST	MULTIPLE	2	110	151	15	1.874e-06	{QR}
sp|P53064|RTF1_YEAST	WHOLE	1	1	558	70	7.621e-08	{E}
sp|P53067|IMB5_YEAST	SINGLE	1	918	954	19	9.048e-15	{D}
sp|P53067|IMB5_YEAST	SINGLE	2	608	636	9	2.129e-06	{N}
sp|P53076|VID30_YEAST	SINGLE	1	165	185	21	4.432e-27	{D}
sp|P53076|VID30_YEAST	SINGLE	2	441	469	13	2.916e-08	{S}
sp|P53076|VID30_YEAST	SINGLE	3	277	289	8	6.465e-07	{S}
sp|P53076|VID30_YEAST	SINGLE	4	623	641	9	9.770e-07	{E}
sp|P53076|VID30_YEAST	MULTIPLE	1	205	222	11	2.375e-06	{EG}
sp|P53076|VID30_YEAST	WHOLE	1	1	958	88	3.090e-11	{N}
sp|P53076|VID30_YEAST	WHOLE	2	1	958	98	4.144e-09	{D}
sp|P53079|COG1_YEAST	MULTIPLE	1	107	125	10	1.751e-06	{NI}
sp|P53083|MDM34_YEAST	SINGLE	1	239	259	9	6.304e-06	{S}
sp|P53083|MDM34_YEAST	WHOLE	1	1	459	60	3.507e-06	{S}
sp|P53091|MCM6_YEAST	SINGLE	1	2	70	22	1.309e-09	{S}
sp|P53091|MCM6_YEAST	MULTIPLE	1	2	70	32	1.087e-12	{SP}
sp|P53091|MCM6_YEAST	MULTIPLE	2	862	868	7	9.125e-08	{DN}
sp|P53091|MCM6_YEAST	MULTIPLE	3	988	995	8	1.865e-08	{NE}
sp|P53091|MCM6_YEAST	MULTIPLE	4	226	255	14	8.835e-06	{ST}
sp|P53096|HOS2_YEAST	SINGLE	1	417	444	11	5.994e-07	{E}
sp|P53104|ATG1_YEAST	SINGLE	1	542	548	7	2.854e-10	{Q}
sp|P53104|ATG1_YEAST	SINGLE	2	495	522	11	1.647e-06	{S}
sp|P53104|ATG1_YEAST	MULTIPLE	1	495	518	14	7.013e-08	{SR}
sp|P53104|ATG1_YEAST	MULTIPLE	2	448	487	17	9.250e-09	{QN}
sp|P53104|ATG1_YEAST	MULTIPLE	3	643	655	10	1.266e-07	{ED}
sp|P53104|ATG1_YEAST	MULTIPLE	4	53	89	15	3.403e-06	{IK}
sp|P53109|AIM14_YEAST	WHOLE	1	1	570	57	2.824e-07	{I}
sp|P53114|MED5_YEAST	SINGLE	1	1048	1054	6	4.936e-07	{E}
sp|P53114|MED5_YEAST	SINGLE	2	1053	1064	6	4.547e-06	{N}
sp|P53114|MED5_YEAST	MULTIPLE	1	1048	1064	12	8.893e-09	{EN}
sp|P53114|MED5_YEAST	MULTIPLE	2	257	281	14	1.237e-07	{PS}
sp|P53114|MED5_YEAST	WHOLE	1	1	1132	96	2.894e-10	{N}
sp|P53115|INO80_YEAST	SINGLE	1	212	251	17	1.968e-13	{N}
sp|P53115|INO80_YEAST	SINGLE	2	214	292	24	3.724e-12	{D}
sp|P53115|INO80_YEAST	SINGLE	3	254	280	15	1.212e-11	{E}
sp|P53115|INO80_YEAST	SINGLE	4	300	306	7	1.013e-08	{S}
sp|P53115|INO80_YEAST	SINGLE	5	143	163	11	1.576e-08	{E}
sp|P53115|INO80_YEAST	SINGLE	6	675	682	7	3.667e-08	{E}
sp|P53115|INO80_YEAST	SINGLE	7	188	193	6	2.322e-07	{A}
sp|P53115|INO80_YEAST	SINGLE	8	1044	1067	9	3.465e-07	{N}
sp|P53115|INO80_YEAST	SINGLE	9	547	573	11	3.893e-07	{E}
sp|P53115|INO80_YEAST	SINGLE	10	544	580	12	1.167e-06	{K}
sp|P53115|INO80_YEAST	SINGLE	11	140	162	9	1.863e-06	{D}
sp|P53115|INO80_YEAST	SINGLE	12	1047	1066	9	3.882e-06	{S}
sp|P53115|INO80_YEAST	SINGLE	13	1097	1121	8	6.089e-06	{N}
sp|P53115|INO80_YEAST	MULTIPLE	1	212	294	68	2.990e-39	{NDE}
sp|P53115|INO80_YEAST	MULTIPLE	2	138	163	21	1.767e-15	{ED}
sp|P53115|INO80_YEAST	MULTIPLE	3	1044	1067	18	8.247e-13	{NS}
sp|P53115|INO80_YEAST	MULTIPLE	4	544	580	23	2.153e-12	{EK}
sp|P53115|INO80_YEAST	MULTIPLE	5	984	1002	11	1.346e-06	{SN}
sp|P53115|INO80_YEAST	MULTIPLE	6	394	400	7	2.338e-07	{ER}
sp|P53115|INO80_YEAST	WHOLE	1	1	1489	141	6.186e-18	{N}
sp|P53119|HUL5_YEAST	SINGLE	1	446	470	11	1.522e-07	{E}
sp|P53119|HUL5_YEAST	SINGLE	2	149	193	14	1.683e-06	{S}
sp|P53119|HUL5_YEAST	SINGLE	3	9	37	9	4.981e-06	{R}
sp|P53119|HUL5_YEAST	MULTIPLE	1	149	193	19	3.356e-07	{SI}
sp|P53119|HUL5_YEAST	MULTIPLE	2	480	507	16	4.019e-07	{KL}
sp|P53125|ITC1_YEAST	SINGLE	1	293	354	17	1.172e-07	{K}
sp|P53125|ITC1_YEAST	SINGLE	2	281	311	11	5.189e-06	{S}
sp|P53125|ITC1_YEAST	MULTIPLE	1	281	354	33	4.797e-11	{KS}
sp|P53125|ITC1_YEAST	MULTIPLE	2	1069	1088	12	1.284e-07	{EN}
sp|P53125|ITC1_YEAST	MULTIPLE	3	29	47	10	5.134e-06	{EF}
sp|P53125|ITC1_YEAST	WHOLE	1	1	1264	88	4.732e-06	{N}
sp|P53127|SNT2_YEAST	SINGLE	1	320	346	7	1.727e-07	{C}
sp|P53127|SNT2_YEAST	MULTIPLE	1	882	913	13	1.970e-06	{NI}
sp|P53127|SNT2_YEAST	WHOLE	1	1	1403	52	2.979e-08	{C}
sp|P53127|SNT2_YEAST	WHOLE	2	1	1403	103	9.155e-08	{N}
sp|P53127|SNT2_YEAST	WHOLE	3	1	1403	135	1.528e-07	{K}
sp|P53131|PRP43_YEAST	SINGLE	1	754	767	8	4.357e-07	{K}
sp|P53131|PRP43_YEAST	MULTIPLE	1	10	67	18	9.317e-07	{HE}
sp|P53135|SLD3_YEAST	SINGLE	1	296	328	13	3.070e-08	{K}
sp|P53135|SLD3_YEAST	SINGLE	2	656	661	5	1.440e-06	{R}
sp|P53135|SLD3_YEAST	MULTIPLE	1	296	328	17	8.772e-09	{KR}
sp|P53135|SLD3_YEAST	WHOLE	1	1	668	73	1.091e-06	{K}
sp|P53137|CUE3_YEAST	SINGLE	1	567	615	15	1.319e-07	{K}
sp|P53140|RMD9_YEAST	SINGLE	1	554	558	5	9.161e-07	{T}
sp|P53140|RMD9_YEAST	MULTIPLE	1	407	426	11	8.985e-08	{FN}
sp|P53145|LSG1_YEAST	SINGLE	1	322	335	7	1.190e-06	{P}
sp|P53145|LSG1_YEAST	SINGLE	2	4	26	9	4.399e-06	{K}
sp|P53145|LSG1_YEAST	MULTIPLE	1	2	26	15	3.524e-09	{KP}
sp|P53146|USE1_YEAST	MULTIPLE	1	220	242	12	1.112e-07	{IF}
sp|P53148|KNL1_YEAST	SINGLE	1	246	278	12	1.455e-06	{S}
sp|P53148|KNL1_YEAST	SINGLE	2	301	308	5	7.298e-06	{N}
sp|P53148|KNL1_YEAST	MULTIPLE	1	758	792	12	9.955e-07	{NM}
sp|P53150|XRCC4_YEAST	SINGLE	1	304	309	5	3.011e-06	{D}
sp|P53150|XRCC4_YEAST	MULTIPLE	1	304	313	9	5.546e-09	{DF}
sp|P53154|GUP1_YEAST	WHOLE	1	1	560	55	7.496e-07	{I}
sp|P53154|GUP1_YEAST	WHOLE	2	1	560	45	3.384e-06	{F}
sp|P53163|MNP1_YEAST	SINGLE	1	124	182	15	1.765e-06	{K}
sp|P53163|MNP1_YEAST	SINGLE	2	28	39	7	2.025e-06	{T}
sp|P53163|MNP1_YEAST	MULTIPLE	1	87	115	19	5.219e-09	{GAM}
sp|P53164|NPY1_YEAST	MULTIPLE	1	260	286	13	2.084e-06	{EI}
sp|P53165|SGF73_YEAST	SINGLE	1	449	493	24	2.811e-21	{Q}
sp|P53165|SGF73_YEAST	SINGLE	2	131	162	22	8.971e-21	{D}
sp|P53165|SGF73_YEAST	SINGLE	3	517	554	20	8.125e-18	{Q}
sp|P53165|SGF73_YEAST	SINGLE	4	292	321	13	1.061e-10	{Q}
sp|P53165|SGF73_YEAST	SINGLE	5	128	177	15	1.584e-09	{N}
sp|P53165|SGF73_YEAST	SINGLE	6	584	594	7	7.644e-08	{N}
sp|P53165|SGF73_YEAST	MULTIPLE	1	128	173	37	2.665e-29	{DN}
sp|P53165|SGF73_YEAST	MULTIPLE	2	291	321	21	4.153e-14	{QK}
sp|P53165|SGF73_YEAST	MULTIPLE	3	601	654	31	1.149e-10	{SGN}
sp|P53165|SGF73_YEAST	WHOLE	1	1	657	73	2.929e-13	{Q}
sp|P53165|SGF73_YEAST	WHOLE	2	1	657	62	7.166e-09	{N}
sp|P53166|MRH4_YEAST	SINGLE	1	50	64	8	8.760e-07	{K}
sp|P53166|MRH4_YEAST	WHOLE	1	1	561	62	4.254e-06	{K}
sp|P53168|DUO1_YEAST	MULTIPLE	1	21	70	20	2.031e-07	{NS}
sp|P53168|DUO1_YEAST	WHOLE	1	1	247	27	7.023e-06	{N}
sp|P53191|PIB2_YEAST	SINGLE	1	238	252	12	7.174e-12	{S}
sp|P53191|PIB2_YEAST	SINGLE	2	528	569	12	1.212e-07	{N}
sp|P53191|PIB2_YEAST	SINGLE	3	359	420	18	1.905e-07	{S}
sp|P53191|PIB2_YEAST	SINGLE	4	195	201	6	1.953e-07	{D}
sp|P53191|PIB2_YEAST	SINGLE	5	86	94	6	4.848e-07	{Q}
sp|P53191|PIB2_YEAST	MULTIPLE	1	535	555	12	9.859e-08	{ND}
sp|P53191|PIB2_YEAST	MULTIPLE	2	355	442	35	9.047e-12	{SN}
sp|P53191|PIB2_YEAST	MULTIPLE	3	458	488	11	8.820e-09	{HC}
sp|P53191|PIB2_YEAST	MULTIPLE	4	497	513	10	2.123e-06	{GN}
sp|P53191|PIB2_YEAST	WHOLE	1	1	635	63	8.328e-10	{N}
sp|P53191|PIB2_YEAST	WHOLE	2	1	635	87	4.540e-09	{S}
sp|P53195|COG7_YEAST	SINGLE	1	140	147	5	7.298e-06	{N}
sp|P53197|CDH1_YEAST	SINGLE	1	14	50	17	1.369e-10	{S}
sp|P53197|CDH1_YEAST	WHOLE	1	1	566	75	1.672e-07	{S}
sp|P53201|SWC4_YEAST	SINGLE	1	329	341	8	1.275e-08	{Q}
sp|P53201|SWC4_YEAST	MULTIPLE	1	126	155	15	8.971e-08	{EN}
sp|P53202|CUL3_YEAST	MULTIPLE	1	106	136	10	1.176e-07	{MC}
sp|P53202|CUL3_YEAST	MULTIPLE	2	302	330	12	3.867e-06	{NI}
sp|P53202|CUL3_YEAST	WHOLE	1	1	744	69	2.968e-07	{I}
sp|P53204|NMA2_YEAST	SINGLE	1	3	36	12	2.060e-08	{P}
sp|P53224|ORM1_YEAST	MULTIPLE	1	14	56	17	3.365e-06	{RS}
sp|P53226|BUD9_YEAST	SINGLE	1	470	478	5	9.817e-06	{F}
sp|P53226|BUD9_YEAST	MULTIPLE	1	132	162	17	5.297e-09	{NS}
sp|P53226|BUD9_YEAST	WHOLE	1	1	547	69	2.569e-06	{S}
sp|P53236|RSC1_YEAST	SINGLE	1	885	901	9	2.941e-07	{E}
sp|P53236|RSC1_YEAST	SINGLE	2	600	631	11	7.338e-06	{S}
sp|P53236|RSC1_YEAST	MULTIPLE	1	621	693	28	2.611e-09	{SN}
sp|P53236|RSC1_YEAST	MULTIPLE	2	842	864	16	1.587e-08	{NSP}
sp|P53236|RSC1_YEAST	WHOLE	1	1	928	76	6.362e-08	{N}
sp|P53236|RSC1_YEAST	WHOLE	2	1	928	74	3.728e-06	{P}
sp|P53238|PEF1_YEAST	SINGLE	1	36	47	6	4.669e-06	{Q}
sp|P53238|PEF1_YEAST	MULTIPLE	1	90	138	16	2.684e-06	{PN}
sp|P53251|SLX9_YEAST	SINGLE	1	131	137	5	9.952e-06	{D}
sp|P53252|PIL1_YEAST	SINGLE	1	279	323	22	6.718e-15	{E}
sp|P53252|PIL1_YEAST	SINGLE	2	21	25	5	2.221e-07	{P}
sp|P53252|PIL1_YEAST	WHOLE	1	1	339	44	6.223e-06	{E}
sp|P53254|UTP22_YEAST	WHOLE	1	1	1237	79	9.148e-06	{F}
sp|P53259|PCP1_YEAST	SINGLE	1	95	100	5	8.737e-07	{Q}
sp|P53261|PESC_YEAST	SINGLE	1	533	605	28	9.752e-16	{K}
sp|P53261|PESC_YEAST	SINGLE	2	473	519	21	2.577e-13	{E}
sp|P53261|PESC_YEAST	SINGLE	3	307	331	13	8.582e-10	{E}
sp|P53261|PESC_YEAST	SINGLE	4	503	507	5	5.313e-07	{D}
sp|P53261|PESC_YEAST	SINGLE	5	547	551	5	1.160e-06	{E}
sp|P53261|PESC_YEAST	MULTIPLE	1	533	605	32	4.587e-16	{KM}
sp|P53261|PESC_YEAST	MULTIPLE	2	473	519	28	1.150e-14	{ED}
sp|P53261|PESC_YEAST	WHOLE	1	1	605	75	6.248e-09	{K}
sp|P53261|PESC_YEAST	WHOLE	2	1	605	70	1.319e-06	{E}
sp|P53262|VOA1_YEAST	SINGLE	1	15	60	15	3.721e-07	{S}
sp|P53264|CLD1_YEAST	MULTIPLE	1	275	286	7	1.940e-06	{WP}
sp|P53264|CLD1_YEAST	MULTIPLE	2	383	395	8	5.449e-07	{DW}
sp|P53276|UTP8_YEAST	MULTIPLE	1	168	202	14	8.539e-06	{KI}
sp|P53277|SYF2_YEAST	WHOLE	1	1	215	31	6.699e-06	{K}
sp|P53281|LSB1_YEAST	SINGLE	1	131	198	21	2.254e-12	{P}
sp|P53281|LSB1_YEAST	SINGLE	2	144	206	18	1.011e-10	{Q}
sp|P53281|LSB1_YEAST	MULTIPLE	1	134	205	39	2.527e-22	{PQ}
sp|P53281|LSB1_YEAST	WHOLE	1	1	241	28	6.602e-06	{P}
sp|P53286|BTN2_YEAST	SINGLE	1	215	301	26	2.334e-11	{E}
sp|P53286|BTN2_YEAST	SINGLE	2	287	329	13	1.035e-06	{K}
sp|P53286|BTN2_YEAST	SINGLE	3	340	346	5	2.860e-06	{N}
sp|P53286|BTN2_YEAST	SINGLE	4	328	370	13	5.512e-06	{S}
sp|P53286|BTN2_YEAST	MULTIPLE	1	215	361	74	1.365e-16	{EKS}
sp|P53286|BTN2_YEAST	WHOLE	1	1	410	56	8.781e-08	{E}
sp|P53297|PBP1_YEAST	SINGLE	1	572	638	18	3.933e-15	{M}
sp|P53297|PBP1_YEAST	SINGLE	2	697	721	9	1.597e-09	{H}
sp|P53297|PBP1_YEAST	SINGLE	3	411	471	20	4.181e-09	{S}
sp|P53297|PBP1_YEAST	SINGLE	4	639	693	17	4.653e-08	{G}
sp|P53297|PBP1_YEAST	SINGLE	5	365	395	10	9.441e-06	{K}
sp|P53297|PBP1_YEAST	MULTIPLE	1	577	639	40	5.181e-20	{MPG}
sp|P53297|PBP1_YEAST	MULTIPLE	2	631	700	28	1.672e-12	{GM}
sp|P53297|PBP1_YEAST	MULTIPLE	3	338	347	8	1.093e-06	{NS}
sp|P53297|PBP1_YEAST	WHOLE	1	1	722	83	9.460e-06	{S}
sp|P53298|CENPQ_YEAST	SINGLE	1	30	37	6	3.387e-06	{S}
sp|P53298|CENPQ_YEAST	SINGLE	2	74	86	7	5.621e-06	{E}
sp|P53298|CENPQ_YEAST	MULTIPLE	1	382	406	12	2.921e-07	{HE}
sp|P53301|CRH1_YEAST	SINGLE	1	301	481	87	6.116e-50	{S}
sp|P53301|CRH1_YEAST	SINGLE	2	408	426	8	8.162e-06	{T}
sp|P53301|CRH1_YEAST	MULTIPLE	1	301	477	115	2.277e-56	{ST}
sp|P53301|CRH1_YEAST	MULTIPLE	2	18	56	21	5.094e-09	{TA}
sp|P53301|CRH1_YEAST	MULTIPLE	3	4	17	10	6.920e-06	{LS}
sp|P53301|CRH1_YEAST	WHOLE	1	1	507	123	4.545e-33	{S}
sp|P53301|CRH1_YEAST	WHOLE	2	1	507	60	8.241e-07	{T}
sp|P53309|AP18B_YEAST	SINGLE	1	517	560	18	9.325e-14	{Q}
sp|P53309|AP18B_YEAST	SINGLE	2	306	400	24	1.593e-12	{Q}
sp|P53309|AP18B_YEAST	SINGLE	3	464	499	11	1.993e-07	{Q}
sp|P53309|AP18B_YEAST	SINGLE	4	294	301	5	7.298e-06	{N}
sp|P53309|AP18B_YEAST	MULTIPLE	1	306	403	36	5.235e-14	{QP}
sp|P53309|AP18B_YEAST	MULTIPLE	2	452	500	19	7.794e-09	{QN}
sp|P53309|AP18B_YEAST	WHOLE	1	1	568	69	1.868e-14	{Q}
sp|P53317|NOP19_YEAST	SINGLE	1	178	193	8	1.644e-06	{K}
sp|P53317|NOP19_YEAST	SINGLE	2	154	165	7	5.518e-06	{S}
sp|P53317|NOP19_YEAST	WHOLE	1	1	196	35	1.086e-08	{K}
sp|P53327|ASCC3_YEAST	SINGLE	1	1080	1085	5	6.460e-06	{V}
sp|P53327|ASCC3_YEAST	WHOLE	1	1	1967	151	4.082e-08	{I}
sp|P53330|RT102_YEAST	SINGLE	1	40	45	5	8.737e-07	{Q}
sp|P53331|REXO1_YEAST	SINGLE	1	42	50	7	1.091e-07	{K}
sp|P53331|REXO1_YEAST	SINGLE	2	166	181	8	1.644e-06	{K}
sp|P53334|SCW4_YEAST	SINGLE	1	71	131	28	1.708e-16	{S}
sp|P53334|SCW4_YEAST	SINGLE	2	48	105	21	9.838e-10	{A}
sp|P53334|SCW4_YEAST	MULTIPLE	1	48	131	53	1.540e-23	{SA}
sp|P53334|SCW4_YEAST	WHOLE	1	1	386	57	1.408e-07	{S}
sp|P53334|SCW4_YEAST	WHOLE	2	1	386	55	7.149e-06	{A}
sp|P53335|PXR1_YEAST	SINGLE	1	167	226	32	3.563e-23	{K}
sp|P53335|PXR1_YEAST	SINGLE	2	157	173	10	3.679e-09	{D}
sp|P53335|PXR1_YEAST	MULTIPLE	1	157	226	50	1.227e-27	{KDH}
sp|P53335|PXR1_YEAST	WHOLE	1	1	271	57	2.971e-16	{K}
sp|P53378|TBG_YEAST	SINGLE	1	232	271	13	2.270e-06	{S}
sp|P53378|TBG_YEAST	SINGLE	2	443	469	9	8.500e-06	{D}
sp|P53379|MKC7_YEAST	SINGLE	1	496	570	30	1.476e-15	{S}
sp|P53379|MKC7_YEAST	SINGLE	2	348	353	5	5.156e-06	{T}
sp|P53379|MKC7_YEAST	MULTIPLE	1	496	571	44	1.087e-19	{ST}
sp|P53379|MKC7_YEAST	WHOLE	1	1	596	88	1.002e-10	{S}
sp|P53379|MKC7_YEAST	WHOLE	2	1	596	67	1.212e-06	{T}
sp|P53540|SPC98_YEAST	WHOLE	1	1	846	66	1.975e-06	{N}
sp|P53541|SPO1_YEAST	SINGLE	1	47	56	7	3.412e-07	{K}
sp|P53541|SPO1_YEAST	MULTIPLE	1	197	215	11	1.245e-06	{EI}
sp|P53549|PRS10_YEAST	SINGLE	1	26	51	10	2.440e-06	{E}
sp|P53549|PRS10_YEAST	SINGLE	2	22	33	6	4.669e-06	{Q}
sp|P53549|PRS10_YEAST	MULTIPLE	1	20	53	22	3.364e-12	{EQH}
sp|P53550|DCP2_YEAST	SINGLE	1	368	430	19	3.896e-11	{P}
sp|P53550|DCP2_YEAST	SINGLE	2	887	949	16	6.550e-09	{N}
sp|P53550|DCP2_YEAST	SINGLE	3	294	326	11	7.331e-08	{Q}
sp|P53550|DCP2_YEAST	SINGLE	4	723	758	13	5.880e-07	{S}
sp|P53550|DCP2_YEAST	SINGLE	5	380	412	9	6.876e-06	{N}
sp|P53550|DCP2_YEAST	MULTIPLE	1	365	430	29	6.078e-14	{PN}
sp|P53550|DCP2_YEAST	MULTIPLE	2	291	334	22	3.311e-10	{QS}
sp|P53550|DCP2_YEAST	MULTIPLE	3	327	377	16	1.407e-07	{MP}
sp|P53550|DCP2_YEAST	WHOLE	1	1	970	97	2.617e-14	{N}
sp|P53550|DCP2_YEAST	WHOLE	2	1	970	129	1.189e-11	{S}
sp|P53551|H1_YEAST	SINGLE	1	114	171	19	8.410e-10	{K}
sp|P53551|H1_YEAST	SINGLE	2	4	39	14	1.106e-08	{K}
sp|P53551|H1_YEAST	MULTIPLE	1	107	172	33	3.438e-12	{KA}
sp|P53551|H1_YEAST	MULTIPLE	2	4	39	22	6.540e-12	{KT}
sp|P53551|H1_YEAST	WHOLE	1	1	258	58	6.656e-18	{K}
sp|P53552|THO2_YEAST	SINGLE	1	1201	1230	11	1.333e-06	{E}
sp|P53552|THO2_YEAST	SINGLE	2	733	779	12	1.836e-06	{I}
sp|P53552|THO2_YEAST	MULTIPLE	1	249	286	17	2.441e-07	{NS}
sp|P53552|THO2_YEAST	MULTIPLE	2	157	175	12	2.742e-06	{KL}
sp|P53552|THO2_YEAST	WHOLE	1	1	1597	121	1.559e-09	{N}
sp|P53598|SUCA_YEAST	MULTIPLE	1	94	109	10	3.372e-06	{AP}
sp|P53599|SSK2_YEAST	SINGLE	1	20	39	12	1.366e-09	{S}
sp|P53599|SSK2_YEAST	SINGLE	2	104	114	8	9.627e-08	{S}
sp|P53599|SSK2_YEAST	SINGLE	3	653	659	4	7.399e-06	{M}
sp|P53599|SSK2_YEAST	MULTIPLE	1	104	118	12	2.765e-09	{SR}
sp|P53599|SSK2_YEAST	MULTIPLE	2	281	332	27	3.291e-09	{DNE}
sp|P53599|SSK2_YEAST	MULTIPLE	3	887	912	13	1.333e-06	{NS}
sp|P53599|SSK2_YEAST	MULTIPLE	4	1077	1102	11	2.470e-06	{NF}
sp|P53599|SSK2_YEAST	WHOLE	1	1	1579	120	1.537e-09	{N}
sp|P53604|MSO1_YEAST	SINGLE	1	131	192	17	9.805e-07	{S}
sp|P53604|MSO1_YEAST	MULTIPLE	1	143	188	26	8.615e-10	{SPR}
sp|P53604|MSO1_YEAST	WHOLE	1	1	210	35	1.996e-06	{S}
sp|P53616|SUN4_YEAST	SINGLE	1	69	148	32	1.717e-16	{S}
sp|P53616|SUN4_YEAST	SINGLE	2	50	81	11	1.751e-06	{T}
sp|P53616|SUN4_YEAST	SINGLE	3	365	375	6	2.376e-06	{N}
sp|P53616|SUN4_YEAST	MULTIPLE	1	64	144	50	6.278e-24	{ST}
sp|P53616|SUN4_YEAST	WHOLE	1	1	420	68	2.475e-10	{S}
sp|P53617|NRD1_YEAST	SINGLE	1	567	574	8	1.236e-11	{Q}
sp|P53617|NRD1_YEAST	SINGLE	2	502	554	16	1.295e-09	{P}
sp|P53617|NRD1_YEAST	SINGLE	3	246	264	10	3.776e-09	{R}
sp|P53617|NRD1_YEAST	SINGLE	4	40	51	6	9.795e-06	{I}
sp|P53617|NRD1_YEAST	MULTIPLE	1	502	557	35	2.342e-14	{PQA}
sp|P53617|NRD1_YEAST	MULTIPLE	2	246	264	14	3.492e-10	{RE}
sp|P53622|COPA_YEAST	SINGLE	1	848	900	17	1.897e-08	{E}
sp|P53622|COPA_YEAST	SINGLE	2	762	777	8	9.559e-06	{A}
sp|P53622|COPA_YEAST	MULTIPLE	1	848	900	24	1.681e-09	{ED}
sp|P53622|COPA_YEAST	MULTIPLE	2	331	352	10	3.325e-06	{QF}
sp|P53628|SNF12_YEAST	SINGLE	1	339	362	8	4.328e-06	{N}
sp|P53628|SNF12_YEAST	MULTIPLE	1	220	246	12	5.970e-06	{NT}
sp|P53628|SNF12_YEAST	WHOLE	1	1	566	53	9.793e-08	{N}
sp|P53632|PAP2_YEAST	SINGLE	1	12	36	12	7.042e-09	{K}
sp|P53632|PAP2_YEAST	SINGLE	2	131	155	11	1.522e-07	{E}
sp|P53632|PAP2_YEAST	SINGLE	3	523	533	7	8.996e-07	{T}
sp|P53632|PAP2_YEAST	MULTIPLE	1	131	155	16	2.693e-09	{EK}
sp|P53685|HST1_YEAST	SINGLE	1	463	501	12	2.168e-06	{K}
sp|P53685|HST1_YEAST	SINGLE	2	357	369	6	8.081e-06	{N}
sp|P53687|HST3_YEAST	SINGLE	1	3	23	9	6.304e-06	{S}
sp|P53687|HST3_YEAST	SINGLE	2	422	427	5	6.509e-06	{E}
sp|P53721|RCF2_YEAST	SINGLE	1	196	204	6	5.178e-06	{E}
sp|P53721|RCF2_YEAST	MULTIPLE	1	184	207	14	3.236e-08	{ER}
sp|P53725|MPP6_YEAST	SINGLE	1	67	88	10	2.444e-07	{K}
sp|P53725|MPP6_YEAST	SINGLE	2	162	186	10	1.020e-06	{K}
sp|P53725|MPP6_YEAST	MULTIPLE	1	135	186	28	3.627e-10	{KDN}
sp|P53725|MPP6_YEAST	MULTIPLE	2	31	42	9	5.445e-07	{NS}
sp|P53725|MPP6_YEAST	WHOLE	1	1	186	33	3.222e-08	{K}
sp|P53729|ZNG1_YEAST	WHOLE	1	1	429	43	6.097e-06	{I}
sp|P53730|ALG12_YEAST	WHOLE	1	1	551	45	2.266e-06	{F}
sp|P53734|DBP6_YEAST	SINGLE	1	74	84	7	1.236e-06	{E}
sp|P53734|DBP6_YEAST	SINGLE	2	47	95	14	5.048e-06	{S}
sp|P53734|DBP6_YEAST	SINGLE	3	519	541	8	8.015e-06	{I}
sp|P53734|DBP6_YEAST	MULTIPLE	1	51	91	23	2.017e-10	{ES}
sp|P53739|FPK1_YEAST	SINGLE	1	30	122	33	3.682e-15	{S}
sp|P53739|FPK1_YEAST	SINGLE	2	4	20	7	3.651e-08	{H}
sp|P53739|FPK1_YEAST	SINGLE	3	171	234	19	6.009e-08	{S}
sp|P53739|FPK1_YEAST	SINGLE	4	446	471	9	1.464e-06	{P}
sp|P53739|FPK1_YEAST	SINGLE	5	472	478	5	4.800e-06	{R}
sp|P53739|FPK1_YEAST	SINGLE	6	423	439	8	9.053e-06	{S}
sp|P53739|FPK1_YEAST	MULTIPLE	1	4	20	13	2.628e-11	{HE}
sp|P53739|FPK1_YEAST	MULTIPLE	2	168	241	36	8.728e-11	{SNR}
sp|P53739|FPK1_YEAST	MULTIPLE	3	298	323	16	5.251e-08	{NEF}
sp|P53739|FPK1_YEAST	MULTIPLE	4	823	848	13	2.233e-06	{ED}
sp|P53739|FPK1_YEAST	MULTIPLE	5	363	379	10	1.903e-06	{EN}
sp|P53739|FPK1_YEAST	WHOLE	1	1	893	123	3.531e-12	{S}
sp|P53739|FPK1_YEAST	WHOLE	2	1	893	67	5.544e-06	{N}
sp|P53741|BRE5_YEAST	SINGLE	1	180	201	9	2.854e-06	{K}
sp|P53741|BRE5_YEAST	MULTIPLE	1	168	198	18	2.541e-09	{KE}
sp|P53741|BRE5_YEAST	MULTIPLE	2	335	348	9	5.014e-06	{PS}
sp|P53741|BRE5_YEAST	WHOLE	1	1	515	63	1.357e-07	{K}
sp|P53742|NOG2_YEAST	MULTIPLE	1	470	484	12	5.233e-09	{KE}
sp|P53743|ESF2_YEAST	SINGLE	1	43	82	16	1.272e-09	{E}
sp|P53743|ESF2_YEAST	WHOLE	1	1	316	44	2.919e-07	{K}
sp|P53746|FRE4_YEAST	SINGLE	1	142	158	9	2.750e-09	{Y}
sp|P53746|FRE4_YEAST	SINGLE	2	444	453	6	9.064e-06	{K}
sp|P53746|FRE4_YEAST	SINGLE	3	330	334	4	9.720e-06	{Y}
sp|P53753|ENG1_YEAST	SINGLE	1	287	395	44	2.856e-22	{S}
sp|P53753|ENG1_YEAST	SINGLE	2	373	398	11	1.539e-07	{T}
sp|P53753|ENG1_YEAST	SINGLE	3	60	107	15	6.843e-07	{S}
sp|P53753|ENG1_YEAST	SINGLE	4	163	181	9	2.301e-06	{S}
sp|P53753|ENG1_YEAST	SINGLE	5	130	153	10	2.612e-06	{S}
sp|P53753|ENG1_YEAST	MULTIPLE	1	279	398	67	7.173e-28	{ST}
sp|P53753|ENG1_YEAST	MULTIPLE	2	159	181	15	1.264e-08	{ST}
sp|P53753|ENG1_YEAST	MULTIPLE	3	854	873	9	7.994e-07	{HY}
sp|P53753|ENG1_YEAST	MULTIPLE	4	1047	1062	10	1.471e-06	{EI}
sp|P53753|ENG1_YEAST	WHOLE	1	1	1117	197	3.929e-31	{S}
sp|P53753|ENG1_YEAST	WHOLE	2	1	1117	109	1.151e-06	{T}
sp|P53769|CWC24_YEAST	SINGLE	1	199	236	7	2.055e-06	{C}
sp|P53769|CWC24_YEAST	WHOLE	1	1	259	41	2.283e-08	{K}
sp|P53829|CAF40_YEAST	SINGLE	1	57	94	20	7.434e-18	{N}
sp|P53829|CAF40_YEAST	SINGLE	2	10	21	7	3.165e-06	{G}
sp|P53829|CAF40_YEAST	WHOLE	1	1	373	36	4.433e-06	{N}
sp|P53832|WSC2_YEAST	SINGLE	1	121	261	71	8.100e-43	{S}
sp|P53832|WSC2_YEAST	SINGLE	2	122	302	59	6.079e-27	{T}
sp|P53832|WSC2_YEAST	SINGLE	3	296	315	12	1.366e-09	{S}
sp|P53832|WSC2_YEAST	SINGLE	4	486	496	7	4.312e-07	{D}
sp|P53832|WSC2_YEAST	SINGLE	5	326	331	5	6.460e-06	{V}
sp|P53832|WSC2_YEAST	MULTIPLE	1	121	315	146	1.260e-84	{ST}
sp|P53832|WSC2_YEAST	MULTIPLE	2	317	335	12	4.898e-07	{VG}
sp|P53832|WSC2_YEAST	WHOLE	1	1	503	123	2.030e-33	{S}
sp|P53832|WSC2_YEAST	WHOLE	2	1	503	73	1.177e-11	{T}
sp|P53838|BOR1_YEAST	MULTIPLE	1	30	48	12	7.916e-07	{SE}
sp|P53838|BOR1_YEAST	WHOLE	1	1	576	52	2.089e-08	{F}
sp|P53840|TOF1_YEAST	SINGLE	1	1158	1163	6	6.410e-09	{N}
sp|P53840|TOF1_YEAST	SINGLE	2	999	1026	11	3.645e-07	{K}
sp|P53840|TOF1_YEAST	SINGLE	3	959	978	8	5.790e-06	{D}
sp|P53840|TOF1_YEAST	MULTIPLE	1	999	1022	14	2.243e-08	{KR}
sp|P53843|IST1_YEAST	SINGLE	1	238	278	15	8.847e-09	{K}
sp|P53843|IST1_YEAST	SINGLE	2	190	206	10	4.373e-08	{S}
sp|P53843|IST1_YEAST	SINGLE	3	201	230	10	2.702e-06	{D}
sp|P53843|IST1_YEAST	MULTIPLE	1	190	230	20	2.031e-08	{SD}
sp|P53845|YIF1_YEAST	SINGLE	1	35	51	7	3.459e-06	{N}
sp|P53845|YIF1_YEAST	SINGLE	2	196	208	8	4.077e-06	{L}
sp|P53847|DSL1_YEAST	SINGLE	1	436	452	10	1.636e-08	{E}
sp|P53847|DSL1_YEAST	SINGLE	2	410	435	11	5.142e-08	{D}
sp|P53848|FOL1_YEAST	WHOLE	1	1	824	71	2.564e-06	{I}
sp|P53852|SYC_YEAST	SINGLE	1	669	711	12	6.588e-06	{K}
sp|P53852|SYC_YEAST	SINGLE	2	733	757	9	9.680e-06	{K}
sp|P53852|SYC_YEAST	MULTIPLE	1	686	709	14	1.296e-08	{KQ}
sp|P53852|SYC_YEAST	MULTIPLE	2	733	757	12	2.230e-06	{KQ}
sp|P53855|ATG2_YEAST	SINGLE	1	136	142	6	9.125e-07	{S}
sp|P53855|ATG2_YEAST	SINGLE	2	316	345	10	9.272e-07	{I}
sp|P53855|ATG2_YEAST	WHOLE	1	1	1592	171	7.114e-08	{S}
sp|P53855|ATG2_YEAST	WHOLE	2	1	1592	119	2.697e-06	{I}
sp|P53859|CSL4_YEAST	SINGLE	1	67	88	10	3.887e-07	{E}
sp|P53859|CSL4_YEAST	SINGLE	2	168	184	8	4.895e-06	{G}
sp|P53865|CNM67_YEAST	WHOLE	1	1	581	48	9.395e-06	{N}
sp|P53866|SQS1_YEAST	SINGLE	1	531	538	6	1.373e-06	{K}
sp|P53866|SQS1_YEAST	SINGLE	2	468	507	11	6.907e-06	{D}
sp|P53866|SQS1_YEAST	MULTIPLE	1	467	507	20	2.031e-08	{DS}
sp|P53866|SQS1_YEAST	MULTIPLE	2	302	320	11	7.473e-06	{SE}
sp|P53867|ATG4_YEAST	MULTIPLE	1	388	406	11	3.731e-06	{DS}
sp|P53868|ALG9_YEAST	SINGLE	1	10	16	6	3.854e-06	{L}
sp|P53868|ALG9_YEAST	SINGLE	2	270	300	12	8.292e-06	{L}
sp|P53868|ALG9_YEAST	MULTIPLE	1	270	303	15	5.893e-07	{LW}
sp|P53868|ALG9_YEAST	WHOLE	1	1	555	45	2.729e-06	{F}
sp|P53872|PGA14_YEAST	SINGLE	1	50	158	29	1.204e-11	{K}
sp|P53872|PGA14_YEAST	SINGLE	2	10	68	19	1.227e-09	{T}
sp|P53872|PGA14_YEAST	MULTIPLE	1	7	163	71	2.524e-24	{KT}
sp|P53872|PGA14_YEAST	WHOLE	1	1	204	41	1.794e-11	{T}
sp|P53872|PGA14_YEAST	WHOLE	2	1	204	35	3.029e-08	{K}
sp|P53874|UBP10_YEAST	SINGLE	1	302	310	9	2.071e-11	{E}
sp|P53874|UBP10_YEAST	SINGLE	2	771	792	11	1.756e-08	{K}
sp|P53874|UBP10_YEAST	SINGLE	3	530	579	17	3.204e-08	{S}
sp|P53874|UBP10_YEAST	SINGLE	4	227	242	9	3.892e-08	{D}
sp|P53874|UBP10_YEAST	SINGLE	5	211	266	16	2.876e-07	{E}
sp|P53874|UBP10_YEAST	SINGLE	6	138	144	6	4.936e-07	{E}
sp|P53874|UBP10_YEAST	SINGLE	7	17	56	11	6.142e-07	{N}
sp|P53874|UBP10_YEAST	SINGLE	8	540	548	6	3.938e-06	{T}
sp|P53874|UBP10_YEAST	MULTIPLE	1	763	792	18	5.413e-11	{KN}
sp|P53874|UBP10_YEAST	MULTIPLE	2	540	562	16	9.786e-10	{ST}
sp|P53874|UBP10_YEAST	MULTIPLE	3	227	255	19	1.946e-11	{DE}
sp|P53874|UBP10_YEAST	MULTIPLE	4	169	196	28	2.830e-18	{DGIE}
sp|P53874|UBP10_YEAST	WHOLE	1	1	792	98	8.118e-08	{S}
sp|P53874|UBP10_YEAST	WHOLE	2	1	792	63	1.764e-06	{N}
sp|P53879|RHO5_YEAST	SINGLE	1	282	327	17	7.698e-10	{K}
sp|P53879|RHO5_YEAST	SINGLE	2	66	75	7	9.710e-07	{S}
sp|P53879|RHO5_YEAST	SINGLE	3	232	244	7	4.116e-06	{T}
sp|P53886|APC1_YEAST	SINGLE	1	353	357	5	1.522e-07	{Q}
sp|P53886|APC1_YEAST	WHOLE	1	1	1748	189	1.089e-08	{S}
sp|P53886|APC1_YEAST	WHOLE	2	1	1748	132	5.560e-07	{I}
sp|P53893|RIA1_YEAST	SINGLE	1	124	140	8	4.183e-06	{V}
sp|P53893|RIA1_YEAST	SINGLE	2	1062	1067	5	6.509e-06	{E}
sp|P53894|CBK1_YEAST	SINGLE	1	189	250	43	4.319e-44	{Q}
sp|P53894|CBK1_YEAST	SINGLE	2	23	34	10	1.400e-12	{Q}
sp|P53894|CBK1_YEAST	SINGLE	3	160	187	11	1.647e-06	{S}
sp|P53894|CBK1_YEAST	SINGLE	4	460	489	9	8.515e-06	{I}
sp|P53894|CBK1_YEAST	MULTIPLE	1	303	327	12	4.698e-06	{ER}
sp|P53894|CBK1_YEAST	WHOLE	1	1	756	95	3.351e-20	{Q}
sp|P53895|ASI2_YEAST	SINGLE	1	44	55	7	1.811e-07	{Q}
sp|P53895|ASI2_YEAST	SINGLE	2	62	101	10	4.999e-06	{N}
sp|P53897|IGO1_YEAST	SINGLE	1	128	160	14	2.027e-08	{S}
sp|P53897|IGO1_YEAST	MULTIPLE	1	127	160	21	1.232e-10	{SG}
sp|P53899|CUZ1_YEAST	MULTIPLE	1	17	60	13	5.058e-09	{CH}
sp|P53899|CUZ1_YEAST	MULTIPLE	2	122	143	15	1.363e-08	{KFN}
sp|P53901|INN1_YEAST	SINGLE	1	303	310	7	1.241e-08	{D}
sp|P53901|INN1_YEAST	SINGLE	2	329	335	5	4.239e-06	{P}
sp|P53901|INN1_YEAST	MULTIPLE	1	341	409	47	4.414e-17	{PSRN}
sp|P53904|TBCB_YEAST	MULTIPLE	1	134	158	14	1.672e-07	{AQ}
sp|P53911|EAF7_YEAST	SINGLE	1	252	348	34	1.037e-16	{E}
sp|P53911|EAF7_YEAST	SINGLE	2	341	381	12	3.855e-06	{K}
sp|P53911|EAF7_YEAST	MULTIPLE	1	251	377	72	3.731e-22	{EKD}
sp|P53911|EAF7_YEAST	WHOLE	1	1	425	72	8.152e-14	{E}
sp|P53911|EAF7_YEAST	WHOLE	2	1	425	55	1.333e-07	{K}
sp|P53914|NAT10_YEAST	SINGLE	1	1016	1053	12	1.600e-06	{K}
sp|P53914|NAT10_YEAST	SINGLE	2	50	82	11	2.388e-06	{K}
sp|P53914|NAT10_YEAST	MULTIPLE	1	44	82	14	1.386e-06	{KM}
sp|P53917|FAR11_YEAST	SINGLE	1	146	155	7	4.808e-07	{E}
sp|P53917|FAR11_YEAST	SINGLE	2	499	540	11	2.239e-06	{P}
sp|P53917|FAR11_YEAST	SINGLE	3	113	137	8	6.089e-06	{N}
sp|P53917|FAR11_YEAST	MULTIPLE	1	104	137	17	3.193e-09	{ND}
sp|P53919|NAF1_YEAST	SINGLE	1	361	456	31	3.660e-18	{P}
sp|P53919|NAF1_YEAST	SINGLE	2	441	488	19	3.963e-14	{Q}
sp|P53919|NAF1_YEAST	SINGLE	3	55	77	13	7.702e-10	{S}
sp|P53919|NAF1_YEAST	SINGLE	4	63	104	13	2.357e-07	{D}
sp|P53919|NAF1_YEAST	SINGLE	5	87	133	14	8.937e-07	{E}
sp|P53919|NAF1_YEAST	SINGLE	6	245	260	8	2.395e-06	{E}
sp|P53919|NAF1_YEAST	MULTIPLE	1	361	490	69	1.185e-31	{PQM}
sp|P53919|NAF1_YEAST	MULTIPLE	2	55	133	49	8.212e-17	{SDE}
sp|P53919|NAF1_YEAST	MULTIPLE	3	264	280	14	1.592e-09	{KRQ}
sp|P53919|NAF1_YEAST	WHOLE	1	1	492	53	1.373e-08	{P}
sp|P53920|NM111_YEAST	MULTIPLE	1	227	238	9	5.343e-06	{AS}
sp|P53920|NM111_YEAST	WHOLE	1	1	997	81	4.960e-06	{I}
sp|P53923|CTU2_YEAST	MULTIPLE	1	132	168	15	7.498e-08	{NF}
sp|P53924|DMA2_YEAST	SINGLE	1	433	480	9	6.144e-08	{C}
sp|P53924|DMA2_YEAST	SINGLE	2	17	35	10	1.788e-07	{S}
sp|P53924|DMA2_YEAST	SINGLE	3	153	176	8	4.328e-06	{N}
sp|P53924|DMA2_YEAST	MULTIPLE	1	478	500	14	1.797e-07	{ES}
sp|P53924|DMA2_YEAST	MULTIPLE	2	106	131	10	2.473e-06	{HQ}
sp|P53924|DMA2_YEAST	WHOLE	1	1	522	67	1.962e-06	{S}
sp|P53927|NOP15_YEAST	SINGLE	1	169	219	16	3.483e-08	{K}
sp|P53927|NOP15_YEAST	SINGLE	2	20	51	12	3.349e-07	{E}
sp|P53927|NOP15_YEAST	SINGLE	3	65	84	9	1.095e-06	{K}
sp|P53927|NOP15_YEAST	SINGLE	4	35	39	5	1.948e-06	{S}
sp|P53927|NOP15_YEAST	MULTIPLE	1	33	49	15	1.663e-09	{ESD}
sp|P53927|NOP15_YEAST	WHOLE	1	1	220	38	6.836e-09	{K}
sp|P53930|AF9_YEAST	MULTIPLE	1	189	209	12	4.902e-07	{EI}
sp|P53933|APP1_YEAST	SINGLE	1	469	475	6	6.922e-08	{P}
sp|P53933|APP1_YEAST	SINGLE	2	163	175	8	6.465e-07	{S}
sp|P53933|APP1_YEAST	SINGLE	3	80	91	7	2.025e-06	{T}
sp|P53935|NST1_YEAST	SINGLE	1	630	779	47	3.539e-20	{E}
sp|P53935|NST1_YEAST	SINGLE	2	635	679	18	5.300e-11	{K}
sp|P53935|NST1_YEAST	SINGLE	3	668	747	20	7.523e-10	{R}
sp|P53935|NST1_YEAST	SINGLE	4	506	529	9	1.045e-09	{H}
sp|P53935|NST1_YEAST	SINGLE	5	556	590	13	2.035e-08	{D}
sp|P53935|NST1_YEAST	SINGLE	6	989	1037	17	2.279e-08	{S}
sp|P53935|NST1_YEAST	SINGLE	7	460	496	14	3.128e-08	{E}
sp|P53935|NST1_YEAST	SINGLE	8	564	579	9	1.480e-07	{E}
sp|P53935|NST1_YEAST	SINGLE	9	723	757	11	4.532e-06	{K}
sp|P53935|NST1_YEAST	SINGLE	10	450	469	8	5.790e-06	{D}
sp|P53935|NST1_YEAST	MULTIPLE	1	629	780	127	5.788e-59	{EKRQ}
sp|P53935|NST1_YEAST	MULTIPLE	2	556	590	23	1.326e-13	{DE}
sp|P53935|NST1_YEAST	MULTIPLE	3	454	496	23	5.460e-11	{ED}
sp|P53935|NST1_YEAST	WHOLE	1	1	1240	133	7.310e-09	{E}
sp|P53935|NST1_YEAST	WHOLE	2	1	1240	143	1.281e-08	{S}
sp|P53935|NST1_YEAST	WHOLE	3	1	1240	86	6.623e-06	{N}
sp|P53939|NIS1_YEAST	SINGLE	1	42	60	10	1.375e-09	{N}
sp|P53939|NIS1_YEAST	SINGLE	2	350	378	12	2.869e-07	{S}
sp|P53939|NIS1_YEAST	SINGLE	3	267	286	9	1.124e-06	{T}
sp|P53939|NIS1_YEAST	MULTIPLE	1	39	61	19	7.983e-15	{NS}
sp|P53939|NIS1_YEAST	WHOLE	1	1	407	61	3.251e-08	{S}
sp|P53940|APJ1_YEAST	SINGLE	1	94	166	23	7.277e-10	{S}
sp|P53940|APJ1_YEAST	SINGLE	2	79	89	7	7.889e-08	{Q}
sp|P53940|APJ1_YEAST	SINGLE	3	493	511	8	5.543e-07	{N}
sp|P53940|APJ1_YEAST	SINGLE	4	206	223	5	7.284e-06	{C}
sp|P53940|APJ1_YEAST	MULTIPLE	1	93	167	45	1.536e-18	{SFN}
sp|P53940|APJ1_YEAST	MULTIPLE	2	485	511	15	1.344e-09	{NR}
sp|P53940|APJ1_YEAST	MULTIPLE	3	218	266	15	7.772e-08	{CQ}
sp|P53941|IMP4_YEAST	SINGLE	1	18	38	8	1.414e-06	{Q}
sp|P53943|AQR1_YEAST	SINGLE	1	168	209	12	5.002e-07	{I}
sp|P53943|AQR1_YEAST	SINGLE	2	528	543	7	1.116e-06	{F}
sp|P53950|VAC7_YEAST	SINGLE	1	469	485	14	4.850e-17	{Q}
sp|P53950|VAC7_YEAST	SINGLE	2	363	412	19	8.809e-14	{N}
sp|P53950|VAC7_YEAST	SINGLE	3	1085	1097	11	1.092e-12	{D}
sp|P53950|VAC7_YEAST	SINGLE	4	836	897	17	6.225e-10	{N}
sp|P53950|VAC7_YEAST	SINGLE	5	499	549	15	2.148e-09	{N}
sp|P53950|VAC7_YEAST	SINGLE	6	287	326	13	6.485e-09	{N}
sp|P53950|VAC7_YEAST	SINGLE	7	123	134	7	1.756e-07	{N}
sp|P53950|VAC7_YEAST	SINGLE	8	721	758	11	3.491e-07	{N}
sp|P53950|VAC7_YEAST	SINGLE	9	564	569	5	8.737e-07	{Q}
sp|P53950|VAC7_YEAST	SINGLE	10	598	616	9	2.301e-06	{S}
sp|P53950|VAC7_YEAST	SINGLE	11	118	164	14	2.966e-06	{S}
sp|P53950|VAC7_YEAST	MULTIPLE	1	358	420	36	2.930e-18	{NS}
sp|P53950|VAC7_YEAST	MULTIPLE	2	299	323	15	2.212e-09	{NK}
sp|P53950|VAC7_YEAST	MULTIPLE	3	118	159	23	1.131e-11	{NS}
sp|P53950|VAC7_YEAST	MULTIPLE	4	200	229	14	1.488e-06	{SN}
sp|P53950|VAC7_YEAST	MULTIPLE	5	644	660	10	3.399e-06	{SN}
sp|P53950|VAC7_YEAST	WHOLE	1	1	1165	161	5.022e-38	{N}
sp|P53950|VAC7_YEAST	WHOLE	2	1	1165	154	2.487e-13	{S}
sp|P53951|COG5_YEAST	WHOLE	1	1	403	37	9.775e-06	{N}
sp|P53954|ALG11_YEAST	SINGLE	1	164	208	11	7.607e-06	{I}
sp|P53955|SLM2_YEAST	SINGLE	1	100	119	12	3.638e-12	{N}
sp|P53955|SLM2_YEAST	SINGLE	2	35	39	5	1.522e-07	{Q}
sp|P53955|SLM2_YEAST	WHOLE	1	1	656	58	1.725e-07	{N}
sp|P53955|SLM2_YEAST	WHOLE	2	1	656	77	9.380e-06	{S}
sp|P53959|COG6_YEAST	WHOLE	1	1	839	118	1.219e-06	{L}
sp|P53959|COG6_YEAST	WHOLE	2	1	839	64	5.305e-06	{N}
sp|P53968|CRZ1_YEAST	SINGLE	1	115	140	23	9.920e-29	{Q}
sp|P53968|CRZ1_YEAST	SINGLE	2	456	487	13	2.664e-10	{N}
sp|P53968|CRZ1_YEAST	SINGLE	3	268	307	12	6.686e-08	{N}
sp|P53968|CRZ1_YEAST	SINGLE	4	65	100	14	7.506e-08	{S}
sp|P53968|CRZ1_YEAST	SINGLE	5	533	568	11	1.904e-07	{N}
sp|P53968|CRZ1_YEAST	SINGLE	6	405	438	13	2.743e-07	{S}
sp|P53968|CRZ1_YEAST	SINGLE	7	5	44	11	6.142e-07	{N}
sp|P53968|CRZ1_YEAST	SINGLE	8	367	381	7	1.250e-06	{N}
sp|P53968|CRZ1_YEAST	MULTIPLE	1	405	429	18	5.230e-12	{SR}
sp|P53968|CRZ1_YEAST	MULTIPLE	2	367	388	12	1.955e-07	{ND}
sp|P53968|CRZ1_YEAST	MULTIPLE	3	621	642	13	3.623e-07	{KG}
sp|P53968|CRZ1_YEAST	WHOLE	1	1	678	81	2.382e-16	{N}
sp|P53968|CRZ1_YEAST	WHOLE	2	1	678	92	2.889e-09	{S}
sp|P53972|RCM1_YEAST	SINGLE	1	86	97	8	1.727e-06	{L}
sp|P53972|RCM1_YEAST	SINGLE	2	350	355	5	3.011e-06	{D}
sp|P53972|RCM1_YEAST	SINGLE	3	56	80	9	9.680e-06	{K}
sp|P53972|RCM1_YEAST	WHOLE	1	1	490	56	4.515e-06	{K}
sp|P53973|HDA1_YEAST	SINGLE	1	129	159	11	1.932e-06	{E}
sp|P53974|ARK1_YEAST	SINGLE	1	609	626	10	1.472e-09	{P}
sp|P53974|ARK1_YEAST	SINGLE	2	458	512	17	1.528e-07	{S}
sp|P53974|ARK1_YEAST	SINGLE	3	577	625	14	8.584e-07	{K}
sp|P53974|ARK1_YEAST	MULTIPLE	1	577	626	26	6.440e-13	{PK}
sp|P53978|EF3B_YEAST	SINGLE	1	990	1031	16	1.435e-09	{K}
sp|P53978|EF3B_YEAST	SINGLE	2	191	200	6	9.234e-06	{T}
sp|P53978|EF3B_YEAST	MULTIPLE	1	989	1032	23	2.747e-10	{KE}
sp|P53983|ASI3_YEAST	SINGLE	1	624	663	8	1.971e-07	{C}
sp|P53983|ASI3_YEAST	SINGLE	2	434	465	11	1.698e-06	{K}
sp|P53983|ASI3_YEAST	MULTIPLE	1	599	615	10	5.623e-07	{FD}
sp|P53983|ASI3_YEAST	MULTIPLE	2	320	330	8	2.183e-06	{EN}
sp|P54000|SUB1_YEAST	SINGLE	1	207	244	14	4.631e-08	{E}
sp|P54000|SUB1_YEAST	SINGLE	2	5	27	9	2.263e-07	{N}
sp|P54000|SUB1_YEAST	SINGLE	3	136	171	12	8.403e-07	{K}
sp|P54000|SUB1_YEAST	SINGLE	4	127	144	7	5.415e-06	{N}
sp|P54000|SUB1_YEAST	MULTIPLE	1	207	240	29	9.976e-16	{EKA}
sp|P54000|SUB1_YEAST	MULTIPLE	2	5	29	18	5.043e-10	{NRG}
sp|P54000|SUB1_YEAST	MULTIPLE	3	120	171	30	8.410e-12	{KND}
sp|P54070|KTR6_YEAST	MULTIPLE	1	291	319	13	1.390e-06	{KF}
sp|P54074|ASI1_YEAST	SINGLE	1	568	615	10	3.896e-09	{C}
sp|P54074|ASI1_YEAST	SINGLE	2	458	494	12	1.963e-06	{E}
sp|P54074|ASI1_YEAST	SINGLE	3	71	98	8	7.646e-06	{F}
sp|P54074|ASI1_YEAST	WHOLE	1	1	624	50	1.156e-06	{F}
sp|P54199|MPS1_YEAST	SINGLE	1	265	315	20	1.098e-10	{S}
sp|P54199|MPS1_YEAST	SINGLE	2	71	95	10	4.038e-06	{S}
sp|P54199|MPS1_YEAST	MULTIPLE	1	265	315	26	4.606e-12	{SN}
sp|P54199|MPS1_YEAST	MULTIPLE	2	71	95	13	1.070e-06	{SP}
sp|P54199|MPS1_YEAST	WHOLE	1	1	764	67	3.034e-08	{N}
sp|P54780|RL15B_YEAST	SINGLE	1	20	73	15	2.046e-08	{R}
sp|P54780|RL15B_YEAST	WHOLE	1	1	204	33	7.872e-10	{R}
sp|P54784|ORC1_YEAST	SINGLE	1	281	298	13	2.263e-12	{E}
sp|P54784|ORC1_YEAST	SINGLE	2	745	768	12	1.188e-09	{D}
sp|P54784|ORC1_YEAST	SINGLE	3	216	229	7	7.560e-06	{K}
sp|P54784|ORC1_YEAST	MULTIPLE	1	245	280	17	4.094e-07	{DS}
sp|P54784|ORC1_YEAST	MULTIPLE	2	325	340	11	6.034e-08	{PK}
sp|P54785|MOT3_YEAST	SINGLE	1	98	172	36	4.073e-29	{N}
sp|P54785|MOT3_YEAST	SINGLE	2	8	35	22	2.906e-25	{Q}
sp|P54785|MOT3_YEAST	SINGLE	3	408	433	16	4.848e-16	{N}
sp|P54785|MOT3_YEAST	SINGLE	4	240	245	6	1.073e-10	{H}
sp|P54785|MOT3_YEAST	SINGLE	5	211	226	10	1.360e-10	{N}
sp|P54785|MOT3_YEAST	SINGLE	6	283	338	17	3.627e-10	{P}
sp|P54785|MOT3_YEAST	SINGLE	7	441	450	8	5.455e-08	{A}
sp|P54785|MOT3_YEAST	SINGLE	8	247	262	8	1.077e-07	{N}
sp|P54785|MOT3_YEAST	SINGLE	9	5	36	8	3.162e-07	{H}
sp|P54785|MOT3_YEAST	SINGLE	10	165	177	8	1.221e-06	{A}
sp|P54785|MOT3_YEAST	SINGLE	11	88	95	5	3.800e-06	{Y}
sp|P54785|MOT3_YEAST	SINGLE	12	274	281	5	7.464e-06	{Q}
sp|P54785|MOT3_YEAST	MULTIPLE	1	5	36	30	1.108e-33	{QH}
sp|P54785|MOT3_YEAST	MULTIPLE	2	415	434	19	2.603e-17	{NS}
sp|P54785|MOT3_YEAST	MULTIPLE	3	282	338	26	4.032e-13	{PN}
sp|P54785|MOT3_YEAST	MULTIPLE	4	435	450	13	4.272e-09	{AG}
sp|P54785|MOT3_YEAST	MULTIPLE	5	85	95	9	6.972e-09	{YQ}
sp|P54785|MOT3_YEAST	WHOLE	1	1	490	99	1.189e-37	{N}
sp|P54785|MOT3_YEAST	WHOLE	2	1	490	32	4.637e-08	{H}
sp|P54785|MOT3_YEAST	WHOLE	3	1	490	47	2.747e-07	{Q}
sp|P54786|ZDS2_YEAST	SINGLE	1	650	705	20	5.220e-11	{K}
sp|P54786|ZDS2_YEAST	SINGLE	2	481	543	19	4.553e-08	{S}
sp|P54786|ZDS2_YEAST	SINGLE	3	166	172	6	9.125e-07	{S}
sp|P54786|ZDS2_YEAST	SINGLE	4	524	547	8	4.328e-06	{N}
sp|P54786|ZDS2_YEAST	SINGLE	5	91	107	8	9.053e-06	{S}
sp|P54786|ZDS2_YEAST	MULTIPLE	1	647	705	29	3.763e-11	{KS}
sp|P54786|ZDS2_YEAST	MULTIPLE	2	481	547	30	7.522e-12	{SN}
sp|P54786|ZDS2_YEAST	MULTIPLE	3	94	143	27	3.866e-08	{SED}
sp|P54786|ZDS2_YEAST	WHOLE	1	1	942	130	7.971e-13	{S}
sp|P54786|ZDS2_YEAST	WHOLE	2	1	942	70	5.024e-06	{N}
sp|P54787|VPS9_YEAST	SINGLE	1	332	338	6	4.936e-07	{E}
sp|P54787|VPS9_YEAST	MULTIPLE	1	332	341	10	1.074e-09	{EK}
sp|P54790|ORC3_YEAST	SINGLE	1	62	74	5	5.312e-06	{H}
sp|P54791|ORC4_YEAST	MULTIPLE	1	70	92	12	1.846e-07	{IQ}
sp|P54837|TMEDA_YEAST	MULTIPLE	1	141	180	17	4.438e-07	{RE}
sp|P54854|HXT15_YEAST	SINGLE	1	467	508	11	4.060e-07	{F}
sp|P54854|HXT15_YEAST	MULTIPLE	1	473	508	14	1.625e-07	{FY}
sp|P54854|HXT15_YEAST	MULTIPLE	2	142	157	10	1.459e-06	{VI}
sp|P54860|UFD2_YEAST	MULTIPLE	1	404	423	12	7.355e-07	{EK}
sp|P54860|UFD2_YEAST	WHOLE	1	1	961	67	2.807e-06	{F}
sp|P54862|HXT11_YEAST	SINGLE	1	114	172	16	1.520e-08	{I}
sp|P54862|HXT11_YEAST	SINGLE	2	475	510	11	7.238e-08	{F}
sp|P54862|HXT11_YEAST	SINGLE	3	430	438	5	9.817e-06	{F}
sp|P54862|HXT11_YEAST	MULTIPLE	1	475	510	16	2.165e-09	{FY}
sp|P54867|SLG1_YEAST	SINGLE	1	111	214	46	3.029e-25	{S}
sp|P54867|SLG1_YEAST	SINGLE	2	134	154	12	5.330e-10	{T}
sp|P54867|SLG1_YEAST	SINGLE	3	29	59	11	5.189e-06	{S}
sp|P54867|SLG1_YEAST	SINGLE	4	77	85	6	9.427e-06	{S}
sp|P54867|SLG1_YEAST	MULTIPLE	1	111	255	90	4.567e-42	{ST}
sp|P54867|SLG1_YEAST	MULTIPLE	2	27	98	28	3.761e-12	{SC}
sp|P54867|SLG1_YEAST	MULTIPLE	3	262	277	13	1.253e-09	{VG}
sp|P54867|SLG1_YEAST	WHOLE	1	1	378	87	2.705e-22	{S}
sp|P61829|ATP9_YEAST	MULTIPLE	1	10	28	12	1.214e-07	{IG}
sp|P62651|ERI1_YEAST	MULTIPLE	1	35	56	11	4.238e-06	{WL}
sp|P69771|DID2_YEAST	MULTIPLE	1	15	42	13	1.351e-06	{KQ}
sp|P69851|DAD4_YEAST	WHOLE	1	1	72	13	9.334e-06	{N}
sp|P80428|ARP4_YEAST	MULTIPLE	1	83	95	7	2.709e-06	{QW}
sp|P80667|PEX13_YEAST	SINGLE	1	102	142	17	2.700e-10	{G}
sp|P80667|PEX13_YEAST	SINGLE	2	95	133	10	1.210e-06	{Y}
sp|P80667|PEX13_YEAST	MULTIPLE	1	79	142	43	2.345e-21	{GYN}
sp|P80667|PEX13_YEAST	MULTIPLE	2	359	376	9	6.119e-06	{IY}
sp|P80667|PEX13_YEAST	MULTIPLE	3	45	54	8	1.093e-06	{SN}
sp|P81449|ATPJ_YEAST	MULTIPLE	1	31	55	15	2.967e-08	{KE}
sp|P89102|SEC5_YEAST	SINGLE	1	545	581	13	8.412e-07	{S}
sp|P89102|SEC5_YEAST	SINGLE	2	326	352	9	1.089e-06	{N}
sp|P89102|SEC5_YEAST	SINGLE	3	851	884	10	3.306e-06	{I}
sp|P89102|SEC5_YEAST	MULTIPLE	1	501	543	17	1.740e-06	{IE}
sp|P89102|SEC5_YEAST	WHOLE	1	1	971	91	5.117e-12	{N}
sp|P89102|SEC5_YEAST	WHOLE	2	1	971	93	8.394e-10	{I}
sp|P89105|CTR9_YEAST	SINGLE	1	893	945	17	1.897e-08	{E}
sp|P89105|CTR9_YEAST	SINGLE	2	1016	1023	6	7.378e-07	{D}
sp|P89105|CTR9_YEAST	SINGLE	3	1059	1073	7	1.250e-06	{N}
sp|P89105|CTR9_YEAST	SINGLE	4	1062	1074	7	2.000e-06	{D}
sp|P89105|CTR9_YEAST	MULTIPLE	1	1059	1074	14	8.116e-13	{ND}
sp|P89105|CTR9_YEAST	WHOLE	1	1	1077	113	2.116e-08	{K}
sp|P89105|CTR9_YEAST	WHOLE	2	1	1077	108	2.878e-06	{E}
sp|Q00245|RHO3_YEAST	SINGLE	1	134	169	14	1.099e-10	{N}
sp|Q00246|RHO4_YEAST	MULTIPLE	1	17	58	17	2.017e-06	{SP}
sp|Q00362|2ABA_YEAST	SINGLE	1	370	413	13	2.346e-08	{N}
sp|Q00362|2ABA_YEAST	SINGLE	2	401	444	15	1.942e-07	{S}
sp|Q00362|2ABA_YEAST	MULTIPLE	1	368	444	34	5.181e-13	{NS}
sp|Q00362|2ABA_YEAST	WHOLE	1	1	526	54	3.780e-09	{N}
sp|Q00402|NUM1_YEAST	SINGLE	1	2503	2511	5	5.680e-07	{H}
sp|Q00402|NUM1_YEAST	SINGLE	2	2717	2743	10	8.975e-06	{S}
sp|Q00402|NUM1_YEAST	MULTIPLE	1	2717	2743	17	5.213e-10	{SR}
sp|Q00402|NUM1_YEAST	MULTIPLE	2	2123	2133	10	1.791e-08	{TS}
sp|Q00402|NUM1_YEAST	WHOLE	1	1	2748	306	5.949e-20	{E}
sp|Q00402|NUM1_YEAST	WHOLE	2	1	2748	286	9.206e-18	{K}
sp|Q00402|NUM1_YEAST	WHOLE	3	1	2748	278	4.486e-09	{S}
sp|Q00402|NUM1_YEAST	WHOLE	4	1	2748	173	3.013e-07	{N}
sp|Q00402|NUM1_YEAST	WHOLE	5	1	2748	319	3.379e-06	{L}
sp|Q00416|SEN1_YEAST	SINGLE	1	1921	1948	18	1.199e-15	{K}
sp|Q00416|SEN1_YEAST	SINGLE	2	2	18	12	2.040e-13	{N}
sp|Q00416|SEN1_YEAST	SINGLE	3	945	980	14	7.506e-08	{S}
sp|Q00416|SEN1_YEAST	SINGLE	4	2051	2057	6	1.953e-07	{D}
sp|Q00416|SEN1_YEAST	WHOLE	1	1	2231	145	4.274e-07	{N}
sp|Q00416|SEN1_YEAST	WHOLE	2	1	2231	188	4.617e-06	{K}
sp|Q00539|NAM8_YEAST	SINGLE	1	388	412	10	3.898e-08	{Q}
sp|Q00539|NAM8_YEAST	SINGLE	2	445	471	10	8.824e-08	{N}
sp|Q00539|NAM8_YEAST	SINGLE	3	132	162	10	3.890e-07	{N}
sp|Q00539|NAM8_YEAST	SINGLE	4	250	289	11	6.142e-07	{N}
sp|Q00539|NAM8_YEAST	SINGLE	5	81	105	8	6.089e-06	{N}
sp|Q00539|NAM8_YEAST	MULTIPLE	1	132	164	17	1.825e-08	{NS}
sp|Q00539|NAM8_YEAST	MULTIPLE	2	250	283	18	3.972e-09	{NS}
sp|Q00539|NAM8_YEAST	WHOLE	1	1	523	65	2.895e-14	{N}
sp|Q00539|NAM8_YEAST	WHOLE	2	1	523	66	3.943e-06	{S}
sp|Q00578|RAD25_YEAST	SINGLE	1	270	275	5	8.737e-07	{Q}
sp|Q00578|RAD25_YEAST	SINGLE	2	680	696	7	6.888e-06	{R}
sp|Q00582|RAGAB_YEAST	SINGLE	1	220	235	7	2.126e-06	{N}
sp|Q00684|CDC14_YEAST	SINGLE	1	438	466	9	2.129e-06	{N}
sp|Q00711|SDHA_YEAST	MULTIPLE	1	59	75	12	2.387e-07	{GA}
sp|Q00764|TPS1_YEAST	SINGLE	1	482	491	8	2.829e-08	{S}
sp|Q00772|SLT2_YEAST	SINGLE	1	370	391	19	1.672e-23	{Q}
sp|Q00772|SLT2_YEAST	WHOLE	1	1	484	46	4.599e-07	{Q}
sp|Q00816|REG1_YEAST	SINGLE	1	538	590	18	1.305e-08	{S}
sp|Q00816|REG1_YEAST	SINGLE	2	392	441	14	1.466e-08	{N}
sp|Q00816|REG1_YEAST	SINGLE	3	742	759	9	1.475e-07	{D}
sp|Q00816|REG1_YEAST	SINGLE	4	501	512	7	1.756e-07	{N}
sp|Q00816|REG1_YEAST	SINGLE	5	80	149	17	1.760e-07	{D}
sp|Q00816|REG1_YEAST	SINGLE	6	107	116	7	9.710e-07	{S}
sp|Q00816|REG1_YEAST	SINGLE	7	429	457	11	2.462e-06	{S}
sp|Q00816|REG1_YEAST	SINGLE	8	836	844	6	5.178e-06	{E}
sp|Q00816|REG1_YEAST	MULTIPLE	1	392	458	32	1.712e-13	{NS}
sp|Q00816|REG1_YEAST	MULTIPLE	2	742	760	15	3.849e-11	{DE}
sp|Q00816|REG1_YEAST	MULTIPLE	3	93	149	39	5.438e-14	{DSNP}
sp|Q00816|REG1_YEAST	MULTIPLE	4	824	844	14	3.433e-08	{ES}
sp|Q00816|REG1_YEAST	MULTIPLE	5	14	62	17	1.871e-06	{DN}
sp|Q00816|REG1_YEAST	WHOLE	1	1	1014	106	9.827e-17	{N}
sp|Q00816|REG1_YEAST	WHOLE	2	1	1014	149	1.175e-16	{S}
sp|Q00816|REG1_YEAST	WHOLE	3	1	1014	102	4.863e-09	{D}
sp|Q00916|RU17_YEAST	SINGLE	1	200	207	6	2.073e-06	{G}
sp|Q00916|RU17_YEAST	MULTIPLE	1	187	218	16	7.228e-08	{GR}
sp|Q00947|STP1_YEAST	SINGLE	1	435	440	5	8.737e-07	{Q}
sp|Q00947|STP1_YEAST	SINGLE	2	406	412	6	9.125e-07	{S}
sp|Q00947|STP1_YEAST	SINGLE	3	351	360	6	9.064e-06	{K}
sp|Q00947|STP1_YEAST	MULTIPLE	1	351	363	9	7.175e-07	{KQ}
sp|Q00955|ACAC_YEAST	SINGLE	1	124	130	5	2.860e-06	{N}
sp|Q00955|ACAC_YEAST	SINGLE	2	2119	2129	6	4.366e-06	{R}
sp|Q00955|ACAC_YEAST	SINGLE	3	256	261	5	7.177e-06	{G}
sp|Q00955|ACAC_YEAST	MULTIPLE	1	2119	2129	9	1.309e-08	{RF}
sp|Q00955|ACAC_YEAST	MULTIPLE	2	479	504	12	9.509e-06	{NS}
sp|Q00955|ACAC_YEAST	WHOLE	1	1	2233	161	5.949e-07	{I}
sp|Q01389|BCK1_YEAST	SINGLE	1	283	375	32	2.563e-14	{S}
sp|Q01389|BCK1_YEAST	SINGLE	2	227	273	19	1.715e-10	{S}
sp|Q01389|BCK1_YEAST	SINGLE	3	660	700	15	6.704e-08	{S}
sp|Q01389|BCK1_YEAST	SINGLE	4	15	50	14	7.506e-08	{S}
sp|Q01389|BCK1_YEAST	SINGLE	5	967	980	8	1.946e-07	{D}
sp|Q01389|BCK1_YEAST	SINGLE	6	836	875	14	3.402e-07	{S}
sp|Q01389|BCK1_YEAST	SINGLE	7	900	947	15	6.843e-07	{S}
sp|Q01389|BCK1_YEAST	SINGLE	8	100	131	12	9.977e-07	{S}
sp|Q01389|BCK1_YEAST	SINGLE	9	475	485	6	3.773e-06	{P}
sp|Q01389|BCK1_YEAST	MULTIPLE	1	226	274	28	6.768e-13	{SK}
sp|Q01389|BCK1_YEAST	MULTIPLE	2	967	980	14	3.067e-13	{DS}
sp|Q01389|BCK1_YEAST	MULTIPLE	3	840	875	19	2.643e-09	{SP}
sp|Q01389|BCK1_YEAST	MULTIPLE	4	475	485	10	5.428e-09	{PS}
sp|Q01389|BCK1_YEAST	MULTIPLE	5	1058	1093	19	2.643e-09	{PS}
sp|Q01389|BCK1_YEAST	WHOLE	1	1	1478	236	2.755e-30	{S}
sp|Q01389|BCK1_YEAST	WHOLE	2	1	1478	143	5.245e-08	{K}
sp|Q01448|HPC2_YEAST	SINGLE	1	301	356	19	5.326e-09	{S}
sp|Q01448|HPC2_YEAST	SINGLE	2	83	104	12	6.039e-09	{S}
sp|Q01448|HPC2_YEAST	SINGLE	3	515	543	11	9.030e-07	{E}
sp|Q01448|HPC2_YEAST	SINGLE	4	186	200	7	1.250e-06	{N}
sp|Q01448|HPC2_YEAST	SINGLE	5	542	550	6	3.938e-06	{T}
sp|Q01448|HPC2_YEAST	MULTIPLE	1	299	374	47	7.860e-16	{SKT}
sp|Q01448|HPC2_YEAST	MULTIPLE	2	515	550	25	2.254e-11	{ETD}
sp|Q01448|HPC2_YEAST	WHOLE	1	1	625	88	1.068e-09	{S}
sp|Q01448|HPC2_YEAST	WHOLE	2	1	625	79	1.120e-09	{K}
sp|Q01448|HPC2_YEAST	WHOLE	3	1	625	55	3.949e-07	{N}
sp|Q01454|CTF4_YEAST	SINGLE	1	186	222	12	3.869e-07	{D}
sp|Q01454|CTF4_YEAST	SINGLE	2	788	826	12	3.624e-06	{E}
sp|Q01454|CTF4_YEAST	SINGLE	3	430	439	6	4.935e-06	{D}
sp|Q01477|UBP3_YEAST	SINGLE	1	82	118	14	1.692e-10	{N}
sp|Q01477|UBP3_YEAST	SINGLE	2	161	181	11	4.568e-08	{S}
sp|Q01477|UBP3_YEAST	SINGLE	3	250	288	9	1.216e-07	{H}
sp|Q01477|UBP3_YEAST	SINGLE	4	21	26	5	1.270e-06	{P}
sp|Q01477|UBP3_YEAST	SINGLE	5	789	804	7	2.126e-06	{N}
sp|Q01477|UBP3_YEAST	SINGLE	6	329	371	13	5.512e-06	{S}
sp|Q01477|UBP3_YEAST	SINGLE	7	279	302	9	6.603e-06	{K}
sp|Q01477|UBP3_YEAST	MULTIPLE	1	82	129	24	5.101e-11	{NS}
sp|Q01477|UBP3_YEAST	MULTIPLE	2	146	181	20	1.747e-10	{SN}
sp|Q01477|UBP3_YEAST	MULTIPLE	3	236	299	42	9.164e-14	{HKES}
sp|Q01477|UBP3_YEAST	MULTIPLE	4	335	371	16	1.424e-06	{SP}
sp|Q01477|UBP3_YEAST	WHOLE	1	1	912	74	1.311e-07	{N}
sp|Q01477|UBP3_YEAST	WHOLE	2	1	912	107	2.874e-07	{S}
sp|Q01560|NOP3_YEAST	SINGLE	1	285	395	50	2.069e-29	{G}
sp|Q01560|NOP3_YEAST	SINGLE	2	28	70	15	4.352e-10	{P}
sp|Q01560|NOP3_YEAST	SINGLE	3	92	104	9	6.239e-10	{P}
sp|Q01560|NOP3_YEAST	SINGLE	4	78	116	8	1.585e-06	{H}
sp|Q01560|NOP3_YEAST	SINGLE	5	24	60	10	2.442e-06	{Q}
sp|Q01560|NOP3_YEAST	SINGLE	6	280	307	9	3.608e-06	{R}
sp|Q01560|NOP3_YEAST	MULTIPLE	1	284	404	86	4.163e-43	{GRY}
sp|Q01560|NOP3_YEAST	MULTIPLE	2	24	66	24	1.064e-14	{PQ}
sp|Q01560|NOP3_YEAST	MULTIPLE	3	87	116	18	4.071e-14	{PH}
sp|Q01560|NOP3_YEAST	MULTIPLE	4	138	177	15	4.707e-06	{EF}
sp|Q01560|NOP3_YEAST	WHOLE	1	1	414	51	2.998e-10	{P}
sp|Q01560|NOP3_YEAST	WHOLE	2	1	414	62	1.297e-09	{G}
sp|Q01589|SED1_YEAST	SINGLE	1	58	259	79	4.455e-42	{T}
sp|Q01589|SED1_YEAST	SINGLE	2	21	49	15	2.012e-10	{S}
sp|Q01589|SED1_YEAST	SINGLE	3	273	300	11	3.764e-07	{T}
sp|Q01589|SED1_YEAST	SINGLE	4	305	312	6	3.387e-06	{S}
sp|Q01589|SED1_YEAST	MULTIPLE	1	58	259	106	3.109e-48	{TP}
sp|Q01589|SED1_YEAST	MULTIPLE	2	270	324	23	5.817e-08	{TV}
sp|Q01589|SED1_YEAST	WHOLE	1	1	338	99	1.779e-39	{T}
sp|Q01590|SED5_YEAST	SINGLE	1	326	333	5	4.541e-06	{F}
sp|Q01590|SED5_YEAST	WHOLE	1	1	340	34	3.769e-06	{N}
sp|Q01649|CIK1_YEAST	SINGLE	1	238	255	8	4.919e-06	{K}
sp|Q01649|CIK1_YEAST	MULTIPLE	1	231	256	13	4.586e-07	{KN}
sp|Q01649|CIK1_YEAST	WHOLE	1	1	594	66	1.911e-06	{K}
sp|Q01649|CIK1_YEAST	WHOLE	2	1	594	67	4.797e-06	{E}
sp|Q01662|MAP1_YEAST	SINGLE	1	3	10	6	1.399e-06	{T}
sp|Q01722|GCR2_YEAST	SINGLE	1	255	310	22	4.354e-16	{N}
sp|Q01722|GCR2_YEAST	SINGLE	2	87	123	12	5.630e-06	{S}
sp|Q01722|GCR2_YEAST	MULTIPLE	1	253	311	41	8.261e-19	{NKG}
sp|Q01722|GCR2_YEAST	MULTIPLE	2	76	124	24	8.847e-11	{SN}
sp|Q01722|GCR2_YEAST	WHOLE	1	1	534	62	2.083e-12	{N}
sp|Q01919|KIN4_YEAST	SINGLE	1	649	710	19	3.428e-08	{S}
sp|Q01919|KIN4_YEAST	SINGLE	2	348	360	8	6.465e-07	{S}
sp|Q01919|KIN4_YEAST	MULTIPLE	1	649	713	27	1.627e-08	{SK}
sp|Q01919|KIN4_YEAST	MULTIPLE	2	275	301	12	2.011e-06	{RP}
sp|Q01926|MRS2_YEAST	SINGLE	1	426	456	9	3.925e-06	{N}
sp|Q01926|MRS2_YEAST	SINGLE	2	211	241	12	8.292e-06	{L}
sp|Q01926|MRS2_YEAST	SINGLE	3	101	130	9	8.515e-06	{I}
sp|Q01926|MRS2_YEAST	MULTIPLE	1	426	456	17	1.267e-09	{NK}
sp|Q01926|MRS2_YEAST	MULTIPLE	2	211	247	19	1.628e-07	{LD}
sp|Q01926|MRS2_YEAST	MULTIPLE	3	400	414	9	5.734e-06	{KR}
sp|Q02100|SKO1_YEAST	SINGLE	1	484	529	20	1.155e-11	{S}
sp|Q02100|SKO1_YEAST	SINGLE	2	126	191	22	5.071e-10	{S}
sp|Q02100|SKO1_YEAST	SINGLE	3	590	628	11	4.654e-07	{N}
sp|Q02100|SKO1_YEAST	SINGLE	4	380	399	9	3.882e-06	{S}
sp|Q02100|SKO1_YEAST	SINGLE	5	305	314	6	9.234e-06	{T}
sp|Q02100|SKO1_YEAST	MULTIPLE	1	94	203	54	9.766e-16	{SPN}
sp|Q02100|SKO1_YEAST	MULTIPLE	2	338	370	12	4.842e-07	{NH}
sp|Q02100|SKO1_YEAST	MULTIPLE	3	430	456	14	1.619e-07	{KR}
sp|Q02100|SKO1_YEAST	MULTIPLE	4	50	88	17	3.828e-07	{NS}
sp|Q02100|SKO1_YEAST	WHOLE	1	1	647	82	5.009e-18	{N}
sp|Q02100|SKO1_YEAST	WHOLE	2	1	647	110	4.467e-17	{S}
sp|Q02199|NUP49_YEAST	SINGLE	1	216	226	10	2.328e-13	{N}
sp|Q02199|NUP49_YEAST	SINGLE	2	13	104	28	4.010e-12	{G}
sp|Q02199|NUP49_YEAST	SINGLE	3	90	144	18	7.436e-12	{N}
sp|Q02199|NUP49_YEAST	SINGLE	4	238	249	9	1.031e-10	{Q}
sp|Q02199|NUP49_YEAST	SINGLE	5	67	73	6	4.414e-08	{Q}
sp|Q02199|NUP49_YEAST	SINGLE	6	272	289	7	5.580e-06	{Q}
sp|Q02199|NUP49_YEAST	MULTIPLE	1	13	152	86	4.619e-23	{GNQS}
sp|Q02199|NUP49_YEAST	WHOLE	1	1	472	46	2.049e-07	{N}
sp|Q02199|NUP49_YEAST	WHOLE	2	1	472	58	2.782e-06	{G}
sp|Q02201|OSH6_YEAST	SINGLE	1	10	28	10	1.788e-07	{S}
sp|Q02201|OSH6_YEAST	SINGLE	2	32	44	7	2.000e-06	{D}
sp|Q02206|RSC4_YEAST	SINGLE	1	572	586	7	1.250e-06	{N}
sp|Q02206|RSC4_YEAST	WHOLE	1	1	625	58	3.629e-08	{N}
sp|Q02207|FOX2_YEAST	SINGLE	1	16	49	11	6.426e-06	{G}
sp|Q02256|PVH1_YEAST	SINGLE	1	68	74	5	9.952e-06	{D}
sp|Q02326|RL6A_YEAST	SINGLE	1	108	117	6	9.064e-06	{K}
sp|Q02326|RL6A_YEAST	WHOLE	1	1	176	27	8.067e-06	{K}
sp|Q02336|ADA2_YEAST	SINGLE	1	7	34	7	2.265e-07	{C}
sp|Q02455|MLP1_YEAST	SINGLE	1	1537	1571	13	1.244e-07	{E}
sp|Q02455|MLP1_YEAST	SINGLE	2	1302	1327	11	2.467e-07	{E}
sp|Q02455|MLP1_YEAST	SINGLE	3	1469	1526	16	4.826e-07	{E}
sp|Q02455|MLP1_YEAST	SINGLE	4	1439	1447	6	4.848e-07	{Q}
sp|Q02455|MLP1_YEAST	SINGLE	5	1214	1235	8	2.055e-06	{N}
sp|Q02455|MLP1_YEAST	MULTIPLE	1	1462	1530	30	1.982e-10	{EK}
sp|Q02455|MLP1_YEAST	WHOLE	1	1	1875	274	1.326e-35	{E}
sp|Q02455|MLP1_YEAST	WHOLE	2	1	1875	228	3.451e-22	{K}
sp|Q02455|MLP1_YEAST	WHOLE	3	1	1875	150	5.005e-13	{N}
sp|Q02455|MLP1_YEAST	WHOLE	4	1	1875	128	2.088e-07	{Q}
sp|Q02455|MLP1_YEAST	WHOLE	5	1	1875	225	8.588e-06	{L}
sp|Q02457|TBF1_YEAST	SINGLE	1	377	395	10	1.788e-07	{S}
sp|Q02457|TBF1_YEAST	SINGLE	2	390	398	6	4.718e-07	{N}
sp|Q02457|TBF1_YEAST	MULTIPLE	1	377	400	18	8.247e-13	{SN}
sp|Q02486|ABF2_YEAST	SINGLE	1	89	118	10	6.818e-06	{K}
sp|Q02486|ABF2_YEAST	MULTIPLE	1	89	125	15	2.544e-06	{KP}
sp|Q02555|RNT1_YEAST	SINGLE	1	148	181	12	7.110e-07	{E}
sp|Q02555|RNT1_YEAST	WHOLE	1	1	471	55	2.955e-06	{K}
sp|Q02606|CIP1_YEAST	SINGLE	1	222	227	6	1.037e-08	{P}
sp|Q02606|CIP1_YEAST	MULTIPLE	1	252	270	11	5.373e-07	{NT}
sp|Q02606|CIP1_YEAST	MULTIPLE	2	115	138	10	8.312e-06	{FN}
sp|Q02606|CIP1_YEAST	WHOLE	1	1	381	39	4.714e-07	{N}
sp|Q02606|CIP1_YEAST	WHOLE	2	1	381	52	4.344e-06	{S}
sp|Q02629|NU100_YEAST	SINGLE	1	32	151	34	7.899e-19	{N}
sp|Q02629|NU100_YEAST	SINGLE	2	259	339	23	2.901e-13	{N}
sp|Q02629|NU100_YEAST	SINGLE	3	337	390	15	5.430e-09	{Q}
sp|Q02629|NU100_YEAST	SINGLE	4	182	237	14	6.964e-08	{N}
sp|Q02629|NU100_YEAST	SINGLE	5	572	592	8	1.366e-06	{N}
sp|Q02629|NU100_YEAST	SINGLE	6	715	725	6	2.376e-06	{N}
sp|Q02629|NU100_YEAST	SINGLE	7	154	192	12	4.426e-06	{G}
sp|Q02629|NU100_YEAST	SINGLE	8	207	238	9	5.422e-06	{Q}
sp|Q02629|NU100_YEAST	MULTIPLE	1	10	157	94	4.427e-34	{NSG}
sp|Q02629|NU100_YEAST	MULTIPLE	2	234	393	113	2.929e-38	{NQSG}
sp|Q02629|NU100_YEAST	MULTIPLE	3	160	241	55	8.975e-19	{NGQT}
sp|Q02629|NU100_YEAST	MULTIPLE	4	471	505	18	1.682e-09	{NT}
sp|Q02629|NU100_YEAST	WHOLE	1	1	959	144	3.140e-38	{N}
sp|Q02629|NU100_YEAST	WHOLE	2	1	959	138	7.303e-15	{S}
sp|Q02629|NU100_YEAST	WHOLE	3	1	959	120	1.624e-11	{G}
sp|Q02630|NU116_YEAST	SINGLE	1	386	520	39	1.264e-21	{Q}
sp|Q02630|NU116_YEAST	SINGLE	2	287	410	34	6.108e-13	{G}
sp|Q02630|NU116_YEAST	SINGLE	3	716	740	13	5.750e-12	{Q}
sp|Q02630|NU116_YEAST	SINGLE	4	635	707	18	1.283e-09	{N}
sp|Q02630|NU116_YEAST	SINGLE	5	27	32	6	6.591e-09	{Q}
sp|Q02630|NU116_YEAST	SINGLE	6	263	304	13	1.260e-08	{N}
sp|Q02630|NU116_YEAST	SINGLE	7	204	238	14	1.742e-08	{G}
sp|Q02630|NU116_YEAST	SINGLE	8	463	522	14	1.745e-07	{N}
sp|Q02630|NU116_YEAST	SINGLE	9	318	323	5	8.737e-07	{Q}
sp|Q02630|NU116_YEAST	SINGLE	10	169	220	14	1.927e-06	{T}
sp|Q02630|NU116_YEAST	SINGLE	11	857	881	8	6.089e-06	{N}
sp|Q02630|NU116_YEAST	SINGLE	12	555	567	6	8.296e-06	{Q}
sp|Q02630|NU116_YEAST	SINGLE	13	571	618	13	8.363e-06	{G}
sp|Q02630|NU116_YEAST	MULTIPLE	1	262	522	154	1.077e-58	{QGN}
sp|Q02630|NU116_YEAST	MULTIPLE	2	625	712	64	1.582e-21	{NGST}
sp|Q02630|NU116_YEAST	MULTIPLE	3	168	242	47	1.623e-18	{GTN}
sp|Q02630|NU116_YEAST	MULTIPLE	4	571	620	20	8.793e-08	{GN}
sp|Q02630|NU116_YEAST	WHOLE	1	1	1113	136	4.098e-27	{N}
sp|Q02630|NU116_YEAST	WHOLE	2	1	1113	156	1.179e-18	{G}
sp|Q02630|NU116_YEAST	WHOLE	3	1	1113	110	1.663e-15	{Q}
sp|Q02630|NU116_YEAST	WHOLE	4	1	1113	119	5.426e-06	{S}
sp|Q02630|NU116_YEAST	WHOLE	5	1	1113	73	8.021e-06	{F}
sp|Q02685|RMI1_YEAST	SINGLE	1	121	136	8	1.077e-07	{N}
sp|Q02724|ULP1_YEAST	SINGLE	1	385	402	9	3.600e-07	{K}
sp|Q02724|ULP1_YEAST	SINGLE	2	124	139	8	5.165e-06	{S}
sp|Q02724|ULP1_YEAST	WHOLE	1	1	621	67	4.130e-06	{K}
sp|Q02725|VTC3_YEAST	SINGLE	1	631	642	7	1.982e-06	{K}
sp|Q02773|RPM2_YEAST	SINGLE	1	60	117	17	1.983e-10	{N}
sp|Q02773|RPM2_YEAST	WHOLE	1	1	1202	117	4.842e-16	{N}
sp|Q02773|RPM2_YEAST	WHOLE	2	1	1202	94	4.506e-06	{I}
sp|Q02774|SHR3_YEAST	SINGLE	1	184	210	11	2.360e-07	{K}
sp|Q02775|SLU7_YEAST	SINGLE	1	2	17	8	1.077e-07	{N}
sp|Q02775|SLU7_YEAST	WHOLE	1	1	382	50	3.269e-07	{K}
sp|Q02776|TIM50_YEAST	SINGLE	1	174	187	10	4.079e-11	{P}
sp|Q02776|TIM50_YEAST	SINGLE	2	467	471	5	9.015e-07	{K}
sp|Q02784|GLRX5_YEAST	SINGLE	1	142	146	5	1.160e-06	{E}
sp|Q02785|PDR12_YEAST	SINGLE	1	1292	1296	5	9.139e-08	{F}
sp|Q02792|XRN2_YEAST	SINGLE	1	933	1000	21	4.992e-13	{N}
sp|Q02792|XRN2_YEAST	SINGLE	2	793	797	5	1.487e-07	{N}
sp|Q02792|XRN2_YEAST	SINGLE	3	510	540	10	9.441e-06	{K}
sp|Q02792|XRN2_YEAST	MULTIPLE	1	507	544	19	2.448e-08	{KE}
sp|Q02792|XRN2_YEAST	MULTIPLE	2	114	143	15	1.587e-07	{RE}
sp|Q02792|XRN2_YEAST	WHOLE	1	1	1006	83	1.275e-08	{N}
sp|Q02794|STD1_YEAST	SINGLE	1	29	78	15	1.584e-09	{N}
sp|Q02794|STD1_YEAST	SINGLE	2	127	147	10	5.878e-07	{S}
sp|Q02794|STD1_YEAST	WHOLE	1	1	444	40	7.024e-06	{N}
sp|Q02795|OSTD_YEAST	SINGLE	1	195	211	7	8.304e-06	{I}
sp|Q02796|LGE1_YEAST	SINGLE	1	148	196	20	4.653e-11	{S}
sp|Q02796|LGE1_YEAST	SINGLE	2	208	212	5	2.221e-07	{P}
sp|Q02796|LGE1_YEAST	SINGLE	3	230	238	6	9.427e-06	{S}
sp|Q02796|LGE1_YEAST	MULTIPLE	1	146	196	26	9.257e-12	{SP}
sp|Q02796|LGE1_YEAST	MULTIPLE	2	18	49	21	1.369e-10	{GRY}
sp|Q02796|LGE1_YEAST	MULTIPLE	3	186	204	9	4.675e-07	{YH}
sp|Q02796|LGE1_YEAST	MULTIPLE	4	293	309	11	1.418e-06	{NL}
sp|Q02796|LGE1_YEAST	WHOLE	1	1	332	50	4.140e-07	{S}
sp|Q02805|ROD1_YEAST	SINGLE	1	524	601	24	1.237e-14	{N}
sp|Q02805|ROD1_YEAST	SINGLE	2	684	725	16	1.269e-08	{S}
sp|Q02805|ROD1_YEAST	SINGLE	3	736	783	15	6.843e-07	{S}
sp|Q02805|ROD1_YEAST	SINGLE	4	240	262	8	8.015e-06	{I}
sp|Q02805|ROD1_YEAST	MULTIPLE	1	684	753	31	4.846e-12	{SN}
sp|Q02805|ROD1_YEAST	MULTIPLE	2	803	815	10	8.155e-08	{SN}
sp|Q02805|ROD1_YEAST	WHOLE	1	1	837	127	1.639e-15	{S}
sp|Q02805|ROD1_YEAST	WHOLE	2	1	837	76	9.654e-10	{N}
sp|Q02821|IMA1_YEAST	SINGLE	1	79	104	10	6.061e-08	{Q}
sp|Q02821|IMA1_YEAST	SINGLE	2	17	56	11	1.696e-06	{R}
sp|Q02884|ELP4_YEAST	MULTIPLE	1	426	443	11	7.985e-08	{HS}
sp|Q02887|ATG21_YEAST	MULTIPLE	1	46	60	11	3.967e-08	{NS}
sp|Q02887|ATG21_YEAST	WHOLE	1	1	496	49	5.897e-08	{N}
sp|Q02892|NOG1_YEAST	SINGLE	1	457	485	12	9.415e-08	{E}
sp|Q02931|UTP17_YEAST	SINGLE	1	224	261	12	7.635e-06	{S}
sp|Q02931|UTP17_YEAST	WHOLE	1	1	896	85	1.328e-11	{N}
sp|Q02933|RNY1_YEAST	WHOLE	1	1	434	42	7.657e-07	{N}
sp|Q02939|TFB2_YEAST	SINGLE	1	484	512	11	5.511e-07	{K}
sp|Q02948|BECN1_YEAST	SINGLE	1	90	121	9	5.226e-06	{N}
sp|Q02948|BECN1_YEAST	MULTIPLE	1	70	126	23	1.148e-09	{ND}
sp|Q02948|BECN1_YEAST	WHOLE	1	1	557	62	1.198e-11	{N}
sp|Q02979|GDE1_YEAST	SINGLE	1	1068	1073	5	6.509e-06	{E}
sp|Q02979|GDE1_YEAST	MULTIPLE	1	644	673	19	2.578e-08	{NEG}
sp|Q02979|GDE1_YEAST	MULTIPLE	2	344	362	10	9.171e-06	{IK}
sp|Q02979|GDE1_YEAST	WHOLE	1	1	1223	88	1.411e-06	{N}
sp|Q03002|FRK1_YEAST	SINGLE	1	741	769	11	2.462e-06	{S}
sp|Q03002|FRK1_YEAST	SINGLE	2	601	608	6	3.387e-06	{S}
sp|Q03002|FRK1_YEAST	SINGLE	3	348	363	8	5.165e-06	{S}
sp|Q03002|FRK1_YEAST	MULTIPLE	1	343	363	13	7.829e-08	{SR}
sp|Q03002|FRK1_YEAST	MULTIPLE	2	456	494	22	2.048e-08	{IPS}
sp|Q03002|FRK1_YEAST	WHOLE	1	1	865	122	8.840e-13	{S}
sp|Q03010|UME1_YEAST	SINGLE	1	172	180	6	9.427e-06	{S}
sp|Q03012|SPP1_YEAST	SINGLE	1	243	251	6	3.865e-06	{K}
sp|Q03012|SPP1_YEAST	SINGLE	2	312	343	9	5.422e-06	{Q}
sp|Q03018|ESP1_YEAST	MULTIPLE	1	803	826	14	1.530e-06	{KL}
sp|Q03018|ESP1_YEAST	WHOLE	1	1	1630	232	1.270e-11	{L}
sp|Q03018|ESP1_YEAST	WHOLE	2	1	1630	137	8.891e-10	{I}
sp|Q03018|ESP1_YEAST	WHOLE	3	1	1630	119	1.500e-08	{N}
sp|Q03018|ESP1_YEAST	WHOLE	4	1	1630	166	2.113e-06	{S}
sp|Q03063|DIG1_YEAST	SINGLE	1	194	240	13	1.390e-07	{P}
sp|Q03063|DIG1_YEAST	SINGLE	2	183	203	6	4.184e-06	{M}
sp|Q03063|DIG1_YEAST	MULTIPLE	1	178	243	35	1.620e-17	{PMY}
sp|Q03063|DIG1_YEAST	MULTIPLE	2	337	354	13	1.891e-08	{ST}
sp|Q03063|DIG1_YEAST	MULTIPLE	3	379	394	10	6.884e-07	{QT}
sp|Q03063|DIG1_YEAST	MULTIPLE	4	54	77	13	6.931e-07	{ED}
sp|Q03063|DIG1_YEAST	MULTIPLE	5	164	177	9	3.879e-06	{SN}
sp|Q03063|DIG1_YEAST	WHOLE	1	1	452	65	5.721e-08	{S}
sp|Q03103|ERO1_YEAST	MULTIPLE	1	425	441	9	2.097e-06	{FN}
sp|Q03103|ERO1_YEAST	WHOLE	1	1	563	49	2.045e-06	{N}
sp|Q03125|NRG1_YEAST	SINGLE	1	96	124	12	2.869e-07	{S}
sp|Q03162|MUB1_YEAST	SINGLE	1	566	605	13	4.275e-07	{T}
sp|Q03162|MUB1_YEAST	SINGLE	2	512	555	7	5.664e-06	{C}
sp|Q03162|MUB1_YEAST	SINGLE	3	246	252	5	9.952e-06	{D}
sp|Q03178|PIR1_YEAST	SINGLE	1	140	222	20	1.022e-07	{T}
sp|Q03178|PIR1_YEAST	SINGLE	2	78	125	13	4.108e-06	{T}
sp|Q03178|PIR1_YEAST	MULTIPLE	1	139	222	36	1.016e-10	{TA}
sp|Q03178|PIR1_YEAST	MULTIPLE	2	49	128	35	9.208e-11	{TA}
sp|Q03178|PIR1_YEAST	WHOLE	1	1	341	50	1.105e-08	{T}
sp|Q03178|PIR1_YEAST	WHOLE	2	1	341	54	3.940e-07	{A}
sp|Q03180|PIR3_YEAST	SINGLE	1	49	185	40	1.376e-13	{A}
sp|Q03180|PIR3_YEAST	MULTIPLE	1	43	186	63	1.352e-16	{AS}
sp|Q03180|PIR3_YEAST	WHOLE	1	1	325	59	9.015e-10	{A}
sp|Q03195|RLI1_YEAST	SINGLE	1	16	65	9	8.888e-08	{C}
sp|Q03195|RLI1_YEAST	MULTIPLE	1	8	73	30	5.505e-11	{CIK}
sp|Q03195|RLI1_YEAST	WHOLE	1	1	608	55	7.602e-06	{I}
sp|Q03213|HOT1_YEAST	SINGLE	1	535	574	17	1.104e-11	{D}
sp|Q03213|HOT1_YEAST	SINGLE	2	278	358	20	1.562e-10	{N}
sp|Q03213|HOT1_YEAST	MULTIPLE	1	535	574	26	5.003e-15	{DE}
sp|Q03213|HOT1_YEAST	MULTIPLE	2	278	358	34	7.535e-16	{NQ}
sp|Q03213|HOT1_YEAST	MULTIPLE	3	376	392	10	3.884e-07	{NR}
sp|Q03213|HOT1_YEAST	MULTIPLE	4	638	671	14	4.981e-06	{KR}
sp|Q03213|HOT1_YEAST	WHOLE	1	1	719	85	8.511e-17	{N}
sp|Q03280|TOM1_YEAST	SINGLE	1	1879	1960	26	1.586e-13	{D}
sp|Q03280|TOM1_YEAST	SINGLE	2	2021	2066	14	1.038e-07	{D}
sp|Q03280|TOM1_YEAST	SINGLE	3	1976	2008	11	8.630e-07	{D}
sp|Q03280|TOM1_YEAST	SINGLE	4	2129	2147	6	2.187e-06	{H}
sp|Q03280|TOM1_YEAST	SINGLE	5	2051	2070	9	3.882e-06	{S}
sp|Q03280|TOM1_YEAST	MULTIPLE	1	1878	1965	43	2.486e-17	{DE}
sp|Q03280|TOM1_YEAST	MULTIPLE	2	2021	2072	28	1.511e-12	{DS}
sp|Q03280|TOM1_YEAST	MULTIPLE	3	2409	2440	15	7.946e-08	{ND}
sp|Q03280|TOM1_YEAST	WHOLE	1	1	3268	265	5.073e-10	{D}
sp|Q03280|TOM1_YEAST	WHOLE	2	1	3268	237	1.998e-09	{I}
sp|Q03280|TOM1_YEAST	WHOLE	3	1	3268	377	1.162e-06	{L}
sp|Q03290|TFB3_YEAST	SINGLE	1	231	248	7	5.415e-06	{N}
sp|Q03290|TFB3_YEAST	MULTIPLE	1	163	193	17	2.250e-08	{EK}
sp|Q03308|VPS16_YEAST	SINGLE	1	670	699	11	8.164e-07	{K}
sp|Q03308|VPS16_YEAST	SINGLE	2	595	640	11	2.843e-06	{Q}
sp|Q03337|TRS31_YEAST	SINGLE	1	107	149	16	1.875e-08	{S}
sp|Q03373|DIG2_YEAST	SINGLE	1	154	214	13	3.226e-07	{Y}
sp|Q03373|DIG2_YEAST	SINGLE	2	273	280	6	7.378e-07	{D}
sp|Q03373|DIG2_YEAST	MULTIPLE	1	167	205	20	4.342e-12	{YP}
sp|Q03388|VPS72_YEAST	SINGLE	1	315	329	9	4.488e-08	{K}
sp|Q03388|VPS72_YEAST	SINGLE	2	57	85	11	1.939e-07	{D}
sp|Q03388|VPS72_YEAST	SINGLE	3	59	93	12	1.012e-06	{E}
sp|Q03388|VPS72_YEAST	SINGLE	4	145	166	9	2.854e-06	{K}
sp|Q03388|VPS72_YEAST	SINGLE	5	116	124	6	9.427e-06	{S}
sp|Q03388|VPS72_YEAST	MULTIPLE	1	57	93	24	6.005e-14	{DE}
sp|Q03388|VPS72_YEAST	MULTIPLE	2	134	166	15	5.136e-07	{KR}
sp|Q03388|VPS72_YEAST	MULTIPLE	3	116	135	13	1.670e-07	{SE}
sp|Q03388|VPS72_YEAST	MULTIPLE	4	258	282	12	2.230e-06	{KQ}
sp|Q03388|VPS72_YEAST	WHOLE	1	1	795	87	8.792e-07	{E}
sp|Q03390|VPS60_YEAST	SINGLE	1	15	69	15	7.144e-09	{Q}
sp|Q03390|VPS60_YEAST	MULTIPLE	1	15	63	22	1.738e-11	{QN}
sp|Q03390|VPS60_YEAST	WHOLE	1	1	229	28	6.331e-07	{Q}
sp|Q03390|VPS60_YEAST	WHOLE	2	1	229	27	1.786e-06	{N}
sp|Q03407|PKH1_YEAST	SINGLE	1	506	536	11	5.189e-06	{S}
sp|Q03433|VPS71_YEAST	SINGLE	1	244	277	7	9.343e-07	{C}
sp|Q03434|YM12B_YEAST	SINGLE	1	107	146	12	1.575e-07	{P}
sp|Q03434|YM12B_YEAST	SINGLE	2	1132	1153	9	2.822e-07	{P}
sp|Q03434|YM12B_YEAST	SINGLE	3	58	86	10	3.983e-07	{P}
sp|Q03434|YM12B_YEAST	MULTIPLE	1	107	160	24	1.971e-09	{PS}
sp|Q03434|YM12B_YEAST	MULTIPLE	2	72	88	11	2.206e-08	{PQ}
sp|Q03434|YM12B_YEAST	MULTIPLE	3	391	420	15	2.066e-07	{SN}
sp|Q03434|YM12B_YEAST	MULTIPLE	4	3	23	13	3.814e-07	{HSQ}
sp|Q03434|YM12B_YEAST	WHOLE	1	1	1755	126	1.516e-08	{N}
sp|Q03434|YM12B_YEAST	WHOLE	2	1	1755	178	1.279e-06	{S}
sp|Q03434|YM12B_YEAST	WHOLE	3	1	1755	129	2.506e-06	{I}
sp|Q03455|MSC2_YEAST	SINGLE	1	627	645	10	1.837e-12	{H}
sp|Q03455|MSC2_YEAST	SINGLE	2	353	363	7	7.070e-10	{H}
sp|Q03455|MSC2_YEAST	SINGLE	3	563	588	11	7.259e-06	{L}
sp|Q03455|MSC2_YEAST	WHOLE	1	1	724	109	1.275e-07	{L}
sp|Q03465|RPN4_YEAST	SINGLE	1	407	430	12	2.174e-08	{S}
sp|Q03465|RPN4_YEAST	SINGLE	2	213	225	8	8.830e-08	{D}
sp|Q03465|RPN4_YEAST	SINGLE	3	93	102	7	3.488e-07	{T}
sp|Q03465|RPN4_YEAST	SINGLE	4	301	315	8	3.938e-07	{D}
sp|Q03465|RPN4_YEAST	SINGLE	5	223	240	8	7.119e-06	{E}
sp|Q03465|RPN4_YEAST	MULTIPLE	1	211	240	21	9.165e-11	{DEQ}
sp|Q03465|RPN4_YEAST	MULTIPLE	2	288	315	17	1.261e-09	{DE}
sp|Q03465|RPN4_YEAST	MULTIPLE	3	22	68	15	1.340e-07	{NH}
sp|Q03465|RPN4_YEAST	WHOLE	1	1	531	51	7.829e-08	{N}
sp|Q03466|EBS1_YEAST	SINGLE	1	832	869	11	3.653e-07	{Q}
sp|Q03466|EBS1_YEAST	SINGLE	2	760	787	11	1.647e-06	{S}
sp|Q03466|EBS1_YEAST	SINGLE	3	586	615	10	6.818e-06	{K}
sp|Q03466|EBS1_YEAST	SINGLE	4	634	650	8	9.053e-06	{S}
sp|Q03466|EBS1_YEAST	MULTIPLE	1	749	787	17	3.923e-07	{SQ}
sp|Q03466|EBS1_YEAST	WHOLE	1	1	884	107	6.737e-08	{S}
sp|Q03466|EBS1_YEAST	WHOLE	2	1	884	73	8.121e-08	{N}
sp|Q03494|YD22B_YEAST	SINGLE	1	119	144	9	1.464e-06	{P}
sp|Q03494|YD22B_YEAST	MULTIPLE	1	119	136	11	2.657e-08	{PY}
sp|Q03494|YD22B_YEAST	MULTIPLE	2	4	14	7	1.249e-06	{HQ}
sp|Q03494|YD22B_YEAST	WHOLE	1	1	1770	133	4.592e-10	{N}
sp|Q03494|YD22B_YEAST	WHOLE	2	1	1770	127	8.280e-06	{I}
sp|Q03496|THADA_YEAST	MULTIPLE	1	962	989	14	3.611e-06	{QL}
sp|Q03496|THADA_YEAST	WHOLE	1	1	1420	206	3.080e-11	{L}
sp|Q03497|STE20_YEAST	SINGLE	1	268	330	21	1.238e-09	{S}
sp|Q03497|STE20_YEAST	SINGLE	2	233	288	18	3.252e-09	{K}
sp|Q03497|STE20_YEAST	SINGLE	3	98	114	10	4.373e-08	{S}
sp|Q03497|STE20_YEAST	SINGLE	4	898	936	13	8.907e-08	{D}
sp|Q03497|STE20_YEAST	SINGLE	5	903	922	8	8.840e-07	{N}
sp|Q03497|STE20_YEAST	SINGLE	6	535	541	5	4.239e-06	{P}
sp|Q03497|STE20_YEAST	SINGLE	7	30	38	6	5.807e-06	{G}
sp|Q03497|STE20_YEAST	MULTIPLE	1	224	330	51	1.038e-17	{SK}
sp|Q03497|STE20_YEAST	MULTIPLE	2	896	936	23	2.304e-13	{DN}
sp|Q03497|STE20_YEAST	MULTIPLE	3	463	503	19	3.996e-08	{PS}
sp|Q03497|STE20_YEAST	MULTIPLE	4	587	599	9	1.320e-06	{RE}
sp|Q03497|STE20_YEAST	WHOLE	1	1	939	120	6.035e-10	{S}
sp|Q03497|STE20_YEAST	WHOLE	2	1	939	72	1.339e-06	{N}
sp|Q03529|SCS7_YEAST	SINGLE	1	326	349	6	9.716e-06	{H}
sp|Q03529|SCS7_YEAST	MULTIPLE	1	198	210	9	6.728e-08	{VW}
sp|Q03530|RCE1_YEAST	WHOLE	1	1	315	53	7.300e-06	{L}
sp|Q03533|TDA1_YEAST	MULTIPLE	1	5	13	7	7.678e-06	{SQ}
sp|Q03554|GOT1_YEAST	SINGLE	1	9	29	10	1.899e-09	{F}
sp|Q03554|GOT1_YEAST	SINGLE	2	57	107	11	3.154e-06	{F}
sp|Q03554|GOT1_YEAST	MULTIPLE	1	56	107	18	1.993e-07	{FI}
sp|Q03554|GOT1_YEAST	WHOLE	1	1	138	23	3.886e-09	{F}
sp|Q03612|YE11B_YEAST	SINGLE	1	107	146	12	1.575e-07	{P}
sp|Q03612|YE11B_YEAST	SINGLE	2	1132	1153	9	2.822e-07	{P}
sp|Q03612|YE11B_YEAST	SINGLE	3	58	86	10	3.983e-07	{P}
sp|Q03612|YE11B_YEAST	MULTIPLE	1	107	160	24	1.971e-09	{PS}
sp|Q03612|YE11B_YEAST	MULTIPLE	2	72	88	11	2.206e-08	{PQ}
sp|Q03612|YE11B_YEAST	MULTIPLE	3	391	420	15	2.066e-07	{SN}
sp|Q03612|YE11B_YEAST	WHOLE	1	1	1755	126	1.516e-08	{N}
sp|Q03612|YE11B_YEAST	WHOLE	2	1	1755	178	1.279e-06	{S}
sp|Q03612|YE11B_YEAST	WHOLE	3	1	1755	129	2.506e-06	{I}
sp|Q03619|YE12B_YEAST	SINGLE	1	107	146	12	1.575e-07	{P}
sp|Q03619|YE12B_YEAST	SINGLE	2	58	86	10	3.983e-07	{P}
sp|Q03619|YE12B_YEAST	SINGLE	3	1132	1141	6	1.799e-06	{P}
sp|Q03619|YE12B_YEAST	MULTIPLE	1	107	160	24	1.971e-09	{PS}
sp|Q03619|YE12B_YEAST	MULTIPLE	2	72	88	11	2.206e-08	{PQ}
sp|Q03619|YE12B_YEAST	MULTIPLE	3	391	420	15	2.066e-07	{SN}
sp|Q03619|YE12B_YEAST	WHOLE	1	1	1755	124	4.472e-08	{N}
sp|Q03619|YE12B_YEAST	WHOLE	2	1	1755	180	6.021e-07	{S}
sp|Q03619|YE12B_YEAST	WHOLE	3	1	1755	127	5.720e-06	{I}
sp|Q03630|BET5_YEAST	MULTIPLE	1	96	114	9	5.958e-06	{YQ}
sp|Q03631|WAR1_YEAST	SINGLE	1	76	109	7	9.343e-07	{C}
sp|Q03631|WAR1_YEAST	MULTIPLE	1	76	121	17	2.342e-08	{CK}
sp|Q03631|WAR1_YEAST	MULTIPLE	2	205	238	14	3.031e-06	{TN}
sp|Q03640|TCB3_YEAST	SINGLE	1	939	982	16	6.445e-09	{E}
sp|Q03640|TCB3_YEAST	SINGLE	2	620	656	14	3.128e-08	{E}
sp|Q03640|TCB3_YEAST	SINGLE	3	1383	1404	10	1.000e-06	{S}
sp|Q03640|TCB3_YEAST	SINGLE	4	1281	1310	11	1.614e-06	{G}
sp|Q03640|TCB3_YEAST	SINGLE	5	946	957	7	1.982e-06	{K}
sp|Q03640|TCB3_YEAST	MULTIPLE	1	939	982	25	4.055e-12	{EK}
sp|Q03640|TCB3_YEAST	MULTIPLE	2	619	656	22	4.716e-11	{EK}
sp|Q03640|TCB3_YEAST	MULTIPLE	3	1274	1302	17	4.251e-08	{GA}
sp|Q03640|TCB3_YEAST	MULTIPLE	4	1314	1348	17	4.879e-07	{SK}
sp|Q03640|TCB3_YEAST	MULTIPLE	5	219	238	9	3.561e-07	{FW}
sp|Q03640|TCB3_YEAST	WHOLE	1	1	1545	153	4.726e-09	{K}
sp|Q03654|CEF1_YEAST	SINGLE	1	381	416	14	2.079e-08	{E}
sp|Q03654|CEF1_YEAST	SINGLE	2	238	270	13	3.070e-08	{K}
sp|Q03654|CEF1_YEAST	SINGLE	3	559	566	5	3.800e-06	{Y}
sp|Q03654|CEF1_YEAST	SINGLE	4	293	321	10	4.843e-06	{K}
sp|Q03654|CEF1_YEAST	SINGLE	5	201	206	5	5.074e-06	{K}
sp|Q03655|GAS3_YEAST	SINGLE	1	458	496	25	1.486e-19	{S}
sp|Q03655|GAS3_YEAST	WHOLE	1	1	524	77	1.622e-09	{S}
sp|Q03656|SKY1_YEAST	SINGLE	1	421	492	31	1.706e-23	{N}
sp|Q03656|SKY1_YEAST	SINGLE	2	58	127	23	2.870e-10	{S}
sp|Q03656|SKY1_YEAST	SINGLE	3	388	432	14	1.683e-06	{S}
sp|Q03656|SKY1_YEAST	SINGLE	4	358	366	6	9.427e-06	{S}
sp|Q03656|SKY1_YEAST	MULTIPLE	1	393	487	52	1.723e-24	{NS}
sp|Q03656|SKY1_YEAST	MULTIPLE	2	58	129	32	3.020e-11	{SD}
sp|Q03656|SKY1_YEAST	WHOLE	1	1	742	92	1.701e-07	{S}
sp|Q03656|SKY1_YEAST	WHOLE	2	1	742	62	4.560e-07	{N}
sp|Q03660|TR130_YEAST	WHOLE	1	1	1102	89	2.363e-06	{I}
sp|Q03674|PLB2_YEAST	SINGLE	1	625	674	26	4.085e-17	{S}
sp|Q03674|PLB2_YEAST	SINGLE	2	102	156	15	1.609e-06	{G}
sp|Q03674|PLB2_YEAST	SINGLE	3	72	96	10	4.038e-06	{S}
sp|Q03674|PLB2_YEAST	SINGLE	4	369	409	11	8.913e-06	{D}
sp|Q03674|PLB2_YEAST	MULTIPLE	1	625	675	45	8.474e-28	{SNT}
sp|Q03674|PLB2_YEAST	MULTIPLE	2	102	163	18	1.049e-06	{GW}
sp|Q03674|PLB2_YEAST	WHOLE	1	1	706	97	5.956e-10	{S}
sp|Q03674|PLB2_YEAST	WHOLE	2	1	706	61	1.890e-07	{N}
sp|Q03687|ANY1_YEAST	SINGLE	1	332	339	6	7.444e-08	{Y}
sp|Q03687|ANY1_YEAST	SINGLE	2	180	212	10	3.089e-07	{F}
sp|Q03687|ANY1_YEAST	MULTIPLE	1	180	238	18	1.014e-09	{WF}
sp|Q03690|CLU_YEAST	SINGLE	1	1263	1277	8	8.760e-07	{K}
sp|Q03690|CLU_YEAST	MULTIPLE	1	1259	1277	16	5.013e-10	{KSN}
sp|Q03690|CLU_YEAST	MULTIPLE	2	154	188	18	3.250e-08	{EK}
sp|Q03690|CLU_YEAST	WHOLE	1	1	1277	119	2.949e-06	{K}
sp|Q03691|ROT1_YEAST	MULTIPLE	1	153	184	12	5.058e-06	{YP}
sp|Q03691|ROT1_YEAST	MULTIPLE	2	192	215	12	5.200e-06	{SR}
sp|Q03702|CCE1_YEAST	SINGLE	1	219	237	8	7.972e-06	{K}
sp|Q03713|RCF1_YEAST	SINGLE	1	91	153	19	8.883e-09	{E}
sp|Q03713|RCF1_YEAST	MULTIPLE	1	90	159	40	8.566e-14	{EKR}
sp|Q03714|USA1_YEAST	WHOLE	1	1	838	70	7.919e-06	{I}
sp|Q03761|TAF12_YEAST	SINGLE	1	244	282	32	2.630e-37	{Q}
sp|Q03761|TAF12_YEAST	SINGLE	2	116	124	9	5.350e-13	{Q}
sp|Q03761|TAF12_YEAST	SINGLE	3	305	309	5	1.522e-07	{Q}
sp|Q03761|TAF12_YEAST	SINGLE	4	4	20	7	3.459e-06	{N}
sp|Q03761|TAF12_YEAST	MULTIPLE	1	93	115	14	1.969e-08	{NS}
sp|Q03761|TAF12_YEAST	WHOLE	1	1	539	76	2.439e-19	{Q}
sp|Q03761|TAF12_YEAST	WHOLE	2	1	539	57	5.072e-10	{N}
sp|Q03768|GIR2_YEAST	SINGLE	1	87	98	7	2.774e-06	{E}
sp|Q03768|GIR2_YEAST	MULTIPLE	1	85	101	13	1.625e-09	{ED}
sp|Q03768|GIR2_YEAST	WHOLE	1	1	265	44	7.464e-09	{E}
sp|Q03769|ENT5_YEAST	SINGLE	1	304	323	11	1.077e-10	{N}
sp|Q03769|ENT5_YEAST	SINGLE	2	215	234	9	4.545e-07	{D}
sp|Q03769|ENT5_YEAST	SINGLE	3	325	329	5	5.313e-07	{D}
sp|Q03769|ENT5_YEAST	SINGLE	4	254	283	10	7.159e-07	{R}
sp|Q03769|ENT5_YEAST	SINGLE	5	262	287	8	8.703e-06	{Q}
sp|Q03769|ENT5_YEAST	MULTIPLE	1	254	287	18	9.093e-11	{RQ}
sp|Q03770|SSY1_YEAST	SINGLE	1	766	796	9	1.790e-06	{F}
sp|Q03770|SSY1_YEAST	WHOLE	1	1	852	74	1.255e-06	{I}
sp|Q03770|SSY1_YEAST	WHOLE	2	1	852	95	8.284e-06	{S}
sp|Q03771|ACL4_YEAST	SINGLE	1	372	384	7	5.621e-06	{E}
sp|Q03771|ACL4_YEAST	WHOLE	1	1	387	48	8.319e-06	{E}
sp|Q03778|RIFK_YEAST	SINGLE	1	39	49	6	3.773e-06	{P}
sp|Q03784|TRS23_YEAST	SINGLE	1	84	95	6	4.547e-06	{N}
sp|Q03785|VHS1_YEAST	SINGLE	1	406	458	15	2.691e-06	{S}
sp|Q03785|VHS1_YEAST	SINGLE	2	105	125	6	4.184e-06	{H}
sp|Q03790|NUP53_YEAST	SINGLE	1	24	41	10	7.114e-10	{Q}
sp|Q03790|NUP53_YEAST	SINGLE	2	115	147	11	6.999e-08	{N}
sp|Q03790|NUP53_YEAST	MULTIPLE	1	95	151	24	3.954e-09	{NS}
sp|Q03790|NUP53_YEAST	MULTIPLE	2	461	473	7	2.647e-06	{WN}
sp|Q03790|NUP53_YEAST	WHOLE	1	1	475	45	5.825e-07	{N}
sp|Q03790|NUP53_YEAST	WHOLE	2	1	475	63	1.343e-06	{S}
sp|Q03825|MSS11_YEAST	SINGLE	1	273	329	47	2.280e-54	{Q}
sp|Q03825|MSS11_YEAST	SINGLE	2	605	640	33	5.420e-42	{N}
sp|Q03825|MSS11_YEAST	SINGLE	3	362	433	23	1.939e-14	{Q}
sp|Q03825|MSS11_YEAST	SINGLE	4	421	455	12	1.245e-08	{N}
sp|Q03825|MSS11_YEAST	SINGLE	5	497	504	5	2.581e-07	{M}
sp|Q03825|MSS11_YEAST	SINGLE	6	474	511	10	3.171e-06	{Q}
sp|Q03825|MSS11_YEAST	SINGLE	7	668	695	10	3.383e-06	{K}
sp|Q03825|MSS11_YEAST	SINGLE	8	645	656	7	5.518e-06	{S}
sp|Q03825|MSS11_YEAST	MULTIPLE	1	361	459	40	1.152e-17	{QN}
sp|Q03825|MSS11_YEAST	MULTIPLE	2	469	511	17	4.956e-10	{MQ}
sp|Q03825|MSS11_YEAST	WHOLE	1	1	758	113	5.682e-30	{Q}
sp|Q03825|MSS11_YEAST	WHOLE	2	1	758	108	3.054e-27	{N}
sp|Q03833|GIS1_YEAST	SINGLE	1	757	806	20	6.150e-15	{N}
sp|Q03833|GIS1_YEAST	SINGLE	2	462	537	24	6.430e-15	{N}
sp|Q03833|GIS1_YEAST	SINGLE	3	593	621	11	1.492e-08	{N}
sp|Q03833|GIS1_YEAST	SINGLE	4	513	549	13	8.412e-07	{S}
sp|Q03833|GIS1_YEAST	SINGLE	5	472	496	9	9.931e-06	{T}
sp|Q03833|GIS1_YEAST	MULTIPLE	1	465	555	61	4.139e-25	{NST}
sp|Q03833|GIS1_YEAST	WHOLE	1	1	894	124	6.989e-30	{N}
sp|Q03833|GIS1_YEAST	WHOLE	2	1	894	120	3.113e-11	{S}
sp|Q03834|MSH6_YEAST	SINGLE	1	146	206	22	5.859e-13	{D}
sp|Q03834|MSH6_YEAST	SINGLE	2	209	267	18	8.350e-08	{S}
sp|Q03835|GLRX3_YEAST	SINGLE	1	140	148	8	2.681e-09	{E}
sp|Q03835|GLRX3_YEAST	SINGLE	2	134	139	5	3.011e-06	{D}
sp|Q03855|YD11B_YEAST	SINGLE	1	107	146	12	1.575e-07	{P}
sp|Q03855|YD11B_YEAST	SINGLE	2	1132	1153	9	2.822e-07	{P}
sp|Q03855|YD11B_YEAST	SINGLE	3	58	86	10	3.983e-07	{P}
sp|Q03855|YD11B_YEAST	MULTIPLE	1	107	160	24	1.971e-09	{PS}
sp|Q03855|YD11B_YEAST	MULTIPLE	2	72	88	11	2.206e-08	{PQ}
sp|Q03855|YD11B_YEAST	MULTIPLE	3	391	420	15	2.066e-07	{SN}
sp|Q03855|YD11B_YEAST	WHOLE	1	1	1755	129	2.881e-09	{N}
sp|Q03855|YD11B_YEAST	WHOLE	2	1	1755	176	2.722e-06	{S}
sp|Q03855|YD11B_YEAST	WHOLE	3	1	1755	128	3.760e-06	{I}
sp|Q03862|ARX1_YEAST	SINGLE	1	243	249	5	4.800e-06	{R}
sp|Q03868|SPO71_YEAST	SINGLE	1	403	419	6	1.042e-06	{H}
sp|Q03868|SPO71_YEAST	MULTIPLE	1	284	334	19	1.419e-06	{NS}
sp|Q03868|SPO71_YEAST	MULTIPLE	2	1170	1190	10	4.272e-06	{NP}
sp|Q03868|SPO71_YEAST	MULTIPLE	3	146	169	12	5.200e-06	{SR}
sp|Q03897|WDR59_YEAST	SINGLE	1	1098	1142	9	3.408e-08	{C}
sp|Q03897|WDR59_YEAST	SINGLE	2	714	737	10	2.486e-07	{D}
sp|Q03897|WDR59_YEAST	SINGLE	3	568	591	10	2.612e-06	{S}
sp|Q03897|WDR59_YEAST	MULTIPLE	1	55	84	11	7.910e-07	{PW}
sp|Q03898|FIN1_YEAST	SINGLE	1	153	158	6	6.591e-09	{Q}
sp|Q03921|DOP1_YEAST	SINGLE	1	1583	1589	6	3.854e-06	{L}
sp|Q03921|DOP1_YEAST	SINGLE	2	1156	1172	9	5.304e-06	{L}
sp|Q03921|DOP1_YEAST	MULTIPLE	1	1047	1069	13	7.302e-06	{LE}
sp|Q03921|DOP1_YEAST	WHOLE	1	1	1698	262	8.427e-17	{L}
sp|Q03921|DOP1_YEAST	WHOLE	2	1	1698	130	3.321e-07	{I}
sp|Q03935|YAP6_YEAST	SINGLE	1	263	333	19	9.964e-11	{N}
sp|Q03935|YAP6_YEAST	SINGLE	2	192	202	6	2.376e-06	{N}
sp|Q03935|YAP6_YEAST	WHOLE	1	1	383	48	4.067e-11	{N}
sp|Q03944|VPS64_YEAST	SINGLE	1	316	326	6	2.376e-06	{N}
sp|Q03944|VPS64_YEAST	SINGLE	2	534	544	6	2.376e-06	{N}
sp|Q03944|VPS64_YEAST	SINGLE	3	83	89	5	2.926e-06	{Q}
sp|Q03944|VPS64_YEAST	MULTIPLE	1	316	341	12	9.626e-07	{NI}
sp|Q03944|VPS64_YEAST	MULTIPLE	2	475	526	21	4.201e-07	{EK}
sp|Q03944|VPS64_YEAST	MULTIPLE	3	36	56	15	3.875e-08	{SRP}
sp|Q03944|VPS64_YEAST	WHOLE	1	1	604	54	3.055e-07	{N}
sp|Q03954|SPC19_YEAST	SINGLE	1	146	165	9	1.095e-06	{K}
sp|Q03957|CTK1_YEAST	SINGLE	1	506	523	13	1.217e-14	{N}
sp|Q03957|CTK1_YEAST	SINGLE	2	50	104	13	4.039e-07	{N}
sp|Q03957|CTK1_YEAST	SINGLE	3	27	38	6	7.194e-06	{P}
sp|Q03957|CTK1_YEAST	WHOLE	1	1	528	57	2.321e-10	{N}
sp|Q03973|HMO1_YEAST	SINGLE	1	228	241	12	2.486e-13	{K}
sp|Q03973|HMO1_YEAST	SINGLE	2	188	219	9	9.864e-06	{P}
sp|Q03973|HMO1_YEAST	WHOLE	1	1	246	34	6.354e-06	{K}
sp|Q04002|SCC2_YEAST	SINGLE	1	1418	1443	11	7.259e-06	{L}
sp|Q04002|SCC2_YEAST	MULTIPLE	1	1296	1311	8	1.238e-06	{HY}
sp|Q04002|SCC2_YEAST	WHOLE	1	1	1493	211	1.723e-10	{L}
sp|Q04002|SCC2_YEAST	WHOLE	2	1	1493	125	5.425e-09	{I}
sp|Q04002|SCC2_YEAST	WHOLE	3	1	1493	102	2.183e-06	{N}
sp|Q04003|SAS4_YEAST	SINGLE	1	259	271	7	5.621e-06	{E}
sp|Q04003|SAS4_YEAST	MULTIPLE	1	259	278	12	2.072e-07	{ER}
sp|Q04049|POLH_YEAST	WHOLE	1	1	632	67	7.100e-06	{K}
sp|Q04053|SNX41_YEAST	SINGLE	1	54	84	18	2.162e-13	{S}
sp|Q04053|SNX41_YEAST	SINGLE	2	497	508	9	9.254e-09	{S}
sp|Q04053|SNX41_YEAST	SINGLE	3	243	272	9	5.537e-06	{P}
sp|Q04053|SNX41_YEAST	MULTIPLE	1	54	84	22	2.858e-14	{SP}
sp|Q04053|SNX41_YEAST	MULTIPLE	2	169	177	8	5.869e-08	{IP}
sp|Q04053|SNX41_YEAST	WHOLE	1	1	625	88	1.068e-09	{S}
sp|Q04053|SNX41_YEAST	WHOLE	2	1	625	63	5.657e-08	{I}
sp|Q04053|SNX41_YEAST	WHOLE	3	1	625	53	1.787e-06	{N}
sp|Q04067|EIF3G_YEAST	MULTIPLE	1	169	189	11	1.727e-06	{RD}
sp|Q04087|LRS4_YEAST	SINGLE	1	56	88	9	7.133e-06	{Q}
sp|Q04087|LRS4_YEAST	WHOLE	1	1	347	34	5.745e-06	{N}
sp|Q04089|DOT1_YEAST	SINGLE	1	106	169	20	7.825e-10	{K}
sp|Q04089|DOT1_YEAST	SINGLE	2	6	30	10	4.038e-06	{S}
sp|Q04089|DOT1_YEAST	MULTIPLE	1	106	170	27	7.814e-11	{KN}
sp|Q04089|DOT1_YEAST	MULTIPLE	2	6	30	14	8.408e-08	{SN}
sp|Q04089|DOT1_YEAST	MULTIPLE	3	319	355	13	7.199e-07	{IH}
sp|Q04089|DOT1_YEAST	MULTIPLE	4	212	236	13	4.190e-06	{ST}
sp|Q04110|ECM11_YEAST	MULTIPLE	1	239	270	13	2.018e-06	{IQ}
sp|Q04110|ECM11_YEAST	WHOLE	1	1	302	40	3.129e-06	{K}
sp|Q04119|PPN1_YEAST	SINGLE	1	459	471	11	3.448e-12	{K}
sp|Q04119|PPN1_YEAST	SINGLE	2	560	567	7	2.584e-08	{K}
sp|Q04121|NHX1_YEAST	SINGLE	1	23	50	11	1.274e-07	{D}
sp|Q04121|NHX1_YEAST	SINGLE	2	153	185	10	2.454e-06	{I}
sp|Q04121|NHX1_YEAST	SINGLE	3	464	472	6	5.132e-06	{V}
sp|Q04121|NHX1_YEAST	SINGLE	4	529	571	10	9.909e-06	{N}
sp|Q04121|NHX1_YEAST	MULTIPLE	1	23	53	18	7.636e-11	{DP}
sp|Q04121|NHX1_YEAST	WHOLE	1	1	633	63	8.649e-08	{I}
sp|Q04175|SXM1_YEAST	SINGLE	1	877	881	5	1.160e-06	{E}
sp|Q04175|SXM1_YEAST	MULTIPLE	1	839	854	10	6.790e-06	{LN}
sp|Q04175|SXM1_YEAST	WHOLE	1	1	944	87	1.538e-08	{I}
sp|Q04177|UTP5_YEAST	SINGLE	1	568	643	25	5.346e-12	{E}
sp|Q04177|UTP5_YEAST	SINGLE	2	430	438	6	3.938e-06	{T}
sp|Q04177|UTP5_YEAST	SINGLE	3	266	278	7	4.029e-06	{K}
sp|Q04177|UTP5_YEAST	MULTIPLE	1	572	643	35	2.607e-14	{ED}
sp|Q04177|UTP5_YEAST	MULTIPLE	2	262	278	13	5.957e-09	{KS}
sp|Q04178|HPRT_YEAST	MULTIPLE	1	33	46	9	3.993e-06	{GI}
sp|Q04195|SIZ1_YEAST	SINGLE	1	493	577	40	9.521e-32	{N}
sp|Q04195|SIZ1_YEAST	SINGLE	2	576	583	7	1.241e-08	{D}
sp|Q04195|SIZ1_YEAST	SINGLE	3	164	169	6	1.405e-07	{S}
sp|Q04195|SIZ1_YEAST	SINGLE	4	446	456	7	4.312e-07	{D}
sp|Q04195|SIZ1_YEAST	SINGLE	5	667	704	13	1.187e-06	{S}
sp|Q04195|SIZ1_YEAST	SINGLE	6	450	478	11	2.462e-06	{S}
sp|Q04195|SIZ1_YEAST	MULTIPLE	1	493	577	48	1.339e-34	{NH}
sp|Q04195|SIZ1_YEAST	MULTIPLE	2	446	478	22	2.266e-11	{DSH}
sp|Q04195|SIZ1_YEAST	MULTIPLE	3	667	745	33	1.641e-11	{SP}
sp|Q04195|SIZ1_YEAST	MULTIPLE	4	810	874	24	6.345e-10	{NP}
sp|Q04195|SIZ1_YEAST	MULTIPLE	5	146	153	8	1.046e-07	{TS}
sp|Q04195|SIZ1_YEAST	WHOLE	1	1	904	100	1.756e-17	{N}
sp|Q04195|SIZ1_YEAST	WHOLE	2	1	904	106	3.297e-07	{S}
sp|Q04195|SIZ1_YEAST	WHOLE	3	1	904	76	4.520e-07	{P}
sp|Q04214|YM13B_YEAST	SINGLE	1	1132	1141	6	1.799e-06	{P}
sp|Q04214|YM13B_YEAST	SINGLE	2	102	124	8	5.413e-06	{P}
sp|Q04214|YM13B_YEAST	MULTIPLE	1	72	95	12	2.463e-07	{QP}
sp|Q04214|YM13B_YEAST	WHOLE	1	1	1755	179	8.796e-07	{S}
sp|Q04214|YM13B_YEAST	WHOLE	2	1	1755	117	1.426e-06	{N}
sp|Q04214|YM13B_YEAST	WHOLE	3	1	1755	126	8.641e-06	{I}
sp|Q04217|DHR1_YEAST	SINGLE	1	695	721	13	2.894e-09	{E}
sp|Q04217|DHR1_YEAST	SINGLE	2	253	307	18	5.142e-09	{E}
sp|Q04217|DHR1_YEAST	SINGLE	3	71	99	11	5.511e-07	{K}
sp|Q04217|DHR1_YEAST	SINGLE	4	142	188	13	5.293e-06	{E}
sp|Q04217|DHR1_YEAST	SINGLE	5	184	190	5	9.952e-06	{D}
sp|Q04217|DHR1_YEAST	MULTIPLE	1	253	313	29	8.163e-12	{ED}
sp|Q04217|DHR1_YEAST	MULTIPLE	2	142	192	20	6.113e-07	{ED}
sp|Q04217|DHR1_YEAST	WHOLE	1	1	1267	128	3.100e-07	{E}
sp|Q04217|DHR1_YEAST	WHOLE	2	1	1267	123	3.188e-07	{K}
sp|Q04226|TAF11_YEAST	WHOLE	1	1	346	35	2.394e-06	{Q}
sp|Q04228|UBX2_YEAST	SINGLE	1	573	583	8	4.298e-08	{E}
sp|Q04264|PDS5_YEAST	SINGLE	1	1221	1236	8	7.437e-07	{D}
sp|Q04264|PDS5_YEAST	SINGLE	2	1208	1212	5	9.015e-07	{K}
sp|Q04264|PDS5_YEAST	SINGLE	3	1265	1273	6	2.090e-06	{D}
sp|Q04264|PDS5_YEAST	MULTIPLE	1	1218	1241	14	1.534e-07	{DS}
sp|Q04264|PDS5_YEAST	MULTIPLE	2	726	736	8	7.919e-07	{FD}
sp|Q04264|PDS5_YEAST	WHOLE	1	1	1277	110	9.309e-09	{I}
sp|Q04311|VMS1_YEAST	SINGLE	1	612	627	7	4.255e-06	{R}
sp|Q04311|VMS1_YEAST	MULTIPLE	1	404	434	15	1.209e-06	{EK}
sp|Q04311|VMS1_YEAST	MULTIPLE	2	551	578	16	2.670e-08	{KE}
sp|Q04311|VMS1_YEAST	WHOLE	1	1	632	68	3.957e-06	{K}
sp|Q04322|GYL1_YEAST	SINGLE	1	633	642	6	9.064e-06	{K}
sp|Q04338|VTI1_YEAST	MULTIPLE	1	196	212	11	2.224e-06	{LI}
sp|Q04359|SPO20_YEAST	SINGLE	1	12	21	6	2.064e-08	{H}
sp|Q04364|PEX9_YEAST	SINGLE	1	263	302	10	4.999e-06	{N}
sp|Q04364|PEX9_YEAST	WHOLE	1	1	514	56	2.375e-10	{N}
sp|Q04370|PEX12_YEAST	SINGLE	1	194	207	8	8.637e-06	{L}
sp|Q04371|ARMT1_YEAST	MULTIPLE	1	442	465	8	3.700e-07	{CW}
sp|Q04373|PUF6_YEAST	SINGLE	1	66	100	14	1.359e-08	{E}
sp|Q04373|PUF6_YEAST	SINGLE	2	53	79	11	8.195e-08	{D}
sp|Q04373|PUF6_YEAST	SINGLE	3	31	65	12	2.945e-06	{S}
sp|Q04373|PUF6_YEAST	MULTIPLE	1	31	97	47	1.964e-19	{EDS}
sp|Q04373|PUF6_YEAST	WHOLE	1	1	656	71	2.056e-06	{K}
sp|Q04377|LCD1_YEAST	SINGLE	1	12	16	5	5.313e-07	{D}
sp|Q04377|LCD1_YEAST	SINGLE	2	44	52	6	3.938e-06	{T}
sp|Q04377|LCD1_YEAST	WHOLE	1	1	747	68	6.771e-07	{I}
sp|Q04396|LPP1_YEAST	MULTIPLE	1	224	245	10	5.227e-06	{HV}
sp|Q04401|SDHF3_YEAST	MULTIPLE	1	19	37	11	9.095e-06	{LR}
sp|Q04410|GRH1_YEAST	SINGLE	1	287	294	6	1.689e-07	{Q}
sp|Q04410|GRH1_YEAST	SINGLE	2	324	331	6	1.373e-06	{K}
sp|Q04410|GRH1_YEAST	MULTIPLE	1	298	322	14	5.637e-08	{PV}
sp|Q04430|PANK_YEAST	MULTIPLE	1	287	307	11	5.607e-07	{IN}
sp|Q04439|MYO5_YEAST	SINGLE	1	1073	1081	9	1.056e-12	{P}
sp|Q04439|MYO5_YEAST	SINGLE	2	1049	1063	9	3.432e-07	{A}
sp|Q04439|MYO5_YEAST	SINGLE	3	714	750	11	7.267e-07	{R}
sp|Q04439|MYO5_YEAST	SINGLE	4	1011	1016	5	1.270e-06	{P}
sp|Q04439|MYO5_YEAST	SINGLE	5	1180	1198	9	4.569e-06	{A}
sp|Q04439|MYO5_YEAST	SINGLE	6	1208	1216	6	5.178e-06	{E}
sp|Q04439|MYO5_YEAST	SINGLE	7	973	984	7	5.518e-06	{S}
sp|Q04439|MYO5_YEAST	MULTIPLE	1	1204	1218	12	2.929e-09	{ED}
sp|Q04439|MYO5_YEAST	MULTIPLE	2	1148	1166	10	1.351e-06	{PN}
sp|Q04458|HFD1_YEAST	SINGLE	1	439	454	8	2.775e-06	{G}
sp|Q04458|HFD1_YEAST	SINGLE	2	145	155	7	4.334e-06	{A}
sp|Q04458|HFD1_YEAST	MULTIPLE	1	439	454	12	1.878e-09	{GY}
sp|Q04461|EUC1_YEAST	SINGLE	1	241	287	12	4.594e-07	{N}
sp|Q04461|EUC1_YEAST	SINGLE	2	19	26	6	7.378e-07	{D}
sp|Q04461|EUC1_YEAST	MULTIPLE	1	327	356	12	9.766e-06	{IR}
sp|Q04461|EUC1_YEAST	MULTIPLE	2	116	167	21	4.201e-07	{KE}
sp|Q04472|MGR3_YEAST	SINGLE	1	40	70	9	7.436e-06	{P}
sp|Q04493|PFD5_YEAST	SINGLE	1	151	156	6	6.591e-09	{Q}
sp|Q04493|PFD5_YEAST	WHOLE	1	1	163	23	5.109e-07	{Q}
sp|Q04500|UTP14_YEAST	SINGLE	1	169	196	14	3.762e-10	{E}
sp|Q04500|UTP14_YEAST	SINGLE	2	675	712	15	2.613e-09	{K}
sp|Q04500|UTP14_YEAST	SINGLE	3	800	841	15	1.291e-08	{K}
sp|Q04500|UTP14_YEAST	SINGLE	4	162	175	9	7.251e-08	{S}
sp|Q04500|UTP14_YEAST	SINGLE	5	398	415	9	3.600e-07	{K}
sp|Q04500|UTP14_YEAST	SINGLE	6	59	90	11	6.093e-07	{D}
sp|Q04500|UTP14_YEAST	SINGLE	7	374	396	8	6.507e-06	{R}
sp|Q04500|UTP14_YEAST	MULTIPLE	1	162	194	30	1.010e-18	{ESD}
sp|Q04500|UTP14_YEAST	MULTIPLE	2	800	841	22	1.604e-11	{KN}
sp|Q04500|UTP14_YEAST	MULTIPLE	3	63	90	16	1.303e-08	{DE}
sp|Q04500|UTP14_YEAST	MULTIPLE	4	373	396	12	1.494e-08	{RM}
sp|Q04500|UTP14_YEAST	MULTIPLE	5	3	13	10	1.765e-08	{KS}
sp|Q04500|UTP14_YEAST	WHOLE	1	1	899	113	1.439e-11	{E}
sp|Q04500|UTP14_YEAST	WHOLE	2	1	899	99	1.459e-08	{K}
sp|Q04500|UTP14_YEAST	WHOLE	3	1	899	89	7.943e-08	{D}
sp|Q04511|UFO1_YEAST	SINGLE	1	590	613	9	8.312e-07	{R}
sp|Q04511|UFO1_YEAST	MULTIPLE	1	579	587	8	3.542e-07	{DE}
sp|Q04601|APC4_YEAST	WHOLE	1	1	652	60	1.960e-06	{I}
sp|Q04603|DPB4_YEAST	MULTIPLE	1	131	176	20	8.408e-08	{ED}
sp|Q04629|SWF1_YEAST	SINGLE	1	136	170	7	1.149e-06	{C}
sp|Q04629|SWF1_YEAST	SINGLE	2	123	131	5	8.228e-06	{Y}
sp|Q04632|COG8_YEAST	SINGLE	1	357	505	48	3.845e-21	{E}
sp|Q04632|COG8_YEAST	MULTIPLE	1	376	500	63	2.116e-24	{EK}
sp|Q04632|COG8_YEAST	MULTIPLE	2	105	140	17	9.555e-09	{DN}
sp|Q04632|COG8_YEAST	WHOLE	1	1	607	80	1.218e-09	{E}
sp|Q04636|POB3_YEAST	SINGLE	1	490	541	14	5.428e-07	{D}
sp|Q04636|POB3_YEAST	SINGLE	2	192	230	12	3.624e-06	{E}
sp|Q04638|ITT1_YEAST	SINGLE	1	290	338	10	4.817e-09	{C}
sp|Q04638|ITT1_YEAST	SINGLE	2	402	431	7	3.771e-07	{C}
sp|Q04638|ITT1_YEAST	WHOLE	1	1	464	31	3.914e-11	{C}
sp|Q04659|CSM3_YEAST	SINGLE	1	187	195	6	2.090e-06	{D}
sp|Q04659|CSM3_YEAST	MULTIPLE	1	179	195	11	5.745e-08	{DN}
sp|Q04660|ERB1_YEAST	SINGLE	1	28	109	21	2.479e-09	{D}
sp|Q04660|ERB1_YEAST	SINGLE	2	335	363	11	9.030e-07	{E}
sp|Q04660|ERB1_YEAST	MULTIPLE	1	21	103	42	1.128e-17	{DE}
sp|Q04660|ERB1_YEAST	MULTIPLE	2	327	363	18	1.364e-08	{EP}
sp|Q04670|YM14B_YEAST	SINGLE	1	107	146	12	1.575e-07	{P}
sp|Q04670|YM14B_YEAST	SINGLE	2	1132	1153	9	2.822e-07	{P}
sp|Q04670|YM14B_YEAST	SINGLE	3	58	86	10	3.983e-07	{P}
sp|Q04670|YM14B_YEAST	MULTIPLE	1	107	160	24	1.971e-09	{PS}
sp|Q04670|YM14B_YEAST	MULTIPLE	2	72	88	11	2.206e-08	{PQ}
sp|Q04670|YM14B_YEAST	MULTIPLE	3	391	420	15	2.066e-07	{SN}
sp|Q04670|YM14B_YEAST	WHOLE	1	1	1755	127	8.717e-09	{N}
sp|Q04670|YM14B_YEAST	WHOLE	2	1	1755	177	1.894e-06	{S}
sp|Q04670|YM14B_YEAST	WHOLE	3	1	1755	129	2.506e-06	{I}
sp|Q04673|SSL1_YEAST	SINGLE	1	336	366	8	2.338e-08	{C}
sp|Q04673|SSL1_YEAST	SINGLE	2	38	42	5	1.522e-07	{Q}
sp|Q04673|SSL1_YEAST	SINGLE	3	429	454	6	2.798e-06	{C}
sp|Q04705|PRM6_YEAST	SINGLE	1	228	248	11	8.895e-10	{I}
sp|Q04705|PRM6_YEAST	SINGLE	2	309	351	10	3.128e-06	{Y}
sp|Q04705|PRM6_YEAST	WHOLE	1	1	352	45	4.761e-09	{I}
sp|Q04711|YM11B_YEAST	SINGLE	1	107	146	12	1.575e-07	{P}
sp|Q04711|YM11B_YEAST	SINGLE	2	1132	1153	9	2.822e-07	{P}
sp|Q04711|YM11B_YEAST	SINGLE	3	72	86	7	2.126e-06	{P}
sp|Q04711|YM11B_YEAST	MULTIPLE	1	107	160	24	1.971e-09	{PS}
sp|Q04711|YM11B_YEAST	MULTIPLE	2	72	98	14	1.347e-08	{PQ}
sp|Q04711|YM11B_YEAST	MULTIPLE	3	391	420	15	2.066e-07	{SN}
sp|Q04711|YM11B_YEAST	WHOLE	1	1	1755	129	2.881e-09	{N}
sp|Q04711|YM11B_YEAST	WHOLE	2	1	1755	177	1.894e-06	{S}
sp|Q04711|YM11B_YEAST	WHOLE	3	1	1755	129	2.506e-06	{I}
sp|Q04739|GAL83_YEAST	SINGLE	1	128	149	12	1.804e-11	{Q}
sp|Q04739|GAL83_YEAST	SINGLE	2	70	116	14	1.396e-07	{D}
sp|Q04739|GAL83_YEAST	SINGLE	3	100	104	5	1.948e-06	{S}
sp|Q04739|GAL83_YEAST	MULTIPLE	1	70	116	23	1.682e-09	{DS}
sp|Q04739|GAL83_YEAST	MULTIPLE	2	334	341	7	2.627e-07	{QN}
sp|Q04749|AVO2_YEAST	SINGLE	1	287	299	9	2.791e-08	{S}
sp|Q04749|AVO2_YEAST	SINGLE	2	367	373	6	5.551e-07	{G}
sp|Q04749|AVO2_YEAST	MULTIPLE	1	398	423	11	6.544e-06	{NR}
sp|Q04749|AVO2_YEAST	WHOLE	1	1	426	40	2.735e-06	{N}
sp|Q04779|RCO1_YEAST	SINGLE	1	11	30	15	7.888e-14	{S}
sp|Q04779|RCO1_YEAST	SINGLE	2	263	286	6	1.689e-06	{C}
sp|Q04779|RCO1_YEAST	MULTIPLE	1	604	620	12	1.833e-08	{NS}
sp|Q04779|RCO1_YEAST	WHOLE	1	1	684	73	1.608e-12	{N}
sp|Q04779|RCO1_YEAST	WHOLE	2	1	684	77	1.984e-07	{K}
sp|Q04779|RCO1_YEAST	WHOLE	3	1	684	83	1.383e-06	{S}
sp|Q04781|LTN1_YEAST	WHOLE	1	1	1562	114	2.952e-08	{N}
sp|Q04781|LTN1_YEAST	WHOLE	2	1	1562	205	7.674e-08	{L}
sp|Q04781|LTN1_YEAST	WHOLE	3	1	1562	98	2.139e-06	{F}
sp|Q04839|GFD1_YEAST	SINGLE	1	27	60	13	6.517e-10	{N}
sp|Q04839|GFD1_YEAST	SINGLE	2	46	78	12	2.885e-07	{K}
sp|Q04839|GFD1_YEAST	SINGLE	3	114	136	9	4.399e-06	{K}
sp|Q04839|GFD1_YEAST	MULTIPLE	1	17	70	39	2.184e-18	{NKS}
sp|Q04839|GFD1_YEAST	WHOLE	1	1	188	33	4.176e-08	{K}
sp|Q04847|ROY1_YEAST	MULTIPLE	1	283	297	9	1.585e-07	{DC}
sp|Q04868|ELP6_YEAST	SINGLE	1	57	75	10	1.788e-07	{S}
sp|Q04868|ELP6_YEAST	SINGLE	2	87	119	9	6.876e-06	{N}
sp|Q04894|ADH6_YEAST	SINGLE	1	176	195	9	1.955e-06	{G}
sp|Q04921|SPR28_YEAST	SINGLE	1	60	68	7	5.274e-08	{D}
sp|Q04924|GLU2B_YEAST	SINGLE	1	124	129	4	9.518e-07	{C}
sp|Q04930|CRF1_YEAST	SINGLE	1	31	78	17	1.604e-08	{S}
sp|Q04930|CRF1_YEAST	SINGLE	2	417	427	8	9.627e-08	{S}
sp|Q04930|CRF1_YEAST	MULTIPLE	1	311	353	18	1.630e-06	{DS}
sp|Q04930|CRF1_YEAST	WHOLE	1	1	467	70	3.651e-09	{S}
sp|Q04935|COX20_YEAST	SINGLE	1	13	20	6	1.689e-07	{Q}
sp|Q04947|RTN1_YEAST	SINGLE	1	6	16	8	1.785e-09	{Q}
sp|Q04951|SCW10_YEAST	SINGLE	1	98	134	24	5.244e-19	{S}
sp|Q04951|SCW10_YEAST	SINGLE	2	31	61	11	1.904e-06	{V}
sp|Q04951|SCW10_YEAST	SINGLE	3	63	95	11	2.463e-06	{T}
sp|Q04951|SCW10_YEAST	MULTIPLE	1	63	97	16	1.120e-07	{TQ}
sp|Q04951|SCW10_YEAST	WHOLE	1	1	389	63	1.040e-09	{S}
sp|Q04958|NTE1_YEAST	SINGLE	1	259	297	17	6.721e-12	{D}
sp|Q04958|NTE1_YEAST	SINGLE	2	710	762	18	1.305e-08	{S}
sp|Q04958|NTE1_YEAST	SINGLE	3	607	653	16	7.881e-08	{S}
sp|Q04958|NTE1_YEAST	SINGLE	4	854	873	10	3.319e-07	{S}
sp|Q04958|NTE1_YEAST	SINGLE	5	591	622	10	5.413e-07	{N}
sp|Q04958|NTE1_YEAST	SINGLE	6	5	30	9	7.582e-07	{N}
sp|Q04958|NTE1_YEAST	SINGLE	7	1368	1413	14	8.469e-07	{G}
sp|Q04958|NTE1_YEAST	SINGLE	8	1275	1279	4	1.105e-06	{H}
sp|Q04958|NTE1_YEAST	SINGLE	9	284	289	5	6.509e-06	{E}
sp|Q04958|NTE1_YEAST	MULTIPLE	1	256	294	27	8.639e-15	{DEH}
sp|Q04958|NTE1_YEAST	MULTIPLE	2	589	653	30	2.894e-12	{SN}
sp|Q04958|NTE1_YEAST	MULTIPLE	3	3	33	22	1.019e-10	{NST}
sp|Q04958|NTE1_YEAST	MULTIPLE	4	372	403	15	5.899e-07	{SN}
sp|Q04958|NTE1_YEAST	MULTIPLE	5	1118	1134	11	1.980e-07	{TI}
sp|Q04958|NTE1_YEAST	WHOLE	1	1	1679	203	3.385e-13	{S}
sp|Q04964|SML1_YEAST	SINGLE	1	2	18	7	3.565e-06	{Q}
sp|Q04964|SML1_YEAST	SINGLE	2	46	61	8	5.165e-06	{S}
sp|Q05021|TAF7_YEAST	SINGLE	1	517	571	28	3.598e-19	{E}
sp|Q05021|TAF7_YEAST	SINGLE	2	24	90	24	6.033e-13	{K}
sp|Q05021|TAF7_YEAST	SINGLE	3	360	404	20	1.071e-12	{E}
sp|Q05021|TAF7_YEAST	SINGLE	4	403	421	11	7.507e-10	{D}
sp|Q05021|TAF7_YEAST	SINGLE	5	530	547	8	2.255e-06	{D}
sp|Q05021|TAF7_YEAST	SINGLE	6	200	232	11	3.860e-06	{E}
sp|Q05021|TAF7_YEAST	SINGLE	7	273	279	5	4.800e-06	{R}
sp|Q05021|TAF7_YEAST	MULTIPLE	1	517	571	37	1.459e-21	{ED}
sp|Q05021|TAF7_YEAST	MULTIPLE	2	360	423	36	2.597e-17	{ED}
sp|Q05021|TAF7_YEAST	WHOLE	1	1	590	106	2.102e-21	{E}
sp|Q05021|TAF7_YEAST	WHOLE	2	1	590	59	6.241e-06	{D}
sp|Q05022|RRP5_YEAST	SINGLE	1	1349	1355	7	3.522e-09	{T}
sp|Q05022|RRP5_YEAST	SINGLE	2	161	192	11	6.093e-07	{D}
sp|Q05022|RRP5_YEAST	SINGLE	3	80	87	6	1.373e-06	{K}
sp|Q05022|RRP5_YEAST	SINGLE	4	229	234	5	5.074e-06	{K}
sp|Q05022|RRP5_YEAST	MULTIPLE	1	160	196	20	7.579e-10	{DE}
sp|Q05022|RRP5_YEAST	MULTIPLE	2	1357	1384	13	6.218e-06	{DE}
sp|Q05022|RRP5_YEAST	WHOLE	1	1	1729	181	3.321e-12	{K}
sp|Q05022|RRP5_YEAST	WHOLE	2	1	1729	131	5.110e-07	{I}
sp|Q05029|BCH1_YEAST	SINGLE	1	641	675	10	4.399e-06	{I}
sp|Q05029|BCH1_YEAST	MULTIPLE	1	625	679	22	1.295e-07	{IS}
sp|Q05029|BCH1_YEAST	WHOLE	1	1	724	64	3.369e-06	{I}
sp|Q05031|DFG5_YEAST	MULTIPLE	1	46	69	11	9.218e-06	{GY}
sp|Q05040|FAR8_YEAST	SINGLE	1	338	346	6	2.090e-06	{D}
sp|Q05080|CYK2_YEAST	SINGLE	1	421	492	26	1.787e-12	{S}
sp|Q05123|ARP9_YEAST	SINGLE	1	361	372	7	2.774e-06	{E}
sp|Q05123|ARP9_YEAST	MULTIPLE	1	303	335	14	4.291e-07	{NI}
sp|Q05123|ARP9_YEAST	WHOLE	1	1	467	48	1.009e-06	{I}
sp|Q05164|HPF1_YEAST	SINGLE	1	29	329	156	2.044e-94	{S}
sp|Q05164|HPF1_YEAST	SINGLE	2	664	865	66	5.291e-30	{T}
sp|Q05164|HPF1_YEAST	SINGLE	3	623	677	20	5.305e-10	{S}
sp|Q05164|HPF1_YEAST	SINGLE	4	419	473	17	1.528e-07	{S}
sp|Q05164|HPF1_YEAST	SINGLE	5	885	913	10	4.982e-06	{T}
sp|Q05164|HPF1_YEAST	MULTIPLE	1	623	865	118	1.084e-39	{TS}
sp|Q05164|HPF1_YEAST	MULTIPLE	2	885	928	24	1.131e-10	{TS}
sp|Q05164|HPF1_YEAST	WHOLE	1	1	967	255	2.395e-74	{S}
sp|Q05164|HPF1_YEAST	WHOLE	2	1	967	155	4.359e-27	{T}
sp|Q05166|NUP59_YEAST	SINGLE	1	63	109	19	2.306e-14	{N}
sp|Q05166|NUP59_YEAST	SINGLE	2	19	49	16	2.362e-14	{Q}
sp|Q05166|NUP59_YEAST	SINGLE	3	262	269	6	3.387e-06	{S}
sp|Q05166|NUP59_YEAST	SINGLE	4	148	178	9	3.925e-06	{N}
sp|Q05166|NUP59_YEAST	SINGLE	5	239	256	7	5.415e-06	{N}
sp|Q05166|NUP59_YEAST	MULTIPLE	1	19	46	20	1.777e-15	{QP}
sp|Q05166|NUP59_YEAST	WHOLE	1	1	528	79	9.881e-22	{N}
sp|Q05471|SWR1_YEAST	SINGLE	1	562	585	12	2.174e-08	{S}
sp|Q05471|SWR1_YEAST	SINGLE	2	468	507	13	1.246e-07	{D}
sp|Q05471|SWR1_YEAST	SINGLE	3	232	241	7	3.412e-07	{K}
sp|Q05471|SWR1_YEAST	SINGLE	4	1464	1495	11	2.753e-06	{E}
sp|Q05471|SWR1_YEAST	SINGLE	5	90	96	5	4.800e-06	{R}
sp|Q05471|SWR1_YEAST	SINGLE	6	472	498	10	8.975e-06	{S}
sp|Q05471|SWR1_YEAST	MULTIPLE	1	468	507	23	2.408e-11	{DS}
sp|Q05471|SWR1_YEAST	MULTIPLE	2	1464	1495	16	1.540e-07	{ED}
sp|Q05471|SWR1_YEAST	WHOLE	1	1	1514	137	2.730e-06	{K}
sp|Q05498|FCF1_YEAST	SINGLE	1	3	35	11	2.388e-06	{K}
sp|Q05515|SVF1_YEAST	SINGLE	1	200	256	22	2.542e-12	{E}
sp|Q05515|SVF1_YEAST	SINGLE	2	359	395	16	3.188e-10	{E}
sp|Q05515|SVF1_YEAST	MULTIPLE	1	204	243	35	2.110e-20	{EDS}
sp|Q05515|SVF1_YEAST	WHOLE	1	1	481	64	3.210e-08	{E}
sp|Q05521|DPP1_YEAST	MULTIPLE	1	248	264	10	1.147e-06	{PD}
sp|Q05543|RT103_YEAST	SINGLE	1	267	292	20	1.302e-20	{D}
sp|Q05543|RT103_YEAST	WHOLE	1	1	409	51	4.989e-08	{D}
sp|Q05549|HRQ1_YEAST	SINGLE	1	979	994	5	3.835e-06	{C}
sp|Q05549|HRQ1_YEAST	SINGLE	2	23	31	5	9.817e-06	{F}
sp|Q05549|HRQ1_YEAST	WHOLE	1	1	1077	91	3.228e-07	{I}
sp|Q05568|PEX10_YEAST	SINGLE	1	286	327	10	9.656e-10	{C}
sp|Q05580|HEL2_YEAST	SINGLE	1	343	367	11	4.279e-07	{S}
sp|Q05580|HEL2_YEAST	SINGLE	2	458	471	8	1.400e-06	{S}
sp|Q05580|HEL2_YEAST	SINGLE	3	64	103	7	2.939e-06	{C}
sp|Q05580|HEL2_YEAST	SINGLE	4	574	596	8	5.413e-06	{P}
sp|Q05580|HEL2_YEAST	MULTIPLE	1	64	103	10	1.589e-06	{CH}
sp|Q05580|HEL2_YEAST	MULTIPLE	2	529	564	17	8.175e-07	{ST}
sp|Q05580|HEL2_YEAST	MULTIPLE	3	13	42	13	6.941e-07	{NR}
sp|Q05584|GLO2_YEAST	SINGLE	1	59	64	4	3.242e-06	{H}
sp|Q05775|EIF3J_YEAST	SINGLE	1	44	62	10	4.228e-08	{K}
sp|Q05775|EIF3J_YEAST	SINGLE	2	246	263	9	1.475e-07	{D}
sp|Q05775|EIF3J_YEAST	MULTIPLE	1	44	62	14	2.052e-10	{KP}
sp|Q05775|EIF3J_YEAST	MULTIPLE	2	221	245	15	3.406e-08	{KG}
sp|Q05777|NCW2_YEAST	SINGLE	1	110	172	20	6.061e-10	{T}
sp|Q05777|NCW2_YEAST	SINGLE	2	174	189	11	8.223e-10	{S}
sp|Q05777|NCW2_YEAST	SINGLE	3	190	218	12	5.639e-08	{T}
sp|Q05777|NCW2_YEAST	SINGLE	4	104	138	13	4.049e-07	{S}
sp|Q05777|NCW2_YEAST	SINGLE	5	82	95	7	7.722e-06	{T}
sp|Q05777|NCW2_YEAST	MULTIPLE	1	104	184	46	4.801e-20	{TS}
sp|Q05777|NCW2_YEAST	WHOLE	1	1	254	52	1.980e-14	{T}
sp|Q05777|NCW2_YEAST	WHOLE	2	1	254	52	5.692e-12	{S}
sp|Q05785|ENT2_YEAST	SINGLE	1	538	600	41	2.484e-40	{Q}
sp|Q05785|ENT2_YEAST	SINGLE	2	226	339	50	2.585e-37	{Q}
sp|Q05785|ENT2_YEAST	SINGLE	3	357	427	36	3.855e-30	{Q}
sp|Q05785|ENT2_YEAST	SINGLE	4	138	166	13	2.162e-10	{R}
sp|Q05785|ENT2_YEAST	SINGLE	5	311	317	6	1.498e-06	{A}
sp|Q05785|ENT2_YEAST	WHOLE	1	1	613	149	1.367e-66	{Q}
sp|Q05787|HRD3_YEAST	SINGLE	1	809	819	9	2.693e-11	{Q}
sp|Q05789|ATG38_YEAST	SINGLE	1	83	116	11	9.902e-08	{N}
sp|Q05789|ATG38_YEAST	WHOLE	1	1	226	26	4.179e-06	{N}
sp|Q05900|RU1C_YEAST	MULTIPLE	1	49	64	8	4.022e-06	{RH}
sp|Q05902|ECM38_YEAST	SINGLE	1	71	87	9	7.812e-08	{D}
sp|Q05902|ECM38_YEAST	SINGLE	2	154	159	5	7.177e-06	{G}
sp|Q05931|HSP7Q_YEAST	WHOLE	1	1	657	62	6.230e-07	{I}
sp|Q05934|VID22_YEAST	SINGLE	1	643	693	22	3.953e-17	{N}
sp|Q05934|VID22_YEAST	SINGLE	2	28	40	7	4.116e-06	{T}
sp|Q05934|VID22_YEAST	SINGLE	3	495	529	10	4.399e-06	{I}
sp|Q05934|VID22_YEAST	MULTIPLE	1	28	45	12	6.131e-08	{TD}
sp|Q05934|VID22_YEAST	MULTIPLE	2	373	394	10	9.165e-06	{IN}
sp|Q05934|VID22_YEAST	WHOLE	1	1	901	87	1.867e-09	{I}
sp|Q05934|VID22_YEAST	WHOLE	2	1	901	79	2.158e-09	{N}
sp|Q05934|VID22_YEAST	WHOLE	3	1	901	104	8.141e-07	{S}
sp|Q05946|UTP13_YEAST	SINGLE	1	649	657	6	5.178e-06	{E}
sp|Q05946|UTP13_YEAST	MULTIPLE	1	649	667	13	3.846e-09	{EQ}
sp|Q05946|UTP13_YEAST	WHOLE	1	1	817	72	1.048e-06	{I}
sp|Q05958|ECM22_YEAST	SINGLE	1	110	135	18	3.139e-19	{Q}
sp|Q05958|ECM22_YEAST	SINGLE	2	253	271	12	1.606e-12	{Q}
sp|Q05958|ECM22_YEAST	SINGLE	3	657	677	12	8.123e-12	{N}
sp|Q05958|ECM22_YEAST	SINGLE	4	147	214	17	2.905e-09	{N}
sp|Q05958|ECM22_YEAST	SINGLE	5	458	486	12	2.869e-07	{S}
sp|Q05958|ECM22_YEAST	SINGLE	6	350	396	12	4.594e-07	{N}
sp|Q05958|ECM22_YEAST	SINGLE	7	44	71	6	4.432e-06	{C}
sp|Q05958|ECM22_YEAST	MULTIPLE	1	458	486	15	1.194e-07	{SQ}
sp|Q05958|ECM22_YEAST	MULTIPLE	2	787	801	10	5.334e-08	{GM}
sp|Q05958|ECM22_YEAST	WHOLE	1	1	814	76	2.916e-10	{N}
sp|Q05958|ECM22_YEAST	WHOLE	2	1	814	95	1.423e-06	{S}
sp|Q06032|CST9_YEAST	SINGLE	1	238	305	18	3.707e-10	{N}
sp|Q06032|CST9_YEAST	SINGLE	2	333	357	13	3.014e-09	{S}
sp|Q06032|CST9_YEAST	SINGLE	3	402	445	15	1.942e-07	{S}
sp|Q06032|CST9_YEAST	SINGLE	4	130	163	9	9.282e-06	{Q}
sp|Q06032|CST9_YEAST	MULTIPLE	1	243	294	23	1.941e-11	{NP}
sp|Q06032|CST9_YEAST	WHOLE	1	1	482	74	4.849e-10	{S}
sp|Q06032|CST9_YEAST	WHOLE	2	1	482	49	2.475e-08	{N}
sp|Q06053|DUS3_YEAST	SINGLE	1	356	371	8	9.559e-06	{A}
sp|Q06053|DUS3_YEAST	SINGLE	2	588	596	5	9.817e-06	{F}
sp|Q06053|DUS3_YEAST	MULTIPLE	1	69	88	12	9.215e-08	{NK}
sp|Q06058|SEI1_YEAST	SINGLE	1	249	259	6	5.152e-06	{I}
sp|Q06058|SEI1_YEAST	MULTIPLE	1	249	272	11	9.551e-08	{IC}
sp|Q06058|SEI1_YEAST	MULTIPLE	2	23	45	14	2.624e-07	{LI}
sp|Q06058|SEI1_YEAST	WHOLE	1	1	285	32	9.224e-06	{I}
sp|Q06063|DUS4_YEAST	MULTIPLE	1	301	319	9	7.696e-06	{MK}
sp|Q06063|DUS4_YEAST	MULTIPLE	2	119	143	10	1.673e-06	{CI}
sp|Q06078|UTP21_YEAST	SINGLE	1	249	270	9	9.901e-06	{S}
sp|Q06096|COG4_YEAST	SINGLE	1	821	835	7	6.688e-06	{D}
sp|Q06096|COG4_YEAST	SINGLE	2	692	700	6	9.427e-06	{S}
sp|Q06102|YTH1_YEAST	WHOLE	1	1	208	15	1.378e-06	{C}
sp|Q06103|RPN7_YEAST	MULTIPLE	1	101	129	15	4.092e-07	{EK}
sp|Q06106|MRD1_YEAST	MULTIPLE	1	105	149	21	2.133e-08	{KE}
sp|Q06106|MRD1_YEAST	WHOLE	1	1	887	95	9.287e-08	{K}
sp|Q06106|MRD1_YEAST	WHOLE	2	1	887	93	2.200e-06	{E}
sp|Q06132|SGD1_YEAST	SINGLE	1	255	293	13	8.907e-08	{D}
sp|Q06132|SGD1_YEAST	SINGLE	2	731	748	8	2.255e-06	{D}
sp|Q06132|SGD1_YEAST	MULTIPLE	1	255	293	23	1.174e-11	{DS}
sp|Q06132|SGD1_YEAST	MULTIPLE	2	718	748	14	2.280e-07	{DF}
sp|Q06132|SGD1_YEAST	MULTIPLE	3	34	60	16	1.598e-09	{KR}
sp|Q06132|SGD1_YEAST	MULTIPLE	4	619	653	15	7.255e-07	{ID}
sp|Q06132|SGD1_YEAST	WHOLE	1	1	899	90	2.779e-06	{K}
sp|Q06142|IMB1_YEAST	SINGLE	1	112	123	7	9.586e-06	{A}
sp|Q06142|IMB1_YEAST	WHOLE	1	1	861	102	9.885e-06	{A}
sp|Q06147|LCB5_YEAST	SINGLE	1	160	210	20	1.098e-10	{S}
sp|Q06147|LCB5_YEAST	SINGLE	2	513	538	10	6.005e-07	{D}
sp|Q06147|LCB5_YEAST	SINGLE	3	52	90	13	1.652e-06	{S}
sp|Q06147|LCB5_YEAST	SINGLE	4	504	516	7	5.621e-06	{E}
sp|Q06147|LCB5_YEAST	MULTIPLE	1	492	524	25	7.459e-14	{DEN}
sp|Q06147|LCB5_YEAST	MULTIPLE	2	52	90	18	6.094e-08	{SN}
sp|Q06147|LCB5_YEAST	MULTIPLE	3	97	115	12	1.469e-07	{TD}
sp|Q06148|NHEJ1_YEAST	SINGLE	1	59	69	6	2.440e-06	{Q}
sp|Q06148|NHEJ1_YEAST	SINGLE	2	294	323	11	3.608e-06	{S}
sp|Q06151|DCPS_YEAST	MULTIPLE	1	250	295	14	1.911e-06	{HI}
sp|Q06156|CND1_YEAST	WHOLE	1	1	1176	162	7.810e-08	{L}
sp|Q06160|SPH1_YEAST	SINGLE	1	493	510	8	3.354e-07	{N}
sp|Q06160|SPH1_YEAST	SINGLE	2	316	363	15	6.843e-07	{S}
sp|Q06160|SPH1_YEAST	MULTIPLE	1	34	44	9	1.945e-08	{RN}
sp|Q06163|TERT_YEAST	SINGLE	1	165	169	5	1.948e-06	{S}
sp|Q06163|TERT_YEAST	SINGLE	2	313	336	11	2.845e-06	{L}
sp|Q06163|TERT_YEAST	SINGLE	3	195	210	8	5.165e-06	{S}
sp|Q06163|TERT_YEAST	MULTIPLE	1	419	454	13	8.893e-06	{NI}
sp|Q06163|TERT_YEAST	MULTIPLE	2	862	882	10	3.219e-06	{IY}
sp|Q06163|TERT_YEAST	WHOLE	1	1	884	83	1.423e-08	{I}
sp|Q06163|TERT_YEAST	WHOLE	2	1	884	68	2.224e-06	{N}
sp|Q06164|MMS22_YEAST	SINGLE	1	1302	1336	9	5.346e-06	{F}
sp|Q06164|MMS22_YEAST	SINGLE	2	508	517	6	9.064e-06	{K}
sp|Q06164|MMS22_YEAST	WHOLE	1	1	1454	90	7.888e-06	{F}
sp|Q06168|SFH1_YEAST	SINGLE	1	397	416	10	7.191e-09	{R}
sp|Q06168|SFH1_YEAST	SINGLE	2	97	140	12	2.116e-07	{N}
sp|Q06168|SFH1_YEAST	SINGLE	3	46	87	10	7.948e-06	{N}
sp|Q06168|SFH1_YEAST	WHOLE	1	1	426	45	2.890e-08	{N}
sp|Q06178|NMA1_YEAST	SINGLE	1	58	67	8	2.196e-12	{H}
sp|Q06178|NMA1_YEAST	SINGLE	2	3	36	11	2.194e-07	{P}
sp|Q06178|NMA1_YEAST	MULTIPLE	1	53	67	13	8.591e-13	{HK}
sp|Q06178|NMA1_YEAST	MULTIPLE	2	7	36	15	1.851e-08	{PI}
sp|Q06188|PDP3_YEAST	SINGLE	1	167	195	10	4.843e-06	{K}
sp|Q06204|NGK1_YEAST	WHOLE	1	1	433	47	2.917e-07	{I}
sp|Q06205|FKBP4_YEAST	SINGLE	1	229	284	22	6.176e-13	{K}
sp|Q06205|FKBP4_YEAST	SINGLE	2	176	203	16	1.379e-12	{E}
sp|Q06205|FKBP4_YEAST	SINGLE	3	200	219	9	4.545e-07	{D}
sp|Q06205|FKBP4_YEAST	SINGLE	4	102	121	9	1.661e-06	{E}
sp|Q06205|FKBP4_YEAST	SINGLE	5	246	251	5	6.509e-06	{E}
sp|Q06205|FKBP4_YEAST	MULTIPLE	1	226	287	34	2.517e-15	{KE}
sp|Q06205|FKBP4_YEAST	MULTIPLE	2	173	221	31	3.801e-17	{ED}
sp|Q06205|FKBP4_YEAST	WHOLE	1	1	392	54	1.105e-07	{E}
sp|Q06205|FKBP4_YEAST	WHOLE	2	1	392	47	6.961e-06	{K}
sp|Q06211|MMS1_YEAST	WHOLE	1	1	1407	116	3.744e-08	{I}
sp|Q06211|MMS1_YEAST	WHOLE	2	1	1407	98	1.546e-06	{N}
sp|Q06217|SMD2_YEAST	SINGLE	1	17	25	6	5.178e-06	{E}
sp|Q06218|DBP9_YEAST	SINGLE	1	365	379	9	4.488e-08	{K}
sp|Q06218|DBP9_YEAST	SINGLE	2	334	362	12	9.415e-08	{E}
sp|Q06218|DBP9_YEAST	WHOLE	1	1	594	70	1.242e-07	{K}
sp|Q06224|YSH1_YEAST	SINGLE	1	487	528	14	1.935e-07	{E}
sp|Q06224|YSH1_YEAST	SINGLE	2	115	119	5	1.948e-06	{S}
sp|Q06224|YSH1_YEAST	MULTIPLE	1	484	532	21	2.161e-08	{EI}
sp|Q06266|TOS4_YEAST	SINGLE	1	57	100	14	1.249e-06	{S}
sp|Q06266|TOS4_YEAST	SINGLE	2	314	324	7	2.478e-06	{S}
sp|Q06266|TOS4_YEAST	SINGLE	3	347	365	8	7.972e-06	{K}
sp|Q06266|TOS4_YEAST	WHOLE	1	1	489	64	1.732e-06	{S}
sp|Q06321|ATG26_YEAST	MULTIPLE	1	16	62	25	9.491e-09	{SRP}
sp|Q06321|ATG26_YEAST	MULTIPLE	2	77	90	10	5.795e-08	{DN}
sp|Q06324|MMR1_YEAST	SINGLE	1	259	263	5	1.487e-07	{N}
sp|Q06324|MMR1_YEAST	SINGLE	2	364	381	8	4.919e-06	{K}
sp|Q06328|YPQ2_YEAST	SINGLE	1	271	279	5	8.228e-06	{Y}
sp|Q06328|YPQ2_YEAST	SINGLE	2	88	92	4	9.720e-06	{Y}
sp|Q06328|YPQ2_YEAST	MULTIPLE	1	132	144	10	1.207e-07	{RS}
sp|Q06337|EAF1_YEAST	SINGLE	1	908	942	18	6.120e-16	{Q}
sp|Q06337|EAF1_YEAST	SINGLE	2	825	833	7	9.403e-09	{Q}
sp|Q06337|EAF1_YEAST	SINGLE	3	2	24	10	1.642e-06	{S}
sp|Q06337|EAF1_YEAST	SINGLE	4	948	963	8	5.165e-06	{S}
sp|Q06337|EAF1_YEAST	SINGLE	5	203	242	10	9.959e-06	{P}
sp|Q06337|EAF1_YEAST	MULTIPLE	1	805	833	16	4.484e-10	{QR}
sp|Q06337|EAF1_YEAST	MULTIPLE	2	939	965	15	5.050e-08	{SP}
sp|Q06337|EAF1_YEAST	MULTIPLE	3	203	235	13	1.084e-06	{PY}
sp|Q06337|EAF1_YEAST	MULTIPLE	4	731	756	11	6.682e-06	{RQ}
sp|Q06337|EAF1_YEAST	MULTIPLE	5	436	456	12	1.925e-07	{ID}
sp|Q06339|TFC6_YEAST	SINGLE	1	71	77	6	1.953e-07	{D}
sp|Q06339|TFC6_YEAST	SINGLE	2	83	106	9	9.882e-06	{E}
sp|Q06340|ESC2_YEAST	SINGLE	1	295	357	22	2.567e-11	{E}
sp|Q06340|ESC2_YEAST	SINGLE	2	16	45	10	2.702e-06	{D}
sp|Q06340|ESC2_YEAST	SINGLE	3	125	162	12	7.635e-06	{S}
sp|Q06340|ESC2_YEAST	MULTIPLE	1	4	47	21	1.476e-08	{DS}
sp|Q06340|ESC2_YEAST	MULTIPLE	2	125	162	18	6.935e-08	{SR}
sp|Q06346|KEI1_YEAST	MULTIPLE	1	90	109	11	7.258e-07	{TF}
sp|Q06389|NCS1_YEAST	SINGLE	1	48	85	10	1.292e-06	{F}
sp|Q06390|MRB1_YEAST	WHOLE	1	1	306	31	7.364e-06	{N}
sp|Q06407|RGA2_YEAST	SINGLE	1	92	122	8	2.338e-08	{C}
sp|Q06407|RGA2_YEAST	SINGLE	2	671	738	19	1.712e-07	{S}
sp|Q06407|RGA2_YEAST	SINGLE	3	574	592	9	2.301e-06	{S}
sp|Q06407|RGA2_YEAST	SINGLE	4	206	213	5	7.298e-06	{N}
sp|Q06407|RGA2_YEAST	MULTIPLE	1	364	408	21	5.650e-08	{ST}
sp|Q06407|RGA2_YEAST	WHOLE	1	1	1009	135	2.675e-12	{S}
sp|Q06407|RGA2_YEAST	WHOLE	2	1	1009	76	1.330e-06	{N}
sp|Q06409|DCK1_YEAST	SINGLE	1	419	440	10	1.000e-06	{S}
sp|Q06409|DCK1_YEAST	SINGLE	2	1889	1908	9	3.882e-06	{S}
sp|Q06409|DCK1_YEAST	MULTIPLE	1	152	163	8	1.015e-06	{PF}
sp|Q06409|DCK1_YEAST	MULTIPLE	2	1273	1304	12	8.077e-06	{FI}
sp|Q06409|DCK1_YEAST	MULTIPLE	3	1849	1872	11	3.466e-06	{HS}
sp|Q06409|DCK1_YEAST	WHOLE	1	1	1932	197	3.005e-07	{S}
sp|Q06409|DCK1_YEAST	WHOLE	2	1	1932	113	8.484e-06	{F}
sp|Q06411|SP382_YEAST	MULTIPLE	1	10	16	7	1.065e-07	{KF}
sp|Q06412|TUS1_YEAST	SINGLE	1	105	110	6	1.037e-08	{P}
sp|Q06412|TUS1_YEAST	MULTIPLE	1	232	270	18	6.094e-08	{SN}
sp|Q06440|CORO_YEAST	SINGLE	1	454	465	7	5.518e-06	{S}
sp|Q06440|CORO_YEAST	MULTIPLE	1	428	453	15	6.123e-08	{EK}
sp|Q06449|PIN3_YEAST	SINGLE	1	126	181	24	1.993e-18	{Q}
sp|Q06449|PIN3_YEAST	SINGLE	2	149	171	9	4.420e-07	{P}
sp|Q06449|PIN3_YEAST	MULTIPLE	1	122	181	38	3.244e-25	{QP}
sp|Q06449|PIN3_YEAST	MULTIPLE	2	180	192	8	4.751e-06	{HS}
sp|Q06449|PIN3_YEAST	WHOLE	1	1	215	29	5.211e-08	{Q}
sp|Q06488|RSC2_YEAST	SINGLE	1	692	716	13	5.750e-12	{Q}
sp|Q06488|RSC2_YEAST	SINGLE	2	195	219	9	4.153e-06	{D}
sp|Q06488|RSC2_YEAST	SINGLE	3	648	663	8	5.165e-06	{S}
sp|Q06488|RSC2_YEAST	SINGLE	4	555	584	9	5.537e-06	{P}
sp|Q06488|RSC2_YEAST	SINGLE	5	629	638	6	9.234e-06	{T}
sp|Q06488|RSC2_YEAST	WHOLE	1	1	889	71	5.386e-06	{P}
sp|Q06493|YLH47_YEAST	SINGLE	1	398	411	8	6.393e-07	{E}
sp|Q06493|YLH47_YEAST	MULTIPLE	1	395	411	12	9.083e-09	{EQ}
sp|Q06505|IWS1_YEAST	SINGLE	1	314	332	8	7.972e-06	{K}
sp|Q06505|IWS1_YEAST	SINGLE	2	351	362	7	9.586e-06	{A}
sp|Q06506|RRP9_YEAST	SINGLE	1	26	57	13	3.582e-08	{E}
sp|Q06522|YP147_YEAST	SINGLE	1	50	56	4	7.399e-06	{H}
sp|Q06541|ARV1_YEAST	SINGLE	1	227	289	15	2.664e-07	{I}
sp|Q06549|CDD_YEAST	SINGLE	1	81	99	5	9.729e-06	{C}
sp|Q06551|ERFB_YEAST	SINGLE	1	175	209	7	1.149e-06	{C}
sp|Q06551|ERFB_YEAST	MULTIPLE	1	175	209	11	3.725e-08	{CH}
sp|Q06554|IRC20_YEAST	SINGLE	1	1239	1280	8	2.929e-07	{C}
sp|Q06554|IRC20_YEAST	SINGLE	2	896	930	11	7.276e-06	{E}
sp|Q06554|IRC20_YEAST	SINGLE	3	247	253	4	7.399e-06	{H}
sp|Q06554|IRC20_YEAST	MULTIPLE	1	1505	1532	13	4.629e-06	{KD}
sp|Q06554|IRC20_YEAST	WHOLE	1	1	1556	132	1.002e-09	{I}
sp|Q06554|IRC20_YEAST	WHOLE	2	1	1556	118	2.309e-09	{N}
sp|Q06592|HPA2_YEAST	MULTIPLE	1	31	51	11	7.164e-07	{DF}
sp|Q06593|OPT2_YEAST	SINGLE	1	334	343	6	6.397e-07	{F}
sp|Q06593|OPT2_YEAST	MULTIPLE	1	334	370	15	1.923e-07	{FI}
sp|Q06593|OPT2_YEAST	MULTIPLE	2	759	798	14	3.282e-08	{YM}
sp|Q06593|OPT2_YEAST	MULTIPLE	3	727	758	15	1.442e-07	{WIF}
sp|Q06593|OPT2_YEAST	WHOLE	1	1	877	66	8.269e-08	{Y}
sp|Q06593|OPT2_YEAST	WHOLE	2	1	877	79	1.555e-07	{I}
sp|Q06593|OPT2_YEAST	WHOLE	3	1	877	65	5.622e-07	{F}
sp|Q06598|ARR3_YEAST	SINGLE	1	41	51	7	1.908e-07	{I}
sp|Q06598|ARR3_YEAST	WHOLE	1	1	404	50	2.141e-09	{I}
sp|Q06604|BSP1_YEAST	SINGLE	1	179	185	7	1.013e-08	{S}
sp|Q06604|BSP1_YEAST	SINGLE	2	303	311	6	7.549e-07	{P}
sp|Q06604|BSP1_YEAST	MULTIPLE	1	220	254	16	5.781e-07	{PS}
sp|Q06604|BSP1_YEAST	WHOLE	1	1	576	61	2.433e-09	{P}
sp|Q06604|BSP1_YEAST	WHOLE	2	1	576	66	7.080e-07	{K}
sp|Q06616|CSA1_YEAST	SINGLE	1	151	203	13	6.242e-07	{P}
sp|Q06623|HDA3_YEAST	SINGLE	1	532	587	15	1.614e-06	{E}
sp|Q06623|HDA3_YEAST	MULTIPLE	1	532	610	34	1.820e-11	{EK}
sp|Q06625|GDE_YEAST	MULTIPLE	1	1446	1455	7	3.088e-07	{HF}
sp|Q06628|ATG13_YEAST	SINGLE	1	286	338	31	9.404e-29	{Q}
sp|Q06628|ATG13_YEAST	SINGLE	2	694	708	9	1.972e-09	{N}
sp|Q06628|ATG13_YEAST	SINGLE	3	379	438	18	1.107e-07	{S}
sp|Q06628|ATG13_YEAST	SINGLE	4	717	724	6	7.378e-07	{D}
sp|Q06628|ATG13_YEAST	SINGLE	5	643	660	9	1.305e-06	{S}
sp|Q06628|ATG13_YEAST	SINGLE	6	145	172	12	2.388e-06	{L}
sp|Q06628|ATG13_YEAST	SINGLE	7	622	628	5	9.952e-06	{D}
sp|Q06628|ATG13_YEAST	MULTIPLE	1	643	664	15	1.264e-09	{SI}
sp|Q06628|ATG13_YEAST	WHOLE	1	1	738	104	3.785e-11	{S}
sp|Q06628|ATG13_YEAST	WHOLE	2	1	738	61	8.820e-07	{Q}
sp|Q06629|HDA2_YEAST	SINGLE	1	198	210	8	6.465e-07	{S}
sp|Q06629|HDA2_YEAST	WHOLE	1	1	674	55	3.540e-06	{N}
sp|Q06631|BFR2_YEAST	SINGLE	1	92	142	26	6.316e-18	{E}
sp|Q06631|BFR2_YEAST	SINGLE	2	506	523	8	7.119e-06	{E}
sp|Q06631|BFR2_YEAST	WHOLE	1	1	534	68	6.635e-08	{E}
sp|Q06631|BFR2_YEAST	WHOLE	2	1	534	46	5.108e-06	{N}
sp|Q06639|RSC3_YEAST	SINGLE	1	54	59	6	1.405e-07	{S}
sp|Q06639|RSC3_YEAST	SINGLE	2	422	473	18	3.574e-07	{L}
sp|Q06639|RSC3_YEAST	SINGLE	3	504	508	5	1.948e-06	{S}
sp|Q06639|RSC3_YEAST	SINGLE	4	14	42	6	5.499e-06	{C}
sp|Q06639|RSC3_YEAST	MULTIPLE	1	768	792	14	5.326e-08	{IK}
sp|Q06639|RSC3_YEAST	MULTIPLE	2	725	759	15	1.427e-07	{NI}
sp|Q06639|RSC3_YEAST	WHOLE	1	1	885	85	7.142e-12	{N}
sp|Q06639|RSC3_YEAST	WHOLE	2	1	885	74	4.508e-06	{I}
sp|Q06648|GIC2_YEAST	SINGLE	1	86	102	11	2.162e-09	{S}
sp|Q06648|GIC2_YEAST	SINGLE	2	161	182	9	9.901e-06	{S}
sp|Q06648|GIC2_YEAST	MULTIPLE	1	195	237	18	3.643e-07	{SN}
sp|Q06648|GIC2_YEAST	MULTIPLE	2	105	123	13	2.684e-07	{KL}
sp|Q06648|GIC2_YEAST	MULTIPLE	3	71	83	7	7.933e-06	{HP}
sp|Q06648|GIC2_YEAST	WHOLE	1	1	383	69	1.464e-12	{S}
sp|Q06651|PIB1_YEAST	SINGLE	1	23	50	7	2.265e-07	{C}
sp|Q06651|PIB1_YEAST	WHOLE	1	1	286	20	4.624e-08	{C}
sp|Q06677|SWA2_YEAST	SINGLE	1	59	76	7	9.109e-06	{P}
sp|Q06677|SWA2_YEAST	MULTIPLE	1	520	538	12	2.589e-07	{TK}
sp|Q06677|SWA2_YEAST	WHOLE	1	1	668	80	3.240e-06	{S}
sp|Q06679|UTP4_YEAST	SINGLE	1	690	700	7	4.312e-07	{D}
sp|Q06679|UTP4_YEAST	WHOLE	1	1	776	62	1.813e-06	{N}
sp|Q06680|CND3_YEAST	SINGLE	1	882	939	14	1.114e-07	{N}
sp|Q06680|CND3_YEAST	MULTIPLE	1	837	858	12	7.044e-07	{IK}
sp|Q06680|CND3_YEAST	MULTIPLE	2	461	494	14	2.965e-06	{ID}
sp|Q06680|CND3_YEAST	MULTIPLE	3	517	536	13	3.599e-08	{ED}
sp|Q06680|CND3_YEAST	WHOLE	1	1	1035	92	3.250e-08	{I}
sp|Q06680|CND3_YEAST	WHOLE	2	1	1035	81	1.572e-07	{N}
sp|Q06681|YSP2_YEAST	SINGLE	1	770	815	21	7.365e-15	{D}
sp|Q06681|YSP2_YEAST	SINGLE	2	457	493	13	2.191e-09	{N}
sp|Q06681|YSP2_YEAST	SINGLE	3	219	232	8	2.745e-08	{N}
sp|Q06681|YSP2_YEAST	SINGLE	4	389	405	8	1.947e-07	{N}
sp|Q06681|YSP2_YEAST	SINGLE	5	265	288	7	5.567e-07	{H}
sp|Q06681|YSP2_YEAST	SINGLE	6	285	294	6	1.159e-06	{Q}
sp|Q06681|YSP2_YEAST	SINGLE	7	1290	1302	6	4.638e-06	{F}
sp|Q06681|YSP2_YEAST	SINGLE	8	186	216	11	5.189e-06	{S}
sp|Q06681|YSP2_YEAST	MULTIPLE	1	770	815	29	2.060e-15	{DS}
sp|Q06681|YSP2_YEAST	MULTIPLE	2	389	412	13	6.713e-08	{ND}
sp|Q06681|YSP2_YEAST	MULTIPLE	3	270	294	12	1.256e-08	{HQ}
sp|Q06681|YSP2_YEAST	MULTIPLE	4	1284	1298	10	5.509e-08	{FI}
sp|Q06681|YSP2_YEAST	MULTIPLE	5	1228	1242	10	4.239e-07	{KR}
sp|Q06681|YSP2_YEAST	MULTIPLE	6	1306	1330	11	4.808e-06	{IN}
sp|Q06681|YSP2_YEAST	WHOLE	1	1	1438	144	2.302e-20	{N}
sp|Q06681|YSP2_YEAST	WHOLE	2	1	1438	176	3.954e-12	{S}
sp|Q06685|VIP1_YEAST	SINGLE	1	1132	1140	7	3.139e-07	{S}
sp|Q06685|VIP1_YEAST	SINGLE	2	168	178	7	2.478e-06	{S}
sp|Q06685|VIP1_YEAST	SINGLE	3	882	918	12	5.630e-06	{S}
sp|Q06685|VIP1_YEAST	MULTIPLE	1	875	918	19	9.719e-08	{SN}
sp|Q06685|VIP1_YEAST	MULTIPLE	2	80	106	13	8.091e-07	{NT}
sp|Q06685|VIP1_YEAST	WHOLE	1	1	1146	113	4.110e-07	{K}
sp|Q06696|VPS36_YEAST	SINGLE	1	238	252	10	7.842e-09	{S}
sp|Q06703|CDA2_YEAST	MULTIPLE	1	92	117	9	2.557e-07	{CH}
sp|Q06704|IMH1_YEAST	SINGLE	1	281	298	7	5.415e-06	{N}
sp|Q06704|IMH1_YEAST	SINGLE	2	347	394	13	6.787e-06	{E}
sp|Q06704|IMH1_YEAST	SINGLE	3	106	113	5	7.298e-06	{N}
sp|Q06704|IMH1_YEAST	MULTIPLE	1	284	299	12	2.074e-09	{NK}
sp|Q06704|IMH1_YEAST	MULTIPLE	2	331	394	28	6.550e-10	{EK}
sp|Q06704|IMH1_YEAST	MULTIPLE	3	115	161	19	1.425e-06	{KE}
sp|Q06704|IMH1_YEAST	MULTIPLE	4	243	275	17	7.548e-08	{KE}
sp|Q06704|IMH1_YEAST	WHOLE	1	1	911	132	1.258e-19	{K}
sp|Q06704|IMH1_YEAST	WHOLE	2	1	911	130	4.089e-17	{E}
sp|Q06704|IMH1_YEAST	WHOLE	3	1	911	75	6.386e-08	{N}
sp|Q06705|CSR1_YEAST	SINGLE	1	40	69	11	3.608e-06	{S}
sp|Q06705|CSR1_YEAST	MULTIPLE	1	43	62	13	1.260e-07	{SK}
sp|Q06706|ELP1_YEAST	SINGLE	1	1228	1243	7	4.255e-06	{R}
sp|Q06706|ELP1_YEAST	MULTIPLE	1	839	857	9	7.696e-06	{KM}
sp|Q06708|VAC14_YEAST	MULTIPLE	1	521	567	22	9.069e-07	{LS}
sp|Q06708|VAC14_YEAST	MULTIPLE	2	741	784	18	5.455e-07	{SN}
sp|Q06708|VAC14_YEAST	WHOLE	1	1	880	125	3.920e-07	{L}
sp|Q06810|OPY2_YEAST	SINGLE	1	67	86	15	7.888e-14	{S}
sp|Q06810|OPY2_YEAST	SINGLE	2	147	159	10	6.801e-11	{D}
sp|Q06810|OPY2_YEAST	SINGLE	3	2	22	13	1.591e-10	{S}
sp|Q06810|OPY2_YEAST	SINGLE	4	30	63	8	5.128e-08	{C}
sp|Q06810|OPY2_YEAST	SINGLE	5	246	265	8	5.790e-06	{D}
sp|Q06810|OPY2_YEAST	MULTIPLE	1	142	159	16	2.369e-13	{DE}
sp|Q06810|OPY2_YEAST	WHOLE	1	1	360	61	3.180e-10	{S}
sp|Q06833|NVJ2_YEAST	SINGLE	1	574	586	9	7.493e-09	{T}
sp|Q06833|NVJ2_YEAST	SINGLE	2	514	524	8	1.844e-07	{A}
sp|Q06833|NVJ2_YEAST	SINGLE	3	623	647	9	4.153e-06	{D}
sp|Q06833|NVJ2_YEAST	MULTIPLE	1	655	671	9	6.661e-06	{RP}
sp|Q06833|NVJ2_YEAST	MULTIPLE	2	591	609	11	5.937e-06	{SK}
sp|Q06836|SYT1_YEAST	SINGLE	1	204	239	17	7.975e-11	{S}
sp|Q06836|SYT1_YEAST	SINGLE	2	431	442	9	1.031e-10	{Q}
sp|Q06836|SYT1_YEAST	SINGLE	3	719	742	12	2.174e-08	{S}
sp|Q06836|SYT1_YEAST	SINGLE	4	405	429	12	3.879e-08	{S}
sp|Q06836|SYT1_YEAST	SINGLE	5	979	1018	15	4.582e-08	{S}
sp|Q06836|SYT1_YEAST	SINGLE	6	268	276	6	8.757e-07	{R}
sp|Q06836|SYT1_YEAST	MULTIPLE	1	710	744	20	8.777e-11	{SN}
sp|Q06836|SYT1_YEAST	MULTIPLE	2	952	971	10	3.673e-06	{HS}
sp|Q06836|SYT1_YEAST	WHOLE	1	1	1226	168	1.017e-15	{S}
sp|Q06836|SYT1_YEAST	WHOLE	2	1	1226	98	3.650e-09	{N}
sp|Q07084|SSK1_YEAST	SINGLE	1	71	104	10	1.008e-06	{N}
sp|Q07084|SSK1_YEAST	MULTIPLE	1	75	110	20	1.747e-10	{NS}
sp|Q07381|TSR1_YEAST	SINGLE	1	413	496	30	3.501e-15	{E}
sp|Q07381|TSR1_YEAST	SINGLE	2	11	59	15	1.319e-07	{K}
sp|Q07381|TSR1_YEAST	MULTIPLE	1	413	496	35	4.341e-16	{EM}
sp|Q07381|TSR1_YEAST	MULTIPLE	2	4	59	19	5.587e-08	{KH}
sp|Q07418|PEX19_YEAST	SINGLE	1	7	30	10	2.486e-07	{D}
sp|Q07418|PEX19_YEAST	SINGLE	2	77	91	7	1.250e-06	{N}
sp|Q07418|PEX19_YEAST	WHOLE	1	1	342	47	6.961e-07	{E}
sp|Q07418|PEX19_YEAST	WHOLE	2	1	342	35	1.685e-06	{N}
sp|Q07442|BDF2_YEAST	SINGLE	1	26	37	9	9.254e-09	{S}
sp|Q07442|BDF2_YEAST	SINGLE	2	118	133	8	2.395e-06	{E}
sp|Q07442|BDF2_YEAST	SINGLE	3	623	637	8	2.783e-06	{S}
sp|Q07442|BDF2_YEAST	SINGLE	4	475	522	13	3.968e-06	{K}
sp|Q07442|BDF2_YEAST	SINGLE	5	301	337	11	8.175e-06	{K}
sp|Q07442|BDF2_YEAST	MULTIPLE	1	623	638	14	2.800e-11	{SD}
sp|Q07442|BDF2_YEAST	MULTIPLE	2	436	458	14	7.328e-08	{SD}
sp|Q07442|BDF2_YEAST	MULTIPLE	3	582	609	15	1.817e-08	{KN}
sp|Q07442|BDF2_YEAST	WHOLE	1	1	638	57	1.588e-07	{N}
sp|Q07457|BRE1_YEAST	SINGLE	1	648	686	8	1.603e-07	{C}
sp|Q07457|BRE1_YEAST	WHOLE	1	1	700	82	1.632e-08	{K}
sp|Q07457|BRE1_YEAST	WHOLE	2	1	700	78	1.507e-06	{E}
sp|Q07468|VAM6_YEAST	SINGLE	1	235	250	8	5.165e-06	{S}
sp|Q07468|VAM6_YEAST	SINGLE	2	383	402	8	5.790e-06	{D}
sp|Q07468|VAM6_YEAST	MULTIPLE	1	235	260	13	2.112e-06	{SR}
sp|Q07528|ATG20_YEAST	WHOLE	1	1	640	55	7.934e-07	{N}
sp|Q07532|IWR1_YEAST	SINGLE	1	187	223	12	3.869e-07	{D}
sp|Q07532|IWR1_YEAST	SINGLE	2	296	333	11	4.031e-06	{D}
sp|Q07532|IWR1_YEAST	MULTIPLE	1	187	223	15	3.836e-07	{DY}
sp|Q07532|IWR1_YEAST	MULTIPLE	2	296	333	18	7.483e-08	{DE}
sp|Q07532|IWR1_YEAST	WHOLE	1	1	353	46	5.912e-08	{D}
sp|Q07533|CYK3_YEAST	SINGLE	1	242	300	18	8.350e-08	{S}
sp|Q07533|CYK3_YEAST	SINGLE	2	183	191	6	7.549e-07	{P}
sp|Q07533|CYK3_YEAST	SINGLE	3	346	354	6	9.427e-06	{S}
sp|Q07533|CYK3_YEAST	MULTIPLE	1	112	162	17	7.693e-06	{KN}
sp|Q07651|FMP45_YEAST	SINGLE	1	267	271	5	9.161e-07	{T}
sp|Q07651|FMP45_YEAST	MULTIPLE	1	6	27	14	4.603e-08	{LF}
sp|Q07657|SHS1_YEAST	MULTIPLE	1	380	414	14	6.247e-06	{EN}
sp|Q07688|YPD1_YEAST	SINGLE	1	21	26	5	3.011e-06	{D}
sp|Q07688|YPD1_YEAST	MULTIPLE	1	4	51	22	2.426e-07	{DIQ}
sp|Q07688|YPD1_YEAST	MULTIPLE	2	108	141	16	6.448e-08	{ID}
sp|Q07732|ADY3_YEAST	SINGLE	1	49	104	17	2.035e-07	{S}
sp|Q07732|ADY3_YEAST	SINGLE	2	319	353	11	4.532e-06	{K}
sp|Q07732|ADY3_YEAST	SINGLE	3	81	87	5	4.800e-06	{R}
sp|Q07732|ADY3_YEAST	MULTIPLE	1	38	104	27	3.392e-09	{SR}
sp|Q07732|ADY3_YEAST	WHOLE	1	1	790	91	6.660e-09	{K}
sp|Q07732|ADY3_YEAST	WHOLE	2	1	790	83	6.304e-06	{E}
sp|Q07791|YD23B_YEAST	SINGLE	1	119	144	9	1.464e-06	{P}
sp|Q07791|YD23B_YEAST	MULTIPLE	1	119	136	11	2.657e-08	{PY}
sp|Q07791|YD23B_YEAST	WHOLE	1	1	1770	135	1.353e-10	{N}
sp|Q07791|YD23B_YEAST	WHOLE	2	1	1770	129	3.628e-06	{I}
sp|Q07793|YD13B_YEAST	SINGLE	1	107	146	12	1.575e-07	{P}
sp|Q07793|YD13B_YEAST	SINGLE	2	1132	1153	9	2.822e-07	{P}
sp|Q07793|YD13B_YEAST	SINGLE	3	58	86	10	3.983e-07	{P}
sp|Q07793|YD13B_YEAST	MULTIPLE	1	107	160	24	1.971e-09	{PS}
sp|Q07793|YD13B_YEAST	MULTIPLE	2	72	88	11	2.206e-08	{PQ}
sp|Q07793|YD13B_YEAST	MULTIPLE	3	391	420	15	2.066e-07	{SN}
sp|Q07793|YD13B_YEAST	WHOLE	1	1	1604	115	6.154e-08	{N}
sp|Q07793|YD13B_YEAST	WHOLE	2	1	1604	167	5.989e-07	{S}
sp|Q07800|PSR1_YEAST	SINGLE	1	152	183	20	7.126e-20	{Q}
sp|Q07800|PSR1_YEAST	SINGLE	2	171	214	15	1.942e-07	{S}
sp|Q07800|PSR1_YEAST	SINGLE	3	216	224	6	2.090e-06	{D}
sp|Q07800|PSR1_YEAST	SINGLE	4	5	44	13	2.270e-06	{S}
sp|Q07800|PSR1_YEAST	MULTIPLE	1	150	214	40	9.354e-22	{QS}
sp|Q07800|PSR1_YEAST	MULTIPLE	2	216	226	10	6.296e-09	{DE}
sp|Q07800|PSR1_YEAST	MULTIPLE	3	11	30	12	2.634e-07	{SQ}
sp|Q07800|PSR1_YEAST	MULTIPLE	4	112	131	14	2.468e-09	{ED}
sp|Q07800|PSR1_YEAST	WHOLE	1	1	427	58	1.581e-06	{S}
sp|Q07807|PUF3_YEAST	SINGLE	1	398	418	19	2.382e-24	{Q}
sp|Q07807|PUF3_YEAST	SINGLE	2	369	397	12	2.476e-09	{P}
sp|Q07807|PUF3_YEAST	SINGLE	3	446	479	12	8.548e-09	{N}
sp|Q07807|PUF3_YEAST	SINGLE	4	1	11	6	4.441e-08	{M}
sp|Q07807|PUF3_YEAST	SINGLE	5	506	510	5	1.522e-07	{Q}
sp|Q07807|PUF3_YEAST	SINGLE	6	237	255	10	1.788e-07	{S}
sp|Q07807|PUF3_YEAST	SINGLE	7	264	325	14	2.678e-07	{N}
sp|Q07807|PUF3_YEAST	SINGLE	8	355	359	5	9.015e-07	{K}
sp|Q07807|PUF3_YEAST	SINGLE	9	124	165	11	1.041e-06	{N}
sp|Q07807|PUF3_YEAST	SINGLE	10	492	501	5	1.111e-06	{H}
sp|Q07807|PUF3_YEAST	SINGLE	11	364	371	6	3.387e-06	{S}
sp|Q07807|PUF3_YEAST	MULTIPLE	1	363	397	24	2.806e-13	{PSM}
sp|Q07807|PUF3_YEAST	MULTIPLE	2	443	498	34	7.958e-13	{NSK}
sp|Q07807|PUF3_YEAST	MULTIPLE	3	257	325	27	1.177e-11	{NP}
sp|Q07807|PUF3_YEAST	MULTIPLE	4	124	165	15	2.461e-08	{NH}
sp|Q07807|PUF3_YEAST	MULTIPLE	5	30	51	14	1.616e-07	{GA}
sp|Q07807|PUF3_YEAST	MULTIPLE	6	421	436	9	1.341e-06	{PY}
sp|Q07807|PUF3_YEAST	MULTIPLE	7	15	29	9	8.581e-06	{SN}
sp|Q07807|PUF3_YEAST	MULTIPLE	8	523	535	10	8.155e-08	{SN}
sp|Q07807|PUF3_YEAST	WHOLE	1	1	879	96	1.631e-16	{N}
sp|Q07807|PUF3_YEAST	WHOLE	2	1	879	103	4.811e-07	{S}
sp|Q07807|PUF3_YEAST	WHOLE	3	1	879	68	2.118e-06	{Q}
sp|Q07821|ISA1_YEAST	SINGLE	1	75	91	8	9.053e-06	{S}
sp|Q07821|ISA1_YEAST	MULTIPLE	1	67	91	15	6.191e-08	{SK}
sp|Q07821|ISA1_YEAST	MULTIPLE	2	134	144	9	1.003e-07	{KR}
sp|Q07824|TPO1_YEAST	SINGLE	1	17	25	7	3.139e-07	{S}
sp|Q07824|TPO1_YEAST	SINGLE	2	220	247	8	7.646e-06	{F}
sp|Q07824|TPO1_YEAST	SINGLE	3	30	54	9	9.931e-06	{T}
sp|Q07830|GPI13_YEAST	SINGLE	1	524	543	8	2.396e-06	{I}
sp|Q07830|GPI13_YEAST	SINGLE	2	814	854	14	8.097e-06	{L}
sp|Q07830|GPI13_YEAST	MULTIPLE	1	814	867	26	2.113e-09	{LI}
sp|Q07830|GPI13_YEAST	MULTIPLE	2	4	53	26	9.590e-10	{IKF}
sp|Q07830|GPI13_YEAST	WHOLE	1	1	1017	107	2.164e-13	{I}
sp|Q07830|GPI13_YEAST	WHOLE	2	1	1017	71	1.439e-06	{F}
sp|Q07845|GRC3_YEAST	SINGLE	1	16	40	11	4.279e-07	{S}
sp|Q07878|VPS13_YEAST	SINGLE	1	597	603	6	4.936e-07	{E}
sp|Q07878|VPS13_YEAST	SINGLE	2	135	139	5	1.948e-06	{S}
sp|Q07878|VPS13_YEAST	MULTIPLE	1	1362	1382	11	6.624e-06	{SP}
sp|Q07878|VPS13_YEAST	WHOLE	1	1	3144	248	3.589e-13	{I}
sp|Q07878|VPS13_YEAST	WHOLE	2	1	3144	197	7.687e-08	{N}
sp|Q07878|VPS13_YEAST	WHOLE	3	1	3144	295	9.052e-07	{S}
sp|Q07896|NOC3_YEAST	SINGLE	1	100	154	18	5.142e-09	{E}
sp|Q07896|NOC3_YEAST	SINGLE	2	97	112	8	7.437e-07	{D}
sp|Q07896|NOC3_YEAST	SINGLE	3	351	378	10	3.383e-06	{K}
sp|Q07896|NOC3_YEAST	MULTIPLE	1	97	154	30	2.193e-13	{ED}
sp|Q07915|RLP24_YEAST	SINGLE	1	148	181	18	3.226e-13	{E}
sp|Q07915|RLP24_YEAST	MULTIPLE	1	23	61	16	1.146e-06	{KR}
sp|Q07915|RLP24_YEAST	WHOLE	1	1	199	26	2.656e-06	{R}
sp|Q07950|YEH2_YEAST	MULTIPLE	1	444	460	10	8.245e-07	{ND}
sp|Q07963|UBR2_YEAST	SINGLE	1	1643	1650	6	1.643e-07	{N}
sp|Q07963|UBR2_YEAST	SINGLE	2	1165	1192	11	3.645e-07	{K}
sp|Q07963|UBR2_YEAST	SINGLE	3	653	662	6	6.397e-07	{F}
sp|Q07963|UBR2_YEAST	SINGLE	4	98	126	6	5.499e-06	{C}
sp|Q07963|UBR2_YEAST	SINGLE	5	1544	1548	5	6.591e-06	{L}
sp|Q07963|UBR2_YEAST	SINGLE	6	1238	1246	4	7.618e-06	{C}
sp|Q07963|UBR2_YEAST	SINGLE	7	169	194	8	8.418e-06	{N}
sp|Q07963|UBR2_YEAST	SINGLE	8	1636	1642	5	9.952e-06	{D}
sp|Q07963|UBR2_YEAST	MULTIPLE	1	1238	1253	10	1.816e-08	{CD}
sp|Q07963|UBR2_YEAST	MULTIPLE	2	246	259	8	3.741e-06	{NF}
sp|Q07963|UBR2_YEAST	WHOLE	1	1	1872	144	2.080e-11	{N}
sp|Q07963|UBR2_YEAST	WHOLE	2	1	1872	142	1.772e-07	{I}
sp|Q07963|UBR2_YEAST	WHOLE	3	1	1872	111	5.780e-06	{F}
sp|Q07979|RSC58_YEAST	SINGLE	1	334	368	10	1.350e-06	{N}
sp|Q07979|RSC58_YEAST	SINGLE	2	162	168	5	9.952e-06	{D}
sp|Q07979|RSC58_YEAST	MULTIPLE	1	334	369	17	9.555e-09	{ND}
sp|Q07979|RSC58_YEAST	WHOLE	1	1	502	50	3.408e-08	{N}
sp|Q08001|LAM6_YEAST	SINGLE	1	347	364	15	4.821e-15	{S}
sp|Q08001|LAM6_YEAST	SINGLE	2	118	142	10	4.038e-06	{S}
sp|Q08001|LAM6_YEAST	SINGLE	3	639	652	8	8.637e-06	{L}
sp|Q08004|BUD20_YEAST	SINGLE	1	144	164	10	1.260e-06	{A}
sp|Q08032|CDC45_YEAST	SINGLE	1	166	203	13	6.288e-08	{D}
sp|Q08032|CDC45_YEAST	SINGLE	2	154	204	14	2.584e-06	{E}
sp|Q08032|CDC45_YEAST	MULTIPLE	1	164	204	25	1.425e-13	{DE}
sp|Q08032|CDC45_YEAST	MULTIPLE	2	436	461	13	2.272e-07	{ND}
sp|Q08096|RCL1_YEAST	WHOLE	1	1	367	40	1.784e-06	{I}
sp|Q08108|PLB3_YEAST	SINGLE	1	627	643	15	8.662e-16	{S}
sp|Q08108|PLB3_YEAST	WHOLE	1	1	686	82	2.719e-06	{S}
sp|Q08109|HRD1_YEAST	SINGLE	1	250	258	9	5.078e-12	{D}
sp|Q08109|HRD1_YEAST	SINGLE	2	413	435	10	4.178e-07	{T}
sp|Q08109|HRD1_YEAST	SINGLE	3	36	76	15	1.477e-06	{L}
sp|Q08144|TLG2_YEAST	SINGLE	1	346	378	11	6.999e-08	{N}
sp|Q08144|TLG2_YEAST	SINGLE	2	339	344	5	7.177e-06	{G}
sp|Q08162|RRP44_YEAST	SINGLE	1	335	354	8	5.790e-06	{D}
sp|Q08179|MDM38_YEAST	SINGLE	1	474	552	24	9.123e-11	{E}
sp|Q08179|MDM38_YEAST	SINGLE	2	423	455	11	3.860e-06	{E}
sp|Q08179|MDM38_YEAST	MULTIPLE	1	423	455	18	9.744e-09	{EK}
sp|Q08179|MDM38_YEAST	WHOLE	1	1	573	65	1.159e-06	{K}
sp|Q08193|GAS5_YEAST	SINGLE	1	405	460	38	2.206e-30	{S}
sp|Q08193|GAS5_YEAST	SINGLE	2	392	403	8	3.596e-08	{D}
sp|Q08193|GAS5_YEAST	SINGLE	3	21	29	6	9.427e-06	{S}
sp|Q08193|GAS5_YEAST	WHOLE	1	1	484	83	1.516e-13	{S}
sp|Q08204|SMC5_YEAST	MULTIPLE	1	125	147	11	2.900e-06	{IR}
sp|Q08204|SMC5_YEAST	MULTIPLE	2	650	671	10	9.165e-06	{IN}
sp|Q08204|SMC5_YEAST	MULTIPLE	3	750	762	9	6.074e-06	{QL}
sp|Q08204|SMC5_YEAST	WHOLE	1	1	1093	116	7.697e-09	{K}
sp|Q08204|SMC5_YEAST	WHOLE	2	1	1093	86	8.330e-06	{I}
sp|Q08208|NOP12_YEAST	SINGLE	1	342	374	11	2.388e-06	{K}
sp|Q08208|NOP12_YEAST	SINGLE	2	180	191	7	2.774e-06	{E}
sp|Q08208|NOP12_YEAST	SINGLE	3	81	89	6	3.865e-06	{K}
sp|Q08208|NOP12_YEAST	WHOLE	1	1	459	70	2.692e-12	{K}
sp|Q08215|PEX15_YEAST	SINGLE	1	338	349	9	7.776e-08	{L}
sp|Q08215|PEX15_YEAST	SINGLE	2	248	266	8	7.972e-06	{K}
sp|Q08217|PSK2_YEAST	SINGLE	1	680	692	8	6.465e-07	{S}
sp|Q08217|PSK2_YEAST	SINGLE	2	35	46	7	5.518e-06	{S}
sp|Q08217|PSK2_YEAST	MULTIPLE	1	914	923	7	5.505e-06	{DY}
sp|Q08218|LDS2_YEAST	SINGLE	1	214	228	8	2.659e-08	{F}
sp|Q08218|LDS2_YEAST	SINGLE	2	324	356	11	1.557e-07	{P}
sp|Q08218|LDS2_YEAST	SINGLE	3	93	137	16	1.037e-06	{L}
sp|Q08218|LDS2_YEAST	SINGLE	4	229	233	5	6.591e-06	{L}
sp|Q08220|GSHB_YEAST	MULTIPLE	1	283	294	9	1.563e-07	{TY}
sp|Q08229|NBA1_YEAST	SINGLE	1	405	424	12	2.347e-10	{K}
sp|Q08229|NBA1_YEAST	SINGLE	2	233	237	5	1.160e-06	{E}
sp|Q08229|NBA1_YEAST	WHOLE	1	1	501	63	6.970e-06	{S}
sp|Q08230|SDHF2_YEAST	SINGLE	1	98	103	5	6.509e-06	{E}
sp|Q08230|SDHF2_YEAST	SINGLE	2	39	45	5	9.952e-06	{D}
sp|Q08236|AVO1_YEAST	SINGLE	1	232	269	16	5.269e-11	{D}
sp|Q08236|AVO1_YEAST	SINGLE	2	283	298	8	1.077e-07	{N}
sp|Q08236|AVO1_YEAST	SINGLE	3	139	182	14	1.249e-06	{S}
sp|Q08236|AVO1_YEAST	SINGLE	4	996	1006	7	2.478e-06	{S}
sp|Q08236|AVO1_YEAST	SINGLE	5	543	577	12	2.945e-06	{S}
sp|Q08236|AVO1_YEAST	SINGLE	6	448	492	13	9.474e-06	{S}
sp|Q08236|AVO1_YEAST	MULTIPLE	1	242	256	14	1.816e-12	{DE}
sp|Q08236|AVO1_YEAST	MULTIPLE	2	139	182	17	1.643e-07	{SH}
sp|Q08236|AVO1_YEAST	WHOLE	1	1	1176	145	1.473e-10	{S}
sp|Q08236|AVO1_YEAST	WHOLE	2	1	1176	99	2.273e-10	{N}
sp|Q08278|MED7_YEAST	SINGLE	1	14	18	5	2.221e-07	{P}
sp|Q08281|RTC1_YEAST	SINGLE	1	753	765	12	1.072e-14	{D}
sp|Q08281|RTC1_YEAST	SINGLE	2	797	825	12	2.869e-07	{S}
sp|Q08281|RTC1_YEAST	SINGLE	3	1011	1021	7	1.236e-06	{E}
sp|Q08281|RTC1_YEAST	SINGLE	4	620	642	10	1.642e-06	{S}
sp|Q08281|RTC1_YEAST	SINGLE	5	26	60	12	2.945e-06	{S}
sp|Q08281|RTC1_YEAST	MULTIPLE	1	731	752	12	3.870e-07	{TN}
sp|Q08281|RTC1_YEAST	MULTIPLE	2	1272	1302	12	1.489e-06	{CK}
sp|Q08281|RTC1_YEAST	MULTIPLE	3	108	127	11	1.048e-06	{KN}
sp|Q08281|RTC1_YEAST	WHOLE	1	1	1341	162	6.598e-11	{S}
sp|Q08281|RTC1_YEAST	WHOLE	2	1	1341	107	8.698e-10	{N}
sp|Q08282|TYW4_YEAST	MULTIPLE	1	53	76	14	6.829e-07	{NKF}
sp|Q08387|DNLI4_YEAST	MULTIPLE	1	448	461	8	3.291e-06	{NY}
sp|Q08387|DNLI4_YEAST	WHOLE	1	1	944	78	4.015e-06	{I}
sp|Q08412|CUE5_YEAST	SINGLE	1	189	207	10	3.776e-09	{R}
sp|Q08412|CUE5_YEAST	SINGLE	2	54	114	17	1.841e-07	{E}
sp|Q08412|CUE5_YEAST	MULTIPLE	1	187	217	16	3.155e-11	{RH}
sp|Q08412|CUE5_YEAST	MULTIPLE	2	51	114	25	6.286e-09	{EP}
sp|Q08412|CUE5_YEAST	MULTIPLE	3	240	308	25	1.159e-06	{QNR}
sp|Q08412|CUE5_YEAST	WHOLE	1	1	411	54	4.773e-07	{E}
sp|Q08417|RSB1_YEAST	MULTIPLE	1	144	163	11	9.391e-06	{GV}
sp|Q08438|VHS3_YEAST	SINGLE	1	602	660	53	9.855e-60	{D}
sp|Q08438|VHS3_YEAST	SINGLE	2	580	590	7	1.236e-06	{E}
sp|Q08438|VHS3_YEAST	SINGLE	3	29	78	14	6.506e-06	{S}
sp|Q08438|VHS3_YEAST	MULTIPLE	1	580	592	12	1.082e-10	{ED}
sp|Q08438|VHS3_YEAST	WHOLE	1	1	674	85	1.942e-12	{D}
sp|Q08444|NOB1_YEAST	SINGLE	1	133	165	12	2.885e-07	{K}
sp|Q08444|NOB1_YEAST	SINGLE	2	167	206	13	7.246e-07	{E}
sp|Q08444|NOB1_YEAST	SINGLE	3	216	222	5	9.952e-06	{D}
sp|Q08446|SGT1_YEAST	SINGLE	1	134	152	8	7.972e-06	{K}
sp|Q08446|SGT1_YEAST	WHOLE	1	1	395	48	4.009e-06	{K}
sp|Q08465|YNG1_YEAST	MULTIPLE	1	189	219	13	8.487e-06	{KR}
sp|Q08484|GYP1_YEAST	SINGLE	1	117	124	6	2.876e-09	{H}
sp|Q08484|GYP1_YEAST	SINGLE	2	17	61	17	5.218e-09	{S}
sp|Q08484|GYP1_YEAST	SINGLE	3	190	215	12	6.685e-08	{S}
sp|Q08490|SGO1_YEAST	SINGLE	1	535	555	15	1.370e-16	{N}
sp|Q08490|SGO1_YEAST	SINGLE	2	130	173	16	2.735e-08	{S}
sp|Q08490|SGO1_YEAST	SINGLE	3	466	481	8	1.077e-07	{N}
sp|Q08490|SGO1_YEAST	SINGLE	4	204	245	14	1.935e-07	{E}
sp|Q08490|SGO1_YEAST	SINGLE	5	319	323	5	1.948e-06	{S}
sp|Q08490|SGO1_YEAST	SINGLE	6	291	307	7	5.840e-06	{P}
sp|Q08490|SGO1_YEAST	MULTIPLE	1	289	310	12	5.568e-07	{PT}
sp|Q08490|SGO1_YEAST	WHOLE	1	1	590	90	1.129e-11	{S}
sp|Q08490|SGO1_YEAST	WHOLE	2	1	590	61	3.133e-10	{N}
sp|Q08491|SKI7_YEAST	SINGLE	1	162	178	8	9.053e-06	{S}
sp|Q08491|SKI7_YEAST	SINGLE	2	295	316	9	9.901e-06	{S}
sp|Q08491|SKI7_YEAST	WHOLE	1	1	747	66	2.949e-08	{N}
sp|Q08492|UTP16_YEAST	SINGLE	1	153	175	9	4.399e-06	{K}
sp|Q08496|DIA2_YEAST	SINGLE	1	178	203	11	1.490e-07	{K}
sp|Q08496|DIA2_YEAST	MULTIPLE	1	178	203	14	4.991e-08	{KN}
sp|Q08496|DIA2_YEAST	MULTIPLE	2	140	164	11	2.519e-06	{QN}
sp|Q08496|DIA2_YEAST	WHOLE	1	1	732	58	4.598e-06	{N}
sp|Q08548|ALE1_YEAST	SINGLE	1	525	589	17	4.895e-07	{E}
sp|Q08548|ALE1_YEAST	WHOLE	1	1	619	50	9.325e-07	{F}
sp|Q08550|MPC54_YEAST	MULTIPLE	1	303	354	19	2.185e-07	{YK}
sp|Q08550|MPC54_YEAST	WHOLE	1	1	464	60	3.994e-08	{K}
sp|Q08562|ULS1_YEAST	SINGLE	1	443	447	5	1.948e-06	{S}
sp|Q08562|ULS1_YEAST	MULTIPLE	1	1325	1356	9	1.822e-06	{CM}
sp|Q08562|ULS1_YEAST	WHOLE	1	1	1619	146	1.681e-06	{K}
sp|Q08562|ULS1_YEAST	WHOLE	2	1	1619	108	3.169e-06	{N}
sp|Q08581|SLK19_YEAST	SINGLE	1	701	706	6	6.410e-09	{N}
sp|Q08581|SLK19_YEAST	SINGLE	2	199	266	15	1.413e-07	{N}
sp|Q08581|SLK19_YEAST	SINGLE	3	598	649	15	5.823e-07	{E}
sp|Q08581|SLK19_YEAST	SINGLE	4	82	96	7	1.250e-06	{N}
sp|Q08581|SLK19_YEAST	MULTIPLE	1	179	270	46	2.100e-12	{NIEM}
sp|Q08581|SLK19_YEAST	MULTIPLE	2	82	111	14	2.296e-07	{ND}
sp|Q08581|SLK19_YEAST	MULTIPLE	3	713	748	16	7.830e-07	{KD}
sp|Q08581|SLK19_YEAST	MULTIPLE	4	784	819	19	2.486e-07	{EL}
sp|Q08581|SLK19_YEAST	MULTIPLE	5	519	535	10	8.245e-07	{ND}
sp|Q08581|SLK19_YEAST	WHOLE	1	1	821	100	2.469e-20	{N}
sp|Q08581|SLK19_YEAST	WHOLE	2	1	821	106	1.231e-11	{E}
sp|Q08581|SLK19_YEAST	WHOLE	3	1	821	97	6.528e-10	{K}
sp|Q08601|MCA1_YEAST	SINGLE	1	29	58	16	1.195e-14	{Q}
sp|Q08601|MCA1_YEAST	SINGLE	2	61	78	10	1.472e-09	{P}
sp|Q08601|MCA1_YEAST	SINGLE	3	91	102	6	4.547e-06	{N}
sp|Q08601|MCA1_YEAST	MULTIPLE	1	29	59	22	9.140e-18	{QY}
sp|Q08601|MCA1_YEAST	WHOLE	1	1	432	49	8.932e-10	{Q}
sp|Q08641|AB140_YEAST	SINGLE	1	215	228	11	1.510e-11	{K}
sp|Q08641|AB140_YEAST	SINGLE	2	115	198	25	6.139e-11	{E}
sp|Q08641|AB140_YEAST	SINGLE	3	36	96	18	3.129e-08	{E}
sp|Q08641|AB140_YEAST	SINGLE	4	216	238	8	3.015e-06	{N}
sp|Q08641|AB140_YEAST	SINGLE	5	243	260	8	5.037e-06	{T}
sp|Q08641|AB140_YEAST	MULTIPLE	1	215	238	19	6.061e-15	{KN}
sp|Q08641|AB140_YEAST	MULTIPLE	2	348	378	15	8.384e-07	{EWQ}
sp|Q08641|AB140_YEAST	WHOLE	1	1	628	84	2.434e-10	{E}
sp|Q08641|AB140_YEAST	WHOLE	2	1	628	56	2.111e-07	{N}
sp|Q08649|ESA1_YEAST	SINGLE	1	91	97	6	3.659e-07	{K}
sp|Q08651|ENV9_YEAST	SINGLE	1	251	263	6	4.638e-06	{F}
sp|Q08683|APC5_YEAST	MULTIPLE	1	113	143	11	3.765e-06	{MR}
sp|Q08702|APTX_YEAST	SINGLE	1	94	107	7	3.777e-06	{D}
sp|Q08702|APTX_YEAST	MULTIPLE	1	91	110	13	2.603e-08	{DK}
sp|Q08726|GPN2_YEAST	SINGLE	1	298	339	14	1.935e-07	{E}
sp|Q08746|RRS1_YEAST	SINGLE	1	103	131	10	4.843e-06	{K}
sp|Q08746|RRS1_YEAST	MULTIPLE	1	93	126	15	7.118e-07	{KP}
sp|Q08754|BUD7_YEAST	SINGLE	1	330	336	5	5.528e-06	{I}
sp|Q08754|BUD7_YEAST	WHOLE	1	1	746	60	2.103e-06	{N}
sp|Q08760|RAX1_YEAST	MULTIPLE	1	390	415	14	1.741e-06	{RL}
sp|Q08773|ISW2_YEAST	SINGLE	1	829	882	16	1.666e-07	{E}
sp|Q08773|ISW2_YEAST	SINGLE	2	147	161	8	1.281e-06	{E}
sp|Q08773|ISW2_YEAST	SINGLE	3	743	748	5	1.440e-06	{R}
sp|Q08773|ISW2_YEAST	SINGLE	4	130	140	7	2.478e-06	{S}
sp|Q08773|ISW2_YEAST	MULTIPLE	1	10	39	15	7.826e-07	{SD}
sp|Q08773|ISW2_YEAST	WHOLE	1	1	1120	113	1.426e-07	{K}
sp|Q08816|TFB6_YEAST	SINGLE	1	51	86	10	1.788e-06	{N}
sp|Q08816|TFB6_YEAST	SINGLE	2	17	48	10	5.174e-06	{D}
sp|Q08816|TFB6_YEAST	MULTIPLE	1	17	39	13	3.414e-08	{DN}
sp|Q08831|VTS1_YEAST	SINGLE	1	90	101	12	4.344e-17	{Q}
sp|Q08831|VTS1_YEAST	SINGLE	2	374	384	7	7.070e-10	{H}
sp|Q08831|VTS1_YEAST	SINGLE	3	167	178	7	1.811e-07	{Q}
sp|Q08831|VTS1_YEAST	SINGLE	4	37	51	7	1.250e-06	{N}
sp|Q08831|VTS1_YEAST	SINGLE	5	422	441	9	3.882e-06	{S}
sp|Q08831|VTS1_YEAST	SINGLE	6	349	357	6	9.427e-06	{S}
sp|Q08831|VTS1_YEAST	MULTIPLE	1	158	178	15	2.229e-10	{QS}
sp|Q08831|VTS1_YEAST	MULTIPLE	2	30	69	20	2.020e-09	{NS}
sp|Q08831|VTS1_YEAST	MULTIPLE	3	421	441	14	2.581e-08	{ST}
sp|Q08831|VTS1_YEAST	WHOLE	1	1	523	85	1.496e-12	{S}
sp|Q08831|VTS1_YEAST	WHOLE	2	1	523	52	1.970e-08	{N}
sp|Q08873|SCP1_YEAST	MULTIPLE	1	149	165	10	1.968e-06	{PK}
sp|Q08886|GPB1_YEAST	SINGLE	1	464	473	6	1.129e-06	{N}
sp|Q08886|GPB1_YEAST	SINGLE	2	663	696	12	2.086e-06	{S}
sp|Q08886|GPB1_YEAST	SINGLE	3	145	163	8	3.679e-06	{D}
sp|Q08886|GPB1_YEAST	SINGLE	4	336	353	7	9.109e-06	{P}
sp|Q08886|GPB1_YEAST	SINGLE	5	91	99	6	9.427e-06	{S}
sp|Q08886|GPB1_YEAST	MULTIPLE	1	671	702	22	3.999e-10	{SPT}
sp|Q08887|NDD1_YEAST	SINGLE	1	96	113	17	1.138e-22	{Q}
sp|Q08887|NDD1_YEAST	SINGLE	2	493	546	22	5.332e-12	{S}
sp|Q08887|NDD1_YEAST	MULTIPLE	1	448	477	21	3.996e-10	{KSN}
sp|Q08887|NDD1_YEAST	MULTIPLE	2	192	221	12	2.943e-06	{QN}
sp|Q08887|NDD1_YEAST	WHOLE	1	1	554	92	5.631e-14	{S}
sp|Q08887|NDD1_YEAST	WHOLE	2	1	554	57	1.375e-09	{N}
sp|Q08887|NDD1_YEAST	WHOLE	3	1	554	47	6.848e-06	{Q}
sp|Q08905|FRE3_YEAST	SINGLE	1	368	394	9	4.884e-07	{F}
sp|Q08905|FRE3_YEAST	SINGLE	2	149	160	6	2.107e-06	{Y}
sp|Q08905|FRE3_YEAST	WHOLE	1	1	711	51	6.882e-06	{Y}
sp|Q08920|NCBP2_YEAST	MULTIPLE	1	172	181	8	1.093e-06	{SN}
sp|Q08920|NCBP2_YEAST	MULTIPLE	2	82	96	7	6.305e-06	{FC}
sp|Q08921|TCO89_YEAST	SINGLE	1	349	367	9	2.301e-06	{S}
sp|Q08921|TCO89_YEAST	SINGLE	2	680	700	8	8.833e-06	{D}
sp|Q08921|TCO89_YEAST	WHOLE	1	1	799	117	2.115e-13	{S}
sp|Q08921|TCO89_YEAST	WHOLE	2	1	799	74	6.754e-10	{N}
sp|Q08923|CTI6_YEAST	SINGLE	1	49	72	11	9.117e-08	{E}
sp|Q08923|CTI6_YEAST	SINGLE	2	210	214	5	2.522e-07	{R}
sp|Q08923|CTI6_YEAST	SINGLE	3	34	41	6	1.399e-06	{T}
sp|Q08923|CTI6_YEAST	SINGLE	4	362	382	9	6.304e-06	{S}
sp|Q08923|CTI6_YEAST	MULTIPLE	1	362	406	22	1.201e-09	{SR}
sp|Q08923|CTI6_YEAST	MULTIPLE	2	178	194	12	3.081e-08	{DE}
sp|Q08923|CTI6_YEAST	MULTIPLE	3	146	167	12	2.762e-06	{RA}
sp|Q08925|MRN1_YEAST	SINGLE	1	6	28	21	4.886e-27	{N}
sp|Q08925|MRN1_YEAST	SINGLE	2	99	125	12	3.887e-10	{Q}
sp|Q08925|MRN1_YEAST	SINGLE	3	413	419	6	1.498e-06	{A}
sp|Q08925|MRN1_YEAST	MULTIPLE	1	171	194	13	7.549e-07	{NA}
sp|Q08925|MRN1_YEAST	WHOLE	1	1	612	69	5.202e-13	{N}
sp|Q08930|YP191_YEAST	SINGLE	1	313	354	12	5.063e-06	{K}
sp|Q08930|YP191_YEAST	MULTIPLE	1	288	309	13	4.999e-08	{QE}
sp|Q08931|PRM3_YEAST	MULTIPLE	1	73	96	19	5.054e-10	{KTS}
sp|Q08951|AP3D_YEAST	SINGLE	1	897	916	13	9.513e-12	{K}
sp|Q08951|AP3D_YEAST	SINGLE	2	784	791	7	2.584e-08	{K}
sp|Q08951|AP3D_YEAST	SINGLE	3	705	753	15	2.504e-07	{E}
sp|Q08951|AP3D_YEAST	SINGLE	4	416	435	8	2.396e-06	{I}
sp|Q08951|AP3D_YEAST	MULTIPLE	1	595	629	18	8.357e-07	{EL}
sp|Q08952|OXR1_YEAST	SINGLE	1	179	198	10	1.270e-07	{E}
sp|Q08957|AFT2_YEAST	SINGLE	1	310	340	11	5.189e-06	{S}
sp|Q08957|AFT2_YEAST	MULTIPLE	1	305	341	18	3.551e-08	{SP}
sp|Q08960|TYW1_YEAST	SINGLE	1	73	115	18	6.709e-11	{G}
sp|Q08960|TYW1_YEAST	SINGLE	2	64	117	10	1.294e-08	{C}
sp|Q08960|TYW1_YEAST	SINGLE	3	380	385	5	6.509e-06	{E}
sp|Q08960|TYW1_YEAST	MULTIPLE	1	61	121	45	2.321e-25	{GCK}
sp|Q08960|TYW1_YEAST	MULTIPLE	2	151	182	18	1.206e-08	{SK}
sp|Q08960|TYW1_YEAST	WHOLE	1	1	810	81	7.951e-06	{K}
sp|Q08965|BMS1_YEAST	SINGLE	1	1068	1158	26	2.366e-11	{K}
sp|Q08965|BMS1_YEAST	SINGLE	2	571	587	9	7.812e-08	{D}
sp|Q08965|BMS1_YEAST	SINGLE	3	653	689	12	1.963e-06	{E}
sp|Q08965|BMS1_YEAST	SINGLE	4	713	752	12	4.840e-06	{E}
sp|Q08965|BMS1_YEAST	SINGLE	5	676	696	8	8.833e-06	{D}
sp|Q08965|BMS1_YEAST	MULTIPLE	1	650	696	24	7.518e-11	{ED}
sp|Q08965|BMS1_YEAST	WHOLE	1	1	1183	123	9.348e-09	{K}
sp|Q08965|BMS1_YEAST	WHOLE	2	1	1183	118	1.436e-06	{E}
sp|Q08967|FLC1_YEAST	SINGLE	1	563	567	5	6.591e-06	{L}
sp|Q08967|FLC1_YEAST	MULTIPLE	1	320	350	10	3.480e-06	{FC}
sp|Q08972|NEW1_YEAST	SINGLE	1	70	95	16	4.848e-16	{N}
sp|Q08972|NEW1_YEAST	SINGLE	2	61	104	13	4.902e-09	{Y}
sp|Q08972|NEW1_YEAST	SINGLE	3	50	67	7	5.580e-06	{Q}
sp|Q08972|NEW1_YEAST	MULTIPLE	1	69	95	25	1.437e-25	{NY}
sp|Q08972|NEW1_YEAST	MULTIPLE	2	1151	1174	13	2.317e-07	{RK}
sp|Q08972|NEW1_YEAST	MULTIPLE	3	952	976	11	7.881e-07	{KW}
sp|Q08986|SAM3_YEAST	SINGLE	1	220	237	10	2.476e-09	{I}
sp|Q08986|SAM3_YEAST	WHOLE	1	1	587	54	5.723e-06	{I}
sp|Q12001|ALG6_YEAST	WHOLE	1	1	544	49	5.474e-08	{F}
sp|Q12004|TFB4_YEAST	SINGLE	1	319	337	8	7.972e-06	{K}
sp|Q12006|PFA4_YEAST	SINGLE	1	80	114	7	1.149e-06	{C}
sp|Q12006|PFA4_YEAST	SINGLE	2	62	73	6	7.194e-06	{P}
sp|Q12006|PFA4_YEAST	MULTIPLE	1	80	114	11	3.725e-08	{CH}
sp|Q12009|TRMB_YEAST	MULTIPLE	1	222	272	20	1.338e-06	{EK}
sp|Q12010|YPQ1_YEAST	SINGLE	1	193	204	6	7.194e-06	{P}
sp|Q12010|YPQ1_YEAST	MULTIPLE	1	11	33	12	3.337e-06	{SI}
sp|Q12015|DSC3_YEAST	SINGLE	1	183	187	5	1.160e-06	{E}
sp|Q12015|DSC3_YEAST	SINGLE	2	213	225	7	6.403e-06	{G}
sp|Q12015|DSC3_YEAST	MULTIPLE	1	56	71	9	2.556e-06	{RQ}
sp|Q12017|PLP2_YEAST	SINGLE	1	41	77	12	1.963e-06	{E}
sp|Q12017|PLP2_YEAST	SINGLE	2	273	286	7	3.777e-06	{D}
sp|Q12017|PLP2_YEAST	MULTIPLE	1	41	77	19	6.141e-09	{ED}
sp|Q12017|PLP2_YEAST	MULTIPLE	2	268	283	11	2.014e-07	{DG}
sp|Q12017|PLP2_YEAST	WHOLE	1	1	286	39	6.360e-06	{E}
sp|Q12019|MDN1_YEAST	SINGLE	1	4285	4389	35	2.242e-16	{E}
sp|Q12019|MDN1_YEAST	SINGLE	2	4076	4174	28	4.509e-13	{D}
sp|Q12019|MDN1_YEAST	SINGLE	3	4200	4270	24	7.289e-12	{E}
sp|Q12019|MDN1_YEAST	SINGLE	4	4078	4149	22	4.762e-10	{E}
sp|Q12019|MDN1_YEAST	SINGLE	5	4512	4567	17	4.882e-09	{D}
sp|Q12019|MDN1_YEAST	SINGLE	6	2463	2481	10	1.684e-06	{L}
sp|Q12019|MDN1_YEAST	MULTIPLE	1	4076	4174	51	1.429e-21	{DE}
sp|Q12019|MDN1_YEAST	MULTIPLE	2	4190	4281	46	6.143e-19	{ED}
sp|Q12019|MDN1_YEAST	MULTIPLE	3	4518	4567	26	7.249e-12	{DE}
sp|Q12019|MDN1_YEAST	MULTIPLE	4	3838	3867	16	1.526e-08	{SF}
sp|Q12019|MDN1_YEAST	WHOLE	1	1	4910	435	2.859e-11	{E}
sp|Q12019|MDN1_YEAST	WHOLE	2	1	4910	343	7.263e-11	{I}
sp|Q12019|MDN1_YEAST	WHOLE	3	1	4910	565	8.187e-09	{L}
sp|Q12019|MDN1_YEAST	WHOLE	4	1	4910	362	2.044e-08	{D}
sp|Q12019|MDN1_YEAST	WHOLE	5	1	4910	288	5.466e-08	{N}
sp|Q12030|TAF10_YEAST	SINGLE	1	152	172	12	8.571e-12	{Q}
sp|Q12030|TAF10_YEAST	SINGLE	2	30	38	6	2.090e-06	{D}
sp|Q12038|SRO7_YEAST	SINGLE	1	29	59	12	6.719e-07	{S}
sp|Q12038|SRO7_YEAST	WHOLE	1	1	1033	85	1.937e-06	{I}
sp|Q12039|HMI1_YEAST	SINGLE	1	149	155	5	2.860e-06	{N}
sp|Q12041|MET32_YEAST	MULTIPLE	1	68	86	11	7.398e-07	{KP}
sp|Q12043|TGL5_YEAST	SINGLE	1	604	633	11	3.608e-06	{S}
sp|Q12043|TGL5_YEAST	SINGLE	2	588	627	10	9.959e-06	{P}
sp|Q12043|TGL5_YEAST	MULTIPLE	1	587	633	22	2.781e-09	{SP}
sp|Q12043|TGL5_YEAST	WHOLE	1	1	749	86	7.107e-06	{S}
sp|Q12045|VIK1_YEAST	SINGLE	1	44	70	10	8.975e-06	{S}
sp|Q12045|VIK1_YEAST	WHOLE	1	1	647	56	5.140e-07	{N}
sp|Q12045|VIK1_YEAST	WHOLE	2	1	647	69	4.484e-06	{K}
sp|Q12046|CWC2_YEAST	SINGLE	1	255	270	8	1.077e-07	{N}
sp|Q12046|CWC2_YEAST	MULTIPLE	1	71	87	8	1.240e-06	{FC}
sp|Q12048|ATG41_YEAST	SINGLE	1	96	125	12	1.073e-06	{A}
sp|Q12050|ELG1_YEAST	SINGLE	1	86	91	6	2.954e-08	{D}
sp|Q12052|TGS1_YEAST	SINGLE	1	267	290	9	9.882e-06	{E}
sp|Q12055|KAD6_YEAST	SINGLE	1	189	195	5	9.952e-06	{D}
sp|Q12055|KAD6_YEAST	MULTIPLE	1	28	37	7	8.460e-06	{YK}
sp|Q12060|HFI1_YEAST	SINGLE	1	139	175	11	2.593e-07	{N}
sp|Q12060|HFI1_YEAST	WHOLE	1	1	488	48	8.939e-08	{N}
sp|Q12063|UPPS_YEAST	MULTIPLE	1	95	121	17	9.739e-08	{YLF}
sp|Q12071|VPS54_YEAST	SINGLE	1	29	85	16	1.436e-06	{S}
sp|Q12071|VPS54_YEAST	SINGLE	2	594	618	9	1.565e-06	{I}
sp|Q12071|VPS54_YEAST	MULTIPLE	1	29	91	27	6.745e-10	{SR}
sp|Q12071|VPS54_YEAST	WHOLE	1	1	889	74	5.201e-06	{I}
sp|Q12080|NOP53_YEAST	SINGLE	1	241	295	24	1.002e-14	{E}
sp|Q12080|NOP53_YEAST	SINGLE	2	371	382	8	8.160e-08	{K}
sp|Q12080|NOP53_YEAST	SINGLE	3	304	335	12	1.957e-07	{K}
sp|Q12080|NOP53_YEAST	SINGLE	4	72	88	8	2.913e-06	{K}
sp|Q12080|NOP53_YEAST	WHOLE	1	1	455	80	2.937e-17	{K}
sp|Q12080|NOP53_YEAST	WHOLE	2	1	455	58	5.093e-07	{E}
sp|Q12088|YL11B_YEAST	SINGLE	1	107	146	12	1.575e-07	{P}
sp|Q12088|YL11B_YEAST	SINGLE	2	58	86	10	3.983e-07	{P}
sp|Q12088|YL11B_YEAST	SINGLE	3	1132	1141	6	1.799e-06	{P}
sp|Q12088|YL11B_YEAST	MULTIPLE	1	107	160	24	1.971e-09	{PS}
sp|Q12088|YL11B_YEAST	MULTIPLE	2	72	88	11	2.206e-08	{PQ}
sp|Q12088|YL11B_YEAST	MULTIPLE	3	391	420	15	2.066e-07	{SN}
sp|Q12088|YL11B_YEAST	WHOLE	1	1	1755	123	7.429e-08	{N}
sp|Q12088|YL11B_YEAST	WHOLE	2	1	1755	181	4.094e-07	{S}
sp|Q12088|YL11B_YEAST	WHOLE	3	1	1755	127	5.720e-06	{I}
sp|Q12092|ATG29_YEAST	SINGLE	1	187	201	8	2.783e-06	{S}
sp|Q12094|TSR3_YEAST	MULTIPLE	1	242	256	10	3.371e-06	{SE}
sp|Q12098|SLX4_YEAST	SINGLE	1	568	573	5	6.509e-06	{E}
sp|Q12100|RTK1_YEAST	SINGLE	1	248	261	9	1.994e-12	{H}
sp|Q12100|RTK1_YEAST	SINGLE	2	125	167	10	2.246e-08	{H}
sp|Q12100|RTK1_YEAST	SINGLE	3	9	54	16	5.601e-08	{S}
sp|Q12100|RTK1_YEAST	MULTIPLE	1	112	161	19	2.546e-10	{HP}
sp|Q12100|RTK1_YEAST	WHOLE	1	1	620	37	4.503e-08	{H}
sp|Q12106|MCP1_YEAST	MULTIPLE	1	122	136	9	1.208e-06	{RN}
sp|Q12108|RTC5_YEAST	SINGLE	1	4	18	9	1.682e-07	{S}
sp|Q12108|RTC5_YEAST	SINGLE	2	517	533	8	4.231e-06	{E}
sp|Q12112|YN11B_YEAST	SINGLE	1	107	146	12	1.575e-07	{P}
sp|Q12112|YN11B_YEAST	SINGLE	2	1132	1141	6	1.799e-06	{P}
sp|Q12112|YN11B_YEAST	SINGLE	3	73	95	8	3.119e-06	{Q}
sp|Q12112|YN11B_YEAST	MULTIPLE	1	107	160	24	1.971e-09	{PS}
sp|Q12112|YN11B_YEAST	WHOLE	1	1	1755	184	1.220e-07	{S}
sp|Q12112|YN11B_YEAST	WHOLE	2	1	1755	115	3.548e-06	{N}
sp|Q12113|YO21B_YEAST	SINGLE	1	119	144	9	1.464e-06	{P}
sp|Q12113|YO21B_YEAST	MULTIPLE	1	119	136	11	2.657e-08	{PY}
sp|Q12113|YO21B_YEAST	WHOLE	1	1	1770	134	2.504e-10	{N}
sp|Q12113|YO21B_YEAST	WHOLE	2	1	1770	127	8.280e-06	{I}
sp|Q12114|CHS5_YEAST	SINGLE	1	658	671	11	1.510e-11	{K}
sp|Q12114|CHS5_YEAST	SINGLE	2	439	486	14	1.179e-06	{E}
sp|Q12114|CHS5_YEAST	SINGLE	3	558	593	12	1.419e-06	{E}
sp|Q12114|CHS5_YEAST	MULTIPLE	1	648	671	19	6.061e-15	{KN}
sp|Q12114|CHS5_YEAST	WHOLE	1	1	671	97	1.366e-13	{E}
sp|Q12118|SGT2_YEAST	SINGLE	1	264	298	8	6.620e-07	{M}
sp|Q12118|SGT2_YEAST	SINGLE	2	243	262	9	1.955e-06	{G}
sp|Q12118|SGT2_YEAST	MULTIPLE	1	264	298	15	1.351e-09	{MQ}
sp|Q12123|DCS2_YEAST	MULTIPLE	1	243	275	11	1.661e-06	{HY}
sp|Q12124|MED2_YEAST	SINGLE	1	264	379	62	9.423e-53	{N}
sp|Q12124|MED2_YEAST	SINGLE	2	107	142	14	2.079e-08	{E}
sp|Q12124|MED2_YEAST	SINGLE	3	145	151	6	4.414e-08	{Q}
sp|Q12124|MED2_YEAST	MULTIPLE	1	106	142	22	2.274e-11	{EK}
sp|Q12124|MED2_YEAST	MULTIPLE	2	197	206	9	5.069e-08	{NA}
sp|Q12124|MED2_YEAST	WHOLE	1	1	431	90	1.450e-35	{N}
sp|Q12127|CCW12_YEAST	SINGLE	1	113	130	11	1.236e-08	{A}
sp|Q12127|CCW12_YEAST	SINGLE	2	56	111	17	2.387e-08	{T}
sp|Q12127|CCW12_YEAST	SINGLE	3	7	20	9	1.489e-07	{A}
sp|Q12127|CCW12_YEAST	WHOLE	1	1	133	26	1.274e-07	{T}
sp|Q12127|CCW12_YEAST	WHOLE	2	1	133	29	2.885e-07	{A}
sp|Q12136|SAS10_YEAST	SINGLE	1	56	86	17	6.830e-13	{E}
sp|Q12136|SAS10_YEAST	SINGLE	2	310	374	22	5.169e-11	{E}
sp|Q12136|SAS10_YEAST	SINGLE	3	167	172	6	7.542e-08	{E}
sp|Q12136|SAS10_YEAST	SINGLE	4	546	577	12	1.957e-07	{K}
sp|Q12136|SAS10_YEAST	SINGLE	5	45	78	11	1.205e-06	{D}
sp|Q12136|SAS10_YEAST	SINGLE	6	133	138	5	3.011e-06	{D}
sp|Q12136|SAS10_YEAST	MULTIPLE	1	49	86	27	4.600e-17	{ED}
sp|Q12136|SAS10_YEAST	MULTIPLE	2	307	374	33	1.488e-13	{ED}
sp|Q12136|SAS10_YEAST	WHOLE	1	1	610	93	1.852e-14	{E}
sp|Q12136|SAS10_YEAST	WHOLE	2	1	610	65	3.045e-07	{D}
sp|Q12136|SAS10_YEAST	WHOLE	3	1	610	65	8.109e-06	{K}
sp|Q12141|YG11B_YEAST	SINGLE	1	107	146	12	1.575e-07	{P}
sp|Q12141|YG11B_YEAST	SINGLE	2	1132	1153	9	2.822e-07	{P}
sp|Q12141|YG11B_YEAST	MULTIPLE	1	107	160	24	1.971e-09	{PS}
sp|Q12141|YG11B_YEAST	MULTIPLE	2	64	98	14	7.324e-07	{QP}
sp|Q12141|YG11B_YEAST	MULTIPLE	3	391	420	15	2.066e-07	{SN}
sp|Q12141|YG11B_YEAST	MULTIPLE	4	3	23	13	3.814e-07	{HSQ}
sp|Q12141|YG11B_YEAST	WHOLE	1	1	1755	126	1.516e-08	{N}
sp|Q12141|YG11B_YEAST	WHOLE	2	1	1755	181	4.094e-07	{S}
sp|Q12141|YG11B_YEAST	WHOLE	3	1	1755	128	3.760e-06	{I}
sp|Q12142|ATG9_YEAST	SINGLE	1	907	939	14	2.706e-11	{N}
sp|Q12142|ATG9_YEAST	SINGLE	2	374	385	6	2.599e-06	{F}
sp|Q12142|ATG9_YEAST	SINGLE	3	80	88	6	5.178e-06	{E}
sp|Q12142|ATG9_YEAST	MULTIPLE	1	964	984	11	2.974e-06	{NG}
sp|Q12142|ATG9_YEAST	WHOLE	1	1	997	94	1.727e-12	{N}
sp|Q12149|RRP6_YEAST	SINGLE	1	658	671	7	7.560e-06	{K}
sp|Q12150|CSF1_YEAST	SINGLE	1	2876	2887	7	2.774e-06	{E}
sp|Q12150|CSF1_YEAST	SINGLE	2	644	660	7	3.459e-06	{N}
sp|Q12150|CSF1_YEAST	SINGLE	3	1759	1767	6	3.865e-06	{K}
sp|Q12150|CSF1_YEAST	WHOLE	1	1	2958	210	5.450e-08	{I}
sp|Q12150|CSF1_YEAST	WHOLE	2	1	2958	281	6.130e-07	{S}
sp|Q12150|CSF1_YEAST	WHOLE	3	1	2958	166	1.303e-06	{F}
sp|Q12151|UPC2_YEAST	SINGLE	1	285	353	41	6.061e-38	{Q}
sp|Q12151|UPC2_YEAST	SINGLE	2	222	241	14	2.420e-15	{Q}
sp|Q12151|UPC2_YEAST	SINGLE	3	134	157	11	2.583e-07	{S}
sp|Q12151|UPC2_YEAST	SINGLE	4	51	78	6	4.432e-06	{C}
sp|Q12151|UPC2_YEAST	MULTIPLE	1	51	71	9	2.364e-06	{CR}
sp|Q12151|UPC2_YEAST	MULTIPLE	2	885	899	10	5.334e-08	{GM}
sp|Q12151|UPC2_YEAST	MULTIPLE	3	208	214	7	9.875e-07	{LP}
sp|Q12151|UPC2_YEAST	WHOLE	1	1	913	82	4.674e-10	{Q}
sp|Q12157|APC11_YEAST	SINGLE	1	41	77	7	1.703e-06	{C}
sp|Q12157|APC11_YEAST	SINGLE	2	70	76	4	7.399e-06	{H}
sp|Q12157|APC11_YEAST	MULTIPLE	1	41	77	11	7.067e-08	{CH}
sp|Q12158|SCC1_YEAST	SINGLE	1	232	261	11	2.892e-07	{D}
sp|Q12158|SCC1_YEAST	MULTIPLE	1	222	262	18	1.463e-08	{DN}
sp|Q12159|YRA1_YEAST	SINGLE	1	22	59	11	9.738e-07	{R}
sp|Q12159|YRA1_YEAST	MULTIPLE	1	19	55	18	1.926e-08	{RG}
sp|Q12159|YRA1_YEAST	WHOLE	1	1	226	29	1.091e-06	{R}
sp|Q12164|POM33_YEAST	SINGLE	1	118	138	8	6.618e-07	{F}
sp|Q12168|ENG2_YEAST	SINGLE	1	9	36	12	1.523e-09	{P}
sp|Q12168|ENG2_YEAST	MULTIPLE	1	523	534	8	6.084e-08	{HY}
sp|Q12173|YG31A_YEAST	MULTIPLE	1	236	258	13	1.293e-08	{NR}
sp|Q12176|MAK21_YEAST	SINGLE	1	877	932	19	7.333e-11	{D}
sp|Q12176|MAK21_YEAST	SINGLE	2	970	989	12	4.185e-10	{E}
sp|Q12176|MAK21_YEAST	SINGLE	3	74	122	16	4.228e-09	{D}
sp|Q12176|MAK21_YEAST	SINGLE	4	165	194	12	1.468e-07	{E}
sp|Q12176|MAK21_YEAST	SINGLE	5	515	543	11	5.511e-07	{K}
sp|Q12176|MAK21_YEAST	SINGLE	6	28	47	9	1.095e-06	{K}
sp|Q12176|MAK21_YEAST	MULTIPLE	1	877	950	35	7.356e-14	{DE}
sp|Q12176|MAK21_YEAST	MULTIPLE	2	970	986	15	1.151e-11	{ES}
sp|Q12176|MAK21_YEAST	WHOLE	1	1	1025	108	3.309e-08	{K}
sp|Q12176|MAK21_YEAST	WHOLE	2	1	1025	96	3.027e-07	{D}
sp|Q12184|ADRX_YEAST	SINGLE	1	30	36	6	3.730e-07	{T}
sp|Q12186|BBP_YEAST	SINGLE	1	363	474	32	5.975e-17	{P}
sp|Q12186|BBP_YEAST	MULTIPLE	1	360	474	51	2.968e-18	{PS}
sp|Q12186|BBP_YEAST	WHOLE	1	1	476	59	1.075e-11	{P}
sp|Q12188|REC8_YEAST	SINGLE	1	129	144	8	1.077e-07	{N}
sp|Q12188|REC8_YEAST	SINGLE	2	276	286	6	2.376e-06	{N}
sp|Q12188|REC8_YEAST	SINGLE	3	458	481	8	4.328e-06	{N}
sp|Q12188|REC8_YEAST	MULTIPLE	1	28	51	14	4.181e-08	{SN}
sp|Q12188|REC8_YEAST	WHOLE	1	1	680	77	2.067e-14	{N}
sp|Q12191|BUG1_YEAST	SINGLE	1	26	39	10	6.302e-10	{K}
sp|Q12191|BUG1_YEAST	SINGLE	2	85	93	6	5.178e-06	{E}
sp|Q12191|BUG1_YEAST	WHOLE	1	1	341	51	1.834e-08	{E}
sp|Q12191|BUG1_YEAST	WHOLE	2	1	341	33	9.816e-06	{N}
sp|Q12193|YB12B_YEAST	SINGLE	1	107	146	12	1.575e-07	{P}
sp|Q12193|YB12B_YEAST	SINGLE	2	58	86	10	3.983e-07	{P}
sp|Q12193|YB12B_YEAST	SINGLE	3	1133	1142	6	1.799e-06	{P}
sp|Q12193|YB12B_YEAST	MULTIPLE	1	107	160	24	1.971e-09	{PS}
sp|Q12193|YB12B_YEAST	MULTIPLE	2	72	88	11	2.206e-08	{PQ}
sp|Q12193|YB12B_YEAST	MULTIPLE	3	391	420	15	2.066e-07	{SN}
sp|Q12193|YB12B_YEAST	WHOLE	1	1	1756	124	4.586e-08	{N}
sp|Q12193|YB12B_YEAST	WHOLE	2	1	1756	179	9.157e-07	{S}
sp|Q12193|YB12B_YEAST	WHOLE	3	1	1756	127	5.962e-06	{I}
sp|Q12196|RIO1_YEAST	SINGLE	1	436	484	23	1.731e-15	{K}
sp|Q12196|RIO1_YEAST	SINGLE	2	406	428	10	6.429e-07	{E}
sp|Q12196|RIO1_YEAST	MULTIPLE	1	406	434	19	1.946e-11	{ED}
sp|Q12200|NPC1_YEAST	SINGLE	1	223	257	7	1.149e-06	{C}
sp|Q12200|NPC1_YEAST	SINGLE	2	616	636	8	3.680e-06	{I}
sp|Q12200|NPC1_YEAST	MULTIPLE	1	341	357	10	2.965e-07	{FI}
sp|Q12200|NPC1_YEAST	MULTIPLE	2	307	327	11	1.732e-07	{NF}
sp|Q12200|NPC1_YEAST	WHOLE	1	1	1170	90	1.063e-09	{F}
sp|Q12206|WTM2_YEAST	SINGLE	1	87	98	11	1.779e-13	{D}
sp|Q12208|USB1_YEAST	SINGLE	1	5	24	9	3.882e-06	{S}
sp|Q12211|PUS1_YEAST	SINGLE	1	213	250	12	2.683e-06	{E}
sp|Q12211|PUS1_YEAST	SINGLE	2	20	54	11	4.532e-06	{K}
sp|Q12211|PUS1_YEAST	MULTIPLE	1	26	54	17	1.772e-09	{KD}
sp|Q12211|PUS1_YEAST	WHOLE	1	1	544	63	8.495e-07	{K}
sp|Q12216|SIZ2_YEAST	SINGLE	1	7	16	10	2.212e-14	{N}
sp|Q12216|SIZ2_YEAST	WHOLE	1	1	726	66	1.027e-08	{N}
sp|Q12220|UTP12_YEAST	SINGLE	1	685	715	13	2.275e-08	{E}
sp|Q12220|UTP12_YEAST	MULTIPLE	1	288	319	17	4.191e-08	{EK}
sp|Q12224|RLM1_YEAST	SINGLE	1	556	604	30	8.832e-29	{N}
sp|Q12224|RLM1_YEAST	SINGLE	2	334	381	19	2.634e-10	{S}
sp|Q12224|RLM1_YEAST	SINGLE	3	390	417	12	6.177e-10	{N}
sp|Q12224|RLM1_YEAST	SINGLE	4	207	212	6	6.591e-09	{Q}
sp|Q12224|RLM1_YEAST	SINGLE	5	123	134	8	3.596e-08	{D}
sp|Q12224|RLM1_YEAST	SINGLE	6	452	476	10	3.898e-08	{Q}
sp|Q12224|RLM1_YEAST	SINGLE	7	229	236	7	7.519e-08	{S}
sp|Q12224|RLM1_YEAST	SINGLE	8	284	295	7	1.756e-07	{N}
sp|Q12224|RLM1_YEAST	SINGLE	9	107	154	11	4.220e-06	{N}
sp|Q12224|RLM1_YEAST	MULTIPLE	1	556	604	41	5.604e-31	{NS}
sp|Q12224|RLM1_YEAST	MULTIPLE	2	330	381	26	8.150e-12	{SN}
sp|Q12224|RLM1_YEAST	MULTIPLE	3	122	143	14	1.160e-09	{DN}
sp|Q12224|RLM1_YEAST	MULTIPLE	4	228	277	25	3.974e-11	{SP}
sp|Q12224|RLM1_YEAST	MULTIPLE	5	284	303	14	1.348e-09	{NS}
sp|Q12224|RLM1_YEAST	MULTIPLE	6	488	550	32	1.906e-10	{PSN}
sp|Q12224|RLM1_YEAST	WHOLE	1	1	676	103	2.097e-28	{N}
sp|Q12224|RLM1_YEAST	WHOLE	2	1	676	109	2.501e-15	{S}
sp|Q12229|UBX3_YEAST	SINGLE	1	286	341	16	1.083e-09	{Q}
sp|Q12229|UBX3_YEAST	SINGLE	2	283	337	13	1.290e-06	{R}
sp|Q12229|UBX3_YEAST	MULTIPLE	1	283	341	37	3.133e-16	{QRE}
sp|Q12229|UBX3_YEAST	MULTIPLE	2	122	143	12	1.039e-06	{NS}
sp|Q12230|LSP1_YEAST	SINGLE	1	283	324	16	2.946e-09	{E}
sp|Q12230|LSP1_YEAST	SINGLE	2	21	25	5	2.221e-07	{P}
sp|Q12230|LSP1_YEAST	MULTIPLE	1	283	328	19	2.430e-09	{EH}
sp|Q12236|PKH2_YEAST	SINGLE	1	582	629	18	2.147e-09	{S}
sp|Q12236|PKH2_YEAST	SINGLE	2	615	655	13	2.320e-08	{P}
sp|Q12236|PKH2_YEAST	SINGLE	3	988	1023	14	7.506e-08	{S}
sp|Q12236|PKH2_YEAST	SINGLE	4	564	574	8	1.844e-07	{A}
sp|Q12236|PKH2_YEAST	MULTIPLE	1	584	646	32	4.502e-14	{SP}
sp|Q12236|PKH2_YEAST	MULTIPLE	2	986	1023	19	8.438e-09	{SP}
sp|Q12236|PKH2_YEAST	MULTIPLE	3	154	183	14	8.684e-06	{KS}
sp|Q12236|PKH2_YEAST	MULTIPLE	4	102	134	16	1.618e-08	{ND}
sp|Q12236|PKH2_YEAST	WHOLE	1	1	1081	120	3.544e-10	{K}
sp|Q12236|PKH2_YEAST	WHOLE	2	1	1081	121	5.798e-07	{S}
sp|Q12241|VAM3_YEAST	SINGLE	1	165	199	14	7.458e-11	{Q}
sp|Q12241|VAM3_YEAST	WHOLE	1	1	283	35	2.266e-08	{Q}
sp|Q12245|POC4_YEAST	SINGLE	1	49	57	6	9.427e-06	{S}
sp|Q12245|POC4_YEAST	MULTIPLE	1	49	61	9	1.042e-06	{SY}
sp|Q12246|LCB4_YEAST	SINGLE	1	449	481	9	6.876e-06	{N}
sp|Q12246|LCB4_YEAST	SINGLE	2	411	441	10	9.441e-06	{K}
sp|Q12246|LCB4_YEAST	MULTIPLE	1	448	481	14	4.702e-07	{NP}
sp|Q12246|LCB4_YEAST	MULTIPLE	2	93	123	15	3.542e-07	{SN}
sp|Q12246|LCB4_YEAST	MULTIPLE	3	34	64	16	1.936e-07	{DS}
sp|Q12255|NYV1_YEAST	MULTIPLE	1	164	187	12	1.270e-06	{ID}
sp|Q12256|TPO4_YEAST	SINGLE	1	320	337	7	2.867e-06	{F}
sp|Q12256|TPO4_YEAST	SINGLE	2	68	81	7	3.777e-06	{D}
sp|Q12256|TPO4_YEAST	MULTIPLE	1	314	337	13	1.242e-07	{FV}
sp|Q12262|CENPH_YEAST	MULTIPLE	1	26	104	26	2.480e-07	{LH}
sp|Q12263|GIN4_YEAST	SINGLE	1	382	465	26	9.217e-11	{S}
sp|Q12263|GIN4_YEAST	SINGLE	2	549	607	19	2.649e-09	{E}
sp|Q12263|GIN4_YEAST	SINGLE	3	954	980	13	2.894e-09	{E}
sp|Q12263|GIN4_YEAST	SINGLE	4	568	593	9	1.800e-06	{R}
sp|Q12263|GIN4_YEAST	MULTIPLE	1	382	460	35	1.598e-11	{SK}
sp|Q12263|GIN4_YEAST	MULTIPLE	2	552	610	42	1.592e-19	{ERK}
sp|Q12263|GIN4_YEAST	WHOLE	1	1	1142	118	2.433e-08	{K}
sp|Q12263|GIN4_YEAST	WHOLE	2	1	1142	112	5.096e-06	{E}
sp|Q12265|KPR5_YEAST	SINGLE	1	364	376	9	2.791e-08	{S}
sp|Q12265|KPR5_YEAST	MULTIPLE	1	338	376	22	2.806e-10	{ST}
sp|Q12267|SMC4_YEAST	SINGLE	1	849	899	14	2.584e-06	{E}
sp|Q12267|SMC4_YEAST	SINGLE	2	341	385	13	3.142e-06	{E}
sp|Q12267|SMC4_YEAST	SINGLE	3	1060	1094	11	7.276e-06	{E}
sp|Q12267|SMC4_YEAST	MULTIPLE	1	576	627	20	1.898e-06	{KE}
sp|Q12267|SMC4_YEAST	MULTIPLE	2	93	121	19	5.326e-09	{SPR}
sp|Q12267|SMC4_YEAST	WHOLE	1	1	1418	159	1.432e-11	{E}
sp|Q12267|SMC4_YEAST	WHOLE	2	1	1418	151	5.030e-11	{K}
sp|Q12269|YG12B_YEAST	SINGLE	1	107	146	12	1.575e-07	{P}
sp|Q12269|YG12B_YEAST	SINGLE	2	1132	1153	9	2.822e-07	{P}
sp|Q12269|YG12B_YEAST	SINGLE	3	58	86	10	3.983e-07	{P}
sp|Q12269|YG12B_YEAST	MULTIPLE	1	107	160	24	1.971e-09	{PS}
sp|Q12269|YG12B_YEAST	MULTIPLE	2	72	88	11	2.206e-08	{PQ}
sp|Q12269|YG12B_YEAST	MULTIPLE	3	391	420	15	2.066e-07	{SN}
sp|Q12269|YG12B_YEAST	MULTIPLE	4	3	23	13	3.814e-07	{HSQ}
sp|Q12269|YG12B_YEAST	WHOLE	1	1	1755	129	2.881e-09	{N}
sp|Q12269|YG12B_YEAST	WHOLE	2	1	1755	177	1.894e-06	{S}
sp|Q12269|YG12B_YEAST	WHOLE	3	1	1755	129	2.506e-06	{I}
sp|Q12271|INP53_YEAST	SINGLE	1	889	954	21	3.191e-09	{S}
sp|Q12271|INP53_YEAST	SINGLE	2	957	989	11	1.557e-07	{P}
sp|Q12271|INP53_YEAST	MULTIPLE	1	951	998	23	6.894e-10	{PS}
sp|Q12271|INP53_YEAST	WHOLE	1	1	1107	121	1.771e-06	{S}
sp|Q12273|YO11B_YEAST	SINGLE	1	107	146	12	1.575e-07	{P}
sp|Q12273|YO11B_YEAST	SINGLE	2	1132	1153	9	2.822e-07	{P}
sp|Q12273|YO11B_YEAST	SINGLE	3	58	86	10	3.983e-07	{P}
sp|Q12273|YO11B_YEAST	SINGLE	4	292	306	7	1.250e-06	{N}
sp|Q12273|YO11B_YEAST	MULTIPLE	1	107	160	24	1.971e-09	{PS}
sp|Q12273|YO11B_YEAST	MULTIPLE	2	72	88	11	2.206e-08	{PQ}
sp|Q12273|YO11B_YEAST	MULTIPLE	3	391	420	15	2.066e-07	{SN}
sp|Q12273|YO11B_YEAST	WHOLE	1	1	1755	128	4.977e-09	{N}
sp|Q12273|YO11B_YEAST	WHOLE	2	1	1755	177	1.894e-06	{S}
sp|Q12273|YO11B_YEAST	WHOLE	3	1	1755	129	2.506e-06	{I}
sp|Q12275|CRM2_YEAST	SINGLE	1	992	1017	8	8.418e-06	{N}
sp|Q12275|CRM2_YEAST	WHOLE	1	1	1648	118	4.604e-08	{N}
sp|Q12275|CRM2_YEAST	WHOLE	2	1	1648	128	2.016e-07	{I}
sp|Q12280|IQG1_YEAST	SINGLE	1	37	81	16	3.937e-08	{S}
sp|Q12284|ERV2_YEAST	MULTIPLE	1	163	182	9	3.668e-06	{DC}
sp|Q12297|TAF3_YEAST	SINGLE	1	274	302	10	7.520e-06	{E}
sp|Q12297|TAF3_YEAST	MULTIPLE	1	274	304	16	1.879e-08	{EN}
sp|Q12300|RGT2_YEAST	SINGLE	1	724	761	14	1.646e-07	{S}
sp|Q12300|RGT2_YEAST	SINGLE	2	703	715	6	8.081e-06	{N}
sp|Q12300|RGT2_YEAST	MULTIPLE	1	14	42	12	9.259e-08	{NH}
sp|Q12300|RGT2_YEAST	MULTIPLE	2	355	386	16	5.037e-07	{FIN}
sp|Q12300|RGT2_YEAST	WHOLE	1	1	763	71	1.855e-07	{I}
sp|Q12303|YPS3_YEAST	SINGLE	1	439	470	16	1.029e-11	{T}
sp|Q12309|CLF1_YEAST	SINGLE	1	662	667	5	3.011e-06	{D}
sp|Q12309|CLF1_YEAST	WHOLE	1	1	687	74	8.187e-06	{E}
sp|Q12311|NTO1_YEAST	SINGLE	1	266	323	9	3.320e-07	{C}
sp|Q12311|NTO1_YEAST	SINGLE	2	376	402	6	3.540e-06	{C}
sp|Q12315|GLE1_YEAST	SINGLE	1	157	229	25	1.938e-12	{E}
sp|Q12315|GLE1_YEAST	MULTIPLE	1	150	231	58	3.671e-26	{EKR}
sp|Q12316|YG13B_YEAST	SINGLE	1	107	146	12	1.575e-07	{P}
sp|Q12316|YG13B_YEAST	SINGLE	2	58	86	10	3.983e-07	{P}
sp|Q12316|YG13B_YEAST	SINGLE	3	1132	1141	6	1.799e-06	{P}
sp|Q12316|YG13B_YEAST	MULTIPLE	1	107	160	24	1.971e-09	{PS}
sp|Q12316|YG13B_YEAST	MULTIPLE	2	72	88	11	2.206e-08	{PQ}
sp|Q12316|YG13B_YEAST	MULTIPLE	3	391	420	15	2.066e-07	{SN}
sp|Q12316|YG13B_YEAST	WHOLE	1	1	1755	127	8.717e-09	{N}
sp|Q12316|YG13B_YEAST	WHOLE	2	1	1755	181	4.094e-07	{S}
sp|Q12316|YG13B_YEAST	WHOLE	3	1	1755	128	3.760e-06	{I}
sp|Q12317|MSB4_YEAST	SINGLE	1	29	47	9	2.647e-07	{D}
sp|Q12317|MSB4_YEAST	SINGLE	2	469	491	8	6.507e-06	{R}
sp|Q12320|GLO4_YEAST	SINGLE	1	69	74	4	3.242e-06	{H}
sp|Q12321|MED1_YEAST	SINGLE	1	290	296	6	9.125e-07	{S}
sp|Q12321|MED1_YEAST	SINGLE	2	131	155	10	4.038e-06	{S}
sp|Q12321|MED1_YEAST	WHOLE	1	1	566	75	1.672e-07	{S}
sp|Q12321|MED1_YEAST	WHOLE	2	1	566	48	5.011e-06	{N}
sp|Q12324|YVC1_YEAST	SINGLE	1	556	581	10	6.005e-07	{D}
sp|Q12324|YVC1_YEAST	SINGLE	2	632	645	7	3.777e-06	{D}
sp|Q12324|YVC1_YEAST	SINGLE	3	439	443	4	9.720e-06	{Y}
sp|Q12328|TIM22_YEAST	SINGLE	1	164	188	10	8.426e-06	{A}
sp|Q12328|TIM22_YEAST	MULTIPLE	1	155	188	19	1.992e-08	{AG}
sp|Q12328|TIM22_YEAST	MULTIPLE	2	71	87	11	2.087e-06	{TA}
sp|Q12333|FRE7_YEAST	WHOLE	1	1	620	56	6.824e-06	{I}
sp|Q12334|SCM3_YEAST	SINGLE	1	160	208	14	2.460e-07	{D}
sp|Q12334|SCM3_YEAST	SINGLE	2	2	37	11	6.123e-06	{K}
sp|Q12334|SCM3_YEAST	MULTIPLE	1	160	208	23	1.534e-09	{DE}
sp|Q12334|SCM3_YEAST	WHOLE	1	1	223	32	5.381e-06	{K}
sp|Q12339|UTP23_YEAST	SINGLE	1	188	239	18	8.432e-10	{K}
sp|Q12339|UTP23_YEAST	MULTIPLE	1	193	239	22	6.227e-10	{KR}
sp|Q12341|HAT1_YEAST	MULTIPLE	1	262	274	8	9.814e-06	{DR}
sp|Q12343|MED4_YEAST	SINGLE	1	254	283	11	2.892e-07	{D}
sp|Q12344|GYP5_YEAST	SINGLE	1	277	318	13	3.204e-08	{P}
sp|Q12344|GYP5_YEAST	WHOLE	1	1	894	113	1.009e-11	{E}
sp|Q12344|GYP5_YEAST	WHOLE	2	1	894	69	1.700e-06	{N}
sp|Q12349|ATP14_YEAST	SINGLE	1	87	122	12	1.419e-06	{E}
sp|Q12355|PST1_YEAST	SINGLE	1	356	416	27	1.810e-15	{S}
sp|Q12355|PST1_YEAST	SINGLE	2	22	35	9	7.251e-08	{S}
sp|Q12355|PST1_YEAST	SINGLE	3	94	154	16	3.729e-06	{S}
sp|Q12355|PST1_YEAST	SINGLE	4	165	172	5	7.298e-06	{N}
sp|Q12355|PST1_YEAST	MULTIPLE	1	356	417	37	1.989e-17	{SK}
sp|Q12355|PST1_YEAST	MULTIPLE	2	94	154	24	5.195e-08	{SI}
sp|Q12355|PST1_YEAST	MULTIPLE	3	218	242	12	5.786e-06	{NS}
sp|Q12355|PST1_YEAST	WHOLE	1	1	444	87	1.298e-17	{S}
sp|Q12361|GPR1_YEAST	SINGLE	1	491	558	53	9.714e-59	{N}
sp|Q12361|GPR1_YEAST	SINGLE	2	257	283	9	3.246e-06	{I}
sp|Q12361|GPR1_YEAST	SINGLE	3	497	510	7	3.777e-06	{D}
sp|Q12361|GPR1_YEAST	MULTIPLE	1	292	299	8	6.683e-08	{KE}
sp|Q12361|GPR1_YEAST	MULTIPLE	2	718	736	10	3.174e-07	{KW}
sp|Q12361|GPR1_YEAST	MULTIPLE	3	221	253	11	2.316e-06	{WP}
sp|Q12361|GPR1_YEAST	WHOLE	1	1	961	125	1.656e-27	{N}
sp|Q12362|RIB2_YEAST	SINGLE	1	5	41	11	2.593e-07	{N}
sp|Q12373|HIF1_YEAST	SINGLE	1	97	184	26	3.094e-11	{E}
sp|Q12383|TRM13_YEAST	SINGLE	1	335	352	5	7.284e-06	{C}
sp|Q12383|TRM13_YEAST	MULTIPLE	1	260	283	12	5.863e-06	{IS}
sp|Q12386|ARP8_YEAST	SINGLE	1	72	107	15	2.512e-10	{D}
sp|Q12386|ARP8_YEAST	SINGLE	2	79	115	14	3.128e-08	{E}
sp|Q12386|ARP8_YEAST	SINGLE	3	96	114	8	5.543e-07	{N}
sp|Q12386|ARP8_YEAST	SINGLE	4	4	49	14	6.711e-07	{E}
sp|Q12386|ARP8_YEAST	SINGLE	5	22	27	5	3.011e-06	{D}
sp|Q12386|ARP8_YEAST	MULTIPLE	1	78	115	35	1.531e-24	{DEN}
sp|Q12386|ARP8_YEAST	MULTIPLE	2	10	32	18	1.846e-10	{EDI}
sp|Q12386|ARP8_YEAST	MULTIPLE	3	122	152	15	1.627e-07	{KP}
sp|Q12389|DBP10_YEAST	SINGLE	1	74	90	10	1.011e-08	{K}
sp|Q12389|DBP10_YEAST	SINGLE	2	10	59	14	3.227e-07	{D}
sp|Q12389|DBP10_YEAST	SINGLE	3	775	784	7	3.412e-07	{K}
sp|Q12389|DBP10_YEAST	SINGLE	4	917	945	10	4.843e-06	{K}
sp|Q12389|DBP10_YEAST	WHOLE	1	1	995	109	4.088e-09	{K}
sp|Q12400|TRM10_YEAST	SINGLE	1	17	23	5	4.239e-06	{P}
sp|Q12400|TRM10_YEAST	SINGLE	2	28	56	10	4.843e-06	{K}
sp|Q12400|TRM10_YEAST	MULTIPLE	1	28	65	18	1.740e-08	{KR}
sp|Q12404|MPD1_YEAST	WHOLE	1	1	318	41	4.581e-06	{K}
sp|Q12406|ARP7_YEAST	SINGLE	1	260	272	7	3.755e-07	{Q}
sp|Q12406|ARP7_YEAST	SINGLE	2	345	378	9	8.950e-06	{N}
sp|Q12406|ARP7_YEAST	MULTIPLE	1	343	380	18	3.708e-08	{NS}
sp|Q12411|MPC70_YEAST	SINGLE	1	65	119	20	5.305e-10	{S}
sp|Q12411|MPC70_YEAST	SINGLE	2	152	159	8	7.303e-10	{S}
sp|Q12411|MPC70_YEAST	SINGLE	3	292	336	14	2.738e-07	{K}
sp|Q12411|MPC70_YEAST	SINGLE	4	443	473	9	3.925e-06	{N}
sp|Q12411|MPC70_YEAST	SINGLE	5	161	194	9	8.950e-06	{N}
sp|Q12411|MPC70_YEAST	MULTIPLE	1	50	134	38	1.593e-12	{SK}
sp|Q12411|MPC70_YEAST	MULTIPLE	2	521	533	9	1.566e-06	{SN}
sp|Q12411|MPC70_YEAST	WHOLE	1	1	609	85	2.918e-09	{S}
sp|Q12411|MPC70_YEAST	WHOLE	2	1	609	72	7.706e-08	{K}
sp|Q12411|MPC70_YEAST	WHOLE	3	1	609	55	1.789e-07	{N}
sp|Q12414|YP11B_YEAST	SINGLE	1	107	146	12	1.575e-07	{P}
sp|Q12414|YP11B_YEAST	SINGLE	2	1132	1153	9	2.822e-07	{P}
sp|Q12414|YP11B_YEAST	SINGLE	3	58	86	10	3.983e-07	{P}
sp|Q12414|YP11B_YEAST	MULTIPLE	1	107	160	24	1.971e-09	{PS}
sp|Q12414|YP11B_YEAST	MULTIPLE	2	72	88	11	2.206e-08	{PQ}
sp|Q12414|YP11B_YEAST	MULTIPLE	3	391	420	15	2.066e-07	{SN}
sp|Q12414|YP11B_YEAST	WHOLE	1	1	1755	128	4.977e-09	{N}
sp|Q12414|YP11B_YEAST	WHOLE	2	1	1755	178	1.279e-06	{S}
sp|Q12414|YP11B_YEAST	WHOLE	3	1	1755	129	2.506e-06	{I}
sp|Q12416|WHI5_YEAST	SINGLE	1	112	125	8	6.393e-07	{E}
sp|Q12416|WHI5_YEAST	SINGLE	2	15	25	6	2.440e-06	{Q}
sp|Q12416|WHI5_YEAST	SINGLE	3	58	64	5	4.239e-06	{P}
sp|Q12416|WHI5_YEAST	SINGLE	4	147	185	10	9.738e-06	{R}
sp|Q12416|WHI5_YEAST	MULTIPLE	1	14	25	11	2.572e-10	{QE}
sp|Q12416|WHI5_YEAST	MULTIPLE	2	137	185	19	3.330e-08	{RP}
sp|Q12416|WHI5_YEAST	WHOLE	1	1	295	33	2.535e-06	{P}
sp|Q12421|ATG31_YEAST	MULTIPLE	1	132	158	13	3.788e-06	{DE}
sp|Q12432|EAF3_YEAST	SINGLE	1	148	205	23	3.464e-12	{S}
sp|Q12432|EAF3_YEAST	SINGLE	2	108	130	9	4.399e-06	{K}
sp|Q12432|EAF3_YEAST	MULTIPLE	1	148	205	30	1.925e-13	{SR}
sp|Q12438|GLRX6_YEAST	SINGLE	1	17	21	5	6.591e-06	{L}
sp|Q12440|APC2_YEAST	WHOLE	1	1	853	69	3.589e-07	{N}
sp|Q12443|RTN2_YEAST	SINGLE	1	223	268	17	7.681e-09	{S}
sp|Q12443|RTN2_YEAST	SINGLE	2	2	20	9	3.052e-08	{N}
sp|Q12445|POM34_YEAST	SINGLE	1	125	150	11	7.259e-06	{L}
sp|Q12445|POM34_YEAST	MULTIPLE	1	11	26	9	6.595e-06	{DP}
sp|Q12446|LAS17_YEAST	SINGLE	1	214	358	50	7.972e-30	{P}
sp|Q12446|LAS17_YEAST	SINGLE	2	385	529	45	7.951e-25	{P}
sp|Q12446|LAS17_YEAST	SINGLE	3	185	190	6	1.037e-08	{P}
sp|Q12446|LAS17_YEAST	MULTIPLE	1	385	529	62	3.763e-27	{PQ}
sp|Q12446|LAS17_YEAST	MULTIPLE	2	587	613	20	8.739e-10	{AGP}
sp|Q12446|LAS17_YEAST	WHOLE	1	1	633	112	1.167e-33	{P}
sp|Q12449|AHA1_YEAST	SINGLE	1	172	215	13	7.261e-06	{S}
sp|Q12451|OSH2_YEAST	MULTIPLE	1	552	577	14	2.844e-07	{DE}
sp|Q12451|OSH2_YEAST	WHOLE	1	1	1283	123	5.758e-07	{K}
sp|Q12457|NSI1_YEAST	SINGLE	1	39	52	10	6.302e-10	{K}
sp|Q12457|NSI1_YEAST	SINGLE	2	105	138	12	4.182e-07	{K}
sp|Q12457|NSI1_YEAST	SINGLE	3	196	201	5	8.539e-07	{N}
sp|Q12457|NSI1_YEAST	SINGLE	4	90	97	6	5.523e-06	{A}
sp|Q12457|NSI1_YEAST	MULTIPLE	1	100	138	28	3.423e-13	{KSR}
sp|Q12457|NSI1_YEAST	WHOLE	1	1	570	66	4.969e-07	{K}
sp|Q12460|NOP56_YEAST	SINGLE	1	448	503	32	1.931e-24	{K}
sp|Q12460|NOP56_YEAST	SINGLE	2	443	482	13	7.246e-07	{E}
sp|Q12460|NOP56_YEAST	MULTIPLE	1	443	503	47	2.369e-30	{KE}
sp|Q12460|NOP56_YEAST	WHOLE	1	1	504	71	7.196e-11	{K}
sp|Q12464|RUVB2_YEAST	MULTIPLE	1	125	145	12	4.902e-07	{EI}
sp|Q12465|RAX2_YEAST	SINGLE	1	1131	1152	12	6.039e-09	{S}
sp|Q12465|RAX2_YEAST	SINGLE	2	1048	1071	9	3.465e-07	{N}
sp|Q12465|RAX2_YEAST	SINGLE	3	704	758	13	4.039e-07	{N}
sp|Q12465|RAX2_YEAST	SINGLE	4	1149	1156	6	1.373e-06	{K}
sp|Q12465|RAX2_YEAST	SINGLE	5	447	454	6	3.387e-06	{S}
sp|Q12465|RAX2_YEAST	MULTIPLE	1	1134	1156	17	6.092e-11	{SK}
sp|Q12465|RAX2_YEAST	MULTIPLE	2	704	762	19	1.091e-07	{NF}
sp|Q12465|RAX2_YEAST	MULTIPLE	3	516	549	12	6.653e-06	{NY}
sp|Q12465|RAX2_YEAST	WHOLE	1	1	1220	132	1.216e-21	{N}
sp|Q12465|RAX2_YEAST	WHOLE	2	1	1220	159	3.247e-13	{S}
sp|Q12466|TCB1_YEAST	SINGLE	1	1137	1168	13	4.513e-08	{G}
sp|Q12466|TCB1_YEAST	SINGLE	2	803	830	11	3.645e-07	{K}
sp|Q12466|TCB1_YEAST	WHOLE	1	1	1186	115	7.346e-07	{K}
sp|Q12472|YD21B_YEAST	SINGLE	1	119	144	9	1.464e-06	{P}
sp|Q12472|YD21B_YEAST	MULTIPLE	1	119	136	11	2.657e-08	{PY}
sp|Q12472|YD21B_YEAST	WHOLE	1	1	1770	136	7.445e-11	{N}
sp|Q12472|YD21B_YEAST	WHOLE	2	1	1770	130	2.347e-06	{I}
sp|Q12473|FRE6_YEAST	WHOLE	1	1	712	67	2.612e-07	{I}
sp|Q12473|FRE6_YEAST	WHOLE	2	1	712	55	1.085e-06	{F}
sp|Q12476|AIR2_YEAST	SINGLE	1	63	136	12	2.275e-09	{C}
sp|Q12476|AIR2_YEAST	SINGLE	2	281	330	14	1.466e-08	{N}
sp|Q12476|AIR2_YEAST	MULTIPLE	1	279	337	36	1.381e-15	{NSY}
sp|Q12477|PCL9_YEAST	SINGLE	1	240	269	10	2.754e-07	{N}
sp|Q12477|PCL9_YEAST	SINGLE	2	197	224	11	1.647e-06	{S}
sp|Q12477|PCL9_YEAST	MULTIPLE	1	31	61	12	8.662e-06	{IN}
sp|Q12481|RRP36_YEAST	SINGLE	1	254	292	14	3.629e-08	{K}
sp|Q12481|RRP36_YEAST	SINGLE	2	83	110	10	5.270e-06	{E}
sp|Q12481|RRP36_YEAST	SINGLE	3	241	248	5	7.298e-06	{N}
sp|Q12481|RRP36_YEAST	MULTIPLE	1	83	110	18	1.057e-10	{ED}
sp|Q12481|RRP36_YEAST	WHOLE	1	1	300	46	9.439e-09	{K}
sp|Q12481|RRP36_YEAST	WHOLE	2	1	300	40	8.298e-06	{E}
sp|Q12490|YB11B_YEAST	SINGLE	1	1132	1141	6	1.799e-06	{P}
sp|Q12490|YB11B_YEAST	SINGLE	2	102	124	8	5.413e-06	{P}
sp|Q12490|YB11B_YEAST	SINGLE	3	55	86	9	9.864e-06	{P}
sp|Q12490|YB11B_YEAST	MULTIPLE	1	53	95	21	8.063e-10	{PQH}
sp|Q12490|YB11B_YEAST	WHOLE	1	1	1755	178	1.279e-06	{S}
sp|Q12490|YB11B_YEAST	WHOLE	2	1	1755	117	1.426e-06	{N}
sp|Q12490|YB11B_YEAST	WHOLE	3	1	1755	126	8.641e-06	{I}
sp|Q12491|YB21B_YEAST	SINGLE	1	119	144	9	1.464e-06	{P}
sp|Q12491|YB21B_YEAST	MULTIPLE	1	119	136	11	2.657e-08	{PY}
sp|Q12491|YB21B_YEAST	WHOLE	1	1	1770	134	2.504e-10	{N}
sp|Q12491|YB21B_YEAST	WHOLE	2	1	1770	127	8.280e-06	{I}
sp|Q12494|KCS1_YEAST	SINGLE	1	402	428	10	8.824e-08	{N}
sp|Q12494|KCS1_YEAST	SINGLE	2	500	522	11	1.508e-07	{S}
sp|Q12494|KCS1_YEAST	SINGLE	3	580	612	12	1.455e-06	{S}
sp|Q12494|KCS1_YEAST	SINGLE	4	290	327	12	2.683e-06	{E}
sp|Q12494|KCS1_YEAST	MULTIPLE	1	157	168	8	1.220e-07	{QH}
sp|Q12494|KCS1_YEAST	WHOLE	1	1	1050	84	3.919e-08	{N}
sp|Q12495|CAF1A_YEAST	SINGLE	1	138	224	29	7.724e-14	{E}
sp|Q12495|CAF1A_YEAST	SINGLE	2	389	431	19	4.448e-12	{E}
sp|Q12495|CAF1A_YEAST	SINGLE	3	136	205	20	4.399e-09	{K}
sp|Q12495|CAF1A_YEAST	SINGLE	4	121	135	8	2.783e-06	{S}
sp|Q12495|CAF1A_YEAST	MULTIPLE	1	136	225	68	2.334e-33	{EKR}
sp|Q12495|CAF1A_YEAST	MULTIPLE	2	383	436	30	1.769e-14	{ED}
sp|Q12495|CAF1A_YEAST	MULTIPLE	3	494	515	12	1.058e-06	{SQ}
sp|Q12495|CAF1A_YEAST	WHOLE	1	1	606	83	9.048e-12	{K}
sp|Q12495|CAF1A_YEAST	WHOLE	2	1	606	76	2.380e-08	{E}
sp|Q12499|NOP58_YEAST	SINGLE	1	451	511	36	5.338e-28	{K}
sp|Q12499|NOP58_YEAST	SINGLE	2	430	469	11	6.907e-06	{D}
sp|Q12499|NOP58_YEAST	MULTIPLE	1	447	511	53	2.311e-36	{KE}
sp|Q12499|NOP58_YEAST	WHOLE	1	1	511	77	4.419e-13	{K}
sp|Q12501|YO22B_YEAST	SINGLE	1	119	144	9	1.464e-06	{P}
sp|Q12501|YO22B_YEAST	MULTIPLE	1	119	136	11	2.657e-08	{PY}
sp|Q12501|YO22B_YEAST	WHOLE	1	1	1770	134	2.504e-10	{N}
sp|Q12501|YO22B_YEAST	WHOLE	2	1	1770	127	8.280e-06	{I}
sp|Q12502|LDB19_YEAST	SINGLE	1	67	124	23	3.464e-12	{S}
sp|Q12502|LDB19_YEAST	SINGLE	2	449	460	8	5.124e-09	{Q}
sp|Q12502|LDB19_YEAST	SINGLE	3	574	590	7	3.459e-06	{N}
sp|Q12502|LDB19_YEAST	WHOLE	1	1	818	111	8.282e-11	{S}
sp|Q12505|SKS1_YEAST	SINGLE	1	376	411	25	3.016e-26	{Q}
sp|Q12505|SKS1_YEAST	SINGLE	2	52	59	5	7.298e-06	{N}
sp|Q12505|SKS1_YEAST	SINGLE	3	391	419	10	7.520e-06	{E}
sp|Q12505|SKS1_YEAST	MULTIPLE	1	376	419	36	1.250e-27	{QE}
sp|Q12508|RMD5_YEAST	SINGLE	1	37	83	14	4.934e-07	{K}
sp|Q12508|RMD5_YEAST	MULTIPLE	1	28	83	19	5.587e-08	{KH}
sp|Q12508|RMD5_YEAST	WHOLE	1	1	421	50	4.852e-06	{K}
sp|Q12510|CMR1_YEAST	SINGLE	1	70	76	5	4.800e-06	{R}
sp|Q12510|CMR1_YEAST	MULTIPLE	1	138	152	8	7.358e-06	{FN}
sp|Q12513|TMA17_YEAST	SINGLE	1	60	78	8	3.679e-06	{D}
sp|Q12514|NOT5_YEAST	MULTIPLE	1	137	158	13	4.999e-08	{EQ}
sp|Q12514|NOT5_YEAST	MULTIPLE	2	440	458	12	1.441e-07	{KD}
sp|Q12517|DCP1_YEAST	SINGLE	1	93	127	12	1.245e-08	{N}
sp|Q12517|DCP1_YEAST	MULTIPLE	1	91	127	21	3.547e-11	{NS}
sp|Q12517|DCP1_YEAST	WHOLE	1	1	231	29	2.170e-07	{N}
sp|Q12518|ENT1_YEAST	SINGLE	1	211	349	51	1.966e-33	{Q}
sp|Q12518|ENT1_YEAST	SINGLE	2	138	188	14	7.038e-08	{R}
sp|Q12518|ENT1_YEAST	SINGLE	3	434	440	5	2.926e-06	{Q}
sp|Q12518|ENT1_YEAST	MULTIPLE	1	135	215	39	5.988e-11	{RED}
sp|Q12518|ENT1_YEAST	WHOLE	1	1	454	69	1.787e-19	{Q}
sp|Q12527|ATG11_YEAST	SINGLE	1	1050	1099	20	7.195e-11	{S}
sp|Q12527|ATG11_YEAST	SINGLE	2	598	610	8	1.230e-08	{N}
sp|Q12527|ATG11_YEAST	WHOLE	1	1	1178	90	9.857e-08	{N}
sp|Q12530|RMP1_YEAST	SINGLE	1	183	193	9	6.366e-10	{K}
sp|Q12532|RQC2_YEAST	SINGLE	1	720	752	31	7.322e-35	{E}
sp|Q12532|RQC2_YEAST	SINGLE	2	525	567	15	1.860e-08	{K}
sp|Q12532|RQC2_YEAST	SINGLE	3	455	500	15	3.721e-07	{S}
sp|Q12532|RQC2_YEAST	SINGLE	4	874	930	15	1.108e-06	{K}
sp|Q12532|RQC2_YEAST	SINGLE	5	211	216	5	5.074e-06	{K}
sp|Q12532|RQC2_YEAST	SINGLE	6	1032	1037	5	5.074e-06	{K}
sp|Q12532|RQC2_YEAST	MULTIPLE	1	462	488	16	1.451e-08	{SD}
sp|Q12532|RQC2_YEAST	MULTIPLE	2	874	921	26	4.497e-10	{KRQ}
sp|Q12532|RQC2_YEAST	MULTIPLE	3	644	659	10	1.152e-07	{SW}
sp|Q12532|RQC2_YEAST	WHOLE	1	1	1038	127	1.985e-13	{K}
sp|Q12532|RQC2_YEAST	WHOLE	2	1	1038	113	3.899e-08	{E}
sp|Q12674|ATC8_YEAST	SINGLE	1	1552	1594	13	5.512e-06	{S}
sp|Q12674|ATC8_YEAST	MULTIPLE	1	501	537	13	7.199e-07	{MI}
sp|Q12674|ATC8_YEAST	WHOLE	1	1	1656	121	5.933e-06	{I}
sp|Q12675|ATC4_YEAST	SINGLE	1	79	94	8	7.437e-07	{D}
sp|Q12675|ATC4_YEAST	SINGLE	2	1401	1405	5	1.948e-06	{S}
sp|Q12675|ATC4_YEAST	SINGLE	3	2	43	13	4.146e-06	{S}
sp|Q12675|ATC4_YEAST	SINGLE	4	537	549	6	8.081e-06	{N}
sp|Q12675|ATC4_YEAST	MULTIPLE	1	1234	1272	15	7.046e-08	{YF}
sp|Q12680|GLT1_YEAST	SINGLE	1	1540	1575	11	6.123e-06	{K}
sp|Q12680|GLT1_YEAST	MULTIPLE	1	1551	1568	13	3.255e-08	{KA}
sp|Q12680|GLT1_YEAST	MULTIPLE	2	655	701	14	2.528e-06	{IH}
sp|Q12680|GLT1_YEAST	MULTIPLE	3	129	148	12	9.215e-08	{KN}
sp|Q12692|H2AZ_YEAST	MULTIPLE	1	2	26	14	8.190e-07	{SG}
sp|Q12697|YPK9_YEAST	SINGLE	1	161	193	14	2.027e-08	{S}
sp|Q12697|YPK9_YEAST	SINGLE	2	211	267	17	2.691e-07	{S}
sp|Q12697|YPK9_YEAST	SINGLE	3	1451	1460	7	3.412e-07	{K}
sp|Q12697|YPK9_YEAST	SINGLE	4	513	517	4	9.720e-06	{Y}
sp|Q12697|YPK9_YEAST	MULTIPLE	1	161	194	21	8.104e-12	{SR}
sp|Q12697|YPK9_YEAST	MULTIPLE	2	215	267	24	2.106e-08	{SE}
sp|Q12697|YPK9_YEAST	MULTIPLE	3	62	84	13	1.883e-08	{SH}
sp|Q12697|YPK9_YEAST	MULTIPLE	4	394	418	10	1.584e-06	{NH}
sp|Q12697|YPK9_YEAST	MULTIPLE	5	269	302	11	2.309e-06	{HY}
sp|Q12697|YPK9_YEAST	WHOLE	1	1	1472	162	3.327e-08	{S}
sp|Q12697|YPK9_YEAST	WHOLE	2	1	1472	109	8.987e-06	{I}
sp|Q12734|CSR2_YEAST	SINGLE	1	283	346	17	1.063e-09	{N}
sp|Q12734|CSR2_YEAST	SINGLE	2	1068	1098	11	3.344e-08	{N}
sp|Q12734|CSR2_YEAST	SINGLE	3	42	84	15	1.379e-07	{S}
sp|Q12734|CSR2_YEAST	SINGLE	4	519	544	11	6.882e-07	{S}
sp|Q12734|CSR2_YEAST	SINGLE	5	457	472	7	2.126e-06	{N}
sp|Q12734|CSR2_YEAST	SINGLE	6	1103	1114	6	7.194e-06	{P}
sp|Q12734|CSR2_YEAST	SINGLE	7	842	854	6	8.081e-06	{N}
sp|Q12734|CSR2_YEAST	MULTIPLE	1	1068	1099	16	9.247e-09	{ND}
sp|Q12734|CSR2_YEAST	MULTIPLE	2	42	79	18	6.935e-08	{SR}
sp|Q12734|CSR2_YEAST	WHOLE	1	1	1121	111	8.245e-16	{N}
sp|Q12734|CSR2_YEAST	WHOLE	2	1	1121	149	3.824e-13	{S}
sp|Q12745|SEC39_YEAST	SINGLE	1	57	81	10	1.606e-06	{E}
sp|Q12745|SEC39_YEAST	WHOLE	1	1	709	77	4.220e-06	{E}
sp|Q12748|CENPI_YEAST	WHOLE	1	1	733	65	2.641e-06	{I}
sp|Q12749|SMC6_YEAST	SINGLE	1	25	34	6	1.159e-06	{Q}
sp|Q12754|RRP12_YEAST	SINGLE	1	1211	1227	8	2.913e-06	{K}
sp|Q12754|RRP12_YEAST	SINGLE	2	1185	1198	7	3.777e-06	{D}
sp|Q3E772|LSO2_YEAST	SINGLE	1	32	79	14	1.179e-06	{E}
sp|Q3E772|LSO2_YEAST	MULTIPLE	1	32	79	22	1.497e-08	{EK}
sp|Q3E772|LSO2_YEAST	WHOLE	1	1	92	18	9.044e-06	{K}
sp|Q3E792|RS25A_YEAST	SINGLE	1	21	33	8	1.991e-07	{K}
sp|Q3E792|RS25A_YEAST	SINGLE	2	10	18	7	5.567e-07	{A}
sp|Q7LHG5|YI31B_YEAST	SINGLE	1	805	810	5	5.074e-06	{K}
sp|Q7LHG5|YI31B_YEAST	MULTIPLE	1	225	258	16	8.752e-09	{NR}
sp|Q92317|NCB2_YEAST	SINGLE	1	36	47	6	9.795e-06	{I}
sp|Q92325|LAG2_YEAST	SINGLE	1	344	405	18	3.848e-09	{D}
sp|Q92325|LAG2_YEAST	WHOLE	1	1	660	101	1.580e-07	{L}
sp|Q92393|YO12B_YEAST	SINGLE	1	107	146	12	1.575e-07	{P}
sp|Q92393|YO12B_YEAST	SINGLE	2	1132	1153	9	2.822e-07	{P}
sp|Q92393|YO12B_YEAST	SINGLE	3	58	86	10	3.983e-07	{P}
sp|Q92393|YO12B_YEAST	MULTIPLE	1	107	160	24	1.971e-09	{PS}
sp|Q92393|YO12B_YEAST	MULTIPLE	2	72	88	11	2.206e-08	{PQ}
sp|Q92393|YO12B_YEAST	MULTIPLE	3	391	420	15	2.066e-07	{SN}
sp|Q92393|YO12B_YEAST	WHOLE	1	1	1755	128	4.977e-09	{N}
sp|Q92393|YO12B_YEAST	WHOLE	2	1	1755	178	1.279e-06	{S}
sp|Q92393|YO12B_YEAST	WHOLE	3	1	1755	130	1.621e-06	{I}
sp|Q96VH5|MIC10_YEAST	MULTIPLE	1	48	86	16	6.752e-07	{GF}
sp|Q99190|TECR_YEAST	SINGLE	1	248	279	9	2.394e-06	{F}
sp|Q99190|TECR_YEAST	SINGLE	2	143	192	11	2.575e-06	{F}
sp|Q99190|TECR_YEAST	MULTIPLE	1	248	279	12	4.574e-08	{FW}
sp|Q99190|TECR_YEAST	WHOLE	1	1	310	34	5.943e-08	{F}
sp|Q99207|NOP14_YEAST	SINGLE	1	292	343	18	1.863e-09	{E}
sp|Q99207|NOP14_YEAST	SINGLE	2	330	364	13	2.035e-08	{D}
sp|Q99207|NOP14_YEAST	SINGLE	3	25	46	9	2.854e-06	{K}
sp|Q99207|NOP14_YEAST	SINGLE	4	153	159	5	9.952e-06	{D}
sp|Q99207|NOP14_YEAST	MULTIPLE	1	292	365	34	4.693e-13	{ED}
sp|Q99207|NOP14_YEAST	MULTIPLE	2	25	61	17	5.981e-07	{KE}
sp|Q99207|NOP14_YEAST	WHOLE	1	1	810	98	1.575e-10	{K}
sp|Q99207|NOP14_YEAST	WHOLE	2	1	810	87	1.804e-06	{E}
sp|Q99210|NTPPA_YEAST	SINGLE	1	78	113	10	5.791e-06	{I}
sp|Q99216|PNO1_YEAST	SINGLE	1	35	48	9	7.637e-09	{D}
sp|Q99219|YI31A_YEAST	MULTIPLE	1	225	258	16	8.752e-09	{NR}
sp|Q99220|OS9_YEAST	SINGLE	1	465	497	9	6.876e-06	{N}
sp|Q99220|OS9_YEAST	MULTIPLE	1	368	392	11	1.553e-06	{FN}
sp|Q99220|OS9_YEAST	WHOLE	1	1	542	46	7.331e-06	{N}
sp|Q99222|AFI1_YEAST	SINGLE	1	566	580	7	6.535e-07	{F}
sp|Q99222|AFI1_YEAST	SINGLE	2	840	869	11	3.608e-06	{S}
sp|Q99222|AFI1_YEAST	WHOLE	1	1	893	68	3.054e-06	{N}
sp|Q99231|YD12B_YEAST	SINGLE	1	107	146	12	1.575e-07	{P}
sp|Q99231|YD12B_YEAST	SINGLE	2	1132	1153	9	2.822e-07	{P}
sp|Q99231|YD12B_YEAST	SINGLE	3	58	86	10	3.983e-07	{P}
sp|Q99231|YD12B_YEAST	MULTIPLE	1	107	160	24	1.971e-09	{PS}
sp|Q99231|YD12B_YEAST	MULTIPLE	2	72	88	11	2.206e-08	{PQ}
sp|Q99231|YD12B_YEAST	WHOLE	1	1	1755	126	1.516e-08	{N}
sp|Q99231|YD12B_YEAST	WHOLE	2	1	1755	129	2.506e-06	{I}
sp|Q99231|YD12B_YEAST	WHOLE	3	1	1755	174	5.522e-06	{S}
sp|Q99257|MEX67_YEAST	SINGLE	1	485	538	14	1.124e-07	{P}
sp|Q99257|MEX67_YEAST	SINGLE	2	304	363	17	5.963e-07	{S}
sp|Q99257|MEX67_YEAST	SINGLE	3	15	20	5	8.737e-07	{Q}
sp|Q99257|MEX67_YEAST	SINGLE	4	414	438	8	6.089e-06	{N}
sp|Q99257|MEX67_YEAST	MULTIPLE	1	484	541	24	4.145e-11	{PQ}
sp|Q99257|MEX67_YEAST	MULTIPLE	2	12	20	8	2.714e-09	{QM}
sp|Q99257|MEX67_YEAST	WHOLE	1	1	599	53	5.242e-07	{N}
sp|Q99271|NAH1_YEAST	SINGLE	1	661	696	15	2.121e-09	{E}
sp|Q99271|NAH1_YEAST	SINGLE	2	445	457	8	2.040e-07	{T}
sp|Q99271|NAH1_YEAST	SINGLE	3	539	567	10	5.011e-07	{R}
sp|Q99271|NAH1_YEAST	SINGLE	4	885	913	10	1.907e-06	{D}
sp|Q99271|NAH1_YEAST	SINGLE	5	493	515	9	7.742e-06	{G}
sp|Q99271|NAH1_YEAST	MULTIPLE	1	493	515	16	7.142e-10	{GE}
sp|Q99271|NAH1_YEAST	MULTIPLE	2	637	657	11	7.298e-06	{SR}
sp|Q99271|NAH1_YEAST	MULTIPLE	3	739	756	12	2.646e-07	{ST}
sp|Q99299|AIM44_YEAST	SINGLE	1	652	696	27	4.547e-21	{E}
sp|Q99299|AIM44_YEAST	SINGLE	2	244	266	14	4.275e-11	{S}
sp|Q99299|AIM44_YEAST	SINGLE	3	657	685	13	1.319e-09	{D}
sp|Q99299|AIM44_YEAST	SINGLE	4	513	538	10	6.090e-06	{S}
sp|Q99299|AIM44_YEAST	SINGLE	5	327	345	7	8.205e-06	{N}
sp|Q99299|AIM44_YEAST	MULTIPLE	1	651	690	39	5.233e-35	{ED}
sp|Q99299|AIM44_YEAST	MULTIPLE	2	240	266	19	2.551e-12	{SR}
sp|Q99299|AIM44_YEAST	MULTIPLE	3	318	368	30	5.263e-11	{NKS}
sp|Q99299|AIM44_YEAST	MULTIPLE	4	556	578	13	1.003e-07	{NE}
sp|Q99299|AIM44_YEAST	MULTIPLE	5	62	99	25	6.983e-11	{SNT}
sp|Q99299|AIM44_YEAST	MULTIPLE	6	289	304	10	1.006e-06	{KR}
sp|Q99299|AIM44_YEAST	WHOLE	1	1	758	116	1.365e-14	{S}
sp|Q99299|AIM44_YEAST	WHOLE	2	1	758	64	2.160e-07	{N}
sp|Q99315|YG31B_YEAST	SINGLE	1	779	784	5	5.074e-06	{K}
sp|Q99315|YG31B_YEAST	MULTIPLE	1	236	258	13	1.293e-08	{NR}
sp|Q99337|YN12B_YEAST	SINGLE	1	107	146	12	1.575e-07	{P}
sp|Q99337|YN12B_YEAST	SINGLE	2	1126	1135	6	1.799e-06	{P}
sp|Q99337|YN12B_YEAST	MULTIPLE	1	107	160	24	1.971e-09	{PS}
sp|Q99337|YN12B_YEAST	MULTIPLE	2	64	98	14	7.324e-07	{QP}
sp|Q99337|YN12B_YEAST	MULTIPLE	3	391	420	15	2.066e-07	{SN}
sp|Q99337|YN12B_YEAST	WHOLE	1	1	1749	120	2.910e-07	{N}
sp|Q99337|YN12B_YEAST	WHOLE	2	1	1749	181	3.289e-07	{S}
sp|Q99383|HRP1_YEAST	SINGLE	1	355	420	17	4.846e-14	{M}
sp|Q99383|HRP1_YEAST	SINGLE	2	378	405	12	6.508e-10	{Q}
sp|Q99383|HRP1_YEAST	SINGLE	3	121	144	11	1.408e-09	{Q}
sp|Q99383|HRP1_YEAST	SINGLE	4	489	525	13	7.664e-09	{R}
sp|Q99383|HRP1_YEAST	SINGLE	5	53	69	9	8.771e-09	{N}
sp|Q99383|HRP1_YEAST	SINGLE	6	329	358	11	2.255e-08	{N}
sp|Q99383|HRP1_YEAST	SINGLE	7	49	75	11	1.078e-06	{S}
sp|Q99383|HRP1_YEAST	MULTIPLE	1	329	434	75	1.106e-27	{MQNGY}
sp|Q99383|HRP1_YEAST	MULTIPLE	2	478	528	42	2.142e-20	{RGDN}
sp|Q99383|HRP1_YEAST	MULTIPLE	3	49	75	20	6.389e-14	{NS}
sp|Q99383|HRP1_YEAST	MULTIPLE	4	436	482	16	1.455e-06	{NP}
sp|Q99383|HRP1_YEAST	WHOLE	1	1	534	54	6.374e-09	{N}
sp|Q99383|HRP1_YEAST	WHOLE	2	1	534	48	1.243e-06	{Q}
sp|Q99385|VCX1_YEAST	SINGLE	1	127	140	8	8.637e-06	{L}
sp|Q99394|TRS33_YEAST	SINGLE	1	23	31	6	4.848e-07	{Q}
sp|Q9URQ3|ADAT3_YEAST	MULTIPLE	1	132	154	9	2.630e-06	{NW}
sp|Q9ZZW7|MBI3_YEAST	SINGLE	1	208	234	7	1.337e-06	{M}
sp|Q9ZZW7|MBI3_YEAST	SINGLE	2	91	97	4	7.399e-06	{M}
sp|Q9ZZW7|MBI3_YEAST	MULTIPLE	1	189	252	42	9.040e-20	{MNIY}
sp|Q9ZZW7|MBI3_YEAST	MULTIPLE	2	88	97	8	7.509e-09	{MF}
sp|Q9ZZW7|MBI3_YEAST	MULTIPLE	3	305	346	24	5.669e-10	{KIN}
sp|Q9ZZW7|MBI3_YEAST	WHOLE	1	1	517	59	1.905e-09	{I}
sp|Q9ZZW7|MBI3_YEAST	WHOLE	2	1	517	33	4.868e-08	{M}
sp|Q9ZZW7|MBI3_YEAST	WHOLE	3	1	517	50	8.231e-08	{N}
sp|Q9ZZW7|MBI3_YEAST	WHOLE	4	1	517	44	4.171e-07	{Y}
sp|Q9ZZX1|SCE4_YEAST	SINGLE	1	326	390	20	1.910e-12	{N}
sp|Q9ZZX1|SCE4_YEAST	SINGLE	2	347	367	7	1.998e-07	{M}
sp|Q9ZZX1|SCE4_YEAST	SINGLE	3	330	339	6	9.064e-06	{K}
sp|Q9ZZX1|SCE4_YEAST	SINGLE	4	195	212	9	9.630e-06	{L}
sp|Q9ZZX1|SCE4_YEAST	MULTIPLE	1	325	391	38	1.248e-17	{NMK}
sp|Q9ZZX1|SCE4_YEAST	WHOLE	1	1	630	42	2.564e-10	{M}
sp|Q9ZZX1|SCE4_YEAST	WHOLE	2	1	630	58	2.785e-06	{I}
sp|D6W196|CMC1_YEAST	SINGLE	1	457	493	7	1.703e-06	{C}
sp|D6W196|CMC1_YEAST	MULTIPLE	1	224	238	9	4.119e-06	{FG}
sp|O13559|YRF14_YEAST	SINGLE	1	844	980	55	1.665e-30	{T}
sp|O13559|YRF14_YEAST	MULTIPLE	1	843	980	85	1.889e-39	{TS}
sp|O13559|YRF14_YEAST	MULTIPLE	2	692	713	9	8.855e-06	{MI}
sp|O13577|DIF1_YEAST	SINGLE	1	16	32	15	4.390e-19	{Q}
sp|O13577|DIF1_YEAST	WHOLE	1	1	133	22	5.547e-08	{Q}
sp|P00856|ATP8_YEAST	MULTIPLE	1	4	38	16	2.141e-06	{LF}
sp|P02381|RMAR_YEAST	SINGLE	1	14	193	63	1.381e-39	{N}
sp|P02381|RMAR_YEAST	SINGLE	2	233	308	39	7.301e-33	{N}
sp|P02381|RMAR_YEAST	SINGLE	3	337	396	21	3.021e-14	{N}
sp|P02381|RMAR_YEAST	SINGLE	4	173	187	6	4.406e-07	{M}
sp|P02381|RMAR_YEAST	SINGLE	5	32	62	7	3.625e-06	{M}
sp|P02381|RMAR_YEAST	SINGLE	6	104	137	7	6.942e-06	{M}
sp|P02381|RMAR_YEAST	MULTIPLE	1	7	193	88	3.247e-53	{NM}
sp|P02381|RMAR_YEAST	MULTIPLE	2	233	314	53	1.146e-34	{NI}
sp|P02381|RMAR_YEAST	MULTIPLE	3	28	57	14	1.286e-06	{ML}
sp|P02381|RMAR_YEAST	WHOLE	1	1	398	127	1.822e-72	{N}
sp|P02381|RMAR_YEAST	WHOLE	2	1	398	33	8.699e-11	{M}
sp|P02381|RMAR_YEAST	WHOLE	3	1	398	42	2.272e-06	{I}
sp|P03872|REP2_YEAST	SINGLE	1	71	83	8	6.465e-07	{S}
sp|P03872|REP2_YEAST	SINGLE	2	279	295	7	6.888e-06	{R}
sp|P04801|SYTC_YEAST	SINGLE	1	13	36	9	6.603e-06	{K}
sp|P04801|SYTC_YEAST	MULTIPLE	1	151	170	7	5.179e-06	{CH}
sp|P05085|ARGR2_YEAST	SINGLE	1	163	182	11	2.344e-08	{S}
sp|P05085|ARGR2_YEAST	SINGLE	2	21	48	6	4.432e-06	{C}
sp|P05085|ARGR2_YEAST	MULTIPLE	1	129	162	14	4.981e-06	{KR}
sp|P05316|FUR4_YEAST	SINGLE	1	111	151	8	1.414e-07	{W}
sp|P05316|FUR4_YEAST	WHOLE	1	1	633	49	3.603e-06	{F}
sp|P05747|RL29_YEAST	MULTIPLE	1	3	52	17	2.628e-07	{HK}
sp|P05749|RL22A_YEAST	SINGLE	1	113	121	7	1.543e-07	{E}
sp|P06182|CCHL_YEAST	SINGLE	1	32	40	7	3.139e-07	{S}
sp|P06182|CCHL_YEAST	SINGLE	2	263	267	5	1.948e-06	{S}
sp|P06773|DCTD_YEAST	SINGLE	1	255	263	4	7.618e-06	{C}
sp|P06775|HIP1_YEAST	SINGLE	1	253	263	7	1.412e-06	{G}
sp|P06776|PDE2_YEAST	SINGLE	1	247	251	5	6.591e-06	{L}
sp|P06776|PDE2_YEAST	SINGLE	2	122	128	4	7.399e-06	{H}
sp|P06783|STE3_YEAST	SINGLE	1	436	464	11	2.462e-06	{S}
sp|P07262|DHE4_YEAST	SINGLE	1	107	112	5	7.177e-06	{G}
sp|P07806|SYV_YEAST	SINGLE	1	75	117	17	2.243e-10	{K}
sp|P07806|SYV_YEAST	SINGLE	2	1042	1054	7	4.029e-06	{K}
sp|P07806|SYV_YEAST	MULTIPLE	1	78	117	24	1.865e-11	{KA}
sp|P07806|SYV_YEAST	WHOLE	1	1	1104	113	7.202e-08	{K}
sp|P08465|MET2_YEAST	SINGLE	1	303	325	12	1.171e-08	{S}
sp|P09435|HSP73_YEAST	SINGLE	1	610	642	14	7.052e-09	{G}
sp|P09436|SYIC_YEAST	SINGLE	1	905	915	7	8.803e-07	{K}
sp|P09436|SYIC_YEAST	SINGLE	2	263	281	8	7.972e-06	{K}
sp|P09457|ATPO_YEAST	SINGLE	1	11	53	14	2.434e-06	{A}
sp|P0C2H6|RL27A_YEAST	SINGLE	1	52	73	9	2.854e-06	{K}
sp|P0C2H6|RL27A_YEAST	WHOLE	1	1	136	23	7.305e-06	{K}
sp|P0CD90|AQY2_YEAST	SINGLE	1	97	122	8	4.163e-06	{F}
sp|P0CD90|AQY2_YEAST	MULTIPLE	1	97	138	20	2.737e-08	{FWS}
sp|P0CD90|AQY2_YEAST	MULTIPLE	2	132	148	7	3.822e-07	{WC}
sp|P0CD99|MPH2_YEAST	MULTIPLE	1	443	459	11	1.807e-06	{GS}
sp|P0CE00|MPH3_YEAST	MULTIPLE	1	443	459	11	1.807e-06	{GS}
sp|P0CE68|NFT1_YEAST	SINGLE	1	695	706	8	1.727e-06	{L}
sp|P0CE68|NFT1_YEAST	SINGLE	2	215	221	6	3.854e-06	{L}
sp|P0CE68|NFT1_YEAST	WHOLE	1	1	1218	111	4.113e-10	{I}
sp|P0CE68|NFT1_YEAST	WHOLE	2	1	1218	80	3.213e-06	{F}
sp|P0CH63|DDI2_YEAST	MULTIPLE	1	7	32	14	1.085e-07	{PV}
sp|P0CH64|DDI3_YEAST	MULTIPLE	1	7	32	14	1.085e-07	{PV}
sp|P0CX08|DSF1_YEAST	SINGLE	1	40	63	6	9.716e-06	{H}
sp|P0CX20|YRF11_YEAST	SINGLE	1	1258	1394	55	1.665e-30	{T}
sp|P0CX20|YRF11_YEAST	MULTIPLE	1	1257	1394	85	1.889e-39	{TS}
sp|P0CX20|YRF11_YEAST	MULTIPLE	2	1106	1127	9	8.855e-06	{MI}
sp|P0CX21|YRF15_YEAST	SINGLE	1	1258	1394	55	1.665e-30	{T}
sp|P0CX21|YRF15_YEAST	MULTIPLE	1	1257	1394	85	1.889e-39	{TS}
sp|P0CX21|YRF15_YEAST	MULTIPLE	2	1106	1127	9	8.855e-06	{MI}
sp|P0CX33|RS30A_YEAST	SINGLE	1	13	36	9	6.603e-06	{K}
sp|P0CX33|RS30A_YEAST	MULTIPLE	1	10	55	17	2.904e-06	{KR}
sp|P0CX34|RS30B_YEAST	SINGLE	1	13	36	9	6.603e-06	{K}
sp|P0CX34|RS30B_YEAST	MULTIPLE	1	10	55	17	2.904e-06	{KR}
sp|P0CX86|RS32A_YEAST	SINGLE	1	2	23	10	2.282e-08	{R}
sp|P0CX86|RS32A_YEAST	MULTIPLE	1	2	25	17	7.404e-12	{RK}
sp|P0CX86|RS32A_YEAST	WHOLE	1	1	25	10	9.953e-08	{R}
sp|P0CX87|RS32B_YEAST	SINGLE	1	2	23	10	2.282e-08	{R}
sp|P0CX87|RS32B_YEAST	MULTIPLE	1	2	25	17	7.404e-12	{RK}
sp|P0CX87|RS32B_YEAST	WHOLE	1	1	25	10	9.953e-08	{R}
sp|P10849|MITF2_YEAST	WHOLE	1	1	440	40	5.743e-06	{N}
sp|P12685|TRK1_YEAST	SINGLE	1	510	523	11	4.813e-12	{D}
sp|P12685|TRK1_YEAST	SINGLE	2	1044	1050	7	2.763e-10	{N}
sp|P12685|TRK1_YEAST	SINGLE	3	1052	1058	7	3.443e-09	{K}
sp|P12685|TRK1_YEAST	SINGLE	4	556	566	7	7.889e-08	{Q}
sp|P12685|TRK1_YEAST	SINGLE	5	1014	1027	8	1.946e-07	{D}
sp|P12685|TRK1_YEAST	SINGLE	6	850	877	10	4.480e-07	{I}
sp|P12685|TRK1_YEAST	SINGLE	7	221	227	5	2.860e-06	{N}
sp|P12685|TRK1_YEAST	SINGLE	8	377	393	8	9.053e-06	{S}
sp|P12685|TRK1_YEAST	SINGLE	9	129	175	11	9.064e-06	{R}
sp|P12685|TRK1_YEAST	MULTIPLE	1	1011	1031	15	4.167e-10	{DE}
sp|P12685|TRK1_YEAST	MULTIPLE	2	205	232	15	6.369e-08	{NS}
sp|P12685|TRK1_YEAST	MULTIPLE	3	135	176	18	1.184e-07	{RT}
sp|P12685|TRK1_YEAST	MULTIPLE	4	345	376	14	1.253e-06	{KN}
sp|P12887|UNG_YEAST	SINGLE	1	179	185	5	4.239e-06	{P}
sp|P13090|ATR1_YEAST	SINGLE	1	297	316	9	1.657e-07	{I}
sp|P13090|ATR1_YEAST	SINGLE	2	342	358	7	1.824e-06	{F}
sp|P13090|ATR1_YEAST	WHOLE	1	1	542	58	2.438e-08	{I}
sp|P13181|GAL2_YEAST	SINGLE	1	483	518	11	7.238e-08	{F}
sp|P13181|GAL2_YEAST	SINGLE	2	154	201	13	3.342e-07	{I}
sp|P13181|GAL2_YEAST	MULTIPLE	1	483	518	15	1.983e-08	{FY}
sp|P13181|GAL2_YEAST	MULTIPLE	2	160	190	16	4.841e-08	{IG}
sp|P13181|GAL2_YEAST	MULTIPLE	3	122	154	14	6.039e-06	{GI}
sp|P13188|SYQ_YEAST	SINGLE	1	188	204	9	1.919e-07	{K}
sp|P13188|SYQ_YEAST	MULTIPLE	1	188	215	16	5.787e-08	{KS}
sp|P13433|RPOM_YEAST	SINGLE	1	21	62	14	6.673e-07	{S}
sp|P13433|RPOM_YEAST	SINGLE	2	368	393	8	8.418e-06	{N}
sp|P13433|RPOM_YEAST	MULTIPLE	1	275	290	10	8.783e-07	{NE}
sp|P13483|DATI_YEAST	SINGLE	1	111	127	15	4.390e-19	{Q}
sp|P13483|DATI_YEAST	SINGLE	2	149	188	15	4.399e-11	{N}
sp|P13483|DATI_YEAST	MULTIPLE	1	149	188	19	8.687e-13	{NH}
sp|P13483|DATI_YEAST	MULTIPLE	2	8	36	16	1.174e-08	{RG}
sp|P13483|DATI_YEAST	MULTIPLE	3	77	93	13	1.870e-08	{APH}
sp|P13902|INO4_YEAST	SINGLE	1	118	122	5	1.948e-06	{S}
sp|P13902|INO4_YEAST	MULTIPLE	1	19	40	11	5.441e-06	{KR}
sp|P14066|CBS1_YEAST	SINGLE	1	118	134	7	3.459e-06	{N}
sp|P14359|SNA3_YEAST	SINGLE	1	48	57	8	1.904e-07	{L}
sp|P14359|SNA3_YEAST	MULTIPLE	1	2	21	9	6.902e-06	{HD}
sp|P15365|DAL5_YEAST	SINGLE	1	253	269	7	8.304e-06	{I}
sp|P15380|PUT4_YEAST	SINGLE	1	534	549	7	5.137e-06	{I}
sp|P17121|SAC7_YEAST	SINGLE	1	88	95	7	2.115e-09	{N}
sp|P17121|SAC7_YEAST	SINGLE	2	294	309	8	2.408e-07	{R}
sp|P17121|SAC7_YEAST	MULTIPLE	1	256	290	14	2.179e-06	{DN}
sp|P17121|SAC7_YEAST	WHOLE	1	1	654	58	1.603e-07	{N}
sp|P17121|SAC7_YEAST	WHOLE	2	1	654	81	8.471e-07	{S}
sp|P18963|IRA1_YEAST	SINGLE	1	321	432	36	7.333e-15	{S}
sp|P18963|IRA1_YEAST	SINGLE	2	475	490	12	6.270e-14	{N}
sp|P18963|IRA1_YEAST	SINGLE	3	447	476	12	8.819e-08	{T}
sp|P18963|IRA1_YEAST	SINGLE	4	956	997	15	9.677e-08	{S}
sp|P18963|IRA1_YEAST	SINGLE	5	372	378	5	9.894e-08	{H}
sp|P18963|IRA1_YEAST	SINGLE	6	1433	1437	5	2.912e-07	{I}
sp|P18963|IRA1_YEAST	SINGLE	7	874	894	10	5.878e-07	{S}
sp|P18963|IRA1_YEAST	SINGLE	8	55	98	12	8.622e-07	{I}
sp|P18963|IRA1_YEAST	SINGLE	9	2898	2918	10	5.299e-06	{L}
sp|P18963|IRA1_YEAST	MULTIPLE	1	317	437	58	1.374e-19	{SHN}
sp|P18963|IRA1_YEAST	MULTIPLE	2	447	490	25	5.925e-14	{NT}
sp|P18963|IRA1_YEAST	MULTIPLE	3	956	994	24	1.919e-10	{SPQ}
sp|P18963|IRA1_YEAST	MULTIPLE	4	502	565	27	4.170e-10	{NS}
sp|P18963|IRA1_YEAST	MULTIPLE	5	666	700	17	1.193e-07	{SI}
sp|P18963|IRA1_YEAST	WHOLE	1	1	3092	349	9.060e-17	{S}
sp|P18963|IRA1_YEAST	WHOLE	2	1	3092	216	3.787e-12	{N}
sp|P18963|IRA1_YEAST	WHOLE	3	1	3092	236	2.542e-11	{I}
sp|P18963|IRA1_YEAST	WHOLE	4	1	3092	375	1.054e-08	{L}
sp|P18963|IRA1_YEAST	WHOLE	5	1	3092	173	1.017e-06	{F}
sp|P19158|IRA2_YEAST	SINGLE	1	399	468	30	1.516e-16	{S}
sp|P19158|IRA2_YEAST	SINGLE	2	520	528	9	1.119e-10	{A}
sp|P19158|IRA2_YEAST	SINGLE	3	870	889	10	3.319e-07	{S}
sp|P19158|IRA2_YEAST	SINGLE	4	452	511	16	4.268e-07	{T}
sp|P19158|IRA2_YEAST	SINGLE	5	273	281	5	5.680e-07	{H}
sp|P19158|IRA2_YEAST	SINGLE	6	1969	1977	6	2.090e-06	{D}
sp|P19158|IRA2_YEAST	SINGLE	7	909	939	11	5.189e-06	{S}
sp|P19158|IRA2_YEAST	MULTIPLE	1	397	515	66	2.066e-20	{STQ}
sp|P19158|IRA2_YEAST	MULTIPLE	2	273	290	12	4.827e-09	{HS}
sp|P19158|IRA2_YEAST	MULTIPLE	3	913	934	14	8.709e-09	{SN}
sp|P19158|IRA2_YEAST	MULTIPLE	4	2296	2307	10	2.127e-08	{NS}
sp|P19158|IRA2_YEAST	WHOLE	1	1	3079	258	1.779e-16	{I}
sp|P19158|IRA2_YEAST	WHOLE	2	1	3079	332	1.473e-13	{S}
sp|P19158|IRA2_YEAST	WHOLE	3	1	3079	189	4.608e-07	{N}
sp|P19158|IRA2_YEAST	WHOLE	4	1	3079	171	1.646e-06	{F}
sp|P19736|PRP9_YEAST	SINGLE	1	503	512	7	4.808e-07	{E}
sp|P19736|PRP9_YEAST	SINGLE	2	58	70	7	4.029e-06	{K}
sp|P19736|PRP9_YEAST	WHOLE	1	1	530	61	6.499e-06	{E}
sp|P20053|PRP4_YEAST	MULTIPLE	1	83	108	19	2.195e-10	{NED}
sp|P20437|CG11_YEAST	SINGLE	1	405	417	9	2.791e-08	{S}
sp|P20437|CG11_YEAST	WHOLE	1	1	546	50	3.986e-07	{N}
sp|P20438|CG12_YEAST	SINGLE	1	369	432	21	1.711e-09	{S}
sp|P20438|CG12_YEAST	SINGLE	2	452	494	13	1.727e-08	{N}
sp|P20438|CG12_YEAST	SINGLE	3	251	256	6	7.542e-08	{E}
sp|P20438|CG12_YEAST	SINGLE	4	525	536	7	5.518e-06	{S}
sp|P20438|CG12_YEAST	WHOLE	1	1	545	51	1.644e-07	{N}
sp|P21595|CP56_YEAST	SINGLE	1	3	15	8	4.077e-06	{L}
sp|P21595|CP56_YEAST	MULTIPLE	1	189	222	12	3.582e-07	{FH}
sp|P21657|DAL81_YEAST	SINGLE	1	73	94	21	4.892e-28	{Q}
sp|P21657|DAL81_YEAST	SINGLE	2	227	237	11	1.003e-15	{Q}
sp|P21657|DAL81_YEAST	SINGLE	3	24	50	14	8.635e-13	{N}
sp|P21657|DAL81_YEAST	SINGLE	4	127	138	9	9.893e-11	{N}
sp|P21657|DAL81_YEAST	SINGLE	5	837	845	6	4.718e-07	{N}
sp|P21657|DAL81_YEAST	SINGLE	6	855	903	15	9.151e-07	{S}
sp|P21657|DAL81_YEAST	SINGLE	7	509	516	6	3.387e-06	{S}
sp|P21657|DAL81_YEAST	SINGLE	8	812	817	5	5.156e-06	{T}
sp|P21657|DAL81_YEAST	SINGLE	9	150	179	6	6.765e-06	{C}
sp|P21657|DAL81_YEAST	MULTIPLE	1	853	905	24	6.684e-10	{SN}
sp|P21657|DAL81_YEAST	WHOLE	1	1	970	106	4.834e-18	{N}
sp|P21657|DAL81_YEAST	WHOLE	2	1	970	76	3.996e-07	{Q}
sp|P22035|BAS1_YEAST	SINGLE	1	656	706	15	1.595e-06	{S}
sp|P22035|BAS1_YEAST	SINGLE	2	666	674	6	3.865e-06	{K}
sp|P22035|BAS1_YEAST	SINGLE	3	566	598	9	6.876e-06	{N}
sp|P22035|BAS1_YEAST	SINGLE	4	448	454	4	7.399e-06	{H}
sp|P22035|BAS1_YEAST	MULTIPLE	1	665	685	14	2.531e-08	{SK}
sp|P22035|BAS1_YEAST	WHOLE	1	1	811	107	8.335e-10	{S}
sp|P22035|BAS1_YEAST	WHOLE	2	1	811	67	2.528e-07	{N}
sp|P22134|MAG_YEAST	SINGLE	1	235	250	8	1.644e-06	{K}
sp|P22135|ATP12_YEAST	MULTIPLE	1	93	121	18	3.587e-08	{SL}
sp|P22136|AEP2_YEAST	SINGLE	1	564	572	6	2.090e-06	{D}
sp|P22202|HSP74_YEAST	SINGLE	1	610	635	10	2.909e-06	{G}
sp|P22202|HSP74_YEAST	MULTIPLE	1	610	636	23	2.290e-13	{GPA}
sp|P22209|KIN3_YEAST	SINGLE	1	5	17	6	8.296e-06	{Q}
sp|P22354|RM20_YEAST	SINGLE	1	173	188	7	4.255e-06	{R}
sp|P22470|SAN1_YEAST	SINGLE	1	518	571	16	5.607e-10	{N}
sp|P22470|SAN1_YEAST	SINGLE	2	9	26	9	1.678e-08	{N}
sp|P22470|SAN1_YEAST	SINGLE	3	61	71	7	7.644e-08	{N}
sp|P22470|SAN1_YEAST	SINGLE	4	426	447	9	9.901e-06	{S}
sp|P22470|SAN1_YEAST	MULTIPLE	1	420	444	19	5.803e-11	{SNP}
sp|P22470|SAN1_YEAST	MULTIPLE	2	361	412	21	1.085e-09	{NP}
sp|P22470|SAN1_YEAST	MULTIPLE	3	318	344	12	5.970e-06	{NT}
sp|P22470|SAN1_YEAST	WHOLE	1	1	610	80	1.708e-18	{N}
sp|P22470|SAN1_YEAST	WHOLE	2	1	610	80	1.060e-07	{S}
sp|P23180|AIM17_YEAST	SINGLE	1	26	32	6	1.498e-06	{A}
sp|P23180|AIM17_YEAST	MULTIPLE	1	17	32	12	5.830e-08	{AT}
sp|P23180|AIM17_YEAST	MULTIPLE	2	386	423	14	7.935e-07	{NF}
sp|P23369|RM25_YEAST	SINGLE	1	86	150	21	1.497e-10	{K}
sp|P23369|RM25_YEAST	WHOLE	1	1	157	29	8.491e-08	{K}
sp|P23624|SPO13_YEAST	MULTIPLE	1	151	210	21	2.125e-08	{PN}
sp|P23641|MPCP_YEAST	MULTIPLE	1	55	101	18	4.659e-07	{GF}
sp|P23748|MPIP_YEAST	SINGLE	1	144	207	23	3.686e-11	{S}
sp|P23748|MPIP_YEAST	SINGLE	2	456	490	15	5.378e-09	{S}
sp|P23748|MPIP_YEAST	MULTIPLE	1	144	207	32	1.048e-13	{SR}
sp|P23748|MPIP_YEAST	WHOLE	1	1	554	86	1.285e-11	{S}
sp|P23748|MPIP_YEAST	WHOLE	2	1	554	50	6.131e-07	{N}
sp|P24000|RL24B_YEAST	SINGLE	1	97	140	13	1.378e-06	{K}
sp|P24000|RL24B_YEAST	MULTIPLE	1	108	131	16	4.895e-09	{KA}
sp|P24000|RL24B_YEAST	WHOLE	1	1	155	29	6.403e-08	{K}
sp|P24871|CG24_YEAST	MULTIPLE	1	102	128	13	7.114e-06	{DS}
sp|P25038|IF2M_YEAST	SINGLE	1	250	295	12	1.438e-06	{I}
sp|P25038|IF2M_YEAST	WHOLE	1	1	676	72	7.875e-10	{I}
sp|P25270|MRM1_YEAST	SINGLE	1	81	115	12	5.971e-07	{K}
sp|P25299|RNA15_YEAST	SINGLE	1	111	139	17	1.869e-16	{N}
sp|P25299|RNA15_YEAST	SINGLE	2	104	109	6	6.591e-09	{Q}
sp|P25299|RNA15_YEAST	WHOLE	1	1	296	35	6.091e-08	{N}
sp|P25334|CYPR_YEAST	SINGLE	1	269	278	6	9.234e-06	{T}
sp|P25337|BUD31_YEAST	SINGLE	1	145	153	4	7.618e-06	{C}
sp|P25337|BUD31_YEAST	SINGLE	2	104	122	5	9.729e-06	{C}
sp|P25337|BUD31_YEAST	MULTIPLE	1	104	122	8	5.756e-06	{CN}
sp|P25338|MPO1_YEAST	SINGLE	1	68	88	12	4.533e-08	{L}
sp|P25338|MPO1_YEAST	WHOLE	1	1	174	35	5.216e-06	{L}
sp|P25339|PUF4_YEAST	SINGLE	1	468	542	34	1.542e-26	{N}
sp|P25339|PUF4_YEAST	SINGLE	2	419	456	14	7.200e-10	{P}
sp|P25339|PUF4_YEAST	SINGLE	3	85	115	11	7.496e-08	{P}
sp|P25339|PUF4_YEAST	SINGLE	4	63	82	7	1.362e-07	{M}
sp|P25339|PUF4_YEAST	SINGLE	5	295	340	11	5.764e-06	{P}
sp|P25339|PUF4_YEAST	SINGLE	6	713	742	6	6.765e-06	{C}
sp|P25339|PUF4_YEAST	MULTIPLE	1	59	95	18	5.061e-12	{MP}
sp|P25339|PUF4_YEAST	WHOLE	1	1	888	90	9.828e-14	{N}
sp|P25339|PUF4_YEAST	WHOLE	2	1	888	76	2.331e-07	{P}
sp|P25365|SED4_YEAST	SINGLE	1	727	800	28	6.646e-14	{S}
sp|P25365|SED4_YEAST	SINGLE	2	465	476	11	3.048e-12	{S}
sp|P25365|SED4_YEAST	SINGLE	3	562	602	19	9.425e-12	{S}
sp|P25365|SED4_YEAST	SINGLE	4	592	615	12	4.047e-09	{T}
sp|P25365|SED4_YEAST	SINGLE	5	856	920	20	1.408e-08	{S}
sp|P25365|SED4_YEAST	SINGLE	6	1038	1050	7	3.640e-07	{N}
sp|P25365|SED4_YEAST	MULTIPLE	1	568	612	29	3.203e-15	{ST}
sp|P25365|SED4_YEAST	WHOLE	1	1	1065	195	5.241e-33	{S}
sp|P25365|SED4_YEAST	WHOLE	2	1	1065	102	4.924e-06	{T}
sp|P25367|RNQ1_YEAST	SINGLE	1	227	319	39	1.496e-28	{Q}
sp|P25367|RNQ1_YEAST	SINGLE	2	218	246	12	1.008e-09	{N}
sp|P25367|RNQ1_YEAST	SINGLE	3	153	171	10	1.437e-09	{Q}
sp|P25367|RNQ1_YEAST	SINGLE	4	154	172	10	8.177e-08	{G}
sp|P25367|RNQ1_YEAST	SINGLE	5	377	403	10	8.824e-08	{N}
sp|P25367|RNQ1_YEAST	SINGLE	6	349	383	11	1.447e-07	{Q}
sp|P25367|RNQ1_YEAST	SINGLE	7	322	345	11	2.583e-07	{S}
sp|P25367|RNQ1_YEAST	SINGLE	8	186	191	5	8.539e-07	{N}
sp|P25367|RNQ1_YEAST	SINGLE	9	179	223	13	9.474e-06	{S}
sp|P25367|RNQ1_YEAST	MULTIPLE	1	182	320	110	2.119e-45	{QNSG}
sp|P25367|RNQ1_YEAST	MULTIPLE	2	153	172	20	6.255e-20	{QG}
sp|P25367|RNQ1_YEAST	MULTIPLE	3	349	403	27	5.884e-15	{NQ}
sp|P25367|RNQ1_YEAST	MULTIPLE	4	322	345	15	3.629e-09	{SN}
sp|P25367|RNQ1_YEAST	MULTIPLE	5	104	137	19	9.545e-09	{SG}
sp|P25367|RNQ1_YEAST	WHOLE	1	1	405	77	9.121e-28	{Q}
sp|P25367|RNQ1_YEAST	WHOLE	2	1	405	50	2.821e-11	{N}
sp|P25367|RNQ1_YEAST	WHOLE	3	1	405	67	1.325e-10	{S}
sp|P25367|RNQ1_YEAST	WHOLE	4	1	405	61	1.397e-09	{G}
sp|P25371|ADP1_YEAST	SINGLE	1	53	95	9	2.239e-08	{C}
sp|P25371|ADP1_YEAST	SINGLE	2	910	939	10	9.272e-07	{I}
sp|P25371|ADP1_YEAST	SINGLE	3	794	812	10	1.684e-06	{L}
sp|P25371|ADP1_YEAST	SINGLE	4	823	855	9	3.163e-06	{F}
sp|P25390|SSK22_YEAST	SINGLE	1	417	423	4	7.399e-06	{M}
sp|P25558|BUD3_YEAST	SINGLE	1	804	865	20	4.171e-10	{K}
sp|P25558|BUD3_YEAST	SINGLE	2	874	923	14	1.119e-06	{K}
sp|P25558|BUD3_YEAST	SINGLE	3	1323	1331	6	5.178e-06	{E}
sp|P25558|BUD3_YEAST	SINGLE	4	582	598	8	9.053e-06	{S}
sp|P25558|BUD3_YEAST	MULTIPLE	1	860	925	42	3.174e-16	{KSP}
sp|P25558|BUD3_YEAST	MULTIPLE	2	1424	1441	10	5.129e-06	{EP}
sp|P25558|BUD3_YEAST	MULTIPLE	3	1171	1195	12	7.030e-06	{DK}
sp|P25558|BUD3_YEAST	WHOLE	1	1	1636	163	1.097e-09	{K}
sp|P25558|BUD3_YEAST	WHOLE	2	1	1636	176	4.289e-08	{S}
sp|P25558|BUD3_YEAST	WHOLE	3	1	1636	109	3.029e-06	{N}
sp|P25567|SRO9_YEAST	SINGLE	1	174	184	8	7.878e-12	{H}
sp|P25567|SRO9_YEAST	SINGLE	2	177	237	15	3.058e-08	{N}
sp|P25567|SRO9_YEAST	SINGLE	3	238	256	8	5.739e-07	{Q}
sp|P25567|SRO9_YEAST	SINGLE	4	231	240	5	1.111e-06	{H}
sp|P25567|SRO9_YEAST	SINGLE	5	161	171	6	2.440e-06	{Q}
sp|P25567|SRO9_YEAST	MULTIPLE	1	174	251	41	8.997e-20	{HNQ}
sp|P25567|SRO9_YEAST	MULTIPLE	2	95	125	18	5.365e-10	{SN}
sp|P25567|SRO9_YEAST	MULTIPLE	3	127	143	14	1.271e-10	{KHQ}
sp|P25567|SRO9_YEAST	WHOLE	1	1	434	39	9.447e-06	{N}
sp|P25594|VBA3_YEAST	SINGLE	1	109	152	11	6.715e-07	{F}
sp|P25594|VBA3_YEAST	WHOLE	1	1	458	39	3.788e-06	{F}
sp|P25596|GEX1_YEAST	SINGLE	1	353	360	6	9.238e-08	{F}
sp|P25596|GEX1_YEAST	SINGLE	2	194	204	6	5.152e-06	{I}
sp|P25621|FEN2_YEAST	SINGLE	1	470	492	11	1.068e-08	{D}
sp|P25621|FEN2_YEAST	SINGLE	2	262	281	5	9.090e-06	{W}
sp|P25621|FEN2_YEAST	MULTIPLE	1	248	275	11	4.271e-07	{WR}
sp|P25621|FEN2_YEAST	MULTIPLE	2	201	219	11	9.286e-08	{IF}
sp|P25625|PER1_YEAST	WHOLE	1	1	357	33	3.680e-06	{F}
sp|P25628|ARE1_YEAST	SINGLE	1	153	171	9	6.594e-07	{T}
sp|P25628|ARE1_YEAST	SINGLE	2	265	313	11	2.090e-06	{F}
sp|P25628|ARE1_YEAST	SINGLE	3	55	80	10	2.440e-06	{E}
sp|P25628|ARE1_YEAST	SINGLE	4	538	570	9	3.163e-06	{F}
sp|P25628|ARE1_YEAST	MULTIPLE	1	153	171	15	5.618e-11	{TK}
sp|P25628|ARE1_YEAST	WHOLE	1	1	610	59	2.099e-10	{F}
sp|P25648|SRB8_YEAST	SINGLE	1	1051	1073	10	1.535e-07	{D}
sp|P25648|SRB8_YEAST	SINGLE	2	780	793	6	7.799e-06	{F}
sp|P25648|SRB8_YEAST	MULTIPLE	1	337	368	15	3.326e-08	{IN}
sp|P25648|SRB8_YEAST	WHOLE	1	1	1427	143	1.510e-15	{I}
sp|P25648|SRB8_YEAST	WHOLE	2	1	1427	104	1.120e-07	{N}
sp|P25648|SRB8_YEAST	WHOLE	3	1	1427	89	6.905e-06	{F}
sp|P26343|DAL80_YEAST	SINGLE	1	79	100	10	8.431e-09	{N}
sp|P26448|BUB2_YEAST	MULTIPLE	1	112	124	8	3.818e-06	{QR}
sp|P26637|SYLC_YEAST	SINGLE	1	134	141	6	1.846e-06	{E}
sp|P26637|SYLC_YEAST	SINGLE	2	153	169	8	2.913e-06	{K}
sp|P26637|SYLC_YEAST	SINGLE	3	931	936	5	5.074e-06	{K}
sp|P26637|SYLC_YEAST	MULTIPLE	1	465	511	17	1.085e-06	{KY}
sp|P26798|INO2_YEAST	SINGLE	1	81	97	7	3.651e-08	{H}
sp|P26798|INO2_YEAST	MULTIPLE	1	136	150	9	1.572e-06	{SM}
sp|P26798|INO2_YEAST	WHOLE	1	1	304	21	3.344e-06	{H}
sp|P27344|DPB3_YEAST	SINGLE	1	116	150	18	6.209e-13	{E}
sp|P27929|NAM9_YEAST	MULTIPLE	1	187	206	12	7.355e-07	{KE}
sp|P27929|NAM9_YEAST	WHOLE	1	1	486	59	4.106e-07	{K}
sp|P28006|GAC1_YEAST	SINGLE	1	500	537	24	1.321e-18	{S}
sp|P28006|GAC1_YEAST	SINGLE	2	586	597	6	4.547e-06	{N}
sp|P28006|GAC1_YEAST	SINGLE	3	649	660	7	5.518e-06	{S}
sp|P28006|GAC1_YEAST	SINGLE	4	344	356	6	8.081e-06	{N}
sp|P28006|GAC1_YEAST	MULTIPLE	1	614	633	11	1.069e-06	{TN}
sp|P28006|GAC1_YEAST	WHOLE	1	1	793	120	1.111e-14	{S}
sp|P28006|GAC1_YEAST	WHOLE	2	1	793	79	6.463e-12	{N}
sp|P28584|TRK2_YEAST	SINGLE	1	195	241	17	1.116e-08	{S}
sp|P28584|TRK2_YEAST	SINGLE	2	853	888	11	6.123e-06	{K}
sp|P28584|TRK2_YEAST	MULTIPLE	1	537	562	14	5.660e-09	{IF}
sp|P29467|MEI4_YEAST	SINGLE	1	239	296	16	1.165e-08	{I}
sp|P29467|MEI4_YEAST	WHOLE	1	1	408	41	9.084e-06	{I}
sp|P29478|SEC65_YEAST	SINGLE	1	55	66	8	4.942e-09	{N}
sp|P29478|SEC65_YEAST	SINGLE	2	8	17	6	4.935e-06	{D}
sp|P30606|ITR2_YEAST	MULTIPLE	1	536	553	8	2.109e-06	{FC}
sp|P30606|ITR2_YEAST	WHOLE	1	1	609	57	2.063e-06	{I}
sp|P31379|LDS1_YEAST	SINGLE	1	61	81	7	9.294e-06	{F}
sp|P31379|LDS1_YEAST	WHOLE	1	1	325	34	1.783e-07	{F}
sp|P31381|FUN26_YEAST	SINGLE	1	28	56	11	9.030e-07	{E}
sp|P31381|FUN26_YEAST	SINGLE	2	178	199	6	5.629e-06	{M}
sp|P31381|FUN26_YEAST	MULTIPLE	1	158	205	15	8.081e-08	{MF}
sp|P32048|SYKM_YEAST	SINGLE	1	499	510	6	4.669e-06	{Q}
sp|P32191|GPDM_YEAST	SINGLE	1	9	19	8	1.844e-07	{A}
sp|P32331|YMC1_YEAST	MULTIPLE	1	272	282	8	1.799e-06	{GF}
sp|P32341|VPH2_YEAST	SINGLE	1	191	212	10	2.444e-07	{K}
sp|P32341|VPH2_YEAST	SINGLE	2	135	185	15	4.347e-07	{V}
sp|P32378|COQ2_YEAST	SINGLE	1	36	46	10	3.875e-11	{S}
sp|P32464|HYM1_YEAST	SINGLE	1	358	398	15	6.704e-08	{S}
sp|P32464|HYM1_YEAST	MULTIPLE	1	358	398	21	4.544e-10	{SN}
sp|P32473|ODPB_YEAST	SINGLE	1	26	30	5	2.962e-06	{A}
sp|P32487|LYP1_YEAST	SINGLE	1	526	549	8	2.122e-06	{F}
sp|P32487|LYP1_YEAST	SINGLE	2	464	476	6	8.081e-06	{N}
sp|P32487|LYP1_YEAST	MULTIPLE	1	574	597	12	1.270e-06	{ID}
sp|P32487|LYP1_YEAST	WHOLE	1	1	611	61	1.208e-07	{I}
sp|P32489|MEI5_YEAST	MULTIPLE	1	151	193	19	2.814e-07	{EK}
sp|P32522|PT309_YEAST	MULTIPLE	1	118	170	21	3.454e-06	{LI}
sp|P32524|PRP21_YEAST	SINGLE	1	254	280	10	2.318e-06	{K}
sp|P32525|ECM25_YEAST	SINGLE	1	363	373	8	9.627e-08	{S}
sp|P32525|ECM25_YEAST	SINGLE	2	536	564	11	5.511e-07	{K}
sp|P32525|ECM25_YEAST	SINGLE	3	456	493	13	1.187e-06	{S}
sp|P32525|ECM25_YEAST	MULTIPLE	1	363	386	16	4.210e-10	{SP}
sp|P32525|ECM25_YEAST	MULTIPLE	2	283	307	11	3.143e-06	{IF}
sp|P32525|ECM25_YEAST	MULTIPLE	3	398	438	19	3.996e-08	{PS}
sp|P32559|MSS1_YEAST	WHOLE	1	1	526	55	1.100e-07	{I}
sp|P32581|IME2_YEAST	SINGLE	1	6	17	7	5.518e-06	{S}
sp|P32590|HSP79_YEAST	SINGLE	1	680	693	7	3.777e-06	{D}
sp|P32590|HSP79_YEAST	MULTIPLE	1	680	693	10	5.795e-08	{DN}
sp|P32590|HSP79_YEAST	MULTIPLE	2	11	33	12	9.685e-07	{VN}
sp|P32601|MSS4_YEAST	MULTIPLE	1	94	117	10	5.127e-06	{CK}
sp|P32611|RML2_YEAST	WHOLE	1	1	393	41	1.980e-06	{R}
sp|P32617|IES6_YEAST	SINGLE	1	15	23	8	1.025e-10	{N}
sp|P32617|IES6_YEAST	SINGLE	2	2	17	8	5.165e-06	{S}
sp|P32617|IES6_YEAST	MULTIPLE	1	2	23	18	5.726e-14	{NS}
sp|P32786|RRN6_YEAST	SINGLE	1	75	102	11	1.274e-07	{D}
sp|P32786|RRN6_YEAST	SINGLE	2	882	888	6	3.659e-07	{K}
sp|P32786|RRN6_YEAST	SINGLE	3	332	337	5	8.539e-07	{N}
sp|P32831|NGR1_YEAST	SINGLE	1	278	298	15	1.467e-16	{Q}
sp|P32831|NGR1_YEAST	SINGLE	2	485	495	11	1.003e-15	{Q}
sp|P32831|NGR1_YEAST	SINGLE	3	562	662	28	1.616e-15	{N}
sp|P32831|NGR1_YEAST	SINGLE	4	596	636	10	1.372e-08	{M}
sp|P32831|NGR1_YEAST	SINGLE	5	301	335	10	1.350e-06	{N}
sp|P32831|NGR1_YEAST	SINGLE	6	507	522	7	2.126e-06	{N}
sp|P32831|NGR1_YEAST	SINGLE	7	509	517	5	8.228e-06	{Y}
sp|P32831|NGR1_YEAST	MULTIPLE	1	562	662	41	1.210e-22	{NM}
sp|P32831|NGR1_YEAST	MULTIPLE	2	507	522	12	1.006e-10	{NY}
sp|P32831|NGR1_YEAST	WHOLE	1	1	672	80	4.327e-16	{N}
sp|P32837|UGA4_YEAST	SINGLE	1	98	104	6	5.551e-07	{G}
sp|P32837|UGA4_YEAST	SINGLE	2	312	340	10	6.500e-07	{I}
sp|P32837|UGA4_YEAST	SINGLE	3	140	146	5	1.481e-06	{Y}
sp|P32837|UGA4_YEAST	MULTIPLE	1	532	541	9	8.608e-09	{YK}
sp|P32837|UGA4_YEAST	WHOLE	1	1	571	59	6.085e-08	{I}
sp|P32841|RE114_YEAST	WHOLE	1	1	428	42	5.393e-07	{N}
sp|P32907|ATO2_YEAST	MULTIPLE	1	211	225	11	1.530e-07	{FL}
sp|P32907|ATO2_YEAST	WHOLE	1	1	282	28	5.036e-06	{F}
sp|P32945|PPQ1_YEAST	SINGLE	1	148	219	32	4.066e-18	{S}
sp|P32945|PPQ1_YEAST	SINGLE	2	56	83	11	9.679e-09	{N}
sp|P32945|PPQ1_YEAST	SINGLE	3	130	141	7	2.025e-06	{T}
sp|P32945|PPQ1_YEAST	SINGLE	4	539	548	6	9.064e-06	{K}
sp|P32945|PPQ1_YEAST	MULTIPLE	1	4	27	16	2.934e-08	{NSQ}
sp|P32945|PPQ1_YEAST	WHOLE	1	1	549	75	5.196e-08	{S}
sp|P33200|PDR3_YEAST	SINGLE	1	15	41	7	1.727e-07	{C}
sp|P33200|PDR3_YEAST	SINGLE	2	116	123	5	7.298e-06	{N}
sp|P33200|PDR3_YEAST	MULTIPLE	1	2	51	18	1.474e-08	{CK}
sp|P33304|AFR1_YEAST	SINGLE	1	283	343	16	5.202e-07	{K}
sp|P33304|AFR1_YEAST	SINGLE	2	365	403	12	7.284e-07	{D}
sp|P33304|AFR1_YEAST	SINGLE	3	217	233	8	9.053e-06	{S}
sp|P33304|AFR1_YEAST	MULTIPLE	1	283	346	22	4.677e-07	{KR}
sp|P33306|BCK2_YEAST	SINGLE	1	797	851	15	6.721e-09	{N}
sp|P33306|BCK2_YEAST	SINGLE	2	488	575	22	1.625e-07	{S}
sp|P33306|BCK2_YEAST	SINGLE	3	758	768	6	2.376e-06	{N}
sp|P33306|BCK2_YEAST	SINGLE	4	596	601	5	6.509e-06	{E}
sp|P33306|BCK2_YEAST	SINGLE	5	123	132	6	9.064e-06	{K}
sp|P33306|BCK2_YEAST	MULTIPLE	1	498	565	24	8.494e-08	{SY}
sp|P33306|BCK2_YEAST	MULTIPLE	2	700	721	12	1.039e-06	{NS}
sp|P33306|BCK2_YEAST	MULTIPLE	3	641	661	14	2.581e-08	{ST}
sp|P33306|BCK2_YEAST	MULTIPLE	4	298	348	20	2.956e-07	{SN}
sp|P33306|BCK2_YEAST	MULTIPLE	5	403	442	19	2.863e-08	{SR}
sp|P33306|BCK2_YEAST	WHOLE	1	1	851	144	1.419e-21	{S}
sp|P33306|BCK2_YEAST	WHOLE	2	1	851	83	5.769e-12	{N}
sp|P33311|MDL2_YEAST	SINGLE	1	716	748	12	9.316e-08	{D}
sp|P33311|MDL2_YEAST	SINGLE	2	723	745	9	2.263e-07	{N}
sp|P33311|MDL2_YEAST	MULTIPLE	1	716	748	21	7.747e-14	{DN}
sp|P33312|RIB7_YEAST	SINGLE	1	64	70	4	7.399e-06	{H}
sp|P33329|PPZ2_YEAST	SINGLE	1	310	362	21	3.014e-11	{S}
sp|P33329|PPZ2_YEAST	SINGLE	2	102	155	19	2.675e-09	{S}
sp|P33329|PPZ2_YEAST	SINGLE	3	162	170	7	5.274e-08	{D}
sp|P33329|PPZ2_YEAST	SINGLE	4	35	75	13	3.085e-06	{S}
sp|P33329|PPZ2_YEAST	SINGLE	5	243	263	9	6.304e-06	{S}
sp|P33329|PPZ2_YEAST	SINGLE	6	79	97	7	8.205e-06	{N}
sp|P33329|PPZ2_YEAST	MULTIPLE	1	102	158	26	1.089e-10	{SN}
sp|P33329|PPZ2_YEAST	MULTIPLE	2	35	87	23	8.920e-09	{SR}
sp|P33329|PPZ2_YEAST	MULTIPLE	3	79	97	10	1.351e-06	{NP}
sp|P33329|PPZ2_YEAST	WHOLE	1	1	710	103	8.801e-12	{S}
sp|P33411|PRP18_YEAST	SINGLE	1	135	170	13	8.491e-06	{L}
sp|P33550|KTR2_YEAST	SINGLE	1	47	62	7	4.255e-06	{R}
sp|P33550|KTR2_YEAST	WHOLE	1	1	425	36	9.326e-06	{F}
sp|P33890|TIR2_YEAST	SINGLE	1	118	214	43	9.438e-24	{S}
sp|P33890|TIR2_YEAST	SINGLE	2	148	202	16	2.510e-06	{A}
sp|P33890|TIR2_YEAST	SINGLE	3	48	59	7	5.518e-06	{S}
sp|P33890|TIR2_YEAST	SINGLE	4	7	18	7	9.586e-06	{A}
sp|P33890|TIR2_YEAST	MULTIPLE	1	116	211	69	1.156e-35	{SA}
sp|P33890|TIR2_YEAST	WHOLE	1	1	251	63	1.321e-18	{S}
sp|P33890|TIR2_YEAST	WHOLE	2	1	251	50	6.527e-10	{A}
sp|P34072|MKS1_YEAST	SINGLE	1	293	318	10	6.005e-07	{D}
sp|P34072|MKS1_YEAST	SINGLE	2	380	387	5	7.298e-06	{N}
sp|P34072|MKS1_YEAST	MULTIPLE	1	290	318	22	6.455e-11	{DSE}
sp|P34072|MKS1_YEAST	MULTIPLE	2	399	419	15	2.632e-08	{PQS}
sp|P34072|MKS1_YEAST	WHOLE	1	1	584	64	1.106e-11	{N}
sp|P34072|MKS1_YEAST	WHOLE	2	1	584	71	6.331e-06	{S}
sp|P34222|PTH2_YEAST	SINGLE	1	61	77	9	2.941e-07	{E}
sp|P34222|PTH2_YEAST	MULTIPLE	1	58	77	15	1.354e-10	{ED}
sp|P34228|SEF1_YEAST	SINGLE	1	278	322	17	5.432e-10	{T}
sp|P34228|SEF1_YEAST	SINGLE	2	22	32	7	7.889e-08	{Q}
sp|P34228|SEF1_YEAST	SINGLE	3	1030	1080	16	2.788e-07	{S}
sp|P34228|SEF1_YEAST	SINGLE	4	841	858	9	3.699e-07	{T}
sp|P34228|SEF1_YEAST	SINGLE	5	530	543	7	6.965e-07	{N}
sp|P34228|SEF1_YEAST	SINGLE	6	905	915	6	2.376e-06	{N}
sp|P34228|SEF1_YEAST	SINGLE	7	159	169	7	2.478e-06	{S}
sp|P34228|SEF1_YEAST	SINGLE	8	1076	1113	10	3.046e-06	{N}
sp|P34228|SEF1_YEAST	SINGLE	9	1009	1025	7	3.459e-06	{N}
sp|P34228|SEF1_YEAST	SINGLE	10	42	63	6	5.629e-06	{H}
sp|P34228|SEF1_YEAST	SINGLE	11	57	87	6	8.254e-06	{C}
sp|P34228|SEF1_YEAST	MULTIPLE	1	283	322	20	4.045e-10	{TN}
sp|P34228|SEF1_YEAST	MULTIPLE	2	1030	1107	30	6.738e-10	{SN}
sp|P34228|SEF1_YEAST	MULTIPLE	3	146	169	14	6.176e-08	{SP}
sp|P34228|SEF1_YEAST	MULTIPLE	4	42	87	14	8.499e-10	{HC}
sp|P34228|SEF1_YEAST	WHOLE	1	1	1148	94	2.335e-09	{N}
sp|P34228|SEF1_YEAST	WHOLE	2	1	1148	128	3.556e-07	{S}
sp|P34232|MTR2_YEAST	SINGLE	1	123	135	6	8.081e-06	{N}
sp|P34232|MTR2_YEAST	WHOLE	1	1	184	23	3.698e-06	{N}
sp|P34237|CASP_YEAST	SINGLE	1	546	553	5	7.298e-06	{N}
sp|P34237|CASP_YEAST	WHOLE	1	1	679	79	2.661e-07	{E}
sp|P34237|CASP_YEAST	WHOLE	2	1	679	72	3.528e-06	{K}
sp|P34239|LST4_YEAST	SINGLE	1	437	508	26	1.787e-12	{S}
sp|P34239|LST4_YEAST	SINGLE	2	740	748	7	9.107e-09	{N}
sp|P34239|LST4_YEAST	SINGLE	3	428	442	8	5.629e-08	{N}
sp|P34239|LST4_YEAST	SINGLE	4	546	550	5	1.948e-06	{S}
sp|P34239|LST4_YEAST	SINGLE	5	11	26	8	5.165e-06	{S}
sp|P34239|LST4_YEAST	MULTIPLE	1	428	511	40	2.009e-16	{SN}
sp|P34239|LST4_YEAST	MULTIPLE	2	388	404	10	3.399e-06	{NS}
sp|P34239|LST4_YEAST	WHOLE	1	1	828	114	2.021e-11	{S}
sp|P34239|LST4_YEAST	WHOLE	2	1	828	64	3.591e-06	{N}
sp|P34240|ZRT3_YEAST	SINGLE	1	102	148	12	2.784e-10	{H}
sp|P34240|ZRT3_YEAST	SINGLE	2	113	158	16	5.601e-08	{S}
sp|P34240|ZRT3_YEAST	SINGLE	3	321	325	4	1.105e-06	{H}
sp|P34240|ZRT3_YEAST	SINGLE	4	463	467	4	1.105e-06	{H}
sp|P34240|ZRT3_YEAST	SINGLE	5	270	294	10	4.038e-06	{S}
sp|P34240|ZRT3_YEAST	MULTIPLE	1	97	158	31	3.112e-16	{HS}
sp|P34240|ZRT3_YEAST	MULTIPLE	2	270	294	14	6.242e-09	{SH}
sp|P34240|ZRT3_YEAST	WHOLE	1	1	503	70	6.737e-08	{S}
sp|P34240|ZRT3_YEAST	WHOLE	2	1	503	32	8.163e-08	{H}
sp|P35184|SQT1_YEAST	SINGLE	1	2	34	11	3.860e-06	{E}
sp|P35184|SQT1_YEAST	SINGLE	2	36	45	6	4.935e-06	{D}
sp|P35184|SQT1_YEAST	MULTIPLE	1	2	34	17	1.075e-07	{EV}
sp|P35190|CLG1_YEAST	SINGLE	1	395	403	8	1.064e-10	{Q}
sp|P35190|CLG1_YEAST	SINGLE	2	74	106	11	1.557e-07	{P}
sp|P35190|CLG1_YEAST	SINGLE	3	114	122	6	4.848e-07	{Q}
sp|P35190|CLG1_YEAST	SINGLE	4	355	369	7	5.122e-07	{Y}
sp|P35190|CLG1_YEAST	SINGLE	5	337	351	8	2.783e-06	{S}
sp|P35190|CLG1_YEAST	MULTIPLE	1	74	108	20	1.161e-09	{PNQ}
sp|P35190|CLG1_YEAST	MULTIPLE	2	353	369	12	3.145e-10	{YN}
sp|P35190|CLG1_YEAST	WHOLE	1	1	452	48	9.039e-09	{N}
sp|P35210|SPT23_YEAST	SINGLE	1	358	426	24	5.361e-16	{N}
sp|P35210|SPT23_YEAST	SINGLE	2	229	266	11	3.491e-07	{N}
sp|P35210|SPT23_YEAST	SINGLE	3	657	702	12	3.575e-07	{N}
sp|P35210|SPT23_YEAST	SINGLE	4	837	844	6	7.378e-07	{D}
sp|P35210|SPT23_YEAST	SINGLE	5	198	203	5	8.539e-07	{N}
sp|P35210|SPT23_YEAST	MULTIPLE	1	324	426	47	4.395e-18	{NS}
sp|P35210|SPT23_YEAST	MULTIPLE	2	651	704	23	6.330e-09	{NS}
sp|P35210|SPT23_YEAST	MULTIPLE	3	581	597	12	1.833e-08	{SN}
sp|P35210|SPT23_YEAST	WHOLE	1	1	1082	126	1.984e-23	{N}
sp|P35210|SPT23_YEAST	WHOLE	2	1	1082	130	5.269e-09	{S}
sp|P35842|PPAB_YEAST	SINGLE	1	219	225	5	9.952e-06	{D}
sp|P36002|PTK1_YEAST	SINGLE	1	50	146	32	9.728e-14	{S}
sp|P36002|PTK1_YEAST	SINGLE	2	567	624	18	7.416e-11	{P}
sp|P36002|PTK1_YEAST	SINGLE	3	631	640	5	1.111e-06	{H}
sp|P36002|PTK1_YEAST	WHOLE	1	1	662	56	9.183e-06	{P}
sp|P36004|KKQ8_YEAST	SINGLE	1	142	162	12	2.958e-09	{S}
sp|P36004|KKQ8_YEAST	MULTIPLE	1	138	162	16	1.195e-09	{SR}
sp|P36004|KKQ8_YEAST	MULTIPLE	2	15	66	25	1.444e-10	{SR}
sp|P36004|KKQ8_YEAST	WHOLE	1	1	724	84	6.128e-06	{S}
sp|P36008|EF1G2_YEAST	SINGLE	1	218	252	14	7.203e-09	{K}
sp|P36008|EF1G2_YEAST	MULTIPLE	1	218	252	22	3.505e-11	{KA}
sp|P36013|MAOM_YEAST	MULTIPLE	1	241	257	11	2.918e-07	{GI}
sp|P36023|OAF3_YEAST	SINGLE	1	19	47	6	5.499e-06	{C}
sp|P36023|OAF3_YEAST	MULTIPLE	1	19	38	10	6.678e-07	{CK}
sp|P36023|OAF3_YEAST	WHOLE	1	1	863	74	1.981e-06	{I}
sp|P36029|TPO5_YEAST	SINGLE	1	217	226	6	2.463e-06	{I}
sp|P36036|YRA2_YEAST	SINGLE	1	24	67	12	6.396e-07	{R}
sp|P36039|EMC3_YEAST	SINGLE	1	111	123	5	5.312e-06	{M}
sp|P36039|EMC3_YEAST	MULTIPLE	1	202	220	15	1.594e-09	{GQP}
sp|P36053|ELF1_YEAST	SINGLE	1	87	125	13	8.907e-08	{D}
sp|P36053|ELF1_YEAST	MULTIPLE	1	87	127	22	1.311e-10	{DE}
sp|P36062|AVT3_YEAST	SINGLE	1	261	281	16	1.476e-15	{E}
sp|P36062|AVT3_YEAST	SINGLE	2	142	184	16	1.875e-08	{S}
sp|P36062|AVT3_YEAST	SINGLE	3	16	23	6	1.643e-07	{N}
sp|P36062|AVT3_YEAST	SINGLE	4	456	464	5	8.228e-06	{Y}
sp|P36062|AVT3_YEAST	MULTIPLE	1	21	64	33	3.463e-13	{SGRN}
sp|P36069|PMU1_YEAST	SINGLE	1	278	287	7	4.758e-07	{V}
sp|P36070|RRN3_YEAST	SINGLE	1	249	280	20	9.060e-18	{D}
sp|P36070|RRN3_YEAST	MULTIPLE	1	66	121	20	4.931e-08	{NI}
sp|P36093|PHD1_YEAST	SINGLE	1	82	122	11	1.733e-06	{P}
sp|P36093|PHD1_YEAST	MULTIPLE	1	82	125	18	1.331e-08	{PQ}
sp|P36097|TTI1_YEAST	SINGLE	1	821	829	7	1.543e-07	{E}
sp|P36097|TTI1_YEAST	SINGLE	2	784	820	12	3.869e-07	{D}
sp|P36097|TTI1_YEAST	WHOLE	1	1	1038	90	1.257e-07	{I}
sp|P36101|TCD2_YEAST	SINGLE	1	89	121	11	3.805e-06	{V}
sp|P36106|BYE1_YEAST	SINGLE	1	29	46	9	3.600e-07	{K}
sp|P36106|BYE1_YEAST	SINGLE	2	150	174	10	3.912e-07	{D}
sp|P36106|BYE1_YEAST	SINGLE	3	180	215	11	6.123e-06	{K}
sp|P36106|BYE1_YEAST	WHOLE	1	1	594	67	9.863e-07	{K}
sp|P36110|PRY2_YEAST	SINGLE	1	104	185	38	2.641e-24	{T}
sp|P36110|PRY2_YEAST	SINGLE	2	180	195	9	3.567e-07	{S}
sp|P36110|PRY2_YEAST	SINGLE	3	21	43	9	6.525e-06	{V}
sp|P36110|PRY2_YEAST	MULTIPLE	1	102	195	61	1.263e-30	{TS}
sp|P36110|PRY2_YEAST	MULTIPLE	2	10	43	18	1.205e-07	{VA}
sp|P36110|PRY2_YEAST	WHOLE	1	1	329	62	4.042e-15	{T}
sp|P36110|PRY2_YEAST	WHOLE	2	1	329	47	3.578e-06	{S}
sp|P36115|IRS4_YEAST	SINGLE	1	217	293	21	6.288e-08	{S}
sp|P36115|IRS4_YEAST	SINGLE	2	157	198	14	6.673e-07	{S}
sp|P36115|IRS4_YEAST	SINGLE	3	284	288	5	9.161e-07	{T}
sp|P36115|IRS4_YEAST	SINGLE	4	122	136	8	2.783e-06	{S}
sp|P36115|IRS4_YEAST	SINGLE	5	308	325	8	4.919e-06	{K}
sp|P36115|IRS4_YEAST	SINGLE	6	411	439	9	4.981e-06	{R}
sp|P36115|IRS4_YEAST	SINGLE	7	386	405	8	5.790e-06	{D}
sp|P36115|IRS4_YEAST	MULTIPLE	1	222	293	28	4.953e-08	{ST}
sp|P36115|IRS4_YEAST	MULTIPLE	2	411	439	12	1.997e-07	{RH}
sp|P36115|IRS4_YEAST	WHOLE	1	1	615	91	4.485e-11	{S}
sp|P36118|NTR2_YEAST	SINGLE	1	115	131	8	9.053e-06	{S}
sp|P36120|DBP7_YEAST	MULTIPLE	1	32	53	12	6.145e-07	{RK}
sp|P36121|RPC5_YEAST	SINGLE	1	47	83	15	3.334e-09	{E}
sp|P36121|RPC5_YEAST	MULTIPLE	1	11	37	15	6.175e-08	{DE}
sp|P36121|RPC5_YEAST	WHOLE	1	1	282	39	4.616e-06	{E}
sp|P36123|SA190_YEAST	SINGLE	1	794	851	17	1.983e-10	{N}
sp|P36123|SA190_YEAST	SINGLE	2	935	945	7	4.312e-07	{D}
sp|P36123|SA190_YEAST	SINGLE	3	852	859	6	7.378e-07	{D}
sp|P36123|SA190_YEAST	SINGLE	4	67	85	9	9.770e-07	{E}
sp|P36123|SA190_YEAST	SINGLE	5	1004	1020	8	4.231e-06	{E}
sp|P36123|SA190_YEAST	SINGLE	6	92	101	6	4.935e-06	{D}
sp|P36123|SA190_YEAST	MULTIPLE	1	792	851	28	2.361e-12	{NE}
sp|P36123|SA190_YEAST	MULTIPLE	2	993	1020	17	1.261e-09	{ED}
sp|P36123|SA190_YEAST	MULTIPLE	3	161	212	22	3.526e-08	{DE}
sp|P36123|SA190_YEAST	WHOLE	1	1	1033	118	1.464e-13	{D}
sp|P36123|SA190_YEAST	WHOLE	2	1	1033	116	5.385e-09	{E}
sp|P36123|SA190_YEAST	WHOLE	3	1	1033	74	9.169e-06	{N}
sp|P36139|PET10_YEAST	SINGLE	1	2	12	7	2.478e-06	{S}
sp|P36144|RL1D1_YEAST	SINGLE	1	36	57	8	5.499e-06	{I}
sp|P36144|RL1D1_YEAST	MULTIPLE	1	232	242	8	3.640e-06	{IG}
sp|P36145|T2EB_YEAST	SINGLE	1	86	93	7	1.241e-08	{D}
sp|P36145|T2EB_YEAST	WHOLE	1	1	328	46	1.328e-07	{K}
sp|P36159|RNZ_YEAST	SINGLE	1	811	817	6	4.936e-07	{E}
sp|P36159|RNZ_YEAST	SINGLE	2	540	546	4	7.399e-06	{H}
sp|P36164|TVP38_YEAST	MULTIPLE	1	17	65	20	1.069e-08	{ND}
sp|P36164|TVP38_YEAST	MULTIPLE	2	96	113	15	7.353e-10	{IML}
sp|P36164|TVP38_YEAST	MULTIPLE	3	293	307	10	4.448e-06	{LI}
sp|P36166|PXL1_YEAST	SINGLE	1	230	258	10	7.520e-06	{E}
sp|P36166|PXL1_YEAST	MULTIPLE	1	95	144	27	1.601e-09	{SPR}
sp|P36166|PXL1_YEAST	WHOLE	1	1	706	58	1.660e-06	{N}
sp|P36167|SRL3_YEAST	SINGLE	1	61	106	12	8.235e-07	{P}
sp|P36168|ESL2_YEAST	SINGLE	1	210	250	29	1.169e-30	{N}
sp|P36168|ESL2_YEAST	SINGLE	2	987	1005	8	5.543e-07	{N}
sp|P36168|ESL2_YEAST	SINGLE	3	603	616	7	7.560e-06	{K}
sp|P36168|ESL2_YEAST	MULTIPLE	1	617	653	23	9.868e-10	{SDN}
sp|P36168|ESL2_YEAST	MULTIPLE	2	59	85	13	3.585e-06	{RS}
sp|P36168|ESL2_YEAST	WHOLE	1	1	1195	113	1.034e-14	{N}
sp|P36169|SKG1_YEAST	SINGLE	1	131	137	5	2.860e-06	{N}
sp|P36169|SKG1_YEAST	SINGLE	2	152	160	6	9.427e-06	{S}
sp|P36169|SKG1_YEAST	WHOLE	1	1	355	34	9.103e-06	{N}
sp|P36173|GEX2_YEAST	SINGLE	1	353	360	6	9.238e-08	{F}
sp|P36173|GEX2_YEAST	SINGLE	2	194	204	6	5.152e-06	{I}
sp|P36224|JNM1_YEAST	SINGLE	1	94	131	13	3.731e-07	{E}
sp|P36224|JNM1_YEAST	SINGLE	2	24	45	10	3.887e-07	{E}
sp|P36224|JNM1_YEAST	WHOLE	1	1	373	52	1.272e-07	{E}
sp|P36525|RM24_YEAST	WHOLE	1	1	258	39	1.624e-07	{K}
sp|P37254|ADCS_YEAST	SINGLE	1	10	14	5	1.522e-07	{Q}
sp|P37254|ADCS_YEAST	MULTIPLE	1	390	418	13	6.258e-06	{IG}
sp|P37262|SOL2_YEAST	SINGLE	1	58	80	10	1.642e-06	{S}
sp|P37262|SOL2_YEAST	MULTIPLE	1	61	80	14	1.500e-08	{SG}
sp|P37898|AAP1_YEAST	SINGLE	1	306	344	8	9.386e-08	{W}
sp|P38065|AP2A_YEAST	WHOLE	1	1	1025	92	2.049e-08	{I}
sp|P38082|NRG2_YEAST	SINGLE	1	167	205	8	1.585e-06	{H}
sp|P38082|NRG2_YEAST	MULTIPLE	1	128	164	16	2.443e-06	{TK}
sp|P38114|TBS1_YEAST	SINGLE	1	992	1032	31	7.916e-31	{D}
sp|P38114|TBS1_YEAST	SINGLE	2	953	991	26	1.437e-26	{N}
sp|P38114|TBS1_YEAST	SINGLE	3	43	72	11	5.073e-08	{P}
sp|P38114|TBS1_YEAST	SINGLE	4	253	293	12	3.855e-06	{K}
sp|P38114|TBS1_YEAST	SINGLE	5	107	137	6	8.254e-06	{C}
sp|P38114|TBS1_YEAST	SINGLE	6	1079	1087	5	9.817e-06	{F}
sp|P38114|TBS1_YEAST	MULTIPLE	1	154	177	12	1.270e-06	{KN}
sp|P38114|TBS1_YEAST	MULTIPLE	2	703	736	13	7.494e-06	{RI}
sp|P38114|TBS1_YEAST	WHOLE	1	1	1094	86	5.815e-08	{N}
sp|P38114|TBS1_YEAST	WHOLE	2	1	1094	99	8.966e-07	{D}
sp|P38148|PPS1_YEAST	MULTIPLE	1	418	425	8	2.253e-07	{DL}
sp|P38148|PPS1_YEAST	WHOLE	1	1	807	64	1.611e-06	{N}
sp|P38163|SRO77_YEAST	SINGLE	1	928	932	5	1.948e-06	{S}
sp|P38163|SRO77_YEAST	MULTIPLE	1	972	1004	13	1.001e-06	{MT}
sp|P38163|SRO77_YEAST	WHOLE	1	1	1010	93	5.593e-09	{I}
sp|P38164|SEA4_YEAST	SINGLE	1	942	956	5	2.680e-06	{C}
sp|P38164|SEA4_YEAST	SINGLE	2	465	481	8	4.231e-06	{E}
sp|P38164|SEA4_YEAST	SINGLE	3	408	439	9	5.226e-06	{N}
sp|P38164|SEA4_YEAST	WHOLE	1	1	1038	85	1.220e-08	{N}
sp|P38166|SFT2_YEAST	SINGLE	1	148	165	7	2.867e-06	{F}
sp|P38179|ALG3_YEAST	SINGLE	1	419	436	11	6.471e-08	{L}
sp|P38179|ALG3_YEAST	SINGLE	2	377	407	6	5.536e-06	{W}
sp|P38179|ALG3_YEAST	WHOLE	1	1	458	74	7.948e-07	{L}
sp|P38187|UBP13_YEAST	SINGLE	1	322	360	14	2.384e-07	{S}
sp|P38187|UBP13_YEAST	SINGLE	2	262	307	11	5.764e-06	{P}
sp|P38187|UBP13_YEAST	MULTIPLE	1	317	360	20	1.582e-08	{SN}
sp|P38187|UBP13_YEAST	WHOLE	1	1	747	61	1.127e-06	{N}
sp|P38193|PP4R2_YEAST	SINGLE	1	238	302	29	1.294e-19	{D}
sp|P38193|PP4R2_YEAST	MULTIPLE	1	238	302	36	7.690e-20	{DN}
sp|P38193|PP4R2_YEAST	MULTIPLE	2	198	214	12	3.081e-08	{ED}
sp|P38193|PP4R2_YEAST	WHOLE	1	1	441	61	5.289e-11	{D}
sp|P38196|FUI1_YEAST	SINGLE	1	127	167	8	1.414e-07	{W}
sp|P38196|FUI1_YEAST	SINGLE	2	608	625	9	5.499e-07	{E}
sp|P38196|FUI1_YEAST	WHOLE	1	1	639	58	4.142e-06	{I}
sp|P38222|RKM3_YEAST	SINGLE	1	418	427	9	1.937e-10	{E}
sp|P38222|RKM3_YEAST	MULTIPLE	1	399	430	21	1.604e-12	{DE}
sp|P38224|FIG1_YEAST	SINGLE	1	134	142	6	9.427e-06	{S}
sp|P38241|SLT11_YEAST	SINGLE	1	337	356	10	7.933e-08	{K}
sp|P38241|SLT11_YEAST	SINGLE	2	61	74	5	1.816e-06	{C}
sp|P38254|TTL_YEAST	SINGLE	1	503	523	9	7.512e-07	{D}
sp|P38254|TTL_YEAST	MULTIPLE	1	506	523	12	8.127e-08	{DE}
sp|P38282|SP381_YEAST	SINGLE	1	64	91	12	1.813e-07	{S}
sp|P38282|SP381_YEAST	MULTIPLE	1	63	93	26	1.487e-14	{SDE}
sp|P38288|TOS1_YEAST	SINGLE	1	172	235	27	7.753e-15	{S}
sp|P38288|TOS1_YEAST	MULTIPLE	1	125	166	20	4.158e-07	{VHT}
sp|P38288|TOS1_YEAST	MULTIPLE	2	244	278	23	2.383e-08	{SAG}
sp|P38288|TOS1_YEAST	WHOLE	1	1	455	74	3.541e-11	{S}
sp|P38314|SDS24_YEAST	SINGLE	1	435	447	8	6.465e-07	{S}
sp|P38314|SDS24_YEAST	SINGLE	2	456	471	7	3.603e-06	{P}
sp|P38314|SDS24_YEAST	SINGLE	3	34	88	12	6.039e-06	{P}
sp|P38314|SDS24_YEAST	SINGLE	4	412	431	9	7.656e-06	{A}
sp|P38314|SDS24_YEAST	MULTIPLE	1	56	74	13	2.237e-08	{PA}
sp|P38314|SDS24_YEAST	WHOLE	1	1	527	68	1.406e-06	{S}
sp|P38326|SWC5_YEAST	SINGLE	1	15	59	15	9.298e-09	{D}
sp|P38326|SWC5_YEAST	SINGLE	2	290	298	6	4.848e-07	{Q}
sp|P38326|SWC5_YEAST	SINGLE	3	3	32	11	1.333e-06	{E}
sp|P38326|SWC5_YEAST	MULTIPLE	1	14	55	29	1.305e-12	{DEG}
sp|P38349|UBX7_YEAST	SINGLE	1	121	183	15	1.856e-07	{R}
sp|P38349|UBX7_YEAST	MULTIPLE	1	117	183	28	1.639e-10	{RE}
sp|P38616|YGP1_YEAST	SINGLE	1	263	294	13	1.193e-07	{S}
sp|P38616|YGP1_YEAST	SINGLE	2	60	68	6	3.938e-06	{T}
sp|P38616|YGP1_YEAST	MULTIPLE	1	263	290	16	7.995e-08	{SV}
sp|P38616|YGP1_YEAST	MULTIPLE	2	38	68	16	1.259e-08	{TN}
sp|P38616|YGP1_YEAST	WHOLE	1	1	354	51	1.180e-06	{S}
sp|P38622|RCK1_YEAST	SINGLE	1	288	295	6	2.073e-06	{G}
sp|P38682|GLO3_YEAST	SINGLE	1	150	187	14	1.646e-07	{S}
sp|P38682|GLO3_YEAST	SINGLE	2	297	326	10	2.754e-07	{N}
sp|P38682|GLO3_YEAST	SINGLE	3	202	214	7	4.116e-06	{T}
sp|P38682|GLO3_YEAST	MULTIPLE	1	149	201	29	4.805e-10	{SDN}
sp|P38682|GLO3_YEAST	WHOLE	1	1	493	45	1.510e-06	{N}
sp|P38687|SRP68_YEAST	SINGLE	1	314	320	5	9.952e-06	{D}
sp|P38699|STB5_YEAST	SINGLE	1	213	253	15	6.637e-11	{N}
sp|P38699|STB5_YEAST	SINGLE	2	135	200	23	7.540e-11	{S}
sp|P38699|STB5_YEAST	SINGLE	3	22	49	6	4.432e-06	{C}
sp|P38699|STB5_YEAST	MULTIPLE	1	135	200	30	4.696e-12	{SN}
sp|P38699|STB5_YEAST	MULTIPLE	2	22	44	11	3.234e-07	{CK}
sp|P38699|STB5_YEAST	MULTIPLE	3	645	673	11	9.445e-07	{CI}
sp|P38699|STB5_YEAST	WHOLE	1	1	743	85	8.918e-06	{S}
sp|P38705|SYSM_YEAST	MULTIPLE	1	62	90	15	7.232e-08	{IK}
sp|P38724|ARN2_YEAST	MULTIPLE	1	28	64	15	6.656e-06	{DK}
sp|P38727|YHE4_YEAST	SINGLE	1	45	84	14	3.123e-09	{I}
sp|P38727|YHE4_YEAST	SINGLE	2	77	95	10	1.684e-06	{L}
sp|P38727|YHE4_YEAST	MULTIPLE	1	45	95	28	9.470e-12	{IL}
sp|P38735|VMR1_YEAST	SINGLE	1	1366	1414	12	2.930e-06	{I}
sp|P38735|VMR1_YEAST	SINGLE	2	173	186	8	8.637e-06	{L}
sp|P38735|VMR1_YEAST	MULTIPLE	1	271	288	12	3.168e-07	{WSI}
sp|P38735|VMR1_YEAST	WHOLE	1	1	1592	170	9.350e-21	{I}
sp|P38735|VMR1_YEAST	WHOLE	2	1	1592	197	4.852e-06	{L}
sp|P38737|ECM29_YEAST	WHOLE	1	1	1868	158	3.599e-11	{I}
sp|P38737|ECM29_YEAST	WHOLE	2	1	1868	188	1.104e-06	{S}
sp|P38748|ETP1_YEAST	SINGLE	1	572	585	8	4.357e-07	{K}
sp|P38748|ETP1_YEAST	MULTIPLE	1	378	411	14	1.451e-06	{ND}
sp|P38749|YAP3_YEAST	SINGLE	1	107	125	9	3.052e-08	{N}
sp|P38749|YAP3_YEAST	MULTIPLE	1	107	135	17	1.324e-09	{NS}
sp|P38760|MIP6_YEAST	SINGLE	1	480	504	9	5.181e-07	{N}
sp|P38760|MIP6_YEAST	SINGLE	2	55	97	12	6.588e-06	{K}
sp|P38760|MIP6_YEAST	WHOLE	1	1	659	63	3.399e-09	{N}
sp|P38760|MIP6_YEAST	WHOLE	2	1	659	73	6.875e-07	{K}
sp|P38772|BCD1_YEAST	SINGLE	1	343	354	7	9.773e-07	{D}
sp|P38772|BCD1_YEAST	SINGLE	2	5	39	7	1.149e-06	{C}
sp|P38772|BCD1_YEAST	MULTIPLE	1	111	131	11	1.727e-06	{DR}
sp|P38773|DOG2_YEAST	MULTIPLE	1	218	241	12	1.728e-06	{NV}
sp|P38789|SSF1_YEAST	SINGLE	1	296	310	9	6.926e-08	{E}
sp|P38789|SSF1_YEAST	SINGLE	2	365	408	14	2.010e-07	{K}
sp|P38789|SSF1_YEAST	MULTIPLE	1	369	410	20	2.539e-09	{KR}
sp|P38789|SSF1_YEAST	WHOLE	1	1	453	55	9.359e-07	{K}
sp|P38813|BIG1_YEAST	MULTIPLE	1	297	333	16	2.771e-07	{KQ}
sp|P38824|COX23_YEAST	SINGLE	1	35	49	9	1.682e-07	{S}
sp|P38824|COX23_YEAST	MULTIPLE	1	11	50	29	4.341e-14	{SNT}
sp|P38837|NSG1_YEAST	SINGLE	1	271	282	6	2.599e-06	{F}
sp|P38837|NSG1_YEAST	MULTIPLE	1	97	117	11	3.601e-07	{IF}
sp|P38837|NSG1_YEAST	WHOLE	1	1	291	28	8.856e-06	{F}
sp|P38845|CRP1_YEAST	SINGLE	1	397	465	25	1.492e-13	{K}
sp|P38845|CRP1_YEAST	SINGLE	2	129	152	12	3.903e-09	{K}
sp|P38845|CRP1_YEAST	MULTIPLE	1	395	465	35	6.832e-14	{KE}
sp|P38845|CRP1_YEAST	MULTIPLE	2	127	154	19	6.321e-13	{KN}
sp|P38845|CRP1_YEAST	WHOLE	1	1	465	63	3.419e-09	{K}
sp|P38845|CRP1_YEAST	WHOLE	2	1	465	55	8.004e-06	{E}
sp|P38855|PEX18_YEAST	SINGLE	1	172	200	11	9.030e-07	{E}
sp|P38855|PEX18_YEAST	WHOLE	1	1	283	32	5.579e-07	{N}
sp|P38860|MTG2_YEAST	SINGLE	1	102	142	14	1.753e-07	{G}
sp|P38865|CTR2_YEAST	SINGLE	1	30	61	7	4.540e-06	{M}
sp|P38865|CTR2_YEAST	MULTIPLE	1	30	61	17	1.030e-09	{MHD}
sp|P38866|FMO1_YEAST	SINGLE	1	13	18	5	7.177e-06	{G}
sp|P38871|SSP1_YEAST	SINGLE	1	41	84	12	2.116e-07	{N}
sp|P38871|SSP1_YEAST	MULTIPLE	1	107	122	9	1.631e-06	{NQ}
sp|P38871|SSP1_YEAST	WHOLE	1	1	571	52	2.857e-07	{N}
sp|P38880|MDM31_YEAST	MULTIPLE	1	108	142	14	5.912e-07	{IF}
sp|P38904|SPP41_YEAST	SINGLE	1	208	257	21	4.321e-13	{K}
sp|P38904|SPP41_YEAST	SINGLE	2	367	414	19	1.939e-11	{K}
sp|P38904|SPP41_YEAST	SINGLE	3	573	649	21	4.582e-09	{K}
sp|P38904|SPP41_YEAST	SINGLE	4	690	714	12	7.042e-09	{K}
sp|P38904|SPP41_YEAST	SINGLE	5	210	243	14	3.198e-08	{S}
sp|P38904|SPP41_YEAST	SINGLE	6	191	201	7	1.236e-06	{E}
sp|P38904|SPP41_YEAST	SINGLE	7	613	652	12	4.840e-06	{E}
sp|P38904|SPP41_YEAST	SINGLE	8	1426	1431	5	5.074e-06	{K}
sp|P38904|SPP41_YEAST	SINGLE	9	791	807	7	5.840e-06	{P}
sp|P38904|SPP41_YEAST	MULTIPLE	1	208	257	36	4.595e-21	{KS}
sp|P38904|SPP41_YEAST	MULTIPLE	2	367	415	28	6.768e-13	{KS}
sp|P38904|SPP41_YEAST	MULTIPLE	3	573	653	45	1.037e-14	{KER}
sp|P38904|SPP41_YEAST	MULTIPLE	4	534	564	18	6.093e-09	{SK}
sp|P38904|SPP41_YEAST	WHOLE	1	1	1435	183	2.641e-20	{K}
sp|P38904|SPP41_YEAST	WHOLE	2	1	1435	149	8.449e-09	{E}
sp|P38957|SHU2_YEAST	MULTIPLE	1	114	135	10	2.853e-06	{EC}
sp|P38966|VTC5_YEAST	SINGLE	1	804	827	10	8.196e-08	{I}
sp|P38966|VTC5_YEAST	MULTIPLE	1	804	834	20	1.595e-10	{IL}
sp|P38966|VTC5_YEAST	WHOLE	1	1	869	76	7.242e-07	{I}
sp|P38966|VTC5_YEAST	WHOLE	2	1	869	101	8.479e-07	{S}
sp|P38966|VTC5_YEAST	WHOLE	3	1	869	65	8.155e-06	{N}
sp|P38985|SRP14_YEAST	SINGLE	1	122	145	13	2.373e-10	{K}
sp|P39000|SHC1_YEAST	SINGLE	1	28	72	15	2.702e-07	{S}
sp|P39000|SHC1_YEAST	SINGLE	2	166	196	11	5.189e-06	{S}
sp|P39000|SHC1_YEAST	WHOLE	1	1	512	68	5.268e-07	{S}
sp|P39011|GDS1_YEAST	SINGLE	1	390	439	17	9.875e-07	{L}
sp|P39011|GDS1_YEAST	SINGLE	2	262	273	7	2.774e-06	{E}
sp|P39011|GDS1_YEAST	MULTIPLE	1	473	490	11	1.086e-06	{SI}
sp|P39011|GDS1_YEAST	WHOLE	1	1	633	96	4.568e-07	{L}
sp|P39078|TCPD_YEAST	WHOLE	1	1	528	54	2.774e-07	{I}
sp|P39103|COX14_YEAST	SINGLE	1	46	62	7	3.565e-06	{Q}
sp|P39106|MNN1_YEAST	MULTIPLE	1	636	650	11	4.837e-08	{KD}
sp|P39113|CAT8_YEAST	SINGLE	1	1138	1199	18	7.010e-11	{N}
sp|P39113|CAT8_YEAST	SINGLE	2	1329	1368	15	4.582e-08	{S}
sp|P39113|CAT8_YEAST	SINGLE	3	972	976	5	1.487e-07	{N}
sp|P39113|CAT8_YEAST	SINGLE	4	1052	1102	13	1.581e-07	{N}
sp|P39113|CAT8_YEAST	SINGLE	5	208	212	5	2.221e-07	{P}
sp|P39113|CAT8_YEAST	SINGLE	6	70	97	6	4.432e-06	{C}
sp|P39113|CAT8_YEAST	SINGLE	7	1243	1260	7	5.415e-06	{N}
sp|P39113|CAT8_YEAST	MULTIPLE	1	406	454	22	2.331e-07	{TNF}
sp|P39113|CAT8_YEAST	MULTIPLE	2	333	346	10	3.021e-07	{DK}
sp|P39113|CAT8_YEAST	MULTIPLE	3	460	471	9	4.901e-07	{ML}
sp|P39113|CAT8_YEAST	MULTIPLE	4	1384	1413	14	2.415e-06	{RS}
sp|P39113|CAT8_YEAST	WHOLE	1	1	1433	143	4.094e-20	{N}
sp|P39113|CAT8_YEAST	WHOLE	2	1	1433	150	1.436e-06	{S}
sp|P39526|LAA1_YEAST	SINGLE	1	124	136	10	1.919e-10	{K}
sp|P39526|LAA1_YEAST	SINGLE	2	1121	1174	13	1.417e-06	{I}
sp|P39526|LAA1_YEAST	SINGLE	3	424	432	6	9.427e-06	{S}
sp|P39526|LAA1_YEAST	MULTIPLE	1	1117	1177	31	5.325e-10	{ISN}
sp|P39526|LAA1_YEAST	WHOLE	1	1	2014	191	1.202e-17	{I}
sp|P39526|LAA1_YEAST	WHOLE	2	1	2014	215	3.587e-09	{S}
sp|P39526|LAA1_YEAST	WHOLE	3	1	2014	251	2.329e-07	{L}
sp|P39526|LAA1_YEAST	WHOLE	4	1	2014	131	1.319e-06	{N}
sp|P39535|PHO90_YEAST	SINGLE	1	163	222	18	2.158e-09	{D}
sp|P39535|PHO90_YEAST	SINGLE	2	117	125	7	3.139e-07	{S}
sp|P39535|PHO90_YEAST	MULTIPLE	1	485	500	11	1.734e-06	{SA}
sp|P39548|KTD1_YEAST	SINGLE	1	166	176	7	2.478e-06	{S}
sp|P39548|KTD1_YEAST	SINGLE	2	51	65	7	3.040e-06	{I}
sp|P39677|RRF2M_YEAST	WHOLE	1	1	819	74	3.185e-07	{I}
sp|P39677|RRF2M_YEAST	WHOLE	2	1	819	62	9.030e-06	{N}
sp|P39684|PES4_YEAST	SINGLE	1	54	64	8	9.627e-08	{S}
sp|P39684|PES4_YEAST	MULTIPLE	1	170	190	10	1.933e-06	{NF}
sp|P39684|PES4_YEAST	MULTIPLE	2	71	89	10	5.498e-06	{KN}
sp|P39684|PES4_YEAST	WHOLE	1	1	611	51	4.102e-06	{N}
sp|P39684|PES4_YEAST	WHOLE	2	1	611	65	8.536e-06	{K}
sp|P39712|FLO9_YEAST	SINGLE	1	272	857	232	2.316e-121	{T}
sp|P39712|FLO9_YEAST	SINGLE	2	887	1007	58	8.962e-34	{S}
sp|P39712|FLO9_YEAST	SINGLE	3	996	1226	72	4.260e-31	{T}
sp|P39712|FLO9_YEAST	SINGLE	4	1249	1311	21	1.238e-09	{S}
sp|P39712|FLO9_YEAST	SINGLE	5	860	867	7	7.519e-08	{S}
sp|P39712|FLO9_YEAST	MULTIPLE	1	887	1230	174	5.237e-61	{ST}
sp|P39712|FLO9_YEAST	WHOLE	1	1	1322	356	1.251e-124	{T}
sp|P39712|FLO9_YEAST	WHOLE	2	1	1322	183	2.203e-17	{S}
sp|P39732|GIP4_YEAST	SINGLE	1	460	501	17	1.508e-09	{S}
sp|P39732|GIP4_YEAST	SINGLE	2	594	632	16	3.597e-09	{S}
sp|P39732|GIP4_YEAST	SINGLE	3	428	456	10	4.843e-06	{K}
sp|P39732|GIP4_YEAST	MULTIPLE	1	452	502	26	9.257e-12	{SP}
sp|P39732|GIP4_YEAST	WHOLE	1	1	760	93	2.560e-07	{S}
sp|P39734|HPH2_YEAST	SINGLE	1	236	355	43	1.865e-19	{S}
sp|P39734|HPH2_YEAST	SINGLE	2	80	88	5	5.680e-07	{H}
sp|P39734|HPH2_YEAST	SINGLE	3	512	517	5	1.661e-06	{I}
sp|P39734|HPH2_YEAST	MULTIPLE	1	236	355	55	2.237e-20	{SP}
sp|P39734|HPH2_YEAST	WHOLE	1	1	528	85	2.458e-12	{S}
sp|P39735|SAW1_YEAST	MULTIPLE	1	241	252	7	4.410e-06	{RH}
sp|P39924|HXT13_YEAST	SINGLE	1	470	505	10	7.526e-07	{F}
sp|P39924|HXT13_YEAST	MULTIPLE	1	470	505	14	1.625e-07	{FY}
sp|P39924|HXT13_YEAST	MULTIPLE	2	2	18	10	8.619e-06	{DS}
sp|P39924|HXT13_YEAST	MULTIPLE	3	139	154	10	1.459e-06	{VI}
sp|P39927|PTI1_YEAST	SINGLE	1	286	346	18	1.874e-10	{P}
sp|P39927|PTI1_YEAST	SINGLE	2	269	304	12	1.786e-08	{N}
sp|P39927|PTI1_YEAST	SINGLE	3	139	147	6	7.549e-07	{P}
sp|P39927|PTI1_YEAST	SINGLE	4	151	161	6	2.376e-06	{N}
sp|P39927|PTI1_YEAST	SINGLE	5	351	358	5	7.464e-06	{Q}
sp|P39927|PTI1_YEAST	MULTIPLE	1	269	346	37	1.115e-15	{PNM}
sp|P39927|PTI1_YEAST	WHOLE	1	1	425	46	9.660e-08	{P}
sp|P39927|PTI1_YEAST	WHOLE	2	1	425	41	1.099e-06	{N}
sp|P39932|STL1_YEAST	SINGLE	1	549	553	5	1.948e-06	{S}
sp|P39932|STL1_YEAST	WHOLE	1	1	569	45	4.938e-06	{F}
sp|P39933|TF3A_YEAST	SINGLE	1	24	43	11	2.344e-08	{S}
sp|P39933|TF3A_YEAST	SINGLE	2	148	186	8	1.585e-06	{H}
sp|P39933|TF3A_YEAST	SINGLE	3	377	406	10	6.818e-06	{K}
sp|P39933|TF3A_YEAST	MULTIPLE	1	377	406	13	2.645e-07	{KH}
sp|P39933|TF3A_YEAST	WHOLE	1	1	429	29	9.137e-08	{H}
sp|P39938|RS26A_YEAST	SINGLE	1	82	105	9	8.312e-07	{R}
sp|P39938|RS26A_YEAST	MULTIPLE	1	82	105	12	4.215e-07	{RP}
sp|P39939|RS26B_YEAST	SINGLE	1	82	105	9	8.312e-07	{R}
sp|P39939|RS26B_YEAST	MULTIPLE	1	82	105	12	4.215e-07	{RP}
sp|P39954|SAHH_YEAST	SINGLE	1	89	95	6	1.498e-06	{A}
sp|P39955|SAPR1_YEAST	SINGLE	1	281	289	8	2.681e-09	{E}
sp|P39955|SAPR1_YEAST	SINGLE	2	304	321	10	9.128e-08	{S}
sp|P39955|SAPR1_YEAST	SINGLE	3	333	346	7	1.190e-06	{P}
sp|P39955|SAPR1_YEAST	SINGLE	4	484	508	10	4.038e-06	{S}
sp|P39955|SAPR1_YEAST	SINGLE	5	779	785	5	4.800e-06	{R}
sp|P39955|SAPR1_YEAST	MULTIPLE	1	281	292	11	4.044e-10	{ER}
sp|P39955|SAPR1_YEAST	MULTIPLE	2	468	538	32	6.643e-11	{SK}
sp|P39955|SAPR1_YEAST	MULTIPLE	3	744	759	9	4.913e-06	{ND}
sp|P39955|SAPR1_YEAST	MULTIPLE	4	139	151	7	7.933e-06	{MP}
sp|P39955|SAPR1_YEAST	WHOLE	1	1	897	112	7.115e-09	{S}
sp|P39970|ACA1_YEAST	SINGLE	1	258	267	8	2.829e-08	{S}
sp|P39970|ACA1_YEAST	MULTIPLE	1	270	304	14	1.333e-08	{HN}
sp|P39970|ACA1_YEAST	WHOLE	1	1	489	47	2.295e-07	{N}
sp|P39980|SIT1_YEAST	MULTIPLE	1	12	33	13	4.264e-07	{EV}
sp|P39980|SIT1_YEAST	WHOLE	1	1	628	69	4.671e-10	{I}
sp|P40004|YEA4_YEAST	WHOLE	1	1	342	32	3.960e-06	{F}
sp|P40007|NOP16_YEAST	SINGLE	1	142	186	13	3.142e-06	{E}
sp|P40007|NOP16_YEAST	SINGLE	2	86	114	10	7.520e-06	{E}
sp|P40007|NOP16_YEAST	MULTIPLE	1	85	114	17	5.441e-09	{ED}
sp|P40017|YAT2_YEAST	SINGLE	1	204	227	10	2.486e-07	{D}
sp|P40017|YAT2_YEAST	SINGLE	2	884	895	7	5.518e-06	{S}
sp|P40019|CHZ1_YEAST	SINGLE	1	32	36	5	2.522e-07	{R}
sp|P40019|CHZ1_YEAST	SINGLE	2	142	150	6	2.090e-06	{D}
sp|P40019|CHZ1_YEAST	SINGLE	3	84	89	5	6.509e-06	{E}
sp|P40019|CHZ1_YEAST	MULTIPLE	1	138	150	12	1.082e-10	{DE}
sp|P40019|CHZ1_YEAST	MULTIPLE	2	66	96	16	8.755e-08	{ED}
sp|P40019|CHZ1_YEAST	WHOLE	1	1	153	29	1.357e-07	{E}
sp|P40020|FIR1_YEAST	SINGLE	1	659	683	14	2.007e-10	{S}
sp|P40020|FIR1_YEAST	SINGLE	2	272	287	9	3.567e-07	{S}
sp|P40020|FIR1_YEAST	SINGLE	3	210	246	11	5.681e-07	{P}
sp|P40020|FIR1_YEAST	SINGLE	4	424	441	7	5.415e-06	{N}
sp|P40020|FIR1_YEAST	MULTIPLE	1	136	172	17	2.737e-07	{SR}
sp|P40020|FIR1_YEAST	WHOLE	1	1	876	123	9.782e-13	{S}
sp|P40020|FIR1_YEAST	WHOLE	2	1	876	73	5.790e-08	{N}
sp|P40020|FIR1_YEAST	WHOLE	3	1	876	75	2.733e-07	{P}
sp|P40023|EDC2_YEAST	SINGLE	1	87	100	9	1.914e-08	{K}
sp|P40025|PHM8_YEAST	SINGLE	1	298	307	7	4.808e-07	{E}
sp|P40025|PHM8_YEAST	SINGLE	2	151	160	6	9.064e-06	{K}
sp|P40026|KRE29_YEAST	SINGLE	1	38	42	5	5.313e-07	{D}
sp|P40026|KRE29_YEAST	SINGLE	2	297	302	5	3.011e-06	{D}
sp|P40030|ERG28_YEAST	SINGLE	1	9	14	5	5.156e-06	{T}
sp|P40035|PIC2_YEAST	MULTIPLE	1	73	101	13	1.950e-06	{GY}
sp|P40038|PCL6_YEAST	SINGLE	1	83	130	12	5.861e-07	{N}
sp|P40038|PCL6_YEAST	SINGLE	2	7	25	9	2.301e-06	{S}
sp|P40038|PCL6_YEAST	SINGLE	3	302	309	5	7.298e-06	{N}
sp|P40038|PCL6_YEAST	WHOLE	1	1	420	41	8.215e-07	{N}
sp|P40040|THO1_YEAST	SINGLE	1	39	90	16	9.361e-08	{E}
sp|P40040|THO1_YEAST	SINGLE	2	182	212	10	3.890e-07	{N}
sp|P40040|THO1_YEAST	SINGLE	3	202	218	7	6.888e-06	{R}
sp|P40040|THO1_YEAST	MULTIPLE	1	39	90	21	2.933e-08	{EQ}
sp|P40040|THO1_YEAST	MULTIPLE	2	188	218	17	1.403e-10	{NR}
sp|P40043|RGI1_YEAST	MULTIPLE	1	76	112	15	9.340e-08	{HK}
sp|P40071|TMN3_YEAST	SINGLE	1	339	344	5	3.011e-06	{D}
sp|P40074|AVT6_YEAST	SINGLE	1	230	278	13	4.324e-07	{I}
sp|P40074|AVT6_YEAST	WHOLE	1	1	448	52	9.009e-09	{I}
sp|P40077|DSE1_YEAST	SINGLE	1	497	533	13	8.412e-07	{S}
sp|P40085|TAPT1_YEAST	SINGLE	1	51	72	9	4.301e-06	{E}
sp|P40085|TAPT1_YEAST	SINGLE	2	311	331	9	6.304e-06	{S}
sp|P40088|FTR1_YEAST	SINGLE	1	94	113	7	1.362e-07	{M}
sp|P40088|FTR1_YEAST	MULTIPLE	1	91	113	12	1.003e-08	{MI}
sp|P40088|FTR1_YEAST	MULTIPLE	2	5	27	12	6.468e-07	{VF}
sp|P40092|SPI1_YEAST	SINGLE	1	61	119	19	1.227e-09	{T}
sp|P40099|FTHC_YEAST	SINGLE	1	80	100	6	4.184e-06	{H}
sp|P40154|IES2_YEAST	SINGLE	1	118	183	20	3.348e-09	{E}
sp|P40154|IES2_YEAST	SINGLE	2	25	35	7	4.312e-07	{D}
sp|P40154|IES2_YEAST	SINGLE	3	202	215	7	7.722e-06	{T}
sp|P40154|IES2_YEAST	MULTIPLE	1	194	215	12	2.927e-06	{TE}
sp|P40154|IES2_YEAST	MULTIPLE	2	241	272	18	7.368e-07	{KER}
sp|P40154|IES2_YEAST	WHOLE	1	1	320	50	6.077e-09	{E}
sp|P40169|YNT4_YEAST	MULTIPLE	1	6	27	13	4.746e-07	{FL}
sp|P40212|RL13B_YEAST	SINGLE	1	35	73	10	9.738e-06	{R}
sp|P40212|RL13B_YEAST	MULTIPLE	1	35	73	18	2.448e-07	{RA}
sp|P40212|RL13B_YEAST	MULTIPLE	2	164	196	14	4.596e-06	{RE}
sp|P40212|RL13B_YEAST	WHOLE	1	1	199	26	2.656e-06	{R}
sp|P40260|MEP1_YEAST	SINGLE	1	158	174	5	3.796e-06	{W}
sp|P40260|MEP1_YEAST	SINGLE	2	461	469	6	9.427e-06	{S}
sp|P40260|MEP1_YEAST	MULTIPLE	1	158	178	11	1.530e-07	{WG}
sp|P40310|TOK1_YEAST	SINGLE	1	517	557	15	6.704e-08	{S}
sp|P40310|TOK1_YEAST	MULTIPLE	1	514	557	20	1.582e-08	{SN}
sp|P40310|TOK1_YEAST	MULTIPLE	2	400	418	8	3.443e-06	{CF}
sp|P40314|NACB2_YEAST	MULTIPLE	1	7	43	16	2.701e-07	{NK}
sp|P40328|TBP6_YEAST	SINGLE	1	189	235	16	1.901e-08	{E}
sp|P40328|TBP6_YEAST	SINGLE	2	120	128	7	3.139e-07	{S}
sp|P40328|TBP6_YEAST	SINGLE	3	260	266	6	9.125e-07	{S}
sp|P40328|TBP6_YEAST	SINGLE	4	429	437	6	9.427e-06	{S}
sp|P40328|TBP6_YEAST	MULTIPLE	1	337	361	12	3.110e-06	{PK}
sp|P40328|TBP6_YEAST	WHOLE	1	1	754	79	2.021e-06	{K}
sp|P40328|TBP6_YEAST	WHOLE	2	1	754	86	9.104e-06	{S}
sp|P40350|ALG5_YEAST	SINGLE	1	259	293	10	4.399e-06	{I}
sp|P40350|ALG5_YEAST	WHOLE	1	1	334	37	2.848e-06	{I}
sp|P40351|ALG8_YEAST	SINGLE	1	14	29	8	1.644e-06	{K}
sp|P40351|ALG8_YEAST	WHOLE	1	1	577	60	8.811e-12	{F}
sp|P40366|DLS1_YEAST	SINGLE	1	65	72	8	1.236e-11	{Q}
sp|P40366|DLS1_YEAST	SINGLE	2	152	165	8	1.946e-07	{D}
sp|P40413|TCPE_YEAST	MULTIPLE	1	275	286	8	6.005e-06	{PK}
sp|P40433|6P21_YEAST	SINGLE	1	747	767	9	8.890e-08	{N}
sp|P40433|6P21_YEAST	SINGLE	2	652	693	15	9.677e-08	{S}
sp|P40433|6P21_YEAST	SINGLE	3	805	812	5	7.298e-06	{N}
sp|P40433|6P21_YEAST	WHOLE	1	1	827	66	9.312e-07	{N}
sp|P40442|CSS1_YEAST	SINGLE	1	27	303	160	1.211e-106	{S}
sp|P40442|CSS1_YEAST	SINGLE	2	637	936	92	1.340e-38	{T}
sp|P40442|CSS1_YEAST	SINGLE	3	599	654	20	7.657e-10	{S}
sp|P40442|CSS1_YEAST	SINGLE	4	390	447	18	6.254e-08	{S}
sp|P40442|CSS1_YEAST	MULTIPLE	1	598	937	154	2.119e-46	{TS}
sp|P40442|CSS1_YEAST	MULTIPLE	2	562	578	10	2.464e-06	{SF}
sp|P40442|CSS1_YEAST	WHOLE	1	1	995	255	1.316e-71	{S}
sp|P40442|CSS1_YEAST	WHOLE	2	1	995	150	1.390e-23	{T}
sp|P40468|TAO3_YEAST	SINGLE	1	86	130	13	3.330e-08	{Q}
sp|P40468|TAO3_YEAST	SINGLE	2	286	291	5	8.539e-07	{N}
sp|P40468|TAO3_YEAST	SINGLE	3	300	332	12	1.455e-06	{S}
sp|P40468|TAO3_YEAST	SINGLE	4	915	938	9	9.882e-06	{E}
sp|P40468|TAO3_YEAST	MULTIPLE	1	789	827	18	1.351e-07	{IS}
sp|P40468|TAO3_YEAST	MULTIPLE	2	758	776	11	9.462e-07	{SF}
sp|P40468|TAO3_YEAST	MULTIPLE	3	602	620	12	2.781e-06	{TL}
sp|P40468|TAO3_YEAST	WHOLE	1	1	2376	296	2.653e-08	{L}
sp|P40468|TAO3_YEAST	WHOLE	2	1	2376	173	1.430e-07	{I}
sp|P40468|TAO3_YEAST	WHOLE	3	1	2376	231	1.047e-06	{S}
sp|P40468|TAO3_YEAST	WHOLE	4	1	2376	145	9.047e-06	{N}
sp|P40473|POG1_YEAST	SINGLE	1	198	243	12	8.235e-07	{P}
sp|P40473|POG1_YEAST	SINGLE	2	141	146	5	8.539e-07	{N}
sp|P40473|POG1_YEAST	SINGLE	3	217	241	8	6.296e-06	{Q}
sp|P40473|POG1_YEAST	SINGLE	4	270	302	9	7.133e-06	{Q}
sp|P40473|POG1_YEAST	MULTIPLE	1	192	243	25	2.686e-13	{PQ}
sp|P40473|POG1_YEAST	MULTIPLE	2	27	59	17	1.709e-07	{ST}
sp|P40473|POG1_YEAST	WHOLE	1	1	351	35	3.251e-06	{Q}
sp|P40480|HOS4_YEAST	SINGLE	1	786	868	26	7.157e-12	{E}
sp|P40480|HOS4_YEAST	SINGLE	2	667	673	7	1.643e-09	{D}
sp|P40480|HOS4_YEAST	SINGLE	3	129	134	6	1.405e-07	{S}
sp|P40480|HOS4_YEAST	SINGLE	4	170	202	12	4.921e-07	{E}
sp|P40480|HOS4_YEAST	SINGLE	5	27	56	11	1.333e-06	{E}
sp|P40480|HOS4_YEAST	SINGLE	6	205	217	7	2.000e-06	{D}
sp|P40480|HOS4_YEAST	SINGLE	7	705	740	11	2.257e-06	{D}
sp|P40480|HOS4_YEAST	SINGLE	8	652	676	8	6.089e-06	{N}
sp|P40480|HOS4_YEAST	SINGLE	9	810	833	9	6.603e-06	{K}
sp|P40480|HOS4_YEAST	SINGLE	10	281	288	5	7.298e-06	{N}
sp|P40480|HOS4_YEAST	MULTIPLE	1	780	868	46	8.085e-19	{EK}
sp|P40480|HOS4_YEAST	MULTIPLE	2	652	676	16	6.503e-11	{DN}
sp|P40480|HOS4_YEAST	MULTIPLE	3	281	310	17	2.704e-09	{NS}
sp|P40480|HOS4_YEAST	MULTIPLE	4	440	450	9	2.295e-07	{DE}
sp|P40480|HOS4_YEAST	WHOLE	1	1	1083	115	8.703e-09	{K}
sp|P40480|HOS4_YEAST	WHOLE	2	1	1083	111	8.439e-07	{E}
sp|P40480|HOS4_YEAST	WHOLE	3	1	1083	94	7.591e-06	{D}
sp|P40481|HPM1_YEAST	MULTIPLE	1	3	15	8	5.062e-06	{DF}
sp|P40486|SHQ1_YEAST	SINGLE	1	2	41	11	2.231e-06	{I}
sp|P40486|SHQ1_YEAST	SINGLE	2	467	501	11	7.276e-06	{E}
sp|P40486|SHQ1_YEAST	MULTIPLE	1	464	507	17	1.205e-06	{EQ}
sp|P40493|BMT5_YEAST	SINGLE	1	4	52	14	8.584e-07	{K}
sp|P40493|BMT5_YEAST	MULTIPLE	1	4	64	22	8.417e-08	{KN}
sp|P40493|BMT5_YEAST	MULTIPLE	2	314	335	12	5.102e-06	{SK}
sp|P40493|BMT5_YEAST	WHOLE	1	1	336	42	7.459e-06	{K}
sp|P40499|ICE2_YEAST	SINGLE	1	129	136	6	7.444e-08	{Y}
sp|P40504|KTR7_YEAST	SINGLE	1	454	460	4	2.185e-06	{C}
sp|P40504|KTR7_YEAST	WHOLE	1	1	517	43	2.355e-06	{F}
sp|P40512|CSN11_YEAST	WHOLE	1	1	444	47	5.826e-07	{I}
sp|P40513|MAM33_YEAST	MULTIPLE	1	120	154	15	3.340e-07	{ND}
sp|P40517|YRB2_YEAST	SINGLE	1	50	97	13	3.968e-06	{K}
sp|P40517|YRB2_YEAST	MULTIPLE	1	37	97	27	9.558e-10	{KE}
sp|P40517|YRB2_YEAST	WHOLE	1	1	327	52	3.170e-10	{K}
sp|P40522|VHR1_YEAST	SINGLE	1	577	630	15	5.107e-09	{N}
sp|P40522|VHR1_YEAST	SINGLE	2	479	503	9	5.181e-07	{N}
sp|P40522|VHR1_YEAST	SINGLE	3	122	149	11	1.647e-06	{S}
sp|P40522|VHR1_YEAST	SINGLE	4	420	427	5	7.298e-06	{N}
sp|P40522|VHR1_YEAST	MULTIPLE	1	593	611	13	2.661e-09	{NT}
sp|P40522|VHR1_YEAST	MULTIPLE	2	110	150	20	3.490e-09	{SN}
sp|P40522|VHR1_YEAST	MULTIPLE	3	388	415	15	9.584e-08	{SP}
sp|P40522|VHR1_YEAST	MULTIPLE	4	519	561	16	9.045e-07	{PI}
sp|P40522|VHR1_YEAST	WHOLE	1	1	640	61	6.597e-09	{N}
sp|P40522|VHR1_YEAST	WHOLE	2	1	640	78	2.294e-06	{S}
sp|P40526|DFG10_YEAST	WHOLE	1	1	253	27	1.029e-06	{Y}
sp|P40528|S53A1_YEAST	SINGLE	1	147	184	12	7.635e-06	{S}
sp|P40528|S53A1_YEAST	MULTIPLE	1	812	830	11	3.731e-06	{SD}
sp|P40529|AGE2_YEAST	SINGLE	1	159	207	16	1.511e-07	{S}
sp|P40529|AGE2_YEAST	SINGLE	2	259	295	10	2.345e-06	{N}
sp|P40529|AGE2_YEAST	MULTIPLE	1	159	215	27	5.148e-10	{ST}
sp|P40529|AGE2_YEAST	MULTIPLE	2	234	286	30	1.997e-10	{NST}
sp|P40529|AGE2_YEAST	WHOLE	1	1	298	49	3.833e-08	{S}
sp|P40532|APQ12_YEAST	SINGLE	1	42	54	6	4.638e-06	{F}
sp|P40550|PDR11_YEAST	SINGLE	1	1189	1194	4	9.518e-07	{C}
sp|P40550|PDR11_YEAST	SINGLE	2	708	718	7	2.478e-06	{S}
sp|P40550|PDR11_YEAST	SINGLE	3	421	429	5	9.817e-06	{F}
sp|P40550|PDR11_YEAST	MULTIPLE	1	1186	1196	8	1.183e-08	{CF}
sp|P40550|PDR11_YEAST	MULTIPLE	2	472	537	33	2.905e-09	{FLI}
sp|P40550|PDR11_YEAST	WHOLE	1	1	1411	98	2.991e-08	{F}
sp|P40552|TIR3_YEAST	SINGLE	1	126	241	65	3.408e-43	{S}
sp|P40552|TIR3_YEAST	SINGLE	2	133	229	30	2.826e-11	{A}
sp|P40552|TIR3_YEAST	SINGLE	3	244	266	10	3.473e-06	{A}
sp|P40552|TIR3_YEAST	MULTIPLE	1	126	241	96	5.966e-59	{SA}
sp|P40552|TIR3_YEAST	WHOLE	1	1	269	78	6.063e-27	{S}
sp|P40552|TIR3_YEAST	WHOLE	2	1	269	58	1.150e-12	{A}
sp|P40561|SGN1_YEAST	SINGLE	1	184	207	9	3.465e-07	{N}
sp|P40561|SGN1_YEAST	SINGLE	2	165	187	9	4.420e-07	{P}
sp|P40561|SGN1_YEAST	MULTIPLE	1	163	207	30	6.522e-17	{NPY}
sp|P40566|EGH1_YEAST	SINGLE	1	600	622	10	1.642e-06	{S}
sp|P40566|EGH1_YEAST	MULTIPLE	1	595	622	16	1.050e-08	{SP}
sp|P40574|YAP5_YEAST	MULTIPLE	1	217	232	9	6.569e-08	{NC}
sp|P40574|YAP5_YEAST	MULTIPLE	2	31	47	9	6.661e-06	{RP}
sp|P40583|YPS6_YEAST	SINGLE	1	477	533	19	7.412e-09	{S}
sp|P40583|YPS6_YEAST	SINGLE	2	5	26	9	9.901e-06	{S}
sp|P40583|YPS6_YEAST	MULTIPLE	1	3	26	16	4.848e-08	{SL}
sp|P40583|YPS6_YEAST	WHOLE	1	1	537	72	1.830e-07	{S}
sp|P40856|SA185_YEAST	SINGLE	1	167	202	14	2.079e-08	{E}
sp|P40856|SA185_YEAST	SINGLE	2	990	1020	12	4.154e-08	{D}
sp|P40856|SA185_YEAST	SINGLE	3	58	71	8	6.393e-07	{E}
sp|P40856|SA185_YEAST	SINGLE	4	820	839	9	1.661e-06	{E}
sp|P40856|SA185_YEAST	SINGLE	5	531	544	7	3.777e-06	{D}
sp|P40856|SA185_YEAST	MULTIPLE	1	688	704	9	5.496e-06	{NI}
sp|P40856|SA185_YEAST	WHOLE	1	1	1058	127	1.848e-11	{E}
sp|P40856|SA185_YEAST	WHOLE	2	1	1058	107	1.649e-09	{D}
sp|P40856|SA185_YEAST	WHOLE	3	1	1058	79	1.175e-06	{N}
sp|P40858|RN49_YEAST	SINGLE	1	136	142	5	4.800e-06	{R}
sp|P40885|HXT9_YEAST	SINGLE	1	114	172	16	1.520e-08	{I}
sp|P40885|HXT9_YEAST	SINGLE	2	475	510	11	7.238e-08	{F}
sp|P40885|HXT9_YEAST	SINGLE	3	430	438	5	9.817e-06	{F}
sp|P40885|HXT9_YEAST	MULTIPLE	1	475	510	16	2.165e-09	{FY}
sp|P40886|HXT8_YEAST	SINGLE	1	479	514	11	7.238e-08	{F}
sp|P40886|HXT8_YEAST	SINGLE	2	149	186	12	1.499e-07	{I}
sp|P40886|HXT8_YEAST	MULTIPLE	1	479	514	16	2.165e-09	{FY}
sp|P40886|HXT8_YEAST	MULTIPLE	2	149	188	18	8.588e-08	{IV}
sp|P40886|HXT8_YEAST	MULTIPLE	3	430	450	9	6.969e-07	{CF}
sp|P40897|OPT1_YEAST	MULTIPLE	1	660	708	16	1.496e-06	{FP}
sp|P40897|OPT1_YEAST	MULTIPLE	2	111	127	10	1.335e-06	{VF}
sp|P40897|OPT1_YEAST	WHOLE	1	1	799	60	9.324e-07	{F}
sp|P40960|PAC11_YEAST	SINGLE	1	293	328	11	9.658e-06	{V}
sp|P40960|PAC11_YEAST	MULTIPLE	1	82	95	9	2.313e-06	{EQ}
sp|P40965|MSH4_YEAST	SINGLE	1	2	47	15	3.721e-07	{S}
sp|P40965|MSH4_YEAST	MULTIPLE	1	102	127	11	2.583e-07	{CI}
sp|P40965|MSH4_YEAST	WHOLE	1	1	878	80	8.346e-08	{I}
sp|P40971|LYS14_YEAST	SINGLE	1	159	186	6	4.432e-06	{C}
sp|P40971|LYS14_YEAST	SINGLE	2	22	47	10	6.090e-06	{S}
sp|P40971|LYS14_YEAST	MULTIPLE	1	152	186	13	1.023e-07	{CR}
sp|P40971|LYS14_YEAST	MULTIPLE	2	79	103	13	7.534e-07	{NS}
sp|P40971|LYS14_YEAST	MULTIPLE	3	278	296	9	9.646e-07	{NM}
sp|P40971|LYS14_YEAST	WHOLE	1	1	790	73	9.731e-10	{N}
sp|P40985|HUL4_YEAST	SINGLE	1	38	81	14	1.249e-06	{S}
sp|P40985|HUL4_YEAST	SINGLE	2	78	105	6	4.432e-06	{C}
sp|P40985|HUL4_YEAST	MULTIPLE	1	38	105	23	6.859e-09	{SC}
sp|P40986|CDC1_YEAST	SINGLE	1	16	38	10	4.057e-07	{K}
sp|P40986|CDC1_YEAST	MULTIPLE	1	7	38	21	1.220e-11	{KS}
sp|P40986|CDC1_YEAST	MULTIPLE	2	443	457	11	1.905e-07	{KS}
sp|P41544|SYS1_YEAST	MULTIPLE	1	110	139	12	3.724e-06	{FI}
sp|P41733|CDC91_YEAST	SINGLE	1	230	282	14	9.904e-09	{F}
sp|P41733|CDC91_YEAST	SINGLE	2	303	315	7	1.887e-07	{F}
sp|P41733|CDC91_YEAST	SINGLE	3	175	206	13	1.878e-06	{L}
sp|P41733|CDC91_YEAST	MULTIPLE	1	175	220	24	2.224e-08	{LS}
sp|P41733|CDC91_YEAST	WHOLE	1	1	394	44	3.118e-07	{I}
sp|P41733|CDC91_YEAST	WHOLE	2	1	394	37	7.294e-07	{F}
sp|P41733|CDC91_YEAST	WHOLE	3	1	394	66	8.342e-07	{L}
sp|P41814|TRM6_YEAST	MULTIPLE	1	155	189	14	8.539e-06	{KI}
sp|P41815|BAP3_YEAST	SINGLE	1	207	233	8	5.684e-06	{F}
sp|P41817|CUP9_YEAST	SINGLE	1	91	119	11	2.462e-06	{S}
sp|P41817|CUP9_YEAST	SINGLE	2	82	98	8	2.984e-06	{T}
sp|P41817|CUP9_YEAST	SINGLE	3	230	260	9	3.925e-06	{N}
sp|P41817|CUP9_YEAST	MULTIPLE	1	79	119	22	1.009e-09	{ST}
sp|P41817|CUP9_YEAST	MULTIPLE	2	227	271	17	1.147e-06	{NT}
sp|P41817|CUP9_YEAST	WHOLE	1	1	306	32	2.848e-06	{N}
sp|P41818|GLC8_YEAST	SINGLE	1	134	156	10	1.535e-07	{D}
sp|P41910|MAF1_YEAST	SINGLE	1	106	123	12	5.855e-13	{N}
sp|P41910|MAF1_YEAST	SINGLE	2	151	196	21	1.111e-12	{S}
sp|P41910|MAF1_YEAST	MULTIPLE	1	151	219	42	7.653e-17	{SNR}
sp|P41910|MAF1_YEAST	WHOLE	1	1	395	62	4.624e-09	{S}
sp|P41910|MAF1_YEAST	WHOLE	2	1	395	44	8.842e-09	{N}
sp|P41930|SSU1_YEAST	SINGLE	1	17	22	4	3.242e-06	{M}
sp|P41930|SSU1_YEAST	SINGLE	2	211	246	10	5.791e-06	{I}
sp|P42833|HXT14_YEAST	SINGLE	1	99	164	15	5.032e-07	{I}
sp|P42833|HXT14_YEAST	SINGLE	2	307	316	6	1.129e-06	{N}
sp|P42833|HXT14_YEAST	MULTIPLE	1	118	160	18	3.834e-07	{IG}
sp|P42833|HXT14_YEAST	WHOLE	1	1	540	68	1.760e-12	{I}
sp|P42841|PFS2_YEAST	SINGLE	1	6	20	9	2.053e-09	{Q}
sp|P42841|PFS2_YEAST	MULTIPLE	1	5	20	13	6.384e-12	{QN}
sp|P42843|SKP2_YEAST	SINGLE	1	22	28	7	4.902e-09	{E}
sp|P42843|SKP2_YEAST	MULTIPLE	1	674	711	14	7.935e-07	{NF}
sp|P42843|SKP2_YEAST	WHOLE	1	1	763	62	1.089e-06	{N}
sp|P42846|KRI1_YEAST	SINGLE	1	403	475	25	1.938e-12	{E}
sp|P42846|KRI1_YEAST	SINGLE	2	53	65	11	5.967e-12	{E}
sp|P42846|KRI1_YEAST	SINGLE	3	421	439	11	2.279e-09	{K}
sp|P42846|KRI1_YEAST	SINGLE	4	294	323	12	8.516e-08	{K}
sp|P42846|KRI1_YEAST	SINGLE	5	577	588	5	3.342e-06	{H}
sp|P42846|KRI1_YEAST	SINGLE	6	284	299	7	4.255e-06	{R}
sp|P42846|KRI1_YEAST	MULTIPLE	1	403	475	42	1.238e-19	{EK}
sp|P42846|KRI1_YEAST	MULTIPLE	2	284	323	19	6.643e-09	{KR}
sp|P42846|KRI1_YEAST	MULTIPLE	3	571	591	13	9.860e-10	{HK}
sp|P42846|KRI1_YEAST	MULTIPLE	4	7	38	16	1.218e-06	{TA}
sp|P42846|KRI1_YEAST	MULTIPLE	5	512	545	17	1.562e-08	{KR}
sp|P42846|KRI1_YEAST	WHOLE	1	1	591	102	2.193e-19	{E}
sp|P42846|KRI1_YEAST	WHOLE	2	1	591	86	1.550e-13	{K}
sp|P42847|RT18_YEAST	SINGLE	1	48	64	8	9.053e-06	{S}
sp|P42900|SLS1_YEAST	SINGLE	1	371	409	16	3.597e-09	{S}
sp|P42900|SLS1_YEAST	WHOLE	1	1	643	82	2.354e-07	{S}
sp|P42934|PMT6_YEAST	MULTIPLE	1	103	114	7	1.539e-06	{YH}
sp|P42944|GZF3_YEAST	SINGLE	1	105	133	10	1.918e-07	{N}
sp|P42944|GZF3_YEAST	SINGLE	2	454	478	11	4.279e-07	{S}
sp|P42944|GZF3_YEAST	MULTIPLE	1	220	260	20	4.514e-08	{KS}
sp|P42944|GZF3_YEAST	MULTIPLE	2	351	370	12	2.585e-07	{SN}
sp|P42944|GZF3_YEAST	WHOLE	1	1	551	76	2.892e-08	{S}
sp|P42944|GZF3_YEAST	WHOLE	2	1	551	49	1.149e-06	{N}
sp|P42950|GSM1_YEAST	SINGLE	1	110	150	12	9.045e-08	{N}
sp|P42950|GSM1_YEAST	SINGLE	2	208	219	7	9.773e-07	{D}
sp|P42950|GSM1_YEAST	SINGLE	3	20	48	6	5.499e-06	{C}
sp|P42950|GSM1_YEAST	MULTIPLE	1	20	61	20	2.594e-08	{CKR}
sp|P43124|NSE4_YEAST	SINGLE	1	290	299	6	9.064e-06	{K}
sp|P43549|AQY3_YEAST	SINGLE	1	564	571	5	3.932e-08	{W}
sp|P43549|AQY3_YEAST	SINGLE	2	2	14	8	6.465e-07	{S}
sp|P43549|AQY3_YEAST	SINGLE	3	364	405	13	1.670e-06	{G}
sp|P43549|AQY3_YEAST	MULTIPLE	1	564	592	17	8.947e-09	{WGI}
sp|P43549|AQY3_YEAST	MULTIPLE	2	625	646	11	8.705e-06	{SN}
sp|P43549|AQY3_YEAST	MULTIPLE	3	180	200	12	8.293e-07	{SR}
sp|P43551|ZNF1_YEAST	SINGLE	1	8	34	9	2.410e-10	{C}
sp|P43551|ZNF1_YEAST	WHOLE	1	1	465	22	6.305e-06	{C}
sp|P43553|ALR2_YEAST	SINGLE	1	661	669	6	4.718e-07	{N}
sp|P43553|ALR2_YEAST	SINGLE	2	2	19	9	1.305e-06	{S}
sp|P43553|ALR2_YEAST	WHOLE	1	1	858	104	9.081e-08	{S}
sp|P43554|SWP82_YEAST	SINGLE	1	246	261	7	2.126e-06	{N}
sp|P43554|SWP82_YEAST	SINGLE	2	527	545	8	8.162e-06	{T}
sp|P43554|SWP82_YEAST	MULTIPLE	1	527	558	15	1.806e-07	{TN}
sp|P43554|SWP82_YEAST	WHOLE	1	1	623	53	1.623e-06	{N}
sp|P43560|LAM5_YEAST	SINGLE	1	81	140	21	4.482e-10	{S}
sp|P43560|LAM5_YEAST	SINGLE	2	334	366	10	7.433e-07	{N}
sp|P43560|LAM5_YEAST	SINGLE	3	330	355	9	5.999e-06	{D}
sp|P43560|LAM5_YEAST	MULTIPLE	1	81	140	29	4.304e-12	{SR}
sp|P43560|LAM5_YEAST	MULTIPLE	2	330	361	18	8.697e-11	{ND}
sp|P43569|CAF16_YEAST	SINGLE	1	128	156	9	4.981e-06	{R}
sp|P43569|CAF16_YEAST	MULTIPLE	1	242	266	13	3.588e-07	{NV}
sp|P43574|GAT1_YEAST	SINGLE	1	207	253	20	1.454e-15	{N}
sp|P43574|GAT1_YEAST	SINGLE	2	151	158	8	9.133e-11	{D}
sp|P43574|GAT1_YEAST	SINGLE	3	488	509	8	2.055e-06	{N}
sp|P43574|GAT1_YEAST	SINGLE	4	451	457	4	7.399e-06	{M}
sp|P43574|GAT1_YEAST	SINGLE	5	288	304	8	9.053e-06	{S}
sp|P43574|GAT1_YEAST	SINGLE	6	278	287	6	9.064e-06	{K}
sp|P43574|GAT1_YEAST	MULTIPLE	1	451	469	10	6.695e-08	{MN}
sp|P43574|GAT1_YEAST	WHOLE	1	1	510	68	2.360e-16	{N}
sp|P43574|GAT1_YEAST	WHOLE	2	1	510	74	5.429e-09	{S}
sp|P43579|IES1_YEAST	SINGLE	1	494	510	8	4.231e-06	{E}
sp|P43579|IES1_YEAST	SINGLE	2	344	372	10	7.520e-06	{E}
sp|P43579|IES1_YEAST	SINGLE	3	66	72	5	9.952e-06	{D}
sp|P43581|HXT10_YEAST	SINGLE	1	461	496	11	7.238e-08	{F}
sp|P43581|HXT10_YEAST	SINGLE	2	416	424	5	9.817e-06	{F}
sp|P43581|HXT10_YEAST	MULTIPLE	1	100	145	19	2.367e-07	{GI}
sp|P43582|WWM1_YEAST	SINGLE	1	64	123	21	3.302e-14	{Q}
sp|P43582|WWM1_YEAST	SINGLE	2	135	156	11	3.609e-08	{G}
sp|P43582|WWM1_YEAST	SINGLE	3	164	210	14	1.396e-07	{D}
sp|P43582|WWM1_YEAST	SINGLE	4	182	208	11	4.734e-07	{G}
sp|P43582|WWM1_YEAST	SINGLE	5	40	79	11	1.331e-06	{P}
sp|P43582|WWM1_YEAST	SINGLE	6	90	121	9	9.864e-06	{P}
sp|P43582|WWM1_YEAST	MULTIPLE	1	37	126	51	5.936e-23	{QPY}
sp|P43582|WWM1_YEAST	MULTIPLE	2	164	210	26	1.410e-12	{DG}
sp|P43582|WWM1_YEAST	WHOLE	1	1	211	25	4.073e-06	{Q}
sp|P43589|SAD1_YEAST	SINGLE	1	48	63	5	3.835e-06	{C}
sp|P43592|FAR7_YEAST	SINGLE	1	11	22	12	4.344e-17	{Q}
sp|P43592|FAR7_YEAST	WHOLE	1	1	221	26	3.043e-06	{Q}
sp|P43596|IOC3_YEAST	SINGLE	1	74	132	19	1.164e-09	{K}
sp|P43596|IOC3_YEAST	SINGLE	2	758	779	11	5.902e-09	{D}
sp|P43596|IOC3_YEAST	SINGLE	3	460	498	13	2.967e-07	{K}
sp|P43596|IOC3_YEAST	MULTIPLE	1	74	133	28	2.581e-12	{KP}
sp|P43596|IOC3_YEAST	MULTIPLE	2	750	779	18	5.390e-10	{DE}
sp|P43596|IOC3_YEAST	MULTIPLE	3	647	676	14	4.615e-06	{EK}
sp|P43596|IOC3_YEAST	WHOLE	1	1	787	79	8.735e-06	{K}
sp|P43606|PTR3_YEAST	SINGLE	1	128	143	10	1.940e-08	{S}
sp|P43606|PTR3_YEAST	SINGLE	2	52	83	7	6.038e-07	{C}
sp|P43606|PTR3_YEAST	SINGLE	3	364	368	5	9.015e-07	{K}
sp|P43606|PTR3_YEAST	SINGLE	4	352	363	7	5.518e-06	{S}
sp|P43614|KEG1_YEAST	WHOLE	1	1	200	39	3.523e-06	{L}
sp|P43634|CHA4_YEAST	SINGLE	1	48	52	5	2.522e-07	{R}
sp|P43634|CHA4_YEAST	SINGLE	2	297	306	7	9.710e-07	{S}
sp|P43634|CHA4_YEAST	SINGLE	3	105	118	8	1.400e-06	{S}
sp|P43634|CHA4_YEAST	SINGLE	4	29	35	5	2.860e-06	{N}
sp|P43634|CHA4_YEAST	SINGLE	5	44	70	6	3.540e-06	{C}
sp|P43634|CHA4_YEAST	MULTIPLE	1	38	70	14	4.419e-09	{RC}
sp|P43638|MHP1_YEAST	SINGLE	1	128	137	9	1.088e-14	{H}
sp|P43638|MHP1_YEAST	SINGLE	2	396	413	9	1.678e-08	{N}
sp|P43638|MHP1_YEAST	SINGLE	3	555	568	9	1.489e-07	{A}
sp|P43638|MHP1_YEAST	SINGLE	4	401	426	11	6.882e-07	{S}
sp|P43638|MHP1_YEAST	SINGLE	5	63	73	7	2.478e-06	{S}
sp|P43638|MHP1_YEAST	SINGLE	6	334	345	6	7.194e-06	{P}
sp|P43638|MHP1_YEAST	MULTIPLE	1	393	426	21	3.691e-12	{NS}
sp|P43638|MHP1_YEAST	MULTIPLE	2	157	190	17	2.551e-06	{REQ}
sp|P43638|MHP1_YEAST	WHOLE	1	1	1398	160	3.413e-09	{S}
sp|P43638|MHP1_YEAST	WHOLE	2	1	1398	98	1.206e-06	{N}
sp|P45976|FIP1_YEAST	SINGLE	1	282	318	16	2.414e-12	{P}
sp|P45976|FIP1_YEAST	SINGLE	2	243	276	15	2.644e-12	{N}
sp|P45976|FIP1_YEAST	SINGLE	3	61	80	10	2.944e-08	{D}
sp|P45976|FIP1_YEAST	MULTIPLE	1	282	314	21	5.367e-17	{PM}
sp|P45976|FIP1_YEAST	MULTIPLE	2	61	80	16	1.403e-11	{DS}
sp|P45976|FIP1_YEAST	MULTIPLE	3	315	325	10	2.330e-10	{QN}
sp|P46151|MTHR1_YEAST	SINGLE	1	310	333	9	9.882e-06	{E}
sp|P46784|RS10B_YEAST	SINGLE	1	62	66	4	9.720e-06	{Y}
sp|P46950|SNG1_YEAST	SINGLE	1	515	536	11	1.977e-07	{A}
sp|P46950|SNG1_YEAST	SINGLE	2	19	23	5	2.962e-06	{A}
sp|P46950|SNG1_YEAST	MULTIPLE	1	500	536	16	1.448e-07	{AM}
sp|P46950|SNG1_YEAST	MULTIPLE	2	69	84	11	4.320e-07	{GE}
sp|P46954|SIP4_YEAST	SINGLE	1	316	359	15	2.108e-10	{N}
sp|P46954|SIP4_YEAST	SINGLE	2	166	232	23	1.116e-08	{L}
sp|P46954|SIP4_YEAST	SINGLE	3	551	557	5	2.926e-06	{Q}
sp|P46954|SIP4_YEAST	SINGLE	4	665	694	11	3.608e-06	{S}
sp|P46954|SIP4_YEAST	SINGLE	5	46	73	6	4.432e-06	{C}
sp|P46954|SIP4_YEAST	SINGLE	6	726	735	6	4.935e-06	{D}
sp|P46954|SIP4_YEAST	SINGLE	7	101	133	9	6.876e-06	{N}
sp|P46954|SIP4_YEAST	MULTIPLE	1	162	232	35	4.457e-13	{LN}
sp|P46954|SIP4_YEAST	MULTIPLE	2	665	714	22	6.484e-09	{SN}
sp|P46954|SIP4_YEAST	MULTIPLE	3	713	735	14	3.539e-08	{DE}
sp|P46954|SIP4_YEAST	WHOLE	1	1	829	100	4.780e-20	{N}
sp|P46954|SIP4_YEAST	WHOLE	2	1	829	125	1.702e-08	{L}
sp|P46961|GPI2_YEAST	SINGLE	1	52	97	11	9.508e-06	{I}
sp|P46961|GPI2_YEAST	SINGLE	2	75	79	4	9.720e-06	{Y}
sp|P46961|GPI2_YEAST	MULTIPLE	1	57	97	16	1.141e-07	{IY}
sp|P46961|GPI2_YEAST	WHOLE	1	1	280	33	2.547e-06	{I}
sp|P46970|NMD5_YEAST	SINGLE	1	941	996	16	3.525e-08	{D}
sp|P46974|RSF2_YEAST	SINGLE	1	424	433	10	2.317e-14	{Q}
sp|P46974|RSF2_YEAST	SINGLE	2	1079	1092	8	2.745e-08	{N}
sp|P46974|RSF2_YEAST	SINGLE	3	334	363	11	3.608e-06	{S}
sp|P46974|RSF2_YEAST	MULTIPLE	1	620	637	12	6.869e-08	{SP}
sp|P46974|RSF2_YEAST	WHOLE	1	1	1380	104	2.390e-08	{N}
sp|P46974|RSF2_YEAST	WHOLE	2	1	1380	154	3.009e-08	{S}
sp|P46992|TOH1_YEAST	MULTIPLE	1	181	201	12	1.751e-07	{GY}
sp|P47030|TAX4_YEAST	SINGLE	1	397	422	15	7.236e-19	{H}
sp|P47030|TAX4_YEAST	SINGLE	2	182	244	22	1.837e-10	{S}
sp|P47030|TAX4_YEAST	SINGLE	3	364	380	9	1.919e-07	{K}
sp|P47030|TAX4_YEAST	MULTIPLE	1	336	358	12	5.657e-06	{DS}
sp|P47030|TAX4_YEAST	WHOLE	1	1	604	75	1.771e-06	{S}
sp|P47031|IML2_YEAST	SINGLE	1	180	201	10	1.000e-06	{S}
sp|P47040|BTN1_YEAST	MULTIPLE	1	154	172	12	4.857e-07	{FL}
sp|P47040|BTN1_YEAST	WHOLE	1	1	408	36	3.955e-06	{F}
sp|P47045|TIM54_YEAST	MULTIPLE	1	352	389	14	3.121e-06	{IN}
sp|P47052|SDHX_YEAST	MULTIPLE	1	53	69	12	2.387e-07	{GA}
sp|P47055|LOH1_YEAST	MULTIPLE	1	151	163	10	2.046e-07	{KE}
sp|P47056|IRC18_YEAST	SINGLE	1	128	166	13	2.967e-07	{K}
sp|P47087|PEX39_YEAST	SINGLE	1	99	128	12	1.608e-09	{N}
sp|P47087|PEX39_YEAST	SINGLE	2	100	121	10	9.190e-08	{D}
sp|P47087|PEX39_YEAST	MULTIPLE	1	99	123	21	6.342e-18	{ND}
sp|P47088|GPI14_YEAST	SINGLE	1	164	181	8	9.209e-07	{I}
sp|P47089|DENR_YEAST	SINGLE	1	186	190	5	9.015e-07	{K}
sp|P47089|DENR_YEAST	MULTIPLE	1	51	110	23	3.647e-07	{KE}
sp|P47089|DENR_YEAST	WHOLE	1	1	198	31	1.256e-06	{K}
sp|P47108|URB2_YEAST	MULTIPLE	1	581	598	13	2.188e-07	{LS}
sp|P47108|URB2_YEAST	WHOLE	1	1	1174	105	2.975e-09	{I}
sp|P47108|URB2_YEAST	WHOLE	2	1	1174	154	2.192e-06	{L}
sp|P47108|URB2_YEAST	WHOLE	3	1	1174	76	8.339e-06	{F}
sp|P47128|EAF6_YEAST	SINGLE	1	46	83	8	1.288e-06	{H}
sp|P47128|EAF6_YEAST	MULTIPLE	1	45	99	29	7.125e-12	{HNS}
sp|P47135|JSN1_YEAST	SINGLE	1	1009	1079	23	1.254e-14	{N}
sp|P47135|JSN1_YEAST	SINGLE	2	507	521	9	1.972e-09	{N}
sp|P47135|JSN1_YEAST	SINGLE	3	453	490	13	3.368e-09	{Q}
sp|P47135|JSN1_YEAST	SINGLE	4	923	927	5	1.522e-07	{Q}
sp|P47135|JSN1_YEAST	SINGLE	5	90	118	12	2.869e-07	{S}
sp|P47135|JSN1_YEAST	SINGLE	6	963	970	6	1.399e-06	{T}
sp|P47135|JSN1_YEAST	SINGLE	7	41	47	5	2.926e-06	{Q}
sp|P47135|JSN1_YEAST	SINGLE	8	527	533	5	4.239e-06	{P}
sp|P47135|JSN1_YEAST	SINGLE	9	176	201	10	6.090e-06	{S}
sp|P47135|JSN1_YEAST	MULTIPLE	1	217	235	12	4.207e-08	{NT}
sp|P47135|JSN1_YEAST	MULTIPLE	2	971	1012	17	1.324e-06	{SN}
sp|P47135|JSN1_YEAST	MULTIPLE	3	8	27	10	3.179e-06	{NI}
sp|P47135|JSN1_YEAST	MULTIPLE	4	928	960	13	3.520e-06	{SH}
sp|P47135|JSN1_YEAST	MULTIPLE	5	437	458	12	5.600e-06	{LN}
sp|P47135|JSN1_YEAST	WHOLE	1	1	1091	114	7.621e-18	{N}
sp|P47135|JSN1_YEAST	WHOLE	2	1	1091	140	2.116e-11	{S}
sp|P47138|DPH4_YEAST	MULTIPLE	1	90	124	13	8.149e-06	{DF}
sp|P47147|YMR1_YEAST	SINGLE	1	464	491	10	1.323e-06	{D}
sp|P47147|YMR1_YEAST	MULTIPLE	1	19	31	8	2.021e-06	{HT}
sp|P47179|DAN4_YEAST	SINGLE	1	123	359	134	3.136e-96	{T}
sp|P47179|DAN4_YEAST	SINGLE	2	357	794	145	1.822e-56	{S}
sp|P47179|DAN4_YEAST	SINGLE	3	831	1028	67	1.803e-31	{T}
sp|P47179|DAN4_YEAST	SINGLE	4	267	323	19	7.412e-09	{S}
sp|P47179|DAN4_YEAST	SINGLE	5	1064	1107	15	2.763e-08	{T}
sp|P47179|DAN4_YEAST	MULTIPLE	1	123	795	407	7.260e-178	{TS}
sp|P47179|DAN4_YEAST	MULTIPLE	2	8	25	12	4.394e-07	{AT}
sp|P47179|DAN4_YEAST	WHOLE	1	1	1161	312	3.187e-109	{T}
sp|P47179|DAN4_YEAST	WHOLE	2	1	1161	261	6.795e-61	{S}
sp|P47180|PGLR_YEAST	SINGLE	1	68	77	6	9.234e-06	{T}
sp|P47180|PGLR_YEAST	MULTIPLE	1	337	360	16	4.048e-09	{SG}
sp|P47180|PGLR_YEAST	MULTIPLE	2	157	171	9	3.959e-06	{ID}
sp|P47180|PGLR_YEAST	WHOLE	1	1	361	51	2.049e-06	{S}
sp|P47185|HXT16_YEAST	SINGLE	1	467	508	11	4.060e-07	{F}
sp|P47185|HXT16_YEAST	MULTIPLE	1	473	508	14	1.625e-07	{FY}
sp|P47185|HXT16_YEAST	MULTIPLE	2	142	157	10	1.459e-06	{VI}
sp|P47988|TEA1_YEAST	SINGLE	1	70	96	6	3.540e-06	{C}
sp|P47988|TEA1_YEAST	SINGLE	2	26	45	9	3.882e-06	{S}
sp|P47988|TEA1_YEAST	MULTIPLE	1	65	96	12	2.794e-07	{CR}
sp|P48234|NOL10_YEAST	SINGLE	1	511	570	17	1.420e-07	{E}
sp|P48234|NOL10_YEAST	SINGLE	2	427	444	8	7.422e-07	{R}
sp|P48234|NOL10_YEAST	MULTIPLE	1	507	594	43	4.983e-11	{EKD}
sp|P48234|NOL10_YEAST	MULTIPLE	2	426	444	14	3.492e-10	{RE}
sp|P48234|NOL10_YEAST	MULTIPLE	3	479	499	12	8.751e-07	{DE}
sp|P48362|HGH1_YEAST	SINGLE	1	371	392	15	1.664e-13	{E}
sp|P48362|HGH1_YEAST	MULTIPLE	1	371	389	18	4.867e-16	{ED}
sp|P48365|GYP7_YEAST	SINGLE	1	706	713	8	7.303e-10	{S}
sp|P48365|GYP7_YEAST	MULTIPLE	1	629	668	15	2.569e-07	{QF}
sp|P48365|GYP7_YEAST	WHOLE	1	1	746	59	4.050e-06	{N}
sp|P48445|BPL1_YEAST	SINGLE	1	260	304	11	2.163e-06	{N}
sp|P48445|BPL1_YEAST	MULTIPLE	1	260	304	14	4.903e-07	{NH}
sp|P48565|PALH_YEAST	SINGLE	1	496	509	8	1.946e-07	{D}
sp|P48565|PALH_YEAST	SINGLE	2	283	295	8	4.077e-06	{L}
sp|P48565|PALH_YEAST	MULTIPLE	1	496	512	14	6.368e-11	{DE}
sp|P48567|PUS4_YEAST	SINGLE	1	44	67	9	6.603e-06	{K}
sp|P48589|RS12_YEAST	SINGLE	1	115	123	6	5.132e-06	{V}
sp|P48589|RS12_YEAST	MULTIPLE	1	4	31	17	3.967e-09	{EV}
sp|P48743|RFX1_YEAST	SINGLE	1	117	156	14	1.570e-09	{P}
sp|P48743|RFX1_YEAST	SINGLE	2	374	424	17	4.459e-08	{S}
sp|P48743|RFX1_YEAST	SINGLE	3	45	75	9	3.925e-06	{N}
sp|P48743|RFX1_YEAST	SINGLE	4	383	405	8	5.413e-06	{P}
sp|P48743|RFX1_YEAST	SINGLE	5	77	100	8	7.741e-06	{P}
sp|P48743|RFX1_YEAST	SINGLE	6	369	381	6	8.081e-06	{N}
sp|P48743|RFX1_YEAST	MULTIPLE	1	383	419	22	6.216e-12	{SP}
sp|P48743|RFX1_YEAST	MULTIPLE	2	45	81	19	2.872e-09	{NS}
sp|P48743|RFX1_YEAST	WHOLE	1	1	811	116	1.267e-12	{S}
sp|P48743|RFX1_YEAST	WHOLE	2	1	811	75	5.736e-10	{N}
sp|P48836|VATG_YEAST	WHOLE	1	1	114	22	1.295e-06	{K}
sp|P49090|ASNS2_YEAST	MULTIPLE	1	244	263	11	4.459e-06	{AN}
sp|P49367|LYS4_YEAST	MULTIPLE	1	399	424	11	2.499e-06	{GC}
sp|P50109|PSP2_YEAST	SINGLE	1	408	485	32	2.072e-23	{N}
sp|P50109|PSP2_YEAST	SINGLE	2	523	579	20	2.575e-10	{G}
sp|P50109|PSP2_YEAST	SINGLE	3	416	449	12	8.745e-07	{G}
sp|P50109|PSP2_YEAST	SINGLE	4	4	10	5	2.860e-06	{N}
sp|P50109|PSP2_YEAST	SINGLE	5	97	103	4	7.399e-06	{H}
sp|P50109|PSP2_YEAST	SINGLE	6	59	72	5	8.083e-06	{H}
sp|P50109|PSP2_YEAST	SINGLE	7	529	547	7	8.205e-06	{N}
sp|P50109|PSP2_YEAST	MULTIPLE	1	408	476	44	1.194e-25	{NG}
sp|P50109|PSP2_YEAST	MULTIPLE	2	526	587	43	4.773e-21	{GNR}
sp|P50109|PSP2_YEAST	MULTIPLE	3	57	92	15	1.200e-07	{HG}
sp|P50109|PSP2_YEAST	WHOLE	1	1	593	71	1.319e-14	{N}
sp|P50276|MUP1_YEAST	WHOLE	1	1	574	55	1.540e-06	{I}
sp|P50896|PSP1_YEAST	SINGLE	1	348	359	10	1.400e-12	{Q}
sp|P50896|PSP1_YEAST	SINGLE	2	305	323	10	1.375e-09	{N}
sp|P50896|PSP1_YEAST	SINGLE	3	493	532	12	6.686e-08	{N}
sp|P50896|PSP1_YEAST	SINGLE	4	139	176	11	3.491e-07	{N}
sp|P50896|PSP1_YEAST	SINGLE	5	254	266	7	3.755e-07	{Q}
sp|P50896|PSP1_YEAST	SINGLE	6	788	826	11	4.654e-07	{N}
sp|P50896|PSP1_YEAST	SINGLE	7	115	138	10	2.612e-06	{S}
sp|P50896|PSP1_YEAST	SINGLE	8	29	76	11	4.220e-06	{N}
sp|P50896|PSP1_YEAST	SINGLE	9	393	411	7	8.205e-06	{N}
sp|P50896|PSP1_YEAST	SINGLE	10	690	708	7	8.205e-06	{N}
sp|P50896|PSP1_YEAST	MULTIPLE	1	139	190	23	7.809e-10	{NMQ}
sp|P50896|PSP1_YEAST	MULTIPLE	2	385	411	15	3.343e-08	{NS}
sp|P50896|PSP1_YEAST	WHOLE	1	1	841	115	2.559e-27	{N}
sp|P50944|AVT4_YEAST	SINGLE	1	209	229	10	5.878e-07	{S}
sp|P50944|AVT4_YEAST	SINGLE	2	627	638	6	9.795e-06	{I}
sp|P50944|AVT4_YEAST	WHOLE	1	1	713	66	5.574e-07	{I}
sp|P50944|AVT4_YEAST	WHOLE	2	1	713	54	2.394e-06	{F}
sp|P50946|OCA1_YEAST	SINGLE	1	7	55	18	6.172e-10	{E}
sp|P50946|OCA1_YEAST	SINGLE	2	32	42	7	4.312e-07	{D}
sp|P50946|OCA1_YEAST	MULTIPLE	1	7	51	26	2.765e-13	{ED}
sp|P51533|PDR10_YEAST	SINGLE	1	896	911	10	1.940e-08	{S}
sp|P51533|PDR10_YEAST	SINGLE	2	834	848	9	4.488e-08	{K}
sp|P51533|PDR10_YEAST	SINGLE	3	568	572	5	9.161e-07	{T}
sp|P51533|PDR10_YEAST	SINGLE	4	1557	1564	6	1.373e-06	{K}
sp|P51533|PDR10_YEAST	SINGLE	5	73	80	6	3.387e-06	{S}
sp|P51533|PDR10_YEAST	SINGLE	6	804	812	5	9.817e-06	{F}
sp|P51534|SHE4_YEAST	WHOLE	1	1	789	72	3.127e-07	{I}
sp|P51534|SHE4_YEAST	WHOLE	2	1	789	110	3.681e-06	{L}
sp|P52867|PMT5_YEAST	MULTIPLE	1	622	658	16	3.522e-09	{FY}
sp|P52867|PMT5_YEAST	WHOLE	1	1	743	57	8.987e-07	{F}
sp|P52911|EXG2_YEAST	SINGLE	1	495	520	10	6.090e-06	{S}
sp|P52911|EXG2_YEAST	MULTIPLE	1	495	520	15	1.293e-07	{ST}
sp|P52919|NBP1_YEAST	SINGLE	1	16	77	17	2.988e-09	{R}
sp|P52919|NBP1_YEAST	WHOLE	1	1	319	39	7.073e-08	{R}
sp|P53035|MIG2_YEAST	SINGLE	1	244	293	18	4.565e-09	{S}
sp|P53035|MIG2_YEAST	SINGLE	2	171	195	11	4.279e-07	{S}
sp|P53035|MIG2_YEAST	SINGLE	3	23	46	7	5.567e-07	{H}
sp|P53035|MIG2_YEAST	SINGLE	4	218	238	8	1.414e-06	{Q}
sp|P53035|MIG2_YEAST	SINGLE	5	318	350	11	3.860e-06	{E}
sp|P53035|MIG2_YEAST	MULTIPLE	1	15	46	13	8.066e-08	{HR}
sp|P53035|MIG2_YEAST	MULTIPLE	2	323	354	18	1.752e-08	{ES}
sp|P53035|MIG2_YEAST	MULTIPLE	3	129	170	18	8.060e-07	{PA}
sp|P53035|MIG2_YEAST	WHOLE	1	1	382	55	4.950e-07	{S}
sp|P53059|MNT2_YEAST	MULTIPLE	1	7	34	15	3.500e-06	{VL}
sp|P53062|BRR6_YEAST	SINGLE	1	164	172	6	1.036e-06	{I}
sp|P53072|TAN1_YEAST	SINGLE	1	49	97	14	1.544e-06	{E}
sp|P53072|TAN1_YEAST	WHOLE	1	1	289	39	2.635e-06	{K}
sp|P53073|EMC4_YEAST	SINGLE	1	49	79	9	4.073e-06	{Q}
sp|P53075|SHE10_YEAST	SINGLE	1	524	559	14	2.079e-08	{E}
sp|P53075|SHE10_YEAST	SINGLE	2	564	576	8	2.040e-07	{T}
sp|P53075|SHE10_YEAST	SINGLE	3	227	239	7	4.116e-06	{T}
sp|P53075|SHE10_YEAST	MULTIPLE	1	521	559	28	6.856e-15	{EQR}
sp|P53080|EDC1_YEAST	SINGLE	1	20	47	11	9.679e-09	{N}
sp|P53080|EDC1_YEAST	MULTIPLE	1	97	126	14	9.623e-06	{NL}
sp|P53080|EDC1_YEAST	WHOLE	1	1	175	27	8.038e-09	{N}
sp|P53094|MDS3_YEAST	SINGLE	1	822	851	15	3.735e-10	{S}
sp|P53094|MDS3_YEAST	SINGLE	2	855	880	11	8.687e-09	{P}
sp|P53094|MDS3_YEAST	SINGLE	3	1261	1273	9	2.791e-08	{S}
sp|P53094|MDS3_YEAST	SINGLE	4	666	671	6	1.405e-07	{S}
sp|P53094|MDS3_YEAST	SINGLE	5	1344	1348	5	1.160e-06	{E}
sp|P53094|MDS3_YEAST	SINGLE	6	800	810	6	2.440e-06	{Q}
sp|P53094|MDS3_YEAST	SINGLE	7	712	719	6	3.387e-06	{S}
sp|P53094|MDS3_YEAST	SINGLE	8	1276	1297	9	4.301e-06	{E}
sp|P53094|MDS3_YEAST	MULTIPLE	1	817	851	23	1.192e-13	{SR}
sp|P53094|MDS3_YEAST	MULTIPLE	2	744	772	14	1.463e-06	{SR}
sp|P53094|MDS3_YEAST	WHOLE	1	1	1487	203	2.086e-18	{S}
sp|P53102|MND1_YEAST	MULTIPLE	1	196	218	11	5.624e-06	{EF}
sp|P53102|MND1_YEAST	WHOLE	1	1	219	37	1.908e-08	{K}
sp|P53107|YRB30_YEAST	SINGLE	1	339	369	20	7.327e-17	{E}
sp|P53107|YRB30_YEAST	WHOLE	1	1	440	55	1.694e-06	{E}
sp|P53108|YIP5_YEAST	SINGLE	1	10	35	9	5.999e-06	{D}
sp|P53108|YIP5_YEAST	MULTIPLE	1	265	284	11	2.647e-06	{NS}
sp|P53121|FLC3_YEAST	SINGLE	1	537	569	9	3.163e-06	{F}
sp|P53121|FLC3_YEAST	MULTIPLE	1	537	584	18	1.474e-10	{FM}
sp|P53121|FLC3_YEAST	MULTIPLE	2	326	349	9	2.616e-06	{FC}
sp|P53121|FLC3_YEAST	WHOLE	1	1	802	57	7.792e-06	{F}
sp|P53124|PCL10_YEAST	SINGLE	1	96	111	7	2.126e-06	{N}
sp|P53158|KXD1_YEAST	SINGLE	1	16	64	18	3.149e-09	{S}
sp|P53177|TYW3_YEAST	MULTIPLE	1	246	264	12	9.343e-08	{RE}
sp|P53179|PALF_YEAST	SINGLE	1	231	256	12	6.685e-08	{S}
sp|P53179|PALF_YEAST	MULTIPLE	1	463	486	13	4.170e-07	{SQ}
sp|P53185|VIR_YEAST	SINGLE	1	367	420	23	1.086e-17	{N}
sp|P53185|VIR_YEAST	SINGLE	2	394	405	9	2.458e-09	{T}
sp|P53185|VIR_YEAST	SINGLE	3	812	837	12	1.272e-08	{T}
sp|P53185|VIR_YEAST	SINGLE	4	758	763	5	8.737e-07	{Q}
sp|P53185|VIR_YEAST	SINGLE	5	771	816	11	2.722e-06	{N}
sp|P53185|VIR_YEAST	MULTIPLE	1	375	413	29	8.863e-21	{NT}
sp|P53185|VIR_YEAST	MULTIPLE	2	764	837	39	8.348e-12	{TNS}
sp|P53185|VIR_YEAST	WHOLE	1	1	909	95	3.441e-15	{N}
sp|P53185|VIR_YEAST	WHOLE	2	1	909	80	3.168e-07	{I}
sp|P53185|VIR_YEAST	WHOLE	3	1	909	106	4.223e-07	{S}
sp|P53188|CGR1_YEAST	SINGLE	1	20	68	15	1.319e-07	{K}
sp|P53188|CGR1_YEAST	MULTIPLE	1	20	93	32	6.007e-11	{KE}
sp|P53188|CGR1_YEAST	WHOLE	1	1	120	27	3.200e-09	{K}
sp|P53189|SCW11_YEAST	SINGLE	1	204	280	42	7.869e-28	{S}
sp|P53189|SCW11_YEAST	SINGLE	2	196	266	21	9.749e-10	{T}
sp|P53189|SCW11_YEAST	SINGLE	3	31	106	21	3.753e-09	{T}
sp|P53189|SCW11_YEAST	SINGLE	4	98	173	22	9.562e-09	{S}
sp|P53189|SCW11_YEAST	SINGLE	5	150	168	8	8.162e-06	{T}
sp|P53189|SCW11_YEAST	MULTIPLE	1	196	280	65	1.513e-39	{ST}
sp|P53189|SCW11_YEAST	MULTIPLE	2	35	168	59	3.894e-18	{TS}
sp|P53189|SCW11_YEAST	WHOLE	1	1	542	107	1.738e-21	{S}
sp|P53189|SCW11_YEAST	WHOLE	2	1	542	80	5.676e-13	{T}
sp|P53203|PEX31_YEAST	SINGLE	1	388	394	5	4.800e-06	{R}
sp|P53207|SNU71_YEAST	SINGLE	1	336	368	13	5.526e-08	{E}
sp|P53207|SNU71_YEAST	MULTIPLE	1	336	368	21	3.878e-12	{ED}
sp|P53207|SNU71_YEAST	MULTIPLE	2	509	523	10	3.371e-06	{SE}
sp|P53207|SNU71_YEAST	WHOLE	1	1	620	73	4.536e-07	{E}
sp|P53214|MTL1_YEAST	SINGLE	1	43	305	152	1.874e-101	{S}
sp|P53214|MTL1_YEAST	SINGLE	2	468	474	7	1.643e-09	{D}
sp|P53214|MTL1_YEAST	SINGLE	3	362	382	8	3.680e-06	{I}
sp|P53214|MTL1_YEAST	MULTIPLE	1	362	382	13	5.384e-07	{IL}
sp|P53214|MTL1_YEAST	WHOLE	1	1	551	188	4.343e-75	{S}
sp|P53235|EIF2A_YEAST	MULTIPLE	1	497	540	18	4.113e-07	{GP}
sp|P53244|ART5_YEAST	SINGLE	1	199	223	11	4.279e-07	{S}
sp|P53244|ART5_YEAST	SINGLE	2	3	10	6	3.387e-06	{S}
sp|P53244|ART5_YEAST	MULTIPLE	1	196	223	17	6.192e-10	{SN}
sp|P53246|ENV11_YEAST	SINGLE	1	35	51	9	2.941e-07	{E}
sp|P53246|ENV11_YEAST	MULTIPLE	1	35	77	19	5.509e-08	{EI}
sp|P53246|ENV11_YEAST	WHOLE	1	1	860	112	7.322e-10	{S}
sp|P53246|ENV11_YEAST	WHOLE	2	1	860	71	1.207e-07	{N}
sp|P53246|ENV11_YEAST	WHOLE	3	1	860	77	2.662e-07	{I}
sp|P53273|VSB1_YEAST	SINGLE	1	550	576	11	2.428e-08	{I}
sp|P53273|VSB1_YEAST	SINGLE	2	10	51	13	4.146e-06	{S}
sp|P53273|VSB1_YEAST	SINGLE	3	3	9	5	4.800e-06	{R}
sp|P53273|VSB1_YEAST	MULTIPLE	1	247	279	15	1.851e-06	{SI}
sp|P53273|VSB1_YEAST	WHOLE	1	1	1036	97	1.191e-09	{I}
sp|P53280|CF130_YEAST	SINGLE	1	304	338	13	5.974e-06	{L}
sp|P53283|TPO2_YEAST	SINGLE	1	125	149	13	8.582e-10	{E}
sp|P53283|TPO2_YEAST	SINGLE	2	420	428	5	9.817e-06	{F}
sp|P53295|RBG2_YEAST	SINGLE	1	47	55	7	1.767e-07	{G}
sp|P53313|SDA1_YEAST	SINGLE	1	555	628	25	9.012e-14	{D}
sp|P53313|SDA1_YEAST	SINGLE	2	292	318	11	2.360e-07	{K}
sp|P53313|SDA1_YEAST	SINGLE	3	690	741	13	6.542e-07	{R}
sp|P53313|SDA1_YEAST	SINGLE	4	269	281	7	5.621e-06	{E}
sp|P53313|SDA1_YEAST	MULTIPLE	1	546	630	44	6.193e-19	{DE}
sp|P53313|SDA1_YEAST	MULTIPLE	2	265	287	13	3.613e-07	{ED}
sp|P53332|COAD_YEAST	MULTIPLE	1	74	91	10	9.139e-07	{IN}
sp|P53333|CWC22_YEAST	SINGLE	1	533	577	16	1.196e-10	{R}
sp|P53333|CWC22_YEAST	SINGLE	2	486	504	11	3.863e-09	{E}
sp|P53333|CWC22_YEAST	SINGLE	3	139	143	5	6.591e-06	{L}
sp|P53337|ERV29_YEAST	SINGLE	1	111	120	7	4.758e-07	{V}
sp|P53388|DIP5_YEAST	SINGLE	1	54	64	7	2.478e-06	{S}
sp|P53390|MEP3_YEAST	SINGLE	1	157	173	5	3.796e-06	{W}
sp|P53390|MEP3_YEAST	MULTIPLE	1	157	177	11	1.530e-07	{WG}
sp|P53437|RRN9_YEAST	SINGLE	1	261	293	11	2.388e-06	{K}
sp|P53438|SOK2_YEAST	SINGLE	1	35	98	27	2.521e-20	{Q}
sp|P53438|SOK2_YEAST	SINGLE	2	206	219	11	3.197e-13	{Q}
sp|P53438|SOK2_YEAST	SINGLE	3	233	265	15	1.995e-09	{S}
sp|P53438|SOK2_YEAST	SINGLE	4	270	351	19	5.049e-09	{P}
sp|P53438|SOK2_YEAST	SINGLE	5	526	532	7	1.013e-08	{S}
sp|P53438|SOK2_YEAST	SINGLE	6	148	172	10	1.065e-08	{Y}
sp|P53438|SOK2_YEAST	SINGLE	7	331	335	5	1.522e-07	{Q}
sp|P53438|SOK2_YEAST	SINGLE	8	548	579	10	5.413e-07	{N}
sp|P53438|SOK2_YEAST	SINGLE	9	377	418	12	5.229e-06	{T}
sp|P53438|SOK2_YEAST	MULTIPLE	1	38	94	39	3.675e-22	{QYP}
sp|P53438|SOK2_YEAST	MULTIPLE	2	268	355	32	1.730e-12	{PQ}
sp|P53438|SOK2_YEAST	MULTIPLE	3	148	172	15	5.953e-11	{YQ}
sp|P53438|SOK2_YEAST	WHOLE	1	1	785	113	1.579e-12	{S}
sp|P53438|SOK2_YEAST	WHOLE	2	1	785	80	1.954e-12	{Q}
sp|P53438|SOK2_YEAST	WHOLE	3	1	785	72	3.669e-08	{P}
sp|P53438|SOK2_YEAST	WHOLE	4	1	785	64	6.885e-07	{N}
sp|P53629|ARE2_YEAST	SINGLE	1	192	209	8	5.037e-06	{T}
sp|P53629|ARE2_YEAST	WHOLE	1	1	642	50	2.462e-06	{F}
sp|P53631|HXT17_YEAST	SINGLE	1	470	505	10	7.526e-07	{F}
sp|P53631|HXT17_YEAST	MULTIPLE	1	470	505	14	1.625e-07	{FY}
sp|P53631|HXT17_YEAST	MULTIPLE	2	139	154	10	1.459e-06	{VI}
sp|P53718|NRM1_YEAST	SINGLE	1	173	195	10	1.642e-06	{S}
sp|P53718|NRM1_YEAST	WHOLE	1	1	249	40	1.056e-06	{S}
sp|P53756|PDR18_YEAST	MULTIPLE	1	471	490	10	2.134e-06	{FI}
sp|P53834|HCH1_YEAST	SINGLE	1	85	90	5	3.011e-06	{D}
sp|P53836|CA120_YEAST	SINGLE	1	886	1030	35	6.794e-16	{P}
sp|P53836|CA120_YEAST	SINGLE	2	463	518	19	5.326e-09	{S}
sp|P53836|CA120_YEAST	MULTIPLE	1	886	1040	56	1.741e-20	{PQ}
sp|P53836|CA120_YEAST	MULTIPLE	2	718	752	21	1.285e-08	{DNS}
sp|P53836|CA120_YEAST	MULTIPLE	3	47	64	11	8.734e-07	{SP}
sp|P53836|CA120_YEAST	WHOLE	1	1	1060	93	4.350e-09	{P}
sp|P53836|CA120_YEAST	WHOLE	2	1	1060	85	2.921e-08	{N}
sp|P53836|CA120_YEAST	WHOLE	3	1	1060	124	4.646e-08	{S}
sp|P53849|GIS2_YEAST	SINGLE	1	6	80	12	2.664e-09	{C}
sp|P53849|GIS2_YEAST	SINGLE	2	94	150	9	2.850e-07	{C}
sp|P53849|GIS2_YEAST	WHOLE	1	1	153	21	8.064e-14	{C}
sp|P53854|CWC25_YEAST	SINGLE	1	131	149	8	7.972e-06	{K}
sp|P53854|CWC25_YEAST	MULTIPLE	1	119	149	15	2.403e-06	{KS}
sp|P53854|CWC25_YEAST	WHOLE	1	1	179	30	4.415e-07	{K}
sp|P53858|BNI4_YEAST	SINGLE	1	122	129	7	3.667e-08	{E}
sp|P53858|BNI4_YEAST	SINGLE	2	335	383	14	8.584e-07	{K}
sp|P53858|BNI4_YEAST	SINGLE	3	2	23	10	1.000e-06	{S}
sp|P53858|BNI4_YEAST	SINGLE	4	321	364	14	1.249e-06	{S}
sp|P53858|BNI4_YEAST	SINGLE	5	290	305	8	1.644e-06	{K}
sp|P53858|BNI4_YEAST	SINGLE	6	649	680	10	5.174e-06	{D}
sp|P53858|BNI4_YEAST	MULTIPLE	1	310	383	38	4.059e-11	{KSN}
sp|P53858|BNI4_YEAST	WHOLE	1	1	892	120	2.742e-11	{S}
sp|P53861|ELOA1_YEAST	MULTIPLE	1	135	164	15	9.192e-08	{EQ}
sp|P53861|ELOA1_YEAST	MULTIPLE	2	305	322	9	4.507e-06	{TH}
sp|P53863|JJJ1_YEAST	SINGLE	1	456	468	10	1.919e-10	{K}
sp|P53863|JJJ1_YEAST	SINGLE	2	513	530	10	2.134e-08	{K}
sp|P53863|JJJ1_YEAST	SINGLE	3	480	509	10	2.702e-06	{D}
sp|P53863|JJJ1_YEAST	SINGLE	4	526	546	9	6.304e-06	{S}
sp|P53863|JJJ1_YEAST	MULTIPLE	1	511	546	20	2.515e-09	{KS}
sp|P53863|JJJ1_YEAST	MULTIPLE	2	412	449	17	4.676e-07	{ED}
sp|P53863|JJJ1_YEAST	WHOLE	1	1	590	83	2.290e-12	{K}
sp|P53890|BNI5_YEAST	SINGLE	1	325	360	14	7.506e-08	{S}
sp|P53890|BNI5_YEAST	SINGLE	2	161	197	12	1.963e-06	{E}
sp|P53903|PGA2_YEAST	MULTIPLE	1	47	75	14	1.126e-06	{KD}
sp|P53938|EOS1_YEAST	MULTIPLE	1	242	257	12	1.030e-08	{DE}
sp|P53946|ARP5_YEAST	SINGLE	1	433	444	7	2.774e-06	{E}
sp|P53946|ARP5_YEAST	SINGLE	2	462	489	10	3.383e-06	{K}
sp|P53946|ARP5_YEAST	SINGLE	3	231	257	8	4.365e-06	{Y}
sp|P53946|ARP5_YEAST	SINGLE	4	413	448	11	6.123e-06	{K}
sp|P53946|ARP5_YEAST	MULTIPLE	1	413	449	20	1.832e-09	{EK}
sp|P53953|SFB2_YEAST	SINGLE	1	303	320	11	1.740e-09	{E}
sp|P53953|SFB2_YEAST	SINGLE	2	26	60	12	1.309e-08	{Q}
sp|P53953|SFB2_YEAST	SINGLE	3	295	337	14	4.025e-08	{D}
sp|P53953|SFB2_YEAST	MULTIPLE	1	295	338	28	1.011e-15	{ED}
sp|P53953|SFB2_YEAST	MULTIPLE	2	26	60	17	7.433e-10	{QN}
sp|P53953|SFB2_YEAST	MULTIPLE	3	801	829	13	9.136e-07	{RI}
sp|P53966|KTR5_YEAST	SINGLE	1	462	468	4	2.185e-06	{C}
sp|P53971|FAP1_YEAST	SINGLE	1	458	653	35	6.733e-26	{C}
sp|P53971|FAP1_YEAST	SINGLE	2	114	251	22	8.635e-16	{C}
sp|P53971|FAP1_YEAST	SINGLE	3	328	427	19	2.709e-15	{C}
sp|P53971|FAP1_YEAST	SINGLE	4	68	95	6	4.432e-06	{C}
sp|P53971|FAP1_YEAST	SINGLE	5	404	442	10	9.738e-06	{R}
sp|P53971|FAP1_YEAST	WHOLE	1	1	965	92	1.580e-41	{C}
sp|P54003|SUR7_YEAST	SINGLE	1	9	26	9	9.630e-06	{L}
sp|P54003|SUR7_YEAST	MULTIPLE	1	2	26	14	3.736e-06	{LV}
sp|P54964|ORN_YEAST	SINGLE	1	243	261	9	2.301e-06	{S}
sp|Q00453|RGM1_YEAST	SINGLE	1	102	159	20	7.306e-13	{P}
sp|Q00453|RGM1_YEAST	WHOLE	1	1	211	31	1.384e-08	{P}
sp|Q00723|PRP38_YEAST	SINGLE	1	217	242	11	6.882e-07	{S}
sp|Q00723|PRP38_YEAST	MULTIPLE	1	217	242	16	6.776e-09	{SD}
sp|Q01163|RT23_YEAST	SINGLE	1	36	47	8	2.680e-07	{S}
sp|Q01329|PTA1_YEAST	SINGLE	1	610	615	6	1.405e-07	{S}
sp|Q01329|PTA1_YEAST	SINGLE	2	501	505	5	5.313e-07	{D}
sp|Q01329|PTA1_YEAST	SINGLE	3	527	556	11	1.333e-06	{E}
sp|Q01329|PTA1_YEAST	SINGLE	4	492	496	5	1.948e-06	{S}
sp|Q01329|PTA1_YEAST	SINGLE	5	303	314	7	5.518e-06	{S}
sp|Q01329|PTA1_YEAST	MULTIPLE	1	418	441	14	4.181e-08	{SN}
sp|Q01329|PTA1_YEAST	WHOLE	1	1	785	92	1.711e-06	{S}
sp|Q01802|AATM_YEAST	MULTIPLE	1	307	327	10	3.026e-06	{QN}
sp|Q01846|MDM1_YEAST	SINGLE	1	926	942	9	7.035e-07	{S}
sp|Q01846|MDM1_YEAST	SINGLE	2	27	44	7	2.867e-06	{F}
sp|Q01846|MDM1_YEAST	WHOLE	1	1	1127	148	3.081e-06	{L}
sp|Q02197|NAA35_YEAST	SINGLE	1	500	511	7	1.982e-06	{K}
sp|Q02202|ECM9_YEAST	MULTIPLE	1	137	147	8	3.545e-06	{SN}
sp|Q02204|RM13_YEAST	MULTIPLE	1	73	82	8	1.093e-06	{SN}
sp|Q02208|TOF2_YEAST	SINGLE	1	690	720	18	2.162e-13	{S}
sp|Q02208|TOF2_YEAST	SINGLE	2	712	719	6	7.378e-07	{D}
sp|Q02208|TOF2_YEAST	SINGLE	3	54	73	9	3.882e-06	{S}
sp|Q02208|TOF2_YEAST	MULTIPLE	1	690	720	25	1.465e-17	{SD}
sp|Q02208|TOF2_YEAST	WHOLE	1	1	771	102	1.678e-09	{S}
sp|Q02208|TOF2_YEAST	WHOLE	2	1	771	80	2.513e-06	{K}
sp|Q02208|TOF2_YEAST	WHOLE	3	1	771	61	2.903e-06	{N}
sp|Q02516|HAP5_YEAST	SINGLE	1	9	46	11	3.653e-07	{Q}
sp|Q02516|HAP5_YEAST	MULTIPLE	1	9	74	27	2.414e-10	{QE}
sp|Q02516|HAP5_YEAST	MULTIPLE	2	86	109	12	6.118e-06	{DG}
sp|Q02521|SPP2_YEAST	SINGLE	1	3	29	11	2.360e-07	{K}
sp|Q02521|SPP2_YEAST	WHOLE	1	1	185	33	2.817e-08	{K}
sp|Q02554|CUS1_YEAST	SINGLE	1	398	428	11	1.932e-06	{E}
sp|Q02554|CUS1_YEAST	SINGLE	2	12	23	6	4.547e-06	{N}
sp|Q02554|CUS1_YEAST	WHOLE	1	1	436	51	5.964e-06	{K}
sp|Q02783|LPE10_YEAST	WHOLE	1	1	413	66	3.953e-06	{L}
sp|Q02825|SEN54_YEAST	SINGLE	1	19	27	9	2.071e-11	{E}
sp|Q02825|SEN54_YEAST	SINGLE	2	235	247	6	4.638e-06	{F}
sp|Q02825|SEN54_YEAST	MULTIPLE	1	374	407	18	4.231e-08	{KS}
sp|Q02866|MUK1_YEAST	SINGLE	1	129	195	22	7.005e-10	{S}
sp|Q02866|MUK1_YEAST	SINGLE	2	512	554	17	2.314e-09	{S}
sp|Q02866|MUK1_YEAST	SINGLE	3	503	517	8	5.629e-08	{N}
sp|Q02866|MUK1_YEAST	SINGLE	4	449	456	5	7.298e-06	{N}
sp|Q02866|MUK1_YEAST	MULTIPLE	1	129	197	29	1.074e-10	{SN}
sp|Q02866|MUK1_YEAST	MULTIPLE	2	503	554	27	1.022e-12	{SN}
sp|Q02866|MUK1_YEAST	WHOLE	1	1	612	80	1.232e-07	{S}
sp|Q02866|MUK1_YEAST	WHOLE	2	1	612	55	2.115e-07	{N}
sp|Q02875|SYH1_YEAST	SINGLE	1	436	478	21	1.055e-14	{K}
sp|Q02875|SYH1_YEAST	SINGLE	2	637	720	25	5.228e-10	{S}
sp|Q02875|SYH1_YEAST	SINGLE	3	322	386	20	2.496e-09	{E}
sp|Q02875|SYH1_YEAST	SINGLE	4	118	146	9	4.065e-06	{P}
sp|Q02875|SYH1_YEAST	MULTIPLE	1	427	479	37	1.109e-21	{KE}
sp|Q02875|SYH1_YEAST	MULTIPLE	2	637	723	38	3.978e-12	{ST}
sp|Q02875|SYH1_YEAST	MULTIPLE	3	89	150	31	5.980e-10	{PSN}
sp|Q02875|SYH1_YEAST	WHOLE	1	1	849	102	1.777e-07	{S}
sp|Q02932|KA120_YEAST	WHOLE	1	1	1032	92	2.804e-08	{I}
sp|Q02932|KA120_YEAST	WHOLE	2	1	1032	144	1.745e-07	{L}
sp|Q02969|PEX25_YEAST	MULTIPLE	1	255	288	17	3.363e-07	{LQ}
sp|Q02983|RRN5_YEAST	SINGLE	1	313	344	11	2.753e-06	{E}
sp|Q02983|RRN5_YEAST	MULTIPLE	1	311	338	20	3.347e-11	{EQN}
sp|Q02983|RRN5_YEAST	WHOLE	1	1	363	37	9.446e-06	{R}
sp|Q03016|GIP3_YEAST	SINGLE	1	131	214	26	9.217e-11	{S}
sp|Q03016|GIP3_YEAST	SINGLE	2	28	68	18	1.002e-10	{S}
sp|Q03016|GIP3_YEAST	SINGLE	3	1098	1103	5	6.509e-06	{E}
sp|Q03016|GIP3_YEAST	SINGLE	4	734	755	10	8.823e-06	{L}
sp|Q03016|GIP3_YEAST	SINGLE	5	108	128	8	8.833e-06	{D}
sp|Q03016|GIP3_YEAST	SINGLE	6	318	339	9	9.901e-06	{S}
sp|Q03016|GIP3_YEAST	MULTIPLE	1	1138	1164	15	2.519e-07	{ST}
sp|Q03016|GIP3_YEAST	MULTIPLE	2	980	1015	18	1.497e-07	{LN}
sp|Q03016|GIP3_YEAST	WHOLE	1	1	1276	163	8.516e-13	{S}
sp|Q03016|GIP3_YEAST	WHOLE	2	1	1276	91	1.391e-06	{N}
sp|Q03088|SVL3_YEAST	SINGLE	1	670	767	25	3.968e-13	{N}
sp|Q03088|SVL3_YEAST	SINGLE	2	806	825	10	7.933e-08	{K}
sp|Q03088|SVL3_YEAST	SINGLE	3	598	615	8	3.473e-07	{Q}
sp|Q03088|SVL3_YEAST	SINGLE	4	415	427	7	3.755e-07	{Q}
sp|Q03088|SVL3_YEAST	SINGLE	5	357	396	11	6.424e-07	{Q}
sp|Q03088|SVL3_YEAST	SINGLE	6	72	115	13	7.261e-06	{S}
sp|Q03088|SVL3_YEAST	SINGLE	7	629	654	8	8.418e-06	{N}
sp|Q03088|SVL3_YEAST	MULTIPLE	1	597	616	14	5.035e-11	{QP}
sp|Q03088|SVL3_YEAST	MULTIPLE	2	409	427	15	4.389e-11	{QA}
sp|Q03088|SVL3_YEAST	MULTIPLE	3	770	797	15	9.584e-08	{SP}
sp|Q03088|SVL3_YEAST	MULTIPLE	4	509	557	17	6.434e-06	{QE}
sp|Q03088|SVL3_YEAST	MULTIPLE	5	471	494	14	6.176e-08	{PS}
sp|Q03088|SVL3_YEAST	WHOLE	1	1	825	112	6.793e-11	{S}
sp|Q03088|SVL3_YEAST	WHOLE	2	1	825	78	9.830e-11	{N}
sp|Q03088|SVL3_YEAST	WHOLE	3	1	825	64	3.649e-06	{Q}
sp|Q03212|EAR1_YEAST	SINGLE	1	415	428	7	3.777e-06	{D}
sp|Q03214|ECM5_YEAST	MULTIPLE	1	278	297	11	1.413e-06	{EN}
sp|Q03218|MMT1_YEAST	SINGLE	1	129	144	8	5.503e-10	{H}
sp|Q03218|MMT1_YEAST	SINGLE	2	291	301	7	4.334e-06	{A}
sp|Q03218|MMT1_YEAST	MULTIPLE	1	356	377	12	1.078e-06	{IG}
sp|Q03218|MMT1_YEAST	WHOLE	1	1	510	52	4.846e-07	{I}
sp|Q03246|RT17_YEAST	MULTIPLE	1	10	35	13	3.875e-06	{KV}
sp|Q03254|FCP1_YEAST	SINGLE	1	647	671	15	2.767e-13	{D}
sp|Q03254|FCP1_YEAST	SINGLE	2	605	631	9	1.131e-06	{Q}
sp|Q03254|FCP1_YEAST	MULTIPLE	1	605	632	14	2.461e-07	{QE}
sp|Q03254|FCP1_YEAST	MULTIPLE	2	388	436	21	1.283e-07	{EK}
sp|Q03254|FCP1_YEAST	WHOLE	1	1	732	77	5.081e-08	{D}
sp|Q03281|HEH2_YEAST	SINGLE	1	226	277	15	5.823e-07	{E}
sp|Q03281|HEH2_YEAST	SINGLE	2	122	137	8	1.644e-06	{K}
sp|Q03281|HEH2_YEAST	WHOLE	1	1	663	82	1.541e-09	{K}
sp|Q03281|HEH2_YEAST	WHOLE	2	1	663	79	1.052e-07	{E}
sp|Q03289|PFA5_YEAST	MULTIPLE	1	7	22	10	3.264e-07	{RI}
sp|Q03289|PFA5_YEAST	MULTIPLE	2	52	78	13	2.064e-06	{VI}
sp|Q03306|PKH3_YEAST	SINGLE	1	463	482	9	3.882e-06	{S}
sp|Q03306|PKH3_YEAST	SINGLE	2	27	61	11	4.532e-06	{K}
sp|Q03306|PKH3_YEAST	SINGLE	3	893	898	5	5.074e-06	{K}
sp|Q03306|PKH3_YEAST	SINGLE	4	809	817	6	9.427e-06	{S}
sp|Q03306|PKH3_YEAST	MULTIPLE	1	415	482	24	3.598e-07	{SP}
sp|Q03306|PKH3_YEAST	MULTIPLE	2	670	689	12	3.619e-07	{SP}
sp|Q03306|PKH3_YEAST	WHOLE	1	1	898	75	3.581e-08	{N}
sp|Q03323|SDC1_YEAST	SINGLE	1	37	60	9	3.465e-07	{N}
sp|Q03323|SDC1_YEAST	WHOLE	1	1	175	23	1.604e-06	{N}
sp|Q03338|PRP3_YEAST	SINGLE	1	199	209	8	1.269e-08	{D}
sp|Q03338|PRP3_YEAST	SINGLE	2	241	256	8	2.408e-07	{R}
sp|Q03338|PRP3_YEAST	MULTIPLE	1	113	132	13	6.573e-08	{EK}
sp|Q03338|PRP3_YEAST	MULTIPLE	2	304	325	11	7.175e-06	{RE}
sp|Q03338|PRP3_YEAST	WHOLE	1	1	469	55	2.588e-06	{K}
sp|Q03370|PEX29_YEAST	SINGLE	1	42	74	12	1.455e-06	{S}
sp|Q03370|PEX29_YEAST	SINGLE	2	196	224	9	4.065e-06	{P}
sp|Q03370|PEX29_YEAST	MULTIPLE	1	395	432	14	5.664e-07	{WE}
sp|Q03375|CWC21_YEAST	SINGLE	1	33	43	7	7.889e-08	{Q}
sp|Q03375|CWC21_YEAST	SINGLE	2	65	93	11	9.030e-07	{E}
sp|Q03375|CWC21_YEAST	MULTIPLE	1	14	43	20	9.189e-10	{QRS}
sp|Q03430|RSM28_YEAST	SINGLE	1	54	87	10	1.008e-06	{N}
sp|Q03430|RSM28_YEAST	MULTIPLE	1	54	96	20	1.623e-10	{NR}
sp|Q03446|RCR2_YEAST	MULTIPLE	1	16	29	9	1.058e-06	{ND}
sp|Q03661|ESC1_YEAST	SINGLE	1	368	443	21	8.488e-09	{E}
sp|Q03661|ESC1_YEAST	SINGLE	2	1389	1426	14	4.631e-08	{E}
sp|Q03661|ESC1_YEAST	SINGLE	3	206	269	17	3.866e-07	{E}
sp|Q03661|ESC1_YEAST	SINGLE	4	1604	1615	7	1.982e-06	{K}
sp|Q03661|ESC1_YEAST	SINGLE	5	1614	1648	10	3.422e-06	{R}
sp|Q03661|ESC1_YEAST	SINGLE	6	1546	1584	12	3.624e-06	{E}
sp|Q03661|ESC1_YEAST	MULTIPLE	1	368	444	39	1.324e-12	{ESH}
sp|Q03661|ESC1_YEAST	MULTIPLE	2	167	257	48	8.567e-13	{EDS}
sp|Q03661|ESC1_YEAST	MULTIPLE	3	1602	1648	22	6.227e-10	{KR}
sp|Q03661|ESC1_YEAST	MULTIPLE	4	1153	1186	16	4.319e-07	{VD}
sp|Q03661|ESC1_YEAST	MULTIPLE	5	287	307	12	8.751e-07	{ED}
sp|Q03661|ESC1_YEAST	MULTIPLE	6	481	515	15	1.060e-06	{NE}
sp|Q03661|ESC1_YEAST	MULTIPLE	7	61	85	13	7.027e-08	{SH}
sp|Q03661|ESC1_YEAST	WHOLE	1	1	1658	236	2.708e-29	{E}
sp|Q03661|ESC1_YEAST	WHOLE	2	1	1658	202	1.948e-13	{S}
sp|Q03661|ESC1_YEAST	WHOLE	3	1	1658	134	3.905e-12	{N}
sp|Q03661|ESC1_YEAST	WHOLE	4	1	1658	159	1.848e-11	{D}
sp|Q03694|INP1_YEAST	SINGLE	1	297	311	12	3.345e-13	{D}
sp|Q03694|INP1_YEAST	SINGLE	2	18	74	15	1.108e-06	{K}
sp|Q03694|INP1_YEAST	MULTIPLE	1	295	313	17	1.112e-15	{DN}
sp|Q03707|SRC1_YEAST	SINGLE	1	112	183	29	3.965e-18	{D}
sp|Q03707|SRC1_YEAST	SINGLE	2	87	94	6	3.066e-07	{R}
sp|Q03707|SRC1_YEAST	SINGLE	3	400	428	10	7.520e-06	{E}
sp|Q03707|SRC1_YEAST	MULTIPLE	1	76	99	15	6.375e-09	{RS}
sp|Q03707|SRC1_YEAST	MULTIPLE	2	514	535	10	2.792e-07	{CP}
sp|Q03718|NSE5_YEAST	WHOLE	1	1	556	85	1.319e-06	{L}
sp|Q03735|NAB6_YEAST	SINGLE	1	116	182	23	2.992e-15	{N}
sp|Q03735|NAB6_YEAST	SINGLE	2	472	496	13	5.427e-12	{N}
sp|Q03735|NAB6_YEAST	SINGLE	3	985	993	7	3.139e-07	{S}
sp|Q03735|NAB6_YEAST	SINGLE	4	497	519	10	1.642e-06	{S}
sp|Q03735|NAB6_YEAST	MULTIPLE	1	933	960	19	4.781e-09	{ENG}
sp|Q03735|NAB6_YEAST	WHOLE	1	1	1134	121	1.628e-19	{N}
sp|Q03735|NAB6_YEAST	WHOLE	2	1	1134	134	8.620e-09	{S}
sp|Q03750|TAF8_YEAST	SINGLE	1	459	482	10	6.719e-07	{T}
sp|Q03750|TAF8_YEAST	SINGLE	2	144	160	8	4.231e-06	{E}
sp|Q03750|TAF8_YEAST	SINGLE	3	166	197	9	9.864e-06	{P}
sp|Q03750|TAF8_YEAST	MULTIPLE	1	143	162	13	9.579e-09	{EN}
sp|Q03758|BUL2_YEAST	SINGLE	1	586	604	10	1.788e-07	{S}
sp|Q03758|BUL2_YEAST	SINGLE	2	886	893	4	4.301e-06	{C}
sp|Q03758|BUL2_YEAST	MULTIPLE	1	813	829	11	2.816e-07	{SN}
sp|Q03758|BUL2_YEAST	MULTIPLE	2	38	68	14	7.971e-06	{DS}
sp|Q03758|BUL2_YEAST	WHOLE	1	1	920	75	8.975e-08	{N}
sp|Q03760|PML39_YEAST	SINGLE	1	133	137	4	3.224e-07	{C}
sp|Q03776|PRP42_YEAST	SINGLE	1	205	238	11	3.313e-06	{K}
sp|Q03782|SNU56_YEAST	SINGLE	1	310	321	8	2.680e-07	{S}
sp|Q03782|SNU56_YEAST	SINGLE	2	412	454	10	9.909e-06	{N}
sp|Q03824|INP2_YEAST	MULTIPLE	1	477	498	11	1.018e-06	{IN}
sp|Q03829|MME1_YEAST	MULTIPLE	1	11	33	12	1.373e-06	{HPN}
sp|Q03860|TVP15_YEAST	SINGLE	1	133	141	8	7.762e-10	{D}
sp|Q03860|TVP15_YEAST	SINGLE	2	11	22	6	9.795e-06	{I}
sp|Q03860|TVP15_YEAST	MULTIPLE	1	85	115	13	7.848e-07	{FI}
sp|Q03937|HED1_YEAST	SINGLE	1	114	158	13	1.818e-06	{K}
sp|Q03937|HED1_YEAST	MULTIPLE	1	109	158	19	4.073e-07	{KP}
sp|Q03981|CSN9_YEAST	MULTIPLE	1	70	97	13	3.445e-06	{EI}
sp|Q04031|RRP17_YEAST	SINGLE	1	56	99	13	2.390e-06	{E}
sp|Q04031|RRP17_YEAST	SINGLE	2	100	130	10	3.767e-06	{D}
sp|Q04031|RRP17_YEAST	SINGLE	3	182	218	11	8.175e-06	{K}
sp|Q04031|RRP17_YEAST	MULTIPLE	1	56	99	18	4.060e-07	{ER}
sp|Q04031|RRP17_YEAST	WHOLE	1	1	235	36	3.333e-07	{K}
sp|Q04052|ARO80_YEAST	SINGLE	1	921	943	12	3.422e-11	{N}
sp|Q04052|ARO80_YEAST	MULTIPLE	1	16	58	18	1.992e-07	{CRP}
sp|Q04052|ARO80_YEAST	MULTIPLE	2	843	854	9	5.445e-07	{NS}
sp|Q04052|ARO80_YEAST	WHOLE	1	1	950	73	1.064e-06	{N}
sp|Q04116|YHP1_YEAST	SINGLE	1	171	179	6	8.757e-07	{R}
sp|Q04116|YHP1_YEAST	MULTIPLE	1	234	285	20	4.445e-06	{TS}
sp|Q04174|SMP3_YEAST	SINGLE	1	181	214	9	4.134e-06	{F}
sp|Q04174|SMP3_YEAST	SINGLE	2	234	258	8	6.089e-06	{N}
sp|Q04174|SMP3_YEAST	MULTIPLE	1	177	230	30	1.040e-08	{FSL}
sp|Q04174|SMP3_YEAST	WHOLE	1	1	516	82	4.445e-07	{L}
sp|Q04182|PDR15_YEAST	SINGLE	1	13	24	10	2.157e-10	{S}
sp|Q04182|PDR15_YEAST	SINGLE	2	628	663	10	7.526e-07	{F}
sp|Q04182|PDR15_YEAST	SINGLE	3	862	870	6	9.427e-06	{S}
sp|Q04182|PDR15_YEAST	MULTIPLE	1	62	80	13	8.193e-09	{NS}
sp|Q04182|PDR15_YEAST	MULTIPLE	2	1301	1321	10	3.219e-06	{YI}
sp|Q04182|PDR15_YEAST	MULTIPLE	3	695	710	8	2.184e-06	{WI}
sp|Q04183|TR120_YEAST	SINGLE	1	205	240	17	7.975e-11	{S}
sp|Q04183|TR120_YEAST	SINGLE	2	352	396	15	2.702e-07	{S}
sp|Q04183|TR120_YEAST	MULTIPLE	1	774	816	18	2.130e-07	{IK}
sp|Q04183|TR120_YEAST	MULTIPLE	2	68	87	10	3.963e-06	{FD}
sp|Q04183|TR120_YEAST	MULTIPLE	3	1076	1087	8	7.174e-06	{IK}
sp|Q04183|TR120_YEAST	WHOLE	1	1	1289	126	3.375e-13	{I}
sp|Q04183|TR120_YEAST	WHOLE	2	1	1289	137	1.732e-06	{S}
sp|Q04213|IOC4_YEAST	SINGLE	1	243	251	9	2.071e-11	{E}
sp|Q04213|IOC4_YEAST	SINGLE	2	181	195	11	9.129e-11	{E}
sp|Q04213|IOC4_YEAST	SINGLE	3	265	294	13	7.766e-09	{K}
sp|Q04213|IOC4_YEAST	SINGLE	4	64	90	11	3.893e-07	{E}
sp|Q04213|IOC4_YEAST	SINGLE	5	442	470	10	7.520e-06	{E}
sp|Q04213|IOC4_YEAST	MULTIPLE	1	265	294	19	7.277e-12	{KP}
sp|Q04213|IOC4_YEAST	WHOLE	1	1	475	63	4.526e-08	{E}
sp|Q04213|IOC4_YEAST	WHOLE	2	1	475	59	1.978e-07	{K}
sp|Q04279|SEG1_YEAST	SINGLE	1	942	960	9	6.418e-07	{K}
sp|Q04279|SEG1_YEAST	SINGLE	2	62	74	8	6.465e-07	{S}
sp|Q04279|SEG1_YEAST	SINGLE	3	587	602	8	5.165e-06	{S}
sp|Q04279|SEG1_YEAST	MULTIPLE	1	626	658	17	3.348e-08	{SR}
sp|Q04279|SEG1_YEAST	MULTIPLE	2	298	321	13	4.087e-07	{SN}
sp|Q04279|SEG1_YEAST	WHOLE	1	1	960	146	1.243e-17	{S}
sp|Q04279|SEG1_YEAST	WHOLE	2	1	960	87	7.621e-11	{N}
sp|Q04279|SEG1_YEAST	WHOLE	3	1	960	102	5.097e-08	{K}
sp|Q04299|YMX7_YEAST	SINGLE	1	50	71	6	5.629e-06	{H}
sp|Q04347|BUD22_YEAST	SINGLE	1	160	188	9	2.129e-06	{N}
sp|Q04347|BUD22_YEAST	SINGLE	2	45	53	6	3.865e-06	{K}
sp|Q04347|BUD22_YEAST	SINGLE	3	380	388	6	3.865e-06	{K}
sp|Q04347|BUD22_YEAST	SINGLE	4	407	417	6	4.366e-06	{R}
sp|Q04347|BUD22_YEAST	SINGLE	5	88	112	9	9.680e-06	{K}
sp|Q04347|BUD22_YEAST	MULTIPLE	1	448	492	25	5.009e-08	{REA}
sp|Q04347|BUD22_YEAST	MULTIPLE	2	320	347	15	1.169e-07	{ED}
sp|Q04347|BUD22_YEAST	WHOLE	1	1	519	73	4.304e-11	{K}
sp|Q04368|CSI1_YEAST	MULTIPLE	1	206	232	12	1.573e-06	{NI}
sp|Q04368|CSI1_YEAST	WHOLE	1	1	295	36	4.288e-07	{I}
sp|Q04372|TAP42_YEAST	SINGLE	1	307	333	10	3.623e-06	{E}
sp|Q04383|PLM2_YEAST	MULTIPLE	1	239	253	9	5.079e-06	{NE}
sp|Q04383|PLM2_YEAST	MULTIPLE	2	477	489	8	4.528e-06	{DY}
sp|Q04411|URC2_YEAST	SINGLE	1	740	751	6	2.599e-06	{F}
sp|Q04411|URC2_YEAST	SINGLE	2	72	101	6	6.765e-06	{C}
sp|Q04411|URC2_YEAST	WHOLE	1	1	772	63	7.930e-07	{N}
sp|Q04412|AGE1_YEAST	SINGLE	1	117	133	7	3.651e-08	{H}
sp|Q04412|AGE1_YEAST	SINGLE	2	186	210	6	2.187e-06	{C}
sp|Q04412|AGE1_YEAST	SINGLE	3	100	152	15	2.691e-06	{S}
sp|Q04412|AGE1_YEAST	SINGLE	4	243	260	7	5.415e-06	{N}
sp|Q04412|AGE1_YEAST	SINGLE	5	442	458	8	9.053e-06	{S}
sp|Q04412|AGE1_YEAST	MULTIPLE	1	113	143	22	5.450e-13	{HSN}
sp|Q04412|AGE1_YEAST	WHOLE	1	1	482	68	6.062e-08	{S}
sp|Q04433|FIT1_YEAST	SINGLE	1	270	433	57	1.759e-24	{S}
sp|Q04433|FIT1_YEAST	SINGLE	2	449	478	13	4.775e-08	{S}
sp|Q04433|FIT1_YEAST	SINGLE	3	47	76	12	1.073e-06	{A}
sp|Q04433|FIT1_YEAST	SINGLE	4	171	196	10	1.601e-06	{T}
sp|Q04433|FIT1_YEAST	SINGLE	5	236	261	10	1.601e-06	{T}
sp|Q04433|FIT1_YEAST	SINGLE	6	101	126	10	1.601e-06	{T}
sp|Q04433|FIT1_YEAST	SINGLE	7	22	43	9	2.930e-06	{T}
sp|Q04433|FIT1_YEAST	SINGLE	8	392	447	14	4.896e-06	{T}
sp|Q04433|FIT1_YEAST	MULTIPLE	1	270	440	89	2.585e-33	{ST}
sp|Q04433|FIT1_YEAST	WHOLE	1	1	528	103	4.005e-25	{T}
sp|Q04433|FIT1_YEAST	WHOLE	2	1	528	105	2.260e-21	{S}
sp|Q04433|FIT1_YEAST	WHOLE	3	1	528	78	3.212e-08	{A}
sp|Q04471|YM04_YEAST	SINGLE	1	363	368	5	5.074e-06	{K}
sp|Q04545|TDA9_YEAST	SINGLE	1	395	436	14	1.175e-09	{N}
sp|Q04545|TDA9_YEAST	SINGLE	2	474	509	10	1.788e-06	{N}
sp|Q04545|TDA9_YEAST	SINGLE	3	441	452	5	3.342e-06	{H}
sp|Q04545|TDA9_YEAST	SINGLE	4	163	176	7	7.560e-06	{K}
sp|Q04545|TDA9_YEAST	SINGLE	5	616	629	7	7.722e-06	{T}
sp|Q04545|TDA9_YEAST	MULTIPLE	1	395	436	23	1.131e-11	{NS}
sp|Q04545|TDA9_YEAST	WHOLE	1	1	1251	144	1.266e-08	{S}
sp|Q04545|TDA9_YEAST	WHOLE	2	1	1251	96	3.347e-08	{N}
sp|Q04549|ARP10_YEAST	WHOLE	1	1	284	37	6.045e-08	{I}
sp|Q04562|TMN2_YEAST	MULTIPLE	1	556	597	18	1.588e-06	{FL}
sp|Q04562|TMN2_YEAST	WHOLE	1	1	672	54	4.359e-07	{F}
sp|Q04693|RSE1_YEAST	SINGLE	1	790	807	13	2.263e-12	{E}
sp|Q04693|RSE1_YEAST	SINGLE	2	903	917	10	2.889e-09	{E}
sp|Q04693|RSE1_YEAST	MULTIPLE	1	790	807	17	3.822e-15	{ED}
sp|Q04693|RSE1_YEAST	MULTIPLE	2	903	918	13	6.771e-12	{EM}
sp|Q04693|RSE1_YEAST	MULTIPLE	3	810	836	11	6.569e-06	{WS}
sp|Q04693|RSE1_YEAST	WHOLE	1	1	1361	107	9.379e-07	{I}
sp|Q04697|GSF2_YEAST	SINGLE	1	274	288	8	5.187e-06	{A}
sp|Q04712|RRN11_YEAST	SINGLE	1	96	124	11	9.030e-07	{E}
sp|Q04712|RRN11_YEAST	SINGLE	2	69	85	7	6.888e-06	{R}
sp|Q04740|RNH1_YEAST	SINGLE	1	89	102	9	7.251e-08	{S}
sp|Q04751|NAA40_YEAST	MULTIPLE	1	188	217	11	2.611e-06	{HR}
sp|Q04895|DAL4_YEAST	SINGLE	1	113	153	8	1.414e-07	{W}
sp|Q04895|DAL4_YEAST	SINGLE	2	29	56	9	1.535e-06	{N}
sp|Q04895|DAL4_YEAST	SINGLE	3	244	252	5	9.817e-06	{F}
sp|Q04895|DAL4_YEAST	WHOLE	1	1	635	55	3.307e-08	{F}
sp|Q04934|IVY1_YEAST	SINGLE	1	354	382	12	2.869e-07	{S}
sp|Q04934|IVY1_YEAST	WHOLE	1	1	453	60	2.338e-06	{S}
sp|Q04952|FKS3_YEAST	SINGLE	1	1470	1494	10	1.501e-08	{F}
sp|Q04952|FKS3_YEAST	SINGLE	2	331	351	8	6.618e-07	{F}
sp|Q04952|FKS3_YEAST	SINGLE	3	1397	1424	9	6.914e-07	{F}
sp|Q04952|FKS3_YEAST	SINGLE	4	1756	1761	5	8.539e-07	{N}
sp|Q04952|FKS3_YEAST	SINGLE	5	1200	1225	8	4.163e-06	{F}
sp|Q04952|FKS3_YEAST	SINGLE	6	1770	1783	7	7.722e-06	{T}
sp|Q04952|FKS3_YEAST	MULTIPLE	1	1036	1060	14	5.701e-08	{EP}
sp|Q04952|FKS3_YEAST	WHOLE	1	1	1785	154	1.792e-19	{F}
sp|Q04952|FKS3_YEAST	WHOLE	2	1	1785	132	1.488e-06	{I}
sp|Q04969|SPC2_YEAST	SINGLE	1	113	148	11	6.123e-06	{K}
sp|Q05024|TRI1_YEAST	SINGLE	1	95	110	9	9.624e-08	{K}
sp|Q05024|TRI1_YEAST	MULTIPLE	1	91	123	23	1.163e-10	{KSR}
sp|Q05043|RSF1_YEAST	SINGLE	1	257	266	8	8.428e-09	{K}
sp|Q05043|RSF1_YEAST	SINGLE	2	349	376	10	1.313e-07	{N}
sp|Q05043|RSF1_YEAST	SINGLE	3	114	119	5	8.737e-07	{Q}
sp|Q05043|RSF1_YEAST	MULTIPLE	1	349	376	14	3.688e-10	{NH}
sp|Q05043|RSF1_YEAST	WHOLE	1	1	376	37	2.176e-06	{N}
sp|Q05050|EIS1_YEAST	SINGLE	1	130	196	22	7.005e-10	{S}
sp|Q05050|EIS1_YEAST	MULTIPLE	1	16	46	21	1.017e-08	{SKG}
sp|Q05050|EIS1_YEAST	MULTIPLE	2	244	259	8	2.368e-06	{MN}
sp|Q05050|EIS1_YEAST	WHOLE	1	1	843	101	1.409e-10	{K}
sp|Q05050|EIS1_YEAST	WHOLE	2	1	843	93	2.862e-07	{E}
sp|Q05131|RCH1_YEAST	SINGLE	1	247	281	9	5.346e-06	{F}
sp|Q05468|RQC1_YEAST	SINGLE	1	120	125	6	2.954e-08	{D}
sp|Q05468|RQC1_YEAST	SINGLE	2	97	107	7	8.803e-07	{K}
sp|Q05468|RQC1_YEAST	MULTIPLE	1	295	320	10	5.002e-06	{WD}
sp|Q05473|MRX8_YEAST	SINGLE	1	36	49	8	4.357e-07	{K}
sp|Q05473|MRX8_YEAST	SINGLE	2	254	267	7	7.560e-06	{K}
sp|Q05518|PAL1_YEAST	SINGLE	1	186	220	14	4.944e-08	{S}
sp|Q05518|PAL1_YEAST	SINGLE	2	85	114	11	3.608e-06	{S}
sp|Q05518|PAL1_YEAST	SINGLE	3	302	308	5	9.952e-06	{D}
sp|Q05518|PAL1_YEAST	MULTIPLE	1	186	220	19	2.535e-11	{SH}
sp|Q05518|PAL1_YEAST	MULTIPLE	2	89	107	12	1.643e-07	{SP}
sp|Q05518|PAL1_YEAST	WHOLE	1	1	499	73	4.918e-09	{S}
sp|Q05533|INM2_YEAST	MULTIPLE	1	223	237	7	1.347e-07	{WC}
sp|Q05541|NSE3_YEAST	SINGLE	1	95	109	7	1.250e-06	{N}
sp|Q05610|DON1_YEAST	SINGLE	1	286	292	6	4.936e-07	{E}
sp|Q05610|DON1_YEAST	SINGLE	2	234	242	6	5.178e-06	{E}
sp|Q05610|DON1_YEAST	MULTIPLE	1	227	243	14	1.258e-10	{EK}
sp|Q05610|DON1_YEAST	MULTIPLE	2	3	28	13	4.586e-07	{KN}
sp|Q05635|RNH2B_YEAST	SINGLE	1	322	350	10	4.843e-06	{K}
sp|Q05670|FUS2_YEAST	SINGLE	1	374	400	10	8.975e-06	{S}
sp|Q05670|FUS2_YEAST	MULTIPLE	1	367	400	15	1.515e-06	{SN}
sp|Q05670|FUS2_YEAST	MULTIPLE	2	435	452	12	1.194e-06	{KL}
sp|Q05670|FUS2_YEAST	WHOLE	1	1	677	73	1.773e-06	{K}
sp|Q05778|POC1_YEAST	SINGLE	1	140	174	10	4.399e-06	{I}
sp|Q05790|CRR1_YEAST	SINGLE	1	31	71	8	2.410e-07	{C}
sp|Q05790|CRR1_YEAST	MULTIPLE	1	31	60	13	9.220e-09	{CP}
sp|Q05874|EFM7_YEAST	SINGLE	1	22	27	5	1.270e-06	{P}
sp|Q05892|COQ11_YEAST	SINGLE	1	140	153	7	7.560e-06	{K}
sp|Q05924|DCR2_YEAST	SINGLE	1	520	533	10	1.249e-09	{G}
sp|Q05942|RSA3_YEAST	SINGLE	1	29	42	10	2.817e-09	{S}
sp|Q05942|RSA3_YEAST	SINGLE	2	18	24	5	4.800e-06	{R}
sp|Q05942|RSA3_YEAST	MULTIPLE	1	12	24	10	5.094e-08	{RK}
sp|Q05998|THI7_YEAST	SINGLE	1	479	504	9	3.387e-07	{F}
sp|Q05998|THI7_YEAST	MULTIPLE	1	230	276	16	9.638e-07	{SW}
sp|Q06001|FAR10_YEAST	SINGLE	1	108	115	7	7.519e-08	{S}
sp|Q06001|FAR10_YEAST	SINGLE	2	463	474	6	9.795e-06	{I}
sp|Q06091|SN309_YEAST	SINGLE	1	78	84	5	9.952e-06	{D}
sp|Q06098|ISR1_YEAST	SINGLE	1	132	158	10	8.975e-06	{S}
sp|Q06098|ISR1_YEAST	MULTIPLE	1	129	158	15	1.102e-07	{SY}
sp|Q06098|ISR1_YEAST	MULTIPLE	2	373	389	10	3.453e-06	{SQ}
sp|Q06098|ISR1_YEAST	WHOLE	1	1	443	58	4.710e-06	{S}
sp|Q06104|GLD1_YEAST	SINGLE	1	271	292	9	1.440e-07	{N}
sp|Q06149|PDR8_YEAST	SINGLE	1	259	278	10	3.319e-07	{S}
sp|Q06149|PDR8_YEAST	SINGLE	2	447	492	12	1.438e-06	{I}
sp|Q06149|PDR8_YEAST	SINGLE	3	31	59	6	5.499e-06	{C}
sp|Q06149|PDR8_YEAST	MULTIPLE	1	20	59	15	1.230e-07	{CK}
sp|Q06162|NKP2_YEAST	SINGLE	1	23	40	7	5.580e-06	{Q}
sp|Q06169|PEX30_YEAST	SINGLE	1	397	403	5	4.800e-06	{R}
sp|Q06169|PEX30_YEAST	MULTIPLE	1	201	217	10	3.041e-06	{ML}
sp|Q06179|FMP27_YEAST	SINGLE	1	1242	1264	9	6.927e-07	{I}
sp|Q06179|FMP27_YEAST	MULTIPLE	1	2487	2510	13	2.981e-06	{SE}
sp|Q06179|FMP27_YEAST	MULTIPLE	2	199	238	18	1.046e-06	{NL}
sp|Q06179|FMP27_YEAST	WHOLE	1	1	2628	210	6.054e-12	{I}
sp|Q06179|FMP27_YEAST	WHOLE	2	1	2628	171	8.101e-11	{F}
sp|Q06179|FMP27_YEAST	WHOLE	3	1	2628	183	1.641e-10	{N}
sp|Q06179|FMP27_YEAST	WHOLE	4	1	2628	239	1.178e-09	{K}
sp|Q06208|RIF2_YEAST	SINGLE	1	191	195	4	1.105e-06	{M}
sp|Q06245|SEC10_YEAST	SINGLE	1	527	569	15	1.379e-07	{S}
sp|Q06245|SEC10_YEAST	SINGLE	2	658	711	14	2.152e-07	{I}
sp|Q06245|SEC10_YEAST	SINGLE	3	233	273	11	8.031e-07	{N}
sp|Q06245|SEC10_YEAST	MULTIPLE	1	519	571	27	1.843e-12	{SN}
sp|Q06245|SEC10_YEAST	WHOLE	1	1	871	73	4.660e-08	{N}
sp|Q06245|SEC10_YEAST	WHOLE	2	1	871	79	1.157e-07	{I}
sp|Q06315|SKG3_YEAST	SINGLE	1	283	303	9	1.797e-06	{K}
sp|Q06315|SKG3_YEAST	SINGLE	2	25	58	12	2.086e-06	{S}
sp|Q06315|SKG3_YEAST	SINGLE	3	956	962	5	2.926e-06	{Q}
sp|Q06315|SKG3_YEAST	SINGLE	4	904	933	9	3.022e-06	{Q}
sp|Q06315|SKG3_YEAST	SINGLE	5	739	751	6	8.081e-06	{N}
sp|Q06315|SKG3_YEAST	MULTIPLE	1	6	59	23	1.132e-08	{SP}
sp|Q06315|SKG3_YEAST	MULTIPLE	2	904	969	36	4.947e-13	{QNS}
sp|Q06315|SKG3_YEAST	WHOLE	1	1	1026	142	6.410e-14	{S}
sp|Q06315|SKG3_YEAST	WHOLE	2	1	1026	80	2.103e-07	{N}
sp|Q06325|YPS7_YEAST	SINGLE	1	518	566	17	2.279e-08	{S}
sp|Q06325|YPS7_YEAST	SINGLE	2	21	39	8	8.162e-06	{T}
sp|Q06325|YPS7_YEAST	WHOLE	1	1	596	90	1.940e-11	{S}
sp|Q06338|BCP1_YEAST	SINGLE	1	19	47	12	9.415e-08	{E}
sp|Q06338|BCP1_YEAST	SINGLE	2	204	210	5	9.952e-06	{D}
sp|Q06344|ESF1_YEAST	SINGLE	1	435	487	18	1.198e-09	{K}
sp|Q06344|ESF1_YEAST	SINGLE	2	118	136	10	6.792e-08	{E}
sp|Q06344|ESF1_YEAST	SINGLE	3	208	219	8	8.160e-08	{K}
sp|Q06344|ESF1_YEAST	SINGLE	4	615	627	8	1.991e-07	{K}
sp|Q06344|ESF1_YEAST	SINGLE	5	23	61	13	2.967e-07	{K}
sp|Q06344|ESF1_YEAST	SINGLE	6	221	245	10	3.912e-07	{D}
sp|Q06344|ESF1_YEAST	SINGLE	7	495	499	5	5.313e-07	{D}
sp|Q06344|ESF1_YEAST	SINGLE	8	107	127	10	5.878e-07	{S}
sp|Q06344|ESF1_YEAST	SINGLE	9	403	442	12	4.840e-06	{E}
sp|Q06344|ESF1_YEAST	SINGLE	10	597	614	7	5.415e-06	{N}
sp|Q06344|ESF1_YEAST	MULTIPLE	1	403	491	40	5.776e-14	{KE}
sp|Q06344|ESF1_YEAST	MULTIPLE	2	107	136	21	2.865e-12	{ES}
sp|Q06344|ESF1_YEAST	WHOLE	1	1	628	90	1.052e-13	{K}
sp|Q06344|ESF1_YEAST	WHOLE	2	1	628	70	2.159e-08	{D}
sp|Q06344|ESF1_YEAST	WHOLE	3	1	628	76	9.648e-08	{E}
sp|Q06350|CHI2_YEAST	SINGLE	1	20	29	6	2.463e-06	{I}
sp|Q06417|TDA5_YEAST	SINGLE	1	209	223	8	5.187e-06	{A}
sp|Q06436|MAG2_YEAST	SINGLE	1	509	531	9	4.399e-06	{K}
sp|Q06436|MAG2_YEAST	SINGLE	2	239	244	5	5.074e-06	{K}
sp|Q06436|MAG2_YEAST	SINGLE	3	130	138	6	9.427e-06	{S}
sp|Q06436|MAG2_YEAST	MULTIPLE	1	507	544	23	3.246e-09	{KER}
sp|Q06436|MAG2_YEAST	MULTIPLE	2	127	142	11	1.713e-07	{SR}
sp|Q06436|MAG2_YEAST	MULTIPLE	3	388	409	11	1.948e-06	{DN}
sp|Q06451|TPO3_YEAST	SINGLE	1	429	437	5	9.817e-06	{F}
sp|Q06451|TPO3_YEAST	MULTIPLE	1	4	38	16	3.908e-07	{SQ}
sp|Q06511|RRP15_YEAST	SINGLE	1	32	80	16	3.700e-08	{E}
sp|Q06511|RRP15_YEAST	SINGLE	2	128	160	12	2.885e-07	{K}
sp|Q06511|RRP15_YEAST	SINGLE	3	65	83	8	3.679e-06	{D}
sp|Q06511|RRP15_YEAST	MULTIPLE	1	32	83	35	5.392e-14	{EDS}
sp|Q06511|RRP15_YEAST	MULTIPLE	2	209	236	16	2.670e-08	{EK}
sp|Q06511|RRP15_YEAST	WHOLE	1	1	250	41	8.392e-09	{K}
sp|Q06511|RRP15_YEAST	WHOLE	2	1	250	36	4.208e-06	{E}
sp|Q06525|URN1_YEAST	SINGLE	1	177	192	12	7.911e-12	{E}
sp|Q06525|URN1_YEAST	MULTIPLE	1	198	214	12	6.313e-09	{DI}
sp|Q06525|URN1_YEAST	MULTIPLE	2	252	290	16	3.930e-06	{ED}
sp|Q06525|URN1_YEAST	WHOLE	1	1	465	60	2.240e-07	{E}
sp|Q06538|CSC1_YEAST	SINGLE	1	143	150	6	7.378e-07	{D}
sp|Q06632|CFT1_YEAST	SINGLE	1	460	475	8	7.437e-07	{D}
sp|Q06632|CFT1_YEAST	SINGLE	2	154	161	6	1.846e-06	{E}
sp|Q06632|CFT1_YEAST	SINGLE	3	151	165	7	6.688e-06	{D}
sp|Q06632|CFT1_YEAST	SINGLE	4	396	438	10	9.909e-06	{N}
sp|Q06632|CFT1_YEAST	MULTIPLE	1	151	167	14	6.368e-11	{ED}
sp|Q06632|CFT1_YEAST	WHOLE	1	1	1357	111	1.028e-07	{I}
sp|Q06667|IPK1_YEAST	SINGLE	1	94	106	6	8.081e-06	{N}
sp|Q06668|OMS1_YEAST	MULTIPLE	1	125	181	30	1.460e-09	{KER}
sp|Q06668|OMS1_YEAST	WHOLE	1	1	471	60	6.800e-08	{K}
sp|Q06672|TSR2_YEAST	SINGLE	1	153	174	12	3.185e-10	{D}
sp|Q06672|TSR2_YEAST	MULTIPLE	1	151	175	21	3.865e-16	{DE}
sp|Q06678|RM35_YEAST	SINGLE	1	111	127	7	3.459e-06	{N}
sp|Q06682|UBX5_YEAST	SINGLE	1	165	185	9	2.717e-06	{E}
sp|Q06682|UBX5_YEAST	SINGLE	2	85	91	5	2.926e-06	{Q}
sp|Q06682|UBX5_YEAST	MULTIPLE	1	146	188	25	5.469e-10	{EDN}
sp|Q06707|SWC7_YEAST	MULTIPLE	1	9	22	11	6.546e-08	{LQ}
sp|Q06709|REH1_YEAST	SINGLE	1	86	115	10	6.818e-06	{K}
sp|Q06815|MRL1_YEAST	SINGLE	1	334	342	7	3.139e-07	{S}
sp|Q06815|MRL1_YEAST	MULTIPLE	1	242	255	9	4.155e-07	{FI}
sp|Q06820|MDM36_YEAST	SINGLE	1	466	518	24	3.465e-14	{S}
sp|Q06820|MDM36_YEAST	SINGLE	2	143	147	5	5.313e-07	{D}
sp|Q06820|MDM36_YEAST	SINGLE	3	290	298	6	9.427e-06	{S}
sp|Q06820|MDM36_YEAST	MULTIPLE	1	466	518	30	5.969e-15	{SP}
sp|Q06820|MDM36_YEAST	MULTIPLE	2	315	334	12	1.458e-06	{NL}
sp|Q06820|MDM36_YEAST	MULTIPLE	3	402	412	8	7.419e-07	{SM}
sp|Q06820|MDM36_YEAST	MULTIPLE	4	254	271	10	3.818e-06	{NE}
sp|Q06820|MDM36_YEAST	WHOLE	1	1	579	89	9.634e-12	{S}
sp|Q06820|MDM36_YEAST	WHOLE	2	1	579	51	9.447e-07	{N}
sp|Q06834|ASR1_YEAST	SINGLE	1	121	167	8	7.200e-07	{C}
sp|Q06835|RDS3_YEAST	SINGLE	1	11	86	13	2.488e-10	{C}
sp|Q06835|RDS3_YEAST	WHOLE	1	1	107	13	1.794e-08	{C}
sp|Q06839|LEC1_YEAST	SINGLE	1	412	455	16	6.445e-09	{E}
sp|Q06839|LEC1_YEAST	SINGLE	2	303	308	5	3.011e-06	{D}
sp|Q06839|LEC1_YEAST	SINGLE	3	1009	1023	7	6.688e-06	{D}
sp|Q06839|LEC1_YEAST	SINGLE	4	227	248	9	9.901e-06	{S}
sp|Q06839|LEC1_YEAST	MULTIPLE	1	404	450	23	1.511e-09	{ET}
sp|Q06839|LEC1_YEAST	MULTIPLE	2	253	289	15	5.294e-06	{SN}
sp|Q06839|LEC1_YEAST	WHOLE	1	1	1073	103	3.568e-06	{K}
sp|Q06991|PUN1_YEAST	SINGLE	1	176	185	6	6.397e-07	{F}
sp|Q06991|PUN1_YEAST	SINGLE	2	46	103	16	1.840e-06	{S}
sp|Q07350|PRP11_YEAST	SINGLE	1	223	230	5	7.298e-06	{N}
sp|Q07395|SYO1_YEAST	SINGLE	1	340	358	8	1.512e-06	{I}
sp|Q07395|SYO1_YEAST	WHOLE	1	1	620	60	4.217e-07	{I}
sp|Q07395|SYO1_YEAST	WHOLE	2	1	620	53	1.438e-06	{N}
sp|Q07527|TRM3_YEAST	SINGLE	1	1005	1019	9	1.324e-06	{L}
sp|Q07527|TRM3_YEAST	MULTIPLE	1	789	823	14	5.912e-07	{FI}
sp|Q07527|TRM3_YEAST	WHOLE	1	1	1436	192	5.201e-08	{L}
sp|Q07527|TRM3_YEAST	WHOLE	2	1	1436	113	4.833e-07	{I}
sp|Q07534|S2538_YEAST	SINGLE	1	218	249	12	2.025e-07	{T}
sp|Q07541|EXP1_YEAST	SINGLE	1	107	125	8	3.679e-06	{D}
sp|Q07541|EXP1_YEAST	SINGLE	2	132	141	6	9.064e-06	{K}
sp|Q07541|EXP1_YEAST	MULTIPLE	1	107	131	14	1.493e-07	{DE}
sp|Q07623|NOP6_YEAST	SINGLE	1	7	34	11	3.645e-07	{K}
sp|Q07623|NOP6_YEAST	SINGLE	2	56	74	8	7.972e-06	{K}
sp|Q07623|NOP6_YEAST	MULTIPLE	1	56	75	18	3.387e-12	{KGR}
sp|Q07623|NOP6_YEAST	WHOLE	1	1	225	38	1.263e-08	{K}
sp|Q07729|GUAD_YEAST	SINGLE	1	439	449	6	2.440e-06	{Q}
sp|Q07799|LMO1_YEAST	MULTIPLE	1	636	653	10	5.129e-06	{PE}
sp|Q07799|LMO1_YEAST	WHOLE	1	1	665	100	3.956e-07	{L}
sp|Q07825|FRA1_YEAST	SINGLE	1	302	315	7	7.560e-06	{K}
sp|Q07825|FRA1_YEAST	MULTIPLE	1	49	70	12	1.606e-06	{RS}
sp|Q07844|RIX7_YEAST	SINGLE	1	105	130	11	2.467e-07	{E}
sp|Q07844|RIX7_YEAST	SINGLE	2	170	194	10	1.020e-06	{K}
sp|Q07844|RIX7_YEAST	SINGLE	3	41	60	9	1.661e-06	{E}
sp|Q07844|RIX7_YEAST	MULTIPLE	1	41	76	15	1.011e-06	{EF}
sp|Q07949|PSR2_YEAST	SINGLE	1	105	137	14	5.488e-09	{E}
sp|Q07949|PSR2_YEAST	MULTIPLE	1	19	34	9	2.510e-06	{NR}
sp|Q07980|MLH2_YEAST	SINGLE	1	459	474	9	3.567e-07	{S}
sp|Q08003|RFU1_YEAST	SINGLE	1	75	81	7	1.013e-08	{S}
sp|Q08119|ESC8_YEAST	SINGLE	1	367	402	11	6.123e-06	{K}
sp|Q08157|TOS7_YEAST	SINGLE	1	449	465	11	9.520e-12	{Q}
sp|Q08157|TOS7_YEAST	SINGLE	2	321	341	9	8.890e-08	{N}
sp|Q08157|TOS7_YEAST	SINGLE	3	352	363	7	5.518e-06	{S}
sp|Q08157|TOS7_YEAST	SINGLE	4	488	526	10	7.837e-06	{P}
sp|Q08157|TOS7_YEAST	MULTIPLE	1	435	462	18	7.670e-13	{QP}
sp|Q08157|TOS7_YEAST	MULTIPLE	2	306	341	18	1.280e-08	{NS}
sp|Q08157|TOS7_YEAST	WHOLE	1	1	551	49	1.149e-06	{N}
sp|Q08157|TOS7_YEAST	WHOLE	2	1	551	69	3.234e-06	{S}
sp|Q08227|INP54_YEAST	SINGLE	1	375	381	6	3.854e-06	{L}
sp|Q08232|DSC2_YEAST	SINGLE	1	244	269	14	1.202e-09	{A}
sp|Q08237|REXO4_YEAST	MULTIPLE	1	16	41	12	3.634e-06	{KN}
sp|Q08237|REXO4_YEAST	WHOLE	1	1	289	40	1.085e-06	{K}
sp|Q08269|ALR1_YEAST	SINGLE	1	2	19	12	2.338e-10	{S}
sp|Q08269|ALR1_YEAST	SINGLE	2	157	188	14	1.258e-08	{S}
sp|Q08269|ALR1_YEAST	SINGLE	3	331	339	6	9.427e-06	{S}
sp|Q08269|ALR1_YEAST	MULTIPLE	1	775	793	10	6.508e-06	{LW}
sp|Q08269|ALR1_YEAST	WHOLE	1	1	859	110	2.513e-09	{S}
sp|Q08271|GAS4_YEAST	SINGLE	1	464	471	5	4.541e-06	{F}
sp|Q08271|GAS4_YEAST	MULTIPLE	1	425	440	11	1.803e-07	{DE}
sp|Q08287|NOP8_YEAST	SINGLE	1	280	290	10	1.385e-11	{E}
sp|Q08287|NOP8_YEAST	SINGLE	2	95	129	11	4.532e-06	{K}
sp|Q08287|NOP8_YEAST	MULTIPLE	1	460	479	11	1.634e-06	{KR}
sp|Q08287|NOP8_YEAST	WHOLE	1	1	484	43	4.771e-06	{N}
sp|Q08287|NOP8_YEAST	WHOLE	2	1	484	55	6.286e-06	{K}
sp|Q08299|ENB1_YEAST	MULTIPLE	1	585	595	8	7.341e-06	{EK}
sp|Q08299|ENB1_YEAST	WHOLE	1	1	606	58	8.745e-07	{I}
sp|Q08409|AUS1_YEAST	SINGLE	1	706	717	9	9.254e-09	{S}
sp|Q08409|AUS1_YEAST	SINGLE	2	499	517	7	4.362e-06	{F}
sp|Q08409|AUS1_YEAST	SINGLE	3	1176	1203	8	7.646e-06	{F}
sp|Q08409|AUS1_YEAST	SINGLE	4	425	433	5	9.817e-06	{F}
sp|Q08409|AUS1_YEAST	MULTIPLE	1	284	305	11	8.705e-06	{SN}
sp|Q08409|AUS1_YEAST	WHOLE	1	1	1394	103	6.543e-10	{F}
sp|Q08471|MSA1_YEAST	SINGLE	1	446	475	14	5.834e-12	{Q}
sp|Q08471|MSA1_YEAST	SINGLE	2	317	324	6	1.643e-07	{N}
sp|Q08471|MSA1_YEAST	SINGLE	3	265	281	7	5.840e-06	{P}
sp|Q08471|MSA1_YEAST	SINGLE	4	181	216	11	6.123e-06	{K}
sp|Q08471|MSA1_YEAST	MULTIPLE	1	263	284	14	1.297e-08	{PS}
sp|Q08471|MSA1_YEAST	MULTIPLE	2	477	505	14	1.298e-06	{PS}
sp|Q08471|MSA1_YEAST	WHOLE	1	1	629	87	2.965e-09	{S}
sp|Q08471|MSA1_YEAST	WHOLE	2	1	629	63	1.081e-08	{P}
sp|Q08471|MSA1_YEAST	WHOLE	3	1	629	55	4.786e-07	{N}
sp|Q08485|NRT1_YEAST	SINGLE	1	479	504	10	2.343e-08	{F}
sp|Q08485|NRT1_YEAST	MULTIPLE	1	229	279	22	9.362e-07	{SWT}
sp|Q08485|NRT1_YEAST	WHOLE	1	1	598	46	7.905e-06	{F}
sp|Q08579|THI72_YEAST	SINGLE	1	479	504	9	3.387e-07	{F}
sp|Q08579|THI72_YEAST	WHOLE	1	1	599	48	1.804e-06	{F}
sp|Q08580|PEX27_YEAST	SINGLE	1	126	160	14	9.513e-07	{L}
sp|Q08580|PEX27_YEAST	SINGLE	2	199	207	5	9.817e-06	{F}
sp|Q08622|GEP3_YEAST	MULTIPLE	1	202	223	10	2.791e-06	{YN}
sp|Q08646|SSP2_YEAST	SINGLE	1	28	43	8	5.165e-06	{S}
sp|Q08646|SSP2_YEAST	MULTIPLE	1	27	43	15	1.019e-10	{SFR}
sp|Q08673|SRL1_YEAST	SINGLE	1	58	132	24	2.212e-10	{S}
sp|Q08673|SRL1_YEAST	SINGLE	2	155	208	18	1.774e-09	{T}
sp|Q08673|SRL1_YEAST	SINGLE	3	25	74	17	3.521e-09	{T}
sp|Q08673|SRL1_YEAST	SINGLE	4	91	117	10	2.385e-06	{T}
sp|Q08673|SRL1_YEAST	MULTIPLE	1	25	128	56	1.591e-22	{ST}
sp|Q08673|SRL1_YEAST	WHOLE	1	1	210	49	5.161e-16	{T}
sp|Q08673|SRL1_YEAST	WHOLE	2	1	210	41	3.578e-09	{S}
sp|Q08732|HRK1_YEAST	SINGLE	1	628	647	20	5.367e-28	{Q}
sp|Q08732|HRK1_YEAST	SINGLE	2	68	103	13	1.485e-09	{N}
sp|Q08732|HRK1_YEAST	SINGLE	3	648	682	10	2.565e-09	{H}
sp|Q08732|HRK1_YEAST	SINGLE	4	11	19	6	8.439e-09	{H}
sp|Q08732|HRK1_YEAST	SINGLE	5	63	72	8	8.645e-09	{T}
sp|Q08732|HRK1_YEAST	SINGLE	6	582	626	13	3.157e-08	{N}
sp|Q08732|HRK1_YEAST	SINGLE	7	100	109	5	1.111e-06	{H}
sp|Q08732|HRK1_YEAST	SINGLE	8	511	519	6	5.178e-06	{E}
sp|Q08732|HRK1_YEAST	MULTIPLE	1	63	99	24	2.775e-15	{NT}
sp|Q08732|HRK1_YEAST	MULTIPLE	2	560	626	35	3.305e-16	{NDC}
sp|Q08732|HRK1_YEAST	WHOLE	1	1	759	47	2.626e-10	{H}
sp|Q08732|HRK1_YEAST	WHOLE	2	1	759	67	2.386e-08	{N}
sp|Q08745|RS10A_YEAST	SINGLE	1	62	66	4	9.720e-06	{Y}
sp|Q08817|SOG2_YEAST	SINGLE	1	601	634	10	1.008e-06	{N}
sp|Q08817|SOG2_YEAST	SINGLE	2	451	489	13	1.652e-06	{S}
sp|Q08817|SOG2_YEAST	SINGLE	3	425	437	5	5.312e-06	{M}
sp|Q08817|SOG2_YEAST	SINGLE	4	230	242	6	8.081e-06	{N}
sp|Q08817|SOG2_YEAST	MULTIPLE	1	411	437	10	2.034e-06	{MF}
sp|Q08817|SOG2_YEAST	WHOLE	1	1	791	103	3.252e-09	{S}
sp|Q08817|SOG2_YEAST	WHOLE	2	1	791	67	1.060e-07	{N}
sp|Q08822|ETFD_YEAST	MULTIPLE	1	302	323	12	4.122e-06	{GV}
sp|Q08902|AMF1_YEAST	SINGLE	1	200	206	4	1.649e-06	{W}
sp|Q08902|AMF1_YEAST	WHOLE	1	1	515	45	3.971e-07	{F}
sp|Q08906|FIT2_YEAST	SINGLE	1	111	129	17	5.661e-18	{S}
sp|Q08906|FIT2_YEAST	SINGLE	2	10	106	28	3.424e-12	{T}
sp|Q08906|FIT2_YEAST	WHOLE	1	1	153	30	1.403e-08	{T}
sp|Q08906|FIT2_YEAST	WHOLE	2	1	153	32	3.129e-08	{S}
sp|Q08908|FRE5_YEAST	SINGLE	1	362	368	6	2.403e-08	{F}
sp|Q08913|FEX1_YEAST	SINGLE	1	195	208	6	7.799e-06	{F}
sp|Q08913|FEX1_YEAST	SINGLE	2	21	51	10	9.708e-06	{T}
sp|Q08929|GUP2_YEAST	SINGLE	1	151	190	10	2.139e-06	{F}
sp|Q08929|GUP2_YEAST	SINGLE	2	39	65	10	8.975e-06	{S}
sp|Q08929|GUP2_YEAST	MULTIPLE	1	148	190	17	3.087e-07	{FK}
sp|Q08929|GUP2_YEAST	MULTIPLE	2	39	67	14	1.298e-06	{SP}
sp|Q08929|GUP2_YEAST	MULTIPLE	3	538	550	8	5.813e-07	{MI}
sp|Q08929|GUP2_YEAST	MULTIPLE	4	136	147	10	1.544e-07	{LI}
sp|Q08929|GUP2_YEAST	WHOLE	1	1	609	55	8.506e-09	{F}
sp|Q08929|GUP2_YEAST	WHOLE	2	1	609	55	7.925e-06	{I}
sp|Q08932|RSA1_YEAST	SINGLE	1	356	380	8	6.089e-06	{N}
sp|Q08932|RSA1_YEAST	WHOLE	1	1	381	36	6.945e-06	{N}
sp|Q08954|NBR9_YEAST	SINGLE	1	185	220	11	1.904e-07	{N}
sp|Q08954|NBR9_YEAST	MULTIPLE	1	189	220	17	1.215e-10	{NQ}
sp|Q08966|PCL8_YEAST	SINGLE	1	83	92	8	5.089e-10	{Q}
sp|Q08966|PCL8_YEAST	SINGLE	2	25	33	7	5.274e-08	{D}
sp|Q08970|MMT2_YEAST	SINGLE	1	460	484	8	3.792e-08	{H}
sp|Q08970|MMT2_YEAST	SINGLE	2	102	112	6	4.441e-08	{H}
sp|Q08970|MMT2_YEAST	MULTIPLE	1	460	484	14	1.433e-09	{HT}
sp|Q08970|MMT2_YEAST	WHOLE	1	1	484	63	2.425e-06	{S}
sp|Q08977|CUB1_YEAST	SINGLE	1	523	529	5	9.952e-06	{D}
sp|Q08977|CUB1_YEAST	MULTIPLE	1	519	542	15	1.497e-08	{DS}
sp|Q08981|ACM1_YEAST	SINGLE	1	79	93	8	5.629e-08	{N}
sp|Q08991|FEX2_YEAST	SINGLE	1	195	208	6	7.799e-06	{F}
sp|Q08991|FEX2_YEAST	SINGLE	2	21	51	10	9.708e-06	{T}
sp|Q12000|TMA46_YEAST	SINGLE	1	4	61	18	6.066e-09	{K}
sp|Q12000|TMA46_YEAST	SINGLE	2	289	335	12	6.159e-06	{D}
sp|Q12000|TMA46_YEAST	MULTIPLE	1	4	61	24	9.707e-10	{KQ}
sp|Q12000|TMA46_YEAST	MULTIPLE	2	50	71	13	8.195e-08	{ER}
sp|Q12000|TMA46_YEAST	WHOLE	1	1	345	55	9.340e-11	{K}
sp|Q12013|AKR2_YEAST	SINGLE	1	176	190	7	1.250e-06	{N}
sp|Q12025|EMC10_YEAST	SINGLE	1	133	150	9	3.600e-07	{K}
sp|Q12027|GID12_YEAST	SINGLE	1	383	417	10	3.422e-06	{R}
sp|Q12027|GID12_YEAST	SINGLE	2	598	618	8	3.680e-06	{I}
sp|Q12027|GID12_YEAST	MULTIPLE	1	381	417	19	5.655e-09	{RS}
sp|Q12027|GID12_YEAST	MULTIPLE	2	454	470	9	9.411e-06	{DN}
sp|Q12028|AP1G1_YEAST	MULTIPLE	1	423	442	10	9.841e-06	{DI}
sp|Q12028|AP1G1_YEAST	WHOLE	1	1	832	124	3.601e-08	{L}
sp|Q12028|AP1G1_YEAST	WHOLE	2	1	832	76	1.521e-07	{I}
sp|Q12031|ACEB_YEAST	SINGLE	1	328	361	11	5.336e-06	{E}
sp|Q12034|SLF1_YEAST	SINGLE	1	164	252	25	3.642e-14	{N}
sp|Q12034|SLF1_YEAST	SINGLE	2	92	124	12	2.885e-07	{K}
sp|Q12034|SLF1_YEAST	SINGLE	3	244	258	7	1.289e-06	{Q}
sp|Q12034|SLF1_YEAST	SINGLE	4	236	263	8	5.881e-06	{Y}
sp|Q12034|SLF1_YEAST	SINGLE	5	101	141	10	6.328e-06	{N}
sp|Q12034|SLF1_YEAST	MULTIPLE	1	164	263	49	4.522e-19	{NQY}
sp|Q12034|SLF1_YEAST	MULTIPLE	2	89	124	25	1.116e-11	{KNS}
sp|Q12034|SLF1_YEAST	WHOLE	1	1	447	65	1.445e-17	{N}
sp|Q12035|FCF2_YEAST	SINGLE	1	75	79	5	9.015e-07	{K}
sp|Q12035|FCF2_YEAST	SINGLE	2	185	215	10	9.441e-06	{K}
sp|Q12035|FCF2_YEAST	WHOLE	1	1	217	33	1.136e-06	{K}
sp|Q12049|THP3_YEAST	SINGLE	1	45	74	9	2.912e-06	{N}
sp|Q12049|THP3_YEAST	MULTIPLE	1	45	82	16	5.018e-08	{NP}
sp|Q12049|THP3_YEAST	WHOLE	1	1	470	48	2.922e-08	{N}
sp|Q12066|NUR1_YEAST	SINGLE	1	119	178	13	3.957e-07	{F}
sp|Q12066|NUR1_YEAST	MULTIPLE	1	119	187	23	2.562e-09	{FN}
sp|Q12069|PUS9_YEAST	SINGLE	1	57	68	7	1.982e-06	{K}
sp|Q12072|IOC2_YEAST	SINGLE	1	770	795	16	5.210e-16	{Q}
sp|Q12072|IOC2_YEAST	MULTIPLE	1	678	709	23	1.863e-11	{KER}
sp|Q12072|IOC2_YEAST	MULTIPLE	2	382	403	13	3.216e-07	{EK}
sp|Q12072|IOC2_YEAST	MULTIPLE	3	621	639	11	2.020e-06	{RS}
sp|Q12074|SPEE_YEAST	SINGLE	1	96	101	5	7.177e-06	{G}
sp|Q12078|SMF3_YEAST	WHOLE	1	1	473	46	6.485e-06	{I}
sp|Q12083|MLH3_YEAST	MULTIPLE	1	430	449	10	3.179e-06	{NI}
sp|Q12084|DAS2_YEAST	SINGLE	1	32	71	11	6.142e-07	{N}
sp|Q12084|DAS2_YEAST	MULTIPLE	1	39	71	16	6.338e-09	{NI}
sp|Q12096|GNT1_YEAST	MULTIPLE	1	358	376	10	3.879e-06	{FK}
sp|Q12102|CFT2_YEAST	SINGLE	1	426	449	9	6.603e-06	{K}
sp|Q12102|CFT2_YEAST	MULTIPLE	1	489	497	9	5.397e-09	{DE}
sp|Q12102|CFT2_YEAST	WHOLE	1	1	859	73	3.090e-06	{I}
sp|Q12132|USV1_YEAST	SINGLE	1	111	134	19	5.844e-18	{S}
sp|Q12132|USV1_YEAST	SINGLE	2	185	197	10	5.802e-12	{Q}
sp|Q12132|USV1_YEAST	SINGLE	3	332	363	12	3.844e-09	{N}
sp|Q12132|USV1_YEAST	SINGLE	4	279	297	8	5.543e-07	{N}
sp|Q12132|USV1_YEAST	SINGLE	5	90	106	6	1.042e-06	{H}
sp|Q12132|USV1_YEAST	SINGLE	6	238	263	10	6.090e-06	{S}
sp|Q12132|USV1_YEAST	WHOLE	1	1	391	68	1.062e-11	{S}
sp|Q12132|USV1_YEAST	WHOLE	2	1	391	40	3.481e-07	{N}
sp|Q12143|NSL1_YEAST	SINGLE	1	161	171	7	4.312e-07	{D}
sp|Q12152|YP150_YEAST	SINGLE	1	441	517	24	4.040e-10	{S}
sp|Q12152|YP150_YEAST	SINGLE	2	588	614	11	1.078e-06	{S}
sp|Q12152|YP150_YEAST	SINGLE	3	727	734	5	7.298e-06	{N}
sp|Q12152|YP150_YEAST	MULTIPLE	1	437	517	34	2.959e-12	{SN}
sp|Q12152|YP150_YEAST	MULTIPLE	2	866	890	13	1.200e-06	{SR}
sp|Q12152|YP150_YEAST	WHOLE	1	1	901	125	1.472e-12	{S}
sp|Q12153|SSF2_YEAST	SINGLE	1	295	310	9	1.480e-07	{E}
sp|Q12153|SSF2_YEAST	SINGLE	2	391	403	7	4.029e-06	{K}
sp|Q12153|SSF2_YEAST	MULTIPLE	1	425	447	14	7.328e-08	{DS}
sp|Q12153|SSF2_YEAST	WHOLE	1	1	453	52	8.040e-06	{K}
sp|Q12156|AIM7_YEAST	SINGLE	1	42	64	9	6.606e-06	{E}
sp|Q12156|AIM7_YEAST	MULTIPLE	1	28	65	17	2.182e-07	{EI}
sp|Q12161|PSH1_YEAST	SINGLE	1	263	272	9	1.937e-10	{E}
sp|Q12161|PSH1_YEAST	SINGLE	2	255	291	15	3.990e-10	{D}
sp|Q12161|PSH1_YEAST	SINGLE	3	357	372	9	3.567e-07	{S}
sp|Q12161|PSH1_YEAST	SINGLE	4	30	71	7	4.118e-06	{C}
sp|Q12161|PSH1_YEAST	SINGLE	5	184	200	8	4.231e-06	{E}
sp|Q12161|PSH1_YEAST	SINGLE	6	199	209	6	4.366e-06	{R}
sp|Q12161|PSH1_YEAST	SINGLE	7	313	325	7	5.621e-06	{E}
sp|Q12161|PSH1_YEAST	MULTIPLE	1	258	291	28	1.179e-20	{ED}
sp|Q12161|PSH1_YEAST	MULTIPLE	2	30	71	10	2.554e-06	{CM}
sp|Q12161|PSH1_YEAST	MULTIPLE	3	182	209	16	5.034e-09	{ER}
sp|Q12161|PSH1_YEAST	WHOLE	1	1	406	62	5.564e-13	{D}
sp|Q12161|PSH1_YEAST	WHOLE	2	1	406	53	7.228e-07	{E}
sp|Q12163|NBP2_YEAST	SINGLE	1	202	236	11	1.659e-06	{D}
sp|Q12163|NBP2_YEAST	MULTIPLE	1	199	236	16	1.834e-07	{DN}
sp|Q12171|MDM32_YEAST	SINGLE	1	341	380	10	4.999e-06	{N}
sp|Q12171|MDM32_YEAST	WHOLE	1	1	622	62	9.440e-10	{N}
sp|Q12171|MDM32_YEAST	WHOLE	2	1	622	58	1.907e-06	{I}
sp|Q12172|YRR1_YEAST	SINGLE	1	54	82	6	5.499e-06	{C}
sp|Q12172|YRR1_YEAST	MULTIPLE	1	54	82	11	7.645e-07	{CR}
sp|Q12175|MSH5_YEAST	WHOLE	1	1	901	83	3.161e-08	{I}
sp|Q12180|HAL9_YEAST	SINGLE	1	932	996	18	4.099e-07	{S}
sp|Q12180|HAL9_YEAST	SINGLE	2	98	105	5	7.464e-06	{Q}
sp|Q12180|HAL9_YEAST	SINGLE	3	136	166	6	8.254e-06	{C}
sp|Q12180|HAL9_YEAST	SINGLE	4	218	243	8	8.418e-06	{N}
sp|Q12180|HAL9_YEAST	MULTIPLE	1	126	184	21	1.228e-09	{CK}
sp|Q12180|HAL9_YEAST	WHOLE	1	1	1030	115	1.148e-06	{S}
sp|Q12192|RFM1_YEAST	SINGLE	1	95	106	9	9.254e-09	{S}
sp|Q12192|RFM1_YEAST	SINGLE	2	128	135	6	3.066e-07	{R}
sp|Q12192|RFM1_YEAST	SINGLE	3	191	212	9	3.489e-07	{R}
sp|Q12192|RFM1_YEAST	MULTIPLE	1	174	208	15	2.744e-07	{RI}
sp|Q12192|RFM1_YEAST	WHOLE	1	1	310	44	8.088e-06	{S}
sp|Q12199|TIP41_YEAST	SINGLE	1	36	67	9	9.864e-06	{P}
sp|Q12199|TIP41_YEAST	MULTIPLE	1	45	69	13	2.828e-07	{PNC}
sp|Q12204|YOR22_YEAST	MULTIPLE	1	225	254	14	8.835e-06	{TS}
sp|Q12209|FRE8_YEAST	SINGLE	1	66	86	7	1.998e-07	{H}
sp|Q12209|FRE8_YEAST	SINGLE	2	36	49	7	1.705e-06	{I}
sp|Q12209|FRE8_YEAST	SINGLE	3	126	151	11	7.259e-06	{L}
sp|Q12209|FRE8_YEAST	MULTIPLE	1	126	151	17	2.120e-09	{LP}
sp|Q12209|FRE8_YEAST	MULTIPLE	2	208	223	9	1.509e-06	{YR}
sp|Q12215|WSC3_YEAST	SINGLE	1	137	313	80	1.543e-43	{S}
sp|Q12215|WSC3_YEAST	SINGLE	2	168	256	40	7.176e-25	{T}
sp|Q12215|WSC3_YEAST	SINGLE	3	382	404	8	8.015e-06	{I}
sp|Q12215|WSC3_YEAST	MULTIPLE	1	137	314	135	1.253e-79	{ST}
sp|Q12215|WSC3_YEAST	MULTIPLE	2	298	335	17	9.556e-07	{TV}
sp|Q12215|WSC3_YEAST	WHOLE	1	1	556	134	1.581e-35	{S}
sp|Q12215|WSC3_YEAST	WHOLE	2	1	556	82	3.114e-13	{T}
sp|Q12218|TIR4_YEAST	SINGLE	1	113	365	126	6.800e-74	{S}
sp|Q12218|TIR4_YEAST	SINGLE	2	336	435	31	2.937e-14	{T}
sp|Q12218|TIR4_YEAST	SINGLE	3	467	484	9	2.609e-06	{A}
sp|Q12218|TIR4_YEAST	MULTIPLE	1	129	335	149	5.913e-81	{SV}
sp|Q12218|TIR4_YEAST	WHOLE	1	1	487	149	4.906e-53	{S}
sp|Q12218|TIR4_YEAST	WHOLE	2	1	487	60	9.503e-07	{V}
sp|Q12232|SLP1_YEAST	SINGLE	1	419	424	6	1.405e-07	{S}
sp|Q12232|SLP1_YEAST	SINGLE	2	353	381	10	1.918e-07	{N}
sp|Q12232|SLP1_YEAST	SINGLE	3	144	182	12	3.624e-06	{E}
sp|Q12232|SLP1_YEAST	SINGLE	4	38	47	6	9.234e-06	{T}
sp|Q12232|SLP1_YEAST	MULTIPLE	1	143	188	21	3.428e-08	{EK}
sp|Q12232|SLP1_YEAST	MULTIPLE	2	233	252	11	2.451e-06	{EI}
sp|Q12234|RUD3_YEAST	SINGLE	1	203	231	12	9.415e-08	{E}
sp|Q12234|RUD3_YEAST	SINGLE	2	3	13	7	8.803e-07	{K}
sp|Q12234|RUD3_YEAST	MULTIPLE	1	157	175	11	7.262e-07	{EQ}
sp|Q12234|RUD3_YEAST	WHOLE	1	1	484	80	1.482e-14	{E}
sp|Q12234|RUD3_YEAST	WHOLE	2	1	484	61	7.723e-08	{K}
sp|Q12235|YCT1_YEAST	MULTIPLE	1	175	191	11	3.446e-07	{FA}
sp|Q12235|YCT1_YEAST	MULTIPLE	2	290	311	12	5.688e-06	{LQ}
sp|Q12235|YCT1_YEAST	WHOLE	1	1	531	52	1.564e-06	{I}
sp|Q12235|YCT1_YEAST	WHOLE	2	1	531	42	9.624e-06	{F}
sp|Q12242|RUP1_YEAST	SINGLE	1	354	360	7	4.902e-09	{E}
sp|Q12242|RUP1_YEAST	SINGLE	2	79	102	11	1.863e-08	{D}
sp|Q12242|RUP1_YEAST	SINGLE	3	653	663	7	7.644e-08	{N}
sp|Q12242|RUP1_YEAST	SINGLE	4	660	670	7	4.312e-07	{D}
sp|Q12242|RUP1_YEAST	MULTIPLE	1	653	671	15	2.102e-12	{ND}
sp|Q12286|SUT2_YEAST	MULTIPLE	1	139	169	16	5.282e-07	{ISC}
sp|Q12289|CRC1_YEAST	SINGLE	1	2	23	9	9.901e-06	{S}
sp|Q12296|MAM3_YEAST	SINGLE	1	641	698	15	1.472e-08	{N}
sp|Q12296|MAM3_YEAST	SINGLE	2	649	667	9	2.301e-06	{S}
sp|Q12296|MAM3_YEAST	SINGLE	3	394	425	7	4.540e-06	{H}
sp|Q12296|MAM3_YEAST	SINGLE	4	566	575	6	9.234e-06	{T}
sp|Q12296|MAM3_YEAST	MULTIPLE	1	641	702	31	8.416e-14	{NS}
sp|Q12296|MAM3_YEAST	WHOLE	1	1	706	86	7.928e-07	{S}
sp|Q12310|PRR2_YEAST	SINGLE	1	173	194	8	2.055e-06	{N}
sp|Q12310|PRR2_YEAST	SINGLE	2	138	169	11	7.338e-06	{S}
sp|Q12310|PRR2_YEAST	MULTIPLE	1	276	296	11	4.918e-06	{NS}
sp|Q12310|PRR2_YEAST	WHOLE	1	1	699	85	9.777e-07	{S}
sp|Q12325|SUL2_YEAST	SINGLE	1	39	63	8	6.089e-06	{N}
sp|Q12329|HSP42_YEAST	SINGLE	1	156	203	16	2.665e-08	{E}
sp|Q12329|HSP42_YEAST	SINGLE	2	40	56	7	3.651e-08	{H}
sp|Q12329|HSP42_YEAST	SINGLE	3	59	86	10	3.811e-08	{Y}
sp|Q12329|HSP42_YEAST	SINGLE	4	356	367	7	2.774e-06	{E}
sp|Q12329|HSP42_YEAST	SINGLE	5	20	37	7	5.580e-06	{Q}
sp|Q12329|HSP42_YEAST	MULTIPLE	1	156	203	24	3.716e-10	{EK}
sp|Q12329|HSP42_YEAST	MULTIPLE	2	87	115	16	2.556e-08	{DE}
sp|Q12340|YRM1_YEAST	SINGLE	1	31	59	6	5.499e-06	{C}
sp|Q12340|YRM1_YEAST	MULTIPLE	1	19	52	14	8.202e-08	{CK}
sp|Q12342|LDB17_YEAST	SINGLE	1	475	483	9	1.056e-12	{P}
sp|Q12342|LDB17_YEAST	SINGLE	2	416	435	9	3.882e-06	{S}
sp|Q12342|LDB17_YEAST	SINGLE	3	225	237	5	5.312e-06	{M}
sp|Q12345|IES3_YEAST	SINGLE	1	54	75	9	2.930e-06	{T}
sp|Q12345|IES3_YEAST	MULTIPLE	1	57	75	13	9.017e-08	{TA}
sp|Q12348|CSN10_YEAST	SINGLE	1	17	40	9	9.882e-06	{E}
sp|Q12348|CSN10_YEAST	MULTIPLE	1	15	48	18	8.214e-09	{ED}
sp|Q12359|ATO3_YEAST	SINGLE	1	208	222	9	1.324e-06	{L}
sp|Q12359|ATO3_YEAST	MULTIPLE	1	244	262	10	1.135e-06	{SC}
sp|Q12369|SFI1_YEAST	WHOLE	1	1	946	102	2.542e-08	{K}
sp|Q12372|MMP1_YEAST	SINGLE	1	304	315	7	4.354e-07	{I}
sp|Q12372|MMP1_YEAST	SINGLE	2	216	233	8	9.209e-07	{I}
sp|Q12372|MMP1_YEAST	MULTIPLE	1	212	230	11	9.286e-08	{IF}
sp|Q12372|MMP1_YEAST	MULTIPLE	2	429	454	11	4.692e-08	{CF}
sp|Q12372|MMP1_YEAST	MULTIPLE	3	517	544	12	4.213e-06	{IR}
sp|Q12372|MMP1_YEAST	WHOLE	1	1	583	54	4.736e-06	{I}
sp|Q12387|NAA25_YEAST	MULTIPLE	1	643	660	11	3.153e-06	{NL}
sp|Q12387|NAA25_YEAST	WHOLE	1	1	796	113	1.293e-06	{L}
sp|Q12398|HMS1_YEAST	SINGLE	1	381	401	10	5.021e-09	{Q}
sp|Q12398|HMS1_YEAST	SINGLE	2	140	150	8	2.973e-08	{T}
sp|Q12398|HMS1_YEAST	SINGLE	3	63	98	11	4.188e-07	{P}
sp|Q12398|HMS1_YEAST	SINGLE	4	43	68	8	8.418e-06	{N}
sp|Q12398|HMS1_YEAST	MULTIPLE	1	381	401	15	7.677e-12	{QR}
sp|Q12398|HMS1_YEAST	MULTIPLE	2	43	103	21	2.950e-08	{PN}
sp|Q12398|HMS1_YEAST	WHOLE	1	1	434	42	7.657e-07	{N}
sp|Q12403|ERP3_YEAST	SINGLE	1	8	18	7	3.931e-08	{F}
sp|Q12420|SNU66_YEAST	SINGLE	1	218	224	6	4.936e-07	{E}
sp|Q12420|SNU66_YEAST	SINGLE	2	542	566	10	1.020e-06	{K}
sp|Q12420|SNU66_YEAST	SINGLE	3	276	306	11	1.187e-06	{K}
sp|Q12420|SNU66_YEAST	WHOLE	1	1	587	69	1.675e-07	{K}
sp|Q12420|SNU66_YEAST	WHOLE	2	1	587	49	6.046e-06	{N}
sp|Q12425|ISA2_YEAST	SINGLE	1	105	126	10	9.190e-08	{D}
sp|Q12427|STB3_YEAST	SINGLE	1	15	33	9	2.301e-06	{S}
sp|Q12427|STB3_YEAST	SINGLE	2	318	324	5	2.860e-06	{N}
sp|Q12427|STB3_YEAST	SINGLE	3	310	315	5	5.156e-06	{T}
sp|Q12427|STB3_YEAST	SINGLE	4	422	428	4	7.399e-06	{H}
sp|Q12427|STB3_YEAST	MULTIPLE	1	303	324	13	1.041e-07	{NS}
sp|Q12427|STB3_YEAST	MULTIPLE	2	212	226	13	7.645e-10	{HDE}
sp|Q12427|STB3_YEAST	WHOLE	1	1	513	79	1.163e-10	{S}
sp|Q12433|AHC1_YEAST	SINGLE	1	18	24	7	1.013e-08	{S}
sp|Q12433|AHC1_YEAST	SINGLE	2	475	482	7	2.643e-08	{T}
sp|Q12433|AHC1_YEAST	SINGLE	3	189	193	4	1.105e-06	{H}
sp|Q12433|AHC1_YEAST	SINGLE	4	237	255	9	2.301e-06	{S}
sp|Q12433|AHC1_YEAST	MULTIPLE	1	127	144	8	7.200e-06	{HQ}
sp|Q12433|AHC1_YEAST	WHOLE	1	1	566	72	1.202e-06	{S}
sp|Q12447|PAA1_YEAST	WHOLE	1	1	191	26	2.083e-06	{I}
sp|Q12453|CEX1_YEAST	SINGLE	1	746	758	7	2.000e-06	{D}
sp|Q12453|CEX1_YEAST	SINGLE	2	616	640	9	9.931e-06	{T}
sp|Q12453|CEX1_YEAST	MULTIPLE	1	602	640	16	2.840e-06	{TD}
sp|Q12453|CEX1_YEAST	WHOLE	1	1	761	65	8.073e-06	{I}
sp|Q12455|SPSY_YEAST	SINGLE	1	96	101	5	7.177e-06	{G}
sp|Q12467|MRX4_YEAST	WHOLE	1	1	430	42	6.075e-07	{N}
sp|Q12471|6P22_YEAST	SINGLE	1	4	37	13	2.743e-07	{S}
sp|Q12482|AGC1_YEAST	MULTIPLE	1	397	425	15	3.507e-07	{DRH}
sp|Q12482|AGC1_YEAST	WHOLE	1	1	902	76	2.094e-08	{N}
sp|Q12482|AGC1_YEAST	WHOLE	2	1	902	67	3.633e-07	{F}
sp|Q12507|SFG1_YEAST	MULTIPLE	1	292	306	11	6.408e-08	{DE}
sp|Q12516|SRF1_YEAST	SINGLE	1	146	153	6	3.387e-06	{S}
sp|Q12516|SRF1_YEAST	MULTIPLE	1	258	290	16	2.211e-06	{LI}
sp|Q12751|RTP1_YEAST	SINGLE	1	49	56	7	7.519e-08	{S}
sp|Q12751|RTP1_YEAST	SINGLE	2	624	653	12	1.468e-07	{E}
sp|Q12751|RTP1_YEAST	SINGLE	3	655	692	12	7.635e-06	{S}
sp|Q12751|RTP1_YEAST	WHOLE	1	1	981	146	3.124e-09	{L}
sp|Q12751|RTP1_YEAST	WHOLE	2	1	981	84	4.945e-07	{I}
sp|Q12753|HAA1_YEAST	SINGLE	1	335	376	20	9.537e-17	{N}
sp|Q12753|HAA1_YEAST	SINGLE	2	111	158	16	1.097e-07	{S}
sp|Q12753|HAA1_YEAST	SINGLE	3	179	208	12	4.439e-07	{S}
sp|Q12753|HAA1_YEAST	SINGLE	4	68	89	9	2.854e-06	{K}
sp|Q12753|HAA1_YEAST	SINGLE	5	210	234	8	6.089e-06	{N}
sp|Q12753|HAA1_YEAST	MULTIPLE	1	178	208	16	7.097e-08	{SP}
sp|Q12753|HAA1_YEAST	MULTIPLE	2	215	234	10	1.252e-07	{NH}
sp|Q12753|HAA1_YEAST	MULTIPLE	3	541	580	15	1.330e-06	{MS}
sp|Q12753|HAA1_YEAST	WHOLE	1	1	694	110	5.923e-15	{S}
sp|Q12753|HAA1_YEAST	WHOLE	2	1	694	70	5.323e-11	{N}
sp|Q3E705|EFG1P_YEAST	SINGLE	1	72	105	12	4.182e-07	{K}
sp|Q3E705|EFG1P_YEAST	WHOLE	1	1	233	35	7.480e-07	{K}
sp|Q3E790|TSC3_YEAST	SINGLE	1	48	79	10	2.240e-07	{F}
sp|Q3E7B2|COA3_YEAST	SINGLE	1	46	50	4	9.720e-06	{Y}
sp|Q99186|AP2M_YEAST	SINGLE	1	157	165	7	3.139e-07	{S}
sp|Q99188|RGS2_YEAST	SINGLE	1	222	243	10	1.000e-06	{S}
sp|Q99188|RGS2_YEAST	MULTIPLE	1	214	250	21	6.099e-10	{ST}
sp|Q99189|MTR10_YEAST	WHOLE	1	1	972	88	2.773e-08	{I}
sp|Q99189|MTR10_YEAST	WHOLE	2	1	972	132	1.919e-06	{L}
sp|Q99234|DFG16_YEAST	SINGLE	1	510	517	6	3.066e-07	{R}
sp|Q99234|DFG16_YEAST	SINGLE	2	33	58	9	1.464e-06	{P}
sp|Q99234|DFG16_YEAST	SINGLE	3	389	413	8	2.999e-06	{F}
sp|Q99234|DFG16_YEAST	MULTIPLE	1	33	67	14	2.618e-08	{PH}
sp|Q99332|HPH1_YEAST	SINGLE	1	279	335	23	2.252e-12	{S}
sp|Q99332|HPH1_YEAST	SINGLE	2	399	461	17	8.156e-10	{N}
sp|Q99332|HPH1_YEAST	SINGLE	3	410	420	7	2.478e-06	{S}
sp|Q99332|HPH1_YEAST	SINGLE	4	220	231	7	5.518e-06	{S}
sp|Q99332|HPH1_YEAST	MULTIPLE	1	47	56	8	1.604e-07	{PQ}
sp|Q99332|HPH1_YEAST	WHOLE	1	1	602	90	3.333e-11	{S}
sp|Q99359|RAD61_YEAST	SINGLE	1	217	262	11	2.722e-06	{N}
sp|Q99359|RAD61_YEAST	SINGLE	2	23	48	10	6.090e-06	{S}
sp|Q99359|RAD61_YEAST	MULTIPLE	1	204	262	20	9.656e-07	{NK}
sp|Q99359|RAD61_YEAST	MULTIPLE	2	23	51	16	5.746e-08	{SD}
sp|Q99359|RAD61_YEAST	WHOLE	1	1	647	53	4.583e-06	{N}
sp|Q99393|IZH4_YEAST	SINGLE	1	161	203	11	5.241e-07	{F}
sp|Q99393|IZH4_YEAST	SINGLE	2	95	100	5	5.156e-06	{T}
sp|Q99393|IZH4_YEAST	MULTIPLE	1	158	203	16	1.321e-07	{FY}
sp|Q99393|IZH4_YEAST	MULTIPLE	2	105	140	11	5.337e-06	{FH}
sp|Q99393|IZH4_YEAST	MULTIPLE	3	65	93	14	4.174e-06	{FL}
sp|Q99393|IZH4_YEAST	WHOLE	1	1	312	33	2.072e-07	{F}
sp|Q9P305|IGO2_YEAST	SINGLE	1	106	122	9	7.035e-07	{S}
sp|O74302|YD13A_YEAST	SINGLE	1	107	146	12	1.575e-07	{P}
sp|O74302|YD13A_YEAST	SINGLE	2	58	86	10	3.983e-07	{P}
sp|O74302|YD13A_YEAST	MULTIPLE	1	107	160	24	1.971e-09	{PS}
sp|O74302|YD13A_YEAST	MULTIPLE	2	72	88	11	2.206e-08	{PQ}
sp|O74302|YD13A_YEAST	MULTIPLE	3	391	420	15	2.066e-07	{SN}
sp|O74302|YD13A_YEAST	WHOLE	1	1	440	42	6.998e-06	{P}
sp|P03875|AI1M_YEAST	SINGLE	1	240	291	10	1.519e-07	{M}
sp|P03875|AI1M_YEAST	SINGLE	2	242	251	6	1.129e-06	{N}
sp|P03875|AI1M_YEAST	SINGLE	3	663	683	7	7.349e-06	{Y}
sp|P03875|AI1M_YEAST	MULTIPLE	1	240	298	22	5.542e-12	{MN}
sp|P03875|AI1M_YEAST	WHOLE	1	1	834	53	8.342e-12	{M}
sp|P03875|AI1M_YEAST	WHOLE	2	1	834	69	1.616e-07	{N}
sp|P03875|AI1M_YEAST	WHOLE	3	1	834	83	7.412e-06	{K}
sp|P03876|AI2M_YEAST	WHOLE	1	1	854	74	1.040e-08	{N}
sp|P06174|HEM4_YEAST	MULTIPLE	1	50	67	10	9.139e-07	{IN}
sp|P08459|SPS2_YEAST	SINGLE	1	234	252	7	8.205e-06	{N}
sp|P08459|SPS2_YEAST	WHOLE	1	1	502	49	3.229e-06	{I}
sp|P08459|SPS2_YEAST	WHOLE	2	1	502	44	5.239e-06	{N}
sp|P09932|HO_YEAST	MULTIPLE	1	460	516	18	1.438e-07	{CK}
sp|P0C2H7|RL27B_YEAST	SINGLE	1	52	73	9	2.854e-06	{K}
sp|P0C2H7|RL27B_YEAST	WHOLE	1	1	136	23	7.305e-06	{K}
sp|P0C2I4|YH11A_YEAST	SINGLE	1	107	146	12	1.575e-07	{P}
sp|P0C2I4|YH11A_YEAST	SINGLE	2	72	86	7	2.126e-06	{P}
sp|P0C2I4|YH11A_YEAST	MULTIPLE	1	107	160	24	1.971e-09	{PS}
sp|P0C2I4|YH11A_YEAST	MULTIPLE	2	72	98	14	1.347e-08	{PQ}
sp|P0C2I4|YH11A_YEAST	MULTIPLE	3	429	458	15	2.066e-07	{SN}
sp|P0C2I4|YH11A_YEAST	WHOLE	1	1	478	47	1.019e-06	{P}
sp|P0C2I4|YH11A_YEAST	WHOLE	2	1	478	43	3.511e-06	{N}
sp|P0C2I8|YL14A_YEAST	SINGLE	1	107	146	12	1.575e-07	{P}
sp|P0C2I8|YL14A_YEAST	SINGLE	2	58	86	10	3.983e-07	{P}
sp|P0C2I8|YL14A_YEAST	MULTIPLE	1	107	160	24	1.971e-09	{PS}
sp|P0C2I8|YL14A_YEAST	MULTIPLE	2	72	88	11	2.206e-08	{PQ}
sp|P0C2I8|YL14A_YEAST	MULTIPLE	3	391	420	15	2.066e-07	{SN}
sp|P0C2J4|YL21A_YEAST	SINGLE	1	119	144	9	1.464e-06	{P}
sp|P0C2J4|YL21A_YEAST	MULTIPLE	1	119	136	11	2.657e-08	{PY}
sp|P0CE11|GMT2_YEAST	SINGLE	1	206	223	7	2.867e-06	{F}
sp|P0CX09|MAN2_YEAST	SINGLE	1	40	63	6	9.716e-06	{H}
sp|P0CX13|COS3_YEAST	SINGLE	1	328	343	7	1.116e-06	{F}
sp|P0CX14|YRF13_YEAST	SINGLE	1	1322	1458	56	1.612e-31	{T}
sp|P0CX14|YRF13_YEAST	MULTIPLE	1	1321	1458	86	1.805e-40	{TS}
sp|P0CX14|YRF13_YEAST	MULTIPLE	2	1170	1191	9	8.855e-06	{MI}
sp|P0CX15|YRF17_YEAST	SINGLE	1	1322	1458	56	1.612e-31	{T}
sp|P0CX15|YRF17_YEAST	MULTIPLE	1	1321	1458	86	1.805e-40	{TS}
sp|P0CX15|YRF17_YEAST	MULTIPLE	2	1170	1191	9	8.855e-06	{MI}
sp|P0CX22|YRF18_YEAST	SINGLE	1	1258	1394	55	1.665e-30	{T}
sp|P0CX22|YRF18_YEAST	MULTIPLE	1	1257	1394	85	1.889e-39	{TS}
sp|P0CX22|YRF18_YEAST	MULTIPLE	2	1106	1127	9	8.855e-06	{MI}
sp|P0CX57|YA11A_YEAST	SINGLE	1	107	146	12	1.575e-07	{P}
sp|P0CX57|YA11A_YEAST	MULTIPLE	1	107	160	24	1.971e-09	{PS}
sp|P0CX57|YA11A_YEAST	MULTIPLE	2	64	98	14	7.324e-07	{QP}
sp|P0CX57|YA11A_YEAST	MULTIPLE	3	391	420	15	2.066e-07	{SN}
sp|P0CX58|YP12A_YEAST	SINGLE	1	107	146	12	1.575e-07	{P}
sp|P0CX58|YP12A_YEAST	MULTIPLE	1	107	160	24	1.971e-09	{PS}
sp|P0CX58|YP12A_YEAST	MULTIPLE	2	64	98	14	7.324e-07	{QP}
sp|P0CX58|YP12A_YEAST	MULTIPLE	3	391	420	15	2.066e-07	{SN}
sp|P0CX59|YO12A_YEAST	SINGLE	1	107	146	12	1.575e-07	{P}
sp|P0CX59|YO12A_YEAST	SINGLE	2	58	86	10	3.983e-07	{P}
sp|P0CX59|YO12A_YEAST	MULTIPLE	1	107	160	24	1.971e-09	{PS}
sp|P0CX59|YO12A_YEAST	MULTIPLE	2	72	88	11	2.206e-08	{PQ}
sp|P0CX59|YO12A_YEAST	MULTIPLE	3	391	420	15	2.066e-07	{SN}
sp|P0CX59|YO12A_YEAST	WHOLE	1	1	440	43	3.174e-06	{P}
sp|P0CX60|YP13A_YEAST	SINGLE	1	107	146	12	1.575e-07	{P}
sp|P0CX60|YP13A_YEAST	SINGLE	2	58	86	10	3.983e-07	{P}
sp|P0CX60|YP13A_YEAST	MULTIPLE	1	107	160	24	1.971e-09	{PS}
sp|P0CX60|YP13A_YEAST	MULTIPLE	2	72	88	11	2.206e-08	{PQ}
sp|P0CX60|YP13A_YEAST	MULTIPLE	3	391	420	15	2.066e-07	{SN}
sp|P0CX60|YP13A_YEAST	WHOLE	1	1	440	43	3.174e-06	{P}
sp|P0CX61|YF21A_YEAST	SINGLE	1	119	144	9	1.464e-06	{P}
sp|P0CX61|YF21A_YEAST	MULTIPLE	1	119	136	11	2.657e-08	{PY}
sp|P0CX62|YG22A_YEAST	SINGLE	1	119	144	9	1.464e-06	{P}
sp|P0CX62|YG22A_YEAST	MULTIPLE	1	119	136	11	2.657e-08	{PY}
sp|P0CX65|YD14A_YEAST	SINGLE	1	107	146	12	1.575e-07	{P}
sp|P0CX65|YD14A_YEAST	SINGLE	2	58	86	10	3.983e-07	{P}
sp|P0CX65|YD14A_YEAST	MULTIPLE	1	107	160	24	1.971e-09	{PS}
sp|P0CX65|YD14A_YEAST	MULTIPLE	2	72	88	11	2.206e-08	{PQ}
sp|P0CX65|YD14A_YEAST	MULTIPLE	3	391	420	15	2.066e-07	{SN}
sp|P0CX65|YD14A_YEAST	WHOLE	1	1	440	42	6.998e-06	{P}
sp|P0CX66|YE12A_YEAST	SINGLE	1	107	146	12	1.575e-07	{P}
sp|P0CX66|YE12A_YEAST	SINGLE	2	58	86	10	3.983e-07	{P}
sp|P0CX66|YE12A_YEAST	MULTIPLE	1	107	160	24	1.971e-09	{PS}
sp|P0CX66|YE12A_YEAST	MULTIPLE	2	72	88	11	2.206e-08	{PQ}
sp|P0CX66|YE12A_YEAST	MULTIPLE	3	391	420	15	2.066e-07	{SN}
sp|P0CX66|YE12A_YEAST	WHOLE	1	1	440	42	6.998e-06	{P}
sp|P0CX67|YG13A_YEAST	SINGLE	1	107	146	12	1.575e-07	{P}
sp|P0CX67|YG13A_YEAST	SINGLE	2	58	86	10	3.983e-07	{P}
sp|P0CX67|YG13A_YEAST	MULTIPLE	1	107	160	24	1.971e-09	{PS}
sp|P0CX67|YG13A_YEAST	MULTIPLE	2	72	88	11	2.206e-08	{PQ}
sp|P0CX67|YG13A_YEAST	MULTIPLE	3	391	420	15	2.066e-07	{SN}
sp|P0CX67|YG13A_YEAST	WHOLE	1	1	440	42	6.998e-06	{P}
sp|P0CX68|YL11A_YEAST	SINGLE	1	107	146	12	1.575e-07	{P}
sp|P0CX68|YL11A_YEAST	SINGLE	2	58	86	10	3.983e-07	{P}
sp|P0CX68|YL11A_YEAST	MULTIPLE	1	107	160	24	1.971e-09	{PS}
sp|P0CX68|YL11A_YEAST	MULTIPLE	2	72	88	11	2.206e-08	{PQ}
sp|P0CX68|YL11A_YEAST	MULTIPLE	3	391	420	15	2.066e-07	{SN}
sp|P0CX68|YL11A_YEAST	WHOLE	1	1	440	42	6.998e-06	{P}
sp|P0CX69|YM14A_YEAST	SINGLE	1	107	146	12	1.575e-07	{P}
sp|P0CX69|YM14A_YEAST	SINGLE	2	58	86	10	3.983e-07	{P}
sp|P0CX69|YM14A_YEAST	MULTIPLE	1	107	160	24	1.971e-09	{PS}
sp|P0CX69|YM14A_YEAST	MULTIPLE	2	72	88	11	2.206e-08	{PQ}
sp|P0CX69|YM14A_YEAST	MULTIPLE	3	391	420	15	2.066e-07	{SN}
sp|P0CX69|YM14A_YEAST	WHOLE	1	1	440	42	6.998e-06	{P}
sp|P0CX70|YD15A_YEAST	SINGLE	1	107	146	12	1.575e-07	{P}
sp|P0CX70|YD15A_YEAST	SINGLE	2	58	86	10	3.983e-07	{P}
sp|P0CX70|YD15A_YEAST	MULTIPLE	1	107	160	24	1.971e-09	{PS}
sp|P0CX70|YD15A_YEAST	MULTIPLE	2	72	88	11	2.206e-08	{PQ}
sp|P0CX70|YD15A_YEAST	MULTIPLE	3	391	420	15	2.066e-07	{SN}
sp|P0CX71|YE11A_YEAST	SINGLE	1	107	146	12	1.575e-07	{P}
sp|P0CX71|YE11A_YEAST	SINGLE	2	58	86	10	3.983e-07	{P}
sp|P0CX71|YE11A_YEAST	MULTIPLE	1	107	160	24	1.971e-09	{PS}
sp|P0CX71|YE11A_YEAST	MULTIPLE	2	72	88	11	2.206e-08	{PQ}
sp|P0CX71|YE11A_YEAST	MULTIPLE	3	391	420	15	2.066e-07	{SN}
sp|P0CX72|YL12A_YEAST	SINGLE	1	107	146	12	1.575e-07	{P}
sp|P0CX72|YL12A_YEAST	SINGLE	2	58	86	10	3.983e-07	{P}
sp|P0CX72|YL12A_YEAST	MULTIPLE	1	107	160	24	1.971e-09	{PS}
sp|P0CX72|YL12A_YEAST	MULTIPLE	2	72	88	11	2.206e-08	{PQ}
sp|P0CX72|YL12A_YEAST	MULTIPLE	3	391	420	15	2.066e-07	{SN}
sp|P0CX73|YP11A_YEAST	SINGLE	1	107	146	12	1.575e-07	{P}
sp|P0CX73|YP11A_YEAST	SINGLE	2	58	86	10	3.983e-07	{P}
sp|P0CX73|YP11A_YEAST	MULTIPLE	1	107	160	24	1.971e-09	{PS}
sp|P0CX73|YP11A_YEAST	MULTIPLE	2	72	88	11	2.206e-08	{PQ}
sp|P0CX73|YP11A_YEAST	MULTIPLE	3	391	420	15	2.066e-07	{SN}
sp|P0CX74|YJ11A_YEAST	SINGLE	1	107	146	12	1.575e-07	{P}
sp|P0CX74|YJ11A_YEAST	SINGLE	2	58	86	10	3.983e-07	{P}
sp|P0CX74|YJ11A_YEAST	MULTIPLE	1	107	160	24	1.971e-09	{PS}
sp|P0CX74|YJ11A_YEAST	MULTIPLE	2	72	88	11	2.206e-08	{PQ}
sp|P0CX74|YJ11A_YEAST	MULTIPLE	3	391	420	15	2.066e-07	{SN}
sp|P0CX74|YJ11A_YEAST	MULTIPLE	4	3	23	13	3.814e-07	{HSQ}
sp|P0CX75|YL13A_YEAST	SINGLE	1	107	146	12	1.575e-07	{P}
sp|P0CX75|YL13A_YEAST	SINGLE	2	58	86	10	3.983e-07	{P}
sp|P0CX75|YL13A_YEAST	MULTIPLE	1	107	160	24	1.971e-09	{PS}
sp|P0CX75|YL13A_YEAST	MULTIPLE	2	72	88	11	2.206e-08	{PQ}
sp|P0CX75|YL13A_YEAST	MULTIPLE	3	391	420	15	2.066e-07	{SN}
sp|P0CX75|YL13A_YEAST	MULTIPLE	4	3	23	13	3.814e-07	{HSQ}
sp|P0CX76|YM12A_YEAST	SINGLE	1	107	146	12	1.575e-07	{P}
sp|P0CX76|YM12A_YEAST	SINGLE	2	58	86	10	3.983e-07	{P}
sp|P0CX76|YM12A_YEAST	MULTIPLE	1	107	160	24	1.971e-09	{PS}
sp|P0CX76|YM12A_YEAST	MULTIPLE	2	72	88	11	2.206e-08	{PQ}
sp|P0CX76|YM12A_YEAST	MULTIPLE	3	391	420	15	2.066e-07	{SN}
sp|P0CX76|YM12A_YEAST	MULTIPLE	4	3	23	13	3.814e-07	{HSQ}
sp|P0CY09|HMAL2_YEAST	SINGLE	1	77	86	6	9.234e-06	{T}
sp|P0CY11|HMRA1_YEAST	SINGLE	1	10	41	9	5.226e-06	{N}
sp|P11927|KAR1_YEAST	SINGLE	1	309	331	8	3.015e-06	{N}
sp|P11927|KAR1_YEAST	WHOLE	1	1	433	44	1.182e-07	{N}
sp|P16151|ERD1_YEAST	SINGLE	1	82	125	11	6.046e-06	{I}
sp|P16151|ERD1_YEAST	MULTIPLE	1	78	146	27	3.486e-10	{IFC}
sp|P16151|ERD1_YEAST	MULTIPLE	2	26	39	8	5.820e-07	{WI}
sp|P16547|OM45_YEAST	SINGLE	1	346	392	14	4.934e-07	{K}
sp|P16547|OM45_YEAST	WHOLE	1	1	393	49	1.633e-06	{K}
sp|P16639|ATE1_YEAST	SINGLE	1	288	294	5	1.481e-06	{Y}
sp|P17123|SPO12_YEAST	SINGLE	1	33	63	11	3.344e-08	{N}
sp|P17123|SPO12_YEAST	SINGLE	2	130	153	9	6.603e-06	{K}
sp|P17123|SPO12_YEAST	MULTIPLE	1	33	63	14	1.993e-09	{NH}
sp|P17558|RTPT_YEAST	SINGLE	1	290	317	11	9.679e-09	{N}
sp|P17558|RTPT_YEAST	MULTIPLE	1	121	147	15	1.203e-07	{KE}
sp|P17558|RTPT_YEAST	WHOLE	1	1	318	42	1.992e-06	{K}
sp|P18634|ART10_YEAST	SINGLE	1	219	245	9	1.089e-06	{N}
sp|P18962|DAP2_YEAST	SINGLE	1	604	627	9	9.761e-06	{V}
sp|P20048|DOLK_YEAST	WHOLE	1	1	519	68	2.862e-13	{I}
sp|P20048|DOLK_YEAST	WHOLE	2	1	519	81	1.024e-06	{L}
sp|P20049|TYR1_YEAST	MULTIPLE	1	305	326	11	8.705e-06	{SN}
sp|P21304|PWP1_YEAST	SINGLE	1	268	277	8	8.428e-09	{K}
sp|P21304|PWP1_YEAST	MULTIPLE	1	68	93	14	2.844e-07	{DE}
sp|P21304|PWP1_YEAST	MULTIPLE	2	557	574	12	8.127e-08	{ED}
sp|P21304|PWP1_YEAST	WHOLE	1	1	576	60	1.602e-06	{D}
sp|P21339|MSB1_YEAST	SINGLE	1	1012	1067	15	2.507e-08	{P}
sp|P21339|MSB1_YEAST	SINGLE	2	584	592	7	3.139e-07	{S}
sp|P21339|MSB1_YEAST	SINGLE	3	31	56	9	7.582e-07	{N}
sp|P21339|MSB1_YEAST	SINGLE	4	656	661	5	3.011e-06	{D}
sp|P21339|MSB1_YEAST	MULTIPLE	1	1012	1067	27	4.821e-12	{PMQ}
sp|P21339|MSB1_YEAST	WHOLE	1	1	1137	95	2.940e-08	{P}
sp|P21339|MSB1_YEAST	WHOLE	2	1	1137	89	4.156e-08	{N}
sp|P21623|DIT1_YEAST	SINGLE	1	9	25	10	4.373e-08	{S}
sp|P21705|DAL82_YEAST	SINGLE	1	100	108	8	6.099e-09	{S}
sp|P22023|KRE5_YEAST	SINGLE	1	1077	1087	7	1.236e-06	{E}
sp|P22023|KRE5_YEAST	SINGLE	2	3	11	7	1.656e-06	{L}
sp|P22023|KRE5_YEAST	WHOLE	1	1	1365	111	1.338e-07	{I}
sp|P23250|RPI1_YEAST	SINGLE	1	224	270	28	1.759e-26	{N}
sp|P23250|RPI1_YEAST	SINGLE	2	55	90	18	6.543e-12	{S}
sp|P23250|RPI1_YEAST	SINGLE	3	58	85	12	6.177e-10	{N}
sp|P23250|RPI1_YEAST	SINGLE	4	168	178	8	2.899e-08	{K}
sp|P23250|RPI1_YEAST	MULTIPLE	1	55	90	30	6.518e-23	{SN}
sp|P23250|RPI1_YEAST	MULTIPLE	2	321	347	13	1.362e-07	{QP}
sp|P23250|RPI1_YEAST	WHOLE	1	1	407	65	1.143e-19	{N}
sp|P23250|RPI1_YEAST	WHOLE	2	1	407	57	7.569e-07	{S}
sp|P23797|GPI12_YEAST	MULTIPLE	1	282	299	8	1.816e-06	{WF}
sp|P23797|GPI12_YEAST	MULTIPLE	2	135	153	13	1.411e-06	{DIS}
sp|P24031|PPA3_YEAST	SINGLE	1	219	237	8	3.679e-06	{D}
sp|P24720|MNE1_YEAST	SINGLE	1	506	532	9	4.884e-07	{F}
sp|P24720|MNE1_YEAST	WHOLE	1	1	663	96	3.107e-06	{L}
sp|P25036|YSP3_YEAST	SINGLE	1	113	120	6	3.387e-06	{S}
sp|P25036|YSP3_YEAST	SINGLE	2	146	156	6	5.152e-06	{I}
sp|P25351|YCR3_YEAST	SINGLE	1	586	605	9	3.882e-06	{S}
sp|P25351|YCR3_YEAST	SINGLE	2	531	549	5	6.921e-06	{W}
sp|P25366|OCA4_YEAST	MULTIPLE	1	66	94	14	8.966e-07	{NS}
sp|P25380|SPS22_YEAST	SINGLE	1	282	314	9	6.876e-06	{N}
sp|P25380|SPS22_YEAST	SINGLE	2	200	218	7	8.205e-06	{N}
sp|P25380|SPS22_YEAST	WHOLE	1	1	463	44	7.022e-07	{N}
sp|P25380|SPS22_YEAST	WHOLE	2	1	463	47	1.787e-06	{I}
sp|P25383|YC21A_YEAST	SINGLE	1	119	144	9	1.464e-06	{P}
sp|P25383|YC21A_YEAST	MULTIPLE	1	119	136	11	2.657e-08	{PY}
sp|P25568|ATG22_YEAST	SINGLE	1	398	421	8	2.122e-06	{F}
sp|P25568|ATG22_YEAST	MULTIPLE	1	392	425	14	3.892e-07	{FI}
sp|P25579|LRE1_YEAST	MULTIPLE	1	226	248	10	6.340e-07	{NH}
sp|P25579|LRE1_YEAST	WHOLE	1	1	583	75	5.020e-07	{S}
sp|P25584|PEX34_YEAST	MULTIPLE	1	51	77	11	2.255e-06	{KC}
sp|P25585|FYV5_YEAST	SINGLE	1	91	134	12	7.514e-08	{F}
sp|P25585|FYV5_YEAST	SINGLE	2	41	81	14	4.793e-07	{S}
sp|P25585|FYV5_YEAST	MULTIPLE	1	88	145	34	3.677e-12	{FLP}
sp|P25585|FYV5_YEAST	WHOLE	1	1	152	20	1.738e-06	{F}
sp|P25611|RDS1_YEAST	SINGLE	1	15	42	6	4.432e-06	{C}
sp|P25611|RDS1_YEAST	MULTIPLE	1	15	35	10	1.176e-06	{CK}
sp|P25611|RDS1_YEAST	MULTIPLE	2	420	450	16	5.128e-07	{SE}
sp|P25617|YCQ6_YEAST	SINGLE	1	52	98	19	1.249e-11	{K}
sp|P25617|YCQ6_YEAST	SINGLE	2	219	254	12	1.419e-06	{E}
sp|P25617|YCQ6_YEAST	MULTIPLE	1	224	256	16	5.954e-08	{EQ}
sp|P25617|YCQ6_YEAST	WHOLE	1	1	290	48	3.750e-10	{K}
sp|P25619|HSP30_YEAST	SINGLE	1	72	83	7	9.065e-08	{F}
sp|P25659|FUB1_YEAST	SINGLE	1	228	248	13	5.621e-11	{G}
sp|P25659|FUB1_YEAST	SINGLE	2	186	229	11	3.646e-06	{P}
sp|P25659|FUB1_YEAST	MULTIPLE	1	183	248	31	4.260e-13	{GP}
sp|P30777|GPI10_YEAST	SINGLE	1	279	373	23	1.540e-12	{F}
sp|P30777|GPI10_YEAST	SINGLE	2	77	108	14	2.583e-07	{L}
sp|P30777|GPI10_YEAST	SINGLE	3	173	178	5	6.509e-06	{E}
sp|P30777|GPI10_YEAST	WHOLE	1	1	616	65	6.774e-13	{F}
sp|P30777|GPI10_YEAST	WHOLE	2	1	616	89	6.924e-06	{L}
sp|P32351|IMPX_YEAST	SINGLE	1	106	118	9	2.888e-09	{D}
sp|P32351|IMPX_YEAST	SINGLE	2	37	73	12	7.922e-08	{R}
sp|P32351|IMPX_YEAST	SINGLE	3	99	139	14	1.379e-07	{E}
sp|P32351|IMPX_YEAST	SINGLE	4	54	70	9	7.035e-07	{S}
sp|P32351|IMPX_YEAST	MULTIPLE	1	95	139	29	1.891e-16	{DE}
sp|P32351|IMPX_YEAST	MULTIPLE	2	37	73	22	7.597e-12	{RS}
sp|P32448|ASF2_YEAST	SINGLE	1	14	56	13	5.512e-06	{S}
sp|P32493|AEP1_YEAST	WHOLE	1	1	518	53	3.469e-07	{I}
sp|P32572|SPS18_YEAST	WHOLE	1	1	300	35	8.417e-08	{N}
sp|P32583|SRP40_YEAST	SINGLE	1	25	281	178	5.509e-139	{S}
sp|P32583|SRP40_YEAST	SINGLE	2	205	276	20	1.270e-09	{D}
sp|P32583|SRP40_YEAST	MULTIPLE	1	25	281	212	2.708e-142	{SD}
sp|P32583|SRP40_YEAST	MULTIPLE	2	115	149	16	1.379e-06	{EK}
sp|P32583|SRP40_YEAST	MULTIPLE	3	4	24	12	1.498e-06	{KE}
sp|P32583|SRP40_YEAST	WHOLE	1	1	406	196	1.098e-110	{S}
sp|P32606|PT127_YEAST	SINGLE	1	264	268	5	1.948e-06	{S}
sp|P32606|PT127_YEAST	SINGLE	2	637	647	5	1.993e-06	{H}
sp|P32616|YEF5_YEAST	SINGLE	1	64	78	8	2.659e-08	{F}
sp|P32616|YEF5_YEAST	MULTIPLE	1	32	78	17	1.991e-10	{CF}
sp|P32634|PMD1_YEAST	SINGLE	1	832	921	28	1.575e-11	{S}
sp|P32634|PMD1_YEAST	SINGLE	2	319	324	6	1.073e-10	{H}
sp|P32634|PMD1_YEAST	SINGLE	3	950	1009	20	3.029e-09	{S}
sp|P32634|PMD1_YEAST	SINGLE	4	638	711	22	5.588e-09	{S}
sp|P32634|PMD1_YEAST	SINGLE	5	919	949	12	6.120e-09	{P}
sp|P32634|PMD1_YEAST	SINGLE	6	478	504	9	1.089e-06	{N}
sp|P32634|PMD1_YEAST	SINGLE	7	1044	1098	12	2.712e-06	{N}
sp|P32634|PMD1_YEAST	SINGLE	8	1578	1586	6	3.865e-06	{K}
sp|P32634|PMD1_YEAST	MULTIPLE	1	832	955	59	1.164e-15	{SPR}
sp|P32634|PMD1_YEAST	MULTIPLE	2	950	1009	29	4.304e-12	{SR}
sp|P32634|PMD1_YEAST	MULTIPLE	3	618	711	37	3.416e-12	{SN}
sp|P32634|PMD1_YEAST	MULTIPLE	4	1040	1101	34	5.102e-12	{NIS}
sp|P32634|PMD1_YEAST	MULTIPLE	5	1448	1467	15	3.066e-10	{SD}
sp|P32634|PMD1_YEAST	WHOLE	1	1	1753	254	4.177e-26	{S}
sp|P32634|PMD1_YEAST	WHOLE	2	1	1753	134	1.393e-10	{N}
sp|P32645|ISC10_YEAST	MULTIPLE	1	47	90	16	4.024e-06	{KN}
sp|P32770|DRI1_YEAST	SINGLE	1	480	568	56	2.122e-53	{N}
sp|P32770|DRI1_YEAST	SINGLE	2	392	436	16	2.555e-11	{N}
sp|P32770|DRI1_YEAST	SINGLE	3	268	277	6	1.129e-06	{N}
sp|P32770|DRI1_YEAST	SINGLE	4	635	656	8	2.055e-06	{N}
sp|P32770|DRI1_YEAST	MULTIPLE	1	392	436	24	8.618e-12	{NS}
sp|P32770|DRI1_YEAST	WHOLE	1	1	719	124	2.836e-39	{N}
sp|P32857|PTM1_YEAST	SINGLE	1	458	505	14	1.861e-07	{D}
sp|P32857|PTM1_YEAST	MULTIPLE	1	458	509	20	3.487e-08	{DN}
sp|P32857|PTM1_YEAST	MULTIPLE	2	6	23	8	2.109e-06	{FC}
sp|P32858|AIM26_YEAST	MULTIPLE	1	9	27	12	4.857e-07	{LF}
sp|P32896|PDC2_YEAST	SINGLE	1	507	560	23	1.086e-17	{N}
sp|P32896|PDC2_YEAST	SINGLE	2	724	810	27	3.812e-11	{S}
sp|P32896|PDC2_YEAST	SINGLE	3	890	895	6	2.322e-07	{A}
sp|P32896|PDC2_YEAST	MULTIPLE	1	720	810	36	5.566e-12	{SN}
sp|P32896|PDC2_YEAST	WHOLE	1	1	925	106	1.642e-19	{N}
sp|P32896|PDC2_YEAST	WHOLE	2	1	925	111	6.036e-08	{S}
sp|P33335|SGE1_YEAST	WHOLE	1	1	543	56	1.333e-07	{I}
sp|P33335|SGE1_YEAST	WHOLE	2	1	543	46	6.928e-07	{F}
sp|P33757|SPO23_YEAST	SINGLE	1	4	36	15	1.995e-09	{S}
sp|P33757|SPO23_YEAST	WHOLE	1	1	523	66	3.943e-06	{S}
sp|P34231|YKS7_YEAST	SINGLE	1	167	181	10	7.842e-09	{S}
sp|P34231|YKS7_YEAST	SINGLE	2	367	392	11	6.882e-07	{S}
sp|P34231|YKS7_YEAST	SINGLE	3	597	606	6	2.463e-06	{I}
sp|P34231|YKS7_YEAST	SINGLE	4	689	694	5	3.011e-06	{D}
sp|P34231|YKS7_YEAST	MULTIPLE	1	553	568	10	1.339e-07	{FI}
sp|P34231|YKS7_YEAST	MULTIPLE	2	100	129	15	8.205e-06	{LT}
sp|P34231|YKS7_YEAST	WHOLE	1	1	750	86	7.400e-06	{S}
sp|P34250|SEG2_YEAST	SINGLE	1	594	642	35	3.625e-33	{D}
sp|P34250|SEG2_YEAST	SINGLE	2	303	355	16	1.254e-07	{E}
sp|P34250|SEG2_YEAST	SINGLE	3	744	779	13	5.880e-07	{S}
sp|P34250|SEG2_YEAST	SINGLE	4	837	880	14	1.249e-06	{S}
sp|P34250|SEG2_YEAST	SINGLE	5	9	15	6	1.498e-06	{A}
sp|P34250|SEG2_YEAST	SINGLE	6	994	1025	9	5.226e-06	{N}
sp|P34250|SEG2_YEAST	SINGLE	7	117	143	10	8.975e-06	{S}
sp|P34250|SEG2_YEAST	MULTIPLE	1	850	871	15	9.325e-10	{SP}
sp|P34250|SEG2_YEAST	MULTIPLE	2	986	1025	16	9.695e-07	{NT}
sp|P34250|SEG2_YEAST	MULTIPLE	3	1099	1127	12	1.371e-06	{HK}
sp|P34250|SEG2_YEAST	WHOLE	1	1	1132	148	1.540e-12	{S}
sp|P34250|SEG2_YEAST	WHOLE	2	1	1132	92	4.766e-09	{N}
sp|P35178|RRP1_YEAST	SINGLE	1	266	274	8	2.681e-09	{E}
sp|P35178|RRP1_YEAST	SINGLE	2	190	201	7	2.774e-06	{E}
sp|P35178|RRP1_YEAST	MULTIPLE	1	187	201	12	2.929e-09	{ED}
sp|P35209|SPT21_YEAST	SINGLE	1	127	144	11	1.740e-09	{E}
sp|P35209|SPT21_YEAST	SINGLE	2	672	682	8	4.298e-08	{E}
sp|P35209|SPT21_YEAST	SINGLE	3	351	407	15	1.108e-06	{K}
sp|P35209|SPT21_YEAST	MULTIPLE	1	351	407	20	8.830e-07	{KP}
sp|P35209|SPT21_YEAST	MULTIPLE	2	310	333	13	1.381e-08	{NQ}
sp|P35209|SPT21_YEAST	MULTIPLE	3	482	511	12	1.758e-06	{FN}
sp|P35209|SPT21_YEAST	MULTIPLE	4	235	257	12	7.240e-07	{NT}
sp|P35209|SPT21_YEAST	WHOLE	1	1	758	72	3.889e-10	{N}
sp|P35724|MNR2_YEAST	SINGLE	1	747	799	22	3.406e-12	{S}
sp|P35724|MNR2_YEAST	SINGLE	2	220	256	16	1.427e-09	{S}
sp|P35724|MNR2_YEAST	SINGLE	3	591	603	7	3.640e-07	{N}
sp|P35724|MNR2_YEAST	SINGLE	4	748	773	10	6.005e-07	{D}
sp|P35724|MNR2_YEAST	SINGLE	5	183	210	9	1.535e-06	{N}
sp|P35724|MNR2_YEAST	SINGLE	6	590	632	13	5.512e-06	{S}
sp|P35724|MNR2_YEAST	MULTIPLE	1	747	796	31	4.442e-16	{SD}
sp|P35724|MNR2_YEAST	MULTIPLE	2	590	632	28	9.318e-13	{NSR}
sp|P35724|MNR2_YEAST	MULTIPLE	3	25	48	13	2.317e-07	{KR}
sp|P35724|MNR2_YEAST	WHOLE	1	1	969	128	2.179e-11	{S}
sp|P35735|SFK1_YEAST	MULTIPLE	1	336	348	10	8.155e-08	{SN}
sp|P36026|UBP11_YEAST	SINGLE	1	557	564	8	5.101e-14	{H}
sp|P36026|UBP11_YEAST	SINGLE	2	238	257	10	3.319e-07	{S}
sp|P36054|RCN1_YEAST	SINGLE	1	132	145	7	7.184e-07	{Q}
sp|P36054|RCN1_YEAST	SINGLE	2	206	211	5	3.011e-06	{D}
sp|P36054|RCN1_YEAST	SINGLE	3	114	120	5	4.239e-06	{P}
sp|P36054|RCN1_YEAST	SINGLE	4	155	162	5	7.298e-06	{N}
sp|P36078|HOT13_YEAST	WHOLE	1	1	116	11	2.545e-06	{C}
sp|P36125|GMH1_YEAST	SINGLE	1	129	163	9	5.346e-06	{F}
sp|P36125|GMH1_YEAST	MULTIPLE	1	185	212	17	1.434e-08	{LI}
sp|P36125|GMH1_YEAST	MULTIPLE	2	235	264	15	2.821e-06	{LI}
sp|P36125|GMH1_YEAST	WHOLE	1	1	273	27	7.755e-06	{F}
sp|P36137|UIP5_YEAST	SINGLE	1	417	432	7	4.255e-06	{R}
sp|P36157|MSA2_YEAST	SINGLE	1	13	67	19	3.792e-09	{S}
sp|P36157|MSA2_YEAST	SINGLE	2	197	232	11	1.904e-07	{N}
sp|P36157|MSA2_YEAST	SINGLE	3	89	134	13	2.378e-06	{K}
sp|P36157|MSA2_YEAST	WHOLE	1	1	363	57	1.766e-08	{S}
sp|P36157|MSA2_YEAST	WHOLE	2	1	363	36	2.461e-06	{N}
sp|P36158|YK58_YEAST	SINGLE	1	88	92	5	2.522e-07	{R}
sp|P36158|YK58_YEAST	SINGLE	2	499	504	5	8.539e-07	{N}
sp|P36158|YK58_YEAST	MULTIPLE	1	25	52	15	2.482e-07	{SD}
sp|P36172|VBA5_YEAST	SINGLE	1	233	276	11	6.715e-07	{F}
sp|P36172|VBA5_YEAST	MULTIPLE	1	34	61	14	6.013e-06	{LI}
sp|P36172|VBA5_YEAST	WHOLE	1	1	582	56	1.118e-06	{I}
sp|P36172|VBA5_YEAST	WHOLE	2	1	582	45	8.676e-06	{F}
sp|P37263|YC16_YEAST	SINGLE	1	69	85	11	9.520e-12	{Q}
sp|P37263|YC16_YEAST	SINGLE	2	92	138	16	9.420e-09	{K}
sp|P37263|YC16_YEAST	SINGLE	3	57	80	9	6.603e-06	{K}
sp|P37263|YC16_YEAST	MULTIPLE	1	57	85	21	5.018e-15	{QK}
sp|P37263|YC16_YEAST	MULTIPLE	2	22	35	7	3.003e-06	{YC}
sp|P37263|YC16_YEAST	WHOLE	1	1	153	31	3.409e-09	{K}
sp|P37304|PAM1_YEAST	SINGLE	1	515	522	7	2.184e-09	{Q}
sp|P37304|PAM1_YEAST	SINGLE	2	682	740	15	1.889e-08	{N}
sp|P37304|PAM1_YEAST	SINGLE	3	811	830	10	7.933e-08	{K}
sp|P37304|PAM1_YEAST	SINGLE	4	572	608	13	8.412e-07	{S}
sp|P37304|PAM1_YEAST	SINGLE	5	540	549	6	1.129e-06	{N}
sp|P37304|PAM1_YEAST	SINGLE	6	485	508	9	9.882e-06	{E}
sp|P37304|PAM1_YEAST	MULTIPLE	1	679	743	28	1.115e-10	{NS}
sp|P37304|PAM1_YEAST	MULTIPLE	2	572	610	17	3.923e-07	{SQ}
sp|P37304|PAM1_YEAST	WHOLE	1	1	830	80	2.361e-11	{N}
sp|P37304|PAM1_YEAST	WHOLE	2	1	830	104	1.897e-08	{S}
sp|P38061|RL32_YEAST	MULTIPLE	1	6	26	11	2.054e-07	{KH}
sp|P38073|EDS1_YEAST	SINGLE	1	912	916	4	3.224e-07	{C}
sp|P38073|EDS1_YEAST	SINGLE	2	56	85	6	6.765e-06	{C}
sp|P38073|EDS1_YEAST	MULTIPLE	1	56	100	13	2.613e-06	{CR}
sp|P38073|EDS1_YEAST	WHOLE	1	1	919	69	4.095e-06	{N}
sp|P38079|YRO2_YEAST	SINGLE	1	304	331	19	4.156e-17	{K}
sp|P38079|YRO2_YEAST	MULTIPLE	1	239	271	16	2.211e-06	{IL}
sp|P38081|YBQ6_YEAST	SINGLE	1	272	280	4	5.761e-06	{W}
sp|P38087|YMC2_YEAST	SINGLE	1	57	71	8	8.976e-07	{T}
sp|P38120|RT09_YEAST	SINGLE	1	262	271	6	9.064e-06	{K}
sp|P38124|FLR1_YEAST	SINGLE	1	60	73	8	1.400e-06	{S}
sp|P38124|FLR1_YEAST	MULTIPLE	1	259	281	9	1.467e-06	{FW}
sp|P38141|THI2_YEAST	SINGLE	1	30	57	6	4.432e-06	{C}
sp|P38141|THI2_YEAST	MULTIPLE	1	413	440	12	2.163e-08	{QC}
sp|P38141|THI2_YEAST	MULTIPLE	2	72	102	15	2.403e-06	{KS}
sp|P38151|PBP2_YEAST	SINGLE	1	3	16	8	4.466e-07	{T}
sp|P38156|MAL31_YEAST	SINGLE	1	579	586	7	1.342e-07	{A}
sp|P38157|MAL33_YEAST	SINGLE	1	8	34	6	3.540e-06	{C}
sp|P38157|MAL33_YEAST	MULTIPLE	1	224	242	11	4.346e-06	{YL}
sp|P38176|AVT5_YEAST	WHOLE	1	1	459	51	4.834e-08	{I}
sp|P38191|MOH1_YEAST	SINGLE	1	14	22	6	9.427e-06	{S}
sp|P38206|RFT1_YEAST	SINGLE	1	489	510	8	9.995e-07	{F}
sp|P38206|RFT1_YEAST	MULTIPLE	1	452	484	17	3.638e-07	{LI}
sp|P38206|RFT1_YEAST	WHOLE	1	1	574	55	1.138e-09	{F}
sp|P38206|RFT1_YEAST	WHOLE	2	1	574	57	3.492e-07	{I}
sp|P38216|CTPP1_YEAST	SINGLE	1	41	104	30	4.472e-24	{Q}
sp|P38216|CTPP1_YEAST	SINGLE	2	110	122	5	1.186e-06	{C}
sp|P38216|CTPP1_YEAST	SINGLE	3	38	87	11	1.825e-06	{Y}
sp|P38216|CTPP1_YEAST	MULTIPLE	1	38	104	42	2.903e-29	{QY}
sp|P38216|CTPP1_YEAST	MULTIPLE	2	110	122	9	2.863e-07	{CA}
sp|P38216|CTPP1_YEAST	WHOLE	1	1	128	33	6.473e-17	{Q}
sp|P38229|GIP1_YEAST	SINGLE	1	367	398	12	9.977e-07	{S}
sp|P38229|GIP1_YEAST	SINGLE	2	356	373	8	2.255e-06	{D}
sp|P38229|GIP1_YEAST	MULTIPLE	1	356	398	27	4.245e-10	{SDE}
sp|P38229|GIP1_YEAST	WHOLE	1	1	639	83	9.403e-08	{S}
sp|P38232|REG2_YEAST	SINGLE	1	91	127	12	2.530e-08	{N}
sp|P38232|REG2_YEAST	SINGLE	2	52	78	10	2.318e-06	{K}
sp|P38232|REG2_YEAST	SINGLE	3	274	303	11	3.608e-06	{S}
sp|P38232|REG2_YEAST	MULTIPLE	1	311	331	13	6.153e-08	{DT}
sp|P38330|RMD9L_YEAST	SINGLE	1	79	131	26	9.292e-22	{N}
sp|P38330|RMD9L_YEAST	SINGLE	2	99	121	9	6.675e-10	{H}
sp|P38330|RMD9L_YEAST	SINGLE	3	641	659	9	4.569e-06	{A}
sp|P38330|RMD9L_YEAST	MULTIPLE	1	83	131	35	7.081e-31	{NH}
sp|P38330|RMD9L_YEAST	WHOLE	1	1	731	76	2.103e-12	{N}
sp|P38330|RMD9L_YEAST	WHOLE	2	1	731	37	2.046e-06	{H}
sp|P38335|MTC4_YEAST	SINGLE	1	226	240	8	2.813e-10	{H}
sp|P38335|MTC4_YEAST	SINGLE	2	268	275	7	2.115e-09	{N}
sp|P38335|MTC4_YEAST	SINGLE	3	210	223	9	7.251e-08	{S}
sp|P38335|MTC4_YEAST	SINGLE	4	408	426	9	2.301e-06	{S}
sp|P38335|MTC4_YEAST	MULTIPLE	1	224	244	14	4.478e-12	{HR}
sp|P38335|MTC4_YEAST	MULTIPLE	2	327	358	17	1.519e-07	{SG}
sp|P38343|SLM6_YEAST	SINGLE	1	3	104	33	7.594e-14	{S}
sp|P38343|SLM6_YEAST	SINGLE	2	74	117	12	7.514e-08	{F}
sp|P38343|SLM6_YEAST	MULTIPLE	1	2	118	63	2.141e-26	{SFC}
sp|P38343|SLM6_YEAST	WHOLE	1	1	150	38	5.072e-12	{S}
sp|P38343|SLM6_YEAST	WHOLE	2	1	150	19	5.322e-06	{F}
sp|P38358|VBA2_YEAST	SINGLE	1	178	217	15	1.031e-06	{L}
sp|P38358|VBA2_YEAST	SINGLE	2	66	71	5	7.177e-06	{G}
sp|P38358|VBA2_YEAST	MULTIPLE	1	178	214	21	2.407e-08	{LS}
sp|P38358|VBA2_YEAST	MULTIPLE	2	346	369	12	8.582e-07	{FT}
sp|P38358|VBA2_YEAST	MULTIPLE	3	302	322	12	2.139e-06	{LF}
sp|P38358|VBA2_YEAST	WHOLE	1	1	474	49	6.759e-07	{I}
sp|P38358|VBA2_YEAST	WHOLE	2	1	474	74	2.683e-06	{L}
sp|P38693|PPAC_YEAST	SINGLE	1	219	225	5	9.952e-06	{D}
sp|P38694|MSC7_YEAST	SINGLE	1	562	580	9	1.152e-06	{G}
sp|P38707|SYNC_YEAST	SINGLE	1	65	91	11	2.360e-07	{K}
sp|P38708|YHI0_YEAST	SINGLE	1	171	178	8	1.427e-09	{A}
sp|P38708|YHI0_YEAST	MULTIPLE	1	157	164	8	1.489e-08	{QK}
sp|P38734|MUP3_YEAST	MULTIPLE	1	254	273	11	1.869e-06	{FS}
sp|P38734|MUP3_YEAST	WHOLE	1	1	546	51	9.685e-09	{F}
sp|P38738|OCA5_YEAST	SINGLE	1	251	289	17	1.183e-13	{N}
sp|P38738|OCA5_YEAST	SINGLE	2	609	637	13	2.916e-08	{S}
sp|P38738|OCA5_YEAST	SINGLE	3	132	171	13	2.270e-06	{S}
sp|P38738|OCA5_YEAST	MULTIPLE	1	132	171	18	9.387e-07	{ST}
sp|P38738|OCA5_YEAST	MULTIPLE	2	348	365	12	4.866e-08	{SN}
sp|P38738|OCA5_YEAST	MULTIPLE	3	561	585	12	2.017e-06	{EF}
sp|P38738|OCA5_YEAST	WHOLE	1	1	679	87	8.852e-08	{S}
sp|P38738|OCA5_YEAST	WHOLE	2	1	679	58	5.089e-07	{N}
sp|P38739|WSC4_YEAST	SINGLE	1	147	316	73	2.378e-42	{T}
sp|P38739|WSC4_YEAST	SINGLE	2	184	298	48	6.511e-25	{S}
sp|P38739|WSC4_YEAST	SINGLE	3	116	143	15	1.047e-10	{S}
sp|P38739|WSC4_YEAST	SINGLE	4	384	398	8	5.629e-08	{N}
sp|P38739|WSC4_YEAST	SINGLE	5	418	426	6	5.132e-06	{V}
sp|P38739|WSC4_YEAST	SINGLE	6	52	97	7	7.660e-06	{C}
sp|P38739|WSC4_YEAST	MULTIPLE	1	147	317	132	1.310e-79	{TS}
sp|P38739|WSC4_YEAST	MULTIPLE	2	362	401	19	3.280e-09	{NT}
sp|P38739|WSC4_YEAST	WHOLE	1	1	605	125	1.450e-32	{T}
sp|P38739|WSC4_YEAST	WHOLE	2	1	605	127	1.082e-27	{S}
sp|P38745|YHB7_YEAST	SINGLE	1	6	14	7	1.656e-06	{L}
sp|P38745|YHB7_YEAST	SINGLE	2	162	169	6	3.387e-06	{S}
sp|P38745|YHB7_YEAST	SINGLE	3	424	436	6	4.638e-06	{F}
sp|P38745|YHB7_YEAST	SINGLE	4	506	513	5	7.298e-06	{N}
sp|P38767|ERC1_YEAST	SINGLE	1	37	69	14	5.488e-09	{E}
sp|P38771|RRF1_YEAST	MULTIPLE	1	49	93	17	1.117e-06	{NK}
sp|P38771|RRF1_YEAST	WHOLE	1	1	230	35	5.546e-07	{K}
sp|P38774|DOG1_YEAST	MULTIPLE	1	218	241	12	1.728e-06	{NV}
sp|P38784|VMA22_YEAST	SINGLE	1	80	127	15	9.756e-08	{K}
sp|P38784|VMA22_YEAST	MULTIPLE	1	78	127	23	6.538e-09	{KE}
sp|P38809|YHP7_YEAST	SINGLE	1	96	110	8	2.813e-10	{H}
sp|P38814|SBE22_YEAST	SINGLE	1	214	276	21	1.238e-09	{S}
sp|P38814|SBE22_YEAST	SINGLE	2	74	96	8	3.015e-06	{N}
sp|P38814|SBE22_YEAST	SINGLE	3	129	136	6	3.387e-06	{S}
sp|P38814|SBE22_YEAST	WHOLE	1	1	852	114	1.110e-10	{S}
sp|P38814|SBE22_YEAST	WHOLE	2	1	852	67	1.283e-06	{N}
sp|P38848|PEX28_YEAST	SINGLE	1	49	75	12	1.117e-07	{S}
sp|P38849|MTC6_YEAST	SINGLE	1	323	345	10	1.642e-06	{S}
sp|P38852|LIN1_YEAST	MULTIPLE	1	47	59	10	2.189e-07	{SD}
sp|P38854|TDA11_YEAST	SINGLE	1	262	309	15	6.843e-07	{S}
sp|P38854|TDA11_YEAST	SINGLE	2	123	164	13	4.146e-06	{S}
sp|P38854|TDA11_YEAST	MULTIPLE	1	262	309	25	1.083e-08	{SQR}
sp|P38854|TDA11_YEAST	WHOLE	1	1	504	79	4.999e-11	{S}
sp|P38969|PNT1_YEAST	SINGLE	1	162	171	7	9.710e-07	{S}
sp|P38969|PNT1_YEAST	SINGLE	2	201	219	7	4.362e-06	{F}
sp|P38971|ALP1_YEAST	MULTIPLE	1	75	93	13	8.547e-09	{GI}
sp|P38971|ALP1_YEAST	MULTIPLE	2	208	228	10	3.713e-06	{IF}
sp|P38971|ALP1_YEAST	WHOLE	1	1	573	54	2.985e-06	{I}
sp|P38971|ALP1_YEAST	WHOLE	2	1	573	45	5.946e-06	{F}
sp|P39005|KRE9_YEAST	SINGLE	1	130	219	26	1.933e-11	{T}
sp|P39005|KRE9_YEAST	WHOLE	1	1	276	42	5.227e-08	{T}
sp|P39101|CAJ1_YEAST	SINGLE	1	364	383	9	1.661e-06	{E}
sp|P39101|CAJ1_YEAST	MULTIPLE	1	81	135	19	1.151e-06	{EF}
sp|P39101|CAJ1_YEAST	MULTIPLE	2	141	178	15	1.414e-07	{KM}
sp|P39101|CAJ1_YEAST	WHOLE	1	1	391	51	2.814e-07	{K}
sp|P39101|CAJ1_YEAST	WHOLE	2	1	391	52	5.261e-07	{E}
sp|P39102|XDJ1_YEAST	SINGLE	1	98	113	7	2.126e-06	{N}
sp|P39102|XDJ1_YEAST	SINGLE	2	91	104	6	7.799e-06	{F}
sp|P39102|XDJ1_YEAST	MULTIPLE	1	77	116	25	7.086e-12	{NFG}
sp|P39102|XDJ1_YEAST	MULTIPLE	2	208	231	10	5.127e-06	{KC}
sp|P39551|PRM9_YEAST	SINGLE	1	129	148	7	6.448e-06	{F}
sp|P39682|PRP39_YEAST	WHOLE	1	1	629	54	1.016e-06	{N}
sp|P39708|DHE5_YEAST	SINGLE	1	108	113	5	7.177e-06	{G}
sp|P39937|PAC2_YEAST	WHOLE	1	1	518	54	2.242e-09	{N}
sp|P39944|UBP5_YEAST	SINGLE	1	340	372	10	1.520e-06	{P}
sp|P39944|UBP5_YEAST	MULTIPLE	1	643	695	15	6.667e-06	{KC}
sp|P39959|YEW0_YEAST	SINGLE	1	338	359	13	3.609e-10	{S}
sp|P39959|YEW0_YEAST	SINGLE	2	28	72	12	2.761e-07	{N}
sp|P39959|YEW0_YEAST	SINGLE	3	213	217	5	1.948e-06	{S}
sp|P39959|YEW0_YEAST	MULTIPLE	1	338	359	18	9.801e-14	{SP}
sp|P39959|YEW0_YEAST	MULTIPLE	2	116	140	13	1.260e-07	{DN}
sp|P39959|YEW0_YEAST	MULTIPLE	3	396	412	8	7.068e-06	{RH}
sp|P39959|YEW0_YEAST	WHOLE	1	1	443	48	4.823e-09	{N}
sp|P39959|YEW0_YEAST	WHOLE	2	1	443	61	5.794e-07	{S}
sp|P39961|TOG1_YEAST	SINGLE	1	376	385	5	1.717e-07	{W}
sp|P39961|TOG1_YEAST	SINGLE	2	18	44	6	3.540e-06	{C}
sp|P39961|TOG1_YEAST	MULTIPLE	1	9	44	15	2.354e-08	{CK}
sp|P39961|TOG1_YEAST	MULTIPLE	2	229	257	13	5.148e-07	{NI}
sp|P39961|TOG1_YEAST	WHOLE	1	1	794	31	5.105e-06	{C}
sp|P39967|UBP9_YEAST	SINGLE	1	38	71	13	2.743e-07	{S}
sp|P39967|UBP9_YEAST	SINGLE	2	341	358	8	3.354e-07	{N}
sp|P39967|UBP9_YEAST	SINGLE	3	215	219	4	1.105e-06	{H}
sp|P39967|UBP9_YEAST	SINGLE	4	81	87	4	7.399e-06	{H}
sp|P39967|UBP9_YEAST	MULTIPLE	1	198	219	10	3.832e-07	{HN}
sp|P39967|UBP9_YEAST	MULTIPLE	2	221	236	10	1.607e-06	{SQ}
sp|P39967|UBP9_YEAST	WHOLE	1	1	754	68	8.598e-09	{N}
sp|P39981|AVT2_YEAST	WHOLE	1	1	480	50	4.236e-07	{I}
sp|P39982|HHY1_YEAST	MULTIPLE	1	64	88	12	2.964e-06	{LC}
sp|P40002|MIT1_YEAST	SINGLE	1	334	384	38	3.461e-41	{N}
sp|P40002|MIT1_YEAST	SINGLE	2	226	288	20	9.927e-13	{N}
sp|P40002|MIT1_YEAST	SINGLE	3	642	660	10	1.375e-09	{N}
sp|P40002|MIT1_YEAST	MULTIPLE	1	642	665	17	3.705e-12	{NT}
sp|P40002|MIT1_YEAST	MULTIPLE	2	410	444	19	4.629e-09	{NYP}
sp|P40002|MIT1_YEAST	MULTIPLE	3	561	592	16	1.649e-08	{QHY}
sp|P40002|MIT1_YEAST	WHOLE	1	1	666	110	2.417e-33	{N}
sp|P40002|MIT1_YEAST	WHOLE	2	1	666	79	5.106e-06	{S}
sp|P40036|GIP2_YEAST	SINGLE	1	525	530	5	8.539e-07	{N}
sp|P40036|GIP2_YEAST	SINGLE	2	403	432	9	2.912e-06	{N}
sp|P40036|GIP2_YEAST	MULTIPLE	1	403	425	13	2.117e-07	{NS}
sp|P40036|GIP2_YEAST	WHOLE	1	1	548	56	2.372e-09	{N}
sp|P40041|VHR2_YEAST	SINGLE	1	131	149	10	1.788e-07	{S}
sp|P40041|VHR2_YEAST	SINGLE	2	107	127	9	1.797e-06	{K}
sp|P40041|VHR2_YEAST	MULTIPLE	1	103	127	14	4.538e-08	{KR}
sp|P40041|VHR2_YEAST	WHOLE	1	1	505	68	3.237e-07	{S}
sp|P40050|MRX1_YEAST	SINGLE	1	18	26	7	3.139e-07	{S}
sp|P40050|MRX1_YEAST	WHOLE	1	1	688	76	4.623e-07	{K}
sp|P40095|YEY8_YEAST	SINGLE	1	424	482	27	6.443e-16	{S}
sp|P40095|YEY8_YEAST	SINGLE	2	103	121	10	1.837e-12	{M}
sp|P40095|YEY8_YEAST	SINGLE	3	102	123	12	1.710e-11	{N}
sp|P40095|YEY8_YEAST	SINGLE	4	260	298	13	1.652e-06	{S}
sp|P40095|YEY8_YEAST	SINGLE	5	211	222	7	5.518e-06	{S}
sp|P40095|YEY8_YEAST	SINGLE	6	361	372	6	7.194e-06	{P}
sp|P40095|YEY8_YEAST	SINGLE	7	84	92	6	9.427e-06	{S}
sp|P40095|YEY8_YEAST	MULTIPLE	1	102	123	22	7.403e-27	{MN}
sp|P40095|YEY8_YEAST	MULTIPLE	2	209	224	12	8.673e-09	{SP}
sp|P40095|YEY8_YEAST	WHOLE	1	1	573	101	6.887e-17	{S}
sp|P40095|YEY8_YEAST	WHOLE	2	1	573	54	6.141e-08	{N}
sp|P40100|PUG1_YEAST	WHOLE	1	1	303	32	3.193e-07	{F}
sp|P40105|YRF12_YEAST	SINGLE	1	1144	1280	56	1.612e-31	{T}
sp|P40105|YRF12_YEAST	MULTIPLE	1	1143	1280	86	1.805e-40	{TS}
sp|P40105|YRF12_YEAST	MULTIPLE	2	992	1013	9	8.855e-06	{MI}
sp|P40187|PIG2_YEAST	SINGLE	1	17	34	9	1.678e-08	{N}
sp|P40187|PIG2_YEAST	SINGLE	2	293	336	14	5.575e-08	{D}
sp|P40187|PIG2_YEAST	SINGLE	3	285	290	5	5.074e-06	{K}
sp|P40187|PIG2_YEAST	WHOLE	1	1	538	63	9.473e-13	{N}
sp|P40188|RGI2_YEAST	SINGLE	1	3	12	6	9.064e-06	{K}
sp|P40188|RGI2_YEAST	MULTIPLE	1	78	114	16	1.172e-08	{HK}
sp|P40188|RGI2_YEAST	WHOLE	1	1	164	27	2.194e-06	{K}
sp|P40210|SIP5_YEAST	SINGLE	1	271	296	6	2.798e-06	{C}
sp|P40210|SIP5_YEAST	SINGLE	2	53	60	5	7.298e-06	{N}
sp|P40210|SIP5_YEAST	MULTIPLE	1	426	450	12	8.799e-06	{SR}
sp|P40214|FDO1_YEAST	SINGLE	1	4	54	13	1.581e-07	{N}
sp|P40214|FDO1_YEAST	SINGLE	2	182	205	9	6.603e-06	{K}
sp|P40214|FDO1_YEAST	MULTIPLE	1	163	205	18	9.277e-08	{KQ}
sp|P40214|FDO1_YEAST	WHOLE	1	1	342	35	1.685e-06	{N}
sp|P40309|KHA1_YEAST	SINGLE	1	726	746	10	5.299e-06	{L}
sp|P40309|KHA1_YEAST	WHOLE	1	1	873	87	4.425e-10	{I}
sp|P40317|SOK1_YEAST	SINGLE	1	19	53	16	5.224e-10	{S}
sp|P40317|SOK1_YEAST	SINGLE	2	179	226	15	2.472e-09	{P}
sp|P40317|SOK1_YEAST	SINGLE	3	319	331	7	3.640e-07	{N}
sp|P40317|SOK1_YEAST	SINGLE	4	100	136	13	8.412e-07	{S}
sp|P40317|SOK1_YEAST	SINGLE	5	818	848	11	1.225e-06	{T}
sp|P40317|SOK1_YEAST	MULTIPLE	1	172	231	37	4.222e-12	{PQNS}
sp|P40317|SOK1_YEAST	MULTIPLE	2	100	136	19	2.872e-09	{SN}
sp|P40317|SOK1_YEAST	MULTIPLE	3	817	848	19	1.409e-09	{TS}
sp|P40317|SOK1_YEAST	WHOLE	1	1	901	84	4.019e-11	{N}
sp|P40317|SOK1_YEAST	WHOLE	2	1	901	105	4.788e-07	{S}
sp|P40325|HUA1_YEAST	SINGLE	1	69	92	10	4.954e-08	{P}
sp|P40325|HUA1_YEAST	SINGLE	2	27	33	5	4.239e-06	{P}
sp|P40325|HUA1_YEAST	MULTIPLE	1	49	92	21	4.089e-09	{PS}
sp|P40325|HUA1_YEAST	WHOLE	1	1	198	27	4.851e-07	{P}
sp|P40355|MNN14_YEAST	WHOLE	1	1	935	71	2.171e-06	{N}
sp|P40434|YIR7_YEAST	SINGLE	1	1129	1357	88	6.210e-46	{T}
sp|P40434|YIR7_YEAST	SINGLE	2	1126	1182	14	8.834e-08	{N}
sp|P40434|YIR7_YEAST	MULTIPLE	1	1126	1358	127	1.201e-61	{TN}
sp|P40434|YIR7_YEAST	MULTIPLE	2	977	998	9	8.855e-06	{MI}
sp|P40434|YIR7_YEAST	WHOLE	1	1	1758	163	1.263e-07	{T}
sp|P40451|AIM20_YEAST	SINGLE	1	154	167	8	1.400e-06	{S}
sp|P40451|AIM20_YEAST	MULTIPLE	1	4	25	11	8.008e-06	{IV}
sp|P40463|VHS2_YEAST	SINGLE	1	386	424	15	2.873e-11	{N}
sp|P40463|VHS2_YEAST	SINGLE	2	238	259	10	1.000e-06	{S}
sp|P40463|VHS2_YEAST	SINGLE	3	54	82	9	2.129e-06	{N}
sp|P40463|VHS2_YEAST	SINGLE	4	211	217	5	2.860e-06	{N}
sp|P40463|VHS2_YEAST	MULTIPLE	1	386	431	24	1.594e-11	{NS}
sp|P40463|VHS2_YEAST	MULTIPLE	2	238	261	16	4.210e-10	{SP}
sp|P40463|VHS2_YEAST	MULTIPLE	3	53	91	21	1.345e-10	{NS}
sp|P40463|VHS2_YEAST	MULTIPLE	4	25	35	8	4.480e-06	{SP}
sp|P40463|VHS2_YEAST	MULTIPLE	5	346	364	11	7.473e-06	{SE}
sp|P40463|VHS2_YEAST	WHOLE	1	1	436	77	2.349e-13	{S}
sp|P40463|VHS2_YEAST	WHOLE	2	1	436	56	4.132e-13	{N}
sp|P40470|RRT14_YEAST	SINGLE	1	66	86	13	2.343e-11	{K}
sp|P40470|RRT14_YEAST	WHOLE	1	1	206	32	1.025e-06	{K}
sp|P40511|SPO22_YEAST	SINGLE	1	587	604	9	1.305e-06	{S}
sp|P40511|SPO22_YEAST	WHOLE	1	1	975	82	1.286e-06	{I}
sp|P40525|RL34B_YEAST	SINGLE	1	99	121	10	4.057e-07	{K}
sp|P40531|GVP36_YEAST	SINGLE	1	300	312	7	5.621e-06	{E}
sp|P40544|YKE4_YEAST	SINGLE	1	20	34	6	4.406e-07	{H}
sp|P40544|YKE4_YEAST	SINGLE	2	165	171	4	7.399e-06	{H}
sp|P40544|YKE4_YEAST	MULTIPLE	1	155	171	10	5.198e-07	{HS}
sp|P40546|FAF1_YEAST	SINGLE	1	131	147	8	4.231e-06	{E}
sp|P40570|VLD1_YEAST	SINGLE	1	152	162	8	6.339e-07	{L}
sp|P40889|YJW5_YEAST	SINGLE	1	1129	1357	88	6.210e-46	{T}
sp|P40889|YJW5_YEAST	SINGLE	2	1126	1182	14	8.834e-08	{N}
sp|P40889|YJW5_YEAST	MULTIPLE	1	1126	1358	127	1.201e-61	{TN}
sp|P40889|YJW5_YEAST	MULTIPLE	2	977	998	9	8.855e-06	{MI}
sp|P40889|YJW5_YEAST	WHOLE	1	1	1758	163	1.263e-07	{T}
sp|P40987|CIN1_YEAST	MULTIPLE	1	303	368	18	4.284e-07	{HI}
sp|P40987|CIN1_YEAST	WHOLE	1	1	1014	89	8.823e-08	{I}
sp|P40987|CIN1_YEAST	WHOLE	2	1	1014	138	1.086e-06	{L}
sp|P40990|MSS2_YEAST	MULTIPLE	1	295	315	9	6.969e-07	{FC}
sp|P40990|MSS2_YEAST	WHOLE	1	1	351	43	9.581e-06	{K}
sp|P41913|GLDS1_YEAST	SINGLE	1	419	486	26	3.824e-13	{S}
sp|P41913|GLDS1_YEAST	SINGLE	2	355	393	16	3.597e-09	{S}
sp|P41913|GLDS1_YEAST	SINGLE	3	243	305	20	7.785e-09	{S}
sp|P41913|GLDS1_YEAST	SINGLE	4	399	403	5	2.962e-06	{A}
sp|P41913|GLDS1_YEAST	MULTIPLE	1	243	307	36	2.921e-15	{SMN}
sp|P41913|GLDS1_YEAST	MULTIPLE	2	306	328	14	4.756e-07	{NQK}
sp|P41913|GLDS1_YEAST	MULTIPLE	3	339	354	11	2.362e-07	{KT}
sp|P41913|GLDS1_YEAST	WHOLE	1	1	522	93	5.445e-16	{S}
sp|P41913|GLDS1_YEAST	WHOLE	2	1	522	51	4.528e-08	{N}
sp|P42223|SBE2_YEAST	SINGLE	1	50	71	11	8.478e-08	{S}
sp|P42223|SBE2_YEAST	SINGLE	2	116	147	13	1.193e-07	{S}
sp|P42223|SBE2_YEAST	WHOLE	1	1	864	109	6.285e-09	{S}
sp|P42842|EMW1_YEAST	SINGLE	1	149	158	7	5.011e-06	{L}
sp|P42883|THI12_YEAST	SINGLE	1	192	205	6	4.428e-08	{C}
sp|P43562|YFE0_YEAST	SINGLE	1	79	137	14	6.849e-07	{I}
sp|P43562|YFE0_YEAST	MULTIPLE	1	79	131	18	2.834e-09	{IC}
sp|P43562|YFE0_YEAST	WHOLE	1	1	540	66	1.332e-11	{I}
sp|P43607|RRT5_YEAST	SINGLE	1	9	19	8	2.973e-08	{T}
sp|P43607|RRT5_YEAST	SINGLE	2	240	284	13	7.939e-08	{P}
sp|P43607|RRT5_YEAST	SINGLE	3	117	127	7	8.803e-07	{K}
sp|P43607|RRT5_YEAST	MULTIPLE	1	240	278	21	6.204e-10	{PA}
sp|P43611|OSW7_YEAST	SINGLE	1	168	205	15	5.151e-09	{E}
sp|P43611|OSW7_YEAST	SINGLE	2	170	211	13	2.357e-07	{D}
sp|P43611|OSW7_YEAST	MULTIPLE	1	168	207	27	3.557e-16	{ED}
sp|P43613|ERJ5_YEAST	SINGLE	1	258	282	11	9.163e-08	{K}
sp|P43613|ERJ5_YEAST	SINGLE	2	138	152	7	3.040e-06	{I}
sp|P43613|ERJ5_YEAST	SINGLE	3	47	83	11	8.175e-06	{K}
sp|P43613|ERJ5_YEAST	WHOLE	1	1	295	39	4.252e-06	{K}
sp|P43620|RMD8_YEAST	SINGLE	1	383	402	11	2.344e-08	{S}
sp|P43620|RMD8_YEAST	SINGLE	2	283	298	8	1.077e-07	{N}
sp|P43620|RMD8_YEAST	SINGLE	3	359	366	6	1.643e-07	{N}
sp|P43620|RMD8_YEAST	SINGLE	4	78	122	14	1.683e-06	{S}
sp|P43620|RMD8_YEAST	SINGLE	5	101	124	8	9.294e-06	{R}
sp|P43620|RMD8_YEAST	MULTIPLE	1	383	402	16	4.599e-12	{SP}
sp|P43620|RMD8_YEAST	MULTIPLE	2	75	124	26	6.473e-12	{SR}
sp|P45819|SPO74_YEAST	WHOLE	1	1	413	40	1.320e-06	{N}
sp|P46955|NCA3_YEAST	SINGLE	1	28	33	4	3.242e-06	{H}
sp|P46955|NCA3_YEAST	WHOLE	1	1	337	47	6.647e-06	{S}
sp|P46958|IDS2_YEAST	SINGLE	1	72	95	10	2.445e-08	{Q}
sp|P46973|HIT1_YEAST	SINGLE	1	8	32	6	2.187e-06	{C}
sp|P46983|ATG36_YEAST	SINGLE	1	81	125	14	1.683e-06	{S}
sp|P46983|ATG36_YEAST	SINGLE	2	29	44	8	2.395e-06	{E}
sp|P46983|ATG36_YEAST	SINGLE	3	248	278	11	5.189e-06	{S}
sp|P46983|ATG36_YEAST	MULTIPLE	1	81	125	19	2.402e-07	{SP}
sp|P46983|ATG36_YEAST	WHOLE	1	1	293	43	4.492e-06	{S}
sp|P46993|ASG7_YEAST	SINGLE	1	31	37	4	2.185e-06	{C}
sp|P46997|JJJ2_YEAST	SINGLE	1	240	252	13	1.881e-18	{Q}
sp|P46997|JJJ2_YEAST	SINGLE	2	232	236	5	1.160e-06	{E}
sp|P46997|JJJ2_YEAST	SINGLE	3	265	288	9	9.882e-06	{E}
sp|P46997|JJJ2_YEAST	WHOLE	1	1	583	64	3.812e-06	{K}
sp|P46999|PIR5_YEAST	SINGLE	1	160	171	8	2.680e-07	{S}
sp|P46999|PIR5_YEAST	SINGLE	2	118	145	10	3.480e-06	{T}
sp|P47005|DAS1_YEAST	SINGLE	1	639	652	9	8.243e-10	{N}
sp|P47005|DAS1_YEAST	SINGLE	2	533	539	7	1.643e-09	{D}
sp|P47005|DAS1_YEAST	MULTIPLE	1	400	421	14	1.878e-09	{CQN}
sp|P47005|DAS1_YEAST	WHOLE	1	1	663	60	5.140e-08	{N}
sp|P47005|DAS1_YEAST	WHOLE	2	1	663	60	3.242e-06	{I}
sp|P47007|MRX5_YEAST	SINGLE	1	110	121	7	5.518e-06	{S}
sp|P47015|IF3M_YEAST	SINGLE	1	252	262	6	2.376e-06	{N}
sp|P47015|IF3M_YEAST	SINGLE	2	316	352	11	8.175e-06	{K}
sp|P47015|IF3M_YEAST	WHOLE	1	1	356	53	2.254e-09	{K}
sp|P47018|MTC1_YEAST	SINGLE	1	126	141	16	1.015e-19	{E}
sp|P47018|MTC1_YEAST	SINGLE	2	150	165	8	5.165e-06	{S}
sp|P47018|MTC1_YEAST	MULTIPLE	1	435	458	14	7.469e-08	{ED}
sp|P47018|MTC1_YEAST	WHOLE	1	1	478	64	2.518e-08	{E}
sp|P47046|IRC8_YEAST	SINGLE	1	762	779	9	1.305e-06	{S}
sp|P47046|IRC8_YEAST	MULTIPLE	1	579	611	15	6.840e-08	{SH}
sp|P47046|IRC8_YEAST	MULTIPLE	2	205	228	14	4.181e-08	{NS}
sp|P47046|IRC8_YEAST	MULTIPLE	3	145	157	9	1.566e-06	{NS}
sp|P47046|IRC8_YEAST	WHOLE	1	1	822	121	6.032e-14	{S}
sp|P47046|IRC8_YEAST	WHOLE	2	1	822	64	2.884e-06	{N}
sp|P47048|YJE9_YEAST	SINGLE	1	373	397	12	1.235e-08	{E}
sp|P47048|YJE9_YEAST	MULTIPLE	1	373	400	17	2.293e-10	{EN}
sp|P47048|YJE9_YEAST	WHOLE	1	1	450	55	3.237e-06	{E}
sp|P47048|YJE9_YEAST	WHOLE	2	1	450	40	9.479e-06	{N}
sp|P47049|UBX6_YEAST	SINGLE	1	336	342	7	5.631e-09	{G}
sp|P47049|UBX6_YEAST	SINGLE	2	367	396	10	2.754e-07	{N}
sp|P47049|UBX6_YEAST	MULTIPLE	1	358	396	19	8.768e-09	{NS}
sp|P47084|MRX12_YEAST	SINGLE	1	263	283	9	2.717e-06	{E}
sp|P47099|YJ12A_YEAST	SINGLE	1	107	146	12	1.575e-07	{P}
sp|P47099|YJ12A_YEAST	MULTIPLE	1	107	160	24	1.971e-09	{PS}
sp|P47099|YJ12A_YEAST	MULTIPLE	2	64	98	14	7.324e-07	{QP}
sp|P47099|YJ12A_YEAST	MULTIPLE	3	391	420	15	2.066e-07	{SN}
sp|P47099|YJ12A_YEAST	MULTIPLE	4	3	23	13	3.814e-07	{HSQ}
sp|P47141|RT26_YEAST	WHOLE	1	1	266	28	9.649e-06	{N}
sp|P47155|ILM1_YEAST	SINGLE	1	177	200	10	2.486e-07	{D}
sp|P47155|ILM1_YEAST	SINGLE	2	12	24	6	4.638e-06	{F}
sp|P47155|ILM1_YEAST	SINGLE	3	137	183	13	5.293e-06	{E}
sp|P47155|ILM1_YEAST	MULTIPLE	1	152	198	37	3.741e-13	{DEINT}
sp|P47163|EFM3_YEAST	SINGLE	1	261	276	5	3.835e-06	{C}
sp|P47163|EFM3_YEAST	MULTIPLE	1	257	278	13	4.837e-08	{CL}
sp|P47165|XPT1_YEAST	SINGLE	1	34	66	10	2.454e-06	{I}
sp|P47166|SGM1_YEAST	MULTIPLE	1	691	706	10	7.310e-09	{QM}
sp|P47166|SGM1_YEAST	WHOLE	1	1	707	92	1.593e-10	{E}
sp|P47183|THI11_YEAST	SINGLE	1	192	205	6	4.428e-08	{C}
sp|P47187|COS5_YEAST	SINGLE	1	330	345	7	1.116e-06	{F}
sp|P47976|CTH1_YEAST	MULTIPLE	1	19	29	9	5.783e-07	{TS}
sp|P47976|CTH1_YEAST	WHOLE	1	1	325	33	3.750e-06	{N}
sp|P48353|HLJ1_YEAST	SINGLE	1	182	192	7	7.889e-08	{Q}
sp|P48353|HLJ1_YEAST	SINGLE	2	119	161	10	4.293e-06	{F}
sp|P48353|HLJ1_YEAST	SINGLE	3	97	130	11	6.426e-06	{G}
sp|P48353|HLJ1_YEAST	MULTIPLE	1	97	179	35	9.237e-14	{FG}
sp|P48560|TOS6_YEAST	SINGLE	1	21	77	20	7.984e-11	{T}
sp|P48560|TOS6_YEAST	WHOLE	1	1	102	22	1.932e-07	{T}
sp|P50080|AZR1_YEAST	SINGLE	1	464	469	5	8.539e-07	{N}
sp|P50080|AZR1_YEAST	SINGLE	2	330	338	6	1.036e-06	{I}
sp|P50080|AZR1_YEAST	SINGLE	3	21	30	6	1.159e-06	{Q}
sp|P50080|AZR1_YEAST	SINGLE	4	235	241	5	1.772e-06	{F}
sp|P50080|AZR1_YEAST	SINGLE	5	422	451	9	8.515e-06	{I}
sp|P50080|AZR1_YEAST	WHOLE	1	1	613	65	5.452e-09	{I}
sp|P50080|AZR1_YEAST	WHOLE	2	1	613	48	3.264e-06	{F}
sp|P50104|STB4_YEAST	SINGLE	1	244	301	14	1.114e-07	{N}
sp|P50104|STB4_YEAST	SINGLE	2	203	211	6	4.718e-07	{N}
sp|P50104|STB4_YEAST	SINGLE	3	122	127	5	1.440e-06	{R}
sp|P50104|STB4_YEAST	SINGLE	4	87	113	6	3.540e-06	{C}
sp|P50104|STB4_YEAST	SINGLE	5	144	188	13	9.474e-06	{S}
sp|P50104|STB4_YEAST	MULTIPLE	1	85	113	13	7.105e-08	{CK}
sp|P50104|STB4_YEAST	MULTIPLE	2	144	202	21	3.265e-08	{SH}
sp|P50104|STB4_YEAST	WHOLE	1	1	949	82	2.145e-09	{N}
sp|P50112|KNH1_YEAST	WHOLE	1	1	268	36	7.074e-06	{T}
sp|P50273|ATP22_YEAST	SINGLE	1	455	466	7	5.518e-06	{S}
sp|P50873|MRK1_YEAST	MULTIPLE	1	58	95	14	3.121e-06	{IN}
sp|P52290|PPAD_YEAST	SINGLE	1	218	225	5	7.298e-06	{N}
sp|P52918|MSN5_YEAST	MULTIPLE	1	962	977	9	6.489e-07	{MD}
sp|P52918|MSN5_YEAST	WHOLE	1	1	1224	158	3.981e-06	{L}
sp|P52918|MSN5_YEAST	WHOLE	2	1	1224	94	8.725e-06	{I}
sp|P52924|COS10_YEAST	SINGLE	1	32	62	7	2.990e-07	{W}
sp|P52924|COS10_YEAST	SINGLE	2	323	343	7	9.294e-06	{F}
sp|P52924|COS10_YEAST	MULTIPLE	1	323	352	13	6.417e-06	{FS}
sp|P53036|SAP4_YEAST	SINGLE	1	490	524	12	1.245e-08	{N}
sp|P53036|SAP4_YEAST	SINGLE	2	539	550	8	3.596e-08	{D}
sp|P53036|SAP4_YEAST	SINGLE	3	406	412	6	1.953e-07	{D}
sp|P53036|SAP4_YEAST	SINGLE	4	520	528	6	3.865e-06	{K}
sp|P53036|SAP4_YEAST	MULTIPLE	1	486	528	21	2.509e-10	{NK}
sp|P53036|SAP4_YEAST	MULTIPLE	2	572	614	14	9.525e-06	{FI}
sp|P53036|SAP4_YEAST	WHOLE	1	1	818	78	1.649e-06	{D}
sp|P53046|ROM1_YEAST	SINGLE	1	192	254	21	1.238e-09	{S}
sp|P53046|ROM1_YEAST	SINGLE	2	348	377	14	4.506e-09	{S}
sp|P53046|ROM1_YEAST	SINGLE	3	136	167	11	7.338e-06	{S}
sp|P53046|ROM1_YEAST	MULTIPLE	1	191	254	28	5.518e-13	{SH}
sp|P53046|ROM1_YEAST	WHOLE	1	1	1155	123	4.712e-06	{S}
sp|P53047|RTA1_YEAST	MULTIPLE	1	72	87	8	6.948e-07	{FC}
sp|P53060|RMR1_YEAST	SINGLE	1	3	37	11	7.276e-06	{E}
sp|P53060|RMR1_YEAST	MULTIPLE	1	3	37	23	1.057e-09	{EDV}
sp|P53099|TPN1_YEAST	MULTIPLE	1	94	129	19	4.989e-07	{SL}
sp|P53118|ROG1_YEAST	SINGLE	1	581	591	8	1.269e-08	{D}
sp|P53139|YGK8_YEAST	SINGLE	1	41	49	7	1.091e-07	{K}
sp|P53139|YGK8_YEAST	WHOLE	1	1	140	27	9.313e-08	{K}
sp|P53142|VPS73_YEAST	SINGLE	1	124	167	12	8.622e-07	{I}
sp|P53142|VPS73_YEAST	SINGLE	2	444	475	10	1.799e-06	{I}
sp|P53142|VPS73_YEAST	WHOLE	1	1	486	62	8.996e-12	{I}
sp|P53147|TOS8_YEAST	WHOLE	1	1	276	31	9.421e-07	{N}
sp|P53155|YGI2_YEAST	SINGLE	1	352	376	10	1.020e-06	{K}
sp|P53155|YGI2_YEAST	SINGLE	2	329	341	6	8.081e-06	{N}
sp|P53155|YGI2_YEAST	MULTIPLE	1	326	357	13	1.664e-06	{NR}
sp|P53155|YGI2_YEAST	WHOLE	1	1	381	39	4.714e-07	{N}
sp|P53172|SDS23_YEAST	SINGLE	1	394	439	17	7.681e-09	{S}
sp|P53172|SDS23_YEAST	SINGLE	2	50	61	9	9.254e-09	{S}
sp|P53172|SDS23_YEAST	SINGLE	3	452	479	11	2.194e-08	{P}
sp|P53172|SDS23_YEAST	SINGLE	4	65	83	7	8.205e-06	{N}
sp|P53172|SDS23_YEAST	MULTIPLE	1	391	439	24	1.672e-10	{SP}
sp|P53172|SDS23_YEAST	MULTIPLE	2	450	479	19	3.587e-11	{PS}
sp|P53172|SDS23_YEAST	WHOLE	1	1	527	72	9.065e-08	{S}
sp|P53200|EFM5_YEAST	MULTIPLE	1	23	48	12	5.052e-06	{QE}
sp|P53248|PEX8_YEAST	WHOLE	1	1	589	90	6.978e-07	{L}
sp|P53253|NNF2_YEAST	SINGLE	1	394	405	9	2.458e-09	{T}
sp|P53253|NNF2_YEAST	SINGLE	2	299	305	6	9.125e-07	{S}
sp|P53253|NNF2_YEAST	SINGLE	3	736	747	7	1.982e-06	{K}
sp|P53253|NNF2_YEAST	SINGLE	4	802	810	6	5.178e-06	{E}
sp|P53253|NNF2_YEAST	SINGLE	5	409	439	11	5.189e-06	{S}
sp|P53253|NNF2_YEAST	SINGLE	6	583	600	7	5.415e-06	{N}
sp|P53253|NNF2_YEAST	WHOLE	1	1	936	120	4.991e-10	{S}
sp|P53253|NNF2_YEAST	WHOLE	2	1	936	77	4.437e-08	{N}
sp|P53253|NNF2_YEAST	WHOLE	3	1	936	64	7.967e-06	{F}
sp|P53278|YG3A_YEAST	SINGLE	1	164	185	20	2.867e-21	{S}
sp|P53278|YG3A_YEAST	SINGLE	2	191	223	20	1.757e-16	{T}
sp|P53278|YG3A_YEAST	SINGLE	3	310	351	18	3.024e-11	{E}
sp|P53278|YG3A_YEAST	SINGLE	4	662	696	13	1.244e-07	{E}
sp|P53278|YG3A_YEAST	SINGLE	5	690	724	11	1.447e-07	{Q}
sp|P53278|YG3A_YEAST	SINGLE	6	8	40	10	7.748e-07	{Q}
sp|P53278|YG3A_YEAST	MULTIPLE	1	161	185	25	1.534e-22	{ST}
sp|P53278|YG3A_YEAST	MULTIPLE	2	662	724	27	6.801e-11	{EQ}
sp|P53278|YG3A_YEAST	MULTIPLE	3	135	160	13	1.651e-06	{KD}
sp|P53278|YG3A_YEAST	MULTIPLE	4	730	755	12	7.741e-06	{ER}
sp|P53278|YG3A_YEAST	WHOLE	1	1	816	110	3.568e-13	{E}
sp|P53278|YG3A_YEAST	WHOLE	2	1	816	89	1.044e-07	{K}
sp|P53278|YG3A_YEAST	WHOLE	3	1	816	63	4.962e-06	{Q}
sp|P53279|FHN1_YEAST	SINGLE	1	159	164	5	1.440e-06	{R}
sp|P53279|FHN1_YEAST	SINGLE	2	126	134	5	9.817e-06	{F}
sp|P53285|VPS62_YEAST	WHOLE	1	1	467	21	7.565e-06	{W}
sp|P53289|RTS3_YEAST	SINGLE	1	47	58	8	2.680e-07	{S}
sp|P53289|RTS3_YEAST	WHOLE	1	1	263	40	3.968e-06	{S}
sp|P53305|RT27_YEAST	SINGLE	1	83	110	13	2.758e-09	{K}
sp|P53305|RT27_YEAST	MULTIPLE	1	82	110	19	2.715e-10	{KA}
sp|P53305|RT27_YEAST	WHOLE	1	1	110	20	9.317e-06	{K}
sp|P53316|YG5B_YEAST	SINGLE	1	409	476	18	3.707e-10	{N}
sp|P53316|YG5B_YEAST	SINGLE	2	731	760	10	5.696e-07	{P}
sp|P53316|YG5B_YEAST	SINGLE	3	707	727	8	1.366e-06	{N}
sp|P53316|YG5B_YEAST	SINGLE	4	345	367	10	1.642e-06	{S}
sp|P53316|YG5B_YEAST	SINGLE	5	451	462	6	2.107e-06	{Y}
sp|P53316|YG5B_YEAST	SINGLE	6	687	693	5	2.926e-06	{Q}
sp|P53316|YG5B_YEAST	MULTIPLE	1	419	472	27	2.094e-13	{NYH}
sp|P53316|YG5B_YEAST	MULTIPLE	2	728	762	14	2.618e-08	{PM}
sp|P53316|YG5B_YEAST	MULTIPLE	3	345	373	17	1.324e-09	{SN}
sp|P53316|YG5B_YEAST	MULTIPLE	4	643	657	11	1.164e-07	{DS}
sp|P53316|YG5B_YEAST	WHOLE	1	1	781	75	1.078e-10	{N}
sp|P53338|MAL13_YEAST	SINGLE	1	8	39	8	3.068e-08	{C}
sp|P53394|SULX_YEAST	SINGLE	1	64	89	13	1.039e-11	{N}
sp|P53394|SULX_YEAST	SINGLE	2	694	702	6	4.718e-07	{N}
sp|P53394|SULX_YEAST	SINGLE	3	518	548	10	1.301e-06	{I}
sp|P53394|SULX_YEAST	MULTIPLE	1	71	89	17	3.190e-15	{NT}
sp|P53394|SULX_YEAST	WHOLE	1	1	754	70	2.416e-07	{I}
sp|P53630|BIOD_YEAST	SINGLE	1	6	11	5	8.737e-07	{Q}
sp|P53630|BIOD_YEAST	SINGLE	2	148	153	5	6.460e-06	{V}
sp|P53723|YN8B_YEAST	SINGLE	1	346	398	16	6.344e-08	{K}
sp|P53723|YN8B_YEAST	MULTIPLE	1	346	402	32	4.630e-11	{KRE}
sp|P53724|RM50_YEAST	MULTIPLE	1	110	120	10	1.032e-08	{KE}
sp|P53735|ZRG17_YEAST	SINGLE	1	118	127	6	1.799e-06	{P}
sp|P53735|ZRG17_YEAST	MULTIPLE	1	62	97	17	9.312e-08	{SN}
sp|P53735|ZRG17_YEAST	WHOLE	1	1	605	75	1.887e-06	{S}
sp|P53735|ZRG17_YEAST	WHOLE	2	1	605	55	6.558e-06	{I}
sp|P53744|BIO5_YEAST	WHOLE	1	1	561	48	3.122e-07	{F}
sp|P53744|BIO5_YEAST	WHOLE	2	1	561	56	3.711e-07	{I}
sp|P53751|YN94_YEAST	WHOLE	1	1	1116	74	5.032e-06	{F}
sp|P53752|YN95_YEAST	SINGLE	1	302	317	7	5.137e-06	{I}
sp|P53752|YN95_YEAST	WHOLE	1	1	436	45	1.868e-06	{I}
sp|P53755|BSC5_YEAST	SINGLE	1	336	377	14	6.673e-07	{S}
sp|P53755|BSC5_YEAST	SINGLE	2	18	22	5	1.948e-06	{S}
sp|P53819|YRF16_YEAST	SINGLE	1	1322	1458	56	1.612e-31	{T}
sp|P53819|YRF16_YEAST	MULTIPLE	1	1321	1458	86	1.805e-40	{TS}
sp|P53819|YRF16_YEAST	MULTIPLE	2	1170	1191	9	8.855e-06	{MI}
sp|P53835|PRM1_YEAST	MULTIPLE	1	485	525	18	3.848e-08	{TN}
sp|P53835|PRM1_YEAST	WHOLE	1	1	661	59	5.600e-06	{I}
sp|P53857|YNX4_YEAST	SINGLE	1	56	85	11	3.608e-06	{S}
sp|P53878|PBR1_YEAST	MULTIPLE	1	379	405	14	9.279e-08	{KN}
sp|P53882|TDA7_YEAST	SINGLE	1	79	381	129	2.753e-65	{S}
sp|P53882|TDA7_YEAST	SINGLE	2	549	555	6	6.922e-08	{P}
sp|P53882|TDA7_YEAST	SINGLE	3	325	365	13	5.872e-07	{T}
sp|P53882|TDA7_YEAST	SINGLE	4	580	605	11	6.882e-07	{S}
sp|P53882|TDA7_YEAST	SINGLE	5	15	42	11	1.647e-06	{S}
sp|P53882|TDA7_YEAST	MULTIPLE	1	58	383	186	2.081e-76	{ST}
sp|P53882|TDA7_YEAST	MULTIPLE	2	383	408	13	2.553e-07	{TY}
sp|P53882|TDA7_YEAST	WHOLE	1	1	636	181	1.019e-58	{S}
sp|P53882|TDA7_YEAST	WHOLE	2	1	636	86	8.979e-12	{T}
sp|P53883|NOP13_YEAST	SINGLE	1	116	120	5	9.015e-07	{K}
sp|P53883|NOP13_YEAST	MULTIPLE	1	329	343	10	6.704e-07	{NS}
sp|P53883|NOP13_YEAST	WHOLE	1	1	403	56	9.660e-09	{K}
sp|P53885|MDG1_YEAST	SINGLE	1	235	246	8	1.205e-07	{E}
sp|P53885|MDG1_YEAST	SINGLE	2	323	360	12	1.600e-06	{K}
sp|P53885|MDG1_YEAST	SINGLE	3	124	142	8	7.972e-06	{K}
sp|P53885|MDG1_YEAST	WHOLE	1	1	366	50	9.155e-08	{K}
sp|P53892|IBD2_YEAST	SINGLE	1	247	268	6	5.629e-06	{H}
sp|P53898|NSG2_YEAST	SINGLE	1	254	265	5	7.418e-07	{C}
sp|P53898|NSG2_YEAST	MULTIPLE	1	254	270	10	1.709e-08	{CI}
sp|P53913|FYV6_YEAST	SINGLE	1	92	120	10	4.843e-06	{K}
sp|P53913|FYV6_YEAST	WHOLE	1	1	173	31	6.421e-08	{K}
sp|P53918|ESBP6_YEAST	SINGLE	1	2	38	15	1.335e-08	{S}
sp|P53918|ESBP6_YEAST	SINGLE	2	130	143	8	1.400e-06	{S}
sp|P53918|ESBP6_YEAST	MULTIPLE	1	589	610	9	4.464e-06	{CI}
sp|P53958|BOP3_YEAST	SINGLE	1	256	272	8	2.017e-07	{Q}
sp|P53958|BOP3_YEAST	SINGLE	2	263	268	5	1.270e-06	{P}
sp|P53958|BOP3_YEAST	MULTIPLE	1	256	272	14	1.172e-12	{QP}
sp|P53958|BOP3_YEAST	WHOLE	1	1	396	58	1.457e-07	{S}
sp|P53960|YNE0_YEAST	SINGLE	1	421	428	6	2.073e-06	{G}
sp|P53960|YNE0_YEAST	MULTIPLE	1	178	210	15	8.665e-07	{IE}
sp|P53961|GPI15_YEAST	WHOLE	1	1	229	28	6.766e-06	{I}
sp|P53970|EFM6_YEAST	MULTIPLE	1	202	230	12	9.473e-06	{KF}
sp|P56508|SNA2_YEAST	SINGLE	1	7	43	9	8.698e-06	{F}
sp|P56508|SNA2_YEAST	MULTIPLE	1	7	46	19	1.178e-07	{FL}
sp|P87262|RL34A_YEAST	SINGLE	1	99	121	10	4.057e-07	{K}
sp|Q02710|ECM23_YEAST	MULTIPLE	1	89	104	10	2.100e-06	{SP}
sp|Q02803|OAZ_YEAST	SINGLE	1	101	152	12	1.456e-06	{N}
sp|Q02803|OAZ_YEAST	MULTIPLE	1	105	146	20	1.168e-09	{NK}
sp|Q02803|OAZ_YEAST	MULTIPLE	2	208	250	21	2.393e-08	{LN}
sp|Q02803|OAZ_YEAST	WHOLE	1	1	292	31	2.951e-06	{N}
sp|Q02889|MGR2_YEAST	SINGLE	1	22	68	13	6.530e-06	{G}
sp|Q02889|MGR2_YEAST	MULTIPLE	1	21	74	18	3.582e-07	{GM}
sp|Q03029|SPO19_YEAST	SINGLE	1	116	121	6	7.542e-08	{E}
sp|Q03099|YMN3_YEAST	SINGLE	1	836	972	56	1.612e-31	{T}
sp|Q03099|YMN3_YEAST	MULTIPLE	1	835	972	86	1.805e-40	{TS}
sp|Q03099|YMN3_YEAST	MULTIPLE	2	684	705	9	8.855e-06	{MI}
sp|Q03153|ATP25_YEAST	SINGLE	1	182	193	6	8.314e-06	{R}
sp|Q03153|ATP25_YEAST	WHOLE	1	1	612	50	8.665e-06	{N}
sp|Q03264|NGL2_YEAST	SINGLE	1	42	52	8	2.899e-08	{K}
sp|Q03419|IZH1_YEAST	SINGLE	1	206	252	12	1.652e-07	{F}
sp|Q03419|IZH1_YEAST	WHOLE	1	1	316	34	9.291e-08	{F}
sp|Q03441|RMD1_YEAST	SINGLE	1	220	247	10	5.270e-06	{E}
sp|Q03482|CTPP2_YEAST	SINGLE	1	3	49	21	9.230e-17	{Q}
sp|Q03482|CTPP2_YEAST	SINGLE	2	55	73	7	1.115e-08	{C}
sp|Q03482|CTPP2_YEAST	MULTIPLE	1	3	50	38	1.809e-25	{QPY}
sp|Q03482|CTPP2_YEAST	WHOLE	1	1	75	21	4.483e-12	{Q}
sp|Q03483|YD22A_YEAST	SINGLE	1	119	144	9	1.464e-06	{P}
sp|Q03483|YD22A_YEAST	MULTIPLE	1	119	136	11	2.657e-08	{PY}
sp|Q03483|YD22A_YEAST	MULTIPLE	2	4	14	7	1.249e-06	{HQ}
sp|Q03516|RSN1_YEAST	SINGLE	1	4	20	9	1.972e-07	{T}
sp|Q03516|RSN1_YEAST	SINGLE	2	251	266	8	1.644e-06	{K}
sp|Q03516|RSN1_YEAST	MULTIPLE	1	283	301	10	3.879e-06	{KF}
sp|Q03525|TMA23_YEAST	SINGLE	1	126	198	35	3.541e-23	{K}
sp|Q03525|TMA23_YEAST	WHOLE	1	1	211	50	1.188e-16	{K}
sp|Q03667|MIX17_YEAST	SINGLE	1	32	36	5	1.522e-07	{Q}
sp|Q03667|MIX17_YEAST	SINGLE	2	96	113	8	3.473e-07	{Q}
sp|Q03667|MIX17_YEAST	MULTIPLE	1	45	92	26	6.922e-07	{GAS}
sp|Q03667|MIX17_YEAST	MULTIPLE	2	3	23	13	7.829e-08	{RS}
sp|Q03667|MIX17_YEAST	WHOLE	1	1	156	22	8.910e-07	{Q}
sp|Q03673|AIM34_YEAST	SINGLE	1	108	138	10	9.441e-06	{K}
sp|Q03673|AIM34_YEAST	MULTIPLE	1	108	133	14	1.026e-07	{KI}
sp|Q03798|AIM36_YEAST	SINGLE	1	154	181	8	5.881e-06	{Y}
sp|Q03856|YD11A_YEAST	SINGLE	1	107	146	12	1.575e-07	{P}
sp|Q03856|YD11A_YEAST	SINGLE	2	58	86	10	3.983e-07	{P}
sp|Q03856|YD11A_YEAST	MULTIPLE	1	107	160	24	1.971e-09	{PS}
sp|Q03856|YD11A_YEAST	MULTIPLE	2	72	88	11	2.206e-08	{PQ}
sp|Q03856|YD11A_YEAST	MULTIPLE	3	391	420	15	2.066e-07	{SN}
sp|Q03856|YD11A_YEAST	WHOLE	1	1	440	42	6.998e-06	{P}
sp|Q03942|RKM2_YEAST	MULTIPLE	1	349	361	9	7.060e-07	{DI}
sp|Q03942|RKM2_YEAST	WHOLE	1	1	479	47	4.216e-06	{I}
sp|Q03964|YD17A_YEAST	SINGLE	1	55	124	18	2.152e-09	{P}
sp|Q03964|YD17A_YEAST	MULTIPLE	1	49	135	38	1.378e-14	{PQH}
sp|Q04005|LIC4_YEAST	SINGLE	1	131	154	10	6.525e-07	{K}
sp|Q04005|LIC4_YEAST	SINGLE	2	162	175	8	1.400e-06	{S}
sp|Q04007|SND1_YEAST	SINGLE	1	482	499	15	1.031e-16	{D}
sp|Q04007|SND1_YEAST	SINGLE	2	782	823	16	7.510e-12	{N}
sp|Q04007|SND1_YEAST	SINGLE	3	632	659	12	1.813e-07	{S}
sp|Q04007|SND1_YEAST	SINGLE	4	388	403	9	3.567e-07	{S}
sp|Q04007|SND1_YEAST	SINGLE	5	422	444	8	3.015e-06	{N}
sp|Q04007|SND1_YEAST	MULTIPLE	1	780	824	27	1.857e-16	{ND}
sp|Q04007|SND1_YEAST	WHOLE	1	1	877	100	2.350e-18	{N}
sp|Q04007|SND1_YEAST	WHOLE	2	1	877	126	1.092e-13	{S}
sp|Q04083|THI74_YEAST	SINGLE	1	312	345	9	4.134e-06	{F}
sp|Q04083|THI74_YEAST	SINGLE	2	97	108	7	5.518e-06	{S}
sp|Q04083|THI74_YEAST	MULTIPLE	1	312	345	14	3.892e-07	{FI}
sp|Q04083|THI74_YEAST	WHOLE	1	1	370	33	7.545e-06	{F}
sp|Q04215|YM13A_YEAST	SINGLE	1	102	124	8	5.413e-06	{P}
sp|Q04215|YM13A_YEAST	MULTIPLE	1	72	95	12	2.463e-07	{QP}
sp|Q04216|DLT1_YEAST	MULTIPLE	1	43	67	13	3.367e-06	{IFN}
sp|Q04225|RRB1_YEAST	SINGLE	1	182	198	9	7.812e-08	{D}
sp|Q04225|RRB1_YEAST	SINGLE	2	47	69	9	1.863e-06	{D}
sp|Q04225|RRB1_YEAST	MULTIPLE	1	182	204	16	1.997e-10	{DE}
sp|Q04225|RRB1_YEAST	MULTIPLE	2	47	69	13	7.035e-08	{DI}
sp|Q04233|GIS4_YEAST	SINGLE	1	329	358	18	9.770e-14	{S}
sp|Q04233|GIS4_YEAST	SINGLE	2	576	589	9	7.637e-09	{D}
sp|Q04233|GIS4_YEAST	SINGLE	3	183	203	10	1.464e-07	{T}
sp|Q04233|GIS4_YEAST	SINGLE	4	147	152	5	8.539e-07	{N}
sp|Q04233|GIS4_YEAST	SINGLE	5	668	700	9	6.876e-06	{N}
sp|Q04233|GIS4_YEAST	SINGLE	6	91	114	6	9.716e-06	{H}
sp|Q04233|GIS4_YEAST	MULTIPLE	1	667	710	30	2.067e-13	{NSK}
sp|Q04233|GIS4_YEAST	MULTIPLE	2	97	123	10	3.574e-06	{HN}
sp|Q04233|GIS4_YEAST	MULTIPLE	3	412	445	16	9.426e-07	{SD}
sp|Q04233|GIS4_YEAST	WHOLE	1	1	774	117	2.499e-14	{S}
sp|Q04233|GIS4_YEAST	WHOLE	2	1	774	78	4.993e-12	{N}
sp|Q04399|GMC1_YEAST	SINGLE	1	449	460	6	8.689e-08	{H}
sp|Q04418|RBA50_YEAST	SINGLE	1	38	66	10	4.843e-06	{K}
sp|Q04418|RBA50_YEAST	SINGLE	2	310	316	4	7.399e-06	{H}
sp|Q04429|HLR1_YEAST	SINGLE	1	351	359	6	5.178e-06	{E}
sp|Q04429|HLR1_YEAST	WHOLE	1	1	423	64	1.100e-08	{S}
sp|Q04533|METX_YEAST	MULTIPLE	1	77	105	11	7.645e-07	{RC}
sp|Q04600|TMA64_YEAST	SINGLE	1	558	565	6	1.373e-06	{K}
sp|Q04600|TMA64_YEAST	SINGLE	2	286	311	10	1.555e-06	{K}
sp|Q04600|TMA64_YEAST	WHOLE	1	1	565	69	4.106e-08	{K}
sp|Q04602|VBA4_YEAST	SINGLE	1	132	171	13	2.270e-06	{S}
sp|Q04602|VBA4_YEAST	MULTIPLE	1	3	26	13	2.317e-07	{RK}
sp|Q04602|VBA4_YEAST	WHOLE	1	1	768	94	2.217e-07	{S}
sp|Q04706|YM11A_YEAST	SINGLE	1	107	146	12	1.575e-07	{P}
sp|Q04706|YM11A_YEAST	SINGLE	2	72	86	7	2.126e-06	{P}
sp|Q04706|YM11A_YEAST	MULTIPLE	1	107	160	24	1.971e-09	{PS}
sp|Q04706|YM11A_YEAST	MULTIPLE	2	72	98	14	1.347e-08	{PQ}
sp|Q04706|YM11A_YEAST	MULTIPLE	3	391	420	15	2.066e-07	{SN}
sp|Q04767|TVP18_YEAST	SINGLE	1	33	88	16	6.714e-09	{I}
sp|Q04767|TVP18_YEAST	WHOLE	1	1	167	26	1.628e-07	{I}
sp|Q04922|MFB1_YEAST	SINGLE	1	219	238	10	3.319e-07	{S}
sp|Q04922|MFB1_YEAST	MULTIPLE	1	214	239	15	2.547e-08	{SP}
sp|Q04922|MFB1_YEAST	WHOLE	1	1	465	44	7.784e-07	{N}
sp|Q05015|FSH2_YEAST	SINGLE	1	149	156	5	7.464e-06	{Q}
sp|Q05672|RBS1_YEAST	SINGLE	1	298	366	18	1.678e-09	{P}
sp|Q05672|RBS1_YEAST	SINGLE	2	204	244	16	8.466e-09	{S}
sp|Q05672|RBS1_YEAST	SINGLE	3	364	395	10	1.607e-07	{Y}
sp|Q05672|RBS1_YEAST	SINGLE	4	261	284	9	8.312e-07	{R}
sp|Q05672|RBS1_YEAST	MULTIPLE	1	298	395	56	5.921e-22	{PYMN}
sp|Q05672|RBS1_YEAST	MULTIPLE	2	198	244	24	2.463e-10	{SD}
sp|Q05672|RBS1_YEAST	WHOLE	1	1	457	48	1.266e-08	{N}
sp|Q05672|RBS1_YEAST	WHOLE	2	1	457	59	6.007e-06	{S}
sp|Q05827|HOR7_YEAST	SINGLE	1	22	28	6	9.125e-07	{S}
sp|Q05863|YL281_YEAST	SINGLE	1	113	155	13	5.861e-08	{R}
sp|Q05863|YL281_YEAST	SINGLE	2	128	151	9	9.882e-06	{E}
sp|Q05863|YL281_YEAST	MULTIPLE	1	113	155	26	2.548e-11	{REQ}
sp|Q05863|YL281_YEAST	WHOLE	1	1	155	24	3.124e-07	{R}
sp|Q05867|YL283_YEAST	MULTIPLE	1	58	73	11	3.021e-07	{KE}
sp|Q05955|ADY4_YEAST	MULTIPLE	1	368	381	8	6.620e-07	{IC}
sp|Q06011|ECM19_YEAST	SINGLE	1	97	110	9	1.665e-09	{P}
sp|Q06107|YP114_YEAST	SINGLE	1	226	235	7	5.011e-06	{L}
sp|Q06108|RGC1_YEAST	SINGLE	1	901	918	9	1.305e-06	{S}
sp|Q06108|RGC1_YEAST	MULTIPLE	1	652	685	15	9.641e-06	{KS}
sp|Q06108|RGC1_YEAST	MULTIPLE	2	99	129	13	7.537e-06	{KP}
sp|Q06108|RGC1_YEAST	WHOLE	1	1	1083	147	1.098e-13	{S}
sp|Q06108|RGC1_YEAST	WHOLE	2	1	1083	106	1.198e-06	{K}
sp|Q06116|HOB2_YEAST	SINGLE	1	2261	2283	11	1.508e-07	{S}
sp|Q06116|HOB2_YEAST	MULTIPLE	1	718	730	8	2.665e-07	{IW}
sp|Q06116|HOB2_YEAST	MULTIPLE	2	45	87	15	1.786e-06	{IF}
sp|Q06116|HOB2_YEAST	WHOLE	1	1	2489	184	2.377e-08	{I}
sp|Q06116|HOB2_YEAST	WHOLE	2	1	2489	147	3.510e-07	{F}
sp|Q06116|HOB2_YEAST	WHOLE	3	1	2489	241	8.591e-07	{S}
sp|Q06134|SPO77_YEAST	SINGLE	1	97	109	6	8.081e-06	{N}
sp|Q06134|SPO77_YEAST	WHOLE	1	1	477	44	1.481e-06	{N}
sp|Q06214|JIP5_YEAST	SINGLE	1	449	488	13	4.122e-07	{K}
sp|Q06214|JIP5_YEAST	SINGLE	2	105	110	5	8.737e-07	{Q}
sp|Q06214|JIP5_YEAST	SINGLE	3	411	431	8	8.833e-06	{D}
sp|Q06214|JIP5_YEAST	MULTIPLE	1	440	488	23	4.043e-09	{KE}
sp|Q06214|JIP5_YEAST	MULTIPLE	2	398	431	20	2.734e-10	{DS}
sp|Q06214|JIP5_YEAST	WHOLE	1	1	492	55	5.195e-07	{D}
sp|Q06216|PIG1_YEAST	SINGLE	1	20	54	19	2.451e-13	{S}
sp|Q06216|PIG1_YEAST	SINGLE	2	322	373	12	1.456e-06	{N}
sp|Q06216|PIG1_YEAST	SINGLE	3	525	554	10	7.012e-06	{T}
sp|Q06216|PIG1_YEAST	WHOLE	1	1	648	56	5.393e-07	{N}
sp|Q06216|PIG1_YEAST	WHOLE	2	1	648	80	1.073e-06	{S}
sp|Q06466|TDA6_YEAST	SINGLE	1	199	206	5	4.541e-06	{F}
sp|Q06469|CUR1_YEAST	WHOLE	1	1	252	32	7.455e-07	{I}
sp|Q06479|YL352_YEAST	SINGLE	1	720	747	11	1.647e-06	{S}
sp|Q06479|YL352_YEAST	MULTIPLE	1	710	747	18	6.935e-08	{SR}
sp|Q06485|ATG33_YEAST	SINGLE	1	30	48	8	8.162e-06	{T}
sp|Q06485|ATG33_YEAST	MULTIPLE	1	52	71	11	3.214e-06	{FA}
sp|Q06490|THI22_YEAST	MULTIPLE	1	432	445	9	3.278e-06	{ER}
sp|Q06640|YD306_YEAST	SINGLE	1	81	90	8	2.829e-08	{S}
sp|Q06644|PMT7_YEAST	SINGLE	1	231	254	9	1.054e-06	{I}
sp|Q06644|PMT7_YEAST	SINGLE	2	523	541	7	3.439e-06	{Y}
sp|Q06644|PMT7_YEAST	SINGLE	3	623	648	8	4.163e-06	{F}
sp|Q06644|PMT7_YEAST	MULTIPLE	1	523	545	13	3.758e-08	{YK}
sp|Q06644|PMT7_YEAST	WHOLE	1	1	662	55	1.235e-07	{F}
sp|Q06644|PMT7_YEAST	WHOLE	2	1	662	64	1.857e-07	{I}
sp|Q06665|RAD34_YEAST	SINGLE	1	35	53	8	3.679e-06	{D}
sp|Q06665|RAD34_YEAST	SINGLE	2	590	626	11	8.175e-06	{K}
sp|Q06665|RAD34_YEAST	WHOLE	1	1	692	80	4.063e-08	{K}
sp|Q06673|HID1_YEAST	SINGLE	1	409	428	12	1.366e-09	{S}
sp|Q06673|HID1_YEAST	SINGLE	2	1136	1150	9	1.972e-09	{N}
sp|Q06673|HID1_YEAST	SINGLE	3	491	520	14	4.506e-09	{S}
sp|Q06673|HID1_YEAST	SINGLE	4	1103	1109	7	1.013e-08	{S}
sp|Q06673|HID1_YEAST	SINGLE	5	804	821	9	1.746e-08	{Q}
sp|Q06673|HID1_YEAST	SINGLE	6	643	680	14	1.646e-07	{S}
sp|Q06673|HID1_YEAST	SINGLE	7	559	582	9	3.465e-07	{N}
sp|Q06673|HID1_YEAST	SINGLE	8	1248	1257	6	1.129e-06	{N}
sp|Q06673|HID1_YEAST	SINGLE	9	28	41	8	1.400e-06	{S}
sp|Q06673|HID1_YEAST	SINGLE	10	533	551	10	1.684e-06	{L}
sp|Q06673|HID1_YEAST	SINGLE	11	483	490	5	3.800e-06	{Y}
sp|Q06673|HID1_YEAST	SINGLE	12	247	253	6	3.854e-06	{L}
sp|Q06673|HID1_YEAST	SINGLE	13	1221	1246	8	4.163e-06	{F}
sp|Q06673|HID1_YEAST	MULTIPLE	1	491	516	19	6.331e-12	{ST}
sp|Q06673|HID1_YEAST	MULTIPLE	2	803	822	15	1.101e-12	{QN}
sp|Q06673|HID1_YEAST	MULTIPLE	3	1205	1225	10	5.507e-06	{NI}
sp|Q06673|HID1_YEAST	WHOLE	1	1	1274	122	3.976e-16	{N}
sp|Q06673|HID1_YEAST	WHOLE	2	1	1274	167	5.521e-14	{S}
sp|Q06686|CTR3_YEAST	MULTIPLE	1	182	212	13	6.556e-07	{IY}
sp|Q06689|YL413_YEAST	SINGLE	1	122	144	10	4.178e-07	{T}
sp|Q06689|YL413_YEAST	SINGLE	2	151	167	8	9.053e-06	{S}
sp|Q06689|YL413_YEAST	MULTIPLE	1	217	246	14	8.835e-06	{ST}
sp|Q06689|YL413_YEAST	MULTIPLE	2	6	25	12	5.881e-06	{LT}
sp|Q06689|YL413_YEAST	WHOLE	1	1	675	86	1.339e-07	{S}
sp|Q06689|YL413_YEAST	WHOLE	2	1	675	77	1.347e-07	{T}
sp|Q06698|YL419_YEAST	SINGLE	1	24	31	6	1.373e-06	{K}
sp|Q06698|YL419_YEAST	MULTIPLE	1	1338	1353	11	2.187e-06	{TL}
sp|Q06698|YL419_YEAST	MULTIPLE	2	549	565	10	3.399e-06	{NS}
sp|Q06698|YL419_YEAST	WHOLE	1	1	1435	151	1.150e-10	{K}
sp|Q06698|YL419_YEAST	WHOLE	2	1	1435	110	2.041e-06	{I}
sp|Q06822|ASA1_YEAST	SINGLE	1	370	391	9	9.901e-06	{S}
sp|Q07349|MRX9_YEAST	SINGLE	1	131	172	14	3.378e-10	{F}
sp|Q07349|MRX9_YEAST	MULTIPLE	1	131	172	22	5.356e-13	{FI}
sp|Q07349|MRX9_YEAST	WHOLE	1	1	420	40	1.951e-07	{F}
sp|Q07351|STP4_YEAST	SINGLE	1	53	137	28	3.373e-12	{S}
sp|Q07351|STP4_YEAST	SINGLE	2	230	235	6	6.591e-09	{Q}
sp|Q07351|STP4_YEAST	SINGLE	3	75	79	5	2.221e-07	{P}
sp|Q07351|STP4_YEAST	SINGLE	4	238	267	12	4.439e-07	{S}
sp|Q07351|STP4_YEAST	SINGLE	5	346	365	8	5.790e-06	{D}
sp|Q07351|STP4_YEAST	MULTIPLE	1	26	137	48	1.492e-16	{SP}
sp|Q07351|STP4_YEAST	WHOLE	1	1	490	76	1.843e-10	{S}
sp|Q07362|PBP4_YEAST	SINGLE	1	56	62	7	2.854e-10	{Q}
sp|Q07362|PBP4_YEAST	SINGLE	2	2	7	5	5.156e-06	{T}
sp|Q07376|MCH1_YEAST	SINGLE	1	192	202	8	9.627e-08	{S}
sp|Q07376|MCH1_YEAST	WHOLE	1	1	486	67	1.713e-07	{S}
sp|Q07376|MCH1_YEAST	WHOLE	2	1	486	77	1.032e-06	{L}
sp|Q07454|YD073_YEAST	WHOLE	1	1	984	82	1.027e-08	{N}
sp|Q07454|YD073_YEAST	WHOLE	2	1	984	81	3.097e-06	{I}
sp|Q07549|SNA4_YEAST	SINGLE	1	2	8	5	2.132e-08	{C}
sp|Q07549|SNA4_YEAST	SINGLE	2	71	75	4	9.720e-06	{Y}
sp|Q07622|ACK1_YEAST	SINGLE	1	68	76	7	3.139e-07	{S}
sp|Q07622|ACK1_YEAST	MULTIPLE	1	193	211	11	1.090e-07	{PN}
sp|Q07622|ACK1_YEAST	MULTIPLE	2	134	178	17	5.978e-06	{SP}
sp|Q07653|HBT1_YEAST	SINGLE	1	151	254	20	1.180e-13	{H}
sp|Q07653|HBT1_YEAST	SINGLE	2	967	974	6	2.876e-09	{H}
sp|Q07653|HBT1_YEAST	SINGLE	3	177	247	20	6.074e-09	{T}
sp|Q07653|HBT1_YEAST	MULTIPLE	1	120	285	88	7.264e-29	{HTS}
sp|Q07653|HBT1_YEAST	WHOLE	1	1	1046	141	5.488e-13	{S}
sp|Q07653|HBT1_YEAST	WHOLE	2	1	1046	84	3.386e-08	{N}
sp|Q07653|HBT1_YEAST	WHOLE	3	1	1046	103	1.471e-06	{T}
sp|Q07653|HBT1_YEAST	WHOLE	4	1	1046	47	2.523e-06	{H}
sp|Q07655|WHI4_YEAST	SINGLE	1	193	258	18	5.231e-07	{S}
sp|Q07655|WHI4_YEAST	SINGLE	2	520	542	8	5.413e-06	{P}
sp|Q07655|WHI4_YEAST	MULTIPLE	1	571	580	9	2.916e-09	{HG}
sp|Q07655|WHI4_YEAST	WHOLE	1	1	649	100	5.031e-13	{S}
sp|Q07655|WHI4_YEAST	WHOLE	2	1	649	61	1.065e-08	{N}
sp|Q07660|BRE4_YEAST	SINGLE	1	130	204	17	9.498e-08	{I}
sp|Q07660|BRE4_YEAST	MULTIPLE	1	130	208	25	7.742e-09	{IF}
sp|Q07660|BRE4_YEAST	MULTIPLE	2	1061	1081	11	5.002e-06	{QS}
sp|Q07660|BRE4_YEAST	WHOLE	1	1	1125	89	4.994e-06	{I}
sp|Q07684|MFG1_YEAST	SINGLE	1	5	64	20	1.507e-12	{P}
sp|Q07684|MFG1_YEAST	SINGLE	2	38	86	14	1.168e-08	{Q}
sp|Q07684|MFG1_YEAST	SINGLE	3	113	120	6	5.523e-06	{A}
sp|Q07684|MFG1_YEAST	SINGLE	4	20	32	6	8.081e-06	{N}
sp|Q07684|MFG1_YEAST	MULTIPLE	1	3	79	45	1.849e-20	{PQN}
sp|Q07684|MFG1_YEAST	MULTIPLE	2	104	123	12	6.353e-07	{AP}
sp|Q07748|THI13_YEAST	SINGLE	1	192	205	6	4.428e-08	{C}
sp|Q07788|COS7_YEAST	SINGLE	1	330	345	7	1.116e-06	{F}
sp|Q07798|SPO75_YEAST	SINGLE	1	479	540	19	7.107e-11	{I}
sp|Q07798|SPO75_YEAST	SINGLE	2	138	147	6	2.463e-06	{I}
sp|Q07798|SPO75_YEAST	MULTIPLE	1	121	133	10	2.814e-07	{FL}
sp|Q07798|SPO75_YEAST	MULTIPLE	2	698	726	11	4.501e-06	{FY}
sp|Q07798|SPO75_YEAST	MULTIPLE	3	569	580	9	2.252e-07	{FV}
sp|Q07798|SPO75_YEAST	WHOLE	1	1	868	82	3.285e-13	{F}
sp|Q07798|SPO75_YEAST	WHOLE	2	1	868	92	6.147e-12	{I}
sp|Q07798|SPO75_YEAST	WHOLE	3	1	868	118	5.628e-06	{L}
sp|Q07888|YL067_YEAST	SINGLE	1	836	1008	70	1.251e-38	{T}
sp|Q07888|YL067_YEAST	MULTIPLE	1	831	1011	133	1.883e-60	{TNS}
sp|Q07888|YL067_YEAST	MULTIPLE	2	684	705	9	8.855e-06	{MI}
sp|Q07888|YL067_YEAST	WHOLE	1	1	1374	125	5.961e-06	{T}
sp|Q07897|CMS1_YEAST	SINGLE	1	5	62	17	8.777e-09	{D}
sp|Q07897|CMS1_YEAST	SINGLE	2	69	85	9	1.919e-07	{K}
sp|Q07897|CMS1_YEAST	WHOLE	1	1	291	40	1.286e-06	{K}
sp|Q07904|THI73_YEAST	SINGLE	1	351	391	12	3.758e-07	{I}
sp|Q07904|THI73_YEAST	MULTIPLE	1	488	505	11	1.678e-06	{KE}
sp|Q07959|IZH3_YEAST	SINGLE	1	125	150	12	6.685e-08	{S}
sp|Q07959|IZH3_YEAST	WHOLE	1	1	543	71	5.419e-07	{S}
sp|Q07987|PAU23_YEAST	SINGLE	1	9	23	9	3.432e-07	{A}
sp|Q07988|AFB1_YEAST	SINGLE	1	149	201	18	1.305e-08	{S}
sp|Q07990|YL042_YEAST	SINGLE	1	62	136	26	5.238e-12	{S}
sp|Q07990|YL042_YEAST	MULTIPLE	1	62	137	41	5.920e-17	{ST}
sp|Q07990|YL042_YEAST	WHOLE	1	1	161	32	1.058e-07	{S}
sp|Q08045|LCL2_YEAST	SINGLE	1	32	40	9	5.350e-13	{Q}
sp|Q08045|LCL2_YEAST	SINGLE	2	51	89	7	2.464e-06	{C}
sp|Q08182|YAP7_YEAST	SINGLE	1	131	149	9	7.506e-08	{R}
sp|Q08182|YAP7_YEAST	MULTIPLE	1	25	46	13	1.496e-07	{SP}
sp|Q08202|OPI10_YEAST	MULTIPLE	1	124	138	10	1.093e-06	{IS}
sp|Q08223|AIM39_YEAST	SINGLE	1	6	48	13	1.035e-06	{K}
sp|Q08223|AIM39_YEAST	MULTIPLE	1	104	120	8	4.279e-06	{QH}
sp|Q08234|YO075_YEAST	SINGLE	1	637	646	7	3.412e-07	{K}
sp|Q08234|YO075_YEAST	SINGLE	2	464	500	9	8.698e-06	{F}
sp|Q08280|BSC6_YEAST	SINGLE	1	398	418	7	9.294e-06	{F}
sp|Q08280|BSC6_YEAST	MULTIPLE	1	386	418	15	2.588e-07	{FV}
sp|Q08280|BSC6_YEAST	MULTIPLE	2	234	255	12	5.837e-08	{FI}
sp|Q08280|BSC6_YEAST	MULTIPLE	3	435	449	11	1.542e-07	{GV}
sp|Q08421|ETT1_YEAST	SINGLE	1	241	254	8	6.393e-07	{E}
sp|Q08421|ETT1_YEAST	SINGLE	2	45	52	6	7.378e-07	{D}
sp|Q08421|ETT1_YEAST	WHOLE	1	1	412	55	2.324e-07	{E}
sp|Q08422|TMC1_YEAST	SINGLE	1	74	82	7	1.091e-07	{K}
sp|Q08422|TMC1_YEAST	SINGLE	2	54	69	9	3.567e-07	{S}
sp|Q08422|TMC1_YEAST	SINGLE	3	85	126	7	4.118e-06	{C}
sp|Q08693|TRE2_YEAST	SINGLE	1	52	57	5	1.270e-06	{P}
sp|Q08693|TRE2_YEAST	SINGLE	2	680	717	7	1.292e-06	{W}
sp|Q08729|DSE3_YEAST	SINGLE	1	392	405	10	2.248e-10	{D}
sp|Q08729|DSE3_YEAST	MULTIPLE	1	281	308	14	4.220e-06	{SE}
sp|Q08904|RDR1_YEAST	SINGLE	1	20	46	6	3.540e-06	{C}
sp|Q08904|RDR1_YEAST	MULTIPLE	1	13	39	11	3.288e-07	{CR}
sp|Q08907|FIT3_YEAST	SINGLE	1	135	179	19	6.965e-11	{S}
sp|Q08907|FIT3_YEAST	SINGLE	2	58	92	16	1.753e-09	{A}
sp|Q08907|FIT3_YEAST	SINGLE	3	66	131	18	5.814e-08	{T}
sp|Q08907|FIT3_YEAST	SINGLE	4	138	174	12	1.207e-06	{T}
sp|Q08907|FIT3_YEAST	SINGLE	5	22	43	9	2.930e-06	{T}
sp|Q08907|FIT3_YEAST	MULTIPLE	1	135	181	32	1.037e-17	{ST}
sp|Q08907|FIT3_YEAST	MULTIPLE	2	53	112	49	2.718e-23	{ATS}
sp|Q08907|FIT3_YEAST	WHOLE	1	1	204	44	2.774e-13	{T}
sp|Q08907|FIT3_YEAST	WHOLE	2	1	204	43	1.617e-09	{A}
sp|Q08907|FIT3_YEAST	WHOLE	3	1	204	40	4.808e-09	{S}
sp|Q08919|TRE1_YEAST	SINGLE	1	106	117	5	3.342e-06	{M}
sp|Q08919|TRE1_YEAST	MULTIPLE	1	102	125	12	1.862e-08	{MI}
sp|Q08926|UIP4_YEAST	MULTIPLE	1	195	223	13	1.086e-06	{ND}
sp|Q08926|UIP4_YEAST	WHOLE	1	1	304	42	2.179e-06	{E}
sp|Q08956|YIG1_YEAST	MULTIPLE	1	187	204	12	2.873e-07	{NL}
sp|Q08956|YIG1_YEAST	MULTIPLE	2	72	85	11	1.943e-08	{DE}
sp|Q08956|YIG1_YEAST	WHOLE	1	1	461	42	3.345e-06	{N}
sp|Q08971|YP225_YEAST	MULTIPLE	1	50	97	21	8.398e-08	{EK}
sp|Q08995|YP204_YEAST	SINGLE	1	459	631	70	1.251e-38	{T}
sp|Q08995|YP204_YEAST	MULTIPLE	1	456	632	96	8.966e-47	{TN}
sp|Q08995|YP204_YEAST	MULTIPLE	2	307	328	9	8.855e-06	{MI}
sp|Q08995|YP204_YEAST	WHOLE	1	1	1032	107	9.431e-08	{T}
sp|Q12020|SRL2_YEAST	MULTIPLE	1	38	56	13	5.094e-08	{KS}
sp|Q12021|RAD28_YEAST	MULTIPLE	1	330	347	10	1.672e-06	{DN}
sp|Q12021|RAD28_YEAST	MULTIPLE	2	64	79	10	2.660e-06	{GD}
sp|Q12021|RAD28_YEAST	WHOLE	1	1	506	44	6.350e-06	{N}
sp|Q12036|PPT2_YEAST	SINGLE	1	86	94	4	7.618e-06	{C}
sp|Q12057|PIN2_YEAST	SINGLE	1	234	257	10	2.341e-08	{N}
sp|Q12057|PIN2_YEAST	SINGLE	2	79	84	4	9.518e-07	{C}
sp|Q12057|PIN2_YEAST	MULTIPLE	1	231	252	14	8.240e-11	{NY}
sp|Q12057|PIN2_YEAST	MULTIPLE	2	145	173	15	4.092e-07	{KE}
sp|Q12057|PIN2_YEAST	WHOLE	1	1	282	30	3.999e-06	{N}
sp|Q12085|YG11A_YEAST	SINGLE	1	107	146	12	1.575e-07	{P}
sp|Q12085|YG11A_YEAST	MULTIPLE	1	107	160	24	1.971e-09	{PS}
sp|Q12085|YG11A_YEAST	MULTIPLE	2	64	98	14	7.324e-07	{QP}
sp|Q12085|YG11A_YEAST	MULTIPLE	3	391	420	15	2.066e-07	{SN}
sp|Q12085|YG11A_YEAST	MULTIPLE	4	3	23	13	3.814e-07	{HSQ}
sp|Q12091|DAP1_YEAST	SINGLE	1	102	128	9	8.500e-06	{D}
sp|Q12117|MRH1_YEAST	SINGLE	1	300	317	13	1.194e-12	{K}
sp|Q12117|MRH1_YEAST	MULTIPLE	1	36	80	14	6.847e-08	{FC}
sp|Q12117|MRH1_YEAST	MULTIPLE	2	274	296	13	5.526e-07	{AP}
sp|Q12117|MRH1_YEAST	MULTIPLE	3	204	217	8	6.427e-06	{IF}
sp|Q12119|FCY22_YEAST	MULTIPLE	1	251	283	16	3.024e-06	{GA}
sp|Q12128|BAG7_YEAST	SINGLE	1	319	326	8	5.101e-14	{H}
sp|Q12128|BAG7_YEAST	SINGLE	2	8	26	9	2.301e-06	{S}
sp|Q12139|YP022_YEAST	SINGLE	1	264	320	31	2.082e-27	{Q}
sp|Q12139|YP022_YEAST	SINGLE	2	159	205	26	1.753e-23	{Q}
sp|Q12139|YP022_YEAST	SINGLE	3	219	260	15	9.880e-11	{N}
sp|Q12139|YP022_YEAST	SINGLE	4	1012	1037	10	5.806e-08	{N}
sp|Q12139|YP022_YEAST	SINGLE	5	738	748	6	2.376e-06	{N}
sp|Q12139|YP022_YEAST	SINGLE	6	852	870	8	3.679e-06	{D}
sp|Q12139|YP022_YEAST	WHOLE	1	1	1133	100	1.906e-11	{Q}
sp|Q12139|YP022_YEAST	WHOLE	2	1	1133	94	1.245e-09	{N}
sp|Q12144|PER33_YEAST	MULTIPLE	1	102	169	43	4.958e-13	{LFIN}
sp|Q12144|PER33_YEAST	WHOLE	1	1	273	35	7.335e-10	{F}
sp|Q12145|CMR3_YEAST	MULTIPLE	1	139	174	12	2.433e-06	{PM}
sp|Q12145|CMR3_YEAST	MULTIPLE	2	73	114	19	3.826e-07	{PNQ}
sp|Q12167|RRG1_YEAST	SINGLE	1	77	99	9	4.399e-06	{K}
sp|Q12167|RRG1_YEAST	MULTIPLE	1	62	107	22	1.860e-07	{KL}
sp|Q12167|RRG1_YEAST	WHOLE	1	1	365	52	1.365e-08	{K}
sp|Q12194|RGL1_YEAST	SINGLE	1	417	456	12	6.686e-08	{N}
sp|Q12194|RGL1_YEAST	SINGLE	2	252	262	7	8.803e-07	{K}
sp|Q12194|RGL1_YEAST	MULTIPLE	1	60	93	17	3.229e-08	{NS}
sp|Q12194|RGL1_YEAST	MULTIPLE	2	108	131	12	1.270e-06	{DI}
sp|Q12194|RGL1_YEAST	WHOLE	1	1	479	50	7.862e-09	{N}
sp|Q12194|RGL1_YEAST	WHOLE	2	1	479	46	8.835e-06	{I}
sp|Q12202|OSW2_YEAST	SINGLE	1	491	517	9	8.500e-06	{D}
sp|Q12214|HOS1_YEAST	MULTIPLE	1	121	142	10	2.791e-06	{NY}
sp|Q12217|YB12A_YEAST	SINGLE	1	107	146	12	1.575e-07	{P}
sp|Q12217|YB12A_YEAST	SINGLE	2	58	86	10	3.983e-07	{P}
sp|Q12217|YB12A_YEAST	MULTIPLE	1	107	160	24	1.971e-09	{PS}
sp|Q12217|YB12A_YEAST	MULTIPLE	2	72	88	11	2.206e-08	{PQ}
sp|Q12217|YB12A_YEAST	MULTIPLE	3	391	420	15	2.066e-07	{SN}
sp|Q12217|YB12A_YEAST	WHOLE	1	1	440	43	3.174e-06	{P}
sp|Q12221|PUF2_YEAST	SINGLE	1	910	1063	68	1.624e-50	{N}
sp|Q12221|PUF2_YEAST	SINGLE	2	421	455	12	1.309e-08	{Q}
sp|Q12221|PUF2_YEAST	SINGLE	3	479	487	6	7.549e-07	{P}
sp|Q12221|PUF2_YEAST	SINGLE	4	123	156	11	3.416e-06	{T}
sp|Q12221|PUF2_YEAST	SINGLE	5	327	334	5	7.464e-06	{Q}
sp|Q12221|PUF2_YEAST	MULTIPLE	1	408	477	27	7.216e-12	{QN}
sp|Q12221|PUF2_YEAST	MULTIPLE	2	101	178	37	3.483e-13	{TS}
sp|Q12221|PUF2_YEAST	WHOLE	1	1	1075	144	9.279e-33	{N}
sp|Q12221|PUF2_YEAST	WHOLE	2	1	1075	127	1.949e-08	{S}
sp|Q12239|TM115_YEAST	SINGLE	1	185	234	12	3.405e-07	{F}
sp|Q12239|TM115_YEAST	WHOLE	1	1	342	39	8.065e-07	{I}
sp|Q12244|YL054_YEAST	SINGLE	1	15	42	6	4.432e-06	{C}
sp|Q12244|YL054_YEAST	MULTIPLE	1	7	36	14	1.185e-08	{CK}
sp|Q12244|YL054_YEAST	WHOLE	1	1	843	115	5.972e-06	{L}
sp|Q12247|FYV7_YEAST	SINGLE	1	50	95	15	5.189e-08	{K}
sp|Q12247|FYV7_YEAST	WHOLE	1	1	151	33	1.445e-10	{K}
sp|Q12252|PHM7_YEAST	SINGLE	1	759	805	15	5.071e-07	{S}
sp|Q12252|PHM7_YEAST	SINGLE	2	578	599	8	5.499e-06	{I}
sp|Q12252|PHM7_YEAST	MULTIPLE	1	887	912	11	4.263e-06	{RF}
sp|Q12260|YB21A_YEAST	SINGLE	1	119	144	9	1.464e-06	{P}
sp|Q12260|YB21A_YEAST	MULTIPLE	1	119	136	11	2.657e-08	{PY}
sp|Q12266|YB11A_YEAST	SINGLE	1	102	124	8	5.413e-06	{P}
sp|Q12266|YB11A_YEAST	SINGLE	2	55	86	9	9.864e-06	{P}
sp|Q12266|YB11A_YEAST	MULTIPLE	1	53	95	21	8.063e-10	{PQH}
sp|Q12276|HER1_YEAST	SINGLE	1	1109	1147	14	2.384e-07	{S}
sp|Q12276|HER1_YEAST	SINGLE	2	262	269	5	2.581e-07	{H}
sp|Q12276|HER1_YEAST	SINGLE	3	354	372	9	2.301e-06	{S}
sp|Q12276|HER1_YEAST	SINGLE	4	32	58	10	2.385e-06	{T}
sp|Q12276|HER1_YEAST	SINGLE	5	139	173	12	2.945e-06	{S}
sp|Q12276|HER1_YEAST	SINGLE	6	978	984	6	3.854e-06	{L}
sp|Q12276|HER1_YEAST	SINGLE	7	211	246	12	4.099e-06	{S}
sp|Q12276|HER1_YEAST	SINGLE	8	1092	1097	5	6.509e-06	{E}
sp|Q12276|HER1_YEAST	MULTIPLE	1	262	283	13	9.036e-09	{HS}
sp|Q12276|HER1_YEAST	MULTIPLE	2	211	242	17	9.570e-08	{ST}
sp|Q12276|HER1_YEAST	WHOLE	1	1	1246	158	3.141e-12	{S}
sp|Q12282|SPR2_YEAST	SINGLE	1	166	206	13	5.872e-07	{T}
sp|Q12282|SPR2_YEAST	MULTIPLE	1	162	206	22	9.543e-09	{TS}
sp|Q12291|BMT6_YEAST	SINGLE	1	150	155	5	7.177e-06	{G}
sp|Q12293|YO22A_YEAST	SINGLE	1	119	144	9	1.464e-06	{P}
sp|Q12293|YO22A_YEAST	MULTIPLE	1	119	136	11	2.657e-08	{PY}
sp|Q12350|JID1_YEAST	SINGLE	1	74	83	6	9.064e-06	{K}
sp|Q12374|NCA2_YEAST	MULTIPLE	1	30	52	11	8.214e-06	{QE}
sp|Q12391|YN11A_YEAST	SINGLE	1	107	146	12	1.575e-07	{P}
sp|Q12391|YN11A_YEAST	SINGLE	2	73	95	8	3.119e-06	{Q}
sp|Q12391|YN11A_YEAST	MULTIPLE	1	107	160	24	1.971e-09	{PS}
sp|Q12392|YD21A_YEAST	SINGLE	1	119	144	9	1.464e-06	{P}
sp|Q12392|YD21A_YEAST	MULTIPLE	1	119	136	11	2.657e-08	{PY}
sp|Q12393|GEP5_YEAST	SINGLE	1	77	107	7	3.625e-06	{H}
sp|Q12407|YD199_YEAST	SINGLE	1	558	581	9	2.815e-06	{D}
sp|Q12407|YD199_YEAST	MULTIPLE	1	519	554	15	6.739e-06	{IS}
sp|Q12407|YD199_YEAST	WHOLE	1	1	687	84	9.115e-07	{S}
sp|Q12412|PNS1_YEAST	SINGLE	1	10	24	8	1.042e-07	{P}
sp|Q12412|PNS1_YEAST	WHOLE	1	1	539	43	6.322e-06	{F}
sp|Q12424|YD206_YEAST	SINGLE	1	291	304	7	1.408e-06	{R}
sp|Q12424|YD206_YEAST	MULTIPLE	1	535	575	20	1.105e-07	{IL}
sp|Q12424|YD206_YEAST	WHOLE	1	1	762	82	3.681e-11	{I}
sp|Q12439|YO21A_YEAST	SINGLE	1	119	144	9	1.464e-06	{P}
sp|Q12439|YO21A_YEAST	MULTIPLE	1	119	136	11	2.657e-08	{PY}
sp|Q12441|YD12A_YEAST	SINGLE	1	107	146	12	1.575e-07	{P}
sp|Q12441|YD12A_YEAST	SINGLE	2	58	86	10	3.983e-07	{P}
sp|Q12441|YD12A_YEAST	MULTIPLE	1	107	160	24	1.971e-09	{PS}
sp|Q12441|YD12A_YEAST	MULTIPLE	2	72	88	11	2.206e-08	{PQ}
sp|Q12454|OCA6_YEAST	SINGLE	1	73	86	8	4.357e-07	{K}
sp|Q12470|YN12A_YEAST	SINGLE	1	107	146	12	1.575e-07	{P}
sp|Q12470|YN12A_YEAST	MULTIPLE	1	107	160	24	1.971e-09	{PS}
sp|Q12470|YN12A_YEAST	MULTIPLE	2	64	98	14	7.324e-07	{QP}
sp|Q12470|YN12A_YEAST	MULTIPLE	3	391	420	15	2.066e-07	{SN}
sp|Q12485|YG12A_YEAST	SINGLE	1	107	146	12	1.575e-07	{P}
sp|Q12485|YG12A_YEAST	SINGLE	2	58	86	10	3.983e-07	{P}
sp|Q12485|YG12A_YEAST	MULTIPLE	1	107	160	24	1.971e-09	{PS}
sp|Q12485|YG12A_YEAST	MULTIPLE	2	72	88	11	2.206e-08	{PQ}
sp|Q12485|YG12A_YEAST	MULTIPLE	3	391	420	15	2.066e-07	{SN}
sp|Q12485|YG12A_YEAST	MULTIPLE	4	3	23	13	3.814e-07	{HSQ}
sp|Q12489|YD012_YEAST	SINGLE	1	37	80	25	4.964e-23	{Q}
sp|Q12489|YD012_YEAST	SINGLE	2	89	101	5	1.186e-06	{C}
sp|Q12489|YD012_YEAST	MULTIPLE	1	37	80	33	2.892e-27	{QY}
sp|Q12489|YD012_YEAST	WHOLE	1	1	107	27	6.986e-14	{Q}
sp|Q12500|AVL9_YEAST	SINGLE	1	603	666	32	2.044e-23	{D}
sp|Q12500|AVL9_YEAST	SINGLE	2	491	497	6	9.125e-07	{S}
sp|Q12500|AVL9_YEAST	MULTIPLE	1	606	660	40	4.666e-25	{DG}
sp|Q12500|AVL9_YEAST	MULTIPLE	2	676	700	13	3.627e-07	{NE}
sp|Q12500|AVL9_YEAST	WHOLE	1	1	764	89	3.926e-11	{D}
sp|Q12500|AVL9_YEAST	WHOLE	2	1	764	64	2.817e-07	{N}
sp|Q12504|RKM4_YEAST	SINGLE	1	201	215	10	2.889e-09	{E}
sp|Q12515|PAR32_YEAST	SINGLE	1	274	283	9	1.234e-10	{K}
sp|Q12515|PAR32_YEAST	SINGLE	2	54	58	5	1.487e-07	{N}
sp|Q12515|PAR32_YEAST	SINGLE	3	215	228	7	7.560e-06	{K}
sp|Q12515|PAR32_YEAST	MULTIPLE	1	252	272	12	9.859e-08	{DN}
sp|Q12515|PAR32_YEAST	MULTIPLE	2	92	116	17	2.355e-09	{NDI}
sp|Q12515|PAR32_YEAST	WHOLE	1	1	295	41	4.220e-11	{N}
sp|Q12690|RL13A_YEAST	SINGLE	1	35	73	10	9.738e-06	{R}
sp|Q12690|RL13A_YEAST	MULTIPLE	1	35	73	17	1.385e-06	{RA}
sp|Q12690|RL13A_YEAST	MULTIPLE	2	164	196	14	4.596e-06	{RE}
sp|Q12690|RL13A_YEAST	WHOLE	1	1	199	26	2.656e-06	{R}
sp|Q2V2Q1|ADF1_YEAST	SINGLE	1	7	44	12	1.600e-06	{K}
sp|Q2V2Q1|ADF1_YEAST	WHOLE	1	1	113	22	1.116e-06	{K}
sp|Q3E752|SPO24_YEAST	MULTIPLE	1	42	65	13	8.434e-06	{SA}
sp|Q3E764|TMA7_YEAST	SINGLE	1	8	64	17	3.045e-08	{K}
sp|Q3E764|TMA7_YEAST	MULTIPLE	1	5	64	23	1.206e-08	{KQ}
sp|Q3E764|TMA7_YEAST	WHOLE	1	1	64	17	1.924e-07	{K}
sp|Q3E7X8|YE077_YEAST	SINGLE	1	683	875	75	8.304e-40	{T}
sp|Q3E7X8|YE077_YEAST	MULTIPLE	1	678	878	149	2.132e-68	{TNS}
sp|Q3E7X8|YE077_YEAST	MULTIPLE	2	531	552	9	8.855e-06	{MI}
sp|Q3E7X8|YE077_YEAST	WHOLE	1	1	1277	126	1.207e-07	{T}
sp|Q6Q5H1|YP14A_YEAST	SINGLE	1	107	146	12	1.575e-07	{P}
sp|Q6Q5H1|YP14A_YEAST	SINGLE	2	58	86	10	3.983e-07	{P}
sp|Q6Q5H1|YP14A_YEAST	MULTIPLE	1	107	160	24	1.971e-09	{PS}
sp|Q6Q5H1|YP14A_YEAST	MULTIPLE	2	72	88	11	2.206e-08	{PQ}
sp|Q6Q5H1|YP14A_YEAST	MULTIPLE	3	391	420	15	2.066e-07	{SN}
sp|Q6Q5X2|CTPP3_YEAST	SINGLE	1	30	48	9	5.403e-12	{C}
sp|Q6Q5X2|CTPP3_YEAST	MULTIPLE	1	11	23	10	7.515e-09	{QP}
sp|Q6Q5X2|CTPP3_YEAST	WHOLE	1	1	51	9	1.062e-07	{C}
sp|Q8TGM6|TAR1_YEAST	SINGLE	1	22	41	9	2.313e-08	{F}
sp|Q8TGN9|NAG1_YEAST	MULTIPLE	1	133	144	9	1.126e-07	{PI}
sp|Q92392|YO11A_YEAST	SINGLE	1	107	146	12	1.575e-07	{P}
sp|Q92392|YO11A_YEAST	SINGLE	2	58	86	10	3.983e-07	{P}
sp|Q92392|YO11A_YEAST	SINGLE	3	292	306	7	1.250e-06	{N}
sp|Q92392|YO11A_YEAST	MULTIPLE	1	107	160	24	1.971e-09	{PS}
sp|Q92392|YO11A_YEAST	MULTIPLE	2	72	88	11	2.206e-08	{PQ}
sp|Q92392|YO11A_YEAST	MULTIPLE	3	391	420	15	2.066e-07	{SN}
sp|Q99208|YL066_YEAST	SINGLE	1	836	972	56	1.612e-31	{T}
sp|Q99208|YL066_YEAST	MULTIPLE	1	835	972	86	1.805e-40	{TS}
sp|Q99208|YL066_YEAST	MULTIPLE	2	684	705	9	8.855e-06	{MI}
sp|Q99247|DUF1_YEAST	SINGLE	1	364	374	10	2.609e-16	{H}
sp|Q99247|DUF1_YEAST	SINGLE	2	587	600	7	7.560e-06	{K}
sp|Q99247|DUF1_YEAST	SINGLE	3	965	981	8	9.053e-06	{S}
sp|Q99247|DUF1_YEAST	MULTIPLE	1	745	773	14	8.966e-07	{SN}
sp|Q99247|DUF1_YEAST	MULTIPLE	2	316	324	7	1.132e-06	{WS}
sp|Q99252|ECM3_YEAST	SINGLE	1	199	203	5	1.948e-06	{S}
sp|Q99303|YD23A_YEAST	SINGLE	1	119	144	9	1.464e-06	{P}
sp|Q99303|YD23A_YEAST	MULTIPLE	1	119	136	11	2.657e-08	{PY}
sp|Q99373|PET20_YEAST	SINGLE	1	44	57	7	7.560e-06	{K}
sp|O13511|YA065_YEAST	SINGLE	1	5	31	12	2.147e-08	{T}
sp|O13511|YA065_YEAST	SINGLE	2	54	100	16	7.881e-08	{S}
sp|O13511|YA065_YEAST	WHOLE	1	1	128	24	8.069e-07	{T}
sp|O13511|YA065_YEAST	WHOLE	2	1	128	25	3.165e-06	{S}
sp|O13512|YA64B_YEAST	SINGLE	1	69	114	20	1.722e-12	{V}
sp|O13512|YA64B_YEAST	SINGLE	2	16	47	12	3.295e-07	{V}
sp|O13512|YA64B_YEAST	WHOLE	1	1	126	35	1.015e-13	{V}
sp|O13529|ECM12_YEAST	SINGLE	1	20	71	15	7.819e-10	{F}
sp|O13529|ECM12_YEAST	MULTIPLE	1	16	78	27	2.708e-11	{FV}
sp|O13529|ECM12_YEAST	WHOLE	1	1	151	23	2.190e-08	{F}
sp|O13548|YP099_YEAST	MULTIPLE	1	2	34	16	8.597e-08	{FS}
sp|O13585|YP089_YEAST	SINGLE	1	444	472	11	5.511e-07	{K}
sp|O13585|YP089_YEAST	SINGLE	2	396	418	8	8.015e-06	{I}
sp|O13585|YP089_YEAST	MULTIPLE	1	444	486	19	1.433e-08	{KQ}
sp|O13585|YP089_YEAST	MULTIPLE	2	721	750	15	6.031e-08	{KN}
sp|P03881|YMRF1_YEAST	SINGLE	1	20	29	9	4.911e-12	{N}
sp|P03881|YMRF1_YEAST	SINGLE	2	349	427	21	1.221e-11	{N}
sp|P03881|YMRF1_YEAST	SINGLE	3	185	212	10	1.313e-07	{N}
sp|P03881|YMRF1_YEAST	SINGLE	4	72	79	6	1.643e-07	{N}
sp|P03881|YMRF1_YEAST	SINGLE	5	173	177	4	9.720e-06	{Y}
sp|P03881|YMRF1_YEAST	WHOLE	1	1	472	74	1.157e-21	{N}
sp|P03881|YMRF1_YEAST	WHOLE	2	1	472	48	1.343e-06	{I}
sp|P03881|YMRF1_YEAST	WHOLE	3	1	472	56	1.525e-06	{K}
sp|P0CE85|PAU19_YEAST	SINGLE	1	8	23	10	4.305e-08	{A}
sp|P0CE86|PAU21_YEAST	SINGLE	1	48	63	10	4.305e-08	{A}
sp|P0CE87|PAU22_YEAST	SINGLE	1	48	63	10	4.305e-08	{A}
sp|P0CE88|PAU1_YEAST	SINGLE	1	8	20	8	1.221e-06	{A}
sp|P0CE88|PAU1_YEAST	MULTIPLE	1	8	25	13	3.312e-08	{AT}
sp|P0CE89|PAU14_YEAST	SINGLE	1	8	20	8	1.221e-06	{A}
sp|P0CE89|PAU14_YEAST	MULTIPLE	1	8	25	13	3.312e-08	{AT}
sp|P0CE90|PAU6_YEAST	SINGLE	1	8	20	8	1.221e-06	{A}
sp|P0CE90|PAU6_YEAST	MULTIPLE	1	8	25	13	3.312e-08	{AT}
sp|P0CE91|PAU18_YEAST	SINGLE	1	8	20	8	1.221e-06	{A}
sp|P0CE91|PAU18_YEAST	MULTIPLE	1	8	25	13	3.312e-08	{AT}
sp|P0CE92|PAU8_YEAST	SINGLE	1	8	20	8	1.221e-06	{A}
sp|P0CE92|PAU8_YEAST	MULTIPLE	1	8	25	13	3.312e-08	{AT}
sp|P0CE93|PAU11_YEAST	SINGLE	1	8	20	8	1.221e-06	{A}
sp|P0CE93|PAU11_YEAST	MULTIPLE	1	8	25	13	3.312e-08	{AT}
sp|P0CF18|YM085_YEAST	SINGLE	1	336	373	10	9.735e-06	{I}
sp|P0CF18|YM085_YEAST	WHOLE	1	1	432	44	3.300e-06	{I}
sp|P0CF19|YO162_YEAST	SINGLE	1	32	76	15	5.457e-06	{L}
sp|P0CX12|COS2_YEAST	SINGLE	1	328	343	7	1.116e-06	{F}
sp|P0CX18|YA066_YEAST	SINGLE	1	25	57	16	1.744e-10	{S}
sp|P0CX18|YA066_YEAST	SINGLE	2	148	170	10	1.642e-06	{S}
sp|P0CX18|YA066_YEAST	WHOLE	1	1	203	42	3.857e-10	{S}
sp|P0CX19|YH214_YEAST	SINGLE	1	25	57	16	1.744e-10	{S}
sp|P0CX19|YH214_YEAST	SINGLE	2	148	170	10	1.642e-06	{S}
sp|P0CX19|YH214_YEAST	WHOLE	1	1	203	42	3.857e-10	{S}
sp|P13130|SS100_YEAST	SINGLE	1	180	256	26	1.034e-11	{S}
sp|P13130|SS100_YEAST	WHOLE	1	1	326	60	1.543e-11	{S}
sp|P22580|AMDY_YEAST	SINGLE	1	207	232	11	3.004e-07	{G}
sp|P22580|AMDY_YEAST	MULTIPLE	1	199	233	20	2.312e-09	{GS}
sp|P23493|MBR1_YEAST	SINGLE	1	280	291	8	2.680e-07	{S}
sp|P23493|MBR1_YEAST	SINGLE	2	302	314	7	3.755e-07	{Q}
sp|P23493|MBR1_YEAST	SINGLE	3	197	227	12	6.719e-07	{S}
sp|P23493|MBR1_YEAST	SINGLE	4	170	174	5	1.948e-06	{S}
sp|P23493|MBR1_YEAST	WHOLE	1	1	339	58	5.753e-10	{S}
sp|P25370|GFD2_YEAST	MULTIPLE	1	8	39	13	1.664e-06	{NR}
sp|P25565|YCA2_YEAST	SINGLE	1	115	127	7	8.968e-07	{I}
sp|P25565|YCA2_YEAST	SINGLE	2	94	99	4	9.518e-07	{C}
sp|P25565|YCA2_YEAST	MULTIPLE	1	107	127	11	3.068e-07	{IY}
sp|P25610|PAU3_YEAST	SINGLE	1	8	23	10	4.305e-08	{A}
sp|P25639|YCV1_YEAST	SINGLE	1	24	36	7	3.518e-09	{M}
sp|P25639|YCV1_YEAST	SINGLE	2	22	39	9	1.475e-07	{D}
sp|P25639|YCV1_YEAST	SINGLE	3	258	279	9	1.201e-06	{D}
sp|P25639|YCV1_YEAST	SINGLE	4	406	433	8	7.646e-06	{F}
sp|P25639|YCV1_YEAST	MULTIPLE	1	22	39	16	2.160e-16	{MD}
sp|P25639|YCV1_YEAST	MULTIPLE	2	240	253	11	2.379e-07	{TNR}
sp|P25639|YCV1_YEAST	MULTIPLE	3	56	77	9	6.567e-06	{HP}
sp|P25639|YCV1_YEAST	MULTIPLE	4	538	549	9	1.651e-06	{LF}
sp|P25639|YCV1_YEAST	WHOLE	1	1	631	49	3.321e-06	{F}
sp|P28003|FUN19_YEAST	SINGLE	1	31	76	16	3.749e-11	{N}
sp|P28003|FUN19_YEAST	SINGLE	2	195	212	7	9.109e-06	{P}
sp|P28003|FUN19_YEAST	MULTIPLE	1	195	212	13	4.274e-09	{PS}
sp|P28003|FUN19_YEAST	MULTIPLE	2	93	116	12	4.685e-06	{PS}
sp|P28003|FUN19_YEAST	WHOLE	1	1	413	40	1.320e-06	{N}
sp|P29589|AHT1_YEAST	MULTIPLE	1	44	67	15	1.563e-08	{KG}
sp|P32047|MLF3_YEAST	SINGLE	1	350	421	21	1.767e-08	{S}
sp|P32047|MLF3_YEAST	SINGLE	2	307	312	5	8.539e-07	{N}
sp|P32047|MLF3_YEAST	SINGLE	3	156	195	13	2.270e-06	{S}
sp|P32047|MLF3_YEAST	MULTIPLE	1	73	98	14	1.612e-07	{SN}
sp|P32047|MLF3_YEAST	MULTIPLE	2	113	120	6	2.778e-06	{HR}
sp|P32047|MLF3_YEAST	WHOLE	1	1	452	91	3.991e-19	{S}
sp|P32047|MLF3_YEAST	WHOLE	2	1	452	45	1.532e-07	{N}
sp|P32330|DGR2_YEAST	SINGLE	1	205	251	14	2.966e-06	{S}
sp|P32330|DGR2_YEAST	SINGLE	2	762	797	12	4.099e-06	{S}
sp|P32330|DGR2_YEAST	WHOLE	1	1	852	108	5.833e-09	{S}
sp|P32330|DGR2_YEAST	WHOLE	2	1	852	65	4.536e-06	{N}
sp|P32385|RNP1_YEAST	SINGLE	1	68	135	19	1.572e-08	{K}
sp|P32385|RNP1_YEAST	WHOLE	1	1	249	43	7.731e-10	{K}
sp|P32450|AUA1_YEAST	SINGLE	1	43	70	10	2.139e-10	{H}
sp|P32450|AUA1_YEAST	SINGLE	2	45	91	13	1.853e-07	{R}
sp|P32450|AUA1_YEAST	MULTIPLE	1	43	91	24	1.795e-15	{HR}
sp|P32450|AUA1_YEAST	WHOLE	1	1	94	11	5.853e-06	{H}
sp|P32450|AUA1_YEAST	WHOLE	2	1	94	16	7.656e-06	{R}
sp|P32488|ISF1_YEAST	SINGLE	1	265	314	20	7.195e-11	{S}
sp|P32488|ISF1_YEAST	SINGLE	2	59	91	8	4.082e-07	{H}
sp|P32488|ISF1_YEAST	SINGLE	3	186	222	13	8.412e-07	{S}
sp|P32488|ISF1_YEAST	SINGLE	4	42	63	10	1.000e-06	{S}
sp|P32488|ISF1_YEAST	SINGLE	5	202	250	11	5.207e-06	{N}
sp|P32488|ISF1_YEAST	MULTIPLE	1	33	81	27	9.550e-12	{HSN}
sp|P32488|ISF1_YEAST	MULTIPLE	2	183	250	30	1.191e-11	{SN}
sp|P32488|ISF1_YEAST	WHOLE	1	1	338	73	2.138e-17	{S}
sp|P32488|ISF1_YEAST	WHOLE	2	1	338	38	6.480e-08	{N}
sp|P32612|PAU2_YEAST	SINGLE	1	8	20	8	1.221e-06	{A}
sp|P32612|PAU2_YEAST	MULTIPLE	1	8	25	13	3.312e-08	{AT}
sp|P32618|YEF3_YEAST	SINGLE	1	465	539	19	2.764e-10	{N}
sp|P32618|YEF3_YEAST	SINGLE	2	885	943	19	1.400e-08	{S}
sp|P32618|YEF3_YEAST	SINGLE	3	157	199	14	9.180e-07	{S}
sp|P32618|YEF3_YEAST	SINGLE	4	272	308	12	1.167e-06	{K}
sp|P32618|YEF3_YEAST	SINGLE	5	553	599	14	2.966e-06	{S}
sp|P32618|YEF3_YEAST	SINGLE	6	604	617	7	7.722e-06	{T}
sp|P32618|YEF3_YEAST	MULTIPLE	1	862	943	31	1.229e-09	{SP}
sp|P32618|YEF3_YEAST	MULTIPLE	2	157	200	20	1.582e-08	{SN}
sp|P32618|YEF3_YEAST	MULTIPLE	3	529	603	39	8.207e-13	{SPN}
sp|P32618|YEF3_YEAST	MULTIPLE	4	604	617	13	9.913e-11	{TA}
sp|P32618|YEF3_YEAST	WHOLE	1	1	956	105	4.716e-18	{N}
sp|P32618|YEF3_YEAST	WHOLE	2	1	956	144	4.567e-17	{S}
sp|P32633|MTC7_YEAST	SINGLE	1	105	112	8	2.128e-10	{K}
sp|P32633|MTC7_YEAST	SINGLE	2	18	69	15	7.819e-10	{F}
sp|P32633|MTC7_YEAST	SINGLE	3	47	64	8	9.209e-07	{I}
sp|P32633|MTC7_YEAST	MULTIPLE	1	23	69	23	1.026e-12	{FI}
sp|P32633|MTC7_YEAST	WHOLE	1	1	139	18	6.791e-06	{F}
sp|P32792|YHH7_YEAST	SINGLE	1	370	384	8	2.783e-06	{S}
sp|P35198|MTH1_YEAST	SINGLE	1	92	149	23	3.464e-12	{S}
sp|P35198|MTH1_YEAST	SINGLE	2	42	65	11	2.583e-07	{S}
sp|P35198|MTH1_YEAST	MULTIPLE	1	92	149	27	2.258e-13	{SH}
sp|P35198|MTH1_YEAST	WHOLE	1	1	433	61	2.735e-07	{S}
sp|P35719|MRP8_YEAST	MULTIPLE	1	40	62	12	9.239e-06	{SK}
sp|P35736|YKF0_YEAST	SINGLE	1	647	701	16	2.197e-07	{E}
sp|P35736|YKF0_YEAST	SINGLE	2	467	508	10	8.269e-06	{Q}
sp|P35736|YKF0_YEAST	MULTIPLE	1	647	701	21	1.832e-07	{ER}
sp|P35994|PAU16_YEAST	SINGLE	1	8	23	10	4.305e-08	{A}
sp|P35995|YKW2_YEAST	SINGLE	1	24	52	6	5.499e-06	{C}
sp|P35995|YKW2_YEAST	MULTIPLE	1	14	52	15	6.232e-09	{CR}
sp|P36025|YO062_YEAST	SINGLE	1	183	194	6	8.314e-06	{R}
sp|P36034|COS9_YEAST	SINGLE	1	77	82	6	6.064e-07	{L}
sp|P36034|COS9_YEAST	SINGLE	2	356	371	7	1.116e-06	{F}
sp|P36034|COS9_YEAST	SINGLE	3	56	73	7	2.867e-06	{F}
sp|P36034|COS9_YEAST	WHOLE	1	1	407	42	1.128e-08	{F}
sp|P36052|NDUF7_YEAST	SINGLE	1	352	356	5	1.948e-06	{S}
sp|P36083|YKH5_YEAST	SINGLE	1	17	44	10	3.383e-06	{K}
sp|P36083|YKH5_YEAST	SINGLE	2	390	408	8	3.679e-06	{D}
sp|P36083|YKH5_YEAST	MULTIPLE	1	17	54	21	3.576e-10	{KCR}
sp|P36083|YKH5_YEAST	MULTIPLE	2	86	109	12	2.327e-06	{IK}
sp|P36085|STB6_YEAST	SINGLE	1	477	485	6	9.427e-06	{S}
sp|P36085|STB6_YEAST	MULTIPLE	1	728	748	10	1.033e-06	{KW}
sp|P36085|STB6_YEAST	WHOLE	1	1	766	79	3.492e-06	{K}
sp|P36103|YKC3_YEAST	SINGLE	1	232	246	8	1.265e-07	{R}
sp|P36103|YKC3_YEAST	SINGLE	2	142	180	12	2.168e-06	{K}
sp|P36103|YKC3_YEAST	SINGLE	3	87	100	7	7.560e-06	{K}
sp|P36103|YKC3_YEAST	MULTIPLE	1	228	255	17	2.886e-10	{RK}
sp|P36103|YKC3_YEAST	MULTIPLE	2	185	229	18	3.176e-07	{NE}
sp|P36103|YKC3_YEAST	WHOLE	1	1	277	40	3.767e-07	{K}
sp|P36134|YK21_YEAST	SINGLE	1	3	14	7	9.773e-07	{D}
sp|P36134|YK21_YEAST	SINGLE	2	81	86	5	5.074e-06	{K}
sp|P36138|YK25_YEAST	SINGLE	1	99	108	10	2.317e-14	{Q}
sp|P36138|YK25_YEAST	SINGLE	2	25	29	5	9.161e-07	{T}
sp|P36138|YK25_YEAST	SINGLE	3	119	138	9	3.882e-06	{S}
sp|P36138|YK25_YEAST	WHOLE	1	1	183	32	1.877e-06	{S}
sp|P36155|YK55_YEAST	SINGLE	1	254	270	11	5.731e-15	{H}
sp|P36155|YK55_YEAST	MULTIPLE	1	254	270	16	4.907e-18	{HR}
sp|P36155|YK55_YEAST	WHOLE	1	1	307	21	3.869e-06	{H}
sp|P37265|YCR41_YEAST	SINGLE	1	67	76	5	2.438e-07	{C}
sp|P38150|YB9Z_YEAST	SINGLE	1	88	98	5	1.993e-06	{M}
sp|P38150|YB9Z_YEAST	MULTIPLE	1	88	108	11	2.703e-08	{MP}
sp|P38150|YB9Z_YEAST	MULTIPLE	2	436	464	16	4.791e-09	{NWI}
sp|P38155|PAU24_YEAST	SINGLE	1	8	20	8	1.221e-06	{A}
sp|P38155|PAU24_YEAST	MULTIPLE	1	8	25	13	3.312e-08	{AT}
sp|P38177|YBI6_YEAST	SINGLE	1	117	124	6	3.387e-06	{S}
sp|P38177|YBI6_YEAST	SINGLE	2	420	458	10	3.920e-06	{N}
sp|P38177|YBI6_YEAST	SINGLE	3	272	308	12	5.630e-06	{S}
sp|P38177|YBI6_YEAST	SINGLE	4	69	75	4	7.399e-06	{H}
sp|P38177|YBI6_YEAST	MULTIPLE	1	420	458	18	5.559e-09	{ND}
sp|P38177|YBI6_YEAST	MULTIPLE	2	266	303	20	8.894e-09	{ST}
sp|P38177|YBI6_YEAST	WHOLE	1	1	466	46	1.437e-07	{N}
sp|P38192|RRT1_YEAST	MULTIPLE	1	38	66	12	2.450e-06	{FI}
sp|P38192|RRT1_YEAST	MULTIPLE	2	22	34	8	1.396e-06	{WV}
sp|P38195|ECM13_YEAST	SINGLE	1	107	153	16	2.129e-09	{D}
sp|P38195|ECM13_YEAST	MULTIPLE	1	107	155	24	1.034e-12	{DY}
sp|P38195|ECM13_YEAST	MULTIPLE	2	230	244	10	1.749e-06	{DS}
sp|P38202|YBC8_YEAST	SINGLE	1	89	100	7	1.982e-06	{K}
sp|P38202|YBC8_YEAST	WHOLE	1	1	106	22	3.654e-07	{K}
sp|P38213|DSF2_YEAST	SINGLE	1	185	253	19	5.801e-11	{N}
sp|P38213|DSF2_YEAST	SINGLE	2	285	340	19	5.326e-09	{S}
sp|P38213|DSF2_YEAST	SINGLE	3	25	60	14	7.506e-08	{S}
sp|P38213|DSF2_YEAST	SINGLE	4	361	387	10	2.318e-06	{K}
sp|P38213|DSF2_YEAST	MULTIPLE	1	285	349	32	3.729e-12	{ST}
sp|P38213|DSF2_YEAST	MULTIPLE	2	65	89	16	5.985e-08	{LE}
sp|P38213|DSF2_YEAST	WHOLE	1	1	736	101	2.956e-10	{S}
sp|P38239|YBR2_YEAST	SINGLE	1	11	41	9	4.073e-06	{Q}
sp|P38243|YBS1_YEAST	SINGLE	1	109	134	12	6.685e-08	{S}
sp|P38243|YBS1_YEAST	WHOLE	1	1	211	42	1.295e-09	{S}
sp|P38246|ECM8_YEAST	MULTIPLE	1	36	57	12	5.182e-06	{ST}
sp|P38253|YBU0_YEAST	SINGLE	1	20	25	5	5.269e-07	{F}
sp|P38277|YBY8_YEAST	SINGLE	1	158	194	12	2.530e-08	{N}
sp|P38277|YBY8_YEAST	SINGLE	2	25	36	6	4.547e-06	{N}
sp|P38277|YBY8_YEAST	SINGLE	3	13	49	12	5.630e-06	{S}
sp|P38277|YBY8_YEAST	MULTIPLE	1	13	52	20	2.020e-09	{NS}
sp|P38277|YBY8_YEAST	MULTIPLE	2	306	335	12	5.851e-06	{IN}
sp|P38277|YBY8_YEAST	WHOLE	1	1	524	58	6.491e-11	{N}
sp|P38277|YBY8_YEAST	WHOLE	2	1	524	67	2.227e-06	{S}
sp|P38280|YSW1_YEAST	MULTIPLE	1	358	397	23	7.373e-09	{NKE}
sp|P38280|YSW1_YEAST	WHOLE	1	1	609	61	1.053e-09	{N}
sp|P38280|YSW1_YEAST	WHOLE	2	1	609	74	1.743e-08	{K}
sp|P38284|ICS2_YEAST	SINGLE	1	13	52	15	4.582e-08	{S}
sp|P38284|ICS2_YEAST	SINGLE	2	145	195	14	8.320e-06	{S}
sp|P38284|ICS2_YEAST	WHOLE	1	1	255	47	1.966e-09	{S}
sp|P38290|UBS1_YEAST	SINGLE	1	215	220	5	8.539e-07	{N}
sp|P38290|UBS1_YEAST	MULTIPLE	1	161	187	14	2.962e-07	{NS}
sp|P38292|PEX32_YEAST	SINGLE	1	369	388	5	9.090e-06	{W}
sp|P38292|PEX32_YEAST	MULTIPLE	1	367	388	9	1.699e-06	{WN}
sp|P38292|PEX32_YEAST	MULTIPLE	2	179	212	14	3.892e-07	{IF}
sp|P38308|CS111_YEAST	SINGLE	1	354	475	41	1.780e-17	{S}
sp|P38308|CS111_YEAST	SINGLE	2	288	296	8	2.375e-10	{R}
sp|P38308|CS111_YEAST	SINGLE	3	31	89	19	1.400e-08	{S}
sp|P38308|CS111_YEAST	SINGLE	4	669	676	5	7.298e-06	{N}
sp|P38308|CS111_YEAST	SINGLE	5	873	879	5	9.952e-06	{D}
sp|P38308|CS111_YEAST	MULTIPLE	1	118	168	24	5.224e-09	{SK}
sp|P38308|CS111_YEAST	WHOLE	1	1	924	140	7.462e-17	{S}
sp|P38318|YB70_YEAST	WHOLE	1	1	560	52	6.420e-06	{I}
sp|P38346|BIT2_YEAST	SINGLE	1	150	207	18	6.254e-08	{S}
sp|P38346|BIT2_YEAST	SINGLE	2	104	129	10	6.090e-06	{S}
sp|P38346|BIT2_YEAST	WHOLE	1	1	545	75	3.852e-08	{S}
sp|P38354|YB8A_YEAST	MULTIPLE	1	24	38	9	1.373e-06	{NI}
sp|P38355|YB8B_YEAST	SINGLE	1	205	221	10	1.636e-08	{E}
sp|P38355|YB8B_YEAST	SINGLE	2	227	234	6	3.387e-06	{S}
sp|P38355|YB8B_YEAST	SINGLE	3	329	363	10	4.399e-06	{I}
sp|P38355|YB8B_YEAST	SINGLE	4	71	98	9	4.547e-06	{I}
sp|P38355|YB8B_YEAST	WHOLE	1	1	427	43	5.470e-06	{I}
sp|P38374|YSY6_YEAST	SINGLE	1	14	35	9	2.854e-06	{K}
sp|P38374|YSY6_YEAST	MULTIPLE	1	12	35	13	1.374e-07	{KN}
sp|P38635|HIS9_YEAST	SINGLE	1	2	7	4	3.242e-06	{H}
sp|P38690|YHJ3_YEAST	MULTIPLE	1	196	216	12	3.798e-06	{GS}
sp|P38721|YHF0_YEAST	SINGLE	1	215	295	33	3.508e-19	{T}
sp|P38721|YHF0_YEAST	MULTIPLE	1	215	296	45	4.449e-23	{TN}
sp|P38723|COS8_YEAST	SINGLE	1	52	69	5	5.176e-06	{W}
sp|P38723|COS8_YEAST	MULTIPLE	1	261	293	12	2.468e-07	{MF}
sp|P38723|COS8_YEAST	WHOLE	1	1	381	37	3.335e-07	{F}
sp|P38725|PAU13_YEAST	SINGLE	1	8	20	8	1.221e-06	{A}
sp|P38725|PAU13_YEAST	MULTIPLE	1	8	25	13	3.312e-08	{AT}
sp|P38744|PHS_YEAST	SINGLE	1	66	88	6	7.449e-06	{H}
sp|P38747|OTU2_YEAST	SINGLE	1	102	114	8	1.275e-08	{Q}
sp|P38747|OTU2_YEAST	SINGLE	2	22	60	12	2.168e-06	{K}
sp|P38763|YHI2_YEAST	MULTIPLE	1	171	194	11	9.551e-08	{IC}
sp|P38835|YHT1_YEAST	SINGLE	1	803	845	38	1.486e-42	{D}
sp|P38835|YHT1_YEAST	SINGLE	2	322	335	14	3.347e-19	{R}
sp|P38835|YHT1_YEAST	SINGLE	3	405	437	14	2.027e-08	{S}
sp|P38835|YHT1_YEAST	SINGLE	4	623	658	13	3.008e-08	{D}
sp|P38835|YHT1_YEAST	SINGLE	5	21	43	11	1.508e-07	{S}
sp|P38835|YHT1_YEAST	SINGLE	6	89	128	11	1.331e-06	{P}
sp|P38835|YHT1_YEAST	SINGLE	7	678	684	5	4.800e-06	{R}
sp|P38835|YHT1_YEAST	MULTIPLE	1	623	658	20	3.960e-10	{DE}
sp|P38835|YHT1_YEAST	MULTIPLE	2	340	373	14	8.728e-06	{SN}
sp|P38835|YHT1_YEAST	WHOLE	1	1	850	117	1.142e-11	{S}
sp|P38835|YHT1_YEAST	WHOLE	2	1	850	86	5.148e-08	{D}
sp|P38835|YHT1_YEAST	WHOLE	3	1	850	72	1.521e-06	{R}
sp|P38842|YHU0_YEAST	SINGLE	1	49	57	6	1.036e-06	{I}
sp|P38842|YHU0_YEAST	SINGLE	2	58	75	7	5.415e-06	{N}
sp|P38867|YHX7_YEAST	SINGLE	1	251	259	7	9.403e-09	{Q}
sp|P38867|YHX7_YEAST	MULTIPLE	1	352	402	19	8.839e-07	{PHN}
sp|P38867|YHX7_YEAST	WHOLE	1	1	453	48	9.734e-08	{P}
sp|P39523|YM11_YEAST	SINGLE	1	59	100	20	1.041e-16	{Q}
sp|P39523|YM11_YEAST	SINGLE	2	367	381	11	1.147e-12	{Q}
sp|P39523|YM11_YEAST	SINGLE	3	498	543	18	1.842e-10	{E}
sp|P39523|YM11_YEAST	SINGLE	4	305	343	11	4.869e-07	{Q}
sp|P39523|YM11_YEAST	SINGLE	5	170	181	7	9.773e-07	{D}
sp|P39523|YM11_YEAST	SINGLE	6	324	362	11	1.012e-06	{P}
sp|P39523|YM11_YEAST	SINGLE	7	676	703	9	1.535e-06	{N}
sp|P39523|YM11_YEAST	SINGLE	8	164	171	6	2.073e-06	{G}
sp|P39523|YM11_YEAST	SINGLE	9	23	51	9	2.129e-06	{N}
sp|P39523|YM11_YEAST	SINGLE	10	709	737	11	2.462e-06	{S}
sp|P39523|YM11_YEAST	MULTIPLE	1	302	362	34	5.566e-15	{QPN}
sp|P39523|YM11_YEAST	MULTIPLE	2	164	181	13	5.870e-09	{DG}
sp|P39523|YM11_YEAST	MULTIPLE	3	23	52	15	1.107e-08	{NI}
sp|P39523|YM11_YEAST	MULTIPLE	4	423	444	13	1.041e-07	{SN}
sp|P39523|YM11_YEAST	MULTIPLE	5	145	163	10	3.879e-06	{KF}
sp|P39523|YM11_YEAST	WHOLE	1	1	943	93	1.862e-13	{N}
sp|P39523|YM11_YEAST	WHOLE	2	1	943	114	2.871e-08	{S}
sp|P39523|YM11_YEAST	WHOLE	3	1	943	78	3.574e-08	{Q}
sp|P39529|YJU6_YEAST	SINGLE	1	47	73	6	3.540e-06	{C}
sp|P39529|YJU6_YEAST	SINGLE	2	662	668	4	7.399e-06	{H}
sp|P39529|YJU6_YEAST	MULTIPLE	1	42	66	11	1.283e-07	{CR}
sp|P39529|YJU6_YEAST	MULTIPLE	2	647	669	13	1.014e-07	{HQN}
sp|P39542|YJT3_YEAST	SINGLE	1	282	302	7	9.294e-06	{F}
sp|P39542|YJT3_YEAST	WHOLE	1	1	402	37	1.157e-06	{F}
sp|P39931|SS120_YEAST	SINGLE	1	152	197	11	3.260e-09	{H}
sp|P39931|SS120_YEAST	SINGLE	2	182	200	9	9.770e-07	{E}
sp|P39931|SS120_YEAST	MULTIPLE	1	152	200	23	2.122e-12	{HE}
sp|P39996|GTT3_YEAST	SINGLE	1	214	221	6	3.387e-06	{S}
sp|P40022|YEM4_YEAST	SINGLE	1	7	23	8	2.913e-06	{K}
sp|P40052|YEQ9_YEAST	SINGLE	1	120	137	11	1.022e-09	{K}
sp|P40052|YEQ9_YEAST	MULTIPLE	1	151	166	11	5.362e-07	{ST}
sp|P40052|YEQ9_YEAST	WHOLE	1	1	210	36	7.540e-07	{S}
sp|P40053|AIM9_YEAST	WHOLE	1	1	627	67	5.620e-06	{K}
sp|P40057|YER4_YEAST	SINGLE	1	48	94	12	1.054e-06	{P}
sp|P40057|YER4_YEAST	SINGLE	2	15	22	5	4.541e-06	{F}
sp|P40057|YER4_YEAST	MULTIPLE	1	64	81	12	6.869e-08	{PS}
sp|P40057|YER4_YEAST	WHOLE	1	1	128	19	6.222e-06	{P}
sp|P40097|YE11_YEAST	SINGLE	1	16	55	12	2.796e-07	{I}
sp|P40097|YE11_YEAST	MULTIPLE	1	14	86	41	2.795e-13	{ILF}
sp|P40097|YE11_YEAST	WHOLE	1	1	107	26	2.420e-06	{L}
sp|P40157|VID27_YEAST	SINGLE	1	188	205	9	1.475e-07	{D}
sp|P40157|VID27_YEAST	MULTIPLE	1	377	398	14	1.575e-08	{ED}
sp|P40159|YNU8_YEAST	SINGLE	1	124	196	35	3.453e-22	{G}
sp|P40159|YNU8_YEAST	SINGLE	2	119	123	5	1.487e-07	{N}
sp|P40159|YNU8_YEAST	SINGLE	3	11	21	6	2.440e-06	{Q}
sp|P40159|YNU8_YEAST	SINGLE	4	16	40	8	6.089e-06	{N}
sp|P40159|YNU8_YEAST	MULTIPLE	1	124	196	46	8.090e-26	{GP}
sp|P40159|YNU8_YEAST	MULTIPLE	2	10	59	27	2.198e-10	{QNG}
sp|P40159|YNU8_YEAST	WHOLE	1	1	199	56	7.989e-21	{G}
sp|P40159|YNU8_YEAST	WHOLE	2	1	199	24	4.280e-06	{N}
sp|P40206|JLP2_YEAST	SINGLE	1	180	197	9	3.600e-07	{K}
sp|P40209|GAT2_YEAST	SINGLE	1	55	112	22	1.046e-15	{N}
sp|P40209|GAT2_YEAST	SINGLE	2	275	284	7	2.999e-08	{Q}
sp|P40209|GAT2_YEAST	SINGLE	3	165	192	10	1.313e-07	{N}
sp|P40209|GAT2_YEAST	SINGLE	4	347	354	6	3.387e-06	{S}
sp|P40209|GAT2_YEAST	SINGLE	5	68	72	4	9.720e-06	{Y}
sp|P40209|GAT2_YEAST	MULTIPLE	1	109	162	16	3.343e-07	{PH}
sp|P40209|GAT2_YEAST	WHOLE	1	1	560	69	7.432e-15	{N}
sp|P40361|YJH0_YEAST	SINGLE	1	201	245	13	6.633e-09	{Y}
sp|P40361|YJH0_YEAST	SINGLE	2	170	187	8	2.255e-06	{D}
sp|P40364|MPM1_YEAST	SINGLE	1	229	233	5	9.161e-07	{T}
sp|P40449|YIQ1_YEAST	SINGLE	1	29	50	8	2.055e-06	{N}
sp|P40449|YIQ1_YEAST	MULTIPLE	1	34	62	17	3.095e-10	{NK}
sp|P40449|YIQ1_YEAST	MULTIPLE	2	78	92	9	1.208e-06	{NR}
sp|P40449|YIQ1_YEAST	WHOLE	1	1	235	36	3.333e-07	{K}
sp|P40456|ESL1_YEAST	SINGLE	1	542	554	7	4.029e-06	{K}
sp|P40456|ESL1_YEAST	SINGLE	2	254	296	11	4.769e-06	{I}
sp|P40456|ESL1_YEAST	MULTIPLE	1	818	836	11	2.850e-07	{DN}
sp|P40456|ESL1_YEAST	WHOLE	1	1	1118	79	7.799e-06	{N}
sp|P40476|PRM5_YEAST	SINGLE	1	17	54	19	1.704e-12	{S}
sp|P40476|PRM5_YEAST	SINGLE	2	227	246	10	3.319e-07	{S}
sp|P40476|PRM5_YEAST	SINGLE	3	15	31	8	2.984e-06	{T}
sp|P40476|PRM5_YEAST	MULTIPLE	1	15	50	27	7.104e-17	{ST}
sp|P40476|PRM5_YEAST	WHOLE	1	1	318	59	1.614e-11	{S}
sp|P40497|YIJ2_YEAST	WHOLE	1	1	633	53	2.506e-06	{N}
sp|P40502|AIM19_YEAST	MULTIPLE	1	28	72	24	4.480e-07	{PAS}
sp|P40508|PUP1_YEAST	SINGLE	1	241	291	15	1.595e-06	{S}
sp|P40508|PUP1_YEAST	MULTIPLE	1	240	304	29	2.202e-10	{SD}
sp|P40514|YIG7_YEAST	MULTIPLE	1	163	199	12	7.335e-07	{NC}
sp|P40524|YIF4_YEAST	SINGLE	1	54	72	12	7.291e-12	{I}
sp|P40524|YIF4_YEAST	SINGLE	2	73	103	9	1.790e-06	{F}
sp|P40534|PRM2_YEAST	SINGLE	1	69	89	13	2.439e-11	{T}
sp|P40534|PRM2_YEAST	SINGLE	2	392	415	9	6.603e-06	{K}
sp|P40534|PRM2_YEAST	WHOLE	1	1	656	60	2.369e-06	{I}
sp|P40534|PRM2_YEAST	WHOLE	2	1	656	53	6.591e-06	{N}
sp|P40585|PAU15_YEAST	SINGLE	1	8	23	10	4.305e-08	{A}
sp|P40962|RTS2_YEAST	SINGLE	1	217	221	5	9.015e-07	{K}
sp|P42936|YG4D_YEAST	MULTIPLE	1	206	220	9	3.716e-06	{FE}
sp|P42946|PRM10_YEAST	MULTIPLE	1	334	352	14	2.497e-08	{STM}
sp|P42947|YJK7_YEAST	MULTIPLE	1	343	373	11	3.765e-06	{MR}
sp|P43537|YFG7_YEAST	SINGLE	1	19	94	24	2.994e-10	{S}
sp|P43537|YFG7_YEAST	SINGLE	2	71	113	15	4.667e-08	{G}
sp|P43537|YFG7_YEAST	MULTIPLE	1	17	145	79	2.246e-26	{SGI}
sp|P43537|YFG7_YEAST	WHOLE	1	1	175	38	6.049e-10	{S}
sp|P43537|YFG7_YEAST	WHOLE	2	1	175	32	1.183e-07	{G}
sp|P43538|YFG6_YEAST	MULTIPLE	1	307	328	9	8.855e-06	{MI}
sp|P43542|COS4_YEAST	SINGLE	1	328	343	7	1.116e-06	{F}
sp|P43542|COS4_YEAST	SINGLE	2	52	69	5	5.176e-06	{W}
sp|P43575|PAU5_YEAST	SINGLE	1	8	22	10	1.752e-08	{A}
sp|P43600|CSS2_YEAST	SINGLE	1	152	156	4	9.720e-06	{Y}
sp|P43604|ULI1_YEAST	MULTIPLE	1	77	100	11	8.000e-07	{NY}
sp|P43617|YFL5_YEAST	SINGLE	1	85	93	6	4.718e-07	{N}
sp|P46679|STB2_YEAST	SINGLE	1	264	273	6	1.159e-06	{Q}
sp|P46949|FYV8_YEAST	SINGLE	1	395	422	12	5.903e-08	{E}
sp|P46949|FYV8_YEAST	SINGLE	2	640	658	8	5.543e-07	{N}
sp|P46949|FYV8_YEAST	SINGLE	3	443	447	5	1.160e-06	{E}
sp|P46949|FYV8_YEAST	SINGLE	4	339	381	12	2.272e-06	{D}
sp|P46949|FYV8_YEAST	SINGLE	5	120	139	9	3.882e-06	{S}
sp|P46949|FYV8_YEAST	SINGLE	6	265	292	10	5.270e-06	{E}
sp|P46949|FYV8_YEAST	MULTIPLE	1	337	384	23	2.817e-09	{DS}
sp|P46949|FYV8_YEAST	MULTIPLE	2	265	293	15	4.092e-07	{EK}
sp|P46949|FYV8_YEAST	WHOLE	1	1	817	116	1.985e-12	{S}
sp|P46949|FYV8_YEAST	WHOLE	2	1	817	88	2.225e-09	{D}
sp|P46949|FYV8_YEAST	WHOLE	3	1	817	70	3.739e-08	{N}
sp|P46949|FYV8_YEAST	WHOLE	4	1	817	86	4.167e-06	{E}
sp|P46996|YJQ3_YEAST	WHOLE	1	1	555	59	2.320e-08	{I}
sp|P47009|YJO4_YEAST	SINGLE	1	72	78	7	2.763e-10	{N}
sp|P47010|IRC9_YEAST	MULTIPLE	1	1	25	11	1.873e-06	{TM}
sp|P47014|YJN2_YEAST	SINGLE	1	169	180	6	4.547e-06	{N}
sp|P47023|YJ41A_YEAST	SINGLE	1	182	219	10	9.735e-06	{I}
sp|P47036|APQ13_YEAST	SINGLE	1	57	95	15	3.086e-08	{S}
sp|P47036|APQ13_YEAST	SINGLE	2	60	90	12	2.238e-07	{E}
sp|P47036|APQ13_YEAST	SINGLE	3	5	55	12	4.278e-07	{F}
sp|P47036|APQ13_YEAST	MULTIPLE	1	57	95	27	3.340e-15	{SE}
sp|P47036|APQ13_YEAST	WHOLE	1	1	138	18	6.156e-06	{F}
sp|P47072|YJB6_YEAST	SINGLE	1	15	38	10	2.612e-06	{S}
sp|P47072|YJB6_YEAST	SINGLE	2	382	387	4	3.242e-06	{H}
sp|P47072|YJB6_YEAST	SINGLE	3	307	323	8	9.053e-06	{S}
sp|P47072|YJB6_YEAST	MULTIPLE	1	350	372	12	9.382e-06	{ST}
sp|P47072|YJB6_YEAST	WHOLE	1	1	561	78	1.406e-08	{S}
sp|P47090|YJY5_YEAST	SINGLE	1	355	384	10	1.130e-07	{F}
sp|P47090|YJY5_YEAST	SINGLE	2	254	297	11	4.718e-07	{Y}
sp|P47101|YJ00_YEAST	SINGLE	1	680	736	22	1.905e-11	{S}
sp|P47101|YJ00_YEAST	SINGLE	2	467	491	9	4.153e-06	{D}
sp|P47101|YJ00_YEAST	MULTIPLE	1	680	736	30	1.912e-12	{ST}
sp|P47101|YJ00_YEAST	WHOLE	1	1	745	106	1.430e-11	{S}
sp|P47129|ACF4_YEAST	SINGLE	1	154	202	15	1.159e-09	{N}
sp|P47129|ACF4_YEAST	SINGLE	2	25	39	8	5.833e-08	{Q}
sp|P47129|ACF4_YEAST	SINGLE	3	186	222	11	5.681e-07	{P}
sp|P47129|ACF4_YEAST	MULTIPLE	1	154	230	41	7.671e-14	{NPS}
sp|P47129|ACF4_YEAST	MULTIPLE	2	40	81	17	2.017e-06	{SP}
sp|P47131|YJ55_YEAST	SINGLE	1	94	104	6	1.095e-06	{Y}
sp|P47139|YJ68_YEAST	SINGLE	1	412	448	9	8.698e-06	{F}
sp|P47139|YJ68_YEAST	MULTIPLE	1	418	451	14	8.881e-07	{FD}
sp|P47144|ECM27_YEAST	SINGLE	1	526	542	10	1.158e-09	{I}
sp|P47144|ECM27_YEAST	SINGLE	2	454	486	14	4.072e-07	{L}
sp|P47144|ECM27_YEAST	SINGLE	3	125	153	10	6.500e-07	{I}
sp|P47144|ECM27_YEAST	SINGLE	4	381	412	10	1.799e-06	{I}
sp|P47144|ECM27_YEAST	MULTIPLE	1	381	413	16	3.364e-09	{IF}
sp|P47144|ECM27_YEAST	MULTIPLE	2	675	684	9	1.928e-07	{IL}
sp|P47144|ECM27_YEAST	WHOLE	1	1	725	72	1.319e-08	{I}
sp|P47144|ECM27_YEAST	WHOLE	2	1	725	106	7.041e-07	{L}
sp|P47144|ECM27_YEAST	WHOLE	3	1	725	84	6.380e-06	{S}
sp|P48235|ECL1_YEAST	SINGLE	1	100	108	6	9.427e-06	{S}
sp|P48569|YD183_YEAST	SINGLE	1	73	99	10	2.318e-06	{K}
sp|P50089|YG51_YEAST	SINGLE	1	728	736	8	4.491e-13	{H}
sp|P50089|YG51_YEAST	SINGLE	2	708	759	17	6.148e-08	{S}
sp|P50089|YG51_YEAST	SINGLE	3	766	782	8	2.913e-06	{K}
sp|P50089|YG51_YEAST	SINGLE	4	116	139	8	9.294e-06	{R}
sp|P50089|YG51_YEAST	SINGLE	5	329	335	5	9.952e-06	{D}
sp|P50089|YG51_YEAST	MULTIPLE	1	706	760	25	6.297e-09	{ST}
sp|P50089|YG51_YEAST	MULTIPLE	2	111	139	17	2.483e-09	{RS}
sp|P50089|YG51_YEAST	MULTIPLE	3	632	654	14	3.321e-08	{SR}
sp|P50089|YG51_YEAST	WHOLE	1	1	785	103	2.173e-09	{S}
sp|P50263|SIP18_YEAST	SINGLE	1	35	61	7	1.337e-06	{M}
sp|P50263|SIP18_YEAST	MULTIPLE	1	35	66	15	1.763e-08	{MG}
sp|P50263|SIP18_YEAST	WHOLE	1	1	79	11	1.068e-06	{M}
sp|P53009|SCY1_YEAST	SINGLE	1	5	46	16	1.269e-08	{S}
sp|P53009|SCY1_YEAST	SINGLE	2	740	781	13	4.146e-06	{S}
sp|P53009|SCY1_YEAST	MULTIPLE	1	740	784	20	4.210e-08	{SP}
sp|P53009|SCY1_YEAST	MULTIPLE	2	350	377	15	7.269e-07	{LP}
sp|P53050|MGA1_YEAST	SINGLE	1	283	290	8	1.236e-11	{Q}
sp|P53050|MGA1_YEAST	SINGLE	2	223	243	8	1.414e-06	{Q}
sp|P53050|MGA1_YEAST	SINGLE	3	299	319	9	6.304e-06	{S}
sp|P53050|MGA1_YEAST	MULTIPLE	1	291	320	19	7.403e-09	{SPN}
sp|P53050|MGA1_YEAST	MULTIPLE	2	408	435	15	4.697e-07	{TS}
sp|P53050|MGA1_YEAST	MULTIPLE	3	170	200	22	1.692e-11	{QPS}
sp|P53050|MGA1_YEAST	WHOLE	1	1	456	65	7.861e-08	{S}
sp|P53053|COS12_YEAST	WHOLE	1	1	380	34	5.278e-06	{F}
sp|P53057|YPS5_YEAST	SINGLE	1	5	26	9	9.901e-06	{S}
sp|P53057|YPS5_YEAST	MULTIPLE	1	3	26	16	4.848e-08	{SL}
sp|P53066|YGZ2_YEAST	SINGLE	1	159	179	9	7.512e-07	{D}
sp|P53066|YGZ2_YEAST	WHOLE	1	1	181	27	2.114e-06	{D}
sp|P53074|YGY0_YEAST	MULTIPLE	1	87	105	14	1.224e-10	{ICF}
sp|P53110|IMR_YEAST	SINGLE	1	81	86	5	8.539e-07	{N}
sp|P53120|YGO0_YEAST	SINGLE	1	579	588	7	9.710e-07	{S}
sp|P53120|YGO0_YEAST	SINGLE	2	978	989	7	9.773e-07	{D}
sp|P53120|YGO0_YEAST	SINGLE	3	738	746	6	1.036e-06	{I}
sp|P53120|YGO0_YEAST	SINGLE	4	1194	1202	6	2.090e-06	{D}
sp|P53120|YGO0_YEAST	SINGLE	5	582	603	9	2.930e-06	{T}
sp|P53120|YGO0_YEAST	SINGLE	6	396	418	8	3.015e-06	{N}
sp|P53120|YGO0_YEAST	MULTIPLE	1	579	606	20	9.907e-10	{STR}
sp|P53134|YGL4_YEAST	SINGLE	1	457	492	12	7.668e-08	{I}
sp|P53134|YGL4_YEAST	WHOLE	1	1	725	70	5.885e-08	{I}
sp|P53156|YGI1_YEAST	SINGLE	1	235	269	18	6.209e-13	{E}
sp|P53209|YG1A_YEAST	SINGLE	1	124	130	5	5.528e-06	{I}
sp|P53210|YG1B_YEAST	SINGLE	1	141	172	14	4.543e-10	{D}
sp|P53210|YG1B_YEAST	SINGLE	2	161	173	6	8.081e-06	{N}
sp|P53210|YG1B_YEAST	MULTIPLE	1	140	173	22	1.182e-14	{DN}
sp|P53212|YG1D_YEAST	MULTIPLE	1	200	219	11	6.857e-06	{TE}
sp|P53217|YG1I_YEAST	SINGLE	1	3	30	10	3.383e-06	{K}
sp|P53243|YG2A_YEAST	MULTIPLE	1	133	171	18	5.834e-07	{SK}
sp|P53243|YG2A_YEAST	WHOLE	1	1	804	103	7.239e-09	{S}
sp|P53249|YG2G_YEAST	SINGLE	1	140	146	7	1.643e-09	{D}
sp|P53249|YG2G_YEAST	SINGLE	2	284	292	7	3.139e-07	{S}
sp|P53249|YG2G_YEAST	SINGLE	3	20	62	14	9.180e-07	{S}
sp|P53249|YG2G_YEAST	SINGLE	4	312	352	12	3.855e-06	{K}
sp|P53249|YG2G_YEAST	MULTIPLE	1	18	62	19	2.806e-07	{SR}
sp|P53249|YG2G_YEAST	MULTIPLE	2	316	346	16	3.715e-07	{KS}
sp|P53249|YG2G_YEAST	MULTIPLE	3	202	212	7	6.034e-06	{FQ}
sp|P53249|YG2G_YEAST	WHOLE	1	1	370	56	7.977e-08	{S}
sp|P53272|YG34_YEAST	MULTIPLE	1	34	45	9	5.445e-07	{SN}
sp|P53272|YG34_YEAST	MULTIPLE	2	144	175	16	7.406e-07	{LQ}
sp|P53274|YG36_YEAST	SINGLE	1	66	75	5	1.111e-06	{H}
sp|P53274|YG36_YEAST	SINGLE	2	204	222	8	7.972e-06	{K}
sp|P53274|YG36_YEAST	MULTIPLE	1	66	87	12	1.134e-07	{HS}
sp|P53293|YG3W_YEAST	SINGLE	1	182	216	9	5.346e-06	{F}
sp|P53293|YG3W_YEAST	SINGLE	2	23	27	5	6.591e-06	{L}
sp|P53343|PAU12_YEAST	SINGLE	1	8	20	8	1.221e-06	{A}
sp|P53343|PAU12_YEAST	MULTIPLE	1	8	25	13	3.312e-08	{AT}
sp|P53344|COS6_YEAST	SINGLE	1	330	345	7	1.116e-06	{F}
sp|P53344|COS6_YEAST	SINGLE	2	52	69	5	5.176e-06	{W}
sp|P53344|COS6_YEAST	WHOLE	1	1	381	35	2.247e-06	{F}
sp|P53427|PAU4_YEAST	SINGLE	1	8	20	8	1.221e-06	{A}
sp|P53427|PAU4_YEAST	MULTIPLE	1	8	25	13	3.312e-08	{AT}
sp|P53728|CYP8_YEAST	SINGLE	1	120	126	6	9.125e-07	{S}
sp|P53736|YN8O_YEAST	SINGLE	1	176	195	7	6.448e-06	{F}
sp|P53745|MNT4_YEAST	SINGLE	1	397	441	10	6.597e-06	{F}
sp|P53747|YN8Z_YEAST	SINGLE	1	168	208	12	6.398e-06	{E}
sp|P53749|YN92_YEAST	SINGLE	1	68	85	7	5.415e-06	{N}
sp|P53749|YN92_YEAST	SINGLE	2	16	44	6	5.499e-06	{C}
sp|P53749|YN92_YEAST	MULTIPLE	1	113	145	15	7.646e-08	{DF}
sp|P53822|COS1_YEAST	SINGLE	1	330	345	7	1.116e-06	{F}
sp|P53907|YNO4_YEAST	SINGLE	1	552	581	14	1.571e-10	{D}
sp|P53907|YNO4_YEAST	SINGLE	2	318	330	7	7.395e-07	{R}
sp|P53907|YNO4_YEAST	SINGLE	3	382	415	12	2.086e-06	{S}
sp|P53907|YNO4_YEAST	SINGLE	4	195	207	5	5.312e-06	{H}
sp|P53907|YNO4_YEAST	MULTIPLE	1	551	581	22	3.906e-14	{DE}
sp|P53907|YNO4_YEAST	MULTIPLE	2	335	356	15	2.287e-07	{NSK}
sp|P53907|YNO4_YEAST	WHOLE	1	1	740	96	1.221e-08	{S}
sp|P53908|YNO3_YEAST	SINGLE	1	49	58	10	8.126e-13	{K}
sp|P53925|YNL5_YEAST	SINGLE	1	67	107	11	2.898e-06	{I}
sp|P53925|YNL5_YEAST	SINGLE	2	472	490	8	3.679e-06	{D}
sp|P53925|YNL5_YEAST	SINGLE	3	507	523	5	3.796e-06	{W}
sp|P53925|YNL5_YEAST	SINGLE	4	469	486	8	8.226e-06	{G}
sp|P53925|YNL5_YEAST	MULTIPLE	1	65	111	18	3.391e-08	{IF}
sp|P53925|YNL5_YEAST	MULTIPLE	2	469	486	15	1.077e-11	{DG}
sp|P53925|YNL5_YEAST	MULTIPLE	3	275	304	16	1.400e-06	{TL}
sp|P53929|YNK8_YEAST	SINGLE	1	19	27	6	7.549e-07	{P}
sp|P53932|YNJ5_YEAST	SINGLE	1	277	310	12	2.086e-06	{S}
sp|P53947|YNF8_YEAST	SINGLE	1	26	65	19	5.451e-12	{S}
sp|P53947|YNF8_YEAST	SINGLE	2	235	243	9	2.071e-11	{E}
sp|P53947|YNF8_YEAST	SINGLE	3	19	28	6	9.234e-06	{T}
sp|P53947|YNF8_YEAST	MULTIPLE	1	22	65	29	1.315e-15	{ST}
sp|P53947|YNF8_YEAST	WHOLE	1	1	316	54	2.216e-09	{S}
sp|P53962|YND5_YEAST	SINGLE	1	371	387	8	2.913e-06	{K}
sp|P53964|YND3_YEAST	SINGLE	1	30	45	9	9.894e-08	{T}
sp|P53975|YNB9_YEAST	SINGLE	1	30	45	9	9.894e-08	{T}
sp|P53976|YNB8_YEAST	SINGLE	1	147	225	25	1.235e-10	{S}
sp|P53976|YNB8_YEAST	WHOLE	1	1	612	86	1.754e-09	{S}
sp|P54072|YL152_YEAST	SINGLE	1	269	301	12	1.455e-06	{S}
sp|P54072|YL152_YEAST	MULTIPLE	1	267	306	19	2.863e-08	{SR}
sp|P54072|YL152_YEAST	MULTIPLE	2	92	113	11	2.464e-06	{FT}
sp|P54072|YL152_YEAST	MULTIPLE	3	148	161	7	6.868e-06	{MF}
sp|P54072|YL152_YEAST	WHOLE	1	1	576	55	1.712e-06	{I}
sp|P54858|DOS2_YEAST	SINGLE	1	302	308	7	1.643e-09	{D}
sp|P54858|DOS2_YEAST	SINGLE	2	242	259	11	1.740e-09	{E}
sp|P54858|DOS2_YEAST	MULTIPLE	1	229	265	28	4.134e-14	{EKD}
sp|P54858|DOS2_YEAST	WHOLE	1	1	310	46	1.056e-07	{E}
sp|P54858|DOS2_YEAST	WHOLE	2	1	310	38	3.032e-06	{D}
sp|P54858|DOS2_YEAST	WHOLE	3	1	310	40	5.750e-06	{K}
sp|P9WEJ6|YG106_YEAST	SINGLE	1	18	26	6	1.036e-06	{I}
sp|Q01684|SPR6_YEAST	SINGLE	1	81	98	10	2.134e-08	{K}
sp|Q02203|YKY5_YEAST	SINGLE	1	304	361	22	1.520e-12	{T}
sp|Q02203|YKY5_YEAST	SINGLE	2	481	492	8	3.596e-08	{D}
sp|Q02203|YKY5_YEAST	SINGLE	3	49	104	9	2.439e-07	{C}
sp|Q02209|YKZ1_YEAST	SINGLE	1	231	263	13	1.826e-07	{S}
sp|Q02209|YKZ1_YEAST	MULTIPLE	1	211	263	22	2.340e-08	{SN}
sp|Q02209|YKZ1_YEAST	MULTIPLE	2	159	176	10	2.960e-06	{KQ}
sp|Q02786|LCL1_YEAST	SINGLE	1	87	92	5	5.269e-07	{F}
sp|Q02799|LEE1_YEAST	SINGLE	1	168	250	27	1.126e-11	{S}
sp|Q02799|LEE1_YEAST	MULTIPLE	1	162	251	48	5.691e-17	{SNY}
sp|Q02799|LEE1_YEAST	WHOLE	1	1	301	38	3.059e-09	{N}
sp|Q02799|LEE1_YEAST	WHOLE	2	1	301	51	7.823e-09	{S}
sp|Q02873|YP107_YEAST	SINGLE	1	86	94	4	7.618e-06	{C}
sp|Q03036|IRC4_YEAST	MULTIPLE	1	7	38	18	5.073e-09	{EK}
sp|Q03050|PAU10_YEAST	SINGLE	1	8	20	8	1.221e-06	{A}
sp|Q03050|PAU10_YEAST	MULTIPLE	1	8	25	13	3.312e-08	{AT}
sp|Q03104|MSC1_YEAST	SINGLE	1	80	89	7	9.710e-07	{S}
sp|Q03104|MSC1_YEAST	SINGLE	2	150	169	9	3.882e-06	{S}
sp|Q03104|MSC1_YEAST	MULTIPLE	1	132	171	19	1.644e-07	{SK}
sp|Q03104|MSC1_YEAST	WHOLE	1	1	513	62	2.562e-07	{K}
sp|Q03104|MSC1_YEAST	WHOLE	2	1	513	54	3.609e-06	{D}
sp|Q03177|YMZ2_YEAST	SINGLE	1	10	51	16	1.269e-08	{S}
sp|Q03177|YMZ2_YEAST	SINGLE	2	550	581	8	3.162e-07	{H}
sp|Q03177|YMZ2_YEAST	SINGLE	3	526	542	9	7.035e-07	{S}
sp|Q03177|YMZ2_YEAST	SINGLE	4	72	116	11	2.163e-06	{N}
sp|Q03177|YMZ2_YEAST	MULTIPLE	1	10	51	23	3.848e-10	{SE}
sp|Q03177|YMZ2_YEAST	WHOLE	1	1	834	111	2.560e-10	{S}
sp|Q03193|YD090_YEAST	SINGLE	1	161	211	12	4.555e-06	{I}
sp|Q03193|YD090_YEAST	MULTIPLE	1	161	218	19	2.463e-07	{IF}
sp|Q03193|YD090_YEAST	MULTIPLE	2	249	280	13	4.069e-06	{DN}
sp|Q03210|NGL3_YEAST	SINGLE	1	10	26	8	9.053e-06	{S}
sp|Q03210|NGL3_YEAST	MULTIPLE	1	337	353	10	5.149e-06	{ED}
sp|Q03361|JIP4_YEAST	SINGLE	1	685	734	21	7.989e-12	{S}
sp|Q03361|JIP4_YEAST	SINGLE	2	763	768	6	1.073e-10	{H}
sp|Q03361|JIP4_YEAST	SINGLE	3	785	818	15	3.312e-09	{S}
sp|Q03361|JIP4_YEAST	SINGLE	4	325	357	11	2.002e-07	{R}
sp|Q03361|JIP4_YEAST	SINGLE	5	328	332	4	1.105e-06	{M}
sp|Q03361|JIP4_YEAST	SINGLE	6	335	352	9	1.305e-06	{S}
sp|Q03361|JIP4_YEAST	MULTIPLE	1	321	357	27	9.399e-16	{RMS}
sp|Q03361|JIP4_YEAST	MULTIPLE	2	126	150	13	1.070e-06	{SP}
sp|Q03361|JIP4_YEAST	MULTIPLE	3	835	855	16	7.437e-09	{SGF}
sp|Q03361|JIP4_YEAST	WHOLE	1	1	876	127	4.541e-14	{S}
sp|Q03559|YM8V_YEAST	SINGLE	1	182	197	9	9.624e-08	{K}
sp|Q03559|YM8V_YEAST	SINGLE	2	155	183	9	2.211e-06	{Q}
sp|Q03559|YM8V_YEAST	MULTIPLE	1	155	197	18	9.277e-08	{KQ}
sp|Q03653|EFR3_YEAST	SINGLE	1	108	113	5	8.539e-07	{N}
sp|Q03653|EFR3_YEAST	WHOLE	1	1	782	66	1.479e-07	{N}
sp|Q03722|YMC0_YEAST	SINGLE	1	8	23	8	5.165e-06	{S}
sp|Q03730|YMB8_YEAST	SINGLE	1	259	286	8	7.646e-06	{F}
sp|Q03730|YMB8_YEAST	MULTIPLE	1	259	281	13	9.484e-07	{FL}
sp|Q03780|YD239_YEAST	SINGLE	1	434	499	20	1.875e-08	{S}
sp|Q03780|YD239_YEAST	SINGLE	2	151	155	5	2.221e-07	{P}
sp|Q03780|YD239_YEAST	MULTIPLE	1	440	499	25	2.462e-09	{SN}
sp|Q03780|YD239_YEAST	MULTIPLE	2	290	323	16	9.426e-07	{SD}
sp|Q03780|YD239_YEAST	WHOLE	1	1	787	125	8.564e-17	{S}
sp|Q03780|YD239_YEAST	WHOLE	2	1	787	66	1.838e-07	{N}
sp|Q03795|YM30_YEAST	MULTIPLE	1	534	541	6	9.210e-06	{YR}
sp|Q03795|YM30_YEAST	WHOLE	1	1	547	71	7.144e-07	{S}
sp|Q03823|YM35_YEAST	SINGLE	1	5	37	15	1.649e-12	{Q}
sp|Q03823|YM35_YEAST	SINGLE	2	386	409	9	3.465e-07	{N}
sp|Q03823|YM35_YEAST	MULTIPLE	1	385	409	16	6.533e-10	{NS}
sp|Q03823|YM35_YEAST	WHOLE	1	1	816	73	3.637e-09	{N}
sp|Q03900|YD132_YEAST	MULTIPLE	1	41	79	16	2.174e-06	{NS}
sp|Q03983|YD179_YEAST	SINGLE	1	310	334	8	2.999e-06	{F}
sp|Q03983|YD179_YEAST	SINGLE	2	425	459	10	4.399e-06	{I}
sp|Q04018|YM79_YEAST	SINGLE	1	338	355	9	3.699e-07	{T}
sp|Q04018|YM79_YEAST	SINGLE	2	290	299	7	5.500e-07	{G}
sp|Q04018|YM79_YEAST	MULTIPLE	1	279	299	14	3.877e-08	{GS}
sp|Q04093|YD444_YEAST	SINGLE	1	436	457	11	8.478e-08	{S}
sp|Q04162|YD387_YEAST	SINGLE	1	280	322	14	9.180e-07	{S}
sp|Q04162|YD387_YEAST	SINGLE	2	511	524	6	7.799e-06	{F}
sp|Q04162|YD387_YEAST	WHOLE	1	1	555	53	2.499e-06	{I}
sp|Q04336|YM54_YEAST	SINGLE	1	278	286	6	5.178e-06	{E}
sp|Q04336|YM54_YEAST	MULTIPLE	1	1055	1078	13	5.086e-07	{KD}
sp|Q04336|YM54_YEAST	MULTIPLE	2	437	457	10	4.272e-06	{PN}
sp|Q04398|SPG3_YEAST	SINGLE	1	23	87	20	3.284e-13	{F}
sp|Q04398|SPG3_YEAST	WHOLE	1	1	127	25	2.203e-11	{F}
sp|Q04413|API2_YEAST	MULTIPLE	1	41	54	9	2.887e-06	{FS}
sp|Q04608|YD124_YEAST	SINGLE	1	256	272	8	9.053e-06	{S}
sp|Q04748|SOV1_YEAST	SINGLE	1	669	677	6	9.427e-06	{S}
sp|Q04748|SOV1_YEAST	WHOLE	1	1	898	69	1.968e-06	{N}
sp|Q04748|SOV1_YEAST	WHOLE	2	1	898	90	2.640e-06	{K}
sp|Q04748|SOV1_YEAST	WHOLE	3	1	898	74	7.220e-06	{I}
sp|Q04773|YMW4_YEAST	SINGLE	1	135	142	7	1.241e-08	{D}
sp|Q04773|YMW4_YEAST	MULTIPLE	1	18	38	14	1.818e-09	{NG}
sp|Q04835|YM87_YEAST	SINGLE	1	361	380	8	2.396e-06	{I}
sp|Q04835|YM87_YEAST	SINGLE	2	260	300	11	2.898e-06	{I}
sp|Q04835|YM87_YEAST	MULTIPLE	1	358	380	12	3.195e-09	{IW}
sp|Q04835|YM87_YEAST	WHOLE	1	1	414	43	2.603e-06	{I}
sp|Q04978|YMF3_YEAST	SINGLE	1	75	111	26	1.652e-27	{N}
sp|Q04978|YMF3_YEAST	SINGLE	2	8	41	10	1.008e-06	{N}
sp|Q04978|YMF3_YEAST	WHOLE	1	1	212	45	5.976e-19	{N}
sp|Q05497|YD338_YEAST	SINGLE	1	671	687	8	1.327e-06	{D}
sp|Q05611|BSC2_YEAST	MULTIPLE	1	77	102	14	1.963e-06	{IL}
sp|Q05611|BSC2_YEAST	MULTIPLE	2	133	153	11	4.558e-06	{IE}
sp|Q05637|PHM6_YEAST	SINGLE	1	76	81	5	1.661e-06	{I}
sp|Q05812|MSC3_YEAST	SINGLE	1	36	45	8	5.455e-08	{A}
sp|Q05812|MSC3_YEAST	SINGLE	2	31	83	16	4.967e-07	{S}
sp|Q05812|MSC3_YEAST	SINGLE	3	189	193	5	9.161e-07	{T}
sp|Q05812|MSC3_YEAST	SINGLE	4	674	710	11	8.424e-06	{T}
sp|Q05812|MSC3_YEAST	SINGLE	5	121	154	9	8.950e-06	{N}
sp|Q05812|MSC3_YEAST	SINGLE	6	18	22	4	9.720e-06	{Y}
sp|Q05812|MSC3_YEAST	MULTIPLE	1	31	85	27	2.470e-09	{AS}
sp|Q05812|MSC3_YEAST	WHOLE	1	1	728	100	3.422e-10	{S}
sp|Q05854|YL278_YEAST	SINGLE	1	896	974	44	5.761e-39	{N}
sp|Q05854|YL278_YEAST	SINGLE	2	861	892	21	5.887e-17	{S}
sp|Q05854|YL278_YEAST	SINGLE	3	230	261	14	1.628e-11	{N}
sp|Q05854|YL278_YEAST	SINGLE	4	1231	1238	7	2.184e-09	{Q}
sp|Q05854|YL278_YEAST	SINGLE	5	986	1021	12	1.879e-08	{Q}
sp|Q05854|YL278_YEAST	SINGLE	6	1036	1050	9	1.682e-07	{S}
sp|Q05854|YL278_YEAST	SINGLE	7	1073	1090	8	3.473e-07	{Q}
sp|Q05854|YL278_YEAST	SINGLE	8	80	86	5	2.860e-06	{N}
sp|Q05854|YL278_YEAST	SINGLE	9	1239	1269	9	3.925e-06	{N}
sp|Q05854|YL278_YEAST	SINGLE	10	41	68	6	4.432e-06	{C}
sp|Q05854|YL278_YEAST	SINGLE	11	780	798	7	8.205e-06	{N}
sp|Q05854|YL278_YEAST	MULTIPLE	1	1052	1090	19	1.412e-10	{QP}
sp|Q05854|YL278_YEAST	MULTIPLE	2	72	86	11	3.967e-08	{NS}
sp|Q05854|YL278_YEAST	MULTIPLE	3	37	61	11	1.283e-07	{CR}
sp|Q05854|YL278_YEAST	MULTIPLE	4	345	364	13	3.003e-08	{SP}
sp|Q05854|YL278_YEAST	WHOLE	1	1	1341	155	5.032e-28	{N}
sp|Q05854|YL278_YEAST	WHOLE	2	1	1341	159	3.623e-10	{S}
sp|Q05899|YL297_YEAST	MULTIPLE	1	77	103	13	2.064e-06	{IV}
sp|Q05937|STP3_YEAST	SINGLE	1	36	121	30	1.063e-13	{S}
sp|Q06070|YL407_YEAST	MULTIPLE	1	96	119	17	1.479e-08	{TSN}
sp|Q06070|YL407_YEAST	MULTIPLE	2	2	35	17	9.300e-08	{KT}
sp|Q06146|YL257_YEAST	SINGLE	1	283	313	13	2.275e-08	{E}
sp|Q06146|YL257_YEAST	SINGLE	2	121	157	14	1.121e-07	{S}
sp|Q06146|YL257_YEAST	SINGLE	3	220	270	15	1.595e-06	{S}
sp|Q06146|YL257_YEAST	MULTIPLE	1	106	120	11	7.972e-07	{KL}
sp|Q06146|YL257_YEAST	WHOLE	1	1	321	46	4.123e-06	{S}
sp|Q06152|YL271_YEAST	SINGLE	1	163	178	8	1.077e-07	{N}
sp|Q06170|YL326_YEAST	SINGLE	1	77	81	4	3.224e-07	{C}
sp|Q06170|YL326_YEAST	SINGLE	2	185	215	10	3.890e-07	{N}
sp|Q06247|YL173_YEAST	WHOLE	1	1	608	56	3.868e-06	{I}
sp|Q06247|YL173_YEAST	WHOLE	2	1	608	50	7.150e-06	{N}
sp|Q06251|YL177_YEAST	SINGLE	1	154	169	15	5.398e-20	{Q}
sp|Q06251|YL177_YEAST	SINGLE	2	193	224	9	5.422e-06	{Q}
sp|Q06251|YL177_YEAST	WHOLE	1	1	628	56	2.111e-07	{N}
sp|Q06523|YP148_YEAST	SINGLE	1	196	209	9	2.963e-08	{E}
sp|Q06523|YP148_YEAST	SINGLE	2	29	40	6	4.547e-06	{N}
sp|Q06523|YP148_YEAST	MULTIPLE	1	193	210	16	2.369e-13	{ED}
sp|Q06523|YP148_YEAST	MULTIPLE	2	311	343	15	3.245e-06	{ET}
sp|Q06523|YP148_YEAST	MULTIPLE	3	110	137	14	3.193e-06	{KS}
sp|Q06523|YP148_YEAST	WHOLE	1	1	435	59	5.310e-08	{E}
sp|Q06595|YP196_YEAST	SINGLE	1	12	43	11	1.402e-07	{R}
sp|Q06595|YP196_YEAST	SINGLE	2	8	34	7	1.727e-07	{C}
sp|Q06595|YP196_YEAST	MULTIPLE	1	5	43	19	3.710e-13	{RC}
sp|Q07074|YH007_YEAST	SINGLE	1	4	11	6	1.373e-06	{K}
sp|Q07074|YH007_YEAST	MULTIPLE	1	21	39	12	8.981e-07	{LP}
sp|Q07530|YD114_YEAST	SINGLE	1	138	167	9	8.515e-06	{I}
sp|Q07530|YD114_YEAST	MULTIPLE	1	110	117	8	5.313e-09	{IN}
sp|Q07530|YD114_YEAST	WHOLE	1	1	308	34	7.236e-06	{I}
sp|Q07589|YD144_YEAST	SINGLE	1	258	280	8	8.015e-06	{I}
sp|Q07589|YD144_YEAST	MULTIPLE	1	257	280	14	3.785e-08	{IE}
sp|Q07629|YD218_YEAST	SINGLE	1	239	259	12	5.330e-10	{T}
sp|Q07829|RRT7_YEAST	SINGLE	1	84	93	7	5.011e-06	{L}
sp|Q07834|YL032_YEAST	SINGLE	1	783	806	11	3.312e-10	{Y}
sp|Q07834|YL032_YEAST	SINGLE	2	731	746	7	2.126e-06	{N}
sp|Q07834|YL032_YEAST	MULTIPLE	1	783	822	20	3.596e-12	{YN}
sp|Q07834|YL032_YEAST	MULTIPLE	2	725	749	15	8.027e-09	{NS}
sp|Q07834|YL032_YEAST	MULTIPLE	3	709	720	10	1.494e-08	{KI}
sp|Q07834|YL032_YEAST	WHOLE	1	1	825	83	6.739e-10	{I}
sp|Q07834|YL032_YEAST	WHOLE	2	1	825	70	5.366e-08	{N}
sp|Q07895|YL001_YEAST	SINGLE	1	768	783	7	5.137e-06	{I}
sp|Q07895|YL001_YEAST	MULTIPLE	1	457	491	17	1.918e-06	{LD}
sp|Q07895|YL001_YEAST	MULTIPLE	2	271	300	14	1.488e-06	{SN}
sp|Q07895|YL001_YEAST	WHOLE	1	1	862	83	4.744e-09	{I}
sp|Q07895|YL001_YEAST	WHOLE	2	1	862	65	6.388e-06	{N}
sp|Q07986|YL036_YEAST	SINGLE	1	56	75	9	1.657e-07	{I}
sp|Q07986|YL036_YEAST	SINGLE	2	128	140	6	4.638e-06	{F}
sp|Q07986|YL036_YEAST	MULTIPLE	1	82	118	13	1.951e-06	{KC}
sp|Q08054|CSI2_YEAST	SINGLE	1	33	112	31	1.444e-15	{S}
sp|Q08054|CSI2_YEAST	MULTIPLE	1	33	112	44	1.643e-18	{ST}
sp|Q08054|CSI2_YEAST	MULTIPLE	2	190	225	16	2.378e-06	{SD}
sp|Q08054|CSI2_YEAST	MULTIPLE	3	254	276	12	1.922e-06	{SN}
sp|Q08054|CSI2_YEAST	WHOLE	1	1	341	66	1.537e-13	{S}
sp|Q08206|YO036_YEAST	SINGLE	1	213	274	19	3.428e-08	{S}
sp|Q08206|YO036_YEAST	SINGLE	2	75	82	7	7.519e-08	{S}
sp|Q08206|YO036_YEAST	SINGLE	3	20	45	10	1.601e-06	{T}
sp|Q08206|YO036_YEAST	WHOLE	1	1	761	118	3.301e-15	{S}
sp|Q08322|PAU20_YEAST	SINGLE	1	8	20	8	1.221e-06	{A}
sp|Q08474|VAM10_YEAST	SINGLE	1	47	110	20	1.051e-08	{S}
sp|Q08474|VAM10_YEAST	WHOLE	1	1	114	24	1.276e-06	{S}
sp|Q08630|IRC13_YEAST	MULTIPLE	1	6	28	12	8.022e-08	{FP}
sp|Q08630|IRC13_YEAST	WHOLE	1	1	104	16	2.371e-06	{F}
sp|Q08687|TMA16_YEAST	SINGLE	1	5	53	14	8.584e-07	{K}
sp|Q08687|TMA16_YEAST	MULTIPLE	1	106	125	10	2.826e-06	{RQ}
sp|Q08743|YO292_YEAST	SINGLE	1	173	207	13	3.064e-10	{F}
sp|Q08743|YO292_YEAST	WHOLE	1	1	309	30	3.765e-06	{F}
sp|Q08748|YNC13_YEAST	SINGLE	1	1048	1093	16	1.444e-06	{L}
sp|Q08748|YNC13_YEAST	MULTIPLE	1	748	775	14	5.242e-07	{SN}
sp|Q08844|YO365_YEAST	SINGLE	1	572	628	16	3.368e-10	{F}
sp|Q08844|YO365_YEAST	SINGLE	2	374	406	10	3.089e-07	{F}
sp|Q08844|YO365_YEAST	SINGLE	3	383	395	7	8.968e-07	{I}
sp|Q08844|YO365_YEAST	MULTIPLE	1	374	399	16	2.928e-11	{FI}
sp|Q08844|YO365_YEAST	MULTIPLE	2	308	352	19	1.488e-07	{SN}
sp|Q08844|YO365_YEAST	WHOLE	1	1	703	70	1.832e-08	{I}
sp|Q08844|YO365_YEAST	WHOLE	2	1	703	59	3.320e-08	{F}
sp|Q08912|YO389_YEAST	SINGLE	1	160	166	7	4.844e-10	{P}
sp|Q08964|YP216_YEAST	SINGLE	1	387	405	7	4.362e-06	{F}
sp|Q08964|YP216_YEAST	MULTIPLE	1	1085	1101	10	2.829e-06	{RE}
sp|Q08964|YP216_YEAST	WHOLE	1	1	1102	109	5.586e-07	{K}
sp|Q08969|GRE1_YEAST	SINGLE	1	28	84	15	1.212e-08	{Q}
sp|Q08969|GRE1_YEAST	SINGLE	2	111	117	6	1.953e-07	{D}
sp|Q08969|GRE1_YEAST	SINGLE	3	85	106	9	2.930e-06	{T}
sp|Q08969|GRE1_YEAST	MULTIPLE	1	85	108	14	1.627e-07	{TG}
sp|Q08969|GRE1_YEAST	WHOLE	1	1	168	25	6.145e-08	{Q}
sp|Q08979|KEL3_YEAST	SINGLE	1	410	443	16	6.566e-12	{D}
sp|Q08979|KEL3_YEAST	SINGLE	2	3	37	16	5.469e-11	{K}
sp|Q08979|KEL3_YEAST	SINGLE	3	519	552	15	8.086e-10	{E}
sp|Q08979|KEL3_YEAST	SINGLE	4	514	556	15	4.581e-09	{D}
sp|Q08979|KEL3_YEAST	MULTIPLE	1	407	443	23	1.055e-14	{DN}
sp|Q08979|KEL3_YEAST	MULTIPLE	2	514	556	30	1.897e-18	{ED}
sp|Q08979|KEL3_YEAST	WHOLE	1	1	651	64	4.764e-06	{D}
sp|Q08984|PBI1_YEAST	SINGLE	1	421	434	7	3.777e-06	{D}
sp|Q08984|PBI1_YEAST	MULTIPLE	1	371	388	10	1.672e-06	{ND}
sp|Q08989|YP277_YEAST	SINGLE	1	160	167	8	2.262e-11	{P}
sp|Q08989|YP277_YEAST	SINGLE	2	457	483	6	3.540e-06	{C}
sp|Q12032|AIM41_YEAST	WHOLE	1	1	185	29	2.584e-06	{K}
sp|Q12044|RCN2_YEAST	SINGLE	1	141	214	25	2.519e-11	{S}
sp|Q12044|RCN2_YEAST	WHOLE	1	1	265	41	2.024e-06	{S}
sp|Q12121|YD211_YEAST	SINGLE	1	104	136	14	3.010e-09	{T}
sp|Q12121|YD211_YEAST	SINGLE	2	329	354	11	6.882e-07	{S}
sp|Q12121|YD211_YEAST	SINGLE	3	231	244	7	1.705e-06	{I}
sp|Q12121|YD211_YEAST	SINGLE	4	221	236	8	2.368e-06	{V}
sp|Q12121|YD211_YEAST	SINGLE	5	7	47	13	3.085e-06	{S}
sp|Q12121|YD211_YEAST	MULTIPLE	1	103	148	25	5.179e-11	{TS}
sp|Q12121|YD211_YEAST	MULTIPLE	2	221	244	16	2.333e-10	{IV}
sp|Q12121|YD211_YEAST	WHOLE	1	1	372	59	7.162e-09	{S}
sp|Q12121|YD211_YEAST	WHOLE	2	1	372	51	6.847e-08	{T}
sp|Q12140|BSC1_YEAST	SINGLE	1	161	317	75	4.756e-43	{S}
sp|Q12140|BSC1_YEAST	SINGLE	2	166	268	45	3.912e-27	{T}
sp|Q12140|BSC1_YEAST	MULTIPLE	1	161	318	129	1.776e-83	{ST}
sp|Q12140|BSC1_YEAST	MULTIPLE	2	92	116	10	5.929e-07	{WQ}
sp|Q12140|BSC1_YEAST	WHOLE	1	1	328	88	1.724e-27	{S}
sp|Q12140|BSC1_YEAST	WHOLE	2	1	328	76	1.111e-23	{T}
sp|Q12160|YP063_YEAST	SINGLE	1	123	137	8	8.976e-07	{T}
sp|Q12160|YP063_YEAST	MULTIPLE	1	123	137	13	1.789e-10	{TE}
sp|Q12212|SIA1_YEAST	WHOLE	1	1	622	56	7.247e-06	{I}
sp|Q12254|SVS1_YEAST	SINGLE	1	25	125	38	2.080e-20	{T}
sp|Q12254|SVS1_YEAST	SINGLE	2	137	178	13	7.978e-07	{T}
sp|Q12254|SVS1_YEAST	MULTIPLE	1	136	178	23	4.600e-10	{TS}
sp|Q12254|SVS1_YEAST	MULTIPLE	2	216	244	17	5.844e-09	{TV}
sp|Q12254|SVS1_YEAST	WHOLE	1	1	260	65	2.176e-22	{T}
sp|Q12254|SVS1_YEAST	WHOLE	2	1	260	39	7.041e-06	{S}
sp|Q12257|YD177_YEAST	MULTIPLE	1	79	98	12	9.215e-08	{NK}
sp|Q12301|YD180_YEAST	SINGLE	1	223	250	11	1.647e-06	{S}
sp|Q12301|YD180_YEAST	SINGLE	2	62	89	8	7.646e-06	{F}
sp|Q12322|YO114_YEAST	SINGLE	1	168	199	13	1.983e-08	{K}
sp|Q12346|YPR71_YEAST	MULTIPLE	1	93	107	8	1.127e-06	{CR}
sp|Q12370|PAU17_YEAST	SINGLE	1	8	23	10	4.305e-08	{A}
sp|Q12418|GIS3_YEAST	SINGLE	1	9	20	5	3.342e-06	{H}
sp|Q12418|GIS3_YEAST	SINGLE	2	247	258	7	5.518e-06	{S}
sp|Q12418|GIS3_YEAST	SINGLE	3	173	181	6	9.427e-06	{S}
sp|Q12418|GIS3_YEAST	WHOLE	1	1	502	66	1.060e-06	{S}
sp|Q12459|PRM7_YEAST	SINGLE	1	191	347	52	2.131e-21	{S}
sp|Q12459|PRM7_YEAST	SINGLE	2	362	520	51	2.519e-20	{S}
sp|Q12459|PRM7_YEAST	SINGLE	3	65	180	34	7.739e-13	{S}
sp|Q12459|PRM7_YEAST	SINGLE	4	11	54	15	2.763e-08	{T}
sp|Q12459|PRM7_YEAST	SINGLE	5	581	633	17	8.399e-08	{S}
sp|Q12459|PRM7_YEAST	SINGLE	6	90	137	15	1.017e-07	{T}
sp|Q12459|PRM7_YEAST	SINGLE	7	208	243	12	8.690e-07	{T}
sp|Q12459|PRM7_YEAST	SINGLE	8	642	646	5	9.161e-07	{T}
sp|Q12459|PRM7_YEAST	SINGLE	9	6	55	15	1.213e-06	{S}
sp|Q12459|PRM7_YEAST	SINGLE	10	334	384	14	1.501e-06	{T}
sp|Q12459|PRM7_YEAST	MULTIPLE	1	158	386	146	3.134e-47	{STV}
sp|Q12459|PRM7_YEAST	MULTIPLE	2	65	184	63	2.420e-24	{ST}
sp|Q12459|PRM7_YEAST	MULTIPLE	3	4	55	31	8.326e-15	{TS}
sp|Q12459|PRM7_YEAST	MULTIPLE	4	575	633	26	7.035e-09	{ST}
sp|Q12459|PRM7_YEAST	WHOLE	1	1	698	187	3.388e-56	{S}
sp|Q12459|PRM7_YEAST	WHOLE	2	1	698	126	4.638e-27	{T}
sp|Q12498|PRM4_YEAST	SINGLE	1	129	135	6	3.730e-07	{T}
sp|Q12523|YP247_YEAST	WHOLE	1	1	523	71	1.393e-07	{S}
sp|Q2V2Q2|YC048_YEAST	SINGLE	1	27	51	10	1.050e-06	{T}
sp|Q2V2Q2|YC048_YEAST	SINGLE	2	63	76	8	2.626e-06	{A}
sp|Q3E6R4|YD24B_YEAST	SINGLE	1	43	63	10	1.260e-06	{A}
sp|Q3E6R4|YD24B_YEAST	SINGLE	2	8	19	7	9.586e-06	{A}
sp|Q3E6R4|YD24B_YEAST	MULTIPLE	1	20	37	10	2.960e-06	{NT}
sp|Q3E6R4|YD24B_YEAST	WHOLE	1	1	66	17	7.356e-06	{A}
sp|Q3E747|YL363_YEAST	SINGLE	1	4	48	17	5.172e-10	{K}
sp|Q3E747|YL363_YEAST	WHOLE	1	1	85	23	1.034e-09	{K}
sp|Q3E770|PAU9_YEAST	SINGLE	1	8	20	8	1.221e-06	{A}
sp|Q3E770|PAU9_YEAST	MULTIPLE	1	8	25	13	3.312e-08	{AT}
sp|Q3E7A3|YJ133_YEAST	SINGLE	1	9	30	10	2.130e-06	{A}
sp|Q3E7A3|YJ133_YEAST	MULTIPLE	1	9	31	17	3.955e-10	{AS}
sp|Q3E7A9|CMC4_YEAST	SINGLE	1	5	53	8	9.999e-07	{C}
sp|Q3E7B0|YE053_YEAST	SINGLE	1	7	19	6	4.638e-06	{F}
sp|Q3E7B7|YD85C_YEAST	SINGLE	1	13	33	9	1.797e-06	{K}
sp|Q3E7Y4|YB112_YEAST	MULTIPLE	1	14	35	9	8.855e-06	{MI}
sp|Q3E7Z8|YC204_YEAST	SINGLE	1	8	30	8	1.473e-06	{F}
sp|Q3E7Z8|YC204_YEAST	MULTIPLE	1	72	86	10	5.509e-08	{FI}
sp|Q3E7Z8|YC204_YEAST	WHOLE	1	1	88	17	4.208e-08	{F}
sp|Q3E842|YM122_YEAST	SINGLE	1	3	50	20	2.968e-11	{S}
sp|Q3E842|YM122_YEAST	MULTIPLE	1	2	50	30	1.801e-13	{SA}
sp|Q3E842|YM122_YEAST	WHOLE	1	1	84	23	1.419e-08	{S}
sp|Q6Q5P6|YH41A_YEAST	SINGLE	1	376	408	10	7.748e-07	{Q}
sp|Q6Q5P6|YH41A_YEAST	SINGLE	2	182	219	10	9.735e-06	{I}
sp|Q6Q5P6|YH41A_YEAST	MULTIPLE	1	376	409	17	8.230e-09	{QK}
sp|Q7M4S9|YB113_YEAST	SINGLE	1	86	390	119	2.434e-62	{T}
sp|Q7M4S9|YB113_YEAST	MULTIPLE	1	81	393	229	3.572e-102	{TNS}
sp|Q7M4S9|YB113_YEAST	WHOLE	1	1	792	136	7.036e-27	{T}
sp|Q7M4S9|YB113_YEAST	WHOLE	2	1	792	100	2.368e-08	{S}
sp|Q7M4S9|YB113_YEAST	WHOLE	3	1	792	63	1.764e-06	{N}
sp|Q99248|YO019_YEAST	SINGLE	1	713	722	10	8.126e-13	{K}
sp|Q99248|YO019_YEAST	SINGLE	2	612	667	19	5.326e-09	{S}
sp|Q99248|YO019_YEAST	SINGLE	3	685	701	10	4.373e-08	{S}
sp|Q99248|YO019_YEAST	MULTIPLE	1	564	583	12	1.346e-06	{TS}
sp|Q99248|YO019_YEAST	MULTIPLE	2	319	338	11	1.852e-06	{IK}
sp|Q99248|YO019_YEAST	WHOLE	1	1	730	96	2.595e-12	{K}
sp|Q99248|YO019_YEAST	WHOLE	2	1	730	92	8.333e-08	{S}
sp|Q99326|YO338_YEAST	SINGLE	1	172	184	7	7.395e-07	{R}
sp|Q99395|YP229_YEAST	SINGLE	1	40	65	18	3.139e-19	{Q}
sp|Q99395|YP229_YEAST	SINGLE	2	165	186	11	8.478e-08	{S}
sp|Q99395|YP229_YEAST	WHOLE	1	1	206	28	7.390e-08	{Q}
sp|Q9ZZX0|AI5B_YEAST	SINGLE	1	294	323	14	9.663e-08	{L}
sp|Q9ZZX0|AI5B_YEAST	SINGLE	2	56	75	8	8.840e-07	{N}
sp|Q9ZZX0|AI5B_YEAST	SINGLE	3	1	7	4	7.399e-06	{M}
sp|Q9ZZX0|AI5B_YEAST	MULTIPLE	1	294	333	20	1.633e-09	{LM}
sp|Q9ZZX0|AI5B_YEAST	MULTIPLE	2	47	75	16	5.433e-10	{NI}
sp|Q9ZZX0|AI5B_YEAST	WHOLE	1	1	354	39	7.516e-08	{N}
sp|Q9ZZX0|AI5B_YEAST	WHOLE	2	1	354	31	9.837e-06	{Y}
sp|A0A023PYF4|YE145_YEAST	SINGLE	1	19	57	15	3.086e-08	{S}
sp|A0A023PYF4|YE145_YEAST	SINGLE	2	88	98	5	4.398e-07	{C}
sp|A0A023PZB3|FMP49_YEAST	SINGLE	1	13	19	4	2.185e-06	{C}
sp|A0A023PZE8|YD57W_YEAST	SINGLE	1	44	72	11	5.511e-09	{F}
sp|A0A023PZE8|YD57W_YEAST	WHOLE	1	1	133	18	3.689e-06	{F}
sp|A0A023PZG4|YL236_YEAST	SINGLE	1	64	103	13	5.611e-06	{A}
sp|I2HB52|YB56A_YEAST	SINGLE	1	33	62	14	8.097e-18	{C}
sp|I2HB52|YB56A_YEAST	SINGLE	2	8	29	9	2.822e-07	{P}
sp|I2HB52|YB56A_YEAST	SINGLE	3	4	24	8	1.414e-06	{Q}
sp|I2HB52|YB56A_YEAST	MULTIPLE	1	4	29	22	1.877e-16	{PQY}
sp|I2HB52|YB56A_YEAST	WHOLE	1	1	66	14	2.412e-12	{C}
sp|I2HB70|YM16A_YEAST	MULTIPLE	1	48	60	8	2.611e-06	{HV}
sp|O13555|JIP3_YEAST	SINGLE	1	2	16	10	2.889e-09	{E}
sp|O13555|JIP3_YEAST	SINGLE	2	52	91	14	9.716e-08	{E}
sp|O13555|JIP3_YEAST	MULTIPLE	1	21	94	33	2.838e-12	{ED}
sp|O13555|JIP3_YEAST	WHOLE	1	1	125	28	5.473e-09	{E}
sp|O13565|YL358_YEAST	SINGLE	1	50	81	17	7.080e-12	{S}
sp|O13574|YL255_YEAST	SINGLE	1	51	89	13	1.584e-08	{R}
sp|O13574|YL255_YEAST	MULTIPLE	1	51	77	17	1.274e-10	{RK}
sp|P0C1Z1|YD24C_YEAST	SINGLE	1	12	19	5	4.541e-06	{F}
sp|P0C5M0|YD320_YEAST	SINGLE	1	35	44	7	3.412e-07	{K}
sp|P0C5M0|YD320_YEAST	MULTIPLE	1	8	26	10	7.130e-06	{LC}
sp|P0C5N1|YG014_YEAST	SINGLE	1	5	24	7	1.362e-07	{H}
sp|P0C5P3|YK145_YEAST	SINGLE	1	12	29	10	8.782e-07	{L}
sp|P0C5P3|YK145_YEAST	WHOLE	1	1	30	12	5.598e-06	{L}
sp|P0CF17|U5072_YEAST	WHOLE	1	1	737	58	5.583e-06	{N}
sp|P0CI67|YHU3_YEAST	SINGLE	1	133	180	20	1.964e-12	{T}
sp|P0CI67|YHU3_YEAST	SINGLE	2	181	198	11	5.158e-09	{S}
sp|P0CI67|YHU3_YEAST	SINGLE	3	70	77	5	3.800e-06	{Y}
sp|P0CI67|YHU3_YEAST	WHOLE	1	1	198	33	1.537e-07	{T}
sp|P25347|YCP2_YEAST	SINGLE	1	58	100	11	5.241e-07	{F}
sp|P25350|YCP6_YEAST	SINGLE	1	142	149	5	7.298e-06	{N}
sp|P25572|YCE2_YEAST	SINGLE	1	75	92	9	3.699e-07	{T}
sp|P25572|YCE2_YEAST	SINGLE	2	50	66	7	5.840e-06	{P}
sp|P25577|YCE9_YEAST	SINGLE	1	286	292	7	4.902e-09	{E}
sp|P25620|YCR2_YEAST	MULTIPLE	1	20	48	14	1.463e-06	{RS}
sp|P25657|YCY9_YEAST	MULTIPLE	1	62	98	13	7.785e-07	{CD}
sp|P32772|UGX2_YEAST	SINGLE	1	69	89	10	1.421e-07	{K}
sp|P34245|YKJ7_YEAST	SINGLE	1	104	109	4	9.518e-07	{C}
sp|P34245|YKJ7_YEAST	SINGLE	2	18	72	13	9.783e-07	{P}
sp|P34245|YKJ7_YEAST	MULTIPLE	1	18	72	17	2.085e-08	{PC}
sp|P35725|YKG3_YEAST	SINGLE	1	127	152	8	8.703e-06	{Q}
sp|P35725|YKG3_YEAST	SINGLE	2	132	156	9	9.680e-06	{K}
sp|P35725|YKG3_YEAST	MULTIPLE	1	132	152	15	5.877e-11	{QK}
sp|P36092|YKE44_YEAST	SINGLE	1	34	68	11	5.231e-08	{F}
sp|P36111|YKZ5_YEAST	SINGLE	1	257	284	10	5.270e-06	{E}
sp|P36111|YKZ5_YEAST	SINGLE	2	466	473	5	7.298e-06	{N}
sp|P36111|YKZ5_YEAST	MULTIPLE	1	461	476	11	1.123e-07	{NS}
sp|P36111|YKZ5_YEAST	MULTIPLE	2	309	341	14	2.742e-06	{VN}
sp|P36111|YKZ5_YEAST	WHOLE	1	1	568	63	3.344e-06	{K}
sp|P38180|YBI1_YEAST	SINGLE	1	155	185	23	2.172e-25	{N}
sp|P38180|YBI1_YEAST	SINGLE	2	265	354	29	2.616e-12	{S}
sp|P38180|YBI1_YEAST	SINGLE	3	196	240	20	7.036e-12	{S}
sp|P38180|YBI1_YEAST	SINGLE	4	48	79	11	4.877e-08	{N}
sp|P38180|YBI1_YEAST	SINGLE	5	49	67	7	3.439e-06	{Y}
sp|P38180|YBI1_YEAST	MULTIPLE	1	260	356	41	3.966e-14	{SP}
sp|P38180|YBI1_YEAST	MULTIPLE	2	31	79	36	1.142e-17	{NYHS}
sp|P38180|YBI1_YEAST	WHOLE	1	1	368	63	1.097e-20	{N}
sp|P38180|YBI1_YEAST	WHOLE	2	1	368	74	7.270e-16	{S}
sp|P38201|YBC9_YEAST	SINGLE	1	14	103	35	1.616e-24	{N}
sp|P38201|YBC9_YEAST	SINGLE	2	228	273	23	7.955e-15	{S}
sp|P38201|YBC9_YEAST	SINGLE	3	136	182	18	1.446e-09	{S}
sp|P38201|YBC9_YEAST	SINGLE	4	350	374	9	1.236e-06	{R}
sp|P38201|YBC9_YEAST	SINGLE	5	158	163	5	1.270e-06	{P}
sp|P38201|YBC9_YEAST	MULTIPLE	1	136	182	26	7.773e-13	{SP}
sp|P38201|YBC9_YEAST	WHOLE	1	1	376	51	5.500e-13	{N}
sp|P38201|YBC9_YEAST	WHOLE	2	1	376	56	1.348e-07	{S}
sp|P38220|YBN7_YEAST	SINGLE	1	42	56	8	1.576e-07	{I}
sp|P38220|YBN7_YEAST	SINGLE	2	25	37	6	8.081e-06	{N}
sp|P38317|YB69_YEAST	SINGLE	1	101	106	5	5.269e-07	{F}
sp|P38321|YB75_YEAST	SINGLE	1	566	599	15	3.312e-09	{S}
sp|P38321|YB75_YEAST	SINGLE	2	102	126	12	3.879e-08	{S}
sp|P38321|YB75_YEAST	SINGLE	3	131	142	6	8.689e-08	{H}
sp|P38321|YB75_YEAST	SINGLE	4	64	87	11	2.583e-07	{S}
sp|P38321|YB75_YEAST	SINGLE	5	171	181	7	1.412e-06	{G}
sp|P38321|YB75_YEAST	MULTIPLE	1	570	601	20	1.552e-11	{SP}
sp|P38321|YB75_YEAST	MULTIPLE	2	64	90	15	2.071e-09	{SH}
sp|P38321|YB75_YEAST	WHOLE	1	1	900	121	2.375e-11	{S}
sp|P38338|YB9F_YEAST	SINGLE	1	644	659	9	2.749e-06	{L}
sp|P38338|YB9F_YEAST	SINGLE	2	66	77	7	5.518e-06	{S}
sp|P38357|YB8F_YEAST	SINGLE	1	76	83	5	4.541e-06	{F}
sp|P38752|YHA5_YEAST	SINGLE	1	104	125	8	5.499e-06	{I}
sp|P38752|YHA5_YEAST	MULTIPLE	1	104	125	13	3.587e-09	{IY}
sp|P38780|YHL4_YEAST	SINGLE	1	140	192	12	6.639e-07	{F}
sp|P38780|YHL4_YEAST	MULTIPLE	1	133	192	24	6.681e-11	{FI}
sp|P38780|YHL4_YEAST	MULTIPLE	2	103	123	12	5.336e-07	{NS}
sp|P38780|YHL4_YEAST	WHOLE	1	1	354	41	9.192e-09	{N}
sp|P38799|YHN8_YEAST	SINGLE	1	236	243	6	1.643e-07	{N}
sp|P38799|YHN8_YEAST	SINGLE	2	128	180	14	1.677e-07	{I}
sp|P38799|YHN8_YEAST	MULTIPLE	1	128	183	21	3.963e-09	{IF}
sp|P38799|YHN8_YEAST	MULTIPLE	2	326	357	13	1.008e-06	{IY}
sp|P38799|YHN8_YEAST	WHOLE	1	1	552	56	2.224e-07	{I}
sp|P38834|YHT0_YEAST	SINGLE	1	18	52	13	3.064e-10	{F}
sp|P38868|YHY0_YEAST	MULTIPLE	1	142	150	9	2.685e-09	{PV}
sp|P38900|YH19_YEAST	SINGLE	1	86	222	55	1.665e-30	{T}
sp|P38900|YH19_YEAST	MULTIPLE	1	81	225	108	2.214e-50	{TSN}
sp|P38900|YH19_YEAST	WHOLE	1	1	624	72	2.095e-07	{T}
sp|P39545|PAU7_YEAST	SINGLE	1	8	22	10	1.752e-08	{A}
sp|P39564|YAN8_YEAST	SINGLE	1	50	160	35	3.191e-11	{L}
sp|P39564|YAN8_YEAST	MULTIPLE	1	19	151	93	2.059e-25	{LTPQH}
sp|P39564|YAN8_YEAST	WHOLE	1	1	161	41	1.038e-09	{L}
sp|P39564|YAN8_YEAST	WHOLE	2	1	161	25	1.083e-07	{P}
sp|P39977|YEH8_YEAST	MULTIPLE	1	19	34	10	6.764e-07	{NT}
sp|P39989|YEC8_YEAST	SINGLE	1	89	114	8	3.192e-06	{Y}
sp|P39999|YEB4_YEAST	SINGLE	1	29	42	7	3.627e-07	{F}
sp|P40083|YEW7_YEAST	SINGLE	1	113	124	8	8.160e-08	{K}
sp|P40103|YE18_YEAST	SINGLE	1	202	212	5	1.993e-06	{H}
sp|P40455|YIP2_YEAST	SINGLE	1	83	91	8	1.064e-10	{Q}
sp|P40455|YIP2_YEAST	SINGLE	2	12	19	6	1.689e-07	{Q}
sp|P40455|YIP2_YEAST	WHOLE	1	1	235	32	9.097e-09	{Q}
sp|P40523|YIF5_YEAST	SINGLE	1	177	257	24	1.747e-13	{P}
sp|P40523|YIF5_YEAST	SINGLE	2	316	343	11	9.679e-09	{N}
sp|P40523|YIF5_YEAST	SINGLE	3	491	514	8	4.328e-06	{N}
sp|P40523|YIF5_YEAST	MULTIPLE	1	8	34	18	1.695e-09	{AS}
sp|P40523|YIF5_YEAST	MULTIPLE	2	80	90	7	1.758e-06	{PM}
sp|P40523|YIF5_YEAST	WHOLE	1	1	627	56	2.089e-06	{P}
sp|P40572|YIT6_YEAST	SINGLE	1	90	100	10	2.933e-12	{D}
sp|P40572|YIT6_YEAST	SINGLE	2	101	136	16	8.725e-10	{S}
sp|P40572|YIT6_YEAST	SINGLE	3	54	59	5	3.011e-06	{D}
sp|P40572|YIT6_YEAST	MULTIPLE	1	101	136	21	3.765e-11	{SR}
sp|P40572|YIT6_YEAST	WHOLE	1	1	265	43	3.384e-07	{S}
sp|P43578|YFB5_YEAST	SINGLE	1	6	27	10	3.347e-09	{F}
sp|P43578|YFB5_YEAST	WHOLE	1	1	164	21	1.518e-06	{F}
sp|P43608|YFK5_YEAST	SINGLE	1	80	92	6	2.572e-08	{C}
sp|P43608|YFK5_YEAST	SINGLE	2	103	111	6	2.663e-07	{F}
sp|P43622|YFM4_YEAST	SINGLE	1	36	109	27	5.095e-13	{S}
sp|P43622|YFM4_YEAST	SINGLE	2	54	60	5	5.528e-06	{I}
sp|P43622|YFM4_YEAST	MULTIPLE	1	36	111	37	5.632e-15	{SI}
sp|P43622|YFM4_YEAST	WHOLE	1	1	192	47	6.949e-14	{S}
sp|P46945|YGS6_YEAST	MULTIPLE	1	51	68	10	2.960e-06	{KQ}
sp|P46987|YJS1_YEAST	SINGLE	1	6	10	5	1.160e-06	{E}
sp|P46987|YJS1_YEAST	SINGLE	2	321	328	5	7.298e-06	{N}
sp|P46987|YJS1_YEAST	WHOLE	1	1	611	60	2.586e-07	{I}
sp|P47022|YJL8_YEAST	SINGLE	1	136	161	13	3.840e-11	{R}
sp|P47022|YJL8_YEAST	SINGLE	2	191	196	6	6.591e-09	{Q}
sp|P47022|YJL8_YEAST	WHOLE	1	1	219	27	5.071e-06	{R}
sp|P47080|YJA7_YEAST	SINGLE	1	67	92	9	2.276e-06	{I}
sp|P47107|YJ09_YEAST	WHOLE	1	1	1121	91	1.559e-06	{I}
sp|P47107|YJ09_YEAST	WHOLE	2	1	1121	74	5.823e-06	{F}
sp|P47126|YJ49_YEAST	SINGLE	1	16	20	5	9.139e-08	{F}
sp|P47152|YJ85_YEAST	SINGLE	1	19	29	6	4.441e-08	{H}
sp|P47152|YJ85_YEAST	SINGLE	2	141	157	8	9.053e-06	{S}
sp|P47152|YJ85_YEAST	MULTIPLE	1	3	29	15	4.292e-10	{HT}
sp|P47152|YJ85_YEAST	MULTIPLE	2	58	75	11	8.734e-07	{PS}
sp|P48238|YG3O_YEAST	MULTIPLE	1	138	176	19	2.753e-07	{KCE}
sp|P48568|YD186_YEAST	SINGLE	1	240	252	11	7.162e-14	{Q}
sp|P53054|YGZG_YEAST	MULTIPLE	1	41	55	8	5.424e-07	{WN}
sp|P53116|YGO9_YEAST	SINGLE	1	29	44	8	5.110e-08	{F}
sp|P53116|YGO9_YEAST	SINGLE	2	6	39	15	8.493e-08	{L}
sp|P53116|YGO9_YEAST	SINGLE	3	62	99	10	1.292e-06	{F}
sp|P53116|YGO9_YEAST	MULTIPLE	1	24	42	17	1.674e-12	{FLH}
sp|P53116|YGO9_YEAST	MULTIPLE	2	59	99	19	1.375e-08	{FS}
sp|P53116|YGO9_YEAST	WHOLE	1	1	101	18	6.211e-08	{F}
sp|P53122|YGN8_YEAST	SINGLE	1	4	46	13	5.518e-09	{F}
sp|P53151|YGI8_YEAST	SINGLE	1	10	47	12	1.226e-08	{F}
sp|P53211|YG1C_YEAST	SINGLE	1	10	21	7	5.518e-06	{S}
sp|P53211|YG1C_YEAST	SINGLE	2	53	78	10	6.090e-06	{S}
sp|P53211|YG1C_YEAST	WHOLE	1	1	109	26	3.692e-08	{S}
sp|P53222|YG1O_YEAST	SINGLE	1	14	35	9	9.901e-06	{S}
sp|P53222|YG1O_YEAST	MULTIPLE	1	85	97	9	2.089e-07	{RN}
sp|P53234|YG21_YEAST	SINGLE	1	220	237	8	4.919e-06	{K}
sp|P53234|YG21_YEAST	MULTIPLE	1	190	227	15	3.582e-06	{NE}
sp|P53307|YG4O_YEAST	MULTIPLE	1	16	50	15	3.088e-08	{NF}
sp|P53719|YN87_YEAST	SINGLE	1	30	54	15	1.144e-11	{S}
sp|P53719|YN87_YEAST	WHOLE	1	1	212	45	3.981e-11	{S}
sp|P53754|YN97_YEAST	SINGLE	1	166	210	13	9.474e-06	{S}
sp|P53754|YN97_YEAST	MULTIPLE	1	171	210	15	1.330e-06	{SH}
sp|P53891|YNQ5_YEAST	SINGLE	1	3	18	7	4.255e-06	{R}
sp|P53906|YNO6_YEAST	SINGLE	1	85	92	5	4.541e-06	{F}
sp|P53906|YNO6_YEAST	MULTIPLE	1	52	69	12	4.866e-08	{NS}
sp|P53910|YNO0_YEAST	MULTIPLE	1	116	180	30	7.730e-09	{IRK}
sp|P53952|YNF0_YEAST	SINGLE	1	199	252	20	2.426e-11	{K}
sp|P53952|YNF0_YEAST	MULTIPLE	1	68	84	10	1.347e-06	{EF}
sp|P53952|YNF0_YEAST	WHOLE	1	1	270	36	7.784e-06	{K}
sp|P53963|YND4_YEAST	SINGLE	1	185	225	16	8.466e-09	{S}
sp|P53963|YND4_YEAST	MULTIPLE	1	183	227	28	5.913e-11	{STP}
sp|P53963|YND4_YEAST	WHOLE	1	1	612	85	3.695e-09	{S}
sp|P53980|YNB1_YEAST	SINGLE	1	239	246	7	3.667e-08	{E}
sp|P53980|YNB1_YEAST	WHOLE	1	1	444	49	1.046e-07	{I}
sp|P87012|YC01A_YEAST	SINGLE	1	118	139	9	2.854e-06	{K}
sp|P87287|YD366_YEAST	SINGLE	1	61	131	20	1.232e-10	{I}
sp|P87287|YD366_YEAST	SINGLE	2	58	66	5	8.228e-06	{Y}
sp|P87287|YD366_YEAST	MULTIPLE	1	58	131	28	6.074e-12	{IY}
sp|P87287|YD366_YEAST	WHOLE	1	1	132	24	2.462e-08	{I}
sp|P9WEJ2|YN155_YEAST	SINGLE	1	22	44	9	4.399e-06	{K}
sp|P9WEN8|YH52B_YEAST	MULTIPLE	1	6	25	12	4.625e-07	{NA}
sp|P9WEN9|YH54B_YEAST	MULTIPLE	1	6	25	12	4.625e-07	{NA}
sp|Q02749|YP068_YEAST	SINGLE	1	206	242	10	2.345e-06	{N}
sp|Q02749|YP068_YEAST	MULTIPLE	1	188	242	17	3.427e-08	{NH}
sp|Q02826|YP080_YEAST	MULTIPLE	1	94	103	7	1.488e-06	{FY}
sp|Q02831|YP077_YEAST	MULTIPLE	1	43	75	14	5.802e-06	{NS}
sp|Q03080|YP039_YEAST	SINGLE	1	165	183	8	1.221e-06	{R}
sp|Q03208|YML9_YEAST	SINGLE	1	326	333	6	1.846e-06	{E}
sp|Q03208|YML9_YEAST	SINGLE	2	71	111	10	6.328e-06	{N}
sp|Q03208|YML9_YEAST	MULTIPLE	1	2	54	23	1.403e-06	{QNS}
sp|Q03208|YML9_YEAST	WHOLE	1	1	357	50	3.203e-06	{S}
sp|Q03208|YML9_YEAST	WHOLE	2	1	357	35	4.232e-06	{N}
sp|Q03231|YM46_YEAST	SINGLE	1	30	63	12	2.086e-06	{S}
sp|Q03231|YM46_YEAST	MULTIPLE	1	27	63	19	2.872e-09	{SN}
sp|Q03236|YM49_YEAST	SINGLE	1	15	45	6	8.254e-06	{C}
sp|Q03480|YD209_YEAST	SINGLE	1	77	127	16	6.788e-08	{V}
sp|Q03480|YD209_YEAST	SINGLE	2	60	68	6	4.718e-07	{N}
sp|Q03695|YM58_YEAST	SINGLE	1	239	260	15	7.471e-13	{S}
sp|Q03695|YM58_YEAST	WHOLE	1	1	313	51	2.815e-08	{S}
sp|Q03703|YMD7_YEAST	SINGLE	1	183	241	19	1.164e-09	{K}
sp|Q03703|YMD7_YEAST	MULTIPLE	1	193	236	24	1.096e-10	{KS}
sp|Q04526|YMI3_YEAST	SINGLE	1	86	138	15	1.113e-08	{P}
sp|Q04526|YMI3_YEAST	SINGLE	2	209	241	9	3.163e-06	{F}
sp|Q04597|YDR14_YEAST	SINGLE	1	78	86	5	8.228e-06	{Y}
sp|Q04597|YDR14_YEAST	MULTIPLE	1	76	86	9	1.309e-08	{YI}
sp|Q04597|YDR14_YEAST	MULTIPLE	2	31	44	8	6.267e-06	{CS}
sp|Q04893|YM96_YEAST	SINGLE	1	3	834	321	1.579e-144	{S}
sp|Q04893|YM96_YEAST	SINGLE	2	9	46	24	4.108e-20	{T}
sp|Q04893|YM96_YEAST	SINGLE	3	865	945	23	3.909e-10	{T}
sp|Q04893|YM96_YEAST	SINGLE	4	966	1038	23	7.277e-10	{S}
sp|Q04893|YM96_YEAST	SINGLE	5	172	191	9	1.124e-06	{T}
sp|Q04893|YM96_YEAST	MULTIPLE	1	3	834	453	3.166e-172	{ST}
sp|Q04893|YM96_YEAST	MULTIPLE	2	1070	1115	23	2.560e-09	{ST}
sp|Q04893|YM96_YEAST	WHOLE	1	1	1140	378	2.874e-144	{S}
sp|Q04893|YM96_YEAST	WHOLE	2	1	1140	192	5.591e-36	{T}
sp|Q05451|YH50_YEAST	MULTIPLE	1	31	39	7	9.864e-08	{FH}
sp|Q05510|YD344_YEAST	SINGLE	1	3	25	9	9.987e-08	{F}
sp|Q05612|YD278_YEAST	MULTIPLE	1	47	80	15	1.300e-06	{LH}
sp|Q05898|YL296_YEAST	SINGLE	1	61	71	7	8.803e-07	{K}
sp|Q06150|BOP2_YEAST	MULTIPLE	1	296	330	14	2.463e-07	{NF}
sp|Q06150|BOP2_YEAST	WHOLE	1	1	570	48	4.882e-07	{F}
sp|Q06150|BOP2_YEAST	WHOLE	2	1	570	51	6.130e-07	{N}
sp|Q06150|BOP2_YEAST	WHOLE	3	1	570	53	5.230e-06	{I}
sp|Q06821|YP084_YEAST	SINGLE	1	415	428	9	7.251e-08	{S}
sp|Q06821|YP084_YEAST	SINGLE	2	416	449	10	1.008e-06	{N}
sp|Q06821|YP084_YEAST	MULTIPLE	1	415	453	26	1.808e-11	{SNK}
sp|Q06821|YP084_YEAST	MULTIPLE	2	162	190	12	5.717e-06	{IP}
sp|Q07927|YL012_YEAST	SINGLE	1	12	22	6	2.440e-06	{Q}
sp|Q07927|YL012_YEAST	MULTIPLE	1	5	25	11	1.492e-07	{QY}
sp|Q08118|IRC10_YEAST	SINGLE	1	66	76	6	5.152e-06	{I}
sp|Q08118|IRC10_YEAST	MULTIPLE	1	267	284	11	1.321e-06	{KT}
sp|Q08187|YO029_YEAST	SINGLE	1	79	96	10	9.128e-08	{S}
sp|Q08187|YO029_YEAST	MULTIPLE	1	63	96	17	5.645e-10	{SC}
sp|Q08187|YO029_YEAST	MULTIPLE	2	2	42	14	1.178e-06	{CK}
sp|Q08270|YO131_YEAST	SINGLE	1	87	92	5	1.270e-06	{P}
sp|Q08486|YOR72_YEAST	SINGLE	1	73	103	9	1.790e-06	{F}
sp|Q08486|YOR72_YEAST	MULTIPLE	1	61	103	15	1.467e-06	{FR}
sp|Q08504|YO105_YEAST	SINGLE	1	46	103	19	1.924e-11	{I}
sp|Q08504|YO105_YEAST	MULTIPLE	1	50	98	25	5.411e-12	{IT}
sp|Q08504|YO105_YEAST	WHOLE	1	1	108	22	1.100e-08	{I}
sp|Q08734|YO268_YEAST	SINGLE	1	3	17	7	6.535e-07	{F}
sp|Q08734|YO268_YEAST	MULTIPLE	1	91	112	10	8.450e-08	{FC}
sp|Q12110|YL049_YEAST	SINGLE	1	72	117	18	9.618e-10	{S}
sp|Q12110|YL049_YEAST	MULTIPLE	1	71	117	24	2.883e-11	{SN}
sp|Q12110|YL049_YEAST	MULTIPLE	2	37	62	12	6.689e-06	{TI}
sp|Q12110|YL049_YEAST	WHOLE	1	1	428	44	8.613e-08	{N}
sp|Q12111|YD029_YEAST	SINGLE	1	70	86	10	4.299e-07	{L}
sp|Q12111|YD029_YEAST	MULTIPLE	1	19	38	11	1.869e-06	{FS}
sp|Q12138|YL125_YEAST	SINGLE	1	62	92	13	2.275e-08	{E}
sp|Q12138|YL125_YEAST	MULTIPLE	1	61	93	22	3.955e-12	{ES}
sp|Q12169|YO015_YEAST	SINGLE	1	71	104	9	4.134e-06	{F}
sp|Q12210|YD009_YEAST	SINGLE	1	58	81	9	1.535e-07	{F}
sp|Q12210|YD009_YEAST	MULTIPLE	1	53	76	17	1.356e-10	{FIN}
sp|Q12210|YD009_YEAST	WHOLE	1	1	107	16	3.435e-06	{F}
sp|Q12484|YO343_YEAST	MULTIPLE	1	54	76	12	4.335e-07	{AH}
sp|Q12492|YP064_YEAST	SINGLE	1	118	138	8	7.086e-10	{C}
sp|Q12492|YP064_YEAST	SINGLE	2	37	45	6	2.663e-07	{F}
sp|Q12492|YP064_YEAST	SINGLE	3	52	56	5	2.962e-06	{A}
sp|Q12492|YP064_YEAST	WHOLE	1	1	139	12	2.418e-06	{C}
sp|Q12496|YO098_YEAST	SINGLE	1	1004	1035	11	2.753e-06	{E}
sp|Q12496|YO098_YEAST	SINGLE	2	1024	1030	5	9.952e-06	{D}
sp|Q12496|YO098_YEAST	MULTIPLE	1	1018	1035	14	2.519e-10	{ED}
sp|Q12506|YO314_YEAST	SINGLE	1	76	100	9	2.305e-07	{F}
sp|Q12528|YL111_YEAST	SINGLE	1	32	46	8	2.659e-08	{F}
sp|Q12531|YP015_YEAST	SINGLE	1	44	103	14	4.510e-07	{P}
sp|Q2V2P6|YG194_YEAST	SINGLE	1	6	25	8	2.396e-06	{I}
sp|Q2V2P6|YG194_YEAST	MULTIPLE	1	14	33	13	2.389e-07	{IL}
sp|Q35811|Q0092_YEAST	SINGLE	1	1	19	8	3.025e-09	{M}
sp|Q35811|Q0092_YEAST	MULTIPLE	1	1	22	13	9.855e-11	{MN}
sp|Q35811|Q0092_YEAST	WHOLE	1	1	46	11	3.260e-09	{M}
sp|Q3E739|YI021_YEAST	SINGLE	1	28	62	11	5.184e-07	{I}
sp|Q3E742|YL412_YEAST	SINGLE	1	24	59	17	7.157e-12	{K}
sp|Q3E742|YL412_YEAST	WHOLE	1	1	68	19	1.572e-08	{K}
sp|Q3E751|YP119_YEAST	SINGLE	1	30	41	8	2.305e-09	{F}
sp|Q3E760|YM030_YEAST	MULTIPLE	1	51	64	9	1.275e-06	{KF}
sp|Q3E766|YM175_YEAST	SINGLE	1	42	47	4	3.242e-06	{M}
sp|Q3E767|YN67B_YEAST	SINGLE	1	21	30	6	6.397e-07	{F}
sp|Q3E771|YL285_YEAST	SINGLE	1	2	38	9	8.698e-06	{F}
sp|Q3E791|YA063_YEAST	WHOLE	1	1	96	17	3.441e-06	{I}
sp|Q3E795|YL361_YEAST	SINGLE	1	5	11	7	2.763e-10	{N}
sp|Q3E7A5|YO16W_YEAST	MULTIPLE	1	40	58	10	7.092e-08	{CI}
sp|Q3E7B5|YM230_YEAST	WHOLE	1	1	62	8	6.078e-06	{C}
sp|Q3E7Z0|YN227_YEAST	SINGLE	1	28	35	7	2.584e-08	{K}
sp|Q3E7Z3|YI018_YEAST	SINGLE	1	15	20	6	5.571e-08	{K}
sp|Q3E7Z4|YI046_YEAST	SINGLE	1	25	47	8	1.653e-09	{C}
sp|Q3E7Z4|YI046_YEAST	WHOLE	1	1	54	10	1.294e-08	{C}
sp|Q3E819|YC108_YEAST	SINGLE	1	29	51	6	7.449e-06	{H}
sp|Q3E820|YB96A_YEAST	SINGLE	1	12	43	9	2.394e-06	{F}
sp|Q3E821|YB008_YEAST	MULTIPLE	1	6	26	9	6.969e-07	{CF}
sp|Q3E832|YO72B_YEAST	SINGLE	1	22	51	9	1.323e-06	{F}
sp|Q6B0Y7|YM075_YEAST	SINGLE	1	70	88	14	2.233e-11	{L}
sp|Q6B0Y7|YM075_YEAST	SINGLE	2	6	39	9	4.134e-06	{F}
sp|Q6B0Y7|YM075_YEAST	MULTIPLE	1	6	33	15	3.975e-08	{FS}
sp|Q8J0M4|YCB2_YEAST	SINGLE	1	4	21	10	8.782e-07	{L}
sp|Q8TGJ7|YL66B_YEAST	SINGLE	1	20	40	11	1.495e-13	{H}
sp|Q8TGJ7|YL66B_YEAST	SINGLE	2	22	51	11	8.426e-07	{T}
sp|Q8TGJ7|YL66B_YEAST	MULTIPLE	1	20	47	21	1.568e-17	{HT}
sp|Q8TGJ7|YL66B_YEAST	WHOLE	1	1	56	11	2.919e-08	{H}
sp|Q8TGN5|YI105_YEAST	MULTIPLE	1	22	41	10	5.563e-08	{HY}
sp|Q8TGT2|YK096_YEAST	SINGLE	1	41	49	5	9.817e-06	{F}
sp|Q8TGT2|YK096_YEAST	MULTIPLE	1	10	30	10	2.251e-06	{KM}
sp|Q8TGT4|YH213_YEAST	SINGLE	1	21	30	6	6.397e-07	{F}
sp|Q8TGT9|YG146_YEAST	SINGLE	1	13	42	9	1.323e-06	{F}
sp|Q8TGT9|YG146_YEAST	WHOLE	1	1	53	11	4.661e-06	{F}
sp|Q99296|YL149_YEAST	SINGLE	1	437	467	12	2.510e-09	{N}
sp|Q99296|YL149_YEAST	MULTIPLE	1	643	654	8	3.856e-06	{PD}
sp|Q99296|YL149_YEAST	MULTIPLE	2	178	201	11	2.967e-06	{NI}
sp|Q99296|YL149_YEAST	WHOLE	1	1	730	74	1.258e-11	{N}
sp|Q99296|YL149_YEAST	WHOLE	2	1	730	88	9.248e-07	{S}
sp|Q99345|YO085_YEAST	SINGLE	1	91	96	5	3.011e-06	{D}
sp|Q9ZZW1|Q0182_YEAST	SINGLE	1	63	108	12	3.575e-07	{N}
sp|Q9ZZW1|Q0182_YEAST	SINGLE	2	20	44	7	7.564e-07	{M}
sp|Q9ZZW1|Q0182_YEAST	SINGLE	3	68	76	6	1.036e-06	{I}
sp|Q9ZZW1|Q0182_YEAST	SINGLE	4	64	98	9	3.999e-06	{Y}
sp|Q9ZZW1|Q0182_YEAST	MULTIPLE	1	62	111	46	8.349e-29	{NIYMF}
sp|Q9ZZW1|Q0182_YEAST	WHOLE	1	1	134	14	1.328e-06	{M}
sp|Q9ZZW2|Q0144_YEAST	SINGLE	1	44	107	16	4.413e-13	{M}
sp|Q9ZZW2|Q0144_YEAST	SINGLE	2	64	106	15	2.282e-11	{Y}
sp|Q9ZZW2|Q0144_YEAST	SINGLE	3	7	41	12	1.245e-08	{N}
sp|Q9ZZW2|Q0144_YEAST	SINGLE	4	18	42	9	1.699e-07	{Y}
sp|Q9ZZW2|Q0144_YEAST	SINGLE	5	6	47	11	3.734e-06	{I}
sp|Q9ZZW2|Q0144_YEAST	MULTIPLE	1	1	107	81	1.232e-36	{MYNIF}
sp|Q9ZZW2|Q0144_YEAST	WHOLE	1	1	109	24	2.142e-12	{Y}
sp|Q9ZZW2|Q0144_YEAST	WHOLE	2	1	109	18	2.779e-11	{M}
sp|Q9ZZW2|Q0144_YEAST	WHOLE	3	1	109	18	4.965e-06	{I}
sp|Q9ZZW3|Q0143_YEAST	SINGLE	1	27	43	7	3.459e-06	{N}
sp|Q9ZZW3|Q0143_YEAST	MULTIPLE	1	26	49	12	3.272e-07	{NI}
sp|Q9ZZW4|Q0142_YEAST	SINGLE	1	17	33	9	2.266e-11	{M}
sp|Q9ZZW4|Q0142_YEAST	SINGLE	2	38	48	9	2.585e-11	{N}
sp|Q9ZZW4|Q0142_YEAST	MULTIPLE	1	14	33	16	2.019e-14	{MT}
sp|Q9ZZW4|Q0142_YEAST	WHOLE	1	1	58	13	2.940e-10	{M}
sp|Q9ZZX7|Q0032_YEAST	SINGLE	1	1	41	13	2.387e-12	{M}
sp|Q9ZZX7|Q0032_YEAST	SINGLE	2	59	65	6	4.294e-08	{N}
sp|Q9ZZX7|Q0032_YEAST	SINGLE	3	14	50	9	6.525e-06	{Y}
sp|Q9ZZX7|Q0032_YEAST	MULTIPLE	1	1	50	23	1.343e-15	{MY}
sp|Q9ZZX7|Q0032_YEAST	MULTIPLE	2	59	82	15	2.502e-11	{NY}
sp|Q9ZZX7|Q0032_YEAST	WHOLE	1	1	96	16	2.951e-10	{M}
sp|Q9ZZX7|Q0032_YEAST	WHOLE	2	1	96	17	9.381e-08	{Y}
sp|Q9ZZX8|Q0017_YEAST	SINGLE	1	41	48	5	7.298e-06	{N}
sp|Q9ZZX9|Q0010_YEAST	SINGLE	1	13	65	17	3.142e-10	{I}
sp|Q9ZZX9|Q0010_YEAST	SINGLE	2	45	95	12	2.923e-07	{Y}
sp|Q9ZZX9|Q0010_YEAST	MULTIPLE	1	1	110	69	1.149e-23	{IYMFN}
sp|Q9ZZX9|Q0010_YEAST	WHOLE	1	1	128	22	2.436e-09	{Y}
sp|Q9ZZX9|Q0010_YEAST	WHOLE	2	1	128	21	9.753e-07	{I}
