UPI0000000054	891	SINGLE	1	37	55	10	6.012e-07	{A}	----	6.403
UPI0000000054	891	SINGLE	2	875	889	7	9.419e-06	{K}	----	7.964
UPI0000000054	891	MULTIPLE	1	873	891	15	3.579e-10	{KA}	hydrophobic	5.607
UPI0000000054	891	WHOLE	1	1	891	121	2.151e-08	{A}
UPI0000000908	72	SINGLE	1	11	29	8	2.151e-06	{R}	----	8.144
UPI0000000D1C	220	SINGLE	1	105	121	7	5.247e-08	{H}	----	17.903
UPI0000000D1C	220	WHOLE	1	1	220	48	2.057e-08	{L}
UPI0000000D1F	206	MULTIPLE	1	177	194	14	1.815e-08	{LG}	hydrophobic	4.680
UPI0000000ED4	548	SINGLE	1	533	546	9	7.080e-08	{G}	----	8.941
UPI0000000ED4	548	SINGLE	2	538	548	5	2.084e-06	{M}	----	20.661
UPI0000000ED4	548	MULTIPLE	1	533	548	14	4.082e-13	{GM}	hydrophobic	9.318
UPI0000000ED4	548	WHOLE	1	1	548	74	8.914e-06	{A}
UPI0000000F55	217	WHOLE	1	1	217	43	1.471e-06	{L}
UPI0000001326	1040	SINGLE	1	919	939	9	1.210e-06	{I}	----	7.276
UPI0000001326	1040	SINGLE	2	565	603	9	8.701e-06	{Q}	----	6.254
UPI0000001326	1040	MULTIPLE	1	659	682	12	2.584e-07	{QT}	polar	5.531
UPI0000001367	317	SINGLE	1	31	52	9	3.870e-08	{Q}	----	11.086
UPI0000001367	317	SINGLE	2	86	90	5	7.457e-06	{L}	----	10.604
UPI0000001367	317	MULTIPLE	1	31	52	13	4.229e-12	{QW}	polar	11.724
UPI0000001367	317	WHOLE	1	1	317	29	5.644e-06	{Q}
UPI00000016FD	615	SINGLE	1	366	395	9	4.497e-06	{P}	----	6.593
UPI00000016FD	615	MULTIPLE	1	364	433	37	2.700e-12	{PQA}	mixed	3.211
UPI00000016FD	615	WHOLE	1	1	615	45	8.201e-06	{Q}
UPI0000001701	444	SINGLE	1	35	48	7	5.518e-06	{I}	----	8.489
UPI0000001B60	425	MULTIPLE	1	402	416	10	2.246e-06	{LQ}	mixed	5.081
UPI000000D50D	186	SINGLE	1	85	118	6	5.564e-06	{W}	----	13.072
UPI000000D50D	186	WHOLE	1	1	186	12	8.577e-06	{W}
UPI000000DDC1	98	SINGLE	1	50	97	13	4.307e-11	{H}	----	11.775
UPI000000DDC1	98	SINGLE	2	73	77	5	1.950e-07	{P}	----	21.978
UPI000000DDC1	98	SINGLE	3	46	68	6	4.850e-07	{W}	----	19.324
UPI000000DDC1	98	MULTIPLE	1	69	97	23	4.698e-15	{HPG}	mixed	5.649
UPI000000DDC1	98	WHOLE	1	1	98	13	3.748e-07	{H}
UPI000000DEB9	431	SINGLE	1	45	58	5	7.944e-07	{W}	----	26.455
UPI000000DEB9	431	SINGLE	2	2	57	18	1.712e-06	{L}	----	3.409
UPI000000DEB9	431	MULTIPLE	1	2	58	25	1.687e-10	{WL}	hydrophobic	4.069
UPI000000DED2	491	SINGLE	1	438	485	18	1.302e-07	{L}	----	3.977
UPI000000DED2	491	WHOLE	1	1	491	89	1.084e-09	{L}
UPI000000DEE0	190	SINGLE	1	7	33	11	3.826e-06	{A}	----	4.956
UPI000000DF5F	348	WHOLE	1	1	348	62	4.837e-07	{L}
UPI000000E052	328	SINGLE	1	46	82	12	5.630e-06	{V}	----	4.498
UPI000000E052	328	MULTIPLE	1	46	82	15	2.693e-06	{VQ}	mixed	3.719
UPI000000E100	114	SINGLE	1	30	111	26	4.784e-11	{G}	----	4.410
UPI000000E100	114	WHOLE	1	1	114	27	2.275e-08	{G}
UPI000000E135	334	MULTIPLE	1	256	316	15	1.637e-06	{PC}	small	4.154
UPI000000E196	232	SINGLE	1	124	128	5	3.753e-06	{A}	----	12.165
UPI000000E196	232	SINGLE	2	136	157	8	7.763e-06	{R}	----	7.034
UPI000000E1E3	252	MULTIPLE	1	64	81	9	7.086e-07	{TW}	polar	7.463
UPI000000E424	174	SINGLE	1	106	111	5	3.936e-06	{S}	----	14.196
UPI000000E424	174	SINGLE	2	128	147	7	9.472e-06	{N}	----	8.434
UPI000000E44C	575	SINGLE	1	63	88	10	4.139e-06	{E}	----	5.574
UPI000000E45A	289	MULTIPLE	1	40	81	17	7.130e-06	{KG}	hydrophobic	3.102
UPI000000E45D	219	WHOLE	1	1	219	41	3.766e-07	{A}
UPI000000E4AB	518	SINGLE	1	490	513	9	4.366e-06	{S}	----	6.388
UPI000000E4C0	444	SINGLE	1	389	431	16	1.004e-09	{K}	----	6.350
UPI000000E4C0	444	MULTIPLE	1	393	431	21	5.962e-11	{KR}	positive	4.882
UPI000000E5EF	470	MULTIPLE	1	109	131	9	8.936e-06	{PM}	mixed	5.797
UPI000000E60D	613	SINGLE	1	189	209	13	1.084e-11	{D}	----	10.655
UPI000000E60D	613	MULTIPLE	1	188	209	18	3.182e-13	{DE}	negative	6.437
UPI000000E60D	613	WHOLE	1	1	613	71	7.530e-06	{E}
UPI000000E656	390	SINGLE	1	368	380	9	4.245e-09	{D}	----	11.916
UPI000000E656	390	SINGLE	2	32	43	8	2.623e-07	{G}	----	9.272
UPI000000E656	390	MULTIPLE	1	362	382	17	2.048e-12	{DE}	negative	6.369
UPI000000E6F8	221	WHOLE	1	1	221	26	9.896e-07	{F}
UPI000000E741	689	SINGLE	1	575	582	7	1.862e-07	{A}	----	10.645
UPI000000E74D	332	SINGLE	1	170	182	5	5.551e-06	{M}	----	17.483
UPI000000E764	319	MULTIPLE	1	248	275	13	1.214e-06	{PK}	mixed	4.460
UPI000000E765	341	MULTIPLE	1	57	89	16	2.837e-06	{VG}	small_hydrophobic	3.367
UPI000000E833	199	SINGLE	1	16	31	8	5.564e-07	{T}	----	9.346
UPI000000E864	529	SINGLE	1	487	491	5	3.753e-06	{A}	----	12.165
UPI000000E883	549	SINGLE	1	476	523	12	3.758e-06	{R}	----	4.836
UPI000000E883	549	WHOLE	1	1	549	83	6.160e-06	{L}
UPI000000E8D4	473	SINGLE	1	405	430	10	5.944e-06	{G}	----	5.349
UPI000000E96A	347	SINGLE	1	211	253	14	8.885e-07	{G}	----	4.528
UPI000002C676	251	SINGLE	1	222	234	6	3.329e-06	{Q}	----	12.508
UPI000002C676	251	SINGLE	2	8	18	7	5.938e-06	{A}	----	7.742
UPI000002D3AC	410	SINGLE	1	120	124	5	7.457e-06	{L}	----	10.604
UPI000002DB2D	273	SINGLE	1	183	223	13	2.993e-06	{G}	----	4.410
UPI0000030AA0	158	SINGLE	1	61	64	3	9.709e-06	{W}	----	55.556
UPI0000030AA1	384	MULTIPLE	1	9	23	11	1.905e-07	{RA}	mixed	5.477
UPI0000030D3B	292	SINGLE	1	91	110	5	5.670e-06	{W}	----	18.519
UPI0000030D3B	292	MULTIPLE	1	80	110	10	8.526e-08	{WH}	polar_aromatic	8.838
UPI000003121D	404	SINGLE	1	23	29	4	7.670e-06	{M}	----	25.974
UPI0000032AA9	362	MULTIPLE	1	245	269	11	6.268e-06	{NT}	small_polar	4.632
UPI0000032AA9	362	WHOLE	1	1	362	49	8.934e-06	{G}
UPI0000032E71	384	SINGLE	1	229	265	12	5.475e-06	{G}	----	4.511
UPI0000033C12	176	MULTIPLE	1	84	120	16	6.865e-08	{GH}	hydrophobic	4.557
UPI00000350B7	384	MULTIPLE	1	172	195	9	8.204e-06	{MN}	mixed	5.906
UPI00000380F1	359	SINGLE	1	92	111	6	4.143e-06	{H}	----	13.043
UPI000003EAC2	443	MULTIPLE	1	217	257	22	4.533e-08	{VRF}	mixed	3.264
UPI000003EAC2	443	MULTIPLE	2	293	302	7	3.041e-06	{GW}	hydrophobic	8.197
UPI000003EAC6	117	SINGLE	1	7	16	6	3.243e-06	{R}	----	11.605
UPI000003EACC	123	MULTIPLE	1	38	69	19	4.294e-07	{KIV}	hydrophobic	3.132
UPI000003EAE3	92	SINGLE	1	87	92	5	3.903e-06	{K}	----	14.221
UPI000003EAE4	273	MULTIPLE	1	253	273	11	3.222e-06	{RK}	positive	4.749
UPI000003EAED	412	WHOLE	1	1	412	48	2.835e-07	{T}
UPI000003EAEF	201	SINGLE	1	74	101	10	2.113e-06	{K}	----	6.095
UPI000003EAF6	156	WHOLE	1	1	156	31	2.444e-06	{A}
UPI000003EAF7	79	MULTIPLE	1	11	33	16	5.404e-08	{MAG}	hydrophobic	3.950
UPI000003EAFF	1246	WHOLE	1	1	1246	40	5.355e-07	{W}
UPI000003EB00	165	SINGLE	1	134	148	8	5.495e-07	{D}	----	9.180
UPI000003EB00	165	MULTIPLE	1	134	154	14	8.873e-10	{DP}	small	6.435
UPI000003EB06	298	MULTIPLE	1	289	295	6	3.040e-07	{HQ}	polar	14.310
UPI000003EB1C	319	WHOLE	1	1	319	40	3.805e-06	{I}
UPI000003EB21	416	WHOLE	1	1	416	70	8.239e-07	{L}
UPI000003EB27	91	MULTIPLE	1	53	81	14	3.228e-07	{QE}	glx	4.559
UPI000003EB46	451	WHOLE	1	1	451	54	4.425e-07	{I}
UPI000003EB65	414	WHOLE	1	1	414	67	4.879e-06	{L}
UPI000003EB6F	118	SINGLE	1	70	113	12	1.407e-06	{R}	----	5.275
UPI000003EB7D	321	SINGLE	1	81	113	13	8.065e-07	{A}	----	4.792
UPI000003EB7D	321	MULTIPLE	1	263	296	22	3.231e-08	{GLN}	mixed	3.115
UPI000003EB7F	309	SINGLE	1	278	285	6	7.276e-06	{A}	----	9.124
UPI000003EB7F	309	WHOLE	1	1	309	49	4.171e-06	{A}
UPI0000043B83	211	MULTIPLE	1	175	203	8	6.442e-06	{CH}	polar	7.517
UPI0000043B8B	940	SINGLE	1	905	913	6	9.278e-06	{G}	----	9.272
UPI0000047C57	324	SINGLE	1	36	42	6	1.982e-06	{A}	----	10.428
UPI0000047C57	324	SINGLE	2	245	258	6	5.612e-06	{Q}	----	11.614
UPI0000047C59	704	SINGLE	1	24	27	4	8.192e-06	{T}	----	18.692
UPI0000047C5C	165	WHOLE	1	1	165	33	1.049e-06	{A}
UPI0000047C5D	121	SINGLE	1	35	49	9	5.126e-07	{A}	----	7.299
UPI0000047C5D	121	WHOLE	1	1	121	28	3.257e-07	{A}
UPI0000047C65	330	WHOLE	1	1	330	58	1.622e-06	{L}
UPI0000047C69	383	SINGLE	1	17	23	6	8.976e-07	{G}	----	11.921
UPI0000047C69	383	SINGLE	2	330	351	7	9.038e-06	{Q}	----	8.623
UPI0000047C69	383	SINGLE	3	103	111	6	9.278e-06	{G}	----	9.272
UPI0000047C6B	294	SINGLE	1	133	179	8	2.279e-07	{C}	----	12.424
UPI0000047C6B	294	WHOLE	1	1	294	17	7.427e-07	{C}
UPI0000047C75	82	MULTIPLE	1	23	63	19	1.660e-08	{GF}	hydrophobic	4.119
UPI0000047C80	231	SINGLE	1	32	63	10	3.697e-06	{T}	----	5.841
UPI0000047C80	231	MULTIPLE	1	19	59	23	9.075e-10	{TL}	hydrophobic	3.796
UPI0000047C8F	523	SINGLE	1	198	205	5	3.422e-06	{Q}	----	16.938
UPI0000047C94	134	MULTIPLE	1	39	71	19	5.712e-07	{LEM}	mixed	3.107
UPI0000047CA8	456	SINGLE	1	48	80	12	5.574e-06	{A}	----	4.424
UPI0000047CAB	198	WHOLE	1	1	198	28	1.025e-06	{R}
UPI0000047CB7	371	SINGLE	1	68	85	6	9.546e-08	{W}	----	24.691
UPI0000047CBB	118	SINGLE	1	48	58	6	6.766e-06	{R}	----	10.550
UPI0000047CBC	65	SINGLE	1	3	52	14	6.006e-07	{K}	----	4.778
UPI0000047CBD	180	SINGLE	1	72	97	10	9.652e-07	{K}	----	6.563
UPI00000480B6	156	SINGLE	1	35	76	16	7.777e-08	{A}	----	4.634
UPI00000480B6	156	MULTIPLE	1	35	76	21	1.474e-09	{AQ}	mixed	4.198
UPI00000480B8	630	SINGLE	1	283	314	20	1.600e-14	{A}	----	7.603
UPI00000480B8	630	SINGLE	2	77	105	17	6.621e-12	{A}	----	7.131
UPI00000480B8	630	SINGLE	3	180	204	15	7.327e-11	{A}	----	7.299
UPI00000480B8	630	WHOLE	1	1	630	96	2.290e-09	{A}
UPI00000480D3	193	SINGLE	1	59	76	5	3.220e-06	{W}	----	20.576
UPI00000480D4	308	MULTIPLE	1	130	152	10	1.999e-06	{RM}	mixed	5.899
UPI00000480D7	84	SINGLE	1	72	74	3	2.571e-06	{C}	----	72.993
UPI00000480DE	432	SINGLE	1	304	307	4	7.144e-06	{R}	----	19.342
UPI000004F5E0	197	SINGLE	1	121	179	18	3.880e-06	{L}	----	3.235
UPI000004F5E0	197	SINGLE	2	175	195	6	4.407e-06	{M}	----	12.987
UPI000004F5E0	197	MULTIPLE	1	121	195	27	2.864e-08	{LM}	hydrophobic	3.095
UPI000004F5E0	197	WHOLE	1	1	197	39	4.288e-06	{L}
UPI00000502F4	53	MULTIPLE	1	15	31	13	3.367e-08	{AG}	tiny_hydrophobic	4.962
UPI00000502F6	57	SINGLE	1	3	39	12	1.792e-07	{R}	----	6.273
UPI00000502F6	57	WHOLE	1	1	57	13	4.465e-06	{R}
UPI00000540C0	258	SINGLE	1	244	258	8	2.004e-06	{E}	----	7.729
UPI0000059DC9	14	SINGLE	1	6	12	5	2.132e-06	{F}	----	17.593
UPI000005A1F2	109	SINGLE	1	13	30	7	1.960e-06	{Q}	----	10.539
UPI000005A1F2	109	MULTIPLE	1	11	25	10	1.114e-09	{QM}	mixed	11.319
UPI000005A4AC	71	MULTIPLE	1	45	69	12	3.691e-06	{RK}	positive	4.352
UPI000005A5A1	32	MULTIPLE	1	7	20	11	4.657e-08	{VI}	aliphatic	5.998
UPI000005A698	46	SINGLE	1	12	41	10	1.418e-06	{R}	----	6.447
UPI000005A6F0	55	MULTIPLE	1	22	38	10	2.651e-06	{KT}	polar	5.247
UPI000005A7FC	144	SINGLE	1	16	53	16	2.197e-09	{G}	----	5.856
UPI000005A7FC	144	WHOLE	1	1	144	26	8.302e-06	{G}
UPI00000AED39	412	SINGLE	1	10	59	15	5.910e-06	{A}	----	3.650
UPI00000AED39	412	SINGLE	2	394	404	7	5.938e-06	{A}	----	7.742
UPI00000AED39	412	SINGLE	3	196	202	5	8.246e-06	{T}	----	13.351
UPI00000AED39	412	MULTIPLE	1	10	87	29	1.615e-06	{AG}	tiny_hydrophobic	2.413
UPI00000AED39	412	WHOLE	1	1	412	75	4.621e-11	{A}
UPI00000AF568	477	SINGLE	1	51	81	8	3.617e-07	{H}	----	11.220
UPI00000B1382	673	SINGLE	1	25	60	11	3.775e-06	{S}	----	5.205
UPI00000B1382	673	MULTIPLE	1	23	55	14	6.463e-07	{SQ}	polar	4.438
UPI00000B24F0	66	SINGLE	1	47	57	7	5.805e-07	{D}	----	10.953
UPI00000B9ED2	432	SINGLE	1	11	44	12	2.027e-06	{G}	----	4.909
UPI00000B9ED2	432	MULTIPLE	1	6	40	18	5.258e-08	{GI}	hydrophobic	3.932
UPI00000BA718	381	MULTIPLE	1	312	330	11	3.731e-06	{PA}	small	4.534
UPI00000BA87B	468	MULTIPLE	1	422	438	10	3.763e-06	{AY}	hydrophobic	5.049
UPI00000BB8C5	670	SINGLE	1	553	579	9	6.255e-06	{T}	----	6.231
UPI00000BB8C5	670	SINGLE	2	197	212	7	8.750e-06	{T}	----	8.178
UPI00000BB8C5	670	WHOLE	1	1	670	83	1.264e-12	{T}
UPI00000BB8C5	670	WHOLE	2	1	670	60	2.068e-08	{N}
UPI00000BB8C5	670	WHOLE	3	1	670	71	7.720e-07	{S}
UPI00000BB8C5	670	WHOLE	4	1	670	89	2.661e-06	{A}
UPI00000BB991	307	SINGLE	1	257	283	12	1.946e-06	{L}	----	4.713
UPI00000BCD91	318	WHOLE	1	1	318	67	2.192e-10	{L}
UPI00000BCF80	840	MULTIPLE	1	527	542	10	1.966e-08	{SW}	polar	8.657
UPI00000BCF80	840	WHOLE	1	1	840	85	5.034e-07	{S}
UPI00000BD90F	182	MULTIPLE	1	130	153	11	3.878e-06	{TN}	small_polar	4.825
UPI00000BD90F	182	WHOLE	1	1	182	34	3.430e-06	{A}
UPI00000BEF7B	276	SINGLE	1	5	19	7	9.737e-06	{I}	----	7.923
UPI00000BEF92	330	SINGLE	1	81	112	10	2.737e-06	{R}	----	6.044
UPI00000BEF92	330	SINGLE	2	13	44	11	4.852e-06	{E}	----	4.982
UPI00000BF4A2	254	MULTIPLE	1	61	97	12	2.026e-06	{WR}	polar	4.974
UPI00000C0566	836	SINGLE	1	653	705	16	4.789e-07	{G}	----	4.199
UPI00000C0566	836	MULTIPLE	1	653	707	25	2.646e-08	{GV}	small_hydrophobic	3.157
UPI00000D026F	382	SINGLE	1	10	33	12	4.074e-07	{L}	----	5.302
UPI00000D026F	382	WHOLE	1	1	382	65	1.302e-06	{L}
UPI00000D02A3	647	SINGLE	1	229	242	5	7.944e-07	{W}	----	26.455
UPI00000D02A3	647	SINGLE	2	351	381	13	1.617e-06	{L}	----	4.447
UPI00000D02A3	647	WHOLE	1	1	647	98	1.040e-06	{L}
UPI00000D02A3	647	WHOLE	2	1	647	25	2.916e-06	{W}
UPI00000D02D8	161	SINGLE	1	6	34	12	1.149e-06	{A}	----	5.034
UPI00000D0333	219	SINGLE	1	28	78	16	2.687e-07	{G}	----	4.363
UPI00000D0333	219	MULTIPLE	1	32	78	26	2.853e-10	{GA}	tiny_hydrophobic	3.590
UPI00000D0339	426	SINGLE	1	164	192	9	9.141e-06	{R}	----	6.003
UPI00000D0339	426	MULTIPLE	1	164	192	14	3.543e-08	{RQ}	polar	5.449
UPI00000D034C	417	SINGLE	1	259	277	8	5.615e-06	{I}	----	7.149
UPI00000D0361	216	MULTIPLE	1	117	132	8	3.543e-07	{QW}	polar	9.921
UPI00000D0372	195	SINGLE	1	148	155	5	9.497e-06	{P}	----	13.736
UPI00000D0376	1486	SINGLE	1	348	394	16	4.326e-08	{E}	----	4.934
UPI00000D0376	1486	SINGLE	2	585	634	12	1.854e-07	{Q}	----	6.504
UPI00000D0376	1486	SINGLE	3	930	956	8	3.735e-06	{Q}	----	8.030
UPI00000D0376	1486	SINGLE	4	398	418	7	6.399e-06	{Q}	----	9.033
UPI00000D0376	1486	SINGLE	5	860	868	5	7.416e-06	{Q}	----	15.056
UPI00000D0376	1486	WHOLE	1	1	1486	145	2.644e-13	{R}
UPI00000D0376	1486	WHOLE	2	1	1486	113	7.022e-13	{Q}
UPI00000D0376	1486	WHOLE	3	1	1486	161	6.609e-09	{E}
UPI00000D0383	427	SINGLE	1	151	233	20	1.677e-11	{Q}	----	6.530
UPI00000D0383	427	SINGLE	2	249	268	10	1.104e-06	{A}	----	6.083
UPI00000D0383	427	SINGLE	3	64	68	4	8.928e-06	{Q}	----	21.680
UPI00000D0383	427	MULTIPLE	1	238	278	22	9.807e-10	{AR}	mixed	4.007
UPI00000D0383	427	MULTIPLE	2	109	135	13	3.297e-06	{AQ}	mixed	4.043
UPI00000D0383	427	WHOLE	1	1	427	50	8.643e-13	{Q}
UPI00000D0393	225	MULTIPLE	1	182	203	12	5.514e-06	{LF}	hydrophobic	4.043
UPI00000D03A7	586	WHOLE	1	1	586	44	5.531e-06	{Q}
UPI00000D03AB	720	MULTIPLE	1	203	241	17	9.859e-06	{RL}	mixed	2.986
UPI00000D03AB	720	WHOLE	1	1	720	114	1.779e-08	{L}
UPI00000D03B3	401	WHOLE	1	1	401	65	6.220e-06	{L}
UPI00000D03C5	455	SINGLE	1	212	225	7	5.518e-06	{I}	----	8.489
UPI00000D03DA	558	SINGLE	1	395	409	8	2.004e-06	{E}	----	7.729
UPI00000D03DA	558	WHOLE	1	1	558	93	2.955e-08	{L}
UPI00000D03DA	558	WHOLE	2	1	558	75	9.178e-06	{A}
UPI00000D040C	658	MULTIPLE	1	547	564	9	7.540e-07	{PM}	mixed	7.407
UPI00000D042C	173	MULTIPLE	1	155	170	8	2.431e-08	{WM}	hydrophobic	14.085
UPI00000D055B	406	MULTIPLE	1	100	125	9	2.722e-06	{WQ}	polar	6.868
UPI00000D055B	406	WHOLE	1	1	406	19	3.041e-06	{W}
UPI00000D05F9	147	SINGLE	1	70	118	13	1.595e-08	{Q}	----	7.190
UPI00000D05F9	147	WHOLE	1	1	147	19	1.776e-06	{Q}
UPI00000D0630	548	SINGLE	1	36	42	6	1.554e-07	{T}	----	16.021
UPI00000D0630	548	SINGLE	2	21	38	7	1.960e-06	{Q}	----	10.539
UPI00000D0630	548	MULTIPLE	1	25	42	12	3.132e-09	{TQ}	polar	7.375
UPI00000D0630	548	MULTIPLE	2	471	509	13	3.429e-07	{FM}	hydrophobic	5.325
UPI00000D0630	548	WHOLE	1	1	548	42	5.416e-06	{Q}
UPI00000D065C	340	SINGLE	1	216	232	9	2.097e-06	{A}	----	6.441
UPI00000D0681	298	MULTIPLE	1	128	139	8	6.481e-07	{MI}	hydrophobic	8.241
UPI00000D0689	33	SINGLE	1	3	22	8	8.592e-06	{S}	----	6.814
UPI00000D069E	461	SINGLE	1	168	201	12	2.027e-06	{G}	----	4.909
UPI00000D069E	461	MULTIPLE	1	168	202	19	5.638e-10	{GF}	hydrophobic	4.825
UPI00000D06E7	99	SINGLE	1	13	21	5	7.416e-06	{Q}	----	15.056
UPI00000D06E7	99	MULTIPLE	1	7	30	11	1.974e-06	{QR}	polar	5.173
UPI00000D070A	259	SINGLE	1	215	234	10	1.104e-06	{A}	----	6.083
UPI00000D0713	158	MULTIPLE	1	34	44	9	4.474e-07	{VD}	small	6.284
UPI00000D073E	376	SINGLE	1	77	107	15	6.462e-10	{G}	----	6.730
UPI00000D073E	376	MULTIPLE	1	144	200	16	1.272e-08	{QC}	polar	4.366
UPI00000D073E	376	WHOLE	1	1	376	53	1.326e-06	{G}
UPI00000D0775	276	SINGLE	1	266	276	7	2.645e-08	{Q}	----	17.246
UPI00000D0775	276	SINGLE	2	231	235	4	8.928e-06	{Q}	----	21.680
UPI00000D0789	264	SINGLE	1	103	107	5	7.457e-06	{L}	----	10.604
UPI00000D0789	264	MULTIPLE	1	67	90	16	1.380e-07	{AL}	hydrophobic	3.777
UPI00000D07FB	477	SINGLE	1	3	39	12	4.612e-09	{Q}	----	8.789
UPI00000D07FB	477	MULTIPLE	1	3	49	27	8.957e-13	{QL}	mixed	4.379
UPI00000D07FB	477	WHOLE	1	1	477	38	6.115e-06	{Q}
UPI00000D0899	245	MULTIPLE	1	136	152	9	7.116e-07	{SW}	polar	7.333
UPI00000D090F	231	SINGLE	1	6	18	7	1.548e-06	{T}	----	10.065
UPI00000D090F	231	SINGLE	2	16	34	8	5.477e-06	{S}	----	7.173
UPI00000D090F	231	MULTIPLE	1	6	37	17	6.717e-09	{TS}	small_polar	4.735
UPI00000D090F	231	WHOLE	1	1	231	36	6.815e-09	{T}
UPI00000D093A	320	SINGLE	1	137	158	8	9.939e-06	{T}	----	6.797
UPI00000D094C	273	SINGLE	1	4	30	12	2.859e-09	{R}	----	8.597
UPI00000D0AA2	319	SINGLE	1	113	225	36	5.912e-24	{Q}	----	8.634
UPI00000D0AA2	319	WHOLE	1	1	319	45	1.658e-14	{Q}
UPI00000D0AE2	438	SINGLE	1	12	16	5	7.457e-06	{L}	----	10.604
UPI00000D0AE2	438	WHOLE	1	1	438	26	4.641e-06	{M}
UPI00000D0AEB	901	SINGLE	1	512	565	12	4.506e-07	{Q}	----	6.022
UPI00000D0AEB	901	SINGLE	2	604	610	5	1.333e-06	{Q}	----	19.357
UPI00000D0AEB	901	SINGLE	3	371	418	16	3.705e-06	{L}	----	3.535
UPI00000D0AEB	901	WHOLE	1	1	901	69	1.051e-08	{Q}
UPI00000D0AEB	901	WHOLE	2	1	901	132	1.397e-07	{L}
UPI00000D0B1C	400	MULTIPLE	1	12	41	14	3.169e-06	{AF}	hydrophobic	3.800
UPI00000D0B1C	400	MULTIPLE	2	379	399	9	1.998e-06	{FM}	hydrophobic	6.846
UPI00000D0C92	498	WHOLE	1	1	498	39	6.887e-06	{Q}
UPI00000D0C97	559	SINGLE	1	168	174	6	1.554e-07	{T}	----	16.021
UPI00000D0CEB	396	SINGLE	1	86	115	12	1.758e-06	{A}	----	4.866
UPI00000D0CEB	396	WHOLE	1	1	396	37	1.885e-06	{F}
UPI00000D0D95	290	SINGLE	1	260	287	9	6.648e-06	{R}	----	6.217
UPI00000D0D95	290	WHOLE	1	1	290	38	1.133e-07	{R}
UPI00000D0D9C	205	WHOLE	1	1	205	16	2.896e-08	{C}
UPI00000D0D9D	297	SINGLE	1	31	44	6	5.612e-06	{Q}	----	11.614
UPI00000D1397	271	SINGLE	1	229	243	9	5.126e-07	{A}	----	7.299
UPI00000D1397	271	WHOLE	1	1	271	47	5.630e-07	{A}
UPI00000DA0F9	401	SINGLE	1	74	103	13	1.037e-06	{L}	----	4.595
UPI00000DA0F9	401	MULTIPLE	1	363	380	10	9.491e-08	{IW}	hydrophobic	7.673
UPI00000DE6FA	466	SINGLE	1	448	454	6	1.982e-06	{A}	----	10.428
UPI00000DE9F4	385	WHOLE	1	1	385	35	6.068e-06	{F}
UPI00000DECE5	134	SINGLE	1	27	53	10	6.120e-06	{E}	----	5.368
UPI00000DEDDD	452	MULTIPLE	1	380	405	14	5.520e-06	{GA}	tiny_hydrophobic	3.494
UPI00000DF0C5	443	SINGLE	1	2	20	8	5.477e-06	{S}	----	7.173
UPI00000DF0C5	443	MULTIPLE	1	216	234	10	3.360e-06	{SF}	mixed	5.300
UPI00000DF1F7	274	SINGLE	1	172	175	4	2.966e-06	{N}	----	24.096
UPI00000DF1F7	274	SINGLE	2	35	63	10	3.083e-06	{S}	----	5.874
UPI00000DF314	421	WHOLE	1	1	421	37	7.166e-06	{F}
UPI00000DF3BA	109	SINGLE	1	44	102	19	6.018e-11	{R}	----	6.229
UPI00000DF3BA	109	SINGLE	2	38	84	13	1.580e-06	{D}	----	4.761
UPI00000DF3BA	109	MULTIPLE	1	43	106	51	5.931e-23	{RDQE}	polar	3.694
UPI00000DF3BA	109	WHOLE	1	1	109	21	1.372e-07	{R}
UPI00000E47B6	230	SINGLE	1	179	207	9	9.141e-06	{R}	----	6.003
UPI00000E4A32	828	SINGLE	1	11	21	9	7.938e-09	{A}	----	9.954
UPI00000E4A32	828	MULTIPLE	1	255	282	13	8.066e-07	{NI}	mixed	4.624
UPI000011098F	449	SINGLE	1	162	168	6	8.976e-07	{G}	----	11.921
UPI0000110FA1	417	SINGLE	1	224	230	5	8.246e-06	{T}	----	13.351
UPI0000111441	106	SINGLE	1	22	31	6	6.358e-06	{D}	----	10.327
UPI0000111624	663	SINGLE	1	268	274	4	7.670e-06	{M}	----	25.974
UPI0000111624	663	SINGLE	2	439	460	5	9.372e-06	{W}	----	16.835
UPI0000111624	663	MULTIPLE	1	439	468	12	1.998e-08	{WF}	aromatic	7.394
UPI0000111624	663	MULTIPLE	2	607	626	10	3.448e-07	{WI}	hydrophobic	6.906
UPI0000111624	663	WHOLE	1	1	663	58	3.676e-08	{F}
UPI0000111624	663	WHOLE	2	1	663	26	1.468e-06	{W}
UPI0000111626	204	SINGLE	1	8	19	6	1.190e-07	{H}	----	21.739
UPI0000111F92	388	SINGLE	1	336	347	7	5.518e-06	{V}	----	8.091
UPI000011202A	582	SINGLE	1	98	111	5	8.446e-06	{M}	----	16.234
UPI000011214D	602	SINGLE	1	6	34	12	1.149e-06	{A}	----	5.034
UPI0000112150	119	SINGLE	1	81	93	5	6.877e-06	{H}	----	16.722
UPI0000112215	473	SINGLE	1	134	159	11	6.697e-07	{G}	----	5.884
UPI0000112215	473	SINGLE	2	179	195	9	2.097e-06	{A}	----	6.441
UPI0000112215	473	SINGLE	3	285	316	11	7.148e-06	{G}	----	4.781
UPI0000112664	309	WHOLE	1	1	309	54	7.240e-08	{A}
UPI00001127A5	588	SINGLE	1	445	452	5	6.070e-06	{N}	----	15.060
UPI00001127A5	588	SINGLE	2	131	138	6	7.276e-06	{A}	----	9.124
UPI00001127A8	115	SINGLE	1	96	115	10	3.319e-07	{V}	----	6.935
UPI0000112C08	155	MULTIPLE	1	81	99	9	2.301e-06	{KW}	polar	6.570
UPI0000112FF5	443	MULTIPLE	1	182	211	10	4.484e-06	{MQ}	mixed	5.659
UPI0000113012	427	MULTIPLE	1	314	330	11	1.482e-06	{AT}	small_hydrophobic	4.768
UPI0000113122	111	SINGLE	1	42	53	5	3.471e-07	{C}	----	30.414
UPI00001133D7	113	SINGLE	1	108	113	5	8.737e-06	{E}	----	12.077
UPI000011D868	360	MULTIPLE	1	223	254	10	8.527e-06	{MQ}	mixed	5.306
UPI000011F6D8	1342	MULTIPLE	1	1005	1026	11	3.869e-06	{EQ}	glx	4.721
UPI00001251B5	304	SINGLE	1	281	302	8	3.061e-06	{P}	----	7.992
UPI00001251B5	304	MULTIPLE	1	281	298	11	7.887e-07	{PV}	small	5.197
UPI0000125396	397	SINGLE	1	146	163	10	3.103e-07	{A}	----	6.759
UPI0000125396	397	SINGLE	2	29	36	5	3.422e-06	{Q}	----	16.938
UPI0000125396	397	MULTIPLE	1	136	163	15	9.910e-08	{AQ}	mixed	4.498
UPI0000125396	397	WHOLE	1	1	397	36	6.216e-07	{Q}
UPI0000125397	1049	SINGLE	1	104	125	8	6.493e-07	{Q}	----	9.855
UPI0000125397	1049	MULTIPLE	1	994	1029	20	5.893e-07	{VFG}	hydrophobic	3.010
UPI0000125399	385	SINGLE	1	145	161	9	2.097e-06	{A}	----	6.441
UPI00001253B0	652	SINGLE	1	395	414	5	5.670e-06	{W}	----	18.519
UPI000012597A	445	SINGLE	1	130	137	8	1.837e-11	{P}	----	21.978
UPI0000125A44	428	SINGLE	1	282	320	12	9.956e-06	{G}	----	4.279
UPI0000125A44	428	MULTIPLE	1	334	371	13	7.659e-06	{GC}	tiny_hydrophobic	3.997
UPI0000125A44	428	WHOLE	1	1	428	60	3.627e-07	{G}
UPI0000125D9E	778	SINGLE	1	732	739	5	3.422e-06	{Q}	----	16.938
UPI0000125D9E	778	MULTIPLE	1	114	153	18	2.711e-08	{EQ}	glx	4.249
UPI0000125DAB	460	WHOLE	1	1	460	79	8.197e-08	{L}
UPI00001260B0	117	MULTIPLE	1	4	40	15	2.404e-06	{CL}	hydrophobic	3.754
UPI00001260C1	222	WHOLE	1	1	222	42	6.102e-06	{L}
UPI000012610C	617	SINGLE	1	222	248	9	3.021e-07	{Q}	----	9.033
UPI000012610C	617	MULTIPLE	1	449	472	10	4.213e-07	{QM}	mixed	7.074
UPI000012610C	617	WHOLE	1	1	617	58	1.056e-10	{Q}
UPI00001262B2	440	WHOLE	1	1	440	27	1.730e-06	{M}
UPI0000126B26	266	WHOLE	1	1	266	26	5.208e-06	{Q}
UPI0000126E1F	504	SINGLE	1	51	68	5	3.220e-06	{W}	----	20.576
UPI0000126E1F	504	SINGLE	2	316	324	4	3.910e-06	{W}	----	32.922
UPI0000126E1F	504	MULTIPLE	1	234	249	9	3.782e-07	{IC}	hydrophobic	7.748
UPI0000126E1F	504	WHOLE	1	1	504	23	4.791e-07	{W}
UPI00001272D6	245	SINGLE	1	114	125	5	3.229e-07	{W}	----	30.864
UPI00001272D6	245	WHOLE	1	1	245	17	4.874e-08	{W}
UPI00001272DC	69	SINGLE	1	21	40	9	3.883e-06	{V}	----	6.241
UPI00001272DC	69	MULTIPLE	1	42	66	12	3.643e-07	{QR}	polar	5.418
UPI00001272EA	350	SINGLE	1	122	128	5	6.975e-06	{R}	----	13.816
UPI00001277BA	167	SINGLE	1	78	108	11	5.189e-06	{V}	----	4.921
UPI0000127A40	292	SINGLE	1	199	219	11	6.869e-07	{L}	----	5.555
UPI0000127B9D	486	SINGLE	1	290	293	4	4.286e-06	{P}	----	21.978
UPI0000127B9D	486	MULTIPLE	1	212	246	12	3.684e-06	{MR}	mixed	4.652
UPI0000127CDD	206	SINGLE	1	93	102	6	4.561e-07	{Q}	----	16.260
UPI0000127F09	316	SINGLE	1	77	80	4	2.717e-06	{F}	----	24.631
UPI0000127F1D	292	MULTIPLE	1	182	203	13	3.306e-07	{ED}	negative	4.649
UPI000012832E	457	SINGLE	1	159	186	12	3.084e-06	{L}	----	4.545
UPI000012833C	166	SINGLE	1	152	165	8	2.945e-07	{S}	----	9.735
UPI000012833C	166	WHOLE	1	1	166	20	2.850e-06	{Q}
UPI000012833F	232	MULTIPLE	1	33	51	13	2.407e-07	{LD}	mixed	4.490
UPI000012852A	151	SINGLE	1	27	36	8	2.768e-08	{G}	----	11.127
UPI000012852A	151	MULTIPLE	1	27	54	18	3.787e-11	{GN}	small	5.669
UPI000012852A	151	WHOLE	1	1	151	29	7.700e-07	{G}
UPI00001286D8	516	SINGLE	1	355	396	14	1.764e-13	{M}	----	15.152
UPI00001286D8	516	SINGLE	2	381	406	7	1.439e-06	{H}	----	11.706
UPI00001286D8	516	MULTIPLE	1	355	406	21	2.404e-15	{MH}	hydrophobic	8.974
UPI00001286D8	516	WHOLE	1	1	516	29	3.957e-06	{M}
UPI00001288E3	235	SINGLE	1	97	111	5	1.175e-06	{W}	----	24.691
UPI0000128B71	470	MULTIPLE	1	425	431	7	2.309e-07	{VF}	hydrophobic	8.873
UPI0000128B71	470	MULTIPLE	2	58	74	8	3.204e-06	{MF}	hydrophobic	7.517
UPI0000128CE2	457	SINGLE	1	237	241	4	8.928e-06	{Q}	----	21.680
UPI0000129038	433	SINGLE	1	16	31	8	5.060e-06	{G}	----	6.954
UPI000012903D	446	SINGLE	1	359	385	11	3.826e-06	{A}	----	4.956
UPI000012903D	446	WHOLE	1	1	446	50	6.451e-06	{I}
UPI000012903F	461	SINGLE	1	410	445	13	5.881e-07	{V}	----	5.008
UPI000012903F	461	SINGLE	2	81	85	4	1.146e-06	{M}	----	36.364
UPI000012903F	461	SINGLE	3	161	187	11	3.826e-06	{A}	----	4.956
UPI00001290F7	220	SINGLE	1	99	131	16	1.784e-13	{P}	----	10.656
UPI00001290F7	220	MULTIPLE	1	57	92	18	6.328e-08	{AP}	small	3.915
UPI00001290F7	220	WHOLE	1	1	220	31	2.054e-08	{P}
UPI00001293EB	716	SINGLE	1	712	716	5	3.694e-07	{R}	----	19.342
UPI00001293EB	716	MULTIPLE	1	194	205	6	8.413e-06	{YC}	polar	10.417
UPI0000129440	271	SINGLE	1	167	198	10	1.320e-07	{Q}	----	8.469
UPI0000129440	271	SINGLE	2	177	192	8	5.060e-06	{G}	----	6.954
UPI0000129440	271	MULTIPLE	1	176	196	15	9.634e-11	{QG}	mixed	6.565
UPI0000129521	467	MULTIPLE	1	85	110	14	2.436e-07	{QA}	mixed	4.521
UPI0000129EAE	512	SINGLE	1	503	510	7	7.375e-08	{G}	----	12.170
UPI0000129EAE	512	SINGLE	2	444	471	8	5.037e-06	{Q}	----	7.743
UPI0000129EAE	512	SINGLE	3	190	200	6	6.766e-06	{R}	----	10.550
UPI0000129EF2	490	SINGLE	1	170	193	12	1.335e-08	{E}	----	7.246
UPI000012A292	408	MULTIPLE	1	28	65	15	6.231e-07	{GM}	hydrophobic	4.204
UPI000012A292	408	WHOLE	1	1	408	33	2.054e-10	{M}
UPI000012A295	166	SINGLE	1	51	64	8	3.741e-06	{A}	----	6.952
UPI000012A298	97	SINGLE	1	50	63	9	2.234e-07	{A}	----	7.821
UPI000012A2A2	267	SINGLE	1	60	64	4	8.928e-06	{Q}	----	21.680
UPI000012A613	332	SINGLE	1	212	249	15	6.574e-07	{L}	----	4.186
UPI000012A613	332	SINGLE	2	203	211	6	9.427e-06	{V}	----	9.246
UPI000012A613	332	WHOLE	1	1	332	67	1.381e-09	{L}
UPI000012A7DE	256	SINGLE	1	101	111	7	5.938e-06	{A}	----	7.742
UPI000012A7DE	256	MULTIPLE	1	41	59	11	1.874e-06	{QA}	mixed	4.861
UPI000012A825	270	SINGLE	1	15	54	14	1.604e-06	{A}	----	4.258
UPI000012A825	270	WHOLE	1	1	270	37	1.001e-06	{K}
UPI000012A918	260	WHOLE	1	1	260	29	1.135e-07	{Q}
UPI000012A92F	365	SINGLE	1	48	77	10	1.922e-06	{T}	----	6.231
UPI000012A92F	365	MULTIPLE	1	307	327	10	7.447e-06	{SQ}	polar	4.981
UPI000012A92F	365	WHOLE	1	1	365	33	1.820e-06	{Q}
UPI000012A958	382	MULTIPLE	1	70	105	18	9.830e-07	{LI}	aliphatic	3.264
UPI000012A9DF	245	SINGLE	1	205	211	4	7.670e-06	{M}	----	25.974
UPI000012ACFE	352	SINGLE	1	324	328	5	7.457e-06	{L}	----	10.604
UPI000012AD54	438	MULTIPLE	1	51	75	11	8.728e-07	{QF}	mixed	5.677
UPI000012AD7B	148	SINGLE	1	86	90	4	1.367e-06	{H}	----	34.783
UPI000012ADF4	158	SINGLE	1	83	101	11	1.794e-07	{L}	----	6.139
UPI000012ADF4	158	SINGLE	2	123	133	7	2.432e-06	{G}	----	8.851
UPI000012ADF4	158	SINGLE	3	144	158	7	8.909e-06	{D}	----	8.032
UPI000012AFB9	466	SINGLE	1	89	102	5	7.944e-07	{W}	----	26.455
UPI000012B560	499	SINGLE	1	485	490	4	4.007e-06	{H}	----	28.986
UPI000012B566	134	SINGLE	1	119	133	8	7.358e-06	{A}	----	6.488
UPI000012B566	134	MULTIPLE	1	97	115	12	1.349e-06	{VG}	small_hydrophobic	4.386
UPI000012B56C	367	MULTIPLE	1	251	271	11	2.027e-06	{HA}	hydrophobic	4.979
UPI000012B56C	367	WHOLE	1	1	367	57	1.528e-06	{A}
UPI000012B5AD	728	WHOLE	1	1	728	26	7.218e-06	{W}
UPI000012B8A0	373	MULTIPLE	1	236	245	7	2.460e-07	{MQ}	mixed	11.885
UPI000012BC19	489	SINGLE	1	354	368	8	2.783e-06	{V}	----	7.397
UPI000012BC36	398	WHOLE	1	1	398	68	6.756e-07	{L}
UPI000012BC56	195	SINGLE	1	33	52	7	4.429e-06	{Q}	----	9.485
UPI000012BC56	195	WHOLE	1	1	195	22	2.788e-06	{Q}
UPI000012BC5E	327	SINGLE	1	72	86	7	4.437e-07	{Q}	----	12.647
UPI000012BC5E	327	MULTIPLE	1	292	318	12	2.244e-06	{QS}	polar	4.649
UPI000012BC5E	327	MULTIPLE	2	9	25	13	1.766e-07	{LA}	hydrophobic	4.333
UPI000012BC5E	327	WHOLE	1	1	327	34	5.587e-08	{Q}
UPI000012C5A4	457	SINGLE	1	62	71	4	6.810e-06	{C}	----	29.197
UPI000012C5C6	398	SINGLE	1	63	85	9	1.026e-06	{R}	----	7.569
UPI000012C689	334	SINGLE	1	6	11	5	4.003e-06	{I}	----	14.148
UPI000012C68E	419	SINGLE	1	7	78	23	5.097e-10	{G}	----	4.443
UPI000012C68E	419	SINGLE	2	383	397	8	5.940e-07	{S}	----	9.086
UPI000012CA9E	337	SINGLE	1	214	264	17	1.878e-06	{L}	----	3.535
UPI000012CA9E	337	MULTIPLE	1	214	264	24	3.485e-09	{LQ}	mixed	3.587
UPI000012CA9E	337	WHOLE	1	1	337	60	7.319e-07	{L}
UPI000012CCD8	616	SINGLE	1	526	567	14	3.078e-06	{A}	----	4.055
UPI000012CCD8	616	WHOLE	1	1	616	86	5.623e-07	{A}
UPI000012CCDD	171	SINGLE	1	14	59	11	6.180e-07	{Q}	----	6.480
UPI000012CFCD	285	SINGLE	1	119	124	5	2.102e-06	{R}	----	16.119
UPI000012CFD4	328	WHOLE	1	1	328	17	3.138e-06	{C}
UPI000012CFDF	203	SINGLE	1	104	123	8	1.323e-06	{P}	----	8.791
UPI000012CFDF	203	WHOLE	1	1	203	16	2.529e-08	{C}
UPI000012CFF0	175	SINGLE	1	12	32	5	7.876e-06	{C}	----	17.379
UPI000012CFF0	175	WHOLE	1	1	175	18	4.963e-11	{C}
UPI000012CFFE	315	WHOLE	1	1	315	63	5.752e-09	{L}
UPI000012D01F	116	SINGLE	1	38	93	9	6.735e-08	{C}	----	11.731
UPI000012D01F	116	WHOLE	1	1	116	10	4.403e-06	{C}
UPI000012D144	275	MULTIPLE	1	158	168	9	1.802e-07	{HL}	hydrophobic	6.975
UPI000012D164	297	MULTIPLE	1	66	81	11	3.944e-06	{LE}	mixed	4.210
UPI000012D2D5	890	SINGLE	1	98	154	18	2.400e-08	{E}	----	4.577
UPI000012D2D5	890	SINGLE	2	172	212	14	2.835e-07	{E}	----	4.949
UPI000012D2D5	890	MULTIPLE	1	98	154	36	1.984e-16	{EA}	mixed	4.177
UPI000012D2D5	890	MULTIPLE	2	172	212	23	1.511e-11	{ER}	charged	4.648
UPI000012D2D5	890	WHOLE	1	1	890	99	1.110e-06	{E}
UPI000012D2D5	890	WHOLE	2	1	890	109	9.008e-06	{A}
UPI000012D5BB	574	MULTIPLE	1	337	361	9	1.874e-06	{WQ}	polar	7.143
UPI000012DD92	620	MULTIPLE	1	289	314	15	7.455e-07	{LI}	aliphatic	3.766
UPI000012DD92	620	WHOLE	1	1	620	95	9.092e-07	{L}
UPI000012DF85	289	SINGLE	1	18	21	4	8.192e-06	{T}	----	18.692
UPI000012E09F	273	SINGLE	1	172	203	9	8.033e-06	{P}	----	6.181
UPI000012E09F	273	MULTIPLE	1	170	209	19	2.065e-08	{PV}	small	4.039
UPI000012E473	599	SINGLE	1	561	576	8	1.104e-06	{K}	----	8.532
UPI000012E6C7	321	SINGLE	1	68	101	6	6.043e-06	{C}	----	12.881
UPI000012E759	551	SINGLE	1	27	30	4	2.717e-06	{F}	----	24.631
UPI000012E854	16	SINGLE	1	8	14	7	3.405e-12	{H}	----	43.478
UPI000012E854	16	WHOLE	1	1	16	7	3.159e-08	{H}
UPI000012E896	234	MULTIPLE	1	48	69	10	1.593e-07	{WP}	mixed	7.704
UPI000012E897	21	SINGLE	1	6	16	8	9.390e-09	{T}	----	13.594
UPI000012E897	21	WHOLE	1	1	21	8	6.682e-06	{T}
UPI000012EB4A	514	MULTIPLE	1	434	441	7	1.846e-07	{FN}	mixed	10.658
UPI000012EB4D	296	SINGLE	1	18	22	5	7.457e-06	{L}	----	10.604
UPI000012ED2F	372	SINGLE	1	144	166	10	5.283e-06	{A}	----	5.289
UPI000012ED2F	372	MULTIPLE	1	329	355	15	6.386e-07	{GV}	small_hydrophobic	3.858
UPI000012EDA5	546	WHOLE	1	1	546	81	1.042e-07	{A}
UPI000012EE7B	847	SINGLE	1	315	320	6	1.910e-08	{R}	----	19.342
UPI000012EE7B	847	WHOLE	1	1	847	32	2.368e-07	{W}
UPI000012EEE0	308	SINGLE	1	232	263	13	2.467e-06	{L}	----	4.308
UPI000012EEE0	308	WHOLE	1	1	308	56	8.406e-07	{L}
UPI000012EEF1	556	SINGLE	1	185	217	6	4.645e-06	{W}	----	13.468
UPI000012EF98	217	SINGLE	1	164	183	9	3.796e-06	{G}	----	6.259
UPI000012EF98	217	MULTIPLE	1	164	184	13	1.812e-08	{GY}	hydrophobic	5.829
UPI000012F063	336	MULTIPLE	1	273	322	34	3.671e-11	{IVGY}	hydrophobic	2.867
UPI000012F212	243	SINGLE	1	224	234	6	9.664e-07	{Q}	----	14.782
UPI000012F212	243	WHOLE	1	1	243	24	9.650e-06	{Q}
UPI000012F5D9	323	MULTIPLE	1	89	104	10	6.244e-07	{MA}	hydrophobic	5.998
UPI000012F69C	124	SINGLE	1	82	123	13	2.579e-06	{E}	----	4.486
UPI000012F69C	124	WHOLE	1	1	124	24	2.770e-06	{E}
UPI000012F6A4	239	SINGLE	1	15	29	7	4.155e-06	{R}	----	9.026
UPI000012F8F2	440	SINGLE	1	329	364	13	3.586e-07	{E}	----	5.233
UPI000012F8F2	440	SINGLE	2	181	184	4	1.854e-06	{Q}	----	27.100
UPI000012F95E	491	SINGLE	1	294	304	7	5.938e-06	{A}	----	7.742
UPI000012F95E	491	SINGLE	2	26	34	6	9.278e-06	{G}	----	9.272
UPI000012FD47	229	SINGLE	1	36	49	8	3.741e-06	{A}	----	6.952
UPI000012FD53	263	SINGLE	1	34	60	10	6.120e-06	{E}	----	5.368
UPI000012FD70	231	WHOLE	1	1	231	16	1.465e-07	{C}
UPI000012FD85	512	SINGLE	1	217	263	7	3.281e-06	{C}	----	10.871
UPI000012FD88	463	WHOLE	1	1	463	45	5.929e-08	{F}
UPI000012FD90	598	SINGLE	1	350	384	9	3.369e-06	{Q}	----	6.969
UPI000012FD90	598	SINGLE	2	557	572	7	7.004e-06	{R}	----	8.462
UPI000012FD90	598	WHOLE	1	1	598	49	1.644e-07	{Q}
UPI0000130028	513	SINGLE	1	93	132	14	7.769e-06	{L}	----	3.712
UPI0000130028	513	WHOLE	1	1	513	83	4.812e-07	{L}
UPI000013017A	277	MULTIPLE	1	82	101	13	1.603e-06	{LG}	hydrophobic	3.911
UPI0000130181	133	SINGLE	1	76	92	7	5.247e-08	{H}	----	17.903
UPI000013021E	379	SINGLE	1	66	98	16	7.275e-15	{Q}	----	13.140
UPI000013021E	379	SINGLE	2	228	264	14	2.714e-09	{T}	----	7.072
UPI000013021E	379	MULTIPLE	1	55	98	26	1.427e-17	{QP}	mixed	7.171
UPI000013021E	379	MULTIPLE	2	228	259	19	6.588e-11	{TS}	small_polar	5.292
UPI000013038F	479	SINGLE	1	113	116	4	2.798e-07	{H}	----	43.478
UPI00001304EC	478	SINGLE	1	18	21	4	2.717e-06	{F}	----	24.631
UPI00001304F5	223	WHOLE	1	1	223	16	9.127e-08	{C}
UPI00001305B4	349	SINGLE	1	114	127	6	5.612e-06	{Q}	----	11.614
UPI00001309E7	166	MULTIPLE	1	10	30	10	5.300e-06	{HE}	charged	5.176
UPI00001309FB	325	MULTIPLE	1	252	282	11	1.344e-06	{MF}	hydrophobic	5.668
UPI0000130A02	180	SINGLE	1	60	74	5	1.263e-06	{C}	----	24.331
UPI0000130A02	180	MULTIPLE	1	91	109	8	3.091e-06	{CF}	hydrophobic	7.754
UPI0000130A1E	509	SINGLE	1	137	142	5	6.350e-07	{F}	----	20.525
UPI0000130A1E	509	SINGLE	2	469	478	7	5.912e-06	{L}	----	7.423
UPI0000130A2E	400	SINGLE	1	46	100	12	1.481e-06	{F}	----	5.374
UPI0000130A2E	400	SINGLE	2	166	188	6	7.841e-06	{M}	----	11.858
UPI0000130A2F	418	MULTIPLE	1	230	276	23	9.868e-08	{ISF}	mixed	3.093
UPI0000130A2F	418	WHOLE	1	1	418	38	2.611e-06	{F}
UPI0000130BD9	933	SINGLE	1	919	923	4	8.928e-06	{Q}	----	21.680
UPI0000130D20	171	MULTIPLE	1	9	29	12	3.084e-06	{AT}	small_hydrophobic	4.211
UPI0000130D7C	302	SINGLE	1	147	160	6	9.654e-06	{F}	----	10.556
UPI0000130EBC	72	SINGLE	1	37	71	13	3.924e-07	{G}	----	5.166
UPI000013119F	255	SINGLE	1	166	170	4	8.928e-06	{Q}	----	21.680
UPI0000131256	173	SINGLE	1	57	67	6	9.664e-07	{Q}	----	14.782
UPI000013126F	264	MULTIPLE	1	163	180	12	5.292e-06	{AL}	hydrophobic	3.777
UPI0000131425	472	SINGLE	1	455	468	9	4.051e-09	{R}	----	12.434
UPI0000131425	472	WHOLE	1	1	472	55	1.477e-08	{R}
UPI000013142B	126	MULTIPLE	1	63	99	12	2.888e-06	{PM}	mixed	4.805
UPI000013142C	309	MULTIPLE	1	145	161	10	4.005e-06	{HL}	hydrophobic	5.015
UPI00001314AB	254	SINGLE	1	235	252	8	1.314e-06	{R}	----	8.597
UPI000013186B	172	SINGLE	1	92	133	7	1.370e-06	{W}	----	12.346
UPI000013186D	254	SINGLE	1	23	66	8	1.199e-07	{W}	----	13.468
UPI000013186D	254	WHOLE	1	1	254	17	8.129e-08	{W}
UPI00001319CA	486	SINGLE	1	140	144	4	8.928e-06	{Q}	----	21.680
UPI0000131B2A	499	SINGLE	1	2	20	10	2.106e-06	{L}	----	5.581
UPI0000131C5E	356	MULTIPLE	1	307	334	15	9.910e-08	{QA}	mixed	4.498
UPI0000131C5E	356	MULTIPLE	2	264	273	8	6.533e-07	{WL}	hydrophobic	7.421
UPI0000131D63	462	SINGLE	1	228	232	5	3.753e-06	{A}	----	12.165
UPI0000132068	190	SINGLE	1	7	25	10	6.012e-07	{A}	----	6.403
UPI0000132126	417	SINGLE	1	371	398	7	1.851e-06	{M}	----	11.364
UPI0000132126	417	SINGLE	2	224	241	5	3.456e-06	{C}	----	20.276
UPI0000132126	417	SINGLE	3	4	10	4	9.134e-06	{H}	----	24.845
UPI00001321D4	581	SINGLE	1	107	141	9	3.369e-06	{Q}	----	6.969
UPI00001327AE	106	SINGLE	1	29	43	6	9.008e-06	{Q}	----	10.840
UPI00001327AE	106	SINGLE	2	73	87	6	9.008e-06	{Q}	----	10.840
UPI0000132811	451	SINGLE	1	432	449	8	1.314e-06	{R}	----	8.597
UPI00001328BE	106	SINGLE	1	95	105	7	5.938e-06	{A}	----	7.742
UPI0000132919	194	SINGLE	1	108	116	6	9.278e-06	{G}	----	9.272
UPI0000132970	266	SINGLE	1	68	105	13	4.962e-06	{A}	----	4.162
UPI0000132970	266	MULTIPLE	1	66	105	21	1.007e-08	{AI}	hydrophobic	3.721
UPI000013369F	325	SINGLE	1	14	17	4	2.966e-06	{N}	----	24.096
UPI0000133730	360	MULTIPLE	1	73	97	12	2.414e-06	{QE}	glx	4.533
UPI000013376E	365	MULTIPLE	1	273	308	15	3.391e-07	{KQ}	polar	4.363
UPI0000133909	182	SINGLE	1	45	59	6	9.008e-06	{Q}	----	10.840
UPI0000134285	193	SINGLE	1	174	190	8	9.947e-07	{T}	----	8.796
UPI0000134292	326	MULTIPLE	1	211	245	14	7.654e-08	{HR}	positive	5.355
UPI0000134385	192	SINGLE	1	147	161	5	1.263e-06	{C}	----	24.331
UPI0000134385	192	WHOLE	1	1	192	14	4.599e-07	{C}
UPI0000134428	119	SINGLE	1	57	76	8	3.400e-06	{R}	----	7.737
UPI000013471A	1407	MULTIPLE	1	270	281	8	1.905e-06	{RN}	polar	7.153
UPI0000134E23	557	SINGLE	1	321	332	7	5.518e-06	{V}	----	8.091
UPI00001351EC	216	SINGLE	1	162	216	18	5.767e-13	{Q}	----	8.869
UPI00001351EC	216	MULTIPLE	1	67	103	17	1.039e-08	{QPW}	mixed	4.791
UPI00001351EC	216	WHOLE	1	1	216	32	2.361e-11	{Q}
UPI00001351F0	159	MULTIPLE	1	19	37	10	1.859e-07	{CS}	tiny_polar	7.270
UPI000013537B	336	SINGLE	1	214	231	8	1.314e-06	{R}	----	8.597
UPI000013553A	239	SINGLE	1	7	23	10	5.406e-07	{L}	----	6.238
UPI0000135551	330	MULTIPLE	1	119	135	9	3.018e-07	{WR}	polar	8.120
UPI000013559F	406	MULTIPLE	1	52	86	15	8.026e-08	{YFW}	aromatic	4.848
UPI000013570C	429	WHOLE	1	1	429	28	3.526e-07	{M}
UPI000013570C	429	WHOLE	2	1	429	48	9.959e-06	{I}
UPI000013572A	442	SINGLE	1	279	286	6	3.332e-06	{G}	----	10.431
UPI0000135763	901	SINGLE	1	865	872	7	1.862e-07	{A}	----	10.645
UPI0000135763	901	MULTIPLE	1	835	856	12	4.200e-07	{EQ}	glx	5.151
UPI00001358B0	180	SINGLE	1	9	23	8	7.358e-06	{A}	----	6.488
UPI00001358B0	180	SINGLE	2	111	117	5	8.246e-06	{T}	----	13.351
UPI0000135980	269	MULTIPLE	1	37	62	15	1.702e-06	{EL}	mixed	3.533
UPI0000135A41	155	SINGLE	1	55	101	17	1.072e-08	{G}	----	5.031
UPI0000135A41	155	MULTIPLE	1	63	99	22	1.030e-09	{GA}	tiny_hydrophobic	3.858
UPI0000135A43	196	SINGLE	1	149	179	14	2.070e-15	{H}	----	19.635
UPI0000135A43	196	SINGLE	2	166	194	14	2.499e-09	{G}	----	6.714
UPI0000135A43	196	SINGLE	3	167	195	6	2.287e-06	{C}	----	15.102
UPI0000135A43	196	MULTIPLE	1	149	196	37	1.351e-26	{HGC}	hydrophobic	7.098
UPI0000135A43	196	WHOLE	1	1	196	20	3.015e-08	{H}
UPI0000135AC9	214	SINGLE	1	206	211	5	8.737e-06	{E}	----	12.077
UPI0000135C72	349	SINGLE	1	69	91	10	2.492e-07	{K}	----	7.419
UPI0000135C72	349	MULTIPLE	1	67	91	21	1.013e-12	{KQA}	mixed	4.727
UPI0000135ED9	453	SINGLE	1	423	446	10	3.815e-11	{M}	----	18.939
UPI0000135ED9	453	MULTIPLE	1	423	446	16	1.191e-12	{MK}	hydrophobic	8.271
UPI0000135ED9	453	WHOLE	1	1	453	28	9.965e-07	{M}
UPI0000136130	134	SINGLE	1	27	56	11	2.370e-06	{E}	----	5.314
UPI0000136130	134	MULTIPLE	1	27	56	15	6.837e-08	{EQ}	glx	4.721
UPI000013620B	169	SINGLE	1	42	79	10	7.721e-07	{Q}	----	7.132
UPI000013620B	169	SINGLE	2	10	18	6	2.866e-06	{S}	----	11.357
UPI000013620B	169	SINGLE	3	48	54	6	4.458e-06	{L}	----	9.090
UPI000013620B	169	MULTIPLE	1	47	73	18	1.754e-10	{QL}	mixed	5.081
UPI00001363DF	471	SINGLE	1	127	132	4	4.007e-06	{H}	----	28.986
UPI00001366F5	951	SINGLE	1	519	524	4	3.361e-06	{M}	----	30.303
UPI00001366F5	951	MULTIPLE	1	50	69	8	8.807e-06	{MQ}	mixed	6.791
UPI0000136B43	312	SINGLE	1	182	188	5	8.246e-06	{T}	----	13.351
UPI0000136D50	329	MULTIPLE	1	180	207	14	2.418e-06	{GI}	hydrophobic	3.823
UPI0000136DE7	251	SINGLE	1	85	105	7	6.399e-06	{Q}	----	9.033
UPI0000136EA5	536	SINGLE	1	294	307	9	7.194e-07	{L}	----	6.817
UPI0000136EA5	536	SINGLE	2	35	61	6	1.347e-06	{W}	----	16.461
UPI0000136EA5	536	SINGLE	3	512	521	7	5.912e-06	{L}	----	7.423
UPI0000136EA5	536	MULTIPLE	1	77	105	15	2.485e-06	{RL}	mixed	3.543
UPI0000136EA5	536	WHOLE	1	1	536	103	1.996e-12	{L}
UPI0000136F67	432	WHOLE	1	1	432	59	2.873e-07	{E}
UPI0000137105	421	SINGLE	1	120	294	94	1.706e-54	{A}	----	6.535
UPI0000137105	421	SINGLE	2	209	284	21	1.402e-09	{K}	----	4.715
UPI0000137105	421	SINGLE	3	68	133	14	9.508e-08	{Q}	----	5.749
UPI0000137105	421	SINGLE	4	146	196	14	7.793e-07	{K}	----	4.684
UPI0000137105	421	SINGLE	5	43	47	5	1.922e-06	{G}	----	13.908
UPI0000137105	421	MULTIPLE	1	123	294	133	1.099e-77	{AK}	hydrophobic	5.492
UPI0000137105	421	MULTIPLE	2	68	136	30	2.244e-12	{QE}	glx	4.106
UPI0000137105	421	MULTIPLE	3	311	342	16	6.552e-08	{NG}	small	4.409
UPI0000137105	421	WHOLE	1	1	421	130	5.421e-41	{A}
UPI0000137105	421	WHOLE	2	1	421	66	3.166e-13	{K}
UPI0000137111	230	MULTIPLE	1	6	42	18	1.621e-06	{IL}	aliphatic	3.175
UPI0000137114	142	SINGLE	1	21	30	7	5.912e-06	{L}	----	7.423
UPI000013717E	342	SINGLE	1	87	100	6	5.612e-06	{Q}	----	11.614
UPI00001371F1	255	WHOLE	1	1	255	45	5.876e-07	{A}
UPI00001373D1	483	SINGLE	1	110	116	5	8.246e-06	{T}	----	13.351
UPI00001373D1	483	WHOLE	1	1	483	41	5.650e-06	{F}
UPI0000137412	255	MULTIPLE	1	244	251	6	1.143e-06	{QH}	polar	12.521
UPI000013766D	270	MULTIPLE	1	110	128	9	9.672e-06	{RY}	polar	5.508
UPI000013769B	314	SINGLE	1	3	9	5	6.975e-06	{R}	----	13.816
UPI000013774C	393	MULTIPLE	1	136	154	8	8.753e-06	{MF}	hydrophobic	6.726
UPI00001377A3	198	MULTIPLE	1	118	146	12	2.508e-06	{QR}	polar	4.670
UPI00001378B3	403	WHOLE	1	1	403	69	5.270e-07	{L}
UPI0000137B1B	500	SINGLE	1	69	156	26	6.841e-08	{L}	----	3.133
UPI0000137B1B	500	SINGLE	2	255	269	9	1.629e-06	{L}	----	6.363
UPI0000137B1B	500	MULTIPLE	1	60	162	37	1.144e-11	{LW}	hydrophobic	3.332
UPI0000137B1B	500	WHOLE	1	1	500	100	3.589e-13	{L}
UPI0000137B1D	439	WHOLE	1	1	439	19	8.856e-06	{W}
UPI0000137B21	463	SINGLE	1	226	241	8	3.732e-06	{E}	----	7.246
UPI0000137C33	422	SINGLE	1	394	401	5	3.422e-06	{Q}	----	16.938
UPI0000138EE2	367	SINGLE	1	346	359	7	2.337e-06	{R}	----	9.671
UPI0000138FB8	450	SINGLE	1	26	61	13	7.254e-10	{F}	----	8.894
UPI0000138FB8	450	SINGLE	2	131	185	12	1.481e-06	{F}	----	5.374
UPI0000138FB8	450	SINGLE	3	207	224	8	3.454e-06	{I}	----	7.546
UPI0000138FB8	450	WHOLE	1	1	450	52	1.615e-11	{F}
UPI0000138FDB	159	SINGLE	1	44	52	4	4.143e-06	{C}	----	32.441
UPI0000139065	393	SINGLE	1	246	253	7	4.805e-07	{L}	----	9.279
UPI0000139065	393	MULTIPLE	1	333	364	13	2.354e-06	{MG}	hydrophobic	4.326
UPI0000139FF9	188	SINGLE	1	109	135	8	7.457e-06	{F}	----	7.298
UPI0000139FFC	443	MULTIPLE	1	232	247	9	2.824e-06	{FR}	mixed	6.094
UPI000013A00D	254	SINGLE	1	57	88	6	3.853e-06	{W}	----	13.889
UPI000013A00D	254	SINGLE	2	179	199	5	7.341e-06	{W}	----	17.637
UPI000013A044	189	SINGLE	1	84	121	13	1.172e-07	{S}	----	5.828
UPI000013A044	189	SINGLE	2	46	55	6	9.055e-07	{N}	----	14.458
UPI000013A044	189	MULTIPLE	1	31	57	15	2.431e-09	{NT}	small_polar	5.848
UPI000013A065	66	SINGLE	1	38	56	9	6.713e-06	{A}	----	5.763
UPI000013A07F	266	SINGLE	1	196	227	11	2.985e-07	{R}	----	6.649
UPI000013A0F0	115	SINGLE	1	45	73	7	3.185e-06	{H}	----	10.495
UPI000013A2AC	149	SINGLE	1	26	29	4	7.144e-06	{R}	----	19.342
UPI000013A2B8	125	SINGLE	1	4	9	5	4.003e-06	{I}	----	14.148
UPI000013A302	160	MULTIPLE	1	110	150	10	1.559e-06	{HC}	polar	6.646
UPI000013A348	427	SINGLE	1	381	414	9	6.637e-06	{N}	----	6.378
UPI000013A352	477	SINGLE	1	445	474	6	2.594e-06	{W}	----	14.815
UPI000013A352	477	MULTIPLE	1	367	381	9	2.551e-06	{FI}	hydrophobic	6.030
UPI000013A35F	377	MULTIPLE	1	226	247	12	1.150e-06	{LM}	hydrophobic	4.690
UPI000013A367	361	MULTIPLE	1	77	120	18	1.425e-07	{HA}	hydrophobic	3.889
UPI000013A368	295	WHOLE	1	1	295	53	2.228e-06	{L}
UPI000013A36C	86	SINGLE	1	42	64	10	5.283e-06	{A}	----	5.289
UPI000013A36D	760	MULTIPLE	1	298	328	16	2.949e-08	{TD}	small_polar	4.625
UPI000013A36D	760	WHOLE	1	1	760	83	6.017e-10	{T}
UPI000013A36D	760	WHOLE	2	1	760	57	8.936e-06	{N}
UPI000013A36F	308	MULTIPLE	1	192	204	9	5.567e-06	{AR}	mixed	5.170
UPI000013A370	741	SINGLE	1	25	34	8	2.706e-09	{T}	----	14.953
UPI000013A370	741	SINGLE	2	328	372	11	1.225e-06	{F}	----	6.021
UPI000013A370	741	SINGLE	3	724	739	7	3.037e-06	{P}	----	9.615
UPI000013A370	741	SINGLE	4	76	87	6	6.200e-06	{P}	----	10.989
UPI000013A380	299	SINGLE	1	170	176	6	9.125e-07	{V}	----	11.888
UPI000013A380	299	WHOLE	1	1	299	58	6.325e-08	{L}
UPI000013A38E	561	SINGLE	1	8	32	11	5.841e-06	{L}	----	4.666
UPI000013A58B	447	SINGLE	1	332	360	11	8.553e-06	{A}	----	4.614
UPI000013A5C1	148	SINGLE	1	95	120	9	9.498e-06	{I}	----	5.877
UPI000013A5E9	441	SINGLE	1	33	40	5	5.455e-06	{F}	----	15.394
UPI000013A5E9	441	MULTIPLE	1	30	62	15	4.148e-09	{FWM}	hydrophobic	5.973
UPI000013A5EA	672	SINGLE	1	609	626	7	1.960e-06	{Q}	----	10.539
UPI000013A5EA	672	WHOLE	1	1	672	48	7.966e-06	{Q}
UPI000013A605	173	MULTIPLE	1	31	50	11	9.119e-06	{VS}	small	4.205
UPI000013A607	408	SINGLE	1	399	402	4	7.144e-06	{R}	----	19.342
UPI000013A67C	179	SINGLE	1	73	114	15	9.337e-08	{G}	----	4.967
UPI000013A67C	179	MULTIPLE	1	77	117	18	6.522e-08	{GQ}	mixed	4.035
UPI000013A67F	213	SINGLE	1	26	73	16	1.714e-10	{P}	----	7.326
UPI000013A67F	213	MULTIPLE	1	23	73	23	2.064e-12	{PQ}	mixed	5.473
UPI000013A699	578	SINGLE	1	19	28	6	6.745e-06	{S}	----	10.221
UPI000013A699	578	WHOLE	1	1	578	92	2.669e-07	{L}
UPI000013A6B0	152	MULTIPLE	1	138	150	8	6.603e-07	{CK}	polar	8.512
UPI000013A6B0	152	WHOLE	1	1	152	11	7.896e-06	{C}
UPI000013A6DF	293	SINGLE	1	15	28	9	7.194e-07	{L}	----	6.817
UPI000013A6E0	280	SINGLE	1	79	89	7	2.478e-06	{V}	----	8.826
UPI000013A92D	337	MULTIPLE	1	156	184	15	6.361e-07	{LQ}	mixed	3.942
UPI000013A95C	560	SINGLE	1	23	30	6	7.276e-06	{A}	----	9.124
UPI000013A974	228	WHOLE	1	1	228	24	3.393e-06	{Q}
UPI000013A98E	344	SINGLE	1	136	163	12	3.084e-06	{L}	----	4.545
UPI000013A98E	344	SINGLE	2	5	46	12	3.120e-06	{I}	----	4.851
UPI000013A98E	344	WHOLE	1	1	344	67	5.936e-09	{L}
UPI000013A992	500	SINGLE	1	490	500	7	5.938e-06	{A}	----	7.742
UPI000013A9AE	78	SINGLE	1	23	34	6	3.227e-06	{F}	----	12.315
UPI000013A9B1	670	SINGLE	1	165	168	4	2.343e-07	{M}	----	45.455
UPI000013A9B1	670	SINGLE	2	409	456	17	7.262e-07	{L}	----	3.756
UPI000013A9B1	670	MULTIPLE	1	406	456	24	6.054e-09	{LF}	hydrophobic	3.488
UPI000013A9B1	670	WHOLE	1	1	670	103	3.030e-07	{L}
UPI000013A9B5	271	SINGLE	1	42	93	18	3.636e-10	{K}	----	5.907
UPI000013A9B5	271	SINGLE	2	37	73	11	2.104e-06	{T}	----	5.557
UPI000013A9B5	271	MULTIPLE	1	34	93	43	1.593e-20	{KTS}	polar	4.196
UPI000013A9B5	271	WHOLE	1	1	271	37	1.091e-06	{K}
UPI000013A9B7	389	MULTIPLE	1	332	354	14	7.717e-07	{AG}	tiny_hydrophobic	3.950
UPI000013A9C2	222	SINGLE	1	124	171	8	2.697e-07	{C}	----	12.165
UPI000013A9C2	222	MULTIPLE	1	187	199	8	5.875e-07	{QY}	polar	8.643
UPI000013A9C2	222	WHOLE	1	1	222	16	8.590e-08	{C}
UPI000013A9C4	208	SINGLE	1	123	193	13	1.564e-11	{C}	----	13.365
UPI000013A9C4	208	WHOLE	1	1	208	18	8.179e-10	{C}
UPI000013A9D7	370	SINGLE	1	148	151	4	8.192e-06	{T}	----	18.692
UPI000013A9D7	370	MULTIPLE	1	202	241	20	2.825e-07	{AV}	small_hydrophobic	3.240
UPI000013A9D7	370	MULTIPLE	2	268	284	8	5.288e-06	{WT}	polar	7.024
UPI000013A9DB	383	MULTIPLE	1	217	241	11	4.154e-06	{EM}	mixed	4.835
UPI000013A9E2	237	MULTIPLE	1	182	201	9	4.107e-06	{CI}	hydrophobic	6.198
UPI000013ABA5	427	SINGLE	1	93	103	8	9.421e-08	{G}	----	10.115
UPI000013ABA5	427	MULTIPLE	1	92	112	15	9.634e-11	{GQ}	mixed	6.565
UPI000013ABA9	491	SINGLE	1	262	287	12	1.193e-06	{L}	----	4.894
UPI000013ABA9	491	MULTIPLE	1	266	287	14	3.764e-09	{LC}	hydrophobic	5.892
UPI000013ABA9	491	WHOLE	1	1	491	76	6.268e-06	{L}
UPI000013ABB6	193	MULTIPLE	1	163	179	11	1.276e-08	{GW}	hydrophobic	7.577
UPI000013ABC9	457	WHOLE	1	1	457	74	1.724e-06	{L}
UPI000013ABCB	427	SINGLE	1	245	260	7	7.004e-06	{R}	----	8.462
UPI000013ABCB	427	MULTIPLE	1	216	260	16	1.019e-08	{RC}	polar	5.437
UPI000013AC14	452	SINGLE	1	158	178	9	6.305e-06	{V}	----	5.944
UPI000013AC53	561	SINGLE	1	75	104	12	4.310e-07	{G}	----	5.563
UPI000013AC63	349	MULTIPLE	1	146	171	16	1.026e-07	{VA}	small_hydrophobic	3.988
UPI000013AC73	84	SINGLE	1	3	11	4	4.143e-06	{C}	----	32.441
UPI000013AC76	364	MULTIPLE	1	173	202	13	1.889e-06	{FI}	hydrophobic	4.355
UPI000013AC7E	586	SINGLE	1	161	171	6	6.766e-06	{R}	----	10.550
UPI000013ADD9	550	MULTIPLE	1	374	409	11	1.738e-06	{WF}	aromatic	5.648
UPI000013ADD9	550	WHOLE	1	1	550	28	3.239e-09	{W}
UPI000013ADDB	128	SINGLE	1	40	59	10	3.816e-06	{L}	----	5.302
UPI000013ADDB	128	WHOLE	1	1	128	29	4.698e-06	{L}
UPI000013ADE9	610	SINGLE	1	209	284	20	1.038e-09	{R}	----	5.090
UPI000013ADE9	610	SINGLE	2	527	561	13	1.750e-06	{A}	----	4.519
UPI000013ADE9	610	WHOLE	1	1	610	36	1.061e-07	{M}
UPI000013ADEE	111	SINGLE	1	38	58	10	6.597e-06	{L}	----	5.050
UPI000013ADFD	506	MULTIPLE	1	287	309	11	8.353e-07	{VW}	hydrophobic	5.587
UPI000013AE13	183	SINGLE	1	123	156	7	9.772e-06	{H}	----	8.951
UPI000013AE13	183	MULTIPLE	1	119	156	10	7.355e-07	{HC}	polar	7.171
UPI000013AE2F	314	SINGLE	1	133	145	7	2.932e-06	{I}	----	9.142
UPI000013AE2F	314	SINGLE	2	79	90	6	3.227e-06	{F}	----	12.315
UPI000013AE30	416	SINGLE	1	242	252	7	2.432e-06	{G}	----	8.851
UPI000013AE78	487	WHOLE	1	1	487	41	7.540e-07	{Q}
UPI000013AE7D	63	SINGLE	1	26	33	5	5.455e-06	{F}	----	15.394
UPI000013AE7F	172	SINGLE	1	73	111	14	2.305e-07	{G}	----	4.993
UPI000013AE7F	172	MULTIPLE	1	69	111	25	1.482e-10	{GA}	tiny_hydrophobic	3.773
UPI000013AE95	237	SINGLE	1	138	187	13	2.076e-08	{Q}	----	7.046
UPI000013AE95	237	WHOLE	1	1	237	25	2.100e-06	{Q}
UPI000013AE9A	162	MULTIPLE	1	92	104	8	2.372e-06	{GC}	tiny_hydrophobic	7.189
UPI000013AEAF	345	MULTIPLE	1	33	52	12	5.573e-07	{GR}	mixed	4.854
UPI000013AEBA	172	SINGLE	1	7	15	7	1.958e-06	{L}	----	8.248
UPI000013AEBF	428	SINGLE	1	139	157	6	2.304e-06	{M}	----	14.354
UPI000013AEBF	428	SINGLE	2	10	15	5	4.003e-06	{I}	----	14.148
UPI000013AEBF	428	MULTIPLE	1	131	157	14	3.329e-07	{ML}	hydrophobic	4.458
UPI000013B01C	394	SINGLE	1	284	289	6	7.032e-07	{L}	----	10.604
UPI000013B01C	394	MULTIPLE	1	254	271	13	1.025e-07	{GA}	tiny_hydrophobic	4.687
UPI000013B01C	394	WHOLE	1	1	394	67	9.448e-07	{L}
UPI000013B032	349	SINGLE	1	310	313	3	9.709e-06	{W}	----	55.556
UPI000013B075	192	SINGLE	1	147	163	8	6.563e-06	{E}	----	6.820
UPI000013B082	162	WHOLE	1	1	162	16	1.028e-09	{C}
UPI000013B08E	286	SINGLE	1	162	176	7	9.737e-06	{I}	----	7.923
UPI000013B09E	188	MULTIPLE	1	87	111	15	3.725e-07	{LI}	aliphatic	3.916
UPI000013B0B2	230	SINGLE	1	92	106	7	4.155e-06	{R}	----	9.026
UPI000013B0C6	183	SINGLE	1	87	121	10	8.920e-06	{T}	----	5.340
UPI000013B0E1	414	MULTIPLE	1	218	238	15	3.781e-08	{VL}	aliphatic	4.293
UPI000013B0E1	414	WHOLE	1	1	414	66	9.022e-06	{L}
UPI000013B1DD	154	MULTIPLE	1	142	149	8	8.515e-08	{VK}	hydrophobic	7.651
UPI000013B22C	361	SINGLE	1	60	85	11	2.470e-06	{A}	----	5.147
UPI000013B22C	361	SINGLE	2	128	148	7	6.399e-06	{Q}	----	9.033
UPI000013B247	146	SINGLE	1	28	94	24	7.845e-18	{Q}	----	9.708
UPI000013B247	146	WHOLE	1	1	146	29	1.143e-13	{Q}
UPI000013B251	208	SINGLE	1	33	41	8	5.097e-08	{L}	----	9.426
UPI000013B251	208	SINGLE	2	106	118	8	4.905e-06	{L}	----	6.526
UPI000013B251	208	WHOLE	1	1	208	43	4.712e-07	{L}
UPI000013B383	378	WHOLE	1	1	378	32	9.297e-06	{Q}
UPI000013B39B	460	SINGLE	1	441	459	7	2.989e-06	{Q}	----	9.984
UPI000013B3BD	391	SINGLE	1	384	390	4	9.134e-06	{H}	----	24.845
UPI000013B3DC	67	SINGLE	1	25	41	7	4.929e-06	{P}	----	9.050
UPI000013B401	413	SINGLE	1	340	361	5	9.372e-06	{W}	----	16.835
UPI000013B401	413	MULTIPLE	1	326	361	12	5.497e-08	{WY}	polar_aromatic	6.974
UPI000013B401	413	WHOLE	1	1	413	21	2.661e-07	{W}
UPI000013B402	292	MULTIPLE	1	17	55	16	5.797e-07	{AM}	hydrophobic	3.937
UPI000013B406	298	SINGLE	1	41	49	7	7.690e-07	{A}	----	9.462
UPI000013B42A	283	SINGLE	1	133	140	5	3.422e-06	{Q}	----	16.938
UPI000013B51D	543	SINGLE	1	471	486	8	4.296e-07	{R}	----	9.671
UPI000013B51D	543	MULTIPLE	1	128	146	12	6.271e-06	{LG}	hydrophobic	3.800
UPI000013B51D	543	WHOLE	1	1	543	93	8.154e-09	{L}
UPI000013B521	80	SINGLE	1	69	79	9	1.769e-10	{T}	----	15.293
UPI000013B521	80	SINGLE	2	32	52	10	8.807e-08	{S}	----	8.112
UPI000013B521	80	SINGLE	3	10	34	11	1.553e-06	{A}	----	5.353
UPI000013B521	80	MULTIPLE	1	10	53	26	4.979e-12	{SA}	tiny	4.194
UPI000013B553	418	SINGLE	1	365	406	16	4.957e-07	{L}	----	4.040
UPI000013B553	418	WHOLE	1	1	418	71	4.979e-07	{L}
UPI000013B55A	104	MULTIPLE	1	64	102	14	6.909e-09	{WF}	aromatic	6.635
UPI000013B55B	1107	SINGLE	1	274	308	11	2.923e-08	{Q}	----	8.517
UPI000013B55B	1107	SINGLE	2	108	151	12	4.035e-08	{Q}	----	7.391
UPI000013B55B	1107	SINGLE	3	719	747	10	9.967e-07	{R}	----	6.670
UPI000013B55B	1107	MULTIPLE	1	749	768	10	3.057e-06	{HE}	charged	5.435
UPI000013B55B	1107	MULTIPLE	2	918	959	16	4.868e-06	{TI}	hydrophobic	3.389
UPI000013B55B	1107	WHOLE	1	1	1107	170	1.143e-10	{L}
UPI000013B55B	1107	WHOLE	2	1	1107	78	4.062e-08	{Q}
UPI000013B57A	183	SINGLE	1	7	22	8	1.035e-06	{D}	----	8.606
UPI000013B57D	138	SINGLE	1	122	134	8	1.239e-07	{D}	----	10.592
UPI000013B57D	138	WHOLE	1	1	138	25	5.799e-06	{E}
UPI000013B589	366	SINGLE	1	47	79	14	5.483e-07	{L}	----	4.499
UPI000013B5B1	227	MULTIPLE	1	18	82	24	5.032e-08	{FG}	hydrophobic	3.282
UPI000013B6ED	222	MULTIPLE	1	1	35	12	9.422e-06	{IM}	hydrophobic	4.238
UPI000013B6EF	109	SINGLE	1	7	14	4	2.334e-06	{C}	----	36.496
UPI000013B6EF	109	WHOLE	1	1	109	10	2.534e-06	{C}
UPI000013B82C	441	SINGLE	1	365	369	4	8.928e-06	{Q}	----	21.680
UPI000013BADB	343	SINGLE	1	49	92	13	8.119e-07	{I}	----	5.016
UPI000013BADB	343	WHOLE	1	1	343	45	3.144e-07	{I}
UPI000013BC5B	518	SINGLE	1	48	64	9	6.490e-06	{L}	----	5.614
UPI000013BC5B	518	MULTIPLE	1	127	168	17	7.656e-08	{MV}	hydrophobic	4.301
UPI000013BC64	47	SINGLE	1	7	13	6	9.125e-07	{V}	----	11.888
UPI000013BC80	192	SINGLE	1	169	176	6	3.387e-06	{V}	----	10.402
UPI000013BC80	192	MULTIPLE	1	163	179	11	1.308e-08	{VW}	hydrophobic	7.559
UPI000013BC85	132	SINGLE	1	96	125	11	3.608e-06	{V}	----	5.086
UPI000013BC85	132	MULTIPLE	1	26	55	15	7.696e-06	{LI}	aliphatic	3.264
UPI000013BDAE	565	SINGLE	1	91	132	12	3.120e-06	{I}	----	4.851
UPI000013BDAE	565	WHOLE	1	1	565	69	6.893e-09	{I}
UPI000013BDAF	244	SINGLE	1	120	123	4	1.854e-06	{Q}	----	27.100
UPI000013BDC6	108	SINGLE	1	50	107	15	1.529e-07	{R}	----	5.002
UPI000013BDC6	108	SINGLE	2	44	77	7	3.046e-07	{W}	----	15.251
UPI000013BDC6	108	MULTIPLE	1	44	107	23	4.939e-12	{RW}	polar	5.512
UPI000013BEEE	409	WHOLE	1	1	409	49	1.360e-06	{I}
UPI000013BF20	209	MULTIPLE	1	29	88	20	6.932e-06	{LH}	hydrophobic	2.842
UPI000013BF24	130	MULTIPLE	1	64	86	12	2.198e-07	{FT}	hydrophobic	5.545
UPI000013BF27	207	SINGLE	1	3	47	12	2.924e-10	{H}	----	11.594
UPI000013BF27	207	SINGLE	2	8	43	7	5.068e-07	{C}	----	14.193
UPI000013BF27	207	SINGLE	3	32	61	11	3.513e-06	{G}	----	5.100
UPI000013BF27	207	MULTIPLE	1	3	61	41	7.043e-20	{HCGR}	mixed	4.335
UPI000013BFAA	183	MULTIPLE	1	14	29	12	7.650e-07	{AL}	hydrophobic	4.249
UPI000013C43F	251	SINGLE	1	230	236	5	1.290e-07	{H}	----	31.056
UPI000013C43F	251	MULTIPLE	1	229	250	11	1.214e-07	{HR}	positive	6.693
UPI000013C43F	251	MULTIPLE	2	172	200	8	6.442e-06	{CH}	polar	7.517
UPI000013C474	141	SINGLE	1	120	139	12	1.324e-09	{G}	----	8.345
UPI000013C474	141	SINGLE	2	34	65	9	1.498e-06	{Q}	----	7.622
UPI000013C474	141	MULTIPLE	1	120	139	16	1.193e-13	{GM}	hydrophobic	8.520
UPI000013C48C	171	MULTIPLE	1	134	162	9	5.726e-07	{CH}	polar	8.456
UPI00001562A2	102	MULTIPLE	1	69	88	10	1.044e-06	{SH}	polar	6.120
UPI00001586B9	80	SINGLE	1	44	61	7	1.960e-06	{Q}	----	10.539
UPI000015C564	489	SINGLE	1	100	133	7	3.046e-07	{W}	----	15.251
UPI0000161C9F	268	SINGLE	1	184	190	6	1.982e-06	{A}	----	10.428
UPI0000163969	241	MULTIPLE	1	48	91	16	9.625e-07	{GM}	hydrophobic	3.873
UPI000016396A	285	SINGLE	1	58	73	9	3.372e-06	{L}	----	5.965
UPI000016396A	285	WHOLE	1	1	285	50	7.777e-06	{L}
UPI0000163979	152	SINGLE	1	34	74	8	6.731e-08	{W}	----	14.453
UPI0000163983	346	MULTIPLE	1	319	344	15	6.282e-07	{EA}	mixed	3.816
UPI000016399C	198	MULTIPLE	1	114	130	11	6.679e-07	{TG}	small_hydrophobic	5.160
UPI00001639A8	285	WHOLE	1	1	285	55	1.565e-07	{L}
UPI00001639B0	137	SINGLE	1	20	53	13	1.662e-07	{E}	----	5.541
UPI00001639B5	323	SINGLE	1	137	149	9	8.693e-08	{A}	----	8.422
UPI00001639B5	323	MULTIPLE	1	137	155	16	3.216e-12	{AP}	small	6.594
UPI00001639C0	193	MULTIPLE	1	94	115	12	2.051e-06	{AF}	hydrophobic	4.442
UPI00001639D8	222	SINGLE	1	192	198	5	8.246e-06	{T}	----	13.351
UPI00001639D8	222	SINGLE	2	143	164	7	9.038e-06	{Q}	----	8.623
UPI00001639F9	432	SINGLE	1	108	125	10	3.103e-07	{A}	----	6.759
UPI0000163A1D	156	MULTIPLE	1	69	111	18	1.043e-06	{RV}	mixed	3.381
UPI00001653C3	169	SINGLE	1	124	134	7	5.938e-06	{A}	----	7.742
UPI00001653CD	289	MULTIPLE	1	232	270	19	8.975e-07	{AG}	tiny_hydrophobic	3.161
UPI00001653CF	250	SINGLE	1	237	244	6	7.276e-06	{A}	----	9.124
UPI00001653D8	673	SINGLE	1	88	101	6	3.699e-06	{Y}	----	12.495
UPI00001653E0	321	SINGLE	1	45	48	4	8.192e-06	{T}	----	18.692
UPI00001654BF	513	SINGLE	1	452	462	6	8.230e-06	{T}	----	10.195
UPI00001654C6	243	SINGLE	1	160	183	10	8.312e-06	{A}	----	5.069
UPI000016550C	431	MULTIPLE	1	375	388	8	6.698e-07	{RC}	polar	8.737
UPI000016552C	804	SINGLE	1	380	394	7	4.155e-06	{R}	----	9.026
UPI000016552C	804	MULTIPLE	1	378	394	13	5.957e-09	{RA}	mixed	5.711
UPI0000165533	483	SINGLE	1	474	483	6	3.243e-06	{R}	----	11.605
UPI0000165533	483	MULTIPLE	1	139	161	11	6.629e-06	{EQ}	glx	4.516
UPI000016553F	206	SINGLE	1	27	32	4	4.007e-06	{H}	----	28.986
UPI0000165546	234	SINGLE	1	82	92	7	5.938e-06	{A}	----	7.742
UPI000016554D	178	SINGLE	1	107	151	19	6.644e-11	{G}	----	5.872
UPI000016554D	178	SINGLE	2	131	158	10	3.122e-08	{Q}	----	9.679
UPI000016554D	178	MULTIPLE	1	114	158	33	6.331e-18	{GQP}	mixed	4.753
UPI0000167D9B	466	MULTIPLE	1	3	30	14	1.253e-06	{VR}	mixed	4.039
UPI0000167FFA	566	SINGLE	1	490	517	11	5.784e-06	{A}	----	4.779
UPI0000167FFA	566	SINGLE	2	511	548	9	6.949e-06	{Q}	----	6.418
UPI0000167FFA	566	MULTIPLE	1	470	548	33	3.100e-10	{AQC}	mixed	3.145
UPI0000167FFA	566	WHOLE	1	1	566	79	1.487e-06	{A}
UPI0000168005	844	SINGLE	1	791	827	17	3.269e-15	{Q}	----	12.451
UPI0000168005	844	SINGLE	2	30	42	9	4.245e-09	{D}	----	11.916
UPI0000168005	844	SINGLE	3	381	388	5	3.422e-06	{Q}	----	16.938
UPI0000168005	844	MULTIPLE	1	28	42	13	3.095e-12	{DY}	polar	9.380
UPI0000168005	844	MULTIPLE	2	49	64	12	2.538e-08	{KG}	hydrophobic	5.747
UPI0000168005	844	WHOLE	1	1	844	63	1.004e-07	{Q}
UPI000016805B	205	WHOLE	1	1	205	16	2.896e-08	{C}
UPI000016808C	531	SINGLE	1	311	319	6	2.866e-06	{S}	----	11.357
UPI000016808C	531	SINGLE	2	191	220	8	8.797e-06	{Q}	----	7.227
UPI00001680E7	474	MULTIPLE	1	18	47	16	1.412e-06	{GA}	tiny_hydrophobic	3.461
UPI00001680EF	156	SINGLE	1	64	72	5	7.389e-07	{H}	----	24.155
UPI000016815F	469	SINGLE	1	303	367	24	1.674e-09	{L}	----	3.915
UPI000016815F	469	WHOLE	1	1	469	83	1.090e-08	{L}
UPI0000168165	156	SINGLE	1	31	45	6	9.008e-06	{Q}	----	10.840
UPI0000168165	156	MULTIPLE	1	30	45	9	1.671e-08	{QW}	polar	11.161
UPI000016EE75	133	SINGLE	1	54	57	3	9.709e-06	{W}	----	55.556
UPI000016EFA6	204	MULTIPLE	1	72	91	8	8.916e-06	{WP}	mixed	6.780
UPI000016F200	324	SINGLE	1	151	182	13	5.325e-07	{A}	----	4.942
UPI000016F387	401	SINGLE	1	250	288	13	6.831e-06	{A}	----	4.055
UPI000016F3D9	281	MULTIPLE	1	183	200	9	7.540e-07	{MP}	mixed	7.407
UPI000018F716	156	SINGLE	1	76	79	4	2.717e-06	{F}	----	24.631
UPI000018F7EB	350	SINGLE	1	267	308	11	8.906e-12	{C}	----	19.117
UPI000018F7EB	350	SINGLE	2	319	325	5	6.975e-06	{R}	----	13.816
UPI000018F9D6	518	SINGLE	1	477	508	11	4.852e-06	{E}	----	4.982
UPI000018FA97	231	MULTIPLE	1	126	161	14	9.058e-07	{RQ}	polar	4.389
UPI00001B5115	283	SINGLE	1	4	9	5	2.489e-06	{T}	----	15.576
UPI00001B512E	200	SINGLE	1	31	38	5	3.422e-06	{Q}	----	16.938
UPI00001B512E	200	MULTIPLE	1	31	51	9	1.210e-06	{QM}	mixed	7.276
UPI00001B5154	645	MULTIPLE	1	243	279	16	1.472e-06	{QA}	mixed	3.631
UPI0000212C14	149	SINGLE	1	98	110	7	2.867e-06	{S}	----	9.173
UPI00002130F2	54	SINGLE	1	23	50	10	6.886e-07	{R}	----	6.908
UPI00002130F2	54	MULTIPLE	1	23	50	14	2.011e-08	{RQ}	polar	5.643
UPI000021C369	116	SINGLE	1	25	51	8	7.983e-08	{M}	----	13.468
UPI000021C369	116	WHOLE	1	1	116	14	2.605e-07	{M}
UPI000021C36C	461	SINGLE	1	308	330	9	2.899e-06	{S}	----	6.666
UPI000021C36C	461	WHOLE	1	1	461	38	2.891e-06	{Q}
UPI000021C371	815	SINGLE	1	81	90	8	3.364e-12	{H}	----	34.783
UPI000021C372	65	SINGLE	1	43	57	7	1.819e-08	{H}	----	20.290
UPI000021C372	65	MULTIPLE	1	43	58	12	6.517e-10	{HG}	hydrophobic	7.903
UPI00002263DC	284	SINGLE	1	177	228	13	3.446e-08	{Q}	----	6.775
UPI00002263DC	284	WHOLE	1	1	284	35	4.818e-10	{Q}
UPI0000226430	527	SINGLE	1	51	62	8	2.083e-06	{L}	----	7.070
UPI0000226430	527	SINGLE	2	76	99	8	2.798e-06	{F}	----	8.210
UPI0000226442	149	SINGLE	1	17	29	8	4.905e-06	{L}	----	6.526
UPI0000226442	149	MULTIPLE	1	88	111	13	1.890e-07	{WL}	hydrophobic	5.025
UPI0000226442	149	WHOLE	1	1	149	32	5.169e-06	{L}
UPI000022644F	232	SINGLE	1	10	33	9	1.556e-06	{R}	----	7.253
UPI000022644F	232	MULTIPLE	1	10	43	13	8.978e-08	{RC}	polar	5.846
UPI0000226465	188	MULTIPLE	1	154	175	8	4.390e-06	{YW}	polar_aromatic	7.607
UPI0000226475	204	SINGLE	1	89	120	11	7.148e-06	{G}	----	4.781
UPI00003B25F3	663	WHOLE	1	1	663	89	1.780e-06	{A}
UPI00003B25F6	739	SINGLE	1	245	286	11	1.749e-06	{P}	----	5.756
UPI000044088F	241	SINGLE	1	24	29	4	3.361e-06	{M}	----	30.303
UPI0000495F8F	323	SINGLE	1	268	277	6	6.745e-06	{S}	----	10.221
UPI00005051E9	258	MULTIPLE	1	139	161	13	7.276e-08	{TR}	polar	5.373
UPI00005051EF	186	MULTIPLE	1	35	60	16	2.779e-08	{AK}	hydrophobic	4.371
UPI00005051F0	70	WHOLE	1	1	70	15	1.962e-06	{R}
UPI00005051F5	285	SINGLE	1	199	279	22	8.073e-11	{R}	----	5.253
UPI00005051F5	285	SINGLE	2	55	70	8	4.296e-07	{R}	----	9.671
UPI00005051F5	285	WHOLE	1	1	285	40	8.430e-09	{R}
UPI000050B510	357	MULTIPLE	1	84	112	11	3.974e-06	{YN}	polar	5.004
UPI00005AA3DD	452	SINGLE	1	284	291	6	7.276e-06	{A}	----	9.124
UPI00005AA3DD	452	MULTIPLE	1	212	252	11	8.064e-06	{NW}	polar	4.878
UPI00005AA3DD	452	WHOLE	1	1	452	64	7.741e-06	{A}
UPI00005AA3DF	355	WHOLE	1	1	355	55	2.419e-06	{A}
UPI00005AA3E2	129	SINGLE	1	83	104	5	9.372e-06	{W}	----	16.835
UPI00005AA45D	257	MULTIPLE	1	127	175	16	4.184e-06	{YS}	polar	3.511
UPI00005AA51B	75	MULTIPLE	1	48	75	13	7.283e-07	{IF}	hydrophobic	4.666
UPI00005AA51D	263	SINGLE	1	54	97	14	3.229e-10	{Q}	----	8.623
UPI00005AA51D	263	SINGLE	2	106	151	15	1.894e-06	{A}	----	3.967
UPI00005AA51D	263	MULTIPLE	1	100	151	24	2.275e-08	{AS}	tiny	3.276
UPI00005AA51D	263	WHOLE	1	1	263	28	4.645e-07	{Q}
UPI00005AA54C	372	WHOLE	1	1	372	75	1.691e-10	{L}
UPI00005AA560	94	SINGLE	1	25	59	14	4.944e-08	{V}	----	5.548
UPI00005AA572	572	MULTIPLE	1	427	470	15	5.257e-06	{VM}	hydrophobic	3.623
UPI00005AA5E2	401	SINGLE	1	148	151	4	8.192e-06	{T}	----	18.692
UPI00005AA5E2	401	WHOLE	1	1	401	47	1.771e-10	{N}
UPI00005AA5E2	401	WHOLE	2	1	401	44	3.738e-06	{T}
UPI00005AA5EC	340	SINGLE	1	156	166	4	9.966e-06	{W}	----	26.936
UPI00005AA645	219	SINGLE	1	15	22	7	1.808e-08	{S}	----	14.906
UPI00005AA77D	245	SINGLE	1	81	89	7	7.690e-07	{A}	----	9.462
UPI00005AA786	196	SINGLE	1	7	11	4	8.928e-06	{Q}	----	21.680
UPI00005AA79B	247	WHOLE	1	1	247	45	7.973e-06	{L}
UPI00005AA7B0	366	SINGLE	1	203	209	6	2.536e-07	{D}	----	14.753
UPI00005AA7B0	366	WHOLE	1	1	366	60	9.381e-06	{L}
UPI00005AA7E0	247	WHOLE	1	1	247	46	3.645e-06	{L}
UPI00005AA819	467	MULTIPLE	1	169	191	16	5.585e-08	{LA}	hydrophobic	3.941
UPI00005AA922	456	SINGLE	1	298	366	20	4.013e-13	{Q}	----	7.855
UPI00005AA922	456	MULTIPLE	1	292	370	34	6.358e-16	{QR}	polar	4.858
UPI00005AA922	456	WHOLE	1	1	456	47	2.911e-10	{Q}
UPI00005AA937	364	SINGLE	1	199	203	4	1.146e-06	{M}	----	36.364
UPI00005AA9A2	390	SINGLE	1	23	30	7	4.805e-07	{L}	----	9.279
UPI00005AA9BF	853	SINGLE	1	193	199	5	6.975e-06	{R}	----	13.816
UPI00005AA9C7	345	SINGLE	1	63	67	4	8.928e-06	{Q}	----	21.680
UPI00005AA9F1	107	SINGLE	1	46	78	9	1.984e-06	{Q}	----	7.391
UPI00005AA9F1	107	MULTIPLE	1	16	27	9	9.462e-08	{MV}	hydrophobic	7.970
UPI00005AAA00	163	SINGLE	1	90	113	8	8.061e-07	{Y}	----	9.718
UPI00005AAA25	192	SINGLE	1	102	118	8	9.053e-06	{V}	----	6.527
UPI00005AAA40	499	SINGLE	1	198	205	6	1.005e-06	{K}	----	12.799
UPI00005AAA40	499	SINGLE	2	14	20	6	4.458e-06	{L}	----	9.090
UPI00005AAA79	348	SINGLE	1	322	347	8	2.729e-06	{Q}	----	8.339
UPI00005AAA9C	414	SINGLE	1	3	9	5	8.246e-06	{T}	----	13.351
UPI00005AAA9C	414	MULTIPLE	1	15	28	10	8.375e-07	{GI}	hydrophobic	5.461
UPI00005AAABE	367	SINGLE	1	298	364	18	6.679e-10	{P}	----	5.905
UPI00005AAABE	367	MULTIPLE	1	302	364	31	2.266e-12	{PA}	small	3.853
UPI00005AAAD8	601	SINGLE	1	294	304	7	2.478e-06	{V}	----	8.826
UPI00005AAAD8	601	MULTIPLE	1	571	593	17	8.235e-10	{RQE}	polar	4.690
UPI00005AAAD8	601	WHOLE	1	1	601	97	7.159e-08	{L}
UPI00005AAB42	732	SINGLE	1	29	35	4	1.183e-06	{C}	----	41.710
UPI00005AAB42	732	WHOLE	1	1	732	120	2.599e-13	{A}
UPI00005AAB74	637	SINGLE	1	65	91	10	8.761e-06	{G}	----	5.151
UPI00005AAB74	637	MULTIPLE	1	65	108	18	2.554e-08	{GM}	hydrophobic	4.357
UPI00005AAB85	187	SINGLE	1	162	181	5	6.084e-06	{C}	----	18.248
UPI00005AAB87	402	MULTIPLE	1	299	318	11	4.946e-06	{FA}	hydrophobic	4.479
UPI00005AABC7	317	SINGLE	1	20	24	5	3.753e-06	{A}	----	12.165
UPI00005AABC7	317	SINGLE	2	61	88	8	5.037e-06	{Q}	----	7.743
UPI00005AABDA	469	SINGLE	1	123	127	4	8.928e-06	{Q}	----	21.680
UPI00005AABE5	1015	MULTIPLE	1	424	440	9	6.269e-06	{MG}	hydrophobic	5.638
UPI00005AAC3D	343	SINGLE	1	157	200	16	1.640e-07	{A}	----	4.424
UPI00005AAC3D	343	WHOLE	1	1	343	52	7.794e-06	{A}
UPI00005ADA09	393	SINGLE	1	140	162	8	1.944e-06	{F}	----	8.567
UPI00005ADA09	393	MULTIPLE	1	140	164	12	1.254e-06	{FI}	hydrophobic	4.824
UPI00005ADA09	393	WHOLE	1	1	393	38	1.039e-06	{N}
UPI00005ADA10	221	SINGLE	1	180	183	4	2.343e-07	{M}	----	45.455
UPI00005E324F	90	MULTIPLE	1	40	52	7	1.067e-06	{CQ}	polar	10.642
UPI00005E326D	111	SINGLE	1	15	69	20	4.977e-09	{A}	----	4.424
UPI00005E326D	111	SINGLE	2	50	96	14	2.622e-07	{K}	----	5.083
UPI00005E326D	111	SINGLE	3	33	52	9	3.294e-07	{T}	----	8.411
UPI00005E326D	111	MULTIPLE	1	27	97	54	2.556e-22	{AKTH}	hydrophobic	3.165
UPI00005E326D	111	WHOLE	1	1	111	31	7.200e-10	{A}
UPI00005E326D	111	WHOLE	2	1	111	20	5.018e-06	{K}
UPI00005E33A6	313	SINGLE	1	100	117	7	7.698e-06	{P}	----	8.547
UPI00005E34F6	210	SINGLE	1	30	40	8	5.067e-10	{Q}	----	19.709
UPI00005E3A8E	890	MULTIPLE	1	776	792	9	2.140e-06	{QP}	mixed	6.425
UPI00005E3A8E	890	WHOLE	1	1	890	78	2.635e-06	{R}
UPI00005E3A8E	890	WHOLE	2	1	890	122	8.084e-06	{L}
UPI00005E3AEE	593	SINGLE	1	245	270	12	1.193e-06	{L}	----	4.894
UPI00005E3AEE	593	SINGLE	2	551	575	8	1.962e-06	{Q}	----	8.672
UPI00005E3B4F	302	SINGLE	1	7	29	11	5.592e-07	{A}	----	5.818
UPI00005E3B70	240	SINGLE	1	112	120	5	7.416e-06	{Q}	----	15.056
UPI00005E3BDD	281	SINGLE	1	72	80	7	7.690e-07	{A}	----	9.462
UPI00005E3C9B	142	SINGLE	1	93	113	6	5.666e-06	{H}	----	12.422
UPI00005E3CE7	682	MULTIPLE	1	326	343	10	2.986e-06	{TR}	polar	5.281
UPI00005E3EEF	285	SINGLE	1	6	30	11	1.553e-06	{A}	----	5.353
UPI00005E3F3D	312	SINGLE	1	29	34	6	3.085e-07	{A}	----	12.165
UPI00005E3F56	274	SINGLE	1	227	263	13	4.174e-09	{P}	----	7.722
UPI00005E3F56	274	MULTIPLE	1	5	20	12	7.650e-07	{AL}	hydrophobic	4.249
UPI00005E403F	361	SINGLE	1	26	34	6	1.670e-06	{T}	----	12.461
UPI00005E41AB	423	SINGLE	1	258	265	5	5.455e-06	{F}	----	15.394
UPI00005E41AB	423	SINGLE	2	405	421	9	6.490e-06	{L}	----	5.614
UPI00005E41AB	423	WHOLE	1	1	423	54	6.046e-08	{I}
UPI00005E41AB	423	WHOLE	2	1	423	37	7.923e-06	{F}
UPI00005E41BD	99	SINGLE	1	1	13	5	5.551e-06	{M}	----	17.483
UPI00005E4200	32	SINGLE	1	19	28	9	4.886e-10	{V}	----	12.483
UPI00005E4201	562	SINGLE	1	186	211	11	2.470e-06	{A}	----	5.147
UPI00005E42C5	127	SINGLE	1	19	50	11	1.012e-08	{Q}	----	9.316
UPI00005E42C5	127	SINGLE	2	5	11	6	4.458e-06	{L}	----	9.090
UPI00005E434A	76	SINGLE	1	54	62	6	9.427e-06	{V}	----	9.246
UPI00005E4388	287	SINGLE	1	31	57	7	6.105e-08	{C}	----	18.924
UPI00005E4388	287	WHOLE	1	1	287	17	5.367e-07	{C}
UPI00005EE913	130	SINGLE	1	31	34	4	4.286e-06	{P}	----	21.978
UPI00005EE953	353	MULTIPLE	1	6	27	14	3.263e-07	{SL}	mixed	4.159
UPI00005EE958	474	SINGLE	1	34	53	10	1.104e-06	{A}	----	6.083
UPI00005EE959	313	SINGLE	1	27	52	11	9.170e-06	{L}	----	4.486
UPI00005EE959	313	MULTIPLE	1	93	134	16	1.840e-06	{AM}	hydrophobic	3.656
UPI00005EE970	201	SINGLE	1	33	62	13	1.037e-06	{L}	----	4.595
UPI00005EE970	201	WHOLE	1	1	201	43	1.814e-07	{L}
UPI00005EE98A	436	SINGLE	1	239	267	12	1.149e-06	{A}	----	5.034
UPI00005EE98A	436	WHOLE	1	1	436	65	1.301e-06	{A}
UPI00005EE9C6	236	SINGLE	1	172	226	12	5.551e-07	{Q}	----	5.913
UPI00005EE9C6	236	WHOLE	1	1	236	29	1.421e-08	{Q}
UPI00005EE9D4	686	SINGLE	1	636	665	12	1.758e-06	{A}	----	4.866
UPI00005EE9D4	686	SINGLE	2	137	153	7	2.699e-06	{N}	----	9.922
UPI00005EE9DF	680	SINGLE	1	194	204	7	5.938e-06	{A}	----	7.742
UPI00005EE9DF	680	MULTIPLE	1	604	624	11	5.484e-06	{YA}	hydrophobic	4.496
UPI00005EE9E9	254	SINGLE	1	141	153	5	5.551e-06	{M}	----	17.483
UPI00005EE9F3	547	SINGLE	1	48	75	13	3.952e-07	{L}	----	4.923
UPI00005EE9F3	547	WHOLE	1	1	547	92	2.275e-08	{L}
UPI00005EEA67	187	SINGLE	1	86	97	7	7.548e-07	{T}	----	10.903
UPI00005EEA67	187	WHOLE	1	1	187	26	5.797e-06	{T}
UPI00005EEA90	813	SINGLE	1	736	810	25	4.046e-13	{K}	----	5.688
UPI00005EEA90	813	SINGLE	2	779	812	12	7.906e-06	{A}	----	4.294
UPI00005EEA90	813	MULTIPLE	1	736	812	41	6.124e-16	{KA}	hydrophobic	3.782
UPI00005EEA90	813	WHOLE	1	1	813	74	1.259e-06	{R}
UPI00005EEA9E	565	MULTIPLE	1	29	45	9	1.286e-06	{QF}	mixed	6.831
UPI00005EEA9E	565	WHOLE	1	1	565	43	5.051e-06	{Q}
UPI00005EEAAF	500	SINGLE	1	98	132	11	2.877e-06	{I}	----	5.336
UPI00005EEAC0	349	SINGLE	1	88	107	5	6.084e-06	{C}	----	18.248
UPI00005EEAC0	349	MULTIPLE	1	55	99	15	2.351e-06	{CV}	small_hydrophobic	3.885
UPI00005EEADD	195	SINGLE	1	149	175	10	6.364e-07	{T}	----	6.923
UPI00005EEADD	195	WHOLE	1	1	195	31	4.411e-08	{T}
UPI00005EEAFC	195	SINGLE	1	31	59	6	2.287e-06	{C}	----	15.102
UPI00005EEAFC	195	WHOLE	1	1	195	13	3.059e-06	{C}
UPI00005EEB08	205	WHOLE	1	1	205	36	7.469e-06	{A}
UPI00005EEB2B	418	WHOLE	1	1	418	65	2.672e-09	{G}
UPI00005EEB2C	457	SINGLE	1	435	440	4	3.361e-06	{M}	----	30.303
UPI00005EEB3D	740	SINGLE	1	523	732	63	4.476e-20	{A}	----	3.650
UPI00005EEB3D	740	SINGLE	2	441	507	22	7.660e-09	{A}	----	3.995
UPI00005EEB3D	740	SINGLE	3	143	162	9	3.796e-06	{G}	----	6.259
UPI00005EEB3D	740	MULTIPLE	1	523	734	90	4.186e-29	{AQ}	mixed	3.564
UPI00005EEB3D	740	MULTIPLE	2	444	499	28	4.846e-11	{AR}	mixed	3.734
UPI00005EEB3D	740	WHOLE	1	1	740	127	1.897e-15	{A}
UPI00005EEB3D	740	WHOLE	2	1	740	56	3.038e-07	{Q}
UPI00005EEB4A	433	WHOLE	1	1	433	69	6.026e-06	{L}
UPI00005EEB51	417	MULTIPLE	1	315	341	14	2.015e-06	{LF}	hydrophobic	3.844
UPI00005EEB81	616	MULTIPLE	1	514	556	23	3.488e-07	{GIS}	mixed	2.823
UPI00005EEC28	284	SINGLE	1	269	273	5	1.948e-06	{V}	----	13.870
UPI00005EEC28	284	SINGLE	2	56	80	11	5.841e-06	{L}	----	4.666
UPI00005EEC2B	461	SINGLE	1	186	215	8	8.797e-06	{Q}	----	7.227
UPI00005EEC2C	400	WHOLE	1	1	400	70	1.985e-07	{L}
UPI00005EEC65	180	SINGLE	1	59	102	13	7.050e-06	{G}	----	4.109
UPI00005EEC65	180	WHOLE	1	1	180	31	3.446e-06	{G}
UPI00005EECA9	337	SINGLE	1	149	181	7	5.976e-06	{M}	----	9.642
UPI00005EECA9	337	SINGLE	2	286	317	9	8.033e-06	{P}	----	6.181
UPI00005EECA9	337	MULTIPLE	1	286	317	12	1.235e-07	{PC}	small	6.334
UPI00005EECF1	420	MULTIPLE	1	314	336	13	3.123e-07	{QA}	mixed	4.746
UPI00005EECF2	302	SINGLE	1	190	202	8	1.747e-06	{A}	----	7.486
UPI00005EECF2	302	WHOLE	1	1	302	53	8.209e-08	{A}
UPI00005EED07	436	SINGLE	1	79	113	14	2.463e-07	{A}	----	4.866
UPI00005EED07	436	SINGLE	2	34	42	7	7.690e-07	{A}	----	9.462
UPI00005EED07	436	SINGLE	3	321	337	9	2.097e-06	{A}	----	6.441
UPI00005EED07	436	WHOLE	1	1	436	70	3.530e-08	{A}
UPI00005EEDB9	493	MULTIPLE	1	209	235	12	7.736e-06	{WL}	hydrophobic	4.123
UPI00005EEDF1	276	SINGLE	1	157	159	3	2.460e-06	{W}	----	74.074
UPI00005EEDF9	362	SINGLE	1	294	355	15	5.090e-09	{Q}	----	6.557
UPI00005EEDF9	362	SINGLE	2	243	280	10	4.880e-06	{P}	----	5.784
UPI00005EEDF9	362	MULTIPLE	1	243	280	18	3.483e-09	{PT}	small	4.785
UPI00005EEDF9	362	WHOLE	1	1	362	32	3.998e-06	{Q}
UPI00005EEDFC	552	SINGLE	1	373	381	5	7.416e-06	{Q}	----	15.056
UPI00005EEE0C	330	WHOLE	1	1	330	58	1.622e-06	{L}
UPI00005EEE31	290	MULTIPLE	1	26	49	12	1.694e-06	{WL}	hydrophobic	4.638
UPI00005EEE33	306	SINGLE	1	237	247	7	5.938e-06	{A}	----	7.742
UPI00005EEE33	306	MULTIPLE	1	227	248	15	2.567e-09	{AP}	small	5.339
UPI00005EEE33	306	MULTIPLE	2	47	70	13	2.370e-08	{QT}	polar	5.992
UPI00005EEE43	309	SINGLE	1	170	176	4	9.134e-06	{H}	----	24.845
UPI00005EEE52	320	SINGLE	1	82	89	5	3.422e-06	{Q}	----	16.938
UPI00005EEE55	643	SINGLE	1	361	406	15	8.959e-10	{P}	----	7.167
UPI00005EEE55	643	SINGLE	2	388	423	10	4.476e-07	{Q}	----	7.528
UPI00005EEE55	643	MULTIPLE	1	361	423	26	9.664e-13	{PQ}	mixed	5.008
UPI00005EEE55	643	WHOLE	1	1	643	87	1.675e-06	{A}
UPI00005EEE56	175	SINGLE	1	107	135	10	9.967e-07	{R}	----	6.670
UPI00005EEE56	175	WHOLE	1	1	175	25	3.038e-06	{R}
UPI00005EEE66	295	SINGLE	1	16	20	4	6.683e-06	{Y}	----	23.324
UPI00005EEE8E	287	SINGLE	1	244	248	4	8.928e-06	{Q}	----	21.680
UPI00005EEE8E	287	WHOLE	1	1	287	28	2.472e-06	{Q}
UPI00005EEE92	1037	SINGLE	1	105	125	8	4.290e-07	{Q}	----	10.324
UPI00005EEE92	1037	SINGLE	2	991	1007	8	8.871e-06	{G}	----	6.545
UPI00005EEEF2	772	SINGLE	1	587	593	5	1.035e-07	{M}	----	32.468
UPI00005EEEF2	772	MULTIPLE	1	303	325	9	1.489e-06	{FW}	aromatic	7.233
UPI00005EEF0B	423	SINGLE	1	28	35	5	3.422e-06	{Q}	----	16.938
UPI00005EEF10	773	MULTIPLE	1	434	456	13	4.457e-07	{AF}	hydrophobic	4.603
UPI00005EEF4C	274	SINGLE	1	121	146	16	2.581e-20	{H}	----	26.756
UPI00005EEF4C	274	WHOLE	1	1	274	22	4.122e-07	{H}
UPI00005EEF6E	678	SINGLE	1	498	529	11	4.179e-07	{T}	----	6.425
UPI00005EEF6E	678	SINGLE	2	292	304	8	1.747e-06	{A}	----	7.486
UPI00005EEF6E	678	SINGLE	3	52	56	4	8.928e-06	{Q}	----	21.680
UPI00005EEF6E	678	MULTIPLE	1	331	356	15	6.732e-08	{AP}	small	4.518
UPI00005EEF6E	678	WHOLE	1	1	678	66	1.366e-12	{Q}
UPI00005EEF6E	678	WHOLE	2	1	678	88	7.000e-06	{A}
UPI00005EEF91	419	MULTIPLE	1	309	335	15	1.531e-06	{AG}	tiny_hydrophobic	3.605
UPI00005EEF91	419	WHOLE	1	1	419	27	7.068e-07	{M}
UPI00005EEFE8	457	MULTIPLE	1	132	154	11	3.465e-06	{PT}	small	4.831
UPI00005EEFEE	401	MULTIPLE	1	104	121	10	4.692e-06	{IR}	mixed	5.023
UPI00005EEFEE	401	WHOLE	1	1	401	18	9.274e-06	{W}
UPI00005EF02F	276	SINGLE	1	77	102	7	1.075e-06	{M}	----	12.238
UPI00005EF031	434	SINGLE	1	160	173	8	1.400e-06	{V}	----	7.926
UPI00005EF057	686	MULTIPLE	1	267	301	12	4.224e-06	{RH}	positive	4.590
UPI00005EF057	686	WHOLE	1	1	686	47	4.647e-06	{Y}
UPI00005EF059	290	WHOLE	1	1	290	15	9.800e-06	{W}
UPI00005EF064	356	SINGLE	1	258	273	7	7.597e-07	{Q}	----	11.856
UPI00005EF064	356	MULTIPLE	1	122	140	11	4.513e-06	{VD}	small	4.447
UPI00005EF069	84	SINGLE	1	3	20	8	3.454e-06	{I}	----	7.546
UPI00005EF069	84	SINGLE	2	23	58	12	3.986e-06	{G}	----	4.636
UPI00005EF076	260	SINGLE	1	75	83	5	7.416e-06	{Q}	----	15.056
UPI00005EF08A	748	WHOLE	1	1	748	67	5.886e-06	{R}
UPI00005EF08D	135	SINGLE	1	10	24	9	1.629e-06	{L}	----	6.363
UPI00005EF08D	135	MULTIPLE	1	21	53	14	6.463e-07	{SQ}	polar	4.438
UPI00005EF0A6	343	SINGLE	1	80	110	13	1.617e-06	{L}	----	4.447
UPI00005EF0A6	343	WHOLE	1	1	343	70	3.772e-10	{L}
UPI00005EF0EC	683	SINGLE	1	590	627	13	4.962e-06	{A}	----	4.162
UPI00005EF0EC	683	SINGLE	2	327	338	6	6.200e-06	{P}	----	10.989
UPI00005EF10A	453	SINGLE	1	56	76	8	6.682e-06	{T}	----	7.121
UPI00005EF12F	400	SINGLE	1	14	20	6	1.982e-06	{A}	----	10.428
UPI00005EF12F	400	SINGLE	2	310	317	5	9.497e-06	{P}	----	13.736
UPI00005EF12F	400	MULTIPLE	1	307	317	10	2.698e-08	{PL}	mixed	6.503
UPI00005EF1C3	97	SINGLE	1	74	77	4	4.286e-06	{P}	----	21.978
UPI00005EF21C	318	SINGLE	1	23	60	12	7.635e-06	{V}	----	4.380
UPI00005EF2A9	497	SINGLE	1	19	193	54	2.090e-21	{E}	----	4.472
UPI00005EF2A9	497	SINGLE	2	140	168	11	8.553e-06	{A}	----	4.614
UPI00005EF2A9	497	MULTIPLE	1	19	188	136	2.754e-40	{EAPQV}	mixed	2.617
UPI00005EF2A9	497	WHOLE	1	1	497	79	3.193e-12	{E}
UPI00005EF34F	349	WHOLE	1	1	349	63	2.527e-07	{L}
UPI00005EF34F	349	WHOLE	2	1	349	23	2.998e-06	{M}
UPI00005EF85F	629	SINGLE	1	571	624	19	1.031e-11	{R}	----	6.806
UPI00005EF85F	629	SINGLE	2	447	481	15	5.661e-11	{R}	----	8.290
UPI00005EF85F	629	SINGLE	3	568	601	15	3.190e-09	{G}	----	6.136
UPI00005EF85F	629	SINGLE	4	332	362	10	1.985e-06	{R}	----	6.239
UPI00005EF85F	629	MULTIPLE	1	568	627	39	1.940e-21	{RG}	mixed	5.259
UPI00005EF85F	629	MULTIPLE	2	441	482	31	5.643e-17	{RDP}	mixed	4.753
UPI00005EF85F	629	WHOLE	1	1	629	78	1.061e-12	{R}
UPI00005EFA32	261	MULTIPLE	1	128	140	9	4.633e-06	{VI}	aliphatic	5.285
UPI00005EFA32	261	WHOLE	1	1	261	47	7.078e-06	{L}
UPI00005EFABD	466	SINGLE	1	379	388	6	6.878e-06	{I}	----	10.187
UPI00005EFCC0	80	SINGLE	1	55	63	6	9.427e-06	{V}	----	9.246
UPI00005EFDD2	265	MULTIPLE	1	220	248	11	4.906e-06	{QF}	mixed	4.894
UPI00005EFDEA	157	SINGLE	1	12	32	5	7.876e-06	{C}	----	17.379
UPI00005EFDEA	157	WHOLE	1	1	157	18	8.094e-12	{C}
UPI00005EFDFA	440	SINGLE	1	134	145	7	5.418e-06	{G}	----	8.113
UPI00005EFE9E	571	SINGLE	1	207	238	11	9.348e-07	{D}	----	5.917
UPI00005EFE9E	571	MULTIPLE	1	207	238	15	5.801e-09	{DH}	charged	5.780
UPI00005EFF20	755	MULTIPLE	1	194	220	9	4.002e-06	{CQ}	polar	6.588
UPI00005EFF20	755	MULTIPLE	2	255	280	9	2.722e-06	{WQ}	polar	6.868
UPI00005EFF20	755	WHOLE	1	1	755	53	4.767e-06	{Q}
UPI00005EFF2E	302	WHOLE	1	1	302	29	2.273e-06	{Q}
UPI00005F0014	549	SINGLE	1	7	25	9	6.713e-06	{A}	----	5.763
UPI00005F0014	549	MULTIPLE	1	217	242	10	1.745e-06	{FM}	hydrophobic	6.144
UPI00005F007A	474	SINGLE	1	97	105	7	3.080e-07	{G}	----	10.817
UPI00005F007A	474	MULTIPLE	1	72	110	25	3.576e-12	{GQF}	mixed	4.291
UPI00005F007A	474	MULTIPLE	2	381	392	9	1.086e-07	{QS}	polar	7.845
UPI00005F007A	474	MULTIPLE	3	6	27	15	2.201e-07	{LA}	hydrophobic	3.863
UPI00005F0143	453	MULTIPLE	1	10	26	10	1.358e-06	{SP}	small	5.645
UPI00005F0144	340	SINGLE	1	92	106	5	1.263e-06	{C}	----	24.331
UPI00005F0155	538	SINGLE	1	140	149	6	6.878e-06	{I}	----	10.187
UPI00005F016D	614	MULTIPLE	1	521	557	14	9.611e-08	{YQ}	polar	5.314
UPI00005F016D	614	WHOLE	1	1	614	48	1.081e-07	{Y}
UPI00005F0170	457	MULTIPLE	1	443	454	9	7.251e-07	{AQ}	mixed	6.297
UPI00005F0173	577	MULTIPLE	1	324	359	15	1.675e-07	{QT}	polar	4.609
UPI00005F0173	577	MULTIPLE	2	202	208	6	8.470e-07	{YQ}	polar	12.039
UPI00005F0176	833	SINGLE	1	352	372	7	6.399e-06	{Q}	----	9.033
UPI00005F01D1	406	MULTIPLE	1	346	366	12	4.127e-07	{FG}	hydrophobic	5.079
UPI00005F02B5	474	MULTIPLE	1	72	118	18	2.686e-06	{QA}	mixed	3.216
UPI00005F02B9	467	SINGLE	1	15	18	4	8.192e-06	{T}	----	18.692
UPI00005F02BC	467	SINGLE	1	434	442	6	1.670e-06	{T}	----	12.461
UPI00005F02BC	467	SINGLE	2	25	78	16	3.520e-06	{A}	----	3.605
UPI00005F02BC	467	WHOLE	1	1	467	71	2.286e-07	{A}
UPI00005F02BF	347	SINGLE	1	172	194	8	4.479e-06	{P}	----	7.645
UPI00005F02D2	179	SINGLE	1	63	93	14	3.967e-08	{A}	----	5.494
UPI00005F02D2	179	SINGLE	2	23	66	10	3.234e-06	{Q}	----	6.159
UPI00005F02D2	179	MULTIPLE	1	17	93	40	5.479e-11	{AQE}	mixed	2.762
UPI00005F0314	239	SINGLE	1	39	124	28	6.030e-17	{P}	----	7.156
UPI00005F0314	239	SINGLE	2	91	105	8	5.863e-07	{K}	----	9.101
UPI00005F0314	239	MULTIPLE	1	56	111	41	5.532e-20	{PKE}	mixed	4.230
UPI00005F0314	239	WHOLE	1	1	239	40	1.041e-12	{P}
UPI00005F032B	146	SINGLE	1	13	33	11	6.869e-07	{L}	----	5.555
UPI00005F032B	146	SINGLE	2	2	5	4	8.192e-06	{T}	----	18.692
UPI00005F0337	261	SINGLE	1	191	203	9	2.837e-07	{L}	----	7.342
UPI00005F0360	484	SINGLE	1	438	454	6	1.418e-06	{H}	----	15.345
UPI00005F03A1	299	SINGLE	1	84	93	6	6.358e-06	{D}	----	10.327
UPI00005F045A	343	MULTIPLE	1	45	58	7	6.162e-06	{HQ}	polar	8.347
UPI00005F046F	388	MULTIPLE	1	186	233	21	2.183e-06	{VA}	small_hydrophobic	2.835
UPI00005F046F	388	WHOLE	1	1	388	64	4.194e-06	{L}
UPI00005F0470	299	SINGLE	1	177	184	5	9.497e-06	{P}	----	13.736
UPI00005F04A0	618	MULTIPLE	1	5	33	10	1.495e-06	{FW}	aromatic	6.374
UPI00005F04F9	433	SINGLE	1	320	333	9	1.261e-08	{I}	----	10.914
UPI00005F04F9	433	WHOLE	1	1	433	56	2.309e-08	{I}
UPI00005F0588	552	SINGLE	1	487	491	4	8.928e-06	{Q}	----	21.680
UPI00005F0588	552	MULTIPLE	1	315	338	11	5.940e-07	{QN}	amide	5.846
UPI00005F0588	552	MULTIPLE	2	451	468	11	3.272e-07	{LW}	hydrophobic	5.669
UPI00005F0588	552	WHOLE	1	1	552	46	2.355e-07	{Q}
UPI00005F058F	66	SINGLE	1	8	61	13	5.578e-08	{Q}	----	6.524
UPI00005F058F	66	WHOLE	1	1	66	14	9.508e-08	{Q}
UPI00005F05C7	210	SINGLE	1	198	203	4	3.361e-06	{M}	----	30.303
UPI00005F05C8	472	SINGLE	1	347	359	6	3.329e-06	{Q}	----	12.508
UPI00005F0654	328	SINGLE	1	86	188	32	1.847e-18	{P}	----	6.828
UPI00005F0654	328	SINGLE	2	89	165	23	3.515e-15	{Q}	----	8.095
UPI00005F0654	328	SINGLE	3	49	60	7	1.312e-06	{D}	----	10.040
UPI00005F0654	328	MULTIPLE	1	86	183	55	7.238e-34	{PQ}	mixed	6.811
UPI00005F0654	328	WHOLE	1	1	328	41	4.647e-09	{P}
UPI00005F0654	328	WHOLE	2	1	328	35	1.932e-08	{Q}
UPI00005F0655	253	SINGLE	1	48	77	6	2.594e-06	{W}	----	14.815
UPI00005F0655	253	WHOLE	1	1	253	14	9.080e-06	{W}
UPI00005F06C4	486	SINGLE	1	64	72	5	7.416e-06	{Q}	----	15.056
UPI00005F06C9	293	SINGLE	1	251	266	5	1.687e-06	{W}	----	23.148
UPI00005F06EE	281	MULTIPLE	1	161	181	9	1.390e-06	{HQ}	polar	7.155
UPI00005F06EE	281	MULTIPLE	2	109	117	8	3.808e-06	{EL}	mixed	5.443
UPI00005F0709	438	SINGLE	1	243	250	4	2.202e-06	{W}	----	37.037
UPI00005F0709	438	SINGLE	2	22	25	4	2.717e-06	{F}	----	24.631
UPI00005F0709	438	WHOLE	1	1	438	22	1.740e-07	{W}
UPI00005F074D	381	SINGLE	1	132	166	12	2.863e-06	{G}	----	4.769
UPI00005F074D	381	MULTIPLE	1	129	166	17	1.455e-06	{GI}	hydrophobic	3.420
UPI00005F074D	381	MULTIPLE	2	246	263	13	1.025e-07	{GA}	tiny_hydrophobic	4.687
UPI00005F0758	335	MULTIPLE	1	256	278	10	5.398e-06	{PQ}	mixed	5.276
UPI00005F07E6	381	SINGLE	1	246	254	6	9.278e-06	{G}	----	9.272
UPI00005F07E6	381	MULTIPLE	1	245	263	13	2.747e-07	{GA}	tiny_hydrophobic	4.440
UPI00005F07E6	381	WHOLE	1	1	381	57	4.640e-06	{A}
UPI00005F07E6	381	WHOLE	2	1	381	51	8.200e-06	{G}
UPI00005F07E7	484	MULTIPLE	1	231	247	12	4.876e-07	{VA}	small_hydrophobic	4.575
UPI00005F07F0	310	SINGLE	1	134	162	8	6.699e-06	{Q}	----	7.476
UPI00005F0805	245	SINGLE	1	67	99	13	8.065e-07	{A}	----	4.792
UPI00005F0805	245	MULTIPLE	1	67	106	20	3.599e-09	{AQ}	mixed	4.198
UPI00005F081E	292	SINGLE	1	26	55	8	8.797e-06	{Q}	----	7.227
UPI00005F0867	604	MULTIPLE	1	549	587	9	6.416e-06	{WM}	hydrophobic	6.501
UPI00005F0867	604	MULTIPLE	2	473	489	9	8.453e-07	{MR}	mixed	7.183
UPI00005F08E9	334	SINGLE	1	284	291	5	9.497e-06	{P}	----	13.736
UPI00005F0951	574	SINGLE	1	213	264	17	2.526e-06	{L}	----	3.467
UPI00005F0951	574	SINGLE	2	67	101	6	6.625e-06	{W}	----	12.698
UPI00005F0951	574	SINGLE	3	143	168	11	9.170e-06	{L}	----	4.486
UPI00005F0951	574	WHOLE	1	1	574	101	4.890e-10	{L}
UPI00005F0951	574	WHOLE	2	1	574	23	3.924e-06	{W}
UPI00005F0964	425	SINGLE	1	379	408	7	3.044e-06	{M}	----	10.606
UPI00005F0964	425	MULTIPLE	1	320	352	16	3.364e-07	{FA}	hydrophobic	3.948
UPI00005F0964	425	MULTIPLE	2	124	163	25	5.008e-09	{GYL}	hydrophobic	3.117
UPI00005F0964	425	WHOLE	1	1	425	69	3.278e-06	{L}
UPI00005F097F	447	MULTIPLE	1	167	183	9	6.269e-06	{MG}	hydrophobic	5.638
UPI00005F09A6	253	SINGLE	1	23	73	12	7.932e-07	{N}	----	5.670
UPI00005F09D0	512	SINGLE	1	466	486	8	6.682e-06	{T}	----	7.121
UPI00005F09F1	445	SINGLE	1	299	324	10	9.801e-07	{S}	----	6.552
UPI00005F0A33	410	WHOLE	1	1	410	66	6.675e-06	{L}
UPI00005F0AC2	321	SINGLE	1	239	243	4	8.928e-06	{Q}	----	21.680
UPI00005F0AE2	729	SINGLE	1	702	705	4	1.854e-06	{Q}	----	27.100
UPI00005F0AE2	729	SINGLE	2	226	230	5	7.457e-06	{L}	----	10.604
UPI00005F0AE2	729	WHOLE	1	1	729	118	3.076e-09	{L}
UPI00005F0B00	246	SINGLE	1	207	218	8	7.321e-07	{A}	----	8.110
UPI00005F0C74	557	SINGLE	1	191	212	7	9.038e-06	{Q}	----	8.623
UPI00005F0CA7	1320	MULTIPLE	1	1063	1102	18	2.627e-06	{GV}	small_hydrophobic	3.125
UPI00005F0CA7	1320	WHOLE	1	1	1320	167	1.061e-08	{A}
UPI00005F0CE0	438	MULTIPLE	1	49	92	17	2.026e-06	{FG}	hydrophobic	3.434
UPI00005F0CE7	319	SINGLE	1	145	152	4	2.334e-06	{C}	----	36.496
UPI00005F0CE7	319	MULTIPLE	1	145	152	7	6.450e-09	{CQ}	polar	17.292
UPI00005F0EE6	161	SINGLE	1	90	94	5	6.620e-07	{D}	----	17.212
UPI00005F0FF4	278	SINGLE	1	31	48	6	2.079e-06	{H}	----	14.493
UPI00005F0FF4	278	SINGLE	2	149	180	13	2.467e-06	{L}	----	4.308
UPI00005F0FF4	278	SINGLE	3	122	134	6	3.329e-06	{Q}	----	12.508
UPI00005F109D	573	WHOLE	1	1	573	100	9.125e-10	{L}
UPI00005F1423	804	SINGLE	1	392	447	20	6.869e-08	{L}	----	3.787
UPI00005F1423	804	SINGLE	2	244	254	8	7.665e-07	{L}	----	7.712
UPI00005F1423	804	SINGLE	3	446	478	13	3.687e-06	{L}	----	4.178
UPI00005F1423	804	MULTIPLE	1	323	339	8	2.065e-06	{WP}	mixed	7.976
UPI00005F1423	804	WHOLE	1	1	804	142	1.836e-13	{L}
UPI00005F1423	804	WHOLE	2	1	804	28	5.311e-06	{W}
UPI00005F16C4	252	MULTIPLE	1	116	134	10	1.195e-06	{QR}	polar	5.940
UPI00005F1718	337	SINGLE	1	168	197	13	1.383e-09	{T}	----	8.100
UPI00005F1718	337	SINGLE	2	112	133	5	9.372e-06	{W}	----	16.835
UPI00005F1718	337	MULTIPLE	1	220	254	25	7.072e-12	{TAP}	small	3.942
UPI00005F1721	332	MULTIPLE	1	267	299	19	1.000e-07	{GL}	hydrophobic	3.464
UPI00005F178C	378	MULTIPLE	1	223	254	11	6.521e-06	{YQ}	polar	4.828
UPI00005F1807	637	WHOLE	1	1	637	48	2.068e-06	{Q}
UPI00005F189E	387	SINGLE	1	167	184	9	3.849e-06	{A}	----	6.083
UPI00005F189E	387	WHOLE	1	1	387	57	7.264e-06	{A}
UPI00005F18D8	437	MULTIPLE	1	47	71	13	3.227e-06	{IV}	aliphatic	3.969
UPI00005F1929	520	SINGLE	1	482	488	4	7.670e-06	{M}	----	25.974
UPI00005F19ED	181	SINGLE	1	40	50	5	2.053e-07	{C}	----	33.179
UPI00005F19ED	181	MULTIPLE	1	40	54	11	5.754e-09	{CA}	tiny_hydrophobic	7.647
UPI00005F19ED	181	WHOLE	1	1	181	13	1.364e-06	{C}
UPI00005F19F8	71	SINGLE	1	5	54	8	3.733e-07	{C}	----	11.679
UPI00005F19F8	71	WHOLE	1	1	71	8	5.536e-06	{C}
UPI00005F1A28	180	WHOLE	1	1	180	14	2.127e-07	{C}
UPI00005F1A44	591	MULTIPLE	1	34	71	16	1.239e-07	{AC}	tiny_hydrophobic	4.391
UPI00005F1AC2	560	SINGLE	1	384	403	8	8.807e-06	{I}	----	6.791
UPI00005F1ADE	894	MULTIPLE	1	565	586	11	2.257e-06	{SN}	small_polar	4.990
UPI00005F1ADE	894	WHOLE	1	1	894	91	1.700e-07	{S}
UPI00005F1ADE	894	WHOLE	2	1	894	66	3.415e-06	{N}
UPI00005F1B1E	295	WHOLE	1	1	295	33	1.328e-07	{F}
UPI00005F1B68	296	SINGLE	1	69	85	7	1.244e-06	{Q}	----	11.159
UPI00005F1B85	313	SINGLE	1	129	134	5	2.489e-06	{T}	----	15.576
UPI00005F1B8A	344	SINGLE	1	32	51	5	5.670e-06	{W}	----	18.519
UPI00005F1B8A	344	MULTIPLE	1	186	204	11	4.928e-07	{AM}	hydrophobic	5.556
UPI00005F1BBB	465	WHOLE	1	1	465	57	1.052e-07	{I}
UPI00005F1C1F	438	SINGLE	1	273	283	7	5.938e-06	{A}	----	7.742
UPI00005F1CA6	746	WHOLE	1	1	746	58	2.766e-06	{N}
UPI00005F1D1C	870	SINGLE	1	713	723	7	5.938e-06	{A}	----	7.742
UPI00005F1D51	334	MULTIPLE	1	50	69	9	2.063e-07	{CQ}	polar	8.893
UPI00005F1D51	334	WHOLE	1	1	334	56	9.303e-06	{L}
UPI00005F1DC9	437	SINGLE	1	301	327	9	4.757e-06	{R}	----	6.447
UPI00005F1E43	435	SINGLE	1	34	38	4	8.928e-06	{Q}	----	21.680
UPI00005F1E58	192	MULTIPLE	1	88	124	17	2.050e-07	{VP}	small	3.907
UPI00005F1E6E	692	MULTIPLE	1	601	629	16	2.165e-06	{GL}	hydrophobic	3.320
UPI00005F1E6E	692	WHOLE	1	1	692	102	2.115e-06	{L}
UPI00005F1E73	328	SINGLE	1	2	17	8	1.118e-06	{S}	----	8.518
UPI00005F2448	284	SINGLE	1	74	84	5	2.586e-06	{H}	----	19.763
UPI00005F285B	277	SINGLE	1	15	39	11	5.841e-06	{L}	----	4.666
UPI00005F28BD	392	WHOLE	1	1	392	75	1.837e-09	{L}
UPI00005F29C3	482	MULTIPLE	1	134	150	8	2.701e-07	{HM}	hydrophobic	10.458
UPI00005F2B1A	732	WHOLE	1	1	732	95	3.363e-06	{A}
UPI00005F2B8D	426	MULTIPLE	1	342	357	9	1.569e-06	{YR}	polar	6.541
UPI00005F2C6C	613	SINGLE	1	534	543	4	6.429e-06	{W}	----	29.630
UPI00005F2C6C	613	WHOLE	1	1	613	99	5.223e-08	{L}
UPI0000673AE1	563	WHOLE	1	1	563	99	4.326e-13	{A}
UPI0000673C31	441	SINGLE	1	396	424	12	4.764e-06	{L}	----	4.388
UPI0000673C31	441	WHOLE	1	1	441	90	1.561e-12	{L}
UPI0000673C31	441	WHOLE	2	1	441	63	6.869e-06	{A}
UPI0000673C8B	433	SINGLE	1	380	422	16	7.150e-07	{L}	----	3.946
UPI0000673C8B	433	SINGLE	2	15	22	5	5.455e-06	{F}	----	15.394
UPI0000673C8B	433	WHOLE	1	1	433	73	4.681e-07	{L}
UPI0000673CE1	537	SINGLE	1	48	59	7	4.125e-06	{E}	----	8.454
UPI0000673CE1	537	MULTIPLE	1	135	160	11	2.619e-06	{CE}	polar	5.116
UPI0000673CE1	537	WHOLE	1	1	537	54	1.782e-06	{R}
UPI0000673DEF	312	SINGLE	1	25	42	7	1.960e-06	{Q}	----	10.539
UPI0000673E2F	376	SINGLE	1	96	102	5	8.246e-06	{T}	----	13.351
UPI0000673F86	393	MULTIPLE	1	253	266	9	1.672e-06	{MA}	hydrophobic	6.169
UPI0000683E69	148	SINGLE	1	24	31	4	2.334e-06	{C}	----	36.496
UPI0000683E6A	559	SINGLE	1	359	384	12	1.193e-06	{L}	----	4.894
UPI0000683E77	79	MULTIPLE	1	14	36	10	6.798e-07	{CR}	polar	6.648
UPI0000683E8B	493	WHOLE	1	1	493	44	6.596e-08	{Q}
UPI0000683E8B	493	WHOLE	2	1	493	43	3.051e-06	{N}
UPI00006C9BAB	712	SINGLE	1	153	162	6	6.745e-06	{S}	----	10.221
UPI0000D50A75	416	MULTIPLE	1	244	280	18	4.827e-07	{AI}	hydrophobic	3.448
UPI0000D50A75	416	WHOLE	1	1	416	48	4.580e-06	{I}
UPI0000D50AA1	141	MULTIPLE	1	37	60	13	4.051e-06	{EG}	mixed	3.844
UPI0000DACEBB	484	SINGLE	1	58	91	11	8.302e-07	{T}	----	6.047
UPI0000DB2BFF	223	SINGLE	1	96	116	8	4.290e-07	{Q}	----	10.324
UPI0000DB2BFF	223	SINGLE	2	190	195	5	2.489e-06	{T}	----	15.576
UPI0000DB2BFF	223	SINGLE	3	123	135	5	5.551e-06	{M}	----	17.483
UPI0000DB2BFF	223	MULTIPLE	1	96	116	14	5.530e-09	{QA}	mixed	5.598
UPI0000DB2C5B	146	MULTIPLE	1	4	23	9	3.616e-07	{WF}	aromatic	8.318
UPI0000F0AEB2	236	MULTIPLE	1	98	129	13	8.856e-07	{RY}	polar	4.724
UPI0000F0B041	462	SINGLE	1	246	262	9	6.490e-06	{L}	----	5.614
UPI0000F0B041	462	WHOLE	1	1	462	45	5.579e-08	{F}
UPI0000F0B1C7	160	SINGLE	1	68	72	4	8.928e-06	{Q}	----	21.680
UPI0000F0B203	216	SINGLE	1	178	183	5	2.102e-06	{R}	----	16.119
UPI0000F0B215	326	SINGLE	1	16	31	10	2.458e-07	{L}	----	6.628
UPI0000F0B215	326	SINGLE	2	280	301	10	3.254e-06	{A}	----	5.530
UPI0000F0B215	326	SINGLE	3	7	11	4	8.928e-06	{Q}	----	21.680
UPI0000F0B215	326	MULTIPLE	1	176	194	7	2.320e-06	{MW}	hydrophobic	10.378
UPI0000F0B215	326	WHOLE	1	1	326	69	9.872e-11	{L}
UPI0000F0B82E	508	SINGLE	1	2	12	7	6.222e-07	{S}	----	10.841
UPI0000F0B881	850	MULTIPLE	1	390	421	10	2.187e-06	{QW}	polar	6.200
UPI0000F0B881	850	WHOLE	1	1	850	57	8.070e-06	{Q}
UPI0000F0BA72	212	SINGLE	1	64	127	16	9.496e-10	{Q}	----	6.775
UPI0000F0BA72	212	MULTIPLE	1	64	120	26	5.539e-14	{QP}	mixed	5.536
UPI0000F0BA72	212	WHOLE	1	1	212	24	9.788e-07	{Q}
UPI0000F0BDFD	513	WHOLE	1	1	513	56	4.358e-06	{I}
UPI0000F0C584	139	SINGLE	1	91	122	11	4.852e-06	{E}	----	4.982
UPI0001505B8A	57	SINGLE	1	8	20	7	2.932e-06	{I}	----	9.142
UPI0001505B8A	57	WHOLE	1	1	57	14	3.421e-06	{I}
UPI00015C49AB	405	SINGLE	1	200	225	7	1.075e-06	{M}	----	12.238
UPI00015C49AF	304	SINGLE	1	6	12	5	2.375e-06	{N}	----	17.212
UPI00015C49E6	460	SINGLE	1	307	329	10	2.531e-07	{S}	----	7.407
UPI00015C49E6	460	SINGLE	2	286	303	9	3.849e-06	{A}	----	6.083
UPI00015C49E6	460	WHOLE	1	1	460	45	3.309e-09	{Q}
UPI00015C4A22	335	SINGLE	1	299	303	5	3.753e-06	{A}	----	12.165
UPI00015C4A24	103	SINGLE	1	3	19	8	2.039e-06	{I}	----	7.990
UPI00015C4A4A	334	SINGLE	1	16	20	5	7.457e-06	{L}	----	10.604
UPI00015C4A4A	334	MULTIPLE	1	65	80	11	4.705e-06	{GL}	hydrophobic	4.137
UPI00015C4A4A	334	WHOLE	1	1	334	64	2.320e-08	{L}
UPI00015C4A4A	334	WHOLE	2	1	334	53	1.796e-06	{A}
UPI00015C4A86	403	SINGLE	1	7	11	5	6.969e-07	{S}	----	17.036
UPI00015C4A86	403	SINGLE	2	218	242	11	5.841e-06	{L}	----	4.666
UPI00015C4A86	403	WHOLE	1	1	403	70	2.618e-07	{L}
UPI00015C4A86	403	WHOLE	2	1	403	63	3.850e-07	{A}
UPI00015C4B47	328	SINGLE	1	101	137	14	2.752e-06	{L}	----	4.012
UPI00015C4B47	328	SINGLE	2	218	251	9	5.578e-06	{F}	----	6.520
UPI00015C4B47	328	MULTIPLE	1	289	320	13	8.477e-08	{CMY}	hydrophobic	5.804
UPI00015C4B47	328	WHOLE	1	1	328	33	1.358e-06	{F}
UPI00015C4B6D	782	WHOLE	1	1	782	83	1.177e-07	{I}
UPI00015C4B84	262	SINGLE	1	7	16	7	5.912e-06	{L}	----	7.423
UPI00015C4B84	262	MULTIPLE	1	152	178	12	4.689e-07	{PQ}	mixed	5.394
UPI00015C4BCC	122	SINGLE	1	1	21	6	4.407e-06	{M}	----	12.987
UPI00015C4BEA	206	SINGLE	1	173	194	5	9.372e-06	{W}	----	16.835
UPI00015C4BEA	206	MULTIPLE	1	170	194	10	3.048e-07	{WF}	aromatic	7.394
UPI00015C4C06	180	WHOLE	1	1	180	29	8.650e-08	{T}
UPI00015C4CAD	434	SINGLE	1	355	379	9	3.044e-06	{T}	----	6.729
UPI00015C4CC9	566	SINGLE	1	324	338	7	9.524e-06	{S}	----	7.950
UPI00015C4CC9	566	WHOLE	1	1	566	86	3.639e-06	{L}
UPI00015C4D28	310	SINGLE	1	119	143	7	1.077e-06	{H}	----	12.174
UPI00015C4D28	310	SINGLE	2	10	43	13	1.198e-06	{A}	----	4.651
UPI00015C4D28	310	SINGLE	3	121	126	5	3.741e-06	{D}	----	14.343
UPI00015C4D28	310	MULTIPLE	1	119	139	14	3.425e-11	{HD}	charged	8.220
UPI00015C4D58	387	WHOLE	1	1	387	33	5.991e-06	{Q}
UPI00015C4D59	265	SINGLE	1	17	23	4	9.134e-06	{H}	----	24.845
UPI00015C4D95	432	SINGLE	1	91	122	12	3.865e-06	{A}	----	4.562
UPI00015C4DA7	201	MULTIPLE	1	128	153	14	2.593e-08	{FWP}	mixed	5.406
UPI00015C4DD5	374	WHOLE	1	1	374	24	2.921e-06	{M}
UPI00015C4DD9	489	SINGLE	1	16	59	11	9.650e-07	{F}	----	6.158
UPI00015C4DD9	489	WHOLE	1	1	489	43	1.484e-06	{F}
UPI00015C4E8A	207	SINGLE	1	105	118	6	5.612e-06	{Q}	----	11.614
UPI00015C4E91	271	SINGLE	1	52	65	7	5.044e-06	{D}	----	8.606
UPI00015C4E91	271	MULTIPLE	1	50	65	11	1.128e-08	{DY}	polar	7.440
UPI00015C4EC6	144	SINGLE	1	32	38	4	1.183e-06	{C}	----	41.710
UPI00015C4EC6	144	SINGLE	2	100	116	5	2.531e-06	{C}	----	21.468
UPI00015C4EC6	144	WHOLE	1	1	144	11	4.763e-06	{C}
UPI00015C5007	354	SINGLE	1	313	321	6	2.866e-06	{S}	----	11.357
UPI00015C5007	354	MULTIPLE	1	305	321	11	6.116e-08	{SF}	mixed	6.516
UPI00015C509F	763	SINGLE	1	103	107	4	1.367e-06	{H}	----	34.783
UPI00015C509F	763	SINGLE	2	99	102	4	7.144e-06	{R}	----	19.342
UPI00015C509F	763	SINGLE	3	711	714	4	8.192e-06	{T}	----	18.692
UPI00016A0890	65	SINGLE	1	57	63	5	1.333e-06	{Q}	----	19.357
UPI00016A19A6	123	SINGLE	1	15	54	16	3.485e-08	{A}	----	4.866
UPI00016A19EF	875	SINGLE	1	356	376	8	5.209e-06	{R}	----	7.369
UPI00016A22EB	326	SINGLE	1	16	31	7	7.004e-06	{R}	----	8.462
UPI00016A22EB	326	MULTIPLE	1	215	249	16	1.499e-06	{KE}	charged	3.583
UPI00016A22FD	155	SINGLE	1	129	136	6	2.263e-07	{P}	----	16.484
UPI00016C6FD9	101	SINGLE	1	29	52	16	2.134e-15	{T}	----	12.461
UPI00016C6FD9	101	SINGLE	2	93	100	6	5.882e-07	{T}	----	14.019
UPI00016C6FD9	101	SINGLE	3	45	82	13	4.962e-06	{A}	----	4.162
UPI00016C6FD9	101	MULTIPLE	1	29	82	43	3.365e-20	{TAV}	small_hydrophobic	3.832
UPI00016C6FD9	101	WHOLE	1	1	101	28	3.094e-13	{T}
UPI00016DBD04	141	MULTIPLE	1	53	69	11	2.441e-07	{NV}	small	5.696
UPI000173FDDC	462	SINGLE	1	247	294	15	3.408e-06	{A}	----	3.802
UPI000173FDDC	462	WHOLE	1	1	462	74	1.680e-08	{A}
UPI000174CD9E	417	WHOLE	1	1	417	67	6.139e-06	{L}
UPI000174CDCF	701	SINGLE	1	654	658	5	1.948e-06	{V}	----	13.870
UPI000174CDCF	701	WHOLE	1	1	701	90	8.435e-06	{A}
UPI000174CE69	158	SINGLE	1	91	102	7	1.438e-06	{I}	----	9.904
UPI000174CE69	158	WHOLE	1	1	158	25	4.481e-06	{I}
UPI000174CF2B	457	SINGLE	1	287	304	9	3.849e-06	{A}	----	6.083
UPI000174CF5F	243	SINGLE	1	194	197	4	1.854e-06	{Q}	----	27.100
UPI000175DD44	536	SINGLE	1	313	321	4	3.910e-06	{W}	----	32.922
UPI000176AEAE	638	SINGLE	1	351	374	10	8.312e-06	{A}	----	5.069
UPI000176AEAE	638	MULTIPLE	1	351	392	20	7.377e-07	{AG}	tiny_hydrophobic	3.090
UPI000176AEAE	638	WHOLE	1	1	638	89	3.849e-07	{A}
UPI000176AECA	512	MULTIPLE	1	235	259	13	9.535e-07	{IS}	mixed	4.422
UPI000176AECF	421	MULTIPLE	1	89	118	14	1.753e-06	{SD}	small_polar	3.995
UPI000176AECF	421	WHOLE	1	1	421	56	7.924e-09	{S}
UPI000176AF88	367	MULTIPLE	1	7	65	16	2.384e-06	{WS}	polar	3.756
UPI000176AF88	367	WHOLE	1	1	367	18	2.881e-06	{W}
UPI000176B6B6	547	SINGLE	1	493	514	8	6.493e-07	{Q}	----	9.855
UPI000176B6C5	512	SINGLE	1	109	114	5	8.737e-06	{E}	----	12.077
UPI000176BA7C	302	SINGLE	1	131	156	10	5.944e-06	{G}	----	5.349
UPI000176BAF6	440	WHOLE	1	1	440	49	9.255e-06	{I}
UPI000176BBE5	298	WHOLE	1	1	298	54	1.410e-06	{L}
UPI000176C030	262	WHOLE	1	1	262	46	5.181e-07	{A}
UPI000176C1AA	352	SINGLE	1	220	242	6	4.850e-07	{W}	----	19.324
UPI0001787BB6	236	SINGLE	1	17	21	5	7.457e-06	{L}	----	10.604
UPI0001787C28	557	WHOLE	1	1	557	46	5.790e-06	{N}
UPI00017894AF	1034	SINGLE	1	104	125	8	6.493e-07	{Q}	----	9.855
UPI00017894AF	1034	MULTIPLE	1	1019	1027	8	2.078e-07	{FV}	hydrophobic	7.887
UPI0001789738	412	WHOLE	1	1	412	34	8.609e-06	{Q}
UPI000178977E	476	SINGLE	1	281	286	6	3.085e-07	{A}	----	12.165
UPI0001789EB8	538	SINGLE	1	49	58	6	6.679e-06	{K}	----	10.239
UPI0001789EB8	538	MULTIPLE	1	35	58	13	1.322e-06	{KE}	charged	4.245
UPI0001789EBD	389	SINGLE	1	306	309	4	8.192e-06	{T}	----	18.692
UPI0001789EBD	389	SINGLE	2	61	69	6	9.427e-06	{V}	----	9.246
UPI000178A24C	565	SINGLE	1	504	510	6	8.976e-07	{G}	----	11.921
UPI000178A267	344	SINGLE	1	1	15	6	4.645e-07	{M}	----	18.182
UPI000178A267	344	SINGLE	2	139	144	5	3.936e-06	{S}	----	14.196
UPI000178A267	344	WHOLE	1	1	344	42	4.008e-06	{S}
UPI000178A8C7	396	SINGLE	1	178	205	12	3.084e-06	{L}	----	4.545
UPI000178A8C7	396	SINGLE	2	283	292	7	5.912e-06	{L}	----	7.423
UPI000178A8C7	396	SINGLE	3	250	254	5	7.457e-06	{L}	----	10.604
UPI000178A916	383	WHOLE	1	1	383	61	3.075e-07	{A}
UPI00017A9674	662	MULTIPLE	1	15	35	11	3.975e-06	{VF}	hydrophobic	4.648
UPI00017A9932	298	MULTIPLE	1	187	201	10	8.063e-07	{IK}	hydrophobic	5.674
UPI00017A99B2	354	SINGLE	1	12	63	7	5.931e-06	{W}	----	9.972
UPI00017A99B2	354	MULTIPLE	1	222	240	8	4.589e-06	{YH}	polar_aromatic	7.348
UPI0001825D8F	547	WHOLE	1	1	547	55	3.769e-06	{T}
UPI0001825DE3	483	SINGLE	1	363	366	3	9.709e-06	{W}	----	55.556
UPI0001825E0D	481	SINGLE	1	452	465	6	5.612e-06	{Q}	----	11.614
UPI0001825E0D	481	SINGLE	2	117	124	6	7.276e-06	{A}	----	9.124
UPI0001825F21	183	SINGLE	1	82	85	3	9.709e-06	{W}	----	55.556
UPI0001825FAC	290	SINGLE	1	195	205	6	8.230e-06	{T}	----	10.195
UPI0001825FAC	290	MULTIPLE	1	237	271	15	6.771e-06	{TV}	small_hydrophobic	3.412
UPI0001825FBF	808	SINGLE	1	94	122	9	9.141e-06	{R}	----	6.003
UPI0001826029	501	MULTIPLE	1	10	26	12	4.806e-07	{GA}	tiny_hydrophobic	4.581
UPI000182603A	962	SINGLE	1	853	867	6	9.008e-06	{Q}	----	10.840
UPI0001826066	166	SINGLE	1	48	70	8	2.284e-06	{N}	----	8.381
UPI0001826189	429	SINGLE	1	402	423	9	9.901e-06	{V}	----	5.674
UPI00018261AD	346	SINGLE	1	32	61	10	4.502e-07	{P}	----	7.326
UPI00018261AD	346	MULTIPLE	1	32	61	19	1.266e-10	{PA}	small	4.960
UPI000187B9B1	238	MULTIPLE	1	52	72	11	3.684e-07	{QR}	polar	5.912
UPI000187B9B1	238	MULTIPLE	2	194	223	12	6.455e-07	{HR}	positive	5.355
UPI000188602A	73	SINGLE	1	35	59	6	9.010e-07	{C}	----	17.518
UPI000188603A	176	SINGLE	1	67	77	6	3.248e-06	{P}	----	11.988
UPI000188603A	176	MULTIPLE	1	151	159	8	1.208e-07	{AH}	hydrophobic	8.450
UPI000188605D	468	SINGLE	1	358	377	8	3.400e-06	{R}	----	7.737
UPI0001886147	121	MULTIPLE	1	15	36	12	8.799e-06	{AI}	hydrophobic	3.866
UPI0001886148	89	SINGLE	1	34	64	11	7.443e-07	{I}	----	6.024
UPI0001886148	89	SINGLE	2	1	14	5	8.446e-06	{M}	----	16.234
UPI0001886148	89	MULTIPLE	1	17	33	12	2.142e-06	{LA}	hydrophobic	3.999
UPI000188614C	472	MULTIPLE	1	76	84	7	2.211e-07	{HP}	mixed	11.354
UPI00018861CB	415	WHOLE	1	1	415	35	4.148e-06	{Q}
UPI000188629E	475	WHOLE	1	1	475	44	2.338e-08	{Q}
UPI00018862E2	341	MULTIPLE	1	321	340	10	5.998e-06	{KF}	hydrophobic	5.040
UPI0001886321	599	SINGLE	1	49	59	7	5.938e-06	{A}	----	7.742
UPI0001886361	529	SINGLE	1	5	36	8	4.712e-07	{H}	----	10.870
UPI0001886361	529	SINGLE	2	321	359	10	2.818e-06	{N}	----	6.179
UPI0001886361	529	WHOLE	1	1	529	44	7.497e-06	{N}
UPI0001886625	383	SINGLE	1	182	201	6	4.143e-06	{H}	----	13.043
UPI0001886625	383	MULTIPLE	1	176	207	15	1.902e-09	{HR}	positive	6.275
UPI0001886625	383	WHOLE	1	1	383	46	8.219e-08	{R}
UPI0001887957	259	SINGLE	1	153	157	4	8.928e-06	{Q}	----	21.680
UPI0001887AF0	414	MULTIPLE	1	248	276	10	2.131e-06	{YM}	hydrophobic	6.125
UPI0001887C12	848	SINGLE	1	396	429	13	2.658e-07	{G}	----	5.318
UPI0001887C3B	193	SINGLE	1	24	66	11	9.317e-07	{N}	----	6.164
UPI0001887D79	210	SINGLE	1	4	38	7	4.140e-07	{C}	----	14.599
UPI0001887D8B	354	MULTIPLE	1	314	330	10	5.733e-07	{HG}	hydrophobic	6.198
UPI0001887DBC	263	SINGLE	1	25	36	8	2.083e-06	{L}	----	7.070
UPI0001887DBD	273	MULTIPLE	1	42	58	10	8.882e-07	{FI}	hydrophobic	5.912
UPI0001887DC3	258	SINGLE	1	132	160	11	1.014e-08	{N}	----	9.140
UPI0001887DC3	258	WHOLE	1	1	258	29	9.735e-07	{N}
UPI0001887DF1	661	SINGLE	1	570	593	8	3.284e-06	{N}	----	8.032
UPI0001887E4D	169	SINGLE	1	151	157	6	7.033e-07	{E}	----	12.422
UPI0001887E4D	169	SINGLE	2	17	38	8	7.763e-06	{R}	----	7.034
UPI0001887E4D	169	MULTIPLE	1	134	161	15	2.334e-07	{ED}	negative	4.215
UPI0001887E52	180	WHOLE	1	1	180	16	4.683e-09	{C}
UPI00018881A4	448	SINGLE	1	386	392	4	7.670e-06	{M}	----	25.974
UPI0001888540	254	SINGLE	1	59	90	9	8.033e-06	{P}	----	6.181
UPI0001888635	455	WHOLE	1	1	455	29	3.585e-07	{M}
UPI0001888CBC	278	SINGLE	1	35	44	6	1.547e-06	{P}	----	13.187
UPI0001888CE1	529	WHOLE	1	1	529	43	1.028e-06	{Q}
UPI000188C02C	246	WHOLE	1	1	246	30	8.487e-06	{R}
UPI000199A544	32	MULTIPLE	1	3	24	11	2.108e-06	{IF}	hydrophobic	5.025
UPI00019AAA72	630	MULTIPLE	1	592	605	9	1.790e-07	{MD}	mixed	8.026
UPI00019AAC0A	752	MULTIPLE	1	354	380	14	5.154e-06	{RL}	mixed	3.551
UPI0001AA9EAB	211	WHOLE	1	1	211	50	6.104e-10	{L}
UPI0001B30558	517	SINGLE	1	106	133	8	5.037e-06	{Q}	----	7.743
UPI0001B525A0	1031	SINGLE	1	425	430	5	3.903e-06	{K}	----	14.221
UPI0001B525A0	1031	SINGLE	2	682	726	12	5.903e-06	{D}	----	4.590
UPI0001B52980	1486	SINGLE	1	149	167	8	2.151e-06	{R}	----	8.144
UPI0001B52980	1486	SINGLE	2	1361	1392	11	7.148e-06	{G}	----	4.781
UPI0001B52988	307	SINGLE	1	279	294	8	1.629e-07	{P}	----	10.989
UPI0001B52B91	809	WHOLE	1	1	809	128	2.901e-09	{L}
UPI0001B52B91	809	WHOLE	2	1	809	56	4.027e-06	{Q}
UPI0001B52D4A	265	MULTIPLE	1	75	105	16	7.577e-07	{IA}	hydrophobic	3.658
UPI0001B52E07	261	SINGLE	1	170	204	16	2.418e-08	{L}	----	4.848
UPI0001B52E07	261	MULTIPLE	1	9	26	10	3.723e-06	{WL}	hydrophobic	5.154
UPI0001B52E07	261	WHOLE	1	1	261	58	4.030e-10	{L}
UPI0001B52E08	228	SINGLE	1	42	106	17	1.340e-10	{Q}	----	7.088
UPI0001B52E08	228	SINGLE	2	146	153	5	3.422e-06	{Q}	----	16.938
UPI0001B52E08	228	MULTIPLE	1	17	38	12	9.732e-07	{EP}	mixed	4.764
UPI0001B52E08	228	WHOLE	1	1	228	29	6.610e-09	{Q}
UPI0001B52E53	355	SINGLE	1	143	200	20	1.407e-08	{A}	----	4.195
UPI0001B52E53	355	MULTIPLE	1	90	127	19	8.796e-09	{AQ}	mixed	4.198
UPI0001B52E53	355	WHOLE	1	1	355	58	2.510e-07	{A}
UPI0001B52F2C	198	SINGLE	1	40	75	9	4.327e-06	{Q}	----	6.775
UPI0001B52F2C	198	WHOLE	1	1	198	22	3.552e-06	{Q}
UPI0001B52F46	753	MULTIPLE	1	456	477	11	5.602e-07	{NP}	small	5.747
UPI0001B53021	325	SINGLE	1	34	48	7	4.437e-07	{Q}	----	12.647
UPI0001B53021	325	WHOLE	1	1	325	29	8.901e-06	{Q}
UPI0001B53477	317	WHOLE	1	1	317	54	8.380e-06	{L}
UPI0001B534B8	281	SINGLE	1	162	201	13	2.309e-07	{S}	----	5.537
UPI0001B5ABD9	588	WHOLE	1	1	588	90	1.720e-06	{L}
UPI0001B5AD96	547	SINGLE	1	493	534	10	2.068e-06	{Q}	----	6.452
UPI0001B5AD96	547	MULTIPLE	1	6	25	12	5.622e-07	{NA}	small	4.850
UPI0001B5AD96	547	WHOLE	1	1	547	44	1.025e-06	{Q}
UPI0001B5AD96	547	WHOLE	2	1	547	47	1.712e-06	{N}
UPI0001B5ADC1	357	SINGLE	1	79	111	6	4.645e-06	{W}	----	13.468
UPI0001B5ADC1	357	WHOLE	1	1	357	59	8.659e-06	{L}
UPI0001B5AE36	774	MULTIPLE	1	594	636	15	4.291e-06	{TN}	small_polar	3.672
UPI0001B5AE36	774	MULTIPLE	2	227	245	12	1.349e-06	{GV}	small_hydrophobic	4.386
UPI0001B5AE50	326	SINGLE	1	49	98	9	1.738e-06	{H}	----	7.826
UPI0001B5AE50	326	MULTIPLE	1	49	86	14	8.820e-08	{HP}	mixed	5.378
UPI0001B5AF70	290	SINGLE	1	244	269	9	9.121e-06	{K}	----	5.907
UPI0001B5AFF2	779	MULTIPLE	1	598	618	11	5.716e-06	{ID}	mixed	4.477
UPI0001B5AFF2	779	WHOLE	1	1	779	62	9.780e-06	{P}
UPI0001B5BB60	928	SINGLE	1	834	865	12	3.865e-06	{A}	----	4.562
UPI0001C327AA	366	SINGLE	1	164	176	8	4.905e-06	{L}	----	6.526
UPI0001C3EFB2	400	MULTIPLE	1	61	87	9	3.877e-06	{QW}	polar	6.614
UPI0001C3EFB2	400	WHOLE	1	1	400	23	8.456e-09	{W}
UPI0001C3EFB5	416	SINGLE	1	192	209	8	5.046e-07	{P}	----	9.768
UPI0001C3EFB5	416	SINGLE	2	190	236	16	2.727e-06	{L}	----	3.610
UPI0001C3EFB5	416	MULTIPLE	1	190	236	25	2.345e-10	{PL}	mixed	3.805
UPI0001C3EFB5	416	WHOLE	1	1	416	85	5.752e-12	{L}
UPI0001CF5D47	373	SINGLE	1	63	66	4	7.144e-06	{R}	----	19.342
UPI0001CF6216	227	SINGLE	1	8	54	8	2.279e-07	{C}	----	12.424
UPI0001CF6216	227	MULTIPLE	1	5	76	19	2.190e-08	{CP}	small	4.458
UPI0001CF69B6	132	SINGLE	1	7	17	7	6.366e-07	{I}	----	10.804
UPI0001CF6C98	275	WHOLE	1	1	275	50	2.939e-06	{L}
UPI0001CF6F10	298	MULTIPLE	1	188	202	10	2.246e-06	{QL}	mixed	5.081
UPI0001CF7036	143	SINGLE	1	34	37	4	1.854e-06	{Q}	----	27.100
UPI0001CF716E	318	SINGLE	1	100	170	22	2.669e-07	{L}	----	3.286
UPI0001CF716E	318	SINGLE	2	259	264	4	4.849e-07	{W}	----	49.383
UPI0001CF716E	318	MULTIPLE	1	94	170	27	5.343e-08	{LM}	hydrophobic	3.015
UPI0001CF716E	318	WHOLE	1	1	318	60	1.033e-07	{L}
UPI0001CF7254	483	WHOLE	1	1	483	78	1.064e-06	{L}
UPI0001D15A86	518	SINGLE	1	125	160	8	1.235e-06	{H}	----	9.662
UPI0001D15A86	518	SINGLE	2	262	280	5	4.626e-06	{C}	----	19.209
UPI0001D15A86	518	MULTIPLE	1	362	398	13	8.811e-07	{SC}	tiny_polar	4.853
UPI0001DB8E48	525	SINGLE	1	466	478	6	3.329e-06	{Q}	----	12.508
UPI0001DBCBB3	617	SINGLE	1	453	579	31	3.783e-17	{Q}	----	6.615
UPI0001DBCBB3	617	SINGLE	2	308	325	9	7.103e-11	{H}	----	21.739
UPI0001DBCBB3	617	SINGLE	3	302	317	9	5.676e-08	{D}	----	9.682
UPI0001DBCBB3	617	SINGLE	4	334	368	10	9.641e-07	{N}	----	6.885
UPI0001DBCBB3	617	SINGLE	5	265	276	6	6.200e-06	{P}	----	10.989
UPI0001DBCBB3	617	SINGLE	6	192	233	11	8.001e-06	{T}	----	4.895
UPI0001DBCBB3	617	SINGLE	7	394	432	9	8.701e-06	{Q}	----	6.254
UPI0001DBCBB3	617	MULTIPLE	1	451	585	58	5.565e-26	{QR}	polar	4.849
UPI0001DBCBB3	617	MULTIPLE	2	302	327	20	2.100e-17	{HD}	charged	9.485
UPI0001DBCBB3	617	WHOLE	1	1	617	66	1.920e-14	{Q}
UPI0001DBCC8A	865	SINGLE	1	523	563	14	3.969e-08	{S}	----	5.817
UPI0001DBCC8A	865	SINGLE	2	650	697	13	2.281e-06	{S}	----	4.614
UPI0001DBCC8A	865	WHOLE	1	1	865	97	7.222e-10	{S}
UPI0001DBCC8A	865	WHOLE	2	1	865	68	3.193e-07	{N}
UPI0001DBCD72	660	SINGLE	1	194	247	20	3.426e-08	{L}	----	3.928
UPI0001DBCD72	660	SINGLE	2	259	298	14	7.769e-06	{L}	----	3.712
UPI0001DBCD72	660	MULTIPLE	1	259	302	17	1.131e-06	{LW}	hydrophobic	3.584
UPI0001DBCD72	660	WHOLE	1	1	660	125	3.268e-14	{L}
UPI0001DBD4B6	783	SINGLE	1	646	650	4	8.928e-06	{Q}	----	21.680
UPI0001DC3630	371	SINGLE	1	114	159	11	6.180e-07	{Q}	----	6.480
UPI0001DC3630	371	WHOLE	1	1	371	32	6.478e-06	{Q}
UPI0001DC3646	392	WHOLE	1	1	392	56	4.655e-07	{G}
UPI0001DC3648	668	SINGLE	1	420	433	7	2.457e-07	{Q}	----	13.550
UPI0001DC3648	668	MULTIPLE	1	420	433	10	2.494e-09	{QY}	polar	10.032
UPI0001DC3648	668	WHOLE	1	1	668	48	6.879e-06	{Q}
UPI0001DC364C	436	MULTIPLE	1	413	430	12	1.220e-06	{GA}	tiny_hydrophobic	4.326
UPI0001DC36A8	356	MULTIPLE	1	329	351	12	2.125e-06	{LM}	hydrophobic	4.486
UPI0001DC36DD	1122	WHOLE	1	1	1122	77	1.336e-07	{Q}
UPI0001DC36DD	1122	WHOLE	2	1	1122	154	7.263e-07	{L}
UPI0001DC36DE	1180	MULTIPLE	1	1092	1131	20	2.567e-07	{AQY}	mixed	3.259
UPI0001DC36E9	262	SINGLE	1	69	75	6	8.976e-07	{G}	----	11.921
UPI0001DC36EA	257	WHOLE	1	1	257	42	8.804e-06	{A}
UPI0001DC36F6	475	SINGLE	1	453	470	8	3.454e-06	{I}	----	7.546
UPI0001DC36F6	475	SINGLE	2	142	154	7	8.321e-06	{E}	----	7.804
UPI0001DC385C	372	SINGLE	1	34	44	5	2.586e-06	{H}	----	19.763
UPI0001DC3866	831	SINGLE	1	349	368	7	4.429e-06	{Q}	----	9.485
UPI0001DC3866	831	MULTIPLE	1	349	370	14	1.340e-08	{QA}	mixed	5.343
UPI0001DC389A	450	SINGLE	1	258	260	3	2.460e-06	{W}	----	74.074
UPI0001DC389A	450	SINGLE	2	327	334	5	3.422e-06	{Q}	----	16.938
UPI0001DC389A	450	WHOLE	1	1	450	41	1.025e-07	{Q}
UPI0001DC389B	159	SINGLE	1	10	30	8	8.765e-07	{F}	----	9.383
UPI0001DC3920	694	SINGLE	1	685	688	4	7.144e-06	{R}	----	19.342
UPI0001DC3920	694	SINGLE	2	229	243	6	9.008e-06	{Q}	----	10.840
UPI0001DC3924	625	SINGLE	1	232	265	10	2.489e-07	{Q}	----	7.971
UPI0001DC3929	648	SINGLE	1	453	499	16	4.573e-07	{A}	----	4.141
UPI0001DC3929	648	SINGLE	2	280	309	12	7.192e-06	{L}	----	4.242
UPI0001DC3929	648	MULTIPLE	1	228	239	8	9.014e-08	{MF}	hydrophobic	10.650
UPI0001DC3929	648	MULTIPLE	2	337	358	11	7.053e-06	{FV}	hydrophobic	4.437
UPI0001DC3929	648	WHOLE	1	1	648	92	1.198e-07	{A}
UPI0001DC3A5C	879	SINGLE	1	9	40	14	3.486e-07	{L}	----	4.639
UPI0001DC3A5C	879	SINGLE	2	153	172	7	4.429e-06	{Q}	----	9.485
UPI0001DC3A5C	879	WHOLE	1	1	879	127	4.626e-07	{L}
UPI0001DC3A5C	879	WHOLE	2	1	879	32	5.133e-07	{W}
UPI0001DC3A61	165	SINGLE	1	117	164	8	2.697e-07	{C}	----	12.165
UPI0001DC3A61	165	MULTIPLE	1	115	155	11	1.674e-07	{CH}	polar	7.310
UPI0001DC3A68	1300	WHOLE	1	1	1300	108	5.947e-07	{R}
UPI0001DC3A6B	1061	SINGLE	1	604	644	16	7.123e-11	{R}	----	7.548
UPI0001DC3A6B	1061	SINGLE	2	796	819	12	5.215e-10	{R}	----	9.671
UPI0001DC3A6B	1061	SINGLE	3	524	568	15	6.326e-10	{P}	----	7.326
UPI0001DC3A6B	1061	SINGLE	4	854	910	18	4.647e-08	{V}	----	4.380
UPI0001DC3A6B	1061	SINGLE	5	676	683	6	4.808e-07	{R}	----	14.507
UPI0001DC3A6B	1061	SINGLE	6	689	733	11	4.882e-07	{Q}	----	6.625
UPI0001DC3A6B	1061	SINGLE	7	942	972	11	3.420e-06	{E}	----	5.143
UPI0001DC3A6B	1061	SINGLE	8	966	995	11	3.608e-06	{V}	----	5.086
UPI0001DC3A6B	1061	SINGLE	9	540	566	11	3.826e-06	{A}	----	4.956
UPI0001DC3A6B	1061	SINGLE	10	645	649	4	8.928e-06	{Q}	----	21.680
UPI0001DC3A6B	1061	MULTIPLE	1	527	568	28	7.342e-16	{PA}	small	5.221
UPI0001DC3A6B	1061	MULTIPLE	2	847	911	50	1.358e-20	{VQEP}	mixed	3.442
UPI0001DC3A6B	1061	MULTIPLE	3	688	764	46	1.942e-11	{QERA}	mixed	2.491
UPI0001DC3A6B	1061	MULTIPLE	4	940	1002	47	1.606e-18	{EVA}	mixed	3.341
UPI0001DC3A6B	1061	MULTIPLE	5	1040	1055	10	6.824e-07	{AH}	hydrophobic	5.941
UPI0001DC3A6B	1061	WHOLE	1	1	1061	130	1.241e-10	{E}
UPI0001DC3A6B	1061	WHOLE	2	1	1061	102	1.343e-09	{R}
UPI0001DC3A6B	1061	WHOLE	3	1	1061	87	7.718e-08	{P}
UPI0001DC3A6B	1061	WHOLE	4	1	1061	126	8.905e-06	{A}
UPI0001DC3AB1	377	SINGLE	1	256	259	4	3.523e-08	{C}	----	72.993
UPI0001DC3AE7	711	MULTIPLE	1	118	147	11	1.079e-06	{FH}	aromatic	5.765
UPI0001DC3B0D	331	SINGLE	1	110	122	8	1.747e-06	{A}	----	7.486
UPI0001DC3B0D	331	SINGLE	2	165	202	9	6.949e-06	{Q}	----	6.418
UPI0001DC3B0D	331	MULTIPLE	1	110	134	15	1.266e-08	{AQ}	mixed	5.038
UPI0001DC3B0D	331	MULTIPLE	2	178	197	13	3.096e-08	{QA}	mixed	5.458
UPI0001DC3B20	682	SINGLE	1	478	485	6	7.276e-06	{A}	----	9.124
UPI0001DC3B20	682	WHOLE	1	1	682	94	3.258e-07	{A}
UPI0001DC3C43	264	SINGLE	1	94	151	13	1.367e-07	{Q}	----	6.074
UPI0001DC3C45	834	SINGLE	1	439	446	6	3.387e-06	{V}	----	10.402
UPI0001DC3C45	834	WHOLE	1	1	834	121	5.185e-10	{A}
UPI0001DC3C88	404	MULTIPLE	1	176	206	20	2.280e-07	{IVA}	hydrophobic	3.026
UPI0001DC3C88	404	WHOLE	1	1	404	64	1.998e-07	{A}
UPI0001DC3C8F	700	MULTIPLE	1	172	209	16	4.362e-06	{TG}	small_hydrophobic	3.358
UPI0001DC3CA1	355	SINGLE	1	197	205	5	7.416e-06	{Q}	----	15.056
UPI0001DC3CE9	251	SINGLE	1	46	50	4	8.928e-06	{Q}	----	21.680
UPI0001DC3CED	732	SINGLE	1	436	479	8	1.339e-07	{C}	----	13.271
UPI0001DC3CED	732	MULTIPLE	1	436	483	20	4.281e-11	{CHQ}	polar	5.661
UPI0001DC3CFF	326	SINGLE	1	297	319	8	9.589e-07	{Q}	----	9.426
UPI0001DC3D08	331	SINGLE	1	267	273	5	1.333e-06	{Q}	----	19.357
UPI0001DC3D0A	608	SINGLE	1	153	200	16	3.705e-06	{L}	----	3.535
UPI0001DC3D0A	608	SINGLE	2	221	231	7	5.938e-06	{A}	----	7.742
UPI0001DC3D0A	608	WHOLE	1	1	608	104	1.315e-09	{L}
UPI0001DC3D0D	485	SINGLE	1	361	371	7	5.938e-06	{A}	----	7.742
UPI0001DC3EB3	318	WHOLE	1	1	318	49	8.876e-06	{A}
UPI0001DC3ECD	183	SINGLE	1	154	172	9	2.301e-06	{V}	----	6.570
UPI0001DC3ECD	183	MULTIPLE	1	73	84	8	7.253e-07	{FN}	mixed	8.120
UPI0001DC3EF2	135	SINGLE	1	80	98	6	2.968e-06	{H}	----	13.730
UPI0001DC3F1B	449	SINGLE	1	343	367	9	3.044e-06	{T}	----	6.729
UPI0001DC3F1B	449	MULTIPLE	1	351	371	13	9.092e-07	{TL}	hydrophobic	4.188
UPI0001DC3F1D	714	SINGLE	1	490	538	17	1.491e-07	{A}	----	4.221
UPI0001DC3F22	957	SINGLE	1	715	725	7	2.432e-06	{G}	----	8.851
UPI0001DC3F22	957	SINGLE	2	151	161	7	5.938e-06	{A}	----	7.742
UPI0001DC3F38	512	SINGLE	1	361	379	7	2.989e-06	{Q}	----	9.984
UPI0001DC3F51	256	WHOLE	1	1	256	42	8.025e-06	{A}
UPI0001DC4133	359	MULTIPLE	1	167	192	9	9.498e-06	{MQ}	mixed	5.877
UPI0001DC4133	359	MULTIPLE	2	73	114	19	3.521e-06	{GA}	tiny_hydrophobic	2.936
UPI0001DC4145	623	SINGLE	1	244	267	8	1.385e-06	{Q}	----	9.033
UPI0001DC4145	623	WHOLE	1	1	623	54	6.919e-09	{Q}
UPI0001DC4163	273	SINGLE	1	144	149	5	3.953e-07	{Q}	----	22.584
UPI0001DC4163	273	MULTIPLE	1	97	124	11	8.306e-07	{TC}	small_polar	5.846
UPI0001DC417A	442	MULTIPLE	1	285	300	9	1.386e-07	{NH}	polar	8.721
UPI0001DC417B	1032	SINGLE	1	1018	1024	5	1.290e-07	{H}	----	31.056
UPI0001DC417B	1032	SINGLE	2	898	912	5	1.263e-06	{C}	----	24.331
UPI0001DC4185	138	SINGLE	1	103	107	4	8.928e-06	{Q}	----	21.680
UPI0001DC4187	315	MULTIPLE	1	199	233	17	2.316e-07	{DE}	negative	3.822
UPI0001DC4195	207	SINGLE	1	38	78	11	1.766e-07	{Q}	----	7.271
UPI0001DC41AA	603	MULTIPLE	1	174	237	22	4.311e-06	{VT}	small_hydrophobic	2.737
UPI0001DC41AF	502	WHOLE	1	1	502	40	3.635e-06	{Q}
UPI0001DC42C0	533	SINGLE	1	462	482	8	4.290e-07	{Q}	----	10.324
UPI0001DC42C0	533	SINGLE	2	295	335	14	2.236e-06	{A}	----	4.154
UPI0001DC42C0	533	MULTIPLE	1	295	352	24	1.370e-07	{AT}	small_hydrophobic	3.049
UPI0001DC42C0	533	WHOLE	1	1	533	49	5.225e-09	{Q}
UPI0001DC42C0	533	WHOLE	2	1	533	82	1.896e-08	{A}
UPI0001DC43F5	1047	SINGLE	1	721	875	44	1.400e-26	{Q}	----	7.693
UPI0001DC43F5	1047	SINGLE	2	559	693	36	4.850e-21	{Q}	----	7.227
UPI0001DC43F5	1047	SINGLE	3	217	279	18	7.670e-12	{Q}	----	7.743
UPI0001DC43F5	1047	SINGLE	4	417	476	15	3.137e-09	{Q}	----	6.775
UPI0001DC43F5	1047	SINGLE	5	342	346	5	6.841e-08	{Q}	----	27.100
UPI0001DC43F5	1047	SINGLE	6	371	394	8	1.385e-06	{Q}	----	9.033
UPI0001DC43F5	1047	WHOLE	1	1	1047	159	7.319e-51	{Q}
UPI0001DC43F5	1047	WHOLE	2	1	1047	146	5.680e-07	{L}
UPI0001DC4537	515	SINGLE	1	178	233	15	5.411e-06	{G}	----	3.725
UPI0001DC461E	138	SINGLE	1	32	48	7	2.336e-06	{F}	----	10.142
UPI0001DC461E	138	MULTIPLE	1	31	48	13	4.753e-10	{FI}	hydrophobic	7.259
UPI0001DC4635	244	WHOLE	1	1	244	43	1.044e-06	{A}
UPI0001DC4637	819	SINGLE	1	634	643	7	2.403e-07	{S}	----	11.925
UPI0001DC4637	819	WHOLE	1	1	819	90	6.969e-09	{S}
UPI0001DC463A	516	MULTIPLE	1	457	471	9	1.143e-06	{QT}	polar	6.637
UPI0001DC463C	328	SINGLE	1	287	318	6	4.186e-06	{C}	----	13.686
UPI0001DC4646	1037	SINGLE	1	206	241	9	4.327e-06	{Q}	----	6.775
UPI0001DC4646	1037	SINGLE	2	104	125	7	9.038e-06	{Q}	----	8.623
UPI0001DC4646	1037	MULTIPLE	1	1019	1034	10	1.292e-06	{VF}	hydrophobic	5.546
UPI0001DC464A	406	SINGLE	1	219	225	6	1.982e-06	{A}	----	10.428
UPI0001DC464A	406	WHOLE	1	1	406	59	7.708e-06	{A}
UPI0001DC464B	505	WHOLE	1	1	505	23	4.952e-07	{W}
UPI0001DC464B	505	WHOLE	2	1	505	39	9.323e-06	{Q}
UPI0001DC47BB	220	WHOLE	1	1	220	38	6.378e-06	{A}
UPI0001DC47EE	429	SINGLE	1	231	235	5	7.457e-06	{L}	----	10.604
UPI0001DC47EE	429	WHOLE	1	1	429	68	8.188e-06	{L}
UPI0001DC4884	251	SINGLE	1	53	58	5	3.773e-08	{H}	----	36.232
UPI0001DC492E	319	SINGLE	1	8	19	8	2.083e-06	{L}	----	7.070
UPI0001DC4960	100	MULTIPLE	1	45	66	10	4.111e-07	{RC}	polar	6.950
UPI0001DC4991	72	SINGLE	1	21	51	9	1.118e-06	{Q}	----	7.868
UPI0001DC4991	72	WHOLE	1	1	72	13	1.814e-06	{Q}
UPI0001DC4AFD	335	SINGLE	1	232	270	12	6.608e-06	{E}	----	4.459
UPI0001DC4AFD	335	MULTIPLE	1	211	270	20	1.499e-06	{EQ}	glx	3.148
UPI0001DC4B05	357	MULTIPLE	1	6	32	10	3.723e-06	{RW}	polar	5.681
UPI0001DC4B06	76	SINGLE	1	63	65	3	2.571e-06	{C}	----	72.993
UPI0001DC4B09	378	SINGLE	1	316	337	9	1.875e-06	{S}	----	6.969
UPI0001DC4B09	378	MULTIPLE	1	316	357	20	6.577e-07	{SL}	mixed	3.112
UPI0001DC4B09	378	WHOLE	1	1	378	64	1.819e-06	{L}
UPI0001DC4B0A	514	SINGLE	1	104	116	6	5.750e-06	{F}	----	11.368
UPI0001DC4B0A	514	SINGLE	2	505	513	5	7.416e-06	{Q}	----	15.056
UPI0001DC4B0F	372	MULTIPLE	1	334	348	12	5.012e-08	{AV}	small_hydrophobic	5.185
UPI0001DC4B16	671	SINGLE	1	177	186	6	4.561e-07	{Q}	----	16.260
UPI0001DC4CC4	416	MULTIPLE	1	76	144	21	1.587e-06	{IF}	hydrophobic	3.059
UPI0001DC4CC4	416	MULTIPLE	2	244	280	18	4.827e-07	{AI}	hydrophobic	3.448
UPI0001DC4CC7	385	SINGLE	1	62	116	18	1.283e-06	{L}	----	3.471
UPI0001DC4CC7	385	WHOLE	1	1	385	74	1.901e-09	{L}
UPI0001DC4CC7	385	WHOLE	2	1	385	18	5.449e-06	{W}
UPI0001DC4CDB	429	WHOLE	1	1	429	35	8.223e-06	{Q}
UPI0001DC4CEF	325	SINGLE	1	283	302	7	4.429e-06	{Q}	----	9.485
UPI0001DC4E0A	160	SINGLE	1	106	152	16	4.326e-08	{E}	----	4.934
UPI0001DC4E0F	183	SINGLE	1	34	62	10	3.037e-06	{K}	----	5.884
UPI0001DC4E49	378	SINGLE	1	163	168	5	2.102e-06	{R}	----	16.119
UPI0001DC4E4A	759	SINGLE	1	257	264	4	2.202e-06	{W}	----	37.037
UPI0001DC4E4A	759	SINGLE	2	598	642	14	7.512e-06	{A}	----	3.785
UPI0001DC4E4A	759	MULTIPLE	1	257	272	9	1.671e-08	{WQ}	polar	11.161
UPI0001DC4E4A	759	MULTIPLE	2	727	758	12	1.401e-07	{QH}	polar	6.260
UPI0001DC4E4A	759	MULTIPLE	3	498	513	10	5.205e-06	{QL}	mixed	4.764
UPI0001DC4E4A	759	WHOLE	1	1	759	106	3.583e-08	{A}
UPI0001DC4E4A	759	WHOLE	2	1	759	59	6.480e-08	{Q}
UPI0001DC4E4A	759	WHOLE	3	1	759	112	7.258e-07	{L}
UPI0001DC4E5E	351	SINGLE	1	138	173	10	4.476e-07	{Q}	----	7.528
UPI0001DC4E6B	1653	MULTIPLE	1	181	198	10	5.969e-06	{NV}	small	4.890
UPI0001DC4E6B	1653	WHOLE	1	1	1653	96	5.583e-06	{Q}
UPI0001DC4F8D	346	SINGLE	1	83	103	5	7.876e-06	{C}	----	17.379
UPI0001DC4F8E	471	SINGLE	1	302	313	5	3.493e-06	{M}	----	18.939
UPI0001DC4F8E	471	MULTIPLE	1	388	403	9	9.215e-07	{SM}	mixed	6.970
UPI0001DC4F8E	471	MULTIPLE	2	230	243	10	7.867e-06	{VL}	aliphatic	4.293
UPI0001DC4F8E	471	WHOLE	1	1	471	30	2.341e-07	{M}
UPI0001DC4F8E	471	WHOLE	2	1	471	77	7.811e-07	{L}
UPI0001DC4F91	219	SINGLE	1	190	202	7	2.867e-06	{S}	----	9.173
UPI0001DC4F96	814	SINGLE	1	102	130	9	9.141e-06	{R}	----	6.003
UPI0001DC4F97	1368	SINGLE	1	766	855	46	2.352e-41	{Q}	----	13.851
UPI0001DC4F97	1368	SINGLE	2	382	500	34	5.215e-21	{Q}	----	7.743
UPI0001DC4F97	1368	SINGLE	3	753	852	29	5.498e-16	{P}	----	6.374
UPI0001DC4F97	1368	SINGLE	4	389	454	17	3.944e-09	{P}	----	5.661
UPI0001DC4F97	1368	SINGLE	5	336	381	14	8.810e-09	{P}	----	6.689
UPI0001DC4F97	1368	SINGLE	6	673	694	9	3.870e-08	{Q}	----	11.086
UPI0001DC4F97	1368	SINGLE	7	559	596	15	1.137e-07	{A}	----	4.802
UPI0001DC4F97	1368	SINGLE	8	715	722	5	3.422e-06	{Q}	----	16.938
UPI0001DC4F97	1368	SINGLE	9	235	249	7	4.155e-06	{R}	----	9.026
UPI0001DC4F97	1368	SINGLE	10	871	894	8	6.413e-06	{P}	----	7.326
UPI0001DC4F97	1368	SINGLE	11	321	335	8	7.358e-06	{A}	----	6.488
UPI0001DC4F97	1368	SINGLE	12	214	226	7	8.321e-06	{E}	----	7.804
UPI0001DC4F97	1368	MULTIPLE	1	756	855	74	4.492e-58	{QP}	mixed	8.981
UPI0001DC4F97	1368	MULTIPLE	2	336	518	79	3.917e-37	{QP}	mixed	2.490
UPI0001DC4F97	1368	MULTIPLE	3	542	597	25	3.644e-09	{AP}	small	3.496
UPI0001DC4F97	1368	MULTIPLE	4	701	722	13	1.541e-07	{QA}	mixed	4.961
UPI0001DC4F97	1368	MULTIPLE	5	208	226	14	1.692e-09	{ED}	negative	5.797
UPI0001DC4F97	1368	MULTIPLE	6	607	631	12	9.788e-07	{RP}	mixed	4.938
UPI0001DC4F97	1368	WHOLE	1	1	1368	132	5.532e-23	{Q}
UPI0001DC4F97	1368	WHOLE	2	1	1368	140	1.023e-18	{P}
UPI0001DC5121	415	WHOLE	1	1	415	39	9.080e-07	{F}
UPI0001DC5121	415	WHOLE	2	1	415	48	4.305e-06	{I}
UPI0001DC5279	262	SINGLE	1	240	256	9	2.097e-06	{A}	----	6.441
UPI0001DC5280	638	SINGLE	1	589	610	9	3.870e-08	{Q}	----	11.086
UPI0001DC52AE	291	SINGLE	1	132	172	15	6.467e-08	{G}	----	5.088
UPI0001DC52AE	291	MULTIPLE	1	132	173	18	2.514e-09	{GC}	tiny_hydrophobic	5.007
UPI0001DC52AE	291	WHOLE	1	1	291	49	7.921e-07	{A}
UPI0001DC566D	392	SINGLE	1	1	25	7	8.034e-07	{M}	----	12.727
UPI0001DC566D	392	WHOLE	1	1	392	27	2.009e-07	{M}
UPI0001DC57CA	438	MULTIPLE	1	208	217	7	5.828e-06	{VM}	hydrophobic	7.439
UPI0001DC5C1F	784	WHOLE	1	1	784	58	4.006e-08	{Y}
UPI0001DC5D52	1587	MULTIPLE	1	1282	1324	17	2.879e-07	{NI}	mixed	3.938
UPI0001DCA82A	457	SINGLE	1	205	211	4	7.670e-06	{M}	----	25.974
UPI0001DCA886	418	SINGLE	1	94	107	5	8.446e-06	{M}	----	16.234
UPI0001DCA886	418	WHOLE	1	1	418	39	1.077e-06	{F}
UPI0001DCA886	418	WHOLE	2	1	418	25	6.089e-06	{M}
UPI0001DCAA57	215	SINGLE	1	5	19	7	8.399e-07	{F}	----	11.494
UPI0001DD2A0F	533	SINGLE	1	53	56	4	1.854e-06	{Q}	----	27.100
UPI0001DD2BF8	300	SINGLE	1	133	179	8	2.279e-07	{C}	----	12.424
UPI0001DD2BF8	300	SINGLE	2	286	298	7	8.321e-06	{E}	----	7.804
UPI0001DD2BF8	300	WHOLE	1	1	300	16	4.194e-06	{C}
UPI0001DD2BFE	347	SINGLE	1	13	20	5	9.497e-06	{P}	----	13.736
UPI0001DD2E1A	394	SINGLE	1	226	253	7	1.851e-06	{M}	----	11.364
UPI0001E4C392	34	MULTIPLE	1	16	31	8	2.037e-06	{FH}	aromatic	7.862
UPI0001E4E19B	395	SINGLE	1	367	389	7	7.834e-06	{Y}	----	8.873
UPI0001E4E19B	395	WHOLE	1	1	395	40	1.785e-07	{N}
UPI0001E549E8	98	SINGLE	1	36	56	9	1.177e-06	{S}	----	7.301
UPI0001E6D9AD	1014	MULTIPLE	1	424	440	9	6.269e-06	{MG}	hydrophobic	5.638
UPI0001E6D9AD	1014	MULTIPLE	2	892	906	8	4.324e-06	{TH}	polar	6.972
UPI0001E8C2C4	332	SINGLE	1	233	248	8	5.165e-06	{V}	----	6.935
UPI0001E8C2C4	332	SINGLE	2	317	325	5	7.416e-06	{Q}	----	15.056
UPI0001E8C2C4	332	MULTIPLE	1	114	137	14	5.221e-07	{AS}	tiny	4.140
UPI0001E8C446	477	MULTIPLE	1	151	163	9	1.300e-06	{FV}	hydrophobic	6.143
UPI0001E8D5FF	272	WHOLE	1	1	272	33	3.618e-06	{R}
UPI0001E8D85C	826	SINGLE	1	155	167	6	2.189e-06	{Y}	----	13.456
UPI0001E8D85C	826	SINGLE	2	486	533	13	2.281e-06	{S}	----	4.614
UPI0001E8D85C	826	MULTIPLE	1	155	177	13	1.678e-08	{YS}	polar	6.078
UPI0001E8D85C	826	MULTIPLE	2	486	526	15	6.826e-08	{SW}	polar	5.067
UPI0001E8D85C	826	MULTIPLE	3	452	480	13	1.202e-06	{ND}	asx	4.501
UPI0001E8D85C	826	WHOLE	1	1	826	62	3.893e-06	{N}
UPI0001E96732	461	MULTIPLE	1	91	123	16	8.281e-08	{CPR}	mixed	4.372
UPI0001F65D50	548	SINGLE	1	145	153	5	7.416e-06	{Q}	----	15.056
UPI0001FB432E	338	MULTIPLE	1	13	43	14	4.213e-07	{DN}	asx	4.534
UPI0001FB81FA	385	SINGLE	1	329	333	5	1.922e-06	{G}	----	13.908
UPI0001FB894D	159	SINGLE	1	88	92	5	6.620e-07	{D}	----	17.212
UPI000209C3EA	31	MULTIPLE	1	1	27	8	2.818e-06	{WM}	hydrophobic	8.346
UPI00020AF7E5	245	MULTIPLE	1	86	109	13	3.711e-06	{LP}	mixed	3.875
UPI00020BF865	350	SINGLE	1	5	22	9	3.849e-06	{A}	----	6.083
UPI00020BF865	350	MULTIPLE	1	200	212	11	8.740e-09	{PA}	small	6.626
UPI000219C990	162	MULTIPLE	1	56	78	11	3.465e-06	{TP}	small	4.831
UPI00021ADB8B	127	MULTIPLE	1	98	115	11	4.392e-09	{CHY}	polar	8.607
UPI000224233C	676	SINGLE	1	347	381	7	3.756e-07	{W}	----	14.815
UPI000224233C	676	WHOLE	1	1	676	25	6.004e-06	{W}
UPI0002242426	251	SINGLE	1	89	117	10	3.083e-06	{S}	----	5.874
UPI0002242426	251	MULTIPLE	1	89	117	16	9.112e-09	{ST}	small_polar	4.917
UPI0002242518	471	WHOLE	1	1	471	68	2.296e-06	{A}
UPI0002242DF2	809	SINGLE	1	376	402	10	8.761e-06	{G}	----	5.151
UPI0002243037	1157	SINGLE	1	621	669	15	4.508e-06	{A}	----	3.724
UPI0002243037	1157	MULTIPLE	1	252	288	18	3.693e-08	{QA}	mixed	4.085
UPI0002243037	1157	MULTIPLE	2	465	486	13	1.541e-07	{QA}	mixed	4.961
UPI0002243037	1157	WHOLE	1	1	1157	87	4.030e-10	{Q}
UPI0002243037	1157	WHOLE	2	1	1157	143	3.515e-07	{A}
UPI0002243FDD	446	SINGLE	1	152	156	5	3.753e-06	{A}	----	12.165
UPI0002244A46	393	SINGLE	1	154	182	7	9.458e-08	{W}	----	17.880
UPI0002244A46	393	SINGLE	2	272	318	17	5.178e-07	{L}	----	3.836
UPI0002244A46	393	SINGLE	3	194	197	4	8.192e-06	{T}	----	18.692
UPI0002244A46	393	WHOLE	1	1	393	70	1.021e-07	{L}
UPI0002244B14	770	WHOLE	1	1	770	67	2.616e-07	{P}
UPI0002244B14	770	WHOLE	2	1	770	27	6.779e-06	{W}
UPI0002244C1B	1247	WHOLE	1	1	1247	38	3.113e-06	{W}
UPI0002244C3D	523	SINGLE	1	94	114	8	2.040e-06	{P}	----	8.373
UPI0002244CB0	363	WHOLE	1	1	363	43	7.038e-07	{T}
UPI0002244DA4	454	SINGLE	1	175	200	9	9.498e-06	{I}	----	5.877
UPI0002244DA4	454	MULTIPLE	1	316	337	13	1.405e-06	{VG}	small_hydrophobic	4.104
UPI0002244DAB	139	MULTIPLE	1	75	117	14	1.001e-07	{QH}	polar	5.435
UPI0002244E0F	421	SINGLE	1	67	71	4	8.928e-06	{Q}	----	21.680
UPI0002244E0F	421	WHOLE	1	1	421	62	3.183e-06	{A}
UPI0002244E15	393	MULTIPLE	1	46	60	11	5.293e-07	{TL}	hydrophobic	4.962
UPI0002244E15	393	WHOLE	1	1	393	69	2.119e-07	{L}
UPI0002244E17	890	SINGLE	1	301	324	13	3.915e-08	{L}	----	5.744
UPI0002244E17	890	SINGLE	2	682	688	6	7.033e-07	{E}	----	12.422
UPI0002244E1E	387	SINGLE	1	275	308	12	1.528e-09	{Q}	----	9.565
UPI0002244E27	450	SINGLE	1	327	343	9	6.490e-06	{L}	----	5.614
UPI0002244E27	450	SINGLE	2	380	405	11	9.170e-06	{L}	----	4.486
UPI0002244E37	877	SINGLE	1	343	345	3	2.571e-06	{C}	----	72.993
UPI0002244E38	522	SINGLE	1	104	116	6	5.750e-06	{F}	----	11.368
UPI0002244E7F	485	WHOLE	1	1	485	87	2.686e-09	{L}
UPI0002244E8F	489	SINGLE	1	113	117	4	8.928e-06	{Q}	----	21.680
UPI0002244F4D	336	SINGLE	1	229	251	10	5.283e-06	{A}	----	5.289
UPI0002244F97	1418	WHOLE	1	1	1418	153	2.744e-16	{T}
UPI0002244F98	441	MULTIPLE	1	150	170	13	3.509e-06	{GL}	hydrophobic	3.725
UPI000224571B	729	SINGLE	1	393	401	6	9.427e-06	{V}	----	9.246
UPI000229680F	212	SINGLE	1	110	125	9	1.075e-06	{A}	----	6.843
UPI000229680F	212	WHOLE	1	1	212	47	2.402e-10	{A}
UPI00025100D6	629	MULTIPLE	1	18	49	14	8.597e-06	{AN}	small	3.537
UPI0002513C0D	639	SINGLE	1	87	129	8	1.110e-07	{C}	----	13.580
UPI0002513C0D	639	MULTIPLE	1	6	25	12	3.403e-08	{CA}	tiny_hydrophobic	6.257
UPI0002513C0D	639	WHOLE	1	1	639	31	2.139e-09	{C}
UPI0002513DF9	561	WHOLE	1	1	561	22	8.530e-06	{W}
UPI00025143BF	401	SINGLE	1	75	120	13	6.920e-09	{Q}	----	7.659
UPI00025143BF	401	SINGLE	2	366	397	14	6.473e-08	{A}	----	5.322
UPI00025143BF	401	SINGLE	3	377	389	7	5.239e-07	{P}	----	11.834
UPI00025143BF	401	MULTIPLE	1	366	398	23	6.539e-14	{AP}	small	5.458
UPI00025143BF	401	MULTIPLE	2	220	240	12	6.196e-07	{SD}	small_polar	4.892
UPI00025143BF	401	WHOLE	1	1	401	39	3.860e-08	{Q}
UPI00025143BF	401	WHOLE	2	1	401	60	2.744e-06	{A}
UPI0002514731	650	SINGLE	1	512	520	6	2.866e-06	{S}	----	11.357
UPI0002514731	650	SINGLE	2	613	617	4	8.928e-06	{Q}	----	21.680
UPI0002514ECD	523	MULTIPLE	1	51	87	12	1.333e-06	{FM}	hydrophobic	5.181
UPI0002515209	720	SINGLE	1	705	715	6	6.319e-07	{Y}	----	15.902
UPI0002568F66	334	MULTIPLE	1	7	46	18	6.144e-06	{KL}	hydrophobic	2.943
UPI000260B746	150	SINGLE	1	46	93	16	1.056e-07	{G}	----	4.636
UPI000260B746	150	MULTIPLE	1	46	95	28	4.052e-11	{GA}	tiny_hydrophobic	3.634
UPI000260BCCC	428	SINGLE	1	60	85	13	3.299e-09	{E}	----	7.246
UPI000260BCCC	428	SINGLE	2	182	213	10	1.320e-07	{Q}	----	8.469
UPI000260BCCC	428	SINGLE	3	289	334	15	1.894e-06	{A}	----	3.967
UPI000260BCCC	428	SINGLE	4	339	356	8	3.369e-06	{S}	----	7.571
UPI000260BCCC	428	SINGLE	5	295	333	11	3.695e-06	{T}	----	5.272
UPI000260BCCC	428	SINGLE	6	42	51	6	6.358e-06	{D}	----	10.327
UPI000260BCCC	428	MULTIPLE	1	60	91	19	2.328e-10	{ER}	charged	4.919
UPI000260BCCC	428	MULTIPLE	2	192	216	13	8.254e-09	{QN}	amide	6.633
UPI000260BCCC	428	MULTIPLE	3	268	329	42	1.176e-17	{ATP}	small	3.739
UPI000260BCCC	428	MULTIPLE	4	15	34	12	1.620e-07	{RS}	polar	5.435
UPI000260BEB2	526	SINGLE	1	419	436	11	8.342e-08	{L}	----	6.480
UPI000260BEB2	526	SINGLE	2	9	51	16	7.150e-07	{L}	----	3.946
UPI000260BEB2	526	MULTIPLE	1	9	51	19	2.224e-08	{LC}	hydrophobic	4.091
UPI000260BEB2	526	WHOLE	1	1	526	97	8.371e-11	{L}
UPI0002610C8B	429	SINGLE	1	320	334	8	7.358e-06	{A}	----	6.488
UPI0002610C8B	429	MULTIPLE	1	8	33	14	5.605e-06	{AV}	small_hydrophobic	3.490
UPI000261131F	385	SINGLE	1	10	16	6	4.458e-06	{L}	----	9.090
UPI000261131F	385	WHOLE	1	1	385	77	1.456e-10	{L}
UPI0002674EE5	478	SINGLE	1	87	141	17	9.361e-07	{A}	----	3.760
UPI0002674EE5	478	SINGLE	2	403	409	4	9.134e-06	{H}	----	24.845
UPI0002674EE5	478	MULTIPLE	1	277	290	8	1.414e-06	{WS}	polar	7.915
UPI000281D6D1	183	SINGLE	1	26	82	16	2.737e-08	{T}	----	5.247
UPI000281D6D1	183	WHOLE	1	1	183	29	1.235e-07	{T}
UPI0002874887	534	MULTIPLE	1	508	530	12	9.239e-06	{RA}	mixed	3.896
UPI0002874A08	696	SINGLE	1	75	125	19	6.677e-08	{L}	----	3.951
UPI0002874A08	696	SINGLE	2	144	156	5	5.176e-07	{W}	----	28.490
UPI0002874A08	696	WHOLE	1	1	696	115	1.499e-09	{L}
UPI000287512E	492	SINGLE	1	451	481	7	5.122e-06	{H}	----	9.818
UPI000287536D	375	SINGLE	1	328	339	8	1.464e-09	{Q}	----	18.067
UPI000287536D	375	SINGLE	2	241	291	11	1.828e-06	{Q}	----	5.845
UPI000287536D	375	WHOLE	1	1	375	35	4.569e-07	{Q}
UPI0002875557	510	SINGLE	1	425	427	3	2.571e-06	{C}	----	72.993
UPI00028757CF	584	SINGLE	1	29	46	8	1.033e-07	{Q}	----	12.045
UPI00028757CF	584	SINGLE	2	43	75	13	8.065e-07	{A}	----	4.792
UPI00028757CF	584	SINGLE	3	72	95	8	1.385e-06	{Q}	----	9.033
UPI00028757CF	584	SINGLE	4	548	556	5	7.416e-06	{Q}	----	15.056
UPI00028757CF	584	MULTIPLE	1	29	107	39	3.076e-16	{QA}	mixed	2.073
UPI00028757CF	584	WHOLE	1	1	584	44	5.101e-06	{Q}
UPI000287587B	313	SINGLE	1	308	313	5	3.773e-08	{H}	----	36.232
UPI000287587B	313	SINGLE	2	240	284	9	6.907e-07	{H}	----	8.696
UPI000287587B	313	MULTIPLE	1	3	11	8	1.641e-08	{HS}	polar	10.880
UPI000287587B	313	WHOLE	1	1	313	25	8.002e-08	{H}
UPI0002875903	765	SINGLE	1	175	183	6	1.894e-07	{Q}	----	18.067
UPI0002875AC3	729	SINGLE	1	72	96	8	1.962e-06	{Q}	----	8.672
UPI0002875AC3	729	WHOLE	1	1	729	67	7.467e-06	{T}
UPI0002875E7E	352	SINGLE	1	8	38	9	2.897e-06	{N}	----	6.996
UPI0002875E7E	352	WHOLE	1	1	352	40	8.476e-09	{N}
UPI000287644C	82	SINGLE	1	5	70	22	6.413e-08	{L}	----	3.535
UPI000287644C	82	WHOLE	1	1	82	23	9.962e-07	{L}
UPI000287646C	468	SINGLE	1	49	129	23	2.222e-11	{T}	----	5.307
UPI000287646C	468	MULTIPLE	1	29	129	40	1.600e-13	{TS}	small_polar	3.530
UPI000287646C	468	MULTIPLE	2	224	268	18	4.603e-08	{NT}	small_polar	4.211
UPI000287646C	468	WHOLE	1	1	468	66	7.616e-13	{T}
UPI000287646C	468	WHOLE	2	1	468	65	9.954e-11	{S}
UPI00028765A3	555	MULTIPLE	1	67	104	20	9.869e-07	{QSA}	mixed	2.960
UPI00028765A3	555	MULTIPLE	2	359	381	11	4.891e-07	{HD}	charged	5.897
UPI00028765A3	555	WHOLE	1	1	555	80	3.835e-07	{A}
UPI000287675A	553	SINGLE	1	493	498	6	3.085e-07	{A}	----	12.165
UPI000287675A	553	WHOLE	1	1	553	78	1.167e-06	{A}
UPI0002876908	789	MULTIPLE	1	346	369	12	3.998e-06	{TNM}	mixed	4.274
UPI0002876908	789	WHOLE	1	1	789	92	1.863e-06	{G}
UPI0002876908	789	WHOLE	2	1	789	71	8.318e-06	{T}
UPI0002876E8B	457	SINGLE	1	160	175	8	1.147e-06	{I}	----	8.489
UPI0002876E8B	457	MULTIPLE	1	160	200	20	3.045e-08	{IG}	hydrophobic	3.729
UPI0002876E8B	457	WHOLE	1	1	457	52	2.932e-06	{I}
UPI0002877059	866	SINGLE	1	180	198	8	5.477e-06	{S}	----	7.173
UPI0002877059	866	SINGLE	2	320	351	10	8.280e-06	{S}	----	5.324
UPI0002877059	866	MULTIPLE	1	389	407	13	1.308e-08	{GWY}	hydrophobic	5.716
UPI0002877059	866	WHOLE	1	1	866	85	1.598e-06	{S}
UPI00028770AA	742	SINGLE	1	709	714	5	3.953e-07	{Q}	----	22.584
UPI00028770AA	742	SINGLE	2	133	137	4	8.928e-06	{Q}	----	21.680
UPI00028770AA	742	SINGLE	3	450	471	7	9.038e-06	{Q}	----	8.623
UPI00028770AA	742	MULTIPLE	1	4	27	14	2.152e-07	{QL}	mixed	4.446
UPI00028770AA	742	WHOLE	1	1	742	68	9.324e-12	{Q}
UPI0002877129	15	SINGLE	1	6	14	7	6.025e-09	{F}	----	19.157
UPI0002877129	15	WHOLE	1	1	15	7	8.399e-07	{F}
UPI000287731C	444	SINGLE	1	91	130	11	3.433e-07	{F}	----	6.773
UPI000287731C	444	MULTIPLE	1	91	124	14	5.422e-09	{FM}	hydrophobic	6.578
UPI000287731C	444	WHOLE	1	1	444	39	4.306e-06	{F}
UPI0002877404	635	SINGLE	1	277	299	10	7.828e-08	{R}	----	8.410
UPI0002877404	635	SINGLE	2	449	482	13	5.406e-06	{L}	----	4.055
UPI000287764B	747	SINGLE	1	218	230	9	2.837e-07	{L}	----	7.342
UPI000287764B	747	SINGLE	2	93	97	5	7.089e-07	{I}	----	16.978
UPI000287764B	747	SINGLE	3	53	58	4	3.361e-06	{M}	----	30.303
UPI00028776F4	430	SINGLE	1	328	345	8	2.520e-07	{N}	----	10.710
UPI00028776F4	430	MULTIPLE	1	328	346	10	1.456e-08	{NC}	small_polar	9.535
UPI00028776F4	430	WHOLE	1	1	430	49	1.958e-10	{N}
UPI0002877ACE	264	MULTIPLE	1	99	132	14	9.724e-06	{ML}	hydrophobic	3.541
UPI0002877DA2	698	SINGLE	1	397	404	5	3.422e-06	{Q}	----	16.938
UPI0002877DA2	698	MULTIPLE	1	500	539	19	7.566e-07	{GYN}	mixed	3.216
UPI0002877ED4	1266	WHOLE	1	1	1266	40	7.792e-07	{W}
UPI000287825F	648	SINGLE	1	384	411	12	3.084e-06	{L}	----	4.545
UPI000287825F	648	MULTIPLE	1	366	411	22	3.378e-08	{LP}	mixed	3.421
UPI000287843F	1406	SINGLE	1	262	276	9	2.881e-08	{S}	----	10.221
UPI000287843F	1406	SINGLE	2	1194	1228	9	1.872e-06	{Y}	----	7.497
UPI000287843F	1406	WHOLE	1	1	1406	118	1.246e-07	{R}
UPI000287843F	1406	WHOLE	2	1	1406	85	3.020e-07	{Y}
UPI00028785A6	714	SINGLE	1	312	322	7	2.432e-06	{G}	----	8.851
UPI000287876D	726	SINGLE	1	711	722	7	3.715e-08	{Y}	----	17.007
UPI000287876D	726	SINGLE	2	255	275	7	6.399e-06	{Q}	----	9.033
UPI000287876D	726	MULTIPLE	1	247	275	11	5.474e-06	{QN}	amide	4.838
UPI0002878940	252	SINGLE	1	121	129	5	7.389e-07	{H}	----	24.155
UPI0002878C45	382	SINGLE	1	324	338	8	2.726e-06	{G}	----	7.418
UPI00028791F6	466	MULTIPLE	1	239	263	9	1.076e-07	{MC}	hydrophobic	10.084
UPI000287924C	702	SINGLE	1	500	532	10	5.291e-07	{N}	----	7.302
UPI000287924C	702	MULTIPLE	1	243	260	10	8.114e-08	{QY}	polar	7.803
UPI000287924C	702	MULTIPLE	2	26	48	15	7.654e-08	{SL}	mixed	4.263
UPI00028793D9	1105	SINGLE	1	168	212	17	2.540e-07	{L}	----	4.006
UPI00028793D9	1105	SINGLE	2	233	287	10	2.855e-07	{M}	----	8.264
UPI00028793D9	1105	WHOLE	1	1	1105	164	2.532e-09	{L}
UPI00028793E5	284	SINGLE	1	184	187	4	1.854e-06	{Q}	----	27.100
UPI0002879AB4	394	MULTIPLE	1	82	97	10	8.709e-07	{CL}	hydrophobic	5.787
UPI000287A104	340	WHOLE	1	1	340	59	2.000e-06	{L}
UPI000287A207	1079	SINGLE	1	812	845	13	1.198e-06	{A}	----	4.651
UPI00028BF285	396	WHOLE	1	1	396	18	9.511e-06	{C}
UPI00028C0F3B	404	MULTIPLE	1	339	388	19	1.366e-09	{YN}	polar	5.013
UPI00028C0F3B	404	MULTIPLE	2	364	388	11	9.818e-06	{DN}	asx	4.418
UPI00028C0F3B	404	MULTIPLE	3	174	210	18	1.512e-07	{GS}	tiny	3.725
UPI00028C0F3B	404	WHOLE	1	1	404	60	5.192e-08	{G}
UPI00028C0F3B	404	WHOLE	2	1	404	33	3.385e-06	{Y}
UPI00028C0F3B	404	WHOLE	3	1	404	37	4.687e-06	{N}
UPI00028C2681	327	SINGLE	1	255	294	14	1.604e-06	{A}	----	4.258
UPI00028D0972	358	MULTIPLE	1	71	94	10	7.388e-06	{DH}	charged	5.138
UPI00028D0AA6	549	MULTIPLE	1	125	137	7	1.039e-06	{QW}	polar	10.684
UPI00028D4245	394	MULTIPLE	1	96	108	10	1.123e-07	{AQ}	mixed	6.459
UPI00028D4245	394	WHOLE	1	1	394	67	7.315e-09	{A}
UPI0002A1BED6	249	MULTIPLE	1	167	200	11	1.085e-06	{WN}	polar	5.882
UPI0002A1BED6	249	WHOLE	1	1	249	33	7.784e-06	{I}
UPI0002A1DC68	195	MULTIPLE	1	5	28	12	1.524e-07	{FP}	mixed	5.807
UPI0002A2011A	469	SINGLE	1	84	96	7	1.548e-06	{T}	----	10.065
UPI0002A2C4D1	1806	SINGLE	1	1460	1483	9	5.435e-07	{P}	----	8.242
UPI0002A2C4D1	1806	SINGLE	2	295	313	7	6.423e-06	{N}	----	8.878
UPI0002A2C4D1	1806	MULTIPLE	1	1330	1375	22	6.983e-10	{NG}	small	4.217
UPI0002A2C4D1	1806	WHOLE	1	1	1806	271	2.967e-30	{G}
UPI0002A2C4D1	1806	WHOLE	2	1	1806	159	1.540e-18	{N}
UPI0002A2C4D1	1806	WHOLE	3	1	1806	173	1.437e-13	{T}
UPI0002A315E0	183	MULTIPLE	1	108	135	8	5.364e-07	{CW}	polar	10.504
UPI0002A323E7	844	WHOLE	1	1	844	65	1.073e-06	{N}
UPI0002A323E7	844	WHOLE	2	1	844	81	5.779e-06	{S}
UPI0002A3898A	212	SINGLE	1	152	205	16	4.208e-08	{S}	----	5.048
UPI0002A3B955	238	SINGLE	1	149	159	5	2.053e-07	{C}	----	33.179
UPI0002A3B9D2	705	SINGLE	1	618	657	11	1.342e-07	{Q}	----	7.453
UPI0002A3B9D2	705	SINGLE	2	49	66	7	4.233e-06	{N}	----	9.371
UPI0002A3B9D2	705	SINGLE	3	528	562	9	8.564e-06	{N}	----	6.196
UPI0002A3B9D2	705	MULTIPLE	1	176	190	10	1.841e-07	{IN}	mixed	6.640
UPI0002A3B9D2	705	WHOLE	1	1	705	60	1.144e-07	{N}
UPI0002A3B9D2	705	WHOLE	2	1	705	72	2.581e-06	{I}
UPI0002A4626C	500	SINGLE	1	439	445	6	9.125e-07	{V}	----	11.888
UPI0002A4626C	500	WHOLE	1	1	500	28	6.029e-06	{M}
UPI0002ADBF9E	341	SINGLE	1	7	30	10	8.312e-06	{A}	----	5.069
UPI0002ADC156	914	SINGLE	1	111	143	14	3.478e-12	{Q}	----	11.497
UPI0002ADC156	914	SINGLE	2	146	171	11	2.470e-06	{A}	----	5.147
UPI0002ADC156	914	WHOLE	1	1	914	86	5.102e-15	{Q}
UPI0002ADC156	914	WHOLE	2	1	914	133	1.819e-07	{L}
UPI0002ADC324	773	WHOLE	1	1	773	65	5.664e-08	{N}
UPI0002ADC324	773	WHOLE	2	1	773	75	3.680e-07	{T}
UPI0002ADC324	773	WHOLE	3	1	773	76	4.733e-06	{S}
UPI0002ADC38F	461	WHOLE	1	1	461	41	1.908e-06	{F}
UPI0002ADC3C3	236	WHOLE	1	1	236	50	2.860e-08	{L}
UPI0002ADC4ED	553	SINGLE	1	150	177	7	1.851e-06	{M}	----	11.364
UPI0002ADC4ED	553	SINGLE	2	363	370	5	3.422e-06	{Q}	----	16.938
UPI0002ADC4ED	553	SINGLE	3	18	44	10	8.761e-06	{G}	----	5.151
UPI0002ADC611	395	WHOLE	1	1	395	61	8.482e-07	{A}
UPI0002ADC673	670	SINGLE	1	324	360	9	5.507e-06	{Q}	----	6.592
UPI0002ADC673	670	SINGLE	2	255	259	5	7.457e-06	{L}	----	10.604
UPI0002ADC673	670	SINGLE	3	43	50	5	9.497e-06	{P}	----	13.736
UPI0002ADC673	670	WHOLE	1	1	670	99	2.601e-06	{L}
UPI0002ADC789	411	SINGLE	1	373	392	6	2.113e-07	{C}	----	21.898
UPI0002B5DD9D	150	MULTIPLE	1	23	62	16	9.779e-08	{QR}	polar	4.515
UPI0002B9C1ED	259	SINGLE	1	238	243	5	1.117e-06	{P}	----	18.315
UPI0002BA1AA1	990	SINGLE	1	550	563	8	3.741e-06	{A}	----	6.952
UPI0002BA1AA1	990	MULTIPLE	1	498	536	18	1.011e-07	{QA}	mixed	3.875
UPI0002BA1AA1	990	WHOLE	1	1	990	80	7.486e-11	{Q}
UPI0002BA1AA1	990	WHOLE	2	1	990	127	2.174e-07	{A}
UPI0002BB6704	1093	WHOLE	1	1	1093	35	2.600e-06	{W}
UPI0002BB6704	1093	WHOLE	2	1	1093	69	7.648e-06	{Q}
UPI0002BBD7A9	271	SINGLE	1	19	32	8	3.022e-07	{I}	----	9.702
UPI0002BC19C6	678	WHOLE	1	1	678	26	2.165e-06	{W}
UPI0002BC5F84	405	SINGLE	1	151	173	13	3.795e-09	{A}	----	6.876
UPI0002C8DAAC	657	SINGLE	1	454	476	9	1.648e-07	{N}	----	9.429
UPI0002C8F0E9	120	SINGLE	1	66	69	4	7.144e-06	{R}	----	19.342
UPI0002C8F18B	256	SINGLE	1	52	55	4	8.192e-06	{T}	----	18.692
UPI0002C8F59B	378	SINGLE	1	162	165	4	8.192e-06	{T}	----	18.692
UPI0002C90892	290	SINGLE	1	264	288	14	1.936e-10	{G}	----	7.789
UPI0002C90892	290	SINGLE	2	219	243	10	2.136e-08	{F}	----	9.852
UPI0002C90892	290	SINGLE	3	178	194	8	1.236e-07	{F}	----	11.591
UPI0002C90892	290	SINGLE	4	254	287	11	2.029e-06	{S}	----	5.512
UPI0002C90892	290	SINGLE	5	165	173	6	2.866e-06	{S}	----	11.357
UPI0002C90892	290	SINGLE	6	24	28	4	8.928e-06	{Q}	----	21.680
UPI0002C90892	290	MULTIPLE	1	254	288	26	2.072e-16	{GS}	tiny	5.688
UPI0002C90B39	231	SINGLE	1	17	29	5	6.877e-06	{H}	----	16.722
UPI0002C90DF4	475	SINGLE	1	133	145	8	1.747e-06	{A}	----	7.486
UPI0002C90DF4	475	SINGLE	2	11	29	10	2.106e-06	{L}	----	5.581
UPI0002C91AC5	322	SINGLE	1	273	281	4	4.143e-06	{C}	----	32.441
UPI0002C93D36	568	SINGLE	1	82	88	6	4.458e-06	{L}	----	9.090
UPI0002C93E9C	274	SINGLE	1	227	247	10	6.597e-06	{L}	----	5.050
UPI0002C94887	897	SINGLE	1	93	101	7	7.660e-08	{S}	----	13.250
UPI0002C94887	897	SINGLE	2	197	219	9	3.559e-07	{P}	----	8.600
UPI0002C94887	897	SINGLE	3	307	328	8	3.061e-06	{P}	----	7.992
UPI0002C94887	897	WHOLE	1	1	897	77	1.736e-09	{N}
UPI0002C94887	897	WHOLE	2	1	897	31	2.100e-06	{W}
UPI0002C94DDB	136	SINGLE	1	32	38	4	1.183e-06	{C}	----	41.710
UPI0002C94DDB	136	SINGLE	2	100	116	5	2.531e-06	{C}	----	21.468
UPI0002C94DDB	136	WHOLE	1	1	136	11	2.770e-06	{C}
UPI0002C96394	1538	SINGLE	1	1280	1303	9	1.556e-06	{R}	----	7.253
UPI0002C96394	1538	SINGLE	2	116	119	4	7.144e-06	{R}	----	19.342
UPI0002C96394	1538	SINGLE	3	859	862	4	8.192e-06	{T}	----	18.692
UPI0002C96394	1538	MULTIPLE	1	1284	1303	13	1.237e-08	{RS}	polar	5.888
UPI0002C96394	1538	WHOLE	1	1	1538	146	1.643e-12	{R}
UPI0002C98B3F	478	MULTIPLE	1	74	105	15	9.016e-07	{QA}	mixed	3.936
UPI0002C98B3F	478	WHOLE	1	1	478	72	2.696e-07	{A}
UPI0002C98B3F	478	WHOLE	2	1	478	41	4.760e-07	{Q}
UPI0002C9A3D5	487	MULTIPLE	1	395	415	12	1.789e-07	{AM}	hydrophobic	5.484
UPI0002C9A3D5	487	WHOLE	1	1	487	75	8.404e-06	{L}
UPI0002C9C119	1504	SINGLE	1	31	36	5	3.936e-06	{S}	----	14.196
UPI0002C9C119	1504	SINGLE	2	954	973	7	4.429e-06	{Q}	----	9.485
UPI0002C9C119	1504	SINGLE	3	1091	1111	5	7.341e-06	{W}	----	17.637
UPI0002C9C119	1504	SINGLE	4	799	813	7	9.524e-06	{S}	----	7.950
UPI0002C9C119	1504	WHOLE	1	1	1504	95	2.332e-07	{Q}
UPI0002C9DA25	331	SINGLE	1	220	225	5	3.936e-06	{S}	----	14.196
UPI0002C9F330	1024	SINGLE	1	358	364	4	9.134e-06	{H}	----	24.845
UPI0002C9F330	1024	WHOLE	1	1	1024	39	1.103e-08	{W}
UPI0002CA1FA8	498	SINGLE	1	289	352	16	9.496e-10	{Q}	----	6.775
UPI0002CA1FA8	498	WHOLE	1	1	498	42	5.402e-07	{Q}
UPI0002CA2BAA	353	MULTIPLE	1	85	99	7	3.515e-06	{WQ}	polar	9.259
UPI0002CA4AC8	838	SINGLE	1	687	722	13	5.701e-07	{G}	----	5.022
UPI0002CA4AC8	838	MULTIPLE	1	165	183	11	6.933e-07	{WL}	hydrophobic	5.371
UPI0002CA5C71	1293	SINGLE	1	205	216	6	6.200e-06	{P}	----	10.989
UPI0002CA5C71	1293	MULTIPLE	1	930	963	17	5.368e-07	{LP}	mixed	3.577
UPI0002CA5C71	1293	WHOLE	1	1	1293	160	7.862e-08	{A}
UPI0002CA5C71	1293	WHOLE	2	1	1293	83	6.368e-07	{Q}
UPI0002CA672A	331	SINGLE	1	4	14	6	3.248e-06	{P}	----	11.988
UPI0002CA672A	331	MULTIPLE	1	289	313	10	2.250e-06	{PM}	mixed	5.926
UPI0002CA672A	331	WHOLE	1	1	331	38	6.892e-10	{Q}
UPI0002CA6BE3	306	SINGLE	1	50	79	14	1.311e-07	{L}	----	4.949
UPI0002CA6C32	447	MULTIPLE	1	161	186	13	5.114e-07	{QE}	glx	4.721
UPI0002CA6C32	447	WHOLE	1	1	447	36	8.193e-06	{Q}
UPI0002CA77C1	865	MULTIPLE	1	28	61	15	1.899e-06	{KS}	polar	3.761
UPI0002CA8369	188	SINGLE	1	74	84	6	3.248e-06	{P}	----	11.988
UPI0002CA877D	378	MULTIPLE	1	216	241	13	4.739e-07	{HA}	hydrophobic	4.753
UPI0002CA985C	540	SINGLE	1	104	145	10	5.744e-06	{N}	----	5.737
UPI0002CA985C	540	WHOLE	1	1	540	49	2.365e-07	{N}
UPI0002CA9A0F	286	SINGLE	1	146	179	14	1.610e-07	{A}	----	5.009
UPI0002CA9A0F	286	WHOLE	1	1	286	47	2.476e-06	{A}
UPI0002CAA7F9	398	MULTIPLE	1	172	193	12	1.295e-06	{SI}	mixed	4.638
UPI0002CAAE5B	402	WHOLE	1	1	402	25	3.180e-06	{M}
UPI0002CABDC7	421	SINGLE	1	398	419	9	6.583e-07	{R}	----	7.913
UPI0002CACA81	515	SINGLE	1	461	478	9	3.849e-06	{A}	----	6.083
UPI0002CAD6E4	502	MULTIPLE	1	372	391	12	6.003e-06	{VA}	small_hydrophobic	3.889
UPI0002CADD10	541	MULTIPLE	1	459	475	9	3.894e-06	{QR}	polar	5.975
UPI0002CB155A	908	MULTIPLE	1	151	173	8	6.606e-06	{CY}	polar	7.246
UPI0002CB330F	269	MULTIPLE	1	149	177	13	4.649e-06	{FG}	hydrophobic	3.985
UPI0002CB3348	551	WHOLE	1	1	551	23	2.055e-06	{W}
UPI0002CB3E8E	605	SINGLE	1	366	432	17	7.344e-14	{M}	----	11.533
UPI0002CB3E8E	605	MULTIPLE	1	366	434	41	5.457e-17	{MGS}	mixed	3.894
UPI0002CB3E8E	605	WHOLE	1	1	605	38	1.016e-08	{M}
UPI0002CB50EC	200	SINGLE	1	15	18	3	9.709e-06	{W}	----	55.556
UPI0002CB8397	946	WHOLE	1	1	946	81	4.011e-06	{R}
UPI0002CBC690	681	SINGLE	1	473	486	8	1.371e-06	{G}	----	7.948
UPI0002CBC690	681	WHOLE	1	1	681	88	8.202e-06	{A}
UPI0002CBD601	257	SINGLE	1	153	181	10	1.354e-06	{T}	----	6.445
UPI0002CBE666	470	MULTIPLE	1	360	374	8	3.623e-06	{HR}	positive	7.140
UPI0002CBE7E3	443	SINGLE	1	2	23	9	1.928e-06	{I}	----	6.946
UPI0002CBE7E3	443	MULTIPLE	1	2	24	13	3.758e-08	{IF}	hydrophobic	5.681
UPI0002CBE7E3	443	MULTIPLE	2	41	60	11	6.189e-07	{FI}	hydrophobic	5.528
UPI0002CBE7E3	443	WHOLE	1	1	443	72	5.870e-15	{I}
UPI0002CBEA10	546	MULTIPLE	1	372	402	15	2.605e-07	{FG}	hydrophobic	4.301
UPI0002CBEAE5	823	SINGLE	1	599	631	7	7.943e-06	{H}	----	9.223
UPI0002CBEAE5	823	SINGLE	2	576	603	10	8.864e-06	{E}	----	5.176
UPI0002CBEAE5	823	MULTIPLE	1	576	632	20	6.424e-08	{HE}	charged	3.814
UPI0002CBEB1D	655	SINGLE	1	71	89	8	5.615e-06	{I}	----	7.149
UPI0002CBF423	67	MULTIPLE	1	26	48	15	7.654e-08	{SL}	mixed	4.263
UPI0002CBFC02	477	SINGLE	1	26	32	5	2.375e-06	{N}	----	17.212
UPI0002CBFC02	477	WHOLE	1	1	477	41	4.242e-06	{F}
UPI0002CBFD03	373	SINGLE	1	283	290	5	9.497e-06	{P}	----	13.736
UPI0002CC1072	1616	SINGLE	1	645	706	19	2.777e-10	{T}	----	5.728
UPI0002CC1072	1616	SINGLE	2	594	628	12	1.295e-07	{T}	----	6.409
UPI0002CC1072	1616	SINGLE	3	596	629	10	7.184e-07	{N}	----	7.087
UPI0002CC1072	1616	SINGLE	4	504	537	10	7.184e-07	{N}	----	7.087
UPI0002CC1072	1616	SINGLE	5	242	269	12	7.339e-07	{A}	----	5.214
UPI0002CC1072	1616	SINGLE	6	511	539	10	1.354e-06	{T}	----	6.445
UPI0002CC1072	1616	SINGLE	7	1137	1142	5	3.936e-06	{S}	----	14.196
UPI0002CC1072	1616	SINGLE	8	43	80	12	7.426e-06	{G}	----	4.392
UPI0002CC1072	1616	MULTIPLE	1	650	707	27	2.977e-13	{TN}	small_polar	4.900
UPI0002CC1072	1616	MULTIPLE	2	594	629	22	3.036e-14	{TN}	small_polar	6.433
UPI0002CC1072	1616	MULTIPLE	3	510	539	19	6.875e-13	{NT}	small_polar	6.667
UPI0002CC1072	1616	MULTIPLE	4	198	269	33	7.594e-11	{AS}	tiny	3.253
UPI0002CC1072	1616	WHOLE	1	1	1616	152	2.367e-20	{N}
UPI0002CC1072	1616	WHOLE	2	1	1616	236	5.643e-18	{A}
UPI0002CC1072	1616	WHOLE	3	1	1616	171	9.386e-14	{S}
UPI0002CC1072	1616	WHOLE	4	1	1616	159	1.574e-13	{T}
UPI0002CC1072	1616	WHOLE	5	1	1616	184	3.410e-10	{G}
UPI0002CC1DFE	205	SINGLE	1	146	162	5	2.531e-06	{C}	----	21.468
UPI0002CC1DFE	205	WHOLE	1	1	205	17	4.472e-09	{C}
UPI0002CC2102	488	SINGLE	1	164	181	10	3.103e-07	{A}	----	6.759
UPI0002CC2102	488	MULTIPLE	1	55	74	8	2.820e-06	{WQ}	polar	7.937
UPI0002CC2102	488	WHOLE	1	1	488	68	7.173e-06	{A}
UPI0002CC34BF	72	SINGLE	1	35	59	6	9.010e-07	{C}	----	17.518
UPI0002CC3830	425	SINGLE	1	15	28	5	7.944e-07	{W}	----	26.455
UPI0002CC3830	425	SINGLE	2	211	231	8	8.765e-07	{F}	----	9.383
UPI0002CC3830	425	WHOLE	1	1	425	44	1.381e-08	{F}
UPI0002CC6150	138	SINGLE	1	74	106	9	1.984e-06	{Q}	----	7.391
UPI0002CC6150	138	SINGLE	2	24	45	7	9.038e-06	{Q}	----	8.623
UPI0002CC6150	138	WHOLE	1	1	138	20	1.574e-07	{Q}
UPI0002CC63FF	362	SINGLE	1	215	227	6	3.329e-06	{Q}	----	12.508
UPI0002CC63FF	362	SINGLE	2	239	247	6	9.278e-06	{G}	----	9.272
UPI0002CC68E3	292	MULTIPLE	1	163	172	8	1.257e-06	{HL}	hydrophobic	6.820
UPI0002CC6AA5	807	SINGLE	1	97	125	9	9.141e-06	{R}	----	6.003
UPI0002CC7639	425	SINGLE	1	189	191	3	2.460e-06	{W}	----	74.074
UPI0002CC7639	425	SINGLE	2	145	158	7	5.518e-06	{I}	----	8.489
UPI0002CC7639	425	MULTIPLE	1	145	158	11	4.199e-09	{IP}	mixed	7.526
UPI0002CC7901	271	SINGLE	1	231	241	4	9.966e-06	{W}	----	26.936
UPI0002CC857D	506	MULTIPLE	1	286	333	18	3.785e-06	{AQ}	mixed	3.149
UPI0002CC8B34	894	SINGLE	1	436	457	9	9.901e-06	{V}	----	5.674
UPI0002CCAD7C	472	MULTIPLE	1	290	317	12	3.017e-06	{FT}	hydrophobic	4.554
UPI0002CCAD7C	472	WHOLE	1	1	472	28	2.137e-06	{M}
UPI0002CCB83D	103	SINGLE	1	52	79	9	8.725e-06	{T}	----	6.008
UPI0002CCBBC5	1250	SINGLE	1	920	952	17	8.504e-15	{P}	----	11.322
UPI0002CCBBC5	1250	MULTIPLE	1	920	948	23	5.559e-18	{PD}	small	7.655
UPI0002CCBBC5	1250	MULTIPLE	2	756	798	18	1.993e-08	{TN}	small_polar	4.406
UPI0002CCBBC5	1250	WHOLE	1	1	1250	155	2.095e-11	{G}
UPI0002CCBBC5	1250	WHOLE	2	1	1250	118	1.081e-07	{D}
UPI0002CCBBC5	1250	WHOLE	3	1	1250	110	1.618e-07	{T}
UPI0002CCBBC5	1250	WHOLE	4	1	1250	88	7.869e-07	{N}
UPI0002CCBBC5	1250	WHOLE	5	1	1250	111	5.240e-06	{S}
UPI00030F7386	495	SINGLE	1	312	330	10	2.106e-06	{L}	----	5.581
UPI00030F7386	495	SINGLE	2	115	124	6	3.952e-06	{T}	----	11.215
UPI00038F6DB8	126	SINGLE	1	13	54	15	5.146e-07	{A}	----	4.345
UPI00038F6DB8	126	SINGLE	2	52	64	6	6.516e-06	{N}	----	11.121
UPI00038F6DB8	126	MULTIPLE	1	18	64	23	9.029e-10	{AN}	small	3.956
UPI00038FBDD7	245	SINGLE	1	216	240	8	3.947e-06	{F}	----	7.882
UPI00038FE71F	294	SINGLE	1	234	275	13	4.256e-07	{K}	----	5.282
UPI0003902E3C	395	WHOLE	1	1	395	45	5.258e-10	{F}
UPI0003902E3C	395	WHOLE	2	1	395	56	9.289e-10	{I}
UPI0003916565	500	SINGLE	1	44	52	8	5.097e-08	{L}	----	9.426
UPI0003A697C9	270	WHOLE	1	1	270	36	2.835e-06	{I}
UPI0003B95A92	304	SINGLE	1	291	303	9	8.693e-08	{A}	----	8.422
UPI0003BACBDF	296	SINGLE	1	100	111	5	4.331e-06	{H}	----	18.116
UPI0003BACBDF	296	MULTIPLE	1	100	120	8	3.953e-07	{HW}	polar_aromatic	10.437
UPI0003BAECC2	451	MULTIPLE	1	80	106	15	4.345e-07	{LP}	mixed	3.974
UPI0003BB0BC6	788	WHOLE	1	1	788	76	1.116e-07	{R}
UPI0003BB0FD1	108	SINGLE	1	50	86	12	7.080e-07	{I}	----	5.506
UPI0003BB0FD1	108	WHOLE	1	1	108	20	3.548e-06	{I}
UPI0003BB1E00	750	SINGLE	1	600	627	12	7.339e-07	{A}	----	5.214
UPI0003BB1E00	750	SINGLE	2	475	479	4	1.367e-06	{H}	----	34.783
UPI0003BB1E00	750	MULTIPLE	1	475	487	10	3.402e-08	{HA}	hydrophobic	7.312
UPI0003BB1E00	750	MULTIPLE	2	648	678	17	4.384e-08	{WAQ}	mixed	4.136
UPI0003BB2250	1120	SINGLE	1	145	181	10	5.907e-07	{Q}	----	7.324
UPI0003BB2250	1120	SINGLE	2	351	354	4	1.854e-06	{Q}	----	27.100
UPI0003BB2250	1120	SINGLE	3	200	235	9	4.327e-06	{Q}	----	6.775
UPI0003BB2250	1120	SINGLE	4	425	461	9	5.507e-06	{Q}	----	6.592
UPI0003BB2250	1120	MULTIPLE	1	553	585	18	1.850e-07	{LI}	aliphatic	3.560
UPI0003BB2250	1120	WHOLE	1	1	1120	83	1.846e-09	{Q}
UPI0003BB2250	1120	WHOLE	2	1	1120	160	4.401e-08	{L}
UPI0003EDE060	379	SINGLE	1	265	269	4	8.928e-06	{Q}	----	21.680
UPI00046170CC	162	MULTIPLE	1	56	78	11	3.465e-06	{TP}	small	4.831
UPI000461D197	948	MULTIPLE	1	88	139	20	3.311e-07	{GN}	small	3.392
UPI000461D197	948	WHOLE	1	1	948	144	1.806e-17	{G}
UPI000461D197	948	WHOLE	2	1	948	96	1.553e-09	{T}
UPI00049EB194	141	SINGLE	1	95	121	6	1.465e-06	{C}	----	16.221
UPI00049EB194	141	WHOLE	1	1	141	11	3.905e-06	{C}
UPI00049ED6D8	301	MULTIPLE	1	256	281	9	4.819e-06	{FW}	aromatic	6.398
UPI00049ED6D8	301	WHOLE	1	1	301	31	2.601e-06	{N}
UPI00049F6A9D	114	SINGLE	1	18	47	10	1.922e-06	{T}	----	6.231
UPI00049F6A9D	114	MULTIPLE	1	5	47	17	1.351e-06	{TS}	small_polar	3.524
UPI00049F9E1E	185	WHOLE	1	1	185	35	1.891e-06	{A}
UPI00049FA069	570	SINGLE	1	270	274	4	1.146e-06	{M}	----	36.364
UPI00049FA069	570	SINGLE	2	534	553	7	4.429e-06	{Q}	----	9.485
UPI00049FECF6	2035	SINGLE	1	2024	2034	7	2.635e-07	{R}	----	12.309
UPI00049FECF6	2035	SINGLE	2	1643	1699	13	1.130e-06	{P}	----	5.013
UPI00049FECF6	2035	MULTIPLE	1	1643	1699	21	1.655e-09	{PQ}	mixed	4.471
UPI00049FECF6	2035	MULTIPLE	2	1334	1353	10	2.178e-06	{RQ}	polar	5.643
UPI00049FECF6	2035	WHOLE	1	1	2035	143	3.240e-13	{Q}
UPI00049FECF6	2035	WHOLE	2	1	2035	273	1.137e-09	{L}
UPI00049FECF6	2035	WHOLE	3	1	2035	141	3.531e-07	{P}
UPI00049FECF6	2035	WHOLE	4	1	2035	53	4.310e-06	{W}
UPI00049FF6F8	284	SINGLE	1	196	214	8	5.477e-06	{S}	----	7.173
UPI00049FF6F8	284	MULTIPLE	1	165	208	13	1.586e-06	{MF}	hydrophobic	4.720
UPI0004A0456F	1264	SINGLE	1	45	51	6	1.982e-06	{A}	----	10.428
UPI0004A0456F	1264	MULTIPLE	1	45	62	12	4.534e-07	{AK}	hydrophobic	4.735
UPI0004A0456F	1264	MULTIPLE	2	1163	1194	12	5.699e-06	{WG}	hydrophobic	4.391
UPI0004A07794	487	SINGLE	1	238	247	7	1.276e-07	{T}	----	13.084
UPI0004A07794	487	WHOLE	1	1	487	65	6.962e-07	{G}
UPI0004A07794	487	WHOLE	2	1	487	52	1.274e-06	{T}
UPI0004A0947E	600	MULTIPLE	1	556	580	9	7.549e-06	{QH}	polar	6.010
UPI0004A0BC1E	492	WHOLE	1	1	492	78	2.092e-06	{L}
UPI0004A12DC5	426	SINGLE	1	235	271	15	4.393e-07	{L}	----	4.299
UPI0004A12DC5	426	SINGLE	2	172	200	7	2.386e-06	{M}	----	10.972
UPI0004A12DC5	426	SINGLE	3	156	177	9	9.683e-06	{G}	----	5.690
UPI0004A12DC5	426	MULTIPLE	1	235	290	28	7.096e-09	{LG}	hydrophobic	3.008
UPI0004A12DC5	426	MULTIPLE	2	156	195	16	2.154e-07	{MG}	hydrophobic	4.260
UPI0004A12DC5	426	MULTIPLE	3	311	359	18	3.790e-06	{ML}	hydrophobic	3.159
UPI0004A12DC5	426	WHOLE	1	1	426	71	9.822e-07	{L}
UPI0004D560FD	216	SINGLE	1	24	29	4	4.007e-06	{H}	----	28.986
UPI00050B51B7	261	SINGLE	1	163	170	5	6.070e-06	{N}	----	15.060
UPI00057BE0AF	321	MULTIPLE	1	65	86	10	4.111e-07	{RC}	polar	6.950
UPI0005A768CA	605	WHOLE	1	1	605	67	3.808e-07	{I}
UPI0005A768CA	605	WHOLE	2	1	605	51	1.147e-06	{N}
UPI000627DEB6	888	SINGLE	1	114	159	11	1.903e-06	{N}	----	5.762
UPI000627DEB6	888	MULTIPLE	1	114	168	19	2.912e-07	{NT}	small_polar	3.636
UPI000627DEB6	888	MULTIPLE	2	824	839	11	2.473e-08	{ND}	asx	6.903
UPI000627DEB6	888	MULTIPLE	3	394	418	13	8.058e-08	{NT}	small_polar	5.474
UPI000627DEB6	888	MULTIPLE	4	623	658	15	2.932e-06	{NG}	small	3.674
UPI000627DEB6	888	WHOLE	1	1	888	107	1.797e-22	{N}
UPI000627DEB6	888	WHOLE	2	1	888	91	8.356e-08	{D}
UPI000627DEB6	888	WHOLE	3	1	888	88	7.547e-07	{S}
UPI000627DEB6	888	WHOLE	4	1	888	79	4.377e-06	{T}
UPI0006505284	173	MULTIPLE	1	75	101	13	2.546e-07	{TN}	small_polar	5.068
UPI00065221E7	822	SINGLE	1	313	317	4	8.928e-06	{Q}	----	21.680
UPI0006B3F97E	257	SINGLE	1	190	223	10	5.901e-07	{F}	----	7.244
UPI0006B3F97E	257	WHOLE	1	1	257	30	1.902e-07	{F}
UPI0006B49691	434	WHOLE	1	1	434	62	7.984e-06	{A}
UPI0006B4A4C8	3163	SINGLE	1	2216	2228	7	1.276e-07	{Q}	----	14.592
UPI0006B4A4C8	3163	SINGLE	2	1615	1665	16	1.549e-06	{A}	----	3.817
UPI0006B4A4C8	3163	SINGLE	3	1233	1237	4	8.928e-06	{Q}	----	21.680
UPI0006B4A4C8	3163	MULTIPLE	1	2109	2139	13	2.771e-06	{PT}	small	4.236
UPI0006B4A4C8	3163	MULTIPLE	2	971	978	7	4.651e-06	{QL}	mixed	6.669
UPI0006B4A4C8	3163	WHOLE	1	1	3163	411	2.700e-20	{A}
UPI0006B4A4C8	3163	WHOLE	2	1	3163	200	2.264e-13	{Q}
UPI0006B4A4C8	3163	WHOLE	3	1	3163	367	6.064e-06	{L}
UPI0006B5516D	207	MULTIPLE	1	11	43	13	6.558e-07	{SM}	mixed	4.882
UPI0006B569D9	352	SINGLE	1	286	307	9	9.683e-06	{G}	----	5.690
UPI0006B569D9	352	SINGLE	2	76	108	11	9.951e-06	{G}	----	4.636
UPI0006B5C131	309	SINGLE	1	21	25	5	3.753e-06	{A}	----	12.165
UPI0006B61AEC	326	SINGLE	1	179	226	13	1.217e-08	{Q}	----	7.340
UPI0006B648E5	305	SINGLE	1	18	22	4	6.683e-06	{Y}	----	23.324
UPI0006B671F4	464	WHOLE	1	1	464	44	2.822e-07	{N}
UPI0006B69EF1	468	SINGLE	1	217	225	6	2.866e-06	{S}	----	11.357
UPI0006B69EF1	468	MULTIPLE	1	267	285	9	2.328e-06	{WS}	polar	6.561
UPI00071D0575	160	SINGLE	1	28	35	5	2.394e-06	{Y}	----	18.222
UPI00073B1292	227	SINGLE	1	51	66	7	7.597e-07	{Q}	----	11.856
UPI00073B35DB	790	MULTIPLE	1	577	607	15	2.517e-07	{TS}	small_polar	4.313
UPI00073B35DB	790	WHOLE	1	1	790	61	1.989e-06	{N}
UPI00073B365E	759	SINGLE	1	633	646	7	5.397e-06	{S}	----	8.518
UPI00073B6F90	164	MULTIPLE	1	37	79	14	3.683e-08	{CN}	small_polar	5.898
UPI00073B6F90	164	WHOLE	1	1	164	16	1.229e-09	{C}
UPI00073B7D17	379	MULTIPLE	1	217	241	13	8.565e-07	{AY}	hydrophobic	4.464
UPI00073B817B	333	WHOLE	1	1	333	34	1.110e-06	{N}
UPI00073B8934	195	SINGLE	1	27	32	4	4.007e-06	{H}	----	28.986
UPI00073B9280	310	SINGLE	1	77	85	5	7.416e-06	{Q}	----	15.056
UPI00073BA80D	367	SINGLE	1	172	212	14	4.638e-07	{G}	----	4.749
UPI00073BB32C	325	WHOLE	1	1	325	60	2.188e-07	{L}
UPI00073BB69C	417	SINGLE	1	9	30	11	2.209e-10	{F}	----	12.315
UPI00073BB69C	417	SINGLE	2	239	251	6	5.750e-06	{F}	----	11.368
UPI00073BB69C	417	WHOLE	1	1	417	56	5.956e-15	{F}
UPI00073BD2C2	609	SINGLE	1	62	105	9	5.655e-07	{H}	----	8.893
UPI00073BEFE0	446	MULTIPLE	1	305	349	12	3.495e-08	{WM}	hydrophobic	7.512
UPI00073C03B7	288	SINGLE	1	243	247	4	8.928e-06	{Q}	----	21.680
UPI00073C2E3D	240	SINGLE	1	38	47	6	6.745e-06	{S}	----	10.221
UPI00073C403D	425	WHOLE	1	1	425	48	7.885e-06	{I}
UPI00073C4A8A	334	WHOLE	1	1	334	53	1.796e-06	{A}
UPI00073CB89F	394	WHOLE	1	1	394	26	7.224e-07	{M}
UPI00073CB89F	394	WHOLE	2	1	394	67	9.448e-07	{L}
UPI00073CBA9D	261	SINGLE	1	109	123	7	9.737e-06	{I}	----	7.923
UPI000850432D	146	SINGLE	1	28	35	5	2.394e-06	{Y}	----	18.222
UPI0008FB0633	82	SINGLE	1	63	69	5	6.975e-06	{R}	----	13.816
UPI0008FB0633	82	SINGLE	2	8	14	5	6.975e-06	{R}	----	13.816
UPI0008FB0633	82	WHOLE	1	1	82	19	2.504e-08	{R}
UPI0008FBDC5D	402	WHOLE	1	1	402	34	5.246e-06	{Q}
UPI0008FC093E	572	SINGLE	1	211	255	10	3.986e-10	{W}	----	16.461
UPI0008FC093E	572	MULTIPLE	1	81	115	16	1.546e-07	{LW}	hydrophobic	4.241
UPI0008FC093E	572	WHOLE	1	1	572	109	8.324e-13	{L}
UPI0008FC093E	572	WHOLE	2	1	572	25	3.488e-07	{W}
UPI0008FC0A90	430	SINGLE	1	161	177	9	2.097e-06	{A}	----	6.441
UPI0008FC0A90	430	WHOLE	1	1	430	77	2.090e-08	{L}
UPI00092DE013	410	SINGLE	1	154	157	3	9.709e-06	{W}	----	55.556
UPI00092EB4D5	80	SINGLE	1	65	69	4	8.928e-06	{Q}	----	21.680
UPI000A3A49A9	220	SINGLE	1	59	89	13	1.617e-06	{L}	----	4.447
UPI000A3A49A9	220	WHOLE	1	1	220	51	9.293e-10	{L}
UPI000A3C27FB	531	SINGLE	1	122	131	6	3.952e-06	{T}	----	11.215
UPI000B1AA809	406	WHOLE	1	1	406	62	5.958e-12	{I}
UPI000C2229E9	553	SINGLE	1	324	377	14	6.259e-09	{Q}	----	7.026
UPI000C2229E9	553	MULTIPLE	1	122	142	9	1.390e-06	{HQ}	polar	7.155
UPI000C2229E9	553	WHOLE	1	1	553	50	6.297e-09	{Q}
UPI000C29037F	144	SINGLE	1	54	91	11	3.856e-10	{M}	----	13.158
UPI000C29037F	144	MULTIPLE	1	10	26	11	1.006e-07	{AM}	hydrophobic	6.210
UPI000C29037F	144	WHOLE	1	1	144	18	3.229e-09	{M}
UPI000CDBC42F	454	SINGLE	1	395	406	9	9.032e-09	{G}	----	10.431
UPI000CDBC42F	454	SINGLE	2	443	448	5	2.102e-06	{R}	----	16.119
UPI000CDBC42F	454	SINGLE	3	388	409	7	9.038e-06	{Q}	----	8.623
UPI000CDBC42F	454	MULTIPLE	1	388	413	24	1.956e-17	{GQR}	mixed	5.751
UPI000CDBF821	511	WHOLE	1	1	511	82	7.655e-07	{L}
UPI000CDC046F	881	MULTIPLE	1	851	874	10	8.491e-06	{QP}	mixed	5.057
UPI000CDC0D1E	511	SINGLE	1	330	372	18	1.778e-08	{L}	----	4.439
UPI000CDC0D1E	511	SINGLE	2	240	259	11	3.612e-07	{L}	----	5.832
UPI000CDC0D1E	511	SINGLE	3	369	399	6	3.173e-06	{W}	----	14.337
UPI000CDC0D1E	511	MULTIPLE	1	330	395	31	1.213e-13	{LW}	hydrophobic	4.357
UPI000CDC0D1E	511	WHOLE	1	1	511	113	7.580e-18	{L}
UPI000CDC0D1E	511	WHOLE	2	1	511	28	6.648e-10	{W}
UPI000CDC7E0F	398	MULTIPLE	1	224	269	14	6.958e-07	{RW}	polar	4.668
UPI000CDCAAA5	878	SINGLE	1	654	683	11	3.513e-06	{G}	----	5.100
UPI000CDCAAA5	878	MULTIPLE	1	654	700	21	2.396e-09	{GY}	hydrophobic	4.207
UPI000CDCAAA5	878	MULTIPLE	2	24	40	10	6.061e-06	{AF}	hydrophobic	4.790
UPI000CDCAAA5	878	WHOLE	1	1	878	68	5.287e-07	{N}
UPI000CDCCC5F	551	SINGLE	1	495	500	6	3.085e-07	{A}	----	12.165
UPI000CDCCC5F	551	SINGLE	2	518	521	4	1.854e-06	{Q}	----	27.100
UPI000CDCCC5F	551	WHOLE	1	1	551	78	1.021e-06	{A}
UPI000E143DAD	235	MULTIPLE	1	148	171	10	3.276e-07	{HY}	polar_aromatic	7.272
UPI000E466563	24	SINGLE	1	11	23	7	2.932e-06	{I}	----	9.142
UPI000F04D3B5	547	SINGLE	1	498	529	6	3.853e-06	{W}	----	13.889
UPI000F04D3B5	547	SINGLE	2	162	172	6	6.766e-06	{R}	----	10.550
UPI000F04D3B5	547	SINGLE	3	22	42	5	7.876e-06	{C}	----	17.379
UPI000F04D3B5	547	MULTIPLE	1	482	529	17	1.884e-07	{WV}	hydrophobic	4.137
UPI000F070FD0	40	SINGLE	1	18	28	6	6.766e-06	{R}	----	10.550
UPI0010779A14	313	MULTIPLE	1	95	123	12	7.979e-06	{FK}	hydrophobic	4.171
UPI0012B7C278	376	SINGLE	1	134	141	5	5.455e-06	{F}	----	15.394
UPI0012B7C278	376	MULTIPLE	1	153	173	12	6.488e-07	{KS}	polar	4.872
UPI0012B7C278	376	WHOLE	1	1	376	51	1.737e-08	{K}
UPI001556EEB5	426	SINGLE	1	206	251	28	7.165e-21	{G}	----	8.466
UPI001556EEB5	426	SINGLE	2	225	261	12	6.833e-07	{S}	----	5.525
UPI001556EEB5	426	MULTIPLE	1	206	257	43	1.010e-29	{GS}	tiny	6.332
UPI001556EEB5	426	MULTIPLE	2	126	146	12	4.996e-07	{PE}	mixed	4.991
UPI001556EEB5	426	WHOLE	1	1	426	60	3.111e-07	{G}
UPI001556EEB5	426	WHOLE	2	1	426	51	8.005e-07	{S}
UPI0016592578	780	WHOLE	1	1	780	77	3.765e-08	{R}
UPI001659DC43	803	MULTIPLE	1	565	618	32	9.064e-11	{SYND}	polar	3.077
UPI001659DC43	803	WHOLE	1	1	803	84	1.576e-07	{S}
UPI001659DC43	803	WHOLE	2	1	803	58	8.108e-07	{Q}
UPI0016A77C02	402	WHOLE	1	1	402	47	3.355e-07	{T}
UPI0016A8EF9D	530	WHOLE	1	1	530	55	5.779e-07	{R}
UPI0016A8EF9D	530	WHOLE	2	1	530	55	1.540e-06	{T}
UPI001760208E	586	SINGLE	1	522	525	3	9.709e-06	{W}	----	55.556
UPI001763E502	89	MULTIPLE	1	68	82	9	2.576e-07	{YN}	polar	7.916
UPI001764A9DD	271	SINGLE	1	229	243	9	5.126e-07	{A}	----	7.299
UPI001764A9DD	271	WHOLE	1	1	271	47	5.630e-07	{A}
UPI001773540B	283	MULTIPLE	1	64	83	11	6.189e-07	{FI}	hydrophobic	5.528
UPI001773540B	283	WHOLE	1	1	283	40	2.000e-07	{I}
UPI001898F2D2	288	SINGLE	1	217	244	8	5.037e-06	{Q}	----	7.743
UPI0019D812F1	552	SINGLE	1	229	263	11	8.231e-07	{R}	----	6.079
UPI0019D812F1	552	SINGLE	2	148	169	8	7.763e-06	{R}	----	7.034
UPI0019D812F1	552	WHOLE	1	1	552	64	1.390e-09	{R}
UPI0019E3AB59	126	MULTIPLE	1	83	114	20	6.734e-09	{VL}	aliphatic	3.756
UPI0019F4495B	659	SINGLE	1	16	58	9	4.605e-07	{H}	----	9.100
UPI0019F4495B	659	MULTIPLE	1	12	75	18	9.409e-12	{HC}	polar	7.663
UPI0019F4495B	659	WHOLE	1	1	659	28	1.737e-07	{C}
UPI0019FD93F6	387	SINGLE	1	175	177	3	2.571e-06	{C}	----	72.993
UPI001A01762A	377	SINGLE	1	12	22	7	5.938e-06	{A}	----	7.742
UPI001A01762A	377	MULTIPLE	1	161	201	18	1.220e-07	{NG}	small	3.871
UPI0022743031	230	SINGLE	1	180	199	7	8.224e-06	{F}	----	8.621
UPI0022743031	230	MULTIPLE	1	200	227	15	2.457e-07	{EK}	charged	4.198
UPI0022743031	230	WHOLE	1	1	230	32	3.570e-06	{K}
UPI0022952E9E	927	SINGLE	1	569	606	13	1.172e-07	{S}	----	5.828
UPI0022952E9E	927	SINGLE	2	850	872	8	9.589e-07	{Q}	----	9.426
UPI0022952E9E	927	WHOLE	1	1	927	72	3.007e-09	{Q}
UPI0028D9CEA1	841	SINGLE	1	440	460	9	1.177e-06	{S}	----	7.301
UPI0028D9CEA1	841	SINGLE	2	504	524	7	3.984e-06	{Y}	----	9.718
UPI0028D9CEA1	841	SINGLE	3	167	199	9	5.092e-06	{N}	----	6.572
UPI0028D9CEA1	841	MULTIPLE	1	156	199	20	1.454e-09	{NS}	small_polar	4.536
UPI0028D9CEA1	841	WHOLE	1	1	841	85	5.271e-07	{S}
UPI0028DA2757	796	SINGLE	1	55	88	6	5.564e-06	{W}	----	13.072
UPI0028DA2757	796	SINGLE	2	691	715	8	9.002e-06	{P}	----	7.033
UPI0028DA2757	796	MULTIPLE	1	695	711	11	1.078e-09	{PM}	mixed	9.586
UPI0028DA2757	796	WHOLE	1	1	796	67	7.967e-07	{P}
UPI0028DA7B25	283	SINGLE	1	101	107	6	8.976e-07	{G}	----	11.921
UPI0028DAF2B2	754	SINGLE	1	437	472	7	4.600e-07	{W}	----	14.403
UPI0028DAF2B2	754	SINGLE	2	573	607	6	6.625e-06	{W}	----	12.698
UPI0028DAF2B2	754	SINGLE	3	705	719	6	9.008e-06	{Q}	----	10.840
UPI0028DAF2B2	754	MULTIPLE	1	414	475	23	3.927e-08	{WL}	hydrophobic	3.441
UPI0028DAF2B2	754	WHOLE	1	1	754	41	1.264e-13	{W}
UPI0028DAF2B2	754	WHOLE	2	1	754	111	8.948e-07	{L}
UPI00295CA0EB	846	MULTIPLE	1	820	833	11	4.695e-07	{EL}	mixed	4.811
UPI00295D6E6B	1197	SINGLE	1	878	897	7	4.429e-06	{Q}	----	9.485
UPI00295DAD51	1148	SINGLE	1	453	463	6	6.766e-06	{R}	----	10.550
UPI00295DAD51	1148	MULTIPLE	1	868	885	12	3.691e-08	{IT}	hydrophobic	5.931
UPI00295DB65E	356	SINGLE	1	3	42	11	3.498e-06	{R}	----	5.319
UPI00295DB65E	356	MULTIPLE	1	3	42	15	4.422e-07	{RY}	polar	4.360
