UPI0000000053	SINGLE	1	24	52	7	3.632e-04	{I}
UPI0000000053	SINGLE	2	254	270	4	4.036e-04	{M}
UPI0000000053	SINGLE	3	1	36	5	9.373e-04	{M}
UPI0000000053	MULTIPLE	1	8	52	12	4.209e-05	{IM}
UPI0000000054	SINGLE	1	2	891	121	1.575e-09	{A}
UPI0000000054	SINGLE	2	98	170	14	9.376e-06	{I}
UPI0000000054	SINGLE	3	875	889	7	1.330e-05	{K}
UPI0000000054	SINGLE	4	212	262	12	6.472e-05	{V}
UPI0000000054	SINGLE	5	549	659	10	1.349e-04	{M}
UPI0000000054	SINGLE	6	596	616	7	1.671e-04	{T}
UPI0000000054	SINGLE	7	723	737	4	2.419e-04	{H}
UPI0000000054	SINGLE	8	194	215	7	3.432e-04	{G}
UPI0000000054	SINGLE	9	741	756	5	4.001e-04	{N}
UPI0000000054	SINGLE	10	403	426	7	6.071e-04	{G}
UPI0000000054	SINGLE	11	94	119	7	6.865e-04	{T}
UPI0000000054	MULTIPLE	1	7	891	245	6.905e-11	{AIK}
UPI0000000054	WHOLE	1	1	891	121	1.706e-09	{A}
UPI00000000D1	SINGLE	1	6	156	29	4.016e-06	{A}
UPI00000000D1	WHOLE	1	1	156	29	7.578e-06	{A}
UPI00000000E4	SINGLE	1	6	22	5	3.504e-04	{F}
UPI00000000E4	SINGLE	2	107	198	15	3.647e-04	{T}
UPI00000000E4	SINGLE	3	188	205	7	6.140e-04	{L}
UPI00000000E4	MULTIPLE	1	107	199	30	2.466e-05	{TL}
UPI0000000176	SINGLE	1	24	203	20	7.903e-05	{Q}
UPI0000000176	SINGLE	2	67	117	9	9.316e-05	{Y}
UPI0000000176	SINGLE	3	9	110	19	2.244e-04	{A}
UPI0000000176	SINGLE	4	121	145	6	7.403e-04	{P}
UPI0000000176	MULTIPLE	1	14	123	43	3.255e-09	{QYA}
UPI0000000176	WHOLE	1	1	211	20	5.673e-04	{Q}
UPI000000029B	SINGLE	1	188	206	8	1.342e-04	{L}
UPI000000029B	SINGLE	2	20	169	18	2.157e-04	{R}
UPI000000029B	SINGLE	3	13	147	17	8.761e-04	{D}
UPI000000029B	SINGLE	4	25	271	33	9.393e-04	{A}
UPI000000029B	MULTIPLE	1	13	279	84	6.317e-08	{RDA}
UPI0000000908	SINGLE	1	11	29	8	1.221e-06	{R}
UPI0000000908	WHOLE	1	1	72	12	1.179e-04	{R}
UPI0000000912	SINGLE	1	141	156	6	1.335e-04	{D}
UPI000000091B	SINGLE	1	5	183	24	3.973e-06	{R}
UPI000000091B	WHOLE	1	1	186	24	7.532e-06	{R}
UPI0000000A4D	SINGLE	1	454	688	24	7.871e-06	{Y}
UPI0000000A4D	SINGLE	2	52	762	67	1.093e-05	{D}
UPI0000000A4D	SINGLE	3	253	669	49	4.144e-05	{G}
UPI0000000A4D	SINGLE	4	18	483	50	1.742e-04	{V}
UPI0000000A4D	SINGLE	5	338	370	7	6.899e-04	{R}
UPI0000000A4D	MULTIPLE	1	18	708	234	2.131e-12	{YDGV}
UPI0000000A4D	WHOLE	1	1	810	70	8.967e-05	{D}
UPI0000000A4D	WHOLE	2	1	810	75	8.335e-04	{G}
UPI0000000A5E	SINGLE	1	45	150	15	4.068e-05	{Q}
UPI0000000A5E	SINGLE	2	15	113	20	5.213e-05	{A}
UPI0000000A5E	SINGLE	3	28	125	12	7.549e-04	{N}
UPI0000000A5E	MULTIPLE	1	19	145	48	4.661e-09	{QAN}
UPI0000000A5E	WHOLE	1	1	151	23	9.294e-04	{A}
UPI0000000AFA	SINGLE	1	15	220	26	4.909e-06	{R}
UPI0000000AFA	WHOLE	1	1	239	26	5.855e-05	{R}
UPI0000000AFB	SINGLE	1	16	64	14	7.170e-05	{L}
UPI0000000AFB	SINGLE	2	257	320	13	1.577e-04	{E}
UPI0000000AFB	SINGLE	3	1	15	5	4.635e-04	{R}
UPI0000000B51	SINGLE	1	21	127	19	4.099e-05	{E}
UPI0000000B51	SINGLE	2	41	93	10	1.502e-04	{R}
UPI0000000B51	SINGLE	3	91	105	6	1.570e-04	{K}
UPI0000000B51	SINGLE	4	114	138	4	5.908e-04	{C}
UPI0000000B51	MULTIPLE	1	21	129	32	1.811e-07	{ER}
UPI0000000B51	WHOLE	1	1	151	22	2.028e-04	{E}
UPI0000000D1B	SINGLE	1	23	215	21	7.217e-05	{Q}
UPI0000000D1B	SINGLE	2	1	16	4	3.155e-04	{M}
UPI0000000D1B	SINGLE	3	6	20	6	5.574e-04	{A}
UPI0000000D1B	MULTIPLE	1	1	20	10	6.557e-06	{MA}
UPI0000000D1C	SINGLE	1	3	211	48	1.745e-09	{L}
UPI0000000D1C	SINGLE	2	105	121	7	3.651e-08	{H}
UPI0000000D1C	MULTIPLE	1	3	211	55	1.306e-09	{LH}
UPI0000000D1C	WHOLE	1	1	220	48	9.743e-09	{L}
UPI0000000D1E	SINGLE	1	21	35	7	6.097e-05	{A}
UPI0000000D1E	SINGLE	2	20	183	22	5.840e-04	{V}
UPI0000000D1E	MULTIPLE	1	20	186	44	1.911e-05	{AV}
UPI0000000D1F	SINGLE	1	180	194	8	1.681e-05	{L}
UPI0000000D1F	SINGLE	2	174	188	6	2.293e-04	{G}
UPI0000000D1F	SINGLE	3	118	172	9	4.440e-04	{Q}
UPI0000000D1F	MULTIPLE	1	174	194	14	2.159e-07	{LG}
UPI0000000D24	SINGLE	1	71	217	20	2.757e-05	{I}
UPI0000000D24	SINGLE	2	2	31	11	3.489e-05	{L}
UPI0000000D24	SINGLE	3	35	204	12	2.895e-04	{M}
UPI0000000D24	MULTIPLE	1	46	217	32	3.592e-07	{IM}
UPI0000000D24	WHOLE	1	1	221	22	8.501e-04	{I}
UPI0000000D24	WHOLE	2	1	221	13	8.622e-04	{M}
UPI0000000D97	SINGLE	1	14	201	32	2.757e-04	{L}
UPI0000000D97	WHOLE	1	1	207	33	6.749e-04	{L}
UPI0000000E9E	SINGLE	1	110	139	7	2.099e-04	{Q}
UPI0000000E9E	SINGLE	2	142	270	16	4.284e-04	{I}
UPI0000000E9E	SINGLE	3	173	246	14	5.255e-04	{S}
UPI0000000E9E	SINGLE	4	4	23	4	7.691e-04	{H}
UPI0000000E9E	MULTIPLE	1	160	252	26	2.085e-05	{IS}
UPI0000000EAE	SINGLE	1	312	327	6	2.398e-04	{T}
UPI0000000EAE	SINGLE	2	1	21	4	9.292e-04	{M}
UPI0000000ED4	SINGLE	1	532	546	9	8.209e-08	{G}
UPI0000000ED4	SINGLE	2	71	535	67	6.197e-07	{A}
UPI0000000ED4	SINGLE	3	488	548	9	6.130e-06	{M}
UPI0000000ED4	SINGLE	4	6	469	55	7.206e-06	{V}
UPI0000000ED4	SINGLE	5	156	409	31	3.143e-04	{E}
UPI0000000ED4	MULTIPLE	1	1	548	260	8.094e-19	{GAMVE}
UPI0000000ED4	WHOLE	1	1	548	74	1.917e-06	{A}
UPI0000000ED4	WHOLE	2	1	548	59	8.684e-05	{G}
UPI0000000ED4	WHOLE	3	1	548	58	8.901e-05	{V}
UPI0000000F55	SINGLE	1	34	215	40	1.197e-07	{L}
UPI0000000F55	SINGLE	2	70	93	9	9.761e-06	{V}
UPI0000000F55	MULTIPLE	1	33	215	59	1.299e-08	{LV}
UPI0000000F55	WHOLE	1	1	217	43	7.902e-07	{L}
UPI0000000F57	SINGLE	1	15	115	15	7.002e-05	{R}
UPI0000000F57	SINGLE	2	48	95	11	1.624e-04	{V}
UPI0000000F57	MULTIPLE	1	15	116	29	1.285e-06	{RV}
UPI0000000F57	WHOLE	1	1	133	16	4.402e-04	{R}
UPI0000001028	SINGLE	1	53	441	40	3.614e-06	{R}
UPI0000001028	SINGLE	2	11	64	11	1.431e-05	{Q}
UPI0000001028	SINGLE	3	65	99	6	1.706e-05	{C}
UPI0000001028	SINGLE	4	492	506	6	3.376e-05	{P}
UPI0000001028	SINGLE	5	22	475	23	1.292e-04	{H}
UPI0000001028	SINGLE	6	397	487	14	9.315e-04	{K}
UPI0000001028	MULTIPLE	1	50	456	60	2.360e-08	{RH}
UPI0000001028	WHOLE	1	1	513	45	4.474e-05	{R}
UPI0000001028	WHOLE	2	1	513	23	6.188e-04	{H}
UPI0000001093	SINGLE	1	59	89	9	6.514e-05	{K}
UPI0000001093	SINGLE	2	68	112	6	3.701e-04	{M}
UPI0000001093	SINGLE	3	37	54	6	6.250e-04	{E}
UPI0000001093	MULTIPLE	1	66	89	10	9.634e-06	{KM}
UPI0000001326	SINGLE	1	565	712	23	9.051e-08	{Q}
UPI0000001326	SINGLE	2	879	939	15	1.703e-07	{I}
UPI0000001326	SINGLE	3	351	482	22	4.213e-07	{I}
UPI0000001326	SINGLE	4	313	1027	103	1.789e-06	{L}
UPI0000001326	SINGLE	5	129	147	7	1.375e-05	{P}
UPI0000001326	SINGLE	6	79	315	23	1.790e-04	{Q}
UPI0000001326	SINGLE	7	22	530	61	2.817e-04	{A}
UPI0000001326	SINGLE	8	84	98	6	3.585e-04	{S}
UPI0000001326	SINGLE	9	987	1003	6	4.943e-04	{G}
UPI0000001326	SINGLE	10	149	166	4	5.076e-04	{M}
UPI0000001326	SINGLE	11	21	415	42	5.682e-04	{V}
UPI0000001326	SINGLE	12	631	738	15	6.429e-04	{D}
UPI0000001326	MULTIPLE	1	565	738	42	2.752e-08	{QD}
UPI0000001326	MULTIPLE	2	21	1027	500	4.231e-22	{ILQAMV}
UPI0000001326	WHOLE	1	1	1040	82	1.208e-05	{I}
UPI0000001326	WHOLE	2	1	1040	132	3.917e-05	{L}
UPI0000001326	WHOLE	3	1	1040	107	7.779e-04	{A}
UPI0000001326	WHOLE	4	1	1040	91	8.271e-04	{V}
UPI0000001366	SINGLE	1	3	198	34	1.332e-04	{L}
UPI0000001366	SINGLE	2	72	146	11	6.454e-04	{R}
UPI0000001366	MULTIPLE	1	18	185	44	1.257e-05	{LR}
UPI0000001366	WHOLE	1	1	255	38	9.956e-04	{L}
UPI0000001367	SINGLE	1	31	52	9	1.497e-07	{Q}
UPI0000001367	SINGLE	2	36	50	4	5.704e-05	{W}
UPI0000001367	SINGLE	3	9	173	19	2.471e-04	{R}
UPI0000001367	SINGLE	4	91	106	6	3.425e-04	{G}
UPI0000001367	SINGLE	5	292	314	6	6.136e-04	{I}
UPI0000001367	MULTIPLE	1	31	52	13	2.549e-11	{QW}
UPI0000001367	MULTIPLE	2	57	126	20	5.357e-05	{RG}
UPI0000001367	WHOLE	1	1	317	29	8.552e-05	{Q}
UPI0000001368	SINGLE	1	108	137	10	1.894e-04	{L}
UPI00000016C3	SINGLE	1	3	208	26	7.966e-06	{I}
UPI00000016C3	SINGLE	2	174	262	19	3.672e-05	{A}
UPI00000016C3	SINGLE	3	188	232	11	9.038e-05	{E}
UPI00000016C3	SINGLE	4	268	287	7	2.968e-04	{S}
UPI00000016C3	MULTIPLE	1	188	244	25	5.748e-08	{AE}
UPI00000016C3	WHOLE	1	1	305	31	7.502e-05	{I}
UPI00000016FD	SINGLE	1	337	426	20	4.368e-09	{P}
UPI00000016FD	SINGLE	2	274	601	34	1.943e-06	{Q}
UPI00000016FD	SINGLE	3	11	582	73	1.386e-05	{A}
UPI00000016FD	SINGLE	4	297	319	5	1.114e-04	{H}
UPI00000016FD	SINGLE	5	41	385	32	1.755e-04	{R}
UPI00000016FD	SINGLE	6	408	612	34	2.960e-04	{L}
UPI00000016FD	SINGLE	7	42	90	9	4.678e-04	{I}
UPI00000016FD	MULTIPLE	1	270	612	167	5.453e-16	{PQAHL}
UPI00000016FD	MULTIPLE	2	157	215	17	2.335e-05	{RI}
UPI00000016FD	WHOLE	1	1	615	75	4.484e-05	{A}
UPI00000016FD	WHOLE	2	1	615	45	2.434e-04	{Q}
UPI00000016FD	WHOLE	3	1	615	46	5.883e-04	{P}
UPI0000001701	SINGLE	1	4	301	47	2.210e-06	{A}
UPI0000001701	SINGLE	2	34	48	7	3.040e-06	{I}
UPI0000001701	SINGLE	3	8	356	41	1.498e-04	{G}
UPI0000001701	SINGLE	4	114	164	11	2.798e-04	{V}
UPI0000001701	SINGLE	5	212	435	14	3.242e-04	{M}
UPI0000001701	SINGLE	6	130	198	6	5.095e-04	{W}
UPI0000001701	SINGLE	7	370	397	4	9.111e-04	{C}
UPI0000001701	MULTIPLE	1	7	421	211	3.653e-17	{AIGVMWC}
UPI0000001701	WHOLE	1	1	444	59	2.597e-05	{A}
UPI0000001701	WHOLE	2	1	444	38	3.876e-04	{I}
UPI0000001B60	SINGLE	1	20	43	7	8.692e-05	{R}
UPI0000001B60	SINGLE	2	2	16	7	1.659e-04	{L}
UPI0000001B60	SINGLE	3	139	254	21	1.663e-04	{A}
UPI0000001B60	SINGLE	4	106	420	46	5.492e-04	{L}
UPI0000001B60	MULTIPLE	1	106	420	83	9.717e-06	{AL}
UPI0000001B60	WHOLE	1	1	425	60	2.585e-04	{L}
UPI00000035D8	SINGLE	1	182	240	14	5.379e-04	{L}
UPI0000006216	SINGLE	1	65	81	4	4.036e-04	{M}
UPI0000006216	SINGLE	2	19	74	9	5.062e-04	{Q}
UPI0000006216	MULTIPLE	1	19	81	13	1.363e-04	{MQ}
UPI000000D50D	SINGLE	1	30	118	10	8.376e-07	{W}
UPI000000D50D	SINGLE	2	77	93	6	4.943e-04	{G}
UPI000000D50D	WHOLE	1	1	186	12	2.190e-05	{W}
UPI000000DDC1	SINGLE	1	50	97	13	2.240e-11	{H}
UPI000000DDC1	SINGLE	2	46	68	6	8.558e-07	{W}
UPI000000DDC1	SINGLE	3	70	84	7	2.126e-06	{P}
UPI000000DDC1	SINGLE	4	10	24	6	5.574e-04	{A}
UPI000000DDC1	SINGLE	5	37	94	11	9.857e-04	{G}
UPI000000DDC1	MULTIPLE	1	43	97	37	2.367e-18	{HWPG}
UPI000000DDC1	WHOLE	1	1	98	13	2.070e-07	{H}
UPI000000DDD7	SINGLE	1	5	40	9	3.141e-04	{V}
UPI000000DDD7	SINGLE	2	43	69	4	7.937e-04	{C}
UPI000000DE3D	SINGLE	1	142	168	10	7.104e-05	{L}
UPI000000DE3D	SINGLE	2	35	70	9	3.141e-04	{V}
UPI000000DE3D	WHOLE	1	1	271	31	8.289e-04	{V}
UPI000000DEB9	SINGLE	1	2	274	52	2.351e-07	{L}
UPI000000DEB9	SINGLE	2	33	72	7	1.852e-06	{W}
UPI000000DEB9	SINGLE	3	52	424	35	7.713e-05	{R}
UPI000000DEB9	SINGLE	4	180	283	9	3.767e-04	{M}
UPI000000DEB9	SINGLE	5	332	401	7	6.990e-04	{H}
UPI000000DEB9	MULTIPLE	1	1	284	75	4.420e-10	{LWM}
UPI000000DEB9	MULTIPLE	2	46	424	49	1.330e-05	{RH}
UPI000000DEB9	WHOLE	1	1	431	62	1.332e-04	{L}
UPI000000DEB9	WHOLE	2	1	431	37	2.628e-04	{R}
UPI000000DED2	SINGLE	1	17	490	88	1.226e-10	{L}
UPI000000DED2	SINGLE	2	86	440	50	2.271e-05	{A}
UPI000000DED2	SINGLE	3	164	178	4	5.704e-05	{W}
UPI000000DED2	SINGLE	4	252	333	15	2.114e-04	{G}
UPI000000DED2	SINGLE	5	51	77	6	4.578e-04	{F}
UPI000000DED2	MULTIPLE	1	15	485	235	1.147e-21	{LAWGF}
UPI000000DED2	WHOLE	1	1	491	89	3.354e-10	{L}
UPI000000DED2	WHOLE	2	1	491	59	3.191e-04	{A}
UPI000000DED8	SINGLE	1	188	203	4	9.828e-05	{C}
UPI000000DEE0	SINGLE	1	7	33	11	2.429e-06	{A}
UPI000000DEE0	SINGLE	2	29	187	19	1.159e-04	{P}
UPI000000DEE0	SINGLE	3	132	176	10	2.850e-04	{T}
UPI000000DEE0	SINGLE	4	50	184	20	2.961e-04	{V}
UPI000000DEE0	SINGLE	5	41	58	5	7.334e-04	{Q}
UPI000000DEE0	MULTIPLE	1	11	189	104	1.405e-15	{APTVQ}
UPI000000DEE0	WHOLE	1	1	190	30	1.111e-04	{A}
UPI000000DEE0	WHOLE	2	1	190	19	9.380e-04	{P}
UPI000000DF5F	SINGLE	1	4	270	54	1.921e-08	{L}
UPI000000DF5F	SINGLE	2	22	348	51	1.222e-06	{A}
UPI000000DF5F	SINGLE	3	125	320	16	5.952e-06	{M}
UPI000000DF5F	SINGLE	4	35	339	29	3.420e-04	{I}
UPI000000DF5F	MULTIPLE	1	8	336	159	1.197e-21	{LAMI}
UPI000000DF5F	WHOLE	1	1	348	62	2.160e-07	{L}
UPI000000DF5F	WHOLE	2	1	348	51	6.833e-06	{A}
UPI000000DF5F	WHOLE	3	1	348	21	2.372e-05	{M}
UPI000000DF70	SINGLE	1	66	147	17	1.283e-04	{A}
UPI000000DF70	SINGLE	2	171	194	4	3.879e-04	{W}
UPI000000DF70	SINGLE	3	4	63	9	8.023e-04	{N}
UPI000000E052	SINGLE	1	46	290	37	1.018e-06	{V}
UPI000000E052	SINGLE	2	12	38	10	7.104e-05	{L}
UPI000000E052	SINGLE	3	52	88	9	4.511e-04	{G}
UPI000000E052	SINGLE	4	154	187	7	8.271e-04	{R}
UPI000000E052	MULTIPLE	1	40	283	79	2.063e-08	{VGR}
UPI000000E052	WHOLE	1	1	328	39	1.104e-04	{V}
UPI000000E05B	SINGLE	1	56	71	4	3.155e-04	{H}
UPI000000E0FD	SINGLE	1	14	413	37	1.139e-04	{I}
UPI000000E0FD	SINGLE	2	362	380	4	6.290e-04	{M}
UPI000000E0FD	WHOLE	1	1	416	37	2.318e-04	{I}
UPI000000E100	SINGLE	1	30	111	26	8.137e-12	{G}
UPI000000E100	SINGLE	2	52	83	9	4.800e-04	{A}
UPI000000E100	MULTIPLE	1	30	111	40	1.533e-13	{GA}
UPI000000E100	WHOLE	1	1	114	27	4.294e-09	{G}
UPI000000E135	SINGLE	1	256	316	12	1.799e-05	{P}
UPI000000E135	SINGLE	2	197	211	5	2.936e-04	{Q}
UPI000000E135	SINGLE	3	173	187	5	5.275e-04	{I}
UPI000000E135	SINGLE	4	223	258	5	9.373e-04	{H}
UPI000000E147	SINGLE	1	31	53	4	3.281e-04	{W}
UPI000000E196	SINGLE	1	106	128	10	3.473e-06	{A}
UPI000000E196	SINGLE	2	136	157	8	4.458e-06	{R}
UPI000000E196	SINGLE	3	135	179	9	1.674e-04	{P}
UPI000000E196	SINGLE	4	90	175	15	2.876e-04	{E}
UPI000000E196	SINGLE	5	94	118	6	5.033e-04	{Q}
UPI000000E196	SINGLE	6	120	170	10	7.593e-04	{K}
UPI000000E196	MULTIPLE	1	93	176	50	1.302e-11	{AEQK}
UPI000000E196	MULTIPLE	2	135	173	17	2.230e-08	{RP}
UPI000000E1B6	SINGLE	1	46	118	6	9.686e-04	{C}
UPI000000E1D0	SINGLE	1	145	202	10	6.425e-05	{F}
UPI000000E1D0	SINGLE	2	236	336	13	7.588e-04	{R}
UPI000000E1DE	SINGLE	1	13	59	9	7.871e-04	{D}
UPI000000E1E3	SINGLE	1	58	76	7	8.232e-05	{T}
UPI000000E1E3	SINGLE	2	55	95	10	4.183e-04	{S}
UPI000000E1E3	SINGLE	3	98	180	10	8.537e-04	{Y}
UPI000000E1E3	MULTIPLE	1	55	95	18	1.449e-06	{TS}
UPI000000E269	SINGLE	1	74	175	18	9.114e-07	{P}
UPI000000E269	WHOLE	1	1	334	33	2.957e-05	{P}
UPI000000E2C3	SINGLE	1	133	153	5	9.823e-04	{F}
UPI000000E2DF	SINGLE	1	78	123	10	5.602e-05	{I}
UPI000000E326	SINGLE	1	44	129	9	9.360e-05	{H}
UPI000000E326	SINGLE	2	19	87	15	8.850e-04	{L}
UPI000000E326	MULTIPLE	1	19	131	28	3.366e-05	{HL}
UPI000000E34A	SINGLE	1	20	67	12	1.988e-04	{A}
UPI000000E365	SINGLE	1	83	163	17	6.462e-04	{L}
UPI000000E365	SINGLE	2	2	45	8	8.391e-04	{R}
UPI000000E382	SINGLE	1	12	26	6	5.574e-04	{A}
UPI000000E3B8	SINGLE	1	48	129	20	2.952e-05	{L}
UPI000000E3B8	SINGLE	2	180	225	7	5.302e-05	{H}
UPI000000E3B8	SINGLE	3	163	177	5	2.936e-04	{Q}
UPI000000E3B8	SINGLE	4	40	96	11	8.553e-04	{G}
UPI000000E3B8	MULTIPLE	1	40	129	31	7.642e-06	{LG}
UPI000000E3B8	WHOLE	1	1	328	49	2.429e-04	{L}
UPI000000E3BD	SINGLE	1	25	324	55	3.843e-07	{L}
UPI000000E3BD	SINGLE	2	12	215	13	1.169e-05	{W}
UPI000000E3BD	SINGLE	3	3	20	6	1.244e-04	{R}
UPI000000E3BD	SINGLE	4	124	176	11	4.649e-04	{G}
UPI000000E3BD	MULTIPLE	1	21	328	97	5.403e-10	{LWG}
UPI000000E3BD	WHOLE	1	1	341	56	8.544e-06	{L}
UPI000000E3BD	WHOLE	2	1	341	14	4.935e-04	{W}
UPI000000E3FE	SINGLE	1	34	403	46	1.842e-05	{G}
UPI000000E3FE	SINGLE	2	139	153	6	5.574e-04	{A}
UPI000000E3FE	WHOLE	1	1	445	48	3.098e-04	{G}
UPI000000E3FF	SINGLE	1	489	504	6	5.149e-05	{P}
UPI000000E3FF	SINGLE	2	406	459	11	5.453e-04	{G}
UPI000000E3FF	SINGLE	3	18	479	37	8.314e-04	{R}
UPI000000E407	SINGLE	1	556	649	19	7.737e-05	{A}
UPI000000E407	SINGLE	2	51	65	6	1.598e-04	{T}
UPI000000E407	SINGLE	3	444	551	17	3.946e-04	{V}
UPI000000E407	SINGLE	4	420	446	8	6.718e-04	{A}
UPI000000E407	SINGLE	5	383	406	6	6.720e-04	{R}
UPI000000E407	SINGLE	6	349	505	21	7.930e-04	{E}
UPI000000E407	MULTIPLE	1	349	551	46	5.518e-05	{VE}
UPI000000E424	SINGLE	1	128	147	7	1.208e-05	{N}
UPI000000E424	SINGLE	2	82	170	14	7.786e-04	{T}
UPI000000E424	MULTIPLE	1	119	148	13	3.462e-06	{NT}
UPI000000E43A	SINGLE	1	13	29	6	4.421e-04	{V}
UPI000000E43A	SINGLE	2	1	74	7	9.628e-04	{M}
UPI000000E44C	SINGLE	1	63	125	16	1.580e-06	{E}
UPI000000E44C	SINGLE	2	2	537	49	1.631e-05	{I}
UPI000000E44C	SINGLE	3	358	403	9	2.379e-04	{R}
UPI000000E44C	SINGLE	4	234	431	26	3.004e-04	{E}
UPI000000E44C	SINGLE	5	7	443	53	4.679e-04	{A}
UPI000000E44C	MULTIPLE	1	2	554	169	6.941e-11	{EIA}
UPI000000E44C	MULTIPLE	2	234	431	42	2.361e-05	{RE}
UPI000000E44C	WHOLE	1	1	575	51	2.451e-05	{I}
UPI000000E44C	WHOLE	2	1	575	60	1.053e-04	{E}
UPI000000E45A	SINGLE	1	54	77	8	9.162e-05	{G}
UPI000000E45A	SINGLE	2	35	56	7	2.255e-04	{K}
UPI000000E45A	SINGLE	3	142	178	10	3.371e-04	{A}
UPI000000E45A	MULTIPLE	1	35	81	18	7.401e-06	{GK}
UPI000000E45D	SINGLE	1	13	219	40	6.709e-08	{A}
UPI000000E45D	WHOLE	1	1	219	41	1.128e-07	{A}
UPI000000E470	SINGLE	1	57	74	6	4.891e-04	{T}
UPI000000E470	SINGLE	2	74	88	6	5.574e-04	{A}
UPI000000E470	MULTIPLE	1	53	88	14	1.574e-04	{TA}
UPI000000E483	SINGLE	1	99	137	6	1.692e-04	{H}
UPI000000E48D	SINGLE	1	3	17	8	1.681e-05	{L}
UPI000000E48D	SINGLE	2	29	372	41	7.373e-05	{V}
UPI000000E48D	SINGLE	3	220	234	5	2.936e-04	{Q}
UPI000000E48D	SINGLE	4	53	385	37	7.357e-04	{G}
UPI000000E48D	MULTIPLE	1	52	366	72	8.199e-07	{VG}
UPI000000E48D	WHOLE	1	1	392	43	2.805e-04	{V}
UPI000000E4AB	SINGLE	1	423	454	8	1.707e-05	{Y}
UPI000000E4AB	SINGLE	2	490	513	9	2.241e-05	{S}
UPI000000E4AB	SINGLE	3	180	285	16	1.785e-04	{D}
UPI000000E4AB	SINGLE	4	330	391	7	3.424e-04	{M}
UPI000000E4AB	SINGLE	5	380	399	7	4.883e-04	{A}
UPI000000E4AB	SINGLE	6	111	139	6	5.635e-04	{Y}
UPI000000E4AB	SINGLE	7	4	22	7	8.828e-04	{L}
UPI000000E4C0	SINGLE	1	389	431	16	2.144e-09	{K}
UPI000000E4C0	SINGLE	2	179	430	30	3.280e-06	{R}
UPI000000E4C0	SINGLE	3	29	62	9	7.625e-04	{A}
UPI000000E4C0	WHOLE	1	1	444	39	1.233e-04	{R}
UPI000000E4D9	SINGLE	1	5	94	20	8.375e-07	{E}
UPI000000E4D9	SINGLE	2	57	75	6	1.731e-04	{R}
UPI000000E4D9	SINGLE	3	133	170	9	4.757e-04	{V}
UPI000000E4D9	MULTIPLE	1	15	81	23	4.442e-07	{ER}
UPI000000E4D9	WHOLE	1	1	197	26	2.786e-04	{E}
UPI000000E4FA	SINGLE	1	9	251	35	8.335e-06	{G}
UPI000000E4FA	SINGLE	2	4	274	30	2.169e-05	{I}
UPI000000E4FA	SINGLE	3	204	230	9	3.896e-04	{L}
UPI000000E4FA	SINGLE	4	258	283	8	5.129e-04	{A}
UPI000000E4FA	MULTIPLE	1	6	253	62	2.052e-09	{GI}
UPI000000E4FA	WHOLE	1	1	319	32	7.437e-05	{I}
UPI000000E4FA	WHOLE	2	1	319	39	9.605e-05	{G}
UPI000000E4FB	SINGLE	1	43	63	4	9.292e-04	{H}
UPI000000E564	SINGLE	1	22	270	26	1.105e-04	{R}
UPI000000E564	SINGLE	2	432	460	8	1.179e-04	{D}
UPI000000E564	SINGLE	3	197	211	4	2.419e-04	{M}
UPI000000E564	SINGLE	4	52	67	6	3.084e-04	{E}
UPI000000E564	SINGLE	5	253	466	27	4.270e-04	{E}
UPI000000E564	SINGLE	6	354	423	11	4.578e-04	{I}
UPI000000E564	MULTIPLE	1	41	423	108	8.131e-07	{RMEI}
UPI000000E5D1	SINGLE	1	31	79	12	9.543e-04	{L}
UPI000000E5EF	SINGLE	1	315	341	10	7.104e-05	{L}
UPI000000E5EF	SINGLE	2	22	362	32	9.460e-05	{P}
UPI000000E5EF	SINGLE	3	11	28	7	2.360e-04	{A}
UPI000000E5EF	SINGLE	4	226	241	5	6.419e-04	{R}
UPI000000E5EF	SINGLE	5	369	441	6	6.809e-04	{W}
UPI000000E5EF	SINGLE	6	101	120	4	7.691e-04	{M}
UPI000000E5EF	MULTIPLE	1	33	354	65	3.592e-06	{PRM}
UPI000000E5EF	WHOLE	1	1	470	39	2.222e-04	{P}
UPI000000E5F0	SINGLE	1	4	23	6	2.742e-04	{I}
UPI000000E60A	SINGLE	1	136	150	6	2.062e-04	{E}
UPI000000E60A	SINGLE	2	95	112	6	6.921e-04	{G}
UPI000000E60D	SINGLE	1	189	209	13	6.248e-12	{D}
UPI000000E60D	SINGLE	2	18	591	69	4.341e-07	{E}
UPI000000E60D	SINGLE	3	363	608	28	1.479e-05	{R}
UPI000000E60D	SINGLE	4	59	81	9	2.916e-05	{A}
UPI000000E60D	SINGLE	5	29	75	11	3.487e-05	{D}
UPI000000E60D	SINGLE	6	435	466	8	1.091e-04	{I}
UPI000000E60D	SINGLE	7	273	507	15	1.669e-04	{M}
UPI000000E60D	SINGLE	8	35	53	6	2.019e-04	{I}
UPI000000E60D	SINGLE	9	47	105	7	2.537e-04	{M}
UPI000000E60D	MULTIPLE	1	33	605	230	4.260e-18	{ERDIM}
UPI000000E60D	MULTIPLE	2	56	81	11	1.621e-05	{AM}
UPI000000E60D	WHOLE	1	1	613	71	1.088e-06	{E}
UPI000000E60D	WHOLE	2	1	613	54	2.837e-04	{D}
UPI000000E60D	WHOLE	3	1	613	46	8.667e-04	{R}
UPI000000E61F	SINGLE	1	8	26	8	1.342e-04	{L}
UPI000000E61F	SINGLE	2	44	62	4	6.290e-04	{H}
UPI000000E656	SINGLE	1	366	380	9	1.803e-08	{D}
UPI000000E656	SINGLE	2	14	126	25	6.405e-08	{G}
UPI000000E656	SINGLE	3	341	385	13	3.142e-06	{E}
UPI000000E656	SINGLE	4	151	165	7	1.659e-04	{L}
UPI000000E656	SINGLE	5	245	263	6	2.019e-04	{I}
UPI000000E656	SINGLE	6	291	316	8	5.129e-04	{A}
UPI000000E656	MULTIPLE	1	341	385	24	2.275e-11	{DE}
UPI000000E656	WHOLE	1	1	390	38	3.164e-04	{D}
UPI000000E6AB	SINGLE	1	11	55	9	2.010e-04	{R}
UPI000000E6AB	WHOLE	1	1	55	9	8.826e-04	{R}
UPI000000E6B1	SINGLE	1	100	260	30	5.162e-06	{A}
UPI000000E6B1	SINGLE	2	49	171	17	3.211e-04	{D}
UPI000000E6B1	SINGLE	3	69	85	4	4.036e-04	{H}
UPI000000E6B1	MULTIPLE	1	49	252	59	5.903e-07	{ADH}
UPI000000E6B1	WHOLE	1	1	261	36	3.523e-04	{A}
UPI000000E6C5	SINGLE	1	10	126	16	1.088e-04	{R}
UPI000000E6C5	SINGLE	2	80	96	6	4.457e-04	{E}
UPI000000E6C5	MULTIPLE	1	3	126	30	2.562e-05	{RE}
UPI000000E6C5	WHOLE	1	1	133	16	4.402e-04	{R}
UPI000000E6DA	SINGLE	1	112	127	6	3.304e-05	{N}
UPI000000E6DA	SINGLE	2	81	196	15	4.127e-04	{I}
UPI000000E6DA	SINGLE	3	141	179	9	6.699e-04	{G}
UPI000000E6DA	SINGLE	4	202	241	9	6.977e-04	{V}
UPI000000E6DA	MULTIPLE	1	137	172	14	1.936e-05	{IG}
UPI000000E6F6	SINGLE	1	25	93	10	5.783e-04	{Q}
UPI000000E6F8	SINGLE	1	4	194	26	2.923e-08	{F}
UPI000000E6F8	SINGLE	2	100	120	7	6.750e-04	{A}
UPI000000E6F8	SINGLE	3	71	86	5	7.294e-04	{I}
UPI000000E6F8	WHOLE	1	1	221	26	5.038e-07	{F}
UPI000000E71A	SINGLE	1	93	442	36	1.011e-05	{R}
UPI000000E71A	SINGLE	2	516	547	10	2.341e-05	{G}
UPI000000E71A	SINGLE	3	13	45	10	2.656e-05	{E}
UPI000000E71A	SINGLE	4	114	493	16	1.641e-04	{W}
UPI000000E71A	SINGLE	5	9	165	18	2.756e-04	{P}
UPI000000E71A	SINGLE	6	319	438	20	6.449e-04	{A}
UPI000000E71A	SINGLE	7	285	299	5	9.005e-04	{D}
UPI000000E71A	MULTIPLE	1	74	493	88	3.955e-08	{RWD}
UPI000000E71D	SINGLE	1	187	278	16	8.246e-06	{I}
UPI000000E71D	SINGLE	2	239	315	12	3.512e-05	{F}
UPI000000E71D	SINGLE	3	250	264	5	4.635e-04	{R}
UPI000000E71D	SINGLE	4	152	250	7	6.096e-04	{W}
UPI000000E71D	SINGLE	5	118	136	6	6.706e-04	{T}
UPI000000E71D	MULTIPLE	1	150	320	41	1.517e-07	{IFW}
UPI000000E71D	WHOLE	1	1	337	30	7.448e-04	{I}
UPI000000E736	SINGLE	1	17	53	5	1.980e-04	{W}
UPI000000E736	SINGLE	2	91	132	8	3.238e-04	{Q}
UPI000000E741	SINGLE	1	19	591	79	4.197e-07	{A}
UPI000000E741	SINGLE	2	194	275	15	1.725e-04	{E}
UPI000000E741	SINGLE	3	664	688	9	2.059e-04	{L}
UPI000000E741	SINGLE	4	398	414	4	4.036e-04	{M}
UPI000000E741	SINGLE	5	329	661	33	5.291e-04	{D}
UPI000000E741	MULTIPLE	1	19	684	183	1.076e-09	{ADR}
UPI000000E741	WHOLE	1	1	689	86	6.703e-06	{A}
UPI000000E743	SINGLE	1	5	306	36	7.372e-07	{I}
UPI000000E743	SINGLE	2	57	122	11	3.911e-05	{F}
UPI000000E743	SINGLE	3	77	320	41	6.566e-05	{L}
UPI000000E743	MULTIPLE	1	56	304	86	2.396e-10	{IFL}
UPI000000E743	WHOLE	1	1	331	37	2.330e-06	{I}
UPI000000E743	WHOLE	2	1	331	47	8.389e-04	{L}
UPI000000E74D	SINGLE	1	168	182	5	1.186e-05	{M}
UPI000000E74D	SINGLE	2	53	284	25	1.382e-04	{I}
UPI000000E74D	MULTIPLE	1	53	285	38	9.517e-07	{MI}
UPI000000E764	SINGLE	1	210	275	13	8.147e-06	{P}
UPI000000E764	SINGLE	2	124	139	4	3.155e-04	{M}
UPI000000E764	SINGLE	3	60	78	4	6.290e-04	{H}
UPI000000E765	SINGLE	1	62	119	14	1.572e-05	{G}
UPI000000E765	SINGLE	2	207	298	10	2.870e-05	{M}
UPI000000E765	SINGLE	3	93	120	5	7.111e-05	{C}
UPI000000E765	SINGLE	4	57	76	7	1.571e-04	{V}
UPI000000E765	SINGLE	5	259	318	10	5.105e-04	{I}
UPI000000E765	MULTIPLE	1	57	120	29	3.906e-09	{GCV}
UPI000000E765	MULTIPLE	2	207	318	21	2.692e-05	{MI}
UPI000000E765	WHOLE	1	1	341	38	6.107e-04	{G}
UPI000000E771	SINGLE	1	63	87	7	5.249e-04	{K}
UPI000000E771	SINGLE	2	202	279	15	6.625e-04	{A}
UPI000000E795	SINGLE	1	1	68	9	1.493e-05	{M}
UPI000000E795	SINGLE	2	14	28	6	3.887e-05	{R}
UPI000000E795	SINGLE	3	46	284	26	9.051e-05	{I}
UPI000000E795	SINGLE	4	76	112	9	4.511e-04	{G}
UPI000000E795	SINGLE	5	25	285	40	4.719e-04	{L}
UPI000000E795	SINGLE	6	2	270	36	5.879e-04	{A}
UPI000000E795	MULTIPLE	1	1	60	15	9.171e-06	{MR}
UPI000000E795	MULTIPLE	2	10	286	124	4.104e-09	{IGLA}
UPI000000E795	WHOLE	1	1	296	17	2.193e-04	{M}
UPI000000E795	WHOLE	2	1	296	38	8.881e-04	{A}
UPI000000E795	WHOLE	3	1	296	27	9.069e-04	{I}
UPI000000E7A9	SINGLE	1	108	219	21	1.023e-04	{A}
UPI000000E7A9	SINGLE	2	42	71	7	3.809e-04	{R}
UPI000000E7B2	SINGLE	1	144	163	5	5.484e-05	{M}
UPI000000E7B2	SINGLE	2	97	130	5	1.828e-04	{C}
UPI000000E7D4	SINGLE	1	66	317	42	1.793e-06	{A}
UPI000000E7D4	SINGLE	2	260	280	6	6.796e-04	{D}
UPI000000E7D4	WHOLE	1	1	514	60	5.509e-04	{A}
UPI000000E7EF	SINGLE	1	236	291	9	2.990e-06	{H}
UPI000000E7EF	SINGLE	2	115	135	7	8.574e-05	{D}
UPI000000E7EF	SINGLE	3	10	223	22	4.052e-04	{R}
UPI000000E7EF	SINGLE	4	4	283	42	5.368e-04	{L}
UPI000000E7EF	MULTIPLE	1	62	214	54	2.176e-06	{DRL}
UPI000000E833	SINGLE	1	16	31	8	1.684e-06	{T}
UPI000000E833	SINGLE	2	115	129	6	5.574e-04	{A}
UPI000000E834	SINGLE	1	50	64	7	6.097e-05	{A}
UPI000000E864	SINGLE	1	137	518	59	2.876e-07	{A}
UPI000000E864	WHOLE	1	1	529	70	6.594e-06	{A}
UPI000000E877	SINGLE	1	127	230	19	1.038e-04	{S}
UPI000000E877	SINGLE	2	33	52	6	1.341e-04	{N}
UPI000000E877	SINGLE	3	106	208	9	3.520e-04	{M}
UPI000000E877	MULTIPLE	1	105	230	30	1.057e-06	{SM}
UPI000000E883	SINGLE	1	8	544	83	1.120e-06	{L}
UPI000000E883	SINGLE	2	476	523	12	1.736e-06	{R}
UPI000000E883	SINGLE	3	93	108	7	3.033e-05	{V}
UPI000000E883	SINGLE	4	145	351	15	4.330e-05	{M}
UPI000000E883	SINGLE	5	434	547	19	9.514e-05	{E}
UPI000000E883	SINGLE	6	4	410	32	9.949e-05	{F}
UPI000000E883	SINGLE	7	3	478	42	1.169e-04	{I}
UPI000000E883	SINGLE	8	438	459	8	1.455e-04	{A}
UPI000000E883	SINGLE	9	133	215	15	2.409e-04	{G}
UPI000000E883	SINGLE	10	116	276	25	4.593e-04	{A}
UPI000000E883	SINGLE	11	256	270	5	4.635e-04	{R}
UPI000000E883	MULTIPLE	1	3	545	358	3.462e-21	{LRVMFIAG}
UPI000000E883	WHOLE	1	1	549	83	2.609e-06	{L}
UPI000000E883	WHOLE	2	1	549	44	5.658e-04	{I}
UPI000000E8D4	SINGLE	1	5	472	50	2.067e-07	{I}
UPI000000E8D4	SINGLE	2	405	430	10	2.909e-06	{G}
UPI000000E8D4	SINGLE	3	118	277	29	1.810e-04	{L}
UPI000000E8D4	SINGLE	4	63	106	8	4.451e-04	{Q}
UPI000000E8D4	SINGLE	5	253	271	6	8.474e-04	{V}
UPI000000E8D4	MULTIPLE	1	5	473	220	1.550e-12	{IGLQV}
UPI000000E8D4	WHOLE	1	1	473	50	2.777e-07	{I}
UPI000000E8D4	WHOLE	2	1	473	49	6.067e-04	{G}
UPI000000E96A	SINGLE	1	157	311	30	7.991e-08	{G}
UPI000000E96C	SINGLE	1	113	404	18	6.428e-05	{M}
UPI000000E96C	SINGLE	2	242	272	10	7.006e-05	{A}
UPI000000E96C	SINGLE	3	111	157	6	4.669e-04	{H}
UPI000000E96C	MULTIPLE	1	111	404	32	1.577e-06	{MH}
UPI000000E96F	SINGLE	1	528	545	5	3.167e-05	{H}
UPI000000E96F	SINGLE	2	91	449	32	3.348e-04	{R}
UPI000000E96F	SINGLE	3	154	178	4	5.908e-04	{C}
UPI000000E96F	SINGLE	4	236	300	12	6.419e-04	{V}
UPI000000E96F	SINGLE	5	146	243	12	7.838e-04	{Q}
UPI000000E96F	SINGLE	6	313	336	8	8.059e-04	{L}
UPI000000E96F	MULTIPLE	1	139	394	74	1.131e-05	{RQL}
UPI000000E970	SINGLE	1	103	119	7	9.321e-05	{S}
UPI000000E972	SINGLE	1	28	296	32	1.646e-06	{R}
UPI000000E972	SINGLE	2	52	329	16	3.168e-04	{H}
UPI000000E972	MULTIPLE	1	28	336	51	6.427e-09	{RH}
UPI000000E972	WHOLE	1	1	340	36	5.496e-06	{R}
UPI000002C676	SINGLE	1	8	36	11	5.474e-06	{A}
UPI000002C676	SINGLE	2	220	234	6	2.215e-05	{Q}
UPI000002C676	SINGLE	3	19	210	13	2.479e-04	{H}
UPI000002C676	MULTIPLE	1	2	210	44	1.037e-06	{AH}
UPI000002C676	WHOLE	1	1	251	14	9.212e-04	{H}
UPI000002D3AC	SINGLE	1	145	167	7	4.607e-04	{G}
UPI000002D3AC	SINGLE	2	248	262	6	5.574e-04	{A}
UPI000002DB2D	SINGLE	1	183	223	13	1.235e-06	{G}
UPI000002DB2D	SINGLE	2	15	94	17	9.468e-05	{A}
UPI000002DB2D	SINGLE	3	229	252	6	5.903e-04	{P}
UPI000002DB2D	SINGLE	4	57	220	18	8.059e-04	{I}
UPI000002DB2D	MULTIPLE	1	8	222	49	1.913e-05	{AI}
UPI0000030AA0	SINGLE	1	7	54	9	9.147e-04	{D}
UPI0000030AA0	SINGLE	2	79	111	8	9.330e-04	{G}
UPI0000030AA1	SINGLE	1	9	367	53	3.827e-06	{A}
UPI0000030AA1	SINGLE	2	65	81	7	5.515e-05	{G}
UPI0000030AA1	SINGLE	3	14	39	7	1.498e-04	{R}
UPI0000030AA1	SINGLE	4	208	242	9	2.937e-04	{G}
UPI0000030AA1	SINGLE	5	169	196	6	9.375e-04	{Q}
UPI0000030AA1	MULTIPLE	1	9	367	135	1.023e-09	{ARGQ}
UPI0000030AA1	WHOLE	1	1	384	53	2.320e-05	{A}
UPI0000030D3B	SINGLE	1	91	110	5	9.090e-06	{W}
UPI0000030D3B	SINGLE	2	80	129	7	9.061e-05	{H}
UPI0000030D3B	SINGLE	3	147	161	7	1.659e-04	{L}
UPI0000030D3B	MULTIPLE	1	80	129	12	1.751e-07	{WH}
UPI000003112A	SINGLE	1	10	27	6	2.760e-04	{D}
UPI000003121D	SINGLE	1	219	276	11	6.904e-05	{R}
UPI000003121D	SINGLE	2	15	29	4	2.419e-04	{M}
UPI000003121D	SINGLE	3	204	253	11	2.799e-04	{G}
UPI000003121D	SINGLE	4	131	176	9	2.920e-04	{I}
UPI000003121D	SINGLE	5	322	336	6	3.585e-04	{S}
UPI000003121D	MULTIPLE	1	204	280	24	2.144e-06	{RG}
UPI0000031A3D	SINGLE	1	393	600	33	2.593e-09	{I}
UPI0000031A3D	SINGLE	2	337	415	12	1.100e-04	{N}
UPI0000031A3D	SINGLE	3	420	514	20	2.318e-04	{L}
UPI0000031A3D	SINGLE	4	34	118	16	5.736e-04	{A}
UPI0000031A3D	SINGLE	5	155	318	18	5.948e-04	{R}
UPI0000031A3D	SINGLE	6	267	294	8	8.667e-04	{A}
UPI0000031A3D	MULTIPLE	1	181	297	31	2.516e-05	{RA}
UPI0000031A3D	WHOLE	1	1	615	57	2.709e-06	{I}
UPI0000031A3E	SINGLE	1	175	236	12	3.555e-05	{I}
UPI0000031A3E	SINGLE	2	241	255	6	1.598e-04	{T}
UPI0000031A3E	SINGLE	3	216	230	5	4.635e-04	{R}
UPI0000031A3E	SINGLE	4	126	178	12	5.061e-04	{A}
UPI0000031A3E	MULTIPLE	1	182	230	15	3.181e-05	{IR}
UPI0000031A3E	WHOLE	1	1	323	29	7.850e-04	{I}
UPI0000032AA9	SINGLE	1	30	230	38	3.474e-09	{G}
UPI0000032AA9	SINGLE	2	26	335	28	1.442e-05	{Y}
UPI0000032AA9	SINGLE	3	21	344	31	2.141e-05	{N}
UPI0000032AA9	MULTIPLE	1	26	338	102	1.005e-15	{GYN}
UPI0000032AA9	WHOLE	1	1	362	49	1.104e-06	{G}
UPI0000032AA9	WHOLE	2	1	362	32	6.824e-05	{N}
UPI0000032AA9	WHOLE	3	1	362	29	8.162e-05	{Y}
UPI0000032C9E	SINGLE	1	98	146	13	5.874e-05	{A}
UPI0000032C9E	SINGLE	2	337	450	24	6.294e-05	{L}
UPI0000032C9E	SINGLE	3	100	145	9	2.920e-04	{I}
UPI0000032C9E	SINGLE	4	31	51	6	3.138e-04	{R}
UPI0000032C9E	SINGLE	5	204	323	15	3.415e-04	{P}
UPI0000032C9E	SINGLE	6	13	264	30	5.447e-04	{V}
UPI0000032C9E	SINGLE	7	155	208	10	5.452e-04	{D}
UPI0000032C9E	MULTIPLE	1	98	146	22	2.695e-08	{AI}
UPI0000032C9E	MULTIPLE	2	13	265	48	1.100e-04	{RV}
UPI0000032E71	SINGLE	1	229	265	12	2.405e-06	{G}
UPI0000032E71	SINGLE	2	275	292	8	2.760e-05	{A}
UPI0000032E71	SINGLE	3	326	348	8	5.917e-04	{L}
UPI0000032EA8	SINGLE	1	149	173	7	1.149e-04	{R}
UPI0000033C12	SINGLE	1	8	175	15	3.943e-06	{H}
UPI0000033C12	SINGLE	2	85	120	10	7.009e-05	{G}
UPI0000033C12	SINGLE	3	61	102	5	3.585e-04	{W}
UPI0000033C12	MULTIPLE	1	84	120	16	2.445e-08	{HG}
UPI0000033C12	WHOLE	1	1	176	15	6.842e-06	{H}
UPI0000034199	SINGLE	1	115	130	6	5.323e-04	{S}
UPI0000034199	SINGLE	2	100	119	4	7.691e-04	{M}
UPI0000034199	MULTIPLE	1	100	130	10	2.981e-04	{SM}
UPI000003419D	SINGLE	1	44	194	24	4.215e-04	{A}
UPI00000350B5	SINGLE	1	7	303	29	2.284e-04	{I}
UPI00000350B5	SINGLE	2	206	233	8	2.943e-04	{G}
UPI00000350B5	SINGLE	3	17	102	14	8.508e-04	{V}
UPI00000350B5	MULTIPLE	1	7	307	60	6.617e-06	{IV}
UPI00000350B5	WHOLE	1	1	372	32	8.845e-04	{I}
UPI00000350B7	SINGLE	1	175	195	5	7.041e-05	{M}
UPI00000350B7	SINGLE	2	118	132	4	7.491e-05	{C}
UPI00000350B7	SINGLE	3	321	373	9	6.786e-04	{R}
UPI00000371B7	SINGLE	1	327	364	7	1.491e-05	{M}
UPI00000371B7	SINGLE	2	133	186	11	4.552e-05	{I}
UPI00000371B7	SINGLE	3	196	229	8	1.404e-04	{R}
UPI00000371B7	SINGLE	4	75	457	54	4.792e-04	{L}
UPI00000371B7	MULTIPLE	1	14	457	111	3.511e-08	{MLF}
UPI00000371B7	WHOLE	1	1	464	23	1.720e-04	{M}
UPI000003762D	SINGLE	1	161	187	8	1.953e-04	{V}
UPI00000380EE	SINGLE	1	127	149	8	2.057e-04	{A}
UPI00000380EE	SINGLE	2	199	221	7	3.101e-04	{T}
UPI00000380EE	SINGLE	3	45	66	7	3.432e-04	{G}
UPI00000380EE	SINGLE	4	183	197	6	5.574e-04	{A}
UPI00000380EE	SINGLE	5	123	169	9	7.871e-04	{D}
UPI00000380EE	MULTIPLE	1	125	158	15	9.728e-06	{AD}
UPI00000380EF	SINGLE	1	13	228	30	6.256e-05	{G}
UPI00000380EF	SINGLE	2	279	358	13	3.313e-04	{D}
UPI00000380EF	SINGLE	3	322	344	8	5.917e-04	{L}
UPI00000380EF	WHOLE	1	1	407	46	1.538e-04	{G}
UPI00000380F1	SINGLE	1	92	111	6	3.056e-06	{H}
UPI00000380F1	SINGLE	2	148	183	9	3.176e-04	{E}
UPI00000380F1	SINGLE	3	8	59	11	3.318e-04	{V}
UPI0000038DD7	SINGLE	1	181	234	10	5.452e-04	{D}
UPI0000038DD7	SINGLE	2	157	229	13	5.574e-04	{V}
UPI0000038DD7	MULTIPLE	1	152	234	25	6.677e-06	{DV}
UPI000003ACCA	SINGLE	1	11	88	15	6.625e-04	{A}
UPI000003B071	SINGLE	1	96	324	27	1.810e-05	{I}
UPI000003B071	SINGLE	2	62	503	56	1.274e-04	{A}
UPI000003B071	MULTIPLE	1	61	503	92	7.912e-07	{IA}
UPI000003B071	WHOLE	1	1	523	61	5.205e-04	{A}
UPI000003CAA6	SINGLE	1	61	136	11	8.947e-04	{I}
UPI000003EAC2	SINGLE	1	27	207	29	1.785e-08	{I}
UPI000003EAC2	SINGLE	2	219	246	10	5.199e-06	{V}
UPI000003EAC2	SINGLE	3	154	416	24	7.738e-05	{F}
UPI000003EAC2	SINGLE	4	391	425	6	9.194e-05	{M}
UPI000003EAC2	SINGLE	5	239	256	6	1.244e-04	{R}
UPI000003EAC2	SINGLE	6	6	198	26	2.738e-04	{G}
UPI000003EAC2	MULTIPLE	1	6	425	133	1.302e-12	{IFMG}
UPI000003EAC2	MULTIPLE	2	219	257	17	2.841e-07	{VR}
UPI000003EAC2	WHOLE	1	1	443	45	2.790e-06	{I}
UPI000003EAC2	WHOLE	2	1	443	32	3.955e-04	{F}
UPI000003EAC5	SINGLE	1	27	51	8	1.258e-04	{G}
UPI000003EAC6	SINGLE	1	7	33	9	2.572e-06	{R}
UPI000003EAC6	SINGLE	2	37	113	18	1.657e-05	{A}
UPI000003EAC6	WHOLE	1	1	117	22	6.929e-05	{A}
UPI000003EAC7	SINGLE	1	4	23	7	1.571e-04	{V}
UPI000003EAC9	SINGLE	1	53	90	10	7.605e-06	{R}
UPI000003EAC9	WHOLE	1	1	101	14	2.397e-04	{R}
UPI000003EACA	SINGLE	1	43	59	7	1.565e-04	{A}
UPI000003EACA	SINGLE	2	71	150	12	3.123e-04	{R}
UPI000003EACB	SINGLE	1	17	47	9	6.514e-05	{K}
UPI000003EACB	WHOLE	1	1	104	16	4.387e-04	{K}
UPI000003EACC	SINGLE	1	40	67	8	1.846e-04	{K}
UPI000003EACC	SINGLE	2	33	47	5	5.275e-04	{I}
UPI000003EACC	SINGLE	3	52	69	6	6.200e-04	{V}
UPI000003EACC	MULTIPLE	1	38	69	19	1.296e-07	{KIV}
UPI000003EADF	SINGLE	1	25	45	6	1.841e-04	{Q}
UPI000003EAE0	SINGLE	1	6	66	12	2.294e-05	{R}
UPI000003EAE1	SINGLE	1	126	179	11	3.532e-05	{R}
UPI000003EAE1	SINGLE	2	55	103	9	4.678e-04	{I}
UPI000003EAE3	SINGLE	1	6	29	7	4.028e-04	{K}
UPI000003EAE4	SINGLE	1	41	254	32	9.099e-06	{G}
UPI000003EAE4	SINGLE	2	43	271	27	1.119e-05	{R}
UPI000003EAE4	MULTIPLE	1	41	271	59	1.337e-09	{GR}
UPI000003EAE4	WHOLE	1	1	273	29	3.637e-05	{R}
UPI000003EAE4	WHOLE	2	1	273	34	1.733e-04	{G}
UPI000003EAE5	SINGLE	1	53	67	7	1.824e-05	{V}
UPI000003EAE5	SINGLE	2	19	88	13	2.397e-04	{K}
UPI000003EAE5	MULTIPLE	1	33	68	17	3.661e-07	{VK}
UPI000003EAE6	SINGLE	1	40	117	11	8.838e-04	{R}
UPI000003EAE7	SINGLE	1	5	207	28	8.335e-05	{V}
UPI000003EAE7	SINGLE	2	66	166	17	2.323e-04	{G}
UPI000003EAE7	MULTIPLE	1	3	207	54	1.906e-07	{VG}
UPI000003EAE7	WHOLE	1	1	209	28	1.334e-04	{V}
UPI000003EAE7	WHOLE	2	1	209	26	8.331e-04	{G}
UPI000003EAE8	SINGLE	1	5	72	11	2.846e-04	{R}
UPI000003EAED	SINGLE	1	42	410	45	7.491e-06	{T}
UPI000003EAED	SINGLE	2	18	376	31	1.279e-04	{N}
UPI000003EAED	SINGLE	3	7	239	21	1.471e-04	{Y}
UPI000003EAED	SINGLE	4	66	114	11	2.339e-04	{G}
UPI000003EAED	SINGLE	5	212	226	6	3.585e-04	{S}
UPI000003EAED	MULTIPLE	1	29	379	161	6.577e-13	{TNYGS}
UPI000003EAED	WHOLE	1	1	412	48	1.261e-05	{T}
UPI000003EAED	WHOLE	2	1	412	32	5.654e-04	{N}
UPI000003EAEE	SINGLE	1	122	189	15	6.219e-05	{S}
UPI000003EAEE	SINGLE	2	46	76	8	6.079e-04	{G}
UPI000003EAEF	SINGLE	1	74	101	10	3.383e-06	{K}
UPI000003EAEF	SINGLE	2	30	199	25	3.496e-05	{T}
UPI000003EAEF	SINGLE	3	103	164	15	5.211e-05	{A}
UPI000003EAEF	SINGLE	4	128	185	12	2.273e-04	{V}
UPI000003EAEF	SINGLE	5	12	26	6	3.585e-04	{S}
UPI000003EAEF	SINGLE	6	51	65	5	9.005e-04	{D}
UPI000003EAEF	MULTIPLE	1	28	199	70	9.036e-10	{TAV}
UPI000003EAEF	WHOLE	1	1	201	26	1.910e-04	{T}
UPI000003EAF1	SINGLE	1	81	127	12	1.618e-04	{A}
UPI000003EAF2	SINGLE	1	141	155	7	2.093e-05	{G}
UPI000003EAF2	SINGLE	2	7	43	10	7.543e-05	{V}
UPI000003EAF2	SINGLE	3	94	128	9	2.548e-04	{E}
UPI000003EAF2	SINGLE	4	48	103	11	7.395e-04	{G}
UPI000003EAF2	WHOLE	1	1	460	47	6.549e-04	{V}
UPI000003EAF3	SINGLE	1	195	217	7	1.612e-04	{D}
UPI000003EAF3	SINGLE	2	24	49	5	2.039e-04	{M}
UPI000003EAF3	SINGLE	3	236	250	6	5.574e-04	{A}
UPI000003EAF4	SINGLE	1	157	205	11	1.784e-05	{I}
UPI000003EAF4	SINGLE	2	177	480	44	3.407e-05	{A}
UPI000003EAF4	SINGLE	3	29	174	22	1.660e-04	{G}
UPI000003EAF4	SINGLE	4	420	444	6	5.033e-04	{Q}
UPI000003EAF4	SINGLE	5	271	303	7	6.899e-04	{R}
UPI000003EAF4	MULTIPLE	1	37	470	178	7.326e-09	{IAGQR}
UPI000003EAF5	SINGLE	1	8	128	24	1.434e-05	{A}
UPI000003EAF5	WHOLE	1	1	177	27	3.784e-04	{A}
UPI000003EAF6	SINGLE	1	31	144	27	1.276e-07	{A}
UPI000003EAF6	SINGLE	2	89	119	9	9.517e-05	{E}
UPI000003EAF6	MULTIPLE	1	31	144	44	1.216e-10	{AE}
UPI000003EAF6	WHOLE	1	1	156	31	9.432e-07	{A}
UPI000003EAF7	SINGLE	1	1	17	5	2.339e-05	{M}
UPI000003EAF7	SINGLE	2	11	25	7	6.097e-05	{A}
UPI000003EAF7	SINGLE	3	18	38	7	2.506e-04	{G}
UPI000003EAF7	MULTIPLE	1	11	33	16	2.390e-08	{MAG}
UPI000003EAF7	WHOLE	1	1	79	8	2.783e-04	{M}
UPI000003EAFC	SINGLE	1	4	34	7	1.132e-04	{Y}
UPI000003EAFC	SINGLE	2	128	145	6	1.453e-04	{I}
UPI000003EAFC	SINGLE	3	183	215	7	2.116e-04	{F}
UPI000003EAFC	SINGLE	4	94	108	6	2.293e-04	{G}
UPI000003EAFC	SINGLE	5	43	193	11	3.879e-04	{M}
UPI000003EAFC	MULTIPLE	1	43	195	25	5.274e-05	{IM}
UPI000003EAFD	SINGLE	1	4	162	36	2.267e-07	{L}
UPI000003EAFD	SINGLE	2	159	173	6	3.585e-04	{S}
UPI000003EAFD	WHOLE	1	1	231	38	1.710e-04	{L}
UPI000003EAFF	SINGLE	1	32	654	24	2.180e-05	{W}
UPI000003EAFF	SINGLE	2	1158	1179	5	8.914e-05	{M}
UPI000003EAFF	SINGLE	3	537	560	5	1.377e-04	{M}
UPI000003EAFF	SINGLE	4	445	477	9	1.574e-04	{V}
UPI000003EAFF	SINGLE	5	565	579	6	2.293e-04	{G}
UPI000003EAFF	SINGLE	6	79	94	5	5.733e-04	{P}
UPI000003EAFF	SINGLE	7	308	356	6	5.818e-04	{M}
UPI000003EAFF	SINGLE	8	718	748	8	6.079e-04	{G}
UPI000003EAFF	SINGLE	9	7	160	17	7.658e-04	{R}
UPI000003EAFF	SINGLE	10	530	549	4	7.691e-04	{H}
UPI000003EAFF	MULTIPLE	1	530	560	9	4.304e-06	{MH}
UPI000003EAFF	MULTIPLE	2	79	117	13	2.980e-05	{PR}
UPI000003EAFF	WHOLE	1	1	1246	40	4.933e-06	{W}
UPI000003EB00	SINGLE	1	134	148	8	3.938e-07	{D}
UPI000003EB00	SINGLE	2	145	159	6	3.376e-05	{P}
UPI000003EB00	SINGLE	3	88	109	7	9.125e-04	{A}
UPI000003EB00	MULTIPLE	1	134	154	14	7.510e-10	{DP}
UPI000003EB01	SINGLE	1	46	93	9	2.744e-04	{P}
UPI000003EB05	SINGLE	1	12	30	7	3.444e-04	{A}
UPI000003EB06	SINGLE	1	225	295	11	3.608e-07	{H}
UPI000003EB06	SINGLE	2	5	273	49	1.792e-06	{L}
UPI000003EB06	SINGLE	3	30	297	25	6.897e-04	{R}
UPI000003EB06	MULTIPLE	1	12	297	90	6.795e-11	{HLR}
UPI000003EB06	WHOLE	1	1	298	51	6.634e-06	{L}
UPI000003EB07	SINGLE	1	36	287	39	2.105e-05	{A}
UPI000003EB07	SINGLE	2	203	355	23	1.260e-04	{G}
UPI000003EB07	SINGLE	3	45	349	29	3.420e-04	{I}
UPI000003EB07	SINGLE	4	152	168	7	4.133e-04	{L}
UPI000003EB07	SINGLE	5	127	151	6	4.915e-04	{N}
UPI000003EB07	SINGLE	6	107	204	14	7.207e-04	{D}
UPI000003EB07	MULTIPLE	1	40	358	127	1.983e-09	{AGID}
UPI000003EB07	WHOLE	1	1	367	45	8.652e-04	{A}
UPI000003EB17	SINGLE	1	80	101	4	2.752e-04	{W}
UPI000003EB18	SINGLE	1	8	252	28	3.452e-07	{F}
UPI000003EB18	SINGLE	2	49	154	18	1.413e-04	{G}
UPI000003EB18	SINGLE	3	107	276	20	1.911e-04	{I}
UPI000003EB18	SINGLE	4	262	278	4	4.036e-04	{M}
UPI000003EB18	SINGLE	5	200	216	7	4.133e-04	{L}
UPI000003EB18	MULTIPLE	1	6	278	126	3.995e-12	{FGIML}
UPI000003EB18	WHOLE	1	1	291	28	8.856e-06	{F}
UPI000003EB19	SINGLE	1	26	180	12	1.277e-04	{M}
UPI000003EB1C	SINGLE	1	17	249	35	3.776e-09	{I}
UPI000003EB1C	SINGLE	2	226	240	6	2.293e-04	{G}
UPI000003EB1C	SINGLE	3	22	119	20	3.470e-04	{L}
UPI000003EB1C	SINGLE	4	180	310	10	4.859e-04	{M}
UPI000003EB1C	MULTIPLE	1	12	312	122	4.527e-12	{IGLM}
UPI000003EB1C	WHOLE	1	1	319	40	5.241e-08	{I}
UPI000003EB1D	SINGLE	1	53	217	26	2.310e-05	{G}
UPI000003EB1D	SINGLE	2	9	45	11	7.039e-05	{A}
UPI000003EB21	SINGLE	1	3	411	70	1.885e-07	{L}
UPI000003EB21	SINGLE	2	4	396	54	2.232e-05	{A}
UPI000003EB21	SINGLE	3	19	178	25	3.700e-05	{G}
UPI000003EB21	MULTIPLE	1	3	411	160	1.415e-12	{LAG}
UPI000003EB21	WHOLE	1	1	416	70	3.523e-07	{L}
UPI000003EB21	WHOLE	2	1	416	55	5.135e-05	{A}
UPI000003EB27	SINGLE	1	41	79	10	1.219e-04	{E}
UPI000003EB27	SINGLE	2	62	81	6	1.375e-04	{Q}
UPI000003EB27	MULTIPLE	1	53	79	13	1.136e-06	{EQ}
UPI000003EB28	SINGLE	1	109	290	23	1.577e-05	{R}
UPI000003EB28	SINGLE	2	123	695	48	1.398e-04	{I}
UPI000003EB28	SINGLE	3	665	701	8	2.577e-04	{R}
UPI000003EB28	SINGLE	4	473	529	14	3.775e-04	{L}
UPI000003EB28	SINGLE	5	352	367	5	4.085e-04	{Q}
UPI000003EB28	SINGLE	6	608	632	7	7.029e-04	{E}
UPI000003EB28	SINGLE	7	59	359	16	7.040e-04	{M}
UPI000003EB28	MULTIPLE	1	109	691	113	6.259e-08	{RIM}
UPI000003EB28	WHOLE	1	1	702	53	3.818e-04	{R}
UPI000003EB28	WHOLE	2	1	702	53	6.764e-04	{I}
UPI000003EB29	SINGLE	1	28	97	7	6.990e-04	{H}
UPI000003EB2B	SINGLE	1	17	262	37	1.361e-09	{I}
UPI000003EB2B	SINGLE	2	132	252	15	6.012e-05	{F}
UPI000003EB2B	SINGLE	3	42	413	42	1.852e-04	{V}
UPI000003EB2B	SINGLE	4	110	146	10	3.371e-04	{A}
UPI000003EB2B	SINGLE	5	20	392	41	5.194e-04	{G}
UPI000003EB2B	MULTIPLE	1	11	399	196	9.805e-18	{IFVAG}
UPI000003EB2B	WHOLE	1	1	428	47	2.112e-07	{I}
UPI000003EB2D	SINGLE	1	45	201	11	5.288e-04	{H}
UPI000003EB2D	SINGLE	2	76	114	8	9.539e-04	{D}
UPI000003EB2D	MULTIPLE	1	76	143	15	1.330e-04	{HD}
UPI000003EB39	SINGLE	1	45	396	50	1.839e-05	{A}
UPI000003EB39	SINGLE	2	194	370	26	7.296e-05	{G}
UPI000003EB39	MULTIPLE	1	45	396	88	7.186e-08	{AG}
UPI000003EB39	WHOLE	1	1	406	52	1.606e-04	{A}
UPI000003EB3B	SINGLE	1	339	354	6	5.920e-05	{R}
UPI000003EB3B	SINGLE	2	329	377	11	1.983e-04	{E}
UPI000003EB3B	SINGLE	3	112	134	6	4.644e-04	{P}
UPI000003EB3B	SINGLE	4	292	384	12	5.016e-04	{Q}
UPI000003EB3B	SINGLE	5	5	256	14	9.545e-04	{H}
UPI000003EB3B	MULTIPLE	1	292	384	38	3.498e-09	{REQ}
UPI000003EB46	SINGLE	1	9	442	54	4.335e-10	{I}
UPI000003EB46	SINGLE	2	1	268	17	7.129e-05	{M}
UPI000003EB46	SINGLE	3	30	440	47	1.040e-04	{G}
UPI000003EB46	SINGLE	4	381	395	6	5.574e-04	{A}
UPI000003EB46	SINGLE	5	78	348	31	8.289e-04	{V}
UPI000003EB46	MULTIPLE	1	16	433	201	2.164e-18	{IMGAV}
UPI000003EB46	WHOLE	1	1	451	54	1.662e-09	{I}
UPI000003EB46	WHOLE	2	1	451	22	2.829e-04	{M}
UPI000003EB46	WHOLE	3	1	451	48	4.012e-04	{G}
UPI000003EB54	SINGLE	1	8	42	12	6.881e-06	{A}
UPI000003EB54	SINGLE	2	127	149	7	4.607e-04	{G}
UPI000003EB54	SINGLE	3	55	231	18	4.665e-04	{Q}
UPI000003EB54	SINGLE	4	159	173	6	5.574e-04	{A}
UPI000003EB54	MULTIPLE	1	94	150	16	2.151e-04	{GQ}
UPI000003EB59	SINGLE	1	37	87	14	2.089e-05	{A}
UPI000003EB59	SINGLE	2	5	85	14	3.008e-04	{K}
UPI000003EB59	MULTIPLE	1	2	87	33	1.514e-08	{AK}
UPI000003EB59	WHOLE	1	1	87	19	2.663e-05	{A}
UPI000003EB59	WHOLE	2	1	87	14	6.095e-04	{K}
UPI000003EB5E	SINGLE	1	22	310	30	4.122e-05	{R}
UPI000003EB5E	SINGLE	2	21	98	12	3.183e-04	{I}
UPI000003EB5E	SINGLE	3	55	129	12	6.211e-04	{D}
UPI000003EB5E	SINGLE	4	136	190	12	7.069e-04	{A}
UPI000003EB5E	SINGLE	5	25	49	7	7.874e-04	{G}
UPI000003EB5E	MULTIPLE	1	15	313	106	3.687e-06	{RIAG}
UPI000003EB5E	WHOLE	1	1	313	30	1.572e-04	{R}
UPI000003EB5F	SINGLE	1	49	64	6	2.398e-04	{T}
UPI000003EB5F	SINGLE	2	32	91	14	6.371e-04	{L}
UPI000003EB63	SINGLE	1	84	308	34	2.588e-06	{V}
UPI000003EB63	SINGLE	2	186	295	18	2.218e-04	{G}
UPI000003EB63	MULTIPLE	1	84	309	60	3.285e-08	{VG}
UPI000003EB63	WHOLE	1	1	360	44	2.468e-05	{V}
UPI000003EB65	SINGLE	1	3	395	66	7.659e-07	{L}
UPI000003EB65	SINGLE	2	298	354	9	2.833e-04	{F}
UPI000003EB65	SINGLE	3	18	397	34	3.481e-04	{I}
UPI000003EB65	SINGLE	4	184	206	7	4.064e-04	{V}
UPI000003EB65	SINGLE	5	259	282	7	6.071e-04	{G}
UPI000003EB65	SINGLE	6	1	393	19	7.371e-04	{M}
UPI000003EB65	MULTIPLE	1	1	397	180	1.281e-15	{LFIGM}
UPI000003EB65	WHOLE	1	1	414	67	2.247e-06	{L}
UPI000003EB68	SINGLE	1	64	87	8	9.162e-05	{G}
UPI000003EB69	SINGLE	1	4	26	6	7.449e-06	{H}
UPI000003EB69	SINGLE	2	112	126	5	4.635e-04	{R}
UPI000003EB69	SINGLE	3	176	193	7	6.140e-04	{L}
UPI000003EB69	SINGLE	4	8	132	18	7.619e-04	{V}
UPI000003EB69	MULTIPLE	1	8	132	29	7.237e-05	{RV}
UPI000003EB6B	SINGLE	1	2	103	17	5.440e-06	{R}
UPI000003EB6B	SINGLE	2	55	126	14	8.695e-04	{A}
UPI000003EB6B	MULTIPLE	1	2	126	35	2.294e-06	{RA}
UPI000003EB6B	WHOLE	1	1	127	18	2.724e-05	{R}
UPI000003EB6C	SINGLE	1	162	248	16	1.018e-04	{E}
UPI000003EB6C	SINGLE	2	143	238	13	4.794e-04	{R}
UPI000003EB6C	MULTIPLE	1	143	248	29	2.968e-06	{ER}
UPI000003EB6C	WHOLE	1	1	329	36	7.892e-04	{E}
UPI000003EB6D	SINGLE	1	3	188	22	6.145e-05	{R}
UPI000003EB6D	SINGLE	2	125	143	6	8.474e-04	{V}
UPI000003EB6D	MULTIPLE	1	44	155	28	2.451e-05	{RV}
UPI000003EB6D	WHOLE	1	1	206	22	2.478e-04	{R}
UPI000003EB6E	SINGLE	1	39	54	6	3.425e-04	{G}
UPI000003EB6E	SINGLE	2	59	73	6	5.574e-04	{A}
UPI000003EB6F	SINGLE	1	70	113	12	6.396e-07	{R}
UPI000003EB6F	SINGLE	2	4	53	9	5.424e-04	{I}
UPI000003EB6F	WHOLE	1	1	118	15	3.697e-04	{R}
UPI000003EB75	SINGLE	1	271	291	9	1.235e-05	{A}
UPI000003EB75	SINGLE	2	3	455	51	5.068e-05	{V}
UPI000003EB75	SINGLE	3	53	87	10	2.092e-04	{A}
UPI000003EB75	SINGLE	4	198	214	6	4.457e-04	{E}
UPI000003EB75	MULTIPLE	1	36	410	89	4.207e-07	{AV}
UPI000003EB75	WHOLE	1	1	477	51	1.646e-04	{V}
UPI000003EB79	SINGLE	1	427	479	11	2.954e-05	{R}
UPI000003EB79	SINGLE	2	434	566	22	3.307e-05	{E}
UPI000003EB79	SINGLE	3	380	408	10	3.725e-05	{A}
UPI000003EB79	SINGLE	4	185	208	7	8.692e-05	{R}
UPI000003EB79	SINGLE	5	13	68	12	1.969e-04	{G}
UPI000003EB79	SINGLE	6	17	111	18	2.589e-04	{A}
UPI000003EB79	SINGLE	7	178	355	19	4.523e-04	{P}
UPI000003EB79	SINGLE	8	125	155	8	5.305e-04	{V}
UPI000003EB79	SINGLE	9	537	562	6	6.261e-04	{Q}
UPI000003EB79	SINGLE	10	93	109	5	8.659e-04	{R}
UPI000003EB79	MULTIPLE	1	424	566	39	8.084e-08	{RE}
UPI000003EB79	MULTIPLE	2	174	355	35	2.407e-05	{RP}
UPI000003EB79	MULTIPLE	3	13	111	39	1.850e-06	{GAR}
UPI000003EB79	WHOLE	1	1	629	47	8.440e-04	{R}
UPI000003EB7D	SINGLE	1	81	129	16	4.611e-07	{A}
UPI000003EB7D	SINGLE	2	62	296	35	4.076e-06	{G}
UPI000003EB7D	SINGLE	3	55	150	17	9.973e-05	{V}
UPI000003EB7D	SINGLE	4	24	310	29	1.331e-04	{I}
UPI000003EB7D	SINGLE	5	17	315	46	1.925e-04	{L}
UPI000003EB7D	MULTIPLE	1	23	316	181	1.601e-20	{AGVIL}
UPI000003EB7D	WHOLE	1	1	321	29	7.191e-04	{I}
UPI000003EB7D	WHOLE	2	1	321	36	7.279e-04	{G}
UPI000003EB7D	WHOLE	3	1	321	46	7.857e-04	{L}
UPI000003EB7D	WHOLE	4	1	321	35	9.371e-04	{V}
UPI000003EB7F	SINGLE	1	39	291	46	5.108e-08	{A}
UPI000003EB7F	SINGLE	2	28	115	15	4.460e-04	{G}
UPI000003EB7F	WHOLE	1	1	309	49	1.201e-06	{A}
UPI0000042A94	SINGLE	1	133	155	7	4.064e-04	{V}
UPI0000043AA8	SINGLE	1	29	48	7	4.883e-04	{A}
UPI0000043AA8	SINGLE	2	266	280	6	5.574e-04	{A}
UPI0000043B0D	SINGLE	1	8	101	15	3.079e-05	{R}
UPI0000043B0D	WHOLE	1	1	158	18	3.929e-04	{R}
UPI0000043B5D	SINGLE	1	105	138	8	1.702e-04	{I}
UPI0000043B5D	SINGLE	2	39	209	24	2.518e-04	{G}
UPI0000043B5D	SINGLE	3	212	254	8	3.806e-04	{Q}
UPI0000043B5D	MULTIPLE	1	39	211	41	3.408e-06	{IG}
UPI0000043B5D	WHOLE	1	1	359	33	2.669e-04	{I}
UPI0000043B83	SINGLE	1	175	203	5	8.455e-05	{C}
UPI0000043B85	SINGLE	1	168	227	10	4.119e-04	{R}
UPI0000043B88	SINGLE	1	134	202	9	1.679e-05	{H}
UPI0000043B8B	SINGLE	1	905	919	7	2.093e-05	{G}
UPI0000043B8B	SINGLE	2	364	419	11	4.981e-05	{R}
UPI0000043B8B	SINGLE	3	489	747	33	1.419e-04	{G}
UPI0000043B8B	SINGLE	4	740	766	4	7.937e-04	{C}
UPI0000043B8B	SINGLE	5	595	614	6	8.840e-04	{K}
UPI0000043B8B	SINGLE	6	253	280	4	9.111e-04	{C}
UPI0000043B8B	WHOLE	1	1	940	66	5.557e-04	{R}
UPI0000047C57	SINGLE	1	244	258	6	2.215e-05	{Q}
UPI0000047C57	SINGLE	2	28	42	7	6.097e-05	{A}
UPI0000047C57	SINGLE	3	73	131	10	4.474e-04	{I}
UPI0000047C59	SINGLE	1	203	247	13	3.142e-06	{E}
UPI0000047C59	SINGLE	2	503	581	15	1.406e-04	{G}
UPI0000047C59	SINGLE	3	93	186	16	2.422e-04	{V}
UPI0000047C59	SINGLE	4	24	69	10	3.416e-04	{T}
UPI0000047C59	SINGLE	5	280	314	8	4.587e-04	{D}
UPI0000047C59	SINGLE	6	317	336	5	7.789e-04	{F}
UPI0000047C5B	SINGLE	1	9	121	15	2.368e-04	{R}
UPI0000047C5B	WHOLE	1	1	124	15	6.066e-04	{R}
UPI0000047C5C	SINGLE	1	91	165	21	1.546e-07	{A}
UPI0000047C5C	SINGLE	2	42	62	6	3.138e-04	{R}
UPI0000047C5C	SINGLE	3	12	55	10	3.359e-04	{V}
UPI0000047C5C	MULTIPLE	1	12	64	18	8.565e-06	{RV}
UPI0000047C5C	WHOLE	1	1	165	33	3.787e-07	{A}
UPI0000047C5D	SINGLE	1	11	116	28	6.253e-09	{A}
UPI0000047C5D	SINGLE	2	12	73	12	4.210e-04	{V}
UPI0000047C5D	MULTIPLE	1	11	120	44	3.034e-11	{AV}
UPI0000047C5D	WHOLE	1	1	121	28	1.271e-07	{A}
UPI0000047C65	SINGLE	1	9	301	55	1.799e-07	{L}
UPI0000047C65	SINGLE	2	17	118	16	2.990e-05	{I}
UPI0000047C65	SINGLE	3	59	307	34	3.176e-05	{G}
UPI0000047C65	SINGLE	4	200	272	15	3.315e-04	{A}
UPI0000047C65	SINGLE	5	288	310	7	4.064e-04	{V}
UPI0000047C65	MULTIPLE	1	9	307	183	2.464e-20	{LIGAV}
UPI0000047C65	WHOLE	1	1	330	58	7.724e-07	{L}
UPI0000047C65	WHOLE	2	1	330	30	5.492e-04	{I}
UPI0000047C65	WHOLE	3	1	330	37	6.340e-04	{G}
UPI0000047C69	SINGLE	1	17	111	21	6.805e-07	{G}
UPI0000047C69	SINGLE	2	70	120	14	2.089e-05	{A}
UPI0000047C69	SINGLE	3	330	351	7	2.506e-05	{Q}
UPI0000047C69	SINGLE	4	206	225	5	5.484e-05	{M}
UPI0000047C69	SINGLE	5	115	131	6	4.421e-04	{V}
UPI0000047C69	MULTIPLE	1	15	131	57	1.825e-11	{GAV}
UPI0000047C69	WHOLE	1	1	383	42	4.760e-04	{G}
UPI0000047C69	WHOLE	2	1	383	47	6.893e-04	{A}
UPI0000047C6B	SINGLE	1	39	179	17	1.414e-10	{C}
UPI0000047C6B	SINGLE	2	223	238	4	3.155e-04	{H}
UPI0000047C6B	SINGLE	3	256	270	6	5.574e-04	{A}
UPI0000047C6B	WHOLE	1	1	294	17	5.440e-06	{C}
UPI0000047C6C	SINGLE	1	25	75	12	4.278e-07	{F}
UPI0000047C6C	SINGLE	2	154	168	6	4.559e-05	{I}
UPI0000047C6C	SINGLE	3	115	183	8	1.112e-04	{M}
UPI0000047C6C	SINGLE	4	201	215	6	2.062e-04	{E}
UPI0000047C6C	MULTIPLE	1	115	184	20	4.412e-08	{IM}
UPI0000047C6C	WHOLE	1	1	217	24	1.256e-04	{I}
UPI0000047C6C	WHOLE	2	1	217	13	7.360e-04	{M}
UPI0000047C6D	SINGLE	1	9	54	8	6.072e-07	{C}
UPI0000047C6D	WHOLE	1	1	86	8	6.472e-05	{C}
UPI0000047C75	SINGLE	1	10	61	14	4.138e-06	{G}
UPI0000047C75	SINGLE	2	3	80	13	8.380e-05	{I}
UPI0000047C75	SINGLE	3	49	63	5	1.842e-04	{F}
UPI0000047C75	SINGLE	4	38	73	9	3.141e-04	{V}
UPI0000047C75	MULTIPLE	1	2	76	46	1.996e-13	{GIFV}
UPI0000047C75	WHOLE	1	1	82	16	6.286e-05	{G}
UPI0000047C75	WHOLE	2	1	82	13	1.385e-04	{I}
UPI0000047C76	SINGLE	1	5	28	7	4.105e-04	{T}
UPI0000047C76	SINGLE	2	8	46	9	5.782e-04	{V}
UPI0000047C76	MULTIPLE	1	5	46	17	4.914e-06	{TV}
UPI0000047C78	SINGLE	1	7	70	17	4.748e-06	{A}
UPI0000047C78	SINGLE	2	212	246	8	8.801e-05	{Q}
UPI0000047C78	WHOLE	1	1	246	39	1.239e-05	{A}
UPI0000047C7B	SINGLE	1	5	135	28	1.309e-05	{L}
UPI0000047C7B	SINGLE	2	80	98	7	1.092e-04	{V}
UPI0000047C7B	SINGLE	3	54	81	7	2.899e-04	{I}
UPI0000047C7B	SINGLE	4	134	183	12	2.942e-04	{A}
UPI0000047C7B	MULTIPLE	1	5	131	53	3.665e-08	{LVI}
UPI0000047C7B	WHOLE	1	1	193	36	2.053e-05	{L}
UPI0000047C7F	SINGLE	1	13	203	30	1.214e-04	{A}
UPI0000047C7F	SINGLE	2	154	168	5	9.005e-04	{D}
UPI0000047C7F	WHOLE	1	1	206	30	4.142e-04	{A}
UPI0000047C80	SINGLE	1	19	59	14	8.097e-06	{L}
UPI0000047C80	SINGLE	2	32	63	10	1.324e-05	{T}
UPI0000047C80	SINGLE	3	67	110	10	3.772e-05	{I}
UPI0000047C80	SINGLE	4	115	222	19	4.520e-04	{A}
UPI0000047C80	MULTIPLE	1	22	59	22	2.044e-09	{LT}
UPI0000047C8C	SINGLE	1	453	488	12	4.539e-05	{L}
UPI0000047C8C	SINGLE	2	349	463	20	4.633e-05	{G}
UPI0000047C8C	SINGLE	3	60	310	33	5.720e-05	{E}
UPI0000047C8C	SINGLE	4	172	186	7	1.659e-04	{L}
UPI0000047C8C	SINGLE	5	517	532	6	3.084e-04	{E}
UPI0000047C8C	SINGLE	6	146	336	20	5.602e-04	{R}
UPI0000047C8C	MULTIPLE	1	60	338	94	9.749e-08	{ELR}
UPI0000047C8F	SINGLE	1	107	154	10	2.712e-05	{N}
UPI0000047C8F	SINGLE	2	198	213	6	3.390e-05	{Q}
UPI0000047C8F	SINGLE	3	82	488	58	2.532e-04	{L}
UPI0000047C8F	SINGLE	4	281	311	7	4.684e-04	{R}
UPI0000047C8F	MULTIPLE	1	86	477	115	3.423e-08	{NLR}
UPI0000047C93	SINGLE	1	16	41	8	2.967e-04	{S}
UPI0000047C93	SINGLE	2	58	72	6	5.574e-04	{A}
UPI0000047C93	SINGLE	3	4	35	8	6.680e-04	{E}
UPI0000047C93	MULTIPLE	1	13	37	13	5.358e-06	{SE}
UPI0000047C94	SINGLE	1	33	127	25	8.056e-07	{L}
UPI0000047C94	SINGLE	2	25	85	7	3.105e-04	{M}
UPI0000047C94	SINGLE	3	27	43	6	4.457e-04	{E}
UPI0000047C94	MULTIPLE	1	47	97	21	4.608e-08	{LM}
UPI0000047C94	WHOLE	1	1	134	26	1.268e-04	{L}
UPI0000047CA7	SINGLE	1	310	327	5	3.167e-05	{M}
UPI0000047CA7	SINGLE	2	11	360	16	6.711e-05	{W}
UPI0000047CA7	SINGLE	3	72	168	13	8.166e-05	{F}
UPI0000047CA7	SINGLE	4	67	82	7	9.989e-05	{A}
UPI0000047CA7	SINGLE	5	129	348	28	2.968e-04	{V}
UPI0000047CA7	SINGLE	6	202	309	19	4.520e-04	{A}
UPI0000047CA7	MULTIPLE	1	6	363	133	2.272e-11	{MWFAV}
UPI0000047CA7	WHOLE	1	1	379	16	1.595e-04	{W}
UPI0000047CA7	WHOLE	2	1	379	19	4.949e-04	{M}
UPI0000047CA8	SINGLE	1	48	80	12	3.445e-06	{A}
UPI0000047CA8	SINGLE	2	53	305	25	4.683e-04	{I}
UPI0000047CA9	SINGLE	1	18	42	8	1.088e-04	{V}
UPI0000047CAA	SINGLE	1	15	172	12	1.519e-04	{H}
UPI0000047CAA	SINGLE	2	168	196	7	3.066e-04	{R}
UPI0000047CAA	MULTIPLE	1	15	197	30	7.138e-06	{HR}
UPI0000047CAA	WHOLE	1	1	200	13	3.594e-04	{H}
UPI0000047CAB	SINGLE	1	27	195	26	1.199e-07	{R}
UPI0000047CAB	SINGLE	2	134	167	5	7.231e-04	{H}
UPI0000047CAB	MULTIPLE	1	37	185	32	7.484e-09	{RH}
UPI0000047CAB	WHOLE	1	1	198	28	2.384e-07	{R}
UPI0000047CB7	SINGLE	1	68	85	6	1.696e-07	{W}
UPI0000047CB7	SINGLE	2	111	135	6	1.250e-05	{M}
UPI0000047CB7	SINGLE	3	31	45	6	3.887e-05	{R}
UPI0000047CB7	SINGLE	4	204	240	9	4.178e-05	{R}
UPI0000047CB7	SINGLE	5	121	187	15	6.548e-04	{L}
UPI0000047CB7	SINGLE	6	72	165	15	7.062e-04	{V}
UPI0000047CB7	SINGLE	7	22	66	8	8.310e-04	{P}
UPI0000047CB7	MULTIPLE	1	107	152	16	6.653e-07	{MV}
UPI0000047CB7	MULTIPLE	2	22	66	14	3.523e-05	{RP}
UPI0000047CBB	SINGLE	1	3	70	15	5.276e-07	{R}
UPI0000047CBB	SINGLE	2	2	118	22	6.929e-05	{A}
UPI0000047CBB	MULTIPLE	1	2	118	38	1.411e-08	{RA}
UPI0000047CBB	WHOLE	1	1	118	22	7.857e-05	{A}
UPI0000047CBB	WHOLE	2	1	118	16	1.198e-04	{R}
UPI0000047CBC	SINGLE	1	3	52	14	1.119e-06	{K}
UPI0000047CBC	WHOLE	1	1	65	14	2.794e-05	{K}
UPI0000047CBD	SINGLE	1	72	97	10	1.555e-06	{K}
UPI0000047CBD	SINGLE	2	18	61	10	3.399e-04	{E}
UPI00000480B6	SINGLE	1	35	76	16	4.061e-08	{A}
UPI00000480B6	SINGLE	2	11	28	8	7.119e-06	{E}
UPI00000480B6	SINGLE	3	44	58	5	2.936e-04	{Q}
UPI00000480B6	SINGLE	4	44	124	8	3.284e-04	{M}
UPI00000480B6	SINGLE	5	37	97	10	3.882e-04	{P}
UPI00000480B6	MULTIPLE	1	35	76	28	8.701e-13	{AQP}
UPI00000480B7	SINGLE	1	659	697	8	7.628e-05	{Y}
UPI00000480B7	SINGLE	2	134	753	65	8.854e-05	{G}
UPI00000480B7	SINGLE	3	368	383	6	2.357e-04	{K}
UPI00000480B7	SINGLE	4	535	567	7	3.857e-04	{Q}
UPI00000480B7	MULTIPLE	1	132	757	131	6.772e-06	{YGQ}
UPI00000480B8	SINGLE	1	77	378	73	2.700e-18	{A}
UPI00000480B8	SINGLE	2	108	269	31	4.064e-08	{V}
UPI00000480B8	SINGLE	3	4	447	50	6.114e-05	{E}
UPI00000480B8	SINGLE	4	536	557	7	3.432e-04	{G}
UPI00000480B8	SINGLE	5	55	537	47	6.631e-04	{K}
UPI00000480B8	SINGLE	6	334	358	6	8.417e-04	{R}
UPI00000480B8	MULTIPLE	1	80	347	130	5.520e-24	{AVE}
UPI00000480B8	MULTIPLE	2	334	358	13	7.921e-05	{GKR}
UPI00000480B8	WHOLE	1	1	630	96	2.208e-10	{A}
UPI00000480B8	WHOLE	2	1	630	68	1.550e-05	{V}
UPI00000480B9	SINGLE	1	162	188	6	3.793e-04	{Y}
UPI00000480B9	SINGLE	2	52	66	6	5.574e-04	{A}
UPI00000480B9	SINGLE	3	38	256	13	7.975e-04	{H}
UPI00000480B9	SINGLE	4	212	376	22	8.131e-04	{G}
UPI00000480B9	MULTIPLE	1	59	194	27	2.462e-04	{AH}
UPI00000480C1	SINGLE	1	228	242	6	2.293e-04	{G}
UPI00000480C1	SINGLE	2	254	309	10	2.951e-04	{I}
UPI00000480C1	SINGLE	3	2	16	5	5.275e-04	{I}
UPI00000480C2	SINGLE	1	216	466	41	6.098e-08	{G}
UPI00000480C2	SINGLE	2	83	335	37	2.151e-06	{V}
UPI00000480C2	SINGLE	3	222	357	27	4.443e-06	{A}
UPI00000480C2	SINGLE	4	77	189	17	6.597e-04	{E}
UPI00000480C2	SINGLE	5	95	113	6	6.706e-04	{T}
UPI00000480C2	SINGLE	6	47	62	6	8.219e-04	{A}
UPI00000480C2	SINGLE	7	299	351	9	8.243e-04	{I}
UPI00000480C2	MULTIPLE	1	80	369	170	2.418e-12	{GVAETI}
UPI00000480C2	WHOLE	1	1	488	52	2.509e-04	{G}
UPI00000480C3	SINGLE	1	3	260	26	2.822e-04	{I}
UPI00000480C3	SINGLE	2	83	108	7	3.644e-04	{D}
UPI00000480C3	WHOLE	1	1	264	26	3.906e-04	{I}
UPI00000480CA	SINGLE	1	143	179	7	7.584e-04	{N}
UPI00000480D3	SINGLE	1	59	76	5	5.176e-06	{W}
UPI00000480D3	SINGLE	2	22	49	7	5.850e-04	{D}
UPI00000480D4	SINGLE	1	130	149	6	2.355e-04	{R}
UPI00000480D4	SINGLE	2	121	299	31	2.507e-04	{L}
UPI00000480D4	SINGLE	3	136	152	4	4.036e-04	{M}
UPI00000480D4	MULTIPLE	1	121	299	52	6.124e-06	{RLM}
UPI00000480D5	SINGLE	1	39	240	23	3.664e-06	{F}
UPI00000480D5	SINGLE	2	97	238	24	1.053e-05	{V}
UPI00000480D5	SINGLE	3	144	204	16	6.943e-05	{L}
UPI00000480D5	SINGLE	4	1	69	8	1.112e-04	{M}
UPI00000480D5	SINGLE	5	12	127	16	1.350e-04	{I}
UPI00000480D5	SINGLE	6	107	121	6	2.293e-04	{G}
UPI00000480D5	MULTIPLE	1	20	238	121	9.283e-14	{FVLIG}
UPI00000480D5	WHOLE	1	1	256	24	5.187e-05	{F}
UPI00000480D5	WHOLE	2	1	256	31	3.473e-04	{V}
UPI00000480D6	SINGLE	1	7	75	17	9.560e-05	{L}
UPI00000480D7	SINGLE	1	37	74	6	2.764e-05	{C}
UPI00000480D7	WHOLE	1	1	84	7	3.508e-04	{C}
UPI00000480DB	SINGLE	1	10	302	48	6.112e-07	{A}
UPI00000480DB	SINGLE	2	25	324	31	3.920e-04	{D}
UPI00000480DB	SINGLE	3	58	74	5	5.538e-04	{Q}
UPI00000480DB	MULTIPLE	1	19	303	74	6.855e-09	{AD}
UPI00000480DB	WHOLE	1	1	332	49	8.316e-06	{A}
UPI00000480DE	SINGLE	1	304	318	6	3.887e-05	{R}
UPI00000480DE	SINGLE	2	216	309	17	9.876e-05	{G}
UPI00000480DE	SINGLE	3	183	232	10	2.943e-04	{D}
UPI00000480DE	SINGLE	4	400	414	5	5.275e-04	{I}
UPI00000480DE	WHOLE	1	1	432	46	5.036e-04	{G}
UPI000004959D	SINGLE	1	14	236	34	8.435e-05	{A}
UPI000004959D	SINGLE	2	15	29	5	5.275e-04	{I}
UPI000004959D	SINGLE	3	104	123	5	7.789e-04	{F}
UPI000004959D	MULTIPLE	1	14	236	54	1.293e-06	{AI}
UPI000004959D	WHOLE	1	1	255	34	8.364e-04	{A}
UPI000004A360	SINGLE	1	203	284	16	6.286e-05	{G}
UPI000004A360	SINGLE	2	199	231	6	6.556e-05	{M}
UPI000004A360	SINGLE	3	260	276	6	1.949e-04	{D}
UPI000004A360	SINGLE	4	448	462	5	5.275e-04	{I}
UPI000004A360	SINGLE	5	351	536	27	7.723e-04	{A}
UPI000004A360	MULTIPLE	1	199	284	22	2.857e-06	{GM}
UPI000004F5E0	SINGLE	1	10	179	38	1.530e-07	{L}
UPI000004F5E0	SINGLE	2	175	195	6	4.184e-06	{M}
UPI000004F5E0	SINGLE	3	74	88	6	4.559e-05	{I}
UPI000004F5E0	MULTIPLE	1	10	195	71	4.794e-13	{LMI}
UPI000004F5E0	WHOLE	1	1	197	39	2.442e-06	{L}
UPI000004F5E0	WHOLE	2	1	197	14	9.189e-05	{M}
UPI000004F5E0	WHOLE	3	1	197	21	4.799e-04	{I}
UPI000004FA1E	SINGLE	1	4	416	58	6.482e-06	{A}
UPI000004FA1E	SINGLE	2	305	470	18	2.245e-04	{Q}
UPI000004FA1E	SINGLE	3	15	81	13	2.987e-04	{G}
UPI000004FA1E	SINGLE	4	287	388	9	3.282e-04	{H}
UPI000004FA1E	MULTIPLE	1	9	416	132	2.641e-08	{AQGH}
UPI000004FA1E	WHOLE	1	1	548	63	6.135e-04	{A}
UPI00000502F4	SINGLE	1	12	31	9	7.656e-06	{A}
UPI00000502F6	SINGLE	1	3	39	12	7.922e-08	{R}
UPI00000502F6	WHOLE	1	1	57	13	1.973e-06	{R}
UPI0000050EFF	SINGLE	1	7	54	11	1.943e-04	{G}
UPI0000050EFF	SINGLE	2	62	78	6	3.418e-04	{K}
UPI0000052071	SINGLE	1	46	315	46	3.400e-07	{A}
UPI0000052071	SINGLE	2	234	249	6	1.335e-04	{D}
UPI0000052071	SINGLE	3	412	429	6	4.891e-04	{T}
UPI0000052071	WHOLE	1	1	434	56	8.220e-05	{A}
UPI00000520C0	SINGLE	1	8	333	32	6.656e-05	{R}
UPI00000520C0	SINGLE	2	128	143	5	5.733e-04	{P}
UPI00000520C0	WHOLE	1	1	334	32	1.015e-04	{R}
UPI00000540BA	SINGLE	1	45	85	9	2.852e-04	{D}
UPI00000540BA	SINGLE	2	23	86	12	3.696e-04	{K}
UPI00000540BA	SINGLE	3	1	15	5	5.275e-04	{I}
UPI00000540BA	MULTIPLE	1	23	86	22	1.444e-06	{DK}
UPI00000540BB	SINGLE	1	34	60	8	6.718e-04	{A}
UPI00000540BB	SINGLE	2	43	57	5	9.005e-04	{D}
UPI00000540BB	MULTIPLE	1	31	60	14	8.759e-06	{AD}
UPI00000540BF	SINGLE	1	138	171	9	1.677e-05	{P}
UPI00000540BF	SINGLE	2	88	162	16	1.411e-04	{A}
UPI00000540BF	MULTIPLE	1	98	165	25	2.283e-07	{PA}
UPI00000540C0	SINGLE	1	244	258	8	1.281e-06	{E}
UPI00000540C0	SINGLE	2	68	235	20	7.723e-06	{F}
UPI00000540C0	SINGLE	3	10	95	13	2.208e-04	{I}
UPI00000540C0	SINGLE	4	27	212	25	2.683e-04	{V}
UPI00000540C0	MULTIPLE	1	24	232	64	1.225e-08	{FIV}
UPI00000540C0	WHOLE	1	1	258	22	3.509e-04	{F}
UPI0000059A7E	SINGLE	1	61	102	9	1.446e-04	{I}
UPI0000059A7E	WHOLE	1	1	112	14	8.486e-04	{I}
UPI0000059DC9	WHOLE	1	1	14	5	1.278e-04	{F}
UPI0000059F9B	SINGLE	1	5	61	14	1.028e-05	{E}
UPI0000059F9B	WHOLE	1	1	78	14	3.334e-04	{E}
UPI000005A1F2	SINGLE	1	13	30	7	5.580e-06	{Q}
UPI000005A1F2	SINGLE	2	1	24	5	1.377e-04	{M}
UPI000005A1F2	MULTIPLE	1	11	25	10	2.932e-09	{QM}
UPI000005A1F2	WHOLE	1	1	109	9	5.237e-04	{M}
UPI000005A4AC	SINGLE	1	17	69	13	8.254e-07	{R}
UPI000005A4AC	SINGLE	2	40	59	6	8.840e-04	{K}
UPI000005A4AC	MULTIPLE	1	17	69	21	5.394e-08	{RK}
UPI000005A4AC	WHOLE	1	1	71	14	4.915e-06	{R}
UPI000005A541	SINGLE	1	132	341	29	8.890e-05	{G}
UPI000005A541	SINGLE	2	26	187	23	2.115e-04	{V}
UPI000005A541	SINGLE	3	125	151	8	6.718e-04	{A}
UPI000005A541	MULTIPLE	1	26	341	104	2.473e-07	{GVA}
UPI000005A541	WHOLE	1	1	347	39	4.606e-04	{G}
UPI000005A5A1	SINGLE	1	3	17	6	2.045e-04	{V}
UPI000005A5A1	SINGLE	2	6	20	5	5.275e-04	{I}
UPI000005A5A1	MULTIPLE	1	3	20	11	5.867e-07	{VI}
UPI000005A5E3	SINGLE	1	81	100	7	1.165e-04	{K}
UPI000005A698	SINGLE	1	12	41	10	7.159e-07	{R}
UPI000005A698	WHOLE	1	1	46	11	7.292e-06	{R}
UPI000005A6F0	SINGLE	1	3	55	12	6.055e-05	{K}
UPI000005A6F0	WHOLE	1	1	55	12	8.766e-05	{K}
UPI000005A7FC	SINGLE	1	11	53	17	6.539e-10	{G}
UPI000005A7FC	SINGLE	2	18	78	10	4.691e-04	{R}
UPI000005A7FC	SINGLE	3	97	111	5	5.275e-04	{I}
UPI000005A7FC	MULTIPLE	1	16	65	25	1.686e-11	{GR}
UPI000005A7FC	WHOLE	1	1	144	26	2.047e-06	{G}
UPI000005A94A	SINGLE	1	3	73	12	1.033e-04	{R}
UPI000005A94A	WHOLE	1	1	75	12	1.732e-04	{R}
UPI0000061477	SINGLE	1	45	75	10	7.006e-05	{A}
UPI0000061477	SINGLE	2	20	119	17	1.630e-04	{V}
UPI0000061477	SINGLE	3	62	101	9	5.089e-04	{T}
UPI0000061477	MULTIPLE	1	20	103	39	6.682e-08	{AVT}
UPI0000061478	SINGLE	1	42	178	21	1.372e-04	{V}
UPI0000061478	WHOLE	1	1	181	24	4.148e-04	{V}
UPI000006147B	SINGLE	1	227	273	12	1.618e-04	{A}
UPI0000061CB6	SINGLE	1	211	239	10	3.725e-05	{A}
UPI0000061CB6	SINGLE	2	124	175	9	5.917e-04	{R}
UPI0000061CB6	SINGLE	3	29	61	7	6.899e-04	{R}
UPI0000061CB7	SINGLE	1	93	269	32	4.950e-06	{A}
UPI0000061CB7	SINGLE	2	207	241	9	8.102e-05	{D}
UPI0000061CB7	MULTIPLE	1	93	269	51	3.873e-08	{AD}
UPI0000061CB7	WHOLE	1	1	278	39	1.575e-04	{A}
UPI000009AFEE	SINGLE	1	42	90	6	5.818e-04	{H}
UPI000009B019	SINGLE	1	107	192	13	1.690e-04	{R}
UPI000009B019	SINGLE	2	104	126	4	4.271e-04	{C}
UPI000009B019	MULTIPLE	1	104	192	18	8.802e-06	{RC}
UPI00000AEA71	SINGLE	1	7	166	24	3.414e-05	{K}
UPI00000AEA71	SINGLE	2	105	183	12	2.789e-04	{R}
UPI00000AEA71	SINGLE	3	123	143	6	3.649e-04	{I}
UPI00000AEA71	SINGLE	4	226	318	13	4.615e-04	{I}
UPI00000AEA71	SINGLE	5	223	242	6	8.986e-04	{T}
UPI00000AEA71	MULTIPLE	1	7	176	40	1.536e-06	{KR}
UPI00000AED39	SINGLE	1	10	404	75	6.506e-13	{A}
UPI00000AED39	SINGLE	2	58	320	42	8.067e-08	{G}
UPI00000AED39	SINGLE	3	91	391	54	9.364e-07	{L}
UPI00000AED39	SINGLE	4	52	384	40	7.527e-05	{V}
UPI00000AED39	MULTIPLE	1	9	404	229	2.852e-30	{AGLV}
UPI00000AED39	WHOLE	1	1	412	75	5.340e-12	{A}
UPI00000AED39	WHOLE	2	1	412	51	8.099e-06	{G}
UPI00000AED39	WHOLE	3	1	412	62	4.074e-05	{L}
UPI00000AF568	SINGLE	1	7	81	13	8.115e-09	{H}
UPI00000AF568	SINGLE	2	36	309	15	1.548e-05	{W}
UPI00000AF568	SINGLE	3	74	126	11	1.082e-04	{D}
UPI00000AF568	SINGLE	4	339	367	7	1.682e-04	{Q}
UPI00000AF568	SINGLE	5	295	313	4	6.290e-04	{M}
UPI00000AF568	MULTIPLE	1	1	313	50	9.320e-11	{HWM}
UPI00000AF568	WHOLE	1	1	477	26	1.649e-05	{H}
UPI00000AF568	WHOLE	2	1	477	18	2.446e-04	{W}
UPI00000B0DE0	SINGLE	1	98	127	10	1.251e-05	{G}
UPI00000B0DE0	SINGLE	2	154	169	5	6.419e-04	{R}
UPI00000B0FC6	SINGLE	1	32	82	13	3.945e-05	{S}
UPI00000B0FC6	SINGLE	2	2	34	7	2.116e-04	{F}
UPI00000B0FC6	MULTIPLE	1	7	82	25	2.725e-07	{SF}
UPI00000B0FC6	WHOLE	1	1	96	17	3.239e-04	{S}
UPI00000B1382	SINGLE	1	25	97	17	1.028e-05	{S}
UPI00000B1382	SINGLE	2	135	665	57	1.194e-04	{G}
UPI00000B1382	SINGLE	3	201	444	27	3.161e-04	{D}
UPI00000B1382	SINGLE	4	349	648	23	6.582e-04	{Y}
UPI00000B1382	SINGLE	5	485	503	6	6.706e-04	{T}
UPI00000B1382	MULTIPLE	1	135	671	174	1.235e-08	{GDYT}
UPI00000B1382	WHOLE	1	1	673	64	9.544e-04	{G}
UPI00000B17B8	SINGLE	1	13	284	38	2.016e-04	{A}
UPI00000B17B8	SINGLE	2	216	244	8	3.794e-04	{G}
UPI00000B17B8	SINGLE	3	162	246	14	5.006e-04	{T}
UPI00000B17B8	MULTIPLE	1	10	288	64	2.055e-05	{AT}
UPI00000B17B8	WHOLE	1	1	291	38	6.680e-04	{A}
UPI00000B1C95	SINGLE	1	28	146	17	5.633e-05	{I}
UPI00000B1C95	SINGLE	2	1	19	4	6.290e-04	{M}
UPI00000B1C95	WHOLE	1	1	149	17	7.262e-04	{I}
UPI00000B1EE0	SINGLE	1	16	50	9	2.616e-05	{R}
UPI00000B1EE0	WHOLE	1	1	76	11	7.171e-04	{R}
UPI00000B24F0	SINGLE	1	47	62	8	7.437e-07	{D}
UPI00000B24F0	SINGLE	2	25	66	10	1.553e-04	{K}
UPI00000B24F0	MULTIPLE	1	25	66	20	8.146e-09	{DK}
UPI00000B24F0	WHOLE	1	1	66	11	7.252e-04	{D}
UPI00000B25A9	SINGLE	1	35	234	29	3.853e-05	{G}
UPI00000B25A9	SINGLE	2	68	421	35	3.974e-04	{D}
UPI00000B25A9	MULTIPLE	1	42	421	75	8.283e-06	{GD}
UPI00000B4143	SINGLE	1	269	365	20	3.899e-05	{A}
UPI00000B4143	SINGLE	2	134	201	10	5.169e-04	{Q}
UPI00000B4143	SINGLE	3	32	79	6	5.219e-04	{H}
UPI00000B4143	SINGLE	4	96	124	6	5.635e-04	{Y}
UPI00000B4F70	SINGLE	1	12	83	7	8.227e-04	{H}
UPI00000B6216	SINGLE	1	33	48	6	1.920e-05	{F}
UPI00000B6216	SINGLE	2	61	378	20	2.063e-05	{M}
UPI00000B6216	SINGLE	3	8	447	42	2.297e-05	{I}
UPI00000B6216	SINGLE	4	102	445	16	5.533e-05	{W}
UPI00000B6216	SINGLE	5	323	337	5	4.635e-04	{R}
UPI00000B6216	SINGLE	6	32	245	34	6.096e-04	{L}
UPI00000B6216	SINGLE	7	341	410	14	6.615e-04	{A}
UPI00000B6216	MULTIPLE	1	27	447	181	2.191e-12	{FIWLA}
UPI00000B6216	WHOLE	1	1	458	42	5.407e-05	{I}
UPI00000B6216	WHOLE	2	1	458	23	1.462e-04	{M}
UPI00000B8316	SINGLE	1	128	143	5	2.574e-04	{F}
UPI00000B907D	SINGLE	1	215	229	6	1.570e-04	{K}
UPI00000B907D	SINGLE	2	10	118	13	2.542e-04	{F}
UPI00000B907D	SINGLE	3	15	78	12	3.696e-04	{K}
UPI00000B907D	MULTIPLE	1	10	118	26	1.681e-05	{FK}
UPI00000B9ED2	SINGLE	1	6	324	40	5.241e-08	{I}
UPI00000B9ED2	SINGLE	2	11	44	12	8.745e-07	{G}
UPI00000B9ED2	SINGLE	3	60	389	47	2.895e-05	{A}
UPI00000B9ED2	SINGLE	4	278	398	19	1.148e-04	{T}
UPI00000B9ED2	SINGLE	5	43	181	11	1.966e-04	{M}
UPI00000B9ED2	SINGLE	6	194	368	29	7.326e-04	{L}
UPI00000B9ED2	MULTIPLE	1	10	398	218	1.004e-14	{IGATML}
UPI00000B9ED2	WHOLE	1	1	432	48	1.141e-07	{I}
UPI00000B9ED2	WHOLE	2	1	432	52	6.025e-04	{A}
UPI00000B9ED2	WHOLE	3	1	432	20	9.020e-04	{M}
UPI00000BA718	SINGLE	1	312	330	7	3.444e-04	{A}
UPI00000BA718	SINGLE	2	113	296	10	3.782e-04	{W}
UPI00000BA718	SINGLE	3	26	287	23	6.624e-04	{Q}
UPI00000BA718	MULTIPLE	1	26	296	34	1.407e-05	{WQ}
UPI00000BA87B	SINGLE	1	298	450	29	5.199e-06	{A}
UPI00000BA87B	SINGLE	2	119	144	9	2.409e-05	{G}
UPI00000BA87B	SINGLE	3	326	453	13	7.923e-04	{Y}
UPI00000BA87B	MULTIPLE	1	298	453	42	8.575e-08	{AY}
UPI00000BABC5	SINGLE	1	7	143	25	4.118e-04	{L}
UPI00000BABC5	SINGLE	2	47	111	6	5.351e-04	{C}
UPI00000BABC5	MULTIPLE	1	14	143	30	2.861e-05	{LC}
UPI00000BABC5	WHOLE	1	1	144	25	8.209e-04	{L}
UPI00000BB0B9	SINGLE	1	69	115	13	3.705e-05	{A}
UPI00000BB720	SINGLE	1	30	188	21	2.757e-05	{I}
UPI00000BB720	SINGLE	2	165	185	7	1.639e-04	{K}
UPI00000BB720	SINGLE	3	60	75	4	3.155e-04	{H}
UPI00000BB720	SINGLE	4	133	162	5	4.045e-04	{M}
UPI00000BB720	MULTIPLE	1	30	190	35	1.086e-06	{IHM}
UPI00000BB720	WHOLE	1	1	207	24	6.289e-05	{I}
UPI00000BB8C5	SINGLE	1	184	579	65	6.642e-13	{T}
UPI00000BB8C5	SINGLE	2	182	657	74	8.739e-09	{A}
UPI00000BB8C5	SINGLE	3	6	658	60	3.036e-08	{N}
UPI00000BB8C5	SINGLE	4	128	566	55	2.762e-06	{G}
UPI00000BB8C5	SINGLE	5	644	669	7	8.095e-05	{Q}
UPI00000BB8C5	SINGLE	6	106	341	28	8.461e-05	{D}
UPI00000BB8C5	SINGLE	7	23	40	7	1.415e-04	{S}
UPI00000BB8C5	SINGLE	8	41	81	10	7.827e-04	{A}
UPI00000BB8C5	MULTIPLE	1	23	620	384	2.471e-39	{TANGDS}
UPI00000BB8C5	WHOLE	1	1	670	83	1.305e-09	{T}
UPI00000BB8C5	WHOLE	2	1	670	60	7.195e-08	{N}
UPI00000BB8C5	WHOLE	3	1	670	89	4.318e-07	{A}
UPI00000BB8C5	WHOLE	4	1	670	71	3.138e-04	{S}
UPI00000BB8C5	WHOLE	5	1	670	64	8.494e-04	{G}
UPI00000BB991	SINGLE	1	39	288	49	2.122e-07	{L}
UPI00000BB991	SINGLE	2	291	305	6	3.887e-05	{R}
UPI00000BB991	SINGLE	3	156	170	7	6.097e-05	{A}
UPI00000BB991	SINGLE	4	45	300	26	2.520e-04	{I}
UPI00000BB991	SINGLE	5	38	233	18	4.793e-04	{F}
UPI00000BB991	MULTIPLE	1	38	289	93	7.442e-13	{LIF}
UPI00000BB991	WHOLE	1	1	307	52	7.299e-06	{L}
UPI00000BB991	WHOLE	2	1	307	28	7.564e-04	{I}
UPI00000BBC18	SINGLE	1	20	38	7	1.092e-04	{V}
UPI00000BBC18	SINGLE	2	7	21	6	5.574e-04	{A}
UPI00000BBC18	MULTIPLE	1	7	38	14	4.486e-05	{VA}
UPI00000BCD91	SINGLE	1	5	314	67	2.522e-11	{L}
UPI00000BCD91	SINGLE	2	58	150	18	1.996e-04	{A}
UPI00000BCD91	SINGLE	3	103	136	5	7.231e-04	{M}
UPI00000BCD91	MULTIPLE	1	1	317	121	2.321e-15	{LAM}
UPI00000BCD91	WHOLE	1	1	318	67	7.933e-11	{L}
UPI00000BCD91	WHOLE	2	1	318	40	9.746e-04	{A}
UPI00000BCF80	SINGLE	1	527	648	27	1.049e-07	{S}
UPI00000BCF80	SINGLE	2	536	652	17	8.926e-06	{N}
UPI00000BCF80	SINGLE	3	734	761	9	3.942e-05	{V}
UPI00000BCF80	SINGLE	4	37	447	42	6.561e-05	{D}
UPI00000BCF80	SINGLE	5	274	810	58	9.035e-05	{G}
UPI00000BCF80	SINGLE	6	435	653	20	1.736e-04	{Y}
UPI00000BCF80	SINGLE	7	468	575	8	1.905e-04	{W}
UPI00000BCF80	SINGLE	8	36	310	27	3.263e-04	{I}
UPI00000BCF80	SINGLE	9	436	532	13	5.277e-04	{R}
UPI00000BCF80	MULTIPLE	1	434	656	103	2.002e-16	{SNYWR}
UPI00000BCF80	MULTIPLE	2	37	803	129	3.619e-05	{DG}
UPI00000BCF80	WHOLE	1	1	840	85	3.872e-04	{S}
UPI00000BD818	SINGLE	1	70	142	14	9.376e-06	{I}
UPI00000BD818	WHOLE	1	1	197	21	4.799e-04	{I}
UPI00000BD90F	SINGLE	1	7	175	34	2.238e-07	{A}
UPI00000BD90F	SINGLE	2	25	153	21	3.198e-05	{T}
UPI00000BD90F	SINGLE	3	28	60	8	8.166e-04	{V}
UPI00000BD90F	MULTIPLE	1	5	179	75	1.366e-11	{ATV}
UPI00000BD90F	WHOLE	1	1	182	34	1.264e-06	{A}
UPI00000BD90F	WHOLE	2	1	182	24	2.431e-04	{T}
UPI00000BD944	SINGLE	1	89	225	9	3.124e-04	{C}
UPI00000BD944	SINGLE	2	27	250	23	3.151e-04	{R}
UPI00000BD944	SINGLE	3	96	129	7	4.647e-04	{Q}
UPI00000BD944	SINGLE	4	29	48	4	7.691e-04	{H}
UPI00000BD944	MULTIPLE	1	26	257	60	4.879e-08	{CRQH}
UPI00000BD944	WHOLE	1	1	319	28	8.668e-04	{R}
UPI00000BD9A2	SINGLE	1	138	175	11	9.130e-05	{A}
UPI00000BD9A2	SINGLE	2	41	133	13	3.570e-04	{R}
UPI00000BDCD8	SINGLE	1	22	134	21	1.159e-04	{A}
UPI00000BDCD8	SINGLE	2	4	36	7	2.116e-04	{F}
UPI00000BDCD8	MULTIPLE	1	4	134	33	1.015e-05	{AF}
UPI00000BE4C7	SINGLE	1	4	127	8	4.685e-04	{W}
UPI00000BE4C7	SINGLE	2	22	39	5	7.186e-04	{N}
UPI00000BE4C7	MULTIPLE	1	21	116	17	2.638e-05	{WN}
UPI00000BE4E8	SINGLE	1	125	255	25	1.896e-05	{A}
UPI00000BE4E8	SINGLE	2	24	146	23	4.756e-04	{L}
UPI00000BE4E8	WHOLE	1	1	262	36	3.762e-04	{A}
UPI00000BED3C	SINGLE	1	188	202	6	3.887e-05	{R}
UPI00000BED3C	SINGLE	2	154	171	4	5.076e-04	{H}
UPI00000BED3C	WHOLE	1	1	265	27	1.232e-04	{R}
UPI00000BEF7B	SINGLE	1	5	19	7	3.040e-06	{I}
UPI00000BEF7B	SINGLE	2	133	275	18	3.417e-05	{N}
UPI00000BEF7B	SINGLE	3	20	34	6	3.585e-04	{S}
UPI00000BEF7B	SINGLE	4	95	121	4	6.125e-04	{W}
UPI00000BEF7B	WHOLE	1	1	276	28	1.586e-04	{I}
UPI00000BEF7B	WHOLE	2	1	276	25	2.540e-04	{N}
UPI00000BEF92	SINGLE	1	81	314	32	7.842e-08	{R}
UPI00000BEF92	SINGLE	2	13	44	11	2.753e-06	{E}
UPI00000BEF92	SINGLE	3	203	254	11	9.084e-05	{D}
UPI00000BEF92	SINGLE	4	150	171	6	4.771e-04	{I}
UPI00000BEF92	WHOLE	1	1	330	42	1.522e-05	{E}
UPI00000BEF92	WHOLE	2	1	330	34	1.645e-05	{R}
UPI00000BF4A2	SINGLE	1	7	230	27	7.595e-06	{R}
UPI00000BF4A2	SINGLE	2	6	87	8	2.848e-05	{W}
UPI00000BF4A2	SINGLE	3	82	209	18	5.875e-04	{K}
UPI00000BF4A2	MULTIPLE	1	6	230	37	5.745e-08	{RW}
UPI00000BF4A2	WHOLE	1	1	254	27	6.339e-05	{R}
UPI00000BFEB6	SINGLE	1	19	156	19	2.503e-05	{R}
UPI00000BFEB6	WHOLE	1	1	180	20	2.753e-04	{R}
UPI00000BFEB7	SINGLE	1	26	229	30	3.558e-04	{A}
UPI00000C0521	SINGLE	1	26	55	10	1.055e-05	{E}
UPI00000C0566	SINGLE	1	648	705	17	1.096e-07	{G}
UPI00000C0566	SINGLE	2	468	629	19	9.611e-06	{Y}
UPI00000C0566	SINGLE	3	209	569	36	1.903e-05	{R}
UPI00000C0566	SINGLE	4	370	424	13	3.891e-05	{G}
UPI00000C0566	SINGLE	5	552	657	20	4.495e-05	{S}
UPI00000C0566	SINGLE	6	682	736	12	1.368e-04	{V}
UPI00000C0566	SINGLE	7	178	259	12	1.560e-04	{N}
UPI00000C0566	SINGLE	8	474	641	18	2.451e-04	{N}
UPI00000C0566	SINGLE	9	169	206	9	5.519e-04	{G}
UPI00000C0566	SINGLE	10	402	416	6	5.574e-04	{A}
UPI00000C0566	SINGLE	11	301	368	12	9.490e-04	{V}
UPI00000C0566	MULTIPLE	1	543	705	51	5.869e-09	{GS}
UPI00000C0566	MULTIPLE	2	177	632	154	2.895e-13	{YRGN}
UPI00000C0566	WHOLE	1	1	836	87	1.104e-05	{G}
UPI00000D00C2	SINGLE	1	49	143	19	7.602e-06	{E}
UPI00000D00C2	SINGLE	2	100	133	10	1.622e-04	{A}
UPI00000D00C2	MULTIPLE	1	43	145	34	9.481e-07	{EA}
UPI00000D00C2	WHOLE	1	1	166	23	3.010e-04	{E}
UPI00000D0258	SINGLE	1	148	711	68	8.735e-07	{G}
UPI00000D0258	SINGLE	2	425	535	9	6.696e-05	{C}
UPI00000D0258	SINGLE	3	780	796	6	4.457e-04	{E}
UPI00000D0258	SINGLE	4	368	402	10	7.143e-04	{L}
UPI00000D0258	MULTIPLE	1	141	711	86	2.456e-08	{GC}
UPI00000D0258	WHOLE	1	1	847	80	3.674e-04	{G}
UPI00000D026F	SINGLE	1	10	369	65	7.083e-08	{L}
UPI00000D026F	SINGLE	2	281	310	10	5.151e-05	{A}
UPI00000D026F	SINGLE	3	91	367	17	1.044e-04	{M}
UPI00000D026F	SINGLE	4	95	112	4	1.222e-04	{W}
UPI00000D026F	SINGLE	5	44	263	28	4.047e-04	{G}
UPI00000D026F	MULTIPLE	1	9	369	128	5.766e-13	{LMWG}
UPI00000D026F	WHOLE	1	1	382	65	5.850e-07	{L}
UPI00000D026F	WHOLE	2	1	382	20	2.187e-04	{M}
UPI00000D02A3	SINGLE	1	9	456	84	1.894e-10	{L}
UPI00000D02A3	SINGLE	2	211	253	8	2.083e-07	{W}
UPI00000D02A3	SINGLE	3	42	330	27	2.058e-05	{F}
UPI00000D02A3	SINGLE	4	457	471	7	6.097e-05	{A}
UPI00000D02A3	SINGLE	5	50	559	53	2.400e-04	{V}
UPI00000D02A3	SINGLE	6	146	175	7	3.283e-04	{P}
UPI00000D02A3	SINGLE	7	82	106	4	4.549e-04	{W}
UPI00000D02A3	SINGLE	8	409	423	5	4.635e-04	{R}
UPI00000D02A3	SINGLE	9	187	362	26	7.362e-04	{A}
UPI00000D02A3	MULTIPLE	1	41	496	229	6.662e-22	{LWFAV}
UPI00000D02A3	WHOLE	1	1	647	98	3.684e-07	{L}
UPI00000D02A3	WHOLE	2	1	647	25	1.425e-05	{W}
UPI00000D02BF	SINGLE	1	38	66	9	6.287e-05	{G}
UPI00000D02BF	SINGLE	2	115	129	6	2.062e-04	{E}
UPI00000D02BF	SINGLE	3	45	64	7	4.883e-04	{A}
UPI00000D02BF	SINGLE	4	205	259	11	5.375e-04	{V}
UPI00000D02BF	MULTIPLE	1	38	66	16	3.286e-07	{GA}
UPI00000D02CF	SINGLE	1	336	384	7	7.964e-05	{H}
UPI00000D02CF	SINGLE	2	107	122	6	3.425e-04	{G}
UPI00000D02CF	SINGLE	3	258	337	10	6.492e-04	{Y}
UPI00000D02CF	SINGLE	4	186	260	16	7.587e-04	{L}
UPI00000D02CF	SINGLE	5	406	424	7	8.828e-04	{L}
UPI00000D02CF	SINGLE	6	183	197	5	9.005e-04	{D}
UPI00000D02CF	MULTIPLE	1	247	277	12	2.283e-04	{YL}
UPI00000D02D0	SINGLE	1	20	152	16	5.019e-05	{F}
UPI00000D02D0	SINGLE	2	258	274	6	3.418e-04	{K}
UPI00000D02D0	WHOLE	1	1	280	23	4.344e-04	{F}
UPI00000D02D8	SINGLE	1	6	34	12	6.984e-07	{A}
UPI00000D02D8	SINGLE	2	37	120	10	1.308e-05	{M}
UPI00000D02D8	SINGLE	3	61	75	5	2.936e-04	{Q}
UPI00000D02D8	SINGLE	4	35	155	17	8.118e-04	{K}
UPI00000D02D8	MULTIPLE	1	35	156	39	1.709e-08	{MQK}
UPI00000D02D8	WHOLE	1	1	161	12	1.794e-04	{M}
UPI00000D02D8	WHOLE	2	1	161	26	2.041e-04	{A}
UPI00000D0311	SINGLE	1	5	64	16	5.641e-05	{L}
UPI00000D0311	WHOLE	1	1	209	34	4.117e-04	{L}
UPI00000D031F	SINGLE	1	242	614	61	4.230e-06	{L}
UPI00000D031F	SINGLE	2	229	305	12	8.988e-05	{Q}
UPI00000D031F	SINGLE	3	553	636	13	1.338e-04	{R}
UPI00000D031F	SINGLE	4	526	598	13	1.352e-04	{D}
UPI00000D031F	SINGLE	5	181	207	8	1.953e-04	{V}
UPI00000D031F	SINGLE	6	75	133	14	5.379e-04	{L}
UPI00000D031F	SINGLE	7	455	488	5	7.231e-04	{M}
UPI00000D031F	SINGLE	8	121	281	19	9.828e-04	{D}
UPI00000D031F	MULTIPLE	1	240	630	148	2.578e-10	{LQRD}
UPI00000D031F	MULTIPLE	2	141	232	25	4.275e-05	{VD}
UPI00000D031F	WHOLE	1	1	636	86	8.491e-05	{L}
UPI00000D0333	SINGLE	1	28	78	16	9.063e-08	{G}
UPI00000D0333	SINGLE	2	9	72	15	7.588e-05	{A}
UPI00000D0333	MULTIPLE	1	9	78	33	6.088e-11	{GA}
UPI00000D0333	WHOLE	1	1	219	30	7.941e-05	{G}
UPI00000D0339	SINGLE	1	90	192	20	7.100e-08	{R}
UPI00000D0339	SINGLE	2	139	156	6	6.921e-04	{G}
UPI00000D0339	SINGLE	3	293	396	16	7.285e-04	{E}
UPI00000D0339	SINGLE	4	173	190	5	7.334e-04	{Q}
UPI00000D0339	MULTIPLE	1	88	192	31	1.930e-09	{RQ}
UPI00000D0339	WHOLE	1	1	426	40	2.681e-05	{R}
UPI00000D034A	SINGLE	1	374	400	7	5.588e-05	{F}
UPI00000D034A	SINGLE	2	159	260	18	6.876e-05	{E}
UPI00000D034A	SINGLE	3	395	480	13	1.690e-04	{R}
UPI00000D034A	SINGLE	4	28	335	25	1.878e-04	{Y}
UPI00000D034A	SINGLE	5	154	266	14	7.126e-04	{R}
UPI00000D034A	SINGLE	6	5	33	7	7.282e-04	{D}
UPI00000D034A	SINGLE	7	409	446	7	8.898e-04	{N}
UPI00000D034A	MULTIPLE	1	149	235	31	1.259e-06	{EYR}
UPI00000D034A	MULTIPLE	2	395	471	20	9.709e-06	{RN}
UPI00000D034C	SINGLE	1	213	339	21	8.592e-07	{I}
UPI00000D034C	SINGLE	2	394	415	7	3.051e-04	{E}
UPI00000D034C	SINGLE	3	132	395	24	8.650e-04	{P}
UPI00000D034C	MULTIPLE	1	183	350	38	3.167e-07	{IP}
UPI00000D034C	WHOLE	1	1	417	35	8.224e-04	{I}
UPI00000D0361	SINGLE	1	46	212	27	1.561e-04	{A}
UPI00000D0361	SINGLE	2	121	142	6	2.422e-04	{Q}
UPI00000D0361	MULTIPLE	1	121	144	11	4.007e-05	{AQ}
UPI00000D0361	WHOLE	1	1	216	30	8.447e-04	{A}
UPI00000D0363	SINGLE	1	257	284	10	2.648e-05	{A}
UPI00000D0363	SINGLE	2	46	135	14	7.264e-05	{R}
UPI00000D0363	SINGLE	3	208	230	7	4.064e-04	{V}
UPI00000D0363	SINGLE	4	144	162	4	6.290e-04	{M}
UPI00000D0367	SINGLE	1	26	93	7	5.914e-04	{H}
UPI00000D036F	SINGLE	1	12	32	7	4.055e-05	{I}
UPI00000D036F	SINGLE	2	49	75	5	4.261e-05	{W}
UPI00000D036F	SINGLE	3	2	19	5	4.662e-04	{F}
UPI00000D036F	SINGLE	4	26	56	5	4.717e-04	{H}
UPI00000D036F	MULTIPLE	1	12	45	15	8.667e-07	{IFH}
UPI00000D0372	SINGLE	1	137	155	6	1.511e-04	{P}
UPI00000D0372	SINGLE	2	33	120	19	2.341e-04	{L}
UPI00000D0376	SINGLE	1	96	1425	138	3.357e-17	{R}
UPI00000D0376	SINGLE	2	280	1230	125	6.160e-14	{E}
UPI00000D0376	SINGLE	3	300	1331	96	2.773e-12	{Q}
UPI00000D0376	SINGLE	4	266	498	40	1.471e-06	{A}
UPI00000D0376	SINGLE	5	1198	1255	10	3.909e-04	{I}
UPI00000D0376	SINGLE	6	100	116	6	4.421e-04	{V}
UPI00000D0376	SINGLE	7	22	69	10	4.822e-04	{T}
UPI00000D0376	SINGLE	8	1253	1278	6	6.115e-04	{N}
UPI00000D0376	SINGLE	9	140	636	65	9.594e-04	{L}
UPI00000D0376	MULTIPLE	1	236	1234	548	2.051e-47	{REQAL}
UPI00000D0376	WHOLE	1	1	1486	145	8.629e-16	{R}
UPI00000D0376	WHOLE	2	1	1486	161	1.272e-10	{E}
UPI00000D0376	WHOLE	3	1	1486	113	5.239e-09	{Q}
UPI00000D0376	WHOLE	4	1	1486	177	7.600e-05	{L}
UPI00000D0383	SINGLE	1	47	233	37	8.467e-15	{Q}
UPI00000D0383	SINGLE	2	249	268	10	7.164e-07	{A}
UPI00000D0383	SINGLE	3	297	404	22	1.579e-06	{G}
UPI00000D0383	SINGLE	4	2	327	35	5.435e-06	{R}
UPI00000D0383	SINGLE	5	5	132	24	3.600e-05	{A}
UPI00000D0383	SINGLE	6	80	289	29	6.440e-05	{E}
UPI00000D0383	MULTIPLE	1	16	278	139	5.685e-25	{QRAE}
UPI00000D0383	WHOLE	1	1	427	50	2.079e-10	{Q}
UPI00000D0383	WHOLE	2	1	427	41	1.336e-05	{R}
UPI00000D0383	WHOLE	3	1	427	55	9.716e-05	{A}
UPI00000D0393	SINGLE	1	100	142	13	6.838e-05	{L}
UPI00000D0393	SINGLE	2	3	20	5	4.662e-04	{F}
UPI00000D0393	SINGLE	3	1	157	11	5.288e-04	{M}
UPI00000D0393	MULTIPLE	1	1	157	23	5.586e-05	{FM}
UPI00000D03A5	SINGLE	1	11	31	9	1.235e-05	{A}
UPI00000D03A5	SINGLE	2	210	463	23	4.233e-04	{N}
UPI00000D03A5	SINGLE	3	121	539	29	7.456e-04	{Y}
UPI00000D03A5	MULTIPLE	1	121	539	56	7.145e-05	{NY}
UPI00000D03A7	SINGLE	1	209	443	32	3.818e-05	{E}
UPI00000D03A7	SINGLE	2	19	567	44	4.494e-05	{Q}
UPI00000D03A7	SINGLE	3	396	410	4	2.419e-04	{M}
UPI00000D03A7	SINGLE	4	335	502	19	4.251e-04	{I}
UPI00000D03A7	SINGLE	5	154	171	7	6.140e-04	{L}
UPI00000D03A7	MULTIPLE	1	205	502	92	2.253e-08	{EQMI}
UPI00000D03A7	WHOLE	1	1	586	44	1.665e-04	{Q}
UPI00000D03A8	SINGLE	1	12	287	38	6.597e-06	{E}
UPI00000D03A8	SINGLE	2	3	67	13	8.939e-06	{R}
UPI00000D03A8	SINGLE	3	117	133	7	1.565e-04	{A}
UPI00000D03A8	MULTIPLE	1	10	287	63	3.181e-08	{ER}
UPI00000D03A8	WHOLE	1	1	287	38	1.550e-05	{E}
UPI00000D03A8	WHOLE	2	1	287	26	8.266e-04	{R}
UPI00000D03AB	SINGLE	1	5	520	91	8.834e-10	{L}
UPI00000D03AB	SINGLE	2	227	322	16	1.001e-05	{R}
UPI00000D03AB	SINGLE	3	242	439	15	2.646e-05	{H}
UPI00000D03AB	SINGLE	4	540	584	10	3.640e-05	{R}
UPI00000D03AB	SINGLE	5	278	302	7	6.184e-05	{Q}
UPI00000D03AB	SINGLE	6	672	714	9	6.697e-05	{Q}
UPI00000D03AB	SINGLE	7	410	456	9	3.433e-04	{I}
UPI00000D03AB	SINGLE	8	14	37	4	3.879e-04	{W}
UPI00000D03AB	MULTIPLE	1	56	474	173	5.367e-13	{LRHQI}
UPI00000D03AB	WHOLE	1	1	720	114	4.975e-09	{L}
UPI00000D03AB	WHOLE	2	1	720	54	3.957e-04	{R}
UPI00000D03B0	SINGLE	1	82	116	10	2.092e-04	{A}
UPI00000D03B3	SINGLE	1	4	310	57	1.606e-07	{L}
UPI00000D03B3	SINGLE	2	90	177	19	3.182e-06	{G}
UPI00000D03B3	SINGLE	3	264	395	12	2.861e-05	{M}
UPI00000D03B3	SINGLE	4	92	106	6	2.045e-04	{V}
UPI00000D03B3	SINGLE	5	288	359	15	2.861e-04	{A}
UPI00000D03B3	SINGLE	6	212	233	6	4.771e-04	{I}
UPI00000D03B3	MULTIPLE	1	39	360	198	7.605e-19	{LGMVAI}
UPI00000D03B3	WHOLE	1	1	401	65	2.936e-06	{L}
UPI00000D03B3	WHOLE	2	1	401	21	1.573e-04	{M}
UPI00000D03BA	SINGLE	1	4	192	23	4.278e-05	{I}
UPI00000D03BA	WHOLE	1	1	192	23	5.399e-05	{I}
UPI00000D03C5	SINGLE	1	211	225	7	3.040e-06	{I}
UPI00000D03C5	SINGLE	2	54	347	40	8.084e-06	{G}
UPI00000D03C5	SINGLE	3	320	335	8	9.559e-06	{A}
UPI00000D03C5	SINGLE	4	72	386	50	5.358e-05	{L}
UPI00000D03C5	SINGLE	5	31	446	47	8.579e-05	{V}
UPI00000D03C5	SINGLE	6	126	175	9	5.424e-04	{I}
UPI00000D03C5	MULTIPLE	1	35	447	243	4.803e-23	{IGALV}
UPI00000D03C5	WHOLE	1	1	455	53	2.746e-05	{G}
UPI00000D03C5	WHOLE	2	1	455	57	1.490e-04	{A}
UPI00000D03C5	WHOLE	3	1	455	40	1.755e-04	{I}
UPI00000D03C5	WHOLE	4	1	455	62	4.894e-04	{L}
UPI00000D03C5	WHOLE	5	1	455	47	5.381e-04	{V}
UPI00000D03DA	SINGLE	1	15	487	89	4.776e-11	{L}
UPI00000D03DA	SINGLE	2	39	529	70	5.377e-07	{A}
UPI00000D03DA	SINGLE	3	395	409	8	1.281e-06	{E}
UPI00000D03DA	SINGLE	4	227	349	16	1.976e-05	{F}
UPI00000D03DA	SINGLE	5	161	215	7	1.649e-04	{M}
UPI00000D03DA	SINGLE	6	87	539	39	2.975e-04	{I}
UPI00000D03DA	SINGLE	7	448	462	5	4.635e-04	{R}
UPI00000D03DA	MULTIPLE	1	17	515	240	1.286e-21	{LAFMI}
UPI00000D03DA	WHOLE	1	1	558	93	9.754e-09	{L}
UPI00000D03DA	WHOLE	2	1	558	75	1.962e-06	{A}
UPI00000D03DA	WHOLE	3	1	558	44	7.499e-04	{I}
UPI00000D03F2	SINGLE	1	67	192	9	1.028e-04	{W}
UPI00000D03F2	SINGLE	2	41	174	25	2.982e-04	{L}
UPI00000D03F2	SINGLE	3	31	55	6	9.729e-04	{I}
UPI00000D03F2	MULTIPLE	1	37	198	50	5.430e-07	{WLI}
UPI00000D03F2	WHOLE	1	1	211	33	9.111e-04	{L}
UPI00000D040C	SINGLE	1	464	634	23	5.411e-05	{D}
UPI00000D040C	SINGLE	2	1	35	6	9.194e-05	{M}
UPI00000D040C	SINGLE	3	611	640	7	2.099e-04	{Q}
UPI00000D040C	SINGLE	4	547	575	5	3.445e-04	{M}
UPI00000D040C	SINGLE	5	544	558	5	4.135e-04	{P}
UPI00000D040C	SINGLE	6	251	273	8	5.917e-04	{L}
UPI00000D040C	SINGLE	7	354	470	9	8.502e-04	{H}
UPI00000D040C	SINGLE	8	301	319	6	9.446e-04	{G}
UPI00000D040C	MULTIPLE	1	455	640	61	4.056e-08	{DQMP}
UPI00000D042C	SINGLE	1	81	170	10	9.280e-07	{W}
UPI00000D042C	SINGLE	2	45	68	6	2.346e-04	{F}
UPI00000D042C	SINGLE	3	153	167	4	2.419e-04	{M}
UPI00000D042C	SINGLE	4	72	103	10	3.353e-04	{L}
UPI00000D042C	WHOLE	1	1	173	10	2.368e-04	{W}
UPI00000D0447	SINGLE	1	8	339	44	5.980e-06	{G}
UPI00000D0447	SINGLE	2	71	369	45	1.123e-05	{A}
UPI00000D0447	SINGLE	3	269	285	4	4.036e-04	{M}
UPI00000D0447	SINGLE	4	375	398	7	4.105e-04	{T}
UPI00000D0447	MULTIPLE	1	68	343	90	4.015e-11	{GAM}
UPI00000D0447	WHOLE	1	1	406	49	2.188e-05	{G}
UPI00000D045E	SINGLE	1	12	53	12	8.375e-06	{E}
UPI00000D045E	SINGLE	2	107	219	11	3.247e-05	{M}
UPI00000D045E	SINGLE	3	6	280	28	1.497e-04	{I}
UPI00000D045E	SINGLE	4	56	76	7	6.750e-04	{A}
UPI00000D045E	MULTIPLE	1	1	284	45	2.517e-07	{MI}
UPI00000D045E	WHOLE	1	1	310	17	3.605e-04	{M}
UPI00000D045E	WHOLE	2	1	310	29	4.358e-04	{I}
UPI00000D055A	SINGLE	1	134	150	6	8.712e-05	{R}
UPI00000D055A	SINGLE	2	53	67	5	2.875e-04	{N}
UPI00000D055B	SINGLE	1	65	399	18	3.114e-06	{W}
UPI00000D055B	SINGLE	2	133	154	7	1.310e-05	{F}
UPI00000D055B	SINGLE	3	287	302	4	3.155e-04	{H}
UPI00000D055B	SINGLE	4	100	156	9	5.750e-04	{Q}
UPI00000D055B	MULTIPLE	1	100	156	16	7.697e-06	{FQ}
UPI00000D055B	WHOLE	1	1	406	19	1.144e-05	{W}
UPI00000D0562	SINGLE	1	23	87	8	7.330e-05	{H}
UPI00000D0562	WHOLE	1	1	142	10	8.775e-04	{H}
UPI00000D05AA	SINGLE	1	5	19	7	1.659e-04	{L}
UPI00000D05AA	SINGLE	2	267	285	5	5.171e-04	{Y}
UPI00000D05AA	SINGLE	3	158	172	6	5.574e-04	{A}
UPI00000D05F9	SINGLE	1	70	118	13	1.004e-07	{Q}
UPI00000D05F9	SINGLE	2	47	68	6	2.364e-04	{N}
UPI00000D05F9	WHOLE	1	1	147	19	1.579e-05	{Q}
UPI00000D0629	SINGLE	1	67	185	15	4.023e-04	{R}
UPI00000D062C	SINGLE	1	101	120	7	4.883e-04	{A}
UPI00000D0630	SINGLE	1	369	498	16	2.567e-08	{M}
UPI00000D0630	SINGLE	2	21	38	7	5.580e-06	{Q}
UPI00000D0630	SINGLE	3	354	368	6	4.559e-05	{I}
UPI00000D0630	SINGLE	4	122	281	18	1.378e-04	{N}
UPI00000D0630	SINGLE	5	28	42	6	1.598e-04	{T}
UPI00000D0630	SINGLE	6	495	509	5	1.842e-04	{F}
UPI00000D0630	SINGLE	7	332	354	4	3.281e-04	{W}
UPI00000D0630	SINGLE	8	85	129	8	8.310e-04	{P}
UPI00000D0630	MULTIPLE	1	25	42	12	1.769e-08	{QT}
UPI00000D0630	MULTIPLE	2	332	368	12	1.729e-06	{IW}
UPI00000D0630	WHOLE	1	1	548	42	1.539e-04	{Q}
UPI00000D0635	SINGLE	1	161	427	47	9.874e-08	{A}
UPI00000D0635	SINGLE	2	88	122	11	8.749e-06	{G}
UPI00000D0635	SINGLE	3	44	63	5	5.484e-05	{M}
UPI00000D0635	SINGLE	4	7	187	21	1.646e-04	{I}
UPI00000D0635	MULTIPLE	1	1	187	30	1.554e-05	{MI}
UPI00000D0635	WHOLE	1	1	440	56	1.148e-04	{A}
UPI00000D0639	SINGLE	1	175	409	34	6.540e-06	{V}
UPI00000D0639	SINGLE	2	89	107	8	1.327e-05	{G}
UPI00000D0639	SINGLE	3	11	28	4	1.600e-04	{C}
UPI00000D0639	WHOLE	1	1	460	48	3.912e-04	{V}
UPI00000D065C	SINGLE	1	216	232	9	1.416e-06	{A}
UPI00000D065C	SINGLE	2	38	57	7	1.789e-04	{G}
UPI00000D065C	SINGLE	3	240	309	13	3.751e-04	{V}
UPI00000D065C	SINGLE	4	10	31	7	9.125e-04	{A}
UPI00000D066F	SINGLE	1	7	273	43	3.296e-06	{A}
UPI00000D066F	SINGLE	2	133	169	9	4.511e-04	{G}
UPI00000D066F	SINGLE	3	37	107	10	6.956e-04	{N}
UPI00000D066F	SINGLE	4	10	294	32	9.284e-04	{V}
UPI00000D066F	MULTIPLE	1	7	294	100	2.457e-08	{AGV}
UPI00000D066F	WHOLE	1	1	296	44	1.841e-05	{A}
UPI00000D0681	SINGLE	1	147	275	24	4.082e-05	{A}
UPI00000D0681	SINGLE	2	1	160	12	1.696e-04	{M}
UPI00000D0681	SINGLE	3	108	123	6	3.425e-04	{G}
UPI00000D0681	SINGLE	4	97	235	17	3.440e-04	{I}
UPI00000D0681	SINGLE	5	23	237	35	3.442e-04	{L}
UPI00000D0681	MULTIPLE	1	26	253	119	8.937e-12	{AMGIL}
UPI00000D0681	WHOLE	1	1	298	38	9.921e-04	{A}
UPI00000D0684	SINGLE	1	462	651	30	4.042e-06	{E}
UPI00000D0684	SINGLE	2	426	573	14	4.210e-06	{M}
UPI00000D0684	SINGLE	3	71	315	40	1.414e-04	{L}
UPI00000D0684	SINGLE	4	196	652	38	3.920e-04	{R}
UPI00000D0684	SINGLE	5	299	330	8	6.680e-04	{E}
UPI00000D0684	MULTIPLE	1	423	653	47	2.223e-08	{EM}
UPI00000D0684	MULTIPLE	2	71	644	171	3.472e-08	{LRE}
UPI00000D0684	WHOLE	1	1	673	50	6.965e-04	{R}
UPI00000D0689	SINGLE	1	3	22	8	3.747e-05	{S}
UPI00000D0689	WHOLE	1	1	33	9	3.370e-04	{S}
UPI00000D068A	SINGLE	1	124	262	17	2.458e-05	{F}
UPI00000D068A	SINGLE	2	104	276	29	5.079e-05	{A}
UPI00000D068A	SINGLE	3	75	105	9	9.408e-05	{V}
UPI00000D068A	MULTIPLE	1	118	272	43	3.432e-08	{FA}
UPI00000D068A	WHOLE	1	1	276	23	3.599e-04	{F}
UPI00000D068A	WHOLE	2	1	276	37	4.928e-04	{A}
UPI00000D069E	SINGLE	1	105	444	40	2.737e-07	{I}
UPI00000D069E	SINGLE	2	168	201	12	8.745e-07	{G}
UPI00000D069E	SINGLE	3	55	202	19	4.393e-06	{F}
UPI00000D069E	SINGLE	4	128	142	7	6.097e-05	{A}
UPI00000D069E	SINGLE	5	94	125	5	9.861e-05	{W}
UPI00000D069E	SINGLE	6	60	101	6	2.547e-04	{M}
UPI00000D069E	SINGLE	7	103	377	33	2.767e-04	{V}
UPI00000D069E	SINGLE	8	276	341	14	3.677e-04	{A}
UPI00000D069E	MULTIPLE	1	48	380	195	4.408e-21	{IGFAWMV}
UPI00000D069E	WHOLE	1	1	461	46	3.487e-06	{I}
UPI00000D069E	WHOLE	2	1	461	36	4.700e-05	{F}
UPI00000D06A5	SINGLE	1	39	74	8	1.083e-04	{Q}
UPI00000D06A5	SINGLE	2	15	245	37	3.304e-04	{L}
UPI00000D06A5	MULTIPLE	1	15	246	57	2.487e-06	{QL}
UPI00000D06A5	WHOLE	1	1	246	38	5.411e-04	{L}
UPI00000D06A8	SINGLE	1	3	558	80	2.074e-05	{L}
UPI00000D06A8	SINGLE	2	321	403	14	2.993e-05	{R}
UPI00000D06A8	SINGLE	3	103	152	12	1.395e-04	{S}
UPI00000D06A8	SINGLE	4	566	823	22	3.509e-04	{F}
UPI00000D06A8	SINGLE	5	532	546	5	4.135e-04	{P}
UPI00000D06A8	SINGLE	6	370	611	22	5.180e-04	{N}
UPI00000D06A8	SINGLE	7	784	799	6	5.323e-04	{S}
UPI00000D06A8	SINGLE	8	747	778	8	6.680e-04	{E}
UPI00000D06A8	SINGLE	9	346	374	4	8.043e-04	{W}
UPI00000D06A8	MULTIPLE	1	8	552	160	8.051e-08	{LRPW}
UPI00000D06A8	MULTIPLE	2	370	808	57	1.900e-04	{FN}
UPI00000D06A8	WHOLE	1	1	848	104	5.331e-04	{L}
UPI00000D06B0	SINGLE	1	16	65	11	2.347e-04	{V}
UPI00000D06D8	SINGLE	1	116	422	37	1.800e-04	{G}
UPI00000D06D8	SINGLE	2	391	405	6	5.574e-04	{A}
UPI00000D06D8	SINGLE	3	8	77	14	6.615e-04	{A}
UPI00000D06E7	SINGLE	1	32	85	7	1.426e-05	{W}
UPI00000D06E7	SINGLE	2	7	86	14	1.979e-05	{R}
UPI00000D06E7	SINGLE	3	7	21	5	2.936e-04	{Q}
UPI00000D06E7	MULTIPLE	1	7	86	21	1.259e-08	{WR}
UPI00000D06E7	WHOLE	1	1	99	15	5.596e-05	{R}
UPI00000D06E7	WHOLE	2	1	99	7	6.096e-04	{W}
UPI00000D070A	SINGLE	1	215	234	10	7.164e-07	{A}
UPI00000D070A	SINGLE	2	90	106	7	4.822e-05	{V}
UPI00000D070A	SINGLE	3	12	192	25	2.441e-04	{G}
UPI00000D070A	SINGLE	4	5	66	15	2.855e-04	{L}
UPI00000D070A	SINGLE	5	159	210	9	7.198e-04	{I}
UPI00000D070A	SINGLE	6	142	239	19	8.663e-04	{L}
UPI00000D070A	MULTIPLE	1	142	239	37	5.561e-07	{AL}
UPI00000D070A	MULTIPLE	2	11	199	87	1.527e-08	{VGLI}
UPI00000D070A	WHOLE	1	1	259	35	5.813e-04	{A}
UPI00000D070B	SINGLE	1	165	285	20	7.071e-05	{V}
UPI00000D070B	SINGLE	2	129	163	9	2.937e-04	{G}
UPI00000D070D	SINGLE	1	99	142	11	7.304e-05	{E}
UPI00000D070D	SINGLE	2	43	131	18	7.145e-04	{L}
UPI00000D070D	MULTIPLE	1	43	142	33	9.216e-06	{EL}
UPI00000D0710	SINGLE	1	22	36	6	1.570e-04	{K}
UPI00000D0710	SINGLE	2	66	80	5	4.635e-04	{R}
UPI00000D0713	SINGLE	1	16	40	8	1.088e-04	{V}
UPI00000D0713	SINGLE	2	45	85	8	6.286e-04	{I}
UPI00000D0714	SINGLE	1	91	203	16	1.003e-04	{I}
UPI00000D0714	SINGLE	2	99	146	8	4.181e-04	{F}
UPI00000D0714	MULTIPLE	1	99	203	24	8.656e-06	{IF}
UPI00000D0714	WHOLE	1	1	263	26	3.704e-04	{I}
UPI00000D0729	SINGLE	1	7	125	24	1.082e-05	{A}
UPI00000D0729	SINGLE	2	36	147	10	1.447e-04	{H}
UPI00000D0729	SINGLE	3	135	162	8	2.556e-04	{V}
UPI00000D0729	MULTIPLE	1	7	136	34	9.382e-08	{AH}
UPI00000D0730	SINGLE	1	30	113	11	3.298e-04	{F}
UPI00000D0730	SINGLE	2	78	419	44	3.981e-04	{A}
UPI00000D0730	SINGLE	3	390	423	10	5.619e-04	{L}
UPI00000D0730	MULTIPLE	1	29	423	120	2.774e-06	{FAL}
UPI00000D073E	SINGLE	1	70	353	50	1.973e-10	{G}
UPI00000D073E	SINGLE	2	144	200	8	3.220e-06	{C}
UPI00000D073E	SINGLE	3	157	187	8	3.521e-05	{Q}
UPI00000D073E	SINGLE	4	22	51	8	3.060e-04	{K}
UPI00000D073E	SINGLE	5	104	118	5	4.635e-04	{R}
UPI00000D073E	SINGLE	6	84	102	5	6.080e-04	{F}
UPI00000D073E	MULTIPLE	1	68	353	99	1.067e-12	{GCQR}
UPI00000D073E	WHOLE	1	1	376	53	1.260e-07	{G}
UPI00000D0775	SINGLE	1	262	276	7	1.289e-06	{Q}
UPI00000D0775	SINGLE	2	25	62	11	3.551e-04	{L}
UPI00000D0775	SINGLE	3	90	114	6	5.033e-04	{Q}
UPI00000D0775	WHOLE	1	1	276	25	2.706e-04	{Q}
UPI00000D077C	SINGLE	1	25	68	9	2.079e-04	{I}
UPI00000D077C	WHOLE	1	1	75	11	8.064e-04	{I}
UPI00000D0789	SINGLE	1	62	121	18	3.581e-06	{L}
UPI00000D0789	SINGLE	2	29	89	16	1.048e-05	{A}
UPI00000D0789	SINGLE	3	137	152	7	3.033e-05	{V}
UPI00000D0789	SINGLE	4	8	210	20	1.041e-04	{F}
UPI00000D0789	MULTIPLE	1	8	202	82	1.542e-11	{LAF}
UPI00000D0789	WHOLE	1	1	264	44	4.591e-05	{L}
UPI00000D0796	SINGLE	1	105	229	16	2.405e-05	{F}
UPI00000D0796	SINGLE	2	12	38	9	1.207e-04	{A}
UPI00000D0796	SINGLE	3	307	451	9	2.853e-04	{W}
UPI00000D0796	SINGLE	4	319	333	5	2.875e-04	{N}
UPI00000D0796	SINGLE	5	472	499	7	2.899e-04	{I}
UPI00000D0796	SINGLE	6	113	134	6	4.110e-04	{R}
UPI00000D0796	MULTIPLE	1	105	219	26	3.563e-06	{FR}
UPI00000D07C0	SINGLE	1	136	167	9	1.433e-04	{G}
UPI00000D07C0	SINGLE	2	18	32	5	1.842e-04	{F}
UPI00000D07C0	SINGLE	3	114	128	5	4.635e-04	{R}
UPI00000D07C0	SINGLE	4	265	279	5	9.005e-04	{D}
UPI00000D07F4	SINGLE	1	7	164	13	3.799e-05	{H}
UPI00000D07F4	SINGLE	2	143	188	12	1.307e-04	{A}
UPI00000D07F4	SINGLE	3	24	139	16	1.350e-04	{I}
UPI00000D07F4	MULTIPLE	1	7	196	57	6.420e-08	{HAI}
UPI00000D07F4	WHOLE	1	1	245	14	7.426e-04	{H}
UPI00000D07FB	SINGLE	1	3	39	12	2.661e-08	{Q}
UPI00000D07FB	SINGLE	2	51	231	27	2.114e-06	{D}
UPI00000D07FB	SINGLE	3	5	47	14	1.485e-05	{L}
UPI00000D07FB	SINGLE	4	32	81	12	5.371e-05	{E}
UPI00000D07FB	SINGLE	5	52	155	17	1.550e-04	{T}
UPI00000D07FB	SINGLE	6	159	176	6	6.250e-04	{E}
UPI00000D07FB	MULTIPLE	1	3	49	27	1.870e-12	{QL}
UPI00000D07FB	MULTIPLE	2	48	215	63	2.244e-09	{DET}
UPI00000D07FB	WHOLE	1	1	477	38	1.418e-04	{Q}
UPI00000D07FF	SINGLE	1	1	15	4	2.419e-04	{M}
UPI00000D07FF	SINGLE	2	259	293	7	5.411e-04	{N}
UPI00000D07FF	SINGLE	3	180	375	20	5.684e-04	{P}
UPI00000D07FF	SINGLE	4	316	330	5	9.005e-04	{D}
UPI00000D07FF	MULTIPLE	1	258	307	15	1.665e-05	{NP}
UPI00000D0896	SINGLE	1	110	319	29	4.324e-07	{I}
UPI00000D0896	SINGLE	2	251	303	8	1.677e-05	{M}
UPI00000D0896	SINGLE	3	288	312	9	1.687e-05	{G}
UPI00000D0896	SINGLE	4	13	30	8	2.760e-05	{A}
UPI00000D0896	SINGLE	5	322	338	6	8.712e-05	{R}
UPI00000D0896	SINGLE	6	68	314	32	9.144e-05	{V}
UPI00000D0896	SINGLE	7	149	170	8	4.250e-04	{L}
UPI00000D0896	SINGLE	8	7	262	24	5.837e-04	{P}
UPI00000D0896	SINGLE	9	106	192	16	7.328e-04	{A}
UPI00000D0896	MULTIPLE	1	71	320	163	2.488e-19	{IMGVLA}
UPI00000D0896	MULTIPLE	2	2	266	57	1.460e-05	{AP}
UPI00000D0896	WHOLE	1	1	354	34	1.036e-04	{I}
UPI00000D0899	SINGLE	1	33	241	33	5.485e-05	{A}
UPI00000D0899	SINGLE	2	136	152	4	9.652e-05	{W}
UPI00000D0899	SINGLE	3	34	53	5	7.789e-04	{F}
UPI00000D0899	MULTIPLE	1	33	241	57	3.536e-08	{AWF}
UPI00000D0899	WHOLE	1	1	245	35	2.253e-04	{A}
UPI00000D08A2	SINGLE	1	42	182	24	1.590e-04	{A}
UPI00000D08A2	SINGLE	2	122	141	4	7.691e-04	{H}
UPI00000D08A2	MULTIPLE	1	42	182	30	3.504e-05	{AH}
UPI00000D08F3	SINGLE	1	15	677	58	5.385e-06	{R}
UPI00000D08F3	SINGLE	2	495	643	25	8.239e-06	{E}
UPI00000D08F3	SINGLE	3	76	583	40	1.262e-04	{Q}
UPI00000D08F3	SINGLE	4	282	301	6	1.341e-04	{N}
UPI00000D08F3	SINGLE	5	88	102	4	2.419e-04	{H}
UPI00000D08F3	SINGLE	6	449	473	8	3.852e-04	{A}
UPI00000D08F3	MULTIPLE	1	69	647	143	4.762e-09	{REQ}
UPI00000D08F3	WHOLE	1	1	720	60	1.515e-05	{R}
UPI00000D090E	SINGLE	1	184	215	6	5.484e-05	{M}
UPI00000D090F	SINGLE	1	6	223	36	5.643e-08	{T}
UPI00000D090F	SINGLE	2	16	34	8	2.423e-05	{S}
UPI00000D090F	SINGLE	3	69	220	23	1.148e-04	{G}
UPI00000D090F	MULTIPLE	1	6	223	61	1.383e-09	{TG}
UPI00000D090F	WHOLE	1	1	231	36	2.367e-07	{T}
UPI00000D093A	SINGLE	1	137	158	8	2.850e-05	{T}
UPI00000D093A	SINGLE	2	75	183	16	3.579e-05	{P}
UPI00000D093A	SINGLE	3	14	28	7	6.097e-05	{A}
UPI00000D093A	MULTIPLE	1	75	183	27	2.119e-05	{TP}
UPI00000D093A	WHOLE	1	1	320	28	6.424e-04	{P}
UPI00000D094C	SINGLE	1	4	30	12	1.215e-09	{R}
UPI00000D094C	SINGLE	2	192	206	4	2.419e-04	{M}
UPI00000D094C	SINGLE	3	135	235	9	3.053e-04	{H}
UPI00000D094C	SINGLE	4	155	177	4	4.271e-04	{C}
UPI00000D094C	SINGLE	5	89	105	5	5.538e-04	{Q}
UPI00000D094C	MULTIPLE	1	145	235	17	1.837e-05	{MHC}
UPI00000D09E3	SINGLE	1	4	32	8	3.301e-04	{V}
UPI00000D09F7	SINGLE	1	329	414	13	2.208e-04	{I}
UPI00000D09F7	SINGLE	2	478	511	9	2.337e-04	{G}
UPI00000D09F7	SINGLE	3	63	85	6	5.293e-04	{R}
UPI00000D09F7	SINGLE	4	294	345	9	5.917e-04	{R}
UPI00000D09F7	SINGLE	5	244	262	6	9.446e-04	{G}
UPI00000D09F7	MULTIPLE	1	294	414	25	1.412e-04	{IR}
UPI00000D0A29	SINGLE	1	315	339	7	6.009e-05	{N}
UPI00000D0A29	SINGLE	2	52	298	32	1.312e-04	{G}
UPI00000D0A29	SINGLE	3	28	341	32	4.047e-04	{D}
UPI00000D0A29	MULTIPLE	1	26	341	59	7.837e-07	{ND}
UPI00000D0A2F	SINGLE	1	219	241	7	3.042e-04	{K}
UPI00000D0A2F	SINGLE	2	7	92	12	7.465e-04	{I}
UPI00000D0A5B	SINGLE	1	57	207	24	3.953e-05	{G}
UPI00000D0A5B	SINGLE	2	62	282	25	6.670e-05	{I}
UPI00000D0A5B	SINGLE	3	46	127	16	3.885e-04	{A}
UPI00000D0A5B	SINGLE	4	133	151	6	6.706e-04	{T}
UPI00000D0A5B	MULTIPLE	1	57	282	54	9.661e-08	{GI}
UPI00000D0A5B	WHOLE	1	1	299	28	5.217e-04	{I}
UPI00000D0A7F	SINGLE	1	3	17	5	2.936e-04	{Q}
UPI00000D0AA2	SINGLE	1	113	225	36	1.121e-21	{Q}
UPI00000D0AA2	SINGLE	2	76	238	20	5.573e-05	{P}
UPI00000D0AA2	SINGLE	3	4	27	7	8.692e-05	{R}
UPI00000D0AA2	SINGLE	4	60	147	15	3.668e-04	{E}
UPI00000D0AA2	SINGLE	5	188	269	16	3.885e-04	{A}
UPI00000D0AA2	SINGLE	6	28	42	6	5.574e-04	{A}
UPI00000D0AA2	WHOLE	1	1	319	45	3.562e-12	{Q}
UPI00000D0AA2	WHOLE	2	1	319	28	8.668e-04	{R}
UPI00000D0AA3	SINGLE	1	10	371	36	3.509e-05	{I}
UPI00000D0AA3	SINGLE	2	131	262	10	5.140e-04	{H}
UPI00000D0AA3	MULTIPLE	1	9	371	52	7.533e-07	{IH}
UPI00000D0AA3	WHOLE	1	1	406	37	1.495e-04	{I}
UPI00000D0AAF	SINGLE	1	9	218	38	7.291e-07	{A}
UPI00000D0AAF	SINGLE	2	34	126	16	2.150e-04	{V}
UPI00000D0AAF	MULTIPLE	1	9	218	61	1.824e-08	{AV}
UPI00000D0AAF	WHOLE	1	1	314	46	1.771e-05	{A}
UPI00000D0AB6	SINGLE	1	94	313	34	2.476e-06	{G}
UPI00000D0AB6	SINGLE	2	36	203	12	8.125e-06	{W}
UPI00000D0AB6	SINGLE	3	471	544	17	3.495e-05	{A}
UPI00000D0AB6	SINGLE	4	356	445	14	5.604e-05	{P}
UPI00000D0AB6	SINGLE	5	329	409	11	2.428e-04	{F}
UPI00000D0AB6	SINGLE	6	460	476	6	7.634e-04	{S}
UPI00000D0AB6	MULTIPLE	1	88	302	42	6.164e-08	{GW}
UPI00000D0AB6	MULTIPLE	2	322	445	27	3.830e-06	{PF}
UPI00000D0AB6	WHOLE	1	1	726	22	9.321e-04	{W}
UPI00000D0AC7	SINGLE	1	47	86	7	2.939e-06	{C}
UPI00000D0AC7	SINGLE	2	162	257	21	9.743e-05	{L}
UPI00000D0AC7	SINGLE	3	8	143	16	5.555e-04	{R}
UPI00000D0AE2	SINGLE	1	1	339	23	1.622e-06	{M}
UPI00000D0AE2	SINGLE	2	5	423	43	3.481e-06	{I}
UPI00000D0AE2	SINGLE	3	340	370	11	1.138e-05	{A}
UPI00000D0AE2	SINGLE	4	36	80	12	2.157e-05	{G}
UPI00000D0AE2	SINGLE	5	12	37	9	2.859e-04	{L}
UPI00000D0AE2	SINGLE	6	123	262	16	5.807e-04	{P}
UPI00000D0AE2	SINGLE	7	106	126	5	9.823e-04	{F}
UPI00000D0AE2	MULTIPLE	1	1	384	241	1.177e-20	{MIAGLPF}
UPI00000D0AE2	WHOLE	1	1	438	26	3.985e-06	{M}
UPI00000D0AE2	WHOLE	2	1	438	44	4.622e-06	{I}
UPI00000D0AE2	WHOLE	3	1	438	46	6.521e-04	{G}
UPI00000D0AEB	SINGLE	1	105	846	116	7.588e-09	{L}
UPI00000D0AEB	SINGLE	2	512	891	41	7.138e-08	{Q}
UPI00000D0AEB	SINGLE	3	120	889	36	1.374e-05	{H}
UPI00000D0AEB	SINGLE	4	337	370	11	3.009e-05	{A}
UPI00000D0AEB	SINGLE	5	627	735	15	5.322e-05	{N}
UPI00000D0AEB	SINGLE	6	317	691	16	1.422e-04	{W}
UPI00000D0AEB	SINGLE	7	702	716	6	2.062e-04	{E}
UPI00000D0AEB	SINGLE	8	291	598	36	2.619e-04	{E}
UPI00000D0AEB	SINGLE	9	574	839	25	6.270e-04	{R}
UPI00000D0AEB	SINGLE	10	70	193	14	6.804e-04	{Q}
UPI00000D0AEB	SINGLE	11	667	682	6	8.219e-04	{A}
UPI00000D0AEB	MULTIPLE	1	69	894	504	2.031e-32	{LQHANWER}
UPI00000D0AEB	WHOLE	1	1	901	132	3.707e-08	{L}
UPI00000D0AEB	WHOLE	2	1	901	69	2.511e-06	{Q}
UPI00000D0AEB	WHOLE	3	1	901	38	6.485e-05	{H}
UPI00000D0AEB	WHOLE	4	1	901	96	4.842e-04	{A}
UPI00000D0B10	SINGLE	1	48	235	25	4.794e-06	{I}
UPI00000D0B10	SINGLE	2	40	285	36	1.207e-04	{A}
UPI00000D0B10	SINGLE	3	2	36	8	1.733e-04	{R}
UPI00000D0B10	MULTIPLE	1	40	279	62	2.180e-08	{IA}
UPI00000D0B10	WHOLE	1	1	303	28	6.303e-04	{I}
UPI00000D0B10	WHOLE	2	1	303	39	7.481e-04	{A}
UPI00000D0B1C	SINGLE	1	12	58	13	3.705e-05	{A}
UPI00000D0B1C	SINGLE	2	379	399	6	1.066e-04	{F}
UPI00000D0B1C	SINGLE	3	371	389	4	6.290e-04	{M}
UPI00000D0B1C	MULTIPLE	1	379	399	9	1.593e-06	{FM}
UPI00000D0B2B	SINGLE	1	70	136	11	1.081e-04	{Q}
UPI00000D0B34	SINGLE	1	54	172	11	5.153e-05	{H}
UPI00000D0B34	SINGLE	2	79	186	20	1.714e-04	{A}
UPI00000D0B34	SINGLE	3	136	185	13	3.377e-04	{L}
UPI00000D0B34	MULTIPLE	1	77	172	27	3.848e-07	{HA}
UPI00000D0B3E	SINGLE	1	2	55	14	2.127e-04	{L}
UPI00000D0B6E	SINGLE	1	146	160	6	2.062e-04	{E}
UPI00000D0B6E	SINGLE	2	114	209	13	4.794e-04	{R}
UPI00000D0B6E	SINGLE	3	185	199	6	5.574e-04	{A}
UPI00000D0B6E	SINGLE	4	7	59	13	5.994e-04	{L}
UPI00000D0B6E	MULTIPLE	1	126	203	22	2.495e-05	{ER}
UPI00000D0B78	SINGLE	1	65	226	25	5.007e-04	{A}
UPI00000D0BE6	SINGLE	1	13	242	38	6.276e-06	{A}
UPI00000D0BE6	SINGLE	2	59	226	22	2.081e-05	{I}
UPI00000D0BE6	MULTIPLE	1	30	227	56	3.430e-09	{AI}
UPI00000D0BE6	WHOLE	1	1	243	38	2.107e-05	{A}
UPI00000D0BE6	WHOLE	2	1	243	24	5.918e-04	{I}
UPI00000D0BEB	SINGLE	1	288	327	10	1.043e-04	{T}
UPI00000D0BEB	SINGLE	2	2	341	45	1.993e-04	{A}
UPI00000D0BEB	SINGLE	3	29	131	17	2.914e-04	{G}
UPI00000D0BEB	MULTIPLE	1	13	315	70	1.898e-05	{AG}
UPI00000D0BEB	WHOLE	1	1	342	45	2.241e-04	{A}
UPI00000D0C32	SINGLE	1	43	71	9	3.677e-05	{K}
UPI00000D0C3A	SINGLE	1	61	75	4	7.491e-05	{C}
UPI00000D0C46	SINGLE	1	88	102	6	5.574e-04	{A}
UPI00000D0C48	SINGLE	1	81	186	24	1.398e-06	{A}
UPI00000D0C48	SINGLE	2	31	47	5	9.825e-04	{I}
UPI00000D0C7F	SINGLE	1	4	172	22	2.276e-05	{I}
UPI00000D0C7F	WHOLE	1	1	176	22	4.136e-05	{I}
UPI00000D0C92	SINGLE	1	23	103	13	3.478e-05	{Q}
UPI00000D0C92	SINGLE	2	400	469	12	3.542e-05	{Q}
UPI00000D0C92	SINGLE	3	462	483	8	1.455e-04	{A}
UPI00000D0C92	SINGLE	4	338	352	5	2.875e-04	{N}
UPI00000D0C92	SINGLE	5	292	450	28	3.566e-04	{L}
UPI00000D0C92	SINGLE	6	279	307	4	8.043e-04	{W}
UPI00000D0C92	MULTIPLE	1	292	469	46	5.144e-06	{QL}
UPI00000D0C92	WHOLE	1	1	498	39	1.658e-04	{Q}
UPI00000D0C97	SINGLE	1	15	162	12	2.271e-06	{W}
UPI00000D0C97	SINGLE	2	168	185	8	5.037e-06	{T}
UPI00000D0C97	SINGLE	3	178	218	12	3.991e-05	{A}
UPI00000D0C97	SINGLE	4	29	161	26	1.125e-04	{L}
UPI00000D0C97	SINGLE	5	435	555	19	1.996e-04	{V}
UPI00000D0C97	SINGLE	6	201	215	5	2.875e-04	{N}
UPI00000D0C97	SINGLE	7	26	425	30	3.232e-04	{F}
UPI00000D0C97	MULTIPLE	1	14	162	40	2.073e-08	{WL}
UPI00000D0C97	MULTIPLE	2	168	218	29	7.976e-10	{TAN}
UPI00000D0CA9	SINGLE	1	49	333	40	3.942e-06	{G}
UPI00000D0CA9	SINGLE	2	55	78	9	9.761e-06	{V}
UPI00000D0CA9	SINGLE	3	92	106	4	7.491e-05	{C}
UPI00000D0CA9	MULTIPLE	1	54	327	79	9.526e-10	{GVC}
UPI00000D0CA9	WHOLE	1	1	369	44	6.736e-05	{G}
UPI00000D0CA9	WHOLE	2	1	369	40	5.242e-04	{V}
UPI00000D0CB4	SINGLE	1	31	62	8	4.493e-05	{Q}
UPI00000D0CB4	SINGLE	2	37	99	7	3.767e-04	{H}
UPI00000D0CB4	MULTIPLE	1	34	75	12	8.503e-06	{QH}
UPI00000D0CEB	SINGLE	1	182	386	26	1.192e-07	{F}
UPI00000D0CEB	SINGLE	2	86	115	12	1.073e-06	{A}
UPI00000D0CEB	SINGLE	3	1	338	22	5.051e-06	{M}
UPI00000D0CEB	SINGLE	4	154	168	4	5.704e-05	{W}
UPI00000D0CEB	SINGLE	5	309	323	6	2.045e-04	{V}
UPI00000D0CEB	SINGLE	6	11	384	33	5.141e-04	{I}
UPI00000D0CEB	MULTIPLE	1	9	386	101	5.017e-14	{FMWI}
UPI00000D0CEB	WHOLE	1	1	396	37	8.209e-07	{F}
UPI00000D0CEB	WHOLE	2	1	396	23	1.843e-05	{M}
UPI00000D0CEB	WHOLE	3	1	396	52	9.108e-05	{A}
UPI00000D0D08	SINGLE	1	79	93	5	2.936e-04	{Q}
UPI00000D0D08	SINGLE	2	29	72	10	3.952e-04	{G}
UPI00000D0D08	SINGLE	3	102	118	6	4.457e-04	{E}
UPI00000D0D08	SINGLE	4	176	222	8	6.914e-04	{Q}
UPI00000D0D11	SINGLE	1	14	127	30	7.147e-08	{L}
UPI00000D0D11	SINGLE	2	28	229	24	1.112e-06	{F}
UPI00000D0D11	SINGLE	3	22	315	34	2.754e-06	{I}
UPI00000D0D11	SINGLE	4	278	347	13	8.828e-05	{D}
UPI00000D0D11	SINGLE	5	237	251	4	2.419e-04	{H}
UPI00000D0D11	SINGLE	6	230	402	18	3.432e-04	{N}
UPI00000D0D11	MULTIPLE	1	28	287	95	8.352e-13	{LFI}
UPI00000D0D11	MULTIPLE	2	230	403	36	9.223e-06	{DN}
UPI00000D0D11	WHOLE	1	1	417	40	3.095e-05	{I}
UPI00000D0D11	WHOLE	2	1	417	57	6.984e-04	{L}
UPI00000D0D30	SINGLE	1	137	172	9	2.263e-04	{T}
UPI00000D0D30	SINGLE	2	36	148	14	2.673e-04	{N}
UPI00000D0D30	SINGLE	3	11	169	24	8.378e-04	{A}
UPI00000D0D30	MULTIPLE	1	16	172	55	3.176e-07	{TNA}
UPI00000D0D31	SINGLE	1	10	24	7	6.097e-05	{A}
UPI00000D0D31	SINGLE	2	20	165	21	1.788e-04	{T}
UPI00000D0D31	SINGLE	3	101	157	9	5.750e-04	{Q}
UPI00000D0D31	MULTIPLE	1	10	165	54	6.270e-07	{ATQ}
UPI00000D0D31	WHOLE	1	1	167	21	9.562e-04	{T}
UPI00000D0D33	SINGLE	1	44	75	9	1.204e-05	{R}
UPI00000D0D33	SINGLE	2	190	249	10	1.843e-04	{N}
UPI00000D0D93	SINGLE	1	134	224	9	1.430e-04	{M}
UPI00000D0D93	SINGLE	2	86	168	12	4.327e-04	{R}
UPI00000D0D93	SINGLE	3	9	24	5	6.419e-04	{R}
UPI00000D0D93	MULTIPLE	1	86	232	24	5.477e-05	{MR}
UPI00000D0D95	SINGLE	1	11	287	38	4.993e-09	{R}
UPI00000D0D95	WHOLE	1	1	290	38	1.703e-08	{R}
UPI00000D0D9C	SINGLE	1	14	145	16	4.475e-10	{C}
UPI00000D0D9C	WHOLE	1	1	205	16	2.230e-07	{C}
UPI00000D0D9D	SINGLE	1	30	44	6	2.215e-05	{Q}
UPI00000D0D9D	SINGLE	2	13	84	15	2.861e-04	{A}
UPI00000D0D9D	SINGLE	3	6	133	16	2.939e-04	{R}
UPI00000D0D9D	SINGLE	4	160	176	4	4.036e-04	{H}
UPI00000D0D9D	MULTIPLE	1	22	108	35	1.722e-07	{QAR}
UPI00000D1396	SINGLE	1	5	19	4	2.419e-04	{H}
UPI00000D1396	SINGLE	2	14	253	24	3.458e-04	{R}
UPI00000D1396	SINGLE	3	46	90	10	4.745e-04	{G}
UPI00000D1396	MULTIPLE	1	24	253	50	3.218e-06	{RG}
UPI00000D1397	SINGLE	1	26	268	47	5.315e-09	{A}
UPI00000D1397	WHOLE	1	1	271	47	1.537e-07	{A}
UPI00000D5E03	SINGLE	1	107	563	43	1.380e-05	{R}
UPI00000D5E03	SINGLE	2	21	136	20	3.946e-05	{V}
UPI00000D5E03	SINGLE	3	99	194	14	1.111e-04	{P}
UPI00000D5E03	SINGLE	4	291	305	5	1.842e-04	{F}
UPI00000D5E03	SINGLE	5	275	290	7	2.677e-04	{L}
UPI00000D5E03	SINGLE	6	343	357	5	2.936e-04	{Q}
UPI00000D5E03	SINGLE	7	220	538	17	4.873e-04	{M}
UPI00000D5E03	MULTIPLE	1	35	552	139	2.652e-07	{RVPM}
UPI00000D5E03	WHOLE	1	1	569	45	3.689e-04	{R}
UPI00000D5E0A	SINGLE	1	47	299	38	4.899e-05	{A}
UPI00000D5E0A	SINGLE	2	421	441	8	1.005e-04	{A}
UPI00000D5E0A	SINGLE	3	343	413	10	6.956e-04	{N}
UPI00000D5E0A	WHOLE	1	1	467	57	2.721e-04	{A}
UPI00000DA0F9	SINGLE	1	74	103	13	7.853e-07	{L}
UPI00000DA0F9	SINGLE	2	131	302	20	1.085e-05	{F}
UPI00000DA0F9	SINGLE	3	363	380	7	1.292e-05	{I}
UPI00000DA0F9	SINGLE	4	132	153	8	4.570e-05	{G}
UPI00000DA0F9	SINGLE	5	212	226	5	5.275e-04	{I}
UPI00000DA0F9	SINGLE	6	319	335	5	5.538e-04	{Q}
UPI00000DA0F9	SINGLE	7	109	124	6	8.219e-04	{A}
UPI00000DA0F9	MULTIPLE	1	131	313	58	2.012e-08	{FGI}
UPI00000DA0F9	WHOLE	1	1	401	60	6.086e-05	{L}
UPI00000DA0F9	WHOLE	2	1	401	37	1.195e-04	{I}
UPI00000DA111	SINGLE	1	110	168	13	8.248e-05	{G}
UPI00000DCDC0	SINGLE	1	5	35	7	2.594e-04	{Q}
UPI00000DE6D7	SINGLE	1	10	48	11	4.492e-04	{L}
UPI00000DE6D7	SINGLE	2	75	105	7	5.531e-04	{I}
UPI00000DE6FA	SINGLE	1	132	460	47	2.686e-05	{A}
UPI00000DE6FA	SINGLE	2	106	231	21	5.705e-05	{G}
UPI00000DE6FA	SINGLE	3	212	226	4	2.419e-04	{M}
UPI00000DE6FA	SINGLE	4	13	151	10	7.516e-04	{H}
UPI00000DE6FA	MULTIPLE	1	111	460	99	1.907e-08	{AGM}
UPI00000DE6FA	WHOLE	1	1	466	55	6.771e-04	{A}
UPI00000DE8E9	SINGLE	1	1	29	5	3.445e-04	{M}
UPI00000DE9F4	SINGLE	1	51	369	33	3.381e-07	{F}
UPI00000DE9F4	SINGLE	2	12	368	56	2.986e-05	{L}
UPI00000DE9F4	SINGLE	3	346	362	6	1.019e-04	{I}
UPI00000DE9F4	SINGLE	4	18	155	9	1.999e-04	{W}
UPI00000DE9F4	SINGLE	5	182	204	6	6.136e-04	{I}
UPI00000DE9F4	MULTIPLE	1	11	369	134	2.327e-15	{FLIW}
UPI00000DE9F4	WHOLE	1	1	385	35	2.808e-06	{F}
UPI00000DE9F4	WHOLE	2	1	385	56	1.947e-04	{L}
UPI00000DEA23	SINGLE	1	51	229	32	1.177e-04	{L}
UPI00000DEA23	SINGLE	2	138	222	12	5.340e-04	{R}
UPI00000DEA23	SINGLE	3	33	70	9	5.519e-04	{G}
UPI00000DEA23	MULTIPLE	1	51	229	46	1.374e-05	{LR}
UPI00000DEA23	WHOLE	1	1	233	36	7.158e-04	{L}
UPI00000DEBA3	SINGLE	1	10	60	10	1.364e-04	{I}
UPI00000DEBA3	WHOLE	1	1	65	10	9.412e-04	{I}
UPI00000DEBB7	SINGLE	1	161	200	9	9.813e-05	{I}
UPI00000DEBB7	SINGLE	2	56	85	5	4.045e-04	{H}
UPI00000DEBB7	WHOLE	1	1	232	23	7.097e-04	{I}
UPI00000DEC9F	SINGLE	1	1	81	10	9.510e-06	{M}
UPI00000DEC9F	SINGLE	2	118	307	30	1.111e-04	{A}
UPI00000DEC9F	WHOLE	1	1	349	20	7.075e-05	{M}
UPI00000DECB6	SINGLE	1	8	52	8	5.178e-04	{Q}
UPI00000DECE5	SINGLE	1	27	53	10	3.623e-06	{E}
UPI00000DECE5	SINGLE	2	118	133	6	8.219e-04	{A}
UPI00000DECE5	WHOLE	1	1	134	19	6.864e-04	{E}
UPI00000DEDDD	SINGLE	1	382	423	12	1.019e-05	{G}
UPI00000DEDDD	SINGLE	2	115	186	8	1.113e-05	{W}
UPI00000DEDDD	SINGLE	3	31	133	14	3.859e-05	{F}
UPI00000DEDDD	SINGLE	4	83	435	20	8.193e-05	{M}
UPI00000DEDDD	SINGLE	5	223	300	11	1.296e-04	{Y}
UPI00000DEDDD	SINGLE	6	188	206	7	3.444e-04	{A}
UPI00000DEDDD	SINGLE	7	372	402	9	3.743e-04	{A}
UPI00000DEDDD	SINGLE	8	59	179	18	6.673e-04	{G}
UPI00000DEDDD	SINGLE	9	421	436	5	7.294e-04	{I}
UPI00000DEDDD	SINGLE	10	352	368	5	9.825e-04	{I}
UPI00000DEDDD	MULTIPLE	1	63	437	143	1.562e-08	{GMYAI}
UPI00000DEDDD	MULTIPLE	2	28	205	28	2.784e-07	{WF}
UPI00000DEDDD	WHOLE	1	1	452	33	2.794e-04	{F}
UPI00000DEDDD	WHOLE	2	1	452	22	2.939e-04	{M}
UPI00000DEDDD	WHOLE	3	1	452	47	7.070e-04	{G}
UPI00000DEE10	SINGLE	1	21	103	13	1.562e-04	{I}
UPI00000DEE10	SINGLE	2	102	143	8	1.661e-04	{F}
UPI00000DEE10	SINGLE	3	10	76	16	2.156e-04	{L}
UPI00000DEE10	SINGLE	4	4	155	22	2.861e-04	{G}
UPI00000DEE10	MULTIPLE	1	4	155	50	4.803e-08	{IFG}
UPI00000DEE13	SINGLE	1	14	158	17	4.156e-05	{F}
UPI00000DEE13	SINGLE	2	122	157	10	1.379e-04	{S}
UPI00000DEE13	SINGLE	3	64	84	6	3.649e-04	{I}
UPI00000DEE13	SINGLE	4	2	113	17	5.883e-04	{V}
UPI00000DEE13	MULTIPLE	1	2	158	68	3.848e-09	{FSIV}
UPI00000DEE13	WHOLE	1	1	162	17	1.543e-04	{F}
UPI00000DEE5D	SINGLE	1	63	101	9	6.451e-05	{R}
UPI00000DEE5D	SINGLE	2	15	54	11	1.490e-04	{A}
UPI00000DEE79	SINGLE	1	13	193	29	6.193e-06	{G}
UPI00000DEE79	SINGLE	2	254	282	4	8.043e-04	{W}
UPI00000DEE79	WHOLE	1	1	345	39	4.148e-04	{G}
UPI00000DEF2E	SINGLE	1	192	209	6	1.244e-04	{R}
UPI00000DEF2E	SINGLE	2	135	149	5	4.135e-04	{P}
UPI00000DEF62	SINGLE	1	61	195	20	2.688e-07	{F}
UPI00000DEF62	SINGLE	2	21	442	45	8.030e-07	{I}
UPI00000DEF62	SINGLE	3	34	422	51	1.717e-06	{G}
UPI00000DEF62	SINGLE	4	332	356	6	1.250e-05	{M}
UPI00000DEF62	SINGLE	5	66	370	13	5.450e-04	{W}
UPI00000DEF62	MULTIPLE	1	41	422	154	7.284e-22	{FIGMW}
UPI00000DEF62	WHOLE	1	1	450	45	4.120e-06	{I}
UPI00000DEF62	WHOLE	2	1	450	53	2.083e-05	{G}
UPI00000DEF62	WHOLE	3	1	450	35	6.272e-05	{F}
UPI00000DF0BF	SINGLE	1	80	151	15	2.861e-04	{A}
UPI00000DF0BF	SINGLE	2	2	28	8	6.718e-04	{A}
UPI00000DF0BF	SINGLE	3	5	289	26	7.532e-04	{R}
UPI00000DF0BF	MULTIPLE	1	2	289	61	1.646e-05	{AR}
UPI00000DF0C5	SINGLE	1	29	332	32	3.435e-07	{F}
UPI00000DF0C5	SINGLE	2	2	20	8	2.423e-05	{S}
UPI00000DF0C5	SINGLE	3	33	438	39	3.685e-05	{I}
UPI00000DF0C5	SINGLE	4	26	213	32	2.757e-04	{L}
UPI00000DF0C5	SINGLE	5	27	48	7	3.432e-04	{G}
UPI00000DF0C5	SINGLE	6	259	326	14	4.972e-04	{A}
UPI00000DF0C5	MULTIPLE	1	26	443	133	4.237e-12	{FIL}
UPI00000DF0C5	WHOLE	1	1	443	36	2.157e-05	{F}
UPI00000DF0C5	WHOLE	2	1	443	40	1.051e-04	{I}
UPI00000DF1F7	SINGLE	1	35	63	10	1.834e-05	{S}
UPI00000DF1F7	SINGLE	2	28	253	27	4.618e-04	{K}
UPI00000DF1F7	SINGLE	3	172	188	5	5.425e-04	{N}
UPI00000DF1F7	MULTIPLE	1	35	254	67	1.464e-06	{SKN}
UPI00000DF2CC	SINGLE	1	220	239	6	2.355e-04	{R}
UPI00000DF2CC	SINGLE	2	213	238	9	2.859e-04	{L}
UPI00000DF2CC	MULTIPLE	1	213	239	15	4.385e-07	{RL}
UPI00000DF314	SINGLE	1	30	396	36	3.727e-07	{F}
UPI00000DF314	SINGLE	2	171	390	28	3.228e-06	{I}
UPI00000DF314	SINGLE	3	333	364	9	4.800e-04	{A}
UPI00000DF314	MULTIPLE	1	30	396	70	5.065e-10	{FI}
UPI00000DF314	WHOLE	1	1	421	37	3.245e-06	{F}
UPI00000DF314	WHOLE	2	1	421	36	5.293e-04	{I}
UPI00000DF349	SINGLE	1	8	847	118	1.300e-06	{L}
UPI00000DF349	SINGLE	2	580	607	9	4.643e-05	{G}
UPI00000DF349	SINGLE	3	289	354	13	2.146e-04	{E}
UPI00000DF349	SINGLE	4	545	563	7	3.444e-04	{A}
UPI00000DF349	SINGLE	5	717	792	6	8.364e-04	{W}
UPI00000DF349	MULTIPLE	1	19	847	280	3.956e-09	{LEAW}
UPI00000DF349	WHOLE	1	1	883	119	7.453e-06	{L}
UPI00000DF3BA	SINGLE	1	44	102	19	1.656e-11	{R}
UPI00000DF3BA	SINGLE	2	23	105	19	9.417e-08	{D}
UPI00000DF3BA	SINGLE	3	67	95	7	1.682e-04	{Q}
UPI00000DF3BA	SINGLE	4	92	106	6	2.062e-04	{E}
UPI00000DF3BA	SINGLE	5	22	36	5	5.275e-04	{I}
UPI00000DF3BA	MULTIPLE	1	43	106	51	2.495e-23	{RDQE}
UPI00000DF3BA	WHOLE	1	1	109	21	3.934e-08	{R}
UPI00000DF3BA	WHOLE	2	1	109	19	6.658e-06	{D}
UPI00000DF436	SINGLE	1	69	90	6	3.601e-04	{P}
UPI00000DF443	SINGLE	1	175	208	5	7.231e-04	{H}
UPI00000DF443	SINGLE	2	290	307	5	7.334e-04	{Q}
UPI00000DF443	SINGLE	3	34	58	6	8.417e-04	{R}
UPI00000E47B6	SINGLE	1	66	207	23	2.418e-07	{R}
UPI00000E47B6	SINGLE	2	49	215	29	3.599e-04	{L}
UPI00000E47B6	MULTIPLE	1	49	215	52	7.245e-09	{RL}
UPI00000E47B6	WHOLE	1	1	230	25	8.011e-05	{R}
UPI00000E4A32	SINGLE	1	11	31	11	1.072e-07	{A}
UPI00000E4A32	SINGLE	2	732	784	11	2.954e-05	{R}
UPI00000E4A32	SINGLE	3	572	632	13	9.642e-05	{E}
UPI00000E4A32	SINGLE	4	257	281	7	1.370e-04	{I}
UPI00000E4A32	SINGLE	5	180	219	6	1.947e-04	{M}
UPI00000E4A32	SINGLE	6	46	81	5	2.398e-04	{C}
UPI00000E4A32	SINGLE	7	543	564	6	2.422e-04	{Q}
UPI00000E4A32	SINGLE	8	229	291	10	2.737e-04	{N}
UPI00000E4A32	SINGLE	9	370	725	14	7.286e-04	{W}
UPI00000E4A32	SINGLE	10	22	198	23	8.877e-04	{G}
UPI00000E4A32	MULTIPLE	1	530	635	21	6.028e-05	{EW}
UPI00000E4A32	MULTIPLE	2	255	282	13	3.129e-07	{IN}
UPI00000E4A32	MULTIPLE	3	50	198	28	6.336e-05	{MG}
UPI00000E4AB2	SINGLE	1	4	18	6	5.574e-04	{A}
UPI000011044B	SINGLE	1	213	305	19	6.700e-05	{A}
UPI0000110548	SINGLE	1	103	148	10	4.827e-04	{V}
UPI0000110702	SINGLE	1	15	268	31	3.069e-04	{V}
UPI0000110702	SINGLE	2	130	144	5	4.635e-04	{R}
UPI0000110702	SINGLE	3	2	57	12	8.291e-04	{A}
UPI0000110702	MULTIPLE	1	15	268	48	1.203e-04	{VR}
UPI00001107E2	SINGLE	1	13	40	5	2.914e-04	{H}
UPI00001107EF	SINGLE	1	7	38	9	1.509e-05	{I}
UPI00001107EF	SINGLE	2	27	71	8	5.029e-04	{N}
UPI00001107EF	MULTIPLE	1	7	71	21	1.621e-07	{IN}
UPI0000110851	SINGLE	1	63	95	10	4.368e-04	{L}
UPI0000110851	SINGLE	2	44	137	15	7.167e-04	{E}
UPI0000110851	MULTIPLE	1	37	140	32	5.422e-05	{LE}
UPI0000110880	SINGLE	1	143	202	15	3.508e-05	{A}
UPI000011098F	SINGLE	1	5	437	43	7.591e-06	{I}
UPI000011098F	SINGLE	2	160	174	7	2.093e-05	{G}
UPI000011098F	SINGLE	3	272	286	5	1.842e-04	{F}
UPI000011098F	SINGLE	4	8	192	28	3.435e-04	{A}
UPI000011098F	MULTIPLE	1	5	437	130	3.662e-08	{IGA}
UPI000011098F	WHOLE	1	1	449	43	1.746e-05	{I}
UPI0000110AFC	SINGLE	1	15	255	36	8.186e-05	{A}
UPI0000110AFC	WHOLE	1	1	262	36	3.762e-04	{A}
UPI0000110C71	SINGLE	1	18	32	4	2.419e-04	{H}
UPI0000110D0E	SINGLE	1	283	345	16	1.609e-05	{A}
UPI0000110D0E	SINGLE	2	169	187	6	1.731e-04	{R}
UPI0000110D0E	SINGLE	3	142	156	6	2.293e-04	{G}
UPI0000110D0E	SINGLE	4	172	355	20	5.023e-04	{I}
UPI0000110D0E	SINGLE	5	56	97	8	5.252e-04	{P}
UPI0000110D0E	MULTIPLE	1	172	360	47	2.684e-06	{AI}
UPI0000110D23	SINGLE	1	108	188	15	5.113e-06	{R}
UPI0000110D23	SINGLE	2	3	227	34	9.935e-05	{A}
UPI0000110D23	SINGLE	3	49	66	4	5.076e-04	{H}
UPI0000110D23	MULTIPLE	1	38	199	47	1.668e-06	{RAH}
UPI0000110D23	WHOLE	1	1	227	34	1.167e-04	{A}
UPI0000110F14	SINGLE	1	212	258	12	1.618e-04	{A}
UPI0000110F14	SINGLE	2	90	200	17	5.342e-04	{V}
UPI0000110F69	SINGLE	1	116	144	7	7.282e-04	{D}
UPI0000110FA1	SINGLE	1	48	271	31	5.175e-05	{G}
UPI0000110FA1	SINGLE	2	55	70	5	2.180e-04	{Y}
UPI0000110FA1	SINGLE	3	14	36	7	4.101e-04	{E}
UPI0000110FA1	SINGLE	4	123	228	9	4.304e-04	{H}
UPI0000110FA1	SINGLE	5	199	223	7	6.967e-04	{V}
UPI0000110FA1	MULTIPLE	1	55	271	55	1.468e-07	{GYH}
UPI0000110FFC	SINGLE	1	74	114	12	3.991e-05	{A}
UPI00001112B7	SINGLE	1	11	209	22	2.278e-04	{I}
UPI00001112B7	SINGLE	2	183	252	13	3.803e-04	{E}
UPI00001112DC	SINGLE	1	3	259	26	2.670e-04	{I}
UPI00001112DC	SINGLE	2	89	129	9	8.358e-04	{V}
UPI00001112E0	SINGLE	1	32	67	7	6.599e-04	{Q}
UPI000011134B	SINGLE	1	134	165	9	3.821e-05	{D}
UPI000011134B	SINGLE	2	109	133	7	1.149e-04	{R}
UPI000011134B	SINGLE	3	166	180	6	5.574e-04	{A}
UPI0000111422	SINGLE	1	17	46	10	1.041e-05	{V}
UPI0000111422	SINGLE	2	29	211	29	1.322e-04	{A}
UPI0000111422	WHOLE	1	1	213	30	6.887e-04	{A}
UPI0000111424	SINGLE	1	1	54	6	9.624e-04	{M}
UPI0000111441	SINGLE	1	11	31	7	8.574e-05	{D}
UPI0000111441	SINGLE	2	30	51	6	4.771e-04	{I}
UPI0000111441	MULTIPLE	1	17	51	13	2.401e-05	{DI}
UPI0000111463	SINGLE	1	46	92	12	6.556e-04	{L}
UPI0000111624	SINGLE	1	93	476	44	2.182e-10	{F}
UPI0000111624	SINGLE	2	16	654	62	2.510e-07	{I}
UPI0000111624	SINGLE	3	41	625	26	8.969e-07	{W}
UPI0000111624	SINGLE	4	60	621	31	2.313e-06	{M}
UPI0000111624	SINGLE	5	108	162	12	1.368e-04	{V}
UPI0000111624	SINGLE	6	23	536	53	4.415e-04	{G}
UPI0000111624	MULTIPLE	1	16	626	231	3.543e-27	{FIWMG}
UPI0000111624	WHOLE	1	1	663	58	1.085e-08	{F}
UPI0000111624	WHOLE	2	1	663	62	8.370e-07	{I}
UPI0000111624	WHOLE	3	1	663	26	7.838e-06	{W}
UPI0000111624	WHOLE	4	1	663	33	9.116e-06	{M}
UPI0000111626	SINGLE	1	5	19	6	4.406e-07	{H}
UPI0000111626	SINGLE	2	27	140	14	1.130e-04	{F}
UPI00001116DF	SINGLE	1	18	54	10	3.371e-04	{A}
UPI00001117E2	SINGLE	1	30	102	16	1.023e-04	{A}
UPI00001117E2	SINGLE	2	170	247	15	1.219e-04	{G}
UPI00001117E2	SINGLE	3	15	249	21	2.591e-04	{F}
UPI00001117E2	SINGLE	4	159	186	9	5.211e-04	{L}
UPI00001117E2	SINGLE	5	9	64	11	7.395e-04	{G}
UPI00001117E2	MULTIPLE	1	13	250	84	2.902e-10	{AFG}
UPI00001117E2	MULTIPLE	2	159	247	29	4.423e-05	{GL}
UPI0000111831	SINGLE	1	100	116	7	4.869e-05	{E}
UPI0000111831	SINGLE	2	21	56	8	2.122e-04	{R}
UPI0000111973	SINGLE	1	61	102	8	7.383e-04	{I}
UPI0000111973	SINGLE	2	61	75	5	9.005e-04	{D}
UPI0000111973	MULTIPLE	1	61	102	14	4.639e-05	{ID}
UPI00001119B5	SINGLE	1	12	66	11	5.441e-04	{E}
UPI00001119B5	SINGLE	2	31	51	7	6.750e-04	{A}
UPI00001119B5	MULTIPLE	1	28	53	13	1.508e-05	{EA}
UPI00001119E0	SINGLE	1	160	174	7	6.097e-05	{A}
UPI00001119E0	SINGLE	2	5	186	31	3.299e-04	{L}
UPI00001119E0	SINGLE	3	79	99	7	6.750e-04	{A}
UPI00001119E0	MULTIPLE	1	5	179	48	1.927e-04	{LA}
UPI0000111A15	SINGLE	1	94	277	26	9.735e-05	{V}
UPI0000111A15	SINGLE	2	80	107	5	2.914e-04	{H}
UPI0000111A15	MULTIPLE	1	80	277	34	5.534e-05	{VH}
UPI0000111A1D	SINGLE	1	247	305	13	4.001e-04	{A}
UPI0000111A1D	SINGLE	2	36	70	7	5.411e-04	{N}
UPI0000111A1D	SINGLE	3	56	82	8	6.718e-04	{A}
UPI0000111A1D	MULTIPLE	1	44	77	13	7.686e-05	{NA}
UPI0000111A4D	SINGLE	1	287	306	5	5.484e-05	{M}
UPI0000111A4D	SINGLE	2	173	211	11	1.172e-04	{A}
UPI0000111A4D	SINGLE	3	224	501	35	1.175e-04	{G}
UPI0000111A4D	SINGLE	4	390	404	4	2.419e-04	{H}
UPI0000111A4D	SINGLE	5	151	172	6	4.110e-04	{R}
UPI0000111A4D	SINGLE	6	373	497	21	4.434e-04	{A}
UPI0000111A4D	SINGLE	7	46	75	9	8.903e-04	{L}
UPI0000111A4D	MULTIPLE	1	224	501	78	6.799e-07	{MGA}
UPI0000111BDE	SINGLE	1	45	168	26	2.376e-06	{A}
UPI0000111BDE	WHOLE	1	1	317	43	1.615e-04	{A}
UPI0000111C7E	SINGLE	1	14	432	48	8.643e-05	{G}
UPI0000111C7E	SINGLE	2	28	57	5	4.045e-04	{H}
UPI0000111C7E	MULTIPLE	1	14	432	60	6.374e-05	{GH}
UPI0000111C7E	WHOLE	1	1	456	49	2.975e-04	{G}
UPI0000111C8C	SINGLE	1	124	142	7	3.444e-04	{A}
UPI0000111CDC	SINGLE	1	24	62	7	1.778e-05	{H}
UPI0000111CDC	SINGLE	2	123	161	11	1.172e-04	{A}
UPI0000111CDC	SINGLE	3	104	302	26	4.252e-04	{G}
UPI0000111CDC	MULTIPLE	1	104	295	47	8.521e-05	{AG}
UPI0000111D53	SINGLE	1	88	117	8	3.126e-04	{T}
UPI0000111D53	SINGLE	2	101	216	20	4.279e-04	{A}
UPI0000111D53	MULTIPLE	1	88	211	35	1.803e-05	{TA}
UPI0000111D8F	SINGLE	1	25	42	6	6.250e-04	{E}
UPI0000111F92	SINGLE	1	311	347	11	1.285e-05	{V}
UPI0000111F92	SINGLE	2	257	292	10	7.009e-05	{G}
UPI0000111F92	SINGLE	3	39	59	7	2.506e-04	{G}
UPI0000111F92	SINGLE	4	354	384	9	3.743e-04	{A}
UPI0000111F92	SINGLE	5	304	333	7	4.505e-04	{I}
UPI0000111F92	SINGLE	6	44	136	15	6.355e-04	{V}
UPI0000111F92	MULTIPLE	1	304	347	18	4.802e-07	{VI}
UPI0000111F92	MULTIPLE	2	39	136	27	7.154e-05	{GV}
UPI0000111F92	WHOLE	1	1	388	43	3.432e-04	{G}
UPI0000111F92	WHOLE	2	1	388	47	8.773e-04	{A}
UPI0000112029	SINGLE	1	328	343	7	3.033e-05	{V}
UPI0000112029	SINGLE	2	33	145	15	7.954e-05	{N}
UPI0000112029	SINGLE	3	57	79	8	2.057e-04	{A}
UPI0000112029	WHOLE	1	1	478	36	4.827e-04	{N}
UPI000011202A	SINGLE	1	44	312	20	1.903e-06	{M}
UPI000011202A	SINGLE	2	153	182	9	8.515e-06	{I}
UPI000011202A	SINGLE	3	82	290	31	6.356e-05	{S}
UPI000011202A	SINGLE	4	34	52	7	8.828e-04	{L}
UPI000011202A	MULTIPLE	1	72	295	71	2.082e-11	{MIS}
UPI000011202A	WHOLE	1	1	582	26	3.251e-04	{M}
UPI000011202A	WHOLE	2	1	582	47	3.345e-04	{I}
UPI00001120B4	SINGLE	1	14	201	20	3.466e-04	{P}
UPI00001120EC	SINGLE	1	54	72	7	1.103e-04	{E}
UPI00001120EC	SINGLE	2	88	140	9	6.786e-04	{R}
UPI000011214D	SINGLE	1	166	465	45	1.795e-07	{G}
UPI000011214D	SINGLE	2	6	57	17	2.012e-07	{A}
UPI000011214D	SINGLE	3	407	431	10	8.426e-06	{A}
UPI000011214D	SINGLE	4	174	283	10	1.255e-04	{M}
UPI000011214D	SINGLE	5	45	167	10	3.007e-04	{H}
UPI000011214D	SINGLE	6	127	157	6	9.707e-04	{F}
UPI000011214D	MULTIPLE	1	42	465	88	2.174e-09	{GMH}
UPI000011214D	WHOLE	1	1	602	66	2.318e-05	{G}
UPI0000112150	SINGLE	1	79	93	5	1.186e-05	{H}
UPI0000112150	SINGLE	2	34	80	13	1.788e-04	{L}
UPI00001121CF	SINGLE	1	277	308	9	1.433e-04	{G}
UPI00001121CF	SINGLE	2	299	417	21	2.342e-04	{A}
UPI00001121CF	SINGLE	3	383	399	6	4.421e-04	{V}
UPI00001121CF	MULTIPLE	1	277	417	58	2.970e-08	{GAV}
UPI00001121F3	SINGLE	1	6	43	6	1.464e-04	{H}
UPI0000112215	SINGLE	1	105	441	52	9.020e-09	{G}
UPI0000112215	SINGLE	2	179	195	9	1.416e-06	{A}
UPI0000112215	SINGLE	3	197	268	15	1.599e-06	{I}
UPI0000112215	SINGLE	4	8	461	67	3.856e-05	{L}
UPI0000112215	SINGLE	5	14	28	6	3.887e-05	{R}
UPI0000112215	SINGLE	6	352	469	22	7.857e-05	{A}
UPI0000112215	SINGLE	7	190	389	18	5.975e-04	{F}
UPI0000112215	SINGLE	8	34	104	14	7.608e-04	{A}
UPI0000112215	MULTIPLE	1	33	462	235	1.761e-21	{GILAF}
UPI0000112215	WHOLE	1	1	473	57	5.752e-06	{G}
UPI0000112215	WHOLE	2	1	473	67	1.185e-04	{L}
UPI0000112215	WHOLE	3	1	473	58	2.179e-04	{A}
UPI0000112340	SINGLE	1	10	163	29	5.908e-06	{A}
UPI0000112340	SINGLE	2	208	583	47	1.342e-05	{G}
UPI0000112340	SINGLE	3	801	815	7	6.097e-05	{A}
UPI0000112340	SINGLE	4	661	690	8	1.518e-04	{D}
UPI0000112340	SINGLE	5	544	714	19	5.219e-04	{I}
UPI0000112340	SINGLE	6	653	668	6	8.219e-04	{A}
UPI0000112340	MULTIPLE	1	660	691	16	6.501e-07	{DA}
UPI0000112340	WHOLE	1	1	865	97	9.869e-05	{A}
UPI0000112535	SINGLE	1	17	206	28	3.871e-05	{G}
UPI0000112535	SINGLE	2	2	222	24	1.634e-04	{I}
UPI0000112535	SINGLE	3	9	191	12	5.411e-04	{H}
UPI0000112535	MULTIPLE	1	9	215	62	8.084e-10	{GIH}
UPI0000112535	WHOLE	1	1	262	26	3.513e-04	{I}
UPI0000112664	SINGLE	1	20	223	43	1.617e-09	{A}
UPI0000112664	SINGLE	2	155	289	21	1.126e-04	{V}
UPI0000112664	SINGLE	3	49	80	7	3.177e-04	{Q}
UPI0000112664	MULTIPLE	1	20	280	75	8.803e-10	{AV}
UPI0000112664	WHOLE	1	1	309	54	1.611e-08	{A}
UPI00001127A5	SINGLE	1	14	416	54	4.697e-07	{G}
UPI00001127A5	SINGLE	2	130	144	7	6.097e-05	{A}
UPI00001127A5	SINGLE	3	438	452	5	2.875e-04	{N}
UPI00001127A5	SINGLE	4	430	586	18	3.653e-04	{R}
UPI00001127A5	SINGLE	5	340	410	13	4.300e-04	{V}
UPI00001127A5	MULTIPLE	1	443	578	28	2.163e-05	{NR}
UPI00001127A5	WHOLE	1	1	588	59	4.436e-04	{G}
UPI00001127A8	SINGLE	1	96	115	10	1.252e-07	{V}
UPI00001127A8	SINGLE	2	36	66	7	1.411e-04	{F}
UPI00001127A8	SINGLE	3	62	95	10	5.619e-04	{L}
UPI00001127A8	WHOLE	1	1	115	19	1.047e-04	{V}
UPI000011287C	SINGLE	1	122	162	10	1.856e-04	{V}
UPI000011287C	SINGLE	2	26	109	11	7.101e-04	{N}
UPI00001128D0	SINGLE	1	8	68	10	9.851e-05	{F}
UPI00001128D0	SINGLE	2	127	188	11	1.613e-04	{I}
UPI0000112942	SINGLE	1	6	286	37	3.258e-05	{G}
UPI0000112942	SINGLE	2	82	301	23	3.602e-04	{I}
UPI0000112942	MULTIPLE	1	2	301	65	2.497e-07	{GI}
UPI0000112942	WHOLE	1	1	320	38	1.993e-04	{G}
UPI00001129AC	SINGLE	1	298	316	7	1.103e-04	{E}
UPI00001129AC	SINGLE	2	10	49	12	1.377e-04	{L}
UPI0000112BE0	SINGLE	1	253	300	11	1.943e-04	{G}
UPI0000112BE0	SINGLE	2	736	752	6	1.949e-04	{D}
UPI0000112BE0	SINGLE	3	438	493	14	3.136e-04	{L}
UPI0000112BE0	SINGLE	4	77	197	13	4.805e-04	{Y}
UPI0000112BE0	SINGLE	5	450	474	6	4.915e-04	{N}
UPI0000112BE0	SINGLE	6	614	629	6	5.323e-04	{S}
UPI0000112BE0	SINGLE	7	65	85	7	6.750e-04	{A}
UPI0000112BE0	SINGLE	8	47	70	6	7.779e-04	{I}
UPI0000112BE0	MULTIPLE	1	437	493	21	6.360e-06	{LN}
UPI0000112BE0	MULTIPLE	2	47	86	14	2.040e-04	{AI}
UPI0000112C08	SINGLE	1	81	120	6	2.521e-05	{W}
UPI0000112C08	SINGLE	2	85	99	6	1.570e-04	{K}
UPI0000112C08	SINGLE	3	11	30	7	1.789e-04	{G}
UPI0000112C08	MULTIPLE	1	81	122	14	1.380e-06	{WK}
UPI0000112C1C	SINGLE	1	165	203	6	1.692e-04	{M}
UPI0000112C1C	SINGLE	2	281	323	10	1.898e-04	{K}
UPI0000112C1C	SINGLE	3	16	302	34	4.052e-04	{G}
UPI0000112C1C	SINGLE	4	82	180	18	4.230e-04	{A}
UPI0000112C1C	SINGLE	5	232	248	6	4.421e-04	{V}
UPI0000112C1C	MULTIPLE	1	10	308	69	2.215e-05	{GA}
UPI0000112E58	SINGLE	1	98	224	20	1.763e-04	{G}
UPI0000112E58	SINGLE	2	181	250	11	4.578e-04	{I}
UPI0000112E58	SINGLE	3	21	35	6	5.574e-04	{A}
UPI0000112E58	MULTIPLE	1	94	250	39	1.771e-06	{GI}
UPI0000112E64	SINGLE	1	132	202	11	3.349e-04	{P}
UPI0000112F0A	SINGLE	1	25	43	8	1.342e-04	{L}
UPI0000112FF5	SINGLE	1	182	202	5	7.041e-05	{M}
UPI0000112FF5	SINGLE	2	145	211	11	1.081e-04	{Q}
UPI0000112FF5	SINGLE	3	42	405	42	1.239e-04	{E}
UPI0000112FF5	SINGLE	4	209	223	6	1.570e-04	{K}
UPI0000112FF5	SINGLE	5	9	420	37	1.954e-04	{I}
UPI0000112FF5	SINGLE	6	25	45	6	3.138e-04	{R}
UPI0000112FF5	SINGLE	7	409	437	7	7.282e-04	{D}
UPI0000112FF5	MULTIPLE	1	145	223	26	1.914e-06	{MQK}
UPI0000112FF5	MULTIPLE	2	7	406	107	3.130e-08	{EIR}
UPI0000112FF5	WHOLE	1	1	443	38	3.726e-04	{I}
UPI0000112FF5	WHOLE	2	1	443	46	5.619e-04	{E}
UPI0000113012	SINGLE	1	29	182	29	9.530e-05	{L}
UPI0000113012	SINGLE	2	77	299	30	1.081e-04	{G}
UPI0000113012	SINGLE	3	218	232	5	2.936e-04	{Q}
UPI0000113012	SINGLE	4	240	254	6	5.574e-04	{A}
UPI0000113012	SINGLE	5	311	325	6	5.574e-04	{A}
UPI0000113012	MULTIPLE	1	28	290	93	5.924e-06	{LGA}
UPI000011303F	SINGLE	1	11	25	5	4.635e-04	{R}
UPI000011304B	SINGLE	1	136	184	12	9.543e-04	{L}
UPI000011309E	SINGLE	1	149	228	19	7.825e-06	{A}
UPI000011309E	SINGLE	2	8	44	10	3.371e-04	{A}
UPI000011309E	SINGLE	3	96	126	5	4.717e-04	{M}
UPI000011309E	SINGLE	4	131	160	8	4.831e-04	{G}
UPI000011309E	MULTIPLE	1	137	228	32	6.557e-07	{AG}
UPI000011309E	WHOLE	1	1	244	35	2.100e-04	{A}
UPI000011309E	WHOLE	2	1	244	29	8.994e-04	{G}
UPI0000113122	SINGLE	1	39	53	5	2.680e-06	{C}
UPI000011315E	SINGLE	1	63	219	12	1.433e-04	{H}
UPI000011315E	SINGLE	2	62	90	8	3.301e-04	{V}
UPI00001132B8	SINGLE	1	13	138	23	6.204e-06	{G}
UPI00001132B8	SINGLE	2	1	27	5	2.447e-04	{M}
UPI00001132B8	SINGLE	3	134	198	15	4.762e-04	{L}
UPI00001132B8	MULTIPLE	1	1	130	29	1.776e-06	{GM}
UPI00001135EF	SINGLE	1	5	35	7	4.684e-04	{R}
UPI000011D868	SINGLE	1	27	145	23	3.183e-05	{A}
UPI000011D868	SINGLE	2	223	254	6	5.484e-05	{M}
UPI000011D868	SINGLE	3	4	119	18	3.275e-04	{V}
UPI000011D868	SINGLE	4	291	317	6	7.702e-04	{Q}
UPI000011D868	MULTIPLE	1	9	145	44	6.923e-08	{AV}
UPI000011DD2D	SINGLE	1	337	418	9	6.525e-05	{M}
UPI000011DD2D	SINGLE	2	12	29	7	8.425e-05	{G}
UPI000011DD2D	SINGLE	3	166	182	6	4.943e-04	{G}
UPI000011DD2D	SINGLE	4	127	172	8	5.825e-04	{N}
UPI000011DD2D	SINGLE	5	43	75	5	6.305e-04	{H}
UPI000011DD2E	SINGLE	1	3	286	28	2.459e-04	{I}
UPI000011DD2E	SINGLE	2	154	252	18	4.230e-04	{A}
UPI000011DD2E	SINGLE	3	133	198	12	7.337e-04	{V}
UPI000011DD2E	MULTIPLE	1	3	290	64	3.243e-06	{IA}
UPI000011DD2E	WHOLE	1	1	300	28	5.476e-04	{I}
UPI000011DED0	SINGLE	1	43	265	38	3.082e-06	{A}
UPI000011DED0	SINGLE	2	224	245	6	4.771e-04	{I}
UPI000011DED0	MULTIPLE	1	36	265	58	1.391e-07	{AI}
UPI000011DED0	WHOLE	1	1	268	40	3.722e-05	{A}
UPI000011DED9	SINGLE	1	32	157	17	1.120e-04	{I}
UPI000011F059	SINGLE	1	145	243	13	6.350e-04	{R}
UPI000011F05A	SINGLE	1	34	100	13	1.252e-05	{R}
UPI000011F516	SINGLE	1	70	228	19	1.573e-04	{R}
UPI000011F516	SINGLE	2	120	167	6	5.219e-04	{M}
UPI000011F516	SINGLE	3	9	177	22	8.622e-04	{E}
UPI000011F516	MULTIPLE	1	70	177	34	7.597e-07	{RME}
UPI000011F516	WHOLE	1	1	229	22	9.287e-04	{R}
UPI000011F6D8	SINGLE	1	218	1030	84	1.015e-05	{E}
UPI000011F6D8	SINGLE	2	74	557	45	1.208e-05	{R}
UPI000011F6D8	SINGLE	3	594	939	42	4.182e-05	{V}
UPI000011F6D8	SINGLE	4	423	446	7	2.150e-04	{D}
UPI000011F6D8	SINGLE	5	1066	1319	15	3.652e-04	{M}
UPI000011F6D8	SINGLE	6	414	435	6	4.771e-04	{I}
UPI000011F6D8	SINGLE	7	1022	1078	11	4.925e-04	{K}
UPI000011F6D8	MULTIPLE	1	71	1036	377	1.544e-13	{ERVDI}
UPI000011F6D8	WHOLE	1	1	1342	122	4.905e-05	{E}
UPI000011F6D8	WHOLE	2	1	1342	90	3.458e-04	{R}
UPI00001250CC	SINGLE	1	7	280	28	9.082e-05	{R}
UPI00001250CC	SINGLE	2	172	285	10	1.664e-04	{M}
UPI00001250CC	SINGLE	3	265	301	10	3.371e-04	{A}
UPI00001250CC	SINGLE	4	504	611	17	4.949e-04	{G}
UPI00001250CC	SINGLE	5	403	478	10	5.726e-04	{F}
UPI00001250CC	MULTIPLE	1	171	201	17	2.230e-07	{RMA}
UPI00001251B5	SINGLE	1	281	302	8	3.704e-06	{P}
UPI00001251B5	SINGLE	2	111	212	11	1.267e-05	{M}
UPI00001251B5	SINGLE	3	122	185	14	2.676e-04	{A}
UPI00001251B5	SINGLE	4	27	49	4	4.271e-04	{C}
UPI00001251B5	SINGLE	5	80	112	8	5.996e-04	{K}
UPI00001251B5	MULTIPLE	1	107	212	28	9.302e-07	{MA}
UPI00001251B5	WHOLE	1	1	304	17	2.927e-04	{M}
UPI000012534F	SINGLE	1	16	66	10	8.872e-05	{P}
UPI000012534F	SINGLE	2	146	164	7	2.079e-04	{S}
UPI000012534F	SINGLE	3	101	148	5	6.595e-04	{W}
UPI000012534F	SINGLE	4	22	38	5	8.659e-04	{R}
UPI000012534F	MULTIPLE	1	16	66	15	3.875e-05	{PR}
UPI0000125396	SINGLE	1	99	172	21	1.208e-07	{A}
UPI0000125396	SINGLE	2	29	394	36	3.244e-06	{Q}
UPI0000125396	SINGLE	3	308	378	14	1.237e-04	{V}
UPI0000125396	MULTIPLE	1	29	394	115	1.695e-09	{AQV}
UPI0000125396	WHOLE	1	1	397	36	1.771e-05	{Q}
UPI0000125397	SINGLE	1	104	125	8	2.126e-06	{Q}
UPI0000125397	SINGLE	2	324	454	22	2.571e-05	{V}
UPI0000125397	SINGLE	3	294	311	8	2.760e-05	{A}
UPI0000125397	SINGLE	4	1003	1029	9	2.861e-05	{V}
UPI0000125397	SINGLE	5	5	19	6	4.559e-05	{I}
UPI0000125397	SINGLE	6	994	1010	7	5.515e-05	{G}
UPI0000125397	SINGLE	7	76	1011	39	6.820e-05	{M}
UPI0000125397	SINGLE	8	316	682	30	8.225e-05	{F}
UPI0000125397	SINGLE	9	1019	1033	5	1.842e-04	{F}
UPI0000125397	SINGLE	10	876	989	22	4.040e-04	{L}
UPI0000125397	SINGLE	11	234	500	25	9.465e-04	{I}
UPI0000125397	MULTIPLE	1	57	1033	246	4.363e-10	{VMFI}
UPI0000125397	MULTIPLE	2	994	1029	20	1.552e-07	{VGF}
UPI0000125397	WHOLE	1	1	1049	42	8.672e-05	{M}
UPI0000125397	WHOLE	2	1	1049	97	1.235e-04	{V}
UPI0000125399	SINGLE	1	98	177	21	4.936e-07	{A}
UPI0000125399	SINGLE	2	87	371	25	4.200e-04	{Q}
UPI0000125399	SINGLE	3	187	204	6	4.891e-04	{T}
UPI0000125399	SINGLE	4	34	360	36	6.998e-04	{V}
UPI0000125399	MULTIPLE	1	38	340	84	1.111e-06	{QTV}
UPI00001253A1	SINGLE	1	61	122	13	1.141e-04	{E}
UPI00001253B0	SINGLE	1	395	414	5	9.090e-06	{W}
UPI00001253B0	SINGLE	2	134	219	15	2.832e-04	{V}
UPI00001253B0	SINGLE	3	266	528	32	3.725e-04	{G}
UPI00001253B0	SINGLE	4	281	318	7	4.150e-04	{Y}
UPI00001253B0	SINGLE	5	143	157	6	5.574e-04	{A}
UPI00001253B0	SINGLE	6	478	497	5	7.789e-04	{F}
UPI00001253B0	MULTIPLE	1	134	219	26	7.768e-05	{VA}
UPI00001253B0	MULTIPLE	2	263	528	46	1.994e-04	{GY}
UPI00001256AF	SINGLE	1	234	249	6	6.935e-05	{I}
UPI00001256AF	SINGLE	2	19	33	5	2.936e-04	{Q}
UPI00001256AF	SINGLE	3	162	176	5	2.936e-04	{Q}
UPI0000125725	SINGLE	1	156	504	42	7.790e-05	{G}
UPI0000125725	SINGLE	2	193	232	11	1.490e-04	{A}
UPI0000125725	SINGLE	3	149	499	31	7.050e-04	{I}
UPI0000125725	MULTIPLE	1	149	511	112	6.250e-08	{GAI}
UPI00001258A6	SINGLE	1	48	202	29	1.065e-04	{L}
UPI00001258A6	SINGLE	2	37	55	7	2.079e-04	{S}
UPI00001258C2	SINGLE	1	184	328	23	5.736e-05	{G}
UPI00001258C2	SINGLE	2	3	111	20	1.934e-04	{A}
UPI00001258C2	SINGLE	3	7	21	5	4.635e-04	{R}
UPI00001258C2	MULTIPLE	1	3	111	30	1.563e-05	{AR}
UPI0000125914	SINGLE	1	156	171	6	3.084e-04	{E}
UPI000012597A	SINGLE	1	130	160	12	6.120e-09	{P}
UPI000012597A	SINGLE	2	198	212	7	2.093e-05	{G}
UPI000012597A	SINGLE	3	99	153	12	1.368e-04	{V}
UPI000012597A	SINGLE	4	428	442	6	1.598e-04	{T}
UPI000012597A	SINGLE	5	192	222	7	5.531e-04	{I}
UPI000012597A	SINGLE	6	163	188	7	6.865e-04	{T}
UPI000012597A	MULTIPLE	1	121	153	19	1.257e-10	{PV}
UPI000012597A	MULTIPLE	2	189	222	15	1.582e-06	{GI}
UPI000012597E	SINGLE	1	25	83	14	1.527e-05	{V}
UPI000012597E	SINGLE	2	334	351	6	4.810e-04	{K}
UPI000012597E	SINGLE	3	176	205	8	4.831e-04	{G}
UPI000012597E	SINGLE	4	171	194	6	5.903e-04	{P}
UPI000012597E	MULTIPLE	1	171	205	14	1.035e-05	{GP}
UPI00001259DF	SINGLE	1	15	62	9	2.744e-04	{P}
UPI0000125A44	SINGLE	1	171	371	41	8.276e-11	{G}
UPI0000125A44	SINGLE	2	4	316	47	7.915e-06	{A}
UPI0000125A44	SINGLE	3	63	418	43	3.873e-05	{V}
UPI0000125A44	SINGLE	4	37	394	34	1.264e-04	{I}
UPI0000125A44	SINGLE	5	93	107	5	2.875e-04	{N}
UPI0000125A44	SINGLE	6	1	45	6	3.701e-04	{M}
UPI0000125A44	MULTIPLE	1	1	404	205	4.072e-22	{GAVIM}
UPI0000125A44	WHOLE	1	1	428	60	2.558e-08	{G}
UPI0000125A44	WHOLE	2	1	428	55	1.028e-04	{A}
UPI0000125A44	WHOLE	3	1	428	46	2.802e-04	{V}
UPI0000125A44	WHOLE	4	1	428	36	6.903e-04	{I}
UPI0000125BF9	SINGLE	1	16	108	22	2.040e-05	{L}
UPI0000125BF9	SINGLE	2	200	216	6	7.586e-05	{P}
UPI0000125D69	SINGLE	1	29	67	11	2.203e-05	{V}
UPI0000125D69	SINGLE	2	136	154	6	8.541e-04	{E}
UPI0000125D69	SINGLE	3	63	152	14	8.660e-04	{T}
UPI0000125D6C	SINGLE	1	7	209	31	1.564e-04	{A}
UPI0000125D6C	SINGLE	2	234	256	7	4.607e-04	{G}
UPI0000125D6C	SINGLE	3	106	179	7	9.628e-04	{M}
UPI0000125D6C	MULTIPLE	1	1	212	42	8.083e-06	{AM}
UPI0000125D8C	SINGLE	1	108	209	15	7.815e-05	{R}
UPI0000125D9E	SINGLE	1	78	151	16	1.386e-05	{E}
UPI0000125D9E	SINGLE	2	32	77	12	2.219e-05	{V}
UPI0000125D9E	SINGLE	3	79	153	12	6.985e-05	{Q}
UPI0000125D9E	SINGLE	4	6	686	90	1.252e-04	{L}
UPI0000125D9E	SINGLE	5	747	766	7	1.586e-04	{E}
UPI0000125D9E	SINGLE	6	238	281	9	1.689e-04	{R}
UPI0000125D9E	SINGLE	7	725	739	5	2.936e-04	{Q}
UPI0000125D9E	SINGLE	8	462	496	9	2.937e-04	{G}
UPI0000125D9E	SINGLE	9	1	44	6	3.279e-04	{M}
UPI0000125D9E	SINGLE	10	337	648	32	3.663e-04	{D}
UPI0000125D9E	SINGLE	11	746	771	4	5.295e-04	{W}
UPI0000125D9E	SINGLE	12	350	418	10	5.783e-04	{Q}
UPI0000125D9E	SINGLE	13	84	100	5	8.659e-04	{R}
UPI0000125D9E	MULTIPLE	1	78	153	35	3.098e-10	{EQR}
UPI0000125D9E	MULTIPLE	2	12	77	19	1.619e-06	{VM}
UPI0000125D9E	MULTIPLE	3	3	686	177	2.856e-06	{LDQ}
UPI0000125D9E	MULTIPLE	4	746	766	10	1.496e-06	{EW}
UPI0000125D9E	WHOLE	1	1	778	97	4.796e-04	{L}
UPI0000125DAB	SINGLE	1	5	448	78	1.419e-08	{L}
UPI0000125DAB	SINGLE	2	194	256	14	3.282e-05	{V}
UPI0000125DAB	SINGLE	3	9	332	46	3.705e-05	{A}
UPI0000125DAB	SINGLE	4	263	277	4	2.419e-04	{M}
UPI0000125DAB	MULTIPLE	1	5	459	196	3.953e-16	{LVAM}
UPI0000125DAB	WHOLE	1	1	460	79	3.034e-08	{L}
UPI0000125DAB	WHOLE	2	1	460	56	3.162e-04	{A}
UPI0000125DAE	SINGLE	1	159	194	9	3.141e-04	{V}
UPI0000125DAE	SINGLE	2	188	203	6	3.425e-04	{G}
UPI0000125DAE	SINGLE	3	204	296	17	5.565e-04	{A}
UPI0000125DAE	MULTIPLE	1	174	194	11	1.713e-05	{VG}
UPI0000125E4A	SINGLE	1	248	262	5	2.936e-04	{Q}
UPI0000125E4A	SINGLE	2	79	328	34	6.120e-04	{A}
UPI0000125E4A	SINGLE	3	212	231	4	7.691e-04	{H}
UPI0000125E4A	MULTIPLE	1	79	331	59	4.481e-05	{QAH}
UPI000012602F	SINGLE	1	130	145	6	3.084e-04	{E}
UPI000012602F	SINGLE	2	149	164	5	7.294e-04	{I}
UPI000012602F	SINGLE	3	55	70	6	8.219e-04	{A}
UPI00001260B0	SINGLE	1	4	61	18	2.113e-06	{L}
UPI00001260BD	SINGLE	1	7	29	8	2.057e-04	{A}
UPI00001260C1	SINGLE	1	5	100	25	9.867e-07	{L}
UPI00001260C1	SINGLE	2	22	36	5	5.275e-04	{I}
UPI00001260C1	MULTIPLE	1	5	100	34	1.074e-07	{LI}
UPI00001260C1	WHOLE	1	1	222	42	3.411e-06	{L}
UPI00001260C3	SINGLE	1	18	164	27	2.331e-04	{L}
UPI00001260C3	SINGLE	2	176	196	6	3.649e-04	{I}
UPI00001260EE	SINGLE	1	53	196	16	1.245e-04	{F}
UPI00001260EE	SINGLE	2	321	336	5	4.001e-04	{N}
UPI00001260F9	SINGLE	1	175	219	10	2.952e-05	{P}
UPI00001260F9	SINGLE	2	131	159	7	1.636e-04	{N}
UPI00001260F9	SINGLE	3	59	83	7	2.820e-04	{D}
UPI00001260F9	SINGLE	4	276	297	7	3.432e-04	{G}
UPI000012610C	SINGLE	1	38	587	58	4.751e-10	{Q}
UPI000012610C	SINGLE	2	5	99	22	2.863e-05	{L}
UPI000012610C	SINGLE	3	124	215	15	1.201e-04	{D}
UPI000012610C	SINGLE	4	455	469	4	2.419e-04	{M}
UPI000012610C	SINGLE	5	292	307	5	4.001e-04	{N}
UPI000012610C	WHOLE	1	1	617	58	2.684e-08	{Q}
UPI0000126121	SINGLE	1	51	150	16	2.347e-05	{I}
UPI0000126121	WHOLE	1	1	152	19	1.273e-04	{I}
UPI00001262B2	SINGLE	1	1	419	27	5.984e-07	{M}
UPI00001262B2	SINGLE	2	172	435	28	7.850e-05	{I}
UPI00001262B2	SINGLE	3	374	411	11	9.130e-05	{A}
UPI00001262B2	SINGLE	4	8	440	33	1.366e-04	{F}
UPI00001262B2	SINGLE	5	73	91	7	3.444e-04	{A}
UPI00001262B2	SINGLE	6	95	131	9	3.882e-04	{V}
UPI00001262B2	SINGLE	7	17	38	8	4.250e-04	{L}
UPI00001262B2	SINGLE	8	97	185	15	5.007e-04	{G}
UPI00001262B2	SINGLE	9	290	304	6	5.574e-04	{A}
UPI00001262B2	SINGLE	10	159	236	11	7.275e-04	{P}
UPI00001262B2	MULTIPLE	1	1	440	265	4.892e-19	{MIAFLGP}
UPI00001262B2	WHOLE	1	1	440	27	1.472e-06	{M}
UPI00001262B2	WHOLE	2	1	440	33	1.791e-04	{F}
UPI00001262B2	WHOLE	3	1	440	38	3.313e-04	{I}
UPI00001262B4	SINGLE	1	7	600	61	4.627e-08	{I}
UPI00001262B4	SINGLE	2	412	533	17	1.628e-05	{Q}
UPI00001262B4	SINGLE	3	1	23	5	1.114e-04	{M}
UPI00001262B4	SINGLE	4	196	214	8	1.342e-04	{L}
UPI00001262B4	MULTIPLE	1	12	606	170	5.584e-10	{IQL}
UPI00001262B4	WHOLE	1	1	608	61	1.018e-07	{I}
UPI00001268A2	SINGLE	1	80	347	35	5.930e-05	{G}
UPI00001268A2	SINGLE	2	342	495	12	1.205e-04	{H}
UPI00001268A2	SINGLE	3	507	531	7	1.370e-04	{I}
UPI00001268A2	MULTIPLE	1	80	499	64	6.401e-06	{GH}
UPI00001268A2	WHOLE	1	1	556	58	2.089e-04	{G}
UPI0000126933	SINGLE	1	106	142	9	3.882e-04	{V}
UPI0000126B26	SINGLE	1	56	264	26	1.107e-06	{Q}
UPI0000126B26	SINGLE	2	2	151	25	1.649e-04	{A}
UPI0000126B26	SINGLE	3	212	252	8	6.286e-04	{I}
UPI0000126B26	MULTIPLE	1	56	264	43	3.356e-07	{QI}
UPI0000126B26	WHOLE	1	1	266	26	6.734e-05	{Q}
UPI0000126E09	SINGLE	1	245	332	18	9.985e-05	{A}
UPI0000126E09	SINGLE	2	344	358	5	4.635e-04	{R}
UPI0000126E09	SINGLE	3	61	151	15	6.280e-04	{G}
UPI0000126E1F	SINGLE	1	225	495	35	1.628e-07	{I}
UPI0000126E1F	SINGLE	2	27	409	21	3.745e-07	{W}
UPI0000126E1F	SINGLE	3	15	349	31	6.771e-06	{F}
UPI0000126E1F	SINGLE	4	283	300	4	5.076e-04	{M}
UPI0000126E1F	SINGLE	5	38	61	7	5.364e-04	{V}
UPI0000126E1F	MULTIPLE	1	10	495	123	8.195e-15	{IWFM}
UPI0000126E1F	WHOLE	1	1	504	23	2.316e-06	{W}
UPI0000126E1F	WHOLE	2	1	504	47	1.469e-05	{I}
UPI0000126E1F	WHOLE	3	1	504	37	1.209e-04	{F}
UPI0000126F3C	SINGLE	1	272	369	10	4.880e-05	{H}
UPI0000126F3C	SINGLE	2	134	167	9	7.625e-04	{A}
UPI0000127286	SINGLE	1	62	407	33	8.811e-05	{R}
UPI0000127286	SINGLE	2	81	115	8	4.587e-04	{D}
UPI0000127286	SINGLE	3	223	309	8	5.223e-04	{H}
UPI0000127286	MULTIPLE	1	119	364	36	1.258e-05	{RH}
UPI0000127286	WHOLE	1	1	412	36	2.282e-04	{R}
UPI00001272D6	SINGLE	1	2	204	16	7.713e-08	{W}
UPI00001272D6	SINGLE	2	63	113	14	2.089e-05	{A}
UPI00001272D6	SINGLE	3	210	227	8	8.554e-05	{L}
UPI00001272D6	SINGLE	4	68	96	5	3.445e-04	{M}
UPI00001272D6	SINGLE	5	220	244	6	8.417e-04	{R}
UPI00001272D6	MULTIPLE	1	63	127	28	1.093e-10	{WAM}
UPI00001272D6	MULTIPLE	2	210	244	16	4.989e-06	{LR}
UPI00001272D6	WHOLE	1	1	245	17	1.886e-07	{W}
UPI00001272DC	SINGLE	1	21	40	9	1.640e-06	{V}
UPI00001272DC	SINGLE	2	44	61	6	1.244e-04	{R}
UPI00001272DC	SINGLE	3	5	20	5	2.574e-04	{F}
UPI00001272DC	SINGLE	4	52	66	5	2.936e-04	{Q}
UPI00001272DC	MULTIPLE	1	42	66	12	4.966e-07	{RQ}
UPI00001272EA	SINGLE	1	80	163	18	4.730e-06	{V}
UPI00001272EA	SINGLE	2	167	183	6	5.013e-05	{Q}
UPI00001272EA	SINGLE	3	234	265	10	9.391e-05	{A}
UPI00001272EA	SINGLE	4	22	36	5	2.936e-04	{Q}
UPI00001272EA	SINGLE	5	114	128	5	4.635e-04	{R}
UPI00001272EA	MULTIPLE	1	80	163	25	2.682e-06	{VR}
UPI00001277BA	SINGLE	1	58	108	15	4.347e-07	{V}
UPI00001277BA	SINGLE	2	126	159	10	5.619e-04	{L}
UPI00001277BA	SINGLE	3	31	73	8	8.623e-04	{I}
UPI00001277BA	MULTIPLE	1	31	108	27	4.983e-08	{VI}
UPI00001277BA	WHOLE	1	1	167	22	7.311e-04	{V}
UPI00001277C4	SINGLE	1	40	107	16	4.291e-05	{A}
UPI00001277C4	SINGLE	2	60	204	18	4.325e-05	{Q}
UPI00001277C4	SINGLE	3	95	120	7	3.644e-04	{D}
UPI00001277C4	SINGLE	4	136	165	5	4.045e-04	{M}
UPI00001277C4	MULTIPLE	1	38	210	67	5.797e-09	{AQDM}
UPI00001277C4	WHOLE	1	1	214	20	6.670e-04	{Q}
UPI00001279B9	SINGLE	1	23	265	36	9.598e-05	{A}
UPI00001279B9	SINGLE	2	9	300	28	2.441e-04	{R}
UPI00001279B9	MULTIPLE	1	4	300	67	8.212e-07	{AR}
UPI00001279B9	WHOLE	1	1	302	28	4.012e-04	{R}
UPI00001279B9	WHOLE	2	1	302	39	7.070e-04	{A}
UPI0000127A3B	SINGLE	1	49	64	5	7.294e-04	{I}
UPI0000127A40	SINGLE	1	199	219	11	5.369e-07	{L}
UPI0000127A40	WHOLE	1	1	292	48	3.183e-05	{L}
UPI0000127A4B	SINGLE	1	67	107	11	1.876e-04	{A}
UPI0000127A4B	SINGLE	2	2	36	5	8.250e-04	{H}
UPI0000127B09	SINGLE	1	281	358	14	2.018e-05	{I}
UPI0000127B09	SINGLE	2	5	196	26	1.909e-04	{E}
UPI0000127B09	SINGLE	3	191	206	5	6.419e-04	{R}
UPI0000127B09	MULTIPLE	1	5	206	45	3.640e-06	{ER}
UPI0000127B0F	SINGLE	1	410	565	28	6.735e-07	{E}
UPI0000127B0F	SINGLE	2	144	819	57	1.722e-05	{R}
UPI0000127B0F	SINGLE	3	206	312	18	1.586e-04	{G}
UPI0000127B0F	SINGLE	4	3	126	24	2.264e-04	{L}
UPI0000127B0F	SINGLE	5	818	832	5	2.936e-04	{Q}
UPI0000127B0F	SINGLE	6	622	638	4	4.036e-04	{M}
UPI0000127B0F	SINGLE	7	114	139	8	5.129e-04	{A}
UPI0000127B0F	SINGLE	8	360	378	4	6.290e-04	{H}
UPI0000127B0F	SINGLE	9	347	420	11	7.239e-04	{I}
UPI0000127B0F	SINGLE	10	11	195	18	7.552e-04	{Q}
UPI0000127B0F	SINGLE	11	286	398	19	7.707e-04	{A}
UPI0000127B0F	MULTIPLE	1	155	798	186	2.919e-11	{ERMI}
UPI0000127B0F	MULTIPLE	2	11	177	61	2.904e-06	{LAQ}
UPI0000127B0F	MULTIPLE	3	281	398	25	1.495e-04	{HA}
UPI0000127B0F	WHOLE	1	1	857	66	5.810e-05	{R}
UPI0000127B0F	WHOLE	2	1	857	83	8.590e-05	{E}
UPI0000127B3A	SINGLE	1	1	167	12	2.480e-04	{M}
UPI0000127B9D	SINGLE	1	124	272	16	1.701e-07	{M}
UPI0000127B9D	SINGLE	2	13	367	33	2.219e-04	{I}
UPI0000127B9D	SINGLE	3	170	225	10	2.368e-04	{R}
UPI0000127B9D	SINGLE	4	290	318	7	2.640e-04	{P}
UPI0000127B9D	SINGLE	5	7	63	14	3.775e-04	{L}
UPI0000127B9D	SINGLE	6	388	486	20	3.949e-04	{L}
UPI0000127B9D	SINGLE	7	456	477	6	4.110e-04	{R}
UPI0000127B9D	MULTIPLE	1	20	375	81	4.006e-09	{MIR}
UPI0000127B9D	MULTIPLE	2	402	478	23	1.606e-04	{LR}
UPI0000127B9D	WHOLE	1	1	486	24	1.374e-04	{M}
UPI0000127CDD	SINGLE	1	88	102	6	2.215e-05	{Q}
UPI0000127CDD	SINGLE	2	157	197	12	3.991e-05	{A}
UPI0000127CDD	SINGLE	3	19	61	12	6.582e-05	{A}
UPI0000127CDD	SINGLE	4	108	132	8	1.088e-04	{V}
UPI0000127CDD	WHOLE	1	1	206	30	4.142e-04	{A}
UPI0000127F09	SINGLE	1	97	120	8	9.294e-06	{R}
UPI0000127F09	SINGLE	2	65	80	6	1.920e-05	{F}
UPI0000127F09	SINGLE	3	8	182	26	4.478e-05	{E}
UPI0000127F09	SINGLE	4	244	258	5	5.275e-04	{I}
UPI0000127F09	SINGLE	5	132	240	21	5.430e-04	{L}
UPI0000127F09	SINGLE	6	30	85	10	7.235e-04	{D}
UPI0000127F09	MULTIPLE	1	7	233	105	2.827e-11	{RELD}
UPI0000127F1D	SINGLE	1	3	291	36	3.721e-06	{D}
UPI0000127F1D	SINGLE	2	182	199	7	7.448e-05	{E}
UPI0000127F1D	SINGLE	3	41	281	25	2.388e-04	{I}
UPI0000127F1D	SINGLE	4	57	165	9	5.237e-04	{M}
UPI0000127F1D	SINGLE	5	2	24	7	7.500e-04	{S}
UPI0000127F1D	MULTIPLE	1	41	284	89	1.194e-10	{DEIM}
UPI0000127F1D	WHOLE	1	1	292	36	4.668e-06	{D}
UPI000012832E	SINGLE	1	159	186	12	2.388e-06	{L}
UPI000012832E	SINGLE	2	15	30	8	3.052e-05	{L}
UPI000012832E	SINGLE	3	69	296	23	3.973e-04	{R}
UPI000012832E	SINGLE	4	333	347	5	4.135e-04	{P}
UPI000012832E	SINGLE	5	376	395	6	5.140e-04	{D}
UPI000012832E	SINGLE	6	289	360	10	7.724e-04	{N}
UPI000012832E	MULTIPLE	1	65	296	60	7.266e-07	{LR}
UPI000012832E	WHOLE	1	1	457	65	1.314e-04	{L}
UPI000012833C	SINGLE	1	38	150	19	3.267e-07	{Q}
UPI000012833C	SINGLE	2	151	165	8	2.783e-06	{S}
UPI000012833C	SINGLE	3	1	140	10	7.914e-04	{M}
UPI000012833C	MULTIPLE	1	38	148	26	7.220e-09	{QM}
UPI000012833C	WHOLE	1	1	166	20	2.636e-05	{Q}
UPI000012833F	SINGLE	1	5	190	37	3.804e-06	{L}
UPI000012833F	SINGLE	2	33	51	6	3.810e-04	{D}
UPI000012833F	SINGLE	3	103	117	5	4.635e-04	{R}
UPI000012833F	MULTIPLE	1	5	198	69	7.863e-08	{LDR}
UPI000012833F	WHOLE	1	1	232	41	2.174e-05	{L}
UPI000012852A	SINGLE	1	16	123	27	1.229e-09	{G}
UPI000012852A	SINGLE	2	31	145	16	2.709e-05	{N}
UPI000012852A	SINGLE	3	6	20	6	5.574e-04	{A}
UPI000012852A	MULTIPLE	1	21	145	44	5.351e-13	{GN}
UPI000012852A	WHOLE	1	1	151	29	1.526e-07	{G}
UPI000012852A	WHOLE	2	1	151	16	5.676e-04	{N}
UPI0000128531	SINGLE	1	83	100	5	4.662e-04	{F}
UPI0000128532	SINGLE	1	28	134	16	1.117e-05	{N}
UPI0000128532	WHOLE	1	1	138	16	2.197e-04	{N}
UPI000012853C	SINGLE	1	56	300	32	2.203e-07	{R}
UPI000012853C	SINGLE	2	5	411	65	4.702e-06	{L}
UPI000012853C	SINGLE	3	130	269	16	2.694e-04	{Q}
UPI000012853C	SINGLE	4	383	403	6	2.747e-04	{P}
UPI000012853C	SINGLE	5	202	223	6	3.601e-04	{P}
UPI000012853C	MULTIPLE	1	56	365	107	5.327e-12	{RLQ}
UPI000012853C	WHOLE	1	1	426	66	1.042e-05	{L}
UPI000012853C	WHOLE	2	1	426	38	1.102e-04	{R}
UPI00001286D8	SINGLE	1	355	396	14	1.562e-13	{M}
UPI00001286D8	SINGLE	2	381	505	16	1.467e-08	{H}
UPI00001286D8	SINGLE	3	53	123	15	4.130e-05	{G}
UPI00001286D8	SINGLE	4	265	341	12	1.766e-04	{P}
UPI00001286D8	SINGLE	5	33	99	12	5.724e-04	{T}
UPI00001286D8	SINGLE	6	392	418	6	7.524e-04	{N}
UPI00001286D8	SINGLE	7	164	201	8	8.027e-04	{D}
UPI00001286D8	SINGLE	8	268	300	8	8.166e-04	{V}
UPI00001286D8	MULTIPLE	1	355	511	37	2.774e-17	{MH}
UPI00001286D8	MULTIPLE	2	41	123	26	6.274e-06	{GT}
UPI00001286D8	MULTIPLE	3	265	341	21	5.307e-05	{PV}
UPI00001286D8	WHOLE	1	1	516	29	3.365e-06	{M}
UPI00001286D8	WHOLE	2	1	516	23	6.805e-04	{H}
UPI00001286DC	SINGLE	1	112	130	4	1.994e-04	{C}
UPI00001286FB	SINGLE	1	3	17	6	4.559e-05	{I}
UPI00001286FB	SINGLE	2	87	293	25	6.355e-04	{T}
UPI0000128712	SINGLE	1	18	40	9	2.916e-05	{A}
UPI0000128713	SINGLE	1	111	236	22	1.989e-04	{A}
UPI0000128713	SINGLE	2	7	28	4	3.587e-04	{C}
UPI00001288E3	SINGLE	1	97	111	5	1.898e-06	{W}
UPI00001288E3	SINGLE	2	134	170	8	6.634e-05	{F}
UPI00001288E3	SINGLE	3	29	217	13	2.147e-04	{M}
UPI00001288E3	MULTIPLE	1	21	217	24	2.416e-07	{WM}
UPI00001288E3	WHOLE	1	1	235	14	5.087e-04	{M}
UPI00001288E3	WHOLE	2	1	235	11	6.645e-04	{W}
UPI0000128B71	SINGLE	1	42	459	39	4.481e-07	{F}
UPI0000128B71	SINGLE	2	112	431	44	1.419e-06	{V}
UPI0000128B71	SINGLE	3	249	267	7	1.944e-05	{I}
UPI0000128B71	SINGLE	4	98	136	6	2.175e-05	{W}
UPI0000128B71	SINGLE	5	28	63	9	4.136e-05	{I}
UPI0000128B71	SINGLE	6	34	53	7	1.789e-04	{G}
UPI0000128B71	SINGLE	7	43	423	20	2.116e-04	{M}
UPI0000128B71	SINGLE	8	305	319	6	3.585e-04	{S}
UPI0000128B71	SINGLE	9	432	458	9	3.896e-04	{L}
UPI0000128B71	SINGLE	10	294	345	12	4.248e-04	{A}
UPI0000128B71	SINGLE	11	133	151	7	8.828e-04	{L}
UPI0000128B71	MULTIPLE	1	56	431	177	2.558e-17	{FVIWMA}
UPI0000128B71	MULTIPLE	2	28	64	17	1.602e-07	{IG}
UPI0000128B71	WHOLE	1	1	470	39	6.677e-06	{F}
UPI0000128B71	WHOLE	2	1	470	51	1.187e-04	{V}
UPI0000128C44	SINGLE	1	79	219	26	2.404e-05	{A}
UPI0000128C44	SINGLE	2	96	112	4	1.265e-04	{C}
UPI0000128C44	MULTIPLE	1	79	219	31	4.458e-06	{AC}
UPI0000128C5E	SINGLE	1	1	108	11	2.150e-05	{M}
UPI0000128C5E	SINGLE	2	84	98	5	5.275e-04	{I}
UPI0000128C5E	SINGLE	3	30	93	12	5.598e-04	{V}
UPI0000128C5E	MULTIPLE	1	15	108	34	2.381e-08	{MIV}
UPI0000128C5E	WHOLE	1	1	109	11	2.343e-05	{M}
UPI0000128CC1	SINGLE	1	229	259	8	5.305e-04	{V}
UPI0000128CE2	SINGLE	1	24	109	19	2.256e-05	{A}
UPI0000128CE2	SINGLE	2	135	151	8	5.235e-05	{L}
UPI0000128CE2	SINGLE	3	216	446	29	4.048e-04	{G}
UPI0000128CE2	SINGLE	4	88	309	22	6.384e-04	{R}
UPI0000128CE2	SINGLE	5	244	268	7	6.967e-04	{V}
UPI0000128CE2	MULTIPLE	1	215	311	37	1.400e-06	{GRV}
UPI0000128D4C	SINGLE	1	22	276	46	4.535e-06	{L}
UPI0000128D4C	SINGLE	2	150	168	7	1.092e-04	{V}
UPI0000128D4C	MULTIPLE	1	28	276	72	5.578e-08	{LV}
UPI0000128D4C	WHOLE	1	1	291	47	5.679e-05	{L}
UPI0000128D72	SINGLE	1	70	124	11	5.410e-05	{I}
UPI0000128D72	SINGLE	2	2	20	6	6.596e-04	{K}
UPI0000128DD7	SINGLE	1	143	157	6	5.574e-04	{A}
UPI0000128DD7	SINGLE	2	220	237	5	7.186e-04	{N}
UPI0000128DF6	SINGLE	1	35	57	9	2.916e-05	{A}
UPI0000128DF6	SINGLE	2	89	108	4	7.691e-04	{M}
UPI0000128E46	SINGLE	1	207	229	8	2.057e-04	{A}
UPI0000128EA1	SINGLE	1	26	264	33	2.204e-05	{V}
UPI0000128EA1	SINGLE	2	131	243	19	1.087e-04	{G}
UPI0000128EA1	MULTIPLE	1	26	265	59	6.435e-07	{VG}
UPI0000128EA1	WHOLE	1	1	274	33	2.607e-04	{V}
UPI0000128EA6	SINGLE	1	71	85	5	4.135e-04	{P}
UPI0000128EA6	SINGLE	2	97	116	7	4.883e-04	{A}
UPI0000128EA6	SINGLE	3	188	205	4	5.076e-04	{H}
UPI0000128EA6	SINGLE	4	142	173	8	6.615e-04	{V}
UPI0000128EB0	SINGLE	1	15	240	29	2.097e-04	{V}
UPI0000128EB0	SINGLE	2	210	270	12	4.359e-04	{G}
UPI0000128EB0	SINGLE	3	31	209	19	6.390e-04	{R}
UPI0000128EB0	SINGLE	4	211	226	6	8.219e-04	{A}
UPI0000128EB0	MULTIPLE	1	15	267	99	1.019e-06	{VGRA}
UPI0000128EB0	WHOLE	1	1	274	31	9.707e-04	{V}
UPI0000128EF7	SINGLE	1	11	88	19	5.332e-06	{A}
UPI0000128EF7	WHOLE	1	1	90	19	4.280e-05	{A}
UPI0000128FA5	SINGLE	1	131	145	4	2.419e-04	{M}
UPI0000128FA5	SINGLE	2	225	243	6	3.810e-04	{D}
UPI0000128FA5	SINGLE	3	67	173	7	9.482e-04	{W}
UPI0000128FA5	MULTIPLE	1	67	194	16	1.536e-05	{MW}
UPI0000128FC8	SINGLE	1	569	678	11	2.542e-05	{M}
UPI0000128FC8	SINGLE	2	651	671	6	2.747e-04	{P}
UPI0000128FC8	SINGLE	3	449	473	4	4.549e-04	{W}
UPI0000128FC8	SINGLE	4	533	573	11	6.979e-04	{L}
UPI0000128FC8	SINGLE	5	178	194	6	7.634e-04	{S}
UPI0000128FC8	MULTIPLE	1	569	678	22	3.593e-06	{MP}
UPI0000128FC8	WHOLE	1	1	715	30	3.411e-04	{M}
UPI0000128FCA	SINGLE	1	417	443	7	1.925e-04	{R}
UPI0000128FCA	SINGLE	2	349	678	18	2.675e-04	{M}
UPI0000128FCA	SINGLE	3	647	661	5	4.135e-04	{P}
UPI0000128FCA	SINGLE	4	449	473	4	4.549e-04	{W}
UPI0000128FCA	SINGLE	5	533	679	26	5.132e-04	{L}
UPI0000128FCA	MULTIPLE	1	394	679	71	3.955e-05	{MPL}
UPI0000128FCA	WHOLE	1	1	713	29	6.475e-04	{M}
UPI0000129038	SINGLE	1	7	336	40	1.276e-07	{I}
UPI0000129038	SINGLE	2	16	31	8	2.775e-06	{G}
UPI0000129038	SINGLE	3	340	374	12	6.881e-06	{A}
UPI0000129038	SINGLE	4	404	431	7	7.159e-05	{F}
UPI0000129038	SINGLE	5	3	427	47	1.362e-04	{V}
UPI0000129038	SINGLE	6	165	211	12	6.556e-04	{L}
UPI0000129038	MULTIPLE	1	2	428	145	5.289e-11	{IVL}
UPI0000129038	WHOLE	1	1	433	43	7.591e-06	{I}
UPI0000129038	WHOLE	2	1	433	47	2.009e-04	{V}
UPI000012903D	SINGLE	1	5	438	50	2.128e-08	{I}
UPI000012903D	SINGLE	2	359	385	11	2.429e-06	{A}
UPI000012903D	SINGLE	3	17	32	7	3.474e-05	{G}
UPI000012903D	SINGLE	4	34	162	21	5.977e-05	{V}
UPI000012903D	SINGLE	5	269	336	8	1.005e-04	{M}
UPI000012903D	SINGLE	6	378	395	5	3.959e-04	{Y}
UPI000012903D	SINGLE	7	2	287	42	7.877e-04	{L}
UPI000012903D	MULTIPLE	1	1	446	248	1.649e-15	{IAGVML}
UPI000012903D	WHOLE	1	1	446	50	4.914e-08	{I}
UPI000012903F	SINGLE	1	5	356	43	3.688e-08	{I}
UPI000012903F	SINGLE	2	410	445	13	1.789e-07	{V}
UPI000012903F	SINGLE	3	73	152	11	1.211e-06	{M}
UPI000012903F	SINGLE	4	122	214	22	1.736e-06	{A}
UPI000012903F	SINGLE	5	11	33	7	4.064e-04	{V}
UPI000012903F	MULTIPLE	1	1	363	142	1.036e-14	{IMAV}
UPI000012903F	WHOLE	1	1	461	49	3.121e-07	{I}
UPI000012903F	WHOLE	2	1	461	25	2.537e-05	{M}
UPI000012903F	WHOLE	3	1	461	58	1.204e-04	{A}
UPI000012903F	WHOLE	4	1	461	48	4.142e-04	{V}
UPI0000129096	SINGLE	1	78	176	12	1.564e-06	{M}
UPI0000129096	SINGLE	2	15	29	4	5.704e-05	{W}
UPI0000129096	SINGLE	3	43	183	18	1.027e-04	{R}
UPI0000129096	MULTIPLE	1	43	183	31	7.092e-09	{MR}
UPI0000129096	WHOLE	1	1	306	19	3.796e-05	{M}
UPI0000129096	WHOLE	2	1	306	28	4.853e-04	{R}
UPI000012909E	SINGLE	1	266	299	9	7.625e-04	{A}
UPI00001290F7	SINGLE	1	99	131	16	2.648e-13	{P}
UPI00001290F7	SINGLE	2	58	92	12	6.881e-06	{A}
UPI00001290F7	SINGLE	3	42	68	7	1.653e-04	{P}
UPI00001290F7	SINGLE	4	108	205	16	2.293e-04	{K}
UPI00001290F7	MULTIPLE	1	39	92	24	5.493e-09	{AP}
UPI00001290F7	WHOLE	1	1	220	31	3.633e-08	{P}
UPI000012917B	SINGLE	1	165	416	39	4.905e-07	{G}
UPI000012917B	SINGLE	2	96	450	35	5.180e-05	{I}
UPI000012917B	SINGLE	3	195	229	7	5.411e-04	{N}
UPI000012917B	SINGLE	4	4	153	16	5.561e-04	{Q}
UPI000012917B	MULTIPLE	1	90	450	103	5.055e-10	{GIN}
UPI000012917B	WHOLE	1	1	455	51	9.233e-05	{G}
UPI000012917D	SINGLE	1	76	331	34	1.248e-07	{I}
UPI000012917D	SINGLE	2	136	297	28	2.075e-06	{G}
UPI000012917D	SINGLE	3	48	224	19	1.671e-04	{N}
UPI000012917D	MULTIPLE	1	63	313	87	1.622e-13	{IGN}
UPI000012917D	WHOLE	1	1	355	38	4.639e-06	{I}
UPI000012919E	SINGLE	1	86	247	31	2.118e-06	{A}
UPI000012919E	SINGLE	2	46	94	9	4.678e-04	{I}
UPI000012919E	SINGLE	3	12	26	5	9.005e-04	{D}
UPI000012919E	MULTIPLE	1	44	247	53	1.678e-07	{AI}
UPI000012919E	WHOLE	1	1	259	40	1.769e-05	{A}
UPI00001291CA	SINGLE	1	97	170	10	4.677e-04	{F}
UPI00001293EB	SINGLE	1	62	687	91	4.361e-06	{L}
UPI00001293EB	SINGLE	2	162	182	8	8.833e-06	{D}
UPI00001293EB	SINGLE	3	115	716	51	3.721e-05	{R}
UPI00001293EB	SINGLE	4	2	17	7	9.989e-05	{A}
UPI00001293EB	SINGLE	5	204	372	22	8.622e-04	{E}
UPI00001293EB	MULTIPLE	1	183	600	136	2.677e-09	{LRE}
UPI00001293EB	WHOLE	1	1	716	96	5.139e-05	{L}
UPI00001293EB	WHOLE	2	1	716	55	2.108e-04	{R}
UPI0000129440	SINGLE	1	167	198	10	5.644e-07	{Q}
UPI0000129440	SINGLE	2	177	192	8	2.775e-06	{G}
UPI0000129440	SINGLE	3	5	30	8	1.697e-04	{G}
UPI0000129440	SINGLE	4	1	249	15	3.002e-04	{M}
UPI0000129440	SINGLE	5	37	130	13	3.948e-04	{R}
UPI0000129440	MULTIPLE	1	176	196	15	1.069e-10	{QG}
UPI0000129440	MULTIPLE	2	1	249	60	3.149e-06	{GMR}
UPI0000129440	WHOLE	1	1	271	24	4.684e-04	{Q}
UPI0000129440	WHOLE	2	1	271	15	6.821e-04	{M}
UPI000012944B	SINGLE	1	139	249	21	9.019e-05	{A}
UPI000012944B	SINGLE	2	19	219	22	2.592e-04	{I}
UPI000012944B	MULTIPLE	1	19	249	53	7.830e-06	{AI}
UPI00001294CA	SINGLE	1	50	196	17	3.185e-05	{Y}
UPI00001294CA	SINGLE	2	146	213	15	1.523e-04	{A}
UPI00001294CA	SINGLE	3	94	160	10	2.132e-04	{F}
UPI00001294CA	MULTIPLE	1	73	196	43	8.115e-08	{YAF}
UPI0000129507	SINGLE	1	27	268	44	5.768e-06	{L}
UPI0000129507	SINGLE	2	48	201	13	2.937e-05	{M}
UPI0000129507	SINGLE	3	186	200	6	2.045e-04	{V}
UPI0000129507	SINGLE	4	121	136	6	3.059e-04	{V}
UPI0000129507	SINGLE	5	5	241	11	7.087e-04	{W}
UPI0000129507	MULTIPLE	1	5	264	97	7.862e-12	{LMVW}
UPI0000129507	WHOLE	1	1	287	18	5.211e-05	{M}
UPI0000129507	WHOLE	2	1	287	46	7.931e-05	{L}
UPI0000129521	SINGLE	1	89	110	8	1.455e-04	{A}
UPI0000129521	SINGLE	2	162	188	8	2.251e-04	{G}
UPI0000129521	SINGLE	3	270	407	17	2.329e-04	{R}
UPI0000129521	SINGLE	4	239	254	5	2.574e-04	{F}
UPI0000129521	SINGLE	5	85	107	6	3.135e-04	{Q}
UPI0000129521	SINGLE	6	36	348	26	6.599e-04	{N}
UPI0000129521	SINGLE	7	72	126	9	7.443e-04	{P}
UPI0000129521	MULTIPLE	1	87	111	17	1.742e-08	{AQP}
UPI0000129521	MULTIPLE	2	36	407	57	3.642e-05	{RN}
UPI0000129552	SINGLE	1	235	270	6	1.079e-04	{M}
UPI0000129552	SINGLE	2	271	403	17	1.523e-04	{R}
UPI0000129552	SINGLE	3	258	446	21	2.869e-04	{I}
UPI0000129552	SINGLE	4	104	191	16	8.251e-04	{A}
UPI0000129552	MULTIPLE	1	227	446	33	2.428e-05	{MI}
UPI0000129564	SINGLE	1	200	221	5	8.914e-05	{M}
UPI0000129564	SINGLE	2	1	15	4	2.419e-04	{M}
UPI0000129564	SINGLE	3	40	63	6	6.720e-04	{R}
UPI0000129564	WHOLE	1	1	245	14	7.426e-04	{M}
UPI00001296D2	SINGLE	1	243	328	18	6.774e-06	{E}
UPI00001296D2	SINGLE	2	975	1147	23	7.040e-06	{R}
UPI00001296D2	SINGLE	3	896	921	9	8.726e-05	{A}
UPI00001296D2	SINGLE	4	49	146	17	1.631e-04	{G}
UPI00001296D2	SINGLE	5	476	490	6	2.062e-04	{E}
UPI00001296D2	SINGLE	6	353	367	6	2.293e-04	{G}
UPI00001296D2	SINGLE	7	831	850	6	2.742e-04	{I}
UPI00001296D2	SINGLE	8	829	844	6	3.425e-04	{G}
UPI00001296D2	SINGLE	9	22	40	7	3.444e-04	{A}
UPI00001296D2	SINGLE	10	201	227	7	4.646e-04	{D}
UPI00001296D2	SINGLE	11	399	807	20	4.880e-04	{M}
UPI00001296D2	SINGLE	12	107	324	22	5.109e-04	{R}
UPI00001296D2	SINGLE	13	705	789	16	5.736e-04	{A}
UPI00001296D2	SINGLE	14	1020	1095	12	6.952e-04	{D}
UPI00001296D2	SINGLE	15	76	150	16	7.587e-04	{L}
UPI00001296D2	SINGLE	16	378	665	29	8.224e-04	{D}
UPI00001296D2	MULTIPLE	1	118	328	50	1.755e-07	{ER}
UPI00001296D2	MULTIPLE	2	975	1147	39	1.523e-06	{RD}
UPI00001296D2	MULTIPLE	3	47	150	35	3.830e-06	{GL}
UPI00001296D2	MULTIPLE	4	829	850	12	1.078e-06	{IG}
UPI00001296D2	MULTIPLE	5	366	792	95	6.773e-05	{MAD}
UPI00001296D2	WHOLE	1	1	1160	78	6.710e-04	{R}
UPI0000129736	SINGLE	1	232	345	19	1.214e-04	{G}
UPI0000129847	SINGLE	1	29	260	18	3.330e-06	{M}
UPI0000129847	SINGLE	2	88	331	32	7.354e-05	{V}
UPI0000129847	SINGLE	3	5	318	31	1.229e-04	{I}
UPI0000129847	SINGLE	4	311	327	7	4.133e-04	{L}
UPI0000129847	MULTIPLE	1	1	331	132	1.619e-12	{MVIL}
UPI0000129847	WHOLE	1	1	339	20	4.847e-05	{M}
UPI0000129847	WHOLE	2	1	339	32	2.091e-04	{I}
UPI000012984A	SINGLE	1	65	298	43	5.548e-06	{L}
UPI000012984A	SINGLE	2	4	198	28	4.256e-05	{V}
UPI000012984A	SINGLE	3	143	244	19	2.244e-04	{A}
UPI000012984A	SINGLE	4	74	128	11	6.364e-04	{G}
UPI000012984A	MULTIPLE	1	74	244	92	6.901e-11	{LVAG}
UPI000012984A	WHOLE	1	1	300	46	2.063e-04	{L}
UPI000012984C	SINGLE	1	165	268	19	2.858e-04	{A}
UPI000012984C	SINGLE	2	195	216	8	4.250e-04	{L}
UPI000012984C	MULTIPLE	1	165	270	35	2.857e-05	{AL}
UPI00001298CA	SINGLE	1	16	59	12	3.534e-04	{L}
UPI00001298E2	SINGLE	1	14	28	6	5.574e-04	{A}
UPI00001298E2	SINGLE	2	130	153	7	6.071e-04	{G}
UPI0000129B39	SINGLE	1	65	100	7	2.965e-04	{Y}
UPI0000129B8C	SINGLE	1	20	42	7	7.500e-04	{S}
UPI0000129E3D	SINGLE	1	38	71	9	6.374e-05	{D}
UPI0000129E3F	SINGLE	1	158	261	21	3.519e-05	{A}
UPI0000129E3F	SINGLE	2	45	69	5	1.683e-04	{H}
UPI0000129E3F	SINGLE	3	33	214	24	5.880e-04	{G}
UPI0000129E3F	SINGLE	4	85	126	8	7.383e-04	{I}
UPI0000129E3F	MULTIPLE	1	28	214	46	2.722e-05	{HGI}
UPI0000129EAE	SINGLE	1	14	324	40	2.649e-08	{I}
UPI0000129EAE	SINGLE	2	493	510	8	8.226e-06	{G}
UPI0000129EAE	SINGLE	3	444	471	8	1.585e-05	{Q}
UPI0000129EAE	SINGLE	4	339	379	9	2.088e-05	{F}
UPI0000129EAE	SINGLE	5	186	200	6	3.887e-05	{R}
UPI0000129EAE	SINGLE	6	405	422	7	5.542e-05	{T}
UPI0000129EAE	SINGLE	7	464	487	6	7.779e-04	{I}
UPI0000129EAE	SINGLE	8	53	496	16	7.924e-04	{W}
UPI0000129EAE	SINGLE	9	206	295	18	8.111e-04	{L}
UPI0000129EAE	MULTIPLE	1	14	496	67	1.950e-09	{IW}
UPI0000129EAE	MULTIPLE	2	457	475	10	1.786e-06	{QI}
UPI0000129EAE	WHOLE	1	1	512	51	1.182e-06	{I}
UPI0000129EF2	SINGLE	1	170	193	12	6.866e-09	{E}
UPI0000129EF2	SINGLE	2	10	481	39	3.767e-04	{R}
UPI0000129EF2	SINGLE	3	208	427	27	6.197e-04	{V}
UPI0000129EF2	SINGLE	4	27	302	28	8.845e-04	{D}
UPI0000129EF2	MULTIPLE	1	2	481	119	2.454e-06	{RVD}
UPI0000129EF2	WHOLE	1	1	490	39	7.233e-04	{R}
UPI0000129FE0	SINGLE	1	57	150	14	4.107e-05	{Q}
UPI0000129FE0	WHOLE	1	1	220	20	9.137e-04	{Q}
UPI000012A25A	SINGLE	1	49	98	13	7.316e-05	{A}
UPI000012A292	SINGLE	1	1	390	33	5.165e-11	{M}
UPI000012A292	SINGLE	2	28	185	29	4.028e-07	{G}
UPI000012A292	SINGLE	3	126	280	24	5.144e-07	{I}
UPI000012A292	SINGLE	4	315	406	20	1.800e-05	{A}
UPI000012A292	SINGLE	5	3	23	6	3.649e-04	{I}
UPI000012A292	SINGLE	6	310	326	5	5.425e-04	{N}
UPI000012A292	SINGLE	7	13	52	7	6.984e-04	{F}
UPI000012A292	SINGLE	8	58	309	38	8.181e-04	{L}
UPI000012A292	MULTIPLE	1	6	391	238	2.539e-27	{MGIAFL}
UPI000012A292	WHOLE	1	1	408	33	1.643e-10	{M}
UPI000012A292	WHOLE	2	1	408	40	1.951e-05	{I}
UPI000012A292	WHOLE	3	1	408	49	2.469e-05	{G}
UPI000012A292	WHOLE	4	1	408	52	1.799e-04	{A}
UPI000012A295	SINGLE	1	15	64	15	3.358e-06	{A}
UPI000012A295	WHOLE	1	1	166	26	3.218e-04	{A}
UPI000012A298	SINGLE	1	49	63	9	3.432e-07	{A}
UPI000012A29A	SINGLE	1	74	91	6	6.200e-04	{V}
UPI000012A2A2	SINGLE	1	172	193	5	8.914e-05	{H}
UPI000012A2A2	SINGLE	2	50	64	5	2.936e-04	{Q}
UPI000012A2A2	SINGLE	3	110	203	19	5.300e-04	{L}
UPI000012A2A2	MULTIPLE	1	116	203	23	6.607e-05	{HL}
UPI000012A2A6	SINGLE	1	4	78	17	9.498e-08	{I}
UPI000012A2A6	WHOLE	1	1	204	25	1.885e-05	{I}
UPI000012A339	SINGLE	1	168	243	19	3.574e-06	{A}
UPI000012A339	SINGLE	2	110	128	6	1.731e-04	{R}
UPI000012A339	SINGLE	3	123	158	9	3.656e-04	{G}
UPI000012A339	MULTIPLE	1	110	151	14	1.137e-04	{RG}
UPI000012A339	WHOLE	1	1	244	33	7.784e-04	{A}
UPI000012A344	SINGLE	1	49	63	5	4.135e-04	{P}
UPI000012A344	SINGLE	2	82	121	9	5.089e-04	{T}
UPI000012A344	SINGLE	3	1	35	5	8.250e-04	{M}
UPI000012A385	SINGLE	1	4	68	11	2.441e-04	{I}
UPI000012A3AD	SINGLE	1	76	155	13	3.056e-05	{Q}
UPI000012A3AD	SINGLE	2	172	217	6	4.164e-04	{H}
UPI000012A3AD	SINGLE	3	44	73	8	4.209e-04	{V}
UPI000012A3AD	SINGLE	4	182	196	5	9.005e-04	{D}
UPI000012A3AD	MULTIPLE	1	180	208	10	3.344e-05	{HD}
UPI000012A3CD	SINGLE	1	95	175	15	1.482e-04	{V}
UPI000012A3CD	SINGLE	2	87	101	6	2.062e-04	{E}
UPI000012A4A9	SINGLE	1	21	61	8	1.400e-04	{F}
UPI000012A5E5	SINGLE	1	103	118	6	5.920e-05	{R}
UPI000012A5E5	SINGLE	2	37	54	6	6.200e-04	{V}
UPI000012A601	SINGLE	1	23	155	18	3.689e-06	{F}
UPI000012A601	SINGLE	2	7	178	22	2.954e-05	{I}
UPI000012A601	SINGLE	3	19	198	10	3.204e-04	{W}
UPI000012A601	SINGLE	4	96	186	15	5.110e-04	{V}
UPI000012A601	MULTIPLE	1	16	186	66	6.770e-12	{FIWV}
UPI000012A601	WHOLE	1	1	211	22	4.831e-04	{I}
UPI000012A610	SINGLE	1	68	89	7	4.726e-05	{R}
UPI000012A610	SINGLE	2	31	452	55	7.307e-05	{A}
UPI000012A610	SINGLE	3	385	414	8	4.209e-04	{V}
UPI000012A610	MULTIPLE	1	38	435	88	8.425e-06	{AV}
UPI000012A613	SINGLE	1	9	318	66	6.840e-11	{L}
UPI000012A613	SINGLE	2	197	211	7	1.824e-05	{V}
UPI000012A613	SINGLE	3	16	317	44	2.926e-05	{A}
UPI000012A613	SINGLE	4	128	142	6	2.293e-04	{G}
UPI000012A613	MULTIPLE	1	9	320	138	8.005e-16	{LAG}
UPI000012A613	WHOLE	1	1	332	67	5.172e-10	{L}
UPI000012A613	WHOLE	2	1	332	45	1.214e-04	{A}
UPI000012A649	SINGLE	1	59	73	4	2.419e-04	{H}
UPI000012A649	SINGLE	2	166	204	11	4.492e-04	{L}
UPI000012A741	SINGLE	1	26	221	32	5.446e-04	{L}
UPI000012A7DE	SINGLE	1	17	249	39	3.564e-06	{A}
UPI000012A7DE	SINGLE	2	36	129	12	5.497e-04	{Q}
UPI000012A7DE	MULTIPLE	1	14	249	59	2.951e-08	{AQ}
UPI000012A7DE	WHOLE	1	1	256	39	2.954e-05	{A}
UPI000012A7E6	SINGLE	1	24	312	45	4.839e-06	{A}
UPI000012A7E6	WHOLE	1	1	313	45	3.310e-05	{A}
UPI000012A7EB	SINGLE	1	320	334	7	6.097e-05	{A}
UPI000012A7EB	SINGLE	2	131	185	12	1.368e-04	{V}
UPI000012A7EB	SINGLE	3	204	224	7	2.506e-04	{G}
UPI000012A7EB	SINGLE	4	288	375	8	5.615e-04	{M}
UPI000012A7EB	SINGLE	5	242	261	4	7.691e-04	{H}
UPI000012A7EB	SINGLE	6	8	29	7	9.125e-04	{A}
UPI000012A7EB	MULTIPLE	1	317	335	9	3.272e-05	{AM}
UPI000012A7EB	WHOLE	1	1	428	45	7.140e-04	{G}
UPI000012A825	SINGLE	1	11	54	15	5.599e-07	{A}
UPI000012A825	SINGLE	2	30	270	35	1.608e-06	{K}
UPI000012A825	SINGLE	3	220	258	8	3.160e-04	{P}
UPI000012A825	SINGLE	4	140	232	15	7.787e-04	{G}
UPI000012A825	MULTIPLE	1	11	270	73	1.663e-09	{AK}
UPI000012A825	MULTIPLE	2	156	235	21	1.114e-04	{PG}
UPI000012A825	WHOLE	1	1	270	37	3.241e-06	{K}
UPI000012A825	WHOLE	2	1	270	38	1.755e-04	{A}
UPI000012A8CE	SINGLE	1	37	74	8	8.027e-04	{D}
UPI000012A911	SINGLE	1	4	43	11	1.490e-04	{A}
UPI000012A911	SINGLE	2	217	231	4	2.419e-04	{M}
UPI000012A911	SINGLE	3	86	177	15	7.001e-04	{G}
UPI000012A911	WHOLE	1	1	251	35	3.436e-04	{A}
UPI000012A918	SINGLE	1	15	259	29	7.856e-07	{Q}
UPI000012A918	SINGLE	2	18	32	5	2.875e-04	{N}
UPI000012A918	SINGLE	3	65	217	22	3.116e-04	{G}
UPI000012A918	MULTIPLE	1	11	259	73	8.333e-09	{QNG}
UPI000012A918	WHOLE	1	1	260	29	2.517e-06	{Q}
UPI000012A91E	SINGLE	1	48	228	20	8.016e-05	{N}
UPI000012A91E	SINGLE	2	26	71	9	1.984e-04	{P}
UPI000012A91E	SINGLE	3	150	164	6	2.045e-04	{V}
UPI000012A91E	SINGLE	4	83	97	6	3.585e-04	{S}
UPI000012A91E	SINGLE	5	115	137	7	4.607e-04	{G}
UPI000012A91E	MULTIPLE	1	85	211	58	1.295e-07	{NVSG}
UPI000012A91E	WHOLE	1	1	232	21	7.056e-04	{N}
UPI000012A92F	SINGLE	1	18	320	31	6.639e-06	{Q}
UPI000012A92F	SINGLE	2	48	77	10	7.012e-06	{T}
UPI000012A92F	SINGLE	3	30	182	25	1.777e-05	{G}
UPI000012A92F	SINGLE	4	84	332	33	4.805e-05	{V}
UPI000012A92F	SINGLE	5	313	327	6	3.585e-04	{S}
UPI000012A92F	SINGLE	6	158	289	15	4.093e-04	{N}
UPI000012A92F	MULTIPLE	1	26	332	183	1.640e-18	{QTGVSN}
UPI000012A92F	WHOLE	1	1	365	33	3.899e-05	{Q}
UPI000012A92F	WHOLE	2	1	365	39	7.633e-04	{V}
UPI000012A948	SINGLE	1	14	42	9	3.769e-05	{T}
UPI000012A958	SINGLE	1	32	198	35	2.059e-06	{L}
UPI000012A958	SINGLE	2	170	256	10	1.777e-05	{M}
UPI000012A958	SINGLE	3	220	254	9	2.616e-05	{R}
UPI000012A958	SINGLE	4	70	85	6	6.935e-05	{I}
UPI000012A958	SINGLE	5	249	344	19	1.025e-04	{A}
UPI000012A958	MULTIPLE	1	32	221	64	2.299e-09	{LMI}
UPI000012A958	MULTIPLE	2	242	325	25	1.832e-05	{RA}
UPI000012A95F	SINGLE	1	137	160	5	3.280e-05	{C}
UPI000012A95F	SINGLE	2	15	134	22	7.869e-04	{L}
UPI000012A9AF	SINGLE	1	22	173	25	2.010e-04	{A}
UPI000012A9AF	SINGLE	2	52	315	40	5.796e-04	{L}
UPI000012A9AF	SINGLE	3	271	314	8	8.391e-04	{R}
UPI000012A9AF	MULTIPLE	1	21	316	102	2.052e-07	{ALR}
UPI000012A9CA	SINGLE	1	25	46	7	9.125e-04	{A}
UPI000012A9DF	SINGLE	1	4	239	42	1.496e-05	{L}
UPI000012A9DF	SINGLE	2	205	224	5	5.484e-05	{M}
UPI000012A9DF	SINGLE	3	185	200	6	6.935e-05	{I}
UPI000012A9DF	SINGLE	4	48	69	6	4.771e-04	{I}
UPI000012A9DF	SINGLE	5	9	220	21	6.141e-04	{P}
UPI000012A9DF	MULTIPLE	1	1	235	94	1.752e-11	{LMIP}
UPI000012A9DF	WHOLE	1	1	245	42	3.522e-05	{L}
UPI000012AB27	SINGLE	1	15	29	4	7.491e-05	{C}
UPI000012AB27	SINGLE	2	2	89	14	7.633e-05	{I}
UPI000012AB27	SINGLE	3	136	157	5	8.914e-05	{M}
UPI000012AB27	SINGLE	4	179	197	6	1.731e-04	{R}
UPI000012AB27	MULTIPLE	1	2	89	18	9.981e-06	{CI}
UPI000012AB42	SINGLE	1	35	106	15	2.861e-04	{A}
UPI000012AB86	SINGLE	1	146	162	6	3.418e-04	{K}
UPI000012AB86	SINGLE	2	44	221	30	4.717e-04	{L}
UPI000012AB86	SINGLE	3	244	267	4	5.044e-04	{C}
UPI000012AC8F	SINGLE	1	47	61	4	2.419e-04	{M}
UPI000012ACAC	SINGLE	1	10	280	40	7.086e-07	{V}
UPI000012ACAC	SINGLE	2	329	348	7	4.883e-04	{A}
UPI000012ACAC	SINGLE	3	12	50	9	6.699e-04	{G}
UPI000012ACAC	MULTIPLE	1	10	282	69	2.804e-08	{VG}
UPI000012ACAC	WHOLE	1	1	420	50	1.547e-05	{V}
UPI000012ACB7	SINGLE	1	4	19	8	3.052e-05	{L}
UPI000012ACCC	SINGLE	1	600	633	9	1.677e-05	{P}
UPI000012ACCC	SINGLE	2	125	290	26	2.557e-05	{G}
UPI000012ACCC	SINGLE	3	382	403	5	8.914e-05	{M}
UPI000012ACCC	SINGLE	4	341	373	10	1.242e-04	{A}
UPI000012ACCC	SINGLE	5	159	173	6	2.062e-04	{E}
UPI000012ACCC	SINGLE	6	309	337	7	3.066e-04	{R}
UPI000012ACCC	SINGLE	7	414	432	4	6.290e-04	{H}
UPI000012ACCC	SINGLE	8	109	141	5	6.305e-04	{M}
UPI000012ACCC	MULTIPLE	1	114	290	52	9.123e-07	{GEM}
UPI000012ACFE	SINGLE	1	269	328	17	1.479e-05	{L}
UPI000012ACFE	SINGLE	2	14	31	7	8.425e-05	{G}
UPI000012ACFE	SINGLE	3	221	244	7	5.364e-04	{V}
UPI000012ACFE	SINGLE	4	100	135	7	6.599e-04	{Q}
UPI000012ACFE	SINGLE	5	4	57	9	7.753e-04	{R}
UPI000012ACFE	MULTIPLE	1	14	32	11	1.234e-06	{GR}
UPI000012AD54	SINGLE	1	28	431	35	7.660e-06	{F}
UPI000012AD54	SINGLE	2	25	427	39	3.171e-05	{I}
UPI000012AD54	SINGLE	3	13	359	47	9.139e-05	{A}
UPI000012AD54	SINGLE	4	30	234	35	1.465e-04	{L}
UPI000012AD54	SINGLE	5	51	67	5	5.538e-04	{Q}
UPI000012AD54	MULTIPLE	1	25	431	177	6.264e-15	{FIAL}
UPI000012AD54	WHOLE	1	1	438	35	3.778e-05	{F}
UPI000012AD54	WHOLE	2	1	438	40	8.425e-05	{I}
UPI000012AD54	WHOLE	3	1	438	54	2.979e-04	{A}
UPI000012AD56	SINGLE	1	52	79	5	2.914e-04	{H}
UPI000012AD56	SINGLE	2	35	230	21	4.509e-04	{I}
UPI000012AD56	MULTIPLE	1	48	230	29	2.618e-05	{HI}
UPI000012AD7B	SINGLE	1	71	145	10	4.801e-06	{H}
UPI000012AD7B	WHOLE	1	1	148	12	8.400e-05	{H}
UPI000012ADF4	SINGLE	1	83	101	11	1.396e-07	{L}
UPI000012ADF4	SINGLE	2	123	138	8	2.775e-06	{G}
UPI000012ADF4	SINGLE	3	144	158	7	6.688e-06	{D}
UPI000012ADF4	SINGLE	4	7	21	6	4.559e-05	{I}
UPI000012ADF4	SINGLE	5	23	47	7	6.967e-04	{V}
UPI000012AF1D	SINGLE	1	446	487	5	3.585e-04	{W}
UPI000012AF1D	SINGLE	2	271	285	5	4.635e-04	{R}
UPI000012AF1D	SINGLE	3	232	249	4	5.076e-04	{M}
UPI000012AFB9	SINGLE	1	89	127	7	1.551e-06	{W}
UPI000012AFB9	SINGLE	2	86	447	38	7.108e-06	{I}
UPI000012AFB9	SINGLE	3	54	68	4	2.419e-04	{M}
UPI000012AFB9	SINGLE	4	25	379	46	2.683e-04	{A}
UPI000012AFB9	SINGLE	5	277	437	28	4.319e-04	{L}
UPI000012AFB9	SINGLE	6	151	214	9	6.559e-04	{F}
UPI000012AFB9	SINGLE	7	196	215	4	7.691e-04	{M}
UPI000012AFB9	SINGLE	8	19	462	45	9.453e-04	{V}
UPI000012AFB9	MULTIPLE	1	19	457	250	2.529e-19	{WIALFMV}
UPI000012AFB9	WHOLE	1	1	466	42	7.715e-05	{I}
UPI000012B0A6	SINGLE	1	314	331	6	1.085e-04	{P}
UPI000012B0A6	SINGLE	2	111	255	19	2.965e-04	{D}
UPI000012B377	SINGLE	1	224	294	15	2.459e-04	{A}
UPI000012B377	SINGLE	2	5	192	32	2.757e-04	{L}
UPI000012B377	SINGLE	3	124	142	6	3.810e-04	{D}
UPI000012B377	SINGLE	4	10	36	8	6.718e-04	{A}
UPI000012B377	MULTIPLE	1	5	195	52	1.370e-04	{LA}
UPI000012B55F	SINGLE	1	146	241	11	7.148e-06	{H}
UPI000012B55F	SINGLE	2	35	76	10	1.945e-05	{R}
UPI000012B55F	SINGLE	3	193	218	6	6.261e-04	{Q}
UPI000012B55F	MULTIPLE	1	146	241	21	6.099e-07	{HQ}
UPI000012B55F	WHOLE	1	1	254	25	3.366e-04	{R}
UPI000012B560	SINGLE	1	476	490	5	1.186e-05	{H}
UPI000012B560	SINGLE	2	86	434	42	7.790e-05	{G}
UPI000012B560	SINGLE	3	170	238	16	3.027e-04	{L}
UPI000012B560	SINGLE	4	59	83	7	6.967e-04	{V}
UPI000012B560	MULTIPLE	1	86	434	84	1.854e-05	{GL}
UPI000012B566	SINGLE	1	119	133	8	5.187e-06	{A}
UPI000012B566	SINGLE	2	12	66	14	5.077e-05	{A}
UPI000012B566	SINGLE	3	99	113	6	2.045e-04	{V}
UPI000012B566	SINGLE	4	97	118	7	3.432e-04	{G}
UPI000012B566	MULTIPLE	1	97	118	13	4.788e-07	{VG}
UPI000012B566	WHOLE	1	1	134	25	2.763e-05	{A}
UPI000012B56C	SINGLE	1	80	355	52	2.251e-09	{A}
UPI000012B56C	SINGLE	2	254	271	5	3.167e-05	{H}
UPI000012B56C	SINGLE	3	65	94	8	4.831e-04	{G}
UPI000012B56C	MULTIPLE	1	78	351	86	8.354e-10	{AHG}
UPI000012B56C	WHOLE	1	1	367	57	3.702e-07	{A}
UPI000012B595	SINGLE	1	307	327	9	4.358e-05	{L}
UPI000012B595	SINGLE	2	66	207	12	5.711e-05	{H}
UPI000012B595	SINGLE	3	316	400	16	9.652e-05	{G}
UPI000012B595	SINGLE	4	433	453	6	3.138e-04	{R}
UPI000012B595	SINGLE	5	135	154	7	4.883e-04	{A}
UPI000012B595	MULTIPLE	1	306	401	35	4.929e-07	{LG}
UPI000012B595	MULTIPLE	2	134	149	9	5.562e-06	{HA}
UPI000012B5AD	SINGLE	1	487	709	18	1.939e-06	{H}
UPI000012B5AD	SINGLE	2	88	628	23	7.138e-06	{W}
UPI000012B5AD	SINGLE	3	55	444	34	3.351e-04	{R}
UPI000012B5AD	MULTIPLE	1	75	709	102	1.983e-10	{HWR}
UPI000012B5AD	WHOLE	1	1	728	26	3.471e-05	{W}
UPI000012B5AD	WHOLE	2	1	728	33	5.219e-05	{H}
UPI000012B5AD	WHOLE	3	1	728	53	7.720e-04	{R}
UPI000012B73E	SINGLE	1	25	153	19	2.467e-04	{K}
UPI000012B73E	SINGLE	2	10	34	8	3.852e-04	{A}
UPI000012B73E	SINGLE	3	114	136	7	4.064e-04	{V}
UPI000012B73E	SINGLE	4	24	179	19	6.929e-04	{D}
UPI000012B73E	MULTIPLE	1	15	154	67	1.669e-08	{KAVD}
UPI000012B73E	WHOLE	1	1	248	29	4.206e-04	{K}
UPI000012B73F	SINGLE	1	8	218	30	1.498e-07	{I}
UPI000012B73F	SINGLE	2	29	48	7	1.789e-04	{G}
UPI000012B73F	WHOLE	1	1	219	30	3.318e-07	{I}
UPI000012B742	SINGLE	1	157	189	5	6.305e-04	{M}
UPI000012B7B8	SINGLE	1	20	298	36	6.031e-05	{G}
UPI000012B7B8	SINGLE	2	16	223	31	2.349e-04	{A}
UPI000012B7B8	SINGLE	3	222	326	14	3.527e-04	{R}
UPI000012B7B8	SINGLE	4	42	335	27	8.289e-04	{I}
UPI000012B7B8	MULTIPLE	1	16	326	122	1.577e-09	{GARI}
UPI000012B7B8	WHOLE	1	1	336	37	8.498e-04	{G}
UPI000012B7E5	SINGLE	1	242	265	7	6.071e-04	{G}
UPI000012B80E	SINGLE	1	10	121	14	9.409e-05	{F}
UPI000012B80E	SINGLE	2	5	40	5	1.738e-04	{W}
UPI000012B80E	SINGLE	3	123	224	19	2.244e-04	{A}
UPI000012B80E	SINGLE	4	172	243	7	8.227e-04	{M}
UPI000012B80E	MULTIPLE	1	5	111	20	8.498e-07	{FW}
UPI000012B80E	MULTIPLE	2	123	230	26	1.265e-05	{AM}
UPI000012B80F	SINGLE	1	21	86	12	7.337e-04	{V}
UPI000012B84F	SINGLE	1	111	165	13	3.891e-05	{G}
UPI000012B84F	SINGLE	2	177	292	20	4.279e-04	{A}
UPI000012B8A0	SINGLE	1	152	178	7	4.457e-05	{Y}
UPI000012B8A0	SINGLE	2	46	61	4	3.155e-04	{H}
UPI000012B8A0	SINGLE	3	237	269	7	3.857e-04	{Q}
UPI000012B8A0	SINGLE	4	221	240	4	7.691e-04	{M}
UPI000012B8A0	SINGLE	5	250	307	11	8.363e-04	{V}
UPI000012B8A0	MULTIPLE	1	236	269	11	5.414e-06	{QM}
UPI000012B987	SINGLE	1	187	286	19	2.077e-05	{G}
UPI000012B987	SINGLE	2	6	244	36	6.966e-05	{A}
UPI000012B987	SINGLE	3	226	271	6	4.164e-04	{M}
UPI000012B987	MULTIPLE	1	6	286	77	2.003e-06	{GAM}
UPI000012B987	WHOLE	1	1	339	42	9.993e-04	{A}
UPI000012B9BA	SINGLE	1	22	41	7	4.883e-04	{A}
UPI000012BA02	SINGLE	1	58	181	17	6.647e-05	{R}
UPI000012BA02	SINGLE	2	48	75	7	2.899e-04	{I}
UPI000012BA02	SINGLE	3	13	38	6	6.261e-04	{Q}
UPI000012BA02	MULTIPLE	1	42	181	30	1.776e-05	{RI}
UPI000012BA02	WHOLE	1	1	215	22	4.289e-04	{R}
UPI000012BA0F	SINGLE	1	92	311	40	3.425e-07	{A}
UPI000012BA0F	SINGLE	2	491	505	4	2.419e-04	{M}
UPI000012BA0F	SINGLE	3	114	130	4	4.036e-04	{H}
UPI000012BA0F	SINGLE	4	405	435	8	5.305e-04	{V}
UPI000012BA0F	SINGLE	5	192	301	15	7.699e-04	{D}
UPI000012BA0F	SINGLE	6	259	352	11	8.224e-04	{F}
UPI000012BA0F	MULTIPLE	1	90	344	80	1.726e-08	{ADF}
UPI000012BA0F	WHOLE	1	1	514	66	2.698e-05	{A}
UPI000012BABE	SINGLE	1	42	63	6	4.110e-04	{R}
UPI000012BC19	SINGLE	1	354	368	8	1.266e-06	{V}
UPI000012BC19	SINGLE	2	4	235	27	1.403e-05	{R}
UPI000012BC19	SINGLE	3	11	464	19	4.857e-05	{W}
UPI000012BC19	SINGLE	4	88	208	24	1.576e-04	{L}
UPI000012BC19	SINGLE	5	102	172	11	5.159e-04	{I}
UPI000012BC19	SINGLE	6	397	415	6	8.541e-04	{E}
UPI000012BC19	SINGLE	7	266	307	9	9.949e-04	{V}
UPI000012BC19	MULTIPLE	1	4	440	171	8.141e-09	{RWLIV}
UPI000012BC19	WHOLE	1	1	489	19	1.234e-04	{W}
UPI000012BC36	SINGLE	1	29	393	67	2.446e-08	{L}
UPI000012BC36	SINGLE	2	25	55	8	7.069e-05	{R}
UPI000012BC36	SINGLE	3	360	382	6	6.136e-04	{I}
UPI000012BC36	SINGLE	4	327	345	4	6.290e-04	{M}
UPI000012BC36	SINGLE	5	286	312	6	7.524e-04	{N}
UPI000012BC36	MULTIPLE	1	25	393	120	1.880e-10	{LRI}
UPI000012BC36	WHOLE	1	1	398	68	2.907e-07	{L}
UPI000012BC4E	SINGLE	1	91	110	7	1.188e-04	{T}
UPI000012BC4E	SINGLE	2	1	40	6	1.947e-04	{M}
UPI000012BC56	SINGLE	1	33	188	20	1.094e-05	{Q}
UPI000012BC56	SINGLE	2	10	178	28	8.792e-04	{L}
UPI000012BC56	MULTIPLE	1	5	188	50	4.686e-07	{QL}
UPI000012BC56	WHOLE	1	1	195	22	2.973e-05	{Q}
UPI000012BC5E	SINGLE	1	34	101	15	1.498e-07	{Q}
UPI000012BC5E	SINGLE	2	9	23	7	1.659e-04	{L}
UPI000012BC5E	SINGLE	3	65	165	15	3.259e-04	{D}
UPI000012BC5E	WHOLE	1	1	327	34	1.818e-06	{Q}
UPI000012BD5B	SINGLE	1	75	511	50	4.066e-05	{V}
UPI000012BD5B	WHOLE	1	1	525	54	2.704e-04	{V}
UPI000012C338	SINGLE	1	110	437	14	3.444e-04	{W}
UPI000012C338	SINGLE	2	109	263	22	3.699e-04	{G}
UPI000012C338	SINGLE	3	344	364	7	6.750e-04	{A}
UPI000012C338	MULTIPLE	1	109	437	49	1.560e-05	{WG}
UPI000012C339	SINGLE	1	30	154	19	6.275e-06	{R}
UPI000012C339	WHOLE	1	1	172	20	1.554e-04	{R}
UPI000012C33A	SINGLE	1	165	262	16	3.825e-04	{V}
UPI000012C33A	SINGLE	2	56	82	8	6.718e-04	{A}
UPI000012C360	SINGLE	1	40	199	28	3.165e-05	{A}
UPI000012C360	SINGLE	2	380	548	32	4.062e-05	{L}
UPI000012C360	SINGLE	3	187	215	5	3.445e-04	{M}
UPI000012C360	SINGLE	4	3	25	4	4.271e-04	{C}
UPI000012C360	SINGLE	5	145	478	38	4.289e-04	{G}
UPI000012C360	MULTIPLE	1	149	534	92	1.220e-05	{LG}
UPI000012C3B9	SINGLE	1	15	34	8	6.750e-05	{A}
UPI000012C3BA	SINGLE	1	4	173	22	2.485e-05	{I}
UPI000012C3BA	SINGLE	2	12	186	18	1.304e-04	{F}
UPI000012C3BA	MULTIPLE	1	4	186	40	4.960e-08	{IF}
UPI000012C3BA	WHOLE	1	1	190	22	1.222e-04	{I}
UPI000012C3BA	WHOLE	2	1	190	18	3.393e-04	{F}
UPI000012C3BB	SINGLE	1	106	141	8	1.083e-04	{Q}
UPI000012C3BB	SINGLE	2	5	275	43	1.564e-04	{L}
UPI000012C3BB	SINGLE	3	14	56	8	7.210e-04	{R}
UPI000012C3BB	MULTIPLE	1	104	193	28	8.954e-06	{QL}
UPI000012C3BB	WHOLE	1	1	279	43	2.806e-04	{L}
UPI000012C58D	SINGLE	1	92	136	9	2.010e-04	{R}
UPI000012C5A4	SINGLE	1	264	353	14	2.549e-05	{Q}
UPI000012C5A4	SINGLE	2	57	71	4	7.491e-05	{C}
UPI000012C5A4	SINGLE	3	257	419	20	4.772e-04	{D}
UPI000012C5A4	SINGLE	4	58	109	6	7.926e-04	{H}
UPI000012C5A4	MULTIPLE	1	252	424	37	3.441e-06	{QD}
UPI000012C5A4	MULTIPLE	2	57	109	10	2.215e-05	{CH}
UPI000012C5A4	WHOLE	1	1	457	36	2.476e-04	{Q}
UPI000012C5C6	SINGLE	1	63	85	9	5.457e-07	{R}
UPI000012C5C6	SINGLE	2	108	148	12	3.991e-05	{A}
UPI000012C5C6	SINGLE	3	347	382	11	5.368e-05	{A}
UPI000012C5C6	SINGLE	4	87	357	25	2.096e-04	{Q}
UPI000012C5C6	SINGLE	5	12	65	10	2.194e-04	{I}
UPI000012C5C6	SINGLE	6	277	296	6	5.140e-04	{D}
UPI000012C5C6	MULTIPLE	1	84	370	64	6.131e-07	{AQ}
UPI000012C5C6	WHOLE	1	1	398	34	4.652e-04	{R}
UPI000012C5C6	WHOLE	2	1	398	48	8.593e-04	{A}
UPI000012C689	SINGLE	1	226	272	11	9.064e-06	{R}
UPI000012C689	SINGLE	2	154	302	27	2.343e-05	{A}
UPI000012C689	SINGLE	3	5	23	7	1.092e-04	{V}
UPI000012C689	SINGLE	4	163	278	18	3.332e-04	{E}
UPI000012C689	SINGLE	5	1	15	5	5.275e-04	{I}
UPI000012C689	SINGLE	6	121	152	7	5.709e-04	{R}
UPI000012C689	SINGLE	7	40	172	17	7.486e-04	{D}
UPI000012C689	SINGLE	8	283	323	7	8.092e-04	{F}
UPI000012C689	MULTIPLE	1	170	286	52	2.701e-10	{RAE}
UPI000012C689	MULTIPLE	2	5	23	12	1.061e-07	{VI}
UPI000012C689	MULTIPLE	3	66	153	23	1.580e-05	{RD}
UPI000012C689	WHOLE	1	1	334	32	1.015e-04	{R}
UPI000012C68E	SINGLE	1	7	78	23	1.060e-10	{G}
UPI000012C68E	SINGLE	2	383	397	8	2.783e-06	{S}
UPI000012C68E	SINGLE	3	240	318	19	6.475e-06	{A}
UPI000012C68E	SINGLE	4	132	167	10	5.887e-05	{V}
UPI000012C68E	SINGLE	5	219	332	19	9.514e-05	{E}
UPI000012C68E	SINGLE	6	84	103	7	4.883e-04	{A}
UPI000012C68E	SINGLE	7	4	30	6	7.524e-04	{N}
UPI000012C68E	SINGLE	8	158	339	19	7.683e-04	{R}
UPI000012C68E	MULTIPLE	1	240	320	32	1.881e-08	{AE}
UPI000012C742	SINGLE	1	6	105	14	2.173e-04	{R}
UPI000012C742	SINGLE	2	49	68	6	5.140e-04	{D}
UPI000012C742	SINGLE	3	230	298	7	6.437e-04	{M}
UPI000012C742	MULTIPLE	1	3	105	25	2.654e-05	{RD}
UPI000012C8B5	SINGLE	1	133	220	15	4.460e-04	{G}
UPI000012C8B5	SINGLE	2	9	23	6	5.574e-04	{A}
UPI000012C8B8	SINGLE	1	108	207	19	1.745e-04	{A}
UPI000012C8B8	SINGLE	2	2	218	23	2.995e-04	{I}
UPI000012C8B8	MULTIPLE	1	24	213	43	6.486e-05	{AI}
UPI000012C8B8	WHOLE	1	1	238	23	9.712e-04	{I}
UPI000012C942	SINGLE	1	7	25	8	4.395e-05	{A}
UPI000012C942	SINGLE	2	34	103	11	1.592e-04	{Q}
UPI000012C942	SINGLE	3	105	119	5	4.635e-04	{R}
UPI000012C942	SINGLE	4	67	85	6	6.596e-04	{K}
UPI000012C942	MULTIPLE	1	34	103	20	1.697e-05	{QK}
UPI000012CA9E	SINGLE	1	22	334	58	1.360e-07	{L}
UPI000012CA9E	SINGLE	2	228	322	13	1.741e-04	{Q}
UPI000012CA9E	MULTIPLE	1	156	260	36	3.987e-08	{LQ}
UPI000012CA9E	WHOLE	1	1	337	60	3.356e-07	{L}
UPI000012CB15	SINGLE	1	55	76	6	2.364e-04	{N}
UPI000012CB15	SINGLE	2	80	94	4	2.419e-04	{M}
UPI000012CB5E	SINGLE	1	79	103	7	2.820e-04	{D}
UPI000012CB5E	SINGLE	2	1	74	7	9.628e-04	{M}
UPI000012CCD8	SINGLE	1	13	597	84	3.617e-08	{A}
UPI000012CCD8	SINGLE	2	194	238	11	1.072e-04	{G}
UPI000012CCD8	SINGLE	3	324	348	8	1.088e-04	{V}
UPI000012CCD8	SINGLE	4	233	282	10	2.943e-04	{D}
UPI000012CCD8	SINGLE	5	47	64	4	5.076e-04	{H}
UPI000012CCD8	MULTIPLE	1	13	607	183	9.797e-11	{AVD}
UPI000012CCD8	WHOLE	1	1	616	86	8.604e-08	{A}
UPI000012CCDD	SINGLE	1	14	59	11	2.843e-06	{Q}
UPI000012CCDD	SINGLE	2	94	115	8	3.977e-05	{E}
UPI000012CCDD	WHOLE	1	1	171	17	8.178e-04	{Q}
UPI000012CCF8	SINGLE	1	60	92	6	6.556e-05	{M}
UPI000012CCF8	WHOLE	1	1	140	10	7.914e-04	{M}
UPI000012CDF8	SINGLE	1	83	138	14	6.237e-05	{A}
UPI000012CDF8	SINGLE	2	1	274	17	9.217e-05	{M}
UPI000012CDF8	SINGLE	3	6	52	12	6.556e-04	{L}
UPI000012CDF8	SINGLE	4	137	169	7	8.123e-04	{I}
UPI000012CDF8	MULTIPLE	1	1	262	68	1.355e-06	{AMI}
UPI000012CDF8	WHOLE	1	1	293	17	1.962e-04	{M}
UPI000012CE29	SINGLE	1	52	289	17	1.719e-05	{M}
UPI000012CE29	SINGLE	2	238	262	7	9.845e-05	{P}
UPI000012CE29	SINGLE	3	39	179	17	2.960e-04	{R}
UPI000012CE29	SINGLE	4	11	49	11	4.492e-04	{L}
UPI000012CE29	SINGLE	5	174	191	6	4.810e-04	{K}
UPI000012CE29	SINGLE	6	17	290	12	6.867e-04	{W}
UPI000012CE29	MULTIPLE	1	15	305	55	9.702e-09	{MRW}
UPI000012CE29	WHOLE	1	1	306	18	1.125e-04	{M}
UPI000012CE2B	SINGLE	1	13	106	10	3.441e-05	{H}
UPI000012CE2B	SINGLE	2	137	160	7	4.028e-04	{K}
UPI000012CFCB	SINGLE	1	138	155	8	2.760e-05	{A}
UPI000012CFCB	SINGLE	2	49	153	21	3.345e-04	{L}
UPI000012CFCB	MULTIPLE	1	49	155	39	7.858e-07	{AL}
UPI000012CFCD	SINGLE	1	52	206	31	1.850e-05	{L}
UPI000012CFCD	SINGLE	2	110	124	5	4.635e-04	{R}
UPI000012CFCD	SINGLE	3	152	194	8	6.151e-04	{P}
UPI000012CFCD	MULTIPLE	1	52	209	54	1.558e-06	{LRP}
UPI000012CFCD	WHOLE	1	1	285	44	2.359e-04	{L}
UPI000012CFD4	SINGLE	1	47	197	16	3.204e-09	{C}
UPI000012CFD4	SINGLE	2	226	251	6	3.065e-04	{Y}
UPI000012CFD4	SINGLE	3	61	103	8	3.694e-04	{N}
UPI000012CFD4	SINGLE	4	9	28	7	4.883e-04	{A}
UPI000012CFD4	SINGLE	5	262	310	12	9.543e-04	{L}
UPI000012CFD4	WHOLE	1	1	328	17	2.125e-05	{C}
UPI000012CFD9	SINGLE	1	38	92	7	2.512e-05	{C}
UPI000012CFD9	WHOLE	1	1	113	8	4.045e-04	{C}
UPI000012CFDF	SINGLE	1	12	159	16	2.397e-09	{C}
UPI000012CFDF	SINGLE	2	104	123	8	1.605e-06	{P}
UPI000012CFDF	SINGLE	3	109	124	6	8.219e-04	{A}
UPI000012CFDF	MULTIPLE	1	12	160	32	6.084e-10	{CP}
UPI000012CFDF	WHOLE	1	1	203	16	1.956e-07	{C}
UPI000012CFF0	SINGLE	1	12	154	18	2.010e-11	{C}
UPI000012CFF0	SINGLE	2	96	111	6	3.059e-04	{V}
UPI000012CFF0	WHOLE	1	1	175	18	5.625e-10	{C}
UPI000012CFFE	SINGLE	1	70	315	55	3.631e-10	{L}
UPI000012CFFE	SINGLE	2	33	52	6	2.355e-04	{R}
UPI000012CFFE	SINGLE	3	115	130	5	2.574e-04	{F}
UPI000012CFFE	SINGLE	4	71	88	4	5.076e-04	{M}
UPI000012CFFE	MULTIPLE	1	70	315	82	1.088e-12	{LFM}
UPI000012CFFE	WHOLE	1	1	315	63	2.297e-09	{L}
UPI000012D01F	SINGLE	1	38	93	9	2.439e-07	{C}
UPI000012D01F	SINGLE	2	58	74	6	4.457e-04	{E}
UPI000012D01F	SINGLE	3	67	115	8	9.076e-04	{Q}
UPI000012D01F	WHOLE	1	1	116	10	1.625e-05	{C}
UPI000012D03A	SINGLE	1	19	58	9	6.977e-04	{V}
UPI000012D0B0	SINGLE	1	188	203	6	3.425e-04	{G}
UPI000012D0B0	SINGLE	2	57	79	7	4.607e-04	{G}
UPI000012D123	SINGLE	1	21	45	6	4.915e-04	{N}
UPI000012D144	SINGLE	1	24	259	18	4.189e-06	{H}
UPI000012D144	SINGLE	2	125	218	22	2.419e-05	{L}
UPI000012D144	SINGLE	3	220	270	10	7.775e-04	{T}
UPI000012D144	MULTIPLE	1	125	200	25	4.183e-07	{HL}
UPI000012D144	WHOLE	1	1	275	18	3.068e-05	{H}
UPI000012D164	SINGLE	1	66	123	18	2.113e-06	{L}
UPI000012D164	SINGLE	2	26	72	8	6.914e-04	{Q}
UPI000012D164	WHOLE	1	1	297	45	3.008e-04	{L}
UPI000012D174	SINGLE	1	61	231	13	8.303e-05	{H}
UPI000012D174	SINGLE	2	51	75	6	5.033e-04	{Q}
UPI000012D174	MULTIPLE	1	51	216	25	5.044e-05	{HQ}
UPI000012D2D5	SINGLE	1	98	248	38	2.890e-13	{E}
UPI000012D2D5	SINGLE	2	99	496	69	3.020e-10	{A}
UPI000012D2D5	SINGLE	3	63	290	32	4.308e-08	{R}
UPI000012D2D5	SINGLE	4	306	879	71	1.002e-07	{V}
UPI000012D2D5	SINGLE	5	14	178	20	2.422e-05	{Q}
UPI000012D2D5	SINGLE	6	249	638	45	1.156e-04	{G}
UPI000012D2D5	SINGLE	7	31	338	35	2.158e-04	{K}
UPI000012D2D5	SINGLE	8	325	342	4	5.076e-04	{M}
UPI000012D2D5	SINGLE	9	875	889	5	5.275e-04	{I}
UPI000012D2D5	MULTIPLE	1	75	860	471	4.818e-28	{EARVGKM}
UPI000012D2D5	WHOLE	1	1	890	99	8.921e-08	{E}
UPI000012D2D5	WHOLE	2	1	890	109	1.313e-06	{A}
UPI000012D2D5	WHOLE	3	1	890	67	9.470e-05	{R}
UPI000012D2D5	WHOLE	4	1	890	83	2.470e-04	{V}
UPI000012D5BB	SINGLE	1	10	238	33	9.453e-06	{V}
UPI000012D5BB	SINGLE	2	326	361	8	1.083e-04	{Q}
UPI000012D5BB	SINGLE	3	418	432	6	2.293e-04	{G}
UPI000012D5BB	SINGLE	4	256	270	4	2.419e-04	{M}
UPI000012D5BB	SINGLE	5	154	177	6	5.903e-04	{P}
UPI000012D5BB	SINGLE	6	38	56	4	6.290e-04	{H}
UPI000012D5BB	SINGLE	7	535	553	6	8.474e-04	{V}
UPI000012D5BB	WHOLE	1	1	574	59	1.631e-04	{V}
UPI000012D6A8	SINGLE	1	26	272	30	2.210e-06	{R}
UPI000012D6A8	SINGLE	2	10	346	47	4.726e-05	{A}
UPI000012D6A8	SINGLE	3	246	348	21	2.590e-04	{L}
UPI000012D6A8	MULTIPLE	1	10	348	127	2.549e-11	{RAL}
UPI000012D6A8	WHOLE	1	1	370	35	6.641e-05	{R}
UPI000012D6A8	WHOLE	2	1	370	48	2.018e-04	{A}
UPI000012D912	SINGLE	1	52	107	14	6.237e-05	{A}
UPI000012D912	SINGLE	2	211	230	6	5.140e-04	{D}
UPI000012D912	WHOLE	1	1	323	41	7.388e-04	{A}
UPI000012D9CB	SINGLE	1	4	161	18	3.688e-05	{F}
UPI000012D9CB	SINGLE	2	31	60	8	4.209e-04	{V}
UPI000012D9CB	SINGLE	3	15	34	7	4.883e-04	{A}
UPI000012D9CB	SINGLE	4	76	146	6	5.912e-04	{W}
UPI000012D9CB	SINGLE	5	84	164	17	6.462e-04	{L}
UPI000012D9CB	MULTIPLE	1	4	164	69	2.813e-10	{FVWL}
UPI000012D9CB	WHOLE	1	1	179	18	1.706e-04	{F}
UPI000012DAFF	SINGLE	1	172	304	22	4.115e-04	{A}
UPI000012DC56	SINGLE	1	16	386	55	2.313e-06	{A}
UPI000012DC56	SINGLE	2	216	252	11	1.563e-05	{G}
UPI000012DC56	MULTIPLE	1	31	374	84	3.742e-07	{AG}
UPI000012DC56	WHOLE	1	1	398	56	8.557e-06	{A}
UPI000012DD92	SINGLE	1	6	381	75	9.374e-11	{L}
UPI000012DD92	SINGLE	2	115	260	26	4.332e-05	{A}
UPI000012DD92	SINGLE	3	382	398	7	4.869e-05	{E}
UPI000012DD92	SINGLE	4	94	178	9	8.587e-05	{M}
UPI000012DD92	SINGLE	5	496	549	10	1.755e-04	{R}
UPI000012DD92	SINGLE	6	209	343	15	1.961e-04	{F}
UPI000012DD92	SINGLE	7	296	314	6	2.019e-04	{I}
UPI000012DD92	SINGLE	8	7	70	11	2.133e-04	{I}
UPI000012DD92	SINGLE	9	512	615	17	2.618e-04	{E}
UPI000012DD92	SINGLE	10	345	370	8	5.129e-04	{A}
UPI000012DD92	SINGLE	11	188	227	9	6.977e-04	{V}
UPI000012DD92	SINGLE	12	27	109	14	7.376e-04	{G}
UPI000012DD92	MULTIPLE	1	6	378	255	1.968e-26	{LAMFIVG}
UPI000012DD92	MULTIPLE	2	496	615	31	4.955e-06	{RE}
UPI000012DD92	WHOLE	1	1	620	95	3.318e-07	{L}
UPI000012DD92	WHOLE	2	1	620	70	5.401e-04	{A}
UPI000012DD92	WHOLE	3	1	620	26	7.732e-04	{M}
UPI000012DDCF	SINGLE	1	36	53	6	4.110e-05	{F}
UPI000012DDCF	SINGLE	2	190	416	34	1.167e-04	{A}
UPI000012DDCF	SINGLE	3	97	423	48	3.943e-04	{L}
UPI000012DDCF	SINGLE	4	67	172	17	4.019e-04	{G}
UPI000012DDCF	SINGLE	5	247	430	12	5.671e-04	{M}
UPI000012DDCF	MULTIPLE	1	62	432	154	2.014e-11	{ALGM}
UPI000012DDCF	WHOLE	1	1	432	51	9.665e-04	{A}
UPI000012DDDD	SINGLE	1	182	196	5	4.635e-04	{R}
UPI000012DDDD	SINGLE	2	133	149	5	8.659e-04	{R}
UPI000012DF85	SINGLE	1	136	157	8	3.934e-05	{V}
UPI000012DF85	SINGLE	2	106	123	6	1.085e-04	{P}
UPI000012DF85	SINGLE	3	267	283	4	4.036e-04	{M}
UPI000012DFF0	SINGLE	1	194	285	15	3.300e-05	{I}
UPI000012DFF0	SINGLE	2	17	31	4	2.419e-04	{M}
UPI000012DFF0	SINGLE	3	448	469	7	3.023e-04	{V}
UPI000012DFF0	SINGLE	4	57	122	12	5.011e-04	{T}
UPI000012E09F	SINGLE	1	172	203	9	9.864e-06	{P}
UPI000012E09F	SINGLE	2	144	209	14	5.558e-05	{V}
UPI000012E09F	MULTIPLE	1	144	209	24	6.039e-08	{PV}
UPI000012E129	SINGLE	1	56	409	38	4.359e-06	{I}
UPI000012E129	SINGLE	2	29	600	83	1.102e-05	{L}
UPI000012E129	SINGLE	3	444	612	20	1.240e-04	{R}
UPI000012E129	SINGLE	4	40	71	7	1.735e-04	{F}
UPI000012E129	SINGLE	5	341	355	6	2.045e-04	{V}
UPI000012E129	SINGLE	6	73	571	23	4.524e-04	{M}
UPI000012E129	MULTIPLE	1	101	537	163	3.210e-12	{ILVM}
UPI000012E129	WHOLE	1	1	622	86	4.224e-05	{L}
UPI000012E129	WHOLE	2	1	622	51	1.505e-04	{I}
UPI000012E473	SINGLE	1	561	576	8	1.644e-06	{K}
UPI000012E473	SINGLE	2	4	27	7	1.037e-04	{I}
UPI000012E473	SINGLE	3	519	537	6	2.019e-04	{I}
UPI000012E473	SINGLE	4	176	190	5	4.135e-04	{P}
UPI000012E473	SINGLE	5	82	492	43	6.717e-04	{V}
UPI000012E587	SINGLE	1	30	167	15	2.464e-04	{F}
UPI000012E6C7	SINGLE	1	68	101	6	1.437e-05	{C}
UPI000012E6C7	SINGLE	2	9	277	25	7.250e-04	{R}
UPI000012E6ED	SINGLE	1	189	205	5	5.425e-04	{N}
UPI000012E6ED	SINGLE	2	88	105	7	6.140e-04	{L}
UPI000012E73B	SINGLE	1	5	216	35	2.695e-04	{L}
UPI000012E73B	SINGLE	2	79	166	12	7.187e-04	{R}
UPI000012E73B	MULTIPLE	1	63	166	30	3.985e-05	{LR}
UPI000012E759	SINGLE	1	27	467	40	6.523e-07	{F}
UPI000012E759	SINGLE	2	42	510	67	8.305e-07	{A}
UPI000012E759	SINGLE	3	80	253	25	1.219e-06	{I}
UPI000012E759	SINGLE	4	122	232	18	2.473e-04	{G}
UPI000012E759	SINGLE	5	249	485	37	5.195e-04	{L}
UPI000012E759	MULTIPLE	1	19	515	257	4.404e-19	{FAIGL}
UPI000012E759	WHOLE	1	1	551	43	1.054e-05	{F}
UPI000012E759	WHOLE	2	1	551	71	1.339e-05	{A}
UPI000012E759	WHOLE	3	1	551	46	2.006e-04	{I}
UPI000012E75C	SINGLE	1	104	120	7	1.565e-04	{A}
UPI000012E75C	SINGLE	2	6	74	11	3.223e-04	{R}
UPI000012E75C	SINGLE	3	151	252	9	3.282e-04	{H}
UPI000012E7AE	SINGLE	1	118	201	13	5.072e-05	{Q}
UPI000012E7AE	SINGLE	2	12	40	9	1.181e-04	{S}
UPI000012E7CE	SINGLE	1	319	395	19	4.377e-06	{A}
UPI000012E7CE	SINGLE	2	262	315	8	1.925e-05	{M}
UPI000012E7CE	SINGLE	3	328	381	14	2.127e-04	{L}
UPI000012E7CE	SINGLE	4	85	113	8	3.301e-04	{V}
UPI000012E7CE	SINGLE	5	274	375	14	3.486e-04	{I}
UPI000012E7CE	SINGLE	6	10	24	5	4.635e-04	{R}
UPI000012E7CE	SINGLE	7	222	249	4	7.038e-04	{W}
UPI000012E7CE	MULTIPLE	1	269	396	60	2.850e-10	{ALI}
UPI000012E7CE	WHOLE	1	1	399	20	3.665e-04	{M}
UPI000012E7F9	SINGLE	1	173	298	13	3.548e-06	{M}
UPI000012E7F9	SINGLE	2	185	274	17	4.567e-05	{E}
UPI000012E7F9	SINGLE	3	211	279	14	5.486e-05	{K}
UPI000012E7F9	SINGLE	4	423	465	9	4.094e-04	{D}
UPI000012E7F9	SINGLE	5	375	396	6	4.110e-04	{R}
UPI000012E7F9	SINGLE	6	572	730	22	5.128e-04	{G}
UPI000012E7F9	SINGLE	7	349	404	11	7.395e-04	{G}
UPI000012E7F9	SINGLE	8	13	31	6	8.474e-04	{V}
UPI000012E7F9	MULTIPLE	1	185	287	43	3.159e-11	{MEK}
UPI000012E7F9	MULTIPLE	2	356	404	16	5.123e-05	{RG}
UPI000012E838	SINGLE	1	171	186	7	5.137e-06	{I}
UPI000012E838	SINGLE	2	44	154	18	2.473e-04	{G}
UPI000012E838	SINGLE	3	13	43	9	3.743e-04	{A}
UPI000012E838	WHOLE	1	1	192	20	8.228e-04	{I}
UPI000012E854	SINGLE	1	1	15	7	1.262e-08	{H}
UPI000012E854	WHOLE	1	1	16	7	2.195e-08	{H}
UPI000012E876	SINGLE	1	21	38	5	4.662e-04	{F}
UPI000012E896	SINGLE	1	49	68	4	1.878e-04	{W}
UPI000012E896	SINGLE	2	14	69	10	1.947e-04	{P}
UPI000012E896	SINGLE	3	116	130	4	2.419e-04	{H}
UPI000012E896	MULTIPLE	1	14	69	14	4.552e-06	{WP}
UPI000012E897	SINGLE	1	2	16	8	8.976e-07	{T}
UPI000012E897	WHOLE	1	1	21	8	1.933e-05	{T}
UPI000012E8DC	SINGLE	1	147	258	13	3.267e-04	{F}
UPI000012E8DC	SINGLE	2	89	103	5	5.275e-04	{I}
UPI000012E8DC	SINGLE	3	43	246	23	6.158e-04	{D}
UPI000012E8DC	MULTIPLE	1	43	248	38	2.951e-05	{FD}
UPI000012EB43	SINGLE	1	77	390	43	1.329e-04	{A}
UPI000012EB43	SINGLE	2	27	339	34	5.430e-04	{K}
UPI000012EB43	MULTIPLE	1	22	390	83	3.489e-06	{AK}
UPI000012EB43	WHOLE	1	1	396	50	2.795e-04	{A}
UPI000012EB4A	SINGLE	1	264	441	19	5.471e-05	{F}
UPI000012EB4A	SINGLE	2	282	319	10	9.574e-05	{V}
UPI000012EB4A	SINGLE	3	15	33	8	1.342e-04	{L}
UPI000012EB4A	SINGLE	4	349	405	7	2.055e-04	{M}
UPI000012EB4A	SINGLE	5	450	485	9	3.656e-04	{G}
UPI000012EB4A	SINGLE	6	289	506	35	4.376e-04	{L}
UPI000012EB4A	SINGLE	7	29	69	7	6.587e-04	{Y}
UPI000012EB4A	SINGLE	8	487	502	6	8.219e-04	{A}
UPI000012EB4A	MULTIPLE	1	277	502	87	8.922e-08	{FMLA}
UPI000012EB4A	MULTIPLE	2	20	69	18	2.285e-05	{LY}
UPI000012EB4A	WHOLE	1	1	514	68	5.989e-04	{L}
UPI000012EB4D	SINGLE	1	13	289	46	3.519e-05	{L}
UPI000012EB4D	SINGLE	2	92	271	27	4.848e-04	{A}
UPI000012EB4D	MULTIPLE	1	11	291	82	1.719e-07	{LA}
UPI000012EB4D	WHOLE	1	1	296	46	1.553e-04	{L}
UPI000012EB53	SINGLE	1	4	337	42	1.928e-05	{V}
UPI000012EB53	SINGLE	2	253	331	11	4.472e-04	{Q}
UPI000012EB53	SINGLE	3	169	185	5	8.659e-04	{R}
UPI000012EB53	MULTIPLE	1	109	277	50	1.994e-06	{VQR}
UPI000012EB53	WHOLE	1	1	371	43	9.330e-05	{V}
UPI000012ECF5	SINGLE	1	171	251	16	4.320e-05	{E}
UPI000012ECF5	SINGLE	2	223	237	5	4.635e-04	{R}
UPI000012ECF5	MULTIPLE	1	171	251	23	1.492e-05	{ER}
UPI000012ECF5	WHOLE	1	1	263	32	2.726e-04	{E}
UPI000012ED1D	SINGLE	1	91	109	6	2.019e-04	{I}
UPI000012ED1D	SINGLE	2	145	159	6	3.585e-04	{S}
UPI000012ED2F	SINGLE	1	241	349	22	1.847e-06	{G}
UPI000012ED2F	SINGLE	2	144	166	10	3.473e-06	{A}
UPI000012ED2F	SINGLE	3	23	40	8	2.760e-05	{A}
UPI000012ED2F	SINGLE	4	257	295	6	3.215e-05	{C}
UPI000012ED2F	SINGLE	5	196	307	10	1.447e-04	{H}
UPI000012ED2F	SINGLE	6	341	355	6	2.045e-04	{V}
UPI000012ED2F	SINGLE	7	181	220	8	3.765e-04	{P}
UPI000012ED2F	SINGLE	8	121	154	7	9.725e-04	{I}
UPI000012ED2F	MULTIPLE	1	225	342	36	1.371e-09	{GCH}
UPI000012ED2F	MULTIPLE	2	128	166	17	1.613e-06	{AI}
UPI000012ED2F	WHOLE	1	1	372	44	8.017e-05	{G}
UPI000012EDA5	SINGLE	1	33	544	80	1.913e-09	{A}
UPI000012EDA5	SINGLE	2	15	485	41	1.820e-04	{I}
UPI000012EDA5	SINGLE	3	77	273	13	3.136e-04	{M}
UPI000012EDA5	SINGLE	4	98	494	32	3.416e-04	{Q}
UPI000012EDA5	SINGLE	5	48	287	24	3.458e-04	{R}
UPI000012EDA5	SINGLE	6	290	508	29	6.150e-04	{S}
UPI000012EDA5	MULTIPLE	1	33	508	238	8.857e-18	{AIMQRS}
UPI000012EDA5	WHOLE	1	1	546	81	1.545e-08	{A}
UPI000012EE3B	SINGLE	1	38	254	30	4.722e-05	{V}
UPI000012EE3B	SINGLE	2	7	282	34	2.096e-04	{G}
UPI000012EE3B	SINGLE	3	16	32	7	4.133e-04	{L}
UPI000012EE3B	MULTIPLE	1	38	258	56	4.397e-07	{VG}
UPI000012EE3B	WHOLE	1	1	312	36	4.563e-04	{G}
UPI000012EE7B	SINGLE	1	315	334	9	1.299e-07	{R}
UPI000012EE7B	SINGLE	2	40	713	30	1.423e-07	{W}
UPI000012EE7B	SINGLE	3	469	693	45	3.508e-07	{L}
UPI000012EE7B	SINGLE	4	86	138	11	2.954e-05	{R}
UPI000012EE7B	SINGLE	5	498	756	24	6.165e-05	{F}
UPI000012EE7B	SINGLE	6	703	840	17	2.329e-04	{R}
UPI000012EE7B	SINGLE	7	611	639	8	3.301e-04	{V}
UPI000012EE7B	SINGLE	8	10	41	9	4.800e-04	{A}
UPI000012EE7B	SINGLE	9	758	777	7	4.883e-04	{A}
UPI000012EE7B	SINGLE	10	141	220	17	5.630e-04	{L}
UPI000012EE7B	SINGLE	11	171	189	4	6.290e-04	{M}
UPI000012EE7B	MULTIPLE	1	99	826	303	1.422e-15	{RWLFVM}
UPI000012EE7B	WHOLE	1	1	847	32	1.731e-06	{W}
UPI000012EE7B	WHOLE	2	1	847	64	1.166e-04	{R}
UPI000012EE7B	WHOLE	3	1	847	105	3.659e-04	{L}
UPI000012EECF	SINGLE	1	284	298	5	2.936e-04	{Q}
UPI000012EECF	SINGLE	2	36	118	8	3.848e-04	{H}
UPI000012EECF	SINGLE	3	128	151	6	3.999e-04	{Q}
UPI000012EECF	SINGLE	4	225	243	4	6.290e-04	{M}
UPI000012EEE0	SINGLE	1	13	303	56	6.129e-08	{L}
UPI000012EEE0	SINGLE	2	198	214	6	4.887e-05	{N}
UPI000012EEE0	SINGLE	3	268	282	4	2.419e-04	{M}
UPI000012EEE0	SINGLE	4	28	205	19	8.202e-04	{I}
UPI000012EEE0	MULTIPLE	1	13	303	76	3.088e-08	{LI}
UPI000012EEE0	WHOLE	1	1	308	56	3.989e-07	{L}
UPI000012EEE5	SINGLE	1	70	167	19	1.556e-05	{G}
UPI000012EEF1	SINGLE	1	185	345	13	9.209e-07	{W}
UPI000012EEF1	SINGLE	2	186	552	32	9.382e-05	{Q}
UPI000012EEF1	SINGLE	3	21	60	6	1.947e-04	{H}
UPI000012EEF1	SINGLE	4	5	460	56	2.635e-04	{A}
UPI000012EEF1	SINGLE	5	443	464	8	4.250e-04	{L}
UPI000012EEF1	SINGLE	6	527	545	6	6.706e-04	{T}
UPI000012EEF1	MULTIPLE	1	10	552	183	2.447e-09	{WQAL}
UPI000012EEF1	WHOLE	1	1	556	64	5.467e-04	{A}
UPI000012EEFB	SINGLE	1	27	150	21	4.538e-05	{G}
UPI000012EEFB	SINGLE	2	60	99	9	6.977e-04	{V}
UPI000012EEFB	MULTIPLE	1	27	141	34	1.973e-06	{GV}
UPI000012EF8B	SINGLE	1	226	260	5	8.250e-04	{M}
UPI000012EF98	SINGLE	1	159	183	10	1.917e-06	{G}
UPI000012EF98	SINGLE	2	46	120	14	1.287e-05	{I}
UPI000012EF98	SINGLE	3	10	214	27	2.215e-04	{V}
UPI000012EF98	SINGLE	4	1	19	4	6.290e-04	{M}
UPI000012EF98	SINGLE	5	91	169	15	7.543e-04	{A}
UPI000012EF98	MULTIPLE	1	5	214	81	7.502e-09	{IVMA}
UPI000012EF98	WHOLE	1	1	217	23	2.995e-04	{I}
UPI000012EF98	WHOLE	2	1	217	27	5.101e-04	{V}
UPI000012EFFE	SINGLE	1	47	196	28	1.414e-04	{L}
UPI000012F063	SINGLE	1	18	322	39	4.529e-08	{I}
UPI000012F063	SINGLE	2	207	307	20	6.950e-06	{G}
UPI000012F063	SINGLE	3	273	298	9	2.040e-05	{V}
UPI000012F063	SINGLE	4	155	211	10	5.532e-05	{F}
UPI000012F063	SINGLE	5	22	46	9	2.059e-04	{L}
UPI000012F063	MULTIPLE	1	16	327	167	1.438e-16	{IGVFL}
UPI000012F063	WHOLE	1	1	336	39	5.252e-07	{I}
UPI000012F063	WHOLE	2	1	336	38	4.751e-04	{G}
UPI000012F0BD	SINGLE	1	7	235	35	6.488e-05	{A}
UPI000012F0BD	SINGLE	2	135	220	12	2.506e-04	{Q}
UPI000012F0BD	SINGLE	3	68	287	22	5.724e-04	{R}
UPI000012F0BD	MULTIPLE	1	64	236	56	3.316e-07	{AQR}
UPI000012F0BD	WHOLE	1	1	316	40	8.765e-04	{A}
UPI000012F115	SINGLE	1	106	121	6	5.149e-05	{P}
UPI000012F115	SINGLE	2	23	224	30	3.041e-04	{A}
UPI000012F115	MULTIPLE	1	96	121	12	2.185e-05	{PA}
UPI000012F212	SINGLE	1	78	234	21	3.544e-06	{Q}
UPI000012F212	SINGLE	2	21	55	8	1.733e-04	{R}
UPI000012F212	SINGLE	3	170	190	4	2.285e-04	{W}
UPI000012F212	SINGLE	4	88	213	24	2.851e-04	{L}
UPI000012F212	MULTIPLE	1	78	234	54	9.322e-10	{QWL}
UPI000012F212	WHOLE	1	1	243	24	1.042e-04	{Q}
UPI000012F22F	SINGLE	1	319	365	11	1.604e-04	{G}
UPI000012F22F	SINGLE	2	30	137	13	5.778e-04	{Q}
UPI000012F22F	SINGLE	3	45	115	10	6.956e-04	{N}
UPI000012F22F	SINGLE	4	113	208	11	7.345e-04	{Y}
UPI000012F22F	MULTIPLE	1	30	208	42	1.799e-05	{QNY}
UPI000012F22F	WHOLE	1	1	365	41	3.506e-04	{G}
UPI000012F232	SINGLE	1	110	124	6	8.836e-05	{D}
UPI000012F234	SINGLE	1	257	412	25	8.819e-05	{S}
UPI000012F234	SINGLE	2	17	34	5	7.334e-04	{Q}
UPI000012F2B9	SINGLE	1	13	298	47	7.191e-07	{A}
UPI000012F2B9	SINGLE	2	122	412	50	7.211e-06	{L}
UPI000012F2B9	SINGLE	3	290	406	20	4.447e-05	{V}
UPI000012F2B9	SINGLE	4	27	173	18	2.358e-04	{I}
UPI000012F2B9	SINGLE	5	210	224	4	2.419e-04	{H}
UPI000012F2B9	MULTIPLE	1	13	412	182	1.868e-13	{ALVI}
UPI000012F2B9	WHOLE	1	1	412	60	1.214e-04	{L}
UPI000012F2B9	WHOLE	2	1	412	52	2.229e-04	{A}
UPI000012F2C4	SINGLE	1	20	140	19	2.033e-04	{E}
UPI000012F2C4	SINGLE	2	3	128	15	7.101e-04	{R}
UPI000012F2C4	MULTIPLE	1	20	140	32	2.116e-06	{ER}
UPI000012F2DA	SINGLE	1	53	229	21	8.399e-05	{R}
UPI000012F2DA	SINGLE	2	171	239	7	6.437e-04	{H}
UPI000012F2DA	MULTIPLE	1	53	229	28	2.596e-05	{RH}
UPI000012F2DA	WHOLE	1	1	329	29	6.823e-04	{R}
UPI000012F378	SINGLE	1	12	67	17	5.507e-06	{L}
UPI000012F378	SINGLE	2	140	222	13	1.562e-04	{I}
UPI000012F378	SINGLE	3	24	170	15	4.652e-04	{F}
UPI000012F378	MULTIPLE	1	12	164	43	4.608e-07	{LF}
UPI000012F378	WHOLE	1	1	229	36	5.351e-04	{L}
UPI000012F3D1	SINGLE	1	142	159	8	7.119e-06	{E}
UPI000012F3D1	SINGLE	2	6	56	13	1.680e-05	{G}
UPI000012F3D1	SINGLE	3	158	205	13	4.683e-05	{A}
UPI000012F3D1	SINGLE	4	74	94	5	7.041e-05	{M}
UPI000012F3D1	SINGLE	5	2	85	18	3.628e-04	{L}
UPI000012F3D1	MULTIPLE	1	2	85	31	1.554e-06	{GL}
UPI000012F3D8	SINGLE	1	109	259	20	2.729e-05	{R}
UPI000012F3D8	SINGLE	2	30	44	4	2.419e-04	{M}
UPI000012F3D8	SINGLE	3	284	307	6	5.903e-04	{P}
UPI000012F4A5	SINGLE	1	386	522	16	2.032e-04	{N}
UPI000012F4A5	SINGLE	2	212	226	6	2.045e-04	{V}
UPI000012F4A5	SINGLE	3	132	163	9	4.800e-04	{A}
UPI000012F4A5	SINGLE	4	86	133	5	6.595e-04	{W}
UPI000012F4A5	SINGLE	5	4	20	6	7.634e-04	{S}
UPI000012F4A5	MULTIPLE	1	83	163	18	2.739e-04	{AW}
UPI000012F4B0	SINGLE	1	85	111	7	1.925e-04	{R}
UPI000012F4B0	SINGLE	2	28	162	24	7.409e-04	{L}
UPI000012F4B0	MULTIPLE	1	28	162	36	4.563e-05	{RL}
UPI000012F562	SINGLE	1	14	112	25	1.788e-06	{L}
UPI000012F562	SINGLE	2	106	143	11	1.691e-05	{V}
UPI000012F562	SINGLE	3	10	147	10	3.905e-05	{W}
UPI000012F562	MULTIPLE	1	10	151	59	5.816e-12	{LVW}
UPI000012F562	WHOLE	1	1	162	10	1.423e-04	{W}
UPI000012F562	WHOLE	2	1	162	29	2.222e-04	{L}
UPI000012F562	WHOLE	3	1	162	22	5.009e-04	{V}
UPI000012F57F	SINGLE	1	26	60	6	9.194e-05	{H}
UPI000012F57F	SINGLE	2	154	223	8	1.227e-04	{M}
UPI000012F57F	SINGLE	3	240	280	10	1.856e-04	{V}
UPI000012F57F	SINGLE	4	125	144	7	4.883e-04	{A}
UPI000012F590	SINGLE	1	61	239	31	1.589e-05	{A}
UPI000012F590	SINGLE	2	237	345	19	6.766e-05	{G}
UPI000012F590	SINGLE	3	126	144	7	1.103e-04	{E}
UPI000012F590	SINGLE	4	235	260	7	3.644e-04	{D}
UPI000012F590	SINGLE	5	352	368	4	4.036e-04	{M}
UPI000012F590	MULTIPLE	1	55	368	87	3.088e-07	{AGM}
UPI000012F590	WHOLE	1	1	445	55	2.531e-04	{A}
UPI000012F590	WHOLE	2	1	445	48	3.098e-04	{G}
UPI000012F5D9	SINGLE	1	89	160	9	2.361e-05	{M}
UPI000012F5D9	SINGLE	2	19	316	31	3.038e-05	{R}
UPI000012F5D9	SINGLE	3	26	104	16	2.567e-04	{A}
UPI000012F5D9	SINGLE	4	76	131	11	6.332e-04	{E}
UPI000012F5D9	MULTIPLE	1	19	281	69	5.551e-07	{MRA}
UPI000012F5D9	WHOLE	1	1	323	31	1.229e-04	{R}
UPI000012F5DC	SINGLE	1	3	99	15	6.050e-05	{I}
UPI000012F5DC	SINGLE	2	78	93	5	2.574e-04	{F}
UPI000012F5DC	MULTIPLE	1	3	99	25	5.924e-07	{IF}
UPI000012F5DC	WHOLE	1	1	136	16	7.382e-04	{I}
UPI000012F69C	SINGLE	1	52	123	19	9.319e-08	{E}
UPI000012F69C	WHOLE	1	1	124	24	1.015e-06	{E}
UPI000012F6A4	SINGLE	1	15	29	7	2.514e-06	{R}
UPI000012F6A4	SINGLE	2	96	228	10	5.438e-04	{H}
UPI000012F7B6	SINGLE	1	220	240	6	1.841e-04	{Q}
UPI000012F7B6	SINGLE	2	8	50	10	2.776e-04	{V}
UPI000012F7B6	SINGLE	3	176	199	8	2.843e-04	{A}
UPI000012F7B6	SINGLE	4	27	152	8	5.184e-04	{W}
UPI000012F8E9	SINGLE	1	43	134	14	3.250e-05	{Q}
UPI000012F8F2	SINGLE	1	329	364	13	1.821e-07	{E}
UPI000012F8F2	SINGLE	2	169	345	24	3.388e-05	{D}
UPI000012F8F2	SINGLE	3	175	191	6	5.013e-05	{Q}
UPI000012F8F2	SINGLE	4	16	407	35	1.876e-04	{R}
UPI000012F8F2	SINGLE	5	206	234	9	6.862e-04	{L}
UPI000012F8F2	MULTIPLE	1	24	408	142	3.838e-09	{DQRL}
UPI000012F95E	SINGLE	1	288	304	8	1.664e-05	{A}
UPI000012F95E	SINGLE	2	26	48	8	6.542e-05	{G}
UPI000012F95E	SINGLE	3	79	180	19	2.244e-04	{A}
UPI000012FA85	SINGLE	1	15	140	22	1.989e-04	{A}
UPI000012FA85	SINGLE	2	56	81	8	2.967e-04	{S}
UPI000012FA85	SINGLE	3	83	188	21	3.780e-04	{L}
UPI000012FA85	SINGLE	4	278	294	5	5.538e-04	{Q}
UPI000012FA85	SINGLE	5	67	92	7	8.914e-04	{V}
UPI000012FA85	MULTIPLE	1	54	92	21	7.885e-06	{ASV}
UPI000012FD01	SINGLE	1	153	288	25	3.536e-05	{A}
UPI000012FD07	SINGLE	1	27	359	39	4.219e-07	{I}
UPI000012FD07	SINGLE	2	223	263	11	4.389e-05	{G}
UPI000012FD07	SINGLE	3	6	68	10	2.835e-04	{Q}
UPI000012FD07	SINGLE	4	257	301	5	6.721e-04	{C}
UPI000012FD07	MULTIPLE	1	27	359	47	3.754e-07	{IC}
UPI000012FD07	WHOLE	1	1	406	42	3.662e-06	{I}
UPI000012FD47	SINGLE	1	36	63	11	3.686e-06	{A}
UPI000012FD47	SINGLE	2	50	104	10	2.550e-04	{I}
UPI000012FD47	MULTIPLE	1	34	104	28	1.221e-08	{AI}
UPI000012FD47	WHOLE	1	1	229	36	2.976e-05	{A}
UPI000012FD53	SINGLE	1	34	60	10	3.623e-06	{E}
UPI000012FD53	SINGLE	2	20	97	14	1.481e-05	{R}
UPI000012FD53	SINGLE	3	117	253	11	1.741e-04	{H}
UPI000012FD53	MULTIPLE	1	20	97	26	1.608e-07	{ER}
UPI000012FD6A	SINGLE	1	34	75	10	2.278e-04	{V}
UPI000012FD6A	SINGLE	2	49	85	9	3.925e-04	{E}
UPI000012FD6A	MULTIPLE	1	33	85	20	3.838e-06	{VE}
UPI000012FD70	SINGLE	1	61	196	16	6.962e-10	{C}
UPI000012FD70	SINGLE	2	3	20	6	1.244e-04	{R}
UPI000012FD70	SINGLE	3	22	94	15	3.315e-04	{A}
UPI000012FD70	WHOLE	1	1	231	16	1.062e-06	{C}
UPI000012FD72	SINGLE	1	197	270	10	2.817e-07	{C}
UPI000012FD72	SINGLE	2	25	190	35	1.793e-06	{L}
UPI000012FD72	SINGLE	3	18	48	5	8.446e-05	{W}
UPI000012FD72	SINGLE	4	4	29	7	1.498e-04	{R}
UPI000012FD72	SINGLE	5	140	274	20	2.961e-04	{V}
UPI000012FD72	SINGLE	6	167	214	10	7.919e-04	{G}
UPI000012FD72	MULTIPLE	1	140	274	30	2.311e-07	{CV}
UPI000012FD72	MULTIPLE	2	4	214	83	7.543e-09	{LWRG}
UPI000012FD72	WHOLE	1	1	287	13	5.928e-04	{C}
UPI000012FD85	SINGLE	1	184	263	11	6.061e-08	{C}
UPI000012FD85	SINGLE	2	12	26	4	7.491e-05	{C}
UPI000012FD85	SINGLE	3	342	361	6	2.058e-04	{P}
UPI000012FD88	SINGLE	1	49	445	44	6.132e-10	{F}
UPI000012FD88	SINGLE	2	100	437	43	1.933e-05	{G}
UPI000012FD88	SINGLE	3	395	415	8	1.005e-04	{A}
UPI000012FD88	SINGLE	4	178	202	7	6.967e-04	{V}
UPI000012FD88	MULTIPLE	1	66	448	131	7.656e-14	{FGA}
UPI000012FD88	WHOLE	1	1	463	45	2.107e-08	{F}
UPI000012FD88	WHOLE	2	1	463	48	6.742e-04	{G}
UPI000012FD89	SINGLE	1	187	201	6	1.570e-04	{K}
UPI000012FD89	SINGLE	2	119	147	9	2.189e-04	{A}
UPI000012FD89	SINGLE	3	47	171	24	2.546e-04	{L}
UPI000012FD89	MULTIPLE	1	47	171	37	1.964e-04	{AL}
UPI000012FD90	SINGLE	1	2	511	82	2.750e-07	{L}
UPI000012FD90	SINGLE	2	38	535	46	9.739e-07	{Q}
UPI000012FD90	SINGLE	3	557	572	7	4.255e-06	{R}
UPI000012FD90	SINGLE	4	302	316	4	7.491e-05	{C}
UPI000012FD90	SINGLE	5	88	462	34	1.734e-04	{R}
UPI000012FD90	SINGLE	6	519	534	6	3.059e-04	{V}
UPI000012FD90	SINGLE	7	152	168	6	4.421e-04	{V}
UPI000012FD90	SINGLE	8	283	310	7	5.850e-04	{D}
UPI000012FD90	SINGLE	9	16	228	30	6.887e-04	{A}
UPI000012FD90	MULTIPLE	1	14	516	211	6.219e-15	{LQRA}
UPI000012FD90	MULTIPLE	2	290	316	10	8.448e-06	{CD}
UPI000012FD90	WHOLE	1	1	598	49	1.071e-05	{Q}
UPI000012FD90	WHOLE	2	1	598	84	3.050e-05	{L}
UPI000012FD90	WHOLE	3	1	598	47	3.290e-04	{R}
UPI0000130028	SINGLE	1	9	497	82	4.938e-08	{L}
UPI0000130028	SINGLE	2	150	168	7	1.092e-04	{V}
UPI0000130028	SINGLE	3	13	407	31	1.280e-04	{F}
UPI0000130028	SINGLE	4	297	437	18	1.440e-04	{I}
UPI0000130028	SINGLE	5	281	302	6	2.422e-04	{Q}
UPI0000130028	SINGLE	6	203	218	4	3.155e-04	{M}
UPI0000130028	SINGLE	7	24	38	5	5.275e-04	{I}
UPI0000130028	SINGLE	8	171	185	5	9.005e-04	{D}
UPI0000130028	SINGLE	9	370	388	5	9.524e-04	{Q}
UPI0000130028	MULTIPLE	1	23	497	209	2.222e-16	{LVFIM}
UPI0000130028	WHOLE	1	1	513	83	1.838e-07	{L}
UPI0000130028	WHOLE	2	1	513	35	5.918e-04	{F}
UPI0000130120	SINGLE	1	12	26	5	2.875e-04	{N}
UPI000013017A	SINGLE	1	13	90	20	1.385e-05	{L}
UPI000013017A	SINGLE	2	68	254	13	1.946e-04	{M}
UPI000013017A	SINGLE	3	87	101	6	2.293e-04	{G}
UPI000013017A	MULTIPLE	1	13	271	79	3.763e-07	{LMG}
UPI000013017A	WHOLE	1	1	277	45	6.880e-05	{L}
UPI0000130181	SINGLE	1	76	92	7	3.651e-08	{H}
UPI0000130181	SINGLE	2	22	37	5	6.419e-04	{R}
UPI0000130181	WHOLE	1	1	133	12	3.068e-05	{H}
UPI00001301A9	SINGLE	1	102	246	10	5.861e-05	{W}
UPI00001301A9	SINGLE	2	10	36	9	1.207e-04	{A}
UPI00001301A9	SINGLE	3	142	267	22	1.989e-04	{A}
UPI00001301A9	SINGLE	4	26	128	17	2.914e-04	{G}
UPI00001301A9	MULTIPLE	1	26	268	70	1.838e-07	{WAG}
UPI00001301A9	WHOLE	1	1	268	37	2.946e-04	{A}
UPI000013021C	SINGLE	1	119	172	10	7.906e-05	{Q}
UPI000013021C	SINGLE	2	184	234	13	9.048e-05	{A}
UPI000013021C	SINGLE	3	40	54	6	5.574e-04	{A}
UPI000013021C	WHOLE	1	1	344	43	7.652e-04	{A}
UPI000013021E	SINGLE	1	66	98	16	8.394e-14	{Q}
UPI000013021E	SINGLE	2	228	264	14	1.738e-08	{T}
UPI000013021E	SINGLE	3	32	96	14	1.249e-06	{P}
UPI000013021E	SINGLE	4	266	311	11	1.316e-04	{G}
UPI000013021E	SINGLE	5	31	48	5	7.186e-04	{N}
UPI000013021E	MULTIPLE	1	32	98	30	1.292e-14	{QP}
UPI000013021E	WHOLE	1	1	379	31	3.282e-04	{Q}
UPI000013021E	WHOLE	2	1	379	40	3.800e-04	{T}
UPI0000130223	SINGLE	1	14	288	46	2.960e-05	{L}
UPI0000130223	SINGLE	2	146	163	6	2.760e-04	{D}
UPI0000130223	SINGLE	3	101	142	7	7.609e-04	{Y}
UPI0000130223	MULTIPLE	1	30	292	84	6.920e-08	{LDY}
UPI0000130223	WHOLE	1	1	294	47	7.187e-05	{L}
UPI000013038F	SINGLE	1	79	116	6	1.464e-04	{H}
UPI000013038F	SINGLE	2	405	419	6	1.598e-04	{T}
UPI000013038F	SINGLE	3	315	330	4	3.155e-04	{M}
UPI00001304D9	SINGLE	1	16	131	15	3.108e-04	{R}
UPI00001304D9	SINGLE	2	50	102	11	4.649e-04	{G}
UPI00001304D9	MULTIPLE	1	50	102	18	1.012e-05	{RG}
UPI00001304EC	SINGLE	1	350	421	17	2.429e-05	{A}
UPI00001304EC	SINGLE	2	264	393	11	1.116e-04	{H}
UPI00001304EC	SINGLE	3	7	21	5	1.842e-04	{F}
UPI00001304EC	SINGLE	4	425	463	8	4.479e-04	{I}
UPI00001304EC	MULTIPLE	1	272	453	53	4.754e-07	{AHI}
UPI00001304EC	WHOLE	1	1	478	57	4.515e-04	{A}
UPI00001304F3	SINGLE	1	49	166	10	1.879e-05	{C}
UPI00001304F3	SINGLE	2	53	145	10	3.143e-05	{H}
UPI00001304F3	SINGLE	3	4	21	7	6.140e-04	{L}
UPI00001304F3	MULTIPLE	1	49	167	21	3.557e-09	{CH}
UPI00001304F3	WHOLE	1	1	188	10	7.423e-04	{C}
UPI00001304F5	SINGLE	1	46	172	16	2.516e-10	{C}
UPI00001304F5	WHOLE	1	1	223	16	6.750e-07	{C}
UPI00001305B4	SINGLE	1	13	279	47	6.906e-06	{L}
UPI00001305B4	SINGLE	2	113	127	6	2.215e-05	{Q}
UPI00001305B4	SINGLE	3	97	111	4	2.419e-04	{M}
UPI00001305B4	SINGLE	4	88	282	20	7.130e-04	{R}
UPI00001305B4	MULTIPLE	1	11	282	88	1.101e-08	{LQR}
UPI00001305B4	WHOLE	1	1	349	53	1.012e-04	{L}
UPI00001308F5	SINGLE	1	18	47	7	3.809e-04	{R}
UPI00001308FB	SINGLE	1	24	130	8	1.793e-04	{W}
UPI00001308FB	SINGLE	2	8	175	19	3.062e-04	{R}
UPI00001308FB	SINGLE	3	127	155	8	3.301e-04	{V}
UPI00001308FB	SINGLE	4	19	37	5	9.524e-04	{Q}
UPI00001308FB	MULTIPLE	1	52	147	29	3.906e-06	{WRV}
UPI00001308FB	WHOLE	1	1	176	19	5.265e-04	{R}
UPI00001309CF	SINGLE	1	68	108	8	1.400e-04	{F}
UPI00001309CF	SINGLE	2	119	134	5	6.419e-04	{R}
UPI00001309D6	SINGLE	1	180	215	8	2.122e-04	{R}
UPI00001309D6	SINGLE	2	148	162	5	4.135e-04	{P}
UPI00001309D6	SINGLE	3	34	58	6	4.915e-04	{N}
UPI00001309D6	SINGLE	4	39	170	10	5.140e-04	{M}
UPI00001309E7	SINGLE	1	10	30	7	2.224e-04	{E}
UPI00001309E7	SINGLE	2	92	137	5	7.420e-04	{C}
UPI00001309FB	SINGLE	1	31	282	29	1.892e-07	{F}
UPI00001309FB	SINGLE	2	64	298	14	5.087e-04	{M}
UPI00001309FB	MULTIPLE	1	31	300	45	6.518e-10	{FM}
UPI00001309FB	WHOLE	1	1	325	30	9.742e-06	{F}
UPI0000130A02	SINGLE	1	60	109	9	8.888e-08	{C}
UPI0000130A02	SINGLE	2	28	59	7	5.709e-04	{R}
UPI0000130A08	SINGLE	1	7	131	19	9.281e-06	{I}
UPI0000130A08	SINGLE	2	58	167	17	4.840e-04	{V}
UPI0000130A08	MULTIPLE	1	7	158	38	1.521e-06	{IV}
UPI0000130A0D	SINGLE	1	4	83	19	6.601e-05	{L}
UPI0000130A0D	SINGLE	2	41	78	10	4.217e-04	{A}
UPI0000130A0D	MULTIPLE	1	8	83	30	2.103e-06	{LA}
UPI0000130A0D	WHOLE	1	1	100	20	4.483e-04	{L}
UPI0000130A1E	SINGLE	1	2	486	76	1.766e-06	{L}
UPI0000130A1E	SINGLE	2	115	445	32	2.052e-06	{F}
UPI0000130A1E	SINGLE	3	69	467	24	7.205e-06	{M}
UPI0000130A1E	SINGLE	4	5	157	10	9.032e-05	{W}
UPI0000130A1E	SINGLE	5	247	353	20	1.515e-04	{A}
UPI0000130A1E	SINGLE	6	7	366	32	5.422e-04	{I}
UPI0000130A1E	MULTIPLE	1	1	480	193	3.199e-20	{LFMWI}
UPI0000130A1E	WHOLE	1	1	509	76	9.485e-06	{L}
UPI0000130A1E	WHOLE	2	1	509	40	1.744e-05	{F}
UPI0000130A1E	WHOLE	3	1	509	26	4.686e-05	{M}
UPI0000130A2E	SINGLE	1	98	359	33	6.126e-07	{I}
UPI0000130A2E	SINGLE	2	46	100	12	1.008e-06	{F}
UPI0000130A2E	SINGLE	3	166	188	6	7.449e-06	{M}
UPI0000130A2E	SINGLE	4	245	272	9	1.638e-04	{A}
UPI0000130A2E	SINGLE	5	5	145	25	6.153e-04	{L}
UPI0000130A2E	MULTIPLE	1	28	359	83	4.559e-13	{IFM}
UPI0000130A2E	WHOLE	1	1	400	39	2.711e-05	{I}
UPI0000130A2E	WHOLE	2	1	400	31	1.569e-04	{F}
UPI0000130A2F	SINGLE	1	202	402	26	8.104e-08	{F}
UPI0000130A2F	SINGLE	2	40	292	32	8.119e-07	{I}
UPI0000130A2F	SINGLE	3	85	401	21	6.221e-06	{M}
UPI0000130A2F	MULTIPLE	1	29	402	98	1.708e-16	{FIM}
UPI0000130A2F	WHOLE	1	1	418	38	1.130e-06	{F}
UPI0000130A2F	WHOLE	2	1	418	24	1.495e-05	{M}
UPI0000130A2F	WHOLE	3	1	418	40	3.249e-05	{I}
UPI0000130A38	SINGLE	1	225	485	41	9.614e-06	{A}
UPI0000130A38	SINGLE	2	4	476	55	1.258e-05	{E}
UPI0000130A38	SINGLE	3	46	270	25	5.719e-05	{R}
UPI0000130A38	SINGLE	4	45	341	36	1.328e-04	{V}
UPI0000130A38	SINGLE	5	427	475	10	2.492e-04	{D}
UPI0000130A38	MULTIPLE	1	7	486	230	7.766e-15	{AERVD}
UPI0000130A38	WHOLE	1	1	495	56	2.242e-05	{E}
UPI0000130A38	WHOLE	2	1	495	58	6.042e-04	{A}
UPI0000130BD9	SINGLE	1	625	646	5	8.914e-05	{H}
UPI0000130BD9	SINGLE	2	831	923	13	1.413e-04	{Q}
UPI0000130BD9	SINGLE	3	762	783	6	4.110e-04	{R}
UPI0000130BD9	SINGLE	4	212	310	16	5.307e-04	{G}
UPI0000130BD9	SINGLE	5	132	214	14	6.153e-04	{E}
UPI0000130BD9	SINGLE	6	254	453	25	7.272e-04	{V}
UPI0000130BD9	MULTIPLE	1	132	310	41	1.249e-04	{GE}
UPI0000130D1A	SINGLE	1	17	160	22	1.370e-04	{G}
UPI0000130D1A	SINGLE	2	35	103	13	2.146e-04	{T}
UPI0000130D1A	SINGLE	3	7	34	8	8.667e-04	{A}
UPI0000130D1A	MULTIPLE	1	5	143	55	1.802e-07	{GTA}
UPI0000130D20	SINGLE	1	51	132	13	9.779e-06	{Y}
UPI0000130D20	SINGLE	2	5	24	8	6.750e-05	{A}
UPI0000130D20	SINGLE	3	30	135	17	4.019e-04	{G}
UPI0000130D20	MULTIPLE	1	30	135	31	5.013e-08	{YG}
UPI0000130D20	WHOLE	1	1	171	16	5.345e-04	{Y}
UPI0000130D76	SINGLE	1	153	304	21	1.429e-05	{I}
UPI0000130D76	SINGLE	2	98	120	8	2.057e-04	{A}
UPI0000130D76	SINGLE	3	191	222	7	5.709e-04	{R}
UPI0000130D76	SINGLE	4	86	151	12	7.337e-04	{V}
UPI0000130D76	SINGLE	5	1	248	14	8.281e-04	{M}
UPI0000130D76	MULTIPLE	1	1	304	45	1.590e-06	{IM}
UPI0000130D76	MULTIPLE	2	86	155	24	1.602e-05	{AV}
UPI0000130D76	WHOLE	1	1	306	31	7.947e-05	{I}
UPI0000130D7C	SINGLE	1	95	230	25	1.577e-06	{V}
UPI0000130D7C	SINGLE	2	146	160	6	1.249e-05	{F}
UPI0000130D7C	SINGLE	3	1	179	13	1.290e-04	{M}
UPI0000130D7C	SINGLE	4	93	297	34	2.960e-04	{L}
UPI0000130D7C	SINGLE	5	81	131	11	3.333e-04	{G}
UPI0000130D7C	SINGLE	6	23	37	5	4.635e-04	{R}
UPI0000130D7C	MULTIPLE	1	40	273	100	4.441e-10	{VMLG}
UPI0000130D7C	WHOLE	1	1	302	44	7.198e-04	{L}
UPI0000130EBC	SINGLE	1	37	71	13	1.561e-07	{G}
UPI0000130EBC	SINGLE	2	10	46	10	3.371e-04	{A}
UPI0000130EBC	MULTIPLE	1	35	61	16	8.631e-08	{GA}
UPI0000130EBC	WHOLE	1	1	72	13	5.924e-04	{G}
UPI0000130EC0	SINGLE	1	63	194	22	2.890e-05	{V}
UPI0000130EC0	WHOLE	1	1	201	26	3.647e-04	{V}
UPI0000130F79	SINGLE	1	32	200	31	9.295e-05	{L}
UPI0000130F79	SINGLE	2	249	292	9	1.689e-04	{R}
UPI0000130F79	SINGLE	3	241	277	8	2.182e-04	{P}
UPI0000130F79	MULTIPLE	1	246	281	14	1.960e-06	{RP}
UPI0000130F79	WHOLE	1	1	305	44	8.619e-04	{L}
UPI0000131186	SINGLE	1	4	82	18	1.705e-04	{L}
UPI0000131186	SINGLE	2	29	215	28	4.046e-04	{A}
UPI0000131186	MULTIPLE	1	4	208	57	4.024e-05	{LA}
UPI000013119F	SINGLE	1	21	233	40	1.458e-07	{A}
UPI000013119F	SINGLE	2	166	226	12	8.648e-06	{Q}
UPI000013119F	SINGLE	3	13	231	37	1.225e-04	{L}
UPI000013119F	SINGLE	4	101	140	9	8.070e-04	{G}
UPI000013119F	MULTIPLE	1	9	233	95	1.079e-12	{AQL}
UPI000013119F	WHOLE	1	1	255	41	5.567e-06	{A}
UPI000013119F	WHOLE	2	1	255	39	5.606e-04	{L}
UPI00001311A2	SINGLE	1	60	79	8	6.750e-05	{A}
UPI00001311A2	SINGLE	2	99	119	6	1.841e-04	{Q}
UPI0000131256	SINGLE	1	32	50	8	1.327e-05	{G}
UPI0000131256	SINGLE	2	53	67	6	2.215e-05	{Q}
UPI0000131256	SINGLE	3	1	62	7	3.424e-04	{M}
UPI0000131256	SINGLE	4	25	69	8	5.029e-04	{N}
UPI0000131256	MULTIPLE	1	30	52	15	9.351e-09	{GMN}
UPI000013126F	SINGLE	1	63	108	13	2.908e-05	{A}
UPI000013126F	SINGLE	2	107	224	18	5.043e-04	{G}
UPI000013126F	SINGLE	3	163	180	7	6.140e-04	{L}
UPI000013126F	MULTIPLE	1	63	224	44	1.109e-05	{AG}
UPI00001312BB	SINGLE	1	28	87	10	5.105e-04	{I}
UPI00001312BB	SINGLE	2	59	79	7	6.750e-04	{A}
UPI00001312BB	MULTIPLE	1	27	88	22	3.150e-06	{IA}
UPI0000131389	SINGLE	1	523	630	21	6.103e-05	{A}
UPI0000131389	SINGLE	2	357	373	4	9.652e-05	{W}
UPI0000131389	SINGLE	3	22	42	8	2.978e-04	{L}
UPI0000131389	SINGLE	4	151	224	10	3.566e-04	{Y}
UPI0000131389	SINGLE	5	8	164	18	3.653e-04	{R}
UPI0000131389	SINGLE	6	59	88	7	4.505e-04	{I}
UPI0000131389	SINGLE	7	95	345	30	5.120e-04	{V}
UPI0000131389	SINGLE	8	96	115	6	5.140e-04	{D}
UPI0000131389	MULTIPLE	1	44	306	102	7.783e-07	{YRIVD}
UPI0000131425	SINGLE	1	5	468	55	6.352e-10	{R}
UPI0000131425	SINGLE	2	241	282	11	8.588e-04	{L}
UPI0000131425	WHOLE	1	1	472	55	1.176e-09	{R}
UPI000013142A	SINGLE	1	101	173	8	1.230e-05	{W}
UPI000013142A	SINGLE	2	37	54	5	3.167e-05	{M}
UPI000013142A	SINGLE	3	234	255	7	4.726e-05	{R}
UPI000013142B	SINGLE	1	74	99	7	1.284e-04	{P}
UPI000013142B	SINGLE	2	61	75	4	2.419e-04	{M}
UPI000013142B	MULTIPLE	1	61	99	12	6.144e-06	{PM}
UPI000013142C	SINGLE	1	101	263	35	1.173e-06	{L}
UPI000013142C	SINGLE	2	5	98	15	4.223e-05	{I}
UPI000013142C	SINGLE	3	141	160	5	5.484e-05	{H}
UPI000013142C	SINGLE	4	132	254	22	1.422e-04	{A}
UPI000013142C	SINGLE	5	11	50	7	6.984e-04	{F}
UPI000013142C	MULTIPLE	1	101	259	65	1.767e-10	{LHA}
UPI000013142C	MULTIPLE	2	5	98	22	1.337e-05	{IF}
UPI000013142C	WHOLE	1	1	309	52	8.698e-06	{L}
UPI000013142E	SINGLE	1	112	144	8	1.128e-04	{R}
UPI000013142E	SINGLE	2	158	178	8	2.978e-04	{L}
UPI000013142E	SINGLE	3	185	205	6	6.796e-04	{D}
UPI00001314AB	SINGLE	1	235	252	8	7.422e-07	{R}
UPI00001314AB	SINGLE	2	16	250	31	8.608e-05	{E}
UPI00001314AB	SINGLE	3	19	197	32	1.177e-04	{L}
UPI00001314AB	SINGLE	4	106	161	12	8.291e-04	{A}
UPI00001314AB	MULTIPLE	1	16	252	95	3.058e-12	{REL}
UPI00001314AB	WHOLE	1	1	254	28	2.586e-05	{R}
UPI00001314AB	WHOLE	2	1	254	31	3.143e-04	{E}
UPI00001314AB	WHOLE	3	1	254	38	9.332e-04	{L}
UPI00001314F5	SINGLE	1	53	83	7	4.042e-04	{P}
UPI00001314F5	SINGLE	2	38	186	23	7.855e-04	{A}
UPI00001314F5	SINGLE	3	166	217	6	7.926e-04	{H}
UPI00001314F5	MULTIPLE	1	38	217	47	2.462e-05	{PAH}
UPI0000131525	SINGLE	1	229	244	7	2.677e-04	{L}
UPI0000131525	SINGLE	2	97	269	23	5.103e-04	{V}
UPI0000131525	SINGLE	3	11	206	12	9.502e-04	{H}
UPI0000131525	MULTIPLE	1	147	244	29	2.254e-04	{LV}
UPI00001315DD	SINGLE	1	3	28	9	2.859e-04	{L}
UPI00001315DD	SINGLE	2	56	85	8	4.209e-04	{V}
UPI00001315F2	SINGLE	1	47	133	13	1.492e-04	{P}
UPI00001315F2	SINGLE	2	298	359	7	3.424e-04	{H}
UPI00001315F2	SINGLE	3	59	100	5	3.585e-04	{W}
UPI00001315F2	SINGLE	4	168	290	21	3.603e-04	{A}
UPI00001315F2	MULTIPLE	1	47	133	18	3.905e-06	{PW}
UPI0000131632	SINGLE	1	21	337	56	9.877e-07	{L}
UPI0000131632	SINGLE	2	148	317	28	3.553e-06	{V}
UPI0000131632	SINGLE	3	103	144	7	2.919e-05	{M}
UPI0000131632	SINGLE	4	231	330	13	1.104e-04	{F}
UPI0000131632	SINGLE	5	19	350	31	3.036e-04	{I}
UPI0000131632	SINGLE	6	73	88	6	3.059e-04	{V}
UPI0000131632	MULTIPLE	1	19	342	161	7.495e-19	{LVMFI}
UPI0000131632	WHOLE	1	1	353	58	6.037e-06	{L}
UPI0000131632	WHOLE	2	1	353	41	1.243e-04	{V}
UPI0000131632	WHOLE	3	1	353	31	7.678e-04	{I}
UPI000013186B	SINGLE	1	92	133	7	2.601e-06	{W}
UPI000013186B	SINGLE	2	68	170	15	1.180e-04	{I}
UPI000013186B	SINGLE	3	1	145	11	2.794e-04	{M}
UPI000013186B	MULTIPLE	1	1	170	40	2.763e-09	{WIM}
UPI000013186B	WHOLE	1	1	172	11	5.049e-05	{W}
UPI000013186D	SINGLE	1	23	228	17	1.592e-08	{W}
UPI000013186D	SINGLE	2	172	222	13	4.115e-04	{L}
UPI000013186D	SINGLE	3	71	85	6	5.574e-04	{A}
UPI000013186D	SINGLE	4	61	79	5	6.080e-04	{F}
UPI000013186D	MULTIPLE	1	61	85	11	4.565e-05	{AF}
UPI000013186D	WHOLE	1	1	254	17	3.111e-07	{W}
UPI0000131995	SINGLE	1	26	216	24	1.162e-05	{R}
UPI0000131995	SINGLE	2	15	97	11	6.684e-04	{Q}
UPI0000131995	MULTIPLE	1	13	216	41	7.704e-07	{RQ}
UPI0000131995	WHOLE	1	1	241	26	6.682e-05	{R}
UPI00001319A4	SINGLE	1	31	72	7	2.919e-05	{H}
UPI00001319A4	WHOLE	1	1	144	10	9.708e-04	{H}
UPI00001319C8	SINGLE	1	22	58	9	1.273e-04	{D}
UPI00001319CA	SINGLE	1	4	351	60	9.634e-07	{L}
UPI00001319CA	SINGLE	2	192	216	5	2.890e-05	{W}
UPI00001319CA	SINGLE	3	222	237	6	3.084e-04	{E}
UPI00001319CA	SINGLE	4	219	335	15	3.390e-04	{R}
UPI00001319CA	SINGLE	5	159	212	11	4.599e-04	{V}
UPI00001319CA	SINGLE	6	125	152	7	5.850e-04	{D}
UPI00001319CA	MULTIPLE	1	4	360	122	3.960e-08	{LWRV}
UPI00001319CA	WHOLE	1	1	486	68	1.503e-04	{L}
UPI0000131A13	SINGLE	1	698	719	8	3.977e-05	{E}
UPI0000131A13	SINGLE	2	120	154	10	5.422e-05	{G}
UPI0000131A13	SINGLE	3	42	142	21	1.982e-04	{L}
UPI0000131A13	SINGLE	4	301	603	17	2.825e-04	{H}
UPI0000131A13	SINGLE	5	549	648	14	2.865e-04	{I}
UPI0000131A13	SINGLE	6	50	70	6	3.138e-04	{R}
UPI0000131A13	SINGLE	7	421	437	6	4.421e-04	{V}
UPI0000131A13	SINGLE	8	389	695	26	5.097e-04	{N}
UPI0000131A13	SINGLE	9	736	771	8	5.570e-04	{D}
UPI0000131A13	MULTIPLE	1	75	142	26	4.834e-06	{GL}
UPI0000131A13	MULTIPLE	2	290	695	111	7.749e-07	{HIVN}
UPI0000131B2A	SINGLE	1	2	20	10	1.684e-06	{L}
UPI0000131B2A	SINGLE	2	321	475	13	3.129e-05	{M}
UPI0000131B2A	SINGLE	3	185	205	7	1.639e-04	{K}
UPI0000131B2A	SINGLE	4	105	267	19	2.987e-04	{I}
UPI0000131B2A	SINGLE	5	19	302	38	4.405e-04	{A}
UPI0000131B2A	SINGLE	6	395	464	13	4.545e-04	{G}
UPI0000131B2A	SINGLE	7	64	257	25	6.402e-04	{G}
UPI0000131B2A	SINGLE	8	63	109	12	6.556e-04	{L}
UPI0000131B2A	SINGLE	9	48	100	6	8.744e-04	{M}
UPI0000131B2A	MULTIPLE	1	1	298	122	5.032e-09	{LAGM}
UPI0000131B2A	MULTIPLE	2	66	242	46	1.304e-05	{IL}
UPI0000131B2A	WHOLE	1	1	499	23	4.524e-04	{M}
UPI0000131B2A	WHOLE	2	1	499	67	4.613e-04	{L}
UPI0000131C5E	SINGLE	1	4	297	48	3.750e-05	{L}
UPI0000131C5E	SINGLE	2	307	323	7	1.565e-04	{A}
UPI0000131C5E	SINGLE	3	310	330	6	1.841e-04	{Q}
UPI0000131C5E	SINGLE	4	23	115	17	5.565e-04	{A}
UPI0000131C5E	SINGLE	5	131	246	17	8.571e-04	{V}
UPI0000131C5E	MULTIPLE	1	4	301	74	1.374e-05	{LV}
UPI0000131C5E	MULTIPLE	2	307	334	15	1.318e-07	{AQ}
UPI0000131C5E	WHOLE	1	1	356	52	2.764e-04	{L}
UPI0000131D63	SINGLE	1	367	401	9	8.102e-05	{D}
UPI0000131D63	SINGLE	2	57	422	42	1.341e-04	{V}
UPI0000131D63	SINGLE	3	11	72	11	1.613e-04	{I}
UPI0000131D63	SINGLE	4	3	353	41	1.671e-04	{G}
UPI0000131D63	SINGLE	5	287	301	6	2.062e-04	{E}
UPI0000131D63	SINGLE	6	8	461	56	2.370e-04	{A}
UPI0000131D63	SINGLE	7	155	192	11	3.551e-04	{L}
UPI0000131D63	SINGLE	8	41	263	13	9.300e-04	{M}
UPI0000131D63	MULTIPLE	1	1	462	255	2.163e-15	{VIGALM}
UPI0000131D63	WHOLE	1	1	462	56	3.492e-04	{A}
UPI0000131D63	WHOLE	2	1	462	38	7.501e-04	{I}
UPI0000131D66	SINGLE	1	49	78	8	1.330e-05	{F}
UPI0000131D66	SINGLE	2	140	177	7	1.491e-05	{M}
UPI0000131D66	SINGLE	3	9	226	26	2.083e-05	{I}
UPI0000131D66	SINGLE	4	115	204	17	4.484e-05	{V}
UPI0000131D66	SINGLE	5	85	112	4	7.038e-04	{W}
UPI0000131D66	MULTIPLE	1	3	217	72	1.304e-09	{FIVW}
UPI0000131D66	WHOLE	1	1	239	26	9.051e-05	{I}
UPI0000131F9A	SINGLE	1	30	86	10	4.114e-05	{Y}
UPI0000131F9A	SINGLE	2	9	23	7	6.097e-05	{A}
UPI0000131F9A	SINGLE	3	106	328	21	4.403e-04	{N}
UPI0000131F9B	SINGLE	1	98	374	31	1.324e-05	{I}
UPI0000131F9B	SINGLE	2	1	87	10	1.777e-05	{M}
UPI0000131F9B	SINGLE	3	94	394	38	4.059e-05	{V}
UPI0000131F9B	SINGLE	4	63	168	19	4.642e-05	{G}
UPI0000131F9B	SINGLE	5	133	201	6	5.095e-04	{W}
UPI0000131F9B	SINGLE	6	49	266	30	9.655e-04	{A}
UPI0000131F9B	SINGLE	7	27	43	5	9.825e-04	{I}
UPI0000131F9B	MULTIPLE	1	35	396	127	1.087e-10	{IVWA}
UPI0000131F9B	MULTIPLE	2	9	168	52	7.711e-10	{MGI}
UPI0000131F9B	WHOLE	1	1	439	38	3.178e-04	{I}
UPI0000131F9B	WHOLE	2	1	439	46	4.591e-04	{V}
UPI0000131F9B	WHOLE	3	1	439	21	4.776e-04	{M}
UPI0000132068	SINGLE	1	7	25	10	3.887e-07	{A}
UPI0000132068	SINGLE	2	148	188	10	1.856e-04	{V}
UPI0000132126	SINGLE	1	56	296	46	9.940e-07	{L}
UPI0000132126	SINGLE	2	265	398	14	1.328e-06	{M}
UPI0000132126	SINGLE	3	224	241	5	7.284e-06	{C}
UPI0000132126	SINGLE	4	4	27	5	1.377e-04	{H}
UPI0000132126	SINGLE	5	2	36	5	2.098e-04	{C}
UPI0000132126	SINGLE	6	60	188	14	3.882e-04	{F}
UPI0000132126	SINGLE	7	347	369	7	4.064e-04	{V}
UPI0000132126	SINGLE	8	186	250	10	7.651e-04	{R}
UPI0000132126	SINGLE	9	43	58	6	8.219e-04	{A}
UPI0000132126	MULTIPLE	1	56	400	137	5.982e-12	{LMCFV}
UPI0000132126	MULTIPLE	2	2	36	10	4.172e-07	{HC}
UPI0000132126	WHOLE	1	1	417	61	9.708e-05	{L}
UPI0000132126	WHOLE	2	1	417	21	2.562e-04	{M}
UPI00001321D4	SINGLE	1	368	578	43	3.691e-07	{L}
UPI00001321D4	SINGLE	2	107	133	8	1.183e-05	{Q}
UPI00001321D4	SINGLE	3	195	214	7	2.369e-05	{R}
UPI00001321D4	SINGLE	4	548	570	7	4.101e-04	{E}
UPI00001321D4	SINGLE	5	39	64	4	6.870e-04	{C}
UPI00001321D4	MULTIPLE	1	368	578	62	2.313e-07	{LE}
UPI00001321D4	WHOLE	1	1	581	75	6.615e-04	{L}
UPI00001322F5	SINGLE	1	43	212	31	5.731e-06	{A}
UPI00001322F5	SINGLE	2	6	30	8	1.258e-04	{G}
UPI00001322F5	SINGLE	3	164	260	9	2.286e-04	{M}
UPI00001322F5	SINGLE	4	5	116	15	2.874e-04	{I}
UPI00001322F5	MULTIPLE	1	1	260	73	2.365e-08	{AMI}
UPI00001322F5	WHOLE	1	1	269	38	1.636e-04	{A}
UPI000013232A	SINGLE	1	72	316	24	4.552e-04	{R}
UPI0000132331	SINGLE	1	14	200	15	1.386e-05	{H}
UPI0000132331	SINGLE	2	16	184	10	1.979e-04	{W}
UPI0000132331	SINGLE	3	83	98	4	3.155e-04	{M}
UPI0000132331	SINGLE	4	60	123	10	3.214e-04	{Q}
UPI0000132331	MULTIPLE	1	3	200	43	1.137e-09	{HWQ}
UPI0000132331	WHOLE	1	1	218	15	7.589e-05	{H}
UPI0000132331	WHOLE	2	1	218	20	8.246e-04	{Q}
UPI00001327AB	SINGLE	1	16	35	9	2.743e-05	{L}
UPI00001327AB	SINGLE	2	65	89	7	3.276e-05	{F}
UPI00001327AB	SINGLE	3	92	123	8	1.091e-04	{I}
UPI00001327AB	WHOLE	1	1	136	26	1.601e-04	{L}
UPI00001327AE	SINGLE	1	29	87	12	6.071e-06	{Q}
UPI00001327FB	SINGLE	1	89	117	7	3.066e-04	{R}
UPI00001327FB	SINGLE	2	19	42	7	5.364e-04	{V}
UPI0000132811	SINGLE	1	432	449	8	7.422e-07	{R}
UPI0000132811	SINGLE	2	256	450	22	1.739e-04	{I}
UPI0000132811	SINGLE	3	76	223	18	1.843e-04	{R}
UPI0000132811	SINGLE	4	238	407	28	9.553e-04	{L}
UPI0000132811	SINGLE	5	25	236	23	9.924e-04	{D}
UPI0000132811	MULTIPLE	1	238	451	74	2.661e-08	{RIL}
UPI0000132811	MULTIPLE	2	25	236	43	7.715e-06	{RD}
UPI0000132811	WHOLE	1	1	451	40	8.518e-05	{R}
UPI00001328AD	SINGLE	1	104	624	53	4.115e-07	{I}
UPI00001328AD	SINGLE	2	100	451	29	9.262e-05	{F}
UPI00001328AD	SINGLE	3	48	573	57	9.459e-05	{G}
UPI00001328AD	SINGLE	4	96	281	33	1.088e-04	{L}
UPI00001328AD	SINGLE	5	52	77	8	1.470e-04	{V}
UPI00001328AD	SINGLE	6	458	489	7	4.933e-04	{P}
UPI00001328AD	SINGLE	7	539	605	11	8.192e-04	{D}
UPI00001328AD	MULTIPLE	1	94	591	223	1.133e-13	{IFGLP}
UPI00001328AD	WHOLE	1	1	625	58	2.211e-06	{I}
UPI00001328AD	WHOLE	2	1	625	63	2.849e-04	{G}
UPI00001328BA	SINGLE	1	31	52	9	1.926e-05	{A}
UPI00001328BA	SINGLE	2	1	98	9	2.457e-04	{M}
UPI00001328BA	MULTIPLE	1	31	64	14	1.733e-06	{AM}
UPI00001328BA	WHOLE	1	1	116	9	8.019e-04	{M}
UPI00001328BE	SINGLE	1	91	105	7	6.097e-05	{A}
UPI00001328DB	SINGLE	1	122	376	34	1.138e-07	{I}
UPI00001328DB	SINGLE	2	26	457	59	1.222e-05	{A}
UPI00001328DB	SINGLE	3	132	372	24	2.064e-05	{F}
UPI00001328DB	SINGLE	4	27	460	49	1.033e-04	{G}
UPI00001328DB	SINGLE	5	12	100	16	1.306e-04	{V}
UPI00001328DB	SINGLE	6	427	455	8	3.301e-04	{V}
UPI00001328DB	MULTIPLE	1	20	460	220	5.024e-19	{IAFGV}
UPI00001328DB	WHOLE	1	1	477	44	3.285e-05	{I}
UPI00001328DB	WHOLE	2	1	477	61	5.526e-05	{A}
UPI00001328DB	WHOLE	3	1	477	50	4.346e-04	{G}
UPI0000132919	SINGLE	1	101	152	13	2.092e-05	{G}
UPI0000132919	SINGLE	2	10	43	9	7.625e-04	{A}
UPI0000132970	SINGLE	1	3	198	30	2.944e-08	{I}
UPI0000132970	SINGLE	2	68	159	23	3.732e-07	{A}
UPI0000132970	SINGLE	3	188	207	5	5.484e-05	{M}
UPI0000132970	SINGLE	4	151	236	16	8.737e-05	{V}
UPI0000132970	SINGLE	5	208	222	5	1.842e-04	{F}
UPI0000132970	MULTIPLE	1	66	198	62	6.253e-13	{IAV}
UPI0000132970	WHOLE	1	1	266	32	2.323e-06	{I}
UPI0000132970	WHOLE	2	1	266	40	3.174e-05	{A}
UPI000013298E	SINGLE	1	125	176	14	2.635e-05	{A}
UPI000013298E	SINGLE	2	6	64	15	1.635e-04	{L}
UPI000013298E	SINGLE	3	103	241	15	2.650e-04	{F}
UPI000013298E	SINGLE	4	41	100	12	3.750e-04	{G}
UPI000013298E	MULTIPLE	1	113	241	36	3.438e-07	{AF}
UPI000013298E	MULTIPLE	2	6	106	34	5.126e-06	{LG}
UPI000013298E	WHOLE	1	1	267	36	5.190e-04	{A}
UPI00001329D0	SINGLE	1	25	74	10	9.405e-04	{E}
UPI00001329DB	SINGLE	1	6	30	9	6.191e-05	{A}
UPI00001329DB	WHOLE	1	1	106	19	3.607e-04	{A}
UPI00001329E1	SINGLE	1	50	64	5	5.275e-04	{I}
UPI00001329E1	SINGLE	2	1	21	4	9.292e-04	{M}
UPI0000132B72	SINGLE	1	185	235	9	6.260e-04	{I}
UPI0000132B72	SINGLE	2	189	239	6	7.169e-04	{H}
UPI0000132B72	MULTIPLE	1	185	239	15	3.736e-06	{IH}
UPI0000132C93	SINGLE	1	138	336	25	1.254e-05	{I}
UPI0000132C93	SINGLE	2	111	143	7	3.754e-04	{N}
UPI0000132C93	SINGLE	3	51	141	15	6.280e-04	{G}
UPI0000132C93	MULTIPLE	1	59	336	59	1.602e-06	{IG}
UPI0000132C93	WHOLE	1	1	336	30	7.129e-04	{I}
UPI0000132E70	SINGLE	1	50	178	25	1.694e-04	{L}
UPI0000132E70	SINGLE	2	60	207	18	1.843e-04	{R}
UPI0000132E70	SINGLE	3	193	210	4	5.076e-04	{H}
UPI0000132E70	MULTIPLE	1	50	201	44	8.292e-07	{LR}
UPI0000132E81	SINGLE	1	239	268	9	2.883e-04	{A}
UPI0000132E81	SINGLE	2	198	258	12	3.631e-04	{V}
UPI0000132E81	SINGLE	3	28	56	9	6.862e-04	{L}
UPI0000132E81	MULTIPLE	1	195	268	25	1.446e-05	{AV}
UPI00001330B5	SINGLE	1	7	59	14	1.735e-04	{L}
UPI00001330B5	SINGLE	2	155	208	10	2.194e-04	{I}
UPI00001330B5	SINGLE	3	132	173	6	2.547e-04	{H}
UPI00001330B5	SINGLE	4	97	121	7	7.029e-04	{E}
UPI00001330B5	MULTIPLE	1	122	208	20	1.851e-06	{IH}
UPI0000133119	SINGLE	1	63	256	35	5.117e-05	{L}
UPI0000133119	SINGLE	2	19	221	23	1.205e-04	{I}
UPI0000133119	SINGLE	3	18	283	23	2.215e-04	{F}
UPI0000133119	MULTIPLE	1	11	283	91	5.862e-10	{LIF}
UPI0000133119	WHOLE	1	1	296	23	8.664e-04	{F}
UPI0000133119	WHOLE	2	1	296	27	9.069e-04	{I}
UPI0000133389	SINGLE	1	147	196	15	2.199e-05	{L}
UPI0000133389	SINGLE	2	55	79	7	3.276e-05	{F}
UPI0000133389	SINGLE	3	69	268	22	2.430e-04	{I}
UPI0000133389	SINGLE	4	128	259	8	6.959e-04	{W}
UPI0000133389	SINGLE	5	16	50	10	7.143e-04	{L}
UPI0000133389	MULTIPLE	1	109	272	55	7.343e-09	{LIW}
UPI0000133389	WHOLE	1	1	290	44	3.336e-04	{L}
UPI000013347F	SINGLE	1	7	106	15	8.509e-05	{I}
UPI000013347F	SINGLE	2	109	192	14	4.326e-04	{K}
UPI0000133484	SINGLE	1	23	48	8	1.494e-05	{P}
UPI000013348D	SINGLE	1	246	278	9	4.962e-05	{D}
UPI000013348D	SINGLE	2	1	49	7	7.964e-05	{M}
UPI000013348D	SINGLE	3	70	108	10	8.124e-05	{K}
UPI000013348D	SINGLE	4	151	201	13	4.115e-04	{L}
UPI00001335A0	SINGLE	1	46	142	22	3.953e-05	{L}
UPI00001335A0	SINGLE	2	6	235	23	4.452e-04	{R}
UPI00001335A0	MULTIPLE	1	6	229	55	9.398e-06	{LR}
UPI00001335A0	WHOLE	1	1	242	23	8.427e-04	{R}
UPI00001335C6	SINGLE	1	57	84	5	7.111e-05	{C}
UPI0000133659	SINGLE	1	555	588	8	7.098e-05	{Q}
UPI0000133659	SINGLE	2	89	150	13	1.124e-04	{V}
UPI0000133659	SINGLE	3	96	681	48	1.240e-04	{R}
UPI0000133659	SINGLE	4	207	437	15	1.395e-04	{H}
UPI0000133659	SINGLE	5	454	468	5	2.936e-04	{Q}
UPI0000133659	SINGLE	6	347	366	7	4.883e-04	{A}
UPI0000133659	SINGLE	7	155	248	15	7.167e-04	{E}
UPI0000133659	MULTIPLE	1	89	681	123	2.822e-07	{VRH}
UPI0000133659	WHOLE	1	1	744	55	4.754e-04	{R}
UPI000013369F	SINGLE	1	121	276	24	3.511e-07	{R}
UPI000013369F	SINGLE	2	275	299	7	9.845e-05	{P}
UPI000013369F	SINGLE	3	116	130	6	3.585e-04	{S}
UPI000013369F	SINGLE	4	305	321	7	4.133e-04	{L}
UPI000013369F	WHOLE	1	1	325	31	1.365e-04	{R}
UPI0000133730	SINGLE	1	20	97	13	2.334e-05	{Q}
UPI0000133730	SINGLE	2	34	328	31	2.527e-05	{R}
UPI0000133730	SINGLE	3	10	161	23	8.714e-05	{E}
UPI0000133730	SINGLE	4	63	77	4	2.419e-04	{M}
UPI0000133730	SINGLE	5	268	291	8	2.843e-04	{A}
UPI0000133730	SINGLE	6	154	181	8	2.943e-04	{G}
UPI0000133730	MULTIPLE	1	10	316	115	1.394e-08	{QREA}
UPI0000133730	WHOLE	1	1	360	32	3.495e-04	{R}
UPI000013376E	SINGLE	1	32	172	28	8.094e-08	{E}
UPI000013376E	SINGLE	2	282	307	8	1.054e-04	{K}
UPI000013376E	SINGLE	3	227	242	6	1.335e-04	{D}
UPI000013376E	SINGLE	4	273	308	7	6.599e-04	{Q}
UPI000013376E	MULTIPLE	1	273	308	15	1.140e-06	{KQ}
UPI000013376E	WHOLE	1	1	365	40	4.433e-04	{E}
UPI00001337FD	SINGLE	1	4	52	9	4.678e-04	{I}
UPI00001337FD	SINGLE	2	90	152	9	5.866e-04	{F}
UPI000013389B	SINGLE	1	380	416	6	1.260e-04	{M}
UPI000013389B	SINGLE	2	203	289	15	3.206e-04	{V}
UPI000013389B	SINGLE	3	117	151	7	5.411e-04	{N}
UPI000013389B	SINGLE	4	87	173	12	6.514e-04	{R}
UPI000013389B	MULTIPLE	1	87	173	20	6.034e-05	{NR}
UPI00001338B5	SINGLE	1	14	188	20	2.745e-04	{I}
UPI00001338B5	SINGLE	2	132	146	5	2.936e-04	{Q}
UPI00001338B5	MULTIPLE	1	43	176	27	5.701e-05	{IQ}
UPI00001338DE	SINGLE	1	30	304	28	9.614e-05	{R}
UPI00001338DE	SINGLE	2	195	275	14	4.782e-04	{V}
UPI00001338DE	SINGLE	3	124	251	19	5.038e-04	{G}
UPI00001338DE	SINGLE	4	95	157	9	5.866e-04	{F}
UPI00001338DE	MULTIPLE	1	71	277	74	1.694e-06	{RVGF}
UPI00001338DE	WHOLE	1	1	313	29	3.297e-04	{R}
UPI0000133909	SINGLE	1	45	59	6	2.215e-05	{Q}
UPI0000133909	SINGLE	2	69	179	15	8.406e-04	{D}
UPI0000133D38	SINGLE	1	33	75	10	2.776e-04	{V}
UPI0000133D38	SINGLE	2	76	90	5	4.635e-04	{R}
UPI0000133F0B	SINGLE	1	16	40	4	5.908e-04	{C}
UPI00001341E9	SINGLE	1	23	111	21	3.053e-06	{A}
UPI00001341E9	SINGLE	2	103	147	12	1.754e-05	{V}
UPI00001341E9	MULTIPLE	1	19	148	41	3.137e-07	{AV}
UPI00001341E9	WHOLE	1	1	149	24	3.505e-04	{A}
UPI00001341E9	WHOLE	2	1	149	20	9.627e-04	{V}
UPI0000134285	SINGLE	1	174	190	8	2.984e-06	{T}
UPI000013428A	SINGLE	1	21	319	33	5.533e-06	{R}
UPI000013428A	SINGLE	2	57	79	7	4.101e-04	{E}
UPI000013428A	SINGLE	3	110	126	6	4.943e-04	{G}
UPI000013428A	WHOLE	1	1	319	33	1.975e-05	{R}
UPI0000134292	SINGLE	1	192	245	10	2.199e-07	{H}
UPI0000134292	SINGLE	2	157	285	18	3.346e-05	{R}
UPI0000134292	SINGLE	3	82	96	6	4.559e-05	{I}
UPI0000134292	SINGLE	4	57	91	9	2.548e-04	{E}
UPI0000134292	SINGLE	5	246	260	5	4.135e-04	{P}
UPI0000134292	MULTIPLE	1	188	260	30	1.297e-10	{HRP}
UPI0000134292	MULTIPLE	2	63	96	16	2.105e-07	{IE}
UPI0000134292	WHOLE	1	1	326	18	2.337e-04	{H}
UPI00001342F6	SINGLE	1	3	51	9	3.829e-04	{R}
UPI00001342F6	WHOLE	1	1	55	9	8.826e-04	{R}
UPI000013434C	SINGLE	1	59	108	9	4.446e-04	{R}
UPI0000134385	SINGLE	1	49	161	14	4.007e-09	{C}
UPI0000134385	WHOLE	1	1	192	14	2.663e-06	{C}
UPI000013440B	SINGLE	1	4	18	5	5.275e-04	{I}
UPI0000134428	SINGLE	1	57	76	8	1.937e-06	{R}
UPI0000134428	SINGLE	2	17	32	5	4.085e-04	{Q}
UPI0000134428	WHOLE	1	1	119	18	1.145e-05	{R}
UPI0000134519	SINGLE	1	55	119	11	1.925e-04	{R}
UPI000013452B	SINGLE	1	23	359	38	1.421e-06	{I}
UPI000013452B	SINGLE	2	137	349	41	2.862e-06	{L}
UPI000013452B	SINGLE	3	45	63	5	4.205e-05	{M}
UPI000013452B	SINGLE	4	316	339	8	7.912e-05	{V}
UPI000013452B	SINGLE	5	16	33	8	8.554e-05	{L}
UPI000013452B	SINGLE	6	223	354	21	1.095e-04	{G}
UPI000013452B	MULTIPLE	1	20	357	177	6.694e-19	{ILMVG}
UPI000013452B	WHOLE	1	1	370	38	1.141e-05	{I}
UPI000013452B	WHOLE	2	1	370	57	4.169e-05	{L}
UPI000013452B	WHOLE	3	1	370	19	3.782e-04	{M}
UPI0000134562	SINGLE	1	179	248	15	4.651e-06	{D}
UPI000013461C	SINGLE	1	13	30	7	2.360e-04	{A}
UPI000013461C	SINGLE	2	159	173	5	4.635e-04	{R}
UPI000013461C	SINGLE	3	187	201	6	5.574e-04	{A}
UPI0000134637	SINGLE	1	21	97	14	3.537e-04	{G}
UPI0000134637	SINGLE	2	78	189	14	8.486e-04	{I}
UPI0000134637	SINGLE	3	133	218	14	8.508e-04	{V}
UPI0000134637	MULTIPLE	1	18	218	68	3.767e-08	{GIV}
UPI0000134643	SINGLE	1	56	71	7	3.474e-05	{G}
UPI0000134644	SINGLE	1	218	237	6	2.742e-04	{I}
UPI0000134644	SINGLE	2	191	208	6	6.200e-04	{V}
UPI000013471A	SINGLE	1	136	211	17	4.779e-06	{E}
UPI000013471A	SINGLE	2	250	362	18	5.618e-06	{R}
UPI000013471A	SINGLE	3	1374	1394	9	1.235e-05	{A}
UPI000013471A	SINGLE	4	117	491	59	1.781e-05	{L}
UPI000013471A	SINGLE	5	801	1285	53	7.722e-05	{V}
UPI000013471A	SINGLE	6	1140	1373	25	1.036e-04	{R}
UPI000013471A	SINGLE	7	648	666	7	1.103e-04	{E}
UPI000013471A	SINGLE	8	729	1403	69	1.140e-04	{G}
UPI000013471A	SINGLE	9	58	88	5	1.171e-04	{C}
UPI000013471A	SINGLE	10	234	254	6	2.747e-04	{P}
UPI000013471A	SINGLE	11	578	759	20	4.415e-04	{I}
UPI000013471A	SINGLE	12	942	970	8	6.512e-04	{S}
UPI000013471A	SINGLE	13	697	747	6	7.169e-04	{M}
UPI000013471A	SINGLE	14	908	923	5	7.294e-04	{I}
UPI000013471A	SINGLE	15	391	791	48	9.880e-04	{A}
UPI000013471A	MULTIPLE	1	117	483	90	3.574e-06	{EL}
UPI000013471A	MULTIPLE	2	388	1381	408	1.143e-12	{VRGIA}
UPI000013471A	WHOLE	1	1	1407	99	4.467e-05	{R}
UPI000013477E	SINGLE	1	9	50	11	4.601e-05	{V}
UPI000013477E	SINGLE	2	102	158	12	1.955e-04	{E}
UPI0000134A52	SINGLE	1	52	250	30	2.396e-04	{A}
UPI0000134A52	SINGLE	2	183	201	4	6.290e-04	{H}
UPI0000134A52	MULTIPLE	1	52	250	37	9.355e-05	{AH}
UPI0000134A54	SINGLE	1	122	150	5	3.445e-04	{M}
UPI0000134A54	SINGLE	2	55	203	21	4.108e-04	{V}
UPI0000134A54	SINGLE	3	176	198	6	5.293e-04	{R}
UPI0000134A54	MULTIPLE	1	87	165	20	7.252e-06	{MV}
UPI0000134E23	SINGLE	1	24	508	65	1.811e-08	{V}
UPI0000134E23	SINGLE	2	401	554	27	4.144e-05	{A}
UPI0000134E23	SINGLE	3	3	557	60	4.230e-05	{E}
UPI0000134E23	MULTIPLE	1	10	538	124	2.148e-11	{VE}
UPI0000134E23	WHOLE	1	1	557	67	5.610e-07	{V}
UPI0000134E23	WHOLE	2	1	557	60	4.656e-05	{E}
UPI00001351EC	SINGLE	1	70	216	29	6.445e-12	{Q}
UPI00001351EC	SINGLE	2	67	96	7	3.283e-04	{P}
UPI00001351EC	SINGLE	3	170	185	5	6.419e-04	{R}
UPI00001351EC	WHOLE	1	1	216	32	1.157e-09	{Q}
UPI00001351F0	SINGLE	1	74	99	10	4.926e-05	{L}
UPI00001351F0	SINGLE	2	20	35	4	9.828e-05	{C}
UPI00001351F0	SINGLE	3	109	123	6	2.293e-04	{G}
UPI000013521C	SINGLE	1	201	215	4	2.419e-04	{H}
UPI000013537B	SINGLE	1	214	231	8	7.422e-07	{R}
UPI000013553A	SINGLE	1	7	23	10	4.299e-07	{L}
UPI000013553A	SINGLE	2	34	84	10	1.533e-05	{Y}
UPI000013553A	SINGLE	3	200	227	7	2.101e-04	{P}
UPI000013554B	SINGLE	1	2	304	34	5.180e-06	{I}
UPI000013554B	SINGLE	2	126	141	8	3.052e-05	{L}
UPI000013554B	SINGLE	3	40	54	4	5.704e-05	{W}
UPI000013554B	SINGLE	4	5	19	7	1.659e-04	{L}
UPI000013554B	SINGLE	5	4	159	16	2.973e-04	{F}
UPI000013554B	MULTIPLE	1	2	305	109	1.319e-11	{ILWF}
UPI000013554B	WHOLE	1	1	321	34	1.656e-05	{I}
UPI000013554B	WHOLE	2	1	321	47	4.654e-04	{L}
UPI000013554E	SINGLE	1	59	283	42	4.765e-06	{L}
UPI000013554E	SINGLE	2	95	272	30	3.508e-05	{A}
UPI000013554E	SINGLE	3	32	125	17	9.876e-05	{G}
UPI000013554E	MULTIPLE	1	27	272	101	6.805e-10	{LAG}
UPI000013554E	WHOLE	1	1	296	46	1.553e-04	{L}
UPI000013554E	WHOLE	2	1	296	38	8.881e-04	{A}
UPI0000135551	SINGLE	1	62	142	15	5.113e-06	{R}
UPI0000135551	SINGLE	2	117	131	4	5.704e-05	{W}
UPI0000135551	SINGLE	3	242	309	11	2.313e-04	{P}
UPI0000135551	MULTIPLE	1	61	142	20	1.013e-07	{RW}
UPI000013559F	SINGLE	1	2	164	21	1.376e-06	{F}
UPI000013559F	SINGLE	2	19	111	9	9.869e-06	{W}
UPI000013559F	SINGLE	3	22	248	25	1.001e-04	{I}
UPI000013559F	SINGLE	4	97	163	13	2.454e-04	{V}
UPI000013559F	SINGLE	5	309	326	5	3.959e-04	{Y}
UPI000013559F	MULTIPLE	1	2	250	86	6.458e-12	{FWIV}
UPI000013559F	WHOLE	1	1	406	35	8.484e-06	{F}
UPI000013559F	WHOLE	2	1	406	34	9.790e-04	{I}
UPI000013570C	SINGLE	1	34	423	47	1.396e-08	{I}
UPI000013570C	SINGLE	2	1	415	28	1.546e-07	{M}
UPI000013570C	SINGLE	3	276	312	10	3.371e-04	{A}
UPI000013570C	SINGLE	4	28	49	7	3.432e-04	{G}
UPI000013570C	SINGLE	5	176	213	11	3.551e-04	{L}
UPI000013570C	SINGLE	6	61	267	18	8.631e-04	{F}
UPI000013570C	MULTIPLE	1	24	428	101	1.973e-15	{IMF}
UPI000013570C	WHOLE	1	1	429	48	9.297e-08	{I}
UPI000013570C	WHOLE	2	1	429	28	2.959e-07	{M}
UPI000013572A	SINGLE	1	279	296	8	8.226e-06	{G}
UPI000013572A	SINGLE	2	298	321	5	1.377e-04	{H}
UPI000013572A	SINGLE	3	133	150	7	6.140e-04	{L}
UPI000013572A	SINGLE	4	52	72	7	6.750e-04	{A}
UPI000013572A	WHOLE	1	1	442	46	7.694e-04	{G}
UPI0000135763	SINGLE	1	32	849	92	1.453e-07	{E}
UPI0000135763	SINGLE	2	481	507	10	1.847e-05	{A}
UPI0000135763	SINGLE	3	561	663	16	2.411e-05	{R}
UPI0000135763	SINGLE	4	858	872	7	6.097e-05	{A}
UPI0000135763	SINGLE	5	842	860	6	1.006e-04	{Q}
UPI0000135763	SINGLE	6	590	612	5	1.114e-04	{M}
UPI0000135763	SINGLE	7	214	744	45	1.696e-04	{I}
UPI0000135763	SINGLE	8	758	854	9	2.286e-04	{M}
UPI0000135763	SINGLE	9	8	22	5	4.635e-04	{R}
UPI0000135763	SINGLE	10	640	725	13	6.488e-04	{D}
UPI0000135763	MULTIPLE	1	27	854	234	1.277e-12	{ERMI}
UPI0000135763	MULTIPLE	2	842	873	16	1.746e-07	{AQ}
UPI0000135763	WHOLE	1	1	901	93	4.015e-06	{E}
UPI0000135763	WHOLE	2	1	901	66	2.071e-04	{R}
UPI00001357C5	SINGLE	1	109	126	8	8.554e-05	{L}
UPI00001357C5	SINGLE	2	26	46	8	1.005e-04	{A}
UPI0000135816	SINGLE	1	98	165	18	2.691e-06	{A}
UPI0000135816	SINGLE	2	244	462	40	1.274e-05	{L}
UPI0000135816	SINGLE	3	6	140	16	5.152e-04	{R}
UPI0000135816	MULTIPLE	1	14	165	40	2.513e-06	{AR}
UPI0000135816	WHOLE	1	1	463	68	3.981e-05	{L}
UPI0000135816	WHOLE	2	1	463	54	9.433e-04	{A}
UPI0000135864	SINGLE	1	37	123	16	7.328e-04	{A}
UPI00001358B0	SINGLE	1	9	23	8	5.187e-06	{A}
UPI00001358B0	SINGLE	2	86	108	9	2.916e-05	{A}
UPI00001358B0	SINGLE	3	38	149	14	2.445e-04	{N}
UPI00001358B0	SINGLE	4	111	127	6	3.477e-04	{T}
UPI00001358B0	MULTIPLE	1	63	129	29	1.573e-06	{ANT}
UPI00001358B0	WHOLE	1	1	180	30	4.297e-05	{A}
UPI00001358CC	SINGLE	1	25	70	10	3.416e-04	{T}
UPI00001358CC	SINGLE	2	95	109	6	3.585e-04	{S}
UPI0000135980	SINGLE	1	38	208	36	1.353e-06	{L}
UPI0000135980	SINGLE	2	37	60	7	5.412e-04	{E}
UPI0000135980	SINGLE	3	130	252	18	6.477e-04	{E}
UPI0000135980	SINGLE	4	250	266	5	9.825e-04	{I}
UPI0000135980	MULTIPLE	1	37	247	64	4.394e-08	{LE}
UPI0000135980	WHOLE	1	1	269	44	6.972e-05	{L}
UPI0000135991	SINGLE	1	40	139	11	1.052e-05	{M}
UPI0000135991	SINGLE	2	18	142	23	6.794e-05	{A}
UPI0000135991	SINGLE	3	27	136	10	1.255e-04	{H}
UPI0000135991	SINGLE	4	34	94	9	9.287e-04	{Q}
UPI0000135991	MULTIPLE	1	33	142	52	5.274e-14	{MAHQ}
UPI0000135991	WHOLE	1	1	143	12	6.098e-05	{M}
UPI0000135991	WHOLE	2	1	143	24	1.956e-04	{A}
UPI0000135991	WHOLE	3	1	143	10	9.240e-04	{H}
UPI0000135A41	SINGLE	1	55	101	17	3.235e-09	{G}
UPI0000135A41	SINGLE	2	5	152	25	7.162e-06	{V}
UPI0000135A41	SINGLE	3	87	105	7	3.444e-04	{A}
UPI0000135A41	MULTIPLE	1	5	152	51	2.110e-11	{GV}
UPI0000135A41	WHOLE	1	1	155	26	7.825e-06	{G}
UPI0000135A41	WHOLE	2	1	155	25	1.571e-05	{V}
UPI0000135A43	SINGLE	1	149	179	14	9.981e-16	{H}
UPI0000135A43	SINGLE	2	166	194	14	8.788e-10	{G}
UPI0000135A43	SINGLE	3	3	137	24	4.471e-06	{V}
UPI0000135A43	SINGLE	4	167	195	6	5.499e-06	{C}
UPI0000135A43	MULTIPLE	1	149	196	37	2.982e-27	{HGC}
UPI0000135A43	WHOLE	1	1	196	20	1.283e-08	{H}
UPI0000135A43	WHOLE	2	1	196	29	2.698e-05	{G}
UPI0000135A43	WHOLE	3	1	196	25	5.549e-04	{V}
UPI0000135AA6	SINGLE	1	10	153	22	1.050e-04	{E}
UPI0000135AA6	SINGLE	2	44	131	19	2.341e-04	{L}
UPI0000135AA6	SINGLE	3	22	39	6	2.760e-04	{D}
UPI0000135AA6	MULTIPLE	1	3	156	62	4.529e-08	{ELD}
UPI0000135AA6	WHOLE	1	1	157	22	3.403e-04	{E}
UPI0000135AA6	WHOLE	2	1	157	27	6.229e-04	{L}
UPI0000135AC2	SINGLE	1	52	89	7	9.131e-04	{Q}
UPI0000135AC9	SINGLE	1	165	184	9	2.743e-05	{L}
UPI0000135AC9	SINGLE	2	145	162	6	4.891e-04	{T}
UPI0000135AC9	SINGLE	3	28	44	5	5.538e-04	{Q}
UPI0000135AC9	WHOLE	1	1	214	34	6.096e-04	{L}
UPI0000135BA2	SINGLE	1	33	170	23	2.693e-05	{G}
UPI0000135BA2	SINGLE	2	64	109	6	4.164e-04	{H}
UPI0000135BA2	SINGLE	3	6	20	6	5.574e-04	{A}
UPI0000135BA2	MULTIPLE	1	33	170	30	2.079e-06	{GH}
UPI0000135BA2	WHOLE	1	1	173	24	2.955e-04	{G}
UPI0000135C72	SINGLE	1	69	91	10	4.057e-07	{K}
UPI0000135C72	SINGLE	2	238	253	7	3.063e-05	{E}
UPI0000135C72	SINGLE	3	12	205	30	1.577e-04	{A}
UPI0000135C72	SINGLE	4	308	343	8	2.122e-04	{R}
UPI0000135C72	SINGLE	5	67	81	5	2.936e-04	{Q}
UPI0000135C72	SINGLE	6	14	28	5	5.275e-04	{I}
UPI0000135C72	MULTIPLE	1	67	91	21	1.933e-12	{KAQ}
UPI0000135D18	SINGLE	1	59	73	6	4.559e-05	{I}
UPI0000135D18	SINGLE	2	116	130	4	7.491e-05	{C}
UPI0000135D18	SINGLE	3	41	147	14	4.244e-04	{R}
UPI0000135DD9	SINGLE	1	276	302	9	1.207e-04	{A}
UPI0000135DD9	SINGLE	2	191	235	10	1.216e-04	{D}
UPI0000135DD9	SINGLE	3	126	163	6	1.464e-04	{H}
UPI0000135DE1	SINGLE	1	20	188	21	6.515e-05	{I}
UPI0000135DE1	SINGLE	2	97	230	11	1.444e-04	{H}
UPI0000135DE1	SINGLE	3	177	261	8	4.498e-04	{M}
UPI0000135DE1	MULTIPLE	1	51	188	25	9.498e-06	{IH}
UPI0000135E7F	SINGLE	1	62	187	15	7.101e-04	{R}
UPI0000135ED9	SINGLE	1	341	446	20	1.717e-13	{M}
UPI0000135ED9	SINGLE	2	27	250	33	6.029e-06	{V}
UPI0000135ED9	SINGLE	3	113	131	7	8.069e-05	{K}
UPI0000135ED9	SINGLE	4	310	443	20	1.477e-04	{K}
UPI0000135ED9	SINGLE	5	8	35	7	2.444e-04	{R}
UPI0000135ED9	SINGLE	6	84	259	26	7.362e-04	{A}
UPI0000135ED9	MULTIPLE	1	27	259	83	3.741e-08	{VKA}
UPI0000135ED9	WHOLE	1	1	453	28	8.326e-07	{M}
UPI0000135F4D	SINGLE	1	145	170	6	3.705e-04	{F}
UPI0000136044	SINGLE	1	64	229	23	5.639e-06	{I}
UPI0000136044	SINGLE	2	9	250	44	5.768e-06	{L}
UPI0000136044	SINGLE	3	8	67	7	2.842e-05	{W}
UPI0000136044	SINGLE	4	72	93	7	3.432e-04	{G}
UPI0000136044	MULTIPLE	1	8	252	105	3.481e-13	{ILWG}
UPI0000136044	WHOLE	1	1	263	45	2.077e-05	{L}
UPI0000136044	WHOLE	2	1	263	13	1.430e-04	{W}
UPI0000136044	WHOLE	3	1	263	25	7.797e-04	{I}
UPI0000136050	SINGLE	1	19	185	31	7.518e-05	{L}
UPI0000136050	WHOLE	1	1	191	32	3.586e-04	{L}
UPI0000136130	SINGLE	1	27	74	14	1.179e-06	{E}
UPI0000136130	SINGLE	2	12	54	8	7.210e-04	{R}
UPI0000136130	MULTIPLE	1	27	56	16	1.894e-08	{ER}
UPI00001361C6	SINGLE	1	37	54	6	6.921e-04	{G}
UPI00001361C7	SINGLE	1	77	91	5	1.557e-04	{Y}
UPI00001361C7	SINGLE	2	362	377	5	7.294e-04	{I}
UPI00001361C7	SINGLE	3	40	72	8	8.245e-04	{E}
UPI00001361CA	SINGLE	1	45	70	7	8.095e-05	{Q}
UPI00001361CA	SINGLE	2	122	136	6	5.574e-04	{A}
UPI00001361CF	SINGLE	1	38	91	12	5.996e-04	{A}
UPI00001361DA	SINGLE	1	130	245	18	4.152e-04	{G}
UPI00001361DA	SINGLE	2	51	65	5	5.275e-04	{I}
UPI000013620B	SINGLE	1	42	93	12	1.526e-06	{Q}
UPI000013620B	SINGLE	2	48	67	9	2.743e-05	{L}
UPI000013620B	SINGLE	3	4	18	7	3.582e-05	{S}
UPI000013620B	MULTIPLE	1	47	85	21	2.605e-09	{QL}
UPI0000136242	SINGLE	1	47	245	25	1.461e-06	{Q}
UPI0000136242	SINGLE	2	24	42	8	1.137e-05	{V}
UPI0000136242	SINGLE	3	102	193	13	1.217e-04	{N}
UPI0000136242	SINGLE	4	70	314	26	1.321e-04	{I}
UPI0000136242	SINGLE	5	115	149	8	1.733e-04	{R}
UPI0000136242	SINGLE	6	71	114	6	3.279e-04	{M}
UPI0000136242	SINGLE	7	195	225	9	3.743e-04	{A}
UPI0000136242	SINGLE	8	228	264	9	4.511e-04	{G}
UPI0000136242	SINGLE	9	311	325	6	5.574e-04	{A}
UPI0000136242	MULTIPLE	1	67	280	83	4.735e-10	{QNIRM}
UPI0000136242	WHOLE	1	1	428	34	3.027e-04	{Q}
UPI0000136353	SINGLE	1	312	438	30	2.900e-08	{A}
UPI0000136353	SINGLE	2	138	180	10	8.195e-05	{D}
UPI0000136353	SINGLE	3	206	256	7	1.027e-04	{H}
UPI0000136353	SINGLE	4	92	380	17	1.683e-04	{M}
UPI0000136353	SINGLE	5	184	205	4	2.752e-04	{W}
UPI0000136353	SINGLE	6	67	129	10	7.436e-04	{I}
UPI0000136353	MULTIPLE	1	90	380	43	1.937e-05	{DM}
UPI0000136382	SINGLE	1	98	181	18	3.628e-04	{L}
UPI00001363DF	SINGLE	1	118	132	4	2.419e-04	{H}
UPI00001363DF	SINGLE	2	369	414	11	5.269e-04	{A}
UPI00001363DF	SINGLE	3	36	166	19	5.299e-04	{E}
UPI000013640D	SINGLE	1	5	89	20	5.360e-06	{A}
UPI000013640D	SINGLE	2	230	250	6	1.066e-04	{F}
UPI000013640D	SINGLE	3	138	155	4	5.076e-04	{H}
UPI0000136476	SINGLE	1	121	136	4	7.491e-05	{W}
UPI000013650F	SINGLE	1	69	128	7	2.810e-04	{M}
UPI000013650F	SINGLE	2	258	281	6	3.999e-04	{Q}
UPI000013650F	SINGLE	3	256	272	5	8.659e-04	{R}
UPI000013650F	SINGLE	4	134	195	14	8.805e-04	{L}
UPI000013650F	MULTIPLE	1	256	276	10	4.903e-06	{QR}
UPI000013667C	SINGLE	1	34	144	17	5.429e-04	{E}
UPI000013667C	SINGLE	2	368	383	5	6.419e-04	{R}
UPI00001366F5	SINGLE	1	505	586	10	1.061e-05	{M}
UPI00001366F5	SINGLE	2	416	489	8	1.361e-05	{W}
UPI00001366F5	SINGLE	3	786	950	28	5.408e-05	{A}
UPI00001366F5	SINGLE	4	886	943	13	5.669e-05	{E}
UPI00001366F5	SINGLE	5	206	570	36	3.520e-04	{D}
UPI00001366F5	SINGLE	6	38	68	5	4.717e-04	{M}
UPI00001366F5	SINGLE	7	92	201	14	5.531e-04	{R}
UPI00001366F5	SINGLE	8	336	350	6	5.574e-04	{A}
UPI00001366F5	SINGLE	9	511	527	5	9.825e-04	{I}
UPI00001366F5	MULTIPLE	1	791	950	48	1.860e-07	{AE}
UPI0000136893	SINGLE	1	257	274	6	1.085e-04	{P}
UPI0000136893	SINGLE	2	182	217	7	2.965e-04	{Y}
UPI0000136A7F	SINGLE	1	232	316	17	1.980e-04	{A}
UPI0000136A7F	SINGLE	2	52	87	10	8.979e-04	{L}
UPI0000136B43	SINGLE	1	101	123	6	1.831e-04	{F}
UPI0000136B43	SINGLE	2	182	213	8	4.943e-04	{T}
UPI0000136B43	SINGLE	3	81	130	6	6.467e-04	{M}
UPI0000136B43	MULTIPLE	1	81	130	12	2.902e-05	{FM}
UPI0000136CE9	SINGLE	1	302	321	4	2.453e-04	{C}
UPI0000136CE9	SINGLE	2	157	367	22	3.385e-04	{R}
UPI0000136CE9	SINGLE	3	7	21	5	4.635e-04	{R}
UPI0000136CE9	SINGLE	4	75	303	25	5.930e-04	{D}
UPI0000136CE9	SINGLE	5	10	259	30	6.581e-04	{G}
UPI0000136CE9	MULTIPLE	1	6	321	94	5.019e-07	{CRDG}
UPI0000136D50	SINGLE	1	135	206	15	1.599e-06	{I}
UPI0000136D50	SINGLE	2	161	191	8	6.079e-04	{G}
UPI0000136D50	SINGLE	3	78	280	25	8.836e-04	{V}
UPI0000136D50	MULTIPLE	1	77	285	71	1.628e-08	{IGV}
UPI0000136D50	WHOLE	1	1	329	34	2.669e-05	{I}
UPI0000136D76	SINGLE	1	16	58	9	4.094e-04	{D}
UPI0000136D76	SINGLE	2	5	67	6	4.546e-04	{C}
UPI0000136D76	MULTIPLE	1	5	67	15	2.300e-05	{DC}
UPI0000136D9E	SINGLE	1	97	182	14	4.430e-05	{R}
UPI0000136D9E	SINGLE	2	520	543	8	2.843e-04	{A}
UPI0000136D9E	SINGLE	3	157	306	18	2.983e-04	{I}
UPI0000136D9E	SINGLE	4	431	447	4	4.036e-04	{M}
UPI0000136D9E	SINGLE	5	583	613	5	4.717e-04	{M}
UPI0000136D9E	SINGLE	6	217	242	6	6.115e-04	{N}
UPI0000136D9E	SINGLE	7	366	579	13	6.541e-04	{H}
UPI0000136D9E	SINGLE	8	161	456	33	9.097e-04	{E}
UPI0000136D9E	MULTIPLE	1	154	242	29	4.751e-06	{RIN}
UPI0000136D9E	MULTIPLE	2	161	508	63	1.790e-05	{MHE}
UPI0000136DBD	SINGLE	1	249	263	4	2.419e-04	{H}
UPI0000136DBD	SINGLE	2	217	247	9	3.743e-04	{A}
UPI0000136DE7	SINGLE	1	85	105	7	1.785e-05	{Q}
UPI0000136DE7	SINGLE	2	35	53	7	1.246e-04	{G}
UPI0000136DE7	SINGLE	3	14	112	21	1.506e-04	{L}
UPI0000136DE7	SINGLE	4	3	127	17	3.846e-04	{D}
UPI0000136DE7	MULTIPLE	1	12	124	49	2.153e-09	{QLD}
UPI0000136EA5	SINGLE	1	65	528	96	3.085e-14	{L}
UPI0000136EA5	SINGLE	2	35	61	6	2.364e-06	{W}
UPI0000136EA5	SINGLE	3	350	381	6	5.484e-05	{M}
UPI0000136EA5	SINGLE	4	79	94	6	5.920e-05	{R}
UPI0000136EA5	SINGLE	5	19	469	56	2.028e-04	{A}
UPI0000136EA5	SINGLE	6	183	211	6	6.782e-04	{F}
UPI0000136EA5	MULTIPLE	1	63	472	176	1.910e-17	{LMRA}
UPI0000136EA5	WHOLE	1	1	536	103	4.659e-13	{L}
UPI0000136EA7	SINGLE	1	2	184	32	1.734e-04	{L}
UPI0000136EA7	SINGLE	2	106	179	10	9.803e-04	{Q}
UPI0000136EA7	MULTIPLE	1	2	184	45	2.296e-05	{LQ}
UPI0000136EA7	WHOLE	1	1	232	36	6.663e-04	{L}
UPI0000136F67	SINGLE	1	96	426	55	1.193e-10	{E}
UPI0000136F67	SINGLE	2	170	208	10	1.427e-04	{G}
UPI0000136F67	SINGLE	3	243	366	15	6.066e-04	{R}
UPI0000136F67	SINGLE	4	3	137	19	7.347e-04	{V}
UPI0000136F67	WHOLE	1	1	432	59	4.194e-08	{E}
UPI0000137030	SINGLE	1	195	479	46	1.523e-08	{G}
UPI0000137030	SINGLE	2	141	309	26	2.452e-05	{V}
UPI0000137030	SINGLE	3	223	245	9	2.916e-05	{A}
UPI0000137030	SINGLE	4	333	368	6	1.079e-04	{M}
UPI0000137030	MULTIPLE	1	141	479	98	8.524e-11	{GVM}
UPI0000137030	WHOLE	1	1	481	59	2.476e-06	{G}
UPI0000137097	SINGLE	1	263	282	5	5.484e-05	{M}
UPI0000137097	SINGLE	2	303	325	7	4.607e-04	{G}
UPI0000137097	SINGLE	3	355	393	10	5.227e-04	{A}
UPI0000137097	SINGLE	4	74	340	21	7.857e-04	{Y}
UPI0000137105	SINGLE	1	120	294	94	2.790e-56	{A}
UPI0000137105	SINGLE	2	75	289	48	5.444e-15	{K}
UPI0000137105	SINGLE	3	71	230	31	3.133e-08	{E}
UPI0000137105	SINGLE	4	63	133	15	2.706e-07	{Q}
UPI0000137105	SINGLE	5	317	339	7	3.347e-05	{N}
UPI0000137105	SINGLE	6	299	334	10	7.009e-05	{G}
UPI0000137105	SINGLE	7	43	58	6	3.425e-04	{G}
UPI0000137105	MULTIPLE	1	68	294	201	1.734e-91	{AKEQ}
UPI0000137105	MULTIPLE	2	299	342	19	4.288e-08	{NG}
UPI0000137105	WHOLE	1	1	421	130	3.837e-43	{A}
UPI0000137105	WHOLE	2	1	421	66	3.157e-12	{K}
UPI0000137105	WHOLE	3	1	421	45	3.643e-04	{E}
UPI000013710A	SINGLE	1	78	369	26	2.700e-04	{Q}
UPI000013710A	SINGLE	2	30	419	43	3.775e-04	{G}
UPI000013710A	SINGLE	3	198	405	28	5.852e-04	{S}
UPI000013710A	MULTIPLE	1	29	420	109	8.127e-07	{QGS}
UPI0000137111	SINGLE	1	20	41	8	5.499e-06	{I}
UPI0000137111	SINGLE	2	152	191	13	5.611e-06	{A}
UPI0000137111	SINGLE	3	7	24	8	8.554e-05	{L}
UPI0000137111	SINGLE	4	193	208	5	4.001e-04	{N}
UPI0000137111	SINGLE	5	30	51	7	9.125e-04	{A}
UPI0000137111	MULTIPLE	1	6	51	26	3.032e-07	{ILA}
UPI0000137114	SINGLE	1	19	95	15	8.404e-05	{V}
UPI0000137114	SINGLE	2	12	30	8	1.342e-04	{L}
UPI0000137114	SINGLE	3	1	15	5	4.635e-04	{R}
UPI0000137114	MULTIPLE	1	5	30	12	6.582e-05	{LR}
UPI000013717E	SINGLE	1	86	100	6	2.215e-05	{Q}
UPI000013717E	SINGLE	2	4	23	9	2.743e-05	{L}
UPI000013717E	SINGLE	3	225	239	6	5.574e-04	{A}
UPI00001371F1	SINGLE	1	31	255	45	3.811e-09	{A}
UPI00001371F1	SINGLE	2	127	141	6	2.062e-04	{E}
UPI00001371F1	WHOLE	1	1	255	45	1.661e-07	{A}
UPI00001373C5	SINGLE	1	96	444	36	1.697e-05	{I}
UPI00001373C5	SINGLE	2	313	327	4	2.419e-04	{M}
UPI00001373C5	SINGLE	3	326	419	16	2.422e-04	{V}
UPI00001373C5	SINGLE	4	61	385	42	4.743e-04	{A}
UPI00001373C5	MULTIPLE	1	63	435	116	1.618e-08	{IVA}
UPI00001373C5	WHOLE	1	1	458	40	1.988e-04	{I}
UPI00001373D1	SINGLE	1	39	480	39	1.681e-06	{F}
UPI00001373D1	SINGLE	2	211	248	9	6.473e-05	{I}
UPI00001373D1	SINGLE	3	97	116	7	1.188e-04	{T}
UPI00001373D1	SINGLE	4	12	475	65	1.915e-04	{L}
UPI00001373D1	SINGLE	5	339	353	6	2.293e-04	{G}
UPI00001373D1	SINGLE	6	195	219	8	3.852e-04	{A}
UPI00001373D1	SINGLE	7	6	30	6	9.729e-04	{I}
UPI00001373D1	MULTIPLE	1	3	476	234	1.163e-14	{FILGA}
UPI00001373D1	WHOLE	1	1	483	41	2.391e-06	{F}
UPI00001373D1	WHOLE	2	1	483	65	5.056e-04	{L}
UPI00001373D1	WHOLE	3	1	483	40	5.111e-04	{I}
UPI0000137412	SINGLE	1	205	220	6	5.920e-05	{R}
UPI0000137412	SINGLE	2	68	82	7	6.097e-05	{A}
UPI0000137412	SINGLE	3	116	243	19	4.025e-04	{E}
UPI0000137412	SINGLE	4	209	237	9	6.862e-04	{L}
UPI0000137412	MULTIPLE	1	205	237	16	1.938e-06	{RL}
UPI000013747B	SINGLE	1	226	254	9	6.287e-05	{G}
UPI000013747B	SINGLE	2	51	125	15	4.422e-04	{A}
UPI000013747B	SINGLE	3	301	320	6	8.986e-04	{T}
UPI0000137634	SINGLE	1	188	257	9	1.883e-05	{H}
UPI0000137634	SINGLE	2	249	282	5	1.322e-04	{W}
UPI0000137634	SINGLE	3	228	286	10	1.664e-04	{Q}
UPI0000137634	SINGLE	4	111	250	23	3.453e-04	{A}
UPI0000137634	SINGLE	5	102	135	7	4.647e-04	{Q}
UPI0000137634	SINGLE	6	42	91	9	5.424e-04	{I}
UPI0000137634	MULTIPLE	1	101	286	61	5.343e-09	{HWQA}
UPI0000137634	WHOLE	1	1	293	17	1.962e-04	{H}
UPI000013766D	SINGLE	1	225	242	8	2.760e-05	{A}
UPI000013766D	SINGLE	2	110	128	6	1.731e-04	{R}
UPI000013766D	SINGLE	3	178	214	9	3.882e-04	{V}
UPI000013766D	SINGLE	4	251	265	5	4.135e-04	{P}
UPI000013766D	SINGLE	5	64	217	11	4.540e-04	{H}
UPI000013766D	MULTIPLE	1	108	186	18	5.063e-06	{RH}
UPI000013769B	SINGLE	1	1	15	5	4.635e-04	{R}
UPI000013769B	SINGLE	2	232	276	8	8.310e-04	{P}
UPI000013774C	SINGLE	1	38	380	33	1.612e-06	{F}
UPI000013774C	SINGLE	2	29	150	12	1.325e-05	{M}
UPI000013774C	SINGLE	3	312	348	9	2.806e-04	{T}
UPI000013774C	SINGLE	4	52	98	12	6.556e-04	{L}
UPI000013774C	SINGLE	5	238	258	4	9.292e-04	{M}
UPI000013774C	MULTIPLE	1	29	380	100	1.525e-10	{FML}
UPI000013774C	WHOLE	1	1	393	34	1.038e-05	{F}
UPI000013774C	WHOLE	2	1	393	21	1.214e-04	{M}
UPI0000137776	SINGLE	1	34	284	14	2.366e-05	{W}
UPI0000137776	SINGLE	2	128	278	18	6.816e-05	{N}
UPI0000137776	SINGLE	3	64	126	10	1.289e-04	{F}
UPI0000137776	SINGLE	4	74	291	28	3.529e-04	{G}
UPI0000137776	SINGLE	5	30	292	21	6.592e-04	{Y}
UPI0000137776	MULTIPLE	1	18	294	110	3.995e-14	{WNFGY}
UPI0000137776	WHOLE	1	1	294	14	1.199e-04	{W}
UPI0000137776	WHOLE	2	1	294	26	2.793e-04	{N}
UPI00001377A3	SINGLE	1	9	189	22	4.160e-05	{R}
UPI00001377A3	SINGLE	2	76	96	8	2.978e-04	{L}
UPI00001377A3	SINGLE	3	63	77	5	5.275e-04	{I}
UPI00001377A3	MULTIPLE	1	48	141	39	2.587e-07	{RLI}
UPI00001377A3	WHOLE	1	1	198	22	1.465e-04	{R}
UPI00001377B0	SINGLE	1	164	183	6	2.355e-04	{R}
UPI000013788D	SINGLE	1	586	602	7	6.888e-06	{R}
UPI000013788D	SINGLE	2	131	202	14	2.921e-05	{D}
UPI000013788D	SINGLE	3	85	415	41	3.292e-05	{V}
UPI000013788D	SINGLE	4	413	525	20	3.626e-05	{G}
UPI000013788D	SINGLE	5	348	409	12	4.266e-04	{E}
UPI000013788D	SINGLE	6	329	452	15	6.066e-04	{R}
UPI000013788D	MULTIPLE	1	85	446	97	6.061e-07	{DVR}
UPI000013788D	WHOLE	1	1	607	58	8.711e-04	{V}
UPI000013788D	WHOLE	2	1	607	51	9.884e-04	{D}
UPI00001378B3	SINGLE	1	37	355	61	2.171e-08	{L}
UPI00001378B3	SINGLE	2	127	333	20	1.334e-04	{F}
UPI00001378B3	SINGLE	3	250	348	18	4.230e-04	{A}
UPI00001378B3	SINGLE	4	7	403	43	5.241e-04	{G}
UPI00001378B3	SINGLE	5	124	162	9	5.782e-04	{V}
UPI00001378B3	SINGLE	6	154	240	12	8.243e-04	{I}
UPI00001378B3	MULTIPLE	1	6	399	245	8.260e-21	{LFAGVI}
UPI00001378B3	WHOLE	1	1	403	69	2.237e-07	{L}
UPI00001378B3	WHOLE	2	1	403	43	6.881e-04	{G}
UPI00001378B7	SINGLE	1	11	28	8	8.554e-05	{L}
UPI00001378B7	SINGLE	2	25	39	5	5.275e-04	{I}
UPI00001378B7	SINGLE	3	323	347	7	6.967e-04	{V}
UPI00001378B7	SINGLE	4	111	221	13	7.381e-04	{Q}
UPI00001378B7	SINGLE	5	306	502	20	8.006e-04	{R}
UPI00001378B7	MULTIPLE	1	11	41	14	2.516e-05	{LI}
UPI00001378B7	WHOLE	1	1	513	68	5.732e-04	{L}
UPI0000137984	SINGLE	1	172	218	10	5.356e-05	{R}
UPI0000137984	SINGLE	2	275	394	15	5.475e-05	{F}
UPI0000137984	SINGLE	3	17	93	18	1.227e-04	{L}
UPI0000137984	SINGLE	4	523	542	4	1.878e-04	{W}
UPI0000137984	SINGLE	5	7	79	11	5.164e-04	{R}
UPI0000137984	SINGLE	6	225	243	4	6.290e-04	{M}
UPI0000137984	SINGLE	7	402	425	8	8.059e-04	{L}
UPI0000137984	MULTIPLE	1	7	93	30	8.638e-07	{LR}
UPI0000137991	SINGLE	1	28	358	32	5.618e-05	{P}
UPI0000137991	SINGLE	2	402	439	9	1.576e-04	{D}
UPI0000137991	SINGLE	3	217	430	26	8.651e-04	{V}
UPI0000137A3D	SINGLE	1	97	111	6	8.836e-05	{D}
UPI0000137A3D	SINGLE	2	58	76	7	3.444e-04	{A}
UPI0000137A3D	SINGLE	3	128	146	4	6.290e-04	{M}
UPI0000137A3D	SINGLE	4	148	235	16	8.251e-04	{A}
UPI0000137AA3	SINGLE	1	3	334	35	1.404e-05	{I}
UPI0000137AA3	WHOLE	1	1	388	37	6.411e-05	{I}
UPI0000137B1B	SINGLE	1	25	298	72	1.581e-16	{L}
UPI0000137B1B	SINGLE	2	22	248	17	6.441e-08	{W}
UPI0000137B1B	SINGLE	3	275	416	20	1.137e-05	{R}
UPI0000137B1B	SINGLE	4	453	479	9	3.375e-05	{G}
UPI0000137B1B	SINGLE	5	262	463	20	3.379e-04	{Q}
UPI0000137B1B	SINGLE	6	5	23	5	6.080e-04	{F}
UPI0000137B1B	MULTIPLE	1	22	298	89	3.866e-22	{LW}
UPI0000137B1B	MULTIPLE	2	274	444	38	1.444e-07	{RQ}
UPI0000137B1B	WHOLE	1	1	500	100	8.455e-14	{L}
UPI0000137B1B	WHOLE	2	1	500	19	1.583e-04	{W}
UPI0000137B1D	SINGLE	1	119	409	17	1.931e-06	{W}
UPI0000137B1D	SINGLE	2	120	439	46	2.777e-05	{A}
UPI0000137B1D	SINGLE	3	341	359	6	5.773e-05	{F}
UPI0000137B1D	SINGLE	4	60	397	41	7.875e-05	{G}
UPI0000137B1D	SINGLE	5	96	110	5	5.275e-04	{I}
UPI0000137B1D	SINGLE	6	42	131	11	5.812e-04	{F}
UPI0000137B1D	MULTIPLE	1	94	413	120	1.402e-13	{WAFG}
UPI0000137B1D	MULTIPLE	2	31	131	22	4.147e-05	{IF}
UPI0000137B1D	WHOLE	1	1	439	19	3.178e-05	{W}
UPI0000137B1D	WHOLE	2	1	439	57	6.202e-05	{A}
UPI0000137B21	SINGLE	1	61	424	50	5.750e-07	{G}
UPI0000137B21	SINGLE	2	226	241	8	2.395e-06	{E}
UPI0000137B21	SINGLE	3	25	426	34	1.620e-05	{F}
UPI0000137B21	SINGLE	4	295	444	27	2.638e-05	{A}
UPI0000137B21	SINGLE	5	37	457	39	7.622e-05	{I}
UPI0000137B21	SINGLE	6	23	126	10	7.980e-05	{M}
UPI0000137B21	SINGLE	7	113	146	10	8.263e-05	{S}
UPI0000137B21	SINGLE	8	290	370	18	2.329e-04	{L}
UPI0000137B21	MULTIPLE	1	23	442	187	3.188e-15	{GFIML}
UPI0000137B21	WHOLE	1	1	463	52	7.715e-05	{G}
UPI0000137B21	WHOLE	2	1	463	35	1.055e-04	{F}
UPI0000137B21	WHOLE	3	1	463	39	4.435e-04	{I}
UPI0000137B25	SINGLE	1	109	137	5	3.445e-04	{M}
UPI0000137B25	SINGLE	2	16	91	11	8.947e-04	{I}
UPI0000137B25	WHOLE	1	1	196	12	9.502e-04	{M}
UPI0000137C33	SINGLE	1	63	286	25	5.341e-05	{R}
UPI0000137C33	SINGLE	2	387	401	5	2.936e-04	{Q}
UPI0000137C33	WHOLE	1	1	422	36	3.436e-04	{R}
UPI0000137D5E	SINGLE	1	159	409	35	2.517e-08	{I}
UPI0000137D5E	SINGLE	2	14	263	43	2.701e-05	{L}
UPI0000137D5E	SINGLE	3	51	401	42	8.769e-05	{G}
UPI0000137D5E	SINGLE	4	123	149	9	1.207e-04	{A}
UPI0000137D5E	SINGLE	5	33	418	42	3.748e-04	{V}
UPI0000137D5E	SINGLE	6	26	120	11	8.949e-04	{F}
UPI0000137D5E	MULTIPLE	1	25	409	246	3.489e-23	{ILGAVF}
UPI0000137D5E	WHOLE	1	1	429	47	2.253e-07	{I}
UPI0000137D5E	WHOLE	2	1	429	62	1.184e-04	{L}
UPI0000137E07	SINGLE	1	189	208	6	2.742e-04	{I}
UPI0000137E07	SINGLE	2	145	159	5	4.635e-04	{R}
UPI0000137E5A	SINGLE	1	70	88	7	1.618e-05	{R}
UPI0000138EC5	SINGLE	1	5	403	46	7.107e-08	{I}
UPI0000138EC5	SINGLE	2	31	395	35	8.806e-07	{F}
UPI0000138EC5	SINGLE	3	11	47	13	1.189e-05	{L}
UPI0000138EC5	SINGLE	4	142	157	6	5.323e-04	{S}
UPI0000138EC5	MULTIPLE	1	5	403	138	1.495e-15	{IFL}
UPI0000138EC5	WHOLE	1	1	405	46	1.089e-07	{I}
UPI0000138EC5	WHOLE	2	1	405	35	8.071e-06	{F}
UPI0000138EC5	WHOLE	3	1	405	57	3.716e-04	{L}
UPI0000138EC7	SINGLE	1	137	179	11	5.779e-05	{V}
UPI0000138EC7	SINGLE	2	24	42	4	1.525e-04	{W}
UPI0000138EC7	SINGLE	3	97	117	4	9.292e-04	{H}
UPI0000138EE2	SINGLE	1	47	308	32	1.694e-06	{I}
UPI0000138EE2	SINGLE	2	340	359	8	1.937e-06	{R}
UPI0000138EE2	SINGLE	3	14	347	29	3.877e-05	{F}
UPI0000138EE2	SINGLE	4	111	285	13	1.037e-04	{M}
UPI0000138EE2	SINGLE	5	45	224	24	5.081e-04	{G}
UPI0000138EE2	MULTIPLE	1	51	298	87	2.510e-11	{IFMG}
UPI0000138EE2	WHOLE	1	1	367	36	4.585e-05	{I}
UPI0000138EE2	WHOLE	2	1	367	29	1.794e-04	{F}
UPI0000138EE9	SINGLE	1	305	329	8	3.852e-04	{A}
UPI0000138EE9	SINGLE	2	389	418	8	4.209e-04	{V}
UPI0000138EE9	SINGLE	3	29	307	32	6.754e-04	{V}
UPI0000138EE9	MULTIPLE	1	29	329	66	1.067e-04	{AV}
UPI0000138EE9	WHOLE	1	1	420	43	9.815e-04	{V}
UPI0000138FAE	SINGLE	1	1	32	6	5.484e-05	{M}
UPI0000138FAE	SINGLE	2	33	47	5	9.005e-04	{D}
UPI0000138FB2	SINGLE	1	66	136	11	4.105e-04	{R}
UPI0000138FB2	SINGLE	2	82	102	4	9.292e-04	{M}
UPI0000138FB2	MULTIPLE	1	66	136	15	7.128e-05	{RM}
UPI0000138FB8	SINGLE	1	6	416	51	4.727e-13	{F}
UPI0000138FB8	SINGLE	2	207	224	8	9.209e-07	{I}
UPI0000138FB8	SINGLE	3	3	435	64	5.232e-05	{L}
UPI0000138FB8	SINGLE	4	92	110	6	1.731e-04	{R}
UPI0000138FB8	SINGLE	5	223	366	9	2.709e-04	{W}
UPI0000138FB8	MULTIPLE	1	3	430	129	1.249e-16	{FLW}
UPI0000138FB8	WHOLE	1	1	450	52	4.261e-12	{F}
UPI0000138FB8	WHOLE	2	1	450	65	8.749e-05	{L}
UPI0000138FCE	SINGLE	1	212	234	8	5.640e-05	{V}
UPI0000138FCE	SINGLE	2	33	214	25	2.641e-04	{G}
UPI0000138FD2	SINGLE	1	92	437	38	2.607e-06	{I}
UPI0000138FD2	SINGLE	2	201	466	36	1.533e-05	{V}
UPI0000138FD2	SINGLE	3	18	210	21	1.799e-05	{F}
UPI0000138FD2	SINGLE	4	42	463	61	1.311e-04	{L}
UPI0000138FD2	SINGLE	5	133	186	13	1.648e-04	{A}
UPI0000138FD2	SINGLE	6	215	279	7	4.536e-04	{M}
UPI0000138FD2	MULTIPLE	1	13	466	251	8.282e-20	{IVFLAM}
UPI0000138FD2	WHOLE	1	1	511	44	1.403e-04	{I}
UPI0000138FDB	SINGLE	1	44	155	10	1.199e-05	{C}
UPI0000138FDB	WHOLE	1	1	159	11	4.661e-05	{C}
UPI0000139065	SINGLE	1	88	350	40	5.561e-07	{G}
UPI0000139065	SINGLE	2	349	364	5	1.688e-05	{M}
UPI0000139065	SINGLE	3	234	253	9	2.743e-05	{L}
UPI0000139065	SINGLE	4	259	355	20	3.899e-05	{A}
UPI0000139065	SINGLE	5	104	130	5	4.261e-05	{W}
UPI0000139065	SINGLE	6	33	332	31	5.636e-05	{I}
UPI0000139065	SINGLE	7	105	123	8	1.342e-04	{L}
UPI0000139065	MULTIPLE	1	32	364	192	1.036e-21	{GMLAWI}
UPI0000139065	WHOLE	1	1	393	48	1.956e-05	{G}
UPI0000139065	WHOLE	2	1	393	49	4.064e-04	{A}
UPI0000139065	WHOLE	3	1	393	34	5.959e-04	{I}
UPI0000139065	WHOLE	4	1	393	19	7.371e-04	{M}
UPI000013906B	SINGLE	1	38	77	10	4.301e-05	{D}
UPI0000139FF9	SINGLE	1	109	135	8	5.684e-06	{F}
UPI0000139FF9	SINGLE	2	6	138	27	4.522e-05	{L}
UPI0000139FF9	SINGLE	3	13	185	26	5.061e-05	{G}
UPI0000139FF9	SINGLE	4	140	165	7	1.782e-04	{I}
UPI0000139FF9	SINGLE	5	37	51	5	5.275e-04	{I}
UPI0000139FF9	SINGLE	6	136	168	9	6.083e-04	{A}
UPI0000139FF9	MULTIPLE	1	10	185	108	2.922e-15	{FLGIA}
UPI0000139FF9	WHOLE	1	1	188	27	7.911e-05	{G}
UPI0000139FF9	WHOLE	2	1	188	18	3.007e-04	{F}
UPI0000139FF9	WHOLE	3	1	188	31	5.545e-04	{L}
UPI0000139FFC	SINGLE	1	76	416	35	2.386e-05	{I}
UPI0000139FFC	SINGLE	2	85	442	21	3.511e-05	{M}
UPI0000139FFC	SINGLE	3	217	265	9	8.901e-05	{F}
UPI0000139FFC	SINGLE	4	23	443	46	3.060e-04	{G}
UPI0000139FFC	SINGLE	5	272	328	14	3.775e-04	{L}
UPI0000139FFC	SINGLE	6	151	174	4	3.879e-04	{W}
UPI0000139FFC	SINGLE	7	20	72	13	5.994e-04	{L}
UPI0000139FFC	SINGLE	8	95	119	7	6.967e-04	{V}
UPI0000139FFC	SINGLE	9	208	226	6	8.541e-04	{E}
UPI0000139FFC	MULTIPLE	1	19	429	228	6.097e-18	{IMFGLWV}
UPI0000139FFC	WHOLE	1	1	443	23	9.260e-05	{M}
UPI0000139FFC	WHOLE	2	1	443	40	1.051e-04	{I}
UPI0000139FFC	WHOLE	3	1	443	46	8.042e-04	{G}
UPI000013A00D	SINGLE	1	57	219	13	1.057e-06	{W}
UPI000013A00D	SINGLE	2	4	240	44	3.393e-06	{L}
UPI000013A00D	SINGLE	3	121	158	8	2.635e-04	{P}
UPI000013A00D	SINGLE	4	229	252	7	5.364e-04	{V}
UPI000013A00D	SINGLE	5	33	70	9	5.519e-04	{G}
UPI000013A00D	SINGLE	6	82	100	6	6.596e-04	{K}
UPI000013A00D	MULTIPLE	1	22	223	73	8.254e-11	{WLG}
UPI000013A00D	WHOLE	1	1	254	45	8.904e-06	{L}
UPI000013A00D	WHOLE	2	1	254	13	1.033e-04	{W}
UPI000013A010	SINGLE	1	8	22	5	5.275e-04	{I}
UPI000013A010	SINGLE	2	16	41	7	6.739e-04	{K}
UPI000013A010	MULTIPLE	1	12	36	11	2.728e-05	{IK}
UPI000013A024	SINGLE	1	6	211	36	7.717e-05	{L}
UPI000013A024	SINGLE	2	70	214	17	1.344e-04	{Q}
UPI000013A024	MULTIPLE	1	2	214	57	1.440e-07	{LQ}
UPI000013A024	WHOLE	1	1	247	39	3.155e-04	{L}
UPI000013A024	WHOLE	2	1	247	22	7.039e-04	{Q}
UPI000013A025	SINGLE	1	9	32	4	5.044e-04	{C}
UPI000013A02A	SINGLE	1	22	104	17	1.593e-05	{E}
UPI000013A02A	WHOLE	1	1	120	18	4.908e-04	{E}
UPI000013A03D	SINGLE	1	9	110	10	6.794e-05	{H}
UPI000013A03D	SINGLE	2	69	285	15	7.223e-05	{M}
UPI000013A03D	SINGLE	3	175	197	9	9.992e-05	{L}
UPI000013A03D	SINGLE	4	168	270	14	1.090e-04	{Q}
UPI000013A03D	MULTIPLE	1	17	244	58	7.053e-07	{HML}
UPI000013A03D	WHOLE	1	1	300	17	2.539e-04	{M}
UPI000013A03F	SINGLE	1	132	333	22	1.912e-04	{R}
UPI000013A03F	SINGLE	2	15	65	12	3.545e-04	{A}
UPI000013A044	SINGLE	1	84	121	13	1.187e-06	{S}
UPI000013A044	SINGLE	2	40	55	7	2.126e-06	{N}
UPI000013A044	SINGLE	3	24	136	19	4.682e-05	{T}
UPI000013A044	MULTIPLE	1	24	141	31	8.055e-07	{NT}
UPI000013A044	WHOLE	1	1	189	25	1.780e-04	{T}
UPI000013A045	SINGLE	1	90	145	11	1.955e-05	{N}
UPI000013A045	SINGLE	2	177	192	6	2.398e-04	{T}
UPI000013A046	SINGLE	1	39	92	12	1.387e-04	{G}
UPI000013A04A	SINGLE	1	3	136	25	1.197e-06	{V}
UPI000013A04A	SINGLE	2	118	159	10	2.475e-05	{I}
UPI000013A04A	SINGLE	3	97	131	9	2.937e-04	{G}
UPI000013A04A	MULTIPLE	1	8	160	60	4.650e-10	{VIG}
UPI000013A04A	WHOLE	1	1	207	29	4.902e-05	{V}
UPI000013A058	SINGLE	1	148	162	7	6.097e-05	{A}
UPI000013A05D	SINGLE	1	73	87	5	9.005e-04	{D}
UPI000013A061	SINGLE	1	31	55	7	5.249e-04	{K}
UPI000013A065	SINGLE	1	38	56	9	4.569e-06	{A}
UPI000013A07F	SINGLE	1	196	227	11	1.402e-07	{R}
UPI000013A07F	SINGLE	2	15	37	6	4.644e-04	{P}
UPI000013A081	SINGLE	1	21	45	9	1.687e-05	{G}
UPI000013A081	SINGLE	2	217	236	6	8.986e-04	{T}
UPI000013A083	SINGLE	1	214	232	7	1.092e-04	{V}
UPI000013A083	SINGLE	2	35	204	17	1.787e-04	{Y}
UPI000013A083	SINGLE	3	17	32	6	5.323e-04	{S}
UPI000013A0B6	SINGLE	1	98	123	8	1.470e-04	{V}
UPI000013A0B6	SINGLE	2	70	176	12	7.165e-04	{F}
UPI000013A0B6	MULTIPLE	1	109	124	8	7.316e-05	{VF}
UPI000013A0BA	SINGLE	1	27	47	8	5.617e-05	{S}
UPI000013A0BA	SINGLE	2	116	179	14	2.676e-04	{A}
UPI000013A0BA	SINGLE	3	5	85	17	6.462e-04	{L}
UPI000013A0BA	MULTIPLE	1	5	85	31	1.384e-06	{SL}
UPI000013A0CF	SINGLE	1	2	45	8	7.168e-04	{P}
UPI000013A0D1	SINGLE	1	16	30	6	2.062e-04	{E}
UPI000013A0D1	SINGLE	2	61	75	5	9.005e-04	{D}
UPI000013A0D3	SINGLE	1	4	26	8	1.165e-04	{S}
UPI000013A0D7	SINGLE	1	12	74	13	8.269e-05	{K}
UPI000013A0D7	SINGLE	2	162	176	6	8.836e-05	{D}
UPI000013A0D7	SINGLE	3	49	75	7	1.046e-04	{Q}
UPI000013A0D7	SINGLE	4	77	151	12	2.230e-04	{I}
UPI000013A0D7	SINGLE	5	13	159	24	2.901e-04	{A}
UPI000013A0D7	MULTIPLE	1	19	148	48	2.986e-07	{KQA}
UPI000013A0D7	WHOLE	1	1	179	26	9.281e-04	{A}
UPI000013A0D9	SINGLE	1	14	73	10	4.119e-04	{R}
UPI000013A0F0	SINGLE	1	45	73	7	2.248e-06	{H}
UPI000013A0F5	SINGLE	1	98	167	11	1.532e-04	{N}
UPI000013A0F5	SINGLE	2	124	165	10	9.468e-04	{A}
UPI000013A0F5	MULTIPLE	1	112	165	19	7.978e-06	{NA}
UPI000013A2A9	SINGLE	1	86	106	5	7.041e-05	{M}
UPI000013A2A9	SINGLE	2	10	27	7	2.360e-04	{A}
UPI000013A2A9	SINGLE	3	61	77	6	4.457e-04	{E}
UPI000013A2AC	SINGLE	1	17	77	11	1.094e-04	{R}
UPI000013A2B2	SINGLE	1	28	70	8	3.694e-04	{N}
UPI000013A2B8	SINGLE	1	37	113	7	1.372e-04	{W}
UPI000013A2B8	SINGLE	2	79	109	10	2.539e-04	{L}
UPI000013A2B8	SINGLE	3	1	15	5	5.275e-04	{I}
UPI000013A2B8	MULTIPLE	1	49	113	19	2.413e-05	{WL}
UPI000013A2B8	WHOLE	1	1	125	8	4.934e-04	{W}
UPI000013A2B9	SINGLE	1	9	69	16	6.943e-05	{L}
UPI000013A2BD	SINGLE	1	85	418	59	5.359e-07	{L}
UPI000013A2BD	SINGLE	2	25	299	46	5.678e-07	{A}
UPI000013A2BD	SINGLE	3	131	419	32	1.211e-05	{I}
UPI000013A2BD	SINGLE	4	6	88	17	2.034e-05	{G}
UPI000013A2BD	SINGLE	5	3	17	5	2.875e-04	{N}
UPI000013A2BD	SINGLE	6	219	393	23	5.923e-04	{V}
UPI000013A2BD	SINGLE	7	1	424	20	7.342e-04	{M}
UPI000013A2BD	MULTIPLE	1	13	424	255	2.638e-24	{LAIGVM}
UPI000013A2BD	WHOLE	1	1	430	66	1.385e-05	{L}
UPI000013A2BD	WHOLE	2	1	430	56	6.557e-05	{A}
UPI000013A2BD	WHOLE	3	1	430	39	1.149e-04	{I}
UPI000013A2BD	WHOLE	4	1	430	20	8.578e-04	{M}
UPI000013A2C8	SINGLE	1	23	224	36	5.237e-05	{L}
UPI000013A2C8	SINGLE	2	17	71	11	6.364e-04	{G}
UPI000013A2C8	MULTIPLE	1	17	224	59	1.892e-06	{LG}
UPI000013A2C8	WHOLE	1	1	228	37	2.611e-04	{L}
UPI000013A2D1	SINGLE	1	158	172	6	5.574e-04	{A}
UPI000013A2D1	SINGLE	2	99	148	6	6.467e-04	{M}
UPI000013A2D3	SINGLE	1	6	59	11	3.177e-04	{T}
UPI000013A2DD	SINGLE	1	39	69	8	5.305e-04	{V}
UPI000013A2FC	SINGLE	1	11	39	7	3.632e-04	{I}
UPI000013A2FC	SINGLE	2	8	26	6	3.810e-04	{D}
UPI000013A2FC	MULTIPLE	1	8	39	14	1.253e-06	{ID}
UPI000013A2FF	SINGLE	1	19	35	6	4.421e-04	{V}
UPI000013A302	SINGLE	1	10	103	18	2.338e-05	{E}
UPI000013A302	SINGLE	2	9	57	10	7.704e-05	{R}
UPI000013A302	SINGLE	3	110	133	5	1.377e-04	{H}
UPI000013A302	SINGLE	4	127	148	4	3.587e-04	{C}
UPI000013A302	MULTIPLE	1	9	103	30	7.465e-08	{ER}
UPI000013A302	MULTIPLE	2	110	150	10	2.022e-06	{HC}
UPI000013A302	WHOLE	1	1	160	22	4.348e-04	{E}
UPI000013A303	SINGLE	1	4	234	37	1.589e-05	{A}
UPI000013A303	SINGLE	2	35	192	27	6.832e-04	{L}
UPI000013A303	MULTIPLE	1	24	201	55	2.286e-06	{AL}
UPI000013A303	WHOLE	1	1	262	39	4.805e-05	{A}
UPI000013A306	SINGLE	1	154	222	11	4.292e-05	{Y}
UPI000013A306	SINGLE	2	76	172	7	5.421e-04	{W}
UPI000013A306	SINGLE	3	50	189	16	7.454e-04	{R}
UPI000013A306	SINGLE	4	38	52	5	9.005e-04	{D}
UPI000013A306	MULTIPLE	1	45	222	55	1.507e-07	{YWRD}
UPI000013A318	SINGLE	1	6	43	8	8.073e-05	{F}
UPI000013A32D	SINGLE	1	18	106	10	2.161e-05	{H}
UPI000013A32D	WHOLE	1	1	169	12	2.750e-04	{H}
UPI000013A32F	SINGLE	1	13	32	5	6.634e-04	{Y}
UPI000013A32F	SINGLE	2	25	44	4	7.691e-04	{H}
UPI000013A32F	MULTIPLE	1	13	44	9	6.395e-05	{YH}
UPI000013A334	SINGLE	1	201	216	4	3.155e-04	{H}
UPI000013A334	SINGLE	2	83	116	10	5.619e-04	{L}
UPI000013A334	SINGLE	3	26	222	25	7.833e-04	{G}
UPI000013A334	MULTIPLE	1	26	222	33	1.445e-04	{HG}
UPI000013A336	SINGLE	1	134	212	13	5.651e-05	{P}
UPI000013A336	SINGLE	2	161	185	8	1.258e-04	{G}
UPI000013A336	SINGLE	3	75	89	6	2.062e-04	{E}
UPI000013A336	SINGLE	4	92	127	9	3.141e-04	{V}
UPI000013A336	MULTIPLE	1	131	216	26	1.299e-06	{PG}
UPI000013A336	WHOLE	1	1	218	21	8.542e-04	{P}
UPI000013A348	SINGLE	1	205	414	31	2.023e-09	{N}
UPI000013A348	SINGLE	2	26	177	19	6.538e-05	{P}
UPI000013A348	SINGLE	3	10	104	18	2.589e-04	{A}
UPI000013A348	SINGLE	4	120	156	9	4.511e-04	{G}
UPI000013A348	SINGLE	5	223	358	19	7.979e-04	{V}
UPI000013A348	MULTIPLE	1	10	178	59	5.920e-07	{PAG}
UPI000013A348	WHOLE	1	1	427	36	6.691e-05	{N}
UPI000013A352	SINGLE	1	445	474	6	4.532e-06	{W}
UPI000013A352	SINGLE	2	345	381	9	8.698e-06	{F}
UPI000013A352	SINGLE	3	180	306	12	1.965e-05	{M}
UPI000013A352	SINGLE	4	10	388	37	4.060e-05	{I}
UPI000013A352	SINGLE	5	6	414	60	1.009e-04	{L}
UPI000013A352	SINGLE	6	44	68	8	1.088e-04	{V}
UPI000013A352	SINGLE	7	420	438	7	1.246e-04	{G}
UPI000013A352	SINGLE	8	277	465	24	7.341e-04	{V}
UPI000013A352	SINGLE	9	78	146	12	7.405e-04	{T}
UPI000013A352	MULTIPLE	1	6	465	171	1.369e-12	{MILV}
UPI000013A352	WHOLE	1	1	477	42	1.224e-04	{I}
UPI000013A352	WHOLE	2	1	477	67	1.483e-04	{L}
UPI000013A356	SINGLE	1	16	97	18	4.444e-06	{G}
UPI000013A356	SINGLE	2	247	275	9	5.346e-05	{V}
UPI000013A356	SINGLE	3	91	240	28	1.414e-04	{L}
UPI000013A356	SINGLE	4	115	281	19	3.967e-04	{I}
UPI000013A356	MULTIPLE	1	91	281	48	2.154e-05	{LI}
UPI000013A356	WHOLE	1	1	302	44	7.198e-04	{L}
UPI000013A358	SINGLE	1	32	227	35	6.255e-05	{L}
UPI000013A358	SINGLE	2	1	192	13	2.479e-04	{M}
UPI000013A358	SINGLE	3	33	47	6	5.574e-04	{A}
UPI000013A358	MULTIPLE	1	15	227	73	9.152e-08	{LMA}
UPI000013A358	WHOLE	1	1	234	14	4.876e-04	{M}
UPI000013A358	WHOLE	2	1	234	36	7.671e-04	{L}
UPI000013A35C	SINGLE	1	54	252	15	2.799e-05	{H}
UPI000013A35C	WHOLE	1	1	253	16	1.164e-04	{H}
UPI000013A35E	SINGLE	1	125	168	9	7.785e-05	{N}
UPI000013A35E	SINGLE	2	180	351	21	8.300e-05	{I}
UPI000013A35E	SINGLE	3	113	145	7	3.857e-04	{Q}
UPI000013A35E	SINGLE	4	5	349	50	4.080e-04	{L}
UPI000013A35E	MULTIPLE	1	113	168	16	1.082e-05	{NQ}
UPI000013A35E	MULTIPLE	2	5	351	83	4.017e-07	{IL}
UPI000013A35E	WHOLE	1	1	368	33	3.989e-04	{I}
UPI000013A35F	SINGLE	1	216	281	21	2.010e-07	{L}
UPI000013A35F	SINGLE	2	22	365	39	9.283e-07	{I}
UPI000013A35F	SINGLE	3	348	362	6	2.045e-04	{V}
UPI000013A35F	SINGLE	4	37	60	8	8.059e-04	{L}
UPI000013A35F	MULTIPLE	1	30	370	112	4.479e-08	{LIV}
UPI000013A35F	WHOLE	1	1	377	40	3.349e-06	{I}
UPI000013A365	SINGLE	1	75	164	13	2.077e-04	{P}
UPI000013A367	SINGLE	1	5	154	16	1.862e-07	{H}
UPI000013A367	SINGLE	2	71	134	17	4.748e-06	{A}
UPI000013A367	SINGLE	3	324	358	7	5.557e-04	{Q}
UPI000013A367	SINGLE	4	148	224	11	6.555e-04	{P}
UPI000013A367	SINGLE	5	136	175	7	6.984e-04	{F}
UPI000013A367	MULTIPLE	1	30	134	34	2.557e-10	{HA}
UPI000013A367	MULTIPLE	2	136	231	20	1.106e-04	{PF}
UPI000013A367	WHOLE	1	1	361	20	1.089e-04	{H}
UPI000013A367	WHOLE	2	1	361	47	2.135e-04	{A}
UPI000013A368	SINGLE	1	5	269	51	2.198e-07	{L}
UPI000013A368	SINGLE	2	151	275	25	8.444e-06	{A}
UPI000013A368	MULTIPLE	1	12	275	89	2.476e-11	{LA}
UPI000013A368	WHOLE	1	1	295	53	1.113e-06	{L}
UPI000013A368	WHOLE	2	1	295	39	4.716e-04	{A}
UPI000013A36B	SINGLE	1	39	63	4	5.908e-04	{C}
UPI000013A36C	SINGLE	1	9	64	17	6.482e-07	{A}
UPI000013A36C	WHOLE	1	1	86	19	2.256e-05	{A}
UPI000013A36D	SINGLE	1	257	506	42	3.013e-09	{T}
UPI000013A36D	SINGLE	2	90	567	43	3.511e-06	{N}
UPI000013A36D	SINGLE	3	100	712	70	3.895e-06	{G}
UPI000013A36D	SINGLE	4	299	320	7	1.188e-04	{D}
UPI000013A36D	MULTIPLE	1	85	703	232	4.565e-17	{TNGD}
UPI000013A36D	WHOLE	1	1	760	83	2.715e-07	{T}
UPI000013A36D	WHOLE	2	1	760	57	2.381e-05	{N}
UPI000013A36D	WHOLE	3	1	760	76	1.076e-04	{G}
UPI000013A36F	SINGLE	1	133	149	7	9.321e-05	{S}
UPI000013A36F	SINGLE	2	39	197	26	1.690e-04	{A}
UPI000013A36F	SINGLE	3	101	173	11	6.471e-04	{I}
UPI000013A36F	MULTIPLE	1	133	149	9	4.944e-05	{SI}
UPI000013A370	SINGLE	1	187	672	51	2.695e-07	{I}
UPI000013A370	SINGLE	2	138	549	69	4.972e-07	{L}
UPI000013A370	SINGLE	3	328	372	11	8.540e-07	{F}
UPI000013A370	SINGLE	4	20	34	8	8.976e-07	{T}
UPI000013A370	SINGLE	5	724	739	7	3.603e-06	{P}
UPI000013A370	SINGLE	6	73	87	6	3.376e-05	{P}
UPI000013A370	SINGLE	7	221	244	6	2.346e-04	{F}
UPI000013A370	SINGLE	8	153	481	14	3.544e-04	{W}
UPI000013A370	MULTIPLE	1	180	563	144	1.463e-16	{ILFW}
UPI000013A370	WHOLE	1	1	741	59	1.126e-04	{I}
UPI000013A370	WHOLE	2	1	741	96	1.596e-04	{L}
UPI000013A370	WHOLE	3	1	741	46	7.259e-04	{F}
UPI000013A371	SINGLE	1	25	57	12	1.719e-05	{L}
UPI000013A371	SINGLE	2	16	523	39	3.478e-05	{F}
UPI000013A371	SINGLE	3	147	222	14	2.520e-04	{V}
UPI000013A371	SINGLE	4	280	448	18	2.765e-04	{Q}
UPI000013A371	SINGLE	5	483	505	6	6.136e-04	{I}
UPI000013A371	WHOLE	1	1	527	39	7.116e-05	{F}
UPI000013A373	SINGLE	1	28	179	18	1.893e-04	{P}
UPI000013A373	SINGLE	2	10	24	6	5.574e-04	{A}
UPI000013A374	SINGLE	1	25	49	9	1.687e-05	{G}
UPI000013A374	SINGLE	2	447	479	6	6.556e-05	{M}
UPI000013A374	SINGLE	3	334	369	11	2.151e-04	{L}
UPI000013A374	SINGLE	4	243	286	11	3.565e-04	{A}
UPI000013A374	SINGLE	5	77	137	12	3.680e-04	{E}
UPI000013A375	SINGLE	1	144	159	5	4.085e-04	{Q}
UPI000013A375	SINGLE	2	20	38	5	9.524e-04	{Q}
UPI000013A377	SINGLE	1	12	66	9	4.440e-04	{Q}
UPI000013A380	SINGLE	1	5	293	58	8.153e-09	{L}
UPI000013A380	SINGLE	2	7	294	32	1.132e-05	{I}
UPI000013A380	SINGLE	3	162	176	7	1.824e-05	{V}
UPI000013A380	MULTIPLE	1	5	294	90	9.819e-14	{LI}
UPI000013A380	WHOLE	1	1	299	58	2.787e-08	{L}
UPI000013A380	WHOLE	2	1	299	32	2.309e-05	{I}
UPI000013A38E	SINGLE	1	8	189	42	1.430e-08	{L}
UPI000013A38E	SINGLE	2	24	561	65	1.381e-06	{G}
UPI000013A38E	SINGLE	3	395	519	13	3.263e-06	{M}
UPI000013A38E	SINGLE	4	386	452	12	8.537e-06	{F}
UPI000013A38E	SINGLE	5	66	86	7	9.294e-06	{F}
UPI000013A38E	SINGLE	6	198	370	20	1.675e-04	{R}
UPI000013A38E	SINGLE	7	181	195	5	2.936e-04	{Q}
UPI000013A38E	SINGLE	8	335	553	23	3.385e-04	{I}
UPI000013A38E	SINGLE	9	503	549	11	6.339e-04	{A}
UPI000013A38E	MULTIPLE	1	6	561	290	1.336e-17	{LGMFIA}
UPI000013A38E	WHOLE	1	1	561	66	2.733e-06	{G}
UPI000013A38E	WHOLE	2	1	561	81	1.641e-05	{L}
UPI000013A38E	WHOLE	3	1	561	24	8.911e-04	{M}
UPI000013A390	SINGLE	1	14	117	16	2.371e-06	{F}
UPI000013A390	WHOLE	1	1	125	16	2.405e-05	{F}
UPI000013A391	SINGLE	1	65	149	19	1.495e-04	{L}
UPI000013A391	SINGLE	2	63	109	5	5.997e-04	{W}
UPI000013A391	MULTIPLE	1	63	149	24	6.859e-06	{LW}
UPI000013A391	WHOLE	1	1	162	27	9.702e-04	{L}
UPI000013A395	SINGLE	1	111	213	11	1.387e-05	{H}
UPI000013A58B	SINGLE	1	270	360	25	1.668e-08	{A}
UPI000013A58B	SINGLE	2	92	107	6	5.920e-05	{R}
UPI000013A58B	SINGLE	3	385	416	7	1.394e-04	{Y}
UPI000013A58B	WHOLE	1	1	447	63	2.547e-06	{A}
UPI000013A58B	WHOLE	2	1	447	38	2.657e-04	{R}
UPI000013A58E	SINGLE	1	12	27	4	3.155e-04	{H}
UPI000013A594	SINGLE	1	19	153	26	1.426e-04	{L}
UPI000013A594	SINGLE	2	4	36	7	2.116e-04	{F}
UPI000013A594	SINGLE	3	180	215	5	2.398e-04	{C}
UPI000013A594	MULTIPLE	1	4	153	40	4.317e-06	{LF}
UPI000013A5A3	SINGLE	1	69	111	9	1.410e-04	{R}
UPI000013A5A5	SINGLE	1	110	295	11	9.930e-05	{W}
UPI000013A5A5	SINGLE	2	46	283	24	3.093e-04	{R}
UPI000013A5A5	SINGLE	3	155	296	26	3.096e-04	{L}
UPI000013A5A5	MULTIPLE	1	55	296	69	1.079e-07	{WRL}
UPI000013A5A5	WHOLE	1	1	297	13	4.321e-04	{W}
UPI000013A5B0	SINGLE	1	123	139	6	5.013e-05	{Q}
UPI000013A5B0	SINGLE	2	81	119	9	6.699e-04	{G}
UPI000013A5BC	SINGLE	1	14	213	35	9.237e-05	{L}
UPI000013A5BC	SINGLE	2	142	212	12	1.338e-04	{I}
UPI000013A5BC	SINGLE	3	46	149	9	3.767e-04	{M}
UPI000013A5BC	MULTIPLE	1	14	213	63	4.905e-08	{LIM}
UPI000013A5BC	WHOLE	1	1	219	35	4.722e-04	{L}
UPI000013A5BE	SINGLE	1	4	28	9	2.059e-04	{L}
UPI000013A5BE	WHOLE	1	1	30	9	8.903e-04	{L}
UPI000013A5BF	SINGLE	1	21	40	7	1.586e-04	{E}
UPI000013A5C1	SINGLE	1	95	120	9	2.276e-06	{I}
UPI000013A5C1	SINGLE	2	5	92	19	2.341e-04	{L}
UPI000013A5C1	SINGLE	3	127	146	6	2.355e-04	{R}
UPI000013A5C1	SINGLE	4	113	143	9	3.743e-04	{A}
UPI000013A5C1	MULTIPLE	1	95	143	20	7.155e-07	{IA}
UPI000013A5C2	SINGLE	1	23	49	8	1.973e-04	{E}
UPI000013A5C4	SINGLE	1	5	45	10	1.879e-04	{E}
UPI000013A5C7	SINGLE	1	6	82	10	4.848e-04	{Y}
UPI000013A5C7	SINGLE	2	88	171	17	9.619e-04	{L}
UPI000013A5CA	SINGLE	1	9	133	23	5.907e-04	{L}
UPI000013A5E8	SINGLE	1	80	124	10	1.570e-05	{Q}
UPI000013A5E8	SINGLE	2	29	58	6	8.147e-04	{F}
UPI000013A5E9	SINGLE	1	2	404	42	3.066e-06	{I}
UPI000013A5E9	SINGLE	2	248	431	13	3.947e-06	{W}
UPI000013A5E9	SINGLE	3	96	174	18	2.371e-05	{A}
UPI000013A5E9	SINGLE	4	8	40	8	2.799e-05	{F}
UPI000013A5E9	SINGLE	5	37	62	5	3.525e-05	{W}
UPI000013A5E9	SINGLE	6	30	44	4	2.419e-04	{M}
UPI000013A5E9	SINGLE	7	263	422	27	8.160e-04	{L}
UPI000013A5E9	MULTIPLE	1	2	406	82	1.473e-09	{IWF}
UPI000013A5E9	MULTIPLE	2	30	62	9	1.899e-06	{WM}
UPI000013A5E9	WHOLE	1	1	441	43	1.160e-05	{I}
UPI000013A5E9	WHOLE	2	1	441	18	1.001e-04	{W}
UPI000013A5EA	SINGLE	1	585	626	11	1.089e-06	{Q}
UPI000013A5EA	SINGLE	2	320	475	20	2.796e-04	{D}
UPI000013A5EA	SINGLE	3	303	354	9	2.934e-04	{Q}
UPI000013A5EA	SINGLE	4	454	583	22	3.046e-04	{A}
UPI000013A5EA	MULTIPLE	1	303	475	33	1.021e-04	{DQ}
UPI000013A5EA	WHOLE	1	1	672	48	2.701e-04	{Q}
UPI000013A603	SINGLE	1	91	114	7	4.028e-04	{K}
UPI000013A603	SINGLE	2	124	150	6	7.702e-04	{Q}
UPI000013A605	SINGLE	1	97	157	15	5.005e-06	{E}
UPI000013A605	SINGLE	2	31	45	6	2.045e-04	{V}
UPI000013A607	SINGLE	1	16	336	60	6.302e-08	{L}
UPI000013A607	SINGLE	2	75	170	18	3.973e-05	{G}
UPI000013A607	SINGLE	3	175	197	6	1.831e-04	{F}
UPI000013A607	SINGLE	4	86	101	4	3.155e-04	{M}
UPI000013A607	SINGLE	5	230	303	11	7.239e-04	{I}
UPI000013A607	MULTIPLE	1	21	336	144	4.496e-13	{LGFMI}
UPI000013A607	WHOLE	1	1	408	64	9.474e-06	{L}
UPI000013A60E	SINGLE	1	51	135	15	1.569e-04	{T}
UPI000013A60E	SINGLE	2	35	61	6	4.578e-04	{F}
UPI000013A60E	SINGLE	3	142	159	6	6.921e-04	{G}
UPI000013A60E	MULTIPLE	1	51	131	20	8.766e-05	{TF}
UPI000013A673	SINGLE	1	62	130	17	9.560e-05	{L}
UPI000013A673	WHOLE	1	1	213	35	2.929e-04	{L}
UPI000013A677	SINGLE	1	6	48	11	4.769e-06	{I}
UPI000013A677	SINGLE	2	92	116	5	1.683e-04	{H}
UPI000013A677	WHOLE	1	1	119	16	1.792e-04	{I}
UPI000013A679	SINGLE	1	5	24	6	5.140e-04	{D}
UPI000013A67C	SINGLE	1	73	114	15	3.255e-08	{G}
UPI000013A67C	SINGLE	2	13	100	16	1.143e-04	{V}
UPI000013A67C	SINGLE	3	7	23	7	1.565e-04	{A}
UPI000013A67C	SINGLE	4	111	127	5	5.538e-04	{Q}
UPI000013A67C	MULTIPLE	1	7	102	29	3.298e-05	{VA}
UPI000013A67C	WHOLE	1	1	179	25	2.076e-04	{G}
UPI000013A67F	SINGLE	1	26	73	16	2.498e-10	{P}
UPI000013A67F	SINGLE	2	109	132	7	4.521e-05	{N}
UPI000013A67F	SINGLE	3	141	155	5	2.936e-04	{Q}
UPI000013A685	SINGLE	1	127	193	16	4.737e-06	{G}
UPI000013A685	SINGLE	2	268	286	6	1.731e-04	{R}
UPI000013A685	SINGLE	3	91	117	7	4.646e-04	{D}
UPI000013A685	SINGLE	4	55	73	6	9.446e-04	{G}
UPI000013A685	WHOLE	1	1	303	37	1.414e-04	{G}
UPI000013A68E	SINGLE	1	12	223	24	5.911e-05	{R}
UPI000013A68E	SINGLE	2	170	190	4	2.285e-04	{W}
UPI000013A68E	MULTIPLE	1	12	231	33	2.131e-06	{RW}
UPI000013A68E	WHOLE	1	1	243	24	4.091e-04	{R}
UPI000013A68F	SINGLE	1	170	357	24	1.409e-05	{I}
UPI000013A68F	SINGLE	2	42	320	23	4.142e-04	{F}
UPI000013A68F	MULTIPLE	1	39	357	53	3.556e-06	{IF}
UPI000013A68F	WHOLE	1	1	403	37	1.308e-04	{I}
UPI000013A699	SINGLE	1	9	383	72	1.166e-09	{L}
UPI000013A699	SINGLE	2	6	348	38	2.138e-06	{I}
UPI000013A699	SINGLE	3	42	273	34	7.662e-06	{G}
UPI000013A699	SINGLE	4	311	370	11	1.585e-05	{F}
UPI000013A699	SINGLE	5	14	28	7	3.582e-05	{S}
UPI000013A699	SINGLE	6	367	404	10	9.574e-05	{V}
UPI000013A699	SINGLE	7	558	577	7	1.586e-04	{E}
UPI000013A699	MULTIPLE	1	6	380	178	7.258e-22	{LIGF}
UPI000013A699	WHOLE	1	1	578	92	9.402e-08	{L}
UPI000013A699	WHOLE	2	1	578	58	4.835e-04	{G}
UPI000013A699	WHOLE	3	1	578	46	5.006e-04	{I}
UPI000013A6A0	SINGLE	1	32	47	5	7.294e-04	{I}
UPI000013A6AE	SINGLE	1	72	90	7	1.618e-05	{R}
UPI000013A6AE	SINGLE	2	11	25	6	2.045e-04	{V}
UPI000013A6B0	SINGLE	1	5	150	11	2.180e-05	{C}
UPI000013A6B0	SINGLE	2	57	71	6	5.574e-04	{A}
UPI000013A6B0	WHOLE	1	1	152	11	3.137e-05	{C}
UPI000013A6B7	SINGLE	1	54	99	13	4.028e-06	{V}
UPI000013A6BD	SINGLE	1	6	57	14	4.138e-06	{G}
UPI000013A6BD	WHOLE	1	1	59	14	1.925e-05	{G}
UPI000013A6BE	SINGLE	1	62	104	10	1.898e-04	{K}
UPI000013A6C0	SINGLE	1	69	83	7	6.097e-05	{A}
UPI000013A6C4	SINGLE	1	357	374	4	1.600e-04	{C}
UPI000013A6C4	SINGLE	2	25	310	26	2.003e-04	{Q}
UPI000013A6C4	SINGLE	3	191	344	11	4.540e-04	{M}
UPI000013A6C4	SINGLE	4	119	301	27	6.140e-04	{A}
UPI000013A6C4	SINGLE	5	21	384	31	7.938e-04	{R}
UPI000013A6C4	SINGLE	6	2	203	32	8.702e-04	{L}
UPI000013A6C4	MULTIPLE	1	1	358	158	7.220e-11	{QMARL}
UPI000013A6C7	SINGLE	1	184	202	6	8.474e-04	{V}
UPI000013A6CB	SINGLE	1	66	80	5	4.635e-04	{R}
UPI000013A6CB	SINGLE	2	4	85	17	7.406e-04	{L}
UPI000013A6CB	MULTIPLE	1	4	85	23	4.118e-04	{RL}
UPI000013A6CE	SINGLE	1	2	87	15	5.619e-05	{D}
UPI000013A6CE	WHOLE	1	1	109	16	2.438e-04	{D}
UPI000013A6D3	SINGLE	1	124	177	9	9.404e-04	{I}
UPI000013A6DC	SINGLE	1	258	322	9	1.034e-05	{M}
UPI000013A6DC	SINGLE	2	397	466	14	1.076e-04	{E}
UPI000013A6DC	SINGLE	3	262	284	5	1.114e-04	{H}
UPI000013A6DC	SINGLE	4	373	388	6	8.219e-04	{A}
UPI000013A6DC	MULTIPLE	1	258	322	14	5.633e-07	{MH}
UPI000013A6DF	SINGLE	1	14	28	9	1.324e-06	{L}
UPI000013A6DF	SINGLE	2	97	277	18	1.943e-04	{F}
UPI000013A6DF	SINGLE	3	266	280	5	5.275e-04	{I}
UPI000013A6DF	MULTIPLE	1	97	280	34	1.866e-05	{FI}
UPI000013A6DF	WHOLE	1	1	293	44	4.078e-04	{L}
UPI000013A6DF	WHOLE	2	1	293	23	7.650e-04	{F}
UPI000013A6E0	SINGLE	1	13	237	24	6.884e-06	{F}
UPI000013A6E0	SINGLE	2	71	89	8	1.137e-05	{V}
UPI000013A6E0	SINGLE	3	108	261	12	1.205e-04	{M}
UPI000013A6E0	SINGLE	4	123	200	12	3.183e-04	{I}
UPI000013A6E0	MULTIPLE	1	11	248	60	4.373e-10	{FMI}
UPI000013A6E0	WHOLE	1	1	280	25	7.884e-05	{F}
UPI000013A6E0	WHOLE	2	1	280	16	3.409e-04	{M}
UPI000013A911	SINGLE	1	3	82	17	9.468e-05	{A}
UPI000013A911	WHOLE	1	1	88	17	2.970e-04	{A}
UPI000013A92D	SINGLE	1	156	184	11	2.434e-05	{L}
UPI000013A92D	SINGLE	2	110	182	10	8.847e-04	{Q}
UPI000013A92D	MULTIPLE	1	116	184	24	4.709e-06	{LQ}
UPI000013A932	SINGLE	1	53	67	4	2.419e-04	{H}
UPI000013A947	SINGLE	1	32	46	6	3.376e-05	{P}
UPI000013A947	SINGLE	2	60	388	14	3.544e-04	{W}
UPI000013A95C	SINGLE	1	19	37	8	4.395e-05	{A}
UPI000013A95C	SINGLE	2	451	551	13	2.994e-04	{N}
UPI000013A95C	SINGLE	3	176	504	25	4.649e-04	{Y}
UPI000013A95C	SINGLE	4	379	455	6	8.931e-04	{W}
UPI000013A95C	MULTIPLE	1	173	551	63	5.984e-06	{NYW}
UPI000013A974	SINGLE	1	6	219	24	1.508e-05	{Q}
UPI000013A974	SINGLE	2	19	100	12	3.895e-04	{R}
UPI000013A974	SINGLE	3	130	197	11	9.233e-04	{D}
UPI000013A974	MULTIPLE	1	6	219	45	6.414e-08	{QR}
UPI000013A974	WHOLE	1	1	228	24	4.039e-05	{Q}
UPI000013A988	SINGLE	1	28	67	9	9.813e-05	{I}
UPI000013A988	SINGLE	2	64	107	5	4.441e-04	{W}
UPI000013A988	MULTIPLE	1	28	108	18	2.397e-06	{IW}
UPI000013A988	WHOLE	1	1	111	15	2.620e-04	{I}
UPI000013A98B	SINGLE	1	43	79	12	1.298e-05	{A}
UPI000013A98B	SINGLE	2	12	100	18	7.145e-04	{L}
UPI000013A98B	MULTIPLE	1	9	101	36	3.919e-07	{AL}
UPI000013A98B	WHOLE	1	1	109	20	1.934e-04	{A}
UPI000013A98E	SINGLE	1	8	341	67	6.680e-10	{L}
UPI000013A98E	SINGLE	2	5	46	12	5.002e-07	{I}
UPI000013A98E	SINGLE	3	1	183	14	4.298e-05	{M}
UPI000013A98E	SINGLE	4	177	250	15	3.839e-04	{A}
UPI000013A98E	MULTIPLE	1	1	338	153	1.280e-17	{LIMA}
UPI000013A98E	WHOLE	1	1	344	67	2.289e-09	{L}
UPI000013A98E	WHOLE	2	1	344	36	1.263e-05	{I}
UPI000013A992	SINGLE	1	44	485	26	4.647e-06	{M}
UPI000013A992	SINGLE	2	95	500	56	1.475e-05	{A}
UPI000013A992	SINGLE	3	192	399	25	2.579e-05	{I}
UPI000013A992	SINGLE	4	72	127	12	1.969e-04	{G}
UPI000013A992	SINGLE	5	254	302	8	4.802e-04	{F}
UPI000013A992	MULTIPLE	1	35	500	196	2.732e-15	{MAIGF}
UPI000013A992	WHOLE	1	1	500	27	1.392e-05	{M}
UPI000013A992	WHOLE	2	1	500	63	6.558e-05	{A}
UPI000013A992	WHOLE	3	1	500	41	5.424e-04	{I}
UPI000013A9A5	SINGLE	1	34	48	6	5.574e-04	{A}
UPI000013A9AE	SINGLE	1	17	34	7	2.867e-06	{F}
UPI000013A9B1	SINGLE	1	8	659	102	5.019e-08	{L}
UPI000013A9B1	SINGLE	2	16	404	57	2.231e-06	{A}
UPI000013A9B1	SINGLE	3	511	651	21	2.976e-06	{R}
UPI000013A9B1	SINGLE	4	224	352	18	3.346e-05	{R}
UPI000013A9B1	SINGLE	5	422	489	11	5.155e-05	{F}
UPI000013A9B1	SINGLE	6	6	588	22	5.912e-05	{W}
UPI000013A9B1	SINGLE	7	165	186	5	8.914e-05	{M}
UPI000013A9B1	MULTIPLE	1	1	662	276	4.410e-20	{LARWM}
UPI000013A9B1	WHOLE	1	1	670	103	9.973e-08	{L}
UPI000013A9B1	WHOLE	2	1	670	81	3.252e-05	{A}
UPI000013A9B1	WHOLE	3	1	670	23	1.522e-04	{W}
UPI000013A9B5	SINGLE	1	42	147	30	9.647e-13	{K}
UPI000013A9B5	SINGLE	2	10	109	20	2.254e-06	{T}
UPI000013A9B5	SINGLE	3	65	85	8	5.617e-05	{S}
UPI000013A9B5	SINGLE	4	25	144	22	1.001e-04	{A}
UPI000013A9B5	MULTIPLE	1	25	144	87	1.239e-24	{KTSA}
UPI000013A9B5	WHOLE	1	1	271	37	3.524e-06	{K}
UPI000013A9B5	WHOLE	2	1	271	30	8.221e-04	{T}
UPI000013A9B7	SINGLE	1	9	377	54	4.061e-06	{A}
UPI000013A9B7	SINGLE	2	1	316	20	1.891e-05	{M}
UPI000013A9B7	SINGLE	3	13	367	43	5.711e-05	{G}
UPI000013A9B7	SINGLE	4	59	286	39	6.567e-05	{L}
UPI000013A9B7	SINGLE	5	116	386	33	2.166e-04	{V}
UPI000013A9B7	MULTIPLE	1	7	377	210	4.187e-22	{AMGLV}
UPI000013A9B7	WHOLE	1	1	389	55	8.848e-06	{A}
UPI000013A9B7	WHOLE	2	1	389	22	3.965e-05	{M}
UPI000013A9B7	WHOLE	3	1	389	43	3.604e-04	{G}
UPI000013A9B7	WHOLE	4	1	389	54	6.622e-04	{L}
UPI000013A9C2	SINGLE	1	46	171	16	2.232e-10	{C}
UPI000013A9C2	SINGLE	2	185	199	5	2.936e-04	{Q}
UPI000013A9C2	WHOLE	1	1	222	16	6.358e-07	{C}
UPI000013A9C4	SINGLE	1	68	193	17	2.346e-11	{C}
UPI000013A9C4	SINGLE	2	100	114	7	2.093e-05	{G}
UPI000013A9C4	SINGLE	3	8	39	11	6.795e-05	{L}
UPI000013A9C4	WHOLE	1	1	208	18	8.569e-09	{C}
UPI000013A9D7	SINGLE	1	14	340	57	1.220e-06	{L}
UPI000013A9D7	SINGLE	2	2	348	43	2.194e-05	{V}
UPI000013A9D7	SINGLE	3	346	366	8	2.706e-05	{E}
UPI000013A9D7	SINGLE	4	13	329	33	2.983e-05	{I}
UPI000013A9D7	SINGLE	5	192	226	11	4.044e-05	{A}
UPI000013A9D7	SINGLE	6	268	284	4	9.652e-05	{W}
UPI000013A9D7	SINGLE	7	92	330	31	1.592e-04	{G}
UPI000013A9D7	MULTIPLE	1	10	345	215	1.520e-24	{LVIAWG}
UPI000013A9D7	WHOLE	1	1	370	59	1.222e-05	{L}
UPI000013A9D7	WHOLE	2	1	370	43	8.831e-05	{V}
UPI000013A9D7	WHOLE	3	1	370	35	1.112e-04	{I}
UPI000013A9DB	SINGLE	1	246	333	18	9.985e-05	{A}
UPI000013A9DB	SINGLE	2	205	337	11	1.352e-04	{M}
UPI000013A9DB	SINGLE	3	345	359	5	4.635e-04	{R}
UPI000013A9DB	SINGLE	4	108	157	10	6.665e-04	{T}
UPI000013A9DB	SINGLE	5	217	241	7	7.029e-04	{E}
UPI000013A9DB	MULTIPLE	1	223	337	28	4.931e-06	{AM}
UPI000013A9DB	WHOLE	1	1	383	19	5.562e-04	{M}
UPI000013A9DC	SINGLE	1	155	228	10	3.566e-04	{Y}
UPI000013A9E2	SINGLE	1	60	144	21	1.568e-05	{L}
UPI000013A9E2	SINGLE	2	169	210	10	2.475e-05	{I}
UPI000013A9E4	SINGLE	1	12	87	14	1.610e-04	{T}
UPI000013ABA4	SINGLE	1	548	573	7	7.868e-05	{N}
UPI000013ABA4	SINGLE	2	283	317	8	8.529e-05	{N}
UPI000013ABA4	SINGLE	3	467	519	9	1.257e-04	{Y}
UPI000013ABA4	SINGLE	4	12	594	60	1.442e-04	{E}
UPI000013ABA4	SINGLE	5	449	463	5	2.936e-04	{Q}
UPI000013ABA4	MULTIPLE	1	12	594	92	5.784e-05	{NE}
UPI000013ABA4	WHOLE	1	1	644	63	3.613e-04	{E}
UPI000013ABA5	SINGLE	1	93	111	10	8.177e-08	{G}
UPI000013ABA5	SINGLE	2	84	144	11	4.586e-05	{Q}
UPI000013ABA5	SINGLE	3	187	224	10	9.694e-05	{E}
UPI000013ABA5	SINGLE	4	7	242	25	1.174e-04	{R}
UPI000013ABA5	SINGLE	5	65	81	4	4.036e-04	{H}
UPI000013ABA5	SINGLE	6	251	268	4	5.076e-04	{M}
UPI000013ABA5	MULTIPLE	1	92	112	15	1.069e-10	{GQ}
UPI000013ABA5	MULTIPLE	2	7	242	46	8.149e-05	{ER}
UPI000013ABA5	WHOLE	1	1	427	35	7.640e-04	{R}
UPI000013ABA9	SINGLE	1	63	287	50	2.632e-09	{L}
UPI000013ABA9	SINGLE	2	2	491	51	3.457e-07	{I}
UPI000013ABA9	SINGLE	3	12	368	30	5.169e-05	{F}
UPI000013ABA9	MULTIPLE	1	11	424	147	1.498e-17	{LIF}
UPI000013ABA9	WHOLE	1	1	491	51	3.654e-07	{I}
UPI000013ABA9	WHOLE	2	1	491	76	2.770e-06	{L}
UPI000013ABA9	WHOLE	3	1	491	34	5.467e-04	{F}
UPI000013ABAC	SINGLE	1	28	66	10	1.245e-05	{I}
UPI000013ABAC	SINGLE	2	87	145	13	6.695e-05	{V}
UPI000013ABAC	SINGLE	3	92	146	12	1.657e-04	{G}
UPI000013ABAC	SINGLE	4	6	143	25	4.558e-04	{L}
UPI000013ABAC	MULTIPLE	1	6	144	42	5.507e-07	{IL}
UPI000013ABAC	MULTIPLE	2	91	146	24	3.272e-08	{VG}
UPI000013ABAC	WHOLE	1	1	148	17	6.776e-04	{I}
UPI000013ABAC	WHOLE	2	1	148	20	8.925e-04	{V}
UPI000013ABB6	SINGLE	1	166	183	8	8.226e-06	{G}
UPI000013ABB6	SINGLE	2	163	179	4	9.652e-05	{W}
UPI000013ABB6	SINGLE	3	156	184	7	2.640e-04	{P}
UPI000013ABB6	SINGLE	4	38	69	7	3.177e-04	{Q}
UPI000013ABB6	MULTIPLE	1	156	184	19	5.468e-11	{GWP}
UPI000013ABB6	WHOLE	1	1	193	26	2.738e-04	{G}
UPI000013ABBD	SINGLE	1	151	424	30	1.592e-05	{R}
UPI000013ABBD	SINGLE	2	53	97	10	4.087e-04	{E}
UPI000013ABBD	SINGLE	3	307	337	8	5.305e-04	{V}
UPI000013ABBD	SINGLE	4	91	391	34	8.642e-04	{G}
UPI000013ABBD	MULTIPLE	1	147	388	54	6.220e-07	{RG}
UPI000013ABBD	WHOLE	1	1	440	38	2.003e-04	{R}
UPI000013ABC0	SINGLE	1	146	228	14	1.378e-04	{D}
UPI000013ABC0	SINGLE	2	2	213	32	1.540e-04	{A}
UPI000013ABC0	SINGLE	3	73	94	7	3.432e-04	{G}
UPI000013ABC0	MULTIPLE	1	35	210	65	9.287e-08	{DAG}
UPI000013ABC0	WHOLE	1	1	246	34	4.705e-04	{A}
UPI000013ABC5	SINGLE	1	25	39	5	9.005e-04	{D}
UPI000013ABC8	SINGLE	1	4	21	8	7.040e-06	{V}
UPI000013ABC8	SINGLE	2	22	63	11	8.588e-04	{L}
UPI000013ABC9	SINGLE	1	68	354	57	1.570e-08	{L}
UPI000013ABC9	SINGLE	2	18	182	22	1.585e-05	{I}
UPI000013ABC9	SINGLE	3	28	443	54	9.186e-05	{A}
UPI000013ABC9	SINGLE	4	239	262	7	5.364e-04	{V}
UPI000013ABC9	SINGLE	5	395	412	6	6.921e-04	{G}
UPI000013ABC9	MULTIPLE	1	16	443	201	4.019e-16	{LIAG}
UPI000013ABC9	WHOLE	1	1	457	74	7.348e-07	{L}
UPI000013ABC9	WHOLE	2	1	457	57	1.657e-04	{A}
UPI000013ABC9	WHOLE	3	1	457	39	3.529e-04	{I}
UPI000013ABCB	SINGLE	1	216	260	12	8.304e-07	{R}
UPI000013ABCB	SINGLE	2	66	414	59	2.160e-06	{L}
UPI000013ABCB	SINGLE	3	274	403	19	1.610e-05	{I}
UPI000013ABCB	SINGLE	4	72	164	9	1.680e-04	{M}
UPI000013ABCB	SINGLE	5	233	266	5	1.828e-04	{C}
UPI000013ABCB	SINGLE	6	31	54	4	5.044e-04	{C}
UPI000013ABCB	MULTIPLE	1	58	414	141	5.040e-13	{RLIMC}
UPI000013ABCB	WHOLE	1	1	427	63	6.176e-05	{L}
UPI000013ABCB	WHOLE	2	1	427	38	1.939e-04	{I}
UPI000013ABE0	SINGLE	1	25	45	5	7.041e-05	{M}
UPI000013ABE3	SINGLE	1	23	58	10	2.669e-04	{A}
UPI000013ABE4	SINGLE	1	12	37	8	1.470e-04	{V}
UPI000013ABE4	SINGLE	2	55	70	6	8.219e-04	{A}
UPI000013ABED	SINGLE	1	100	145	13	2.908e-05	{A}
UPI000013ABED	SINGLE	2	7	45	12	1.062e-04	{L}
UPI000013ABED	SINGLE	3	5	198	21	3.981e-04	{I}
UPI000013ABED	MULTIPLE	1	55	166	31	1.267e-05	{AI}
UPI000013ABFF	SINGLE	1	44	62	4	1.525e-04	{W}
UPI000013ABFF	SINGLE	2	105	119	5	4.635e-04	{R}
UPI000013AC14	SINGLE	1	37	399	34	2.037e-06	{F}
UPI000013AC14	SINGLE	2	158	178	9	2.683e-06	{V}
UPI000013AC14	SINGLE	3	20	34	4	2.419e-04	{M}
UPI000013AC14	SINGLE	4	112	383	27	2.783e-04	{I}
UPI000013AC14	SINGLE	5	54	369	41	5.020e-04	{A}
UPI000013AC14	MULTIPLE	1	37	383	137	4.958e-12	{FVIA}
UPI000013AC14	WHOLE	1	1	452	35	6.820e-05	{F}
UPI000013AC39	SINGLE	1	143	162	7	1.586e-04	{E}
UPI000013AC39	SINGLE	2	39	53	5	2.875e-04	{N}
UPI000013AC39	SINGLE	3	334	354	5	8.379e-04	{Y}
UPI000013AC40	SINGLE	1	204	227	6	3.999e-04	{Q}
UPI000013AC40	SINGLE	2	105	169	12	6.419e-04	{V}
UPI000013AC40	SINGLE	3	181	197	5	8.659e-04	{R}
UPI000013AC4B	SINGLE	1	41	56	6	5.920e-05	{R}
UPI000013AC4B	SINGLE	2	55	76	6	8.827e-04	{D}
UPI000013AC4B	MULTIPLE	1	41	81	15	6.205e-06	{RD}
UPI000013AC50	SINGLE	1	26	153	19	2.238e-04	{K}
UPI000013AC50	WHOLE	1	1	153	21	3.151e-04	{K}
UPI000013AC52	SINGLE	1	177	233	14	3.775e-04	{L}
UPI000013AC53	SINGLE	1	75	104	12	1.815e-07	{G}
UPI000013AC53	SINGLE	2	349	469	17	1.462e-05	{Q}
UPI000013AC53	SINGLE	3	1	200	15	2.961e-05	{M}
UPI000013AC53	SINGLE	4	143	217	16	1.411e-04	{A}
UPI000013AC53	SINGLE	5	6	33	9	5.211e-04	{L}
UPI000013AC53	SINGLE	6	20	504	40	5.478e-04	{I}
UPI000013AC53	MULTIPLE	1	78	122	18	1.454e-08	{GM}
UPI000013AC53	MULTIPLE	2	6	510	105	1.126e-05	{LI}
UPI000013AC61	SINGLE	1	260	281	6	4.110e-04	{R}
UPI000013AC61	SINGLE	2	27	74	12	7.936e-04	{L}
UPI000013AC61	SINGLE	3	80	154	11	8.064e-04	{I}
UPI000013AC63	SINGLE	1	139	339	34	1.092e-05	{A}
UPI000013AC63	SINGLE	2	155	176	8	3.934e-05	{V}
UPI000013AC63	SINGLE	3	4	276	29	5.857e-05	{I}
UPI000013AC63	SINGLE	4	282	333	14	1.406e-04	{L}
UPI000013AC63	SINGLE	5	19	145	19	4.603e-04	{G}
UPI000013AC63	SINGLE	6	47	136	18	8.111e-04	{L}
UPI000013AC63	MULTIPLE	1	17	340	182	4.782e-15	{AVILG}
UPI000013AC63	WHOLE	1	1	349	33	1.667e-04	{I}
UPI000013AC63	WHOLE	2	1	349	46	1.889e-04	{A}
UPI000013AC6E	SINGLE	1	6	20	6	1.249e-05	{F}
UPI000013AC6E	SINGLE	2	62	76	5	5.275e-04	{I}
UPI000013AC6E	WHOLE	1	1	79	10	7.683e-04	{F}
UPI000013AC73	SINGLE	1	3	64	8	6.078e-06	{C}
UPI000013AC73	SINGLE	2	14	32	6	1.511e-04	{P}
UPI000013AC73	MULTIPLE	1	3	54	16	5.747e-08	{CP}
UPI000013AC73	WHOLE	1	1	84	8	5.496e-05	{C}
UPI000013AC76	SINGLE	1	6	190	26	1.157e-06	{I}
UPI000013AC76	SINGLE	2	32	80	13	1.063e-05	{G}
UPI000013AC76	SINGLE	3	95	337	24	2.350e-05	{F}
UPI000013AC76	SINGLE	4	119	344	36	4.267e-04	{L}
UPI000013AC76	MULTIPLE	1	2	346	140	3.185e-11	{IGFL}
UPI000013AC76	WHOLE	1	1	364	38	8.014e-06	{I}
UPI000013AC76	WHOLE	2	1	364	28	3.348e-04	{F}
UPI000013AC7C	SINGLE	1	50	64	6	5.574e-04	{A}
UPI000013AC7E	SINGLE	1	157	171	6	3.887e-05	{R}
UPI000013AC7E	SINGLE	2	24	177	29	9.530e-05	{L}
UPI000013AC7E	SINGLE	3	22	195	18	1.218e-04	{F}
UPI000013AC7E	SINGLE	4	379	396	4	1.222e-04	{W}
UPI000013AC7E	MULTIPLE	1	22	181	58	1.767e-08	{RLF}
UPI000013ADBD	SINGLE	1	366	438	13	1.139e-05	{Q}
UPI000013ADBD	SINGLE	2	23	161	29	1.496e-05	{L}
UPI000013ADBD	SINGLE	3	166	182	6	7.634e-04	{S}
UPI000013ADC7	SINGLE	1	39	147	16	1.487e-05	{Q}
UPI000013ADD9	SINGLE	1	28	407	26	1.920e-10	{W}
UPI000013ADD9	SINGLE	2	7	342	54	2.121e-05	{L}
UPI000013ADD9	SINGLE	3	59	438	31	6.671e-05	{F}
UPI000013ADD9	SINGLE	4	344	358	5	5.275e-04	{I}
UPI000013ADD9	MULTIPLE	1	48	438	56	2.816e-11	{WF}
UPI000013ADD9	WHOLE	1	1	550	28	2.465e-08	{W}
UPI000013ADD9	WHOLE	2	1	550	73	3.922e-04	{L}
UPI000013ADDB	SINGLE	1	18	121	27	4.063e-07	{L}
UPI000013ADDB	WHOLE	1	1	128	29	2.950e-06	{L}
UPI000013ADE4	SINGLE	1	161	213	11	3.812e-05	{I}
UPI000013ADE4	SINGLE	2	146	160	5	9.005e-04	{D}
UPI000013ADE9	SINGLE	1	209	284	20	2.818e-10	{R}
UPI000013ADE9	SINGLE	2	79	606	34	2.504e-08	{M}
UPI000013ADE9	SINGLE	3	8	602	71	3.707e-07	{V}
UPI000013ADE9	SINGLE	4	527	561	13	1.036e-06	{A}
UPI000013ADE9	SINGLE	5	487	504	7	8.425e-05	{G}
UPI000013ADE9	SINGLE	6	5	537	74	1.076e-04	{L}
UPI000013ADE9	SINGLE	7	437	473	8	3.110e-04	{I}
UPI000013ADE9	MULTIPLE	1	1	607	279	3.295e-18	{MVGLI}
UPI000013ADE9	WHOLE	1	1	610	36	8.500e-08	{M}
UPI000013ADE9	WHOLE	2	1	610	71	8.747e-07	{V}
UPI000013ADE9	WHOLE	3	1	610	78	6.968e-04	{L}
UPI000013ADEB	SINGLE	1	1	20	5	5.484e-05	{M}
UPI000013ADEB	SINGLE	2	28	49	6	4.110e-04	{R}
UPI000013ADEB	WHOLE	1	1	164	11	7.452e-04	{M}
UPI000013ADEE	SINGLE	1	38	58	10	5.299e-06	{L}
UPI000013ADFD	SINGLE	1	112	328	29	8.399e-07	{I}
UPI000013ADFD	SINGLE	2	164	497	44	4.178e-06	{V}
UPI000013ADFD	SINGLE	3	23	453	35	2.770e-05	{F}
UPI000013ADFD	SINGLE	4	86	168	16	7.271e-05	{G}
UPI000013ADFD	SINGLE	5	287	309	4	3.281e-04	{W}
UPI000013ADFD	SINGLE	6	337	353	4	4.036e-04	{M}
UPI000013ADFD	SINGLE	7	343	430	16	8.251e-04	{A}
UPI000013ADFD	SINGLE	8	20	60	9	8.358e-04	{V}
UPI000013ADFD	MULTIPLE	1	109	423	184	7.744e-20	{IVFGWMA}
UPI000013ADFD	WHOLE	1	1	506	57	2.087e-05	{V}
UPI000013ADFD	WHOLE	2	1	506	37	1.312e-04	{F}
UPI000013ADFD	WHOLE	3	1	506	43	2.116e-04	{I}
UPI000013AE00	SINGLE	1	79	180	18	6.876e-05	{E}
UPI000013AE00	WHOLE	1	1	180	25	1.702e-04	{E}
UPI000013AE04	SINGLE	1	153	189	5	1.980e-04	{W}
UPI000013AE13	SINGLE	1	123	156	7	6.942e-06	{H}
UPI000013AE2F	SINGLE	1	131	145	7	3.040e-06	{I}
UPI000013AE2F	SINGLE	2	76	90	6	1.249e-05	{F}
UPI000013AE2F	SINGLE	3	33	293	40	2.099e-05	{A}
UPI000013AE2F	SINGLE	4	236	268	11	9.253e-05	{L}
UPI000013AE2F	SINGLE	5	175	190	6	3.059e-04	{V}
UPI000013AE2F	MULTIPLE	1	39	278	113	4.338e-10	{IALV}
UPI000013AE2F	WHOLE	1	1	314	41	4.474e-04	{A}
UPI000013AE30	SINGLE	1	233	252	9	1.955e-06	{G}
UPI000013AE30	SINGLE	2	138	166	9	2.189e-04	{A}
UPI000013AE35	SINGLE	1	5	90	15	1.069e-05	{R}
UPI000013AE35	SINGLE	2	373	395	6	5.293e-04	{R}
UPI000013AE35	SINGLE	3	125	237	17	6.493e-04	{V}
UPI000013AE4A	SINGLE	1	72	248	20	9.896e-06	{Y}
UPI000013AE4A	SINGLE	2	55	151	14	1.992e-05	{F}
UPI000013AE4A	SINGLE	3	56	212	25	2.720e-05	{G}
UPI000013AE4A	SINGLE	4	65	219	17	2.720e-04	{N}
UPI000013AE4A	SINGLE	5	145	218	6	7.311e-04	{W}
UPI000013AE4A	MULTIPLE	1	55	254	94	9.704e-18	{YFGNW}
UPI000013AE4A	WHOLE	1	1	254	22	1.806e-04	{Y}
UPI000013AE4A	WHOLE	2	1	254	22	2.874e-04	{F}
UPI000013AE4A	WHOLE	3	1	254	30	8.301e-04	{G}
UPI000013AE4C	SINGLE	1	66	81	7	2.677e-04	{L}
UPI000013AE4C	SINGLE	2	176	246	14	7.608e-04	{A}
UPI000013AE4C	SINGLE	3	64	221	16	9.340e-04	{Q}
UPI000013AE78	SINGLE	1	357	425	14	1.046e-06	{N}
UPI000013AE78	SINGLE	2	106	469	54	2.747e-06	{A}
UPI000013AE78	SINGLE	3	129	478	35	3.064e-06	{Q}
UPI000013AE78	SINGLE	4	94	110	6	2.852e-05	{F}
UPI000013AE78	SINGLE	5	447	461	6	3.585e-04	{S}
UPI000013AE78	SINGLE	6	11	30	7	4.883e-04	{A}
UPI000013AE78	SINGLE	7	226	477	38	8.181e-04	{L}
UPI000013AE78	SINGLE	8	206	480	25	9.603e-04	{R}
UPI000013AE78	MULTIPLE	1	98	480	196	1.525e-17	{NAQLR}
UPI000013AE78	WHOLE	1	1	487	64	1.804e-05	{A}
UPI000013AE78	WHOLE	2	1	487	41	2.726e-05	{Q}
UPI000013AE7A	SINGLE	1	11	248	44	3.782e-06	{L}
UPI000013AE7A	SINGLE	2	192	217	7	1.498e-04	{R}
UPI000013AE7A	MULTIPLE	1	22	237	59	1.310e-07	{LR}
UPI000013AE7A	WHOLE	1	1	248	44	1.056e-05	{L}
UPI000013AE7D	SINGLE	1	13	33	6	1.066e-04	{F}
UPI000013AE7D	SINGLE	2	5	19	5	4.635e-04	{R}
UPI000013AE7D	MULTIPLE	1	10	33	11	1.652e-06	{FR}
UPI000013AE7F	SINGLE	1	73	111	14	8.609e-08	{G}
UPI000013AE7F	SINGLE	2	126	166	11	2.410e-05	{T}
UPI000013AE7F	SINGLE	3	12	110	19	1.532e-04	{A}
UPI000013AE84	SINGLE	1	13	183	33	8.602e-07	{A}
UPI000013AE84	SINGLE	2	96	140	8	5.178e-04	{Q}
UPI000013AE84	MULTIPLE	1	10	183	45	3.992e-07	{AQ}
UPI000013AE84	WHOLE	1	1	206	34	1.807e-05	{A}
UPI000013AE8E	SINGLE	1	27	67	14	8.097e-06	{L}
UPI000013AE8E	WHOLE	1	1	211	35	2.480e-04	{L}
UPI000013AE93	SINGLE	1	21	37	6	4.943e-04	{G}
UPI000013AE93	SINGLE	2	41	64	7	5.364e-04	{V}
UPI000013AE95	SINGLE	1	88	187	20	8.331e-09	{Q}
UPI000013AE95	SINGLE	2	8	24	8	5.235e-05	{L}
UPI000013AE95	WHOLE	1	1	237	25	2.787e-05	{Q}
UPI000013AE96	SINGLE	1	142	247	20	1.336e-04	{A}
UPI000013AE96	SINGLE	2	4	281	42	4.706e-04	{L}
UPI000013AE96	MULTIPLE	1	14	267	74	6.624e-07	{AL}
UPI000013AE96	WHOLE	1	1	282	42	6.123e-04	{L}
UPI000013AE96	WHOLE	2	1	282	37	7.094e-04	{A}
UPI000013AE97	SINGLE	1	17	45	9	1.620e-05	{D}
UPI000013AE97	WHOLE	1	1	66	11	7.252e-04	{D}
UPI000013AE9A	SINGLE	1	53	101	12	5.259e-05	{G}
UPI000013AE9C	SINGLE	1	46	162	21	1.868e-04	{A}
UPI000013AEAC	SINGLE	1	43	77	10	4.547e-05	{V}
UPI000013AEAC	SINGLE	2	25	91	12	8.462e-04	{E}
UPI000013AEAC	MULTIPLE	1	40	84	19	9.429e-07	{VE}
UPI000013AEAF	SINGLE	1	18	151	21	1.318e-06	{R}
UPI000013AEAF	SINGLE	2	33	47	7	2.093e-05	{G}
UPI000013AEAF	SINGLE	3	20	85	11	7.252e-04	{D}
UPI000013AEAF	MULTIPLE	1	18	151	33	1.222e-06	{RD}
UPI000013AEB5	SINGLE	1	40	72	8	5.674e-05	{Q}
UPI000013AEB5	SINGLE	2	62	80	5	5.171e-04	{Y}
UPI000013AEB5	SINGLE	3	154	185	6	9.581e-04	{Y}
UPI000013AEB5	MULTIPLE	1	36	80	14	6.368e-06	{QY}
UPI000013AEBA	SINGLE	1	7	21	8	1.681e-05	{L}
UPI000013AEBF	SINGLE	1	139	157	6	2.187e-06	{M}
UPI000013AEBF	SINGLE	2	4	19	7	5.137e-06	{I}
UPI000013AEBF	SINGLE	3	55	153	21	1.506e-04	{L}
UPI000013AEBF	SINGLE	4	35	61	7	1.925e-04	{R}
UPI000013AEBF	SINGLE	5	63	403	32	2.303e-04	{I}
UPI000013AEBF	SINGLE	6	94	111	6	6.200e-04	{V}
UPI000013AEBF	SINGLE	7	293	426	19	6.749e-04	{V}
UPI000013AEBF	SINGLE	8	191	247	10	8.286e-04	{D}
UPI000013AEBF	MULTIPLE	1	52	422	142	1.006e-07	{LIVD}
UPI000013AEBF	WHOLE	1	1	428	40	5.298e-05	{I}
UPI000013AEBF	WHOLE	2	1	428	20	8.138e-04	{M}
UPI000013B00D	SINGLE	1	8	22	6	2.045e-04	{V}
UPI000013B00E	SINGLE	1	16	153	25	4.483e-05	{A}
UPI000013B00E	SINGLE	2	128	147	6	2.355e-04	{R}
UPI000013B00E	SINGLE	3	148	163	5	4.085e-04	{Q}
UPI000013B00E	MULTIPLE	1	16	153	35	2.184e-05	{AR}
UPI000013B00E	WHOLE	1	1	165	25	6.431e-04	{A}
UPI000013B011	SINGLE	1	151	168	6	1.244e-04	{R}
UPI000013B011	SINGLE	2	80	140	13	5.514e-04	{A}
UPI000013B011	SINGLE	3	27	207	30	6.108e-04	{L}
UPI000013B011	MULTIPLE	1	27	207	47	8.556e-06	{RL}
UPI000013B019	SINGLE	1	5	20	7	9.989e-05	{A}
UPI000013B01A	SINGLE	1	12	147	20	3.238e-04	{V}
UPI000013B01A	WHOLE	1	1	149	20	9.627e-04	{V}
UPI000013B01C	SINGLE	1	8	313	61	4.556e-09	{L}
UPI000013B01C	SINGLE	2	11	393	54	1.130e-05	{A}
UPI000013B01C	SINGLE	3	248	274	9	3.375e-05	{G}
UPI000013B01C	SINGLE	4	360	384	4	4.549e-04	{W}
UPI000013B01C	SINGLE	5	72	102	5	4.717e-04	{M}
UPI000013B01C	MULTIPLE	1	11	386	182	2.026e-18	{LAGWM}
UPI000013B01C	WHOLE	1	1	394	67	4.140e-07	{L}
UPI000013B01C	WHOLE	2	1	394	54	2.378e-05	{A}
UPI000013B025	SINGLE	1	32	61	7	1.137e-04	{F}
UPI000013B02D	SINGLE	1	172	186	6	2.062e-04	{E}
UPI000013B02D	SINGLE	2	35	61	9	3.896e-04	{L}
UPI000013B032	SINGLE	1	197	300	21	3.519e-05	{A}
UPI000013B032	SINGLE	2	309	323	4	5.704e-05	{W}
UPI000013B032	SINGLE	3	116	299	20	3.594e-04	{R}
UPI000013B032	SINGLE	4	239	295	11	7.334e-04	{E}
UPI000013B032	MULTIPLE	1	115	300	47	1.272e-06	{AR}
UPI000013B044	SINGLE	1	26	154	18	4.773e-05	{I}
UPI000013B044	WHOLE	1	1	191	20	7.750e-04	{I}
UPI000013B04F	SINGLE	1	76	97	8	4.250e-04	{L}
UPI000013B04F	SINGLE	2	5	23	5	6.080e-04	{F}
UPI000013B051	SINGLE	1	205	297	8	6.899e-05	{W}
UPI000013B051	SINGLE	2	324	340	5	5.538e-04	{Q}
UPI000013B053	SINGLE	1	212	254	10	3.066e-05	{I}
UPI000013B053	SINGLE	2	36	180	18	4.086e-05	{N}
UPI000013B053	SINGLE	3	265	286	8	4.250e-04	{L}
UPI000013B053	SINGLE	4	1	21	4	9.292e-04	{M}
UPI000013B058	SINGLE	1	13	99	22	6.852e-06	{L}
UPI000013B058	SINGLE	2	23	230	25	2.579e-05	{I}
UPI000013B058	SINGLE	3	102	116	6	2.062e-04	{E}
UPI000013B058	SINGLE	4	155	169	4	2.419e-04	{M}
UPI000013B058	SINGLE	5	38	68	9	3.743e-04	{A}
UPI000013B058	SINGLE	6	170	220	8	6.260e-04	{F}
UPI000013B058	MULTIPLE	1	11	230	109	8.285e-12	{LIMAF}
UPI000013B058	WHOLE	1	1	237	26	7.954e-05	{I}
UPI000013B058	WHOLE	2	1	237	39	1.433e-04	{L}
UPI000013B05A	SINGLE	1	23	65	9	4.094e-04	{D}
UPI000013B062	SINGLE	1	18	190	34	3.908e-07	{A}
UPI000013B062	SINGLE	2	60	380	41	2.647e-05	{G}
UPI000013B062	SINGLE	3	25	364	53	5.376e-05	{L}
UPI000013B062	SINGLE	4	24	103	11	2.184e-04	{F}
UPI000013B062	SINGLE	5	223	373	21	4.846e-04	{V}
UPI000013B062	SINGLE	6	361	392	7	6.733e-04	{I}
UPI000013B062	MULTIPLE	1	18	390	237	6.183e-22	{AGLFVI}
UPI000013B062	WHOLE	1	1	397	57	4.053e-06	{A}
UPI000013B062	WHOLE	2	1	397	57	2.357e-04	{L}
UPI000013B062	WHOLE	3	1	397	43	5.241e-04	{G}
UPI000013B065	SINGLE	1	3	18	5	4.001e-04	{N}
UPI000013B06D	SINGLE	1	63	237	27	2.385e-05	{G}
UPI000013B06D	SINGLE	2	351	368	6	6.921e-04	{G}
UPI000013B075	SINGLE	1	147	163	8	4.231e-06	{E}
UPI000013B075	SINGLE	2	77	150	14	3.979e-05	{D}
UPI000013B075	SINGLE	3	1	71	7	7.599e-04	{M}
UPI000013B079	SINGLE	1	4	106	14	1.090e-04	{Q}
UPI000013B079	WHOLE	1	1	109	14	1.950e-04	{Q}
UPI000013B082	SINGLE	1	12	133	16	1.377e-10	{C}
UPI000013B082	SINGLE	2	77	152	11	3.231e-04	{Q}
UPI000013B082	SINGLE	3	139	153	5	4.635e-04	{R}
UPI000013B082	MULTIPLE	1	77	153	19	3.442e-05	{QR}
UPI000013B082	WHOLE	1	1	162	16	8.762e-09	{C}
UPI000013B085	SINGLE	1	4	121	10	1.040e-05	{W}
UPI000013B085	SINGLE	2	55	135	14	2.276e-05	{R}
UPI000013B085	SINGLE	3	17	48	11	6.795e-05	{L}
UPI000013B085	MULTIPLE	1	3	129	48	5.914e-10	{WRL}
UPI000013B085	WHOLE	1	1	135	10	3.252e-05	{W}
UPI000013B085	WHOLE	2	1	135	16	5.152e-04	{R}
UPI000013B08E	SINGLE	1	31	215	28	1.034e-07	{I}
UPI000013B08E	SINGLE	2	13	120	23	6.529e-06	{A}
UPI000013B08E	SINGLE	3	6	253	30	4.263e-04	{V}
UPI000013B08E	MULTIPLE	1	28	215	74	9.521e-11	{IAV}
UPI000013B08E	WHOLE	1	1	286	32	9.884e-06	{I}
UPI000013B08E	WHOLE	2	1	286	32	9.785e-04	{V}
UPI000013B098	SINGLE	1	17	101	15	2.547e-04	{E}
UPI000013B09D	SINGLE	1	143	228	17	2.272e-04	{A}
UPI000013B09D	SINGLE	2	5	49	11	4.349e-04	{A}
UPI000013B09E	SINGLE	1	47	165	20	1.183e-06	{I}
UPI000013B09E	SINGLE	2	66	188	28	3.891e-06	{L}
UPI000013B09E	SINGLE	3	4	21	7	6.140e-04	{L}
UPI000013B09E	MULTIPLE	1	66	165	39	5.954e-10	{IL}
UPI000013B09E	WHOLE	1	1	188	36	1.169e-05	{L}
UPI000013B09E	WHOLE	2	1	188	22	1.057e-04	{I}
UPI000013B0A9	SINGLE	1	64	235	29	4.584e-05	{A}
UPI000013B0A9	SINGLE	2	237	253	6	5.013e-05	{Q}
UPI000013B0AA	SINGLE	1	36	208	35	4.584e-06	{L}
UPI000013B0AA	SINGLE	2	2	79	15	6.625e-04	{A}
UPI000013B0AA	MULTIPLE	1	9	208	61	1.124e-06	{LA}
UPI000013B0AA	WHOLE	1	1	219	37	1.225e-04	{L}
UPI000013B0B2	SINGLE	1	92	106	7	2.514e-06	{R}
UPI000013B0C0	SINGLE	1	2	331	38	2.456e-04	{E}
UPI000013B0C0	SINGLE	2	19	38	5	6.634e-04	{Y}
UPI000013B0C0	SINGLE	3	91	284	31	8.962e-04	{L}
UPI000013B0C0	MULTIPLE	1	40	290	62	6.781e-05	{EL}
UPI000013B0C3	SINGLE	1	29	143	22	4.516e-06	{G}
UPI000013B0C3	SINGLE	2	71	193	9	8.603e-05	{W}
UPI000013B0C3	MULTIPLE	1	37	157	28	2.559e-07	{GW}
UPI000013B0C6	SINGLE	1	87	148	14	1.670e-05	{T}
UPI000013B0C9	SINGLE	1	133	155	7	1.612e-04	{D}
UPI000013B0C9	SINGLE	2	90	168	12	3.571e-04	{I}
UPI000013B0C9	MULTIPLE	1	133	151	10	5.498e-06	{DI}
UPI000013B0D0	SINGLE	1	5	21	7	1.565e-04	{A}
UPI000013B0D0	SINGLE	2	24	44	7	2.506e-04	{G}
UPI000013B0D0	SINGLE	3	57	121	11	6.399e-04	{D}
UPI000013B0E1	SINGLE	1	9	354	61	3.802e-07	{L}
UPI000013B0E1	SINGLE	2	220	238	7	1.092e-04	{V}
UPI000013B0E1	SINGLE	3	296	411	21	1.663e-04	{A}
UPI000013B0E1	SINGLE	4	103	123	7	4.131e-04	{S}
UPI000013B0E1	SINGLE	5	33	105	14	9.909e-04	{A}
UPI000013B0E1	MULTIPLE	1	13	412	156	2.137e-12	{LVA}
UPI000013B0E1	WHOLE	1	1	414	66	4.275e-06	{L}
UPI000013B1A3	SINGLE	1	67	95	5	6.082e-05	{W}
UPI000013B1A3	SINGLE	2	85	99	5	5.275e-04	{I}
UPI000013B1A3	MULTIPLE	1	54	99	13	3.586e-06	{WI}
UPI000013B1A3	WHOLE	1	1	121	8	4.002e-04	{W}
UPI000013B1B4	SINGLE	1	10	285	50	1.678e-06	{L}
UPI000013B1B4	SINGLE	2	235	250	7	9.989e-05	{A}
UPI000013B1B4	SINGLE	3	103	180	14	3.285e-04	{V}
UPI000013B1B4	SINGLE	4	258	274	5	3.504e-04	{F}
UPI000013B1B4	SINGLE	5	112	141	5	4.045e-04	{M}
UPI000013B1B4	MULTIPLE	1	10	295	140	3.094e-12	{LAVFM}
UPI000013B1B4	WHOLE	1	1	321	51	4.506e-05	{L}
UPI000013B1BD	SINGLE	1	89	282	22	1.109e-04	{R}
UPI000013B1BD	SINGLE	2	82	153	16	4.874e-04	{L}
UPI000013B1BD	MULTIPLE	1	82	282	50	1.544e-05	{RL}
UPI000013B1BD	WHOLE	1	1	284	27	3.463e-04	{R}
UPI000013B1C0	SINGLE	1	34	181	17	1.701e-04	{Q}
UPI000013B1C0	SINGLE	2	137	183	10	3.972e-04	{K}
UPI000013B1C0	SINGLE	3	51	74	7	5.364e-04	{V}
UPI000013B1C0	MULTIPLE	1	42	183	48	5.701e-07	{QKV}
UPI000013B1C2	SINGLE	1	37	56	6	8.840e-04	{K}
UPI000013B1C3	SINGLE	1	87	109	6	5.293e-04	{R}
UPI000013B1CD	SINGLE	1	31	69	9	5.844e-04	{E}
UPI000013B1DD	SINGLE	1	134	148	6	2.045e-04	{V}
UPI000013B1E3	SINGLE	1	60	142	14	1.015e-05	{Q}
UPI000013B1E3	SINGLE	2	15	285	32	4.312e-04	{V}
UPI000013B1EF	SINGLE	1	120	136	7	4.822e-05	{V}
UPI000013B1EF	SINGLE	2	61	237	19	7.689e-04	{I}
UPI000013B1EF	SINGLE	3	241	259	7	8.828e-04	{L}
UPI000013B1FD	SINGLE	1	38	54	5	5.425e-04	{N}
UPI000013B1FE	SINGLE	1	48	62	7	6.097e-05	{A}
UPI000013B215	SINGLE	1	179	196	6	7.013e-05	{N}
UPI000013B215	SINGLE	2	13	27	5	9.005e-04	{D}
UPI000013B21C	SINGLE	1	13	38	4	6.870e-04	{C}
UPI000013B21F	SINGLE	1	25	42	4	5.076e-04	{M}
UPI000013B226	SINGLE	1	9	40	9	1.224e-04	{V}
UPI000013B226	SINGLE	2	318	334	5	2.972e-04	{Y}
UPI000013B22B	SINGLE	1	10	34	6	5.033e-04	{Q}
UPI000013B22C	SINGLE	1	60	85	11	1.562e-06	{A}
UPI000013B22C	SINGLE	2	128	148	7	1.785e-05	{Q}
UPI000013B22C	SINGLE	3	95	293	28	5.991e-05	{V}
UPI000013B22C	SINGLE	4	154	309	26	1.256e-04	{A}
UPI000013B22C	MULTIPLE	1	125	291	62	1.056e-08	{QVA}
UPI000013B22C	WHOLE	1	1	361	46	3.748e-04	{A}
UPI000013B23F	SINGLE	1	56	70	4	7.491e-05	{C}
UPI000013B241	SINGLE	1	125	151	8	2.251e-04	{G}
UPI000013B247	SINGLE	1	28	94	24	2.736e-16	{Q}
UPI000013B247	SINGLE	2	21	130	18	9.120e-07	{N}
UPI000013B247	SINGLE	3	85	140	9	8.454e-04	{P}
UPI000013B247	MULTIPLE	1	18	140	60	2.566e-21	{QNP}
UPI000013B247	WHOLE	1	1	146	29	5.413e-12	{Q}
UPI000013B247	WHOLE	2	1	146	18	4.459e-05	{N}
UPI000013B248	SINGLE	1	48	115	14	4.972e-04	{A}
UPI000013B248	SINGLE	2	136	161	7	8.993e-04	{E}
UPI000013B251	SINGLE	1	33	118	29	2.458e-10	{L}
UPI000013B251	SINGLE	2	3	175	11	5.305e-05	{W}
UPI000013B251	SINGLE	3	83	200	14	1.609e-04	{F}
UPI000013B251	SINGLE	4	183	197	6	5.574e-04	{A}
UPI000013B251	MULTIPLE	1	30	176	57	4.535e-13	{LWF}
UPI000013B251	WHOLE	1	1	208	43	2.477e-07	{L}
UPI000013B251	WHOLE	2	1	208	11	2.521e-04	{W}
UPI000013B268	SINGLE	1	17	122	19	4.642e-05	{G}
UPI000013B268	SINGLE	2	6	120	15	3.772e-04	{I}
UPI000013B268	SINGLE	3	127	203	16	9.994e-04	{L}
UPI000013B268	MULTIPLE	1	6	122	34	1.759e-07	{GI}
UPI000013B269	SINGLE	1	25	171	21	8.649e-06	{I}
UPI000013B269	SINGLE	2	19	159	22	3.856e-05	{K}
UPI000013B269	MULTIPLE	1	25	159	40	2.978e-09	{IK}
UPI000013B269	WHOLE	1	1	175	22	3.815e-05	{I}
UPI000013B269	WHOLE	2	1	175	23	3.178e-04	{K}
UPI000013B286	SINGLE	1	153	357	28	9.787e-05	{V}
UPI000013B286	SINGLE	2	95	170	16	1.644e-04	{A}
UPI000013B286	SINGLE	3	85	385	26	4.135e-04	{Q}
UPI000013B286	SINGLE	4	64	78	5	5.275e-04	{I}
UPI000013B286	SINGLE	5	253	271	6	6.706e-04	{T}
UPI000013B286	SINGLE	6	36	68	8	8.166e-04	{V}
UPI000013B286	SINGLE	7	16	31	6	8.219e-04	{A}
UPI000013B286	MULTIPLE	1	131	361	71	1.213e-07	{VQT}
UPI000013B290	SINGLE	1	2	71	10	6.449e-04	{Q}
UPI000013B362	SINGLE	1	89	115	9	3.896e-04	{L}
UPI000013B367	SINGLE	1	22	36	6	1.598e-04	{T}
UPI000013B36F	SINGLE	1	4	25	7	5.655e-05	{I}
UPI000013B378	SINGLE	1	132	266	18	1.707e-05	{Q}
UPI000013B378	SINGLE	2	61	77	7	4.822e-05	{V}
UPI000013B378	SINGLE	3	101	348	37	6.846e-05	{A}
UPI000013B378	SINGLE	4	5	85	12	4.452e-04	{I}
UPI000013B378	MULTIPLE	1	100	348	60	8.928e-08	{QA}
UPI000013B378	MULTIPLE	2	5	77	21	3.218e-05	{VI}
UPI000013B383	SINGLE	1	58	313	30	6.386e-07	{Q}
UPI000013B383	SINGLE	2	322	341	6	5.140e-04	{D}
UPI000013B383	SINGLE	3	6	363	39	5.504e-04	{V}
UPI000013B383	MULTIPLE	1	58	324	58	1.127e-07	{QV}
UPI000013B383	WHOLE	1	1	378	32	1.548e-04	{Q}
UPI000013B397	SINGLE	1	59	179	23	2.224e-06	{V}
UPI000013B397	SINGLE	2	178	195	7	6.140e-04	{L}
UPI000013B397	SINGLE	3	33	117	12	6.776e-04	{I}
UPI000013B397	SINGLE	4	13	40	8	8.667e-04	{A}
UPI000013B397	MULTIPLE	1	9	179	65	5.926e-09	{VIA}
UPI000013B397	WHOLE	1	1	205	27	2.215e-04	{V}
UPI000013B39B	SINGLE	1	402	423	8	5.499e-06	{I}
UPI000013B39B	SINGLE	2	1	343	22	6.317e-06	{M}
UPI000013B39B	SINGLE	3	441	459	7	8.454e-06	{Q}
UPI000013B39B	SINGLE	4	350	389	10	1.776e-04	{G}
UPI000013B39B	SINGLE	5	311	326	5	2.574e-04	{F}
UPI000013B39B	SINGLE	6	25	51	6	4.578e-04	{F}
UPI000013B39B	SINGLE	7	225	383	9	5.407e-04	{W}
UPI000013B39B	MULTIPLE	1	16	384	61	5.215e-09	{MFW}
UPI000013B39B	WHOLE	1	1	460	24	6.219e-05	{M}
UPI000013B3A5	SINGLE	1	20	34	6	5.574e-04	{A}
UPI000013B3A6	SINGLE	1	20	113	12	5.497e-04	{Q}
UPI000013B3A6	SINGLE	2	2	83	14	6.567e-04	{G}
UPI000013B3A6	SINGLE	3	35	130	19	6.815e-04	{L}
UPI000013B3A6	MULTIPLE	1	29	130	43	2.421e-07	{QGL}
UPI000013B3A8	SINGLE	1	65	79	6	3.376e-05	{P}
UPI000013B3A8	WHOLE	1	1	85	12	4.317e-04	{P}
UPI000013B3B1	SINGLE	1	49	63	5	5.275e-04	{I}
UPI000013B3B2	SINGLE	1	54	100	15	9.808e-06	{L}
UPI000013B3B2	WHOLE	1	1	115	24	7.228e-05	{L}
UPI000013B3B7	SINGLE	1	97	119	6	6.136e-04	{I}
UPI000013B3B8	SINGLE	1	1	68	7	5.914e-04	{M}
UPI000013B3B8	SINGLE	2	14	37	7	6.071e-04	{G}
UPI000013B3B8	MULTIPLE	1	10	53	13	5.733e-05	{MG}
UPI000013B3BC	SINGLE	1	119	181	9	4.571e-04	{Y}
UPI000013B3BC	SINGLE	2	22	57	9	6.572e-04	{S}
UPI000013B3BD	SINGLE	1	30	114	20	5.360e-06	{A}
UPI000013B3BD	SINGLE	2	151	172	5	8.914e-05	{M}
UPI000013B3BD	SINGLE	3	5	371	55	1.077e-04	{L}
UPI000013B3BD	SINGLE	4	376	390	4	2.419e-04	{H}
UPI000013B3BD	SINGLE	5	343	372	7	4.505e-04	{I}
UPI000013B3BD	SINGLE	6	44	320	22	8.376e-04	{F}
UPI000013B3BD	MULTIPLE	1	9	376	158	5.442e-13	{ALIF}
UPI000013B3BD	WHOLE	1	1	391	53	3.666e-05	{A}
UPI000013B3BD	WHOLE	2	1	391	55	4.565e-04	{L}
UPI000013B3DC	SINGLE	1	25	41	7	5.840e-06	{P}
UPI000013B3E5	SINGLE	1	83	106	9	4.300e-05	{A}
UPI000013B3E5	SINGLE	2	2	78	13	5.551e-05	{R}
UPI000013B3E7	SINGLE	1	19	67	9	8.901e-05	{F}
UPI000013B3E7	SINGLE	2	66	91	9	2.859e-04	{L}
UPI000013B3E7	SINGLE	3	52	99	9	4.017e-04	{I}
UPI000013B3E7	MULTIPLE	1	19	99	19	4.682e-05	{FI}
UPI000013B3E9	SINGLE	1	93	116	7	8.692e-05	{R}
UPI000013B3E9	SINGLE	2	1	50	6	6.467e-04	{M}
UPI000013B3ED	SINGLE	1	33	100	18	2.278e-05	{L}
UPI000013B3ED	SINGLE	2	175	279	8	1.580e-04	{W}
UPI000013B3ED	SINGLE	3	59	73	4	2.419e-04	{M}
UPI000013B3ED	SINGLE	4	277	293	5	8.659e-04	{R}
UPI000013B3ED	MULTIPLE	1	38	100	21	2.609e-06	{LM}
UPI000013B3ED	WHOLE	1	1	299	45	3.439e-04	{L}
UPI000013B3EE	SINGLE	1	110	190	18	3.337e-05	{A}
UPI000013B3F3	SINGLE	1	39	75	8	6.711e-04	{D}
UPI000013B401	SINGLE	1	3	375	21	2.459e-07	{W}
UPI000013B401	SINGLE	2	140	167	9	3.989e-05	{E}
UPI000013B401	SINGLE	3	176	260	9	8.587e-05	{H}
UPI000013B401	SINGLE	4	326	355	7	9.105e-05	{Y}
UPI000013B401	SINGLE	5	211	234	6	3.904e-04	{N}
UPI000013B401	MULTIPLE	1	3	386	38	3.179e-08	{WH}
UPI000013B401	WHOLE	1	1	413	21	1.210e-06	{W}
UPI000013B402	SINGLE	1	12	90	20	1.653e-06	{A}
UPI000013B402	SINGLE	2	16	30	4	2.419e-04	{M}
UPI000013B402	MULTIPLE	1	12	90	25	8.784e-08	{AM}
UPI000013B406	SINGLE	1	39	53	8	5.187e-06	{A}
UPI000013B406	SINGLE	2	135	272	23	2.839e-04	{A}
UPI000013B406	WHOLE	1	1	298	38	9.921e-04	{A}
UPI000013B407	SINGLE	1	161	242	17	1.283e-04	{A}
UPI000013B407	SINGLE	2	110	136	5	2.447e-04	{H}
UPI000013B408	SINGLE	1	39	149	10	1.349e-04	{H}
UPI000013B418	SINGLE	1	6	99	10	1.382e-06	{W}
UPI000013B418	WHOLE	1	1	146	10	6.200e-05	{W}
UPI000013B41A	SINGLE	1	63	83	7	1.639e-04	{K}
UPI000013B41B	SINGLE	1	6	80	16	1.648e-05	{E}
UPI000013B41B	SINGLE	2	16	72	11	2.415e-05	{Q}
UPI000013B41B	MULTIPLE	1	6	80	27	6.450e-09	{EQ}
UPI000013B41B	WHOLE	1	1	81	16	4.320e-05	{E}
UPI000013B41B	WHOLE	2	1	81	11	5.489e-04	{Q}
UPI000013B427	SINGLE	1	11	77	15	6.548e-04	{L}
UPI000013B42A	SINGLE	1	77	168	17	3.368e-07	{Q}
UPI000013B42A	SINGLE	2	254	269	5	6.419e-04	{R}
UPI000013B514	SINGLE	1	111	187	17	5.740e-06	{E}
UPI000013B514	WHOLE	1	1	196	25	5.663e-04	{E}
UPI000013B51D	SINGLE	1	2	522	92	6.688e-10	{L}
UPI000013B51D	SINGLE	2	471	486	8	2.408e-07	{R}
UPI000013B51D	SINGLE	3	175	239	17	5.925e-06	{A}
UPI000013B51D	SINGLE	4	391	406	7	3.063e-05	{E}
UPI000013B51D	SINGLE	5	112	214	15	1.180e-04	{I}
UPI000013B51D	SINGLE	6	11	91	15	1.482e-04	{V}
UPI000013B51D	SINGLE	7	343	357	4	2.419e-04	{M}
UPI000013B51D	SINGLE	8	478	509	5	5.468e-04	{H}
UPI000013B51D	SINGLE	9	115	138	7	6.071e-04	{G}
UPI000013B51D	MULTIPLE	1	1	513	273	7.938e-17	{LRAIVM}
UPI000013B51D	WHOLE	1	1	543	93	2.558e-09	{L}
UPI000013B521	SINGLE	1	61	79	10	4.358e-08	{T}
UPI000013B521	SINGLE	2	10	60	17	1.469e-07	{A}
UPI000013B521	SINGLE	3	32	52	10	5.878e-07	{S}
UPI000013B521	SINGLE	4	55	70	6	3.425e-04	{G}
UPI000013B521	MULTIPLE	1	61	79	15	9.403e-11	{TG}
UPI000013B521	MULTIPLE	2	10	60	29	6.074e-12	{AS}
UPI000013B521	WHOLE	1	1	80	17	9.468e-05	{A}
UPI000013B521	WHOLE	2	1	80	14	2.739e-04	{T}
UPI000013B530	SINGLE	1	1	90	8	6.489e-04	{M}
UPI000013B530	WHOLE	1	1	93	8	7.970e-04	{M}
UPI000013B532	SINGLE	1	9	446	56	1.256e-06	{G}
UPI000013B532	SINGLE	2	25	440	53	1.408e-06	{V}
UPI000013B532	SINGLE	3	314	329	8	9.559e-06	{A}
UPI000013B532	SINGLE	4	124	219	16	1.411e-05	{I}
UPI000013B532	SINGLE	5	66	374	51	1.729e-05	{L}
UPI000013B532	MULTIPLE	1	29	440	250	2.543e-26	{GVAIL}
UPI000013B532	WHOLE	1	1	449	56	2.602e-06	{G}
UPI000013B532	WHOLE	2	1	449	53	1.145e-05	{V}
UPI000013B532	WHOLE	3	1	449	39	2.566e-04	{I}
UPI000013B532	WHOLE	4	1	449	54	5.047e-04	{A}
UPI000013B532	WHOLE	5	1	449	61	5.687e-04	{L}
UPI000013B535	SINGLE	1	28	83	12	1.245e-05	{I}
UPI000013B535	WHOLE	1	1	104	14	4.211e-04	{I}
UPI000013B536	SINGLE	1	15	165	29	4.016e-06	{A}
UPI000013B536	WHOLE	1	1	229	33	2.793e-04	{A}
UPI000013B544	SINGLE	1	58	84	6	7.702e-04	{Q}
UPI000013B545	SINGLE	1	210	325	26	6.523e-07	{A}
UPI000013B545	SINGLE	2	105	240	24	5.073e-06	{V}
UPI000013B545	SINGLE	3	11	331	40	5.448e-05	{G}
UPI000013B545	SINGLE	4	13	342	31	2.756e-04	{I}
UPI000013B545	MULTIPLE	1	10	332	147	1.396e-14	{AVGI}
UPI000013B545	WHOLE	1	1	445	56	1.499e-04	{A}
UPI000013B545	WHOLE	2	1	445	46	5.943e-04	{V}
UPI000013B545	WHOLE	3	1	445	46	8.725e-04	{G}
UPI000013B54B	SINGLE	1	7	25	7	1.944e-05	{I}
UPI000013B553	SINGLE	1	356	406	19	4.529e-08	{L}
UPI000013B553	SINGLE	2	28	347	50	1.449e-06	{A}
UPI000013B553	SINGLE	3	333	354	7	5.655e-05	{I}
UPI000013B553	SINGLE	4	43	295	12	3.545e-04	{W}
UPI000013B553	SINGLE	5	4	132	24	3.983e-04	{L}
UPI000013B553	SINGLE	6	3	140	20	4.985e-04	{G}
UPI000013B553	SINGLE	7	47	61	5	5.275e-04	{I}
UPI000013B553	SINGLE	8	151	181	7	5.531e-04	{I}
UPI000013B553	SINGLE	9	187	217	6	9.707e-04	{F}
UPI000013B553	MULTIPLE	1	3	362	204	7.491e-19	{AIWLGF}
UPI000013B553	WHOLE	1	1	418	71	2.074e-07	{L}
UPI000013B553	WHOLE	2	1	418	56	3.193e-05	{A}
UPI000013B554	SINGLE	1	8	96	16	1.647e-04	{G}
UPI000013B554	SINGLE	2	91	106	6	5.323e-04	{S}
UPI000013B554	MULTIPLE	1	18	100	27	7.850e-06	{GS}
UPI000013B55A	SINGLE	1	64	102	9	1.368e-05	{F}
UPI000013B55A	SINGLE	2	12	94	8	3.105e-05	{W}
UPI000013B55A	MULTIPLE	1	6	102	20	1.684e-07	{FW}
UPI000013B55A	WHOLE	1	1	104	8	1.483e-04	{W}
UPI000013B55A	WHOLE	2	1	104	12	5.626e-04	{F}
UPI000013B55B	SINGLE	1	27	395	57	1.028e-16	{Q}
UPI000013B55B	SINGLE	2	138	929	139	8.781e-14	{L}
UPI000013B55B	SINGLE	3	762	1072	40	2.649e-08	{I}
UPI000013B55B	SINGLE	4	719	747	10	5.011e-07	{R}
UPI000013B55B	SINGLE	5	59	598	48	1.968e-05	{R}
UPI000013B55B	SINGLE	6	1051	1070	5	5.484e-05	{H}
UPI000013B55B	SINGLE	7	597	616	5	5.484e-05	{M}
UPI000013B55B	SINGLE	8	10	325	44	7.996e-05	{A}
UPI000013B55B	SINGLE	9	939	958	7	1.188e-04	{T}
UPI000013B55B	SINGLE	10	678	699	8	1.455e-04	{A}
UPI000013B55B	SINGLE	11	749	768	7	1.586e-04	{E}
UPI000013B55B	SINGLE	12	885	914	8	4.831e-04	{G}
UPI000013B55B	SINGLE	13	516	588	6	6.809e-04	{W}
UPI000013B55B	SINGLE	14	736	755	4	7.691e-04	{H}
UPI000013B55B	MULTIPLE	1	8	1065	512	6.160e-27	{QLIRAW}
UPI000013B55B	MULTIPLE	2	749	766	9	6.006e-06	{EH}
UPI000013B55B	WHOLE	1	1	1107	170	1.859e-11	{L}
UPI000013B55B	WHOLE	2	1	1107	78	1.123e-05	{Q}
UPI000013B55B	WHOLE	3	1	1107	78	2.073e-04	{R}
UPI000013B55E	SINGLE	1	193	253	8	5.380e-06	{C}
UPI000013B55E	SINGLE	2	5	183	30	5.149e-04	{L}
UPI000013B55E	SINGLE	3	9	25	5	5.538e-04	{Q}
UPI000013B55F	SINGLE	1	7	22	7	2.677e-04	{L}
UPI000013B567	SINGLE	1	111	146	11	5.368e-05	{A}
UPI000013B56A	SINGLE	1	38	224	32	1.510e-05	{A}
UPI000013B56A	SINGLE	2	130	230	15	2.331e-05	{Q}
UPI000013B56A	SINGLE	3	19	146	20	1.527e-04	{E}
UPI000013B56A	SINGLE	4	158	172	6	3.585e-04	{S}
UPI000013B56A	MULTIPLE	1	124	192	27	9.648e-09	{AQ}
UPI000013B56A	WHOLE	1	1	232	33	3.473e-04	{A}
UPI000013B56D	SINGLE	1	46	128	17	1.487e-04	{A}
UPI000013B56D	SINGLE	2	16	105	13	3.405e-04	{I}
UPI000013B56D	SINGLE	3	10	26	5	3.504e-04	{F}
UPI000013B56D	MULTIPLE	1	9	128	44	7.568e-08	{AIF}
UPI000013B56F	SINGLE	1	15	29	6	5.574e-04	{A}
UPI000013B57A	SINGLE	1	7	22	8	7.437e-07	{D}
UPI000013B57A	SINGLE	2	64	153	14	7.264e-05	{R}
UPI000013B57A	WHOLE	1	1	183	21	8.064e-04	{D}
UPI000013B57D	SINGLE	1	24	134	22	1.438e-07	{D}
UPI000013B57D	SINGLE	2	5	131	25	4.477e-07	{E}
UPI000013B57D	MULTIPLE	1	5	134	47	9.842e-13	{DE}
UPI000013B57D	WHOLE	1	1	138	25	2.113e-06	{E}
UPI000013B57D	WHOLE	2	1	138	22	5.861e-06	{D}
UPI000013B580	SINGLE	1	20	237	37	4.448e-06	{A}
UPI000013B580	SINGLE	2	2	236	30	2.554e-04	{G}
UPI000013B580	SINGLE	3	121	228	9	4.906e-04	{M}
UPI000013B580	MULTIPLE	1	1	237	78	4.419e-10	{AGM}
UPI000013B580	WHOLE	1	1	237	38	1.223e-05	{A}
UPI000013B580	WHOLE	2	1	237	30	2.915e-04	{G}
UPI000013B589	SINGLE	1	7	79	23	6.696e-08	{L}
UPI000013B589	SINGLE	2	90	145	15	1.486e-05	{A}
UPI000013B589	SINGLE	3	249	303	7	1.649e-04	{M}
UPI000013B589	SINGLE	4	221	260	9	2.357e-04	{D}
UPI000013B589	SINGLE	5	273	289	6	4.421e-04	{V}
UPI000013B589	SINGLE	6	2	43	8	7.383e-04	{I}
UPI000013B589	MULTIPLE	1	2	79	32	4.513e-09	{LI}
UPI000013B589	MULTIPLE	2	273	299	11	6.357e-06	{MV}
UPI000013B589	WHOLE	1	1	366	57	3.131e-05	{L}
UPI000013B58B	SINGLE	1	1	140	13	1.096e-05	{M}
UPI000013B58B	SINGLE	2	275	291	4	4.036e-04	{M}
UPI000013B58B	SINGLE	3	73	89	7	4.133e-04	{L}
UPI000013B58B	MULTIPLE	1	20	118	28	2.527e-06	{ML}
UPI000013B58B	WHOLE	1	1	360	19	2.763e-04	{M}
UPI000013B5AE	SINGLE	1	217	231	6	3.585e-04	{S}
UPI000013B5AE	SINGLE	2	61	84	6	3.999e-04	{Q}
UPI000013B5AE	SINGLE	3	152	226	10	5.185e-04	{F}
UPI000013B5AE	MULTIPLE	1	148	231	22	6.478e-05	{SF}
UPI000013B5B0	SINGLE	1	68	94	10	1.847e-05	{A}
UPI000013B5B0	SINGLE	2	1	110	9	5.579e-04	{M}
UPI000013B5B1	SINGLE	1	25	82	11	1.141e-05	{F}
UPI000013B5B1	SINGLE	2	5	105	19	2.386e-05	{G}
UPI000013B5B1	SINGLE	3	81	135	14	2.591e-04	{L}
UPI000013B5B1	SINGLE	4	181	211	8	5.305e-04	{V}
UPI000013B5B1	MULTIPLE	1	21	82	23	2.598e-08	{FG}
UPI000013B5B1	WHOLE	1	1	227	28	6.361e-04	{G}
UPI000013B5CA	SINGLE	1	336	361	8	5.129e-04	{A}
UPI000013B5CA	SINGLE	2	10	26	5	5.538e-04	{Q}
UPI000013B5CA	SINGLE	3	277	293	5	5.538e-04	{Q}
UPI000013B5CA	SINGLE	4	87	126	11	5.625e-04	{L}
UPI000013B5CA	SINGLE	5	462	513	9	5.917e-04	{R}
UPI000013B5CA	SINGLE	6	267	317	8	6.260e-04	{F}
UPI000013B5CA	SINGLE	7	229	246	6	6.921e-04	{G}
UPI000013B5CA	MULTIPLE	1	277	301	9	9.037e-05	{QF}
UPI000013B5D2	SINGLE	1	73	95	5	1.114e-04	{H}
UPI000013B5D2	SINGLE	2	34	52	7	2.079e-04	{S}
UPI000013B5D4	SINGLE	1	37	210	24	9.417e-04	{S}
UPI000013B5D5	SINGLE	1	256	349	14	8.900e-05	{P}
UPI000013B5D5	SINGLE	2	316	340	7	6.967e-04	{V}
UPI000013B5D5	MULTIPLE	1	310	328	9	7.597e-05	{PV}
UPI000013B6EB	SINGLE	1	312	372	8	5.380e-06	{C}
UPI000013B6EB	SINGLE	2	329	351	8	6.542e-05	{G}
UPI000013B6EB	SINGLE	3	390	427	10	4.217e-04	{A}
UPI000013B6EB	SINGLE	4	13	401	33	6.100e-04	{R}
UPI000013B6EB	SINGLE	5	152	170	4	6.290e-04	{H}
UPI000013B6EB	MULTIPLE	1	312	372	17	4.471e-06	{CG}
UPI000013B6EB	MULTIPLE	2	13	387	46	7.587e-05	{RH}
UPI000013B6ED	SINGLE	1	5	202	27	1.313e-06	{I}
UPI000013B6ED	SINGLE	2	76	92	6	3.477e-04	{T}
UPI000013B6ED	WHOLE	1	1	222	27	1.055e-05	{I}
UPI000013B6EF	SINGLE	1	7	97	10	1.914e-06	{C}
UPI000013B6EF	WHOLE	1	1	109	10	9.505e-06	{C}
UPI000013B80E	SINGLE	1	93	462	34	1.376e-04	{R}
UPI000013B80E	SINGLE	2	228	307	12	3.993e-04	{I}
UPI000013B80E	MULTIPLE	1	92	462	64	2.546e-06	{RI}
UPI000013B827	SINGLE	1	19	294	34	1.458e-04	{V}
UPI000013B827	SINGLE	2	81	235	11	4.780e-04	{M}
UPI000013B827	SINGLE	3	180	194	6	5.574e-04	{A}
UPI000013B827	SINGLE	4	100	170	6	5.912e-04	{W}
UPI000013B827	SINGLE	5	46	64	5	9.524e-04	{Q}
UPI000013B827	MULTIPLE	1	72	235	58	5.713e-08	{VMAW}
UPI000013B827	WHOLE	1	1	306	35	4.354e-04	{V}
UPI000013B82C	SINGLE	1	94	122	6	3.071e-05	{H}
UPI000013B82C	SINGLE	2	293	393	17	1.865e-04	{E}
UPI000013B82C	SINGLE	3	362	376	5	2.936e-04	{Q}
UPI000013B82C	SINGLE	4	4	247	29	6.685e-04	{V}
UPI000013B82C	MULTIPLE	1	13	247	40	1.745e-05	{HV}
UPI000013B82C	MULTIPLE	2	284	393	26	6.225e-05	{EQ}
UPI000013B82D	SINGLE	1	41	91	7	1.027e-04	{H}
UPI000013B82D	SINGLE	2	69	83	6	5.574e-04	{A}
UPI000013B82D	MULTIPLE	1	63	83	9	8.429e-05	{HA}
UPI000013B82F	SINGLE	1	70	149	15	8.555e-04	{A}
UPI000013B97E	SINGLE	1	69	98	10	5.151e-05	{A}
UPI000013B97E	SINGLE	2	12	246	29	3.840e-04	{V}
UPI000013B97E	WHOLE	1	1	248	29	8.424e-04	{V}
UPI000013B97F	SINGLE	1	20	79	10	1.910e-04	{Q}
UPI000013B97F	SINGLE	2	81	114	7	4.524e-04	{N}
UPI000013B993	SINGLE	1	54	482	39	6.334e-05	{R}
UPI000013B993	SINGLE	2	21	136	24	8.281e-05	{L}
UPI000013B993	SINGLE	3	444	491	5	6.595e-04	{W}
UPI000013B993	MULTIPLE	1	21	493	111	1.520e-06	{RLW}
UPI000013B993	WHOLE	1	1	493	40	4.519e-04	{R}
UPI000013B995	SINGLE	1	6	53	12	4.253e-05	{G}
UPI000013B995	WHOLE	1	1	57	12	2.328e-04	{G}
UPI000013B9B0	SINGLE	1	6	21	6	3.059e-04	{V}
UPI000013B9B0	SINGLE	2	39	55	6	4.457e-04	{E}
UPI000013B9B1	SINGLE	1	17	196	21	1.055e-04	{R}
UPI000013B9B1	SINGLE	2	135	164	7	3.283e-04	{P}
UPI000013B9B1	MULTIPLE	1	17	196	36	8.047e-06	{RP}
UPI000013B9B1	WHOLE	1	1	217	23	2.054e-04	{R}
UPI000013B9C5	SINGLE	1	1	18	4	5.076e-04	{M}
UPI000013B9E2	SINGLE	1	15	81	14	6.674e-05	{E}
UPI000013B9E2	WHOLE	1	1	81	14	4.851e-04	{E}
UPI000013BADB	SINGLE	1	49	127	22	1.926e-11	{I}
UPI000013BADB	SINGLE	2	135	160	9	2.409e-05	{G}
UPI000013BADB	SINGLE	3	6	179	17	3.431e-04	{F}
UPI000013BADB	MULTIPLE	1	6	185	47	7.170e-12	{IF}
UPI000013BADB	WHOLE	1	1	343	45	2.159e-09	{I}
UPI000013BAFA	SINGLE	1	12	192	33	6.546e-05	{L}
UPI000013BAFA	SINGLE	2	107	130	6	3.999e-04	{Q}
UPI000013BAFA	MULTIPLE	1	12	192	45	1.747e-05	{LQ}
UPI000013BAFA	WHOLE	1	1	221	35	5.500e-04	{L}
UPI000013BB01	SINGLE	1	24	41	4	5.076e-04	{H}
UPI000013BB1A	SINGLE	1	10	27	6	1.244e-04	{R}
UPI000013BB26	SINGLE	1	6	51	14	3.402e-05	{L}
UPI000013BB26	SINGLE	2	23	105	7	2.165e-04	{W}
UPI000013BB26	MULTIPLE	1	6	99	27	8.508e-07	{LW}
UPI000013BB26	WHOLE	1	1	108	21	4.816e-04	{L}
UPI000013BB26	WHOLE	2	1	108	7	9.986e-04	{W}
UPI000013BB29	SINGLE	1	5	22	7	6.140e-04	{L}
UPI000013BC58	SINGLE	1	33	89	13	2.850e-04	{A}
UPI000013BC5B	SINGLE	1	127	187	16	9.809e-07	{V}
UPI000013BC5B	SINGLE	2	13	109	25	1.209e-06	{L}
UPI000013BC5B	SINGLE	3	196	507	33	2.215e-05	{I}
UPI000013BC5B	SINGLE	4	150	168	5	4.205e-05	{M}
UPI000013BC5B	SINGLE	5	424	463	10	4.301e-05	{D}
UPI000013BC5B	SINGLE	6	76	99	6	2.346e-04	{F}
UPI000013BC5B	SINGLE	7	232	260	7	3.066e-04	{R}
UPI000013BC5B	SINGLE	8	348	508	22	4.622e-04	{V}
UPI000013BC5B	MULTIPLE	1	127	187	21	1.616e-08	{VM}
UPI000013BC5B	MULTIPLE	2	13	109	32	2.772e-07	{LF}
UPI000013BC5B	MULTIPLE	3	222	508	101	6.763e-08	{IDRV}
UPI000013BC5B	WHOLE	1	1	518	46	5.332e-05	{I}
UPI000013BC5B	WHOLE	2	1	518	69	4.706e-04	{L}
UPI000013BC5B	WHOLE	3	1	518	51	8.802e-04	{V}
UPI000013BC5C	SINGLE	1	20	36	6	7.586e-05	{P}
UPI000013BC5D	SINGLE	1	12	32	6	1.841e-04	{Q}
UPI000013BC61	SINGLE	1	39	69	10	2.539e-04	{L}
UPI000013BC62	SINGLE	1	3	111	18	4.965e-06	{I}
UPI000013BC62	SINGLE	2	82	101	6	7.924e-05	{F}
UPI000013BC62	SINGLE	3	6	79	16	6.573e-04	{L}
UPI000013BC62	SINGLE	4	28	44	5	8.659e-04	{R}
UPI000013BC62	MULTIPLE	1	6	101	41	1.323e-08	{IFL}
UPI000013BC62	WHOLE	1	1	152	21	1.429e-05	{I}
UPI000013BC64	SINGLE	1	7	23	7	4.822e-05	{V}
UPI000013BC80	SINGLE	1	162	176	7	1.824e-05	{V}
UPI000013BC80	SINGLE	2	152	179	5	5.110e-05	{W}
UPI000013BC80	SINGLE	3	11	68	12	2.741e-04	{G}
UPI000013BC80	SINGLE	4	3	180	30	4.717e-04	{L}
UPI000013BC80	SINGLE	5	64	106	8	7.210e-04	{R}
UPI000013BC80	MULTIPLE	1	163	179	11	6.280e-09	{VW}
UPI000013BC80	MULTIPLE	2	3	184	63	4.402e-06	{GLR}
UPI000013BC85	SINGLE	1	96	125	11	1.314e-06	{V}
UPI000013BC85	SINGLE	2	7	45	9	8.000e-05	{I}
UPI000013BC85	WHOLE	1	1	132	19	5.682e-04	{V}
UPI000013BC87	SINGLE	1	84	156	13	4.218e-05	{I}
UPI000013BC87	SINGLE	2	69	207	24	1.289e-04	{A}
UPI000013BC87	SINGLE	3	9	81	16	5.665e-04	{L}
UPI000013BC87	MULTIPLE	1	84	194	33	1.348e-06	{IA}
UPI000013BC87	WHOLE	1	1	231	24	3.017e-04	{I}
UPI000013BC87	WHOLE	2	1	231	32	6.293e-04	{A}
UPI000013BDAE	SINGLE	1	75	550	64	4.243e-13	{I}
UPI000013BDAE	SINGLE	2	81	145	13	2.218e-04	{G}
UPI000013BDAE	SINGLE	3	8	57	13	3.377e-04	{L}
UPI000013BDAE	SINGLE	4	199	213	6	5.574e-04	{A}
UPI000013BDAE	WHOLE	1	1	565	69	4.928e-12	{I}
UPI000013BDAF	SINGLE	1	104	123	6	1.375e-04	{Q}
UPI000013BDAF	SINGLE	2	4	155	17	8.937e-04	{I}
UPI000013BDAF	MULTIPLE	1	4	155	29	8.481e-05	{QI}
UPI000013BDB6	SINGLE	1	38	103	12	6.619e-05	{I}
UPI000013BDB6	SINGLE	2	7	32	9	8.726e-05	{A}
UPI000013BDB6	SINGLE	3	26	106	14	4.851e-04	{E}
UPI000013BDB6	MULTIPLE	1	26	106	26	4.610e-07	{IE}
UPI000013BDC6	SINGLE	1	50	107	15	5.781e-08	{R}
UPI000013BDC6	SINGLE	2	44	91	8	5.029e-07	{W}
UPI000013BDC6	SINGLE	3	39	108	9	1.883e-05	{H}
UPI000013BDC6	SINGLE	4	7	21	7	6.097e-05	{A}
UPI000013BDC6	MULTIPLE	1	37	108	33	4.413e-17	{RWH}
UPI000013BDC6	WHOLE	1	1	108	17	1.163e-05	{R}
UPI000013BDC6	WHOLE	2	1	108	8	1.905e-04	{W}
UPI000013BDC6	WHOLE	3	1	108	9	4.906e-04	{H}
UPI000013BDE1	SINGLE	1	36	64	6	3.071e-05	{M}
UPI000013BDE1	SINGLE	2	19	135	15	4.494e-04	{I}
UPI000013BDE1	SINGLE	3	7	87	10	9.229e-04	{F}
UPI000013BDE1	MULTIPLE	1	19	129	32	1.651e-07	{MIF}
UPI000013BDE2	SINGLE	1	233	250	6	4.110e-05	{F}
UPI000013BDE2	SINGLE	2	156	216	11	4.586e-05	{Q}
UPI000013BDE2	SINGLE	3	142	275	17	1.251e-04	{P}
UPI000013BDE2	SINGLE	4	80	121	6	2.547e-04	{H}
UPI000013BDE2	SINGLE	5	64	206	9	2.584e-04	{W}
UPI000013BDE2	SINGLE	6	123	145	7	3.101e-04	{T}
UPI000013BDE2	MULTIPLE	1	142	247	27	3.238e-06	{FPW}
UPI000013BDF8	SINGLE	1	6	201	38	5.260e-06	{L}
UPI000013BDF8	SINGLE	2	217	239	4	3.281e-04	{W}
UPI000013BDF8	SINGLE	3	35	262	23	5.700e-04	{I}
UPI000013BDF8	MULTIPLE	1	6	262	68	8.855e-08	{LI}
UPI000013BDF8	WHOLE	1	1	263	44	4.216e-05	{L}
UPI000013BED1	SINGLE	1	6	43	9	6.473e-05	{I}
UPI000013BED1	WHOLE	1	1	52	9	7.198e-04	{I}
UPI000013BEDC	SINGLE	1	72	108	10	3.371e-04	{A}
UPI000013BEEE	SINGLE	1	62	400	46	4.967e-10	{I}
UPI000013BEEE	SINGLE	2	112	180	16	3.027e-04	{L}
UPI000013BEEE	SINGLE	3	142	250	12	8.367e-04	{F}
UPI000013BEEE	SINGLE	4	292	325	8	9.985e-04	{V}
UPI000013BEEE	MULTIPLE	1	61	408	101	3.972e-11	{IFV}
UPI000013BEEE	WHOLE	1	1	409	49	8.591e-09	{I}
UPI000013BEF1	SINGLE	1	34	106	10	8.559e-04	{N}
UPI000013BEF1	SINGLE	2	111	125	5	9.005e-04	{D}
UPI000013BEF7	SINGLE	1	34	171	31	1.693e-06	{L}
UPI000013BEF7	SINGLE	2	154	186	9	1.574e-04	{V}
UPI000013BEF7	MULTIPLE	1	27	186	50	4.138e-07	{LV}
UPI000013BEF7	WHOLE	1	1	219	38	5.943e-05	{L}
UPI000013BF00	SINGLE	1	34	48	5	4.135e-04	{P}
UPI000013BF0A	SINGLE	1	15	70	16	2.311e-05	{L}
UPI000013BF0A	WHOLE	1	1	164	28	5.697e-04	{L}
UPI000013BF18	SINGLE	1	58	72	6	2.293e-04	{G}
UPI000013BF18	SINGLE	2	30	44	5	4.135e-04	{P}
UPI000013BF1A	SINGLE	1	48	64	6	3.477e-04	{T}
UPI000013BF1A	SINGLE	2	1	17	4	4.036e-04	{M}
UPI000013BF20	SINGLE	1	19	109	22	1.439e-05	{L}
UPI000013BF20	SINGLE	2	15	190	21	1.133e-04	{I}
UPI000013BF20	SINGLE	3	33	59	5	2.447e-04	{H}
UPI000013BF20	MULTIPLE	1	12	193	61	6.467e-09	{LIH}
UPI000013BF20	WHOLE	1	1	209	23	1.803e-04	{I}
UPI000013BF20	WHOLE	2	1	209	33	7.860e-04	{L}
UPI000013BF24	SINGLE	1	46	109	11	2.932e-05	{F}
UPI000013BF24	SINGLE	2	48	112	16	1.508e-04	{L}
UPI000013BF24	SINGLE	3	68	82	6	1.598e-04	{T}
UPI000013BF24	SINGLE	4	24	65	10	2.689e-04	{G}
UPI000013BF24	MULTIPLE	1	56	86	25	2.715e-10	{FLTG}
UPI000013BF27	SINGLE	1	3	47	12	1.601e-10	{H}
UPI000013BF27	SINGLE	2	8	43	7	1.404e-06	{C}
UPI000013BF27	SINGLE	3	7	61	15	1.609e-06	{G}
UPI000013BF27	SINGLE	4	117	147	10	1.456e-05	{E}
UPI000013BF27	SINGLE	5	46	64	6	1.731e-04	{R}
UPI000013BF27	SINGLE	6	184	203	6	2.742e-04	{I}
UPI000013BF27	MULTIPLE	1	3	61	41	9.506e-21	{HCGR}
UPI000013BF27	WHOLE	1	1	207	14	1.508e-04	{H}
UPI000013BF93	SINGLE	1	244	267	9	4.300e-05	{A}
UPI000013BF93	SINGLE	2	24	265	38	4.045e-04	{L}
UPI000013BF93	SINGLE	3	160	240	14	4.851e-04	{E}
UPI000013BF93	SINGLE	4	3	85	11	6.684e-04	{Q}
UPI000013BF93	MULTIPLE	1	24	268	96	1.928e-08	{ALE}
UPI000013BF93	WHOLE	1	1	286	38	4.978e-04	{A}
UPI000013BF9B	SINGLE	1	18	132	23	1.844e-05	{A}
UPI000013BFAA	SINGLE	1	15	29	6	5.574e-04	{A}
UPI000013BFAC	SINGLE	1	2	107	25	6.383e-06	{L}
UPI000013BFAC	SINGLE	2	45	252	28	1.237e-04	{V}
UPI000013BFAC	SINGLE	3	121	135	4	2.419e-04	{M}
UPI000013BFAC	SINGLE	4	149	215	6	4.370e-04	{W}
UPI000013BFAC	SINGLE	5	104	118	6	5.574e-04	{A}
UPI000013BFAC	SINGLE	6	166	183	6	6.921e-04	{G}
UPI000013BFAC	MULTIPLE	1	43	215	83	2.911e-10	{LVMWG}
UPI000013BFAC	WHOLE	1	1	260	41	2.392e-04	{L}
UPI000013BFAE	SINGLE	1	75	180	10	9.308e-05	{M}
UPI000013BFAE	SINGLE	2	182	208	8	1.953e-04	{V}
UPI000013BFAE	SINGLE	3	137	160	8	2.843e-04	{A}
UPI000013BFAE	SINGLE	4	23	72	9	5.424e-04	{I}
UPI000013BFAE	MULTIPLE	1	87	160	19	6.694e-05	{MA}
UPI000013BFB1	SINGLE	1	138	197	14	1.345e-04	{A}
UPI000013BFB1	SINGLE	2	45	319	16	2.828e-04	{M}
UPI000013BFB1	SINGLE	3	301	320	4	7.691e-04	{H}
UPI000013BFB1	MULTIPLE	1	45	320	28	2.239e-05	{MH}
UPI000013BFB1	WHOLE	1	1	328	17	6.496e-04	{M}
UPI000013BFB4	SINGLE	1	130	155	7	6.865e-04	{T}
UPI000013BFB6	SINGLE	1	14	65	9	5.917e-04	{R}
UPI000013BFBE	SINGLE	1	26	52	8	1.953e-04	{V}
UPI000013BFBE	SINGLE	2	22	36	5	9.005e-04	{D}
UPI000013BFBE	MULTIPLE	1	19	52	15	2.654e-06	{VD}
UPI000013BFBF	SINGLE	1	62	76	6	2.062e-04	{E}
UPI000013BFD2	SINGLE	1	75	122	10	4.822e-04	{T}
UPI000013BFD6	SINGLE	1	119	156	6	1.464e-04	{H}
UPI000013BFD6	SINGLE	2	9	27	6	3.810e-04	{D}
UPI000013BFD6	SINGLE	3	114	140	9	3.896e-04	{L}
UPI000013BFD6	SINGLE	4	157	183	8	6.718e-04	{A}
UPI000013BFD6	MULTIPLE	1	119	143	12	5.100e-06	{HL}
UPI000013C138	SINGLE	1	121	156	7	1.031e-05	{M}
UPI000013C138	SINGLE	2	45	168	19	2.751e-04	{E}
UPI000013C138	SINGLE	3	78	129	6	7.926e-04	{H}
UPI000013C138	MULTIPLE	1	45	172	27	8.554e-06	{EH}
UPI000013C140	SINGLE	1	14	47	8	7.356e-04	{K}
UPI000013C141	SINGLE	1	57	165	14	7.088e-05	{F}
UPI000013C141	SINGLE	2	5	425	39	7.622e-05	{I}
UPI000013C141	SINGLE	3	81	107	8	3.912e-04	{S}
UPI000013C141	MULTIPLE	1	5	425	65	4.050e-06	{FI}
UPI000013C141	WHOLE	1	1	447	39	2.361e-04	{I}
UPI000013C434	SINGLE	1	6	99	15	7.167e-04	{E}
UPI000013C434	SINGLE	2	32	109	11	8.838e-04	{R}
UPI000013C434	MULTIPLE	1	3	109	28	1.043e-05	{ER}
UPI000013C43F	SINGLE	1	179	236	10	4.392e-07	{H}
UPI000013C43F	SINGLE	2	20	194	36	2.332e-06	{L}
UPI000013C43F	SINGLE	3	229	250	6	4.110e-04	{R}
UPI000013C43F	WHOLE	1	1	251	42	6.002e-05	{L}
UPI000013C474	SINGLE	1	120	139	12	5.249e-10	{G}
UPI000013C474	SINGLE	2	34	65	9	5.422e-06	{Q}
UPI000013C474	SINGLE	3	1	19	5	4.205e-05	{M}
UPI000013C474	SINGLE	4	8	121	20	3.437e-04	{A}
UPI000013C474	MULTIPLE	1	1	125	30	3.215e-06	{MA}
UPI000013C474	WHOLE	1	1	141	12	5.337e-05	{M}
UPI000013C48C	SINGLE	1	88	158	8	1.656e-05	{C}
UPI000013C48C	SINGLE	2	77	162	9	9.360e-05	{H}
UPI000013C48C	SINGLE	3	24	51	9	5.211e-04	{L}
UPI000013C48C	MULTIPLE	1	88	162	16	1.531e-08	{CH}
UPI00001488E6	SINGLE	1	100	222	16	1.449e-04	{P}
UPI00001488E6	SINGLE	2	5	31	9	3.896e-04	{L}
UPI00001488E6	SINGLE	3	166	236	7	7.599e-04	{H}
UPI00001488E6	MULTIPLE	1	100	238	26	1.879e-06	{PH}
UPI0000148D99	SINGLE	1	148	164	8	1.664e-05	{A}
UPI0000148D99	SINGLE	2	181	198	5	3.959e-04	{Y}
UPI000014A58D	SINGLE	1	22	122	17	1.865e-04	{E}
UPI000014A58D	SINGLE	2	28	61	7	9.725e-04	{I}
UPI000014A58D	MULTIPLE	1	22	122	28	4.141e-06	{EI}
UPI0000154D76	SINGLE	1	29	147	18	7.376e-05	{D}
UPI00001562A2	SINGLE	1	60	98	10	2.756e-04	{S}
UPI00001562A2	SINGLE	2	70	85	4	3.155e-04	{H}
UPI00001562A2	MULTIPLE	1	57	98	15	2.679e-06	{SH}
UPI0000157414	SINGLE	1	18	37	6	1.375e-04	{Q}
UPI0000157414	SINGLE	2	197	219	7	4.607e-04	{G}
UPI000015802C	SINGLE	1	13	102	15	4.555e-04	{V}
UPI00001586B9	SINGLE	1	44	61	7	5.580e-06	{Q}
UPI00001586B9	SINGLE	2	6	40	9	2.548e-04	{E}
UPI000015C564	SINGLE	1	132	470	40	2.537e-07	{I}
UPI000015C564	SINGLE	2	100	133	7	5.848e-07	{W}
UPI000015C564	SINGLE	3	28	229	31	7.385e-06	{G}
UPI000015C564	SINGLE	4	82	483	33	3.668e-05	{F}
UPI000015C564	SINGLE	5	291	356	14	3.677e-04	{A}
UPI000015C564	MULTIPLE	1	25	475	194	1.363e-17	{IWGFA}
UPI000015C564	WHOLE	1	1	489	46	1.468e-05	{I}
UPI000015C564	WHOLE	2	1	489	53	1.537e-04	{G}
UPI000015C564	WHOLE	3	1	489	35	2.741e-04	{F}
UPI0000161C9F	SINGLE	1	156	178	8	6.507e-06	{R}
UPI0000161C9F	SINGLE	2	11	262	36	1.888e-04	{A}
UPI0000161C9F	SINGLE	3	36	108	16	5.665e-04	{L}
UPI0000161C9F	WHOLE	1	1	268	36	5.517e-04	{A}
UPI0000163968	SINGLE	1	2	175	31	9.128e-06	{A}
UPI0000163968	SINGLE	2	109	275	25	5.414e-05	{E}
UPI0000163968	SINGLE	3	56	276	28	3.172e-04	{V}
UPI0000163968	MULTIPLE	1	2	278	100	1.942e-09	{AEV}
UPI0000163968	WHOLE	1	1	283	39	2.208e-04	{A}
UPI0000163968	WHOLE	2	1	283	32	8.565e-04	{E}
UPI0000163969	SINGLE	1	48	80	10	3.136e-05	{G}
UPI0000163969	SINGLE	2	71	91	5	7.041e-05	{M}
UPI0000163969	MULTIPLE	1	48	91	16	4.150e-07	{GM}
UPI000016396A	SINGLE	1	41	210	14	2.852e-07	{W}
UPI000016396A	SINGLE	2	58	104	16	1.988e-06	{L}
UPI000016396A	SINGLE	3	163	259	16	4.270e-04	{G}
UPI000016396A	SINGLE	4	11	35	7	6.967e-04	{V}
UPI000016396A	MULTIPLE	1	61	162	31	3.550e-08	{WL}
UPI000016396A	WHOLE	1	1	285	50	4.097e-06	{L}
UPI000016396A	WHOLE	2	1	285	14	8.778e-05	{W}
UPI000016396D	SINGLE	1	200	214	7	2.093e-05	{G}
UPI000016396D	SINGLE	2	42	190	19	6.918e-05	{R}
UPI000016396D	SINGLE	3	234	295	14	1.915e-04	{A}
UPI000016396D	SINGLE	4	253	268	5	7.294e-04	{I}
UPI000016396D	MULTIPLE	1	234	295	20	3.944e-05	{AI}
UPI0000163974	SINGLE	1	15	44	5	9.986e-05	{C}
UPI0000163974	SINGLE	2	354	379	8	5.129e-04	{A}
UPI0000163974	SINGLE	3	248	271	7	6.071e-04	{G}
UPI0000163979	SINGLE	1	47	74	7	1.409e-07	{W}
UPI0000163979	SINGLE	2	14	75	16	8.497e-05	{L}
UPI0000163979	SINGLE	3	77	115	8	3.723e-04	{R}
UPI0000163979	MULTIPLE	1	13	75	25	1.765e-09	{WL}
UPI0000163979	WHOLE	1	1	152	10	8.576e-05	{W}
UPI000016397D	SINGLE	1	11	45	8	4.379e-05	{F}
UPI0000163982	SINGLE	1	18	52	9	2.616e-05	{R}
UPI0000163982	SINGLE	2	54	82	8	3.334e-04	{E}
UPI0000163982	WHOLE	1	1	97	13	5.277e-04	{R}
UPI0000163983	SINGLE	1	321	344	8	7.996e-05	{E}
UPI0000163983	SINGLE	2	314	336	8	2.057e-04	{A}
UPI0000163983	SINGLE	3	3	297	28	4.308e-04	{I}
UPI0000163983	MULTIPLE	1	319	344	15	3.139e-07	{EA}
UPI0000163986	SINGLE	1	9	66	14	9.257e-05	{A}
UPI0000163996	SINGLE	1	27	181	17	2.859e-04	{Q}
UPI0000163996	SINGLE	2	30	171	20	5.489e-04	{V}
UPI0000163996	MULTIPLE	1	27	174	36	1.602e-06	{QV}
UPI0000163997	SINGLE	1	17	116	20	5.967e-06	{G}
UPI0000163997	SINGLE	2	29	43	4	2.419e-04	{M}
UPI0000163997	MULTIPLE	1	17	116	26	2.818e-07	{GM}
UPI0000163997	WHOLE	1	1	172	24	2.725e-04	{G}
UPI000016399C	SINGLE	1	75	170	19	1.158e-05	{G}
UPI000016399C	SINGLE	2	114	130	7	3.611e-05	{T}
UPI000016399C	SINGLE	3	22	39	6	6.200e-04	{V}
UPI000016399C	MULTIPLE	1	75	170	33	3.756e-08	{GT}
UPI000016399C	WHOLE	1	1	198	27	1.788e-04	{G}
UPI00001639A0	SINGLE	1	12	135	15	2.256e-04	{Q}
UPI00001639A0	SINGLE	2	7	83	15	5.807e-04	{A}
UPI00001639A0	MULTIPLE	1	7	126	31	2.090e-05	{QA}
UPI00001639A0	WHOLE	1	1	138	15	6.641e-04	{Q}
UPI00001639A4	SINGLE	1	161	362	39	9.821e-08	{A}
UPI00001639A4	SINGLE	2	78	406	46	9.434e-07	{G}
UPI00001639A4	SINGLE	3	62	178	17	4.578e-05	{I}
UPI00001639A4	MULTIPLE	1	73	357	106	1.309e-12	{AGI}
UPI00001639A4	WHOLE	1	1	413	52	4.265e-06	{G}
UPI00001639A4	WHOLE	2	1	413	52	2.348e-04	{A}
UPI00001639A8	SINGLE	1	19	284	55	6.603e-09	{L}
UPI00001639A8	SINGLE	2	106	262	22	7.357e-06	{I}
UPI00001639A8	SINGLE	3	9	23	6	2.045e-04	{V}
UPI00001639A8	SINGLE	4	7	164	15	9.357e-04	{F}
UPI00001639A8	MULTIPLE	1	12	269	97	6.868e-14	{LIF}
UPI00001639A8	WHOLE	1	1	285	55	7.201e-08	{L}
UPI00001639A8	WHOLE	2	1	285	27	5.409e-04	{I}
UPI00001639A9	SINGLE	1	244	259	6	3.084e-04	{E}
UPI00001639AC	SINGLE	1	241	263	8	5.701e-05	{E}
UPI00001639AC	SINGLE	2	133	305	26	5.812e-04	{A}
UPI00001639AC	SINGLE	3	33	65	7	5.968e-04	{P}
UPI00001639AC	SINGLE	4	149	167	6	6.596e-04	{K}
UPI00001639AC	MULTIPLE	1	122	305	48	1.157e-05	{EA}
UPI00001639AF	SINGLE	1	86	219	23	1.223e-05	{V}
UPI00001639B0	SINGLE	1	20	53	13	8.366e-08	{E}
UPI00001639B0	WHOLE	1	1	137	19	8.811e-04	{E}
UPI00001639B2	SINGLE	1	232	281	14	2.517e-06	{G}
UPI00001639B2	SINGLE	2	57	72	6	2.398e-04	{T}
UPI00001639B2	WHOLE	1	1	397	43	5.241e-04	{G}
UPI00001639B5	SINGLE	1	137	153	10	9.635e-08	{A}
UPI00001639B5	SINGLE	2	188	283	20	2.317e-06	{V}
UPI00001639B5	SINGLE	3	133	158	8	1.494e-05	{P}
UPI00001639B5	MULTIPLE	1	137	155	16	2.335e-12	{AP}
UPI00001639B5	WHOLE	1	1	323	38	1.612e-04	{V}
UPI00001639C0	SINGLE	1	94	115	8	1.455e-04	{A}
UPI00001639C0	SINGLE	2	18	32	4	2.419e-04	{H}
UPI00001639C0	SINGLE	3	139	155	6	3.477e-04	{T}
UPI00001639C0	SINGLE	4	101	119	5	6.080e-04	{F}
UPI00001639C0	SINGLE	5	38	84	8	6.717e-04	{N}
UPI00001639C0	MULTIPLE	1	94	115	12	1.283e-06	{AF}
UPI00001639C3	SINGLE	1	54	123	14	6.615e-04	{A}
UPI00001639D5	SINGLE	1	287	307	9	1.235e-05	{A}
UPI00001639D5	SINGLE	2	12	43	11	1.598e-05	{A}
UPI00001639D5	SINGLE	3	206	250	8	5.029e-04	{N}
UPI00001639D5	SINGLE	4	196	235	9	5.089e-04	{T}
UPI00001639D5	MULTIPLE	1	196	250	18	5.797e-06	{NT}
UPI00001639D5	WHOLE	1	1	310	41	3.536e-04	{A}
UPI00001639D8	SINGLE	1	143	164	7	2.506e-05	{Q}
UPI00001639D8	SINGLE	2	31	99	7	6.437e-04	{M}
UPI00001639DE	SINGLE	1	123	454	34	3.181e-05	{I}
UPI00001639DE	SINGLE	2	315	359	10	3.640e-05	{R}
UPI00001639DE	SINGLE	3	424	486	12	1.259e-04	{D}
UPI00001639DE	SINGLE	4	150	172	8	2.057e-04	{A}
UPI00001639DE	SINGLE	5	383	397	6	5.574e-04	{A}
UPI00001639DE	MULTIPLE	1	150	449	112	1.147e-08	{IRDA}
UPI00001639DE	WHOLE	1	1	505	42	3.598e-04	{I}
UPI00001639E2	SINGLE	1	21	167	19	8.309e-05	{I}
UPI00001639E2	WHOLE	1	1	169	19	4.555e-04	{I}
UPI00001639E6	SINGLE	1	114	164	13	9.048e-05	{A}
UPI00001639F1	SINGLE	1	26	92	14	6.569e-05	{V}
UPI00001639F1	SINGLE	2	51	113	11	1.461e-04	{R}
UPI00001639F1	MULTIPLE	1	17	113	28	1.392e-06	{VR}
UPI00001639F3	SINGLE	1	119	156	10	6.439e-05	{K}
UPI00001639F3	SINGLE	2	23	40	6	6.250e-04	{E}
UPI00001639F9	SINGLE	1	35	249	40	1.866e-07	{A}
UPI00001639F9	SINGLE	2	9	395	44	1.812e-04	{G}
UPI00001639F9	SINGLE	3	326	346	6	3.649e-04	{I}
UPI00001639F9	SINGLE	4	1	15	5	5.275e-04	{I}
UPI00001639F9	SINGLE	5	291	318	7	5.850e-04	{D}
UPI00001639F9	MULTIPLE	1	29	390	121	1.169e-10	{AGI}
UPI00001639F9	WHOLE	1	1	432	59	1.222e-05	{A}
UPI00001639F9	WHOLE	2	1	432	47	2.939e-04	{G}
UPI00001639FA	SINGLE	1	78	105	8	3.227e-05	{R}
UPI00001639FA	SINGLE	2	6	387	36	9.773e-05	{I}
UPI00001639FA	SINGLE	3	130	146	6	4.943e-04	{G}
UPI00001639FA	SINGLE	4	17	31	6	5.574e-04	{A}
UPI00001639FA	SINGLE	5	337	360	7	6.071e-04	{G}
UPI00001639FA	MULTIPLE	1	6	387	72	1.021e-05	{IG}
UPI00001639FD	SINGLE	1	279	295	7	4.822e-05	{V}
UPI00001639FD	SINGLE	2	13	261	36	1.515e-04	{A}
UPI00001639FD	SINGLE	3	4	18	5	4.135e-04	{P}
UPI0000163A04	SINGLE	1	13	88	13	8.176e-04	{E}
UPI0000163A07	SINGLE	1	551	566	7	3.033e-05	{V}
UPI0000163A07	SINGLE	2	93	107	4	2.419e-04	{H}
UPI0000163A0F	SINGLE	1	53	89	10	5.885e-06	{R}
UPI0000163A0F	SINGLE	2	37	51	5	1.186e-05	{H}
UPI0000163A14	SINGLE	1	75	150	13	4.840e-05	{R}
UPI0000163A14	SINGLE	2	52	224	20	2.380e-04	{I}
UPI0000163A14	SINGLE	3	112	128	6	4.457e-04	{E}
UPI0000163A14	SINGLE	4	52	66	5	9.005e-04	{D}
UPI0000163A14	MULTIPLE	1	52	209	51	4.712e-08	{RID}
UPI0000163A1D	SINGLE	1	70	119	10	9.171e-05	{R}
UPI0000163A1D	SINGLE	2	64	94	9	9.408e-05	{V}
UPI0000163A1D	SINGLE	3	98	152	13	1.989e-04	{A}
UPI0000163A1D	MULTIPLE	1	69	111	18	2.669e-07	{RV}
UPI0000163A1D	WHOLE	1	1	156	18	3.396e-04	{R}
UPI0000163A30	SINGLE	1	3	74	11	4.610e-04	{R}
UPI0000163A30	WHOLE	1	1	78	11	8.838e-04	{R}
UPI0000163A3F	SINGLE	1	31	75	11	9.038e-05	{E}
UPI0000163A46	SINGLE	1	127	141	5	1.842e-04	{F}
UPI0000163A46	SINGLE	2	196	273	8	2.559e-04	{M}
UPI0000163A46	SINGLE	3	210	272	7	3.767e-04	{H}
UPI0000163A46	SINGLE	4	403	464	12	4.266e-04	{E}
UPI0000163A46	SINGLE	5	284	445	25	5.007e-04	{A}
UPI0000163A46	SINGLE	6	338	360	6	5.293e-04	{R}
UPI0000163A46	MULTIPLE	1	196	273	15	1.030e-06	{MH}
UPI0000163A46	MULTIPLE	2	334	378	15	1.993e-04	{AR}
UPI0000163A4F	SINGLE	1	45	156	21	1.023e-04	{A}
UPI0000163A5C	SINGLE	1	37	80	11	7.207e-05	{V}
UPI0000163A5C	SINGLE	2	45	115	12	1.338e-04	{I}
UPI0000163A5C	SINGLE	3	14	46	9	6.083e-04	{A}
UPI0000163A5C	MULTIPLE	1	24	111	41	4.315e-09	{VIA}
UPI0000163A5C	WHOLE	1	1	122	15	6.805e-04	{I}
UPI000016538F	SINGLE	1	16	170	25	2.672e-04	{A}
UPI000016539B	SINGLE	1	13	432	49	4.909e-05	{G}
UPI000016539B	SINGLE	2	9	360	41	1.176e-04	{V}
UPI000016539B	SINGLE	3	51	442	36	1.565e-04	{I}
UPI000016539B	SINGLE	4	216	256	9	5.981e-04	{K}
UPI000016539B	SINGLE	5	322	340	4	6.290e-04	{H}
UPI000016539B	MULTIPLE	1	5	432	163	6.705e-11	{GVIK}
UPI000016539B	WHOLE	1	1	474	51	2.271e-04	{G}
UPI000016539B	WHOLE	2	1	474	39	6.567e-04	{I}
UPI00001653C1	SINGLE	1	2	227	37	9.920e-06	{A}
UPI00001653C1	SINGLE	2	117	558	50	5.303e-05	{V}
UPI00001653C1	SINGLE	3	40	56	4	4.036e-04	{H}
UPI00001653C1	SINGLE	4	155	186	7	4.933e-04	{P}
UPI00001653C1	SINGLE	5	18	80	12	5.821e-04	{G}
UPI00001653C1	SINGLE	6	1	273	15	7.289e-04	{M}
UPI00001653C1	MULTIPLE	1	1	553	232	6.822e-10	{AVHPGM}
UPI00001653C1	WHOLE	1	1	593	74	2.494e-05	{A}
UPI00001653C3	SINGLE	1	120	138	9	4.569e-06	{A}
UPI00001653C3	SINGLE	2	68	82	6	5.574e-04	{A}
UPI00001653C3	WHOLE	1	1	169	28	8.114e-05	{A}
UPI00001653CD	SINGLE	1	15	257	39	1.949e-07	{G}
UPI00001653CD	SINGLE	2	71	252	25	2.725e-06	{I}
UPI00001653CD	SINGLE	3	214	283	16	6.144e-05	{A}
UPI00001653CD	SINGLE	4	193	224	8	6.680e-04	{E}
UPI00001653CD	MULTIPLE	1	12	257	66	2.761e-11	{GI}
UPI00001653CD	MULTIPLE	2	202	269	23	3.019e-05	{AE}
UPI00001653CD	WHOLE	1	1	289	41	2.355e-06	{G}
UPI00001653CD	WHOLE	2	1	289	30	6.683e-05	{I}
UPI00001653CF	SINGLE	1	233	249	8	1.664e-05	{A}
UPI00001653D8	SINGLE	1	170	572	42	1.555e-06	{R}
UPI00001653D8	SINGLE	2	87	101	6	1.017e-05	{Y}
UPI00001653D8	SINGLE	3	198	581	46	2.797e-05	{E}
UPI00001653D8	SINGLE	4	633	664	7	3.177e-04	{Q}
UPI00001653D8	SINGLE	5	316	330	5	4.135e-04	{P}
UPI00001653D8	SINGLE	6	625	644	4	7.691e-04	{M}
UPI00001653D8	MULTIPLE	1	170	581	89	8.568e-10	{RE}
UPI00001653D8	MULTIPLE	2	625	664	11	2.921e-05	{QM}
UPI00001653D8	WHOLE	1	1	673	67	1.641e-04	{E}
UPI00001653D8	WHOLE	2	1	673	52	2.587e-04	{R}
UPI00001653E0	SINGLE	1	14	28	6	5.574e-04	{A}
UPI00001653E0	SINGLE	2	2	303	34	9.096e-04	{G}
UPI00001653E1	SINGLE	1	7	54	9	3.282e-04	{R}
UPI00001653E2	SINGLE	1	13	37	4	5.908e-04	{C}
UPI000016542F	SINGLE	1	32	219	28	2.260e-05	{V}
UPI000016542F	SINGLE	2	78	105	8	3.227e-05	{R}
UPI000016542F	SINGLE	3	115	224	16	2.693e-04	{D}
UPI000016542F	SINGLE	4	232	258	8	6.718e-04	{A}
UPI000016542F	MULTIPLE	1	29	224	67	1.910e-09	{VRD}
UPI0000165443	SINGLE	1	73	260	12	6.783e-04	{H}
UPI0000165472	SINGLE	1	256	277	6	1.409e-04	{F}
UPI0000165472	SINGLE	2	119	134	5	4.001e-04	{N}
UPI0000165472	SINGLE	3	281	401	18	5.392e-04	{E}
UPI0000165473	SINGLE	1	110	261	14	5.689e-06	{M}
UPI0000165473	SINGLE	2	324	341	6	1.244e-04	{R}
UPI0000165473	SINGLE	3	165	199	9	2.937e-04	{G}
UPI0000165478	SINGLE	1	250	264	7	6.097e-05	{A}
UPI0000165478	SINGLE	2	171	185	6	1.598e-04	{T}
UPI0000165478	SINGLE	3	3	32	7	4.505e-04	{I}
UPI0000165478	SINGLE	4	58	309	30	5.447e-04	{V}
UPI0000165478	MULTIPLE	1	58	309	59	3.868e-05	{AV}
UPI000016547B	SINGLE	1	65	147	18	4.638e-05	{A}
UPI000016547B	SINGLE	2	87	126	9	6.977e-04	{V}
UPI000016547B	MULTIPLE	1	65	147	28	4.883e-06	{AV}
UPI0000165486	SINGLE	1	30	166	11	6.418e-06	{W}
UPI0000165486	SINGLE	2	3	65	11	2.527e-05	{F}
UPI0000165486	SINGLE	3	34	177	26	3.433e-05	{A}
UPI0000165486	MULTIPLE	1	12	177	49	2.122e-08	{WFA}
UPI0000165486	WHOLE	1	1	182	11	8.242e-05	{W}
UPI00001654AC	SINGLE	1	73	162	13	3.405e-04	{I}
UPI00001654B9	SINGLE	1	175	194	7	1.789e-04	{G}
UPI00001654B9	SINGLE	2	267	281	6	5.574e-04	{A}
UPI00001654B9	SINGLE	3	189	272	12	6.109e-04	{I}
UPI00001654B9	MULTIPLE	1	173	275	29	2.554e-06	{GI}
UPI00001654BE	SINGLE	1	20	672	61	4.217e-07	{R}
UPI00001654BE	SINGLE	2	225	247	5	1.114e-04	{M}
UPI00001654BE	SINGLE	3	369	387	6	2.019e-04	{I}
UPI00001654BE	SINGLE	4	175	195	6	2.747e-04	{P}
UPI00001654BE	SINGLE	5	570	654	12	6.776e-04	{I}
UPI00001654BE	SINGLE	6	296	313	5	7.186e-04	{N}
UPI00001654BE	SINGLE	7	106	133	6	9.375e-04	{Q}
UPI00001654BE	MULTIPLE	1	30	681	152	7.215e-11	{RIN}
UPI00001654BE	WHOLE	1	1	688	61	2.133e-06	{R}
UPI00001654BE	WHOLE	2	1	688	53	4.442e-04	{I}
UPI00001654BF	SINGLE	1	242	486	43	1.687e-05	{L}
UPI00001654BF	SINGLE	2	452	468	7	3.611e-05	{T}
UPI00001654BF	SINGLE	3	487	510	8	7.996e-05	{E}
UPI00001654BF	SINGLE	4	370	384	4	2.419e-04	{H}
UPI00001654BF	SINGLE	5	312	450	16	2.498e-04	{Q}
UPI00001654BF	SINGLE	6	288	335	9	3.282e-04	{R}
UPI00001654BF	SINGLE	7	109	160	9	7.198e-04	{I}
UPI00001654BF	MULTIPLE	1	241	490	94	2.307e-10	{LHQR}
UPI00001654C6	SINGLE	1	119	232	26	4.606e-07	{A}
UPI00001654C6	SINGLE	2	47	68	7	4.726e-05	{R}
UPI00001654C6	SINGLE	3	14	39	8	5.129e-04	{A}
UPI00001654C6	WHOLE	1	1	243	40	4.085e-06	{A}
UPI00001654D3	SINGLE	1	7	137	16	1.301e-04	{Q}
UPI00001654E0	SINGLE	1	41	81	9	8.358e-04	{V}
UPI00001654FE	SINGLE	1	80	130	12	3.414e-06	{R}
UPI00001654FE	SINGLE	2	68	82	6	2.293e-04	{G}
UPI00001654FE	WHOLE	1	1	130	19	1.097e-05	{R}
UPI00001654FF	SINGLE	1	31	439	40	1.116e-05	{R}
UPI00001654FF	SINGLE	2	320	349	8	6.716e-05	{I}
UPI00001654FF	SINGLE	3	146	285	21	1.873e-04	{E}
UPI00001654FF	SINGLE	4	402	421	4	2.453e-04	{C}
UPI00001654FF	SINGLE	5	173	187	6	5.574e-04	{A}
UPI00001654FF	SINGLE	6	19	41	6	6.136e-04	{I}
UPI00001654FF	SINGLE	7	414	487	13	6.335e-04	{V}
UPI00001654FF	MULTIPLE	1	13	487	164	1.449e-09	{RIEV}
UPI00001654FF	WHOLE	1	1	489	41	2.168e-04	{R}
UPI000016550C	SINGLE	1	334	395	14	2.730e-05	{V}
UPI000016550C	SINGLE	2	375	431	11	5.875e-05	{R}
UPI000016550C	SINGLE	3	219	243	7	2.820e-04	{D}
UPI000016550C	SINGLE	4	192	206	5	4.135e-04	{P}
UPI000016550C	SINGLE	5	323	364	10	5.095e-04	{S}
UPI000016550C	MULTIPLE	1	319	423	42	1.610e-07	{VRS}
UPI000016552C	SINGLE	1	380	394	7	2.514e-06	{R}
UPI000016552C	SINGLE	2	665	764	14	2.173e-04	{R}
UPI000016552C	SINGLE	3	378	401	8	2.843e-04	{A}
UPI000016552C	SINGLE	4	157	180	7	4.105e-04	{T}
UPI000016552C	SINGLE	5	578	758	24	4.233e-04	{E}
UPI000016552C	SINGLE	6	75	119	10	4.745e-04	{G}
UPI000016552C	SINGLE	7	560	579	7	4.883e-04	{A}
UPI000016552C	SINGLE	8	37	147	9	5.929e-04	{H}
UPI000016552C	SINGLE	9	40	123	14	6.809e-04	{V}
UPI000016552C	MULTIPLE	1	378	397	14	4.531e-09	{RA}
UPI000016552C	MULTIPLE	2	578	764	42	5.922e-06	{RE}
UPI000016552C	MULTIPLE	3	33	123	34	1.667e-07	{GHV}
UPI000016552D	SINGLE	1	50	319	29	3.011e-05	{R}
UPI000016552D	SINGLE	2	225	239	6	2.062e-04	{E}
UPI000016552D	SINGLE	3	269	320	13	4.981e-04	{L}
UPI000016552D	SINGLE	4	24	146	18	7.993e-04	{G}
UPI000016552D	MULTIPLE	1	28	320	117	6.251e-07	{RELG}
UPI000016552D	WHOLE	1	1	357	32	3.058e-04	{R}
UPI0000165533	SINGLE	1	41	483	47	2.531e-07	{R}
UPI0000165533	SINGLE	2	78	257	23	2.770e-06	{Q}
UPI0000165533	SINGLE	3	2	295	51	4.586e-06	{L}
UPI0000165533	SINGLE	4	442	465	5	1.377e-04	{H}
UPI0000165533	SINGLE	5	149	316	24	1.486e-04	{E}
UPI0000165533	MULTIPLE	1	52	445	161	1.094e-12	{RQLE}
UPI0000165533	WHOLE	1	1	483	47	2.545e-06	{R}
UPI000016553F	SINGLE	1	18	32	5	1.186e-05	{H}
UPI0000165544	SINGLE	1	17	35	6	6.596e-04	{K}
UPI0000165544	SINGLE	2	80	104	7	7.029e-04	{E}
UPI0000165546	SINGLE	1	76	92	8	1.664e-05	{A}
UPI0000165546	SINGLE	2	39	161	20	8.814e-05	{V}
UPI0000165546	SINGLE	3	154	211	12	1.471e-04	{K}
UPI0000165546	MULTIPLE	1	26	212	70	4.510e-08	{AVK}
UPI0000165546	WHOLE	1	1	234	29	3.593e-04	{V}
UPI0000165546	WHOLE	2	1	234	33	3.997e-04	{A}
UPI0000165549	SINGLE	1	82	98	5	5.538e-04	{Q}
UPI0000165549	SINGLE	2	241	303	9	5.866e-04	{F}
UPI0000165549	SINGLE	3	172	189	6	6.921e-04	{G}
UPI000016554D	SINGLE	1	107	151	19	1.664e-11	{G}
UPI000016554D	SINGLE	2	131	158	10	1.371e-07	{Q}
UPI000016554D	SINGLE	3	122	177	10	1.947e-04	{P}
UPI000016554D	MULTIPLE	1	107	169	40	1.081e-17	{GQP}
UPI000016554D	WHOLE	1	1	178	29	4.490e-06	{G}
UPI000016554D	WHOLE	2	1	178	18	4.973e-04	{Q}
UPI000016554E	SINGLE	1	40	106	13	1.252e-05	{R}
UPI000016554E	SINGLE	2	6	24	6	2.019e-04	{I}
UPI0000165553	SINGLE	1	7	270	29	2.026e-05	{R}
UPI0000165553	SINGLE	2	253	466	29	8.854e-05	{E}
UPI0000165553	SINGLE	3	197	211	4	2.419e-04	{M}
UPI0000165553	MULTIPLE	1	1	466	99	1.174e-06	{REM}
UPI0000165553	WHOLE	1	1	505	41	3.873e-04	{R}
UPI0000165554	SINGLE	1	58	215	11	4.420e-05	{C}
UPI0000167D9B	SINGLE	1	3	103	20	5.120e-06	{V}
UPI0000167D9B	SINGLE	2	151	308	18	3.688e-05	{F}
UPI0000167D9B	SINGLE	3	236	415	23	8.628e-04	{E}
UPI0000167D9B	MULTIPLE	1	151	415	50	1.388e-05	{FE}
UPI0000167D9B	WHOLE	1	1	466	47	8.382e-04	{V}
UPI0000167DAF	SINGLE	1	100	495	48	2.349e-05	{G}
UPI0000167DEC	SINGLE	1	26	59	9	2.041e-05	{R}
UPI0000167DEC	SINGLE	2	3	17	6	4.559e-05	{I}
UPI0000167FF6	SINGLE	1	407	534	9	1.156e-04	{W}
UPI0000167FF6	SINGLE	2	622	896	39	1.276e-04	{A}
UPI0000167FF6	SINGLE	3	503	536	8	3.747e-04	{D}
UPI0000167FF6	SINGLE	4	286	373	15	4.460e-04	{G}
UPI0000167FF6	SINGLE	5	40	78	8	4.479e-04	{I}
UPI0000167FF6	SINGLE	6	646	660	5	4.635e-04	{R}
UPI0000167FF6	SINGLE	7	901	924	4	5.044e-04	{C}
UPI0000167FF6	SINGLE	8	558	723	11	8.169e-04	{M}
UPI0000167FF6	MULTIPLE	1	567	880	71	6.574e-05	{ARM}
UPI0000167FF9	SINGLE	1	188	230	10	2.776e-04	{V}
UPI0000167FF9	SINGLE	2	17	469	21	6.808e-04	{H}
UPI0000167FF9	SINGLE	3	262	375	17	8.846e-04	{G}
UPI0000167FF9	MULTIPLE	1	128	375	40	7.753e-05	{HG}
UPI0000167FFA	SINGLE	1	420	564	32	5.600e-08	{A}
UPI0000167FFA	SINGLE	2	511	561	11	8.133e-06	{Q}
UPI0000167FFA	SINGLE	3	270	350	16	5.417e-05	{G}
UPI0000167FFA	SINGLE	4	155	256	8	1.301e-04	{W}
UPI0000167FFA	SINGLE	5	472	489	4	1.600e-04	{C}
UPI0000167FFA	SINGLE	6	355	373	5	9.524e-04	{Q}
UPI0000167FFA	MULTIPLE	1	432	562	51	6.618e-13	{AQC}
UPI0000167FFA	WHOLE	1	1	566	79	2.637e-07	{A}
UPI0000167FFB	SINGLE	1	37	156	20	8.788e-07	{R}
UPI0000167FFB	SINGLE	2	170	192	6	7.449e-06	{H}
UPI0000167FFB	SINGLE	3	172	545	17	4.401e-05	{W}
UPI0000167FFB	SINGLE	4	77	95	6	1.006e-04	{Q}
UPI0000167FFB	SINGLE	5	26	258	39	1.020e-04	{L}
UPI0000167FFB	SINGLE	6	319	333	6	2.062e-04	{E}
UPI0000167FFB	SINGLE	7	7	22	5	4.085e-04	{Q}
UPI0000167FFB	MULTIPLE	1	26	253	78	4.814e-09	{RQL}
UPI0000167FFB	MULTIPLE	2	170	545	37	5.446e-08	{HW}
UPI0000167FFB	WHOLE	1	1	551	20	1.931e-04	{W}
UPI0000167FFB	WHOLE	2	1	551	72	6.150e-04	{L}
UPI0000167FFB	WHOLE	3	1	551	24	7.172e-04	{H}
UPI0000168000	SINGLE	1	213	245	9	1.592e-04	{E}
UPI0000168000	SINGLE	2	4	18	5	4.635e-04	{R}
UPI0000168000	SINGLE	3	104	184	17	6.462e-04	{L}
UPI0000168000	SINGLE	4	82	96	5	9.005e-04	{D}
UPI0000168002	SINGLE	1	64	80	5	2.339e-05	{H}
UPI0000168002	SINGLE	2	221	284	13	8.636e-04	{A}
UPI0000168003	SINGLE	1	76	191	11	4.109e-05	{H}
UPI0000168003	SINGLE	2	44	176	17	1.523e-04	{R}
UPI0000168003	SINGLE	3	262	282	6	1.841e-04	{Q}
UPI0000168003	SINGLE	4	223	255	7	5.968e-04	{P}
UPI0000168003	MULTIPLE	1	44	176	27	3.291e-07	{HR}
UPI0000168005	SINGLE	1	791	827	17	4.338e-14	{Q}
UPI0000168005	SINGLE	2	28	42	9	1.803e-08	{D}
UPI0000168005	SINGLE	3	6	571	52	4.109e-06	{R}
UPI0000168005	SINGLE	4	381	423	10	1.031e-05	{Q}
UPI0000168005	SINGLE	5	48	62	6	1.570e-04	{K}
UPI0000168005	SINGLE	6	446	667	33	1.638e-04	{A}
UPI0000168005	SINGLE	7	50	64	6	2.293e-04	{G}
UPI0000168005	SINGLE	8	699	721	7	3.101e-04	{T}
UPI0000168005	SINGLE	9	752	822	11	3.349e-04	{P}
UPI0000168005	SINGLE	10	224	399	30	3.949e-04	{L}
UPI0000168005	MULTIPLE	1	132	426	87	1.008e-06	{RQL}
UPI0000168005	MULTIPLE	2	48	64	12	6.088e-08	{KG}
UPI0000168005	WHOLE	1	1	844	63	1.310e-05	{Q}
UPI0000168005	WHOLE	2	1	844	60	6.872e-04	{R}
UPI0000168008	SINGLE	1	100	279	28	5.797e-08	{I}
UPI0000168008	SINGLE	2	113	304	33	3.275e-07	{G}
UPI0000168008	SINGLE	3	255	292	6	1.464e-04	{M}
UPI0000168008	SINGLE	4	56	122	14	4.283e-04	{A}
UPI0000168008	MULTIPLE	1	100	305	63	1.592e-13	{IG}
UPI0000168008	WHOLE	1	1	341	36	1.053e-05	{I}
UPI0000168008	WHOLE	2	1	341	38	6.107e-04	{G}
UPI0000168044	SINGLE	1	131	422	28	2.441e-04	{R}
UPI0000168044	SINGLE	2	25	44	4	7.691e-04	{H}
UPI000016804B	SINGLE	1	112	195	23	1.029e-06	{L}
UPI000016804B	SINGLE	2	242	257	4	3.155e-04	{H}
UPI000016804B	SINGLE	3	49	176	15	8.254e-04	{R}
UPI000016804B	MULTIPLE	1	47	202	46	2.750e-07	{LR}
UPI000016804B	WHOLE	1	1	352	54	6.947e-05	{L}
UPI000016805B	SINGLE	1	14	145	16	4.475e-10	{C}
UPI000016805B	WHOLE	1	1	205	16	2.230e-07	{C}
UPI000016808C	SINGLE	1	89	529	61	6.222e-06	{A}
UPI000016808C	SINGLE	2	178	220	10	1.031e-05	{Q}
UPI000016808C	SINGLE	3	284	319	10	1.379e-04	{S}
UPI000016808C	SINGLE	4	57	122	13	2.579e-04	{G}
UPI000016808C	SINGLE	5	378	400	6	4.644e-04	{P}
UPI000016808C	SINGLE	6	26	501	22	5.488e-04	{H}
UPI000016808C	MULTIPLE	1	56	509	173	1.668e-09	{AQGPH}
UPI000016808C	WHOLE	1	1	531	66	6.780e-05	{A}
UPI00001680E7	SINGLE	1	22	47	9	2.409e-05	{G}
UPI00001680E7	SINGLE	2	107	201	21	8.387e-05	{L}
UPI00001680E7	SINGLE	3	368	429	14	1.915e-04	{A}
UPI00001680E7	SINGLE	4	18	35	7	2.360e-04	{A}
UPI00001680E7	MULTIPLE	1	18	47	16	6.024e-07	{GA}
UPI00001680EF	SINGLE	1	58	72	5	1.186e-05	{H}
UPI00001680EF	SINGLE	2	96	122	7	1.925e-04	{R}
UPI0000168115	SINGLE	1	2	150	27	2.869e-04	{L}
UPI0000168115	SINGLE	2	66	99	5	7.231e-04	{H}
UPI0000168115	SINGLE	3	61	185	14	7.337e-04	{Q}
UPI0000168115	MULTIPLE	1	43	187	45	1.835e-06	{LHQ}
UPI0000168145	SINGLE	1	49	63	6	5.574e-04	{A}
UPI0000168154	SINGLE	1	121	324	35	1.342e-04	{L}
UPI0000168154	SINGLE	2	52	99	8	7.938e-04	{Q}
UPI0000168156	SINGLE	1	136	164	8	4.243e-05	{R}
UPI0000168156	SINGLE	2	158	199	5	3.585e-04	{W}
UPI0000168156	MULTIPLE	1	136	199	14	2.773e-05	{RW}
UPI000016815F	SINGLE	1	88	453	73	1.628e-10	{L}
UPI000016815F	SINGLE	2	111	127	6	2.852e-05	{F}
UPI000016815F	SINGLE	3	236	260	5	1.683e-04	{H}
UPI000016815F	SINGLE	4	50	187	21	1.990e-04	{G}
UPI000016815F	SINGLE	5	176	293	8	3.410e-04	{W}
UPI000016815F	SINGLE	6	62	143	12	4.964e-04	{I}
UPI000016815F	MULTIPLE	1	47	444	192	2.253e-17	{LFHGWI}
UPI000016815F	WHOLE	1	1	469	83	3.728e-09	{L}
UPI0000168163	SINGLE	1	87	101	5	2.936e-04	{Q}
UPI0000168163	SINGLE	2	63	132	11	3.637e-04	{R}
UPI0000168163	SINGLE	3	165	239	16	7.587e-04	{L}
UPI0000168165	SINGLE	1	30	141	10	6.593e-06	{W}
UPI0000168165	SINGLE	2	31	45	6	2.215e-05	{Q}
UPI0000168165	WHOLE	1	1	156	10	1.055e-04	{W}
UPI0000168173	SINGLE	1	146	260	21	1.477e-04	{A}
UPI0000168173	SINGLE	2	11	51	6	2.231e-04	{H}
UPI0000168173	SINGLE	3	1	52	6	7.926e-04	{M}
UPI0000168173	SINGLE	4	170	335	22	8.757e-04	{G}
UPI0000168173	MULTIPLE	1	146	338	49	2.488e-05	{AG}
UPI0000168173	MULTIPLE	2	11	52	11	1.163e-06	{HM}
UPI0000168176	SINGLE	1	130	385	41	6.112e-06	{A}
UPI0000168176	SINGLE	2	77	112	9	3.141e-04	{V}
UPI0000168176	SINGLE	3	283	359	11	9.934e-04	{I}
UPI0000168176	MULTIPLE	1	140	365	54	1.952e-06	{AI}
UPI0000168176	WHOLE	1	1	387	48	5.037e-04	{A}
UPI0000168186	SINGLE	1	23	379	61	1.067e-06	{L}
UPI0000168186	SINGLE	2	20	358	29	4.976e-05	{F}
UPI0000168186	SINGLE	3	354	375	7	5.655e-05	{I}
UPI0000168186	SINGLE	4	38	69	9	1.433e-04	{G}
UPI0000168186	SINGLE	5	12	31	6	2.742e-04	{I}
UPI0000168186	SINGLE	6	138	220	8	3.848e-04	{M}
UPI0000168186	SINGLE	7	51	74	4	3.879e-04	{W}
UPI0000168186	MULTIPLE	1	18	376	174	3.671e-16	{LFIGMW}
UPI0000168186	WHOLE	1	1	392	62	9.892e-06	{L}
UPI0000168186	WHOLE	2	1	392	29	4.828e-04	{F}
UPI000016818C	SINGLE	1	61	337	41	3.661e-05	{A}
UPI000016818C	SINGLE	2	194	328	16	5.152e-04	{R}
UPI000016818C	SINGLE	3	81	213	19	7.840e-04	{G}
UPI000016818C	MULTIPLE	1	61	337	87	4.897e-07	{ARG}
UPI000016818C	WHOLE	1	1	337	45	1.659e-04	{A}
UPI000016819D	SINGLE	1	47	108	8	6.078e-06	{C}
UPI000016819D	SINGLE	2	95	465	46	1.961e-05	{G}
UPI000016819D	SINGLE	3	283	365	14	6.066e-04	{V}
UPI000016819D	SINGLE	4	304	336	7	6.899e-04	{R}
UPI000016819D	SINGLE	5	219	233	5	9.005e-04	{D}
UPI000016819D	MULTIPLE	1	93	460	109	1.428e-08	{GVR}
UPI000016819D	WHOLE	1	1	472	49	5.885e-04	{G}
UPI00001681AC	SINGLE	1	124	441	37	9.351e-07	{I}
UPI00001681AC	SINGLE	2	31	220	31	4.876e-05	{A}
UPI00001681AC	SINGLE	3	249	265	8	5.235e-05	{L}
UPI00001681AC	SINGLE	4	333	386	9	1.887e-04	{F}
UPI00001681AC	SINGLE	5	32	79	10	6.772e-04	{V}
UPI00001681AC	MULTIPLE	1	27	452	176	1.558e-12	{IALF}
UPI00001681AC	WHOLE	1	1	462	44	1.610e-05	{I}
UPI00001681AC	WHOLE	2	1	462	56	3.492e-04	{A}
UPI00001681BF	SINGLE	1	8	167	20	8.728e-05	{I}
UPI00001681BF	SINGLE	2	5	334	44	1.974e-04	{A}
UPI00001681BF	SINGLE	3	32	363	38	3.863e-04	{G}
UPI00001681BF	MULTIPLE	1	5	368	113	3.897e-08	{IAG}
UPI00001681BF	WHOLE	1	1	369	47	3.341e-04	{A}
UPI00001681C2	SINGLE	1	2	119	30	1.601e-07	{L}
UPI00001681C2	SINGLE	2	276	295	7	1.571e-04	{V}
UPI00001681C2	SINGLE	3	193	228	8	2.122e-04	{R}
UPI00001681C2	SINGLE	4	235	255	6	3.649e-04	{I}
UPI00001681C2	SINGLE	5	133	158	6	3.705e-04	{F}
UPI00001681C2	SINGLE	6	1	284	16	3.947e-04	{M}
UPI00001681C2	MULTIPLE	1	6	250	59	1.157e-08	{LM}
UPI00001681C2	WHOLE	1	1	314	52	1.336e-05	{L}
UPI0000168207	SINGLE	1	57	559	74	1.915e-05	{L}
UPI0000168207	SINGLE	2	92	163	15	2.861e-04	{A}
UPI0000168207	SINGLE	3	499	672	21	4.397e-04	{D}
UPI0000168207	SINGLE	4	154	514	31	7.041e-04	{R}
UPI0000168207	SINGLE	5	65	82	5	7.334e-04	{Q}
UPI0000168207	MULTIPLE	1	61	668	268	4.978e-11	{LADRQ}
UPI0000168207	WHOLE	1	1	810	102	2.680e-04	{L}
UPI0000168218	SINGLE	1	114	237	16	6.616e-05	{N}
UPI0000168218	SINGLE	2	182	234	10	1.881e-04	{I}
UPI0000168218	SINGLE	3	274	291	7	2.360e-04	{A}
UPI0000168218	SINGLE	4	235	267	8	8.245e-04	{E}
UPI0000168218	MULTIPLE	1	114	237	29	1.667e-06	{NI}
UPI000016824F	SINGLE	1	25	130	23	4.751e-06	{A}
UPI000016824F	SINGLE	2	5	34	8	4.209e-04	{V}
UPI000016824F	MULTIPLE	1	5	138	40	1.937e-06	{AV}
UPI000016824F	WHOLE	1	1	179	26	9.281e-04	{A}
UPI000016EE75	SINGLE	1	91	109	6	8.541e-04	{E}
UPI000016EE75	SINGLE	2	100	118	7	8.828e-04	{L}
UPI000016EE75	MULTIPLE	1	91	119	15	6.161e-06	{EL}
UPI000016EFA6	SINGLE	1	42	158	10	9.649e-06	{W}
UPI000016EFA6	SINGLE	2	13	35	8	2.057e-04	{A}
UPI000016EFA6	WHOLE	1	1	204	11	2.151e-04	{W}
UPI000016F08D	SINGLE	1	32	59	8	9.041e-05	{D}
UPI000016F200	SINGLE	1	151	182	13	3.113e-07	{A}
UPI000016F200	SINGLE	2	120	134	4	7.491e-05	{C}
UPI000016F200	SINGLE	3	4	18	5	4.635e-04	{R}
UPI000016F200	WHOLE	1	1	324	43	2.500e-04	{A}
UPI000016F313	SINGLE	1	58	72	5	5.275e-04	{I}
UPI000016F313	SINGLE	2	271	288	5	7.334e-04	{Q}
UPI000016F385	SINGLE	1	105	202	20	4.514e-05	{A}
UPI000016F387	SINGLE	1	20	370	55	4.358e-07	{A}
UPI000016F387	SINGLE	2	9	393	42	5.224e-04	{G}
UPI000016F387	MULTIPLE	1	9	395	99	3.754e-09	{AG}
UPI000016F387	WHOLE	1	1	401	58	2.737e-06	{A}
UPI000016F3D5	SINGLE	1	129	170	9	5.536e-05	{Q}
UPI000016F3D5	SINGLE	2	69	254	22	6.145e-05	{R}
UPI000016F3D5	SINGLE	3	15	29	4	2.419e-04	{H}
UPI000016F3D5	MULTIPLE	1	69	254	39	4.710e-07	{QR}
UPI000016F3D9	SINGLE	1	76	116	10	1.294e-04	{T}
UPI000016F3D9	SINGLE	2	38	52	6	2.293e-04	{G}
UPI000016F3D9	SINGLE	3	111	240	16	2.671e-04	{P}
UPI000016F3D9	SINGLE	4	183	199	4	4.036e-04	{M}
UPI000016F3D9	SINGLE	5	120	134	5	5.275e-04	{I}
UPI000016F3D9	SINGLE	6	226	270	9	5.739e-04	{D}
UPI000016F3D9	MULTIPLE	1	120	218	27	1.405e-05	{PMI}
UPI000016F3EF	SINGLE	1	131	738	55	3.517e-06	{R}
UPI000016F3EF	SINGLE	2	187	257	17	2.015e-05	{A}
UPI000016F3EF	SINGLE	3	285	328	7	3.967e-05	{H}
UPI000016F3EF	SINGLE	4	5	143	18	6.356e-05	{P}
UPI000016F3EF	SINGLE	5	11	79	17	9.560e-05	{L}
UPI000016F3EF	SINGLE	6	506	526	6	1.796e-04	{N}
UPI000016F3EF	SINGLE	7	404	673	16	2.335e-04	{M}
UPI000016F3EF	SINGLE	8	313	797	66	3.573e-04	{L}
UPI000016F3EF	SINGLE	9	337	383	8	3.626e-04	{F}
UPI000016F3EF	SINGLE	10	509	534	8	5.129e-04	{A}
UPI000016F3EF	MULTIPLE	1	5	743	251	3.907e-12	{RHPLM}
UPI000016F3EF	MULTIPLE	2	506	534	14	1.697e-06	{NA}
UPI000016F3EF	WHOLE	1	1	807	63	5.672e-05	{R}
UPI000016F3EF	WHOLE	2	1	807	104	1.136e-04	{L}
UPI000016F47A	SINGLE	1	134	248	21	1.477e-04	{A}
UPI000016F47A	SINGLE	2	301	322	6	4.110e-04	{R}
UPI000016F596	SINGLE	1	101	124	7	8.692e-05	{R}
UPI000016F596	SINGLE	2	152	170	6	1.006e-04	{Q}
UPI000016F62C	SINGLE	1	225	446	15	9.202e-05	{H}
UPI000016F62C	SINGLE	2	393	430	10	9.574e-05	{V}
UPI000016F62C	SINGLE	3	685	721	9	2.742e-04	{K}
UPI000016F62C	SINGLE	4	19	477	17	4.279e-04	{W}
UPI000016F62C	SINGLE	5	519	533	5	5.275e-04	{I}
UPI000016F62C	SINGLE	6	112	213	16	7.252e-04	{G}
UPI000016F62C	SINGLE	7	70	124	13	8.523e-04	{L}
UPI000016F62C	MULTIPLE	1	162	438	26	9.525e-06	{HW}
UPI000016F62C	MULTIPLE	2	99	145	17	3.835e-04	{GL}
UPI000018DBCB	SINGLE	1	79	95	6	1.019e-04	{I}
UPI000018DBCD	SINGLE	1	52	82	9	1.103e-04	{G}
UPI000018DBCD	SINGLE	2	42	58	6	4.421e-04	{V}
UPI000018DBCD	MULTIPLE	1	47	74	13	1.550e-05	{GV}
UPI000018F705	SINGLE	1	97	120	8	5.639e-05	{K}
UPI000018F716	SINGLE	1	27	79	10	2.931e-05	{F}
UPI000018F73E	SINGLE	1	7	22	7	2.677e-04	{L}
UPI000018F73E	SINGLE	2	148	162	5	2.936e-04	{Q}
UPI000018F7B4	SINGLE	1	9	186	32	5.573e-06	{A}
UPI000018F7B4	SINGLE	2	99	123	5	1.683e-04	{M}
UPI000018F7B4	SINGLE	3	86	126	8	2.658e-04	{N}
UPI000018F7B4	MULTIPLE	1	9	186	54	2.300e-08	{AMN}
UPI000018F7B4	WHOLE	1	1	254	36	2.178e-04	{A}
UPI000018F7B5	SINGLE	1	13	63	17	1.345e-06	{L}
UPI000018F7B5	SINGLE	2	204	228	7	9.845e-05	{P}
UPI000018F7B5	SINGLE	3	74	119	8	5.825e-04	{N}
UPI000018F7B5	SINGLE	4	221	248	4	7.038e-04	{W}
UPI000018F7B5	MULTIPLE	1	204	256	13	1.216e-05	{PW}
UPI000018F7B9	SINGLE	1	10	34	5	1.683e-04	{H}
UPI000018F7B9	SINGLE	2	57	72	5	4.085e-04	{Q}
UPI000018F7B9	SINGLE	3	168	182	5	4.635e-04	{R}
UPI000018F7EB	SINGLE	1	267	308	11	4.568e-11	{C}
UPI000018F7EB	SINGLE	2	319	338	7	2.369e-05	{R}
UPI000018F7EB	SINGLE	3	100	154	12	3.272e-05	{D}
UPI000018F83A	SINGLE	1	41	399	36	2.228e-07	{F}
UPI000018F83A	SINGLE	2	132	191	15	3.964e-06	{V}
UPI000018F83A	SINGLE	3	402	441	12	1.377e-04	{L}
UPI000018F83A	SINGLE	4	107	128	8	4.250e-04	{L}
UPI000018F83A	MULTIPLE	1	40	385	77	7.103e-11	{FV}
UPI000018F83A	WHOLE	1	1	461	36	4.700e-05	{F}
UPI000018F83A	WHOLE	2	1	461	51	7.757e-05	{V}
UPI000018F86C	SINGLE	1	37	74	7	9.131e-04	{Q}
UPI000018F877	SINGLE	1	116	171	13	2.388e-04	{A}
UPI000018F881	SINGLE	1	31	174	9	2.709e-04	{W}
UPI000018F8BC	SINGLE	1	155	184	10	1.251e-05	{G}
UPI000018F8BC	SINGLE	2	53	482	38	2.202e-04	{I}
UPI000018F8BC	SINGLE	3	531	554	6	3.999e-04	{Q}
UPI000018F8BC	SINGLE	4	131	146	5	4.001e-04	{N}
UPI000018F8BC	SINGLE	5	35	58	7	5.412e-04	{E}
UPI000018F8BC	SINGLE	6	275	289	6	5.574e-04	{A}
UPI000018F8BC	SINGLE	7	521	547	8	6.718e-04	{A}
UPI000018F8BC	SINGLE	8	364	384	6	6.796e-04	{D}
UPI000018F8BC	MULTIPLE	1	62	482	62	8.126e-05	{IN}
UPI000018F8BC	MULTIPLE	2	521	547	13	4.189e-06	{QA}
UPI000018F923	SINGLE	1	223	302	18	1.997e-04	{L}
UPI000018F923	SINGLE	2	36	385	39	3.705e-04	{V}
UPI000018F923	SINGLE	3	33	56	8	8.059e-04	{L}
UPI000018F923	MULTIPLE	1	33	378	84	9.946e-06	{LV}
UPI000018F941	SINGLE	1	7	92	17	2.494e-05	{V}
UPI000018F941	SINGLE	2	8	345	47	5.058e-05	{A}
UPI000018F941	SINGLE	3	261	277	6	1.019e-04	{I}
UPI000018F941	SINGLE	4	135	248	9	7.116e-04	{M}
UPI000018F941	MULTIPLE	1	1	346	85	9.173e-07	{AIM}
UPI000018F941	WHOLE	1	1	346	47	8.558e-05	{A}
UPI000018F980	SINGLE	1	208	224	7	4.822e-05	{V}
UPI000018F980	SINGLE	2	19	52	9	2.002e-04	{V}
UPI000018F9C8	SINGLE	1	83	134	8	7.108e-04	{F}
UPI000018F9D6	SINGLE	1	477	508	11	2.753e-06	{E}
UPI000018F9D6	SINGLE	2	79	104	5	2.039e-04	{M}
UPI000018F9D6	SINGLE	3	107	274	16	4.447e-04	{Y}
UPI000018F9E5	SINGLE	1	15	71	8	2.862e-05	{H}
UPI000018F9F3	SINGLE	1	10	53	12	3.534e-04	{L}
UPI000018FA09	SINGLE	1	15	237	34	8.435e-05	{A}
UPI000018FA09	SINGLE	2	91	119	5	3.445e-04	{M}
UPI000018FA09	MULTIPLE	1	15	229	43	5.085e-06	{AM}
UPI000018FA3F	SINGLE	1	158	273	15	3.747e-05	{F}
UPI000018FA3F	SINGLE	2	224	263	9	9.813e-05	{I}
UPI000018FA3F	SINGLE	3	183	205	5	1.114e-04	{M}
UPI000018FA3F	SINGLE	4	7	139	25	2.675e-04	{L}
UPI000018FA3F	SINGLE	5	14	186	23	6.659e-04	{G}
UPI000018FA3F	MULTIPLE	1	29	263	80	7.235e-10	{FIMG}
UPI000018FA3F	WHOLE	1	1	273	23	3.120e-04	{F}
UPI000018FA97	SINGLE	1	53	195	19	4.036e-05	{R}
UPI000018FA97	SINGLE	2	118	193	12	7.921e-05	{Q}
UPI000018FA97	MULTIPLE	1	105	161	19	2.923e-07	{RQ}
UPI000018FA98	SINGLE	1	50	206	30	3.109e-06	{A}
UPI000018FA98	SINGLE	2	27	73	9	2.802e-04	{R}
UPI000018FA98	SINGLE	3	3	17	5	4.135e-04	{P}
UPI000018FA98	MULTIPLE	1	27	200	46	4.369e-07	{AR}
UPI000018FA98	WHOLE	1	1	211	31	2.968e-04	{A}
UPI000018FAAE	SINGLE	1	12	30	7	3.444e-04	{A}
UPI000018FAAE	SINGLE	2	116	130	5	5.275e-04	{I}
UPI000018FAAE	SINGLE	3	116	139	7	5.364e-04	{V}
UPI000018FAAE	SINGLE	4	22	210	31	6.012e-04	{L}
UPI000018FAAE	MULTIPLE	1	8	210	59	7.958e-06	{AL}
UPI000018FAAE	MULTIPLE	2	116	139	12	3.105e-06	{IV}
UPI000018FB05	SINGLE	1	75	237	26	2.460e-04	{A}
UPI000018FB05	SINGLE	2	170	213	10	3.399e-04	{E}
UPI000018FB05	SINGLE	3	68	99	7	5.709e-04	{R}
UPI000018FB05	MULTIPLE	1	75	237	41	1.000e-04	{AE}
UPI000018FB13	SINGLE	1	10	83	17	2.272e-04	{L}
UPI000018FB13	SINGLE	2	66	97	7	6.733e-04	{I}
UPI000018FB1C	SINGLE	1	116	132	7	3.611e-05	{T}
UPI000018FB1C	SINGLE	2	184	219	8	1.049e-04	{N}
UPI000018FB2C	SINGLE	1	53	86	10	4.148e-05	{G}
UPI000018FB34	SINGLE	1	79	134	10	2.368e-04	{R}
UPI000018FB34	SINGLE	2	171	190	6	2.742e-04	{I}
UPI000018FB34	SINGLE	3	152	168	7	4.133e-04	{L}
UPI000018FB34	SINGLE	4	174	199	6	6.261e-04	{Q}
UPI000018FB34	MULTIPLE	1	171	199	12	3.953e-06	{IQ}
UPI00001B50F6	SINGLE	1	66	171	14	3.864e-04	{R}
UPI00001B50F9	SINGLE	1	21	45	7	5.249e-04	{K}
UPI00001B5115	SINGLE	1	96	201	21	4.170e-06	{G}
UPI00001B5115	SINGLE	2	1	15	6	1.598e-04	{T}
UPI00001B5115	SINGLE	3	144	159	7	2.677e-04	{L}
UPI00001B5115	SINGLE	4	235	255	8	2.978e-04	{L}
UPI00001B5115	MULTIPLE	1	96	203	36	3.607e-06	{GL}
UPI00001B511E	SINGLE	1	282	320	10	1.427e-04	{G}
UPI00001B511E	SINGLE	2	81	337	36	2.684e-04	{A}
UPI00001B511E	MULTIPLE	1	81	331	59	4.481e-05	{GA}
UPI00001B5129	SINGLE	1	39	102	15	7.588e-05	{A}
UPI00001B5129	SINGLE	2	58	85	7	2.444e-04	{R}
UPI00001B5129	SINGLE	3	9	26	6	2.760e-04	{D}
UPI00001B5129	MULTIPLE	1	39	95	22	5.263e-07	{AR}
UPI00001B512E	SINGLE	1	11	25	6	3.887e-05	{R}
UPI00001B512E	SINGLE	2	22	38	6	5.013e-05	{Q}
UPI00001B512E	SINGLE	3	59	135	17	3.633e-04	{L}
UPI00001B512E	SINGLE	4	35	51	4	4.036e-04	{M}
UPI00001B512E	MULTIPLE	1	13	44	18	7.940e-10	{RQM}
UPI00001B5154	SINGLE	1	191	270	18	2.819e-05	{A}
UPI00001B5154	SINGLE	2	282	361	13	8.221e-05	{R}
UPI00001B5154	SINGLE	3	33	567	42	9.711e-05	{Q}
UPI00001B5154	SINGLE	4	613	627	5	1.557e-04	{Y}
UPI00001B5154	SINGLE	5	227	241	6	1.598e-04	{T}
UPI00001B5154	SINGLE	6	115	508	16	2.393e-04	{W}
UPI00001B5154	MULTIPLE	1	131	508	95	1.106e-09	{AQW}
UPI00001B5154	WHOLE	1	1	645	74	2.711e-04	{A}
UPI00001B5154	WHOLE	2	1	645	49	5.095e-04	{R}
UPI00001B5DC3	SINGLE	1	171	308	16	5.006e-04	{P}
UPI00001D47FF	SINGLE	1	7	21	7	6.097e-05	{A}
UPI00001D47FF	SINGLE	2	136	161	7	8.914e-04	{V}
UPI00001E0555	SINGLE	1	40	138	14	2.589e-04	{I}
UPI00001E0555	SINGLE	2	94	139	10	4.883e-04	{E}
UPI00001E0555	SINGLE	3	22	41	4	7.691e-04	{H}
UPI00001E0555	SINGLE	4	31	79	8	9.076e-04	{Q}
UPI00001E0555	MULTIPLE	1	40	139	35	1.296e-06	{IEQ}
UPI0000212C14	SINGLE	1	34	129	15	1.213e-05	{N}
UPI0000212C14	SINGLE	2	96	110	7	3.582e-05	{S}
UPI0000212C14	SINGLE	3	27	93	8	9.063e-05	{H}
UPI0000212C14	SINGLE	4	9	38	9	2.883e-04	{A}
UPI0000212C14	MULTIPLE	1	17	112	50	3.876e-11	{NSHA}
UPI0000212C14	WHOLE	1	1	149	16	4.958e-04	{N}
UPI00002130F2	SINGLE	1	23	50	10	3.449e-07	{R}
UPI00002130F2	WHOLE	1	1	54	11	3.532e-05	{R}
UPI0000219470	SINGLE	1	119	162	11	6.046e-06	{I}
UPI0000219470	SINGLE	2	63	82	6	2.355e-04	{R}
UPI0000219470	SINGLE	3	74	129	11	6.255e-04	{V}
UPI0000219470	MULTIPLE	1	61	129	20	3.650e-05	{RV}
UPI000021C362	SINGLE	1	224	248	5	1.683e-04	{M}
UPI000021C362	SINGLE	2	104	118	6	2.045e-04	{V}
UPI000021C362	SINGLE	3	139	272	17	2.282e-04	{I}
UPI000021C362	SINGLE	4	48	86	7	5.997e-04	{F}
UPI000021C362	MULTIPLE	1	139	272	23	4.765e-05	{MI}
UPI000021C364	SINGLE	1	47	360	33	2.497e-05	{I}
UPI000021C364	SINGLE	2	13	49	10	7.638e-05	{E}
UPI000021C364	MULTIPLE	1	4	360	68	8.620e-06	{IE}
UPI000021C364	WHOLE	1	1	482	44	4.156e-05	{I}
UPI000021C368	SINGLE	1	56	89	8	3.747e-04	{D}
UPI000021C368	SINGLE	2	368	475	17	3.946e-04	{V}
UPI000021C368	SINGLE	3	186	264	12	9.685e-04	{D}
UPI000021C369	SINGLE	1	25	51	8	7.450e-08	{M}
UPI000021C369	SINGLE	2	52	78	8	6.718e-04	{A}
UPI000021C369	SINGLE	3	14	36	7	7.500e-04	{S}
UPI000021C369	WHOLE	1	1	116	14	2.342e-07	{M}
UPI000021C36B	SINGLE	1	76	116	11	6.979e-04	{L}
UPI000021C36C	SINGLE	1	360	407	11	4.407e-06	{Q}
UPI000021C36C	SINGLE	2	308	330	9	1.509e-05	{S}
UPI000021C36C	SINGLE	3	287	304	8	2.760e-05	{A}
UPI000021C36C	SINGLE	4	172	221	10	4.052e-05	{Q}
UPI000021C36C	WHOLE	1	1	461	38	7.554e-05	{Q}
UPI000021C36E	SINGLE	1	6	22	6	1.019e-04	{I}
UPI000021C36E	SINGLE	2	53	84	8	2.434e-04	{D}
UPI000021C36E	SINGLE	3	35	66	8	4.841e-04	{K}
UPI000021C36E	SINGLE	4	406	426	4	9.292e-04	{M}
UPI000021C36E	MULTIPLE	1	35	85	18	8.125e-06	{DK}
UPI000021C36F	SINGLE	1	321	1038	72	8.997e-09	{I}
UPI000021C36F	SINGLE	2	36	409	45	2.928e-05	{V}
UPI000021C36F	SINGLE	3	786	1020	15	1.669e-04	{M}
UPI000021C36F	SINGLE	4	864	908	12	4.376e-04	{L}
UPI000021C36F	SINGLE	5	450	595	26	4.658e-04	{L}
UPI000021C36F	SINGLE	6	479	493	6	5.574e-04	{A}
UPI000021C36F	MULTIPLE	1	31	1034	304	1.427e-11	{IVMA}
UPI000021C36F	WHOLE	1	1	1048	92	5.578e-08	{I}
UPI000021C36F	WHOLE	2	1	1048	97	1.204e-04	{V}
UPI000021C371	SINGLE	1	81	102	10	1.203e-11	{H}
UPI000021C371	SINGLE	2	228	811	69	7.473e-07	{V}
UPI000021C371	SINGLE	3	399	795	59	9.886e-07	{A}
UPI000021C371	SINGLE	4	160	197	12	8.096e-05	{L}
UPI000021C371	SINGLE	5	315	802	43	1.042e-04	{I}
UPI000021C371	SINGLE	6	323	736	47	1.215e-04	{G}
UPI000021C371	SINGLE	7	498	515	6	4.891e-04	{T}
UPI000021C371	SINGLE	8	94	208	14	6.672e-04	{P}
UPI000021C371	MULTIPLE	1	228	805	245	3.057e-18	{VAIG}
UPI000021C371	MULTIPLE	2	116	203	27	2.547e-05	{LP}
UPI000021C371	WHOLE	1	1	815	82	2.793e-05	{V}
UPI000021C371	WHOLE	2	1	815	90	2.510e-04	{A}
UPI000021C372	SINGLE	1	43	57	7	1.262e-08	{H}
UPI000021C372	SINGLE	2	4	18	7	6.097e-05	{A}
UPI000021C372	WHOLE	1	1	65	9	1.034e-05	{H}
UPI000021C373	SINGLE	1	218	237	8	6.750e-05	{A}
UPI000021C373	SINGLE	2	42	57	6	2.357e-04	{K}
UPI000021C373	SINGLE	3	97	131	7	8.537e-04	{P}
UPI00002263CE	SINGLE	1	57	71	5	4.135e-04	{P}
UPI00002263DC	SINGLE	1	15	228	32	9.154e-10	{Q}
UPI00002263DC	SINGLE	2	105	283	35	9.699e-06	{L}
UPI00002263DC	SINGLE	3	49	281	33	3.726e-04	{A}
UPI00002263DC	MULTIPLE	1	14	283	114	7.169e-15	{QLA}
UPI00002263DC	WHOLE	1	1	284	35	2.472e-08	{Q}
UPI00002263DC	WHOLE	2	1	284	46	6.253e-05	{L}
UPI00002263ED	SINGLE	1	209	223	5	4.635e-04	{R}
UPI0000226415	SINGLE	1	256	290	9	2.548e-04	{E}
UPI0000226415	SINGLE	2	150	164	5	4.635e-04	{R}
UPI0000226424	SINGLE	1	178	231	7	1.471e-04	{H}
UPI0000226424	SINGLE	2	129	151	7	1.612e-04	{D}
UPI0000226424	SINGLE	3	11	166	17	8.739e-04	{R}
UPI0000226430	SINGLE	1	13	388	64	6.947e-07	{L}
UPI0000226430	SINGLE	2	76	99	8	2.122e-06	{F}
UPI0000226430	SINGLE	3	128	162	10	4.547e-05	{V}
UPI0000226430	SINGLE	4	4	33	8	6.716e-05	{I}
UPI0000226430	SINGLE	5	150	170	5	7.041e-05	{M}
UPI0000226430	SINGLE	6	235	395	19	1.833e-04	{R}
UPI0000226430	MULTIPLE	1	13	392	186	5.967e-13	{LFVIMR}
UPI0000226430	WHOLE	1	1	527	77	1.692e-05	{L}
UPI0000226442	SINGLE	1	17	140	32	4.445e-08	{L}
UPI0000226442	SINGLE	2	24	133	8	2.153e-04	{W}
UPI0000226442	MULTIPLE	1	17	140	40	6.041e-11	{LW}
UPI0000226442	WHOLE	1	1	149	32	3.155e-06	{L}
UPI000022644F	SINGLE	1	10	33	9	8.312e-07	{R}
UPI000022644F	SINGLE	2	31	56	5	4.916e-05	{C}
UPI000022644F	SINGLE	3	64	157	14	8.900e-05	{P}
UPI000022644F	SINGLE	4	174	200	9	1.207e-04	{A}
UPI000022644F	MULTIPLE	1	10	56	15	1.099e-07	{RC}
UPI0000226465	SINGLE	1	144	170	4	6.125e-04	{W}
UPI0000226475	SINGLE	1	68	120	15	9.694e-07	{G}
UPI0000226475	SINGLE	2	176	190	6	5.574e-04	{A}
UPI0000226475	SINGLE	3	34	60	8	6.718e-04	{A}
UPI000022648C	SINGLE	1	69	83	7	6.097e-05	{A}
UPI000022648C	SINGLE	2	28	42	5	4.135e-04	{P}
UPI000022648C	SINGLE	3	79	96	6	6.200e-04	{V}
UPI000022648C	SINGLE	4	29	54	6	6.261e-04	{Q}
UPI000022648C	MULTIPLE	1	70	91	12	1.033e-05	{AV}
UPI000022648C	MULTIPLE	2	28	54	11	9.048e-06	{PQ}
UPI000022EFEC	SINGLE	1	11	30	8	6.750e-05	{A}
UPI000022EFEC	SINGLE	2	46	91	9	2.920e-04	{I}
UPI00002315AD	SINGLE	1	16	34	6	8.541e-04	{E}
UPI0000232D79	SINGLE	1	112	154	10	2.413e-05	{R}
UPI0000232D79	SINGLE	2	78	157	8	3.026e-04	{H}
UPI0000232D79	MULTIPLE	1	78	157	19	1.485e-06	{RH}
UPI0000232D79	WHOLE	1	1	165	18	6.354e-04	{R}
UPI00003775F2	SINGLE	1	140	206	13	1.252e-05	{R}
UPI00003775F2	SINGLE	2	14	165	29	7.619e-05	{L}
UPI00003775F2	SINGLE	3	209	234	8	1.485e-04	{E}
UPI00003775F2	MULTIPLE	1	14	206	51	2.275e-06	{RL}
UPI00003A9348	SINGLE	1	11	112	15	1.059e-04	{I}
UPI00003A9348	SINGLE	2	8	23	5	2.574e-04	{F}
UPI00003A9348	SINGLE	3	26	138	14	2.673e-04	{N}
UPI00003A9348	MULTIPLE	1	16	115	26	6.856e-07	{IN}
UPI00003B0837	SINGLE	1	41	298	34	4.220e-05	{V}
UPI00003B0837	SINGLE	2	156	173	6	7.013e-05	{N}
UPI00003B0837	SINGLE	3	83	102	7	2.968e-04	{S}
UPI00003B0837	SINGLE	4	61	296	27	8.810e-04	{T}
UPI00003B0837	MULTIPLE	1	38	298	108	4.247e-10	{VNST}
UPI00003B0837	WHOLE	1	1	300	37	7.907e-05	{V}
UPI00003B25F3	SINGLE	1	221	641	66	3.686e-08	{A}
UPI00003B25F3	SINGLE	2	99	195	16	4.270e-04	{G}
UPI00003B25F3	SINGLE	3	26	261	14	5.284e-04	{H}
UPI00003B25F3	SINGLE	4	121	135	6	5.574e-04	{A}
UPI00003B25F3	MULTIPLE	1	65	219	31	8.217e-06	{GH}
UPI00003B25F3	WHOLE	1	1	663	89	2.841e-07	{A}
UPI00003B25F6	SINGLE	1	245	371	20	1.472e-06	{P}
UPI00003B25F6	SINGLE	2	68	739	58	7.751e-06	{R}
UPI00003B25F6	SINGLE	3	370	418	10	9.703e-05	{I}
UPI00003B25F6	SINGLE	4	386	464	7	2.438e-04	{C}
UPI00003B25F6	SINGLE	5	38	263	25	4.973e-04	{D}
UPI00003B25F6	SINGLE	6	265	304	9	4.976e-04	{K}
UPI00003B25F6	SINGLE	7	694	720	7	8.695e-04	{T}
UPI00003B25F6	MULTIPLE	1	76	739	110	3.286e-09	{PR}
UPI00003B25F6	MULTIPLE	2	370	464	19	8.097e-06	{IC}
UPI00003B25F6	WHOLE	1	1	739	59	2.779e-05	{P}
UPI00003B25F6	WHOLE	2	1	739	60	2.988e-05	{R}
UPI00003B25FB	SINGLE	1	8	281	46	2.718e-05	{L}
UPI00003B25FB	SINGLE	2	123	307	23	3.098e-05	{I}
UPI00003B25FB	SINGLE	3	55	305	23	9.981e-05	{F}
UPI00003B25FB	SINGLE	4	44	61	4	1.222e-04	{W}
UPI00003B25FB	SINGLE	5	14	78	14	3.143e-04	{A}
UPI00003B25FB	SINGLE	6	4	311	34	8.917e-04	{V}
UPI00003B25FB	MULTIPLE	1	8	311	173	1.073e-16	{LIFWAV}
UPI00003B25FB	WHOLE	1	1	321	48	2.694e-04	{L}
UPI00003B25FC	SINGLE	1	3	428	42	1.118e-05	{I}
UPI00003B25FC	SINGLE	2	56	238	34	3.592e-05	{L}
UPI00003B25FC	SINGLE	3	255	314	14	1.345e-04	{A}
UPI00003B25FC	SINGLE	4	267	281	5	1.842e-04	{F}
UPI00003B25FC	SINGLE	5	1	422	20	6.949e-04	{M}
UPI00003B25FC	MULTIPLE	1	31	428	134	1.314e-10	{ILFM}
UPI00003B25FC	WHOLE	1	1	443	42	2.657e-05	{I}
UPI00003B25FE	SINGLE	1	472	489	7	2.786e-05	{D}
UPI00003B25FE	SINGLE	2	163	232	12	8.997e-05	{R}
UPI00003B25FE	SINGLE	3	168	184	6	4.943e-04	{G}
UPI00003B25FE	SINGLE	4	200	230	8	5.357e-04	{E}
UPI00003B25FE	SINGLE	5	315	527	13	6.283e-04	{M}
UPI00003B25FE	SINGLE	6	404	418	5	9.005e-04	{D}
UPI00003B25FE	SINGLE	7	229	270	10	9.468e-04	{A}
UPI00003B25FE	MULTIPLE	1	407	489	19	1.134e-05	{DM}
UPI00003B25FE	MULTIPLE	2	163	232	28	8.662e-06	{RGE}
UPI00003B25FF	SINGLE	1	67	390	37	1.436e-06	{I}
UPI00003B25FF	SINGLE	2	88	268	35	1.230e-05	{L}
UPI00003B25FF	SINGLE	3	14	202	20	4.046e-05	{F}
UPI00003B25FF	SINGLE	4	29	44	6	3.059e-04	{V}
UPI00003B25FF	SINGLE	5	220	295	15	5.068e-04	{A}
UPI00003B25FF	MULTIPLE	1	19	391	188	2.386e-13	{ILFVA}
UPI00003B25FF	WHOLE	1	1	393	40	8.603e-06	{I}
UPI00003B25FF	WHOLE	2	1	393	55	5.089e-04	{L}
UPI00003B2608	SINGLE	1	25	152	19	5.038e-04	{G}
UPI00003B2608	SINGLE	2	159	295	22	6.033e-04	{A}
UPI00003B260A	SINGLE	1	224	238	6	5.574e-04	{A}
UPI00003B260A	SINGLE	2	44	63	5	6.634e-04	{Y}
UPI00003B2611	SINGLE	1	41	87	9	1.356e-04	{Q}
UPI00003B2611	SINGLE	2	98	130	5	1.584e-04	{C}
UPI00003B2611	SINGLE	3	12	55	5	4.441e-04	{W}
UPI00003B2611	SINGLE	4	162	178	6	4.457e-04	{E}
UPI00003B2611	SINGLE	5	127	141	5	5.275e-04	{I}
UPI00003B2611	SINGLE	6	193	237	8	8.310e-04	{P}
UPI00003B2611	MULTIPLE	1	41	60	8	8.075e-06	{QW}
UPI00003CEFC1	SINGLE	1	8	23	6	5.920e-05	{R}
UPI00003FEACD	SINGLE	1	67	216	18	1.613e-04	{P}
UPI00003FEACD	SINGLE	2	23	205	21	1.895e-04	{I}
UPI00003FEACD	MULTIPLE	1	23	216	40	1.833e-06	{PI}
UPI00003FEACD	WHOLE	1	1	243	24	5.918e-04	{I}
UPI000042BC99	SINGLE	1	84	122	8	4.479e-04	{I}
UPI000042BC99	SINGLE	2	8	40	7	6.899e-04	{R}
UPI000044088F	SINGLE	1	15	29	4	2.419e-04	{M}
UPI000044405C	SINGLE	1	133	181	11	1.784e-05	{I}
UPI000044405C	SINGLE	2	23	188	24	1.645e-04	{G}
UPI000044405C	SINGLE	3	112	143	9	4.800e-04	{A}
UPI000044405C	MULTIPLE	1	40	181	39	1.218e-07	{IG}
UPI000044405C	WHOLE	1	1	188	25	4.169e-04	{G}
UPI000044405C	WHOLE	2	1	188	20	6.474e-04	{I}
UPI0000495F8F	SINGLE	1	263	277	7	3.582e-05	{S}
UPI0000495F8F	SINGLE	2	108	170	11	1.461e-04	{R}
UPI0000495F92	SINGLE	1	196	214	6	1.006e-04	{Q}
UPI0000495F92	SINGLE	2	123	170	9	2.744e-04	{P}
UPI0000495F93	SINGLE	1	24	55	8	8.975e-05	{R}
UPI000049B22D	SINGLE	1	4	163	32	1.390e-05	{L}
UPI000049B22D	WHOLE	1	1	222	36	3.118e-04	{L}
UPI000049F154	SINGLE	1	115	154	8	1.172e-04	{F}
UPI000049F154	SINGLE	2	166	194	8	6.512e-04	{S}
UPI00005051E9	SINGLE	1	117	257	20	1.026e-05	{R}
UPI00005051E9	SINGLE	2	143	157	6	1.598e-04	{T}
UPI00005051E9	WHOLE	1	1	258	27	8.123e-05	{R}
UPI00005051EF	SINGLE	1	44	63	9	7.656e-06	{A}
UPI00005051EF	SINGLE	2	35	57	8	4.007e-05	{K}
UPI00005051EF	MULTIPLE	1	35	60	16	2.613e-08	{AK}
UPI00005051F0	SINGLE	1	5	69	15	2.857e-07	{R}
UPI00005051F0	SINGLE	2	35	60	9	8.726e-05	{A}
UPI00005051F0	MULTIPLE	1	18	67	23	6.063e-09	{RA}
UPI00005051F0	WHOLE	1	1	70	15	7.769e-07	{R}
UPI00005051F5	SINGLE	1	169	279	26	1.167e-11	{R}
UPI00005051F5	SINGLE	2	55	70	8	2.408e-07	{R}
UPI00005051F5	SINGLE	3	153	168	7	9.989e-05	{A}
UPI00005051F5	SINGLE	4	95	151	11	5.053e-04	{T}
UPI00005051F5	WHOLE	1	1	285	40	1.059e-09	{R}
UPI000050B510	SINGLE	1	50	147	16	3.623e-06	{N}
UPI000050B510	SINGLE	2	85	302	25	5.407e-05	{I}
UPI000050B510	SINGLE	3	244	352	18	9.041e-05	{T}
UPI000050B510	SINGLE	4	84	204	14	1.451e-04	{Y}
UPI000050B510	SINGLE	5	277	305	7	1.636e-04	{N}
UPI000050B510	SINGLE	6	48	63	6	2.398e-04	{T}
UPI000050B510	SINGLE	7	330	349	7	4.883e-04	{A}
UPI000050B510	MULTIPLE	1	45	355	109	2.258e-11	{NITY}
UPI000050B510	WHOLE	1	1	357	29	4.984e-04	{N}
UPI0000553298	SINGLE	1	338	451	12	6.711e-06	{H}
UPI0000553298	SINGLE	2	180	202	4	3.281e-04	{W}
UPI0000553298	SINGLE	3	137	265	19	4.344e-04	{V}
UPI0000553298	SINGLE	4	105	123	5	5.171e-04	{Y}
UPI0000553298	SINGLE	5	452	494	9	8.474e-04	{K}
UPI0000553298	MULTIPLE	1	137	268	24	7.615e-05	{WV}
UPI0000553298	WHOLE	1	1	513	23	6.188e-04	{H}
UPI00005AA3BC	SINGLE	1	621	920	42	1.510e-06	{V}
UPI00005AA3BC	SINGLE	2	7	298	30	7.963e-05	{I}
UPI00005AA3BC	SINGLE	3	803	821	6	1.006e-04	{Q}
UPI00005AA3BC	SINGLE	4	39	731	69	1.362e-04	{E}
UPI00005AA3BC	SINGLE	5	747	769	7	1.612e-04	{D}
UPI00005AA3BC	SINGLE	6	118	160	11	2.901e-04	{A}
UPI00005AA3BC	SINGLE	7	309	327	7	3.444e-04	{A}
UPI00005AA3BC	SINGLE	8	1017	1031	5	4.635e-04	{R}
UPI00005AA3BC	SINGLE	9	163	180	6	6.921e-04	{G}
UPI00005AA3BC	SINGLE	10	651	705	12	7.069e-04	{A}
UPI00005AA3BC	MULTIPLE	1	30	934	331	5.133e-10	{VEAG}
UPI00005AA3BC	WHOLE	1	1	1073	112	4.109e-04	{A}
UPI00005AA3BC	WHOLE	2	1	1073	94	6.840e-04	{V}
UPI00005AA3BC	WHOLE	3	1	1073	93	9.847e-04	{E}
UPI00005AA3DD	SINGLE	1	42	445	62	1.880e-07	{A}
UPI00005AA3DD	SINGLE	2	249	268	7	1.188e-04	{T}
UPI00005AA3DD	SINGLE	3	127	336	21	2.077e-04	{N}
UPI00005AA3DD	MULTIPLE	1	86	382	68	1.011e-07	{AN}
UPI00005AA3DD	WHOLE	1	1	452	64	1.868e-06	{A}
UPI00005AA3DF	SINGLE	1	72	355	49	1.016e-07	{A}
UPI00005AA3DF	SINGLE	2	3	221	32	1.432e-05	{G}
UPI00005AA3DF	SINGLE	3	173	237	11	8.224e-05	{Q}
UPI00005AA3DF	SINGLE	4	55	80	7	1.782e-04	{I}
UPI00005AA3DF	SINGLE	5	157	188	8	6.615e-04	{V}
UPI00005AA3DF	MULTIPLE	1	3	355	146	1.652e-11	{AGQV}
UPI00005AA3DF	WHOLE	1	1	355	55	6.186e-07	{A}
UPI00005AA3E2	SINGLE	1	83	104	5	1.498e-05	{W}
UPI00005AA3E2	SINGLE	2	34	103	15	2.793e-05	{E}
UPI00005AA3E2	SINGLE	3	6	20	5	5.275e-04	{I}
UPI00005AA3E2	MULTIPLE	1	41	104	19	2.894e-07	{WE}
UPI00005AA406	SINGLE	1	188	205	6	2.760e-04	{D}
UPI00005AA45D	SINGLE	1	127	208	13	9.779e-06	{Y}
UPI00005AA45D	SINGLE	2	69	241	23	2.837e-04	{T}
UPI00005AA45D	SINGLE	3	8	26	7	3.444e-04	{A}
UPI00005AA45D	MULTIPLE	1	121	206	25	4.709e-07	{YT}
UPI00005AA45D	WHOLE	1	1	257	21	5.014e-04	{Y}
UPI00005AA45D	WHOLE	2	1	257	29	7.415e-04	{T}
UPI00005AA478	SINGLE	1	46	183	18	7.882e-05	{R}
UPI00005AA478	SINGLE	2	4	22	7	8.828e-04	{L}
UPI00005AA478	SINGLE	3	157	171	5	9.005e-04	{D}
UPI00005AA478	MULTIPLE	1	46	176	30	1.535e-05	{RD}
UPI00005AA488	SINGLE	1	144	274	23	1.359e-04	{A}
UPI00005AA488	SINGLE	2	44	295	31	2.705e-04	{V}
UPI00005AA488	SINGLE	3	164	214	9	6.260e-04	{I}
UPI00005AA488	MULTIPLE	1	40	295	81	8.254e-07	{AVI}
UPI00005AA488	WHOLE	1	1	296	33	8.893e-04	{V}
UPI00005AA516	SINGLE	1	100	182	14	3.961e-04	{T}
UPI00005AA51B	SINGLE	1	58	75	7	1.292e-05	{I}
UPI00005AA51B	SINGLE	2	48	63	5	2.574e-04	{F}
UPI00005AA51B	MULTIPLE	1	48	75	13	1.880e-07	{IF}
UPI00005AA51D	SINGLE	1	54	97	14	2.481e-09	{Q}
UPI00005AA51D	SINGLE	2	106	151	15	1.058e-06	{A}
UPI00005AA51D	SINGLE	3	100	121	8	8.192e-05	{S}
UPI00005AA51D	SINGLE	4	193	258	13	1.334e-04	{K}
UPI00005AA51D	SINGLE	5	173	210	7	4.150e-04	{Y}
UPI00005AA51D	SINGLE	6	168	192	6	4.915e-04	{N}
UPI00005AA51D	SINGLE	7	14	28	6	5.574e-04	{A}
UPI00005AA51D	MULTIPLE	1	100	151	24	8.077e-08	{AS}
UPI00005AA51D	MULTIPLE	2	168	261	31	2.466e-06	{KYN}
UPI00005AA51D	WHOLE	1	1	263	28	8.528e-06	{Q}
UPI00005AA51D	WHOLE	2	1	263	37	2.097e-04	{A}
UPI00005AA522	SINGLE	1	281	298	4	5.076e-04	{H}
UPI00005AA522	SINGLE	2	6	120	14	6.672e-04	{P}
UPI00005AA53B	SINGLE	1	19	223	29	7.694e-04	{A}
UPI00005AA54C	SINGLE	1	3	369	75	2.939e-11	{L}
UPI00005AA54C	SINGLE	2	149	357	11	2.618e-04	{W}
UPI00005AA54C	SINGLE	3	5	31	6	4.578e-04	{F}
UPI00005AA54C	SINGLE	4	66	80	5	4.635e-04	{R}
UPI00005AA54C	SINGLE	5	227	319	15	6.355e-04	{V}
UPI00005AA54C	MULTIPLE	1	3	369	142	7.423e-15	{LWFV}
UPI00005AA54C	WHOLE	1	1	372	75	5.631e-11	{L}
UPI00005AA560	SINGLE	1	25	59	14	1.333e-08	{V}
UPI00005AA560	SINGLE	2	75	94	5	5.484e-05	{H}
UPI00005AA560	SINGLE	3	39	71	8	9.503e-05	{P}
UPI00005AA560	SINGLE	4	1	21	4	9.292e-04	{M}
UPI00005AA560	MULTIPLE	1	25	71	23	1.176e-10	{VP}
UPI00005AA560	WHOLE	1	1	94	17	7.711e-05	{V}
UPI00005AA572	SINGLE	1	53	71	8	4.395e-05	{A}
UPI00005AA572	SINGLE	2	393	470	9	4.432e-05	{M}
UPI00005AA572	SINGLE	3	149	163	6	2.045e-04	{V}
UPI00005AA572	SINGLE	4	446	466	7	2.204e-04	{V}
UPI00005AA572	SINGLE	5	80	126	6	4.669e-04	{H}
UPI00005AA572	SINGLE	6	284	298	5	5.275e-04	{I}
UPI00005AA572	SINGLE	7	142	429	38	5.599e-04	{A}
UPI00005AA572	SINGLE	8	328	348	6	6.796e-04	{D}
UPI00005AA572	MULTIPLE	1	408	470	17	1.381e-05	{MV}
UPI00005AA572	WHOLE	1	1	572	66	4.340e-04	{A}
UPI00005AA594	SINGLE	1	6	238	43	4.990e-06	{L}
UPI00005AA594	SINGLE	2	221	253	9	1.576e-05	{R}
UPI00005AA594	SINGLE	3	112	146	11	4.044e-05	{A}
UPI00005AA594	MULTIPLE	1	4	253	95	2.801e-09	{LRA}
UPI00005AA594	WHOLE	1	1	255	44	2.061e-05	{L}
UPI00005AA5E2	SINGLE	1	11	399	47	2.158e-10	{N}
UPI00005AA5E2	SINGLE	2	58	278	31	1.215e-05	{T}
UPI00005AA5E2	SINGLE	3	377	392	5	4.085e-04	{Q}
UPI00005AA5E2	SINGLE	4	21	357	38	5.001e-04	{G}
UPI00005AA5E2	MULTIPLE	1	9	399	154	4.882e-16	{NTQG}
UPI00005AA5E2	WHOLE	1	1	401	47	5.801e-10	{N}
UPI00005AA5E2	WHOLE	2	1	401	44	9.819e-05	{T}
UPI00005AA5EC	SINGLE	1	152	166	4	5.704e-05	{W}
UPI00005AA5EC	SINGLE	2	5	127	25	8.063e-05	{L}
UPI00005AA5EC	SINGLE	3	283	299	7	1.565e-04	{A}
UPI00005AA5FC	SINGLE	1	209	376	27	8.320e-06	{E}
UPI00005AA5FC	SINGLE	2	136	154	6	1.006e-04	{Q}
UPI00005AA5FC	SINGLE	3	168	182	7	1.659e-04	{L}
UPI00005AA5FC	SINGLE	4	115	320	21	5.862e-04	{R}
UPI00005AA5FC	SINGLE	5	343	357	5	9.005e-04	{D}
UPI00005AA606	SINGLE	1	40	55	5	2.180e-04	{Y}
UPI00005AA60F	SINGLE	1	98	126	7	2.640e-04	{P}
UPI00005AA627	SINGLE	1	156	227	17	1.627e-04	{L}
UPI00005AA627	SINGLE	2	89	111	4	3.281e-04	{W}
UPI00005AA627	SINGLE	3	26	41	5	4.085e-04	{Q}
UPI00005AA645	SINGLE	1	8	22	8	2.783e-06	{S}
UPI00005AA645	SINGLE	2	26	70	11	1.072e-04	{G}
UPI00005AA645	SINGLE	3	5	62	15	1.343e-04	{L}
UPI00005AA645	SINGLE	4	133	169	9	3.925e-04	{E}
UPI00005AA645	MULTIPLE	1	8	53	21	2.587e-06	{SL}
UPI00005AA66E	SINGLE	1	107	136	6	8.147e-04	{F}
UPI00005AA690	SINGLE	1	37	85	9	1.810e-04	{N}
UPI00005AA690	SINGLE	2	36	61	5	2.039e-04	{M}
UPI00005AA690	SINGLE	3	53	177	14	2.860e-04	{F}
UPI00005AA690	SINGLE	4	9	30	6	4.771e-04	{I}
UPI00005AA690	SINGLE	5	117	140	7	5.412e-04	{E}
UPI00005AA690	MULTIPLE	1	36	87	15	5.712e-07	{NM}
UPI00005AA690	WHOLE	1	1	178	19	8.202e-04	{I}
UPI00005AA696	SINGLE	1	32	749	76	1.063e-05	{V}
UPI00005AA696	SINGLE	2	346	432	13	1.891e-04	{R}
UPI00005AA696	SINGLE	3	436	464	8	3.334e-04	{E}
UPI00005AA696	SINGLE	4	127	173	9	3.433e-04	{I}
UPI00005AA696	SINGLE	5	770	787	6	6.250e-04	{E}
UPI00005AA696	MULTIPLE	1	31	751	228	9.001e-09	{VREI}
UPI00005AA696	WHOLE	1	1	795	79	5.492e-05	{V}
UPI00005AA6D0	SINGLE	1	27	182	14	7.598e-06	{H}
UPI00005AA6D0	WHOLE	1	1	309	17	3.480e-04	{H}
UPI00005AA72E	SINGLE	1	79	132	8	1.925e-05	{H}
UPI00005AA72E	SINGLE	2	6	49	12	8.341e-05	{A}
UPI00005AA73B	SINGLE	1	26	143	14	4.257e-04	{Q}
UPI00005AA740	SINGLE	1	196	214	7	3.444e-04	{A}
UPI00005AA740	SINGLE	2	128	326	24	8.039e-04	{T}
UPI00005AA760	SINGLE	1	60	155	16	3.812e-04	{G}
UPI00005AA760	SINGLE	2	112	127	6	8.219e-04	{A}
UPI00005AA760	MULTIPLE	1	109	127	10	9.106e-05	{GA}
UPI00005AA762	SINGLE	1	204	218	6	3.887e-05	{R}
UPI00005AA762	SINGLE	2	19	56	9	5.213e-05	{R}
UPI00005AA762	SINGLE	3	96	259	20	1.208e-04	{I}
UPI00005AA762	SINGLE	4	7	34	8	8.667e-04	{A}
UPI00005AA762	MULTIPLE	1	91	260	36	3.951e-06	{RI}
UPI00005AA762	WHOLE	1	1	299	29	1.631e-04	{R}
UPI00005AA77D	SINGLE	1	81	113	12	3.445e-06	{A}
UPI00005AA77D	SINGLE	2	50	74	6	2.966e-04	{F}
UPI00005AA77D	SINGLE	3	22	40	6	3.810e-04	{D}
UPI00005AA786	SINGLE	1	7	25	6	1.006e-04	{Q}
UPI00005AA786	SINGLE	2	29	72	10	3.952e-04	{G}
UPI00005AA79B	SINGLE	1	24	244	45	2.103e-07	{L}
UPI00005AA79B	SINGLE	2	91	156	14	2.799e-06	{I}
UPI00005AA79B	SINGLE	3	145	187	7	3.410e-05	{M}
UPI00005AA79B	SINGLE	4	66	80	5	2.936e-04	{Q}
UPI00005AA79B	SINGLE	5	81	223	23	4.601e-04	{A}
UPI00005AA79B	MULTIPLE	1	21	245	105	1.101e-13	{LIMA}
UPI00005AA79B	WHOLE	1	1	247	45	4.385e-06	{L}
UPI00005AA79B	WHOLE	2	1	247	24	7.283e-04	{I}
UPI00005AA7B0	SINGLE	1	17	361	60	7.287e-07	{L}
UPI00005AA7B0	SINGLE	2	193	230	7	1.491e-05	{H}
UPI00005AA7B0	SINGLE	3	195	209	6	8.836e-05	{D}
UPI00005AA7B0	SINGLE	4	40	235	21	4.509e-04	{I}
UPI00005AA7B0	SINGLE	5	160	180	7	6.750e-04	{A}
UPI00005AA7B0	MULTIPLE	1	17	364	139	2.859e-11	{LHIA}
UPI00005AA7B0	WHOLE	1	1	366	60	4.627e-06	{L}
UPI00005AA7DA	SINGLE	1	88	102	6	1.598e-04	{T}
UPI00005AA7DA	SINGLE	2	40	295	40	3.300e-04	{L}
UPI00005AA7E0	SINGLE	1	39	247	42	7.190e-07	{L}
UPI00005AA7E0	SINGLE	2	140	154	7	6.097e-05	{A}
UPI00005AA7E0	SINGLE	3	24	238	28	2.858e-04	{G}
UPI00005AA7E0	SINGLE	4	94	108	5	4.635e-04	{R}
UPI00005AA7E0	MULTIPLE	1	39	247	108	9.393e-13	{LAGR}
UPI00005AA7E0	WHOLE	1	1	247	46	1.949e-06	{L}
UPI00005AA819	SINGLE	1	169	366	36	3.490e-05	{L}
UPI00005AA819	SINGLE	2	94	132	9	5.332e-05	{P}
UPI00005AA819	SINGLE	3	172	191	7	4.883e-04	{A}
UPI00005AA819	SINGLE	4	32	465	36	5.486e-04	{R}
UPI00005AA819	MULTIPLE	1	169	362	70	2.181e-06	{LAR}
UPI00005AA819	WHOLE	1	1	467	37	9.913e-04	{R}
UPI00005AA83E	SINGLE	1	181	230	10	1.153e-04	{I}
UPI00005AA83E	SINGLE	2	88	109	7	3.432e-04	{G}
UPI00005AA856	SINGLE	1	72	95	4	5.044e-04	{C}
UPI00005AA85E	SINGLE	1	13	112	16	9.198e-05	{D}
UPI00005AA85E	SINGLE	2	140	164	7	7.029e-04	{E}
UPI00005AA89E	SINGLE	1	104	394	44	1.231e-05	{A}
UPI00005AA89E	SINGLE	2	142	166	7	6.967e-04	{V}
UPI00005AA89E	WHOLE	1	1	422	55	7.307e-05	{A}
UPI00005AA8A0	SINGLE	1	96	207	15	2.500e-05	{F}
UPI00005AA8A0	SINGLE	2	3	79	17	3.633e-04	{L}
UPI00005AA8A0	SINGLE	3	4	208	21	7.718e-04	{I}
UPI00005AA8A0	MULTIPLE	1	4	208	42	1.525e-07	{FI}
UPI00005AA8A0	WHOLE	1	1	219	21	1.039e-04	{F}
UPI00005AA8A9	SINGLE	1	46	60	6	3.887e-05	{R}
UPI00005AA8A9	SINGLE	2	3	325	40	6.189e-05	{G}
UPI00005AA8A9	SINGLE	3	128	146	7	3.444e-04	{A}
UPI00005AA8A9	SINGLE	4	140	338	21	5.423e-04	{I}
UPI00005AA8A9	MULTIPLE	1	3	331	90	1.648e-07	{RGI}
UPI00005AA8A9	WHOLE	1	1	361	40	5.146e-04	{G}
UPI00005AA8E0	SINGLE	1	36	50	6	1.598e-04	{T}
UPI00005AA8E3	SINGLE	1	16	163	31	7.370e-06	{L}
UPI00005AA8EF	SINGLE	1	152	180	9	3.769e-05	{T}
UPI00005AA8EF	SINGLE	2	78	129	7	1.161e-04	{M}
UPI00005AA8EF	SINGLE	3	9	302	36	1.612e-04	{G}
UPI00005AA8EF	SINGLE	4	259	277	7	3.444e-04	{A}
UPI00005AA8EF	MULTIPLE	1	152	181	15	8.310e-07	{TG}
UPI00005AA8EF	WHOLE	1	1	303	36	2.763e-04	{G}
UPI00005AA8F7	SINGLE	1	219	239	7	3.384e-05	{R}
UPI00005AA8F7	SINGLE	2	111	201	13	4.265e-05	{F}
UPI00005AA8F7	SINGLE	3	41	59	7	1.246e-04	{G}
UPI00005AA8F7	SINGLE	4	64	106	6	2.895e-04	{H}
UPI00005AA8F7	SINGLE	5	7	22	5	4.085e-04	{Q}
UPI00005AA909	SINGLE	1	76	171	18	3.101e-05	{E}
UPI00005AA922	SINGLE	1	267	366	25	7.158e-13	{Q}
UPI00005AA922	SINGLE	2	265	385	21	2.427e-07	{R}
UPI00005AA922	SINGLE	3	75	130	11	2.038e-05	{Q}
UPI00005AA922	SINGLE	4	418	454	9	2.742e-04	{K}
UPI00005AA922	SINGLE	5	59	73	5	4.635e-04	{R}
UPI00005AA922	SINGLE	6	222	260	10	5.227e-04	{A}
UPI00005AA922	MULTIPLE	1	265	385	47	1.051e-18	{QR}
UPI00005AA922	WHOLE	1	1	456	47	3.520e-08	{Q}
UPI00005AA922	WHOLE	2	1	456	42	2.710e-05	{R}
UPI00005AA937	SINGLE	1	76	288	36	1.551e-07	{G}
UPI00005AA937	SINGLE	2	199	232	7	6.942e-06	{M}
UPI00005AA937	SINGLE	3	84	125	6	4.925e-05	{C}
UPI00005AA937	SINGLE	4	56	107	6	7.926e-04	{H}
UPI00005AA937	MULTIPLE	1	76	267	55	1.744e-09	{GMCH}
UPI00005AA937	WHOLE	1	1	364	45	2.532e-05	{G}
UPI00005AA97E	SINGLE	1	130	146	7	4.133e-04	{L}
UPI00005AA97E	SINGLE	2	195	220	8	5.129e-04	{A}
UPI00005AA9A2	SINGLE	1	114	201	15	4.420e-06	{Q}
UPI00005AA9A2	SINGLE	2	97	212	22	6.111e-05	{A}
UPI00005AA9A2	SINGLE	3	23	46	9	1.452e-04	{L}
UPI00005AA9A2	SINGLE	4	26	40	5	5.275e-04	{I}
UPI00005AA9A2	MULTIPLE	1	97	212	38	4.015e-09	{QA}
UPI00005AA9A2	MULTIPLE	2	23	46	14	5.407e-07	{LI}
UPI00005AA9A2	WHOLE	1	1	390	32	2.577e-04	{Q}
UPI00005AA9A6	SINGLE	1	850	865	8	9.559e-06	{A}
UPI00005AA9A6	SINGLE	2	840	854	7	2.093e-05	{G}
UPI00005AA9A6	SINGLE	3	305	319	6	3.887e-05	{R}
UPI00005AA9A6	SINGLE	4	423	765	47	7.059e-05	{A}
UPI00005AA9A6	SINGLE	5	90	110	6	1.066e-04	{F}
UPI00005AA9A6	SINGLE	6	352	366	5	2.936e-04	{Q}
UPI00005AA9A6	SINGLE	7	503	545	10	3.271e-04	{G}
UPI00005AA9A6	SINGLE	8	741	756	5	4.085e-04	{Q}
UPI00005AA9A6	SINGLE	9	768	839	13	4.904e-04	{V}
UPI00005AA9A6	SINGLE	10	564	581	4	5.076e-04	{H}
UPI00005AA9A6	SINGLE	11	357	438	14	5.471e-04	{E}
UPI00005AA9A6	SINGLE	12	112	212	7	6.839e-04	{W}
UPI00005AA9A6	SINGLE	13	113	152	9	7.051e-04	{E}
UPI00005AA9A6	SINGLE	14	142	157	5	7.294e-04	{I}
UPI00005AA9A6	SINGLE	15	174	205	8	7.569e-04	{G}
UPI00005AA9A6	MULTIPLE	1	840	865	15	3.534e-07	{AG}
UPI00005AA9A6	MULTIPLE	2	354	845	192	7.723e-09	{AGVE}
UPI00005AA9A6	MULTIPLE	3	112	214	41	1.131e-06	{WEIG}
UPI00005AA9A6	WHOLE	1	1	876	80	8.534e-04	{G}
UPI00005AA9A6	WHOLE	2	1	876	92	8.778e-04	{A}
UPI00005AA9BF	SINGLE	1	154	500	44	3.881e-09	{R}
UPI00005AA9BF	SINGLE	2	521	558	13	1.641e-05	{L}
UPI00005AA9BF	SINGLE	3	708	805	19	1.342e-04	{A}
UPI00005AA9BF	WHOLE	1	1	853	66	5.122e-05	{R}
UPI00005AA9BF	WHOLE	2	1	853	108	1.626e-04	{L}
UPI00005AA9BF	WHOLE	3	1	853	91	6.069e-04	{A}
UPI00005AA9C7	SINGLE	1	318	332	5	4.635e-04	{R}
UPI00005AA9C7	SINGLE	2	184	311	14	8.751e-04	{N}
UPI00005AA9C7	SINGLE	3	4	300	38	9.397e-04	{A}
UPI00005AA9C7	MULTIPLE	1	4	302	58	9.863e-05	{NA}
UPI00005AA9DF	SINGLE	1	115	135	8	2.978e-04	{L}
UPI00005AA9DF	SINGLE	2	92	118	8	6.718e-04	{A}
UPI00005AA9DF	MULTIPLE	1	107	127	13	4.662e-06	{LA}
UPI00005AA9F1	SINGLE	1	46	78	9	7.133e-06	{Q}
UPI00005AA9F1	SINGLE	2	17	38	5	8.914e-05	{M}
UPI00005AA9F1	WHOLE	1	1	107	13	5.321e-04	{Q}
UPI00005AA9F9	SINGLE	1	21	210	34	7.464e-05	{L}
UPI00005AA9F9	SINGLE	2	216	269	12	1.143e-04	{V}
UPI00005AA9F9	SINGLE	3	37	92	10	2.368e-04	{R}
UPI00005AA9F9	MULTIPLE	1	27	210	48	6.152e-06	{LR}
UPI00005AA9F9	WHOLE	1	1	311	46	4.279e-04	{L}
UPI00005AAA00	SINGLE	1	44	113	15	3.846e-08	{Y}
UPI00005AAA00	WHOLE	1	1	163	17	1.102e-04	{Y}
UPI00005AAA25	SINGLE	1	102	118	8	4.183e-06	{V}
UPI00005AAA25	SINGLE	2	48	68	9	4.358e-05	{L}
UPI00005AAA25	SINGLE	3	14	44	8	8.605e-05	{I}
UPI00005AAA25	SINGLE	4	73	93	8	1.005e-04	{A}
UPI00005AAA25	WHOLE	1	1	192	25	4.186e-04	{V}
UPI00005AAA40	SINGLE	1	2	24	10	1.417e-05	{L}
UPI00005AAA40	SINGLE	2	185	205	8	1.889e-05	{K}
UPI00005AAA40	SINGLE	3	321	475	13	3.129e-05	{M}
UPI00005AAA40	SINGLE	4	66	177	23	1.263e-04	{L}
UPI00005AAA40	SINGLE	5	178	211	8	1.404e-04	{R}
UPI00005AAA40	SINGLE	6	105	215	15	2.620e-04	{I}
UPI00005AAA40	SINGLE	7	278	292	5	4.135e-04	{P}
UPI00005AAA40	SINGLE	8	395	464	13	4.545e-04	{G}
UPI00005AAA40	SINGLE	9	19	58	10	6.421e-04	{A}
UPI00005AAA40	SINGLE	10	48	100	6	8.744e-04	{M}
UPI00005AAA40	SINGLE	11	22	63	7	9.333e-04	{F}
UPI00005AAA40	MULTIPLE	1	185	205	13	2.676e-08	{KR}
UPI00005AAA40	MULTIPLE	2	395	442	15	7.791e-06	{MG}
UPI00005AAA40	MULTIPLE	3	66	174	38	1.243e-06	{LIM}
UPI00005AAA40	MULTIPLE	4	19	63	17	5.167e-06	{AF}
UPI00005AAA40	WHOLE	1	1	499	24	1.965e-04	{M}
UPI00005AAA79	SINGLE	1	329	347	7	8.454e-06	{Q}
UPI00005AAA79	SINGLE	2	52	314	34	6.062e-05	{V}
UPI00005AAA79	SINGLE	3	32	53	7	3.432e-04	{G}
UPI00005AAA79	SINGLE	4	90	223	19	4.043e-04	{T}
UPI00005AAA79	SINGLE	5	8	22	6	5.574e-04	{A}
UPI00005AAA79	MULTIPLE	1	27	318	93	1.248e-07	{VGT}
UPI00005AAA85	SINGLE	1	162	196	7	8.489e-06	{H}
UPI00005AAA85	SINGLE	2	116	158	8	3.806e-04	{Q}
UPI00005AAA97	SINGLE	1	7	109	15	8.722e-05	{R}
UPI00005AAA9C	SINGLE	1	48	410	58	1.342e-05	{L}
UPI00005AAA9C	SINGLE	2	347	369	9	2.916e-05	{A}
UPI00005AAA9C	SINGLE	3	30	407	31	6.093e-05	{F}
UPI00005AAA9C	SINGLE	4	14	28	6	2.293e-04	{G}
UPI00005AAA9C	SINGLE	5	19	113	13	5.614e-04	{I}
UPI00005AAA9C	SINGLE	6	29	61	5	6.305e-04	{M}
UPI00005AAA9C	MULTIPLE	1	19	410	172	8.661e-12	{LAFIM}
UPI00005AAA9C	WHOLE	1	1	414	62	4.647e-05	{L}
UPI00005AAA9C	WHOLE	2	1	414	31	2.724e-04	{F}
UPI00005AAA9E	SINGLE	1	93	112	7	1.188e-04	{T}
UPI00005AAA9E	SINGLE	2	26	89	13	8.636e-04	{A}
UPI00005AAABD	SINGLE	1	34	62	8	2.094e-05	{Q}
UPI00005AAABD	SINGLE	2	136	157	7	3.432e-04	{G}
UPI00005AAABE	SINGLE	1	298	364	18	1.003e-09	{P}
UPI00005AAABE	SINGLE	2	120	241	23	2.565e-06	{V}
UPI00005AAABE	SINGLE	3	59	112	16	1.419e-05	{L}
UPI00005AAABE	SINGLE	4	331	363	11	2.209e-05	{A}
UPI00005AAABE	SINGLE	5	293	307	4	2.419e-04	{M}
UPI00005AAABE	SINGLE	6	13	27	5	5.275e-04	{I}
UPI00005AAABE	SINGLE	7	65	358	25	6.357e-04	{Q}
UPI00005AAABE	MULTIPLE	1	302	364	31	1.317e-12	{PA}
UPI00005AAABE	WHOLE	1	1	367	32	3.198e-04	{P}
UPI00005AAACC	SINGLE	1	90	104	5	4.135e-04	{P}
UPI00005AAAD8	SINGLE	1	7	380	76	2.900e-11	{L}
UPI00005AAAD8	SINGLE	2	294	308	8	1.266e-06	{V}
UPI00005AAAD8	SINGLE	3	497	592	17	2.369e-06	{R}
UPI00005AAAD8	SINGLE	4	107	587	25	4.851e-05	{M}
UPI00005AAAD8	SINGLE	5	92	131	11	1.490e-04	{A}
UPI00005AAAD8	SINGLE	6	488	563	8	2.146e-04	{H}
UPI00005AAAD8	SINGLE	7	28	48	7	2.506e-04	{G}
UPI00005AAAD8	SINGLE	8	574	590	6	4.457e-04	{E}
UPI00005AAAD8	SINGLE	9	16	41	8	5.129e-04	{A}
UPI00005AAAD8	SINGLE	10	6	350	26	6.751e-04	{F}
UPI00005AAAD8	MULTIPLE	1	6	564	311	5.283e-21	{LVMAGF}
UPI00005AAAD8	MULTIPLE	2	488	592	36	3.564e-08	{RHE}
UPI00005AAAD8	WHOLE	1	1	601	97	2.343e-08	{L}
UPI00005AAAD8	WHOLE	2	1	601	27	2.381e-04	{M}
UPI00005AAB04	SINGLE	1	53	201	30	2.173e-05	{L}
UPI00005AAB04	SINGLE	2	218	239	6	1.158e-04	{Y}
UPI00005AAB04	SINGLE	3	72	86	4	2.419e-04	{H}
UPI00005AAB04	SINGLE	4	137	154	5	7.186e-04	{N}
UPI00005AAB04	MULTIPLE	1	53	205	37	4.200e-06	{LH}
UPI00005AAB05	SINGLE	1	97	138	10	5.095e-04	{S}
UPI00005AAB05	SINGLE	2	25	203	30	5.149e-04	{L}
UPI00005AAB05	MULTIPLE	1	24	203	51	2.207e-05	{SL}
UPI00005AAB42	SINGLE	1	60	725	115	9.846e-16	{A}
UPI00005AAB42	SINGLE	2	29	62	6	1.437e-05	{C}
UPI00005AAB42	SINGLE	3	125	729	84	4.374e-05	{L}
UPI00005AAB42	SINGLE	4	36	55	7	2.968e-04	{S}
UPI00005AAB42	SINGLE	5	338	352	5	4.635e-04	{R}
UPI00005AAB42	SINGLE	6	66	104	9	5.782e-04	{V}
UPI00005AAB42	SINGLE	7	326	358	7	8.123e-04	{I}
UPI00005AAB42	MULTIPLE	1	60	729	249	1.778e-19	{ALI}
UPI00005AAB42	MULTIPLE	2	29	62	13	2.577e-06	{CS}
UPI00005AAB42	WHOLE	1	1	732	120	1.104e-14	{A}
UPI00005AAB42	WHOLE	2	1	732	90	9.773e-04	{L}
UPI00005AAB52	SINGLE	1	5	19	4	2.419e-04	{H}
UPI00005AAB74	SINGLE	1	65	298	40	2.513e-08	{G}
UPI00005AAB74	SINGLE	2	5	286	34	1.123e-06	{I}
UPI00005AAB74	SINGLE	3	1	393	23	1.645e-05	{M}
UPI00005AAB74	SINGLE	4	302	324	8	2.057e-04	{A}
UPI00005AAB74	MULTIPLE	1	5	396	156	1.761e-16	{GIMA}
UPI00005AAB74	WHOLE	1	1	637	54	4.675e-05	{I}
UPI00005AAB74	WHOLE	2	1	637	67	6.422e-05	{G}
UPI00005AAB7C	SINGLE	1	86	100	5	1.842e-04	{F}
UPI00005AAB7C	SINGLE	2	267	281	4	2.419e-04	{H}
UPI00005AAB7C	SINGLE	3	396	428	7	3.857e-04	{Q}
UPI00005AAB85	SINGLE	1	162	181	5	1.276e-05	{C}
UPI00005AAB85	SINGLE	2	82	96	5	5.275e-04	{I}
UPI00005AAB87	SINGLE	1	299	374	14	1.130e-06	{F}
UPI00005AAB87	SINGLE	2	259	387	18	4.773e-05	{I}
UPI00005AAB87	SINGLE	3	85	122	12	8.096e-05	{L}
UPI00005AAB87	SINGLE	4	295	315	8	1.005e-04	{A}
UPI00005AAB87	SINGLE	5	343	365	7	4.607e-04	{G}
UPI00005AAB87	SINGLE	6	53	150	16	4.760e-04	{G}
UPI00005AAB87	SINGLE	7	211	228	4	5.076e-04	{M}
UPI00005AAB87	SINGLE	8	162	329	22	7.868e-04	{V}
UPI00005AAB87	MULTIPLE	1	271	378	42	2.397e-09	{FIG}
UPI00005AAB87	MULTIPLE	2	53	150	36	2.797e-07	{LG}
UPI00005AAB87	MULTIPLE	3	169	315	42	3.670e-06	{AV}
UPI00005AAB87	WHOLE	1	1	402	57	3.146e-04	{L}
UPI00005AABC7	SINGLE	1	28	136	18	8.513e-07	{Q}
UPI00005AABC7	SINGLE	2	7	264	40	3.816e-04	{L}
UPI00005AABC7	SINGLE	3	10	24	6	5.574e-04	{A}
UPI00005AABDA	SINGLE	1	251	331	14	2.276e-05	{R}
UPI00005AABDA	SINGLE	2	297	466	30	2.259e-04	{L}
UPI00005AABDA	SINGLE	3	118	132	5	2.936e-04	{Q}
UPI00005AABDA	SINGLE	4	178	199	7	9.125e-04	{A}
UPI00005AABDA	MULTIPLE	1	246	466	59	2.959e-07	{RL}
UPI00005AABDA	WHOLE	1	1	469	38	6.046e-04	{R}
UPI00005AABE5	SINGLE	1	497	808	18	1.181e-06	{W}
UPI00005AABE5	SINGLE	2	786	870	14	2.988e-05	{P}
UPI00005AABE5	SINGLE	3	13	281	39	8.232e-05	{A}
UPI00005AABE5	SINGLE	4	410	996	61	1.644e-04	{G}
UPI00005AABE5	SINGLE	5	422	436	4	2.419e-04	{M}
UPI00005AABE5	MULTIPLE	1	410	985	97	4.895e-07	{WGM}
UPI00005AABE5	WHOLE	1	1	1015	92	5.440e-04	{G}
UPI00005AABE5	WHOLE	2	1	1015	28	8.916e-04	{W}
UPI00005AABE9	SINGLE	1	124	144	6	1.841e-04	{Q}
UPI00005AABE9	SINGLE	2	113	127	5	5.275e-04	{I}
UPI00005AABE9	MULTIPLE	1	113	137	10	3.527e-05	{QI}
UPI00005AABF9	SINGLE	1	337	353	8	1.664e-05	{A}
UPI00005AABF9	SINGLE	2	61	333	44	9.610e-05	{L}
UPI00005AABF9	SINGLE	3	141	219	15	1.124e-04	{V}
UPI00005AABF9	SINGLE	4	256	293	7	9.131e-04	{Q}
UPI00005AABF9	MULTIPLE	1	56	333	72	4.102e-06	{LV}
UPI00005AAC33	SINGLE	1	37	51	7	1.659e-04	{L}
UPI00005AAC33	SINGLE	2	39	125	8	5.223e-04	{H}
UPI00005AAC3D	SINGLE	1	86	200	31	5.975e-10	{A}
UPI00005AAC3D	SINGLE	2	18	70	12	9.512e-05	{V}
UPI00005AAC3D	SINGLE	3	274	299	8	1.697e-04	{G}
UPI00005AAC3D	WHOLE	1	1	343	52	2.217e-06	{A}
UPI00005AAC57	SINGLE	1	100	487	46	5.495e-05	{G}
UPI00005AAC88	SINGLE	1	720	736	8	5.235e-05	{L}
UPI00005AAC88	SINGLE	2	768	807	8	1.172e-04	{F}
UPI00005AAC88	SINGLE	3	110	157	12	1.988e-04	{A}
UPI00005AAC88	SINGLE	4	646	669	8	2.843e-04	{A}
UPI00005AAC88	SINGLE	5	50	78	8	3.334e-04	{E}
UPI00005AAC88	SINGLE	6	643	849	22	3.792e-04	{I}
UPI00005AAC88	SINGLE	7	103	199	13	6.782e-04	{I}
UPI00005AAC88	MULTIPLE	1	643	853	38	1.188e-05	{FI}
UPI00005AAC88	MULTIPLE	2	103	202	29	9.127e-06	{AI}
UPI00005AAC88	WHOLE	1	1	898	108	7.851e-04	{L}
UPI00005AACAD	SINGLE	1	96	124	7	1.682e-04	{Q}
UPI00005AACAD	SINGLE	2	13	85	11	5.164e-04	{R}
UPI00005AACBD	SINGLE	1	26	71	9	2.379e-04	{R}
UPI00005AACC1	SINGLE	1	153	167	7	1.659e-04	{L}
UPI00005AACC1	SINGLE	2	65	94	10	1.894e-04	{L}
UPI00005AACC1	SINGLE	3	107	121	5	4.635e-04	{R}
UPI00005ADA08	SINGLE	1	6	25	9	2.743e-05	{L}
UPI00005ADA08	SINGLE	2	72	243	22	2.954e-05	{I}
UPI00005ADA08	SINGLE	3	18	38	6	1.841e-04	{Q}
UPI00005ADA08	MULTIPLE	1	6	38	17	1.945e-07	{LQ}
UPI00005ADA08	WHOLE	1	1	244	26	1.241e-04	{I}
UPI00005ADA09	SINGLE	1	166	388	28	3.422e-07	{N}
UPI00005ADA09	SINGLE	2	140	162	8	1.473e-06	{F}
UPI00005ADA09	SINGLE	3	32	342	35	3.618e-06	{I}
UPI00005ADA09	SINGLE	4	317	357	7	6.587e-04	{Y}
UPI00005ADA09	MULTIPLE	1	32	379	69	7.562e-10	{NI}
UPI00005ADA09	WHOLE	1	1	393	38	2.417e-06	{N}
UPI00005ADA09	WHOLE	2	1	393	36	1.635e-04	{I}
UPI00005ADA0C	SINGLE	1	2	75	13	4.874e-05	{I}
UPI00005ADA0C	SINGLE	2	70	112	11	5.858e-05	{E}
UPI00005ADA0C	MULTIPLE	1	8	112	28	9.000e-06	{IE}
UPI00005ADA0C	WHOLE	1	1	120	15	5.778e-04	{I}
UPI00005ADA10	SINGLE	1	130	195	13	1.426e-05	{I}
UPI00005ADA10	SINGLE	2	180	205	6	1.590e-05	{M}
UPI00005ADA10	SINGLE	3	74	90	6	4.887e-05	{N}
UPI00005ADA10	SINGLE	4	5	36	8	1.091e-04	{I}
UPI00005ADA10	SINGLE	5	50	65	4	3.155e-04	{M}
UPI00005ADA10	MULTIPLE	1	130	211	20	6.990e-07	{IM}
UPI00005ADA10	WHOLE	1	1	221	26	2.606e-05	{I}
UPI00005ADA16	SINGLE	1	6	22	8	5.235e-05	{L}
UPI00005ADA17	SINGLE	1	2	55	10	2.194e-04	{I}
UPI00005ADA17	WHOLE	1	1	59	10	4.474e-04	{I}
UPI00005E2EC0	SINGLE	1	185	256	15	2.861e-04	{A}
UPI00005E2EC0	SINGLE	2	2	38	9	3.882e-04	{V}
UPI00005E2EC0	SINGLE	3	84	154	7	7.599e-04	{M}
UPI00005E326D	SINGLE	1	15	111	31	5.196e-12	{A}
UPI00005E326D	SINGLE	2	45	96	15	3.099e-07	{K}
UPI00005E326D	SINGLE	3	33	52	9	1.124e-06	{T}
UPI00005E326D	SINGLE	4	53	99	8	6.791e-06	{H}
UPI00005E326D	SINGLE	5	57	108	9	2.934e-04	{Q}
UPI00005E326D	MULTIPLE	1	27	108	68	3.069e-26	{AKTHQ}
UPI00005E326D	WHOLE	1	1	111	31	2.308e-10	{A}
UPI00005E326D	WHOLE	2	1	111	20	1.066e-05	{K}
UPI00005E32CC	SINGLE	1	133	177	9	4.503e-05	{F}
UPI00005E32CC	WHOLE	1	1	212	19	4.594e-04	{F}
UPI00005E33A6	SINGLE	1	43	98	9	2.990e-06	{M}
UPI00005E33A6	SINGLE	2	76	188	17	5.980e-06	{Q}
UPI00005E33A6	SINGLE	3	100	117	7	9.109e-06	{P}
UPI00005E33A6	SINGLE	4	257	278	9	1.926e-05	{A}
UPI00005E33A6	SINGLE	5	9	31	8	2.057e-04	{A}
UPI00005E33A6	MULTIPLE	1	35	188	42	2.066e-08	{MQP}
UPI00005E34F6	SINGLE	1	26	40	8	5.833e-08	{Q}
UPI00005E34F6	SINGLE	2	7	196	33	8.393e-06	{A}
UPI00005E34F6	SINGLE	3	128	145	6	4.810e-04	{K}
UPI00005E34F6	MULTIPLE	1	2	196	52	1.483e-06	{AK}
UPI00005E34F6	WHOLE	1	1	210	34	2.661e-05	{A}
UPI00005E351B	SINGLE	1	1	21	5	7.041e-05	{M}
UPI00005E351B	SINGLE	2	62	144	13	4.684e-04	{D}
UPI00005E351B	SINGLE	3	19	42	7	9.823e-04	{S}
UPI00005E351B	MULTIPLE	1	1	42	13	6.452e-05	{MS}
UPI00005E36F1	SINGLE	1	7	45	9	1.934e-04	{D}
UPI00005E36F1	SINGLE	2	52	81	8	4.252e-04	{E}
UPI00005E3A8E	SINGLE	1	204	879	70	1.310e-09	{R}
UPI00005E3A8E	SINGLE	2	71	699	95	6.077e-07	{L}
UPI00005E3A8E	SINGLE	3	402	690	21	1.548e-06	{H}
UPI00005E3A8E	SINGLE	4	776	791	5	4.085e-04	{Q}
UPI00005E3A8E	SINGLE	5	13	27	5	4.135e-04	{P}
UPI00005E3A8E	MULTIPLE	1	70	884	276	2.438e-19	{RLHQ}
UPI00005E3A8E	WHOLE	1	1	890	78	1.747e-07	{R}
UPI00005E3A8E	WHOLE	2	1	890	122	2.799e-06	{L}
UPI00005E3A8E	WHOLE	3	1	890	37	1.045e-04	{H}
UPI00005E3ADE	SINGLE	1	48	512	52	8.448e-05	{G}
UPI00005E3ADE	SINGLE	2	11	40	10	1.894e-04	{L}
UPI00005E3ADE	SINGLE	3	179	194	5	4.001e-04	{N}
UPI00005E3ADE	SINGLE	4	113	128	6	5.323e-04	{S}
UPI00005E3ADE	SINGLE	5	307	322	6	5.323e-04	{S}
UPI00005E3ADE	SINGLE	6	367	381	6	5.574e-04	{A}
UPI00005E3ADE	WHOLE	1	1	620	60	9.052e-04	{G}
UPI00005E3AEE	SINGLE	1	94	196	22	4.910e-07	{V}
UPI00005E3AEE	SINGLE	2	245	270	12	9.194e-07	{L}
UPI00005E3AEE	SINGLE	3	551	575	8	6.296e-06	{Q}
UPI00005E3AEE	SINGLE	4	156	242	9	1.023e-04	{M}
UPI00005E3AEE	SINGLE	5	28	93	15	1.084e-04	{A}
UPI00005E3AEE	SINGLE	6	187	253	11	2.505e-04	{R}
UPI00005E3AEE	SINGLE	7	304	337	7	4.647e-04	{Q}
UPI00005E3AEE	MULTIPLE	1	121	246	42	7.135e-09	{VMR}
UPI00005E3AEE	WHOLE	1	1	593	84	2.259e-05	{L}
UPI00005E3AEE	WHOLE	2	1	593	57	8.515e-04	{V}
UPI00005E3B30	SINGLE	1	13	163	27	2.957e-05	{A}
UPI00005E3B30	SINGLE	2	37	121	13	5.740e-05	{Q}
UPI00005E3B30	MULTIPLE	1	20	155	38	3.877e-07	{AQ}
UPI00005E3B30	WHOLE	1	1	248	33	9.985e-04	{A}
UPI00005E3B38	SINGLE	1	73	438	56	5.673e-05	{L}
UPI00005E3B38	SINGLE	2	45	68	7	1.037e-04	{I}
UPI00005E3B38	SINGLE	3	233	363	9	1.369e-04	{W}
UPI00005E3B38	SINGLE	4	194	208	4	2.419e-04	{M}
UPI00005E3B38	SINGLE	5	22	240	20	2.694e-04	{F}
UPI00005E3B38	SINGLE	6	18	48	5	4.717e-04	{M}
UPI00005E3B38	SINGLE	7	154	185	7	4.933e-04	{P}
UPI00005E3B38	SINGLE	8	409	482	11	7.239e-04	{I}
UPI00005E3B38	SINGLE	9	413	468	11	7.395e-04	{G}
UPI00005E3B38	MULTIPLE	1	8	486	240	4.399e-15	{LWMFPIG}
UPI00005E3B38	MULTIPLE	2	18	68	13	3.427e-05	{IM}
UPI00005E3B38	WHOLE	1	1	487	67	2.546e-04	{L}
UPI00005E3B38	WHOLE	2	1	487	41	3.371e-04	{I}
UPI00005E3B38	WHOLE	3	1	487	17	7.922e-04	{W}
UPI00005E3B40	SINGLE	1	46	121	12	3.082e-05	{F}
UPI00005E3B40	WHOLE	1	1	127	14	3.332e-04	{F}
UPI00005E3B4F	SINGLE	1	7	29	11	3.491e-07	{A}
UPI00005E3B4F	SINGLE	2	78	299	28	1.636e-04	{K}
UPI00005E3B68	SINGLE	1	8	179	26	4.603e-05	{G}
UPI00005E3B68	SINGLE	2	190	301	15	7.552e-05	{Q}
UPI00005E3B68	SINGLE	3	80	222	16	9.214e-04	{R}
UPI00005E3B68	MULTIPLE	1	6	232	50	2.211e-06	{GR}
UPI00005E3B70	SINGLE	1	36	120	12	2.260e-04	{Q}
UPI00005E3B70	SINGLE	2	137	189	6	8.744e-04	{M}
UPI00005E3BDD	SINGLE	1	72	87	9	7.229e-07	{A}
UPI00005E3BDD	SINGLE	2	16	250	37	4.492e-04	{L}
UPI00005E3BDD	SINGLE	3	265	279	5	4.635e-04	{R}
UPI00005E3C0F	SINGLE	1	143	159	4	1.265e-04	{C}
UPI00005E3C0F	SINGLE	2	99	136	6	1.464e-04	{H}
UPI00005E3C0F	SINGLE	3	13	43	8	6.079e-04	{G}
UPI00005E3C10	SINGLE	1	133	160	9	3.942e-05	{V}
UPI00005E3C10	SINGLE	2	39	127	13	3.069e-04	{I}
UPI00005E3C10	SINGLE	3	87	138	11	3.946e-04	{G}
UPI00005E3C10	MULTIPLE	1	95	160	23	4.249e-06	{VG}
UPI00005E3C9B	SINGLE	1	93	113	6	4.184e-06	{H}
UPI00005E3CCB	SINGLE	1	2	287	32	5.714e-06	{R}
UPI00005E3CCB	SINGLE	2	459	473	7	6.097e-05	{A}
UPI00005E3CCB	SINGLE	3	553	577	8	3.852e-04	{A}
UPI00005E3CCB	SINGLE	4	309	544	29	5.563e-04	{G}
UPI00005E3CCB	SINGLE	5	305	408	18	7.431e-04	{A}
UPI00005E3CCB	SINGLE	6	29	439	38	7.701e-04	{D}
UPI00005E3CCB	MULTIPLE	1	26	421	71	1.748e-06	{RD}
UPI00005E3CCB	MULTIPLE	2	305	534	58	6.628e-06	{AG}
UPI00005E3CE7	SINGLE	1	251	446	30	7.212e-06	{V}
UPI00005E3CE7	SINGLE	2	247	540	35	3.158e-04	{G}
UPI00005E3CE7	SINGLE	3	187	201	5	4.635e-04	{R}
UPI00005E3CE7	SINGLE	4	329	343	5	4.635e-04	{R}
UPI00005E3CE7	SINGLE	5	272	382	16	8.616e-04	{K}
UPI00005E3CE7	SINGLE	6	643	657	5	9.005e-04	{D}
UPI00005E3CE7	MULTIPLE	1	265	524	103	1.133e-08	{VGRK}
UPI00005E3D19	SINGLE	1	61	168	23	7.310e-05	{L}
UPI00005E3D19	SINGLE	2	109	154	11	5.269e-04	{A}
UPI00005E3D19	MULTIPLE	1	81	157	31	8.911e-07	{LA}
UPI00005E3D19	WHOLE	1	1	217	35	4.036e-04	{L}
UPI00005E3EEF	SINGLE	1	6	30	11	9.775e-07	{A}
UPI00005E3EEF	SINGLE	2	256	272	5	9.825e-04	{I}
UPI00005E3EEF	WHOLE	1	1	285	38	4.672e-04	{A}
UPI00005E3F3D	SINGLE	1	20	34	8	5.187e-06	{A}
UPI00005E3F3D	SINGLE	2	186	299	15	2.004e-04	{P}
UPI00005E3F3D	SINGLE	3	37	51	5	2.936e-04	{Q}
UPI00005E3F3D	SINGLE	4	11	266	40	3.300e-04	{L}
UPI00005E3F3D	MULTIPLE	1	49	270	51	8.350e-05	{PL}
UPI00005E3F56	SINGLE	1	227	263	13	5.680e-09	{P}
UPI00005E3F56	SINGLE	2	89	109	8	3.114e-05	{G}
UPI00005E3F56	SINGLE	3	5	20	7	9.989e-05	{A}
UPI00005E3F56	SINGLE	4	194	215	6	4.110e-04	{R}
UPI00005E3F56	WHOLE	1	1	274	25	6.660e-04	{P}
UPI00005E3FBE	SINGLE	1	31	266	35	1.145e-04	{A}
UPI00005E3FBE	SINGLE	2	13	199	25	3.871e-04	{G}
UPI00005E3FBE	MULTIPLE	1	13	267	66	6.973e-07	{AG}
UPI00005E3FBE	WHOLE	1	1	270	36	6.263e-04	{A}
UPI00005E4010	SINGLE	1	2	307	41	2.769e-04	{A}
UPI00005E4010	SINGLE	2	125	141	4	4.036e-04	{M}
UPI00005E4010	MULTIPLE	1	1	307	52	6.120e-05	{AM}
UPI00005E4010	WHOLE	1	1	343	43	7.265e-04	{A}
UPI00005E403F	SINGLE	1	323	344	6	1.158e-04	{Y}
UPI00005E403F	SINGLE	2	20	34	6	1.598e-04	{T}
UPI00005E403F	SINGLE	3	44	84	8	2.740e-04	{Q}
UPI00005E403F	SINGLE	4	215	328	17	8.846e-04	{G}
UPI00005E403F	MULTIPLE	1	215	344	28	9.042e-05	{YG}
UPI00005E4044	SINGLE	1	5	104	23	2.164e-05	{L}
UPI00005E4044	SINGLE	2	73	141	7	6.935e-05	{W}
UPI00005E4044	SINGLE	3	2	17	6	5.323e-04	{S}
UPI00005E4044	MULTIPLE	1	2	121	44	5.508e-07	{LWS}
UPI00005E4044	WHOLE	1	1	142	26	3.096e-04	{L}
UPI00005E409B	SINGLE	1	163	177	6	2.045e-04	{V}
UPI00005E409B	SINGLE	2	78	96	7	3.444e-04	{A}
UPI00005E409B	SINGLE	3	266	297	5	5.468e-04	{H}
UPI00005E409B	SINGLE	4	374	388	5	9.005e-04	{D}
UPI00005E40AA	SINGLE	1	192	208	4	1.265e-04	{C}
UPI00005E41AB	SINGLE	1	27	422	54	1.487e-11	{I}
UPI00005E41AB	SINGLE	2	96	401	34	4.368e-08	{F}
UPI00005E41AB	SINGLE	3	405	421	9	5.304e-06	{L}
UPI00005E41AB	SINGLE	4	162	176	6	2.045e-04	{V}
UPI00005E41AB	MULTIPLE	1	47	389	82	5.637e-17	{IF}
UPI00005E41AB	WHOLE	1	1	423	54	1.720e-10	{I}
UPI00005E41AB	WHOLE	2	1	423	37	3.594e-06	{F}
UPI00005E41BD	SINGLE	1	1	15	5	1.186e-05	{M}
UPI00005E41BD	SINGLE	2	64	93	6	8.147e-04	{F}
UPI00005E4200	SINGLE	1	14	28	9	6.835e-08	{V}
UPI00005E4200	WHOLE	1	1	32	9	1.224e-04	{V}
UPI00005E4201	SINGLE	1	186	211	11	1.562e-06	{A}
UPI00005E4201	SINGLE	2	19	387	37	2.377e-05	{I}
UPI00005E4201	SINGLE	3	242	263	5	8.914e-05	{M}
UPI00005E4201	SINGLE	4	414	428	6	2.293e-04	{G}
UPI00005E4201	SINGLE	5	318	525	20	4.792e-04	{Q}
UPI00005E4201	SINGLE	6	57	98	10	9.468e-04	{A}
UPI00005E4201	MULTIPLE	1	25	528	163	1.262e-12	{AIMQ}
UPI00005E4201	WHOLE	1	1	562	72	1.379e-05	{A}
UPI00005E4201	WHOLE	2	1	562	47	1.673e-04	{I}
UPI00005E4281	SINGLE	1	8	214	33	4.572e-05	{A}
UPI00005E4281	SINGLE	2	19	104	12	7.465e-04	{I}
UPI00005E4281	MULTIPLE	1	8	214	48	1.459e-05	{AI}
UPI00005E4281	WHOLE	1	1	220	33	1.397e-04	{A}
UPI00005E42A7	SINGLE	1	148	162	5	5.275e-04	{I}
UPI00005E42C5	SINGLE	1	19	50	11	5.110e-08	{Q}
UPI00005E42C5	SINGLE	2	103	120	9	9.630e-06	{L}
UPI00005E42D0	SINGLE	1	184	217	12	2.412e-05	{L}
UPI00005E42D0	SINGLE	2	161	249	16	1.306e-04	{V}
UPI00005E42D0	SINGLE	3	67	122	10	2.368e-04	{R}
UPI00005E42D0	MULTIPLE	1	176	234	27	3.933e-08	{LV}
UPI00005E42D0	WHOLE	1	1	252	38	8.181e-04	{L}
UPI00005E431A	SINGLE	1	26	102	16	1.914e-04	{A}
UPI00005E431A	SINGLE	2	167	230	11	5.629e-04	{D}
UPI00005E434A	SINGLE	1	48	62	6	2.045e-04	{V}
UPI00005E436C	SINGLE	1	41	76	5	2.398e-04	{C}
UPI00005E436E	SINGLE	1	42	60	8	4.395e-05	{A}
UPI00005E436E	SINGLE	2	63	397	33	4.937e-05	{R}
UPI00005E436E	SINGLE	3	4	423	61	1.165e-04	{L}
UPI00005E436E	SINGLE	4	67	84	6	1.453e-04	{I}
UPI00005E436E	SINGLE	5	254	363	19	5.627e-04	{A}
UPI00005E436E	MULTIPLE	1	4	423	140	2.555e-08	{ALI}
UPI00005E436E	MULTIPLE	2	63	383	66	2.047e-05	{RA}
UPI00005E436E	WHOLE	1	1	426	61	1.659e-04	{L}
UPI00005E436E	WHOLE	2	1	426	35	7.386e-04	{R}
UPI00005E4388	SINGLE	1	5	86	13	6.601e-10	{C}
UPI00005E4388	WHOLE	1	1	287	17	3.996e-06	{C}
UPI00005EE28B	SINGLE	1	4	66	10	1.289e-04	{F}
UPI00005EE28B	WHOLE	1	1	67	10	2.132e-04	{F}
UPI00005EE914	SINGLE	1	22	102	9	5.931e-05	{H}
UPI00005EE914	SINGLE	2	110	192	19	1.089e-04	{L}
UPI00005EE915	SINGLE	1	245	264	8	1.772e-05	{V}
UPI00005EE915	SINGLE	2	21	384	34	1.686e-04	{I}
UPI00005EE915	SINGLE	3	59	225	17	2.176e-04	{F}
UPI00005EE915	SINGLE	4	3	381	54	3.821e-04	{L}
UPI00005EE915	MULTIPLE	1	12	379	143	4.305e-10	{VIFL}
UPI00005EE915	WHOLE	1	1	395	55	5.660e-04	{L}
UPI00005EE915	WHOLE	2	1	395	34	6.446e-04	{I}
UPI00005EE953	SINGLE	1	3	21	8	1.342e-04	{L}
UPI00005EE953	SINGLE	2	8	27	7	2.968e-04	{S}
UPI00005EE953	SINGLE	3	78	213	19	4.809e-04	{T}
UPI00005EE953	MULTIPLE	1	6	27	14	7.828e-07	{LS}
UPI00005EE958	SINGLE	1	34	194	32	6.411e-07	{A}
UPI00005EE958	SINGLE	2	375	396	7	3.023e-04	{V}
UPI00005EE958	SINGLE	3	195	460	31	8.544e-04	{G}
UPI00005EE958	MULTIPLE	1	195	453	57	2.750e-05	{VG}
UPI00005EE958	WHOLE	1	1	474	58	2.311e-04	{A}
UPI00005EE959	SINGLE	1	27	221	39	1.908e-06	{L}
UPI00005EE959	SINGLE	2	73	153	17	1.103e-04	{A}
UPI00005EE959	SINGLE	3	20	310	25	1.387e-04	{F}
UPI00005EE959	SINGLE	4	108	132	5	1.683e-04	{M}
UPI00005EE959	MULTIPLE	1	20	313	122	1.261e-12	{LAFM}
UPI00005EE959	WHOLE	1	1	313	52	1.227e-05	{L}
UPI00005EE959	WHOLE	2	1	313	25	3.856e-04	{F}
UPI00005EE970	SINGLE	1	3	196	43	3.317e-08	{L}
UPI00005EE970	SINGLE	2	158	185	5	5.110e-05	{W}
UPI00005EE970	MULTIPLE	1	9	196	48	5.309e-09	{LW}
UPI00005EE970	WHOLE	1	1	201	43	9.361e-08	{L}
UPI00005EE97F	SINGLE	1	30	44	6	4.559e-05	{I}
UPI00005EE984	SINGLE	1	99	120	6	4.771e-04	{I}
UPI00005EE985	SINGLE	1	162	176	4	2.419e-04	{M}
UPI00005EE985	SINGLE	2	86	117	8	6.680e-04	{E}
UPI00005EE98A	SINGLE	1	182	427	48	2.778e-09	{A}
UPI00005EE98A	SINGLE	2	309	399	14	2.878e-05	{Q}
UPI00005EE98A	SINGLE	3	130	269	12	4.999e-05	{H}
UPI00005EE98A	SINGLE	4	93	336	32	1.060e-04	{G}
UPI00005EE98A	SINGLE	5	193	219	8	1.953e-04	{V}
UPI00005EE98A	MULTIPLE	1	93	403	138	1.326e-13	{AQGV}
UPI00005EE98A	WHOLE	1	1	436	65	2.783e-07	{A}
UPI00005EE995	SINGLE	1	147	163	6	4.421e-04	{V}
UPI00005EE996	SINGLE	1	164	185	7	2.300e-04	{T}
UPI00005EE996	SINGLE	2	35	299	22	3.127e-04	{Y}
UPI00005EE996	SINGLE	3	77	288	24	4.596e-04	{D}
UPI00005EE996	MULTIPLE	1	77	292	55	5.381e-05	{TYD}
UPI00005EE99B	SINGLE	1	173	222	7	9.061e-05	{H}
UPI00005EE99B	SINGLE	2	10	30	5	9.823e-04	{F}
UPI00005EE99C	SINGLE	1	150	164	7	1.824e-05	{V}
UPI00005EE99C	SINGLE	2	73	269	27	1.652e-04	{G}
UPI00005EE99C	SINGLE	3	137	284	23	7.204e-04	{A}
UPI00005EE99C	SINGLE	4	169	231	10	7.436e-04	{I}
UPI00005EE99C	MULTIPLE	1	149	265	58	2.345e-08	{VGAI}
UPI00005EE9B6	SINGLE	1	100	124	7	1.370e-04	{I}
UPI00005EE9B6	SINGLE	2	289	318	7	2.099e-04	{Q}
UPI00005EE9BD	SINGLE	1	40	145	17	1.301e-05	{I}
UPI00005EE9BD	WHOLE	1	1	155	20	5.711e-05	{I}
UPI00005EE9BE	SINGLE	1	26	66	11	6.979e-04	{L}
UPI00005EE9BE	SINGLE	2	100	132	7	8.123e-04	{I}
UPI00005EE9C6	SINGLE	1	59	236	27	1.271e-08	{Q}
UPI00005EE9C6	SINGLE	2	122	234	20	3.081e-04	{A}
UPI00005EE9C6	MULTIPLE	1	57	236	51	3.127e-09	{QA}
UPI00005EE9C6	WHOLE	1	1	236	29	3.692e-07	{Q}
UPI00005EE9D0	SINGLE	1	25	250	14	7.604e-06	{W}
UPI00005EE9D0	SINGLE	2	249	271	5	1.114e-04	{M}
UPI00005EE9D0	WHOLE	1	1	368	16	1.163e-04	{W}
UPI00005EE9D4	SINGLE	1	192	558	51	3.215e-07	{G}
UPI00005EE9D4	SINGLE	2	636	665	12	1.073e-06	{A}
UPI00005EE9D4	SINGLE	3	137	153	7	3.459e-06	{N}
UPI00005EE9D4	SINGLE	4	504	593	15	5.529e-06	{N}
UPI00005EE9D4	SINGLE	5	147	416	31	6.912e-05	{D}
UPI00005EE9D4	SINGLE	6	60	75	4	7.491e-05	{W}
UPI00005EE9D4	SINGLE	7	376	391	6	2.357e-04	{K}
UPI00005EE9D4	SINGLE	8	7	26	6	2.742e-04	{I}
UPI00005EE9D4	SINGLE	9	74	126	9	5.708e-04	{P}
UPI00005EE9D4	SINGLE	10	567	601	9	9.458e-04	{A}
UPI00005EE9D4	MULTIPLE	1	147	560	126	1.015e-09	{GDK}
UPI00005EE9D4	MULTIPLE	2	69	126	14	7.005e-06	{WP}
UPI00005EE9D4	WHOLE	1	1	686	66	6.347e-04	{G}
UPI00005EE9D5	SINGLE	1	243	282	9	7.925e-05	{R}
UPI00005EE9D5	SINGLE	2	106	125	8	2.030e-04	{L}
UPI00005EE9D5	SINGLE	3	36	50	5	2.936e-04	{Q}
UPI00005EE9D7	SINGLE	1	216	232	7	5.515e-05	{G}
UPI00005EE9D7	SINGLE	2	72	90	5	5.171e-04	{Y}
UPI00005EE9D7	SINGLE	3	166	181	5	5.733e-04	{P}
UPI00005EE9DE	SINGLE	1	11	46	9	3.656e-04	{G}
UPI00005EE9DE	SINGLE	2	8	155	17	6.776e-04	{I}
UPI00005EE9DE	SINGLE	3	267	338	10	7.724e-04	{N}
UPI00005EE9DE	MULTIPLE	1	8	159	36	1.242e-05	{GI}
UPI00005EE9DF	SINGLE	1	185	204	9	7.656e-06	{A}
UPI00005EE9DF	SINGLE	2	461	477	5	2.339e-05	{H}
UPI00005EE9DF	SINGLE	3	547	662	14	1.353e-04	{F}
UPI00005EE9DF	SINGLE	4	4	24	6	2.747e-04	{P}
UPI00005EE9DF	SINGLE	5	538	624	16	7.328e-04	{A}
UPI00005EE9DF	MULTIPLE	1	544	634	25	2.358e-05	{FA}
UPI00005EE9E8	SINGLE	1	119	214	23	1.099e-05	{L}
UPI00005EE9E8	SINGLE	2	10	24	5	1.186e-05	{H}
UPI00005EE9E8	SINGLE	3	46	263	23	2.189e-04	{R}
UPI00005EE9E8	MULTIPLE	1	43	263	58	6.587e-07	{LR}
UPI00005EE9E8	WHOLE	1	1	268	41	4.250e-04	{L}
UPI00005EE9E9	SINGLE	1	139	153	5	1.186e-05	{M}
UPI00005EE9E9	SINGLE	2	47	131	17	1.980e-04	{A}
UPI00005EE9E9	SINGLE	3	29	68	9	8.070e-04	{G}
UPI00005EE9E9	MULTIPLE	1	29	131	30	6.040e-05	{AG}
UPI00005EE9E9	WHOLE	1	1	254	34	7.868e-04	{A}
UPI00005EE9F3	SINGLE	1	3	495	88	8.853e-10	{L}
UPI00005EE9F3	SINGLE	2	88	161	11	7.239e-04	{I}
UPI00005EE9F3	SINGLE	3	349	389	9	9.654e-04	{G}
UPI00005EE9F3	WHOLE	1	1	547	92	7.457e-09	{L}
UPI00005EEA18	SINGLE	1	150	187	10	4.217e-04	{A}
UPI00005EEA23	SINGLE	1	13	357	47	8.032e-05	{A}
UPI00005EEA23	SINGLE	2	332	360	7	3.066e-04	{R}
UPI00005EEA23	MULTIPLE	1	10	360	74	3.092e-06	{AR}
UPI00005EEA23	WHOLE	1	1	362	47	2.260e-04	{A}
UPI00005EEA26	SINGLE	1	146	162	4	1.265e-04	{C}
UPI00005EEA26	SINGLE	2	191	351	17	1.437e-04	{F}
UPI00005EEA26	SINGLE	3	22	99	8	2.559e-04	{H}
UPI00005EEA26	SINGLE	4	542	556	6	5.574e-04	{A}
UPI00005EEA26	SINGLE	5	212	229	5	7.334e-04	{Q}
UPI00005EEA26	SINGLE	6	64	82	5	9.524e-04	{Q}
UPI00005EEA26	MULTIPLE	1	22	105	16	6.827e-05	{HQ}
UPI00005EEA67	SINGLE	1	69	114	13	2.463e-06	{T}
UPI00005EEA67	SINGLE	2	8	26	7	3.444e-04	{A}
UPI00005EEA67	SINGLE	3	142	161	6	8.840e-04	{K}
UPI00005EEA67	WHOLE	1	1	187	26	6.284e-05	{T}
UPI00005EEA69	SINGLE	1	40	238	21	1.026e-04	{N}
UPI00005EEA69	SINGLE	2	4	19	7	2.677e-04	{L}
UPI00005EEA69	SINGLE	3	55	230	19	3.962e-04	{P}
UPI00005EEA69	SINGLE	4	8	28	7	6.750e-04	{A}
UPI00005EEA69	MULTIPLE	1	52	238	39	3.710e-07	{NP}
UPI00005EEA69	MULTIPLE	2	4	28	15	1.496e-06	{LA}
UPI00005EEA6B	SINGLE	1	119	139	7	2.204e-04	{V}
UPI00005EEA6D	SINGLE	1	64	87	7	8.692e-05	{R}
UPI00005EEA6D	SINGLE	2	147	172	9	8.726e-05	{A}
UPI00005EEA6D	SINGLE	3	117	188	11	5.785e-04	{I}
UPI00005EEA6D	MULTIPLE	1	146	172	12	4.212e-05	{AI}
UPI00005EEA8F	SINGLE	1	30	62	8	1.369e-04	{I}
UPI00005EEA90	SINGLE	1	736	810	25	1.291e-12	{K}
UPI00005EEA90	SINGLE	2	9	755	71	2.973e-08	{R}
UPI00005EEA90	SINGLE	3	779	812	12	4.907e-06	{A}
UPI00005EEA90	SINGLE	4	8	53	12	2.252e-05	{E}
UPI00005EEA90	SINGLE	5	408	533	21	4.356e-05	{E}
UPI00005EEA90	SINGLE	6	142	359	30	5.128e-05	{V}
UPI00005EEA90	SINGLE	7	262	281	7	6.053e-05	{D}
UPI00005EEA90	SINGLE	8	624	685	11	4.314e-04	{D}
UPI00005EEA90	SINGLE	9	638	667	6	8.147e-04	{F}
UPI00005EEA90	MULTIPLE	1	736	812	41	5.273e-16	{KA}
UPI00005EEA90	MULTIPLE	2	8	755	138	2.723e-09	{RE}
UPI00005EEA90	MULTIPLE	3	624	685	18	8.713e-06	{DF}
UPI00005EEA90	WHOLE	1	1	813	74	8.536e-08	{R}
UPI00005EEA9E	SINGLE	1	163	533	65	2.105e-07	{L}
UPI00005EEA9E	SINGLE	2	29	283	25	8.610e-05	{Q}
UPI00005EEA9E	SINGLE	3	284	337	12	1.387e-04	{G}
UPI00005EEA9E	SINGLE	4	18	41	6	2.346e-04	{F}
UPI00005EEA9E	SINGLE	5	439	455	6	3.477e-04	{T}
UPI00005EEA9E	SINGLE	6	109	519	51	3.588e-04	{A}
UPI00005EEA9E	SINGLE	7	385	412	4	7.038e-04	{W}
UPI00005EEA9E	MULTIPLE	1	155	479	155	2.154e-12	{LQGAW}
UPI00005EEA9E	WHOLE	1	1	565	79	5.584e-05	{L}
UPI00005EEA9E	WHOLE	2	1	565	43	1.523e-04	{Q}
UPI00005EEAA1	SINGLE	1	30	359	57	1.620e-06	{L}
UPI00005EEAA1	SINGLE	2	144	468	49	4.765e-06	{A}
UPI00005EEAA1	SINGLE	3	64	187	21	4.538e-05	{G}
UPI00005EEAA1	SINGLE	4	170	473	25	2.588e-04	{F}
UPI00005EEAA1	SINGLE	5	177	479	17	2.825e-04	{M}
UPI00005EEAA1	MULTIPLE	1	29	473	213	4.481e-16	{LAGFM}
UPI00005EEAA1	WHOLE	1	1	485	61	8.488e-05	{A}
UPI00005EEAA1	WHOLE	2	1	485	67	2.269e-04	{L}
UPI00005EEAAF	SINGLE	1	98	481	43	3.883e-07	{I}
UPI00005EEAAF	SINGLE	2	39	205	18	7.378e-05	{F}
UPI00005EEAAF	SINGLE	3	33	245	29	1.126e-04	{G}
UPI00005EEAAF	SINGLE	4	277	438	12	1.898e-04	{M}
UPI00005EEAAF	SINGLE	5	208	432	37	2.045e-04	{L}
UPI00005EEAAF	SINGLE	6	275	292	5	3.959e-04	{Y}
UPI00005EEAAF	SINGLE	7	334	459	21	4.901e-04	{A}
UPI00005EEAAF	MULTIPLE	1	32	456	223	2.469e-14	{IFGMLA}
UPI00005EEAAF	WHOLE	1	1	500	49	2.904e-06	{I}
UPI00005EEAB5	SINGLE	1	15	63	14	1.285e-05	{A}
UPI00005EEAB5	SINGLE	2	12	80	16	3.027e-04	{L}
UPI00005EEAB5	MULTIPLE	1	12	75	30	2.484e-08	{AL}
UPI00005EEABA	SINGLE	1	88	406	47	1.273e-05	{A}
UPI00005EEABA	SINGLE	2	257	291	7	3.075e-04	{F}
UPI00005EEABA	SINGLE	3	430	468	8	3.723e-04	{R}
UPI00005EEABA	SINGLE	4	167	183	6	4.421e-04	{V}
UPI00005EEABA	SINGLE	5	317	332	5	7.294e-04	{I}
UPI00005EEABA	SINGLE	6	98	126	4	8.043e-04	{W}
UPI00005EEABA	MULTIPLE	1	88	406	54	7.502e-06	{AW}
UPI00005EEABB	SINGLE	1	43	200	13	3.799e-05	{H}
UPI00005EEABB	SINGLE	2	303	341	6	1.692e-04	{M}
UPI00005EEABB	SINGLE	3	214	237	7	6.071e-04	{G}
UPI00005EEABC	SINGLE	1	9	247	43	1.769e-07	{A}
UPI00005EEABC	SINGLE	2	46	60	6	2.293e-04	{G}
UPI00005EEABC	SINGLE	3	58	87	7	8.972e-04	{D}
UPI00005EEABC	WHOLE	1	1	296	45	8.782e-06	{A}
UPI00005EEABD	SINGLE	1	384	501	27	5.141e-06	{L}
UPI00005EEABD	SINGLE	2	183	525	34	3.468e-05	{R}
UPI00005EEABD	SINGLE	3	297	321	8	1.258e-04	{G}
UPI00005EEABD	SINGLE	4	49	318	38	1.755e-04	{A}
UPI00005EEABD	SINGLE	5	342	363	7	3.023e-04	{V}
UPI00005EEABD	SINGLE	6	466	497	7	4.933e-04	{P}
UPI00005EEABD	MULTIPLE	1	54	526	157	3.716e-09	{LRA}
UPI00005EEABD	WHOLE	1	1	528	43	2.782e-04	{R}
UPI00005EEABD	WHOLE	2	1	528	69	7.404e-04	{L}
UPI00005EEAC0	SINGLE	1	173	190	8	8.226e-06	{G}
UPI00005EEAC0	SINGLE	2	88	107	5	1.276e-05	{C}
UPI00005EEAC0	SINGLE	3	194	233	12	3.063e-05	{A}
UPI00005EEAC0	SINGLE	4	41	200	13	4.310e-05	{H}
UPI00005EEAC0	SINGLE	5	55	90	10	5.887e-05	{V}
UPI00005EEAC0	SINGLE	6	283	324	8	7.383e-04	{I}
UPI00005EEAC0	MULTIPLE	1	38	202	57	5.535e-10	{GHV}
UPI00005EEAC6	SINGLE	1	186	205	7	1.789e-04	{G}
UPI00005EEAC6	SINGLE	2	173	314	17	4.352e-04	{I}
UPI00005EEAC6	MULTIPLE	1	173	314	32	9.033e-05	{GI}
UPI00005EEAC7	SINGLE	1	157	237	11	1.370e-06	{M}
UPI00005EEAC7	SINGLE	2	315	450	23	2.137e-05	{G}
UPI00005EEAC7	SINGLE	3	354	451	14	2.339e-04	{I}
UPI00005EEAC7	SINGLE	4	49	387	43	5.876e-04	{A}
UPI00005EEAC7	SINGLE	5	3	85	11	6.684e-04	{Q}
UPI00005EEAC7	MULTIPLE	1	44	394	65	5.283e-07	{MA}
UPI00005EEAC7	MULTIPLE	2	315	451	38	1.325e-07	{GI}
UPI00005EEAC7	WHOLE	1	1	472	26	1.390e-05	{M}
UPI00005EEAC7	WHOLE	2	1	472	48	9.587e-04	{G}
UPI00005EEACD	SINGLE	1	82	241	21	3.017e-05	{I}
UPI00005EEACD	SINGLE	2	6	131	18	5.101e-04	{T}
UPI00005EEACD	SINGLE	3	233	303	10	7.194e-04	{Q}
UPI00005EEACD	MULTIPLE	1	32	209	40	6.783e-06	{IT}
UPI00005EEACD	WHOLE	1	1	310	29	4.358e-04	{I}
UPI00005EEADD	SINGLE	1	12	175	29	2.329e-07	{T}
UPI00005EEADD	SINGLE	2	20	37	8	2.760e-05	{A}
UPI00005EEADD	MULTIPLE	1	7	175	51	3.397e-08	{TA}
UPI00005EEADD	WHOLE	1	1	195	31	9.714e-07	{T}
UPI00005EEAFC	SINGLE	1	31	185	13	1.299e-06	{C}
UPI00005EEAFC	SINGLE	2	80	109	9	7.226e-05	{E}
UPI00005EEAFC	WHOLE	1	1	195	13	1.504e-05	{C}
UPI00005EEAFE	SINGLE	1	104	155	6	7.926e-04	{M}
UPI00005EEB08	SINGLE	1	21	203	35	5.178e-07	{A}
UPI00005EEB08	WHOLE	1	1	205	36	2.732e-06	{A}
UPI00005EEB16	SINGLE	1	33	59	8	2.965e-05	{I}
UPI00005EEB16	SINGLE	2	293	331	6	1.692e-04	{H}
UPI00005EEB16	SINGLE	3	60	82	8	2.057e-04	{A}
UPI00005EEB16	SINGLE	4	99	114	6	2.398e-04	{T}
UPI00005EEB16	SINGLE	5	527	541	6	5.574e-04	{A}
UPI00005EEB16	WHOLE	1	1	588	66	8.131e-04	{A}
UPI00005EEB2B	SINGLE	1	12	360	60	9.784e-12	{G}
UPI00005EEB2B	WHOLE	1	1	418	65	1.146e-10	{G}
UPI00005EEB2C	SINGLE	1	8	362	50	2.271e-05	{A}
UPI00005EEB2C	SINGLE	2	1	440	23	8.440e-05	{M}
UPI00005EEB2C	SINGLE	3	29	194	24	1.645e-04	{G}
UPI00005EEB2C	SINGLE	4	238	360	24	2.008e-04	{L}
UPI00005EEB2C	SINGLE	5	366	451	13	2.208e-04	{I}
UPI00005EEB2C	SINGLE	6	253	271	6	8.474e-04	{V}
UPI00005EEB2C	MULTIPLE	1	8	452	258	4.070e-19	{AMGLIV}
UPI00005EEB2C	WHOLE	1	1	457	23	1.421e-04	{M}
UPI00005EEB2C	WHOLE	2	1	457	56	2.763e-04	{A}
UPI00005EEB2C	WHOLE	3	1	457	39	3.529e-04	{I}
UPI00005EEB2C	WHOLE	4	1	457	61	8.367e-04	{L}
UPI00005EEB3D	SINGLE	1	441	732	86	1.531e-27	{A}
UPI00005EEB3D	SINGLE	2	372	734	41	2.077e-08	{Q}
UPI00005EEB3D	SINGLE	3	377	426	8	1.171e-06	{C}
UPI00005EEB3D	SINGLE	4	143	162	9	1.955e-06	{G}
UPI00005EEB3D	SINGLE	5	439	710	38	4.766e-06	{E}
UPI00005EEB3D	SINGLE	6	437	697	29	1.654e-05	{R}
UPI00005EEB3D	SINGLE	7	165	239	13	5.604e-05	{I}
UPI00005EEB3D	MULTIPLE	1	365	734	211	1.226e-43	{AQER}
UPI00005EEB3D	WHOLE	1	1	740	127	5.938e-17	{A}
UPI00005EEB3D	WHOLE	2	1	740	56	2.466e-05	{Q}
UPI00005EEB3D	WHOLE	3	1	740	54	6.777e-04	{R}
UPI00005EEB4A	SINGLE	1	4	352	63	1.102e-07	{L}
UPI00005EEB4A	SINGLE	2	385	414	8	4.831e-04	{G}
UPI00005EEB4A	SINGLE	3	139	155	5	9.825e-04	{I}
UPI00005EEB4A	WHOLE	1	1	433	69	2.763e-06	{L}
UPI00005EEB4F	SINGLE	1	138	162	7	9.845e-05	{P}
UPI00005EEB51	SINGLE	1	39	335	53	1.361e-06	{L}
UPI00005EEB51	SINGLE	2	157	341	21	9.652e-06	{F}
UPI00005EEB51	SINGLE	3	83	333	16	1.065e-04	{M}
UPI00005EEB51	SINGLE	4	63	375	40	1.677e-04	{S}
UPI00005EEB51	SINGLE	5	126	394	33	2.711e-04	{G}
UPI00005EEB51	SINGLE	6	190	204	6	5.574e-04	{A}
UPI00005EEB51	SINGLE	7	215	238	6	6.720e-04	{R}
UPI00005EEB51	MULTIPLE	1	39	384	210	2.098e-19	{LFMSGA}
UPI00005EEB51	WHOLE	1	1	417	63	3.220e-05	{L}
UPI00005EEB51	WHOLE	2	1	417	30	5.999e-04	{F}
UPI00005EEB61	SINGLE	1	48	109	14	3.426e-05	{G}
UPI00005EEB61	SINGLE	2	179	231	7	1.308e-04	{M}
UPI00005EEB61	SINGLE	3	39	53	5	5.275e-04	{I}
UPI00005EEB61	SINGLE	4	196	245	6	6.467e-04	{H}
UPI00005EEB61	SINGLE	5	120	197	13	6.882e-04	{T}
UPI00005EEB61	MULTIPLE	1	45	99	20	1.245e-06	{GI}
UPI00005EEB61	MULTIPLE	2	193	232	11	6.868e-07	{MH}
UPI00005EEB7F	SINGLE	1	308	496	21	2.006e-04	{R}
UPI00005EEB7F	SINGLE	2	195	222	8	2.943e-04	{G}
UPI00005EEB7F	SINGLE	3	69	505	61	3.061e-04	{L}
UPI00005EEB7F	SINGLE	4	265	399	16	3.988e-04	{P}
UPI00005EEB7F	SINGLE	5	280	296	6	4.943e-04	{G}
UPI00005EEB7F	MULTIPLE	1	167	393	90	7.183e-07	{RLPG}
UPI00005EEB7F	WHOLE	1	1	506	66	9.569e-04	{L}
UPI00005EEB81	SINGLE	1	420	544	24	1.643e-06	{G}
UPI00005EEB81	SINGLE	2	563	607	12	1.048e-04	{A}
UPI00005EEB81	SINGLE	3	189	206	4	1.600e-04	{C}
UPI00005EEB81	SINGLE	4	538	556	6	2.019e-04	{I}
UPI00005EEB81	SINGLE	5	85	204	10	2.488e-04	{M}
UPI00005EEB81	SINGLE	6	462	477	6	3.059e-04	{V}
UPI00005EEB81	SINGLE	7	254	292	10	5.227e-04	{A}
UPI00005EEB81	SINGLE	8	389	403	5	9.005e-04	{D}
UPI00005EEB81	MULTIPLE	1	420	556	37	3.851e-07	{GI}
UPI00005EEB81	MULTIPLE	2	85	206	17	2.952e-06	{CM}
UPI00005EEB81	WHOLE	1	1	616	63	2.008e-04	{G}
UPI00005EEB81	WHOLE	2	1	616	70	4.616e-04	{A}
UPI00005EEB88	SINGLE	1	15	219	35	6.793e-06	{A}
UPI00005EEB88	SINGLE	2	97	194	13	5.782e-04	{R}
UPI00005EEB88	MULTIPLE	1	22	207	48	5.327e-07	{AR}
UPI00005EEB88	WHOLE	1	1	224	36	1.887e-05	{A}
UPI00005EEBB7	SINGLE	1	25	100	9	3.320e-06	{C}
UPI00005EEBB7	SINGLE	2	141	240	18	4.752e-04	{A}
UPI00005EEBB7	SINGLE	3	244	262	4	6.290e-04	{H}
UPI00005EEBBB	SINGLE	1	4	302	46	5.275e-06	{A}
UPI00005EEBBB	SINGLE	2	160	315	25	2.451e-05	{G}
UPI00005EEBBB	MULTIPLE	1	2	319	86	2.322e-09	{AG}
UPI00005EEBBB	WHOLE	1	1	321	47	1.485e-05	{A}
UPI00005EEBBB	WHOLE	2	1	321	39	1.086e-04	{G}
UPI00005EEC14	SINGLE	1	17	357	36	5.845e-06	{R}
UPI00005EEC14	SINGLE	2	289	381	23	6.392e-06	{L}
UPI00005EEC14	SINGLE	3	108	122	4	2.419e-04	{M}
UPI00005EEC14	SINGLE	4	47	216	29	4.747e-04	{L}
UPI00005EEC14	SINGLE	5	14	44	7	5.531e-04	{I}
UPI00005EEC14	SINGLE	6	33	96	12	6.690e-04	{G}
UPI00005EEC14	SINGLE	7	85	151	12	8.462e-04	{E}
UPI00005EEC14	MULTIPLE	1	29	385	104	3.419e-10	{RLM}
UPI00005EEC14	MULTIPLE	2	42	216	48	2.893e-05	{LE}
UPI00005EEC14	MULTIPLE	3	21	96	22	2.317e-05	{IG}
UPI00005EEC14	WHOLE	1	1	385	38	1.459e-05	{R}
UPI00005EEC14	WHOLE	2	1	385	56	1.947e-04	{L}
UPI00005EEC28	SINGLE	1	3	80	21	3.876e-06	{L}
UPI00005EEC28	SINGLE	2	250	273	8	7.912e-05	{V}
UPI00005EEC28	SINGLE	3	138	174	5	1.980e-04	{W}
UPI00005EEC28	SINGLE	4	192	207	6	3.059e-04	{V}
UPI00005EEC28	WHOLE	1	1	284	47	3.211e-05	{L}
UPI00005EEC2A	SINGLE	1	10	27	7	1.292e-05	{I}
UPI00005EEC2B	SINGLE	1	186	215	8	2.731e-05	{Q}
UPI00005EEC2B	SINGLE	2	365	383	6	1.511e-04	{P}
UPI00005EEC2B	SINGLE	3	57	95	8	1.928e-04	{Q}
UPI00005EEC2B	SINGLE	4	16	30	6	2.045e-04	{V}
UPI00005EEC2B	SINGLE	5	84	354	42	2.898e-04	{L}
UPI00005EEC2B	SINGLE	6	244	303	10	5.105e-04	{I}
UPI00005EEC2B	SINGLE	7	357	390	5	7.231e-04	{H}
UPI00005EEC2B	MULTIPLE	1	67	354	68	1.387e-06	{QL}
UPI00005EEC2B	MULTIPLE	2	356	390	12	1.741e-06	{PH}
UPI00005EEC2B	WHOLE	1	1	461	35	5.375e-04	{Q}
UPI00005EEC2C	SINGLE	1	23	392	69	8.258e-09	{L}
UPI00005EEC2C	SINGLE	2	36	154	15	1.460e-04	{Q}
UPI00005EEC2C	MULTIPLE	1	30	371	90	1.577e-10	{LQ}
UPI00005EEC2C	WHOLE	1	1	400	70	8.137e-08	{L}
UPI00005EEC35	SINGLE	1	40	441	37	1.157e-06	{F}
UPI00005EEC35	SINGLE	2	286	313	8	2.556e-04	{V}
UPI00005EEC35	SINGLE	3	124	140	4	4.036e-04	{M}
UPI00005EEC35	SINGLE	4	93	191	18	4.230e-04	{A}
UPI00005EEC35	SINGLE	5	390	448	10	4.474e-04	{I}
UPI00005EEC35	SINGLE	6	111	297	10	7.154e-04	{C}
UPI00005EEC35	MULTIPLE	1	47	448	141	4.232e-12	{FMAIC}
UPI00005EEC35	WHOLE	1	1	467	37	2.834e-05	{F}
UPI00005EEC38	SINGLE	1	7	233	14	3.674e-04	{H}
UPI00005EEC38	SINGLE	2	193	232	9	5.089e-04	{T}
UPI00005EEC38	SINGLE	3	235	260	6	6.261e-04	{Q}
UPI00005EEC38	MULTIPLE	1	4	233	37	5.489e-05	{HT}
UPI00005EEC39	SINGLE	1	2	294	43	3.000e-05	{A}
UPI00005EEC39	SINGLE	2	1	298	17	2.360e-04	{M}
UPI00005EEC39	MULTIPLE	1	1	298	60	7.954e-08	{AM}
UPI00005EEC39	WHOLE	1	1	298	43	4.373e-05	{A}
UPI00005EEC39	WHOLE	2	1	298	17	2.360e-04	{M}
UPI00005EEC65	SINGLE	1	26	115	22	5.944e-08	{G}
UPI00005EEC65	SINGLE	2	85	154	10	2.291e-04	{Y}
UPI00005EEC65	MULTIPLE	1	26	162	38	8.655e-09	{GY}
UPI00005EEC65	WHOLE	1	1	180	31	6.836e-07	{G}
UPI00005EEC9F	SINGLE	1	35	55	6	1.841e-04	{Q}
UPI00005EEC9F	WHOLE	1	1	55	9	4.440e-04	{Q}
UPI00005EECA2	SINGLE	1	8	134	30	8.323e-07	{L}
UPI00005EECA2	SINGLE	2	319	446	19	8.784e-06	{R}
UPI00005EECA2	SINGLE	3	413	516	20	1.035e-04	{A}
UPI00005EECA2	SINGLE	4	443	460	6	6.921e-04	{G}
UPI00005EECA2	SINGLE	5	124	175	8	7.108e-04	{F}
UPI00005EECA2	SINGLE	6	224	291	10	8.954e-04	{P}
UPI00005EECA2	MULTIPLE	1	316	516	49	2.258e-06	{RA}
UPI00005EECA2	WHOLE	1	1	520	68	7.905e-04	{L}
UPI00005EECA3	SINGLE	1	7	452	58	5.243e-05	{A}
UPI00005EECA3	SINGLE	2	382	410	9	6.287e-05	{G}
UPI00005EECA3	SINGLE	3	158	172	6	2.062e-04	{E}
UPI00005EECA3	SINGLE	4	20	34	5	2.936e-04	{Q}
UPI00005EECA3	SINGLE	5	103	124	6	4.771e-04	{I}
UPI00005EECA3	SINGLE	6	285	332	10	6.772e-04	{V}
UPI00005EECA3	MULTIPLE	1	3	452	123	1.773e-06	{AQV}
UPI00005EECA3	WHOLE	1	1	453	58	7.698e-05	{A}
UPI00005EECA9	SINGLE	1	108	181	13	6.859e-09	{M}
UPI00005EECA9	SINGLE	2	260	332	14	5.159e-06	{P}
UPI00005EECA9	SINGLE	3	49	87	10	1.427e-04	{G}
UPI00005EECA9	WHOLE	1	1	337	21	1.508e-05	{M}
UPI00005EECB2	SINGLE	1	31	45	6	8.836e-05	{D}
UPI00005EECCB	SINGLE	1	542	556	7	1.824e-05	{V}
UPI00005EECCB	SINGLE	2	6	502	20	5.342e-05	{W}
UPI00005EECCB	SINGLE	3	415	444	7	2.099e-04	{Q}
UPI00005EECCB	SINGLE	4	16	169	17	2.664e-04	{Q}
UPI00005EECCB	SINGLE	5	77	105	7	3.066e-04	{R}
UPI00005EECCB	SINGLE	6	210	272	7	3.767e-04	{H}
UPI00005EECCB	SINGLE	7	112	493	37	4.091e-04	{D}
UPI00005EECCB	MULTIPLE	1	31	463	135	4.548e-11	{WQRHD}
UPI00005EECCB	WHOLE	1	1	605	22	9.735e-05	{W}
UPI00005EECCB	WHOLE	2	1	605	42	9.153e-04	{Q}
UPI00005EECD4	SINGLE	1	361	399	11	2.234e-05	{E}
UPI00005EECD4	SINGLE	2	4	429	39	9.600e-05	{I}
UPI00005EECD4	SINGLE	3	33	432	45	1.267e-04	{V}
UPI00005EECD4	SINGLE	4	164	219	12	1.969e-04	{G}
UPI00005EECD4	SINGLE	5	19	278	26	2.103e-04	{R}
UPI00005EECD4	MULTIPLE	1	4	432	155	1.100e-10	{EIVR}
UPI00005EECD4	WHOLE	1	1	482	49	5.894e-04	{V}
UPI00005EECD4	WHOLE	2	1	482	39	8.664e-04	{I}
UPI00005EECD7	SINGLE	1	50	183	21	2.044e-06	{I}
UPI00005EECD7	SINGLE	2	334	374	12	7.794e-06	{G}
UPI00005EECD7	SINGLE	3	264	314	13	1.348e-05	{V}
UPI00005EECD7	SINGLE	4	41	410	50	6.156e-05	{A}
UPI00005EECD7	SINGLE	5	1	388	21	1.029e-04	{M}
UPI00005EECD7	SINGLE	6	9	114	18	1.413e-04	{G}
UPI00005EECD7	SINGLE	7	416	430	6	2.062e-04	{E}
UPI00005EECD7	MULTIPLE	1	6	410	147	5.113e-12	{IAMG}
UPI00005EECD7	WHOLE	1	1	454	55	3.910e-04	{A}
UPI00005EECD7	WHOLE	2	1	454	21	7.038e-04	{M}
UPI00005EECF1	SINGLE	1	212	350	29	7.419e-07	{A}
UPI00005EECF1	SINGLE	2	62	78	6	5.013e-05	{Q}
UPI00005EECF1	SINGLE	3	176	343	18	2.581e-04	{Q}
UPI00005EECF1	SINGLE	4	221	257	9	4.511e-04	{G}
UPI00005EECF1	MULTIPLE	1	171	350	52	1.076e-09	{AQ}
UPI00005EECF1	WHOLE	1	1	420	53	1.990e-04	{A}
UPI00005EECF2	SINGLE	1	21	202	41	4.853e-10	{A}
UPI00005EECF2	SINGLE	2	69	251	24	4.804e-04	{V}
UPI00005EECF2	SINGLE	3	4	20	6	4.943e-04	{G}
UPI00005EECF2	MULTIPLE	1	41	217	59	1.055e-10	{AV}
UPI00005EECF2	WHOLE	1	1	302	53	1.866e-08	{A}
UPI00005EED05	SINGLE	1	223	245	5	1.114e-04	{M}
UPI00005EED05	SINGLE	2	287	311	5	1.683e-04	{H}
UPI00005EED05	SINGLE	3	83	108	7	1.782e-04	{I}
UPI00005EED05	SINGLE	4	155	181	6	3.793e-04	{Y}
UPI00005EED05	SINGLE	5	297	390	13	5.096e-04	{I}
UPI00005EED05	SINGLE	6	158	328	23	5.741e-04	{G}
UPI00005EED05	MULTIPLE	1	223	245	10	9.717e-06	{MG}
UPI00005EED05	MULTIPLE	2	287	391	20	3.256e-05	{HI}
UPI00005EED06	SINGLE	1	268	416	31	3.426e-07	{A}
UPI00005EED06	SINGLE	2	11	360	39	5.345e-04	{G}
UPI00005EED07	SINGLE	1	34	416	66	9.035e-10	{A}
UPI00005EED07	SINGLE	2	63	92	9	8.387e-05	{G}
UPI00005EED07	SINGLE	3	260	431	13	8.783e-05	{M}
UPI00005EED07	SINGLE	4	348	379	9	2.642e-04	{S}
UPI00005EED07	SINGLE	5	245	273	8	6.512e-04	{S}
UPI00005EED07	MULTIPLE	1	34	420	115	7.194e-11	{AGM}
UPI00005EED07	WHOLE	1	1	436	70	5.843e-09	{A}
UPI00005EED08	SINGLE	1	29	64	10	5.791e-06	{I}
UPI00005EED08	SINGLE	2	42	100	14	5.379e-04	{L}
UPI00005EED08	MULTIPLE	1	28	100	27	7.637e-07	{IL}
UPI00005EED0A	SINGLE	1	72	116	11	5.826e-05	{K}
UPI00005EED0C	SINGLE	1	6	37	9	4.800e-04	{A}
UPI00005EED0C	SINGLE	2	103	151	10	5.683e-04	{T}
UPI00005EED0C	SINGLE	3	55	92	7	9.131e-04	{Q}
UPI00005EED27	SINGLE	1	6	96	18	1.528e-04	{A}
UPI00005EED27	SINGLE	2	16	191	31	1.883e-04	{L}
UPI00005EED27	MULTIPLE	1	4	191	57	2.890e-06	{AL}
UPI00005EED27	WHOLE	1	1	199	32	6.924e-04	{L}
UPI00005EED28	SINGLE	1	167	190	9	1.157e-05	{G}
UPI00005EED28	SINGLE	2	60	111	9	2.934e-04	{Q}
UPI00005EED28	SINGLE	3	77	102	6	3.705e-04	{F}
UPI00005EED28	MULTIPLE	1	67	111	14	7.720e-06	{QF}
UPI00005EED29	SINGLE	1	21	270	24	1.564e-04	{Q}
UPI00005EED29	SINGLE	2	7	22	6	8.219e-04	{A}
UPI00005EED33	SINGLE	1	7	51	12	4.376e-04	{L}
UPI00005EED33	SINGLE	2	121	138	6	6.250e-04	{E}
UPI00005EED38	SINGLE	1	16	137	23	4.693e-05	{A}
UPI00005EED38	SINGLE	2	29	43	6	2.293e-04	{G}
UPI00005EED38	MULTIPLE	1	23	137	36	2.279e-06	{AG}
UPI00005EED49	SINGLE	1	293	309	7	5.515e-05	{G}
UPI00005EED49	SINGLE	2	213	321	21	6.984e-05	{A}
UPI00005EED49	SINGLE	3	347	364	6	1.085e-04	{P}
UPI00005EED49	SINGLE	4	159	173	5	4.135e-04	{P}
UPI00005EED49	MULTIPLE	1	213	323	33	1.795e-05	{GA}
UPI00005EED54	SINGLE	1	534	585	16	1.117e-06	{A}
UPI00005EED54	SINGLE	2	242	363	14	2.251e-04	{F}
UPI00005EED54	SINGLE	3	399	525	24	3.192e-04	{L}
UPI00005EED54	SINGLE	4	191	517	37	3.922e-04	{E}
UPI00005EED54	SINGLE	5	164	190	6	7.524e-04	{N}
UPI00005EED54	SINGLE	6	299	345	9	7.871e-04	{D}
UPI00005EED54	MULTIPLE	1	238	447	58	6.942e-06	{FED}
UPI00005EED71	SINGLE	1	105	139	9	2.616e-05	{R}
UPI00005EED71	WHOLE	1	1	140	17	2.739e-04	{R}
UPI00005EEDA1	SINGLE	1	7	195	13	2.147e-04	{H}
UPI00005EEDA1	SINGLE	2	179	203	6	7.403e-04	{P}
UPI00005EEDA1	WHOLE	1	1	216	13	7.087e-04	{H}
UPI00005EEDB9	SINGLE	1	12	59	9	5.764e-05	{Y}
UPI00005EEDB9	SINGLE	2	31	279	41	1.006e-04	{L}
UPI00005EEDB9	SINGLE	3	275	327	9	1.637e-04	{F}
UPI00005EEDB9	SINGLE	4	65	197	20	3.167e-04	{G}
UPI00005EEDB9	SINGLE	5	213	235	4	3.281e-04	{W}
UPI00005EEDB9	SINGLE	6	394	462	11	4.062e-04	{I}
UPI00005EEDB9	SINGLE	7	145	490	43	8.470e-04	{A}
UPI00005EEDB9	SINGLE	8	303	419	9	8.502e-04	{M}
UPI00005EEDB9	MULTIPLE	1	26	491	212	2.585e-11	{YLGWAM}
UPI00005EEDB9	WHOLE	1	1	493	65	8.047e-04	{L}
UPI00005EEDC2	SINGLE	1	14	222	22	2.987e-04	{R}
UPI00005EEDC2	WHOLE	1	1	225	22	7.519e-04	{R}
UPI00005EEDCD	SINGLE	1	46	314	33	8.292e-05	{K}
UPI00005EEDCD	SINGLE	2	54	258	23	1.380e-04	{I}
UPI00005EEDCD	SINGLE	3	10	103	18	2.278e-04	{A}
UPI00005EEDCD	SINGLE	4	62	78	5	5.538e-04	{Q}
UPI00005EEDCD	SINGLE	5	72	163	15	5.705e-04	{V}
UPI00005EEDCD	MULTIPLE	1	39	285	100	8.396e-08	{KIAV}
UPI00005EEDCD	WHOLE	1	1	318	34	6.971e-04	{K}
UPI00005EEDD2	SINGLE	1	88	151	17	4.748e-06	{A}
UPI00005EEDD2	SINGLE	2	338	400	14	4.112e-05	{G}
UPI00005EEDD3	SINGLE	1	42	65	9	4.300e-05	{A}
UPI00005EEDD3	SINGLE	2	24	96	12	4.893e-04	{D}
UPI00005EEDD3	SINGLE	3	4	20	6	7.634e-04	{S}
UPI00005EEDD3	WHOLE	1	1	128	21	5.962e-04	{A}
UPI00005EEDD4	SINGLE	1	19	33	4	7.491e-05	{C}
UPI00005EEDD4	SINGLE	2	53	137	13	5.833e-04	{D}
UPI00005EEDD9	SINGLE	1	44	64	7	6.750e-04	{A}
UPI00005EEDF1	SINGLE	1	98	241	11	1.020e-05	{W}
UPI00005EEDF1	SINGLE	2	162	261	18	6.776e-05	{G}
UPI00005EEDF1	SINGLE	3	93	107	6	2.045e-04	{V}
UPI00005EEDF1	SINGLE	4	127	153	6	4.578e-04	{F}
UPI00005EEDF1	SINGLE	5	223	237	5	5.275e-04	{I}
UPI00005EEDF1	SINGLE	6	250	265	6	8.219e-04	{A}
UPI00005EEDF1	MULTIPLE	1	157	241	29	4.012e-07	{WGI}
UPI00005EEDF1	WHOLE	1	1	276	13	2.236e-04	{W}
UPI00005EEDF9	SINGLE	1	281	362	18	9.857e-09	{Q}
UPI00005EEDF9	SINGLE	2	195	280	17	3.506e-07	{P}
UPI00005EEDF9	SINGLE	3	11	341	45	1.139e-04	{A}
UPI00005EEDF9	SINGLE	4	201	288	16	3.527e-04	{S}
UPI00005EEDF9	SINGLE	5	223	279	11	5.053e-04	{T}
UPI00005EEDF9	MULTIPLE	1	44	288	111	2.789e-11	{PAST}
UPI00005EEDF9	WHOLE	1	1	362	32	7.386e-05	{Q}
UPI00005EEDF9	WHOLE	2	1	362	33	1.257e-04	{P}
UPI00005EEDF9	WHOLE	3	1	362	47	2.260e-04	{A}
UPI00005EEDFC	SINGLE	1	10	45	9	6.849e-06	{F}
UPI00005EEDFC	SINGLE	2	142	212	8	1.355e-04	{M}
UPI00005EEDFC	SINGLE	3	331	423	13	1.413e-04	{Q}
UPI00005EEDFC	SINGLE	4	22	335	30	2.583e-04	{I}
UPI00005EEDFC	SINGLE	5	180	201	8	4.250e-04	{L}
UPI00005EEDFC	MULTIPLE	1	22	335	42	3.486e-05	{MI}
UPI00005EEDFC	WHOLE	1	1	552	44	6.120e-04	{I}
UPI00005EEDFD	SINGLE	1	490	508	8	1.137e-05	{V}
UPI00005EEDFD	SINGLE	2	3	37	7	5.557e-04	{Q}
UPI00005EEDFF	SINGLE	1	3	28	8	5.129e-04	{A}
UPI00005EEDFF	SINGLE	2	91	106	5	6.419e-04	{R}
UPI00005EEE08	SINGLE	1	229	322	18	2.278e-04	{A}
UPI00005EEE0C	SINGLE	1	8	323	58	1.873e-07	{L}
UPI00005EEE0C	SINGLE	2	18	296	46	8.459e-07	{A}
UPI00005EEE0C	SINGLE	3	44	239	14	8.726e-05	{M}
UPI00005EEE0C	SINGLE	4	127	152	7	1.782e-04	{I}
UPI00005EEE0C	MULTIPLE	1	41	296	121	5.272e-16	{LAMI}
UPI00005EEE0C	WHOLE	1	1	330	58	7.724e-07	{L}
UPI00005EEE0C	WHOLE	2	1	330	46	5.623e-05	{A}
UPI00005EEE21	SINGLE	1	61	291	34	1.601e-04	{A}
UPI00005EEE21	SINGLE	2	180	196	7	4.133e-04	{L}
UPI00005EEE21	MULTIPLE	1	59	291	64	2.267e-05	{AL}
UPI00005EEE22	SINGLE	1	374	388	6	2.062e-04	{E}
UPI00005EEE2C	SINGLE	1	6	196	36	1.645e-05	{L}
UPI00005EEE2C	SINGLE	2	187	206	8	2.065e-05	{G}
UPI00005EEE2C	SINGLE	3	107	150	10	3.399e-04	{E}
UPI00005EEE2C	MULTIPLE	1	11	191	51	8.088e-06	{LE}
UPI00005EEE2C	WHOLE	1	1	237	39	1.433e-04	{L}
UPI00005EEE31	SINGLE	1	198	229	9	1.509e-05	{I}
UPI00005EEE31	SINGLE	2	99	128	11	3.489e-05	{L}
UPI00005EEE31	SINGLE	3	30	57	5	5.110e-05	{W}
UPI00005EEE31	SINGLE	4	5	36	10	3.353e-04	{L}
UPI00005EEE31	SINGLE	5	35	188	24	5.501e-04	{A}
UPI00005EEE31	SINGLE	6	38	111	13	6.335e-04	{V}
UPI00005EEE31	SINGLE	7	181	195	5	9.005e-04	{D}
UPI00005EEE31	MULTIPLE	1	33	131	46	3.297e-07	{LAV}
UPI00005EEE31	MULTIPLE	2	5	58	18	5.502e-06	{WL}
UPI00005EEE31	WHOLE	1	1	290	44	3.336e-04	{L}
UPI00005EEE31	WHOLE	2	1	290	13	3.493e-04	{W}
UPI00005EEE32	SINGLE	1	6	164	32	1.224e-05	{L}
UPI00005EEE32	SINGLE	2	127	146	6	2.355e-04	{R}
UPI00005EEE32	MULTIPLE	1	6	159	45	4.784e-07	{LR}
UPI00005EEE32	WHOLE	1	1	165	32	2.561e-05	{L}
UPI00005EEE33	SINGLE	1	227	247	9	1.235e-05	{A}
UPI00005EEE33	SINGLE	2	47	70	7	4.653e-05	{Q}
UPI00005EEE33	SINGLE	3	21	254	25	7.150e-05	{P}
UPI00005EEE33	SINGLE	4	50	66	6	3.477e-04	{T}
UPI00005EEE33	SINGLE	5	212	226	6	3.585e-04	{S}
UPI00005EEE33	MULTIPLE	1	32	248	62	2.162e-07	{QPT}
UPI00005EEE40	SINGLE	1	541	572	9	1.204e-05	{R}
UPI00005EEE40	SINGLE	2	81	178	15	4.979e-05	{R}
UPI00005EEE40	SINGLE	3	491	530	9	6.559e-05	{P}
UPI00005EEE40	SINGLE	4	11	45	8	8.801e-05	{Q}
UPI00005EEE40	SINGLE	5	41	57	4	4.036e-04	{H}
UPI00005EEE40	SINGLE	6	96	143	8	4.181e-04	{F}
UPI00005EEE40	SINGLE	7	374	440	12	8.462e-04	{E}
UPI00005EEE40	MULTIPLE	1	78	178	24	3.342e-06	{RF}
UPI00005EEE40	MULTIPLE	2	11	64	13	2.646e-05	{QH}
UPI00005EEE40	WHOLE	1	1	578	50	2.680e-05	{R}
UPI00005EEE43	SINGLE	1	170	191	5	8.914e-05	{H}
UPI00005EEE51	SINGLE	1	161	175	6	5.574e-04	{A}
UPI00005EEE51	SINGLE	2	170	295	23	6.553e-04	{L}
UPI00005EEE52	SINGLE	1	224	265	6	2.547e-04	{M}
UPI00005EEE52	SINGLE	2	75	89	5	2.936e-04	{Q}
UPI00005EEE55	SINGLE	1	197	525	60	5.504e-10	{A}
UPI00005EEE55	SINGLE	2	361	406	15	1.273e-09	{P}
UPI00005EEE55	SINGLE	3	388	423	10	1.863e-06	{Q}
UPI00005EEE55	SINGLE	4	124	357	41	2.633e-05	{L}
UPI00005EEE55	SINGLE	5	64	79	4	9.828e-05	{C}
UPI00005EEE55	SINGLE	6	129	198	8	1.227e-04	{H}
UPI00005EEE55	SINGLE	7	468	512	10	2.780e-04	{K}
UPI00005EEE55	SINGLE	8	240	384	11	2.794e-04	{M}
UPI00005EEE55	MULTIPLE	1	138	535	190	7.754e-17	{APQLM}
UPI00005EEE55	WHOLE	1	1	643	87	2.674e-07	{A}
UPI00005EEE56	SINGLE	1	107	175	17	1.709e-08	{R}
UPI00005EEE56	SINGLE	2	22	92	18	5.143e-06	{A}
UPI00005EEE56	SINGLE	3	13	143	15	3.961e-04	{Q}
UPI00005EEE56	MULTIPLE	1	13	175	40	3.961e-09	{RQ}
UPI00005EEE56	WHOLE	1	1	175	25	8.207e-07	{R}
UPI00005EEE56	WHOLE	2	1	175	30	2.567e-05	{A}
UPI00005EEE5F	SINGLE	1	78	118	10	5.373e-05	{D}
UPI00005EEE61	SINGLE	1	9	197	33	1.451e-04	{L}
UPI00005EEE61	SINGLE	2	250	264	4	2.419e-04	{M}
UPI00005EEE61	SINGLE	3	49	63	5	5.275e-04	{I}
UPI00005EEE61	MULTIPLE	1	6	200	50	8.690e-06	{LI}
UPI00005EEE66	SINGLE	1	194	249	15	1.486e-05	{A}
UPI00005EEE66	SINGLE	2	176	190	6	2.293e-04	{G}
UPI00005EEE66	SINGLE	3	16	274	21	5.492e-04	{Y}
UPI00005EEE66	MULTIPLE	1	16	259	56	2.627e-07	{AY}
UPI00005EEE66	WHOLE	1	1	295	40	2.567e-04	{A}
UPI00005EEE6A	SINGLE	1	4	435	36	1.301e-05	{F}
UPI00005EEE6A	SINGLE	2	291	441	29	6.774e-05	{L}
UPI00005EEE6A	SINGLE	3	183	252	7	7.585e-05	{W}
UPI00005EEE6A	SINGLE	4	136	289	25	2.434e-04	{A}
UPI00005EEE6A	MULTIPLE	1	9	441	155	9.613e-11	{FLWA}
UPI00005EEE6A	WHOLE	1	1	449	36	2.812e-05	{F}
UPI00005EEE6A	WHOLE	2	1	449	54	5.047e-04	{A}
UPI00005EEE6E	SINGLE	1	11	128	25	1.529e-07	{G}
UPI00005EEE6E	SINGLE	2	6	201	33	1.578e-05	{A}
UPI00005EEE6E	SINGLE	3	80	94	6	2.045e-04	{V}
UPI00005EEE6E	SINGLE	4	164	222	10	4.474e-04	{I}
UPI00005EEE6E	SINGLE	5	2	62	9	4.656e-04	{F}
UPI00005EEE6E	MULTIPLE	1	6	222	124	4.057e-17	{GAVIF}
UPI00005EEE6E	WHOLE	1	1	231	35	2.795e-06	{G}
UPI00005EEE6E	WHOLE	2	1	231	33	3.230e-04	{A}
UPI00005EEE8C	SINGLE	1	26	40	5	5.275e-04	{I}
UPI00005EEE8E	SINGLE	1	61	263	26	6.448e-07	{Q}
UPI00005EEE8E	SINGLE	2	20	60	12	7.794e-06	{G}
UPI00005EEE8E	SINGLE	3	136	158	7	1.612e-04	{D}
UPI00005EEE8E	SINGLE	4	2	16	5	4.635e-04	{R}
UPI00005EEE8E	WHOLE	1	1	287	28	3.877e-05	{Q}
UPI00005EEE8E	WHOLE	2	1	287	36	1.035e-04	{G}
UPI00005EEE92	SINGLE	1	105	125	8	1.414e-06	{Q}
UPI00005EEE92	SINGLE	2	991	1007	8	4.895e-06	{G}
UPI00005EEE92	SINGLE	3	325	484	25	2.657e-05	{V}
UPI00005EEE92	SINGLE	4	645	706	15	5.211e-05	{A}
UPI00005EEE92	SINGLE	5	720	746	8	6.838e-05	{D}
UPI00005EEE92	SINGLE	6	546	565	8	2.030e-04	{L}
UPI00005EEE92	SINGLE	7	79	93	6	3.585e-04	{S}
UPI00005EEE92	SINGLE	8	355	486	10	5.140e-04	{M}
UPI00005EEE92	SINGLE	9	576	592	5	5.538e-04	{Q}
UPI00005EEE92	SINGLE	10	845	984	25	5.584e-04	{L}
UPI00005EEE92	MULTIPLE	1	333	486	34	2.296e-07	{VM}
UPI00005EEE92	WHOLE	1	1	1037	40	2.416e-04	{M}
UPI00005EEE92	WHOLE	2	1	1037	106	9.717e-04	{A}
UPI00005EEE99	SINGLE	1	41	78	11	1.691e-05	{V}
UPI00005EEE99	SINGLE	2	140	236	16	4.270e-04	{G}
UPI00005EEE99	SINGLE	3	35	70	8	5.570e-04	{D}
UPI00005EEE99	MULTIPLE	1	34	78	20	5.330e-08	{VD}
UPI00005EEEEF	SINGLE	1	231	368	29	6.365e-07	{A}
UPI00005EEEEF	SINGLE	2	355	423	14	1.103e-06	{Q}
UPI00005EEEEF	SINGLE	3	163	265	26	1.147e-06	{L}
UPI00005EEEEF	SINGLE	4	5	57	15	4.571e-05	{L}
UPI00005EEEEF	SINGLE	5	494	510	7	4.869e-05	{E}
UPI00005EEEEF	SINGLE	6	427	469	10	1.946e-04	{T}
UPI00005EEEEF	SINGLE	7	184	206	6	4.644e-04	{P}
UPI00005EEEEF	MULTIPLE	1	160	417	103	7.329e-12	{AQL}
UPI00005EEEEF	WHOLE	1	1	693	95	2.577e-05	{L}
UPI00005EEEEF	WHOLE	2	1	693	77	4.881e-04	{A}
UPI00005EEEF0	SINGLE	1	22	456	68	5.965e-06	{L}
UPI00005EEEF0	SINGLE	2	113	279	14	1.616e-05	{M}
UPI00005EEEF0	SINGLE	3	80	448	42	2.375e-04	{G}
UPI00005EEEF0	SINGLE	4	295	399	17	2.875e-04	{V}
UPI00005EEEF0	SINGLE	5	51	457	36	3.014e-04	{I}
UPI00005EEEF0	SINGLE	6	316	338	6	3.060e-04	{N}
UPI00005EEEF0	SINGLE	7	222	236	6	5.574e-04	{A}
UPI00005EEEF0	MULTIPLE	1	43	457	243	7.622e-19	{LMGVIA}
UPI00005EEEF0	WHOLE	1	1	463	69	2.311e-05	{L}
UPI00005EEEF2	SINGLE	1	569	615	9	6.558e-07	{M}
UPI00005EEEF2	SINGLE	2	267	682	20	4.741e-06	{W}
UPI00005EEEF2	SINGLE	3	496	514	7	1.246e-04	{G}
UPI00005EEEF2	SINGLE	4	77	211	16	1.730e-04	{N}
UPI00005EEEF2	SINGLE	5	303	325	6	1.831e-04	{F}
UPI00005EEEF2	SINGLE	6	637	697	7	3.105e-04	{H}
UPI00005EEEF2	SINGLE	7	208	232	7	6.967e-04	{V}
UPI00005EEEF2	MULTIPLE	1	267	697	64	1.255e-07	{WFH}
UPI00005EEEF2	MULTIPLE	2	77	232	32	1.547e-04	{NV}
UPI00005EEEF2	WHOLE	1	1	772	25	1.945e-04	{W}
UPI00005EEF0B	SINGLE	1	128	255	15	1.305e-07	{H}
UPI00005EEF0B	SINGLE	2	12	35	7	4.653e-05	{Q}
UPI00005EEF0B	SINGLE	3	193	334	17	9.985e-05	{N}
UPI00005EEF0B	SINGLE	4	371	387	5	5.538e-04	{Q}
UPI00005EEF0B	SINGLE	5	76	241	25	6.979e-04	{A}
UPI00005EEF0B	MULTIPLE	1	156	334	34	1.155e-08	{HN}
UPI00005EEF0B	WHOLE	1	1	423	23	4.842e-05	{H}
UPI00005EEF0C	SINGLE	1	224	288	13	2.218e-04	{G}
UPI00005EEF0C	SINGLE	2	191	208	4	5.076e-04	{H}
UPI00005EEF0C	SINGLE	3	99	115	5	5.425e-04	{N}
UPI00005EEF0C	SINGLE	4	25	85	13	5.514e-04	{A}
UPI00005EEF0C	SINGLE	5	366	384	4	6.290e-04	{M}
UPI00005EEF10	SINGLE	1	359	487	15	1.449e-07	{M}
UPI00005EEF10	SINGLE	2	54	397	57	5.583e-06	{L}
UPI00005EEF10	SINGLE	3	270	628	31	2.454e-05	{F}
UPI00005EEF10	SINGLE	4	217	254	11	9.130e-05	{A}
UPI00005EEF10	SINGLE	5	434	454	8	1.005e-04	{A}
UPI00005EEF10	SINGLE	6	66	561	42	2.652e-04	{I}
UPI00005EEF10	SINGLE	7	17	70	11	3.177e-04	{T}
UPI00005EEF10	SINGLE	8	743	757	5	4.635e-04	{R}
UPI00005EEF10	SINGLE	9	486	585	16	4.758e-04	{V}
UPI00005EEF10	SINGLE	10	595	612	6	6.250e-04	{E}
UPI00005EEF10	SINGLE	11	523	551	8	6.512e-04	{S}
UPI00005EEF10	MULTIPLE	1	76	585	257	7.401e-14	{MLFAIV}
UPI00005EEF10	WHOLE	1	1	773	99	1.883e-04	{L}
UPI00005EEF10	WHOLE	2	1	773	57	7.477e-04	{I}
UPI00005EEF11	SINGLE	1	118	586	63	1.091e-05	{A}
UPI00005EEF11	SINGLE	2	340	708	45	2.149e-05	{V}
UPI00005EEF11	SINGLE	3	745	768	9	4.300e-05	{A}
UPI00005EEF11	SINGLE	4	712	751	9	7.925e-05	{R}
UPI00005EEF11	SINGLE	5	39	70	7	5.709e-04	{R}
UPI00005EEF11	SINGLE	6	518	535	5	7.334e-04	{Q}
UPI00005EEF11	MULTIPLE	1	299	510	59	1.487e-07	{AV}
UPI00005EEF11	MULTIPLE	2	712	768	20	8.737e-06	{AR}
UPI00005EEF11	WHOLE	1	1	773	89	7.641e-05	{A}
UPI00005EEF2D	SINGLE	1	8	27	4	7.691e-04	{H}
UPI00005EEF32	SINGLE	1	179	290	16	2.073e-05	{Q}
UPI00005EEF32	SINGLE	2	32	323	35	8.267e-05	{K}
UPI00005EEF32	SINGLE	3	175	189	6	5.574e-04	{A}
UPI00005EEF32	MULTIPLE	1	32	327	61	1.375e-07	{QK}
UPI00005EEF32	WHOLE	1	1	335	38	1.303e-04	{K}
UPI00005EEF32	WHOLE	2	1	335	27	8.632e-04	{Q}
UPI00005EEF36	SINGLE	1	8	582	77	1.669e-06	{A}
UPI00005EEF36	SINGLE	2	6	739	102	8.583e-06	{L}
UPI00005EEF36	SINGLE	3	182	198	6	1.949e-04	{D}
UPI00005EEF36	SINGLE	4	215	290	11	7.171e-04	{R}
UPI00005EEF36	SINGLE	5	543	859	28	7.953e-04	{R}
UPI00005EEF36	SINGLE	6	698	792	15	7.964e-04	{E}
UPI00005EEF36	MULTIPLE	1	26	692	217	4.963e-11	{ALR}
UPI00005EEF36	MULTIPLE	2	579	836	46	5.414e-04	{RE}
UPI00005EEF36	WHOLE	1	1	886	119	8.445e-06	{L}
UPI00005EEF36	WHOLE	2	1	886	95	4.257e-04	{A}
UPI00005EEF36	WHOLE	3	1	886	62	8.079e-04	{R}
UPI00005EEF4C	SINGLE	1	121	146	16	1.109e-20	{H}
UPI00005EEF4C	SINGLE	2	89	116	5	5.110e-05	{W}
UPI00005EEF4C	SINGLE	3	42	99	11	8.845e-05	{I}
UPI00005EEF4C	SINGLE	4	176	221	13	1.425e-04	{L}
UPI00005EEF4C	MULTIPLE	1	42	116	17	3.384e-06	{WI}
UPI00005EEF4C	WHOLE	1	1	274	22	1.726e-07	{H}
UPI00005EEF56	SINGLE	1	5	91	12	8.243e-04	{I}
UPI00005EEF63	SINGLE	1	15	49	10	5.422e-05	{G}
UPI00005EEF63	SINGLE	2	72	86	5	2.875e-04	{N}
UPI00005EEF6E	SINGLE	1	34	377	45	4.499e-11	{Q}
UPI00005EEF6E	SINGLE	2	11	356	58	2.256e-08	{A}
UPI00005EEF6E	SINGLE	3	498	529	11	1.751e-06	{T}
UPI00005EEF6E	SINGLE	4	390	418	8	2.026e-05	{N}
UPI00005EEF6E	SINGLE	5	470	499	9	8.387e-05	{G}
UPI00005EEF6E	SINGLE	6	233	354	16	1.327e-04	{P}
UPI00005EEF6E	SINGLE	7	553	637	8	4.498e-04	{M}
UPI00005EEF6E	MULTIPLE	1	11	380	128	7.229e-17	{QAP}
UPI00005EEF6E	MULTIPLE	2	470	533	25	9.620e-08	{TG}
UPI00005EEF6E	WHOLE	1	1	678	66	8.853e-10	{Q}
UPI00005EEF6E	WHOLE	2	1	678	88	1.264e-06	{A}
UPI00005EEF91	SINGLE	1	49	349	25	1.406e-08	{M}
UPI00005EEF91	SINGLE	2	6	413	56	1.686e-05	{A}
UPI00005EEF91	SINGLE	3	244	396	25	1.777e-05	{G}
UPI00005EEF91	MULTIPLE	1	1	419	129	3.954e-13	{MAG}
UPI00005EEF91	WHOLE	1	1	419	27	5.984e-07	{M}
UPI00005EEF91	WHOLE	2	1	419	56	3.402e-05	{A}
UPI00005EEF91	WHOLE	3	1	419	46	2.782e-04	{G}
UPI00005EEF98	SINGLE	1	323	364	7	2.919e-05	{M}
UPI00005EEF98	SINGLE	2	147	341	12	6.580e-05	{C}
UPI00005EEF98	SINGLE	3	27	180	21	7.926e-04	{G}
UPI00005EEF98	SINGLE	4	152	166	5	9.005e-04	{D}
UPI00005EEF98	MULTIPLE	1	22	180	36	9.259e-05	{GD}
UPI00005EEF9F	SINGLE	1	32	91	17	1.390e-07	{V}
UPI00005EEF9F	SINGLE	2	329	380	13	1.112e-04	{A}
UPI00005EEF9F	SINGLE	3	7	24	6	6.921e-04	{G}
UPI00005EEFA4	SINGLE	1	140	344	26	4.501e-06	{R}
UPI00005EEFA4	SINGLE	2	124	167	5	4.441e-04	{W}
UPI00005EEFA4	SINGLE	3	207	269	9	4.571e-04	{Y}
UPI00005EEFA4	SINGLE	4	27	41	5	5.275e-04	{I}
UPI00005EEFA4	MULTIPLE	1	124	344	36	1.079e-07	{RW}
UPI00005EEFA4	WHOLE	1	1	344	31	3.397e-04	{R}
UPI00005EEFBE	SINGLE	1	103	166	11	2.121e-05	{Y}
UPI00005EEFBE	SINGLE	2	205	271	14	6.569e-05	{V}
UPI00005EEFBE	SINGLE	3	67	199	21	1.213e-04	{G}
UPI00005EEFBE	SINGLE	4	286	301	5	2.574e-04	{F}
UPI00005EEFBE	MULTIPLE	1	67	199	34	3.885e-07	{YG}
UPI00005EEFE8	SINGLE	1	29	320	39	1.541e-05	{G}
UPI00005EEFE8	SINGLE	2	226	386	28	3.539e-05	{A}
UPI00005EEFE8	SINGLE	3	111	154	9	1.405e-04	{P}
UPI00005EEFE8	SINGLE	4	4	402	35	2.541e-04	{R}
UPI00005EEFE8	SINGLE	5	55	86	8	6.680e-04	{E}
UPI00005EEFE8	MULTIPLE	1	23	378	134	2.765e-09	{GAPR}
UPI00005EEFE8	WHOLE	1	1	457	37	7.053e-04	{R}
UPI00005EEFE8	WHOLE	2	1	457	47	8.659e-04	{G}
UPI00005EEFED	SINGLE	1	61	106	6	5.623e-05	{W}
UPI00005EEFEE	SINGLE	1	25	333	44	9.726e-07	{G}
UPI00005EEFEE	SINGLE	2	6	246	25	7.283e-06	{F}
UPI00005EEFEE	SINGLE	3	3	384	18	1.733e-05	{W}
UPI00005EEFEE	SINGLE	4	12	302	31	3.278e-05	{I}
UPI00005EEFEE	SINGLE	5	82	285	15	3.691e-05	{M}
UPI00005EEFEE	SINGLE	6	357	380	9	1.452e-04	{L}
UPI00005EEFEE	SINGLE	7	93	163	15	2.459e-04	{A}
UPI00005EEFEE	MULTIPLE	1	1	389	198	8.784e-24	{GFWIMA}
UPI00005EEFEE	WHOLE	1	1	401	48	3.162e-05	{G}
UPI00005EEFEE	WHOLE	2	1	401	18	3.184e-05	{W}
UPI00005EEFEE	WHOLE	3	1	401	33	3.505e-05	{F}
UPI00005EEFEE	WHOLE	4	1	401	37	1.195e-04	{I}
UPI00005EEFEE	WHOLE	5	1	401	19	9.140e-04	{M}
UPI00005EEFEE	WHOLE	6	1	401	48	9.880e-04	{A}
UPI00005EF027	SINGLE	1	7	37	8	5.357e-04	{E}
UPI00005EF02F	SINGLE	1	77	102	7	1.012e-06	{M}
UPI00005EF02F	WHOLE	1	1	276	17	1.001e-04	{M}
UPI00005EF031	SINGLE	1	70	133	20	5.299e-07	{L}
UPI00005EF031	SINGLE	2	159	173	8	1.266e-06	{V}
UPI00005EF031	SINGLE	3	233	414	32	8.776e-06	{A}
UPI00005EF031	SINGLE	4	184	255	13	3.650e-05	{I}
UPI00005EF031	SINGLE	5	290	432	20	5.975e-04	{V}
UPI00005EF031	MULTIPLE	1	184	424	83	1.184e-08	{AIV}
UPI00005EF031	WHOLE	1	1	434	47	2.113e-04	{V}
UPI00005EF031	WHOLE	2	1	434	38	2.600e-04	{I}
UPI00005EF031	WHOLE	3	1	434	60	4.199e-04	{L}
UPI00005EF031	WHOLE	4	1	434	52	6.608e-04	{A}
UPI00005EF032	SINGLE	1	62	91	7	4.505e-04	{I}
UPI00005EF032	SINGLE	2	51	65	6	5.574e-04	{A}
UPI00005EF032	MULTIPLE	1	49	92	18	2.407e-06	{IA}
UPI00005EF045	SINGLE	1	140	258	9	9.515e-04	{H}
UPI00005EF055	SINGLE	1	171	441	45	9.037e-07	{A}
UPI00005EF055	SINGLE	2	286	407	12	1.325e-05	{M}
UPI00005EF055	SINGLE	3	62	168	19	5.283e-05	{G}
UPI00005EF055	SINGLE	4	3	63	10	4.691e-04	{R}
UPI00005EF055	SINGLE	5	121	152	8	6.615e-04	{V}
UPI00005EF055	SINGLE	6	460	478	6	6.706e-04	{T}
UPI00005EF055	SINGLE	7	92	259	20	6.800e-04	{D}
UPI00005EF055	MULTIPLE	1	171	441	59	5.890e-09	{AM}
UPI00005EF055	MULTIPLE	2	62	259	67	1.680e-07	{GVD}
UPI00005EF057	SINGLE	1	23	622	45	7.497e-06	{Y}
UPI00005EF057	SINGLE	2	7	483	44	1.749e-05	{R}
UPI00005EF057	SINGLE	3	443	539	17	1.443e-04	{G}
UPI00005EF057	SINGLE	4	192	289	9	2.457e-04	{H}
UPI00005EF057	SINGLE	5	33	58	6	6.261e-04	{Q}
UPI00005EF057	MULTIPLE	1	72	483	83	8.442e-09	{YRH}
UPI00005EF057	WHOLE	1	1	686	47	4.176e-05	{Y}
UPI00005EF058	SINGLE	1	26	47	8	1.455e-04	{A}
UPI00005EF059	SINGLE	1	6	271	15	1.106e-05	{W}
UPI00005EF059	SINGLE	2	2	287	48	1.911e-05	{L}
UPI00005EF059	SINGLE	3	4	23	5	7.789e-04	{F}
UPI00005EF059	MULTIPLE	1	2	290	79	8.532e-09	{WLF}
UPI00005EF059	WHOLE	1	1	290	48	2.690e-05	{L}
UPI00005EF059	WHOLE	2	1	290	15	2.913e-05	{W}
UPI00005EF064	SINGLE	1	258	273	7	2.192e-06	{Q}
UPI00005EF064	SINGLE	2	44	222	28	1.354e-05	{G}
UPI00005EF064	SINGLE	3	124	138	6	2.045e-04	{V}
UPI00005EF069	SINGLE	1	3	20	8	9.209e-07	{I}
UPI00005EF069	SINGLE	2	23	58	12	1.740e-06	{G}
UPI00005EF069	WHOLE	1	1	84	17	2.380e-05	{G}
UPI00005EF069	WHOLE	2	1	84	14	4.619e-05	{I}
UPI00005EF075	SINGLE	1	206	281	13	4.840e-05	{R}
UPI00005EF075	SINGLE	2	151	165	5	9.005e-04	{D}
UPI00005EF076	SINGLE	1	162	220	9	4.641e-06	{H}
UPI00005EF076	SINGLE	2	69	83	5	2.936e-04	{Q}
UPI00005EF076	SINGLE	3	24	198	19	4.940e-04	{R}
UPI00005EF076	MULTIPLE	1	23	220	34	6.822e-07	{HR}
UPI00005EF076	WHOLE	1	1	260	15	4.583e-04	{H}
UPI00005EF08A	SINGLE	1	4	745	67	4.086e-07	{R}
UPI00005EF08A	SINGLE	2	147	363	38	1.613e-06	{A}
UPI00005EF08A	SINGLE	3	117	199	13	4.491e-05	{Q}
UPI00005EF08A	SINGLE	4	468	740	17	8.834e-05	{M}
UPI00005EF08A	SINGLE	5	2	723	95	1.037e-04	{L}
UPI00005EF08A	SINGLE	6	392	478	15	3.256e-04	{E}
UPI00005EF08A	SINGLE	7	564	586	7	4.101e-04	{E}
UPI00005EF08A	SINGLE	8	513	682	19	4.882e-04	{I}
UPI00005EF08A	MULTIPLE	1	1	745	374	5.446e-17	{RAMLEI}
UPI00005EF08A	WHOLE	1	1	748	67	5.413e-07	{R}
UPI00005EF08A	WHOLE	2	1	748	97	1.440e-04	{L}
UPI00005EF08D	SINGLE	1	10	24	9	1.324e-06	{L}
UPI00005EF08D	SINGLE	2	25	80	11	2.038e-05	{Q}
UPI00005EF08D	SINGLE	3	28	44	6	7.634e-04	{S}
UPI00005EF08D	MULTIPLE	1	25	73	19	7.238e-07	{QS}
UPI00005EF092	SINGLE	1	196	607	41	5.992e-06	{R}
UPI00005EF092	SINGLE	2	24	452	58	1.877e-05	{A}
UPI00005EF092	SINGLE	3	3	444	65	5.361e-05	{L}
UPI00005EF092	MULTIPLE	1	7	603	200	1.651e-11	{RAL}
UPI00005EF092	WHOLE	1	1	608	74	5.189e-05	{A}
UPI00005EF092	WHOLE	2	1	608	50	8.483e-05	{R}
UPI00005EF092	WHOLE	3	1	608	78	6.411e-04	{L}
UPI00005EF09E	SINGLE	1	68	164	11	7.900e-06	{M}
UPI00005EF09E	SINGLE	2	195	359	32	2.561e-05	{L}
UPI00005EF09E	SINGLE	3	76	172	14	5.779e-05	{Q}
UPI00005EF09E	SINGLE	4	155	284	23	1.216e-04	{A}
UPI00005EF09E	SINGLE	5	20	34	6	2.045e-04	{V}
UPI00005EF09E	MULTIPLE	1	68	172	25	9.753e-09	{MQ}
UPI00005EF09E	MULTIPLE	2	155	364	62	2.903e-06	{LA}
UPI00005EF09E	WHOLE	1	1	458	34	8.797e-04	{Q}
UPI00005EF0A4	SINGLE	1	7	309	30	9.241e-05	{R}
UPI00005EF0A4	WHOLE	1	1	377	34	1.898e-04	{R}
UPI00005EF0A6	SINGLE	1	4	336	70	3.465e-11	{L}
UPI00005EF0A6	SINGLE	2	8	318	29	6.229e-05	{Q}
UPI00005EF0A6	SINGLE	3	228	307	12	3.123e-04	{R}
UPI00005EF0A6	SINGLE	4	120	184	14	3.143e-04	{A}
UPI00005EF0A6	MULTIPLE	1	3	331	157	2.814e-17	{LQRA}
UPI00005EF0A6	WHOLE	1	1	343	70	1.341e-10	{L}
UPI00005EF0A6	WHOLE	2	1	343	29	2.953e-04	{Q}
UPI00005EF0EC	SINGLE	1	590	627	13	2.974e-06	{A}
UPI00005EF0EC	SINGLE	2	4	228	40	2.349e-05	{L}
UPI00005EF0EC	SINGLE	3	411	439	11	2.434e-05	{L}
UPI00005EF0EC	SINGLE	4	324	338	6	3.376e-05	{P}
UPI00005EF0EC	SINGLE	5	529	683	18	9.926e-05	{Q}
UPI00005EF0EC	SINGLE	6	33	112	12	3.993e-04	{I}
UPI00005EF0EC	SINGLE	7	361	383	4	4.271e-04	{C}
UPI00005EF0EC	SINGLE	8	525	585	10	4.691e-04	{R}
UPI00005EF0EC	SINGLE	9	50	142	11	7.558e-04	{F}
UPI00005EF0EC	MULTIPLE	1	525	683	58	1.899e-09	{AQR}
UPI00005EF0EC	MULTIPLE	2	4	228	74	3.626e-08	{LIF}
UPI00005EF0EC	WHOLE	1	1	683	90	1.393e-04	{L}
UPI00005EF0EC	WHOLE	2	1	683	76	5.015e-04	{A}
UPI00005EF10A	SINGLE	1	56	76	8	1.933e-05	{T}
UPI00005EF10A	SINGLE	2	170	235	12	1.959e-05	{Q}
UPI00005EF10A	SINGLE	3	317	341	8	1.088e-04	{V}
UPI00005EF11A	SINGLE	1	23	37	5	2.936e-04	{Q}
UPI00005EF11E	SINGLE	1	121	173	10	6.734e-05	{Q}
UPI00005EF11E	SINGLE	2	225	423	34	1.757e-04	{L}
UPI00005EF11E	SINGLE	3	155	277	19	3.135e-04	{G}
UPI00005EF11E	SINGLE	4	115	445	42	6.597e-04	{A}
UPI00005EF11E	SINGLE	5	307	339	7	6.899e-04	{R}
UPI00005EF11E	SINGLE	6	371	397	6	7.702e-04	{Q}
UPI00005EF11E	MULTIPLE	1	121	445	85	8.773e-06	{QAR}
UPI00005EF11E	MULTIPLE	2	225	423	45	1.636e-04	{LQ}
UPI00005EF11F	SINGLE	1	20	189	31	5.731e-06	{A}
UPI00005EF11F	SINGLE	2	260	277	4	1.222e-04	{W}
UPI00005EF11F	WHOLE	1	1	285	38	4.672e-04	{A}
UPI00005EF12F	SINGLE	1	107	305	33	2.137e-05	{A}
UPI00005EF12F	SINGLE	2	303	317	5	4.135e-04	{P}
UPI00005EF12F	SINGLE	3	6	20	6	5.574e-04	{A}
UPI00005EF12F	SINGLE	4	113	202	12	8.688e-04	{R}
UPI00005EF12F	MULTIPLE	1	107	305	49	1.690e-06	{AR}
UPI00005EF136	SINGLE	1	16	174	29	1.089e-05	{A}
UPI00005EF136	WHOLE	1	1	304	40	4.459e-04	{A}
UPI00005EF169	SINGLE	1	206	242	7	4.347e-04	{F}
UPI00005EF169	SINGLE	2	170	284	9	7.563e-04	{H}
UPI00005EF169	SINGLE	3	160	221	14	8.805e-04	{L}
UPI00005EF169	MULTIPLE	1	160	243	31	7.435e-07	{FHL}
UPI00005EF178	SINGLE	1	15	58	12	8.341e-05	{A}
UPI00005EF178	SINGLE	2	115	212	17	1.304e-04	{E}
UPI00005EF178	SINGLE	3	69	85	6	4.943e-04	{G}
UPI00005EF17E	SINGLE	1	184	266	11	6.449e-04	{N}
UPI00005EF17E	SINGLE	2	29	62	5	7.231e-04	{M}
UPI00005EF191	SINGLE	1	96	340	33	5.214e-05	{G}
UPI00005EF191	SINGLE	2	64	156	14	1.367e-04	{I}
UPI00005EF191	MULTIPLE	1	58	346	58	1.050e-05	{GI}
UPI00005EF191	WHOLE	1	1	347	40	2.515e-04	{G}
UPI00005EF199	SINGLE	1	122	369	32	1.681e-07	{P}
UPI00005EF199	SINGLE	2	17	333	46	2.218e-05	{A}
UPI00005EF199	SINGLE	3	6	148	9	2.584e-04	{W}
UPI00005EF199	MULTIPLE	1	17	347	85	7.952e-09	{PAW}
UPI00005EF199	WHOLE	1	1	388	49	3.128e-04	{A}
UPI00005EF199	WHOLE	2	1	388	32	7.511e-04	{P}
UPI00005EF19A	SINGLE	1	36	221	22	3.194e-06	{F}
UPI00005EF19A	SINGLE	2	22	117	21	1.033e-05	{A}
UPI00005EF19A	SINGLE	3	16	30	7	1.659e-04	{L}
UPI00005EF19A	SINGLE	4	4	18	5	5.275e-04	{I}
UPI00005EF19A	MULTIPLE	1	14	221	96	1.473e-10	{FALI}
UPI00005EF19A	WHOLE	1	1	235	23	3.867e-05	{F}
UPI00005EF1DF	SINGLE	1	18	151	21	1.013e-04	{V}
UPI00005EF1DF	WHOLE	1	1	157	22	3.337e-04	{V}
UPI00005EF1EA	SINGLE	1	285	448	15	2.952e-06	{M}
UPI00005EF1EA	SINGLE	2	167	363	26	3.630e-06	{I}
UPI00005EF1EA	SINGLE	3	25	364	57	3.977e-06	{L}
UPI00005EF1EA	SINGLE	4	16	38	8	2.057e-04	{A}
UPI00005EF1EA	SINGLE	5	423	453	8	3.952e-04	{T}
UPI00005EF1EA	SINGLE	6	1	117	9	8.502e-04	{M}
UPI00005EF1EA	MULTIPLE	1	9	453	217	1.961e-16	{MILAT}
UPI00005EF1EA	WHOLE	1	1	475	26	1.550e-05	{M}
UPI00005EF1EA	WHOLE	2	1	475	42	1.142e-04	{I}
UPI00005EF1EA	WHOLE	3	1	475	67	1.346e-04	{L}
UPI00005EF219	SINGLE	1	126	149	7	8.692e-05	{R}
UPI00005EF21C	SINGLE	1	23	60	12	2.641e-06	{V}
UPI00005EF21C	SINGLE	2	51	310	47	3.440e-06	{L}
UPI00005EF21C	SINGLE	3	123	298	23	1.438e-05	{I}
UPI00005EF21C	SINGLE	4	8	224	11	3.547e-04	{W}
UPI00005EF21C	MULTIPLE	1	8	303	123	3.514e-14	{VLIW}
UPI00005EF21C	WHOLE	1	1	318	52	1.863e-05	{L}
UPI00005EF21C	WHOLE	2	1	318	30	3.149e-04	{I}
UPI00005EF221	SINGLE	1	31	116	19	1.741e-04	{L}
UPI00005EF221	SINGLE	2	44	108	10	7.651e-04	{R}
UPI00005EF221	MULTIPLE	1	43	108	25	9.613e-07	{LR}
UPI00005EF221	WHOLE	1	1	122	22	9.685e-04	{L}
UPI00005EF22C	SINGLE	1	5	274	36	5.049e-08	{I}
UPI00005EF22C	SINGLE	2	58	208	31	1.106e-05	{L}
UPI00005EF22C	SINGLE	3	261	350	14	7.264e-05	{R}
UPI00005EF22C	SINGLE	4	243	273	9	2.046e-04	{S}
UPI00005EF22C	SINGLE	5	225	241	6	3.477e-04	{T}
UPI00005EF22C	MULTIPLE	1	28	224	61	7.809e-10	{IL}
UPI00005EF22C	WHOLE	1	1	415	46	2.155e-07	{I}
UPI00005EF243	SINGLE	1	120	447	29	1.525e-05	{Y}
UPI00005EF243	SINGLE	2	37	456	42	1.022e-04	{D}
UPI00005EF243	SINGLE	3	12	422	53	1.216e-04	{A}
UPI00005EF243	SINGLE	4	48	390	14	5.215e-04	{W}
UPI00005EF243	MULTIPLE	1	30	422	131	1.812e-12	{YDAW}
UPI00005EF243	WHOLE	1	1	468	33	2.739e-04	{Y}
UPI00005EF243	WHOLE	2	1	468	42	7.743e-04	{D}
UPI00005EF258	SINGLE	1	149	223	16	1.648e-05	{E}
UPI00005EF258	SINGLE	2	73	91	7	1.246e-04	{G}
UPI00005EF258	SINGLE	3	211	227	6	1.949e-04	{D}
UPI00005EF258	SINGLE	4	4	72	13	2.082e-04	{K}
UPI00005EF258	MULTIPLE	1	143	227	27	1.002e-06	{ED}
UPI00005EF25C	SINGLE	1	71	97	8	6.718e-04	{A}
UPI00005EF2A9	SINGLE	1	19	193	54	1.397e-22	{E}
UPI00005EF2A9	SINGLE	2	41	168	27	1.381e-06	{A}
UPI00005EF2A9	SINGLE	3	28	180	24	3.523e-05	{V}
UPI00005EF2A9	SINGLE	4	17	57	9	4.546e-05	{Q}
UPI00005EF2A9	SINGLE	5	86	115	7	3.283e-04	{P}
UPI00005EF2A9	MULTIPLE	1	19	188	136	1.412e-41	{EAVQP}
UPI00005EF2A9	WHOLE	1	1	497	79	1.704e-13	{E}
UPI00005EF2A9	WHOLE	2	1	497	60	2.575e-04	{A}
UPI00005EF2BB	SINGLE	1	69	115	12	2.787e-05	{V}
UPI00005EF2BB	SINGLE	2	229	263	11	4.044e-05	{A}
UPI00005EF2BB	SINGLE	3	74	171	17	9.800e-04	{A}
UPI00005EF2BB	MULTIPLE	1	69	171	32	7.525e-06	{VA}
UPI00005EF2BD	SINGLE	1	13	49	11	1.563e-05	{G}
UPI00005EF2BD	SINGLE	2	47	178	11	1.272e-04	{H}
UPI00005EF2BD	SINGLE	3	319	340	8	1.455e-04	{A}
UPI00005EF2BD	SINGLE	4	343	437	14	1.706e-04	{I}
UPI00005EF2BD	WHOLE	1	1	466	21	9.475e-04	{H}
UPI00005EF2CA	SINGLE	1	179	383	15	3.887e-05	{H}
UPI00005EF2CA	SINGLE	2	284	309	7	1.284e-04	{P}
UPI00005EF2CA	SINGLE	3	69	115	10	6.715e-04	{G}
UPI00005EF2CA	SINGLE	4	82	128	9	7.871e-04	{D}
UPI00005EF2CA	MULTIPLE	1	162	383	35	2.313e-06	{HP}
UPI00005EF2CA	MULTIPLE	2	69	128	19	4.267e-05	{GD}
UPI00005EF2D0	SINGLE	1	170	242	8	1.635e-04	{H}
UPI00005EF2D2	SINGLE	1	8	25	9	9.630e-06	{L}
UPI00005EF2D2	SINGLE	2	250	354	15	1.076e-04	{R}
UPI00005EF2D2	SINGLE	3	59	78	4	7.691e-04	{M}
UPI00005EF2D2	SINGLE	4	85	421	42	9.028e-04	{A}
UPI00005EF2D2	MULTIPLE	1	85	425	70	1.295e-05	{RA}
UPI00005EF2D9	SINGLE	1	3	214	28	9.330e-07	{R}
UPI00005EF2D9	SINGLE	2	180	194	4	7.491e-05	{C}
UPI00005EF2D9	SINGLE	3	92	175	18	3.628e-04	{L}
UPI00005EF2D9	SINGLE	4	218	244	4	6.125e-04	{W}
UPI00005EF2D9	MULTIPLE	1	3	217	69	8.367e-10	{RCL}
UPI00005EF2D9	WHOLE	1	1	295	30	5.878e-05	{R}
UPI00005EF2E0	SINGLE	1	25	85	8	5.380e-06	{C}
UPI00005EF2E0	SINGLE	2	74	169	16	1.001e-05	{R}
UPI00005EF2E0	SINGLE	3	187	279	20	2.113e-05	{A}
UPI00005EF2E0	SINGLE	4	109	183	12	1.383e-04	{P}
UPI00005EF2E0	SINGLE	5	278	358	17	6.462e-04	{L}
UPI00005EF2E0	MULTIPLE	1	23	183	43	2.008e-08	{CRP}
UPI00005EF2E0	WHOLE	1	1	407	17	2.529e-04	{C}
UPI00005EF34F	SINGLE	1	14	338	62	1.851e-08	{L}
UPI00005EF34F	SINGLE	2	72	325	21	2.004e-07	{M}
UPI00005EF34F	SINGLE	3	21	320	39	1.770e-05	{V}
UPI00005EF34F	SINGLE	4	13	74	10	6.581e-04	{I}
UPI00005EF34F	MULTIPLE	1	11	338	147	7.801e-19	{LMVI}
UPI00005EF34F	WHOLE	1	1	349	63	1.102e-07	{L}
UPI00005EF34F	WHOLE	2	1	349	23	2.597e-06	{M}
UPI00005EF34F	WHOLE	3	1	349	39	3.515e-04	{V}
UPI00005EF85F	SINGLE	1	195	624	69	1.649e-18	{R}
UPI00005EF85F	SINGLE	2	568	627	20	7.262e-10	{G}
UPI00005EF85F	SINGLE	3	454	497	11	1.823e-05	{D}
UPI00005EF85F	SINGLE	4	11	162	28	1.756e-04	{L}
UPI00005EF85F	SINGLE	5	346	429	18	3.628e-04	{L}
UPI00005EF85F	SINGLE	6	157	610	46	8.761e-04	{E}
UPI00005EF85F	MULTIPLE	1	136	429	70	8.267e-05	{LE}
UPI00005EF85F	WHOLE	1	1	629	78	2.490e-14	{R}
UPI00005EF887	SINGLE	1	121	147	5	2.447e-04	{H}
UPI00005EFA32	SINGLE	1	4	196	41	2.177e-07	{L}
UPI00005EFA32	SINGLE	2	99	244	22	1.250e-04	{V}
UPI00005EFA32	SINGLE	3	128	198	11	5.159e-04	{I}
UPI00005EFA32	MULTIPLE	1	43	198	70	6.114e-12	{LVI}
UPI00005EFA32	WHOLE	1	1	261	47	3.817e-06	{L}
UPI00005EFAAE	SINGLE	1	174	195	6	2.364e-04	{N}
UPI00005EFAAE	SINGLE	2	37	153	15	4.494e-04	{I}
UPI00005EFAAE	SINGLE	3	17	39	7	4.607e-04	{G}
UPI00005EFAAE	MULTIPLE	1	17	153	31	1.053e-04	{IG}
UPI00005EFABD	SINGLE	1	4	445	48	2.197e-07	{I}
UPI00005EFABD	SINGLE	2	69	458	52	8.535e-07	{G}
UPI00005EFABD	SINGLE	3	26	348	39	8.159e-05	{V}
UPI00005EFABD	SINGLE	4	245	259	5	1.842e-04	{F}
UPI00005EFABD	SINGLE	5	84	136	12	2.449e-04	{S}
UPI00005EFABD	SINGLE	6	331	378	6	5.219e-04	{M}
UPI00005EFABD	SINGLE	7	203	227	4	5.908e-04	{C}
UPI00005EFABD	MULTIPLE	1	61	428	200	3.964e-20	{IGVFSM}
UPI00005EFABD	WHOLE	1	1	466	49	4.212e-07	{I}
UPI00005EFABD	WHOLE	2	1	466	55	1.428e-05	{G}
UPI00005EFCC0	SINGLE	1	12	48	11	7.039e-05	{A}
UPI00005EFCC0	SINGLE	2	49	63	6	2.045e-04	{V}
UPI00005EFCC0	WHOLE	1	1	80	15	8.555e-04	{A}
UPI00005EFD90	SINGLE	1	10	25	7	3.033e-05	{V}
UPI00005EFD90	SINGLE	2	27	140	9	4.846e-05	{W}
UPI00005EFD90	SINGLE	3	54	127	14	2.361e-04	{G}
UPI00005EFD90	MULTIPLE	1	45	132	21	4.308e-06	{WG}
UPI00005EFD90	WHOLE	1	1	140	9	2.217e-04	{W}
UPI00005EFDD2	SINGLE	1	23	84	18	5.901e-06	{L}
UPI00005EFDD2	SINGLE	2	213	241	7	9.066e-05	{F}
UPI00005EFDD2	SINGLE	3	198	214	7	1.565e-04	{A}
UPI00005EFDD2	SINGLE	4	110	124	5	2.936e-04	{Q}
UPI00005EFDD2	SINGLE	5	234	248	5	2.936e-04	{Q}
UPI00005EFDD2	SINGLE	6	9	56	8	7.938e-04	{Q}
UPI00005EFDD2	MULTIPLE	1	14	84	26	6.596e-07	{LQ}
UPI00005EFDD2	MULTIPLE	2	198	244	20	1.147e-05	{FAQ}
UPI00005EFDE5	SINGLE	1	12	32	7	4.055e-05	{I}
UPI00005EFDE5	SINGLE	2	49	75	5	4.261e-05	{W}
UPI00005EFDE5	SINGLE	3	2	19	5	4.662e-04	{F}
UPI00005EFDE5	SINGLE	4	26	56	5	4.717e-04	{H}
UPI00005EFDE5	MULTIPLE	1	12	45	15	8.667e-07	{IFH}
UPI00005EFDEA	SINGLE	1	12	141	18	3.975e-12	{C}
UPI00005EFDEA	WHOLE	1	1	157	18	9.554e-11	{C}
UPI00005EFDFA	SINGLE	1	97	431	60	2.752e-07	{L}
UPI00005EFDFA	SINGLE	2	35	385	34	9.904e-07	{F}
UPI00005EFDFA	SINGLE	3	80	145	15	1.706e-05	{G}
UPI00005EFDFA	SINGLE	4	257	304	7	6.979e-05	{M}
UPI00005EFDFA	SINGLE	5	390	428	11	1.172e-04	{A}
UPI00005EFDFA	SINGLE	6	200	307	18	1.385e-04	{V}
UPI00005EFDFA	SINGLE	7	26	177	25	2.010e-04	{A}
UPI00005EFDFA	SINGLE	8	241	276	9	2.263e-04	{T}
UPI00005EFDFA	SINGLE	9	227	245	6	6.596e-04	{K}
UPI00005EFDFA	MULTIPLE	1	23	374	230	2.731e-18	{LFGMVAT}
UPI00005EFDFA	WHOLE	1	1	440	66	2.730e-05	{L}
UPI00005EFDFA	WHOLE	2	1	440	34	8.733e-05	{F}
UPI00005EFDFA	WHOLE	3	1	440	54	3.282e-04	{A}
UPI00005EFE0A	SINGLE	1	74	368	45	1.115e-07	{G}
UPI00005EFE0A	SINGLE	2	10	390	64	1.082e-06	{L}
UPI00005EFE0A	SINGLE	3	162	383	38	2.769e-06	{A}
UPI00005EFE0A	SINGLE	4	140	380	30	2.733e-04	{V}
UPI00005EFE0A	SINGLE	5	234	271	7	5.121e-04	{F}
UPI00005EFE0A	MULTIPLE	1	9	386	224	9.314e-24	{GLAVF}
UPI00005EFE0A	WHOLE	1	1	405	51	5.152e-06	{G}
UPI00005EFE0A	WHOLE	2	1	405	64	7.573e-06	{L}
UPI00005EFE0A	WHOLE	3	1	405	52	1.522e-04	{A}
UPI00005EFE0A	WHOLE	4	1	405	42	8.812e-04	{V}
UPI00005EFE0E	SINGLE	1	73	208	19	1.269e-06	{F}
UPI00005EFE0E	SINGLE	2	1	268	16	2.155e-04	{M}
UPI00005EFE0E	SINGLE	3	262	277	6	3.059e-04	{V}
UPI00005EFE0E	SINGLE	4	2	264	25	7.797e-04	{I}
UPI00005EFE0E	MULTIPLE	1	1	272	64	2.281e-09	{FMI}
UPI00005EFE0E	WHOLE	1	1	281	16	3.532e-04	{M}
UPI00005EFE0E	WHOLE	2	1	281	23	4.535e-04	{F}
UPI00005EFE1D	SINGLE	1	16	221	34	3.224e-04	{L}
UPI00005EFE1D	SINGLE	2	5	29	4	4.549e-04	{W}
UPI00005EFE1D	MULTIPLE	1	5	222	42	6.424e-05	{LW}
UPI00005EFE28	SINGLE	1	22	54	5	6.305e-04	{M}
UPI00005EFE28	SINGLE	2	65	112	12	7.936e-04	{L}
UPI00005EFE34	SINGLE	1	16	30	8	1.681e-05	{L}
UPI00005EFE34	SINGLE	2	62	77	5	7.294e-04	{I}
UPI00005EFE5D	SINGLE	1	235	260	8	5.095e-05	{D}
UPI00005EFE5D	SINGLE	2	145	166	8	8.192e-05	{S}
UPI00005EFE5D	SINGLE	3	109	125	5	3.504e-04	{F}
UPI00005EFE5D	SINGLE	4	60	271	22	3.591e-04	{R}
UPI00005EFE5E	SINGLE	1	180	222	9	1.739e-04	{I}
UPI00005EFE5E	SINGLE	2	53	193	17	2.960e-04	{R}
UPI00005EFE77	SINGLE	1	360	380	7	2.506e-04	{G}
UPI00005EFE77	SINGLE	2	362	409	6	5.219e-04	{M}
UPI00005EFE77	SINGLE	3	8	255	26	8.260e-04	{D}
UPI00005EFE77	MULTIPLE	1	360	409	16	2.819e-06	{GM}
UPI00005EFE8E	SINGLE	1	502	654	25	1.087e-07	{I}
UPI00005EFE8E	SINGLE	2	31	679	68	3.603e-05	{V}
UPI00005EFE8E	SINGLE	3	312	647	41	6.963e-05	{G}
UPI00005EFE8E	SINGLE	4	169	320	23	8.714e-05	{E}
UPI00005EFE8E	SINGLE	5	692	707	7	9.989e-05	{A}
UPI00005EFE8E	SINGLE	6	241	257	7	1.565e-04	{A}
UPI00005EFE8E	SINGLE	7	66	100	8	1.733e-04	{R}
UPI00005EFE8E	SINGLE	8	429	447	7	2.079e-04	{S}
UPI00005EFE8E	SINGLE	9	21	35	4	2.419e-04	{M}
UPI00005EFE8E	SINGLE	10	306	409	14	3.212e-04	{R}
UPI00005EFE8E	SINGLE	11	441	465	8	3.852e-04	{A}
UPI00005EFE8E	SINGLE	12	473	492	6	5.140e-04	{D}
UPI00005EFE8E	SINGLE	13	581	620	9	7.051e-04	{E}
UPI00005EFE8E	SINGLE	14	200	217	5	7.334e-04	{Q}
UPI00005EFE8E	MULTIPLE	1	306	660	182	2.583e-09	{IGRADE}
UPI00005EFE8E	MULTIPLE	2	16	686	254	4.012e-09	{VEARM}
UPI00005EFE8E	WHOLE	1	1	711	70	1.582e-04	{V}
UPI00005EFE9D	SINGLE	1	124	295	32	2.716e-06	{A}
UPI00005EFE9D	SINGLE	2	188	278	12	4.148e-04	{Q}
UPI00005EFE9D	MULTIPLE	1	124	304	48	7.826e-08	{AQ}
UPI00005EFE9D	WHOLE	1	1	305	44	3.663e-05	{A}
UPI00005EFE9E	SINGLE	1	207	248	13	2.357e-07	{D}
UPI00005EFE9E	SINGLE	2	218	533	20	1.891e-05	{H}
UPI00005EFE9E	SINGLE	3	339	373	8	4.379e-05	{F}
UPI00005EFE9E	SINGLE	4	430	446	7	1.565e-04	{A}
UPI00005EFE9E	MULTIPLE	1	218	544	42	2.787e-06	{HF}
UPI00005EFE9E	WHOLE	1	1	571	25	5.300e-04	{H}
UPI00005EFEB6	SINGLE	1	409	585	23	1.015e-05	{R}
UPI00005EFEB6	SINGLE	2	384	451	8	1.206e-05	{C}
UPI00005EFEB6	SINGLE	3	417	503	14	2.244e-04	{D}
UPI00005EFEB6	SINGLE	4	383	431	8	4.802e-04	{F}
UPI00005EFEB6	SINGLE	5	35	81	11	6.339e-04	{A}
UPI00005EFEB6	MULTIPLE	1	383	580	63	1.159e-08	{RCDF}
UPI00005EFEB6	WHOLE	1	1	586	48	1.240e-04	{R}
UPI00005EFED6	SINGLE	1	7	235	34	1.369e-04	{A}
UPI00005EFED6	SINGLE	2	33	260	26	2.575e-04	{D}
UPI00005EFED6	MULTIPLE	1	16	254	59	1.087e-06	{AD}
UPI00005EFED6	WHOLE	1	1	260	35	6.193e-04	{A}
UPI00005EFEE1	SINGLE	1	281	307	8	2.251e-04	{G}
UPI00005EFEE1	SINGLE	2	23	179	18	3.653e-04	{R}
UPI00005EFEE1	SINGLE	3	169	186	7	6.140e-04	{L}
UPI00005EFF11	SINGLE	1	131	147	7	4.133e-04	{L}
UPI00005EFF11	SINGLE	2	51	185	15	5.357e-04	{Q}
UPI00005EFF11	MULTIPLE	1	80	140	19	2.069e-04	{LQ}
UPI00005EFF20	SINGLE	1	156	295	21	5.666e-07	{Q}
UPI00005EFF20	SINGLE	2	234	452	13	2.410e-05	{W}
UPI00005EFF20	SINGLE	3	365	668	43	6.746e-05	{A}
UPI00005EFF20	SINGLE	4	191	205	4	7.491e-05	{C}
UPI00005EFF20	SINGLE	5	686	708	6	3.135e-04	{Q}
UPI00005EFF20	SINGLE	6	34	404	32	5.571e-04	{R}
UPI00005EFF20	MULTIPLE	1	87	633	153	1.501e-08	{QWAR}
UPI00005EFF20	WHOLE	1	1	755	53	2.126e-04	{Q}
UPI00005EFF2E	SINGLE	1	4	220	24	1.878e-05	{Q}
UPI00005EFF2E	WHOLE	1	1	302	29	3.806e-05	{Q}
UPI00005EFF2F	SINGLE	1	168	304	15	3.144e-07	{H}
UPI00005EFF2F	SINGLE	2	81	108	8	2.582e-04	{E}
UPI00005EFF30	SINGLE	1	184	236	12	5.202e-06	{R}
UPI00005EFF30	SINGLE	2	285	302	8	8.226e-06	{G}
UPI00005EFF30	SINGLE	3	98	242	21	3.851e-05	{D}
UPI00005EFF30	SINGLE	4	197	275	9	4.901e-05	{M}
UPI00005EFF30	SINGLE	5	67	122	10	2.368e-04	{R}
UPI00005EFF30	SINGLE	6	36	50	4	2.419e-04	{H}
UPI00005EFF30	SINGLE	7	277	306	6	8.147e-04	{F}
UPI00005EFF30	MULTIPLE	1	98	275	53	6.500e-10	{RDM}
UPI00005EFF30	MULTIPLE	2	282	306	13	2.707e-07	{GF}
UPI00005EFF68	SINGLE	1	170	240	14	7.608e-04	{A}
UPI00005EFF70	SINGLE	1	3	119	17	4.578e-05	{I}
UPI00005EFF70	SINGLE	2	73	114	6	2.547e-04	{H}
UPI00005EFF70	MULTIPLE	1	14	119	22	3.457e-06	{IH}
UPI00005EFF75	SINGLE	1	41	89	9	1.810e-04	{N}
UPI00005F0008	SINGLE	1	38	87	10	4.052e-05	{Q}
UPI00005F0014	SINGLE	1	7	25	9	4.569e-06	{A}
UPI00005F0014	SINGLE	2	192	283	11	4.770e-06	{M}
UPI00005F0014	SINGLE	3	39	541	41	6.197e-06	{F}
UPI00005F0014	SINGLE	4	67	488	51	1.501e-05	{G}
UPI00005F0014	SINGLE	5	319	440	24	1.648e-05	{A}
UPI00005F0014	SINGLE	6	22	511	45	3.067e-05	{I}
UPI00005F0014	SINGLE	7	90	216	25	1.333e-04	{L}
UPI00005F0014	SINGLE	8	156	258	16	6.486e-04	{V}
UPI00005F0014	MULTIPLE	1	4	524	221	3.323e-12	{AILV}
UPI00005F0014	MULTIPLE	2	66	524	166	5.039e-15	{MFGA}
UPI00005F0014	WHOLE	1	1	549	42	2.049e-05	{F}
UPI00005F0014	WHOLE	2	1	549	70	2.089e-05	{A}
UPI00005F0014	WHOLE	3	1	549	58	1.543e-04	{G}
UPI00005F0014	WHOLE	4	1	549	46	1.846e-04	{I}
UPI00005F0024	SINGLE	1	3	136	25	2.763e-05	{A}
UPI00005F0024	WHOLE	1	1	150	26	6.743e-05	{A}
UPI00005F0054	SINGLE	1	102	161	14	1.345e-04	{A}
UPI00005F0054	SINGLE	2	47	125	7	1.605e-04	{W}
UPI00005F0054	SINGLE	3	62	87	7	3.644e-04	{D}
UPI00005F0054	SINGLE	4	168	230	7	3.767e-04	{M}
UPI00005F006D	SINGLE	1	52	175	16	2.082e-04	{R}
UPI00005F006D	SINGLE	2	61	86	7	8.993e-04	{E}
UPI00005F006D	MULTIPLE	1	52	164	26	1.833e-04	{RE}
UPI00005F007A	SINGLE	1	77	435	50	3.861e-07	{G}
UPI00005F007A	SINGLE	2	73	108	9	1.524e-05	{Q}
UPI00005F007A	SINGLE	3	217	275	11	3.219e-05	{N}
UPI00005F007A	SINGLE	4	6	22	8	5.235e-05	{L}
UPI00005F007A	SINGLE	5	72	94	6	1.831e-04	{F}
UPI00005F007A	SINGLE	6	7	35	9	2.189e-04	{A}
UPI00005F007A	SINGLE	7	373	387	5	2.936e-04	{Q}
UPI00005F007A	SINGLE	8	126	141	6	3.059e-04	{V}
UPI00005F007A	SINGLE	9	248	268	6	3.649e-04	{I}
UPI00005F007A	MULTIPLE	1	71	444	166	8.032e-14	{GQNVI}
UPI00005F007A	MULTIPLE	2	6	27	15	1.368e-07	{LA}
UPI00005F007A	WHOLE	1	1	474	53	7.424e-05	{G}
UPI00005F009A	SINGLE	1	789	859	17	1.779e-06	{V}
UPI00005F009A	SINGLE	2	434	654	16	2.520e-05	{M}
UPI00005F009A	SINGLE	3	260	296	11	7.039e-05	{A}
UPI00005F009A	SINGLE	4	3	33	9	9.517e-05	{E}
UPI00005F009A	SINGLE	5	242	257	6	2.398e-04	{T}
UPI00005F009A	SINGLE	6	79	223	9	2.853e-04	{W}
UPI00005F009A	SINGLE	7	159	179	4	2.981e-04	{C}
UPI00005F009A	SINGLE	8	431	471	8	4.460e-04	{P}
UPI00005F009A	SINGLE	9	499	527	6	5.635e-04	{Y}
UPI00005F009A	MULTIPLE	1	121	191	10	5.405e-05	{WC}
UPI00005F009A	WHOLE	1	1	860	34	4.079e-04	{M}
UPI00005F00BC	SINGLE	1	27	124	16	3.835e-06	{Q}
UPI00005F00BC	SINGLE	2	65	270	32	9.296e-05	{A}
UPI00005F00BC	MULTIPLE	1	27	270	56	1.112e-06	{QA}
UPI00005F0128	SINGLE	1	14	65	11	3.318e-04	{V}
UPI00005F0128	SINGLE	2	254	356	9	3.520e-04	{M}
UPI00005F0128	SINGLE	3	231	245	5	4.135e-04	{P}
UPI00005F0128	SINGLE	4	325	343	6	8.541e-04	{E}
UPI00005F013D	SINGLE	1	25	217	15	1.984e-05	{H}
UPI00005F013D	SINGLE	2	222	249	8	3.227e-05	{R}
UPI00005F013D	SINGLE	3	97	177	19	7.822e-05	{L}
UPI00005F013D	MULTIPLE	1	39	217	43	9.601e-07	{HL}
UPI00005F0143	SINGLE	1	109	364	21	2.269e-07	{M}
UPI00005F0143	SINGLE	2	328	447	17	6.234e-05	{I}
UPI00005F0143	SINGLE	3	45	112	17	7.935e-05	{L}
UPI00005F0143	SINGLE	4	173	438	37	2.578e-04	{A}
UPI00005F0143	SINGLE	5	73	324	31	3.765e-04	{G}
UPI00005F0143	SINGLE	6	115	133	5	6.080e-04	{F}
UPI00005F0143	SINGLE	7	10	26	5	7.743e-04	{P}
UPI00005F0143	SINGLE	8	334	430	7	8.072e-04	{C}
UPI00005F0143	SINGLE	9	241	257	5	8.659e-04	{R}
UPI00005F0143	SINGLE	10	250	279	4	9.144e-04	{W}
UPI00005F0143	MULTIPLE	1	79	441	177	2.402e-16	{MIAGFCW}
UPI00005F0143	WHOLE	1	1	453	24	4.974e-05	{M}
UPI00005F0143	WHOLE	2	1	453	37	9.500e-04	{I}
UPI00005F0144	SINGLE	1	129	243	27	1.539e-07	{A}
UPI00005F0144	SINGLE	2	92	106	5	2.680e-06	{C}
UPI00005F0144	SINGLE	3	22	181	19	2.388e-04	{I}
UPI00005F0144	SINGLE	4	281	309	5	3.445e-04	{M}
UPI00005F0153	SINGLE	1	104	480	41	2.119e-05	{D}
UPI00005F0153	SINGLE	2	404	477	12	1.528e-04	{R}
UPI00005F0153	SINGLE	3	94	292	13	3.437e-04	{H}
UPI00005F0153	MULTIPLE	1	86	480	86	1.090e-07	{DRH}
UPI00005F0153	WHOLE	1	1	497	44	7.841e-04	{D}
UPI00005F0155	SINGLE	1	8	411	36	3.195e-06	{F}
UPI00005F0155	SINGLE	2	133	149	7	8.304e-06	{I}
UPI00005F0155	SINGLE	3	349	386	6	1.464e-04	{M}
UPI00005F0155	SINGLE	4	9	365	41	2.318e-04	{G}
UPI00005F0155	MULTIPLE	1	1	417	136	6.726e-14	{FIMG}
UPI00005F0155	WHOLE	1	1	538	38	2.011e-04	{F}
UPI00005F0155	WHOLE	2	1	538	45	2.166e-04	{I}
UPI00005F016C	SINGLE	1	118	143	8	5.129e-04	{A}
UPI00005F016D	SINGLE	1	169	612	46	7.239e-10	{Y}
UPI00005F016D	SINGLE	2	71	455	52	5.863e-07	{G}
UPI00005F016D	SINGLE	3	459	550	14	3.925e-04	{D}
UPI00005F016D	MULTIPLE	1	78	612	152	1.549e-13	{YGD}
UPI00005F016D	WHOLE	1	1	614	48	1.362e-06	{Y}
UPI00005F016D	WHOLE	2	1	614	63	1.830e-04	{G}
UPI00005F016F	SINGLE	1	201	215	4	2.419e-04	{H}
UPI00005F016F	SINGLE	2	252	300	9	4.678e-04	{I}
UPI00005F0170	SINGLE	1	44	346	46	2.539e-04	{L}
UPI00005F0170	SINGLE	2	306	321	4	3.155e-04	{M}
UPI00005F0170	SINGLE	3	131	454	42	4.472e-04	{A}
UPI00005F0170	SINGLE	4	10	161	16	6.364e-04	{Q}
UPI00005F0170	MULTIPLE	1	10	376	127	4.937e-07	{LMAQ}
UPI00005F0170	WHOLE	1	1	457	54	7.267e-04	{A}
UPI00005F0173	SINGLE	1	171	481	30	2.450e-05	{N}
UPI00005F0173	SINGLE	2	293	359	11	1.081e-04	{Q}
UPI00005F0173	SINGLE	3	34	74	9	1.195e-04	{I}
UPI00005F0173	SINGLE	4	261	366	17	1.935e-04	{T}
UPI00005F0173	SINGLE	5	314	353	6	1.947e-04	{M}
UPI00005F0173	SINGLE	6	88	570	34	2.322e-04	{Y}
UPI00005F0173	SINGLE	7	11	313	46	2.539e-04	{L}
UPI00005F0173	SINGLE	8	71	85	6	5.574e-04	{A}
UPI00005F0173	MULTIPLE	1	271	359	40	6.171e-10	{NQTM}
UPI00005F0173	MULTIPLE	2	11	570	102	9.021e-05	{YL}
UPI00005F0173	WHOLE	1	1	577	37	6.662e-04	{Y}
UPI00005F0176	SINGLE	1	352	372	7	1.785e-05	{Q}
UPI00005F0176	SINGLE	2	47	824	91	3.912e-05	{A}
UPI00005F0176	SINGLE	3	51	293	41	6.029e-05	{L}
UPI00005F0176	SINGLE	4	304	563	28	6.105e-05	{I}
UPI00005F0176	SINGLE	5	568	731	28	5.697e-04	{L}
UPI00005F0176	SINGLE	6	608	631	7	6.071e-04	{G}
UPI00005F0176	SINGLE	7	796	811	5	6.419e-04	{R}
UPI00005F0176	MULTIPLE	1	47	833	288	3.702e-10	{ALIR}
UPI00005F0176	WHOLE	1	1	833	94	9.922e-05	{A}
UPI00005F0176	WHOLE	2	1	833	103	4.434e-04	{L}
UPI00005F0178	SINGLE	1	20	189	17	7.707e-04	{Q}
UPI00005F0189	SINGLE	1	111	196	14	1.451e-05	{N}
UPI00005F0189	SINGLE	2	23	228	18	5.587e-04	{Y}
UPI00005F0189	MULTIPLE	1	23	220	39	1.229e-07	{NY}
UPI00005F0189	WHOLE	1	1	230	23	1.111e-04	{N}
UPI00005F01AA	SINGLE	1	53	209	20	4.668e-05	{R}
UPI00005F01AA	SINGLE	2	243	258	6	3.084e-04	{E}
UPI00005F01AA	SINGLE	3	23	46	6	3.999e-04	{Q}
UPI00005F01BF	SINGLE	1	46	70	8	1.258e-04	{G}
UPI00005F01BF	SINGLE	2	11	98	13	2.110e-04	{R}
UPI00005F01BF	SINGLE	3	109	254	24	2.631e-04	{A}
UPI00005F01BF	SINGLE	4	245	267	8	5.917e-04	{L}
UPI00005F01BF	SINGLE	5	91	107	5	7.743e-04	{P}
UPI00005F01BF	MULTIPLE	1	17	85	22	3.658e-06	{GR}
UPI00005F01BF	MULTIPLE	2	108	267	50	4.345e-06	{AL}
UPI00005F01D0	SINGLE	1	31	45	4	2.419e-04	{H}
UPI00005F01D0	SINGLE	2	14	39	7	6.865e-04	{T}
UPI00005F01D0	MULTIPLE	1	14	45	11	2.939e-05	{HT}
UPI00005F01D1	SINGLE	1	27	399	59	1.536e-05	{L}
UPI00005F01D1	SINGLE	2	346	371	9	2.409e-05	{G}
UPI00005F01D1	SINGLE	3	171	397	25	1.001e-04	{I}
UPI00005F01D1	SINGLE	4	239	253	5	1.557e-04	{Y}
UPI00005F01D1	SINGLE	5	96	178	15	2.409e-04	{G}
UPI00005F01D1	SINGLE	6	237	360	14	2.640e-04	{F}
UPI00005F01D1	SINGLE	7	108	203	18	2.936e-04	{A}
UPI00005F01D1	MULTIPLE	1	24	399	199	1.548e-16	{LGIFA}
UPI00005F01D1	WHOLE	1	1	406	59	1.426e-04	{L}
UPI00005F01D1	WHOLE	2	1	406	34	9.790e-04	{I}
UPI00005F01F3	SINGLE	1	227	249	7	6.468e-05	{R}
UPI00005F01F3	SINGLE	2	163	187	7	1.370e-04	{I}
UPI00005F01F7	SINGLE	1	289	313	9	6.191e-05	{A}
UPI00005F01F7	SINGLE	2	92	299	28	1.716e-04	{G}
UPI00005F01F7	SINGLE	3	165	212	12	1.988e-04	{A}
UPI00005F01F7	SINGLE	4	3	314	30	2.339e-04	{I}
UPI00005F01F7	SINGLE	5	109	129	4	9.292e-04	{M}
UPI00005F01F7	MULTIPLE	1	1	314	107	1.127e-07	{AGIM}
UPI00005F01F7	WHOLE	1	1	317	30	2.994e-04	{I}
UPI00005F020C	SINGLE	1	62	357	17	2.193e-04	{H}
UPI00005F020C	SINGLE	2	207	221	5	9.005e-04	{D}
UPI00005F020D	SINGLE	1	10	337	45	1.991e-06	{G}
UPI00005F020D	SINGLE	2	114	409	45	8.782e-06	{A}
UPI00005F020D	SINGLE	3	21	328	51	1.591e-05	{L}
UPI00005F020D	SINGLE	4	106	230	21	3.803e-05	{V}
UPI00005F020D	SINGLE	5	25	242	20	2.551e-04	{F}
UPI00005F020D	MULTIPLE	1	19	393	217	2.642e-21	{GALVF}
UPI00005F020D	WHOLE	1	1	419	50	2.438e-05	{G}
UPI00005F020D	WHOLE	2	1	419	60	1.840e-04	{L}
UPI00005F020D	WHOLE	3	1	419	51	5.323e-04	{A}
UPI00005F020D	WHOLE	4	1	419	43	9.420e-04	{V}
UPI00005F0247	SINGLE	1	150	297	17	1.701e-04	{Q}
UPI00005F0247	SINGLE	2	262	276	6	5.574e-04	{A}
UPI00005F0247	MULTIPLE	1	149	297	36	2.310e-05	{QA}
UPI00005F0251	SINGLE	1	225	239	4	2.419e-04	{M}
UPI00005F0251	SINGLE	2	90	154	14	3.143e-04	{A}
UPI00005F0251	SINGLE	3	128	247	8	5.928e-04	{C}
UPI00005F0251	MULTIPLE	1	118	247	16	2.615e-05	{MC}
UPI00005F0253	SINGLE	1	158	196	8	4.479e-04	{I}
UPI00005F0274	SINGLE	1	119	174	15	1.486e-05	{A}
UPI00005F0274	SINGLE	2	192	245	11	1.284e-04	{D}
UPI00005F0274	SINGLE	3	9	27	7	3.444e-04	{A}
UPI00005F0274	WHOLE	1	1	375	47	4.593e-04	{A}
UPI00005F0275	SINGLE	1	108	129	6	3.601e-04	{P}
UPI00005F0275	SINGLE	2	243	307	10	3.634e-04	{Q}
UPI00005F02B5	SINGLE	1	18	467	58	6.559e-07	{G}
UPI00005F02B5	SINGLE	2	72	455	57	1.513e-06	{A}
UPI00005F02B5	SINGLE	3	254	434	34	2.892e-05	{L}
UPI00005F02B5	SINGLE	4	113	336	22	5.261e-05	{F}
UPI00005F02B5	SINGLE	5	89	112	6	3.999e-04	{Q}
UPI00005F02B5	SINGLE	6	245	291	6	4.669e-04	{M}
UPI00005F02B5	SINGLE	7	223	275	9	8.243e-04	{I}
UPI00005F02B5	MULTIPLE	1	67	435	218	7.507e-22	{GALFMI}
UPI00005F02B5	WHOLE	1	1	474	58	3.147e-06	{G}
UPI00005F02B5	WHOLE	2	1	474	59	1.386e-04	{A}
UPI00005F02B5	WHOLE	3	1	474	65	3.266e-04	{L}
UPI00005F02B7	SINGLE	1	10	63	7	1.471e-04	{H}
UPI00005F02B7	SINGLE	2	213	227	4	2.419e-04	{M}
UPI00005F02B7	SINGLE	3	239	299	10	4.691e-04	{R}
UPI00005F02B9	SINGLE	1	320	430	24	4.108e-05	{L}
UPI00005F02B9	SINGLE	2	78	416	46	1.018e-04	{A}
UPI00005F02B9	SINGLE	3	115	266	23	1.148e-04	{G}
UPI00005F02B9	SINGLE	4	371	460	15	4.555e-04	{V}
UPI00005F02B9	SINGLE	5	239	466	22	6.538e-04	{P}
UPI00005F02B9	MULTIPLE	1	78	466	199	1.513e-11	{LAGVP}
UPI00005F02BC	SINGLE	1	25	410	67	5.062e-10	{A}
UPI00005F02BC	SINGLE	2	434	451	8	5.037e-06	{T}
UPI00005F02BC	SINGLE	3	9	384	47	8.056e-06	{V}
UPI00005F02BC	SINGLE	4	420	445	8	1.697e-04	{G}
UPI00005F02BC	SINGLE	5	292	306	5	2.936e-04	{Q}
UPI00005F02BC	MULTIPLE	1	25	384	107	3.319e-14	{AV}
UPI00005F02BC	MULTIPLE	2	425	447	14	7.777e-08	{TG}
UPI00005F02BC	WHOLE	1	1	467	71	4.076e-08	{A}
UPI00005F02BC	WHOLE	2	1	467	53	3.128e-05	{V}
UPI00005F02BE	SINGLE	1	118	160	10	3.271e-04	{G}
UPI00005F02BF	SINGLE	1	172	194	8	5.413e-06	{P}
UPI00005F02BF	SINGLE	2	200	324	16	2.271e-04	{R}
UPI00005F02BF	SINGLE	3	36	50	5	2.875e-04	{N}
UPI00005F02D2	SINGLE	1	63	93	14	2.194e-08	{A}
UPI00005F02D2	SINGLE	2	23	66	10	1.276e-05	{Q}
UPI00005F02D2	SINGLE	3	31	171	21	2.057e-04	{E}
UPI00005F02D2	SINGLE	4	71	138	12	6.348e-04	{K}
UPI00005F02D2	MULTIPLE	1	28	151	73	7.389e-16	{AQEK}
UPI00005F02D2	WHOLE	1	1	179	30	3.887e-05	{A}
UPI00005F0314	SINGLE	1	39	130	29	8.973e-17	{P}
UPI00005F0314	SINGLE	2	91	105	8	8.760e-07	{K}
UPI00005F0314	SINGLE	3	66	90	8	1.099e-04	{E}
UPI00005F0314	SINGLE	4	122	169	11	7.579e-04	{A}
UPI00005F0314	MULTIPLE	1	63	111	38	4.441e-20	{PKE}
UPI00005F0314	WHOLE	1	1	239	40	2.295e-12	{P}
UPI00005F031D	SINGLE	1	50	274	38	1.024e-04	{L}
UPI00005F031D	SINGLE	2	165	193	9	2.189e-04	{A}
UPI00005F031D	SINGLE	3	5	144	9	2.217e-04	{W}
UPI00005F031D	SINGLE	4	2	114	17	8.082e-04	{G}
UPI00005F031D	MULTIPLE	1	2	263	107	1.037e-08	{LAWG}
UPI00005F032B	SINGLE	1	13	33	11	5.369e-07	{L}
UPI00005F032B	SINGLE	2	2	76	14	1.403e-04	{T}
UPI00005F032B	MULTIPLE	1	2	76	31	4.708e-08	{LT}
UPI00005F032B	WHOLE	1	1	146	26	4.658e-04	{L}
UPI00005F0337	SINGLE	1	189	203	9	1.324e-06	{L}
UPI00005F0337	SINGLE	2	30	127	23	1.549e-05	{L}
UPI00005F0337	SINGLE	3	221	235	5	1.842e-04	{F}
UPI00005F0337	SINGLE	4	5	20	5	4.085e-04	{Q}
UPI00005F0337	SINGLE	5	139	154	5	6.419e-04	{R}
UPI00005F0337	WHOLE	1	1	261	42	1.368e-04	{L}
UPI00005F033C	SINGLE	1	9	163	23	1.516e-04	{G}
UPI00005F033C	SINGLE	2	16	95	16	2.956e-04	{A}
UPI00005F033C	SINGLE	3	125	139	5	5.275e-04	{I}
UPI00005F033C	SINGLE	4	164	197	10	5.619e-04	{L}
UPI00005F033C	MULTIPLE	1	5	163	54	6.000e-06	{GAI}
UPI00005F0344	SINGLE	1	28	70	10	2.809e-04	{E}
UPI00005F0349	SINGLE	1	48	64	4	1.265e-04	{C}
UPI00005F0360	SINGLE	1	438	454	6	1.042e-06	{H}
UPI00005F0360	SINGLE	2	8	482	43	5.958e-05	{I}
UPI00005F0360	WHOLE	1	1	484	43	8.780e-05	{I}
UPI00005F039F	SINGLE	1	21	286	45	2.720e-05	{L}
UPI00005F039F	SINGLE	2	14	243	28	5.553e-05	{D}
UPI00005F039F	SINGLE	3	62	89	9	1.638e-04	{A}
UPI00005F039F	SINGLE	4	120	167	11	1.943e-04	{G}
UPI00005F039F	MULTIPLE	1	21	287	130	1.023e-11	{LDAG}
UPI00005F039F	WHOLE	1	1	325	34	1.823e-04	{D}
UPI00005F039F	WHOLE	2	1	325	47	5.932e-04	{L}
UPI00005F03A1	SINGLE	1	68	291	36	1.887e-05	{A}
UPI00005F03A1	SINGLE	2	79	93	6	8.836e-05	{D}
UPI00005F03A1	SINGLE	3	220	280	9	9.287e-04	{Q}
UPI00005F03A1	MULTIPLE	1	67	292	62	1.182e-08	{AD}
UPI00005F03A1	WHOLE	1	1	299	42	9.268e-05	{A}
UPI00005F03AD	SINGLE	1	302	401	21	1.614e-06	{G}
UPI00005F03AD	SINGLE	2	40	518	44	3.602e-05	{I}
UPI00005F03AD	SINGLE	3	203	252	11	2.347e-04	{V}
UPI00005F03AD	MULTIPLE	1	65	488	87	4.285e-08	{GI}
UPI00005F03AD	WHOLE	1	1	531	46	9.364e-05	{I}
UPI00005F03AD	WHOLE	2	1	531	54	5.462e-04	{G}
UPI00005F03B2	SINGLE	1	94	226	26	1.125e-04	{L}
UPI00005F03B2	SINGLE	2	187	201	4	2.419e-04	{H}
UPI00005F03B2	SINGLE	3	57	182	15	2.666e-04	{Q}
UPI00005F03B2	SINGLE	4	17	60	10	3.952e-04	{G}
UPI00005F03B2	MULTIPLE	1	71	206	47	3.521e-08	{LHQ}
UPI00005F03B2	WHOLE	1	1	249	39	3.657e-04	{L}
UPI00005F03DD	SINGLE	1	22	139	22	7.857e-05	{A}
UPI00005F03DD	WHOLE	1	1	217	30	9.020e-04	{A}
UPI00005F03E5	SINGLE	1	37	51	6	2.062e-04	{E}
UPI00005F042C	SINGLE	1	8	24	8	5.235e-05	{L}
UPI00005F042C	SINGLE	2	82	107	6	3.065e-04	{Y}
UPI00005F042C	SINGLE	3	116	152	8	3.110e-04	{I}
UPI00005F042C	SINGLE	4	70	86	5	5.425e-04	{N}
UPI00005F042C	MULTIPLE	1	67	110	14	4.640e-06	{YN}
UPI00005F045A	SINGLE	1	16	78	11	4.936e-04	{D}
UPI00005F045A	SINGLE	2	228	242	6	5.574e-04	{A}
UPI00005F045B	SINGLE	1	7	39	8	2.799e-05	{F}
UPI00005F046C	SINGLE	1	177	210	10	2.305e-05	{K}
UPI00005F046F	SINGLE	1	42	319	54	7.524e-08	{L}
UPI00005F046F	SINGLE	2	89	195	25	4.697e-07	{A}
UPI00005F046F	SINGLE	3	16	375	40	1.123e-06	{I}
UPI00005F046F	SINGLE	4	186	233	13	6.678e-06	{V}
UPI00005F046F	MULTIPLE	1	16	375	179	9.384e-18	{LAIV}
UPI00005F046F	WHOLE	1	1	388	64	1.963e-06	{L}
UPI00005F046F	WHOLE	2	1	388	40	6.463e-06	{I}
UPI00005F046F	WHOLE	3	1	388	49	3.128e-04	{A}
UPI00005F0470	SINGLE	1	177	195	6	1.511e-04	{P}
UPI00005F0470	SINGLE	2	189	203	5	4.635e-04	{R}
UPI00005F0470	MULTIPLE	1	177	198	10	1.126e-05	{PR}
UPI00005F0496	SINGLE	1	34	49	8	9.559e-06	{A}
UPI00005F0496	SINGLE	2	117	449	39	2.185e-04	{G}
UPI00005F0496	SINGLE	3	185	336	17	2.301e-04	{Q}
UPI00005F0496	SINGLE	4	44	133	13	2.622e-04	{R}
UPI00005F0496	SINGLE	5	159	420	40	5.058e-04	{L}
UPI00005F0496	SINGLE	6	124	191	10	8.954e-04	{P}
UPI00005F0496	MULTIPLE	1	34	133	33	7.709e-08	{AR}
UPI00005F0496	MULTIPLE	2	124	381	104	1.740e-08	{GQLP}
UPI00005F0496	WHOLE	1	1	492	60	2.042e-04	{A}
UPI00005F04A0	SINGLE	1	223	615	56	6.006e-06	{A}
UPI00005F04A0	SINGLE	2	7	33	7	5.588e-05	{F}
UPI00005F04A0	SINGLE	3	325	454	19	6.049e-04	{G}
UPI00005F04A0	SINGLE	4	561	579	4	6.290e-04	{M}
UPI00005F04A0	SINGLE	5	46	96	11	6.534e-04	{S}
UPI00005F04A0	MULTIPLE	1	390	411	14	9.374e-07	{AGM}
UPI00005F04E6	SINGLE	1	261	291	10	7.006e-05	{A}
UPI00005F04E6	SINGLE	2	9	87	14	2.410e-04	{T}
UPI00005F04E6	SINGLE	3	148	165	6	6.921e-04	{G}
UPI00005F04F3	SINGLE	1	22	48	10	7.104e-05	{L}
UPI00005F04F3	SINGLE	2	102	199	17	1.304e-04	{E}
UPI00005F04F3	SINGLE	3	77	95	6	3.810e-04	{D}
UPI00005F04F9	SINGLE	1	156	400	41	6.564e-12	{I}
UPI00005F04F9	SINGLE	2	293	425	12	3.068e-05	{M}
UPI00005F04F9	SINGLE	3	5	331	50	1.280e-04	{L}
UPI00005F04F9	SINGLE	4	106	123	7	2.360e-04	{A}
UPI00005F04F9	SINGLE	5	72	240	23	4.927e-04	{G}
UPI00005F04F9	SINGLE	6	353	417	12	6.419e-04	{V}
UPI00005F04F9	SINGLE	7	31	59	8	6.512e-04	{S}
UPI00005F04F9	MULTIPLE	1	7	432	283	3.622e-20	{IMLAGVS}
UPI00005F04F9	WHOLE	1	1	433	56	4.988e-11	{I}
UPI00005F04F9	WHOLE	2	1	433	61	2.463e-04	{L}
UPI00005F04F9	WHOLE	3	1	433	21	4.050e-04	{M}
UPI00005F04FA	SINGLE	1	22	123	20	7.920e-05	{A}
UPI00005F04FA	SINGLE	2	440	478	10	1.427e-04	{G}
UPI00005F04FA	SINGLE	3	484	671	21	1.874e-04	{R}
UPI00005F04FA	SINGLE	4	292	316	6	2.450e-04	{Y}
UPI00005F04FA	SINGLE	5	48	278	29	4.048e-04	{G}
UPI00005F04FA	SINGLE	6	376	396	6	6.796e-04	{D}
UPI00005F04FA	MULTIPLE	1	48	241	52	3.102e-06	{AG}
UPI00005F04FF	SINGLE	1	109	181	7	8.894e-04	{H}
UPI00005F0556	SINGLE	1	23	105	18	4.638e-05	{A}
UPI00005F0556	SINGLE	2	142	156	5	2.936e-04	{Q}
UPI00005F0556	SINGLE	3	88	176	7	4.932e-04	{C}
UPI00005F0588	SINGLE	1	58	526	44	1.088e-06	{Q}
UPI00005F0588	SINGLE	2	469	544	13	4.840e-05	{R}
UPI00005F0588	SINGLE	3	451	467	8	5.235e-05	{L}
UPI00005F0588	SINGLE	4	315	357	9	6.470e-05	{N}
UPI00005F0588	SINGLE	5	306	329	7	7.435e-05	{P}
UPI00005F0588	SINGLE	6	369	383	6	2.045e-04	{V}
UPI00005F0588	SINGLE	7	28	45	7	2.360e-04	{A}
UPI00005F0588	SINGLE	8	442	468	4	6.125e-04	{W}
UPI00005F0588	MULTIPLE	1	64	549	176	3.346e-09	{QRNPV}
UPI00005F0588	MULTIPLE	2	451	468	11	3.004e-07	{LW}
UPI00005F0588	WHOLE	1	1	552	46	1.260e-05	{Q}
UPI00005F058F	SINGLE	1	2	61	14	1.844e-07	{Q}
UPI00005F058F	WHOLE	1	1	66	14	6.311e-07	{Q}
UPI00005F05AE	SINGLE	1	164	220	8	2.862e-05	{M}
UPI00005F05C7	SINGLE	1	189	203	4	2.419e-04	{M}
UPI00005F05C7	SINGLE	2	154	179	8	5.129e-04	{A}
UPI00005F05C8	SINGLE	1	33	130	23	1.192e-06	{A}
UPI00005F05C8	SINGLE	2	347	366	7	1.244e-05	{Q}
UPI00005F05C8	SINGLE	3	75	461	57	1.290e-04	{L}
UPI00005F05C8	SINGLE	4	247	265	6	1.511e-04	{P}
UPI00005F05C8	SINGLE	5	223	244	7	3.051e-04	{E}
UPI00005F05C8	SINGLE	6	24	71	6	5.219e-04	{M}
UPI00005F05C8	SINGLE	7	360	374	5	9.005e-04	{D}
UPI00005F05C8	MULTIPLE	1	54	438	162	1.769e-08	{ALED}
UPI00005F05C8	WHOLE	1	1	472	56	5.552e-04	{A}
UPI00005F05CA	SINGLE	1	209	340	20	2.893e-04	{G}
UPI00005F064F	SINGLE	1	2	75	19	2.177e-05	{L}
UPI00005F064F	SINGLE	2	1	73	8	1.635e-04	{M}
UPI00005F064F	MULTIPLE	1	1	75	27	1.826e-08	{LM}
UPI00005F064F	WHOLE	1	1	78	19	4.634e-05	{L}
UPI00005F064F	WHOLE	2	1	78	8	2.559e-04	{M}
UPI00005F0653	SINGLE	1	253	423	30	4.473e-07	{V}
UPI00005F0653	SINGLE	2	493	652	28	3.165e-05	{A}
UPI00005F0653	SINGLE	3	12	447	39	8.719e-05	{R}
UPI00005F0653	SINGLE	4	408	432	4	5.908e-04	{C}
UPI00005F0653	SINGLE	5	261	664	42	8.659e-04	{E}
UPI00005F0653	MULTIPLE	1	10	667	177	1.897e-09	{VRE}
UPI00005F0653	WHOLE	1	1	671	67	1.468e-04	{V}
UPI00005F0653	WHOLE	2	1	671	66	2.440e-04	{E}
UPI00005F0654	SINGLE	1	86	188	32	3.884e-18	{P}
UPI00005F0654	SINGLE	2	89	165	23	9.712e-14	{Q}
UPI00005F0654	SINGLE	3	46	60	7	6.688e-06	{D}
UPI00005F0654	SINGLE	4	74	201	24	3.600e-05	{A}
UPI00005F0654	SINGLE	5	4	18	6	4.559e-05	{I}
UPI00005F0654	SINGLE	6	29	48	6	2.355e-04	{R}
UPI00005F0654	MULTIPLE	1	83	183	73	1.320e-34	{PQA}
UPI00005F0654	MULTIPLE	2	29	60	14	1.068e-06	{DR}
UPI00005F0654	WHOLE	1	1	328	41	9.408e-09	{P}
UPI00005F0654	WHOLE	2	1	328	35	7.382e-07	{Q}
UPI00005F0655	SINGLE	1	48	177	11	3.918e-06	{W}
UPI00005F0655	SINGLE	2	34	86	15	4.571e-05	{L}
UPI00005F0655	SINGLE	3	5	228	19	8.497e-04	{F}
UPI00005F0655	SINGLE	4	198	251	6	9.624e-04	{M}
UPI00005F0655	MULTIPLE	1	31	230	69	6.254e-10	{WLFM}
UPI00005F0655	WHOLE	1	1	253	14	2.576e-05	{W}
UPI00005F06C4	SINGLE	1	90	281	27	7.965e-05	{V}
UPI00005F06C4	SINGLE	2	8	481	58	2.311e-04	{A}
UPI00005F06C4	SINGLE	3	301	325	6	2.450e-04	{Y}
UPI00005F06C4	SINGLE	4	58	72	5	2.936e-04	{Q}
UPI00005F06C4	MULTIPLE	1	64	445	106	3.932e-06	{VAQ}
UPI00005F06C4	WHOLE	1	1	486	58	4.058e-04	{A}
UPI00005F06C9	SINGLE	1	251	266	5	2.719e-06	{W}
UPI00005F06C9	SINGLE	2	9	23	6	5.574e-04	{A}
UPI00005F06C9	SINGLE	3	197	246	6	6.467e-04	{H}
UPI00005F06D0	SINGLE	1	9	369	62	7.475e-07	{L}
UPI00005F06D0	SINGLE	2	276	339	13	1.900e-04	{G}
UPI00005F06D0	SINGLE	3	193	236	9	2.079e-04	{I}
UPI00005F06D0	SINGLE	4	23	72	11	2.799e-04	{G}
UPI00005F06D0	SINGLE	5	146	506	31	7.041e-04	{R}
UPI00005F06D0	MULTIPLE	1	27	354	114	1.637e-09	{LGI}
UPI00005F06D0	WHOLE	1	1	511	75	1.826e-05	{L}
UPI00005F06EE	SINGLE	1	164	229	11	1.689e-07	{H}
UPI00005F06EE	SINGLE	2	153	181	7	1.682e-04	{Q}
UPI00005F06EE	SINGLE	3	25	114	19	3.111e-04	{L}
UPI00005F06EE	SINGLE	4	64	108	8	9.717e-04	{R}
UPI00005F06EE	MULTIPLE	1	25	114	29	5.704e-06	{LR}
UPI00005F06EE	WHOLE	1	1	281	18	4.012e-05	{H}
UPI00005F0709	SINGLE	1	51	299	19	8.471e-09	{W}
UPI00005F0709	SINGLE	2	9	400	61	1.828e-05	{L}
UPI00005F0709	SINGLE	3	22	131	15	2.030e-05	{F}
UPI00005F0709	SINGLE	4	259	276	7	8.425e-05	{G}
UPI00005F0709	SINGLE	5	359	376	6	6.250e-04	{E}
UPI00005F0709	MULTIPLE	1	9	400	105	1.494e-10	{WLF}
UPI00005F0709	WHOLE	1	1	438	22	8.455e-07	{W}
UPI00005F0709	WHOLE	2	1	438	64	7.164e-05	{L}
UPI00005F074D	SINGLE	1	44	337	45	1.011e-07	{G}
UPI00005F074D	SINGLE	2	247	263	7	1.565e-04	{A}
UPI00005F074D	SINGLE	3	3	375	34	2.561e-04	{I}
UPI00005F074D	SINGLE	4	304	344	9	8.358e-04	{V}
UPI00005F074D	SINGLE	5	16	156	22	8.644e-04	{A}
UPI00005F074D	MULTIPLE	1	3	376	160	5.765e-13	{GAIV}
UPI00005F074D	WHOLE	1	1	381	50	2.071e-06	{G}
UPI00005F074D	WHOLE	2	1	381	34	3.628e-04	{I}
UPI00005F074D	WHOLE	3	1	381	48	3.698e-04	{A}
UPI00005F0758	SINGLE	1	243	278	8	1.083e-04	{Q}
UPI00005F0758	SINGLE	2	131	150	6	5.140e-04	{D}
UPI00005F0758	SINGLE	3	151	166	5	5.733e-04	{P}
UPI00005F0777	SINGLE	1	8	351	58	2.799e-06	{L}
UPI00005F0777	WHOLE	1	1	359	58	9.825e-06	{L}
UPI00005F0778	SINGLE	1	62	149	18	9.985e-05	{A}
UPI00005F0778	SINGLE	2	140	382	26	1.169e-04	{I}
UPI00005F0778	SINGLE	3	153	172	6	2.355e-04	{R}
UPI00005F0778	SINGLE	4	204	255	11	3.946e-04	{G}
UPI00005F0778	MULTIPLE	1	62	386	122	2.832e-08	{AIRG}
UPI00005F0778	WHOLE	1	1	390	33	9.700e-04	{I}
UPI00005F077D	SINGLE	1	412	518	12	3.522e-06	{M}
UPI00005F077D	SINGLE	2	229	370	17	4.352e-04	{I}
UPI00005F077D	SINGLE	3	119	133	6	5.574e-04	{A}
UPI00005F0788	SINGLE	1	58	73	5	4.085e-04	{Q}
UPI00005F078E	SINGLE	1	83	162	14	6.289e-06	{N}
UPI00005F078E	SINGLE	2	180	237	14	9.257e-05	{A}
UPI00005F078E	SINGLE	3	216	240	7	9.845e-05	{P}
UPI00005F078E	SINGLE	4	66	135	10	2.291e-04	{Y}
UPI00005F078E	MULTIPLE	1	66	162	26	2.768e-08	{NY}
UPI00005F078E	MULTIPLE	2	180	240	21	6.402e-06	{AP}
UPI00005F078E	WHOLE	1	1	243	24	9.762e-05	{N}
UPI00005F0790	SINGLE	1	32	160	24	4.082e-05	{A}
UPI00005F0790	SINGLE	2	95	144	7	9.061e-05	{M}
UPI00005F0790	SINGLE	3	78	106	7	1.636e-04	{N}
UPI00005F0790	MULTIPLE	1	32	160	42	8.785e-08	{AMN}
UPI00005F0790	WHOLE	1	1	252	36	1.888e-04	{A}
UPI00005F0795	SINGLE	1	154	168	6	1.598e-04	{T}
UPI00005F0795	SINGLE	2	7	114	15	6.429e-04	{D}
UPI00005F07AA	SINGLE	1	17	356	44	1.060e-05	{G}
UPI00005F07AA	SINGLE	2	91	120	6	3.756e-05	{M}
UPI00005F07AA	SINGLE	3	10	424	52	2.611e-04	{A}
UPI00005F07AA	SINGLE	4	355	402	8	4.181e-04	{F}
UPI00005F07AA	SINGLE	5	205	221	5	7.743e-04	{P}
UPI00005F07AA	MULTIPLE	1	16	409	155	2.624e-10	{GMAFP}
UPI00005F07AA	WHOLE	1	1	426	46	3.853e-04	{G}
UPI00005F07AA	WHOLE	2	1	426	52	4.536e-04	{A}
UPI00005F07E6	SINGLE	1	44	337	47	1.458e-08	{G}
UPI00005F07E6	SINGLE	2	16	372	56	3.374e-07	{A}
UPI00005F07E6	SINGLE	3	224	243	6	1.375e-04	{Q}
UPI00005F07E6	SINGLE	4	308	333	8	1.470e-04	{V}
UPI00005F07E6	SINGLE	5	118	133	5	7.294e-04	{I}
UPI00005F07E6	MULTIPLE	1	41	358	151	7.184e-17	{GAVI}
UPI00005F07E6	WHOLE	1	1	381	51	9.550e-07	{G}
UPI00005F07E6	WHOLE	2	1	381	57	1.191e-06	{A}
UPI00005F07E7	SINGLE	1	54	388	41	7.000e-08	{I}
UPI00005F07E7	SINGLE	2	81	226	27	8.366e-07	{G}
UPI00005F07E7	SINGLE	3	129	167	13	2.235e-05	{L}
UPI00005F07E7	SINGLE	4	30	312	26	3.726e-05	{F}
UPI00005F07E7	SINGLE	5	235	341	21	5.346e-05	{A}
UPI00005F07E7	SINGLE	6	231	245	6	2.045e-04	{V}
UPI00005F07E7	SINGLE	7	383	399	4	4.036e-04	{M}
UPI00005F07E7	MULTIPLE	1	47	399	236	1.363e-22	{IGLFAVM}
UPI00005F07E7	WHOLE	1	1	484	46	1.144e-05	{I}
UPI00005F07E7	WHOLE	2	1	484	52	2.093e-04	{G}
UPI00005F07E7	WHOLE	3	1	484	35	2.283e-04	{F}
UPI00005F07F0	SINGLE	1	242	275	11	6.426e-06	{G}
UPI00005F07F0	SINGLE	2	134	162	8	2.094e-05	{Q}
UPI00005F07F0	SINGLE	3	4	214	30	5.970e-04	{A}
UPI00005F07F0	SINGLE	4	8	25	5	7.334e-04	{Q}
UPI00005F07F0	MULTIPLE	1	4	214	47	1.532e-05	{QA}
UPI00005F0805	SINGLE	1	67	99	13	4.735e-07	{A}
UPI00005F0805	SINGLE	2	130	163	8	1.185e-04	{P}
UPI00005F0819	SINGLE	1	178	201	8	2.843e-04	{A}
UPI00005F081E	SINGLE	1	26	149	18	5.392e-06	{Q}
UPI00005F081E	SINGLE	2	122	262	10	4.656e-05	{W}
UPI00005F081E	SINGLE	3	44	98	15	7.175e-05	{L}
UPI00005F081E	MULTIPLE	1	21	267	70	3.589e-08	{QWL}
UPI00005F081E	WHOLE	1	1	292	25	5.817e-04	{Q}
UPI00005F081F	SINGLE	1	137	160	5	1.377e-04	{M}
UPI00005F0866	SINGLE	1	11	39	6	3.071e-05	{H}
UPI00005F0866	SINGLE	2	464	480	6	5.013e-05	{Q}
UPI00005F0866	SINGLE	3	261	284	7	5.364e-04	{V}
UPI00005F0867	SINGLE	1	194	587	19	7.648e-06	{W}
UPI00005F0867	SINGLE	2	9	353	28	1.499e-04	{F}
UPI00005F0867	SINGLE	3	474	489	4	3.155e-04	{M}
UPI00005F0867	SINGLE	4	493	507	6	3.585e-04	{S}
UPI00005F0867	SINGLE	5	473	487	5	4.635e-04	{R}
UPI00005F0867	SINGLE	6	223	532	26	5.806e-04	{N}
UPI00005F0867	SINGLE	7	187	212	6	9.176e-04	{P}
UPI00005F0867	MULTIPLE	1	218	587	45	1.585e-06	{WN}
UPI00005F0867	MULTIPLE	2	473	489	9	5.295e-07	{MR}
UPI00005F0867	WHOLE	1	1	604	20	5.625e-04	{W}
UPI00005F0889	SINGLE	1	194	213	8	6.750e-05	{A}
UPI00005F0889	SINGLE	2	47	85	8	1.928e-04	{Q}
UPI00005F0889	SINGLE	3	267	317	9	2.536e-04	{Q}
UPI00005F0889	SINGLE	4	159	182	7	4.105e-04	{T}
UPI00005F0889	SINGLE	5	58	406	31	4.241e-04	{R}
UPI00005F0889	SINGLE	6	4	352	50	5.164e-04	{L}
UPI00005F0889	MULTIPLE	1	4	402	131	1.161e-07	{ARL}
UPI00005F0890	SINGLE	1	210	226	4	4.036e-04	{H}
UPI00005F08B9	SINGLE	1	157	257	14	3.157e-04	{I}
UPI00005F08B9	SINGLE	2	5	29	7	6.967e-04	{V}
UPI00005F08E9	SINGLE	1	253	291	9	5.332e-05	{P}
UPI00005F08E9	SINGLE	2	82	106	7	6.184e-05	{Q}
UPI00005F08E9	SINGLE	3	267	302	8	2.122e-04	{R}
UPI00005F08E9	SINGLE	4	182	241	12	3.119e-04	{V}
UPI00005F08E9	SINGLE	5	144	235	8	7.465e-04	{M}
UPI00005F08E9	MULTIPLE	1	253	305	19	1.413e-07	{PR}
UPI00005F08E9	MULTIPLE	2	144	241	21	5.879e-05	{VM}
UPI00005F0917	SINGLE	1	74	89	7	9.989e-05	{A}
UPI00005F0917	SINGLE	2	20	151	17	1.400e-04	{R}
UPI00005F0917	MULTIPLE	1	20	151	36	3.190e-06	{AR}
UPI00005F0917	WHOLE	1	1	154	17	7.658e-04	{R}
UPI00005F0920	SINGLE	1	520	541	8	3.934e-05	{V}
UPI00005F0920	SINGLE	2	119	166	12	1.988e-04	{A}
UPI00005F0920	SINGLE	3	285	479	10	5.821e-04	{W}
UPI00005F0920	SINGLE	4	242	288	10	6.715e-04	{G}
UPI00005F0920	MULTIPLE	1	242	492	38	8.236e-05	{WG}
UPI00005F094C	SINGLE	1	82	176	17	8.790e-05	{V}
UPI00005F094C	SINGLE	2	101	306	14	1.439e-04	{H}
UPI00005F094C	SINGLE	3	182	245	15	4.035e-04	{L}
UPI00005F094C	SINGLE	4	342	364	7	4.064e-04	{V}
UPI00005F094C	MULTIPLE	1	170	245	21	5.705e-05	{HL}
UPI00005F0951	SINGLE	1	107	373	66	6.072e-14	{L}
UPI00005F0951	SINGLE	2	12	340	20	1.416e-07	{W}
UPI00005F0951	SINGLE	3	292	380	18	1.079e-05	{V}
UPI00005F0951	SINGLE	4	166	184	6	5.773e-05	{F}
UPI00005F0951	SINGLE	5	486	529	9	4.862e-04	{D}
UPI00005F0951	MULTIPLE	1	19	373	149	3.968e-19	{LWVF}
UPI00005F0951	WHOLE	1	1	574	101	1.359e-10	{L}
UPI00005F0951	WHOLE	2	1	574	23	1.732e-05	{W}
UPI00005F0964	SINGLE	1	91	415	59	2.169e-07	{L}
UPI00005F0964	SINGLE	2	16	363	33	2.182e-06	{F}
UPI00005F0964	SINGLE	3	379	408	7	2.869e-06	{M}
UPI00005F0964	SINGLE	4	125	243	22	7.863e-06	{G}
UPI00005F0964	SINGLE	5	1	24	5	1.377e-04	{M}
UPI00005F0964	SINGLE	6	315	369	13	1.989e-04	{A}
UPI00005F0964	SINGLE	7	18	139	19	2.213e-04	{V}
UPI00005F0964	SINGLE	8	281	310	7	3.809e-04	{R}
UPI00005F0964	SINGLE	9	142	160	5	5.171e-04	{Y}
UPI00005F0964	MULTIPLE	1	7	406	252	4.547e-19	{LFMGAVR}
UPI00005F0964	WHOLE	1	1	425	69	1.474e-06	{L}
UPI00005F0964	WHOLE	2	1	425	34	4.656e-05	{F}
UPI00005F097F	SINGLE	1	125	241	25	1.289e-07	{G}
UPI00005F097F	SINGLE	2	318	443	26	3.205e-06	{A}
UPI00005F097F	SINGLE	3	402	416	5	1.186e-05	{H}
UPI00005F097F	SINGLE	4	55	82	8	2.556e-04	{V}
UPI00005F097F	SINGLE	5	124	252	10	4.332e-04	{M}
UPI00005F097F	MULTIPLE	1	124	241	34	2.790e-10	{GM}
UPI00005F097F	MULTIPLE	2	318	443	32	4.328e-07	{AH}
UPI00005F097F	WHOLE	1	1	447	48	3.384e-04	{G}
UPI00005F09A0	SINGLE	1	61	382	32	1.164e-06	{F}
UPI00005F09A0	SINGLE	2	46	383	38	1.523e-06	{I}
UPI00005F09A0	SINGLE	3	10	294	43	4.232e-04	{L}
UPI00005F09A0	SINGLE	4	213	253	7	6.587e-04	{Y}
UPI00005F09A0	SINGLE	5	1	245	14	7.426e-04	{M}
UPI00005F09A0	MULTIPLE	1	5	385	159	1.038e-14	{FILYM}
UPI00005F09A0	WHOLE	1	1	404	39	3.329e-05	{I}
UPI00005F09A0	WHOLE	2	1	404	33	4.016e-05	{F}
UPI00005F09A6	SINGLE	1	23	73	12	1.170e-06	{N}
UPI00005F09B9	SINGLE	1	227	244	7	2.786e-05	{D}
UPI00005F09D0	SINGLE	1	466	486	8	1.933e-05	{T}
UPI00005F09D0	SINGLE	2	14	208	36	2.550e-05	{L}
UPI00005F09D0	SINGLE	3	116	148	5	1.145e-04	{W}
UPI00005F09D0	SINGLE	4	340	374	8	1.464e-04	{P}
UPI00005F09D0	SINGLE	5	60	87	8	2.943e-04	{G}
UPI00005F09D0	MULTIPLE	1	14	208	65	2.847e-08	{LWG}
UPI00005F09D0	WHOLE	1	1	512	71	1.445e-04	{L}
UPI00005F09E3	SINGLE	1	87	549	52	2.614e-08	{I}
UPI00005F09E3	SINGLE	2	332	563	25	3.830e-06	{F}
UPI00005F09E3	SINGLE	3	37	325	49	1.233e-05	{L}
UPI00005F09E3	SINGLE	4	171	250	16	4.661e-05	{G}
UPI00005F09E3	MULTIPLE	1	86	529	183	8.065e-15	{IFLG}
UPI00005F09E3	WHOLE	1	1	571	55	1.298e-06	{I}
UPI00005F09E3	WHOLE	2	1	571	40	1.689e-04	{F}
UPI00005F09E4	SINGLE	1	104	125	8	4.570e-05	{G}
UPI00005F09E4	SINGLE	2	157	210	9	7.753e-04	{R}
UPI00005F09F1	SINGLE	1	43	392	46	2.796e-06	{V}
UPI00005F09F1	SINGLE	2	299	324	10	6.090e-06	{S}
UPI00005F09F1	SINGLE	3	117	211	16	1.237e-05	{I}
UPI00005F09F1	SINGLE	4	107	366	36	1.464e-05	{G}
UPI00005F09F1	SINGLE	5	1	159	12	1.607e-04	{M}
UPI00005F09F1	SINGLE	6	400	442	9	1.739e-04	{I}
UPI00005F09F1	SINGLE	7	26	41	6	2.398e-04	{T}
UPI00005F09F1	SINGLE	8	36	100	9	7.315e-04	{F}
UPI00005F09F1	SINGLE	9	331	349	7	8.828e-04	{L}
UPI00005F09F1	MULTIPLE	1	11	369	203	1.104e-19	{VIGMFL}
UPI00005F09F1	WHOLE	1	1	445	52	1.759e-05	{V}
UPI00005F09F1	WHOLE	2	1	445	49	1.779e-04	{G}
UPI00005F09F1	WHOLE	3	1	445	39	2.183e-04	{I}
UPI00005F09F1	WHOLE	4	1	445	22	2.405e-04	{M}
UPI00005F09F8	SINGLE	1	311	325	5	2.875e-04	{N}
UPI00005F09F8	SINGLE	2	148	214	7	5.422e-04	{H}
UPI00005F09F8	SINGLE	3	368	434	11	8.192e-04	{D}
UPI00005F0A17	SINGLE	1	74	238	20	9.069e-05	{R}
UPI00005F0A17	SINGLE	2	57	72	7	2.677e-04	{L}
UPI00005F0A17	SINGLE	3	76	108	7	8.123e-04	{I}
UPI00005F0A17	MULTIPLE	1	74	239	34	1.424e-05	{RI}
UPI00005F0A17	WHOLE	1	1	240	23	7.609e-04	{R}
UPI00005F0A19	SINGLE	1	107	122	5	4.085e-04	{Q}
UPI00005F0A31	SINGLE	1	226	247	8	1.455e-04	{A}
UPI00005F0A31	SINGLE	2	29	50	6	2.422e-04	{Q}
UPI00005F0A33	SINGLE	1	5	399	66	9.106e-07	{L}
UPI00005F0A33	SINGLE	2	93	327	27	2.805e-05	{I}
UPI00005F0A33	SINGLE	3	124	352	36	2.976e-05	{A}
UPI00005F0A33	SINGLE	4	344	358	4	2.419e-04	{M}
UPI00005F0A33	SINGLE	5	373	387	5	2.875e-04	{N}
UPI00005F0A33	MULTIPLE	1	68	341	113	4.139e-13	{LIA}
UPI00005F0A33	WHOLE	1	1	410	66	3.131e-06	{L}
UPI00005F0A33	WHOLE	2	1	410	36	3.414e-04	{I}
UPI00005F0A36	SINGLE	1	132	338	20	1.334e-04	{F}
UPI00005F0A36	SINGLE	2	82	225	15	2.647e-04	{Y}
UPI00005F0A36	SINGLE	3	153	169	7	4.133e-04	{L}
UPI00005F0A36	SINGLE	4	286	364	13	7.519e-04	{K}
UPI00005F0A36	MULTIPLE	1	82	377	69	4.129e-06	{FYK}
UPI00005F0A3B	SINGLE	1	330	355	7	1.498e-04	{R}
UPI00005F0A3B	SINGLE	2	78	410	38	4.066e-04	{G}
UPI00005F0A3B	SINGLE	3	125	139	5	4.635e-04	{R}
UPI00005F0A3B	MULTIPLE	1	60	410	62	1.501e-04	{GR}
UPI00005F0A6D	SINGLE	1	28	42	6	5.574e-04	{A}
UPI00005F0AC2	SINGLE	1	61	297	35	1.240e-04	{A}
UPI00005F0AC2	SINGLE	2	149	172	5	1.377e-04	{M}
UPI00005F0AC2	SINGLE	3	261	275	6	1.598e-04	{T}
UPI00005F0AC2	MULTIPLE	1	61	297	48	1.118e-06	{AM}
UPI00005F0AC2	WHOLE	1	1	321	42	3.766e-04	{A}
UPI00005F0AC4	SINGLE	1	7	127	19	3.907e-06	{R}
UPI00005F0AC4	WHOLE	1	1	166	22	1.140e-05	{R}
UPI00005F0AE2	SINGLE	1	16	585	103	1.951e-11	{L}
UPI00005F0AE2	SINGLE	2	2	301	30	2.122e-06	{F}
UPI00005F0AE2	SINGLE	3	702	717	6	3.390e-05	{Q}
UPI00005F0AE2	SINGLE	4	589	683	15	4.772e-05	{I}
UPI00005F0AE2	SINGLE	5	8	58	10	1.364e-04	{I}
UPI00005F0AE2	SINGLE	6	46	127	7	2.009e-04	{W}
UPI00005F0AE2	MULTIPLE	1	7	585	193	1.889e-15	{LFIW}
UPI00005F0AE2	WHOLE	1	1	729	118	7.878e-10	{L}
UPI00005F0AE2	WHOLE	2	1	729	45	8.751e-04	{F}
UPI00005F0AFA	SINGLE	1	23	44	9	1.926e-05	{A}
UPI00005F0AFA	SINGLE	2	644	665	5	2.099e-05	{C}
UPI00005F0AFA	SINGLE	3	572	645	11	8.127e-05	{Y}
UPI00005F0AFA	SINGLE	4	79	103	7	1.149e-04	{R}
UPI00005F0AFA	SINGLE	5	139	162	5	1.377e-04	{H}
UPI00005F0AFA	SINGLE	6	172	190	4	6.290e-04	{M}
UPI00005F0AFA	SINGLE	7	49	76	6	9.375e-04	{Q}
UPI00005F0AFA	MULTIPLE	1	572	665	17	7.703e-06	{CY}
UPI00005F0AFE	SINGLE	1	3	589	87	3.300e-06	{L}
UPI00005F0AFE	SINGLE	2	946	1008	15	7.441e-06	{V}
UPI00005F0AFE	SINGLE	3	446	1221	82	1.125e-05	{G}
UPI00005F0AFE	SINGLE	4	451	1069	50	1.132e-05	{N}
UPI00005F0AFE	SINGLE	5	187	210	8	7.996e-05	{E}
UPI00005F0AFE	SINGLE	6	574	938	31	1.808e-04	{Q}
UPI00005F0AFE	SINGLE	7	11	72	12	4.210e-04	{V}
UPI00005F0AFE	SINGLE	8	196	230	7	8.537e-04	{P}
UPI00005F0AFE	MULTIPLE	1	9	1221	571	7.441e-17	{LGNQVP}
UPI00005F0AFE	WHOLE	1	1	1259	153	8.327e-05	{L}
UPI00005F0AFE	WHOLE	2	1	1259	112	1.740e-04	{V}
UPI00005F0AFE	WHOLE	3	1	1259	114	1.758e-04	{G}
UPI00005F0AFF	SINGLE	1	449	574	19	4.186e-04	{G}
UPI00005F0AFF	SINGLE	2	286	544	12	4.311e-04	{W}
UPI00005F0AFF	SINGLE	3	52	66	5	4.635e-04	{R}
UPI00005F0AFF	SINGLE	4	251	456	25	5.955e-04	{T}
UPI00005F0AFF	MULTIPLE	1	257	544	69	4.660e-06	{GWT}
UPI00005F0B00	SINGLE	1	204	218	8	5.187e-06	{A}
UPI00005F0B56	SINGLE	1	11	656	53	5.965e-05	{R}
UPI00005F0B56	SINGLE	2	311	359	6	8.025e-05	{W}
UPI00005F0B56	SINGLE	3	155	659	63	8.365e-05	{A}
UPI00005F0B56	SINGLE	4	105	134	7	2.099e-04	{Q}
UPI00005F0B56	SINGLE	5	70	87	4	5.076e-04	{H}
UPI00005F0B56	MULTIPLE	1	68	622	178	8.656e-11	{RWAQH}
UPI00005F0B56	WHOLE	1	1	684	54	1.273e-04	{R}
UPI00005F0BBC	SINGLE	1	42	214	34	1.139e-05	{L}
UPI00005F0BBC	WHOLE	1	1	239	37	6.009e-04	{L}
UPI00005F0C4F	SINGLE	1	133	152	6	5.140e-04	{D}
UPI00005F0C50	SINGLE	1	198	530	53	3.183e-05	{L}
UPI00005F0C50	SINGLE	2	8	43	8	2.122e-04	{R}
UPI00005F0C50	SINGLE	3	47	532	51	3.835e-04	{G}
UPI00005F0C50	SINGLE	4	125	324	29	5.351e-04	{A}
UPI00005F0C50	SINGLE	5	143	162	4	7.691e-04	{H}
UPI00005F0C50	MULTIPLE	1	47	534	179	3.654e-08	{LGAH}
UPI00005F0C50	WHOLE	1	1	577	78	1.608e-04	{L}
UPI00005F0C5A	SINGLE	1	23	62	11	1.490e-04	{A}
UPI00005F0C5A	SINGLE	2	133	157	5	1.683e-04	{H}
UPI00005F0C5A	SINGLE	3	52	204	26	8.970e-04	{L}
UPI00005F0C5A	MULTIPLE	1	59	204	32	1.148e-04	{HL}
UPI00005F0C72	SINGLE	1	272	437	12	7.209e-06	{W}
UPI00005F0C72	SINGLE	2	78	140	13	1.324e-04	{V}
UPI00005F0C72	SINGLE	3	19	67	12	2.426e-04	{A}
UPI00005F0C72	SINGLE	4	211	226	5	4.085e-04	{Q}
UPI00005F0C74	SINGLE	1	7	103	26	3.388e-07	{L}
UPI00005F0C74	SINGLE	2	282	445	16	6.123e-07	{M}
UPI00005F0C74	SINGLE	3	191	212	7	2.506e-05	{Q}
UPI00005F0C74	SINGLE	4	209	550	41	1.000e-04	{G}
UPI00005F0C74	SINGLE	5	289	303	6	2.045e-04	{V}
UPI00005F0C74	SINGLE	6	235	270	7	3.668e-04	{F}
UPI00005F0C74	SINGLE	7	131	553	52	3.918e-04	{A}
UPI00005F0C74	MULTIPLE	1	130	553	161	2.875e-12	{MGVA}
UPI00005F0C74	WHOLE	1	1	557	83	4.376e-06	{L}
UPI00005F0C74	WHOLE	2	1	557	28	3.228e-05	{M}
UPI00005F0C74	WHOLE	3	1	557	56	5.581e-04	{G}
UPI00005F0C94	SINGLE	1	234	523	20	5.682e-06	{M}
UPI00005F0C94	SINGLE	2	394	580	22	4.619e-04	{D}
UPI00005F0C94	SINGLE	3	614	644	8	6.079e-04	{G}
UPI00005F0C94	WHOLE	1	1	760	32	2.147e-04	{M}
UPI00005F0CA7	SINGLE	1	55	1314	163	1.530e-10	{A}
UPI00005F0CA7	SINGLE	2	1080	1102	9	7.742e-06	{G}
UPI00005F0CA7	SINGLE	3	282	552	24	7.132e-05	{Y}
UPI00005F0CA7	SINGLE	4	349	651	47	1.407e-04	{L}
UPI00005F0CA7	SINGLE	5	1104	1232	25	1.694e-04	{L}
UPI00005F0CA7	SINGLE	6	1063	1085	7	4.064e-04	{V}
UPI00005F0CA7	SINGLE	7	423	444	6	4.110e-04	{R}
UPI00005F0CA7	SINGLE	8	576	832	24	6.143e-04	{P}
UPI00005F0CA7	SINGLE	9	113	160	8	7.938e-04	{Q}
UPI00005F0CA7	MULTIPLE	1	50	1316	539	4.235e-19	{ALRPQ}
UPI00005F0CA7	MULTIPLE	2	1063	1102	18	6.816e-07	{GV}
UPI00005F0CA7	WHOLE	1	1	1320	167	4.584e-10	{A}
UPI00005F0CA7	WHOLE	2	1	1320	156	2.290e-04	{L}
UPI00005F0CA7	WHOLE	3	1	1320	86	9.102e-04	{R}
UPI00005F0CC0	SINGLE	1	169	183	7	6.097e-05	{A}
UPI00005F0CC0	WHOLE	1	1	263	35	7.457e-04	{A}
UPI00005F0CC6	SINGLE	1	78	219	12	5.711e-05	{H}
UPI00005F0CC6	SINGLE	2	38	65	8	2.556e-04	{V}
UPI00005F0CC6	SINGLE	3	99	117	7	3.444e-04	{A}
UPI00005F0CC6	SINGLE	4	132	155	7	5.412e-04	{E}
UPI00005F0CE0	SINGLE	1	28	407	34	5.278e-06	{F}
UPI00005F0CE0	SINGLE	2	71	179	20	2.161e-05	{G}
UPI00005F0CE0	SINGLE	3	245	301	15	1.096e-04	{L}
UPI00005F0CE0	SINGLE	4	380	394	6	2.293e-04	{G}
UPI00005F0CE0	SINGLE	5	90	104	4	2.419e-04	{M}
UPI00005F0CE0	SINGLE	6	20	68	11	9.006e-04	{A}
UPI00005F0CE0	MULTIPLE	1	23	409	184	8.112e-14	{FGLMA}
UPI00005F0CE0	WHOLE	1	1	438	34	8.050e-05	{F}
UPI00005F0CE7	SINGLE	1	138	152	4	7.491e-05	{C}
UPI00005F0CE7	SINGLE	2	50	210	12	1.794e-04	{H}
UPI00005F0CE7	SINGLE	3	183	248	16	1.808e-04	{L}
UPI00005F0CE7	SINGLE	4	35	277	24	4.091e-04	{R}
UPI00005F0CE7	SINGLE	5	289	303	6	5.574e-04	{A}
UPI00005F0CE7	MULTIPLE	1	31	277	47	1.200e-07	{CHR}
UPI00005F0D11	SINGLE	1	159	174	6	3.059e-04	{V}
UPI00005F0D11	SINGLE	2	14	313	26	3.709e-04	{N}
UPI00005F0D11	WHOLE	1	1	313	26	6.599e-04	{N}
UPI00005F0D31	SINGLE	1	19	61	8	3.806e-04	{Q}
UPI00005F0D31	SINGLE	2	30	50	7	4.131e-04	{S}
UPI00005F0D31	SINGLE	3	126	140	5	5.275e-04	{I}
UPI00005F0D31	MULTIPLE	1	30	50	11	5.002e-06	{QS}
UPI00005F0DFF	SINGLE	1	12	113	15	7.815e-05	{R}
UPI00005F0DFF	SINGLE	2	67	96	5	4.045e-04	{H}
UPI00005F0DFF	SINGLE	3	41	61	7	6.750e-04	{A}
UPI00005F0DFF	MULTIPLE	1	12	113	22	1.313e-06	{RH}
UPI00005F0EE6	SINGLE	1	80	94	5	9.005e-04	{D}
UPI00005F0F53	SINGLE	1	68	82	6	2.293e-04	{G}
UPI00005F0FD8	SINGLE	1	180	360	25	2.441e-04	{G}
UPI00005F0FD8	SINGLE	2	59	248	21	3.068e-04	{I}
UPI00005F0FD8	SINGLE	3	22	47	8	5.129e-04	{A}
UPI00005F0FD8	SINGLE	4	351	437	8	5.223e-04	{M}
UPI00005F0FD8	SINGLE	5	11	228	27	5.451e-04	{V}
UPI00005F0FD8	SINGLE	6	361	388	4	9.111e-04	{C}
UPI00005F0FD8	MULTIPLE	1	116	260	46	2.721e-05	{GIV}
UPI00005F0FD8	MULTIPLE	2	359	401	9	2.397e-05	{MC}
UPI00005F0FF4	SINGLE	1	31	75	9	4.457e-07	{H}
UPI00005F0FF4	SINGLE	2	79	232	34	8.588e-07	{L}
UPI00005F0FF4	SINGLE	3	93	134	10	8.269e-06	{Q}
UPI00005F0FF4	SINGLE	4	202	273	13	2.737e-05	{R}
UPI00005F0FF4	MULTIPLE	1	98	233	58	3.408e-11	{LQR}
UPI00005F0FF4	WHOLE	1	1	278	17	1.087e-04	{H}
UPI00005F1051	SINGLE	1	355	380	9	2.064e-05	{E}
UPI00005F1051	SINGLE	2	39	350	39	6.195e-05	{G}
UPI00005F1051	SINGLE	3	90	104	4	7.491e-05	{C}
UPI00005F1051	SINGLE	4	102	269	27	1.714e-04	{A}
UPI00005F1051	SINGLE	5	313	329	5	3.504e-04	{F}
UPI00005F1051	SINGLE	6	22	37	5	7.294e-04	{I}
UPI00005F1051	SINGLE	7	7	60	6	9.624e-04	{H}
UPI00005F1051	MULTIPLE	1	102	312	56	1.913e-06	{GA}
UPI00005F1051	MULTIPLE	2	7	60	13	6.392e-05	{IH}
UPI00005F1051	WHOLE	1	1	412	46	1.981e-04	{G}
UPI00005F109D	SINGLE	1	4	536	97	4.752e-11	{L}
UPI00005F109D	SINGLE	2	190	421	26	7.143e-06	{Q}
UPI00005F109D	SINGLE	3	245	311	16	3.560e-05	{A}
UPI00005F109D	SINGLE	4	123	151	9	5.346e-05	{V}
UPI00005F109D	SINGLE	5	540	571	7	3.177e-04	{Q}
UPI00005F109D	SINGLE	6	463	478	6	3.425e-04	{G}
UPI00005F109D	SINGLE	7	45	75	9	3.743e-04	{A}
UPI00005F109D	MULTIPLE	1	2	538	237	3.966e-15	{LAGR}
UPI00005F109D	WHOLE	1	1	573	100	2.591e-10	{L}
UPI00005F1120	SINGLE	1	13	33	9	1.235e-05	{A}
UPI00005F1120	WHOLE	1	1	53	12	5.061e-04	{A}
UPI00005F114F	SINGLE	1	174	290	10	9.649e-06	{W}
UPI00005F114F	SINGLE	2	257	415	26	1.690e-04	{A}
UPI00005F114F	SINGLE	3	377	420	8	2.304e-04	{F}
UPI00005F114F	SINGLE	4	277	410	20	2.695e-04	{V}
UPI00005F114F	SINGLE	5	46	191	21	4.115e-04	{G}
UPI00005F114F	SINGLE	6	25	104	17	5.630e-04	{L}
UPI00005F114F	MULTIPLE	1	25	293	78	7.966e-07	{WGL}
UPI00005F114F	MULTIPLE	2	265	422	59	7.907e-09	{AFV}
UPI00005F13AA	SINGLE	1	54	215	29	1.552e-05	{A}
UPI00005F13AA	SINGLE	2	29	157	19	5.527e-04	{G}
UPI00005F13AA	SINGLE	3	181	198	6	6.200e-04	{V}
UPI00005F13AA	MULTIPLE	1	49	179	39	3.440e-06	{AG}
UPI00005F13AA	WHOLE	1	1	232	32	6.736e-04	{A}
UPI00005F13AF	SINGLE	1	142	156	4	2.419e-04	{M}
UPI00005F13FC	SINGLE	1	11	291	40	9.949e-05	{A}
UPI00005F13FC	SINGLE	2	122	268	28	1.012e-04	{L}
UPI00005F13FC	MULTIPLE	1	10	291	82	2.015e-07	{AL}
UPI00005F13FC	WHOLE	1	1	299	40	3.300e-04	{A}
UPI00005F1411	SINGLE	1	22	179	18	1.253e-04	{Q}
UPI00005F1411	WHOLE	1	1	179	18	5.289e-04	{Q}
UPI00005F1423	SINGLE	1	244	478	67	1.974e-17	{L}
UPI00005F1423	SINGLE	2	367	391	9	1.426e-05	{V}
UPI00005F1423	SINGLE	3	5	787	28	1.790e-05	{W}
UPI00005F1423	SINGLE	4	322	336	5	4.135e-04	{P}
UPI00005F1423	SINGLE	5	631	709	11	4.472e-04	{Q}
UPI00005F1423	SINGLE	6	531	565	7	5.411e-04	{N}
UPI00005F1423	SINGLE	7	248	262	6	5.574e-04	{A}
UPI00005F1423	SINGLE	8	742	756	6	5.574e-04	{A}
UPI00005F1423	SINGLE	9	15	32	7	6.140e-04	{L}
UPI00005F1423	MULTIPLE	1	244	478	120	4.287e-20	{LVA}
UPI00005F1423	MULTIPLE	2	5	798	170	8.258e-19	{WL}
UPI00005F1423	WHOLE	1	1	804	142	2.949e-14	{L}
UPI00005F1423	WHOLE	2	1	804	28	2.792e-05	{W}
UPI00005F14B5	SINGLE	1	9	268	37	1.694e-04	{A}
UPI00005F14B5	SINGLE	2	184	198	5	2.936e-04	{Q}
UPI00005F14B5	SINGLE	3	75	235	18	3.675e-04	{P}
UPI00005F14B5	SINGLE	4	142	158	5	9.825e-04	{I}
UPI00005F14B5	MULTIPLE	1	75	209	56	1.326e-07	{AQPI}
UPI00005F14B5	WHOLE	1	1	276	37	4.928e-04	{A}
UPI00005F1502	SINGLE	1	32	62	9	2.046e-04	{S}
UPI00005F156A	SINGLE	1	238	254	4	4.036e-04	{H}
UPI00005F156A	SINGLE	2	192	263	13	5.924e-04	{G}
UPI00005F156A	MULTIPLE	1	192	263	17	9.860e-05	{HG}
UPI00005F15CA	SINGLE	1	108	278	21	1.292e-05	{Q}
UPI00005F15CA	SINGLE	2	185	254	11	2.964e-04	{P}
UPI00005F15CA	SINGLE	3	11	28	6	6.250e-04	{E}
UPI00005F15CA	MULTIPLE	1	108	278	35	2.213e-06	{QP}
UPI00005F15CA	WHOLE	1	1	286	24	9.295e-04	{Q}
UPI00005F1607	SINGLE	1	154	178	5	1.683e-04	{M}
UPI00005F1607	SINGLE	2	39	71	7	1.703e-04	{Y}
UPI00005F1607	SINGLE	3	123	168	12	5.376e-04	{L}
UPI00005F1607	SINGLE	4	209	226	5	7.186e-04	{N}
UPI00005F1607	MULTIPLE	1	123	178	18	2.207e-05	{ML}
UPI00005F1639	SINGLE	1	21	282	37	1.955e-04	{A}
UPI00005F1639	SINGLE	2	20	92	11	2.293e-04	{Q}
UPI00005F1639	SINGLE	3	241	293	11	9.003e-04	{S}
UPI00005F1639	MULTIPLE	1	17	293	83	7.384e-06	{AQS}
UPI00005F16B7	SINGLE	1	52	405	52	5.329e-06	{A}
UPI00005F16B7	SINGLE	2	5	415	62	3.810e-05	{L}
UPI00005F16B7	SINGLE	3	20	206	19	1.026e-04	{F}
UPI00005F16B7	SINGLE	4	36	377	38	6.413e-04	{G}
UPI00005F16B7	MULTIPLE	1	20	405	180	7.325e-16	{ALFG}
UPI00005F16B7	WHOLE	1	1	429	59	1.003e-05	{A}
UPI00005F16B7	WHOLE	2	1	429	62	1.184e-04	{L}
UPI00005F16B7	WHOLE	3	1	429	30	8.978e-04	{F}
UPI00005F16C4	SINGLE	1	174	247	18	9.416e-06	{A}
UPI00005F16C4	SINGLE	2	84	114	9	1.103e-04	{G}
UPI00005F16C4	SINGLE	3	120	134	5	4.635e-04	{R}
UPI00005F16C4	SINGLE	4	116	160	8	5.178e-04	{Q}
UPI00005F16C4	MULTIPLE	1	116	150	12	3.062e-05	{RQ}
UPI00005F1718	SINGLE	1	168	197	13	8.070e-09	{T}
UPI00005F1718	SINGLE	2	165	252	16	2.366e-06	{P}
UPI00005F1718	SINGLE	3	175	261	20	7.703e-06	{A}
UPI00005F1718	SINGLE	4	112	133	5	1.498e-05	{W}
UPI00005F1718	SINGLE	5	150	169	7	2.968e-04	{S}
UPI00005F1718	MULTIPLE	1	168	254	55	7.680e-20	{TPA}
UPI00005F1718	WHOLE	1	1	337	46	8.970e-05	{A}
UPI00005F1718	WHOLE	2	1	337	37	2.962e-04	{T}
UPI00005F1721	SINGLE	1	94	298	41	1.081e-06	{L}
UPI00005F1721	SINGLE	2	81	317	35	3.138e-06	{V}
UPI00005F1721	SINGLE	3	115	299	30	3.458e-06	{G}
UPI00005F1721	SINGLE	4	24	79	11	6.400e-05	{I}
UPI00005F1721	SINGLE	5	234	263	9	2.883e-04	{A}
UPI00005F1721	SINGLE	6	186	203	5	4.662e-04	{F}
UPI00005F1721	MULTIPLE	1	81	323	156	7.487e-22	{LVGAF}
UPI00005F1721	WHOLE	1	1	332	55	7.914e-06	{L}
UPI00005F1721	WHOLE	2	1	332	41	3.510e-05	{V}
UPI00005F1721	WHOLE	3	1	332	37	7.006e-04	{G}
UPI00005F178C	SINGLE	1	277	324	9	3.282e-04	{R}
UPI00005F178C	SINGLE	2	151	228	17	4.217e-04	{L}
UPI00005F178C	SINGLE	3	233	260	6	4.644e-04	{Y}
UPI00005F178C	SINGLE	4	309	327	5	6.080e-04	{F}
UPI00005F178C	SINGLE	5	188	212	6	7.403e-04	{P}
UPI00005F178C	SINGLE	6	223	249	6	7.702e-04	{Q}
UPI00005F178C	SINGLE	7	36	50	5	9.005e-04	{D}
UPI00005F178C	MULTIPLE	1	273	327	16	9.208e-06	{RF}
UPI00005F178C	MULTIPLE	2	155	217	21	5.027e-05	{LP}
UPI00005F178C	MULTIPLE	3	233	249	8	2.106e-05	{YQ}
UPI00005F1807	SINGLE	1	516	635	19	8.270e-07	{Q}
UPI00005F1807	SINGLE	2	308	499	37	7.848e-06	{L}
UPI00005F1807	SINGLE	3	526	633	20	1.437e-05	{E}
UPI00005F1807	SINGLE	4	221	277	11	2.415e-05	{Q}
UPI00005F1807	SINGLE	5	158	201	13	8.815e-05	{L}
UPI00005F1807	SINGLE	6	338	378	10	2.194e-04	{G}
UPI00005F1807	SINGLE	7	200	219	6	2.742e-04	{I}
UPI00005F1807	SINGLE	8	495	521	7	4.646e-04	{D}
UPI00005F1807	SINGLE	9	89	566	39	4.657e-04	{R}
UPI00005F1807	SINGLE	10	529	623	17	7.024e-04	{A}
UPI00005F1807	MULTIPLE	1	523	629	52	1.746e-12	{QEA}
UPI00005F1807	MULTIPLE	2	321	480	49	1.288e-06	{LG}
UPI00005F1807	MULTIPLE	3	89	566	72	8.705e-06	{QR}
UPI00005F1807	MULTIPLE	4	158	219	22	1.557e-05	{LI}
UPI00005F1807	WHOLE	1	1	637	89	2.240e-05	{L}
UPI00005F1807	WHOLE	2	1	637	48	8.799e-05	{Q}
UPI00005F185D	SINGLE	1	88	171	12	5.849e-05	{Y}
UPI00005F185D	SINGLE	2	21	55	9	8.102e-05	{D}
UPI00005F1898	SINGLE	1	1	89	11	3.461e-06	{M}
UPI00005F1898	SINGLE	2	57	123	15	6.548e-04	{L}
UPI00005F189E	SINGLE	1	21	313	51	4.373e-08	{A}
UPI00005F189E	SINGLE	2	95	164	10	2.560e-06	{M}
UPI00005F189E	SINGLE	3	119	133	4	2.419e-04	{H}
UPI00005F189E	MULTIPLE	1	27	313	77	9.875e-12	{AMH}
UPI00005F189E	WHOLE	1	1	387	57	1.911e-06	{A}
UPI00005F189E	WHOLE	2	1	387	21	9.950e-05	{M}
UPI00005F18AC	SINGLE	1	190	258	8	1.343e-05	{C}
UPI00005F18AC	SINGLE	2	57	181	22	1.782e-04	{A}
UPI00005F18AC	SINGLE	3	140	154	6	3.585e-04	{S}
UPI00005F18AC	SINGLE	4	28	42	5	4.635e-04	{R}
UPI00005F18AC	SINGLE	5	25	144	22	7.869e-04	{L}
UPI00005F18AC	MULTIPLE	1	25	181	49	5.530e-06	{AL}
UPI00005F18C7	SINGLE	1	14	180	33	5.017e-07	{A}
UPI00005F18C7	SINGLE	2	7	391	44	1.636e-04	{G}
UPI00005F18C7	MULTIPLE	1	7	403	97	5.432e-08	{AG}
UPI00005F18C7	WHOLE	1	1	429	54	1.876e-04	{A}
UPI00005F18C7	WHOLE	2	1	429	45	7.446e-04	{G}
UPI00005F18D8	SINGLE	1	47	388	42	4.497e-08	{I}
UPI00005F18D8	SINGLE	2	37	407	46	1.195e-05	{V}
UPI00005F18D8	SINGLE	3	227	273	14	4.400e-05	{L}
UPI00005F18D8	SINGLE	4	165	244	11	2.184e-04	{F}
UPI00005F18D8	MULTIPLE	1	36	408	157	4.495e-14	{IVLF}
UPI00005F18D8	WHOLE	1	1	437	46	8.737e-07	{I}
UPI00005F18D8	WHOLE	2	1	437	48	1.370e-04	{V}
UPI00005F18EA	SINGLE	1	22	166	26	4.218e-04	{L}
UPI00005F1929	SINGLE	1	474	488	4	2.419e-04	{M}
UPI00005F1929	SINGLE	2	44	58	6	5.574e-04	{A}
UPI00005F1929	SINGLE	3	283	299	5	8.659e-04	{R}
UPI00005F1929	SINGLE	4	205	300	8	9.722e-04	{M}
UPI00005F19E3	SINGLE	1	25	291	18	2.111e-05	{H}
UPI00005F19E3	SINGLE	2	254	667	55	4.554e-05	{A}
UPI00005F19E3	SINGLE	3	69	86	8	8.554e-05	{L}
UPI00005F19E3	SINGLE	4	98	194	17	1.443e-04	{G}
UPI00005F19E3	SINGLE	5	120	134	6	5.574e-04	{A}
UPI00005F19E3	MULTIPLE	1	201	514	56	8.440e-06	{HA}
UPI00005F19E3	WHOLE	1	1	667	76	2.739e-04	{A}
UPI00005F19ED	SINGLE	1	40	85	9	4.169e-08	{C}
UPI00005F19ED	SINGLE	2	139	153	5	2.936e-04	{Q}
UPI00005F19ED	SINGLE	3	40	54	6	5.574e-04	{A}
UPI00005F19ED	WHOLE	1	1	181	13	6.942e-06	{C}
UPI00005F19F8	SINGLE	1	5	54	8	1.171e-06	{C}
UPI00005F19F8	WHOLE	1	1	71	8	1.656e-05	{C}
UPI00005F1A28	SINGLE	1	40	163	14	1.330e-08	{C}
UPI00005F1A28	WHOLE	1	1	180	14	1.269e-06	{C}
UPI00005F1A3C	SINGLE	1	6	109	22	1.129e-05	{A}
UPI00005F1A3C	SINGLE	2	165	256	14	9.174e-05	{R}
UPI00005F1A3C	SINGLE	3	35	97	16	1.034e-04	{L}
UPI00005F1A3C	SINGLE	4	112	258	16	4.506e-04	{Q}
UPI00005F1A3C	MULTIPLE	1	4	109	41	6.839e-08	{AL}
UPI00005F1A3C	MULTIPLE	2	106	258	32	4.659e-06	{RQ}
UPI00005F1A3C	WHOLE	1	1	259	38	7.841e-05	{A}
UPI00005F1A44	SINGLE	1	34	70	12	1.298e-05	{A}
UPI00005F1A44	SINGLE	2	49	91	6	5.631e-05	{C}
UPI00005F1A44	SINGLE	3	118	170	13	1.358e-04	{A}
UPI00005F1A44	SINGLE	4	260	274	4	2.419e-04	{M}
UPI00005F1A44	SINGLE	5	140	154	5	9.005e-04	{D}
UPI00005F1A44	MULTIPLE	1	36	71	15	2.924e-07	{AC}
UPI00005F1A44	MULTIPLE	2	118	170	18	8.155e-05	{AD}
UPI00005F1A6A	SINGLE	1	63	125	10	2.835e-04	{Q}
UPI00005F1A6A	SINGLE	2	200	215	5	6.419e-04	{R}
UPI00005F1A6A	SINGLE	3	19	160	25	6.794e-04	{L}
UPI00005F1A6A	MULTIPLE	1	19	160	38	1.327e-05	{QL}
UPI00005F1AC2	SINGLE	1	23	420	45	1.662e-07	{I}
UPI00005F1AC2	SINGLE	2	27	475	39	2.417e-06	{F}
UPI00005F1AC2	SINGLE	3	18	388	53	9.405e-06	{A}
UPI00005F1AC2	SINGLE	4	122	196	15	7.824e-05	{G}
UPI00005F1AC2	SINGLE	5	1	15	4	2.419e-04	{M}
UPI00005F1AC2	MULTIPLE	1	7	463	204	3.739e-19	{IFAGM}
UPI00005F1AC2	WHOLE	1	1	560	51	1.255e-05	{I}
UPI00005F1AC2	WHOLE	2	1	560	42	3.098e-05	{F}
UPI00005F1AC2	WHOLE	3	1	560	68	1.009e-04	{A}
UPI00005F1AC2	WHOLE	4	1	560	57	3.916e-04	{G}
UPI00005F1AC4	SINGLE	1	93	161	15	2.934e-05	{G}
UPI00005F1AC4	SINGLE	2	234	248	5	2.936e-04	{Q}
UPI00005F1AC4	WHOLE	1	1	350	39	5.345e-04	{G}
UPI00005F1ADE	SINGLE	1	114	656	53	2.636e-08	{N}
UPI00005F1ADE	SINGLE	2	262	747	63	2.740e-06	{S}
UPI00005F1ADE	SINGLE	3	58	708	60	4.914e-05	{D}
UPI00005F1ADE	SINGLE	4	865	889	7	6.184e-05	{Q}
UPI00005F1ADE	SINGLE	5	212	226	5	1.557e-04	{Y}
UPI00005F1ADE	SINGLE	6	702	752	9	2.536e-04	{Q}
UPI00005F1ADE	SINGLE	7	5	21	7	4.133e-04	{L}
UPI00005F1ADE	SINGLE	8	618	833	27	6.413e-04	{G}
UPI00005F1ADE	SINGLE	9	161	178	5	7.334e-04	{Q}
UPI00005F1ADE	SINGLE	10	766	841	16	8.709e-04	{L}
UPI00005F1ADE	MULTIPLE	1	161	763	303	2.636e-21	{NSDYQG}
UPI00005F1ADE	WHOLE	1	1	894	66	1.040e-05	{N}
UPI00005F1ADE	WHOLE	2	1	894	91	2.262e-04	{S}
UPI00005F1AF4	SINGLE	1	321	422	21	2.240e-06	{G}
UPI00005F1AF4	SINGLE	2	280	467	35	2.720e-05	{L}
UPI00005F1AF4	SINGLE	3	155	170	7	3.033e-05	{V}
UPI00005F1AF4	SINGLE	4	17	436	56	3.616e-05	{A}
UPI00005F1AF4	SINGLE	5	71	127	12	2.328e-04	{G}
UPI00005F1AF4	SINGLE	6	22	406	29	3.707e-04	{F}
UPI00005F1AF4	SINGLE	7	74	122	6	5.818e-04	{M}
UPI00005F1AF4	SINGLE	8	179	194	5	7.294e-04	{I}
UPI00005F1AF4	SINGLE	9	10	367	14	7.664e-04	{W}
UPI00005F1AF4	MULTIPLE	1	17	452	256	6.415e-22	{GLAFMIW}
UPI00005F1AF4	WHOLE	1	1	496	54	1.231e-04	{G}
UPI00005F1AF4	WHOLE	2	1	496	60	2.490e-04	{A}
UPI00005F1AF4	WHOLE	3	1	496	65	9.331e-04	{L}
UPI00005F1B01	SINGLE	1	197	372	25	1.616e-04	{G}
UPI00005F1B01	SINGLE	2	2	406	51	2.628e-04	{A}
UPI00005F1B01	SINGLE	3	58	281	14	3.242e-04	{H}
UPI00005F1B01	SINGLE	4	312	328	5	5.538e-04	{Q}
UPI00005F1B01	MULTIPLE	1	22	401	103	9.717e-08	{GAH}
UPI00005F1B01	WHOLE	1	1	406	51	2.768e-04	{A}
UPI00005F1B14	SINGLE	1	186	230	8	5.178e-04	{Q}
UPI00005F1B14	SINGLE	2	176	190	5	9.005e-04	{D}
UPI00005F1B15	SINGLE	1	187	201	4	7.491e-05	{C}
UPI00005F1B15	SINGLE	2	169	235	11	2.505e-04	{R}
UPI00005F1B15	MULTIPLE	1	169	235	15	1.349e-05	{CR}
UPI00005F1B1A	SINGLE	1	11	87	18	1.657e-05	{A}
UPI00005F1B1A	SINGLE	2	29	82	12	1.143e-04	{V}
UPI00005F1B1A	SINGLE	3	88	103	6	3.425e-04	{G}
UPI00005F1B1A	SINGLE	4	412	481	13	4.545e-04	{G}
UPI00005F1B1A	SINGLE	5	388	413	7	6.865e-04	{T}
UPI00005F1B1A	MULTIPLE	1	10	87	31	2.588e-08	{AV}
UPI00005F1B1A	MULTIPLE	2	388	487	26	1.760e-04	{GT}
UPI00005F1B1B	SINGLE	1	131	211	19	7.822e-05	{L}
UPI00005F1B1B	SINGLE	2	130	160	9	3.743e-04	{A}
UPI00005F1B1B	MULTIPLE	1	130	211	30	1.180e-05	{LA}
UPI00005F1B1E	SINGLE	1	28	231	29	1.851e-09	{F}
UPI00005F1B1E	SINGLE	2	271	292	8	3.934e-05	{V}
UPI00005F1B1E	SINGLE	3	116	268	24	5.033e-04	{A}
UPI00005F1B1E	WHOLE	1	1	295	33	5.779e-08	{F}
UPI00005F1B21	SINGLE	1	2	21	7	6.053e-05	{D}
UPI00005F1B26	SINGLE	1	724	906	36	6.464e-06	{L}
UPI00005F1B26	SINGLE	2	806	836	9	1.140e-05	{I}
UPI00005F1B26	SINGLE	3	62	706	55	1.728e-05	{R}
UPI00005F1B26	SINGLE	4	237	269	8	5.674e-05	{Q}
UPI00005F1B26	SINGLE	5	500	523	8	2.843e-04	{A}
UPI00005F1B26	SINGLE	6	566	581	4	3.155e-04	{M}
UPI00005F1B26	SINGLE	7	205	279	15	4.422e-04	{A}
UPI00005F1B26	SINGLE	8	776	795	5	7.789e-04	{F}
UPI00005F1B26	MULTIPLE	1	722	906	69	3.227e-10	{LIF}
UPI00005F1B26	MULTIPLE	2	62	706	80	2.604e-07	{RM}
UPI00005F1B26	MULTIPLE	3	205	279	23	1.279e-05	{QA}
UPI00005F1B26	WHOLE	1	1	911	113	2.463e-04	{L}
UPI00005F1B26	WHOLE	2	1	911	35	5.577e-04	{M}
UPI00005F1B32	SINGLE	1	619	701	19	9.442e-07	{V}
UPI00005F1B32	SINGLE	2	6	115	18	3.842e-06	{R}
UPI00005F1B32	SINGLE	3	7	309	15	4.706e-05	{W}
UPI00005F1B32	SINGLE	4	134	249	24	8.281e-05	{L}
UPI00005F1B32	SINGLE	5	355	431	11	1.569e-04	{F}
UPI00005F1B32	SINGLE	6	372	386	4	2.419e-04	{M}
UPI00005F1B32	SINGLE	7	736	787	9	2.934e-04	{Q}
UPI00005F1B32	SINGLE	8	151	165	5	5.275e-04	{I}
UPI00005F1B32	SINGLE	9	257	280	6	5.903e-04	{P}
UPI00005F1B32	SINGLE	10	532	550	7	8.828e-04	{L}
UPI00005F1B32	MULTIPLE	1	16	277	115	1.598e-11	{RWLIP}
UPI00005F1B32	MULTIPLE	2	355	431	16	1.060e-05	{FM}
UPI00005F1B32	WHOLE	1	1	872	26	4.588e-04	{W}
UPI00005F1B32	WHOLE	2	1	872	62	5.699e-04	{R}
UPI00005F1B3D	SINGLE	1	253	276	6	3.999e-04	{Q}
UPI00005F1B68	SINGLE	1	69	85	7	3.565e-06	{Q}
UPI00005F1B68	SINGLE	2	129	172	11	3.565e-04	{A}
UPI00005F1B68	SINGLE	3	197	211	5	4.635e-04	{R}
UPI00005F1B68	SINGLE	4	166	258	15	6.355e-04	{V}
UPI00005F1B68	MULTIPLE	1	129	258	34	1.617e-04	{AV}
UPI00005F1B6B	SINGLE	1	22	163	16	1.066e-04	{F}
UPI00005F1B6B	SINGLE	2	226	253	8	2.582e-04	{E}
UPI00005F1B6B	SINGLE	3	237	283	12	6.556e-04	{L}
UPI00005F1B6B	MULTIPLE	1	237	261	13	2.358e-05	{EL}
UPI00005F1B85	SINGLE	1	160	185	6	6.261e-04	{Q}
UPI00005F1B8A	SINGLE	1	32	62	6	5.536e-06	{W}
UPI00005F1B8A	SINGLE	2	80	230	25	1.427e-05	{G}
UPI00005F1B8A	SINGLE	3	5	340	35	1.785e-05	{I}
UPI00005F1B8A	SINGLE	4	186	204	8	4.395e-05	{A}
UPI00005F1B8A	SINGLE	5	82	198	11	4.438e-05	{M}
UPI00005F1B8A	SINGLE	6	300	338	9	5.782e-04	{V}
UPI00005F1B8A	SINGLE	7	49	271	35	6.390e-04	{L}
UPI00005F1B8A	MULTIPLE	1	32	313	94	1.557e-10	{WIML}
UPI00005F1B8A	WHOLE	1	1	344	35	2.837e-05	{I}
UPI00005F1B8A	WHOLE	2	1	344	19	1.616e-04	{M}
UPI00005F1B8A	WHOLE	3	1	344	39	3.942e-04	{G}
UPI00005F1BBB	SINGLE	1	3	438	57	2.244e-11	{I}
UPI00005F1BBB	SINGLE	2	387	443	9	3.473e-06	{M}
UPI00005F1BBB	SINGLE	3	190	445	25	1.961e-05	{F}
UPI00005F1BBB	SINGLE	4	277	465	30	1.014e-04	{A}
UPI00005F1BBB	SINGLE	5	53	177	10	3.412e-04	{M}
UPI00005F1BBB	MULTIPLE	1	1	445	116	5.374e-19	{IMF}
UPI00005F1BBB	WHOLE	1	1	465	57	2.596e-10	{I}
UPI00005F1BBB	WHOLE	2	1	465	26	1.084e-05	{M}
UPI00005F1BBB	WHOLE	3	1	465	33	4.356e-04	{F}
UPI00005F1BC0	SINGLE	1	2	305	37	3.230e-07	{I}
UPI00005F1BC0	SINGLE	2	46	276	35	2.795e-06	{G}
UPI00005F1BC0	SINGLE	3	15	126	14	9.409e-05	{F}
UPI00005F1BC0	SINGLE	4	6	314	45	6.476e-04	{L}
UPI00005F1BC0	MULTIPLE	1	6	311	142	8.745e-17	{IGFL}
UPI00005F1BC0	WHOLE	1	1	331	38	9.342e-07	{I}
UPI00005F1BC0	WHOLE	2	1	331	41	5.114e-05	{G}
UPI00005F1C1F	SINGLE	1	273	288	8	9.559e-06	{A}
UPI00005F1C1F	SINGLE	2	65	88	9	4.300e-05	{A}
UPI00005F1C1F	SINGLE	3	112	141	8	4.831e-04	{G}
UPI00005F1C1F	SINGLE	4	142	164	8	5.917e-04	{L}
UPI00005F1C1F	WHOLE	1	1	438	54	2.979e-04	{A}
UPI00005F1C8F	SINGLE	1	70	244	26	6.090e-05	{G}
UPI00005F1C8F	SINGLE	2	108	251	14	7.794e-04	{Y}
UPI00005F1C8F	MULTIPLE	1	70	251	41	9.826e-07	{GY}
UPI00005F1C8F	WHOLE	1	1	261	32	3.294e-04	{G}
UPI00005F1CA3	SINGLE	1	25	58	5	7.231e-04	{H}
UPI00005F1CA6	SINGLE	1	76	735	74	4.107e-06	{G}
UPI00005F1CA6	SINGLE	2	78	743	54	4.884e-06	{N}
UPI00005F1CA6	SINGLE	3	59	154	14	1.430e-04	{R}
UPI00005F1CA6	SINGLE	4	563	600	9	4.757e-04	{V}
UPI00005F1CA6	SINGLE	5	599	648	10	6.665e-04	{T}
UPI00005F1CA6	SINGLE	6	488	517	6	6.779e-04	{Y}
UPI00005F1CA6	SINGLE	7	358	378	6	6.796e-04	{D}
UPI00005F1CA6	SINGLE	8	286	449	21	7.726e-04	{T}
UPI00005F1CA6	MULTIPLE	1	73	739	216	1.543e-12	{GNTY}
UPI00005F1CA6	MULTIPLE	2	285	455	36	1.963e-04	{DT}
UPI00005F1CA6	WHOLE	1	1	746	58	7.846e-06	{N}
UPI00005F1CA6	WHOLE	2	1	746	77	3.920e-05	{G}
UPI00005F1CFE	SINGLE	1	63	242	15	8.911e-06	{M}
UPI00005F1CFE	SINGLE	2	82	593	47	1.098e-05	{R}
UPI00005F1CFE	SINGLE	3	381	545	20	1.304e-04	{I}
UPI00005F1CFE	SINGLE	4	24	304	26	1.545e-04	{Q}
UPI00005F1CFE	SINGLE	5	307	343	9	3.882e-04	{V}
UPI00005F1CFE	SINGLE	6	260	301	8	5.252e-04	{P}
UPI00005F1CFE	MULTIPLE	1	20	551	186	4.520e-11	{MRIQV}
UPI00005F1CFE	WHOLE	1	1	623	52	4.662e-05	{R}
UPI00005F1CFE	WHOLE	2	1	623	43	9.075e-04	{Q}
UPI00005F1D1C	SINGLE	1	567	730	31	2.741e-06	{A}
UPI00005F1D1C	SINGLE	2	12	30	6	3.810e-04	{D}
UPI00005F1D1C	SINGLE	3	532	869	48	7.565e-04	{L}
UPI00005F1D1C	SINGLE	4	401	587	18	8.484e-04	{Q}
UPI00005F1D1C	MULTIPLE	1	531	870	96	9.751e-08	{AL}
UPI00005F1D51	SINGLE	1	104	278	33	1.441e-06	{A}
UPI00005F1D51	SINGLE	2	119	334	42	1.703e-06	{L}
UPI00005F1D51	SINGLE	3	50	65	4	9.828e-05	{C}
UPI00005F1D51	SINGLE	4	146	160	5	4.635e-04	{R}
UPI00005F1D51	SINGLE	5	238	333	8	9.722e-04	{H}
UPI00005F1D51	MULTIPLE	1	117	323	94	9.148e-12	{ALRH}
UPI00005F1D51	WHOLE	1	1	334	56	4.722e-06	{L}
UPI00005F1D51	WHOLE	2	1	334	43	4.470e-04	{A}
UPI00005F1DAB	SINGLE	1	176	291	19	1.520e-04	{G}
UPI00005F1DAB	SINGLE	2	86	285	27	1.521e-04	{V}
UPI00005F1DAB	SINGLE	3	691	803	15	2.368e-04	{R}
UPI00005F1DAB	SINGLE	4	25	50	9	2.859e-04	{L}
UPI00005F1DAB	SINGLE	5	140	155	6	3.084e-04	{E}
UPI00005F1DAB	SINGLE	6	593	622	8	4.252e-04	{E}
UPI00005F1DAB	SINGLE	7	661	844	24	6.789e-04	{G}
UPI00005F1DAB	MULTIPLE	1	93	291	50	2.126e-06	{GV}
UPI00005F1DAB	MULTIPLE	2	690	826	34	5.889e-06	{RG}
UPI00005F1DAE	SINGLE	1	233	254	9	6.698e-05	{L}
UPI00005F1DAE	SINGLE	2	162	177	6	6.935e-05	{I}
UPI00005F1DAE	SINGLE	3	73	91	6	6.706e-04	{T}
UPI00005F1DBD	SINGLE	1	1	15	5	2.875e-04	{N}
UPI00005F1DBD	SINGLE	2	205	240	7	2.965e-04	{Y}
UPI00005F1DBD	SINGLE	3	113	299	28	4.046e-04	{A}
UPI00005F1DBD	MULTIPLE	1	113	299	42	1.134e-05	{YA}
UPI00005F1DC6	SINGLE	1	159	181	6	3.135e-04	{Q}
UPI00005F1DC9	SINGLE	1	301	327	9	2.572e-06	{R}
UPI00005F1DC9	SINGLE	2	125	164	11	3.440e-05	{G}
UPI00005F1DC9	SINGLE	3	353	398	6	4.164e-04	{H}
UPI00005F1DCA	SINGLE	1	22	251	42	8.138e-06	{L}
UPI00005F1DCA	SINGLE	2	55	100	10	4.429e-05	{R}
UPI00005F1DCA	SINGLE	3	18	32	6	3.585e-04	{S}
UPI00005F1DCA	SINGLE	4	137	184	11	7.579e-04	{A}
UPI00005F1DCA	MULTIPLE	1	22	251	60	5.385e-07	{LR}
UPI00005F1DCA	WHOLE	1	1	316	49	1.070e-04	{L}
UPI00005F1DCB	SINGLE	1	12	121	18	1.734e-04	{V}
UPI00005F1DCB	SINGLE	2	27	116	15	5.607e-04	{G}
UPI00005F1DCB	MULTIPLE	1	8	121	34	1.596e-06	{VG}
UPI00005F1DF0	SINGLE	1	19	79	12	8.787e-04	{S}
UPI00005F1E07	SINGLE	1	115	129	7	2.093e-05	{G}
UPI00005F1E07	SINGLE	2	156	172	8	5.235e-05	{L}
UPI00005F1E07	SINGLE	3	23	165	25	7.912e-05	{A}
UPI00005F1E07	MULTIPLE	1	38	163	36	1.995e-05	{GA}
UPI00005F1E07	WHOLE	1	1	172	26	5.356e-04	{A}
UPI00005F1E43	SINGLE	1	22	416	18	2.637e-05	{W}
UPI00005F1E43	SINGLE	2	9	27	8	4.395e-05	{A}
UPI00005F1E43	SINGLE	3	267	290	6	5.903e-04	{P}
UPI00005F1E43	MULTIPLE	1	9	416	64	1.421e-05	{WA}
UPI00005F1E43	WHOLE	1	1	435	18	8.518e-05	{W}
UPI00005F1E58	SINGLE	1	95	116	8	3.934e-05	{V}
UPI00005F1E58	SINGLE	2	91	124	8	1.185e-04	{P}
UPI00005F1E58	SINGLE	3	59	94	10	2.669e-04	{A}
UPI00005F1E58	SINGLE	4	4	56	9	6.786e-04	{R}
UPI00005F1E58	MULTIPLE	1	88	124	17	9.637e-08	{VP}
UPI00005F1E6E	SINGLE	1	602	677	23	1.504e-07	{L}
UPI00005F1E6E	SINGLE	2	4	88	24	3.357e-07	{L}
UPI00005F1E6E	SINGLE	3	293	323	12	8.292e-06	{L}
UPI00005F1E6E	SINGLE	4	100	460	46	1.022e-05	{G}
UPI00005F1E6E	SINGLE	5	1	422	23	4.673e-05	{M}
UPI00005F1E6E	SINGLE	6	21	267	27	6.330e-05	{I}
UPI00005F1E6E	SINGLE	7	110	375	34	7.485e-05	{V}
UPI00005F1E6E	SINGLE	8	42	138	12	3.065e-04	{F}
UPI00005F1E6E	SINGLE	9	473	518	8	5.997e-04	{Q}
UPI00005F1E6E	MULTIPLE	1	29	88	25	3.307e-08	{LF}
UPI00005F1E6E	MULTIPLE	2	4	430	198	6.201e-14	{LGMIV}
UPI00005F1E6E	WHOLE	1	1	692	102	7.656e-07	{L}
UPI00005F1E73	SINGLE	1	85	316	31	3.707e-07	{I}
UPI00005F1E73	SINGLE	2	2	17	8	5.165e-06	{S}
UPI00005F1E73	SINGLE	3	53	287	32	5.424e-05	{G}
UPI00005F1E73	SINGLE	4	16	48	7	2.116e-04	{F}
UPI00005F1E73	SINGLE	5	51	68	4	5.076e-04	{M}
UPI00005F1E73	MULTIPLE	1	49	310	73	1.005e-09	{IGM}
UPI00005F1E73	WHOLE	1	1	328	36	4.631e-06	{I}
UPI00005F1E73	WHOLE	2	1	328	37	5.736e-04	{G}
UPI00005F1E77	SINGLE	1	172	210	9	1.934e-04	{D}
UPI00005F1E77	SINGLE	2	115	151	9	2.742e-04	{K}
UPI00005F23FA	SINGLE	1	28	44	7	4.133e-04	{L}
UPI00005F2448	SINGLE	1	70	84	5	1.186e-05	{H}
UPI00005F2448	SINGLE	2	150	188	12	2.326e-05	{A}
UPI00005F2448	WHOLE	1	1	284	37	7.961e-04	{A}
UPI00005F285B	SINGLE	1	15	39	11	4.612e-06	{L}
UPI00005F285B	SINGLE	2	161	175	6	2.062e-04	{E}
UPI00005F285B	SINGLE	3	34	255	32	3.342e-04	{A}
UPI00005F285B	SINGLE	4	68	270	18	7.020e-04	{F}
UPI00005F285B	MULTIPLE	1	10	270	94	8.471e-09	{LAF}
UPI00005F285B	WHOLE	1	1	277	42	4.391e-04	{L}
UPI00005F28A0	SINGLE	1	181	221	11	6.979e-04	{L}
UPI00005F28A0	SINGLE	2	47	177	21	7.925e-04	{A}
UPI00005F28A3	SINGLE	1	114	128	6	8.836e-05	{D}
UPI00005F28A3	SINGLE	2	79	113	7	9.843e-04	{R}
UPI00005F28A5	SINGLE	1	17	429	55	4.527e-07	{G}
UPI00005F28A5	SINGLE	2	4	496	43	1.262e-04	{I}
UPI00005F28A5	SINGLE	3	262	287	7	1.498e-04	{R}
UPI00005F28A5	SINGLE	4	7	41	10	2.092e-04	{A}
UPI00005F28A5	MULTIPLE	1	7	496	176	1.919e-09	{GIRA}
UPI00005F28A5	WHOLE	1	1	513	58	2.824e-05	{G}
UPI00005F28A5	WHOLE	2	1	513	43	2.765e-04	{I}
UPI00005F28A8	SINGLE	1	60	76	6	8.712e-05	{R}
UPI00005F28A8	SINGLE	2	37	82	11	5.269e-04	{A}
UPI00005F28A8	MULTIPLE	1	37	82	17	1.847e-05	{RA}
UPI00005F28BD	SINGLE	1	17	387	75	4.949e-11	{L}
UPI00005F28BD	SINGLE	2	361	377	8	1.664e-05	{A}
UPI00005F28BD	SINGLE	3	19	369	42	8.769e-05	{G}
UPI00005F28BD	SINGLE	4	20	42	5	1.114e-04	{M}
UPI00005F28BD	SINGLE	5	43	293	36	1.756e-04	{A}
UPI00005F28BD	SINGLE	6	11	144	15	1.811e-04	{F}
UPI00005F28BD	SINGLE	7	212	271	6	2.436e-04	{W}
UPI00005F28BD	MULTIPLE	1	11	378	210	1.020e-24	{LAGMFW}
UPI00005F28BD	WHOLE	1	1	392	75	6.446e-10	{L}
UPI00005F28BD	WHOLE	2	1	392	42	7.202e-04	{G}
UPI00005F28D4	SINGLE	1	244	259	4	9.828e-05	{C}
UPI00005F28D4	SINGLE	2	230	249	6	2.355e-04	{R}
UPI00005F28D4	MULTIPLE	1	230	259	10	9.105e-06	{CR}
UPI00005F29A0	SINGLE	1	16	339	50	1.039e-04	{L}
UPI00005F29A0	SINGLE	2	98	228	11	1.192e-04	{H}
UPI00005F29A0	SINGLE	3	185	205	6	3.649e-04	{I}
UPI00005F29A0	MULTIPLE	1	16	339	63	8.045e-06	{LH}
UPI00005F29A0	WHOLE	1	1	342	51	1.975e-04	{L}
UPI00005F29C3	SINGLE	1	164	286	20	1.983e-06	{I}
UPI00005F29C3	SINGLE	2	6	31	7	4.307e-05	{F}
UPI00005F29C3	SINGLE	3	37	210	13	9.829e-05	{H}
UPI00005F29C3	SINGLE	4	398	412	6	2.045e-04	{V}
UPI00005F29C3	SINGLE	5	134	150	4	4.036e-04	{M}
UPI00005F29C3	SINGLE	6	426	440	5	4.635e-04	{R}
UPI00005F29C3	MULTIPLE	1	34	286	54	3.990e-09	{IHM}
UPI00005F29C3	WHOLE	1	1	482	39	8.664e-04	{I}
UPI00005F29FE	SINGLE	1	359	373	4	2.419e-04	{M}
UPI00005F29FE	SINGLE	2	1	61	7	3.105e-04	{M}
UPI00005F29FE	SINGLE	3	449	463	6	5.574e-04	{A}
UPI00005F29FE	SINGLE	4	523	538	5	5.733e-04	{P}
UPI00005F29FE	SINGLE	5	292	339	10	6.772e-04	{V}
UPI00005F2A77	SINGLE	1	6	129	15	7.961e-04	{I}
UPI00005F2A77	SINGLE	2	12	202	24	8.404e-04	{V}
UPI00005F2A77	MULTIPLE	1	6	205	41	7.839e-05	{IV}
UPI00005F2B1A	SINGLE	1	35	709	94	2.747e-08	{A}
UPI00005F2B1A	SINGLE	2	239	697	53	3.408e-05	{G}
UPI00005F2B1A	SINGLE	3	458	479	7	2.300e-04	{T}
UPI00005F2B1A	SINGLE	4	625	639	4	2.419e-04	{M}
UPI00005F2B1A	SINGLE	5	392	406	5	4.635e-04	{R}
UPI00005F2B1A	MULTIPLE	1	33	711	181	1.607e-11	{AGM}
UPI00005F2B1A	WHOLE	1	1	732	95	5.243e-07	{A}
UPI00005F2B1A	WHOLE	2	1	732	72	2.392e-04	{G}
UPI00005F2B6B	SINGLE	1	11	28	7	1.073e-05	{R}
UPI00005F2B6B	SINGLE	2	79	98	7	4.883e-04	{A}
UPI00005F2B6B	WHOLE	1	1	262	25	5.123e-04	{R}
UPI00005F2B8D	SINGLE	1	13	312	46	5.738e-06	{A}
UPI00005F2B8D	SINGLE	2	341	355	5	4.635e-04	{R}
UPI00005F2B8D	SINGLE	3	330	357	6	4.644e-04	{Y}
UPI00005F2B8D	MULTIPLE	1	327	357	12	3.989e-06	{RY}
UPI00005F2B8D	WHOLE	1	1	426	53	2.718e-04	{A}
UPI00005F2BAD	SINGLE	1	7	96	22	1.202e-05	{L}
UPI00005F2BAD	SINGLE	2	66	127	7	3.424e-04	{H}
UPI00005F2BAD	SINGLE	3	44	58	5	4.635e-04	{R}
UPI00005F2BAD	SINGLE	4	78	94	5	5.538e-04	{Q}
UPI00005F2BAD	SINGLE	5	236	256	7	6.750e-04	{A}
UPI00005F2BAD	MULTIPLE	1	7	121	42	6.955e-08	{LHR}
UPI00005F2C18	SINGLE	1	117	158	12	2.312e-05	{S}
UPI00005F2C18	SINGLE	2	32	255	32	3.873e-04	{A}
UPI00005F2C18	SINGLE	3	110	256	21	4.483e-04	{G}
UPI00005F2C18	SINGLE	4	5	27	6	5.293e-04	{R}
UPI00005F2C18	SINGLE	5	11	58	5	6.595e-04	{W}
UPI00005F2C18	MULTIPLE	1	70	234	67	2.059e-08	{SAG}
UPI00005F2C18	MULTIPLE	2	5	58	11	3.527e-04	{RW}
UPI00005F2C6C	SINGLE	1	79	612	90	9.661e-09	{L}
UPI00005F2C6C	SINGLE	2	165	422	42	3.227e-06	{A}
UPI00005F2C6C	SINGLE	3	510	558	7	7.455e-06	{W}
UPI00005F2C6C	SINGLE	4	68	432	22	1.592e-05	{M}
UPI00005F2C6C	SINGLE	5	15	437	33	9.133e-05	{F}
UPI00005F2C6C	SINGLE	6	438	453	4	3.155e-04	{H}
UPI00005F2C6C	SINGLE	7	14	532	53	5.444e-04	{G}
UPI00005F2C6C	SINGLE	8	29	503	48	7.366e-04	{V}
UPI00005F2C6C	MULTIPLE	1	10	612	363	3.502e-29	{LAWMFGV}
UPI00005F2C6C	WHOLE	1	1	613	99	1.664e-08	{L}
UPI00005F2C6C	WHOLE	2	1	613	29	6.584e-05	{M}
UPI00005F2C6C	WHOLE	3	1	613	69	6.104e-04	{A}
UPI00005F2CC1	SINGLE	1	178	224	13	1.788e-04	{L}
UPI00005F2CC1	SINGLE	2	123	144	7	3.023e-04	{V}
UPI00005F2E57	SINGLE	1	82	133	6	7.926e-04	{M}
UPI00005F2E57	SINGLE	2	166	221	9	8.454e-04	{P}
UPI000065C6B3	SINGLE	1	21	291	36	2.767e-08	{R}
UPI000065C6B3	WHOLE	1	1	340	37	2.273e-06	{R}
UPI00006733D6	SINGLE	1	124	248	25	8.444e-06	{A}
UPI00006733D6	SINGLE	2	394	409	5	4.085e-04	{Q}
UPI00006733D6	SINGLE	3	89	339	25	4.201e-04	{I}
UPI00006733D6	SINGLE	4	175	201	7	4.646e-04	{D}
UPI00006733D6	SINGLE	5	15	86	13	5.924e-04	{G}
UPI00006733D6	MULTIPLE	1	97	339	81	9.512e-09	{AID}
UPI00006733D6	WHOLE	1	1	454	54	6.321e-04	{A}
UPI0000673472	SINGLE	1	49	281	28	5.588e-06	{R}
UPI0000673472	SINGLE	2	254	268	6	2.062e-04	{E}
UPI0000673472	SINGLE	3	117	305	32	3.009e-04	{L}
UPI0000673472	MULTIPLE	1	66	286	60	1.301e-07	{RL}
UPI0000673472	WHOLE	1	1	308	28	5.314e-04	{R}
UPI000067379D	SINGLE	1	388	518	23	1.177e-05	{G}
UPI000067379D	SINGLE	2	78	399	45	6.262e-05	{A}
UPI000067379D	SINGLE	3	42	112	13	5.203e-04	{G}
UPI000067379D	MULTIPLE	1	75	522	104	2.579e-07	{GA}
UPI000067379D	WHOLE	1	1	541	65	1.805e-04	{A}
UPI000067379D	WHOLE	2	1	541	55	4.901e-04	{G}
UPI0000673A9B	SINGLE	1	5	344	52	1.726e-06	{A}
UPI0000673A9B	SINGLE	2	28	265	31	1.485e-04	{G}
UPI0000673A9B	SINGLE	3	58	250	26	2.019e-04	{V}
UPI0000673A9B	MULTIPLE	1	17	344	115	1.401e-09	{AGV}
UPI0000673A9B	WHOLE	1	1	359	52	7.769e-06	{A}
UPI0000673AE1	SINGLE	1	9	563	99	1.093e-14	{A}
UPI0000673AE1	SINGLE	2	210	545	51	2.097e-08	{G}
UPI0000673AE1	SINGLE	3	386	449	9	9.111e-06	{M}
UPI0000673AE1	SINGLE	4	289	375	15	1.707e-05	{I}
UPI0000673AE1	SINGLE	5	332	398	15	6.548e-04	{L}
UPI0000673AE1	MULTIPLE	1	6	563	227	1.459e-24	{AGMI}
UPI0000673AE1	WHOLE	1	1	563	99	2.723e-14	{A}
UPI0000673AE1	WHOLE	2	1	563	65	5.693e-06	{G}
UPI0000673AE1	WHOLE	3	1	563	24	9.136e-04	{M}
UPI0000673C31	SINGLE	1	11	424	89	2.588e-14	{L}
UPI0000673C31	SINGLE	2	49	440	59	6.642e-07	{A}
UPI0000673C31	SINGLE	3	403	437	5	1.519e-04	{W}
UPI0000673C31	SINGLE	4	155	187	8	8.166e-04	{V}
UPI0000673C31	MULTIPLE	1	27	428	154	9.755e-21	{LAW}
UPI0000673C31	WHOLE	1	1	441	90	4.121e-13	{L}
UPI0000673C31	WHOLE	2	1	441	63	1.659e-06	{A}
UPI0000673C73	SINGLE	1	62	294	38	8.381e-06	{A}
UPI0000673C73	SINGLE	2	3	18	8	3.052e-05	{L}
UPI0000673C73	SINGLE	3	25	291	25	1.692e-04	{Q}
UPI0000673C73	MULTIPLE	1	22	294	67	8.356e-09	{AQ}
UPI0000673C73	WHOLE	1	1	318	46	2.396e-05	{A}
UPI0000673C73	WHOLE	2	1	318	26	8.642e-04	{Q}
UPI0000673C8B	SINGLE	1	32	426	71	2.321e-08	{L}
UPI0000673C8B	SINGLE	2	2	389	36	1.320e-06	{F}
UPI0000673C8B	SINGLE	3	65	273	30	3.490e-05	{G}
UPI0000673C8B	SINGLE	4	207	228	4	2.752e-04	{W}
UPI0000673C8B	SINGLE	5	50	69	7	4.883e-04	{A}
UPI0000673C8B	SINGLE	6	135	154	4	7.691e-04	{M}
UPI0000673C8B	MULTIPLE	1	11	426	157	1.066e-13	{LFGM}
UPI0000673C8B	WHOLE	1	1	433	73	1.925e-07	{L}
UPI0000673C8B	WHOLE	2	1	433	36	1.365e-05	{F}
UPI0000673CD1	SINGLE	1	1	122	10	2.836e-04	{M}
UPI0000673CE1	SINGLE	1	8	407	47	1.294e-08	{R}
UPI0000673CE1	SINGLE	2	11	160	30	2.472e-08	{E}
UPI0000673CE1	SINGLE	3	140	245	9	4.719e-05	{C}
UPI0000673CE1	SINGLE	4	480	502	7	4.607e-04	{G}
UPI0000673CE1	SINGLE	5	454	468	6	5.574e-04	{A}
UPI0000673CE1	MULTIPLE	1	8	407	104	8.579e-13	{REC}
UPI0000673CE1	WHOLE	1	1	537	54	1.988e-07	{R}
UPI0000673CE1	WHOLE	2	1	537	56	1.628e-04	{E}
UPI0000673D90	SINGLE	1	210	225	7	3.474e-05	{G}
UPI0000673D90	SINGLE	2	337	351	6	2.045e-04	{V}
UPI0000673D90	SINGLE	3	257	314	13	3.386e-04	{A}
UPI0000673D90	SINGLE	4	206	324	22	7.077e-04	{L}
UPI0000673D90	MULTIPLE	1	224	314	33	5.675e-06	{AL}
UPI0000673DEF	SINGLE	1	25	42	7	5.580e-06	{Q}
UPI0000673DEF	SINGLE	2	18	222	34	1.634e-05	{A}
UPI0000673DEF	MULTIPLE	1	24	222	47	3.219e-06	{QA}
UPI0000673DEF	WHOLE	1	1	312	40	7.057e-04	{A}
UPI0000673E4D	SINGLE	1	103	197	8	1.282e-04	{C}
UPI0000673E51	SINGLE	1	93	260	20	1.642e-04	{I}
UPI0000673E51	SINGLE	2	250	301	9	5.917e-04	{R}
UPI0000673E51	MULTIPLE	1	93	301	39	3.169e-05	{IR}
UPI0000673E6B	SINGLE	1	231	438	28	1.237e-04	{V}
UPI0000673EE6	SINGLE	1	84	203	25	4.072e-06	{A}
UPI0000673EE6	SINGLE	2	100	141	5	4.912e-04	{C}
UPI0000673EE6	MULTIPLE	1	100	182	24	3.310e-07	{AC}
UPI0000673F2E	SINGLE	1	62	84	8	6.542e-05	{G}
UPI0000673F2E	SINGLE	2	103	170	6	4.722e-04	{W}
UPI0000673F2E	SINGLE	3	121	151	8	5.357e-04	{E}
UPI0000673F2E	MULTIPLE	1	121	170	14	2.023e-05	{WE}
UPI0000673F6E	SINGLE	1	126	155	10	1.055e-05	{E}
UPI0000673F6E	SINGLE	2	107	124	5	3.167e-05	{H}
UPI0000673F6E	WHOLE	1	1	155	22	2.879e-04	{E}
UPI0000673F86	SINGLE	1	20	323	50	3.285e-07	{A}
UPI0000673F86	SINGLE	2	341	384	10	3.952e-04	{G}
UPI0000673F86	WHOLE	1	1	393	57	3.024e-06	{A}
UPI0000680AB7	SINGLE	1	278	378	22	6.999e-06	{A}
UPI0000680AB7	SINGLE	2	66	89	4	3.879e-04	{W}
UPI0000680AB7	SINGLE	3	91	112	6	8.827e-04	{D}
UPI0000680AB7	WHOLE	1	1	427	55	9.716e-05	{A}
UPI0000683E69	SINGLE	1	24	73	8	1.171e-06	{C}
UPI0000683E69	WHOLE	1	1	148	9	5.354e-04	{C}
UPI0000683E6A	SINGLE	1	102	505	70	1.188e-07	{L}
UPI0000683E6A	SINGLE	2	36	329	41	3.557e-06	{G}
UPI0000683E6A	SINGLE	3	332	347	8	9.559e-06	{A}
UPI0000683E6A	SINGLE	4	34	442	41	9.579e-06	{I}
UPI0000683E6A	SINGLE	5	450	464	7	1.824e-05	{V}
UPI0000683E6A	SINGLE	6	379	445	8	9.063e-05	{M}
UPI0000683E6A	SINGLE	7	14	73	14	1.345e-04	{A}
UPI0000683E6A	SINGLE	8	440	553	15	2.589e-04	{R}
UPI0000683E6A	MULTIPLE	1	33	507	290	5.154e-26	{LGAIVM}
UPI0000683E6A	WHOLE	1	1	559	82	8.721e-06	{L}
UPI0000683E6A	WHOLE	2	1	559	69	5.893e-05	{A}
UPI0000683E6A	WHOLE	3	1	559	48	8.375e-05	{I}
UPI0000683E77	SINGLE	1	15	63	11	1.374e-05	{R}
UPI0000683E77	SINGLE	2	14	29	4	9.828e-05	{C}
UPI0000683E77	MULTIPLE	1	14	63	16	4.030e-08	{RC}
UPI0000683E77	WHOLE	1	1	79	11	9.782e-04	{R}
UPI0000683E8B	SINGLE	1	21	477	44	5.627e-07	{Q}
UPI0000683E8B	SINGLE	2	74	493	40	1.967e-06	{N}
UPI0000683E8B	SINGLE	3	275	376	20	2.592e-05	{S}
UPI0000683E8B	SINGLE	4	43	480	55	1.768e-04	{A}
UPI0000683E8B	SINGLE	5	444	473	7	3.283e-04	{P}
UPI0000683E8B	MULTIPLE	1	21	493	144	2.264e-14	{QNA}
UPI0000683E8B	WHOLE	1	1	493	44	3.743e-06	{Q}
UPI0000683E8B	WHOLE	2	1	493	43	7.267e-06	{N}
UPI0000683E8B	WHOLE	3	1	493	57	8.626e-04	{A}
UPI0000683E8F	SINGLE	1	24	290	45	6.024e-07	{A}
UPI0000683E8F	SINGLE	2	1	266	16	1.994e-04	{M}
UPI0000683E8F	MULTIPLE	1	1	283	60	1.212e-08	{AM}
UPI0000683E8F	WHOLE	1	1	296	45	8.782e-06	{A}
UPI0000683E8F	WHOLE	2	1	296	16	5.963e-04	{M}
UPI0000683E90	SINGLE	1	48	135	16	1.143e-04	{V}
UPI0000683E90	SINGLE	2	41	66	7	3.644e-04	{D}
UPI0000683E90	MULTIPLE	1	41	135	26	2.710e-05	{VD}
UPI0000683E92	SINGLE	1	17	55	8	3.723e-04	{R}
UPI0000683E9E	SINGLE	1	3	294	37	1.210e-07	{I}
UPI0000683E9E	SINGLE	2	200	302	8	2.208e-04	{C}
UPI0000683E9E	SINGLE	3	154	309	28	2.654e-04	{L}
UPI0000683E9E	MULTIPLE	1	3	309	93	7.224e-11	{ICL}
UPI0000683E9E	WHOLE	1	1	350	40	5.646e-07	{I}
UPI00006C9B9A	SINGLE	1	339	363	8	1.099e-04	{E}
UPI00006C9B9A	SINGLE	2	236	257	6	2.422e-04	{Q}
UPI00006C9B9A	SINGLE	3	119	135	7	4.133e-04	{L}
UPI00006C9B9A	SINGLE	4	268	285	4	5.076e-04	{M}
UPI00006C9B9C	SINGLE	1	38	63	8	1.790e-05	{R}
UPI00006C9BAB	SINGLE	1	3	559	51	1.108e-05	{I}
UPI00006C9BAB	SINGLE	2	148	162	7	3.582e-05	{S}
UPI00006C9BAB	SINGLE	3	109	660	47	6.277e-05	{R}
UPI00006C9BAB	SINGLE	4	243	357	24	7.228e-05	{L}
UPI00006C9BAB	MULTIPLE	1	3	660	181	2.107e-08	{IRL}
UPI00006C9BAB	WHOLE	1	1	712	61	1.302e-05	{I}
UPI00006C9BAB	WHOLE	2	1	712	55	1.816e-04	{R}
UPI0000D5074C	SINGLE	1	46	188	14	2.832e-06	{H}
UPI0000D5074C	SINGLE	2	233	251	7	3.444e-04	{A}
UPI0000D5074C	SINGLE	3	185	213	4	8.043e-04	{W}
UPI0000D5074C	WHOLE	1	1	272	15	7.051e-04	{H}
UPI0000D50A10	SINGLE	1	226	293	12	8.848e-05	{I}
UPI0000D50A10	SINGLE	2	86	174	9	1.212e-04	{M}
UPI0000D50A10	SINGLE	3	24	66	9	1.739e-04	{I}
UPI0000D50A10	WHOLE	1	1	350	33	1.750e-04	{I}
UPI0000D50A75	SINGLE	1	96	387	39	1.420e-08	{I}
UPI0000D50A75	SINGLE	2	176	416	40	3.350e-06	{A}
UPI0000D50A75	SINGLE	3	76	107	7	1.735e-04	{F}
UPI0000D50A75	SINGLE	4	168	208	6	2.231e-04	{M}
UPI0000D50A75	SINGLE	5	274	288	6	2.293e-04	{G}
UPI0000D50A75	MULTIPLE	1	72	416	167	3.388e-20	{IAFMG}
UPI0000D50A75	WHOLE	1	1	416	48	3.748e-08	{I}
UPI0000D50A75	WHOLE	2	1	416	57	1.514e-05	{A}
UPI0000D50AA1	SINGLE	1	41	60	8	1.792e-05	{E}
UPI0000D50AA1	SINGLE	2	27	43	6	4.943e-04	{G}
UPI0000D50AA1	MULTIPLE	1	31	60	14	6.923e-06	{EG}
UPI0000D50EC8	SINGLE	1	12	33	6	2.364e-04	{N}
UPI0000D7F316	SINGLE	1	287	338	14	1.406e-04	{L}
UPI0000DACD4D	SINGLE	1	282	308	6	2.000e-05	{M}
UPI0000DACD4D	SINGLE	2	222	256	10	2.092e-04	{A}
UPI0000DACD4D	SINGLE	3	10	52	12	2.831e-04	{L}
UPI0000DACD4D	SINGLE	4	67	138	6	6.347e-04	{W}
UPI0000DACD50	SINGLE	1	242	266	5	1.683e-04	{H}
UPI0000DACD50	SINGLE	2	13	204	33	1.918e-04	{L}
UPI0000DACD50	SINGLE	3	208	233	5	2.039e-04	{M}
UPI0000DACD50	SINGLE	4	147	207	6	3.836e-04	{C}
UPI0000DACD50	MULTIPLE	1	13	207	39	6.192e-05	{LC}
UPI0000DACD50	WHOLE	1	1	272	41	5.581e-04	{L}
UPI0000DACD50	WHOLE	2	1	272	15	7.051e-04	{H}
UPI0000DACDE7	SINGLE	1	14	30	4	4.036e-04	{H}
UPI0000DACE18	SINGLE	1	221	237	7	3.611e-05	{T}
UPI0000DACE18	SINGLE	2	4	42	8	4.479e-04	{I}
UPI0000DACE18	SINGLE	3	271	285	6	5.574e-04	{A}
UPI0000DACE18	SINGLE	4	7	47	9	9.654e-04	{G}
UPI0000DACE18	MULTIPLE	1	4	47	17	2.926e-06	{IG}
UPI0000DACEB9	SINGLE	1	10	114	14	4.618e-04	{I}
UPI0000DACEB9	SINGLE	2	11	28	6	4.891e-04	{T}
UPI0000DACEBB	SINGLE	1	58	91	11	3.416e-06	{T}
UPI0000DACEBB	SINGLE	2	349	484	17	1.972e-04	{R}
UPI0000DAD021	SINGLE	1	3	18	6	2.357e-04	{K}
UPI0000DAD021	SINGLE	2	30	51	7	3.051e-04	{E}
UPI0000DAD07E	SINGLE	1	197	278	19	1.129e-05	{A}
UPI0000DAD07E	SINGLE	2	64	314	24	1.550e-04	{N}
UPI0000DAD07E	SINGLE	3	82	99	6	6.200e-04	{V}
UPI0000DAD07E	MULTIPLE	1	196	232	16	1.912e-06	{AN}
UPI0000DAD157	SINGLE	1	8	22	7	6.097e-05	{A}
UPI0000DAD157	SINGLE	2	44	237	24	1.345e-04	{D}
UPI0000DAD157	SINGLE	3	1	15	6	2.045e-04	{V}
UPI0000DAD157	SINGLE	4	170	188	7	2.079e-04	{S}
UPI0000DAD157	SINGLE	5	76	227	15	4.573e-04	{Y}
UPI0000DAD157	SINGLE	6	21	75	11	6.364e-04	{G}
UPI0000DAD157	MULTIPLE	1	4	20	12	2.141e-07	{AV}
UPI0000DAD157	MULTIPLE	2	25	237	92	5.290e-11	{DSYG}
UPI0000DB2842	SINGLE	1	34	229	31	4.056e-06	{G}
UPI0000DB2842	SINGLE	2	345	441	24	4.088e-06	{L}
UPI0000DB2842	SINGLE	3	95	208	10	7.692e-06	{W}
UPI0000DB2842	SINGLE	4	87	222	16	6.510e-05	{F}
UPI0000DB2842	SINGLE	5	246	356	19	6.569e-05	{V}
UPI0000DB2842	SINGLE	6	28	258	25	1.296e-04	{I}
UPI0000DB2842	SINGLE	7	420	434	4	2.419e-04	{M}
UPI0000DB2842	SINGLE	8	275	353	15	3.321e-04	{S}
UPI0000DB2842	SINGLE	9	387	401	5	4.635e-04	{R}
UPI0000DB2842	MULTIPLE	1	34	230	79	9.496e-15	{GWFI}
UPI0000DB2842	MULTIPLE	2	246	450	72	1.806e-09	{LVM}
UPI0000DB2842	WHOLE	1	1	458	65	1.389e-04	{L}
UPI0000DB2842	WHOLE	2	1	458	32	6.567e-04	{F}
UPI0000DB2A33	SINGLE	1	155	176	4	2.752e-04	{W}
UPI0000DB2A33	SINGLE	2	3	42	8	5.322e-04	{I}
UPI0000DB2A33	SINGLE	3	109	159	8	6.260e-04	{F}
UPI0000DB2A33	MULTIPLE	1	109	165	11	1.634e-04	{WF}
UPI0000DB2BFF	SINGLE	1	96	116	8	1.414e-06	{Q}
UPI0000DB2BFF	SINGLE	2	10	189	33	2.676e-06	{A}
UPI0000DB2BFF	SINGLE	3	121	135	5	1.186e-05	{M}
UPI0000DB2BFF	SINGLE	4	176	195	8	1.276e-05	{T}
UPI0000DB2BFF	SINGLE	5	126	140	6	2.293e-04	{G}
UPI0000DB2BFF	MULTIPLE	1	96	116	14	7.329e-09	{QA}
UPI0000DB2BFF	MULTIPLE	2	119	140	12	5.622e-08	{MG}
UPI0000DB2BFF	WHOLE	1	1	223	35	3.871e-05	{A}
UPI0000DB2C5B	SINGLE	1	7	23	4	9.652e-05	{W}
UPI0000DB2C5B	SINGLE	2	37	52	4	3.155e-04	{H}
UPI0000DB2C5B	SINGLE	3	24	140	22	5.698e-04	{L}
UPI0000DB2C5B	SINGLE	4	4	22	5	6.080e-04	{F}
UPI0000DB2C5B	MULTIPLE	1	4	23	9	3.561e-07	{WF}
UPI0000DB2C5B	MULTIPLE	2	24	144	28	1.131e-04	{HL}
UPI0000E2D416	SINGLE	1	63	204	29	1.159e-06	{A}
UPI0000E2D416	SINGLE	2	21	148	10	2.079e-05	{W}
UPI0000E2D416	SINGLE	3	2	20	7	8.232e-05	{T}
UPI0000E2D416	SINGLE	4	41	248	36	9.325e-05	{L}
UPI0000E2D416	MULTIPLE	1	40	248	79	3.395e-11	{AWL}
UPI0000E2D416	WHOLE	1	1	248	36	1.406e-04	{A}
UPI0000E2D416	WHOLE	2	1	248	39	3.397e-04	{L}
UPI0000E2D416	WHOLE	3	1	248	11	9.994e-04	{W}
UPI0000E45256	SINGLE	1	27	298	34	2.677e-07	{R}
UPI0000E45256	SINGLE	2	48	398	39	1.496e-06	{I}
UPI0000E45256	SINGLE	3	131	159	7	7.253e-05	{Y}
UPI0000E45256	SINGLE	4	3	241	29	2.389e-04	{K}
UPI0000E45256	MULTIPLE	1	3	367	128	2.529e-12	{RIYK}
UPI0000E45256	WHOLE	1	1	407	40	1.850e-05	{I}
UPI0000E45256	WHOLE	2	1	407	37	9.295e-05	{R}
UPI0000EAE00A	SINGLE	1	60	97	10	1.137e-04	{G}
UPI0000EAE00A	SINGLE	2	127	459	43	4.225e-04	{A}
UPI0000EAE00A	SINGLE	3	171	212	7	9.333e-04	{F}
UPI0000EAE00A	MULTIPLE	1	127	451	61	7.039e-05	{AF}
UPI0000EAE00A	WHOLE	1	1	459	54	7.879e-04	{A}
UPI0000F0A5F0	SINGLE	1	39	172	24	7.389e-05	{A}
UPI0000F0A5F0	SINGLE	2	86	198	13	2.560e-04	{Y}
UPI0000F0A5F0	MULTIPLE	1	39	198	40	1.253e-06	{AY}
UPI0000F0A792	SINGLE	1	5	143	21	3.653e-06	{I}
UPI0000F0A792	WHOLE	1	1	286	29	1.260e-04	{I}
UPI0000F0A7A8	SINGLE	1	12	60	11	1.332e-04	{T}
UPI0000F0A7A8	SINGLE	2	96	120	7	2.820e-04	{D}
UPI0000F0A7A8	SINGLE	3	174	245	15	2.861e-04	{A}
UPI0000F0A8D7	SINGLE	1	8	55	10	4.707e-04	{K}
UPI0000F0A8D8	SINGLE	1	188	204	6	8.712e-05	{R}
UPI0000F0A8D8	SINGLE	2	19	116	14	2.339e-04	{I}
UPI0000F0A8D8	SINGLE	3	66	131	7	4.965e-04	{H}
UPI0000F0A8D8	MULTIPLE	1	19	131	22	9.852e-06	{IH}
UPI0000F0AB62	SINGLE	1	20	270	38	4.150e-05	{A}
UPI0000F0AB62	SINGLE	2	108	198	9	1.430e-04	{H}
UPI0000F0AB62	SINGLE	3	236	260	7	6.967e-04	{V}
UPI0000F0AB62	MULTIPLE	1	16	270	51	7.970e-07	{AH}
UPI0000F0AB62	WHOLE	1	1	323	43	2.346e-04	{A}
UPI0000F0AE2E	SINGLE	1	87	234	18	2.556e-04	{I}
UPI0000F0AE73	SINGLE	1	102	167	16	1.808e-04	{L}
UPI0000F0AEA2	SINGLE	1	56	288	27	9.859e-06	{P}
UPI0000F0AEA2	SINGLE	2	28	44	7	1.565e-04	{A}
UPI0000F0AEA2	SINGLE	3	131	145	5	4.635e-04	{R}
UPI0000F0AEA2	WHOLE	1	1	334	29	5.939e-04	{P}
UPI0000F0AEB2	SINGLE	1	107	129	8	6.507e-06	{R}
UPI0000F0AEB2	SINGLE	2	136	155	7	1.571e-04	{V}
UPI0000F0AEB2	SINGLE	3	98	114	5	2.972e-04	{Y}
UPI0000F0AEB2	MULTIPLE	1	98	129	13	8.406e-07	{RY}
UPI0000F0AEB3	SINGLE	1	35	67	8	1.128e-04	{R}
UPI0000F0AEB3	SINGLE	2	82	182	12	4.367e-04	{F}
UPI0000F0AEB3	SINGLE	3	174	214	9	6.116e-04	{T}
UPI0000F0AEBF	SINGLE	1	27	152	16	3.340e-04	{I}
UPI0000F0B041	SINGLE	1	47	442	43	1.741e-09	{F}
UPI0000F0B041	SINGLE	2	246	262	9	5.304e-06	{L}
UPI0000F0B041	SINGLE	3	98	434	42	3.707e-05	{G}
UPI0000F0B041	SINGLE	4	135	421	41	7.763e-05	{A}
UPI0000F0B041	SINGLE	5	96	444	34	8.041e-05	{I}
UPI0000F0B041	SINGLE	6	176	200	8	1.088e-04	{V}
UPI0000F0B041	MULTIPLE	1	96	423	150	3.005e-19	{FGAI}
UPI0000F0B041	WHOLE	1	1	462	45	1.959e-08	{F}
UPI0000F0B13C	SINGLE	1	183	262	11	6.061e-08	{C}
UPI0000F0B13C	SINGLE	2	12	26	4	7.491e-05	{C}
UPI0000F0B13C	SINGLE	3	302	386	13	1.187e-04	{P}
UPI0000F0B13C	SINGLE	4	393	416	5	1.377e-04	{M}
UPI0000F0B13C	SINGLE	5	30	66	5	1.980e-04	{W}
UPI0000F0B13C	SINGLE	6	163	177	4	2.419e-04	{M}
UPI0000F0B13C	SINGLE	7	280	310	8	5.357e-04	{E}
UPI0000F0B190	SINGLE	1	806	882	14	6.170e-05	{D}
UPI0000F0B190	SINGLE	2	210	594	55	3.258e-04	{L}
UPI0000F0B190	SINGLE	3	8	401	34	3.953e-04	{R}
UPI0000F0B190	SINGLE	4	644	706	12	5.821e-04	{G}
UPI0000F0B190	SINGLE	5	412	437	6	6.115e-04	{N}
UPI0000F0B190	SINGLE	6	411	450	9	6.977e-04	{V}
UPI0000F0B190	MULTIPLE	1	4	596	156	3.609e-07	{LRN}
UPI0000F0B190	WHOLE	1	1	949	113	8.685e-04	{L}
UPI0000F0B1DC	SINGLE	1	49	82	11	3.009e-05	{A}
UPI0000F0B1DC	SINGLE	2	200	219	6	2.355e-04	{R}
UPI0000F0B1DC	SINGLE	3	85	99	5	2.936e-04	{Q}
UPI0000F0B1DC	SINGLE	4	120	175	10	2.951e-04	{I}
UPI0000F0B1DC	SINGLE	5	19	33	5	5.275e-04	{I}
UPI0000F0B1DC	SINGLE	6	106	400	16	5.781e-04	{H}
UPI0000F0B1DC	MULTIPLE	1	134	325	28	1.032e-04	{RH}
UPI0000F0B1EA	SINGLE	1	97	274	21	2.177e-05	{N}
UPI0000F0B1EA	SINGLE	2	11	213	32	7.140e-05	{A}
UPI0000F0B1EA	SINGLE	3	118	237	20	8.316e-05	{G}
UPI0000F0B1EA	SINGLE	4	189	207	6	1.006e-04	{Q}
UPI0000F0B1EA	SINGLE	5	240	360	13	4.805e-04	{Y}
UPI0000F0B1EA	MULTIPLE	1	11	276	92	4.638e-10	{NAG}
UPI0000F0B1EA	WHOLE	1	1	446	33	9.953e-04	{N}
UPI0000F0B203	SINGLE	1	178	192	6	3.887e-05	{R}
UPI0000F0B203	SINGLE	2	67	92	7	8.914e-04	{V}
UPI0000F0B215	SINGLE	1	16	322	67	1.620e-11	{L}
UPI0000F0B215	SINGLE	2	280	301	10	2.130e-06	{A}
UPI0000F0B215	SINGLE	3	162	241	8	2.391e-05	{W}
UPI0000F0B215	SINGLE	4	176	213	6	1.464e-04	{M}
UPI0000F0B215	SINGLE	5	62	163	19	2.244e-04	{A}
UPI0000F0B215	SINGLE	6	89	110	7	3.432e-04	{G}
UPI0000F0B215	MULTIPLE	1	15	324	165	4.525e-22	{LAWMG}
UPI0000F0B215	WHOLE	1	1	326	69	3.452e-11	{L}
UPI0000F0B215	WHOLE	2	1	326	43	2.818e-04	{A}
UPI0000F0B215	WHOLE	3	1	326	14	3.251e-04	{W}
UPI0000F0B382	SINGLE	1	21	283	44	4.216e-05	{L}
UPI0000F0B382	SINGLE	2	159	295	17	2.934e-04	{I}
UPI0000F0B382	SINGLE	3	32	70	7	5.997e-04	{F}
UPI0000F0B382	MULTIPLE	1	21	296	87	2.384e-08	{LIF}
UPI0000F0B382	WHOLE	1	1	304	47	1.511e-04	{L}
UPI0000F0B382	WHOLE	2	1	304	28	6.601e-04	{I}
UPI0000F0B3C1	SINGLE	1	13	102	12	3.767e-04	{Q}
UPI0000F0B5F9	SINGLE	1	19	276	27	8.123e-05	{R}
UPI0000F0B5F9	WHOLE	1	1	286	27	3.827e-04	{R}
UPI0000F0B82E	SINGLE	1	133	436	35	2.219e-06	{I}
UPI0000F0B82E	SINGLE	2	300	457	20	3.126e-06	{F}
UPI0000F0B82E	SINGLE	3	89	201	23	1.389e-05	{A}
UPI0000F0B82E	SINGLE	4	373	497	27	1.509e-05	{L}
UPI0000F0B82E	SINGLE	5	1	15	7	3.582e-05	{S}
UPI0000F0B82E	SINGLE	6	336	365	6	3.756e-05	{M}
UPI0000F0B82E	SINGLE	7	414	505	13	2.564e-04	{P}
UPI0000F0B82E	SINGLE	8	19	227	27	2.956e-04	{V}
UPI0000F0B82E	SINGLE	9	68	113	12	5.376e-04	{L}
UPI0000F0B82E	MULTIPLE	1	26	499	296	1.015e-24	{IFALMPV}
UPI0000F0B82E	WHOLE	1	1	508	46	3.519e-05	{I}
UPI0000F0B82E	WHOLE	2	1	508	72	7.214e-05	{L}
UPI0000F0B82E	WHOLE	3	1	508	36	2.704e-04	{F}
UPI0000F0B84C	SINGLE	1	91	105	5	2.875e-04	{N}
UPI0000F0B881	SINGLE	1	693	769	17	7.394e-06	{G}
UPI0000F0B881	SINGLE	2	237	668	36	9.042e-05	{Q}
UPI0000F0B881	SINGLE	3	104	581	59	1.686e-04	{A}
UPI0000F0B881	SINGLE	4	163	316	16	1.769e-04	{Y}
UPI0000F0B881	SINGLE	5	783	797	5	4.135e-04	{P}
UPI0000F0B881	MULTIPLE	1	104	671	109	4.773e-07	{QA}
UPI0000F0B881	WHOLE	1	1	850	57	3.692e-04	{Q}
UPI0000F0B996	SINGLE	1	116	154	9	2.900e-05	{N}
UPI0000F0B996	SINGLE	2	255	272	6	1.453e-04	{I}
UPI0000F0B9D3	SINGLE	1	466	543	12	9.743e-05	{N}
UPI0000F0B9D3	SINGLE	2	217	618	52	1.287e-04	{A}
UPI0000F0B9D3	SINGLE	3	196	222	8	1.953e-04	{V}
UPI0000F0B9D3	SINGLE	4	23	508	43	8.795e-04	{D}
UPI0000F0B9D3	MULTIPLE	1	31	618	155	4.810e-08	{NAD}
UPI0000F0B9D3	WHOLE	1	1	647	73	4.390e-04	{A}
UPI0000F0B9D3	WHOLE	2	1	647	54	8.674e-04	{D}
UPI0000F0B9D5	SINGLE	1	56	331	34	6.968e-07	{I}
UPI0000F0B9D5	SINGLE	2	24	300	49	4.028e-06	{L}
UPI0000F0B9D5	SINGLE	3	62	266	34	1.634e-05	{A}
UPI0000F0B9D5	SINGLE	4	308	322	7	1.824e-05	{V}
UPI0000F0B9D5	SINGLE	5	71	302	31	9.607e-05	{G}
UPI0000F0B9D5	SINGLE	6	2	22	6	2.747e-04	{P}
UPI0000F0B9D5	MULTIPLE	1	24	322	189	3.126e-23	{ILAVG}
UPI0000F0B9D5	WHOLE	1	1	340	34	4.976e-05	{I}
UPI0000F0B9D5	WHOLE	2	1	340	53	5.376e-05	{L}
UPI0000F0BA64	SINGLE	1	6	298	53	9.088e-07	{L}
UPI0000F0BA64	SINGLE	2	153	252	8	1.135e-04	{W}
UPI0000F0BA64	SINGLE	3	48	62	5	4.635e-04	{R}
UPI0000F0BA64	SINGLE	4	1	73	7	8.894e-04	{M}
UPI0000F0BA64	MULTIPLE	1	1	298	78	3.192e-10	{LWM}
UPI0000F0BA64	WHOLE	1	1	321	54	6.140e-06	{L}
UPI0000F0BA72	SINGLE	1	64	203	24	7.096e-09	{Q}
UPI0000F0BA72	SINGLE	2	2	120	20	5.248e-07	{P}
UPI0000F0BA72	SINGLE	3	27	41	5	5.275e-04	{I}
UPI0000F0BA72	MULTIPLE	1	70	120	24	1.435e-12	{QP}
UPI0000F0BA72	WHOLE	1	1	212	24	1.297e-05	{Q}
UPI0000F0BA72	WHOLE	2	1	212	24	4.074e-05	{P}
UPI0000F0BDDB	SINGLE	1	4	37	9	7.625e-04	{A}
UPI0000F0BDDF	SINGLE	1	70	99	5	4.045e-04	{M}
UPI0000F0BDF2	SINGLE	1	277	301	7	3.276e-05	{F}
UPI0000F0BDF2	SINGLE	2	211	483	34	1.733e-04	{G}
UPI0000F0BDF2	SINGLE	3	198	214	7	4.133e-04	{L}
UPI0000F0BDF2	SINGLE	4	321	335	5	4.635e-04	{R}
UPI0000F0BDF2	SINGLE	5	191	222	8	6.615e-04	{V}
UPI0000F0BDF2	SINGLE	6	67	187	20	7.129e-04	{A}
UPI0000F0BDF2	MULTIPLE	1	191	222	16	5.285e-06	{LV}
UPI0000F0BDFD	SINGLE	1	53	461	52	4.178e-10	{I}
UPI0000F0BDFD	SINGLE	2	90	188	21	1.506e-04	{L}
UPI0000F0BDFD	SINGLE	3	287	323	9	4.511e-04	{G}
UPI0000F0BDFD	WHOLE	1	1	513	56	2.106e-08	{I}
UPI0000F0BE71	SINGLE	1	4	36	7	2.116e-04	{F}
UPI0000F0BE82	SINGLE	1	116	606	49	8.318e-07	{R}
UPI0000F0BE82	SINGLE	2	275	292	5	3.167e-05	{H}
UPI0000F0BE82	SINGLE	3	70	417	47	9.737e-05	{A}
UPI0000F0BE82	SINGLE	4	299	480	32	1.577e-04	{L}
UPI0000F0BE82	SINGLE	5	431	483	6	8.744e-04	{H}
UPI0000F0BE82	MULTIPLE	1	77	610	201	7.884e-13	{RHAL}
UPI0000F0BE82	WHOLE	1	1	614	53	1.729e-05	{R}
UPI0000F0BE82	WHOLE	2	1	614	68	9.532e-04	{A}
UPI0000F0C0AD	SINGLE	1	134	163	9	7.226e-05	{E}
UPI0000F0C0AD	SINGLE	2	27	171	27	1.881e-04	{L}
UPI0000F0C0AD	SINGLE	3	42	90	9	3.205e-04	{P}
UPI0000F0C0AD	MULTIPLE	1	27	173	59	2.250e-08	{ELP}
UPI0000F0C584	SINGLE	1	91	138	14	1.179e-06	{E}
UPI0000F0C584	WHOLE	1	1	139	20	4.323e-04	{E}
UPI0000F0C588	SINGLE	1	17	50	9	2.002e-04	{V}
UPI0001505B8A	SINGLE	1	8	57	14	7.614e-08	{I}
UPI0001505B8A	WHOLE	1	1	57	14	4.385e-07	{I}
UPI0001505B95	SINGLE	1	74	102	5	6.082e-05	{W}
UPI0001505B95	SINGLE	2	8	84	16	7.593e-05	{S}
UPI0001505B95	MULTIPLE	1	8	102	23	3.779e-06	{WS}
UPI00015263F0	SINGLE	1	104	183	14	1.979e-05	{R}
UPI00015263F0	SINGLE	2	35	208	12	3.535e-04	{M}
UPI00015263F0	SINGLE	3	210	316	17	4.470e-04	{G}
UPI00015263F0	MULTIPLE	1	48	208	30	5.187e-07	{RM}
UPI00015C49AB	SINGLE	1	200	225	7	1.012e-06	{M}
UPI00015C49AB	SINGLE	2	129	245	13	3.535e-04	{Y}
UPI00015C49AB	SINGLE	3	163	187	8	3.852e-04	{A}
UPI00015C49AB	MULTIPLE	1	129	245	27	2.074e-04	{YA}
UPI00015C49AF	SINGLE	1	22	259	26	8.504e-05	{I}
UPI00015C49AF	SINGLE	2	1	15	5	2.875e-04	{N}
UPI00015C49AF	SINGLE	3	211	230	7	4.883e-04	{A}
UPI00015C49AF	SINGLE	4	36	83	6	5.219e-04	{H}
UPI00015C49AF	WHOLE	1	1	304	28	6.601e-04	{I}
UPI00015C49E6	SINGLE	1	25	460	45	6.360e-08	{Q}
UPI00015C49E6	SINGLE	2	307	329	10	1.642e-06	{S}
UPI00015C49E6	SINGLE	3	286	303	9	2.609e-06	{A}
UPI00015C49E6	SINGLE	4	40	388	30	1.718e-04	{N}
UPI00015C49E6	SINGLE	5	335	357	6	6.136e-04	{I}
UPI00015C49E6	MULTIPLE	1	21	460	133	3.614e-13	{QAN}
UPI00015C49E6	WHOLE	1	1	460	45	2.755e-07	{Q}
UPI00015C49E6	WHOLE	2	1	460	58	1.125e-04	{A}
UPI00015C4A20	SINGLE	1	5	35	8	8.605e-05	{I}
UPI00015C4A20	SINGLE	2	19	44	9	8.726e-05	{A}
UPI00015C4A20	MULTIPLE	1	11	40	15	7.826e-07	{IA}
UPI00015C4A22	SINGLE	1	216	309	18	2.278e-04	{A}
UPI00015C4A22	SINGLE	2	5	25	4	2.981e-04	{C}
UPI00015C4A22	SINGLE	3	77	103	6	3.793e-04	{Y}
UPI00015C4A22	SINGLE	4	54	195	20	5.489e-04	{V}
UPI00015C4A22	SINGLE	5	98	167	7	6.990e-04	{M}
UPI00015C4A22	MULTIPLE	1	54	195	37	5.114e-06	{YVM}
UPI00015C4A24	SINGLE	1	3	19	8	5.383e-07	{I}
UPI00015C4A24	SINGLE	2	43	94	11	9.084e-05	{D}
UPI00015C4A24	SINGLE	3	40	69	7	3.809e-04	{R}
UPI00015C4A24	MULTIPLE	1	40	88	19	1.367e-07	{DR}
UPI00015C4A4A	SINGLE	1	16	294	61	1.120e-10	{L}
UPI00015C4A4A	SINGLE	2	6	296	50	8.718e-08	{A}
UPI00015C4A4A	SINGLE	3	67	168	18	8.737e-05	{G}
UPI00015C4A4A	SINGLE	4	302	326	7	6.967e-04	{V}
UPI00015C4A4A	MULTIPLE	1	10	296	140	1.500e-20	{LAG}
UPI00015C4A4A	WHOLE	1	1	334	64	9.467e-09	{L}
UPI00015C4A4A	WHOLE	2	1	334	53	4.670e-07	{A}
UPI00015C4A4B	SINGLE	1	21	39	6	5.773e-05	{F}
UPI00015C4A4B	SINGLE	2	54	131	11	4.021e-04	{Q}
UPI00015C4A4B	SINGLE	3	86	114	8	6.512e-04	{S}
UPI00015C4A4B	MULTIPLE	1	84	114	13	1.461e-05	{QS}
UPI00015C4A61	SINGLE	1	83	260	23	1.112e-05	{R}
UPI00015C4A61	SINGLE	2	53	227	33	3.424e-05	{L}
UPI00015C4A61	SINGLE	3	142	158	6	4.421e-04	{V}
UPI00015C4A61	MULTIPLE	1	51	260	59	4.647e-08	{RL}
UPI00015C4A61	WHOLE	1	1	315	30	1.741e-04	{R}
UPI00015C4A66	SINGLE	1	67	171	12	4.515e-04	{Y}
UPI00015C4A66	SINGLE	2	6	20	5	5.275e-04	{I}
UPI00015C4A85	SINGLE	1	10	40	10	7.006e-05	{A}
UPI00015C4A85	SINGLE	2	207	263	13	2.850e-04	{A}
UPI00015C4A85	SINGLE	3	46	61	6	3.059e-04	{V}
UPI00015C4A85	SINGLE	4	42	76	7	5.557e-04	{Q}
UPI00015C4A85	MULTIPLE	1	42	76	15	1.072e-06	{VQ}
UPI00015C4A86	SINGLE	1	13	365	67	6.553e-09	{L}
UPI00015C4A86	SINGLE	2	33	403	62	8.858e-09	{A}
UPI00015C4A86	SINGLE	3	18	384	49	1.611e-06	{G}
UPI00015C4A86	SINGLE	4	1	397	22	5.268e-05	{M}
UPI00015C4A86	SINGLE	5	1	15	6	3.585e-04	{S}
UPI00015C4A86	MULTIPLE	1	13	391	200	4.920e-29	{LAGM}
UPI00015C4A86	WHOLE	1	1	403	63	7.946e-08	{A}
UPI00015C4A86	WHOLE	2	1	403	70	1.083e-07	{L}
UPI00015C4A86	WHOLE	3	1	403	49	1.826e-05	{G}
UPI00015C4A86	WHOLE	4	1	403	22	6.474e-05	{M}
UPI00015C4B47	SINGLE	1	90	298	46	1.451e-08	{L}
UPI00015C4B47	SINGLE	2	8	326	33	3.381e-07	{F}
UPI00015C4B47	SINGLE	3	293	317	5	4.035e-05	{C}
UPI00015C4B47	SINGLE	4	2	28	7	2.287e-04	{I}
UPI00015C4B47	SINGLE	5	256	323	6	4.722e-04	{W}
UPI00015C4B47	SINGLE	6	63	87	7	5.249e-04	{K}
UPI00015C4B47	SINGLE	7	146	176	8	5.305e-04	{V}
UPI00015C4B47	MULTIPLE	1	6	326	135	1.600e-17	{LFCIW}
UPI00015C4B47	WHOLE	1	1	328	33	6.212e-07	{F}
UPI00015C4B47	WHOLE	2	1	328	55	5.624e-06	{L}
UPI00015C4B47	WHOLE	3	1	328	29	9.707e-04	{I}
UPI00015C4B6D	SINGLE	1	225	738	65	4.308e-12	{I}
UPI00015C4B6D	SINGLE	2	105	281	20	5.950e-05	{N}
UPI00015C4B6D	SINGLE	3	8	30	7	7.728e-05	{I}
UPI00015C4B6D	SINGLE	4	268	313	8	3.132e-04	{F}
UPI00015C4B6D	SINGLE	5	424	449	4	6.870e-04	{C}
UPI00015C4B6D	MULTIPLE	1	138	727	148	2.750e-15	{INF}
UPI00015C4B6D	WHOLE	1	1	782	83	5.530e-11	{I}
UPI00015C4B6F	SINGLE	1	48	276	34	5.830e-06	{G}
UPI00015C4B6F	SINGLE	2	332	346	5	4.635e-04	{R}
UPI00015C4B6F	SINGLE	3	209	304	7	5.101e-04	{W}
UPI00015C4B6F	MULTIPLE	1	48	292	44	3.470e-07	{GW}
UPI00015C4B6F	WHOLE	1	1	371	42	2.631e-04	{G}
UPI00015C4B74	SINGLE	1	80	146	15	1.288e-04	{A}
UPI00015C4B74	SINGLE	2	34	77	9	1.689e-04	{R}
UPI00015C4B74	SINGLE	3	125	176	6	7.926e-04	{H}
UPI00015C4B74	MULTIPLE	1	80	176	24	1.636e-05	{AH}
UPI00015C4B84	SINGLE	1	159	178	7	2.016e-05	{P}
UPI00015C4B84	SINGLE	2	7	23	8	5.235e-05	{L}
UPI00015C4B84	SINGLE	3	5	253	25	3.770e-04	{I}
UPI00015C4B84	SINGLE	4	186	212	6	4.578e-04	{F}
UPI00015C4B84	SINGLE	5	96	156	14	7.507e-04	{L}
UPI00015C4B84	MULTIPLE	1	5	258	64	1.171e-06	{LI}
UPI00015C4B84	WHOLE	1	1	262	25	7.428e-04	{I}
UPI00015C4B84	WHOLE	2	1	262	39	8.939e-04	{L}
UPI00015C4B85	SINGLE	1	51	116	10	3.959e-04	{N}
UPI00015C4B85	SINGLE	2	15	44	7	4.505e-04	{I}
UPI00015C4BCC	SINGLE	1	1	21	6	4.184e-06	{M}
UPI00015C4BDB	SINGLE	1	54	568	75	2.322e-05	{L}
UPI00015C4BDB	SINGLE	2	38	273	37	2.500e-05	{A}
UPI00015C4BDB	SINGLE	3	222	343	16	5.773e-05	{Q}
UPI00015C4BDB	SINGLE	4	335	638	28	4.423e-04	{R}
UPI00015C4BDB	MULTIPLE	1	48	638	224	1.169e-10	{LAQR}
UPI00015C4BDB	WHOLE	1	1	639	73	3.207e-04	{A}
UPI00015C4BDB	WHOLE	2	1	639	82	4.982e-04	{L}
UPI00015C4BEA	SINGLE	1	2	169	36	8.835e-07	{L}
UPI00015C4BEA	SINGLE	2	83	190	16	3.869e-06	{F}
UPI00015C4BEA	SINGLE	3	173	194	5	1.498e-05	{W}
UPI00015C4BEA	SINGLE	4	103	134	10	9.391e-05	{A}
UPI00015C4BEA	SINGLE	5	25	167	20	7.615e-04	{G}
UPI00015C4BEA	MULTIPLE	1	30	186	99	9.057e-19	{LFWAG}
UPI00015C4BEA	WHOLE	1	1	206	39	7.071e-06	{L}
UPI00015C4BEA	WHOLE	2	1	206	18	8.192e-04	{F}
UPI00015C4C06	SINGLE	1	7	173	29	3.419e-07	{T}
UPI00015C4C06	SINGLE	2	5	88	15	2.203e-04	{V}
UPI00015C4C06	SINGLE	3	8	121	20	3.437e-04	{A}
UPI00015C4C06	MULTIPLE	1	5	173	76	5.655e-13	{TVA}
UPI00015C4C06	WHOLE	1	1	180	29	1.594e-06	{T}
UPI00015C4C70	SINGLE	1	68	90	7	1.809e-05	{F}
UPI00015C4C97	SINGLE	1	7	68	10	5.326e-04	{R}
UPI00015C4CAA	SINGLE	1	94	218	20	3.431e-07	{N}
UPI00015C4CAA	SINGLE	2	62	116	10	1.677e-04	{P}
UPI00015C4CAA	WHOLE	1	1	224	24	2.878e-05	{N}
UPI00015C4CAA	WHOLE	2	1	224	22	9.991e-04	{I}
UPI00015C4CAC	SINGLE	1	61	120	15	5.104e-06	{G}
UPI00015C4CAC	SINGLE	2	90	242	22	2.371e-04	{V}
UPI00015C4CAC	SINGLE	3	245	280	10	2.669e-04	{A}
UPI00015C4CAC	MULTIPLE	1	49	280	86	7.768e-09	{GVA}
UPI00015C4CAD	SINGLE	1	330	379	13	6.648e-06	{T}
UPI00015C4CAD	SINGLE	2	292	321	9	8.387e-05	{G}
UPI00015C4CC9	SINGLE	1	20	471	79	1.453e-08	{L}
UPI00015C4CC9	SINGLE	2	52	472	38	1.203e-05	{Q}
UPI00015C4CC9	SINGLE	3	103	130	8	1.533e-05	{N}
UPI00015C4CC9	SINGLE	4	324	338	7	3.582e-05	{S}
UPI00015C4CC9	SINGLE	5	510	548	10	1.427e-04	{G}
UPI00015C4CC9	MULTIPLE	1	20	472	143	5.918e-13	{LQN}
UPI00015C4CC9	WHOLE	1	1	566	86	1.489e-06	{L}
UPI00015C4CC9	WHOLE	2	1	566	40	8.629e-04	{Q}
UPI00015C4CEF	SINGLE	1	21	291	36	2.767e-08	{R}
UPI00015C4CEF	SINGLE	2	267	327	7	3.105e-04	{H}
UPI00015C4CEF	WHOLE	1	1	340	37	2.273e-06	{R}
UPI00015C4D01	SINGLE	1	73	252	27	4.848e-04	{A}
UPI00015C4D1D	SINGLE	1	10	28	5	6.080e-04	{F}
UPI00015C4D28	SINGLE	1	10	43	13	7.065e-07	{A}
UPI00015C4D28	SINGLE	2	119	143	7	7.564e-07	{H}
UPI00015C4D28	SINGLE	3	121	139	8	3.679e-06	{D}
UPI00015C4D28	MULTIPLE	1	119	139	14	1.832e-11	{HD}
UPI00015C4D32	SINGLE	1	174	356	32	9.791e-06	{A}
UPI00015C4D32	SINGLE	2	226	269	11	8.674e-05	{G}
UPI00015C4D32	SINGLE	3	92	224	17	2.096e-04	{I}
UPI00015C4D32	SINGLE	4	36	82	10	5.734e-04	{V}
UPI00015C4D32	SINGLE	5	79	97	6	9.446e-04	{G}
UPI00015C4D32	MULTIPLE	1	79	356	91	5.231e-08	{AGI}
UPI00015C4D32	WHOLE	1	1	382	52	3.836e-05	{A}
UPI00015C4D3B	SINGLE	1	20	45	8	5.095e-05	{D}
UPI00015C4D58	SINGLE	1	334	383	7	1.340e-05	{C}
UPI00015C4D58	SINGLE	2	5	385	33	8.441e-05	{Q}
UPI00015C4D58	SINGLE	3	3	352	33	1.078e-04	{R}
UPI00015C4D58	SINGLE	4	206	234	8	2.392e-04	{K}
UPI00015C4D58	SINGLE	5	360	379	7	4.883e-04	{A}
UPI00015C4D58	MULTIPLE	1	334	383	16	6.725e-06	{CA}
UPI00015C4D58	MULTIPLE	2	8	354	92	2.792e-08	{QRK}
UPI00015C4D58	WHOLE	1	1	387	33	1.107e-04	{Q}
UPI00015C4D58	WHOLE	2	1	387	34	2.945e-04	{R}
UPI00015C4D59	SINGLE	1	63	83	6	8.753e-05	{Y}
UPI00015C4D59	SINGLE	2	9	23	4	2.419e-04	{H}
UPI00015C4D59	SINGLE	3	243	264	6	4.110e-04	{R}
UPI00015C4D59	SINGLE	4	11	134	15	7.961e-04	{I}
UPI00015C4D59	MULTIPLE	1	56	101	14	1.855e-05	{YI}
UPI00015C4D8A	SINGLE	1	3	139	20	1.007e-05	{I}
UPI00015C4D8A	SINGLE	2	97	128	9	1.433e-04	{G}
UPI00015C4D8A	SINGLE	3	113	142	6	8.147e-04	{F}
UPI00015C4D8A	MULTIPLE	1	2	146	52	1.004e-09	{IGF}
UPI00015C4D8A	WHOLE	1	1	149	20	3.330e-05	{I}
UPI00015C4D8B	SINGLE	1	261	275	6	1.249e-05	{F}
UPI00015C4D8B	SINGLE	2	18	190	22	3.217e-05	{I}
UPI00015C4D8B	SINGLE	3	217	245	9	6.862e-04	{L}
UPI00015C4D90	SINGLE	1	48	183	13	8.077e-06	{H}
UPI00015C4D90	SINGLE	2	117	295	20	1.891e-04	{P}
UPI00015C4D90	SINGLE	3	27	188	22	5.009e-04	{V}
UPI00015C4D90	MULTIPLE	1	27	295	71	5.485e-09	{HPV}
UPI00015C4D90	WHOLE	1	1	404	22	6.693e-05	{H}
UPI00015C4D95	SINGLE	1	30	180	33	4.516e-08	{A}
UPI00015C4D95	SINGLE	2	85	293	12	6.539e-05	{W}
UPI00015C4D95	SINGLE	3	1	330	19	9.808e-05	{M}
UPI00015C4D95	SINGLE	4	229	294	10	1.888e-04	{F}
UPI00015C4D95	SINGLE	5	274	412	25	5.057e-04	{L}
UPI00015C4D95	MULTIPLE	1	79	273	68	1.239e-11	{AWMF}
UPI00015C4D95	WHOLE	1	1	432	61	3.358e-06	{A}
UPI00015C4D95	WHOLE	2	1	432	20	9.020e-04	{M}
UPI00015C4D9E	SINGLE	1	285	306	6	2.364e-04	{N}
UPI00015C4D9E	SINGLE	2	31	61	6	8.089e-04	{Y}
UPI00015C4DA7	SINGLE	1	34	160	17	7.736e-06	{F}
UPI00015C4DA7	SINGLE	2	78	182	9	2.576e-05	{W}
UPI00015C4DA7	SINGLE	3	6	137	26	1.000e-04	{L}
UPI00015C4DA7	SINGLE	4	11	31	7	2.204e-04	{V}
UPI00015C4DA7	SINGLE	5	2	53	9	7.198e-04	{I}
UPI00015C4DA7	MULTIPLE	1	2	162	84	1.013e-12	{FWLVI}
UPI00015C4DA7	WHOLE	1	1	201	20	9.145e-05	{F}
UPI00015C4DA7	WHOLE	2	1	201	33	4.195e-04	{L}
UPI00015C4DA7	WHOLE	3	1	201	10	7.242e-04	{W}
UPI00015C4DCF	SINGLE	1	305	319	5	2.936e-04	{Q}
UPI00015C4DCF	SINGLE	2	31	51	7	6.750e-04	{A}
UPI00015C4DCF	SINGLE	3	146	166	6	6.796e-04	{D}
UPI00015C4DD5	SINGLE	1	165	322	16	3.736e-07	{M}
UPI00015C4DD5	SINGLE	2	287	301	8	1.681e-05	{L}
UPI00015C4DD5	SINGLE	3	231	250	8	1.772e-05	{V}
UPI00015C4DD5	SINGLE	4	100	185	12	2.407e-04	{N}
UPI00015C4DD5	SINGLE	5	7	370	32	6.402e-04	{I}
UPI00015C4DD5	MULTIPLE	1	188	301	48	1.082e-09	{MLV}
UPI00015C4DD5	MULTIPLE	2	133	186	15	6.028e-05	{NI}
UPI00015C4DD5	WHOLE	1	1	374	24	2.517e-06	{M}
UPI00015C4DD5	WHOLE	2	1	374	32	9.567e-04	{I}
UPI00015C4DD9	SINGLE	1	16	437	42	3.072e-08	{F}
UPI00015C4DD9	SINGLE	2	62	479	65	1.067e-05	{L}
UPI00015C4DD9	SINGLE	3	217	249	10	2.622e-05	{V}
UPI00015C4DD9	SINGLE	4	1	482	25	4.969e-05	{M}
UPI00015C4DD9	SINGLE	5	29	120	16	2.395e-04	{G}
UPI00015C4DD9	SINGLE	6	67	332	26	4.344e-04	{I}
UPI00015C4DD9	SINGLE	7	359	373	6	5.574e-04	{A}
UPI00015C4DD9	MULTIPLE	1	7	476	299	5.984e-23	{FLVMGIA}
UPI00015C4DD9	WHOLE	1	1	489	43	5.956e-07	{F}
UPI00015C4DD9	WHOLE	2	1	489	25	6.299e-05	{M}
UPI00015C4DD9	WHOLE	3	1	489	69	1.102e-04	{L}
UPI00015C4DEE	SINGLE	1	69	488	39	7.278e-05	{I}
UPI00015C4DEE	SINGLE	2	188	450	41	2.985e-04	{L}
UPI00015C4DEE	SINGLE	3	21	36	6	3.059e-04	{V}
UPI00015C4DEE	SINGLE	4	284	347	10	6.801e-04	{R}
UPI00015C4DEE	SINGLE	5	451	525	13	8.617e-04	{G}
UPI00015C4DEE	MULTIPLE	1	116	506	119	1.790e-06	{ILG}
UPI00015C4DEE	WHOLE	1	1	543	45	2.606e-04	{I}
UPI00015C4DF1	SINGLE	1	210	256	11	1.339e-04	{V}
UPI00015C4DF1	SINGLE	2	131	153	8	5.917e-04	{L}
UPI00015C4DF1	SINGLE	3	181	208	6	9.375e-04	{Q}
UPI00015C4E0D	SINGLE	1	218	251	10	1.622e-04	{A}
UPI00015C4E30	SINGLE	1	31	57	8	1.406e-04	{K}
UPI00015C4E8A	SINGLE	1	73	118	10	1.919e-05	{Q}
UPI00015C4E8A	SINGLE	2	23	50	9	1.638e-04	{A}
UPI00015C4E8A	SINGLE	3	11	36	9	2.859e-04	{L}
UPI00015C4E8A	SINGLE	4	3	21	5	6.080e-04	{F}
UPI00015C4E8A	MULTIPLE	1	7	52	24	2.287e-06	{ALF}
UPI00015C4E91	SINGLE	1	52	133	18	3.878e-07	{D}
UPI00015C4E91	SINGLE	2	205	232	10	1.003e-04	{L}
UPI00015C4EAA	SINGLE	1	47	172	16	3.340e-04	{I}
UPI00015C4EC6	SINGLE	1	32	116	10	1.026e-06	{C}
UPI00015C4EC6	WHOLE	1	1	144	11	1.925e-05	{C}
UPI00015C5007	SINGLE	1	307	321	7	3.582e-05	{S}
UPI00015C5007	SINGLE	2	267	326	9	4.131e-04	{F}
UPI00015C5007	SINGLE	3	63	306	22	5.742e-04	{N}
UPI00015C5007	MULTIPLE	1	267	331	20	1.177e-05	{SF}
UPI00015C5050	SINGLE	1	18	32	6	5.574e-04	{A}
UPI00015C509F	SINGLE	1	7	548	40	6.308e-05	{F}
UPI00015C509F	SINGLE	2	4	119	24	8.281e-05	{L}
UPI00015C509F	SINGLE	3	575	593	6	1.006e-04	{Q}
UPI00015C509F	SINGLE	4	711	725	6	1.598e-04	{T}
UPI00015C509F	SINGLE	5	93	107	4	2.419e-04	{H}
UPI00015C509F	SINGLE	6	399	413	5	2.875e-04	{N}
UPI00015C509F	MULTIPLE	1	4	548	131	1.984e-05	{FLN}
UPI00015C50AC	SINGLE	1	24	162	19	5.986e-04	{K}
UPI00015C50AC	SINGLE	2	32	109	10	6.976e-04	{F}
UPI00015C50AC	MULTIPLE	1	24	162	31	1.196e-05	{KF}
UPI00015F8205	SINGLE	1	18	74	11	7.538e-05	{I}
UPI000160255B	SINGLE	1	28	96	12	2.952e-04	{D}
UPI000160255B	SINGLE	2	165	179	5	5.275e-04	{I}
UPI000160255B	SINGLE	3	67	196	15	9.595e-04	{R}
UPI000160255B	MULTIPLE	1	28	201	35	5.473e-05	{DR}
UPI0001610A94	SINGLE	1	71	96	10	4.926e-05	{L}
UPI0001610A94	SINGLE	2	294	311	6	1.244e-04	{R}
UPI0001610A94	SINGLE	3	191	205	4	2.419e-04	{H}
UPI0001610A94	SINGLE	4	292	324	5	6.305e-04	{H}
UPI0001610A94	MULTIPLE	1	292	324	11	7.447e-06	{RH}
UPI0001610AA8	SINGLE	1	64	223	13	4.310e-05	{M}
UPI0001610AA8	SINGLE	2	192	377	27	4.743e-05	{V}
UPI0001610AA8	MULTIPLE	1	77	377	47	3.274e-05	{MV}
UPI00016278E8	SINGLE	1	23	444	45	8.030e-07	{I}
UPI00016278E8	SINGLE	2	254	452	23	6.072e-05	{R}
UPI00016278E8	SINGLE	3	165	183	7	1.103e-04	{E}
UPI00016278E8	SINGLE	4	19	35	7	1.565e-04	{A}
UPI00016278E8	SINGLE	5	247	261	5	2.875e-04	{N}
UPI00016278E8	SINGLE	6	125	213	16	3.999e-04	{S}
UPI00016278E8	MULTIPLE	1	23	454	120	5.116e-10	{IRE}
UPI00016278E8	WHOLE	1	1	460	45	6.956e-06	{I}
UPI00016278E8	WHOLE	2	1	460	37	7.735e-04	{R}
UPI0001630EFB	SINGLE	1	69	114	10	5.662e-04	{G}
UPI00016A018D	SINGLE	1	1	15	5	5.275e-04	{I}
UPI00016A0206	SINGLE	1	48	62	5	5.275e-04	{I}
UPI00016A0463	SINGLE	1	9	28	8	2.030e-04	{L}
UPI00016A0463	WHOLE	1	1	29	9	6.862e-04	{L}
UPI00016A062F	SINGLE	1	6	20	5	5.275e-04	{I}
UPI00016A0890	SINGLE	1	47	63	6	5.013e-05	{Q}
UPI00016A0890	SINGLE	2	19	37	6	3.810e-04	{D}
UPI00016A0892	SINGLE	1	97	111	5	4.635e-04	{R}
UPI00016A0EE7	SINGLE	1	169	198	8	4.252e-04	{E}
UPI00016A1113	SINGLE	1	6	147	18	1.568e-04	{I}
UPI00016A1113	SINGLE	2	1	220	14	2.736e-04	{M}
UPI00016A1113	MULTIPLE	1	1	220	35	4.164e-06	{IM}
UPI00016A19A6	SINGLE	1	15	86	22	1.429e-08	{A}
UPI00016A19A6	WHOLE	1	1	123	24	1.882e-05	{A}
UPI00016A19EF	SINGLE	1	155	397	31	9.874e-07	{I}
UPI00016A19EF	SINGLE	2	226	838	56	2.203e-06	{R}
UPI00016A19EF	SINGLE	3	637	843	31	8.009e-06	{V}
UPI00016A19EF	SINGLE	4	373	432	16	8.393e-06	{A}
UPI00016A19EF	SINGLE	5	844	870	9	8.500e-06	{D}
UPI00016A19EF	SINGLE	6	459	508	15	2.199e-05	{L}
UPI00016A19EF	SINGLE	7	189	875	72	2.409e-05	{E}
UPI00016A19EF	SINGLE	8	715	753	9	6.699e-04	{G}
UPI00016A19EF	MULTIPLE	1	173	875	305	9.342e-16	{IRVEG}
UPI00016A19EF	WHOLE	1	1	875	66	1.001e-04	{R}
UPI00016A19EF	WHOLE	2	1	875	67	1.282e-04	{I}
UPI00016A19EF	WHOLE	3	1	875	83	1.513e-04	{V}
UPI00016A19EF	WHOLE	4	1	875	81	3.527e-04	{E}
UPI00016A201B	SINGLE	1	82	213	27	3.975e-05	{L}
UPI00016A201B	SINGLE	2	172	192	4	9.292e-04	{H}
UPI00016A201B	MULTIPLE	1	82	213	34	2.354e-06	{LH}
UPI00016A2292	SINGLE	1	14	29	5	2.574e-04	{F}
UPI00016A22B1	SINGLE	1	17	32	7	2.677e-04	{L}
UPI00016A22EB	SINGLE	1	10	59	12	2.743e-06	{R}
UPI00016A22EB	SINGLE	2	215	249	10	3.028e-05	{K}
UPI00016A22EB	SINGLE	3	173	189	8	5.235e-05	{L}
UPI00016A22EB	SINGLE	4	71	85	4	2.419e-04	{H}
UPI00016A22EB	SINGLE	5	101	133	5	6.305e-04	{M}
UPI00016A22F2	SINGLE	1	327	341	6	2.062e-04	{E}
UPI00016A22F2	SINGLE	2	261	283	6	6.136e-04	{I}
UPI00016A22F2	SINGLE	3	94	113	6	8.840e-04	{K}
UPI00016A22FB	SINGLE	1	72	117	9	2.379e-04	{R}
UPI00016A22FB	SINGLE	2	4	21	7	6.140e-04	{L}
UPI00016A22FD	SINGLE	1	126	140	7	2.126e-06	{P}
UPI00016BEC24	SINGLE	1	16	64	8	9.076e-04	{Q}
UPI00016C6AD6	SINGLE	1	97	143	11	1.180e-05	{I}
UPI00016C6AD6	SINGLE	2	2	43	12	5.149e-05	{A}
UPI00016C6AD6	SINGLE	3	86	130	8	5.029e-04	{N}
UPI00016C6AD6	SINGLE	4	102	126	7	5.249e-04	{K}
UPI00016C6AD6	MULTIPLE	1	97	141	24	3.660e-09	{INK}
UPI00016C6AD6	WHOLE	1	1	145	17	5.456e-04	{I}
UPI00016C6BAA	SINGLE	1	157	175	4	6.290e-04	{M}
UPI00016C6C10	SINGLE	1	8	22	6	4.559e-05	{I}
UPI00016C6F21	SINGLE	1	9	26	9	9.630e-06	{L}
UPI00016C6F21	WHOLE	1	1	27	9	3.896e-04	{L}
UPI00016C6F3B	SINGLE	1	17	143	18	2.724e-05	{R}
UPI00016C6F3B	SINGLE	2	1	65	7	4.536e-04	{M}
UPI00016C6F3B	MULTIPLE	1	1	143	26	4.309e-06	{RM}
UPI00016C6F3B	WHOLE	1	1	166	18	6.773e-04	{R}
UPI00016C6FD9	SINGLE	1	29	52	16	2.101e-14	{T}
UPI00016C6FD9	SINGLE	2	7	82	22	4.180e-08	{A}
UPI00016C6FD9	SINGLE	3	55	80	9	2.040e-05	{V}
UPI00016C6FD9	SINGLE	4	28	89	13	1.378e-04	{G}
UPI00016C6FD9	MULTIPLE	1	18	82	59	4.932e-27	{TAVG}
UPI00016C6FD9	WHOLE	1	1	101	28	9.947e-12	{T}
UPI00016C6FD9	WHOLE	2	1	101	22	6.999e-06	{A}
UPI00016C8193	SINGLE	1	37	382	35	1.832e-05	{R}
UPI00016C8193	SINGLE	2	66	110	12	1.048e-04	{A}
UPI00016C8193	MULTIPLE	1	52	375	70	2.330e-06	{RA}
UPI00016C8193	WHOLE	1	1	400	36	1.352e-04	{R}
UPI00016D44CE	SINGLE	1	53	87	8	4.587e-04	{D}
UPI00016D44CE	SINGLE	2	2	16	5	5.275e-04	{I}
UPI00016DBD04	SINGLE	1	35	129	15	1.069e-05	{N}
UPI00016DBD04	SINGLE	2	45	117	15	1.401e-04	{S}
UPI00016DBD04	SINGLE	3	53	67	6	2.045e-04	{V}
UPI00016DBD04	SINGLE	4	23	68	10	3.333e-04	{K}
UPI00016DBD04	MULTIPLE	1	50	124	37	5.185e-10	{NSV}
UPI00016DBD04	WHOLE	1	1	141	16	2.769e-04	{N}
UPI000170EF82	SINGLE	1	92	339	26	1.585e-04	{I}
UPI000170EF82	SINGLE	2	72	98	7	1.925e-04	{R}
UPI000170EF82	SINGLE	3	44	58	6	2.062e-04	{E}
UPI000170EF82	MULTIPLE	1	72	339	47	2.834e-05	{IR}
UPI000170EF82	WHOLE	1	1	341	30	8.815e-04	{I}
UPI000170EFBE	SINGLE	1	12	27	6	3.304e-05	{N}
UPI000170EFBE	SINGLE	2	175	190	6	2.398e-04	{T}
UPI000170EFBE	SINGLE	3	4	298	28	4.308e-04	{I}
UPI000170EFBE	WHOLE	1	1	299	28	5.217e-04	{I}
UPI0001717793	SINGLE	1	61	75	8	1.681e-05	{L}
UPI0001717793	SINGLE	2	89	138	10	9.171e-05	{R}
UPI0001717793	SINGLE	3	175	215	9	8.358e-04	{V}
UPI0001717794	SINGLE	1	23	45	7	1.612e-04	{D}
UPI0001717794	SINGLE	2	195	209	5	2.875e-04	{N}
UPI0001717794	SINGLE	3	63	304	23	8.427e-04	{R}
UPI000173FABF	SINGLE	1	12	142	20	2.625e-04	{G}
UPI000173FABF	SINGLE	2	3	17	5	5.275e-04	{I}
UPI000173FABF	SINGLE	3	4	145	25	6.794e-04	{L}
UPI000173FABF	SINGLE	4	31	153	20	8.632e-04	{A}
UPI000173FABF	MULTIPLE	1	3	150	79	1.516e-10	{GILA}
UPI000173FC59	SINGLE	1	70	84	5	5.275e-04	{I}
UPI000173FCBA	SINGLE	1	35	54	6	2.742e-04	{I}
UPI000173FDDC	SINGLE	1	6	430	74	6.037e-11	{A}
UPI000173FDDC	SINGLE	2	43	67	6	8.417e-04	{R}
UPI000173FDDC	SINGLE	3	146	447	34	9.096e-04	{G}
UPI000173FDDC	MULTIPLE	1	6	440	115	3.039e-11	{AG}
UPI000173FDDC	WHOLE	1	1	462	74	2.500e-09	{A}
UPI0001746C0B	SINGLE	1	11	65	10	2.550e-04	{I}
UPI0001746C22	SINGLE	1	12	398	41	2.675e-06	{I}
UPI0001746C22	SINGLE	2	7	410	34	1.781e-05	{F}
UPI0001746C22	SINGLE	3	83	347	18	1.921e-05	{M}
UPI0001746C22	SINGLE	4	240	318	16	2.567e-04	{A}
UPI0001746C22	SINGLE	5	211	234	7	5.364e-04	{V}
UPI0001746C22	MULTIPLE	1	11	398	166	3.342e-14	{IFMAV}
UPI0001746C22	WHOLE	1	1	421	42	8.538e-06	{I}
UPI0001746C22	WHOLE	2	1	421	34	3.902e-05	{F}
UPI0001746C22	WHOLE	3	1	421	20	6.769e-04	{M}
UPI000174CD62	SINGLE	1	296	327	7	3.092e-04	{N}
UPI000174CD62	SINGLE	2	307	333	6	3.793e-04	{Y}
UPI000174CD62	SINGLE	3	269	302	7	7.165e-04	{P}
UPI000174CD62	SINGLE	4	322	337	5	7.294e-04	{I}
UPI000174CD62	MULTIPLE	1	304	337	17	1.913e-07	{NYI}
UPI000174CD9E	SINGLE	1	8	400	44	2.916e-07	{I}
UPI000174CD9E	SINGLE	2	15	415	67	7.666e-07	{L}
UPI000174CD9E	SINGLE	3	109	254	16	1.450e-04	{F}
UPI000174CD9E	SINGLE	4	302	316	6	2.062e-04	{E}
UPI000174CD9E	SINGLE	5	262	276	5	2.875e-04	{N}
UPI000174CD9E	MULTIPLE	1	12	402	132	4.530e-14	{ILF}
UPI000174CD9E	WHOLE	1	1	417	44	1.364e-06	{I}
UPI000174CD9E	WHOLE	2	1	417	67	2.851e-06	{L}
UPI000174CDB3	SINGLE	1	155	169	4	2.419e-04	{M}
UPI000174CDB3	SINGLE	2	57	278	14	2.978e-04	{H}
UPI000174CDB3	MULTIPLE	1	81	278	21	1.115e-04	{MH}
UPI000174CDCF	SINGLE	1	18	700	90	5.250e-07	{A}
UPI000174CDCF	SINGLE	2	111	573	25	2.711e-05	{M}
UPI000174CDCF	SINGLE	3	9	416	48	2.916e-05	{V}
UPI000174CDCF	SINGLE	4	90	560	54	3.547e-05	{G}
UPI000174CDCF	SINGLE	5	162	234	13	4.218e-05	{I}
UPI000174CDCF	SINGLE	6	477	594	24	1.080e-04	{L}
UPI000174CDCF	SINGLE	7	673	687	5	4.135e-04	{P}
UPI000174CDCF	SINGLE	8	198	662	32	8.168e-04	{F}
UPI000174CDCF	MULTIPLE	1	15	671	412	5.655e-29	{AMVGILF}
UPI000174CDCF	WHOLE	1	1	701	90	1.486e-06	{A}
UPI000174CDCF	WHOLE	2	1	701	70	1.098e-04	{V}
UPI000174CDCF	WHOLE	3	1	701	31	1.241e-04	{M}
UPI000174CDEE	SINGLE	1	137	164	5	2.914e-04	{M}
UPI000174CDEE	SINGLE	2	153	242	12	3.767e-04	{Q}
UPI000174CDEE	SINGLE	3	88	106	5	9.333e-04	{N}
UPI000174CDEE	MULTIPLE	1	137	242	19	3.669e-05	{MQ}
UPI000174CE69	SINGLE	1	4	147	25	3.279e-08	{I}
UPI000174CE69	SINGLE	2	77	149	7	8.894e-04	{M}
UPI000174CE69	MULTIPLE	1	1	149	33	3.217e-09	{IM}
UPI000174CE69	WHOLE	1	1	158	25	2.025e-07	{I}
UPI000174CE72	SINGLE	1	265	283	6	1.006e-04	{Q}
UPI000174CE72	SINGLE	2	109	292	10	3.782e-04	{W}
UPI000174CF2B	SINGLE	1	287	304	9	2.609e-06	{A}
UPI000174CF2B	SINGLE	2	134	204	10	3.387e-04	{F}
UPI000174CF2B	SINGLE	3	110	141	8	7.569e-04	{G}
UPI000174CF5F	SINGLE	1	194	208	6	2.215e-05	{Q}
UPI000174CFA4	SINGLE	1	163	315	13	2.745e-05	{M}
UPI000174CFA4	SINGLE	2	303	322	7	4.883e-04	{A}
UPI000174CFA4	WHOLE	1	1	323	19	7.509e-05	{M}
UPI000175DD44	SINGLE	1	89	357	14	4.883e-05	{W}
UPI000175DD44	SINGLE	2	12	486	67	1.346e-04	{L}
UPI000175DD44	SINGLE	3	19	40	8	1.455e-04	{A}
UPI000175DD44	SINGLE	4	13	376	32	6.402e-04	{I}
UPI000175DD44	SINGLE	5	131	371	20	8.266e-04	{F}
UPI000175DD44	SINGLE	6	62	410	38	8.985e-04	{G}
UPI000175DD44	MULTIPLE	1	12	486	192	4.656e-12	{WLIFG}
UPI000175DD44	WHOLE	1	1	536	71	4.665e-04	{L}
UPI000176ADCB	SINGLE	1	49	82	10	1.622e-04	{A}
UPI000176ADCB	SINGLE	2	131	173	5	3.996e-04	{W}
UPI000176ADCB	SINGLE	3	103	119	4	4.036e-04	{H}
UPI000176AEAE	SINGLE	1	11	625	89	1.060e-08	{A}
UPI000176AEAE	SINGLE	2	338	610	43	8.485e-08	{G}
UPI000176AEAE	SINGLE	3	286	463	36	3.452e-06	{L}
UPI000176AEAE	MULTIPLE	1	24	619	229	3.755e-16	{AGL}
UPI000176AEAE	WHOLE	1	1	638	89	5.495e-08	{A}
UPI000176AEAE	WHOLE	2	1	638	66	1.129e-04	{G}
UPI000176AEAE	WHOLE	3	1	638	84	2.176e-04	{L}
UPI000176AEBA	SINGLE	1	13	75	6	4.546e-04	{C}
UPI000176AEBE	SINGLE	1	4	26	5	2.640e-05	{C}
UPI000176AEBE	WHOLE	1	1	94	7	6.745e-04	{C}
UPI000176AEC5	SINGLE	1	38	294	44	5.151e-07	{A}
UPI000176AEC5	SINGLE	2	418	489	16	1.231e-05	{G}
UPI000176AEC5	SINGLE	3	371	404	7	4.524e-04	{N}
UPI000176AEC5	SINGLE	4	13	477	38	8.342e-04	{I}
UPI000176AEC5	SINGLE	5	517	536	6	8.986e-04	{T}
UPI000176AEC5	WHOLE	1	1	564	65	4.797e-04	{A}
UPI000176AEC8	SINGLE	1	132	146	5	9.005e-04	{D}
UPI000176AECA	SINGLE	1	152	369	30	3.012e-07	{I}
UPI000176AECA	SINGLE	2	76	346	50	9.937e-07	{L}
UPI000176AECA	SINGLE	3	343	409	13	1.470e-06	{F}
UPI000176AECA	SINGLE	4	390	480	18	5.561e-05	{S}
UPI000176AECA	SINGLE	5	89	103	6	3.585e-04	{S}
UPI000176AECA	SINGLE	6	4	60	11	5.053e-04	{T}
UPI000176AECA	SINGLE	7	235	271	9	8.059e-04	{S}
UPI000176AECA	MULTIPLE	1	83	480	169	3.049e-14	{ILFS}
UPI000176AECA	WHOLE	1	1	512	51	1.182e-06	{I}
UPI000176AECA	WHOLE	2	1	512	71	1.445e-04	{L}
UPI000176AECF	SINGLE	1	13	403	55	1.003e-06	{S}
UPI000176AECF	SINGLE	2	4	329	43	5.108e-06	{V}
UPI000176AECF	SINGLE	3	332	418	15	1.707e-05	{I}
UPI000176AECF	SINGLE	4	22	84	11	5.940e-05	{N}
UPI000176AECF	SINGLE	5	214	246	9	1.840e-04	{G}
UPI000176AECF	SINGLE	6	344	365	6	2.422e-04	{Q}
UPI000176AECF	SINGLE	7	97	111	5	9.005e-04	{D}
UPI000176AECF	MULTIPLE	1	21	399	225	2.371e-15	{SVINGQD}
UPI000176AECF	WHOLE	1	1	421	56	4.231e-06	{S}
UPI000176AECF	WHOLE	2	1	421	46	2.011e-04	{V}
UPI000176AF0C	SINGLE	1	81	109	6	6.782e-04	{F}
UPI000176AF27	SINGLE	1	34	51	4	1.600e-04	{C}
UPI000176AF4F	SINGLE	1	172	205	8	1.702e-04	{I}
UPI000176AF4F	SINGLE	2	5	134	25	1.906e-04	{L}
UPI000176AF4F	SINGLE	3	19	234	20	2.277e-04	{F}
UPI000176AF4F	SINGLE	4	72	98	5	2.447e-04	{M}
UPI000176AF4F	MULTIPLE	1	1	223	50	4.837e-07	{IFM}
UPI000176AF4F	WHOLE	1	1	237	20	6.849e-04	{F}
UPI000176AF4F	WHOLE	2	1	237	36	9.443e-04	{L}
UPI000176AF88	SINGLE	1	23	176	14	8.560e-08	{W}
UPI000176AF88	SINGLE	2	100	309	26	1.110e-05	{I}
UPI000176AF88	SINGLE	3	7	35	9	1.181e-04	{S}
UPI000176AF88	SINGLE	4	102	314	36	1.469e-04	{L}
UPI000176AF88	MULTIPLE	1	28	314	90	1.338e-11	{WIL}
UPI000176AF88	WHOLE	1	1	367	18	1.037e-05	{W}
UPI000176AF88	WHOLE	2	1	367	32	7.252e-04	{I}
UPI000176B1B9	SINGLE	1	220	252	9	3.370e-04	{S}
UPI000176B1B9	SINGLE	2	261	284	7	5.412e-04	{E}
UPI000176B1B9	SINGLE	3	240	338	7	6.096e-04	{W}
UPI000176B1B9	MULTIPLE	1	240	338	18	5.214e-04	{EW}
UPI000176B6B6	SINGLE	1	2	193	40	5.023e-07	{L}
UPI000176B6B6	SINGLE	2	479	514	10	1.863e-06	{Q}
UPI000176B6B6	SINGLE	3	192	207	7	5.908e-05	{S}
UPI000176B6B6	SINGLE	4	185	437	25	7.160e-05	{N}
UPI000176B6B6	SINGLE	5	93	109	6	1.019e-04	{I}
UPI000176B6B6	SINGLE	6	356	532	16	7.548e-04	{Y}
UPI000176B6B6	SINGLE	7	329	355	4	7.937e-04	{C}
UPI000176B6B6	MULTIPLE	1	2	193	57	1.377e-08	{LI}
UPI000176B6B6	MULTIPLE	2	185	423	32	9.101e-06	{NC}
UPI000176B6B6	WHOLE	1	1	547	75	1.398e-04	{L}
UPI000176B6C5	SINGLE	1	120	150	9	7.436e-06	{P}
UPI000176B6C5	SINGLE	2	264	328	11	8.224e-05	{Q}
UPI000176B6C5	SINGLE	3	156	178	6	1.831e-04	{F}
UPI000176B6C5	SINGLE	4	44	258	30	2.255e-04	{S}
UPI000176B6C5	SINGLE	5	109	125	6	4.457e-04	{E}
UPI000176B6C5	SINGLE	6	195	491	25	6.840e-04	{N}
UPI000176B6C5	MULTIPLE	1	109	150	16	4.497e-06	{PE}
UPI000176B6C5	MULTIPLE	2	188	315	30	6.648e-05	{SN}
UPI000176B6C8	SINGLE	1	3	264	48	1.916e-06	{L}
UPI000176B6C8	SINGLE	2	52	66	5	4.635e-04	{R}
UPI000176B6C8	SINGLE	3	286	324	9	6.699e-04	{G}
UPI000176B6C8	MULTIPLE	1	3	264	70	2.695e-08	{LR}
UPI000176B6C8	WHOLE	1	1	366	55	1.010e-04	{L}
UPI000176BA7C	SINGLE	1	131	156	10	2.909e-06	{G}
UPI000176BA7C	SINGLE	2	103	144	12	5.149e-05	{A}
UPI000176BA7C	SINGLE	3	55	73	6	9.446e-04	{G}
UPI000176BA7C	MULTIPLE	1	103	156	25	1.859e-08	{GA}
UPI000176BA7C	WHOLE	1	1	302	39	3.162e-05	{G}
UPI000176BAF6	SINGLE	1	41	381	45	1.800e-09	{I}
UPI000176BAF6	SINGLE	2	7	426	34	3.729e-05	{F}
UPI000176BAF6	SINGLE	3	336	395	11	7.580e-05	{P}
UPI000176BAF6	SINGLE	4	1	436	21	4.403e-04	{M}
UPI000176BAF6	MULTIPLE	1	35	399	118	1.526e-15	{IFPM}
UPI000176BAF6	WHOLE	1	1	440	49	8.024e-08	{I}
UPI000176BAF6	WHOLE	2	1	440	34	8.733e-05	{F}
UPI000176BAF6	WHOLE	3	1	440	21	4.903e-04	{M}
UPI000176BB7F	SINGLE	1	32	51	4	7.691e-04	{M}
UPI000176BBE5	SINGLE	1	2	241	49	5.997e-08	{L}
UPI000176BBE5	SINGLE	2	63	147	13	2.089e-05	{F}
UPI000176BBE5	SINGLE	3	188	274	16	1.266e-04	{G}
UPI000176BBE5	SINGLE	4	25	154	9	1.297e-04	{W}
UPI000176BBE5	SINGLE	5	14	293	27	4.225e-04	{I}
UPI000176BBE5	MULTIPLE	1	6	293	112	1.645e-14	{LFWI}
UPI000176BBE5	WHOLE	1	1	298	54	6.905e-07	{L}
UPI000176BBE5	WHOLE	2	1	298	27	9.900e-04	{I}
UPI000176BCF3	SINGLE	1	51	69	6	1.511e-04	{P}
UPI000176BF51	SINGLE	1	5	527	63	2.062e-04	{A}
UPI000176BF51	SINGLE	2	174	208	9	2.548e-04	{E}
UPI000176BF51	SINGLE	3	311	336	6	3.065e-04	{Y}
UPI000176BF51	MULTIPLE	1	9	513	101	1.109e-04	{AE}
UPI000176BF51	WHOLE	1	1	577	66	5.372e-04	{A}
UPI000176BF7A	SINGLE	1	6	102	15	6.050e-05	{I}
UPI000176BF7A	SINGLE	2	117	138	4	3.587e-04	{C}
UPI000176BF7A	SINGLE	3	22	54	7	3.754e-04	{N}
UPI000176BF7A	SINGLE	4	8	24	4	4.036e-04	{H}
UPI000176BF7A	MULTIPLE	1	6	102	29	5.409e-07	{INH}
UPI000176BF7A	WHOLE	1	1	179	20	3.620e-04	{I}
UPI000176BFB0	SINGLE	1	163	230	12	2.538e-05	{N}
UPI000176BFB0	SINGLE	2	29	169	20	5.042e-04	{V}
UPI000176BFB0	MULTIPLE	1	26	230	44	4.062e-06	{NV}
UPI000176BFB0	WHOLE	1	1	238	22	4.216e-04	{N}
UPI000176C030	SINGLE	1	38	237	41	8.567e-09	{A}
UPI000176C030	SINGLE	2	12	26	5	1.186e-05	{H}
UPI000176C030	SINGLE	3	168	207	10	1.501e-04	{V}
UPI000176C030	SINGLE	4	201	225	4	5.908e-04	{C}
UPI000176C030	SINGLE	5	136	200	12	7.660e-04	{G}
UPI000176C030	MULTIPLE	1	38	237	46	7.644e-09	{AC}
UPI000176C030	MULTIPLE	2	136	207	23	2.041e-05	{VG}
UPI000176C030	WHOLE	1	1	262	46	1.433e-07	{A}
UPI000176C064	SINGLE	1	272	691	64	2.226e-05	{L}
UPI000176C064	SINGLE	2	420	613	23	4.168e-05	{R}
UPI000176C064	SINGLE	3	160	175	6	3.059e-04	{V}
UPI000176C064	SINGLE	4	546	560	5	4.135e-04	{P}
UPI000176C064	SINGLE	5	11	57	8	6.914e-04	{Q}
UPI000176C064	SINGLE	6	251	655	42	9.042e-04	{E}
UPI000176C064	MULTIPLE	1	251	684	142	8.435e-10	{LRE}
UPI000176C064	WHOLE	1	1	692	92	9.225e-05	{L}
UPI000176C064	WHOLE	2	1	692	52	4.547e-04	{R}
UPI000176C0E9	SINGLE	1	10	39	9	2.883e-04	{A}
UPI000176C1AA	SINGLE	1	220	242	6	8.558e-07	{W}
UPI000176C1AA	SINGLE	2	22	85	19	2.325e-06	{L}
UPI000176C1AA	SINGLE	3	148	162	5	5.275e-04	{I}
UPI000176C1AA	WHOLE	1	1	352	54	6.947e-05	{L}
UPI0001787BB6	SINGLE	1	23	37	6	5.574e-04	{A}
UPI0001787BB6	SINGLE	2	45	195	16	5.676e-04	{N}
UPI0001787C28	SINGLE	1	2	542	46	6.987e-06	{N}
UPI0001787C28	SINGLE	2	467	481	4	5.704e-05	{W}
UPI0001787C28	SINGLE	3	144	180	10	8.968e-05	{G}
UPI0001787C28	SINGLE	4	384	398	6	3.585e-04	{S}
UPI0001787C28	SINGLE	5	288	358	12	3.826e-04	{D}
UPI0001787C28	SINGLE	6	474	490	5	5.538e-04	{Q}
UPI0001787C28	SINGLE	7	406	448	7	8.745e-04	{Y}
UPI0001787C28	MULTIPLE	1	73	473	139	5.798e-09	{NWSDY}
UPI0001787C28	WHOLE	1	1	557	46	1.407e-05	{N}
UPI0001787CC3	SINGLE	1	120	511	37	4.529e-05	{R}
UPI0001787CC3	SINGLE	2	7	536	26	8.508e-05	{H}
UPI0001787CC3	MULTIPLE	1	66	514	61	3.086e-07	{RH}
UPI0001787CC3	WHOLE	1	1	540	26	1.133e-04	{H}
UPI0001788625	SINGLE	1	10	147	16	6.442e-04	{R}
UPI00017892F4	SINGLE	1	189	465	32	5.279e-06	{I}
UPI00017892F4	SINGLE	2	156	175	6	6.498e-05	{Y}
UPI00017892F4	SINGLE	3	30	133	19	2.858e-04	{A}
UPI00017892F4	SINGLE	4	222	405	31	3.941e-04	{L}
UPI00017892F4	MULTIPLE	1	222	446	59	7.587e-07	{IL}
UPI0001789374	SINGLE	1	132	150	7	8.069e-05	{K}
UPI0001789374	SINGLE	2	72	128	10	1.204e-04	{N}
UPI00017894AF	SINGLE	1	104	125	8	2.126e-06	{Q}
UPI00017894AF	SINGLE	2	32	1027	101	3.394e-06	{V}
UPI00017894AF	SINGLE	3	321	1010	32	4.284e-05	{M}
UPI00017894AF	SINGLE	4	993	1009	7	5.515e-05	{G}
UPI00017894AF	SINGLE	5	286	311	9	8.726e-05	{A}
UPI00017894AF	SINGLE	6	316	681	29	1.719e-04	{F}
UPI00017894AF	SINGLE	7	1018	1032	5	1.842e-04	{F}
UPI00017894AF	SINGLE	8	12	54	11	2.901e-04	{A}
UPI00017894AF	SINGLE	9	145	164	6	5.140e-04	{D}
UPI00017894AF	SINGLE	10	885	988	20	7.276e-04	{L}
UPI00017894AF	MULTIPLE	1	11	1027	491	1.140e-15	{VMGAFL}
UPI00017894AF	WHOLE	1	1	1034	102	8.824e-06	{V}
UPI00017894AF	WHOLE	2	1	1034	40	2.300e-04	{M}
UPI00017894AF	WHOLE	3	1	1034	108	4.791e-04	{A}
UPI0001789738	SINGLE	1	3	349	32	3.490e-05	{Q}
UPI0001789738	SINGLE	2	24	75	12	7.869e-05	{V}
UPI0001789738	SINGLE	3	8	270	41	2.985e-04	{L}
UPI0001789738	SINGLE	4	95	142	11	7.579e-04	{A}
UPI0001789738	MULTIPLE	1	6	352	149	6.413e-10	{QVLA}
UPI0001789738	WHOLE	1	1	412	34	1.591e-04	{Q}
UPI000178974A	SINGLE	1	79	189	25	1.450e-05	{L}
UPI000178974A	SINGLE	2	151	167	6	4.457e-04	{E}
UPI000178974A	SINGLE	3	13	97	8	4.498e-04	{H}
UPI000178974A	MULTIPLE	1	91	167	29	1.747e-06	{LE}
UPI000178976F	SINGLE	1	425	474	13	1.074e-05	{V}
UPI000178976F	SINGLE	2	81	156	12	6.952e-04	{D}
UPI000178977E	SINGLE	1	69	294	40	6.838e-07	{A}
UPI000178977E	SINGLE	2	4	188	21	9.652e-06	{F}
UPI000178977E	SINGLE	3	152	437	32	9.884e-06	{I}
UPI000178977E	SINGLE	4	14	348	41	6.556e-05	{G}
UPI000178977E	SINGLE	5	95	419	18	2.255e-04	{M}
UPI000178977E	SINGLE	6	367	382	5	4.001e-04	{N}
UPI000178977E	MULTIPLE	1	4	427	187	4.467e-17	{AFIGM}
UPI000178977E	WHOLE	1	1	476	34	3.293e-04	{F}
UPI000178977E	WHOLE	2	1	476	57	4.098e-04	{A}
UPI000178977E	WHOLE	3	1	476	39	6.973e-04	{I}
UPI000178981C	SINGLE	1	12	205	34	5.180e-06	{A}
UPI000178981C	WHOLE	1	1	220	35	2.960e-05	{A}
UPI000178985C	SINGLE	1	8	170	11	7.094e-04	{H}
UPI0001789EB8	SINGLE	1	124	266	23	4.658e-05	{G}
UPI0001789EB8	SINGLE	2	343	528	19	9.583e-05	{F}
UPI0001789EB8	SINGLE	3	39	58	7	1.165e-04	{K}
UPI0001789EB8	SINGLE	4	269	339	12	3.826e-04	{D}
UPI0001789EB8	SINGLE	5	286	491	20	4.052e-04	{N}
UPI0001789EB8	SINGLE	6	26	55	8	4.252e-04	{E}
UPI0001789EB8	SINGLE	7	101	150	11	5.523e-04	{S}
UPI0001789EB8	SINGLE	8	135	341	10	8.948e-04	{W}
UPI0001789EB8	MULTIPLE	1	134	266	28	1.818e-06	{GW}
UPI0001789EB8	MULTIPLE	2	320	520	36	4.834e-06	{FN}
UPI0001789EB8	MULTIPLE	3	31	58	14	1.669e-06	{KE}
UPI0001789EBD	SINGLE	1	6	31	10	1.262e-05	{A}
UPI0001789EBD	SINGLE	2	36	69	10	3.474e-05	{V}
UPI0001789EBD	SINGLE	3	27	242	21	7.658e-04	{P}
UPI0001789F18	SINGLE	1	27	113	12	1.137e-04	{F}
UPI0001789F18	SINGLE	2	4	19	5	7.294e-04	{I}
UPI0001789F18	WHOLE	1	1	114	13	3.850e-04	{F}
UPI000178A24C	SINGLE	1	504	523	9	1.955e-06	{G}
UPI000178A24C	SINGLE	2	4	149	20	1.197e-05	{P}
UPI000178A24C	SINGLE	3	349	425	18	1.657e-05	{A}
UPI000178A24C	SINGLE	4	123	478	15	2.512e-04	{W}
UPI000178A24C	SINGLE	5	220	261	8	3.238e-04	{Q}
UPI000178A24C	SINGLE	6	424	564	19	7.279e-04	{T}
UPI000178A24C	MULTIPLE	1	220	564	65	7.311e-05	{WQT}
UPI000178A267	SINGLE	1	1	15	6	4.406e-07	{M}
UPI000178A267	SINGLE	2	51	297	29	8.458e-07	{N}
UPI000178A267	SINGLE	3	55	319	38	2.392e-05	{S}
UPI000178A267	SINGLE	4	41	336	34	2.271e-04	{T}
UPI000178A267	MULTIPLE	1	41	330	102	6.090e-13	{NST}
UPI000178A267	WHOLE	1	1	344	32	2.732e-05	{N}
UPI000178A267	WHOLE	2	1	344	42	2.971e-04	{S}
UPI000178A5F3	SINGLE	1	101	292	23	7.904e-06	{Q}
UPI000178A5F3	SINGLE	2	270	342	17	1.924e-04	{L}
UPI000178A5F3	SINGLE	3	46	98	12	5.061e-04	{A}
UPI000178A5F3	SINGLE	4	43	78	5	9.373e-04	{H}
UPI000178A5F3	MULTIPLE	1	43	98	17	1.651e-05	{AH}
UPI000178A656	SINGLE	1	102	235	24	7.389e-05	{A}
UPI000178A656	WHOLE	1	1	479	56	7.469e-04	{A}
UPI000178A8C7	SINGLE	1	139	304	37	2.352e-07	{L}
UPI000178A8C7	SINGLE	2	82	383	33	1.177e-05	{I}
UPI000178A8C7	SINGLE	3	112	149	12	1.748e-05	{A}
UPI000178A8C7	SINGLE	4	224	376	25	2.212e-04	{A}
UPI000178A8C7	SINGLE	5	255	269	6	2.293e-04	{G}
UPI000178A8C7	SINGLE	6	45	71	5	2.447e-04	{M}
UPI000178A8C7	SINGLE	7	6	111	17	3.195e-04	{V}
UPI000178A8C7	MULTIPLE	1	10	383	209	1.127e-16	{LIAGV}
UPI000178A8C7	WHOLE	1	1	396	60	4.364e-05	{L}
UPI000178A8C7	WHOLE	2	1	396	37	9.446e-05	{I}
UPI000178A8C7	WHOLE	3	1	396	49	4.727e-04	{A}
UPI000178A916	SINGLE	1	189	382	43	3.224e-10	{A}
UPI000178A916	SINGLE	2	23	47	5	1.683e-04	{M}
UPI000178A916	SINGLE	3	133	265	10	5.438e-04	{M}
UPI000178A916	MULTIPLE	1	127	383	61	9.932e-11	{AM}
UPI000178A916	WHOLE	1	1	383	61	6.478e-08	{A}
UPI000178A9F8	SINGLE	1	74	109	9	3.141e-04	{V}
UPI000178AADC	SINGLE	1	85	145	12	3.015e-05	{I}
UPI000178AADC	SINGLE	2	59	98	8	9.174e-05	{Y}
UPI000178AADC	SINGLE	3	21	154	15	4.751e-04	{N}
UPI000178AADC	MULTIPLE	1	33	145	36	1.174e-07	{IYN}
UPI000178AADE	SINGLE	1	45	85	9	1.195e-04	{I}
UPI000178AADE	SINGLE	2	7	50	8	4.321e-04	{N}
UPI000178AADE	MULTIPLE	1	16	85	20	2.612e-06	{IN}
UPI00017A913B	SINGLE	1	52	215	30	1.234e-04	{L}
UPI00017A913B	SINGLE	2	142	159	6	1.244e-04	{R}
UPI00017A913B	SINGLE	3	42	200	22	3.937e-04	{V}
UPI00017A913B	SINGLE	4	99	180	12	4.964e-04	{I}
UPI00017A913B	MULTIPLE	1	56	200	68	1.220e-08	{LRVI}
UPI00017A91E3	SINGLE	1	16	129	15	8.739e-05	{N}
UPI00017A91E3	SINGLE	2	20	38	5	5.171e-04	{Y}
UPI00017A91E3	MULTIPLE	1	16	129	25	2.662e-06	{NY}
UPI00017A91E3	WHOLE	1	1	136	15	5.502e-04	{N}
UPI00017A9461	SINGLE	1	173	201	9	2.189e-04	{A}
UPI00017A9461	SINGLE	2	17	225	24	3.801e-04	{D}
UPI00017A9461	SINGLE	3	95	118	4	3.879e-04	{W}
UPI00017A9461	SINGLE	4	232	259	9	5.211e-04	{L}
UPI00017A9461	SINGLE	5	163	194	7	6.733e-04	{I}
UPI00017A9461	MULTIPLE	1	171	196	14	5.748e-07	{AI}
UPI00017A9461	MULTIPLE	2	17	225	30	9.831e-05	{DW}
UPI00017A94DE	SINGLE	1	70	141	10	7.986e-04	{Q}
UPI00017A95AA	SINGLE	1	101	208	18	1.385e-04	{V}
UPI00017A95AA	SINGLE	2	1	78	8	2.559e-04	{M}
UPI00017A95AA	SINGLE	3	124	283	22	5.548e-04	{G}
UPI00017A95AA	MULTIPLE	1	115	276	41	1.265e-05	{VG}
UPI00017A9674	SINGLE	1	113	616	79	1.147e-06	{L}
UPI00017A9674	SINGLE	2	199	451	26	3.042e-05	{Q}
UPI00017A9674	SINGLE	3	219	618	21	1.522e-04	{M}
UPI00017A9674	SINGLE	4	15	29	6	2.045e-04	{V}
UPI00017A9674	SINGLE	5	162	653	40	7.046e-04	{I}
UPI00017A9674	SINGLE	6	102	135	7	7.165e-04	{P}
UPI00017A9674	MULTIPLE	1	134	619	171	4.601e-14	{LQMI}
UPI00017A9674	WHOLE	1	1	662	94	7.813e-06	{L}
UPI00017A9674	WHOLE	2	1	662	50	8.548e-04	{I}
UPI00017A9674	WHOLE	3	1	662	27	8.972e-04	{M}
UPI00017A9932	SINGLE	1	10	275	35	1.043e-07	{I}
UPI00017A9932	SINGLE	2	123	140	7	1.415e-04	{S}
UPI00017A9932	SINGLE	3	247	269	6	3.060e-04	{N}
UPI00017A9932	SINGLE	4	187	224	9	3.371e-04	{K}
UPI00017A9932	MULTIPLE	1	5	275	61	3.751e-08	{IK}
UPI00017A9932	WHOLE	1	1	298	36	5.425e-07	{I}
UPI00017A9934	SINGLE	1	3	123	19	1.104e-04	{K}
UPI00017A9934	SINGLE	2	326	382	13	2.850e-04	{A}
UPI00017A9934	SINGLE	3	211	225	5	4.135e-04	{P}
UPI00017A9934	SINGLE	4	246	272	4	6.125e-04	{W}
UPI00017A9934	SINGLE	5	137	261	15	6.571e-04	{R}
UPI00017A9934	SINGLE	6	271	344	7	9.628e-04	{M}
UPI00017A9934	MULTIPLE	1	137	261	25	1.569e-04	{PR}
UPI00017A9934	MULTIPLE	2	246	344	12	2.133e-04	{WM}
UPI00017A99B2	SINGLE	1	12	63	7	1.110e-05	{W}
UPI00017A99B2	SINGLE	2	110	172	13	1.324e-04	{V}
UPI00017A99B2	SINGLE	3	103	347	28	1.538e-04	{D}
UPI00017A99B2	SINGLE	4	310	353	8	2.304e-04	{F}
UPI00017A99B2	SINGLE	5	223	240	4	5.076e-04	{H}
UPI00017A99B2	MULTIPLE	1	100	353	54	4.804e-06	{DFH}
UPI00017A9AE5	SINGLE	1	14	30	7	1.565e-04	{A}
UPI00017A9AE5	SINGLE	2	382	396	4	2.419e-04	{H}
UPI00017A9AE5	SINGLE	3	19	164	17	5.860e-04	{I}
UPI00017A9AE5	SINGLE	4	169	196	4	9.111e-04	{C}
UPI00017A9AE5	MULTIPLE	1	14	196	48	1.051e-05	{AIC}
UPI00017A9B20	SINGLE	1	7	22	5	6.419e-04	{R}
UPI00017B8E2D	SINGLE	1	44	60	6	4.457e-04	{E}
UPI00017B8E2D	SINGLE	2	117	131	6	5.574e-04	{A}
UPI0001825CE7	SINGLE	1	9	434	59	8.217e-06	{A}
UPI0001825CE7	SINGLE	2	132	359	32	2.098e-05	{V}
UPI0001825CE7	MULTIPLE	1	5	434	105	1.072e-08	{AV}
UPI0001825CE7	WHOLE	1	1	475	60	8.667e-05	{A}
UPI0001825D00	SINGLE	1	44	75	7	3.177e-04	{Q}
UPI0001825D56	SINGLE	1	4	64	15	1.703e-07	{I}
UPI0001825D56	SINGLE	2	81	102	4	3.587e-04	{C}
UPI0001825D56	WHOLE	1	1	107	19	9.286e-07	{I}
UPI0001825D8F	SINGLE	1	253	406	27	1.025e-05	{S}
UPI0001825D8F	SINGLE	2	43	373	31	3.153e-05	{N}
UPI0001825D8F	SINGLE	3	8	506	53	5.325e-05	{T}
UPI0001825D8F	SINGLE	4	329	356	7	7.159e-05	{F}
UPI0001825D8F	SINGLE	5	472	524	10	4.704e-04	{D}
UPI0001825D8F	SINGLE	6	373	387	5	5.275e-04	{I}
UPI0001825D8F	MULTIPLE	1	88	420	121	3.409e-10	{SNTF}
UPI0001825D8F	WHOLE	1	1	547	55	1.485e-04	{T}
UPI0001825DE3	SINGLE	1	47	453	51	3.515e-06	{E}
UPI0001825DE3	SINGLE	2	458	478	6	3.649e-04	{I}
UPI0001825DE3	SINGLE	3	5	19	5	5.275e-04	{I}
UPI0001825DE3	SINGLE	4	24	430	56	6.643e-04	{L}
UPI0001825DE3	SINGLE	5	93	366	12	6.867e-04	{W}
UPI0001825DE3	MULTIPLE	1	24	453	120	1.093e-08	{ELW}
UPI0001825DE3	WHOLE	1	1	483	54	4.029e-05	{E}
UPI0001825DF1	SINGLE	1	103	197	18	2.589e-04	{A}
UPI0001825DF1	SINGLE	2	74	130	14	3.775e-04	{L}
UPI0001825DF1	SINGLE	3	159	196	9	5.519e-04	{G}
UPI0001825DF1	MULTIPLE	1	72	201	53	6.579e-06	{ALG}
UPI0001825E0D	SINGLE	1	40	439	62	1.334e-07	{A}
UPI0001825E0D	SINGLE	2	70	151	18	4.444e-06	{G}
UPI0001825E0D	SINGLE	3	451	465	6	2.215e-05	{Q}
UPI0001825E0D	SINGLE	4	465	479	5	4.135e-04	{P}
UPI0001825E0D	SINGLE	5	9	28	6	5.140e-04	{D}
UPI0001825E0D	SINGLE	6	340	356	5	5.425e-04	{N}
UPI0001825E0D	MULTIPLE	1	40	443	120	3.620e-08	{AGN}
UPI0001825E0D	MULTIPLE	2	451	479	11	1.988e-05	{QP}
UPI0001825E0D	WHOLE	1	1	481	65	6.901e-06	{A}
UPI0001825E64	SINGLE	1	143	157	6	2.293e-04	{G}
UPI0001825EC4	SINGLE	1	188	248	13	4.350e-06	{R}
UPI0001825EC4	SINGLE	2	133	185	10	1.230e-04	{P}
UPI0001825EC4	SINGLE	3	109	127	7	1.246e-04	{G}
UPI0001825EC4	SINGLE	4	7	28	6	2.422e-04	{Q}
UPI0001825F07	SINGLE	1	10	417	54	3.653e-07	{V}
UPI0001825F07	SINGLE	2	15	282	47	7.609e-06	{L}
UPI0001825F07	SINGLE	3	303	403	19	1.979e-04	{A}
UPI0001825F07	SINGLE	4	377	392	6	3.425e-04	{G}
UPI0001825F07	MULTIPLE	1	10	414	197	2.969e-15	{VLAG}
UPI0001825F07	WHOLE	1	1	463	55	6.884e-06	{V}
UPI0001825F07	WHOLE	2	1	463	68	3.981e-05	{L}
UPI0001825F19	SINGLE	1	2	16	6	8.836e-05	{D}
UPI0001825F19	SINGLE	2	164	266	9	3.520e-04	{M}
UPI0001825F19	SINGLE	3	108	140	9	6.083e-04	{A}
UPI0001825F21	SINGLE	1	43	133	17	6.622e-05	{G}
UPI0001825F21	SINGLE	2	25	111	14	6.279e-04	{T}
UPI0001825F21	MULTIPLE	1	31	127	30	1.773e-06	{GT}
UPI0001825FAC	SINGLE	1	99	258	24	3.583e-05	{T}
UPI0001825FAC	SINGLE	2	2	246	33	2.215e-04	{S}
UPI0001825FAC	SINGLE	3	248	269	7	3.023e-04	{V}
UPI0001825FAC	SINGLE	4	43	71	8	3.301e-04	{V}
UPI0001825FAC	MULTIPLE	1	2	273	91	5.651e-08	{TSV}
UPI0001825FAC	WHOLE	1	1	290	36	5.266e-04	{S}
UPI0001825FBF	SINGLE	1	94	129	10	4.511e-06	{R}
UPI0001825FBF	SINGLE	2	349	559	26	1.204e-05	{I}
UPI0001825FBF	SINGLE	3	160	222	13	3.532e-04	{S}
UPI000182600B	SINGLE	1	3	153	21	8.560e-06	{R}
UPI000182600B	SINGLE	2	108	139	6	5.484e-05	{M}
UPI000182600B	SINGLE	3	214	238	7	6.967e-04	{V}
UPI000182600B	MULTIPLE	1	1	154	31	5.914e-08	{RM}
UPI000182600B	WHOLE	1	1	294	16	5.579e-04	{M}
UPI000182600B	WHOLE	2	1	294	27	5.640e-04	{R}
UPI000182601C	SINGLE	1	12	52	14	8.097e-06	{L}
UPI000182601C	SINGLE	2	21	148	17	1.349e-04	{I}
UPI000182601C	MULTIPLE	1	8	148	43	3.130e-07	{LI}
UPI000182601C	WHOLE	1	1	157	18	5.000e-04	{I}
UPI0001826029	SINGLE	1	10	26	7	5.515e-05	{G}
UPI0001826029	SINGLE	2	54	177	17	6.647e-05	{R}
UPI0001826029	SINGLE	3	395	419	7	1.149e-04	{R}
UPI0001826029	SINGLE	4	16	44	9	2.189e-04	{A}
UPI0001826029	SINGLE	5	481	495	5	2.936e-04	{Q}
UPI0001826029	SINGLE	6	307	340	8	3.747e-04	{D}
UPI0001826029	SINGLE	7	226	289	10	8.378e-04	{I}
UPI0001826029	MULTIPLE	1	10	40	15	6.293e-06	{GA}
UPI0001826036	SINGLE	1	25	266	30	2.552e-06	{I}
UPI0001826036	SINGLE	2	31	64	7	6.942e-06	{M}
UPI0001826036	SINGLE	3	220	265	12	2.724e-05	{G}
UPI0001826036	SINGLE	4	59	273	33	9.235e-05	{A}
UPI0001826036	MULTIPLE	1	23	273	111	6.815e-16	{IMGA}
UPI0001826036	WHOLE	1	1	308	32	3.980e-05	{I}
UPI0001826036	WHOLE	2	1	308	19	4.123e-05	{M}
UPI000182603A	SINGLE	1	582	952	36	4.345e-06	{Q}
UPI000182603A	SINGLE	2	54	74	7	2.204e-04	{V}
UPI000182603A	SINGLE	3	556	607	9	2.840e-04	{N}
UPI000182603A	SINGLE	4	120	192	15	3.315e-04	{A}
UPI000182603A	SINGLE	5	385	438	10	5.452e-04	{D}
UPI000182603A	SINGLE	6	644	663	4	7.691e-04	{M}
UPI000182603A	MULTIPLE	1	582	957	51	3.906e-07	{QM}
UPI000182603A	WHOLE	1	1	962	100	7.892e-04	{A}
UPI0001826046	SINGLE	1	10	24	6	5.574e-04	{A}
UPI000182604C	SINGLE	1	153	167	6	3.585e-04	{S}
UPI000182604C	SINGLE	2	314	338	4	4.549e-04	{W}
UPI000182604E	SINGLE	1	240	274	10	2.092e-04	{A}
UPI000182604E	SINGLE	2	156	190	9	2.937e-04	{G}
UPI0001826066	SINGLE	1	48	70	8	3.015e-06	{N}
UPI0001826066	SINGLE	2	58	147	15	2.550e-05	{I}
UPI0001826066	MULTIPLE	1	48	139	26	1.208e-07	{NI}
UPI00018260AE	SINGLE	1	162	203	8	1.304e-04	{Y}
UPI00018260AE	SINGLE	2	88	104	6	1.949e-04	{D}
UPI00018260AE	SINGLE	3	9	31	8	2.057e-04	{A}
UPI00018260AE	SINGLE	4	174	188	6	3.585e-04	{S}
UPI00018260AE	MULTIPLE	1	162	198	15	2.946e-06	{YS}
UPI00018260BA	SINGLE	1	156	542	39	7.329e-06	{R}
UPI00018260BA	SINGLE	2	13	589	80	6.557e-05	{L}
UPI00018260BA	SINGLE	3	4	22	6	6.706e-04	{T}
UPI00018260BA	SINGLE	4	259	450	12	8.037e-04	{M}
UPI00018260BA	MULTIPLE	1	13	589	147	3.421e-09	{RLM}
UPI00018260BA	WHOLE	1	1	646	53	5.965e-05	{R}
UPI00018260BA	WHOLE	2	1	646	83	4.578e-04	{L}
UPI000182615C	SINGLE	1	2	53	15	3.609e-05	{L}
UPI000182615C	SINGLE	2	1	44	6	3.279e-04	{M}
UPI000182615C	MULTIPLE	1	1	53	21	1.006e-07	{LM}
UPI0001826189	SINGLE	1	402	423	9	4.247e-06	{V}
UPI0001826189	SINGLE	2	298	318	6	8.753e-05	{Y}
UPI0001826189	SINGLE	3	27	267	25	1.112e-04	{P}
UPI00018261AD	SINGLE	1	32	61	10	5.696e-07	{P}
UPI00018261AD	SINGLE	2	9	274	40	3.174e-05	{A}
UPI00018261AD	SINGLE	3	193	225	8	8.245e-04	{E}
UPI00018261AD	MULTIPLE	1	9	274	66	2.307e-06	{AE}
UPI00018261AD	WHOLE	1	1	346	44	4.967e-04	{A}
UPI000187B9B1	SINGLE	1	46	97	12	4.227e-06	{R}
UPI000187B9B1	SINGLE	2	194	211	5	3.167e-05	{H}
UPI000187B9B1	SINGLE	3	202	223	7	4.726e-05	{R}
UPI000187B9B1	SINGLE	4	55	69	5	2.936e-04	{Q}
UPI000187B9B1	MULTIPLE	1	52	97	16	1.289e-06	{RQ}
UPI000187B9B1	MULTIPLE	2	194	223	12	3.098e-07	{HR}
UPI000187B9B1	WHOLE	1	1	238	25	1.331e-04	{R}
UPI000187BC22	SINGLE	1	26	78	12	2.449e-04	{S}
UPI000187BC22	SINGLE	2	13	36	8	2.843e-04	{A}
UPI000187BC22	MULTIPLE	1	13	78	26	1.003e-06	{SA}
UPI000187BC22	WHOLE	1	1	83	15	5.548e-04	{S}
UPI000187BF3E	SINGLE	1	278	359	14	5.471e-04	{E}
UPI000188602A	SINGLE	1	35	59	6	2.187e-06	{C}
UPI000188602A	WHOLE	1	1	73	6	9.686e-04	{C}
UPI000188603A	SINGLE	1	63	77	6	3.376e-05	{P}
UPI000188603A	SINGLE	2	53	102	13	3.377e-04	{L}
UPI000188603A	SINGLE	3	27	119	8	7.970e-04	{M}
UPI000188603A	MULTIPLE	1	53	105	25	9.240e-08	{PLM}
UPI000188605B	SINGLE	1	157	174	4	5.076e-04	{H}
UPI000188605B	SINGLE	2	62	95	7	7.165e-04	{P}
UPI000188605D	SINGLE	1	358	377	8	1.937e-06	{R}
UPI000188605D	SINGLE	2	177	419	43	1.390e-05	{L}
UPI000188605D	SINGLE	3	60	119	10	3.404e-04	{P}
UPI000188605D	SINGLE	4	5	69	10	3.634e-04	{Q}
UPI000188605D	MULTIPLE	1	5	129	26	2.850e-05	{PQ}
UPI000188607A	SINGLE	1	62	102	9	9.667e-05	{R}
UPI000188607A	SINGLE	2	132	146	6	2.293e-04	{G}
UPI000188607A	SINGLE	3	100	121	7	9.125e-04	{A}
UPI000188607A	MULTIPLE	1	62	121	19	6.811e-05	{RA}
UPI0001886095	SINGLE	1	7	291	40	1.318e-04	{A}
UPI0001886095	SINGLE	2	96	130	8	1.464e-04	{P}
UPI0001886095	SINGLE	3	176	195	7	1.789e-04	{G}
UPI0001886095	MULTIPLE	1	7	292	87	1.542e-06	{APG}
UPI0001886095	WHOLE	1	1	297	40	2.914e-04	{A}
UPI000188609A	SINGLE	1	34	74	8	6.286e-04	{I}
UPI00018860EA	SINGLE	1	3	152	26	4.350e-06	{G}
UPI00018860EA	SINGLE	2	39	125	13	2.668e-05	{F}
UPI00018860EA	SINGLE	3	18	131	8	2.722e-04	{W}
UPI00018860EA	SINGLE	4	66	80	6	5.574e-04	{A}
UPI00018860EA	MULTIPLE	1	8	152	47	6.864e-11	{GFW}
UPI00018860EA	WHOLE	1	1	165	27	8.443e-06	{G}
UPI0001886147	SINGLE	1	68	82	7	1.824e-05	{V}
UPI0001886147	SINGLE	2	11	36	9	8.726e-05	{A}
UPI0001886147	SINGLE	3	91	105	5	4.135e-04	{P}
UPI0001886148	SINGLE	1	34	64	11	1.288e-07	{I}
UPI0001886148	SINGLE	2	1	15	5	1.186e-05	{M}
UPI0001886148	SINGLE	3	18	33	7	2.677e-04	{L}
UPI0001886148	SINGLE	4	13	28	6	8.219e-04	{A}
UPI0001886148	MULTIPLE	1	7	22	9	5.562e-06	{MA}
UPI0001886148	WHOLE	1	1	89	13	3.069e-04	{I}
UPI000188614C	SINGLE	1	44	168	14	5.814e-07	{H}
UPI000188614C	SINGLE	2	246	267	7	1.188e-04	{D}
UPI000188614C	SINGLE	3	276	472	22	1.365e-04	{R}
UPI000188614C	SINGLE	4	94	108	6	2.293e-04	{G}
UPI000188614C	SINGLE	5	322	368	8	2.867e-04	{Y}
UPI000188614C	SINGLE	6	370	391	6	8.827e-04	{D}
UPI00018861CB	SINGLE	1	18	189	34	3.407e-07	{A}
UPI00018861CB	SINGLE	2	27	252	27	1.515e-06	{Q}
UPI00018861CB	SINGLE	3	202	391	27	6.722e-05	{V}
UPI00018861CB	MULTIPLE	1	10	396	129	2.625e-12	{AQV}
UPI00018861CB	WHOLE	1	1	415	54	8.662e-05	{A}
UPI00018861CB	WHOLE	2	1	415	35	8.885e-05	{Q}
UPI00018861CB	WHOLE	3	1	415	43	7.973e-04	{V}
UPI00018861D5	SINGLE	1	162	176	5	2.875e-04	{N}
UPI00018861D5	SINGLE	2	2	298	35	3.751e-04	{G}
UPI00018861D5	MULTIPLE	1	20	291	52	2.424e-05	{NG}
UPI00018861D5	WHOLE	1	1	304	35	5.515e-04	{G}
UPI00018861D6	SINGLE	1	12	103	16	1.162e-04	{T}
UPI00018861D6	WHOLE	1	1	167	22	4.190e-04	{T}
UPI0001886243	SINGLE	1	8	22	6	5.574e-04	{A}
UPI000188629C	SINGLE	1	72	109	9	1.576e-04	{D}
UPI000188629C	SINGLE	2	216	231	4	3.155e-04	{M}
UPI000188629D	SINGLE	1	138	363	43	2.304e-06	{L}
UPI000188629D	SINGLE	2	340	425	19	2.256e-05	{A}
UPI000188629D	SINGLE	3	428	442	6	1.598e-04	{T}
UPI000188629D	SINGLE	4	521	715	21	4.237e-04	{I}
UPI000188629D	SINGLE	5	381	420	8	4.430e-04	{R}
UPI000188629D	MULTIPLE	1	347	420	26	4.389e-07	{AR}
UPI000188629E	SINGLE	1	26	473	44	3.329e-07	{Q}
UPI000188629E	SINGLE	2	59	475	41	7.870e-06	{R}
UPI000188629E	SINGLE	3	33	232	28	6.685e-05	{E}
UPI000188629E	SINGLE	4	293	358	16	1.808e-04	{L}
UPI000188629E	SINGLE	5	9	48	10	6.421e-04	{A}
UPI000188629E	MULTIPLE	1	26	475	131	2.161e-13	{QRE}
UPI000188629E	WHOLE	1	1	475	44	1.514e-06	{Q}
UPI000188629E	WHOLE	2	1	475	42	6.441e-05	{R}
UPI00018862AC	SINGLE	1	35	175	16	9.818e-05	{F}
UPI00018862AC	SINGLE	2	58	458	31	7.168e-04	{N}
UPI00018862AC	MULTIPLE	1	35	474	59	6.878e-05	{FN}
UPI00018862E1	SINGLE	1	140	175	8	5.411e-05	{F}
UPI00018862E1	SINGLE	2	189	209	6	8.753e-05	{Y}
UPI00018862E1	SINGLE	3	3	325	28	2.349e-04	{N}
UPI00018862E1	SINGLE	4	107	261	11	4.780e-04	{H}
UPI00018862E1	SINGLE	5	287	326	9	4.976e-04	{K}
UPI00018862E1	SINGLE	6	298	322	6	8.417e-04	{R}
UPI00018862E1	SINGLE	7	85	99	5	9.005e-04	{D}
UPI00018862E1	MULTIPLE	1	33	285	52	5.461e-07	{YNH}
UPI00018862E1	MULTIPLE	2	287	327	16	2.483e-06	{KR}
UPI00018862E1	WHOLE	1	1	327	28	2.821e-04	{N}
UPI00018862E2	SINGLE	1	34	340	26	1.308e-04	{F}
UPI00018862E2	SINGLE	2	305	338	9	1.400e-04	{K}
UPI00018862E2	SINGLE	3	234	335	12	3.505e-04	{Y}
UPI00018862E2	SINGLE	4	233	259	7	4.646e-04	{D}
UPI00018862E2	MULTIPLE	1	55	340	98	1.426e-09	{FKYD}
UPI00018862E2	WHOLE	1	1	341	26	5.776e-04	{F}
UPI00018862F9	SINGLE	1	4	305	49	3.692e-05	{L}
UPI00018862F9	SINGLE	2	230	270	10	1.856e-04	{V}
UPI00018862F9	SINGLE	3	25	44	6	2.355e-04	{R}
UPI00018862F9	SINGLE	4	104	122	5	6.080e-04	{F}
UPI00018862F9	SINGLE	5	70	87	6	6.200e-04	{V}
UPI00018862F9	MULTIPLE	1	3	305	100	1.366e-08	{LVF}
UPI00018862F9	WHOLE	1	1	307	49	5.478e-05	{L}
UPI000188631E	SINGLE	1	95	195	9	3.053e-04	{M}
UPI0001886321	SINGLE	1	49	222	32	3.467e-06	{A}
UPI0001886321	SINGLE	2	397	412	7	3.033e-05	{V}
UPI0001886321	SINGLE	3	134	168	7	3.075e-04	{F}
UPI0001886321	SINGLE	4	286	387	20	5.737e-04	{L}
UPI0001886321	SINGLE	5	467	496	6	8.147e-04	{F}
UPI0001886321	WHOLE	1	1	599	70	2.276e-04	{A}
UPI0001886324	SINGLE	1	137	151	5	5.275e-04	{I}
UPI0001886324	SINGLE	2	29	43	6	5.574e-04	{A}
UPI0001886326	SINGLE	1	359	415	10	1.204e-04	{N}
UPI0001886326	SINGLE	2	164	476	18	1.462e-04	{M}
UPI0001886326	SINGLE	3	38	52	5	9.005e-04	{D}
UPI0001886326	WHOLE	1	1	492	22	8.246e-04	{M}
UPI000188634A	SINGLE	1	91	136	12	5.376e-04	{L}
UPI000188634B	SINGLE	1	221	265	12	1.048e-04	{A}
UPI000188634B	SINGLE	2	37	55	6	9.446e-04	{G}
UPI000188634B	WHOLE	1	1	268	37	2.946e-04	{A}
UPI000188634D	SINGLE	1	286	347	12	3.555e-05	{I}
UPI000188634D	SINGLE	2	15	83	8	1.112e-04	{H}
UPI000188634D	SINGLE	3	249	327	12	2.789e-04	{R}
UPI000188634D	MULTIPLE	1	249	347	26	1.419e-06	{IR}
UPI000188634D	WHOLE	1	1	443	37	6.734e-04	{I}
UPI0001886361	SINGLE	1	5	76	12	4.716e-08	{H}
UPI0001886361	SINGLE	2	321	459	20	1.835e-06	{N}
UPI0001886361	SINGLE	3	90	156	11	3.167e-04	{I}
UPI0001886361	SINGLE	4	4	199	18	4.793e-04	{F}
UPI0001886361	SINGLE	5	466	483	6	4.810e-04	{K}
UPI0001886361	SINGLE	6	41	55	5	9.005e-04	{D}
UPI0001886361	MULTIPLE	1	4	199	55	3.259e-07	{IFD}
UPI0001886361	WHOLE	1	1	529	29	5.279e-06	{H}
UPI0001886361	WHOLE	2	1	529	44	1.789e-05	{N}
UPI0001886625	SINGLE	1	54	264	35	1.255e-10	{R}
UPI0001886625	SINGLE	2	182	201	6	3.056e-06	{H}
UPI0001886625	SINGLE	3	124	139	7	2.677e-04	{L}
UPI0001886625	MULTIPLE	1	50	264	47	1.629e-12	{RH}
UPI0001886625	WHOLE	1	1	383	46	9.438e-09	{R}
UPI000188746D	SINGLE	1	27	53	8	1.973e-04	{E}
UPI000188746D	SINGLE	2	12	117	13	4.878e-04	{Q}
UPI000188746D	MULTIPLE	1	12	109	24	6.435e-05	{EQ}
UPI0001887880	SINGLE	1	7	329	46	3.445e-05	{A}
UPI0001887880	WHOLE	1	1	367	49	9.395e-05	{A}
UPI0001887957	SINGLE	1	22	235	31	6.255e-08	{I}
UPI0001887957	SINGLE	2	147	168	6	2.422e-04	{Q}
UPI0001887957	SINGLE	3	11	71	14	7.507e-04	{L}
UPI0001887957	WHOLE	1	1	259	32	1.333e-06	{I}
UPI0001887967	SINGLE	1	230	248	8	4.395e-05	{A}
UPI0001887967	SINGLE	2	139	153	5	4.635e-04	{R}
UPI0001887967	SINGLE	3	345	570	23	5.091e-04	{I}
UPI0001887967	SINGLE	4	393	447	11	6.364e-04	{G}
UPI0001887967	SINGLE	5	278	353	13	8.068e-04	{V}
UPI0001887967	MULTIPLE	1	362	562	41	1.116e-04	{IG}
UPI00018879A4	SINGLE	1	1	189	13	2.147e-04	{M}
UPI00018879A4	SINGLE	2	177	223	6	4.669e-04	{H}
UPI00018879A4	SINGLE	3	259	310	10	8.819e-04	{K}
UPI00018879A4	MULTIPLE	1	1	223	25	1.159e-05	{MH}
UPI00018879CD	SINGLE	1	9	87	13	2.675e-05	{Q}
UPI00018879CD	SINGLE	2	53	290	37	2.986e-05	{A}
UPI00018879CD	MULTIPLE	1	22	283	60	5.322e-07	{QA}
UPI00018879CD	WHOLE	1	1	386	49	2.813e-04	{A}
UPI00018879D1	SINGLE	1	64	85	6	3.601e-04	{P}
UPI00018879D1	SINGLE	2	113	136	7	5.364e-04	{V}
UPI0001887A77	SINGLE	1	6	75	11	3.637e-04	{R}
UPI0001887A77	WHOLE	1	1	77	11	7.974e-04	{R}
UPI0001887AF0	SINGLE	1	26	368	37	5.116e-06	{I}
UPI0001887AF0	SINGLE	2	305	393	20	9.600e-05	{L}
UPI0001887AF0	SINGLE	3	248	262	5	1.557e-04	{Y}
UPI0001887AF0	SINGLE	4	114	213	13	2.842e-04	{Q}
UPI0001887AF0	SINGLE	5	261	276	4	3.155e-04	{M}
UPI0001887AF0	SINGLE	6	5	19	5	4.635e-04	{R}
UPI0001887AF0	SINGLE	7	277	341	12	6.419e-04	{V}
UPI0001887AF0	MULTIPLE	1	22	368	84	4.230e-08	{IMV}
UPI0001887AF0	WHOLE	1	1	414	39	5.479e-05	{I}
UPI0001887C12	SINGLE	1	396	429	13	1.051e-07	{G}
UPI0001887C12	SINGLE	2	99	128	8	5.509e-05	{R}
UPI0001887C12	SINGLE	3	449	510	11	1.613e-04	{I}
UPI0001887C12	SINGLE	4	37	74	10	4.217e-04	{A}
UPI0001887C12	SINGLE	5	740	756	6	4.421e-04	{V}
UPI0001887C12	SINGLE	6	109	615	18	4.709e-04	{W}
UPI0001887C12	SINGLE	7	558	635	10	6.976e-04	{F}
UPI0001887C12	SINGLE	8	669	702	5	7.231e-04	{H}
UPI0001887C12	SINGLE	9	425	447	7	7.500e-04	{S}
UPI0001887C12	MULTIPLE	1	225	523	36	1.239e-04	{IW}
UPI0001887C31	SINGLE	1	84	311	38	5.135e-06	{A}
UPI0001887C31	SINGLE	2	69	321	39	4.881e-04	{L}
UPI0001887C31	MULTIPLE	1	78	312	73	5.508e-08	{AL}
UPI0001887C31	WHOLE	1	1	321	43	2.076e-04	{A}
UPI0001887C3B	SINGLE	1	24	66	11	1.339e-06	{N}
UPI0001887C3B	SINGLE	2	68	90	7	1.809e-05	{F}
UPI0001887C3C	SINGLE	1	38	102	13	1.204e-05	{I}
UPI0001887C3C	SINGLE	2	6	251	41	7.807e-05	{L}
UPI0001887C3C	SINGLE	3	20	245	21	1.572e-04	{F}
UPI0001887C3C	SINGLE	4	130	176	8	6.717e-04	{N}
UPI0001887C3C	MULTIPLE	1	5	253	87	9.865e-11	{ILF}
UPI0001887C3C	WHOLE	1	1	255	41	1.630e-04	{L}
UPI0001887C3C	WHOLE	2	1	255	25	5.195e-04	{I}
UPI0001887C3C	WHOLE	3	1	255	21	6.984e-04	{F}
UPI0001887C3F	SINGLE	1	187	233	14	7.655e-06	{A}
UPI0001887C3F	SINGLE	2	59	133	8	1.967e-04	{H}
UPI0001887C64	SINGLE	1	209	223	4	2.419e-04	{H}
UPI0001887C64	SINGLE	2	7	21	5	2.936e-04	{Q}
UPI0001887C64	SINGLE	3	345	362	4	5.076e-04	{H}
UPI0001887C64	SINGLE	4	398	412	5	5.275e-04	{I}
UPI0001887C8F	SINGLE	1	13	226	39	1.683e-05	{L}
UPI0001887C8F	SINGLE	2	103	167	12	5.695e-05	{I}
UPI0001887C8F	MULTIPLE	1	13	226	60	5.545e-08	{LI}
UPI0001887C8F	WHOLE	1	1	235	39	1.213e-04	{L}
UPI0001887C8F	WHOLE	2	1	235	23	8.321e-04	{I}
UPI0001887CD9	SINGLE	1	1	15	5	5.275e-04	{I}
UPI0001887D43	SINGLE	1	21	423	62	2.204e-05	{L}
UPI0001887D43	SINGLE	2	352	410	6	2.225e-04	{W}
UPI0001887D43	SINGLE	3	397	411	4	2.419e-04	{H}
UPI0001887D43	SINGLE	4	111	200	15	4.625e-04	{E}
UPI0001887D43	SINGLE	5	1	15	5	5.275e-04	{I}
UPI0001887D43	MULTIPLE	1	28	423	86	3.637e-07	{LWH}
UPI0001887D43	WHOLE	1	1	423	62	8.240e-05	{L}
UPI0001887D44	SINGLE	1	50	64	4	7.491e-05	{C}
UPI0001887D79	SINGLE	1	4	38	7	1.149e-06	{C}
UPI0001887D7A	SINGLE	1	105	198	14	3.914e-05	{N}
UPI0001887D7A	SINGLE	2	75	165	14	1.091e-04	{I}
UPI0001887D7A	SINGLE	3	90	156	7	5.422e-04	{H}
UPI0001887D7A	MULTIPLE	1	103	165	25	6.738e-09	{NIH}
UPI0001887D7A	WHOLE	1	1	269	25	1.765e-04	{N}
UPI0001887D8B	SINGLE	1	317	353	7	1.243e-05	{H}
UPI0001887D8B	SINGLE	2	314	328	6	2.293e-04	{G}
UPI0001887D8B	MULTIPLE	1	314	346	13	1.746e-06	{HG}
UPI0001887DBC	SINGLE	1	25	40	9	2.749e-06	{L}
UPI0001887DBC	SINGLE	2	4	258	28	4.431e-05	{I}
UPI0001887DBC	WHOLE	1	1	263	28	7.359e-05	{I}
UPI0001887DBD	SINGLE	1	190	241	12	5.631e-06	{I}
UPI0001887DBD	SINGLE	2	38	57	6	7.924e-05	{F}
UPI0001887DBD	SINGLE	3	47	63	6	1.019e-04	{I}
UPI0001887DBD	SINGLE	4	175	223	8	3.808e-04	{Y}
UPI0001887DBD	SINGLE	5	129	176	10	4.707e-04	{K}
UPI0001887DBD	MULTIPLE	1	175	235	19	4.606e-07	{IY}
UPI0001887DBD	MULTIPLE	2	42	58	10	2.965e-07	{FI}
UPI0001887DBD	WHOLE	1	1	273	26	6.182e-04	{I}
UPI0001887DC0	SINGLE	1	94	253	19	1.315e-05	{F}
UPI0001887DC0	WHOLE	1	1	267	23	2.328e-04	{F}
UPI0001887DC3	SINGLE	1	132	160	11	1.492e-08	{N}
UPI0001887DC3	SINGLE	2	6	238	22	5.549e-05	{Y}
UPI0001887DC3	MULTIPLE	1	6	249	51	2.175e-10	{NY}
UPI0001887DC3	WHOLE	1	1	258	29	1.990e-06	{N}
UPI0001887DC3	WHOLE	2	1	258	22	2.218e-04	{Y}
UPI0001887DCB	SINGLE	1	160	174	5	2.875e-04	{N}
UPI0001887DCB	SINGLE	2	82	96	5	9.005e-04	{D}
UPI0001887DF1	SINGLE	1	570	593	8	4.328e-06	{N}
UPI0001887DF1	SINGLE	2	415	434	6	6.498e-05	{Y}
UPI0001887DF1	SINGLE	3	133	148	6	6.935e-05	{I}
UPI0001887DF1	SINGLE	4	15	36	8	1.455e-04	{A}
UPI0001887DF1	SINGLE	5	338	503	18	2.131e-04	{N}
UPI0001887DF1	SINGLE	6	308	340	8	6.120e-04	{T}
UPI0001887DF1	SINGLE	7	38	63	6	6.261e-04	{Q}
UPI0001887DF1	SINGLE	8	622	640	6	6.596e-04	{K}
UPI0001887DF1	SINGLE	9	333	360	4	7.038e-04	{W}
UPI0001887DF1	SINGLE	10	55	93	8	9.539e-04	{D}
UPI0001887DF1	MULTIPLE	1	333	509	39	4.179e-07	{YNW}
UPI0001887DF1	WHOLE	1	1	661	49	9.674e-05	{N}
UPI0001887E4D	SINGLE	1	98	160	17	3.036e-07	{E}
UPI0001887E4D	SINGLE	2	17	38	8	4.458e-06	{R}
UPI0001887E4D	SINGLE	3	130	161	8	2.434e-04	{D}
UPI0001887E4D	SINGLE	4	2	90	15	2.490e-04	{K}
UPI0001887E4D	SINGLE	5	99	115	7	4.133e-04	{L}
UPI0001887E4D	SINGLE	6	61	95	7	8.537e-04	{P}
UPI0001887E4D	MULTIPLE	1	98	161	39	6.068e-12	{EDL}
UPI0001887E4D	MULTIPLE	2	9	91	32	2.715e-07	{RKP}
UPI0001887E4D	WHOLE	1	1	169	22	8.622e-04	{E}
UPI0001887E52	SINGLE	1	15	173	16	6.708e-09	{C}
UPI0001887E52	WHOLE	1	1	180	16	3.824e-08	{C}
UPI0001887F9F	SINGLE	1	18	32	4	2.419e-04	{H}
UPI0001887FA3	SINGLE	1	18	44	6	2.000e-05	{H}
UPI0001887FA3	SINGLE	2	289	341	7	1.308e-04	{M}
UPI0001887FA3	SINGLE	3	114	485	47	3.922e-04	{A}
UPI0001887FA3	MULTIPLE	1	114	485	60	7.437e-05	{MA}
UPI00018881A4	SINGLE	1	298	412	12	7.331e-06	{M}
UPI00018881A4	SINGLE	2	13	418	59	1.426e-04	{L}
UPI00018881A4	SINGLE	3	18	112	13	4.356e-04	{R}
UPI00018881A4	SINGLE	4	419	433	5	4.635e-04	{R}
UPI00018881A4	MULTIPLE	1	13	428	114	2.486e-09	{MLR}
UPI00018881A4	WHOLE	1	1	448	23	1.078e-04	{M}
UPI000188851C	SINGLE	1	5	192	35	2.720e-05	{L}
UPI000188851C	SINGLE	2	195	244	7	9.061e-05	{M}
UPI000188851C	SINGLE	3	142	214	16	1.023e-04	{A}
UPI000188851C	SINGLE	4	44	94	7	1.027e-04	{M}
UPI000188851C	SINGLE	5	12	257	30	5.170e-04	{G}
UPI000188851C	SINGLE	6	199	217	6	8.474e-04	{V}
UPI000188851C	SINGLE	7	11	59	11	9.006e-04	{A}
UPI000188851C	MULTIPLE	1	5	257	119	2.222e-13	{LAMG}
UPI000188851C	MULTIPLE	2	195	249	16	8.825e-06	{MV}
UPI000188851C	WHOLE	1	1	257	42	9.928e-05	{L}
UPI000188851C	WHOLE	2	1	257	15	4.091e-04	{M}
UPI000188851C	WHOLE	3	1	257	30	9.812e-04	{G}
UPI0001888540	SINGLE	1	59	90	9	9.864e-06	{P}
UPI0001888540	SINGLE	2	6	34	8	4.243e-05	{R}
UPI0001888635	SINGLE	1	1	447	29	2.106e-07	{M}
UPI0001888635	SINGLE	2	4	451	47	7.405e-07	{I}
UPI0001888635	SINGLE	3	274	445	29	1.529e-06	{V}
UPI0001888635	SINGLE	4	242	281	13	3.005e-05	{L}
UPI0001888635	SINGLE	5	358	440	16	4.435e-04	{A}
UPI0001888635	SINGLE	6	308	352	10	4.745e-04	{G}
UPI0001888635	SINGLE	7	286	313	6	5.597e-04	{F}
UPI0001888635	MULTIPLE	1	1	451	238	3.529e-20	{MIVAGF}
UPI0001888635	WHOLE	1	1	455	29	3.006e-07	{M}
UPI0001888635	WHOLE	2	1	455	47	1.124e-06	{I}
UPI0001888635	WHOLE	3	1	455	52	3.068e-05	{V}
UPI00018886CD	SINGLE	1	6	114	21	5.430e-04	{L}
UPI0001888CBC	SINGLE	1	27	44	7	9.109e-06	{P}
UPI0001888CBC	SINGLE	2	202	243	10	9.468e-04	{A}
UPI0001888CE1	SINGLE	1	339	524	24	1.458e-06	{Q}
UPI0001888CE1	SINGLE	2	5	499	76	3.646e-06	{L}
UPI0001888CE1	SINGLE	3	248	271	7	7.435e-05	{P}
UPI0001888CE1	SINGLE	4	123	164	9	1.172e-04	{R}
UPI0001888CE1	SINGLE	5	434	448	5	5.275e-04	{I}
UPI0001888CE1	SINGLE	6	354	438	12	5.340e-04	{R}
UPI0001888CE1	SINGLE	7	488	505	6	6.200e-04	{V}
UPI0001888CE1	SINGLE	8	475	494	4	7.691e-04	{H}
UPI0001888CE1	MULTIPLE	1	3	528	255	1.154e-15	{QLRIVH}
UPI0001888CE1	WHOLE	1	1	529	79	6.544e-06	{L}
UPI0001888CE1	WHOLE	2	1	529	43	3.935e-05	{Q}
UPI000188C02C	SINGLE	1	75	246	26	1.697e-07	{R}
UPI000188C02C	SINGLE	2	169	190	5	8.914e-05	{H}
UPI000188C02C	SINGLE	3	34	220	12	6.486e-04	{M}
UPI000188C02C	MULTIPLE	1	57	220	43	1.338e-10	{RHM}
UPI000188C02C	WHOLE	1	1	246	30	2.036e-06	{R}
UPI000190D5F5	SINGLE	1	25	39	6	1.598e-04	{T}
UPI000199A544	SINGLE	1	7	23	5	3.504e-04	{F}
UPI000199A544	SINGLE	2	3	24	6	4.771e-04	{I}
UPI000199A544	MULTIPLE	1	3	24	11	6.566e-07	{FI}
UPI00019AAA72	SINGLE	1	590	604	6	8.836e-05	{D}
UPI00019AAA72	SINGLE	2	114	153	10	1.501e-04	{V}
UPI00019AAA72	SINGLE	3	471	494	7	2.150e-04	{D}
UPI00019AAA72	SINGLE	4	534	549	6	3.084e-04	{E}
UPI00019AAA72	SINGLE	5	364	383	7	4.883e-04	{A}
UPI00019AAA72	SINGLE	6	97	115	6	9.446e-04	{G}
UPI00019AAB5C	SINGLE	1	26	301	42	1.609e-05	{A}
UPI00019AAB5C	SINGLE	2	69	319	32	1.724e-04	{G}
UPI00019AAB5C	SINGLE	3	164	332	29	4.329e-04	{L}
UPI00019AAB5C	MULTIPLE	1	26	332	118	2.970e-09	{AGL}
UPI00019AAB5C	WHOLE	1	1	336	46	8.400e-05	{A}
UPI00019AAC0A	SINGLE	1	721	744	8	9.294e-06	{R}
UPI00019AAC0A	SINGLE	2	225	483	29	1.440e-05	{R}
UPI00019AAC0A	SINGLE	3	388	498	20	2.143e-05	{E}
UPI00019AAC0A	SINGLE	4	315	465	29	6.774e-05	{L}
UPI00019AAC0A	SINGLE	5	585	654	7	6.990e-04	{M}
UPI00019AAC0A	MULTIPLE	1	265	465	77	3.170e-09	{REL}
UPI00019AAC0A	WHOLE	1	1	752	56	3.630e-04	{R}
UPI00019AAC0A	WHOLE	2	1	752	30	7.059e-04	{M}
UPI00019AF7F5	SINGLE	1	7	25	7	3.444e-04	{A}
UPI00019DBE1A	SINGLE	1	104	451	36	1.598e-05	{I}
UPI00019DBE1A	SINGLE	2	218	268	7	1.027e-04	{H}
UPI00019DBE1A	SINGLE	3	173	196	7	5.364e-04	{V}
UPI00019DBE1A	SINGLE	4	84	109	4	6.870e-04	{C}
UPI00019DBE1A	SINGLE	5	369	520	26	8.217e-04	{L}
UPI00019DBE1A	MULTIPLE	1	104	462	50	2.587e-06	{IH}
UPI00019DBE1A	WHOLE	1	1	592	46	7.800e-04	{I}
UPI0001A5BC88	SINGLE	1	48	406	40	1.052e-06	{I}
UPI0001A5BC88	SINGLE	2	12	446	49	6.794e-05	{V}
UPI0001A5BC88	SINGLE	3	51	159	14	7.088e-05	{F}
UPI0001A5BC88	SINGLE	4	280	298	5	9.333e-04	{N}
UPI0001A5BC88	MULTIPLE	1	12	448	147	2.288e-12	{IVFN}
UPI0001A5BC88	WHOLE	1	1	452	42	4.109e-05	{I}
UPI0001A5BC88	WHOLE	2	1	452	49	1.595e-04	{V}
UPI0001A65CE9	SINGLE	1	106	140	5	8.250e-04	{M}
UPI0001AA9EAA	SINGLE	1	79	187	21	6.329e-08	{I}
UPI0001AA9EAA	SINGLE	2	171	356	34	4.950e-05	{L}
UPI0001AA9EAA	SINGLE	3	31	452	35	1.106e-04	{N}
UPI0001AA9EAA	SINGLE	4	4	18	7	1.659e-04	{L}
UPI0001AA9EAA	MULTIPLE	1	79	394	64	1.233e-09	{IN}
UPI0001AA9EAA	WHOLE	1	1	452	45	4.603e-06	{I}
UPI0001AA9EAA	WHOLE	2	1	452	63	2.647e-04	{L}
UPI0001AA9EAA	WHOLE	3	1	452	35	3.621e-04	{N}
UPI0001AA9EAB	SINGLE	1	11	201	48	7.165e-11	{L}
UPI0001AA9EAB	WHOLE	1	1	211	50	2.674e-10	{L}
UPI0001B30558	SINGLE	1	106	133	8	1.585e-05	{Q}
UPI0001B30558	SINGLE	2	439	463	7	1.370e-04	{I}
UPI0001B30558	SINGLE	3	232	253	8	1.455e-04	{A}
UPI0001B30558	SINGLE	4	471	485	6	2.062e-04	{E}
UPI0001B30558	SINGLE	5	252	359	14	4.639e-04	{R}
UPI0001B30558	SINGLE	6	72	507	17	5.223e-04	{C}
UPI0001B30558	MULTIPLE	1	228	253	10	6.109e-05	{AC}
UPI0001B525A0	SINGLE	1	671	726	14	1.417e-06	{D}
UPI0001B525A0	SINGLE	2	790	817	9	3.989e-05	{E}
UPI0001B525A0	SINGLE	3	575	624	12	5.371e-05	{E}
UPI0001B525A0	SINGLE	4	609	1007	34	4.834e-04	{R}
UPI0001B525A0	SINGLE	5	880	904	6	4.915e-04	{N}
UPI0001B525A0	SINGLE	6	425	443	6	6.596e-04	{K}
UPI0001B525A0	MULTIPLE	1	600	1009	78	1.503e-06	{ER}
UPI0001B525A0	WHOLE	1	1	1031	74	1.754e-04	{R}
UPI0001B5289B	SINGLE	1	85	283	35	3.555e-06	{A}
UPI0001B5289B	SINGLE	2	29	303	26	1.305e-05	{Y}
UPI0001B5289B	SINGLE	3	161	261	13	3.121e-04	{Q}
UPI0001B5289B	SINGLE	4	88	279	10	5.182e-04	{W}
UPI0001B5289B	MULTIPLE	1	49	286	90	4.758e-14	{AYQW}
UPI0001B5289B	WHOLE	1	1	325	26	1.787e-04	{Y}
UPI0001B5289B	WHOLE	2	1	325	43	2.651e-04	{A}
UPI0001B52980	SINGLE	1	1245	1392	34	1.169e-10	{G}
UPI0001B52980	SINGLE	2	149	167	8	1.221e-06	{R}
UPI0001B52980	SINGLE	3	884	1101	32	1.312e-05	{G}
UPI0001B52980	SINGLE	4	283	341	8	3.676e-05	{M}
UPI0001B52980	SINGLE	5	566	592	8	1.437e-04	{T}
UPI0001B52980	SINGLE	6	265	452	23	2.099e-04	{D}
UPI0001B52980	SINGLE	7	1423	1437	4	2.419e-04	{H}
UPI0001B52980	SINGLE	8	1150	1218	16	3.027e-04	{L}
UPI0001B52980	SINGLE	9	861	879	7	3.444e-04	{A}
UPI0001B52980	SINGLE	10	938	970	7	5.968e-04	{P}
UPI0001B52980	MULTIPLE	1	884	1101	46	1.233e-05	{GP}
UPI0001B52980	MULTIPLE	2	265	452	33	5.222e-06	{MD}
UPI0001B52980	WHOLE	1	1	1486	134	7.314e-05	{G}
UPI0001B52988	SINGLE	1	279	294	8	1.986e-07	{P}
UPI0001B52988	SINGLE	2	112	146	9	2.616e-05	{R}
UPI0001B52988	SINGLE	3	182	203	8	1.455e-04	{A}
UPI0001B52988	SINGLE	4	46	85	9	6.977e-04	{V}
UPI0001B52A6D	SINGLE	1	18	34	4	4.036e-04	{M}
UPI0001B52A72	SINGLE	1	170	287	21	2.094e-04	{A}
UPI0001B52A72	SINGLE	2	273	307	8	2.097e-04	{I}
UPI0001B52A72	SINGLE	3	121	144	6	7.779e-04	{I}
UPI0001B52A72	MULTIPLE	1	170	307	35	2.723e-05	{AI}
UPI0001B52B91	SINGLE	1	4	703	121	8.166e-12	{L}
UPI0001B52B91	SINGLE	2	57	804	65	2.022e-06	{R}
UPI0001B52B91	SINGLE	3	315	551	40	2.238e-06	{A}
UPI0001B52B91	SINGLE	4	131	610	42	9.324e-06	{Q}
UPI0001B52B91	MULTIPLE	1	7	770	333	1.043e-25	{LRAQ}
UPI0001B52B91	WHOLE	1	1	809	128	7.003e-10	{L}
UPI0001B52B91	WHOLE	2	1	809	65	2.067e-05	{R}
UPI0001B52B91	WHOLE	3	1	809	93	5.899e-05	{A}
UPI0001B52B91	WHOLE	4	1	809	56	2.068e-04	{Q}
UPI0001B52D4A	SINGLE	1	3	98	18	7.840e-07	{I}
UPI0001B52D4A	SINGLE	2	68	155	21	2.528e-06	{A}
UPI0001B52D4A	SINGLE	3	85	203	19	1.619e-04	{V}
UPI0001B52D4A	SINGLE	4	193	207	4	2.419e-04	{M}
UPI0001B52D4A	SINGLE	5	181	231	11	3.333e-04	{G}
UPI0001B52D4A	SINGLE	6	209	227	5	6.080e-04	{F}
UPI0001B52D4A	MULTIPLE	1	34	203	90	5.353e-12	{IAVMG}
UPI0001B52D4A	WHOLE	1	1	265	27	1.889e-04	{I}
UPI0001B52D4A	WHOLE	2	1	265	35	8.407e-04	{A}
UPI0001B52D4F	SINGLE	1	61	75	5	2.936e-04	{Q}
UPI0001B52E07	SINGLE	1	132	260	38	4.542e-11	{L}
UPI0001B52E07	SINGLE	2	52	248	19	1.941e-04	{F}
UPI0001B52E07	SINGLE	3	10	26	7	4.133e-04	{L}
UPI0001B52E07	MULTIPLE	1	66	251	62	8.565e-13	{LF}
UPI0001B52E07	WHOLE	1	1	261	58	1.610e-10	{L}
UPI0001B52E08	SINGLE	1	42	171	27	9.618e-12	{Q}
UPI0001B52E08	SINGLE	2	27	41	7	1.843e-05	{E}
UPI0001B52E08	SINGLE	3	55	83	8	3.794e-04	{G}
UPI0001B52E08	SINGLE	4	6	28	6	4.644e-04	{P}
UPI0001B52E08	MULTIPLE	1	17	38	12	7.463e-07	{EP}
UPI0001B52E08	WHOLE	1	1	228	29	1.811e-07	{Q}
UPI0001B52E14	SINGLE	1	402	416	6	2.045e-04	{V}
UPI0001B52E14	SINGLE	2	98	153	9	2.483e-04	{F}
UPI0001B52E14	SINGLE	3	298	354	13	2.850e-04	{A}
UPI0001B52E14	SINGLE	4	130	144	5	2.875e-04	{N}
UPI0001B52E14	SINGLE	5	243	525	42	6.517e-04	{L}
UPI0001B52E14	SINGLE	6	68	292	22	7.519e-04	{R}
UPI0001B52E14	SINGLE	7	205	232	6	9.375e-04	{Q}
UPI0001B52E14	MULTIPLE	1	98	156	16	1.192e-05	{FN}
UPI0001B52E14	MULTIPLE	2	259	515	72	3.958e-06	{AL}
UPI0001B52E14	MULTIPLE	3	97	288	31	6.733e-04	{RQ}
UPI0001B52E1A	SINGLE	1	181	339	29	1.631e-04	{L}
UPI0001B52E1A	WHOLE	1	1	346	49	7.194e-04	{L}
UPI0001B52E53	SINGLE	1	90	207	34	1.286e-11	{A}
UPI0001B52E53	SINGLE	2	84	126	10	1.031e-05	{Q}
UPI0001B52E53	SINGLE	3	10	25	4	7.491e-05	{W}
UPI0001B52E53	SINGLE	4	111	225	16	8.920e-05	{R}
UPI0001B52E53	MULTIPLE	1	81	227	71	1.538e-18	{AQR}
UPI0001B52E53	WHOLE	1	1	355	58	5.498e-08	{A}
UPI0001B52E53	WHOLE	2	1	355	31	5.490e-04	{R}
UPI0001B52F2C	SINGLE	1	33	128	16	2.926e-06	{Q}
UPI0001B52F2C	SINGLE	2	95	163	17	1.365e-05	{A}
UPI0001B52F2C	SINGLE	3	82	119	7	4.150e-04	{Y}
UPI0001B52F2C	MULTIPLE	1	33	163	51	1.501e-10	{QAY}
UPI0001B52F2C	WHOLE	1	1	198	22	3.711e-05	{Q}
UPI0001B52F46	SINGLE	1	9	594	53	2.584e-06	{P}
UPI0001B52F46	SINGLE	2	108	529	37	3.411e-06	{F}
UPI0001B52F46	SINGLE	3	614	738	24	2.459e-05	{A}
UPI0001B52F46	SINGLE	4	376	468	13	1.353e-04	{N}
UPI0001B52F46	SINGLE	5	321	346	8	1.485e-04	{E}
UPI0001B52F46	SINGLE	6	3	17	4	2.419e-04	{H}
UPI0001B52F46	MULTIPLE	1	38	537	81	1.468e-08	{PF}
UPI0001B52F46	WHOLE	1	1	753	59	4.498e-05	{P}
UPI0001B53021	SINGLE	1	34	48	7	1.289e-06	{Q}
UPI0001B53021	SINGLE	2	11	25	6	2.045e-04	{V}
UPI0001B53021	SINGLE	3	12	305	45	2.449e-04	{L}
UPI0001B53021	SINGLE	4	49	143	18	2.589e-04	{A}
UPI0001B53021	SINGLE	5	53	67	6	3.585e-04	{S}
UPI0001B53021	SINGLE	6	1	33	5	6.305e-04	{M}
UPI0001B53021	MULTIPLE	1	10	266	105	3.338e-10	{QLAM}
UPI0001B53021	WHOLE	1	1	325	29	1.280e-04	{Q}
UPI0001B53021	WHOLE	2	1	325	46	9.876e-04	{L}
UPI0001B531A6	SINGLE	1	78	110	9	1.576e-05	{R}
UPI0001B531A6	SINGLE	2	133	151	7	3.444e-04	{A}
UPI0001B531A6	SINGLE	3	166	190	4	4.549e-04	{W}
UPI0001B531A7	SINGLE	1	135	155	8	2.706e-05	{E}
UPI0001B531A7	SINGLE	2	22	67	11	1.096e-04	{V}
UPI0001B532DD	SINGLE	1	104	311	33	5.008e-05	{A}
UPI0001B532DD	SINGLE	2	124	139	6	3.425e-04	{G}
UPI0001B532DD	MULTIPLE	1	104	312	53	1.298e-05	{AG}
UPI0001B532DD	WHOLE	1	1	312	40	7.057e-04	{A}
UPI0001B53477	SINGLE	1	18	226	44	1.082e-07	{L}
UPI0001B53477	SINGLE	2	33	302	31	8.140e-06	{I}
UPI0001B53477	MULTIPLE	1	18	302	84	1.194e-11	{LI}
UPI0001B53477	WHOLE	1	1	317	54	4.303e-06	{L}
UPI0001B53477	WHOLE	2	1	317	31	1.438e-04	{I}
UPI0001B534B2	SINGLE	1	96	110	4	7.491e-05	{C}
UPI0001B534B2	SINGLE	2	53	181	21	7.959e-05	{G}
UPI0001B534B2	SINGLE	3	136	185	9	5.424e-04	{I}
UPI0001B534B2	MULTIPLE	1	62	185	39	7.254e-08	{CGI}
UPI0001B534B4	SINGLE	1	82	96	5	5.275e-04	{I}
UPI0001B534B7	SINGLE	1	13	29	5	5.538e-04	{Q}
UPI0001B534B7	SINGLE	2	105	183	15	7.543e-04	{A}
UPI0001B534B8	SINGLE	1	162	201	13	2.270e-06	{S}
UPI0001B534B8	SINGLE	2	163	178	5	7.294e-04	{I}
UPI0001B534B8	MULTIPLE	1	162	196	17	1.193e-07	{SI}
UPI0001B534B9	SINGLE	1	11	27	7	1.565e-04	{A}
UPI0001B534B9	WHOLE	1	1	164	25	5.925e-04	{A}
UPI0001B53558	SINGLE	1	187	267	18	3.337e-05	{A}
UPI0001B53558	SINGLE	2	72	102	10	7.006e-05	{A}
UPI0001B53559	SINGLE	1	139	226	12	1.266e-04	{F}
UPI0001B53559	SINGLE	2	49	63	6	5.574e-04	{A}
UPI0001B5AAEE	SINGLE	1	6	313	43	8.897e-05	{A}
UPI0001B5AAEE	SINGLE	2	325	352	6	4.644e-04	{Y}
UPI0001B5ABD9	SINGLE	1	9	547	87	1.097e-07	{L}
UPI0001B5ABD9	SINGLE	2	90	531	60	1.247e-05	{A}
UPI0001B5ABD9	SINGLE	3	192	244	11	2.954e-05	{R}
UPI0001B5ABD9	SINGLE	4	195	310	14	1.353e-04	{F}
UPI0001B5ABD9	SINGLE	5	76	105	7	3.809e-04	{R}
UPI0001B5ABD9	SINGLE	6	385	405	7	4.131e-04	{S}
UPI0001B5ABD9	SINGLE	7	19	57	8	4.479e-04	{I}
UPI0001B5ABD9	MULTIPLE	1	28	534	208	2.351e-14	{LARF}
UPI0001B5ABD9	WHOLE	1	1	588	90	6.541e-07	{L}
UPI0001B5ABD9	WHOLE	2	1	588	70	1.436e-04	{A}
UPI0001B5ABEA	SINGLE	1	119	206	14	2.513e-04	{D}
UPI0001B5ABEA	SINGLE	2	63	84	7	5.623e-04	{S}
UPI0001B5AD2A	SINGLE	1	31	202	27	1.233e-05	{V}
UPI0001B5AD2A	WHOLE	1	1	331	40	6.682e-05	{V}
UPI0001B5AD41	SINGLE	1	247	749	74	1.915e-05	{L}
UPI0001B5AD41	SINGLE	2	82	231	19	1.961e-05	{N}
UPI0001B5AD41	SINGLE	3	83	405	33	4.235e-05	{I}
UPI0001B5AD41	SINGLE	4	179	584	20	4.478e-04	{M}
UPI0001B5AD41	MULTIPLE	1	195	749	98	3.388e-06	{LM}
UPI0001B5AD41	MULTIPLE	2	82	405	59	2.247e-07	{NI}
UPI0001B5AD41	WHOLE	1	1	768	53	2.792e-04	{N}
UPI0001B5AD41	WHOLE	2	1	768	97	3.236e-04	{L}
UPI0001B5AD96	SINGLE	1	6	545	47	3.198e-06	{N}
UPI0001B5AD96	SINGLE	2	493	534	10	8.269e-06	{Q}
UPI0001B5AD96	SINGLE	3	37	243	24	8.830e-06	{Q}
UPI0001B5AD96	SINGLE	4	8	491	61	8.152e-05	{A}
UPI0001B5AD96	SINGLE	5	339	412	14	1.216e-04	{T}
UPI0001B5AD96	SINGLE	6	48	62	6	2.293e-04	{G}
UPI0001B5AD96	SINGLE	7	82	105	7	9.823e-04	{S}
UPI0001B5AD96	MULTIPLE	1	6	538	293	1.988e-18	{NQATGS}
UPI0001B5AD96	WHOLE	1	1	547	47	4.375e-06	{N}
UPI0001B5AD96	WHOLE	2	1	547	44	4.084e-05	{Q}
UPI0001B5AD96	WHOLE	3	1	547	66	1.458e-04	{A}
UPI0001B5ADC1	SINGLE	1	94	349	49	4.308e-07	{L}
UPI0001B5ADC1	SINGLE	2	79	111	6	8.081e-06	{W}
UPI0001B5ADC1	SINGLE	3	50	64	5	1.842e-04	{F}
UPI0001B5ADC1	MULTIPLE	1	79	349	62	3.907e-09	{LW}
UPI0001B5ADC1	WHOLE	1	1	357	59	4.296e-06	{L}
UPI0001B5ADC1	WHOLE	2	1	357	14	7.464e-04	{W}
UPI0001B5AE36	SINGLE	1	67	302	34	1.089e-05	{G}
UPI0001B5AE36	SINGLE	2	604	633	9	5.052e-05	{T}
UPI0001B5AE36	SINGLE	3	322	657	28	5.599e-05	{Y}
UPI0001B5AE36	SINGLE	4	509	755	24	1.233e-04	{N}
UPI0001B5AE36	SINGLE	5	227	248	7	3.023e-04	{V}
UPI0001B5AE36	SINGLE	6	349	370	6	4.110e-04	{R}
UPI0001B5AE36	SINGLE	7	25	52	8	8.667e-04	{A}
UPI0001B5AE36	MULTIPLE	1	441	659	60	1.864e-07	{TYN}
UPI0001B5AE36	WHOLE	1	1	774	79	4.696e-05	{G}
UPI0001B5AE4A	SINGLE	1	90	386	51	6.063e-06	{L}
UPI0001B5AE4A	SINGLE	2	23	274	24	4.104e-05	{F}
UPI0001B5AE4A	SINGLE	3	6	363	48	9.873e-05	{A}
UPI0001B5AE4A	SINGLE	4	149	367	22	7.628e-04	{I}
UPI0001B5AE4A	SINGLE	5	301	329	4	8.043e-04	{W}
UPI0001B5AE4A	MULTIPLE	1	65	369	140	2.151e-12	{LFAIW}
UPI0001B5AE4A	WHOLE	1	1	396	57	2.230e-04	{L}
UPI0001B5AE4A	WHOLE	2	1	396	50	2.795e-04	{A}
UPI0001B5AE50	SINGLE	1	38	211	17	2.747e-07	{H}
UPI0001B5AE50	SINGLE	2	29	69	9	8.010e-05	{P}
UPI0001B5AE50	MULTIPLE	1	29	198	32	1.231e-07	{HP}
UPI0001B5AE50	WHOLE	1	1	326	19	8.431e-05	{H}
UPI0001B5AEEA	SINGLE	1	89	103	4	2.419e-04	{M}
UPI0001B5AEEA	SINGLE	2	231	269	9	5.844e-04	{E}
UPI0001B5AEF4	SINGLE	1	115	140	7	8.095e-05	{Q}
UPI0001B5AF6F	SINGLE	1	29	46	6	1.244e-04	{R}
UPI0001B5AF6F	SINGLE	2	7	55	9	4.678e-04	{I}
UPI0001B5AF6F	MULTIPLE	1	7	55	16	7.277e-06	{RI}
UPI0001B5AF70	SINGLE	1	244	288	13	1.818e-06	{K}
UPI0001B5AF71	SINGLE	1	11	262	25	3.018e-04	{R}
UPI0001B5AF71	SINGLE	2	40	136	7	5.421e-04	{W}
UPI0001B5AF71	MULTIPLE	1	11	262	33	3.313e-05	{RW}
UPI0001B5AF71	WHOLE	1	1	263	25	5.386e-04	{R}
UPI0001B5AFA1	SINGLE	1	166	335	25	6.997e-05	{V}
UPI0001B5AFA1	SINGLE	2	9	199	27	1.018e-04	{G}
UPI0001B5AFA1	SINGLE	3	259	303	11	4.349e-04	{A}
UPI0001B5AFA1	MULTIPLE	1	40	303	90	2.695e-07	{VGA}
UPI0001B5AFF2	SINGLE	1	19	642	57	8.842e-07	{P}
UPI0001B5AFF2	SINGLE	2	589	618	8	1.518e-04	{D}
UPI0001B5AFF2	SINGLE	3	746	766	8	2.978e-04	{L}
UPI0001B5AFF2	SINGLE	4	24	66	8	3.806e-04	{Q}
UPI0001B5AFF2	SINGLE	5	759	773	5	4.635e-04	{R}
UPI0001B5AFF2	SINGLE	6	10	41	9	4.800e-04	{A}
UPI0001B5AFF2	SINGLE	7	593	607	5	5.275e-04	{I}
UPI0001B5AFF2	SINGLE	8	39	370	36	8.919e-04	{V}
UPI0001B5AFF2	MULTIPLE	1	19	642	145	1.098e-07	{PQV}
UPI0001B5AFF2	MULTIPLE	2	589	618	14	4.825e-07	{DI}
UPI0001B5AFF2	MULTIPLE	3	746	774	14	8.898e-06	{LR}
UPI0001B5AFF2	WHOLE	1	1	779	62	2.029e-05	{P}
UPI0001B5B91B	SINGLE	1	13	443	38	1.787e-05	{N}
UPI0001B5B91B	SINGLE	2	220	383	13	5.511e-05	{M}
UPI0001B5B91B	SINGLE	3	350	364	5	2.936e-04	{Q}
UPI0001B5B91B	SINGLE	4	390	498	12	8.367e-04	{F}
UPI0001B5B91B	MULTIPLE	1	10	501	85	1.138e-06	{NMF}
UPI0001B5B91B	WHOLE	1	1	524	42	5.728e-05	{N}
UPI0001B5BB60	SINGLE	1	834	869	13	1.494e-06	{A}
UPI0001B5BB60	SINGLE	2	217	616	47	3.671e-05	{E}
UPI0001B5BB60	SINGLE	3	682	875	22	1.109e-04	{R}
UPI0001B5BB60	SINGLE	4	201	502	42	1.137e-04	{A}
UPI0001B5BB60	SINGLE	5	402	646	40	1.414e-04	{L}
UPI0001B5BB60	MULTIPLE	1	682	875	51	1.361e-07	{AR}
UPI0001B5BB60	MULTIPLE	2	201	636	157	1.544e-09	{EAL}
UPI0001B5BB60	WHOLE	1	1	928	99	4.009e-04	{A}
UPI0001B5BBFA	SINGLE	1	136	152	7	8.304e-06	{I}
UPI0001B5BBFA	SINGLE	2	4	336	30	1.517e-05	{F}
UPI0001B5BBFA	SINGLE	3	164	398	32	3.714e-05	{V}
UPI0001B5BBFA	SINGLE	4	292	395	22	1.126e-04	{L}
UPI0001B5BBFA	SINGLE	5	6	272	38	1.418e-04	{A}
UPI0001B5BBFA	SINGLE	6	83	133	10	7.775e-04	{T}
UPI0001B5BBFA	MULTIPLE	1	4	395	205	1.759e-16	{IFVLA}
UPI0001B5BBFA	WHOLE	1	1	410	33	5.246e-05	{F}
UPI0001B5BBFA	WHOLE	2	1	410	36	3.414e-04	{I}
UPI0001B5BBFB	SINGLE	1	235	277	10	2.413e-05	{R}
UPI0001B5BBFB	SINGLE	2	89	103	4	2.419e-04	{M}
UPI0001B5BBFB	SINGLE	3	176	219	12	3.534e-04	{L}
UPI0001B5BBFB	SINGLE	4	158	174	6	4.421e-04	{V}
UPI0001B5BBFB	SINGLE	5	10	252	14	6.901e-04	{H}
UPI0001B5BBFB	MULTIPLE	1	20	277	40	1.139e-06	{RH}
UPI0001B5BBFB	WHOLE	1	1	318	29	4.183e-04	{R}
UPI0001C327AA	SINGLE	1	164	240	20	1.135e-05	{L}
UPI0001C327AA	SINGLE	2	90	351	18	1.661e-05	{H}
UPI0001C327AA	SINGLE	3	133	147	5	4.635e-04	{R}
UPI0001C327AA	MULTIPLE	1	87	354	83	7.995e-10	{LHR}
UPI0001C327AA	WHOLE	1	1	366	19	3.334e-04	{H}
UPI0001C327AA	WHOLE	2	1	366	52	4.981e-04	{L}
UPI0001C327B2	SINGLE	1	26	177	20	2.126e-05	{P}
UPI0001C327B2	SINGLE	2	132	155	7	4.105e-04	{T}
UPI0001C327B2	SINGLE	3	130	308	19	6.390e-04	{R}
UPI0001C327B2	MULTIPLE	1	132	177	20	5.268e-06	{PTR}
UPI0001C327B2	WHOLE	1	1	311	28	4.283e-04	{P}
UPI0001C3EFB2	SINGLE	1	11	392	23	2.110e-08	{W}
UPI0001C3EFB2	SINGLE	2	95	161	11	2.033e-04	{P}
UPI0001C3EFB2	SINGLE	3	61	82	6	2.422e-04	{Q}
UPI0001C3EFB2	SINGLE	4	272	387	18	4.152e-04	{G}
UPI0001C3EFB2	WHOLE	1	1	400	23	4.785e-08	{W}
UPI0001C3EFB5	SINGLE	1	7	401	85	8.904e-14	{L}
UPI0001C3EFB5	SINGLE	2	192	209	8	6.136e-07	{P}
UPI0001C3EFB5	SINGLE	3	55	391	47	7.863e-07	{G}
UPI0001C3EFB5	SINGLE	4	124	382	41	8.032e-06	{A}
UPI0001C3EFB5	MULTIPLE	1	7	398	183	1.576e-23	{LGA}
UPI0001C3EFB5	WHOLE	1	1	416	85	1.631e-12	{L}
UPI0001C3EFB5	WHOLE	2	1	416	49	3.919e-05	{G}
UPI0001C3EFB5	WHOLE	3	1	416	51	4.597e-04	{A}
UPI0001CF5D46	SINGLE	1	284	348	14	4.759e-05	{E}
UPI0001CF5D46	SINGLE	2	75	336	26	4.947e-05	{N}
UPI0001CF5D46	SINGLE	3	514	528	5	5.275e-04	{I}
UPI0001CF5D46	WHOLE	1	1	651	45	6.439e-04	{N}
UPI0001CF5D47	SINGLE	1	63	125	12	3.185e-05	{R}
UPI0001CF5D47	SINGLE	2	252	280	7	3.632e-04	{I}
UPI0001CF6216	SINGLE	1	8	54	8	7.200e-07	{C}
UPI0001CF6216	SINGLE	2	85	188	18	1.720e-06	{R}
UPI0001CF6216	SINGLE	3	38	76	9	5.332e-05	{P}
UPI0001CF6216	SINGLE	4	93	112	8	2.030e-04	{L}
UPI0001CF6216	SINGLE	5	122	149	4	7.038e-04	{W}
UPI0001CF6216	MULTIPLE	1	5	76	19	5.354e-08	{CP}
UPI0001CF6216	MULTIPLE	2	85	183	39	5.739e-09	{RLW}
UPI0001CF6216	WHOLE	1	1	227	25	6.556e-05	{R}
UPI0001CF6216	WHOLE	2	1	227	12	2.553e-04	{C}
UPI0001CF6216	WHOLE	3	1	227	36	4.605e-04	{L}
UPI0001CF642A	SINGLE	1	5	201	25	6.640e-06	{R}
UPI0001CF642A	SINGLE	2	119	169	14	2.089e-05	{A}
UPI0001CF642A	MULTIPLE	1	5	201	51	2.238e-07	{RA}
UPI0001CF642A	WHOLE	1	1	216	25	3.021e-05	{R}
UPI0001CF6666	SINGLE	1	15	233	33	1.287e-04	{A}
UPI0001CF6666	SINGLE	2	132	146	4	2.419e-04	{H}
UPI0001CF6666	WHOLE	1	1	252	34	6.947e-04	{A}
UPI0001CF673F	SINGLE	1	107	219	25	1.980e-05	{L}
UPI0001CF673F	WHOLE	1	1	232	37	3.574e-04	{L}
UPI0001CF697F	SINGLE	1	265	281	8	1.664e-05	{A}
UPI0001CF697F	SINGLE	2	323	359	6	2.366e-05	{C}
UPI0001CF697F	SINGLE	3	285	315	8	3.521e-05	{Q}
UPI0001CF69B6	SINGLE	1	3	17	7	3.040e-06	{I}
UPI0001CF69B6	SINGLE	2	23	81	9	7.125e-04	{N}
UPI0001CF6C96	SINGLE	1	11	87	19	4.377e-06	{A}
UPI0001CF6C96	SINGLE	2	23	319	33	9.352e-04	{V}
UPI0001CF6C96	MULTIPLE	1	11	319	77	3.238e-07	{AV}
UPI0001CF6C96	WHOLE	1	1	320	45	5.465e-05	{A}
UPI0001CF6C97	SINGLE	1	2	215	39	1.683e-05	{L}
UPI0001CF6C97	SINGLE	2	12	138	20	1.763e-04	{G}
UPI0001CF6C97	SINGLE	3	77	181	13	4.471e-04	{Q}
UPI0001CF6C97	SINGLE	4	208	251	8	8.391e-04	{R}
UPI0001CF6C97	MULTIPLE	1	12	215	75	1.796e-08	{LGQ}
UPI0001CF6C97	WHOLE	1	1	255	40	3.072e-04	{L}
UPI0001CF6C98	SINGLE	1	4	267	50	4.599e-07	{L}
UPI0001CF6C98	SINGLE	2	152	253	21	2.632e-05	{A}
UPI0001CF6C98	SINGLE	3	87	252	20	1.410e-04	{I}
UPI0001CF6C98	SINGLE	4	16	39	4	3.879e-04	{W}
UPI0001CF6C98	SINGLE	5	49	132	12	3.881e-04	{P}
UPI0001CF6C98	MULTIPLE	1	14	263	130	1.127e-15	{LAIWP}
UPI0001CF6C98	WHOLE	1	1	275	50	1.512e-06	{L}
UPI0001CF6C98	WHOLE	2	1	275	36	8.424e-04	{A}
UPI0001CF6F10	SINGLE	1	41	154	10	1.664e-04	{H}
UPI0001CF6F10	SINGLE	2	114	258	26	4.218e-04	{L}
UPI0001CF6F10	MULTIPLE	1	114	199	23	4.572e-05	{HL}
UPI0001CF6F7E	SINGLE	1	69	100	7	6.733e-04	{I}
UPI0001CF6F7E	SINGLE	2	8	68	14	7.507e-04	{L}
UPI0001CF6FB9	SINGLE	1	41	57	6	3.418e-04	{K}
UPI0001CF7036	SINGLE	1	23	37	6	2.215e-05	{Q}
UPI0001CF7036	SINGLE	2	85	101	4	4.036e-04	{H}
UPI0001CF716E	SINGLE	1	22	186	41	2.236e-09	{L}
UPI0001CF716E	SINGLE	2	259	281	5	1.886e-05	{W}
UPI0001CF716E	SINGLE	3	85	105	5	7.041e-05	{M}
UPI0001CF716E	SINGLE	4	238	271	9	2.337e-04	{G}
UPI0001CF716E	MULTIPLE	1	22	186	47	1.252e-09	{LM}
UPI0001CF716E	MULTIPLE	2	238	271	13	1.046e-06	{WG}
UPI0001CF716E	WHOLE	1	1	318	60	4.521e-08	{L}
UPI0001CF7175	SINGLE	1	161	232	13	5.924e-04	{G}
UPI0001CF7175	SINGLE	2	645	714	10	6.235e-04	{N}
UPI0001CF7175	SINGLE	3	226	250	7	6.967e-04	{V}
UPI0001CF7175	SINGLE	4	238	660	20	7.151e-04	{M}
UPI0001CF7175	SINGLE	5	97	130	9	7.625e-04	{A}
UPI0001CF723C	SINGLE	1	20	36	7	1.565e-04	{A}
UPI0001CF723C	WHOLE	1	1	87	16	7.328e-04	{A}
UPI0001CF7254	SINGLE	1	74	464	69	7.223e-08	{L}
UPI0001CF7254	SINGLE	2	144	393	27	7.684e-05	{I}
UPI0001CF7254	SINGLE	3	49	440	51	1.287e-04	{A}
UPI0001CF7254	SINGLE	4	182	315	20	2.695e-04	{V}
UPI0001CF7254	SINGLE	5	30	294	32	4.203e-04	{G}
UPI0001CF7254	SINGLE	6	5	21	6	4.421e-04	{V}
UPI0001CF7254	MULTIPLE	1	44	462	234	2.136e-18	{LIAVG}
UPI0001CF7254	WHOLE	1	1	483	78	4.298e-07	{L}
UPI0001CF725B	SINGLE	1	38	75	8	3.108e-04	{R}
UPI0001D15A86	SINGLE	1	125	160	8	8.327e-07	{H}
UPI0001D15A86	SINGLE	2	99	452	19	4.619e-06	{C}
UPI0001D15A86	SINGLE	3	209	456	34	7.510e-06	{K}
UPI0001D15A86	SINGLE	4	355	486	24	1.640e-05	{S}
UPI0001D15A86	SINGLE	5	484	516	10	4.368e-04	{L}
UPI0001D15A86	MULTIPLE	1	132	469	106	7.468e-11	{HCKS}
UPI0001D15A86	WHOLE	1	1	518	20	2.127e-04	{C}
UPI0001D8A798	SINGLE	1	1	15	6	4.559e-05	{I}
UPI0001DB8E47	SINGLE	1	42	197	30	5.090e-05	{L}
UPI0001DB8E47	SINGLE	2	123	250	11	9.748e-05	{H}
UPI0001DB8E47	MULTIPLE	1	60	203	35	6.542e-06	{LH}
UPI0001DB8E47	WHOLE	1	1	267	15	5.904e-04	{H}
UPI0001DB8E48	SINGLE	1	464	478	6	2.215e-05	{Q}
UPI0001DB8E48	SINGLE	2	17	465	59	3.509e-05	{A}
UPI0001DB8E48	SINGLE	3	118	138	5	7.041e-05	{H}
UPI0001DB8E48	SINGLE	4	40	347	48	1.100e-04	{L}
UPI0001DB8E48	MULTIPLE	1	8	479	166	3.811e-09	{QAHL}
UPI0001DB8E48	WHOLE	1	1	525	64	1.371e-04	{A}
UPI0001DB91F1	SINGLE	1	27	110	18	6.291e-06	{G}
UPI0001DB91F1	SINGLE	2	26	121	14	1.897e-04	{I}
UPI0001DB91F1	SINGLE	3	12	35	7	5.364e-04	{V}
UPI0001DB91F1	MULTIPLE	1	8	115	47	6.091e-10	{GIV}
UPI0001DB9211	SINGLE	1	41	57	6	4.421e-04	{V}
UPI0001DB925A	SINGLE	1	65	118	12	7.525e-05	{T}
UPI0001DB93AB	SINGLE	1	107	145	9	5.782e-04	{V}
UPI0001DBCBB3	SINGLE	1	394	584	41	1.578e-17	{Q}
UPI0001DBCBB3	SINGLE	2	400	617	39	1.086e-12	{R}
UPI0001DBCBB3	SINGLE	3	308	325	9	4.433e-11	{H}
UPI0001DBCBB3	SINGLE	4	302	317	9	3.892e-08	{D}
UPI0001DBCBB3	SINGLE	5	329	368	11	6.142e-07	{N}
UPI0001DBCBB3	SINGLE	6	205	276	15	8.292e-07	{P}
UPI0001DBCBB3	SINGLE	7	77	194	18	2.686e-06	{Q}
UPI0001DBCBB3	SINGLE	8	13	148	26	1.283e-05	{A}
UPI0001DBCBB3	SINGLE	9	34	291	35	1.874e-05	{V}
UPI0001DBCBB3	SINGLE	10	185	233	12	2.788e-05	{T}
UPI0001DBCBB3	SINGLE	11	406	431	8	5.129e-04	{A}
UPI0001DBCBB3	MULTIPLE	1	400	617	80	1.120e-28	{QR}
UPI0001DBCBB3	MULTIPLE	2	302	327	20	8.454e-18	{HD}
UPI0001DBCBB3	MULTIPLE	3	33	282	85	1.057e-10	{PVT}
UPI0001DBCBB3	MULTIPLE	4	13	184	48	1.455e-08	{QA}
UPI0001DBCBB3	WHOLE	1	1	617	66	1.861e-11	{Q}
UPI0001DBCBB3	WHOLE	2	1	617	48	3.569e-04	{R}
UPI0001DBCC8A	SINGLE	1	523	697	41	1.117e-11	{S}
UPI0001DBCC8A	SINGLE	2	44	233	26	1.667e-07	{N}
UPI0001DBCC8A	SINGLE	3	161	651	38	1.787e-05	{Y}
UPI0001DBCC8A	SINGLE	4	801	865	11	8.224e-05	{Q}
UPI0001DBCC8A	SINGLE	5	780	864	13	1.972e-04	{I}
UPI0001DBCC8A	SINGLE	6	802	823	7	3.432e-04	{G}
UPI0001DBCC8A	SINGLE	7	322	350	8	6.512e-04	{S}
UPI0001DBCC8A	MULTIPLE	1	161	697	114	2.811e-12	{SY}
UPI0001DBCC8A	MULTIPLE	2	775	865	36	3.663e-08	{QIG}
UPI0001DBCC8A	WHOLE	1	1	865	68	1.098e-06	{N}
UPI0001DBCC8A	WHOLE	2	1	865	97	5.465e-06	{S}
UPI0001DBCC8A	WHOLE	3	1	865	51	5.592e-04	{Y}
UPI0001DBCD72	SINGLE	1	7	655	125	1.605e-15	{L}
UPI0001DBCD72	SINGLE	2	222	580	56	4.019e-07	{A}
UPI0001DBCD72	SINGLE	3	387	607	19	4.073e-07	{M}
UPI0001DBCD72	SINGLE	4	25	544	20	9.501e-05	{W}
UPI0001DBCD72	SINGLE	5	110	125	7	9.989e-05	{A}
UPI0001DBCD72	SINGLE	6	69	483	47	1.279e-04	{G}
UPI0001DBCD72	SINGLE	7	91	107	6	3.477e-04	{T}
UPI0001DBCD72	SINGLE	8	510	583	13	4.224e-04	{T}
UPI0001DBCD72	SINGLE	9	241	257	5	9.825e-04	{I}
UPI0001DBCD72	MULTIPLE	1	10	642	357	5.455e-36	{LAMWGI}
UPI0001DBCD72	WHOLE	1	1	660	125	5.681e-15	{L}
UPI0001DBCD72	WHOLE	2	1	660	85	2.392e-06	{A}
UPI0001DBCD72	WHOLE	3	1	660	32	1.945e-05	{M}
UPI0001DBCD72	WHOLE	4	1	660	21	6.800e-04	{W}
UPI0001DBCF71	SINGLE	1	60	118	15	1.635e-04	{L}
UPI0001DBD365	SINGLE	1	21	205	20	3.022e-05	{F}
UPI0001DBD365	SINGLE	2	1001	1022	7	4.726e-05	{R}
UPI0001DBD365	SINGLE	3	848	979	21	8.433e-05	{E}
UPI0001DBD365	SINGLE	4	1327	1357	8	8.605e-05	{I}
UPI0001DBD365	SINGLE	5	337	1060	63	1.516e-04	{D}
UPI0001DBD365	SINGLE	6	621	635	4	2.419e-04	{H}
UPI0001DBD365	SINGLE	7	576	859	28	2.459e-04	{I}
UPI0001DBD365	SINGLE	8	144	507	19	3.134e-04	{H}
UPI0001DBD365	SINGLE	9	1347	1430	16	5.045e-04	{A}
UPI0001DBD365	SINGLE	10	119	137	6	6.596e-04	{K}
UPI0001DBD365	MULTIPLE	1	16	519	99	7.205e-07	{FHK}
UPI0001DBD365	MULTIPLE	2	576	980	73	2.676e-05	{EI}
UPI0001DBD366	SINGLE	1	335	356	8	8.192e-05	{S}
UPI0001DBD366	SINGLE	2	439	460	7	2.300e-04	{T}
UPI0001DBD366	SINGLE	3	159	182	6	3.999e-04	{Q}
UPI0001DBD4B6	SINGLE	1	52	755	61	4.245e-06	{R}
UPI0001DBD4B6	SINGLE	2	646	663	5	7.334e-04	{Q}
UPI0001DBD4B6	SINGLE	3	379	447	10	9.983e-04	{P}
UPI0001DBD4B6	WHOLE	1	1	783	63	2.543e-05	{R}
UPI0001DBD975	SINGLE	1	36	403	37	1.261e-05	{R}
UPI0001DBD975	WHOLE	1	1	421	39	4.347e-05	{R}
UPI0001DC3630	SINGLE	1	37	210	26	3.147e-08	{Q}
UPI0001DC3630	SINGLE	2	106	232	22	2.219e-04	{A}
UPI0001DC3630	SINGLE	3	13	28	5	7.294e-04	{I}
UPI0001DC3630	MULTIPLE	1	47	232	53	1.279e-09	{QA}
UPI0001DC3630	WHOLE	1	1	371	32	1.128e-04	{Q}
UPI0001DC3631	SINGLE	1	257	274	6	1.085e-04	{P}
UPI0001DC3631	SINGLE	2	184	240	14	3.775e-04	{L}
UPI0001DC3631	SINGLE	3	14	172	9	5.407e-04	{W}
UPI0001DC3635	SINGLE	1	143	169	10	7.104e-05	{L}
UPI0001DC3646	SINGLE	1	47	381	54	1.039e-09	{G}
UPI0001DC3646	SINGLE	2	56	378	50	1.883e-06	{A}
UPI0001DC3646	SINGLE	3	26	227	37	2.380e-05	{L}
UPI0001DC3646	SINGLE	4	198	335	21	1.514e-04	{V}
UPI0001DC3646	SINGLE	5	232	276	8	2.692e-04	{F}
UPI0001DC3646	SINGLE	6	136	303	9	7.858e-04	{W}
UPI0001DC3646	MULTIPLE	1	31	381	223	1.229e-26	{GALVFW}
UPI0001DC3646	WHOLE	1	1	392	56	3.754e-08	{G}
UPI0001DC3646	WHOLE	2	1	392	54	2.090e-05	{A}
UPI0001DC3646	WHOLE	3	1	392	57	1.758e-04	{L}
UPI0001DC3648	SINGLE	1	420	550	21	1.863e-07	{Q}
UPI0001DC3648	SINGLE	2	13	103	13	4.265e-05	{F}
UPI0001DC3648	SINGLE	3	325	344	6	7.924e-05	{F}
UPI0001DC3648	SINGLE	4	174	667	60	2.266e-04	{A}
UPI0001DC3648	SINGLE	5	78	130	9	3.381e-04	{Q}
UPI0001DC3648	SINGLE	6	117	189	6	6.809e-04	{W}
UPI0001DC3648	SINGLE	7	71	444	52	7.709e-04	{L}
UPI0001DC3648	MULTIPLE	1	42	451	114	6.239e-08	{FQL}
UPI0001DC3648	MULTIPLE	2	108	667	80	3.963e-05	{AW}
UPI0001DC3648	WHOLE	1	1	668	48	2.336e-04	{Q}
UPI0001DC3649	SINGLE	1	21	179	22	3.937e-04	{V}
UPI0001DC364C	SINGLE	1	26	435	60	1.326e-06	{A}
UPI0001DC364C	SINGLE	2	413	428	7	3.474e-05	{G}
UPI0001DC364C	SINGLE	3	38	147	17	4.840e-04	{V}
UPI0001DC364C	SINGLE	4	151	166	5	6.419e-04	{R}
UPI0001DC364C	MULTIPLE	1	26	430	123	2.734e-08	{AGR}
UPI0001DC364C	WHOLE	1	1	436	61	4.438e-06	{A}
UPI0001DC36A8	SINGLE	1	272	351	22	1.604e-06	{L}
UPI0001DC36A8	SINGLE	2	128	144	6	5.013e-05	{Q}
UPI0001DC36A8	SINGLE	3	48	75	8	2.556e-04	{V}
UPI0001DC36A8	SINGLE	4	143	293	17	6.238e-04	{R}
UPI0001DC36A8	SINGLE	5	151	169	5	9.333e-04	{N}
UPI0001DC36A8	MULTIPLE	1	128	293	43	7.805e-06	{QRN}
UPI0001DC36A8	WHOLE	1	1	356	57	1.475e-05	{L}
UPI0001DC36AD	SINGLE	1	8	279	28	1.262e-04	{I}
UPI0001DC36AD	SINGLE	2	25	39	5	4.135e-04	{P}
UPI0001DC36AD	MULTIPLE	1	8	279	45	1.137e-04	{IP}
UPI0001DC36AD	WHOLE	1	1	380	35	1.784e-04	{I}
UPI0001DC36B5	SINGLE	1	38	121	13	5.072e-05	{Q}
UPI0001DC36B5	SINGLE	2	19	263	13	7.287e-05	{W}
UPI0001DC36B5	SINGLE	3	94	382	38	5.952e-04	{A}
UPI0001DC36B5	SINGLE	4	4	153	17	7.800e-04	{I}
UPI0001DC36B5	MULTIPLE	1	4	377	112	3.605e-08	{QWAI}
UPI0001DC36B5	WHOLE	1	1	392	32	2.803e-04	{Q}
UPI0001DC36DD	SINGLE	1	95	1046	136	1.000e-07	{L}
UPI0001DC36DD	SINGLE	2	614	1121	47	7.242e-07	{Q}
UPI0001DC36DD	SINGLE	3	263	1118	68	1.951e-05	{R}
UPI0001DC36DD	SINGLE	4	250	509	29	1.785e-04	{D}
UPI0001DC36DD	SINGLE	5	145	184	5	2.857e-04	{W}
UPI0001DC36DD	SINGLE	6	1047	1061	5	9.005e-04	{D}
UPI0001DC36DD	SINGLE	7	1	96	8	9.722e-04	{M}
UPI0001DC36DD	MULTIPLE	1	1	1118	442	1.379e-18	{LQRDWM}
UPI0001DC36DD	WHOLE	1	1	1122	154	1.907e-07	{L}
UPI0001DC36DD	WHOLE	2	1	1122	77	2.807e-05	{Q}
UPI0001DC36DD	WHOLE	3	1	1122	82	5.253e-05	{R}
UPI0001DC36DE	SINGLE	1	12	923	80	1.218e-07	{R}
UPI0001DC36DE	SINGLE	2	1076	1140	11	2.457e-05	{Y}
UPI0001DC36DE	SINGLE	3	571	1122	79	2.703e-05	{L}
UPI0001DC36DE	SINGLE	4	8	159	29	7.619e-05	{L}
UPI0001DC36DE	SINGLE	5	57	368	38	8.562e-05	{E}
UPI0001DC36DE	SINGLE	6	835	1112	26	1.317e-04	{Q}
UPI0001DC36DE	SINGLE	7	431	665	15	1.669e-04	{M}
UPI0001DC36DE	SINGLE	8	1090	1104	6	5.574e-04	{A}
UPI0001DC36DE	MULTIPLE	1	5	1127	504	4.418e-18	{RLEQA}
UPI0001DC36DE	WHOLE	1	1	1180	93	1.277e-06	{R}
UPI0001DC36DE	WHOLE	2	1	1180	146	5.417e-05	{L}
UPI0001DC36E8	SINGLE	1	4	456	70	6.502e-06	{L}
UPI0001DC36E8	SINGLE	2	257	284	7	1.297e-04	{N}
UPI0001DC36E8	SINGLE	3	5	241	23	1.790e-04	{Q}
UPI0001DC36E8	SINGLE	4	369	383	5	2.936e-04	{Q}
UPI0001DC36E8	MULTIPLE	1	4	456	106	4.863e-09	{LQ}
UPI0001DC36E8	WHOLE	1	1	490	73	1.456e-05	{L}
UPI0001DC36E8	WHOLE	2	1	490	36	7.857e-04	{Q}
UPI0001DC36E9	SINGLE	1	68	82	7	2.093e-05	{G}
UPI0001DC36E9	SINGLE	2	83	245	18	1.815e-04	{Q}
UPI0001DC36E9	SINGLE	3	139	153	5	9.005e-04	{D}
UPI0001DC36E9	MULTIPLE	1	83	245	32	7.505e-05	{QD}
UPI0001DC36E9	WHOLE	1	1	262	23	6.624e-04	{Q}
UPI0001DC36EA	SINGLE	1	2	246	42	8.704e-07	{A}
UPI0001DC36EA	SINGLE	2	193	225	9	1.574e-04	{V}
UPI0001DC36EA	MULTIPLE	1	10	235	62	1.289e-07	{AV}
UPI0001DC36EA	WHOLE	1	1	257	42	2.932e-06	{A}
UPI0001DC36F6	SINGLE	1	453	470	8	9.209e-07	{I}
UPI0001DC36F6	SINGLE	2	47	154	20	1.437e-05	{E}
UPI0001DC36F6	SINGLE	3	434	448	6	3.376e-05	{P}
UPI0001DC36F6	SINGLE	4	74	420	53	8.833e-05	{L}
UPI0001DC36F6	SINGLE	5	255	302	8	3.311e-04	{Y}
UPI0001DC36F6	MULTIPLE	1	42	420	113	4.179e-07	{ELY}
UPI0001DC36F6	WHOLE	1	1	475	63	8.276e-04	{L}
UPI0001DC375D	SINGLE	1	283	306	9	4.300e-05	{A}
UPI0001DC375D	SINGLE	2	80	386	37	1.225e-04	{V}
UPI0001DC375D	SINGLE	3	8	77	15	2.101e-04	{A}
UPI0001DC375D	SINGLE	4	310	328	6	3.810e-04	{D}
UPI0001DC375D	MULTIPLE	1	32	368	106	1.629e-07	{AVD}
UPI0001DC375D	WHOLE	1	1	417	52	2.890e-04	{A}
UPI0001DC385C	SINGLE	1	34	52	6	2.187e-06	{H}
UPI0001DC385F	SINGLE	1	65	162	13	5.782e-04	{R}
UPI0001DC385F	SINGLE	2	45	201	21	7.930e-04	{E}
UPI0001DC385F	MULTIPLE	1	44	205	37	1.326e-05	{RE}
UPI0001DC3861	SINGLE	1	191	209	7	1.092e-04	{V}
UPI0001DC3861	SINGLE	2	179	195	7	1.565e-04	{A}
UPI0001DC3861	SINGLE	3	66	96	7	2.524e-04	{N}
UPI0001DC3861	SINGLE	4	149	166	5	7.334e-04	{Q}
UPI0001DC3861	SINGLE	5	16	68	11	9.003e-04	{S}
UPI0001DC3861	MULTIPLE	1	179	211	15	1.414e-05	{VA}
UPI0001DC3866	SINGLE	1	303	398	24	2.123e-07	{A}
UPI0001DC3866	SINGLE	2	100	316	40	1.033e-05	{L}
UPI0001DC3866	SINGLE	3	349	368	7	1.244e-05	{Q}
UPI0001DC3866	SINGLE	4	614	632	8	1.342e-04	{L}
UPI0001DC3866	SINGLE	5	652	733	15	1.725e-04	{E}
UPI0001DC3866	SINGLE	6	438	560	16	2.574e-04	{I}
UPI0001DC3866	SINGLE	7	605	628	7	6.071e-04	{G}
UPI0001DC3866	MULTIPLE	1	303	398	33	1.057e-08	{AQ}
UPI0001DC3866	MULTIPLE	2	612	629	12	1.634e-06	{LG}
UPI0001DC3866	WHOLE	1	1	831	105	2.061e-04	{L}
UPI0001DC3866	WHOLE	2	1	831	55	5.958e-04	{Q}
UPI0001DC3869	SINGLE	1	242	263	8	4.570e-05	{G}
UPI0001DC3869	SINGLE	2	268	287	6	7.924e-05	{F}
UPI0001DC3869	SINGLE	3	120	159	10	1.776e-04	{G}
UPI0001DC3887	SINGLE	1	109	183	17	4.164e-05	{A}
UPI0001DC3887	WHOLE	1	1	215	30	7.891e-04	{A}
UPI0001DC389A	SINGLE	1	261	419	26	4.822e-09	{Q}
UPI0001DC389A	SINGLE	2	196	229	8	1.185e-04	{P}
UPI0001DC389A	SINGLE	3	258	352	7	4.810e-04	{W}
UPI0001DC389A	MULTIPLE	1	258	419	34	5.104e-11	{QW}
UPI0001DC389A	WHOLE	1	1	450	41	4.741e-06	{Q}
UPI0001DC389B	SINGLE	1	10	64	13	1.357e-07	{F}
UPI0001DC389B	SINGLE	2	39	111	16	3.595e-07	{I}
UPI0001DC389B	SINGLE	3	120	147	7	1.297e-04	{N}
UPI0001DC389B	MULTIPLE	1	10	114	34	9.105e-12	{FI}
UPI0001DC389B	WHOLE	1	1	159	21	2.757e-05	{I}
UPI0001DC389B	WHOLE	2	1	159	18	3.995e-05	{F}
UPI0001DC38D1	SINGLE	1	240	267	8	2.582e-04	{E}
UPI0001DC38D1	SINGLE	2	280	303	4	3.879e-04	{W}
UPI0001DC38D1	SINGLE	3	40	61	6	4.110e-04	{R}
UPI0001DC38D1	SINGLE	4	172	187	6	8.219e-04	{A}
UPI0001DC38D1	SINGLE	5	6	114	12	8.367e-04	{F}
UPI0001DC38E4	SINGLE	1	171	278	20	1.407e-05	{V}
UPI0001DC38E4	SINGLE	2	4	262	39	3.776e-05	{A}
UPI0001DC38E4	SINGLE	3	175	240	12	8.742e-04	{G}
UPI0001DC38E4	MULTIPLE	1	4	283	74	4.808e-08	{VA}
UPI0001DC38E4	WHOLE	1	1	286	41	7.219e-05	{A}
UPI0001DC38E4	WHOLE	2	1	286	33	5.230e-04	{V}
UPI0001DC38E6	SINGLE	1	4	101	19	8.663e-04	{L}
UPI0001DC391C	SINGLE	1	19	517	50	5.836e-07	{R}
UPI0001DC391C	SINGLE	2	69	106	9	4.808e-04	{E}
UPI0001DC391C	WHOLE	1	1	532	51	1.559e-06	{R}
UPI0001DC391D	SINGLE	1	259	288	7	2.099e-04	{Q}
UPI0001DC3920	SINGLE	1	208	458	16	1.260e-06	{W}
UPI0001DC3920	SINGLE	2	229	363	18	1.707e-05	{Q}
UPI0001DC3920	SINGLE	3	402	420	6	1.511e-04	{P}
UPI0001DC3920	SINGLE	4	549	641	20	1.750e-04	{L}
UPI0001DC3920	SINGLE	5	49	70	7	3.023e-04	{V}
UPI0001DC3920	MULTIPLE	1	238	363	25	5.050e-08	{WQ}
UPI0001DC3920	WHOLE	1	1	694	22	5.471e-04	{W}
UPI0001DC3924	SINGLE	1	232	265	10	1.050e-06	{Q}
UPI0001DC3924	SINGLE	2	88	226	25	3.380e-06	{G}
UPI0001DC3924	SINGLE	3	16	622	56	3.711e-06	{I}
UPI0001DC3924	SINGLE	4	132	152	8	1.005e-04	{A}
UPI0001DC3924	SINGLE	5	9	246	39	1.557e-04	{L}
UPI0001DC3924	MULTIPLE	1	13	569	222	3.163e-09	{GIAL}
UPI0001DC3924	WHOLE	1	1	625	56	8.400e-06	{I}
UPI0001DC3929	SINGLE	1	13	543	83	9.869e-10	{A}
UPI0001DC3929	SINGLE	2	123	362	30	1.941e-08	{F}
UPI0001DC3929	SINGLE	3	45	262	33	5.255e-06	{G}
UPI0001DC3929	SINGLE	4	280	309	12	5.598e-06	{L}
UPI0001DC3929	SINGLE	5	337	592	36	6.809e-06	{V}
UPI0001DC3929	SINGLE	6	228	263	7	1.031e-05	{M}
UPI0001DC3929	SINGLE	7	370	387	7	7.448e-05	{E}
UPI0001DC3929	SINGLE	8	10	36	9	3.896e-04	{L}
UPI0001DC3929	SINGLE	9	41	201	18	6.594e-04	{I}
UPI0001DC3929	MULTIPLE	1	18	595	299	4.249e-23	{AFGVMI}
UPI0001DC3929	WHOLE	1	1	648	92	1.506e-08	{A}
UPI0001DC3929	WHOLE	2	1	648	64	4.117e-04	{G}
UPI0001DC3929	WHOLE	3	1	648	42	5.208e-04	{F}
UPI0001DC3929	WHOLE	4	1	648	61	9.443e-04	{V}
UPI0001DC392B	SINGLE	1	62	90	7	1.682e-04	{Q}
UPI0001DC3A5C	SINGLE	1	2	427	76	1.106e-08	{L}
UPI0001DC3A5C	SINGLE	2	29	857	32	1.137e-06	{W}
UPI0001DC3A5C	SINGLE	3	104	172	13	6.094e-06	{Q}
UPI0001DC3A5C	SINGLE	4	264	652	49	7.526e-06	{G}
UPI0001DC3A5C	SINGLE	5	718	867	18	6.261e-05	{N}
UPI0001DC3A5C	MULTIPLE	1	9	866	284	3.016e-15	{LWQG}
UPI0001DC3A5C	WHOLE	1	1	879	127	1.357e-07	{L}
UPI0001DC3A5C	WHOLE	2	1	879	32	3.627e-06	{W}
UPI0001DC3A5C	WHOLE	3	1	879	80	9.370e-04	{G}
UPI0001DC3A5F	SINGLE	1	548	629	12	1.560e-04	{N}
UPI0001DC3A5F	SINGLE	2	69	333	32	3.010e-04	{V}
UPI0001DC3A5F	SINGLE	3	312	335	6	5.903e-04	{P}
UPI0001DC3A5F	SINGLE	4	390	420	8	6.079e-04	{G}
UPI0001DC3A5F	SINGLE	5	95	577	43	7.848e-04	{D}
UPI0001DC3A5F	SINGLE	6	712	741	4	9.144e-04	{W}
UPI0001DC3A5F	SINGLE	7	185	557	32	9.220e-04	{I}
UPI0001DC3A5F	MULTIPLE	1	95	629	117	3.231e-06	{NDI}
UPI0001DC3A5F	MULTIPLE	2	69	335	51	4.707e-05	{VP}
UPI0001DC3A61	SINGLE	1	117	164	8	8.502e-07	{C}
UPI0001DC3A61	SINGLE	2	9	128	15	3.415e-04	{P}
UPI0001DC3A61	SINGLE	3	115	134	4	7.691e-04	{H}
UPI0001DC3A61	MULTIPLE	1	115	155	11	2.238e-07	{CH}
UPI0001DC3A62	SINGLE	1	295	309	4	7.491e-05	{C}
UPI0001DC3A62	SINGLE	2	90	180	12	4.148e-04	{Q}
UPI0001DC3A62	SINGLE	3	35	89	9	8.826e-04	{R}
UPI0001DC3A68	SINGLE	1	15	957	88	2.066e-09	{R}
UPI0001DC3A68	SINGLE	2	46	475	42	1.380e-05	{I}
UPI0001DC3A68	SINGLE	3	979	999	7	1.639e-04	{K}
UPI0001DC3A68	SINGLE	4	1232	1246	5	2.936e-04	{Q}
UPI0001DC3A68	SINGLE	5	827	1108	43	3.462e-04	{L}
UPI0001DC3A68	SINGLE	6	956	1010	10	6.294e-04	{D}
UPI0001DC3A68	SINGLE	7	1190	1207	6	6.921e-04	{G}
UPI0001DC3A68	MULTIPLE	1	15	949	153	7.826e-11	{RI}
UPI0001DC3A68	MULTIPLE	2	827	1108	69	2.180e-05	{KL}
UPI0001DC3A68	WHOLE	1	1	1300	108	1.836e-08	{R}
UPI0001DC3A6A	SINGLE	1	187	228	13	1.011e-05	{A}
UPI0001DC3A6A	SINGLE	2	6	91	14	1.525e-05	{Q}
UPI0001DC3A6A	SINGLE	3	1	30	6	3.756e-05	{M}
UPI0001DC3A6A	MULTIPLE	1	1	91	20	1.025e-06	{QM}
UPI0001DC3A6A	WHOLE	1	1	317	27	4.047e-04	{Q}
UPI0001DC3A6B	SINGLE	1	604	819	46	1.177e-17	{R}
UPI0001DC3A6B	SINGLE	2	842	1001	41	1.725e-14	{V}
UPI0001DC3A6B	SINGLE	3	428	1021	90	6.749e-14	{E}
UPI0001DC3A6B	SINGLE	4	475	1059	68	6.177e-12	{P}
UPI0001DC3A6B	SINGLE	5	877	1055	39	3.339e-09	{A}
UPI0001DC3A6B	SINGLE	6	645	733	19	6.346e-09	{Q}
UPI0001DC3A6B	SINGLE	7	528	566	14	6.495e-07	{A}
UPI0001DC3A6B	SINGLE	8	332	391	13	3.595e-06	{R}
UPI0001DC3A6B	SINGLE	9	207	379	22	3.217e-05	{I}
UPI0001DC3A6B	SINGLE	10	699	773	15	6.215e-05	{V}
UPI0001DC3A6B	SINGLE	11	377	422	11	2.661e-04	{S}
UPI0001DC3A6B	SINGLE	12	1003	1049	6	4.669e-04	{H}
UPI0001DC3A6B	MULTIPLE	1	507	1024	375	9.846e-69	{REPAQV}
UPI0001DC3A6B	MULTIPLE	2	214	391	43	1.144e-08	{RI}
UPI0001DC3A6B	WHOLE	1	1	1061	130	2.840e-12	{E}
UPI0001DC3A6B	WHOLE	2	1	1061	102	2.557e-11	{R}
UPI0001DC3A6B	WHOLE	3	1	1061	87	2.169e-07	{P}
UPI0001DC3A6B	WHOLE	4	1	1061	126	1.086e-06	{A}
UPI0001DC3A6B	WHOLE	5	1	1061	93	7.184e-04	{V}
UPI0001DC3A6B	WHOLE	6	1	1061	66	8.794e-04	{Q}
UPI0001DC3A84	SINGLE	1	86	164	15	7.543e-04	{A}
UPI0001DC3A8C	SINGLE	1	207	236	7	2.099e-04	{Q}
UPI0001DC3A8C	SINGLE	2	13	101	16	9.291e-04	{A}
UPI0001DC3AB1	SINGLE	1	25	336	44	6.077e-05	{A}
UPI0001DC3AB1	SINGLE	2	245	259	4	7.491e-05	{C}
UPI0001DC3AB1	SINGLE	3	55	249	14	8.287e-05	{H}
UPI0001DC3AB1	SINGLE	4	206	351	21	4.115e-04	{G}
UPI0001DC3AB1	SINGLE	5	53	73	6	6.796e-04	{D}
UPI0001DC3AB1	MULTIPLE	1	20	364	111	2.020e-10	{ACHG}
UPI0001DC3AB1	WHOLE	1	1	377	20	1.861e-04	{H}
UPI0001DC3AB1	WHOLE	2	1	377	48	2.984e-04	{A}
UPI0001DC3AB6	SINGLE	1	163	235	15	3.315e-04	{A}
UPI0001DC3ADA	SINGLE	1	306	409	23	3.425e-06	{A}
UPI0001DC3ADA	SINGLE	2	159	332	19	4.068e-05	{F}
UPI0001DC3ADA	SINGLE	3	211	296	19	1.741e-04	{L}
UPI0001DC3ADA	SINGLE	4	35	452	46	2.649e-04	{G}
UPI0001DC3ADA	SINGLE	5	403	461	10	4.474e-04	{I}
UPI0001DC3ADA	SINGLE	6	194	239	11	5.269e-04	{A}
UPI0001DC3ADA	SINGLE	7	129	319	12	7.704e-04	{M}
UPI0001DC3ADA	MULTIPLE	1	57	468	231	3.977e-19	{AFLGIM}
UPI0001DC3ADA	WHOLE	1	1	483	64	1.403e-05	{A}
UPI0001DC3ADC	SINGLE	1	349	376	9	5.211e-04	{L}
UPI0001DC3ADC	SINGLE	2	294	329	8	5.570e-04	{D}
UPI0001DC3AE7	SINGLE	1	103	482	31	6.671e-05	{F}
UPI0001DC3AE7	SINGLE	2	123	404	17	1.279e-04	{H}
UPI0001DC3AE7	SINGLE	3	343	357	5	2.936e-04	{Q}
UPI0001DC3AE7	MULTIPLE	1	118	482	48	3.187e-07	{FH}
UPI0001DC3AEE	SINGLE	1	47	111	13	8.939e-06	{R}
UPI0001DC3AEE	SINGLE	2	133	165	11	9.253e-05	{L}
UPI0001DC3AEE	SINGLE	3	214	230	5	8.659e-04	{R}
UPI0001DC3AEF	SINGLE	1	115	171	11	2.415e-05	{Q}
UPI0001DC3AEF	SINGLE	2	43	167	16	2.271e-04	{R}
UPI0001DC3AEF	MULTIPLE	1	43	171	32	9.662e-08	{QR}
UPI0001DC3AEF	WHOLE	1	1	216	21	3.135e-04	{Q}
UPI0001DC3AF4	SINGLE	1	12	35	5	1.377e-04	{H}
UPI0001DC3AF4	SINGLE	2	124	138	5	5.275e-04	{I}
UPI0001DC3AF8	SINGLE	1	316	343	5	7.111e-05	{C}
UPI0001DC3AF8	SINGLE	2	69	94	4	6.870e-04	{C}
UPI0001DC3AF8	SINGLE	3	142	172	6	9.707e-04	{F}
UPI0001DC3B0C	SINGLE	1	33	434	51	4.230e-06	{G}
UPI0001DC3B0C	SINGLE	2	49	252	37	2.936e-05	{L}
UPI0001DC3B0C	MULTIPLE	1	33	434	108	6.126e-09	{GL}
UPI0001DC3B0C	WHOLE	1	1	578	60	1.897e-04	{G}
UPI0001DC3B0C	WHOLE	2	1	578	74	8.621e-04	{L}
UPI0001DC3B0D	SINGLE	1	85	202	20	1.434e-07	{Q}
UPI0001DC3B0D	SINGLE	2	82	197	27	1.848e-07	{A}
UPI0001DC3B0D	SINGLE	3	4	18	7	1.824e-05	{V}
UPI0001DC3B0D	MULTIPLE	1	82	197	46	4.906e-14	{QA}
UPI0001DC3B0D	WHOLE	1	1	331	28	3.611e-04	{Q}
UPI0001DC3B0D	WHOLE	2	1	331	42	6.597e-04	{A}
UPI0001DC3B10	SINGLE	1	8	550	78	2.639e-05	{L}
UPI0001DC3B10	SINGLE	2	177	194	7	7.448e-05	{E}
UPI0001DC3B10	SINGLE	3	652	666	7	1.659e-04	{L}
UPI0001DC3B10	SINGLE	4	212	226	5	1.842e-04	{F}
UPI0001DC3B10	SINGLE	5	485	503	6	3.810e-04	{D}
UPI0001DC3B10	SINGLE	6	672	686	5	4.635e-04	{R}
UPI0001DC3B10	SINGLE	7	278	310	7	8.123e-04	{I}
UPI0001DC3B10	MULTIPLE	1	203	368	55	1.280e-06	{LFI}
UPI0001DC3B10	WHOLE	1	1	711	94	9.528e-05	{L}
UPI0001DC3B1F	SINGLE	1	99	147	15	2.550e-06	{A}
UPI0001DC3B1F	SINGLE	2	19	84	12	8.742e-04	{G}
UPI0001DC3B20	SINGLE	1	52	648	90	1.287e-09	{A}
UPI0001DC3B20	SINGLE	2	131	672	47	7.810e-05	{I}
UPI0001DC3B20	SINGLE	3	416	442	8	1.953e-04	{V}
UPI0001DC3B20	SINGLE	4	602	681	18	1.997e-04	{L}
UPI0001DC3B20	SINGLE	5	221	271	13	4.115e-04	{L}
UPI0001DC3B20	SINGLE	6	350	403	9	7.753e-04	{R}
UPI0001DC3B20	MULTIPLE	1	49	672	193	1.130e-12	{AIV}
UPI0001DC3B20	WHOLE	1	1	682	94	4.372e-08	{A}
UPI0001DC3B20	WHOLE	2	1	682	52	6.010e-04	{I}
UPI0001DC3B95	SINGLE	1	287	396	22	2.735e-05	{A}
UPI0001DC3B95	SINGLE	2	191	244	6	1.375e-04	{W}
UPI0001DC3B95	SINGLE	3	196	343	21	4.884e-04	{G}
UPI0001DC3B95	SINGLE	4	219	324	15	5.331e-04	{D}
UPI0001DC3B95	SINGLE	5	84	98	6	5.574e-04	{A}
UPI0001DC3B95	MULTIPLE	1	216	345	50	6.182e-07	{AGD}
UPI0001DC3B95	WHOLE	1	1	396	52	9.108e-05	{A}
UPI0001DC3C43	SINGLE	1	94	170	15	7.999e-07	{Q}
UPI0001DC3C43	SINGLE	2	3	263	42	1.368e-04	{L}
UPI0001DC3C43	SINGLE	3	31	45	4	2.419e-04	{H}
UPI0001DC3C43	MULTIPLE	1	94	195	36	1.724e-08	{QL}
UPI0001DC3C43	WHOLE	1	1	264	42	1.728e-04	{L}
UPI0001DC3C45	SINGLE	1	34	814	120	9.672e-13	{A}
UPI0001DC3C45	SINGLE	2	114	544	51	1.513e-05	{V}
UPI0001DC3C45	SINGLE	3	182	301	11	5.540e-05	{M}
UPI0001DC3C45	SINGLE	4	415	492	12	3.183e-04	{I}
UPI0001DC3C45	SINGLE	5	187	276	7	3.505e-04	{W}
UPI0001DC3C45	MULTIPLE	1	31	814	219	3.838e-16	{AVM}
UPI0001DC3C45	WHOLE	1	1	834	121	3.184e-11	{A}
UPI0001DC3C45	WHOLE	2	1	834	78	3.234e-04	{V}
UPI0001DC3C88	SINGLE	1	26	370	60	3.423e-09	{A}
UPI0001DC3C88	SINGLE	2	63	172	25	1.237e-05	{L}
UPI0001DC3C88	SINGLE	3	181	195	6	4.559e-05	{I}
UPI0001DC3C88	SINGLE	4	192	210	7	1.092e-04	{V}
UPI0001DC3C88	SINGLE	5	52	102	10	7.775e-04	{T}
UPI0001DC3C88	MULTIPLE	1	23	378	199	1.337e-16	{ALIVT}
UPI0001DC3C88	WHOLE	1	1	404	64	3.929e-08	{A}
UPI0001DC3C88	WHOLE	2	1	404	57	3.507e-04	{L}
UPI0001DC3C88	WHOLE	3	1	404	34	9.093e-04	{I}
UPI0001DC3C8B	SINGLE	1	118	370	12	3.545e-04	{W}
UPI0001DC3C8B	SINGLE	2	202	219	5	7.334e-04	{Q}
UPI0001DC3C8F	SINGLE	1	92	692	69	3.815e-06	{G}
UPI0001DC3C8F	SINGLE	2	184	207	8	5.767e-05	{T}
UPI0001DC3C8F	SINGLE	3	357	374	6	7.013e-05	{N}
UPI0001DC3C8F	SINGLE	4	6	50	11	8.919e-05	{V}
UPI0001DC3C8F	SINGLE	5	262	334	11	2.293e-04	{Q}
UPI0001DC3C8F	SINGLE	6	73	87	5	2.936e-04	{Q}
UPI0001DC3C8F	SINGLE	7	604	689	11	2.991e-04	{Y}
UPI0001DC3C8F	SINGLE	8	295	314	4	7.691e-04	{M}
UPI0001DC3C8F	MULTIPLE	1	92	694	205	3.358e-10	{GTNYM}
UPI0001DC3C8F	WHOLE	1	1	700	71	1.143e-04	{G}
UPI0001DC3C90	SINGLE	1	174	512	46	2.083e-06	{G}
UPI0001DC3C90	SINGLE	2	399	514	17	4.117e-05	{I}
UPI0001DC3C90	SINGLE	3	4	55	14	1.406e-04	{L}
UPI0001DC3C90	SINGLE	4	556	767	35	2.695e-04	{L}
UPI0001DC3C90	SINGLE	5	417	431	6	5.574e-04	{A}
UPI0001DC3C90	SINGLE	6	50	356	27	7.242e-04	{P}
UPI0001DC3C90	MULTIPLE	1	192	512	74	2.966e-09	{GI}
UPI0001DC3C94	SINGLE	1	53	150	8	9.890e-05	{W}
UPI0001DC3C94	SINGLE	2	59	138	8	3.026e-04	{H}
UPI0001DC3C94	SINGLE	3	5	46	8	6.164e-04	{R}
UPI0001DC3C94	MULTIPLE	1	53	138	15	4.514e-07	{WH}
UPI0001DC3C94	WHOLE	1	1	165	9	6.964e-04	{W}
UPI0001DC3C98	SINGLE	1	214	330	17	3.250e-05	{R}
UPI0001DC3C98	SINGLE	2	224	271	10	6.849e-04	{E}
UPI0001DC3C98	SINGLE	3	19	96	11	8.838e-04	{R}
UPI0001DC3C98	MULTIPLE	1	220	330	28	2.104e-05	{RE}
UPI0001DC3C98	WHOLE	1	1	351	32	2.330e-04	{R}
UPI0001DC3C99	SINGLE	1	5	43	8	1.928e-04	{Q}
UPI0001DC3CA1	SINGLE	1	197	215	6	1.006e-04	{Q}
UPI0001DC3CA1	SINGLE	2	209	225	4	4.036e-04	{M}
UPI0001DC3CA1	SINGLE	3	121	135	5	4.635e-04	{R}
UPI0001DC3CA1	SINGLE	4	124	172	10	9.289e-04	{G}
UPI0001DC3CA1	MULTIPLE	1	197	225	10	7.621e-06	{QM}
UPI0001DC3CA1	MULTIPLE	2	121	172	16	1.102e-04	{RG}
UPI0001DC3CA6	SINGLE	1	57	189	17	4.788e-05	{Q}
UPI0001DC3CA6	SINGLE	2	262	284	5	1.114e-04	{H}
UPI0001DC3CA6	SINGLE	3	12	86	15	4.422e-04	{A}
UPI0001DC3CA6	SINGLE	4	157	329	29	6.176e-04	{L}
UPI0001DC3CA6	SINGLE	5	215	359	20	7.155e-04	{E}
UPI0001DC3CA6	SINGLE	6	76	304	22	9.287e-04	{R}
UPI0001DC3CA6	SINGLE	7	148	180	8	9.330e-04	{G}
UPI0001DC3CA6	MULTIPLE	1	73	342	127	3.205e-08	{QLERG}
UPI0001DC3CA9	SINGLE	1	422	611	31	4.876e-05	{A}
UPI0001DC3CA9	SINGLE	2	663	710	9	3.282e-04	{R}
UPI0001DC3CA9	SINGLE	3	531	547	4	4.036e-04	{M}
UPI0001DC3CA9	SINGLE	4	366	464	16	5.307e-04	{G}
UPI0001DC3CA9	SINGLE	5	344	358	6	5.574e-04	{A}
UPI0001DC3CA9	MULTIPLE	1	443	569	31	1.559e-06	{AM}
UPI0001DC3CC2	SINGLE	1	213	234	7	4.726e-05	{R}
UPI0001DC3CC2	SINGLE	2	12	269	25	6.077e-04	{I}
UPI0001DC3CC5	SINGLE	1	51	120	17	1.917e-06	{G}
UPI0001DC3CC5	SINGLE	2	116	471	35	3.196e-05	{R}
UPI0001DC3CC5	SINGLE	3	401	415	5	2.936e-04	{Q}
UPI0001DC3CC5	SINGLE	4	175	207	5	6.305e-04	{H}
UPI0001DC3CC5	MULTIPLE	1	116	471	48	5.561e-06	{RH}
UPI0001DC3CC5	WHOLE	1	1	478	39	4.657e-04	{R}
UPI0001DC3CE9	SINGLE	1	44	120	11	6.555e-04	{P}
UPI0001DC3CE9	SINGLE	2	122	236	14	8.380e-04	{R}
UPI0001DC3CED	SINGLE	1	436	479	8	4.260e-07	{C}
UPI0001DC3CED	SINGLE	2	323	648	21	9.370e-06	{H}
UPI0001DC3CED	SINGLE	3	329	655	31	2.746e-05	{Q}
UPI0001DC3CED	SINGLE	4	264	700	39	9.102e-05	{R}
UPI0001DC3CED	SINGLE	5	110	223	21	1.309e-04	{A}
UPI0001DC3CED	SINGLE	6	3	77	14	2.202e-04	{V}
UPI0001DC3CED	SINGLE	7	123	154	7	3.177e-04	{Q}
UPI0001DC3CED	SINGLE	8	354	711	51	5.223e-04	{L}
UPI0001DC3CED	MULTIPLE	1	329	711	151	1.014e-14	{CHQRL}
UPI0001DC3CED	MULTIPLE	2	106	223	31	1.489e-05	{AQ}
UPI0001DC3CED	WHOLE	1	1	732	30	4.789e-04	{H}
UPI0001DC3CED	WHOLE	2	1	732	92	4.880e-04	{L}
UPI0001DC3CED	WHOLE	3	1	732	54	5.390e-04	{R}
UPI0001DC3CED	WHOLE	4	1	732	49	8.388e-04	{Q}
UPI0001DC3CFF	SINGLE	1	47	280	44	2.440e-06	{L}
UPI0001DC3CFF	SINGLE	2	297	319	8	3.119e-06	{Q}
UPI0001DC3CFF	SINGLE	3	97	113	5	7.743e-04	{P}
UPI0001DC3CFF	WHOLE	1	1	326	50	1.197e-04	{L}
UPI0001DC3D04	SINGLE	1	52	103	7	1.110e-05	{W}
UPI0001DC3D04	SINGLE	2	7	225	37	1.225e-04	{L}
UPI0001DC3D04	SINGLE	3	44	217	20	1.802e-04	{R}
UPI0001DC3D04	SINGLE	4	11	216	29	8.254e-04	{A}
UPI0001DC3D04	MULTIPLE	1	7	235	101	2.228e-12	{WLRA}
UPI0001DC3D04	WHOLE	1	1	235	12	1.875e-04	{W}
UPI0001DC3D04	WHOLE	2	1	235	38	2.373e-04	{L}
UPI0001DC3D08	SINGLE	1	267	281	6	2.215e-05	{Q}
UPI0001DC3D08	SINGLE	2	149	168	7	1.571e-04	{V}
UPI0001DC3D08	SINGLE	3	52	189	21	1.990e-04	{G}
UPI0001DC3D08	MULTIPLE	1	52	198	36	7.695e-05	{VG}
UPI0001DC3D0A	SINGLE	1	64	513	87	1.882e-11	{L}
UPI0001DC3D0A	SINGLE	2	32	441	54	7.875e-07	{G}
UPI0001DC3D0A	SINGLE	3	3	561	76	1.140e-06	{A}
UPI0001DC3D0A	SINGLE	4	113	137	5	1.683e-04	{M}
UPI0001DC3D0A	SINGLE	5	365	379	4	2.419e-04	{M}
UPI0001DC3D0A	SINGLE	6	477	514	8	2.635e-04	{P}
UPI0001DC3D0A	SINGLE	7	154	259	7	8.983e-04	{W}
UPI0001DC3D0A	MULTIPLE	1	16	535	255	4.666e-26	{LGAMW}
UPI0001DC3D0A	WHOLE	1	1	608	104	3.599e-10	{L}
UPI0001DC3D0A	WHOLE	2	1	608	80	2.083e-06	{A}
UPI0001DC3D0A	WHOLE	3	1	608	64	8.635e-05	{G}
UPI0001DC3D0C	SINGLE	1	47	77	7	2.524e-04	{N}
UPI0001DC3D0D	SINGLE	1	13	398	44	1.801e-07	{I}
UPI0001DC3D0D	SINGLE	2	166	468	49	6.889e-07	{A}
UPI0001DC3D0D	SINGLE	3	114	440	19	8.756e-05	{M}
UPI0001DC3D0D	SINGLE	4	1	15	6	5.574e-04	{A}
UPI0001DC3D0D	MULTIPLE	1	102	443	107	1.312e-14	{IAM}
UPI0001DC3D0D	WHOLE	1	1	485	47	5.743e-06	{I}
UPI0001DC3D0D	WHOLE	2	1	485	64	1.582e-05	{A}
UPI0001DC3D0D	WHOLE	3	1	485	22	6.812e-04	{M}
UPI0001DC3D12	SINGLE	1	122	151	10	1.894e-04	{L}
UPI0001DC3D12	SINGLE	2	2	53	9	7.198e-04	{I}
UPI0001DC3D21	SINGLE	1	71	318	14	8.281e-04	{H}
UPI0001DC3D21	SINGLE	2	145	277	21	9.508e-04	{A}
UPI0001DC3D21	MULTIPLE	1	90	285	34	5.584e-04	{HA}
UPI0001DC3EB1	SINGLE	1	38	116	16	3.995e-05	{G}
UPI0001DC3EB1	SINGLE	2	189	215	9	1.207e-04	{A}
UPI0001DC3EB1	SINGLE	3	111	267	27	6.229e-04	{L}
UPI0001DC3EB1	MULTIPLE	1	119	267	44	6.142e-05	{AL}
UPI0001DC3EB3	SINGLE	1	235	318	21	1.152e-06	{A}
UPI0001DC3EB3	SINGLE	2	196	221	7	1.284e-04	{P}
UPI0001DC3EB3	SINGLE	3	68	118	9	5.138e-04	{R}
UPI0001DC3EB3	WHOLE	1	1	318	49	2.657e-06	{A}
UPI0001DC3ECD	SINGLE	1	154	172	9	9.646e-07	{V}
UPI0001DC3ECD	SINGLE	2	15	34	6	2.355e-04	{R}
UPI0001DC3ECD	SINGLE	3	73	175	13	3.597e-04	{N}
UPI0001DC3ECD	SINGLE	4	66	84	5	6.080e-04	{F}
UPI0001DC3ECD	MULTIPLE	1	73	175	30	2.003e-07	{VN}
UPI0001DC3EF2	SINGLE	1	80	98	6	2.187e-06	{H}
UPI0001DC3EF2	SINGLE	2	40	65	7	8.993e-04	{E}
UPI0001DC3F14	SINGLE	1	16	53	10	1.137e-04	{G}
UPI0001DC3F14	SINGLE	2	11	25	5	5.275e-04	{I}
UPI0001DC3F14	MULTIPLE	1	11	53	16	9.780e-06	{GI}
UPI0001DC3F14	WHOLE	1	1	268	31	9.529e-04	{G}
UPI0001DC3F1B	SINGLE	1	343	367	9	9.931e-06	{T}
UPI0001DC3F1B	SINGLE	2	298	396	23	1.837e-05	{L}
UPI0001DC3F1B	SINGLE	3	15	267	38	4.899e-05	{A}
UPI0001DC3F1B	SINGLE	4	53	132	14	4.296e-04	{E}
UPI0001DC3F1B	SINGLE	5	28	130	20	6.468e-04	{L}
UPI0001DC3F1B	SINGLE	6	131	154	6	6.720e-04	{R}
UPI0001DC3F1B	MULTIPLE	1	309	377	27	1.151e-06	{TL}
UPI0001DC3F1B	MULTIPLE	2	31	252	102	1.025e-08	{AELR}
UPI0001DC3F1B	WHOLE	1	1	449	62	3.607e-04	{L}
UPI0001DC3F1D	SINGLE	1	490	538	17	7.613e-08	{A}
UPI0001DC3F1D	SINGLE	2	185	488	32	3.139e-05	{I}
UPI0001DC3F1D	SINGLE	3	269	284	5	2.574e-04	{F}
UPI0001DC3F1D	SINGLE	4	138	156	4	6.290e-04	{M}
UPI0001DC3F1D	WHOLE	1	1	714	88	8.618e-06	{A}
UPI0001DC3F1F	SINGLE	1	11	200	34	3.297e-06	{A}
UPI0001DC3F1F	SINGLE	2	199	392	22	1.109e-04	{R}
UPI0001DC3F1F	SINGLE	3	24	317	17	2.033e-04	{H}
UPI0001DC3F1F	SINGLE	4	79	194	18	3.275e-04	{V}
UPI0001DC3F1F	MULTIPLE	1	11	392	133	4.229e-10	{ARHV}
UPI0001DC3F1F	WHOLE	1	1	392	53	3.915e-05	{A}
UPI0001DC3F20	SINGLE	1	10	26	7	5.515e-05	{G}
UPI0001DC3F20	SINGLE	2	318	339	6	4.110e-04	{R}
UPI0001DC3F20	SINGLE	3	116	314	29	4.965e-04	{A}
UPI0001DC3F20	SINGLE	4	79	341	15	5.122e-04	{H}
UPI0001DC3F20	SINGLE	5	4	36	8	8.166e-04	{V}
UPI0001DC3F20	SINGLE	6	41	56	6	8.219e-04	{A}
UPI0001DC3F20	MULTIPLE	1	4	31	14	2.508e-06	{GV}
UPI0001DC3F20	MULTIPLE	2	103	320	41	3.365e-05	{AH}
UPI0001DC3F22	SINGLE	1	23	927	112	6.034e-07	{A}
UPI0001DC3F22	SINGLE	2	675	725	13	1.680e-05	{G}
UPI0001DC3F22	SINGLE	3	324	737	23	3.550e-05	{H}
UPI0001DC3F22	SINGLE	4	488	522	6	9.194e-05	{M}
UPI0001DC3F22	SINGLE	5	175	253	14	3.737e-04	{V}
UPI0001DC3F22	SINGLE	6	25	57	7	3.857e-04	{Q}
UPI0001DC3F22	SINGLE	7	259	281	7	4.607e-04	{G}
UPI0001DC3F22	SINGLE	8	524	539	5	5.733e-04	{P}
UPI0001DC3F22	SINGLE	9	443	471	7	7.282e-04	{D}
UPI0001DC3F22	MULTIPLE	1	13	927	178	1.129e-10	{AHM}
UPI0001DC3F22	WHOLE	1	1	957	113	4.291e-06	{A}
UPI0001DC3F25	SINGLE	1	6	26	8	2.978e-04	{L}
UPI0001DC3F2B	SINGLE	1	122	160	11	2.672e-05	{G}
UPI0001DC3F2B	SINGLE	2	66	84	7	3.444e-04	{A}
UPI0001DC3F2B	SINGLE	3	139	158	5	7.789e-04	{F}
UPI0001DC3F2B	MULTIPLE	1	122	160	16	6.752e-07	{GF}
UPI0001DC3F2C	SINGLE	1	114	380	43	3.296e-06	{A}
UPI0001DC3F2C	SINGLE	2	244	300	13	5.723e-05	{G}
UPI0001DC3F2C	SINGLE	3	178	205	7	2.899e-04	{I}
UPI0001DC3F2C	MULTIPLE	1	111	386	95	1.811e-09	{AGI}
UPI0001DC3F2C	WHOLE	1	1	426	55	9.203e-05	{A}
UPI0001DC3F2E	SINGLE	1	96	128	9	1.592e-04	{E}
UPI0001DC3F2E	SINGLE	2	8	321	36	5.066e-04	{G}
UPI0001DC3F2E	SINGLE	3	374	419	11	5.269e-04	{A}
UPI0001DC3F38	SINGLE	1	361	379	7	8.454e-06	{Q}
UPI0001DC3F38	SINGLE	2	2	467	63	9.043e-06	{A}
UPI0001DC3F38	SINGLE	3	140	344	22	1.676e-04	{P}
UPI0001DC3F38	MULTIPLE	1	106	390	62	4.718e-06	{AP}
UPI0001DC3F38	WHOLE	1	1	512	65	4.195e-05	{A}
UPI0001DC3F3B	SINGLE	1	22	195	11	5.587e-05	{W}
UPI0001DC3F3B	SINGLE	2	76	120	6	3.701e-04	{H}
UPI0001DC3F3B	SINGLE	3	69	116	8	4.181e-04	{F}
UPI0001DC3F3B	SINGLE	4	2	162	28	4.319e-04	{L}
UPI0001DC3F3B	MULTIPLE	1	2	189	62	2.779e-08	{WHFL}
UPI0001DC3F3B	WHOLE	1	1	198	11	1.678e-04	{W}
UPI0001DC3F51	SINGLE	1	21	256	41	8.191e-07	{A}
UPI0001DC3F51	SINGLE	2	176	214	9	5.782e-04	{V}
UPI0001DC3F51	WHOLE	1	1	256	42	2.659e-06	{A}
UPI0001DC4133	SINGLE	1	19	333	44	9.391e-07	{V}
UPI0001DC4133	SINGLE	2	29	323	42	1.657e-06	{G}
UPI0001DC4133	SINGLE	3	108	149	11	3.734e-06	{I}
UPI0001DC4133	SINGLE	4	150	204	8	2.204e-05	{M}
UPI0001DC4133	SINGLE	5	44	328	42	3.307e-05	{A}
UPI0001DC4133	SINGLE	6	341	355	5	9.005e-04	{D}
UPI0001DC4133	MULTIPLE	1	16	333	175	4.577e-24	{VGIMA}
UPI0001DC4133	WHOLE	1	1	359	45	1.126e-05	{V}
UPI0001DC4133	WHOLE	2	1	359	44	3.701e-05	{G}
UPI0001DC4133	WHOLE	3	1	359	44	9.709e-04	{A}
UPI0001DC4133	WHOLE	4	1	359	31	9.784e-04	{I}
UPI0001DC4135	SINGLE	1	44	287	46	1.398e-06	{L}
UPI0001DC4135	SINGLE	2	89	264	11	6.168e-05	{W}
UPI0001DC4135	SINGLE	3	197	298	17	2.056e-04	{V}
UPI0001DC4135	SINGLE	4	38	253	32	2.122e-04	{A}
UPI0001DC4135	SINGLE	5	28	148	13	6.596e-04	{F}
UPI0001DC4135	MULTIPLE	1	38	288	131	6.237e-15	{LWVAF}
UPI0001DC4135	WHOLE	1	1	301	50	1.741e-05	{L}
UPI0001DC4135	WHOLE	2	1	301	13	4.858e-04	{W}
UPI0001DC4145	SINGLE	1	48	275	33	1.177e-09	{Q}
UPI0001DC4145	SINGLE	2	120	560	59	2.162e-05	{A}
UPI0001DC4145	SINGLE	3	16	35	7	2.844e-05	{I}
UPI0001DC4145	SINGLE	4	239	398	20	3.813e-04	{D}
UPI0001DC4145	SINGLE	5	277	615	36	5.762e-04	{K}
UPI0001DC4145	SINGLE	6	39	64	6	6.115e-04	{N}
UPI0001DC4145	MULTIPLE	1	67	623	209	2.680e-13	{QADK}
UPI0001DC4145	WHOLE	1	1	623	54	8.881e-07	{Q}
UPI0001DC4145	WHOLE	2	1	623	74	1.055e-04	{A}
UPI0001DC4163	SINGLE	1	135	149	6	2.215e-05	{Q}
UPI0001DC4163	SINGLE	2	3	48	7	5.302e-05	{H}
UPI0001DC4163	SINGLE	3	97	131	9	1.810e-04	{T}
UPI0001DC4163	SINGLE	4	87	111	4	5.908e-04	{C}
UPI0001DC4163	MULTIPLE	1	97	124	11	3.510e-06	{TC}
UPI0001DC4168	SINGLE	1	42	193	13	2.571e-05	{H}
UPI0001DC4168	SINGLE	2	268	309	6	4.925e-05	{C}
UPI0001DC4168	SINGLE	3	151	298	21	3.846e-04	{E}
UPI0001DC4168	MULTIPLE	1	146	309	30	1.359e-05	{CE}
UPI0001DC4169	SINGLE	1	37	366	54	1.315e-05	{L}
UPI0001DC4169	SINGLE	2	180	245	12	5.072e-05	{R}
UPI0001DC4169	SINGLE	3	112	241	8	6.318e-04	{W}
UPI0001DC4169	SINGLE	4	7	22	6	8.219e-04	{A}
UPI0001DC4169	MULTIPLE	1	37	366	88	6.793e-08	{LRW}
UPI0001DC4169	WHOLE	1	1	371	57	4.469e-05	{L}
UPI0001DC416D	SINGLE	1	66	354	31	2.894e-05	{I}
UPI0001DC416D	SINGLE	2	387	478	8	6.417e-05	{W}
UPI0001DC416D	SINGLE	3	402	418	7	1.565e-04	{A}
UPI0001DC416D	SINGLE	4	20	369	41	1.584e-04	{G}
UPI0001DC416D	SINGLE	5	275	296	7	3.023e-04	{V}
UPI0001DC416D	SINGLE	6	202	459	15	4.249e-04	{M}
UPI0001DC416D	SINGLE	7	465	481	6	4.457e-04	{E}
UPI0001DC416D	MULTIPLE	1	58	412	117	6.612e-09	{IGVM}
UPI0001DC4174	SINGLE	1	48	395	49	2.701e-05	{A}
UPI0001DC4174	WHOLE	1	1	397	51	1.703e-04	{A}
UPI0001DC4178	SINGLE	1	554	922	47	8.437e-06	{G}
UPI0001DC4178	SINGLE	2	210	435	16	3.262e-05	{H}
UPI0001DC4178	SINGLE	3	44	375	45	1.214e-04	{A}
UPI0001DC4178	SINGLE	4	268	322	12	1.368e-04	{V}
UPI0001DC4178	SINGLE	5	581	686	15	1.608e-04	{I}
UPI0001DC4178	SINGLE	6	344	379	8	2.564e-04	{I}
UPI0001DC4178	SINGLE	7	920	934	6	5.574e-04	{A}
UPI0001DC4178	SINGLE	8	278	295	6	6.250e-04	{E}
UPI0001DC4178	SINGLE	9	719	767	11	9.006e-04	{A}
UPI0001DC4178	MULTIPLE	1	554	937	126	1.873e-10	{GIA}
UPI0001DC4178	MULTIPLE	2	44	437	132	1.017e-08	{HAVI}
UPI0001DC4178	WHOLE	1	1	956	104	1.683e-04	{A}
UPI0001DC4178	WHOLE	2	1	956	70	3.005e-04	{I}
UPI0001DC4179	SINGLE	1	116	149	10	5.619e-04	{L}
UPI0001DC4179	SINGLE	2	25	258	32	7.682e-04	{A}
UPI0001DC4179	SINGLE	3	65	98	7	8.271e-04	{R}
UPI0001DC4179	MULTIPLE	1	63	222	58	1.186e-05	{LAR}
UPI0001DC417A	SINGLE	1	196	300	11	1.660e-05	{H}
UPI0001DC417A	SINGLE	2	286	306	6	1.796e-04	{N}
UPI0001DC417A	SINGLE	3	177	432	35	4.795e-04	{A}
UPI0001DC417A	SINGLE	4	319	360	7	9.333e-04	{F}
UPI0001DC417A	MULTIPLE	1	176	432	63	2.249e-06	{HAF}
UPI0001DC417B	SINGLE	1	898	948	9	1.062e-07	{C}
UPI0001DC417B	SINGLE	2	852	1010	21	4.021e-06	{N}
UPI0001DC417B	SINGLE	3	1010	1024	5	1.186e-05	{H}
UPI0001DC417B	SINGLE	4	186	429	39	2.510e-04	{L}
UPI0001DC417B	SINGLE	5	455	511	6	2.674e-04	{C}
UPI0001DC417B	SINGLE	6	20	34	5	2.936e-04	{Q}
UPI0001DC417B	SINGLE	7	554	572	7	3.444e-04	{A}
UPI0001DC417B	SINGLE	8	695	766	11	4.610e-04	{R}
UPI0001DC417B	SINGLE	9	716	733	6	6.250e-04	{E}
UPI0001DC417B	SINGLE	10	592	607	5	7.294e-04	{I}
UPI0001DC417B	MULTIPLE	1	852	1013	32	1.289e-09	{CN}
UPI0001DC417B	MULTIPLE	2	695	772	22	2.495e-05	{RE}
UPI0001DC417F	SINGLE	1	39	53	5	1.186e-05	{H}
UPI0001DC417F	SINGLE	2	5	287	39	2.208e-04	{A}
UPI0001DC417F	SINGLE	3	138	202	7	4.536e-04	{H}
UPI0001DC417F	MULTIPLE	1	5	287	55	7.876e-07	{HA}
UPI0001DC417F	WHOLE	1	1	292	39	3.926e-04	{A}
UPI0001DC417F	WHOLE	2	1	292	16	5.221e-04	{H}
UPI0001DC4185	SINGLE	1	25	130	20	5.322e-06	{K}
UPI0001DC4185	SINGLE	2	77	107	8	3.521e-05	{Q}
UPI0001DC4185	SINGLE	3	23	57	10	7.143e-04	{L}
UPI0001DC4185	MULTIPLE	1	23	130	46	3.374e-08	{KQL}
UPI0001DC4185	WHOLE	1	1	138	21	7.980e-05	{K}
UPI0001DC4187	SINGLE	1	199	303	19	3.163e-05	{E}
UPI0001DC4187	SINGLE	2	153	281	18	4.773e-05	{I}
UPI0001DC4187	SINGLE	3	205	233	8	1.179e-04	{D}
UPI0001DC4187	SINGLE	4	54	130	17	3.633e-04	{L}
UPI0001DC4187	SINGLE	5	21	151	8	6.638e-04	{W}
UPI0001DC4187	MULTIPLE	1	168	281	46	2.289e-09	{EID}
UPI0001DC4187	MULTIPLE	2	30	151	29	1.818e-05	{LW}
UPI0001DC4192	SINGLE	1	83	119	9	5.196e-05	{I}
UPI0001DC4192	SINGLE	2	7	28	8	4.250e-04	{L}
UPI0001DC4192	WHOLE	1	1	130	23	9.813e-04	{L}
UPI0001DC4193	SINGLE	1	122	157	10	2.669e-04	{A}
UPI0001DC4193	SINGLE	2	150	196	8	6.914e-04	{Q}
UPI0001DC4193	MULTIPLE	1	122	196	21	1.178e-04	{AQ}
UPI0001DC4194	SINGLE	1	160	400	39	7.804e-06	{A}
UPI0001DC4194	SINGLE	2	210	257	10	8.124e-05	{I}
UPI0001DC4194	SINGLE	3	3	118	22	5.100e-04	{L}
UPI0001DC4194	MULTIPLE	1	158	400	59	4.157e-07	{AI}
UPI0001DC4194	WHOLE	1	1	418	50	8.248e-04	{A}
UPI0001DC4195	SINGLE	1	38	78	11	8.398e-07	{Q}
UPI0001DC4195	SINGLE	2	3	19	7	4.133e-04	{L}
UPI0001DC41A8	SINGLE	1	333	517	29	6.375e-06	{V}
UPI0001DC41A8	SINGLE	2	135	157	8	8.015e-06	{I}
UPI0001DC41A8	SINGLE	3	140	392	36	8.241e-06	{G}
UPI0001DC41A8	SINGLE	4	14	422	35	9.854e-06	{F}
UPI0001DC41A8	SINGLE	5	500	515	5	4.085e-04	{Q}
UPI0001DC41A8	SINGLE	6	11	370	51	5.849e-04	{L}
UPI0001DC41A8	MULTIPLE	1	9	517	203	6.535e-12	{VGFL}
UPI0001DC41A8	WHOLE	1	1	530	56	1.910e-04	{G}
UPI0001DC41A8	WHOLE	2	1	530	44	2.883e-04	{I}
UPI0001DC41A8	WHOLE	3	1	530	35	9.721e-04	{F}
UPI0001DC41AA	SINGLE	1	64	276	32	5.495e-06	{V}
UPI0001DC41AF	SINGLE	1	275	502	26	5.282e-06	{Q}
UPI0001DC41AF	SINGLE	2	3	17	6	2.045e-04	{V}
UPI0001DC41AF	SINGLE	3	144	158	6	3.585e-04	{S}
UPI0001DC41AF	WHOLE	1	1	502	40	1.015e-04	{Q}
UPI0001DC41B0	SINGLE	1	337	360	6	3.999e-04	{Q}
UPI0001DC41B0	SINGLE	2	110	205	17	7.855e-04	{A}
UPI0001DC41B1	SINGLE	1	43	171	23	1.087e-04	{A}
UPI0001DC41B1	SINGLE	2	77	149	8	1.635e-04	{H}
UPI0001DC41B1	MULTIPLE	1	40	171	32	1.262e-06	{AH}
UPI0001DC4277	SINGLE	1	102	551	44	4.511e-06	{R}
UPI0001DC4277	SINGLE	2	293	307	5	1.842e-04	{F}
UPI0001DC4277	SINGLE	3	105	196	13	2.564e-04	{P}
UPI0001DC4277	SINGLE	4	277	292	7	2.677e-04	{L}
UPI0001DC4277	SINGLE	5	51	79	6	5.635e-04	{Y}
UPI0001DC4277	SINGLE	6	406	459	8	9.074e-04	{F}
UPI0001DC4277	WHOLE	1	1	555	47	6.979e-05	{R}
UPI0001DC4279	SINGLE	1	73	209	10	6.499e-05	{C}
UPI0001DC4279	SINGLE	2	13	28	7	9.989e-05	{A}
UPI0001DC4279	SINGLE	3	37	194	12	1.519e-04	{M}
UPI0001DC4279	SINGLE	4	201	249	8	4.802e-04	{F}
UPI0001DC4279	SINGLE	5	191	222	7	6.733e-04	{I}
UPI0001DC4279	MULTIPLE	1	37	194	21	4.947e-07	{CM}
UPI0001DC4279	MULTIPLE	2	195	230	12	3.092e-05	{FI}
UPI0001DC4279	WHOLE	1	1	282	15	9.875e-04	{M}
UPI0001DC427A	SINGLE	1	20	83	15	4.035e-04	{L}
UPI0001DC4288	SINGLE	1	3	34	7	5.709e-04	{R}
UPI0001DC42C0	SINGLE	1	51	529	81	3.560e-11	{A}
UPI0001DC42C0	SINGLE	2	38	527	48	1.149e-07	{Q}
UPI0001DC42C0	SINGLE	3	187	248	13	7.090e-06	{I}
UPI0001DC42C0	SINGLE	4	350	373	7	1.037e-04	{I}
UPI0001DC42C0	SINGLE	5	85	99	6	1.598e-04	{T}
UPI0001DC42C0	SINGLE	6	5	23	6	2.019e-04	{I}
UPI0001DC42C0	MULTIPLE	1	38	529	162	7.037e-18	{AQI}
UPI0001DC42C0	WHOLE	1	1	533	82	2.544e-09	{A}
UPI0001DC42C0	WHOLE	2	1	533	49	5.239e-07	{Q}
UPI0001DC43CE	SINGLE	1	7	257	29	8.143e-06	{R}
UPI0001DC43CE	SINGLE	2	474	497	6	1.935e-04	{Y}
UPI0001DC43CE	SINGLE	3	85	481	57	2.357e-04	{L}
UPI0001DC43CE	SINGLE	4	288	302	4	2.419e-04	{H}
UPI0001DC43CE	SINGLE	5	306	327	7	5.623e-04	{S}
UPI0001DC43CE	MULTIPLE	1	13	481	120	5.870e-08	{RLH}
UPI0001DC43CE	WHOLE	1	1	505	45	3.172e-05	{R}
UPI0001DC43F5	SINGLE	1	204	875	144	5.246e-57	{Q}
UPI0001DC43F5	SINGLE	2	4	1003	144	2.837e-08	{L}
UPI0001DC43F5	SINGLE	3	28	772	93	3.091e-06	{A}
UPI0001DC43F5	SINGLE	4	168	274	17	3.618e-04	{E}
UPI0001DC43F5	SINGLE	5	251	497	24	5.065e-04	{R}
UPI0001DC43F5	SINGLE	6	295	432	10	7.137e-04	{H}
UPI0001DC43F5	MULTIPLE	1	46	972	400	1.425e-16	{LAERH}
UPI0001DC43F5	WHOLE	1	1	1047	159	2.195e-42	{Q}
UPI0001DC43F5	WHOLE	2	1	1047	146	1.543e-07	{L}
UPI0001DC43F5	WHOLE	3	1	1047	115	6.367e-05	{A}
UPI0001DC442D	SINGLE	1	3	102	14	2.865e-04	{I}
UPI0001DC442D	SINGLE	2	36	101	15	5.598e-04	{L}
UPI0001DC442D	MULTIPLE	1	3	102	33	9.805e-07	{IL}
UPI0001DC4442	SINGLE	1	1	57	7	2.055e-04	{M}
UPI0001DC4442	SINGLE	2	222	285	14	2.676e-04	{A}
UPI0001DC4442	SINGLE	3	69	83	5	4.635e-04	{R}
UPI0001DC4537	SINGLE	1	163	233	18	5.024e-07	{G}
UPI0001DC4537	SINGLE	2	449	468	7	4.883e-04	{A}
UPI0001DC453F	SINGLE	1	284	323	11	1.490e-04	{A}
UPI0001DC453F	SINGLE	2	4	89	16	6.493e-04	{A}
UPI0001DC45EA	SINGLE	1	304	358	15	1.180e-05	{A}
UPI0001DC45EA	SINGLE	2	84	116	11	2.209e-05	{A}
UPI0001DC45EA	SINGLE	3	69	83	5	2.936e-04	{Q}
UPI0001DC45EA	SINGLE	4	201	284	8	4.165e-04	{M}
UPI0001DC45EA	SINGLE	5	20	43	7	5.364e-04	{V}
UPI0001DC45EA	WHOLE	1	1	398	49	5.220e-04	{A}
UPI0001DC45EA	WHOLE	2	1	398	19	8.427e-04	{M}
UPI0001DC45EB	SINGLE	1	314	345	11	6.795e-05	{L}
UPI0001DC45EB	SINGLE	2	264	279	7	9.989e-05	{A}
UPI0001DC45EB	SINGLE	3	71	85	5	4.635e-04	{R}
UPI0001DC45EB	SINGLE	4	49	67	6	8.541e-04	{E}
UPI0001DC45EB	WHOLE	1	1	382	47	6.560e-04	{A}
UPI0001DC45EC	SINGLE	1	12	32	7	2.204e-04	{V}
UPI0001DC45EC	SINGLE	2	26	179	25	2.434e-04	{A}
UPI0001DC45EC	WHOLE	1	1	198	28	9.225e-04	{A}
UPI0001DC460C	SINGLE	1	222	259	10	4.217e-04	{A}
UPI0001DC4613	SINGLE	1	271	289	6	1.731e-04	{R}
UPI0001DC4613	SINGLE	2	459	483	6	5.033e-04	{Q}
UPI0001DC4613	SINGLE	3	187	264	11	7.275e-04	{P}
UPI0001DC461B	SINGLE	1	68	228	33	6.241e-06	{L}
UPI0001DC461B	SINGLE	2	33	155	17	6.025e-05	{R}
UPI0001DC461B	MULTIPLE	1	85	175	32	2.362e-07	{LR}
UPI0001DC461B	WHOLE	1	1	235	38	2.373e-04	{L}
UPI0001DC461D	SINGLE	1	5	28	9	1.452e-04	{L}
UPI0001DC461D	SINGLE	2	66	139	13	7.630e-04	{G}
UPI0001DC461E	SINGLE	1	18	119	20	9.471e-08	{I}
UPI0001DC461E	SINGLE	2	32	48	7	1.824e-06	{F}
UPI0001DC461E	MULTIPLE	1	12	125	36	5.218e-12	{IF}
UPI0001DC461E	WHOLE	1	1	138	20	1.119e-05	{I}
UPI0001DC461E	WHOLE	2	1	138	16	7.691e-05	{F}
UPI0001DC4631	SINGLE	1	207	221	5	2.875e-04	{N}
UPI0001DC4631	SINGLE	2	34	62	9	6.862e-04	{L}
UPI0001DC4635	SINGLE	1	7	244	43	1.575e-07	{A}
UPI0001DC4635	WHOLE	1	1	244	43	3.130e-07	{A}
UPI0001DC4636	SINGLE	1	55	203	29	5.366e-05	{L}
UPI0001DC4636	SINGLE	2	238	261	4	5.044e-04	{C}
UPI0001DC4636	SINGLE	3	187	201	6	5.574e-04	{A}
UPI0001DC4637	SINGLE	1	168	667	67	4.686e-07	{S}
UPI0001DC4637	SINGLE	2	63	748	54	1.087e-05	{N}
UPI0001DC4637	SINGLE	3	138	152	4	5.704e-05	{W}
UPI0001DC4637	MULTIPLE	1	59	750	153	1.536e-11	{SNW}
UPI0001DC4637	WHOLE	1	1	819	90	2.190e-05	{S}
UPI0001DC4637	WHOLE	2	1	819	59	5.137e-05	{N}
UPI0001DC463A	SINGLE	1	214	512	27	1.613e-04	{N}
UPI0001DC463A	SINGLE	2	460	489	7	2.099e-04	{Q}
UPI0001DC463A	SINGLE	3	30	107	13	2.597e-04	{D}
UPI0001DC463C	SINGLE	1	287	318	6	9.997e-06	{C}
UPI0001DC463C	SINGLE	2	82	131	10	9.171e-05	{R}
UPI0001DC463C	SINGLE	3	96	166	8	1.355e-04	{M}
UPI0001DC463C	SINGLE	4	248	284	8	2.182e-04	{P}
UPI0001DC463C	SINGLE	5	246	263	4	5.076e-04	{H}
UPI0001DC463C	SINGLE	6	189	244	11	6.255e-04	{V}
UPI0001DC463C	MULTIPLE	1	82	166	21	2.178e-07	{RM}
UPI0001DC463C	MULTIPLE	2	246	284	13	9.385e-07	{PH}
UPI0001DC463D	SINGLE	1	60	229	18	2.961e-04	{Q}
UPI0001DC463D	SINGLE	2	75	155	12	3.487e-04	{R}
UPI0001DC463D	SINGLE	3	290	306	5	8.659e-04	{R}
UPI0001DC463D	MULTIPLE	1	60	229	32	3.884e-05	{QR}
UPI0001DC4640	SINGLE	1	8	143	27	6.601e-05	{L}
UPI0001DC4640	SINGLE	2	22	36	6	2.293e-04	{G}
UPI0001DC4640	SINGLE	3	9	244	24	4.026e-04	{I}
UPI0001DC4640	MULTIPLE	1	8	240	85	1.368e-08	{LGI}
UPI0001DC4640	WHOLE	1	1	293	45	2.291e-04	{L}
UPI0001DC4641	SINGLE	1	28	53	7	3.644e-04	{D}
UPI0001DC4641	SINGLE	2	7	22	6	8.219e-04	{A}
UPI0001DC4646	SINGLE	1	104	259	22	8.910e-07	{Q}
UPI0001DC4646	SINGLE	2	992	1008	7	5.515e-05	{G}
UPI0001DC4646	SINGLE	3	333	475	19	5.813e-05	{I}
UPI0001DC4646	SINGLE	4	105	1027	89	5.853e-05	{V}
UPI0001DC4646	SINGLE	5	829	888	14	1.345e-04	{A}
UPI0001DC4646	SINGLE	6	609	623	6	2.293e-04	{G}
UPI0001DC4646	SINGLE	7	1019	1034	5	2.574e-04	{F}
UPI0001DC4646	SINGLE	8	286	305	7	4.883e-04	{A}
UPI0001DC4646	SINGLE	9	395	842	21	6.052e-04	{M}
UPI0001DC4646	SINGLE	10	516	593	13	6.882e-04	{T}
UPI0001DC4646	SINGLE	11	845	987	25	7.468e-04	{L}
UPI0001DC4646	SINGLE	12	621	791	17	7.807e-04	{N}
UPI0001DC4646	MULTIPLE	1	135	1027	519	1.041e-14	{IVAGFMLN}
UPI0001DC4646	WHOLE	1	1	1037	114	6.603e-05	{A}
UPI0001DC4646	WHOLE	2	1	1037	96	1.279e-04	{V}
UPI0001DC4646	WHOLE	3	1	1037	40	2.416e-04	{M}
UPI0001DC4648	SINGLE	1	291	331	10	1.261e-04	{K}
UPI0001DC4648	SINGLE	2	11	327	25	2.809e-04	{Y}
UPI0001DC4648	SINGLE	3	53	111	9	3.653e-04	{F}
UPI0001DC4648	SINGLE	4	153	224	10	7.724e-04	{N}
UPI0001DC4648	SINGLE	5	15	52	7	8.898e-04	{N}
UPI0001DC4648	MULTIPLE	1	2	331	98	1.176e-07	{KYFN}
UPI0001DC4648	WHOLE	1	1	331	25	5.046e-04	{Y}
UPI0001DC464A	SINGLE	1	17	329	55	9.969e-09	{A}
UPI0001DC464A	SINGLE	2	379	393	7	1.659e-04	{L}
UPI0001DC464A	SINGLE	3	22	36	5	4.635e-04	{R}
UPI0001DC464A	SINGLE	4	332	367	7	6.427e-04	{N}
UPI0001DC464A	SINGLE	5	231	334	16	7.175e-04	{V}
UPI0001DC464A	MULTIPLE	1	17	338	87	1.251e-09	{AV}
UPI0001DC464A	WHOLE	1	1	406	59	1.976e-06	{A}
UPI0001DC464B	SINGLE	1	168	494	19	5.526e-07	{W}
UPI0001DC464B	SINGLE	2	199	296	18	3.997e-05	{V}
UPI0001DC464B	SINGLE	3	101	499	35	4.288e-05	{Q}
UPI0001DC464B	SINGLE	4	28	58	5	4.717e-04	{M}
UPI0001DC464B	MULTIPLE	1	99	499	55	2.778e-09	{WQ}
UPI0001DC464B	WHOLE	1	1	505	23	2.389e-06	{W}
UPI0001DC464B	WHOLE	2	1	505	39	2.113e-04	{Q}
UPI0001DC47BA	SINGLE	1	7	443	50	6.619e-05	{G}
UPI0001DC47BA	SINGLE	2	470	487	6	7.192e-05	{Q}
UPI0001DC47BA	SINGLE	3	363	496	11	1.444e-04	{H}
UPI0001DC47BA	MULTIPLE	1	7	496	69	3.563e-05	{GH}
UPI0001DC47BA	WHOLE	1	1	498	51	6.270e-04	{G}
UPI0001DC47BB	SINGLE	1	46	220	34	5.129e-07	{A}
UPI0001DC47BB	WHOLE	1	1	220	38	2.240e-06	{A}
UPI0001DC47BD	SINGLE	1	32	46	5	5.275e-04	{I}
UPI0001DC47C7	SINGLE	1	5	26	8	4.250e-04	{L}
UPI0001DC47CA	SINGLE	1	20	36	7	1.565e-04	{A}
UPI0001DC47CB	SINGLE	1	234	259	8	2.195e-05	{I}
UPI0001DC47CB	SINGLE	2	58	119	8	5.246e-05	{H}
UPI0001DC47CB	SINGLE	3	13	36	6	3.999e-04	{Q}
UPI0001DC47CC	SINGLE	1	70	196	24	3.192e-04	{L}
UPI0001DC47CC	SINGLE	2	25	113	7	4.932e-04	{C}
UPI0001DC47CC	MULTIPLE	1	25	196	36	4.450e-05	{LC}
UPI0001DC47CC	WHOLE	1	1	201	32	8.082e-04	{L}
UPI0001DC47CE	SINGLE	1	45	316	29	5.503e-05	{I}
UPI0001DC47CE	SINGLE	2	96	120	5	1.683e-04	{H}
UPI0001DC47CE	SINGLE	3	19	36	7	6.140e-04	{L}
UPI0001DC47CE	MULTIPLE	1	56	305	39	2.069e-06	{IH}
UPI0001DC47E7	SINGLE	1	73	89	5	5.538e-04	{Q}
UPI0001DC47EE	SINGLE	1	68	429	60	3.319e-06	{L}
UPI0001DC47EE	SINGLE	2	103	150	14	9.958e-06	{A}
UPI0001DC47EE	SINGLE	3	9	366	43	4.382e-05	{V}
UPI0001DC47EE	SINGLE	4	17	97	7	1.864e-04	{W}
UPI0001DC47EE	SINGLE	5	7	408	36	2.437e-04	{I}
UPI0001DC47EE	MULTIPLE	1	2	425	215	2.102e-19	{LAVWI}
UPI0001DC47EE	WHOLE	1	1	429	68	3.811e-06	{L}
UPI0001DC47EE	WHOLE	2	1	429	47	1.658e-04	{V}
UPI0001DC47EE	WHOLE	3	1	429	53	3.161e-04	{A}
UPI0001DC47EE	WHOLE	4	1	429	36	7.163e-04	{I}
UPI0001DC4884	SINGLE	1	44	58	5	1.186e-05	{H}
UPI0001DC4884	SINGLE	2	116	163	5	8.974e-04	{C}
UPI0001DC492E	SINGLE	1	8	293	50	4.524e-06	{L}
UPI0001DC492E	SINGLE	2	68	111	7	3.967e-05	{M}
UPI0001DC492E	MULTIPLE	1	8	293	61	5.673e-07	{LM}
UPI0001DC492E	WHOLE	1	1	319	52	2.020e-05	{L}
UPI0001DC4960	SINGLE	1	33	74	10	1.945e-05	{R}
UPI0001DC4960	WHOLE	1	1	100	15	6.260e-05	{R}
UPI0001DC4964	SINGLE	1	41	144	20	7.276e-04	{L}
UPI0001DC4966	SINGLE	1	58	223	31	3.516e-06	{A}
UPI0001DC4966	SINGLE	2	116	198	12	4.327e-04	{R}
UPI0001DC4966	MULTIPLE	1	64	223	42	1.563e-06	{AR}
UPI0001DC4966	WHOLE	1	1	266	39	6.575e-05	{A}
UPI0001DC4969	SINGLE	1	13	30	6	7.013e-05	{N}
UPI0001DC4969	SINGLE	2	104	195	14	1.224e-04	{I}
UPI0001DC4969	SINGLE	3	345	369	8	2.213e-04	{S}
UPI0001DC4969	SINGLE	4	318	407	12	3.622e-04	{N}
UPI0001DC4969	SINGLE	5	58	75	6	6.250e-04	{E}
UPI0001DC4969	SINGLE	6	59	373	31	8.140e-04	{D}
UPI0001DC4969	SINGLE	7	88	107	6	8.986e-04	{T}
UPI0001DC4969	MULTIPLE	1	52	387	60	1.538e-05	{ID}
UPI0001DC4969	MULTIPLE	2	345	369	11	3.809e-05	{SN}
UPI0001DC4969	WHOLE	1	1	419	32	7.285e-04	{N}
UPI0001DC496C	SINGLE	1	23	39	6	1.019e-04	{I}
UPI0001DC496C	SINGLE	2	36	179	11	2.635e-04	{H}
UPI0001DC496C	SINGLE	3	48	173	8	8.033e-04	{C}
UPI0001DC496C	SINGLE	4	283	302	6	8.986e-04	{T}
UPI0001DC496C	MULTIPLE	1	36	179	19	1.838e-06	{HC}
UPI0001DC496E	SINGLE	1	38	52	5	2.936e-04	{Q}
UPI0001DC496E	SINGLE	2	197	228	7	6.733e-04	{I}
UPI0001DC4971	SINGLE	1	4	231	36	4.970e-04	{L}
UPI0001DC4991	SINGLE	1	21	72	12	1.526e-06	{Q}
UPI0001DC4991	WHOLE	1	1	72	13	9.791e-06	{Q}
UPI0001DC4AFD	SINGLE	1	232	270	12	3.624e-06	{E}
UPI0001DC4AFD	SINGLE	2	197	235	9	3.005e-05	{Q}
UPI0001DC4AFD	SINGLE	3	18	75	11	8.463e-04	{E}
UPI0001DC4B02	SINGLE	1	12	469	61	8.763e-04	{L}
UPI0001DC4B05	SINGLE	1	223	288	10	9.401e-08	{C}
UPI0001DC4B05	SINGLE	2	76	171	25	9.867e-07	{L}
UPI0001DC4B05	SINGLE	3	9	53	6	4.963e-05	{W}
UPI0001DC4B05	SINGLE	4	172	200	5	3.445e-04	{M}
UPI0001DC4B05	WHOLE	1	1	357	50	8.084e-04	{L}
UPI0001DC4B06	SINGLE	1	11	25	5	1.842e-04	{F}
UPI0001DC4B09	SINGLE	1	141	355	46	3.517e-08	{L}
UPI0001DC4B09	SINGLE	2	316	332	8	9.053e-06	{S}
UPI0001DC4B09	SINGLE	3	11	362	17	2.138e-05	{W}
UPI0001DC4B09	SINGLE	4	72	312	23	5.577e-05	{F}
UPI0001DC4B09	SINGLE	5	67	82	7	9.989e-05	{A}
UPI0001DC4B09	MULTIPLE	1	7	356	105	9.666e-14	{LWF}
UPI0001DC4B09	WHOLE	1	1	378	64	8.317e-07	{L}
UPI0001DC4B09	WHOLE	2	1	378	17	4.994e-05	{W}
UPI0001DC4B09	WHOLE	3	1	378	28	5.744e-04	{F}
UPI0001DC4B0A	SINGLE	1	12	116	17	5.723e-07	{F}
UPI0001DC4B0A	SINGLE	2	36	504	25	3.286e-05	{M}
UPI0001DC4B0A	SINGLE	3	421	451	5	8.446e-05	{W}
UPI0001DC4B0A	SINGLE	4	399	432	11	1.242e-04	{L}
UPI0001DC4B0A	SINGLE	5	494	513	6	1.375e-04	{Q}
UPI0001DC4B0A	SINGLE	6	14	33	8	2.030e-04	{L}
UPI0001DC4B0A	SINGLE	7	190	384	28	7.453e-04	{A}
UPI0001DC4B0A	SINGLE	8	175	193	6	8.474e-04	{V}
UPI0001DC4B0A	MULTIPLE	1	1	493	193	3.832e-13	{FMWLA}
UPI0001DC4B0A	WHOLE	1	1	514	26	5.284e-05	{M}
UPI0001DC4B0A	WHOLE	2	1	514	18	5.461e-04	{W}
UPI0001DC4B0A	WHOLE	3	1	514	67	9.000e-04	{L}
UPI0001DC4B0F	SINGLE	1	171	198	8	2.702e-05	{P}
UPI0001DC4B0F	SINGLE	2	147	169	9	2.916e-05	{A}
UPI0001DC4B0F	SINGLE	3	62	297	13	9.958e-05	{C}
UPI0001DC4B0F	SINGLE	4	42	205	20	1.208e-04	{I}
UPI0001DC4B0F	SINGLE	5	331	347	7	1.565e-04	{A}
UPI0001DC4B0F	SINGLE	6	334	348	6	2.045e-04	{V}
UPI0001DC4B0F	MULTIPLE	1	40	205	42	1.989e-07	{PCI}
UPI0001DC4B0F	MULTIPLE	2	331	348	13	4.248e-08	{AV}
UPI0001DC4B16	SINGLE	1	195	269	22	3.229e-08	{A}
UPI0001DC4B16	SINGLE	2	430	663	29	2.159e-06	{R}
UPI0001DC4B16	SINGLE	3	4	660	94	6.059e-06	{L}
UPI0001DC4B16	SINGLE	4	172	186	6	2.215e-05	{Q}
UPI0001DC4B16	SINGLE	5	76	91	7	9.989e-05	{A}
UPI0001DC4B16	SINGLE	6	31	169	9	2.106e-04	{W}
UPI0001DC4B16	SINGLE	7	107	192	12	4.769e-04	{P}
UPI0001DC4B16	SINGLE	8	315	482	17	6.797e-04	{Q}
UPI0001DC4B16	SINGLE	9	563	577	5	9.005e-04	{D}
UPI0001DC4B16	MULTIPLE	1	2	652	277	6.991e-17	{ALQWP}
UPI0001DC4B16	MULTIPLE	2	315	668	62	2.921e-07	{RQ}
UPI0001DC4B16	WHOLE	1	1	671	84	7.568e-06	{A}
UPI0001DC4B16	WHOLE	2	1	671	94	1.305e-05	{L}
UPI0001DC4B16	WHOLE	3	1	671	53	1.421e-04	{R}
UPI0001DC4B16	WHOLE	4	1	671	46	7.290e-04	{Q}
UPI0001DC4B34	SINGLE	1	272	314	9	1.739e-04	{I}
UPI0001DC4B34	SINGLE	2	17	312	35	3.539e-04	{G}
UPI0001DC4B34	MULTIPLE	1	11	314	61	6.585e-06	{IG}
UPI0001DC4CC4	SINGLE	1	176	416	44	8.534e-08	{A}
UPI0001DC4CC4	SINGLE	2	96	280	28	1.034e-07	{I}
UPI0001DC4CC4	SINGLE	3	3	66	13	1.554e-04	{V}
UPI0001DC4CC4	SINGLE	4	76	107	7	1.735e-04	{F}
UPI0001DC4CC4	SINGLE	5	33	374	40	1.912e-04	{G}
UPI0001DC4CC4	MULTIPLE	1	33	416	167	1.442e-18	{AIFG}
UPI0001DC4CC4	WHOLE	1	1	416	59	4.114e-06	{A}
UPI0001DC4CC4	WHOLE	2	1	416	42	6.488e-06	{I}
UPI0001DC4CC4	WHOLE	3	1	416	44	7.164e-04	{G}
UPI0001DC4CC5	SINGLE	1	103	208	21	3.780e-04	{L}
UPI0001DC4CC5	SINGLE	2	8	76	11	4.062e-04	{I}
UPI0001DC4CC5	SINGLE	3	327	341	6	5.574e-04	{A}
UPI0001DC4CC5	SINGLE	4	77	235	11	5.837e-04	{H}
UPI0001DC4CC5	MULTIPLE	1	101	208	26	9.924e-05	{LH}
UPI0001DC4CC6	SINGLE	1	8	170	23	2.303e-04	{V}
UPI0001DC4CC6	SINGLE	2	27	268	27	2.803e-04	{D}
UPI0001DC4CC6	SINGLE	3	450	472	7	4.101e-04	{E}
UPI0001DC4CC6	SINGLE	4	157	416	30	4.443e-04	{T}
UPI0001DC4CC6	SINGLE	5	495	574	11	4.782e-04	{N}
UPI0001DC4CC6	SINGLE	6	138	637	51	6.819e-04	{G}
UPI0001DC4CC6	SINGLE	7	637	651	5	9.005e-04	{D}
UPI0001DC4CC6	SINGLE	8	338	621	12	9.174e-04	{W}
UPI0001DC4CC6	MULTIPLE	1	21	645	224	4.463e-08	{VDTGW}
UPI0001DC4CC7	SINGLE	1	16	373	73	5.848e-11	{L}
UPI0001DC4CC7	SINGLE	2	38	368	18	2.651e-06	{W}
UPI0001DC4CC7	SINGLE	3	70	241	24	2.725e-04	{G}
UPI0001DC4CC7	MULTIPLE	1	16	373	124	1.613e-15	{LWG}
UPI0001DC4CC7	WHOLE	1	1	385	74	6.730e-10	{L}
UPI0001DC4CC7	WHOLE	2	1	385	18	1.911e-05	{W}
UPI0001DC4CC8	SINGLE	1	26	87	8	6.078e-06	{C}
UPI0001DC4CC8	SINGLE	2	286	303	6	6.250e-04	{E}
UPI0001DC4CC9	SINGLE	1	8	282	45	1.334e-06	{A}
UPI0001DC4CC9	WHOLE	1	1	294	46	3.424e-06	{A}
UPI0001DC4CD9	SINGLE	1	106	141	12	4.539e-05	{L}
UPI0001DC4CD9	SINGLE	2	184	208	7	1.370e-04	{I}
UPI0001DC4CD9	SINGLE	3	68	84	7	1.565e-04	{A}
UPI0001DC4CD9	SINGLE	4	94	133	9	8.070e-04	{G}
UPI0001DC4CD9	MULTIPLE	1	88	141	24	4.888e-07	{LG}
UPI0001DC4CDA	SINGLE	1	317	374	13	5.584e-05	{V}
UPI0001DC4CDA	SINGLE	2	251	336	13	1.332e-04	{P}
UPI0001DC4CDA	SINGLE	3	355	369	5	4.635e-04	{R}
UPI0001DC4CDA	SINGLE	4	26	189	11	7.452e-04	{H}
UPI0001DC4CDA	SINGLE	5	94	269	23	8.280e-04	{G}
UPI0001DC4CDA	SINGLE	6	8	347	48	8.452e-04	{L}
UPI0001DC4CDA	MULTIPLE	1	291	339	17	9.518e-06	{VP}
UPI0001DC4CDA	MULTIPLE	2	43	290	72	7.094e-06	{HGL}
UPI0001DC4CDB	SINGLE	1	4	170	20	2.869e-05	{Q}
UPI0001DC4CDB	SINGLE	2	25	153	25	1.694e-04	{L}
UPI0001DC4CDB	SINGLE	3	330	344	5	4.635e-04	{R}
UPI0001DC4CDB	MULTIPLE	1	4	162	45	4.980e-07	{QL}
UPI0001DC4CDB	WHOLE	1	1	429	35	1.605e-04	{Q}
UPI0001DC4CE3	SINGLE	1	621	1067	71	7.135e-09	{A}
UPI0001DC4CE3	SINGLE	2	307	523	38	2.852e-08	{G}
UPI0001DC4CE3	SINGLE	3	275	298	5	1.377e-04	{H}
UPI0001DC4CE3	SINGLE	4	1091	1105	6	2.293e-04	{G}
UPI0001DC4CE3	SINGLE	5	637	682	10	4.827e-04	{V}
UPI0001DC4CE3	MULTIPLE	1	616	1070	112	2.371e-09	{AV}
UPI0001DC4CE3	WHOLE	1	1	1295	147	1.915e-06	{A}
UPI0001DC4CE3	WHOLE	2	1	1295	114	4.290e-04	{G}
UPI0001DC4CEF	SINGLE	1	283	302	7	1.244e-05	{Q}
UPI0001DC4CEF	SINGLE	2	8	320	49	8.593e-05	{L}
UPI0001DC4CEF	SINGLE	3	91	258	18	7.711e-04	{R}
UPI0001DC4CEF	MULTIPLE	1	8	320	73	3.129e-06	{LR}
UPI0001DC4CEF	WHOLE	1	1	325	49	1.996e-04	{L}
UPI0001DC4E0A	SINGLE	1	106	152	16	1.901e-08	{E}
UPI0001DC4E0A	SINGLE	2	28	70	9	1.739e-04	{I}
UPI0001DC4E0A	SINGLE	3	14	56	9	8.474e-04	{K}
UPI0001DC4E0A	MULTIPLE	1	21	57	15	3.403e-06	{IK}
UPI0001DC4E0A	WHOLE	1	1	160	26	9.838e-06	{E}
UPI0001DC4E0B	SINGLE	1	46	94	13	5.874e-05	{A}
UPI0001DC4E0F	SINGLE	1	34	62	10	4.843e-06	{K}
UPI0001DC4E0F	SINGLE	2	81	107	7	4.646e-04	{D}
UPI0001DC4E49	SINGLE	1	11	210	26	2.903e-06	{R}
UPI0001DC4E49	SINGLE	2	335	373	10	5.227e-04	{A}
UPI0001DC4E49	SINGLE	3	47	64	6	6.921e-04	{G}
UPI0001DC4E49	SINGLE	4	218	331	17	7.117e-04	{V}
UPI0001DC4E49	SINGLE	5	4	133	23	9.813e-04	{L}
UPI0001DC4E49	MULTIPLE	1	4	210	55	8.198e-07	{RL}
UPI0001DC4E4A	SINGLE	1	67	749	102	1.979e-10	{A}
UPI0001DC4E4A	SINGLE	2	222	751	93	7.582e-10	{L}
UPI0001DC4E4A	SINGLE	3	569	758	17	9.239e-07	{H}
UPI0001DC4E4A	SINGLE	4	52	752	58	1.527e-06	{Q}
UPI0001DC4E4A	SINGLE	5	74	264	12	2.818e-05	{W}
UPI0001DC4E4A	SINGLE	6	333	375	9	1.172e-04	{P}
UPI0001DC4E4A	SINGLE	7	112	144	8	3.034e-04	{D}
UPI0001DC4E4A	MULTIPLE	1	51	754	359	1.960e-32	{ALHQWP}
UPI0001DC4E4A	WHOLE	1	1	759	106	3.505e-09	{A}
UPI0001DC4E4A	WHOLE	2	1	759	112	2.348e-07	{L}
UPI0001DC4E4A	WHOLE	3	1	759	59	7.653e-06	{Q}
UPI0001DC4E4A	WHOLE	4	1	759	32	2.144e-04	{H}
UPI0001DC4E51	SINGLE	1	37	158	21	3.252e-04	{A}
UPI0001DC4E51	SINGLE	2	4	145	20	5.489e-04	{V}
UPI0001DC4E51	MULTIPLE	1	4	152	42	5.240e-06	{AV}
UPI0001DC4E54	SINGLE	1	154	230	12	2.834e-04	{I}
UPI0001DC4E5D	SINGLE	1	80	151	11	3.766e-04	{P}
UPI0001DC4E5D	SINGLE	2	6	30	8	3.852e-04	{A}
UPI0001DC4E5E	SINGLE	1	138	173	10	1.863e-06	{Q}
UPI0001DC4E6B	SINGLE	1	1039	1580	85	4.866e-07	{L}
UPI0001DC4E6B	SINGLE	2	67	373	49	5.478e-05	{L}
UPI0001DC4E6B	SINGLE	3	1099	1638	42	1.151e-04	{Q}
UPI0001DC4E6B	SINGLE	4	920	958	10	1.427e-04	{G}
UPI0001DC4E6B	SINGLE	5	1298	1366	15	1.793e-04	{A}
UPI0001DC4E6B	SINGLE	6	678	818	9	2.330e-04	{W}
UPI0001DC4E6B	SINGLE	7	7	48	11	2.343e-04	{A}
UPI0001DC4E6B	SINGLE	8	181	202	7	3.023e-04	{V}
UPI0001DC4E6B	SINGLE	9	1599	1636	9	4.757e-04	{V}
UPI0001DC4E6B	SINGLE	10	755	1197	36	5.097e-04	{P}
UPI0001DC4E6B	SINGLE	11	892	910	6	8.474e-04	{V}
UPI0001DC4E6B	MULTIPLE	1	1051	1586	178	7.109e-11	{LQA}
UPI0001DC4E6B	MULTIPLE	2	783	1170	101	1.359e-05	{GPV}
UPI0001DC4E6B	WHOLE	1	1	1653	202	7.633e-06	{L}
UPI0001DC4E6B	WHOLE	2	1	1653	96	8.030e-04	{Q}
UPI0001DC4E6C	SINGLE	1	20	183	25	4.065e-05	{E}
UPI0001DC4E6C	SINGLE	2	133	174	9	1.172e-04	{R}
UPI0001DC4E6C	MULTIPLE	1	20	183	43	6.287e-08	{ER}
UPI0001DC4E6C	WHOLE	1	1	222	27	7.160e-04	{E}
UPI0001DC4E6E	SINGLE	1	227	262	6	1.079e-04	{M}
UPI0001DC4E6E	SINGLE	2	392	407	6	3.059e-04	{V}
UPI0001DC4EA9	SINGLE	1	7	26	9	2.743e-05	{L}
UPI0001DC4EA9	SINGLE	2	331	426	8	8.595e-05	{W}
UPI0001DC4EA9	SINGLE	3	480	550	11	1.805e-04	{Q}
UPI0001DC4F8D	SINGLE	1	83	103	5	1.648e-05	{C}
UPI0001DC4F8D	SINGLE	2	137	193	10	3.402e-04	{I}
UPI0001DC4F8E	SINGLE	1	84	415	65	3.139e-09	{L}
UPI0001DC4F8E	SINGLE	2	1	439	30	4.456e-08	{M}
UPI0001DC4F8E	SINGLE	3	165	179	6	4.559e-05	{I}
UPI0001DC4F8E	SINGLE	4	88	312	30	1.254e-04	{G}
UPI0001DC4F8E	SINGLE	5	317	331	6	2.045e-04	{V}
UPI0001DC4F8E	SINGLE	6	253	297	8	2.692e-04	{F}
UPI0001DC4F8E	SINGLE	7	388	403	6	5.323e-04	{S}
UPI0001DC4F8E	SINGLE	8	50	74	7	6.967e-04	{V}
UPI0001DC4F8E	MULTIPLE	1	33	417	198	1.207e-21	{LMGVF}
UPI0001DC4F8E	WHOLE	1	1	471	30	1.966e-07	{M}
UPI0001DC4F8E	WHOLE	2	1	471	77	3.202e-07	{L}
UPI0001DC4F91	SINGLE	1	188	202	7	3.582e-05	{S}
UPI0001DC4F96	SINGLE	1	159	423	38	4.065e-06	{G}
UPI0001DC4F96	SINGLE	2	102	137	10	4.511e-06	{R}
UPI0001DC4F96	SINGLE	3	359	512	20	5.244e-05	{I}
UPI0001DC4F96	SINGLE	4	562	612	11	2.834e-04	{E}
UPI0001DC4F96	SINGLE	5	84	340	21	5.014e-04	{Y}
UPI0001DC4F96	SINGLE	6	605	694	12	7.069e-04	{P}
UPI0001DC4F96	MULTIPLE	1	155	425	76	3.771e-08	{GIY}
UPI0001DC4F97	SINGLE	1	355	855	106	6.283e-42	{Q}
UPI0001DC4F97	SINGLE	2	302	894	104	4.563e-31	{P}
UPI0001DC4F97	SINGLE	3	237	732	81	1.976e-10	{A}
UPI0001DC4F97	SINGLE	4	235	249	7	2.514e-06	{R}
UPI0001DC4F97	SINGLE	5	498	551	14	5.303e-06	{E}
UPI0001DC4F97	SINGLE	6	36	211	12	1.281e-05	{W}
UPI0001DC4F97	SINGLE	7	1023	1167	13	1.582e-05	{M}
UPI0001DC4F97	SINGLE	8	214	233	8	1.792e-05	{E}
UPI0001DC4F97	SINGLE	9	208	225	7	2.786e-05	{D}
UPI0001DC4F97	SINGLE	10	13	42	11	3.489e-05	{L}
UPI0001DC4F97	SINGLE	11	380	447	11	3.751e-05	{Y}
UPI0001DC4F97	SINGLE	12	892	1270	44	7.649e-05	{V}
UPI0001DC4F97	SINGLE	13	621	655	8	1.733e-04	{R}
UPI0001DC4F97	SINGLE	14	659	675	6	1.949e-04	{D}
UPI0001DC4F97	SINGLE	15	78	146	11	4.062e-04	{I}
UPI0001DC4F97	SINGLE	16	1284	1300	6	4.943e-04	{G}
UPI0001DC4F97	SINGLE	17	858	885	9	5.211e-04	{L}
UPI0001DC4F97	SINGLE	18	273	308	8	5.570e-04	{D}
UPI0001DC4F97	MULTIPLE	1	286	855	317	5.695e-75	{QPAY}
UPI0001DC4F97	MULTIPLE	2	13	198	60	8.257e-09	{WLI}
UPI0001DC4F97	MULTIPLE	3	892	1270	60	2.353e-06	{MV}
UPI0001DC4F97	MULTIPLE	4	208	226	14	8.420e-10	{ED}
UPI0001DC4F97	WHOLE	1	1	1368	140	8.304e-18	{P}
UPI0001DC4F97	WHOLE	2	1	1368	132	2.169e-17	{Q}
UPI0001DC4F97	WHOLE	3	1	1368	155	1.227e-06	{A}
UPI0001DC4F98	SINGLE	1	81	100	6	2.742e-04	{I}
UPI0001DC4F98	SINGLE	2	250	344	16	3.404e-04	{G}
UPI0001DC4F98	SINGLE	3	9	82	13	7.630e-04	{G}
UPI0001DC4FB1	SINGLE	1	12	212	34	2.099e-04	{L}
UPI0001DC4FB1	SINGLE	2	142	163	7	3.432e-04	{G}
UPI0001DC4FB1	SINGLE	3	72	117	8	5.997e-04	{Q}
UPI0001DC4FB1	SINGLE	4	115	132	6	6.250e-04	{E}
UPI0001DC4FB1	MULTIPLE	1	12	212	66	6.922e-06	{LQE}
UPI0001DC4FB1	WHOLE	1	1	251	38	7.633e-04	{L}
UPI0001DC5121	SINGLE	1	45	400	46	2.343e-09	{I}
UPI0001DC5121	SINGLE	2	155	414	30	1.124e-07	{F}
UPI0001DC5121	SINGLE	3	287	339	13	5.994e-04	{L}
UPI0001DC5121	MULTIPLE	1	39	414	83	4.658e-15	{IF}
UPI0001DC5121	WHOLE	1	1	415	48	3.489e-08	{I}
UPI0001DC5121	WHOLE	2	1	415	39	3.761e-07	{F}
UPI0001DC5127	SINGLE	1	61	75	5	1.557e-04	{Y}
UPI0001DC5127	SINGLE	2	7	74	11	9.233e-04	{D}
UPI0001DC5127	MULTIPLE	1	7	75	17	1.126e-04	{YD}
UPI0001DC5279	SINGLE	1	240	256	9	1.416e-06	{A}
UPI0001DC5279	SINGLE	2	102	130	7	3.066e-04	{R}
UPI0001DC5279	SINGLE	3	62	76	5	4.135e-04	{P}
UPI0001DC5279	SINGLE	4	51	201	16	5.942e-04	{Q}
UPI0001DC5279	SINGLE	5	98	125	8	8.667e-04	{A}
UPI0001DC5279	MULTIPLE	1	98	130	15	3.030e-06	{RA}
UPI0001DC5279	MULTIPLE	2	47	201	29	7.426e-05	{PQ}
UPI0001DC5279	WHOLE	1	1	262	39	4.805e-05	{A}
UPI0001DC5280	SINGLE	1	589	610	9	1.497e-07	{Q}
UPI0001DC5280	SINGLE	2	519	621	22	9.663e-06	{A}
UPI0001DC5280	SINGLE	3	182	636	44	1.472e-04	{D}
UPI0001DC5280	SINGLE	4	300	394	16	2.723e-04	{V}
UPI0001DC5280	SINGLE	5	403	420	6	4.891e-04	{T}
UPI0001DC5280	SINGLE	6	95	178	16	5.045e-04	{A}
UPI0001DC5280	SINGLE	7	4	207	21	7.302e-04	{I}
UPI0001DC5280	SINGLE	8	106	125	6	8.840e-04	{K}
UPI0001DC5280	MULTIPLE	1	519	621	34	2.013e-08	{QA}
UPI0001DC5280	MULTIPLE	2	3	628	146	4.239e-06	{DIK}
UPI0001DC5280	WHOLE	1	1	638	55	4.182e-04	{D}
UPI0001DC5280	WHOLE	2	1	638	71	7.112e-04	{A}
UPI0001DC52A9	SINGLE	1	20	185	31	3.516e-06	{A}
UPI0001DC52A9	WHOLE	1	1	216	31	4.317e-04	{A}
UPI0001DC52AE	SINGLE	1	132	193	19	9.107e-09	{G}
UPI0001DC52AE	SINGLE	2	14	286	48	7.627e-08	{A}
UPI0001DC52AE	SINGLE	3	72	98	10	7.104e-05	{L}
UPI0001DC52AE	SINGLE	4	121	138	6	6.200e-04	{V}
UPI0001DC52AE	MULTIPLE	1	4	291	124	2.112e-13	{GAL}
UPI0001DC52AE	WHOLE	1	1	291	49	2.117e-07	{A}
UPI0001DC52AE	WHOLE	2	1	291	37	6.531e-05	{G}
UPI0001DC52AF	SINGLE	1	48	370	29	5.247e-04	{R}
UPI0001DC54BD	SINGLE	1	15	315	36	1.693e-04	{V}
UPI0001DC54BD	SINGLE	2	19	70	9	7.198e-04	{I}
UPI0001DC54BD	SINGLE	3	289	307	6	8.541e-04	{E}
UPI0001DC54BD	MULTIPLE	1	15	315	86	1.829e-06	{VIE}
UPI0001DC54BD	WHOLE	1	1	316	36	3.968e-04	{V}
UPI0001DC566D	SINGLE	1	1	333	27	6.415e-09	{M}
UPI0001DC566D	SINGLE	2	8	387	52	3.371e-05	{A}
UPI0001DC566D	SINGLE	3	31	312	43	3.462e-04	{L}
UPI0001DC566D	MULTIPLE	1	5	387	128	1.963e-11	{MAL}
UPI0001DC566D	WHOLE	1	1	392	27	1.692e-07	{M}
UPI0001DC566D	WHOLE	2	1	392	52	7.166e-05	{A}
UPI0001DC57CA	SINGLE	1	20	353	30	1.602e-05	{F}
UPI0001DC57CA	SINGLE	2	319	435	20	4.447e-05	{V}
UPI0001DC57CA	SINGLE	3	182	216	6	9.194e-05	{M}
UPI0001DC57CA	SINGLE	4	328	398	15	2.459e-04	{A}
UPI0001DC57CA	SINGLE	5	71	164	13	5.096e-04	{I}
UPI0001DC57CA	SINGLE	6	35	161	21	5.418e-04	{A}
UPI0001DC57CA	MULTIPLE	1	20	401	125	4.326e-11	{FMAI}
UPI0001DC57CA	WHOLE	1	1	438	34	8.050e-05	{F}
UPI0001DC57CB	SINGLE	1	54	184	13	5.409e-06	{M}
UPI0001DC57CB	SINGLE	2	318	334	6	3.477e-04	{T}
UPI0001DC5C07	SINGLE	1	14	354	33	6.801e-05	{R}
UPI0001DC5C07	SINGLE	2	435	452	4	1.600e-04	{C}
UPI0001DC5C07	SINGLE	3	428	442	6	2.293e-04	{G}
UPI0001DC5C07	SINGLE	4	480	501	6	4.771e-04	{I}
UPI0001DC5C07	MULTIPLE	1	428	452	10	1.285e-05	{CG}
UPI0001DC5C07	WHOLE	1	1	512	43	1.533e-04	{R}
UPI0001DC5C1F	SINGLE	1	212	780	52	4.515e-09	{Y}
UPI0001DC5C1F	SINGLE	2	109	782	51	4.652e-05	{N}
UPI0001DC5C1F	SINGLE	3	26	649	58	5.145e-05	{D}
UPI0001DC5C1F	SINGLE	4	597	620	4	3.879e-04	{W}
UPI0001DC5C1F	SINGLE	5	482	499	4	5.076e-04	{M}
UPI0001DC5C1F	SINGLE	6	615	657	8	7.210e-04	{R}
UPI0001DC5C1F	MULTIPLE	1	46	765	229	1.697e-14	{YNDWR}
UPI0001DC5C1F	WHOLE	1	1	784	58	7.413e-07	{Y}
UPI0001DC5C1F	WHOLE	2	1	784	54	2.577e-04	{N}
UPI0001DC5C1F	WHOLE	3	1	784	64	5.939e-04	{D}
UPI0001DC5D52	SINGLE	1	39	1346	114	2.841e-09	{I}
UPI0001DC5D52	SINGLE	2	9	932	66	1.533e-06	{F}
UPI0001DC5D52	SINGLE	3	565	603	13	2.235e-05	{L}
UPI0001DC5D52	SINGLE	4	1043	1124	16	2.804e-05	{K}
UPI0001DC5D52	SINGLE	5	1542	1556	6	3.887e-05	{R}
UPI0001DC5D52	SINGLE	6	80	543	52	5.061e-05	{E}
UPI0001DC5D52	SINGLE	7	1371	1480	14	7.802e-05	{F}
UPI0001DC5D52	SINGLE	8	3	321	37	1.026e-04	{K}
UPI0001DC5D52	SINGLE	9	965	1162	27	1.329e-04	{E}
UPI0001DC5D52	SINGLE	10	1286	1305	6	1.341e-04	{N}
UPI0001DC5D52	SINGLE	11	330	368	8	1.870e-04	{N}
UPI0001DC5D52	SINGLE	12	1425	1469	5	4.922e-04	{W}
UPI0001DC5D52	SINGLE	13	1070	1295	19	6.319e-04	{Y}
UPI0001DC5D52	MULTIPLE	1	8	1340	566	7.069e-24	{IFKENY}
UPI0001DC5D52	MULTIPLE	2	1371	1480	19	5.087e-06	{FW}
UPI0001DC5D52	WHOLE	1	1	1587	126	8.040e-08	{I}
UPI0001DC5D52	WHOLE	2	1	1587	96	1.014e-05	{F}
UPI0001DC5D52	WHOLE	3	1	1587	132	1.234e-04	{K}
UPI0001DC5D52	WHOLE	4	1	1587	96	2.322e-04	{N}
UPI0001DC5D52	WHOLE	5	1	1587	131	8.818e-04	{E}
UPI0001DC5D54	SINGLE	1	70	173	17	1.494e-04	{K}
UPI0001DC5D54	SINGLE	2	142	188	8	2.867e-04	{Y}
UPI0001DC5D54	SINGLE	3	224	260	8	3.110e-04	{I}
UPI0001DC5D54	SINGLE	4	23	86	9	6.559e-04	{F}
UPI0001DC5D54	MULTIPLE	1	70	188	29	2.937e-06	{KY}
UPI0001DCA5AD	SINGLE	1	155	169	6	1.598e-04	{T}
UPI0001DCA5AD	SINGLE	2	249	303	10	2.043e-04	{R}
UPI0001DCA5AD	SINGLE	3	203	289	7	2.866e-04	{W}
UPI0001DCA5AD	MULTIPLE	1	201	303	20	4.317e-06	{RW}
UPI0001DCA82A	SINGLE	1	20	250	27	2.093e-05	{I}
UPI0001DCA82A	SINGLE	2	4	221	31	3.160e-05	{G}
UPI0001DCA82A	SINGLE	3	57	214	18	3.688e-05	{F}
UPI0001DCA82A	SINGLE	4	70	439	43	8.831e-05	{V}
UPI0001DCA82A	SINGLE	5	87	190	8	1.483e-04	{W}
UPI0001DCA82A	SINGLE	6	246	445	34	1.922e-04	{L}
UPI0001DCA82A	SINGLE	7	197	211	4	2.419e-04	{M}
UPI0001DCA82A	SINGLE	8	24	456	53	3.855e-04	{A}
UPI0001DCA82A	SINGLE	9	363	426	7	4.138e-04	{M}
UPI0001DCA82A	MULTIPLE	1	20	222	86	1.914e-14	{IGFWM}
UPI0001DCA82A	MULTIPLE	2	22	456	168	1.103e-09	{VLAM}
UPI0001DCA82A	WHOLE	1	1	457	39	3.529e-04	{I}
UPI0001DCA886	SINGLE	1	202	402	30	3.059e-10	{F}
UPI0001DCA886	SINGLE	2	1	367	25	5.637e-07	{M}
UPI0001DCA886	SINGLE	3	152	179	11	1.663e-05	{L}
UPI0001DCA886	SINGLE	4	47	61	6	4.559e-05	{I}
UPI0001DCA886	SINGLE	5	50	222	27	2.690e-04	{A}
UPI0001DCA886	MULTIPLE	1	1	402	64	1.806e-12	{FM}
UPI0001DCA886	MULTIPLE	2	50	224	53	6.237e-06	{LA}
UPI0001DCA886	WHOLE	1	1	418	39	4.481e-07	{F}
UPI0001DCA886	WHOLE	2	1	418	25	5.247e-06	{M}
UPI0001DCAA57	SINGLE	1	5	19	7	6.535e-07	{F}
UPI0001DCAA57	SINGLE	2	56	209	22	5.427e-06	{I}
UPI0001DCAA57	WHOLE	1	1	215	26	1.651e-05	{I}
UPI0001DD2A0F	SINGLE	1	42	56	5	2.936e-04	{Q}
UPI0001DD2A0F	SINGLE	2	52	83	7	6.733e-04	{I}
UPI0001DD2A0F	MULTIPLE	1	52	73	9	7.041e-05	{QI}
UPI0001DD2B5F	SINGLE	1	38	169	21	8.701e-04	{A}
UPI0001DD2BF8	SINGLE	1	39	179	16	1.182e-09	{C}
UPI0001DD2BF8	SINGLE	2	284	298	7	1.843e-05	{E}
UPI0001DD2BF8	SINGLE	3	223	238	4	3.155e-04	{H}
UPI0001DD2BF8	SINGLE	4	257	271	6	5.574e-04	{A}
UPI0001DD2BF8	SINGLE	5	53	70	5	7.186e-04	{N}
UPI0001DD2BF8	WHOLE	1	1	300	16	2.588e-05	{C}
UPI0001DD2BFE	SINGLE	1	6	20	6	3.376e-05	{P}
UPI0001DD2BFE	SINGLE	2	221	311	18	1.528e-04	{A}
UPI0001DD2BFE	SINGLE	3	136	160	7	6.967e-04	{V}
UPI0001DD2E1A	SINGLE	1	226	253	7	1.744e-06	{M}
UPI0001DD2E1A	SINGLE	2	154	304	19	5.845e-06	{F}
UPI0001DD2E1A	SINGLE	3	243	374	28	1.510e-05	{L}
UPI0001DD2E1A	SINGLE	4	320	351	10	2.341e-05	{G}
UPI0001DD2E1A	SINGLE	5	296	390	19	8.936e-05	{A}
UPI0001DD2E1A	SINGLE	6	11	147	20	4.565e-04	{G}
UPI0001DD2E1A	MULTIPLE	1	203	376	103	5.939e-16	{MFLGA}
UPI0001DD2E1A	WHOLE	1	1	394	23	1.709e-05	{M}
UPI0001DD2E1A	WHOLE	2	1	394	44	2.586e-04	{G}
UPI0001DD2E1A	WHOLE	3	1	394	56	3.290e-04	{L}
UPI0001DD2E1A	WHOLE	4	1	394	49	4.271e-04	{A}
UPI0001DD2E1A	WHOLE	5	1	394	29	5.178e-04	{F}
UPI0001DD2E53	SINGLE	1	94	164	20	3.101e-06	{L}
UPI0001DD2E53	SINGLE	2	16	224	32	1.202e-04	{A}
UPI0001DD2E53	MULTIPLE	1	40	192	50	1.096e-06	{LA}
UPI0001DD2E53	WHOLE	1	1	236	32	8.721e-04	{A}
UPI0001DD2F8C	SINGLE	1	186	202	5	2.339e-05	{H}
UPI0001DD2F8C	SINGLE	2	2	65	13	8.636e-04	{A}
UPI0001DD3014	SINGLE	1	122	393	41	3.047e-07	{V}
UPI0001DD3014	SINGLE	2	36	417	52	4.651e-07	{G}
UPI0001DD3014	SINGLE	3	1	333	22	4.020e-06	{M}
UPI0001DD3014	SINGLE	4	149	423	40	6.390e-05	{A}
UPI0001DD3014	SINGLE	5	197	219	9	9.992e-05	{L}
UPI0001DD3014	SINGLE	6	105	138	8	1.702e-04	{I}
UPI0001DD3014	MULTIPLE	1	19	425	259	3.044e-27	{VGMALI}
UPI0001DD3014	WHOLE	1	1	442	55	1.849e-06	{V}
UPI0001DD3014	WHOLE	2	1	442	54	6.682e-06	{G}
UPI0001DD3014	WHOLE	3	1	442	23	8.958e-05	{M}
UPI0001DD3014	WHOLE	4	1	442	53	5.900e-04	{A}
UPI0001DD3023	SINGLE	1	55	70	6	3.059e-04	{V}
UPI0001DD3023	SINGLE	2	179	272	14	4.832e-04	{D}
UPI0001DD3023	SINGLE	3	227	307	17	6.462e-04	{L}
UPI0001DD3023	MULTIPLE	1	173	307	37	5.978e-05	{DL}
UPI0001DD3096	SINGLE	1	9	719	91	1.473e-06	{A}
UPI0001DD3096	SINGLE	2	689	755	8	1.082e-05	{C}
UPI0001DD3096	SINGLE	3	616	718	15	6.660e-05	{P}
UPI0001DD3096	SINGLE	4	959	973	6	2.293e-04	{G}
UPI0001DD3096	MULTIPLE	1	9	719	136	1.381e-07	{AP}
UPI0001DD3096	WHOLE	1	1	1174	134	3.660e-06	{A}
UPI0001DD30CA	SINGLE	1	38	357	41	1.570e-05	{V}
UPI0001DD30CA	SINGLE	2	377	455	13	9.543e-05	{I}
UPI0001DD30CA	SINGLE	3	19	64	12	1.307e-04	{A}
UPI0001DD30CA	SINGLE	4	22	97	11	1.398e-04	{F}
UPI0001DD30CA	SINGLE	5	217	326	22	2.495e-04	{L}
UPI0001DD30CA	MULTIPLE	1	18	345	145	3.157e-11	{VAFL}
UPI0001DD30CA	WHOLE	1	1	457	49	2.014e-04	{V}
UPI0001DD30D3	SINGLE	1	192	390	26	3.164e-04	{V}
UPI0001DD30D3	SINGLE	2	367	385	7	3.444e-04	{A}
UPI0001DD30D3	MULTIPLE	1	187	390	48	1.504e-04	{VA}
UPI0001DD30D3	WHOLE	1	1	392	41	8.567e-04	{V}
UPI0001E35E66	SINGLE	1	9	55	13	3.705e-05	{A}
UPI0001E4A9BC	SINGLE	1	71	183	23	9.505e-07	{G}
UPI0001E4A9BC	SINGLE	2	68	83	6	3.059e-04	{V}
UPI0001E4A9BC	SINGLE	3	154	250	15	9.628e-04	{V}
UPI0001E4A9BC	MULTIPLE	1	68	183	39	9.029e-09	{GV}
UPI0001E4A9BC	WHOLE	1	1	345	42	6.119e-05	{G}
UPI0001E4C392	SINGLE	1	17	31	5	1.842e-04	{F}
UPI0001E4C392	SINGLE	2	10	29	4	7.691e-04	{H}
UPI0001E4C392	MULTIPLE	1	16	31	8	1.473e-06	{FH}
UPI0001E4DCD7	SINGLE	1	32	51	4	7.691e-04	{M}
UPI0001E4E19B	SINGLE	1	9	377	39	2.143e-07	{N}
UPI0001E4E19B	SINGLE	2	7	337	38	9.342e-07	{I}
UPI0001E4E19B	SINGLE	3	367	389	7	1.435e-05	{Y}
UPI0001E4E19B	SINGLE	4	228	384	24	5.397e-05	{E}
UPI0001E4E19B	SINGLE	5	152	187	8	5.570e-04	{D}
UPI0001E4E19B	MULTIPLE	1	7	377	106	4.680e-12	{NID}
UPI0001E4E19B	MULTIPLE	2	226	389	39	3.169e-07	{YE}
UPI0001E4E19B	WHOLE	1	1	395	40	4.478e-07	{N}
UPI0001E4E19B	WHOLE	2	1	395	39	2.089e-05	{I}
UPI0001E549E8	SINGLE	1	36	56	9	6.304e-06	{S}
UPI0001E549E8	SINGLE	2	12	85	12	1.971e-04	{I}
UPI0001E549E8	MULTIPLE	1	17	85	26	4.162e-08	{SI}
UPI0001E549E8	WHOLE	1	1	98	13	7.420e-04	{I}
UPI0001E549FE	SINGLE	1	43	58	5	7.294e-04	{I}
UPI0001E5B874	SINGLE	1	76	290	15	8.838e-07	{W}
UPI0001E5B874	SINGLE	2	77	99	8	5.917e-04	{L}
UPI0001E5B874	WHOLE	1	1	300	15	4.228e-05	{W}
UPI0001E654AD	SINGLE	1	164	388	30	3.277e-07	{R}
UPI0001E654AD	SINGLE	2	211	227	7	4.133e-04	{L}
UPI0001E654AD	SINGLE	3	229	243	5	5.275e-04	{I}
UPI0001E654AD	WHOLE	1	1	415	41	7.074e-06	{R}
UPI0001E6B26B	SINGLE	1	42	71	6	3.756e-05	{H}
UPI0001E6B26B	SINGLE	2	86	100	5	9.005e-04	{D}
UPI0001E6D9AD	SINGLE	1	497	804	17	4.035e-06	{W}
UPI0001E6D9AD	SINGLE	2	810	869	12	1.516e-05	{P}
UPI0001E6D9AD	SINGLE	3	144	1010	63	2.464e-05	{N}
UPI0001E6D9AD	SINGLE	4	13	272	37	1.694e-04	{A}
UPI0001E6D9AD	SINGLE	5	432	457	8	1.697e-04	{G}
UPI0001E6D9AD	SINGLE	6	422	436	4	2.419e-04	{M}
UPI0001E6D9AD	SINGLE	7	453	469	7	4.133e-04	{L}
UPI0001E6D9AD	SINGLE	8	937	969	8	8.166e-04	{V}
UPI0001E6D9AD	SINGLE	9	623	843	27	8.772e-04	{G}
UPI0001E6D9AD	MULTIPLE	1	144	998	183	2.309e-08	{WNGM}
UPI0001E6D9AD	WHOLE	1	1	1014	68	1.147e-04	{N}
UPI0001E8A2A2	SINGLE	1	115	154	13	3.005e-05	{L}
UPI0001E8A2A2	SINGLE	2	447	469	8	6.542e-05	{G}
UPI0001E8A2A2	SINGLE	3	322	352	9	3.743e-04	{A}
UPI0001E8A99D	SINGLE	1	50	206	29	8.572e-06	{A}
UPI0001E8A99D	SINGLE	2	54	109	12	1.969e-04	{G}
UPI0001E8A99D	SINGLE	3	32	127	12	2.797e-04	{F}
UPI0001E8A99D	MULTIPLE	1	68	142	35	1.560e-08	{AGF}
UPI0001E8A99D	WHOLE	1	1	261	36	3.523e-04	{A}
UPI0001E8B6CF	SINGLE	1	131	277	20	1.868e-05	{R}
UPI0001E8B6CF	SINGLE	2	35	87	11	3.915e-04	{V}
UPI0001E8C2C4	SINGLE	1	207	248	13	1.321e-06	{V}
UPI0001E8C2C4	SINGLE	2	23	47	7	3.276e-05	{F}
UPI0001E8C2C4	SINGLE	3	301	325	7	6.184e-05	{Q}
UPI0001E8C2C4	SINGLE	4	138	180	13	6.838e-05	{L}
UPI0001E8C2C4	SINGLE	5	110	135	9	8.726e-05	{A}
UPI0001E8C2C4	SINGLE	6	291	305	4	2.419e-04	{M}
UPI0001E8C2C4	SINGLE	7	184	226	5	3.996e-04	{W}
UPI0001E8C2C4	SINGLE	8	65	89	4	4.549e-04	{W}
UPI0001E8C2C4	MULTIPLE	1	184	248	19	3.692e-07	{VW}
UPI0001E8C2C4	MULTIPLE	2	291	325	11	7.381e-06	{QM}
UPI0001E8C3EA	SINGLE	1	22	357	51	2.631e-06	{A}
UPI0001E8C3EA	SINGLE	2	24	195	21	8.300e-05	{I}
UPI0001E8C3EA	SINGLE	3	447	465	7	1.246e-04	{G}
UPI0001E8C3EA	SINGLE	4	54	134	14	4.851e-04	{E}
UPI0001E8C3EA	SINGLE	5	192	392	25	7.772e-04	{V}
UPI0001E8C3EA	MULTIPLE	1	22	393	150	3.066e-10	{AIEV}
UPI0001E8C3EA	WHOLE	1	1	479	59	1.772e-04	{A}
UPI0001E8C446	SINGLE	1	58	444	33	9.046e-06	{Y}
UPI0001E8C446	SINGLE	2	13	44	10	2.341e-05	{G}
UPI0001E8C446	SINGLE	3	67	190	14	2.640e-04	{F}
UPI0001E8C446	SINGLE	4	234	262	5	3.445e-04	{M}
UPI0001E8C446	MULTIPLE	1	58	444	71	1.384e-07	{YFM}
UPI0001E8C446	WHOLE	1	1	477	34	1.883e-04	{Y}
UPI0001E8D5FF	SINGLE	1	6	245	31	4.237e-07	{R}
UPI0001E8D5FF	SINGLE	2	136	158	8	5.640e-05	{V}
UPI0001E8D5FF	WHOLE	1	1	272	33	7.577e-07	{R}
UPI0001E8D85C	SINGLE	1	146	798	55	1.415e-06	{N}
UPI0001E8D85C	SINGLE	2	153	167	6	1.017e-05	{Y}
UPI0001E8D85C	SINGLE	3	486	658	29	1.193e-05	{S}
UPI0001E8D85C	SINGLE	4	322	542	21	7.294e-05	{Y}
UPI0001E8D85C	SINGLE	5	447	480	8	3.747e-04	{D}
UPI0001E8D85C	SINGLE	6	157	198	10	5.095e-04	{S}
UPI0001E8D85C	MULTIPLE	1	155	720	150	2.512e-12	{NYS}
UPI0001E8D85C	WHOLE	1	1	826	62	1.153e-05	{N}
UPI0001E8D85C	WHOLE	2	1	826	48	9.909e-04	{Y}
UPI0001E8E534	SINGLE	1	83	97	5	1.842e-04	{F}
UPI0001E96732	SINGLE	1	33	185	22	3.148e-06	{R}
UPI0001E96732	SINGLE	2	87	121	8	1.464e-04	{P}
UPI0001E96732	SINGLE	3	268	377	20	2.178e-04	{A}
UPI0001E96732	SINGLE	4	119	224	8	2.667e-04	{C}
UPI0001E96732	SINGLE	5	404	420	6	4.943e-04	{G}
UPI0001E96732	MULTIPLE	1	83	185	31	9.669e-08	{RPC}
UPI0001E96732	WHOLE	1	1	461	43	1.685e-05	{R}
UPI0001F30893	SINGLE	1	17	144	29	2.950e-06	{L}
UPI0001F30893	SINGLE	2	28	110	14	2.993e-05	{R}
UPI0001F30893	SINGLE	3	11	25	6	3.585e-04	{S}
UPI0001F30893	SINGLE	4	274	317	8	8.391e-04	{R}
UPI0001F30893	MULTIPLE	1	14	129	53	2.398e-09	{LRS}
UPI0001F30893	WHOLE	1	1	318	30	2.027e-04	{R}
UPI0001F65D50	SINGLE	1	93	309	38	4.918e-05	{L}
UPI0001F65D50	SINGLE	2	134	153	6	1.375e-04	{Q}
UPI0001F65D50	SINGLE	3	13	69	13	2.850e-04	{A}
UPI0001F65D50	SINGLE	4	177	199	7	3.101e-04	{T}
UPI0001F65D50	SINGLE	5	427	459	7	8.123e-04	{I}
UPI0001F65D50	MULTIPLE	1	89	314	59	1.174e-05	{LT}
UPI0001F65FDC	SINGLE	1	42	56	4	7.491e-05	{C}
UPI0001F65FDC	SINGLE	2	51	119	8	1.112e-04	{M}
UPI0001F65FDC	MULTIPLE	1	42	123	14	1.945e-06	{CM}
UPI0001F65FDC	WHOLE	1	1	125	10	3.412e-04	{M}
UPI0001F663AF	SINGLE	1	50	366	47	1.395e-07	{G}
UPI0001F663AF	SINGLE	2	107	398	43	2.777e-05	{A}
UPI0001F663AF	SINGLE	3	1	159	12	1.607e-04	{M}
UPI0001F663AF	SINGLE	4	172	190	6	2.019e-04	{I}
UPI0001F663AF	SINGLE	5	349	380	10	3.353e-04	{L}
UPI0001F663AF	SINGLE	6	281	388	17	3.946e-04	{V}
UPI0001F663AF	SINGLE	7	94	110	7	4.133e-04	{L}
UPI0001F663AF	MULTIPLE	1	16	389	227	2.474e-20	{GAMILV}
UPI0001F663AF	WHOLE	1	1	402	48	3.351e-05	{G}
UPI0001F663AF	WHOLE	2	1	402	52	1.287e-04	{A}
UPI0001F6650E	SINGLE	1	15	262	46	2.789e-08	{A}
UPI0001F6650E	SINGLE	2	51	138	15	4.420e-06	{Q}
UPI0001F6650E	SINGLE	3	555	784	14	9.225e-06	{W}
UPI0001F6650E	SINGLE	4	576	659	12	4.807e-04	{R}
UPI0001F6650E	SINGLE	5	557	573	6	4.943e-04	{G}
UPI0001F6650E	SINGLE	6	490	514	7	6.967e-04	{V}
UPI0001F6650E	SINGLE	7	88	108	5	8.379e-04	{Y}
UPI0001F6650E	SINGLE	8	373	399	7	8.695e-04	{T}
UPI0001F6650E	MULTIPLE	1	21	262	81	9.828e-12	{AQY}
UPI0001F6650E	WHOLE	1	1	807	27	6.977e-05	{W}
UPI0001F6650E	WHOLE	2	1	807	88	3.961e-04	{A}
UPI0001F8DBD1	SINGLE	1	32	348	44	1.886e-06	{G}
UPI0001F8DBD1	SINGLE	2	86	336	24	1.550e-04	{N}
UPI0001F8DBD1	SINGLE	3	176	192	5	3.504e-04	{F}
UPI0001F8DBD1	SINGLE	4	7	81	15	4.422e-04	{A}
UPI0001F8DBD1	MULTIPLE	1	85	299	65	4.815e-09	{GNF}
UPI0001F8DBD1	WHOLE	1	1	368	44	6.356e-05	{G}
UPI0001F8DBD1	WHOLE	2	1	368	29	7.675e-04	{N}
UPI0001F90AF1	SINGLE	1	176	191	7	2.677e-04	{L}
UPI0001F91BB6	SINGLE	1	50	64	5	4.635e-04	{R}
UPI0001F92C4F	SINGLE	1	126	204	14	5.424e-06	{N}
UPI0001F92C4F	SINGLE	2	207	261	11	3.629e-04	{K}
UPI0001F92C4F	WHOLE	1	1	338	27	9.149e-04	{N}
UPI0001FB432E	SINGLE	1	47	140	16	1.082e-05	{I}
UPI0001FB432E	SINGLE	2	13	238	25	1.201e-05	{N}
UPI0001FB432E	SINGLE	3	111	129	7	4.166e-05	{D}
UPI0001FB432E	SINGLE	4	22	42	7	8.574e-05	{D}
UPI0001FB432E	SINGLE	5	208	223	6	5.323e-04	{S}
UPI0001FB432E	MULTIPLE	1	13	238	71	1.415e-10	{IND}
UPI0001FB432E	WHOLE	1	1	338	34	3.522e-04	{D}
UPI0001FB432E	WHOLE	2	1	338	27	9.149e-04	{N}
UPI0001FB4EC8	SINGLE	1	57	163	14	5.540e-04	{I}
UPI0001FB4EC8	SINGLE	2	132	242	15	8.406e-04	{D}
UPI0001FB4EC8	MULTIPLE	1	57	248	37	1.097e-04	{ID}
UPI0001FB4EC9	SINGLE	1	36	102	11	4.495e-05	{F}
UPI0001FB4EC9	SINGLE	2	66	87	6	2.422e-04	{Q}
UPI0001FB4EC9	SINGLE	3	223	271	9	4.678e-04	{I}
UPI0001FB4EC9	SINGLE	4	134	149	5	6.419e-04	{R}
UPI0001FB4EC9	MULTIPLE	1	36	102	19	9.837e-07	{FQ}
UPI0001FB6E61	SINGLE	1	484	531	10	2.712e-05	{N}
UPI0001FB6E61	SINGLE	2	8	533	26	7.553e-05	{H}
UPI0001FB6E61	SINGLE	3	251	269	6	2.019e-04	{I}
UPI0001FB6E61	SINGLE	4	104	118	5	2.936e-04	{Q}
UPI0001FB6E61	SINGLE	5	58	155	12	3.358e-04	{F}
UPI0001FB6E61	SINGLE	6	393	506	14	7.719e-04	{R}
UPI0001FB6E61	SINGLE	7	406	558	17	9.555e-04	{I}
UPI0001FB6E61	MULTIPLE	1	421	548	29	3.203e-06	{NI}
UPI0001FB6E61	MULTIPLE	2	57	161	24	2.726e-06	{QF}
UPI0001FB6E61	WHOLE	1	1	559	26	1.872e-04	{H}
UPI0001FB77CA	SINGLE	1	14	327	37	2.702e-04	{G}
UPI0001FB77CA	SINGLE	2	244	260	5	3.504e-04	{F}
UPI0001FB77CA	SINGLE	3	209	223	5	4.135e-04	{P}
UPI0001FB77CA	SINGLE	4	227	255	7	7.282e-04	{D}
UPI0001FB77CA	SINGLE	5	133	231	12	8.218e-04	{N}
UPI0001FB77CA	MULTIPLE	1	61	268	58	1.321e-05	{GDN}
UPI0001FB8198	SINGLE	1	337	548	16	1.540e-05	{H}
UPI0001FB8198	SINGLE	2	21	160	16	9.064e-05	{F}
UPI0001FB8198	SINGLE	3	135	429	35	2.341e-04	{V}
UPI0001FB8198	SINGLE	4	876	974	13	2.480e-04	{N}
UPI0001FB8198	SINGLE	5	452	595	15	2.647e-04	{Y}
UPI0001FB8198	SINGLE	6	95	109	5	4.135e-04	{P}
UPI0001FB8198	SINGLE	7	805	888	12	6.109e-04	{I}
UPI0001FB8198	SINGLE	8	92	627	47	6.563e-04	{D}
UPI0001FB8198	SINGLE	9	314	356	8	7.210e-04	{R}
UPI0001FB8198	SINGLE	10	428	443	5	7.294e-04	{I}
UPI0001FB8198	SINGLE	11	518	591	13	7.630e-04	{G}
UPI0001FB8198	MULTIPLE	1	133	585	131	4.176e-09	{HVYD}
UPI0001FB8198	MULTIPLE	2	41	117	18	5.223e-05	{FP}
UPI0001FB8198	MULTIPLE	3	805	963	29	1.747e-04	{NI}
UPI0001FB8198	WHOLE	1	1	1030	40	2.138e-04	{H}
UPI0001FB81FA	SINGLE	1	298	333	11	1.176e-05	{G}
UPI0001FB81FA	SINGLE	2	171	198	10	2.648e-05	{A}
UPI0001FB81FA	SINGLE	3	266	292	7	1.046e-04	{Q}
UPI0001FB81FA	SINGLE	4	261	340	8	3.026e-04	{M}
UPI0001FB81FA	SINGLE	5	111	159	9	3.205e-04	{P}
UPI0001FB81FA	MULTIPLE	1	261	343	17	1.623e-05	{QM}
UPI0001FB835A	SINGLE	1	17	105	12	3.282e-04	{N}
UPI0001FB894D	SINGLE	1	78	92	5	9.005e-04	{D}
UPI0001FB8ABC	SINGLE	1	65	272	15	4.559e-05	{H}
UPI0001FB8ABC	SINGLE	2	273	313	10	1.879e-04	{E}
UPI0001FB8ABC	SINGLE	3	200	215	6	8.219e-04	{A}
UPI0001FB8ABC	MULTIPLE	1	65	281	44	2.824e-06	{HA}
UPI000205AAB3	SINGLE	1	299	540	17	2.108e-05	{H}
UPI000205AAB3	SINGLE	2	538	561	5	3.280e-05	{C}
UPI000205AAB3	SINGLE	3	168	187	7	1.165e-04	{K}
UPI000205AAB3	SINGLE	4	383	413	7	2.524e-04	{N}
UPI000205AAB3	SINGLE	5	69	330	36	3.762e-04	{A}
UPI000205AAB3	MULTIPLE	1	299	561	45	9.015e-07	{HCN}
UPI000209C3EA	SINGLE	1	9	27	4	1.525e-04	{W}
UPI000209C3EA	SINGLE	2	1	19	4	6.290e-04	{M}
UPI000209C3EA	MULTIPLE	1	1	27	8	3.591e-06	{WM}
UPI00020AF7E5	SINGLE	1	89	109	8	2.978e-04	{L}
UPI00020AF7E5	SINGLE	2	17	33	7	4.133e-04	{L}
UPI00020AF7E5	SINGLE	3	86	100	5	4.135e-04	{P}
UPI00020AF7E5	SINGLE	4	167	222	9	5.062e-04	{Q}
UPI00020AF7E5	MULTIPLE	1	86	109	13	3.396e-06	{LP}
UPI00020BF62B	SINGLE	1	32	143	19	9.659e-05	{G}
UPI00020BF865	SINGLE	1	5	22	9	2.609e-06	{A}
UPI00020BF865	SINGLE	2	31	198	28	4.172e-06	{G}
UPI00020BF865	SINGLE	3	198	212	5	4.135e-04	{P}
UPI00020BF865	SINGLE	4	197	211	6	5.574e-04	{A}
UPI00020BF865	MULTIPLE	1	31	212	61	1.745e-06	{GPA}
UPI00020BF865	WHOLE	1	1	350	39	5.345e-04	{G}
UPI00020C84F4	SINGLE	1	69	124	10	2.951e-04	{I}
UPI00020C84F4	SINGLE	2	22	63	7	9.333e-04	{F}
UPI00020CA2CA	SINGLE	1	36	224	21	2.869e-04	{I}
UPI000217D626	SINGLE	1	238	256	6	3.810e-04	{D}
UPI000217D626	SINGLE	2	172	197	4	5.295e-04	{W}
UPI000217D626	SINGLE	3	205	219	6	5.574e-04	{A}
UPI000219C990	SINGLE	1	119	139	7	3.384e-05	{R}
UPI000219C990	SINGLE	2	56	78	8	4.099e-05	{T}
UPI000219C990	SINGLE	3	12	48	9	3.882e-04	{V}
UPI00021ADB8B	SINGLE	1	99	115	4	1.265e-04	{C}
UPI00021ADB8B	SINGLE	2	32	114	8	3.848e-04	{H}
UPI00021ADB8B	SINGLE	3	14	119	14	3.864e-04	{R}
UPI00021ADB8B	MULTIPLE	1	28	115	26	1.022e-08	{CHR}
UPI00021ADB8C	SINGLE	1	12	116	17	8.029e-06	{R}
UPI00021ADB8C	SINGLE	2	41	178	22	6.608e-04	{A}
UPI00021ADB8C	MULTIPLE	1	12	182	44	1.604e-06	{RA}
UPI00021ADB8C	WHOLE	1	1	189	21	2.006e-04	{R}
UPI00021ADB92	SINGLE	1	96	110	5	4.635e-04	{R}
UPI00021ADB93	SINGLE	1	19	37	6	3.810e-04	{D}
UPI00021ADB94	SINGLE	1	51	108	7	2.287e-04	{M}
UPI00021ADB94	SINGLE	2	214	229	5	7.294e-04	{I}
UPI00021ADB94	SINGLE	3	88	272	19	9.196e-04	{R}
UPI00021ADB94	MULTIPLE	1	86	272	36	3.168e-05	{IR}
UPI0002240CD8	SINGLE	1	104	200	14	2.109e-04	{I}
UPI0002240CD8	SINGLE	2	5	50	6	4.164e-04	{H}
UPI000224233C	SINGLE	1	347	381	7	7.201e-07	{W}
UPI000224233C	SINGLE	2	179	618	45	3.812e-05	{D}
UPI000224233C	SINGLE	3	211	265	12	1.657e-04	{G}
UPI000224233C	SINGLE	4	528	553	6	6.261e-04	{Q}
UPI000224233C	SINGLE	5	55	81	6	7.702e-04	{Q}
UPI000224233C	MULTIPLE	1	179	621	106	2.545e-09	{WDG}
UPI000224233C	WHOLE	1	1	676	25	2.849e-05	{W}
UPI0002242426	SINGLE	1	27	117	19	1.659e-05	{S}
UPI0002242426	SINGLE	2	34	108	14	1.403e-04	{T}
UPI0002242426	SINGLE	3	143	177	9	2.937e-04	{G}
UPI0002242426	MULTIPLE	1	27	117	33	2.508e-08	{ST}
UPI0002242518	SINGLE	1	7	467	68	2.287e-07	{A}
UPI0002242518	SINGLE	2	36	244	28	1.848e-04	{G}
UPI0002242518	SINGLE	3	103	246	19	9.219e-04	{T}
UPI0002242518	MULTIPLE	1	33	458	145	5.252e-11	{AGT}
UPI0002242518	WHOLE	1	1	471	68	4.905e-07	{A}
UPI00022429D8	SINGLE	1	10	176	35	2.059e-06	{L}
UPI00022429D8	SINGLE	2	46	196	25	1.822e-04	{A}
UPI00022429D8	SINGLE	3	1	15	4	2.419e-04	{M}
UPI00022429D8	MULTIPLE	1	5	196	73	6.873e-10	{LAM}
UPI00022429D8	WHOLE	1	1	216	40	9.290e-06	{L}
UPI0002242CB2	SINGLE	1	12	30	7	1.944e-05	{I}
UPI0002242CB2	SINGLE	2	22	65	13	8.815e-05	{L}
UPI0002242CB2	MULTIPLE	1	12	61	21	1.155e-06	{IL}
UPI0002242D4E	SINGLE	1	182	222	9	2.852e-04	{D}
UPI0002242DF2	SINGLE	1	352	464	22	3.384e-06	{G}
UPI0002242DF2	SINGLE	2	321	809	62	6.256e-05	{A}
UPI0002242DF2	SINGLE	3	15	31	7	1.565e-04	{A}
UPI0002242DF2	SINGLE	4	271	603	18	2.962e-04	{M}
UPI0002242DF2	SINGLE	5	182	211	8	4.209e-04	{V}
UPI0002242DF2	MULTIPLE	1	261	809	135	5.468e-07	{GAM}
UPI0002242DF2	WHOLE	1	1	809	89	2.929e-04	{A}
UPI0002242E32	SINGLE	1	7	74	13	1.977e-05	{I}
UPI0002242E32	SINGLE	2	36	63	7	5.850e-04	{D}
UPI0002242E32	MULTIPLE	1	7	74	21	2.804e-06	{ID}
UPI0002242E32	WHOLE	1	1	210	24	7.793e-05	{I}
UPI0002243037	SINGLE	1	115	740	109	2.944e-15	{A}
UPI0002243037	SINGLE	2	28	729	70	1.063e-10	{Q}
UPI0002243037	SINGLE	3	844	1157	18	1.289e-06	{W}
UPI0002243037	SINGLE	4	794	1023	34	6.396e-06	{G}
UPI0002243037	SINGLE	5	750	903	23	1.076e-05	{D}
UPI0002243037	SINGLE	6	369	780	39	2.793e-05	{R}
UPI0002243037	SINGLE	7	744	758	6	1.598e-04	{T}
UPI0002243037	SINGLE	8	987	1030	8	1.813e-04	{Y}
UPI0002243037	SINGLE	9	321	382	10	2.406e-04	{N}
UPI0002243037	SINGLE	10	991	1005	5	2.875e-04	{N}
UPI0002243037	SINGLE	11	795	1091	36	7.798e-04	{S}
UPI0002243037	MULTIPLE	1	23	782	253	3.976e-28	{AQR}
UPI0002243037	MULTIPLE	2	791	1057	123	8.319e-14	{WGDNS}
UPI0002243037	WHOLE	1	1	1157	143	2.675e-08	{A}
UPI0002243037	WHOLE	2	1	1157	87	3.552e-07	{Q}
UPI0002243037	WHOLE	3	1	1157	81	1.980e-04	{R}
UPI0002243E3A	SINGLE	1	140	162	8	6.507e-06	{R}
UPI0002243E3A	SINGLE	2	121	267	11	1.234e-05	{W}
UPI0002243E3A	SINGLE	3	62	184	25	8.063e-05	{L}
UPI0002243E3A	SINGLE	4	2	165	18	4.528e-04	{P}
UPI0002243E3A	SINGLE	5	18	46	6	6.782e-04	{F}
UPI0002243E3A	MULTIPLE	1	62	271	69	2.038e-10	{RWL}
UPI0002243E3A	MULTIPLE	2	2	165	27	4.434e-04	{PF}
UPI0002243E3A	WHOLE	1	1	274	27	2.045e-04	{R}
UPI0002243E3A	WHOLE	2	1	274	12	6.867e-04	{W}
UPI0002243FDD	SINGLE	1	24	417	56	6.444e-06	{A}
UPI0002243FDD	SINGLE	2	38	438	50	8.098e-06	{G}
UPI0002243FDD	SINGLE	3	1	439	25	1.166e-05	{M}
UPI0002243FDD	SINGLE	4	4	242	41	4.206e-05	{L}
UPI0002243FDD	SINGLE	5	179	395	25	5.034e-05	{I}
UPI0002243FDD	SINGLE	6	412	432	7	1.671e-04	{T}
UPI0002243FDD	MULTIPLE	1	4	441	228	1.111e-20	{AGMLI}
UPI0002243FDD	WHOLE	1	1	446	25	1.503e-05	{M}
UPI0002243FDD	WHOLE	2	1	446	59	2.935e-05	{A}
UPI0002243FDD	WHOLE	3	1	446	51	5.801e-05	{G}
UPI0002243FDD	WHOLE	4	1	446	61	4.893e-04	{L}
UPI00022447D8	SINGLE	1	95	144	11	2.377e-04	{E}
UPI00022447D8	SINGLE	2	3	17	5	4.135e-04	{P}
UPI00022447D8	SINGLE	3	79	137	11	6.576e-04	{K}
UPI00022447D8	MULTIPLE	1	77	144	23	4.227e-06	{EK}
UPI0002244A46	SINGLE	1	11	318	62	2.355e-09	{L}
UPI0002244A46	SINGLE	2	154	182	7	1.829e-07	{W}
UPI0002244A46	SINGLE	3	38	383	47	8.558e-05	{A}
UPI0002244A46	SINGLE	4	134	148	6	2.293e-04	{G}
UPI0002244A46	SINGLE	5	194	209	6	2.398e-04	{T}
UPI0002244A46	MULTIPLE	1	11	383	169	1.704e-17	{LWAG}
UPI0002244A46	WHOLE	1	1	393	70	4.120e-08	{L}
UPI0002244A46	WHOLE	2	1	393	16	2.336e-04	{W}
UPI0002244A46	WHOLE	3	1	393	48	6.783e-04	{A}
UPI0002244A47	SINGLE	1	91	181	16	1.681e-04	{V}
UPI0002244A47	SINGLE	2	132	185	10	2.194e-04	{I}
UPI0002244A47	SINGLE	3	1	18	4	5.076e-04	{M}
UPI0002244A47	SINGLE	4	75	155	11	5.294e-04	{N}
UPI0002244A47	MULTIPLE	1	75	186	44	1.196e-09	{VIN}
UPI0002244A4A	SINGLE	1	45	316	45	9.967e-07	{A}
UPI0002244A4A	SINGLE	2	112	149	10	9.574e-05	{V}
UPI0002244A4A	SINGLE	3	1	65	7	4.536e-04	{M}
UPI0002244A4A	SINGLE	4	8	22	5	5.275e-04	{I}
UPI0002244A4A	MULTIPLE	1	31	309	84	7.120e-09	{AVM}
UPI0002244A4A	WHOLE	1	1	316	47	1.007e-05	{A}
UPI0002244AAE	SINGLE	1	71	332	40	2.283e-05	{A}
UPI0002244AAE	WHOLE	1	1	333	43	4.225e-04	{A}
UPI0002244AF8	SINGLE	1	72	115	9	1.689e-04	{R}
UPI0002244AF8	SINGLE	2	163	183	6	1.841e-04	{Q}
UPI0002244AF8	SINGLE	3	192	312	18	5.392e-04	{E}
UPI0002244B14	SINGLE	1	18	715	65	8.946e-08	{P}
UPI0002244B14	SINGLE	2	43	739	61	3.141e-06	{R}
UPI0002244B14	SINGLE	3	11	727	27	1.048e-05	{W}
UPI0002244B14	SINGLE	4	401	528	24	3.600e-05	{A}
UPI0002244B14	SINGLE	5	175	218	11	3.565e-04	{A}
UPI0002244B14	SINGLE	6	4	477	64	5.108e-04	{L}
UPI0002244B14	SINGLE	7	315	760	47	5.485e-04	{G}
UPI0002244B14	SINGLE	8	14	28	6	5.574e-04	{A}
UPI0002244B14	MULTIPLE	1	8	739	387	2.234e-24	{PRWALG}
UPI0002244B14	WHOLE	1	1	770	67	6.176e-07	{P}
UPI0002244B14	WHOLE	2	1	770	63	1.594e-05	{R}
UPI0002244B14	WHOLE	3	1	770	27	3.349e-05	{W}
UPI0002244B14	WHOLE	4	1	770	96	4.870e-04	{L}
UPI0002244BDD	SINGLE	1	84	139	11	2.038e-05	{Q}
UPI0002244BDD	SINGLE	2	38	85	11	7.579e-04	{A}
UPI0002244C16	SINGLE	1	115	146	5	5.468e-04	{H}
UPI0002244C1B	SINGLE	1	306	355	7	9.061e-05	{M}
UPI0002244C1B	SINGLE	2	719	749	9	1.103e-04	{G}
UPI0002244C1B	SINGLE	3	32	253	12	1.129e-04	{W}
UPI0002244C1B	SINGLE	4	566	580	6	2.293e-04	{G}
UPI0002244C1B	SINGLE	5	107	121	4	2.419e-04	{M}
UPI0002244C1B	SINGLE	6	382	439	12	2.741e-04	{G}
UPI0002244C1B	SINGLE	7	949	974	8	5.129e-04	{A}
UPI0002244C1B	SINGLE	8	79	94	5	5.733e-04	{P}
UPI0002244C1B	SINGLE	9	448	488	11	6.979e-04	{L}
UPI0002244C1B	SINGLE	10	7	160	17	7.658e-04	{R}
UPI0002244C1B	MULTIPLE	1	39	163	20	7.186e-05	{WR}
UPI0002244C1B	WHOLE	1	1	1247	38	2.400e-05	{W}
UPI0002244C3D	SINGLE	1	94	114	8	2.472e-06	{P}
UPI0002244C3D	SINGLE	2	142	341	30	1.060e-05	{V}
UPI0002244C3D	SINGLE	3	4	86	13	1.562e-04	{I}
UPI0002244C3D	SINGLE	4	32	445	44	6.572e-04	{G}
UPI0002244C3D	MULTIPLE	1	24	451	93	2.985e-07	{VG}
UPI0002244C3D	WHOLE	1	1	523	54	2.514e-04	{V}
UPI0002244C76	SINGLE	1	10	343	37	2.848e-06	{I}
UPI0002244C76	WHOLE	1	1	378	37	3.859e-05	{I}
UPI0002244CB0	SINGLE	1	30	183	27	6.892e-07	{T}
UPI0002244CB0	SINGLE	2	146	354	28	1.848e-04	{G}
UPI0002244CB0	SINGLE	3	14	73	13	2.182e-04	{S}
UPI0002244CB0	MULTIPLE	1	14	183	48	1.819e-07	{TS}
UPI0002244CB0	WHOLE	1	1	363	43	2.222e-05	{T}
UPI0002244CB2	SINGLE	1	25	50	6	9.176e-04	{P}
UPI0002244CBA	SINGLE	1	84	256	21	1.531e-05	{Q}
UPI0002244CBA	SINGLE	2	247	271	7	1.370e-04	{I}
UPI0002244CBA	SINGLE	3	159	183	5	1.683e-04	{M}
UPI0002244CBA	SINGLE	4	12	26	6	2.045e-04	{V}
UPI0002244CBA	SINGLE	5	52	217	29	3.274e-04	{L}
UPI0002244CBA	MULTIPLE	1	57	271	79	2.285e-08	{QIML}
UPI0002244CBA	WHOLE	1	1	278	25	2.991e-04	{Q}
UPI0002244CBA	WHOLE	2	1	278	26	7.877e-04	{I}
UPI0002244D2A	SINGLE	1	229	274	6	4.164e-04	{H}
UPI0002244D2A	SINGLE	2	3	98	13	4.794e-04	{R}
UPI0002244D2A	SINGLE	3	271	287	5	5.538e-04	{Q}
UPI0002244DA1	SINGLE	1	15	376	54	2.349e-06	{A}
UPI0002244DA1	SINGLE	2	107	275	34	6.921e-06	{L}
UPI0002244DA1	SINGLE	3	225	284	12	7.841e-05	{D}
UPI0002244DA1	SINGLE	4	324	375	11	3.946e-04	{G}
UPI0002244DA1	MULTIPLE	1	104	288	85	1.473e-12	{ALD}
UPI0002244DA1	WHOLE	1	1	376	54	6.846e-06	{A}
UPI0002244DA3	SINGLE	1	75	102	7	2.444e-04	{R}
UPI0002244DA3	SINGLE	2	254	269	5	7.294e-04	{I}
UPI0002244DA4	SINGLE	1	4	251	33	1.793e-07	{I}
UPI0002244DA4	SINGLE	2	44	84	12	7.794e-06	{G}
UPI0002244DA4	SINGLE	3	6	41	13	8.491e-06	{L}
UPI0002244DA4	SINGLE	4	24	406	54	1.130e-05	{A}
UPI0002244DA4	SINGLE	5	260	445	35	2.179e-05	{L}
UPI0002244DA4	SINGLE	6	110	132	6	1.831e-04	{F}
UPI0002244DA4	SINGLE	7	316	336	7	2.204e-04	{V}
UPI0002244DA4	SINGLE	8	431	447	6	3.477e-04	{T}
UPI0002244DA4	SINGLE	9	140	164	6	7.403e-04	{P}
UPI0002244DA4	MULTIPLE	1	30	446	267	8.891e-24	{IGALVP}
UPI0002244DA4	WHOLE	1	1	454	47	1.056e-06	{I}
UPI0002244DA4	WHOLE	2	1	454	68	2.219e-05	{L}
UPI0002244DA4	WHOLE	3	1	454	57	1.408e-04	{A}
UPI0002244DA4	WHOLE	4	1	454	50	1.554e-04	{G}
UPI0002244DAB	SINGLE	1	46	117	12	4.687e-05	{Q}
UPI0002244DAB	SINGLE	2	76	106	5	4.717e-04	{H}
UPI0002244DAB	MULTIPLE	1	75	112	13	3.796e-07	{QH}
UPI0002244DC3	SINGLE	1	19	388	49	1.129e-04	{A}
UPI0002244DC3	SINGLE	2	336	372	6	1.260e-04	{M}
UPI0002244DC3	SINGLE	3	170	246	11	3.610e-04	{Q}
UPI0002244DC3	SINGLE	4	100	150	13	4.115e-04	{L}
UPI0002244DC3	SINGLE	5	12	28	6	4.943e-04	{G}
UPI0002244DC3	MULTIPLE	1	12	391	164	2.695e-08	{AMQLG}
UPI0002244DC3	WHOLE	1	1	391	50	2.131e-04	{A}
UPI0002244DC4	SINGLE	1	290	315	5	2.039e-04	{H}
UPI0002244DC4	SINGLE	2	330	344	4	2.419e-04	{M}
UPI0002244DC4	SINGLE	3	64	199	14	4.574e-04	{Y}
UPI0002244DF4	SINGLE	1	338	352	4	7.491e-05	{C}
UPI0002244DF4	SINGLE	2	304	338	8	8.801e-05	{Q}
UPI0002244DF4	SINGLE	3	123	405	16	3.801e-04	{H}
UPI0002244DF4	MULTIPLE	1	137	405	43	8.779e-06	{CQH}
UPI0002244E05	SINGLE	1	351	377	7	1.046e-04	{Q}
UPI0002244E05	SINGLE	2	385	422	6	1.464e-04	{M}
UPI0002244E05	SINGLE	3	536	576	12	1.768e-04	{L}
UPI0002244E05	SINGLE	4	111	155	8	2.692e-04	{F}
UPI0002244E05	SINGLE	5	84	479	20	3.356e-04	{H}
UPI0002244E05	SINGLE	6	65	104	9	7.051e-04	{E}
UPI0002244E05	MULTIPLE	1	82	490	48	6.787e-06	{FH}
UPI0002244E0D	SINGLE	1	7	378	58	2.627e-07	{A}
UPI0002244E0D	SINGLE	2	429	443	5	4.635e-04	{R}
UPI0002244E0D	SINGLE	3	284	330	8	6.914e-04	{Q}
UPI0002244E0D	WHOLE	1	1	495	67	4.858e-06	{A}
UPI0002244E0F	SINGLE	1	26	418	61	1.581e-07	{A}
UPI0002244E0F	SINGLE	2	271	299	9	6.287e-05	{G}
UPI0002244E0F	SINGLE	3	64	78	5	2.936e-04	{Q}
UPI0002244E0F	SINGLE	4	126	163	9	5.519e-04	{G}
UPI0002244E0F	SINGLE	5	253	285	5	6.305e-04	{M}
UPI0002244E0F	MULTIPLE	1	46	392	90	8.823e-09	{AG}
UPI0002244E0F	WHOLE	1	1	421	62	7.455e-07	{A}
UPI0002244E11	SINGLE	1	4	160	28	2.931e-04	{L}
UPI0002244E11	SINGLE	2	3	119	15	3.390e-04	{R}
UPI0002244E11	SINGLE	3	181	195	6	5.574e-04	{A}
UPI0002244E11	SINGLE	4	282	363	11	6.057e-04	{Q}
UPI0002244E11	SINGLE	5	138	239	7	7.236e-04	{W}
UPI0002244E11	MULTIPLE	1	3	164	45	2.076e-06	{LR}
UPI0002244E11	WHOLE	1	1	465	62	7.880e-04	{L}
UPI0002244E15	SINGLE	1	15	384	68	1.862e-08	{L}
UPI0002244E15	SINGLE	2	17	349	52	9.446e-07	{A}
UPI0002244E15	SINGLE	3	24	56	10	1.782e-05	{T}
UPI0002244E15	SINGLE	4	106	387	36	7.430e-05	{G}
UPI0002244E15	SINGLE	5	166	233	6	4.722e-04	{W}
UPI0002244E15	MULTIPLE	1	15	387	173	4.233e-19	{LAGW}
UPI0002244E15	WHOLE	1	1	393	69	8.767e-08	{L}
UPI0002244E15	WHOLE	2	1	393	56	6.006e-06	{A}
UPI0002244E15	WHOLE	3	1	393	42	7.528e-04	{G}
UPI0002244E17	SINGLE	1	301	324	13	2.920e-08	{L}
UPI0002244E17	SINGLE	2	395	460	11	9.442e-05	{Q}
UPI0002244E17	SINGLE	3	352	435	13	1.753e-04	{I}
UPI0002244E17	SINGLE	4	191	414	22	1.931e-04	{N}
UPI0002244E17	SINGLE	5	674	688	6	2.062e-04	{E}
UPI0002244E17	SINGLE	6	500	753	28	2.681e-04	{D}
UPI0002244E17	SINGLE	7	558	572	5	4.635e-04	{R}
UPI0002244E17	SINGLE	8	827	841	6	5.574e-04	{A}
UPI0002244E17	SINGLE	9	14	31	7	6.140e-04	{L}
UPI0002244E17	SINGLE	10	472	499	8	8.667e-04	{A}
UPI0002244E17	MULTIPLE	1	395	435	14	8.712e-06	{QI}
UPI0002244E17	MULTIPLE	2	500	758	46	1.009e-04	{DR}
UPI0002244E17	WHOLE	1	1	890	119	1.045e-05	{L}
UPI0002244E1D	SINGLE	1	40	58	7	3.444e-04	{A}
UPI0002244E1E	SINGLE	1	275	308	12	8.995e-09	{Q}
UPI0002244E1E	SINGLE	2	315	331	8	5.235e-05	{L}
UPI0002244E1E	SINGLE	3	34	88	14	2.591e-04	{L}
UPI0002244E1E	SINGLE	4	4	30	8	3.912e-04	{S}
UPI0002244E1E	SINGLE	5	82	173	7	3.988e-04	{W}
UPI0002244E1E	SINGLE	6	164	326	11	7.094e-04	{H}
UPI0002244E1E	MULTIPLE	1	32	331	72	6.010e-08	{LWH}
UPI0002244E1E	WHOLE	1	1	387	30	8.667e-04	{Q}
UPI0002244E1E	WHOLE	2	1	387	53	9.496e-04	{L}
UPI0002244E27	SINGLE	1	301	414	31	1.961e-08	{L}
UPI0002244E27	SINGLE	2	148	180	9	1.840e-04	{G}
UPI0002244E27	SINGLE	3	231	313	11	2.983e-04	{F}
UPI0002244E27	WHOLE	1	1	450	64	1.453e-04	{L}
UPI0002244E37	SINGLE	1	703	745	13	6.838e-05	{L}
UPI0002244E37	SINGLE	2	502	533	8	2.434e-04	{D}
UPI0002244E37	SINGLE	3	321	350	5	4.045e-04	{H}
UPI0002244E37	SINGLE	4	426	497	11	5.785e-04	{I}
UPI0002244E37	SINGLE	5	238	741	40	6.615e-04	{R}
UPI0002244E37	SINGLE	6	232	263	8	6.680e-04	{E}
UPI0002244E37	SINGLE	7	600	614	5	9.005e-04	{D}
UPI0002244E37	MULTIPLE	1	347	645	55	1.003e-05	{DR}
UPI0002244E38	SINGLE	1	12	226	25	1.006e-06	{F}
UPI0002244E38	SINGLE	2	1	245	16	8.159e-05	{M}
UPI0002244E38	SINGLE	3	214	230	7	1.565e-04	{A}
UPI0002244E38	SINGLE	4	409	451	5	3.996e-04	{W}
UPI0002244E38	SINGLE	5	169	193	7	6.967e-04	{V}
UPI0002244E38	MULTIPLE	1	12	228	39	9.445e-10	{FM}
UPI0002244E38	WHOLE	1	1	522	40	2.927e-05	{F}
UPI0002244E75	SINGLE	1	13	94	19	1.129e-05	{A}
UPI0002244E75	SINGLE	2	134	170	6	1.260e-04	{H}
UPI0002244E7F	SINGLE	1	8	484	87	3.750e-10	{L}
UPI0002244E7F	SINGLE	2	398	416	7	1.092e-04	{V}
UPI0002244E7F	SINGLE	3	374	388	4	2.419e-04	{M}
UPI0002244E7F	SINGLE	4	268	282	5	5.275e-04	{I}
UPI0002244E7F	SINGLE	5	29	461	52	6.303e-04	{A}
UPI0002244E7F	MULTIPLE	1	8	485	235	1.228e-17	{LVMIA}
UPI0002244E7F	WHOLE	1	1	485	87	8.525e-10	{L}
UPI0002244E8F	SINGLE	1	91	147	12	4.191e-06	{Q}
UPI0002244E8F	SINGLE	2	17	37	6	3.138e-04	{R}
UPI0002244E8F	SINGLE	3	328	417	7	5.260e-04	{C}
UPI0002244E8F	SINGLE	4	174	220	5	5.997e-04	{W}
UPI0002244E8F	SINGLE	5	232	253	7	9.125e-04	{A}
UPI0002244EEC	SINGLE	1	18	78	8	4.671e-05	{H}
UPI0002244F46	SINGLE	1	234	343	20	2.178e-04	{A}
UPI0002244F46	SINGLE	2	13	27	6	5.574e-04	{A}
UPI0002244F4D	SINGLE	1	118	257	29	8.627e-07	{A}
UPI0002244F4D	SINGLE	2	5	306	39	2.040e-05	{V}
UPI0002244F4D	SINGLE	3	46	174	22	2.771e-05	{G}
UPI0002244F4D	SINGLE	4	89	103	4	7.491e-05	{C}
UPI0002244F4D	SINGLE	5	10	58	6	5.818e-04	{H}
UPI0002244F4D	MULTIPLE	1	43	259	94	5.938e-12	{AVGC}
UPI0002244F4D	WHOLE	1	1	336	40	9.019e-05	{V}
UPI0002244F52	SINGLE	1	58	87	7	2.099e-04	{Q}
UPI0002244F6E	SINGLE	1	3	146	19	6.360e-05	{I}
UPI0002244F6E	SINGLE	2	183	199	5	5.538e-04	{Q}
UPI0002244F6E	WHOLE	1	1	298	28	4.970e-04	{I}
UPI0002244F97	SINGLE	1	498	1410	122	1.546e-15	{T}
UPI0002244F97	SINGLE	2	431	1331	117	3.291e-08	{A}
UPI0002244F97	SINGLE	3	542	1350	91	1.583e-07	{V}
UPI0002244F97	SINGLE	4	167	1069	92	1.453e-05	{G}
UPI0002244F97	SINGLE	5	947	1257	28	1.317e-04	{N}
UPI0002244F97	SINGLE	6	19	104	17	2.272e-04	{A}
UPI0002244F97	SINGLE	7	333	369	8	2.577e-04	{R}
UPI0002244F97	SINGLE	8	787	841	12	3.468e-04	{S}
UPI0002244F97	MULTIPLE	1	372	1294	537	2.436e-33	{TAVGNS}
UPI0002244F97	WHOLE	1	1	1418	153	1.908e-11	{T}
UPI0002244F97	WHOLE	2	1	1418	160	1.076e-06	{A}
UPI0002244F97	WHOLE	3	1	1418	129	3.010e-05	{V}
UPI0002244F97	WHOLE	4	1	1418	125	2.525e-04	{G}
UPI0002244F98	SINGLE	1	221	238	5	3.167e-05	{H}
UPI0002244F98	SINGLE	2	72	104	8	5.496e-05	{N}
UPI0002244F98	SINGLE	3	8	423	38	1.197e-04	{I}
UPI0002244F98	SINGLE	4	138	170	9	1.840e-04	{G}
UPI0002244F98	MULTIPLE	1	92	296	53	1.744e-06	{HIG}
UPI0002244F98	WHOLE	1	1	441	38	3.445e-04	{I}
UPI0002244F99	SINGLE	1	92	106	6	5.574e-04	{A}
UPI0002244FBC	SINGLE	1	53	88	6	1.079e-04	{H}
UPI0002244FBC	SINGLE	2	46	355	30	1.344e-04	{R}
UPI0002244FBC	SINGLE	3	110	152	11	2.901e-04	{A}
UPI0002244FBC	SINGLE	4	120	186	15	6.548e-04	{L}
UPI0002244FBC	MULTIPLE	1	46	355	44	3.625e-06	{HR}
UPI0002244FBC	MULTIPLE	2	110	182	27	2.455e-05	{AL}
UPI0002244FBC	WHOLE	1	1	365	31	8.268e-04	{R}
UPI000224571B	SINGLE	1	393	410	8	7.040e-06	{V}
UPI000224571B	SINGLE	2	160	333	30	2.312e-05	{A}
UPI000224571B	SINGLE	3	171	417	31	8.739e-05	{K}
UPI000224571B	SINGLE	4	496	510	5	1.842e-04	{F}
UPI000224571B	SINGLE	5	695	722	7	2.101e-04	{P}
UPI000224571B	SINGLE	6	603	645	10	2.809e-04	{E}
UPI000224571B	SINGLE	7	111	186	14	3.096e-04	{G}
UPI000224571B	SINGLE	8	320	336	6	4.943e-04	{G}
UPI000224571B	SINGLE	9	2	142	25	6.153e-04	{L}
UPI000224571B	MULTIPLE	1	2	411	161	7.018e-07	{VKGL}
UPI000224571B	WHOLE	1	1	729	82	2.546e-04	{A}
UPI000229680F	SINGLE	1	15	181	42	7.645e-12	{A}
UPI000229680F	SINGLE	2	137	166	9	8.387e-05	{G}
UPI000229680F	WHOLE	1	1	212	47	5.136e-11	{A}
UPI00022A5DDA	SINGLE	1	13	183	29	4.137e-05	{A}
UPI00022A5DDA	SINGLE	2	79	273	27	1.415e-04	{G}
UPI00022A5DDA	SINGLE	3	7	21	7	1.659e-04	{L}
UPI00022A5DDA	SINGLE	4	263	304	11	2.343e-04	{A}
UPI00022A5DDA	SINGLE	5	108	123	6	2.398e-04	{T}
UPI00022A5DDA	MULTIPLE	1	13	304	71	2.941e-06	{AG}
UPI00022A5DDA	WHOLE	1	1	343	46	1.312e-04	{A}
UPI00022A67B8	SINGLE	1	114	266	31	6.166e-07	{A}
UPI00022A67B8	WHOLE	1	1	270	41	2.083e-05	{A}
UPI000245E967	SINGLE	1	28	59	8	2.434e-04	{D}
UPI000246EDED	SINGLE	1	24	398	47	4.182e-09	{I}
UPI000246EDED	SINGLE	2	41	472	25	9.013e-06	{M}
UPI000246EDED	SINGLE	3	28	377	44	2.082e-05	{G}
UPI000246EDED	SINGLE	4	150	466	38	1.130e-04	{V}
UPI000246EDED	SINGLE	5	25	475	61	6.224e-04	{L}
UPI000246EDED	MULTIPLE	1	24	475	228	4.065e-21	{IMGVL}
UPI000246EDED	WHOLE	1	1	482	49	1.075e-06	{I}
UPI000246EDED	WHOLE	2	1	482	26	1.947e-05	{M}
UPI000246EDED	WHOLE	3	1	482	50	5.385e-04	{G}
UPI000246F097	SINGLE	1	73	338	38	4.429e-06	{G}
UPI000246F097	SINGLE	2	34	283	30	4.811e-06	{I}
UPI000246F097	SINGLE	3	167	432	37	6.620e-06	{V}
UPI000246F097	SINGLE	4	40	409	31	4.201e-05	{F}
UPI000246F097	SINGLE	5	37	415	20	1.984e-04	{M}
UPI000246F097	SINGLE	6	27	42	6	2.398e-04	{T}
UPI000246F097	MULTIPLE	1	26	432	214	5.347e-21	{GIVFMT}
UPI000246F097	WHOLE	1	1	444	51	3.163e-05	{V}
UPI000246F097	WHOLE	2	1	444	33	2.079e-04	{F}
UPI000246F097	WHOLE	3	1	444	39	2.090e-04	{I}
UPI000246F097	WHOLE	4	1	444	47	5.032e-04	{G}
UPI000246F097	WHOLE	5	1	444	21	5.447e-04	{M}
UPI0002482557	SINGLE	1	63	368	31	4.876e-05	{R}
UPI0002482557	WHOLE	1	1	380	35	1.082e-04	{R}
UPI00024EF3C2	SINGLE	1	144	314	16	1.059e-06	{M}
UPI00024EF3C2	SINGLE	2	22	79	14	1.246e-05	{V}
UPI00024EF3C2	SINGLE	3	509	554	6	4.164e-04	{H}
UPI00024EF3C2	SINGLE	4	2	17	5	6.419e-04	{R}
UPI00024EF3C2	SINGLE	5	74	126	9	6.786e-04	{R}
UPI00024EF3C2	WHOLE	1	1	590	25	7.988e-04	{M}
UPI000250BCB9	SINGLE	1	192	207	5	4.085e-04	{Q}
UPI000250BCB9	SINGLE	2	175	343	29	4.329e-04	{L}
UPI000250BCB9	MULTIPLE	1	188	323	35	6.218e-05	{QL}
UPI000250C3FB	SINGLE	1	23	341	30	3.829e-05	{N}
UPI000250C3FB	SINGLE	2	81	437	31	1.256e-04	{Q}
UPI000250C3FB	SINGLE	3	105	214	8	2.153e-04	{W}
UPI000250C3FB	MULTIPLE	1	23	442	81	7.291e-09	{NQW}
UPI000250C3FB	WHOLE	1	1	464	36	2.928e-04	{N}
UPI000250C9EF	SINGLE	1	84	338	29	6.338e-04	{K}
UPI000250D29B	SINGLE	1	1	15	4	2.419e-04	{M}
UPI000250D863	SINGLE	1	68	82	6	3.887e-05	{R}
UPI000250D863	SINGLE	2	30	315	41	7.219e-05	{A}
UPI000250D863	SINGLE	3	344	366	7	4.607e-04	{G}
UPI000250D863	SINGLE	4	196	234	9	6.699e-04	{G}
UPI000250D863	SINGLE	5	258	272	5	9.005e-04	{D}
UPI000250D863	MULTIPLE	1	30	316	66	3.534e-05	{AG}
UPI000250E46B	SINGLE	1	58	137	10	8.443e-04	{F}
UPI00025100D2	SINGLE	1	234	249	6	6.935e-05	{I}
UPI00025100D2	SINGLE	2	19	33	5	2.936e-04	{Q}
UPI00025100D2	SINGLE	3	162	176	5	2.936e-04	{Q}
UPI00025100D6	SINGLE	1	193	554	16	9.718e-05	{W}
UPI00025100D6	SINGLE	2	22	49	7	1.297e-04	{N}
UPI00025100D6	SINGLE	3	58	415	28	2.622e-04	{F}
UPI00025100D6	SINGLE	4	370	385	6	5.323e-04	{S}
UPI00025100D6	SINGLE	5	10	24	6	5.574e-04	{A}
UPI00025100D6	SINGLE	6	120	221	13	6.657e-04	{P}
UPI00025100D6	SINGLE	7	258	272	5	9.005e-04	{D}
UPI00025100D6	MULTIPLE	1	190	421	28	3.988e-05	{WF}
UPI00025100D6	MULTIPLE	2	18	49	14	6.997e-06	{NA}
UPI00025121A4	SINGLE	1	2	16	5	2.936e-04	{Q}
UPI00025122D5	SINGLE	1	139	160	7	1.188e-04	{D}
UPI00025122E6	SINGLE	1	24	138	15	2.837e-04	{R}
UPI000251237C	SINGLE	1	6	198	34	1.003e-04	{L}
UPI000251237C	SINGLE	2	119	133	5	2.936e-04	{Q}
UPI000251237C	MULTIPLE	1	6	198	49	4.468e-06	{LQ}
UPI0002512B09	SINGLE	1	114	133	6	2.742e-04	{I}
UPI0002512FF7	SINGLE	1	8	25	7	7.377e-05	{V}
UPI0002513C05	SINGLE	1	85	118	9	1.434e-04	{T}
UPI0002513C05	SINGLE	2	216	360	27	1.881e-04	{L}
UPI0002513C05	SINGLE	3	111	356	26	7.407e-04	{D}
UPI0002513C05	MULTIPLE	1	111	360	61	2.011e-05	{LD}
UPI0002513C0D	SINGLE	1	12	272	26	2.130e-13	{C}
UPI0002513C0D	SINGLE	2	6	25	8	6.750e-05	{A}
UPI0002513C0D	SINGLE	3	317	623	37	1.800e-04	{G}
UPI0002513C0D	SINGLE	4	605	627	8	2.057e-04	{A}
UPI0002513C0D	SINGLE	5	468	545	12	2.482e-04	{R}
UPI0002513C0D	SINGLE	6	16	58	6	2.895e-04	{H}
UPI0002513C0D	MULTIPLE	1	6	72	20	4.220e-06	{AH}
UPI0002513C0D	MULTIPLE	2	314	628	91	1.061e-05	{GAR}
UPI0002513C0D	WHOLE	1	1	639	31	6.364e-08	{C}
UPI0002513C0D	WHOLE	2	1	639	71	7.187e-04	{A}
UPI0002513CC2	SINGLE	1	2	19	6	4.891e-04	{T}
UPI0002513CC2	SINGLE	2	116	147	8	6.615e-04	{V}
UPI0002513CC2	SINGLE	3	5	186	30	6.637e-04	{L}
UPI0002513CC2	SINGLE	4	65	91	8	6.718e-04	{A}
UPI0002513CC2	MULTIPLE	1	5	191	71	3.682e-06	{VLA}
UPI0002513CC8	SINGLE	1	93	189	12	7.185e-04	{Q}
UPI0002513DF9	SINGLE	1	11	533	81	1.373e-06	{L}
UPI0002513DF9	SINGLE	2	51	115	8	5.211e-06	{W}
UPI0002513DF9	SINGLE	3	2	203	24	4.339e-05	{I}
UPI0002513DF9	SINGLE	4	110	127	5	3.959e-04	{Y}
UPI0002513DF9	SINGLE	5	27	387	29	5.848e-04	{N}
UPI0002513DF9	SINGLE	6	476	530	9	8.826e-04	{R}
UPI0002513DF9	MULTIPLE	1	2	528	175	3.021e-13	{LWIN}
UPI0002513DF9	WHOLE	1	1	561	83	5.668e-06	{L}
UPI0002513DF9	WHOLE	2	1	561	22	3.429e-05	{W}
UPI0002513DF9	WHOLE	3	1	561	48	8.893e-05	{I}
UPI0002513E89	SINGLE	1	517	537	8	3.114e-05	{G}
UPI0002513E89	SINGLE	2	469	518	10	3.901e-05	{N}
UPI0002513E89	SINGLE	3	19	648	44	4.617e-05	{Y}
UPI0002513E89	SINGLE	4	289	323	8	8.801e-05	{Q}
UPI0002513E89	SINGLE	5	126	165	10	1.776e-04	{G}
UPI0002513E89	SINGLE	6	601	681	15	1.849e-04	{G}
UPI0002513E89	SINGLE	7	345	365	6	3.649e-04	{I}
UPI0002513E89	SINGLE	8	225	285	9	9.005e-04	{N}
UPI0002513E89	MULTIPLE	1	19	687	185	1.571e-08	{GYQN}
UPI0002513E89	WHOLE	1	1	698	45	1.992e-04	{Y}
UPI0002513E89	WHOLE	2	1	698	66	9.227e-04	{G}
UPI00025142C5	SINGLE	1	76	91	6	1.335e-04	{D}
UPI00025142C5	SINGLE	2	13	38	8	2.967e-04	{S}
UPI00025143BF	SINGLE	1	60	120	16	4.225e-09	{Q}
UPI00025143BF	SINGLE	2	366	397	14	3.595e-08	{A}
UPI00025143BF	SINGLE	3	36	170	29	3.992e-07	{A}
UPI00025143BF	SINGLE	4	375	389	7	2.126e-06	{P}
UPI00025143BF	SINGLE	5	152	231	15	2.418e-05	{D}
UPI00025143BF	SINGLE	6	223	240	7	1.415e-04	{S}
UPI00025143BF	SINGLE	7	261	303	8	7.210e-04	{R}
UPI00025143BF	MULTIPLE	1	41	170	46	5.492e-12	{QA}
UPI00025143BF	MULTIPLE	2	366	398	23	4.197e-14	{AP}
UPI00025143BF	MULTIPLE	3	151	240	30	2.843e-07	{DS}
UPI00025143BF	WHOLE	1	1	401	60	6.573e-07	{A}
UPI00025143BF	WHOLE	2	1	401	39	1.771e-06	{Q}
UPI0002514731	SINGLE	1	361	480	17	1.240e-05	{N}
UPI0002514731	SINGLE	2	90	569	52	1.077e-04	{V}
UPI0002514731	SINGLE	3	166	251	13	2.208e-04	{I}
UPI0002514731	SINGLE	4	506	520	6	3.585e-04	{S}
UPI0002514731	SINGLE	5	472	542	12	9.470e-04	{T}
UPI0002514731	SINGLE	6	574	618	8	9.717e-04	{R}
UPI0002514731	MULTIPLE	1	90	544	144	4.170e-07	{NVIT}
UPI0002514ECD	SINGLE	1	7	411	42	9.838e-09	{F}
UPI0002514ECD	SINGLE	2	68	110	7	3.410e-05	{M}
UPI0002514ECD	SINGLE	3	33	388	43	6.066e-05	{G}
UPI0002514ECD	SINGLE	4	135	523	37	6.729e-05	{I}
UPI0002514ECD	SINGLE	5	82	100	7	3.444e-04	{A}
UPI0002514ECD	SINGLE	6	11	396	55	3.452e-04	{L}
UPI0002514ECD	MULTIPLE	1	14	411	228	1.937e-20	{FMGIAL}
UPI0002514ECD	WHOLE	1	1	523	42	6.791e-06	{F}
UPI0002514ECD	WHOLE	2	1	523	54	3.942e-04	{G}
UPI0002514ECD	WHOLE	3	1	523	42	6.773e-04	{I}
UPI0002514ECD	WHOLE	4	1	523	23	7.867e-04	{M}
UPI0002515165	SINGLE	1	194	359	19	2.658e-04	{R}
UPI0002515165	SINGLE	2	160	182	6	3.060e-04	{N}
UPI0002515209	SINGLE	1	701	715	6	1.017e-05	{Y}
UPI0002515209	SINGLE	2	398	607	23	1.928e-04	{I}
UPI0002515209	SINGLE	3	517	531	4	2.419e-04	{M}
UPI0002515209	SINGLE	4	369	394	6	6.261e-04	{Q}
UPI00025169E4	SINGLE	1	348	367	8	2.065e-05	{G}
UPI00025169E4	SINGLE	2	266	312	12	1.618e-04	{A}
UPI00025169E4	SINGLE	3	320	346	5	2.447e-04	{M}
UPI00025169E4	SINGLE	4	87	627	19	3.910e-04	{W}
UPI00025169E4	SINGLE	5	555	643	12	6.429e-04	{P}
UPI00025169E4	SINGLE	6	138	162	7	7.874e-04	{G}
UPI00025169E4	MULTIPLE	1	197	429	38	1.757e-05	{GW}
UPI00025169E4	WHOLE	1	1	777	23	9.659e-04	{W}
UPI0002551741	SINGLE	1	146	160	6	5.574e-04	{A}
UPI0002551741	SINGLE	2	91	108	5	7.186e-04	{N}
UPI0002568F66	SINGLE	1	29	46	7	5.431e-05	{K}
UPI0002568F66	SINGLE	2	10	30	8	2.978e-04	{L}
UPI0002568F66	SINGLE	3	176	206	9	3.743e-04	{A}
UPI0002568F66	MULTIPLE	1	7	46	18	6.670e-06	{KL}
UPI00025B0FF9	SINGLE	1	81	107	8	1.973e-04	{E}
UPI00025B0FF9	SINGLE	2	15	34	8	2.030e-04	{L}
UPI000260AF5C	SINGLE	1	8	289	51	1.417e-06	{L}
UPI000260AF5C	SINGLE	2	40	108	13	2.067e-06	{F}
UPI000260AF5C	SINGLE	3	7	25	8	1.137e-05	{V}
UPI000260AF5C	SINGLE	4	160	231	12	1.525e-04	{I}
UPI000260AF5C	SINGLE	5	129	218	8	6.489e-04	{M}
UPI000260AF5C	SINGLE	6	71	156	16	6.493e-04	{A}
UPI000260AF5C	MULTIPLE	1	7	289	168	9.906e-18	{LFVIMA}
UPI000260AF5C	WHOLE	1	1	299	51	7.276e-06	{L}
UPI000260AF5C	WHOLE	2	1	299	23	9.789e-04	{F}
UPI000260B569	SINGLE	1	240	410	36	3.178e-08	{A}
UPI000260B569	SINGLE	2	217	245	7	3.066e-04	{R}
UPI000260B569	SINGLE	3	64	87	6	7.779e-04	{I}
UPI000260B745	SINGLE	1	19	41	8	2.057e-04	{A}
UPI000260B746	SINGLE	1	28	93	19	2.796e-08	{G}
UPI000260B746	SINGLE	2	54	100	13	3.705e-05	{A}
UPI000260B746	MULTIPLE	1	38	95	31	3.639e-12	{GA}
UPI000260B746	WHOLE	1	1	150	25	1.274e-05	{G}
UPI000260BCCC	SINGLE	1	60	85	13	1.605e-09	{E}
UPI000260BCCC	SINGLE	2	161	333	31	6.886e-08	{T}
UPI000260BCCC	SINGLE	3	157	327	25	3.419e-07	{P}
UPI000260BCCC	SINGLE	4	151	213	14	3.480e-07	{Q}
UPI000260BCCC	SINGLE	5	17	91	16	3.631e-07	{R}
UPI000260BCCC	SINGLE	6	289	334	15	1.058e-06	{A}
UPI000260BCCC	SINGLE	7	339	356	8	1.512e-05	{S}
UPI000260BCCC	SINGLE	8	37	51	6	8.836e-05	{D}
UPI000260BCCC	SINGLE	9	202	220	6	9.809e-05	{N}
UPI000260BCCC	SINGLE	10	122	141	7	2.968e-04	{S}
UPI000260BCCC	SINGLE	11	357	372	5	4.001e-04	{N}
UPI000260BCCC	MULTIPLE	1	16	91	44	6.858e-16	{ERD}
UPI000260BCCC	MULTIPLE	2	145	336	123	2.533e-26	{TPQAN}
UPI000260BCCC	WHOLE	1	1	428	39	3.673e-05	{P}
UPI000260BCCC	WHOLE	2	1	428	43	6.221e-04	{T}
UPI000260BEB2	SINGLE	1	9	473	93	5.731e-13	{L}
UPI000260BEB2	SINGLE	2	376	475	10	5.772e-05	{M}
UPI000260BEB2	SINGLE	3	61	96	9	3.656e-04	{G}
UPI000260BEB2	SINGLE	4	270	291	6	4.771e-04	{I}
UPI000260BEB2	SINGLE	5	64	407	26	6.481e-04	{F}
UPI000260BEB2	SINGLE	6	323	396	13	7.630e-04	{G}
UPI000260BEB2	MULTIPLE	1	6	476	183	4.627e-17	{LMFG}
UPI000260BEB2	WHOLE	1	1	526	97	2.271e-11	{L}
UPI000260BEF5	SINGLE	1	5	24	8	2.030e-04	{L}
UPI000260BEF5	SINGLE	2	145	169	6	9.729e-04	{I}
UPI000260C072	SINGLE	1	53	68	7	3.474e-05	{G}
UPI000260C072	SINGLE	2	105	188	14	6.809e-04	{V}
UPI000260C076	SINGLE	1	37	245	22	2.163e-04	{P}
UPI000260C076	WHOLE	1	1	262	24	7.844e-04	{P}
UPI000260C07B	SINGLE	1	10	108	14	2.499e-05	{F}
UPI000260C07B	SINGLE	2	85	103	4	1.525e-04	{W}
UPI000260C07B	SINGLE	3	42	72	7	5.531e-04	{I}
UPI000260C07B	MULTIPLE	1	9	108	32	2.435e-09	{FWI}
UPI000260C07B	WHOLE	1	1	110	14	7.802e-05	{F}
UPI000260C07C	SINGLE	1	157	361	41	1.081e-06	{L}
UPI000260C07C	SINGLE	2	38	127	15	9.404e-05	{D}
UPI000260C07C	SINGLE	3	7	60	14	2.127e-04	{L}
UPI000260C07C	SINGLE	4	389	442	11	5.453e-04	{G}
UPI000260C07C	WHOLE	1	1	449	64	1.371e-04	{L}
UPI000260C07D	SINGLE	1	127	150	9	4.300e-05	{A}
UPI000260C07D	SINGLE	2	463	503	8	2.740e-04	{Q}
UPI000260C07D	SINGLE	3	330	347	6	4.891e-04	{T}
UPI000260C07D	SINGLE	4	496	521	6	9.176e-04	{P}
UPI000260C07D	SINGLE	5	490	506	5	9.825e-04	{I}
UPI000260C07D	MULTIPLE	1	485	506	13	9.589e-07	{QPI}
UPI000260C1E6	SINGLE	1	25	525	47	6.531e-06	{R}
UPI000260C1E6	SINGLE	2	12	290	30	3.627e-05	{I}
UPI000260C1E6	SINGLE	3	18	220	32	7.140e-05	{A}
UPI000260C1E6	SINGLE	4	15	57	10	3.271e-04	{G}
UPI000260C1E6	SINGLE	5	434	477	5	6.071e-04	{C}
UPI000260C1E6	MULTIPLE	1	12	519	198	2.442e-11	{RIAGC}
UPI000260C1E6	WHOLE	1	1	542	48	2.145e-05	{R}
UPI0002610C8B	SINGLE	1	320	334	8	5.187e-06	{A}
UPI0002610C8B	SINGLE	2	358	407	8	1.085e-05	{M}
UPI0002610C8B	SINGLE	3	122	316	29	2.465e-05	{G}
UPI0002610C8B	SINGLE	4	129	188	12	3.119e-04	{V}
UPI0002610C8B	SINGLE	5	8	66	13	4.001e-04	{A}
UPI0002610C8B	SINGLE	6	10	33	7	5.364e-04	{V}
UPI0002610C8B	MULTIPLE	1	128	316	49	1.051e-06	{GV}
UPI0002610C8B	MULTIPLE	2	8	72	22	4.300e-05	{AV}
UPI0002610C8B	WHOLE	1	1	429	20	8.355e-04	{M}
UPI000261131F	SINGLE	1	4	379	77	1.484e-11	{L}
UPI000261131F	SINGLE	2	89	126	12	1.748e-05	{A}
UPI000261131F	SINGLE	3	263	366	19	2.713e-05	{V}
UPI000261131F	SINGLE	4	42	150	9	3.443e-05	{W}
UPI000261131F	MULTIPLE	1	9	381	174	8.977e-20	{LAVW}
UPI000261131F	WHOLE	1	1	385	77	4.754e-11	{L}
UPI000261131F	WHOLE	2	1	385	50	1.522e-04	{A}
UPI00026363B9	SINGLE	1	33	55	6	5.293e-04	{R}
UPI0002636458	SINGLE	1	11	29	6	3.810e-04	{D}
UPI0002674EE5	SINGLE	1	87	141	17	4.899e-07	{A}
UPI0002674EE5	SINGLE	2	257	419	29	5.088e-07	{V}
UPI0002674EE5	SINGLE	3	361	409	7	7.964e-05	{H}
UPI0002674EE5	SINGLE	4	223	279	10	8.286e-04	{D}
UPI0002674EE5	MULTIPLE	1	235	413	57	1.109e-09	{VHD}
UPI0002674EE5	WHOLE	1	1	478	52	9.832e-05	{V}
UPI0002676A5D	SINGLE	1	40	61	6	4.110e-04	{R}
UPI0002676A5D	SINGLE	2	35	85	6	7.169e-04	{H}
UPI0002676A5D	MULTIPLE	1	29	85	13	9.338e-05	{RH}
UPI000269609C	SINGLE	1	1	31	5	4.717e-04	{M}
UPI00026BB892	SINGLE	1	222	254	8	1.128e-04	{R}
UPI00026BB892	SINGLE	2	293	352	9	4.131e-04	{F}
UPI00026E3B16	SINGLE	1	37	58	6	4.110e-04	{R}
UPI00026E3B16	SINGLE	2	32	82	6	7.169e-04	{H}
UPI00026E3B16	MULTIPLE	1	26	82	13	9.338e-05	{RH}
UPI00026F11DC	SINGLE	1	7	117	17	1.663e-05	{R}
UPI00026F11DC	SINGLE	2	16	88	7	9.855e-05	{W}
UPI00026F11DC	SINGLE	3	21	116	11	7.345e-04	{Y}
UPI00026F11DC	MULTIPLE	1	7	117	35	3.441e-10	{RWY}
UPI00026F11DC	WHOLE	1	1	124	17	6.647e-05	{R}
UPI000281D574	SINGLE	1	83	155	8	1.635e-04	{H}
UPI000281D574	SINGLE	2	10	104	11	8.949e-04	{F}
UPI000281D574	MULTIPLE	1	67	91	8	7.031e-05	{HF}
UPI000281D6D1	SINGLE	1	26	82	16	2.001e-07	{T}
UPI000281D6D1	SINGLE	2	164	179	6	2.398e-04	{T}
UPI000281D6D1	WHOLE	1	1	183	29	2.214e-06	{T}
UPI000281D6D2	SINGLE	1	13	29	7	4.822e-05	{V}
UPI000281D6D2	SINGLE	2	62	76	5	4.135e-04	{P}
UPI0002874811	SINGLE	1	115	507	48	6.588e-09	{I}
UPI0002874811	SINGLE	2	271	306	11	6.123e-06	{K}
UPI0002874811	SINGLE	3	210	270	11	4.404e-05	{N}
UPI0002874811	SINGLE	4	354	417	9	5.118e-04	{Y}
UPI0002874811	MULTIPLE	1	133	507	134	2.680e-14	{IKNY}
UPI0002874811	WHOLE	1	1	518	53	3.469e-07	{I}
UPI0002874811	WHOLE	2	1	518	37	9.633e-04	{N}
UPI0002874887	SINGLE	1	283	530	25	2.404e-04	{R}
UPI0002874887	SINGLE	2	74	136	10	2.835e-04	{Q}
UPI0002874887	SINGLE	3	345	372	5	2.914e-04	{H}
UPI0002874887	SINGLE	4	508	527	7	4.883e-04	{A}
UPI0002874887	SINGLE	5	272	430	21	9.202e-04	{E}
UPI0002874887	MULTIPLE	1	272	530	52	1.472e-05	{RE}
UPI00028749D2	SINGLE	1	58	225	13	6.981e-05	{H}
UPI00028749D2	SINGLE	2	21	40	4	2.453e-04	{C}
UPI00028749D2	SINGLE	3	23	37	5	4.635e-04	{R}
UPI00028749D2	SINGLE	4	131	177	12	6.556e-04	{L}
UPI00028749D2	MULTIPLE	1	52	236	40	2.724e-05	{HL}
UPI00028749D2	MULTIPLE	2	21	40	9	1.443e-06	{CR}
UPI0002874A08	SINGLE	1	15	532	99	1.754e-12	{L}
UPI0002874A08	SINGLE	2	132	156	6	1.457e-06	{W}
UPI0002874A08	SINGLE	3	200	253	10	7.906e-05	{Q}
UPI0002874A08	SINGLE	4	648	683	6	1.079e-04	{H}
UPI0002874A08	SINGLE	5	258	369	15	2.152e-04	{R}
UPI0002874A08	SINGLE	6	507	660	17	2.664e-04	{Q}
UPI0002874A08	SINGLE	7	482	496	5	5.275e-04	{I}
UPI0002874A08	MULTIPLE	1	15	532	113	1.040e-13	{LW}
UPI0002874A08	MULTIPLE	2	507	683	30	9.845e-07	{HQ}
UPI0002874A08	WHOLE	1	1	696	115	3.868e-10	{L}
UPI0002874D38	SINGLE	1	4	251	40	6.590e-06	{A}
UPI0002874D38	SINGLE	2	12	59	12	4.253e-05	{G}
UPI0002874D38	SINGLE	3	64	78	5	9.005e-04	{D}
UPI0002874D38	MULTIPLE	1	9	251	69	9.564e-09	{AG}
UPI0002874D38	WHOLE	1	1	273	40	5.501e-05	{A}
UPI0002874D38	WHOLE	2	1	273	33	3.459e-04	{G}
UPI000287500F	SINGLE	1	10	39	9	6.776e-06	{R}
UPI000287500F	WHOLE	1	1	117	15	3.390e-04	{R}
UPI000287512E	SINGLE	1	413	481	10	2.246e-06	{H}
UPI000287512E	SINGLE	2	10	83	17	3.495e-05	{A}
UPI000287512E	SINGLE	3	122	446	32	1.030e-04	{I}
UPI000287512E	SINGLE	4	301	315	6	3.585e-04	{S}
UPI000287512E	MULTIPLE	1	301	344	15	9.882e-05	{IS}
UPI000287512E	WHOLE	1	1	492	40	7.046e-04	{I}
UPI0002875219	SINGLE	1	226	311	17	3.233e-05	{G}
UPI0002875219	SINGLE	2	28	145	15	4.894e-04	{I}
UPI0002875219	SINGLE	3	244	496	34	7.402e-04	{A}
UPI0002875219	MULTIPLE	1	226	496	66	5.785e-06	{GA}
UPI0002875297	SINGLE	1	7	150	28	7.127e-05	{L}
UPI0002875297	SINGLE	2	244	258	4	7.491e-05	{C}
UPI0002875297	SINGLE	3	31	437	52	1.700e-04	{A}
UPI0002875297	SINGLE	4	153	169	6	1.949e-04	{D}
UPI0002875297	SINGLE	5	389	416	8	2.943e-04	{G}
UPI0002875297	MULTIPLE	1	7	437	139	1.085e-06	{LAD}
UPI0002875297	WHOLE	1	1	457	54	7.267e-04	{A}
UPI0002875315	SINGLE	1	358	431	12	1.971e-04	{I}
UPI0002875315	SINGLE	2	107	141	10	2.092e-04	{A}
UPI0002875315	SINGLE	3	150	490	39	2.307e-04	{V}
UPI0002875315	SINGLE	4	252	668	35	5.264e-04	{R}
UPI0002875315	SINGLE	5	273	308	7	6.599e-04	{Q}
UPI0002875315	SINGLE	6	195	678	22	6.805e-04	{M}
UPI0002875315	MULTIPLE	1	156	681	147	2.356e-08	{IVRM}
UPI000287532F	SINGLE	1	165	187	7	4.607e-04	{G}
UPI000287536D	SINGLE	1	241	339	22	1.904e-10	{Q}
UPI000287536D	SINGLE	2	139	234	18	3.659e-07	{P}
UPI000287536D	SINGLE	3	9	225	34	4.347e-07	{T}
UPI000287536D	SINGLE	4	5	233	37	1.322e-05	{A}
UPI000287536D	MULTIPLE	1	5	234	98	4.520e-17	{PTA}
UPI000287536D	WHOLE	1	1	375	35	1.275e-05	{Q}
UPI000287536D	WHOLE	2	1	375	49	1.514e-04	{A}
UPI000287536D	WHOLE	3	1	375	33	2.282e-04	{P}
UPI000287536D	WHOLE	4	1	375	39	5.647e-04	{T}
UPI0002875435	SINGLE	1	33	306	44	2.787e-06	{A}
UPI0002875435	SINGLE	2	131	174	7	3.967e-05	{M}
UPI0002875435	SINGLE	3	18	200	12	5.411e-04	{H}
UPI0002875435	MULTIPLE	1	17	261	64	1.486e-09	{AMH}
UPI0002875435	WHOLE	1	1	337	46	8.970e-05	{A}
UPI0002875557	SINGLE	1	54	211	21	2.520e-05	{I}
UPI0002875557	SINGLE	2	122	253	11	1.272e-04	{M}
UPI0002875557	SINGLE	3	209	348	17	2.739e-04	{R}
UPI0002875557	SINGLE	4	289	324	9	3.656e-04	{G}
UPI0002875557	SINGLE	5	400	427	4	9.111e-04	{C}
UPI0002875557	MULTIPLE	1	62	348	62	1.269e-06	{IMR}
UPI0002875557	WHOLE	1	1	510	44	1.346e-04	{I}
UPI00028757CC	SINGLE	1	104	127	7	5.412e-04	{E}
UPI00028757CC	SINGLE	2	71	241	18	9.336e-04	{R}
UPI00028757CC	MULTIPLE	1	100	224	28	1.725e-04	{ER}
UPI00028757CF	SINGLE	1	29	127	21	1.187e-09	{Q}
UPI00028757CF	SINGLE	2	43	112	22	8.059e-09	{A}
UPI00028757CF	SINGLE	3	548	563	6	3.390e-05	{Q}
UPI00028757CF	SINGLE	4	155	199	9	1.674e-04	{P}
UPI00028757CF	SINGLE	5	467	503	9	2.742e-04	{K}
UPI00028757CF	SINGLE	6	165	342	20	3.378e-04	{I}
UPI00028757CF	SINGLE	7	204	256	13	5.994e-04	{L}
UPI00028757CF	SINGLE	8	297	320	7	6.071e-04	{G}
UPI00028757CF	MULTIPLE	1	29	127	44	1.244e-15	{QA}
UPI00028757CF	MULTIPLE	2	204	326	43	1.010e-04	{ILG}
UPI00028757CF	WHOLE	1	1	584	44	1.584e-04	{Q}
UPI000287587B	SINGLE	1	240	313	16	4.879e-12	{H}
UPI000287587B	SINGLE	2	21	225	39	6.315e-06	{L}
UPI000287587B	SINGLE	3	171	191	7	4.055e-05	{I}
UPI000287587B	SINGLE	4	236	259	8	7.912e-05	{V}
UPI000287587B	SINGLE	5	1	15	4	2.419e-04	{H}
UPI000287587B	SINGLE	6	46	174	22	2.743e-04	{A}
UPI000287587B	SINGLE	7	96	110	5	5.275e-04	{I}
UPI000287587B	MULTIPLE	1	45	205	70	6.236e-10	{LIA}
UPI000287587B	WHOLE	1	1	313	25	2.985e-08	{H}
UPI000287587B	WHOLE	2	1	313	45	8.235e-04	{L}
UPI0002875903	SINGLE	1	175	190	7	2.192e-06	{Q}
UPI0002875903	SINGLE	2	164	709	75	1.311e-04	{L}
UPI0002875903	SINGLE	3	609	657	11	2.339e-04	{G}
UPI0002875903	SINGLE	4	4	122	15	4.023e-04	{R}
UPI0002875903	SINGLE	5	706	730	6	5.033e-04	{Q}
UPI0002875903	MULTIPLE	1	164	735	155	1.340e-05	{LGQ}
UPI0002875A67	SINGLE	1	405	516	16	2.073e-05	{Q}
UPI0002875A67	SINGLE	2	422	505	9	7.824e-05	{M}
UPI0002875A67	SINGLE	3	520	545	7	6.739e-04	{K}
UPI0002875A67	SINGLE	4	112	136	7	7.874e-04	{G}
UPI0002875A67	MULTIPLE	1	416	516	24	1.969e-08	{QM}
UPI0002875A98	SINGLE	1	37	165	20	1.657e-04	{V}
UPI0002875A98	SINGLE	2	21	353	48	5.667e-04	{L}
UPI0002875A98	SINGLE	3	214	276	13	7.465e-04	{A}
UPI0002875A98	SINGLE	4	94	112	6	9.446e-04	{G}
UPI0002875A98	MULTIPLE	1	29	357	144	5.894e-08	{VLAG}
UPI0002875AC3	SINGLE	1	72	96	8	6.296e-06	{Q}
UPI0002875AC3	SINGLE	2	449	726	37	6.632e-06	{T}
UPI0002875AC3	SINGLE	3	230	720	43	6.709e-06	{N}
UPI0002875AC3	SINGLE	4	22	39	8	2.760e-05	{A}
UPI0002875AC3	SINGLE	5	351	403	12	1.156e-04	{G}
UPI0002875AC3	SINGLE	6	120	727	39	5.028e-04	{Y}
UPI0002875AC3	SINGLE	7	385	434	8	5.493e-04	{F}
UPI0002875AC3	SINGLE	8	54	523	42	8.264e-04	{D}
UPI0002875AC3	MULTIPLE	1	54	729	290	1.853e-12	{TNGYFD}
UPI0002875AC3	WHOLE	1	1	729	52	1.524e-04	{N}
UPI0002875AC3	WHOLE	2	1	729	67	3.772e-04	{T}
UPI0002875BC3	SINGLE	1	41	302	33	1.733e-04	{G}
UPI0002875E7E	SINGLE	1	8	348	40	9.645e-09	{N}
UPI0002875E7E	SINGLE	2	43	149	19	9.286e-07	{I}
UPI0002875E7E	SINGLE	3	62	322	30	8.641e-05	{D}
UPI0002875E7E	SINGLE	4	262	290	7	3.066e-04	{R}
UPI0002875E7E	MULTIPLE	1	5	352	107	2.393e-14	{NID}
UPI0002875E7E	WHOLE	1	1	352	40	2.285e-08	{N}
UPI0002875E7E	WHOLE	2	1	352	34	9.363e-05	{I}
UPI000287605A	SINGLE	1	171	493	24	2.033e-07	{H}
UPI000287605A	SINGLE	2	3	481	77	5.973e-07	{L}
UPI000287605A	SINGLE	3	9	150	19	9.786e-06	{Q}
UPI000287605A	SINGLE	4	121	140	6	2.058e-04	{P}
UPI000287605A	SINGLE	5	2	359	31	6.232e-04	{R}
UPI000287605A	MULTIPLE	1	2	505	210	2.420e-16	{HLQPR}
UPI000287605A	WHOLE	1	1	566	84	4.524e-06	{L}
UPI000287605A	WHOLE	2	1	566	27	9.814e-05	{H}
UPI000287605A	WHOLE	3	1	566	40	8.629e-04	{Q}
UPI000287613D	SINGLE	1	86	442	36	2.673e-05	{I}
UPI000287613D	SINGLE	2	282	311	9	8.387e-05	{G}
UPI000287613D	SINGLE	3	354	404	9	2.454e-04	{N}
UPI000287613D	MULTIPLE	1	83	442	70	4.755e-06	{IG}
UPI000287613D	WHOLE	1	1	504	42	3.532e-04	{I}
UPI00028763DF	SINGLE	1	189	203	7	6.097e-05	{A}
UPI00028763DF	SINGLE	2	273	317	6	3.701e-04	{M}
UPI00028763DF	SINGLE	3	332	393	12	4.266e-04	{E}
UPI00028763DF	SINGLE	4	18	269	30	7.409e-04	{G}
UPI000287644C	SINGLE	1	5	70	22	4.165e-08	{L}
UPI000287644C	WHOLE	1	1	82	23	6.557e-07	{L}
UPI000287646C	SINGLE	1	23	458	66	1.702e-11	{T}
UPI000287646C	SINGLE	2	3	336	53	3.737e-08	{S}
UPI000287646C	SINGLE	3	147	283	19	5.511e-06	{N}
UPI000287646C	SINGLE	4	24	233	34	2.661e-05	{A}
UPI000287646C	SINGLE	5	121	169	9	4.678e-04	{I}
UPI000287646C	MULTIPLE	1	2	455	242	3.091e-24	{TSNAI}
UPI000287646C	WHOLE	1	1	468	66	3.416e-10	{T}
UPI000287646C	WHOLE	2	1	468	65	1.965e-07	{S}
UPI000287646C	WHOLE	3	1	468	55	7.391e-04	{A}
UPI0002876561	SINGLE	1	146	248	19	2.423e-05	{E}
UPI0002876561	SINGLE	2	41	544	46	3.502e-04	{D}
UPI0002876561	SINGLE	3	595	622	9	5.211e-04	{L}
UPI0002876561	MULTIPLE	1	41	545	93	9.597e-06	{ED}
UPI0002876579	SINGLE	1	174	201	10	2.648e-05	{A}
UPI00028765A3	SINGLE	1	59	499	72	1.794e-09	{A}
UPI00028765A3	SINGLE	2	194	237	12	1.694e-05	{G}
UPI00028765A3	SINGLE	3	353	373	5	7.041e-05	{H}
UPI00028765A3	SINGLE	4	79	104	7	8.095e-05	{Q}
UPI00028765A3	SINGLE	5	359	381	7	1.612e-04	{D}
UPI00028765A3	MULTIPLE	1	359	381	11	3.071e-07	{HD}
UPI00028765A3	WHOLE	1	1	555	80	6.137e-08	{A}
UPI0002876600	SINGLE	1	48	155	17	4.949e-04	{G}
UPI0002876600	SINGLE	2	182	364	27	6.140e-04	{A}
UPI0002876600	SINGLE	3	300	368	7	6.437e-04	{H}
UPI0002876600	MULTIPLE	1	179	368	35	1.640e-04	{AH}
UPI00028766E9	SINGLE	1	171	192	8	4.570e-05	{G}
UPI00028766E9	SINGLE	2	123	146	7	5.412e-04	{E}
UPI00028766F0	SINGLE	1	125	277	30	1.830e-06	{A}
UPI00028766F0	SINGLE	2	126	177	11	3.946e-04	{G}
UPI00028766F0	MULTIPLE	1	125	279	49	3.195e-08	{AG}
UPI00028766F0	WHOLE	1	1	311	43	1.091e-04	{A}
UPI000287671B	SINGLE	1	17	293	45	1.619e-06	{A}
UPI000287671B	SINGLE	2	460	493	8	1.702e-04	{I}
UPI000287671B	SINGLE	3	430	445	6	3.059e-04	{V}
UPI000287671B	WHOLE	1	1	510	65	3.738e-05	{A}
UPI000287675A	SINGLE	1	85	517	73	3.446e-10	{A}
UPI000287675A	SINGLE	2	519	539	7	2.883e-05	{P}
UPI000287675A	SINGLE	3	359	375	6	1.019e-04	{I}
UPI000287675A	SINGLE	4	127	149	6	1.508e-04	{Y}
UPI000287675A	SINGLE	5	25	83	13	1.842e-04	{S}
UPI000287675A	SINGLE	6	295	336	8	3.238e-04	{Q}
UPI000287675A	SINGLE	7	60	76	4	4.036e-04	{M}
UPI000287675A	SINGLE	8	464	546	11	6.684e-04	{Q}
UPI000287675A	SINGLE	9	10	33	8	8.059e-04	{L}
UPI000287675A	MULTIPLE	1	81	546	109	7.983e-12	{AQ}
UPI000287675A	MULTIPLE	2	10	79	30	1.771e-06	{SML}
UPI000287675A	WHOLE	1	1	553	78	2.043e-07	{A}
UPI000287679F	SINGLE	1	127	154	9	1.638e-04	{A}
UPI000287679F	SINGLE	2	82	120	8	3.723e-04	{R}
UPI00028768BC	SINGLE	1	114	339	33	2.231e-04	{A}
UPI00028768BC	SINGLE	2	31	198	12	2.611e-04	{H}
UPI00028768BC	SINGLE	3	9	25	7	4.133e-04	{L}
UPI00028768BC	SINGLE	4	39	164	8	8.033e-04	{C}
UPI00028768BC	MULTIPLE	1	26	339	64	2.906e-06	{AHC}
UPI0002876908	SINGLE	1	35	784	91	1.424e-08	{G}
UPI0002876908	SINGLE	2	321	555	35	9.774e-07	{T}
UPI0002876908	SINGLE	3	55	740	56	2.849e-06	{N}
UPI0002876908	SINGLE	4	268	338	13	4.300e-04	{V}
UPI0002876908	MULTIPLE	1	31	788	283	1.131e-17	{GTNV}
UPI0002876908	WHOLE	1	1	789	92	7.059e-08	{G}
UPI0002876908	WHOLE	2	1	789	58	3.404e-05	{N}
UPI0002876908	WHOLE	3	1	789	71	4.482e-04	{T}
UPI00028769E1	SINGLE	1	28	57	9	8.387e-05	{G}
UPI00028769E1	SINGLE	2	163	180	7	6.140e-04	{L}
UPI0002876B68	SINGLE	1	233	394	30	5.840e-06	{A}
UPI0002876B68	SINGLE	2	43	350	34	7.236e-06	{I}
UPI0002876B68	SINGLE	3	85	132	10	1.200e-05	{F}
UPI0002876B68	SINGLE	4	358	373	4	7.491e-05	{W}
UPI0002876B68	SINGLE	5	40	404	19	3.240e-04	{M}
UPI0002876B68	SINGLE	6	2	20	7	3.444e-04	{A}
UPI0002876B68	SINGLE	7	220	263	10	3.952e-04	{G}
UPI0002876B68	SINGLE	8	103	135	8	9.330e-04	{G}
UPI0002876B68	MULTIPLE	1	40	405	178	6.159e-19	{AIFWMG}
UPI0002876B68	WHOLE	1	1	415	55	4.841e-05	{A}
UPI0002876B68	WHOLE	2	1	415	39	5.738e-05	{I}
UPI0002876B68	WHOLE	3	1	415	20	5.767e-04	{M}
UPI0002876BE3	SINGLE	1	18	316	46	5.275e-06	{A}
UPI0002876BE3	SINGLE	2	227	292	11	9.442e-05	{Q}
UPI0002876BE3	SINGLE	3	12	354	32	1.595e-04	{R}
UPI0002876BE3	MULTIPLE	1	11	349	101	2.058e-09	{AQR}
UPI0002876BE3	WHOLE	1	1	354	49	4.082e-05	{A}
UPI0002876BE3	WHOLE	2	1	354	32	2.675e-04	{R}
UPI0002876E1A	SINGLE	1	49	240	14	7.065e-05	{M}
UPI0002876E1A	SINGLE	2	186	203	6	4.891e-04	{T}
UPI0002876E1A	WHOLE	1	1	360	18	6.889e-04	{M}
UPI0002876E8B	SINGLE	1	16	441	52	1.697e-09	{I}
UPI0002876E8B	SINGLE	2	167	223	15	2.600e-06	{G}
UPI0002876E8B	SINGLE	3	97	445	29	8.047e-05	{F}
UPI0002876E8B	SINGLE	4	93	198	8	1.683e-04	{W}
UPI0002876E8B	SINGLE	5	1	374	20	1.684e-04	{M}
UPI0002876E8B	SINGLE	6	102	144	10	2.776e-04	{V}
UPI0002876E8B	MULTIPLE	1	16	445	204	1.272e-22	{IGFWMV}
UPI0002876E8B	WHOLE	1	1	457	52	1.722e-08	{I}
UPI0002876E8B	WHOLE	2	1	457	32	6.363e-04	{F}
UPI0002876E8B	WHOLE	3	1	457	21	7.634e-04	{M}
UPI0002876E8B	WHOLE	4	1	457	47	8.659e-04	{G}
UPI0002876FBC	SINGLE	1	7	395	57	2.231e-06	{A}
UPI0002876FBC	SINGLE	2	167	281	18	3.750e-04	{G}
UPI0002876FBC	WHOLE	1	1	401	57	5.432e-06	{A}
UPI000287702B	SINGLE	1	165	436	42	1.146e-05	{A}
UPI000287702B	SINGLE	2	347	427	15	1.849e-04	{G}
UPI000287702B	SINGLE	3	228	242	6	2.293e-04	{G}
UPI000287702B	SINGLE	4	123	291	12	2.750e-04	{M}
UPI000287702B	SINGLE	5	460	474	5	4.635e-04	{R}
UPI000287702B	SINGLE	6	20	87	10	5.169e-04	{Q}
UPI000287702B	MULTIPLE	1	160	429	82	1.005e-08	{AGM}
UPI000287702B	WHOLE	1	1	484	58	3.726e-04	{A}
UPI0002877059	SINGLE	1	180	351	31	1.411e-06	{S}
UPI0002877059	SINGLE	2	305	682	34	2.266e-06	{Y}
UPI0002877059	SINGLE	3	390	422	10	3.136e-05	{G}
UPI0002877059	SINGLE	4	515	554	9	3.709e-05	{Q}
UPI0002877059	SINGLE	5	582	778	21	8.959e-05	{N}
UPI0002877059	SINGLE	6	19	44	6	3.705e-04	{F}
UPI0002877059	SINGLE	7	478	496	6	3.810e-04	{D}
UPI0002877059	SINGLE	8	202	217	5	4.001e-04	{N}
UPI0002877059	SINGLE	9	794	864	11	5.159e-04	{I}
UPI0002877059	SINGLE	10	252	279	7	5.850e-04	{D}
UPI0002877059	MULTIPLE	1	178	740	272	1.496e-16	{SYGQND}
UPI0002877059	WHOLE	1	1	866	85	8.569e-04	{S}
UPI00028770AA	SINGLE	1	231	734	53	2.709e-09	{Q}
UPI00028770AA	SINGLE	2	367	433	18	2.147e-06	{A}
UPI00028770AA	SINGLE	3	6	550	81	6.104e-06	{L}
UPI00028770AA	SINGLE	4	570	592	6	1.831e-04	{F}
UPI00028770AA	SINGLE	5	4	25	6	2.422e-04	{Q}
UPI00028770AA	SINGLE	6	346	489	11	2.635e-04	{H}
UPI00028770AA	SINGLE	7	296	310	5	9.005e-04	{D}
UPI00028770AA	MULTIPLE	1	4	736	191	2.417e-13	{QLH}
UPI00028770AA	WHOLE	1	1	742	68	5.490e-09	{Q}
UPI00028770AA	WHOLE	2	1	742	99	4.945e-05	{L}
UPI0002877129	SINGLE	1	1	15	7	6.535e-07	{F}
UPI0002877129	WHOLE	1	1	15	7	6.535e-07	{F}
UPI0002877182	SINGLE	1	159	204	11	1.111e-04	{E}
UPI000287731C	SINGLE	1	59	273	28	2.326e-08	{F}
UPI000287731C	SINGLE	2	64	195	9	1.452e-04	{W}
UPI000287731C	SINGLE	3	313	356	12	3.534e-04	{L}
UPI000287731C	SINGLE	4	105	121	4	4.036e-04	{M}
UPI000287731C	SINGLE	5	380	434	11	5.375e-04	{V}
UPI000287731C	SINGLE	6	282	391	17	6.052e-04	{G}
UPI000287731C	MULTIPLE	1	55	273	50	1.261e-12	{FWM}
UPI000287731C	MULTIPLE	2	282	385	34	1.019e-05	{LG}
UPI000287731C	WHOLE	1	1	444	39	1.866e-06	{F}
UPI0002877404	SINGLE	1	277	299	10	3.843e-08	{R}
UPI0002877404	SINGLE	2	449	492	15	4.008e-06	{L}
UPI0002877404	SINGLE	3	529	620	14	3.250e-05	{Q}
UPI0002877404	SINGLE	4	244	323	16	3.712e-05	{E}
UPI0002877404	SINGLE	5	512	528	7	5.515e-05	{G}
UPI0002877404	SINGLE	6	117	199	19	1.089e-04	{L}
UPI0002877404	SINGLE	7	535	552	7	2.360e-04	{A}
UPI0002877404	SINGLE	8	466	629	23	2.558e-04	{E}
UPI0002877404	MULTIPLE	1	244	323	30	8.465e-10	{RE}
UPI0002877404	MULTIPLE	2	526	617	41	8.312e-09	{QAE}
UPI0002877404	WHOLE	1	1	635	85	1.228e-04	{L}
UPI0002877404	WHOLE	2	1	635	62	4.053e-04	{E}
UPI00028774C0	SINGLE	1	8	22	7	6.097e-05	{A}
UPI00028774C0	SINGLE	2	94	219	25	1.180e-04	{L}
UPI00028774C0	SINGLE	3	146	175	7	2.099e-04	{Q}
UPI00028774C0	MULTIPLE	1	119	209	28	1.118e-05	{LQ}
UPI00028775ED	SINGLE	1	87	104	7	2.360e-04	{A}
UPI00028775ED	SINGLE	2	105	242	17	3.181e-04	{I}
UPI00028775ED	SINGLE	3	127	182	11	6.255e-04	{V}
UPI00028775ED	SINGLE	4	57	137	17	6.462e-04	{L}
UPI00028775ED	MULTIPLE	1	87	113	13	1.498e-04	{AL}
UPI00028775ED	MULTIPLE	2	105	234	30	7.601e-05	{IV}
UPI000287764B	SINGLE	1	17	409	68	1.836e-07	{L}
UPI000287764B	SINGLE	2	20	145	17	6.964e-06	{F}
UPI000287764B	SINGLE	3	232	576	21	2.098e-05	{M}
UPI000287764B	SINGLE	4	8	187	22	5.724e-05	{I}
UPI000287764B	SINGLE	5	318	349	8	8.975e-05	{R}
UPI000287764B	SINGLE	6	44	58	4	2.419e-04	{M}
UPI000287764B	SINGLE	7	592	642	9	2.536e-04	{Q}
UPI000287764B	SINGLE	8	304	341	9	4.757e-04	{V}
UPI000287764B	SINGLE	9	261	311	8	4.978e-04	{Y}
UPI000287764B	SINGLE	10	608	743	16	7.382e-04	{I}
UPI000287764B	MULTIPLE	1	7	569	248	4.967e-15	{LFMIRY}
UPI000287764B	MULTIPLE	2	601	743	27	1.664e-04	{QI}
UPI000287764B	WHOLE	1	1	747	105	4.215e-06	{L}
UPI000287764B	WHOLE	2	1	747	61	4.742e-05	{I}
UPI000287764B	WHOLE	3	1	747	30	6.556e-04	{M}
UPI00028776F4	SINGLE	1	128	363	36	4.426e-11	{N}
UPI00028776F4	SINGLE	2	29	122	18	1.222e-05	{K}
UPI00028776F4	SINGLE	3	62	425	35	8.256e-05	{I}
UPI00028776F4	SINGLE	4	4	19	5	4.001e-04	{N}
UPI00028776F4	SINGLE	5	311	353	5	5.468e-04	{C}
UPI00028776F4	SINGLE	6	20	91	7	8.227e-04	{H}
UPI00028776F4	MULTIPLE	1	88	385	77	2.253e-13	{NIC}
UPI00028776F4	MULTIPLE	2	27	122	24	6.597e-07	{KH}
UPI00028776F4	WHOLE	1	1	430	49	6.614e-10	{N}
UPI00028776F4	WHOLE	2	1	430	37	4.109e-04	{I}
UPI0002877704	SINGLE	1	156	172	5	3.504e-04	{F}
UPI0002877704	SINGLE	2	212	234	8	5.917e-04	{L}
UPI00028778E7	SINGLE	1	83	297	36	7.870e-06	{A}
UPI00028778E7	SINGLE	2	150	302	20	3.276e-05	{R}
UPI00028778E7	SINGLE	3	69	99	8	3.521e-05	{Q}
UPI00028778E7	SINGLE	4	3	247	41	7.152e-05	{L}
UPI00028778E7	SINGLE	5	308	326	4	1.525e-04	{W}
UPI00028778E7	SINGLE	6	48	63	4	3.155e-04	{H}
UPI00028778E7	MULTIPLE	1	3	307	152	1.245e-15	{ARQLH}
UPI00028778E7	WHOLE	1	1	432	60	3.776e-04	{L}
UPI00028778E7	WHOLE	2	1	432	36	5.080e-04	{R}
UPI00028778E7	WHOLE	3	1	432	33	6.636e-04	{Q}
UPI0002877A67	SINGLE	1	140	182	11	6.967e-05	{G}
UPI0002877A67	SINGLE	2	174	188	4	7.491e-05	{C}
UPI0002877A67	MULTIPLE	1	140	190	16	1.573e-06	{GC}
UPI0002877A7C	SINGLE	1	49	74	8	1.697e-04	{G}
UPI0002877A7C	SINGLE	2	1	15	4	2.419e-04	{M}
UPI0002877A7C	SINGLE	3	188	202	5	4.635e-04	{R}
UPI0002877A7C	SINGLE	4	27	149	13	7.614e-04	{F}
UPI0002877ACE	SINGLE	1	12	26	6	4.559e-05	{I}
UPI0002877ACE	SINGLE	2	96	245	23	7.016e-05	{V}
UPI0002877ACE	SINGLE	3	115	132	8	8.554e-05	{L}
UPI0002877ACE	SINGLE	4	99	120	5	8.914e-05	{M}
UPI0002877ACE	SINGLE	5	30	154	14	2.860e-04	{F}
UPI0002877ACE	MULTIPLE	1	49	245	84	2.970e-11	{VLMF}
UPI0002877BEF	SINGLE	1	233	472	44	4.676e-06	{L}
UPI0002877BEF	SINGLE	2	216	484	26	7.991e-05	{Q}
UPI0002877BEF	SINGLE	3	83	100	7	2.360e-04	{A}
UPI0002877BEF	SINGLE	4	309	329	6	3.138e-04	{R}
UPI0002877BEF	MULTIPLE	1	216	484	90	1.271e-09	{LQR}
UPI0002877BEF	WHOLE	1	1	494	68	2.315e-04	{L}
UPI0002877BEF	WHOLE	2	1	494	36	8.879e-04	{Q}
UPI0002877DA2	SINGLE	1	389	404	6	3.390e-05	{Q}
UPI0002877DA2	SINGLE	2	60	602	38	1.271e-04	{Y}
UPI0002877DA2	SINGLE	3	519	539	7	2.506e-04	{G}
UPI0002877DA2	SINGLE	4	282	296	5	4.135e-04	{P}
UPI0002877DA2	SINGLE	5	503	520	5	7.186e-04	{N}
UPI0002877DA2	SINGLE	6	56	277	19	7.690e-04	{F}
UPI0002877DA2	MULTIPLE	1	54	602	148	4.232e-07	{YGNF}
UPI0002877DA2	WHOLE	1	1	698	44	3.463e-04	{Y}
UPI0002877DF4	SINGLE	1	43	290	28	2.762e-05	{I}
UPI0002877DF4	SINGLE	2	37	56	5	6.634e-04	{Y}
UPI0002877DF4	SINGLE	3	199	238	9	8.070e-04	{G}
UPI0002877DF4	SINGLE	4	97	172	16	8.709e-04	{L}
UPI0002877DF4	MULTIPLE	1	37	303	46	3.735e-06	{IY}
UPI0002877DF4	WHOLE	1	1	397	36	1.953e-04	{I}
UPI0002877ED4	SINGLE	1	36	511	22	3.086e-06	{W}
UPI0002877ED4	SINGLE	2	662	965	31	6.492e-06	{N}
UPI0002877ED4	SINGLE	3	4	923	123	7.697e-06	{L}
UPI0002877ED4	SINGLE	4	1197	1226	11	7.966e-06	{A}
UPI0002877ED4	SINGLE	5	183	898	72	1.335e-04	{G}
UPI0002877ED4	SINGLE	6	1138	1152	5	1.842e-04	{F}
UPI0002877ED4	SINGLE	7	1186	1237	11	3.318e-04	{V}
UPI0002877ED4	SINGLE	8	864	878	5	4.135e-04	{P}
UPI0002877ED4	SINGLE	9	202	668	43	4.348e-04	{D}
UPI0002877ED4	SINGLE	10	1132	1179	9	9.147e-04	{D}
UPI0002877ED4	MULTIPLE	1	4	923	354	1.794e-13	{WLGPD}
UPI0002877ED4	MULTIPLE	2	1197	1229	19	8.739e-09	{AV}
UPI0002877ED4	MULTIPLE	3	1140	1179	13	4.039e-05	{FD}
UPI0002877ED4	WHOLE	1	1	1266	40	6.962e-06	{W}
UPI0002877ED4	WHOLE	2	1	1266	151	1.869e-04	{L}
UPI0002877ED4	WHOLE	3	1	1266	112	4.016e-04	{G}
UPI000287806B	SINGLE	1	268	416	29	3.089e-06	{A}
UPI000287806B	SINGLE	2	231	245	5	4.635e-04	{R}
UPI000287806B	SINGLE	3	64	87	6	7.779e-04	{I}
UPI00028781B7	SINGLE	1	24	57	11	5.260e-06	{V}
UPI00028781B7	SINGLE	2	20	128	24	3.058e-05	{L}
UPI00028781B7	MULTIPLE	1	20	128	41	1.665e-08	{VL}
UPI00028781B7	WHOLE	1	1	136	20	3.238e-04	{V}
UPI00028781B7	WHOLE	2	1	136	25	3.704e-04	{L}
UPI000287825F	SINGLE	1	384	411	12	2.388e-06	{L}
UPI000287825F	SINGLE	2	366	385	7	2.016e-05	{P}
UPI000287825F	SINGLE	3	78	242	13	5.843e-05	{H}
UPI000287825F	SINGLE	4	274	643	50	6.156e-05	{A}
UPI000287825F	SINGLE	5	445	632	22	7.160e-05	{R}
UPI000287825F	SINGLE	6	394	430	8	3.110e-04	{I}
UPI000287825F	SINGLE	7	12	27	6	3.425e-04	{G}
UPI000287825F	SINGLE	8	255	269	5	4.135e-04	{P}
UPI000287825F	SINGLE	9	56	75	7	4.883e-04	{A}
UPI000287825F	SINGLE	10	79	95	6	4.943e-04	{G}
UPI000287825F	SINGLE	11	134	158	7	6.967e-04	{V}
UPI000287825F	MULTIPLE	1	366	430	34	1.119e-09	{LPI}
UPI000287825F	MULTIPLE	2	78	226	43	1.092e-05	{HGV}
UPI000287825F	MULTIPLE	3	274	647	79	1.441e-06	{AR}
UPI000287825F	WHOLE	1	1	648	71	9.941e-04	{A}
UPI000287843F	SINGLE	1	76	1162	107	2.217e-12	{R}
UPI000287843F	SINGLE	2	306	1245	72	1.183e-08	{Y}
UPI000287843F	SINGLE	3	262	276	9	1.682e-07	{S}
UPI000287843F	SINGLE	4	3	894	96	1.214e-06	{G}
UPI000287843F	SINGLE	5	31	205	24	1.777e-06	{P}
UPI000287843F	SINGLE	6	210	1057	86	3.022e-06	{T}
UPI000287843F	SINGLE	7	976	994	5	4.205e-05	{H}
UPI000287843F	SINGLE	8	1327	1371	9	9.312e-05	{N}
UPI000287843F	SINGLE	9	366	1051	61	1.088e-04	{D}
UPI000287843F	SINGLE	10	1388	1402	5	1.842e-04	{F}
UPI000287843F	SINGLE	11	1071	1210	21	1.873e-04	{E}
UPI000287843F	SINGLE	12	1017	1040	4	3.879e-04	{W}
UPI000287843F	SINGLE	13	711	777	7	5.422e-04	{H}
UPI000287843F	SINGLE	14	904	936	7	5.968e-04	{P}
UPI000287843F	SINGLE	15	140	188	5	7.234e-04	{W}
UPI000287843F	SINGLE	16	1193	1272	11	8.910e-04	{P}
UPI000287843F	MULTIPLE	1	59	1228	684	7.453e-31	{RYGPTHDEW}
UPI000287843F	WHOLE	1	1	1406	118	2.641e-09	{R}
UPI000287843F	WHOLE	2	1	1406	85	8.753e-06	{Y}
UPI000287843F	WHOLE	3	1	1406	133	1.105e-05	{G}
UPI0002878442	SINGLE	1	59	78	7	1.571e-04	{V}
UPI0002878442	SINGLE	2	47	64	5	7.334e-04	{Q}
UPI0002878442	MULTIPLE	1	44	78	13	3.311e-05	{VQ}
UPI000287857F	SINGLE	1	16	32	7	4.133e-04	{L}
UPI00028785A6	SINGLE	1	308	322	7	2.093e-05	{G}
UPI00028785A6	SINGLE	2	113	228	25	3.090e-05	{L}
UPI00028785A6	SINGLE	3	60	122	14	2.268e-04	{A}
UPI00028785A6	SINGLE	4	110	151	10	2.689e-04	{G}
UPI00028785A6	SINGLE	5	527	702	24	3.742e-04	{G}
UPI00028785A6	SINGLE	6	313	548	24	4.026e-04	{I}
UPI00028785A6	MULTIPLE	1	67	228	67	2.763e-07	{LAG}
UPI00028785A6	MULTIPLE	2	312	702	74	6.911e-06	{GI}
UPI00028785A6	WHOLE	1	1	714	69	4.623e-04	{G}
UPI000287875A	SINGLE	1	465	637	25	9.152e-05	{V}
UPI000287875A	SINGLE	2	307	329	5	1.114e-04	{M}
UPI000287875A	SINGLE	3	99	157	9	7.351e-04	{Q}
UPI000287876D	SINGLE	1	57	418	38	3.939e-07	{Q}
UPI000287876D	SINGLE	2	708	722	7	5.122e-07	{Y}
UPI000287876D	SINGLE	3	260	519	26	2.103e-04	{R}
UPI000287876D	SINGLE	4	20	449	59	5.424e-04	{L}
UPI000287876D	MULTIPLE	1	57	396	104	1.583e-08	{QRL}
UPI000287876D	WHOLE	1	1	726	49	7.063e-04	{Q}
UPI00028788C8	SINGLE	1	247	305	14	1.527e-05	{V}
UPI00028788C8	SINGLE	2	240	274	10	5.422e-05	{G}
UPI00028788C8	SINGLE	3	16	475	59	6.519e-05	{A}
UPI00028788C8	SINGLE	4	143	261	22	7.077e-04	{L}
UPI00028788C8	MULTIPLE	1	179	283	47	1.891e-07	{VGL}
UPI00028788C8	WHOLE	1	1	530	62	4.422e-04	{A}
UPI0002878940	SINGLE	1	115	129	5	1.186e-05	{H}
UPI0002878AFA	SINGLE	1	73	385	19	5.062e-05	{H}
UPI0002878AFA	SINGLE	2	181	374	12	8.749e-04	{M}
UPI0002878AFA	SINGLE	3	568	612	8	9.717e-04	{R}
UPI0002878AFA	MULTIPLE	1	73	385	33	2.170e-06	{HM}
UPI0002878AFC	SINGLE	1	122	691	47	1.242e-04	{R}
UPI0002878AFC	SINGLE	2	297	311	5	4.135e-04	{P}
UPI0002878AFC	SINGLE	3	168	278	19	6.249e-04	{A}
UPI0002878AFC	SINGLE	4	316	357	11	8.588e-04	{L}
UPI0002878AFC	MULTIPLE	1	119	675	171	2.690e-07	{RAL}
UPI0002878AFC	WHOLE	1	1	702	52	6.089e-04	{R}
UPI0002878B43	SINGLE	1	8	350	45	2.383e-04	{A}
UPI0002878B43	SINGLE	2	56	71	5	7.294e-04	{I}
UPI0002878B43	SINGLE	3	161	180	4	7.691e-04	{M}
UPI0002878B43	MULTIPLE	1	8	350	66	1.816e-04	{AI}
UPI0002878B43	WHOLE	1	1	384	47	7.227e-04	{A}
UPI0002878BA2	SINGLE	1	49	245	30	1.173e-05	{G}
UPI0002878BA2	SINGLE	2	99	309	30	5.970e-04	{A}
UPI0002878BA2	MULTIPLE	1	89	245	46	8.494e-07	{GA}
UPI0002878C45	SINGLE	1	324	338	8	1.486e-06	{G}
UPI0002878CAB	SINGLE	1	131	157	6	3.793e-04	{Y}
UPI0002878CAB	SINGLE	2	73	115	8	7.210e-04	{R}
UPI0002878CAB	SINGLE	3	8	78	7	7.599e-04	{H}
UPI0002878CAB	MULTIPLE	1	7	115	19	1.260e-04	{RH}
UPI0002878D85	SINGLE	1	74	98	8	1.301e-05	{R}
UPI0002878D85	SINGLE	2	99	218	20	6.432e-05	{E}
UPI0002878D85	WHOLE	1	1	239	24	3.274e-04	{R}
UPI00028791F6	SINGLE	1	240	263	6	9.716e-06	{M}
UPI00028791F6	SINGLE	2	3	54	13	2.092e-05	{G}
UPI00028791F6	SINGLE	3	65	380	27	8.725e-05	{F}
UPI00028791F6	SINGLE	4	349	366	4	1.222e-04	{W}
UPI00028791F6	SINGLE	5	175	192	5	7.186e-04	{N}
UPI00028791F6	MULTIPLE	1	76	380	65	1.150e-06	{MFWN}
UPI000287924C	SINGLE	1	500	548	12	7.428e-07	{N}
UPI000287924C	SINGLE	2	529	617	17	3.889e-05	{V}
UPI000287924C	SINGLE	3	28	592	44	8.223e-05	{Q}
UPI000287924C	SINGLE	4	236	671	49	1.144e-04	{G}
UPI000287924C	SINGLE	5	246	260	5	1.557e-04	{Y}
UPI000287924C	SINGLE	6	29	47	7	2.079e-04	{S}
UPI000287924C	SINGLE	7	449	628	24	2.081e-04	{T}
UPI000287924C	SINGLE	8	26	48	8	5.917e-04	{L}
UPI000287924C	SINGLE	9	203	409	21	6.204e-04	{R}
UPI000287924C	SINGLE	10	63	414	14	6.585e-04	{W}
UPI000287924C	MULTIPLE	1	502	585	38	1.246e-09	{NVT}
UPI000287924C	MULTIPLE	2	213	420	67	6.350e-08	{QGRW}
UPI000287924C	MULTIPLE	3	29	48	14	1.358e-07	{SL}
UPI000287924C	WHOLE	1	1	702	49	3.805e-04	{Q}
UPI00028793D9	SINGLE	1	9	278	64	1.049e-12	{L}
UPI00028793D9	SINGLE	2	209	315	14	8.585e-08	{M}
UPI00028793D9	SINGLE	3	47	475	18	7.219e-05	{W}
UPI00028793D9	SINGLE	4	682	957	39	1.369e-04	{A}
UPI00028793D9	SINGLE	5	323	362	8	2.305e-04	{Q}
UPI00028793D9	SINGLE	6	293	594	35	3.585e-04	{E}
UPI00028793D9	SINGLE	7	620	683	13	4.114e-04	{S}
UPI00028793D9	MULTIPLE	1	12	287	78	1.214e-14	{LM}
UPI00028793D9	MULTIPLE	2	323	555	51	1.598e-05	{WQE}
UPI00028793D9	MULTIPLE	3	620	957	79	1.602e-05	{AS}
UPI00028793D9	WHOLE	1	1	1105	164	4.819e-10	{L}
UPI00028793D9	WHOLE	2	1	1105	43	1.279e-04	{M}
UPI00028793E5	SINGLE	1	192	280	21	3.053e-06	{A}
UPI00028793E5	SINGLE	2	150	187	8	1.601e-04	{Q}
UPI00028793E5	SINGLE	3	217	248	5	5.468e-04	{H}
UPI00028793E5	MULTIPLE	1	216	255	17	8.093e-08	{AH}
UPI00028793E5	WHOLE	1	1	284	40	1.231e-04	{A}
UPI0002879435	SINGLE	1	71	135	11	8.224e-05	{Q}
UPI0002879435	SINGLE	2	90	335	15	2.655e-04	{H}
UPI0002879435	WHOLE	1	1	372	18	9.667e-04	{H}
UPI0002879442	SINGLE	1	197	582	52	3.441e-07	{V}
UPI0002879442	SINGLE	2	569	619	16	6.448e-06	{L}
UPI0002879442	SINGLE	3	313	335	7	1.612e-04	{D}
UPI0002879442	SINGLE	4	279	312	8	1.702e-04	{I}
UPI0002879442	SINGLE	5	355	396	8	3.142e-04	{N}
UPI0002879442	SINGLE	6	120	151	7	3.177e-04	{Q}
UPI0002879442	SINGLE	7	326	342	5	5.538e-04	{Q}
UPI0002879442	MULTIPLE	1	319	342	11	5.708e-06	{DQ}
UPI0002879442	WHOLE	1	1	648	66	9.586e-05	{V}
UPI0002879602	SINGLE	1	422	480	12	6.640e-05	{D}
UPI0002879602	SINGLE	2	385	416	8	8.975e-05	{R}
UPI0002879602	SINGLE	3	475	499	8	1.099e-04	{E}
UPI0002879602	SINGLE	4	227	437	20	5.382e-04	{N}
UPI0002879602	MULTIPLE	1	422	499	22	6.537e-05	{DE}
UPI0002879677	SINGLE	1	56	191	25	1.577e-06	{V}
UPI0002879677	SINGLE	2	89	103	4	7.491e-05	{C}
UPI0002879677	SINGLE	3	172	307	17	2.701e-04	{I}
UPI0002879677	MULTIPLE	1	64	191	28	7.776e-07	{VC}
UPI0002879677	WHOLE	1	1	339	30	8.112e-04	{I}
UPI0002879692	SINGLE	1	181	301	17	4.927e-05	{R}
UPI0002879692	SINGLE	2	10	199	21	5.822e-05	{Q}
UPI0002879692	SINGLE	3	99	184	18	4.800e-04	{L}
UPI0002879692	SINGLE	4	271	289	5	6.080e-04	{F}
UPI0002879692	MULTIPLE	1	76	250	58	1.117e-06	{RQL}
UPI0002879706	SINGLE	1	107	382	37	1.464e-05	{V}
UPI0002879706	SINGLE	2	336	350	4	2.419e-04	{H}
UPI0002879706	SINGLE	3	37	57	8	2.978e-04	{L}
UPI0002879706	SINGLE	4	5	23	6	8.474e-04	{V}
UPI0002879706	WHOLE	1	1	408	44	3.400e-04	{V}
UPI0002879A19	SINGLE	1	242	257	6	3.059e-04	{V}
UPI0002879A19	SINGLE	2	261	279	5	5.171e-04	{Y}
UPI0002879A19	SINGLE	3	247	314	12	6.348e-04	{K}
UPI0002879A19	SINGLE	4	212	305	15	7.167e-04	{E}
UPI0002879A19	MULTIPLE	1	239	259	10	1.044e-04	{VE}
UPI0002879A19	MULTIPLE	2	251	298	15	3.192e-05	{YK}
UPI0002879A9F	SINGLE	1	6	94	16	1.005e-06	{N}
UPI0002879A9F	SINGLE	2	50	260	27	4.274e-06	{I}
UPI0002879A9F	SINGLE	3	265	281	7	4.133e-04	{L}
UPI0002879A9F	SINGLE	4	52	66	5	9.005e-04	{D}
UPI0002879A9F	MULTIPLE	1	2	260	56	1.080e-09	{NI}
UPI0002879A9F	WHOLE	1	1	289	31	2.894e-05	{I}
UPI0002879A9F	WHOLE	2	1	289	27	9.570e-05	{N}
UPI0002879AB4	SINGLE	1	228	385	16	3.736e-07	{M}
UPI0002879AB4	SINGLE	2	238	394	24	6.492e-07	{I}
UPI0002879AB4	SINGLE	3	12	334	52	2.777e-05	{L}
UPI0002879AB4	SINGLE	4	19	192	18	1.218e-04	{F}
UPI0002879AB4	SINGLE	5	16	31	6	8.219e-04	{A}
UPI0002879AB4	MULTIPLE	1	11	391	183	7.181e-17	{MILFA}
UPI0002879AB4	WHOLE	1	1	394	23	1.709e-05	{M}
UPI0002879AB4	WHOLE	2	1	394	39	1.976e-05	{I}
UPI0002879AB4	WHOLE	3	1	394	58	1.165e-04	{L}
UPI0002879D21	SINGLE	1	3	174	30	2.730e-04	{L}
UPI0002879EC7	SINGLE	1	49	234	15	1.302e-05	{M}
UPI0002879EC7	SINGLE	2	54	378	47	2.009e-05	{A}
UPI0002879EC7	SINGLE	3	277	295	7	8.232e-05	{T}
UPI0002879EC7	SINGLE	4	332	346	5	2.936e-04	{Q}
UPI0002879EC7	SINGLE	5	356	388	8	8.166e-04	{V}
UPI0002879EC7	SINGLE	6	205	247	8	8.623e-04	{I}
UPI0002879EC7	MULTIPLE	1	49	378	67	1.121e-08	{MA}
UPI0002879EC7	WHOLE	1	1	429	23	5.911e-05	{M}
UPI0002879EC7	WHOLE	2	1	429	52	5.228e-04	{A}
UPI0002879F43	SINGLE	1	16	69	7	1.471e-04	{H}
UPI0002879F43	SINGLE	2	649	720	14	1.773e-04	{G}
UPI0002879F43	SINGLE	3	256	276	6	1.841e-04	{Q}
UPI0002879F43	SINGLE	4	633	658	6	3.065e-04	{Y}
UPI0002879F43	SINGLE	5	583	609	6	7.702e-04	{Q}
UPI0002879F43	SINGLE	6	418	442	6	9.729e-04	{I}
UPI000287A104	SINGLE	1	57	279	47	4.078e-08	{L}
UPI000287A104	SINGLE	2	305	323	8	1.137e-05	{V}
UPI000287A104	WHOLE	1	1	340	59	9.519e-07	{L}
UPI000287A131	SINGLE	1	149	387	35	7.283e-09	{I}
UPI000287A131	SINGLE	2	98	449	50	1.839e-05	{A}
UPI000287A131	SINGLE	3	335	393	10	2.975e-04	{P}
UPI000287A131	SINGLE	4	45	61	5	3.504e-04	{F}
UPI000287A131	SINGLE	5	56	156	16	6.535e-04	{G}
UPI000287A131	MULTIPLE	1	81	422	119	9.798e-12	{IAG}
UPI000287A131	WHOLE	1	1	452	49	1.770e-07	{I}
UPI000287A131	WHOLE	2	1	452	56	2.156e-04	{A}
UPI000287A207	SINGLE	1	812	845	13	7.065e-07	{A}
UPI000287A207	SINGLE	2	84	191	17	3.054e-06	{N}
UPI000287A207	SINGLE	3	274	305	10	9.391e-05	{A}
UPI000287A207	SINGLE	4	230	244	7	1.659e-04	{L}
UPI000287A207	SINGLE	5	354	748	39	2.132e-04	{D}
UPI000287A207	SINGLE	6	507	634	16	3.952e-04	{I}
UPI000287A207	SINGLE	7	246	267	6	4.771e-04	{I}
UPI000287A207	SINGLE	8	751	768	6	6.250e-04	{E}
UPI000287A207	SINGLE	9	583	771	12	7.077e-04	{M}
UPI000287A207	MULTIPLE	1	506	699	48	2.010e-06	{DIM}
UPI000287A277	SINGLE	1	11	202	14	7.065e-05	{H}
UPI000287A277	SINGLE	2	39	241	22	2.042e-04	{R}
UPI000287A277	SINGLE	3	40	84	8	5.178e-04	{Q}
UPI000287A277	MULTIPLE	1	39	241	49	1.318e-07	{HRQ}
UPI000287A277	WHOLE	1	1	249	15	3.002e-04	{H}
UPI00028BF285	SINGLE	1	9	66	8	3.675e-06	{C}
UPI00028BF285	SINGLE	2	263	325	15	3.402e-04	{L}
UPI00028BF285	WHOLE	1	1	396	18	6.427e-05	{C}
UPI00028C0F3B	SINGLE	1	29	342	56	1.063e-11	{G}
UPI00028C0F3B	SINGLE	2	80	388	34	4.790e-07	{N}
UPI00028C0F3B	SINGLE	3	25	402	33	5.697e-06	{Y}
UPI00028C0F3B	SINGLE	4	7	22	7	9.989e-05	{A}
UPI00028C0F3B	SINGLE	5	174	229	13	1.077e-04	{S}
UPI00028C0F3B	SINGLE	6	379	394	6	1.335e-04	{D}
UPI00028C0F3B	SINGLE	7	221	282	13	6.430e-04	{A}
UPI00028C0F3B	MULTIPLE	1	25	394	161	3.086e-24	{GNYD}
UPI00028C0F3B	WHOLE	1	1	404	60	3.169e-09	{G}
UPI00028C0F3B	WHOLE	2	1	404	37	1.028e-05	{N}
UPI00028C0F3B	WHOLE	3	1	404	33	2.069e-05	{Y}
UPI00028C2681	SINGLE	1	255	294	14	9.207e-07	{A}
UPI00028C2681	SINGLE	2	203	322	18	1.851e-05	{I}
UPI00028C2681	SINGLE	3	12	264	35	1.914e-05	{G}
UPI00028C2681	SINGLE	4	166	208	9	3.103e-05	{F}
UPI00028C2681	SINGLE	5	118	155	6	1.464e-04	{M}
UPI00028C2681	SINGLE	6	70	88	6	8.474e-04	{V}
UPI00028C2681	SINGLE	7	83	117	9	9.458e-04	{A}
UPI00028C2681	MULTIPLE	1	10	326	172	1.414e-16	{AIGFMV}
UPI00028C2681	WHOLE	1	1	327	32	1.142e-04	{I}
UPI00028C2681	WHOLE	2	1	327	44	1.640e-04	{A}
UPI00028C2681	WHOLE	3	1	327	36	9.757e-04	{G}
UPI00028C2BE8	SINGLE	1	59	279	33	1.513e-04	{A}
UPI00028C2BE8	SINGLE	2	20	39	6	2.355e-04	{R}
UPI00028C2BE8	SINGLE	3	36	58	7	4.101e-04	{E}
UPI00028C2BE8	MULTIPLE	1	20	58	13	1.746e-04	{RE}
UPI00028C7C1B	SINGLE	1	166	293	23	8.047e-04	{L}
UPI00028D0972	SINGLE	1	1	24	6	9.716e-06	{M}
UPI00028D0972	SINGLE	2	60	110	12	1.488e-05	{D}
UPI00028D0972	SINGLE	3	23	59	10	3.371e-04	{A}
UPI00028D0972	MULTIPLE	1	10	59	17	3.125e-06	{MA}
UPI00028D0AA6	SINGLE	1	217	420	28	4.341e-05	{T}
UPI00028D0AA6	SINGLE	2	9	70	16	8.497e-05	{L}
UPI00028D0AA6	SINGLE	3	328	463	24	9.282e-05	{A}
UPI00028D0AA6	SINGLE	4	3	223	11	4.100e-04	{W}
UPI00028D0AA6	SINGLE	5	116	133	5	7.334e-04	{Q}
UPI00028D0AA6	SINGLE	6	82	109	4	9.111e-04	{C}
UPI00028D0AA6	MULTIPLE	1	8	463	135	1.909e-07	{TAWQ}
UPI00028D0AA6	WHOLE	1	1	549	52	7.287e-04	{T}
UPI00028D4245	SINGLE	1	9	376	66	1.701e-10	{A}
UPI00028D4245	SINGLE	2	54	385	41	5.445e-05	{G}
UPI00028D4245	MULTIPLE	1	9	387	111	6.409e-14	{AG}
UPI00028D4245	WHOLE	1	1	394	67	1.185e-09	{A}
UPI00028D4245	WHOLE	2	1	394	44	2.586e-04	{G}
UPI00028EE264	SINGLE	1	208	235	10	2.648e-05	{A}
UPI00029BBB5C	SINGLE	1	5	104	14	2.173e-04	{R}
UPI00029BBB5C	WHOLE	1	1	107	14	4.244e-04	{R}
UPI00029C02A5	SINGLE	1	2	254	33	2.817e-07	{I}
UPI00029C02A5	SINGLE	2	17	262	33	1.538e-05	{K}
UPI00029C02A5	MULTIPLE	1	2	256	65	7.519e-11	{IK}
UPI00029C02A5	WHOLE	1	1	298	35	1.432e-06	{I}
UPI00029C02A5	WHOLE	2	1	298	36	5.774e-05	{K}
UPI0002A1B055	SINGLE	1	42	375	41	6.458e-08	{I}
UPI0002A1B055	SINGLE	2	61	201	17	2.938e-05	{F}
UPI0002A1B055	SINGLE	3	43	83	9	5.981e-04	{K}
UPI0002A1B055	SINGLE	4	295	320	4	6.870e-04	{C}
UPI0002A1B055	SINGLE	5	233	247	5	9.005e-04	{D}
UPI0002A1B055	MULTIPLE	1	42	367	91	9.849e-10	{IFK}
UPI0002A1B055	WHOLE	1	1	381	43	3.162e-07	{I}
UPI0002A1B485	SINGLE	1	28	56	8	4.243e-05	{R}
UPI0002A1BED6	SINGLE	1	2	218	33	7.486e-09	{I}
UPI0002A1BED6	SINGLE	2	167	200	8	6.877e-05	{N}
UPI0002A1BED6	SINGLE	3	116	156	9	5.981e-04	{K}
UPI0002A1BED6	SINGLE	4	152	170	5	6.080e-04	{F}
UPI0002A1BED6	MULTIPLE	1	2	220	70	3.618e-13	{INF}
UPI0002A1BED6	WHOLE	1	1	249	33	1.966e-07	{I}
UPI0002A1BED6	WHOLE	2	1	249	23	3.268e-04	{N}
UPI0002A1CA7A	SINGLE	1	24	177	21	1.735e-05	{I}
UPI0002A1CA7A	SINGLE	2	285	301	6	4.421e-04	{V}
UPI0002A1CA7A	WHOLE	1	1	427	38	1.939e-04	{I}
UPI0002A1DC68	SINGLE	1	5	25	7	9.294e-06	{F}
UPI0002A1DC68	SINGLE	2	19	33	5	4.135e-04	{P}
UPI0002A1DC68	SINGLE	3	13	189	23	8.877e-04	{G}
UPI0002A1DC68	MULTIPLE	1	5	28	12	1.467e-07	{FP}
UPI0002A2011A	SINGLE	1	78	96	8	8.162e-06	{T}
UPI0002A2011A	SINGLE	2	264	297	10	1.622e-04	{A}
UPI0002A2011A	SINGLE	3	288	329	10	2.306e-04	{E}
UPI0002A2011A	SINGLE	4	63	128	13	2.579e-04	{G}
UPI0002A2011A	SINGLE	5	47	61	5	2.875e-04	{N}
UPI0002A2011A	SINGLE	6	332	363	7	3.092e-04	{N}
UPI0002A2011A	SINGLE	7	383	457	10	5.185e-04	{F}
UPI0002A2011A	SINGLE	8	229	252	8	8.059e-04	{L}
UPI0002A2011A	MULTIPLE	1	84	98	10	1.827e-06	{TG}
UPI0002A2011A	MULTIPLE	2	264	333	24	1.621e-05	{AE}
UPI0002A2062D	SINGLE	1	24	56	8	5.496e-05	{N}
UPI0002A2062D	SINGLE	2	62	158	16	2.119e-04	{T}
UPI0002A2062D	SINGLE	3	100	128	8	3.794e-04	{G}
UPI0002A2062D	MULTIPLE	1	59	158	31	1.154e-06	{TG}
UPI0002A2062D	WHOLE	1	1	166	17	5.717e-04	{N}
UPI0002A217DD	SINGLE	1	55	75	8	8.833e-06	{D}
UPI0002A217DD	SINGLE	2	92	487	34	7.324e-05	{N}
UPI0002A217DD	SINGLE	3	30	456	32	2.205e-04	{F}
UPI0002A217DD	SINGLE	4	322	352	9	3.743e-04	{A}
UPI0002A217DD	SINGLE	5	14	511	41	4.991e-04	{I}
UPI0002A217DD	MULTIPLE	1	37	488	149	1.048e-09	{NFAI}
UPI0002A217DD	WHOLE	1	1	518	42	5.762e-04	{I}
UPI0002A222AF	SINGLE	1	378	395	8	2.760e-05	{A}
UPI0002A222AF	SINGLE	2	335	361	5	5.936e-05	{C}
UPI0002A222AF	SINGLE	3	83	134	7	1.161e-04	{H}
UPI0002A222AF	SINGLE	4	495	649	23	1.516e-04	{G}
UPI0002A222AF	SINGLE	5	55	672	50	2.228e-04	{I}
UPI0002A222AF	SINGLE	6	58	72	6	2.293e-04	{G}
UPI0002A222AF	SINGLE	7	607	622	6	3.059e-04	{V}
UPI0002A222AF	SINGLE	8	539	570	7	3.177e-04	{Q}
UPI0002A222AF	SINGLE	9	229	243	6	5.574e-04	{A}
UPI0002A222AF	MULTIPLE	1	80	653	197	1.172e-06	{HIVQA}
UPI0002A222AF	WHOLE	1	1	672	67	2.600e-04	{G}
UPI0002A231D4	SINGLE	1	8	29	9	6.698e-05	{L}
UPI0002A231D4	SINGLE	2	66	91	6	3.705e-04	{F}
UPI0002A231D4	SINGLE	3	35	76	8	7.383e-04	{I}
UPI0002A231D4	MULTIPLE	1	44	91	14	3.690e-05	{FI}
UPI0002A24770	SINGLE	1	75	462	41	2.841e-06	{I}
UPI0002A24770	SINGLE	2	575	654	13	2.918e-05	{N}
UPI0002A24770	SINGLE	3	384	414	8	3.521e-05	{Q}
UPI0002A24770	SINGLE	4	10	201	23	2.790e-04	{D}
UPI0002A24770	SINGLE	5	232	247	5	4.001e-04	{N}
UPI0002A24770	SINGLE	6	181	226	8	5.997e-04	{Q}
UPI0002A24770	MULTIPLE	1	10	467	110	6.995e-08	{IQD}
UPI0002A24770	WHOLE	1	1	676	58	1.972e-05	{I}
UPI0002A28438	SINGLE	1	70	89	7	4.883e-04	{A}
UPI0002A28438	SINGLE	2	210	268	9	7.125e-04	{N}
UPI0002A28438	SINGLE	3	171	240	6	7.828e-04	{C}
UPI0002A28438	MULTIPLE	1	210	245	9	1.598e-04	{NC}
UPI0002A2C4D1	SINGLE	1	86	1801	266	1.497e-37	{G}
UPI0002A2C4D1	SINGLE	2	68	1783	156	4.867e-18	{N}
UPI0002A2C4D1	SINGLE	3	12	1463	154	5.592e-11	{T}
UPI0002A2C4D1	SINGLE	4	1460	1483	9	6.741e-07	{P}
UPI0002A2C4D1	SINGLE	5	646	661	7	9.989e-05	{A}
UPI0002A2C4D1	SINGLE	6	1479	1666	27	2.792e-04	{S}
UPI0002A2C4D1	SINGLE	7	66	744	66	3.149e-04	{V}
UPI0002A2C4D1	SINGLE	8	1501	1533	5	6.305e-04	{H}
UPI0002A2C4D1	SINGLE	9	682	703	6	8.827e-04	{D}
UPI0002A2C4D1	SINGLE	10	67	81	5	9.005e-04	{D}
UPI0002A2C4D1	SINGLE	11	1630	1644	5	9.005e-04	{D}
UPI0002A2C4D1	MULTIPLE	1	27	1792	740	1.076e-64	{GNTV}
UPI0002A2C4D1	MULTIPLE	2	1497	1645	41	3.160e-05	{SHD}
UPI0002A2C4D1	WHOLE	1	1	1806	271	8.540e-36	{G}
UPI0002A2C4D1	WHOLE	2	1	1806	159	3.982e-17	{N}
UPI0002A2C4D1	WHOLE	3	1	1806	173	6.823e-09	{T}
UPI0002A2C4D1	WHOLE	4	1	1806	147	7.879e-04	{V}
UPI0002A2CCAE	SINGLE	1	52	132	20	1.925e-07	{G}
UPI0002A2CCAE	SINGLE	2	205	224	6	6.498e-05	{Y}
UPI0002A2CCAE	SINGLE	3	87	151	6	3.728e-04	{W}
UPI0002A2CCAE	SINGLE	4	313	354	7	9.333e-04	{F}
UPI0002A2CCAE	MULTIPLE	1	52	152	27	1.792e-08	{GW}
UPI0002A2CCAE	WHOLE	1	1	356	41	2.198e-04	{G}
UPI0002A2CCAE	WHOLE	2	1	356	27	3.043e-04	{Y}
UPI0002A315E0	SINGLE	1	113	128	4	9.828e-05	{C}
UPI0002A315E0	SINGLE	2	108	135	4	7.038e-04	{W}
UPI0002A315E0	MULTIPLE	1	108	135	8	1.379e-06	{CW}
UPI0002A323E7	SINGLE	1	2	740	61	8.038e-07	{N}
UPI0002A323E7	SINGLE	2	157	633	39	4.195e-06	{Y}
UPI0002A323E7	SINGLE	3	505	702	29	3.232e-05	{G}
UPI0002A323E7	SINGLE	4	105	771	72	1.809e-04	{S}
UPI0002A323E7	SINGLE	5	540	556	5	5.538e-04	{Q}
UPI0002A323E7	SINGLE	6	676	691	6	8.219e-04	{A}
UPI0002A323E7	MULTIPLE	1	115	702	212	2.114e-15	{NYGS}
UPI0002A323E7	WHOLE	1	1	844	65	3.387e-06	{N}
UPI0002A323E7	WHOLE	2	1	844	49	9.088e-04	{Y}
UPI0002A36F8A	SINGLE	1	59	89	10	7.006e-05	{A}
UPI0002A36F8A	SINGLE	2	184	232	10	7.955e-04	{V}
UPI0002A3898A	SINGLE	1	152	205	16	6.550e-07	{S}
UPI0002A3898A	SINGLE	2	61	85	8	3.734e-05	{D}
UPI0002A3898A	SINGLE	3	3	34	8	8.975e-05	{R}
UPI0002A3898A	SINGLE	4	153	212	13	9.832e-05	{G}
UPI0002A3898A	SINGLE	5	82	122	8	2.658e-04	{N}
UPI0002A3898A	MULTIPLE	1	152	212	29	2.299e-10	{SG}
UPI0002A3898A	MULTIPLE	2	61	122	19	3.829e-06	{DN}
UPI0002A39DDC	SINGLE	1	96	110	6	5.574e-04	{A}
UPI0002A39DDC	SINGLE	2	256	274	5	9.524e-04	{Q}
UPI0002A3B955	SINGLE	1	145	159	5	2.680e-06	{C}
UPI0002A3B9D2	SINGLE	1	71	704	68	1.628e-09	{I}
UPI0002A3B9D2	SINGLE	2	37	703	58	2.926e-07	{N}
UPI0002A3B9D2	SINGLE	3	618	657	11	6.424e-07	{Q}
UPI0002A3B9D2	SINGLE	4	568	613	10	1.468e-04	{D}
UPI0002A3B9D2	SINGLE	5	202	413	19	3.043e-04	{Y}
UPI0002A3B9D2	MULTIPLE	1	43	690	238	7.519e-16	{INQDY}
UPI0002A3B9D2	WHOLE	1	1	705	72	4.360e-09	{I}
UPI0002A3B9D2	WHOLE	2	1	705	60	3.779e-07	{N}
UPI0002A3FDDA	SINGLE	1	50	65	5	2.180e-04	{Y}
UPI0002A410F3	SINGLE	1	96	110	5	4.635e-04	{R}
UPI0002A41116	SINGLE	1	126	263	23	2.839e-04	{A}
UPI0002A41116	SINGLE	2	194	223	7	3.283e-04	{P}
UPI0002A41116	MULTIPLE	1	126	268	34	8.630e-05	{AP}
UPI0002A4626C	SINGLE	1	439	458	9	1.640e-06	{V}
UPI0002A4626C	SINGLE	2	18	476	40	1.693e-06	{F}
UPI0002A4626C	SINGLE	3	1	481	28	2.609e-06	{M}
UPI0002A4626C	SINGLE	4	170	184	8	1.681e-05	{L}
UPI0002A4626C	SINGLE	5	5	259	27	1.049e-04	{I}
UPI0002A4626C	SINGLE	6	133	148	6	3.059e-04	{V}
UPI0002A4626C	SINGLE	7	74	141	6	4.722e-04	{W}
UPI0002A4626C	SINGLE	8	257	410	26	9.815e-04	{L}
UPI0002A4626C	MULTIPLE	1	5	483	215	3.051e-15	{VFMIWL}
UPI0002A4626C	WHOLE	1	1	500	28	5.182e-06	{M}
UPI0002A4626C	WHOLE	2	1	500	40	1.195e-05	{F}
UPI0002ADBED2	SINGLE	1	119	258	20	1.381e-05	{I}
UPI0002ADBED2	SINGLE	2	3	198	29	1.917e-05	{E}
UPI0002ADBED2	MULTIPLE	1	7	242	51	3.175e-06	{IE}
UPI0002ADBED2	WHOLE	1	1	258	33	9.442e-05	{E}
UPI0002ADBF9E	SINGLE	1	7	30	10	5.486e-06	{A}
UPI0002ADBF9E	SINGLE	2	251	331	12	1.390e-04	{N}
UPI0002ADBF9E	SINGLE	3	77	176	15	8.445e-04	{T}
UPI0002ADBFC8	SINGLE	1	301	422	21	2.797e-07	{R}
UPI0002ADBFC8	SINGLE	2	28	395	58	1.964e-05	{L}
UPI0002ADBFC8	SINGLE	3	40	497	58	1.024e-04	{A}
UPI0002ADBFC8	SINGLE	4	17	87	11	4.105e-04	{R}
UPI0002ADBFC8	SINGLE	5	436	450	5	4.135e-04	{P}
UPI0002ADBFC8	MULTIPLE	1	24	502	167	2.190e-11	{RLA}
UPI0002ADBFC8	WHOLE	1	1	504	71	9.400e-05	{L}
UPI0002ADBFC8	WHOLE	2	1	504	60	3.561e-04	{A}
UPI0002ADBFC8	WHOLE	3	1	504	41	3.710e-04	{R}
UPI0002ADBFF3	SINGLE	1	6	496	51	3.654e-07	{I}
UPI0002ADBFF3	SINGLE	2	30	63	10	1.622e-04	{A}
UPI0002ADBFF3	SINGLE	3	202	243	8	1.661e-04	{F}
UPI0002ADBFF3	SINGLE	4	469	489	5	8.379e-04	{Y}
UPI0002ADBFF3	WHOLE	1	1	507	51	8.962e-07	{I}
UPI0002ADC0AD	SINGLE	1	61	122	8	5.246e-05	{M}
UPI0002ADC0AD	SINGLE	2	44	58	5	5.275e-04	{I}
UPI0002ADC0AD	SINGLE	3	99	124	4	5.295e-04	{W}
UPI0002ADC0AD	SINGLE	4	85	101	5	8.659e-04	{R}
UPI0002ADC0AD	MULTIPLE	1	61	124	13	4.276e-07	{MW}
UPI0002ADC0AD	WHOLE	1	1	131	11	1.192e-04	{M}
UPI0002ADC0BD	SINGLE	1	4	26	9	9.992e-05	{L}
UPI0002ADC156	SINGLE	1	79	316	43	1.889e-15	{Q}
UPI0002ADC156	SINGLE	2	3	911	133	3.685e-08	{L}
UPI0002ADC156	SINGLE	3	146	171	11	1.562e-06	{A}
UPI0002ADC156	SINGLE	4	413	450	12	1.748e-05	{A}
UPI0002ADC156	SINGLE	5	350	587	25	1.331e-04	{R}
UPI0002ADC156	SINGLE	6	621	642	7	3.432e-04	{G}
UPI0002ADC156	MULTIPLE	1	14	890	371	1.626e-25	{QLAR}
UPI0002ADC156	WHOLE	1	1	914	86	1.933e-11	{Q}
UPI0002ADC156	WHOLE	2	1	914	133	4.975e-08	{L}
UPI0002ADC156	WHOLE	3	1	914	103	5.527e-05	{A}
UPI0002ADC166	SINGLE	1	3	153	28	1.116e-05	{A}
UPI0002ADC166	SINGLE	2	527	556	10	5.151e-05	{A}
UPI0002ADC166	SINGLE	3	494	512	7	1.092e-04	{V}
UPI0002ADC166	SINGLE	4	320	403	17	1.717e-04	{A}
UPI0002ADC166	SINGLE	5	173	193	6	1.841e-04	{Q}
UPI0002ADC166	SINGLE	6	338	353	5	2.180e-04	{Y}
UPI0002ADC166	SINGLE	7	247	490	31	2.239e-04	{G}
UPI0002ADC166	SINGLE	8	653	667	6	2.293e-04	{G}
UPI0002ADC166	SINGLE	9	730	744	6	5.574e-04	{A}
UPI0002ADC166	SINGLE	10	686	728	8	6.151e-04	{P}
UPI0002ADC166	SINGLE	11	393	445	9	6.786e-04	{R}
UPI0002ADC166	SINGLE	12	662	696	5	8.250e-04	{M}
UPI0002ADC166	MULTIPLE	1	319	415	37	2.160e-06	{AYG}
UPI0002ADC166	MULTIPLE	2	660	681	9	4.796e-05	{GM}
UPI0002ADC166	WHOLE	1	1	765	89	5.456e-05	{A}
UPI0002ADC16A	SINGLE	1	337	367	5	4.717e-04	{M}
UPI0002ADC1FE	SINGLE	1	22	313	30	7.963e-05	{I}
UPI0002ADC1FE	WHOLE	1	1	317	31	1.438e-04	{I}
UPI0002ADC240	SINGLE	1	250	462	26	8.785e-06	{R}
UPI0002ADC240	SINGLE	2	415	662	41	9.240e-05	{L}
UPI0002ADC240	SINGLE	3	182	665	39	9.675e-05	{Q}
UPI0002ADC240	SINGLE	4	15	647	75	1.031e-04	{A}
UPI0002ADC240	SINGLE	5	70	174	8	2.506e-04	{C}
UPI0002ADC240	SINGLE	6	567	581	5	4.135e-04	{P}
UPI0002ADC240	MULTIPLE	1	4	665	307	2.731e-14	{RLQACP}
UPI0002ADC240	WHOLE	1	1	666	75	3.920e-04	{A}
UPI0002ADC240	WHOLE	2	1	666	50	5.651e-04	{R}
UPI0002ADC240	WHOLE	3	1	666	46	6.292e-04	{Q}
UPI0002ADC240	WHOLE	4	1	666	83	9.827e-04	{L}
UPI0002ADC272	SINGLE	1	19	44	6	9.176e-04	{P}
UPI0002ADC298	SINGLE	1	24	92	14	5.747e-04	{A}
UPI0002ADC298	SINGLE	2	97	184	12	9.081e-04	{I}
UPI0002ADC324	SINGLE	1	6	445	60	6.861e-09	{T}
UPI0002ADC324	SINGLE	2	24	761	64	8.654e-08	{N}
UPI0002ADC324	SINGLE	3	330	768	51	3.981e-05	{G}
UPI0002ADC324	SINGLE	4	188	310	22	4.481e-05	{S}
UPI0002ADC324	SINGLE	5	54	191	23	2.839e-04	{A}
UPI0002ADC324	SINGLE	6	469	516	9	3.282e-04	{R}
UPI0002ADC324	SINGLE	7	549	563	6	3.585e-04	{S}
UPI0002ADC324	SINGLE	8	569	661	17	5.565e-04	{A}
UPI0002ADC324	SINGLE	9	544	623	10	6.492e-04	{Y}
UPI0002ADC324	MULTIPLE	1	3	764	366	4.076e-20	{TNGSA}
UPI0002ADC324	MULTIPLE	2	544	623	22	2.492e-05	{SY}
UPI0002ADC324	WHOLE	1	1	773	65	2.033e-07	{N}
UPI0002ADC324	WHOLE	2	1	773	75	4.385e-05	{T}
UPI0002ADC324	WHOLE	3	1	773	78	7.214e-05	{G}
UPI0002ADC35E	SINGLE	1	91	289	33	2.137e-05	{A}
UPI0002ADC35E	SINGLE	2	285	318	7	4.647e-04	{Q}
UPI0002ADC35E	MULTIPLE	1	91	318	51	6.427e-06	{AQ}
UPI0002ADC35E	WHOLE	1	1	319	41	5.934e-04	{A}
UPI0002ADC375	SINGLE	1	119	855	79	9.639e-06	{G}
UPI0002ADC375	SINGLE	2	416	466	12	6.472e-05	{V}
UPI0002ADC375	SINGLE	3	270	426	28	2.931e-04	{L}
UPI0002ADC375	SINGLE	4	592	648	12	9.678e-04	{A}
UPI0002ADC375	MULTIPLE	1	119	837	226	4.201e-09	{GVL}
UPI0002ADC375	WHOLE	1	1	877	86	8.515e-05	{G}
UPI0002ADC38F	SINGLE	1	59	393	37	1.380e-08	{F}
UPI0002ADC38F	SINGLE	2	23	402	45	6.634e-05	{G}
UPI0002ADC38F	SINGLE	3	121	143	5	1.114e-04	{M}
UPI0002ADC38F	SINGLE	4	12	50	11	4.492e-04	{L}
UPI0002ADC38F	MULTIPLE	1	12	398	147	3.405e-13	{FGML}
UPI0002ADC38F	WHOLE	1	1	461	41	7.901e-07	{F}
UPI0002ADC3C3	SINGLE	1	8	212	48	8.962e-10	{L}
UPI0002ADC3C3	SINGLE	2	13	205	24	2.143e-05	{I}
UPI0002ADC3C3	MULTIPLE	1	8	212	72	3.063e-14	{LI}
UPI0002ADC3C3	WHOLE	1	1	236	50	1.331e-08	{L}
UPI0002ADC3C3	WHOLE	2	1	236	24	4.026e-04	{I}
UPI0002ADC3CE	SINGLE	1	4	149	16	4.006e-04	{N}
UPI0002ADC3CE	SINGLE	2	105	119	5	4.635e-04	{R}
UPI0002ADC3CE	SINGLE	3	134	148	5	5.275e-04	{I}
UPI0002ADC3CE	SINGLE	4	90	106	5	5.538e-04	{Q}
UPI0002ADC3CE	MULTIPLE	1	36	124	26	5.004e-05	{NRQ}
UPI0002ADC3CE	WHOLE	1	1	149	16	4.958e-04	{N}
UPI0002ADC40C	SINGLE	1	57	304	46	2.173e-06	{L}
UPI0002ADC40C	SINGLE	2	501	530	8	4.623e-05	{P}
UPI0002ADC40C	SINGLE	3	298	469	20	2.210e-04	{I}
UPI0002ADC40C	MULTIPLE	1	57	471	95	5.233e-07	{LI}
UPI0002ADC40C	WHOLE	1	1	532	72	2.542e-04	{L}
UPI0002ADC4ED	SINGLE	1	18	502	61	7.758e-07	{G}
UPI0002ADC4ED	SINGLE	2	150	177	7	1.744e-06	{M}
UPI0002ADC4ED	SINGLE	3	4	483	48	2.073e-06	{I}
UPI0002ADC4ED	SINGLE	4	6	548	82	3.028e-06	{L}
UPI0002ADC4ED	SINGLE	5	487	504	5	3.167e-05	{M}
UPI0002ADC4ED	SINGLE	6	8	391	45	5.286e-05	{V}
UPI0002ADC4ED	SINGLE	7	356	370	5	2.936e-04	{Q}
UPI0002ADC4ED	SINGLE	8	509	528	7	4.883e-04	{A}
UPI0002ADC4ED	MULTIPLE	1	4	548	267	4.240e-22	{GMILV}
UPI0002ADC4ED	WHOLE	1	1	553	82	5.781e-06	{L}
UPI0002ADC4ED	WHOLE	2	1	553	51	9.171e-06	{I}
UPI0002ADC4ED	WHOLE	3	1	553	63	1.121e-05	{G}
UPI0002ADC4ED	WHOLE	4	1	553	55	4.978e-04	{V}
UPI0002ADC4EF	SINGLE	1	83	140	15	2.310e-05	{A}
UPI0002ADC4EF	SINGLE	2	20	34	4	5.704e-05	{W}
UPI0002ADC4EF	SINGLE	3	132	151	6	1.375e-04	{Q}
UPI0002ADC4EF	SINGLE	4	59	136	11	3.875e-04	{N}
UPI0002ADC4EF	SINGLE	5	245	274	8	4.209e-04	{V}
UPI0002ADC4EF	MULTIPLE	1	63	151	39	9.466e-10	{AQN}
UPI0002ADC557	SINGLE	1	302	322	4	2.285e-04	{W}
UPI0002ADC557	SINGLE	2	183	382	20	3.001e-04	{Q}
UPI0002ADC557	SINGLE	3	370	397	9	5.211e-04	{L}
UPI0002ADC557	MULTIPLE	1	183	397	57	4.926e-06	{WQL}
UPI0002ADC611	SINGLE	1	56	394	58	1.093e-08	{A}
UPI0002ADC611	SINGLE	2	261	312	7	1.161e-04	{M}
UPI0002ADC611	SINGLE	3	154	168	6	1.598e-04	{T}
UPI0002ADC611	SINGLE	4	281	295	4	2.419e-04	{H}
UPI0002ADC611	SINGLE	5	85	107	4	4.271e-04	{C}
UPI0002ADC611	SINGLE	6	311	333	6	5.293e-04	{R}
UPI0002ADC611	MULTIPLE	1	182	292	39	2.812e-10	{AMH}
UPI0002ADC611	WHOLE	1	1	395	61	1.879e-07	{A}
UPI0002ADC673	SINGLE	1	119	612	82	7.585e-08	{L}
UPI0002ADC673	SINGLE	2	461	667	29	1.810e-07	{R}
UPI0002ADC673	SINGLE	3	324	360	9	1.927e-05	{Q}
UPI0002ADC673	SINGLE	4	32	302	16	2.431e-04	{H}
UPI0002ADC673	SINGLE	5	36	50	5	4.135e-04	{P}
UPI0002ADC673	SINGLE	6	512	526	5	4.135e-04	{P}
UPI0002ADC673	SINGLE	7	150	176	7	4.646e-04	{D}
UPI0002ADC673	MULTIPLE	1	24	670	210	3.554e-13	{LRQH}
UPI0002ADC673	WHOLE	1	1	670	99	9.594e-07	{L}
UPI0002ADC673	WHOLE	2	1	670	53	1.362e-04	{R}
UPI0002ADC789	SINGLE	1	344	392	10	4.817e-09	{C}
UPI0002ADC789	SINGLE	2	197	262	12	6.619e-05	{I}
UPI0002ADC789	SINGLE	3	11	33	4	4.271e-04	{C}
UPI0002ADC789	SINGLE	4	78	132	11	5.441e-04	{E}
UPI0002ADC789	SINGLE	5	185	199	6	5.574e-04	{A}
UPI0002ADC789	SINGLE	6	46	74	6	6.782e-04	{F}
UPI0002ADC789	SINGLE	7	130	182	6	8.744e-04	{M}
UPI0002ADC789	MULTIPLE	1	77	184	22	8.776e-05	{EM}
UPI0002ADC789	WHOLE	1	1	411	18	9.998e-05	{C}
UPI0002B5C9B7	SINGLE	1	56	77	7	2.300e-04	{T}
UPI0002B5DD9D	SINGLE	1	6	85	15	4.381e-06	{R}
UPI0002B5DD9D	SINGLE	2	36	59	7	4.653e-05	{Q}
UPI0002B5DD9D	MULTIPLE	1	23	70	18	7.904e-08	{RQ}
UPI0002B5DD9D	WHOLE	1	1	150	18	2.157e-04	{R}
UPI0002B5E90E	SINGLE	1	83	97	6	2.062e-04	{E}
UPI0002B9B036	SINGLE	1	56	191	19	5.284e-06	{Q}
UPI0002B9B036	SINGLE	2	22	242	37	1.460e-04	{L}
UPI0002B9B036	SINGLE	3	134	167	5	7.231e-04	{H}
UPI0002B9B036	MULTIPLE	1	54	200	51	8.509e-09	{QLH}
UPI0002B9B036	WHOLE	1	1	250	39	3.938e-04	{L}
UPI0002B9B036	WHOLE	2	1	250	22	8.143e-04	{Q}
UPI0002B9C1ED	SINGLE	1	229	243	6	3.376e-05	{P}
UPI0002B9C1ED	SINGLE	2	180	194	4	5.704e-05	{W}
UPI0002B9C1ED	SINGLE	3	129	258	21	7.219e-04	{A}
UPI0002BA1AA1	SINGLE	1	54	703	102	1.220e-11	{A}
UPI0002BA1AA1	SINGLE	2	140	935	73	1.601e-09	{Q}
UPI0002BA1AA1	SINGLE	3	15	503	78	6.994e-07	{L}
UPI0002BA1AA1	SINGLE	4	351	829	40	2.670e-04	{R}
UPI0002BA1AA1	SINGLE	5	870	955	7	2.672e-04	{W}
UPI0002BA1AA1	SINGLE	6	925	940	6	3.425e-04	{G}
UPI0002BA1AA1	SINGLE	7	453	584	8	6.959e-04	{W}
UPI0002BA1AA1	MULTIPLE	1	160	795	300	6.236e-26	{AQLRW}
UPI0002BA1AA1	WHOLE	1	1	990	127	1.859e-08	{A}
UPI0002BA1AA1	WHOLE	2	1	990	80	6.166e-08	{Q}
UPI0002BA1AA1	WHOLE	3	1	990	121	2.735e-04	{L}
UPI0002BA1AA1	WHOLE	4	1	990	69	5.206e-04	{R}
UPI0002BA2335	SINGLE	1	132	316	33	9.825e-05	{L}
UPI0002BA2335	SINGLE	2	19	274	25	3.745e-04	{R}
UPI0002BA2335	SINGLE	3	42	56	5	4.135e-04	{P}
UPI0002BA2335	SINGLE	4	290	308	5	5.171e-04	{Y}
UPI0002BA2335	MULTIPLE	1	26	316	79	2.092e-05	{LRY}
UPI0002BB6704	SINGLE	1	384	1079	95	5.835e-08	{A}
UPI0002BB6704	SINGLE	2	575	929	60	1.813e-06	{L}
UPI0002BB6704	SINGLE	3	58	1008	33	6.628e-06	{W}
UPI0002BB6704	SINGLE	4	889	1039	20	6.812e-06	{Q}
UPI0002BB6704	SINGLE	5	533	553	6	1.841e-04	{Q}
UPI0002BB6704	SINGLE	6	81	293	14	2.000e-04	{H}
UPI0002BB6704	SINGLE	7	230	260	6	8.089e-04	{Y}
UPI0002BB6704	MULTIPLE	1	393	1080	283	5.268e-18	{ALQR}
UPI0002BB6704	MULTIPLE	2	52	1010	126	1.697e-08	{WQH}
UPI0002BB6704	WHOLE	1	1	1093	35	1.860e-05	{W}
UPI0002BB6704	WHOLE	2	1	1093	122	2.251e-05	{A}
UPI0002BB6704	WHOLE	3	1	1093	69	5.233e-04	{Q}
UPI0002BB7B1E	SINGLE	1	17	269	28	3.885e-05	{I}
UPI0002BB7B1E	SINGLE	2	90	299	12	1.289e-04	{C}
UPI0002BB7B1E	SINGLE	3	211	298	11	4.842e-04	{F}
UPI0002BB7B1E	SINGLE	4	5	303	25	7.460e-04	{N}
UPI0002BB7B1E	MULTIPLE	1	17	299	82	4.060e-10	{ICFN}
UPI0002BB7B1E	WHOLE	1	1	308	28	7.885e-04	{I}
UPI0002BB7C4E	SINGLE	1	1	121	10	2.656e-04	{M}
UPI0002BB7C4E	SINGLE	2	101	122	7	3.432e-04	{G}
UPI0002BB7C4E	MULTIPLE	1	1	122	24	9.606e-05	{MG}
UPI0002BBD7A9	SINGLE	1	19	49	11	1.288e-07	{I}
UPI0002BBD7A9	SINGLE	2	12	121	16	1.576e-05	{N}
UPI0002BBD7A9	SINGLE	3	190	234	12	4.376e-04	{L}
UPI0002BBD7A9	MULTIPLE	1	12	110	29	1.006e-08	{IN}
UPI0002BBD7A9	WHOLE	1	1	271	25	1.966e-04	{N}
UPI0002BBD7A9	WHOLE	2	1	271	26	5.611e-04	{I}
UPI0002BBF389	SINGLE	1	140	679	53	1.167e-06	{I}
UPI0002BBF389	SINGLE	2	92	570	57	8.224e-06	{G}
UPI0002BBF389	SINGLE	3	25	240	31	1.817e-05	{V}
UPI0002BBF389	SINGLE	4	20	507	63	3.398e-05	{A}
UPI0002BBF389	SINGLE	5	370	421	7	1.161e-04	{M}
UPI0002BBF389	SINGLE	6	43	57	5	1.557e-04	{Y}
UPI0002BBF389	SINGLE	7	579	605	8	1.953e-04	{V}
UPI0002BBF389	SINGLE	8	495	619	24	2.546e-04	{L}
UPI0002BBF389	SINGLE	9	650	664	5	2.875e-04	{N}
UPI0002BBF389	SINGLE	10	477	526	8	5.493e-04	{F}
UPI0002BBF389	MULTIPLE	1	13	680	410	3.697e-26	{IGVAMLF}
UPI0002BBF389	WHOLE	1	1	716	63	4.514e-06	{I}
UPI0002BBF389	WHOLE	2	1	716	69	4.958e-04	{G}
UPI0002BBF389	WHOLE	3	1	716	67	7.004e-04	{V}
UPI0002BC19C6	SINGLE	1	79	668	25	3.129e-06	{W}
UPI0002BC19C6	SINGLE	2	256	507	30	7.409e-04	{G}
UPI0002BC19C6	SINGLE	3	394	534	10	8.334e-04	{M}
UPI0002BC19C6	SINGLE	4	103	121	7	8.828e-04	{L}
UPI0002BC19C6	MULTIPLE	1	244	550	62	1.151e-07	{WGM}
UPI0002BC19C6	WHOLE	1	1	678	26	1.113e-05	{W}
UPI0002BC5F84	SINGLE	1	151	173	13	2.138e-09	{A}
UPI0002BC5F84	SINGLE	2	31	49	7	1.092e-04	{V}
UPI0002BC5F84	SINGLE	3	174	191	6	1.244e-04	{R}
UPI0002BC5F84	SINGLE	4	239	287	11	1.958e-04	{V}
UPI0002BC5F84	SINGLE	5	181	368	12	6.783e-04	{M}
UPI0002C42053	SINGLE	1	1	24	6	6.720e-04	{R}
UPI0002C8AFF0	SINGLE	1	193	211	6	9.446e-04	{G}
UPI0002C8BF92	SINGLE	1	57	636	48	1.003e-04	{R}
UPI0002C8BF92	SINGLE	2	626	640	6	1.570e-04	{K}
UPI0002C8BF92	SINGLE	3	192	207	6	3.059e-04	{V}
UPI0002C8BF92	SINGLE	4	580	613	7	4.647e-04	{Q}
UPI0002C8BF92	WHOLE	1	1	653	51	2.309e-04	{R}
UPI0002C8C13B	SINGLE	1	58	107	9	2.183e-04	{Q}
UPI0002C8C13B	SINGLE	2	11	44	9	2.337e-04	{G}
UPI0002C8C602	SINGLE	1	13	193	21	6.981e-06	{F}
UPI0002C8C602	SINGLE	2	126	379	18	1.114e-05	{M}
UPI0002C8C602	SINGLE	3	255	361	18	1.586e-04	{G}
UPI0002C8C602	SINGLE	4	84	333	40	2.103e-04	{L}
UPI0002C8C602	SINGLE	5	224	390	19	3.967e-04	{I}
UPI0002C8C602	SINGLE	6	122	182	13	5.514e-04	{A}
UPI0002C8C602	MULTIPLE	1	51	390	185	4.706e-14	{FMGLIA}
UPI0002C8C602	WHOLE	1	1	393	31	1.178e-04	{F}
UPI0002C8C602	WHOLE	2	1	393	20	3.066e-04	{M}
UPI0002C8CED2	SINGLE	1	159	195	8	3.110e-04	{I}
UPI0002C8D288	SINGLE	1	54	97	9	7.785e-05	{N}
UPI0002C8D288	SINGLE	2	330	345	7	9.989e-05	{A}
UPI0002C8D288	SINGLE	3	133	311	13	1.290e-04	{M}
UPI0002C8D288	SINGLE	4	251	266	4	3.155e-04	{H}
UPI0002C8D288	SINGLE	5	155	170	5	4.001e-04	{N}
UPI0002C8D288	SINGLE	6	76	293	22	7.217e-04	{I}
UPI0002C8D288	MULTIPLE	1	53	293	44	5.770e-06	{NI}
UPI0002C8D288	MULTIPLE	2	133	284	30	1.083e-05	{MHN}
UPI0002C8D888	SINGLE	1	143	293	14	5.279e-06	{M}
UPI0002C8D888	SINGLE	2	177	207	9	6.675e-05	{T}
UPI0002C8D888	SINGLE	3	347	386	12	1.377e-04	{L}
UPI0002C8D888	SINGLE	4	389	466	11	1.755e-04	{F}
UPI0002C8D888	SINGLE	5	181	208	7	2.899e-04	{I}
UPI0002C8D888	SINGLE	6	23	45	7	4.064e-04	{V}
UPI0002C8D888	SINGLE	7	12	144	8	7.278e-04	{W}
UPI0002C8D888	MULTIPLE	1	181	208	15	4.023e-08	{TI}
UPI0002C8D888	MULTIPLE	2	12	145	23	2.385e-04	{VW}
UPI0002C8D888	WHOLE	1	1	476	23	2.431e-04	{M}
UPI0002C8DAAC	SINGLE	1	454	476	9	2.263e-07	{N}
UPI0002C8DAAC	SINGLE	2	15	523	29	2.655e-06	{H}
UPI0002C8DAAC	SINGLE	3	50	237	21	1.357e-04	{P}
UPI0002C8DAAC	SINGLE	4	499	513	7	1.659e-04	{L}
UPI0002C8DAAC	SINGLE	5	537	592	6	1.677e-04	{W}
UPI0002C8DAAC	SINGLE	6	333	453	13	6.596e-04	{F}
UPI0002C8DAAC	WHOLE	1	1	657	32	1.810e-05	{H}
UPI0002C8E1E5	SINGLE	1	226	272	11	3.551e-06	{Q}
UPI0002C8E1E5	SINGLE	2	57	71	5	4.135e-04	{P}
UPI0002C8E1E5	SINGLE	3	304	433	24	4.439e-04	{L}
UPI0002C8E1E5	SINGLE	4	172	201	8	4.831e-04	{G}
UPI0002C8E1E5	SINGLE	5	198	421	22	7.136e-04	{R}
UPI0002C8E1E5	SINGLE	6	103	118	6	8.219e-04	{A}
UPI0002C8E1E5	SINGLE	7	16	185	11	9.814e-04	{H}
UPI0002C8E1E5	MULTIPLE	1	205	433	50	3.733e-04	{LR}
UPI0002C8E1E5	MULTIPLE	2	16	185	34	4.180e-05	{AH}
UPI0002C8E727	SINGLE	1	4	22	7	1.246e-04	{G}
UPI0002C8E727	SINGLE	2	39	53	6	5.574e-04	{A}
UPI0002C8EA65	SINGLE	1	192	351	29	1.227e-05	{A}
UPI0002C8EA65	SINGLE	2	88	382	45	2.625e-04	{L}
UPI0002C8EA65	SINGLE	3	146	162	6	4.457e-04	{E}
UPI0002C8EA65	SINGLE	4	13	31	4	6.290e-04	{H}
UPI0002C8EA65	MULTIPLE	1	87	395	89	1.045e-07	{AL}
UPI0002C8F0E9	SINGLE	1	16	69	11	3.532e-05	{R}
UPI0002C8F59B	SINGLE	1	309	348	6	1.947e-04	{H}
UPI0002C8F59B	SINGLE	2	149	165	6	3.477e-04	{T}
UPI0002C8F59B	SINGLE	3	175	364	19	3.892e-04	{N}
UPI0002C8F59B	MULTIPLE	1	175	364	28	2.715e-05	{HN}
UPI0002C8F999	SINGLE	1	133	498	44	4.108e-08	{I}
UPI0002C8F999	SINGLE	2	328	379	10	5.499e-05	{N}
UPI0002C8F999	SINGLE	3	92	245	12	1.205e-04	{M}
UPI0002C8F999	SINGLE	4	122	142	6	6.796e-04	{D}
UPI0002C8F999	MULTIPLE	1	90	498	62	1.029e-08	{IM}
UPI0002C8F999	WHOLE	1	1	506	50	1.850e-06	{I}
UPI0002C8FB48	SINGLE	1	17	341	54	8.625e-08	{A}
UPI0002C8FB48	SINGLE	2	595	615	6	8.753e-05	{Y}
UPI0002C8FB48	SINGLE	3	330	515	19	9.583e-05	{F}
UPI0002C8FB48	SINGLE	4	637	664	7	2.444e-04	{R}
UPI0002C8FB48	SINGLE	5	470	521	6	7.926e-04	{H}
UPI0002C8FB48	MULTIPLE	1	320	521	29	1.058e-05	{FH}
UPI0002C8FB48	WHOLE	1	1	681	83	2.035e-05	{A}
UPI0002C90892	SINGLE	1	178	243	19	4.735e-12	{F}
UPI0002C90892	SINGLE	2	264	288	14	6.645e-11	{G}
UPI0002C90892	SINGLE	3	254	281	10	1.295e-05	{S}
UPI0002C90892	SINGLE	4	195	209	4	7.491e-05	{C}
UPI0002C90892	SINGLE	5	156	173	7	1.415e-04	{S}
UPI0002C90892	SINGLE	6	18	39	6	2.422e-04	{Q}
UPI0002C90892	SINGLE	7	136	159	6	3.999e-04	{Q}
UPI0002C90892	MULTIPLE	1	178	247	25	1.701e-14	{FC}
UPI0002C90892	MULTIPLE	2	254	288	26	8.632e-16	{GS}
UPI0002C90892	WHOLE	1	1	290	27	2.178e-05	{F}
UPI0002C90AC1	SINGLE	1	18	131	20	4.099e-05	{G}
UPI0002C90AC1	SINGLE	2	78	181	9	3.767e-04	{M}
UPI0002C90AC1	SINGLE	3	58	207	23	8.544e-04	{A}
UPI0002C90AC1	MULTIPLE	1	48	207	51	9.845e-07	{GMA}
UPI0002C90B39	SINGLE	1	23	230	35	9.283e-06	{A}
UPI0002C90B39	SINGLE	2	15	29	5	1.186e-05	{H}
UPI0002C90B39	SINGLE	3	70	86	5	8.659e-04	{R}
UPI0002C90B39	MULTIPLE	1	15	230	48	6.971e-08	{AH}
UPI0002C90B39	WHOLE	1	1	231	36	3.545e-05	{A}
UPI0002C90B39	WHOLE	2	1	231	14	4.333e-04	{H}
UPI0002C90DF4	SINGLE	1	11	372	61	1.665e-06	{L}
UPI0002C90DF4	SINGLE	2	131	145	8	5.187e-06	{A}
UPI0002C90DF4	SINGLE	3	49	269	23	2.632e-04	{R}
UPI0002C90DF4	SINGLE	4	216	248	9	3.370e-04	{S}
UPI0002C90DF4	SINGLE	5	88	178	12	4.148e-04	{Q}
UPI0002C90DF4	SINGLE	6	346	366	4	9.292e-04	{M}
UPI0002C90DF4	MULTIPLE	1	9	376	196	1.621e-12	{LARSQM}
UPI0002C90DF4	WHOLE	1	1	475	67	1.346e-04	{L}
UPI0002C91AC5	SINGLE	1	273	313	6	4.290e-05	{C}
UPI0002C91AC5	SINGLE	2	142	292	21	4.846e-04	{V}
UPI0002C91AC5	SINGLE	3	77	112	8	5.570e-04	{D}
UPI0002C91AC5	SINGLE	4	222	250	6	6.782e-04	{F}
UPI0002C91AC5	MULTIPLE	1	142	292	29	4.678e-04	{VF}
UPI0002C925B2	SINGLE	1	34	71	10	1.137e-04	{G}
UPI0002C925B2	SINGLE	2	86	100	4	2.419e-04	{M}
UPI0002C925B2	SINGLE	3	60	423	32	4.151e-04	{R}
UPI0002C925B2	SINGLE	4	276	304	6	5.635e-04	{Y}
UPI0002C925B2	SINGLE	5	208	226	6	6.706e-04	{T}
UPI0002C925B2	MULTIPLE	1	34	425	98	1.439e-07	{GRY}
UPI0002C92FD9	SINGLE	1	7	21	7	6.097e-05	{A}
UPI0002C92FD9	SINGLE	2	14	63	11	2.799e-04	{G}
UPI0002C933BE	SINGLE	1	211	272	11	1.566e-05	{Y}
UPI0002C933BE	SINGLE	2	78	196	8	3.600e-04	{W}
UPI0002C933BE	SINGLE	3	106	127	7	5.623e-04	{S}
UPI0002C933BE	WHOLE	1	1	289	23	4.111e-04	{Y}
UPI0002C93CF6	SINGLE	1	150	287	21	3.263e-06	{I}
UPI0002C93CF6	SINGLE	2	10	43	7	2.560e-04	{F}
UPI0002C93CF6	SINGLE	3	312	376	7	4.536e-04	{M}
UPI0002C93CF6	SINGLE	4	427	441	5	4.635e-04	{R}
UPI0002C93CF6	WHOLE	1	1	493	41	4.149e-04	{I}
UPI0002C93D36	SINGLE	1	192	561	45	2.096e-08	{I}
UPI0002C93D36	SINGLE	2	2	406	69	2.685e-07	{L}
UPI0002C93D36	SINGLE	3	538	556	7	3.444e-04	{A}
UPI0002C93D36	SINGLE	4	169	546	19	4.810e-04	{H}
UPI0002C93D36	SINGLE	5	6	484	36	5.367e-04	{Q}
UPI0002C93D36	SINGLE	6	18	515	39	9.306e-04	{R}
UPI0002C93D36	SINGLE	7	400	418	5	9.333e-04	{N}
UPI0002C93D36	MULTIPLE	1	2	548	308	2.993e-19	{ILAHQRN}
UPI0002C93D36	WHOLE	1	1	568	54	2.370e-06	{I}
UPI0002C93D36	WHOLE	2	1	568	79	6.475e-05	{L}
UPI0002C93E9C	SINGLE	1	227	247	10	5.299e-06	{L}
UPI0002C93E9C	SINGLE	2	72	193	21	3.593e-05	{G}
UPI0002C93E9C	SINGLE	3	191	208	6	6.200e-04	{V}
UPI0002C93E9C	SINGLE	4	142	162	5	9.823e-04	{F}
UPI0002C93E9C	MULTIPLE	1	70	208	37	9.878e-06	{GV}
UPI0002C93E9C	WHOLE	1	1	274	41	6.367e-04	{L}
UPI0002C9473A	SINGLE	1	39	53	6	2.293e-04	{G}
UPI0002C9473A	SINGLE	2	34	310	27	3.620e-04	{I}
UPI0002C9473A	SINGLE	3	73	199	18	9.050e-04	{V}
UPI0002C9473A	MULTIPLE	1	34	310	81	1.775e-06	{GIV}
UPI0002C94887	SINGLE	1	29	809	73	5.893e-10	{N}
UPI0002C94887	SINGLE	2	28	584	26	3.675e-07	{W}
UPI0002C94887	SINGLE	3	190	328	22	4.247e-07	{P}
UPI0002C94887	SINGLE	4	89	106	9	1.305e-06	{S}
UPI0002C94887	SINGLE	5	19	282	39	5.634e-05	{A}
UPI0002C94887	MULTIPLE	1	18	675	281	4.173e-22	{NWPSA}
UPI0002C94887	WHOLE	1	1	897	77	8.191e-09	{N}
UPI0002C94887	WHOLE	2	1	897	31	1.311e-05	{W}
UPI0002C94887	WHOLE	3	1	897	99	1.453e-04	{A}
UPI0002C94DDB	SINGLE	1	32	116	10	1.026e-06	{C}
UPI0002C94DDB	WHOLE	1	1	136	11	1.139e-05	{C}
UPI0002C96394	SINGLE	1	68	1524	143	8.528e-16	{R}
UPI0002C96394	SINGLE	2	749	1523	114	2.196e-07	{L}
UPI0002C96394	SINGLE	3	183	1495	149	1.696e-06	{A}
UPI0002C96394	SINGLE	4	1057	1072	6	3.390e-05	{Q}
UPI0002C96394	SINGLE	5	323	360	10	2.208e-04	{S}
UPI0002C96394	SINGLE	6	561	581	7	2.224e-04	{E}
UPI0002C96394	SINGLE	7	233	261	8	3.301e-04	{V}
UPI0002C96394	SINGLE	8	587	765	20	3.620e-04	{I}
UPI0002C96394	SINGLE	9	409	426	6	6.921e-04	{G}
UPI0002C96394	MULTIPLE	1	59	1526	482	7.438e-23	{RLA}
UPI0002C96394	WHOLE	1	1	1538	146	6.239e-15	{R}
UPI0002C96394	WHOLE	2	1	1538	166	7.494e-06	{A}
UPI0002C96394	WHOLE	3	1	1538	186	2.640e-05	{L}
UPI0002C980D3	SINGLE	1	14	95	18	2.710e-04	{L}
UPI0002C980D3	WHOLE	1	1	97	19	7.701e-04	{L}
UPI0002C98592	SINGLE	1	12	370	56	3.453e-05	{L}
UPI0002C98592	SINGLE	2	104	194	16	1.681e-04	{V}
UPI0002C98592	SINGLE	3	116	130	5	2.936e-04	{Q}
UPI0002C98592	MULTIPLE	1	12	371	94	1.344e-07	{LV}
UPI0002C98592	WHOLE	1	1	375	56	1.039e-04	{L}
UPI0002C98685	SINGLE	1	44	103	17	1.479e-05	{L}
UPI0002C98685	SINGLE	2	14	37	7	1.037e-04	{I}
UPI0002C98685	SINGLE	3	119	138	7	2.968e-04	{S}
UPI0002C98685	SINGLE	4	148	175	6	9.375e-04	{Q}
UPI0002C98853	SINGLE	1	6	20	6	5.574e-04	{A}
UPI0002C98B3F	SINGLE	1	9	452	70	1.213e-08	{A}
UPI0002C98B3F	SINGLE	2	30	467	41	2.521e-06	{Q}
UPI0002C98B3F	MULTIPLE	1	9	471	113	1.958e-13	{AQ}
UPI0002C98B3F	WHOLE	1	1	478	72	4.753e-08	{A}
UPI0002C98B3F	WHOLE	2	1	478	41	1.810e-05	{Q}
UPI0002C98BDF	SINGLE	1	4	381	46	3.040e-05	{G}
UPI0002C98BDF	SINGLE	2	621	654	8	3.747e-04	{D}
UPI0002C98BDF	SINGLE	3	650	666	4	4.036e-04	{M}
UPI0002C98BDF	SINGLE	4	116	134	6	6.596e-04	{K}
UPI0002C98BDF	SINGLE	5	374	469	11	7.345e-04	{Y}
UPI0002C98BDF	SINGLE	6	352	373	6	8.827e-04	{D}
UPI0002C98BDF	MULTIPLE	1	617	669	15	6.274e-06	{DM}
UPI0002C99877	SINGLE	1	21	244	30	8.205e-05	{V}
UPI0002C99877	SINGLE	2	13	102	7	3.505e-04	{W}
UPI0002C99877	MULTIPLE	1	13	244	38	1.111e-05	{VW}
UPI0002C99877	WHOLE	1	1	259	30	8.131e-04	{V}
UPI0002C999F6	SINGLE	1	109	192	16	2.497e-06	{I}
UPI0002C999F6	SINGLE	2	41	82	10	8.269e-06	{Q}
UPI0002C999F6	SINGLE	3	139	210	13	2.737e-05	{R}
UPI0002C999F6	SINGLE	4	384	403	6	1.375e-04	{Q}
UPI0002C999F6	SINGLE	5	209	224	7	2.677e-04	{L}
UPI0002C999F6	MULTIPLE	1	109	210	31	4.005e-09	{IR}
UPI0002C999F6	WHOLE	1	1	493	41	4.149e-04	{I}
UPI0002C9A3D5	SINGLE	1	209	487	52	4.601e-07	{L}
UPI0002C9A3D5	SINGLE	2	395	414	9	7.656e-06	{A}
UPI0002C9A3D5	SINGLE	3	194	426	16	4.640e-05	{M}
UPI0002C9A3D5	SINGLE	4	7	362	16	8.085e-05	{W}
UPI0002C9A3D5	SINGLE	5	17	219	23	1.205e-04	{I}
UPI0002C9A3D5	SINGLE	6	39	60	7	3.023e-04	{V}
UPI0002C9A3D5	SINGLE	7	177	191	6	3.585e-04	{S}
UPI0002C9A3D5	SINGLE	8	74	112	7	5.997e-04	{F}
UPI0002C9A3D5	SINGLE	9	440	459	5	6.634e-04	{Y}
UPI0002C9A3D5	MULTIPLE	1	7	487	325	4.659e-20	{LAMWIVSFY}
UPI0002C9A3D5	WHOLE	1	1	487	75	3.762e-06	{L}
UPI0002C9A3D5	WHOLE	2	1	487	18	3.114e-04	{W}
UPI0002C9A3D5	WHOLE	3	1	487	40	5.966e-04	{I}
UPI0002C9A3D5	WHOLE	4	1	487	22	7.313e-04	{M}
UPI0002C9BD00	SINGLE	1	89	105	7	4.133e-04	{L}
UPI0002C9BD00	SINGLE	2	141	199	9	7.351e-04	{Q}
UPI0002C9BD00	SINGLE	3	107	179	7	8.894e-04	{H}
UPI0002C9BD00	MULTIPLE	1	141	182	12	8.503e-06	{QH}
UPI0002C9BD8F	SINGLE	1	213	236	7	2.150e-04	{D}
UPI0002C9BD8F	SINGLE	2	4	102	13	2.587e-04	{Q}
UPI0002C9C119	SINGLE	1	920	1502	50	2.721e-06	{Q}
UPI0002C9C119	SINGLE	2	1053	1301	41	3.143e-06	{A}
UPI0002C9C119	SINGLE	3	77	203	18	7.482e-06	{Q}
UPI0002C9C119	SINGLE	4	1091	1111	5	1.175e-05	{W}
UPI0002C9C119	SINGLE	5	799	813	7	3.582e-05	{S}
UPI0002C9C119	SINGLE	6	822	836	6	3.887e-05	{R}
UPI0002C9C119	SINGLE	7	11	36	8	2.967e-04	{S}
UPI0002C9C119	SINGLE	8	42	123	12	3.895e-04	{R}
UPI0002C9C119	SINGLE	9	131	205	11	5.292e-04	{P}
UPI0002C9C119	SINGLE	10	479	588	18	5.658e-04	{S}
UPI0002C9C119	SINGLE	11	178	297	18	6.083e-04	{G}
UPI0002C9C119	SINGLE	12	210	241	8	6.615e-04	{V}
UPI0002C9C119	MULTIPLE	1	1053	1347	80	5.196e-10	{QAW}
UPI0002C9C119	MULTIPLE	2	42	205	48	1.306e-07	{QRP}
UPI0002C9C119	MULTIPLE	3	206	270	20	1.155e-04	{GV}
UPI0002C9C119	WHOLE	1	1	1504	95	7.681e-05	{Q}
UPI0002C9C2B2	SINGLE	1	106	172	12	2.282e-05	{Q}
UPI0002C9CD77	SINGLE	1	43	125	12	7.277e-05	{F}
UPI0002C9CD77	SINGLE	2	30	191	17	1.025e-04	{Y}
UPI0002C9CD77	SINGLE	3	131	148	7	1.415e-04	{S}
UPI0002C9CD77	SINGLE	4	161	184	6	7.779e-04	{I}
UPI0002C9CD77	MULTIPLE	1	29	184	61	1.456e-08	{FYSI}
UPI0002C9CD77	WHOLE	1	1	200	18	4.040e-04	{Y}
UPI0002C9D5E9	SINGLE	1	17	190	27	2.940e-04	{A}
UPI0002C9DA25	SINGLE	1	211	225	6	3.585e-04	{S}
UPI0002C9DA25	SINGLE	2	286	310	6	8.417e-04	{R}
UPI0002C9DA48	SINGLE	1	5	22	7	5.431e-05	{K}
UPI0002C9E50E	SINGLE	1	140	210	7	7.599e-04	{M}
UPI0002C9EB0C	SINGLE	1	120	175	7	1.843e-04	{M}
UPI0002C9ECBA	SINGLE	1	13	76	6	4.935e-04	{C}
UPI0002C9F150	SINGLE	1	41	55	5	1.842e-04	{F}
UPI0002C9F330	SINGLE	1	17	1021	39	8.066e-08	{W}
UPI0002C9F330	SINGLE	2	555	967	36	3.868e-05	{Q}
UPI0002C9F330	SINGLE	3	65	120	11	3.988e-05	{P}
UPI0002C9F330	SINGLE	4	813	842	10	5.151e-05	{A}
UPI0002C9F330	SINGLE	5	358	469	10	1.447e-04	{H}
UPI0002C9F330	SINGLE	6	158	449	27	5.128e-04	{R}
UPI0002C9F330	SINGLE	7	973	991	4	6.290e-04	{H}
UPI0002C9F330	MULTIPLE	1	14	1021	138	8.884e-09	{WHR}
UPI0002C9F330	WHOLE	1	1	1024	39	1.267e-07	{W}
UPI0002C9FAEF	SINGLE	1	53	180	18	3.019e-05	{R}
UPI0002C9FAEF	SINGLE	2	52	85	10	3.518e-05	{E}
UPI0002C9FAEF	MULTIPLE	1	52	180	35	3.986e-07	{RE}
UPI0002C9FAEF	WHOLE	1	1	186	20	4.101e-04	{R}
UPI0002CA0223	SINGLE	1	10	136	17	8.865e-05	{R}
UPI0002CA0223	WHOLE	1	1	140	17	2.739e-04	{R}
UPI0002CA1FA8	SINGLE	1	289	497	31	2.001e-09	{Q}
UPI0002CA1FA8	SINGLE	2	6	485	75	2.243e-06	{L}
UPI0002CA1FA8	MULTIPLE	1	6	497	117	3.314e-10	{QL}
UPI0002CA1FA8	WHOLE	1	1	498	75	7.969e-06	{L}
UPI0002CA1FA8	WHOLE	2	1	498	42	2.131e-05	{Q}
UPI0002CA2BAA	SINGLE	1	124	140	7	6.888e-06	{R}
UPI0002CA2BAA	SINGLE	2	25	312	43	2.030e-05	{A}
UPI0002CA2BAA	SINGLE	3	73	117	11	1.072e-04	{G}
UPI0002CA2BAA	SINGLE	4	89	127	5	2.538e-04	{W}
UPI0002CA2BAA	SINGLE	5	19	202	19	2.820e-04	{Q}
UPI0002CA2BAA	SINGLE	6	236	264	9	6.862e-04	{L}
UPI0002CA2BAA	MULTIPLE	1	24	309	155	2.408e-12	{RAGWQL}
UPI0002CA2BAA	WHOLE	1	1	353	31	5.049e-04	{R}
UPI0002CA2C45	SINGLE	1	137	329	16	4.925e-06	{H}
UPI0002CA2C45	SINGLE	2	122	379	33	1.327e-04	{G}
UPI0002CA2C45	SINGLE	3	34	289	23	4.949e-04	{Q}
UPI0002CA2C45	SINGLE	4	28	371	37	8.867e-04	{V}
UPI0002CA2C45	MULTIPLE	1	45	356	108	2.252e-10	{HGQV}
UPI0002CA2C45	WHOLE	1	1	420	20	6.608e-04	{H}
UPI0002CA310E	SINGLE	1	4	89	12	5.891e-04	{R}
UPI0002CA310E	SINGLE	2	3	314	35	5.985e-04	{V}
UPI0002CA310E	SINGLE	3	149	245	13	6.782e-04	{I}
UPI0002CA310E	MULTIPLE	1	3	304	77	1.131e-05	{RVI}
UPI0002CA3112	SINGLE	1	60	124	15	9.090e-05	{A}
UPI0002CA3112	SINGLE	2	106	120	4	2.419e-04	{M}
UPI0002CA3112	MULTIPLE	1	66	124	18	8.849e-06	{AM}
UPI0002CA34D8	SINGLE	1	331	543	42	1.186e-06	{L}
UPI0002CA34D8	SINGLE	2	867	1013	31	6.403e-06	{L}
UPI0002CA34D8	SINGLE	3	48	88	12	1.780e-05	{S}
UPI0002CA34D8	SINGLE	4	854	922	13	2.315e-05	{I}
UPI0002CA34D8	SINGLE	5	281	371	15	2.907e-05	{I}
UPI0002CA34D8	SINGLE	6	366	956	28	8.579e-05	{M}
UPI0002CA34D8	SINGLE	7	775	965	28	5.523e-04	{A}
UPI0002CA34D8	SINGLE	8	101	115	6	5.574e-04	{A}
UPI0002CA34D8	SINGLE	9	33	56	6	5.903e-04	{P}
UPI0002CA34D8	MULTIPLE	1	272	970	254	1.902e-13	{LIMA}
UPI0002CA34D8	MULTIPLE	2	854	1013	49	4.532e-08	{LI}
UPI0002CA34D8	MULTIPLE	3	33	88	19	1.041e-05	{SP}
UPI0002CA34D8	WHOLE	1	1	1025	131	3.069e-05	{L}
UPI0002CA34D8	WHOLE	2	1	1025	76	1.302e-04	{I}
UPI0002CA34D8	WHOLE	3	1	1025	38	6.237e-04	{M}
UPI0002CA44C5	SINGLE	1	17	54	7	1.491e-05	{H}
UPI0002CA44C5	SINGLE	2	29	82	11	3.095e-04	{K}
UPI0002CA44C5	MULTIPLE	1	17	82	18	4.126e-06	{HK}
UPI0002CA4AC8	SINGLE	1	2	307	57	1.441e-07	{L}
UPI0002CA4AC8	SINGLE	2	687	722	13	2.281e-07	{G}
UPI0002CA4AC8	SINGLE	3	404	795	52	7.166e-05	{A}
UPI0002CA4AC8	SINGLE	4	167	261	8	7.994e-05	{W}
UPI0002CA4AC8	SINGLE	5	325	348	5	1.377e-04	{H}
UPI0002CA4AC8	SINGLE	6	526	660	20	1.695e-04	{T}
UPI0002CA4AC8	SINGLE	7	333	367	5	2.098e-04	{C}
UPI0002CA4AC8	SINGLE	8	230	535	29	2.340e-04	{R}
UPI0002CA4AC8	SINGLE	9	7	197	29	2.640e-04	{A}
UPI0002CA4AC8	SINGLE	10	4	132	16	4.284e-04	{I}
UPI0002CA4AC8	SINGLE	11	777	808	7	6.733e-04	{I}
UPI0002CA4AC8	SINGLE	12	406	558	21	7.309e-04	{G}
UPI0002CA4AC8	SINGLE	13	297	311	5	9.005e-04	{D}
UPI0002CA4AC8	MULTIPLE	1	7	294	118	1.926e-11	{LWAI}
UPI0002CA4AC8	MULTIPLE	2	404	808	128	1.788e-09	{GAI}
UPI0002CA4AC8	MULTIPLE	3	325	367	10	3.201e-06	{HC}
UPI0002CA4AC8	MULTIPLE	4	406	661	54	7.296e-05	{TG}
UPI0002CA4AC8	WHOLE	1	1	838	92	2.635e-04	{A}
UPI0002CA4AC8	WHOLE	2	1	838	103	5.215e-04	{L}
UPI0002CA5BC0	SINGLE	1	140	162	7	4.607e-04	{G}
UPI0002CA5BC0	SINGLE	2	110	247	16	8.536e-04	{I}
UPI0002CA5BC0	MULTIPLE	1	110	250	31	1.758e-04	{GI}
UPI0002CA5C71	SINGLE	1	9	1039	135	2.151e-09	{A}
UPI0002CA5C71	SINGLE	2	204	1164	129	4.160e-06	{L}
UPI0002CA5C71	SINGLE	3	165	1131	75	8.064e-06	{P}
UPI0002CA5C71	SINGLE	4	185	337	18	2.716e-04	{R}
UPI0002CA5C71	SINGLE	5	859	1202	29	3.083e-04	{Q}
UPI0002CA5C71	SINGLE	6	1259	1287	7	3.632e-04	{I}
UPI0002CA5C71	SINGLE	7	98	464	30	4.012e-04	{Q}
UPI0002CA5C71	MULTIPLE	1	3	1202	539	4.389e-25	{ALPRQ}
UPI0002CA5C71	WHOLE	1	1	1293	160	4.407e-09	{A}
UPI0002CA5C71	WHOLE	2	1	1293	91	3.638e-05	{P}
UPI0002CA5C71	WHOLE	3	1	1293	159	3.825e-05	{L}
UPI0002CA5C71	WHOLE	4	1	1293	83	1.178e-04	{Q}
UPI0002CA6468	SINGLE	1	140	462	42	9.080e-09	{I}
UPI0002CA6468	SINGLE	2	422	450	7	7.282e-04	{D}
UPI0002CA6468	SINGLE	3	247	265	7	8.828e-04	{L}
UPI0002CA6468	WHOLE	1	1	516	51	1.496e-06	{I}
UPI0002CA672A	SINGLE	1	3	293	37	4.502e-09	{Q}
UPI0002CA672A	SINGLE	2	37	329	52	1.973e-06	{L}
UPI0002CA672A	SINGLE	3	4	21	7	9.109e-06	{P}
UPI0002CA672A	SINGLE	4	287	301	5	4.135e-04	{P}
UPI0002CA672A	SINGLE	5	292	309	4	5.076e-04	{M}
UPI0002CA672A	MULTIPLE	1	3	329	118	9.547e-15	{QLP}
UPI0002CA672A	MULTIPLE	2	287	313	10	5.743e-06	{PM}
UPI0002CA672A	WHOLE	1	1	331	38	4.259e-08	{Q}
UPI0002CA672A	WHOLE	2	1	331	54	1.426e-05	{L}
UPI0002CA6BE3	SINGLE	1	50	79	14	9.663e-08	{L}
UPI0002CA6BE3	SINGLE	2	119	234	17	4.117e-05	{I}
UPI0002CA6BE3	SINGLE	3	178	197	5	5.484e-05	{M}
UPI0002CA6BE3	SINGLE	4	248	299	12	7.869e-05	{V}
UPI0002CA6BE3	SINGLE	5	128	222	17	1.124e-04	{G}
UPI0002CA6BE3	SINGLE	6	81	106	8	1.470e-04	{V}
UPI0002CA6BE3	SINGLE	7	180	253	15	3.839e-04	{A}
UPI0002CA6BE3	MULTIPLE	1	128	246	58	4.021e-11	{IMGA}
UPI0002CA6BE3	WHOLE	1	1	306	50	2.644e-05	{L}
UPI0002CA6C32	SINGLE	1	62	360	31	3.231e-05	{R}
UPI0002CA6C32	SINGLE	2	143	434	28	5.157e-05	{Q}
UPI0002CA6C32	SINGLE	3	134	207	14	1.945e-04	{E}
UPI0002CA6C32	SINGLE	4	13	28	5	4.085e-04	{Q}
UPI0002CA6C32	SINGLE	5	191	224	5	7.231e-04	{H}
UPI0002CA6C32	MULTIPLE	1	132	375	82	1.333e-09	{RQEH}
UPI0002CA6C32	WHOLE	1	1	447	36	1.675e-04	{Q}
UPI0002CA6C32	WHOLE	2	1	447	37	4.893e-04	{R}
UPI0002CA77C1	SINGLE	1	599	736	12	2.246e-06	{C}
UPI0002CA77C1	SINGLE	2	114	833	59	2.735e-05	{R}
UPI0002CA77C1	SINGLE	3	748	762	6	3.376e-05	{P}
UPI0002CA77C1	SINGLE	4	45	61	7	3.538e-05	{K}
UPI0002CA77C1	SINGLE	5	479	809	38	2.594e-04	{E}
UPI0002CA77C1	SINGLE	6	206	221	6	3.084e-04	{E}
UPI0002CA77C1	SINGLE	7	305	320	4	3.155e-04	{M}
UPI0002CA77C1	SINGLE	8	174	205	8	6.615e-04	{V}
UPI0002CA77C1	MULTIPLE	1	513	764	44	7.037e-07	{CE}
UPI0002CA77C1	MULTIPLE	2	114	833	145	1.876e-07	{REM}
UPI0002CA77C1	WHOLE	1	1	865	62	4.842e-04	{R}
UPI0002CA7993	SINGLE	1	29	216	13	4.968e-06	{W}
UPI0002CA7993	SINGLE	2	235	263	10	3.725e-05	{A}
UPI0002CA7993	SINGLE	3	114	135	6	2.422e-04	{Q}
UPI0002CA7993	WHOLE	1	1	288	13	3.290e-04	{W}
UPI0002CA7EBF	SINGLE	1	255	278	8	9.294e-06	{R}
UPI0002CA7EBF	SINGLE	2	215	273	9	3.653e-04	{F}
UPI0002CA7EBF	SINGLE	3	27	91	10	7.651e-04	{R}
UPI0002CA7EBF	SINGLE	4	66	368	44	7.661e-04	{L}
UPI0002CA7EBF	SINGLE	5	172	209	7	9.131e-04	{Q}
UPI0002CA7EBF	MULTIPLE	1	65	368	79	5.156e-05	{FLQ}
UPI0002CA7EBF	WHOLE	1	1	375	32	6.541e-04	{R}
UPI0002CA810F	SINGLE	1	101	541	50	5.042e-05	{V}
UPI0002CA810F	SINGLE	2	226	365	27	1.069e-04	{L}
UPI0002CA810F	MULTIPLE	1	101	549	103	1.480e-05	{VL}
UPI0002CA810F	WHOLE	1	1	561	59	9.145e-05	{V}
UPI0002CA8369	SINGLE	1	70	84	6	3.376e-05	{P}
UPI0002CA8369	SINGLE	2	129	143	7	6.097e-05	{A}
UPI0002CA877D	SINGLE	1	202	338	26	1.462e-05	{A}
UPI0002CA877D	SINGLE	2	55	369	19	5.485e-05	{H}
UPI0002CA877D	SINGLE	3	169	209	8	2.740e-04	{Q}
UPI0002CA877D	SINGLE	4	178	196	5	5.171e-04	{Y}
UPI0002CA877D	MULTIPLE	1	191	242	24	3.240e-08	{AHQ}
UPI0002CA877D	WHOLE	1	1	378	20	1.924e-04	{H}
UPI0002CA8C2E	SINGLE	1	306	498	24	2.143e-05	{I}
UPI0002CA8C2E	SINGLE	2	109	478	36	3.109e-05	{R}
UPI0002CA8C2E	SINGLE	3	364	409	8	5.997e-04	{Q}
UPI0002CA8C2E	SINGLE	4	412	465	13	7.168e-04	{L}
UPI0002CA8C2E	MULTIPLE	1	105	498	121	6.545e-09	{IRL}
UPI0002CA8C2E	WHOLE	1	1	500	40	5.832e-04	{R}
UPI0002CA8C2E	WHOLE	2	1	500	40	9.382e-04	{I}
UPI0002CA985C	SINGLE	1	104	341	31	3.803e-08	{N}
UPI0002CA985C	SINGLE	2	37	430	41	4.071e-06	{I}
UPI0002CA985C	SINGLE	3	5	30	8	1.078e-04	{T}
UPI0002CA985C	SINGLE	4	353	368	5	2.180e-04	{Y}
UPI0002CA985C	SINGLE	5	469	484	6	3.425e-04	{G}
UPI0002CA985C	MULTIPLE	1	37	420	77	5.097e-11	{NI}
UPI0002CA985C	WHOLE	1	1	540	49	6.619e-07	{N}
UPI0002CA985C	WHOLE	2	1	540	48	3.803e-05	{I}
UPI0002CA9909	SINGLE	1	3	285	42	2.833e-05	{A}
UPI0002CA9909	SINGLE	2	247	262	6	3.390e-05	{Q}
UPI0002CA9909	MULTIPLE	1	10	285	62	6.929e-07	{AQ}
UPI0002CA9909	WHOLE	1	1	300	42	9.920e-05	{A}
UPI0002CA9A0F	SINGLE	1	25	251	44	1.457e-08	{A}
UPI0002CA9A0F	SINGLE	2	238	259	6	8.827e-04	{D}
UPI0002CA9A0F	WHOLE	1	1	286	47	7.191e-07	{A}
UPI0002CAA5F6	SINGLE	1	111	125	5	2.936e-04	{Q}
UPI0002CAA5F6	SINGLE	2	47	177	8	6.638e-04	{W}
UPI0002CAA5F6	MULTIPLE	1	113	132	8	8.075e-06	{QW}
UPI0002CAA7F9	SINGLE	1	65	249	21	9.652e-06	{F}
UPI0002CAA7F9	SINGLE	2	151	290	20	1.381e-05	{I}
UPI0002CAA7F9	SINGLE	3	1	353	20	8.193e-05	{M}
UPI0002CAA7F9	SINGLE	4	26	372	52	1.566e-04	{L}
UPI0002CAA7F9	SINGLE	5	172	211	10	3.408e-04	{S}
UPI0002CAA7F9	MULTIPLE	1	25	354	123	4.038e-13	{FIML}
UPI0002CAA7F9	WHOLE	1	1	398	21	1.427e-04	{M}
UPI0002CAA7F9	WHOLE	2	1	398	36	2.045e-04	{I}
UPI0002CAA7F9	WHOLE	3	1	398	30	2.993e-04	{F}
UPI0002CAA7F9	WHOLE	4	1	398	55	6.623e-04	{L}
UPI0002CAA832	SINGLE	1	100	167	16	5.785e-06	{G}
UPI0002CAA832	SINGLE	2	460	474	7	6.097e-05	{A}
UPI0002CAA832	SINGLE	3	185	242	12	2.273e-04	{V}
UPI0002CAA832	SINGLE	4	130	144	4	2.419e-04	{M}
UPI0002CAA832	SINGLE	5	16	31	6	3.084e-04	{E}
UPI0002CAA832	MULTIPLE	1	100	167	21	1.720e-07	{GM}
UPI0002CAA832	WHOLE	1	1	753	73	3.173e-04	{G}
UPI0002CAAE5B	SINGLE	1	1	293	22	5.262e-07	{M}
UPI0002CAAE5B	SINGLE	2	332	354	9	7.742e-06	{G}
UPI0002CAAE5B	SINGLE	3	101	398	50	1.348e-05	{L}
UPI0002CAAE5B	SINGLE	4	42	113	14	1.773e-04	{G}
UPI0002CAAE5B	SINGLE	5	14	180	16	6.021e-04	{F}
UPI0002CAAE5B	MULTIPLE	1	10	388	148	2.265e-14	{MLGF}
UPI0002CAAE5B	WHOLE	1	1	402	25	2.736e-06	{M}
UPI0002CAAE5B	WHOLE	2	1	402	60	6.493e-05	{L}
UPI0002CAB133	SINGLE	1	2	259	29	1.344e-05	{R}
UPI0002CAB133	SINGLE	2	137	159	8	5.640e-05	{V}
UPI0002CAB133	SINGLE	3	22	38	4	4.036e-04	{H}
UPI0002CAB133	MULTIPLE	1	2	249	39	1.076e-06	{RH}
UPI0002CAB133	WHOLE	1	1	273	30	1.487e-05	{R}
UPI0002CABDC7	SINGLE	1	398	419	9	3.489e-07	{R}
UPI0002CABDC7	SINGLE	2	207	254	13	6.787e-06	{E}
UPI0002CABDC7	SINGLE	3	37	110	15	3.839e-04	{A}
UPI0002CABDC7	SINGLE	4	112	143	8	7.569e-04	{G}
UPI0002CABE87	SINGLE	1	260	422	20	1.114e-04	{I}
UPI0002CABE87	SINGLE	2	259	445	21	1.750e-04	{R}
UPI0002CABE87	SINGLE	3	241	261	8	2.978e-04	{L}
UPI0002CABE87	SINGLE	4	54	82	5	3.445e-04	{M}
UPI0002CABE87	SINGLE	5	407	430	7	5.412e-04	{E}
UPI0002CABE87	MULTIPLE	1	259	445	60	3.978e-08	{IRE}
UPI0002CABE87	WHOLE	1	1	461	40	2.252e-04	{I}
UPI0002CAC188	SINGLE	1	8	86	17	8.091e-05	{A}
UPI0002CAC188	SINGLE	2	106	129	7	5.364e-04	{V}
UPI0002CAC20A	SINGLE	1	81	355	45	1.334e-06	{A}
UPI0002CAC20A	SINGLE	2	2	398	65	2.115e-06	{L}
UPI0002CAC20A	SINGLE	3	83	101	7	1.375e-05	{P}
UPI0002CAC20A	SINGLE	4	262	276	7	2.093e-05	{G}
UPI0002CAC20A	SINGLE	5	306	378	15	4.526e-05	{V}
UPI0002CAC20A	SINGLE	6	19	274	28	4.726e-05	{I}
UPI0002CAC20A	SINGLE	7	218	405	14	5.694e-05	{M}
UPI0002CAC20A	SINGLE	8	47	118	13	5.924e-04	{G}
UPI0002CAC20A	MULTIPLE	1	9	406	280	1.515e-30	{ALPGVIM}
UPI0002CAC20A	WHOLE	1	1	418	65	1.067e-05	{L}
UPI0002CAC20A	WHOLE	2	1	418	56	3.193e-05	{A}
UPI0002CAC20A	WHOLE	3	1	418	20	6.255e-04	{M}
UPI0002CACA81	SINGLE	1	30	487	66	7.389e-07	{A}
UPI0002CACA81	SINGLE	2	407	484	16	3.409e-05	{G}
UPI0002CACA81	SINGLE	3	252	283	9	1.433e-04	{G}
UPI0002CACA81	MULTIPLE	1	26	487	118	1.648e-10	{AG}
UPI0002CACA81	WHOLE	1	1	515	68	9.067e-06	{A}
UPI0002CACA81	WHOLE	2	1	515	52	7.381e-04	{G}
UPI0002CAD23A	SINGLE	1	5	35	7	2.594e-04	{Q}
UPI0002CAD6E4	SINGLE	1	3	466	47	1.863e-06	{I}
UPI0002CAD6E4	SINGLE	2	256	494	39	6.445e-06	{A}
UPI0002CAD6E4	SINGLE	3	371	385	7	1.824e-05	{V}
UPI0002CAD6E4	SINGLE	4	253	269	4	4.036e-04	{H}
UPI0002CAD6E4	SINGLE	5	11	484	33	5.878e-04	{F}
UPI0002CAD6E4	SINGLE	6	38	85	10	7.919e-04	{G}
UPI0002CAD6E4	SINGLE	7	399	473	13	8.617e-04	{G}
UPI0002CAD6E4	MULTIPLE	1	9	489	227	4.443e-16	{IAVFG}
UPI0002CAD6E4	WHOLE	1	1	502	47	1.352e-05	{I}
UPI0002CAD6E4	WHOLE	2	1	502	62	1.223e-04	{A}
UPI0002CADD10	SINGLE	1	60	483	41	1.145e-05	{R}
UPI0002CADD10	SINGLE	2	15	533	73	8.143e-05	{L}
UPI0002CADD10	SINGLE	3	172	190	7	1.246e-04	{G}
UPI0002CADD10	SINGLE	4	359	381	8	2.057e-04	{A}
UPI0002CADD10	SINGLE	5	294	310	4	4.036e-04	{M}
UPI0002CADD10	SINGLE	6	104	141	10	4.217e-04	{A}
UPI0002CADD10	SINGLE	7	307	325	4	6.290e-04	{H}
UPI0002CADD10	SINGLE	8	459	528	10	6.449e-04	{Q}
UPI0002CADD10	MULTIPLE	1	20	538	278	1.115e-14	{RLGAMHQ}
UPI0002CADD10	WHOLE	1	1	541	45	1.361e-04	{R}
UPI0002CADD10	WHOLE	2	1	541	73	2.516e-04	{L}
UPI0002CADE7F	SINGLE	1	132	159	5	2.914e-04	{M}
UPI0002CADE7F	SINGLE	2	2	151	27	3.183e-04	{L}
UPI0002CADE7F	MULTIPLE	1	1	159	34	1.186e-04	{ML}
UPI0002CAE9E1	SINGLE	1	22	502	43	4.278e-05	{R}
UPI0002CAE9E1	SINGLE	2	3	43	10	1.294e-04	{T}
UPI0002CAE9E1	SINGLE	3	503	613	14	2.337e-04	{Q}
UPI0002CAE9E1	SINGLE	4	238	281	8	4.321e-04	{N}
UPI0002CAE9E1	WHOLE	1	1	661	51	2.971e-04	{R}
UPI0002CAEEF8	SINGLE	1	24	512	48	8.483e-07	{P}
UPI0002CAEEF8	SINGLE	2	47	131	14	1.335e-05	{Q}
UPI0002CAEEF8	SINGLE	3	13	360	50	1.375e-05	{A}
UPI0002CAEEF8	SINGLE	4	349	573	21	4.892e-04	{N}
UPI0002CAEEF8	MULTIPLE	1	19	489	134	1.274e-10	{PQA}
UPI0002CAEEF8	WHOLE	1	1	615	50	6.273e-05	{P}
UPI0002CAFB5C	SINGLE	1	26	46	6	1.841e-04	{Q}
UPI0002CAFB5C	SINGLE	2	58	212	18	3.157e-04	{R}
UPI0002CAFB5C	SINGLE	3	131	161	6	8.089e-04	{Y}
UPI0002CAFE1F	SINGLE	1	79	213	17	5.448e-05	{N}
UPI0002CAFE1F	SINGLE	2	13	87	17	2.667e-04	{L}
UPI0002CB1186	SINGLE	1	47	304	31	3.930e-04	{V}
UPI0002CB13CB	SINGLE	1	13	242	24	2.848e-04	{I}
UPI0002CB155A	SINGLE	1	387	614	46	1.957e-09	{A}
UPI0002CB155A	SINGLE	2	23	263	16	1.821e-06	{C}
UPI0002CB155A	SINGLE	3	126	286	21	2.215e-05	{R}
UPI0002CB155A	SINGLE	4	522	547	8	1.697e-04	{G}
UPI0002CB155A	SINGLE	5	155	180	6	3.065e-04	{Y}
UPI0002CB155A	SINGLE	6	696	716	6	3.138e-04	{R}
UPI0002CB155A	SINGLE	7	99	146	6	5.219e-04	{H}
UPI0002CB155A	MULTIPLE	1	32	286	65	4.903e-09	{CRYH}
UPI0002CB155A	WHOLE	1	1	908	97	4.262e-04	{A}
UPI0002CB2E8C	SINGLE	1	140	210	7	7.599e-04	{M}
UPI0002CB330F	SINGLE	1	16	234	30	7.941e-05	{G}
UPI0002CB330F	SINGLE	2	7	266	42	1.262e-04	{L}
UPI0002CB330F	SINGLE	3	154	177	6	2.346e-04	{F}
UPI0002CB330F	SINGLE	4	42	61	7	4.883e-04	{A}
UPI0002CB330F	MULTIPLE	1	18	237	105	1.012e-10	{GLFA}
UPI0002CB330F	WHOLE	1	1	269	42	2.505e-04	{L}
UPI0002CB330F	WHOLE	2	1	269	32	5.313e-04	{G}
UPI0002CB3348	SINGLE	1	7	548	23	7.363e-06	{W}
UPI0002CB3348	SINGLE	2	191	225	9	8.102e-05	{D}
UPI0002CB3348	SINGLE	3	230	324	8	9.106e-04	{H}
UPI0002CB3348	WHOLE	1	1	551	23	9.515e-06	{W}
UPI0002CB3859	SINGLE	1	225	241	5	8.659e-04	{R}
UPI0002CB3E8E	SINGLE	1	366	450	19	2.679e-14	{M}
UPI0002CB3E8E	SINGLE	2	370	407	11	2.054e-05	{G}
UPI0002CB3E8E	SINGLE	3	538	592	7	1.649e-04	{H}
UPI0002CB3E8E	SINGLE	4	293	321	8	3.301e-04	{V}
UPI0002CB3E8E	MULTIPLE	1	369	432	30	1.574e-15	{MG}
UPI0002CB3E8E	WHOLE	1	1	605	38	8.041e-09	{M}
UPI0002CB3E8E	WHOLE	2	1	605	60	5.292e-04	{G}
UPI0002CB3EA7	SINGLE	1	53	104	9	1.084e-04	{Y}
UPI0002CB3EA7	SINGLE	2	24	45	7	3.023e-04	{V}
UPI0002CB50EC	SINGLE	1	33	47	6	2.293e-04	{G}
UPI0002CB50EC	SINGLE	2	15	41	4	6.125e-04	{W}
UPI0002CB50EC	SINGLE	3	57	182	8	8.033e-04	{C}
UPI0002CB50EC	MULTIPLE	1	15	47	11	3.039e-05	{GW}
UPI0002CB5ADC	SINGLE	1	91	108	7	5.431e-05	{K}
UPI0002CB6345	SINGLE	1	361	381	8	2.677e-05	{V}
UPI0002CB6345	SINGLE	2	25	337	40	3.210e-05	{G}
UPI0002CB6345	SINGLE	3	73	442	31	4.201e-05	{F}
UPI0002CB6345	SINGLE	4	425	439	7	1.659e-04	{L}
UPI0002CB6345	SINGLE	5	482	496	6	2.062e-04	{E}
UPI0002CB6345	SINGLE	6	332	346	4	2.419e-04	{M}
UPI0002CB6345	SINGLE	7	112	172	6	2.661e-04	{W}
UPI0002CB6345	SINGLE	8	124	311	25	3.122e-04	{V}
UPI0002CB6345	SINGLE	9	13	151	23	3.131e-04	{A}
UPI0002CB6345	SINGLE	10	48	86	11	4.492e-04	{L}
UPI0002CB6345	SINGLE	11	449	463	5	5.275e-04	{I}
UPI0002CB6345	MULTIPLE	1	13	442	206	1.411e-13	{VFLMWA}
UPI0002CB6345	MULTIPLE	2	41	312	95	6.977e-07	{GVL}
UPI0002CB6345	WHOLE	1	1	499	34	7.066e-04	{F}
UPI0002CB8397	SINGLE	1	88	936	80	6.588e-09	{R}
UPI0002CB8397	SINGLE	2	344	626	54	1.349e-07	{L}
UPI0002CB8397	SINGLE	3	680	697	7	8.425e-05	{G}
UPI0002CB8397	SINGLE	4	440	454	6	2.062e-04	{E}
UPI0002CB8397	SINGLE	5	610	624	5	2.936e-04	{Q}
UPI0002CB8397	SINGLE	6	150	166	6	4.943e-04	{G}
UPI0002CB8397	SINGLE	7	9	461	34	7.353e-04	{Q}
UPI0002CB8397	SINGLE	8	517	667	23	9.294e-04	{A}
UPI0002CB8397	MULTIPLE	1	8	937	430	2.469e-18	{RLEQA}
UPI0002CB8397	WHOLE	1	1	946	81	2.658e-07	{R}
UPI0002CB8397	WHOLE	2	1	946	127	4.835e-06	{L}
UPI0002CB8397	WHOLE	3	1	946	84	8.597e-04	{E}
UPI0002CB8979	SINGLE	1	286	324	9	1.934e-04	{D}
UPI0002CB8E4E	SINGLE	1	181	277	13	8.166e-05	{F}
UPI0002CB98BB	SINGLE	1	19	221	34	1.340e-05	{A}
UPI0002CB98BB	SINGLE	2	40	262	28	4.928e-04	{G}
UPI0002CB98BB	SINGLE	3	92	251	11	6.132e-04	{M}
UPI0002CB98BB	MULTIPLE	1	19	262	75	2.302e-08	{AGM}
UPI0002CB9BD5	SINGLE	1	415	509	17	8.790e-05	{V}
UPI0002CB9BD5	SINGLE	2	609	648	8	9.174e-05	{Y}
UPI0002CB9BD5	SINGLE	3	153	252	9	2.846e-04	{M}
UPI0002CBB6DE	SINGLE	1	6	46	10	1.856e-04	{V}
UPI0002CBB6DE	SINGLE	2	15	180	26	3.218e-04	{A}
UPI0002CBB6DE	MULTIPLE	1	6	184	46	2.449e-05	{VA}
UPI0002CBB8E1	SINGLE	1	250	270	7	4.131e-04	{S}
UPI0002CBB8E1	SINGLE	2	149	191	5	5.468e-04	{C}
UPI0002CBB8E1	SINGLE	3	14	325	13	6.634e-04	{W}
UPI0002CBB8E1	MULTIPLE	1	147	191	7	3.703e-04	{CW}
UPI0002CBBA20	SINGLE	1	40	70	6	4.555e-05	{M}
UPI0002CBBA20	SINGLE	2	109	142	7	9.725e-04	{I}
UPI0002CBC690	SINGLE	1	25	605	83	5.301e-08	{A}
UPI0002CBC690	SINGLE	2	472	486	8	1.486e-06	{G}
UPI0002CBC690	SINGLE	3	303	350	11	1.624e-04	{V}
UPI0002CBC690	SINGLE	4	376	405	7	3.283e-04	{P}
UPI0002CBC690	MULTIPLE	1	25	608	138	1.372e-09	{AG}
UPI0002CBC690	WHOLE	1	1	681	88	1.464e-06	{A}
UPI0002CBD601	SINGLE	1	159	181	9	4.515e-06	{T}
UPI0002CBD601	SINGLE	2	104	155	12	5.631e-06	{I}
UPI0002CBD601	SINGLE	3	175	254	13	2.918e-05	{N}
UPI0002CBE666	SINGLE	1	58	85	8	2.702e-05	{P}
UPI0002CBE666	SINGLE	2	381	446	7	8.073e-05	{C}
UPI0002CBE666	SINGLE	3	34	93	10	1.910e-04	{Q}
UPI0002CBE666	SINGLE	4	363	384	6	4.110e-04	{R}
UPI0002CBE666	SINGLE	5	181	212	5	5.468e-04	{M}
UPI0002CBE666	MULTIPLE	1	44	93	17	7.308e-07	{PQ}
UPI0002CBE666	MULTIPLE	2	363	446	17	1.510e-05	{CR}
UPI0002CBE7E3	SINGLE	1	2	384	68	5.138e-20	{I}
UPI0002CBE7E3	SINGLE	2	13	129	15	4.124e-05	{F}
UPI0002CBE7E3	SINGLE	3	278	330	7	1.308e-04	{H}
UPI0002CBE7E3	SINGLE	4	50	103	14	2.127e-04	{L}
UPI0002CBE7E3	SINGLE	5	34	296	22	2.841e-04	{Y}
UPI0002CBE7E3	SINGLE	6	67	232	24	5.081e-04	{S}
UPI0002CBE7E3	MULTIPLE	1	13	301	118	1.383e-10	{FLYS}
UPI0002CBE7E3	WHOLE	1	1	443	72	6.936e-19	{I}
UPI0002CBEA10	SINGLE	1	418	490	17	2.916e-05	{A}
UPI0002CBEA10	SINGLE	2	373	400	7	7.159e-05	{F}
UPI0002CBEA10	SINGLE	3	119	164	9	1.984e-04	{P}
UPI0002CBEA10	SINGLE	4	260	308	10	2.492e-04	{D}
UPI0002CBEA10	SINGLE	5	343	377	9	2.520e-04	{V}
UPI0002CBEA10	SINGLE	6	2	104	19	2.538e-04	{A}
UPI0002CBEA10	SINGLE	7	34	510	51	2.582e-04	{G}
UPI0002CBEA10	SINGLE	8	520	541	7	3.051e-04	{E}
UPI0002CBEA10	SINGLE	9	9	25	5	5.538e-04	{Q}
UPI0002CBEA10	MULTIPLE	1	33	514	111	1.675e-07	{AG}
UPI0002CBEA10	WHOLE	1	1	546	67	8.573e-05	{A}
UPI0002CBEA7B	SINGLE	1	20	38	4	6.290e-04	{M}
UPI0002CBEAC4	SINGLE	1	9	333	49	4.765e-06	{A}
UPI0002CBEAC4	SINGLE	2	15	263	15	5.160e-06	{W}
UPI0002CBEAC4	SINGLE	3	123	331	15	4.801e-05	{M}
UPI0002CBEAC4	SINGLE	4	67	345	43	2.806e-04	{L}
UPI0002CBEAC4	SINGLE	5	155	285	19	5.208e-04	{V}
UPI0002CBEAC4	MULTIPLE	1	9	345	162	1.775e-16	{AWMLV}
UPI0002CBEAC4	WHOLE	1	1	346	50	1.187e-05	{A}
UPI0002CBEAC4	WHOLE	2	1	346	16	5.900e-05	{W}
UPI0002CBEAE5	SINGLE	1	13	619	73	2.071e-07	{E}
UPI0002CBEAE5	SINGLE	2	599	642	8	4.089e-06	{H}
UPI0002CBEAE5	SINGLE	3	251	801	53	4.423e-05	{D}
UPI0002CBEAE5	SINGLE	4	8	55	13	4.683e-05	{A}
UPI0002CBEAE5	SINGLE	5	503	587	13	5.740e-05	{Q}
UPI0002CBEAE5	SINGLE	6	551	565	4	7.491e-05	{C}
UPI0002CBEAE5	SINGLE	7	102	163	7	3.424e-04	{M}
UPI0002CBEAE5	SINGLE	8	555	570	6	3.425e-04	{G}
UPI0002CBEAE5	SINGLE	9	509	532	6	3.904e-04	{N}
UPI0002CBEAE5	SINGLE	10	751	772	6	4.110e-04	{R}
UPI0002CBEAE5	SINGLE	11	285	316	7	5.709e-04	{R}
UPI0002CBEAE5	MULTIPLE	1	12	801	153	1.205e-09	{ED}
UPI0002CBEAE5	MULTIPLE	2	509	565	20	3.572e-07	{QCN}
UPI0002CBEAE5	WHOLE	1	1	823	86	5.555e-06	{E}
UPI0002CBEAE5	WHOLE	2	1	823	68	3.337e-04	{D}
UPI0002CBEB1D	SINGLE	1	63	161	21	1.109e-08	{I}
UPI0002CBEB1D	SINGLE	2	39	54	8	9.559e-06	{A}
UPI0002CBEB1D	SINGLE	3	589	609	7	3.384e-05	{R}
UPI0002CBEB1D	SINGLE	4	412	564	30	3.569e-05	{L}
UPI0002CBEB1D	SINGLE	5	334	350	7	4.869e-05	{E}
UPI0002CBEB1D	SINGLE	6	212	237	7	1.498e-04	{R}
UPI0002CBEB1D	SINGLE	7	359	377	4	1.525e-04	{W}
UPI0002CBEB1D	SINGLE	8	243	378	20	1.859e-04	{T}
UPI0002CBEB1D	SINGLE	9	384	402	4	6.290e-04	{M}
UPI0002CBEB1D	SINGLE	10	49	81	8	9.330e-04	{G}
UPI0002CBEB1D	MULTIPLE	1	43	81	17	8.755e-06	{AG}
UPI0002CBEB1D	MULTIPLE	2	243	378	26	9.286e-06	{WT}
UPI0002CBEB1D	WHOLE	1	1	655	56	2.855e-05	{I}
UPI0002CBEB1D	WHOLE	2	1	655	49	6.668e-04	{R}
UPI0002CBEF50	SINGLE	1	59	184	17	8.054e-05	{R}
UPI0002CBEF50	SINGLE	2	195	287	17	2.248e-04	{S}
UPI0002CBEF50	SINGLE	3	207	248	8	5.252e-04	{P}
UPI0002CBEF50	MULTIPLE	1	207	272	21	1.120e-05	{SP}
UPI0002CBEFCE	SINGLE	1	153	209	9	3.473e-06	{M}
UPI0002CBEFCE	SINGLE	2	24	65	10	2.278e-04	{V}
UPI0002CBEFCE	SINGLE	3	217	234	6	2.760e-04	{D}
UPI0002CBF2CF	SINGLE	1	50	189	28	4.381e-05	{L}
UPI0002CBF2CF	SINGLE	2	8	49	12	5.149e-05	{A}
UPI0002CBF2CF	SINGLE	3	206	226	6	3.649e-04	{I}
UPI0002CBF2CF	SINGLE	4	222	236	5	4.635e-04	{R}
UPI0002CBF2CF	MULTIPLE	1	211	236	10	7.787e-05	{IR}
UPI0002CBF2CF	WHOLE	1	1	238	37	5.594e-04	{L}
UPI0002CBF423	SINGLE	1	29	47	7	2.079e-04	{S}
UPI0002CBF423	SINGLE	2	26	48	8	5.917e-04	{L}
UPI0002CBF423	MULTIPLE	1	29	48	14	1.358e-07	{SL}
UPI0002CBFC02	SINGLE	1	12	449	41	2.188e-07	{F}
UPI0002CBFC02	SINGLE	2	310	468	22	8.970e-06	{I}
UPI0002CBFC02	SINGLE	3	215	269	13	3.140e-05	{V}
UPI0002CBFC02	SINGLE	4	273	412	12	4.999e-05	{M}
UPI0002CBFC02	SINGLE	5	159	175	8	5.235e-05	{L}
UPI0002CBFC02	SINGLE	6	18	32	5	2.875e-04	{N}
UPI0002CBFC02	SINGLE	7	388	404	5	8.659e-04	{R}
UPI0002CBFC02	MULTIPLE	1	19	449	141	9.925e-15	{FIVM}
UPI0002CBFC02	WHOLE	1	1	477	41	1.776e-06	{F}
UPI0002CBFC02	WHOLE	2	1	477	44	3.285e-05	{I}
UPI0002CBFD03	SINGLE	1	155	290	19	1.465e-05	{P}
UPI0002CBFD03	SINGLE	2	56	90	5	8.250e-04	{H}
UPI0002CBFD03	WHOLE	1	1	373	32	4.133e-04	{P}
UPI0002CBFE02	SINGLE	1	159	173	6	5.574e-04	{A}
UPI0002CBFFEC	SINGLE	1	160	200	6	2.231e-04	{H}
UPI0002CBFFEC	SINGLE	2	74	139	11	7.252e-04	{D}
UPI0002CC0326	SINGLE	1	313	330	6	7.192e-05	{Q}
UPI0002CC0326	SINGLE	2	253	278	5	2.039e-04	{M}
UPI0002CC0326	SINGLE	3	27	41	5	2.936e-04	{Q}
UPI0002CC0326	SINGLE	4	98	129	5	5.468e-04	{M}
UPI0002CC0326	SINGLE	5	228	242	5	9.005e-04	{D}
UPI0002CC0F17	SINGLE	1	4	220	40	1.033e-05	{L}
UPI0002CC0F17	SINGLE	2	139	171	5	1.145e-04	{W}
UPI0002CC0F17	SINGLE	3	62	79	7	2.360e-04	{A}
UPI0002CC0F17	SINGLE	4	130	187	12	2.741e-04	{G}
UPI0002CC0F17	MULTIPLE	1	4	222	94	4.350e-09	{LWAG}
UPI0002CC0F17	WHOLE	1	1	225	40	2.349e-05	{L}
UPI0002CC1072	SINGLE	1	246	1509	136	5.051e-22	{N}
UPI0002CC1072	SINGLE	2	39	1333	204	1.561e-21	{A}
UPI0002CC1072	SINGLE	3	455	745	60	1.560e-16	{T}
UPI0002CC1072	SINGLE	4	767	1613	104	8.288e-10	{G}
UPI0002CC1072	SINGLE	5	27	445	61	5.024e-09	{G}
UPI0002CC1072	SINGLE	6	20	411	59	4.582e-08	{S}
UPI0002CC1072	SINGLE	7	364	1196	84	8.093e-08	{D}
UPI0002CC1072	SINGLE	8	1111	1153	12	2.975e-05	{S}
UPI0002CC1072	SINGLE	9	843	860	7	1.415e-04	{S}
UPI0002CC1072	SINGLE	10	1027	1281	26	2.384e-04	{I}
UPI0002CC1072	SINGLE	11	1512	1526	5	2.936e-04	{Q}
UPI0002CC1072	SINGLE	12	1396	1607	29	3.787e-04	{S}
UPI0002CC1072	MULTIPLE	1	37	1590	1090	4.061e-106	{NATGSDI}
UPI0002CC1072	WHOLE	1	1	1616	236	2.335e-20	{A}
UPI0002CC1072	WHOLE	2	1	1616	152	6.327e-19	{N}
UPI0002CC1072	WHOLE	3	1	1616	184	6.130e-13	{G}
UPI0002CC1072	WHOLE	4	1	1616	159	4.686e-09	{T}
UPI0002CC1072	WHOLE	5	1	1616	171	1.746e-07	{S}
UPI0002CC1072	WHOLE	6	1	1616	120	2.866e-04	{D}
UPI0002CC1690	SINGLE	1	79	98	6	5.140e-04	{D}
UPI0002CC1DFE	SINGLE	1	12	162	17	4.143e-10	{C}
UPI0002CC1DFE	WHOLE	1	1	205	17	4.027e-08	{C}
UPI0002CC2102	SINGLE	1	84	452	60	3.975e-08	{A}
UPI0002CC2102	SINGLE	2	35	117	13	4.491e-05	{Q}
UPI0002CC2102	SINGLE	3	325	364	8	1.172e-04	{F}
UPI0002CC2102	SINGLE	4	368	464	14	1.592e-04	{R}
UPI0002CC2102	SINGLE	5	6	207	34	2.291e-04	{L}
UPI0002CC2102	MULTIPLE	1	4	452	190	4.685e-14	{AQRL}
UPI0002CC2102	WHOLE	1	1	488	68	1.640e-06	{A}
UPI0002CC2102	WHOLE	2	1	488	37	4.085e-04	{Q}
UPI0002CC2102	WHOLE	3	1	488	65	6.490e-04	{L}
UPI0002CC32AE	SINGLE	1	315	339	6	1.250e-05	{M}
UPI0002CC32AE	SINGLE	2	441	476	10	5.887e-05	{V}
UPI0002CC32AE	SINGLE	3	12	431	55	6.512e-05	{A}
UPI0002CC32AE	SINGLE	4	217	235	4	1.994e-04	{C}
UPI0002CC32AE	SINGLE	5	707	736	9	2.883e-04	{A}
UPI0002CC32AE	SINGLE	6	340	365	8	2.967e-04	{S}
UPI0002CC32AE	SINGLE	7	371	394	7	5.412e-04	{E}
UPI0002CC32AE	SINGLE	8	689	712	7	5.412e-04	{E}
UPI0002CC32AE	SINGLE	9	480	728	38	6.677e-04	{L}
UPI0002CC32AE	MULTIPLE	1	12	431	79	5.470e-06	{MAC}
UPI0002CC32AE	MULTIPLE	2	687	739	19	5.814e-05	{AE}
UPI0002CC32AE	WHOLE	1	1	820	91	2.010e-04	{A}
UPI0002CC34BF	SINGLE	1	35	59	6	2.187e-06	{C}
UPI0002CC34BF	WHOLE	1	1	72	6	9.040e-04	{C}
UPI0002CC37BF	SINGLE	1	47	122	15	7.228e-05	{V}
UPI0002CC37BF	SINGLE	2	10	87	16	2.219e-04	{A}
UPI0002CC37BF	SINGLE	3	93	126	5	7.231e-04	{M}
UPI0002CC37BF	MULTIPLE	1	10	126	40	1.589e-06	{VAM}
UPI0002CC3830	SINGLE	1	9	400	44	4.161e-10	{F}
UPI0002CC3830	SINGLE	2	14	28	5	1.898e-06	{W}
UPI0002CC3830	SINGLE	3	286	324	9	1.029e-05	{Y}
UPI0002CC3830	SINGLE	4	1	397	21	1.381e-04	{M}
UPI0002CC3830	SINGLE	5	71	309	38	3.234e-04	{L}
UPI0002CC3830	SINGLE	6	389	417	7	3.632e-04	{I}
UPI0002CC3830	MULTIPLE	1	7	410	155	1.406e-14	{FWMLI}
UPI0002CC3830	WHOLE	1	1	425	44	4.782e-09	{F}
UPI0002CC3830	WHOLE	2	1	425	21	3.244e-04	{M}
UPI0002CC3C8A	SINGLE	1	14	41	7	2.899e-04	{I}
UPI0002CC449B	SINGLE	1	669	683	4	7.491e-05	{C}
UPI0002CC449B	SINGLE	2	84	98	6	2.293e-04	{G}
UPI0002CC449B	SINGLE	3	924	941	7	2.360e-04	{A}
UPI0002CC449B	SINGLE	4	4	25	6	2.422e-04	{Q}
UPI0002CC449B	SINGLE	5	557	709	18	2.716e-04	{R}
UPI0002CC449B	SINGLE	6	99	113	5	5.275e-04	{I}
UPI0002CC449B	SINGLE	7	789	812	7	5.364e-04	{V}
UPI0002CC449B	SINGLE	8	155	187	8	9.330e-04	{G}
UPI0002CC449B	MULTIPLE	1	557	709	25	9.821e-06	{CR}
UPI0002CC4881	SINGLE	1	8	269	35	2.554e-05	{V}
UPI0002CC4881	SINGLE	2	125	156	7	3.177e-04	{Q}
UPI0002CC4881	SINGLE	3	288	356	13	3.967e-04	{G}
UPI0002CC4881	WHOLE	1	1	503	55	5.904e-05	{V}
UPI0002CC4D54	SINGLE	1	6	21	5	2.574e-04	{F}
UPI0002CC4D54	SINGLE	2	17	38	6	3.601e-04	{P}
UPI0002CC4D54	SINGLE	3	199	218	5	6.634e-04	{Y}
UPI0002CC4D54	SINGLE	4	4	20	5	9.825e-04	{I}
UPI0002CC4D54	MULTIPLE	1	4	33	15	1.603e-06	{FPI}
UPI0002CC5044	SINGLE	1	88	125	11	1.691e-05	{V}
UPI0002CC5044	SINGLE	2	7	51	7	4.595e-05	{H}
UPI0002CC5044	SINGLE	3	152	462	29	2.990e-04	{R}
UPI0002CC5044	SINGLE	4	398	431	9	7.625e-04	{A}
UPI0002CC5044	WHOLE	1	1	585	45	6.250e-04	{R}
UPI0002CC524D	SINGLE	1	6	26	4	2.981e-04	{C}
UPI0002CC524D	SINGLE	2	62	110	10	5.548e-04	{K}
UPI0002CC5408	SINGLE	1	15	198	28	2.216e-05	{G}
UPI0002CC5408	SINGLE	2	179	356	12	4.297e-04	{M}
UPI0002CC5408	MULTIPLE	1	15	326	53	1.715e-06	{GM}
UPI0002CC59A5	SINGLE	1	174	219	8	5.761e-06	{M}
UPI0002CC59A5	SINGLE	2	250	264	5	5.275e-04	{I}
UPI0002CC59A5	SINGLE	3	13	27	6	5.574e-04	{A}
UPI0002CC59A5	SINGLE	4	28	61	8	7.507e-04	{T}
UPI0002CC5DD0	SINGLE	1	137	151	4	2.419e-04	{M}
UPI0002CC5DD0	SINGLE	2	30	89	12	3.119e-04	{V}
UPI0002CC5DD0	SINGLE	3	65	82	5	7.334e-04	{Q}
UPI0002CC5DD0	SINGLE	4	37	71	7	8.537e-04	{P}
UPI0002CC5DD0	MULTIPLE	1	30	89	25	8.100e-07	{VQP}
UPI0002CC6150	SINGLE	1	24	125	19	6.303e-08	{Q}
UPI0002CC6150	WHOLE	1	1	138	20	1.755e-06	{Q}
UPI0002CC63FF	SINGLE	1	37	258	36	1.562e-05	{A}
UPI0002CC63FF	SINGLE	2	213	227	6	2.215e-05	{Q}
UPI0002CC63FF	SINGLE	3	233	247	6	2.293e-04	{G}
UPI0002CC63FF	MULTIPLE	1	42	262	70	1.671e-06	{AQG}
UPI0002CC63FF	WHOLE	1	1	362	46	3.948e-04	{A}
UPI0002CC68E3	SINGLE	1	184	291	21	6.103e-05	{A}
UPI0002CC68E3	SINGLE	2	163	229	15	6.548e-04	{L}
UPI0002CC6AA5	SINGLE	1	97	148	12	4.227e-06	{R}
UPI0002CC6AA5	SINGLE	2	398	417	7	1.789e-04	{G}
UPI0002CC6AA5	SINGLE	3	145	230	11	8.552e-04	{N}
UPI0002CC70AA	SINGLE	1	9	167	19	2.214e-04	{I}
UPI0002CC7333	SINGLE	1	200	217	7	5.542e-05	{T}
UPI0002CC7333	SINGLE	2	203	505	25	2.468e-04	{F}
UPI0002CC7333	SINGLE	3	20	52	8	3.034e-04	{D}
UPI0002CC7333	SINGLE	4	386	417	5	5.468e-04	{H}
UPI0002CC7333	MULTIPLE	1	203	505	37	2.828e-05	{FH}
UPI0002CC7639	SINGLE	1	140	424	36	1.887e-07	{I}
UPI0002CC7639	SINGLE	2	32	360	23	9.905e-07	{M}
UPI0002CC7639	SINGLE	3	243	411	28	3.175e-06	{V}
UPI0002CC7639	SINGLE	4	100	147	14	9.958e-06	{A}
UPI0002CC7639	SINGLE	5	189	218	5	7.192e-05	{W}
UPI0002CC7639	SINGLE	6	4	421	59	2.860e-04	{L}
UPI0002CC7639	SINGLE	7	66	97	8	7.569e-04	{G}
UPI0002CC7639	MULTIPLE	1	1	424	265	3.043e-23	{IMVAWLG}
UPI0002CC7639	WHOLE	1	1	425	45	9.679e-07	{I}
UPI0002CC7639	WHOLE	2	1	425	24	1.931e-05	{M}
UPI0002CC7639	WHOLE	3	1	425	59	4.187e-04	{L}
UPI0002CC7901	SINGLE	1	100	264	33	1.044e-05	{L}
UPI0002CC7901	SINGLE	2	221	261	10	1.984e-05	{I}
UPI0002CC7901	SINGLE	3	227	241	4	5.704e-05	{W}
UPI0002CC7901	SINGLE	4	26	256	20	5.088e-04	{F}
UPI0002CC7901	MULTIPLE	1	38	261	88	4.624e-12	{LIWF}
UPI0002CC7901	WHOLE	1	1	271	44	8.214e-05	{L}
UPI0002CC857D	SINGLE	1	297	428	29	2.452e-07	{A}
UPI0002CC857D	SINGLE	2	8	36	8	2.444e-04	{T}
UPI0002CC857D	SINGLE	3	286	308	6	3.135e-04	{Q}
UPI0002CC857D	SINGLE	4	86	166	12	3.487e-04	{R}
UPI0002CC857D	SINGLE	5	273	355	14	3.961e-04	{T}
UPI0002CC857D	SINGLE	6	338	367	7	4.505e-04	{I}
UPI0002CC857D	SINGLE	7	153	199	12	6.556e-04	{L}
UPI0002CC857D	SINGLE	8	419	456	7	9.131e-04	{Q}
UPI0002CC857D	MULTIPLE	1	285	457	78	1.616e-10	{AQTI}
UPI0002CC857D	WHOLE	1	1	506	61	2.433e-04	{A}
UPI0002CC8872	SINGLE	1	204	234	7	5.531e-04	{I}
UPI0002CC8B34	SINGLE	1	188	362	27	6.608e-08	{R}
UPI0002CC8B34	SINGLE	2	600	786	39	6.665e-07	{L}
UPI0002CC8B34	SINGLE	3	18	545	71	3.329e-06	{A}
UPI0002CC8B34	SINGLE	4	397	504	21	4.088e-06	{V}
UPI0002CC8B34	SINGLE	5	168	186	7	4.166e-05	{D}
UPI0002CC8B34	SINGLE	6	138	180	11	5.779e-05	{V}
UPI0002CC8B34	SINGLE	7	794	872	14	4.571e-04	{G}
UPI0002CC8B34	MULTIPLE	1	18	549	175	1.878e-14	{RAV}
UPI0002CC8B34	MULTIPLE	2	137	186	20	4.170e-07	{DV}
UPI0002CC8B34	WHOLE	1	1	894	70	2.344e-05	{R}
UPI0002CC8B34	WHOLE	2	1	894	101	5.809e-05	{A}
UPI0002CC8B34	WHOLE	3	1	894	115	6.144e-05	{L}
UPI0002CC8B35	SINGLE	1	1	21	5	7.041e-05	{M}
UPI0002CC8B35	WHOLE	1	1	103	9	3.520e-04	{M}
UPI0002CC9B5B	SINGLE	1	7	205	21	2.787e-05	{F}
UPI0002CC9B5B	SINGLE	2	43	61	6	2.019e-04	{I}
UPI0002CC9B5B	SINGLE	3	286	337	11	7.689e-04	{S}
UPI0002CC9B5B	SINGLE	4	55	93	8	9.539e-04	{D}
UPI0002CC9B5B	MULTIPLE	1	7	209	54	2.285e-06	{FID}
UPI0002CC9B5B	WHOLE	1	1	449	33	2.502e-04	{F}
UPI0002CCA18D	SINGLE	1	1	67	7	5.422e-04	{M}
UPI0002CCA5D4	SINGLE	1	338	579	29	4.108e-06	{R}
UPI0002CCA5D4	SINGLE	2	66	80	7	1.843e-05	{E}
UPI0002CCA5D4	SINGLE	3	176	220	10	1.216e-04	{D}
UPI0002CCA5D4	SINGLE	4	109	596	60	1.690e-04	{A}
UPI0002CCA5D4	SINGLE	5	3	18	5	4.085e-04	{Q}
UPI0002CCA5D4	MULTIPLE	1	109	598	102	1.244e-07	{RA}
UPI0002CCA5D4	WHOLE	1	1	644	50	2.959e-04	{R}
UPI0002CCAD7C	SINGLE	1	1	374	26	2.350e-07	{M}
UPI0002CCAD7C	SINGLE	2	207	237	9	9.517e-05	{E}
UPI0002CCAD7C	SINGLE	3	34	265	38	1.858e-04	{L}
UPI0002CCAD7C	SINGLE	4	398	453	11	4.349e-04	{T}
UPI0002CCAD7C	SINGLE	5	28	141	19	8.500e-04	{A}
UPI0002CCAD7C	SINGLE	6	291	317	7	8.695e-04	{T}
UPI0002CCAD7C	SINGLE	7	203	257	9	8.826e-04	{R}
UPI0002CCAD7C	MULTIPLE	1	210	237	13	3.006e-06	{ER}
UPI0002CCAD7C	MULTIPLE	2	28	267	68	4.687e-06	{LA}
UPI0002CCAD7C	WHOLE	1	1	472	28	1.814e-06	{M}
UPI0002CCB83D	SINGLE	1	52	67	7	2.265e-05	{T}
UPI0002CCBBC5	SINGLE	1	76	1124	141	1.425e-15	{G}
UPI0002CCBBC5	SINGLE	2	920	952	17	1.297e-14	{P}
UPI0002CCBBC5	SINGLE	3	149	1202	110	1.797e-10	{D}
UPI0002CCBBC5	SINGLE	4	72	428	43	1.299e-09	{N}
UPI0002CCBBC5	SINGLE	5	662	867	34	1.285e-07	{T}
UPI0002CCBBC5	SINGLE	6	751	909	21	4.021e-06	{N}
UPI0002CCBBC5	SINGLE	7	1071	1160	14	2.549e-05	{Q}
UPI0002CCBBC5	SINGLE	8	373	456	12	2.025e-04	{Q}
UPI0002CCBBC5	SINGLE	9	1069	1089	4	2.285e-04	{W}
UPI0002CCBBC5	SINGLE	10	501	528	8	5.081e-04	{S}
UPI0002CCBBC5	SINGLE	11	719	733	5	5.275e-04	{I}
UPI0002CCBBC5	MULTIPLE	1	102	1102	412	5.437e-39	{GDNT}
UPI0002CCBBC5	MULTIPLE	2	1069	1160	19	9.827e-07	{QW}
UPI0002CCBBC5	WHOLE	1	1	1250	155	5.391e-14	{G}
UPI0002CCBBC5	WHOLE	2	1	1250	118	1.214e-08	{D}
UPI0002CCBBC5	WHOLE	3	1	1250	88	3.184e-06	{N}
UPI0002CCBBC5	WHOLE	4	1	1250	110	6.213e-05	{T}
UPI0002CCCF71	SINGLE	1	4	200	25	1.059e-05	{I}
UPI0002CCCF71	SINGLE	2	185	252	11	1.187e-04	{N}
UPI0002CCCF71	MULTIPLE	1	4	252	47	1.190e-06	{IN}
UPI0002CCCF71	WHOLE	1	1	276	28	1.586e-04	{I}
UPI0002DE94A1	SINGLE	1	12	36	9	6.191e-05	{A}
UPI0002DE94A1	SINGLE	2	41	137	13	2.040e-04	{N}
UPI0002DE94A1	SINGLE	3	16	68	12	2.449e-04	{S}
UPI0002DE94A1	MULTIPLE	1	12	69	24	9.135e-07	{AS}
UPI00030F7386	SINGLE	1	312	330	10	1.684e-06	{L}
UPI00030F7386	SINGLE	2	2	464	64	3.993e-06	{A}
UPI00030F7386	SINGLE	3	167	302	12	3.795e-05	{H}
UPI00030F7386	SINGLE	4	115	159	11	5.993e-05	{T}
UPI00030F7386	MULTIPLE	1	2	468	83	1.130e-07	{AH}
UPI00030F7386	WHOLE	1	1	495	66	8.926e-06	{A}
UPI0003174D5E	SINGLE	1	50	92	10	2.413e-05	{R}
UPI00037D23ED	SINGLE	1	31	99	12	6.211e-05	{P}
UPI00037D23ED	SINGLE	2	3	60	13	6.889e-05	{G}
UPI00037D23ED	MULTIPLE	1	3	99	30	1.261e-07	{PG}
UPI00037D23ED	WHOLE	1	1	144	22	1.370e-04	{G}
UPI00038F4AB8	SINGLE	1	3	17	6	1.570e-04	{K}
UPI00038F4AB8	SINGLE	2	18	166	18	2.765e-04	{I}
UPI00038F4E49	SINGLE	1	208	260	6	8.744e-04	{M}
UPI00038F4FBA	SINGLE	1	12	26	5	5.275e-04	{I}
UPI00038F6DB8	SINGLE	1	13	54	15	2.829e-07	{A}
UPI00038F6DB8	SINGLE	2	32	115	15	2.329e-06	{N}
UPI00038F6DB8	MULTIPLE	1	29	64	18	2.935e-08	{AN}
UPI00038F6DB8	WHOLE	1	1	126	15	2.546e-04	{N}
UPI00038F7717	SINGLE	1	5	178	22	3.503e-05	{I}
UPI00038F7717	SINGLE	2	51	134	16	8.379e-05	{G}
UPI00038F7717	SINGLE	3	131	147	6	4.421e-04	{V}
UPI00038F7717	SINGLE	4	10	61	8	5.661e-04	{Y}
UPI00038F7717	MULTIPLE	1	5	149	63	3.262e-09	{IGVY}
UPI00038F7717	WHOLE	1	1	183	22	7.242e-05	{I}
UPI00038F842C	SINGLE	1	108	174	10	2.132e-04	{F}
UPI00038FBDD7	SINGLE	1	216	240	8	2.999e-06	{F}
UPI00038FBDD7	SINGLE	2	105	235	20	5.196e-06	{I}
UPI00038FBDD7	SINGLE	3	68	213	18	8.234e-06	{Y}
UPI00038FBDD7	SINGLE	4	1	15	5	2.875e-04	{N}
UPI00038FBDD7	SINGLE	5	101	243	19	8.247e-04	{K}
UPI00038FBDD7	MULTIPLE	1	73	243	73	4.059e-13	{FIYK}
UPI00038FBDD7	WHOLE	1	1	245	27	5.551e-05	{I}
UPI00038FD887	SINGLE	1	151	177	7	4.457e-05	{Y}
UPI00038FD887	SINGLE	2	220	239	4	7.691e-04	{M}
UPI00038FE71F	SINGLE	1	168	275	23	1.251e-07	{K}
UPI00038FE71F	SINGLE	2	52	278	23	2.296e-05	{F}
UPI00038FE71F	SINGLE	3	17	243	20	2.704e-04	{Y}
UPI00038FE71F	SINGLE	4	5	293	28	3.184e-04	{I}
UPI00038FE71F	SINGLE	5	14	93	11	4.782e-04	{N}
UPI00038FE71F	SINGLE	6	201	217	5	5.425e-04	{N}
UPI00038FE71F	SINGLE	7	101	129	7	7.282e-04	{D}
UPI00038FE71F	MULTIPLE	1	3	286	131	9.526e-18	{KFYIN}
UPI00038FE71F	WHOLE	1	1	294	36	4.439e-05	{K}
UPI00038FE71F	WHOLE	2	1	294	25	1.612e-04	{F}
UPI00038FE71F	WHOLE	3	1	294	28	4.094e-04	{I}
UPI0003900FAF	SINGLE	1	25	42	6	1.244e-04	{R}
UPI0003902E3C	SINGLE	1	14	383	56	9.272e-14	{I}
UPI0003902E3C	SINGLE	2	8	375	45	1.660e-11	{F}
UPI0003902E3C	SINGLE	3	76	218	30	9.787e-06	{L}
UPI0003902E3C	SINGLE	4	94	109	5	4.001e-04	{N}
UPI0003902E3C	SINGLE	5	67	106	7	5.677e-04	{Y}
UPI0003902E3C	MULTIPLE	1	8	389	183	1.479e-29	{IFLY}
UPI0003902E3C	WHOLE	1	1	395	56	1.365e-12	{I}
UPI0003902E3C	WHOLE	2	1	395	45	1.669e-10	{F}
UPI0003902E3C	WHOLE	3	1	395	58	1.240e-04	{L}
UPI00039039E5	SINGLE	1	22	373	38	3.840e-06	{I}
UPI00039039E5	SINGLE	2	26	376	31	8.752e-05	{N}
UPI00039039E5	SINGLE	3	50	113	10	1.468e-04	{F}
UPI00039039E5	SINGLE	4	308	335	8	2.582e-04	{E}
UPI00039039E5	MULTIPLE	1	18	376	90	5.157e-10	{INF}
UPI00039039E5	WHOLE	1	1	378	38	1.793e-05	{I}
UPI00039039E5	WHOLE	2	1	378	31	2.934e-04	{N}
UPI0003916565	SINGLE	1	44	67	12	3.123e-07	{L}
UPI0003916565	SINGLE	2	386	414	6	3.071e-05	{H}
UPI0003916565	SINGLE	3	7	22	5	2.574e-04	{F}
UPI0003916565	SINGLE	4	28	245	26	6.103e-04	{T}
UPI0003916565	SINGLE	5	233	441	28	6.263e-04	{S}
UPI0003916565	MULTIPLE	1	233	444	40	9.448e-06	{HS}
UPI00039E2824	SINGLE	1	9	42	10	3.306e-06	{I}
UPI00039E2824	SINGLE	2	151	179	8	4.243e-05	{R}
UPI00039E2824	SINGLE	3	4	158	28	2.398e-04	{L}
UPI00039E2824	SINGLE	4	53	142	7	3.505e-04	{W}
UPI00039E2824	MULTIPLE	1	4	158	35	9.184e-06	{LW}
UPI00039E2824	WHOLE	1	1	310	45	6.893e-04	{L}
UPI0003A18A4D	SINGLE	1	56	175	22	7.869e-04	{L}
UPI0003A66781	SINGLE	1	4	284	38	3.642e-04	{A}
UPI0003A66781	SINGLE	2	226	272	9	7.871e-04	{D}
UPI0003A66781	MULTIPLE	1	2	284	61	5.045e-05	{AD}
UPI0003A697C9	SINGLE	1	2	192	30	1.636e-08	{I}
UPI0003A697C9	SINGLE	2	35	266	24	1.131e-05	{F}
UPI0003A697C9	SINGLE	3	117	175	17	1.167e-05	{L}
UPI0003A697C9	SINGLE	4	104	230	18	9.050e-04	{V}
UPI0003A697C9	MULTIPLE	1	46	223	92	4.537e-15	{IFLV}
UPI0003A697C9	WHOLE	1	1	270	36	5.049e-08	{I}
UPI0003A697C9	WHOLE	2	1	270	24	1.133e-04	{F}
UPI0003A88118	SINGLE	1	153	196	12	8.499e-06	{K}
UPI0003A88118	SINGLE	2	265	283	6	1.731e-04	{R}
UPI0003A88118	SINGLE	3	15	313	26	3.543e-04	{N}
UPI0003A88118	SINGLE	4	229	333	7	8.530e-04	{W}
UPI0003A88118	MULTIPLE	1	153	194	16	2.007e-06	{KN}
UPI0003A88118	MULTIPLE	2	253	312	13	5.792e-05	{RW}
UPI0003A88118	WHOLE	1	1	339	27	9.490e-04	{N}
UPI0003A9C0F4	SINGLE	1	175	197	9	6.525e-06	{V}
UPI0003A9C0F4	SINGLE	2	69	300	28	8.560e-06	{I}
UPI0003A9C0F4	SINGLE	3	2	242	43	1.140e-05	{L}
UPI0003A9C0F4	SINGLE	4	247	261	4	2.419e-04	{H}
UPI0003A9C0F4	SINGLE	5	180	302	18	7.993e-04	{G}
UPI0003A9C0F4	MULTIPLE	1	2	302	142	8.270e-14	{VILG}
UPI0003A9C0F4	WHOLE	1	1	305	49	4.693e-05	{L}
UPI0003A9C0F4	WHOLE	2	1	305	30	1.632e-04	{I}
UPI0003B5C1CA	SINGLE	1	212	270	12	2.144e-05	{I}
UPI0003B5C1CA	SINGLE	2	51	108	7	2.287e-04	{M}
UPI0003B5C1CA	WHOLE	1	1	280	28	1.980e-04	{I}
UPI0003B95A92	SINGLE	1	223	303	22	1.423e-07	{A}
UPI0003B95A92	SINGLE	2	124	145	9	1.926e-05	{A}
UPI0003B95A92	SINGLE	3	161	231	14	2.494e-05	{D}
UPI0003B95A92	SINGLE	4	29	214	27	4.743e-05	{V}
UPI0003B95A92	SINGLE	5	150	182	8	1.128e-04	{R}
UPI0003B95A92	SINGLE	6	37	56	6	2.355e-04	{R}
UPI0003B95A92	MULTIPLE	1	37	182	58	4.437e-09	{AVR}
UPI0003B95A92	WHOLE	1	1	304	47	3.746e-06	{A}
UPI0003BACBDF	SINGLE	1	88	111	6	9.716e-06	{H}
UPI0003BACBDF	SINGLE	2	50	120	7	8.303e-05	{W}
UPI0003BACBDF	SINGLE	3	66	164	18	4.230e-04	{A}
UPI0003BACBDF	MULTIPLE	1	88	115	15	6.296e-08	{HWA}
UPI0003BAD16D	SINGLE	1	10	25	6	6.935e-05	{I}
UPI0003BAE185	SINGLE	1	348	574	27	1.554e-05	{I}
UPI0003BAE185	SINGLE	2	9	379	21	5.688e-05	{H}
UPI0003BAE185	SINGLE	3	139	169	9	3.743e-04	{A}
UPI0003BAE185	SINGLE	4	303	317	5	4.635e-04	{R}
UPI0003BAE185	SINGLE	5	569	586	6	6.250e-04	{E}
UPI0003BAE185	SINGLE	6	553	570	5	7.186e-04	{N}
UPI0003BAE185	SINGLE	7	280	307	6	9.375e-04	{Q}
UPI0003BAE185	MULTIPLE	1	26	565	105	1.445e-07	{IHR}
UPI0003BAE185	MULTIPLE	2	552	586	13	3.280e-05	{EN}
UPI0003BAE185	WHOLE	1	1	660	51	5.048e-04	{I}
UPI0003BAE5CB	SINGLE	1	6	64	10	4.474e-04	{I}
UPI0003BAECC2	SINGLE	1	66	245	37	1.757e-06	{L}
UPI0003BAECC2	SINGLE	2	6	446	17	2.810e-04	{W}
UPI0003BAECC2	SINGLE	3	367	411	10	4.039e-04	{V}
UPI0003BAECC2	SINGLE	4	81	96	5	5.733e-04	{P}
UPI0003BAECC2	MULTIPLE	1	63	245	51	3.386e-07	{LP}
UPI0003BAECC2	MULTIPLE	2	6	424	54	1.625e-04	{WV}
UPI0003BAECC2	WHOLE	1	1	451	17	3.536e-04	{W}
UPI0003BAECC2	WHOLE	2	1	451	60	9.586e-04	{L}
UPI0003BB0BC6	SINGLE	1	181	532	46	6.866e-10	{R}
UPI0003BB0BC6	SINGLE	2	8	666	76	1.177e-06	{G}
UPI0003BB0BC6	SINGLE	3	58	740	48	1.962e-05	{Y}
UPI0003BB0BC6	MULTIPLE	1	24	723	195	4.421e-18	{RGY}
UPI0003BB0BC6	WHOLE	1	1	788	76	5.922e-09	{R}
UPI0003BB0BC6	WHOLE	2	1	788	82	1.877e-05	{G}
UPI0003BB0BC6	WHOLE	3	1	788	50	1.436e-04	{Y}
UPI0003BB0DDF	SINGLE	1	11	28	6	1.453e-04	{I}
UPI0003BB0FD1	SINGLE	1	50	106	15	6.517e-08	{I}
UPI0003BB0FD1	SINGLE	2	13	30	8	8.554e-05	{L}
UPI0003BB0FD1	WHOLE	1	1	108	20	2.470e-07	{I}
UPI0003BB1B6C	SINGLE	1	103	368	42	2.007e-04	{L}
UPI0003BB1B6C	SINGLE	2	33	94	13	6.430e-04	{A}
UPI0003BB1E00	SINGLE	1	94	744	90	6.995e-08	{A}
UPI0003BB1E00	SINGLE	2	451	487	8	1.039e-06	{H}
UPI0003BB1E00	SINGLE	3	54	393	36	3.234e-06	{P}
UPI0003BB1E00	SINGLE	4	109	184	8	2.702e-05	{C}
UPI0003BB1E00	SINGLE	5	493	539	12	3.416e-05	{G}
UPI0003BB1E00	SINGLE	6	651	666	4	7.491e-05	{W}
UPI0003BB1E00	SINGLE	7	250	732	67	2.045e-04	{L}
UPI0003BB1E00	SINGLE	8	353	375	6	5.293e-04	{R}
UPI0003BB1E00	SINGLE	9	122	173	9	5.917e-04	{R}
UPI0003BB1E00	MULTIPLE	1	61	744	323	1.411e-17	{AHPCWLR}
UPI0003BB1E00	WHOLE	1	1	750	93	4.007e-06	{A}
UPI0003BB1E00	WHOLE	2	1	750	24	7.255e-04	{C}
UPI0003BB2250	SINGLE	1	48	461	62	2.298e-17	{Q}
UPI0003BB2250	SINGLE	2	25	941	144	1.153e-10	{L}
UPI0003BB2250	SINGLE	3	464	914	23	3.761e-07	{W}
UPI0003BB2250	SINGLE	4	438	1005	55	1.146e-06	{I}
UPI0003BB2250	SINGLE	5	744	762	7	1.618e-05	{R}
UPI0003BB2250	SINGLE	6	4	23	6	7.924e-05	{F}
UPI0003BB2250	SINGLE	7	284	468	20	1.065e-04	{N}
UPI0003BB2250	SINGLE	8	951	1001	11	1.915e-04	{T}
UPI0003BB2250	SINGLE	9	944	1080	17	2.145e-04	{R}
UPI0003BB2250	SINGLE	10	40	82	9	4.094e-04	{D}
UPI0003BB2250	SINGLE	11	768	784	6	4.457e-04	{E}
UPI0003BB2250	MULTIPLE	1	47	928	242	1.153e-21	{QLW}
UPI0003BB2250	MULTIPLE	2	944	1080	33	6.964e-06	{TR}
UPI0003BB2250	WHOLE	1	1	1120	160	9.671e-09	{L}
UPI0003BB2250	WHOLE	2	1	1120	83	1.064e-06	{Q}
UPI0003BB30FF	SINGLE	1	271	285	5	1.842e-04	{F}
UPI0003BB30FF	SINGLE	2	4	298	29	2.054e-04	{I}
UPI0003BB30FF	SINGLE	3	128	216	13	2.360e-04	{R}
UPI0003BB30FF	SINGLE	4	217	259	12	2.831e-04	{L}
UPI0003BB30FF	SINGLE	5	169	202	5	7.231e-04	{H}
UPI0003BB30FF	MULTIPLE	1	128	205	25	1.603e-06	{IRH}
UPI0003BB30FF	WHOLE	1	1	322	30	3.805e-04	{I}
UPI0003BB31CE	SINGLE	1	95	180	16	3.420e-06	{I}
UPI0003BB31CE	SINGLE	2	57	188	17	4.146e-05	{N}
UPI0003BB31CE	MULTIPLE	1	53	188	36	3.768e-09	{IN}
UPI0003BB31CE	WHOLE	1	1	271	28	1.192e-04	{I}
UPI0003BB347F	SINGLE	1	225	241	6	7.586e-05	{P}
UPI0003BB347F	SINGLE	2	4	27	7	8.692e-05	{R}
UPI0003BB347F	SINGLE	3	380	394	6	8.836e-05	{D}
UPI0003BB347F	SINGLE	4	547	568	7	5.623e-04	{S}
UPI0003BB347F	SINGLE	5	435	575	25	6.153e-04	{L}
UPI0003BB347F	MULTIPLE	1	435	575	39	2.719e-04	{SL}
UPI0003BB513C	SINGLE	1	57	206	22	2.147e-05	{D}
UPI0003BB513C	SINGLE	2	138	267	8	6.318e-04	{W}
UPI0003BB513C	MULTIPLE	1	57	248	31	8.650e-06	{DW}
UPI0003BB513C	WHOLE	1	1	495	44	7.312e-04	{D}
UPI0003C0BDF6	SINGLE	1	5	97	15	2.721e-05	{R}
UPI0003C0BDF6	SINGLE	2	75	221	18	2.358e-04	{I}
UPI0003C0BDF6	SINGLE	3	11	187	29	8.631e-04	{L}
UPI0003C0BDF6	MULTIPLE	1	5	221	74	4.987e-08	{RIL}
UPI0003C0BDF6	WHOLE	1	1	226	22	7.922e-04	{R}
UPI0003C0C157	SINGLE	1	13	243	24	2.049e-04	{R}
UPI0003C0C157	WHOLE	1	1	243	24	4.091e-04	{R}
UPI0003C0C3BF	SINGLE	1	96	117	6	4.110e-04	{R}
UPI0003D36203	SINGLE	1	58	454	32	6.456e-05	{F}
UPI0003D36203	SINGLE	2	99	291	22	1.511e-04	{I}
UPI0003D36203	SINGLE	3	335	353	6	3.810e-04	{D}
UPI0003D36203	SINGLE	4	270	758	40	3.929e-04	{R}
UPI0003D36203	SINGLE	5	457	579	8	4.448e-04	{W}
UPI0003D36203	SINGLE	6	14	37	6	6.720e-04	{R}
UPI0003D36203	MULTIPLE	1	67	454	60	8.351e-06	{FI}
UPI0003D36203	MULTIPLE	2	270	758	51	1.422e-04	{RW}
UPI0003D36203	WHOLE	1	1	1039	73	3.250e-04	{R}
UPI0003D36203	WHOLE	2	1	1039	123	7.056e-04	{L}
UPI0003EB4B0E	SINGLE	1	4	48	14	2.607e-05	{L}
UPI0003EB4B0E	SINGLE	2	46	79	7	8.271e-04	{R}
UPI0003EB4B0E	MULTIPLE	1	4	79	26	5.070e-06	{LR}
UPI0003EDD114	SINGLE	1	135	161	7	1.046e-04	{Q}
UPI0003EDD114	SINGLE	2	49	186	23	2.839e-04	{A}
UPI0003EDD114	MULTIPLE	1	43	186	35	2.583e-05	{QA}
UPI0003EDE060	SINGLE	1	114	192	14	2.333e-05	{I}
UPI0003EDE060	SINGLE	2	113	289	30	3.166e-05	{A}
UPI0003EDE060	SINGLE	3	263	277	5	2.936e-04	{Q}
UPI0003EDE060	MULTIPLE	1	113	273	45	1.469e-07	{IA}
UPI0003EDE060	WHOLE	1	1	379	49	1.907e-04	{A}
UPI0003EDF011	SINGLE	1	72	102	6	4.555e-05	{M}
UPI0003EDF011	SINGLE	2	16	56	10	7.827e-04	{A}
UPI0003EDF011	SINGLE	3	5	103	12	8.531e-04	{Q}
UPI0003EDF011	MULTIPLE	1	1	103	20	7.228e-06	{MQ}
UPI0003EE751C	SINGLE	1	18	36	6	3.810e-04	{D}
UPI0003EE907B	SINGLE	1	14	161	24	2.203e-07	{I}
UPI0003EE907B	WHOLE	1	1	193	26	2.516e-06	{I}
UPI0003EFA8A9	SINGLE	1	36	59	7	4.028e-04	{K}
UPI0003EFA8A9	SINGLE	2	28	43	5	7.294e-04	{I}
UPI0003EFA8A9	MULTIPLE	1	28	53	11	4.203e-05	{KI}
UPI000402EF86	SINGLE	1	177	798	53	9.514e-08	{F}
UPI000402EF86	SINGLE	2	730	1001	38	4.766e-06	{E}
UPI000402EF86	SINGLE	3	540	615	17	4.935e-05	{A}
UPI000402EF86	SINGLE	4	12	676	49	1.120e-04	{N}
UPI000402EF86	SINGLE	5	96	137	9	1.446e-04	{I}
UPI000402EF86	SINGLE	6	596	951	36	2.281e-04	{D}
UPI000402EF86	SINGLE	7	90	115	7	3.644e-04	{D}
UPI000402EF86	SINGLE	8	1014	1037	7	4.028e-04	{K}
UPI000402EF86	SINGLE	9	836	859	6	6.720e-04	{R}
UPI000402EF86	SINGLE	10	207	325	17	7.035e-04	{T}
UPI000402EF86	SINGLE	11	328	375	9	9.147e-04	{D}
UPI000402EF86	MULTIPLE	1	70	956	247	9.015e-12	{FNID}
UPI000402EF86	WHOLE	1	1	1038	70	5.092e-06	{F}
UPI000402EF86	WHOLE	2	1	1038	66	4.919e-04	{N}
UPI000402EF86	WHOLE	3	1	1038	87	8.809e-04	{K}
UPI0004613800	SINGLE	1	6	166	18	1.487e-04	{N}
UPI0004613800	SINGLE	2	24	164	17	4.024e-04	{I}
UPI0004613800	SINGLE	3	4	81	13	6.691e-04	{K}
UPI0004613800	SINGLE	4	71	85	5	9.005e-04	{D}
UPI0004613800	MULTIPLE	1	3	168	71	1.391e-10	{NIKD}
UPI0004613800	WHOLE	1	1	168	18	2.451e-04	{N}
UPI00046170CC	SINGLE	1	119	139	7	3.384e-05	{R}
UPI00046170CC	SINGLE	2	56	78	8	4.099e-05	{T}
UPI000461A04C	SINGLE	1	640	807	32	1.639e-06	{A}
UPI000461A04C	SINGLE	2	646	671	9	2.064e-05	{E}
UPI000461A04C	SINGLE	3	304	402	16	2.073e-05	{I}
UPI000461A04C	SINGLE	4	217	274	10	1.393e-04	{N}
UPI000461A04C	SINGLE	5	39	117	14	2.335e-04	{K}
UPI000461A04C	SINGLE	6	17	140	17	3.514e-04	{D}
UPI000461A04C	SINGLE	7	673	722	10	6.508e-04	{K}
UPI000461A04C	SINGLE	8	393	417	6	8.417e-04	{R}
UPI000461A04C	MULTIPLE	1	644	802	68	1.245e-10	{AEK}
UPI000461A04C	MULTIPLE	2	325	402	21	8.866e-06	{IR}
UPI000461A04C	MULTIPLE	3	29	117	27	1.590e-06	{KD}
UPI000461B9D9	SINGLE	1	172	198	8	2.965e-05	{I}
UPI000461B9D9	SINGLE	2	78	93	4	3.155e-04	{M}
UPI000461B9D9	SINGLE	3	128	162	5	8.250e-04	{H}
UPI000461D197	SINGLE	1	60	844	132	9.687e-23	{G}
UPI000461D197	SINGLE	2	7	579	74	1.608e-09	{T}
UPI000461D197	SINGLE	3	64	667	49	1.220e-05	{N}
UPI000461D197	SINGLE	4	383	940	64	7.944e-05	{S}
UPI000461D197	SINGLE	5	715	730	6	1.335e-04	{D}
UPI000461D197	SINGLE	6	37	53	7	1.565e-04	{A}
UPI000461D197	SINGLE	7	12	571	57	2.465e-04	{V}
UPI000461D197	MULTIPLE	1	55	756	310	4.004e-33	{GTNV}
UPI000461D197	WHOLE	1	1	948	144	1.953e-20	{G}
UPI000461D197	WHOLE	2	1	948	96	1.001e-06	{T}
UPI000461D197	WHOLE	3	1	948	63	2.300e-04	{N}
UPI000461E19D	SINGLE	1	2	79	11	1.755e-04	{F}
UPI000461FD1D	SINGLE	1	1	78	9	4.432e-05	{M}
UPI000461FD1D	SINGLE	2	171	185	5	4.635e-04	{R}
UPI000461FD1D	SINGLE	3	50	186	10	6.763e-04	{H}
UPI000461FD1D	SINGLE	4	61	157	11	7.985e-04	{Y}
UPI000461FD1D	MULTIPLE	1	1	157	23	3.995e-05	{MY}
UPI000461FD1D	MULTIPLE	2	21	186	26	5.632e-05	{RH}
UPI00049EB194	SINGLE	1	30	136	11	1.161e-06	{C}
UPI00049EB194	WHOLE	1	1	141	11	1.587e-05	{C}
UPI00049ED6D8	SINGLE	1	23	299	31	1.016e-06	{N}
UPI00049ED6D8	SINGLE	2	256	270	6	1.249e-05	{F}
UPI00049ED6D8	SINGLE	3	2	262	29	2.711e-05	{I}
UPI00049ED6D8	SINGLE	4	11	244	31	3.339e-05	{K}
UPI00049ED6D8	MULTIPLE	1	9	289	113	3.925e-16	{NFIK}
UPI00049ED6D8	WHOLE	1	1	301	31	5.343e-06	{N}
UPI00049ED6D8	WHOLE	2	1	301	30	1.314e-04	{I}
UPI00049ED6D8	WHOLE	3	1	301	25	2.249e-04	{F}
UPI00049EE6CD	SINGLE	1	36	280	28	1.379e-05	{R}
UPI00049EE6CD	SINGLE	2	106	385	17	1.181e-04	{H}
UPI00049EE6CD	SINGLE	3	279	393	10	1.785e-04	{M}
UPI00049EE6CD	SINGLE	4	251	308	10	3.909e-04	{I}
UPI00049EE6CD	MULTIPLE	1	36	393	90	1.165e-08	{RHMI}
UPI00049EE6CD	WHOLE	1	1	420	36	3.182e-04	{R}
UPI00049EF5B9	SINGLE	1	88	232	18	4.086e-05	{N}
UPI00049EF5B9	SINGLE	2	49	64	5	2.574e-04	{F}
UPI00049EF5B9	SINGLE	3	124	141	4	5.076e-04	{H}
UPI00049EF5B9	MULTIPLE	1	88	239	25	1.131e-05	{NH}
UPI00049EF5B9	WHOLE	1	1	245	23	2.635e-04	{N}
UPI00049F0035	SINGLE	1	58	87	9	4.929e-05	{K}
UPI00049F0035	SINGLE	2	34	53	4	7.691e-04	{M}
UPI00049F529C	SINGLE	1	6	44	10	8.124e-05	{K}
UPI00049F529C	WHOLE	1	1	101	16	3.194e-04	{K}
UPI00049F6116	SINGLE	1	3	62	6	2.436e-04	{W}
UPI00049F6116	SINGLE	2	32	104	12	4.893e-04	{D}
UPI00049F6116	SINGLE	3	100	136	9	8.059e-04	{S}
UPI00049F6116	MULTIPLE	1	13	136	36	1.018e-05	{WDS}
UPI00049F6116	WHOLE	1	1	138	8	9.150e-04	{W}
UPI00049F6A9D	SINGLE	1	18	47	10	7.012e-06	{T}
UPI00049F9E1E	SINGLE	1	27	175	35	2.635e-09	{A}
UPI00049F9E1E	SINGLE	2	15	29	7	1.659e-04	{L}
UPI00049F9E1E	SINGLE	3	55	183	19	2.562e-04	{T}
UPI00049F9E1E	MULTIPLE	1	27	183	54	7.944e-11	{AT}
UPI00049F9E1E	WHOLE	1	1	185	35	6.702e-07	{A}
UPI00049FA069	SINGLE	1	4	515	68	7.618e-06	{A}
UPI00049FA069	SINGLE	2	260	274	5	1.186e-05	{M}
UPI00049FA069	SINGLE	3	534	553	7	1.244e-05	{Q}
UPI00049FA069	SINGLE	4	281	341	11	4.586e-05	{Q}
UPI00049FA069	SINGLE	5	3	153	29	6.774e-05	{L}
UPI00049FA069	MULTIPLE	1	1	515	180	1.563e-09	{AMQL}
UPI00049FA069	WHOLE	1	1	570	70	6.100e-05	{A}
UPI00049FA069	WHOLE	2	1	570	74	6.178e-04	{L}
UPI00049FA1B3	SINGLE	1	82	557	42	6.601e-05	{R}
UPI00049FA1B3	SINGLE	2	13	163	27	3.515e-04	{L}
UPI00049FA1B3	SINGLE	3	514	528	6	3.585e-04	{S}
UPI00049FA1B3	SINGLE	4	25	47	7	4.064e-04	{V}
UPI00049FA1B3	SINGLE	5	426	458	5	6.305e-04	{H}
UPI00049FA1B3	MULTIPLE	1	13	558	175	1.173e-07	{RLVH}
UPI00049FA1B3	WHOLE	1	1	564	46	1.788e-04	{R}
UPI00049FB892	SINGLE	1	58	89	6	5.484e-05	{H}
UPI00049FB892	SINGLE	2	249	268	6	1.341e-04	{N}
UPI00049FB892	SINGLE	3	161	286	18	4.925e-04	{K}
UPI00049FB892	MULTIPLE	1	169	286	26	1.210e-04	{NK}
UPI00049FECF6	SINGLE	1	1050	1800	124	9.152e-11	{L}
UPI00049FECF6	SINGLE	2	1045	1939	79	1.966e-09	{Q}
UPI00049FECF6	SINGLE	3	298	1472	141	1.688e-07	{A}
UPI00049FECF6	SINGLE	4	1643	1699	13	1.500e-06	{P}
UPI00049FECF6	SINGLE	5	2020	2034	7	2.514e-06	{R}
UPI00049FECF6	SINGLE	6	11	443	69	2.763e-06	{L}
UPI00049FECF6	SINGLE	7	196	469	29	3.877e-05	{R}
UPI00049FECF6	SINGLE	8	787	948	10	1.423e-04	{W}
UPI00049FECF6	SINGLE	9	100	119	6	2.058e-04	{P}
UPI00049FECF6	SINGLE	10	122	242	10	2.656e-04	{H}
UPI00049FECF6	SINGLE	11	631	646	6	3.059e-04	{V}
UPI00049FECF6	SINGLE	12	1540	1909	15	3.671e-04	{W}
UPI00049FECF6	SINGLE	13	307	321	5	4.135e-04	{P}
UPI00049FECF6	SINGLE	14	479	504	4	5.295e-04	{W}
UPI00049FECF6	SINGLE	15	22	38	5	5.538e-04	{Q}
UPI00049FECF6	SINGLE	16	1174	1190	5	8.659e-04	{R}
UPI00049FECF6	MULTIPLE	1	5	1919	978	2.214e-50	{LQAPRWH}
UPI00049FECF6	WHOLE	1	1	2035	273	1.160e-10	{L}
UPI00049FECF6	WHOLE	2	1	2035	143	9.110e-09	{Q}
UPI00049FECF6	WHOLE	3	1	2035	147	3.428e-07	{R}
UPI00049FECF6	WHOLE	4	1	2035	141	1.278e-06	{P}
UPI00049FECF6	WHOLE	5	1	2035	209	1.395e-05	{A}
UPI00049FECF6	WHOLE	6	1	2035	53	4.742e-05	{W}
UPI00049FECF6	WHOLE	7	1	2035	67	2.926e-04	{H}
UPI00049FF6F8	SINGLE	1	196	214	8	2.423e-05	{S}
UPI00049FF6F8	SINGLE	2	165	208	9	3.749e-05	{F}
UPI00049FF6F8	SINGLE	3	6	273	28	9.978e-05	{I}
UPI00049FF6F8	SINGLE	4	5	76	10	3.777e-04	{F}
UPI00049FF6F8	SINGLE	5	177	194	4	5.076e-04	{M}
UPI00049FF6F8	SINGLE	6	213	264	8	5.661e-04	{Y}
UPI00049FF6F8	MULTIPLE	1	3	280	102	2.973e-11	{SFIY}
UPI00049FF6F8	WHOLE	1	1	284	24	2.301e-04	{F}
UPI00049FF6F8	WHOLE	2	1	284	28	2.459e-04	{I}
UPI0004A01F55	SINGLE	1	51	67	6	3.418e-04	{K}
UPI0004A02CC3	SINGLE	1	49	184	24	9.282e-05	{A}
UPI0004A02CC3	SINGLE	2	181	232	9	5.917e-04	{R}
UPI0004A02CC3	SINGLE	3	266	297	8	6.680e-04	{E}
UPI0004A02CC3	MULTIPLE	1	49	234	46	2.956e-06	{AR}
UPI0004A0456F	SINGLE	1	267	1142	130	2.309e-08	{L}
UPI0004A0456F	SINGLE	2	293	951	91	6.193e-08	{A}
UPI0004A0456F	SINGLE	3	238	262	8	1.598e-05	{I}
UPI0004A0456F	SINGLE	4	1155	1234	8	2.391e-05	{W}
UPI0004A0456F	SINGLE	5	43	57	7	6.097e-05	{A}
UPI0004A0456F	SINGLE	6	301	824	43	1.476e-04	{P}
UPI0004A0456F	SINGLE	7	984	1062	12	2.789e-04	{R}
UPI0004A0456F	SINGLE	8	7	332	28	2.889e-04	{Q}
UPI0004A0456F	SINGLE	9	1157	1207	11	3.333e-04	{G}
UPI0004A0456F	SINGLE	10	948	1008	11	3.757e-04	{D}
UPI0004A0456F	SINGLE	11	404	437	5	7.231e-04	{H}
UPI0004A0456F	SINGLE	12	428	462	5	8.250e-04	{M}
UPI0004A0456F	MULTIPLE	1	275	1145	319	1.402e-17	{LAPH}
UPI0004A0456F	MULTIPLE	2	5	332	54	1.320e-05	{IQ}
UPI0004A0456F	MULTIPLE	3	1155	1235	22	2.573e-07	{WG}
UPI0004A0456F	MULTIPLE	4	948	1062	26	6.424e-05	{RD}
UPI0004A0456F	WHOLE	1	1	1264	145	1.297e-06	{A}
UPI0004A0456F	WHOLE	2	1	1264	162	4.511e-06	{L}
UPI0004A07794	SINGLE	1	98	457	57	7.335e-10	{G}
UPI0004A07794	SINGLE	2	229	247	9	6.594e-07	{T}
UPI0004A07794	SINGLE	3	265	388	17	1.891e-05	{N}
UPI0004A07794	SINGLE	4	58	75	7	1.415e-04	{S}
UPI0004A07794	SINGLE	5	385	486	8	2.070e-04	{C}
UPI0004A07794	MULTIPLE	1	78	458	135	5.039e-18	{GTN}
UPI0004A07794	WHOLE	1	1	487	65	4.556e-08	{G}
UPI0004A07794	WHOLE	2	1	487	52	5.408e-05	{T}
UPI0004A07794	WHOLE	3	1	487	36	6.630e-04	{N}
UPI0004A0850C	SINGLE	1	4	125	15	6.805e-04	{I}
UPI0004A0947E	SINGLE	1	30	181	36	7.093e-08	{L}
UPI0004A0947E	SINGLE	2	261	278	8	7.040e-06	{V}
UPI0004A0947E	SINGLE	3	27	593	71	3.087e-05	{A}
UPI0004A0947E	SINGLE	4	174	338	12	2.231e-04	{M}
UPI0004A0947E	SINGLE	5	104	123	6	2.355e-04	{R}
UPI0004A0947E	SINGLE	6	470	485	6	3.425e-04	{G}
UPI0004A0947E	SINGLE	7	556	580	6	5.033e-04	{Q}
UPI0004A0947E	SINGLE	8	490	549	10	5.105e-04	{I}
UPI0004A0947E	MULTIPLE	1	26	584	285	2.577e-18	{LAMRQI}
UPI0004A0947E	WHOLE	1	1	600	73	5.874e-05	{A}
UPI0004A0947E	WHOLE	2	1	600	81	1.319e-04	{L}
UPI0004A0947E	WHOLE	3	1	600	45	9.685e-04	{R}
UPI0004A0B675	SINGLE	1	208	238	10	2.539e-04	{L}
UPI0004A0B675	SINGLE	2	65	302	24	3.093e-04	{R}
UPI0004A0B675	SINGLE	3	201	218	6	6.250e-04	{E}
UPI0004A0B675	SINGLE	4	7	115	16	7.173e-04	{K}
UPI0004A0B675	MULTIPLE	1	201	238	16	7.075e-05	{LE}
UPI0004A0B675	MULTIPLE	2	7	302	57	9.556e-06	{RK}
UPI0004A0BC1E	SINGLE	1	24	471	75	1.766e-07	{L}
UPI0004A0BC1E	SINGLE	2	233	475	36	2.162e-06	{V}
UPI0004A0BC1E	SINGLE	3	8	415	42	4.119e-06	{I}
UPI0004A0BC1E	SINGLE	4	353	367	5	1.842e-04	{F}
UPI0004A0BC1E	MULTIPLE	1	16	475	202	5.555e-20	{LVIF}
UPI0004A0BC1E	WHOLE	1	1	492	78	8.730e-07	{L}
UPI0004A0BC1E	WHOLE	2	1	492	45	3.340e-05	{I}
UPI0004A0BC1E	WHOLE	3	1	492	55	3.402e-05	{V}
UPI0004A0BCE1	SINGLE	1	76	90	6	3.585e-04	{S}
UPI0004A0BCE1	SINGLE	2	13	148	19	8.114e-04	{E}
UPI0004A0BCE1	MULTIPLE	1	13	150	36	4.873e-05	{SE}
UPI0004A11C6C	SINGLE	1	146	174	10	7.520e-06	{E}
UPI0004A11C6C	SINGLE	2	125	142	7	1.292e-05	{I}
UPI0004A11C6C	SINGLE	3	159	263	17	1.674e-04	{K}
UPI0004A11C6C	MULTIPLE	1	146	263	36	2.028e-07	{EK}
UPI0004A11C6C	WHOLE	1	1	263	27	1.687e-04	{I}
UPI0004A11C6C	WHOLE	2	1	263	31	2.496e-04	{K}
UPI0004A11C6C	WHOLE	3	1	263	32	2.726e-04	{E}
UPI0004A12488	SINGLE	1	78	350	50	1.226e-06	{L}
UPI0004A12488	SINGLE	2	12	249	24	4.507e-04	{I}
UPI0004A12488	MULTIPLE	1	28	346	80	8.620e-08	{LI}
UPI0004A12488	WHOLE	1	1	352	57	1.078e-05	{L}
UPI0004A12DC5	SINGLE	1	193	359	41	3.249e-09	{L}
UPI0004A12DC5	SINGLE	2	21	424	60	8.325e-07	{A}
UPI0004A12DC5	SINGLE	3	172	200	7	2.248e-06	{M}
UPI0004A12DC5	SINGLE	4	156	177	9	5.048e-06	{G}
UPI0004A12DC5	SINGLE	5	63	77	4	5.704e-05	{W}
UPI0004A12DC5	SINGLE	6	76	94	6	1.731e-04	{R}
UPI0004A12DC5	MULTIPLE	1	34	410	191	5.205e-22	{LAMGW}
UPI0004A12DC5	WHOLE	1	1	426	71	4.182e-07	{L}
UPI0004A12DC5	WHOLE	2	1	426	60	4.279e-06	{A}
UPI0004A12DC5	WHOLE	3	1	426	21	3.330e-04	{M}
UPI0004D560FD	SINGLE	1	6	29	5	1.377e-04	{H}
UPI0004D560FD	SINGLE	2	73	160	15	2.207e-04	{K}
UPI0004D560FD	SINGLE	3	96	202	12	5.312e-04	{Y}
UPI0004D560FD	MULTIPLE	1	86	161	21	8.201e-06	{KY}
UPI0004D76427	SINGLE	1	5	35	7	2.594e-04	{Q}
UPI00050A9FB1	SINGLE	1	26	447	44	1.841e-06	{I}
UPI00050A9FB1	SINGLE	2	364	437	12	6.134e-05	{Q}
UPI00050A9FB1	SINGLE	3	346	365	6	7.924e-05	{F}
UPI00050A9FB1	SINGLE	4	207	246	9	4.976e-04	{K}
UPI00050A9FB1	SINGLE	5	140	214	14	5.995e-04	{S}
UPI00050A9FB1	MULTIPLE	1	99	423	59	2.670e-07	{IQ}
UPI00050A9FB1	MULTIPLE	2	140	247	29	9.290e-05	{KS}
UPI00050A9FB1	WHOLE	1	1	447	44	7.502e-06	{I}
UPI00050B51B7	SINGLE	1	233	258	7	8.095e-05	{Q}
UPI00050B51B7	SINGLE	2	36	54	6	1.511e-04	{P}
UPI00050B51B7	SINGLE	3	59	74	6	2.357e-04	{K}
UPI00050B51B7	SINGLE	4	156	170	5	2.875e-04	{N}
UPI00050B51B7	SINGLE	5	188	203	4	3.155e-04	{M}
UPI00050B51B7	SINGLE	6	10	43	9	4.254e-04	{S}
UPI00050B51B7	MULTIPLE	1	10	48	14	7.127e-05	{PS}
UPI000542D5F8	SINGLE	1	17	181	24	1.510e-04	{G}
UPI000542D5F8	SINGLE	2	27	82	11	6.332e-04	{E}
UPI000542D5F8	MULTIPLE	1	17	181	42	8.921e-06	{GE}
UPI000542D5F8	WHOLE	1	1	188	24	8.946e-04	{G}
UPI000571B37C	SINGLE	1	82	280	26	2.656e-06	{R}
UPI000571B37C	SINGLE	2	16	291	40	6.903e-05	{A}
UPI000571B37C	MULTIPLE	1	40	269	59	4.072e-08	{RA}
UPI000571B37C	WHOLE	1	1	322	42	3.985e-04	{A}
UPI000571B37C	WHOLE	2	1	322	29	5.014e-04	{R}
UPI000579623C	SINGLE	1	17	67	15	4.384e-06	{A}
UPI000579623C	SINGLE	2	622	638	7	3.611e-05	{T}
UPI000579623C	SINGLE	3	381	506	19	5.000e-05	{D}
UPI000579623C	SINGLE	4	291	460	19	1.013e-04	{N}
UPI000579623C	SINGLE	5	658	677	7	1.789e-04	{G}
UPI000579623C	SINGLE	6	204	220	6	1.949e-04	{D}
UPI000579623C	SINGLE	7	223	729	35	2.693e-04	{Y}
UPI000579623C	SINGLE	8	136	150	5	2.875e-04	{N}
UPI000579623C	SINGLE	9	460	474	5	2.936e-04	{Q}
UPI000579623C	SINGLE	10	354	368	6	5.574e-04	{A}
UPI000579623C	SINGLE	11	556	573	6	6.200e-04	{V}
UPI000579623C	SINGLE	12	41	74	8	7.507e-04	{T}
UPI000579623C	MULTIPLE	1	21	74	23	2.446e-07	{AT}
UPI000579623C	MULTIPLE	2	257	722	142	3.525e-08	{DNYV}
UPI000579894E	SINGLE	1	388	590	30	2.059e-05	{G}
UPI000579894E	SINGLE	2	249	285	8	1.281e-04	{N}
UPI000579894E	SINGLE	3	25	39	7	1.659e-04	{L}
UPI000579894E	SINGLE	4	244	561	37	2.341e-04	{V}
UPI000579894E	MULTIPLE	1	252	590	75	1.741e-06	{GV}
UPI00057BE0AF	SINGLE	1	13	313	31	3.628e-05	{R}
UPI00057BE0AF	SINGLE	2	277	296	7	6.053e-05	{D}
UPI00057BE0AF	WHOLE	1	1	321	31	1.110e-04	{R}
UPI0005A768CA	SINGLE	1	5	600	67	3.190e-10	{I}
UPI0005A768CA	SINGLE	2	268	526	31	2.462e-07	{N}
UPI0005A768CA	SINGLE	3	69	477	36	1.926e-06	{Y}
UPI0005A768CA	SINGLE	4	228	245	6	4.891e-04	{T}
UPI0005A768CA	SINGLE	5	399	417	5	6.080e-04	{F}
UPI0005A768CA	MULTIPLE	1	2	600	190	3.397e-19	{INYF}
UPI0005A768CA	WHOLE	1	1	605	67	5.974e-10	{I}
UPI0005A768CA	WHOLE	2	1	605	51	3.075e-06	{N}
UPI0005A768CA	WHOLE	3	1	605	41	1.389e-04	{Y}
UPI0005AA6C57	SINGLE	1	72	224	27	1.408e-06	{V}
UPI0005AA6C57	SINGLE	2	203	231	8	3.794e-04	{G}
UPI0005AA6C57	MULTIPLE	1	71	235	50	4.543e-09	{VG}
UPI0005AA6C57	WHOLE	1	1	245	32	7.896e-05	{V}
UPI0006274E1B	SINGLE	1	1	94	14	1.527e-04	{I}
UPI0006274E1B	WHOLE	1	1	117	15	4.494e-04	{I}
UPI000627DEB6	SINGLE	1	48	739	95	5.113e-23	{N}
UPI000627DEB6	SINGLE	2	59	877	89	1.223e-09	{D}
UPI000627DEB6	SINGLE	3	165	883	79	4.269e-06	{G}
UPI000627DEB6	SINGLE	4	32	618	62	1.725e-05	{T}
UPI000627DEB6	SINGLE	5	698	823	15	6.384e-05	{Y}
UPI000627DEB6	SINGLE	6	4	407	50	7.130e-05	{S}
UPI000627DEB6	SINGLE	7	6	87	11	1.998e-04	{Y}
UPI000627DEB6	SINGLE	8	319	528	27	3.181e-04	{V}
UPI000627DEB6	SINGLE	9	521	574	12	5.996e-04	{A}
UPI000627DEB6	MULTIPLE	1	1	884	576	5.950e-51	{NDGTYSV}
UPI000627DEB6	WHOLE	1	1	888	107	2.798e-21	{N}
UPI000627DEB6	WHOLE	2	1	888	91	1.259e-08	{D}
UPI000627DEB6	WHOLE	3	1	888	91	1.294e-05	{G}
UPI000627DEB6	WHOLE	4	1	888	79	3.381e-04	{T}
UPI000627DEB6	WHOLE	5	1	888	88	5.640e-04	{S}
UPI000628025F	SINGLE	1	78	109	8	2.434e-04	{D}
UPI000628025F	SINGLE	2	57	74	5	3.959e-04	{Y}
UPI0006281448	SINGLE	1	1	187	23	3.648e-05	{I}
UPI0006281448	SINGLE	2	165	180	4	3.155e-04	{H}
UPI0006281448	MULTIPLE	1	1	187	31	6.027e-06	{IH}
UPI0006281448	WHOLE	1	1	238	23	9.712e-04	{I}
UPI0006505284	SINGLE	1	59	137	14	5.424e-06	{N}
UPI0006505284	SINGLE	2	40	141	18	3.844e-05	{T}
UPI0006505284	MULTIPLE	1	40	141	33	1.572e-09	{NT}
UPI0006505284	WHOLE	1	1	173	17	8.794e-04	{N}
UPI000650B1AB	SINGLE	1	89	140	13	2.092e-05	{G}
UPI000650B1AB	SINGLE	2	163	177	6	5.574e-04	{A}
UPI000650B1AB	SINGLE	3	7	22	6	8.219e-04	{A}
UPI000650B1AB	WHOLE	1	1	184	24	6.789e-04	{G}
UPI00065221E7	SINGLE	1	124	668	76	4.400e-07	{A}
UPI00065221E7	SINGLE	2	3	274	33	7.577e-07	{R}
UPI00065221E7	SINGLE	3	7	658	89	5.029e-05	{L}
UPI00065221E7	SINGLE	4	575	812	15	1.900e-04	{H}
UPI00065221E7	SINGLE	5	545	758	27	2.170e-04	{T}
UPI00065221E7	MULTIPLE	1	3	664	223	7.221e-13	{ARL}
UPI00065221E7	MULTIPLE	2	569	766	37	2.083e-06	{HT}
UPI00065221E7	WHOLE	1	1	822	93	9.769e-05	{A}
UPI00065221E7	WHOLE	2	1	822	62	1.519e-04	{R}
UPI00065221E7	WHOLE	3	1	822	103	2.937e-04	{L}
UPI0006B3F92A	SINGLE	1	57	269	26	8.785e-06	{R}
UPI0006B3F92A	SINGLE	2	5	30	6	3.705e-04	{F}
UPI0006B3F92A	SINGLE	3	141	155	5	5.275e-04	{I}
UPI0006B3F92A	MULTIPLE	1	57	272	44	1.165e-06	{RI}
UPI0006B3F97E	SINGLE	1	2	223	29	1.249e-08	{F}
UPI0006B3F97E	SINGLE	2	14	125	15	2.874e-04	{I}
UPI0006B3F97E	SINGLE	3	109	177	7	6.437e-04	{M}
UPI0006B3F97E	MULTIPLE	1	2	223	49	1.319e-09	{FI}
UPI0006B3F97E	WHOLE	1	1	257	30	8.761e-08	{F}
UPI0006B427A2	SINGLE	1	11	43	10	1.242e-04	{A}
UPI0006B46127	SINGLE	1	3	29	5	5.936e-05	{C}
UPI0006B49691	SINGLE	1	45	434	59	5.626e-07	{A}
UPI0006B49691	SINGLE	2	105	164	10	3.404e-04	{P}
UPI0006B49691	WHOLE	1	1	434	62	1.975e-06	{A}
UPI0006B4A4C8	SINGLE	1	68	3154	406	1.736e-24	{A}
UPI0006B4A4C8	SINGLE	2	2052	3067	84	1.170e-08	{Q}
UPI0006B4A4C8	SINGLE	3	1234	2526	45	1.858e-07	{W}
UPI0006B4A4C8	SINGLE	4	1181	2077	123	2.514e-06	{L}
UPI0006B4A4C8	SINGLE	5	2219	2326	12	3.874e-06	{M}
UPI0006B4A4C8	SINGLE	6	789	1091	33	7.222e-06	{R}
UPI0006B4A4C8	SINGLE	7	2353	3023	58	7.425e-06	{R}
UPI0006B4A4C8	SINGLE	8	2122	2181	14	1.132e-05	{T}
UPI0006B4A4C8	SINGLE	9	2109	2127	7	1.375e-05	{P}
UPI0006B4A4C8	SINGLE	10	658	1387	56	1.715e-05	{Q}
UPI0006B4A4C8	SINGLE	11	1330	1401	13	2.120e-05	{P}
UPI0006B4A4C8	SINGLE	12	2418	3083	91	4.009e-05	{L}
UPI0006B4A4C8	SINGLE	13	2805	2827	7	5.525e-05	{P}
UPI0006B4A4C8	SINGLE	14	564	689	10	3.618e-04	{M}
UPI0006B4A4C8	SINGLE	15	1571	1609	8	3.723e-04	{R}
UPI0006B4A4C8	SINGLE	16	3108	3151	5	4.441e-04	{W}
UPI0006B4A4C8	SINGLE	17	1841	2045	13	4.485e-04	{H}
UPI0006B4A4C8	SINGLE	18	396	418	6	4.644e-04	{P}
UPI0006B4A4C8	SINGLE	19	1096	1112	6	4.943e-04	{G}
UPI0006B4A4C8	SINGLE	20	1968	2020	9	6.786e-04	{R}
UPI0006B4A4C8	SINGLE	21	2491	2587	7	8.072e-04	{C}
UPI0006B4A4C8	SINGLE	22	2494	2519	7	8.993e-04	{E}
UPI0006B4A4C8	SINGLE	23	1555	1639	14	9.237e-04	{G}
UPI0006B4A4C8	MULTIPLE	1	150	3083	1435	2.489e-58	{AQWLRPH}
UPI0006B4A4C8	MULTIPLE	2	2353	3083	197	1.005e-08	{RLP}
UPI0006B4A4C8	MULTIPLE	3	658	1401	102	6.372e-06	{QP}
UPI0006B4A4C8	MULTIPLE	4	1555	1633	22	3.633e-05	{RG}
UPI0006B4A4C8	MULTIPLE	5	2494	2558	14	4.297e-04	{CE}
UPI0006B4A4C8	WHOLE	1	1	3163	411	8.409e-24	{A}
UPI0006B4A4C8	WHOLE	2	1	3163	200	4.669e-08	{Q}
UPI0006B4A4C8	WHOLE	3	1	3163	211	4.816e-07	{R}
UPI0006B4A4C8	WHOLE	4	1	3163	367	8.515e-07	{L}
UPI0006B4A4C8	WHOLE	5	1	3163	70	3.545e-04	{W}
UPI0006B4A4C8	WHOLE	6	1	3163	95	4.586e-04	{H}
UPI0006B4F92F	SINGLE	1	3	246	27	5.204e-05	{I}
UPI0006B4F92F	SINGLE	2	63	123	11	3.757e-04	{D}
UPI0006B4F92F	SINGLE	3	133	216	15	6.263e-04	{S}
UPI0006B4F92F	MULTIPLE	1	3	240	71	1.667e-06	{IDS}
UPI0006B4F92F	WHOLE	1	1	248	27	6.753e-05	{I}
UPI0006B5039D	SINGLE	1	4	154	22	3.967e-06	{I}
UPI0006B5039D	SINGLE	2	52	197	17	1.380e-04	{N}
UPI0006B5039D	SINGLE	3	20	36	5	2.972e-04	{Y}
UPI0006B5039D	MULTIPLE	1	10	197	53	1.800e-08	{INY}
UPI0006B5039D	WHOLE	1	1	234	24	3.587e-04	{I}
UPI0006B532CE	SINGLE	1	179	282	20	1.035e-04	{A}
UPI0006B54944	SINGLE	1	53	68	6	3.390e-05	{Q}
UPI0006B54944	SINGLE	2	95	362	33	2.541e-04	{G}
UPI0006B54944	WHOLE	1	1	369	40	7.519e-04	{G}
UPI0006B5516D	SINGLE	1	16	49	6	7.789e-05	{M}
UPI0006B5516D	SINGLE	2	23	163	24	1.590e-04	{A}
UPI0006B5516D	SINGLE	3	5	30	8	2.967e-04	{S}
UPI0006B5516D	SINGLE	4	108	147	5	3.923e-04	{C}
UPI0006B5516D	MULTIPLE	1	16	163	38	1.162e-06	{MAC}
UPI0006B569D9	SINGLE	1	70	108	12	4.426e-06	{G}
UPI0006B569D9	SINGLE	2	286	307	9	5.048e-06	{G}
UPI0006B569D9	SINGLE	3	316	334	4	1.525e-04	{W}
UPI0006B569D9	SINGLE	4	153	168	6	3.059e-04	{V}
UPI0006B569D9	SINGLE	5	310	325	4	3.155e-04	{M}
UPI0006B569D9	SINGLE	6	265	279	6	5.574e-04	{A}
UPI0006B569D9	MULTIPLE	1	310	334	8	1.885e-06	{WM}
UPI0006B569D9	WHOLE	1	1	352	42	9.293e-05	{G}
UPI0006B5B0B3	SINGLE	1	224	335	17	1.864e-05	{R}
UPI0006B5B0B3	SINGLE	2	60	200	24	1.590e-04	{A}
UPI0006B5B0B3	SINGLE	3	1	15	5	9.005e-04	{D}
UPI0006B5C131	SINGLE	1	270	285	4	7.491e-05	{W}
UPI0006B5C131	SINGLE	2	11	25	6	5.574e-04	{A}
UPI0006B5E4AC	SINGLE	1	56	70	6	8.836e-05	{D}
UPI0006B5E4AC	SINGLE	2	161	184	7	6.071e-04	{G}
UPI0006B5E69F	SINGLE	1	7	435	39	1.097e-04	{I}
UPI0006B5E69F	SINGLE	2	363	468	14	1.400e-04	{N}
UPI0006B5E69F	SINGLE	3	361	417	12	4.812e-04	{S}
UPI0006B5E69F	SINGLE	4	209	262	10	5.452e-04	{D}
UPI0006B5E69F	MULTIPLE	1	7	474	145	1.635e-06	{INSD}
UPI0006B5E69F	WHOLE	1	1	474	41	2.033e-04	{I}
UPI0006B5EB0B	SINGLE	1	15	332	48	5.659e-06	{A}
UPI0006B5EB0B	SINGLE	2	223	294	7	8.227e-04	{M}
UPI0006B5EB0B	SINGLE	3	1	21	4	9.292e-04	{M}
UPI0006B5EB0B	MULTIPLE	1	15	332	59	1.521e-06	{AM}
UPI0006B5EB0B	WHOLE	1	1	333	48	1.815e-05	{A}
UPI0006B61AEC	SINGLE	1	145	226	18	9.857e-09	{Q}
UPI0006B61AEC	SINGLE	2	32	46	6	4.559e-05	{I}
UPI0006B61AEC	WHOLE	1	1	326	28	2.889e-04	{Q}
UPI0006B62241	SINGLE	1	6	114	20	1.934e-04	{A}
UPI0006B62241	SINGLE	2	7	44	8	3.744e-04	{I}
UPI0006B62241	MULTIPLE	1	6	99	27	2.132e-05	{AI}
UPI0006B648E5	SINGLE	1	246	260	6	1.570e-04	{K}
UPI0006B648E5	SINGLE	2	18	45	6	4.644e-04	{Y}
UPI0006B671F4	SINGLE	1	146	456	37	2.277e-08	{N}
UPI0006B671F4	SINGLE	2	140	355	32	2.312e-08	{I}
UPI0006B671F4	SINGLE	3	73	144	16	1.231e-05	{G}
UPI0006B671F4	SINGLE	4	387	417	5	4.717e-04	{M}
UPI0006B671F4	MULTIPLE	1	140	456	74	5.769e-14	{NI}
UPI0006B671F4	WHOLE	1	1	464	44	7.317e-07	{N}
UPI0006B671F4	WHOLE	2	1	464	45	8.542e-06	{I}
UPI0006B67A10	SINGLE	1	423	452	7	2.099e-04	{Q}
UPI0006B67A10	SINGLE	2	71	85	6	5.574e-04	{A}
UPI0006B67A10	SINGLE	3	179	193	6	5.574e-04	{A}
UPI0006B67A10	SINGLE	4	125	153	4	8.043e-04	{W}
UPI0006B69EF1	SINGLE	1	313	342	10	1.041e-05	{V}
UPI0006B69EF1	SINGLE	2	217	285	16	1.933e-05	{S}
UPI0006B69EF1	SINGLE	3	356	410	8	2.204e-05	{H}
UPI0006B69EF1	SINGLE	4	88	133	12	1.307e-04	{A}
UPI0006B69EF1	SINGLE	5	2	110	21	5.430e-04	{L}
UPI0007194996	SINGLE	1	232	247	6	1.335e-04	{D}
UPI0007194996	SINGLE	2	4	92	19	2.709e-04	{L}
UPI00071D0575	SINGLE	1	28	46	6	4.727e-05	{Y}
UPI00071D0575	SINGLE	2	41	55	6	8.836e-05	{D}
UPI00071D0575	SINGLE	3	87	105	5	6.080e-04	{F}
UPI00071D0575	MULTIPLE	1	28	55	12	2.762e-06	{YD}
UPI00073AE6EC	SINGLE	1	12	262	49	2.392e-07	{L}
UPI00073AE6EC	SINGLE	2	382	398	7	5.515e-05	{G}
UPI00073AE6EC	SINGLE	3	353	419	11	1.081e-04	{Q}
UPI00073AE6EC	SINGLE	4	255	269	5	2.936e-04	{Q}
UPI00073AE6EC	SINGLE	5	69	111	8	3.806e-04	{Q}
UPI00073AE6EC	SINGLE	6	9	25	6	4.943e-04	{G}
UPI00073AE6EC	SINGLE	7	401	415	6	5.574e-04	{A}
UPI00073AE6EC	MULTIPLE	1	12	269	67	4.617e-08	{LQ}
UPI00073AE6EC	MULTIPLE	2	351	419	32	1.262e-07	{GQA}
UPI00073AE6EC	WHOLE	1	1	419	59	3.030e-04	{L}
UPI00073B1292	SINGLE	1	51	66	7	2.192e-06	{Q}
UPI00073B1292	SINGLE	2	88	220	16	1.464e-04	{N}
UPI00073B1292	SINGLE	3	62	143	12	4.964e-04	{I}
UPI00073B1292	MULTIPLE	1	62	220	31	3.268e-05	{NI}
UPI00073B2EB8	SINGLE	1	138	187	13	4.034e-07	{R}
UPI00073B2EB8	SINGLE	2	4	175	28	1.086e-04	{A}
UPI00073B2EB8	SINGLE	3	278	292	5	2.936e-04	{Q}
UPI00073B2EB8	SINGLE	4	71	166	16	3.104e-04	{E}
UPI00073B2EB8	MULTIPLE	1	4	187	70	1.183e-09	{RAE}
UPI00073B2EB8	WHOLE	1	1	360	38	3.389e-06	{R}
UPI00073B35DB	SINGLE	1	44	692	56	5.658e-07	{N}
UPI00073B35DB	SINGLE	2	102	723	44	3.450e-05	{Y}
UPI00073B35DB	SINGLE	3	582	601	7	1.188e-04	{T}
UPI00073B35DB	SINGLE	4	141	363	26	1.862e-04	{D}
UPI00073B35DB	SINGLE	5	51	317	35	2.448e-04	{S}
UPI00073B35DB	SINGLE	6	273	387	17	4.869e-04	{T}
UPI00073B35DB	SINGLE	7	764	781	6	4.891e-04	{T}
UPI00073B35DB	MULTIPLE	1	44	723	277	4.004e-15	{NYTDS}
UPI00073B35DB	WHOLE	1	1	790	61	5.879e-06	{N}
UPI00073B35DB	WHOLE	2	1	790	48	4.334e-04	{Y}
UPI00073B365E	SINGLE	1	712	752	12	6.301e-06	{V}
UPI00073B365E	SINGLE	2	195	411	35	2.237e-05	{A}
UPI00073B365E	SINGLE	3	632	646	7	3.582e-05	{S}
UPI00073B365E	SINGLE	4	104	553	41	7.398e-05	{I}
UPI00073B365E	SINGLE	5	289	303	5	4.135e-04	{P}
UPI00073B365E	SINGLE	6	73	95	7	4.607e-04	{G}
UPI00073B365E	SINGLE	7	103	117	5	9.005e-04	{D}
UPI00073B365E	SINGLE	8	244	258	5	9.005e-04	{D}
UPI00073B365E	MULTIPLE	1	231	411	59	3.320e-07	{AIP}
UPI00073B365E	WHOLE	1	1	759	86	1.528e-04	{A}
UPI00073B365E	WHOLE	2	1	759	72	3.421e-04	{V}
UPI00073B3A22	SINGLE	1	2	18	5	3.504e-04	{F}
UPI00073B475F	SINGLE	1	38	52	5	2.875e-04	{N}
UPI00073B4FCC	SINGLE	1	28	120	19	5.421e-06	{V}
UPI00073B4FCC	SINGLE	2	4	22	9	1.662e-05	{L}
UPI00073B4FCC	WHOLE	1	1	141	20	5.042e-04	{V}
UPI00073B6F90	SINGLE	1	37	151	16	5.595e-11	{C}
UPI00073B6F90	SINGLE	2	45	67	6	3.060e-04	{N}
UPI00073B6F90	SINGLE	3	7	23	5	8.659e-04	{R}
UPI00073B6F90	WHOLE	1	1	164	16	1.041e-08	{C}
UPI00073B7020	SINGLE	1	178	234	12	9.678e-04	{A}
UPI00073B7D17	SINGLE	1	31	175	33	6.066e-07	{L}
UPI00073B7D17	SINGLE	2	47	368	46	3.211e-05	{A}
UPI00073B7D17	SINGLE	3	8	292	14	8.778e-05	{W}
UPI00073B7D17	SINGLE	4	12	26	5	1.842e-04	{F}
UPI00073B7D17	MULTIPLE	1	8	371	143	2.261e-13	{LAWF}
UPI00073B7D17	WHOLE	1	1	379	58	4.336e-05	{L}
UPI00073B7D17	WHOLE	2	1	379	15	4.636e-04	{W}
UPI00073B7D17	WHOLE	3	1	379	47	5.640e-04	{A}
UPI00073B817B	SINGLE	1	4	329	34	1.549e-06	{N}
UPI00073B817B	SINGLE	2	126	313	25	4.169e-04	{G}
UPI00073B817B	MULTIPLE	1	4	329	69	3.710e-08	{NG}
UPI00073B817B	WHOLE	1	1	333	34	2.433e-06	{N}
UPI00073B8934	SINGLE	1	117	187	19	1.177e-05	{L}
UPI00073B8934	SINGLE	2	3	32	6	3.756e-05	{H}
UPI00073B9280	SINGLE	1	77	93	6	5.013e-05	{Q}
UPI00073B9280	SINGLE	2	43	298	13	1.109e-04	{W}
UPI00073B9280	SINGLE	3	15	218	22	2.182e-04	{R}
UPI00073B9280	SINGLE	4	286	304	6	8.541e-04	{E}
UPI00073B9280	MULTIPLE	1	51	224	26	2.358e-05	{WR}
UPI00073B9280	WHOLE	1	1	310	14	2.015e-04	{W}
UPI00073B92B7	SINGLE	1	149	163	7	2.093e-05	{G}
UPI00073BA4C5	SINGLE	1	31	56	9	8.726e-05	{A}
UPI00073BA4C5	SINGLE	2	447	461	6	2.293e-04	{G}
UPI00073BA4C5	SINGLE	3	184	247	12	6.690e-04	{G}
UPI00073BA80D	SINGLE	1	29	241	38	1.731e-08	{G}
UPI00073BA80D	SINGLE	2	84	357	28	1.627e-05	{N}
UPI00073BA80D	SINGLE	3	25	337	28	1.706e-05	{Y}
UPI00073BA80D	SINGLE	4	28	53	7	3.644e-04	{D}
UPI00073BA80D	SINGLE	5	66	82	5	5.538e-04	{Q}
UPI00073BA80D	SINGLE	6	8	22	6	5.574e-04	{A}
UPI00073BA80D	SINGLE	7	311	356	9	6.739e-04	{D}
UPI00073BA80D	MULTIPLE	1	25	357	157	2.774e-19	{GNYDQ}
UPI00073BA80D	WHOLE	1	1	367	48	3.491e-06	{G}
UPI00073BA80D	WHOLE	2	1	367	32	8.677e-05	{N}
UPI00073BA80D	WHOLE	3	1	367	29	1.019e-04	{Y}
UPI00073BA9F2	SINGLE	1	12	307	45	8.782e-06	{A}
UPI00073BA9F2	SINGLE	2	22	356	41	4.245e-05	{V}
UPI00073BA9F2	SINGLE	3	49	413	56	5.306e-05	{L}
UPI00073BA9F2	SINGLE	4	14	279	32	4.464e-04	{G}
UPI00073BA9F2	MULTIPLE	1	19	357	172	1.252e-15	{AVLG}
UPI00073BA9F2	WHOLE	1	1	439	57	6.202e-05	{A}
UPI00073BA9F2	WHOLE	2	1	439	47	2.662e-04	{V}
UPI00073BA9F2	WHOLE	3	1	439	61	3.404e-04	{L}
UPI00073BB0B0	SINGLE	1	300	316	6	8.712e-05	{R}
UPI00073BB0B0	SINGLE	2	421	444	4	3.879e-04	{W}
UPI00073BB0B0	SINGLE	3	62	89	6	5.597e-04	{F}
UPI00073BB0B0	SINGLE	4	270	303	10	5.619e-04	{L}
UPI00073BB32C	SINGLE	1	2	183	41	4.207e-08	{L}
UPI00073BB32C	SINGLE	2	28	285	30	8.762e-06	{I}
UPI00073BB32C	MULTIPLE	1	2	289	85	8.431e-12	{LI}
UPI00073BB32C	WHOLE	1	1	325	60	9.746e-08	{L}
UPI00073BB32C	WHOLE	2	1	325	33	4.742e-05	{I}
UPI00073BB546	SINGLE	1	65	272	26	9.405e-06	{I}
UPI00073BB546	WHOLE	1	1	327	31	2.383e-04	{I}
UPI00073BB69C	SINGLE	1	9	398	56	6.630e-17	{F}
UPI00073BB69C	SINGLE	2	54	77	10	2.206e-05	{L}
UPI00073BB69C	SINGLE	3	22	112	14	1.091e-04	{I}
UPI00073BB69C	SINGLE	4	177	213	10	3.371e-04	{A}
UPI00073BB69C	SINGLE	5	275	304	7	4.505e-04	{I}
UPI00073BB69C	MULTIPLE	1	9	398	89	6.143e-17	{FI}
UPI00073BB69C	WHOLE	1	1	417	56	1.270e-15	{F}
UPI00073BD2C2	SINGLE	1	62	105	9	3.645e-07	{H}
UPI00073BD2C2	SINGLE	2	343	530	33	1.320e-04	{L}
UPI00073BEC26	SINGLE	1	314	356	8	3.694e-04	{N}
UPI00073BEC26	SINGLE	2	274	345	6	6.347e-04	{W}
UPI00073BEC26	SINGLE	3	370	396	6	7.702e-04	{Q}
UPI00073BEC26	MULTIPLE	1	298	347	12	1.817e-05	{NW}
UPI00073BEFE0	SINGLE	1	309	446	12	1.100e-06	{W}
UPI00073BEFE0	SINGLE	2	294	349	8	2.516e-05	{M}
UPI00073BEFE0	SINGLE	3	30	439	48	5.294e-05	{G}
UPI00073BEFE0	SINGLE	4	11	25	7	6.097e-05	{A}
UPI00073BEFE0	SINGLE	5	183	424	24	9.176e-05	{N}
UPI00073BEFE0	SINGLE	6	165	182	7	1.415e-04	{S}
UPI00073BEFE0	MULTIPLE	1	17	446	112	2.384e-10	{WMGN}
UPI00073BEFE0	WHOLE	1	1	446	19	3.895e-05	{W}
UPI00073BEFE0	WHOLE	2	1	446	49	1.868e-04	{G}
UPI00073C03B7	SINGLE	1	99	147	12	5.259e-05	{G}
UPI00073C03B7	SINGLE	2	132	197	14	3.677e-04	{A}
UPI00073C03B7	SINGLE	3	243	266	6	3.999e-04	{Q}
UPI00073C03B7	MULTIPLE	1	131	147	11	2.821e-06	{GA}
UPI00073C1566	SINGLE	1	37	128	14	1.224e-04	{I}
UPI00073C1566	SINGLE	2	78	92	4	2.419e-04	{M}
UPI00073C1566	MULTIPLE	1	47	128	19	2.899e-06	{IM}
UPI00073C1C5D	SINGLE	1	63	333	18	2.553e-05	{M}
UPI00073C1C5D	SINGLE	2	431	474	11	7.207e-05	{V}
UPI00073C1C5D	SINGLE	3	22	350	44	1.857e-04	{A}
UPI00073C1C5D	SINGLE	4	102	597	53	2.109e-04	{G}
UPI00073C1C5D	SINGLE	5	7	26	6	2.355e-04	{R}
UPI00073C1C5D	MULTIPLE	1	22	598	144	1.035e-07	{MAG}
UPI00073C1C5D	WHOLE	1	1	603	67	9.595e-04	{A}
UPI00073C28C2	SINGLE	1	39	219	21	4.098e-06	{Y}
UPI00073C28C2	SINGLE	2	135	192	9	6.311e-04	{N}
UPI00073C28C2	SINGLE	3	10	67	11	9.857e-04	{G}
UPI00073C28C2	MULTIPLE	1	24	215	56	1.329e-07	{YNG}
UPI00073C28C2	WHOLE	1	1	248	22	1.312e-04	{Y}
UPI00073C2E3D	SINGLE	1	33	47	7	3.582e-05	{S}
UPI00073C2E3D	SINGLE	2	95	201	23	6.351e-05	{L}
UPI00073C2E3D	SINGLE	3	5	51	9	3.433e-04	{I}
UPI00073C2E3D	MULTIPLE	1	5	51	18	3.514e-06	{SI}
UPI00073C403D	SINGLE	1	10	374	45	1.407e-08	{I}
UPI00073C403D	SINGLE	2	36	156	12	1.218e-05	{M}
UPI00073C403D	SINGLE	3	386	400	4	2.419e-04	{M}
UPI00073C403D	SINGLE	4	189	203	5	2.875e-04	{N}
UPI00073C403D	SINGLE	5	296	327	10	3.353e-04	{L}
UPI00073C403D	MULTIPLE	1	10	374	63	4.500e-11	{IM}
UPI00073C403D	WHOLE	1	1	425	48	7.082e-08	{I}
UPI00073C403D	WHOLE	2	1	425	24	1.931e-05	{M}
UPI00073C4A8A	SINGLE	1	50	333	49	1.016e-07	{A}
UPI00073C4A8A	WHOLE	1	1	334	53	4.670e-07	{A}
UPI00073C501F	SINGLE	1	188	401	36	1.600e-04	{L}
UPI00073C501F	SINGLE	2	367	381	5	2.936e-04	{Q}
UPI00073C501F	SINGLE	3	283	351	10	9.983e-04	{P}
UPI00073C501F	MULTIPLE	1	188	401	70	1.424e-07	{LQP}
UPI00073C501F	WHOLE	1	1	432	58	9.345e-04	{L}
UPI00073CB403	SINGLE	1	89	126	7	5.121e-04	{F}
UPI00073CB403	SINGLE	2	312	693	27	8.062e-04	{Y}
UPI00073CB403	SINGLE	3	373	421	8	8.821e-04	{N}
UPI00073CB89F	SINGLE	1	9	383	67	6.844e-08	{L}
UPI00073CB89F	SINGLE	2	1	387	26	4.422e-07	{M}
UPI00073CB89F	SINGLE	3	249	330	12	6.490e-05	{F}
UPI00073CB89F	SINGLE	4	43	373	39	1.954e-04	{G}
UPI00073CB89F	SINGLE	5	261	300	5	2.857e-04	{W}
UPI00073CB89F	MULTIPLE	1	9	383	140	4.987e-16	{LMGW}
UPI00073CB89F	WHOLE	1	1	394	67	4.140e-07	{L}
UPI00073CB89F	WHOLE	2	1	394	26	6.133e-07	{M}
UPI00073CBA9D	SINGLE	1	60	143	19	1.801e-08	{I}
UPI00073CBA9D	SINGLE	2	2	41	7	6.984e-04	{F}
UPI00073CBA9D	SINGLE	3	49	258	25	7.392e-04	{K}
UPI00073CBA9D	WHOLE	1	1	261	28	6.513e-05	{I}
UPI00073CC7D5	SINGLE	1	166	315	33	1.319e-06	{L}
UPI00073CC7D5	SINGLE	2	231	306	12	3.082e-05	{F}
UPI00073CC7D5	SINGLE	3	70	115	10	4.827e-04	{V}
UPI00073CC7D5	SINGLE	4	289	303	5	5.275e-04	{I}
UPI00073CC7D5	SINGLE	5	27	52	4	5.295e-04	{W}
UPI00073CC7D5	SINGLE	6	59	111	8	8.045e-04	{F}
UPI00073CC7D5	MULTIPLE	1	166	315	47	3.886e-09	{LF}
UPI00073CC7D5	MULTIPLE	2	66	115	17	5.117e-06	{VF}
UPI00073CC7D5	WHOLE	1	1	330	54	1.315e-05	{L}
UPI00073CC7D5	WHOLE	2	1	330	25	7.739e-04	{F}
UPI00073CE586	SINGLE	1	187	296	21	7.936e-05	{A}
UPI00073CE586	SINGLE	2	266	305	10	1.776e-04	{G}
UPI00073CE586	MULTIPLE	1	187	308	35	2.331e-05	{AG}
UPI00073CE586	WHOLE	1	1	321	41	6.629e-04	{A}
UPI00073CF191	SINGLE	1	168	208	11	3.631e-05	{V}
UPI00073CF191	SINGLE	2	267	281	4	2.419e-04	{H}
UPI00073CF191	SINGLE	3	15	158	20	8.239e-04	{G}
UPI0008500BBA	SINGLE	1	17	184	20	1.642e-04	{I}
UPI0008500BBA	WHOLE	1	1	184	20	5.023e-04	{I}
UPI000850432D	SINGLE	1	28	46	6	4.727e-05	{Y}
UPI000850432D	SINGLE	2	41	55	6	8.836e-05	{D}
UPI000850432D	SINGLE	3	87	105	5	6.080e-04	{F}
UPI000850432D	MULTIPLE	1	28	55	12	2.762e-06	{YD}
UPI0008FB0633	SINGLE	1	3	81	19	3.927e-09	{R}
UPI0008FB0633	SINGLE	2	11	82	17	2.429e-05	{A}
UPI0008FB0633	MULTIPLE	1	8	82	35	4.708e-13	{RA}
UPI0008FB0633	WHOLE	1	1	82	19	7.552e-09	{R}
UPI0008FB0633	WHOLE	2	1	82	17	1.283e-04	{A}
UPI0008FB6AA5	SINGLE	1	9	37	5	8.455e-05	{C}
UPI0008FBC67A	SINGLE	1	460	509	13	5.556e-07	{I}
UPI0008FBC67A	SINGLE	2	18	169	25	2.010e-04	{A}
UPI0008FBC67A	SINGLE	3	553	567	6	5.574e-04	{A}
UPI0008FBC67A	WHOLE	1	1	576	66	5.195e-04	{A}
UPI0008FBDC5D	SINGLE	1	5	399	34	7.576e-05	{Q}
UPI0008FBDC5D	SINGLE	2	3	352	33	1.078e-04	{R}
UPI0008FBDC5D	SINGLE	3	334	356	4	4.271e-04	{C}
UPI0008FBDC5D	SINGLE	4	360	379	7	4.883e-04	{A}
UPI0008FBDC5D	MULTIPLE	1	3	399	69	9.375e-08	{QR}
UPI0008FBDC5D	WHOLE	1	1	402	34	1.037e-04	{Q}
UPI0008FBDC5D	WHOLE	2	1	402	35	2.884e-04	{R}
UPI0008FC093E	SINGLE	1	5	432	97	5.686e-17	{L}
UPI0008FC093E	SINGLE	2	211	255	10	1.017e-09	{W}
UPI0008FC093E	SINGLE	3	406	442	10	7.543e-05	{V}
UPI0008FC093E	SINGLE	4	84	115	5	9.861e-05	{W}
UPI0008FC093E	SINGLE	5	149	177	7	2.640e-04	{P}
UPI0008FC093E	SINGLE	6	545	567	7	4.607e-04	{G}
UPI0008FC093E	MULTIPLE	1	11	432	116	5.596e-22	{LW}
UPI0008FC093E	WHOLE	1	1	572	109	1.806e-13	{L}
UPI0008FC093E	WHOLE	2	1	572	25	1.874e-06	{W}
UPI0008FC0A90	SINGLE	1	4	403	76	6.897e-10	{L}
UPI0008FC0A90	SINGLE	2	20	205	36	2.718e-07	{A}
UPI0008FC0A90	SINGLE	3	240	370	22	3.492e-05	{G}
UPI0008FC0A90	SINGLE	4	2	36	5	8.250e-04	{H}
UPI0008FC0A90	MULTIPLE	1	24	381	157	2.460e-17	{LAG}
UPI0008FC0A90	WHOLE	1	1	430	77	7.638e-09	{L}
UPI0008FC0A90	WHOLE	2	1	430	56	6.557e-05	{A}
UPI00092DE013	SINGLE	1	87	163	9	4.008e-05	{H}
UPI00092DE013	SINGLE	2	12	401	37	4.089e-05	{R}
UPI00092DE013	SINGLE	3	259	280	9	6.698e-05	{L}
UPI00092DE013	SINGLE	4	71	404	15	1.317e-04	{W}
UPI00092DE013	MULTIPLE	1	3	404	120	8.057e-10	{HRLW}
UPI00092DE013	WHOLE	1	1	410	37	1.065e-04	{R}
UPI00092DE013	WHOLE	2	1	410	15	9.661e-04	{W}
UPI00092EF6CE	SINGLE	1	25	49	6	2.966e-04	{F}
UPI0009452C2D	SINGLE	1	25	39	6	1.598e-04	{T}
UPI0009452C2D	SINGLE	2	142	156	6	2.062e-04	{E}
UPI0009452C2D	SINGLE	3	67	85	4	6.290e-04	{H}
UPI0009452C2D	SINGLE	4	30	108	15	7.543e-04	{A}
UPI0009452C2D	MULTIPLE	1	25	109	27	1.621e-05	{TA}
UPI00098C8A97	SINGLE	1	25	46	8	1.455e-04	{A}
UPI000A3A3AC1	SINGLE	1	11	69	11	1.034e-04	{I}
UPI000A3A49A9	SINGLE	1	25	206	48	1.184e-11	{L}
UPI000A3A49A9	SINGLE	2	176	214	13	4.111e-06	{A}
UPI000A3A49A9	SINGLE	3	83	129	6	4.669e-04	{M}
UPI000A3A49A9	MULTIPLE	1	19	215	84	3.102e-14	{LAM}
UPI000A3A49A9	WHOLE	1	1	220	51	4.056e-10	{L}
UPI000A3C27FB	SINGLE	1	122	136	7	1.358e-05	{T}
UPI000A3C27FB	SINGLE	2	8	383	34	2.801e-05	{N}
UPI000A3C27FB	SINGLE	3	85	529	40	1.148e-04	{I}
UPI000A3C27FB	SINGLE	4	153	525	41	1.436e-04	{K}
UPI000A3C27FB	SINGLE	5	429	451	6	1.508e-04	{Y}
UPI000A3C27FB	SINGLE	6	184	249	16	1.808e-04	{L}
UPI000A3C27FB	SINGLE	7	414	430	5	3.504e-04	{F}
UPI000A3C27FB	SINGLE	8	227	424	22	9.317e-04	{D}
UPI000A3C27FB	MULTIPLE	1	3	526	260	9.187e-14	{NIKLFD}
UPI000A3C27FB	WHOLE	1	1	531	42	7.483e-05	{N}
UPI000A3C27FB	WHOLE	2	1	531	45	1.696e-04	{I}
UPI000A3C27FB	WHOLE	3	1	531	50	9.129e-04	{K}
UPI000A3CCF0E	SINGLE	1	165	205	12	3.991e-05	{A}
UPI000A3CCF0E	SINGLE	2	95	109	5	2.875e-04	{N}
UPI000A3CCF0E	SINGLE	3	107	131	6	5.033e-04	{Q}
UPI000A3CCF0E	SINGLE	4	367	381	5	5.275e-04	{I}
UPI000A3CCF0E	SINGLE	5	215	316	16	5.863e-04	{V}
UPI000A3CCF0E	MULTIPLE	1	95	137	12	1.612e-04	{NQ}
UPI000B1AA809	SINGLE	1	9	399	62	5.369e-16	{I}
UPI000B1AA809	SINGLE	2	113	250	27	8.449e-05	{L}
UPI000B1AA809	SINGLE	3	92	394	26	1.074e-04	{F}
UPI000B1AA809	SINGLE	4	253	270	4	5.076e-04	{M}
UPI000B1AA809	MULTIPLE	1	9	399	108	8.617e-20	{IFM}
UPI000B1AA809	WHOLE	1	1	406	62	3.166e-15	{I}
UPI000B1AA809	WHOLE	2	1	406	30	4.042e-04	{F}
UPI000B1AA809	WHOLE	3	1	406	55	9.926e-04	{L}
UPI000BBBA56A	SINGLE	1	199	225	9	3.896e-04	{L}
UPI000BBC6D21	SINGLE	1	297	311	6	3.585e-04	{S}
UPI000BBC6D21	SINGLE	2	210	269	9	4.131e-04	{F}
UPI000BBC6D21	SINGLE	3	116	130	5	5.275e-04	{I}
UPI000BBC6D21	SINGLE	4	93	119	4	6.125e-04	{W}
UPI000BBC6D21	SINGLE	5	254	271	7	6.140e-04	{L}
UPI000BBC6D21	MULTIPLE	1	219	271	18	6.183e-05	{FL}
UPI000BBC6D21	MULTIPLE	2	93	130	10	8.772e-05	{IW}
UPI000BBC904A	SINGLE	1	11	48	9	6.473e-05	{I}
UPI000BBC904A	SINGLE	2	50	64	5	2.875e-04	{N}
UPI000BBCA3CF	SINGLE	1	5	42	10	1.137e-04	{G}
UPI000BBCA3CF	WHOLE	1	1	105	17	3.621e-04	{G}
UPI000BBCEAA5	SINGLE	1	3	58	16	2.311e-05	{L}
UPI000BBCEAA5	SINGLE	2	34	52	6	6.706e-04	{T}
UPI000BBCEAA5	MULTIPLE	1	3	54	21	9.326e-06	{LT}
UPI000BBCEAA5	WHOLE	1	1	113	21	8.495e-04	{L}
UPI000BDE8F36	SINGLE	1	8	377	63	8.256e-07	{L}
UPI000BDE8F36	SINGLE	2	28	57	11	7.966e-06	{A}
UPI000BDE8F36	SINGLE	3	283	316	7	9.725e-04	{I}
UPI000BDE8F36	MULTIPLE	1	8	377	137	1.865e-11	{LAI}
UPI000BDE8F36	WHOLE	1	1	403	63	1.207e-05	{L}
UPI000BDE8F36	WHOLE	2	1	403	52	1.362e-04	{A}
UPI000C1B6083	SINGLE	1	85	106	8	2.786e-05	{K}
UPI000C1B6083	SINGLE	2	21	412	38	3.776e-05	{I}
UPI000C1B6083	SINGLE	3	456	472	6	4.887e-05	{N}
UPI000C1B6083	SINGLE	4	409	428	7	1.165e-04	{K}
UPI000C1B6083	SINGLE	5	10	527	43	1.895e-04	{R}
UPI000C1B6083	SINGLE	6	5	29	6	4.915e-04	{N}
UPI000C1B6083	SINGLE	7	396	441	9	6.739e-04	{D}
UPI000C1B6083	MULTIPLE	1	5	505	120	1.102e-09	{IRN}
UPI000C1B6083	MULTIPLE	2	396	444	17	1.826e-05	{KD}
UPI000C1B6083	WHOLE	1	1	539	43	4.073e-04	{R}
UPI000C2229E9	SINGLE	1	116	377	38	6.789e-11	{Q}
UPI000C2229E9	SINGLE	2	42	386	57	6.080e-06	{L}
UPI000C2229E9	SINGLE	3	128	176	7	7.964e-05	{H}
UPI000C2229E9	SINGLE	4	315	403	9	1.212e-04	{H}
UPI000C2229E9	SINGLE	5	33	76	11	3.565e-04	{A}
UPI000C2229E9	SINGLE	6	196	213	6	6.250e-04	{E}
UPI000C2229E9	MULTIPLE	1	114	378	124	6.596e-19	{QLHE}
UPI000C2229E9	MULTIPLE	2	49	78	13	2.510e-05	{AR}
UPI000C2229E9	WHOLE	1	1	553	50	6.479e-07	{Q}
UPI000C2229E9	WHOLE	2	1	553	76	1.202e-04	{L}
UPI000C29037F	SINGLE	1	1	91	17	1.274e-11	{M}
UPI000C29037F	SINGLE	2	10	121	25	1.131e-06	{A}
UPI000C29037F	SINGLE	3	125	143	6	1.006e-04	{Q}
UPI000C29037F	SINGLE	4	27	137	10	1.349e-04	{H}
UPI000C29037F	SINGLE	5	42	77	9	6.572e-04	{S}
UPI000C29037F	MULTIPLE	1	10	139	70	2.246e-18	{MAHS}
UPI000C29037F	WHOLE	1	1	144	18	2.811e-09	{M}
UPI000C29037F	WHOLE	2	1	144	26	3.433e-05	{A}
UPI000C29037F	WHOLE	3	1	144	10	9.708e-04	{H}
UPI000CDBC42F	SINGLE	1	395	415	11	1.932e-08	{G}
UPI000CDBC42F	SINGLE	2	66	448	41	1.061e-06	{R}
UPI000CDBC42F	SINGLE	3	388	409	7	2.506e-05	{Q}
UPI000CDBC42F	SINGLE	4	57	206	26	6.832e-04	{L}
UPI000CDBC42F	SINGLE	5	223	276	6	9.624e-04	{H}
UPI000CDBC42F	MULTIPLE	1	390	409	16	1.320e-12	{GQ}
UPI000CDBC42F	MULTIPLE	2	62	448	55	2.691e-07	{RH}
UPI000CDBC42F	WHOLE	1	1	454	44	5.546e-06	{R}
UPI000CDBF821	SINGLE	1	90	499	74	1.033e-08	{L}
UPI000CDBF821	SINGLE	2	8	192	33	4.799e-06	{A}
UPI000CDBF821	SINGLE	3	16	182	18	7.378e-05	{F}
UPI000CDBF821	SINGLE	4	442	482	6	2.231e-04	{M}
UPI000CDBF821	SINGLE	5	241	297	12	4.812e-04	{S}
UPI000CDBF821	SINGLE	6	82	112	8	5.305e-04	{V}
UPI000CDBF821	SINGLE	7	483	497	6	5.574e-04	{A}
UPI000CDBF821	MULTIPLE	1	1	503	243	5.998e-19	{LAFMV}
UPI000CDBF821	WHOLE	1	1	511	82	2.988e-07	{L}
UPI000CDBF821	WHOLE	2	1	511	64	6.781e-05	{A}
UPI000CDC046F	SINGLE	1	510	656	19	2.400e-06	{Y}
UPI000CDC046F	SINGLE	2	168	819	73	5.018e-06	{G}
UPI000CDC046F	SINGLE	3	828	874	10	4.354e-05	{P}
UPI000CDC046F	SINGLE	4	31	646	56	1.147e-04	{D}
UPI000CDC046F	SINGLE	5	548	662	20	1.372e-04	{S}
UPI000CDC046F	SINGLE	6	694	877	25	2.296e-04	{V}
UPI000CDC046F	SINGLE	7	487	584	9	2.457e-04	{M}
UPI000CDC046F	SINGLE	8	208	247	5	2.857e-04	{W}
UPI000CDC046F	SINGLE	9	505	737	22	3.218e-04	{N}
UPI000CDC046F	MULTIPLE	1	156	666	248	1.055e-16	{YGDSMWN}
UPI000CDC046F	MULTIPLE	2	694	877	40	1.580e-05	{PV}
UPI000CDC046F	WHOLE	1	1	881	72	3.159e-04	{D}
UPI000CDC046F	WHOLE	2	1	881	83	3.274e-04	{G}
UPI000CDC046F	WHOLE	3	1	881	52	4.984e-04	{Y}
UPI000CDC0D1E	SINGLE	1	5	498	112	2.571e-19	{L}
UPI000CDC0D1E	SINGLE	2	80	502	26	1.794e-09	{W}
UPI000CDC0D1E	SINGLE	3	2	251	39	1.771e-05	{A}
UPI000CDC0D1E	SINGLE	4	260	274	5	4.635e-04	{R}
UPI000CDC0D1E	MULTIPLE	1	2	502	205	2.187e-31	{LWA}
UPI000CDC0D1E	WHOLE	1	1	511	113	1.271e-18	{L}
UPI000CDC0D1E	WHOLE	2	1	511	28	5.322e-09	{W}
UPI000CDC0D1E	WHOLE	3	1	511	65	3.964e-05	{A}
UPI000CDC0E39	SINGLE	1	15	72	15	2.310e-05	{A}
UPI000CDC0E39	SINGLE	2	454	468	5	4.635e-04	{R}
UPI000CDC4A35	SINGLE	1	5	19	4	7.491e-05	{C}
UPI000CDC4A35	SINGLE	2	123	141	6	9.809e-05	{N}
UPI000CDC7E0F	SINGLE	1	224	269	11	7.292e-06	{R}
UPI000CDC7E0F	SINGLE	2	216	352	9	1.898e-04	{W}
UPI000CDC7E0F	SINGLE	3	267	328	9	5.233e-04	{F}
UPI000CDC7E0F	SINGLE	4	281	345	12	6.419e-04	{V}
UPI000CDC7E0F	SINGLE	5	272	358	12	8.243e-04	{I}
UPI000CDC7E0F	MULTIPLE	1	245	269	10	1.179e-06	{RW}
UPI000CDC7E0F	MULTIPLE	2	267	361	35	1.727e-07	{FVI}
UPI000CDCAAA5	SINGLE	1	69	806	62	3.763e-07	{N}
UPI000CDCAAA5	SINGLE	2	654	711	16	6.249e-07	{G}
UPI000CDCAAA5	SINGLE	3	463	695	22	5.549e-05	{Y}
UPI000CDCAAA5	SINGLE	4	603	624	8	8.192e-05	{S}
UPI000CDCAAA5	SINGLE	5	171	435	33	2.105e-04	{G}
UPI000CDCAAA5	SINGLE	6	33	62	9	2.883e-04	{A}
UPI000CDCAAA5	SINGLE	7	225	239	6	3.585e-04	{S}
UPI000CDCAAA5	SINGLE	8	697	794	16	3.825e-04	{V}
UPI000CDCAAA5	SINGLE	9	26	53	6	5.597e-04	{F}
UPI000CDCAAA5	SINGLE	10	220	249	4	9.144e-04	{W}
UPI000CDCAAA5	MULTIPLE	1	178	707	204	3.467e-15	{NGYSW}
UPI000CDCAAA5	MULTIPLE	2	24	62	16	2.809e-06	{AF}
UPI000CDCAAA5	WHOLE	1	1	878	68	1.786e-06	{N}
UPI000CDCAAA5	WHOLE	2	1	878	84	2.003e-04	{G}
UPI000CDCBCAF	SINGLE	1	267	1031	67	2.839e-06	{I}
UPI000CDCBCAF	SINGLE	2	36	409	45	2.928e-05	{V}
UPI000CDCBCAF	SINGLE	3	450	577	26	6.034e-05	{L}
UPI000CDCBCAF	SINGLE	4	573	1038	24	7.573e-05	{M}
UPI000CDCBCAF	SINGLE	5	864	915	13	4.981e-04	{L}
UPI000CDCBCAF	SINGLE	6	479	493	6	5.574e-04	{A}
UPI000CDCBCAF	MULTIPLE	1	15	1040	435	5.225e-16	{IVLMA}
UPI000CDCBCAF	WHOLE	1	1	1047	83	9.000e-06	{I}
UPI000CDCBCAF	WHOLE	2	1	1047	100	3.444e-05	{V}
UPI000CDCCC5F	SINGLE	1	274	542	52	9.090e-10	{A}
UPI000CDCCC5F	SINGLE	2	44	521	39	7.533e-05	{Q}
UPI000CDCCC5F	SINGLE	3	11	28	8	8.554e-05	{L}
UPI000CDCCC5F	SINGLE	4	361	377	6	1.019e-04	{I}
UPI000CDCCC5F	SINGLE	5	196	210	6	2.045e-04	{V}
UPI000CDCCC5F	SINGLE	6	343	541	26	3.164e-04	{V}
UPI000CDCCC5F	MULTIPLE	1	42	542	191	1.428e-13	{AQIV}
UPI000CDCCC5F	WHOLE	1	1	551	78	1.825e-07	{A}
UPI000CDCCC5F	WHOLE	2	1	551	40	5.551e-04	{Q}
UPI000CDCD665	SINGLE	1	317	449	12	7.465e-07	{W}
UPI000CDCD665	SINGLE	2	124	348	28	2.122e-04	{T}
UPI000CDCD665	SINGLE	3	43	57	5	9.005e-04	{D}
UPI000CDCD665	WHOLE	1	1	783	24	5.192e-04	{W}
UPI000CF49DA5	SINGLE	1	3	524	42	5.850e-05	{Q}
UPI000CF49DA5	SINGLE	2	101	543	40	6.010e-05	{R}
UPI000CF49DA5	SINGLE	3	566	596	5	4.717e-04	{M}
UPI000CF49DA5	SINGLE	4	380	403	4	5.044e-04	{C}
UPI000CF49DA5	SINGLE	5	55	202	26	5.654e-04	{L}
UPI000CF49DA5	SINGLE	6	253	268	6	8.219e-04	{A}
UPI000CF49DA5	MULTIPLE	1	15	543	153	1.911e-07	{QRCL}
UPI000CF49DA5	WHOLE	1	1	609	43	6.123e-04	{Q}
UPI000D19980E	SINGLE	1	222	254	8	1.128e-04	{R}
UPI000D19980E	SINGLE	2	293	352	9	4.131e-04	{F}
UPI000DC76CC1	SINGLE	1	37	51	4	2.419e-04	{H}
UPI000DC76CC1	SINGLE	2	188	234	9	2.802e-04	{R}
UPI000DC76CC1	SINGLE	3	5	153	24	3.505e-04	{A}
UPI000DC76CC1	SINGLE	4	24	38	5	4.135e-04	{P}
UPI000DC76CC1	SINGLE	5	154	175	7	5.623e-04	{S}
UPI000DC76CC1	SINGLE	6	87	102	5	6.419e-04	{R}
UPI000DC76CC1	SINGLE	7	190	210	5	9.823e-04	{F}
UPI000DC76CC1	MULTIPLE	1	5	147	40	1.788e-05	{HAP}
UPI000DC76CC1	MULTIPLE	2	188	227	13	1.686e-05	{RF}
UPI000E143DAD	SINGLE	1	148	171	6	1.935e-04	{Y}
UPI000E143DAD	SINGLE	2	146	160	4	2.419e-04	{H}
UPI000E143DAD	SINGLE	3	76	172	7	5.421e-04	{W}
UPI000E143DAD	MULTIPLE	1	146	171	10	1.107e-06	{YH}
UPI000E46655F	SINGLE	1	2	29	8	2.702e-05	{P}
UPI000E46655F	SINGLE	2	33	47	5	4.635e-04	{R}
UPI000E46655F	WHOLE	1	1	54	9	6.530e-04	{P}
UPI000E466563	SINGLE	1	4	23	8	2.396e-06	{I}
UPI000E466563	WHOLE	1	1	24	8	1.143e-05	{I}
UPI000E5A075B	SINGLE	1	3	225	24	1.245e-04	{R}
UPI000E5A075B	SINGLE	2	57	80	4	5.044e-04	{C}
UPI000E5A075B	WHOLE	1	1	228	24	1.704e-04	{R}
UPI000F04D3B5	SINGLE	1	406	529	13	4.629e-08	{W}
UPI000F04D3B5	SINGLE	2	228	399	27	8.113e-08	{I}
UPI000F04D3B5	SINGLE	3	22	42	5	1.648e-05	{C}
UPI000F04D3B5	SINGLE	4	158	172	6	3.887e-05	{R}
UPI000F04D3B5	SINGLE	5	232	392	25	4.097e-05	{G}
UPI000F04D3B5	SINGLE	6	486	503	7	7.377e-05	{V}
UPI000F04D3B5	SINGLE	7	474	507	6	7.789e-05	{M}
UPI000F04D3B5	SINGLE	8	2	449	64	1.294e-04	{L}
UPI000F04D3B5	SINGLE	9	17	57	8	1.400e-04	{F}
UPI000F04D3B5	SINGLE	10	126	473	44	5.524e-04	{A}
UPI000F04D3B5	MULTIPLE	1	436	529	35	2.376e-12	{WVM}
UPI000F04D3B5	MULTIPLE	2	228	399	52	2.945e-11	{IG}
UPI000F04D3B5	MULTIPLE	3	17	57	13	1.555e-07	{CF}
UPI000F04D3B5	MULTIPLE	4	58	425	96	3.634e-06	{LA}
UPI000F04D3B5	WHOLE	1	1	547	20	1.785e-04	{W}
UPI000F04D3B5	WHOLE	2	1	547	44	5.206e-04	{I}
UPI000F066BC2	SINGLE	1	3	27	7	5.249e-04	{K}
UPI000F066BC2	WHOLE	1	1	27	7	8.537e-04	{K}
UPI000F070FD0	SINGLE	1	14	28	6	3.887e-05	{R}
UPI000F0CBD1D	SINGLE	1	5	89	16	7.607e-05	{V}
UPI000F0CBD1D	SINGLE	2	14	63	10	2.943e-04	{D}
UPI000F0CBD1D	MULTIPLE	1	14	71	21	1.451e-06	{VD}
UPI000F0CBD1D	WHOLE	1	1	93	16	2.150e-04	{V}
UPI000F4DC814	SINGLE	1	14	34	6	2.747e-04	{P}
UPI000FA103B9	SINGLE	1	22	395	40	2.778e-06	{I}
UPI000FA103B9	SINGLE	2	111	229	16	4.077e-05	{N}
UPI000FA103B9	SINGLE	3	300	327	9	5.211e-04	{L}
UPI000FA103B9	MULTIPLE	1	110	230	31	9.275e-08	{IN}
UPI000FA103B9	WHOLE	1	1	417	41	1.475e-05	{I}
UPI000FA404F9	SINGLE	1	31	99	12	6.211e-05	{P}
UPI000FA404F9	SINGLE	2	3	60	13	6.889e-05	{G}
UPI000FA404F9	MULTIPLE	1	3	99	29	4.366e-07	{PG}
UPI000FA404F9	WHOLE	1	1	147	22	1.821e-04	{G}
UPI000FA4C16F	SINGLE	1	8	50	9	1.172e-04	{P}
UPI000FA4C16F	SINGLE	2	4	33	4	9.144e-04	{W}
UPI000FA4C16F	MULTIPLE	1	4	50	13	2.978e-06	{PW}
UPI000FA9C1C8	SINGLE	1	264	278	4	7.491e-05	{C}
UPI000FA9C1C8	SINGLE	2	124	209	12	1.019e-04	{F}
UPI000FA9C1C8	SINGLE	3	305	332	5	2.914e-04	{M}
UPI000FA9C1C8	SINGLE	4	39	335	26	3.218e-04	{N}
UPI000FA9C1C8	MULTIPLE	1	39	335	35	5.021e-05	{CN}
UPI000FA9C1C8	WHOLE	1	1	335	27	8.124e-04	{N}
UPI000FB54BEA	SINGLE	1	53	103	12	3.545e-04	{A}
UPI000FB54BEA	SINGLE	2	36	50	5	4.635e-04	{R}
UPI000FBBE73E	SINGLE	1	168	387	24	2.176e-05	{N}
UPI000FBBE73E	SINGLE	2	189	370	19	4.613e-05	{Y}
UPI000FBBE73E	SINGLE	3	174	188	5	2.936e-04	{Q}
UPI000FBBE73E	SINGLE	4	1	110	14	5.531e-04	{R}
UPI000FBBE73E	MULTIPLE	1	163	387	44	2.616e-08	{NY}
UPI0010779A14	SINGLE	1	3	198	21	8.363e-05	{N}
UPI0010779A14	SINGLE	2	95	115	6	1.066e-04	{F}
UPI0010779A14	SINGLE	3	4	286	32	4.014e-04	{K}
UPI0010779A14	SINGLE	4	192	232	8	6.286e-04	{I}
UPI0010779A14	MULTIPLE	1	2	286	98	9.076e-10	{NFKI}
UPI00107B0C41	SINGLE	1	28	61	5	7.231e-04	{H}
UPI0010CB0AA4	SINGLE	1	125	174	14	2.517e-06	{G}
UPI0010CB0AA4	SINGLE	2	61	99	8	7.628e-05	{Y}
UPI0010CB0AA4	SINGLE	3	146	245	8	1.811e-04	{C}
UPI0010CB0AA4	SINGLE	4	46	60	5	2.936e-04	{Q}
UPI00111F17CA	SINGLE	1	16	118	16	3.363e-05	{I}
UPI00111F17CA	SINGLE	2	58	110	7	1.308e-04	{M}
UPI00111F17CA	SINGLE	3	22	51	8	4.209e-04	{V}
UPI00111F17CA	MULTIPLE	1	7	118	38	2.710e-08	{IMV}
UPI00111F17CA	WHOLE	1	1	179	21	1.420e-04	{I}
UPI00127B76AB	SINGLE	1	12	263	31	1.181e-06	{R}
UPI00127B76AB	SINGLE	2	198	231	5	1.322e-04	{W}
UPI00127B76AB	SINGLE	3	225	281	7	2.055e-04	{H}
UPI00127B76AB	SINGLE	4	83	192	21	6.080e-04	{L}
UPI00127B76AB	MULTIPLE	1	21	281	53	1.422e-09	{RWH}
UPI00127B76AB	WHOLE	1	1	282	32	4.317e-06	{R}
UPI0012B7C278	SINGLE	1	4	374	51	5.706e-08	{K}
UPI0012B7C278	SINGLE	2	120	141	6	1.409e-04	{F}
UPI0012B7C278	SINGLE	3	5	259	26	2.384e-04	{I}
UPI0012B7C278	SINGLE	4	15	309	33	8.651e-04	{E}
UPI0012B7C278	MULTIPLE	1	4	357	115	5.525e-12	{KIE}
UPI0012B7C278	WHOLE	1	1	376	51	8.646e-08	{K}
UPI0013C32025	SINGLE	1	224	248	9	1.426e-05	{V}
UPI0013C32025	SINGLE	2	36	246	23	1.398e-04	{R}
UPI0013C32025	SINGLE	3	7	125	9	9.515e-04	{H}
UPI0013C32025	MULTIPLE	1	6	248	64	4.269e-08	{VRH}
UPI0013C32025	WHOLE	1	1	254	25	3.366e-04	{R}
UPI0014708668	SINGLE	1	33	236	23	8.685e-05	{R}
UPI0014708668	SINGLE	2	18	32	4	2.419e-04	{H}
UPI0014708668	SINGLE	3	6	261	12	3.909e-04	{W}
UPI0014708668	MULTIPLE	1	33	241	32	1.936e-06	{RW}
UPI0014708668	WHOLE	1	1	267	12	5.551e-04	{W}
UPI001556EEB5	SINGLE	1	206	251	28	8.247e-22	{G}
UPI001556EEB5	SINGLE	2	197	261	17	1.978e-06	{S}
UPI001556EEB5	SINGLE	3	273	349	14	6.170e-05	{D}
UPI001556EEB5	SINGLE	4	290	308	6	9.809e-05	{N}
UPI001556EEB5	SINGLE	5	9	72	14	1.164e-04	{S}
UPI001556EEB5	SINGLE	6	126	144	6	1.511e-04	{P}
UPI001556EEB5	SINGLE	7	154	168	5	1.557e-04	{Y}
UPI001556EEB5	SINGLE	8	56	70	6	5.574e-04	{A}
UPI001556EEB5	MULTIPLE	1	206	257	43	1.128e-28	{GS}
UPI001556EEB5	MULTIPLE	2	273	341	19	1.998e-05	{DN}
UPI001556EEB5	MULTIPLE	3	9	72	24	6.707e-06	{SA}
UPI001556EEB5	WHOLE	1	1	426	60	2.170e-08	{G}
UPI001556EEB5	WHOLE	2	1	426	51	1.328e-04	{S}
UPI001658D991	SINGLE	1	24	385	32	7.386e-05	{Q}
UPI001658D991	SINGLE	2	110	364	37	1.176e-04	{A}
UPI001658D991	SINGLE	3	490	504	6	2.045e-04	{V}
UPI001658D991	SINGLE	4	528	543	5	4.001e-04	{N}
UPI001658D991	SINGLE	5	265	554	33	8.944e-04	{G}
UPI001658D991	SINGLE	6	175	227	11	9.003e-04	{S}
UPI001658D991	MULTIPLE	1	76	337	88	2.240e-08	{QAS}
UPI001658D991	MULTIPLE	2	265	554	52	1.191e-04	{NG}
UPI0016591DE1	SINGLE	1	196	248	13	1.358e-04	{A}
UPI0016591DE1	SINGLE	2	178	288	18	1.971e-04	{E}
UPI0016591DE1	SINGLE	3	239	253	5	2.936e-04	{Q}
UPI0016591DE1	SINGLE	4	5	136	10	5.140e-04	{H}
UPI0016591DE1	SINGLE	5	102	160	11	6.576e-04	{K}
UPI0016591DE1	MULTIPLE	1	194	257	32	1.169e-08	{AEQ}
UPI0016591F47	SINGLE	1	149	165	7	1.565e-04	{A}
UPI0016591F47	SINGLE	2	50	64	6	2.293e-04	{G}
UPI0016591F47	SINGLE	3	88	356	26	3.420e-04	{R}
UPI0016591F47	SINGLE	4	159	197	9	4.111e-04	{K}
UPI0016591F47	SINGLE	5	40	136	19	7.701e-04	{L}
UPI0016591F47	MULTIPLE	1	154	184	14	2.305e-05	{AK}
UPI0016591F47	MULTIPLE	2	40	131	28	2.009e-04	{GL}
UPI0016591F47	WHOLE	1	1	359	31	6.491e-04	{R}
UPI0016592578	SINGLE	1	22	744	76	1.439e-10	{R}
UPI0016592578	SINGLE	2	36	537	72	3.062e-07	{A}
UPI0016592578	SINGLE	3	415	429	7	1.659e-04	{L}
UPI0016592578	SINGLE	4	130	146	6	3.477e-04	{T}
UPI0016592578	SINGLE	5	19	54	7	6.427e-04	{N}
UPI0016592578	MULTIPLE	1	36	726	245	9.887e-17	{RAL}
UPI0016592578	WHOLE	1	1	780	77	1.769e-09	{R}
UPI0016592578	WHOLE	2	1	780	94	1.061e-05	{A}
UPI0016592578	WHOLE	3	1	780	96	7.053e-04	{L}
UPI001659DC43	SINGLE	1	151	741	52	7.822e-07	{N}
UPI001659DC43	SINGLE	2	275	676	36	1.320e-06	{Y}
UPI001659DC43	SINGLE	3	189	614	58	1.474e-06	{S}
UPI001659DC43	SINGLE	4	23	801	58	2.847e-05	{Q}
UPI001659DC43	SINGLE	5	371	393	8	6.542e-05	{G}
UPI001659DC43	SINGLE	6	32	56	7	5.249e-04	{K}
UPI001659DC43	SINGLE	7	565	585	6	6.796e-04	{D}
UPI001659DC43	SINGLE	8	130	193	10	6.801e-04	{R}
UPI001659DC43	SINGLE	9	601	666	12	8.742e-04	{G}
UPI001659DC43	MULTIPLE	1	151	659	259	6.296e-21	{NYSQGR}
UPI001659DC43	WHOLE	1	1	803	59	3.068e-05	{N}
UPI001659DC43	WHOLE	2	1	803	58	6.068e-05	{Q}
UPI001659DC43	WHOLE	3	1	803	84	1.659e-04	{S}
UPI001659DC43	WHOLE	4	1	803	50	2.122e-04	{Y}
UPI0016A6A4D7	SINGLE	1	170	256	18	4.079e-06	{K}
UPI0016A6A4D7	SINGLE	2	36	190	19	1.621e-04	{I}
UPI0016A6A4D7	SINGLE	3	166	231	14	1.622e-04	{S}
UPI0016A6A4D7	SINGLE	4	140	162	6	3.060e-04	{N}
UPI0016A6A4D7	MULTIPLE	1	170	247	29	8.727e-08	{KS}
UPI0016A6A4D7	MULTIPLE	2	58	176	26	1.858e-05	{IN}
UPI0016A77C02	SINGLE	1	228	323	12	1.130e-06	{H}
UPI0016A77C02	SINGLE	2	36	380	37	3.147e-06	{R}
UPI0016A77C02	SINGLE	3	4	388	47	4.778e-06	{T}
UPI0016A77C02	SINGLE	4	31	278	26	8.260e-04	{D}
UPI0016A77C02	SINGLE	5	17	146	13	9.067e-04	{Y}
UPI0016A77C02	MULTIPLE	1	4	388	164	9.217e-19	{HRTDY}
UPI0016A77C02	WHOLE	1	1	402	47	1.395e-05	{T}
UPI0016A77C02	WHOLE	2	1	402	39	1.672e-05	{R}
UPI0016A77C02	WHOLE	3	1	402	22	6.263e-05	{H}
UPI0016A8EF9D	SINGLE	1	1	508	54	3.521e-08	{R}
UPI0016A8EF9D	SINGLE	2	356	451	12	1.130e-06	{H}
UPI0016A8EF9D	SINGLE	3	50	516	52	1.932e-05	{T}
UPI0016A8EF9D	SINGLE	4	9	406	38	4.503e-04	{D}
UPI0016A8EF9D	SINGLE	5	8	422	29	6.505e-04	{Y}
UPI0016A8EF9D	MULTIPLE	1	8	516	209	4.253e-21	{RHTDY}
UPI0016A8EF9D	WHOLE	1	1	530	55	5.741e-08	{R}
UPI0016A8EF9D	WHOLE	2	1	530	55	6.985e-05	{T}
UPI0016A8EF9D	WHOLE	3	1	530	26	8.508e-05	{H}
UPI0016A9FA55	SINGLE	1	193	258	13	2.146e-04	{E}
UPI0016A9FA55	SINGLE	2	230	266	5	2.727e-04	{C}
UPI0016A9FA55	SINGLE	3	71	85	5	2.875e-04	{N}
UPI0016A9FA55	MULTIPLE	1	193	266	18	1.446e-05	{EC}
UPI001760208E	SINGLE	1	32	294	35	4.047e-08	{R}
UPI001760208E	SINGLE	2	373	411	8	7.628e-05	{Y}
UPI001760208E	SINGLE	3	140	154	4	2.419e-04	{H}
UPI001760208E	SINGLE	4	112	171	9	3.204e-04	{Y}
UPI001760208E	SINGLE	5	183	206	4	3.879e-04	{W}
UPI001760208E	SINGLE	6	1	246	29	3.907e-04	{T}
UPI001760208E	SINGLE	7	450	564	17	4.869e-04	{T}
UPI001760208E	MULTIPLE	1	1	240	85	2.769e-12	{RHYT}
UPI001760208E	WHOLE	1	1	586	46	3.745e-04	{R}
UPI001763E502	SINGLE	1	31	66	9	1.020e-04	{D}
UPI001763E502	SINGLE	2	68	82	5	2.875e-04	{N}
UPI001763E502	SINGLE	3	14	28	6	5.574e-04	{A}
UPI001764A9DD	SINGLE	1	26	268	47	5.315e-09	{A}
UPI001764A9DD	WHOLE	1	1	271	47	1.537e-07	{A}
UPI001773540B	SINGLE	1	9	283	40	8.308e-10	{I}
UPI001773540B	SINGLE	2	31	120	13	3.804e-05	{F}
UPI001773540B	SINGLE	3	94	108	4	2.419e-04	{M}
UPI001773540B	SINGLE	4	165	190	9	2.859e-04	{L}
UPI001773540B	MULTIPLE	1	8	283	115	2.943e-16	{IFML}
UPI001773540B	WHOLE	1	1	283	40	1.909e-09	{I}
UPI001773540B	WHOLE	2	1	283	23	4.965e-04	{F}
UPI001773D6C4	SINGLE	1	51	65	6	5.574e-04	{A}
UPI0017CC6BBA	SINGLE	1	50	87	9	5.213e-05	{R}
UPI0017CC6BBA	SINGLE	2	4	103	22	6.298e-05	{L}
UPI0017CC6BBA	SINGLE	3	127	142	5	2.180e-04	{Y}
UPI0017CC6BBA	SINGLE	4	32	56	7	7.029e-04	{E}
UPI0017CC6BBA	MULTIPLE	1	32	83	27	3.992e-07	{RLE}
UPI0017CC6BBA	WHOLE	1	1	144	26	3.802e-04	{L}
UPI0018162DC9	SINGLE	1	33	57	10	8.426e-06	{A}
UPI0018162DC9	SINGLE	2	99	210	9	7.158e-05	{C}
UPI0018162DC9	SINGLE	3	210	224	6	5.574e-04	{A}
UPI001898F2D2	SINGLE	1	217	244	8	1.585e-05	{Q}
UPI001898F2D2	SINGLE	2	156	201	12	5.376e-04	{L}
UPI0019900B44	SINGLE	1	13	188	29	6.846e-05	{A}
UPI0019D812F1	SINGLE	1	70	550	60	1.546e-11	{R}
UPI0019D812F1	SINGLE	2	266	330	20	6.951e-07	{L}
UPI0019D812F1	SINGLE	3	38	52	7	1.659e-04	{L}
UPI0019D812F1	SINGLE	4	72	88	4	4.036e-04	{H}
UPI0019D812F1	MULTIPLE	1	70	550	80	3.728e-13	{RH}
UPI0019D812F1	WHOLE	1	1	552	64	7.331e-11	{R}
UPI0019D812F1	WHOLE	2	1	552	73	4.262e-04	{L}
UPI0019E1A72F	SINGLE	1	50	402	45	1.236e-05	{G}
UPI0019E1A72F	SINGLE	2	6	31	9	8.726e-05	{A}
UPI0019E1A72F	SINGLE	3	162	181	4	1.878e-04	{W}
UPI0019E1A72F	SINGLE	4	70	85	5	2.180e-04	{Y}
UPI0019E1A72F	MULTIPLE	1	50	408	78	5.411e-08	{GWY}
UPI0019E1A72F	WHOLE	1	1	421	47	1.734e-04	{G}
UPI0019E3AB59	SINGLE	1	3	121	21	1.840e-05	{V}
UPI0019E3AB59	SINGLE	2	14	31	8	8.554e-05	{L}
UPI0019E3AB59	SINGLE	3	84	117	11	1.242e-04	{L}
UPI0019E3AB59	SINGLE	4	29	81	8	8.045e-04	{F}
UPI0019E3AB59	SINGLE	5	58	99	10	9.468e-04	{A}
UPI0019E3AB59	MULTIPLE	1	3	121	69	2.056e-12	{VLFA}
UPI0019E3AB59	WHOLE	1	1	126	21	4.265e-05	{V}
UPI0019E3AB59	WHOLE	2	1	126	23	6.553e-04	{L}
UPI0019E97B2D	SINGLE	1	29	283	30	7.023e-06	{I}
UPI0019E97B2D	SINGLE	2	160	310	24	2.865e-05	{V}
UPI0019E97B2D	SINGLE	3	116	304	14	6.009e-05	{H}
UPI0019E97B2D	MULTIPLE	1	24	311	80	1.253e-10	{IVH}
UPI0019E97B2D	WHOLE	1	1	326	32	1.086e-04	{I}
UPI0019F4495B	SINGLE	1	12	289	23	2.009e-10	{C}
UPI0019F4495B	SINGLE	2	16	58	9	2.963e-07	{H}
UPI0019F4495B	SINGLE	3	544	560	6	8.712e-05	{R}
UPI0019F4495B	SINGLE	4	110	224	21	1.477e-04	{A}
UPI0019F4495B	SINGLE	5	276	652	41	6.271e-04	{G}
UPI0019F4495B	MULTIPLE	1	12	295	41	2.261e-13	{CH}
UPI0019F4495B	MULTIPLE	2	276	652	68	4.452e-05	{RG}
UPI0019F4495B	WHOLE	1	1	659	28	3.028e-06	{C}
UPI0019F4495B	WHOLE	2	1	659	27	8.348e-04	{H}
UPI0019F877CA	SINGLE	1	139	799	60	2.916e-06	{I}
UPI0019F877CA	SINGLE	2	672	690	4	6.290e-04	{M}
UPI0019F877CA	WHOLE	1	1	799	67	1.039e-05	{I}
UPI0019FB56EF	SINGLE	1	47	215	34	2.238e-07	{A}
UPI0019FB56EF	SINGLE	2	430	468	10	1.427e-04	{G}
UPI0019FB56EF	SINGLE	3	4	35	7	3.092e-04	{N}
UPI0019FB56EF	WHOLE	1	1	482	63	2.393e-05	{A}
UPI0019FD93F6	SINGLE	1	175	193	4	1.994e-04	{C}
UPI0019FD93F6	SINGLE	2	11	241	25	6.659e-04	{D}
UPI0019FD93F6	SINGLE	3	84	285	10	7.505e-04	{W}
UPI0019FD93F6	MULTIPLE	1	11	272	35	1.183e-04	{DW}
UPI001A01762A	SINGLE	1	26	280	29	1.586e-06	{N}
UPI001A01762A	SINGLE	2	29	215	30	4.288e-06	{G}
UPI001A01762A	SINGLE	3	7	22	8	9.559e-06	{A}
UPI001A01762A	SINGLE	4	28	367	37	4.823e-05	{D}
UPI001A01762A	SINGLE	5	25	375	27	2.476e-04	{Y}
UPI001A01762A	SINGLE	6	214	332	20	5.833e-04	{A}
UPI001A01762A	MULTIPLE	1	25	372	173	9.055e-18	{NGDYA}
UPI001A01762A	WHOLE	1	1	377	34	2.939e-05	{N}
UPI001A01762A	WHOLE	2	1	377	43	1.969e-04	{G}
UPI001A01762A	WHOLE	3	1	377	37	3.259e-04	{D}
UPI001A01762A	WHOLE	4	1	377	27	6.759e-04	{Y}
UPI001A09DA4C	SINGLE	1	28	599	52	5.318e-06	{R}
UPI001A09DA4C	SINGLE	2	848	869	6	2.364e-04	{N}
UPI001A09DA4C	SINGLE	3	783	845	15	3.402e-04	{L}
UPI001A09DA4C	SINGLE	4	178	708	54	3.640e-04	{E}
UPI001A09DA4C	SINGLE	5	157	337	12	4.948e-04	{H}
UPI001A09DA4C	SINGLE	6	644	795	19	5.165e-04	{D}
UPI001A09DA4C	SINGLE	7	174	386	34	5.649e-04	{L}
UPI001A09DA4C	SINGLE	8	511	557	11	6.339e-04	{A}
UPI001A09DA4C	SINGLE	9	893	926	9	7.625e-04	{A}
UPI001A09DA4C	MULTIPLE	1	72	774	340	6.863e-12	{REHDLA}
UPI001A09DA4C	WHOLE	1	1	968	74	2.999e-05	{R}
UPI001A09DA4C	WHOLE	2	1	968	117	4.626e-04	{L}
UPI001A0B0565	SINGLE	1	46	166	21	2.410e-05	{E}
UPI001A0B0565	SINGLE	2	205	219	4	7.491e-05	{C}
UPI001A0B0565	WHOLE	1	1	221	28	3.244e-04	{E}
UPI001BDAC2B7	SINGLE	1	70	104	12	3.333e-05	{L}
UPI001BDAC2B7	SINGLE	2	44	67	6	1.935e-04	{Y}
UPI001C2A1163	SINGLE	1	12	184	30	2.072e-05	{A}
UPI00223609E8	SINGLE	1	374	388	4	5.704e-05	{W}
UPI00223609E8	SINGLE	2	296	315	6	1.375e-04	{Q}
UPI00223609E8	SINGLE	3	10	48	10	1.427e-04	{G}
UPI00223609E8	SINGLE	4	182	321	26	2.504e-04	{L}
UPI00223609E8	SINGLE	5	6	25	7	4.883e-04	{A}
UPI00223609E8	MULTIPLE	1	179	321	38	1.562e-05	{QL}
UPI00223609E8	MULTIPLE	2	10	48	16	3.826e-05	{GA}
UPI002272C4F4	SINGLE	1	2	78	14	2.926e-04	{E}
UPI002272C4F4	WHOLE	1	1	86	14	8.626e-04	{E}
UPI0022743031	SINGLE	1	5	227	32	5.381e-06	{K}
UPI0022743031	SINGLE	2	180	199	7	6.448e-06	{F}
UPI0022743031	SINGLE	3	200	219	8	1.792e-05	{E}
UPI0022743031	SINGLE	4	131	153	8	1.165e-04	{S}
UPI0022743031	SINGLE	5	106	164	10	1.605e-04	{N}
UPI0022743031	SINGLE	6	204	225	6	4.771e-04	{I}
UPI0022743031	SINGLE	7	69	120	9	7.198e-04	{I}
UPI0022743031	MULTIPLE	1	3	227	111	2.517e-14	{KFENI}
UPI0022743031	WHOLE	1	1	230	32	9.975e-06	{K}
UPI0022952E9E	SINGLE	1	121	911	67	1.243e-07	{Q}
UPI0022952E9E	SINGLE	2	569	606	13	1.187e-06	{S}
UPI0022952E9E	SINGLE	3	330	799	61	3.738e-05	{A}
UPI0022952E9E	SINGLE	4	4	20	8	5.235e-05	{L}
UPI0022952E9E	SINGLE	5	219	638	35	1.017e-04	{N}
UPI0022952E9E	SINGLE	6	47	80	5	7.231e-04	{H}
UPI0022952E9E	SINGLE	7	157	191	7	9.843e-04	{R}
UPI0022952E9E	MULTIPLE	1	128	911	251	7.471e-13	{QANR}
UPI0022952E9E	WHOLE	1	1	927	72	1.008e-06	{Q}
UPI0022952E9E	WHOLE	2	1	927	60	5.367e-04	{N}
UPI0028D9CEA1	SINGLE	1	212	693	64	6.826e-08	{G}
UPI0028D9CEA1	SINGLE	2	431	779	37	3.911e-07	{N}
UPI0028D9CEA1	SINGLE	3	440	460	9	6.304e-06	{S}
UPI0028D9CEA1	SINGLE	4	167	199	9	6.876e-06	{N}
UPI0028D9CEA1	SINGLE	5	504	524	7	7.349e-06	{Y}
UPI0028D9CEA1	SINGLE	6	13	142	18	1.031e-05	{Q}
UPI0028D9CEA1	SINGLE	7	122	143	9	6.698e-05	{L}
UPI0028D9CEA1	SINGLE	8	156	283	22	8.052e-05	{S}
UPI0028D9CEA1	SINGLE	9	6	22	5	3.504e-04	{F}
UPI0028D9CEA1	SINGLE	10	364	405	5	3.585e-04	{W}
UPI0028D9CEA1	MULTIPLE	1	156	736	230	1.659e-18	{GNSYW}
UPI0028D9CEA1	MULTIPLE	2	3	143	46	5.341e-06	{QLF}
UPI0028D9CEA1	WHOLE	1	1	841	90	2.951e-06	{G}
UPI0028D9CEA1	WHOLE	2	1	841	61	3.262e-05	{N}
UPI0028D9CEA1	WHOLE	3	1	841	85	4.031e-04	{S}
UPI0028DA2757	SINGLE	1	326	715	48	9.791e-10	{P}
UPI0028DA2757	SINGLE	2	33	110	10	2.445e-07	{W}
UPI0028DA2757	SINGLE	3	695	711	5	2.339e-05	{M}
UPI0028DA2757	SINGLE	4	11	73	17	2.896e-05	{L}
UPI0028DA2757	SINGLE	5	570	783	30	5.319e-05	{G}
UPI0028DA2757	SINGLE	6	24	39	6	3.425e-04	{G}
UPI0028DA2757	SINGLE	7	117	170	12	5.996e-04	{A}
UPI0028DA2757	SINGLE	8	548	566	4	6.290e-04	{M}
UPI0028DA2757	MULTIPLE	1	325	783	116	6.223e-12	{PMG}
UPI0028DA2757	MULTIPLE	2	11	113	44	1.128e-09	{WLG}
UPI0028DA2757	WHOLE	1	1	796	67	1.823e-06	{P}
UPI0028DA2757	WHOLE	2	1	796	75	5.598e-04	{G}
UPI0028DA2757	WHOLE	3	1	796	24	6.318e-04	{W}
UPI0028DA7B25	SINGLE	1	162	195	9	1.677e-05	{P}
UPI0028DA7B25	SINGLE	2	82	107	9	2.409e-05	{G}
UPI0028DAF2B2	SINGLE	1	254	746	37	2.119e-15	{W}
UPI0028DAF2B2	SINGLE	2	17	582	96	2.443e-09	{L}
UPI0028DAF2B2	SINGLE	3	544	587	8	4.089e-06	{H}
UPI0028DAF2B2	SINGLE	4	705	719	6	2.215e-05	{Q}
UPI0028DAF2B2	SINGLE	5	3	419	39	6.308e-05	{I}
UPI0028DAF2B2	SINGLE	6	73	99	8	1.437e-04	{T}
UPI0028DAF2B2	SINGLE	7	222	336	21	1.477e-04	{A}
UPI0028DAF2B2	SINGLE	8	97	189	12	5.016e-04	{Q}
UPI0028DAF2B2	SINGLE	9	644	660	5	5.538e-04	{Q}
UPI0028DAF2B2	MULTIPLE	1	10	746	278	4.283e-22	{WLHQI}
UPI0028DAF2B2	WHOLE	1	1	754	41	2.616e-12	{W}
UPI0028DAF2B2	WHOLE	2	1	754	111	2.976e-07	{L}
UPI0028DAF2B2	WHOLE	3	1	754	50	9.067e-04	{Q}
UPI00295C53E6	SINGLE	1	211	239	10	3.725e-05	{A}
UPI00295C53E6	SINGLE	2	9	62	11	5.453e-04	{G}
UPI00295C53E6	SINGLE	3	124	175	9	5.917e-04	{R}
UPI00295C53E6	SINGLE	4	29	61	7	6.899e-04	{R}
UPI00295C53E6	MULTIPLE	1	14	62	18	2.939e-06	{GR}
UPI00295C6154	SINGLE	1	51	174	23	6.019e-05	{A}
UPI00295C6154	SINGLE	2	91	135	10	1.216e-04	{D}
UPI00295C6154	MULTIPLE	1	58	174	37	2.040e-07	{AD}
UPI00295C94F9	SINGLE	1	131	145	4	2.419e-04	{M}
UPI00295C94F9	SINGLE	2	67	173	7	9.482e-04	{W}
UPI00295C94F9	MULTIPLE	1	67	173	13	1.183e-04	{MW}
UPI00295CA0EB	SINGLE	1	85	831	107	1.553e-06	{L}
UPI00295CA0EB	SINGLE	2	56	454	40	1.202e-05	{I}
UPI00295CA0EB	SINGLE	3	111	182	9	2.361e-05	{M}
UPI00295CA0EB	SINGLE	4	507	692	14	5.100e-05	{M}
UPI00295CA0EB	SINGLE	5	65	81	7	9.321e-05	{S}
UPI00295CA0EB	SINGLE	6	819	833	6	2.062e-04	{E}
UPI00295CA0EB	SINGLE	7	125	152	7	2.444e-04	{R}
UPI00295CA0EB	MULTIPLE	1	56	834	194	2.433e-10	{LIM}
UPI00295CA0EB	WHOLE	1	1	846	114	1.111e-05	{L}
UPI00295CA0EB	WHOLE	2	1	846	33	5.999e-04	{M}
UPI00295D6B62	SINGLE	1	174	191	5	3.167e-05	{H}
UPI00295D6B62	SINGLE	2	25	57	8	5.496e-05	{N}
UPI00295D6B62	SINGLE	3	91	123	9	1.840e-04	{G}
UPI00295D6B62	SINGLE	4	45	178	17	2.282e-04	{I}
UPI00295D6B62	MULTIPLE	1	37	191	27	9.068e-06	{HI}
UPI00295D6E6B	SINGLE	1	34	703	53	1.125e-05	{N}
UPI00295D6E6B	SINGLE	2	878	897	7	1.244e-05	{Q}
UPI00295D6E6B	SINGLE	3	1069	1156	10	1.960e-05	{H}
UPI00295D6E6B	SINGLE	4	331	963	54	4.052e-05	{I}
UPI00295D6E6B	SINGLE	5	955	1175	38	7.164e-05	{L}
UPI00295D6E6B	SINGLE	6	129	184	10	1.947e-04	{P}
UPI00295D6E6B	SINGLE	7	542	558	7	4.133e-04	{L}
UPI00295D6E6B	SINGLE	8	1136	1189	9	9.404e-04	{I}
UPI00295D6E6B	MULTIPLE	1	132	869	110	2.242e-07	{NI}
UPI00295D6E6B	MULTIPLE	2	951	1189	71	9.781e-08	{HLI}
UPI00295D6E6B	WHOLE	1	1	1197	89	4.145e-05	{I}
UPI00295D6E6B	WHOLE	2	1	1197	76	2.381e-04	{N}
UPI00295D6E6B	WHOLE	3	1	1197	139	7.557e-04	{L}
UPI00295D6E6B	WHOLE	4	1	1197	42	9.581e-04	{H}
UPI00295DAD51	SINGLE	1	91	1140	88	2.159e-07	{R}
UPI00295DAD51	SINGLE	2	870	885	7	5.137e-06	{I}
UPI00295DAD51	SINGLE	3	533	582	13	7.316e-05	{A}
UPI00295DAD51	SINGLE	4	183	198	6	1.335e-04	{D}
UPI00295DAD51	SINGLE	5	18	545	72	2.055e-04	{L}
UPI00295DAD51	SINGLE	6	842	918	8	2.346e-04	{H}
UPI00295DAD51	SINGLE	7	951	1045	16	2.768e-04	{E}
UPI00295DAD51	SINGLE	8	893	1125	37	3.857e-04	{L}
UPI00295DAD51	SINGLE	9	25	39	6	5.574e-04	{A}
UPI00295DAD51	SINGLE	10	254	317	10	5.648e-04	{P}
UPI00295DAD51	SINGLE	11	581	599	5	6.080e-04	{F}
UPI00295DAD51	MULTIPLE	1	13	1119	509	3.362e-14	{RALHEP}
UPI00295DAD51	WHOLE	1	1	1148	92	7.322e-07	{R}
UPI00295DAD51	WHOLE	2	1	1148	141	9.089e-05	{L}
UPI00295DB65E	SINGLE	1	3	42	11	1.696e-06	{R}
UPI00295DB65E	SINGLE	2	43	160	16	1.635e-04	{I}
UPI00295DB65E	SINGLE	3	125	206	16	3.885e-04	{A}
UPI00295DB65E	MULTIPLE	1	43	206	40	2.078e-05	{IA}
UPI00295DB65E	WHOLE	1	1	356	34	6.902e-05	{R}
UPI00295E0B80	SINGLE	1	65	329	44	1.173e-06	{A}
UPI00295E0B80	SINGLE	2	397	604	26	9.405e-06	{I}
UPI00295E0B80	SINGLE	3	1039	1100	15	5.211e-05	{A}
UPI00295E0B80	SINGLE	4	703	867	24	1.117e-04	{V}
UPI00295E0B80	SINGLE	5	1097	1158	12	4.266e-04	{E}
UPI00295E0B80	SINGLE	6	611	694	14	6.906e-04	{E}
UPI00295E0B80	MULTIPLE	1	1044	1158	33	3.193e-05	{AE}
UPI00295E0B80	WHOLE	1	1	1227	136	1.230e-05	{A}
