UPI0000000054	SINGLE	1	37	55	10	3.887e-07	{A}
UPI0000000054	MULTIPLE	1	873	891	15	3.367e-10	{KA}
UPI0000000054	WHOLE	1	1	891	121	1.706e-09	{A}
UPI00000000D1	WHOLE	1	1	156	29	7.578e-06	{A}
UPI0000000908	SINGLE	1	11	29	8	1.221e-06	{R}
UPI000000091B	SINGLE	1	119	157	10	9.738e-06	{R}
UPI000000091B	WHOLE	1	1	186	24	7.532e-06	{R}
UPI0000000D1C	SINGLE	1	105	121	7	3.651e-08	{H}
UPI0000000D1C	WHOLE	1	1	220	48	9.743e-09	{L}
UPI0000000D1F	SINGLE	1	181	194	8	8.637e-06	{L}
UPI0000000D1F	MULTIPLE	1	177	194	14	9.529e-09	{LG}
UPI0000000ED4	SINGLE	1	533	546	9	3.517e-08	{G}
UPI0000000ED4	SINGLE	2	538	548	5	1.993e-06	{M}
UPI0000000ED4	MULTIPLE	1	533	548	14	1.693e-13	{GM}
UPI0000000ED4	WHOLE	1	1	548	74	1.917e-06	{A}
UPI0000000F55	SINGLE	1	70	93	9	9.761e-06	{V}
UPI0000000F55	WHOLE	1	1	217	43	7.902e-07	{L}
UPI0000001326	SINGLE	1	919	939	9	2.756e-07	{I}
UPI0000001367	SINGLE	1	31	52	9	1.497e-07	{Q}
UPI0000001367	SINGLE	2	86	90	5	6.591e-06	{L}
UPI0000001367	MULTIPLE	1	31	52	13	2.549e-11	{QW}
UPI00000016FD	SINGLE	1	366	395	9	5.537e-06	{P}
UPI00000016FD	MULTIPLE	1	364	433	37	5.401e-12	{PQA}
UPI0000001701	SINGLE	1	35	48	7	1.705e-06	{I}
UPI000000D50D	SINGLE	1	85	118	6	9.668e-06	{W}
UPI000000DDC1	SINGLE	1	50	97	13	2.240e-11	{H}
UPI000000DDC1	SINGLE	2	73	77	5	2.221e-07	{P}
UPI000000DDC1	SINGLE	3	46	68	6	8.558e-07	{W}
UPI000000DDC1	MULTIPLE	1	69	97	23	1.915e-15	{HPG}
UPI000000DDC1	WHOLE	1	1	98	13	2.070e-07	{H}
UPI000000DEB9	SINGLE	1	2	57	18	1.209e-06	{L}
UPI000000DEB9	SINGLE	2	45	58	5	1.284e-06	{W}
UPI000000DEB9	MULTIPLE	1	2	58	25	1.413e-10	{LW}
UPI000000DED2	SINGLE	1	438	485	18	9.009e-08	{L}
UPI000000DED2	MULTIPLE	1	436	485	25	1.379e-08	{LV}
UPI000000DED2	WHOLE	1	1	491	89	3.354e-10	{L}
UPI000000DEE0	SINGLE	1	7	33	11	2.429e-06	{A}
UPI000000DF5F	WHOLE	1	1	348	62	2.160e-07	{L}
UPI000000DF5F	WHOLE	2	1	348	51	6.833e-06	{A}
UPI000000E052	SINGLE	1	46	82	12	1.933e-06	{V}
UPI000000E052	MULTIPLE	1	46	88	21	1.428e-08	{VG}
UPI000000E100	SINGLE	1	30	111	26	8.137e-12	{G}
UPI000000E100	WHOLE	1	1	114	27	4.294e-09	{G}
UPI000000E196	SINGLE	1	124	128	5	2.962e-06	{A}
UPI000000E196	SINGLE	2	136	157	8	4.458e-06	{R}
UPI000000E1E3	MULTIPLE	1	64	81	9	2.225e-06	{TW}
UPI000000E3BD	WHOLE	1	1	341	56	8.544e-06	{L}
UPI000000E44C	SINGLE	1	63	88	10	2.440e-06	{E}
UPI000000E45A	MULTIPLE	1	40	81	17	5.572e-06	{GK}
UPI000000E45D	WHOLE	1	1	219	41	1.128e-07	{A}
UPI000000E4C0	SINGLE	1	389	431	16	2.144e-09	{K}
UPI000000E4C0	MULTIPLE	1	393	431	21	5.383e-11	{KR}
UPI000000E60D	SINGLE	1	189	209	13	6.248e-12	{D}
UPI000000E60D	MULTIPLE	1	188	209	18	1.274e-13	{DE}
UPI000000E60D	MULTIPLE	2	41	56	8	4.659e-06	{IM}
UPI000000E60D	WHOLE	1	1	613	71	1.088e-06	{E}
UPI000000E656	SINGLE	1	368	380	9	2.888e-09	{D}
UPI000000E656	SINGLE	2	32	43	8	1.405e-07	{G}
UPI000000E656	SINGLE	3	362	385	9	9.882e-06	{E}
UPI000000E656	MULTIPLE	1	362	382	17	8.643e-13	{DE}
UPI000000E6F8	WHOLE	1	1	221	26	5.038e-07	{F}
UPI000000E741	SINGLE	1	575	582	7	1.342e-07	{A}
UPI000000E741	WHOLE	1	1	689	86	6.703e-06	{A}
UPI000000E743	WHOLE	1	1	331	37	2.330e-06	{I}
UPI000000E74D	SINGLE	1	170	182	5	5.312e-06	{M}
UPI000000E764	MULTIPLE	1	248	275	13	1.931e-06	{PK}
UPI000000E765	MULTIPLE	1	62	120	19	1.112e-07	{CG}
UPI000000E7EF	SINGLE	1	236	249	5	8.083e-06	{H}
UPI000000E833	SINGLE	1	16	31	8	1.684e-06	{T}
UPI000000E864	SINGLE	1	487	491	5	2.962e-06	{A}
UPI000000E864	WHOLE	1	1	529	70	6.594e-06	{A}
UPI000000E883	SINGLE	1	476	523	12	1.736e-06	{R}
UPI000000E883	SINGLE	2	93	98	5	6.460e-06	{V}
UPI000000E883	WHOLE	1	1	549	83	2.609e-06	{L}
UPI000000E8D4	SINGLE	1	405	430	10	2.909e-06	{G}
UPI000000E8D4	SINGLE	2	448	454	5	5.528e-06	{I}
UPI000000E8D4	WHOLE	1	1	473	50	2.777e-07	{I}
UPI000000E96A	SINGLE	1	211	253	14	3.399e-07	{G}
UPI000000E972	WHOLE	1	1	340	36	5.496e-06	{R}
UPI000002C676	SINGLE	1	8	18	7	4.334e-06	{A}
UPI000002C676	SINGLE	2	222	234	6	8.296e-06	{Q}
UPI000002D3AC	SINGLE	1	120	124	5	6.591e-06	{L}
UPI000002DB2D	SINGLE	1	183	223	13	1.235e-06	{G}
UPI0000030AA1	MULTIPLE	1	9	23	11	1.038e-07	{RA}
UPI0000030D3B	SINGLE	1	91	110	5	9.090e-06	{W}
UPI0000030D3B	MULTIPLE	1	80	110	10	8.966e-08	{WH}
UPI000003121D	SINGLE	1	23	29	4	7.399e-06	{M}
UPI0000031A3D	WHOLE	1	1	615	57	2.709e-06	{I}
UPI0000032AA9	WHOLE	1	1	362	49	1.104e-06	{G}
UPI0000032C9E	MULTIPLE	1	98	122	17	1.504e-08	{AIF}
UPI0000032E71	SINGLE	1	229	265	12	2.405e-06	{G}
UPI0000033C12	MULTIPLE	1	84	120	16	2.445e-08	{GH}
UPI0000033C12	WHOLE	1	1	176	15	6.842e-06	{H}
UPI00000350B7	MULTIPLE	1	172	195	9	9.761e-06	{MN}
UPI00000371B7	MULTIPLE	1	138	154	8	8.175e-06	{IM}
UPI00000380F1	SINGLE	1	92	111	6	3.056e-06	{H}
UPI000003EAC2	SINGLE	1	219	246	10	5.199e-06	{V}
UPI000003EAC2	SINGLE	2	178	207	9	8.515e-06	{I}
UPI000003EAC2	MULTIPLE	1	217	257	22	1.055e-08	{VRF}
UPI000003EAC2	MULTIPLE	2	293	302	7	2.166e-06	{GW}
UPI000003EAC2	WHOLE	1	1	443	45	2.790e-06	{I}
UPI000003EAC6	SINGLE	1	7	16	6	2.084e-06	{R}
UPI000003EACC	MULTIPLE	1	38	69	19	1.296e-07	{IKV}
UPI000003EAE3	SINGLE	1	87	92	5	5.074e-06	{K}
UPI000003EAE4	MULTIPLE	1	253	273	11	3.055e-06	{RK}
UPI000003EAEF	SINGLE	1	74	101	10	3.383e-06	{K}
UPI000003EAF2	SINGLE	1	143	155	7	6.403e-06	{G}
UPI000003EAF6	WHOLE	1	1	156	31	9.432e-07	{A}
UPI000003EAF7	MULTIPLE	1	11	33	20	4.098e-11	{MAGI}
UPI000003EAFF	WHOLE	1	1	1246	40	4.933e-06	{W}
UPI000003EB00	SINGLE	1	134	148	8	3.938e-07	{D}
UPI000003EB00	MULTIPLE	1	134	154	14	7.510e-10	{DP}
UPI000003EB06	MULTIPLE	1	289	295	6	4.981e-07	{HQ}
UPI000003EB06	WHOLE	1	1	298	51	6.634e-06	{L}
UPI000003EB18	WHOLE	1	1	291	28	8.856e-06	{F}
UPI000003EB1C	WHOLE	1	1	319	40	5.241e-08	{I}
UPI000003EB21	WHOLE	1	1	416	70	3.523e-07	{L}
UPI000003EB27	MULTIPLE	1	53	81	14	4.243e-07	{QE}
UPI000003EB2B	WHOLE	1	1	428	47	2.112e-07	{I}
UPI000003EB46	WHOLE	1	1	451	54	1.662e-09	{I}
UPI000003EB54	SINGLE	1	8	42	12	6.881e-06	{A}
UPI000003EB63	SINGLE	1	98	121	9	9.761e-06	{V}
UPI000003EB65	WHOLE	1	1	414	67	2.247e-06	{L}
UPI000003EB69	SINGLE	1	4	26	6	7.449e-06	{H}
UPI000003EB6F	SINGLE	1	70	113	12	6.396e-07	{R}
UPI000003EB7D	SINGLE	1	81	113	13	4.735e-07	{A}
UPI000003EB7D	MULTIPLE	1	263	296	22	1.804e-08	{GLN}
UPI000003EB7F	SINGLE	1	278	285	6	5.523e-06	{A}
UPI000003EB7F	WHOLE	1	1	309	49	1.201e-06	{A}
UPI0000043B5D	MULTIPLE	1	105	142	15	8.068e-06	{IG}
UPI0000043B83	MULTIPLE	1	175	203	8	7.965e-06	{CH}
UPI0000043B8B	SINGLE	1	905	913	6	5.807e-06	{G}
UPI0000047C57	SINGLE	1	36	42	6	1.498e-06	{A}
UPI0000047C59	SINGLE	1	213	247	11	7.276e-06	{E}
UPI0000047C5C	WHOLE	1	1	165	33	3.787e-07	{A}
UPI0000047C5D	SINGLE	1	35	76	15	2.829e-07	{A}
UPI0000047C5D	WHOLE	1	1	121	28	1.271e-07	{A}
UPI0000047C65	WHOLE	1	1	330	58	7.724e-07	{L}
UPI0000047C69	SINGLE	1	17	23	6	5.551e-07	{G}
UPI0000047C69	SINGLE	2	103	111	6	5.807e-06	{G}
UPI0000047C69	MULTIPLE	1	61	113	25	1.167e-08	{AG}
UPI0000047C6B	SINGLE	1	133	179	8	7.200e-07	{C}
UPI0000047C6B	WHOLE	1	1	294	17	5.440e-06	{C}
UPI0000047C75	SINGLE	1	10	61	14	4.138e-06	{G}
UPI0000047C75	MULTIPLE	1	2	63	32	3.373e-11	{GFI}
UPI0000047C80	SINGLE	1	19	59	14	8.097e-06	{L}
UPI0000047C80	MULTIPLE	1	22	59	22	2.044e-09	{LT}
UPI0000047C8C	MULTIPLE	1	168	186	11	9.095e-06	{LR}
UPI0000047C8F	SINGLE	1	198	205	5	7.464e-06	{Q}
UPI0000047C94	MULTIPLE	1	39	71	19	3.239e-07	{LEM}
UPI0000047CA8	SINGLE	1	48	80	12	3.445e-06	{A}
UPI0000047CAB	WHOLE	1	1	198	28	2.384e-07	{R}
UPI0000047CB7	SINGLE	1	68	85	6	1.696e-07	{W}
UPI0000047CBB	SINGLE	1	28	70	11	3.641e-06	{R}
UPI0000047CBC	SINGLE	1	3	52	14	1.119e-06	{K}
UPI0000047CBD	SINGLE	1	72	97	10	1.555e-06	{K}
UPI00000480B6	SINGLE	1	35	76	16	4.061e-08	{A}
UPI00000480B6	SINGLE	2	11	28	8	7.119e-06	{E}
UPI00000480B6	MULTIPLE	1	35	76	21	2.181e-09	{AQ}
UPI00000480B8	SINGLE	1	283	314	20	6.525e-15	{A}
UPI00000480B8	SINGLE	2	77	105	17	3.111e-12	{A}
UPI00000480B8	SINGLE	3	180	204	15	3.754e-11	{A}
UPI00000480B8	WHOLE	1	1	630	96	2.208e-10	{A}
UPI00000480C2	SINGLE	1	279	294	8	9.559e-06	{A}
UPI00000480D3	SINGLE	1	59	76	5	5.176e-06	{W}
UPI00000480D4	MULTIPLE	1	130	152	10	1.210e-06	{RM}
UPI00000480DB	WHOLE	1	1	332	49	8.316e-06	{A}
UPI000004959D	MULTIPLE	1	14	48	16	1.514e-06	{IA}
UPI000004F5E0	SINGLE	1	121	179	18	2.761e-06	{L}
UPI000004F5E0	SINGLE	2	175	195	6	4.184e-06	{M}
UPI000004F5E0	MULTIPLE	1	121	195	27	1.826e-08	{LM}
UPI000004F5E0	WHOLE	1	1	197	39	2.442e-06	{L}
UPI00000502F4	SINGLE	1	12	31	9	7.656e-06	{A}
UPI00000502F4	MULTIPLE	1	15	31	13	1.553e-08	{AG}
UPI00000502F6	SINGLE	1	3	39	12	7.922e-08	{R}
UPI00000502F6	WHOLE	1	1	57	13	1.973e-06	{R}
UPI0000052071	MULTIPLE	1	76	103	13	6.867e-06	{AQ}
UPI00000540BB	MULTIPLE	1	31	60	14	8.759e-06	{DA}
UPI00000540C0	SINGLE	1	244	258	8	1.281e-06	{E}
UPI0000059DC9	SINGLE	1	6	12	5	1.772e-06	{F}
UPI000005A1F2	SINGLE	1	13	30	7	5.580e-06	{Q}
UPI000005A1F2	MULTIPLE	1	11	25	10	2.932e-09	{QM}
UPI000005A4AC	SINGLE	1	17	69	13	8.254e-07	{R}
UPI000005A4AC	MULTIPLE	1	17	69	21	5.394e-08	{RK}
UPI000005A4AC	WHOLE	1	1	71	14	4.915e-06	{R}
UPI000005A5A1	MULTIPLE	1	7	20	11	1.090e-08	{VI}
UPI000005A698	SINGLE	1	12	41	10	7.159e-07	{R}
UPI000005A698	WHOLE	1	1	46	11	7.292e-06	{R}
UPI000005A6F0	MULTIPLE	1	22	38	10	6.521e-06	{KT}
UPI000005A7FC	SINGLE	1	11	53	17	6.539e-10	{G}
UPI000005A7FC	WHOLE	1	1	144	26	2.047e-06	{G}
UPI00000AED39	SINGLE	1	10	59	15	3.358e-06	{A}
UPI00000AED39	SINGLE	2	394	404	7	4.334e-06	{A}
UPI00000AED39	SINGLE	3	297	318	10	8.823e-06	{L}
UPI00000AED39	MULTIPLE	1	10	87	29	4.475e-07	{AG}
UPI00000AED39	WHOLE	1	1	412	75	5.340e-12	{A}
UPI00000AED39	WHOLE	2	1	412	51	8.099e-06	{G}
UPI00000AF568	SINGLE	1	51	81	8	2.424e-07	{H}
UPI00000B24F0	SINGLE	1	47	57	7	4.312e-07	{D}
UPI00000B9ED2	SINGLE	1	11	44	12	8.745e-07	{G}
UPI00000B9ED2	MULTIPLE	1	6	40	18	7.640e-09	{GI}
UPI00000B9ED2	MULTIPLE	2	149	158	7	8.865e-06	{AM}
UPI00000B9ED2	WHOLE	1	1	432	48	1.141e-07	{I}
UPI00000BA718	MULTIPLE	1	312	330	11	3.047e-06	{AP}
UPI00000BA87B	MULTIPLE	1	422	438	10	3.648e-06	{AY}
UPI00000BB8C5	WHOLE	1	1	670	83	1.305e-09	{T}
UPI00000BB8C5	WHOLE	2	1	670	60	7.195e-08	{N}
UPI00000BB8C5	WHOLE	3	1	670	89	4.318e-07	{A}
UPI00000BB991	SINGLE	1	257	283	12	1.503e-06	{L}
UPI00000BB991	SINGLE	2	294	305	6	8.314e-06	{R}
UPI00000BB991	WHOLE	1	1	307	52	7.299e-06	{L}
UPI00000BCD91	WHOLE	1	1	318	67	7.933e-11	{L}
UPI00000BCF80	MULTIPLE	1	527	542	10	1.152e-07	{SW}
UPI00000BD818	MULTIPLE	1	100	125	11	7.564e-06	{IN}
UPI00000BD90F	WHOLE	1	1	182	34	1.264e-06	{A}
UPI00000BD944	MULTIPLE	1	27	52	10	4.524e-06	{RH}
UPI00000BEF7B	SINGLE	1	5	19	7	3.040e-06	{I}
UPI00000BEF92	SINGLE	1	81	112	10	1.393e-06	{R}
UPI00000BEF92	SINGLE	2	13	44	11	2.753e-06	{E}
UPI00000BF4A2	MULTIPLE	1	61	97	12	1.377e-06	{RW}
UPI00000C0566	SINGLE	1	653	705	16	1.635e-07	{G}
UPI00000C0566	MULTIPLE	1	653	707	25	4.030e-09	{GV}
UPI00000C0566	MULTIPLE	2	401	424	13	5.453e-06	{AG}
UPI00000D026F	SINGLE	1	10	33	12	3.123e-07	{L}
UPI00000D026F	WHOLE	1	1	382	65	5.850e-07	{L}
UPI00000D02A3	SINGLE	1	351	381	13	1.228e-06	{L}
UPI00000D02A3	SINGLE	2	229	242	5	1.284e-06	{W}
UPI00000D02A3	WHOLE	1	1	647	98	3.684e-07	{L}
UPI00000D02D8	SINGLE	1	6	34	12	6.984e-07	{A}
UPI00000D0333	SINGLE	1	28	78	16	9.063e-08	{G}
UPI00000D0333	MULTIPLE	1	32	78	26	7.006e-11	{GA}
UPI00000D0339	SINGLE	1	164	192	9	4.981e-06	{R}
UPI00000D0339	MULTIPLE	1	164	192	14	5.088e-08	{RQ}
UPI00000D034C	SINGLE	1	259	277	8	1.512e-06	{I}
UPI00000D0361	MULTIPLE	1	117	132	8	1.049e-06	{QW}
UPI00000D036F	MULTIPLE	1	12	45	15	8.667e-07	{IFH}
UPI00000D0376	SINGLE	1	348	394	16	1.901e-08	{E}
UPI00000D0376	WHOLE	1	1	1486	145	8.629e-16	{R}
UPI00000D0376	WHOLE	2	1	1486	161	1.272e-10	{E}
UPI00000D0376	WHOLE	3	1	1486	113	5.239e-09	{Q}
UPI00000D0383	SINGLE	1	151	233	20	2.700e-10	{Q}
UPI00000D0383	SINGLE	2	249	268	10	7.164e-07	{A}
UPI00000D0383	MULTIPLE	1	238	278	22	3.201e-10	{AR}
UPI00000D0383	WHOLE	1	1	427	50	2.079e-10	{Q}
UPI00000D0393	MULTIPLE	1	182	203	12	4.089e-06	{LF}
UPI00000D03AB	MULTIPLE	1	203	241	17	5.581e-06	{RL}
UPI00000D03AB	WHOLE	1	1	720	114	4.975e-09	{L}
UPI00000D03B3	WHOLE	1	1	401	65	2.936e-06	{L}
UPI00000D03C5	SINGLE	1	212	225	7	1.705e-06	{I}
UPI00000D03C5	SINGLE	2	320	335	8	9.559e-06	{A}
UPI00000D03DA	SINGLE	1	395	409	8	1.281e-06	{E}
UPI00000D03DA	WHOLE	1	1	558	93	9.754e-09	{L}
UPI00000D03DA	WHOLE	2	1	558	75	1.962e-06	{A}
UPI00000D040C	MULTIPLE	1	547	564	9	8.524e-07	{PM}
UPI00000D042C	MULTIPLE	1	155	170	8	3.140e-08	{WM}
UPI00000D05F9	SINGLE	1	70	118	13	1.004e-07	{Q}
UPI00000D0630	SINGLE	1	36	42	6	3.730e-07	{T}
UPI00000D0630	SINGLE	2	358	368	6	5.152e-06	{I}
UPI00000D0630	SINGLE	3	21	38	7	5.580e-06	{Q}
UPI00000D0630	MULTIPLE	1	25	42	12	1.769e-08	{TQ}
UPI00000D0630	MULTIPLE	2	471	509	13	2.513e-07	{FM}
UPI00000D065C	SINGLE	1	216	232	9	1.416e-06	{A}
UPI00000D0681	MULTIPLE	1	128	139	8	2.407e-07	{IM}
UPI00000D069E	SINGLE	1	168	201	12	8.745e-07	{G}
UPI00000D069E	MULTIPLE	1	161	202	25	7.988e-11	{GIF}
UPI00000D069E	WHOLE	1	1	461	46	3.487e-06	{I}
UPI00000D06A8	MULTIPLE	1	37	48	8	8.588e-06	{HL}
UPI00000D06E7	MULTIPLE	1	7	30	11	2.614e-06	{QR}
UPI00000D06E7	MULTIPLE	2	63	86	9	7.509e-06	{WR}
UPI00000D070A	SINGLE	1	215	234	10	7.164e-07	{A}
UPI00000D0713	MULTIPLE	1	34	44	9	2.279e-07	{VD}
UPI00000D073E	SINGLE	1	77	107	15	2.108e-10	{G}
UPI00000D073E	MULTIPLE	1	74	107	21	6.583e-13	{GF}
UPI00000D073E	MULTIPLE	2	157	187	12	8.352e-08	{QC}
UPI00000D073E	WHOLE	1	1	376	53	1.260e-07	{G}
UPI00000D0775	SINGLE	1	266	276	7	7.889e-08	{Q}
UPI00000D0789	SINGLE	1	103	107	5	6.591e-06	{L}
UPI00000D0789	MULTIPLE	1	67	90	16	8.338e-08	{AL}
UPI00000D07FB	SINGLE	1	3	39	12	2.661e-08	{Q}
UPI00000D07FB	MULTIPLE	1	3	49	27	1.870e-12	{QL}
UPI00000D0899	MULTIPLE	1	136	152	9	3.352e-06	{WS}
UPI00000D090F	SINGLE	1	6	18	7	4.116e-06	{T}
UPI00000D090F	MULTIPLE	1	6	37	17	9.570e-08	{TS}
UPI00000D090F	WHOLE	1	1	231	36	2.367e-07	{T}
UPI00000D093A	SINGLE	1	17	28	7	9.586e-06	{A}
UPI00000D094C	SINGLE	1	4	30	12	1.215e-09	{R}
UPI00000D0AA2	SINGLE	1	113	225	36	1.121e-21	{Q}
UPI00000D0AA2	WHOLE	1	1	319	45	3.562e-12	{Q}
UPI00000D0AE2	SINGLE	1	12	16	5	6.591e-06	{L}
UPI00000D0AE2	MULTIPLE	1	296	310	9	8.829e-06	{GI}
UPI00000D0AE2	WHOLE	1	1	438	26	3.985e-06	{M}
UPI00000D0AE2	WHOLE	2	1	438	44	4.622e-06	{I}
UPI00000D0AEB	SINGLE	1	512	565	12	2.321e-06	{Q}
UPI00000D0AEB	SINGLE	2	371	418	16	2.707e-06	{L}
UPI00000D0AEB	SINGLE	3	604	610	5	2.926e-06	{Q}
UPI00000D0AEB	WHOLE	1	1	901	132	3.707e-08	{L}
UPI00000D0AEB	WHOLE	2	1	901	69	2.511e-06	{Q}
UPI00000D0B1C	MULTIPLE	1	12	41	14	1.882e-06	{AF}
UPI00000D0B1C	MULTIPLE	2	379	399	9	1.593e-06	{FM}
UPI00000D0C97	SINGLE	1	168	174	6	3.730e-07	{T}
UPI00000D0C97	SINGLE	2	435	440	5	6.460e-06	{V}
UPI00000D0CA9	SINGLE	1	55	78	9	9.761e-06	{V}
UPI00000D0CEB	SINGLE	1	86	115	12	1.073e-06	{A}
UPI00000D0CEB	WHOLE	1	1	396	37	8.209e-07	{F}
UPI00000D0D95	SINGLE	1	260	287	9	3.608e-06	{R}
UPI00000D0D95	MULTIPLE	1	260	290	14	2.165e-06	{RG}
UPI00000D0D95	WHOLE	1	1	290	38	1.703e-08	{R}
UPI00000D0D9C	WHOLE	1	1	205	16	2.230e-07	{C}
UPI00000D1397	SINGLE	1	229	243	9	3.432e-07	{A}
UPI00000D1397	WHOLE	1	1	271	47	1.537e-07	{A}
UPI00000DA0F9	SINGLE	1	74	103	13	7.853e-07	{L}
UPI00000DA0F9	MULTIPLE	1	363	380	10	3.061e-08	{IW}
UPI00000DE6FA	SINGLE	1	448	454	6	1.498e-06	{A}
UPI00000DE9F4	WHOLE	1	1	385	35	2.808e-06	{F}
UPI00000DECE5	SINGLE	1	27	53	10	3.623e-06	{E}
UPI00000DEF62	WHOLE	1	1	450	45	4.120e-06	{I}
UPI00000DF314	MULTIPLE	1	257	282	12	9.850e-06	{GI}
UPI00000DF314	WHOLE	1	1	421	37	3.245e-06	{F}
UPI00000DF349	WHOLE	1	1	883	119	7.453e-06	{L}
UPI00000DF3BA	SINGLE	1	44	102	19	1.656e-11	{R}
UPI00000DF3BA	SINGLE	2	38	84	13	9.761e-07	{D}
UPI00000DF3BA	MULTIPLE	1	43	106	51	2.495e-23	{RDQE}
UPI00000DF3BA	WHOLE	1	1	109	21	3.934e-08	{R}
UPI00000DF3BA	WHOLE	2	1	109	19	6.658e-06	{D}
UPI00000E47B6	SINGLE	1	179	207	9	4.981e-06	{R}
UPI00000E4A32	SINGLE	1	11	21	9	5.228e-09	{A}
UPI00000E4A32	MULTIPLE	1	255	282	13	3.129e-07	{IN}
UPI000011098F	SINGLE	1	162	168	6	5.551e-07	{G}
UPI0000111441	SINGLE	1	22	31	6	4.935e-06	{D}
UPI0000111624	SINGLE	1	268	274	4	7.399e-06	{M}
UPI0000111624	MULTIPLE	1	439	468	12	1.958e-08	{WF}
UPI0000111624	MULTIPLE	2	593	626	13	7.251e-08	{IW}
UPI0000111624	WHOLE	1	1	663	58	1.085e-08	{F}
UPI0000111624	WHOLE	2	1	663	62	8.370e-07	{I}
UPI0000111624	WHOLE	3	1	663	26	7.838e-06	{W}
UPI0000111624	WHOLE	4	1	663	33	9.116e-06	{M}
UPI0000111626	SINGLE	1	8	19	6	8.689e-08	{H}
UPI0000111F92	SINGLE	1	336	347	7	2.746e-06	{V}
UPI000011202A	SINGLE	1	98	111	5	8.083e-06	{M}
UPI000011202A	SINGLE	2	153	182	9	8.515e-06	{I}
UPI000011202A	MULTIPLE	1	98	111	8	1.084e-06	{MR}
UPI000011214D	SINGLE	1	6	34	12	6.984e-07	{A}
UPI000011214D	SINGLE	2	407	431	10	8.426e-06	{A}
UPI0000112150	SINGLE	1	81	93	5	5.312e-06	{H}
UPI0000112215	SINGLE	1	134	159	11	3.004e-07	{G}
UPI0000112215	SINGLE	2	179	195	9	1.416e-06	{A}
UPI0000112215	SINGLE	3	285	316	11	3.325e-06	{G}
UPI0000112215	WHOLE	1	1	473	57	5.752e-06	{G}
UPI0000112664	WHOLE	1	1	309	54	1.611e-08	{A}
UPI00001127A5	SINGLE	1	131	138	6	5.523e-06	{A}
UPI00001127A5	SINGLE	2	445	452	5	7.298e-06	{N}
UPI00001127A8	SINGLE	1	96	115	10	1.252e-07	{V}
UPI0000112C08	MULTIPLE	1	81	99	9	3.821e-06	{KW}
UPI0000113122	SINGLE	1	42	53	5	7.418e-07	{C}
UPI00001132B8	MULTIPLE	1	18	30	8	2.945e-06	{GM}
UPI00001133D7	SINGLE	1	108	113	5	6.509e-06	{E}
UPI000011DD2D	SINGLE	1	12	17	5	7.177e-06	{G}
UPI00001251B5	SINGLE	1	281	302	8	3.704e-06	{P}
UPI00001251B5	MULTIPLE	1	281	298	11	4.648e-07	{PV}
UPI0000125396	SINGLE	1	146	167	11	1.977e-07	{A}
UPI0000125396	SINGLE	2	29	36	5	7.464e-06	{Q}
UPI0000125396	MULTIPLE	1	141	163	14	3.974e-08	{AQ}
UPI0000125397	SINGLE	1	104	125	8	2.126e-06	{Q}
UPI0000125397	MULTIPLE	1	994	1029	20	1.552e-07	{VGF}
UPI0000125399	SINGLE	1	145	161	9	1.416e-06	{A}
UPI00001253B0	SINGLE	1	395	414	5	9.090e-06	{W}
UPI000012597A	SINGLE	1	130	137	8	2.262e-11	{P}
UPI0000125A44	SINGLE	1	282	320	12	4.426e-06	{G}
UPI0000125A44	SINGLE	2	239	263	10	8.426e-06	{A}
UPI0000125A44	WHOLE	1	1	428	60	2.558e-08	{G}
UPI0000125D9E	SINGLE	1	732	739	5	7.464e-06	{Q}
UPI0000125D9E	MULTIPLE	1	114	153	18	3.825e-08	{EQ}
UPI0000125D9E	MULTIPLE	2	18	46	15	6.113e-06	{VL}
UPI0000125DAB	WHOLE	1	1	460	79	3.034e-08	{L}
UPI00001260B0	MULTIPLE	1	4	40	15	2.403e-06	{LC}
UPI00001260C1	MULTIPLE	1	16	39	13	4.182e-06	{IL}
UPI00001260C1	WHOLE	1	1	222	42	3.411e-06	{L}
UPI000012610C	SINGLE	1	222	248	9	1.131e-06	{Q}
UPI000012610C	MULTIPLE	1	456	472	8	4.279e-06	{QM}
UPI000012610C	WHOLE	1	1	617	58	2.684e-08	{Q}
UPI00001262B2	WHOLE	1	1	440	27	1.472e-06	{M}
UPI00001262B4	WHOLE	1	1	608	61	1.018e-07	{I}
UPI0000126E1F	SINGLE	1	51	68	5	5.176e-06	{W}
UPI0000126E1F	SINGLE	2	316	324	4	5.761e-06	{W}
UPI0000126E1F	SINGLE	3	234	245	6	9.795e-06	{I}
UPI0000126E1F	MULTIPLE	1	38	70	13	5.781e-07	{WV}
UPI0000126E1F	MULTIPLE	2	234	249	9	1.539e-07	{IC}
UPI0000126E1F	WHOLE	1	1	504	23	2.316e-06	{W}
UPI00001272D6	SINGLE	1	114	125	5	5.236e-07	{W}
UPI00001272D6	MULTIPLE	1	210	244	16	4.989e-06	{LR}
UPI00001272D6	WHOLE	1	1	245	17	1.886e-07	{W}
UPI00001272DC	SINGLE	1	21	40	9	1.640e-06	{V}
UPI00001272DC	MULTIPLE	1	42	66	12	4.966e-07	{RQ}
UPI00001272EA	SINGLE	1	122	128	5	4.800e-06	{R}
UPI00001272EA	MULTIPLE	1	106	130	12	4.656e-06	{RV}
UPI00001277BA	SINGLE	1	64	108	14	4.903e-07	{V}
UPI0000127A40	SINGLE	1	199	219	11	5.369e-07	{L}
UPI0000127B9D	MULTIPLE	1	212	246	12	2.082e-06	{MR}
UPI0000127CDD	SINGLE	1	93	102	6	1.159e-06	{Q}
UPI0000127F09	SINGLE	1	97	120	8	9.294e-06	{R}
UPI0000127F1D	MULTIPLE	1	182	203	13	1.786e-07	{ED}
UPI0000127F1D	WHOLE	1	1	292	36	4.668e-06	{D}
UPI000012832E	SINGLE	1	159	186	12	2.388e-06	{L}
UPI000012832E	MULTIPLE	1	241	267	14	3.111e-06	{LR}
UPI000012833C	SINGLE	1	152	165	8	1.400e-06	{S}
UPI000012833F	MULTIPLE	1	33	51	13	1.642e-07	{LD}
UPI000012852A	SINGLE	1	27	36	8	1.465e-08	{G}
UPI000012852A	MULTIPLE	1	27	54	18	2.076e-11	{GN}
UPI000012852A	WHOLE	1	1	151	29	1.526e-07	{G}
UPI00001286D8	SINGLE	1	355	396	14	1.562e-13	{M}
UPI00001286D8	SINGLE	2	381	406	7	1.012e-06	{H}
UPI00001286D8	MULTIPLE	1	355	406	21	1.295e-15	{MH}
UPI00001286D8	WHOLE	1	1	516	29	3.365e-06	{M}
UPI00001288E3	SINGLE	1	97	111	5	1.898e-06	{W}
UPI0000128B71	MULTIPLE	1	424	431	7	9.433e-07	{VF}
UPI0000128B71	MULTIPLE	2	28	49	11	8.998e-06	{GI}
UPI0000128B71	MULTIPLE	3	56	71	11	7.091e-08	{MIF}
UPI0000128B71	WHOLE	1	1	470	39	6.677e-06	{F}
UPI0000128EF7	SINGLE	1	11	30	9	7.656e-06	{A}
UPI0000129038	SINGLE	1	16	31	8	2.775e-06	{G}
UPI0000129038	SINGLE	2	340	374	12	6.881e-06	{A}
UPI0000129038	WHOLE	1	1	433	43	7.591e-06	{I}
UPI000012903D	SINGLE	1	359	385	11	2.429e-06	{A}
UPI000012903D	WHOLE	1	1	446	50	4.914e-08	{I}
UPI000012903F	SINGLE	1	410	445	13	1.789e-07	{V}
UPI000012903F	SINGLE	2	81	85	4	1.105e-06	{M}
UPI000012903F	SINGLE	3	161	187	11	2.429e-06	{A}
UPI000012903F	SINGLE	4	248	283	10	5.791e-06	{I}
UPI000012903F	WHOLE	1	1	461	49	3.121e-07	{I}
UPI00001290F7	SINGLE	1	99	131	16	2.648e-13	{P}
UPI00001290F7	SINGLE	2	58	92	12	6.881e-06	{A}
UPI00001290F7	MULTIPLE	1	57	92	18	4.611e-08	{AP}
UPI00001290F7	WHOLE	1	1	220	31	3.633e-08	{P}
UPI000012917D	MULTIPLE	1	244	282	17	4.020e-07	{GI}
UPI000012917D	WHOLE	1	1	355	38	4.639e-06	{I}
UPI00001293EB	SINGLE	1	712	716	5	2.522e-07	{R}
UPI00001293EB	SINGLE	2	162	182	8	8.833e-06	{D}
UPI0000129440	SINGLE	1	167	198	10	5.644e-07	{Q}
UPI0000129440	SINGLE	2	177	192	8	2.775e-06	{G}
UPI0000129440	MULTIPLE	1	176	196	15	1.069e-10	{QG}
UPI0000129521	MULTIPLE	1	85	110	14	3.182e-07	{AQ}
UPI00001296D2	MULTIPLE	1	829	850	12	1.078e-06	{IG}
UPI000012984A	MULTIPLE	1	90	121	16	5.285e-06	{LV}
UPI0000129EAE	SINGLE	1	503	510	7	4.206e-08	{G}
UPI0000129EAE	SINGLE	2	190	200	6	4.366e-06	{R}
UPI0000129EAE	MULTIPLE	1	457	475	10	1.786e-06	{QI}
UPI0000129EAE	WHOLE	1	1	512	51	1.182e-06	{I}
UPI0000129EF2	SINGLE	1	170	193	12	6.866e-09	{E}
UPI000012A292	MULTIPLE	1	1	17	10	3.832e-08	{MI}
UPI000012A292	MULTIPLE	2	28	65	15	2.773e-07	{GM}
UPI000012A292	WHOLE	1	1	408	33	1.643e-10	{M}
UPI000012A295	SINGLE	1	51	64	8	2.626e-06	{A}
UPI000012A298	SINGLE	1	50	63	9	1.489e-07	{A}
UPI000012A610	MULTIPLE	1	49	91	17	6.663e-06	{RA}
UPI000012A613	SINGLE	1	212	249	15	4.812e-07	{L}
UPI000012A613	SINGLE	2	203	211	6	5.132e-06	{V}
UPI000012A613	WHOLE	1	1	332	67	5.172e-10	{L}
UPI000012A7DE	SINGLE	1	101	111	7	4.334e-06	{A}
UPI000012A7DE	MULTIPLE	1	41	59	11	2.321e-06	{AQ}
UPI000012A825	SINGLE	1	15	54	14	9.207e-07	{A}
UPI000012A825	WHOLE	1	1	270	37	3.241e-06	{K}
UPI000012A918	WHOLE	1	1	260	29	2.517e-06	{Q}
UPI000012A92F	SINGLE	1	48	77	10	7.012e-06	{T}
UPI000012A92F	MULTIPLE	1	38	77	17	2.608e-06	{TG}
UPI000012A958	MULTIPLE	1	70	105	18	2.949e-07	{IL}
UPI000012A9DF	SINGLE	1	205	211	4	7.399e-06	{M}
UPI000012AB27	MULTIPLE	1	2	30	11	9.445e-07	{CI}
UPI000012ACAC	MULTIPLE	1	101	130	14	6.114e-06	{VE}
UPI000012ACCC	SINGLE	1	125	130	5	7.177e-06	{G}
UPI000012ACFE	SINGLE	1	324	328	5	6.591e-06	{L}
UPI000012AD54	MULTIPLE	1	51	75	11	1.590e-06	{FQ}
UPI000012AD7B	SINGLE	1	86	90	4	1.105e-06	{H}
UPI000012ADF4	SINGLE	1	83	101	11	1.396e-07	{L}
UPI000012ADF4	SINGLE	2	123	133	7	1.412e-06	{G}
UPI000012ADF4	SINGLE	3	144	158	7	6.688e-06	{D}
UPI000012AFB9	SINGLE	1	89	102	5	1.284e-06	{W}
UPI000012B560	SINGLE	1	485	490	4	3.242e-06	{H}
UPI000012B566	SINGLE	1	119	133	8	5.187e-06	{A}
UPI000012B566	MULTIPLE	1	97	118	13	4.788e-07	{VG}
UPI000012B56C	MULTIPLE	1	251	271	11	1.254e-06	{HA}
UPI000012B56C	WHOLE	1	1	367	57	3.702e-07	{A}
UPI000012B595	MULTIPLE	1	134	149	9	5.562e-06	{HA}
UPI000012B73F	WHOLE	1	1	219	30	3.318e-07	{I}
UPI000012B8A0	MULTIPLE	1	236	245	7	4.859e-07	{MQ}
UPI000012BC19	SINGLE	1	354	368	8	1.266e-06	{V}
UPI000012BC36	WHOLE	1	1	398	68	2.907e-07	{L}
UPI000012BC5E	SINGLE	1	72	86	7	1.289e-06	{Q}
UPI000012BC5E	MULTIPLE	1	9	25	13	1.151e-07	{LA}
UPI000012BC5E	WHOLE	1	1	327	34	1.818e-06	{Q}
UPI000012C5C6	SINGLE	1	63	85	9	5.457e-07	{R}
UPI000012C689	SINGLE	1	6	11	5	1.661e-06	{I}
UPI000012C68E	SINGLE	1	7	78	23	1.060e-10	{G}
UPI000012C68E	SINGLE	2	383	397	8	2.783e-06	{S}
UPI000012C68E	MULTIPLE	1	83	94	10	5.791e-08	{AI}
UPI000012CA9E	SINGLE	1	214	264	17	1.345e-06	{L}
UPI000012CA9E	MULTIPLE	1	214	264	24	6.418e-09	{LQ}
UPI000012CA9E	WHOLE	1	1	337	60	3.356e-07	{L}
UPI000012CCD8	SINGLE	1	526	567	14	1.782e-06	{A}
UPI000012CCD8	WHOLE	1	1	616	86	8.604e-08	{A}
UPI000012CCDD	SINGLE	1	14	59	11	2.843e-06	{Q}
UPI000012CFCB	SINGLE	1	144	155	7	9.586e-06	{A}
UPI000012CFCD	SINGLE	1	119	124	5	1.440e-06	{R}
UPI000012CFDF	SINGLE	1	104	123	8	1.605e-06	{P}
UPI000012CFDF	MULTIPLE	1	108	124	13	2.563e-09	{PA}
UPI000012CFDF	WHOLE	1	1	203	16	1.956e-07	{C}
UPI000012CFF0	WHOLE	1	1	175	18	5.625e-10	{C}
UPI000012CFFE	WHOLE	1	1	315	63	2.297e-09	{L}
UPI000012D01F	SINGLE	1	38	93	9	2.439e-07	{C}
UPI000012D144	MULTIPLE	1	158	168	9	1.383e-07	{HL}
UPI000012D164	MULTIPLE	1	66	81	11	2.656e-06	{LE}
UPI000012D2D5	SINGLE	1	98	154	18	9.680e-09	{E}
UPI000012D2D5	SINGLE	2	177	223	15	1.367e-07	{E}
UPI000012D2D5	SINGLE	3	103	153	17	1.469e-07	{A}
UPI000012D2D5	MULTIPLE	1	98	154	36	3.573e-17	{EA}
UPI000012D2D5	MULTIPLE	2	172	223	25	3.905e-11	{ER}
UPI000012D2D5	WHOLE	1	1	890	99	8.921e-08	{E}
UPI000012D2D5	WHOLE	2	1	890	109	1.313e-06	{A}
UPI000012D5BB	MULTIPLE	1	337	361	9	5.996e-06	{WQ}
UPI000012DC56	WHOLE	1	1	398	56	8.557e-06	{A}
UPI000012DD92	MULTIPLE	1	289	314	15	2.584e-07	{IL}
UPI000012DD92	WHOLE	1	1	620	95	3.318e-07	{L}
UPI000012E09F	SINGLE	1	172	203	9	9.864e-06	{P}
UPI000012E09F	MULTIPLE	1	170	209	19	8.802e-09	{PV}
UPI000012E473	SINGLE	1	561	576	8	1.644e-06	{K}
UPI000012E838	SINGLE	1	171	186	7	5.137e-06	{I}
UPI000012E854	SINGLE	1	8	14	7	2.340e-12	{H}
UPI000012E854	WHOLE	1	1	16	7	2.195e-08	{H}
UPI000012E896	MULTIPLE	1	48	69	10	2.372e-07	{WP}
UPI000012E897	SINGLE	1	6	16	8	2.973e-08	{T}
UPI000012EB4A	MULTIPLE	1	434	441	7	1.862e-07	{FN}
UPI000012EB4D	SINGLE	1	18	22	5	6.591e-06	{L}
UPI000012ED2F	SINGLE	1	144	166	10	3.473e-06	{A}
UPI000012ED2F	MULTIPLE	1	329	355	15	1.889e-07	{GV}
UPI000012EDA5	WHOLE	1	1	546	81	1.545e-08	{A}
UPI000012EE7B	SINGLE	1	315	320	6	1.208e-08	{R}
UPI000012EE7B	WHOLE	1	1	847	32	1.731e-06	{W}
UPI000012EEE0	SINGLE	1	232	263	13	1.878e-06	{L}
UPI000012EEE0	WHOLE	1	1	308	56	3.989e-07	{L}
UPI000012EEF1	SINGLE	1	185	217	6	8.081e-06	{W}
UPI000012EF98	SINGLE	1	159	183	10	1.917e-06	{G}
UPI000012EF98	MULTIPLE	1	159	184	15	4.157e-09	{GY}
UPI000012F063	SINGLE	1	105	148	12	8.622e-07	{I}
UPI000012F063	SINGLE	2	294	322	9	6.268e-06	{I}
UPI000012F063	MULTIPLE	1	273	322	30	4.351e-11	{IVG}
UPI000012F063	WHOLE	1	1	336	39	5.252e-07	{I}
UPI000012F212	SINGLE	1	224	234	6	2.440e-06	{Q}
UPI000012F378	MULTIPLE	1	46	68	15	1.076e-07	{LV}
UPI000012F3D1	SINGLE	1	142	159	8	7.119e-06	{E}
UPI000012F5D9	MULTIPLE	1	89	104	10	4.336e-07	{MA}
UPI000012F69C	SINGLE	1	82	123	13	1.344e-06	{E}
UPI000012F69C	WHOLE	1	1	124	24	1.015e-06	{E}
UPI000012F6A4	SINGLE	1	15	29	7	2.514e-06	{R}
UPI000012F8F2	SINGLE	1	329	364	13	1.821e-07	{E}
UPI000012F95E	SINGLE	1	294	304	7	4.334e-06	{A}
UPI000012F95E	SINGLE	2	26	34	6	5.807e-06	{G}
UPI000012FD07	MULTIPLE	1	223	248	14	1.683e-07	{GI}
UPI000012FD07	WHOLE	1	1	406	42	3.662e-06	{I}
UPI000012FD47	SINGLE	1	36	49	8	2.626e-06	{A}
UPI000012FD53	SINGLE	1	34	60	10	3.623e-06	{E}
UPI000012FD53	MULTIPLE	1	34	60	14	2.310e-07	{ER}
UPI000012FD70	WHOLE	1	1	231	16	1.062e-06	{C}
UPI000012FD72	MULTIPLE	1	4	29	10	1.795e-06	{WR}
UPI000012FD85	SINGLE	1	217	263	7	8.858e-06	{C}
UPI000012FD88	WHOLE	1	1	463	45	2.107e-08	{F}
UPI000012FD90	SINGLE	1	557	572	7	4.255e-06	{R}
UPI000012FD90	MULTIPLE	1	290	316	10	8.448e-06	{CD}
UPI0000130028	SINGLE	1	93	132	14	5.873e-06	{L}
UPI0000130028	WHOLE	1	1	513	83	1.838e-07	{L}
UPI000013017A	MULTIPLE	1	82	101	13	9.094e-07	{LG}
UPI000013017A	MULTIPLE	2	13	26	10	1.727e-06	{IL}
UPI0000130181	SINGLE	1	76	92	7	3.651e-08	{H}
UPI000013021E	SINGLE	1	66	98	16	8.394e-14	{Q}
UPI000013021E	SINGLE	2	228	264	14	1.738e-08	{T}
UPI000013021E	MULTIPLE	1	55	98	26	1.218e-16	{QP}
UPI000013021E	MULTIPLE	2	228	259	19	1.409e-09	{TS}
UPI000013038F	SINGLE	1	112	116	4	1.105e-06	{H}
UPI00001304F5	WHOLE	1	1	223	16	6.750e-07	{C}
UPI00001309E7	MULTIPLE	1	10	30	10	3.154e-06	{HE}
UPI00001309FB	MULTIPLE	1	252	282	11	1.030e-06	{FM}
UPI00001309FB	WHOLE	1	1	325	30	9.742e-06	{F}
UPI0000130A02	SINGLE	1	60	74	5	2.680e-06	{C}
UPI0000130A02	MULTIPLE	1	91	109	8	3.443e-06	{CF}
UPI0000130A1E	SINGLE	1	137	142	5	5.269e-07	{F}
UPI0000130A1E	SINGLE	2	469	478	7	5.011e-06	{L}
UPI0000130A1E	WHOLE	1	1	509	76	9.485e-06	{L}
UPI0000130A2E	SINGLE	1	46	100	12	1.008e-06	{F}
UPI0000130A2E	SINGLE	2	166	188	6	7.449e-06	{M}
UPI0000130A2E	MULTIPLE	1	250	272	13	7.008e-07	{AI}
UPI0000130A2F	SINGLE	1	249	292	11	6.046e-06	{I}
UPI0000130A2F	WHOLE	1	1	418	38	1.130e-06	{F}
UPI0000130D7C	SINGLE	1	147	160	6	7.799e-06	{F}
UPI0000130D7C	SINGLE	2	201	224	9	9.761e-06	{V}
UPI0000130EBC	SINGLE	1	37	71	13	1.561e-07	{G}
UPI000013119F	MULTIPLE	1	187	226	18	2.238e-07	{QA}
UPI000013119F	WHOLE	1	1	255	41	5.567e-06	{A}
UPI0000131256	SINGLE	1	57	67	6	2.440e-06	{Q}
UPI000013126F	MULTIPLE	1	163	180	12	3.626e-06	{AL}
UPI0000131425	SINGLE	1	455	468	9	2.079e-09	{R}
UPI0000131425	WHOLE	1	1	472	55	1.176e-09	{R}
UPI000013142B	MULTIPLE	1	63	99	12	3.354e-06	{PM}
UPI000013142C	MULTIPLE	1	145	161	10	3.041e-06	{HL}
UPI000013142C	WHOLE	1	1	309	52	8.698e-06	{L}
UPI00001314AB	SINGLE	1	235	252	8	7.422e-07	{R}
UPI0000131632	WHOLE	1	1	353	58	6.037e-06	{L}
UPI000013186B	SINGLE	1	92	133	7	2.601e-06	{W}
UPI000013186D	SINGLE	1	23	66	8	2.508e-07	{W}
UPI000013186D	WHOLE	1	1	254	17	3.111e-07	{W}
UPI00001319CA	MULTIPLE	1	192	218	12	7.102e-06	{WL}
UPI0000131B2A	SINGLE	1	2	20	10	1.684e-06	{L}
UPI0000131C5E	MULTIPLE	1	307	334	15	1.318e-07	{QA}
UPI0000131C5E	MULTIPLE	2	264	273	8	6.121e-07	{WL}
UPI0000131D63	SINGLE	1	228	232	5	2.962e-06	{A}
UPI0000132068	SINGLE	1	7	25	10	3.887e-07	{A}
UPI0000132126	SINGLE	1	371	398	7	1.744e-06	{M}
UPI0000132126	SINGLE	2	224	241	5	7.284e-06	{C}
UPI0000132126	SINGLE	3	4	10	4	7.399e-06	{H}
UPI00001322F5	MULTIPLE	1	51	77	13	7.114e-06	{AI}
UPI0000132811	SINGLE	1	432	449	8	7.422e-07	{R}
UPI00001328AD	WHOLE	1	1	625	58	2.211e-06	{I}
UPI00001328BE	SINGLE	1	95	105	7	4.334e-06	{A}
UPI0000132919	SINGLE	1	108	116	6	5.807e-06	{G}
UPI0000132970	SINGLE	1	68	105	13	2.974e-06	{A}
UPI0000132970	MULTIPLE	1	66	105	21	1.663e-09	{AI}
UPI0000132970	WHOLE	1	1	266	32	2.323e-06	{I}
UPI0000133730	MULTIPLE	1	60	93	13	2.189e-06	{ME}
UPI00001341E9	SINGLE	1	49	84	12	9.512e-06	{A}
UPI0000134285	SINGLE	1	174	190	8	2.984e-06	{T}
UPI0000134292	MULTIPLE	1	211	245	14	3.250e-08	{HR}
UPI0000134385	SINGLE	1	147	161	5	2.680e-06	{C}
UPI0000134385	WHOLE	1	1	192	14	2.663e-06	{C}
UPI0000134428	SINGLE	1	57	76	8	1.937e-06	{R}
UPI000013471A	MULTIPLE	1	270	281	8	1.589e-06	{RN}
UPI0000134E23	SINGLE	1	321	332	7	2.746e-06	{V}
UPI0000134E23	WHOLE	1	1	557	67	5.610e-07	{V}
UPI00001351EC	SINGLE	1	162	216	18	8.020e-12	{Q}
UPI00001351EC	MULTIPLE	1	67	103	17	3.909e-08	{PQW}
UPI00001351EC	WHOLE	1	1	216	32	1.157e-09	{Q}
UPI00001351F0	MULTIPLE	1	19	37	10	1.135e-06	{CS}
UPI000013537B	SINGLE	1	214	231	8	7.422e-07	{R}
UPI000013553A	SINGLE	1	7	23	10	4.299e-07	{L}
UPI0000135551	MULTIPLE	1	119	135	9	2.198e-07	{WR}
UPI000013559F	WHOLE	1	1	406	35	8.484e-06	{F}
UPI000013570C	SINGLE	1	307	313	5	5.528e-06	{I}
UPI000013570C	MULTIPLE	1	370	394	10	3.569e-06	{MI}
UPI000013570C	WHOLE	1	1	429	48	9.297e-08	{I}
UPI000013570C	WHOLE	2	1	429	28	2.959e-07	{M}
UPI000013572A	SINGLE	1	279	286	6	2.073e-06	{G}
UPI0000135763	SINGLE	1	865	872	7	1.342e-07	{A}
UPI0000135763	MULTIPLE	1	835	856	12	5.351e-07	{EQ}
UPI0000135763	WHOLE	1	1	901	93	4.015e-06	{E}
UPI00001358B0	SINGLE	1	9	23	8	5.187e-06	{A}
UPI0000135980	MULTIPLE	1	37	65	16	1.004e-06	{EL}
UPI0000135A41	SINGLE	1	55	101	17	3.235e-09	{G}
UPI0000135A41	MULTIPLE	1	63	99	22	3.044e-10	{GA}
UPI0000135A41	WHOLE	1	1	155	26	7.825e-06	{G}
UPI0000135A43	SINGLE	1	149	179	14	9.981e-16	{H}
UPI0000135A43	SINGLE	2	166	194	14	8.788e-10	{G}
UPI0000135A43	SINGLE	3	167	195	6	5.499e-06	{C}
UPI0000135A43	MULTIPLE	1	149	196	42	1.494e-27	{HGCD}
UPI0000135A43	WHOLE	1	1	196	20	1.283e-08	{H}
UPI0000135AC9	SINGLE	1	206	214	6	5.178e-06	{E}
UPI0000135C72	SINGLE	1	69	91	10	4.057e-07	{K}
UPI0000135C72	MULTIPLE	1	67	91	21	1.933e-12	{KAQ}
UPI0000135C72	MULTIPLE	2	20	28	9	9.031e-09	{AI}
UPI0000135ED9	SINGLE	1	423	446	10	3.492e-11	{M}
UPI0000135ED9	MULTIPLE	1	423	446	16	2.082e-12	{MK}
UPI0000135ED9	WHOLE	1	1	453	28	8.326e-07	{M}
UPI0000136044	MULTIPLE	1	70	97	15	3.914e-06	{GL}
UPI0000136130	SINGLE	1	27	56	11	1.333e-06	{E}
UPI0000136130	MULTIPLE	1	27	56	15	9.192e-08	{EQ}
UPI000013620B	SINGLE	1	42	71	9	3.022e-06	{Q}
UPI000013620B	SINGLE	2	48	54	6	3.854e-06	{L}
UPI000013620B	SINGLE	3	10	18	6	9.427e-06	{S}
UPI000013620B	MULTIPLE	1	47	71	17	5.767e-10	{QL}
UPI00001363DF	SINGLE	1	127	132	4	3.242e-06	{H}
UPI000013640D	SINGLE	1	55	89	12	6.881e-06	{A}
UPI000013650F	MULTIPLE	1	256	276	10	4.903e-06	{QR}
UPI00001366F5	SINGLE	1	519	524	4	3.242e-06	{M}
UPI00001366F5	MULTIPLE	1	511	527	9	6.257e-07	{MI}
UPI0000136D50	MULTIPLE	1	180	207	14	5.468e-07	{IG}
UPI0000136EA5	SINGLE	1	294	307	9	5.834e-07	{L}
UPI0000136EA5	SINGLE	2	35	61	6	2.364e-06	{W}
UPI0000136EA5	SINGLE	3	512	521	7	5.011e-06	{L}
UPI0000136EA5	MULTIPLE	1	77	105	15	1.447e-06	{RL}
UPI0000136EA5	WHOLE	1	1	536	103	4.659e-13	{L}
UPI0000136F67	WHOLE	1	1	432	59	4.194e-08	{E}
UPI0000137030	WHOLE	1	1	481	59	2.476e-06	{G}
UPI0000137105	SINGLE	1	120	294	94	2.790e-56	{A}
UPI0000137105	SINGLE	2	209	284	21	3.548e-09	{K}
UPI0000137105	SINGLE	3	43	47	5	1.281e-06	{G}
UPI0000137105	SINGLE	4	146	196	14	1.446e-06	{K}
UPI0000137105	MULTIPLE	1	123	294	133	6.403e-78	{AK}
UPI0000137105	MULTIPLE	2	299	342	19	4.288e-08	{NG}
UPI0000137105	MULTIPLE	3	79	136	27	6.471e-12	{EQ}
UPI0000137105	WHOLE	1	1	421	130	3.837e-43	{A}
UPI0000137105	WHOLE	2	1	421	66	3.157e-12	{K}
UPI0000137111	SINGLE	1	20	41	8	5.499e-06	{I}
UPI0000137111	MULTIPLE	1	6	42	18	4.930e-07	{IL}
UPI0000137114	SINGLE	1	21	30	7	5.011e-06	{L}
UPI00001371F1	WHOLE	1	1	255	45	1.661e-07	{A}
UPI00001373D1	WHOLE	1	1	483	41	2.391e-06	{F}
UPI0000137412	MULTIPLE	1	55	63	7	1.233e-06	{GM}
UPI0000137412	MULTIPLE	2	244	251	6	1.863e-06	{HQ}
UPI000013766D	MULTIPLE	1	110	128	9	9.315e-06	{RY}
UPI000013769B	SINGLE	1	3	9	5	4.800e-06	{R}
UPI000013774C	MULTIPLE	1	136	154	8	7.165e-06	{MF}
UPI000013788D	SINGLE	1	586	602	7	6.888e-06	{R}
UPI00001378B3	WHOLE	1	1	403	69	2.237e-07	{L}
UPI0000137B1B	SINGLE	1	69	156	26	4.210e-08	{L}
UPI0000137B1B	SINGLE	2	255	269	9	1.324e-06	{L}
UPI0000137B1B	MULTIPLE	1	60	162	37	8.974e-12	{LW}
UPI0000137B1B	WHOLE	1	1	500	100	8.455e-14	{L}
UPI0000137B1D	SINGLE	1	351	359	5	9.817e-06	{F}
UPI0000137B21	SINGLE	1	226	241	8	2.395e-06	{E}
UPI0000137B21	MULTIPLE	1	171	213	16	9.780e-06	{IG}
UPI0000137C33	SINGLE	1	394	401	5	7.464e-06	{Q}
UPI0000137D5E	WHOLE	1	1	429	47	2.253e-07	{I}
UPI0000138EC5	WHOLE	1	1	405	46	1.089e-07	{I}
UPI0000138EC5	WHOLE	2	1	405	35	8.071e-06	{F}
UPI0000138EE2	SINGLE	1	346	359	7	1.408e-06	{R}
UPI0000138FB8	SINGLE	1	26	61	13	4.609e-10	{F}
UPI0000138FB8	SINGLE	2	207	224	8	9.209e-07	{I}
UPI0000138FB8	SINGLE	3	131	185	12	1.008e-06	{F}
UPI0000138FB8	WHOLE	1	1	450	52	4.261e-12	{F}
UPI0000138FDB	SINGLE	1	44	52	4	7.618e-06	{C}
UPI0000139065	SINGLE	1	246	253	7	4.052e-07	{L}
UPI0000139065	MULTIPLE	1	333	364	13	1.160e-06	{MG}
UPI0000139FF9	SINGLE	1	109	135	8	5.684e-06	{F}
UPI0000139FFC	MULTIPLE	1	232	247	9	1.727e-06	{FR}
UPI000013A00D	SINGLE	1	57	88	6	6.712e-06	{W}
UPI000013A00D	WHOLE	1	1	254	45	8.904e-06	{L}
UPI000013A044	SINGLE	1	46	55	6	1.129e-06	{N}
UPI000013A044	SINGLE	2	84	121	13	1.187e-06	{S}
UPI000013A044	MULTIPLE	1	31	57	15	9.672e-09	{NT}
UPI000013A065	SINGLE	1	38	56	9	4.569e-06	{A}
UPI000013A07F	SINGLE	1	196	227	11	1.402e-07	{R}
UPI000013A0F0	SINGLE	1	45	73	7	2.248e-06	{H}
UPI000013A2B8	SINGLE	1	4	9	5	1.661e-06	{I}
UPI000013A2BD	MULTIPLE	1	159	173	10	4.448e-06	{LI}
UPI000013A302	MULTIPLE	1	110	150	10	2.022e-06	{HC}
UPI000013A348	SINGLE	1	381	414	9	8.950e-06	{N}
UPI000013A352	SINGLE	1	445	474	6	4.532e-06	{W}
UPI000013A356	SINGLE	1	16	61	13	5.060e-06	{G}
UPI000013A356	MULTIPLE	1	16	57	24	2.643e-08	{GSR}
UPI000013A35F	MULTIPLE	1	226	247	12	9.114e-07	{LM}
UPI000013A35F	WHOLE	1	1	377	40	3.349e-06	{I}
UPI000013A367	MULTIPLE	1	77	120	18	6.857e-08	{HA}
UPI000013A368	WHOLE	1	1	295	53	1.113e-06	{L}
UPI000013A36C	SINGLE	1	42	64	10	3.473e-06	{A}
UPI000013A36D	MULTIPLE	1	298	328	16	6.157e-08	{TD}
UPI000013A36D	WHOLE	1	1	760	83	2.715e-07	{T}
UPI000013A36F	MULTIPLE	1	192	204	9	3.407e-06	{AR}
UPI000013A370	SINGLE	1	25	34	8	8.645e-09	{T}
UPI000013A370	SINGLE	2	328	372	11	8.540e-07	{F}
UPI000013A370	SINGLE	3	724	739	7	3.603e-06	{P}
UPI000013A370	SINGLE	4	76	87	6	7.194e-06	{P}
UPI000013A380	SINGLE	1	170	176	6	4.891e-07	{V}
UPI000013A380	WHOLE	1	1	299	58	2.787e-08	{L}
UPI000013A38E	SINGLE	1	8	32	11	4.612e-06	{L}
UPI000013A38E	SINGLE	2	66	86	7	9.294e-06	{F}
UPI000013A38E	WHOLE	1	1	561	66	2.733e-06	{G}
UPI000013A58B	SINGLE	1	332	360	11	5.474e-06	{A}
UPI000013A58B	WHOLE	1	1	447	63	2.547e-06	{A}
UPI000013A5C1	SINGLE	1	95	120	9	2.276e-06	{I}
UPI000013A5C1	MULTIPLE	1	127	146	11	6.499e-06	{RA}
UPI000013A5E9	SINGLE	1	33	40	5	4.541e-06	{F}
UPI000013A5E9	MULTIPLE	1	30	62	15	3.933e-09	{FWM}
UPI000013A5EA	SINGLE	1	609	626	7	5.580e-06	{Q}
UPI000013A607	WHOLE	1	1	408	64	9.474e-06	{L}
UPI000013A67C	SINGLE	1	73	114	15	3.255e-08	{G}
UPI000013A67F	SINGLE	1	26	73	16	2.498e-10	{P}
UPI000013A699	MULTIPLE	1	364	374	8	1.624e-06	{FV}
UPI000013A699	WHOLE	1	1	578	92	9.402e-08	{L}
UPI000013A6A0	MULTIPLE	1	29	49	12	2.868e-07	{HYI}
UPI000013A6A1	MULTIPLE	1	54	62	7	3.828e-06	{EF}
UPI000013A6B0	MULTIPLE	1	138	150	8	1.152e-06	{CK}
UPI000013A6BD	SINGLE	1	6	57	14	4.138e-06	{G}
UPI000013A6DF	SINGLE	1	15	28	9	5.834e-07	{L}
UPI000013A6E0	SINGLE	1	79	89	7	1.224e-06	{V}
UPI000013A92D	MULTIPLE	1	156	184	15	9.445e-07	{LQ}
UPI000013A95C	SINGLE	1	23	30	6	5.523e-06	{A}
UPI000013A98E	SINGLE	1	5	46	12	5.002e-07	{I}
UPI000013A98E	SINGLE	2	136	163	12	2.388e-06	{L}
UPI000013A98E	WHOLE	1	1	344	67	2.289e-09	{L}
UPI000013A992	SINGLE	1	490	500	7	4.334e-06	{A}
UPI000013A9AE	SINGLE	1	23	34	6	2.599e-06	{F}
UPI000013A9B1	SINGLE	1	409	456	17	5.162e-07	{L}
UPI000013A9B1	SINGLE	2	164	168	4	1.105e-06	{M}
UPI000013A9B1	SINGLE	3	517	528	6	8.314e-06	{R}
UPI000013A9B1	MULTIPLE	1	406	456	24	3.432e-09	{LF}
UPI000013A9B1	WHOLE	1	1	670	103	9.973e-08	{L}
UPI000013A9B5	SINGLE	1	42	93	18	8.432e-10	{K}
UPI000013A9B5	SINGLE	2	37	73	11	8.424e-06	{T}
UPI000013A9B5	MULTIPLE	1	34	93	43	3.434e-18	{KTS}
UPI000013A9B5	WHOLE	1	1	271	37	3.524e-06	{K}
UPI000013A9B7	MULTIPLE	1	332	354	14	3.532e-07	{AG}
UPI000013A9B7	WHOLE	1	1	389	55	8.848e-06	{A}
UPI000013A9C2	SINGLE	1	124	171	8	8.502e-07	{C}
UPI000013A9C2	MULTIPLE	1	187	199	8	1.563e-06	{QY}
UPI000013A9C2	WHOLE	1	1	222	16	6.358e-07	{C}
UPI000013A9C4	SINGLE	1	123	193	13	1.028e-10	{C}
UPI000013A9C4	SINGLE	2	102	114	7	6.403e-06	{G}
UPI000013A9C4	WHOLE	1	1	208	18	8.569e-09	{C}
UPI000013A9D7	MULTIPLE	1	202	241	20	8.335e-08	{AV}
UPI000013A9D7	MULTIPLE	2	309	330	12	1.078e-06	{IG}
UPI000013A9D8	MULTIPLE	1	65	76	8	1.785e-06	{NI}
UPI000013A9DB	MULTIPLE	1	217	241	11	2.634e-06	{EM}
UPI000013A9E2	MULTIPLE	1	182	210	11	9.445e-07	{CI}
UPI000013ABA4	MULTIPLE	1	451	469	11	7.262e-07	{QE}
UPI000013ABA5	SINGLE	1	93	103	8	5.014e-08	{G}
UPI000013ABA5	MULTIPLE	1	92	112	15	1.069e-10	{GQ}
UPI000013ABA9	SINGLE	1	262	287	12	9.194e-07	{L}
UPI000013ABA9	MULTIPLE	1	266	287	14	3.765e-09	{LC}
UPI000013ABA9	WHOLE	1	1	491	51	3.654e-07	{I}
UPI000013ABA9	WHOLE	2	1	491	76	2.770e-06	{L}
UPI000013ABB6	SINGLE	1	166	178	7	6.403e-06	{G}
UPI000013ABB6	MULTIPLE	1	163	179	11	7.534e-09	{GW}
UPI000013ABC8	SINGLE	1	16	21	5	6.460e-06	{V}
UPI000013ABC9	SINGLE	1	239	244	5	6.460e-06	{V}
UPI000013ABC9	WHOLE	1	1	457	74	7.348e-07	{L}
UPI000013ABCB	SINGLE	1	245	260	7	4.255e-06	{R}
UPI000013ABCB	MULTIPLE	1	216	260	16	7.363e-09	{RC}
UPI000013AC14	SINGLE	1	158	178	9	2.683e-06	{V}
UPI000013AC4B	MULTIPLE	1	41	81	15	6.205e-06	{RD}
UPI000013AC53	SINGLE	1	75	104	12	1.815e-07	{G}
UPI000013AC61	MULTIPLE	1	260	281	9	7.550e-06	{HR}
UPI000013AC63	MULTIPLE	1	146	177	18	3.512e-08	{VA}
UPI000013AC73	SINGLE	1	3	11	4	7.618e-06	{C}
UPI000013AC76	MULTIPLE	1	173	202	13	4.999e-07	{FI}
UPI000013AC76	WHOLE	1	1	364	38	8.014e-06	{I}
UPI000013AC7E	SINGLE	1	161	171	6	4.366e-06	{R}
UPI000013ADD9	MULTIPLE	1	374	409	11	1.707e-06	{WF}
UPI000013ADD9	WHOLE	1	1	550	28	2.465e-08	{W}
UPI000013ADDB	SINGLE	1	40	59	10	3.057e-06	{L}
UPI000013ADDB	WHOLE	1	1	128	29	2.950e-06	{L}
UPI000013ADE9	SINGLE	1	209	284	20	2.818e-10	{R}
UPI000013ADE9	SINGLE	2	527	561	13	1.036e-06	{A}
UPI000013ADE9	SINGLE	3	127	150	6	9.716e-06	{M}
UPI000013ADE9	WHOLE	1	1	610	36	8.500e-08	{M}
UPI000013ADE9	WHOLE	2	1	610	71	8.747e-07	{V}
UPI000013ADEB	MULTIPLE	1	27	60	14	6.932e-06	{RE}
UPI000013ADEE	SINGLE	1	38	58	10	5.299e-06	{L}
UPI000013ADFD	MULTIPLE	1	287	331	22	4.722e-09	{VWI}
UPI000013AE13	SINGLE	1	123	156	7	6.942e-06	{H}
UPI000013AE13	MULTIPLE	1	119	156	10	9.572e-07	{HC}
UPI000013AE2F	SINGLE	1	133	145	7	8.968e-07	{I}
UPI000013AE2F	SINGLE	2	79	90	6	2.599e-06	{F}
UPI000013AE30	SINGLE	1	242	252	7	1.412e-06	{G}
UPI000013AE7D	SINGLE	1	26	33	5	4.541e-06	{F}
UPI000013AE7F	SINGLE	1	73	111	14	8.609e-08	{G}
UPI000013AE7F	MULTIPLE	1	69	111	25	3.750e-11	{GA}
UPI000013AE8E	MULTIPLE	1	27	54	15	9.234e-07	{LI}
UPI000013AE95	SINGLE	1	144	188	12	2.899e-07	{Q}
UPI000013AEAF	MULTIPLE	1	33	52	12	2.349e-07	{GR}
UPI000013AEBA	SINGLE	1	7	15	7	1.656e-06	{L}
UPI000013AEBF	SINGLE	1	10	15	5	1.661e-06	{I}
UPI000013AEBF	SINGLE	2	139	157	6	2.187e-06	{M}
UPI000013AEBF	MULTIPLE	1	131	157	14	2.548e-07	{ML}
UPI000013B01C	SINGLE	1	284	289	6	6.064e-07	{L}
UPI000013B01C	MULTIPLE	1	254	271	13	4.781e-08	{GA}
UPI000013B01C	WHOLE	1	1	394	67	4.140e-07	{L}
UPI000013B058	MULTIPLE	1	157	169	8	2.611e-06	{MV}
UPI000013B062	SINGLE	1	166	190	10	8.426e-06	{A}
UPI000013B062	WHOLE	1	1	397	57	4.053e-06	{A}
UPI000013B075	SINGLE	1	147	163	8	4.231e-06	{E}
UPI000013B082	WHOLE	1	1	162	16	8.762e-09	{C}
UPI000013B08E	SINGLE	1	162	209	13	3.342e-07	{I}
UPI000013B08E	SINGLE	2	37	48	6	9.795e-06	{I}
UPI000013B08E	WHOLE	1	1	286	32	9.884e-06	{I}
UPI000013B09E	MULTIPLE	1	71	111	20	1.105e-07	{IL}
UPI000013B0B2	SINGLE	1	92	106	7	2.514e-06	{R}
UPI000013B0C6	MULTIPLE	1	85	124	17	2.608e-06	{TG}
UPI000013B0C9	MULTIPLE	1	133	158	13	4.586e-07	{DI}
UPI000013B0E1	MULTIPLE	1	218	238	15	1.675e-08	{VL}
UPI000013B0E1	WHOLE	1	1	414	66	4.275e-06	{L}
UPI000013B1DD	MULTIPLE	1	142	149	8	6.641e-08	{VK}
UPI000013B1FE	SINGLE	1	51	62	7	9.586e-06	{A}
UPI000013B22C	SINGLE	1	60	85	11	1.562e-06	{A}
UPI000013B247	SINGLE	1	28	94	24	2.736e-16	{Q}
UPI000013B247	WHOLE	1	1	146	29	5.413e-12	{Q}
UPI000013B251	SINGLE	1	33	41	8	4.194e-08	{L}
UPI000013B251	SINGLE	2	106	118	8	4.077e-06	{L}
UPI000013B251	WHOLE	1	1	208	43	2.477e-07	{L}
UPI000013B39B	SINGLE	1	402	423	8	5.499e-06	{I}
UPI000013B39B	SINGLE	2	441	459	7	8.454e-06	{Q}
UPI000013B3BD	SINGLE	1	384	390	4	7.399e-06	{H}
UPI000013B3BD	SINGLE	2	30	76	14	7.655e-06	{A}
UPI000013B3DC	SINGLE	1	25	41	7	5.840e-06	{P}
UPI000013B3E7	MULTIPLE	1	76	99	13	4.182e-06	{LI}
UPI000013B401	MULTIPLE	1	337	361	10	2.356e-07	{WY}
UPI000013B401	WHOLE	1	1	413	21	1.210e-06	{W}
UPI000013B402	SINGLE	1	17	62	14	5.832e-06	{A}
UPI000013B402	MULTIPLE	1	17	62	18	1.520e-07	{AM}
UPI000013B406	SINGLE	1	41	49	7	5.567e-07	{A}
UPI000013B41B	MULTIPLE	1	26	56	14	1.153e-06	{EQ}
UPI000013B42A	SINGLE	1	133	140	5	7.464e-06	{Q}
UPI000013B514	SINGLE	1	138	173	11	9.797e-06	{E}
UPI000013B51D	SINGLE	1	471	486	8	2.408e-07	{R}
UPI000013B51D	MULTIPLE	1	128	146	12	3.734e-06	{LG}
UPI000013B51D	WHOLE	1	1	543	93	2.558e-09	{L}
UPI000013B521	SINGLE	1	69	79	9	6.551e-10	{T}
UPI000013B521	SINGLE	2	32	52	10	5.878e-07	{S}
UPI000013B521	SINGLE	3	10	34	11	9.775e-07	{A}
UPI000013B521	MULTIPLE	1	10	53	26	2.257e-11	{SA}
UPI000013B532	SINGLE	1	314	329	8	9.559e-06	{A}
UPI000013B532	WHOLE	1	1	449	56	2.602e-06	{G}
UPI000013B553	SINGLE	1	356	406	19	4.529e-08	{L}
UPI000013B553	WHOLE	1	1	418	71	2.074e-07	{L}
UPI000013B55A	MULTIPLE	1	64	102	14	6.751e-09	{WF}
UPI000013B55B	SINGLE	1	274	308	11	1.447e-07	{Q}
UPI000013B55B	SINGLE	2	108	151	12	2.222e-07	{Q}
UPI000013B55B	SINGLE	3	719	747	10	5.011e-07	{R}
UPI000013B55B	MULTIPLE	1	749	768	10	1.809e-06	{HE}
UPI000013B55B	MULTIPLE	2	918	959	16	4.296e-06	{TI}
UPI000013B55B	WHOLE	1	1	1107	170	1.859e-11	{L}
UPI000013B56D	MULTIPLE	1	10	31	10	6.207e-06	{FI}
UPI000013B57A	SINGLE	1	7	22	8	7.437e-07	{D}
UPI000013B57D	SINGLE	1	122	134	8	8.830e-08	{D}
UPI000013B57D	WHOLE	1	1	138	25	2.113e-06	{E}
UPI000013B57D	WHOLE	2	1	138	22	5.861e-06	{D}
UPI000013B589	SINGLE	1	47	79	14	4.072e-07	{L}
UPI000013B589	MULTIPLE	1	273	289	9	3.258e-06	{MV}
UPI000013B589	MULTIPLE	2	2	25	13	4.182e-06	{LI}
UPI000013B5B1	MULTIPLE	1	18	82	24	1.459e-08	{FG}
UPI000013B5D5	MULTIPLE	1	316	331	10	1.180e-06	{PV}
UPI000013B6ED	MULTIPLE	1	1	35	12	2.553e-06	{IM}
UPI000013B6EF	SINGLE	1	7	14	4	4.301e-06	{C}
UPI000013B6EF	WHOLE	1	1	109	10	9.505e-06	{C}
UPI000013BADB	SINGLE	1	49	98	14	7.614e-08	{I}
UPI000013BADB	SINGLE	2	112	127	7	5.137e-06	{I}
UPI000013BADB	WHOLE	1	1	343	45	2.159e-09	{I}
UPI000013BC5B	SINGLE	1	48	64	9	5.304e-06	{L}
UPI000013BC5B	MULTIPLE	1	127	168	17	2.332e-08	{MV}
UPI000013BC64	SINGLE	1	7	13	6	4.891e-07	{V}
UPI000013BC80	SINGLE	1	169	176	6	1.830e-06	{V}
UPI000013BC80	MULTIPLE	1	163	179	11	6.280e-09	{VW}
UPI000013BC85	SINGLE	1	96	125	11	1.314e-06	{V}
UPI000013BC85	MULTIPLE	1	26	55	15	2.821e-06	{IL}
UPI000013BDAE	SINGLE	1	75	132	15	8.359e-08	{I}
UPI000013BDAE	WHOLE	1	1	565	69	4.928e-12	{I}
UPI000013BDC6	SINGLE	1	50	107	15	5.781e-08	{R}
UPI000013BDC6	SINGLE	2	44	77	7	5.848e-07	{W}
UPI000013BDC6	MULTIPLE	1	44	107	23	2.316e-12	{RW}
UPI000013BED1	MULTIPLE	1	6	43	18	8.044e-07	{IL}
UPI000013BEEE	SINGLE	1	337	372	10	5.791e-06	{I}
UPI000013BEEE	WHOLE	1	1	409	49	8.591e-09	{I}
UPI000013BF20	MULTIPLE	1	19	88	24	3.010e-07	{LH}
UPI000013BF24	MULTIPLE	1	64	86	12	4.774e-07	{FT}
UPI000013BF27	SINGLE	1	3	47	12	1.601e-10	{H}
UPI000013BF27	SINGLE	2	8	43	7	1.404e-06	{C}
UPI000013BF27	SINGLE	3	32	61	11	1.614e-06	{G}
UPI000013BF27	MULTIPLE	1	3	61	41	9.506e-21	{HCGR}
UPI000013BFAA	MULTIPLE	1	14	29	12	5.166e-07	{AL}
UPI000013BFBE	MULTIPLE	1	19	52	15	2.654e-06	{VD}
UPI000013C43F	SINGLE	1	230	236	5	9.894e-08	{H}
UPI000013C43F	MULTIPLE	1	229	250	11	6.010e-08	{HR}
UPI000013C43F	MULTIPLE	2	172	200	8	7.965e-06	{CH}
UPI000013C474	SINGLE	1	120	139	12	5.249e-10	{G}
UPI000013C474	SINGLE	2	34	65	9	5.422e-06	{Q}
UPI000013C474	MULTIPLE	1	120	139	16	4.413e-14	{GM}
UPI000013C48C	MULTIPLE	1	134	162	9	7.301e-07	{CH}
UPI00001586B9	SINGLE	1	44	61	7	5.580e-06	{Q}
UPI000015C564	SINGLE	1	100	133	7	5.848e-07	{W}
UPI000015C564	MULTIPLE	1	162	181	12	2.349e-07	{IV}
UPI0000161C9F	SINGLE	1	184	190	6	1.498e-06	{A}
UPI0000161C9F	SINGLE	2	156	178	8	6.507e-06	{R}
UPI0000163969	MULTIPLE	1	48	91	16	4.150e-07	{GM}
UPI000016396A	SINGLE	1	58	73	9	2.749e-06	{L}
UPI000016396A	WHOLE	1	1	285	50	4.097e-06	{L}
UPI0000163979	SINGLE	1	47	74	7	1.409e-07	{W}
UPI0000163983	MULTIPLE	1	319	344	15	3.139e-07	{EA}
UPI000016399C	MULTIPLE	1	114	130	11	8.420e-07	{TG}
UPI00001639A4	WHOLE	1	1	413	52	4.265e-06	{G}
UPI00001639A8	SINGLE	1	56	105	17	9.875e-07	{L}
UPI00001639A8	WHOLE	1	1	285	55	7.201e-08	{L}
UPI00001639B0	SINGLE	1	20	53	13	8.366e-08	{E}
UPI00001639B5	SINGLE	1	137	149	9	5.772e-08	{A}
UPI00001639B5	MULTIPLE	1	137	155	16	2.335e-12	{AP}
UPI00001639C0	MULTIPLE	1	94	115	12	1.283e-06	{AF}
UPI00001639F9	SINGLE	1	108	125	10	1.998e-07	{A}
UPI00001639FD	SINGLE	1	290	295	5	6.460e-06	{V}
UPI0000163A0F	SINGLE	1	38	51	5	8.083e-06	{H}
UPI0000163A14	MULTIPLE	1	60	67	8	1.466e-08	{DI}
UPI0000163A1D	MULTIPLE	1	69	111	18	2.669e-07	{VR}
UPI00001653C3	SINGLE	1	124	134	7	4.334e-06	{A}
UPI00001653CD	MULTIPLE	1	232	270	19	3.386e-07	{AG}
UPI00001653CD	WHOLE	1	1	289	41	2.355e-06	{G}
UPI00001653CF	SINGLE	1	237	244	6	5.523e-06	{A}
UPI00001653D8	SINGLE	1	88	101	6	6.340e-06	{Y}
UPI00001654BE	MULTIPLE	1	175	195	10	6.785e-06	{PR}
UPI00001654BE	WHOLE	1	1	688	61	2.133e-06	{R}
UPI00001654C6	SINGLE	1	160	183	10	5.486e-06	{A}
UPI00001654C6	WHOLE	1	1	243	40	4.085e-06	{A}
UPI00001654FF	SINGLE	1	343	349	5	5.528e-06	{I}
UPI000016550C	MULTIPLE	1	375	388	8	5.617e-07	{RC}
UPI000016552C	SINGLE	1	380	394	7	2.514e-06	{R}
UPI000016552C	MULTIPLE	1	378	394	13	2.886e-09	{RA}
UPI0000165533	SINGLE	1	474	483	6	2.084e-06	{R}
UPI0000165533	WHOLE	1	1	483	47	2.545e-06	{R}
UPI000016553F	SINGLE	1	27	32	4	3.242e-06	{H}
UPI0000165546	SINGLE	1	82	92	7	4.334e-06	{A}
UPI000016554D	SINGLE	1	107	151	19	1.664e-11	{G}
UPI000016554D	SINGLE	2	131	158	10	1.371e-07	{Q}
UPI000016554D	MULTIPLE	1	114	158	33	9.412e-18	{GQP}
UPI000016554D	WHOLE	1	1	178	29	4.490e-06	{G}
UPI0000167D9B	SINGLE	1	3	26	9	9.761e-06	{V}
UPI0000167D9B	MULTIPLE	1	3	30	14	4.054e-07	{VR}
UPI0000167FFA	SINGLE	1	490	517	11	3.686e-06	{A}
UPI0000167FFA	MULTIPLE	1	470	548	33	7.903e-10	{AQC}
UPI0000167FFA	WHOLE	1	1	566	79	2.637e-07	{A}
UPI0000167FFB	SINGLE	1	170	192	6	7.449e-06	{H}
UPI0000168005	SINGLE	1	791	827	17	4.338e-14	{Q}
UPI0000168005	SINGLE	2	30	42	9	2.888e-09	{D}
UPI0000168005	SINGLE	3	381	388	5	7.464e-06	{Q}
UPI0000168005	MULTIPLE	1	49	64	12	2.054e-08	{KG}
UPI0000168008	SINGLE	1	195	243	12	2.930e-06	{I}
UPI000016805B	WHOLE	1	1	205	16	2.230e-07	{C}
UPI000016808C	SINGLE	1	311	319	6	9.427e-06	{S}
UPI000016808C	SINGLE	2	482	493	7	9.586e-06	{A}
UPI00001680E7	MULTIPLE	1	18	47	16	6.024e-07	{GA}
UPI00001680EF	SINGLE	1	64	72	5	5.680e-07	{H}
UPI000016815F	SINGLE	1	303	367	24	1.027e-09	{L}
UPI000016815F	MULTIPLE	1	425	440	11	2.639e-06	{LV}
UPI000016815F	WHOLE	1	1	469	83	3.728e-09	{L}
UPI0000168165	MULTIPLE	1	30	45	9	5.760e-08	{QW}
UPI0000168186	WHOLE	1	1	392	62	9.892e-06	{L}
UPI00001681AC	SINGLE	1	173	189	7	8.304e-06	{I}
UPI00001681C2	SINGLE	1	285	290	5	6.460e-06	{V}
UPI000016824F	MULTIPLE	1	10	51	18	5.611e-06	{AV}
UPI000016EE75	MULTIPLE	1	91	119	15	6.161e-06	{LE}
UPI000016F200	SINGLE	1	151	182	13	3.113e-07	{A}
UPI000016F387	SINGLE	1	250	288	13	4.111e-06	{A}
UPI000016F387	WHOLE	1	1	401	58	2.737e-06	{A}
UPI000016F3D9	MULTIPLE	1	183	200	9	8.524e-07	{MP}
UPI000018F7B5	SINGLE	1	13	30	9	9.630e-06	{L}
UPI000018F7EB	SINGLE	1	267	308	11	4.568e-11	{C}
UPI000018F7EB	SINGLE	2	319	325	5	4.800e-06	{R}
UPI000018F9D6	SINGLE	1	477	508	11	2.753e-06	{E}
UPI000018FAAE	MULTIPLE	1	116	139	12	3.105e-06	{IV}
UPI00001B5115	SINGLE	1	4	9	5	5.156e-06	{T}
UPI00001B512E	SINGLE	1	31	38	5	7.464e-06	{Q}
UPI00001B512E	MULTIPLE	1	31	51	9	2.752e-06	{QM}
UPI00001B5154	MULTIPLE	1	243	279	16	1.954e-06	{QA}
UPI00002130F2	SINGLE	1	23	50	10	3.449e-07	{R}
UPI00002130F2	MULTIPLE	1	23	50	14	2.896e-08	{RQ}
UPI0000219470	SINGLE	1	119	162	11	6.046e-06	{I}
UPI000021C369	SINGLE	1	25	51	8	7.450e-08	{M}
UPI000021C369	WHOLE	1	1	116	14	2.342e-07	{M}
UPI000021C36C	SINGLE	1	293	304	7	9.586e-06	{A}
UPI000021C36F	WHOLE	1	1	1048	92	5.578e-08	{I}
UPI000021C371	SINGLE	1	81	90	8	2.196e-12	{H}
UPI000021C372	SINGLE	1	43	57	7	1.262e-08	{H}
UPI000021C372	SINGLE	2	7	18	7	9.586e-06	{A}
UPI000021C372	MULTIPLE	1	43	58	12	2.751e-10	{HG}
UPI00002263DC	SINGLE	1	203	208	5	8.737e-07	{Q}
UPI00002263DC	WHOLE	1	1	284	35	2.472e-08	{Q}
UPI0000226430	SINGLE	1	51	62	8	1.727e-06	{L}
UPI0000226430	SINGLE	2	76	99	8	2.122e-06	{F}
UPI0000226442	SINGLE	1	17	29	8	4.077e-06	{L}
UPI0000226442	MULTIPLE	1	88	111	13	1.713e-07	{LW}
UPI0000226442	WHOLE	1	1	149	32	3.155e-06	{L}
UPI000022644F	SINGLE	1	10	33	9	8.312e-07	{R}
UPI000022644F	MULTIPLE	1	10	43	13	6.869e-08	{RC}
UPI0000226475	SINGLE	1	89	120	11	3.325e-06	{G}
UPI00003B25F3	WHOLE	1	1	663	89	2.841e-07	{A}
UPI00003B25F6	SINGLE	1	245	286	11	2.239e-06	{P}
UPI00003B25FF	WHOLE	1	1	393	40	8.603e-06	{I}
UPI000044088F	SINGLE	1	24	29	4	3.242e-06	{M}
UPI000044405C	MULTIPLE	1	155	181	14	3.091e-07	{IG}
UPI00005051E9	MULTIPLE	1	139	161	13	1.218e-07	{TR}
UPI00005051EF	SINGLE	1	44	63	9	7.656e-06	{A}
UPI00005051EF	MULTIPLE	1	35	60	16	2.613e-08	{AK}
UPI00005051F0	SINGLE	1	40	69	9	6.776e-06	{R}
UPI00005051F0	MULTIPLE	1	31	69	20	5.654e-09	{RA}
UPI00005051F0	WHOLE	1	1	70	15	7.769e-07	{R}
UPI00005051F5	SINGLE	1	199	279	22	1.905e-11	{R}
UPI00005051F5	SINGLE	2	55	70	8	2.408e-07	{R}
UPI00005051F5	WHOLE	1	1	285	40	1.059e-09	{R}
UPI00005AA3BC	SINGLE	1	175	180	5	7.177e-06	{G}
UPI00005AA3DD	SINGLE	1	284	312	11	5.474e-06	{A}
UPI00005AA3DD	WHOLE	1	1	452	64	1.868e-06	{A}
UPI00005AA3DF	WHOLE	1	1	355	55	6.186e-07	{A}
UPI00005AA51B	MULTIPLE	1	48	75	13	1.880e-07	{IF}
UPI00005AA51D	SINGLE	1	54	97	14	2.481e-09	{Q}
UPI00005AA51D	SINGLE	2	106	151	15	1.058e-06	{A}
UPI00005AA51D	MULTIPLE	1	100	151	24	8.077e-08	{AS}
UPI00005AA51D	WHOLE	1	1	263	28	8.528e-06	{Q}
UPI00005AA54C	MULTIPLE	1	172	181	8	6.627e-07	{LC}
UPI00005AA54C	WHOLE	1	1	372	75	5.631e-11	{L}
UPI00005AA560	SINGLE	1	25	59	14	1.333e-08	{V}
UPI00005AA572	MULTIPLE	1	427	470	15	1.948e-06	{VM}
UPI00005AA5E2	WHOLE	1	1	401	47	5.801e-10	{N}
UPI00005AA645	SINGLE	1	15	22	7	7.519e-08	{S}
UPI00005AA645	MULTIPLE	1	26	43	13	1.419e-07	{GL}
UPI00005AA77D	SINGLE	1	81	89	7	5.567e-07	{A}
UPI00005AA79B	WHOLE	1	1	247	45	4.385e-06	{L}
UPI00005AA7B0	SINGLE	1	203	209	6	1.953e-07	{D}
UPI00005AA7B0	MULTIPLE	1	201	218	10	1.772e-07	{DH}
UPI00005AA7B0	WHOLE	1	1	366	60	4.627e-06	{L}
UPI00005AA7E0	WHOLE	1	1	247	46	1.949e-06	{L}
UPI00005AA819	MULTIPLE	1	172	191	15	1.806e-08	{LA}
UPI00005AA922	SINGLE	1	298	366	20	7.094e-12	{Q}
UPI00005AA922	MULTIPLE	1	265	370	43	4.405e-18	{QR}
UPI00005AA922	WHOLE	1	1	456	47	3.520e-08	{Q}
UPI00005AA937	SINGLE	1	199	203	4	1.105e-06	{M}
UPI00005AA9A2	SINGLE	1	23	30	7	4.052e-07	{L}
UPI00005AA9A6	SINGLE	1	840	845	5	7.177e-06	{G}
UPI00005AA9A6	SINGLE	2	850	865	8	9.559e-06	{A}
UPI00005AA9BF	SINGLE	1	193	199	5	4.800e-06	{R}
UPI00005AA9DF	MULTIPLE	1	111	135	14	9.935e-06	{AL}
UPI00005AA9F1	SINGLE	1	46	78	9	7.133e-06	{Q}
UPI00005AA9F1	MULTIPLE	1	16	27	9	4.639e-08	{MV}
UPI00005AAA00	SINGLE	1	90	113	8	1.623e-06	{Y}
UPI00005AAA25	SINGLE	1	102	118	8	4.183e-06	{V}
UPI00005AAA40	SINGLE	1	198	205	6	1.373e-06	{K}
UPI00005AAA40	SINGLE	2	14	20	6	3.854e-06	{L}
UPI00005AAA40	MULTIPLE	1	185	205	13	2.676e-08	{KR}
UPI00005AAA79	SINGLE	1	329	347	7	8.454e-06	{Q}
UPI00005AAA9C	MULTIPLE	1	15	28	10	2.610e-07	{GI}
UPI00005AAABE	SINGLE	1	298	364	18	1.003e-09	{P}
UPI00005AAABE	MULTIPLE	1	302	364	31	1.317e-12	{PA}
UPI00005AAAD8	SINGLE	1	294	304	7	1.224e-06	{V}
UPI00005AAAD8	SINGLE	2	543	592	12	2.743e-06	{R}
UPI00005AAAD8	MULTIPLE	1	549	593	23	2.795e-08	{REQ}
UPI00005AAAD8	WHOLE	1	1	601	97	2.343e-08	{L}
UPI00005AAB42	SINGLE	1	29	35	4	2.185e-06	{C}
UPI00005AAB42	WHOLE	1	1	732	120	1.104e-14	{A}
UPI00005AAB74	SINGLE	1	65	91	10	4.313e-06	{G}
UPI00005AAB74	MULTIPLE	1	65	108	18	9.570e-09	{GM}
UPI00005AAB87	MULTIPLE	1	295	333	16	2.809e-06	{FA}
UPI00005AAB87	MULTIPLE	2	343	374	19	1.557e-08	{GIF}
UPI00005AABC7	SINGLE	1	20	24	5	2.962e-06	{A}
UPI00005AABE5	MULTIPLE	1	424	440	9	3.717e-06	{GM}
UPI00005AAC3D	SINGLE	1	157	200	16	8.633e-08	{A}
UPI00005AAC3D	WHOLE	1	1	343	52	2.217e-06	{A}
UPI00005ADA09	SINGLE	1	140	162	8	1.473e-06	{F}
UPI00005ADA09	MULTIPLE	1	140	164	12	3.555e-07	{FI}
UPI00005ADA09	WHOLE	1	1	393	38	2.417e-06	{N}
UPI00005ADA10	SINGLE	1	179	183	4	1.105e-06	{M}
UPI00005ADA10	MULTIPLE	1	74	92	10	7.130e-06	{NV}
UPI00005E326D	SINGLE	1	15	69	20	2.232e-09	{A}
UPI00005E326D	SINGLE	2	50	96	14	4.934e-07	{K}
UPI00005E326D	SINGLE	3	33	52	9	1.124e-06	{T}
UPI00005E326D	MULTIPLE	1	27	97	54	1.139e-21	{AKTH}
UPI00005E326D	WHOLE	1	1	111	31	2.308e-10	{A}
UPI00005E33A6	SINGLE	1	100	117	7	9.109e-06	{P}
UPI00005E34F6	SINGLE	1	30	40	8	1.785e-09	{Q}
UPI00005E3A8E	MULTIPLE	1	776	792	9	4.429e-06	{PQ}
UPI00005E3A8E	WHOLE	1	1	890	78	1.747e-07	{R}
UPI00005E3A8E	WHOLE	2	1	890	122	2.799e-06	{L}
UPI00005E3AEE	SINGLE	1	245	270	12	9.194e-07	{L}
UPI00005E3AEE	SINGLE	2	551	575	8	6.296e-06	{Q}
UPI00005E3B4F	SINGLE	1	7	29	11	3.491e-07	{A}
UPI00005E3BDD	SINGLE	1	72	80	7	5.567e-07	{A}
UPI00005E3C9B	SINGLE	1	93	113	6	4.184e-06	{H}
UPI00005E3CE7	MULTIPLE	1	326	343	10	4.431e-06	{TR}
UPI00005E3EEF	SINGLE	1	6	30	11	9.775e-07	{A}
UPI00005E3F3D	SINGLE	1	29	34	6	2.322e-07	{A}
UPI00005E3F56	SINGLE	1	227	263	13	5.680e-09	{P}
UPI00005E3F56	MULTIPLE	1	5	20	12	5.166e-07	{AL}
UPI00005E3F56	MULTIPLE	2	194	215	9	7.550e-06	{HR}
UPI00005E403F	SINGLE	1	26	34	6	3.938e-06	{T}
UPI00005E41AB	SINGLE	1	258	265	5	4.541e-06	{F}
UPI00005E41AB	SINGLE	2	405	421	9	5.304e-06	{L}
UPI00005E41AB	SINGLE	3	322	358	10	7.544e-06	{I}
UPI00005E41AB	WHOLE	1	1	423	54	1.720e-10	{I}
UPI00005E41AB	WHOLE	2	1	423	37	3.594e-06	{F}
UPI00005E41BD	SINGLE	1	1	13	5	5.312e-06	{M}
UPI00005E4200	SINGLE	1	19	28	9	1.910e-10	{V}
UPI00005E4201	SINGLE	1	186	211	11	1.562e-06	{A}
UPI00005E42C5	SINGLE	1	19	50	11	5.110e-08	{Q}
UPI00005E42C5	SINGLE	2	5	11	6	3.854e-06	{L}
UPI00005E42C5	SINGLE	3	103	120	9	9.630e-06	{L}
UPI00005E42D0	MULTIPLE	1	184	202	12	3.396e-06	{LV}
UPI00005E434A	SINGLE	1	54	62	6	5.132e-06	{V}
UPI00005E4388	SINGLE	1	31	57	7	1.727e-07	{C}
UPI00005E4388	WHOLE	1	1	287	17	3.996e-06	{C}
UPI00005EE953	MULTIPLE	1	6	27	14	7.828e-07	{LS}
UPI00005EE958	SINGLE	1	34	53	10	7.164e-07	{A}
UPI00005EE959	SINGLE	1	27	52	11	7.259e-06	{L}
UPI00005EE959	MULTIPLE	1	93	134	16	1.105e-06	{AM}
UPI00005EE970	SINGLE	1	33	62	13	7.853e-07	{L}
UPI00005EE970	WHOLE	1	1	201	43	9.361e-08	{L}
UPI00005EE98A	SINGLE	1	239	267	12	6.984e-07	{A}
UPI00005EE98A	WHOLE	1	1	436	65	2.783e-07	{A}
UPI00005EE9C6	WHOLE	1	1	236	29	3.692e-07	{Q}
UPI00005EE9D4	SINGLE	1	636	665	12	1.073e-06	{A}
UPI00005EE9D4	SINGLE	2	137	153	7	3.459e-06	{N}
UPI00005EE9DE	SINGLE	1	11	16	5	7.177e-06	{G}
UPI00005EE9DF	SINGLE	1	194	204	7	4.334e-06	{A}
UPI00005EE9DF	MULTIPLE	1	604	624	11	5.304e-06	{YA}
UPI00005EE9E8	SINGLE	1	11	24	5	8.083e-06	{H}
UPI00005EE9E9	SINGLE	1	141	153	5	5.312e-06	{M}
UPI00005EE9F3	SINGLE	1	48	75	13	2.977e-07	{L}
UPI00005EE9F3	WHOLE	1	1	547	92	7.457e-09	{L}
UPI00005EEA67	SINGLE	1	86	97	7	2.025e-06	{T}
UPI00005EEA69	MULTIPLE	1	4	28	15	1.496e-06	{LA}
UPI00005EEA90	SINGLE	1	736	810	25	1.291e-12	{K}
UPI00005EEA90	SINGLE	2	779	812	12	4.907e-06	{A}
UPI00005EEA90	MULTIPLE	1	736	812	41	5.273e-16	{KA}
UPI00005EEA90	MULTIPLE	2	421	452	14	2.983e-06	{ER}
UPI00005EEA90	WHOLE	1	1	813	74	8.536e-08	{R}
UPI00005EEA9E	MULTIPLE	1	29	45	9	2.140e-06	{FQ}
UPI00005EEA9E	MULTIPLE	2	324	351	15	3.914e-06	{LG}
UPI00005EEAAF	SINGLE	1	98	132	11	5.184e-07	{I}
UPI00005EEAAF	SINGLE	2	300	306	5	5.528e-06	{I}
UPI00005EEAAF	WHOLE	1	1	500	49	2.904e-06	{I}
UPI00005EEABC	WHOLE	1	1	296	45	8.782e-06	{A}
UPI00005EEAC0	SINGLE	1	173	190	8	8.226e-06	{G}
UPI00005EEAC0	MULTIPLE	1	55	99	15	1.142e-06	{CV}
UPI00005EEAC6	SINGLE	1	191	196	5	7.177e-06	{G}
UPI00005EEAC7	MULTIPLE	1	289	299	8	1.221e-06	{AM}
UPI00005EEADD	SINGLE	1	149	175	10	2.385e-06	{T}
UPI00005EEADD	WHOLE	1	1	195	31	9.714e-07	{T}
UPI00005EEB08	WHOLE	1	1	205	36	2.732e-06	{A}
UPI00005EEB2B	WHOLE	1	1	418	65	1.146e-10	{G}
UPI00005EEB2C	SINGLE	1	435	440	4	3.242e-06	{M}
UPI00005EEB3D	SINGLE	1	523	732	63	4.173e-21	{A}
UPI00005EEB3D	SINGLE	2	441	507	22	3.256e-09	{A}
UPI00005EEB3D	SINGLE	3	143	162	9	1.955e-06	{G}
UPI00005EEB3D	MULTIPLE	1	523	734	90	2.035e-28	{AQ}
UPI00005EEB3D	MULTIPLE	2	444	499	28	1.205e-11	{AR}
UPI00005EEB3D	WHOLE	1	1	740	127	5.938e-17	{A}
UPI00005EEB4A	WHOLE	1	1	433	69	2.763e-06	{L}
UPI00005EEB51	MULTIPLE	1	315	341	14	1.430e-06	{LF}
UPI00005EEB81	MULTIPLE	1	467	488	12	4.122e-06	{VG}
UPI00005EEB81	MULTIPLE	2	503	556	20	8.958e-07	{GI}
UPI00005EEC28	SINGLE	1	269	273	5	1.151e-06	{V}
UPI00005EEC28	SINGLE	2	56	80	11	4.612e-06	{L}
UPI00005EEC2A	SINGLE	1	16	27	6	9.795e-06	{I}
UPI00005EEC2C	WHOLE	1	1	400	70	8.137e-08	{L}
UPI00005EEC65	SINGLE	1	59	108	14	2.517e-06	{G}
UPI00005EEC65	WHOLE	1	1	180	31	6.836e-07	{G}
UPI00005EECA9	SINGLE	1	149	181	7	5.636e-06	{M}
UPI00005EECA9	SINGLE	2	286	317	9	9.864e-06	{P}
UPI00005EECD4	MULTIPLE	1	361	401	18	9.134e-07	{EV}
UPI00005EECD7	SINGLE	1	334	374	12	7.794e-06	{G}
UPI00005EECF1	MULTIPLE	1	314	336	13	4.015e-07	{QA}
UPI00005EECF2	SINGLE	1	190	202	8	1.221e-06	{A}
UPI00005EECF2	WHOLE	1	1	302	53	1.866e-08	{A}
UPI00005EED07	SINGLE	1	79	113	14	1.385e-07	{A}
UPI00005EED07	SINGLE	2	34	42	7	5.567e-07	{A}
UPI00005EED07	SINGLE	3	321	337	9	1.416e-06	{A}
UPI00005EED07	MULTIPLE	1	63	114	24	3.805e-08	{AG}
UPI00005EED07	WHOLE	1	1	436	70	5.843e-09	{A}
UPI00005EED08	SINGLE	1	29	64	10	5.791e-06	{I}
UPI00005EED54	SINGLE	1	534	549	8	9.559e-06	{A}
UPI00005EEDB9	MULTIPLE	1	209	235	12	7.102e-06	{LW}
UPI00005EEDF9	SINGLE	1	294	355	15	4.097e-08	{Q}
UPI00005EEDF9	SINGLE	2	243	280	10	6.113e-06	{P}
UPI00005EEE0C	WHOLE	1	1	330	58	7.724e-07	{L}
UPI00005EEE31	MULTIPLE	1	96	129	17	8.390e-06	{LA}
UPI00005EEE31	MULTIPLE	2	26	49	12	1.551e-06	{WL}
UPI00005EEE32	MULTIPLE	1	138	159	12	8.054e-06	{RL}
UPI00005EEE33	SINGLE	1	237	247	7	4.334e-06	{A}
UPI00005EEE33	MULTIPLE	1	227	248	15	1.925e-09	{AP}
UPI00005EEE33	MULTIPLE	2	47	70	13	1.436e-07	{QT}
UPI00005EEE43	SINGLE	1	170	176	4	7.399e-06	{H}
UPI00005EEE52	SINGLE	1	82	89	5	7.464e-06	{Q}
UPI00005EEE55	SINGLE	1	361	406	15	1.273e-09	{P}
UPI00005EEE55	SINGLE	2	388	423	10	1.863e-06	{Q}
UPI00005EEE55	SINGLE	3	510	525	8	9.559e-06	{A}
UPI00005EEE55	MULTIPLE	1	361	423	26	7.043e-12	{PQ}
UPI00005EEE55	WHOLE	1	1	643	87	2.674e-07	{A}
UPI00005EEE56	SINGLE	1	107	135	10	5.011e-07	{R}
UPI00005EEE56	WHOLE	1	1	175	25	8.207e-07	{R}
UPI00005EEE66	SINGLE	1	16	20	4	9.720e-06	{Y}
UPI00005EEE6E	WHOLE	1	1	231	35	2.795e-06	{G}
UPI00005EEE8E	SINGLE	1	20	37	8	8.226e-06	{G}
UPI00005EEE92	SINGLE	1	105	125	8	1.414e-06	{Q}
UPI00005EEE92	SINGLE	2	991	1007	8	4.895e-06	{G}
UPI00005EEEF2	SINGLE	1	587	593	5	9.894e-08	{M}
UPI00005EEF0B	SINGLE	1	28	35	5	7.464e-06	{Q}
UPI00005EEF10	MULTIPLE	1	434	456	13	2.667e-07	{AF}
UPI00005EEF10	MULTIPLE	2	642	654	8	2.945e-06	{GM}
UPI00005EEF11	MULTIPLE	1	730	768	16	7.084e-06	{AR}
UPI00005EEF36	WHOLE	1	1	886	119	8.445e-06	{L}
UPI00005EEF4C	SINGLE	1	121	146	16	1.109e-20	{H}
UPI00005EEF4C	WHOLE	1	1	274	22	1.726e-07	{H}
UPI00005EEF6E	SINGLE	1	292	304	8	1.221e-06	{A}
UPI00005EEF6E	SINGLE	2	498	529	11	1.751e-06	{T}
UPI00005EEF6E	MULTIPLE	1	470	533	25	9.620e-08	{TG}
UPI00005EEF6E	MULTIPLE	2	331	356	15	5.109e-08	{AP}
UPI00005EEF6E	WHOLE	1	1	678	66	8.853e-10	{Q}
UPI00005EEF6E	WHOLE	2	1	678	88	1.264e-06	{A}
UPI00005EEF91	MULTIPLE	1	309	335	15	6.802e-07	{AG}
UPI00005EEF91	WHOLE	1	1	419	27	5.984e-07	{M}
UPI00005EEF9F	SINGLE	1	48	91	14	3.611e-07	{V}
UPI00005EEFEE	SINGLE	1	110	121	6	9.795e-06	{I}
UPI00005EEFEE	MULTIPLE	1	104	121	10	1.454e-06	{IR}
UPI00005EF02F	SINGLE	1	77	102	7	1.012e-06	{M}
UPI00005EF031	SINGLE	1	160	173	8	6.319e-07	{V}
UPI00005EF057	MULTIPLE	1	267	301	12	2.082e-06	{RH}
UPI00005EF064	SINGLE	1	258	273	7	2.192e-06	{Q}
UPI00005EF064	MULTIPLE	1	122	140	11	2.105e-06	{VD}
UPI00005EF069	SINGLE	1	3	20	8	9.209e-07	{I}
UPI00005EF069	SINGLE	2	23	58	12	1.740e-06	{G}
UPI00005EF08A	MULTIPLE	1	564	581	10	5.646e-06	{ER}
UPI00005EF08A	WHOLE	1	1	748	67	5.413e-07	{R}
UPI00005EF08D	SINGLE	1	10	24	9	1.324e-06	{L}
UPI00005EF0A6	SINGLE	1	80	110	13	1.228e-06	{L}
UPI00005EF0A6	SINGLE	2	230	260	12	8.292e-06	{L}
UPI00005EF0A6	WHOLE	1	1	343	70	1.341e-10	{L}
UPI00005EF0EC	SINGLE	1	590	627	13	2.974e-06	{A}
UPI00005EF0EC	SINGLE	2	327	338	6	7.194e-06	{P}
UPI00005EF12F	SINGLE	1	14	20	6	1.498e-06	{A}
UPI00005EF12F	MULTIPLE	1	307	317	10	2.496e-08	{PL}
UPI00005EF21C	SINGLE	1	23	60	12	2.641e-06	{V}
UPI00005EF22C	SINGLE	1	140	169	9	8.515e-06	{I}
UPI00005EF22C	WHOLE	1	1	415	46	2.155e-07	{I}
UPI00005EF2A9	SINGLE	1	19	193	54	1.397e-22	{E}
UPI00005EF2A9	SINGLE	2	140	168	11	5.474e-06	{A}
UPI00005EF2A9	MULTIPLE	1	22	188	134	2.923e-41	{EAPVQ}
UPI00005EF2A9	WHOLE	1	1	497	79	1.704e-13	{E}
UPI00005EF2D2	SINGLE	1	8	25	9	9.630e-06	{L}
UPI00005EF2E0	MULTIPLE	1	140	169	12	7.428e-06	{PR}
UPI00005EF34F	WHOLE	1	1	349	63	1.102e-07	{L}
UPI00005EF34F	WHOLE	2	1	349	23	2.597e-06	{M}
UPI00005EF85F	SINGLE	1	571	624	19	2.781e-12	{R}
UPI00005EF85F	SINGLE	2	447	481	15	1.951e-11	{R}
UPI00005EF85F	SINGLE	3	568	611	17	9.950e-10	{G}
UPI00005EF85F	SINGLE	4	332	362	10	1.006e-06	{R}
UPI00005EF85F	MULTIPLE	1	568	627	39	1.110e-22	{RG}
UPI00005EF85F	MULTIPLE	2	441	482	31	2.142e-17	{RDP}
UPI00005EF85F	WHOLE	1	1	629	78	2.490e-14	{R}
UPI00005EFA32	MULTIPLE	1	128	140	9	1.454e-06	{VI}
UPI00005EFA32	WHOLE	1	1	261	47	3.817e-06	{L}
UPI00005EFABD	SINGLE	1	379	388	6	2.463e-06	{I}
UPI00005EFABD	WHOLE	1	1	466	49	4.212e-07	{I}
UPI00005EFCC0	SINGLE	1	55	63	6	5.132e-06	{V}
UPI00005EFDD2	MULTIPLE	1	220	248	11	8.750e-06	{FQ}
UPI00005EFDE5	MULTIPLE	1	12	45	15	8.667e-07	{IFH}
UPI00005EFDEA	WHOLE	1	1	157	18	9.554e-11	{C}
UPI00005EFDFA	SINGLE	1	134	145	7	3.165e-06	{G}
UPI00005EFDFA	MULTIPLE	1	327	374	22	2.741e-08	{LF}
UPI00005EFE0A	WHOLE	1	1	405	51	5.152e-06	{G}
UPI00005EFE0A	WHOLE	2	1	405	64	7.573e-06	{L}
UPI00005EFE34	SINGLE	1	17	30	8	8.637e-06	{L}
UPI00005EFE9E	SINGLE	1	207	238	11	6.093e-07	{D}
UPI00005EFE9E	MULTIPLE	1	207	238	15	3.083e-09	{DH}
UPI00005EFEB6	MULTIPLE	1	422	451	11	1.130e-06	{CR}
UPI00005EFF30	SINGLE	1	285	302	8	8.226e-06	{G}
UPI00005F0014	SINGLE	1	7	25	9	4.569e-06	{A}
UPI00005F0014	MULTIPLE	1	217	242	10	1.364e-06	{FM}
UPI00005F007A	SINGLE	1	97	105	7	1.767e-07	{G}
UPI00005F007A	MULTIPLE	1	72	110	25	3.218e-12	{GQF}
UPI00005F007A	MULTIPLE	2	6	27	15	1.368e-07	{LA}
UPI00005F007A	MULTIPLE	3	381	392	9	5.527e-07	{QS}
UPI00005F007A	MULTIPLE	4	245	268	12	3.526e-06	{IG}
UPI00005F0143	MULTIPLE	1	10	26	10	4.494e-06	{SP}
UPI00005F0143	MULTIPLE	2	109	133	9	8.614e-06	{MF}
UPI00005F0144	SINGLE	1	92	106	5	2.680e-06	{C}
UPI00005F0155	SINGLE	1	140	149	6	2.463e-06	{I}
UPI00005F016D	WHOLE	1	1	614	48	1.362e-06	{Y}
UPI00005F0173	MULTIPLE	1	324	359	15	1.168e-06	{QT}
UPI00005F0176	MULTIPLE	1	373	396	12	9.870e-06	{AI}
UPI00005F0176	MULTIPLE	2	612	632	13	2.009e-06	{LG}
UPI00005F01D1	MULTIPLE	1	346	366	12	2.027e-07	{GF}
UPI00005F01D1	MULTIPLE	2	104	122	13	9.032e-07	{AL}
UPI00005F02B5	MULTIPLE	1	72	118	18	3.637e-06	{AQ}
UPI00005F02B5	WHOLE	1	1	474	58	3.147e-06	{G}
UPI00005F02BC	SINGLE	1	25	78	16	1.931e-06	{A}
UPI00005F02BC	SINGLE	2	434	442	6	3.938e-06	{T}
UPI00005F02BC	MULTIPLE	1	367	384	11	5.639e-06	{VA}
UPI00005F02BC	WHOLE	1	1	467	71	4.076e-08	{A}
UPI00005F02BF	SINGLE	1	172	194	8	5.413e-06	{P}
UPI00005F02D2	SINGLE	1	63	93	14	2.194e-08	{A}
UPI00005F02D2	MULTIPLE	1	23	60	17	1.005e-07	{QE}
UPI00005F0314	SINGLE	1	39	124	28	1.161e-16	{P}
UPI00005F0314	SINGLE	2	91	105	8	8.760e-07	{K}
UPI00005F0314	WHOLE	1	1	239	40	2.295e-12	{P}
UPI00005F032B	SINGLE	1	13	33	11	5.369e-07	{L}
UPI00005F0337	SINGLE	1	191	203	9	2.295e-07	{L}
UPI00005F0360	SINGLE	1	438	454	6	1.042e-06	{H}
UPI00005F03A1	SINGLE	1	84	93	6	4.935e-06	{D}
UPI00005F046F	SINGLE	1	161	171	6	5.152e-06	{I}
UPI00005F046F	SINGLE	2	16	27	6	9.795e-06	{I}
UPI00005F046F	MULTIPLE	1	186	233	21	6.549e-07	{VA}
UPI00005F046F	MULTIPLE	2	127	160	17	8.390e-06	{LA}
UPI00005F046F	WHOLE	1	1	388	64	1.963e-06	{L}
UPI00005F046F	WHOLE	2	1	388	40	6.463e-06	{I}
UPI00005F0496	SINGLE	1	34	49	8	9.559e-06	{A}
UPI00005F0496	MULTIPLE	1	34	61	15	2.148e-07	{AR}
UPI00005F04A0	MULTIPLE	1	5	33	10	1.471e-06	{FW}
UPI00005F04F3	SINGLE	1	89	95	5	9.952e-06	{D}
UPI00005F04F9	SINGLE	1	320	333	9	2.675e-09	{I}
UPI00005F04F9	WHOLE	1	1	433	56	4.988e-11	{I}
UPI00005F0588	MULTIPLE	1	451	468	11	3.004e-07	{LW}
UPI00005F0588	MULTIPLE	2	302	334	18	2.463e-07	{PNG}
UPI00005F058F	SINGLE	1	8	61	13	3.394e-07	{Q}
UPI00005F058F	WHOLE	1	1	66	14	6.311e-07	{Q}
UPI00005F05C7	SINGLE	1	198	203	4	3.242e-06	{M}
UPI00005F05C8	SINGLE	1	347	359	6	8.296e-06	{Q}
UPI00005F0654	SINGLE	1	86	188	32	3.884e-18	{P}
UPI00005F0654	SINGLE	2	89	165	23	9.712e-14	{Q}
UPI00005F0654	SINGLE	3	49	60	7	9.773e-07	{D}
UPI00005F0654	SINGLE	4	8	18	6	5.152e-06	{I}
UPI00005F0654	MULTIPLE	1	86	183	55	6.476e-32	{PQ}
UPI00005F0654	WHOLE	1	1	328	41	9.408e-09	{P}
UPI00005F0654	WHOLE	2	1	328	35	7.382e-07	{Q}
UPI00005F0655	SINGLE	1	48	77	6	4.532e-06	{W}
UPI00005F06C9	SINGLE	1	251	266	5	2.719e-06	{W}
UPI00005F06EE	MULTIPLE	1	109	117	8	2.801e-06	{EL}
UPI00005F06EE	MULTIPLE	2	161	181	9	2.752e-06	{HQ}
UPI00005F0709	SINGLE	1	243	250	4	3.249e-06	{W}
UPI00005F0709	WHOLE	1	1	438	22	8.455e-07	{W}
UPI00005F074D	SINGLE	1	132	166	12	1.242e-06	{G}
UPI00005F074D	MULTIPLE	1	125	166	18	2.521e-07	{GI}
UPI00005F074D	MULTIPLE	2	246	263	13	4.781e-08	{GA}
UPI00005F074D	WHOLE	1	1	381	50	2.071e-06	{G}
UPI00005F0777	WHOLE	1	1	359	58	9.825e-06	{L}
UPI00005F07E6	SINGLE	1	246	254	6	5.807e-06	{G}
UPI00005F07E6	MULTIPLE	1	245	263	13	1.295e-07	{GA}
UPI00005F07E6	MULTIPLE	2	125	144	11	2.739e-06	{GI}
UPI00005F07E6	WHOLE	1	1	381	51	9.550e-07	{G}
UPI00005F07E6	WHOLE	2	1	381	57	1.191e-06	{A}
UPI00005F07E7	MULTIPLE	1	231	247	12	2.141e-07	{VA}
UPI00005F07F0	SINGLE	1	242	275	11	6.426e-06	{G}
UPI00005F0805	SINGLE	1	67	99	13	4.735e-07	{A}
UPI00005F0805	MULTIPLE	1	67	106	20	5.225e-09	{AQ}
UPI00005F0867	MULTIPLE	1	549	587	9	8.336e-06	{WM}
UPI00005F0867	MULTIPLE	2	473	489	9	5.295e-07	{MR}
UPI00005F0951	SINGLE	1	213	264	17	1.814e-06	{L}
UPI00005F0951	SINGLE	2	143	168	11	7.259e-06	{L}
UPI00005F0951	WHOLE	1	1	574	101	1.359e-10	{L}
UPI00005F0964	SINGLE	1	379	408	7	2.869e-06	{M}
UPI00005F0964	MULTIPLE	1	315	352	18	5.024e-08	{FA}
UPI00005F0964	MULTIPLE	2	124	163	25	3.088e-09	{GLY}
UPI00005F0964	WHOLE	1	1	425	69	1.474e-06	{L}
UPI00005F097F	SINGLE	1	125	130	5	7.177e-06	{G}
UPI00005F097F	SINGLE	2	403	416	5	8.083e-06	{H}
UPI00005F097F	MULTIPLE	1	167	183	9	3.717e-06	{MG}
UPI00005F09A0	MULTIPLE	1	74	111	16	8.062e-07	{FMI}
UPI00005F09A6	SINGLE	1	23	73	12	1.170e-06	{N}
UPI00005F09A6	MULTIPLE	1	41	64	12	3.272e-07	{NI}
UPI00005F09E3	SINGLE	1	421	450	9	8.515e-06	{I}
UPI00005F09E3	MULTIPLE	1	421	450	12	3.724e-06	{IF}
UPI00005F09E3	WHOLE	1	1	571	55	1.298e-06	{I}
UPI00005F09F1	SINGLE	1	299	324	10	6.090e-06	{S}
UPI00005F0A33	WHOLE	1	1	410	66	3.131e-06	{L}
UPI00005F0AE2	SINGLE	1	226	230	5	6.591e-06	{L}
UPI00005F0AE2	WHOLE	1	1	729	118	7.878e-10	{L}
UPI00005F0B00	SINGLE	1	207	218	8	5.097e-07	{A}
UPI00005F0C74	WHOLE	1	1	557	83	4.376e-06	{L}
UPI00005F0CA7	SINGLE	1	1080	1102	9	7.742e-06	{G}
UPI00005F0CA7	MULTIPLE	1	1063	1102	18	6.816e-07	{GV}
UPI00005F0CA7	WHOLE	1	1	1320	167	4.584e-10	{A}
UPI00005F0CE0	MULTIPLE	1	49	92	17	8.294e-07	{FG}
UPI00005F0CE7	SINGLE	1	145	152	4	4.301e-06	{C}
UPI00005F0CE7	MULTIPLE	1	145	152	7	1.941e-08	{CQ}
UPI00005F0EE6	SINGLE	1	90	94	5	5.313e-07	{D}
UPI00005F0FF4	SINGLE	1	31	48	6	1.529e-06	{H}
UPI00005F0FF4	SINGLE	2	149	180	13	1.878e-06	{L}
UPI00005F0FF4	SINGLE	3	122	134	6	8.296e-06	{Q}
UPI00005F109D	WHOLE	1	1	573	100	2.591e-10	{L}
UPI00005F1423	SINGLE	1	392	447	20	4.594e-08	{L}
UPI00005F1423	SINGLE	2	244	254	8	6.339e-07	{L}
UPI00005F1423	SINGLE	3	446	478	13	2.814e-06	{L}
UPI00005F1423	SINGLE	4	386	391	5	6.460e-06	{V}
UPI00005F1423	MULTIPLE	1	323	339	8	2.844e-06	{WP}
UPI00005F1423	WHOLE	1	1	804	142	2.949e-14	{L}
UPI00005F16C4	MULTIPLE	1	116	134	10	1.555e-06	{RQ}
UPI00005F1718	SINGLE	1	168	197	13	8.070e-09	{T}
UPI00005F1718	MULTIPLE	1	220	254	25	1.466e-11	{ATP}
UPI00005F1721	MULTIPLE	1	267	299	19	4.524e-08	{GL}
UPI00005F1721	WHOLE	1	1	332	55	7.914e-06	{L}
UPI00005F189E	SINGLE	1	167	184	9	2.609e-06	{A}
UPI00005F189E	WHOLE	1	1	387	57	1.911e-06	{A}
UPI00005F18D8	MULTIPLE	1	47	71	13	6.818e-07	{IV}
UPI00005F18D8	WHOLE	1	1	437	46	8.737e-07	{I}
UPI00005F1929	SINGLE	1	482	488	4	7.399e-06	{M}
UPI00005F19ED	SINGLE	1	40	50	5	4.398e-07	{C}
UPI00005F19ED	MULTIPLE	1	40	54	11	4.870e-09	{CA}
UPI00005F19ED	WHOLE	1	1	181	13	6.942e-06	{C}
UPI00005F19F8	SINGLE	1	5	54	8	1.171e-06	{C}
UPI00005F1A28	WHOLE	1	1	180	14	1.269e-06	{C}
UPI00005F1A3C	MULTIPLE	1	35	53	13	9.032e-07	{AL}
UPI00005F1A44	MULTIPLE	1	34	71	16	9.983e-08	{AC}
UPI00005F1AC2	SINGLE	1	384	403	8	2.396e-06	{I}
UPI00005F1ADE	MULTIPLE	1	565	586	11	8.705e-06	{NS}
UPI00005F1B1E	WHOLE	1	1	295	33	5.779e-08	{F}
UPI00005F1B32	SINGLE	1	668	695	10	5.199e-06	{V}
UPI00005F1B68	SINGLE	1	69	85	7	3.565e-06	{Q}
UPI00005F1B85	SINGLE	1	129	134	5	5.156e-06	{T}
UPI00005F1B8A	SINGLE	1	32	51	5	9.090e-06	{W}
UPI00005F1B8A	MULTIPLE	1	186	204	11	3.320e-07	{AM}
UPI00005F1BBB	WHOLE	1	1	465	57	2.596e-10	{I}
UPI00005F1BC0	WHOLE	1	1	331	38	9.342e-07	{I}
UPI00005F1C1F	SINGLE	1	273	283	7	4.334e-06	{A}
UPI00005F1CA6	WHOLE	1	1	746	58	7.846e-06	{N}
UPI00005F1D1C	SINGLE	1	713	723	7	4.334e-06	{A}
UPI00005F1D51	WHOLE	1	1	334	56	4.722e-06	{L}
UPI00005F1DC9	SINGLE	1	301	327	9	2.572e-06	{R}
UPI00005F1E58	MULTIPLE	1	88	124	17	9.637e-08	{VP}
UPI00005F1E6E	SINGLE	1	293	323	12	8.292e-06	{L}
UPI00005F1E6E	MULTIPLE	1	648	677	15	2.490e-06	{LR}
UPI00005F1E6E	MULTIPLE	2	601	629	16	1.123e-06	{GL}
UPI00005F1E6E	MULTIPLE	3	125	141	11	2.576e-07	{IV}
UPI00005F1E6E	WHOLE	1	1	692	102	7.656e-07	{L}
UPI00005F1E73	SINGLE	1	2	17	8	5.165e-06	{S}
UPI00005F1E73	WHOLE	1	1	328	36	4.631e-06	{I}
UPI00005F2448	SINGLE	1	74	84	5	1.993e-06	{H}
UPI00005F285B	SINGLE	1	15	39	11	4.612e-06	{L}
UPI00005F28BD	WHOLE	1	1	392	75	6.446e-10	{L}
UPI00005F28D4	MULTIPLE	1	230	259	10	9.105e-06	{CR}
UPI00005F29C3	MULTIPLE	1	134	150	8	2.126e-07	{HM}
UPI00005F29C3	MULTIPLE	2	10	32	12	2.368e-06	{FA}
UPI00005F2B1A	SINGLE	1	239	244	5	7.177e-06	{G}
UPI00005F2B1A	WHOLE	1	1	732	95	5.243e-07	{A}
UPI00005F2B8D	MULTIPLE	1	342	357	9	1.509e-06	{RY}
UPI00005F2C6C	SINGLE	1	534	543	4	9.459e-06	{W}
UPI00005F2C6C	WHOLE	1	1	613	99	1.664e-08	{L}
UPI000065C6B3	WHOLE	1	1	340	37	2.273e-06	{R}
UPI0000673A9B	WHOLE	1	1	359	52	7.769e-06	{A}
UPI0000673AE1	MULTIPLE	1	430	451	12	2.304e-07	{MA}
UPI0000673AE1	WHOLE	1	1	563	99	2.723e-14	{A}
UPI0000673AE1	WHOLE	2	1	563	65	5.693e-06	{G}
UPI0000673C31	SINGLE	1	396	424	12	3.698e-06	{L}
UPI0000673C31	MULTIPLE	1	84	106	16	3.350e-08	{LA}
UPI0000673C31	WHOLE	1	1	441	90	4.121e-13	{L}
UPI0000673C31	WHOLE	2	1	441	63	1.659e-06	{A}
UPI0000673C8B	SINGLE	1	380	422	16	5.157e-07	{L}
UPI0000673C8B	SINGLE	2	15	22	5	4.541e-06	{F}
UPI0000673C8B	WHOLE	1	1	433	73	1.925e-07	{L}
UPI0000673CE1	SINGLE	1	34	59	10	2.440e-06	{E}
UPI0000673CE1	MULTIPLE	1	94	160	21	6.704e-06	{RE}
UPI0000673CE1	WHOLE	1	1	537	54	1.988e-07	{R}
UPI0000673DEF	SINGLE	1	25	42	7	5.580e-06	{Q}
UPI0000673F86	MULTIPLE	1	253	266	9	1.202e-06	{MA}
UPI0000673F86	WHOLE	1	1	393	57	3.024e-06	{A}
UPI0000683E69	SINGLE	1	24	31	4	4.301e-06	{C}
UPI0000683E6A	SINGLE	1	359	384	12	9.194e-07	{L}
UPI0000683E6A	SINGLE	2	332	347	8	9.559e-06	{A}
UPI0000683E6A	WHOLE	1	1	559	82	8.721e-06	{L}
UPI0000683E77	MULTIPLE	1	14	36	10	5.504e-07	{CR}
UPI0000683E8B	WHOLE	1	1	493	44	3.743e-06	{Q}
UPI0000683E8B	WHOLE	2	1	493	43	7.267e-06	{N}
UPI0000683E8F	SINGLE	1	37	56	9	7.656e-06	{A}
UPI0000683E8F	WHOLE	1	1	296	45	8.782e-06	{A}
UPI0000683E9E	WHOLE	1	1	350	40	5.646e-07	{I}
UPI0000D50A75	MULTIPLE	1	244	280	18	1.075e-07	{AI}
UPI0000D50A75	MULTIPLE	2	76	144	20	1.053e-06	{IF}
UPI0000D50A75	WHOLE	1	1	416	48	3.748e-08	{I}
UPI0000D50AA1	MULTIPLE	1	31	60	14	6.923e-06	{EG}
UPI0000DAD157	SINGLE	1	11	22	7	9.586e-06	{A}
UPI0000DB2BFF	SINGLE	1	96	116	8	1.414e-06	{Q}
UPI0000DB2BFF	SINGLE	2	190	195	5	5.156e-06	{T}
UPI0000DB2BFF	SINGLE	3	123	135	5	5.312e-06	{M}
UPI0000DB2BFF	MULTIPLE	1	96	116	14	7.329e-09	{QA}
UPI0000DB2BFF	MULTIPLE	2	123	140	11	4.141e-08	{MG}
UPI0000DB2C5B	MULTIPLE	1	4	23	9	3.561e-07	{WF}
UPI0000F0AEB2	SINGLE	1	107	129	8	6.507e-06	{R}
UPI0000F0AEB2	MULTIPLE	1	98	129	13	8.406e-07	{RY}
UPI0000F0B041	SINGLE	1	246	262	9	5.304e-06	{L}
UPI0000F0B041	WHOLE	1	1	462	45	1.959e-08	{F}
UPI0000F0B203	SINGLE	1	178	183	5	1.440e-06	{R}
UPI0000F0B215	SINGLE	1	16	31	10	1.949e-07	{L}
UPI0000F0B215	SINGLE	2	280	301	10	2.130e-06	{A}
UPI0000F0B215	WHOLE	1	1	326	69	3.452e-11	{L}
UPI0000F0B82E	SINGLE	1	2	12	7	2.478e-06	{S}
UPI0000F0B82E	MULTIPLE	1	300	313	8	6.427e-06	{FI}
UPI0000F0B881	MULTIPLE	1	693	718	12	8.701e-06	{GR}
UPI0000F0B881	MULTIPLE	2	390	421	10	7.691e-06	{QW}
UPI0000F0B996	MULTIPLE	1	255	274	10	5.002e-06	{IR}
UPI0000F0B9D5	SINGLE	1	310	322	7	5.564e-06	{V}
UPI0000F0B9D5	MULTIPLE	1	236	255	12	7.941e-07	{AI}
UPI0000F0BA64	WHOLE	1	1	321	54	6.140e-06	{L}
UPI0000F0BA72	SINGLE	1	64	127	16	8.911e-09	{Q}
UPI0000F0BA72	SINGLE	2	35	41	5	5.528e-06	{I}
UPI0000F0BA72	MULTIPLE	1	64	120	26	4.243e-13	{QP}
UPI0000F0BDFD	WHOLE	1	1	513	56	2.106e-08	{I}
UPI0000F0C584	SINGLE	1	91	128	12	2.683e-06	{E}
UPI0000F0C588	MULTIPLE	1	15	30	10	1.459e-06	{VI}
UPI0001505B8A	SINGLE	1	8	57	14	7.614e-08	{I}
UPI0001505B8A	WHOLE	1	1	57	14	4.385e-07	{I}
UPI00015C49AB	SINGLE	1	200	225	7	1.012e-06	{M}
UPI00015C49AF	SINGLE	1	6	12	5	2.860e-06	{N}
UPI00015C49E6	SINGLE	1	307	329	10	1.642e-06	{S}
UPI00015C49E6	SINGLE	2	286	303	9	2.609e-06	{A}
UPI00015C49E6	WHOLE	1	1	460	45	2.755e-07	{Q}
UPI00015C4A20	MULTIPLE	1	11	40	15	7.826e-07	{IA}
UPI00015C4A22	SINGLE	1	299	303	5	2.962e-06	{A}
UPI00015C4A24	SINGLE	1	3	19	8	5.383e-07	{I}
UPI00015C4A4A	SINGLE	1	16	20	5	6.591e-06	{L}
UPI00015C4A4A	MULTIPLE	1	65	80	11	2.886e-06	{GL}
UPI00015C4A4A	WHOLE	1	1	334	64	9.467e-09	{L}
UPI00015C4A4A	WHOLE	2	1	334	53	4.670e-07	{A}
UPI00015C4A86	SINGLE	1	7	11	5	1.948e-06	{S}
UPI00015C4A86	SINGLE	2	218	242	11	4.612e-06	{L}
UPI00015C4A86	WHOLE	1	1	403	63	7.946e-08	{A}
UPI00015C4A86	WHOLE	2	1	403	70	1.083e-07	{L}
UPI00015C4B47	SINGLE	1	101	137	14	2.064e-06	{L}
UPI00015C4B47	SINGLE	2	218	251	9	4.134e-06	{F}
UPI00015C4B47	MULTIPLE	1	293	319	8	4.450e-06	{CM}
UPI00015C4B47	WHOLE	1	1	328	33	6.212e-07	{F}
UPI00015C4B47	WHOLE	2	1	328	55	5.624e-06	{L}
UPI00015C4B6D	WHOLE	1	1	782	83	5.530e-11	{I}
UPI00015C4B84	SINGLE	1	7	16	7	5.011e-06	{L}
UPI00015C4BCC	SINGLE	1	1	21	6	4.184e-06	{M}
UPI00015C4BEA	SINGLE	1	41	71	12	8.292e-06	{L}
UPI00015C4BEA	MULTIPLE	1	41	77	17	2.352e-06	{LR}
UPI00015C4BEA	MULTIPLE	2	170	194	10	2.997e-07	{WF}
UPI00015C4BEA	WHOLE	1	1	206	39	7.071e-06	{L}
UPI00015C4C06	WHOLE	1	1	180	29	1.594e-06	{T}
UPI00015C4CAD	SINGLE	1	355	379	9	9.931e-06	{T}
UPI00015C4CC9	WHOLE	1	1	566	86	1.489e-06	{L}
UPI00015C4CEF	WHOLE	1	1	340	37	2.273e-06	{R}
UPI00015C4D28	SINGLE	1	10	43	13	7.065e-07	{A}
UPI00015C4D28	SINGLE	2	119	143	7	7.564e-07	{H}
UPI00015C4D28	SINGLE	3	121	126	5	3.011e-06	{D}
UPI00015C4D28	MULTIPLE	1	119	139	14	1.832e-11	{HD}
UPI00015C4D59	SINGLE	1	17	23	4	7.399e-06	{H}
UPI00015C4D95	SINGLE	1	91	122	12	2.379e-06	{A}
UPI00015C4D95	WHOLE	1	1	432	61	3.358e-06	{A}
UPI00015C4DD5	WHOLE	1	1	374	24	2.517e-06	{M}
UPI00015C4DD9	SINGLE	1	16	59	11	6.715e-07	{F}
UPI00015C4DD9	MULTIPLE	1	214	249	18	1.396e-06	{VL}
UPI00015C4DD9	WHOLE	1	1	489	43	5.956e-07	{F}
UPI00015C4E8A	MULTIPLE	1	11	32	15	2.162e-06	{ALF}
UPI00015C4E91	SINGLE	1	52	82	10	3.767e-06	{D}
UPI00015C4E91	MULTIPLE	1	50	82	14	4.823e-07	{DY}
UPI00015C4EC6	SINGLE	1	32	38	4	2.185e-06	{C}
UPI00015C4EC6	SINGLE	2	100	116	5	5.347e-06	{C}
UPI00015C5007	SINGLE	1	313	321	6	9.427e-06	{S}
UPI00015C5007	MULTIPLE	1	305	321	11	1.961e-07	{SF}
UPI00015C509F	SINGLE	1	103	107	4	1.105e-06	{H}
UPI00016278E8	WHOLE	1	1	460	45	6.956e-06	{I}
UPI00016A0890	SINGLE	1	57	63	5	2.926e-06	{Q}
UPI00016A19A6	SINGLE	1	15	54	16	1.805e-08	{A}
UPI00016A19EF	SINGLE	1	356	376	8	2.979e-06	{R}
UPI00016A19EF	SINGLE	2	844	870	9	8.500e-06	{D}
UPI00016A22EB	SINGLE	1	16	31	7	4.255e-06	{R}
UPI00016A22EB	MULTIPLE	1	215	249	16	1.379e-06	{KE}
UPI00016A22FD	SINGLE	1	129	136	6	2.639e-07	{P}
UPI00016C6AD6	MULTIPLE	1	102	143	18	1.393e-07	{KI}
UPI00016C6F21	SINGLE	1	9	26	9	9.630e-06	{L}
UPI00016C6FD9	SINGLE	1	29	52	16	2.101e-14	{T}
UPI00016C6FD9	SINGLE	2	93	100	6	1.399e-06	{T}
UPI00016C6FD9	SINGLE	3	45	82	13	2.974e-06	{A}
UPI00016C6FD9	MULTIPLE	1	29	82	43	2.070e-20	{TAV}
UPI00016C6FD9	WHOLE	1	1	101	28	9.947e-12	{T}
UPI00016C6FD9	WHOLE	2	1	101	22	6.999e-06	{A}
UPI00016DBD04	MULTIPLE	1	53	69	11	1.454e-07	{VN}
UPI0001717793	SINGLE	1	62	75	8	8.637e-06	{L}
UPI000173FDDC	SINGLE	1	247	294	15	1.920e-06	{A}
UPI000173FDDC	SINGLE	2	216	227	7	9.586e-06	{A}
UPI000173FDDC	WHOLE	1	1	462	74	2.500e-09	{A}
UPI0001746C22	SINGLE	1	355	398	11	6.046e-06	{I}
UPI0001746C22	WHOLE	1	1	421	42	8.538e-06	{I}
UPI000174CD62	MULTIPLE	1	322	337	9	1.727e-06	{YI}
UPI000174CD9E	WHOLE	1	1	417	44	1.364e-06	{I}
UPI000174CD9E	WHOLE	2	1	417	67	2.851e-06	{L}
UPI000174CDCF	SINGLE	1	654	658	5	1.151e-06	{V}
UPI000174CDCF	WHOLE	1	1	701	90	1.486e-06	{A}
UPI000174CE69	SINGLE	1	91	102	7	4.354e-07	{I}
UPI000174CE69	SINGLE	2	131	147	7	8.304e-06	{I}
UPI000174CE69	WHOLE	1	1	158	25	2.025e-07	{I}
UPI000174CF2B	SINGLE	1	287	304	9	2.609e-06	{A}
UPI000175DD44	SINGLE	1	313	321	4	5.761e-06	{W}
UPI000176AEAE	SINGLE	1	351	374	10	5.486e-06	{A}
UPI000176AEAE	MULTIPLE	1	351	392	20	2.672e-07	{AG}
UPI000176AEAE	MULTIPLE	2	593	612	13	3.165e-07	{AG}
UPI000176AEAE	WHOLE	1	1	638	89	5.495e-08	{A}
UPI000176AEC5	SINGLE	1	260	271	7	9.586e-06	{A}
UPI000176AEC8	SINGLE	1	140	146	5	9.952e-06	{D}
UPI000176AECA	WHOLE	1	1	512	51	1.182e-06	{I}
UPI000176AECF	MULTIPLE	1	89	111	12	5.657e-06	{DS}
UPI000176AECF	WHOLE	1	1	421	56	4.231e-06	{S}
UPI000176B6B6	SINGLE	1	493	514	8	2.126e-06	{Q}
UPI000176B6B6	SINGLE	2	2	19	9	9.630e-06	{L}
UPI000176B6C5	SINGLE	1	109	114	5	6.509e-06	{E}
UPI000176BA7C	SINGLE	1	131	156	10	2.909e-06	{G}
UPI000176BAF6	WHOLE	1	1	440	49	8.024e-08	{I}
UPI000176BBE5	WHOLE	1	1	298	54	6.905e-07	{L}
UPI000176C030	SINGLE	1	13	26	5	8.083e-06	{H}
UPI000176C030	MULTIPLE	1	201	212	8	2.100e-06	{CA}
UPI000176C030	WHOLE	1	1	262	46	1.433e-07	{A}
UPI000176C1AA	SINGLE	1	220	242	6	8.558e-07	{W}
UPI0001787BB6	SINGLE	1	17	21	5	6.591e-06	{L}
UPI00017894AF	SINGLE	1	104	125	8	2.126e-06	{Q}
UPI00017894AF	MULTIPLE	1	1019	1027	8	1.104e-07	{FV}
UPI00017894AF	WHOLE	1	1	1034	102	8.824e-06	{V}
UPI000178977E	SINGLE	1	281	286	6	2.322e-07	{A}
UPI0001789EB8	SINGLE	1	49	58	6	9.064e-06	{K}
UPI0001789EB8	MULTIPLE	1	35	58	13	1.230e-06	{KE}
UPI0001789EBD	SINGLE	1	61	69	6	5.132e-06	{V}
UPI000178A24C	SINGLE	1	504	510	6	5.551e-07	{G}
UPI000178A267	SINGLE	1	1	15	6	4.406e-07	{M}
UPI000178A5F3	MULTIPLE	1	169	186	9	8.973e-06	{RQ}
UPI000178A8C7	SINGLE	1	178	217	15	1.031e-06	{L}
UPI000178A8C7	SINGLE	2	283	292	7	5.011e-06	{L}
UPI000178A8C7	SINGLE	3	250	254	5	6.591e-06	{L}
UPI000178A916	WHOLE	1	1	383	61	6.478e-08	{A}
UPI000178AADE	MULTIPLE	1	45	52	7	4.175e-07	{IN}
UPI00017A9674	MULTIPLE	1	15	35	11	1.811e-06	{VF}
UPI00017A9674	WHOLE	1	1	662	94	7.813e-06	{L}
UPI00017A9932	MULTIPLE	1	187	201	10	4.775e-07	{IK}
UPI00017A9932	MULTIPLE	2	247	269	11	1.771e-06	{NI}
UPI00017A9932	WHOLE	1	1	298	36	5.425e-07	{I}
UPI00017A99B2	MULTIPLE	1	222	240	8	6.046e-06	{YH}
UPI0001825D56	SINGLE	1	4	64	15	1.703e-07	{I}
UPI0001825D56	WHOLE	1	1	107	19	9.286e-07	{I}
UPI0001825DE3	SINGLE	1	431	453	9	6.606e-06	{E}
UPI0001825E0D	SINGLE	1	117	124	6	5.523e-06	{A}
UPI0001825E0D	WHOLE	1	1	481	65	6.901e-06	{A}
UPI0001825F07	WHOLE	1	1	463	55	6.884e-06	{V}
UPI0001825FAC	MULTIPLE	1	237	271	15	7.670e-06	{TV}
UPI0001825FBF	SINGLE	1	94	122	9	4.981e-06	{R}
UPI0001826029	MULTIPLE	1	10	26	12	2.387e-07	{GA}
UPI0001826036	MULTIPLE	1	25	66	16	1.044e-08	{MI}
UPI0001826036	MULTIPLE	2	249	266	12	5.058e-08	{GI}
UPI0001826066	SINGLE	1	48	70	8	3.015e-06	{N}
UPI0001826189	SINGLE	1	402	423	9	4.247e-06	{V}
UPI00018261AD	SINGLE	1	32	61	10	5.696e-07	{P}
UPI00018261AD	MULTIPLE	1	32	61	19	8.849e-11	{PA}
UPI000187B9B1	SINGLE	1	46	97	12	4.227e-06	{R}
UPI000187B9B1	MULTIPLE	1	52	97	16	1.289e-06	{RQ}
UPI000187B9B1	MULTIPLE	2	194	223	12	3.098e-07	{HR}
UPI000188602A	SINGLE	1	35	59	6	2.187e-06	{C}
UPI000188602A	MULTIPLE	1	35	59	10	1.378e-06	{CR}
UPI000188603A	SINGLE	1	67	77	6	3.773e-06	{P}
UPI000188603A	MULTIPLE	1	151	159	8	8.229e-08	{AH}
UPI000188605D	SINGLE	1	358	377	8	1.937e-06	{R}
UPI00018860EA	WHOLE	1	1	165	27	8.443e-06	{G}
UPI0001886147	SINGLE	1	68	73	5	6.460e-06	{V}
UPI0001886147	MULTIPLE	1	15	36	12	3.102e-06	{AI}
UPI0001886148	SINGLE	1	34	64	11	1.288e-07	{I}
UPI0001886148	SINGLE	2	1	14	5	8.083e-06	{M}
UPI0001886148	MULTIPLE	1	17	33	12	1.457e-06	{LA}
UPI000188614C	MULTIPLE	1	76	84	7	2.211e-07	{HP}
UPI0001886243	MULTIPLE	1	8	22	11	2.274e-06	{LA}
UPI000188629E	WHOLE	1	1	475	44	1.514e-06	{Q}
UPI00018862E1	SINGLE	1	93	99	5	9.952e-06	{D}
UPI00018862E2	MULTIPLE	1	321	340	10	6.975e-06	{KF}
UPI0001886321	SINGLE	1	49	59	7	4.334e-06	{A}
UPI0001886361	SINGLE	1	5	36	8	3.162e-07	{H}
UPI0001886361	SINGLE	2	321	359	10	3.920e-06	{N}
UPI0001886361	WHOLE	1	1	529	29	5.279e-06	{H}
UPI0001886625	SINGLE	1	176	229	13	1.035e-06	{R}
UPI0001886625	SINGLE	2	182	201	6	3.056e-06	{H}
UPI0001886625	MULTIPLE	1	176	233	21	1.178e-10	{RH}
UPI0001886625	WHOLE	1	1	383	46	9.438e-09	{R}
UPI0001887957	WHOLE	1	1	259	32	1.333e-06	{I}
UPI0001887AF0	MULTIPLE	1	248	276	10	3.472e-06	{YM}
UPI0001887C12	SINGLE	1	396	429	13	1.051e-07	{G}
UPI0001887C3B	SINGLE	1	24	66	11	1.339e-06	{N}
UPI0001887C64	MULTIPLE	1	6	21	9	2.556e-06	{QR}
UPI0001887D79	SINGLE	1	4	38	7	1.149e-06	{C}
UPI0001887D8B	MULTIPLE	1	314	330	10	2.873e-07	{HG}
UPI0001887DBC	SINGLE	1	25	36	8	1.727e-06	{L}
UPI0001887DBD	MULTIPLE	1	42	58	10	2.965e-07	{FI}
UPI0001887DC3	SINGLE	1	132	160	11	1.492e-08	{N}
UPI0001887DC3	WHOLE	1	1	258	29	1.990e-06	{N}
UPI0001887DF1	SINGLE	1	570	593	8	4.328e-06	{N}
UPI0001887E4D	SINGLE	1	151	160	7	4.808e-07	{E}
UPI0001887E4D	SINGLE	2	17	38	8	4.458e-06	{R}
UPI0001887E4D	MULTIPLE	1	134	161	15	1.169e-07	{ED}
UPI0001887E4D	MULTIPLE	2	98	125	17	7.018e-08	{EL}
UPI0001887E52	WHOLE	1	1	180	16	3.824e-08	{C}
UPI00018881A4	SINGLE	1	386	392	4	7.399e-06	{M}
UPI000188851C	MULTIPLE	1	195	221	11	6.357e-06	{MV}
UPI0001888540	SINGLE	1	59	90	9	9.864e-06	{P}
UPI0001888635	MULTIPLE	1	347	371	12	5.997e-06	{IG}
UPI0001888635	WHOLE	1	1	455	29	3.006e-07	{M}
UPI0001888635	WHOLE	2	1	455	47	1.124e-06	{I}
UPI0001888CBC	SINGLE	1	35	44	6	1.799e-06	{P}
UPI0001888CE1	WHOLE	1	1	529	79	6.544e-06	{L}
UPI000188C02C	SINGLE	1	93	162	15	7.769e-07	{R}
UPI000188C02C	WHOLE	1	1	246	30	2.036e-06	{R}
UPI000199A544	MULTIPLE	1	3	24	11	6.566e-07	{IF}
UPI00019AAA72	MULTIPLE	1	592	605	9	1.334e-07	{DM}
UPI00019AAC0A	SINGLE	1	354	365	6	8.314e-06	{R}
UPI00019AAC0A	SINGLE	2	721	744	8	9.294e-06	{R}
UPI00019AAC0A	MULTIPLE	1	354	380	14	3.111e-06	{RL}
UPI0001A5BC88	SINGLE	1	93	99	5	5.528e-06	{I}
UPI0001AA9EAA	SINGLE	1	159	169	6	5.152e-06	{I}
UPI0001AA9EAA	MULTIPLE	1	79	104	11	7.564e-06	{IN}
UPI0001AA9EAA	WHOLE	1	1	452	45	4.603e-06	{I}
UPI0001AA9EAB	WHOLE	1	1	211	50	2.674e-10	{L}
UPI0001B525A0	SINGLE	1	682	726	12	3.800e-06	{D}
UPI0001B525A0	SINGLE	2	425	430	5	5.074e-06	{K}
UPI0001B52980	SINGLE	1	1332	1392	18	4.210e-08	{G}
UPI0001B52980	SINGLE	2	149	167	8	1.221e-06	{R}
UPI0001B52988	SINGLE	1	279	294	8	1.986e-07	{P}
UPI0001B52B91	SINGLE	1	412	441	11	7.966e-06	{A}
UPI0001B52B91	WHOLE	1	1	809	128	7.003e-10	{L}
UPI0001B52D4A	MULTIPLE	1	75	105	16	1.936e-07	{IA}
UPI0001B52D4A	MULTIPLE	2	190	207	9	5.949e-06	{MV}
UPI0001B52E07	SINGLE	1	170	204	16	1.709e-08	{L}
UPI0001B52E07	MULTIPLE	1	9	26	10	3.451e-06	{WL}
UPI0001B52E07	WHOLE	1	1	261	58	1.610e-10	{L}
UPI0001B52E08	SINGLE	1	42	106	17	1.475e-09	{Q}
UPI0001B52E08	SINGLE	2	146	153	5	7.464e-06	{Q}
UPI0001B52E08	MULTIPLE	1	17	38	12	7.463e-07	{EP}
UPI0001B52E08	WHOLE	1	1	228	29	1.811e-07	{Q}
UPI0001B52E53	SINGLE	1	143	200	20	6.391e-09	{A}
UPI0001B52E53	MULTIPLE	1	90	127	19	1.253e-08	{AQ}
UPI0001B52E53	WHOLE	1	1	355	58	5.498e-08	{A}
UPI0001B52F46	MULTIPLE	1	456	477	11	7.674e-07	{NP}
UPI0001B53021	SINGLE	1	34	48	7	1.289e-06	{Q}
UPI0001B53477	WHOLE	1	1	317	54	4.303e-06	{L}
UPI0001B534B8	SINGLE	1	162	196	12	2.945e-06	{S}
UPI0001B534B8	MULTIPLE	1	162	196	17	1.193e-07	{SI}
UPI0001B5ABD9	WHOLE	1	1	588	90	6.541e-07	{L}
UPI0001B5AD96	SINGLE	1	493	534	10	8.269e-06	{Q}
UPI0001B5AD96	MULTIPLE	1	6	25	12	4.625e-07	{NA}
UPI0001B5AD96	WHOLE	1	1	547	47	4.375e-06	{N}
UPI0001B5ADC1	SINGLE	1	79	111	6	8.081e-06	{W}
UPI0001B5ADC1	WHOLE	1	1	357	59	4.296e-06	{L}
UPI0001B5AE36	MULTIPLE	1	227	248	13	4.788e-07	{GV}
UPI0001B5AE50	SINGLE	1	49	98	9	1.129e-06	{H}
UPI0001B5AE50	MULTIPLE	1	49	86	14	8.820e-08	{HP}
UPI0001B5AFF2	MULTIPLE	1	746	774	14	8.898e-06	{RL}
UPI0001B5AFF2	MULTIPLE	2	598	618	11	1.971e-06	{ID}
UPI0001B5BB60	SINGLE	1	834	865	12	2.379e-06	{A}
UPI0001B5BBFA	SINGLE	1	136	152	7	8.304e-06	{I}
UPI0001C327AA	SINGLE	1	164	176	8	4.077e-06	{L}
UPI0001C3EFB2	WHOLE	1	1	400	23	4.785e-08	{W}
UPI0001C3EFB5	SINGLE	1	192	209	8	6.136e-07	{P}
UPI0001C3EFB5	SINGLE	2	190	236	16	1.988e-06	{L}
UPI0001C3EFB5	MULTIPLE	1	190	236	25	1.980e-10	{PL}
UPI0001C3EFB5	WHOLE	1	1	416	85	1.631e-12	{L}
UPI0001CF5D46	MULTIPLE	1	531	543	9	8.033e-06	{LR}
UPI0001CF6216	SINGLE	1	8	54	8	7.200e-07	{C}
UPI0001CF6216	MULTIPLE	1	5	76	19	5.354e-08	{CP}
UPI0001CF69B6	SINGLE	1	7	17	7	1.908e-07	{I}
UPI0001CF6C98	WHOLE	1	1	275	50	1.512e-06	{L}
UPI0001CF7036	MULTIPLE	1	85	103	7	8.839e-06	{MH}
UPI0001CF716E	SINGLE	1	100	170	22	1.756e-07	{L}
UPI0001CF716E	SINGLE	2	259	264	4	7.175e-07	{W}
UPI0001CF716E	MULTIPLE	1	94	170	27	3.422e-08	{LM}
UPI0001CF716E	MULTIPLE	2	255	271	10	1.340e-07	{WG}
UPI0001CF716E	WHOLE	1	1	318	60	4.521e-08	{L}
UPI0001CF7254	SINGLE	1	375	415	14	8.097e-06	{L}
UPI0001CF7254	WHOLE	1	1	483	78	4.298e-07	{L}
UPI0001D15A86	SINGLE	1	125	160	8	8.327e-07	{H}
UPI0001D15A86	SINGLE	2	262	280	5	9.729e-06	{C}
UPI0001D8A798	SINGLE	1	5	15	6	5.152e-06	{I}
UPI0001DB8E48	SINGLE	1	466	478	6	8.296e-06	{Q}
UPI0001DBCBB3	SINGLE	1	308	325	9	4.433e-11	{H}
UPI0001DBCBB3	SINGLE	2	500	572	19	1.806e-10	{Q}
UPI0001DBCBB3	SINGLE	3	302	317	9	3.892e-08	{D}
UPI0001DBCBB3	SINGLE	4	453	490	11	3.653e-07	{Q}
UPI0001DBCBB3	SINGLE	5	334	368	10	1.350e-06	{N}
UPI0001DBCBB3	SINGLE	6	265	276	6	7.194e-06	{P}
UPI0001DBCBB3	MULTIPLE	1	302	327	20	8.454e-18	{HD}
UPI0001DBCBB3	MULTIPLE	2	474	585	48	3.307e-21	{QR}
UPI0001DBCBB3	WHOLE	1	1	617	66	1.861e-11	{Q}
UPI0001DBCC8A	SINGLE	1	523	563	14	4.793e-07	{S}
UPI0001DBCC8A	WHOLE	1	1	865	68	1.098e-06	{N}
UPI0001DBCC8A	WHOLE	2	1	865	97	5.465e-06	{S}
UPI0001DBCD72	SINGLE	1	194	247	20	2.279e-08	{L}
UPI0001DBCD72	SINGLE	2	259	298	14	5.873e-06	{L}
UPI0001DBCD72	WHOLE	1	1	660	125	5.681e-15	{L}
UPI0001DBCD72	WHOLE	2	1	660	85	2.392e-06	{A}
UPI0001DC3630	SINGLE	1	114	144	9	4.073e-06	{Q}
UPI0001DC3646	WHOLE	1	1	392	56	3.754e-08	{G}
UPI0001DC3648	SINGLE	1	420	433	7	7.184e-07	{Q}
UPI0001DC3648	MULTIPLE	1	420	433	10	8.680e-09	{QY}
UPI0001DC364C	MULTIPLE	1	413	430	12	6.123e-07	{GA}
UPI0001DC364C	WHOLE	1	1	436	61	4.438e-06	{A}
UPI0001DC36A8	MULTIPLE	1	329	351	12	1.689e-06	{LM}
UPI0001DC36DD	WHOLE	1	1	1122	154	1.907e-07	{L}
UPI0001DC36DE	WHOLE	1	1	1180	93	1.277e-06	{R}
UPI0001DC36E9	SINGLE	1	69	75	6	5.551e-07	{G}
UPI0001DC36EA	WHOLE	1	1	257	42	2.932e-06	{A}
UPI0001DC36F6	SINGLE	1	453	470	8	9.209e-07	{I}
UPI0001DC36F6	SINGLE	2	142	154	7	5.621e-06	{E}
UPI0001DC385C	SINGLE	1	34	44	5	1.993e-06	{H}
UPI0001DC3866	SINGLE	1	363	398	12	9.512e-06	{A}
UPI0001DC3866	MULTIPLE	1	349	398	21	9.662e-08	{AQ}
UPI0001DC3866	MULTIPLE	2	612	629	12	1.634e-06	{LG}
UPI0001DC389A	SINGLE	1	327	334	5	7.464e-06	{Q}
UPI0001DC389A	WHOLE	1	1	450	41	4.741e-06	{Q}
UPI0001DC389B	SINGLE	1	10	30	8	6.618e-07	{F}
UPI0001DC389B	SINGLE	2	67	111	12	1.118e-06	{I}
UPI0001DC391C	WHOLE	1	1	532	51	1.559e-06	{R}
UPI0001DC3924	SINGLE	1	232	265	10	1.050e-06	{Q}
UPI0001DC3924	WHOLE	1	1	625	56	8.400e-06	{I}
UPI0001DC3929	SINGLE	1	453	499	16	2.438e-07	{A}
UPI0001DC3929	SINGLE	2	280	309	12	5.598e-06	{L}
UPI0001DC3929	MULTIPLE	1	228	239	8	7.284e-08	{MF}
UPI0001DC3929	MULTIPLE	2	337	358	11	3.245e-06	{FV}
UPI0001DC3929	WHOLE	1	1	648	92	1.506e-08	{A}
UPI0001DC3A5C	SINGLE	1	9	40	14	2.583e-07	{L}
UPI0001DC3A5C	WHOLE	1	1	879	127	1.357e-07	{L}
UPI0001DC3A5C	WHOLE	2	1	879	32	3.627e-06	{W}
UPI0001DC3A61	SINGLE	1	117	164	8	8.502e-07	{C}
UPI0001DC3A61	MULTIPLE	1	115	155	11	2.238e-07	{CH}
UPI0001DC3A68	WHOLE	1	1	1300	108	1.836e-08	{R}
UPI0001DC3A6B	SINGLE	1	604	644	16	2.321e-11	{R}
UPI0001DC3A6B	SINGLE	2	796	819	12	2.189e-10	{R}
UPI0001DC3A6B	SINGLE	3	524	568	15	9.000e-10	{P}
UPI0001DC3A6B	SINGLE	4	854	910	18	9.455e-09	{V}
UPI0001DC3A6B	SINGLE	5	676	683	6	3.066e-07	{R}
UPI0001DC3A6B	SINGLE	6	966	995	11	1.314e-06	{V}
UPI0001DC3A6B	SINGLE	7	942	972	11	1.932e-06	{E}
UPI0001DC3A6B	SINGLE	8	689	733	11	2.260e-06	{Q}
UPI0001DC3A6B	SINGLE	9	540	566	11	2.429e-06	{A}
UPI0001DC3A6B	SINGLE	10	354	391	10	7.605e-06	{R}
UPI0001DC3A6B	MULTIPLE	1	527	568	28	4.304e-16	{PA}
UPI0001DC3A6B	MULTIPLE	2	847	911	50	6.460e-21	{VQEP}
UPI0001DC3A6B	MULTIPLE	3	940	1002	47	8.304e-20	{VEA}
UPI0001DC3A6B	MULTIPLE	4	688	764	46	8.750e-12	{QERA}
UPI0001DC3A6B	MULTIPLE	5	1040	1055	10	4.336e-07	{AH}
UPI0001DC3A6B	WHOLE	1	1	1061	130	2.840e-12	{E}
UPI0001DC3A6B	WHOLE	2	1	1061	102	2.557e-11	{R}
UPI0001DC3A6B	WHOLE	3	1	1061	87	2.169e-07	{P}
UPI0001DC3A6B	WHOLE	4	1	1061	126	1.086e-06	{A}
UPI0001DC3AB1	SINGLE	1	255	259	4	3.224e-07	{C}
UPI0001DC3AE7	MULTIPLE	1	118	147	11	7.075e-07	{FH}
UPI0001DC3B0D	SINGLE	1	110	122	8	1.221e-06	{A}
UPI0001DC3B0D	MULTIPLE	1	110	134	15	1.699e-08	{AQ}
UPI0001DC3B0D	MULTIPLE	2	181	197	12	3.414e-08	{QA}
UPI0001DC3B10	MULTIPLE	1	230	245	12	2.262e-07	{LG}
UPI0001DC3B1F	SINGLE	1	99	114	8	9.559e-06	{A}
UPI0001DC3B20	SINGLE	1	478	501	10	5.486e-06	{A}
UPI0001DC3B20	WHOLE	1	1	682	94	4.372e-08	{A}
UPI0001DC3C45	SINGLE	1	439	446	6	1.830e-06	{V}
UPI0001DC3C45	WHOLE	1	1	834	121	3.184e-11	{A}
UPI0001DC3C88	SINGLE	1	184	195	6	9.795e-06	{I}
UPI0001DC3C88	MULTIPLE	1	176	206	20	3.970e-08	{IVA}
UPI0001DC3C88	WHOLE	1	1	404	64	3.929e-08	{A}
UPI0001DC3C8F	MULTIPLE	1	172	209	16	5.845e-06	{TG}
UPI0001DC3CA1	MULTIPLE	1	121	135	9	7.988e-06	{RG}
UPI0001DC3CED	SINGLE	1	436	479	8	4.260e-07	{C}
UPI0001DC3CED	MULTIPLE	1	436	483	15	1.409e-10	{CH}
UPI0001DC3CFF	SINGLE	1	297	319	8	3.119e-06	{Q}
UPI0001DC3D08	SINGLE	1	267	273	5	2.926e-06	{Q}
UPI0001DC3D0A	SINGLE	1	153	200	16	2.707e-06	{L}
UPI0001DC3D0A	SINGLE	2	221	231	7	4.334e-06	{A}
UPI0001DC3D0A	MULTIPLE	1	297	344	23	1.614e-07	{LG}
UPI0001DC3D0A	WHOLE	1	1	608	104	3.599e-10	{L}
UPI0001DC3D0A	WHOLE	2	1	608	80	2.083e-06	{A}
UPI0001DC3D0D	SINGLE	1	361	371	7	4.334e-06	{A}
UPI0001DC3D0D	WHOLE	1	1	485	47	5.743e-06	{I}
UPI0001DC3EB3	WHOLE	1	1	318	49	2.657e-06	{A}
UPI0001DC3ECD	SINGLE	1	154	172	9	9.646e-07	{V}
UPI0001DC3ECD	MULTIPLE	1	73	84	8	7.321e-07	{FN}
UPI0001DC3EF2	SINGLE	1	80	98	6	2.187e-06	{H}
UPI0001DC3F14	MULTIPLE	1	11	25	9	8.829e-06	{IG}
UPI0001DC3F1B	SINGLE	1	343	367	9	9.931e-06	{T}
UPI0001DC3F1B	MULTIPLE	1	351	371	13	1.463e-06	{TL}
UPI0001DC3F1D	SINGLE	1	490	538	17	7.613e-08	{A}
UPI0001DC3F1D	WHOLE	1	1	714	88	8.618e-06	{A}
UPI0001DC3F22	SINGLE	1	715	725	7	1.412e-06	{G}
UPI0001DC3F22	SINGLE	2	151	161	7	4.334e-06	{A}
UPI0001DC3F22	WHOLE	1	1	957	113	4.291e-06	{A}
UPI0001DC3F2B	MULTIPLE	1	138	160	12	7.465e-07	{GF}
UPI0001DC3F2E	MULTIPLE	1	6	13	8	3.189e-08	{IG}
UPI0001DC3F38	SINGLE	1	361	373	6	8.296e-06	{Q}
UPI0001DC3F51	WHOLE	1	1	256	42	2.659e-06	{A}
UPI0001DC4133	SINGLE	1	306	333	10	5.199e-06	{V}
UPI0001DC4133	MULTIPLE	1	73	115	26	3.273e-09	{GIA}
UPI0001DC4145	SINGLE	1	244	267	8	4.476e-06	{Q}
UPI0001DC4145	SINGLE	2	16	26	6	5.152e-06	{I}
UPI0001DC4145	WHOLE	1	1	623	54	8.881e-07	{Q}
UPI0001DC4163	SINGLE	1	144	149	5	8.737e-07	{Q}
UPI0001DC4163	MULTIPLE	1	97	124	11	3.510e-06	{TC}
UPI0001DC416D	MULTIPLE	1	131	141	8	3.640e-06	{GI}
UPI0001DC417A	MULTIPLE	1	285	300	9	1.461e-07	{NH}
UPI0001DC417B	SINGLE	1	1018	1024	5	9.894e-08	{H}
UPI0001DC417B	SINGLE	2	898	912	5	2.680e-06	{C}
UPI0001DC417F	SINGLE	1	40	53	5	8.083e-06	{H}
UPI0001DC4187	MULTIPLE	1	199	233	17	1.084e-07	{DE}
UPI0001DC4195	SINGLE	1	38	78	11	8.398e-07	{Q}
UPI0001DC41A8	SINGLE	1	135	157	8	8.015e-06	{I}
UPI0001DC42C0	SINGLE	1	295	335	14	1.288e-06	{A}
UPI0001DC42C0	SINGLE	2	462	482	8	1.414e-06	{Q}
UPI0001DC42C0	WHOLE	1	1	533	82	2.544e-09	{A}
UPI0001DC42C0	WHOLE	2	1	533	49	5.239e-07	{Q}
UPI0001DC43F5	SINGLE	1	721	875	44	7.603e-24	{Q}
UPI0001DC43F5	SINGLE	2	611	693	24	6.350e-14	{Q}
UPI0001DC43F5	SINGLE	3	217	279	18	1.011e-10	{Q}
UPI0001DC43F5	SINGLE	4	417	476	15	2.559e-08	{Q}
UPI0001DC43F5	SINGLE	5	342	346	5	1.522e-07	{Q}
UPI0001DC43F5	SINGLE	6	559	599	11	8.398e-07	{Q}
UPI0001DC43F5	SINGLE	7	371	394	8	4.476e-06	{Q}
UPI0001DC43F5	WHOLE	1	1	1047	159	2.195e-42	{Q}
UPI0001DC43F5	WHOLE	2	1	1047	146	1.543e-07	{L}
UPI0001DC4537	SINGLE	1	178	233	15	2.052e-06	{G}
UPI0001DC461E	SINGLE	1	32	48	7	1.824e-06	{F}
UPI0001DC461E	MULTIPLE	1	31	48	13	1.086e-10	{FI}
UPI0001DC4635	WHOLE	1	1	244	43	3.130e-07	{A}
UPI0001DC4637	SINGLE	1	634	643	7	9.710e-07	{S}
UPI0001DC463A	MULTIPLE	1	457	471	9	4.086e-06	{QT}
UPI0001DC463C	SINGLE	1	287	318	6	9.997e-06	{C}
UPI0001DC4646	MULTIPLE	1	1019	1034	10	6.133e-07	{VF}
UPI0001DC464A	SINGLE	1	219	225	6	1.498e-06	{A}
UPI0001DC464A	WHOLE	1	1	406	59	1.976e-06	{A}
UPI0001DC464B	WHOLE	1	1	505	23	2.389e-06	{W}
UPI0001DC47BB	WHOLE	1	1	220	38	2.240e-06	{A}
UPI0001DC47EE	SINGLE	1	231	235	5	6.591e-06	{L}
UPI0001DC47EE	WHOLE	1	1	429	68	3.811e-06	{L}
UPI0001DC4884	SINGLE	1	53	58	5	2.890e-08	{H}
UPI0001DC492E	SINGLE	1	8	19	8	1.727e-06	{L}
UPI0001DC4960	MULTIPLE	1	45	66	10	3.323e-07	{RC}
UPI0001DC4991	SINGLE	1	21	51	9	4.073e-06	{Q}
UPI0001DC4991	WHOLE	1	1	72	13	9.791e-06	{Q}
UPI0001DC4AFD	SINGLE	1	232	270	12	3.624e-06	{E}
UPI0001DC4AFD	MULTIPLE	1	211	270	20	2.108e-06	{EQ}
UPI0001DC4B05	MULTIPLE	1	6	32	10	2.672e-06	{RW}
UPI0001DC4B06	SINGLE	1	17	25	5	9.817e-06	{F}
UPI0001DC4B09	SINGLE	1	316	332	8	9.053e-06	{S}
UPI0001DC4B09	WHOLE	1	1	378	64	8.317e-07	{L}
UPI0001DC4B0A	SINGLE	1	104	116	6	4.638e-06	{F}
UPI0001DC4B0F	MULTIPLE	1	171	205	15	2.339e-07	{PI}
UPI0001DC4B0F	MULTIPLE	2	334	348	12	2.145e-08	{AV}
UPI0001DC4B16	SINGLE	1	177	186	6	1.159e-06	{Q}
UPI0001DC4B16	WHOLE	1	1	671	84	7.568e-06	{A}
UPI0001DC4CC4	SINGLE	1	105	141	10	7.544e-06	{I}
UPI0001DC4CC4	MULTIPLE	1	76	144	21	2.383e-07	{IF}
UPI0001DC4CC4	MULTIPLE	2	244	280	18	1.075e-07	{AI}
UPI0001DC4CC4	WHOLE	1	1	416	59	4.114e-06	{A}
UPI0001DC4CC4	WHOLE	2	1	416	42	6.488e-06	{I}
UPI0001DC4CC7	SINGLE	1	62	116	18	9.038e-07	{L}
UPI0001DC4CC7	SINGLE	2	138	151	8	8.637e-06	{L}
UPI0001DC4CC7	WHOLE	1	1	385	74	6.730e-10	{L}
UPI0001DC4CC9	WHOLE	1	1	294	46	3.424e-06	{A}
UPI0001DC4CE3	WHOLE	1	1	1295	147	1.915e-06	{A}
UPI0001DC4E0A	SINGLE	1	106	152	16	1.901e-08	{E}
UPI0001DC4E0A	WHOLE	1	1	160	26	9.838e-06	{E}
UPI0001DC4E0F	SINGLE	1	34	62	10	4.843e-06	{K}
UPI0001DC4E49	SINGLE	1	163	168	5	1.440e-06	{R}
UPI0001DC4E4A	SINGLE	1	598	652	16	2.510e-06	{A}
UPI0001DC4E4A	SINGLE	2	257	264	4	3.249e-06	{W}
UPI0001DC4E4A	MULTIPLE	1	257	272	9	5.760e-08	{WQ}
UPI0001DC4E4A	MULTIPLE	2	727	758	12	3.404e-07	{QH}
UPI0001DC4E4A	MULTIPLE	3	498	513	10	6.881e-06	{QL}
UPI0001DC4E4A	WHOLE	1	1	759	106	3.505e-09	{A}
UPI0001DC4E4A	WHOLE	2	1	759	112	2.348e-07	{L}
UPI0001DC4E4A	WHOLE	3	1	759	59	7.653e-06	{Q}
UPI0001DC4E5E	SINGLE	1	138	173	10	1.863e-06	{Q}
UPI0001DC4E6B	MULTIPLE	1	181	198	10	3.786e-06	{NV}
UPI0001DC4E6B	WHOLE	1	1	1653	202	7.633e-06	{L}
UPI0001DC4F8E	SINGLE	1	302	313	5	3.342e-06	{M}
UPI0001DC4F8E	MULTIPLE	1	230	243	10	4.573e-06	{VL}
UPI0001DC4F8E	MULTIPLE	2	388	403	9	3.256e-06	{MS}
UPI0001DC4F8E	WHOLE	1	1	471	30	1.966e-07	{M}
UPI0001DC4F8E	WHOLE	2	1	471	77	3.202e-07	{L}
UPI0001DC4F96	SINGLE	1	102	130	9	4.981e-06	{R}
UPI0001DC4F97	SINGLE	1	766	855	46	2.750e-38	{Q}
UPI0001DC4F97	SINGLE	2	382	500	34	6.797e-19	{Q}
UPI0001DC4F97	SINGLE	3	753	852	29	1.069e-15	{P}
UPI0001DC4F97	SINGLE	4	389	454	17	5.772e-09	{P}
UPI0001DC4F97	SINGLE	5	336	381	14	1.218e-08	{P}
UPI0001DC4F97	SINGLE	6	559	596	15	6.148e-08	{A}
UPI0001DC4F97	SINGLE	7	673	694	9	1.497e-07	{Q}
UPI0001DC4F97	SINGLE	8	235	249	7	2.514e-06	{R}
UPI0001DC4F97	SINGLE	9	321	335	8	5.187e-06	{A}
UPI0001DC4F97	SINGLE	10	214	226	7	5.621e-06	{E}
UPI0001DC4F97	SINGLE	11	715	722	5	7.464e-06	{Q}
UPI0001DC4F97	SINGLE	12	871	894	8	7.741e-06	{P}
UPI0001DC4F97	MULTIPLE	1	756	855	74	2.474e-55	{QP}
UPI0001DC4F97	MULTIPLE	2	336	518	79	1.752e-34	{QP}
UPI0001DC4F97	MULTIPLE	3	542	597	25	2.390e-09	{AP}
UPI0001DC4F97	MULTIPLE	4	654	696	19	5.328e-09	{QD}
UPI0001DC4F97	MULTIPLE	5	208	226	14	8.420e-10	{ED}
UPI0001DC4F97	MULTIPLE	6	701	722	13	1.988e-07	{QA}
UPI0001DC4F97	MULTIPLE	7	502	534	19	2.962e-07	{EVR}
UPI0001DC4F97	MULTIPLE	8	607	631	12	7.338e-07	{RP}
UPI0001DC4F97	WHOLE	1	1	1368	140	8.304e-18	{P}
UPI0001DC4F97	WHOLE	2	1	1368	132	2.169e-17	{Q}
UPI0001DC4F97	WHOLE	3	1	1368	155	1.227e-06	{A}
UPI0001DC5121	WHOLE	1	1	415	48	3.489e-08	{I}
UPI0001DC5121	WHOLE	2	1	415	39	3.761e-07	{F}
UPI0001DC5279	SINGLE	1	240	256	9	1.416e-06	{A}
UPI0001DC5280	SINGLE	1	589	610	9	1.497e-07	{Q}
UPI0001DC5280	MULTIPLE	1	582	621	20	5.225e-09	{QA}
UPI0001DC52AE	SINGLE	1	132	172	15	2.241e-08	{G}
UPI0001DC52AE	MULTIPLE	1	132	173	18	1.351e-09	{GC}
UPI0001DC52AE	WHOLE	1	1	291	49	2.117e-07	{A}
UPI0001DC566D	SINGLE	1	1	25	7	7.564e-07	{M}
UPI0001DC566D	WHOLE	1	1	392	27	1.692e-07	{M}
UPI0001DC57CA	MULTIPLE	1	208	217	7	3.366e-06	{VM}
UPI0001DC5C07	MULTIPLE	1	429	452	10	8.401e-06	{GC}
UPI0001DC5C1F	WHOLE	1	1	784	58	7.413e-07	{Y}
UPI0001DC5D52	SINGLE	1	1265	1330	14	2.799e-06	{I}
UPI0001DC5D52	MULTIPLE	1	1265	1324	20	1.785e-07	{IN}
UPI0001DC5D52	WHOLE	1	1	1587	126	8.040e-08	{I}
UPI0001DCA82A	SINGLE	1	205	211	4	7.399e-06	{M}
UPI0001DCA82A	MULTIPLE	1	20	62	18	3.834e-07	{GI}
UPI0001DCA886	SINGLE	1	94	107	5	8.083e-06	{M}
UPI0001DCA886	WHOLE	1	1	418	39	4.481e-07	{F}
UPI0001DCA886	WHOLE	2	1	418	25	5.247e-06	{M}
UPI0001DCAA57	SINGLE	1	5	19	7	6.535e-07	{F}
UPI0001DD2BF8	SINGLE	1	133	179	8	7.200e-07	{C}
UPI0001DD2BF8	SINGLE	2	286	298	7	5.621e-06	{E}
UPI0001DD2E1A	SINGLE	1	226	253	7	1.744e-06	{M}
UPI0001DD2E1A	MULTIPLE	1	302	352	23	6.116e-07	{GL}
UPI0001DD3014	WHOLE	1	1	442	55	1.849e-06	{V}
UPI0001DD3014	WHOLE	2	1	442	54	6.682e-06	{G}
UPI0001DD3096	WHOLE	1	1	1174	134	3.660e-06	{A}
UPI0001E4C392	MULTIPLE	1	16	31	8	1.473e-06	{FH}
UPI0001E4E19B	WHOLE	1	1	395	40	4.478e-07	{N}
UPI0001E549E8	SINGLE	1	45	56	7	5.518e-06	{S}
UPI0001E5E825	MULTIPLE	1	3	12	7	6.039e-06	{PR}
UPI0001E654AD	WHOLE	1	1	415	41	7.074e-06	{R}
UPI0001E6D9AD	MULTIPLE	1	424	440	9	3.717e-06	{GM}
UPI0001E6D9AD	MULTIPLE	2	892	906	8	8.481e-06	{HT}
UPI0001E8C2C4	SINGLE	1	233	248	8	2.368e-06	{V}
UPI0001E8C446	MULTIPLE	1	151	163	9	6.559e-07	{FV}
UPI0001E8D5FF	WHOLE	1	1	272	33	7.577e-07	{R}
UPI0001E8D85C	SINGLE	1	155	167	6	3.765e-06	{Y}
UPI0001E8D85C	MULTIPLE	1	452	480	13	1.086e-06	{DN}
UPI0001E96732	MULTIPLE	1	91	123	16	7.975e-08	{CPR}
UPI0001F6650E	SINGLE	1	21	40	9	7.656e-06	{A}
UPI0001FB432E	MULTIPLE	1	13	43	14	3.773e-07	{DN}
UPI0001FB8198	MULTIPLE	1	428	443	8	4.659e-06	{HI}
UPI0001FB81FA	SINGLE	1	329	333	5	1.281e-06	{G}
UPI0001FB894D	SINGLE	1	88	92	5	5.313e-07	{D}
UPI000209C3EA	MULTIPLE	1	1	27	8	3.591e-06	{WM}
UPI00020AF7E5	MULTIPLE	1	86	109	13	3.396e-06	{LP}
UPI00020BF62B	SINGLE	1	138	143	5	7.177e-06	{G}
UPI00020BF865	SINGLE	1	5	22	9	2.609e-06	{A}
UPI00020BF865	MULTIPLE	1	200	212	11	7.012e-09	{PA}
UPI000219C990	MULTIPLE	1	56	78	11	8.508e-06	{TP}
UPI00021ADB8B	MULTIPLE	1	98	115	11	8.346e-09	{CHY}
UPI000224233C	SINGLE	1	347	381	7	7.201e-07	{W}
UPI0002242426	MULTIPLE	1	89	117	16	1.142e-07	{ST}
UPI0002242518	WHOLE	1	1	471	68	4.905e-07	{A}
UPI00022429D8	WHOLE	1	1	216	40	9.290e-06	{L}
UPI0002242DF2	SINGLE	1	376	402	10	4.313e-06	{G}
UPI0002243037	SINGLE	1	610	669	17	1.848e-06	{A}
UPI0002243037	MULTIPLE	1	252	288	18	5.149e-08	{AQ}
UPI0002243037	MULTIPLE	2	465	486	13	1.988e-07	{QA}
UPI0002243037	WHOLE	1	1	1157	143	2.675e-08	{A}
UPI0002243037	WHOLE	2	1	1157	87	3.552e-07	{Q}
UPI0002243E3A	SINGLE	1	140	162	8	6.507e-06	{R}
UPI0002243FDD	SINGLE	1	152	156	5	2.962e-06	{A}
UPI0002244A46	SINGLE	1	154	182	7	1.829e-07	{W}
UPI0002244A46	SINGLE	2	272	318	17	3.672e-07	{L}
UPI0002244A46	SINGLE	3	143	148	5	7.177e-06	{G}
UPI0002244A46	WHOLE	1	1	393	70	4.120e-08	{L}
UPI0002244B14	WHOLE	1	1	770	67	6.176e-07	{P}
UPI0002244C3D	SINGLE	1	94	114	8	2.472e-06	{P}
UPI0002244CBA	MULTIPLE	1	8	16	7	4.909e-06	{VN}
UPI0002244DA1	WHOLE	1	1	376	54	6.846e-06	{A}
UPI0002244DA4	SINGLE	1	175	200	9	2.276e-06	{I}
UPI0002244DA4	SINGLE	2	6	41	13	8.491e-06	{L}
UPI0002244DA4	MULTIPLE	1	316	337	13	4.788e-07	{VG}
UPI0002244DA4	WHOLE	1	1	454	47	1.056e-06	{I}
UPI0002244DAB	MULTIPLE	1	75	117	14	2.732e-07	{QH}
UPI0002244E0D	WHOLE	1	1	495	67	4.858e-06	{A}
UPI0002244E0F	MULTIPLE	1	263	299	13	7.501e-06	{GM}
UPI0002244E0F	WHOLE	1	1	421	62	7.455e-07	{A}
UPI0002244E15	MULTIPLE	1	46	68	13	5.888e-06	{TL}
UPI0002244E15	WHOLE	1	1	393	69	8.767e-08	{L}
UPI0002244E15	WHOLE	2	1	393	56	6.006e-06	{A}
UPI0002244E17	SINGLE	1	301	324	13	2.920e-08	{L}
UPI0002244E17	SINGLE	2	682	688	6	4.936e-07	{E}
UPI0002244E1E	SINGLE	1	275	308	12	8.995e-09	{Q}
UPI0002244E27	SINGLE	1	327	343	9	5.304e-06	{L}
UPI0002244E27	SINGLE	2	380	405	11	7.259e-06	{L}
UPI0002244E38	SINGLE	1	104	116	6	4.638e-06	{F}
UPI0002244E7F	SINGLE	1	107	142	13	8.491e-06	{L}
UPI0002244E7F	WHOLE	1	1	485	87	8.525e-10	{L}
UPI0002244F4D	SINGLE	1	229	251	10	3.473e-06	{A}
UPI0002244F4D	MULTIPLE	1	229	258	19	9.273e-10	{AV}
UPI0002244F97	WHOLE	1	1	1418	153	1.908e-11	{T}
UPI0002244F97	WHOLE	2	1	1418	160	1.076e-06	{A}
UPI0002244F98	MULTIPLE	1	150	170	13	2.009e-06	{GL}
UPI000224571B	SINGLE	1	393	401	6	5.132e-06	{V}
UPI000229680F	SINGLE	1	106	125	10	7.164e-07	{A}
UPI000229680F	WHOLE	1	1	212	47	5.136e-11	{A}
UPI00022A5DDA	MULTIPLE	1	12	28	12	1.457e-06	{LA}
UPI000246EDED	WHOLE	1	1	482	49	1.075e-06	{I}
UPI00025100D6	MULTIPLE	1	18	49	14	6.997e-06	{AN}
UPI0002513C0D	SINGLE	1	87	129	8	3.541e-07	{C}
UPI0002513C0D	MULTIPLE	1	6	25	12	2.854e-08	{CA}
UPI0002513C0D	WHOLE	1	1	639	31	6.364e-08	{C}
UPI0002513CC2	MULTIPLE	1	70	91	10	9.979e-06	{WA}
UPI0002513DF9	WHOLE	1	1	561	83	5.668e-06	{L}
UPI00025143BF	SINGLE	1	366	397	14	3.595e-08	{A}
UPI00025143BF	SINGLE	2	75	120	13	4.442e-08	{Q}
UPI00025143BF	SINGLE	3	377	389	7	6.239e-07	{P}
UPI00025143BF	MULTIPLE	1	366	398	23	4.197e-14	{AP}
UPI00025143BF	WHOLE	1	1	401	60	6.573e-07	{A}
UPI00025143BF	WHOLE	2	1	401	39	1.771e-06	{Q}
UPI0002514731	SINGLE	1	512	520	6	9.427e-06	{S}
UPI0002514ECD	MULTIPLE	1	51	87	12	1.002e-06	{FM}
UPI0002514ECD	WHOLE	1	1	523	42	6.791e-06	{F}
UPI0002515209	SINGLE	1	705	715	6	1.095e-06	{Y}
UPI0002568F66	MULTIPLE	1	7	46	18	6.670e-06	{KL}
UPI000260AF5C	WHOLE	1	1	299	51	7.276e-06	{L}
UPI000260B746	SINGLE	1	46	93	16	3.499e-08	{G}
UPI000260B746	MULTIPLE	1	46	95	28	8.870e-12	{GA}
UPI000260BCCC	SINGLE	1	60	85	13	1.605e-09	{E}
UPI000260BCCC	SINGLE	2	182	213	10	5.644e-07	{Q}
UPI000260BCCC	SINGLE	3	289	334	15	1.058e-06	{A}
UPI000260BCCC	SINGLE	4	42	51	6	4.935e-06	{D}
UPI000260BCCC	MULTIPLE	1	52	91	22	1.894e-11	{ER}
UPI000260BCCC	MULTIPLE	2	192	216	13	2.629e-08	{QN}
UPI000260BCCC	MULTIPLE	3	268	329	42	3.908e-17	{ATP}
UPI000260BEB2	SINGLE	1	419	436	11	6.471e-08	{L}
UPI000260BEB2	SINGLE	2	9	51	16	5.157e-07	{L}
UPI000260BEB2	WHOLE	1	1	526	97	2.271e-11	{L}
UPI000260C07D	MULTIPLE	1	485	506	10	9.341e-06	{QI}
UPI0002610C8B	SINGLE	1	320	334	8	5.187e-06	{A}
UPI0002610C8B	MULTIPLE	1	8	33	14	2.324e-06	{AV}
UPI000261131F	SINGLE	1	10	16	6	3.854e-06	{L}
UPI000261131F	WHOLE	1	1	385	77	4.754e-11	{L}
UPI0002674EE5	SINGLE	1	87	141	17	4.899e-07	{A}
UPI0002674EE5	SINGLE	2	320	352	11	3.805e-06	{V}
UPI0002674EE5	SINGLE	3	403	409	4	7.399e-06	{H}
UPI000281D6D1	SINGLE	1	26	82	16	2.001e-07	{T}
UPI000281D6D1	WHOLE	1	1	183	29	2.214e-06	{T}
UPI0002874811	WHOLE	1	1	518	53	3.469e-07	{I}
UPI0002874887	MULTIPLE	1	508	530	12	5.045e-06	{RA}
UPI0002874A08	SINGLE	1	75	125	19	4.529e-08	{L}
UPI0002874A08	SINGLE	2	144	156	5	8.382e-07	{W}
UPI0002874A08	WHOLE	1	1	696	115	3.868e-10	{L}
UPI000287500F	SINGLE	1	10	39	9	6.776e-06	{R}
UPI000287512E	SINGLE	1	451	481	7	3.625e-06	{H}
UPI000287536D	SINGLE	1	328	339	8	5.124e-09	{Q}
UPI00028757CF	SINGLE	1	43	112	22	8.059e-09	{A}
UPI00028757CF	SINGLE	2	29	46	8	3.473e-07	{Q}
UPI00028757CF	SINGLE	3	72	95	8	4.476e-06	{Q}
UPI00028757CF	MULTIPLE	1	29	107	39	6.351e-16	{AQ}
UPI000287587B	SINGLE	1	308	313	5	2.890e-08	{H}
UPI000287587B	SINGLE	2	240	284	9	4.457e-07	{H}
UPI000287587B	MULTIPLE	1	236	284	17	3.153e-07	{HV}
UPI000287587B	MULTIPLE	2	3	11	8	4.929e-08	{HS}
UPI000287587B	MULTIPLE	3	45	67	15	3.262e-07	{LA}
UPI000287587B	WHOLE	1	1	313	25	2.985e-08	{H}
UPI0002875903	SINGLE	1	175	183	6	4.848e-07	{Q}
UPI0002875AC3	SINGLE	1	72	96	8	6.296e-06	{Q}
UPI0002875E7E	SINGLE	1	8	38	9	3.925e-06	{N}
UPI0002875E7E	MULTIPLE	1	54	102	17	7.618e-07	{IN}
UPI0002875E7E	WHOLE	1	1	352	40	2.285e-08	{N}
UPI000287605A	MULTIPLE	1	186	219	14	7.591e-06	{LH}
UPI000287605A	WHOLE	1	1	566	84	4.524e-06	{L}
UPI000287644C	SINGLE	1	5	70	22	4.165e-08	{L}
UPI000287644C	WHOLE	1	1	82	23	6.557e-07	{L}
UPI000287646C	SINGLE	1	55	129	22	4.706e-10	{T}
UPI000287646C	MULTIPLE	1	224	268	18	2.095e-07	{NT}
UPI000287646C	WHOLE	1	1	468	66	3.416e-10	{T}
UPI000287646C	WHOLE	2	1	468	65	1.965e-07	{S}
UPI00028765A3	MULTIPLE	1	359	381	11	3.071e-07	{HD}
UPI00028765A3	WHOLE	1	1	555	80	6.137e-08	{A}
UPI000287671B	MULTIPLE	1	374	386	9	2.492e-06	{AQ}
UPI000287675A	SINGLE	1	493	498	6	2.322e-07	{A}
UPI000287675A	WHOLE	1	1	553	78	2.043e-07	{A}
UPI0002876908	MULTIPLE	1	346	369	12	9.254e-06	{TNM}
UPI0002876908	WHOLE	1	1	789	92	7.059e-08	{G}
UPI0002876E8B	SINGLE	1	160	175	8	2.997e-07	{I}
UPI0002876E8B	SINGLE	2	167	200	11	6.426e-06	{G}
UPI0002876E8B	MULTIPLE	1	160	200	20	3.705e-09	{IG}
UPI0002876E8B	MULTIPLE	2	116	144	11	6.471e-06	{WV}
UPI0002876E8B	WHOLE	1	1	457	52	1.722e-08	{I}
UPI0002876FBC	WHOLE	1	1	401	57	5.432e-06	{A}
UPI000287702B	MULTIPLE	1	217	242	14	2.611e-06	{GA}
UPI0002877059	MULTIPLE	1	389	407	13	1.205e-08	{GWY}
UPI00028770AA	SINGLE	1	709	714	5	8.737e-07	{Q}
UPI00028770AA	MULTIPLE	1	16	27	10	1.015e-07	{QL}
UPI00028770AA	WHOLE	1	1	742	68	5.490e-09	{Q}
UPI0002877129	SINGLE	1	6	14	7	4.644e-09	{F}
UPI0002877129	WHOLE	1	1	15	7	6.535e-07	{F}
UPI000287731C	SINGLE	1	91	130	11	2.374e-07	{F}
UPI000287731C	MULTIPLE	1	91	124	14	3.825e-09	{FM}
UPI000287731C	WHOLE	1	1	444	39	1.866e-06	{F}
UPI0002877404	SINGLE	1	277	299	10	3.843e-08	{R}
UPI0002877404	SINGLE	2	449	482	13	4.137e-06	{L}
UPI000287764B	SINGLE	1	218	253	15	2.100e-07	{L}
UPI000287764B	SINGLE	2	93	97	5	2.912e-07	{I}
UPI000287764B	SINGLE	3	53	58	4	3.242e-06	{M}
UPI000287764B	WHOLE	1	1	747	105	4.215e-06	{L}
UPI00028776F4	SINGLE	1	328	345	8	3.354e-07	{N}
UPI00028776F4	WHOLE	1	1	430	49	6.614e-10	{N}
UPI0002877ACE	SINGLE	1	20	26	5	5.528e-06	{I}
UPI0002877ACE	MULTIPLE	1	99	132	14	7.591e-06	{LM}
UPI0002877DA2	SINGLE	1	397	404	5	7.464e-06	{Q}
UPI0002877DF4	MULTIPLE	1	37	59	10	8.705e-06	{YI}
UPI0002877ED4	SINGLE	1	1197	1226	11	7.966e-06	{A}
UPI0002877ED4	WHOLE	1	1	1266	40	6.962e-06	{W}
UPI00028781B7	SINGLE	1	24	57	11	5.260e-06	{V}
UPI000287825F	SINGLE	1	384	411	12	2.388e-06	{L}
UPI000287825F	MULTIPLE	1	366	411	22	2.927e-08	{LP}
UPI000287843F	SINGLE	1	262	276	9	1.682e-07	{S}
UPI000287843F	SINGLE	2	1010	1021	6	8.314e-06	{R}
UPI000287843F	WHOLE	1	1	1406	118	2.641e-09	{R}
UPI000287843F	WHOLE	2	1	1406	85	8.753e-06	{Y}
UPI00028785A6	SINGLE	1	312	322	7	1.412e-06	{G}
UPI000287876D	SINGLE	1	711	722	7	7.074e-08	{Y}
UPI00028788C8	MULTIPLE	1	247	264	12	2.077e-07	{GV}
UPI0002878940	SINGLE	1	121	129	5	5.680e-07	{H}
UPI0002878C45	SINGLE	1	324	338	8	1.486e-06	{G}
UPI0002879003	SINGLE	1	88	93	5	6.460e-06	{V}
UPI00028791F6	SINGLE	1	240	263	6	9.716e-06	{M}
UPI000287924C	SINGLE	1	500	532	10	7.433e-07	{N}
UPI000287924C	MULTIPLE	1	243	260	10	2.706e-07	{QY}
UPI000287924C	MULTIPLE	2	29	48	14	1.358e-07	{SL}
UPI00028793D9	SINGLE	1	168	212	17	1.792e-07	{L}
UPI00028793D9	SINGLE	2	233	287	10	2.630e-07	{M}
UPI00028793D9	MULTIPLE	1	230	287	22	1.248e-07	{ML}
UPI00028793D9	WHOLE	1	1	1105	164	4.819e-10	{L}
UPI0002879AB4	MULTIPLE	1	82	97	10	8.708e-07	{LC}
UPI000287A104	WHOLE	1	1	340	59	9.519e-07	{L}
UPI000287A131	SINGLE	1	149	155	5	5.528e-06	{I}
UPI000287A131	WHOLE	1	1	452	49	1.770e-07	{I}
UPI000287A207	SINGLE	1	812	845	13	7.065e-07	{A}
UPI00028C0F3B	MULTIPLE	1	364	388	11	9.009e-06	{DN}
UPI00028C0F3B	MULTIPLE	2	339	388	19	3.886e-09	{NY}
UPI00028C0F3B	WHOLE	1	1	404	60	3.169e-09	{G}
UPI00028C2681	SINGLE	1	255	294	14	9.207e-07	{A}
UPI00028C2681	MULTIPLE	1	78	92	10	5.060e-06	{VA}
UPI00028D0972	SINGLE	1	1	24	6	9.716e-06	{M}
UPI00028D0972	MULTIPLE	1	71	99	11	4.847e-06	{DH}
UPI00028D4245	SINGLE	1	226	268	14	2.434e-06	{A}
UPI00028D4245	MULTIPLE	1	96	108	10	1.381e-07	{AQ}
UPI00028D4245	WHOLE	1	1	394	67	1.185e-09	{A}
UPI00029C02A5	WHOLE	1	1	298	35	1.432e-06	{I}
UPI0002A1B055	WHOLE	1	1	381	43	3.162e-07	{I}
UPI0002A1BED6	SINGLE	1	104	141	10	9.735e-06	{I}
UPI0002A1BED6	MULTIPLE	1	167	200	17	1.123e-08	{IWN}
UPI0002A1BED6	WHOLE	1	1	249	33	1.966e-07	{I}
UPI0002A1DC68	SINGLE	1	5	25	7	9.294e-06	{F}
UPI0002A1DC68	MULTIPLE	1	5	28	12	1.467e-07	{FP}
UPI0002A2011A	SINGLE	1	84	96	7	4.116e-06	{T}
UPI0002A217DD	SINGLE	1	55	75	8	8.833e-06	{D}
UPI0002A222AF	MULTIPLE	1	235	261	13	7.114e-06	{AI}
UPI0002A2C4D1	SINGLE	1	1460	1483	9	6.741e-07	{P}
UPI0002A2C4D1	SINGLE	2	397	440	13	2.961e-06	{G}
UPI0002A2C4D1	SINGLE	3	295	313	7	8.205e-06	{N}
UPI0002A2C4D1	MULTIPLE	1	1330	1375	22	3.531e-10	{GN}
UPI0002A2C4D1	WHOLE	1	1	1806	271	8.540e-36	{G}
UPI0002A2C4D1	WHOLE	2	1	1806	159	3.982e-17	{N}
UPI0002A2C4D1	WHOLE	3	1	1806	173	6.823e-09	{T}
UPI0002A323E7	WHOLE	1	1	844	65	3.387e-06	{N}
UPI0002A3898A	SINGLE	1	152	205	16	6.550e-07	{S}
UPI0002A3B955	SINGLE	1	149	159	5	4.398e-07	{C}
UPI0002A3B9D2	SINGLE	1	618	657	11	6.424e-07	{Q}
UPI0002A3B9D2	SINGLE	2	49	66	7	5.415e-06	{N}
UPI0002A3B9D2	MULTIPLE	1	176	190	10	8.390e-08	{IN}
UPI0002A3B9D2	WHOLE	1	1	705	72	4.360e-09	{I}
UPI0002A3B9D2	WHOLE	2	1	705	60	3.779e-07	{N}
UPI0002A4626C	SINGLE	1	439	445	6	4.891e-07	{V}
UPI0002A4626C	WHOLE	1	1	500	28	5.182e-06	{M}
UPI0002ADBF9E	SINGLE	1	7	30	10	5.486e-06	{A}
UPI0002ADBFF3	WHOLE	1	1	507	51	8.962e-07	{I}
UPI0002ADC156	SINGLE	1	111	143	14	2.876e-11	{Q}
UPI0002ADC156	SINGLE	2	146	171	11	1.562e-06	{A}
UPI0002ADC156	WHOLE	1	1	914	86	1.933e-11	{Q}
UPI0002ADC156	WHOLE	2	1	914	133	4.975e-08	{L}
UPI0002ADC324	WHOLE	1	1	773	65	2.033e-07	{N}
UPI0002ADC38F	WHOLE	1	1	461	41	7.901e-07	{F}
UPI0002ADC3C3	SINGLE	1	79	109	12	8.292e-06	{L}
UPI0002ADC3C3	WHOLE	1	1	236	50	1.331e-08	{L}
UPI0002ADC4ED	SINGLE	1	150	177	7	1.744e-06	{M}
UPI0002ADC4ED	SINGLE	2	18	44	10	4.313e-06	{G}
UPI0002ADC4ED	SINGLE	3	363	370	5	7.464e-06	{Q}
UPI0002ADC4ED	WHOLE	1	1	553	82	5.781e-06	{L}
UPI0002ADC4ED	WHOLE	2	1	553	51	9.171e-06	{I}
UPI0002ADC4EF	MULTIPLE	1	130	151	12	1.865e-06	{QA}
UPI0002ADC611	WHOLE	1	1	395	61	1.879e-07	{A}
UPI0002ADC673	SINGLE	1	255	259	5	6.591e-06	{L}
UPI0002ADC673	WHOLE	1	1	670	99	9.594e-07	{L}
UPI0002ADC789	SINGLE	1	373	392	6	5.188e-07	{C}
UPI0002B5DD9D	MULTIPLE	1	23	62	16	1.450e-07	{RQ}
UPI0002B9C1ED	SINGLE	1	238	243	5	1.270e-06	{P}
UPI0002BA1AA1	SINGLE	1	550	563	8	2.626e-06	{A}
UPI0002BA1AA1	MULTIPLE	1	498	536	18	1.402e-07	{QA}
UPI0002BA1AA1	WHOLE	1	1	990	127	1.859e-08	{A}
UPI0002BA1AA1	WHOLE	2	1	990	80	6.166e-08	{Q}
UPI0002BBD7A9	SINGLE	1	19	32	8	7.737e-08	{I}
UPI0002BBF389	MULTIPLE	1	25	57	13	9.182e-06	{YV}
UPI0002BBF389	WHOLE	1	1	716	63	4.514e-06	{I}
UPI0002BC5F84	SINGLE	1	151	173	13	2.138e-09	{A}
UPI0002C8D888	MULTIPLE	1	181	208	15	4.023e-08	{TI}
UPI0002C8D888	MULTIPLE	2	23	45	11	7.999e-06	{NV}
UPI0002C8DAAC	SINGLE	1	454	476	9	2.263e-07	{N}
UPI0002C8E727	MULTIPLE	1	3	25	12	1.994e-06	{GI}
UPI0002C8F999	WHOLE	1	1	506	50	1.850e-06	{I}
UPI0002C90892	SINGLE	1	264	288	14	6.645e-11	{G}
UPI0002C90892	SINGLE	2	219	243	10	1.501e-08	{F}
UPI0002C90892	SINGLE	3	178	194	8	9.276e-08	{F}
UPI0002C90892	SINGLE	4	165	173	6	9.427e-06	{S}
UPI0002C90892	MULTIPLE	1	254	288	26	8.632e-16	{GS}
UPI0002C90B39	SINGLE	1	17	29	5	5.312e-06	{H}
UPI0002C90DF4	SINGLE	1	133	145	8	1.221e-06	{A}
UPI0002C90DF4	SINGLE	2	11	29	10	1.684e-06	{L}
UPI0002C91AC5	SINGLE	1	273	281	4	7.618e-06	{C}
UPI0002C93CF6	SINGLE	1	189	205	7	8.304e-06	{I}
UPI0002C93D36	SINGLE	1	82	88	6	3.854e-06	{L}
UPI0002C93D36	MULTIPLE	1	398	428	12	8.662e-06	{IN}
UPI0002C93D36	WHOLE	1	1	568	54	2.370e-06	{I}
UPI0002C93E9C	SINGLE	1	227	247	10	5.299e-06	{L}
UPI0002C94887	SINGLE	1	93	101	7	3.139e-07	{S}
UPI0002C94887	SINGLE	2	197	219	9	4.420e-07	{P}
UPI0002C94887	SINGLE	3	307	328	8	3.704e-06	{P}
UPI0002C94887	WHOLE	1	1	897	77	8.191e-09	{N}
UPI0002C94DDB	SINGLE	1	32	38	4	2.185e-06	{C}
UPI0002C94DDB	SINGLE	2	100	116	5	5.347e-06	{C}
UPI0002C96394	SINGLE	1	1280	1303	9	8.312e-07	{R}
UPI0002C96394	MULTIPLE	1	1284	1303	13	3.389e-08	{RS}
UPI0002C96394	MULTIPLE	2	1082	1106	13	2.141e-06	{RA}
UPI0002C96394	WHOLE	1	1	1538	146	6.239e-15	{R}
UPI0002C96394	WHOLE	2	1	1538	166	7.494e-06	{A}
UPI0002C98B3F	MULTIPLE	1	74	105	15	1.185e-06	{QA}
UPI0002C98B3F	WHOLE	1	1	478	72	4.753e-08	{A}
UPI0002C9A3D5	SINGLE	1	395	414	9	7.656e-06	{A}
UPI0002C9A3D5	MULTIPLE	1	395	415	12	1.164e-07	{AM}
UPI0002C9A3D5	WHOLE	1	1	487	75	3.762e-06	{L}
UPI0002C9CD77	MULTIPLE	1	161	184	11	1.652e-06	{YI}
UPI0002C9F330	SINGLE	1	358	364	4	7.399e-06	{H}
UPI0002C9F330	WHOLE	1	1	1024	39	1.267e-07	{W}
UPI0002CA1FA8	SINGLE	1	289	352	16	8.911e-09	{Q}
UPI0002CA1FA8	WHOLE	1	1	498	75	7.969e-06	{L}
UPI0002CA2BAA	SINGLE	1	124	140	7	6.888e-06	{R}
UPI0002CA3112	MULTIPLE	1	109	124	10	4.336e-07	{MA}
UPI0002CA34D8	MULTIPLE	1	892	916	13	7.480e-06	{IL}
UPI0002CA4AC8	SINGLE	1	687	722	13	2.281e-07	{G}
UPI0002CA4AC8	MULTIPLE	1	165	185	16	1.411e-08	{WLA}
UPI0002CA5C71	SINGLE	1	205	216	6	7.194e-06	{P}
UPI0002CA5C71	MULTIPLE	1	930	963	17	4.797e-07	{LP}
UPI0002CA5C71	WHOLE	1	1	1293	160	4.407e-09	{A}
UPI0002CA6468	SINGLE	1	156	227	17	5.046e-08	{I}
UPI0002CA6468	WHOLE	1	1	516	51	1.496e-06	{I}
UPI0002CA672A	SINGLE	1	4	14	6	3.773e-06	{P}
UPI0002CA672A	MULTIPLE	1	289	313	10	2.564e-06	{PM}
UPI0002CA672A	WHOLE	1	1	331	38	4.259e-08	{Q}
UPI0002CA6BE3	SINGLE	1	50	79	14	9.663e-08	{L}
UPI0002CA6C32	MULTIPLE	1	161	186	13	6.608e-07	{QE}
UPI0002CA7EBF	SINGLE	1	255	278	8	9.294e-06	{R}
UPI0002CA8369	SINGLE	1	74	84	6	3.773e-06	{P}
UPI0002CA877D	MULTIPLE	1	216	241	13	2.705e-07	{HA}
UPI0002CA985C	SINGLE	1	104	145	10	7.948e-06	{N}
UPI0002CA985C	WHOLE	1	1	540	49	6.619e-07	{N}
UPI0002CA9A0F	SINGLE	1	146	179	14	9.015e-08	{A}
UPI0002CA9A0F	WHOLE	1	1	286	47	7.191e-07	{A}
UPI0002CAA7F9	MULTIPLE	1	172	193	12	1.817e-06	{SI}
UPI0002CAA832	SINGLE	1	140	167	10	6.265e-06	{G}
UPI0002CAA832	MULTIPLE	1	134	167	15	4.811e-08	{GM}
UPI0002CAAE5B	SINGLE	1	332	354	9	7.742e-06	{G}
UPI0002CAAE5B	WHOLE	1	1	402	25	2.736e-06	{M}
UPI0002CABDC7	SINGLE	1	398	419	9	3.489e-07	{R}
UPI0002CACA81	SINGLE	1	461	478	9	2.609e-06	{A}
UPI0002CACA81	WHOLE	1	1	515	68	9.067e-06	{A}
UPI0002CAD6E4	MULTIPLE	1	372	391	12	2.740e-06	{VA}
UPI0002CADD10	MULTIPLE	1	459	475	9	4.938e-06	{RQ}
UPI0002CB330F	MULTIPLE	1	149	177	13	2.263e-06	{FG}
UPI0002CB3348	WHOLE	1	1	551	23	9.515e-06	{W}
UPI0002CB3E8E	SINGLE	1	366	432	17	6.351e-14	{M}
UPI0002CB3E8E	MULTIPLE	1	366	434	41	3.111e-16	{MGS}
UPI0002CB3E8E	WHOLE	1	1	605	38	8.041e-09	{M}
UPI0002CB8397	WHOLE	1	1	946	81	2.658e-07	{R}
UPI0002CB8397	WHOLE	2	1	946	127	4.835e-06	{L}
UPI0002CB9BD5	SINGLE	1	504	509	5	6.460e-06	{V}
UPI0002CBC690	SINGLE	1	473	486	8	7.429e-07	{G}
UPI0002CBC690	WHOLE	1	1	681	88	1.464e-06	{A}
UPI0002CBD601	SINGLE	1	159	181	9	4.515e-06	{T}
UPI0002CBD601	SINGLE	2	104	120	7	8.304e-06	{I}
UPI0002CBE666	MULTIPLE	1	360	374	8	2.162e-06	{HR}
UPI0002CBE7E3	SINGLE	1	2	59	17	1.492e-09	{I}
UPI0002CBE7E3	SINGLE	2	194	243	13	5.556e-07	{I}
UPI0002CBE7E3	MULTIPLE	1	2	60	26	7.568e-13	{IF}
UPI0002CBE7E3	MULTIPLE	2	113	129	9	3.822e-06	{FI}
UPI0002CBE7E3	WHOLE	1	1	443	72	6.936e-19	{I}
UPI0002CBEA10	MULTIPLE	1	372	402	15	1.113e-07	{FG}
UPI0002CBEAE5	SINGLE	1	599	642	8	4.089e-06	{H}
UPI0002CBEAE5	SINGLE	2	576	603	10	5.270e-06	{E}
UPI0002CBEAE5	MULTIPLE	1	576	632	20	2.479e-08	{HE}
UPI0002CBEAE5	MULTIPLE	2	8	38	14	7.020e-06	{AR}
UPI0002CBEAE5	MULTIPLE	3	551	566	9	1.086e-06	{CG}
UPI0002CBEAE5	WHOLE	1	1	823	86	5.555e-06	{E}
UPI0002CBEB1D	SINGLE	1	71	101	10	1.301e-06	{I}
UPI0002CBEB1D	SINGLE	2	39	54	8	9.559e-06	{A}
UPI0002CBEB1D	MULTIPLE	1	71	109	15	8.322e-09	{IC}
UPI0002CBF423	MULTIPLE	1	29	48	14	1.358e-07	{SL}
UPI0002CBFC02	SINGLE	1	26	32	5	2.860e-06	{N}
UPI0002CBFC02	WHOLE	1	1	477	41	1.776e-06	{F}
UPI0002CC1072	SINGLE	1	645	706	19	3.104e-09	{T}
UPI0002CC1072	SINGLE	2	242	269	12	4.443e-07	{A}
UPI0002CC1072	SINGLE	3	594	628	12	6.176e-07	{T}
UPI0002CC1072	SINGLE	4	596	629	10	1.008e-06	{N}
UPI0002CC1072	SINGLE	5	504	537	10	1.008e-06	{N}
UPI0002CC1072	SINGLE	6	43	80	12	3.282e-06	{G}
UPI0002CC1072	SINGLE	7	511	539	10	4.982e-06	{T}
UPI0002CC1072	SINGLE	8	1486	1491	5	7.177e-06	{G}
UPI0002CC1072	MULTIPLE	1	650	707	27	3.217e-12	{TN}
UPI0002CC1072	MULTIPLE	2	594	629	22	2.396e-13	{TN}
UPI0002CC1072	MULTIPLE	3	510	539	19	4.144e-12	{NT}
UPI0002CC1072	MULTIPLE	4	169	235	29	2.258e-08	{AS}
UPI0002CC1072	WHOLE	1	1	1616	236	2.335e-20	{A}
UPI0002CC1072	WHOLE	2	1	1616	152	6.327e-19	{N}
UPI0002CC1072	WHOLE	3	1	1616	184	6.130e-13	{G}
UPI0002CC1072	WHOLE	4	1	1616	159	4.686e-09	{T}
UPI0002CC1072	WHOLE	5	1	1616	171	1.746e-07	{S}
UPI0002CC1DFE	SINGLE	1	146	162	5	5.347e-06	{C}
UPI0002CC1DFE	WHOLE	1	1	205	17	4.027e-08	{C}
UPI0002CC2102	SINGLE	1	164	181	10	1.998e-07	{A}
UPI0002CC2102	WHOLE	1	1	488	68	1.640e-06	{A}
UPI0002CC34BF	SINGLE	1	35	59	6	2.187e-06	{C}
UPI0002CC34BF	MULTIPLE	1	35	59	10	1.378e-06	{CR}
UPI0002CC3830	SINGLE	1	211	231	8	6.618e-07	{F}
UPI0002CC3830	SINGLE	2	15	28	5	1.284e-06	{W}
UPI0002CC3830	WHOLE	1	1	425	44	4.782e-09	{F}
UPI0002CC4D54	MULTIPLE	1	4	21	10	6.081e-07	{FI}
UPI0002CC6150	SINGLE	1	74	106	9	7.133e-06	{Q}
UPI0002CC6150	WHOLE	1	1	138	20	1.755e-06	{Q}
UPI0002CC63FF	SINGLE	1	239	247	6	5.807e-06	{G}
UPI0002CC63FF	SINGLE	2	220	227	5	7.464e-06	{Q}
UPI0002CC68E3	MULTIPLE	1	163	172	8	9.941e-07	{HL}
UPI0002CC6AA5	SINGLE	1	97	125	9	4.981e-06	{R}
UPI0002CC7639	SINGLE	1	140	158	8	1.512e-06	{I}
UPI0002CC7639	MULTIPLE	1	140	158	12	1.523e-08	{IP}
UPI0002CC7639	WHOLE	1	1	425	45	9.679e-07	{I}
UPI0002CC857D	MULTIPLE	1	286	333	18	5.110e-06	{AQ}
UPI0002CC8B34	SINGLE	1	436	457	9	4.247e-06	{V}
UPI0002CCAD7C	WHOLE	1	1	472	28	1.814e-06	{M}
UPI0002CCBBC5	SINGLE	1	920	952	17	1.297e-14	{P}
UPI0002CCBBC5	MULTIPLE	1	920	948	23	4.194e-18	{PD}
UPI0002CCBBC5	MULTIPLE	2	756	798	18	9.277e-08	{NT}
UPI0002CCBBC5	WHOLE	1	1	1250	155	5.391e-14	{G}
UPI0002CCBBC5	WHOLE	2	1	1250	118	1.214e-08	{D}
UPI0002CCBBC5	WHOLE	3	1	1250	88	3.184e-06	{N}
UPI00030F7386	SINGLE	1	312	330	10	1.684e-06	{L}
UPI00030F7386	SINGLE	2	115	124	6	9.234e-06	{T}
UPI00030F7386	WHOLE	1	1	495	66	8.926e-06	{A}
UPI00038F6DB8	SINGLE	1	13	54	15	2.829e-07	{A}
UPI00038F6DB8	SINGLE	2	52	64	6	8.081e-06	{N}
UPI00038F6DB8	MULTIPLE	1	18	64	23	6.347e-10	{AN}
UPI00038FBDD7	SINGLE	1	216	240	8	2.999e-06	{F}
UPI00038FE71F	SINGLE	1	234	275	13	7.697e-07	{K}
UPI0003902E3C	SINGLE	1	14	59	11	9.508e-06	{I}
UPI0003902E3C	MULTIPLE	1	14	52	17	8.186e-09	{IF}
UPI0003902E3C	MULTIPLE	2	224	264	17	2.021e-08	{FI}
UPI0003902E3C	MULTIPLE	3	303	363	21	2.256e-08	{FI}
UPI0003902E3C	WHOLE	1	1	395	56	1.365e-12	{I}
UPI0003902E3C	WHOLE	2	1	395	45	1.669e-10	{F}
UPI0003916565	SINGLE	1	44	52	8	4.194e-08	{L}
UPI00039E2824	SINGLE	1	9	42	10	3.306e-06	{I}
UPI0003A697C9	WHOLE	1	1	270	36	5.049e-08	{I}
UPI0003A9C0F4	SINGLE	1	175	197	9	6.525e-06	{V}
UPI0003A9C0F4	MULTIPLE	1	2	21	12	3.753e-06	{LD}
UPI0003B95A92	SINGLE	1	291	303	9	5.772e-08	{A}
UPI0003B95A92	MULTIPLE	1	165	183	8	8.959e-06	{RW}
UPI0003B95A92	WHOLE	1	1	304	47	3.746e-06	{A}
UPI0003BACBDF	SINGLE	1	100	111	5	3.342e-06	{H}
UPI0003BB0BC6	SINGLE	1	407	430	8	9.294e-06	{R}
UPI0003BB0BC6	WHOLE	1	1	788	76	5.922e-09	{R}
UPI0003BB0FD1	SINGLE	1	50	106	15	6.517e-08	{I}
UPI0003BB0FD1	WHOLE	1	1	108	20	2.470e-07	{I}
UPI0003BB1E00	SINGLE	1	600	627	12	4.443e-07	{A}
UPI0003BB1E00	SINGLE	2	451	487	8	1.039e-06	{H}
UPI0003BB1E00	MULTIPLE	1	451	487	15	9.454e-07	{HA}
UPI0003BB1E00	MULTIPLE	2	648	678	12	9.549e-06	{WA}
UPI0003BB1E00	WHOLE	1	1	750	93	4.007e-06	{A}
UPI0003BB2250	SINGLE	1	145	181	10	2.442e-06	{Q}
UPI0003BB2250	SINGLE	2	751	762	6	8.314e-06	{R}
UPI0003BB2250	MULTIPLE	1	553	585	18	5.322e-08	{LI}
UPI0003BB2250	MULTIPLE	2	768	779	8	7.469e-06	{EP}
UPI0003BB2250	WHOLE	1	1	1120	160	9.671e-09	{L}
UPI0003BB2250	WHOLE	2	1	1120	83	1.064e-06	{Q}
UPI0003EE907B	WHOLE	1	1	193	26	2.516e-06	{I}
UPI000402EF86	MULTIPLE	1	90	125	15	1.113e-06	{ID}
UPI000402EF86	WHOLE	1	1	1038	70	5.092e-06	{F}
UPI00046170CC	MULTIPLE	1	56	78	11	8.508e-06	{TP}
UPI000461D197	SINGLE	1	100	154	15	1.609e-06	{G}
UPI000461D197	MULTIPLE	1	88	154	25	1.218e-08	{GN}
UPI000461D197	WHOLE	1	1	948	144	1.953e-20	{G}
UPI000461D197	WHOLE	2	1	948	96	1.001e-06	{T}
UPI00049EB194	SINGLE	1	95	121	6	3.540e-06	{C}
UPI00049ED6D8	WHOLE	1	1	301	31	5.343e-06	{N}
UPI00049F6A9D	SINGLE	1	18	47	10	7.012e-06	{T}
UPI00049F9E1E	WHOLE	1	1	185	35	6.702e-07	{A}
UPI00049FA069	SINGLE	1	270	274	4	1.105e-06	{M}
UPI00049FA069	SINGLE	2	477	496	9	7.656e-06	{A}
UPI00049FECF6	SINGLE	1	2024	2034	7	1.569e-07	{R}
UPI00049FECF6	SINGLE	2	1643	1699	13	1.500e-06	{P}
UPI00049FECF6	SINGLE	3	1615	1636	10	8.823e-06	{L}
UPI00049FECF6	WHOLE	1	1	2035	273	1.160e-10	{L}
UPI00049FECF6	WHOLE	2	1	2035	143	9.110e-09	{Q}
UPI00049FECF6	WHOLE	3	1	2035	147	3.428e-07	{R}
UPI00049FECF6	WHOLE	4	1	2035	141	1.278e-06	{P}
UPI00049FF6F8	MULTIPLE	1	165	208	13	1.173e-06	{MF}
UPI0004A0456F	SINGLE	1	45	51	6	1.498e-06	{A}
UPI0004A0456F	SINGLE	2	431	442	7	9.586e-06	{A}
UPI0004A0456F	MULTIPLE	1	1163	1194	12	3.411e-06	{WG}
UPI0004A0456F	WHOLE	1	1	1264	145	1.297e-06	{A}
UPI0004A0456F	WHOLE	2	1	1264	162	4.511e-06	{L}
UPI0004A07794	SINGLE	1	238	247	7	3.488e-07	{T}
UPI0004A07794	WHOLE	1	1	487	65	4.556e-08	{G}
UPI0004A0947E	SINGLE	1	261	278	8	7.040e-06	{V}
UPI0004A0BC1E	WHOLE	1	1	492	78	8.730e-07	{L}
UPI0004A11C6C	SINGLE	1	132	142	6	5.152e-06	{I}
UPI0004A11C6C	SINGLE	2	146	174	10	7.520e-06	{E}
UPI0004A12DC5	SINGLE	1	235	271	15	3.207e-07	{L}
UPI0004A12DC5	SINGLE	2	172	200	7	2.248e-06	{M}
UPI0004A12DC5	SINGLE	3	156	177	9	5.048e-06	{G}
UPI0004A12DC5	MULTIPLE	1	235	290	28	2.364e-09	{LG}
UPI0004A12DC5	MULTIPLE	2	156	195	16	9.050e-08	{MG}
UPI0004A12DC5	MULTIPLE	3	311	359	18	2.798e-06	{ML}
UPI0004A12DC5	WHOLE	1	1	426	71	4.182e-07	{L}
UPI0004A12DC5	WHOLE	2	1	426	60	4.279e-06	{A}
UPI0004D560FD	SINGLE	1	24	29	4	3.242e-06	{H}
UPI00050A9FB1	WHOLE	1	1	447	44	7.502e-06	{I}
UPI00050B51B7	SINGLE	1	163	170	5	7.298e-06	{N}
UPI00057BE0AF	MULTIPLE	1	65	86	10	3.323e-07	{RC}
UPI0005A768CA	MULTIPLE	1	469	518	18	1.956e-07	{IN}
UPI0005A768CA	MULTIPLE	2	399	417	10	1.170e-06	{IF}
UPI0005A768CA	WHOLE	1	1	605	67	5.974e-10	{I}
UPI0005A768CA	WHOLE	2	1	605	51	3.075e-06	{N}
UPI0005AA6C57	SINGLE	1	72	112	12	6.301e-06	{V}
UPI000627DEB6	SINGLE	1	114	159	11	2.722e-06	{N}
UPI000627DEB6	MULTIPLE	1	824	839	11	2.250e-08	{DN}
UPI000627DEB6	MULTIPLE	2	394	418	13	2.619e-07	{NT}
UPI000627DEB6	MULTIPLE	3	623	658	15	1.881e-06	{GN}
UPI000627DEB6	WHOLE	1	1	888	107	2.798e-21	{N}
UPI000627DEB6	WHOLE	2	1	888	91	1.259e-08	{D}
UPI0006505284	MULTIPLE	1	75	101	13	8.091e-07	{NT}
UPI0006B3F97E	SINGLE	1	190	223	10	4.205e-07	{F}
UPI0006B3F97E	WHOLE	1	1	257	30	8.761e-08	{F}
UPI0006B49691	WHOLE	1	1	434	62	1.975e-06	{A}
UPI0006B4A4C8	SINGLE	1	2216	2228	7	3.755e-07	{Q}
UPI0006B4A4C8	SINGLE	2	1615	1665	16	8.392e-07	{A}
UPI0006B4A4C8	SINGLE	3	1096	1101	5	7.177e-06	{G}
UPI0006B4A4C8	MULTIPLE	1	2109	2139	13	7.688e-06	{PT}
UPI0006B4A4C8	WHOLE	1	1	3163	411	8.409e-24	{A}
UPI0006B4A4C8	WHOLE	2	1	3163	200	4.669e-08	{Q}
UPI0006B4A4C8	WHOLE	3	1	3163	211	4.816e-07	{R}
UPI0006B4A4C8	WHOLE	4	1	3163	367	8.515e-07	{L}
UPI0006B5516D	MULTIPLE	1	11	43	13	3.520e-06	{MS}
UPI0006B569D9	SINGLE	1	70	108	12	4.426e-06	{G}
UPI0006B569D9	SINGLE	2	286	307	9	5.048e-06	{G}
UPI0006B5C131	SINGLE	1	21	25	5	2.962e-06	{A}
UPI0006B61AEC	SINGLE	1	179	226	13	7.708e-08	{Q}
UPI0006B648E5	SINGLE	1	18	22	4	9.720e-06	{Y}
UPI0006B671F4	WHOLE	1	1	464	44	7.317e-07	{N}
UPI0006B671F4	WHOLE	2	1	464	45	8.542e-06	{I}
UPI0006B69EF1	SINGLE	1	217	225	6	9.427e-06	{S}
UPI00071D0575	SINGLE	1	28	35	5	3.800e-06	{Y}
UPI00073AE6EC	MULTIPLE	1	401	419	11	2.321e-06	{QA}
UPI00073B1292	SINGLE	1	51	66	7	2.192e-06	{Q}
UPI00073B2EB8	WHOLE	1	1	360	38	3.389e-06	{R}
UPI00073B35DB	WHOLE	1	1	790	61	5.879e-06	{N}
UPI00073B365E	SINGLE	1	712	752	12	6.301e-06	{V}
UPI00073B6F90	MULTIPLE	1	37	79	14	8.495e-08	{CN}
UPI00073B6F90	WHOLE	1	1	164	16	1.041e-08	{C}
UPI00073B817B	WHOLE	1	1	333	34	2.433e-06	{N}
UPI00073B8934	SINGLE	1	27	32	4	3.242e-06	{H}
UPI00073BA80D	SINGLE	1	172	212	14	1.753e-07	{G}
UPI00073BA80D	WHOLE	1	1	367	48	3.491e-06	{G}
UPI00073BB32C	MULTIPLE	1	78	90	9	8.729e-06	{IL}
UPI00073BB32C	WHOLE	1	1	325	60	9.746e-08	{L}
UPI00073BB69C	SINGLE	1	9	30	11	1.486e-10	{F}
UPI00073BB69C	SINGLE	2	239	251	6	4.638e-06	{F}
UPI00073BB69C	SINGLE	3	87	95	5	9.817e-06	{F}
UPI00073BB69C	WHOLE	1	1	417	56	1.270e-15	{F}
UPI00073BD2C2	SINGLE	1	62	105	9	3.645e-07	{H}
UPI00073BEFE0	MULTIPLE	1	305	349	12	4.999e-08	{MW}
UPI00073C403D	WHOLE	1	1	425	48	7.082e-08	{I}
UPI00073C4A8A	WHOLE	1	1	334	53	4.670e-07	{A}
UPI00073CB89F	WHOLE	1	1	394	67	4.140e-07	{L}
UPI00073CB89F	WHOLE	2	1	394	26	6.133e-07	{M}
UPI00073CBA9D	SINGLE	1	103	143	12	3.758e-07	{I}
UPI00073CC7D5	MULTIPLE	1	282	306	11	3.143e-06	{IF}
UPI000850432D	SINGLE	1	28	35	5	3.800e-06	{Y}
UPI0008FB0633	SINGLE	1	63	69	5	4.800e-06	{R}
UPI0008FB0633	SINGLE	2	8	14	5	4.800e-06	{R}
UPI0008FB0633	WHOLE	1	1	82	19	7.552e-09	{R}
UPI0008FC093E	SINGLE	1	211	255	10	1.017e-09	{W}
UPI0008FC093E	SINGLE	2	124	145	10	8.823e-06	{L}
UPI0008FC093E	MULTIPLE	1	81	115	16	1.378e-07	{LW}
UPI0008FC093E	WHOLE	1	1	572	109	1.806e-13	{L}
UPI0008FC093E	WHOLE	2	1	572	25	1.874e-06	{W}
UPI0008FC0A90	SINGLE	1	161	177	9	1.416e-06	{A}
UPI0008FC0A90	WHOLE	1	1	430	77	7.638e-09	{L}
UPI000A3A49A9	SINGLE	1	59	89	13	1.228e-06	{L}
UPI000A3A49A9	WHOLE	1	1	220	51	4.056e-10	{L}
UPI000A3C27FB	SINGLE	1	122	131	6	9.234e-06	{T}
UPI000A3C27FB	MULTIPLE	1	261	276	10	2.030e-07	{NI}
UPI000B1AA809	MULTIPLE	1	76	104	12	2.450e-06	{IF}
UPI000B1AA809	WHOLE	1	1	406	62	3.166e-15	{I}
UPI000BDE8F36	SINGLE	1	28	57	11	7.966e-06	{A}
UPI000C2229E9	SINGLE	1	324	377	14	4.499e-08	{Q}
UPI000C2229E9	WHOLE	1	1	553	50	6.479e-07	{Q}
UPI000C29037F	SINGLE	1	54	91	11	3.507e-10	{M}
UPI000C29037F	SINGLE	2	10	21	7	9.586e-06	{A}
UPI000C29037F	MULTIPLE	1	10	26	11	6.715e-08	{AM}
UPI000C29037F	WHOLE	1	1	144	18	2.811e-09	{M}
UPI000CDBC42F	SINGLE	1	395	406	9	4.433e-09	{G}
UPI000CDBC42F	SINGLE	2	443	448	5	1.440e-06	{R}
UPI000CDBC42F	MULTIPLE	1	388	413	24	1.252e-17	{GQR}
UPI000CDBC42F	WHOLE	1	1	454	44	5.546e-06	{R}
UPI000CDBF821	MULTIPLE	1	445	463	14	1.472e-07	{VML}
UPI000CDBF821	WHOLE	1	1	511	82	2.988e-07	{L}
UPI000CDC0D1E	SINGLE	1	330	372	18	1.215e-08	{L}
UPI000CDC0D1E	SINGLE	2	240	259	11	2.816e-07	{L}
UPI000CDC0D1E	SINGLE	3	369	399	6	5.536e-06	{W}
UPI000CDC0D1E	MULTIPLE	1	330	395	31	9.694e-14	{LW}
UPI000CDC0D1E	WHOLE	1	1	511	113	1.271e-18	{L}
UPI000CDC0D1E	WHOLE	2	1	511	28	5.322e-09	{W}
UPI000CDC7E0F	SINGLE	1	224	269	11	7.292e-06	{R}
UPI000CDC7E0F	MULTIPLE	1	224	269	14	4.468e-07	{RW}
UPI000CDCAAA5	SINGLE	1	654	683	11	1.614e-06	{G}
UPI000CDCAAA5	MULTIPLE	1	24	40	10	4.067e-06	{AF}
UPI000CDCAAA5	WHOLE	1	1	878	68	1.786e-06	{N}
UPI000CDCBCAF	WHOLE	1	1	1047	83	9.000e-06	{I}
UPI000CDCCC5F	SINGLE	1	495	500	6	2.322e-07	{A}
UPI000CDCCC5F	WHOLE	1	1	551	78	1.825e-07	{A}
UPI000E143DAD	MULTIPLE	1	148	171	10	4.621e-07	{HY}
UPI000E466563	SINGLE	1	11	23	7	8.968e-07	{I}
UPI000F04D3B5	SINGLE	1	244	264	8	3.680e-06	{I}
UPI000F04D3B5	SINGLE	2	162	172	6	4.366e-06	{R}
UPI000F04D3B5	SINGLE	3	498	529	6	6.712e-06	{W}
UPI000F04D3B5	MULTIPLE	1	482	529	17	6.953e-08	{WV}
UPI000F070FD0	SINGLE	1	18	28	6	4.366e-06	{R}
UPI0010779A14	MULTIPLE	1	95	123	12	9.473e-06	{FK}
UPI00127B76AB	WHOLE	1	1	282	32	4.317e-06	{R}
UPI0012B7C278	SINGLE	1	134	141	5	4.541e-06	{F}
UPI0012B7C278	WHOLE	1	1	376	51	8.646e-08	{K}
UPI001556EEB5	SINGLE	1	206	251	28	8.247e-22	{G}
UPI001556EEB5	SINGLE	2	240	255	8	5.165e-06	{S}
UPI001556EEB5	MULTIPLE	1	206	257	43	1.128e-28	{GS}
UPI001556EEB5	MULTIPLE	2	126	146	12	3.818e-07	{PE}
UPI001556EEB5	WHOLE	1	1	426	60	2.170e-08	{G}
UPI0016592578	WHOLE	1	1	780	77	1.769e-09	{R}
UPI0016A6A4D7	MULTIPLE	1	134	162	12	3.867e-06	{NI}
UPI0016A8EF9D	WHOLE	1	1	530	55	5.741e-08	{R}
UPI001760208E	SINGLE	1	176	187	6	8.314e-06	{R}
UPI001763E502	MULTIPLE	1	68	82	9	4.432e-07	{NY}
UPI001764A9DD	SINGLE	1	229	243	9	3.432e-07	{A}
UPI001764A9DD	WHOLE	1	1	271	47	1.537e-07	{A}
UPI001773540B	SINGLE	1	66	74	5	9.817e-06	{F}
UPI001773540B	MULTIPLE	1	58	75	10	6.081e-07	{FI}
UPI001773540B	WHOLE	1	1	283	40	1.909e-09	{I}
UPI0018162DC9	SINGLE	1	33	57	10	8.426e-06	{A}
UPI0019D812F1	SINGLE	1	229	263	11	3.912e-07	{R}
UPI0019D812F1	SINGLE	2	148	169	8	4.458e-06	{R}
UPI0019D812F1	WHOLE	1	1	552	64	7.331e-11	{R}
UPI0019E3AB59	MULTIPLE	1	83	114	20	2.381e-09	{VL}
UPI0019F4495B	SINGLE	1	16	58	9	2.963e-07	{H}
UPI0019F4495B	MULTIPLE	1	12	75	18	1.519e-11	{HC}
UPI0019F4495B	WHOLE	1	1	659	28	3.028e-06	{C}
UPI001A01762A	SINGLE	1	12	22	7	4.334e-06	{A}
UPI001A01762A	MULTIPLE	1	161	201	18	7.089e-08	{NG}
UPI0022743031	SINGLE	1	180	199	7	6.448e-06	{F}
UPI0022743031	MULTIPLE	1	200	227	21	4.420e-11	{EKI}
UPI0022743031	WHOLE	1	1	230	32	9.975e-06	{K}
UPI0022952E9E	SINGLE	1	569	606	13	1.187e-06	{S}
UPI0022952E9E	SINGLE	2	850	872	8	3.119e-06	{Q}
UPI0022952E9E	WHOLE	1	1	927	72	1.008e-06	{Q}
UPI0028D9CEA1	SINGLE	1	440	451	7	5.518e-06	{S}
UPI0028D9CEA1	SINGLE	2	167	199	9	6.876e-06	{N}
UPI0028D9CEA1	SINGLE	3	504	524	7	7.349e-06	{Y}
UPI0028D9CEA1	MULTIPLE	1	156	199	20	1.582e-08	{NS}
UPI0028D9CEA1	WHOLE	1	1	841	90	2.951e-06	{G}
UPI0028DA2757	SINGLE	1	55	88	6	9.668e-06	{W}
UPI0028DA2757	MULTIPLE	1	695	711	11	1.260e-09	{PM}
UPI0028DA2757	WHOLE	1	1	796	67	1.823e-06	{P}
UPI0028DA7B25	SINGLE	1	101	107	6	5.551e-07	{G}
UPI0028DAF2B2	SINGLE	1	437	472	7	8.806e-07	{W}
UPI0028DAF2B2	MULTIPLE	1	414	475	23	3.368e-08	{WL}
UPI0028DAF2B2	WHOLE	1	1	754	41	2.616e-12	{W}
UPI0028DAF2B2	WHOLE	2	1	754	111	2.976e-07	{L}
UPI00295CA0EB	MULTIPLE	1	820	833	11	3.115e-07	{EL}
UPI00295DAD51	SINGLE	1	453	463	6	4.366e-06	{R}
UPI00295DAD51	SINGLE	2	870	885	7	5.137e-06	{I}
UPI00295DAD51	WHOLE	1	1	1148	92	7.322e-07	{R}
UPI00295DB65E	SINGLE	1	3	42	11	1.696e-06	{R}
UPI00295DB65E	MULTIPLE	1	3	42	15	4.169e-07	{RY}
